,N,dim,std,jump,jump_prob,ve,L2,L2_true
0,100,1,0.1,0.3,0.5,1.0,0.74631,0.00166
1,100,1,0.1,0.3,0.5,1.0,0.74621,0.00174
2,100,1,0.1,0.3,0.5,1.0,0.74611,0.00186
3,100,1,0.1,0.3,0.5,1.0,0.74613,0.0018
4,100,1,0.1,0.3,0.5,1.0,0.74609,0.00186
5,100,1,0.1,0.3,0.5,1.0,0.74621,0.00177
6,100,1,0.1,0.3,0.5,1.0,0.74629,0.00165
7,100,1,0.1,0.3,0.5,1.0,0.74638,0.00154
8,100,1,0.1,0.3,0.5,1.0,0.74649,0.00144
9,100,1,0.1,0.3,0.5,1.0,0.74585,0.00211
10,100,1,0.1,0.3,0.5,1.0,0.74599,0.00205
11,100,1,0.1,0.3,0.5,1.0,0.74625,0.00176
12,100,1,0.1,0.3,0.5,1.0,0.746,0.00196
13,100,1,0.1,0.3,0.5,1.0,0.74613,0.00182
14,100,1,0.1,0.3,0.5,1.0,0.74618,0.00184
15,100,1,0.1,0.3,0.5,1.0,0.74601,0.00197
16,100,1,0.1,0.3,0.5,1.0,0.74623,0.00194
17,100,1,0.1,0.3,0.5,1.0,0.74626,0.00165
18,100,1,0.1,0.3,0.5,1.0,0.74601,0.00196
19,100,1,0.1,0.3,0.5,1.0,0.74609,0.00183
20,100,1,0.1,0.3,0.5,1.0,0.74623,0.00175
21,100,1,0.1,0.3,0.5,1.0,0.74615,0.00179
22,100,1,0.1,0.3,0.5,1.0,0.74641,0.00151
23,100,1,0.1,0.3,0.5,1.0,0.7462,0.00178
24,100,1,0.1,0.3,0.5,1.0,0.74615,0.00184
25,100,1,0.1,0.3,0.5,1.0,0.74632,0.0016
26,100,1,0.1,0.3,0.5,1.0,0.74618,0.00179
27,100,1,0.1,0.3,0.5,1.0,0.74618,0.00183
28,100,1,0.1,0.3,0.5,1.0,0.74615,0.00189
29,100,1,0.1,0.3,0.5,1.0,0.7463,0.00166
30,100,1,0.1,0.3,0.5,1.0,0.74602,0.00203
31,100,1,0.1,0.3,0.5,1.0,0.74613,0.00183
32,100,1,0.1,0.3,0.5,1.0,0.74612,0.00197
33,100,1,0.1,0.3,0.5,1.0,0.7463,0.00169
34,100,1,0.1,0.3,0.5,1.0,0.74629,0.00181
35,100,1,0.1,0.3,0.5,1.0,0.74631,0.00164
36,100,1,0.1,0.3,0.5,1.0,0.74617,0.00186
37,100,1,0.1,0.3,0.5,1.0,0.74619,0.00178
38,100,1,0.1,0.3,0.5,1.0,0.74623,0.00171
39,100,1,0.1,0.3,0.5,1.0,0.7463,0.00167
40,100,1,0.1,0.3,0.5,1.0,0.74607,0.00198
41,100,1,0.1,0.3,0.5,1.0,0.74624,0.00171
42,100,1,0.1,0.3,0.5,1.0,0.74615,0.00187
43,100,1,0.1,0.3,0.5,1.0,0.74604,0.00192
44,100,1,0.1,0.3,0.5,1.0,0.74623,0.00173
45,100,1,0.1,0.3,0.5,1.0,0.74614,0.00184
46,100,1,0.1,0.3,0.5,1.0,0.7464,0.00158
47,100,1,0.1,0.3,0.5,1.0,0.74642,0.00155
48,100,1,0.1,0.3,0.5,1.0,0.7465,0.00144
49,100,1,0.1,0.3,0.5,1.0,0.74632,0.00169
50,100,1,0.1,0.3,0.5,1.0,0.74617,0.00177
51,100,1,0.1,0.3,0.5,1.0,0.74653,0.00137
52,100,1,0.1,0.3,0.5,1.0,0.74619,0.00176
53,100,1,0.1,0.3,0.5,1.0,0.74605,0.00196
54,100,1,0.1,0.3,0.5,1.0,0.74624,0.00171
55,100,1,0.1,0.3,0.5,1.0,0.74626,0.00165
56,100,1,0.1,0.3,0.5,1.0,0.74615,0.00182
57,100,1,0.1,0.3,0.5,1.0,0.7462,0.00178
58,100,1,0.1,0.3,0.5,1.0,0.74603,0.00191
59,100,1,0.1,0.3,0.5,1.0,0.74636,0.00157
60,100,1,0.1,0.3,0.5,1.0,0.74591,0.00209
61,100,1,0.1,0.3,0.5,1.0,0.74629,0.00164
62,100,1,0.1,0.3,0.5,1.0,0.74644,0.00154
63,100,1,0.1,0.3,0.5,1.0,0.74646,0.00144
64,100,1,0.1,0.3,0.5,1.0,0.74616,0.00185
65,100,1,0.1,0.3,0.5,1.0,0.74624,0.00171
66,100,1,0.1,0.3,0.5,1.0,0.74595,0.00203
67,100,1,0.1,0.3,0.5,1.0,0.74616,0.00175
68,100,1,0.1,0.3,0.5,1.0,0.74614,0.00179
69,100,1,0.1,0.3,0.5,1.0,0.74631,0.00162
70,100,1,0.1,0.3,0.5,1.0,0.74645,0.00147
71,100,1,0.1,0.3,0.5,1.0,0.74597,0.00201
72,100,1,0.1,0.3,0.5,1.0,0.74598,0.00199
73,100,1,0.1,0.3,0.5,1.0,0.74602,0.0019
74,100,1,0.1,0.3,0.5,1.0,0.74627,0.00165
75,100,1,0.1,0.3,0.5,1.0,0.7462,0.0018
76,100,1,0.1,0.3,0.5,1.0,0.74619,0.00198
77,100,1,0.1,0.3,0.5,1.0,0.74624,0.00171
78,100,1,0.1,0.3,0.5,1.0,0.74637,0.00172
79,100,1,0.1,0.3,0.5,1.0,0.7463,0.00167
80,100,1,0.1,0.3,0.5,1.0,0.74629,0.00163
81,100,1,0.1,0.3,0.5,1.0,0.74602,0.00195
82,100,1,0.1,0.3,0.5,1.0,0.74618,0.002
83,100,1,0.1,0.3,0.5,1.0,0.74622,0.00177
84,100,1,0.1,0.3,0.5,1.0,0.74607,0.00193
85,100,1,0.1,0.3,0.5,1.0,0.7462,0.00173
86,100,1,0.1,0.3,0.5,1.0,0.74636,0.00154
87,100,1,0.1,0.3,0.5,1.0,0.74612,0.00186
88,100,1,0.1,0.3,0.5,1.0,0.74617,0.00175
89,100,1,0.1,0.3,0.5,1.0,0.74626,0.00173
90,100,1,0.1,0.3,0.5,1.0,0.74648,0.00144
91,100,1,0.1,0.3,0.5,1.0,0.74621,0.00175
92,100,1,0.1,0.3,0.5,1.0,0.7463,0.00162
93,100,1,0.1,0.3,0.5,1.0,0.74603,0.00199
94,100,1,0.1,0.3,0.5,1.0,0.74601,0.00194
95,100,1,0.1,0.3,0.5,1.0,0.74616,0.00178
96,100,1,0.1,0.3,0.5,1.0,0.74626,0.00166
97,100,1,0.1,0.3,0.5,1.0,0.74617,0.00177
98,100,1,0.1,0.3,0.5,1.0,0.74634,0.00162
99,100,1,0.1,0.3,0.5,1.0,0.74626,0.00168
0,100,1,0.1,0.3,0.5,0.82864,0.74567,0.0024
1,100,1,0.1,0.3,0.5,0.82864,0.74553,0.00252
2,100,1,0.1,0.3,0.5,0.82864,0.74538,0.0027
3,100,1,0.1,0.3,0.5,0.82864,0.7454,0.0026
4,100,1,0.1,0.3,0.5,0.82864,0.74535,0.0027
5,100,1,0.1,0.3,0.5,0.82864,0.74552,0.00257
6,100,1,0.1,0.3,0.5,0.82864,0.74564,0.00239
7,100,1,0.1,0.3,0.5,0.82864,0.74577,0.00222
8,100,1,0.1,0.3,0.5,0.82864,0.74593,0.00208
9,100,1,0.1,0.3,0.5,0.82864,0.745,0.00305
10,100,1,0.1,0.3,0.5,0.82864,0.7452,0.00297
11,100,1,0.1,0.3,0.5,0.82864,0.74558,0.00254
12,100,1,0.1,0.3,0.5,0.82864,0.74521,0.00283
13,100,1,0.1,0.3,0.5,0.82864,0.74541,0.00264
14,100,1,0.1,0.3,0.5,0.82864,0.74547,0.00266
15,100,1,0.1,0.3,0.5,0.82864,0.74523,0.00285
16,100,1,0.1,0.3,0.5,0.82864,0.74555,0.00282
17,100,1,0.1,0.3,0.5,0.82864,0.7456,0.00239
18,100,1,0.1,0.3,0.5,0.82864,0.74523,0.00284
19,100,1,0.1,0.3,0.5,0.82864,0.74535,0.00264
20,100,1,0.1,0.3,0.5,0.82864,0.74555,0.00253
21,100,1,0.1,0.3,0.5,0.82864,0.74543,0.00259
22,100,1,0.1,0.3,0.5,0.82864,0.74582,0.00218
23,100,1,0.1,0.3,0.5,0.82864,0.74551,0.00258
24,100,1,0.1,0.3,0.5,0.82864,0.74543,0.00266
25,100,1,0.1,0.3,0.5,0.82864,0.74568,0.00232
26,100,1,0.1,0.3,0.5,0.82864,0.74548,0.00259
27,100,1,0.1,0.3,0.5,0.82864,0.74548,0.00264
28,100,1,0.1,0.3,0.5,0.82864,0.74543,0.00273
29,100,1,0.1,0.3,0.5,0.82864,0.74565,0.00241
30,100,1,0.1,0.3,0.5,0.82864,0.74525,0.00294
31,100,1,0.1,0.3,0.5,0.82864,0.74541,0.00264
32,100,1,0.1,0.3,0.5,0.82864,0.74539,0.00285
33,100,1,0.1,0.3,0.5,0.82864,0.74565,0.00245
34,100,1,0.1,0.3,0.5,0.82864,0.74563,0.00262
35,100,1,0.1,0.3,0.5,0.82864,0.74567,0.00237
36,100,1,0.1,0.3,0.5,0.82864,0.74546,0.00269
37,100,1,0.1,0.3,0.5,0.82864,0.7455,0.00257
38,100,1,0.1,0.3,0.5,0.82864,0.74556,0.00248
39,100,1,0.1,0.3,0.5,0.82864,0.74565,0.00242
40,100,1,0.1,0.3,0.5,0.82864,0.74532,0.00286
41,100,1,0.1,0.3,0.5,0.82864,0.74556,0.00247
42,100,1,0.1,0.3,0.5,0.82864,0.74543,0.0027
43,100,1,0.1,0.3,0.5,0.82864,0.74528,0.00277
44,100,1,0.1,0.3,0.5,0.82864,0.74555,0.0025
45,100,1,0.1,0.3,0.5,0.82864,0.74543,0.00265
46,100,1,0.1,0.3,0.5,0.82864,0.7458,0.00229
47,100,1,0.1,0.3,0.5,0.82864,0.74583,0.00224
48,100,1,0.1,0.3,0.5,0.82864,0.74595,0.00209
49,100,1,0.1,0.3,0.5,0.82864,0.74568,0.00245
50,100,1,0.1,0.3,0.5,0.82864,0.74546,0.00255
51,100,1,0.1,0.3,0.5,0.82864,0.74599,0.00199
52,100,1,0.1,0.3,0.5,0.82864,0.74549,0.00254
53,100,1,0.1,0.3,0.5,0.82864,0.74529,0.00284
54,100,1,0.1,0.3,0.5,0.82864,0.74557,0.00247
55,100,1,0.1,0.3,0.5,0.82864,0.74559,0.00238
56,100,1,0.1,0.3,0.5,0.82864,0.74543,0.00263
57,100,1,0.1,0.3,0.5,0.82864,0.7455,0.00258
58,100,1,0.1,0.3,0.5,0.82864,0.74526,0.00277
59,100,1,0.1,0.3,0.5,0.82864,0.74573,0.00228
60,100,1,0.1,0.3,0.5,0.82864,0.74509,0.00303
61,100,1,0.1,0.3,0.5,0.82864,0.74564,0.00237
62,100,1,0.1,0.3,0.5,0.82864,0.74585,0.00223
63,100,1,0.1,0.3,0.5,0.82864,0.74588,0.00209
64,100,1,0.1,0.3,0.5,0.82864,0.74545,0.00268
65,100,1,0.1,0.3,0.5,0.82864,0.74557,0.00248
66,100,1,0.1,0.3,0.5,0.82864,0.74515,0.00293
67,100,1,0.1,0.3,0.5,0.82864,0.74546,0.00253
68,100,1,0.1,0.3,0.5,0.82864,0.74542,0.00259
69,100,1,0.1,0.3,0.5,0.82864,0.74567,0.00235
70,100,1,0.1,0.3,0.5,0.82864,0.74587,0.00213
71,100,1,0.1,0.3,0.5,0.82864,0.74518,0.0029
72,100,1,0.1,0.3,0.5,0.82864,0.74519,0.00287
73,100,1,0.1,0.3,0.5,0.82864,0.74525,0.00275
74,100,1,0.1,0.3,0.5,0.82864,0.74561,0.00238
75,100,1,0.1,0.3,0.5,0.82864,0.74551,0.0026
76,100,1,0.1,0.3,0.5,0.82864,0.74549,0.00288
77,100,1,0.1,0.3,0.5,0.82864,0.74557,0.00248
78,100,1,0.1,0.3,0.5,0.82864,0.74576,0.00249
79,100,1,0.1,0.3,0.5,0.82864,0.74566,0.00242
80,100,1,0.1,0.3,0.5,0.82864,0.74563,0.00236
81,100,1,0.1,0.3,0.5,0.82864,0.74524,0.00283
82,100,1,0.1,0.3,0.5,0.82864,0.74547,0.0029
83,100,1,0.1,0.3,0.5,0.82864,0.74554,0.00256
84,100,1,0.1,0.3,0.5,0.82864,0.74533,0.00279
85,100,1,0.1,0.3,0.5,0.82864,0.74551,0.00251
86,100,1,0.1,0.3,0.5,0.82864,0.74575,0.00222
87,100,1,0.1,0.3,0.5,0.82864,0.74539,0.00269
88,100,1,0.1,0.3,0.5,0.82864,0.74547,0.00253
89,100,1,0.1,0.3,0.5,0.82864,0.74559,0.0025
90,100,1,0.1,0.3,0.5,0.82864,0.74592,0.00209
91,100,1,0.1,0.3,0.5,0.82864,0.74553,0.00254
92,100,1,0.1,0.3,0.5,0.82864,0.74565,0.00235
93,100,1,0.1,0.3,0.5,0.82864,0.74526,0.00288
94,100,1,0.1,0.3,0.5,0.82864,0.74523,0.00281
95,100,1,0.1,0.3,0.5,0.82864,0.74544,0.00258
96,100,1,0.1,0.3,0.5,0.82864,0.74559,0.0024
97,100,1,0.1,0.3,0.5,0.82864,0.74547,0.00257
98,100,1,0.1,0.3,0.5,0.82864,0.74571,0.00234
99,100,1,0.1,0.3,0.5,0.82864,0.7456,0.00243
0,100,1,0.1,0.3,0.5,0.68665,0.74474,0.00347
1,100,1,0.1,0.3,0.5,0.68665,0.74454,0.00363
2,100,1,0.1,0.3,0.5,0.68665,0.74433,0.00389
3,100,1,0.1,0.3,0.5,0.68665,0.74436,0.00376
4,100,1,0.1,0.3,0.5,0.68665,0.74428,0.00389
5,100,1,0.1,0.3,0.5,0.68665,0.74453,0.0037
6,100,1,0.1,0.3,0.5,0.68665,0.7447,0.00344
7,100,1,0.1,0.3,0.5,0.68665,0.74489,0.0032
8,100,1,0.1,0.3,0.5,0.68665,0.74513,0.003
9,100,1,0.1,0.3,0.5,0.68665,0.74378,0.00441
10,100,1,0.1,0.3,0.5,0.68665,0.74407,0.00428
11,100,1,0.1,0.3,0.5,0.68665,0.74462,0.00367
12,100,1,0.1,0.3,0.5,0.68665,0.74409,0.00408
13,100,1,0.1,0.3,0.5,0.68665,0.74437,0.00381
14,100,1,0.1,0.3,0.5,0.68665,0.74447,0.00384
15,100,1,0.1,0.3,0.5,0.68665,0.74411,0.00412
16,100,1,0.1,0.3,0.5,0.68665,0.74457,0.00407
17,100,1,0.1,0.3,0.5,0.68665,0.74465,0.00345
18,100,1,0.1,0.3,0.5,0.68665,0.74412,0.0041
19,100,1,0.1,0.3,0.5,0.68665,0.74428,0.00381
20,100,1,0.1,0.3,0.5,0.68665,0.74457,0.00365
21,100,1,0.1,0.3,0.5,0.68665,0.7444,0.00374
22,100,1,0.1,0.3,0.5,0.68665,0.74496,0.00314
23,100,1,0.1,0.3,0.5,0.68665,0.74452,0.00372
24,100,1,0.1,0.3,0.5,0.68665,0.7444,0.00384
25,100,1,0.1,0.3,0.5,0.68665,0.74476,0.00335
26,100,1,0.1,0.3,0.5,0.68665,0.74448,0.00373
27,100,1,0.1,0.3,0.5,0.68665,0.74447,0.00382
28,100,1,0.1,0.3,0.5,0.68665,0.7444,0.00394
29,100,1,0.1,0.3,0.5,0.68665,0.74472,0.00347
30,100,1,0.1,0.3,0.5,0.68665,0.74413,0.00424
31,100,1,0.1,0.3,0.5,0.68665,0.74438,0.00381
32,100,1,0.1,0.3,0.5,0.68665,0.74435,0.00412
33,100,1,0.1,0.3,0.5,0.68665,0.74472,0.00353
34,100,1,0.1,0.3,0.5,0.68665,0.7447,0.00378
35,100,1,0.1,0.3,0.5,0.68665,0.74475,0.00342
36,100,1,0.1,0.3,0.5,0.68665,0.74445,0.00389
37,100,1,0.1,0.3,0.5,0.68665,0.7445,0.00372
38,100,1,0.1,0.3,0.5,0.68665,0.74458,0.00358
39,100,1,0.1,0.3,0.5,0.68665,0.74472,0.00349
40,100,1,0.1,0.3,0.5,0.68665,0.74424,0.00413
41,100,1,0.1,0.3,0.5,0.68665,0.74459,0.00356
42,100,1,0.1,0.3,0.5,0.68665,0.74441,0.0039
43,100,1,0.1,0.3,0.5,0.68665,0.74419,0.004
44,100,1,0.1,0.3,0.5,0.68665,0.74458,0.00361
45,100,1,0.1,0.3,0.5,0.68665,0.7444,0.00383
46,100,1,0.1,0.3,0.5,0.68665,0.74493,0.0033
47,100,1,0.1,0.3,0.5,0.68665,0.74498,0.00323
48,100,1,0.1,0.3,0.5,0.68665,0.74515,0.00301
49,100,1,0.1,0.3,0.5,0.68665,0.74477,0.00353
50,100,1,0.1,0.3,0.5,0.68665,0.74445,0.00369
51,100,1,0.1,0.3,0.5,0.68665,0.7452,0.00287
52,100,1,0.1,0.3,0.5,0.68665,0.74449,0.00366
53,100,1,0.1,0.3,0.5,0.68665,0.74419,0.00409
54,100,1,0.1,0.3,0.5,0.68665,0.74461,0.00357
55,100,1,0.1,0.3,0.5,0.68665,0.74464,0.00344
56,100,1,0.1,0.3,0.5,0.68665,0.7444,0.00379
57,100,1,0.1,0.3,0.5,0.68665,0.7445,0.00372
58,100,1,0.1,0.3,0.5,0.68665,0.74416,0.00399
59,100,1,0.1,0.3,0.5,0.68665,0.74484,0.00329
60,100,1,0.1,0.3,0.5,0.68665,0.74391,0.00437
61,100,1,0.1,0.3,0.5,0.68665,0.74471,0.00342
62,100,1,0.1,0.3,0.5,0.68665,0.74501,0.00323
63,100,1,0.1,0.3,0.5,0.68665,0.74505,0.00302
64,100,1,0.1,0.3,0.5,0.68665,0.74442,0.00386
65,100,1,0.1,0.3,0.5,0.68665,0.7446,0.00357
66,100,1,0.1,0.3,0.5,0.68665,0.74399,0.00424
67,100,1,0.1,0.3,0.5,0.68665,0.74444,0.00364
68,100,1,0.1,0.3,0.5,0.68665,0.74439,0.00374
69,100,1,0.1,0.3,0.5,0.68665,0.74475,0.00339
70,100,1,0.1,0.3,0.5,0.68665,0.74504,0.00307
71,100,1,0.1,0.3,0.5,0.68665,0.74405,0.00419
72,100,1,0.1,0.3,0.5,0.68665,0.74405,0.00415
73,100,1,0.1,0.3,0.5,0.68665,0.74415,0.00396
74,100,1,0.1,0.3,0.5,0.68665,0.74465,0.00344
75,100,1,0.1,0.3,0.5,0.68665,0.74452,0.00375
76,100,1,0.1,0.3,0.5,0.68665,0.74447,0.00416
77,100,1,0.1,0.3,0.5,0.68665,0.74461,0.00357
78,100,1,0.1,0.3,0.5,0.68665,0.74487,0.00359
79,100,1,0.1,0.3,0.5,0.68665,0.74473,0.0035
80,100,1,0.1,0.3,0.5,0.68665,0.7447,0.0034
81,100,1,0.1,0.3,0.5,0.68665,0.74413,0.00408
82,100,1,0.1,0.3,0.5,0.68665,0.74446,0.00418
83,100,1,0.1,0.3,0.5,0.68665,0.74456,0.0037
84,100,1,0.1,0.3,0.5,0.68665,0.74425,0.00403
85,100,1,0.1,0.3,0.5,0.68665,0.74451,0.00363
86,100,1,0.1,0.3,0.5,0.68665,0.74486,0.00321
87,100,1,0.1,0.3,0.5,0.68665,0.74435,0.00388
88,100,1,0.1,0.3,0.5,0.68665,0.74446,0.00365
89,100,1,0.1,0.3,0.5,0.68665,0.74463,0.0036
90,100,1,0.1,0.3,0.5,0.68665,0.7451,0.00301
91,100,1,0.1,0.3,0.5,0.68665,0.74454,0.00366
92,100,1,0.1,0.3,0.5,0.68665,0.74472,0.00338
93,100,1,0.1,0.3,0.5,0.68665,0.74415,0.00416
94,100,1,0.1,0.3,0.5,0.68665,0.74412,0.00405
95,100,1,0.1,0.3,0.5,0.68665,0.74442,0.00373
96,100,1,0.1,0.3,0.5,0.68665,0.74464,0.00347
97,100,1,0.1,0.3,0.5,0.68665,0.74446,0.00371
98,100,1,0.1,0.3,0.5,0.68665,0.7448,0.00337
99,100,1,0.1,0.3,0.5,0.68665,0.74464,0.00351
0,100,1,0.1,0.3,0.5,0.56899,0.74342,0.00499
1,100,1,0.1,0.3,0.5,0.56899,0.74313,0.00523
2,100,1,0.1,0.3,0.5,0.56899,0.74283,0.0056
3,100,1,0.1,0.3,0.5,0.56899,0.74287,0.0054
4,100,1,0.1,0.3,0.5,0.56899,0.74275,0.0056
5,100,1,0.1,0.3,0.5,0.56899,0.74311,0.00533
6,100,1,0.1,0.3,0.5,0.56899,0.74336,0.00495
7,100,1,0.1,0.3,0.5,0.56899,0.74363,0.0046
8,100,1,0.1,0.3,0.5,0.56899,0.74398,0.00432
9,100,1,0.1,0.3,0.5,0.56899,0.74204,0.00634
10,100,1,0.1,0.3,0.5,0.56899,0.74245,0.00617
11,100,1,0.1,0.3,0.5,0.56899,0.74324,0.00527
12,100,1,0.1,0.3,0.5,0.56899,0.74248,0.00587
13,100,1,0.1,0.3,0.5,0.56899,0.74288,0.00548
14,100,1,0.1,0.3,0.5,0.56899,0.74302,0.00552
15,100,1,0.1,0.3,0.5,0.56899,0.74251,0.00593
16,100,1,0.1,0.3,0.5,0.56899,0.74317,0.00587
17,100,1,0.1,0.3,0.5,0.56899,0.74328,0.00496
18,100,1,0.1,0.3,0.5,0.56899,0.74252,0.0059
19,100,1,0.1,0.3,0.5,0.56899,0.74276,0.00548
20,100,1,0.1,0.3,0.5,0.56899,0.74318,0.00525
21,100,1,0.1,0.3,0.5,0.56899,0.74293,0.00537
22,100,1,0.1,0.3,0.5,0.56899,0.74374,0.00452
23,100,1,0.1,0.3,0.5,0.56899,0.74309,0.00536
24,100,1,0.1,0.3,0.5,0.56899,0.74293,0.00552
25,100,1,0.1,0.3,0.5,0.56899,0.74344,0.00481
26,100,1,0.1,0.3,0.5,0.56899,0.74304,0.00537
27,100,1,0.1,0.3,0.5,0.56899,0.74303,0.0055
28,100,1,0.1,0.3,0.5,0.56899,0.74293,0.00568
29,100,1,0.1,0.3,0.5,0.56899,0.74339,0.00499
30,100,1,0.1,0.3,0.5,0.56899,0.74254,0.0061
31,100,1,0.1,0.3,0.5,0.56899,0.7429,0.00548
32,100,1,0.1,0.3,0.5,0.56899,0.74285,0.00593
33,100,1,0.1,0.3,0.5,0.56899,0.74339,0.00508
34,100,1,0.1,0.3,0.5,0.56899,0.74336,0.00544
35,100,1,0.1,0.3,0.5,0.56899,0.74343,0.00492
36,100,1,0.1,0.3,0.5,0.56899,0.74299,0.0056
37,100,1,0.1,0.3,0.5,0.56899,0.74306,0.00535
38,100,1,0.1,0.3,0.5,0.56899,0.74319,0.00515
39,100,1,0.1,0.3,0.5,0.56899,0.74339,0.00503
40,100,1,0.1,0.3,0.5,0.56899,0.7427,0.00594
41,100,1,0.1,0.3,0.5,0.56899,0.74321,0.00513
42,100,1,0.1,0.3,0.5,0.56899,0.74294,0.00562
43,100,1,0.1,0.3,0.5,0.56899,0.74262,0.00576
44,100,1,0.1,0.3,0.5,0.56899,0.74319,0.00519
45,100,1,0.1,0.3,0.5,0.56899,0.74292,0.00551
46,100,1,0.1,0.3,0.5,0.56899,0.74369,0.00474
47,100,1,0.1,0.3,0.5,0.56899,0.74377,0.00464
48,100,1,0.1,0.3,0.5,0.56899,0.744,0.00434
49,100,1,0.1,0.3,0.5,0.56899,0.74345,0.00508
50,100,1,0.1,0.3,0.5,0.56899,0.743,0.0053
51,100,1,0.1,0.3,0.5,0.56899,0.74408,0.00413
52,100,1,0.1,0.3,0.5,0.56899,0.74305,0.00527
53,100,1,0.1,0.3,0.5,0.56899,0.74262,0.00589
54,100,1,0.1,0.3,0.5,0.56899,0.74323,0.00513
55,100,1,0.1,0.3,0.5,0.56899,0.74327,0.00494
56,100,1,0.1,0.3,0.5,0.56899,0.74293,0.00546
57,100,1,0.1,0.3,0.5,0.56899,0.74306,0.00536
58,100,1,0.1,0.3,0.5,0.56899,0.74258,0.00574
59,100,1,0.1,0.3,0.5,0.56899,0.74355,0.00473
60,100,1,0.1,0.3,0.5,0.56899,0.74222,0.00629
61,100,1,0.1,0.3,0.5,0.56899,0.74337,0.00492
62,100,1,0.1,0.3,0.5,0.56899,0.74381,0.00464
63,100,1,0.1,0.3,0.5,0.56899,0.74387,0.00434
64,100,1,0.1,0.3,0.5,0.56899,0.74295,0.00556
65,100,1,0.1,0.3,0.5,0.56899,0.74321,0.00515
66,100,1,0.1,0.3,0.5,0.56899,0.74233,0.00611
67,100,1,0.1,0.3,0.5,0.56899,0.74299,0.00524
68,100,1,0.1,0.3,0.5,0.56899,0.74291,0.00538
69,100,1,0.1,0.3,0.5,0.56899,0.74343,0.00487
70,100,1,0.1,0.3,0.5,0.56899,0.74384,0.00442
71,100,1,0.1,0.3,0.5,0.56899,0.74242,0.00603
72,100,1,0.1,0.3,0.5,0.56899,0.74243,0.00597
73,100,1,0.1,0.3,0.5,0.56899,0.74256,0.0057
74,100,1,0.1,0.3,0.5,0.56899,0.74329,0.00494
75,100,1,0.1,0.3,0.5,0.56899,0.74309,0.0054
76,100,1,0.1,0.3,0.5,0.56899,0.74302,0.00601
77,100,1,0.1,0.3,0.5,0.56899,0.74323,0.00514
78,100,1,0.1,0.3,0.5,0.56899,0.74361,0.00517
79,100,1,0.1,0.3,0.5,0.56899,0.74339,0.00503
80,100,1,0.1,0.3,0.5,0.56899,0.74335,0.0049
81,100,1,0.1,0.3,0.5,0.56899,0.74253,0.00588
82,100,1,0.1,0.3,0.5,0.56899,0.74302,0.00603
83,100,1,0.1,0.3,0.5,0.56899,0.74316,0.00532
84,100,1,0.1,0.3,0.5,0.56899,0.7427,0.00579
85,100,1,0.1,0.3,0.5,0.56899,0.74308,0.00522
86,100,1,0.1,0.3,0.5,0.56899,0.74359,0.00461
87,100,1,0.1,0.3,0.5,0.56899,0.74285,0.00558
88,100,1,0.1,0.3,0.5,0.56899,0.74302,0.00525
89,100,1,0.1,0.3,0.5,0.56899,0.74325,0.00519
90,100,1,0.1,0.3,0.5,0.56899,0.74394,0.00433
91,100,1,0.1,0.3,0.5,0.56899,0.74313,0.00527
92,100,1,0.1,0.3,0.5,0.56899,0.74338,0.00486
93,100,1,0.1,0.3,0.5,0.56899,0.74257,0.00598
94,100,1,0.1,0.3,0.5,0.56899,0.74251,0.00583
95,100,1,0.1,0.3,0.5,0.56899,0.74295,0.00536
96,100,1,0.1,0.3,0.5,0.56899,0.74327,0.00499
97,100,1,0.1,0.3,0.5,0.56899,0.74301,0.00533
98,100,1,0.1,0.3,0.5,0.56899,0.74351,0.00485
99,100,1,0.1,0.3,0.5,0.56899,0.74328,0.00505
0,100,1,0.1,0.3,0.5,0.47149,0.74152,0.00712
1,100,1,0.1,0.3,0.5,0.47149,0.74111,0.00747
2,100,1,0.1,0.3,0.5,0.47149,0.74068,0.008
3,100,1,0.1,0.3,0.5,0.47149,0.74075,0.00771
4,100,1,0.1,0.3,0.5,0.47149,0.74057,0.00801
5,100,1,0.1,0.3,0.5,0.47149,0.74108,0.00761
6,100,1,0.1,0.3,0.5,0.47149,0.74145,0.00706
7,100,1,0.1,0.3,0.5,0.47149,0.74183,0.00656
8,100,1,0.1,0.3,0.5,0.47149,0.74234,0.00616
9,100,1,0.1,0.3,0.5,0.47149,0.73954,0.00906
10,100,1,0.1,0.3,0.5,0.47149,0.74013,0.00883
11,100,1,0.1,0.3,0.5,0.47149,0.74127,0.00753
12,100,1,0.1,0.3,0.5,0.47149,0.74019,0.00839
13,100,1,0.1,0.3,0.5,0.47149,0.74075,0.00784
14,100,1,0.1,0.3,0.5,0.47149,0.74096,0.00789
15,100,1,0.1,0.3,0.5,0.47149,0.74023,0.00847
16,100,1,0.1,0.3,0.5,0.47149,0.74116,0.00842
17,100,1,0.1,0.3,0.5,0.47149,0.74134,0.00708
18,100,1,0.1,0.3,0.5,0.47149,0.74023,0.00843
19,100,1,0.1,0.3,0.5,0.47149,0.74059,0.00782
20,100,1,0.1,0.3,0.5,0.47149,0.74119,0.0075
21,100,1,0.1,0.3,0.5,0.47149,0.74083,0.00768
22,100,1,0.1,0.3,0.5,0.47149,0.74199,0.00645
23,100,1,0.1,0.3,0.5,0.47149,0.74105,0.00767
24,100,1,0.1,0.3,0.5,0.47149,0.74083,0.00789
25,100,1,0.1,0.3,0.5,0.47149,0.74156,0.00687
26,100,1,0.1,0.3,0.5,0.47149,0.74099,0.00767
27,100,1,0.1,0.3,0.5,0.47149,0.74097,0.00786
28,100,1,0.1,0.3,0.5,0.47149,0.74082,0.00811
29,100,1,0.1,0.3,0.5,0.47149,0.74149,0.00713
30,100,1,0.1,0.3,0.5,0.47149,0.74028,0.00872
31,100,1,0.1,0.3,0.5,0.47149,0.74078,0.00782
32,100,1,0.1,0.3,0.5,0.47149,0.74072,0.00848
33,100,1,0.1,0.3,0.5,0.47149,0.74149,0.00726
34,100,1,0.1,0.3,0.5,0.47149,0.74144,0.00777
35,100,1,0.1,0.3,0.5,0.47149,0.74154,0.00703
36,100,1,0.1,0.3,0.5,0.47149,0.74091,0.00801
37,100,1,0.1,0.3,0.5,0.47149,0.74101,0.00764
38,100,1,0.1,0.3,0.5,0.47149,0.74119,0.00735
39,100,1,0.1,0.3,0.5,0.47149,0.74148,0.00718
40,100,1,0.1,0.3,0.5,0.47149,0.7405,0.00849
41,100,1,0.1,0.3,0.5,0.47149,0.74123,0.00732
42,100,1,0.1,0.3,0.5,0.47149,0.74084,0.00802
43,100,1,0.1,0.3,0.5,0.47149,0.74038,0.00823
44,100,1,0.1,0.3,0.5,0.47149,0.7412,0.00742
45,100,1,0.1,0.3,0.5,0.47149,0.74081,0.00787
46,100,1,0.1,0.3,0.5,0.47149,0.74191,0.00677
47,100,1,0.1,0.3,0.5,0.47149,0.74204,0.00662
48,100,1,0.1,0.3,0.5,0.47149,0.74237,0.00619
49,100,1,0.1,0.3,0.5,0.47149,0.74158,0.00726
50,100,1,0.1,0.3,0.5,0.47149,0.74092,0.00758
51,100,1,0.1,0.3,0.5,0.47149,0.74247,0.0059
52,100,1,0.1,0.3,0.5,0.47149,0.741,0.00752
53,100,1,0.1,0.3,0.5,0.47149,0.74038,0.00843
54,100,1,0.1,0.3,0.5,0.47149,0.74126,0.00733
55,100,1,0.1,0.3,0.5,0.47149,0.74132,0.00705
56,100,1,0.1,0.3,0.5,0.47149,0.74082,0.0078
57,100,1,0.1,0.3,0.5,0.47149,0.74101,0.00767
58,100,1,0.1,0.3,0.5,0.47149,0.74033,0.00821
59,100,1,0.1,0.3,0.5,0.47149,0.74171,0.00676
60,100,1,0.1,0.3,0.5,0.47149,0.7398,0.009
61,100,1,0.1,0.3,0.5,0.47149,0.74146,0.00702
62,100,1,0.1,0.3,0.5,0.47149,0.74209,0.00663
63,100,1,0.1,0.3,0.5,0.47149,0.74217,0.0062
64,100,1,0.1,0.3,0.5,0.47149,0.74086,0.00796
65,100,1,0.1,0.3,0.5,0.47149,0.74122,0.00736
66,100,1,0.1,0.3,0.5,0.47149,0.73996,0.00875
67,100,1,0.1,0.3,0.5,0.47149,0.74091,0.00748
68,100,1,0.1,0.3,0.5,0.47149,0.74081,0.00768
69,100,1,0.1,0.3,0.5,0.47149,0.74155,0.00695
70,100,1,0.1,0.3,0.5,0.47149,0.74214,0.0063
71,100,1,0.1,0.3,0.5,0.47149,0.7401,0.00861
72,100,1,0.1,0.3,0.5,0.47149,0.74011,0.00853
73,100,1,0.1,0.3,0.5,0.47149,0.7403,0.00814
74,100,1,0.1,0.3,0.5,0.47149,0.74135,0.00705
75,100,1,0.1,0.3,0.5,0.47149,0.74106,0.00771
76,100,1,0.1,0.3,0.5,0.47149,0.74094,0.00864
77,100,1,0.1,0.3,0.5,0.47149,0.74125,0.00733
78,100,1,0.1,0.3,0.5,0.47149,0.7418,0.00739
79,100,1,0.1,0.3,0.5,0.47149,0.74149,0.00719
80,100,1,0.1,0.3,0.5,0.47149,0.74143,0.00699
81,100,1,0.1,0.3,0.5,0.47149,0.74025,0.00841
82,100,1,0.1,0.3,0.5,0.47149,0.74095,0.00863
83,100,1,0.1,0.3,0.5,0.47149,0.74116,0.0076
84,100,1,0.1,0.3,0.5,0.47149,0.7405,0.00829
85,100,1,0.1,0.3,0.5,0.47149,0.74103,0.00747
86,100,1,0.1,0.3,0.5,0.47149,0.74178,0.00658
87,100,1,0.1,0.3,0.5,0.47149,0.74071,0.00797
88,100,1,0.1,0.3,0.5,0.47149,0.74096,0.0075
89,100,1,0.1,0.3,0.5,0.47149,0.74129,0.00742
90,100,1,0.1,0.3,0.5,0.47149,0.74229,0.00617
91,100,1,0.1,0.3,0.5,0.47149,0.74111,0.00753
92,100,1,0.1,0.3,0.5,0.47149,0.74148,0.00694
93,100,1,0.1,0.3,0.5,0.47149,0.74031,0.00855
94,100,1,0.1,0.3,0.5,0.47149,0.74023,0.00834
95,100,1,0.1,0.3,0.5,0.47149,0.74085,0.00767
96,100,1,0.1,0.3,0.5,0.47149,0.74131,0.00712
97,100,1,0.1,0.3,0.5,0.47149,0.74095,0.00761
98,100,1,0.1,0.3,0.5,0.47149,0.74166,0.00693
99,100,1,0.1,0.3,0.5,0.47149,0.74133,0.0072
0,100,1,0.1,0.3,0.5,0.39069,0.73883,0.00999
1,100,1,0.1,0.3,0.5,0.39069,0.73825,0.01049
2,100,1,0.1,0.3,0.5,0.39069,0.73763,0.01125
3,100,1,0.1,0.3,0.5,0.39069,0.73774,0.01081
4,100,1,0.1,0.3,0.5,0.39069,0.73746,0.01127
5,100,1,0.1,0.3,0.5,0.39069,0.7382,0.01069
6,100,1,0.1,0.3,0.5,0.39069,0.73874,0.00989
7,100,1,0.1,0.3,0.5,0.39069,0.73929,0.00917
8,100,1,0.1,0.3,0.5,0.39069,0.74001,0.00861
9,100,1,0.1,0.3,0.5,0.39069,0.736,0.01276
10,100,1,0.1,0.3,0.5,0.39069,0.73684,0.01245
11,100,1,0.1,0.3,0.5,0.39069,0.73848,0.01058
12,100,1,0.1,0.3,0.5,0.39069,0.73694,0.01178
13,100,1,0.1,0.3,0.5,0.39069,0.73773,0.01102
14,100,1,0.1,0.3,0.5,0.39069,0.73804,0.01109
15,100,1,0.1,0.3,0.5,0.39069,0.73699,0.01192
16,100,1,0.1,0.3,0.5,0.39069,0.73831,0.01189
17,100,1,0.1,0.3,0.5,0.39069,0.73858,0.00991
18,100,1,0.1,0.3,0.5,0.39069,0.73698,0.01187
19,100,1,0.1,0.3,0.5,0.39069,0.73751,0.01097
20,100,1,0.1,0.3,0.5,0.39069,0.73836,0.01054
21,100,1,0.1,0.3,0.5,0.39069,0.73784,0.01077
22,100,1,0.1,0.3,0.5,0.39069,0.73951,0.00902
23,100,1,0.1,0.3,0.5,0.39069,0.73816,0.01078
24,100,1,0.1,0.3,0.5,0.39069,0.73784,0.01109
25,100,1,0.1,0.3,0.5,0.39069,0.7389,0.00963
26,100,1,0.1,0.3,0.5,0.39069,0.73807,0.01078
27,100,1,0.1,0.3,0.5,0.39069,0.73804,0.01105
28,100,1,0.1,0.3,0.5,0.39069,0.73784,0.01142
29,100,1,0.1,0.3,0.5,0.39069,0.7388,0.00999
30,100,1,0.1,0.3,0.5,0.39069,0.73706,0.01228
31,100,1,0.1,0.3,0.5,0.39069,0.73778,0.01097
32,100,1,0.1,0.3,0.5,0.39069,0.73769,0.01194
33,100,1,0.1,0.3,0.5,0.39069,0.73879,0.01019
34,100,1,0.1,0.3,0.5,0.39069,0.73873,0.01093
35,100,1,0.1,0.3,0.5,0.39069,0.73886,0.00987
36,100,1,0.1,0.3,0.5,0.39069,0.73795,0.01128
37,100,1,0.1,0.3,0.5,0.39069,0.73809,0.01074
38,100,1,0.1,0.3,0.5,0.39069,0.73836,0.01032
39,100,1,0.1,0.3,0.5,0.39069,0.73877,0.01008
40,100,1,0.1,0.3,0.5,0.39069,0.73738,0.01195
41,100,1,0.1,0.3,0.5,0.39069,0.73842,0.01026
42,100,1,0.1,0.3,0.5,0.39069,0.73786,0.01128
43,100,1,0.1,0.3,0.5,0.39069,0.7372,0.01156
44,100,1,0.1,0.3,0.5,0.39069,0.73838,0.0104
45,100,1,0.1,0.3,0.5,0.39069,0.73782,0.01106
46,100,1,0.1,0.3,0.5,0.39069,0.73939,0.00949
47,100,1,0.1,0.3,0.5,0.39069,0.73958,0.00927
48,100,1,0.1,0.3,0.5,0.39069,0.74005,0.00866
49,100,1,0.1,0.3,0.5,0.39069,0.73891,0.0102
50,100,1,0.1,0.3,0.5,0.39069,0.73798,0.01063
51,100,1,0.1,0.3,0.5,0.39069,0.74018,0.00824
52,100,1,0.1,0.3,0.5,0.39069,0.73808,0.01055
53,100,1,0.1,0.3,0.5,0.39069,0.73719,0.01187
54,100,1,0.1,0.3,0.5,0.39069,0.73846,0.01028
55,100,1,0.1,0.3,0.5,0.39069,0.73855,0.00988
56,100,1,0.1,0.3,0.5,0.39069,0.73784,0.01097
57,100,1,0.1,0.3,0.5,0.39069,0.73809,0.01078
58,100,1,0.1,0.3,0.5,0.39069,0.73713,0.01153
59,100,1,0.1,0.3,0.5,0.39069,0.7391,0.00949
60,100,1,0.1,0.3,0.5,0.39069,0.73638,0.01267
61,100,1,0.1,0.3,0.5,0.39069,0.73875,0.00984
62,100,1,0.1,0.3,0.5,0.39069,0.73965,0.00929
63,100,1,0.1,0.3,0.5,0.39069,0.73976,0.00867
64,100,1,0.1,0.3,0.5,0.39069,0.73788,0.0112
65,100,1,0.1,0.3,0.5,0.39069,0.7384,0.01033
66,100,1,0.1,0.3,0.5,0.39069,0.73658,0.01234
67,100,1,0.1,0.3,0.5,0.39069,0.73797,0.01049
68,100,1,0.1,0.3,0.5,0.39069,0.73782,0.01078
69,100,1,0.1,0.3,0.5,0.39069,0.73888,0.00974
70,100,1,0.1,0.3,0.5,0.39069,0.73972,0.00882
71,100,1,0.1,0.3,0.5,0.39069,0.7368,0.01211
72,100,1,0.1,0.3,0.5,0.39069,0.73682,0.01199
73,100,1,0.1,0.3,0.5,0.39069,0.73709,0.01143
74,100,1,0.1,0.3,0.5,0.39069,0.73859,0.00988
75,100,1,0.1,0.3,0.5,0.39069,0.73817,0.01085
76,100,1,0.1,0.3,0.5,0.39069,0.73797,0.01224
77,100,1,0.1,0.3,0.5,0.39069,0.73845,0.01029
78,100,1,0.1,0.3,0.5,0.39069,0.73924,0.0104
79,100,1,0.1,0.3,0.5,0.39069,0.73878,0.0101
80,100,1,0.1,0.3,0.5,0.39069,0.73871,0.0098
81,100,1,0.1,0.3,0.5,0.39069,0.737,0.01184
82,100,1,0.1,0.3,0.5,0.39069,0.73803,0.01218
83,100,1,0.1,0.3,0.5,0.39069,0.73832,0.01067
84,100,1,0.1,0.3,0.5,0.39069,0.73737,0.01166
85,100,1,0.1,0.3,0.5,0.39069,0.73812,0.01049
86,100,1,0.1,0.3,0.5,0.39069,0.73921,0.00919
87,100,1,0.1,0.3,0.5,0.39069,0.73768,0.01121
88,100,1,0.1,0.3,0.5,0.39069,0.73803,0.01051
89,100,1,0.1,0.3,0.5,0.39069,0.7385,0.01042
90,100,1,0.1,0.3,0.5,0.39069,0.73994,0.00863
91,100,1,0.1,0.3,0.5,0.39069,0.73825,0.01058
92,100,1,0.1,0.3,0.5,0.39069,0.73879,0.00972
93,100,1,0.1,0.3,0.5,0.39069,0.7371,0.01203
94,100,1,0.1,0.3,0.5,0.39069,0.73698,0.01173
95,100,1,0.1,0.3,0.5,0.39069,0.73787,0.01078
96,100,1,0.1,0.3,0.5,0.39069,0.73853,0.00999
97,100,1,0.1,0.3,0.5,0.39069,0.73802,0.01069
98,100,1,0.1,0.3,0.5,0.39069,0.73904,0.00971
99,100,1,0.1,0.3,0.5,0.39069,0.73856,0.0101
0,100,1,0.1,0.3,0.5,0.32375,0.73503,0.01358
1,100,1,0.1,0.3,0.5,0.32375,0.73421,0.01428
2,100,1,0.1,0.3,0.5,0.32375,0.73333,0.01536
3,100,1,0.1,0.3,0.5,0.32375,0.73349,0.01469
4,100,1,0.1,0.3,0.5,0.32375,0.73309,0.01538
5,100,1,0.1,0.3,0.5,0.32375,0.73414,0.01457
6,100,1,0.1,0.3,0.5,0.32375,0.73492,0.0134
7,100,1,0.1,0.3,0.5,0.32375,0.7357,0.01237
8,100,1,0.1,0.3,0.5,0.32375,0.73674,0.01159
9,100,1,0.1,0.3,0.5,0.32375,0.73101,0.01749
10,100,1,0.1,0.3,0.5,0.32375,0.7322,0.0171
11,100,1,0.1,0.3,0.5,0.32375,0.73454,0.01442
12,100,1,0.1,0.3,0.5,0.32375,0.73236,0.01609
13,100,1,0.1,0.3,0.5,0.32375,0.73347,0.01503
14,100,1,0.1,0.3,0.5,0.32375,0.73392,0.01516
15,100,1,0.1,0.3,0.5,0.32375,0.73244,0.0163
16,100,1,0.1,0.3,0.5,0.32375,0.73429,0.01641
17,100,1,0.1,0.3,0.5,0.32375,0.73469,0.01343
18,100,1,0.1,0.3,0.5,0.32375,0.7324,0.01624
19,100,1,0.1,0.3,0.5,0.32375,0.73317,0.01493
20,100,1,0.1,0.3,0.5,0.32375,0.73439,0.01436
21,100,1,0.1,0.3,0.5,0.32375,0.73364,0.01465
22,100,1,0.1,0.3,0.5,0.32375,0.73603,0.01217
23,100,1,0.1,0.3,0.5,0.32375,0.73408,0.01471
24,100,1,0.1,0.3,0.5,0.32375,0.73363,0.01515
25,100,1,0.1,0.3,0.5,0.32375,0.73514,0.01303
26,100,1,0.1,0.3,0.5,0.32375,0.73397,0.0147
27,100,1,0.1,0.3,0.5,0.32375,0.73392,0.01511
28,100,1,0.1,0.3,0.5,0.32375,0.73363,0.01563
29,100,1,0.1,0.3,0.5,0.32375,0.73501,0.01356
30,100,1,0.1,0.3,0.5,0.32375,0.73253,0.01684
31,100,1,0.1,0.3,0.5,0.32375,0.73356,0.01495
32,100,1,0.1,0.3,0.5,0.32375,0.73343,0.01639
33,100,1,0.1,0.3,0.5,0.32375,0.73499,0.01386
34,100,1,0.1,0.3,0.5,0.32375,0.73492,0.01496
35,100,1,0.1,0.3,0.5,0.32375,0.73508,0.0134
36,100,1,0.1,0.3,0.5,0.32375,0.73378,0.01545
37,100,1,0.1,0.3,0.5,0.32375,0.73398,0.01463
38,100,1,0.1,0.3,0.5,0.32375,0.73436,0.01404
39,100,1,0.1,0.3,0.5,0.32375,0.73495,0.0137
40,100,1,0.1,0.3,0.5,0.32375,0.73299,0.01637
41,100,1,0.1,0.3,0.5,0.32375,0.73446,0.01394
42,100,1,0.1,0.3,0.5,0.32375,0.73368,0.01541
43,100,1,0.1,0.3,0.5,0.32375,0.73273,0.01579
44,100,1,0.1,0.3,0.5,0.32375,0.73441,0.01415
45,100,1,0.1,0.3,0.5,0.32375,0.73361,0.01508
46,100,1,0.1,0.3,0.5,0.32375,0.73583,0.01287
47,100,1,0.1,0.3,0.5,0.32375,0.73613,0.01254
48,100,1,0.1,0.3,0.5,0.32375,0.73678,0.01169
49,100,1,0.1,0.3,0.5,0.32375,0.73516,0.0139
50,100,1,0.1,0.3,0.5,0.32375,0.73382,0.01447
51,100,1,0.1,0.3,0.5,0.32375,0.73695,0.01108
52,100,1,0.1,0.3,0.5,0.32375,0.73398,0.01434
53,100,1,0.1,0.3,0.5,0.32375,0.7327,0.01625
54,100,1,0.1,0.3,0.5,0.32375,0.73453,0.01398
55,100,1,0.1,0.3,0.5,0.32375,0.73466,0.01338
56,100,1,0.1,0.3,0.5,0.32375,0.73362,0.01496
57,100,1,0.1,0.3,0.5,0.32375,0.73398,0.01472
58,100,1,0.1,0.3,0.5,0.32375,0.73263,0.01574
59,100,1,0.1,0.3,0.5,0.32375,0.73541,0.01286
60,100,1,0.1,0.3,0.5,0.32375,0.73156,0.01739
61,100,1,0.1,0.3,0.5,0.32375,0.73494,0.01333
62,100,1,0.1,0.3,0.5,0.32375,0.73622,0.0126
63,100,1,0.1,0.3,0.5,0.32375,0.73636,0.01168
64,100,1,0.1,0.3,0.5,0.32375,0.73367,0.01532
65,100,1,0.1,0.3,0.5,0.32375,0.73442,0.01407
66,100,1,0.1,0.3,0.5,0.32375,0.73181,0.01695
67,100,1,0.1,0.3,0.5,0.32375,0.73382,0.01424
68,100,1,0.1,0.3,0.5,0.32375,0.73361,0.01466
69,100,1,0.1,0.3,0.5,0.32375,0.73511,0.01319
70,100,1,0.1,0.3,0.5,0.32375,0.73631,0.01189
71,100,1,0.1,0.3,0.5,0.32375,0.73216,0.01658
72,100,1,0.1,0.3,0.5,0.32375,0.73218,0.0164
73,100,1,0.1,0.3,0.5,0.32375,0.73257,0.01558
74,100,1,0.1,0.3,0.5,0.32375,0.7347,0.01339
75,100,1,0.1,0.3,0.5,0.32375,0.7341,0.0148
76,100,1,0.1,0.3,0.5,0.32375,0.73377,0.01695
77,100,1,0.1,0.3,0.5,0.32375,0.73451,0.01397
78,100,1,0.1,0.3,0.5,0.32375,0.73563,0.01422
79,100,1,0.1,0.3,0.5,0.32375,0.73496,0.01373
80,100,1,0.1,0.3,0.5,0.32375,0.73487,0.01327
81,100,1,0.1,0.3,0.5,0.32375,0.73243,0.01621
82,100,1,0.1,0.3,0.5,0.32375,0.73391,0.01678
83,100,1,0.1,0.3,0.5,0.32375,0.73433,0.01453
84,100,1,0.1,0.3,0.5,0.32375,0.73296,0.01597
85,100,1,0.1,0.3,0.5,0.32375,0.73401,0.01429
86,100,1,0.1,0.3,0.5,0.32375,0.73559,0.0124
87,100,1,0.1,0.3,0.5,0.32375,0.73341,0.0153
88,100,1,0.1,0.3,0.5,0.32375,0.73391,0.01428
89,100,1,0.1,0.3,0.5,0.32375,0.73456,0.0142
90,100,1,0.1,0.3,0.5,0.32375,0.73664,0.01161
91,100,1,0.1,0.3,0.5,0.32375,0.73421,0.01441
92,100,1,0.1,0.3,0.5,0.32375,0.735,0.01315
93,100,1,0.1,0.3,0.5,0.32375,0.73258,0.01647
94,100,1,0.1,0.3,0.5,0.32375,0.7324,0.01603
95,100,1,0.1,0.3,0.5,0.32375,0.73367,0.01471
96,100,1,0.1,0.3,0.5,0.32375,0.73461,0.01355
97,100,1,0.1,0.3,0.5,0.32375,0.7339,0.01455
98,100,1,0.1,0.3,0.5,0.32375,0.73535,0.01317
99,100,1,0.1,0.3,0.5,0.32375,0.73466,0.01372
0,100,1,0.1,0.3,0.5,0.26827,0.72973,0.01756
1,100,1,0.1,0.3,0.5,0.26827,0.72857,0.01852
2,100,1,0.1,0.3,0.5,0.26827,0.72732,0.02007
3,100,1,0.1,0.3,0.5,0.26827,0.72758,0.01902
4,100,1,0.1,0.3,0.5,0.26827,0.72698,0.02008
5,100,1,0.1,0.3,0.5,0.26827,0.72846,0.01897
6,100,1,0.1,0.3,0.5,0.26827,0.7296,0.01724
7,100,1,0.1,0.3,0.5,0.26827,0.73069,0.01576
8,100,1,0.1,0.3,0.5,0.26827,0.73218,0.01473
9,100,1,0.1,0.3,0.5,0.26827,0.72405,0.02301
10,100,1,0.1,0.3,0.5,0.26827,0.72571,0.0226
11,100,1,0.1,0.3,0.5,0.26827,0.72905,0.01878
12,100,1,0.1,0.3,0.5,0.26827,0.72597,0.02103
13,100,1,0.1,0.3,0.5,0.26827,0.72753,0.01959
14,100,1,0.1,0.3,0.5,0.26827,0.72819,0.01983
15,100,1,0.1,0.3,0.5,0.26827,0.72608,0.02138
16,100,1,0.1,0.3,0.5,0.26827,0.72867,0.02186
17,100,1,0.1,0.3,0.5,0.26827,0.72927,0.01726
18,100,1,0.1,0.3,0.5,0.26827,0.726,0.0213
19,100,1,0.1,0.3,0.5,0.26827,0.72712,0.01935
20,100,1,0.1,0.3,0.5,0.26827,0.72884,0.01867
21,100,1,0.1,0.3,0.5,0.26827,0.72778,0.01899
22,100,1,0.1,0.3,0.5,0.26827,0.73116,0.01553
23,100,1,0.1,0.3,0.5,0.26827,0.72838,0.01918
24,100,1,0.1,0.3,0.5,0.26827,0.72776,0.01979
25,100,1,0.1,0.3,0.5,0.26827,0.72989,0.01673
26,100,1,0.1,0.3,0.5,0.26827,0.72824,0.01913
27,100,1,0.1,0.3,0.5,0.26827,0.72818,0.01979
28,100,1,0.1,0.3,0.5,0.26827,0.72777,0.02053
29,100,1,0.1,0.3,0.5,0.26827,0.72972,0.01753
30,100,1,0.1,0.3,0.5,0.26827,0.72622,0.02221
31,100,1,0.1,0.3,0.5,0.26827,0.72767,0.01944
32,100,1,0.1,0.3,0.5,0.26827,0.7275,0.02164
33,100,1,0.1,0.3,0.5,0.26827,0.72969,0.01799
34,100,1,0.1,0.3,0.5,0.26827,0.72961,0.01965
35,100,1,0.1,0.3,0.5,0.26827,0.7298,0.0173
36,100,1,0.1,0.3,0.5,0.26827,0.72796,0.02031
37,100,1,0.1,0.3,0.5,0.26827,0.72823,0.01904
38,100,1,0.1,0.3,0.5,0.26827,0.72877,0.01819
39,100,1,0.1,0.3,0.5,0.26827,0.72961,0.01773
40,100,1,0.1,0.3,0.5,0.26827,0.72687,0.02155
41,100,1,0.1,0.3,0.5,0.26827,0.72894,0.01803
42,100,1,0.1,0.3,0.5,0.26827,0.72784,0.02018
43,100,1,0.1,0.3,0.5,0.26827,0.72649,0.02062
44,100,1,0.1,0.3,0.5,0.26827,0.72888,0.01835
45,100,1,0.1,0.3,0.5,0.26827,0.72773,0.01965
46,100,1,0.1,0.3,0.5,0.26827,0.73086,0.0166
47,100,1,0.1,0.3,0.5,0.26827,0.73132,0.01611
48,100,1,0.1,0.3,0.5,0.26827,0.73221,0.01492
49,100,1,0.1,0.3,0.5,0.26827,0.72993,0.01808
50,100,1,0.1,0.3,0.5,0.26827,0.72802,0.01876
51,100,1,0.1,0.3,0.5,0.26827,0.73243,0.01401
52,100,1,0.1,0.3,0.5,0.26827,0.72825,0.01857
53,100,1,0.1,0.3,0.5,0.26827,0.72642,0.02136
54,100,1,0.1,0.3,0.5,0.26827,0.72904,0.0181
55,100,1,0.1,0.3,0.5,0.26827,0.72922,0.01719
56,100,1,0.1,0.3,0.5,0.26827,0.72774,0.0195
57,100,1,0.1,0.3,0.5,0.26827,0.72822,0.01921
58,100,1,0.1,0.3,0.5,0.26827,0.72634,0.02054
59,100,1,0.1,0.3,0.5,0.26827,0.73026,0.01655
60,100,1,0.1,0.3,0.5,0.26827,0.72483,0.02292
61,100,1,0.1,0.3,0.5,0.26827,0.72961,0.01714
62,100,1,0.1,0.3,0.5,0.26827,0.73143,0.01625
63,100,1,0.1,0.3,0.5,0.26827,0.73161,0.01484
64,100,1,0.1,0.3,0.5,0.26827,0.72779,0.02008
65,100,1,0.1,0.3,0.5,0.26827,0.72885,0.01826
66,100,1,0.1,0.3,0.5,0.26827,0.72514,0.02236
67,100,1,0.1,0.3,0.5,0.26827,0.72803,0.01839
68,100,1,0.1,0.3,0.5,0.26827,0.72774,0.019
69,100,1,0.1,0.3,0.5,0.26827,0.72985,0.01695
70,100,1,0.1,0.3,0.5,0.26827,0.73155,0.01513
71,100,1,0.1,0.3,0.5,0.26827,0.7257,0.02176
72,100,1,0.1,0.3,0.5,0.26827,0.72572,0.0215
73,100,1,0.1,0.3,0.5,0.26827,0.72626,0.02027
74,100,1,0.1,0.3,0.5,0.26827,0.72928,0.01721
75,100,1,0.1,0.3,0.5,0.26827,0.72841,0.01933
76,100,1,0.1,0.3,0.5,0.26827,0.72789,0.0227
77,100,1,0.1,0.3,0.5,0.26827,0.72901,0.01806
78,100,1,0.1,0.3,0.5,0.26827,0.7306,0.01866
79,100,1,0.1,0.3,0.5,0.26827,0.72963,0.01779
80,100,1,0.1,0.3,0.5,0.26827,0.72952,0.01706
81,100,1,0.1,0.3,0.5,0.26827,0.72604,0.02126
82,100,1,0.1,0.3,0.5,0.26827,0.72818,0.02232
83,100,1,0.1,0.3,0.5,0.26827,0.72877,0.01892
84,100,1,0.1,0.3,0.5,0.26827,0.72681,0.02095
85,100,1,0.1,0.3,0.5,0.26827,0.72826,0.01855
86,100,1,0.1,0.3,0.5,0.26827,0.73054,0.01579
87,100,1,0.1,0.3,0.5,0.26827,0.72745,0.01998
88,100,1,0.1,0.3,0.5,0.26827,0.72817,0.01846
89,100,1,0.1,0.3,0.5,0.26827,0.72907,0.01848
90,100,1,0.1,0.3,0.5,0.26827,0.73203,0.01476
91,100,1,0.1,0.3,0.5,0.26827,0.72857,0.01873
92,100,1,0.1,0.3,0.5,0.26827,0.72971,0.01687
93,100,1,0.1,0.3,0.5,0.26827,0.72628,0.02165
94,100,1,0.1,0.3,0.5,0.26827,0.726,0.02098
95,100,1,0.1,0.3,0.5,0.26827,0.72779,0.01914
96,100,1,0.1,0.3,0.5,0.26827,0.72913,0.01747
97,100,1,0.1,0.3,0.5,0.26827,0.72815,0.0189
98,100,1,0.1,0.3,0.5,0.26827,0.7302,0.01697
99,100,1,0.1,0.3,0.5,0.26827,0.72923,0.01772
0,100,1,0.1,0.3,0.5,0.2223,0.7224,0.02134
1,100,1,0.1,0.3,0.5,0.2223,0.7208,0.02263
2,100,1,0.1,0.3,0.5,0.2223,0.71903,0.02483
3,100,1,0.1,0.3,0.5,0.2223,0.71942,0.02314
4,100,1,0.1,0.3,0.5,0.2223,0.71855,0.02478
5,100,1,0.1,0.3,0.5,0.2223,0.72063,0.0233
6,100,1,0.1,0.3,0.5,0.2223,0.72227,0.02076
7,100,1,0.1,0.3,0.5,0.2223,0.72379,0.01862
8,100,1,0.1,0.3,0.5,0.2223,0.7259,0.01737
9,100,1,0.1,0.3,0.5,0.2223,0.71444,0.0288
10,100,1,0.1,0.3,0.5,0.2223,0.71678,0.0285
11,100,1,0.1,0.3,0.5,0.2223,0.72148,0.02313
12,100,1,0.1,0.3,0.5,0.2223,0.71717,0.02601
13,100,1,0.1,0.3,0.5,0.2223,0.71932,0.02412
14,100,1,0.1,0.3,0.5,0.2223,0.7203,0.02462
15,100,1,0.1,0.3,0.5,0.2223,0.71733,0.0266
16,100,1,0.1,0.3,0.5,0.2223,0.72092,0.02802
17,100,1,0.1,0.3,0.5,0.2223,0.7218,0.02072
18,100,1,0.1,0.3,0.5,0.2223,0.71717,0.0265
19,100,1,0.1,0.3,0.5,0.2223,0.71878,0.02359
20,100,1,0.1,0.3,0.5,0.2223,0.72121,0.02291
21,100,1,0.1,0.3,0.5,0.2223,0.7197,0.02317
22,100,1,0.1,0.3,0.5,0.2223,0.72445,0.01841
23,100,1,0.1,0.3,0.5,0.2223,0.72051,0.02366
24,100,1,0.1,0.3,0.5,0.2223,0.71967,0.02447
25,100,1,0.1,0.3,0.5,0.2223,0.72265,0.02004
26,100,1,0.1,0.3,0.5,0.2223,0.72035,0.02352
27,100,1,0.1,0.3,0.5,0.2223,0.72025,0.02458
28,100,1,0.1,0.3,0.5,0.2223,0.71969,0.02562
29,100,1,0.1,0.3,0.5,0.2223,0.72245,0.02129
30,100,1,0.1,0.3,0.5,0.2223,0.71753,0.02794
31,100,1,0.1,0.3,0.5,0.2223,0.71956,0.02384
32,100,1,0.1,0.3,0.5,0.2223,0.71933,0.02732
33,100,1,0.1,0.3,0.5,0.2223,0.72239,0.022
34,100,1,0.1,0.3,0.5,0.2223,0.72231,0.02462
35,100,1,0.1,0.3,0.5,0.2223,0.72252,0.02097
36,100,1,0.1,0.3,0.5,0.2223,0.71992,0.02538
37,100,1,0.1,0.3,0.5,0.2223,0.7203,0.02338
38,100,1,0.1,0.3,0.5,0.2223,0.72106,0.02215
39,100,1,0.1,0.3,0.5,0.2223,0.72224,0.0216
40,100,1,0.1,0.3,0.5,0.2223,0.71845,0.027
41,100,1,0.1,0.3,0.5,0.2223,0.72134,0.0219
42,100,1,0.1,0.3,0.5,0.2223,0.7198,0.02509
43,100,1,0.1,0.3,0.5,0.2223,0.71789,0.02549
44,100,1,0.1,0.3,0.5,0.2223,0.72125,0.02241
45,100,1,0.1,0.3,0.5,0.2223,0.71963,0.02419
46,100,1,0.1,0.3,0.5,0.2223,0.72399,0.0201
47,100,1,0.1,0.3,0.5,0.2223,0.72471,0.0194
48,100,1,0.1,0.3,0.5,0.2223,0.72592,0.01775
49,100,1,0.1,0.3,0.5,0.2223,0.72272,0.02222
50,100,1,0.1,0.3,0.5,0.2223,0.72002,0.02288
51,100,1,0.1,0.3,0.5,0.2223,0.72618,0.01632
52,100,1,0.1,0.3,0.5,0.2223,0.72035,0.02259
53,100,1,0.1,0.3,0.5,0.2223,0.71776,0.02668
54,100,1,0.1,0.3,0.5,0.2223,0.72148,0.02206
55,100,1,0.1,0.3,0.5,0.2223,0.72172,0.02061
56,100,1,0.1,0.3,0.5,0.2223,0.71963,0.02401
57,100,1,0.1,0.3,0.5,0.2223,0.72026,0.02369
58,100,1,0.1,0.3,0.5,0.2223,0.71768,0.02533
59,100,1,0.1,0.3,0.5,0.2223,0.72313,0.01991
60,100,1,0.1,0.3,0.5,0.2223,0.71556,0.0288
61,100,1,0.1,0.3,0.5,0.2223,0.72226,0.0206
62,100,1,0.1,0.3,0.5,0.2223,0.72484,0.01969
63,100,1,0.1,0.3,0.5,0.2223,0.72505,0.01743
64,100,1,0.1,0.3,0.5,0.2223,0.71968,0.02499
65,100,1,0.1,0.3,0.5,0.2223,0.72116,0.02231
66,100,1,0.1,0.3,0.5,0.2223,0.71593,0.02809
67,100,1,0.1,0.3,0.5,0.2223,0.72005,0.02225
68,100,1,0.1,0.3,0.5,0.2223,0.71966,0.02316
69,100,1,0.1,0.3,0.5,0.2223,0.7226,0.02036
70,100,1,0.1,0.3,0.5,0.2223,0.72498,0.01786
71,100,1,0.1,0.3,0.5,0.2223,0.71679,0.02714
72,100,1,0.1,0.3,0.5,0.2223,0.71681,0.02674
73,100,1,0.1,0.3,0.5,0.2223,0.71756,0.02488
74,100,1,0.1,0.3,0.5,0.2223,0.7218,0.02066
75,100,1,0.1,0.3,0.5,0.2223,0.72057,0.02389
76,100,1,0.1,0.3,0.5,0.2223,0.71976,0.0293
77,100,1,0.1,0.3,0.5,0.2223,0.72143,0.02192
78,100,1,0.1,0.3,0.5,0.2223,0.72368,0.02336
79,100,1,0.1,0.3,0.5,0.2223,0.72226,0.02169
80,100,1,0.1,0.3,0.5,0.2223,0.72213,0.02049
81,100,1,0.1,0.3,0.5,0.2223,0.71722,0.02647
82,100,1,0.1,0.3,0.5,0.2223,0.7203,0.02854
83,100,1,0.1,0.3,0.5,0.2223,0.72111,0.02328
84,100,1,0.1,0.3,0.5,0.2223,0.71833,0.02611
85,100,1,0.1,0.3,0.5,0.2223,0.72031,0.02264
86,100,1,0.1,0.3,0.5,0.2223,0.72357,0.01864
87,100,1,0.1,0.3,0.5,0.2223,0.71923,0.02469
88,100,1,0.1,0.3,0.5,0.2223,0.72025,0.0224
89,100,1,0.1,0.3,0.5,0.2223,0.72148,0.02271
90,100,1,0.1,0.3,0.5,0.2223,0.7257,0.01738
91,100,1,0.1,0.3,0.5,0.2223,0.72079,0.02298
92,100,1,0.1,0.3,0.5,0.2223,0.72243,0.02019
93,100,1,0.1,0.3,0.5,0.2223,0.7176,0.02706
94,100,1,0.1,0.3,0.5,0.2223,0.71716,0.026
95,100,1,0.1,0.3,0.5,0.2223,0.71968,0.02349
96,100,1,0.1,0.3,0.5,0.2223,0.72158,0.02107
97,100,1,0.1,0.3,0.5,0.2223,0.72024,0.02313
98,100,1,0.1,0.3,0.5,0.2223,0.72312,0.02052
99,100,1,0.1,0.3,0.5,0.2223,0.72173,0.02148
0,100,1,0.1,0.3,0.5,0.18421,0.71244,0.02419
1,100,1,0.1,0.3,0.5,0.18421,0.71025,0.02584
2,100,1,0.1,0.3,0.5,0.18421,0.70777,0.02898
3,100,1,0.1,0.3,0.5,0.18421,0.70836,0.02616
4,100,1,0.1,0.3,0.5,0.18421,0.70709,0.02875
5,100,1,0.1,0.3,0.5,0.18421,0.70997,0.02692
6,100,1,0.1,0.3,0.5,0.18421,0.71234,0.02315
7,100,1,0.1,0.3,0.5,0.18421,0.71442,0.02005
8,100,1,0.1,0.3,0.5,0.18421,0.71739,0.01883
9,100,1,0.1,0.3,0.5,0.18421,0.7014,0.03413
10,100,1,0.1,0.3,0.5,0.18421,0.70465,0.03431
11,100,1,0.1,0.3,0.5,0.18421,0.71122,0.0269
12,100,1,0.1,0.3,0.5,0.18421,0.70524,0.03028
13,100,1,0.1,0.3,0.5,0.18421,0.70817,0.02788
14,100,1,0.1,0.3,0.5,0.18421,0.70961,0.02894
15,100,1,0.1,0.3,0.5,0.18421,0.70547,0.03131
16,100,1,0.1,0.3,0.5,0.18421,0.71043,0.03474
17,100,1,0.1,0.3,0.5,0.18421,0.71167,0.02293
18,100,1,0.1,0.3,0.5,0.18421,0.70519,0.03112
19,100,1,0.1,0.3,0.5,0.18421,0.70747,0.02673
20,100,1,0.1,0.3,0.5,0.18421,0.71087,0.02647
21,100,1,0.1,0.3,0.5,0.18421,0.70873,0.02632
22,100,1,0.1,0.3,0.5,0.18421,0.71535,0.02001
23,100,1,0.1,0.3,0.5,0.18421,0.70982,0.0275
24,100,1,0.1,0.3,0.5,0.18421,0.7087,0.02856
25,100,1,0.1,0.3,0.5,0.18421,0.71282,0.0221
26,100,1,0.1,0.3,0.5,0.18421,0.70965,0.02718
27,100,1,0.1,0.3,0.5,0.18421,0.70951,0.02898
28,100,1,0.1,0.3,0.5,0.18421,0.70874,0.03042
29,100,1,0.1,0.3,0.5,0.18421,0.71258,0.02417
30,100,1,0.1,0.3,0.5,0.18421,0.70577,0.03353
31,100,1,0.1,0.3,0.5,0.18421,0.70856,0.02741
32,100,1,0.1,0.3,0.5,0.18421,0.7083,0.03305
33,100,1,0.1,0.3,0.5,0.18421,0.71249,0.02529
34,100,1,0.1,0.3,0.5,0.18421,0.71246,0.02958
35,100,1,0.1,0.3,0.5,0.18421,0.71262,0.0237
36,100,1,0.1,0.3,0.5,0.18421,0.70899,0.03022
37,100,1,0.1,0.3,0.5,0.18421,0.70951,0.02695
38,100,1,0.1,0.3,0.5,0.18421,0.71056,0.02518
39,100,1,0.1,0.3,0.5,0.18421,0.71223,0.02463
40,100,1,0.1,0.3,0.5,0.18421,0.70707,0.03224
41,100,1,0.1,0.3,0.5,0.18421,0.71103,0.02479
42,100,1,0.1,0.3,0.5,0.18421,0.70891,0.02959
43,100,1,0.1,0.3,0.5,0.18421,0.70622,0.02963
44,100,1,0.1,0.3,0.5,0.18421,0.71091,0.02561
45,100,1,0.1,0.3,0.5,0.18421,0.70865,0.02803
46,100,1,0.1,0.3,0.5,0.18421,0.71466,0.02276
47,100,1,0.1,0.3,0.5,0.18421,0.71576,0.02183
48,100,1,0.1,0.3,0.5,0.18421,0.71737,0.01958
49,100,1,0.1,0.3,0.5,0.18421,0.71294,0.02582
50,100,1,0.1,0.3,0.5,0.18421,0.70915,0.02601
51,100,1,0.1,0.3,0.5,0.18421,0.71765,0.01718
52,100,1,0.1,0.3,0.5,0.18421,0.70962,0.02558
53,100,1,0.1,0.3,0.5,0.18421,0.706,0.03161
54,100,1,0.1,0.3,0.5,0.18421,0.71122,0.02512
55,100,1,0.1,0.3,0.5,0.18421,0.71154,0.02273
56,100,1,0.1,0.3,0.5,0.18421,0.70863,0.02777
57,100,1,0.1,0.3,0.5,0.18421,0.70944,0.0275
58,100,1,0.1,0.3,0.5,0.18421,0.70591,0.02934
59,100,1,0.1,0.3,0.5,0.18421,0.71344,0.02219
60,100,1,0.1,0.3,0.5,0.18421,0.70299,0.03439
61,100,1,0.1,0.3,0.5,0.18421,0.71229,0.02288
62,100,1,0.1,0.3,0.5,0.18421,0.7159,0.02244
63,100,1,0.1,0.3,0.5,0.18421,0.71613,0.01863
64,100,1,0.1,0.3,0.5,0.18421,0.70865,0.02945
65,100,1,0.1,0.3,0.5,0.18421,0.7107,0.0255
66,100,1,0.1,0.3,0.5,0.18421,0.70338,0.03355
67,100,1,0.1,0.3,0.5,0.18421,0.70922,0.02491
68,100,1,0.1,0.3,0.5,0.18421,0.7087,0.02629
69,100,1,0.1,0.3,0.5,0.18421,0.71276,0.0226
70,100,1,0.1,0.3,0.5,0.18421,0.71605,0.01931
71,100,1,0.1,0.3,0.5,0.18421,0.70471,0.03204
72,100,1,0.1,0.3,0.5,0.18421,0.70473,0.0314
73,100,1,0.1,0.3,0.5,0.18421,0.70576,0.02851
74,100,1,0.1,0.3,0.5,0.18421,0.71165,0.02286
75,100,1,0.1,0.3,0.5,0.18421,0.70992,0.02791
76,100,1,0.1,0.3,0.5,0.18421,0.70871,0.03667
77,100,1,0.1,0.3,0.5,0.18421,0.71114,0.0248
78,100,1,0.1,0.3,0.5,0.18421,0.71433,0.02804
79,100,1,0.1,0.3,0.5,0.18421,0.71226,0.02477
80,100,1,0.1,0.3,0.5,0.18421,0.7121,0.0227
81,100,1,0.1,0.3,0.5,0.18421,0.70523,0.03113
82,100,1,0.1,0.3,0.5,0.18421,0.70968,0.03525
83,100,1,0.1,0.3,0.5,0.18421,0.71073,0.02703
84,100,1,0.1,0.3,0.5,0.18421,0.70683,0.03082
85,100,1,0.1,0.3,0.5,0.18421,0.70947,0.02579
86,100,1,0.1,0.3,0.5,0.18421,0.71412,0.02001
87,100,1,0.1,0.3,0.5,0.18421,0.70809,0.02877
88,100,1,0.1,0.3,0.5,0.18421,0.70949,0.02522
89,100,1,0.1,0.3,0.5,0.18421,0.71118,0.02629
90,100,1,0.1,0.3,0.5,0.18421,0.71711,0.01878
91,100,1,0.1,0.3,0.5,0.18421,0.71022,0.02648
92,100,1,0.1,0.3,0.5,0.18421,0.71256,0.02225
93,100,1,0.1,0.3,0.5,0.18421,0.70584,0.03209
94,100,1,0.1,0.3,0.5,0.18421,0.70516,0.03034
95,100,1,0.1,0.3,0.5,0.18421,0.70864,0.02702
96,100,1,0.1,0.3,0.5,0.18421,0.7113,0.02352
97,100,1,0.1,0.3,0.5,0.18421,0.7095,0.02652
98,100,1,0.1,0.3,0.5,0.18421,0.71351,0.02315
99,100,1,0.1,0.3,0.5,0.18421,0.71156,0.02425
0,100,1,0.1,0.3,0.5,0.15264,0.69918,0.02595
1,100,1,0.1,0.3,0.5,0.15264,0.69623,0.02789
2,100,1,0.1,0.3,0.5,0.15264,0.69279,0.0323
3,100,1,0.1,0.3,0.5,0.15264,0.69364,0.02748
4,100,1,0.1,0.3,0.5,0.15264,0.69184,0.03161
5,100,1,0.1,0.3,0.5,0.15264,0.69578,0.02964
6,100,1,0.1,0.3,0.5,0.15264,0.69914,0.02408
7,100,1,0.1,0.3,0.5,0.15264,0.70194,0.01958
8,100,1,0.1,0.3,0.5,0.15264,0.70609,0.01927
9,100,1,0.1,0.3,0.5,0.15264,0.68405,0.03858
10,100,1,0.1,0.3,0.5,0.15264,0.68855,0.03995
11,100,1,0.1,0.3,0.5,0.15264,0.69759,0.03011
12,100,1,0.1,0.3,0.5,0.15264,0.68939,0.03338
13,100,1,0.1,0.3,0.5,0.15264,0.69334,0.03057
14,100,1,0.1,0.3,0.5,0.15264,0.69545,0.0328
15,100,1,0.1,0.3,0.5,0.15264,0.68973,0.03518
16,100,1,0.1,0.3,0.5,0.15264,0.69655,0.04255
17,100,1,0.1,0.3,0.5,0.15264,0.6982,0.0234
18,100,1,0.1,0.3,0.5,0.15264,0.68925,0.03483
19,100,1,0.1,0.3,0.5,0.15264,0.69242,0.02816
20,100,1,0.1,0.3,0.5,0.15264,0.69716,0.02922
21,100,1,0.1,0.3,0.5,0.15264,0.69415,0.02796
22,100,1,0.1,0.3,0.5,0.15264,0.70325,0.02018
23,100,1,0.1,0.3,0.5,0.15264,0.69561,0.03059
24,100,1,0.1,0.3,0.5,0.15264,0.69412,0.03191
25,100,1,0.1,0.3,0.5,0.15264,0.69974,0.02253
26,100,1,0.1,0.3,0.5,0.15264,0.69545,0.0299
27,100,1,0.1,0.3,0.5,0.15264,0.69524,0.03296
28,100,1,0.1,0.3,0.5,0.15264,0.69423,0.0349
29,100,1,0.1,0.3,0.5,0.15264,0.69946,0.02611
30,100,1,0.1,0.3,0.5,0.15264,0.69019,0.03893
31,100,1,0.1,0.3,0.5,0.15264,0.69395,0.02979
32,100,1,0.1,0.3,0.5,0.15264,0.6937,0.03902
33,100,1,0.1,0.3,0.5,0.15264,0.69936,0.02783
34,100,1,0.1,0.3,0.5,0.15264,0.69943,0.03488
35,100,1,0.1,0.3,0.5,0.15264,0.69945,0.0254
36,100,1,0.1,0.3,0.5,0.15264,0.69446,0.0349
37,100,1,0.1,0.3,0.5,0.15264,0.69514,0.02949
38,100,1,0.1,0.3,0.5,0.15264,0.69658,0.02697
39,100,1,0.1,0.3,0.5,0.15264,0.69891,0.02672
40,100,1,0.1,0.3,0.5,0.15264,0.69199,0.03718
41,100,1,0.1,0.3,0.5,0.15264,0.69732,0.0264
42,100,1,0.1,0.3,0.5,0.15264,0.69446,0.03365
43,100,1,0.1,0.3,0.5,0.15264,0.69073,0.03265
44,100,1,0.1,0.3,0.5,0.15264,0.69716,0.02778
45,100,1,0.1,0.3,0.5,0.15264,0.69405,0.03088
46,100,1,0.1,0.3,0.5,0.15264,0.70224,0.02476
47,100,1,0.1,0.3,0.5,0.15264,0.70389,0.02364
48,100,1,0.1,0.3,0.5,0.15264,0.706,0.02074
49,100,1,0.1,0.3,0.5,0.15264,0.69998,0.02897
50,100,1,0.1,0.3,0.5,0.15264,0.69468,0.02774
51,100,1,0.1,0.3,0.5,0.15264,0.70624,0.01654
52,100,1,0.1,0.3,0.5,0.15264,0.69533,0.02711
53,100,1,0.1,0.3,0.5,0.15264,0.69035,0.03597
54,100,1,0.1,0.3,0.5,0.15264,0.69758,0.02711
55,100,1,0.1,0.3,0.5,0.15264,0.698,0.02299
56,100,1,0.1,0.3,0.5,0.15264,0.694,0.03052
57,100,1,0.1,0.3,0.5,0.15264,0.69503,0.0305
58,100,1,0.1,0.3,0.5,0.15264,0.69027,0.03208
59,100,1,0.1,0.3,0.5,0.15264,0.70051,0.02319
60,100,1,0.1,0.3,0.5,0.15264,0.68632,0.03944
61,100,1,0.1,0.3,0.5,0.15264,0.69903,0.02357
62,100,1,0.1,0.3,0.5,0.15264,0.70403,0.02486
63,100,1,0.1,0.3,0.5,0.15264,0.70423,0.01822
64,100,1,0.1,0.3,0.5,0.15264,0.69397,0.03343
65,100,1,0.1,0.3,0.5,0.15264,0.69677,0.02765
66,100,1,0.1,0.3,0.5,0.15264,0.68667,0.03852
67,100,1,0.1,0.3,0.5,0.15264,0.6948,0.02574
68,100,1,0.1,0.3,0.5,0.15264,0.69414,0.02785
69,100,1,0.1,0.3,0.5,0.15264,0.69965,0.02337
70,100,1,0.1,0.3,0.5,0.15264,0.70415,0.01936
71,100,1,0.1,0.3,0.5,0.15264,0.68868,0.03619
72,100,1,0.1,0.3,0.5,0.15264,0.68869,0.03515
73,100,1,0.1,0.3,0.5,0.15264,0.69006,0.03056
74,100,1,0.1,0.3,0.5,0.15264,0.69813,0.0233
75,100,1,0.1,0.3,0.5,0.15264,0.69576,0.03135
76,100,1,0.1,0.3,0.5,0.15264,0.69405,0.0454
77,100,1,0.1,0.3,0.5,0.15264,0.69747,0.02635
78,100,1,0.1,0.3,0.5,0.15264,0.70196,0.03325
79,100,1,0.1,0.3,0.5,0.15264,0.69896,0.02691
80,100,1,0.1,0.3,0.5,0.15264,0.69875,0.02326
81,100,1,0.1,0.3,0.5,0.15264,0.68928,0.03495
82,100,1,0.1,0.3,0.5,0.15264,0.69567,0.04291
83,100,1,0.1,0.3,0.5,0.15264,0.69695,0.03013
84,100,1,0.1,0.3,0.5,0.15264,0.69157,0.03489
85,100,1,0.1,0.3,0.5,0.15264,0.695,0.02761
86,100,1,0.1,0.3,0.5,0.15264,0.70153,0.01936
87,100,1,0.1,0.3,0.5,0.15264,0.6933,0.03197
88,100,1,0.1,0.3,0.5,0.15264,0.69519,0.02641
89,100,1,0.1,0.3,0.5,0.15264,0.69747,0.02923
90,100,1,0.1,0.3,0.5,0.15264,0.7057,0.01908
91,100,1,0.1,0.3,0.5,0.15264,0.69615,0.02908
92,100,1,0.1,0.3,0.5,0.15264,0.69943,0.02257
93,100,1,0.1,0.3,0.5,0.15264,0.69025,0.03657
94,100,1,0.1,0.3,0.5,0.15264,0.68916,0.03362
95,100,1,0.1,0.3,0.5,0.15264,0.69393,0.02939
96,100,1,0.1,0.3,0.5,0.15264,0.69762,0.02437
97,100,1,0.1,0.3,0.5,0.15264,0.69523,0.02878
98,100,1,0.1,0.3,0.5,0.15264,0.70074,0.02482
99,100,1,0.1,0.3,0.5,0.15264,0.69802,0.02576
0,100,1,0.1,0.3,0.5,0.12649,0.68197,0.02741
1,100,1,0.1,0.3,0.5,0.12649,0.67805,0.02935
2,100,1,0.1,0.3,0.5,0.12649,0.67336,0.03537
3,100,1,0.1,0.3,0.5,0.12649,0.67454,0.02713
4,100,1,0.1,0.3,0.5,0.12649,0.67208,0.03371
5,100,1,0.1,0.3,0.5,0.12649,0.67735,0.03218
6,100,1,0.1,0.3,0.5,0.12649,0.68205,0.02421
7,100,1,0.1,0.3,0.5,0.12649,0.68574,0.01791
8,100,1,0.1,0.3,0.5,0.12649,0.69146,0.02063
9,100,1,0.1,0.3,0.5,0.12649,0.66158,0.04231
10,100,1,0.1,0.3,0.5,0.12649,0.66775,0.046
11,100,1,0.1,0.3,0.5,0.12649,0.67995,0.03369
12,100,1,0.1,0.3,0.5,0.12649,0.66887,0.03552
13,100,1,0.1,0.3,0.5,0.12649,0.67411,0.03268
14,100,1,0.1,0.3,0.5,0.12649,0.67719,0.03696
15,100,1,0.1,0.3,0.5,0.12649,0.6694,0.03855
16,100,1,0.1,0.3,0.5,0.12649,0.67869,0.0526
17,100,1,0.1,0.3,0.5,0.12649,0.68073,0.02251
18,100,1,0.1,0.3,0.5,0.12649,0.6686,0.03787
19,100,1,0.1,0.3,0.5,0.12649,0.67292,0.02776
20,100,1,0.1,0.3,0.5,0.12649,0.67945,0.03198
21,100,1,0.1,0.3,0.5,0.12649,0.67525,0.02826
22,100,1,0.1,0.3,0.5,0.12649,0.68755,0.02013
23,100,1,0.1,0.3,0.5,0.12649,0.67719,0.03364
24,100,1,0.1,0.3,0.5,0.12649,0.67527,0.03515
25,100,1,0.1,0.3,0.5,0.12649,0.68275,0.02191
26,100,1,0.1,0.3,0.5,0.12649,0.67708,0.03232
27,100,1,0.1,0.3,0.5,0.12649,0.67679,0.03739
28,100,1,0.1,0.3,0.5,0.12649,0.6755,0.03983
29,100,1,0.1,0.3,0.5,0.12649,0.68248,0.02813
30,100,1,0.1,0.3,0.5,0.12649,0.67011,0.04481
31,100,1,0.1,0.3,0.5,0.12649,0.67503,0.03142
32,100,1,0.1,0.3,0.5,0.12649,0.67494,0.04617
33,100,1,0.1,0.3,0.5,0.12649,0.6824,0.03056
34,100,1,0.1,0.3,0.5,0.12649,0.68269,0.04174
35,100,1,0.1,0.3,0.5,0.12649,0.68235,0.02702
36,100,1,0.1,0.3,0.5,0.12649,0.67564,0.04033
37,100,1,0.1,0.3,0.5,0.12649,0.67648,0.03158
38,100,1,0.1,0.3,0.5,0.12649,0.67841,0.02813
39,100,1,0.1,0.3,0.5,0.12649,0.68163,0.02878
40,100,1,0.1,0.3,0.5,0.12649,0.67255,0.04245
41,100,1,0.1,0.3,0.5,0.12649,0.67958,0.02738
42,100,1,0.1,0.3,0.5,0.12649,0.67578,0.03806
43,100,1,0.1,0.3,0.5,0.12649,0.67067,0.03475
44,100,1,0.1,0.3,0.5,0.12649,0.67936,0.02962
45,100,1,0.1,0.3,0.5,0.12649,0.67516,0.03327
46,100,1,0.1,0.3,0.5,0.12649,0.68613,0.02752
47,100,1,0.1,0.3,0.5,0.12649,0.68854,0.02646
48,100,1,0.1,0.3,0.5,0.12649,0.69125,0.02323
49,100,1,0.1,0.3,0.5,0.12649,0.68322,0.03275
50,100,1,0.1,0.3,0.5,0.12649,0.6759,0.02841
51,100,1,0.1,0.3,0.5,0.12649,0.69135,0.01621
52,100,1,0.1,0.3,0.5,0.12649,0.6768,0.02751
53,100,1,0.1,0.3,0.5,0.12649,0.67009,0.04028
54,100,1,0.1,0.3,0.5,0.12649,0.67991,0.02877
55,100,1,0.1,0.3,0.5,0.12649,0.68041,0.02162
56,100,1,0.1,0.3,0.5,0.12649,0.67506,0.03272
57,100,1,0.1,0.3,0.5,0.12649,0.67633,0.03336
58,100,1,0.1,0.3,0.5,0.12649,0.67,0.03374
59,100,1,0.1,0.3,0.5,0.12649,0.68371,0.02382
60,100,1,0.1,0.3,0.5,0.12649,0.66478,0.04429
61,100,1,0.1,0.3,0.5,0.12649,0.68183,0.02318
62,100,1,0.1,0.3,0.5,0.12649,0.68869,0.02862
63,100,1,0.1,0.3,0.5,0.12649,0.68875,0.01754
64,100,1,0.1,0.3,0.5,0.12649,0.67493,0.03767
65,100,1,0.1,0.3,0.5,0.12649,0.67867,0.02942
66,100,1,0.1,0.3,0.5,0.12649,0.66498,0.04346
67,100,1,0.1,0.3,0.5,0.12649,0.6761,0.02471
68,100,1,0.1,0.3,0.5,0.12649,0.67529,0.02797
69,100,1,0.1,0.3,0.5,0.12649,0.68265,0.0234
70,100,1,0.1,0.3,0.5,0.12649,0.68869,0.01947
71,100,1,0.1,0.3,0.5,0.12649,0.66794,0.03999
72,100,1,0.1,0.3,0.5,0.12649,0.66793,0.03829
73,100,1,0.1,0.3,0.5,0.12649,0.66971,0.0309
74,100,1,0.1,0.3,0.5,0.12649,0.68058,0.0223
75,100,1,0.1,0.3,0.5,0.12649,0.67742,0.03505
76,100,1,0.1,0.3,0.5,0.12649,0.67517,0.05667
77,100,1,0.1,0.3,0.5,0.12649,0.67976,0.02712
78,100,1,0.1,0.3,0.5,0.12649,0.68605,0.04037
79,100,1,0.1,0.3,0.5,0.12649,0.68171,0.02897
80,100,1,0.1,0.3,0.5,0.12649,0.68143,0.02266
81,100,1,0.1,0.3,0.5,0.12649,0.66861,0.03826
82,100,1,0.1,0.3,0.5,0.12649,0.67776,0.0526
83,100,1,0.1,0.3,0.5,0.12649,0.67913,0.0335
84,100,1,0.1,0.3,0.5,0.12649,0.67186,0.03881
85,100,1,0.1,0.3,0.5,0.12649,0.67618,0.02852
86,100,1,0.1,0.3,0.5,0.12649,0.68518,0.01717
87,100,1,0.1,0.3,0.5,0.12649,0.67418,0.03482
88,100,1,0.1,0.3,0.5,0.12649,0.67664,0.02616
89,100,1,0.1,0.3,0.5,0.12649,0.67969,0.03247
90,100,1,0.1,0.3,0.5,0.12649,0.69092,0.02021
91,100,1,0.1,0.3,0.5,0.12649,0.67789,0.03155
92,100,1,0.1,0.3,0.5,0.12649,0.68239,0.0216
93,100,1,0.1,0.3,0.5,0.12649,0.67014,0.04101
94,100,1,0.1,0.3,0.5,0.12649,0.66841,0.03607
95,100,1,0.1,0.3,0.5,0.12649,0.67482,0.03107
96,100,1,0.1,0.3,0.5,0.12649,0.67984,0.02404
97,100,1,0.1,0.3,0.5,0.12649,0.67674,0.03046
98,100,1,0.1,0.3,0.5,0.12649,0.68421,0.02665
99,100,1,0.1,0.3,0.5,0.12649,0.68047,0.02673
0,100,1,0.1,0.3,0.5,0.10481,0.66035,0.03037
1,100,1,0.1,0.3,0.5,0.10481,0.65526,0.03173
2,100,1,0.1,0.3,0.5,0.10481,0.64898,0.03957
3,100,1,0.1,0.3,0.5,0.10481,0.65052,0.02599
4,100,1,0.1,0.3,0.5,0.10481,0.64729,0.03615
5,100,1,0.1,0.3,0.5,0.10481,0.65421,0.03617
6,100,1,0.1,0.3,0.5,0.10481,0.66062,0.02549
7,100,1,0.1,0.3,0.5,0.10481,0.66537,0.01785
8,100,1,0.1,0.3,0.5,0.10481,0.67309,0.02604
9,100,1,0.1,0.3,0.5,0.10481,0.63342,0.04621
10,100,1,0.1,0.3,0.5,0.10481,0.64177,0.0536
11,100,1,0.1,0.3,0.5,0.10481,0.65789,0.03935
12,100,1,0.1,0.3,0.5,0.10481,0.64313,0.03773
13,100,1,0.1,0.3,0.5,0.10481,0.64999,0.03553
14,100,1,0.1,0.3,0.5,0.10481,0.65442,0.0428
15,100,1,0.1,0.3,0.5,0.10481,0.64396,0.0424
16,100,1,0.1,0.3,0.5,0.10481,0.65658,0.06613
17,100,1,0.1,0.3,0.5,0.10481,0.65878,0.02202
18,100,1,0.1,0.3,0.5,0.10481,0.64273,0.04118
19,100,1,0.1,0.3,0.5,0.10481,0.64842,0.02622
20,100,1,0.1,0.3,0.5,0.10481,0.6573,0.03631
21,100,1,0.1,0.3,0.5,0.10481,0.65152,0.02834
22,100,1,0.1,0.3,0.5,0.10481,0.66781,0.02277
23,100,1,0.1,0.3,0.5,0.10481,0.65412,0.03814
24,100,1,0.1,0.3,0.5,0.10481,0.65168,0.03969
25,100,1,0.1,0.3,0.5,0.10481,0.66139,0.02228
26,100,1,0.1,0.3,0.5,0.10481,0.65409,0.03586
27,100,1,0.1,0.3,0.5,0.10481,0.65371,0.04372
28,100,1,0.1,0.3,0.5,0.10481,0.65213,0.04646
29,100,1,0.1,0.3,0.5,0.10481,0.66115,0.03225
30,100,1,0.1,0.3,0.5,0.10481,0.64509,0.05233
31,100,1,0.1,0.3,0.5,0.10481,0.65133,0.03366
32,100,1,0.1,0.3,0.5,0.10481,0.65165,0.05586
33,100,1,0.1,0.3,0.5,0.10481,0.66117,0.03517
34,100,1,0.1,0.3,0.5,0.10481,0.6619,0.05165
35,100,1,0.1,0.3,0.5,0.10481,0.66087,0.03066
36,100,1,0.1,0.3,0.5,0.10481,0.65206,0.04795
37,100,1,0.1,0.3,0.5,0.10481,0.65304,0.03467
38,100,1,0.1,0.3,0.5,0.10481,0.65553,0.03029
39,100,1,0.1,0.3,0.5,0.10481,0.65996,0.03266
40,100,1,0.1,0.3,0.5,0.10481,0.64834,0.04923
41,100,1,0.1,0.3,0.5,0.10481,0.65732,0.02945
42,100,1,0.1,0.3,0.5,0.10481,0.65241,0.04426
43,100,1,0.1,0.3,0.5,0.10481,0.64554,0.03691
44,100,1,0.1,0.3,0.5,0.10481,0.65703,0.03279
45,100,1,0.1,0.3,0.5,0.10481,0.65151,0.03654
46,100,1,0.1,0.3,0.5,0.10481,0.6659,0.03348
47,100,1,0.1,0.3,0.5,0.10481,0.66934,0.03272
48,100,1,0.1,0.3,0.5,0.10481,0.67271,0.02984
49,100,1,0.1,0.3,0.5,0.10481,0.66228,0.03882
50,100,1,0.1,0.3,0.5,0.10481,0.65232,0.02938
51,100,1,0.1,0.3,0.5,0.10481,0.67249,0.02012
52,100,1,0.1,0.3,0.5,0.10481,0.65352,0.02817
53,100,1,0.1,0.3,0.5,0.10481,0.64472,0.04569
54,100,1,0.1,0.3,0.5,0.10481,0.65774,0.03184
55,100,1,0.1,0.3,0.5,0.10481,0.65828,0.02017
56,100,1,0.1,0.3,0.5,0.10481,0.65134,0.03565
57,100,1,0.1,0.3,0.5,0.10481,0.65286,0.03754
58,100,1,0.1,0.3,0.5,0.10481,0.64457,0.03529
59,100,1,0.1,0.3,0.5,0.10481,0.66253,0.02621
60,100,1,0.1,0.3,0.5,0.10481,0.63788,0.04986
61,100,1,0.1,0.3,0.5,0.10481,0.66021,0.02351
62,100,1,0.1,0.3,0.5,0.10481,0.66949,0.03595
63,100,1,0.1,0.3,0.5,0.10481,0.66922,0.02002
64,100,1,0.1,0.3,0.5,0.10481,0.65104,0.04356
65,100,1,0.1,0.3,0.5,0.10481,0.6559,0.03243
66,100,1,0.1,0.3,0.5,0.10481,0.63777,0.0495
67,100,1,0.1,0.3,0.5,0.10481,0.65257,0.02271
68,100,1,0.1,0.3,0.5,0.10481,0.65165,0.02759
69,100,1,0.1,0.3,0.5,0.10481,0.66127,0.02485
70,100,1,0.1,0.3,0.5,0.10481,0.66923,0.02278
71,100,1,0.1,0.3,0.5,0.10481,0.64198,0.04458
72,100,1,0.1,0.3,0.5,0.10481,0.64196,0.0419
73,100,1,0.1,0.3,0.5,0.10481,0.64415,0.03014
74,100,1,0.1,0.3,0.5,0.10481,0.65851,0.02154
75,100,1,0.1,0.3,0.5,0.10481,0.65442,0.04053
76,100,1,0.1,0.3,0.5,0.10481,0.65178,0.07186
77,100,1,0.1,0.3,0.5,0.10481,0.65755,0.0287
78,100,1,0.1,0.3,0.5,0.10481,0.66631,0.05094
79,100,1,0.1,0.3,0.5,0.10481,0.66008,0.03272
80,100,1,0.1,0.3,0.5,0.10481,0.65962,0.02274
81,100,1,0.1,0.3,0.5,0.10481,0.64269,0.0421
82,100,1,0.1,0.3,0.5,0.10481,0.65568,0.06553
83,100,1,0.1,0.3,0.5,0.10481,0.65684,0.03885
84,100,1,0.1,0.3,0.5,0.10481,0.64726,0.04368
85,100,1,0.1,0.3,0.5,0.10481,0.65247,0.02992
86,100,1,0.1,0.3,0.5,0.10481,0.66457,0.016
87,100,1,0.1,0.3,0.5,0.10481,0.65025,0.03861
88,100,1,0.1,0.3,0.5,0.10481,0.65333,0.02563
89,100,1,0.1,0.3,0.5,0.10481,0.65736,0.03781
90,100,1,0.1,0.3,0.5,0.10481,0.67235,0.02545
91,100,1,0.1,0.3,0.5,0.10481,0.65497,0.03557
92,100,1,0.1,0.3,0.5,0.10481,0.66095,0.0211
93,100,1,0.1,0.3,0.5,0.10481,0.64506,0.04656
94,100,1,0.1,0.3,0.5,0.10481,0.64232,0.0388
95,100,1,0.1,0.3,0.5,0.10481,0.65079,0.03343
96,100,1,0.1,0.3,0.5,0.10481,0.65746,0.02414
97,100,1,0.1,0.3,0.5,0.10481,0.65353,0.0331
98,100,1,0.1,0.3,0.5,0.10481,0.66346,0.03079
99,100,1,0.1,0.3,0.5,0.10481,0.65843,0.02894
0,100,1,0.1,0.3,0.5,0.08685,0.63422,0.03646
1,100,1,0.1,0.3,0.5,0.08685,0.62775,0.03656
2,100,1,0.1,0.3,0.5,0.08685,0.61958,0.04636
3,100,1,0.1,0.3,0.5,0.08685,0.62144,0.02579
4,100,1,0.1,0.3,0.5,0.08685,0.61741,0.04021
5,100,1,0.1,0.3,0.5,0.08685,0.62628,0.0433
6,100,1,0.1,0.3,0.5,0.08685,0.63474,0.03
7,100,1,0.1,0.3,0.5,0.08685,0.6407,0.02267
8,100,1,0.1,0.3,0.5,0.08685,0.65086,0.03635
9,100,1,0.1,0.3,0.5,0.08685,0.59956,0.05156
10,100,1,0.1,0.3,0.5,0.08685,0.61069,0.06374
11,100,1,0.1,0.3,0.5,0.08685,0.63135,0.04828
12,100,1,0.1,0.3,0.5,0.08685,0.61211,0.04152
13,100,1,0.1,0.3,0.5,0.08685,0.62092,0.04062
14,100,1,0.1,0.3,0.5,0.08685,0.62712,0.05123
15,100,1,0.1,0.3,0.5,0.08685,0.61339,0.04779
16,100,1,0.1,0.3,0.5,0.08685,0.63039,0.0837
17,100,1,0.1,0.3,0.5,0.08685,0.63222,0.02439
18,100,1,0.1,0.3,0.5,0.08685,0.6116,0.04583
19,100,1,0.1,0.3,0.5,0.08685,0.6188,0.02489
20,100,1,0.1,0.3,0.5,0.08685,0.63067,0.04335
21,100,1,0.1,0.3,0.5,0.08685,0.62286,0.02987
22,100,1,0.1,0.3,0.5,0.08685,0.64389,0.02991
23,100,1,0.1,0.3,0.5,0.08685,0.62636,0.0454
24,100,1,0.1,0.3,0.5,0.08685,0.62333,0.04681
25,100,1,0.1,0.3,0.5,0.08685,0.63551,0.02606
26,100,1,0.1,0.3,0.5,0.08685,0.62644,0.04182
27,100,1,0.1,0.3,0.5,0.08685,0.62597,0.053
28,100,1,0.1,0.3,0.5,0.08685,0.62414,0.05563
29,100,1,0.1,0.3,0.5,0.08685,0.63539,0.03995
30,100,1,0.1,0.3,0.5,0.08685,0.61521,0.06248
31,100,1,0.1,0.3,0.5,0.08685,0.6228,0.03815
32,100,1,0.1,0.3,0.5,0.08685,0.62399,0.06896
33,100,1,0.1,0.3,0.5,0.08685,0.63564,0.04278
34,100,1,0.1,0.3,0.5,0.08685,0.63716,0.06523
35,100,1,0.1,0.3,0.5,0.08685,0.63491,0.03791
36,100,1,0.1,0.3,0.5,0.08685,0.6237,0.05881
37,100,1,0.1,0.3,0.5,0.08685,0.62476,0.04024
38,100,1,0.1,0.3,0.5,0.08685,0.62784,0.0352
39,100,1,0.1,0.3,0.5,0.08685,0.63382,0.03984
40,100,1,0.1,0.3,0.5,0.08685,0.61939,0.05841
41,100,1,0.1,0.3,0.5,0.08685,0.63048,0.03443
42,100,1,0.1,0.3,0.5,0.08685,0.62433,0.05335
43,100,1,0.1,0.3,0.5,0.08685,0.61528,0.04032
44,100,1,0.1,0.3,0.5,0.08685,0.63005,0.03873
45,100,1,0.1,0.3,0.5,0.08685,0.62306,0.04213
46,100,1,0.1,0.3,0.5,0.08685,0.64151,0.04408
47,100,1,0.1,0.3,0.5,0.08685,0.64619,0.04339
48,100,1,0.1,0.3,0.5,0.08685,0.65028,0.0413
49,100,1,0.1,0.3,0.5,0.08685,0.63713,0.04806
50,100,1,0.1,0.3,0.5,0.08685,0.62384,0.03245
51,100,1,0.1,0.3,0.5,0.08685,0.64945,0.02942
52,100,1,0.1,0.3,0.5,0.08685,0.62539,0.03102
53,100,1,0.1,0.3,0.5,0.08685,0.61424,0.05338
54,100,1,0.1,0.3,0.5,0.08685,0.63096,0.03777
55,100,1,0.1,0.3,0.5,0.08685,0.63146,0.02125
56,100,1,0.1,0.3,0.5,0.08685,0.62278,0.04057
57,100,1,0.1,0.3,0.5,0.08685,0.62455,0.04445
58,100,1,0.1,0.3,0.5,0.08685,0.61392,0.03815
59,100,1,0.1,0.3,0.5,0.08685,0.63684,0.03203
60,100,1,0.1,0.3,0.5,0.08685,0.60565,0.05711
61,100,1,0.1,0.3,0.5,0.08685,0.63407,0.02667
62,100,1,0.1,0.3,0.5,0.08685,0.64638,0.04761
63,100,1,0.1,0.3,0.5,0.08685,0.6455,0.02756
64,100,1,0.1,0.3,0.5,0.08685,0.62226,0.0522
65,100,1,0.1,0.3,0.5,0.08685,0.62836,0.03811
66,100,1,0.1,0.3,0.5,0.08685,0.60502,0.05787
67,100,1,0.1,0.3,0.5,0.08685,0.62409,0.02155
68,100,1,0.1,0.3,0.5,0.08685,0.62313,0.02814
69,100,1,0.1,0.3,0.5,0.08685,0.6354,0.03004
70,100,1,0.1,0.3,0.5,0.08685,0.64563,0.03086
71,100,1,0.1,0.3,0.5,0.08685,0.61078,0.05126
72,100,1,0.1,0.3,0.5,0.08685,0.61073,0.04726
73,100,1,0.1,0.3,0.5,0.08685,0.61327,0.02938
74,100,1,0.1,0.3,0.5,0.08685,0.63177,0.02342
75,100,1,0.1,0.3,0.5,0.08685,0.62673,0.049
76,100,1,0.1,0.3,0.5,0.08685,0.6242,0.09169
77,100,1,0.1,0.3,0.5,0.08685,0.63075,0.03277
78,100,1,0.1,0.3,0.5,0.08685,0.6428,0.06545
79,100,1,0.1,0.3,0.5,0.08685,0.634,0.03956
80,100,1,0.1,0.3,0.5,0.08685,0.63321,0.02582
81,100,1,0.1,0.3,0.5,0.08685,0.6115,0.04764
82,100,1,0.1,0.3,0.5,0.08685,0.62969,0.08218
83,100,1,0.1,0.3,0.5,0.08685,0.63003,0.04746
84,100,1,0.1,0.3,0.5,0.08685,0.61779,0.05048
85,100,1,0.1,0.3,0.5,0.08685,0.62376,0.03364
86,100,1,0.1,0.3,0.5,0.08685,0.63954,0.01955
87,100,1,0.1,0.3,0.5,0.08685,0.62151,0.04456
88,100,1,0.1,0.3,0.5,0.08685,0.62513,0.02661
89,100,1,0.1,0.3,0.5,0.08685,0.63042,0.04662
90,100,1,0.1,0.3,0.5,0.08685,0.6499,0.03577
91,100,1,0.1,0.3,0.5,0.08685,0.62729,0.04274
92,100,1,0.1,0.3,0.5,0.08685,0.63494,0.02335
93,100,1,0.1,0.3,0.5,0.08685,0.61509,0.05435
94,100,1,0.1,0.3,0.5,0.08685,0.61084,0.04333
95,100,1,0.1,0.3,0.5,0.08685,0.62171,0.03807
96,100,1,0.1,0.3,0.5,0.08685,0.63033,0.02671
97,100,1,0.1,0.3,0.5,0.08685,0.62549,0.03831
98,100,1,0.1,0.3,0.5,0.08685,0.6384,0.03857
99,100,1,0.1,0.3,0.5,0.08685,0.63177,0.03413
0,100,1,0.1,0.3,0.5,0.07197,0.60404,0.04606
1,100,1,0.1,0.3,0.5,0.07197,0.59604,0.04422
2,100,1,0.1,0.3,0.5,0.07197,0.58581,0.05639
3,100,1,0.1,0.3,0.5,0.07197,0.58777,0.02849
4,100,1,0.1,0.3,0.5,0.07197,0.58305,0.04647
5,100,1,0.1,0.3,0.5,0.07197,0.59417,0.05433
6,100,1,0.1,0.3,0.5,0.07197,0.60486,0.03808
7,100,1,0.1,0.3,0.5,0.07197,0.61212,0.03209
8,100,1,0.1,0.3,0.5,0.07197,0.62508,0.05006
9,100,1,0.1,0.3,0.5,0.07197,0.56082,0.05954
10,100,1,0.1,0.3,0.5,0.07197,0.57532,0.0768
11,100,1,0.1,0.3,0.5,0.07197,0.60094,0.06052
12,100,1,0.1,0.3,0.5,0.07197,0.57644,0.04825
13,100,1,0.1,0.3,0.5,0.07197,0.58749,0.04864
14,100,1,0.1,0.3,0.5,0.07197,0.59589,0.06211
15,100,1,0.1,0.3,0.5,0.07197,0.57833,0.05518
16,100,1,0.1,0.3,0.5,0.07197,0.601,0.1049
17,100,1,0.1,0.3,0.5,0.07197,0.60146,0.03056
18,100,1,0.1,0.3,0.5,0.07197,0.57589,0.05251
19,100,1,0.1,0.3,0.5,0.07197,0.58457,0.02537
20,100,1,0.1,0.3,0.5,0.07197,0.60006,0.05289
21,100,1,0.1,0.3,0.5,0.07197,0.58979,0.03416
22,100,1,0.1,0.3,0.5,0.07197,0.61609,0.04047
23,100,1,0.1,0.3,0.5,0.07197,0.59453,0.05578
24,100,1,0.1,0.3,0.5,0.07197,0.59083,0.05685
25,100,1,0.1,0.3,0.5,0.07197,0.6055,0.0336
26,100,1,0.1,0.3,0.5,0.07197,0.59469,0.05039
27,100,1,0.1,0.3,0.5,0.07197,0.59415,0.06525
28,100,1,0.1,0.3,0.5,0.07197,0.59217,0.06717
29,100,1,0.1,0.3,0.5,0.07197,0.60561,0.0511
30,100,1,0.1,0.3,0.5,0.07197,0.58122,0.07548
31,100,1,0.1,0.3,0.5,0.07197,0.59002,0.04581
32,100,1,0.1,0.3,0.5,0.07197,0.59279,0.08544
33,100,1,0.1,0.3,0.5,0.07197,0.60625,0.05312
34,100,1,0.1,0.3,0.5,0.07197,0.60912,0.08208
35,100,1,0.1,0.3,0.5,0.07197,0.60495,0.0487
36,100,1,0.1,0.3,0.5,0.07197,0.59121,0.07299
37,100,1,0.1,0.3,0.5,0.07197,0.5922,0.04886
38,100,1,0.1,0.3,0.5,0.07197,0.59582,0.04342
39,100,1,0.1,0.3,0.5,0.07197,0.60377,0.0503
40,100,1,0.1,0.3,0.5,0.07197,0.58639,0.07016
41,100,1,0.1,0.3,0.5,0.07197,0.59953,0.04279
42,100,1,0.1,0.3,0.5,0.07197,0.59213,0.06548
43,100,1,0.1,0.3,0.5,0.07197,0.58051,0.04567
44,100,1,0.1,0.3,0.5,0.07197,0.59889,0.0476
45,100,1,0.1,0.3,0.5,0.07197,0.59041,0.05066
46,100,1,0.1,0.3,0.5,0.07197,0.6135,0.05927
47,100,1,0.1,0.3,0.5,0.07197,0.61946,0.05763
48,100,1,0.1,0.3,0.5,0.07197,0.62431,0.05651
49,100,1,0.1,0.3,0.5,0.07197,0.60828,0.06008
50,100,1,0.1,0.3,0.5,0.07197,0.59101,0.03863
51,100,1,0.1,0.3,0.5,0.07197,0.62246,0.04212
52,100,1,0.1,0.3,0.5,0.07197,0.59296,0.03729
53,100,1,0.1,0.3,0.5,0.07197,0.57941,0.06384
54,100,1,0.1,0.3,0.5,0.07197,0.60003,0.04659
55,100,1,0.1,0.3,0.5,0.07197,0.60034,0.02627
56,100,1,0.1,0.3,0.5,0.07197,0.58995,0.04788
57,100,1,0.1,0.3,0.5,0.07197,0.59202,0.05457
58,100,1,0.1,0.3,0.5,0.07197,0.57868,0.04342
59,100,1,0.1,0.3,0.5,0.07197,0.60698,0.04093
60,100,1,0.1,0.3,0.5,0.07197,0.5689,0.06646
61,100,1,0.1,0.3,0.5,0.07197,0.60382,0.0331
62,100,1,0.1,0.3,0.5,0.07197,0.6198,0.06275
63,100,1,0.1,0.3,0.5,0.07197,0.61787,0.03851
64,100,1,0.1,0.3,0.5,0.07197,0.58921,0.0638
65,100,1,0.1,0.3,0.5,0.07197,0.59654,0.04662
66,100,1,0.1,0.3,0.5,0.07197,0.56752,0.06932
67,100,1,0.1,0.3,0.5,0.07197,0.5911,0.02327
68,100,1,0.1,0.3,0.5,0.07197,0.5902,0.03066
69,100,1,0.1,0.3,0.5,0.07197,0.60551,0.0394
70,100,1,0.1,0.3,0.5,0.07197,0.61824,0.04232
71,100,1,0.1,0.3,0.5,0.07197,0.57507,0.06081
72,100,1,0.1,0.3,0.5,0.07197,0.57497,0.05519
73,100,1,0.1,0.3,0.5,0.07197,0.57764,0.02995
74,100,1,0.1,0.3,0.5,0.07197,0.60076,0.02895
75,100,1,0.1,0.3,0.5,0.07197,0.59493,0.06056
76,100,1,0.1,0.3,0.5,0.07197,0.59356,0.11601
77,100,1,0.1,0.3,0.5,0.07197,0.59987,0.03979
78,100,1,0.1,0.3,0.5,0.07197,0.61612,0.08328
79,100,1,0.1,0.3,0.5,0.07197,0.604,0.04958
80,100,1,0.1,0.3,0.5,0.07197,0.60257,0.03248
81,100,1,0.1,0.3,0.5,0.07197,0.57574,0.05553
82,100,1,0.1,0.3,0.5,0.07197,0.60066,0.10206
83,100,1,0.1,0.3,0.5,0.07197,0.59926,0.05939
84,100,1,0.1,0.3,0.5,0.07197,0.58415,0.05939
85,100,1,0.1,0.3,0.5,0.07197,0.59062,0.04073
86,100,1,0.1,0.3,0.5,0.07197,0.6104,0.02781
87,100,1,0.1,0.3,0.5,0.07197,0.58858,0.05297
88,100,1,0.1,0.3,0.5,0.07197,0.59252,0.03028
89,100,1,0.1,0.3,0.5,0.07197,0.59937,0.05902
90,100,1,0.1,0.3,0.5,0.07197,0.62387,0.04961
91,100,1,0.1,0.3,0.5,0.07197,0.59542,0.05349
92,100,1,0.1,0.3,0.5,0.07197,0.60465,0.0288
93,100,1,0.1,0.3,0.5,0.07197,0.58102,0.06483
94,100,1,0.1,0.3,0.5,0.07197,0.57462,0.05092
95,100,1,0.1,0.3,0.5,0.07197,0.5881,0.04575
96,100,1,0.1,0.3,0.5,0.07197,0.59886,0.03239
97,100,1,0.1,0.3,0.5,0.07197,0.59307,0.04668
98,100,1,0.1,0.3,0.5,0.07197,0.60943,0.04946
99,100,1,0.1,0.3,0.5,0.07197,0.60096,0.04248
0,100,1,0.1,0.3,0.5,0.05964,0.571,0.05903
1,100,1,0.1,0.3,0.5,0.05964,0.56129,0.05417
2,100,1,0.1,0.3,0.5,0.05964,0.54911,0.06958
3,100,1,0.1,0.3,0.5,0.05964,0.55073,0.03537
4,100,1,0.1,0.3,0.5,0.05964,0.54557,0.05468
5,100,1,0.1,0.3,0.5,0.05964,0.55932,0.06931
6,100,1,0.1,0.3,0.5,0.05964,0.57202,0.04885
7,100,1,0.1,0.3,0.5,0.05964,0.58065,0.04442
8,100,1,0.1,0.3,0.5,0.05964,0.59651,0.06575
9,100,1,0.1,0.3,0.5,0.05964,0.51903,0.07072
10,100,1,0.1,0.3,0.5,0.05964,0.53737,0.09255
11,100,1,0.1,0.3,0.5,0.05964,0.56791,0.07543
12,100,1,0.1,0.3,0.5,0.05964,0.53757,0.05863
13,100,1,0.1,0.3,0.5,0.05964,0.55107,0.05932
14,100,1,0.1,0.3,0.5,0.05964,0.56191,0.07456
15,100,1,0.1,0.3,0.5,0.05964,0.54018,0.06446
16,100,1,0.1,0.3,0.5,0.05964,0.56992,0.12881
17,100,1,0.1,0.3,0.5,0.05964,0.56752,0.03961
18,100,1,0.1,0.3,0.5,0.05964,0.53709,0.06137
19,100,1,0.1,0.3,0.5,0.05964,0.54693,0.02895
20,100,1,0.1,0.3,0.5,0.05964,0.56654,0.06392
21,100,1,0.1,0.3,0.5,0.05964,0.55358,0.0417
22,100,1,0.1,0.3,0.5,0.05964,0.58525,0.05278
23,100,1,0.1,0.3,0.5,0.05964,0.56,0.06903
24,100,1,0.1,0.3,0.5,0.05964,0.55552,0.06943
25,100,1,0.1,0.3,0.5,0.05964,0.57236,0.04381
26,100,1,0.1,0.3,0.5,0.05964,0.56005,0.06097
27,100,1,0.1,0.3,0.5,0.05964,0.55949,0.07981
28,100,1,0.1,0.3,0.5,0.05964,0.55751,0.08028
29,100,1,0.1,0.3,0.5,0.05964,0.57285,0.0648
30,100,1,0.1,0.3,0.5,0.05964,0.5447,0.09088
31,100,1,0.1,0.3,0.5,0.05964,0.55438,0.05668
32,100,1,0.1,0.3,0.5,0.05964,0.55962,0.10465
33,100,1,0.1,0.3,0.5,0.05964,0.57404,0.06535
34,100,1,0.1,0.3,0.5,0.05964,0.57906,0.10125
35,100,1,0.1,0.3,0.5,0.05964,0.57211,0.06214
36,100,1,0.1,0.3,0.5,0.05964,0.556,0.08991
37,100,1,0.1,0.3,0.5,0.05964,0.55671,0.06032
38,100,1,0.1,0.3,0.5,0.05964,0.56066,0.05453
39,100,1,0.1,0.3,0.5,0.05964,0.57103,0.06328
40,100,1,0.1,0.3,0.5,0.05964,0.55077,0.08412
41,100,1,0.1,0.3,0.5,0.05964,0.56563,0.05391
42,100,1,0.1,0.3,0.5,0.05964,0.55715,0.08021
43,100,1,0.1,0.3,0.5,0.05964,0.54258,0.05304
44,100,1,0.1,0.3,0.5,0.05964,0.56461,0.05868
45,100,1,0.1,0.3,0.5,0.05964,0.55492,0.06199
46,100,1,0.1,0.3,0.5,0.05964,0.58314,0.0787
47,100,1,0.1,0.3,0.5,0.05964,0.58999,0.07424
48,100,1,0.1,0.3,0.5,0.05964,0.59566,0.07434
49,100,1,0.1,0.3,0.5,0.05964,0.57684,0.07399
50,100,1,0.1,0.3,0.5,0.05964,0.55511,0.0478
51,100,1,0.1,0.3,0.5,0.05964,0.59234,0.05668
52,100,1,0.1,0.3,0.5,0.05964,0.55756,0.04709
53,100,1,0.1,0.3,0.5,0.05964,0.54183,0.0769
54,100,1,0.1,0.3,0.5,0.05964,0.56601,0.05731
55,100,1,0.1,0.3,0.5,0.05964,0.56593,0.03446
56,100,1,0.1,0.3,0.5,0.05964,0.55413,0.05716
57,100,1,0.1,0.3,0.5,0.05964,0.55662,0.06768
58,100,1,0.1,0.3,0.5,0.05964,0.5403,0.05153
59,100,1,0.1,0.3,0.5,0.05964,0.57389,0.05167
60,100,1,0.1,0.3,0.5,0.05964,0.52931,0.07778
61,100,1,0.1,0.3,0.5,0.05964,0.57054,0.04185
62,100,1,0.1,0.3,0.5,0.05964,0.59068,0.08015
63,100,1,0.1,0.3,0.5,0.05964,0.58717,0.05091
64,100,1,0.1,0.3,0.5,0.05964,0.55325,0.07783
65,100,1,0.1,0.3,0.5,0.05964,0.56159,0.05719
66,100,1,0.1,0.3,0.5,0.05964,0.52699,0.08386
67,100,1,0.1,0.3,0.5,0.05964,0.55477,0.02873
68,100,1,0.1,0.3,0.5,0.05964,0.55398,0.03554
69,100,1,0.1,0.3,0.5,0.05964,0.57273,0.05229
70,100,1,0.1,0.3,0.5,0.05964,0.58798,0.05542
71,100,1,0.1,0.3,0.5,0.05964,0.5364,0.07328
72,100,1,0.1,0.3,0.5,0.05964,0.53619,0.0657
73,100,1,0.1,0.3,0.5,0.05964,0.53862,0.03296
74,100,1,0.1,0.3,0.5,0.05964,0.56651,0.03722
75,100,1,0.1,0.3,0.5,0.05964,0.56039,0.07466
76,100,1,0.1,0.3,0.5,0.05964,0.56179,0.14393
77,100,1,0.1,0.3,0.5,0.05964,0.56607,0.04916
78,100,1,0.1,0.3,0.5,0.05964,0.58741,0.10331
79,100,1,0.1,0.3,0.5,0.05964,0.57124,0.0622
80,100,1,0.1,0.3,0.5,0.05964,0.56871,0.04177
81,100,1,0.1,0.3,0.5,0.05964,0.53698,0.06571
82,100,1,0.1,0.3,0.5,0.05964,0.57011,0.12402
83,100,1,0.1,0.3,0.5,0.05964,0.56576,0.07389
84,100,1,0.1,0.3,0.5,0.05964,0.54775,0.06994
85,100,1,0.1,0.3,0.5,0.05964,0.55441,0.05124
86,100,1,0.1,0.3,0.5,0.05964,0.57803,0.03874
87,100,1,0.1,0.3,0.5,0.05964,0.55279,0.06335
88,100,1,0.1,0.3,0.5,0.05964,0.55666,0.03651
89,100,1,0.1,0.3,0.5,0.05964,0.56543,0.07445
90,100,1,0.1,0.3,0.5,0.05964,0.59508,0.06544
91,100,1,0.1,0.3,0.5,0.05964,0.56062,0.06744
92,100,1,0.1,0.3,0.5,0.05964,0.57095,0.03639
93,100,1,0.1,0.3,0.5,0.05964,0.54448,0.07777
94,100,1,0.1,0.3,0.5,0.05964,0.53523,0.06213
95,100,1,0.1,0.3,0.5,0.05964,0.55119,0.05627
96,100,1,0.1,0.3,0.5,0.05964,0.56413,0.04041
97,100,1,0.1,0.3,0.5,0.05964,0.55741,0.05784
98,100,1,0.1,0.3,0.5,0.05964,0.57747,0.06217
99,100,1,0.1,0.3,0.5,0.05964,0.56709,0.05316
0,100,1,0.1,0.3,0.5,0.04942,0.53694,0.0757
1,100,1,0.1,0.3,0.5,0.04942,0.52517,0.066
2,100,1,0.1,0.3,0.5,0.04942,0.51165,0.08555
3,100,1,0.1,0.3,0.5,0.04942,0.51221,0.0469
4,100,1,0.1,0.3,0.5,0.04942,0.50695,0.06433
5,100,1,0.1,0.3,0.5,0.04942,0.52386,0.0881
6,100,1,0.1,0.3,0.5,0.04942,0.53775,0.06167
7,100,1,0.1,0.3,0.5,0.04942,0.54782,0.05906
8,100,1,0.1,0.3,0.5,0.04942,0.56626,0.08279
9,100,1,0.1,0.3,0.5,0.04942,0.47688,0.08515
10,100,1,0.1,0.3,0.5,0.04942,0.49925,0.11049
11,100,1,0.1,0.3,0.5,0.04942,0.53407,0.09244
12,100,1,0.1,0.3,0.5,0.04942,0.49769,0.07288
13,100,1,0.1,0.3,0.5,0.04942,0.51359,0.07221
14,100,1,0.1,0.3,0.5,0.04942,0.52683,0.08783
15,100,1,0.1,0.3,0.5,0.04942,0.50094,0.07531
16,100,1,0.1,0.3,0.5,0.04942,0.53914,0.15443
17,100,1,0.1,0.3,0.5,0.04942,0.53193,0.05072
18,100,1,0.1,0.3,0.5,0.04942,0.49739,0.07254
19,100,1,0.1,0.3,0.5,0.04942,0.50769,0.03622
20,100,1,0.1,0.3,0.5,0.04942,0.53157,0.07539
21,100,1,0.1,0.3,0.5,0.04942,0.51611,0.05258
22,100,1,0.1,0.3,0.5,0.04942,0.55261,0.06597
23,100,1,0.1,0.3,0.5,0.04942,0.52477,0.08508
24,100,1,0.1,0.3,0.5,0.04942,0.51927,0.08408
25,100,1,0.1,0.3,0.5,0.04942,0.53754,0.05588
26,100,1,0.1,0.3,0.5,0.04942,0.52423,0.07295
27,100,1,0.1,0.3,0.5,0.04942,0.52371,0.09583
28,100,1,0.1,0.3,0.5,0.04942,0.52199,0.09406
29,100,1,0.1,0.3,0.5,0.04942,0.53867,0.08035
30,100,1,0.1,0.3,0.5,0.04942,0.5078,0.10806
31,100,1,0.1,0.3,0.5,0.04942,0.51787,0.07059
32,100,1,0.1,0.3,0.5,0.04942,0.5266,0.12578
33,100,1,0.1,0.3,0.5,0.04942,0.54046,0.07891
34,100,1,0.1,0.3,0.5,0.04942,0.54872,0.12182
35,100,1,0.1,0.3,0.5,0.04942,0.53809,0.07755
36,100,1,0.1,0.3,0.5,0.04942,0.52007,0.10877
37,100,1,0.1,0.3,0.5,0.04942,0.52031,0.07446
38,100,1,0.1,0.3,0.5,0.04942,0.52415,0.06812
39,100,1,0.1,0.3,0.5,0.04942,0.53738,0.07821
40,100,1,0.1,0.3,0.5,0.04942,0.51453,0.09982
41,100,1,0.1,0.3,0.5,0.04942,0.53042,0.06718
42,100,1,0.1,0.3,0.5,0.04942,0.52133,0.0971
43,100,1,0.1,0.3,0.5,0.04942,0.50349,0.06239
44,100,1,0.1,0.3,0.5,0.04942,0.52877,0.07145
45,100,1,0.1,0.3,0.5,0.04942,0.51858,0.07584
46,100,1,0.1,0.3,0.5,0.04942,0.55236,0.10257
47,100,1,0.1,0.3,0.5,0.04942,0.55901,0.0924
48,100,1,0.1,0.3,0.5,0.04942,0.56562,0.09442
49,100,1,0.1,0.3,0.5,0.04942,0.54437,0.08917
50,100,1,0.1,0.3,0.5,0.04942,0.51801,0.05958
51,100,1,0.1,0.3,0.5,0.04942,0.56036,0.07267
52,100,1,0.1,0.3,0.5,0.04942,0.52121,0.0603
53,100,1,0.1,0.3,0.5,0.04942,0.50385,0.09222
54,100,1,0.1,0.3,0.5,0.04942,0.53045,0.06896
55,100,1,0.1,0.3,0.5,0.04942,0.52978,0.04479
56,100,1,0.1,0.3,0.5,0.04942,0.51717,0.06797
57,100,1,0.1,0.3,0.5,0.04942,0.52037,0.08361
58,100,1,0.1,0.3,0.5,0.04942,0.50094,0.06242
59,100,1,0.1,0.3,0.5,0.04942,0.53893,0.06347
60,100,1,0.1,0.3,0.5,0.04942,0.48929,0.09074
61,100,1,0.1,0.3,0.5,0.04942,0.53577,0.05223
62,100,1,0.1,0.3,0.5,0.04942,0.56034,0.09886
63,100,1,0.1,0.3,0.5,0.04942,0.55461,0.0636
64,100,1,0.1,0.3,0.5,0.04942,0.51637,0.09378
65,100,1,0.1,0.3,0.5,0.04942,0.52524,0.06924
66,100,1,0.1,0.3,0.5,0.04942,0.48591,0.10099
67,100,1,0.1,0.3,0.5,0.04942,0.51681,0.03764
68,100,1,0.1,0.3,0.5,0.04942,0.51615,0.04304
69,100,1,0.1,0.3,0.5,0.04942,0.53883,0.06837
70,100,1,0.1,0.3,0.5,0.04942,0.55623,0.06917
71,100,1,0.1,0.3,0.5,0.04942,0.49702,0.08838
72,100,1,0.1,0.3,0.5,0.04942,0.4966,0.07839
73,100,1,0.1,0.3,0.5,0.04942,0.49825,0.03908
74,100,1,0.1,0.3,0.5,0.04942,0.53054,0.04734
75,100,1,0.1,0.3,0.5,0.04942,0.52508,0.09073
76,100,1,0.1,0.3,0.5,0.04942,0.53136,0.17431
77,100,1,0.1,0.3,0.5,0.04942,0.53105,0.06021
78,100,1,0.1,0.3,0.5,0.04942,0.55814,0.12457
79,100,1,0.1,0.3,0.5,0.04942,0.53748,0.07716
80,100,1,0.1,0.3,0.5,0.04942,0.53309,0.05292
81,100,1,0.1,0.3,0.5,0.04942,0.49749,0.07796
82,100,1,0.1,0.3,0.5,0.04942,0.53988,0.14689
83,100,1,0.1,0.3,0.5,0.04942,0.53129,0.09023
84,100,1,0.1,0.3,0.5,0.04942,0.51056,0.08153
85,100,1,0.1,0.3,0.5,0.04942,0.51718,0.06496
86,100,1,0.1,0.3,0.5,0.04942,0.54383,0.05145
87,100,1,0.1,0.3,0.5,0.04942,0.51604,0.07512
88,100,1,0.1,0.3,0.5,0.04942,0.51929,0.0447
89,100,1,0.1,0.3,0.5,0.04942,0.53035,0.09241
90,100,1,0.1,0.3,0.5,0.04942,0.56471,0.08231
91,100,1,0.1,0.3,0.5,0.04942,0.52476,0.08412
92,100,1,0.1,0.3,0.5,0.04942,0.53517,0.04554
93,100,1,0.1,0.3,0.5,0.04942,0.50774,0.09275
94,100,1,0.1,0.3,0.5,0.04942,0.49502,0.07703
95,100,1,0.1,0.3,0.5,0.04942,0.51276,0.069
96,100,1,0.1,0.3,0.5,0.04942,0.52771,0.05017
97,100,1,0.1,0.3,0.5,0.04942,0.52013,0.07129
98,100,1,0.1,0.3,0.5,0.04942,0.54389,0.07567
99,100,1,0.1,0.3,0.5,0.04942,0.53178,0.06541
0,100,1,0.1,0.3,0.5,0.04095,0.50418,0.09652
1,100,1,0.1,0.3,0.5,0.04095,0.48957,0.07924
2,100,1,0.1,0.3,0.5,0.04095,0.47595,0.1041
3,100,1,0.1,0.3,0.5,0.04095,0.47446,0.06264
4,100,1,0.1,0.3,0.5,0.04095,0.46934,0.07468
5,100,1,0.1,0.3,0.5,0.04095,0.49037,0.11092
6,100,1,0.1,0.3,0.5,0.04095,0.50378,0.07635
7,100,1,0.1,0.3,0.5,0.04095,0.51547,0.07618
8,100,1,0.1,0.3,0.5,0.04095,0.53567,0.10143
9,100,1,0.1,0.3,0.5,0.04095,0.43746,0.10186
10,100,1,0.1,0.3,0.5,0.04095,0.46364,0.13027
11,100,1,0.1,0.3,0.5,0.04095,0.50149,0.11127
12,100,1,0.1,0.3,0.5,0.04095,0.45934,0.09065
13,100,1,0.1,0.3,0.5,0.04095,0.47719,0.0865
14,100,1,0.1,0.3,0.5,0.04095,0.49236,0.10115
15,100,1,0.1,0.3,0.5,0.04095,0.46286,0.08786
16,100,1,0.1,0.3,0.5,0.04095,0.5107,0.1809
17,100,1,0.1,0.3,0.5,0.04095,0.49645,0.06367
18,100,1,0.1,0.3,0.5,0.04095,0.4593,0.08573
19,100,1,0.1,0.3,0.5,0.04095,0.4689,0.04723
20,100,1,0.1,0.3,0.5,0.04095,0.49671,0.08698
21,100,1,0.1,0.3,0.5,0.04095,0.47951,0.06659
22,100,1,0.1,0.3,0.5,0.04095,0.51957,0.07995
23,100,1,0.1,0.3,0.5,0.04095,0.49117,0.1038
24,100,1,0.1,0.3,0.5,0.04095,0.48417,0.10058
25,100,1,0.1,0.3,0.5,0.04095,0.50272,0.06956
26,100,1,0.1,0.3,0.5,0.04095,0.48913,0.08595
27,100,1,0.1,0.3,0.5,0.04095,0.48867,0.11311
28,100,1,0.1,0.3,0.5,0.04095,0.48758,0.10796
29,100,1,0.1,0.3,0.5,0.04095,0.50483,0.09742
30,100,1,0.1,0.3,0.5,0.04095,0.47287,0.12638
31,100,1,0.1,0.3,0.5,0.04095,0.48281,0.08733
32,100,1,0.1,0.3,0.5,0.04095,0.49597,0.14814
33,100,1,0.1,0.3,0.5,0.04095,0.50711,0.09378
34,100,1,0.1,0.3,0.5,0.04095,0.51991,0.14343
35,100,1,0.1,0.3,0.5,0.04095,0.50478,0.09465
36,100,1,0.1,0.3,0.5,0.04095,0.48567,0.12911
37,100,1,0.1,0.3,0.5,0.04095,0.48526,0.09091
38,100,1,0.1,0.3,0.5,0.04095,0.48837,0.08365
39,100,1,0.1,0.3,0.5,0.04095,0.50487,0.09482
40,100,1,0.1,0.3,0.5,0.04095,0.47983,0.11734
41,100,1,0.1,0.3,0.5,0.04095,0.49576,0.08233
42,100,1,0.1,0.3,0.5,0.04095,0.48692,0.11607
43,100,1,0.1,0.3,0.5,0.04095,0.46547,0.07383
44,100,1,0.1,0.3,0.5,0.04095,0.49314,0.0857
45,100,1,0.1,0.3,0.5,0.04095,0.48366,0.09243
46,100,1,0.1,0.3,0.5,0.04095,0.52355,0.13066
47,100,1,0.1,0.3,0.5,0.04095,0.52788,0.11208
48,100,1,0.1,0.3,0.5,0.04095,0.53568,0.11645
49,100,1,0.1,0.3,0.5,0.04095,0.5127,0.10599
50,100,1,0.1,0.3,0.5,0.04095,0.48186,0.0736
51,100,1,0.1,0.3,0.5,0.04095,0.52816,0.09003
52,100,1,0.1,0.3,0.5,0.04095,0.48628,0.07666
53,100,1,0.1,0.3,0.5,0.04095,0.46804,0.10888
54,100,1,0.1,0.3,0.5,0.04095,0.49504,0.08086
55,100,1,0.1,0.3,0.5,0.04095,0.49357,0.05698
56,100,1,0.1,0.3,0.5,0.04095,0.48107,0.08005
57,100,1,0.1,0.3,0.5,0.04095,0.48559,0.10227
58,100,1,0.1,0.3,0.5,0.04095,0.46299,0.07549
59,100,1,0.1,0.3,0.5,0.04095,0.50367,0.076
60,100,1,0.1,0.3,0.5,0.04095,0.45158,0.10483
61,100,1,0.1,0.3,0.5,0.04095,0.50132,0.06421
62,100,1,0.1,0.3,0.5,0.04095,0.53022,0.11833
63,100,1,0.1,0.3,0.5,0.04095,0.52159,0.07643
64,100,1,0.1,0.3,0.5,0.04095,0.48078,0.1108
65,100,1,0.1,0.3,0.5,0.04095,0.48949,0.08244
66,100,1,0.1,0.3,0.5,0.04095,0.44699,0.11991
67,100,1,0.1,0.3,0.5,0.04095,0.4792,0.04943
68,100,1,0.1,0.3,0.5,0.04095,0.4786,0.05368
69,100,1,0.1,0.3,0.5,0.04095,0.50594,0.08804
70,100,1,0.1,0.3,0.5,0.04095,0.52458,0.08365
71,100,1,0.1,0.3,0.5,0.04095,0.45944,0.10526
72,100,1,0.1,0.3,0.5,0.04095,0.45862,0.09268
73,100,1,0.1,0.3,0.5,0.04095,0.45883,0.04798
74,100,1,0.1,0.3,0.5,0.04095,0.49464,0.05937
75,100,1,0.1,0.3,0.5,0.04095,0.49129,0.10853
76,100,1,0.1,0.3,0.5,0.04095,0.5046,0.20567
77,100,1,0.1,0.3,0.5,0.04095,0.49672,0.07319
78,100,1,0.1,0.3,0.5,0.04095,0.52984,0.14631
79,100,1,0.1,0.3,0.5,0.04095,0.50471,0.09445
80,100,1,0.1,0.3,0.5,0.04095,0.4974,0.06594
81,100,1,0.1,0.3,0.5,0.04095,0.45986,0.09163
82,100,1,0.1,0.3,0.5,0.04095,0.51176,0.16933
83,100,1,0.1,0.3,0.5,0.04095,0.49776,0.10772
84,100,1,0.1,0.3,0.5,0.04095,0.47462,0.09358
85,100,1,0.1,0.3,0.5,0.04095,0.48135,0.08178
86,100,1,0.1,0.3,0.5,0.04095,0.50941,0.06591
87,100,1,0.1,0.3,0.5,0.04095,0.48037,0.08759
88,100,1,0.1,0.3,0.5,0.04095,0.48235,0.0546
89,100,1,0.1,0.3,0.5,0.04095,0.49611,0.11242
90,100,1,0.1,0.3,0.5,0.04095,0.53407,0.10008
91,100,1,0.1,0.3,0.5,0.04095,0.48996,0.10308
92,100,1,0.1,0.3,0.5,0.04095,0.49889,0.05684
93,100,1,0.1,0.3,0.5,0.04095,0.47328,0.10926
94,100,1,0.1,0.3,0.5,0.04095,0.45674,0.09504
95,100,1,0.1,0.3,0.5,0.04095,0.47478,0.08344
96,100,1,0.1,0.3,0.5,0.04095,0.49142,0.06111
97,100,1,0.1,0.3,0.5,0.04095,0.48302,0.08639
98,100,1,0.1,0.3,0.5,0.04095,0.51016,0.08961
99,100,1,0.1,0.3,0.5,0.04095,0.49687,0.079
0,100,1,0.1,0.3,0.5,0.03393,0.47518,0.12182
1,100,1,0.1,0.3,0.5,0.03393,0.45623,0.09438
2,100,1,0.1,0.3,0.5,0.03393,0.44432,0.12487
3,100,1,0.1,0.3,0.5,0.03393,0.43964,0.08253
4,100,1,0.1,0.3,0.5,0.03393,0.43462,0.0857
5,100,1,0.1,0.3,0.5,0.03393,0.4613,0.13732
6,100,1,0.1,0.3,0.5,0.03393,0.47164,0.09279
7,100,1,0.1,0.3,0.5,0.03393,0.48537,0.0961
8,100,1,0.1,0.3,0.5,0.03393,0.50606,0.12221
9,100,1,0.1,0.3,0.5,0.03393,0.40355,0.12046
10,100,1,0.1,0.3,0.5,0.03393,0.4329,0.15145
11,100,1,0.1,0.3,0.5,0.03393,0.47205,0.13183
12,100,1,0.1,0.3,0.5,0.03393,0.42483,0.11161
13,100,1,0.1,0.3,0.5,0.03393,0.44374,0.1021
14,100,1,0.1,0.3,0.5,0.03393,0.46001,0.11483
15,100,1,0.1,0.3,0.5,0.03393,0.42799,0.10225
16,100,1,0.1,0.3,0.5,0.03393,0.48638,0.20801
17,100,1,0.1,0.3,0.5,0.03393,0.46268,0.07877
18,100,1,0.1,0.3,0.5,0.03393,0.42511,0.1013
19,100,1,0.1,0.3,0.5,0.03393,0.43245,0.06204
20,100,1,0.1,0.3,0.5,0.03393,0.46328,0.09849
21,100,1,0.1,0.3,0.5,0.03393,0.44576,0.08361
22,100,1,0.1,0.3,0.5,0.03393,0.48743,0.09508
23,100,1,0.1,0.3,0.5,0.03393,0.46145,0.12564
24,100,1,0.1,0.3,0.5,0.03393,0.45204,0.11888
25,100,1,0.1,0.3,0.5,0.03393,0.46935,0.0846
26,100,1,0.1,0.3,0.5,0.03393,0.45637,0.09999
27,100,1,0.1,0.3,0.5,0.03393,0.45602,0.1313
28,100,1,0.1,0.3,0.5,0.03393,0.45599,0.12172
29,100,1,0.1,0.3,0.5,0.03393,0.47294,0.11588
30,100,1,0.1,0.3,0.5,0.03393,0.44199,0.14564
31,100,1,0.1,0.3,0.5,0.03393,0.45131,0.10676
32,100,1,0.1,0.3,0.5,0.03393,0.46963,0.17126
33,100,1,0.1,0.3,0.5,0.03393,0.47546,0.11024
34,100,1,0.1,0.3,0.5,0.03393,0.49421,0.16566
35,100,1,0.1,0.3,0.5,0.03393,0.47399,0.11341
36,100,1,0.1,0.3,0.5,0.03393,0.45477,0.1504
37,100,1,0.1,0.3,0.5,0.03393,0.45371,0.10999
38,100,1,0.1,0.3,0.5,0.03393,0.45523,0.10125
39,100,1,0.1,0.3,0.5,0.03393,0.47535,0.11315
40,100,1,0.1,0.3,0.5,0.03393,0.44855,0.13651
41,100,1,0.1,0.3,0.5,0.03393,0.46329,0.09921
42,100,1,0.1,0.3,0.5,0.03393,0.45612,0.1374
43,100,1,0.1,0.3,0.5,0.03393,0.43063,0.08814
44,100,1,0.1,0.3,0.5,0.03393,0.45934,0.10202
45,100,1,0.1,0.3,0.5,0.03393,0.45232,0.11173
46,100,1,0.1,0.3,0.5,0.03393,0.49912,0.16322
47,100,1,0.1,0.3,0.5,0.03393,0.49793,0.1333
48,100,1,0.1,0.3,0.5,0.03393,0.50724,0.14075
49,100,1,0.1,0.3,0.5,0.03393,0.48354,0.12472
50,100,1,0.1,0.3,0.5,0.03393,0.44866,0.08988
51,100,1,0.1,0.3,0.5,0.03393,0.49738,0.10911
52,100,1,0.1,0.3,0.5,0.03393,0.45505,0.09619
53,100,1,0.1,0.3,0.5,0.03393,0.43664,0.12673
54,100,1,0.1,0.3,0.5,0.03393,0.46121,0.09288
55,100,1,0.1,0.3,0.5,0.03393,0.45879,0.07072
56,100,1,0.1,0.3,0.5,0.03393,0.44763,0.09357
57,100,1,0.1,0.3,0.5,0.03393,0.45447,0.12379
58,100,1,0.1,0.3,0.5,0.03393,0.42858,0.09046
59,100,1,0.1,0.3,0.5,0.03393,0.46958,0.08972
60,100,1,0.1,0.3,0.5,0.03393,0.41865,0.12031
61,100,1,0.1,0.3,0.5,0.03393,0.46882,0.07803
62,100,1,0.1,0.3,0.5,0.03393,0.50157,0.13828
63,100,1,0.1,0.3,0.5,0.03393,0.48935,0.08927
64,100,1,0.1,0.3,0.5,0.03393,0.44846,0.12896
65,100,1,0.1,0.3,0.5,0.03393,0.45623,0.09736
66,100,1,0.1,0.3,0.5,0.03393,0.41251,0.13981
67,100,1,0.1,0.3,0.5,0.03393,0.44372,0.06359
68,100,1,0.1,0.3,0.5,0.03393,0.44316,0.06818
69,100,1,0.1,0.3,0.5,0.03393,0.47614,0.11135
70,100,1,0.1,0.3,0.5,0.03393,0.49459,0.09912
71,100,1,0.1,0.3,0.5,0.03393,0.42583,0.12362
72,100,1,0.1,0.3,0.5,0.03393,0.42441,0.10837
73,100,1,0.1,0.3,0.5,0.03393,0.42243,0.05934
74,100,1,0.1,0.3,0.5,0.03393,0.46046,0.07361
75,100,1,0.1,0.3,0.5,0.03393,0.46121,0.12809
76,100,1,0.1,0.3,0.5,0.03393,0.48314,0.23711
77,100,1,0.1,0.3,0.5,0.03393,0.46478,0.0879
78,100,1,0.1,0.3,0.5,0.03393,0.50387,0.16835
79,100,1,0.1,0.3,0.5,0.03393,0.47479,0.11419
80,100,1,0.1,0.3,0.5,0.03393,0.46319,0.08125
81,100,1,0.1,0.3,0.5,0.03393,0.42648,0.10688
82,100,1,0.1,0.3,0.5,0.03393,0.48708,0.19096
83,100,1,0.1,0.3,0.5,0.03393,0.46685,0.12607
84,100,1,0.1,0.3,0.5,0.03393,0.44162,0.10599
85,100,1,0.1,0.3,0.5,0.03393,0.44918,0.10159
86,100,1,0.1,0.3,0.5,0.03393,0.47633,0.08208
87,100,1,0.1,0.3,0.5,0.03393,0.44752,0.10092
88,100,1,0.1,0.3,0.5,0.03393,0.44762,0.06619
89,100,1,0.1,0.3,0.5,0.03393,0.46453,0.13452
90,100,1,0.1,0.3,0.5,0.03393,0.50434,0.11866
91,100,1,0.1,0.3,0.5,0.03393,0.45812,0.12415
92,100,1,0.1,0.3,0.5,0.03393,0.4637,0.07112
93,100,1,0.1,0.3,0.5,0.03393,0.44328,0.12722
94,100,1,0.1,0.3,0.5,0.03393,0.42297,0.11589
95,100,1,0.1,0.3,0.5,0.03393,0.43885,0.09904
96,100,1,0.1,0.3,0.5,0.03393,0.45692,0.07387
97,100,1,0.1,0.3,0.5,0.03393,0.44757,0.10279
98,100,1,0.1,0.3,0.5,0.03393,0.4776,0.10394
99,100,1,0.1,0.3,0.5,0.03393,0.46405,0.09391
0,100,1,0.1,0.3,0.5,0.02812,0.45209,0.15121
1,100,1,0.1,0.3,0.5,0.02812,0.42655,0.11184
2,100,1,0.1,0.3,0.5,0.02812,0.41847,0.1476
3,100,1,0.1,0.3,0.5,0.02812,0.4095,0.10617
4,100,1,0.1,0.3,0.5,0.02812,0.40411,0.09747
5,100,1,0.1,0.3,0.5,0.02812,0.43856,0.16687
6,100,1,0.1,0.3,0.5,0.02812,0.44243,0.11075
7,100,1,0.1,0.3,0.5,0.02812,0.45901,0.11892
8,100,1,0.1,0.3,0.5,0.02812,0.47881,0.1459
9,100,1,0.1,0.3,0.5,0.02812,0.37703,0.14048
10,100,1,0.1,0.3,0.5,0.02812,0.40866,0.17388
11,100,1,0.1,0.3,0.5,0.02812,0.44718,0.15411
12,100,1,0.1,0.3,0.5,0.02812,0.3959,0.13529
13,100,1,0.1,0.3,0.5,0.02812,0.41451,0.11896
14,100,1,0.1,0.3,0.5,0.02812,0.43089,0.12937
15,100,1,0.1,0.3,0.5,0.02812,0.39784,0.11897
16,100,1,0.1,0.3,0.5,0.02812,0.46755,0.236
17,100,1,0.1,0.3,0.5,0.02812,0.43195,0.09646
18,100,1,0.1,0.3,0.5,0.02812,0.39655,0.11931
19,100,1,0.1,0.3,0.5,0.02812,0.3998,0.08062
20,100,1,0.1,0.3,0.5,0.02812,0.4322,0.11023
21,100,1,0.1,0.3,0.5,0.02812,0.41624,0.10324
22,100,1,0.1,0.3,0.5,0.02812,0.45734,0.11189
23,100,1,0.1,0.3,0.5,0.02812,0.43739,0.1508
24,100,1,0.1,0.3,0.5,0.02812,0.4242,0.13899
25,100,1,0.1,0.3,0.5,0.02812,0.43842,0.10067
26,100,1,0.1,0.3,0.5,0.02812,0.42705,0.11515
27,100,1,0.1,0.3,0.5,0.02812,0.42693,0.15057
28,100,1,0.1,0.3,0.5,0.02812,0.42845,0.13541
29,100,1,0.1,0.3,0.5,0.02812,0.44419,0.13568
30,100,1,0.1,0.3,0.5,0.02812,0.4166,0.16591
31,100,1,0.1,0.3,0.5,0.02812,0.42488,0.12862
32,100,1,0.1,0.3,0.5,0.02812,0.44882,0.19492
33,100,1,0.1,0.3,0.5,0.02812,0.44664,0.12854
34,100,1,0.1,0.3,0.5,0.02812,0.47267,0.18838
35,100,1,0.1,0.3,0.5,0.02812,0.4471,0.13383
36,100,1,0.1,0.3,0.5,0.02812,0.42873,0.17254
37,100,1,0.1,0.3,0.5,0.02812,0.42727,0.13179
38,100,1,0.1,0.3,0.5,0.02812,0.42621,0.12084
39,100,1,0.1,0.3,0.5,0.02812,0.45019,0.13331
40,100,1,0.1,0.3,0.5,0.02812,0.42193,0.15738
41,100,1,0.1,0.3,0.5,0.02812,0.43421,0.11779
42,100,1,0.1,0.3,0.5,0.02812,0.43079,0.16161
43,100,1,0.1,0.3,0.5,0.02812,0.4007,0.10633
44,100,1,0.1,0.3,0.5,0.02812,0.42872,0.12125
45,100,1,0.1,0.3,0.5,0.02812,0.42632,0.13395
46,100,1,0.1,0.3,0.5,0.02812,0.4811,0.19972
47,100,1,0.1,0.3,0.5,0.02812,0.47048,0.15646
48,100,1,0.1,0.3,0.5,0.02812,0.48149,0.1674
49,100,1,0.1,0.3,0.5,0.02812,0.45832,0.14594
50,100,1,0.1,0.3,0.5,0.02812,0.41999,0.10847
51,100,1,0.1,0.3,0.5,0.02812,0.46953,0.12998
52,100,1,0.1,0.3,0.5,0.02812,0.42925,0.11868
53,100,1,0.1,0.3,0.5,0.02812,0.41103,0.14555
54,100,1,0.1,0.3,0.5,0.02812,0.4299,0.1052
55,100,1,0.1,0.3,0.5,0.02812,0.4264,0.08592
56,100,1,0.1,0.3,0.5,0.02812,0.41805,0.10879
57,100,1,0.1,0.3,0.5,0.02812,0.4287,0.14809
58,100,1,0.1,0.3,0.5,0.02812,0.3991,0.10699
59,100,1,0.1,0.3,0.5,0.02812,0.43791,0.10519
60,100,1,0.1,0.3,0.5,0.02812,0.39235,0.13758
61,100,1,0.1,0.3,0.5,0.02812,0.43952,0.09399
62,100,1,0.1,0.3,0.5,0.02812,0.47538,0.15873
63,100,1,0.1,0.3,0.5,0.02812,0.45893,0.10251
64,100,1,0.1,0.3,0.5,0.02812,0.42087,0.14835
65,100,1,0.1,0.3,0.5,0.02812,0.42712,0.11482
66,100,1,0.1,0.3,0.5,0.02812,0.38372,0.16001
67,100,1,0.1,0.3,0.5,0.02812,0.41168,0.07967
68,100,1,0.1,0.3,0.5,0.02812,0.41134,0.08702
69,100,1,0.1,0.3,0.5,0.02812,0.45123,0.13823
70,100,1,0.1,0.3,0.5,0.02812,0.46763,0.11642
71,100,1,0.1,0.3,0.5,0.02812,0.39757,0.14325
72,100,1,0.1,0.3,0.5,0.02812,0.39549,0.12559
73,100,1,0.1,0.3,0.5,0.02812,0.3905,0.0727
74,100,1,0.1,0.3,0.5,0.02812,0.4294,0.09069
75,100,1,0.1,0.3,0.5,0.02812,0.43655,0.14968
76,100,1,0.1,0.3,0.5,0.02812,0.46766,0.26804
77,100,1,0.1,0.3,0.5,0.02812,0.4364,0.10451
78,100,1,0.1,0.3,0.5,0.02812,0.48132,0.19082
79,100,1,0.1,0.3,0.5,0.02812,0.44906,0.13622
80,100,1,0.1,0.3,0.5,0.02812,0.43173,0.09949
81,100,1,0.1,0.3,0.5,0.02812,0.39914,0.12388
82,100,1,0.1,0.3,0.5,0.02812,0.46659,0.21168
83,100,1,0.1,0.3,0.5,0.02812,0.43977,0.1451
84,100,1,0.1,0.3,0.5,0.02812,0.41249,0.1188
85,100,1,0.1,0.3,0.5,0.02812,0.42241,0.12425
86,100,1,0.1,0.3,0.5,0.02812,0.44582,0.09987
87,100,1,0.1,0.3,0.5,0.02812,0.41864,0.1154
88,100,1,0.1,0.3,0.5,0.02812,0.41646,0.07966
89,100,1,0.1,0.3,0.5,0.02812,0.43701,0.15879
90,100,1,0.1,0.3,0.5,0.02812,0.47644,0.13822
91,100,1,0.1,0.3,0.5,0.02812,0.43062,0.14713
92,100,1,0.1,0.3,0.5,0.02812,0.43101,0.08908
93,100,1,0.1,0.3,0.5,0.02812,0.41929,0.14669
94,100,1,0.1,0.3,0.5,0.02812,0.39566,0.13928
95,100,1,0.1,0.3,0.5,0.02812,0.406,0.11556
96,100,1,0.1,0.3,0.5,0.02812,0.42555,0.08898
97,100,1,0.1,0.3,0.5,0.02812,0.41469,0.12007
98,100,1,0.1,0.3,0.5,0.02812,0.44723,0.11903
99,100,1,0.1,0.3,0.5,0.02812,0.43457,0.1103
0,100,1,0.1,0.3,0.5,0.0233,0.43653,0.18399
1,100,1,0.1,0.3,0.5,0.0233,0.40167,0.1322
2,100,1,0.1,0.3,0.5,0.0233,0.39931,0.17211
3,100,1,0.1,0.3,0.5,0.0233,0.38522,0.13324
4,100,1,0.1,0.3,0.5,0.0233,0.37848,0.11034
5,100,1,0.1,0.3,0.5,0.0233,0.42332,0.19914
6,100,1,0.1,0.3,0.5,0.0233,0.41682,0.12994
7,100,1,0.1,0.3,0.5,0.0233,0.43748,0.14453
8,100,1,0.1,0.3,0.5,0.0233,0.45541,0.17318
9,100,1,0.1,0.3,0.5,0.0233,0.35861,0.16187
10,100,1,0.1,0.3,0.5,0.0233,0.39165,0.19762
11,100,1,0.1,0.3,0.5,0.0233,0.42787,0.17824
12,100,1,0.1,0.3,0.5,0.0233,0.37352,0.16139
13,100,1,0.1,0.3,0.5,0.0233,0.3902,0.13737
14,100,1,0.1,0.3,0.5,0.0233,0.40581,0.14565
15,100,1,0.1,0.3,0.5,0.0233,0.37337,0.13858
16,100,1,0.1,0.3,0.5,0.0233,0.45522,0.26549
17,100,1,0.1,0.3,0.5,0.0233,0.40527,0.11724
18,100,1,0.1,0.3,0.5,0.0233,0.37464,0.13997
19,100,1,0.1,0.3,0.5,0.0233,0.372,0.10302
20,100,1,0.1,0.3,0.5,0.0233,0.40408,0.12272
21,100,1,0.1,0.3,0.5,0.0233,0.39175,0.12527
22,100,1,0.1,0.3,0.5,0.0233,0.43027,0.1309
23,100,1,0.1,0.3,0.5,0.0233,0.42022,0.17945
24,100,1,0.1,0.3,0.5,0.0233,0.4014,0.16102
25,100,1,0.1,0.3,0.5,0.0233,0.41046,0.11756
26,100,1,0.1,0.3,0.5,0.0233,0.40174,0.13159
27,100,1,0.1,0.3,0.5,0.0233,0.40221,0.17127
28,100,1,0.1,0.3,0.5,0.0233,0.40563,0.14934
29,100,1,0.1,0.3,0.5,0.0233,0.41935,0.15697
30,100,1,0.1,0.3,0.5,0.0233,0.39749,0.18755
31,100,1,0.1,0.3,0.5,0.0233,0.40442,0.15272
32,100,1,0.1,0.3,0.5,0.0233,0.43407,0.21908
33,100,1,0.1,0.3,0.5,0.0233,0.42144,0.14882
34,100,1,0.1,0.3,0.5,0.0233,0.45585,0.21164
35,100,1,0.1,0.3,0.5,0.0233,0.4251,0.1559
36,100,1,0.1,0.3,0.5,0.0233,0.40827,0.19568
37,100,1,0.1,0.3,0.5,0.0233,0.40695,0.15649
38,100,1,0.1,0.3,0.5,0.0233,0.4023,0.1424
39,100,1,0.1,0.3,0.5,0.0233,0.43023,0.1555
40,100,1,0.1,0.3,0.5,0.0233,0.40056,0.18004
41,100,1,0.1,0.3,0.5,0.0233,0.40932,0.13814
42,100,1,0.1,0.3,0.5,0.0233,0.41241,0.18919
43,100,1,0.1,0.3,0.5,0.0233,0.37703,0.12931
44,100,1,0.1,0.3,0.5,0.0233,0.40241,0.1443
45,100,1,0.1,0.3,0.5,0.0233,0.40693,0.15931
46,100,1,0.1,0.3,0.5,0.0233,0.47087,0.23937
47,100,1,0.1,0.3,0.5,0.0233,0.44688,0.18211
48,100,1,0.1,0.3,0.5,0.0233,0.45948,0.1965
49,100,1,0.1,0.3,0.5,0.0233,0.43816,0.1701
50,100,1,0.1,0.3,0.5,0.0233,0.39696,0.12952
51,100,1,0.1,0.3,0.5,0.0233,0.44588,0.1527
52,100,1,0.1,0.3,0.5,0.0233,0.40991,0.14398
53,100,1,0.1,0.3,0.5,0.0233,0.39173,0.16559
54,100,1,0.1,0.3,0.5,0.0233,0.40161,0.11851
55,100,1,0.1,0.3,0.5,0.0233,0.3969,0.10262
56,100,1,0.1,0.3,0.5,0.0233,0.39294,0.12599
57,100,1,0.1,0.3,0.5,0.0233,0.40932,0.175
58,100,1,0.1,0.3,0.5,0.0233,0.37511,0.12494
59,100,1,0.1,0.3,0.5,0.0233,0.40978,0.12319
60,100,1,0.1,0.3,0.5,0.0233,0.37365,0.15732
61,100,1,0.1,0.3,0.5,0.0233,0.41428,0.11248
62,100,1,0.1,0.3,0.5,0.0233,0.4524,0.17999
63,100,1,0.1,0.3,0.5,0.0233,0.43117,0.11686
64,100,1,0.1,0.3,0.5,0.0233,0.39888,0.16932
65,100,1,0.1,0.3,0.5,0.0233,0.40359,0.13595
66,100,1,0.1,0.3,0.5,0.0233,0.3607,0.18016
67,100,1,0.1,0.3,0.5,0.0233,0.38379,0.09746
68,100,1,0.1,0.3,0.5,0.0233,0.38449,0.11056
69,100,1,0.1,0.3,0.5,0.0233,0.43245,0.16834
70,100,1,0.1,0.3,0.5,0.0233,0.44492,0.1366
71,100,1,0.1,0.3,0.5,0.0233,0.37526,0.1643
72,100,1,0.1,0.3,0.5,0.0233,0.37267,0.14491
73,100,1,0.1,0.3,0.5,0.0233,0.36373,0.08787
74,100,1,0.1,0.3,0.5,0.0233,0.40258,0.11114
75,100,1,0.1,0.3,0.5,0.0233,0.41849,0.17369
76,100,1,0.1,0.3,0.5,0.0233,0.45803,0.29837
77,100,1,0.1,0.3,0.5,0.0233,0.41226,0.12324
78,100,1,0.1,0.3,0.5,0.0233,0.46308,0.21421
79,100,1,0.1,0.3,0.5,0.0233,0.42827,0.16024
80,100,1,0.1,0.3,0.5,0.0233,0.40406,0.12137
81,100,1,0.1,0.3,0.5,0.0233,0.37894,0.14301
82,100,1,0.1,0.3,0.5,0.0233,0.45054,0.23181
83,100,1,0.1,0.3,0.5,0.0233,0.41725,0.16485
84,100,1,0.1,0.3,0.5,0.0233,0.38746,0.1322
85,100,1,0.1,0.3,0.5,0.0233,0.40214,0.14968
86,100,1,0.1,0.3,0.5,0.0233,0.41876,0.11914
87,100,1,0.1,0.3,0.5,0.0233,0.3943,0.13167
88,100,1,0.1,0.3,0.5,0.0233,0.38977,0.09543
89,100,1,0.1,0.3,0.5,0.0233,0.41448,0.18549
90,100,1,0.1,0.3,0.5,0.0233,0.45105,0.15906
91,100,1,0.1,0.3,0.5,0.0233,0.40824,0.17192
92,100,1,0.1,0.3,0.5,0.0233,0.40206,0.11094
93,100,1,0.1,0.3,0.5,0.0233,0.40217,0.16801
94,100,1,0.1,0.3,0.5,0.0233,0.37597,0.16526
95,100,1,0.1,0.3,0.5,0.0233,0.37667,0.13327
96,100,1,0.1,0.3,0.5,0.0233,0.39823,0.10699
97,100,1,0.1,0.3,0.5,0.0233,0.38472,0.13805
98,100,1,0.1,0.3,0.5,0.0233,0.41987,0.13548
99,100,1,0.1,0.3,0.5,0.0233,0.40928,0.12846
0,100,1,0.1,0.3,0.5,0.01931,0.42943,0.21949
1,100,1,0.1,0.3,0.5,0.01931,0.38265,0.15614
2,100,1,0.1,0.3,0.5,0.01931,0.38704,0.1983
3,100,1,0.1,0.3,0.5,0.01931,0.36756,0.16357
4,100,1,0.1,0.3,0.5,0.01931,0.35799,0.12474
5,100,1,0.1,0.3,0.5,0.01931,0.41607,0.23385
6,100,1,0.1,0.3,0.5,0.01931,0.39521,0.15018
7,100,1,0.1,0.3,0.5,0.01931,0.42155,0.17275
8,100,1,0.1,0.3,0.5,0.01931,0.43751,0.20444
9,100,1,0.1,0.3,0.5,0.01931,0.34807,0.18494
10,100,1,0.1,0.3,0.5,0.01931,0.38198,0.22296
11,100,1,0.1,0.3,0.5,0.01931,0.4147,0.20443
12,100,1,0.1,0.3,0.5,0.01931,0.35812,0.18987
13,100,1,0.1,0.3,0.5,0.01931,0.37118,0.15792
14,100,1,0.1,0.3,0.5,0.01931,0.38554,0.16464
15,100,1,0.1,0.3,0.5,0.01931,0.35523,0.16165
16,100,1,0.1,0.3,0.5,0.01931,0.45017,0.29731
17,100,1,0.1,0.3,0.5,0.01931,0.38356,0.14151
18,100,1,0.1,0.3,0.5,0.01931,0.35991,0.16369
19,100,1,0.1,0.3,0.5,0.01931,0.34989,0.12928
20,100,1,0.1,0.3,0.5,0.01931,0.37936,0.13656
21,100,1,0.1,0.3,0.5,0.01931,0.37276,0.14991
22,100,1,0.1,0.3,0.5,0.01931,0.40719,0.15243
23,100,1,0.1,0.3,0.5,0.01931,0.41067,0.2117
24,100,1,0.1,0.3,0.5,0.01931,0.38402,0.18511
25,100,1,0.1,0.3,0.5,0.01931,0.38577,0.1354
26,100,1,0.1,0.3,0.5,0.01931,0.38065,0.14961
27,100,1,0.1,0.3,0.5,0.01931,0.38244,0.19387
28,100,1,0.1,0.3,0.5,0.01931,0.38785,0.16402
29,100,1,0.1,0.3,0.5,0.01931,0.39898,0.18007
30,100,1,0.1,0.3,0.5,0.01931,0.38496,0.21102
31,100,1,0.1,0.3,0.5,0.01931,0.3903,0.17901
32,100,1,0.1,0.3,0.5,0.01931,0.42542,0.24385
33,100,1,0.1,0.3,0.5,0.01931,0.4005,0.17118
34,100,1,0.1,0.3,0.5,0.01931,0.44393,0.23558
35,100,1,0.1,0.3,0.5,0.01931,0.40858,0.17963
36,100,1,0.1,0.3,0.5,0.01931,0.39362,0.22009
37,100,1,0.1,0.3,0.5,0.01931,0.39337,0.18432
38,100,1,0.1,0.3,0.5,0.01931,0.3841,0.16601
39,100,1,0.1,0.3,0.5,0.01931,0.41592,0.18002
40,100,1,0.1,0.3,0.5,0.01931,0.38463,0.20464
41,100,1,0.1,0.3,0.5,0.01931,0.3892,0.16056
42,100,1,0.1,0.3,0.5,0.01931,0.40202,0.22041
43,100,1,0.1,0.3,0.5,0.01931,0.36076,0.15764
44,100,1,0.1,0.3,0.5,0.01931,0.38155,0.17192
45,100,1,0.1,0.3,0.5,0.01931,0.39507,0.18804
46,100,1,0.1,0.3,0.5,0.01931,0.4691,0.28139
47,100,1,0.1,0.3,0.5,0.01931,0.42871,0.21084
48,100,1,0.1,0.3,0.5,0.01931,0.44234,0.2283
49,100,1,0.1,0.3,0.5,0.01931,0.42392,0.19749
50,100,1,0.1,0.3,0.5,0.01931,0.38034,0.15331
51,100,1,0.1,0.3,0.5,0.01931,0.42762,0.17754
52,100,1,0.1,0.3,0.5,0.01931,0.39747,0.17206
53,100,1,0.1,0.3,0.5,0.01931,0.37871,0.18754
54,100,1,0.1,0.3,0.5,0.01931,0.37673,0.13396
55,100,1,0.1,0.3,0.5,0.01931,0.37055,0.12125
56,100,1,0.1,0.3,0.5,0.01931,0.37242,0.14549
57,100,1,0.1,0.3,0.5,0.01931,0.3968,0.20427
58,100,1,0.1,0.3,0.5,0.01931,0.35655,0.14444
59,100,1,0.1,0.3,0.5,0.01931,0.38633,0.14445
60,100,1,0.1,0.3,0.5,0.01931,0.36277,0.18013
61,100,1,0.1,0.3,0.5,0.01931,0.39387,0.13409
62,100,1,0.1,0.3,0.5,0.01931,0.43339,0.20265
63,100,1,0.1,0.3,0.5,0.01931,0.40696,0.13335
64,100,1,0.1,0.3,0.5,0.01931,0.38296,0.19234
65,100,1,0.1,0.3,0.5,0.01931,0.3871,0.16191
66,100,1,0.1,0.3,0.5,0.01931,0.34271,0.2003
67,100,1,0.1,0.3,0.5,0.01931,0.36051,0.11719
68,100,1,0.1,0.3,0.5,0.01931,0.3639,0.13908
69,100,1,0.1,0.3,0.5,0.01931,0.42049,0.20127
70,100,1,0.1,0.3,0.5,0.01931,0.42764,0.16059
71,100,1,0.1,0.3,0.5,0.01931,0.35898,0.18726
72,100,1,0.1,0.3,0.5,0.01931,0.35631,0.16701
73,100,1,0.1,0.3,0.5,0.01931,0.34227,0.10506
74,100,1,0.1,0.3,0.5,0.01931,0.38095,0.13522
75,100,1,0.1,0.3,0.5,0.01931,0.40768,0.20049
76,100,1,0.1,0.3,0.5,0.01931,0.45377,0.32845
77,100,1,0.1,0.3,0.5,0.01931,0.39281,0.14449
78,100,1,0.1,0.3,0.5,0.01931,0.4501,0.2393
79,100,1,0.1,0.3,0.5,0.01931,0.41271,0.18608
80,100,1,0.1,0.3,0.5,0.01931,0.38123,0.14748
81,100,1,0.1,0.3,0.5,0.01931,0.36637,0.16477
82,100,1,0.1,0.3,0.5,0.01931,0.43895,0.25192
83,100,1,0.1,0.3,0.5,0.01931,0.39968,0.18551
84,100,1,0.1,0.3,0.5,0.01931,0.36628,0.14664
85,100,1,0.1,0.3,0.5,0.01931,0.38896,0.1779
86,100,1,0.1,0.3,0.5,0.01931,0.39583,0.13998
87,100,1,0.1,0.3,0.5,0.01931,0.37477,0.15051
88,100,1,0.1,0.3,0.5,0.01931,0.36822,0.11404
89,100,1,0.1,0.3,0.5,0.01931,0.39765,0.215
90,100,1,0.1,0.3,0.5,0.01931,0.42879,0.18154
91,100,1,0.1,0.3,0.5,0.01931,0.39137,0.19848
92,100,1,0.1,0.3,0.5,0.01931,0.37801,0.13659
93,100,1,0.1,0.3,0.5,0.01931,0.39232,0.1918
94,100,1,0.1,0.3,0.5,0.01931,0.36446,0.19416
95,100,1,0.1,0.3,0.5,0.01931,0.35121,0.15301
96,100,1,0.1,0.3,0.5,0.01931,0.37571,0.12841
97,100,1,0.1,0.3,0.5,0.01931,0.35768,0.15697
98,100,1,0.1,0.3,0.5,0.01931,0.39629,0.15395
99,100,1,0.1,0.3,0.5,0.01931,0.38878,0.14881
0,100,1,0.1,0.3,0.5,0.016,0.43108,0.25737
1,100,1,0.1,0.3,0.5,0.016,0.37066,0.18435
2,100,1,0.1,0.3,0.5,0.016,0.38146,0.22626
3,100,1,0.1,0.3,0.5,0.016,0.35717,0.19711
4,100,1,0.1,0.3,0.5,0.016,0.34266,0.14116
5,100,1,0.1,0.3,0.5,0.016,0.41688,0.27095
6,100,1,0.1,0.3,0.5,0.016,0.37797,0.17162
7,100,1,0.1,0.3,0.5,0.016,0.41179,0.20343
8,100,1,0.1,0.3,0.5,0.016,0.42683,0.23976
9,100,1,0.1,0.3,0.5,0.016,0.3447,0.2102
10,100,1,0.1,0.3,0.5,0.016,0.37953,0.25036
11,100,1,0.1,0.3,0.5,0.016,0.40807,0.23294
12,100,1,0.1,0.3,0.5,0.016,0.34992,0.22088
13,100,1,0.1,0.3,0.5,0.016,0.35791,0.18137
14,100,1,0.1,0.3,0.5,0.016,0.37091,0.18719
15,100,1,0.1,0.3,0.5,0.016,0.34397,0.18863
16,100,1,0.1,0.3,0.5,0.016,0.45299,0.33223
17,100,1,0.1,0.3,0.5,0.016,0.36776,0.1695
18,100,1,0.1,0.3,0.5,0.016,0.35275,0.19114
19,100,1,0.1,0.3,0.5,0.016,0.33438,0.15943
20,100,1,0.1,0.3,0.5,0.016,0.35857,0.15245
21,100,1,0.1,0.3,0.5,0.016,0.3598,0.17772
22,100,1,0.1,0.3,0.5,0.016,0.3891,0.17667
23,100,1,0.1,0.3,0.5,0.016,0.4091,0.24768
24,100,1,0.1,0.3,0.5,0.016,0.37238,0.2115
25,100,1,0.1,0.3,0.5,0.016,0.36483,0.15483
26,100,1,0.1,0.3,0.5,0.016,0.36401,0.16975
27,100,1,0.1,0.3,0.5,0.016,0.36832,0.21884
28,100,1,0.1,0.3,0.5,0.016,0.37523,0.18014
29,100,1,0.1,0.3,0.5,0.016,0.38363,0.20544
30,100,1,0.1,0.3,0.5,0.016,0.37895,0.23669
31,100,1,0.1,0.3,0.5,0.016,0.38275,0.20767
32,100,1,0.1,0.3,0.5,0.016,0.42255,0.26939
33,100,1,0.1,0.3,0.5,0.016,0.38454,0.19579
34,100,1,0.1,0.3,0.5,0.016,0.43701,0.26048
35,100,1,0.1,0.3,0.5,0.016,0.39786,0.20508
36,100,1,0.1,0.3,0.5,0.016,0.38471,0.24604
37,100,1,0.1,0.3,0.5,0.016,0.38699,0.21564
38,100,1,0.1,0.3,0.5,0.016,0.37203,0.19185
39,100,1,0.1,0.3,0.5,0.016,0.40753,0.20726
40,100,1,0.1,0.3,0.5,0.016,0.37432,0.23152
41,100,1,0.1,0.3,0.5,0.016,0.37459,0.18558
42,100,1,0.1,0.3,0.5,0.016,0.40019,0.25524
43,100,1,0.1,0.3,0.5,0.016,0.35291,0.19135
44,100,1,0.1,0.3,0.5,0.016,0.36745,0.20441
45,100,1,0.1,0.3,0.5,0.016,0.3913,0.22034
46,100,1,0.1,0.3,0.5,0.016,0.47581,0.32521
47,100,1,0.1,0.3,0.5,0.016,0.41771,0.24315
48,100,1,0.1,0.3,0.5,0.016,0.43149,0.26327
49,100,1,0.1,0.3,0.5,0.016,0.41636,0.22828
50,100,1,0.1,0.3,0.5,0.016,0.37081,0.1803
51,100,1,0.1,0.3,0.5,0.016,0.41594,0.20518
52,100,1,0.1,0.3,0.5,0.016,0.39199,0.20302
53,100,1,0.1,0.3,0.5,0.016,0.37192,0.21239
54,100,1,0.1,0.3,0.5,0.016,0.35589,0.15301
55,100,1,0.1,0.3,0.5,0.016,0.34785,0.1425
56,100,1,0.1,0.3,0.5,0.016,0.35653,0.16759
57,100,1,0.1,0.3,0.5,0.016,0.39126,0.23574
58,100,1,0.1,0.3,0.5,0.016,0.34316,0.1659
59,100,1,0.1,0.3,0.5,0.016,0.36883,0.16957
60,100,1,0.1,0.3,0.5,0.016,0.35943,0.20642
61,100,1,0.1,0.3,0.5,0.016,0.3792,0.15956
62,100,1,0.1,0.3,0.5,0.016,0.41924,0.22749
63,100,1,0.1,0.3,0.5,0.016,0.38748,0.15328
64,100,1,0.1,0.3,0.5,0.016,0.37334,0.21784
65,100,1,0.1,0.3,0.5,0.016,0.37924,0.19375
66,100,1,0.1,0.3,0.5,0.016,0.32892,0.22092
67,100,1,0.1,0.3,0.5,0.016,0.34236,0.13957
68,100,1,0.1,0.3,0.5,0.016,0.35107,0.17265
69,100,1,0.1,0.3,0.5,0.016,0.4156,0.23662
70,100,1,0.1,0.3,0.5,0.016,0.41701,0.18911
71,100,1,0.1,0.3,0.5,0.016,0.3487,0.21277
72,100,1,0.1,0.3,0.5,0.016,0.34657,0.19255
73,100,1,0.1,0.3,0.5,0.016,0.32609,0.12466
74,100,1,0.1,0.3,0.5,0.016,0.36538,0.16278
75,100,1,0.1,0.3,0.5,0.016,0.40436,0.23036
76,100,1,0.1,0.3,0.5,0.016,0.45448,0.35887
77,100,1,0.1,0.3,0.5,0.016,0.37855,0.16886
78,100,1,0.1,0.3,0.5,0.016,0.44342,0.26708
79,100,1,0.1,0.3,0.5,0.016,0.4026,0.2139
80,100,1,0.1,0.3,0.5,0.016,0.36451,0.17818
81,100,1,0.1,0.3,0.5,0.016,0.36148,0.1896
82,100,1,0.1,0.3,0.5,0.016,0.43181,0.27273
83,100,1,0.1,0.3,0.5,0.016,0.38739,0.20744
84,100,1,0.1,0.3,0.5,0.016,0.34868,0.16278
85,100,1,0.1,0.3,0.5,0.016,0.38316,0.20906
86,100,1,0.1,0.3,0.5,0.016,0.37769,0.1628
87,100,1,0.1,0.3,0.5,0.016,0.36034,0.17274
88,100,1,0.1,0.3,0.5,0.016,0.35241,0.13605
89,100,1,0.1,0.3,0.5,0.016,0.38727,0.24776
90,100,1,0.1,0.3,0.5,0.016,0.41039,0.20609
91,100,1,0.1,0.3,0.5,0.016,0.38023,0.22688
92,100,1,0.1,0.3,0.5,0.016,0.36002,0.16582
93,100,1,0.1,0.3,0.5,0.016,0.39001,0.21889
94,100,1,0.1,0.3,0.5,0.016,0.36143,0.22652
95,100,1,0.1,0.3,0.5,0.016,0.33047,0.17617
96,100,1,0.1,0.3,0.5,0.016,0.35868,0.15355
97,100,1,0.1,0.3,0.5,0.016,0.33389,0.17761
98,100,1,0.1,0.3,0.5,0.016,0.37736,0.17515
99,100,1,0.1,0.3,0.5,0.016,0.37369,0.17191
0,100,1,0.1,0.3,0.5,0.01326,0.44129,0.29761
1,100,1,0.1,0.3,0.5,0.01326,0.36703,0.21748
2,100,1,0.1,0.3,0.5,0.01326,0.38228,0.25627
3,100,1,0.1,0.3,0.5,0.01326,0.35473,0.23379
4,100,1,0.1,0.3,0.5,0.01326,0.33254,0.1601
5,100,1,0.1,0.3,0.5,0.01326,0.42562,0.31058
6,100,1,0.1,0.3,0.5,0.01326,0.36571,0.19476
7,100,1,0.1,0.3,0.5,0.01326,0.40868,0.23668
8,100,1,0.1,0.3,0.5,0.01326,0.42486,0.27893
9,100,1,0.1,0.3,0.5,0.01326,0.34785,0.23811
10,100,1,0.1,0.3,0.5,0.01326,0.38419,0.28035
11,100,1,0.1,0.3,0.5,0.01326,0.40827,0.2641
12,100,1,0.1,0.3,0.5,0.01326,0.34919,0.25455
13,100,1,0.1,0.3,0.5,0.01326,0.35113,0.20856
14,100,1,0.1,0.3,0.5,0.01326,0.36297,0.21399
15,100,1,0.1,0.3,0.5,0.01326,0.34032,0.21974
16,100,1,0.1,0.3,0.5,0.01326,0.46406,0.3708
17,100,1,0.1,0.3,0.5,0.01326,0.35891,0.20125
18,100,1,0.1,0.3,0.5,0.01326,0.35376,0.22311
19,100,1,0.1,0.3,0.5,0.01326,0.32653,0.19347
20,100,1,0.1,0.3,0.5,0.01326,0.34258,0.17128
21,100,1,0.1,0.3,0.5,0.01326,0.35375,0.20937
22,100,1,0.1,0.3,0.5,0.01326,0.37706,0.20381
23,100,1,0.1,0.3,0.5,0.01326,0.41568,0.28743
24,100,1,0.1,0.3,0.5,0.01326,0.36693,0.24047
25,100,1,0.1,0.3,0.5,0.01326,0.3486,0.17695
26,100,1,0.1,0.3,0.5,0.01326,0.35241,0.19278
27,100,1,0.1,0.3,0.5,0.01326,0.36075,0.24663
28,100,1,0.1,0.3,0.5,0.01326,0.36799,0.19858
29,100,1,0.1,0.3,0.5,0.01326,0.37409,0.23359
30,100,1,0.1,0.3,0.5,0.01326,0.37936,0.26481
31,100,1,0.1,0.3,0.5,0.01326,0.38204,0.2391
32,100,1,0.1,0.3,0.5,0.01326,0.42507,0.29589
33,100,1,0.1,0.3,0.5,0.01326,0.37451,0.22305
34,100,1,0.1,0.3,0.5,0.01326,0.43519,0.28671
35,100,1,0.1,0.3,0.5,0.01326,0.39313,0.23247
36,100,1,0.1,0.3,0.5,0.01326,0.38147,0.2737
37,100,1,0.1,0.3,0.5,0.01326,0.38834,0.25084
38,100,1,0.1,0.3,0.5,0.01326,0.3665,0.22028
39,100,1,0.1,0.3,0.5,0.01326,0.40538,0.23763
40,100,1,0.1,0.3,0.5,0.01326,0.37019,0.26115
41,100,1,0.1,0.3,0.5,0.01326,0.36653,0.21393
42,100,1,0.1,0.3,0.5,0.01326,0.40704,0.29341
43,100,1,0.1,0.3,0.5,0.01326,0.35432,0.23006
44,100,1,0.1,0.3,0.5,0.01326,0.36165,0.24174
45,100,1,0.1,0.3,0.5,0.01326,0.39594,0.25634
46,100,1,0.1,0.3,0.5,0.01326,0.49054,0.37046
47,100,1,0.1,0.3,0.5,0.01326,0.41555,0.27938
48,100,1,0.1,0.3,0.5,0.01326,0.42874,0.30196
49,100,1,0.1,0.3,0.5,0.01326,0.41613,0.26256
50,100,1,0.1,0.3,0.5,0.01326,0.36907,0.21115
51,100,1,0.1,0.3,0.5,0.01326,0.41216,0.23673
52,100,1,0.1,0.3,0.5,0.01326,0.39341,0.23704
53,100,1,0.1,0.3,0.5,0.01326,0.37166,0.24122
54,100,1,0.1,0.3,0.5,0.01326,0.34042,0.17714
55,100,1,0.1,0.3,0.5,0.01326,0.32984,0.16727
56,100,1,0.1,0.3,0.5,0.01326,0.34557,0.19266
57,100,1,0.1,0.3,0.5,0.01326,0.39275,0.2694
58,100,1,0.1,0.3,0.5,0.01326,0.33493,0.18995
59,100,1,0.1,0.3,0.5,0.01326,0.35871,0.19892
60,100,1,0.1,0.3,0.5,0.01326,0.36315,0.23637
61,100,1,0.1,0.3,0.5,0.01326,0.3715,0.18974
62,100,1,0.1,0.3,0.5,0.01326,0.41104,0.25535
63,100,1,0.1,0.3,0.5,0.01326,0.37432,0.1781
64,100,1,0.1,0.3,0.5,0.01326,0.37026,0.24618
65,100,1,0.1,0.3,0.5,0.01326,0.38167,0.23229
66,100,1,0.1,0.3,0.5,0.01326,0.31922,0.24293
67,100,1,0.1,0.3,0.5,0.01326,0.33031,0.16556
68,100,1,0.1,0.3,0.5,0.01326,0.3475,0.21112
69,100,1,0.1,0.3,0.5,0.01326,0.41775,0.27411
70,100,1,0.1,0.3,0.5,0.01326,0.4142,0.2226
71,100,1,0.1,0.3,0.5,0.01326,0.3447,0.24147
72,100,1,0.1,0.3,0.5,0.01326,0.34372,0.22193
73,100,1,0.1,0.3,0.5,0.01326,0.31526,0.14716
74,100,1,0.1,0.3,0.5,0.01326,0.35663,0.19349
75,100,1,0.1,0.3,0.5,0.01326,0.40842,0.26344
76,100,1,0.1,0.3,0.5,0.01326,0.46023,0.39047
77,100,1,0.1,0.3,0.5,0.01326,0.37036,0.19707
78,100,1,0.1,0.3,0.5,0.01326,0.44422,0.29857
79,100,1,0.1,0.3,0.5,0.01326,0.39842,0.24429
80,100,1,0.1,0.3,0.5,0.01326,0.35543,0.21358
81,100,1,0.1,0.3,0.5,0.01326,0.36403,0.21784
82,100,1,0.1,0.3,0.5,0.01326,0.42924,0.29498
83,100,1,0.1,0.3,0.5,0.01326,0.38073,0.23122
84,100,1,0.1,0.3,0.5,0.01326,0.33488,0.18158
85,100,1,0.1,0.3,0.5,0.01326,0.38494,0.24338
86,100,1,0.1,0.3,0.5,0.01326,0.3652,0.18829
87,100,1,0.1,0.3,0.5,0.01326,0.35169,0.19912
88,100,1,0.1,0.3,0.5,0.01326,0.3431,0.16198
89,100,1,0.1,0.3,0.5,0.01326,0.38439,0.28427
90,100,1,0.1,0.3,0.5,0.01326,0.39686,0.2332
91,100,1,0.1,0.3,0.5,0.01326,0.37511,0.25723
92,100,1,0.1,0.3,0.5,0.01326,0.34935,0.19852
93,100,1,0.1,0.3,0.5,0.01326,0.39559,0.25033
94,100,1,0.1,0.3,0.5,0.01326,0.36718,0.26281
95,100,1,0.1,0.3,0.5,0.01326,0.31638,0.2044
96,100,1,0.1,0.3,0.5,0.01326,0.34792,0.18253
97,100,1,0.1,0.3,0.5,0.01326,0.31453,0.20115
98,100,1,0.1,0.3,0.5,0.01326,0.36425,0.19979
99,100,1,0.1,0.3,0.5,0.01326,0.36478,0.19845
0,100,1,0.1,0.3,0.5,0.01099,0.45956,0.34045
1,100,1,0.1,0.3,0.5,0.01099,0.37309,0.25601
2,100,1,0.1,0.3,0.5,0.01099,0.38936,0.28873
3,100,1,0.1,0.3,0.5,0.01099,0.36088,0.2735
4,100,1,0.1,0.3,0.5,0.01099,0.32793,0.18223
5,100,1,0.1,0.3,0.5,0.01099,0.44206,0.35292
6,100,1,0.1,0.3,0.5,0.01099,0.35938,0.22049
7,100,1,0.1,0.3,0.5,0.01099,0.41281,0.27286
8,100,1,0.1,0.3,0.5,0.01099,0.43251,0.32161
9,100,1,0.1,0.3,0.5,0.01099,0.35715,0.26904
10,100,1,0.1,0.3,0.5,0.01099,0.39608,0.31354
11,100,1,0.1,0.3,0.5,0.01099,0.41557,0.29831
12,100,1,0.1,0.3,0.5,0.01099,0.35626,0.29087
13,100,1,0.1,0.3,0.5,0.01099,0.3521,0.24039
14,100,1,0.1,0.3,0.5,0.01099,0.36289,0.24552
15,100,1,0.1,0.3,0.5,0.01099,0.34507,0.25511
16,100,1,0.1,0.3,0.5,0.01099,0.48347,0.41326
17,100,1,0.1,0.3,0.5,0.01099,0.35812,0.23676
18,100,1,0.1,0.3,0.5,0.01099,0.36376,0.26034
19,100,1,0.1,0.3,0.5,0.01099,0.32761,0.23145
20,100,1,0.1,0.3,0.5,0.01099,0.33277,0.19413
21,100,1,0.1,0.3,0.5,0.01099,0.35577,0.24545
22,100,1,0.1,0.3,0.5,0.01099,0.37216,0.23412
23,100,1,0.1,0.3,0.5,0.01099,0.4304,0.33084
24,100,1,0.1,0.3,0.5,0.01099,0.36839,0.27232
25,100,1,0.1,0.3,0.5,0.01099,0.33877,0.20312
26,100,1,0.1,0.3,0.5,0.01099,0.34696,0.21963
27,100,1,0.1,0.3,0.5,0.01099,0.36095,0.27774
28,100,1,0.1,0.3,0.5,0.01099,0.36653,0.22037
29,100,1,0.1,0.3,0.5,0.01099,0.37139,0.26491
30,100,1,0.1,0.3,0.5,0.01099,0.38621,0.29564
31,100,1,0.1,0.3,0.5,0.01099,0.38869,0.27394
32,100,1,0.1,0.3,0.5,0.01099,0.4326,0.32364
33,100,1,0.1,0.3,0.5,0.01099,0.37169,0.25351
34,100,1,0.1,0.3,0.5,0.01099,0.43867,0.31476
35,100,1,0.1,0.3,0.5,0.01099,0.39462,0.2623
36,100,1,0.1,0.3,0.5,0.01099,0.38395,0.30329
37,100,1,0.1,0.3,0.5,0.01099,0.39802,0.29034
38,100,1,0.1,0.3,0.5,0.01099,0.36803,0.2518
39,100,1,0.1,0.3,0.5,0.01099,0.40992,0.27155
40,100,1,0.1,0.3,0.5,0.01099,0.37328,0.29419
41,100,1,0.1,0.3,0.5,0.01099,0.36637,0.24636
42,100,1,0.1,0.3,0.5,0.01099,0.42229,0.3346
43,100,1,0.1,0.3,0.5,0.01099,0.36547,0.27325
44,100,1,0.1,0.3,0.5,0.01099,0.36568,0.28367
45,100,1,0.1,0.3,0.5,0.01099,0.40904,0.29619
46,100,1,0.1,0.3,0.5,0.01099,0.51247,0.41693
47,100,1,0.1,0.3,0.5,0.01099,0.42342,0.31967
48,100,1,0.1,0.3,0.5,0.01099,0.43592,0.34491
49,100,1,0.1,0.3,0.5,0.01099,0.42376,0.30044
50,100,1,0.1,0.3,0.5,0.01099,0.3759,0.24667
51,100,1,0.1,0.3,0.5,0.01099,0.41763,0.2735
52,100,1,0.1,0.3,0.5,0.01099,0.40174,0.27433
53,100,1,0.1,0.3,0.5,0.01099,0.37863,0.27488
54,100,1,0.1,0.3,0.5,0.01099,0.33246,0.20761
55,100,1,0.1,0.3,0.5,0.01099,0.31836,0.19634
56,100,1,0.1,0.3,0.5,0.01099,0.34039,0.22119
57,100,1,0.1,0.3,0.5,0.01099,0.40139,0.30544
58,100,1,0.1,0.3,0.5,0.01099,0.33244,0.21746
59,100,1,0.1,0.3,0.5,0.01099,0.35735,0.23268
60,100,1,0.1,0.3,0.5,0.01099,0.3735,0.26996
61,100,1,0.1,0.3,0.5,0.01099,0.37237,0.2255
62,100,1,0.1,0.3,0.5,0.01099,0.41014,0.28706
63,100,1,0.1,0.3,0.5,0.01099,0.36952,0.20921
64,100,1,0.1,0.3,0.5,0.01099,0.37409,0.27769
65,100,1,0.1,0.3,0.5,0.01099,0.39577,0.278
66,100,1,0.1,0.3,0.5,0.01099,0.3148,0.26768
67,100,1,0.1,0.3,0.5,0.01099,0.32588,0.19615
68,100,1,0.1,0.3,0.5,0.01099,0.35441,0.25411
69,100,1,0.1,0.3,0.5,0.01099,0.42682,0.31366
70,100,1,0.1,0.3,0.5,0.01099,0.42019,0.26134
71,100,1,0.1,0.3,0.5,0.01099,0.34773,0.27392
72,100,1,0.1,0.3,0.5,0.01099,0.34823,0.25533
73,100,1,0.1,0.3,0.5,0.01099,0.31018,0.17299
74,100,1,0.1,0.3,0.5,0.01099,0.3554,0.22712
75,100,1,0.1,0.3,0.5,0.01099,0.41958,0.29981
76,100,1,0.1,0.3,0.5,0.01099,0.47172,0.42428
77,100,1,0.1,0.3,0.5,0.01099,0.36945,0.22976
78,100,1,0.1,0.3,0.5,0.01099,0.4536,0.33467
79,100,1,0.1,0.3,0.5,0.01099,0.40109,0.27827
80,100,1,0.1,0.3,0.5,0.01099,0.35563,0.25355
81,100,1,0.1,0.3,0.5,0.01099,0.37369,0.24977
82,100,1,0.1,0.3,0.5,0.01099,0.43157,0.31942
83,100,1,0.1,0.3,0.5,0.01099,0.38025,0.25759
84,100,1,0.1,0.3,0.5,0.01099,0.3259,0.20422
85,100,1,0.1,0.3,0.5,0.01099,0.39452,0.28118
86,100,1,0.1,0.3,0.5,0.01099,0.35962,0.21741
87,100,1,0.1,0.3,0.5,0.01099,0.35005,0.23034
88,100,1,0.1,0.3,0.5,0.01099,0.34112,0.19222
89,100,1,0.1,0.3,0.5,0.01099,0.39049,0.32511
90,100,1,0.1,0.3,0.5,0.01099,0.38954,0.26338
91,100,1,0.1,0.3,0.5,0.01099,0.37647,0.2897
92,100,1,0.1,0.3,0.5,0.01099,0.34731,0.23479
93,100,1,0.1,0.3,0.5,0.01099,0.4096,0.28724
94,100,1,0.1,0.3,0.5,0.01099,0.38198,0.30335
95,100,1,0.1,0.3,0.5,0.01099,0.31209,0.23924
96,100,1,0.1,0.3,0.5,0.01099,0.34428,0.2153
97,100,1,0.1,0.3,0.5,0.01099,0.30202,0.22902
98,100,1,0.1,0.3,0.5,0.01099,0.35842,0.22868
99,100,1,0.1,0.3,0.5,0.01099,0.36311,0.22912
0,100,1,0.1,0.3,0.5,0.0091,0.48531,0.38634
1,100,1,0.1,0.3,0.5,0.0091,0.38979,0.30026
2,100,1,0.1,0.3,0.5,0.0091,0.40273,0.32406
3,100,1,0.1,0.3,0.5,0.0091,0.3761,0.31616
4,100,1,0.1,0.3,0.5,0.0091,0.32955,0.20849
5,100,1,0.1,0.3,0.5,0.0091,0.4659,0.39808
6,100,1,0.1,0.3,0.5,0.0091,0.36032,0.24994
7,100,1,0.1,0.3,0.5,0.0091,0.42489,0.31261
8,100,1,0.1,0.3,0.5,0.0091,0.44998,0.36748
9,100,1,0.1,0.3,0.5,0.0091,0.3727,0.30337
10,100,1,0.1,0.3,0.5,0.0091,0.41544,0.35047
11,100,1,0.1,0.3,0.5,0.0091,0.43037,0.33613
12,100,1,0.1,0.3,0.5,0.0091,0.37126,0.32969
13,100,1,0.1,0.3,0.5,0.0091,0.36249,0.27787
14,100,1,0.1,0.3,0.5,0.0091,0.37174,0.28202
15,100,1,0.1,0.3,0.5,0.0091,0.35897,0.29485
16,100,1,0.1,0.3,0.5,0.0091,0.51105,0.45969
17,100,1,0.1,0.3,0.5,0.0091,0.36633,0.27607
18,100,1,0.1,0.3,0.5,0.0091,0.38361,0.30346
19,100,1,0.1,0.3,0.5,0.0091,0.33872,0.2735
20,100,1,0.1,0.3,0.5,0.0091,0.33103,0.22219
21,100,1,0.1,0.3,0.5,0.0091,0.36711,0.28635
22,100,1,0.1,0.3,0.5,0.0091,0.37548,0.26806
23,100,1,0.1,0.3,0.5,0.0091,0.45303,0.37767
24,100,1,0.1,0.3,0.5,0.0091,0.37757,0.30738
25,100,1,0.1,0.3,0.5,0.0091,0.33766,0.23473
26,100,1,0.1,0.3,0.5,0.0091,0.34927,0.25121
27,100,1,0.1,0.3,0.5,0.0091,0.37023,0.31274
28,100,1,0.1,0.3,0.5,0.0091,0.37152,0.24657
29,100,1,0.1,0.3,0.5,0.0091,0.37668,0.29981
30,100,1,0.1,0.3,0.5,0.0091,0.3997,0.3295
31,100,1,0.1,0.3,0.5,0.0091,0.40348,0.31305
32,100,1,0.1,0.3,0.5,0.0091,0.44495,0.35305
33,100,1,0.1,0.3,0.5,0.0091,0.37744,0.2878
34,100,1,0.1,0.3,0.5,0.0091,0.44785,0.34529
35,100,1,0.1,0.3,0.5,0.0091,0.40271,0.29527
36,100,1,0.1,0.3,0.5,0.0091,0.39263,0.33527
37,100,1,0.1,0.3,0.5,0.0091,0.41664,0.3345
38,100,1,0.1,0.3,0.5,0.0091,0.3773,0.28711
39,100,1,0.1,0.3,0.5,0.0091,0.42178,0.30947
40,100,1,0.1,0.3,0.5,0.0091,0.38513,0.33158
41,100,1,0.1,0.3,0.5,0.0091,0.37552,0.28357
42,100,1,0.1,0.3,0.5,0.0091,0.44545,0.37863
43,100,1,0.1,0.3,0.5,0.0091,0.38644,0.32054
44,100,1,0.1,0.3,0.5,0.0091,0.38072,0.33002
45,100,1,0.1,0.3,0.5,0.0091,0.43053,0.34006
46,100,1,0.1,0.3,0.5,0.0091,0.54061,0.46447
47,100,1,0.1,0.3,0.5,0.0091,0.44184,0.36413
48,100,1,0.1,0.3,0.5,0.0091,0.45437,0.39247
49,100,1,0.1,0.3,0.5,0.0091,0.43968,0.34216
50,100,1,0.1,0.3,0.5,0.0091,0.39207,0.2876
51,100,1,0.1,0.3,0.5,0.0091,0.43353,0.31667
52,100,1,0.1,0.3,0.5,0.0091,0.41709,0.31513
53,100,1,0.1,0.3,0.5,0.0091,0.39371,0.31384
54,100,1,0.1,0.3,0.5,0.0091,0.33478,0.24529
55,100,1,0.1,0.3,0.5,0.0091,0.31578,0.23028
56,100,1,0.1,0.3,0.5,0.0091,0.34246,0.25375
57,100,1,0.1,0.3,0.5,0.0091,0.4174,0.3442
58,100,1,0.1,0.3,0.5,0.0091,0.33702,0.24947
59,100,1,0.1,0.3,0.5,0.0091,0.36587,0.27102
60,100,1,0.1,0.3,0.5,0.0091,0.39027,0.30715
61,100,1,0.1,0.3,0.5,0.0091,0.38351,0.26766
62,100,1,0.1,0.3,0.5,0.0091,0.41794,0.32344
63,100,1,0.1,0.3,0.5,0.0091,0.37532,0.24773
64,100,1,0.1,0.3,0.5,0.0091,0.38541,0.31282
65,100,1,0.1,0.3,0.5,0.0091,0.42221,0.33094
66,100,1,0.1,0.3,0.5,0.0091,0.31808,0.29672
67,100,1,0.1,0.3,0.5,0.0091,0.33091,0.23211
68,100,1,0.1,0.3,0.5,0.0091,0.37223,0.30113
69,100,1,0.1,0.3,0.5,0.0091,0.44282,0.35541
70,100,1,0.1,0.3,0.5,0.0091,0.43569,0.30558
71,100,1,0.1,0.3,0.5,0.0091,0.35893,0.31062
72,100,1,0.1,0.3,0.5,0.0091,0.36061,0.29266
73,100,1,0.1,0.3,0.5,0.0091,0.31165,0.20265
74,100,1,0.1,0.3,0.5,0.0091,0.36239,0.26381
75,100,1,0.1,0.3,0.5,0.0091,0.4375,0.33956
76,100,1,0.1,0.3,0.5,0.0091,0.49019,0.46155
77,100,1,0.1,0.3,0.5,0.0091,0.37714,0.26742
78,100,1,0.1,0.3,0.5,0.0091,0.47234,0.37606
79,100,1,0.1,0.3,0.5,0.0091,0.41201,0.31712
80,100,1,0.1,0.3,0.5,0.0091,0.36637,0.29779
81,100,1,0.1,0.3,0.5,0.0091,0.3902,0.28566
82,100,1,0.1,0.3,0.5,0.0091,0.43927,0.34675
83,100,1,0.1,0.3,0.5,0.0091,0.38668,0.28747
84,100,1,0.1,0.3,0.5,0.0091,0.32362,0.23188
85,100,1,0.1,0.3,0.5,0.0091,0.41218,0.32284
86,100,1,0.1,0.3,0.5,0.0091,0.36264,0.25144
87,100,1,0.1,0.3,0.5,0.0091,0.35709,0.267
88,100,1,0.1,0.3,0.5,0.0091,0.34732,0.22712
89,100,1,0.1,0.3,0.5,0.0091,0.40727,0.371
90,100,1,0.1,0.3,0.5,0.0091,0.39001,0.29721
91,100,1,0.1,0.3,0.5,0.0091,0.38489,0.32458
92,100,1,0.1,0.3,0.5,0.0091,0.35509,0.27492
93,100,1,0.1,0.3,0.5,0.0091,0.4327,0.33066
94,100,1,0.1,0.3,0.5,0.0091,0.40582,0.34812
95,100,1,0.1,0.3,0.5,0.0091,0.32127,0.28172
96,100,1,0.1,0.3,0.5,0.0091,0.34856,0.25175
97,100,1,0.1,0.3,0.5,0.0091,0.29992,0.26263
98,100,1,0.1,0.3,0.5,0.0091,0.36162,0.26279
99,100,1,0.1,0.3,0.5,0.0091,0.36983,0.2645
0,100,1,0.1,0.3,0.5,0.00754,0.5181,0.43583
1,100,1,0.1,0.3,0.5,0.00754,0.41745,0.3503
2,100,1,0.1,0.3,0.5,0.00754,0.42254,0.36265
3,100,1,0.1,0.3,0.5,0.00754,0.40061,0.36193
4,100,1,0.1,0.3,0.5,0.00754,0.33863,0.24015
5,100,1,0.1,0.3,0.5,0.00754,0.49675,0.44613
6,100,1,0.1,0.3,0.5,0.00754,0.36999,0.28429
7,100,1,0.1,0.3,0.5,0.00754,0.44572,0.35681
8,100,1,0.1,0.3,0.5,0.00754,0.47682,0.41639
9,100,1,0.1,0.3,0.5,0.00754,0.39501,0.3417
10,100,1,0.1,0.3,0.5,0.00754,0.44248,0.39165
11,100,1,0.1,0.3,0.5,0.00754,0.45318,0.3783
12,100,1,0.1,0.3,0.5,0.00754,0.39404,0.37082
13,100,1,0.1,0.3,0.5,0.00754,0.38402,0.32204
14,100,1,0.1,0.3,0.5,0.00754,0.3902,0.32359
15,100,1,0.1,0.3,0.5,0.00754,0.38262,0.33925
16,100,1,0.1,0.3,0.5,0.00754,0.54649,0.5101
17,100,1,0.1,0.3,0.5,0.00754,0.38425,0.31944
18,100,1,0.1,0.3,0.5,0.00754,0.41397,0.35294
19,100,1,0.1,0.3,0.5,0.00754,0.36054,0.31975
20,100,1,0.1,0.3,0.5,0.00754,0.3394,0.25657
21,100,1,0.1,0.3,0.5,0.00754,0.38862,0.33224
22,100,1,0.1,0.3,0.5,0.00754,0.38797,0.30625
23,100,1,0.1,0.3,0.5,0.00754,0.4832,0.42767
24,100,1,0.1,0.3,0.5,0.00754,0.39519,0.34602
25,100,1,0.1,0.3,0.5,0.00754,0.34763,0.27293
26,100,1,0.1,0.3,0.5,0.00754,0.36109,0.28839
27,100,1,0.1,0.3,0.5,0.00754,0.38965,0.35232
28,100,1,0.1,0.3,0.5,0.00754,0.3838,0.27818
29,100,1,0.1,0.3,0.5,0.00754,0.39111,0.33886
30,100,1,0.1,0.3,0.5,0.00754,0.42028,0.36696
31,100,1,0.1,0.3,0.5,0.00754,0.42736,0.35745
32,100,1,0.1,0.3,0.5,0.00754,0.46217,0.38474
33,100,1,0.1,0.3,0.5,0.00754,0.39289,0.32657
34,100,1,0.1,0.3,0.5,0.00754,0.46343,0.37932
35,100,1,0.1,0.3,0.5,0.00754,0.41809,0.33234
36,100,1,0.1,0.3,0.5,0.00754,0.40848,0.37053
37,100,1,0.1,0.3,0.5,0.00754,0.44462,0.38362
38,100,1,0.1,0.3,0.5,0.00754,0.3952,0.3271
39,100,1,0.1,0.3,0.5,0.00754,0.44164,0.35186
40,100,1,0.1,0.3,0.5,0.00754,0.40748,0.37457
41,100,1,0.1,0.3,0.5,0.00754,0.395,0.32607
42,100,1,0.1,0.3,0.5,0.00754,0.47603,0.42562
43,100,1,0.1,0.3,0.5,0.00754,0.41705,0.37183
44,100,1,0.1,0.3,0.5,0.00754,0.40733,0.38076
45,100,1,0.1,0.3,0.5,0.00754,0.4603,0.38822
46,100,1,0.1,0.3,0.5,0.00754,0.57397,0.51305
47,100,1,0.1,0.3,0.5,0.00754,0.47071,0.41298
48,100,1,0.1,0.3,0.5,0.00754,0.4845,0.44482
49,100,1,0.1,0.3,0.5,0.00754,0.46429,0.3882
50,100,1,0.1,0.3,0.5,0.00754,0.41803,0.33448
51,100,1,0.1,0.3,0.5,0.00754,0.46066,0.36711
52,100,1,0.1,0.3,0.5,0.00754,0.43968,0.35971
53,100,1,0.1,0.3,0.5,0.00754,0.41758,0.35825
54,100,1,0.1,0.3,0.5,0.00754,0.35001,0.29068
55,100,1,0.1,0.3,0.5,0.00754,0.32427,0.26936
56,100,1,0.1,0.3,0.5,0.00754,0.35342,0.2909
57,100,1,0.1,0.3,0.5,0.00754,0.44111,0.38626
58,100,1,0.1,0.3,0.5,0.00754,0.35053,0.28719
59,100,1,0.1,0.3,0.5,0.00754,0.38492,0.31419
60,100,1,0.1,0.3,0.5,0.00754,0.41347,0.34799
61,100,1,0.1,0.3,0.5,0.00754,0.4064,0.31694
62,100,1,0.1,0.3,0.5,0.00754,0.43571,0.36525
63,100,1,0.1,0.3,0.5,0.00754,0.39363,0.29446
64,100,1,0.1,0.3,0.5,0.00754,0.40505,0.3523
65,100,1,0.1,0.3,0.5,0.00754,0.4607,0.3908
66,100,1,0.1,0.3,0.5,0.00754,0.33205,0.33158
67,100,1,0.1,0.3,0.5,0.00754,0.34689,0.27391
68,100,1,0.1,0.3,0.5,0.00754,0.4005,0.35173
69,100,1,0.1,0.3,0.5,0.00754,0.46596,0.39985
70,100,1,0.1,0.3,0.5,0.00754,0.46112,0.35563
71,100,1,0.1,0.3,0.5,0.00754,0.37944,0.35202
72,100,1,0.1,0.3,0.5,0.00754,0.38116,0.33376
73,100,1,0.1,0.3,0.5,0.00754,0.3208,0.2368
74,100,1,0.1,0.3,0.5,0.00754,0.37824,0.30404
75,100,1,0.1,0.3,0.5,0.00754,0.46205,0.38294
76,100,1,0.1,0.3,0.5,0.00754,0.51717,0.50366
77,100,1,0.1,0.3,0.5,0.00754,0.39457,0.31047
78,100,1,0.1,0.3,0.5,0.00754,0.50077,0.42313
79,100,1,0.1,0.3,0.5,0.00754,0.4328,0.36217
80,100,1,0.1,0.3,0.5,0.00754,0.38807,0.34592
81,100,1,0.1,0.3,0.5,0.00754,0.41346,0.32583
82,100,1,0.1,0.3,0.5,0.00754,0.45292,0.37772
83,100,1,0.1,0.3,0.5,0.00754,0.40081,0.32181
84,100,1,0.1,0.3,0.5,0.00754,0.33038,0.26562
85,100,1,0.1,0.3,0.5,0.00754,0.43822,0.36889
86,100,1,0.1,0.3,0.5,0.00754,0.37632,0.29193
87,100,1,0.1,0.3,0.5,0.00754,0.37444,0.30959
88,100,1,0.1,0.3,0.5,0.00754,0.36239,0.26693
89,100,1,0.1,0.3,0.5,0.00754,0.43642,0.42292
90,100,1,0.1,0.3,0.5,0.00754,0.39991,0.33534
91,100,1,0.1,0.3,0.5,0.00754,0.40105,0.36234
92,100,1,0.1,0.3,0.5,0.00754,0.37356,0.31935
93,100,1,0.1,0.3,0.5,0.00754,0.46541,0.38127
94,100,1,0.1,0.3,0.5,0.00754,0.43818,0.39682
95,100,1,0.1,0.3,0.5,0.00754,0.34654,0.3324
96,100,1,0.1,0.3,0.5,0.00754,0.36147,0.2919
97,100,1,0.1,0.3,0.5,0.00754,0.31191,0.30326
98,100,1,0.1,0.3,0.5,0.00754,0.37562,0.30312
99,100,1,0.1,0.3,0.5,0.00754,0.38596,0.30508
0,100,1,0.1,0.3,0.5,0.00625,0.5578,0.48961
1,100,1,0.1,0.3,0.5,0.00625,0.45577,0.4061
2,100,1,0.1,0.3,0.5,0.00625,0.44898,0.40487
3,100,1,0.1,0.3,0.5,0.00625,0.43442,0.41129
4,100,1,0.1,0.3,0.5,0.00625,0.35685,0.27863
5,100,1,0.1,0.3,0.5,0.00625,0.53427,0.49722
6,100,1,0.1,0.3,0.5,0.00625,0.38973,0.32461
7,100,1,0.1,0.3,0.5,0.00625,0.47601,0.4064
8,100,1,0.1,0.3,0.5,0.00625,0.51231,0.46844
9,100,1,0.1,0.3,0.5,0.00625,0.42498,0.38491
10,100,1,0.1,0.3,0.5,0.00625,0.47731,0.43755
11,100,1,0.1,0.3,0.5,0.00625,0.4846,0.42568
12,100,1,0.1,0.3,0.5,0.00625,0.42421,0.4143
13,100,1,0.1,0.3,0.5,0.00625,0.41799,0.37386
14,100,1,0.1,0.3,0.5,0.00625,0.41836,0.37017
15,100,1,0.1,0.3,0.5,0.00625,0.41636,0.38882
16,100,1,0.1,0.3,0.5,0.00625,0.58952,0.56472
17,100,1,0.1,0.3,0.5,0.00625,0.4122,0.36727
18,100,1,0.1,0.3,0.5,0.00625,0.45504,0.40913
19,100,1,0.1,0.3,0.5,0.00625,0.393,0.37031
20,100,1,0.1,0.3,0.5,0.00625,0.35944,0.29809
21,100,1,0.1,0.3,0.5,0.00625,0.4205,0.38313
22,100,1,0.1,0.3,0.5,0.00625,0.41036,0.34943
23,100,1,0.1,0.3,0.5,0.00625,0.52047,0.4807
24,100,1,0.1,0.3,0.5,0.00625,0.4217,0.38874
25,100,1,0.1,0.3,0.5,0.00625,0.37033,0.31847
26,100,1,0.1,0.3,0.5,0.00625,0.38389,0.33194
27,100,1,0.1,0.3,0.5,0.00625,0.41974,0.39718
28,100,1,0.1,0.3,0.5,0.00625,0.40426,0.31602
29,100,1,0.1,0.3,0.5,0.00625,0.41578,0.3829
30,100,1,0.1,0.3,0.5,0.00625,0.44853,0.40878
31,100,1,0.1,0.3,0.5,0.00625,0.46121,0.40812
32,100,1,0.1,0.3,0.5,0.00625,0.48459,0.41953
33,100,1,0.1,0.3,0.5,0.00625,0.41867,0.37048
34,100,1,0.1,0.3,0.5,0.00625,0.4865,0.41826
35,100,1,0.1,0.3,0.5,0.00625,0.44169,0.37455
36,100,1,0.1,0.3,0.5,0.00625,0.43277,0.41032
37,100,1,0.1,0.3,0.5,0.00625,0.4821,0.43796
38,100,1,0.1,0.3,0.5,0.00625,0.42278,0.37299
39,100,1,0.1,0.3,0.5,0.00625,0.47006,0.39917
40,100,1,0.1,0.3,0.5,0.00625,0.44193,0.42457
41,100,1,0.1,0.3,0.5,0.00625,0.42523,0.37432
42,100,1,0.1,0.3,0.5,0.00625,0.51383,0.47608
43,100,1,0.1,0.3,0.5,0.00625,0.45703,0.42742
44,100,1,0.1,0.3,0.5,0.00625,0.44535,0.43608
45,100,1,0.1,0.3,0.5,0.00625,0.49828,0.44107
46,100,1,0.1,0.3,0.5,0.00625,0.61184,0.56284
47,100,1,0.1,0.3,0.5,0.00625,0.50956,0.46664
48,100,1,0.1,0.3,0.5,0.00625,0.52581,0.50203
49,100,1,0.1,0.3,0.5,0.00625,0.49801,0.4393
50,100,1,0.1,0.3,0.5,0.00625,0.45378,0.3875
51,100,1,0.1,0.3,0.5,0.00625,0.49932,0.42528
52,100,1,0.1,0.3,0.5,0.00625,0.46974,0.40834
53,100,1,0.1,0.3,0.5,0.00625,0.4506,0.40811
54,100,1,0.1,0.3,0.5,0.00625,0.37978,0.34407
55,100,1,0.1,0.3,0.5,0.00625,0.34497,0.31358
56,100,1,0.1,0.3,0.5,0.00625,0.37453,0.33304
57,100,1,0.1,0.3,0.5,0.00625,0.47309,0.43264
58,100,1,0.1,0.3,0.5,0.00625,0.3749,0.33175
59,100,1,0.1,0.3,0.5,0.00625,0.41461,0.36254
60,100,1,0.1,0.3,0.5,0.00625,0.44323,0.39263
61,100,1,0.1,0.3,0.5,0.00625,0.44184,0.37383
62,100,1,0.1,0.3,0.5,0.00625,0.46426,0.41314
63,100,1,0.1,0.3,0.5,0.00625,0.42554,0.34988
64,100,1,0.1,0.3,0.5,0.00625,0.43407,0.39722
65,100,1,0.1,0.3,0.5,0.00625,0.51016,0.45699
66,100,1,0.1,0.3,0.5,0.00625,0.35903,0.37353
67,100,1,0.1,0.3,0.5,0.00625,0.37454,0.32184
68,100,1,0.1,0.3,0.5,0.00625,0.4381,0.4056
69,100,1,0.1,0.3,0.5,0.00625,0.49672,0.44782
70,100,1,0.1,0.3,0.5,0.00625,0.49662,0.4118
71,100,1,0.1,0.3,0.5,0.00625,0.41006,0.39851
72,100,1,0.1,0.3,0.5,0.00625,0.40988,0.37855
73,100,1,0.1,0.3,0.5,0.00625,0.33904,0.27641
74,100,1,0.1,0.3,0.5,0.00625,0.40351,0.3486
75,100,1,0.1,0.3,0.5,0.00625,0.49348,0.4305
76,100,1,0.1,0.3,0.5,0.00625,0.55399,0.55191
77,100,1,0.1,0.3,0.5,0.00625,0.42245,0.3593
78,100,1,0.1,0.3,0.5,0.00625,0.5389,0.47626
79,100,1,0.1,0.3,0.5,0.00625,0.46494,0.41459
80,100,1,0.1,0.3,0.5,0.00625,0.42023,0.39759
81,100,1,0.1,0.3,0.5,0.00625,0.44362,0.37068
82,100,1,0.1,0.3,0.5,0.00625,0.47328,0.41319
83,100,1,0.1,0.3,0.5,0.00625,0.42337,0.36141
84,100,1,0.1,0.3,0.5,0.00625,0.34829,0.30615
85,100,1,0.1,0.3,0.5,0.00625,0.47302,0.41999
86,100,1,0.1,0.3,0.5,0.00625,0.40278,0.34062
87,100,1,0.1,0.3,0.5,0.00625,0.40313,0.35846
88,100,1,0.1,0.3,0.5,0.00625,0.38672,0.31191
89,100,1,0.1,0.3,0.5,0.00625,0.4792,0.48202
90,100,1,0.1,0.3,0.5,0.00625,0.42063,0.37859
91,100,1,0.1,0.3,0.5,0.00625,0.42573,0.40381
92,100,1,0.1,0.3,0.5,0.00625,0.40307,0.36863
93,100,1,0.1,0.3,0.5,0.00625,0.50789,0.43928
94,100,1,0.1,0.3,0.5,0.00625,0.47804,0.44895
95,100,1,0.1,0.3,0.5,0.00625,0.38852,0.39142
96,100,1,0.1,0.3,0.5,0.00625,0.38358,0.33608
97,100,1,0.1,0.3,0.5,0.00625,0.34039,0.35193
98,100,1,0.1,0.3,0.5,0.00625,0.40179,0.35063
99,100,1,0.1,0.3,0.5,0.00625,0.41209,0.35117
0,100,1,0.1,0.3,0.5,0.00518,0.60466,0.54853
1,100,1,0.1,0.3,0.5,0.00518,0.50408,0.46768
2,100,1,0.1,0.3,0.5,0.00518,0.48244,0.45126
3,100,1,0.1,0.3,0.5,0.00518,0.47749,0.46505
4,100,1,0.1,0.3,0.5,0.00518,0.38596,0.32533
5,100,1,0.1,0.3,0.5,0.00518,0.5783,0.55174
6,100,1,0.1,0.3,0.5,0.00518,0.42041,0.37181
7,100,1,0.1,0.3,0.5,0.00518,0.51627,0.46224
8,100,1,0.1,0.3,0.5,0.00518,0.55585,0.52408
9,100,1,0.1,0.3,0.5,0.00518,0.46358,0.4341
10,100,1,0.1,0.3,0.5,0.00518,0.51995,0.48863
11,100,1,0.1,0.3,0.5,0.00518,0.52513,0.4791
12,100,1,0.1,0.3,0.5,0.00518,0.46148,0.46057
13,100,1,0.1,0.3,0.5,0.00518,0.46492,0.43405
14,100,1,0.1,0.3,0.5,0.00518,0.4559,0.42178
15,100,1,0.1,0.3,0.5,0.00518,0.46027,0.44418
16,100,1,0.1,0.3,0.5,0.00518,0.64016,0.62409
17,100,1,0.1,0.3,0.5,0.00518,0.45015,0.42009
18,100,1,0.1,0.3,0.5,0.00518,0.50662,0.47227
19,100,1,0.1,0.3,0.5,0.00518,0.43537,0.42521
20,100,1,0.1,0.3,0.5,0.00518,0.39172,0.34716
21,100,1,0.1,0.3,0.5,0.00518,0.46236,0.439
22,100,1,0.1,0.3,0.5,0.00518,0.44316,0.3985
23,100,1,0.1,0.3,0.5,0.00518,0.56444,0.53686
24,100,1,0.1,0.3,0.5,0.00518,0.45724,0.43613
25,100,1,0.1,0.3,0.5,0.00518,0.40624,0.37173
26,100,1,0.1,0.3,0.5,0.00518,0.41855,0.38262
27,100,1,0.1,0.3,0.5,0.00518,0.46045,0.44798
28,100,1,0.1,0.3,0.5,0.00518,0.43372,0.3608
29,100,1,0.1,0.3,0.5,0.00518,0.45154,0.43302
30,100,1,0.1,0.3,0.5,0.00518,0.48501,0.45584
31,100,1,0.1,0.3,0.5,0.00518,0.50553,0.4658
32,100,1,0.1,0.3,0.5,0.00518,0.51284,0.45845
33,100,1,0.1,0.3,0.5,0.00518,0.45483,0.42008
34,100,1,0.1,0.3,0.5,0.00518,0.51847,0.46376
35,100,1,0.1,0.3,0.5,0.00518,0.47452,0.42298
36,100,1,0.1,0.3,0.5,0.00518,0.4667,0.45593
37,100,1,0.1,0.3,0.5,0.00518,0.52895,0.49775
38,100,1,0.1,0.3,0.5,0.00518,0.46144,0.42642
39,100,1,0.1,0.3,0.5,0.00518,0.50732,0.45178
40,100,1,0.1,0.3,0.5,0.00518,0.48941,0.48288
41,100,1,0.1,0.3,0.5,0.00518,0.46616,0.4288
42,100,1,0.1,0.3,0.5,0.00518,0.55913,0.53107
43,100,1,0.1,0.3,0.5,0.00518,0.50633,0.48806
44,100,1,0.1,0.3,0.5,0.00518,0.49413,0.49626
45,100,1,0.1,0.3,0.5,0.00518,0.54449,0.49915
46,100,1,0.1,0.3,0.5,0.00518,0.65396,0.61437
47,100,1,0.1,0.3,0.5,0.00518,0.55785,0.52568
48,100,1,0.1,0.3,0.5,0.00518,0.57723,0.56418
49,100,1,0.1,0.3,0.5,0.00518,0.54124,0.49632
50,100,1,0.1,0.3,0.5,0.00518,0.49891,0.44661
51,100,1,0.1,0.3,0.5,0.00518,0.54946,0.49142
52,100,1,0.1,0.3,0.5,0.00518,0.50749,0.46139
53,100,1,0.1,0.3,0.5,0.00518,0.49291,0.46359
54,100,1,0.1,0.3,0.5,0.00518,0.4244,0.40566
55,100,1,0.1,0.3,0.5,0.00518,0.37766,0.36286
56,100,1,0.1,0.3,0.5,0.00518,0.40618,0.38041
57,100,1,0.1,0.3,0.5,0.00518,0.51426,0.48483
58,100,1,0.1,0.3,0.5,0.00518,0.41147,0.38405
59,100,1,0.1,0.3,0.5,0.00518,0.45465,0.41651
60,100,1,0.1,0.3,0.5,0.00518,0.4798,0.44138
61,100,1,0.1,0.3,0.5,0.00518,0.48973,0.43842
62,100,1,0.1,0.3,0.5,0.00518,0.50387,0.46764
63,100,1,0.1,0.3,0.5,0.00518,0.4712,0.41418
64,100,1,0.1,0.3,0.5,0.00518,0.4735,0.44883
65,100,1,0.1,0.3,0.5,0.00518,0.56916,0.52885
66,100,1,0.1,0.3,0.5,0.00518,0.39985,0.42338
67,100,1,0.1,0.3,0.5,0.00518,0.41368,0.37607
68,100,1,0.1,0.3,0.5,0.00518,0.48378,0.46264
69,100,1,0.1,0.3,0.5,0.00518,0.53583,0.50047
70,100,1,0.1,0.3,0.5,0.00518,0.54208,0.47431
71,100,1,0.1,0.3,0.5,0.00518,0.45098,0.45048
72,100,1,0.1,0.3,0.5,0.00518,0.44665,0.42724
73,100,1,0.1,0.3,0.5,0.00518,0.36789,0.32278
74,100,1,0.1,0.3,0.5,0.00518,0.43852,0.39837
75,100,1,0.1,0.3,0.5,0.00518,0.53247,0.48314
76,100,1,0.1,0.3,0.5,0.00518,0.60158,0.60743
77,100,1,0.1,0.3,0.5,0.00518,0.46108,0.4144
78,100,1,0.1,0.3,0.5,0.00518,0.58663,0.53592
79,100,1,0.1,0.3,0.5,0.00518,0.50955,0.47543
80,100,1,0.1,0.3,0.5,0.00518,0.46181,0.45267
81,100,1,0.1,0.3,0.5,0.00518,0.48094,0.42065
82,100,1,0.1,0.3,0.5,0.00518,0.50133,0.45424
83,100,1,0.1,0.3,0.5,0.00518,0.45479,0.40689
84,100,1,0.1,0.3,0.5,0.00518,0.37857,0.35391
85,100,1,0.1,0.3,0.5,0.00518,0.51702,0.47698
86,100,1,0.1,0.3,0.5,0.00518,0.44375,0.39915
87,100,1,0.1,0.3,0.5,0.00518,0.44342,0.41394
88,100,1,0.1,0.3,0.5,0.00518,0.42043,0.36233
89,100,1,0.1,0.3,0.5,0.00518,0.53631,0.54955
90,100,1,0.1,0.3,0.5,0.00518,0.45318,0.42795
91,100,1,0.1,0.3,0.5,0.00518,0.4598,0.45024
92,100,1,0.1,0.3,0.5,0.00518,0.4437,0.42353
93,100,1,0.1,0.3,0.5,0.00518,0.55979,0.50439
94,100,1,0.1,0.3,0.5,0.00518,0.52422,0.50403
95,100,1,0.1,0.3,0.5,0.00518,0.44605,0.45884
96,100,1,0.1,0.3,0.5,0.00518,0.41553,0.38511
97,100,1,0.1,0.3,0.5,0.00518,0.38572,0.40942
98,100,1,0.1,0.3,0.5,0.00518,0.44078,0.40601
99,100,1,0.1,0.3,0.5,0.00518,0.44831,0.40301
0,100,1,0.1,0.3,0.5,0.00429,0.65932,0.61359
1,100,1,0.1,0.3,0.5,0.00429,0.56179,0.53521
2,100,1,0.1,0.3,0.5,0.00429,0.52361,0.50274
3,100,1,0.1,0.3,0.5,0.00429,0.52993,0.52436
4,100,1,0.1,0.3,0.5,0.00429,0.4273,0.38131
5,100,1,0.1,0.3,0.5,0.00429,0.62894,0.61032
6,100,1,0.1,0.3,0.5,0.00429,0.46244,0.42663
7,100,1,0.1,0.3,0.5,0.00429,0.56663,0.52493
8,100,1,0.1,0.3,0.5,0.00429,0.60723,0.58417
9,100,1,0.1,0.3,0.5,0.00429,0.51163,0.49028
10,100,1,0.1,0.3,0.5,0.00429,0.57044,0.54546
11,100,1,0.1,0.3,0.5,0.00429,0.57504,0.53924
12,100,1,0.1,0.3,0.5,0.00429,0.50588,0.51054
13,100,1,0.1,0.3,0.5,0.00429,0.52467,0.50317
14,100,1,0.1,0.3,0.5,0.00429,0.50248,0.47871
15,100,1,0.1,0.3,0.5,0.00429,0.51424,0.50599
16,100,1,0.1,0.3,0.5,0.00429,0.69878,0.68909
17,100,1,0.1,0.3,0.5,0.00429,0.49798,0.47859
18,100,1,0.1,0.3,0.5,0.00429,0.56815,0.54243
19,100,1,0.1,0.3,0.5,0.00429,0.4866,0.4845
20,100,1,0.1,0.3,0.5,0.00429,0.4358,0.4038
21,100,1,0.1,0.3,0.5,0.00429,0.51353,0.49998
22,100,1,0.1,0.3,0.5,0.00429,0.48681,0.45455
23,100,1,0.1,0.3,0.5,0.00429,0.61494,0.59652
24,100,1,0.1,0.3,0.5,0.00429,0.50179,0.48891
25,100,1,0.1,0.3,0.5,0.00429,0.45495,0.43294
26,100,1,0.1,0.3,0.5,0.00429,0.46535,0.44111
27,100,1,0.1,0.3,0.5,0.00429,0.51144,0.50535
28,100,1,0.1,0.3,0.5,0.00429,0.47283,0.41313
29,100,1,0.1,0.3,0.5,0.00429,0.49899,0.49038
30,100,1,0.1,0.3,0.5,0.00429,0.53025,0.50912
31,100,1,0.1,0.3,0.5,0.00429,0.56025,0.53079
32,100,1,0.1,0.3,0.5,0.00429,0.5478,0.50264
33,100,1,0.1,0.3,0.5,0.00429,0.501,0.47587
34,100,1,0.1,0.3,0.5,0.00429,0.56081,0.51752
35,100,1,0.1,0.3,0.5,0.00429,0.5174,0.47856
36,100,1,0.1,0.3,0.5,0.00429,0.51105,0.50848
37,100,1,0.1,0.3,0.5,0.00429,0.58489,0.56331
38,100,1,0.1,0.3,0.5,0.00429,0.5132,0.48981
39,100,1,0.1,0.3,0.5,0.00429,0.55345,0.51003
40,100,1,0.1,0.3,0.5,0.00429,0.54995,0.55031
41,100,1,0.1,0.3,0.5,0.00429,0.51759,0.49017
42,100,1,0.1,0.3,0.5,0.00429,0.61292,0.59225
43,100,1,0.1,0.3,0.5,0.00429,0.56535,0.55502
44,100,1,0.1,0.3,0.5,0.00429,0.55282,0.5617
45,100,1,0.1,0.3,0.5,0.00429,0.59903,0.56309
46,100,1,0.1,0.3,0.5,0.00429,0.70058,0.66853
47,100,1,0.1,0.3,0.5,0.00429,0.61508,0.59064
48,100,1,0.1,0.3,0.5,0.00429,0.63756,0.63132
49,100,1,0.1,0.3,0.5,0.00429,0.59415,0.55997
50,100,1,0.1,0.3,0.5,0.00429,0.55291,0.51179
51,100,1,0.1,0.3,0.5,0.00429,0.6109,0.56578
52,100,1,0.1,0.3,0.5,0.00429,0.55327,0.51945
53,100,1,0.1,0.3,0.5,0.00429,0.54467,0.5252
54,100,1,0.1,0.3,0.5,0.00429,0.48317,0.47567
55,100,1,0.1,0.3,0.5,0.00429,0.42137,0.4173
56,100,1,0.1,0.3,0.5,0.00429,0.44808,0.4333
57,100,1,0.1,0.3,0.5,0.00429,0.56583,0.54469
58,100,1,0.1,0.3,0.5,0.00429,0.46063,0.44465
59,100,1,0.1,0.3,0.5,0.00429,0.50462,0.47664
60,100,1,0.1,0.3,0.5,0.00429,0.52355,0.49481
61,100,1,0.1,0.3,0.5,0.00429,0.54916,0.51043
62,100,1,0.1,0.3,0.5,0.00429,0.55442,0.52924
63,100,1,0.1,0.3,0.5,0.00429,0.53,0.48731
64,100,1,0.1,0.3,0.5,0.00429,0.52401,0.50823
65,100,1,0.1,0.3,0.5,0.00429,0.63634,0.60578
66,100,1,0.1,0.3,0.5,0.00429,0.45387,0.48152
67,100,1,0.1,0.3,0.5,0.00429,0.46367,0.43685
68,100,1,0.1,0.3,0.5,0.00429,0.53661,0.5231
69,100,1,0.1,0.3,0.5,0.00429,0.58411,0.55911
70,100,1,0.1,0.3,0.5,0.00429,0.59714,0.54321
71,100,1,0.1,0.3,0.5,0.00429,0.502,0.50837
72,100,1,0.1,0.3,0.5,0.00429,0.49152,0.48051
73,100,1,0.1,0.3,0.5,0.00429,0.40881,0.37742
74,100,1,0.1,0.3,0.5,0.00429,0.48346,0.45426
75,100,1,0.1,0.3,0.5,0.00429,0.58003,0.54202
76,100,1,0.1,0.3,0.5,0.00429,0.66034,0.67108
77,100,1,0.1,0.3,0.5,0.00429,0.51043,0.47632
78,100,1,0.1,0.3,0.5,0.00429,0.64398,0.60275
79,100,1,0.1,0.3,0.5,0.00429,0.56743,0.54569
80,100,1,0.1,0.3,0.5,0.00429,0.51178,0.51136
81,100,1,0.1,0.3,0.5,0.00429,0.52577,0.47625
82,100,1,0.1,0.3,0.5,0.00429,0.53844,0.50237
83,100,1,0.1,0.3,0.5,0.00429,0.49519,0.45863
84,100,1,0.1,0.3,0.5,0.00429,0.42129,0.40908
85,100,1,0.1,0.3,0.5,0.00429,0.57069,0.54079
86,100,1,0.1,0.3,0.5,0.00429,0.5002,0.46884
87,100,1,0.1,0.3,0.5,0.00429,0.4951,0.47643
88,100,1,0.1,0.3,0.5,0.00429,0.46344,0.41854
89,100,1,0.1,0.3,0.5,0.00429,0.60798,0.62679
90,100,1,0.1,0.3,0.5,0.00429,0.49819,0.48463
91,100,1,0.1,0.3,0.5,0.00429,0.5042,0.50313
92,100,1,0.1,0.3,0.5,0.00429,0.49551,0.48511
93,100,1,0.1,0.3,0.5,0.00429,0.62035,0.57597
94,100,1,0.1,0.3,0.5,0.00429,0.57571,0.56179
95,100,1,0.1,0.3,0.5,0.00429,0.5173,0.53471
96,100,1,0.1,0.3,0.5,0.00429,0.45818,0.44039
97,100,1,0.1,0.3,0.5,0.00429,0.44678,0.47632
98,100,1,0.1,0.3,0.5,0.00429,0.49237,0.46959
99,100,1,0.1,0.3,0.5,0.00429,0.49436,0.46087
0,100,1,0.1,0.3,0.5,0.00356,0.72267,0.68587
1,100,1,0.1,0.3,0.5,0.00356,0.62855,0.60909
2,100,1,0.1,0.3,0.5,0.00356,0.57355,0.56063
3,100,1,0.1,0.3,0.5,0.00356,0.59221,0.59069
4,100,1,0.1,0.3,0.5,0.00356,0.48157,0.44726
5,100,1,0.1,0.3,0.5,0.00356,0.68648,0.67376
6,100,1,0.1,0.3,0.5,0.00356,0.51589,0.48971
7,100,1,0.1,0.3,0.5,0.00356,0.62689,0.5948
8,100,1,0.1,0.3,0.5,0.00356,0.6668,0.64997
9,100,1,0.1,0.3,0.5,0.00356,0.56955,0.55422
10,100,1,0.1,0.3,0.5,0.00356,0.62898,0.60878
11,100,1,0.1,0.3,0.5,0.00356,0.63434,0.60654
12,100,1,0.1,0.3,0.5,0.00356,0.55778,0.56547
13,100,1,0.1,0.3,0.5,0.00356,0.59692,0.58184
14,100,1,0.1,0.3,0.5,0.00356,0.55811,0.54176
15,100,1,0.1,0.3,0.5,0.00356,0.57815,0.57497
16,100,1,0.1,0.3,0.5,0.00356,0.76607,0.76093
17,100,1,0.1,0.3,0.5,0.00356,0.55563,0.54364
18,100,1,0.1,0.3,0.5,0.00356,0.63896,0.61959
19,100,1,0.1,0.3,0.5,0.00356,0.54579,0.54841
20,100,1,0.1,0.3,0.5,0.00356,0.49072,0.46789
21,100,1,0.1,0.3,0.5,0.00356,0.57352,0.56648
22,100,1,0.1,0.3,0.5,0.00356,0.54185,0.51881
23,100,1,0.1,0.3,0.5,0.00356,0.672,0.6603
24,100,1,0.1,0.3,0.5,0.00356,0.55537,0.54791
25,100,1,0.1,0.3,0.5,0.00356,0.5159,0.50255
26,100,1,0.1,0.3,0.5,0.00356,0.52413,0.50804
27,100,1,0.1,0.3,0.5,0.00356,0.57233,0.56995
28,100,1,0.1,0.3,0.5,0.00356,0.52206,0.47356
29,100,1,0.1,0.3,0.5,0.00356,0.55847,0.55616
30,100,1,0.1,0.3,0.5,0.00356,0.58479,0.56964
31,100,1,0.1,0.3,0.5,0.00356,0.62481,0.60304
32,100,1,0.1,0.3,0.5,0.00356,0.59062,0.55345
33,100,1,0.1,0.3,0.5,0.00356,0.55673,0.53834
34,100,1,0.1,0.3,0.5,0.00356,0.61492,0.5811
35,100,1,0.1,0.3,0.5,0.00356,0.57095,0.54218
36,100,1,0.1,0.3,0.5,0.00356,0.56615,0.56888
37,100,1,0.1,0.3,0.5,0.00356,0.64968,0.63502
38,100,1,0.1,0.3,0.5,0.00356,0.5813,0.56683
39,100,1,0.1,0.3,0.5,0.00356,0.60829,0.5743
40,100,1,0.1,0.3,0.5,0.00356,0.62261,0.62688
41,100,1,0.1,0.3,0.5,0.00356,0.57945,0.55924
42,100,1,0.1,0.3,0.5,0.00356,0.67685,0.66182
43,100,1,0.1,0.3,0.5,0.00356,0.63515,0.63018
44,100,1,0.1,0.3,0.5,0.00356,0.62066,0.63288
45,100,1,0.1,0.3,0.5,0.00356,0.66201,0.6335
46,100,1,0.1,0.3,0.5,0.00356,0.75252,0.72662
47,100,1,0.1,0.3,0.5,0.00356,0.68081,0.66196
48,100,1,0.1,0.3,0.5,0.00356,0.70584,0.7036
49,100,1,0.1,0.3,0.5,0.00356,0.65649,0.63053
50,100,1,0.1,0.3,0.5,0.00356,0.61551,0.58325
51,100,1,0.1,0.3,0.5,0.00356,0.68352,0.64867
52,100,1,0.1,0.3,0.5,0.00356,0.60768,0.58345
53,100,1,0.1,0.3,0.5,0.00356,0.60611,0.59368
54,100,1,0.1,0.3,0.5,0.00356,0.55507,0.55442
55,100,1,0.1,0.3,0.5,0.00356,0.47533,0.4776
56,100,1,0.1,0.3,0.5,0.00356,0.49985,0.49231
57,100,1,0.1,0.3,0.5,0.00356,0.62907,0.61406
58,100,1,0.1,0.3,0.5,0.00356,0.52206,0.51386
59,100,1,0.1,0.3,0.5,0.00356,0.56429,0.54364
60,100,1,0.1,0.3,0.5,0.00356,0.57502,0.55377
61,100,1,0.1,0.3,0.5,0.00356,0.61885,0.58942
62,100,1,0.1,0.3,0.5,0.00356,0.61576,0.59851
63,100,1,0.1,0.3,0.5,0.00356,0.60092,0.56908
64,100,1,0.1,0.3,0.5,0.00356,0.58557,0.57598
65,100,1,0.1,0.3,0.5,0.00356,0.7106,0.68742
66,100,1,0.1,0.3,0.5,0.00356,0.51984,0.54809
67,100,1,0.1,0.3,0.5,0.00356,0.52391,0.50463
68,100,1,0.1,0.3,0.5,0.00356,0.59624,0.58771
69,100,1,0.1,0.3,0.5,0.00356,0.64231,0.62504
70,100,1,0.1,0.3,0.5,0.00356,0.6613,0.61845
71,100,1,0.1,0.3,0.5,0.00356,0.56273,0.57274
72,100,1,0.1,0.3,0.5,0.00356,0.54487,0.53948
73,100,1,0.1,0.3,0.5,0.00356,0.463,0.44188
74,100,1,0.1,0.3,0.5,0.00356,0.53851,0.51727
75,100,1,0.1,0.3,0.5,0.00356,0.63719,0.60835
76,100,1,0.1,0.3,0.5,0.00356,0.7303,0.74352
77,100,1,0.1,0.3,0.5,0.00356,0.57043,0.54569
78,100,1,0.1,0.3,0.5,0.00356,0.71106,0.67742
79,100,1,0.1,0.3,0.5,0.00356,0.63914,0.62637
80,100,1,0.1,0.3,0.5,0.00356,0.56952,0.57427
81,100,1,0.1,0.3,0.5,0.00356,0.57847,0.538
82,100,1,0.1,0.3,0.5,0.00356,0.58639,0.55948
83,100,1,0.1,0.3,0.5,0.00356,0.5445,0.51689
84,100,1,0.1,0.3,0.5,0.00356,0.47575,0.47171
85,100,1,0.1,0.3,0.5,0.00356,0.63444,0.61234
86,100,1,0.1,0.3,0.5,0.00356,0.57207,0.5503
87,100,1,0.1,0.3,0.5,0.00356,0.55793,0.54659
88,100,1,0.1,0.3,0.5,0.00356,0.51572,0.48108
89,100,1,0.1,0.3,0.5,0.00356,0.69451,0.71531
90,100,1,0.1,0.3,0.5,0.00356,0.55608,0.55002
91,100,1,0.1,0.3,0.5,0.00356,0.55985,0.56413
92,100,1,0.1,0.3,0.5,0.00356,0.55891,0.55484
93,100,1,0.1,0.3,0.5,0.00356,0.68861,0.65328
94,100,1,0.1,0.3,0.5,0.00356,0.63198,0.62236
95,100,1,0.1,0.3,0.5,0.00356,0.60064,0.6192
96,100,1,0.1,0.3,0.5,0.00356,0.51276,0.50385
97,100,1,0.1,0.3,0.5,0.00356,0.52207,0.55313
98,100,1,0.1,0.3,0.5,0.00356,0.55585,0.54144
99,100,1,0.1,0.3,0.5,0.00356,0.55001,0.52523
0,100,1,0.1,0.3,0.5,0.00295,0.79565,0.76644
1,100,1,0.1,0.3,0.5,0.00295,0.70423,0.68988
2,100,1,0.1,0.3,0.5,0.00295,0.63373,0.62671
3,100,1,0.1,0.3,0.5,0.00295,0.66519,0.6658
4,100,1,0.1,0.3,0.5,0.00295,0.54884,0.52351
5,100,1,0.1,0.3,0.5,0.00295,0.75143,0.743
6,100,1,0.1,0.3,0.5,0.00295,0.58077,0.56172
7,100,1,0.1,0.3,0.5,0.00295,0.69671,0.67204
8,100,1,0.1,0.3,0.5,0.00295,0.73534,0.72296
9,100,1,0.1,0.3,0.5,0.00295,0.63746,0.62646
10,100,1,0.1,0.3,0.5,0.00295,0.69625,0.6797
11,100,1,0.1,0.3,0.5,0.00295,0.70301,0.68142
12,100,1,0.1,0.3,0.5,0.00295,0.61785,0.62676
13,100,1,0.1,0.3,0.5,0.00295,0.6817,0.67099
14,100,1,0.1,0.3,0.5,0.00295,0.62335,0.6122
15,100,1,0.1,0.3,0.5,0.00295,0.65203,0.65194
16,100,1,0.1,0.3,0.5,0.00295,0.84301,0.84096
17,100,1,0.1,0.3,0.5,0.00295,0.62334,0.6163
18,100,1,0.1,0.3,0.5,0.00295,0.71831,0.70361
19,100,1,0.1,0.3,0.5,0.00295,0.61257,0.61758
20,100,1,0.1,0.3,0.5,0.00295,0.55567,0.53948
21,100,1,0.1,0.3,0.5,0.00295,0.64229,0.63935
22,100,1,0.1,0.3,0.5,0.00295,0.60871,0.5924
23,100,1,0.1,0.3,0.5,0.00295,0.7359,0.72901
24,100,1,0.1,0.3,0.5,0.00295,0.61819,0.61411
25,100,1,0.1,0.3,0.5,0.00295,0.58913,0.58161
26,100,1,0.1,0.3,0.5,0.00295,0.59466,0.58407
27,100,1,0.1,0.3,0.5,0.00295,0.64295,0.64251
28,100,1,0.1,0.3,0.5,0.00295,0.58183,0.54268
29,100,1,0.1,0.3,0.5,0.00295,0.63036,0.63168
30,100,1,0.1,0.3,0.5,0.00295,0.64923,0.63848
31,100,1,0.1,0.3,0.5,0.00295,0.69857,0.68245
32,100,1,0.1,0.3,0.5,0.00295,0.64269,0.61239
33,100,1,0.1,0.3,0.5,0.00295,0.62185,0.60813
34,100,1,0.1,0.3,0.5,0.00295,0.68209,0.65595
35,100,1,0.1,0.3,0.5,0.00295,0.63573,0.61474
36,100,1,0.1,0.3,0.5,0.00295,0.63239,0.6382
37,100,1,0.1,0.3,0.5,0.00295,0.72333,0.71355
38,100,1,0.1,0.3,0.5,0.00295,0.67069,0.66278
39,100,1,0.1,0.3,0.5,0.00295,0.67184,0.64512
40,100,1,0.1,0.3,0.5,0.00295,0.70587,0.712
41,100,1,0.1,0.3,0.5,0.00295,0.65182,0.63684
42,100,1,0.1,0.3,0.5,0.00295,0.75315,0.74244
43,100,1,0.1,0.3,0.5,0.00295,0.71743,0.71591
44,100,1,0.1,0.3,0.5,0.00295,0.69724,0.71049
45,100,1,0.1,0.3,0.5,0.00295,0.73347,0.71085
46,100,1,0.1,0.3,0.5,0.00295,0.81103,0.7902
47,100,1,0.1,0.3,0.5,0.00295,0.75469,0.73996
48,100,1,0.1,0.3,0.5,0.00295,0.78164,0.78152
49,100,1,0.1,0.3,0.5,0.00295,0.72764,0.7079
50,100,1,0.1,0.3,0.5,0.00295,0.68675,0.66149
51,100,1,0.1,0.3,0.5,0.00295,0.76716,0.74039
52,100,1,0.1,0.3,0.5,0.00295,0.67155,0.65462
53,100,1,0.1,0.3,0.5,0.00295,0.67744,0.66982
54,100,1,0.1,0.3,0.5,0.00295,0.63914,0.64226
55,100,1,0.1,0.3,0.5,0.00295,0.53953,0.5451
56,100,1,0.1,0.3,0.5,0.00295,0.56153,0.55849
57,100,1,0.1,0.3,0.5,0.00295,0.70496,0.69446
58,100,1,0.1,0.3,0.5,0.00295,0.59529,0.59208
59,100,1,0.1,0.3,0.5,0.00295,0.63385,0.61849
60,100,1,0.1,0.3,0.5,0.00295,0.63498,0.61939
61,100,1,0.1,0.3,0.5,0.00295,0.69771,0.67514
62,100,1,0.1,0.3,0.5,0.00295,0.68779,0.67609
63,100,1,0.1,0.3,0.5,0.00295,0.68295,0.65924
64,100,1,0.1,0.3,0.5,0.00295,0.65739,0.6519
65,100,1,0.1,0.3,0.5,0.00295,0.79138,0.77377
66,100,1,0.1,0.3,0.5,0.00295,0.59667,0.62336
67,100,1,0.1,0.3,0.5,0.00295,0.59421,0.58014
68,100,1,0.1,0.3,0.5,0.00295,0.66303,0.65765
69,100,1,0.1,0.3,0.5,0.00295,0.71103,0.69937
70,100,1,0.1,0.3,0.5,0.00295,0.73409,0.70004
71,100,1,0.1,0.3,0.5,0.00295,0.63285,0.64421
72,100,1,0.1,0.3,0.5,0.00295,0.60744,0.60555
73,100,1,0.1,0.3,0.5,0.00295,0.53124,0.51745
74,100,1,0.1,0.3,0.5,0.00295,0.60395,0.58845
75,100,1,0.1,0.3,0.5,0.00295,0.70471,0.68311
76,100,1,0.1,0.3,0.5,0.00295,0.81131,0.82523
77,100,1,0.1,0.3,0.5,0.00295,0.64121,0.62335
78,100,1,0.1,0.3,0.5,0.00295,0.78789,0.7604
79,100,1,0.1,0.3,0.5,0.00295,0.72516,0.71856
80,100,1,0.1,0.3,0.5,0.00295,0.63495,0.64235
81,100,1,0.1,0.3,0.5,0.00295,0.63941,0.60648
82,100,1,0.1,0.3,0.5,0.00295,0.64734,0.62784
83,100,1,0.1,0.3,0.5,0.00295,0.60268,0.58203
84,100,1,0.1,0.3,0.5,0.00295,0.54097,0.54186
85,100,1,0.1,0.3,0.5,0.00295,0.70854,0.69235
86,100,1,0.1,0.3,0.5,0.00295,0.65837,0.64334
87,100,1,0.1,0.3,0.5,0.00295,0.63206,0.62548
88,100,1,0.1,0.3,0.5,0.00295,0.57753,0.55078
89,100,1,0.1,0.3,0.5,0.00295,0.79684,0.81722
90,100,1,0.1,0.3,0.5,0.00295,0.62719,0.62553
91,100,1,0.1,0.3,0.5,0.00295,0.62755,0.63479
92,100,1,0.1,0.3,0.5,0.00295,0.6347,0.63448
93,100,1,0.1,0.3,0.5,0.00295,0.76372,0.7357
94,100,1,0.1,0.3,0.5,0.00295,0.69321,0.68645
95,100,1,0.1,0.3,0.5,0.00295,0.69481,0.71248
96,100,1,0.1,0.3,0.5,0.00295,0.58084,0.5778
97,100,1,0.1,0.3,0.5,0.00295,0.61055,0.64045
98,100,1,0.1,0.3,0.5,0.00295,0.63037,0.6216
99,100,1,0.1,0.3,0.5,0.00295,0.61528,0.59683
0,100,1,0.1,0.3,0.5,0.00244,0.87905,0.85618
1,100,1,0.1,0.3,0.5,0.00244,0.78886,0.77813
2,100,1,0.1,0.3,0.5,0.00244,0.7061,0.70327
3,100,1,0.1,0.3,0.5,0.00244,0.75008,0.75159
4,100,1,0.1,0.3,0.5,0.00244,0.62878,0.6102
5,100,1,0.1,0.3,0.5,0.00244,0.82462,0.81924
6,100,1,0.1,0.3,0.5,0.00244,0.65727,0.64346
7,100,1,0.1,0.3,0.5,0.00244,0.77584,0.75687
8,100,1,0.1,0.3,0.5,0.00244,0.8139,0.80473
9,100,1,0.1,0.3,0.5,0.00244,0.71543,0.70747
10,100,1,0.1,0.3,0.5,0.00244,0.77363,0.75994
11,100,1,0.1,0.3,0.5,0.00244,0.78136,0.76457
12,100,1,0.1,0.3,0.5,0.00244,0.68687,0.69584
13,100,1,0.1,0.3,0.5,0.00244,0.7796,0.77189
14,100,1,0.1,0.3,0.5,0.00244,0.69923,0.69168
15,100,1,0.1,0.3,0.5,0.00244,0.73627,0.7379
16,100,1,0.1,0.3,0.5,0.00244,0.93064,0.93058
17,100,1,0.1,0.3,0.5,0.00244,0.70161,0.69777
18,100,1,0.1,0.3,0.5,0.00244,0.80565,0.7944
19,100,1,0.1,0.3,0.5,0.00244,0.68743,0.6933
20,100,1,0.1,0.3,0.5,0.00244,0.63057,0.6192
21,100,1,0.1,0.3,0.5,0.00244,0.72041,0.7199
22,100,1,0.1,0.3,0.5,0.00244,0.68747,0.67598
23,100,1,0.1,0.3,0.5,0.00244,0.80712,0.8036
24,100,1,0.1,0.3,0.5,0.00244,0.69088,0.68878
25,100,1,0.1,0.3,0.5,0.00244,0.67579,0.67206
26,100,1,0.1,0.3,0.5,0.00244,0.67686,0.6699
27,100,1,0.1,0.3,0.5,0.00244,0.72333,0.72375
28,100,1,0.1,0.3,0.5,0.00244,0.65267,0.62125
29,100,1,0.1,0.3,0.5,0.00244,0.71532,0.71844
30,100,1,0.1,0.3,0.5,0.00244,0.72422,0.71666
31,100,1,0.1,0.3,0.5,0.00244,0.78108,0.7691
32,100,1,0.1,0.3,0.5,0.00244,0.70549,0.68106
33,100,1,0.1,0.3,0.5,0.00244,0.6967,0.68627
34,100,1,0.1,0.3,0.5,0.00244,0.76346,0.74344
35,100,1,0.1,0.3,0.5,0.00244,0.71249,0.69739
36,100,1,0.1,0.3,0.5,0.00244,0.71055,0.71785
37,100,1,0.1,0.3,0.5,0.00244,0.80628,0.79986
38,100,1,0.1,0.3,0.5,0.00244,0.78786,0.78452
39,100,1,0.1,0.3,0.5,0.00244,0.74448,0.7234
40,100,1,0.1,0.3,0.5,0.00244,0.79809,0.80476
41,100,1,0.1,0.3,0.5,0.00244,0.73482,0.72366
42,100,1,0.1,0.3,0.5,0.00244,0.84434,0.83693
43,100,1,0.1,0.3,0.5,0.00244,0.81414,0.81473
44,100,1,0.1,0.3,0.5,0.00244,0.78266,0.7955
45,100,1,0.1,0.3,0.5,0.00244,0.81333,0.79541
46,100,1,0.1,0.3,0.5,0.00244,0.87753,0.86089
47,100,1,0.1,0.3,0.5,0.00244,0.8366,0.82499
48,100,1,0.1,0.3,0.5,0.00244,0.86543,0.86624
49,100,1,0.1,0.3,0.5,0.00244,0.80698,0.79194
50,100,1,0.1,0.3,0.5,0.00244,0.76695,0.74719
51,100,1,0.1,0.3,0.5,0.00244,0.86165,0.84117
52,100,1,0.1,0.3,0.5,0.00244,0.74591,0.73437
53,100,1,0.1,0.3,0.5,0.00244,0.75876,0.75427
54,100,1,0.1,0.3,0.5,0.00244,0.73448,0.73936
55,100,1,0.1,0.3,0.5,0.00244,0.61477,0.62165
56,100,1,0.1,0.3,0.5,0.00244,0.63376,0.63333
57,100,1,0.1,0.3,0.5,0.00244,0.79431,0.78711
58,100,1,0.1,0.3,0.5,0.00244,0.68032,0.6801
59,100,1,0.1,0.3,0.5,0.00244,0.71397,0.70245
60,100,1,0.1,0.3,0.5,0.00244,0.70443,0.69304
61,100,1,0.1,0.3,0.5,0.00244,0.78538,0.76793
62,100,1,0.1,0.3,0.5,0.00244,0.77049,0.76258
63,100,1,0.1,0.3,0.5,0.00244,0.77535,0.75773
64,100,1,0.1,0.3,0.5,0.00244,0.73817,0.73529
65,100,1,0.1,0.3,0.5,0.00244,0.87879,0.86536
66,100,1,0.1,0.3,0.5,0.00244,0.68408,0.70804
67,100,1,0.1,0.3,0.5,0.00244,0.67497,0.66451
68,100,1,0.1,0.3,0.5,0.00244,0.73794,0.7345
69,100,1,0.1,0.3,0.5,0.00244,0.79062,0.78291
70,100,1,0.1,0.3,0.5,0.00244,0.8153,0.78822
71,100,1,0.1,0.3,0.5,0.00244,0.71224,0.72349
72,100,1,0.1,0.3,0.5,0.00244,0.68006,0.68018
73,100,1,0.1,0.3,0.5,0.00244,0.61381,0.60507
74,100,1,0.1,0.3,0.5,0.00244,0.6803,0.66892
75,100,1,0.1,0.3,0.5,0.00244,0.78299,0.76699
76,100,1,0.1,0.3,0.5,0.00244,0.90335,0.91683
77,100,1,0.1,0.3,0.5,0.00244,0.72353,0.71066
78,100,1,0.1,0.3,0.5,0.00244,0.87437,0.85192
79,100,1,0.1,0.3,0.5,0.00244,0.82597,0.82336
80,100,1,0.1,0.3,0.5,0.00244,0.70848,0.71688
81,100,1,0.1,0.3,0.5,0.00244,0.70912,0.68246
82,100,1,0.1,0.3,0.5,0.00244,0.72346,0.70976
83,100,1,0.1,0.3,0.5,0.00244,0.66998,0.65464
84,100,1,0.1,0.3,0.5,0.00244,0.61612,0.61967
85,100,1,0.1,0.3,0.5,0.00244,0.79297,0.78121
86,100,1,0.1,0.3,0.5,0.00244,0.75747,0.74708
87,100,1,0.1,0.3,0.5,0.00244,0.71824,0.71464
88,100,1,0.1,0.3,0.5,0.00244,0.64964,0.62895
89,100,1,0.1,0.3,0.5,0.00244,0.91656,0.9351
90,100,1,0.1,0.3,0.5,0.00244,0.71187,0.71249
91,100,1,0.1,0.3,0.5,0.00244,0.70792,0.7164
92,100,1,0.1,0.3,0.5,0.00244,0.72384,0.72575
93,100,1,0.1,0.3,0.5,0.00244,0.84516,0.82299
94,100,1,0.1,0.3,0.5,0.00244,0.76036,0.75546
95,100,1,0.1,0.3,0.5,0.00244,0.79881,0.81457
96,100,1,0.1,0.3,0.5,0.00244,0.66395,0.66447
97,100,1,0.1,0.3,0.5,0.00244,0.71182,0.73912
98,100,1,0.1,0.3,0.5,0.00244,0.71531,0.7102
99,100,1,0.1,0.3,0.5,0.00244,0.6905,0.67666
0,100,1,0.1,0.3,0.5,0.00202,0.97358,0.95589
1,100,1,0.1,0.3,0.5,0.00202,0.88251,0.87436
2,100,1,0.1,0.3,0.5,0.00202,0.79309,0.79305
3,100,1,0.1,0.3,0.5,0.00202,0.84814,0.84986
4,100,1,0.1,0.3,0.5,0.00202,0.72103,0.70744
5,100,1,0.1,0.3,0.5,0.00202,0.90743,0.90418
6,100,1,0.1,0.3,0.5,0.00202,0.74591,0.73594
7,100,1,0.1,0.3,0.5,0.00202,0.86428,0.84968
8,100,1,0.1,0.3,0.5,0.00202,0.90355,0.8967
9,100,1,0.1,0.3,0.5,0.00202,0.80374,0.79794
10,100,1,0.1,0.3,0.5,0.00202,0.86325,0.85191
11,100,1,0.1,0.3,0.5,0.00202,0.87026,0.85723
12,100,1,0.1,0.3,0.5,0.00202,0.76581,0.77416
13,100,1,0.1,0.3,0.5,0.00202,0.89145,0.88588
14,100,1,0.1,0.3,0.5,0.00202,0.78702,0.78194
15,100,1,0.1,0.3,0.5,0.00202,0.83146,0.83393
16,100,1,0.1,0.3,0.5,0.00202,1.03003,1.03117
17,100,1,0.1,0.3,0.5,0.00202,0.79111,0.78926
18,100,1,0.1,0.3,0.5,0.00202,0.90068,0.89201
19,100,1,0.1,0.3,0.5,0.00202,0.7718,0.77761
20,100,1,0.1,0.3,0.5,0.00202,0.71637,0.70851
21,100,1,0.1,0.3,0.5,0.00202,0.80905,0.80985
22,100,1,0.1,0.3,0.5,0.00202,0.77776,0.76967
23,100,1,0.1,0.3,0.5,0.00202,0.88656,0.88533
24,100,1,0.1,0.3,0.5,0.00202,0.7748,0.77376
25,100,1,0.1,0.3,0.5,0.00202,0.77828,0.77693
26,100,1,0.1,0.3,0.5,0.00202,0.77108,0.76651
27,100,1,0.1,0.3,0.5,0.00202,0.81371,0.81438
28,100,1,0.1,0.3,0.5,0.00202,0.73533,0.71026
29,100,1,0.1,0.3,0.5,0.00202,0.81441,0.81818
30,100,1,0.1,0.3,0.5,0.00202,0.81037,0.80511
31,100,1,0.1,0.3,0.5,0.00202,0.87239,0.86342
32,100,1,0.1,0.3,0.5,0.00202,0.78035,0.76085
33,100,1,0.1,0.3,0.5,0.00202,0.78221,0.77414
34,100,1,0.1,0.3,0.5,0.00202,0.86018,0.84494
35,100,1,0.1,0.3,0.5,0.00202,0.80232,0.79162
36,100,1,0.1,0.3,0.5,0.00202,0.80186,0.80955
37,100,1,0.1,0.3,0.5,0.00202,0.89935,0.89522
38,100,1,0.1,0.3,0.5,0.00202,0.93983,0.93942
39,100,1,0.1,0.3,0.5,0.00202,0.82714,0.81047
40,100,1,0.1,0.3,0.5,0.00202,0.89788,0.90433
41,100,1,0.1,0.3,0.5,0.00202,0.82849,0.82017
42,100,1,0.1,0.3,0.5,0.00202,0.95299,0.94806
43,100,1,0.1,0.3,0.5,0.00202,0.92685,0.92859
44,100,1,0.1,0.3,0.5,0.00202,0.87745,0.88907
45,100,1,0.1,0.3,0.5,0.00202,0.90164,0.88748
46,100,1,0.1,0.3,0.5,0.00202,0.95345,0.94025
47,100,1,0.1,0.3,0.5,0.00202,0.92691,0.91772
48,100,1,0.1,0.3,0.5,0.00202,0.95865,0.9597
49,100,1,0.1,0.3,0.5,0.00202,0.89448,0.88297
50,100,1,0.1,0.3,0.5,0.00202,0.85645,0.84098
51,100,1,0.1,0.3,0.5,0.00202,0.96688,0.95124
52,100,1,0.1,0.3,0.5,0.00202,0.83182,0.82414
53,100,1,0.1,0.3,0.5,0.00202,0.85015,0.84761
54,100,1,0.1,0.3,0.5,0.00202,0.84005,0.84545
55,100,1,0.1,0.3,0.5,0.00202,0.70226,0.70925
56,100,1,0.1,0.3,0.5,0.00202,0.71759,0.71854
57,100,1,0.1,0.3,0.5,0.00202,0.89801,0.8932
58,100,1,0.1,0.3,0.5,0.00202,0.77802,0.77945
59,100,1,0.1,0.3,0.5,0.00202,0.80557,0.79688
60,100,1,0.1,0.3,0.5,0.00202,0.78454,0.77624
61,100,1,0.1,0.3,0.5,0.00202,0.88256,0.869
62,100,1,0.1,0.3,0.5,0.00202,0.86388,0.8585
63,100,1,0.1,0.3,0.5,0.00202,0.87794,0.86488
64,100,1,0.1,0.3,0.5,0.00202,0.8267,0.82542
65,100,1,0.1,0.3,0.5,0.00202,0.97362,0.96336
66,100,1,0.1,0.3,0.5,0.00202,0.78267,0.80341
67,100,1,0.1,0.3,0.5,0.00202,0.7673,0.75937
68,100,1,0.1,0.3,0.5,0.00202,0.82227,0.82002
69,100,1,0.1,0.3,0.5,0.00202,0.88117,0.87618
70,100,1,0.1,0.3,0.5,0.00202,0.90505,0.88354
71,100,1,0.1,0.3,0.5,0.00202,0.80112,0.81141
72,100,1,0.1,0.3,0.5,0.00202,0.76347,0.76459
73,100,1,0.1,0.3,0.5,0.00202,0.71048,0.70508
74,100,1,0.1,0.3,0.5,0.00202,0.76831,0.75991
75,100,1,0.1,0.3,0.5,0.00202,0.8723,0.86057
76,100,1,0.1,0.3,0.5,0.00202,1.00698,1.01931
77,100,1,0.1,0.3,0.5,0.00202,0.81909,0.80981
78,100,1,0.1,0.3,0.5,0.00202,0.97041,0.95213
79,100,1,0.1,0.3,0.5,0.00202,0.94231,0.94211
80,100,1,0.1,0.3,0.5,0.00202,0.79101,0.79938
81,100,1,0.1,0.3,0.5,0.00202,0.78845,0.76701
82,100,1,0.1,0.3,0.5,0.00202,0.81648,0.80717
83,100,1,0.1,0.3,0.5,0.00202,0.74704,0.73574
84,100,1,0.1,0.3,0.5,0.00202,0.70086,0.70558
85,100,1,0.1,0.3,0.5,0.00202,0.88743,0.87895
86,100,1,0.1,0.3,0.5,0.00202,0.86758,0.86035
87,100,1,0.1,0.3,0.5,0.00202,0.81789,0.81607
88,100,1,0.1,0.3,0.5,0.00202,0.73349,0.71747
89,100,1,0.1,0.3,0.5,0.00202,1.05507,1.0711
90,100,1,0.1,0.3,0.5,0.00202,0.81041,0.812
91,100,1,0.1,0.3,0.5,0.00202,0.80137,0.80998
92,100,1,0.1,0.3,0.5,0.00202,0.82699,0.82995
93,100,1,0.1,0.3,0.5,0.00202,0.93303,0.91551
94,100,1,0.1,0.3,0.5,0.00202,0.8352,0.83148
95,100,1,0.1,0.3,0.5,0.00202,0.91173,0.92522
96,100,1,0.1,0.3,0.5,0.00202,0.76298,0.76538
97,100,1,0.1,0.3,0.5,0.00202,0.82608,0.85011
98,100,1,0.1,0.3,0.5,0.00202,0.81038,0.80756
99,100,1,0.1,0.3,0.5,0.00202,0.77632,0.76584
0,100,1,0.1,0.3,0.5,0.00168,1.08,1.06646
1,100,1,0.1,0.3,0.5,0.00168,0.98545,0.97917
2,100,1,0.1,0.3,0.5,0.00168,0.8975,0.89918
3,100,1,0.1,0.3,0.5,0.00168,0.96049,0.96205
4,100,1,0.1,0.3,0.5,0.00168,0.82554,0.81559
5,100,1,0.1,0.3,0.5,0.00168,1.00186,1.00007
6,100,1,0.1,0.3,0.5,0.00168,0.84763,0.84049
7,100,1,0.1,0.3,0.5,0.00168,0.96225,0.95101
8,100,1,0.1,0.3,0.5,0.00168,1.00521,1.00006
9,100,1,0.1,0.3,0.5,0.00168,0.90312,0.89884
10,100,1,0.1,0.3,0.5,0.00168,0.9677,0.95835
11,100,1,0.1,0.3,0.5,0.00168,0.9712,0.96111
12,100,1,0.1,0.3,0.5,0.00168,0.85588,0.86327
13,100,1,0.1,0.3,0.5,0.00168,1.01805,1.01403
14,100,1,0.1,0.3,0.5,0.00168,0.88795,0.88456
15,100,1,0.1,0.3,0.5,0.00168,0.93827,0.94102
16,100,1,0.1,0.3,0.5,0.00168,1.1423,1.14408
17,100,1,0.1,0.3,0.5,0.00168,0.89256,0.89193
18,100,1,0.1,0.3,0.5,0.00168,1.00359,0.9969
19,100,1,0.1,0.3,0.5,0.00168,0.86806,0.8733
20,100,1,0.1,0.3,0.5,0.00168,0.81492,0.80963
21,100,1,0.1,0.3,0.5,0.00168,0.90977,0.91117
22,100,1,0.1,0.3,0.5,0.00168,0.87922,0.87348
23,100,1,0.1,0.3,0.5,0.00168,0.9757,0.97599
24,100,1,0.1,0.3,0.5,0.00168,0.8722,0.87165
25,100,1,0.1,0.3,0.5,0.00168,0.90033,0.9004
26,100,1,0.1,0.3,0.5,0.00168,0.87818,0.87517
27,100,1,0.1,0.3,0.5,0.00168,0.91447,0.9151
28,100,1,0.1,0.3,0.5,0.00168,0.83076,0.8109
29,100,1,0.1,0.3,0.5,0.00168,0.92899,0.93274
30,100,1,0.1,0.3,0.5,0.00168,0.90821,0.90457
31,100,1,0.1,0.3,0.5,0.00168,0.97297,0.96623
32,100,1,0.1,0.3,0.5,0.00168,0.86818,0.85278
33,100,1,0.1,0.3,0.5,0.00168,0.87977,0.87345
34,100,1,0.1,0.3,0.5,0.00168,0.97322,0.96167
35,100,1,0.1,0.3,0.5,0.00168,0.90652,0.89903
36,100,1,0.1,0.3,0.5,0.00168,0.90757,0.91498
37,100,1,0.1,0.3,0.5,0.00168,1.00354,1.00095
38,100,1,0.1,0.3,0.5,0.00168,1.13248,1.13373
39,100,1,0.1,0.3,0.5,0.00168,0.92116,0.90799
40,100,1,0.1,0.3,0.5,0.00168,1.00442,1.01025
41,100,1,0.1,0.3,0.5,0.00168,0.93288,0.92668
42,100,1,0.1,0.3,0.5,0.00168,1.08136,1.07825
43,100,1,0.1,0.3,0.5,0.00168,1.05582,1.05807
44,100,1,0.1,0.3,0.5,0.00168,0.98235,0.99239
45,100,1,0.1,0.3,0.5,0.00168,0.99883,0.98768
46,100,1,0.1,0.3,0.5,0.00168,1.04017,1.02976
47,100,1,0.1,0.3,0.5,0.00168,1.02671,1.01945
48,100,1,0.1,0.3,0.5,0.00168,1.06338,1.0643
49,100,1,0.1,0.3,0.5,0.00168,0.99118,0.98233
50,100,1,0.1,0.3,0.5,0.00168,0.95549,0.94337
51,100,1,0.1,0.3,0.5,0.00168,1.08312,1.07121
52,100,1,0.1,0.3,0.5,0.00168,0.93042,0.92544
53,100,1,0.1,0.3,0.5,0.00168,0.952,0.95064
54,100,1,0.1,0.3,0.5,0.00168,0.95465,0.95987
55,100,1,0.1,0.3,0.5,0.00168,0.80321,0.80966
56,100,1,0.1,0.3,0.5,0.00168,0.81419,0.81575
57,100,1,0.1,0.3,0.5,0.00168,1.01742,1.01433
58,100,1,0.1,0.3,0.5,0.00168,0.8904,0.89261
59,100,1,0.1,0.3,0.5,0.00168,0.90946,0.90287
60,100,1,0.1,0.3,0.5,0.00168,0.8766,0.87057
61,100,1,0.1,0.3,0.5,0.00168,0.99107,0.98055
62,100,1,0.1,0.3,0.5,0.00168,0.96808,0.96438
63,100,1,0.1,0.3,0.5,0.00168,0.99129,0.98165
64,100,1,0.1,0.3,0.5,0.00168,0.92258,0.92223
65,100,1,0.1,0.3,0.5,0.00168,1.07731,1.06944
66,100,1,0.1,0.3,0.5,0.00168,0.89367,0.91112
67,100,1,0.1,0.3,0.5,0.00168,0.87285,0.86673
68,100,1,0.1,0.3,0.5,0.00168,0.91745,0.91592
69,100,1,0.1,0.3,0.5,0.00168,0.98257,0.97938
70,100,1,0.1,0.3,0.5,0.00168,1.00389,0.98683
71,100,1,0.1,0.3,0.5,0.00168,0.9001,0.90905
72,100,1,0.1,0.3,0.5,0.00168,0.85816,0.85966
73,100,1,0.1,0.3,0.5,0.00168,0.82045,0.81721
74,100,1,0.1,0.3,0.5,0.00168,0.86902,0.86279
75,100,1,0.1,0.3,0.5,0.00168,0.97327,0.96475
76,100,1,0.1,0.3,0.5,0.00168,1.12355,1.13438
77,100,1,0.1,0.3,0.5,0.00168,0.9304,0.92372
78,100,1,0.1,0.3,0.5,0.00168,1.07604,1.06122
79,100,1,0.1,0.3,0.5,0.00168,1.07562,1.07672
80,100,1,0.1,0.3,0.5,0.00168,0.88386,0.89163
81,100,1,0.1,0.3,0.5,0.00168,0.87862,0.86152
82,100,1,0.1,0.3,0.5,0.00168,0.92745,0.92132
83,100,1,0.1,0.3,0.5,0.00168,0.83485,0.82658
84,100,1,0.1,0.3,0.5,0.00168,0.79543,0.80039
85,100,1,0.1,0.3,0.5,0.00168,0.99147,0.98541
86,100,1,0.1,0.3,0.5,0.00168,0.9875,0.98242
87,100,1,0.1,0.3,0.5,0.00168,0.93279,0.932
88,100,1,0.1,0.3,0.5,0.00168,0.83114,0.81873
89,100,1,0.1,0.3,0.5,0.00168,1.21232,1.22568
90,100,1,0.1,0.3,0.5,0.00168,0.92304,0.92485
91,100,1,0.1,0.3,0.5,0.00168,0.90821,0.91627
92,100,1,0.1,0.3,0.5,0.00168,0.9443,0.94764
93,100,1,0.1,0.3,0.5,0.00168,1.02829,1.01447
94,100,1,0.1,0.3,0.5,0.00168,0.92006,0.91709
95,100,1,0.1,0.3,0.5,0.00168,1.03271,1.04393
96,100,1,0.1,0.3,0.5,0.00168,0.8776,0.88077
97,100,1,0.1,0.3,0.5,0.00168,0.95369,0.97428
98,100,1,0.1,0.3,0.5,0.00168,0.91541,0.91397
99,100,1,0.1,0.3,0.5,0.00168,0.87362,0.86563
0,100,1,0.1,0.3,0.5,0.00139,1.19923,1.18895
1,100,1,0.1,0.3,0.5,0.00139,1.09818,1.0933
2,100,1,0.1,0.3,0.5,0.00139,1.02227,1.02485
3,100,1,0.1,0.3,0.5,0.00139,1.0878,1.08908
4,100,1,0.1,0.3,0.5,0.00139,0.94302,0.93573
5,100,1,0.1,0.3,0.5,0.00139,1.11021,1.10938
6,100,1,0.1,0.3,0.5,0.00139,0.96389,0.95883
7,100,1,0.1,0.3,0.5,0.00139,1.07024,1.06159
8,100,1,0.1,0.3,0.5,0.00139,1.1196,1.11571
9,100,1,0.1,0.3,0.5,0.00139,1.01457,1.0114
10,100,1,0.1,0.3,0.5,0.00139,1.08937,1.08173
11,100,1,0.1,0.3,0.5,0.00139,1.08594,1.07819
12,100,1,0.1,0.3,0.5,0.00139,0.95854,0.96487
13,100,1,0.1,0.3,0.5,0.00139,1.15992,1.15704
14,100,1,0.1,0.3,0.5,0.00139,1.0031,1.00086
15,100,1,0.1,0.3,0.5,0.00139,1.05712,1.05983
16,100,1,0.1,0.3,0.5,0.00139,1.26869,1.27071
17,100,1,0.1,0.3,0.5,0.00139,1.00676,1.00683
18,100,1,0.1,0.3,0.5,0.00139,1.11531,1.11014
19,100,1,0.1,0.3,0.5,0.00139,0.97914,0.98359
20,100,1,0.1,0.3,0.5,0.00139,0.92838,0.92495
21,100,1,0.1,0.3,0.5,0.00139,1.02418,1.02575
22,100,1,0.1,0.3,0.5,0.00139,0.99204,0.98793
23,100,1,0.1,0.3,0.5,0.00139,1.07678,1.07799
24,100,1,0.1,0.3,0.5,0.00139,0.98615,0.98576
25,100,1,0.1,0.3,0.5,0.00139,1.04684,1.04765
26,100,1,0.1,0.3,0.5,0.00139,0.99946,0.99747
27,100,1,0.1,0.3,0.5,0.00139,1.02627,1.02676
28,100,1,0.1,0.3,0.5,0.00139,0.93999,0.92435
29,100,1,0.1,0.3,0.5,0.00139,1.06059,1.06399
30,100,1,0.1,0.3,0.5,0.00139,1.01834,1.01584
31,100,1,0.1,0.3,0.5,0.00139,1.08373,1.07864
32,100,1,0.1,0.3,0.5,0.00139,0.96945,0.95737
33,100,1,0.1,0.3,0.5,0.00139,0.99107,0.98611
34,100,1,0.1,0.3,0.5,0.00139,1.10324,1.09451
35,100,1,0.1,0.3,0.5,0.00139,1.02627,1.02109
36,100,1,0.1,0.3,0.5,0.00139,1.02852,1.03526
37,100,1,0.1,0.3,0.5,0.00139,1.11975,1.11818
38,100,1,0.1,0.3,0.5,0.00139,1.36901,1.37104
39,100,1,0.1,0.3,0.5,0.00139,1.02792,1.01754
40,100,1,0.1,0.3,0.5,0.00139,1.11756,1.12258
41,100,1,0.1,0.3,0.5,0.00139,1.04821,1.0436
42,100,1,0.1,0.3,0.5,0.00139,1.23138,1.22955
43,100,1,0.1,0.3,0.5,0.00139,1.19924,1.20161
44,100,1,0.1,0.3,0.5,0.00139,1.098,1.1064
45,100,1,0.1,0.3,0.5,0.00139,1.10596,1.0972
46,100,1,0.1,0.3,0.5,0.00139,1.13919,1.13102
47,100,1,0.1,0.3,0.5,0.00139,1.13785,1.13216
48,100,1,0.1,0.3,0.5,0.00139,1.18165,1.18233
49,100,1,0.1,0.3,0.5,0.00139,1.09931,1.09249
50,100,1,0.1,0.3,0.5,0.00139,1.06425,1.05473
51,100,1,0.1,0.3,0.5,0.00139,1.21131,1.20224
52,100,1,0.1,0.3,0.5,0.00139,1.04292,1.03979
53,100,1,0.1,0.3,0.5,0.00139,1.0653,1.06462
54,100,1,0.1,0.3,0.5,0.00139,1.07728,1.08197
55,100,1,0.1,0.3,0.5,0.00139,0.91881,0.92441
56,100,1,0.1,0.3,0.5,0.00139,0.92466,0.92636
57,100,1,0.1,0.3,0.5,0.00139,1.15441,1.15254
58,100,1,0.1,0.3,0.5,0.00139,1.02063,1.02309
59,100,1,0.1,0.3,0.5,0.00139,1.02618,1.02117
60,100,1,0.1,0.3,0.5,0.00139,0.98194,0.9776
61,100,1,0.1,0.3,0.5,0.00139,1.11367,1.10555
62,100,1,0.1,0.3,0.5,0.00139,1.08348,1.08087
63,100,1,0.1,0.3,0.5,0.00139,1.11694,1.10989
64,100,1,0.1,0.3,0.5,0.00139,1.02662,1.02678
65,100,1,0.1,0.3,0.5,0.00139,1.19159,1.18554
66,100,1,0.1,0.3,0.5,0.00139,1.01843,1.03279
67,100,1,0.1,0.3,0.5,0.00139,0.99346,0.98868
68,100,1,0.1,0.3,0.5,0.00139,1.02475,1.02369
69,100,1,0.1,0.3,0.5,0.00139,1.09453,1.09251
70,100,1,0.1,0.3,0.5,0.00139,1.11283,1.09935
71,100,1,0.1,0.3,0.5,0.00139,1.0102,1.01771
72,100,1,0.1,0.3,0.5,0.00139,0.96438,0.96591
73,100,1,0.1,0.3,0.5,0.00139,0.94251,0.94062
74,100,1,0.1,0.3,0.5,0.00139,0.98366,0.97903
75,100,1,0.1,0.3,0.5,0.00139,1.0872,1.08108
76,100,1,0.1,0.3,0.5,0.00139,1.25527,1.26451
77,100,1,0.1,0.3,0.5,0.00139,1.0601,1.05529
78,100,1,0.1,0.3,0.5,0.00139,1.19139,1.17944
79,100,1,0.1,0.3,0.5,0.00139,1.22845,1.23014
80,100,1,0.1,0.3,0.5,0.00139,0.98881,0.9957
81,100,1,0.1,0.3,0.5,0.00139,0.98111,0.96761
82,100,1,0.1,0.3,0.5,0.00139,1.05692,1.05304
83,100,1,0.1,0.3,0.5,0.00139,0.93447,0.92846
84,100,1,0.1,0.3,0.5,0.00139,0.9007,0.90539
85,100,1,0.1,0.3,0.5,0.00139,1.10471,1.1004
86,100,1,0.1,0.3,0.5,0.00139,1.11722,1.11363
87,100,1,0.1,0.3,0.5,0.00139,1.06461,1.0644
88,100,1,0.1,0.3,0.5,0.00139,0.94492,0.93532
89,100,1,0.1,0.3,0.5,0.00139,1.38604,1.3969
90,100,1,0.1,0.3,0.5,0.00139,1.0499,1.05158
91,100,1,0.1,0.3,0.5,0.00139,1.02902,1.03618
92,100,1,0.1,0.3,0.5,0.00139,1.07554,1.07887
93,100,1,0.1,0.3,0.5,0.00139,1.13279,1.1219
94,100,1,0.1,0.3,0.5,0.00139,1.01752,1.01504
95,100,1,0.1,0.3,0.5,0.00139,1.16117,1.17032
96,100,1,0.1,0.3,0.5,0.00139,1.00617,1.00941
97,100,1,0.1,0.3,0.5,0.00139,1.09475,1.11201
98,100,1,0.1,0.3,0.5,0.00139,1.03011,1.02946
99,100,1,0.1,0.3,0.5,0.00139,0.98354,0.97742
0,100,1,0.1,0.3,0.5,0.00115,1.33213,1.32436
1,100,1,0.1,0.3,0.5,0.00115,1.22155,1.21775
2,100,1,0.1,0.3,0.5,0.00115,1.17002,1.17295
3,100,1,0.1,0.3,0.5,0.00115,1.23028,1.23127
4,100,1,0.1,0.3,0.5,0.00115,1.07535,1.06998
5,100,1,0.1,0.3,0.5,0.00115,1.23445,1.23424
6,100,1,0.1,0.3,0.5,0.00115,1.0965,1.09296
7,100,1,0.1,0.3,0.5,0.00115,1.18907,1.18243
8,100,1,0.1,0.3,0.5,0.00115,1.24719,1.24422
9,100,1,0.1,0.3,0.5,0.00115,1.13912,1.13676
10,100,1,0.1,0.3,0.5,0.00115,1.22976,1.22361
11,100,1,0.1,0.3,0.5,0.00115,1.21631,1.21042
12,100,1,0.1,0.3,0.5,0.00115,1.07539,1.08069
13,100,1,0.1,0.3,0.5,0.00115,1.31746,1.31543
14,100,1,0.1,0.3,0.5,0.00115,1.13331,1.13187
15,100,1,0.1,0.3,0.5,0.00115,1.18808,1.19056
16,100,1,0.1,0.3,0.5,0.00115,1.41051,1.41255
17,100,1,0.1,0.3,0.5,0.00115,1.13438,1.13482
18,100,1,0.1,0.3,0.5,0.00115,1.23765,1.23368
19,100,1,0.1,0.3,0.5,0.00115,1.10809,1.1117
20,100,1,0.1,0.3,0.5,0.00115,1.05838,1.05625
21,100,1,0.1,0.3,0.5,0.00115,1.1531,1.15459
22,100,1,0.1,0.3,0.5,0.00115,1.11742,1.11443
23,100,1,0.1,0.3,0.5,0.00115,1.19259,1.1943
24,100,1,0.1,0.3,0.5,0.00115,1.12026,1.11989
25,100,1,0.1,0.3,0.5,0.00115,1.22315,1.22427
26,100,1,0.1,0.3,0.5,0.00115,1.13648,1.13516
27,100,1,0.1,0.3,0.5,0.00115,1.1501,1.15046
28,100,1,0.1,0.3,0.5,0.00115,1.06397,1.05174
29,100,1,0.1,0.3,0.5,0.00115,1.21072,1.21363
30,100,1,0.1,0.3,0.5,0.00115,1.14173,1.14002
31,100,1,0.1,0.3,0.5,0.00115,1.20574,1.20188
32,100,1,0.1,0.3,0.5,0.00115,1.08429,1.07488
33,100,1,0.1,0.3,0.5,0.00115,1.11814,1.11425
34,100,1,0.1,0.3,0.5,0.00115,1.25034,1.24376
35,100,1,0.1,0.3,0.5,0.00115,1.16234,1.15877
36,100,1,0.1,0.3,0.5,0.00115,1.16488,1.17075
37,100,1,0.1,0.3,0.5,0.00115,1.24872,1.24781
38,100,1,0.1,0.3,0.5,0.00115,1.64883,1.65108
39,100,1,0.1,0.3,0.5,0.00115,1.14836,1.14021
40,100,1,0.1,0.3,0.5,0.00115,1.23793,1.24212
41,100,1,0.1,0.3,0.5,0.00115,1.17515,1.17174
42,100,1,0.1,0.3,0.5,0.00115,1.40486,1.40391
43,100,1,0.1,0.3,0.5,0.00115,1.3531,1.35534
44,100,1,0.1,0.3,0.5,0.00115,1.22493,1.23179
45,100,1,0.1,0.3,0.5,0.00115,1.22487,1.21801
46,100,1,0.1,0.3,0.5,0.00115,1.25238,1.24599
47,100,1,0.1,0.3,0.5,0.00115,1.2628,1.25837
48,100,1,0.1,0.3,0.5,0.00115,1.31516,1.31559
49,100,1,0.1,0.3,0.5,0.00115,1.22205,1.21678
50,100,1,0.1,0.3,0.5,0.00115,1.18311,1.17562
51,100,1,0.1,0.3,0.5,0.00115,1.35297,1.34608
52,100,1,0.1,0.3,0.5,0.00115,1.17054,1.16863
53,100,1,0.1,0.3,0.5,0.00115,1.19174,1.19145
54,100,1,0.1,0.3,0.5,0.00115,1.20784,1.21186
55,100,1,0.1,0.3,0.5,0.00115,1.05019,1.05485
56,100,1,0.1,0.3,0.5,0.00115,1.04991,1.05151
57,100,1,0.1,0.3,0.5,0.00115,1.31113,1.31009
58,100,1,0.1,0.3,0.5,0.00115,1.17292,1.17532
59,100,1,0.1,0.3,0.5,0.00115,1.15616,1.15234
60,100,1,0.1,0.3,0.5,0.00115,1.10189,1.0988
61,100,1,0.1,0.3,0.5,0.00115,1.25332,1.24711
62,100,1,0.1,0.3,0.5,0.00115,1.21083,1.20895
63,100,1,0.1,0.3,0.5,0.00115,1.25763,1.25254
64,100,1,0.1,0.3,0.5,0.00115,1.14099,1.14137
65,100,1,0.1,0.3,0.5,0.00115,1.31824,1.31358
66,100,1,0.1,0.3,0.5,0.00115,1.15805,1.16966
67,100,1,0.1,0.3,0.5,0.00115,1.13064,1.12687
68,100,1,0.1,0.3,0.5,0.00115,1.14499,1.14422
69,100,1,0.1,0.3,0.5,0.00115,1.21691,1.21562
70,100,1,0.1,0.3,0.5,0.00115,1.23332,1.22272
71,100,1,0.1,0.3,0.5,0.00115,1.13288,1.139
72,100,1,0.1,0.3,0.5,0.00115,1.08229,1.08369
73,100,1,0.1,0.3,0.5,0.00115,1.07526,1.07416
74,100,1,0.1,0.3,0.5,0.00115,1.11366,1.11021
75,100,1,0.1,0.3,0.5,0.00115,1.21602,1.21167
76,100,1,0.1,0.3,0.5,0.00115,1.40513,1.4128
77,100,1,0.1,0.3,0.5,0.00115,1.21002,1.20657
78,100,1,0.1,0.3,0.5,0.00115,1.31646,1.30689
79,100,1,0.1,0.3,0.5,0.00115,1.4047,1.40655
80,100,1,0.1,0.3,0.5,0.00115,1.10819,1.11411
81,100,1,0.1,0.3,0.5,0.00115,1.09752,1.08698
82,100,1,0.1,0.3,0.5,0.00115,1.2056,1.20326
83,100,1,0.1,0.3,0.5,0.00115,1.04684,1.04251
84,100,1,0.1,0.3,0.5,0.00115,1.01812,1.02225
85,100,1,0.1,0.3,0.5,0.00115,1.22715,1.2241
86,100,1,0.1,0.3,0.5,0.00115,1.25816,1.25563
87,100,1,0.1,0.3,0.5,0.00115,1.21449,1.21459
88,100,1,0.1,0.3,0.5,0.00115,1.07703,1.06961
89,100,1,0.1,0.3,0.5,0.00115,1.57203,1.58071
90,100,1,0.1,0.3,0.5,0.00115,1.19121,1.19262
91,100,1,0.1,0.3,0.5,0.00115,1.16491,1.17105
92,100,1,0.1,0.3,0.5,0.00115,1.22062,1.22375
93,100,1,0.1,0.3,0.5,0.00115,1.24875,1.24021
94,100,1,0.1,0.3,0.5,0.00115,1.1301,1.12795
95,100,1,0.1,0.3,0.5,0.00115,1.2973,1.30467
96,100,1,0.1,0.3,0.5,0.00115,1.14642,1.14937
97,100,1,0.1,0.3,0.5,0.00115,1.2488,1.26304
98,100,1,0.1,0.3,0.5,0.00115,1.15401,1.15378
99,100,1,0.1,0.3,0.5,0.00115,1.10739,1.10269
0,100,1,0.1,0.3,0.5,0.00095,1.47908,1.47321
1,100,1,0.1,0.3,0.5,0.00095,1.35677,1.35381
2,100,1,0.1,0.3,0.5,0.00095,1.34276,1.34565
3,100,1,0.1,0.3,0.5,0.00095,1.38761,1.38835
4,100,1,0.1,0.3,0.5,0.00095,1.22566,1.22168
5,100,1,0.1,0.3,0.5,0.00095,1.37563,1.3758
6,100,1,0.1,0.3,0.5,0.00095,1.24739,1.24498
7,100,1,0.1,0.3,0.5,0.00095,1.32007,1.31498
8,100,1,0.1,0.3,0.5,0.00095,1.38812,1.38585
9,100,1,0.1,0.3,0.5,0.00095,1.27742,1.27566
10,100,1,0.1,0.3,0.5,0.00095,1.38895,1.38408
11,100,1,0.1,0.3,0.5,0.00095,1.36397,1.35955
12,100,1,0.1,0.3,0.5,0.00095,1.208,1.21237
13,100,1,0.1,0.3,0.5,0.00095,1.49142,1.49003
14,100,1,0.1,0.3,0.5,0.00095,1.27926,1.27837
15,100,1,0.1,0.3,0.5,0.00095,1.33083,1.333
16,100,1,0.1,0.3,0.5,0.00095,1.56914,1.57104
17,100,1,0.1,0.3,0.5,0.00095,1.27582,1.27645
18,100,1,0.1,0.3,0.5,0.00095,1.3733,1.37028
19,100,1,0.1,0.3,0.5,0.00095,1.25741,1.26026
20,100,1,0.1,0.3,0.5,0.00095,1.2053,1.20404
21,100,1,0.1,0.3,0.5,0.00095,1.29581,1.29709
22,100,1,0.1,0.3,0.5,0.00095,1.25736,1.25516
23,100,1,0.1,0.3,0.5,0.00095,1.32632,1.32825
24,100,1,0.1,0.3,0.5,0.00095,1.27827,1.27786
25,100,1,0.1,0.3,0.5,0.00095,1.43365,1.43481
26,100,1,0.1,0.3,0.5,0.00095,1.29098,1.29013
27,100,1,0.1,0.3,0.5,0.00095,1.28746,1.28772
28,100,1,0.1,0.3,0.5,0.00095,1.20367,1.19417
29,100,1,0.1,0.3,0.5,0.00095,1.38061,1.38301
30,100,1,0.1,0.3,0.5,0.00095,1.27998,1.2788
31,100,1,0.1,0.3,0.5,0.00095,1.34017,1.33723
32,100,1,0.1,0.3,0.5,0.00095,1.21282,1.20552
33,100,1,0.1,0.3,0.5,0.00095,1.26356,1.26055
34,100,1,0.1,0.3,0.5,0.00095,1.41403,1.40906
35,100,1,0.1,0.3,0.5,0.00095,1.31511,1.31266
36,100,1,0.1,0.3,0.5,0.00095,1.31637,1.32134
37,100,1,0.1,0.3,0.5,0.00095,1.3911,1.39062
38,100,1,0.1,0.3,0.5,0.00095,1.96686,1.96902
39,100,1,0.1,0.3,0.5,0.00095,1.28271,1.27633
40,100,1,0.1,0.3,0.5,0.00095,1.36698,1.37036
41,100,1,0.1,0.3,0.5,0.00095,1.31507,1.31257
42,100,1,0.1,0.3,0.5,0.00095,1.60393,1.60352
43,100,1,0.1,0.3,0.5,0.00095,1.51214,1.51414
44,100,1,0.1,0.3,0.5,0.00095,1.36375,1.36925
45,100,1,0.1,0.3,0.5,0.00095,1.35813,1.35274
46,100,1,0.1,0.3,0.5,0.00095,1.38202,1.37704
47,100,1,0.1,0.3,0.5,0.00095,1.40427,1.40087
48,100,1,0.1,0.3,0.5,0.00095,1.46531,1.46554
49,100,1,0.1,0.3,0.5,0.00095,1.36283,1.35874
50,100,1,0.1,0.3,0.5,0.00095,1.31316,1.30726
51,100,1,0.1,0.3,0.5,0.00095,1.50975,1.50454
52,100,1,0.1,0.3,0.5,0.00095,1.31434,1.31322
53,100,1,0.1,0.3,0.5,0.00095,1.33371,1.33365
54,100,1,0.1,0.3,0.5,0.00095,1.34737,1.35071
55,100,1,0.1,0.3,0.5,0.00095,1.19849,1.20224
56,100,1,0.1,0.3,0.5,0.00095,1.19077,1.19215
57,100,1,0.1,0.3,0.5,0.00095,1.48944,1.48895
58,100,1,0.1,0.3,0.5,0.00095,1.35219,1.35438
59,100,1,0.1,0.3,0.5,0.00095,1.30008,1.29716
60,100,1,0.1,0.3,0.5,0.00095,1.2378,1.23565
61,100,1,0.1,0.3,0.5,0.00095,1.41238,1.40767
62,100,1,0.1,0.3,0.5,0.00095,1.35128,1.3499
63,100,1,0.1,0.3,0.5,0.00095,1.41743,1.41384
64,100,1,0.1,0.3,0.5,0.00095,1.26898,1.26943
65,100,1,0.1,0.3,0.5,0.00095,1.45889,1.45528
66,100,1,0.1,0.3,0.5,0.00095,1.31316,1.32242
67,100,1,0.1,0.3,0.5,0.00095,1.2851,1.28213
68,100,1,0.1,0.3,0.5,0.00095,1.27839,1.27783
69,100,1,0.1,0.3,0.5,0.00095,1.35013,1.3493
70,100,1,0.1,0.3,0.5,0.00095,1.36713,1.35884
71,100,1,0.1,0.3,0.5,0.00095,1.27,1.27487
72,100,1,0.1,0.3,0.5,0.00095,1.21247,1.21368
73,100,1,0.1,0.3,0.5,0.00095,1.21747,1.21684
74,100,1,0.1,0.3,0.5,0.00095,1.26079,1.25823
75,100,1,0.1,0.3,0.5,0.00095,1.36172,1.35867
76,100,1,0.1,0.3,0.5,0.00095,1.57651,1.58276
77,100,1,0.1,0.3,0.5,0.00095,1.38076,1.37829
78,100,1,0.1,0.3,0.5,0.00095,1.45105,1.44344
79,100,1,0.1,0.3,0.5,0.00095,1.60915,1.61091
80,100,1,0.1,0.3,0.5,0.00095,1.24484,1.24982
81,100,1,0.1,0.3,0.5,0.00095,1.22957,1.22145
82,100,1,0.1,0.3,0.5,0.00095,1.37503,1.37371
83,100,1,0.1,0.3,0.5,0.00095,1.17267,1.16958
84,100,1,0.1,0.3,0.5,0.00095,1.14948,1.15296
85,100,1,0.1,0.3,0.5,0.00095,1.35952,1.35739
86,100,1,0.1,0.3,0.5,0.00095,1.41284,1.41107
87,100,1,0.1,0.3,0.5,0.00095,1.38288,1.38315
88,100,1,0.1,0.3,0.5,0.00095,1.22912,1.22339
89,100,1,0.1,0.3,0.5,0.00095,1.76495,1.77181
90,100,1,0.1,0.3,0.5,0.00095,1.34739,1.34852
91,100,1,0.1,0.3,0.5,0.00095,1.31756,1.32268
92,100,1,0.1,0.3,0.5,0.00095,1.38024,1.38309
93,100,1,0.1,0.3,0.5,0.00095,1.37799,1.37133
94,100,1,0.1,0.3,0.5,0.00095,1.25996,1.25807
95,100,1,0.1,0.3,0.5,0.00095,1.4425,1.44837
96,100,1,0.1,0.3,0.5,0.00095,1.29676,1.29927
97,100,1,0.1,0.3,0.5,0.00095,1.41507,1.42666
98,100,1,0.1,0.3,0.5,0.00095,1.28666,1.28663
99,100,1,0.1,0.3,0.5,0.00095,1.24635,1.24273
0,100,1,0.1,0.3,0.5,0.00079,1.63966,1.63523
1,100,1,0.1,0.3,0.5,0.00079,1.5053,1.50301
2,100,1,0.1,0.3,0.5,0.00079,1.54141,1.54407
3,100,1,0.1,0.3,0.5,0.00079,1.55911,1.55966
4,100,1,0.1,0.3,0.5,0.00079,1.39795,1.39498
5,100,1,0.1,0.3,0.5,0.00079,1.53383,1.53423
6,100,1,0.1,0.3,0.5,0.00079,1.41835,1.41674
7,100,1,0.1,0.3,0.5,0.00079,1.46517,1.46129
8,100,1,0.1,0.3,0.5,0.00079,1.54243,1.54068
9,100,1,0.1,0.3,0.5,0.00079,1.42959,1.42827
10,100,1,0.1,0.3,0.5,0.00079,1.56554,1.56173
11,100,1,0.1,0.3,0.5,0.00079,1.53013,1.52685
12,100,1,0.1,0.3,0.5,0.00079,1.35798,1.36155
13,100,1,0.1,0.3,0.5,0.00079,1.68322,1.6823
14,100,1,0.1,0.3,0.5,0.00079,1.44145,1.44092
15,100,1,0.1,0.3,0.5,0.00079,1.48475,1.48659
16,100,1,0.1,0.3,0.5,0.00079,1.74581,1.74751
17,100,1,0.1,0.3,0.5,0.00079,1.43123,1.43192
18,100,1,0.1,0.3,0.5,0.00079,1.52544,1.52316
19,100,1,0.1,0.3,0.5,0.00079,1.4286,1.43078
20,100,1,0.1,0.3,0.5,0.00079,1.36811,1.36743
21,100,1,0.1,0.3,0.5,0.00079,1.4499,1.45093
22,100,1,0.1,0.3,0.5,0.00079,1.41414,1.41251
23,100,1,0.1,0.3,0.5,0.00079,1.48151,1.48345
24,100,1,0.1,0.3,0.5,0.00079,1.46345,1.46298
25,100,1,0.1,0.3,0.5,0.00079,1.6798,1.68087
26,100,1,0.1,0.3,0.5,0.00079,1.4649,1.46435
27,100,1,0.1,0.3,0.5,0.00079,1.44061,1.44081
28,100,1,0.1,0.3,0.5,0.00079,1.36028,1.35294
29,100,1,0.1,0.3,0.5,0.00079,1.57081,1.57272
30,100,1,0.1,0.3,0.5,0.00079,1.43542,1.43461
31,100,1,0.1,0.3,0.5,0.00079,1.48818,1.48594
32,100,1,0.1,0.3,0.5,0.00079,1.35527,1.34963
33,100,1,0.1,0.3,0.5,0.00079,1.43103,1.42874
34,100,1,0.1,0.3,0.5,0.00079,1.59325,1.5895
35,100,1,0.1,0.3,0.5,0.00079,1.48496,1.48326
36,100,1,0.1,0.3,0.5,0.00079,1.48263,1.48674
37,100,1,0.1,0.3,0.5,0.00079,1.54759,1.54737
38,100,1,0.1,0.3,0.5,0.00079,2.31141,2.31333
39,100,1,0.1,0.3,0.5,0.00079,1.43051,1.42555
40,100,1,0.1,0.3,0.5,0.00079,1.50695,1.50962
41,100,1,0.1,0.3,0.5,0.00079,1.46986,1.46804
42,100,1,0.1,0.3,0.5,0.00079,1.83081,1.83072
43,100,1,0.1,0.3,0.5,0.00079,1.67192,1.67364
44,100,1,0.1,0.3,0.5,0.00079,1.51551,1.51984
45,100,1,0.1,0.3,0.5,0.00079,1.5088,1.50457
46,100,1,0.1,0.3,0.5,0.00079,1.53065,1.52678
47,100,1,0.1,0.3,0.5,0.00079,1.56488,1.56228
48,100,1,0.1,0.3,0.5,0.00079,1.63335,1.63344
49,100,1,0.1,0.3,0.5,0.00079,1.5246,1.52144
50,100,1,0.1,0.3,0.5,0.00079,1.45654,1.45189
51,100,1,0.1,0.3,0.5,0.00079,1.68294,1.67901
52,100,1,0.1,0.3,0.5,0.00079,1.47511,1.4745
53,100,1,0.1,0.3,0.5,0.00079,1.49431,1.49439
54,100,1,0.1,0.3,0.5,0.00079,1.4978,1.5005
55,100,1,0.1,0.3,0.5,0.00079,1.36459,1.36752
56,100,1,0.1,0.3,0.5,0.00079,1.34815,1.3493
57,100,1,0.1,0.3,0.5,0.00079,1.68984,1.68969
58,100,1,0.1,0.3,0.5,0.00079,1.56329,1.5652
59,100,1,0.1,0.3,0.5,0.00079,1.45897,1.45675
60,100,1,0.1,0.3,0.5,0.00079,1.39115,1.38969
61,100,1,0.1,0.3,0.5,0.00079,1.59192,1.58839
62,100,1,0.1,0.3,0.5,0.00079,1.50634,1.50532
63,100,1,0.1,0.3,0.5,0.00079,1.60142,1.59896
64,100,1,0.1,0.3,0.5,0.00079,1.41455,1.41497
65,100,1,0.1,0.3,0.5,0.00079,1.615,1.61221
66,100,1,0.1,0.3,0.5,0.00079,1.48385,1.49116
67,100,1,0.1,0.3,0.5,0.00079,1.45691,1.45456
68,100,1,0.1,0.3,0.5,0.00079,1.42467,1.42426
69,100,1,0.1,0.3,0.5,0.00079,1.49533,1.49478
70,100,1,0.1,0.3,0.5,0.00079,1.51615,1.5097
71,100,1,0.1,0.3,0.5,0.00079,1.42381,1.42761
72,100,1,0.1,0.3,0.5,0.00079,1.35644,1.35746
73,100,1,0.1,0.3,0.5,0.00079,1.36852,1.36815
74,100,1,0.1,0.3,0.5,0.00079,1.42723,1.42533
75,100,1,0.1,0.3,0.5,0.00079,1.52571,1.52359
76,100,1,0.1,0.3,0.5,0.00079,1.7729,1.77791
77,100,1,0.1,0.3,0.5,0.00079,1.5719,1.57015
78,100,1,0.1,0.3,0.5,0.00079,1.59502,1.589
79,100,1,0.1,0.3,0.5,0.00079,1.84597,1.84753
80,100,1,0.1,0.3,0.5,0.00079,1.40209,1.4062
81,100,1,0.1,0.3,0.5,0.00079,1.37926,1.37307
82,100,1,0.1,0.3,0.5,0.00079,1.56797,1.56733
83,100,1,0.1,0.3,0.5,0.00079,1.3125,1.31031
84,100,1,0.1,0.3,0.5,0.00079,1.29674,1.29957
85,100,1,0.1,0.3,0.5,0.00079,1.50347,1.502
86,100,1,0.1,0.3,0.5,0.00079,1.58408,1.58284
87,100,1,0.1,0.3,0.5,0.00079,1.56986,1.57022
88,100,1,0.1,0.3,0.5,0.00079,1.40212,1.3977
89,100,1,0.1,0.3,0.5,0.00079,1.95913,1.96452
90,100,1,0.1,0.3,0.5,0.00079,1.51916,1.52006
91,100,1,0.1,0.3,0.5,0.00079,1.48874,1.49292
92,100,1,0.1,0.3,0.5,0.00079,1.55623,1.55874
93,100,1,0.1,0.3,0.5,0.00079,1.52123,1.51606
94,100,1,0.1,0.3,0.5,0.00079,1.40893,1.40726
95,100,1,0.1,0.3,0.5,0.00079,1.5997,1.60432
96,100,1,0.1,0.3,0.5,0.00079,1.45744,1.45948
97,100,1,0.1,0.3,0.5,0.00079,1.59288,1.6022
98,100,1,0.1,0.3,0.5,0.00079,1.42821,1.42824
99,100,1,0.1,0.3,0.5,0.00079,1.40118,1.39838
0,100,1,0.1,0.3,0.5,0.00066,1.81309,1.80973
1,100,1,0.1,0.3,0.5,0.00066,1.66866,1.6669
2,100,1,0.1,0.3,0.5,0.00066,1.76526,1.76759
3,100,1,0.1,0.3,0.5,0.00066,1.74395,1.74437
4,100,1,0.1,0.3,0.5,0.00066,1.59608,1.59384
5,100,1,0.1,0.3,0.5,0.00066,1.70876,1.70928
6,100,1,0.1,0.3,0.5,0.00066,1.61075,1.60971
7,100,1,0.1,0.3,0.5,0.00066,1.62696,1.62401
8,100,1,0.1,0.3,0.5,0.00066,1.71029,1.70894
9,100,1,0.1,0.3,0.5,0.00066,1.59563,1.59462
10,100,1,0.1,0.3,0.5,0.00066,1.75673,1.75379
11,100,1,0.1,0.3,0.5,0.00066,1.71505,1.71263
12,100,1,0.1,0.3,0.5,0.00066,1.52687,1.52978
13,100,1,0.1,0.3,0.5,0.00066,1.89456,1.894
14,100,1,0.1,0.3,0.5,0.00066,1.62022,1.61993
15,100,1,0.1,0.3,0.5,0.00066,1.64948,1.65099
16,100,1,0.1,0.3,0.5,0.00066,1.94209,1.94358
17,100,1,0.1,0.3,0.5,0.00066,1.6006,1.60129
18,100,1,0.1,0.3,0.5,0.00066,1.6971,1.6954
19,100,1,0.1,0.3,0.5,0.00066,1.62174,1.62339
20,100,1,0.1,0.3,0.5,0.00066,1.54483,1.54451
21,100,1,0.1,0.3,0.5,0.00066,1.61245,1.61323
22,100,1,0.1,0.3,0.5,0.00066,1.59008,1.58887
23,100,1,0.1,0.3,0.5,0.00066,1.66217,1.66399
24,100,1,0.1,0.3,0.5,0.00066,1.67801,1.67751
25,100,1,0.1,0.3,0.5,0.00066,1.95841,1.95933
26,100,1,0.1,0.3,0.5,0.00066,1.66041,1.66008
27,100,1,0.1,0.3,0.5,0.00066,1.61308,1.61326
28,100,1,0.1,0.3,0.5,0.00066,1.53511,1.52946
29,100,1,0.1,0.3,0.5,0.00066,1.78073,1.78221
30,100,1,0.1,0.3,0.5,0.00066,1.61099,1.61045
31,100,1,0.1,0.3,0.5,0.00066,1.65114,1.64943
32,100,1,0.1,0.3,0.5,0.00066,1.51202,1.50767
33,100,1,0.1,0.3,0.5,0.00066,1.62566,1.62394
34,100,1,0.1,0.3,0.5,0.00066,1.78693,1.78409
35,100,1,0.1,0.3,0.5,0.00066,1.67239,1.67121
36,100,1,0.1,0.3,0.5,0.00066,1.6639,1.66724
37,100,1,0.1,0.3,0.5,0.00066,1.71888,1.71881
38,100,1,0.1,0.3,0.5,0.00066,2.66669,2.66833
39,100,1,0.1,0.3,0.5,0.00066,1.59112,1.58728
40,100,1,0.1,0.3,0.5,0.00066,1.66086,1.66293
41,100,1,0.1,0.3,0.5,0.00066,1.6414,1.64008
42,100,1,0.1,0.3,0.5,0.00066,2.08701,2.08709
43,100,1,0.1,0.3,0.5,0.00066,1.83092,1.83234
44,100,1,0.1,0.3,0.5,0.00066,1.68195,1.68532
45,100,1,0.1,0.3,0.5,0.00066,1.6802,1.67687
46,100,1,0.1,0.3,0.5,0.00066,1.70059,1.69759
47,100,1,0.1,0.3,0.5,0.00066,1.74679,1.74482
48,100,1,0.1,0.3,0.5,0.00066,1.82031,1.82031
49,100,1,0.1,0.3,0.5,0.00066,1.70926,1.70682
50,100,1,0.1,0.3,0.5,0.00066,1.61632,1.61267
51,100,1,0.1,0.3,0.5,0.00066,1.87288,1.86993
52,100,1,0.1,0.3,0.5,0.00066,1.65333,1.65302
53,100,1,0.1,0.3,0.5,0.00066,1.67724,1.67741
54,100,1,0.1,0.3,0.5,0.00066,1.66124,1.6634
55,100,1,0.1,0.3,0.5,0.00066,1.54899,1.55121
56,100,1,0.1,0.3,0.5,0.00066,1.52318,1.52411
57,100,1,0.1,0.3,0.5,0.00066,1.91103,1.91109
58,100,1,0.1,0.3,0.5,0.00066,1.80965,1.81125
59,100,1,0.1,0.3,0.5,0.00066,1.63438,1.63269
60,100,1,0.1,0.3,0.5,0.00066,1.56357,1.5626
61,100,1,0.1,0.3,0.5,0.00066,1.79148,1.78884
62,100,1,0.1,0.3,0.5,0.00066,1.67787,1.6771
63,100,1,0.1,0.3,0.5,0.00066,1.8145,1.81288
64,100,1,0.1,0.3,0.5,0.00066,1.58138,1.58172
65,100,1,0.1,0.3,0.5,0.00066,1.78813,1.78597
66,100,1,0.1,0.3,0.5,0.00066,1.66968,1.67539
67,100,1,0.1,0.3,0.5,0.00066,1.64603,1.64419
68,100,1,0.1,0.3,0.5,0.00066,1.58377,1.58348
69,100,1,0.1,0.3,0.5,0.00066,1.65415,1.65376
70,100,1,0.1,0.3,0.5,0.00066,1.68212,1.67712
71,100,1,0.1,0.3,0.5,0.00066,1.59675,1.59967
72,100,1,0.1,0.3,0.5,0.00066,1.51694,1.51778
73,100,1,0.1,0.3,0.5,0.00066,1.52883,1.52859
74,100,1,0.1,0.3,0.5,0.00066,1.61496,1.61354
75,100,1,0.1,0.3,0.5,0.00066,1.70828,1.70683
76,100,1,0.1,0.3,0.5,0.00066,1.99707,2.00103
77,100,1,0.1,0.3,0.5,0.00066,1.78267,1.78145
78,100,1,0.1,0.3,0.5,0.00066,1.74854,1.74382
79,100,1,0.1,0.3,0.5,0.00066,2.11691,2.11821
80,100,1,0.1,0.3,0.5,0.00066,1.58351,1.58685
81,100,1,0.1,0.3,0.5,0.00066,1.54918,1.54452
82,100,1,0.1,0.3,0.5,0.00066,1.78848,1.78826
83,100,1,0.1,0.3,0.5,0.00066,1.46673,1.46519
84,100,1,0.1,0.3,0.5,0.00066,1.46176,1.464
85,100,1,0.1,0.3,0.5,0.00066,1.66141,1.66042
86,100,1,0.1,0.3,0.5,0.00066,1.77394,1.77307
87,100,1,0.1,0.3,0.5,0.00066,1.77566,1.77605
88,100,1,0.1,0.3,0.5,0.00066,1.59651,1.5931
89,100,1,0.1,0.3,0.5,0.00066,2.15059,2.1548
90,100,1,0.1,0.3,0.5,0.00066,1.70743,1.70813
91,100,1,0.1,0.3,0.5,0.00066,1.67977,1.68312
92,100,1,0.1,0.3,0.5,0.00066,1.7512,1.75337
93,100,1,0.1,0.3,0.5,0.00066,1.67804,1.67403
94,100,1,0.1,0.3,0.5,0.00066,1.57897,1.57749
95,100,1,0.1,0.3,0.5,0.00066,1.77333,1.77695
96,100,1,0.1,0.3,0.5,0.00066,1.6307,1.63231
97,100,1,0.1,0.3,0.5,0.00066,1.78213,1.78955
98,100,1,0.1,0.3,0.5,0.00066,1.57988,1.57992
99,100,1,0.1,0.3,0.5,0.00066,1.57208,1.56991
0,100,1,0.1,0.3,0.5,0.00054,1.99847,1.9959
1,100,1,0.1,0.3,0.5,0.00054,1.84802,1.84667
2,100,1,0.1,0.3,0.5,0.00054,2.01126,2.01323
3,100,1,0.1,0.3,0.5,0.00054,1.94126,1.94159
4,100,1,0.1,0.3,0.5,0.00054,1.82226,1.82055
5,100,1,0.1,0.3,0.5,0.00054,1.90048,1.90105
6,100,1,0.1,0.3,0.5,0.00054,1.82526,1.82462
7,100,1,0.1,0.3,0.5,0.00054,1.80843,1.8062
8,100,1,0.1,0.3,0.5,0.00054,1.89238,1.89133
9,100,1,0.1,0.3,0.5,0.00054,1.77612,1.77533
10,100,1,0.1,0.3,0.5,0.00054,1.95904,1.95679
11,100,1,0.1,0.3,0.5,0.00054,1.91776,1.91599
12,100,1,0.1,0.3,0.5,0.00054,1.71584,1.71818
13,100,1,0.1,0.3,0.5,0.00054,2.12625,2.12594
14,100,1,0.1,0.3,0.5,0.00054,1.81613,1.81599
15,100,1,0.1,0.3,0.5,0.00054,1.82523,1.82645
16,100,1,0.1,0.3,0.5,0.00054,2.16016,2.16143
17,100,1,0.1,0.3,0.5,0.00054,1.78404,1.78469
18,100,1,0.1,0.3,0.5,0.00054,1.89031,1.88905
19,100,1,0.1,0.3,0.5,0.00054,1.83547,1.83671
20,100,1,0.1,0.3,0.5,0.00054,1.7332,1.7331
21,100,1,0.1,0.3,0.5,0.00054,1.78164,1.7822
22,100,1,0.1,0.3,0.5,0.00054,1.7875,1.78658
23,100,1,0.1,0.3,0.5,0.00054,1.8727,1.87434
24,100,1,0.1,0.3,0.5,0.00054,1.92263,1.92213
25,100,1,0.1,0.3,0.5,0.00054,2.26195,2.26269
26,100,1,0.1,0.3,0.5,0.00054,1.87955,1.87937
27,100,1,0.1,0.3,0.5,0.00054,1.80976,1.80993
28,100,1,0.1,0.3,0.5,0.00054,1.72911,1.72478
29,100,1,0.1,0.3,0.5,0.00054,2.0083,2.00941
30,100,1,0.1,0.3,0.5,0.00054,1.80975,1.80938
31,100,1,0.1,0.3,0.5,0.00054,1.83066,1.82936
32,100,1,0.1,0.3,0.5,0.00054,1.68341,1.68008
33,100,1,0.1,0.3,0.5,0.00054,1.85329,1.85204
34,100,1,0.1,0.3,0.5,0.00054,1.99458,1.99243
35,100,1,0.1,0.3,0.5,0.00054,1.87795,1.87713
36,100,1,0.1,0.3,0.5,0.00054,1.86128,1.86395
37,100,1,0.1,0.3,0.5,0.00054,1.9055,1.90551
38,100,1,0.1,0.3,0.5,0.00054,3.01524,3.0166
39,100,1,0.1,0.3,0.5,0.00054,1.7643,1.76134
40,100,1,0.1,0.3,0.5,0.00054,1.83215,1.83373
41,100,1,0.1,0.3,0.5,0.00054,1.83078,1.82983
42,100,1,0.1,0.3,0.5,0.00054,2.37183,2.37198
43,100,1,0.1,0.3,0.5,0.00054,1.99106,1.99222
44,100,1,0.1,0.3,0.5,0.00054,1.8655,1.86808
45,100,1,0.1,0.3,0.5,0.00054,1.87569,1.87306
46,100,1,0.1,0.3,0.5,0.00054,1.89334,1.89103
47,100,1,0.1,0.3,0.5,0.00054,1.95155,1.95006
48,100,1,0.1,0.3,0.5,0.00054,2.02697,2.02693
49,100,1,0.1,0.3,0.5,0.00054,1.9174,1.91553
50,100,1,0.1,0.3,0.5,0.00054,1.7958,1.79295
51,100,1,0.1,0.3,0.5,0.00054,2.07948,2.07727
52,100,1,0.1,0.3,0.5,0.00054,1.84909,1.84896
53,100,1,0.1,0.3,0.5,0.00054,1.88629,1.88652
54,100,1,0.1,0.3,0.5,0.00054,1.83948,1.84118
55,100,1,0.1,0.3,0.5,0.00054,1.75184,1.75349
56,100,1,0.1,0.3,0.5,0.00054,1.71698,1.71772
57,100,1,0.1,0.3,0.5,0.00054,2.14937,2.14954
58,100,1,0.1,0.3,0.5,0.00054,2.09153,2.09285
59,100,1,0.1,0.3,0.5,0.00054,1.82778,1.82649
60,100,1,0.1,0.3,0.5,0.00054,1.75678,1.75616
61,100,1,0.1,0.3,0.5,0.00054,2.00894,2.00697
62,100,1,0.1,0.3,0.5,0.00054,1.8679,1.86732
63,100,1,0.1,0.3,0.5,0.00054,2.05948,2.05846
64,100,1,0.1,0.3,0.5,0.00054,1.77161,1.77186
65,100,1,0.1,0.3,0.5,0.00054,1.97993,1.97826
66,100,1,0.1,0.3,0.5,0.00054,1.86983,1.87427
67,100,1,0.1,0.3,0.5,0.00054,1.85304,1.85161
68,100,1,0.1,0.3,0.5,0.00054,1.75655,1.75636
69,100,1,0.1,0.3,0.5,0.00054,1.82816,1.82787
70,100,1,0.1,0.3,0.5,0.00054,1.86658,1.86272
71,100,1,0.1,0.3,0.5,0.00054,1.79114,1.79335
72,100,1,0.1,0.3,0.5,0.00054,1.69757,1.69825
73,100,1,0.1,0.3,0.5,0.00054,1.70001,1.69983
74,100,1,0.1,0.3,0.5,0.00054,1.82489,1.82384
75,100,1,0.1,0.3,0.5,0.00054,1.90865,1.90766
76,100,1,0.1,0.3,0.5,0.00054,2.2502,2.25331
77,100,1,0.1,0.3,0.5,0.00054,2.01235,2.0115
78,100,1,0.1,0.3,0.5,0.00054,1.91224,1.90856
79,100,1,0.1,0.3,0.5,0.00054,2.4198,2.42085
80,100,1,0.1,0.3,0.5,0.00054,1.79263,1.79531
81,100,1,0.1,0.3,0.5,0.00054,1.74253,1.73906
82,100,1,0.1,0.3,0.5,0.00054,2.04089,2.04092
83,100,1,0.1,0.3,0.5,0.00054,1.63579,1.63473
84,100,1,0.1,0.3,0.5,0.00054,1.64636,1.64811
85,100,1,0.1,0.3,0.5,0.00054,1.83595,1.83529
86,100,1,0.1,0.3,0.5,0.00054,1.98297,1.98237
87,100,1,0.1,0.3,0.5,0.00054,2.00103,2.00143
88,100,1,0.1,0.3,0.5,0.00054,1.81274,1.81012
89,100,1,0.1,0.3,0.5,0.00054,2.33847,2.34176
90,100,1,0.1,0.3,0.5,0.00054,1.91285,1.9134
91,100,1,0.1,0.3,0.5,0.00054,1.89118,1.89384
92,100,1,0.1,0.3,0.5,0.00054,1.96761,1.96944
93,100,1,0.1,0.3,0.5,0.00054,1.84746,1.84436
94,100,1,0.1,0.3,0.5,0.00054,1.77256,1.77127
95,100,1,0.1,0.3,0.5,0.00054,1.96914,1.97194
96,100,1,0.1,0.3,0.5,0.00054,1.81987,1.82111
97,100,1,0.1,0.3,0.5,0.00054,1.98334,1.9892
98,100,1,0.1,0.3,0.5,0.00054,1.74393,1.74395
99,100,1,0.1,0.3,0.5,0.00054,1.75889,1.75721
0,100,1,0.1,0.3,0.5,0.00045,2.19499,2.19301
1,100,1,0.1,0.3,0.5,0.00045,2.04389,2.04287
2,100,1,0.1,0.3,0.5,0.00045,2.27428,2.2759
3,100,1,0.1,0.3,0.5,0.00045,2.15013,2.1504
4,100,1,0.1,0.3,0.5,0.00045,2.0755,2.07417
5,100,1,0.1,0.3,0.5,0.00045,2.10986,2.11044
6,100,1,0.1,0.3,0.5,0.00045,2.06144,2.06106
7,100,1,0.1,0.3,0.5,0.00045,2.01246,2.01078
8,100,1,0.1,0.3,0.5,0.00045,2.08997,2.08915
9,100,1,0.1,0.3,0.5,0.00045,1.97282,1.97221
10,100,1,0.1,0.3,0.5,0.00045,2.1692,2.16748
11,100,1,0.1,0.3,0.5,0.00045,2.13659,2.1353
12,100,1,0.1,0.3,0.5,0.00045,1.92504,1.92692
13,100,1,0.1,0.3,0.5,0.00045,2.37705,2.3769
14,100,1,0.1,0.3,0.5,0.00045,2.03023,2.03018
15,100,1,0.1,0.3,0.5,0.00045,2.01311,2.01408
16,100,1,0.1,0.3,0.5,0.00045,2.40272,2.40379
17,100,1,0.1,0.3,0.5,0.00045,1.98195,1.98253
18,100,1,0.1,0.3,0.5,0.00045,2.10542,2.10449
19,100,1,0.1,0.3,0.5,0.00045,2.06724,2.06818
20,100,1,0.1,0.3,0.5,0.00045,1.93139,1.9314
21,100,1,0.1,0.3,0.5,0.00045,1.9575,1.95789
22,100,1,0.1,0.3,0.5,0.00045,2.00895,2.00826
23,100,1,0.1,0.3,0.5,0.00045,2.11724,2.11865
24,100,1,0.1,0.3,0.5,0.00045,2.19637,2.19588
25,100,1,0.1,0.3,0.5,0.00045,2.58004,2.58062
26,100,1,0.1,0.3,0.5,0.00045,2.1232,2.12313
27,100,1,0.1,0.3,0.5,0.00045,2.03601,2.03617
28,100,1,0.1,0.3,0.5,0.00045,1.9422,1.9389
29,100,1,0.1,0.3,0.5,0.00045,2.25028,2.2511
30,100,1,0.1,0.3,0.5,0.00045,2.03411,2.03387
31,100,1,0.1,0.3,0.5,0.00045,2.02876,2.02777
32,100,1,0.1,0.3,0.5,0.00045,1.86966,1.8671
33,100,1,0.1,0.3,0.5,0.00045,2.11846,2.11757
34,100,1,0.1,0.3,0.5,0.00045,2.21676,2.21512
35,100,1,0.1,0.3,0.5,0.00045,2.10221,2.10163
36,100,1,0.1,0.3,0.5,0.00045,2.07656,2.07867
37,100,1,0.1,0.3,0.5,0.00045,2.10771,2.10776
38,100,1,0.1,0.3,0.5,0.00045,3.34305,3.34416
39,100,1,0.1,0.3,0.5,0.00045,1.95061,1.94835
40,100,1,0.1,0.3,0.5,0.00045,2.02427,2.02546
41,100,1,0.1,0.3,0.5,0.00045,2.03802,2.03733
42,100,1,0.1,0.3,0.5,0.00045,2.68122,2.68137
43,100,1,0.1,0.3,0.5,0.00045,2.15673,2.15766
44,100,1,0.1,0.3,0.5,0.00045,2.06886,2.07082
45,100,1,0.1,0.3,0.5,0.00045,2.09843,2.09637
46,100,1,0.1,0.3,0.5,0.00045,2.10904,2.10727
47,100,1,0.1,0.3,0.5,0.00045,2.17985,2.17873
48,100,1,0.1,0.3,0.5,0.00045,2.25409,2.25404
49,100,1,0.1,0.3,0.5,0.00045,2.14834,2.14691
50,100,1,0.1,0.3,0.5,0.00045,1.99737,1.99515
51,100,1,0.1,0.3,0.5,0.00045,2.30301,2.30136
52,100,1,0.1,0.3,0.5,0.00045,2.06199,2.06195
53,100,1,0.1,0.3,0.5,0.00045,2.12416,2.12442
54,100,1,0.1,0.3,0.5,0.00045,2.03364,2.03498
55,100,1,0.1,0.3,0.5,0.00045,1.97351,1.9747
56,100,1,0.1,0.3,0.5,0.00045,1.93036,1.93094
57,100,1,0.1,0.3,0.5,0.00045,2.39975,2.39998
58,100,1,0.1,0.3,0.5,0.00045,2.40435,2.40541
59,100,1,0.1,0.3,0.5,0.00045,2.04005,2.03908
60,100,1,0.1,0.3,0.5,0.00045,1.97243,1.97205
61,100,1,0.1,0.3,0.5,0.00045,2.24102,2.23956
62,100,1,0.1,0.3,0.5,0.00045,2.07836,2.07791
63,100,1,0.1,0.3,0.5,0.00045,2.33545,2.33483
64,100,1,0.1,0.3,0.5,0.00045,1.98492,1.98509
65,100,1,0.1,0.3,0.5,0.00045,2.19179,2.19049
66,100,1,0.1,0.3,0.5,0.00045,2.0834,2.08684
67,100,1,0.1,0.3,0.5,0.00045,2.07933,2.07822
68,100,1,0.1,0.3,0.5,0.00045,1.94534,1.94523
69,100,1,0.1,0.3,0.5,0.00045,2.01844,2.01821
70,100,1,0.1,0.3,0.5,0.00045,2.07088,2.06791
71,100,1,0.1,0.3,0.5,0.00045,2.00899,2.01064
72,100,1,0.1,0.3,0.5,0.00045,1.90184,1.90238
73,100,1,0.1,0.3,0.5,0.00045,1.88477,1.88463
74,100,1,0.1,0.3,0.5,0.00045,2.05651,2.05572
75,100,1,0.1,0.3,0.5,0.00045,2.12567,2.125
76,100,1,0.1,0.3,0.5,0.00045,2.53137,2.53381
77,100,1,0.1,0.3,0.5,0.00045,2.26073,2.26013
78,100,1,0.1,0.3,0.5,0.00045,2.08718,2.08432
79,100,1,0.1,0.3,0.5,0.00045,2.74821,2.74904
80,100,1,0.1,0.3,0.5,0.00045,2.03246,2.03459
81,100,1,0.1,0.3,0.5,0.00045,1.96245,1.95989
82,100,1,0.1,0.3,0.5,0.00045,2.32761,2.32777
83,100,1,0.1,0.3,0.5,0.00045,1.82039,1.81966
84,100,1,0.1,0.3,0.5,0.00045,1.85246,1.85382
85,100,1,0.1,0.3,0.5,0.00045,2.02918,2.02876
86,100,1,0.1,0.3,0.5,0.00045,2.21019,2.20977
87,100,1,0.1,0.3,0.5,0.00045,2.24732,2.2477
88,100,1,0.1,0.3,0.5,0.00045,2.05164,2.04962
89,100,1,0.1,0.3,0.5,0.00045,2.52622,2.52878
90,100,1,0.1,0.3,0.5,0.00045,2.1354,2.13583
91,100,1,0.1,0.3,0.5,0.00045,2.12275,2.12483
92,100,1,0.1,0.3,0.5,0.00045,2.20667,2.20818
93,100,1,0.1,0.3,0.5,0.00045,2.02896,2.02657
94,100,1,0.1,0.3,0.5,0.00045,1.99247,1.99135
95,100,1,0.1,0.3,0.5,0.00045,2.1933,2.19546
96,100,1,0.1,0.3,0.5,0.00045,2.02776,2.02872
97,100,1,0.1,0.3,0.5,0.00045,2.19766,2.20226
98,100,1,0.1,0.3,0.5,0.00045,1.92288,1.92286
99,100,1,0.1,0.3,0.5,0.00045,1.9616,1.96028
0,100,1,0.1,0.3,0.5,0.00037,2.40218,2.40064
1,100,1,0.1,0.3,0.5,0.00037,2.25634,2.25557
2,100,1,0.1,0.3,0.5,0.00037,2.54924,2.55057
3,100,1,0.1,0.3,0.5,0.00037,2.36965,2.36987
4,100,1,0.1,0.3,0.5,0.00037,2.35082,2.34978
5,100,1,0.1,0.3,0.5,0.00037,2.3386,2.33915
6,100,1,0.1,0.3,0.5,0.00037,2.31727,2.31706
7,100,1,0.1,0.3,0.5,0.00037,2.24093,2.23967
8,100,1,0.1,0.3,0.5,0.00037,2.30459,2.30396
9,100,1,0.1,0.3,0.5,0.00037,2.18863,2.18814
10,100,1,0.1,0.3,0.5,0.00037,2.38428,2.38297
11,100,1,0.1,0.3,0.5,0.00037,2.36984,2.3689
12,100,1,0.1,0.3,0.5,0.00037,2.15332,2.15482
13,100,1,0.1,0.3,0.5,0.00037,2.64379,2.64375
14,100,1,0.1,0.3,0.5,0.00037,2.26392,2.26392
15,100,1,0.1,0.3,0.5,0.00037,2.2149,2.21566
16,100,1,0.1,0.3,0.5,0.00037,2.67281,2.67371
17,100,1,0.1,0.3,0.5,0.00037,2.19532,2.19583
18,100,1,0.1,0.3,0.5,0.00037,2.34107,2.34038
19,100,1,0.1,0.3,0.5,0.00037,2.31403,2.31473
20,100,1,0.1,0.3,0.5,0.00037,2.13855,2.13863
21,100,1,0.1,0.3,0.5,0.00037,2.14159,2.14184
22,100,1,0.1,0.3,0.5,0.00037,2.25747,2.25695
23,100,1,0.1,0.3,0.5,0.00037,2.39862,2.39981
24,100,1,0.1,0.3,0.5,0.00037,2.49742,2.49697
25,100,1,0.1,0.3,0.5,0.00037,2.90162,2.90207
26,100,1,0.1,0.3,0.5,0.00037,2.39008,2.39008
27,100,1,0.1,0.3,0.5,0.00037,2.29547,2.29563
28,100,1,0.1,0.3,0.5,0.00037,2.17307,2.17055
29,100,1,0.1,0.3,0.5,0.00037,2.50362,2.50421
30,100,1,0.1,0.3,0.5,0.00037,2.28513,2.28496
31,100,1,0.1,0.3,0.5,0.00037,2.24778,2.24703
32,100,1,0.1,0.3,0.5,0.00037,2.07102,2.06906
33,100,1,0.1,0.3,0.5,0.00037,2.42139,2.42077
34,100,1,0.1,0.3,0.5,0.00037,2.45503,2.45377
35,100,1,0.1,0.3,0.5,0.00037,2.34579,2.34539
36,100,1,0.1,0.3,0.5,0.00037,2.31183,2.31348
37,100,1,0.1,0.3,0.5,0.00037,2.32583,2.32588
38,100,1,0.1,0.3,0.5,0.00037,3.64383,3.64472
39,100,1,0.1,0.3,0.5,0.00037,2.1514,2.14968
40,100,1,0.1,0.3,0.5,0.00037,2.24047,2.24137
41,100,1,0.1,0.3,0.5,0.00037,2.26242,2.26191
42,100,1,0.1,0.3,0.5,0.00037,3.00786,3.00799
43,100,1,0.1,0.3,0.5,0.00037,2.33357,2.3343
44,100,1,0.1,0.3,0.5,0.00037,2.29447,2.29594
45,100,1,0.1,0.3,0.5,0.00037,2.35123,2.34961
46,100,1,0.1,0.3,0.5,0.00037,2.34593,2.34457
47,100,1,0.1,0.3,0.5,0.00037,2.43131,2.43047
48,100,1,0.1,0.3,0.5,0.00037,2.50238,2.50233
49,100,1,0.1,0.3,0.5,0.00037,2.40055,2.39947
50,100,1,0.1,0.3,0.5,0.00037,2.22181,2.2201
51,100,1,0.1,0.3,0.5,0.00037,2.5446,2.54338
52,100,1,0.1,0.3,0.5,0.00037,2.29107,2.29108
53,100,1,0.1,0.3,0.5,0.00037,2.39095,2.39121
54,100,1,0.1,0.3,0.5,0.00037,2.24433,2.24537
55,100,1,0.1,0.3,0.5,0.00037,2.21545,2.2163
56,100,1,0.1,0.3,0.5,0.00037,2.1638,2.16425
57,100,1,0.1,0.3,0.5,0.00037,2.65821,2.65846
58,100,1,0.1,0.3,0.5,0.00037,2.73796,2.73881
59,100,1,0.1,0.3,0.5,0.00037,2.2718,2.27106
60,100,1,0.1,0.3,0.5,0.00037,2.2119,2.21168
61,100,1,0.1,0.3,0.5,0.00037,2.48434,2.48324
62,100,1,0.1,0.3,0.5,0.00037,2.31075,2.31041
63,100,1,0.1,0.3,0.5,0.00037,2.63778,2.63743
64,100,1,0.1,0.3,0.5,0.00037,2.21886,2.21895
65,100,1,0.1,0.3,0.5,0.00037,2.424,2.42298
66,100,1,0.1,0.3,0.5,0.00037,2.30975,2.31241
67,100,1,0.1,0.3,0.5,0.00037,2.32663,2.32578
68,100,1,0.1,0.3,0.5,0.00037,2.15403,2.15398
69,100,1,0.1,0.3,0.5,0.00037,2.22542,2.22522
70,100,1,0.1,0.3,0.5,0.00037,2.29605,2.29376
71,100,1,0.1,0.3,0.5,0.00037,2.25229,2.25352
72,100,1,0.1,0.3,0.5,0.00037,2.13211,2.13253
73,100,1,0.1,0.3,0.5,0.00037,2.08627,2.08615
74,100,1,0.1,0.3,0.5,0.00037,2.30829,2.30769
75,100,1,0.1,0.3,0.5,0.00037,2.35834,2.35789
76,100,1,0.1,0.3,0.5,0.00037,2.83683,2.83874
77,100,1,0.1,0.3,0.5,0.00037,2.52781,2.5274
78,100,1,0.1,0.3,0.5,0.00037,2.27499,2.2728
79,100,1,0.1,0.3,0.5,0.00037,3.09154,3.09219
80,100,1,0.1,0.3,0.5,0.00037,2.3043,2.30597
81,100,1,0.1,0.3,0.5,0.00037,2.21073,2.20885
82,100,1,0.1,0.3,0.5,0.00037,2.64622,2.64644
83,100,1,0.1,0.3,0.5,0.00037,2.02174,2.02124
84,100,1,0.1,0.3,0.5,0.00037,2.08219,2.08323
85,100,1,0.1,0.3,0.5,0.00037,2.24226,2.242
86,100,1,0.1,0.3,0.5,0.00037,2.45404,2.45375
87,100,1,0.1,0.3,0.5,0.00037,2.51589,2.51625
88,100,1,0.1,0.3,0.5,0.00037,2.31395,2.3124
89,100,1,0.1,0.3,0.5,0.00037,2.72109,2.72306
90,100,1,0.1,0.3,0.5,0.00037,2.3743,2.37465
91,100,1,0.1,0.3,0.5,0.00037,2.37386,2.37547
92,100,1,0.1,0.3,0.5,0.00037,2.46785,2.46909
93,100,1,0.1,0.3,0.5,0.00037,2.22275,2.2209
94,100,1,0.1,0.3,0.5,0.00037,2.24085,2.23989
95,100,1,0.1,0.3,0.5,0.00037,2.45117,2.45282
96,100,1,0.1,0.3,0.5,0.00037,2.25566,2.2564
97,100,1,0.1,0.3,0.5,0.00037,2.42702,2.43061
98,100,1,0.1,0.3,0.5,0.00037,2.11859,2.11855
99,100,1,0.1,0.3,0.5,0.00037,2.18074,2.17971
0,100,1,0.1,0.3,0.5,0.00031,2.61953,2.61832
1,100,1,0.1,0.3,0.5,0.00031,2.48552,2.48495
2,100,1,0.1,0.3,0.5,0.00031,2.83213,2.8332
3,100,1,0.1,0.3,0.5,0.00031,2.59931,2.5995
4,100,1,0.1,0.3,0.5,0.00031,2.63971,2.63889
5,100,1,0.1,0.3,0.5,0.00031,2.58744,2.58795
6,100,1,0.1,0.3,0.5,0.00031,2.58964,2.58953
7,100,1,0.1,0.3,0.5,0.00031,2.4934,2.49245
8,100,1,0.1,0.3,0.5,0.00031,2.538,2.53752
9,100,1,0.1,0.3,0.5,0.00031,2.42695,2.42655
10,100,1,0.1,0.3,0.5,0.00031,2.60427,2.60327
11,100,1,0.1,0.3,0.5,0.00031,2.61652,2.61584
12,100,1,0.1,0.3,0.5,0.00031,2.39862,2.39981
13,100,1,0.1,0.3,0.5,0.00031,2.92195,2.92198
14,100,1,0.1,0.3,0.5,0.00031,2.51827,2.51828
15,100,1,0.1,0.3,0.5,0.00031,2.43247,2.43307
16,100,1,0.1,0.3,0.5,0.00031,2.97251,2.97324
17,100,1,0.1,0.3,0.5,0.00031,2.42527,2.42571
18,100,1,0.1,0.3,0.5,0.00031,2.59473,2.59422
19,100,1,0.1,0.3,0.5,0.00031,2.5729,2.57343
20,100,1,0.1,0.3,0.5,0.00031,2.35464,2.35475
21,100,1,0.1,0.3,0.5,0.00031,2.33593,2.33608
22,100,1,0.1,0.3,0.5,0.00031,2.53456,2.53416
23,100,1,0.1,0.3,0.5,0.00031,2.71527,2.71625
24,100,1,0.1,0.3,0.5,0.00031,2.82197,2.82157
25,100,1,0.1,0.3,0.5,0.00031,3.21854,3.21888
26,100,1,0.1,0.3,0.5,0.00031,2.67656,2.6766
27,100,1,0.1,0.3,0.5,0.00031,2.58683,2.58697
28,100,1,0.1,0.3,0.5,0.00031,2.42015,2.41822
29,100,1,0.1,0.3,0.5,0.00031,2.76622,2.76663
30,100,1,0.1,0.3,0.5,0.00031,2.56215,2.56204
31,100,1,0.1,0.3,0.5,0.00031,2.49016,2.4896
32,100,1,0.1,0.3,0.5,0.00031,2.28814,2.28665
33,100,1,0.1,0.3,0.5,0.00031,2.75753,2.75711
34,100,1,0.1,0.3,0.5,0.00031,2.71061,2.70966
35,100,1,0.1,0.3,0.5,0.00031,2.60934,2.60906
36,100,1,0.1,0.3,0.5,0.00031,2.56881,2.57009
37,100,1,0.1,0.3,0.5,0.00031,2.56101,2.56105
38,100,1,0.1,0.3,0.5,0.00031,3.91988,3.92059
39,100,1,0.1,0.3,0.5,0.00031,2.36815,2.36685
40,100,1,0.1,0.3,0.5,0.00031,2.48249,2.48316
41,100,1,0.1,0.3,0.5,0.00031,2.50328,2.5029
42,100,1,0.1,0.3,0.5,0.00031,3.3425,3.3426
43,100,1,0.1,0.3,0.5,0.00031,2.52584,2.52642
44,100,1,0.1,0.3,0.5,0.00031,2.54407,2.54516
45,100,1,0.1,0.3,0.5,0.00031,2.6359,2.63464
46,100,1,0.1,0.3,0.5,0.00031,2.60137,2.60032
47,100,1,0.1,0.3,0.5,0.00031,2.70459,2.70396
48,100,1,0.1,0.3,0.5,0.00031,2.77146,2.77142
49,100,1,0.1,0.3,0.5,0.00031,2.67144,2.67062
50,100,1,0.1,0.3,0.5,0.00031,2.46801,2.46669
51,100,1,0.1,0.3,0.5,0.00031,2.80668,2.80579
52,100,1,0.1,0.3,0.5,0.00031,2.53488,2.53491
53,100,1,0.1,0.3,0.5,0.00031,2.68376,2.68402
54,100,1,0.1,0.3,0.5,0.00031,2.47152,2.47233
55,100,1,0.1,0.3,0.5,0.00031,2.47889,2.47949
56,100,1,0.1,0.3,0.5,0.00031,2.41789,2.41825
57,100,1,0.1,0.3,0.5,0.00031,2.92363,2.92388
58,100,1,0.1,0.3,0.5,0.00031,3.08105,3.08172
59,100,1,0.1,0.3,0.5,0.00031,2.52203,2.52147
60,100,1,0.1,0.3,0.5,0.00031,2.47519,2.47507
61,100,1,0.1,0.3,0.5,0.00031,2.73649,2.73566
62,100,1,0.1,0.3,0.5,0.00031,2.56591,2.56564
63,100,1,0.1,0.3,0.5,0.00031,2.95965,2.95946
64,100,1,0.1,0.3,0.5,0.00031,2.47013,2.47017
65,100,1,0.1,0.3,0.5,0.00031,2.67541,2.67462
66,100,1,0.1,0.3,0.5,0.00031,2.54947,2.55154
67,100,1,0.1,0.3,0.5,0.00031,2.59549,2.59485
68,100,1,0.1,0.3,0.5,0.00031,2.38664,2.38664
69,100,1,0.1,0.3,0.5,0.00031,2.44905,2.44888
70,100,1,0.1,0.3,0.5,0.00031,2.54318,2.54141
71,100,1,0.1,0.3,0.5,0.00031,2.52298,2.52389
72,100,1,0.1,0.3,0.5,0.00031,2.38852,2.38885
73,100,1,0.1,0.3,0.5,0.00031,2.30752,2.30742
74,100,1,0.1,0.3,0.5,0.00031,2.57977,2.57932
75,100,1,0.1,0.3,0.5,0.00031,2.607,2.6067
76,100,1,0.1,0.3,0.5,0.00031,3.16225,3.16374
77,100,1,0.1,0.3,0.5,0.00031,2.81623,2.81595
78,100,1,0.1,0.3,0.5,0.00031,2.47706,2.47538
79,100,1,0.1,0.3,0.5,0.00031,3.4416,3.4421
80,100,1,0.1,0.3,0.5,0.00031,2.60689,2.60819
81,100,1,0.1,0.3,0.5,0.00031,2.48653,2.48514
82,100,1,0.1,0.3,0.5,0.00031,2.98744,2.98767
83,100,1,0.1,0.3,0.5,0.00031,2.24134,2.24101
84,100,1,0.1,0.3,0.5,0.00031,2.33763,2.33843
85,100,1,0.1,0.3,0.5,0.00031,2.47584,2.47569
86,100,1,0.1,0.3,0.5,0.00031,2.71295,2.71273
87,100,1,0.1,0.3,0.5,0.00031,2.80753,2.80785
88,100,1,0.1,0.3,0.5,0.00031,2.5994,2.59821
89,100,1,0.1,0.3,0.5,0.00031,2.93015,2.93166
90,100,1,0.1,0.3,0.5,0.00031,2.62821,2.62849
91,100,1,0.1,0.3,0.5,0.00031,2.64374,2.64497
92,100,1,0.1,0.3,0.5,0.00031,2.74882,2.7498
93,100,1,0.1,0.3,0.5,0.00031,2.43046,2.42903
94,100,1,0.1,0.3,0.5,0.00031,2.51827,2.51746
95,100,1,0.1,0.3,0.5,0.00031,2.74561,2.74687
96,100,1,0.1,0.3,0.5,0.00031,2.50268,2.50325
97,100,1,0.1,0.3,0.5,0.00031,2.67324,2.67603
98,100,1,0.1,0.3,0.5,0.00031,2.33207,2.33201
99,100,1,0.1,0.3,0.5,0.00031,2.41722,2.41641
0,100,1,0.1,0.3,0.5,0.00026,2.84742,2.84647
1,100,1,0.1,0.3,0.5,0.00026,2.73169,2.73127
2,100,1,0.1,0.3,0.5,0.00026,3.12298,3.12384
3,100,1,0.1,0.3,0.5,0.00026,2.83944,2.83961
4,100,1,0.1,0.3,0.5,0.00026,2.93272,2.93206
5,100,1,0.1,0.3,0.5,0.00026,2.85622,2.85667
6,100,1,0.1,0.3,0.5,0.00026,2.87493,2.87489
7,100,1,0.1,0.3,0.5,0.00026,2.76704,2.76631
8,100,1,0.1,0.3,0.5,0.00026,2.79118,2.79081
9,100,1,0.1,0.3,0.5,0.00026,2.69084,2.69052
10,100,1,0.1,0.3,0.5,0.00026,2.82954,2.82878
11,100,1,0.1,0.3,0.5,0.00026,2.87593,2.87544
12,100,1,0.1,0.3,0.5,0.00026,2.65872,2.65966
13,100,1,0.1,0.3,0.5,0.00026,3.20719,3.20725
14,100,1,0.1,0.3,0.5,0.00026,2.793,2.79302
15,100,1,0.1,0.3,0.5,0.00026,2.66656,2.66702
16,100,1,0.1,0.3,0.5,0.00026,3.30255,3.30316
17,100,1,0.1,0.3,0.5,0.00026,2.67301,2.67339
18,100,1,0.1,0.3,0.5,0.00026,2.86384,2.86346
19,100,1,0.1,0.3,0.5,0.00026,2.84174,2.84215
20,100,1,0.1,0.3,0.5,0.00026,2.58075,2.58086
21,100,1,0.1,0.3,0.5,0.00026,2.54311,2.54319
22,100,1,0.1,0.3,0.5,0.00026,2.84172,2.84142
23,100,1,0.1,0.3,0.5,0.00026,3.06295,3.06375
24,100,1,0.1,0.3,0.5,0.00026,3.1659,3.16556
25,100,1,0.1,0.3,0.5,0.00026,3.5269,3.52716
26,100,1,0.1,0.3,0.5,0.00026,2.97858,2.97864
27,100,1,0.1,0.3,0.5,0.00026,2.90376,2.90388
28,100,1,0.1,0.3,0.5,0.00026,2.68249,2.68101
29,100,1,0.1,0.3,0.5,0.00026,3.03932,3.0396
30,100,1,0.1,0.3,0.5,0.00026,2.8631,2.86303
31,100,1,0.1,0.3,0.5,0.00026,2.75768,2.75727
32,100,1,0.1,0.3,0.5,0.00026,2.5226,2.52146
33,100,1,0.1,0.3,0.5,0.00026,3.11852,3.11825
34,100,1,0.1,0.3,0.5,0.00026,2.98374,2.983
35,100,1,0.1,0.3,0.5,0.00026,2.89277,2.89257
36,100,1,0.1,0.3,0.5,0.00026,2.84905,2.85003
37,100,1,0.1,0.3,0.5,0.00026,2.8156,2.81562
38,100,1,0.1,0.3,0.5,0.00026,4.1792,4.17975
39,100,1,0.1,0.3,0.5,0.00026,2.60217,2.60119
40,100,1,0.1,0.3,0.5,0.00026,2.75094,2.75145
41,100,1,0.1,0.3,0.5,0.00026,2.7605,2.76021
42,100,1,0.1,0.3,0.5,0.00026,3.67555,3.67561
43,100,1,0.1,0.3,0.5,0.00026,2.73728,2.73773
44,100,1,0.1,0.3,0.5,0.00026,2.81866,2.81947
45,100,1,0.1,0.3,0.5,0.00026,2.95212,2.95115
46,100,1,0.1,0.3,0.5,0.00026,2.87232,2.87152
47,100,1,0.1,0.3,0.5,0.00026,2.99764,2.99716
48,100,1,0.1,0.3,0.5,0.00026,3.05914,3.05911
49,100,1,0.1,0.3,0.5,0.00026,2.95788,2.95727
50,100,1,0.1,0.3,0.5,0.00026,2.73401,2.733
51,100,1,0.1,0.3,0.5,0.00026,3.09155,3.09089
52,100,1,0.1,0.3,0.5,0.00026,2.79145,2.79149
53,100,1,0.1,0.3,0.5,0.00026,2.99789,2.99813
54,100,1,0.1,0.3,0.5,0.00026,2.71504,2.71567
55,100,1,0.1,0.3,0.5,0.00026,2.76608,2.76649
56,100,1,0.1,0.3,0.5,0.00026,2.69362,2.6939
57,100,1,0.1,0.3,0.5,0.00026,3.19771,3.19795
58,100,1,0.1,0.3,0.5,0.00026,3.42371,3.42422
59,100,1,0.1,0.3,0.5,0.00026,2.79073,2.7903
60,100,1,0.1,0.3,0.5,0.00026,2.76124,2.76119
61,100,1,0.1,0.3,0.5,0.00026,2.99698,2.99634
62,100,1,0.1,0.3,0.5,0.00026,2.84417,2.84395
63,100,1,0.1,0.3,0.5,0.00026,3.2949,3.29481
64,100,1,0.1,0.3,0.5,0.00026,2.73611,2.73611
65,100,1,0.1,0.3,0.5,0.00026,2.9439,2.94327
66,100,1,0.1,0.3,0.5,0.00026,2.8039,2.80551
67,100,1,0.1,0.3,0.5,0.00026,2.88512,2.88463
68,100,1,0.1,0.3,0.5,0.00026,2.64652,2.64656
69,100,1,0.1,0.3,0.5,0.00026,2.68918,2.68903
70,100,1,0.1,0.3,0.5,0.00026,2.81319,2.81182
71,100,1,0.1,0.3,0.5,0.00026,2.82281,2.82348
72,100,1,0.1,0.3,0.5,0.00026,2.66934,2.6696
73,100,1,0.1,0.3,0.5,0.00026,2.55012,2.55004
74,100,1,0.1,0.3,0.5,0.00026,2.87071,2.87037
75,100,1,0.1,0.3,0.5,0.00026,2.87189,2.87169
76,100,1,0.1,0.3,0.5,0.00026,3.50312,3.50428
77,100,1,0.1,0.3,0.5,0.00026,3.1268,3.12661
78,100,1,0.1,0.3,0.5,0.00026,2.69525,2.69398
79,100,1,0.1,0.3,0.5,0.00026,3.78934,3.78972
80,100,1,0.1,0.3,0.5,0.00026,2.93475,2.93576
81,100,1,0.1,0.3,0.5,0.00026,2.78616,2.78515
82,100,1,0.1,0.3,0.5,0.00026,3.33781,3.33803
83,100,1,0.1,0.3,0.5,0.00026,2.48061,2.48038
84,100,1,0.1,0.3,0.5,0.00026,2.61965,2.62027
85,100,1,0.1,0.3,0.5,0.00026,2.73033,2.73025
86,100,1,0.1,0.3,0.5,0.00026,2.98653,2.98638
87,100,1,0.1,0.3,0.5,0.00026,3.12129,3.12156
88,100,1,0.1,0.3,0.5,0.00026,2.9054,2.90448
89,100,1,0.1,0.3,0.5,0.00026,3.15949,3.16065
90,100,1,0.1,0.3,0.5,0.00026,2.89676,2.897
91,100,1,0.1,0.3,0.5,0.00026,2.93163,2.93256
92,100,1,0.1,0.3,0.5,0.00026,3.04651,3.04729
93,100,1,0.1,0.3,0.5,0.00026,2.65391,2.65279
94,100,1,0.1,0.3,0.5,0.00026,2.8239,2.82322
95,100,1,0.1,0.3,0.5,0.00026,3.07558,3.07655
96,100,1,0.1,0.3,0.5,0.00026,2.7672,2.76765
97,100,1,0.1,0.3,0.5,0.00026,2.93892,2.94109
98,100,1,0.1,0.3,0.5,0.00026,2.56417,2.56411
99,100,1,0.1,0.3,0.5,0.00026,2.67204,2.6714
0,100,1,0.1,0.3,0.5,0.00021,3.0867,3.08594
1,100,1,0.1,0.3,0.5,0.00021,2.99493,2.99462
2,100,1,0.1,0.3,0.5,0.00021,3.4248,3.42548
3,100,1,0.1,0.3,0.5,0.00021,3.09188,3.09203
4,100,1,0.1,0.3,0.5,0.00021,3.22253,3.22199
5,100,1,0.1,0.3,0.5,0.00021,3.14329,3.14368
6,100,1,0.1,0.3,0.5,0.00021,3.16994,3.16993
7,100,1,0.1,0.3,0.5,0.00021,3.05759,3.05704
8,100,1,0.1,0.3,0.5,0.00021,3.06399,3.0637
9,100,1,0.1,0.3,0.5,0.00021,2.98191,2.98165
10,100,1,0.1,0.3,0.5,0.00021,3.06168,3.06109
11,100,1,0.1,0.3,0.5,0.00021,3.14852,3.14816
12,100,1,0.1,0.3,0.5,0.00021,2.93188,2.93262
13,100,1,0.1,0.3,0.5,0.00021,3.49533,3.4954
14,100,1,0.1,0.3,0.5,0.00021,3.08627,3.08628
15,100,1,0.1,0.3,0.5,0.00021,2.91671,2.91707
16,100,1,0.1,0.3,0.5,0.00021,3.65855,3.65903
17,100,1,0.1,0.3,0.5,0.00021,2.93925,2.93956
18,100,1,0.1,0.3,0.5,0.00021,3.14693,3.14665
19,100,1,0.1,0.3,0.5,0.00021,3.11908,3.11939
20,100,1,0.1,0.3,0.5,0.00021,2.81846,2.81856
21,100,1,0.1,0.3,0.5,0.00021,2.76586,2.7659
22,100,1,0.1,0.3,0.5,0.00021,3.17661,3.17638
23,100,1,0.1,0.3,0.5,0.00021,3.43495,3.43559
24,100,1,0.1,0.3,0.5,0.00021,3.52399,3.5237
25,100,1,0.1,0.3,0.5,0.00021,3.82454,3.82475
26,100,1,0.1,0.3,0.5,0.00021,3.29142,3.29148
27,100,1,0.1,0.3,0.5,0.00021,3.23537,3.23547
28,100,1,0.1,0.3,0.5,0.00021,2.96082,2.95969
29,100,1,0.1,0.3,0.5,0.00021,3.32591,3.32609
30,100,1,0.1,0.3,0.5,0.00021,3.18576,3.18571
31,100,1,0.1,0.3,0.5,0.00021,3.05175,3.05145
32,100,1,0.1,0.3,0.5,0.00021,2.77672,2.77586
33,100,1,0.1,0.3,0.5,0.00021,3.4958,3.49562
34,100,1,0.1,0.3,0.5,0.00021,3.27374,3.27318
35,100,1,0.1,0.3,0.5,0.00021,3.19449,3.19435
36,100,1,0.1,0.3,0.5,0.00021,3.15312,3.15387
37,100,1,0.1,0.3,0.5,0.00021,3.09309,3.09309
38,100,1,0.1,0.3,0.5,0.00021,4.43359,4.43402
39,100,1,0.1,0.3,0.5,0.00021,2.85401,2.85328
40,100,1,0.1,0.3,0.5,0.00021,3.04365,3.04405
41,100,1,0.1,0.3,0.5,0.00021,3.03459,3.03437
42,100,1,0.1,0.3,0.5,0.00021,3.99925,3.99929
43,100,1,0.1,0.3,0.5,0.00021,2.96988,2.97023
44,100,1,0.1,0.3,0.5,0.00021,3.11761,3.11821
45,100,1,0.1,0.3,0.5,0.00021,3.29743,3.29668
46,100,1,0.1,0.3,0.5,0.00021,3.15781,3.15719
47,100,1,0.1,0.3,0.5,0.00021,3.30654,3.30619
48,100,1,0.1,0.3,0.5,0.00021,3.36245,3.36243
49,100,1,0.1,0.3,0.5,0.00021,3.25763,3.25717
50,100,1,0.1,0.3,0.5,0.00021,3.01741,3.01663
51,100,1,0.1,0.3,0.5,0.00021,3.3992,3.39873
52,100,1,0.1,0.3,0.5,0.00021,3.05868,3.05872
53,100,1,0.1,0.3,0.5,0.00021,3.32924,3.32946
54,100,1,0.1,0.3,0.5,0.00021,2.97346,2.97394
55,100,1,0.1,0.3,0.5,0.00021,3.07796,3.07825
56,100,1,0.1,0.3,0.5,0.00021,2.99111,2.99133
57,100,1,0.1,0.3,0.5,0.00021,3.48306,3.48328
58,100,1,0.1,0.3,0.5,0.00021,3.75968,3.76008
59,100,1,0.1,0.3,0.5,0.00021,3.07807,3.07775
60,100,1,0.1,0.3,0.5,0.00021,3.06766,3.06764
61,100,1,0.1,0.3,0.5,0.00021,3.26683,3.26635
62,100,1,0.1,0.3,0.5,0.00021,3.14587,3.1457
63,100,1,0.1,0.3,0.5,0.00021,3.64023,3.64019
64,100,1,0.1,0.3,0.5,0.00021,3.01593,3.0159
65,100,1,0.1,0.3,0.5,0.00021,3.22746,3.22696
66,100,1,0.1,0.3,0.5,0.00021,3.07412,3.07537
67,100,1,0.1,0.3,0.5,0.00021,3.1921,3.19174
68,100,1,0.1,0.3,0.5,0.00021,2.93565,2.93571
69,100,1,0.1,0.3,0.5,0.00021,2.946,2.94587
70,100,1,0.1,0.3,0.5,0.00021,3.1073,3.10624
71,100,1,0.1,0.3,0.5,0.00021,3.15188,3.15237
72,100,1,0.1,0.3,0.5,0.00021,2.97144,2.97163
73,100,1,0.1,0.3,0.5,0.00021,2.81413,2.81405
74,100,1,0.1,0.3,0.5,0.00021,3.18369,3.18344
75,100,1,0.1,0.3,0.5,0.00021,3.15337,3.15324
76,100,1,0.1,0.3,0.5,0.00021,3.85625,3.85717
77,100,1,0.1,0.3,0.5,0.00021,3.45916,3.45904
78,100,1,0.1,0.3,0.5,0.00021,2.93062,2.92966
79,100,1,0.1,0.3,0.5,0.00021,4.13195,4.13225
80,100,1,0.1,0.3,0.5,0.00021,3.2779,3.27867
81,100,1,0.1,0.3,0.5,0.00021,3.10401,3.10326
82,100,1,0.1,0.3,0.5,0.00021,3.68446,3.68465
83,100,1,0.1,0.3,0.5,0.00021,2.74028,2.74012
84,100,1,0.1,0.3,0.5,0.00021,2.92661,2.92708
85,100,1,0.1,0.3,0.5,0.00021,3.0061,3.00606
86,100,1,0.1,0.3,0.5,0.00021,3.27358,3.27347
87,100,1,0.1,0.3,0.5,0.00021,3.45452,3.45476
88,100,1,0.1,0.3,0.5,0.00021,3.22747,3.22676
89,100,1,0.1,0.3,0.5,0.00021,3.41091,3.41178
90,100,1,0.1,0.3,0.5,0.00021,3.17936,3.17956
91,100,1,0.1,0.3,0.5,0.00021,3.23625,3.23696
92,100,1,0.1,0.3,0.5,0.00021,3.35786,3.35847
93,100,1,0.1,0.3,0.5,0.00021,2.89461,2.89375
94,100,1,0.1,0.3,0.5,0.00021,3.15531,3.15475
95,100,1,0.1,0.3,0.5,0.00021,3.43528,3.43603
96,100,1,0.1,0.3,0.5,0.00021,3.04703,3.04738
97,100,1,0.1,0.3,0.5,0.00021,3.22665,3.22833
98,100,1,0.1,0.3,0.5,0.00021,2.81528,2.81521
99,100,1,0.1,0.3,0.5,0.00021,2.94568,2.94517
0,100,1,0.1,0.3,0.5,0.00018,3.33789,3.33728
1,100,1,0.1,0.3,0.5,0.00018,3.27491,3.27469
2,100,1,0.1,0.3,0.5,0.00018,3.74012,3.74066
3,100,1,0.1,0.3,0.5,0.00018,3.36089,3.36102
4,100,1,0.1,0.3,0.5,0.00018,3.50618,3.50575
5,100,1,0.1,0.3,0.5,0.00018,3.44483,3.44516
6,100,1,0.1,0.3,0.5,0.00018,3.4732,3.47322
7,100,1,0.1,0.3,0.5,0.00018,3.3609,3.36047
8,100,1,0.1,0.3,0.5,0.00018,3.35529,3.35507
9,100,1,0.1,0.3,0.5,0.00018,3.30007,3.29986
10,100,1,0.1,0.3,0.5,0.00018,3.3026,3.30215
11,100,1,0.1,0.3,0.5,0.00018,3.43327,3.43301
12,100,1,0.1,0.3,0.5,0.00018,3.21687,3.21745
13,100,1,0.1,0.3,0.5,0.00018,3.78159,3.78166
14,100,1,0.1,0.3,0.5,0.00018,3.39522,3.39522
15,100,1,0.1,0.3,0.5,0.00018,3.1817,3.18198
16,100,1,0.1,0.3,0.5,0.00018,4.0351,4.03549
17,100,1,0.1,0.3,0.5,0.00018,3.22435,3.22461
18,100,1,0.1,0.3,0.5,0.00018,3.44373,3.44352
19,100,1,0.1,0.3,0.5,0.00018,3.40481,3.40505
20,100,1,0.1,0.3,0.5,0.00018,3.06916,3.06925
21,100,1,0.1,0.3,0.5,0.00018,3.00616,3.00618
22,100,1,0.1,0.3,0.5,0.00018,3.53508,3.5349
23,100,1,0.1,0.3,0.5,0.00018,3.82412,3.82464
24,100,1,0.1,0.3,0.5,0.00018,3.89061,3.89038
25,100,1,0.1,0.3,0.5,0.00018,4.1169,4.11706
26,100,1,0.1,0.3,0.5,0.00018,3.6133,3.61337
27,100,1,0.1,0.3,0.5,0.00018,3.57453,3.57461
28,100,1,0.1,0.3,0.5,0.00018,3.25632,3.25546
29,100,1,0.1,0.3,0.5,0.00018,3.63151,3.63162
30,100,1,0.1,0.3,0.5,0.00018,3.5247,3.52466
31,100,1,0.1,0.3,0.5,0.00018,3.37189,3.37167
32,100,1,0.1,0.3,0.5,0.00018,3.05249,3.05183
33,100,1,0.1,0.3,0.5,0.00018,3.88203,3.88192
34,100,1,0.1,0.3,0.5,0.00018,3.57874,3.57831
35,100,1,0.1,0.3,0.5,0.00018,3.51167,3.51157
36,100,1,0.1,0.3,0.5,0.00018,3.48154,3.48212
37,100,1,0.1,0.3,0.5,0.00018,3.3977,3.3977
38,100,1,0.1,0.3,0.5,0.00018,4.68933,4.68966
39,100,1,0.1,0.3,0.5,0.00018,3.12351,3.12297
40,100,1,0.1,0.3,0.5,0.00018,3.35661,3.35692
41,100,1,0.1,0.3,0.5,0.00018,3.32626,3.32608
42,100,1,0.1,0.3,0.5,0.00018,4.30947,4.30949
43,100,1,0.1,0.3,0.5,0.00018,3.22381,3.22409
44,100,1,0.1,0.3,0.5,0.00018,3.43955,3.43999
45,100,1,0.1,0.3,0.5,0.00018,3.6645,3.66392
46,100,1,0.1,0.3,0.5,0.00018,3.45928,3.45879
47,100,1,0.1,0.3,0.5,0.00018,3.62784,3.62758
48,100,1,0.1,0.3,0.5,0.00018,3.67819,3.67818
49,100,1,0.1,0.3,0.5,0.00018,3.56587,3.56553
50,100,1,0.1,0.3,0.5,0.00018,3.31508,3.31448
51,100,1,0.1,0.3,0.5,0.00018,3.7269,3.72655
52,100,1,0.1,0.3,0.5,0.00018,3.33423,3.33425
53,100,1,0.1,0.3,0.5,0.00018,3.67436,3.67455
54,100,1,0.1,0.3,0.5,0.00018,3.24686,3.24723
55,100,1,0.1,0.3,0.5,0.00018,3.41351,3.4137
56,100,1,0.1,0.3,0.5,0.00018,3.30866,3.30883
57,100,1,0.1,0.3,0.5,0.00018,3.78294,3.78314
58,100,1,0.1,0.3,0.5,0.00018,4.08871,4.08902
59,100,1,0.1,0.3,0.5,0.00018,3.38345,3.38321
60,100,1,0.1,0.3,0.5,0.00018,3.39131,3.39131
61,100,1,0.1,0.3,0.5,0.00018,3.54701,3.54664
62,100,1,0.1,0.3,0.5,0.00018,3.46892,3.46878
63,100,1,0.1,0.3,0.5,0.00018,3.9925,3.99249
64,100,1,0.1,0.3,0.5,0.00018,3.30955,3.30951
65,100,1,0.1,0.3,0.5,0.00018,3.52479,3.52439
66,100,1,0.1,0.3,0.5,0.00018,3.36169,3.36267
67,100,1,0.1,0.3,0.5,0.00018,3.51375,3.51349
68,100,1,0.1,0.3,0.5,0.00018,3.25205,3.25212
69,100,1,0.1,0.3,0.5,0.00018,3.22015,3.22004
70,100,1,0.1,0.3,0.5,0.00018,3.42638,3.42556
71,100,1,0.1,0.3,0.5,0.00018,3.50687,3.50724
72,100,1,0.1,0.3,0.5,0.00018,3.291,3.29114
73,100,1,0.1,0.3,0.5,0.00018,3.09951,3.09944
74,100,1,0.1,0.3,0.5,0.00018,3.51599,3.5158
75,100,1,0.1,0.3,0.5,0.00018,3.4496,3.44953
76,100,1,0.1,0.3,0.5,0.00018,4.22015,4.22087
77,100,1,0.1,0.3,0.5,0.00018,3.80959,3.80951
78,100,1,0.1,0.3,0.5,0.00018,3.18332,3.1826
79,100,1,0.1,0.3,0.5,0.00018,4.46649,4.46672
80,100,1,0.1,0.3,0.5,0.00018,3.62673,3.62733
81,100,1,0.1,0.3,0.5,0.00018,3.43459,3.43404
82,100,1,0.1,0.3,0.5,0.00018,4.02026,4.02042
83,100,1,0.1,0.3,0.5,0.00018,3.02038,3.02027
84,100,1,0.1,0.3,0.5,0.00018,3.25432,3.2547
85,100,1,0.1,0.3,0.5,0.00018,3.30294,3.30292
86,100,1,0.1,0.3,0.5,0.00018,3.57301,3.57293
87,100,1,0.1,0.3,0.5,0.00018,3.80338,3.80358
88,100,1,0.1,0.3,0.5,0.00018,3.56054,3.55999
89,100,1,0.1,0.3,0.5,0.00018,3.68127,3.68193
90,100,1,0.1,0.3,0.5,0.00018,3.47754,3.4777
91,100,1,0.1,0.3,0.5,0.00018,3.55604,3.55657
92,100,1,0.1,0.3,0.5,0.00018,3.67994,3.68041
93,100,1,0.1,0.3,0.5,0.00018,3.15397,3.15329
94,100,1,0.1,0.3,0.5,0.00018,3.50834,3.50788
95,100,1,0.1,0.3,0.5,0.00018,3.81483,3.8154
96,100,1,0.1,0.3,0.5,0.00018,3.34116,3.34143
97,100,1,0.1,0.3,0.5,0.00018,3.5387,3.54
98,100,1,0.1,0.3,0.5,0.00018,3.08732,3.08726
99,100,1,0.1,0.3,0.5,0.00018,3.23755,3.23714
0,100,1,0.1,0.3,0.5,0.00015,3.60204,3.60156
1,100,1,0.1,0.3,0.5,0.00015,3.57028,3.57012
2,100,1,0.1,0.3,0.5,0.00015,4.07078,4.0712
3,100,1,0.1,0.3,0.5,0.00015,3.65168,3.65179
4,100,1,0.1,0.3,0.5,0.00015,3.78575,3.7854
5,100,1,0.1,0.3,0.5,0.00015,3.75671,3.75698
6,100,1,0.1,0.3,0.5,0.00015,3.78379,3.78382
7,100,1,0.1,0.3,0.5,0.00015,3.67472,3.67439
8,100,1,0.1,0.3,0.5,0.00015,3.66221,3.66205
9,100,1,0.1,0.3,0.5,0.00015,3.64304,3.64287
10,100,1,0.1,0.3,0.5,0.00015,3.55412,3.55376
11,100,1,0.1,0.3,0.5,0.00015,3.72991,3.72973
12,100,1,0.1,0.3,0.5,0.00015,3.51332,3.51377
13,100,1,0.1,0.3,0.5,0.00015,4.06127,4.06134
14,100,1,0.1,0.3,0.5,0.00015,3.71778,3.71777
15,100,1,0.1,0.3,0.5,0.00015,3.46007,3.46028
16,100,1,0.1,0.3,0.5,0.00015,4.4237,4.42401
17,100,1,0.1,0.3,0.5,0.00015,3.52884,3.52905
18,100,1,0.1,0.3,0.5,0.00015,3.75538,3.75522
19,100,1,0.1,0.3,0.5,0.00015,3.69976,3.69994
20,100,1,0.1,0.3,0.5,0.00015,3.33389,3.33397
21,100,1,0.1,0.3,0.5,0.00015,3.26626,3.26626
22,100,1,0.1,0.3,0.5,0.00015,3.9098,3.90966
23,100,1,0.1,0.3,0.5,0.00015,4.22355,4.22397
24,100,1,0.1,0.3,0.5,0.00015,4.26143,4.26124
25,100,1,0.1,0.3,0.5,0.00015,4.4074,4.40753
26,100,1,0.1,0.3,0.5,0.00015,3.94239,3.94246
27,100,1,0.1,0.3,0.5,0.00015,3.91748,3.91754
28,100,1,0.1,0.3,0.5,0.00015,3.56964,3.56898
29,100,1,0.1,0.3,0.5,0.00015,3.95816,3.95822
30,100,1,0.1,0.3,0.5,0.00015,3.87355,3.87353
31,100,1,0.1,0.3,0.5,0.00015,3.71606,3.7159
32,100,1,0.1,0.3,0.5,0.00015,3.35102,3.35051
33,100,1,0.1,0.3,0.5,0.00015,4.27323,4.27316
34,100,1,0.1,0.3,0.5,0.00015,3.89862,3.8983
35,100,1,0.1,0.3,0.5,0.00015,3.83931,3.83924
36,100,1,0.1,0.3,0.5,0.00015,3.83217,3.83262
37,100,1,0.1,0.3,0.5,0.00015,3.73294,3.73293
38,100,1,0.1,0.3,0.5,0.00015,4.94986,4.95012
39,100,1,0.1,0.3,0.5,0.00015,3.40962,3.40922
40,100,1,0.1,0.3,0.5,0.00015,3.68469,3.68494
41,100,1,0.1,0.3,0.5,0.00015,3.63559,3.63545
42,100,1,0.1,0.3,0.5,0.00015,4.60582,4.60583
43,100,1,0.1,0.3,0.5,0.00015,3.49814,3.49837
44,100,1,0.1,0.3,0.5,0.00015,3.78136,3.78168
45,100,1,0.1,0.3,0.5,0.00015,4.04436,4.04392
46,100,1,0.1,0.3,0.5,0.00015,3.77825,3.77788
47,100,1,0.1,0.3,0.5,0.00015,3.95634,3.95615
48,100,1,0.1,0.3,0.5,0.00015,4.00508,4.00507
49,100,1,0.1,0.3,0.5,0.00015,3.87978,3.87953
50,100,1,0.1,0.3,0.5,0.00015,3.62352,3.62306
51,100,1,0.1,0.3,0.5,0.00015,4.06777,4.06751
52,100,1,0.1,0.3,0.5,0.00015,3.61686,3.61689
53,100,1,0.1,0.3,0.5,0.00015,4.03033,4.0305
54,100,1,0.1,0.3,0.5,0.00015,3.53342,3.53371
55,100,1,0.1,0.3,0.5,0.00015,3.76941,3.76954
56,100,1,0.1,0.3,0.5,0.00015,3.64267,3.6428
57,100,1,0.1,0.3,0.5,0.00015,4.09516,4.09533
58,100,1,0.1,0.3,0.5,0.00015,4.41275,4.41298
59,100,1,0.1,0.3,0.5,0.00015,3.70504,3.70486
60,100,1,0.1,0.3,0.5,0.00015,3.72824,3.72825
61,100,1,0.1,0.3,0.5,0.00015,3.83741,3.83712
62,100,1,0.1,0.3,0.5,0.00015,3.81013,3.81002
63,100,1,0.1,0.3,0.5,0.00015,4.34963,4.34963
64,100,1,0.1,0.3,0.5,0.00015,3.61796,3.61791
65,100,1,0.1,0.3,0.5,0.00015,3.83522,3.8349
66,100,1,0.1,0.3,0.5,0.00015,3.66688,3.66764
67,100,1,0.1,0.3,0.5,0.00015,3.84824,3.84804
68,100,1,0.1,0.3,0.5,0.00015,3.59188,3.59196
69,100,1,0.1,0.3,0.5,0.00015,3.51196,3.51187
70,100,1,0.1,0.3,0.5,0.00015,3.76998,3.76935
71,100,1,0.1,0.3,0.5,0.00015,3.88086,3.88114
72,100,1,0.1,0.3,0.5,0.00015,3.62397,3.62408
73,100,1,0.1,0.3,0.5,0.00015,3.40566,3.40561
74,100,1,0.1,0.3,0.5,0.00015,3.86508,3.86494
75,100,1,0.1,0.3,0.5,0.00015,3.75783,3.75779
76,100,1,0.1,0.3,0.5,0.00015,4.59286,4.59342
77,100,1,0.1,0.3,0.5,0.00015,4.17097,4.17092
78,100,1,0.1,0.3,0.5,0.00015,3.45221,3.45167
79,100,1,0.1,0.3,0.5,0.00015,4.79847,4.79865
80,100,1,0.1,0.3,0.5,0.00015,3.97418,3.97464
81,100,1,0.1,0.3,0.5,0.00015,3.7734,3.77298
82,100,1,0.1,0.3,0.5,0.00015,4.34256,4.34269
83,100,1,0.1,0.3,0.5,0.00015,3.32069,3.32061
84,100,1,0.1,0.3,0.5,0.00015,3.59635,3.59664
85,100,1,0.1,0.3,0.5,0.00015,3.61985,3.61985
86,100,1,0.1,0.3,0.5,0.00015,3.87994,3.87988
87,100,1,0.1,0.3,0.5,0.00015,4.16343,4.16359
88,100,1,0.1,0.3,0.5,0.00015,3.90051,3.90009
89,100,1,0.1,0.3,0.5,0.00015,3.96501,3.96551
90,100,1,0.1,0.3,0.5,0.00015,3.79184,3.79198
91,100,1,0.1,0.3,0.5,0.00015,3.88777,3.88816
92,100,1,0.1,0.3,0.5,0.00015,4.01134,4.0117
93,100,1,0.1,0.3,0.5,0.00015,3.43215,3.43162
94,100,1,0.1,0.3,0.5,0.00015,3.87733,3.87695
95,100,1,0.1,0.3,0.5,0.00015,4.20207,4.20252
96,100,1,0.1,0.3,0.5,0.00015,3.64879,3.64901
97,100,1,0.1,0.3,0.5,0.00015,3.87591,3.87692
98,100,1,0.1,0.3,0.5,0.00015,3.38088,3.38083
99,100,1,0.1,0.3,0.5,0.00015,3.54614,3.54582
0,100,1,0.1,0.3,0.5,0.00012,3.88038,3.87999
1,100,1,0.1,0.3,0.5,0.00012,3.87891,3.8788
2,100,1,0.1,0.3,0.5,0.00012,4.41439,4.41473
3,100,1,0.1,0.3,0.5,0.00012,3.96751,3.96762
4,100,1,0.1,0.3,0.5,0.00012,4.06866,4.06837
5,100,1,0.1,0.3,0.5,0.00012,4.07533,4.07555
6,100,1,0.1,0.3,0.5,0.00012,4.10128,4.10131
7,100,1,0.1,0.3,0.5,0.00012,3.9985,3.99824
8,100,1,0.1,0.3,0.5,0.00012,3.98073,3.9806
9,100,1,0.1,0.3,0.5,0.00012,4.00671,4.00659
10,100,1,0.1,0.3,0.5,0.00012,3.81783,3.81755
11,100,1,0.1,0.3,0.5,0.00012,4.03716,4.03703
12,100,1,0.1,0.3,0.5,0.00012,3.82104,3.8214
13,100,1,0.1,0.3,0.5,0.00012,4.33054,4.3306
14,100,1,0.1,0.3,0.5,0.00012,4.05213,4.05211
15,100,1,0.1,0.3,0.5,0.00012,3.75032,3.75049
16,100,1,0.1,0.3,0.5,0.00012,4.81639,4.81664
17,100,1,0.1,0.3,0.5,0.00012,3.85361,3.85378
18,100,1,0.1,0.3,0.5,0.00012,4.08351,4.08339
19,100,1,0.1,0.3,0.5,0.00012,4.00519,4.00534
20,100,1,0.1,0.3,0.5,0.00012,3.61251,3.61257
21,100,1,0.1,0.3,0.5,0.00012,3.54769,3.54767
22,100,1,0.1,0.3,0.5,0.00012,4.29286,4.29274
23,100,1,0.1,0.3,0.5,0.00012,4.62602,4.62635
24,100,1,0.1,0.3,0.5,0.00012,4.63311,4.63296
25,100,1,0.1,0.3,0.5,0.00012,4.70092,4.70103
26,100,1,0.1,0.3,0.5,0.00012,4.27839,4.27845
27,100,1,0.1,0.3,0.5,0.00012,4.26358,4.26362
28,100,1,0.1,0.3,0.5,0.00012,3.89972,3.89921
29,100,1,0.1,0.3,0.5,0.00012,4.30458,4.30461
30,100,1,0.1,0.3,0.5,0.00012,4.22622,4.2262
31,100,1,0.1,0.3,0.5,0.00012,4.07986,4.07975
32,100,1,0.1,0.3,0.5,0.00012,3.6715,3.67111
33,100,1,0.1,0.3,0.5,0.00012,4.66649,4.66646
34,100,1,0.1,0.3,0.5,0.00012,4.2335,4.23326
35,100,1,0.1,0.3,0.5,0.00012,4.1726,4.17256
36,100,1,0.1,0.3,0.5,0.00012,4.19981,4.20015
37,100,1,0.1,0.3,0.5,0.00012,4.09924,4.09923
38,100,1,0.1,0.3,0.5,0.00012,5.21753,5.21773
39,100,1,0.1,0.3,0.5,0.00012,3.71052,3.71023
40,100,1,0.1,0.3,0.5,0.00012,4.02363,4.02383
41,100,1,0.1,0.3,0.5,0.00012,3.96155,3.96144
42,100,1,0.1,0.3,0.5,0.00012,4.89054,4.89054
43,100,1,0.1,0.3,0.5,0.00012,3.79108,3.79126
44,100,1,0.1,0.3,0.5,0.00012,4.13828,4.13852
45,100,1,0.1,0.3,0.5,0.00012,4.42859,4.42825
46,100,1,0.1,0.3,0.5,0.00012,4.11503,4.11474
47,100,1,0.1,0.3,0.5,0.00012,4.28628,4.28614
48,100,1,0.1,0.3,0.5,0.00012,4.34192,4.34192
49,100,1,0.1,0.3,0.5,0.00012,4.19594,4.19575
50,100,1,0.1,0.3,0.5,0.00012,3.93867,3.93832
51,100,1,0.1,0.3,0.5,0.00012,4.41407,4.41389
52,100,1,0.1,0.3,0.5,0.00012,3.9064,3.90642
53,100,1,0.1,0.3,0.5,0.00012,4.39263,4.39276
54,100,1,0.1,0.3,0.5,0.00012,3.83046,3.83068
55,100,1,0.1,0.3,0.5,0.00012,4.13825,4.13834
56,100,1,0.1,0.3,0.5,0.00012,3.98898,3.98908
57,100,1,0.1,0.3,0.5,0.00012,4.41101,4.41116
58,100,1,0.1,0.3,0.5,0.00012,4.73378,4.73396
59,100,1,0.1,0.3,0.5,0.00012,4.03958,4.03944
60,100,1,0.1,0.3,0.5,0.00012,4.07477,4.07479
61,100,1,0.1,0.3,0.5,0.00012,4.13784,4.13761
62,100,1,0.1,0.3,0.5,0.00012,4.16311,4.16303
63,100,1,0.1,0.3,0.5,0.00012,4.70896,4.70896
64,100,1,0.1,0.3,0.5,0.00012,3.94141,3.94136
65,100,1,0.1,0.3,0.5,0.00012,4.15479,4.15453
66,100,1,0.1,0.3,0.5,0.00012,3.98825,3.98884
67,100,1,0.1,0.3,0.5,0.00012,4.19481,4.19467
68,100,1,0.1,0.3,0.5,0.00012,3.94909,3.94916
69,100,1,0.1,0.3,0.5,0.00012,3.82076,3.82068
70,100,1,0.1,0.3,0.5,0.00012,4.13549,4.135
71,100,1,0.1,0.3,0.5,0.00012,4.26421,4.26442
72,100,1,0.1,0.3,0.5,0.00012,3.96579,3.96587
73,100,1,0.1,0.3,0.5,0.00012,3.732,3.73195
74,100,1,0.1,0.3,0.5,0.00012,4.22662,4.22651
75,100,1,0.1,0.3,0.5,0.00012,4.07511,4.07509
76,100,1,0.1,0.3,0.5,0.00012,4.97122,4.97166
77,100,1,0.1,0.3,0.5,0.00012,4.53623,4.5362
78,100,1,0.1,0.3,0.5,0.00012,3.73511,3.73471
79,100,1,0.1,0.3,0.5,0.00012,5.12637,5.12651
80,100,1,0.1,0.3,0.5,0.00012,4.31725,4.31761
81,100,1,0.1,0.3,0.5,0.00012,4.11801,4.1177
82,100,1,0.1,0.3,0.5,0.00012,4.65341,4.65351
83,100,1,0.1,0.3,0.5,0.00012,3.64052,3.64046
84,100,1,0.1,0.3,0.5,0.00012,3.94693,3.94716
85,100,1,0.1,0.3,0.5,0.00012,3.95438,3.95438
86,100,1,0.1,0.3,0.5,0.00012,4.18929,4.18923
87,100,1,0.1,0.3,0.5,0.00012,4.5306,4.53073
88,100,1,0.1,0.3,0.5,0.00012,4.24439,4.24407
89,100,1,0.1,0.3,0.5,0.00012,4.25673,4.2571
90,100,1,0.1,0.3,0.5,0.00012,4.12311,4.12322
91,100,1,0.1,0.3,0.5,0.00012,4.22816,4.22846
92,100,1,0.1,0.3,0.5,0.00012,4.34968,4.34995
93,100,1,0.1,0.3,0.5,0.00012,3.72801,3.72758
94,100,1,0.1,0.3,0.5,0.00012,4.25612,4.25582
95,100,1,0.1,0.3,0.5,0.00012,4.58503,4.58538
96,100,1,0.1,0.3,0.5,0.00012,3.96918,3.96936
97,100,1,0.1,0.3,0.5,0.00012,4.23685,4.23763
98,100,1,0.1,0.3,0.5,0.00012,3.69528,3.69524
99,100,1,0.1,0.3,0.5,0.00012,3.86876,3.86851
0,100,1,0.1,0.3,0.5,0.0001,4.17374,4.17342
1,100,1,0.1,0.3,0.5,0.0001,4.19837,4.19829
2,100,1,0.1,0.3,0.5,0.0001,4.76721,4.76748
3,100,1,0.1,0.3,0.5,0.0001,4.30891,4.30899
4,100,1,0.1,0.3,0.5,0.0001,4.36032,4.36009
5,100,1,0.1,0.3,0.5,0.0001,4.39773,4.3979
6,100,1,0.1,0.3,0.5,0.0001,4.42397,4.42399
7,100,1,0.1,0.3,0.5,0.0001,4.33194,4.33174
8,100,1,0.1,0.3,0.5,0.0001,4.30626,4.30616
9,100,1,0.1,0.3,0.5,0.0001,4.38535,4.38525
10,100,1,0.1,0.3,0.5,0.0001,4.09504,4.09483
11,100,1,0.1,0.3,0.5,0.0001,4.35319,4.3531
12,100,1,0.1,0.3,0.5,0.0001,4.13956,4.13984
13,100,1,0.1,0.3,0.5,0.0001,4.58724,4.58729
14,100,1,0.1,0.3,0.5,0.0001,4.39613,4.39611
15,100,1,0.1,0.3,0.5,0.0001,4.05048,4.05062
16,100,1,0.1,0.3,0.5,0.0001,5.20627,5.20647
17,100,1,0.1,0.3,0.5,0.0001,4.19893,4.19907
18,100,1,0.1,0.3,0.5,0.0001,4.42901,4.42892
19,100,1,0.1,0.3,0.5,0.0001,4.32288,4.323
20,100,1,0.1,0.3,0.5,0.0001,3.90386,3.90391
21,100,1,0.1,0.3,0.5,0.0001,3.85127,3.85125
22,100,1,0.1,0.3,0.5,0.0001,4.67685,4.67676
23,100,1,0.1,0.3,0.5,0.0001,5.02527,5.02553
24,100,1,0.1,0.3,0.5,0.0001,5.00288,5.00277
25,100,1,0.1,0.3,0.5,0.0001,5.00088,5.00097
26,100,1,0.1,0.3,0.5,0.0001,4.62133,4.62139
27,100,1,0.1,0.3,0.5,0.0001,4.6131,4.61313
28,100,1,0.1,0.3,0.5,0.0001,4.24461,4.24422
29,100,1,0.1,0.3,0.5,0.0001,4.66681,4.66682
30,100,1,0.1,0.3,0.5,0.0001,4.57589,4.57589
31,100,1,0.1,0.3,0.5,0.0001,4.45629,4.45621
32,100,1,0.1,0.3,0.5,0.0001,4.01097,4.01068
33,100,1,0.1,0.3,0.5,0.0001,5.05923,5.05922
34,100,1,0.1,0.3,0.5,0.0001,4.58333,4.58314
35,100,1,0.1,0.3,0.5,0.0001,4.50822,4.50819
36,100,1,0.1,0.3,0.5,0.0001,4.57645,4.57671
37,100,1,0.1,0.3,0.5,0.0001,4.49242,4.49241
38,100,1,0.1,0.3,0.5,0.0001,5.49634,5.49649
39,100,1,0.1,0.3,0.5,0.0001,4.02345,4.02324
40,100,1,0.1,0.3,0.5,0.0001,4.36928,4.36944
41,100,1,0.1,0.3,0.5,0.0001,4.30162,4.30154
42,100,1,0.1,0.3,0.5,0.0001,5.1657,5.1657
43,100,1,0.1,0.3,0.5,0.0001,4.10077,4.10092
44,100,1,0.1,0.3,0.5,0.0001,4.50428,4.50446
45,100,1,0.1,0.3,0.5,0.0001,4.81021,4.80995
46,100,1,0.1,0.3,0.5,0.0001,4.4664,4.46617
47,100,1,0.1,0.3,0.5,0.0001,4.6123,4.61219
48,100,1,0.1,0.3,0.5,0.0001,4.68978,4.68979
49,100,1,0.1,0.3,0.5,0.0001,4.51158,4.51144
50,100,1,0.1,0.3,0.5,0.0001,4.2571,4.25682
51,100,1,0.1,0.3,0.5,0.0001,4.75965,4.75951
52,100,1,0.1,0.3,0.5,0.0001,4.20379,4.2038
53,100,1,0.1,0.3,0.5,0.0001,4.75573,4.75585
54,100,1,0.1,0.3,0.5,0.0001,4.13521,4.13538
55,100,1,0.1,0.3,0.5,0.0001,4.51185,4.51192
56,100,1,0.1,0.3,0.5,0.0001,4.34406,4.34413
57,100,1,0.1,0.3,0.5,0.0001,4.72572,4.72585
58,100,1,0.1,0.3,0.5,0.0001,5.05318,5.05331
59,100,1,0.1,0.3,0.5,0.0001,4.38379,4.38368
60,100,1,0.1,0.3,0.5,0.0001,4.42744,4.42745
61,100,1,0.1,0.3,0.5,0.0001,4.44802,4.44784
62,100,1,0.1,0.3,0.5,0.0001,4.51933,4.51926
63,100,1,0.1,0.3,0.5,0.0001,5.06752,5.06752
64,100,1,0.1,0.3,0.5,0.0001,4.27988,4.27983
65,100,1,0.1,0.3,0.5,0.0001,4.48234,4.48214
66,100,1,0.1,0.3,0.5,0.0001,4.32184,4.3223
67,100,1,0.1,0.3,0.5,0.0001,4.55356,4.55345
68,100,1,0.1,0.3,0.5,0.0001,4.31658,4.31665
69,100,1,0.1,0.3,0.5,0.0001,4.14478,4.14472
70,100,1,0.1,0.3,0.5,0.0001,4.51546,4.51509
71,100,1,0.1,0.3,0.5,0.0001,4.64736,4.64752
72,100,1,0.1,0.3,0.5,0.0001,4.31226,4.31232
73,100,1,0.1,0.3,0.5,0.0001,4.07676,4.07673
74,100,1,0.1,0.3,0.5,0.0001,4.59339,4.5933
75,100,1,0.1,0.3,0.5,0.0001,4.39847,4.39846
76,100,1,0.1,0.3,0.5,0.0001,5.35122,5.35157
77,100,1,0.1,0.3,0.5,0.0001,4.8997,4.89968
78,100,1,0.1,0.3,0.5,0.0001,4.02991,4.02961
79,100,1,0.1,0.3,0.5,0.0001,5.45154,5.45164
80,100,1,0.1,0.3,0.5,0.0001,4.657,4.65728
81,100,1,0.1,0.3,0.5,0.0001,4.46655,4.46631
82,100,1,0.1,0.3,0.5,0.0001,4.95599,4.95608
83,100,1,0.1,0.3,0.5,0.0001,3.97818,3.97813
84,100,1,0.1,0.3,0.5,0.0001,4.30102,4.3012
85,100,1,0.1,0.3,0.5,0.0001,4.30302,4.30303
86,100,1,0.1,0.3,0.5,0.0001,4.49604,4.496
87,100,1,0.1,0.3,0.5,0.0001,4.90051,4.90062
88,100,1,0.1,0.3,0.5,0.0001,4.58924,4.58899
89,100,1,0.1,0.3,0.5,0.0001,4.55453,4.55481
90,100,1,0.1,0.3,0.5,0.0001,4.47123,4.47132
91,100,1,0.1,0.3,0.5,0.0001,4.57249,4.57271
92,100,1,0.1,0.3,0.5,0.0001,4.69288,4.69309
93,100,1,0.1,0.3,0.5,0.0001,4.03908,4.03875
94,100,1,0.1,0.3,0.5,0.0001,4.64026,4.64001
95,100,1,0.1,0.3,0.5,0.0001,4.9555,4.95578
96,100,1,0.1,0.3,0.5,0.0001,4.30041,4.30056
97,100,1,0.1,0.3,0.5,0.0001,4.61811,4.61871
98,100,1,0.1,0.3,0.5,0.0001,4.0275,4.02747
99,100,1,0.1,0.3,0.5,0.0001,4.20251,4.20231
0,1000,1,0.1,0.3,0.5,1.0,0.74613,0.00181
1,1000,1,0.1,0.3,0.5,1.0,0.74625,0.00169
2,1000,1,0.1,0.3,0.5,1.0,0.7462,0.00174
3,1000,1,0.1,0.3,0.5,1.0,0.7462,0.00175
4,1000,1,0.1,0.3,0.5,1.0,0.74621,0.00173
5,1000,1,0.1,0.3,0.5,1.0,0.74624,0.00171
6,1000,1,0.1,0.3,0.5,1.0,0.74625,0.00168
7,1000,1,0.1,0.3,0.5,1.0,0.74615,0.00179
8,1000,1,0.1,0.3,0.5,1.0,0.74623,0.00171
9,1000,1,0.1,0.3,0.5,1.0,0.74623,0.00171
10,1000,1,0.1,0.3,0.5,1.0,0.74614,0.0018
11,1000,1,0.1,0.3,0.5,1.0,0.74617,0.00177
12,1000,1,0.1,0.3,0.5,1.0,0.74627,0.00166
13,1000,1,0.1,0.3,0.5,1.0,0.74621,0.00173
14,1000,1,0.1,0.3,0.5,1.0,0.74615,0.00179
15,1000,1,0.1,0.3,0.5,1.0,0.74619,0.00175
16,1000,1,0.1,0.3,0.5,1.0,0.74611,0.00185
17,1000,1,0.1,0.3,0.5,1.0,0.74622,0.00171
18,1000,1,0.1,0.3,0.5,1.0,0.74625,0.00168
19,1000,1,0.1,0.3,0.5,1.0,0.74627,0.00166
20,1000,1,0.1,0.3,0.5,1.0,0.74621,0.00172
21,1000,1,0.1,0.3,0.5,1.0,0.74627,0.00167
22,1000,1,0.1,0.3,0.5,1.0,0.7462,0.00174
23,1000,1,0.1,0.3,0.5,1.0,0.74619,0.00175
24,1000,1,0.1,0.3,0.5,1.0,0.74624,0.0017
25,1000,1,0.1,0.3,0.5,1.0,0.74627,0.00166
26,1000,1,0.1,0.3,0.5,1.0,0.74615,0.00179
27,1000,1,0.1,0.3,0.5,1.0,0.74621,0.00173
28,1000,1,0.1,0.3,0.5,1.0,0.74622,0.00172
29,1000,1,0.1,0.3,0.5,1.0,0.74629,0.00164
30,1000,1,0.1,0.3,0.5,1.0,0.74623,0.00171
31,1000,1,0.1,0.3,0.5,1.0,0.74628,0.00165
32,1000,1,0.1,0.3,0.5,1.0,0.74623,0.0017
33,1000,1,0.1,0.3,0.5,1.0,0.74629,0.00164
34,1000,1,0.1,0.3,0.5,1.0,0.74622,0.00172
35,1000,1,0.1,0.3,0.5,1.0,0.74628,0.00165
36,1000,1,0.1,0.3,0.5,1.0,0.74629,0.00164
37,1000,1,0.1,0.3,0.5,1.0,0.74625,0.00168
38,1000,1,0.1,0.3,0.5,1.0,0.74617,0.00177
39,1000,1,0.1,0.3,0.5,1.0,0.74622,0.00172
40,1000,1,0.1,0.3,0.5,1.0,0.7462,0.00174
41,1000,1,0.1,0.3,0.5,1.0,0.7462,0.00174
42,1000,1,0.1,0.3,0.5,1.0,0.74624,0.00171
43,1000,1,0.1,0.3,0.5,1.0,0.7462,0.00174
44,1000,1,0.1,0.3,0.5,1.0,0.74616,0.00179
45,1000,1,0.1,0.3,0.5,1.0,0.74616,0.00177
46,1000,1,0.1,0.3,0.5,1.0,0.74618,0.00177
47,1000,1,0.1,0.3,0.5,1.0,0.74622,0.00171
48,1000,1,0.1,0.3,0.5,1.0,0.74621,0.00172
49,1000,1,0.1,0.3,0.5,1.0,0.74629,0.00164
50,1000,1,0.1,0.3,0.5,1.0,0.74618,0.00176
51,1000,1,0.1,0.3,0.5,1.0,0.74626,0.00167
52,1000,1,0.1,0.3,0.5,1.0,0.74628,0.00165
53,1000,1,0.1,0.3,0.5,1.0,0.74615,0.00179
54,1000,1,0.1,0.3,0.5,1.0,0.74624,0.00169
55,1000,1,0.1,0.3,0.5,1.0,0.74625,0.00169
56,1000,1,0.1,0.3,0.5,1.0,0.74626,0.00167
57,1000,1,0.1,0.3,0.5,1.0,0.74627,0.00166
58,1000,1,0.1,0.3,0.5,1.0,0.74612,0.00182
59,1000,1,0.1,0.3,0.5,1.0,0.74621,0.00172
60,1000,1,0.1,0.3,0.5,1.0,0.74615,0.00179
61,1000,1,0.1,0.3,0.5,1.0,0.74624,0.00171
62,1000,1,0.1,0.3,0.5,1.0,0.74625,0.00168
63,1000,1,0.1,0.3,0.5,1.0,0.74626,0.00167
64,1000,1,0.1,0.3,0.5,1.0,0.74622,0.00172
65,1000,1,0.1,0.3,0.5,1.0,0.74624,0.00169
66,1000,1,0.1,0.3,0.5,1.0,0.74622,0.00171
67,1000,1,0.1,0.3,0.5,1.0,0.74618,0.00175
68,1000,1,0.1,0.3,0.5,1.0,0.74625,0.00168
69,1000,1,0.1,0.3,0.5,1.0,0.74624,0.00169
70,1000,1,0.1,0.3,0.5,1.0,0.74621,0.00173
71,1000,1,0.1,0.3,0.5,1.0,0.74625,0.00168
72,1000,1,0.1,0.3,0.5,1.0,0.74622,0.00172
73,1000,1,0.1,0.3,0.5,1.0,0.74629,0.00163
74,1000,1,0.1,0.3,0.5,1.0,0.74627,0.00166
75,1000,1,0.1,0.3,0.5,1.0,0.74615,0.00179
76,1000,1,0.1,0.3,0.5,1.0,0.74618,0.00175
77,1000,1,0.1,0.3,0.5,1.0,0.74627,0.00167
78,1000,1,0.1,0.3,0.5,1.0,0.74623,0.0017
79,1000,1,0.1,0.3,0.5,1.0,0.74617,0.00177
80,1000,1,0.1,0.3,0.5,1.0,0.74625,0.00168
81,1000,1,0.1,0.3,0.5,1.0,0.74635,0.00158
82,1000,1,0.1,0.3,0.5,1.0,0.74629,0.00164
83,1000,1,0.1,0.3,0.5,1.0,0.74623,0.0017
84,1000,1,0.1,0.3,0.5,1.0,0.74622,0.00171
85,1000,1,0.1,0.3,0.5,1.0,0.7462,0.00174
86,1000,1,0.1,0.3,0.5,1.0,0.74628,0.00165
87,1000,1,0.1,0.3,0.5,1.0,0.7462,0.00173
88,1000,1,0.1,0.3,0.5,1.0,0.74618,0.00176
89,1000,1,0.1,0.3,0.5,1.0,0.74617,0.00176
90,1000,1,0.1,0.3,0.5,1.0,0.74617,0.00177
91,1000,1,0.1,0.3,0.5,1.0,0.74621,0.00173
92,1000,1,0.1,0.3,0.5,1.0,0.74622,0.00173
93,1000,1,0.1,0.3,0.5,1.0,0.74626,0.00167
94,1000,1,0.1,0.3,0.5,1.0,0.7463,0.00163
95,1000,1,0.1,0.3,0.5,1.0,0.74627,0.00167
96,1000,1,0.1,0.3,0.5,1.0,0.74622,0.00171
97,1000,1,0.1,0.3,0.5,1.0,0.74625,0.00169
98,1000,1,0.1,0.3,0.5,1.0,0.74627,0.00167
99,1000,1,0.1,0.3,0.5,1.0,0.74627,0.00166
0,1000,1,0.1,0.3,0.5,0.82864,0.7454,0.00262
1,1000,1,0.1,0.3,0.5,0.82864,0.74557,0.00244
2,1000,1,0.1,0.3,0.5,0.82864,0.74549,0.00251
3,1000,1,0.1,0.3,0.5,0.82864,0.74549,0.00253
4,1000,1,0.1,0.3,0.5,0.82864,0.7455,0.00251
5,1000,1,0.1,0.3,0.5,0.82864,0.74555,0.00247
6,1000,1,0.1,0.3,0.5,0.82864,0.74556,0.00243
7,1000,1,0.1,0.3,0.5,0.82864,0.74542,0.0026
8,1000,1,0.1,0.3,0.5,0.82864,0.74553,0.00247
9,1000,1,0.1,0.3,0.5,0.82864,0.74553,0.00247
10,1000,1,0.1,0.3,0.5,0.82864,0.74541,0.0026
11,1000,1,0.1,0.3,0.5,0.82864,0.74545,0.00256
12,1000,1,0.1,0.3,0.5,0.82864,0.74559,0.0024
13,1000,1,0.1,0.3,0.5,0.82864,0.7455,0.0025
14,1000,1,0.1,0.3,0.5,0.82864,0.74543,0.00259
15,1000,1,0.1,0.3,0.5,0.82864,0.74547,0.00253
16,1000,1,0.1,0.3,0.5,0.82864,0.74536,0.00267
17,1000,1,0.1,0.3,0.5,0.82864,0.74553,0.00248
18,1000,1,0.1,0.3,0.5,0.82864,0.74556,0.00244
19,1000,1,0.1,0.3,0.5,0.82864,0.74559,0.0024
20,1000,1,0.1,0.3,0.5,0.82864,0.74551,0.00249
21,1000,1,0.1,0.3,0.5,0.82864,0.74559,0.00242
22,1000,1,0.1,0.3,0.5,0.82864,0.7455,0.00251
23,1000,1,0.1,0.3,0.5,0.82864,0.74548,0.00253
24,1000,1,0.1,0.3,0.5,0.82864,0.74555,0.00246
25,1000,1,0.1,0.3,0.5,0.82864,0.74559,0.0024
26,1000,1,0.1,0.3,0.5,0.82864,0.74542,0.00259
27,1000,1,0.1,0.3,0.5,0.82864,0.7455,0.0025
28,1000,1,0.1,0.3,0.5,0.82864,0.74552,0.00248
29,1000,1,0.1,0.3,0.5,0.82864,0.74563,0.00237
30,1000,1,0.1,0.3,0.5,0.82864,0.74553,0.00247
31,1000,1,0.1,0.3,0.5,0.82864,0.74561,0.00239
32,1000,1,0.1,0.3,0.5,0.82864,0.74553,0.00247
33,1000,1,0.1,0.3,0.5,0.82864,0.74563,0.00237
34,1000,1,0.1,0.3,0.5,0.82864,0.74552,0.00249
35,1000,1,0.1,0.3,0.5,0.82864,0.74561,0.00239
36,1000,1,0.1,0.3,0.5,0.82864,0.74562,0.00237
37,1000,1,0.1,0.3,0.5,0.82864,0.74556,0.00243
38,1000,1,0.1,0.3,0.5,0.82864,0.74546,0.00256
39,1000,1,0.1,0.3,0.5,0.82864,0.74552,0.00249
40,1000,1,0.1,0.3,0.5,0.82864,0.74549,0.00252
41,1000,1,0.1,0.3,0.5,0.82864,0.74549,0.00251
42,1000,1,0.1,0.3,0.5,0.82864,0.74555,0.00247
43,1000,1,0.1,0.3,0.5,0.82864,0.7455,0.00252
44,1000,1,0.1,0.3,0.5,0.82864,0.74544,0.00259
45,1000,1,0.1,0.3,0.5,0.82864,0.74544,0.00256
46,1000,1,0.1,0.3,0.5,0.82864,0.74546,0.00256
47,1000,1,0.1,0.3,0.5,0.82864,0.74553,0.00247
48,1000,1,0.1,0.3,0.5,0.82864,0.74551,0.00249
49,1000,1,0.1,0.3,0.5,0.82864,0.74562,0.00237
50,1000,1,0.1,0.3,0.5,0.82864,0.74546,0.00254
51,1000,1,0.1,0.3,0.5,0.82864,0.74558,0.00242
52,1000,1,0.1,0.3,0.5,0.82864,0.74561,0.00239
53,1000,1,0.1,0.3,0.5,0.82864,0.74542,0.00259
54,1000,1,0.1,0.3,0.5,0.82864,0.74555,0.00245
55,1000,1,0.1,0.3,0.5,0.82864,0.74557,0.00244
56,1000,1,0.1,0.3,0.5,0.82864,0.74558,0.00242
57,1000,1,0.1,0.3,0.5,0.82864,0.7456,0.0024
58,1000,1,0.1,0.3,0.5,0.82864,0.74538,0.00264
59,1000,1,0.1,0.3,0.5,0.82864,0.74551,0.00249
60,1000,1,0.1,0.3,0.5,0.82864,0.74542,0.00259
61,1000,1,0.1,0.3,0.5,0.82864,0.74555,0.00247
62,1000,1,0.1,0.3,0.5,0.82864,0.74557,0.00243
63,1000,1,0.1,0.3,0.5,0.82864,0.74558,0.00242
64,1000,1,0.1,0.3,0.5,0.82864,0.74552,0.00249
65,1000,1,0.1,0.3,0.5,0.82864,0.74555,0.00245
66,1000,1,0.1,0.3,0.5,0.82864,0.74553,0.00248
67,1000,1,0.1,0.3,0.5,0.82864,0.74546,0.00254
68,1000,1,0.1,0.3,0.5,0.82864,0.74556,0.00243
69,1000,1,0.1,0.3,0.5,0.82864,0.74555,0.00245
70,1000,1,0.1,0.3,0.5,0.82864,0.74551,0.0025
71,1000,1,0.1,0.3,0.5,0.82864,0.74557,0.00243
72,1000,1,0.1,0.3,0.5,0.82864,0.74552,0.00248
73,1000,1,0.1,0.3,0.5,0.82864,0.74563,0.00236
74,1000,1,0.1,0.3,0.5,0.82864,0.7456,0.0024
75,1000,1,0.1,0.3,0.5,0.82864,0.74543,0.00259
76,1000,1,0.1,0.3,0.5,0.82864,0.74547,0.00254
77,1000,1,0.1,0.3,0.5,0.82864,0.74559,0.00241
78,1000,1,0.1,0.3,0.5,0.82864,0.74553,0.00246
79,1000,1,0.1,0.3,0.5,0.82864,0.74545,0.00256
80,1000,1,0.1,0.3,0.5,0.82864,0.74556,0.00244
81,1000,1,0.1,0.3,0.5,0.82864,0.7457,0.00228
82,1000,1,0.1,0.3,0.5,0.82864,0.74562,0.00237
83,1000,1,0.1,0.3,0.5,0.82864,0.74554,0.00247
84,1000,1,0.1,0.3,0.5,0.82864,0.74553,0.00247
85,1000,1,0.1,0.3,0.5,0.82864,0.7455,0.00251
86,1000,1,0.1,0.3,0.5,0.82864,0.74561,0.00239
87,1000,1,0.1,0.3,0.5,0.82864,0.74549,0.00251
88,1000,1,0.1,0.3,0.5,0.82864,0.74547,0.00254
89,1000,1,0.1,0.3,0.5,0.82864,0.74545,0.00255
90,1000,1,0.1,0.3,0.5,0.82864,0.74545,0.00256
91,1000,1,0.1,0.3,0.5,0.82864,0.7455,0.0025
92,1000,1,0.1,0.3,0.5,0.82864,0.74552,0.0025
93,1000,1,0.1,0.3,0.5,0.82864,0.74558,0.00242
94,1000,1,0.1,0.3,0.5,0.82864,0.74564,0.00235
95,1000,1,0.1,0.3,0.5,0.82864,0.74559,0.00241
96,1000,1,0.1,0.3,0.5,0.82864,0.74553,0.00248
97,1000,1,0.1,0.3,0.5,0.82864,0.74557,0.00245
98,1000,1,0.1,0.3,0.5,0.82864,0.74559,0.00241
99,1000,1,0.1,0.3,0.5,0.82864,0.7456,0.00241
0,1000,1,0.1,0.3,0.5,0.68665,0.74434,0.00378
1,1000,1,0.1,0.3,0.5,0.68665,0.74459,0.00352
2,1000,1,0.1,0.3,0.5,0.68665,0.74448,0.00362
3,1000,1,0.1,0.3,0.5,0.68665,0.74447,0.00365
4,1000,1,0.1,0.3,0.5,0.68665,0.74449,0.00362
5,1000,1,0.1,0.3,0.5,0.68665,0.74456,0.00357
6,1000,1,0.1,0.3,0.5,0.68665,0.74458,0.00351
7,1000,1,0.1,0.3,0.5,0.68665,0.74437,0.00375
8,1000,1,0.1,0.3,0.5,0.68665,0.74454,0.00356
9,1000,1,0.1,0.3,0.5,0.68665,0.74453,0.00357
10,1000,1,0.1,0.3,0.5,0.68665,0.74436,0.00376
11,1000,1,0.1,0.3,0.5,0.68665,0.74442,0.00369
12,1000,1,0.1,0.3,0.5,0.68665,0.74462,0.00347
13,1000,1,0.1,0.3,0.5,0.68665,0.74449,0.0036
14,1000,1,0.1,0.3,0.5,0.68665,0.74438,0.00374
15,1000,1,0.1,0.3,0.5,0.68665,0.74445,0.00366
16,1000,1,0.1,0.3,0.5,0.68665,0.74428,0.00385
17,1000,1,0.1,0.3,0.5,0.68665,0.74453,0.00357
18,1000,1,0.1,0.3,0.5,0.68665,0.74458,0.00352
19,1000,1,0.1,0.3,0.5,0.68665,0.74462,0.00347
20,1000,1,0.1,0.3,0.5,0.68665,0.7445,0.0036
21,1000,1,0.1,0.3,0.5,0.68665,0.74461,0.00349
22,1000,1,0.1,0.3,0.5,0.68665,0.74448,0.00362
23,1000,1,0.1,0.3,0.5,0.68665,0.74446,0.00365
24,1000,1,0.1,0.3,0.5,0.68665,0.74456,0.00355
25,1000,1,0.1,0.3,0.5,0.68665,0.74462,0.00347
26,1000,1,0.1,0.3,0.5,0.68665,0.74438,0.00374
27,1000,1,0.1,0.3,0.5,0.68665,0.74449,0.00361
28,1000,1,0.1,0.3,0.5,0.68665,0.74452,0.00358
29,1000,1,0.1,0.3,0.5,0.68665,0.74467,0.00342
30,1000,1,0.1,0.3,0.5,0.68665,0.74453,0.00356
31,1000,1,0.1,0.3,0.5,0.68665,0.74464,0.00344
32,1000,1,0.1,0.3,0.5,0.68665,0.74453,0.00356
33,1000,1,0.1,0.3,0.5,0.68665,0.74467,0.00342
34,1000,1,0.1,0.3,0.5,0.68665,0.74452,0.00359
35,1000,1,0.1,0.3,0.5,0.68665,0.74465,0.00345
36,1000,1,0.1,0.3,0.5,0.68665,0.74466,0.00343
37,1000,1,0.1,0.3,0.5,0.68665,0.74458,0.00351
38,1000,1,0.1,0.3,0.5,0.68665,0.74442,0.00369
39,1000,1,0.1,0.3,0.5,0.68665,0.74451,0.00359
40,1000,1,0.1,0.3,0.5,0.68665,0.74447,0.00363
41,1000,1,0.1,0.3,0.5,0.68665,0.74447,0.00363
42,1000,1,0.1,0.3,0.5,0.68665,0.74455,0.00356
43,1000,1,0.1,0.3,0.5,0.68665,0.74448,0.00363
44,1000,1,0.1,0.3,0.5,0.68665,0.7444,0.00373
45,1000,1,0.1,0.3,0.5,0.68665,0.7444,0.0037
46,1000,1,0.1,0.3,0.5,0.68665,0.74443,0.00369
47,1000,1,0.1,0.3,0.5,0.68665,0.74453,0.00357
48,1000,1,0.1,0.3,0.5,0.68665,0.7445,0.0036
49,1000,1,0.1,0.3,0.5,0.68665,0.74467,0.00342
50,1000,1,0.1,0.3,0.5,0.68665,0.74444,0.00367
51,1000,1,0.1,0.3,0.5,0.68665,0.7446,0.00349
52,1000,1,0.1,0.3,0.5,0.68665,0.74464,0.00345
53,1000,1,0.1,0.3,0.5,0.68665,0.74437,0.00374
54,1000,1,0.1,0.3,0.5,0.68665,0.74456,0.00353
55,1000,1,0.1,0.3,0.5,0.68665,0.74459,0.00352
56,1000,1,0.1,0.3,0.5,0.68665,0.7446,0.00349
57,1000,1,0.1,0.3,0.5,0.68665,0.74463,0.00347
58,1000,1,0.1,0.3,0.5,0.68665,0.74432,0.0038
59,1000,1,0.1,0.3,0.5,0.68665,0.7445,0.00359
60,1000,1,0.1,0.3,0.5,0.68665,0.74437,0.00374
61,1000,1,0.1,0.3,0.5,0.68665,0.74455,0.00356
62,1000,1,0.1,0.3,0.5,0.68665,0.74459,0.0035
63,1000,1,0.1,0.3,0.5,0.68665,0.74461,0.00349
64,1000,1,0.1,0.3,0.5,0.68665,0.74451,0.00359
65,1000,1,0.1,0.3,0.5,0.68665,0.74456,0.00353
66,1000,1,0.1,0.3,0.5,0.68665,0.74453,0.00357
67,1000,1,0.1,0.3,0.5,0.68665,0.74444,0.00366
68,1000,1,0.1,0.3,0.5,0.68665,0.74458,0.00351
69,1000,1,0.1,0.3,0.5,0.68665,0.74456,0.00353
70,1000,1,0.1,0.3,0.5,0.68665,0.7445,0.0036
71,1000,1,0.1,0.3,0.5,0.68665,0.74459,0.00351
72,1000,1,0.1,0.3,0.5,0.68665,0.74452,0.00358
73,1000,1,0.1,0.3,0.5,0.68665,0.74467,0.00341
74,1000,1,0.1,0.3,0.5,0.68665,0.74463,0.00346
75,1000,1,0.1,0.3,0.5,0.68665,0.74438,0.00374
76,1000,1,0.1,0.3,0.5,0.68665,0.74444,0.00366
77,1000,1,0.1,0.3,0.5,0.68665,0.74462,0.00348
78,1000,1,0.1,0.3,0.5,0.68665,0.74454,0.00356
79,1000,1,0.1,0.3,0.5,0.68665,0.74442,0.00369
80,1000,1,0.1,0.3,0.5,0.68665,0.74458,0.00351
81,1000,1,0.1,0.3,0.5,0.68665,0.74478,0.00329
82,1000,1,0.1,0.3,0.5,0.68665,0.74466,0.00342
83,1000,1,0.1,0.3,0.5,0.68665,0.74454,0.00356
84,1000,1,0.1,0.3,0.5,0.68665,0.74453,0.00356
85,1000,1,0.1,0.3,0.5,0.68665,0.74448,0.00362
86,1000,1,0.1,0.3,0.5,0.68665,0.74464,0.00345
87,1000,1,0.1,0.3,0.5,0.68665,0.74448,0.00362
88,1000,1,0.1,0.3,0.5,0.68665,0.74444,0.00367
89,1000,1,0.1,0.3,0.5,0.68665,0.74442,0.00368
90,1000,1,0.1,0.3,0.5,0.68665,0.74442,0.00369
91,1000,1,0.1,0.3,0.5,0.68665,0.74449,0.00361
92,1000,1,0.1,0.3,0.5,0.68665,0.74452,0.0036
93,1000,1,0.1,0.3,0.5,0.68665,0.7446,0.00348
94,1000,1,0.1,0.3,0.5,0.68665,0.74469,0.00339
95,1000,1,0.1,0.3,0.5,0.68665,0.74462,0.00348
96,1000,1,0.1,0.3,0.5,0.68665,0.74453,0.00357
97,1000,1,0.1,0.3,0.5,0.68665,0.74458,0.00353
98,1000,1,0.1,0.3,0.5,0.68665,0.74462,0.00348
99,1000,1,0.1,0.3,0.5,0.68665,0.74463,0.00347
0,1000,1,0.1,0.3,0.5,0.56899,0.74283,0.00543
1,1000,1,0.1,0.3,0.5,0.56899,0.74319,0.00506
2,1000,1,0.1,0.3,0.5,0.56899,0.74302,0.00521
3,1000,1,0.1,0.3,0.5,0.56899,0.74302,0.00525
4,1000,1,0.1,0.3,0.5,0.56899,0.74304,0.0052
5,1000,1,0.1,0.3,0.5,0.56899,0.74314,0.00513
6,1000,1,0.1,0.3,0.5,0.56899,0.74316,0.00505
7,1000,1,0.1,0.3,0.5,0.56899,0.74287,0.00539
8,1000,1,0.1,0.3,0.5,0.56899,0.74311,0.00512
9,1000,1,0.1,0.3,0.5,0.56899,0.7431,0.00513
10,1000,1,0.1,0.3,0.5,0.56899,0.74285,0.00541
11,1000,1,0.1,0.3,0.5,0.56899,0.74294,0.00531
12,1000,1,0.1,0.3,0.5,0.56899,0.74323,0.00499
13,1000,1,0.1,0.3,0.5,0.56899,0.74304,0.00518
14,1000,1,0.1,0.3,0.5,0.56899,0.74288,0.00538
15,1000,1,0.1,0.3,0.5,0.56899,0.74298,0.00526
16,1000,1,0.1,0.3,0.5,0.56899,0.74274,0.00554
17,1000,1,0.1,0.3,0.5,0.56899,0.74309,0.00514
18,1000,1,0.1,0.3,0.5,0.56899,0.74317,0.00506
19,1000,1,0.1,0.3,0.5,0.56899,0.74323,0.00499
20,1000,1,0.1,0.3,0.5,0.56899,0.74306,0.00517
21,1000,1,0.1,0.3,0.5,0.56899,0.74322,0.00502
22,1000,1,0.1,0.3,0.5,0.56899,0.74303,0.00521
23,1000,1,0.1,0.3,0.5,0.56899,0.74299,0.00524
24,1000,1,0.1,0.3,0.5,0.56899,0.74315,0.0051
25,1000,1,0.1,0.3,0.5,0.56899,0.74323,0.00499
26,1000,1,0.1,0.3,0.5,0.56899,0.74288,0.00538
27,1000,1,0.1,0.3,0.5,0.56899,0.74304,0.00519
28,1000,1,0.1,0.3,0.5,0.56899,0.74308,0.00515
29,1000,1,0.1,0.3,0.5,0.56899,0.7433,0.00492
30,1000,1,0.1,0.3,0.5,0.56899,0.7431,0.00512
31,1000,1,0.1,0.3,0.5,0.56899,0.74326,0.00495
32,1000,1,0.1,0.3,0.5,0.56899,0.7431,0.00512
33,1000,1,0.1,0.3,0.5,0.56899,0.7433,0.00492
34,1000,1,0.1,0.3,0.5,0.56899,0.74308,0.00516
35,1000,1,0.1,0.3,0.5,0.56899,0.74327,0.00496
36,1000,1,0.1,0.3,0.5,0.56899,0.74328,0.00493
37,1000,1,0.1,0.3,0.5,0.56899,0.74317,0.00505
38,1000,1,0.1,0.3,0.5,0.56899,0.74295,0.00531
39,1000,1,0.1,0.3,0.5,0.56899,0.74307,0.00517
40,1000,1,0.1,0.3,0.5,0.56899,0.74301,0.00522
41,1000,1,0.1,0.3,0.5,0.56899,0.74301,0.00521
42,1000,1,0.1,0.3,0.5,0.56899,0.74313,0.00512
43,1000,1,0.1,0.3,0.5,0.56899,0.74303,0.00522
44,1000,1,0.1,0.3,0.5,0.56899,0.74291,0.00537
45,1000,1,0.1,0.3,0.5,0.56899,0.74291,0.00532
46,1000,1,0.1,0.3,0.5,0.56899,0.74295,0.00531
47,1000,1,0.1,0.3,0.5,0.56899,0.74309,0.00514
48,1000,1,0.1,0.3,0.5,0.56899,0.74306,0.00517
49,1000,1,0.1,0.3,0.5,0.56899,0.7433,0.00492
50,1000,1,0.1,0.3,0.5,0.56899,0.74296,0.00528
51,1000,1,0.1,0.3,0.5,0.56899,0.7432,0.00502
52,1000,1,0.1,0.3,0.5,0.56899,0.74326,0.00496
53,1000,1,0.1,0.3,0.5,0.56899,0.74287,0.00538
54,1000,1,0.1,0.3,0.5,0.56899,0.74314,0.00508
55,1000,1,0.1,0.3,0.5,0.56899,0.74318,0.00506
56,1000,1,0.1,0.3,0.5,0.56899,0.7432,0.00502
57,1000,1,0.1,0.3,0.5,0.56899,0.74324,0.00499
58,1000,1,0.1,0.3,0.5,0.56899,0.74279,0.00547
59,1000,1,0.1,0.3,0.5,0.56899,0.74306,0.00517
60,1000,1,0.1,0.3,0.5,0.56899,0.74287,0.00539
61,1000,1,0.1,0.3,0.5,0.56899,0.74313,0.00512
62,1000,1,0.1,0.3,0.5,0.56899,0.74318,0.00504
63,1000,1,0.1,0.3,0.5,0.56899,0.74321,0.00502
64,1000,1,0.1,0.3,0.5,0.56899,0.74307,0.00517
65,1000,1,0.1,0.3,0.5,0.56899,0.74314,0.00508
66,1000,1,0.1,0.3,0.5,0.56899,0.74309,0.00514
67,1000,1,0.1,0.3,0.5,0.56899,0.74296,0.00526
68,1000,1,0.1,0.3,0.5,0.56899,0.74317,0.00504
69,1000,1,0.1,0.3,0.5,0.56899,0.74314,0.00508
70,1000,1,0.1,0.3,0.5,0.56899,0.74305,0.00519
71,1000,1,0.1,0.3,0.5,0.56899,0.74318,0.00505
72,1000,1,0.1,0.3,0.5,0.56899,0.74308,0.00515
73,1000,1,0.1,0.3,0.5,0.56899,0.7433,0.0049
74,1000,1,0.1,0.3,0.5,0.56899,0.74324,0.00498
75,1000,1,0.1,0.3,0.5,0.56899,0.74288,0.00538
76,1000,1,0.1,0.3,0.5,0.56899,0.74297,0.00527
77,1000,1,0.1,0.3,0.5,0.56899,0.74323,0.00501
78,1000,1,0.1,0.3,0.5,0.56899,0.74311,0.00511
79,1000,1,0.1,0.3,0.5,0.56899,0.74294,0.00532
80,1000,1,0.1,0.3,0.5,0.56899,0.74317,0.00505
81,1000,1,0.1,0.3,0.5,0.56899,0.74346,0.00474
82,1000,1,0.1,0.3,0.5,0.56899,0.74328,0.00492
83,1000,1,0.1,0.3,0.5,0.56899,0.74311,0.00512
84,1000,1,0.1,0.3,0.5,0.56899,0.74309,0.00513
85,1000,1,0.1,0.3,0.5,0.56899,0.74303,0.00521
86,1000,1,0.1,0.3,0.5,0.56899,0.74326,0.00497
87,1000,1,0.1,0.3,0.5,0.56899,0.74302,0.00521
88,1000,1,0.1,0.3,0.5,0.56899,0.74297,0.00528
89,1000,1,0.1,0.3,0.5,0.56899,0.74294,0.00529
90,1000,1,0.1,0.3,0.5,0.56899,0.74294,0.00531
91,1000,1,0.1,0.3,0.5,0.56899,0.74304,0.0052
92,1000,1,0.1,0.3,0.5,0.56899,0.74308,0.00518
93,1000,1,0.1,0.3,0.5,0.56899,0.74321,0.00501
94,1000,1,0.1,0.3,0.5,0.56899,0.74333,0.00488
95,1000,1,0.1,0.3,0.5,0.56899,0.74323,0.005
96,1000,1,0.1,0.3,0.5,0.56899,0.74309,0.00514
97,1000,1,0.1,0.3,0.5,0.56899,0.74317,0.00508
98,1000,1,0.1,0.3,0.5,0.56899,0.74322,0.005
99,1000,1,0.1,0.3,0.5,0.56899,0.74324,0.005
0,1000,1,0.1,0.3,0.5,0.47149,0.74066,0.00776
1,1000,1,0.1,0.3,0.5,0.47149,0.74119,0.00722
2,1000,1,0.1,0.3,0.5,0.47149,0.74094,0.00744
3,1000,1,0.1,0.3,0.5,0.47149,0.74094,0.0075
4,1000,1,0.1,0.3,0.5,0.47149,0.74097,0.00743
5,1000,1,0.1,0.3,0.5,0.47149,0.74112,0.00732
6,1000,1,0.1,0.3,0.5,0.47149,0.74115,0.00721
7,1000,1,0.1,0.3,0.5,0.47149,0.74073,0.00769
8,1000,1,0.1,0.3,0.5,0.47149,0.74107,0.00731
9,1000,1,0.1,0.3,0.5,0.47149,0.74106,0.00732
10,1000,1,0.1,0.3,0.5,0.47149,0.7407,0.00772
11,1000,1,0.1,0.3,0.5,0.47149,0.74083,0.00759
12,1000,1,0.1,0.3,0.5,0.47149,0.74124,0.00712
13,1000,1,0.1,0.3,0.5,0.47149,0.74097,0.0074
14,1000,1,0.1,0.3,0.5,0.47149,0.74075,0.00768
15,1000,1,0.1,0.3,0.5,0.47149,0.74089,0.00751
16,1000,1,0.1,0.3,0.5,0.47149,0.74054,0.00791
17,1000,1,0.1,0.3,0.5,0.47149,0.74105,0.00734
18,1000,1,0.1,0.3,0.5,0.47149,0.74115,0.00722
19,1000,1,0.1,0.3,0.5,0.47149,0.74124,0.00712
20,1000,1,0.1,0.3,0.5,0.47149,0.741,0.00738
21,1000,1,0.1,0.3,0.5,0.47149,0.74123,0.00717
22,1000,1,0.1,0.3,0.5,0.47149,0.74095,0.00744
23,1000,1,0.1,0.3,0.5,0.47149,0.7409,0.00749
24,1000,1,0.1,0.3,0.5,0.47149,0.74113,0.00728
25,1000,1,0.1,0.3,0.5,0.47149,0.74125,0.00712
26,1000,1,0.1,0.3,0.5,0.47149,0.74074,0.00768
27,1000,1,0.1,0.3,0.5,0.47149,0.74097,0.00741
28,1000,1,0.1,0.3,0.5,0.47149,0.74103,0.00736
29,1000,1,0.1,0.3,0.5,0.47149,0.74134,0.00702
30,1000,1,0.1,0.3,0.5,0.47149,0.74106,0.00731
31,1000,1,0.1,0.3,0.5,0.47149,0.74129,0.00707
32,1000,1,0.1,0.3,0.5,0.47149,0.74106,0.0073
33,1000,1,0.1,0.3,0.5,0.47149,0.74134,0.00702
34,1000,1,0.1,0.3,0.5,0.47149,0.74103,0.00736
35,1000,1,0.1,0.3,0.5,0.47149,0.7413,0.00708
36,1000,1,0.1,0.3,0.5,0.47149,0.74131,0.00703
37,1000,1,0.1,0.3,0.5,0.47149,0.74116,0.00721
38,1000,1,0.1,0.3,0.5,0.47149,0.74084,0.00758
39,1000,1,0.1,0.3,0.5,0.47149,0.74101,0.00738
40,1000,1,0.1,0.3,0.5,0.47149,0.74093,0.00746
41,1000,1,0.1,0.3,0.5,0.47149,0.74093,0.00744
42,1000,1,0.1,0.3,0.5,0.47149,0.7411,0.00731
43,1000,1,0.1,0.3,0.5,0.47149,0.74096,0.00746
44,1000,1,0.1,0.3,0.5,0.47149,0.74079,0.00766
45,1000,1,0.1,0.3,0.5,0.47149,0.74079,0.00759
46,1000,1,0.1,0.3,0.5,0.47149,0.74084,0.00758
47,1000,1,0.1,0.3,0.5,0.47149,0.74105,0.00733
48,1000,1,0.1,0.3,0.5,0.47149,0.741,0.00738
49,1000,1,0.1,0.3,0.5,0.47149,0.74134,0.00702
50,1000,1,0.1,0.3,0.5,0.47149,0.74086,0.00753
51,1000,1,0.1,0.3,0.5,0.47149,0.7412,0.00716
52,1000,1,0.1,0.3,0.5,0.47149,0.74128,0.00708
53,1000,1,0.1,0.3,0.5,0.47149,0.74073,0.00768
54,1000,1,0.1,0.3,0.5,0.47149,0.74112,0.00726
55,1000,1,0.1,0.3,0.5,0.47149,0.74118,0.00723
56,1000,1,0.1,0.3,0.5,0.47149,0.7412,0.00717
57,1000,1,0.1,0.3,0.5,0.47149,0.74126,0.00712
58,1000,1,0.1,0.3,0.5,0.47149,0.74062,0.00781
59,1000,1,0.1,0.3,0.5,0.47149,0.741,0.00738
60,1000,1,0.1,0.3,0.5,0.47149,0.74073,0.00769
61,1000,1,0.1,0.3,0.5,0.47149,0.7411,0.00731
62,1000,1,0.1,0.3,0.5,0.47149,0.74117,0.00719
63,1000,1,0.1,0.3,0.5,0.47149,0.74121,0.00717
64,1000,1,0.1,0.3,0.5,0.47149,0.74102,0.00738
65,1000,1,0.1,0.3,0.5,0.47149,0.74111,0.00724
66,1000,1,0.1,0.3,0.5,0.47149,0.74105,0.00734
67,1000,1,0.1,0.3,0.5,0.47149,0.74086,0.00751
68,1000,1,0.1,0.3,0.5,0.47149,0.74116,0.0072
69,1000,1,0.1,0.3,0.5,0.47149,0.74112,0.00726
70,1000,1,0.1,0.3,0.5,0.47149,0.74098,0.0074
71,1000,1,0.1,0.3,0.5,0.47149,0.74117,0.00721
72,1000,1,0.1,0.3,0.5,0.47149,0.74103,0.00735
73,1000,1,0.1,0.3,0.5,0.47149,0.74134,0.00699
74,1000,1,0.1,0.3,0.5,0.47149,0.74125,0.0071
75,1000,1,0.1,0.3,0.5,0.47149,0.74074,0.00768
76,1000,1,0.1,0.3,0.5,0.47149,0.74087,0.00752
77,1000,1,0.1,0.3,0.5,0.47149,0.74124,0.00715
78,1000,1,0.1,0.3,0.5,0.47149,0.74107,0.0073
79,1000,1,0.1,0.3,0.5,0.47149,0.74082,0.00759
80,1000,1,0.1,0.3,0.5,0.47149,0.74115,0.00721
81,1000,1,0.1,0.3,0.5,0.47149,0.74157,0.00676
82,1000,1,0.1,0.3,0.5,0.47149,0.74132,0.00702
83,1000,1,0.1,0.3,0.5,0.47149,0.74108,0.00731
84,1000,1,0.1,0.3,0.5,0.47149,0.74105,0.00732
85,1000,1,0.1,0.3,0.5,0.47149,0.74095,0.00744
86,1000,1,0.1,0.3,0.5,0.47149,0.74129,0.00709
87,1000,1,0.1,0.3,0.5,0.47149,0.74095,0.00743
88,1000,1,0.1,0.3,0.5,0.47149,0.74087,0.00754
89,1000,1,0.1,0.3,0.5,0.47149,0.74083,0.00756
90,1000,1,0.1,0.3,0.5,0.47149,0.74083,0.00758
91,1000,1,0.1,0.3,0.5,0.47149,0.74098,0.00742
92,1000,1,0.1,0.3,0.5,0.47149,0.74103,0.0074
93,1000,1,0.1,0.3,0.5,0.47149,0.74121,0.00715
94,1000,1,0.1,0.3,0.5,0.47149,0.74139,0.00696
95,1000,1,0.1,0.3,0.5,0.47149,0.74125,0.00714
96,1000,1,0.1,0.3,0.5,0.47149,0.74105,0.00734
97,1000,1,0.1,0.3,0.5,0.47149,0.74116,0.00725
98,1000,1,0.1,0.3,0.5,0.47149,0.74123,0.00714
99,1000,1,0.1,0.3,0.5,0.47149,0.74125,0.00713
0,1000,1,0.1,0.3,0.5,0.39069,0.7376,0.01089
1,1000,1,0.1,0.3,0.5,0.39069,0.73835,0.01012
2,1000,1,0.1,0.3,0.5,0.39069,0.738,0.01044
3,1000,1,0.1,0.3,0.5,0.39069,0.738,0.01051
4,1000,1,0.1,0.3,0.5,0.39069,0.73804,0.01042
5,1000,1,0.1,0.3,0.5,0.39069,0.73825,0.01027
6,1000,1,0.1,0.3,0.5,0.39069,0.73829,0.0101
7,1000,1,0.1,0.3,0.5,0.39069,0.73769,0.0108
8,1000,1,0.1,0.3,0.5,0.39069,0.73818,0.01025
9,1000,1,0.1,0.3,0.5,0.39069,0.73817,0.01026
10,1000,1,0.1,0.3,0.5,0.39069,0.73764,0.01083
11,1000,1,0.1,0.3,0.5,0.39069,0.73783,0.01065
12,1000,1,0.1,0.3,0.5,0.39069,0.73843,0.00997
13,1000,1,0.1,0.3,0.5,0.39069,0.73804,0.01038
14,1000,1,0.1,0.3,0.5,0.39069,0.73772,0.01078
15,1000,1,0.1,0.3,0.5,0.39069,0.73792,0.01053
16,1000,1,0.1,0.3,0.5,0.39069,0.73742,0.01111
17,1000,1,0.1,0.3,0.5,0.39069,0.73815,0.01029
18,1000,1,0.1,0.3,0.5,0.39069,0.7383,0.01012
19,1000,1,0.1,0.3,0.5,0.39069,0.73843,0.00997
20,1000,1,0.1,0.3,0.5,0.39069,0.73807,0.01035
21,1000,1,0.1,0.3,0.5,0.39069,0.73841,0.01005
22,1000,1,0.1,0.3,0.5,0.39069,0.73801,0.01043
23,1000,1,0.1,0.3,0.5,0.39069,0.73794,0.0105
24,1000,1,0.1,0.3,0.5,0.39069,0.73826,0.01021
25,1000,1,0.1,0.3,0.5,0.39069,0.73843,0.00998
26,1000,1,0.1,0.3,0.5,0.39069,0.73771,0.01077
27,1000,1,0.1,0.3,0.5,0.39069,0.73804,0.01038
28,1000,1,0.1,0.3,0.5,0.39069,0.73812,0.01031
29,1000,1,0.1,0.3,0.5,0.39069,0.73857,0.00984
30,1000,1,0.1,0.3,0.5,0.39069,0.73816,0.01025
31,1000,1,0.1,0.3,0.5,0.39069,0.7385,0.0099
32,1000,1,0.1,0.3,0.5,0.39069,0.73817,0.01024
33,1000,1,0.1,0.3,0.5,0.39069,0.73857,0.00983
34,1000,1,0.1,0.3,0.5,0.39069,0.73813,0.01032
35,1000,1,0.1,0.3,0.5,0.39069,0.7385,0.00991
36,1000,1,0.1,0.3,0.5,0.39069,0.73853,0.00985
37,1000,1,0.1,0.3,0.5,0.39069,0.73831,0.0101
38,1000,1,0.1,0.3,0.5,0.39069,0.73785,0.01064
39,1000,1,0.1,0.3,0.5,0.39069,0.7381,0.01035
40,1000,1,0.1,0.3,0.5,0.39069,0.73798,0.01046
41,1000,1,0.1,0.3,0.5,0.39069,0.73798,0.01044
42,1000,1,0.1,0.3,0.5,0.39069,0.73822,0.01025
43,1000,1,0.1,0.3,0.5,0.39069,0.73802,0.01046
44,1000,1,0.1,0.3,0.5,0.39069,0.73778,0.01075
45,1000,1,0.1,0.3,0.5,0.39069,0.73778,0.01065
46,1000,1,0.1,0.3,0.5,0.39069,0.73785,0.01063
47,1000,1,0.1,0.3,0.5,0.39069,0.73815,0.01028
48,1000,1,0.1,0.3,0.5,0.39069,0.73808,0.01035
49,1000,1,0.1,0.3,0.5,0.39069,0.73856,0.00984
50,1000,1,0.1,0.3,0.5,0.39069,0.73788,0.01057
51,1000,1,0.1,0.3,0.5,0.39069,0.73837,0.01003
52,1000,1,0.1,0.3,0.5,0.39069,0.73848,0.00991
53,1000,1,0.1,0.3,0.5,0.39069,0.73769,0.01078
54,1000,1,0.1,0.3,0.5,0.39069,0.73825,0.01017
55,1000,1,0.1,0.3,0.5,0.39069,0.73833,0.01013
56,1000,1,0.1,0.3,0.5,0.39069,0.73836,0.01005
57,1000,1,0.1,0.3,0.5,0.39069,0.73845,0.00997
58,1000,1,0.1,0.3,0.5,0.39069,0.73753,0.01097
59,1000,1,0.1,0.3,0.5,0.39069,0.73808,0.01035
60,1000,1,0.1,0.3,0.5,0.39069,0.73769,0.01079
61,1000,1,0.1,0.3,0.5,0.39069,0.73822,0.01024
62,1000,1,0.1,0.3,0.5,0.39069,0.73832,0.01007
63,1000,1,0.1,0.3,0.5,0.39069,0.73838,0.01005
64,1000,1,0.1,0.3,0.5,0.39069,0.73811,0.01034
65,1000,1,0.1,0.3,0.5,0.39069,0.73824,0.01015
66,1000,1,0.1,0.3,0.5,0.39069,0.73814,0.01028
67,1000,1,0.1,0.3,0.5,0.39069,0.73788,0.01054
68,1000,1,0.1,0.3,0.5,0.39069,0.7383,0.01009
69,1000,1,0.1,0.3,0.5,0.39069,0.73824,0.01017
70,1000,1,0.1,0.3,0.5,0.39069,0.73806,0.01038
71,1000,1,0.1,0.3,0.5,0.39069,0.73833,0.0101
72,1000,1,0.1,0.3,0.5,0.39069,0.73812,0.0103
73,1000,1,0.1,0.3,0.5,0.39069,0.73857,0.00979
74,1000,1,0.1,0.3,0.5,0.39069,0.73844,0.00995
75,1000,1,0.1,0.3,0.5,0.39069,0.73771,0.01078
76,1000,1,0.1,0.3,0.5,0.39069,0.73789,0.01055
77,1000,1,0.1,0.3,0.5,0.39069,0.73842,0.01002
78,1000,1,0.1,0.3,0.5,0.39069,0.73818,0.01023
79,1000,1,0.1,0.3,0.5,0.39069,0.73782,0.01065
80,1000,1,0.1,0.3,0.5,0.39069,0.7383,0.01011
81,1000,1,0.1,0.3,0.5,0.39069,0.7389,0.00946
82,1000,1,0.1,0.3,0.5,0.39069,0.73853,0.00983
83,1000,1,0.1,0.3,0.5,0.39069,0.73819,0.01024
84,1000,1,0.1,0.3,0.5,0.39069,0.73815,0.01026
85,1000,1,0.1,0.3,0.5,0.39069,0.73801,0.01043
86,1000,1,0.1,0.3,0.5,0.39069,0.73849,0.00993
87,1000,1,0.1,0.3,0.5,0.39069,0.73801,0.01042
88,1000,1,0.1,0.3,0.5,0.39069,0.73789,0.01058
89,1000,1,0.1,0.3,0.5,0.39069,0.73784,0.0106
90,1000,1,0.1,0.3,0.5,0.39069,0.73783,0.01063
91,1000,1,0.1,0.3,0.5,0.39069,0.73805,0.0104
92,1000,1,0.1,0.3,0.5,0.39069,0.73812,0.01037
93,1000,1,0.1,0.3,0.5,0.39069,0.73838,0.01002
94,1000,1,0.1,0.3,0.5,0.39069,0.73864,0.00975
95,1000,1,0.1,0.3,0.5,0.39069,0.73843,0.01
96,1000,1,0.1,0.3,0.5,0.39069,0.73815,0.01029
97,1000,1,0.1,0.3,0.5,0.39069,0.73831,0.01016
98,1000,1,0.1,0.3,0.5,0.39069,0.73841,0.01
99,1000,1,0.1,0.3,0.5,0.39069,0.73844,0.00999
0,1000,1,0.1,0.3,0.5,0.32375,0.73328,0.01481
1,1000,1,0.1,0.3,0.5,0.32375,0.73435,0.01372
2,1000,1,0.1,0.3,0.5,0.32375,0.73385,0.01417
3,1000,1,0.1,0.3,0.5,0.32375,0.73385,0.01428
4,1000,1,0.1,0.3,0.5,0.32375,0.73391,0.01415
5,1000,1,0.1,0.3,0.5,0.32375,0.7342,0.01393
6,1000,1,0.1,0.3,0.5,0.32375,0.73427,0.01369
7,1000,1,0.1,0.3,0.5,0.32375,0.73342,0.01468
8,1000,1,0.1,0.3,0.5,0.32375,0.73411,0.0139
9,1000,1,0.1,0.3,0.5,0.32375,0.7341,0.01391
10,1000,1,0.1,0.3,0.5,0.32375,0.73335,0.01474
11,1000,1,0.1,0.3,0.5,0.32375,0.73361,0.01447
12,1000,1,0.1,0.3,0.5,0.32375,0.73446,0.0135
13,1000,1,0.1,0.3,0.5,0.32375,0.73391,0.01408
14,1000,1,0.1,0.3,0.5,0.32375,0.73345,0.01466
15,1000,1,0.1,0.3,0.5,0.32375,0.73374,0.0143
16,1000,1,0.1,0.3,0.5,0.32375,0.73302,0.01513
17,1000,1,0.1,0.3,0.5,0.32375,0.73406,0.01396
18,1000,1,0.1,0.3,0.5,0.32375,0.73428,0.01372
19,1000,1,0.1,0.3,0.5,0.32375,0.73446,0.01351
20,1000,1,0.1,0.3,0.5,0.32375,0.73396,0.01405
21,1000,1,0.1,0.3,0.5,0.32375,0.73443,0.01362
22,1000,1,0.1,0.3,0.5,0.32375,0.73387,0.01416
23,1000,1,0.1,0.3,0.5,0.32375,0.73376,0.01425
24,1000,1,0.1,0.3,0.5,0.32375,0.73423,0.01385
25,1000,1,0.1,0.3,0.5,0.32375,0.73447,0.01352
26,1000,1,0.1,0.3,0.5,0.32375,0.73344,0.01464
27,1000,1,0.1,0.3,0.5,0.32375,0.73391,0.01409
28,1000,1,0.1,0.3,0.5,0.32375,0.73403,0.01399
29,1000,1,0.1,0.3,0.5,0.32375,0.73466,0.01333
30,1000,1,0.1,0.3,0.5,0.32375,0.73408,0.0139
31,1000,1,0.1,0.3,0.5,0.32375,0.73457,0.0134
32,1000,1,0.1,0.3,0.5,0.32375,0.73409,0.01388
33,1000,1,0.1,0.3,0.5,0.32375,0.73466,0.0133
34,1000,1,0.1,0.3,0.5,0.32375,0.73403,0.01401
35,1000,1,0.1,0.3,0.5,0.32375,0.73457,0.01342
36,1000,1,0.1,0.3,0.5,0.32375,0.73461,0.01333
37,1000,1,0.1,0.3,0.5,0.32375,0.73429,0.01369
38,1000,1,0.1,0.3,0.5,0.32375,0.73364,0.01446
39,1000,1,0.1,0.3,0.5,0.32375,0.73399,0.01404
40,1000,1,0.1,0.3,0.5,0.32375,0.73382,0.01421
41,1000,1,0.1,0.3,0.5,0.32375,0.73383,0.01417
42,1000,1,0.1,0.3,0.5,0.32375,0.73417,0.01391
43,1000,1,0.1,0.3,0.5,0.32375,0.73387,0.01421
44,1000,1,0.1,0.3,0.5,0.32375,0.73354,0.01462
45,1000,1,0.1,0.3,0.5,0.32375,0.73354,0.01447
46,1000,1,0.1,0.3,0.5,0.32375,0.73364,0.01445
47,1000,1,0.1,0.3,0.5,0.32375,0.73406,0.01395
48,1000,1,0.1,0.3,0.5,0.32375,0.73396,0.01405
49,1000,1,0.1,0.3,0.5,0.32375,0.73466,0.01331
50,1000,1,0.1,0.3,0.5,0.32375,0.73368,0.01435
51,1000,1,0.1,0.3,0.5,0.32375,0.73438,0.01359
52,1000,1,0.1,0.3,0.5,0.32375,0.73454,0.01342
53,1000,1,0.1,0.3,0.5,0.32375,0.73341,0.01466
54,1000,1,0.1,0.3,0.5,0.32375,0.73421,0.01379
55,1000,1,0.1,0.3,0.5,0.32375,0.73432,0.01373
56,1000,1,0.1,0.3,0.5,0.32375,0.73436,0.01361
57,1000,1,0.1,0.3,0.5,0.32375,0.7345,0.0135
58,1000,1,0.1,0.3,0.5,0.32375,0.73318,0.01492
59,1000,1,0.1,0.3,0.5,0.32375,0.73397,0.01404
60,1000,1,0.1,0.3,0.5,0.32375,0.73341,0.01467
61,1000,1,0.1,0.3,0.5,0.32375,0.73417,0.0139
62,1000,1,0.1,0.3,0.5,0.32375,0.73431,0.01365
63,1000,1,0.1,0.3,0.5,0.32375,0.7344,0.01362
64,1000,1,0.1,0.3,0.5,0.32375,0.73401,0.01404
65,1000,1,0.1,0.3,0.5,0.32375,0.73419,0.01376
66,1000,1,0.1,0.3,0.5,0.32375,0.73406,0.01395
67,1000,1,0.1,0.3,0.5,0.32375,0.73369,0.01431
68,1000,1,0.1,0.3,0.5,0.32375,0.73428,0.01368
69,1000,1,0.1,0.3,0.5,0.32375,0.7342,0.01379
70,1000,1,0.1,0.3,0.5,0.32375,0.73393,0.01409
71,1000,1,0.1,0.3,0.5,0.32375,0.73432,0.0137
72,1000,1,0.1,0.3,0.5,0.32375,0.73403,0.01397
73,1000,1,0.1,0.3,0.5,0.32375,0.73466,0.01325
74,1000,1,0.1,0.3,0.5,0.32375,0.73448,0.01347
75,1000,1,0.1,0.3,0.5,0.32375,0.73344,0.01465
76,1000,1,0.1,0.3,0.5,0.32375,0.7337,0.01433
77,1000,1,0.1,0.3,0.5,0.32375,0.73445,0.01358
78,1000,1,0.1,0.3,0.5,0.32375,0.7341,0.01388
79,1000,1,0.1,0.3,0.5,0.32375,0.7336,0.01447
80,1000,1,0.1,0.3,0.5,0.32375,0.73428,0.0137
81,1000,1,0.1,0.3,0.5,0.32375,0.73513,0.01277
82,1000,1,0.1,0.3,0.5,0.32375,0.73462,0.0133
83,1000,1,0.1,0.3,0.5,0.32375,0.73412,0.0139
84,1000,1,0.1,0.3,0.5,0.32375,0.73406,0.01391
85,1000,1,0.1,0.3,0.5,0.32375,0.73387,0.01416
86,1000,1,0.1,0.3,0.5,0.32375,0.73455,0.01345
87,1000,1,0.1,0.3,0.5,0.32375,0.73386,0.01415
88,1000,1,0.1,0.3,0.5,0.32375,0.73369,0.01437
89,1000,1,0.1,0.3,0.5,0.32375,0.73363,0.0144
90,1000,1,0.1,0.3,0.5,0.32375,0.73361,0.01444
91,1000,1,0.1,0.3,0.5,0.32375,0.73392,0.01412
92,1000,1,0.1,0.3,0.5,0.32375,0.73402,0.01409
93,1000,1,0.1,0.3,0.5,0.32375,0.7344,0.01357
94,1000,1,0.1,0.3,0.5,0.32375,0.73476,0.01319
95,1000,1,0.1,0.3,0.5,0.32375,0.73447,0.01355
96,1000,1,0.1,0.3,0.5,0.32375,0.73407,0.01396
97,1000,1,0.1,0.3,0.5,0.32375,0.7343,0.01379
98,1000,1,0.1,0.3,0.5,0.32375,0.73444,0.01355
99,1000,1,0.1,0.3,0.5,0.32375,0.73449,0.01354
0,1000,1,0.1,0.3,0.5,0.26827,0.72725,0.01919
1,1000,1,0.1,0.3,0.5,0.26827,0.72878,0.01767
2,1000,1,0.1,0.3,0.5,0.26827,0.72806,0.01828
3,1000,1,0.1,0.3,0.5,0.26827,0.72806,0.01846
4,1000,1,0.1,0.3,0.5,0.26827,0.72815,0.01827
5,1000,1,0.1,0.3,0.5,0.26827,0.72857,0.01797
6,1000,1,0.1,0.3,0.5,0.26827,0.72866,0.0176
7,1000,1,0.1,0.3,0.5,0.26827,0.72745,0.01902
8,1000,1,0.1,0.3,0.5,0.26827,0.72842,0.01791
9,1000,1,0.1,0.3,0.5,0.26827,0.72842,0.01793
10,1000,1,0.1,0.3,0.5,0.26827,0.72735,0.01909
11,1000,1,0.1,0.3,0.5,0.26827,0.72772,0.01871
12,1000,1,0.1,0.3,0.5,0.26827,0.72892,0.01734
13,1000,1,0.1,0.3,0.5,0.26827,0.72815,0.01816
14,1000,1,0.1,0.3,0.5,0.26827,0.72749,0.01898
15,1000,1,0.1,0.3,0.5,0.26827,0.7279,0.01847
16,1000,1,0.1,0.3,0.5,0.26827,0.72689,0.01965
17,1000,1,0.1,0.3,0.5,0.26827,0.72836,0.01799
18,1000,1,0.1,0.3,0.5,0.26827,0.72867,0.01765
19,1000,1,0.1,0.3,0.5,0.26827,0.72893,0.01736
20,1000,1,0.1,0.3,0.5,0.26827,0.72821,0.01812
21,1000,1,0.1,0.3,0.5,0.26827,0.72889,0.01753
22,1000,1,0.1,0.3,0.5,0.26827,0.72809,0.01828
23,1000,1,0.1,0.3,0.5,0.26827,0.72794,0.0184
24,1000,1,0.1,0.3,0.5,0.26827,0.72859,0.01786
25,1000,1,0.1,0.3,0.5,0.26827,0.72894,0.01738
26,1000,1,0.1,0.3,0.5,0.26827,0.72748,0.01896
27,1000,1,0.1,0.3,0.5,0.26827,0.72815,0.01818
28,1000,1,0.1,0.3,0.5,0.26827,0.72831,0.01804
29,1000,1,0.1,0.3,0.5,0.26827,0.7292,0.01711
30,1000,1,0.1,0.3,0.5,0.26827,0.72839,0.01789
31,1000,1,0.1,0.3,0.5,0.26827,0.72908,0.01721
32,1000,1,0.1,0.3,0.5,0.26827,0.72841,0.01788
33,1000,1,0.1,0.3,0.5,0.26827,0.7292,0.01707
34,1000,1,0.1,0.3,0.5,0.26827,0.72832,0.01806
35,1000,1,0.1,0.3,0.5,0.26827,0.72908,0.01723
36,1000,1,0.1,0.3,0.5,0.26827,0.72914,0.01709
37,1000,1,0.1,0.3,0.5,0.26827,0.72868,0.01761
38,1000,1,0.1,0.3,0.5,0.26827,0.72776,0.0187
39,1000,1,0.1,0.3,0.5,0.26827,0.72825,0.01811
40,1000,1,0.1,0.3,0.5,0.26827,0.72802,0.01834
41,1000,1,0.1,0.3,0.5,0.26827,0.72803,0.01829
42,1000,1,0.1,0.3,0.5,0.26827,0.72851,0.01793
43,1000,1,0.1,0.3,0.5,0.26827,0.72809,0.01835
44,1000,1,0.1,0.3,0.5,0.26827,0.72762,0.01895
45,1000,1,0.1,0.3,0.5,0.26827,0.72762,0.01871
46,1000,1,0.1,0.3,0.5,0.26827,0.72777,0.01869
47,1000,1,0.1,0.3,0.5,0.26827,0.72836,0.01798
48,1000,1,0.1,0.3,0.5,0.26827,0.72822,0.01813
49,1000,1,0.1,0.3,0.5,0.26827,0.7292,0.01708
50,1000,1,0.1,0.3,0.5,0.26827,0.72782,0.01854
51,1000,1,0.1,0.3,0.5,0.26827,0.72881,0.01747
52,1000,1,0.1,0.3,0.5,0.26827,0.72904,0.01723
53,1000,1,0.1,0.3,0.5,0.26827,0.72744,0.01898
54,1000,1,0.1,0.3,0.5,0.26827,0.72856,0.01776
55,1000,1,0.1,0.3,0.5,0.26827,0.72873,0.01769
56,1000,1,0.1,0.3,0.5,0.26827,0.72879,0.0175
57,1000,1,0.1,0.3,0.5,0.26827,0.72899,0.01735
58,1000,1,0.1,0.3,0.5,0.26827,0.72712,0.01936
59,1000,1,0.1,0.3,0.5,0.26827,0.72823,0.0181
60,1000,1,0.1,0.3,0.5,0.26827,0.72744,0.01901
61,1000,1,0.1,0.3,0.5,0.26827,0.72852,0.01792
62,1000,1,0.1,0.3,0.5,0.26827,0.72871,0.01755
63,1000,1,0.1,0.3,0.5,0.26827,0.72883,0.01751
64,1000,1,0.1,0.3,0.5,0.26827,0.72829,0.01811
65,1000,1,0.1,0.3,0.5,0.26827,0.72855,0.0177
66,1000,1,0.1,0.3,0.5,0.26827,0.72836,0.01798
67,1000,1,0.1,0.3,0.5,0.26827,0.72783,0.01847
68,1000,1,0.1,0.3,0.5,0.26827,0.72867,0.01759
69,1000,1,0.1,0.3,0.5,0.26827,0.72855,0.01776
70,1000,1,0.1,0.3,0.5,0.26827,0.72818,0.01819
71,1000,1,0.1,0.3,0.5,0.26827,0.72873,0.01762
72,1000,1,0.1,0.3,0.5,0.26827,0.72832,0.01801
73,1000,1,0.1,0.3,0.5,0.26827,0.72921,0.01698
74,1000,1,0.1,0.3,0.5,0.26827,0.72896,0.0173
75,1000,1,0.1,0.3,0.5,0.26827,0.72748,0.01898
76,1000,1,0.1,0.3,0.5,0.26827,0.72785,0.01851
77,1000,1,0.1,0.3,0.5,0.26827,0.72892,0.01746
78,1000,1,0.1,0.3,0.5,0.26827,0.72842,0.01787
79,1000,1,0.1,0.3,0.5,0.26827,0.7277,0.01872
80,1000,1,0.1,0.3,0.5,0.26827,0.72867,0.01762
81,1000,1,0.1,0.3,0.5,0.26827,0.72988,0.01632
82,1000,1,0.1,0.3,0.5,0.26827,0.72915,0.01706
83,1000,1,0.1,0.3,0.5,0.26827,0.72845,0.01791
84,1000,1,0.1,0.3,0.5,0.26827,0.72837,0.01791
85,1000,1,0.1,0.3,0.5,0.26827,0.72809,0.01827
86,1000,1,0.1,0.3,0.5,0.26827,0.72905,0.01728
87,1000,1,0.1,0.3,0.5,0.26827,0.72808,0.01825
88,1000,1,0.1,0.3,0.5,0.26827,0.72784,0.01859
89,1000,1,0.1,0.3,0.5,0.26827,0.72775,0.01862
90,1000,1,0.1,0.3,0.5,0.26827,0.72772,0.01867
91,1000,1,0.1,0.3,0.5,0.26827,0.72816,0.01822
92,1000,1,0.1,0.3,0.5,0.26827,0.72831,0.01819
93,1000,1,0.1,0.3,0.5,0.26827,0.72884,0.01744
94,1000,1,0.1,0.3,0.5,0.26827,0.72935,0.0169
95,1000,1,0.1,0.3,0.5,0.26827,0.72894,0.01742
96,1000,1,0.1,0.3,0.5,0.26827,0.72837,0.01799
97,1000,1,0.1,0.3,0.5,0.26827,0.72871,0.01776
98,1000,1,0.1,0.3,0.5,0.26827,0.7289,0.01743
99,1000,1,0.1,0.3,0.5,0.26827,0.72896,0.0174
0,1000,1,0.1,0.3,0.5,0.2223,0.71895,0.02337
1,1000,1,0.1,0.3,0.5,0.2223,0.7211,0.02127
2,1000,1,0.1,0.3,0.5,0.2223,0.72007,0.02208
3,1000,1,0.1,0.3,0.5,0.2223,0.72009,0.02237
4,1000,1,0.1,0.3,0.5,0.2223,0.72021,0.0221
5,1000,1,0.1,0.3,0.5,0.2223,0.7208,0.02171
6,1000,1,0.1,0.3,0.5,0.2223,0.72092,0.02113
7,1000,1,0.1,0.3,0.5,0.2223,0.71922,0.02314
8,1000,1,0.1,0.3,0.5,0.2223,0.72059,0.02157
9,1000,1,0.1,0.3,0.5,0.2223,0.72058,0.02159
10,1000,1,0.1,0.3,0.5,0.2223,0.71909,0.02323
11,1000,1,0.1,0.3,0.5,0.2223,0.7196,0.0227
12,1000,1,0.1,0.3,0.5,0.2223,0.72129,0.02077
13,1000,1,0.1,0.3,0.5,0.2223,0.7202,0.02191
14,1000,1,0.1,0.3,0.5,0.2223,0.71929,0.02308
15,1000,1,0.1,0.3,0.5,0.2223,0.71986,0.02235
16,1000,1,0.1,0.3,0.5,0.2223,0.71844,0.02402
17,1000,1,0.1,0.3,0.5,0.2223,0.7205,0.02169
18,1000,1,0.1,0.3,0.5,0.2223,0.72094,0.02121
19,1000,1,0.1,0.3,0.5,0.2223,0.7213,0.0208
20,1000,1,0.1,0.3,0.5,0.2223,0.72029,0.02185
21,1000,1,0.1,0.3,0.5,0.2223,0.72125,0.02107
22,1000,1,0.1,0.3,0.5,0.2223,0.72012,0.02208
23,1000,1,0.1,0.3,0.5,0.2223,0.71991,0.02225
24,1000,1,0.1,0.3,0.5,0.2223,0.72083,0.02153
25,1000,1,0.1,0.3,0.5,0.2223,0.72132,0.02083
26,1000,1,0.1,0.3,0.5,0.2223,0.71927,0.02305
27,1000,1,0.1,0.3,0.5,0.2223,0.7202,0.02193
28,1000,1,0.1,0.3,0.5,0.2223,0.72043,0.02175
29,1000,1,0.1,0.3,0.5,0.2223,0.72168,0.02047
30,1000,1,0.1,0.3,0.5,0.2223,0.72055,0.02153
31,1000,1,0.1,0.3,0.5,0.2223,0.72152,0.02058
32,1000,1,0.1,0.3,0.5,0.2223,0.72057,0.02151
33,1000,1,0.1,0.3,0.5,0.2223,0.72168,0.0204
34,1000,1,0.1,0.3,0.5,0.2223,0.72044,0.02179
35,1000,1,0.1,0.3,0.5,0.2223,0.72152,0.02063
36,1000,1,0.1,0.3,0.5,0.2223,0.72159,0.02041
37,1000,1,0.1,0.3,0.5,0.2223,0.72096,0.02115
38,1000,1,0.1,0.3,0.5,0.2223,0.71966,0.0227
39,1000,1,0.1,0.3,0.5,0.2223,0.72035,0.02184
40,1000,1,0.1,0.3,0.5,0.2223,0.72001,0.02217
41,1000,1,0.1,0.3,0.5,0.2223,0.72003,0.02209
42,1000,1,0.1,0.3,0.5,0.2223,0.72072,0.02163
43,1000,1,0.1,0.3,0.5,0.2223,0.72012,0.02221
44,1000,1,0.1,0.3,0.5,0.2223,0.71946,0.02306
45,1000,1,0.1,0.3,0.5,0.2223,0.71947,0.02268
46,1000,1,0.1,0.3,0.5,0.2223,0.71967,0.02267
47,1000,1,0.1,0.3,0.5,0.2223,0.72049,0.02167
48,1000,1,0.1,0.3,0.5,0.2223,0.7203,0.02187
49,1000,1,0.1,0.3,0.5,0.2223,0.72169,0.02042
50,1000,1,0.1,0.3,0.5,0.2223,0.71975,0.02246
51,1000,1,0.1,0.3,0.5,0.2223,0.72113,0.02095
52,1000,1,0.1,0.3,0.5,0.2223,0.72146,0.02062
53,1000,1,0.1,0.3,0.5,0.2223,0.7192,0.02307
54,1000,1,0.1,0.3,0.5,0.2223,0.72078,0.02138
55,1000,1,0.1,0.3,0.5,0.2223,0.72102,0.02128
56,1000,1,0.1,0.3,0.5,0.2223,0.7211,0.021
57,1000,1,0.1,0.3,0.5,0.2223,0.72139,0.02079
58,1000,1,0.1,0.3,0.5,0.2223,0.71875,0.0236
59,1000,1,0.1,0.3,0.5,0.2223,0.72033,0.02183
60,1000,1,0.1,0.3,0.5,0.2223,0.71921,0.02311
61,1000,1,0.1,0.3,0.5,0.2223,0.72073,0.0216
62,1000,1,0.1,0.3,0.5,0.2223,0.72099,0.02106
63,1000,1,0.1,0.3,0.5,0.2223,0.72117,0.02102
64,1000,1,0.1,0.3,0.5,0.2223,0.7204,0.02186
65,1000,1,0.1,0.3,0.5,0.2223,0.72077,0.02126
66,1000,1,0.1,0.3,0.5,0.2223,0.7205,0.02168
67,1000,1,0.1,0.3,0.5,0.2223,0.71976,0.02234
68,1000,1,0.1,0.3,0.5,0.2223,0.72093,0.02111
69,1000,1,0.1,0.3,0.5,0.2223,0.72076,0.02136
70,1000,1,0.1,0.3,0.5,0.2223,0.72025,0.02197
71,1000,1,0.1,0.3,0.5,0.2223,0.72102,0.02117
72,1000,1,0.1,0.3,0.5,0.2223,0.72044,0.0217
73,1000,1,0.1,0.3,0.5,0.2223,0.7217,0.02025
74,1000,1,0.1,0.3,0.5,0.2223,0.72134,0.0207
75,1000,1,0.1,0.3,0.5,0.2223,0.71926,0.02308
76,1000,1,0.1,0.3,0.5,0.2223,0.71979,0.02241
77,1000,1,0.1,0.3,0.5,0.2223,0.72129,0.02097
78,1000,1,0.1,0.3,0.5,0.2223,0.72059,0.0215
79,1000,1,0.1,0.3,0.5,0.2223,0.71956,0.02271
80,1000,1,0.1,0.3,0.5,0.2223,0.72094,0.02116
81,1000,1,0.1,0.3,0.5,0.2223,0.72264,0.01934
82,1000,1,0.1,0.3,0.5,0.2223,0.72161,0.02036
83,1000,1,0.1,0.3,0.5,0.2223,0.72062,0.02157
84,1000,1,0.1,0.3,0.5,0.2223,0.72051,0.02156
85,1000,1,0.1,0.3,0.5,0.2223,0.72012,0.02207
86,1000,1,0.1,0.3,0.5,0.2223,0.72146,0.02071
87,1000,1,0.1,0.3,0.5,0.2223,0.7201,0.02204
88,1000,1,0.1,0.3,0.5,0.2223,0.71976,0.02254
89,1000,1,0.1,0.3,0.5,0.2223,0.71964,0.02256
90,1000,1,0.1,0.3,0.5,0.2223,0.7196,0.02263
91,1000,1,0.1,0.3,0.5,0.2223,0.72021,0.02201
92,1000,1,0.1,0.3,0.5,0.2223,0.72043,0.022
93,1000,1,0.1,0.3,0.5,0.2223,0.72117,0.02091
94,1000,1,0.1,0.3,0.5,0.2223,0.7219,0.02015
95,1000,1,0.1,0.3,0.5,0.2223,0.72131,0.0209
96,1000,1,0.1,0.3,0.5,0.2223,0.72052,0.02169
97,1000,1,0.1,0.3,0.5,0.2223,0.721,0.0214
98,1000,1,0.1,0.3,0.5,0.2223,0.72126,0.0209
99,1000,1,0.1,0.3,0.5,0.2223,0.72136,0.02088
0,1000,1,0.1,0.3,0.5,0.18421,0.70768,0.02644
1,1000,1,0.1,0.3,0.5,0.18421,0.71068,0.02361
2,1000,1,0.1,0.3,0.5,0.18421,0.70923,0.02464
3,1000,1,0.1,0.3,0.5,0.18421,0.70927,0.02514
4,1000,1,0.1,0.3,0.5,0.18421,0.70943,0.02472
5,1000,1,0.1,0.3,0.5,0.18421,0.71026,0.02426
6,1000,1,0.1,0.3,0.5,0.18421,0.71042,0.02331
7,1000,1,0.1,0.3,0.5,0.18421,0.70804,0.02614
8,1000,1,0.1,0.3,0.5,0.18421,0.70996,0.02395
9,1000,1,0.1,0.3,0.5,0.18421,0.70995,0.02398
10,1000,1,0.1,0.3,0.5,0.18421,0.70787,0.02625
11,1000,1,0.1,0.3,0.5,0.18421,0.70858,0.02553
12,1000,1,0.1,0.3,0.5,0.18421,0.71094,0.02282
13,1000,1,0.1,0.3,0.5,0.18421,0.70941,0.02439
14,1000,1,0.1,0.3,0.5,0.18421,0.70815,0.02607
15,1000,1,0.1,0.3,0.5,0.18421,0.70894,0.02501
16,1000,1,0.1,0.3,0.5,0.18421,0.70697,0.02737
17,1000,1,0.1,0.3,0.5,0.18421,0.70984,0.02411
18,1000,1,0.1,0.3,0.5,0.18421,0.71045,0.02347
19,1000,1,0.1,0.3,0.5,0.18421,0.71094,0.02288
20,1000,1,0.1,0.3,0.5,0.18421,0.70954,0.02433
21,1000,1,0.1,0.3,0.5,0.18421,0.71088,0.02334
22,1000,1,0.1,0.3,0.5,0.18421,0.70931,0.02466
23,1000,1,0.1,0.3,0.5,0.18421,0.70901,0.02486
24,1000,1,0.1,0.3,0.5,0.18421,0.7103,0.02399
25,1000,1,0.1,0.3,0.5,0.18421,0.71098,0.02295
26,1000,1,0.1,0.3,0.5,0.18421,0.70812,0.026
27,1000,1,0.1,0.3,0.5,0.18421,0.70942,0.02443
28,1000,1,0.1,0.3,0.5,0.18421,0.70973,0.0242
29,1000,1,0.1,0.3,0.5,0.18421,0.71146,0.02248
30,1000,1,0.1,0.3,0.5,0.18421,0.7099,0.02384
31,1000,1,0.1,0.3,0.5,0.18421,0.71125,0.02259
32,1000,1,0.1,0.3,0.5,0.18421,0.70993,0.02382
33,1000,1,0.1,0.3,0.5,0.18421,0.71146,0.02235
34,1000,1,0.1,0.3,0.5,0.18421,0.70976,0.02427
35,1000,1,0.1,0.3,0.5,0.18421,0.71126,0.02266
36,1000,1,0.1,0.3,0.5,0.18421,0.71136,0.02231
37,1000,1,0.1,0.3,0.5,0.18421,0.71047,0.02335
38,1000,1,0.1,0.3,0.5,0.18421,0.70867,0.02555
39,1000,1,0.1,0.3,0.5,0.18421,0.70962,0.02433
40,1000,1,0.1,0.3,0.5,0.18421,0.70915,0.02478
41,1000,1,0.1,0.3,0.5,0.18421,0.70917,0.02463
42,1000,1,0.1,0.3,0.5,0.18421,0.71013,0.02409
43,1000,1,0.1,0.3,0.5,0.18421,0.7093,0.02487
44,1000,1,0.1,0.3,0.5,0.18421,0.70839,0.02609
45,1000,1,0.1,0.3,0.5,0.18421,0.7084,0.02544
46,1000,1,0.1,0.3,0.5,0.18421,0.70868,0.0255
47,1000,1,0.1,0.3,0.5,0.18421,0.70981,0.02408
48,1000,1,0.1,0.3,0.5,0.18421,0.70955,0.02437
49,1000,1,0.1,0.3,0.5,0.18421,0.71148,0.02237
50,1000,1,0.1,0.3,0.5,0.18421,0.70878,0.02516
51,1000,1,0.1,0.3,0.5,0.18421,0.71071,0.02308
52,1000,1,0.1,0.3,0.5,0.18421,0.71117,0.02262
53,1000,1,0.1,0.3,0.5,0.18421,0.70802,0.02601
54,1000,1,0.1,0.3,0.5,0.18421,0.71022,0.0237
55,1000,1,0.1,0.3,0.5,0.18421,0.71056,0.02362
56,1000,1,0.1,0.3,0.5,0.18421,0.71067,0.02315
57,1000,1,0.1,0.3,0.5,0.18421,0.71108,0.0229
58,1000,1,0.1,0.3,0.5,0.18421,0.7074,0.02677
59,1000,1,0.1,0.3,0.5,0.18421,0.70959,0.02429
60,1000,1,0.1,0.3,0.5,0.18421,0.70803,0.02609
61,1000,1,0.1,0.3,0.5,0.18421,0.71015,0.02405
62,1000,1,0.1,0.3,0.5,0.18421,0.71051,0.02322
63,1000,1,0.1,0.3,0.5,0.18421,0.71076,0.0232
64,1000,1,0.1,0.3,0.5,0.18421,0.7097,0.02438
65,1000,1,0.1,0.3,0.5,0.18421,0.71021,0.02348
66,1000,1,0.1,0.3,0.5,0.18421,0.70983,0.0241
67,1000,1,0.1,0.3,0.5,0.18421,0.70881,0.02496
68,1000,1,0.1,0.3,0.5,0.18421,0.71042,0.02329
69,1000,1,0.1,0.3,0.5,0.18421,0.71018,0.02366
70,1000,1,0.1,0.3,0.5,0.18421,0.70948,0.02452
71,1000,1,0.1,0.3,0.5,0.18421,0.71056,0.02342
72,1000,1,0.1,0.3,0.5,0.18421,0.70975,0.02411
73,1000,1,0.1,0.3,0.5,0.18421,0.7115,0.02208
74,1000,1,0.1,0.3,0.5,0.18421,0.711,0.02272
75,1000,1,0.1,0.3,0.5,0.18421,0.70809,0.02607
76,1000,1,0.1,0.3,0.5,0.18421,0.70884,0.0251
77,1000,1,0.1,0.3,0.5,0.18421,0.71094,0.02319
78,1000,1,0.1,0.3,0.5,0.18421,0.70995,0.02383
79,1000,1,0.1,0.3,0.5,0.18421,0.70852,0.02554
80,1000,1,0.1,0.3,0.5,0.18421,0.71045,0.02337
81,1000,1,0.1,0.3,0.5,0.18421,0.7128,0.02088
82,1000,1,0.1,0.3,0.5,0.18421,0.71138,0.02223
83,1000,1,0.1,0.3,0.5,0.18421,0.71,0.02398
84,1000,1,0.1,0.3,0.5,0.18421,0.70985,0.02389
85,1000,1,0.1,0.3,0.5,0.18421,0.70931,0.02462
86,1000,1,0.1,0.3,0.5,0.18421,0.71116,0.02279
87,1000,1,0.1,0.3,0.5,0.18421,0.70928,0.02457
88,1000,1,0.1,0.3,0.5,0.18421,0.70879,0.02532
89,1000,1,0.1,0.3,0.5,0.18421,0.70865,0.0253
90,1000,1,0.1,0.3,0.5,0.18421,0.70858,0.0254
91,1000,1,0.1,0.3,0.5,0.18421,0.70943,0.02456
92,1000,1,0.1,0.3,0.5,0.18421,0.70974,0.02462
93,1000,1,0.1,0.3,0.5,0.18421,0.71077,0.02301
94,1000,1,0.1,0.3,0.5,0.18421,0.71178,0.02198
95,1000,1,0.1,0.3,0.5,0.18421,0.71096,0.02306
96,1000,1,0.1,0.3,0.5,0.18421,0.70986,0.02412
97,1000,1,0.1,0.3,0.5,0.18421,0.71053,0.0238
98,1000,1,0.1,0.3,0.5,0.18421,0.71088,0.02306
99,1000,1,0.1,0.3,0.5,0.18421,0.71103,0.02304
0,1000,1,0.1,0.3,0.5,0.15264,0.69268,0.02776
1,1000,1,0.1,0.3,0.5,0.15264,0.69683,0.02412
2,1000,1,0.1,0.3,0.5,0.15264,0.69481,0.02526
3,1000,1,0.1,0.3,0.5,0.15264,0.69488,0.0262
4,1000,1,0.1,0.3,0.5,0.15264,0.69509,0.02551
5,1000,1,0.1,0.3,0.5,0.15264,0.69624,0.02508
6,1000,1,0.1,0.3,0.5,0.15264,0.69644,0.02344
7,1000,1,0.1,0.3,0.5,0.15264,0.69318,0.0274
8,1000,1,0.1,0.3,0.5,0.15264,0.69582,0.02438
9,1000,1,0.1,0.3,0.5,0.15264,0.69581,0.02443
10,1000,1,0.1,0.3,0.5,0.15264,0.69296,0.02752
11,1000,1,0.1,0.3,0.5,0.15264,0.69391,0.02655
12,1000,1,0.1,0.3,0.5,0.15264,0.69716,0.02281
13,1000,1,0.1,0.3,0.5,0.15264,0.69505,0.02489
14,1000,1,0.1,0.3,0.5,0.15264,0.69334,0.02731
15,1000,1,0.1,0.3,0.5,0.15264,0.69442,0.02579
16,1000,1,0.1,0.3,0.5,0.15264,0.69171,0.0291
17,1000,1,0.1,0.3,0.5,0.15264,0.69565,0.02461
18,1000,1,0.1,0.3,0.5,0.15264,0.6965,0.02375
19,1000,1,0.1,0.3,0.5,0.15264,0.69716,0.02293
20,1000,1,0.1,0.3,0.5,0.15264,0.69524,0.02486
21,1000,1,0.1,0.3,0.5,0.15264,0.69709,0.02374
22,1000,1,0.1,0.3,0.5,0.15264,0.69492,0.02533
23,1000,1,0.1,0.3,0.5,0.15264,0.6945,0.02556
24,1000,1,0.1,0.3,0.5,0.15264,0.69629,0.02464
25,1000,1,0.1,0.3,0.5,0.15264,0.69721,0.02308
26,1000,1,0.1,0.3,0.5,0.15264,0.6933,0.02719
27,1000,1,0.1,0.3,0.5,0.15264,0.69507,0.02497
28,1000,1,0.1,0.3,0.5,0.15264,0.69549,0.0247
29,1000,1,0.1,0.3,0.5,0.15264,0.69786,0.0225
30,1000,1,0.1,0.3,0.5,0.15264,0.69573,0.02413
31,1000,1,0.1,0.3,0.5,0.15264,0.6976,0.02255
32,1000,1,0.1,0.3,0.5,0.15264,0.69577,0.02411
33,1000,1,0.1,0.3,0.5,0.15264,0.69786,0.02223
34,1000,1,0.1,0.3,0.5,0.15264,0.69554,0.02485
35,1000,1,0.1,0.3,0.5,0.15264,0.6976,0.02268
36,1000,1,0.1,0.3,0.5,0.15264,0.69774,0.02208
37,1000,1,0.1,0.3,0.5,0.15264,0.69651,0.02354
38,1000,1,0.1,0.3,0.5,0.15264,0.69406,0.02665
39,1000,1,0.1,0.3,0.5,0.15264,0.69534,0.02488
40,1000,1,0.1,0.3,0.5,0.15264,0.69469,0.02549
41,1000,1,0.1,0.3,0.5,0.15264,0.69473,0.02523
42,1000,1,0.1,0.3,0.5,0.15264,0.69605,0.02473
43,1000,1,0.1,0.3,0.5,0.15264,0.6949,0.02573
44,1000,1,0.1,0.3,0.5,0.15264,0.69367,0.02747
45,1000,1,0.1,0.3,0.5,0.15264,0.69367,0.0263
46,1000,1,0.1,0.3,0.5,0.15264,0.69407,0.02656
47,1000,1,0.1,0.3,0.5,0.15264,0.6956,0.02456
48,1000,1,0.1,0.3,0.5,0.15264,0.69525,0.02495
49,1000,1,0.1,0.3,0.5,0.15264,0.69791,0.02227
50,1000,1,0.1,0.3,0.5,0.15264,0.6942,0.026
51,1000,1,0.1,0.3,0.5,0.15264,0.69684,0.02316
52,1000,1,0.1,0.3,0.5,0.15264,0.69747,0.02255
53,1000,1,0.1,0.3,0.5,0.15264,0.69315,0.02717
54,1000,1,0.1,0.3,0.5,0.15264,0.69616,0.02408
55,1000,1,0.1,0.3,0.5,0.15264,0.69664,0.02407
56,1000,1,0.1,0.3,0.5,0.15264,0.69678,0.02329
57,1000,1,0.1,0.3,0.5,0.15264,0.69736,0.02303
58,1000,1,0.1,0.3,0.5,0.15264,0.69229,0.02823
59,1000,1,0.1,0.3,0.5,0.15264,0.69531,0.02482
60,1000,1,0.1,0.3,0.5,0.15264,0.69317,0.0273
61,1000,1,0.1,0.3,0.5,0.15264,0.69608,0.02465
62,1000,1,0.1,0.3,0.5,0.15264,0.69656,0.02332
63,1000,1,0.1,0.3,0.5,0.15264,0.69692,0.02341
64,1000,1,0.1,0.3,0.5,0.15264,0.69547,0.02503
65,1000,1,0.1,0.3,0.5,0.15264,0.69617,0.02364
66,1000,1,0.1,0.3,0.5,0.15264,0.69564,0.0246
67,1000,1,0.1,0.3,0.5,0.15264,0.69424,0.02564
68,1000,1,0.1,0.3,0.5,0.15264,0.69643,0.02341
69,1000,1,0.1,0.3,0.5,0.15264,0.6961,0.02398
70,1000,1,0.1,0.3,0.5,0.15264,0.69515,0.02519
71,1000,1,0.1,0.3,0.5,0.15264,0.69664,0.0237
72,1000,1,0.1,0.3,0.5,0.15264,0.69552,0.02456
73,1000,1,0.1,0.3,0.5,0.15264,0.69793,0.02173
74,1000,1,0.1,0.3,0.5,0.15264,0.69724,0.02266
75,1000,1,0.1,0.3,0.5,0.15264,0.69324,0.02732
76,1000,1,0.1,0.3,0.5,0.15264,0.69427,0.02591
77,1000,1,0.1,0.3,0.5,0.15264,0.69718,0.0235
78,1000,1,0.1,0.3,0.5,0.15264,0.6958,0.02415
79,1000,1,0.1,0.3,0.5,0.15264,0.69382,0.02657
80,1000,1,0.1,0.3,0.5,0.15264,0.69649,0.02358
81,1000,1,0.1,0.3,0.5,0.15264,0.69971,0.02023
82,1000,1,0.1,0.3,0.5,0.15264,0.69777,0.02194
83,1000,1,0.1,0.3,0.5,0.15264,0.69586,0.02447
84,1000,1,0.1,0.3,0.5,0.15264,0.69567,0.02421
85,1000,1,0.1,0.3,0.5,0.15264,0.69492,0.02526
86,1000,1,0.1,0.3,0.5,0.15264,0.69744,0.02288
87,1000,1,0.1,0.3,0.5,0.15264,0.69488,0.02515
88,1000,1,0.1,0.3,0.5,0.15264,0.6942,0.02631
89,1000,1,0.1,0.3,0.5,0.15264,0.69401,0.02617
90,1000,1,0.1,0.3,0.5,0.15264,0.69391,0.02633
91,1000,1,0.1,0.3,0.5,0.15264,0.69508,0.02523
92,1000,1,0.1,0.3,0.5,0.15264,0.69551,0.02549
93,1000,1,0.1,0.3,0.5,0.15264,0.69693,0.02305
94,1000,1,0.1,0.3,0.5,0.15264,0.69832,0.0217
95,1000,1,0.1,0.3,0.5,0.15264,0.69719,0.02326
96,1000,1,0.1,0.3,0.5,0.15264,0.69569,0.02464
97,1000,1,0.1,0.3,0.5,0.15264,0.69662,0.02439
98,1000,1,0.1,0.3,0.5,0.15264,0.69708,0.02324
99,1000,1,0.1,0.3,0.5,0.15264,0.69729,0.02326
0,1000,1,0.1,0.3,0.5,0.12649,0.67323,0.02724
1,1000,1,0.1,0.3,0.5,0.12649,0.67887,0.0229
2,1000,1,0.1,0.3,0.5,0.12649,0.67608,0.02382
3,1000,1,0.1,0.3,0.5,0.12649,0.67622,0.02563
4,1000,1,0.1,0.3,0.5,0.12649,0.67649,0.02447
5,1000,1,0.1,0.3,0.5,0.12649,0.67807,0.02432
6,1000,1,0.1,0.3,0.5,0.12649,0.6783,0.02137
7,1000,1,0.1,0.3,0.5,0.12649,0.67391,0.02687
8,1000,1,0.1,0.3,0.5,0.12649,0.67747,0.02278
9,1000,1,0.1,0.3,0.5,0.12649,0.67747,0.02285
10,1000,1,0.1,0.3,0.5,0.12649,0.67361,0.02694
11,1000,1,0.1,0.3,0.5,0.12649,0.67489,0.0257
12,1000,1,0.1,0.3,0.5,0.12649,0.67927,0.02062
13,1000,1,0.1,0.3,0.5,0.12649,0.67643,0.02327
14,1000,1,0.1,0.3,0.5,0.12649,0.67413,0.02675
15,1000,1,0.1,0.3,0.5,0.12649,0.67558,0.02457
16,1000,1,0.1,0.3,0.5,0.12649,0.67193,0.02917
17,1000,1,0.1,0.3,0.5,0.12649,0.67724,0.0231
18,1000,1,0.1,0.3,0.5,0.12649,0.67839,0.02202
19,1000,1,0.1,0.3,0.5,0.12649,0.67927,0.02089
20,1000,1,0.1,0.3,0.5,0.12649,0.67668,0.02333
21,1000,1,0.1,0.3,0.5,0.12649,0.6792,0.0224
22,1000,1,0.1,0.3,0.5,0.12649,0.67626,0.024
23,1000,1,0.1,0.3,0.5,0.12649,0.67568,0.02419
24,1000,1,0.1,0.3,0.5,0.12649,0.67811,0.02358
25,1000,1,0.1,0.3,0.5,0.12649,0.67935,0.02121
26,1000,1,0.1,0.3,0.5,0.12649,0.67407,0.02654
27,1000,1,0.1,0.3,0.5,0.12649,0.67645,0.02344
28,1000,1,0.1,0.3,0.5,0.12649,0.67702,0.02318
29,1000,1,0.1,0.3,0.5,0.12649,0.6802,0.02059
30,1000,1,0.1,0.3,0.5,0.12649,0.67735,0.0222
31,1000,1,0.1,0.3,0.5,0.12649,0.67989,0.02043
32,1000,1,0.1,0.3,0.5,0.12649,0.6774,0.0222
33,1000,1,0.1,0.3,0.5,0.12649,0.68021,0.02004
34,1000,1,0.1,0.3,0.5,0.12649,0.67709,0.02348
35,1000,1,0.1,0.3,0.5,0.12649,0.67989,0.02065
36,1000,1,0.1,0.3,0.5,0.12649,0.68006,0.01957
37,1000,1,0.1,0.3,0.5,0.12649,0.67839,0.02162
38,1000,1,0.1,0.3,0.5,0.12649,0.6751,0.02599
39,1000,1,0.1,0.3,0.5,0.12649,0.67682,0.0234
40,1000,1,0.1,0.3,0.5,0.12649,0.67594,0.0242
41,1000,1,0.1,0.3,0.5,0.12649,0.67598,0.02371
42,1000,1,0.1,0.3,0.5,0.12649,0.67778,0.02358
43,1000,1,0.1,0.3,0.5,0.12649,0.67622,0.02478
44,1000,1,0.1,0.3,0.5,0.12649,0.67459,0.02726
45,1000,1,0.1,0.3,0.5,0.12649,0.67456,0.02509
46,1000,1,0.1,0.3,0.5,0.12649,0.67511,0.02582
47,1000,1,0.1,0.3,0.5,0.12649,0.67715,0.023
48,1000,1,0.1,0.3,0.5,0.12649,0.67669,0.0235
49,1000,1,0.1,0.3,0.5,0.12649,0.68029,0.02011
50,1000,1,0.1,0.3,0.5,0.12649,0.67529,0.02484
51,1000,1,0.1,0.3,0.5,0.12649,0.67885,0.0211
52,1000,1,0.1,0.3,0.5,0.12649,0.6797,0.02034
53,1000,1,0.1,0.3,0.5,0.12649,0.67385,0.02642
54,1000,1,0.1,0.3,0.5,0.12649,0.6779,0.02248
55,1000,1,0.1,0.3,0.5,0.12649,0.67858,0.02272
56,1000,1,0.1,0.3,0.5,0.12649,0.67876,0.02133
57,1000,1,0.1,0.3,0.5,0.12649,0.67957,0.02118
58,1000,1,0.1,0.3,0.5,0.12649,0.6727,0.02788
59,1000,1,0.1,0.3,0.5,0.12649,0.67678,0.02328
60,1000,1,0.1,0.3,0.5,0.12649,0.6739,0.02666
61,1000,1,0.1,0.3,0.5,0.12649,0.67784,0.02344
62,1000,1,0.1,0.3,0.5,0.12649,0.67845,0.02122
63,1000,1,0.1,0.3,0.5,0.12649,0.67896,0.02162
64,1000,1,0.1,0.3,0.5,0.12649,0.67701,0.02379
65,1000,1,0.1,0.3,0.5,0.12649,0.67794,0.02156
66,1000,1,0.1,0.3,0.5,0.12649,0.67723,0.02308
67,1000,1,0.1,0.3,0.5,0.12649,0.67534,0.02417
68,1000,1,0.1,0.3,0.5,0.12649,0.67826,0.02134
69,1000,1,0.1,0.3,0.5,0.12649,0.67783,0.02222
70,1000,1,0.1,0.3,0.5,0.12649,0.67656,0.02392
71,1000,1,0.1,0.3,0.5,0.12649,0.67858,0.02199
72,1000,1,0.1,0.3,0.5,0.12649,0.67706,0.02292
73,1000,1,0.1,0.3,0.5,0.12649,0.68031,0.01902
74,1000,1,0.1,0.3,0.5,0.12649,0.67939,0.02038
75,1000,1,0.1,0.3,0.5,0.12649,0.67397,0.02677
76,1000,1,0.1,0.3,0.5,0.12649,0.67538,0.02471
77,1000,1,0.1,0.3,0.5,0.12649,0.67932,0.02199
78,1000,1,0.1,0.3,0.5,0.12649,0.67743,0.02232
79,1000,1,0.1,0.3,0.5,0.12649,0.67476,0.02571
80,1000,1,0.1,0.3,0.5,0.12649,0.67838,0.02168
81,1000,1,0.1,0.3,0.5,0.12649,0.68272,0.01743
82,1000,1,0.1,0.3,0.5,0.12649,0.68011,0.01932
83,1000,1,0.1,0.3,0.5,0.12649,0.67751,0.023
84,1000,1,0.1,0.3,0.5,0.12649,0.67726,0.02233
85,1000,1,0.1,0.3,0.5,0.12649,0.67626,0.02385
86,1000,1,0.1,0.3,0.5,0.12649,0.67964,0.021
87,1000,1,0.1,0.3,0.5,0.12649,0.6762,0.02365
88,1000,1,0.1,0.3,0.5,0.12649,0.67526,0.02547
89,1000,1,0.1,0.3,0.5,0.12649,0.67504,0.02503
90,1000,1,0.1,0.3,0.5,0.12649,0.67489,0.02528
91,1000,1,0.1,0.3,0.5,0.12649,0.67647,0.02392
92,1000,1,0.1,0.3,0.5,0.12649,0.67707,0.02467
93,1000,1,0.1,0.3,0.5,0.12649,0.67898,0.0209
94,1000,1,0.1,0.3,0.5,0.12649,0.68085,0.01927
95,1000,1,0.1,0.3,0.5,0.12649,0.67932,0.02154
96,1000,1,0.1,0.3,0.5,0.12649,0.6773,0.02317
97,1000,1,0.1,0.3,0.5,0.12649,0.67858,0.02331
98,1000,1,0.1,0.3,0.5,0.12649,0.67917,0.02145
99,1000,1,0.1,0.3,0.5,0.12649,0.67947,0.02158
0,1000,1,0.1,0.3,0.5,0.10481,0.6488,0.02553
1,1000,1,0.1,0.3,0.5,0.10481,0.6563,0.02113
2,1000,1,0.1,0.3,0.5,0.10481,0.65254,0.02097
3,1000,1,0.1,0.3,0.5,0.10481,0.65277,0.02449
4,1000,1,0.1,0.3,0.5,0.10481,0.65311,0.02247
5,1000,1,0.1,0.3,0.5,0.10481,0.65525,0.02317
6,1000,1,0.1,0.3,0.5,0.10481,0.65549,0.01778
7,1000,1,0.1,0.3,0.5,0.10481,0.64969,0.02529
8,1000,1,0.1,0.3,0.5,0.10481,0.65439,0.01994
9,1000,1,0.1,0.3,0.5,0.10481,0.65441,0.02007
10,1000,1,0.1,0.3,0.5,0.10481,0.6493,0.02519
11,1000,1,0.1,0.3,0.5,0.10481,0.65097,0.02372
12,1000,1,0.1,0.3,0.5,0.10481,0.65678,0.0171
13,1000,1,0.1,0.3,0.5,0.10481,0.653,0.0201
14,1000,1,0.1,0.3,0.5,0.10481,0.65001,0.02511
15,1000,1,0.1,0.3,0.5,0.10481,0.6519,0.02202
16,1000,1,0.1,0.3,0.5,0.10481,0.64709,0.0283
17,1000,1,0.1,0.3,0.5,0.10481,0.65409,0.02034
18,1000,1,0.1,0.3,0.5,0.10481,0.65561,0.01918
19,1000,1,0.1,0.3,0.5,0.10481,0.65677,0.0177
20,1000,1,0.1,0.3,0.5,0.10481,0.65333,0.02044
21,1000,1,0.1,0.3,0.5,0.10481,0.65671,0.02054
22,1000,1,0.1,0.3,0.5,0.10481,0.6528,0.02141
23,1000,1,0.1,0.3,0.5,0.10481,0.65201,0.02138
24,1000,1,0.1,0.3,0.5,0.10481,0.65526,0.02196
25,1000,1,0.1,0.3,0.5,0.10481,0.65688,0.01838
26,1000,1,0.1,0.3,0.5,0.10481,0.6499,0.02479
27,1000,1,0.1,0.3,0.5,0.10481,0.65304,0.02049
28,1000,1,0.1,0.3,0.5,0.10481,0.6538,0.02037
29,1000,1,0.1,0.3,0.5,0.10481,0.65798,0.01798
30,1000,1,0.1,0.3,0.5,0.10481,0.65423,0.01865
31,1000,1,0.1,0.3,0.5,0.10481,0.65761,0.01723
32,1000,1,0.1,0.3,0.5,0.10481,0.6543,0.0187
33,1000,1,0.1,0.3,0.5,0.10481,0.658,0.01682
34,1000,1,0.1,0.3,0.5,0.10481,0.6539,0.02103
35,1000,1,0.1,0.3,0.5,0.10481,0.65762,0.01763
36,1000,1,0.1,0.3,0.5,0.10481,0.65782,0.01555
37,1000,1,0.1,0.3,0.5,0.10481,0.65561,0.01838
38,1000,1,0.1,0.3,0.5,0.10481,0.65127,0.02441
39,1000,1,0.1,0.3,0.5,0.10481,0.65353,0.02062
40,1000,1,0.1,0.3,0.5,0.10481,0.65235,0.0216
41,1000,1,0.1,0.3,0.5,0.10481,0.6524,0.02067
42,1000,1,0.1,0.3,0.5,0.10481,0.65483,0.0217
43,1000,1,0.1,0.3,0.5,0.10481,0.65274,0.02294
44,1000,1,0.1,0.3,0.5,0.10481,0.65062,0.02639
45,1000,1,0.1,0.3,0.5,0.10481,0.65054,0.02234
46,1000,1,0.1,0.3,0.5,0.10481,0.6513,0.02411
47,1000,1,0.1,0.3,0.5,0.10481,0.65394,0.02017
48,1000,1,0.1,0.3,0.5,0.10481,0.65336,0.02076
49,1000,1,0.1,0.3,0.5,0.10481,0.65813,0.01696
50,1000,1,0.1,0.3,0.5,0.10481,0.65151,0.02235
51,1000,1,0.1,0.3,0.5,0.10481,0.65621,0.01769
52,1000,1,0.1,0.3,0.5,0.10481,0.65734,0.0169
53,1000,1,0.1,0.3,0.5,0.10481,0.6496,0.0244
54,1000,1,0.1,0.3,0.5,0.10481,0.65494,0.01978
55,1000,1,0.1,0.3,0.5,0.10481,0.65588,0.02066
56,1000,1,0.1,0.3,0.5,0.10481,0.65609,0.01816
57,1000,1,0.1,0.3,0.5,0.10481,0.6572,0.01841
58,1000,1,0.1,0.3,0.5,0.10481,0.64809,0.02639
59,1000,1,0.1,0.3,0.5,0.10481,0.65348,0.02042
60,1000,1,0.1,0.3,0.5,0.10481,0.64969,0.02484
61,1000,1,0.1,0.3,0.5,0.10481,0.6549,0.02143
62,1000,1,0.1,0.3,0.5,0.10481,0.65565,0.01762
63,1000,1,0.1,0.3,0.5,0.10481,0.65638,0.01882
64,1000,1,0.1,0.3,0.5,0.10481,0.65381,0.02157
65,1000,1,0.1,0.3,0.5,0.10481,0.65502,0.01784
66,1000,1,0.1,0.3,0.5,0.10481,0.65407,0.02036
67,1000,1,0.1,0.3,0.5,0.10481,0.65158,0.02106
68,1000,1,0.1,0.3,0.5,0.10481,0.65541,0.01776
69,1000,1,0.1,0.3,0.5,0.10481,0.65484,0.01918
70,1000,1,0.1,0.3,0.5,0.10481,0.65318,0.02152
71,1000,1,0.1,0.3,0.5,0.10481,0.65586,0.01924
72,1000,1,0.1,0.3,0.5,0.10481,0.65385,0.01992
73,1000,1,0.1,0.3,0.5,0.10481,0.65813,0.01467
74,1000,1,0.1,0.3,0.5,0.10481,0.65693,0.0167
75,1000,1,0.1,0.3,0.5,0.10481,0.64975,0.02518
76,1000,1,0.1,0.3,0.5,0.10481,0.65162,0.02215
77,1000,1,0.1,0.3,0.5,0.10481,0.65686,0.01985
78,1000,1,0.1,0.3,0.5,0.10481,0.65433,0.019
79,1000,1,0.1,0.3,0.5,0.10481,0.65079,0.02369
80,1000,1,0.1,0.3,0.5,0.10481,0.6556,0.01853
81,1000,1,0.1,0.3,0.5,0.10481,0.66132,0.01383
82,1000,1,0.1,0.3,0.5,0.10481,0.65788,0.01508
83,1000,1,0.1,0.3,0.5,0.10481,0.65444,0.02047
84,1000,1,0.1,0.3,0.5,0.10481,0.65412,0.01887
85,1000,1,0.1,0.3,0.5,0.10481,0.6528,0.0211
86,1000,1,0.1,0.3,0.5,0.10481,0.65724,0.01825
87,1000,1,0.1,0.3,0.5,0.10481,0.65272,0.02066
88,1000,1,0.1,0.3,0.5,0.10481,0.65145,0.02361
89,1000,1,0.1,0.3,0.5,0.10481,0.65117,0.02252
90,1000,1,0.1,0.3,0.5,0.10481,0.65098,0.02292
91,1000,1,0.1,0.3,0.5,0.10481,0.65306,0.02143
92,1000,1,0.1,0.3,0.5,0.10481,0.65389,0.02319
93,1000,1,0.1,0.3,0.5,0.10481,0.6564,0.01733
94,1000,1,0.1,0.3,0.5,0.10481,0.65887,0.01577
95,1000,1,0.1,0.3,0.5,0.10481,0.65684,0.01899
96,1000,1,0.1,0.3,0.5,0.10481,0.65419,0.02053
97,1000,1,0.1,0.3,0.5,0.10481,0.65591,0.02175
98,1000,1,0.1,0.3,0.5,0.10481,0.65664,0.01869
99,1000,1,0.1,0.3,0.5,0.10481,0.65707,0.01916
0,1000,1,0.1,0.3,0.5,0.08685,0.61926,0.02381
1,1000,1,0.1,0.3,0.5,0.08685,0.62898,0.02077
2,1000,1,0.1,0.3,0.5,0.08685,0.62405,0.01809
3,1000,1,0.1,0.3,0.5,0.08685,0.62441,0.02449
4,1000,1,0.1,0.3,0.5,0.08685,0.62482,0.02108
5,1000,1,0.1,0.3,0.5,0.08685,0.62765,0.02339
6,1000,1,0.1,0.3,0.5,0.08685,0.62784,0.0142
7,1000,1,0.1,0.3,0.5,0.08685,0.62041,0.02401
8,1000,1,0.1,0.3,0.5,0.08685,0.62645,0.0175
9,1000,1,0.1,0.3,0.5,0.08685,0.62648,0.01775
10,1000,1,0.1,0.3,0.5,0.08685,0.6199,0.02348
11,1000,1,0.1,0.3,0.5,0.08685,0.62205,0.02198
12,1000,1,0.1,0.3,0.5,0.08685,0.62952,0.01418
13,1000,1,0.1,0.3,0.5,0.08685,0.62463,0.01666
14,1000,1,0.1,0.3,0.5,0.08685,0.62083,0.02365
15,1000,1,0.1,0.3,0.5,0.08685,0.62323,0.01951
16,1000,1,0.1,0.3,0.5,0.08685,0.61708,0.02776
17,1000,1,0.1,0.3,0.5,0.08685,0.62607,0.01788
18,1000,1,0.1,0.3,0.5,0.08685,0.62801,0.01708
19,1000,1,0.1,0.3,0.5,0.08685,0.62949,0.01546
20,1000,1,0.1,0.3,0.5,0.08685,0.62507,0.01764
21,1000,1,0.1,0.3,0.5,0.08685,0.62947,0.02023
22,1000,1,0.1,0.3,0.5,0.08685,0.6244,0.01898
23,1000,1,0.1,0.3,0.5,0.08685,0.62337,0.01844
24,1000,1,0.1,0.3,0.5,0.08685,0.62759,0.02163
25,1000,1,0.1,0.3,0.5,0.08685,0.62965,0.01672
26,1000,1,0.1,0.3,0.5,0.08685,0.62067,0.02329
27,1000,1,0.1,0.3,0.5,0.08685,0.62469,0.0175
28,1000,1,0.1,0.3,0.5,0.08685,0.62569,0.01779
29,1000,1,0.1,0.3,0.5,0.08685,0.63103,0.01707
30,1000,1,0.1,0.3,0.5,0.08685,0.62624,0.01484
31,1000,1,0.1,0.3,0.5,0.08685,0.63062,0.01513
32,1000,1,0.1,0.3,0.5,0.08685,0.62632,0.01495
33,1000,1,0.1,0.3,0.5,0.08685,0.63107,0.01496
34,1000,1,0.1,0.3,0.5,0.08685,0.62584,0.01916
35,1000,1,0.1,0.3,0.5,0.08685,0.63065,0.01576
36,1000,1,0.1,0.3,0.5,0.08685,0.63087,0.01196
37,1000,1,0.1,0.3,0.5,0.08685,0.62801,0.01558
38,1000,1,0.1,0.3,0.5,0.08685,0.62244,0.0234
39,1000,1,0.1,0.3,0.5,0.08685,0.62535,0.01797
40,1000,1,0.1,0.3,0.5,0.08685,0.6238,0.01909
41,1000,1,0.1,0.3,0.5,0.08685,0.62385,0.01737
42,1000,1,0.1,0.3,0.5,0.08685,0.62704,0.02091
43,1000,1,0.1,0.3,0.5,0.08685,0.62433,0.02189
44,1000,1,0.1,0.3,0.5,0.08685,0.62165,0.02633
45,1000,1,0.1,0.3,0.5,0.08685,0.62147,0.01913
46,1000,1,0.1,0.3,0.5,0.08685,0.62248,0.02292
47,1000,1,0.1,0.3,0.5,0.08685,0.62583,0.01762
48,1000,1,0.1,0.3,0.5,0.08685,0.6251,0.01819
49,1000,1,0.1,0.3,0.5,0.08685,0.63128,0.01517
50,1000,1,0.1,0.3,0.5,0.08685,0.62272,0.01982
51,1000,1,0.1,0.3,0.5,0.08685,0.62879,0.01474
52,1000,1,0.1,0.3,0.5,0.08685,0.63025,0.01429
53,1000,1,0.1,0.3,0.5,0.08685,0.62027,0.02235
54,1000,1,0.1,0.3,0.5,0.08685,0.62711,0.01777
55,1000,1,0.1,0.3,0.5,0.08685,0.6284,0.01985
56,1000,1,0.1,0.3,0.5,0.08685,0.62863,0.01567
57,1000,1,0.1,0.3,0.5,0.08685,0.6301,0.01682
58,1000,1,0.1,0.3,0.5,0.08685,0.61834,0.02491
59,1000,1,0.1,0.3,0.5,0.08685,0.62527,0.01773
60,1000,1,0.1,0.3,0.5,0.08685,0.6204,0.02308
61,1000,1,0.1,0.3,0.5,0.08685,0.62714,0.02045
62,1000,1,0.1,0.3,0.5,0.08685,0.62803,0.01413
63,1000,1,0.1,0.3,0.5,0.08685,0.62903,0.01703
64,1000,1,0.1,0.3,0.5,0.08685,0.62571,0.02
65,1000,1,0.1,0.3,0.5,0.08685,0.62724,0.01387
66,1000,1,0.1,0.3,0.5,0.08685,0.62602,0.01801
67,1000,1,0.1,0.3,0.5,0.08685,0.62281,0.01739
68,1000,1,0.1,0.3,0.5,0.08685,0.62771,0.01428
69,1000,1,0.1,0.3,0.5,0.08685,0.62699,0.01654
70,1000,1,0.1,0.3,0.5,0.08685,0.62487,0.01954
71,1000,1,0.1,0.3,0.5,0.08685,0.62836,0.0174
72,1000,1,0.1,0.3,0.5,0.08685,0.62575,0.0171
73,1000,1,0.1,0.3,0.5,0.08685,0.63125,0.01057
74,1000,1,0.1,0.3,0.5,0.08685,0.62971,0.01348
75,1000,1,0.1,0.3,0.5,0.08685,0.62046,0.02392
76,1000,1,0.1,0.3,0.5,0.08685,0.62287,0.01951
77,1000,1,0.1,0.3,0.5,0.08685,0.62966,0.01919
78,1000,1,0.1,0.3,0.5,0.08685,0.62635,0.01567
79,1000,1,0.1,0.3,0.5,0.08685,0.6218,0.02187
80,1000,1,0.1,0.3,0.5,0.08685,0.628,0.01591
81,1000,1,0.1,0.3,0.5,0.08685,0.63535,0.0128
82,1000,1,0.1,0.3,0.5,0.08685,0.63093,0.01112
83,1000,1,0.1,0.3,0.5,0.08685,0.62648,0.0186
84,1000,1,0.1,0.3,0.5,0.08685,0.62608,0.01514
85,1000,1,0.1,0.3,0.5,0.08685,0.62442,0.01836
86,1000,1,0.1,0.3,0.5,0.08685,0.63008,0.0169
87,1000,1,0.1,0.3,0.5,0.08685,0.62429,0.01749
88,1000,1,0.1,0.3,0.5,0.08685,0.62263,0.02221
89,1000,1,0.1,0.3,0.5,0.08685,0.62229,0.01982
90,1000,1,0.1,0.3,0.5,0.08685,0.62205,0.02051
91,1000,1,0.1,0.3,0.5,0.08685,0.62474,0.01927
92,1000,1,0.1,0.3,0.5,0.08685,0.62585,0.02272
93,1000,1,0.1,0.3,0.5,0.08685,0.62904,0.01408
94,1000,1,0.1,0.3,0.5,0.08685,0.63224,0.01368
95,1000,1,0.1,0.3,0.5,0.08685,0.62963,0.01774
96,1000,1,0.1,0.3,0.5,0.08685,0.6262,0.01828
97,1000,1,0.1,0.3,0.5,0.08685,0.62846,0.02168
98,1000,1,0.1,0.3,0.5,0.08685,0.62933,0.01699
99,1000,1,0.1,0.3,0.5,0.08685,0.62993,0.01814
0,1000,1,0.1,0.3,0.5,0.07197,0.58511,0.02329
1,1000,1,0.1,0.3,0.5,0.07197,0.5973,0.023
2,1000,1,0.1,0.3,0.5,0.07197,0.59106,0.01687
3,1000,1,0.1,0.3,0.5,0.07197,0.59159,0.02686
4,1000,1,0.1,0.3,0.5,0.07197,0.59205,0.02165
5,1000,1,0.1,0.3,0.5,0.07197,0.59568,0.02593
6,1000,1,0.1,0.3,0.5,0.07197,0.59577,0.01261
7,1000,1,0.1,0.3,0.5,0.07197,0.58656,0.02428
8,1000,1,0.1,0.3,0.5,0.07197,0.59406,0.01715
9,1000,1,0.1,0.3,0.5,0.07197,0.59412,0.01762
10,1000,1,0.1,0.3,0.5,0.07197,0.58587,0.023
11,1000,1,0.1,0.3,0.5,0.07197,0.58859,0.02184
12,1000,1,0.1,0.3,0.5,0.07197,0.59791,0.01416
13,1000,1,0.1,0.3,0.5,0.07197,0.59176,0.01446
14,1000,1,0.1,0.3,0.5,0.07197,0.58709,0.02349
15,1000,1,0.1,0.3,0.5,0.07197,0.59004,0.01852
16,1000,1,0.1,0.3,0.5,0.07197,0.58244,0.02871
17,1000,1,0.1,0.3,0.5,0.07197,0.59358,0.01726
18,1000,1,0.1,0.3,0.5,0.07197,0.596,0.01747
19,1000,1,0.1,0.3,0.5,0.07197,0.59784,0.01633
20,1000,1,0.1,0.3,0.5,0.07197,0.59231,0.01658
21,1000,1,0.1,0.3,0.5,0.07197,0.5979,0.02278
22,1000,1,0.1,0.3,0.5,0.07197,0.59152,0.01821
23,1000,1,0.1,0.3,0.5,0.07197,0.5902,0.01698
24,1000,1,0.1,0.3,0.5,0.07197,0.59551,0.02381
25,1000,1,0.1,0.3,0.5,0.07197,0.59805,0.01808
26,1000,1,0.1,0.3,0.5,0.07197,0.58684,0.02341
27,1000,1,0.1,0.3,0.5,0.07197,0.59183,0.01607
28,1000,1,0.1,0.3,0.5,0.07197,0.59315,0.017
29,1000,1,0.1,0.3,0.5,0.07197,0.59973,0.01961
30,1000,1,0.1,0.3,0.5,0.07197,0.5938,0.01267
31,1000,1,0.1,0.3,0.5,0.07197,0.59928,0.01625
32,1000,1,0.1,0.3,0.5,0.07197,0.59388,0.0127
33,1000,1,0.1,0.3,0.5,0.07197,0.59982,0.01667
34,1000,1,0.1,0.3,0.5,0.07197,0.59334,0.01951
35,1000,1,0.1,0.3,0.5,0.07197,0.59937,0.01695
36,1000,1,0.1,0.3,0.5,0.07197,0.59959,0.01145
37,1000,1,0.1,0.3,0.5,0.07197,0.596,0.01517
38,1000,1,0.1,0.3,0.5,0.07197,0.58907,0.02425
39,1000,1,0.1,0.3,0.5,0.07197,0.59271,0.01697
40,1000,1,0.1,0.3,0.5,0.07197,0.59072,0.01814
41,1000,1,0.1,0.3,0.5,0.07197,0.59076,0.0154
42,1000,1,0.1,0.3,0.5,0.07197,0.59487,0.02255
43,1000,1,0.1,0.3,0.5,0.07197,0.59146,0.02317
44,1000,1,0.1,0.3,0.5,0.07197,0.58818,0.02824
45,1000,1,0.1,0.3,0.5,0.07197,0.5878,0.01679
46,1000,1,0.1,0.3,0.5,0.07197,0.58914,0.02357
47,1000,1,0.1,0.3,0.5,0.07197,0.59325,0.01702
48,1000,1,0.1,0.3,0.5,0.07197,0.59235,0.0173
49,1000,1,0.1,0.3,0.5,0.07197,0.60012,0.01675
50,1000,1,0.1,0.3,0.5,0.07197,0.58939,0.01864
51,1000,1,0.1,0.3,0.5,0.07197,0.59698,0.01435
52,1000,1,0.1,0.3,0.5,0.07197,0.59881,0.01479
53,1000,1,0.1,0.3,0.5,0.07197,0.58633,0.02154
54,1000,1,0.1,0.3,0.5,0.07197,0.59483,0.0182
55,1000,1,0.1,0.3,0.5,0.07197,0.59655,0.02173
56,1000,1,0.1,0.3,0.5,0.07197,0.59676,0.01591
57,1000,1,0.1,0.3,0.5,0.07197,0.59865,0.01816
58,1000,1,0.1,0.3,0.5,0.07197,0.58396,0.02462
59,1000,1,0.1,0.3,0.5,0.07197,0.59256,0.01698
60,1000,1,0.1,0.3,0.5,0.07197,0.58652,0.02254
61,1000,1,0.1,0.3,0.5,0.07197,0.59498,0.02192
62,1000,1,0.1,0.3,0.5,0.07197,0.59597,0.01285
63,1000,1,0.1,0.3,0.5,0.07197,0.59732,0.0181
64,1000,1,0.1,0.3,0.5,0.07197,0.59316,0.02055
65,1000,1,0.1,0.3,0.5,0.07197,0.59501,0.01153
66,1000,1,0.1,0.3,0.5,0.07197,0.5935,0.01764
67,1000,1,0.1,0.3,0.5,0.07197,0.58947,0.01446
68,1000,1,0.1,0.3,0.5,0.07197,0.59558,0.01308
69,1000,1,0.1,0.3,0.5,0.07197,0.59471,0.01619
70,1000,1,0.1,0.3,0.5,0.07197,0.59205,0.01951
71,1000,1,0.1,0.3,0.5,0.07197,0.59646,0.01838
72,1000,1,0.1,0.3,0.5,0.07197,0.59319,0.01626
73,1000,1,0.1,0.3,0.5,0.07197,0.60002,0.01
74,1000,1,0.1,0.3,0.5,0.07197,0.59814,0.01311
75,1000,1,0.1,0.3,0.5,0.07197,0.58659,0.0243
76,1000,1,0.1,0.3,0.5,0.07197,0.58956,0.01815
77,1000,1,0.1,0.3,0.5,0.07197,0.59811,0.02146
78,1000,1,0.1,0.3,0.5,0.07197,0.59392,0.01419
79,1000,1,0.1,0.3,0.5,0.07197,0.58827,0.0216
80,1000,1,0.1,0.3,0.5,0.07197,0.596,0.01586
81,1000,1,0.1,0.3,0.5,0.07197,0.60514,0.01655
82,1000,1,0.1,0.3,0.5,0.07197,0.59963,0.01046
83,1000,1,0.1,0.3,0.5,0.07197,0.59406,0.01902
84,1000,1,0.1,0.3,0.5,0.07197,0.59357,0.01286
85,1000,1,0.1,0.3,0.5,0.07197,0.59155,0.0172
86,1000,1,0.1,0.3,0.5,0.07197,0.59858,0.01891
87,1000,1,0.1,0.3,0.5,0.07197,0.59136,0.01562
88,1000,1,0.1,0.3,0.5,0.07197,0.58926,0.02267
89,1000,1,0.1,0.3,0.5,0.07197,0.58884,0.01821
90,1000,1,0.1,0.3,0.5,0.07197,0.58857,0.01943
91,1000,1,0.1,0.3,0.5,0.07197,0.59194,0.01897
92,1000,1,0.1,0.3,0.5,0.07197,0.59339,0.02438
93,1000,1,0.1,0.3,0.5,0.07197,0.59732,0.0134
94,1000,1,0.1,0.3,0.5,0.07197,0.60132,0.01542
95,1000,1,0.1,0.3,0.5,0.07197,0.59809,0.0195
96,1000,1,0.1,0.3,0.5,0.07197,0.59377,0.01792
97,1000,1,0.1,0.3,0.5,0.07197,0.59666,0.02426
98,1000,1,0.1,0.3,0.5,0.07197,0.59762,0.01809
99,1000,1,0.1,0.3,0.5,0.07197,0.59846,0.02012
0,1000,1,0.1,0.3,0.5,0.05964,0.54755,0.02448
1,1000,1,0.1,0.3,0.5,0.05964,0.56225,0.02719
2,1000,1,0.1,0.3,0.5,0.05964,0.55472,0.01823
3,1000,1,0.1,0.3,0.5,0.05964,0.55544,0.03148
4,1000,1,0.1,0.3,0.5,0.05964,0.55589,0.02426
5,1000,1,0.1,0.3,0.5,0.05964,0.56041,0.03018
6,1000,1,0.1,0.3,0.5,0.05964,0.5603,0.01378
7,1000,1,0.1,0.3,0.5,0.05964,0.54933,0.0265
8,1000,1,0.1,0.3,0.5,0.05964,0.55827,0.01919
9,1000,1,0.1,0.3,0.5,0.05964,0.55837,0.02003
10,1000,1,0.1,0.3,0.5,0.05964,0.54838,0.02422
11,1000,1,0.1,0.3,0.5,0.05964,0.55177,0.02378
12,1000,1,0.1,0.3,0.5,0.05964,0.56295,0.01717
13,1000,1,0.1,0.3,0.5,0.05964,0.55549,0.01446
14,1000,1,0.1,0.3,0.5,0.05964,0.54994,0.02489
15,1000,1,0.1,0.3,0.5,0.05964,0.55346,0.01976
16,1000,1,0.1,0.3,0.5,0.05964,0.54441,0.03163
17,1000,1,0.1,0.3,0.5,0.05964,0.55769,0.01873
18,1000,1,0.1,0.3,0.5,0.05964,0.5606,0.02028
19,1000,1,0.1,0.3,0.5,0.05964,0.56281,0.02013
20,1000,1,0.1,0.3,0.5,0.05964,0.55614,0.01793
21,1000,1,0.1,0.3,0.5,0.05964,0.563,0.02743
22,1000,1,0.1,0.3,0.5,0.05964,0.55526,0.01954
23,1000,1,0.1,0.3,0.5,0.05964,0.55363,0.01801
24,1000,1,0.1,0.3,0.5,0.05964,0.56005,0.02797
25,1000,1,0.1,0.3,0.5,0.05964,0.56308,0.022
26,1000,1,0.1,0.3,0.5,0.05964,0.54959,0.02576
27,1000,1,0.1,0.3,0.5,0.05964,0.55556,0.01694
28,1000,1,0.1,0.3,0.5,0.05964,0.5573,0.01838
29,1000,1,0.1,0.3,0.5,0.05964,0.56506,0.02468
30,1000,1,0.1,0.3,0.5,0.05964,0.55797,0.01359
31,1000,1,0.1,0.3,0.5,0.05964,0.56458,0.0201
32,1000,1,0.1,0.3,0.5,0.05964,0.55804,0.01306
33,1000,1,0.1,0.3,0.5,0.05964,0.56523,0.02126
34,1000,1,0.1,0.3,0.5,0.05964,0.55752,0.0223
35,1000,1,0.1,0.3,0.5,0.05964,0.56477,0.02059
36,1000,1,0.1,0.3,0.5,0.05964,0.56497,0.01419
37,1000,1,0.1,0.3,0.5,0.05964,0.56063,0.01745
38,1000,1,0.1,0.3,0.5,0.05964,0.5523,0.02718
39,1000,1,0.1,0.3,0.5,0.05964,0.55673,0.01809
40,1000,1,0.1,0.3,0.5,0.05964,0.55424,0.01936
41,1000,1,0.1,0.3,0.5,0.05964,0.55426,0.01587
42,1000,1,0.1,0.3,0.5,0.05964,0.55938,0.02633
43,1000,1,0.1,0.3,0.5,0.05964,0.55528,0.02706
44,1000,1,0.1,0.3,0.5,0.05964,0.55139,0.03215
45,1000,1,0.1,0.3,0.5,0.05964,0.55068,0.01637
46,1000,1,0.1,0.3,0.5,0.05964,0.55242,0.02633
47,1000,1,0.1,0.3,0.5,0.05964,0.55728,0.01879
48,1000,1,0.1,0.3,0.5,0.05964,0.55617,0.01856
49,1000,1,0.1,0.3,0.5,0.05964,0.56566,0.02089
50,1000,1,0.1,0.3,0.5,0.05964,0.55262,0.01947
51,1000,1,0.1,0.3,0.5,0.05964,0.56181,0.01672
52,1000,1,0.1,0.3,0.5,0.05964,0.56402,0.0182
53,1000,1,0.1,0.3,0.5,0.05964,0.54898,0.02258
54,1000,1,0.1,0.3,0.5,0.05964,0.55912,0.02115
55,1000,1,0.1,0.3,0.5,0.05964,0.56138,0.0259
56,1000,1,0.1,0.3,0.5,0.05964,0.56152,0.01889
57,1000,1,0.1,0.3,0.5,0.05964,0.56386,0.02191
58,1000,1,0.1,0.3,0.5,0.05964,0.54618,0.02603
59,1000,1,0.1,0.3,0.5,0.05964,0.55643,0.01891
60,1000,1,0.1,0.3,0.5,0.05964,0.54921,0.02363
61,1000,1,0.1,0.3,0.5,0.05964,0.55948,0.02564
62,1000,1,0.1,0.3,0.5,0.05964,0.56052,0.01459
63,1000,1,0.1,0.3,0.5,0.05964,0.56228,0.02179
64,1000,1,0.1,0.3,0.5,0.05964,0.5572,0.02324
65,1000,1,0.1,0.3,0.5,0.05964,0.55934,0.01201
66,1000,1,0.1,0.3,0.5,0.05964,0.55754,0.01953
67,1000,1,0.1,0.3,0.5,0.05964,0.55268,0.0134
68,1000,1,0.1,0.3,0.5,0.05964,0.56007,0.01501
69,1000,1,0.1,0.3,0.5,0.05964,0.55909,0.01852
70,1000,1,0.1,0.3,0.5,0.05964,0.5558,0.02174
71,1000,1,0.1,0.3,0.5,0.05964,0.5612,0.02221
72,1000,1,0.1,0.3,0.5,0.05964,0.55726,0.01812
73,1000,1,0.1,0.3,0.5,0.05964,0.56542,0.01344
74,1000,1,0.1,0.3,0.5,0.05964,0.56323,0.01582
75,1000,1,0.1,0.3,0.5,0.05964,0.54933,0.0268
76,1000,1,0.1,0.3,0.5,0.05964,0.55283,0.01873
77,1000,1,0.1,0.3,0.5,0.05964,0.56319,0.02599
78,1000,1,0.1,0.3,0.5,0.05964,0.5581,0.01549
79,1000,1,0.1,0.3,0.5,0.05964,0.55138,0.02335
80,1000,1,0.1,0.3,0.5,0.05964,0.5606,0.01859
81,1000,1,0.1,0.3,0.5,0.05964,0.57159,0.02273
82,1000,1,0.1,0.3,0.5,0.05964,0.56495,0.0136
83,1000,1,0.1,0.3,0.5,0.05964,0.55823,0.02182
84,1000,1,0.1,0.3,0.5,0.05964,0.55766,0.01308
85,1000,1,0.1,0.3,0.5,0.05964,0.55532,0.01828
86,1000,1,0.1,0.3,0.5,0.05964,0.56375,0.02377
87,1000,1,0.1,0.3,0.5,0.05964,0.55504,0.01589
88,1000,1,0.1,0.3,0.5,0.05964,0.5525,0.02532
89,1000,1,0.1,0.3,0.5,0.05964,0.55192,0.01829
90,1000,1,0.1,0.3,0.5,0.05964,0.55171,0.02034
91,1000,1,0.1,0.3,0.5,0.05964,0.55577,0.0209
92,1000,1,0.1,0.3,0.5,0.05964,0.55757,0.02783
93,1000,1,0.1,0.3,0.5,0.05964,0.56225,0.01584
94,1000,1,0.1,0.3,0.5,0.05964,0.56709,0.01994
95,1000,1,0.1,0.3,0.5,0.05964,0.56327,0.0237
96,1000,1,0.1,0.3,0.5,0.05964,0.55794,0.01955
97,1000,1,0.1,0.3,0.5,0.05964,0.56151,0.02887
98,1000,1,0.1,0.3,0.5,0.05964,0.56249,0.02157
99,1000,1,0.1,0.3,0.5,0.05964,0.56365,0.02445
0,1000,1,0.1,0.3,0.5,0.04942,0.50832,0.0272
1,1000,1,0.1,0.3,0.5,0.04942,0.52529,0.03209
2,1000,1,0.1,0.3,0.5,0.04942,0.5167,0.02195
3,1000,1,0.1,0.3,0.5,0.04942,0.51757,0.03752
4,1000,1,0.1,0.3,0.5,0.04942,0.51791,0.02824
5,1000,1,0.1,0.3,0.5,0.04942,0.52333,0.03503
6,1000,1,0.1,0.3,0.5,0.04942,0.52295,0.01654
7,1000,1,0.1,0.3,0.5,0.04942,0.51049,0.03035
8,1000,1,0.1,0.3,0.5,0.04942,0.52064,0.0227
9,1000,1,0.1,0.3,0.5,0.04942,0.5208,0.02408
10,1000,1,0.1,0.3,0.5,0.04942,0.50912,0.02699
11,1000,1,0.1,0.3,0.5,0.04942,0.51332,0.02757
12,1000,1,0.1,0.3,0.5,0.04942,0.52616,0.02156
13,1000,1,0.1,0.3,0.5,0.04942,0.51743,0.01652
14,1000,1,0.1,0.3,0.5,0.04942,0.51109,0.02758
15,1000,1,0.1,0.3,0.5,0.04942,0.51515,0.02292
16,1000,1,0.1,0.3,0.5,0.04942,0.50485,0.03638
17,1000,1,0.1,0.3,0.5,0.04942,0.51991,0.02162
18,1000,1,0.1,0.3,0.5,0.04942,0.52329,0.02423
19,1000,1,0.1,0.3,0.5,0.04942,0.52591,0.02524
20,1000,1,0.1,0.3,0.5,0.04942,0.51816,0.02115
21,1000,1,0.1,0.3,0.5,0.04942,0.52624,0.03282
22,1000,1,0.1,0.3,0.5,0.04942,0.51724,0.02243
23,1000,1,0.1,0.3,0.5,0.04942,0.51534,0.02144
24,1000,1,0.1,0.3,0.5,0.04942,0.52273,0.03291
25,1000,1,0.1,0.3,0.5,0.04942,0.52619,0.02695
26,1000,1,0.1,0.3,0.5,0.04942,0.51062,0.0301
27,1000,1,0.1,0.3,0.5,0.04942,0.51748,0.01963
28,1000,1,0.1,0.3,0.5,0.04942,0.51976,0.02115
29,1000,1,0.1,0.3,0.5,0.04942,0.52846,0.03088
30,1000,1,0.1,0.3,0.5,0.04942,0.52036,0.01727
31,1000,1,0.1,0.3,0.5,0.04942,0.52794,0.02493
32,1000,1,0.1,0.3,0.5,0.04942,0.52036,0.01559
33,1000,1,0.1,0.3,0.5,0.04942,0.52879,0.02702
34,1000,1,0.1,0.3,0.5,0.04942,0.52,0.02675
35,1000,1,0.1,0.3,0.5,0.04942,0.52832,0.02497
36,1000,1,0.1,0.3,0.5,0.04942,0.52845,0.01798
37,1000,1,0.1,0.3,0.5,0.04942,0.52341,0.02124
38,1000,1,0.1,0.3,0.5,0.04942,0.51379,0.03166
39,1000,1,0.1,0.3,0.5,0.04942,0.51903,0.02068
40,1000,1,0.1,0.3,0.5,0.04942,0.516,0.02218
41,1000,1,0.1,0.3,0.5,0.04942,0.51598,0.01891
42,1000,1,0.1,0.3,0.5,0.04942,0.52215,0.03122
43,1000,1,0.1,0.3,0.5,0.04942,0.51746,0.03296
44,1000,1,0.1,0.3,0.5,0.04942,0.51301,0.03755
45,1000,1,0.1,0.3,0.5,0.04942,0.51178,0.01829
46,1000,1,0.1,0.3,0.5,0.04942,0.51399,0.0306
47,1000,1,0.1,0.3,0.5,0.04942,0.51951,0.02212
48,1000,1,0.1,0.3,0.5,0.04942,0.51815,0.02127
49,1000,1,0.1,0.3,0.5,0.04942,0.52933,0.02588
50,1000,1,0.1,0.3,0.5,0.04942,0.51406,0.02207
51,1000,1,0.1,0.3,0.5,0.04942,0.52479,0.02052
52,1000,1,0.1,0.3,0.5,0.04942,0.52735,0.02288
53,1000,1,0.1,0.3,0.5,0.04942,0.50995,0.02545
54,1000,1,0.1,0.3,0.5,0.04942,0.52153,0.02552
55,1000,1,0.1,0.3,0.5,0.04942,0.52441,0.03123
56,1000,1,0.1,0.3,0.5,0.04942,0.5244,0.02316
57,1000,1,0.1,0.3,0.5,0.04942,0.52716,0.02663
58,1000,1,0.1,0.3,0.5,0.04942,0.50681,0.02918
59,1000,1,0.1,0.3,0.5,0.04942,0.51846,0.02302
60,1000,1,0.1,0.3,0.5,0.04942,0.51017,0.0262
61,1000,1,0.1,0.3,0.5,0.04942,0.5222,0.03072
62,1000,1,0.1,0.3,0.5,0.04942,0.52319,0.01821
63,1000,1,0.1,0.3,0.5,0.04942,0.52543,0.02683
64,1000,1,0.1,0.3,0.5,0.04942,0.5194,0.02719
65,1000,1,0.1,0.3,0.5,0.04942,0.52173,0.01455
66,1000,1,0.1,0.3,0.5,0.04942,0.51968,0.02283
67,1000,1,0.1,0.3,0.5,0.04942,0.51406,0.01474
68,1000,1,0.1,0.3,0.5,0.04942,0.52271,0.01872
69,1000,1,0.1,0.3,0.5,0.04942,0.52171,0.02252
70,1000,1,0.1,0.3,0.5,0.04942,0.51767,0.02543
71,1000,1,0.1,0.3,0.5,0.04942,0.52412,0.02783
72,1000,1,0.1,0.3,0.5,0.04942,0.51957,0.02189
73,1000,1,0.1,0.3,0.5,0.04942,0.52888,0.01824
74,1000,1,0.1,0.3,0.5,0.04942,0.52647,0.01982
75,1000,1,0.1,0.3,0.5,0.04942,0.51046,0.03116
76,1000,1,0.1,0.3,0.5,0.04942,0.51431,0.02088
77,1000,1,0.1,0.3,0.5,0.04942,0.52635,0.03148
78,1000,1,0.1,0.3,0.5,0.04942,0.52046,0.01892
79,1000,1,0.1,0.3,0.5,0.04942,0.51287,0.02672
80,1000,1,0.1,0.3,0.5,0.04942,0.52334,0.02285
81,1000,1,0.1,0.3,0.5,0.04942,0.53601,0.02927
82,1000,1,0.1,0.3,0.5,0.04942,0.52833,0.01814
83,1000,1,0.1,0.3,0.5,0.04942,0.52054,0.0259
84,1000,1,0.1,0.3,0.5,0.04942,0.51991,0.01531
85,1000,1,0.1,0.3,0.5,0.04942,0.51735,0.02118
86,1000,1,0.1,0.3,0.5,0.04942,0.5271,0.03023
87,1000,1,0.1,0.3,0.5,0.04942,0.51695,0.01805
88,1000,1,0.1,0.3,0.5,0.04942,0.51401,0.02969
89,1000,1,0.1,0.3,0.5,0.04942,0.51318,0.01994
90,1000,1,0.1,0.3,0.5,0.04942,0.51318,0.02312
91,1000,1,0.1,0.3,0.5,0.04942,0.51785,0.02439
92,1000,1,0.1,0.3,0.5,0.04942,0.51995,0.03219
93,1000,1,0.1,0.3,0.5,0.04942,0.52534,0.02017
94,1000,1,0.1,0.3,0.5,0.04942,0.53098,0.0253
95,1000,1,0.1,0.3,0.5,0.04942,0.52667,0.0289
96,1000,1,0.1,0.3,0.5,0.04942,0.52026,0.02226
97,1000,1,0.1,0.3,0.5,0.04942,0.52452,0.03432
98,1000,1,0.1,0.3,0.5,0.04942,0.5254,0.02588
99,1000,1,0.1,0.3,0.5,0.04942,0.52697,0.02984
0,1000,1,0.1,0.3,0.5,0.04095,0.46937,0.03098
1,1000,1,0.1,0.3,0.5,0.04095,0.48797,0.03724
2,1000,1,0.1,0.3,0.5,0.04095,0.47888,0.02715
3,1000,1,0.1,0.3,0.5,0.04095,0.47978,0.04441
4,1000,1,0.1,0.3,0.5,0.04095,0.47982,0.03257
5,1000,1,0.1,0.3,0.5,0.04095,0.4861,0.03993
6,1000,1,0.1,0.3,0.5,0.04095,0.48538,0.0198
7,1000,1,0.1,0.3,0.5,0.04095,0.47195,0.03495
8,1000,1,0.1,0.3,0.5,0.04095,0.48286,0.02681
9,1000,1,0.1,0.3,0.5,0.04095,0.4831,0.02892
10,1000,1,0.1,0.3,0.5,0.04095,0.46994,0.03076
11,1000,1,0.1,0.3,0.5,0.04095,0.47513,0.03229
12,1000,1,0.1,0.3,0.5,0.04095,0.48917,0.02639
13,1000,1,0.1,0.3,0.5,0.04095,0.47938,0.01963
14,1000,1,0.1,0.3,0.5,0.04095,0.4724,0.03074
15,1000,1,0.1,0.3,0.5,0.04095,0.47695,0.02753
16,1000,1,0.1,0.3,0.5,0.04095,0.4658,0.04227
17,1000,1,0.1,0.3,0.5,0.04095,0.48195,0.02477
18,1000,1,0.1,0.3,0.5,0.04095,0.48572,0.02846
19,1000,1,0.1,0.3,0.5,0.04095,0.48875,0.03098
20,1000,1,0.1,0.3,0.5,0.04095,0.48011,0.02535
21,1000,1,0.1,0.3,0.5,0.04095,0.48922,0.03839
22,1000,1,0.1,0.3,0.5,0.04095,0.47927,0.026
23,1000,1,0.1,0.3,0.5,0.04095,0.47719,0.02662
24,1000,1,0.1,0.3,0.5,0.04095,0.48515,0.03809
25,1000,1,0.1,0.3,0.5,0.04095,0.48899,0.03236
26,1000,1,0.1,0.3,0.5,0.04095,0.47182,0.03583
27,1000,1,0.1,0.3,0.5,0.04095,0.47935,0.02329
28,1000,1,0.1,0.3,0.5,0.04095,0.48235,0.02445
29,1000,1,0.1,0.3,0.5,0.04095,0.49149,0.03713
30,1000,1,0.1,0.3,0.5,0.04095,0.48272,0.0226
31,1000,1,0.1,0.3,0.5,0.04095,0.49094,0.03029
32,1000,1,0.1,0.3,0.5,0.04095,0.48258,0.01938
33,1000,1,0.1,0.3,0.5,0.04095,0.4921,0.03318
34,1000,1,0.1,0.3,0.5,0.04095,0.48255,0.03202
35,1000,1,0.1,0.3,0.5,0.04095,0.49161,0.02964
36,1000,1,0.1,0.3,0.5,0.04095,0.49165,0.02204
37,1000,1,0.1,0.3,0.5,0.04095,0.48604,0.02536
38,1000,1,0.1,0.3,0.5,0.04095,0.47536,0.03685
39,1000,1,0.1,0.3,0.5,0.04095,0.48141,0.02417
40,1000,1,0.1,0.3,0.5,0.04095,0.47779,0.02608
41,1000,1,0.1,0.3,0.5,0.04095,0.47773,0.02342
42,1000,1,0.1,0.3,0.5,0.04095,0.48493,0.03652
43,1000,1,0.1,0.3,0.5,0.04095,0.47989,0.04021
44,1000,1,0.1,0.3,0.5,0.04095,0.47494,0.04366
45,1000,1,0.1,0.3,0.5,0.04095,0.47296,0.02196
46,1000,1,0.1,0.3,0.5,0.04095,0.47568,0.03562
47,1000,1,0.1,0.3,0.5,0.04095,0.48171,0.02622
48,1000,1,0.1,0.3,0.5,0.04095,0.48,0.02475
49,1000,1,0.1,0.3,0.5,0.04095,0.49273,0.03067
50,1000,1,0.1,0.3,0.5,0.04095,0.4755,0.02562
51,1000,1,0.1,0.3,0.5,0.04095,0.48758,0.02454
52,1000,1,0.1,0.3,0.5,0.04095,0.49041,0.02769
53,1000,1,0.1,0.3,0.5,0.04095,0.47114,0.02921
54,1000,1,0.1,0.3,0.5,0.04095,0.48373,0.03044
55,1000,1,0.1,0.3,0.5,0.04095,0.48733,0.03722
56,1000,1,0.1,0.3,0.5,0.04095,0.48705,0.02776
57,1000,1,0.1,0.3,0.5,0.04095,0.49014,0.03177
58,1000,1,0.1,0.3,0.5,0.04095,0.46783,0.03331
59,1000,1,0.1,0.3,0.5,0.04095,0.4804,0.02849
60,1000,1,0.1,0.3,0.5,0.04095,0.47127,0.02936
61,1000,1,0.1,0.3,0.5,0.04095,0.48485,0.03648
62,1000,1,0.1,0.3,0.5,0.04095,0.48569,0.0225
63,1000,1,0.1,0.3,0.5,0.04095,0.48844,0.03236
64,1000,1,0.1,0.3,0.5,0.04095,0.48145,0.03152
65,1000,1,0.1,0.3,0.5,0.04095,0.48382,0.01798
66,1000,1,0.1,0.3,0.5,0.04095,0.48159,0.02653
67,1000,1,0.1,0.3,0.5,0.04095,0.4754,0.01793
68,1000,1,0.1,0.3,0.5,0.04095,0.48521,0.02354
69,1000,1,0.1,0.3,0.5,0.04095,0.48434,0.02724
70,1000,1,0.1,0.3,0.5,0.04095,0.47939,0.03004
71,1000,1,0.1,0.3,0.5,0.04095,0.4869,0.03463
72,1000,1,0.1,0.3,0.5,0.04095,0.48187,0.02686
73,1000,1,0.1,0.3,0.5,0.04095,0.49199,0.0235
74,1000,1,0.1,0.3,0.5,0.04095,0.4895,0.02423
75,1000,1,0.1,0.3,0.5,0.04095,0.47191,0.03665
76,1000,1,0.1,0.3,0.5,0.04095,0.47581,0.02428
77,1000,1,0.1,0.3,0.5,0.04095,0.48914,0.03737
78,1000,1,0.1,0.3,0.5,0.04095,0.48275,0.02353
79,1000,1,0.1,0.3,0.5,0.04095,0.47466,0.03108
80,1000,1,0.1,0.3,0.5,0.04095,0.48586,0.02765
81,1000,1,0.1,0.3,0.5,0.04095,0.49987,0.03566
82,1000,1,0.1,0.3,0.5,0.04095,0.49136,0.02315
83,1000,1,0.1,0.3,0.5,0.04095,0.48271,0.03075
84,1000,1,0.1,0.3,0.5,0.04095,0.48204,0.01866
85,1000,1,0.1,0.3,0.5,0.04095,0.47944,0.02534
86,1000,1,0.1,0.3,0.5,0.04095,0.4903,0.03739
87,1000,1,0.1,0.3,0.5,0.04095,0.47888,0.02139
88,1000,1,0.1,0.3,0.5,0.04095,0.47564,0.03484
89,1000,1,0.1,0.3,0.5,0.04095,0.4744,0.02246
90,1000,1,0.1,0.3,0.5,0.04095,0.47488,0.02698
91,1000,1,0.1,0.3,0.5,0.04095,0.47996,0.02857
92,1000,1,0.1,0.3,0.5,0.04095,0.48224,0.03652
93,1000,1,0.1,0.3,0.5,0.04095,0.48825,0.02543
94,1000,1,0.1,0.3,0.5,0.04095,0.49456,0.03064
95,1000,1,0.1,0.3,0.5,0.04095,0.48999,0.03447
96,1000,1,0.1,0.3,0.5,0.04095,0.48241,0.02514
97,1000,1,0.1,0.3,0.5,0.04095,0.48727,0.03997
98,1000,1,0.1,0.3,0.5,0.04095,0.48789,0.03056
99,1000,1,0.1,0.3,0.5,0.04095,0.49002,0.03548
0,1000,1,0.1,0.3,0.5,0.03393,0.43232,0.0355
1,1000,1,0.1,0.3,0.5,0.03393,0.45162,0.04254
2,1000,1,0.1,0.3,0.5,0.03393,0.44285,0.03348
3,1000,1,0.1,0.3,0.5,0.03393,0.44357,0.05176
4,1000,1,0.1,0.3,0.5,0.03393,0.44307,0.03726
5,1000,1,0.1,0.3,0.5,0.03393,0.45007,0.04476
6,1000,1,0.1,0.3,0.5,0.03393,0.44899,0.02327
7,1000,1,0.1,0.3,0.5,0.03393,0.43535,0.04007
8,1000,1,0.1,0.3,0.5,0.03393,0.44634,0.0313
9,1000,1,0.1,0.3,0.5,0.03393,0.44674,0.03435
10,1000,1,0.1,0.3,0.5,0.03393,0.4324,0.03533
11,1000,1,0.1,0.3,0.5,0.03393,0.43884,0.03785
12,1000,1,0.1,0.3,0.5,0.03393,0.45337,0.03148
13,1000,1,0.1,0.3,0.5,0.03393,0.44283,0.02364
14,1000,1,0.1,0.3,0.5,0.03393,0.43544,0.0344
15,1000,1,0.1,0.3,0.5,0.03393,0.44043,0.03323
16,1000,1,0.1,0.3,0.5,0.03393,0.42897,0.04908
17,1000,1,0.1,0.3,0.5,0.03393,0.44521,0.02833
18,1000,1,0.1,0.3,0.5,0.03393,0.44924,0.03271
19,1000,1,0.1,0.3,0.5,0.03393,0.45273,0.03699
20,1000,1,0.1,0.3,0.5,0.03393,0.4435,0.03037
21,1000,1,0.1,0.3,0.5,0.03393,0.45329,0.04385
22,1000,1,0.1,0.3,0.5,0.03393,0.44287,0.03012
23,1000,1,0.1,0.3,0.5,0.03393,0.44075,0.03306
24,1000,1,0.1,0.3,0.5,0.03393,0.44869,0.04312
25,1000,1,0.1,0.3,0.5,0.03393,0.45283,0.03788
26,1000,1,0.1,0.3,0.5,0.03393,0.43476,0.04265
27,1000,1,0.1,0.3,0.5,0.03393,0.44269,0.02775
28,1000,1,0.1,0.3,0.5,0.03393,0.44663,0.0282
29,1000,1,0.1,0.3,0.5,0.03393,0.45547,0.04348
30,1000,1,0.1,0.3,0.5,0.03393,0.44653,0.0292
31,1000,1,0.1,0.3,0.5,0.03393,0.45486,0.03593
32,1000,1,0.1,0.3,0.5,0.03393,0.44618,0.02444
33,1000,1,0.1,0.3,0.5,0.03393,0.45654,0.03965
34,1000,1,0.1,0.3,0.5,0.03393,0.4467,0.038
35,1000,1,0.1,0.3,0.5,0.03393,0.45602,0.0344
36,1000,1,0.1,0.3,0.5,0.03393,0.45592,0.02641
37,1000,1,0.1,0.3,0.5,0.03393,0.44992,0.02972
38,1000,1,0.1,0.3,0.5,0.03393,0.43854,0.04247
39,1000,1,0.1,0.3,0.5,0.03393,0.44542,0.0285
40,1000,1,0.1,0.3,0.5,0.03393,0.44114,0.0306
41,1000,1,0.1,0.3,0.5,0.03393,0.44103,0.02927
42,1000,1,0.1,0.3,0.5,0.03393,0.44919,0.04213
43,1000,1,0.1,0.3,0.5,0.03393,0.44415,0.04857
44,1000,1,0.1,0.3,0.5,0.03393,0.43877,0.05026
45,1000,1,0.1,0.3,0.5,0.03393,0.43579,0.02697
46,1000,1,0.1,0.3,0.5,0.03393,0.43905,0.04107
47,1000,1,0.1,0.3,0.5,0.03393,0.44536,0.03084
48,1000,1,0.1,0.3,0.5,0.03393,0.44316,0.02877
49,1000,1,0.1,0.3,0.5,0.03393,0.45719,0.03529
50,1000,1,0.1,0.3,0.5,0.03393,0.43842,0.02993
51,1000,1,0.1,0.3,0.5,0.03393,0.45157,0.02879
52,1000,1,0.1,0.3,0.5,0.03393,0.45455,0.03269
53,1000,1,0.1,0.3,0.5,0.03393,0.43419,0.03374
54,1000,1,0.1,0.3,0.5,0.03393,0.44712,0.03572
55,1000,1,0.1,0.3,0.5,0.03393,0.45155,0.04369
56,1000,1,0.1,0.3,0.5,0.03393,0.45086,0.03239
57,1000,1,0.1,0.3,0.5,0.03393,0.45413,0.03725
58,1000,1,0.1,0.3,0.5,0.03393,0.43093,0.03832
59,1000,1,0.1,0.3,0.5,0.03393,0.44371,0.03516
60,1000,1,0.1,0.3,0.5,0.03393,0.4341,0.03315
61,1000,1,0.1,0.3,0.5,0.03393,0.44887,0.04283
62,1000,1,0.1,0.3,0.5,0.03393,0.44945,0.02739
63,1000,1,0.1,0.3,0.5,0.03393,0.45274,0.03835
64,1000,1,0.1,0.3,0.5,0.03393,0.44474,0.03599
65,1000,1,0.1,0.3,0.5,0.03393,0.44698,0.02211
66,1000,1,0.1,0.3,0.5,0.03393,0.44467,0.03055
67,1000,1,0.1,0.3,0.5,0.03393,0.43823,0.02255
68,1000,1,0.1,0.3,0.5,0.03393,0.44902,0.02884
69,1000,1,0.1,0.3,0.5,0.03393,0.44847,0.0325
70,1000,1,0.1,0.3,0.5,0.03393,0.44238,0.03518
71,1000,1,0.1,0.3,0.5,0.03393,0.45099,0.04247
72,1000,1,0.1,0.3,0.5,0.03393,0.44568,0.03258
73,1000,1,0.1,0.3,0.5,0.03393,0.45609,0.0291
74,1000,1,0.1,0.3,0.5,0.03393,0.45371,0.02885
75,1000,1,0.1,0.3,0.5,0.03393,0.43533,0.043
76,1000,1,0.1,0.3,0.5,0.03393,0.43886,0.0284
77,1000,1,0.1,0.3,0.5,0.03393,0.45288,0.04357
78,1000,1,0.1,0.3,0.5,0.03393,0.44645,0.02913
79,1000,1,0.1,0.3,0.5,0.03393,0.4384,0.03611
80,1000,1,0.1,0.3,0.5,0.03393,0.44956,0.03286
81,1000,1,0.1,0.3,0.5,0.03393,0.46438,0.04198
82,1000,1,0.1,0.3,0.5,0.03393,0.45535,0.02851
83,1000,1,0.1,0.3,0.5,0.03393,0.44618,0.03594
84,1000,1,0.1,0.3,0.5,0.03393,0.44552,0.02272
85,1000,1,0.1,0.3,0.5,0.03393,0.44314,0.03051
86,1000,1,0.1,0.3,0.5,0.03393,0.4548,0.04538
87,1000,1,0.1,0.3,0.5,0.03393,0.44235,0.02562
88,1000,1,0.1,0.3,0.5,0.03393,0.43894,0.04056
89,1000,1,0.1,0.3,0.5,0.03393,0.43712,0.02576
90,1000,1,0.1,0.3,0.5,0.03393,0.43842,0.03186
91,1000,1,0.1,0.3,0.5,0.03393,0.44363,0.03324
92,1000,1,0.1,0.3,0.5,0.03393,0.44585,0.04084
93,1000,1,0.1,0.3,0.5,0.03393,0.45241,0.03176
94,1000,1,0.1,0.3,0.5,0.03393,0.45914,0.03605
95,1000,1,0.1,0.3,0.5,0.03393,0.45464,0.04017
96,1000,1,0.1,0.3,0.5,0.03393,0.44578,0.02813
97,1000,1,0.1,0.3,0.5,0.03393,0.45113,0.04558
98,1000,1,0.1,0.3,0.5,0.03393,0.4513,0.03524
99,1000,1,0.1,0.3,0.5,0.03393,0.45415,0.04139
0,1000,1,0.1,0.3,0.5,0.02812,0.39817,0.04061
1,1000,1,0.1,0.3,0.5,0.02812,0.41706,0.04823
2,1000,1,0.1,0.3,0.5,0.02812,0.40964,0.04061
3,1000,1,0.1,0.3,0.5,0.02812,0.40988,0.05941
4,1000,1,0.1,0.3,0.5,0.02812,0.4085,0.04223
5,1000,1,0.1,0.3,0.5,0.02812,0.41613,0.0497
6,1000,1,0.1,0.3,0.5,0.02812,0.41466,0.02693
7,1000,1,0.1,0.3,0.5,0.02812,0.40172,0.04548
8,1000,1,0.1,0.3,0.5,0.02812,0.41195,0.03616
9,1000,1,0.1,0.3,0.5,0.02812,0.41262,0.04026
10,1000,1,0.1,0.3,0.5,0.02812,0.39743,0.04056
11,1000,1,0.1,0.3,0.5,0.02812,0.40549,0.04404
12,1000,1,0.1,0.3,0.5,0.02812,0.41964,0.03693
13,1000,1,0.1,0.3,0.5,0.02812,0.40875,0.02838
14,1000,1,0.1,0.3,0.5,0.02812,0.40121,0.03848
15,1000,1,0.1,0.3,0.5,0.02812,0.40659,0.03992
16,1000,1,0.1,0.3,0.5,0.02812,0.39545,0.05653
17,1000,1,0.1,0.3,0.5,0.02812,0.41057,0.03236
18,1000,1,0.1,0.3,0.5,0.02812,0.41469,0.03698
19,1000,1,0.1,0.3,0.5,0.02812,0.41872,0.04321
20,1000,1,0.1,0.3,0.5,0.02812,0.40925,0.03613
21,1000,1,0.1,0.3,0.5,0.02812,0.41928,0.04925
22,1000,1,0.1,0.3,0.5,0.02812,0.40902,0.03475
23,1000,1,0.1,0.3,0.5,0.02812,0.40705,0.04036
24,1000,1,0.1,0.3,0.5,0.02812,0.41416,0.04801
25,1000,1,0.1,0.3,0.5,0.02812,0.41853,0.04351
26,1000,1,0.1,0.3,0.5,0.02812,0.40045,0.05027
27,1000,1,0.1,0.3,0.5,0.02812,0.40847,0.03302
28,1000,1,0.1,0.3,0.5,0.02812,0.41359,0.03256
29,1000,1,0.1,0.3,0.5,0.02812,0.42119,0.04987
30,1000,1,0.1,0.3,0.5,0.02812,0.41277,0.03681
31,1000,1,0.1,0.3,0.5,0.02812,0.42055,0.042
32,1000,1,0.1,0.3,0.5,0.02812,0.41215,0.03091
33,1000,1,0.1,0.3,0.5,0.02812,0.42298,0.04649
34,1000,1,0.1,0.3,0.5,0.02812,0.4134,0.0446
35,1000,1,0.1,0.3,0.5,0.02812,0.42244,0.03955
36,1000,1,0.1,0.3,0.5,0.02812,0.42217,0.03157
37,1000,1,0.1,0.3,0.5,0.02812,0.41592,0.03432
38,1000,1,0.1,0.3,0.5,0.02812,0.40425,0.04828
39,1000,1,0.1,0.3,0.5,0.02812,0.4121,0.03386
40,1000,1,0.1,0.3,0.5,0.02812,0.40702,0.03559
41,1000,1,0.1,0.3,0.5,0.02812,0.40683,0.03619
42,1000,1,0.1,0.3,0.5,0.02812,0.41593,0.04812
43,1000,1,0.1,0.3,0.5,0.02812,0.41125,0.05781
44,1000,1,0.1,0.3,0.5,0.02812,0.40547,0.05709
45,1000,1,0.1,0.3,0.5,0.02812,0.40125,0.03285
46,1000,1,0.1,0.3,0.5,0.02812,0.40506,0.04673
47,1000,1,0.1,0.3,0.5,0.02812,0.41144,0.03597
48,1000,1,0.1,0.3,0.5,0.02812,0.4085,0.0333
49,1000,1,0.1,0.3,0.5,0.02812,0.42351,0.03979
50,1000,1,0.1,0.3,0.5,0.02812,0.40373,0.03483
51,1000,1,0.1,0.3,0.5,0.02812,0.41764,0.03337
52,1000,1,0.1,0.3,0.5,0.02812,0.42062,0.0379
53,1000,1,0.1,0.3,0.5,0.02812,0.40011,0.03874
54,1000,1,0.1,0.3,0.5,0.02812,0.41259,0.04133
55,1000,1,0.1,0.3,0.5,0.02812,0.41798,0.05073
56,1000,1,0.1,0.3,0.5,0.02812,0.41672,0.03702
57,1000,1,0.1,0.3,0.5,0.02812,0.41991,0.04325
58,1000,1,0.1,0.3,0.5,0.02812,0.39717,0.04396
59,1000,1,0.1,0.3,0.5,0.02812,0.40932,0.04286
60,1000,1,0.1,0.3,0.5,0.02812,0.39963,0.03754
61,1000,1,0.1,0.3,0.5,0.02812,0.41517,0.04969
62,1000,1,0.1,0.3,0.5,0.02812,0.41543,0.03293
63,1000,1,0.1,0.3,0.5,0.02812,0.4193,0.04485
64,1000,1,0.1,0.3,0.5,0.02812,0.41007,0.04049
65,1000,1,0.1,0.3,0.5,0.02812,0.41208,0.02702
66,1000,1,0.1,0.3,0.5,0.02812,0.40978,0.03494
67,1000,1,0.1,0.3,0.5,0.02812,0.40347,0.02819
68,1000,1,0.1,0.3,0.5,0.02812,0.41503,0.03458
69,1000,1,0.1,0.3,0.5,0.02812,0.41506,0.03824
70,1000,1,0.1,0.3,0.5,0.02812,0.40748,0.04076
71,1000,1,0.1,0.3,0.5,0.02812,0.41732,0.05126
72,1000,1,0.1,0.3,0.5,0.02812,0.41194,0.03893
73,1000,1,0.1,0.3,0.5,0.02812,0.42205,0.0352
74,1000,1,0.1,0.3,0.5,0.02812,0.41999,0.03381
75,1000,1,0.1,0.3,0.5,0.02812,0.4018,0.04993
76,1000,1,0.1,0.3,0.5,0.02812,0.40441,0.03306
77,1000,1,0.1,0.3,0.5,0.02812,0.41836,0.05028
78,1000,1,0.1,0.3,0.5,0.02812,0.41249,0.03564
79,1000,1,0.1,0.3,0.5,0.02812,0.40515,0.04168
80,1000,1,0.1,0.3,0.5,0.02812,0.41531,0.03853
81,1000,1,0.1,0.3,0.5,0.02812,0.43034,0.04847
82,1000,1,0.1,0.3,0.5,0.02812,0.42118,0.03434
83,1000,1,0.1,0.3,0.5,0.02812,0.41187,0.04147
84,1000,1,0.1,0.3,0.5,0.02812,0.41126,0.02736
85,1000,1,0.1,0.3,0.5,0.02812,0.40945,0.03661
86,1000,1,0.1,0.3,0.5,0.02812,0.42155,0.05422
87,1000,1,0.1,0.3,0.5,0.02812,0.40829,0.03056
88,1000,1,0.1,0.3,0.5,0.02812,0.40491,0.04666
89,1000,1,0.1,0.3,0.5,0.02812,0.40227,0.02972
90,1000,1,0.1,0.3,0.5,0.02812,0.40489,0.03768
91,1000,1,0.1,0.3,0.5,0.02812,0.40983,0.03831
92,1000,1,0.1,0.3,0.5,0.02812,0.41168,0.04522
93,1000,1,0.1,0.3,0.5,0.02812,0.41876,0.03919
94,1000,1,0.1,0.3,0.5,0.02812,0.42559,0.04173
95,1000,1,0.1,0.3,0.5,0.02812,0.42154,0.04603
96,1000,1,0.1,0.3,0.5,0.02812,0.41128,0.03137
97,1000,1,0.1,0.3,0.5,0.02812,0.41688,0.05115
98,1000,1,0.1,0.3,0.5,0.02812,0.41644,0.04002
99,1000,1,0.1,0.3,0.5,0.02812,0.42026,0.04768
0,1000,1,0.1,0.3,0.5,0.0233,0.36725,0.04631
1,1000,1,0.1,0.3,0.5,0.0233,0.38462,0.05462
2,1000,1,0.1,0.3,0.5,0.0233,0.37958,0.04831
3,1000,1,0.1,0.3,0.5,0.0233,0.37901,0.06733
4,1000,1,0.1,0.3,0.5,0.0233,0.37639,0.04753
5,1000,1,0.1,0.3,0.5,0.0233,0.38458,0.05498
6,1000,1,0.1,0.3,0.5,0.0233,0.3827,0.03085
7,1000,1,0.1,0.3,0.5,0.0233,0.37142,0.05116
8,1000,1,0.1,0.3,0.5,0.0233,0.37997,0.0415
9,1000,1,0.1,0.3,0.5,0.0233,0.3811,0.04662
10,1000,1,0.1,0.3,0.5,0.0233,0.36529,0.04644
11,1000,1,0.1,0.3,0.5,0.0233,0.37545,0.05074
12,1000,1,0.1,0.3,0.5,0.0233,0.38829,0.04289
13,1000,1,0.1,0.3,0.5,0.0233,0.37748,0.03381
14,1000,1,0.1,0.3,0.5,0.0233,0.37004,0.04309
15,1000,1,0.1,0.3,0.5,0.0233,0.37582,0.04759
16,1000,1,0.1,0.3,0.5,0.0233,0.36557,0.06454
17,1000,1,0.1,0.3,0.5,0.0233,0.37834,0.03706
18,1000,1,0.1,0.3,0.5,0.0233,0.38236,0.04139
19,1000,1,0.1,0.3,0.5,0.0233,0.38702,0.04965
20,1000,1,0.1,0.3,0.5,0.0233,0.37771,0.04267
21,1000,1,0.1,0.3,0.5,0.0233,0.38749,0.05478
22,1000,1,0.1,0.3,0.5,0.0233,0.37813,0.04002
23,1000,1,0.1,0.3,0.5,0.0233,0.37646,0.04826
24,1000,1,0.1,0.3,0.5,0.0233,0.38182,0.05292
25,1000,1,0.1,0.3,0.5,0.0233,0.38637,0.04935
26,1000,1,0.1,0.3,0.5,0.0233,0.36918,0.05858
27,1000,1,0.1,0.3,0.5,0.0233,0.37708,0.03936
28,1000,1,0.1,0.3,0.5,0.0233,0.38368,0.03781
29,1000,1,0.1,0.3,0.5,0.0233,0.38888,0.05632
30,1000,1,0.1,0.3,0.5,0.0233,0.3818,0.04525
31,1000,1,0.1,0.3,0.5,0.0233,0.38828,0.04862
32,1000,1,0.1,0.3,0.5,0.0233,0.38098,0.03892
33,1000,1,0.1,0.3,0.5,0.0233,0.39174,0.05378
34,1000,1,0.1,0.3,0.5,0.0233,0.38299,0.0518
35,1000,1,0.1,0.3,0.5,0.0233,0.39131,0.04545
36,1000,1,0.1,0.3,0.5,0.0233,0.39081,0.03798
37,1000,1,0.1,0.3,0.5,0.0233,0.38436,0.03921
38,1000,1,0.1,0.3,0.5,0.0233,0.37276,0.05417
39,1000,1,0.1,0.3,0.5,0.0233,0.3819,0.04044
40,1000,1,0.1,0.3,0.5,0.0233,0.37575,0.04107
41,1000,1,0.1,0.3,0.5,0.0233,0.37543,0.04405
42,1000,1,0.1,0.3,0.5,0.0233,0.38558,0.05463
43,1000,1,0.1,0.3,0.5,0.0233,0.38157,0.0677
44,1000,1,0.1,0.3,0.5,0.0233,0.37534,0.06407
45,1000,1,0.1,0.3,0.5,0.0233,0.36969,0.03934
46,1000,1,0.1,0.3,0.5,0.0233,0.37403,0.0526
47,1000,1,0.1,0.3,0.5,0.0233,0.38028,0.04172
48,1000,1,0.1,0.3,0.5,0.0233,0.37627,0.03843
49,1000,1,0.1,0.3,0.5,0.0233,0.39197,0.04432
50,1000,1,0.1,0.3,0.5,0.0233,0.37164,0.04034
51,1000,1,0.1,0.3,0.5,0.0233,0.38609,0.03842
52,1000,1,0.1,0.3,0.5,0.0233,0.38892,0.04341
53,1000,1,0.1,0.3,0.5,0.0233,0.36924,0.04408
54,1000,1,0.1,0.3,0.5,0.0233,0.38047,0.04736
55,1000,1,0.1,0.3,0.5,0.0233,0.38693,0.05844
56,1000,1,0.1,0.3,0.5,0.0233,0.38497,0.04172
57,1000,1,0.1,0.3,0.5,0.0233,0.38774,0.04986
58,1000,1,0.1,0.3,0.5,0.0233,0.36687,0.05018
59,1000,1,0.1,0.3,0.5,0.0233,0.37758,0.05154
60,1000,1,0.1,0.3,0.5,0.0233,0.3682,0.04273
61,1000,1,0.1,0.3,0.5,0.0233,0.38407,0.05698
62,1000,1,0.1,0.3,0.5,0.0233,0.38406,0.03923
63,1000,1,0.1,0.3,0.5,0.0233,0.38857,0.052
64,1000,1,0.1,0.3,0.5,0.0233,0.37762,0.04502
65,1000,1,0.1,0.3,0.5,0.0233,0.37942,0.0329
66,1000,1,0.1,0.3,0.5,0.0233,0.37727,0.03996
67,1000,1,0.1,0.3,0.5,0.0233,0.37148,0.03463
68,1000,1,0.1,0.3,0.5,0.0233,0.38357,0.04079
69,1000,1,0.1,0.3,0.5,0.0233,0.38444,0.04449
70,1000,1,0.1,0.3,0.5,0.0233,0.37496,0.04685
71,1000,1,0.1,0.3,0.5,0.0233,0.38631,0.06087
72,1000,1,0.1,0.3,0.5,0.0233,0.38105,0.0459
73,1000,1,0.1,0.3,0.5,0.0233,0.39026,0.04189
74,1000,1,0.1,0.3,0.5,0.0233,0.38866,0.03926
75,1000,1,0.1,0.3,0.5,0.0233,0.37166,0.05734
76,1000,1,0.1,0.3,0.5,0.0233,0.37278,0.03818
77,1000,1,0.1,0.3,0.5,0.0233,0.38587,0.05775
78,1000,1,0.1,0.3,0.5,0.0233,0.38122,0.043
79,1000,1,0.1,0.3,0.5,0.0233,0.37533,0.04788
80,1000,1,0.1,0.3,0.5,0.0233,0.3834,0.04479
81,1000,1,0.1,0.3,0.5,0.0233,0.39814,0.0554
82,1000,1,0.1,0.3,0.5,0.0233,0.38917,0.0407
83,1000,1,0.1,0.3,0.5,0.0233,0.3801,0.04743
84,1000,1,0.1,0.3,0.5,0.0233,0.37958,0.03255
85,1000,1,0.1,0.3,0.5,0.0233,0.37877,0.04358
86,1000,1,0.1,0.3,0.5,0.0233,0.39101,0.06393
87,1000,1,0.1,0.3,0.5,0.0233,0.377,0.03612
88,1000,1,0.1,0.3,0.5,0.0233,0.37388,0.05307
89,1000,1,0.1,0.3,0.5,0.0233,0.37017,0.03432
90,1000,1,0.1,0.3,0.5,0.0233,0.37474,0.04454
91,1000,1,0.1,0.3,0.5,0.0233,0.37897,0.04386
92,1000,1,0.1,0.3,0.5,0.0233,0.38007,0.04986
93,1000,1,0.1,0.3,0.5,0.0233,0.38767,0.04762
94,1000,1,0.1,0.3,0.5,0.0233,0.39423,0.04792
95,1000,1,0.1,0.3,0.5,0.0233,0.39106,0.0522
96,1000,1,0.1,0.3,0.5,0.0233,0.37922,0.03521
97,1000,1,0.1,0.3,0.5,0.0233,0.38479,0.05683
98,1000,1,0.1,0.3,0.5,0.0233,0.38365,0.0451
99,1000,1,0.1,0.3,0.5,0.0233,0.38871,0.05454
0,1000,1,0.1,0.3,0.5,0.01931,0.33932,0.05273
1,1000,1,0.1,0.3,0.5,0.01931,0.35428,0.06198
2,1000,1,0.1,0.3,0.5,0.01931,0.35251,0.05649
3,1000,1,0.1,0.3,0.5,0.01931,0.35082,0.0756
4,1000,1,0.1,0.3,0.5,0.01931,0.34654,0.0533
5,1000,1,0.1,0.3,0.5,0.01931,0.35534,0.06082
6,1000,1,0.1,0.3,0.5,0.01931,0.35299,0.03518
7,1000,1,0.1,0.3,0.5,0.01931,0.34427,0.05722
8,1000,1,0.1,0.3,0.5,0.01931,0.35023,0.04751
9,1000,1,0.1,0.3,0.5,0.01931,0.35213,0.05345
10,1000,1,0.1,0.3,0.5,0.01931,0.33574,0.05303
11,1000,1,0.1,0.3,0.5,0.01931,0.34855,0.0579
12,1000,1,0.1,0.3,0.5,0.01931,0.35922,0.04959
13,1000,1,0.1,0.3,0.5,0.01931,0.34888,0.03999
14,1000,1,0.1,0.3,0.5,0.01931,0.34174,0.04837
15,1000,1,0.1,0.3,0.5,0.01931,0.34799,0.05633
16,1000,1,0.1,0.3,0.5,0.01931,0.33908,0.07314
17,1000,1,0.1,0.3,0.5,0.01931,0.3484,0.04264
18,1000,1,0.1,0.3,0.5,0.01931,0.35211,0.04617
19,1000,1,0.1,0.3,0.5,0.01931,0.35756,0.05633
20,1000,1,0.1,0.3,0.5,0.01931,0.34879,0.05005
21,1000,1,0.1,0.3,0.5,0.01931,0.35786,0.06068
22,1000,1,0.1,0.3,0.5,0.01931,0.35014,0.04611
23,1000,1,0.1,0.3,0.5,0.01931,0.34887,0.05661
24,1000,1,0.1,0.3,0.5,0.01931,0.35155,0.05813
25,1000,1,0.1,0.3,0.5,0.01931,0.35624,0.05552
26,1000,1,0.1,0.3,0.5,0.01931,0.34075,0.0675
27,1000,1,0.1,0.3,0.5,0.01931,0.34852,0.04703
28,1000,1,0.1,0.3,0.5,0.01931,0.35685,0.04426
29,1000,1,0.1,0.3,0.5,0.01931,0.35842,0.06293
30,1000,1,0.1,0.3,0.5,0.01931,0.35355,0.05441
31,1000,1,0.1,0.3,0.5,0.01931,0.35797,0.05584
32,1000,1,0.1,0.3,0.5,0.01931,0.35273,0.04845
33,1000,1,0.1,0.3,0.5,0.01931,0.36279,0.06158
34,1000,1,0.1,0.3,0.5,0.01931,0.35534,0.05959
35,1000,1,0.1,0.3,0.5,0.01931,0.36273,0.05239
36,1000,1,0.1,0.3,0.5,0.01931,0.36192,0.04591
37,1000,1,0.1,0.3,0.5,0.01931,0.35511,0.04452
38,1000,1,0.1,0.3,0.5,0.01931,0.34382,0.06018
39,1000,1,0.1,0.3,0.5,0.01931,0.35485,0.04838
40,1000,1,0.1,0.3,0.5,0.01931,0.3472,0.04714
41,1000,1,0.1,0.3,0.5,0.01931,0.34663,0.05282
42,1000,1,0.1,0.3,0.5,0.01931,0.3582,0.06186
43,1000,1,0.1,0.3,0.5,0.01931,0.35494,0.07804
44,1000,1,0.1,0.3,0.5,0.01931,0.34814,0.07116
45,1000,1,0.1,0.3,0.5,0.01931,0.34097,0.04637
46,1000,1,0.1,0.3,0.5,0.01931,0.34585,0.05883
47,1000,1,0.1,0.3,0.5,0.01931,0.35181,0.04825
48,1000,1,0.1,0.3,0.5,0.01931,0.34627,0.04431
49,1000,1,0.1,0.3,0.5,0.01931,0.36244,0.04907
50,1000,1,0.1,0.3,0.5,0.01931,0.34192,0.04659
51,1000,1,0.1,0.3,0.5,0.01931,0.35683,0.04412
52,1000,1,0.1,0.3,0.5,0.01931,0.35938,0.0494
53,1000,1,0.1,0.3,0.5,0.01931,0.34142,0.04981
54,1000,1,0.1,0.3,0.5,0.01931,0.35065,0.05391
55,1000,1,0.1,0.3,0.5,0.01931,0.35832,0.06687
56,1000,1,0.1,0.3,0.5,0.01931,0.35558,0.04665
57,1000,1,0.1,0.3,0.5,0.01931,0.35746,0.05711
58,1000,1,0.1,0.3,0.5,0.01931,0.33979,0.05705
59,1000,1,0.1,0.3,0.5,0.01931,0.34836,0.06118
60,1000,1,0.1,0.3,0.5,0.01931,0.33966,0.04897
61,1000,1,0.1,0.3,0.5,0.01931,0.35544,0.06465
62,1000,1,0.1,0.3,0.5,0.01931,0.35539,0.04651
63,1000,1,0.1,0.3,0.5,0.01931,0.36066,0.05995
64,1000,1,0.1,0.3,0.5,0.01931,0.34708,0.04965
65,1000,1,0.1,0.3,0.5,0.01931,0.34892,0.04001
66,1000,1,0.1,0.3,0.5,0.01931,0.34705,0.04597
67,1000,1,0.1,0.3,0.5,0.01931,0.34213,0.04182
68,1000,1,0.1,0.3,0.5,0.01931,0.35451,0.04758
69,1000,1,0.1,0.3,0.5,0.01931,0.35647,0.0513
70,1000,1,0.1,0.3,0.5,0.01931,0.34461,0.05361
71,1000,1,0.1,0.3,0.5,0.01931,0.35793,0.07113
72,1000,1,0.1,0.3,0.5,0.01931,0.35294,0.05358
73,1000,1,0.1,0.3,0.5,0.01931,0.36073,0.04925
74,1000,1,0.1,0.3,0.5,0.01931,0.35966,0.04537
75,1000,1,0.1,0.3,0.5,0.01931,0.34475,0.06521
76,1000,1,0.1,0.3,0.5,0.01931,0.3438,0.04374
77,1000,1,0.1,0.3,0.5,0.01931,0.35532,0.06624
78,1000,1,0.1,0.3,0.5,0.01931,0.35255,0.05118
79,1000,1,0.1,0.3,0.5,0.01931,0.34886,0.05493
80,1000,1,0.1,0.3,0.5,0.01931,0.35375,0.05174
81,1000,1,0.1,0.3,0.5,0.01931,0.36781,0.06295
82,1000,1,0.1,0.3,0.5,0.01931,0.35928,0.04765
83,1000,1,0.1,0.3,0.5,0.01931,0.35079,0.05392
84,1000,1,0.1,0.3,0.5,0.01931,0.35036,0.03828
85,1000,1,0.1,0.3,0.5,0.01931,0.35106,0.05137
86,1000,1,0.1,0.3,0.5,0.01931,0.36324,0.0745
87,1000,1,0.1,0.3,0.5,0.01931,0.34829,0.0423
88,1000,1,0.1,0.3,0.5,0.01931,0.34572,0.05988
89,1000,1,0.1,0.3,0.5,0.01931,0.34064,0.03956
90,1000,1,0.1,0.3,0.5,0.01931,0.34796,0.05267
91,1000,1,0.1,0.3,0.5,0.01931,0.35101,0.05006
92,1000,1,0.1,0.3,0.5,0.01931,0.35093,0.05503
93,1000,1,0.1,0.3,0.5,0.01931,0.35914,0.05685
94,1000,1,0.1,0.3,0.5,0.01931,0.36506,0.05478
95,1000,1,0.1,0.3,0.5,0.01931,0.36315,0.05883
96,1000,1,0.1,0.3,0.5,0.01931,0.34953,0.04006
97,1000,1,0.1,0.3,0.5,0.01931,0.35471,0.06277
98,1000,1,0.1,0.3,0.5,0.01931,0.35289,0.05063
99,1000,1,0.1,0.3,0.5,0.01931,0.35954,0.06215
0,1000,1,0.1,0.3,0.5,0.016,0.31389,0.05999
1,1000,1,0.1,0.3,0.5,0.016,0.32589,0.07046
2,1000,1,0.1,0.3,0.5,0.016,0.328,0.06515
3,1000,1,0.1,0.3,0.5,0.016,0.32496,0.08433
4,1000,1,0.1,0.3,0.5,0.016,0.31856,0.05968
5,1000,1,0.1,0.3,0.5,0.016,0.32815,0.06735
6,1000,1,0.1,0.3,0.5,0.016,0.32524,0.04015
7,1000,1,0.1,0.3,0.5,0.016,0.31986,0.06385
8,1000,1,0.1,0.3,0.5,0.016,0.32237,0.05442
9,1000,1,0.1,0.3,0.5,0.016,0.32543,0.06084
10,1000,1,0.1,0.3,0.5,0.016,0.30829,0.06041
11,1000,1,0.1,0.3,0.5,0.016,0.32436,0.0655
12,1000,1,0.1,0.3,0.5,0.016,0.33219,0.05726
13,1000,1,0.1,0.3,0.5,0.016,0.32259,0.04701
14,1000,1,0.1,0.3,0.5,0.016,0.31586,0.05444
15,1000,1,0.1,0.3,0.5,0.016,0.3228,0.06617
16,1000,1,0.1,0.3,0.5,0.016,0.31544,0.08242
17,1000,1,0.1,0.3,0.5,0.016,0.32045,0.04928
18,1000,1,0.1,0.3,0.5,0.016,0.32366,0.05164
19,1000,1,0.1,0.3,0.5,0.016,0.33009,0.06337
20,1000,1,0.1,0.3,0.5,0.016,0.32217,0.05833
21,1000,1,0.1,0.3,0.5,0.016,0.33017,0.06723
22,1000,1,0.1,0.3,0.5,0.016,0.32477,0.05314
23,1000,1,0.1,0.3,0.5,0.016,0.32392,0.06541
24,1000,1,0.1,0.3,0.5,0.016,0.32303,0.06398
25,1000,1,0.1,0.3,0.5,0.016,0.32785,0.0622
26,1000,1,0.1,0.3,0.5,0.016,0.31472,0.07706
27,1000,1,0.1,0.3,0.5,0.016,0.3226,0.05627
28,1000,1,0.1,0.3,0.5,0.016,0.33286,0.05212
29,1000,1,0.1,0.3,0.5,0.016,0.3295,0.06986
30,1000,1,0.1,0.3,0.5,0.016,0.32771,0.06426
31,1000,1,0.1,0.3,0.5,0.016,0.32938,0.06369
32,1000,1,0.1,0.3,0.5,0.016,0.3273,0.05933
33,1000,1,0.1,0.3,0.5,0.016,0.3359,0.06994
34,1000,1,0.1,0.3,0.5,0.016,0.33009,0.06798
35,1000,1,0.1,0.3,0.5,0.016,0.33662,0.06058
36,1000,1,0.1,0.3,0.5,0.016,0.33539,0.05546
37,1000,1,0.1,0.3,0.5,0.016,0.32784,0.05045
38,1000,1,0.1,0.3,0.5,0.016,0.31698,0.06648
39,1000,1,0.1,0.3,0.5,0.016,0.33075,0.05769
40,1000,1,0.1,0.3,0.5,0.016,0.32098,0.05395
41,1000,1,0.1,0.3,0.5,0.016,0.32002,0.06253
42,1000,1,0.1,0.3,0.5,0.016,0.33362,0.06999
43,1000,1,0.1,0.3,0.5,0.016,0.33093,0.08866
44,1000,1,0.1,0.3,0.5,0.016,0.32335,0.07843
45,1000,1,0.1,0.3,0.5,0.016,0.31471,0.05402
46,1000,1,0.1,0.3,0.5,0.016,0.32013,0.06563
47,1000,1,0.1,0.3,0.5,0.016,0.32571,0.05573
48,1000,1,0.1,0.3,0.5,0.016,0.31809,0.05107
49,1000,1,0.1,0.3,0.5,0.016,0.33461,0.05427
50,1000,1,0.1,0.3,0.5,0.016,0.31407,0.05384
51,1000,1,0.1,0.3,0.5,0.016,0.32954,0.05067
52,1000,1,0.1,0.3,0.5,0.016,0.33176,0.05611
53,1000,1,0.1,0.3,0.5,0.016,0.3162,0.05605
54,1000,1,0.1,0.3,0.5,0.016,0.32284,0.06102
55,1000,1,0.1,0.3,0.5,0.016,0.33186,0.07608
56,1000,1,0.1,0.3,0.5,0.016,0.32831,0.05206
57,1000,1,0.1,0.3,0.5,0.016,0.32871,0.06499
58,1000,1,0.1,0.3,0.5,0.016,0.31541,0.06476
59,1000,1,0.1,0.3,0.5,0.016,0.3214,0.07176
60,1000,1,0.1,0.3,0.5,0.016,0.31363,0.05651
61,1000,1,0.1,0.3,0.5,0.016,0.32895,0.0727
62,1000,1,0.1,0.3,0.5,0.016,0.3293,0.05495
63,1000,1,0.1,0.3,0.5,0.016,0.33553,0.0689
64,1000,1,0.1,0.3,0.5,0.016,0.31793,0.0546
65,1000,1,0.1,0.3,0.5,0.016,0.32033,0.04852
66,1000,1,0.1,0.3,0.5,0.016,0.31892,0.0533
67,1000,1,0.1,0.3,0.5,0.016,0.31507,0.04979
68,1000,1,0.1,0.3,0.5,0.016,0.32752,0.05513
69,1000,1,0.1,0.3,0.5,0.016,0.33077,0.05873
70,1000,1,0.1,0.3,0.5,0.016,0.31607,0.06122
71,1000,1,0.1,0.3,0.5,0.016,0.33198,0.08194
72,1000,1,0.1,0.3,0.5,0.016,0.32739,0.06216
73,1000,1,0.1,0.3,0.5,0.016,0.33332,0.05736
74,1000,1,0.1,0.3,0.5,0.016,0.33271,0.05221
75,1000,1,0.1,0.3,0.5,0.016,0.32064,0.07357
76,1000,1,0.1,0.3,0.5,0.016,0.31708,0.04982
77,1000,1,0.1,0.3,0.5,0.016,0.32654,0.07595
78,1000,1,0.1,0.3,0.5,0.016,0.32617,0.06018
79,1000,1,0.1,0.3,0.5,0.016,0.32541,0.06305
80,1000,1,0.1,0.3,0.5,0.016,0.32605,0.05943
81,1000,1,0.1,0.3,0.5,0.016,0.33931,0.07124
82,1000,1,0.1,0.3,0.5,0.016,0.3313,0.05526
83,1000,1,0.1,0.3,0.5,0.016,0.32362,0.06102
84,1000,1,0.1,0.3,0.5,0.016,0.32327,0.04457
85,1000,1,0.1,0.3,0.5,0.016,0.32602,0.05989
86,1000,1,0.1,0.3,0.5,0.016,0.33814,0.0859
87,1000,1,0.1,0.3,0.5,0.016,0.32173,0.04917
88,1000,1,0.1,0.3,0.5,0.016,0.32009,0.0672
89,1000,1,0.1,0.3,0.5,0.016,0.31327,0.04552
90,1000,1,0.1,0.3,0.5,0.016,0.32431,0.06232
91,1000,1,0.1,0.3,0.5,0.016,0.3257,0.05709
92,1000,1,0.1,0.3,0.5,0.016,0.32397,0.06089
93,1000,1,0.1,0.3,0.5,0.016,0.33293,0.06666
94,1000,1,0.1,0.3,0.5,0.016,0.33786,0.06241
95,1000,1,0.1,0.3,0.5,0.016,0.33758,0.06606
96,1000,1,0.1,0.3,0.5,0.016,0.32197,0.04631
97,1000,1,0.1,0.3,0.5,0.016,0.32635,0.0692
98,1000,1,0.1,0.3,0.5,0.016,0.32398,0.05675
99,1000,1,0.1,0.3,0.5,0.016,0.33263,0.07069
0,1000,1,0.1,0.3,0.5,0.01326,0.29045,0.06817
1,1000,1,0.1,0.3,0.5,0.01326,0.29938,0.08009
2,1000,1,0.1,0.3,0.5,0.01326,0.30563,0.07444
3,1000,1,0.1,0.3,0.5,0.01326,0.30111,0.09364
4,1000,1,0.1,0.3,0.5,0.01326,0.29209,0.06677
5,1000,1,0.1,0.3,0.5,0.01326,0.30275,0.07467
6,1000,1,0.1,0.3,0.5,0.01326,0.29913,0.04604
7,1000,1,0.1,0.3,0.5,0.01326,0.29773,0.07127
8,1000,1,0.1,0.3,0.5,0.01326,0.29611,0.06247
9,1000,1,0.1,0.3,0.5,0.01326,0.30075,0.06893
10,1000,1,0.1,0.3,0.5,0.01326,0.28249,0.06871
11,1000,1,0.1,0.3,0.5,0.01326,0.3024,0.07358
12,1000,1,0.1,0.3,0.5,0.01326,0.30695,0.0661
13,1000,1,0.1,0.3,0.5,0.01326,0.29826,0.05497
14,1000,1,0.1,0.3,0.5,0.01326,0.29195,0.06143
15,1000,1,0.1,0.3,0.5,0.01326,0.29993,0.07714
16,1000,1,0.1,0.3,0.5,0.01326,0.29414,0.09248
17,1000,1,0.1,0.3,0.5,0.01326,0.29421,0.05709
18,1000,1,0.1,0.3,0.5,0.01326,0.29675,0.05818
19,1000,1,0.1,0.3,0.5,0.01326,0.30436,0.07093
20,1000,1,0.1,0.3,0.5,0.01326,0.29757,0.06757
21,1000,1,0.1,0.3,0.5,0.01326,0.30426,0.07476
22,1000,1,0.1,0.3,0.5,0.01326,0.30175,0.0612
23,1000,1,0.1,0.3,0.5,0.01326,0.30124,0.07476
24,1000,1,0.1,0.3,0.5,0.01326,0.29605,0.07081
25,1000,1,0.1,0.3,0.5,0.01326,0.30095,0.06959
26,1000,1,0.1,0.3,0.5,0.01326,0.29066,0.08728
27,1000,1,0.1,0.3,0.5,0.01326,0.29915,0.06718
28,1000,1,0.1,0.3,0.5,0.01326,0.3114,0.06151
29,1000,1,0.1,0.3,0.5,0.01326,0.30188,0.07734
30,1000,1,0.1,0.3,0.5,0.01326,0.30403,0.07484
31,1000,1,0.1,0.3,0.5,0.01326,0.30231,0.07221
32,1000,1,0.1,0.3,0.5,0.01326,0.30456,0.07134
33,1000,1,0.1,0.3,0.5,0.01326,0.31085,0.07892
34,1000,1,0.1,0.3,0.5,0.01326,0.30685,0.07696
35,1000,1,0.1,0.3,0.5,0.01326,0.31294,0.07017
36,1000,1,0.1,0.3,0.5,0.01326,0.31117,0.06652
37,1000,1,0.1,0.3,0.5,0.01326,0.30226,0.05725
38,1000,1,0.1,0.3,0.5,0.01326,0.29181,0.07331
39,1000,1,0.1,0.3,0.5,0.01326,0.30932,0.06829
40,1000,1,0.1,0.3,0.5,0.01326,0.29672,0.06165
41,1000,1,0.1,0.3,0.5,0.01326,0.29526,0.07322
42,1000,1,0.1,0.3,0.5,0.01326,0.3117,0.07919
43,1000,1,0.1,0.3,0.5,0.01326,0.30913,0.09944
44,1000,1,0.1,0.3,0.5,0.01326,0.30046,0.08599
45,1000,1,0.1,0.3,0.5,0.01326,0.29057,0.06244
46,1000,1,0.1,0.3,0.5,0.01326,0.29655,0.07324
47,1000,1,0.1,0.3,0.5,0.01326,0.30164,0.06429
48,1000,1,0.1,0.3,0.5,0.01326,0.29139,0.0589
49,1000,1,0.1,0.3,0.5,0.01326,0.30821,0.06022
50,1000,1,0.1,0.3,0.5,0.01326,0.2877,0.06234
51,1000,1,0.1,0.3,0.5,0.01326,0.30397,0.05828
52,1000,1,0.1,0.3,0.5,0.01326,0.30588,0.06385
53,1000,1,0.1,0.3,0.5,0.01326,0.29312,0.06298
54,1000,1,0.1,0.3,0.5,0.01326,0.29677,0.06871
55,1000,1,0.1,0.3,0.5,0.01326,0.30733,0.0861
56,1000,1,0.1,0.3,0.5,0.01326,0.30299,0.05827
57,1000,1,0.1,0.3,0.5,0.01326,0.30119,0.07349
58,1000,1,0.1,0.3,0.5,0.01326,0.29324,0.07352
59,1000,1,0.1,0.3,0.5,0.01326,0.29646,0.0833
60,1000,1,0.1,0.3,0.5,0.01326,0.28973,0.06543
61,1000,1,0.1,0.3,0.5,0.01326,0.30429,0.08121
62,1000,1,0.1,0.3,0.5,0.01326,0.30567,0.0647
63,1000,1,0.1,0.3,0.5,0.01326,0.31315,0.07908
64,1000,1,0.1,0.3,0.5,0.01326,0.2897,0.06012
65,1000,1,0.1,0.3,0.5,0.01326,0.2935,0.05856
66,1000,1,0.1,0.3,0.5,0.01326,0.29271,0.0622
67,1000,1,0.1,0.3,0.5,0.01326,0.29,0.05859
68,1000,1,0.1,0.3,0.5,0.01326,0.30233,0.06366
69,1000,1,0.1,0.3,0.5,0.01326,0.30693,0.06685
70,1000,1,0.1,0.3,0.5,0.01326,0.28902,0.06988
71,1000,1,0.1,0.3,0.5,0.01326,0.30828,0.09326
72,1000,1,0.1,0.3,0.5,0.01326,0.30416,0.07181
73,1000,1,0.1,0.3,0.5,0.01326,0.30788,0.06626
74,1000,1,0.1,0.3,0.5,0.01326,0.30757,0.05986
75,1000,1,0.1,0.3,0.5,0.01326,0.29886,0.08251
76,1000,1,0.1,0.3,0.5,0.01326,0.2922,0.05651
77,1000,1,0.1,0.3,0.5,0.01326,0.29946,0.08699
78,1000,1,0.1,0.3,0.5,0.01326,0.30179,0.07001
79,1000,1,0.1,0.3,0.5,0.01326,0.30461,0.07242
80,1000,1,0.1,0.3,0.5,0.01326,0.30001,0.06779
81,1000,1,0.1,0.3,0.5,0.01326,0.31262,0.08033
82,1000,1,0.1,0.3,0.5,0.01326,0.30507,0.06364
83,1000,1,0.1,0.3,0.5,0.01326,0.2983,0.06881
84,1000,1,0.1,0.3,0.5,0.01326,0.29796,0.05149
85,1000,1,0.1,0.3,0.5,0.01326,0.30333,0.06906
86,1000,1,0.1,0.3,0.5,0.01326,0.31559,0.09812
87,1000,1,0.1,0.3,0.5,0.01326,0.29691,0.05686
88,1000,1,0.1,0.3,0.5,0.01326,0.29662,0.07516
89,1000,1,0.1,0.3,0.5,0.01326,0.28768,0.05229
90,1000,1,0.1,0.3,0.5,0.01326,0.30358,0.07368
91,1000,1,0.1,0.3,0.5,0.01326,0.3028,0.06517
92,1000,1,0.1,0.3,0.5,0.01326,0.29892,0.06753
93,1000,1,0.1,0.3,0.5,0.01326,0.30881,0.07685
94,1000,1,0.1,0.3,0.5,0.01326,0.31247,0.07086
95,1000,1,0.1,0.3,0.5,0.01326,0.3141,0.07407
96,1000,1,0.1,0.3,0.5,0.01326,0.29635,0.05427
97,1000,1,0.1,0.3,0.5,0.01326,0.29947,0.07633
98,1000,1,0.1,0.3,0.5,0.01326,0.29678,0.06361
99,1000,1,0.1,0.3,0.5,0.01326,0.30791,0.08031
0,1000,1,0.1,0.3,0.5,0.01099,0.26867,0.07731
1,1000,1,0.1,0.3,0.5,0.01099,0.27488,0.09083
2,1000,1,0.1,0.3,0.5,0.01099,0.28517,0.08459
3,1000,1,0.1,0.3,0.5,0.01099,0.27916,0.10362
4,1000,1,0.1,0.3,0.5,0.01099,0.267,0.07469
5,1000,1,0.1,0.3,0.5,0.01099,0.27906,0.08286
6,1000,1,0.1,0.3,0.5,0.01099,0.27456,0.05314
7,1000,1,0.1,0.3,0.5,0.01099,0.27764,0.0797
8,1000,1,0.1,0.3,0.5,0.01099,0.2714,0.0718
9,1000,1,0.1,0.3,0.5,0.01099,0.27803,0.07793
10,1000,1,0.1,0.3,0.5,0.01099,0.25821,0.07803
11,1000,1,0.1,0.3,0.5,0.01099,0.28232,0.08224
12,1000,1,0.1,0.3,0.5,0.01099,0.2835,0.07623
13,1000,1,0.1,0.3,0.5,0.01099,0.27569,0.06395
14,1000,1,0.1,0.3,0.5,0.01099,0.26975,0.06942
15,1000,1,0.1,0.3,0.5,0.01099,0.2793,0.08921
16,1000,1,0.1,0.3,0.5,0.01099,0.27493,0.10345
17,1000,1,0.1,0.3,0.5,0.01099,0.26964,0.06614
18,1000,1,0.1,0.3,0.5,0.01099,0.27139,0.06611
19,1000,1,0.1,0.3,0.5,0.01099,0.28033,0.07921
20,1000,1,0.1,0.3,0.5,0.01099,0.27491,0.07784
21,1000,1,0.1,0.3,0.5,0.01099,0.28022,0.08362
22,1000,1,0.1,0.3,0.5,0.01099,0.28092,0.07029
23,1000,1,0.1,0.3,0.5,0.01099,0.28065,0.08481
24,1000,1,0.1,0.3,0.5,0.01099,0.27063,0.07887
25,1000,1,0.1,0.3,0.5,0.01099,0.27553,0.07792
26,1000,1,0.1,0.3,0.5,0.01099,0.26843,0.09822
27,1000,1,0.1,0.3,0.5,0.01099,0.2782,0.07973
28,1000,1,0.1,0.3,0.5,0.01099,0.2923,0.07249
29,1000,1,0.1,0.3,0.5,0.01099,0.2756,0.08565
30,1000,1,0.1,0.3,0.5,0.01099,0.28242,0.08624
31,1000,1,0.1,0.3,0.5,0.01099,0.27677,0.0815
32,1000,1,0.1,0.3,0.5,0.01099,0.28446,0.08427
33,1000,1,0.1,0.3,0.5,0.01099,0.28762,0.0886
34,1000,1,0.1,0.3,0.5,0.01099,0.28544,0.08658
35,1000,1,0.1,0.3,0.5,0.01099,0.29178,0.0813
36,1000,1,0.1,0.3,0.5,0.01099,0.28931,0.07894
37,1000,1,0.1,0.3,0.5,0.01099,0.27828,0.06518
38,1000,1,0.1,0.3,0.5,0.01099,0.26814,0.08094
39,1000,1,0.1,0.3,0.5,0.01099,0.2904,0.0801
40,1000,1,0.1,0.3,0.5,0.01099,0.27425,0.07035
41,1000,1,0.1,0.3,0.5,0.01099,0.27226,0.08495
42,1000,1,0.1,0.3,0.5,0.01099,0.2924,0.08962
43,1000,1,0.1,0.3,0.5,0.01099,0.28928,0.11037
44,1000,1,0.1,0.3,0.5,0.01099,0.27918,0.09404
45,1000,1,0.1,0.3,0.5,0.01099,0.26838,0.07183
46,1000,1,0.1,0.3,0.5,0.01099,0.27495,0.08186
47,1000,1,0.1,0.3,0.5,0.01099,0.27945,0.07398
48,1000,1,0.1,0.3,0.5,0.01099,0.2661,0.068
49,1000,1,0.1,0.3,0.5,0.01099,0.28317,0.06719
50,1000,1,0.1,0.3,0.5,0.01099,0.26273,0.07237
51,1000,1,0.1,0.3,0.5,0.01099,0.28004,0.06719
52,1000,1,0.1,0.3,0.5,0.01099,0.28178,0.0729
53,1000,1,0.1,0.3,0.5,0.01099,0.27194,0.0708
54,1000,1,0.1,0.3,0.5,0.01099,0.27234,0.07698
55,1000,1,0.1,0.3,0.5,0.01099,0.2847,0.097
56,1000,1,0.1,0.3,0.5,0.01099,0.27959,0.06565
57,1000,1,0.1,0.3,0.5,0.01099,0.27488,0.08268
58,1000,1,0.1,0.3,0.5,0.01099,0.27301,0.08355
59,1000,1,0.1,0.3,0.5,0.01099,0.27357,0.09579
60,1000,1,0.1,0.3,0.5,0.01099,0.26779,0.07571
61,1000,1,0.1,0.3,0.5,0.01099,0.28136,0.0903
62,1000,1,0.1,0.3,0.5,0.01099,0.28454,0.07583
63,1000,1,0.1,0.3,0.5,0.01099,0.2936,0.09068
64,1000,1,0.1,0.3,0.5,0.01099,0.2622,0.06656
65,1000,1,0.1,0.3,0.5,0.01099,0.2685,0.07017
66,1000,1,0.1,0.3,0.5,0.01099,0.26853,0.07278
67,1000,1,0.1,0.3,0.5,0.01099,0.26682,0.06833
68,1000,1,0.1,0.3,0.5,0.01099,0.27887,0.07339
69,1000,1,0.1,0.3,0.5,0.01099,0.28473,0.07578
70,1000,1,0.1,0.3,0.5,0.01099,0.26345,0.07977
71,1000,1,0.1,0.3,0.5,0.01099,0.28684,0.10515
72,1000,1,0.1,0.3,0.5,0.01099,0.28323,0.0827
73,1000,1,0.1,0.3,0.5,0.01099,0.28445,0.07604
74,1000,1,0.1,0.3,0.5,0.01099,0.28411,0.06839
75,1000,1,0.1,0.3,0.5,0.01099,0.27913,0.0921
76,1000,1,0.1,0.3,0.5,0.01099,0.26897,0.06401
77,1000,1,0.1,0.3,0.5,0.01099,0.27431,0.09935
78,1000,1,0.1,0.3,0.5,0.01099,0.27935,0.08073
79,1000,1,0.1,0.3,0.5,0.01099,0.28623,0.08311
80,1000,1,0.1,0.3,0.5,0.01099,0.27555,0.07677
81,1000,1,0.1,0.3,0.5,0.01099,0.28788,0.09029
82,1000,1,0.1,0.3,0.5,0.01099,0.28063,0.07296
83,1000,1,0.1,0.3,0.5,0.01099,0.27471,0.07741
84,1000,1,0.1,0.3,0.5,0.01099,0.27424,0.05915
85,1000,1,0.1,0.3,0.5,0.01099,0.28279,0.07887
86,1000,1,0.1,0.3,0.5,0.01099,0.29564,0.11113
87,1000,1,0.1,0.3,0.5,0.01099,0.27365,0.06553
88,1000,1,0.1,0.3,0.5,0.01099,0.27517,0.08395
89,1000,1,0.1,0.3,0.5,0.01099,0.26366,0.06004
90,1000,1,0.1,0.3,0.5,0.01099,0.28572,0.08687
91,1000,1,0.1,0.3,0.5,0.01099,0.28219,0.0745
92,1000,1,0.1,0.3,0.5,0.01099,0.27563,0.075
93,1000,1,0.1,0.3,0.5,0.01099,0.28665,0.08733
94,1000,1,0.1,0.3,0.5,0.01099,0.28887,0.0802
95,1000,1,0.1,0.3,0.5,0.01099,0.29263,0.083
96,1000,1,0.1,0.3,0.5,0.01099,0.27273,0.06412
97,1000,1,0.1,0.3,0.5,0.01099,0.27406,0.08439
98,1000,1,0.1,0.3,0.5,0.01099,0.27134,0.07138
99,1000,1,0.1,0.3,0.5,0.01099,0.28547,0.09108
0,1000,1,0.1,0.3,0.5,0.0091,0.24859,0.08739
1,1000,1,0.1,0.3,0.5,0.0091,0.2528,0.1026
2,1000,1,0.1,0.3,0.5,0.0091,0.26675,0.09591
3,1000,1,0.1,0.3,0.5,0.0091,0.25935,0.11434
4,1000,1,0.1,0.3,0.5,0.0091,0.24347,0.08354
5,1000,1,0.1,0.3,0.5,0.0091,0.2573,0.09204
6,1000,1,0.1,0.3,0.5,0.0091,0.25166,0.06171
7,1000,1,0.1,0.3,0.5,0.0091,0.25964,0.08939
8,1000,1,0.1,0.3,0.5,0.0091,0.24855,0.08253
9,1000,1,0.1,0.3,0.5,0.0091,0.25749,0.08806
10,1000,1,0.1,0.3,0.5,0.0091,0.2357,0.0885
11,1000,1,0.1,0.3,0.5,0.0091,0.2641,0.09165
12,1000,1,0.1,0.3,0.5,0.0091,0.2621,0.08771
13,1000,1,0.1,0.3,0.5,0.0091,0.25495,0.07403
14,1000,1,0.1,0.3,0.5,0.0091,0.24929,0.07858
15,1000,1,0.1,0.3,0.5,0.0091,0.26109,0.10233
16,1000,1,0.1,0.3,0.5,0.0091,0.25791,0.1154
17,1000,1,0.1,0.3,0.5,0.0091,0.247,0.07648
18,1000,1,0.1,0.3,0.5,0.0091,0.24788,0.07566
19,1000,1,0.1,0.3,0.5,0.0091,0.25823,0.08842
20,1000,1,0.1,0.3,0.5,0.0091,0.25442,0.08924
21,1000,1,0.1,0.3,0.5,0.0091,0.25849,0.09416
22,1000,1,0.1,0.3,0.5,0.0091,0.26231,0.08043
23,1000,1,0.1,0.3,0.5,0.0091,0.26228,0.09576
24,1000,1,0.1,0.3,0.5,0.0091,0.2471,0.08829
25,1000,1,0.1,0.3,0.5,0.0091,0.2519,0.08739
26,1000,1,0.1,0.3,0.5,0.0091,0.24825,0.10994
27,1000,1,0.1,0.3,0.5,0.0091,0.26006,0.09383
28,1000,1,0.1,0.3,0.5,0.0091,0.27562,0.0851
29,1000,1,0.1,0.3,0.5,0.0091,0.25105,0.09505
30,1000,1,0.1,0.3,0.5,0.0091,0.26309,0.09853
31,1000,1,0.1,0.3,0.5,0.0091,0.25314,0.09171
32,1000,1,0.1,0.3,0.5,0.0091,0.26713,0.09798
33,1000,1,0.1,0.3,0.5,0.0091,0.26645,0.09906
34,1000,1,0.1,0.3,0.5,0.0091,0.26595,0.09692
35,1000,1,0.1,0.3,0.5,0.0091,0.27345,0.0941
36,1000,1,0.1,0.3,0.5,0.0091,0.27005,0.0925
37,1000,1,0.1,0.3,0.5,0.0091,0.2561,0.07449
38,1000,1,0.1,0.3,0.5,0.0091,0.24617,0.08963
39,1000,1,0.1,0.3,0.5,0.0091,0.27399,0.09304
40,1000,1,0.1,0.3,0.5,0.0091,0.25368,0.08014
41,1000,1,0.1,0.3,0.5,0.0091,0.25133,0.0978
42,1000,1,0.1,0.3,0.5,0.0091,0.27584,0.10141
43,1000,1,0.1,0.3,0.5,0.0091,0.27143,0.12153
44,1000,1,0.1,0.3,0.5,0.0091,0.25954,0.10282
45,1000,1,0.1,0.3,0.5,0.0091,0.2483,0.08238
46,1000,1,0.1,0.3,0.5,0.0091,0.25551,0.09166
47,1000,1,0.1,0.3,0.5,0.0091,0.25923,0.08487
48,1000,1,0.1,0.3,0.5,0.0091,0.24255,0.07857
49,1000,1,0.1,0.3,0.5,0.0091,0.25971,0.07545
50,1000,1,0.1,0.3,0.5,0.0091,0.23953,0.08418
51,1000,1,0.1,0.3,0.5,0.0091,0.25801,0.07763
52,1000,1,0.1,0.3,0.5,0.0091,0.25982,0.08349
53,1000,1,0.1,0.3,0.5,0.0091,0.25267,0.07975
54,1000,1,0.1,0.3,0.5,0.0091,0.24973,0.08583
55,1000,1,0.1,0.3,0.5,0.0091,0.26431,0.10886
56,1000,1,0.1,0.3,0.5,0.0091,0.25838,0.07457
57,1000,1,0.1,0.3,0.5,0.0091,0.2501,0.09268
58,1000,1,0.1,0.3,0.5,0.0091,0.25484,0.09499
59,1000,1,0.1,0.3,0.5,0.0091,0.25311,0.10922
60,1000,1,0.1,0.3,0.5,0.0091,0.24797,0.08726
61,1000,1,0.1,0.3,0.5,0.0091,0.26037,0.10015
62,1000,1,0.1,0.3,0.5,0.0091,0.26613,0.08836
63,1000,1,0.1,0.3,0.5,0.0091,0.27713,0.10387
64,1000,1,0.1,0.3,0.5,0.0091,0.23568,0.07425
65,1000,1,0.1,0.3,0.5,0.0091,0.24579,0.08335
66,1000,1,0.1,0.3,0.5,0.0091,0.24679,0.08506
67,1000,1,0.1,0.3,0.5,0.0091,0.24573,0.07914
68,1000,1,0.1,0.3,0.5,0.0091,0.25742,0.08449
69,1000,1,0.1,0.3,0.5,0.0091,0.26423,0.08568
70,1000,1,0.1,0.3,0.5,0.0091,0.23976,0.091
71,1000,1,0.1,0.3,0.5,0.0091,0.26796,0.11773
72,1000,1,0.1,0.3,0.5,0.0091,0.26481,0.09493
73,1000,1,0.1,0.3,0.5,0.0091,0.26325,0.0868
74,1000,1,0.1,0.3,0.5,0.0091,0.26249,0.07788
75,1000,1,0.1,0.3,0.5,0.0091,0.26147,0.1025
76,1000,1,0.1,0.3,0.5,0.0091,0.24749,0.07255
77,1000,1,0.1,0.3,0.5,0.0091,0.25168,0.11292
78,1000,1,0.1,0.3,0.5,0.0091,0.25906,0.09245
79,1000,1,0.1,0.3,0.5,0.0091,0.27025,0.09512
80,1000,1,0.1,0.3,0.5,0.0091,0.25285,0.0864
81,1000,1,0.1,0.3,0.5,0.0091,0.26546,0.10112
82,1000,1,0.1,0.3,0.5,0.0091,0.25827,0.08334
83,1000,1,0.1,0.3,0.5,0.0091,0.25306,0.08697
84,1000,1,0.1,0.3,0.5,0.0091,0.25222,0.06772
85,1000,1,0.1,0.3,0.5,0.0091,0.26441,0.08938
86,1000,1,0.1,0.3,0.5,0.0091,0.27853,0.12493
87,1000,1,0.1,0.3,0.5,0.0091,0.25206,0.07536
88,1000,1,0.1,0.3,0.5,0.0091,0.25585,0.09378
89,1000,1,0.1,0.3,0.5,0.0091,0.24139,0.06903
90,1000,1,0.1,0.3,0.5,0.0091,0.2709,0.10191
91,1000,1,0.1,0.3,0.5,0.0091,0.26401,0.08523
92,1000,1,0.1,0.3,0.5,0.0091,0.25421,0.08336
93,1000,1,0.1,0.3,0.5,0.0091,0.26659,0.09813
94,1000,1,0.1,0.3,0.5,0.0091,0.2673,0.0905
95,1000,1,0.1,0.3,0.5,0.0091,0.27328,0.093
96,1000,1,0.1,0.3,0.5,0.0091,0.25149,0.07598
97,1000,1,0.1,0.3,0.5,0.0091,0.2505,0.09359
98,1000,1,0.1,0.3,0.5,0.0091,0.24802,0.0803
99,1000,1,0.1,0.3,0.5,0.0091,0.26562,0.10301
0,1000,1,0.1,0.3,0.5,0.00754,0.23057,0.09847
1,1000,1,0.1,0.3,0.5,0.00754,0.23385,0.11531
2,1000,1,0.1,0.3,0.5,0.00754,0.25085,0.1087
3,1000,1,0.1,0.3,0.5,0.00754,0.24218,0.12588
4,1000,1,0.1,0.3,0.5,0.00754,0.2221,0.09347
5,1000,1,0.1,0.3,0.5,0.00754,0.238,0.10242
6,1000,1,0.1,0.3,0.5,0.00754,0.23093,0.07198
7,1000,1,0.1,0.3,0.5,0.00754,0.24409,0.10058
8,1000,1,0.1,0.3,0.5,0.00754,0.22823,0.09472
9,1000,1,0.1,0.3,0.5,0.00754,0.23962,0.09949
10,1000,1,0.1,0.3,0.5,0.00754,0.21571,0.10024
11,1000,1,0.1,0.3,0.5,0.00754,0.248,0.10211
12,1000,1,0.1,0.3,0.5,0.00754,0.24334,0.10058
13,1000,1,0.1,0.3,0.5,0.00754,0.23642,0.08527
14,1000,1,0.1,0.3,0.5,0.00754,0.23101,0.08905
15,1000,1,0.1,0.3,0.5,0.00754,0.24578,0.11647
16,1000,1,0.1,0.3,0.5,0.00754,0.24355,0.12839
17,1000,1,0.1,0.3,0.5,0.00754,0.22688,0.08815
18,1000,1,0.1,0.3,0.5,0.00754,0.2269,0.08694
19,1000,1,0.1,0.3,0.5,0.00754,0.23858,0.09879
20,1000,1,0.1,0.3,0.5,0.00754,0.23666,0.1019
21,1000,1,0.1,0.3,0.5,0.00754,0.23988,0.10665
22,1000,1,0.1,0.3,0.5,0.00754,0.2462,0.09167
23,1000,1,0.1,0.3,0.5,0.00754,0.24652,0.1078
24,1000,1,0.1,0.3,0.5,0.00754,0.22618,0.0991
25,1000,1,0.1,0.3,0.5,0.00754,0.23074,0.09819
26,1000,1,0.1,0.3,0.5,0.00754,0.23076,0.12249
27,1000,1,0.1,0.3,0.5,0.00754,0.24526,0.10934
28,1000,1,0.1,0.3,0.5,0.00754,0.26163,0.09936
29,1000,1,0.1,0.3,0.5,0.00754,0.22902,0.10578
30,1000,1,0.1,0.3,0.5,0.00754,0.24652,0.11185
31,1000,1,0.1,0.3,0.5,0.00754,0.23213,0.10306
32,1000,1,0.1,0.3,0.5,0.00754,0.25289,0.11244
33,1000,1,0.1,0.3,0.5,0.00754,0.24786,0.11047
34,1000,1,0.1,0.3,0.5,0.00754,0.24877,0.10809
35,1000,1,0.1,0.3,0.5,0.00754,0.25846,0.10868
36,1000,1,0.1,0.3,0.5,0.00754,0.25382,0.10707
37,1000,1,0.1,0.3,0.5,0.00754,0.23625,0.08536
38,1000,1,0.1,0.3,0.5,0.00754,0.2265,0.09958
39,1000,1,0.1,0.3,0.5,0.00754,0.2603,0.10713
40,1000,1,0.1,0.3,0.5,0.00754,0.23543,0.09113
41,1000,1,0.1,0.3,0.5,0.00754,0.2332,0.11191
42,1000,1,0.1,0.3,0.5,0.00754,0.26236,0.11465
43,1000,1,0.1,0.3,0.5,0.00754,0.25597,0.1331
44,1000,1,0.1,0.3,0.5,0.00754,0.24199,0.11259
45,1000,1,0.1,0.3,0.5,0.00754,0.23084,0.09426
46,1000,1,0.1,0.3,0.5,0.00754,0.23869,0.10281
47,1000,1,0.1,0.3,0.5,0.00754,0.24139,0.097
48,1000,1,0.1,0.3,0.5,0.00754,0.22151,0.09074
49,1000,1,0.1,0.3,0.5,0.00754,0.23836,0.08516
50,1000,1,0.1,0.3,0.5,0.00754,0.21909,0.09801
51,1000,1,0.1,0.3,0.5,0.00754,0.23849,0.08979
52,1000,1,0.1,0.3,0.5,0.00754,0.24063,0.09572
53,1000,1,0.1,0.3,0.5,0.00754,0.2357,0.09005
54,1000,1,0.1,0.3,0.5,0.00754,0.22938,0.09531
55,1000,1,0.1,0.3,0.5,0.00754,0.24679,0.12182
56,1000,1,0.1,0.3,0.5,0.00754,0.23989,0.08537
57,1000,1,0.1,0.3,0.5,0.00754,0.22759,0.10369
58,1000,1,0.1,0.3,0.5,0.00754,0.23921,0.10794
59,1000,1,0.1,0.3,0.5,0.00754,0.23582,0.12361
60,1000,1,0.1,0.3,0.5,0.00754,0.23071,0.09998
61,1000,1,0.1,0.3,0.5,0.00754,0.24184,0.11093
62,1000,1,0.1,0.3,0.5,0.00754,0.25087,0.10233
63,1000,1,0.1,0.3,0.5,0.00754,0.26415,0.11872
64,1000,1,0.1,0.3,0.5,0.00754,0.21087,0.08348
65,1000,1,0.1,0.3,0.5,0.00754,0.22623,0.09809
66,1000,1,0.1,0.3,0.5,0.00754,0.22829,0.099
67,1000,1,0.1,0.3,0.5,0.00754,0.22731,0.09115
68,1000,1,0.1,0.3,0.5,0.00754,0.23858,0.09708
69,1000,1,0.1,0.3,0.5,0.00754,0.24585,0.09681
70,1000,1,0.1,0.3,0.5,0.00754,0.21881,0.10365
71,1000,1,0.1,0.3,0.5,0.00754,0.25221,0.13122
72,1000,1,0.1,0.3,0.5,0.00754,0.24936,0.10856
73,1000,1,0.1,0.3,0.5,0.00754,0.24479,0.09865
74,1000,1,0.1,0.3,0.5,0.00754,0.24314,0.08847
75,1000,1,0.1,0.3,0.5,0.00754,0.24623,0.11389
76,1000,1,0.1,0.3,0.5,0.00754,0.22822,0.0824
77,1000,1,0.1,0.3,0.5,0.00754,0.2325,0.12752
78,1000,1,0.1,0.3,0.5,0.00754,0.24149,0.10532
79,1000,1,0.1,0.3,0.5,0.00754,0.25685,0.10836
80,1000,1,0.1,0.3,0.5,0.00754,0.23242,0.09679
81,1000,1,0.1,0.3,0.5,0.00754,0.24593,0.11285
82,1000,1,0.1,0.3,0.5,0.00754,0.23862,0.09492
83,1000,1,0.1,0.3,0.5,0.00754,0.23387,0.09772
84,1000,1,0.1,0.3,0.5,0.00754,0.2323,0.07747
85,1000,1,0.1,0.3,0.5,0.00754,0.24847,0.10077
86,1000,1,0.1,0.3,0.5,0.00754,0.26466,0.13952
87,1000,1,0.1,0.3,0.5,0.00754,0.23265,0.08648
88,1000,1,0.1,0.3,0.5,0.00754,0.23916,0.10492
89,1000,1,0.1,0.3,0.5,0.00754,0.22139,0.07949
90,1000,1,0.1,0.3,0.5,0.00754,0.25955,0.11873
91,1000,1,0.1,0.3,0.5,0.00754,0.24862,0.09749
92,1000,1,0.1,0.3,0.5,0.00754,0.23508,0.09276
93,1000,1,0.1,0.3,0.5,0.00754,0.24902,0.10944
94,1000,1,0.1,0.3,0.5,0.00754,0.24826,0.10185
95,1000,1,0.1,0.3,0.5,0.00754,0.25645,0.10425
96,1000,1,0.1,0.3,0.5,0.00754,0.23337,0.08987
97,1000,1,0.1,0.3,0.5,0.00754,0.22951,0.10412
98,1000,1,0.1,0.3,0.5,0.00754,0.22749,0.09063
99,1000,1,0.1,0.3,0.5,0.00754,0.24889,0.11609
0,1000,1,0.1,0.3,0.5,0.00625,0.21532,0.11066
1,1000,1,0.1,0.3,0.5,0.00625,0.2189,0.12895
2,1000,1,0.1,0.3,0.5,0.00625,0.23827,0.12323
3,1000,1,0.1,0.3,0.5,0.00625,0.22843,0.13838
4,1000,1,0.1,0.3,0.5,0.00625,0.20385,0.10474
5,1000,1,0.1,0.3,0.5,0.00625,0.22199,0.11422
6,1000,1,0.1,0.3,0.5,0.00625,0.21315,0.08414
7,1000,1,0.1,0.3,0.5,0.00625,0.23162,0.11345
8,1000,1,0.1,0.3,0.5,0.00625,0.21146,0.10839
9,1000,1,0.1,0.3,0.5,0.00625,0.22518,0.11241
10,1000,1,0.1,0.3,0.5,0.00625,0.19936,0.11336
11,1000,1,0.1,0.3,0.5,0.00625,0.23462,0.11395
12,1000,1,0.1,0.3,0.5,0.00625,0.22808,0.1149
13,1000,1,0.1,0.3,0.5,0.00625,0.22077,0.0978
14,1000,1,0.1,0.3,0.5,0.00625,0.21564,0.10106
15,1000,1,0.1,0.3,0.5,0.00625,0.23404,0.13161
16,1000,1,0.1,0.3,0.5,0.00625,0.23256,0.14247
17,1000,1,0.1,0.3,0.5,0.00625,0.2102,0.10121
18,1000,1,0.1,0.3,0.5,0.00625,0.20946,0.10001
19,1000,1,0.1,0.3,0.5,0.00625,0.22219,0.11056
20,1000,1,0.1,0.3,0.5,0.00625,0.22249,0.11598
21,1000,1,0.1,0.3,0.5,0.00625,0.22545,0.12124
22,1000,1,0.1,0.3,0.5,0.00625,0.23308,0.10417
23,1000,1,0.1,0.3,0.5,0.00625,0.23399,0.12109
24,1000,1,0.1,0.3,0.5,0.00625,0.20884,0.11131
25,1000,1,0.1,0.3,0.5,0.00625,0.21303,0.11046
26,1000,1,0.1,0.3,0.5,0.00625,0.21683,0.1359
27,1000,1,0.1,0.3,0.5,0.00625,0.23443,0.12614
28,1000,1,0.1,0.3,0.5,0.00625,0.25083,0.11526
29,1000,1,0.1,0.3,0.5,0.00625,0.21068,0.11805
30,1000,1,0.1,0.3,0.5,0.00625,0.23344,0.12629
31,1000,1,0.1,0.3,0.5,0.00625,0.21479,0.11575
32,1000,1,0.1,0.3,0.5,0.00625,0.24216,0.12772
33,1000,1,0.1,0.3,0.5,0.00625,0.2326,0.12298
34,1000,1,0.1,0.3,0.5,0.00625,0.23452,0.12028
35,1000,1,0.1,0.3,0.5,0.00625,0.24747,0.12515
36,1000,1,0.1,0.3,0.5,0.00625,0.24115,0.12256
37,1000,1,0.1,0.3,0.5,0.00625,0.21952,0.09788
38,1000,1,0.1,0.3,0.5,0.00625,0.21001,0.11094
39,1000,1,0.1,0.3,0.5,0.00625,0.24972,0.1224
40,1000,1,0.1,0.3,0.5,0.00625,0.22022,0.10345
41,1000,1,0.1,0.3,0.5,0.00625,0.21896,0.12743
42,1000,1,0.1,0.3,0.5,0.00625,0.25238,0.12939
43,1000,1,0.1,0.3,0.5,0.00625,0.24351,0.14534
44,1000,1,0.1,0.3,0.5,0.00625,0.22724,0.12364
45,1000,1,0.1,0.3,0.5,0.00625,0.21678,0.1077
46,1000,1,0.1,0.3,0.5,0.00625,0.22523,0.11549
47,1000,1,0.1,0.3,0.5,0.00625,0.22664,0.11053
48,1000,1,0.1,0.3,0.5,0.00625,0.20409,0.10455
49,1000,1,0.1,0.3,0.5,0.00625,0.21993,0.09646
50,1000,1,0.1,0.3,0.5,0.00625,0.20289,0.11402
51,1000,1,0.1,0.3,0.5,0.00625,0.2224,0.10379
52,1000,1,0.1,0.3,0.5,0.00625,0.22511,0.10964
53,1000,1,0.1,0.3,0.5,0.00625,0.22164,0.1019
54,1000,1,0.1,0.3,0.5,0.00625,0.21201,0.10557
55,1000,1,0.1,0.3,0.5,0.00625,0.23306,0.13604
56,1000,1,0.1,0.3,0.5,0.00625,0.22496,0.09835
57,1000,1,0.1,0.3,0.5,0.00625,0.2085,0.11593
58,1000,1,0.1,0.3,0.5,0.00625,0.2269,0.12243
59,1000,1,0.1,0.3,0.5,0.00625,0.22269,0.13901
60,1000,1,0.1,0.3,0.5,0.00625,0.21677,0.11387
61,1000,1,0.1,0.3,0.5,0.00625,0.22652,0.12282
62,1000,1,0.1,0.3,0.5,0.00625,0.23935,0.1178
63,1000,1,0.1,0.3,0.5,0.00625,0.25516,0.13529
64,1000,1,0.1,0.3,0.5,0.00625,0.18898,0.09451
65,1000,1,0.1,0.3,0.5,0.00625,0.21099,0.11441
66,1000,1,0.1,0.3,0.5,0.00625,0.21405,0.11457
67,1000,1,0.1,0.3,0.5,0.00625,0.21239,0.10454
68,1000,1,0.1,0.3,0.5,0.00625,0.22325,0.11124
69,1000,1,0.1,0.3,0.5,0.00625,0.23033,0.10946
70,1000,1,0.1,0.3,0.5,0.00625,0.20184,0.11775
71,1000,1,0.1,0.3,0.5,0.00625,0.2404,0.14589
72,1000,1,0.1,0.3,0.5,0.00625,0.23752,0.12356
73,1000,1,0.1,0.3,0.5,0.00625,0.22977,0.11177
74,1000,1,0.1,0.3,0.5,0.00625,0.22671,0.10032
75,1000,1,0.1,0.3,0.5,0.00625,0.234,0.12649
76,1000,1,0.1,0.3,0.5,0.00625,0.21195,0.09387
77,1000,1,0.1,0.3,0.5,0.00625,0.21783,0.14296
78,1000,1,0.1,0.3,0.5,0.00625,0.22746,0.11951
79,1000,1,0.1,0.3,0.5,0.00625,0.24636,0.12275
80,1000,1,0.1,0.3,0.5,0.00625,0.21505,0.10814
81,1000,1,0.1,0.3,0.5,0.00625,0.23005,0.12552
82,1000,1,0.1,0.3,0.5,0.00625,0.2225,0.10785
83,1000,1,0.1,0.3,0.5,0.00625,0.21799,0.10991
84,1000,1,0.1,0.3,0.5,0.00625,0.2152,0.08872
85,1000,1,0.1,0.3,0.5,0.00625,0.23548,0.11328
86,1000,1,0.1,0.3,0.5,0.00625,0.25455,0.15495
87,1000,1,0.1,0.3,0.5,0.00625,0.21621,0.09904
88,1000,1,0.1,0.3,0.5,0.00625,0.22585,0.11767
89,1000,1,0.1,0.3,0.5,0.00625,0.20456,0.09164
90,1000,1,0.1,0.3,0.5,0.00625,0.25217,0.13723
91,1000,1,0.1,0.3,0.5,0.00625,0.23653,0.11134
92,1000,1,0.1,0.3,0.5,0.00625,0.21889,0.10341
93,1000,1,0.1,0.3,0.5,0.00625,0.23458,0.12156
94,1000,1,0.1,0.3,0.5,0.00625,0.23246,0.1144
95,1000,1,0.1,0.3,0.5,0.00625,0.2427,0.1169
96,1000,1,0.1,0.3,0.5,0.00625,0.21937,0.1058
97,1000,1,0.1,0.3,0.5,0.00625,0.21214,0.11616
98,1000,1,0.1,0.3,0.5,0.00625,0.2107,0.10265
99,1000,1,0.1,0.3,0.5,0.00625,0.23594,0.13035
0,1000,1,0.1,0.3,0.5,0.00518,0.2038,0.12415
1,1000,1,0.1,0.3,0.5,0.00518,0.20887,0.1436
2,1000,1,0.1,0.3,0.5,0.00518,0.22999,0.13969
3,1000,1,0.1,0.3,0.5,0.00518,0.219,0.15201
4,1000,1,0.1,0.3,0.5,0.00518,0.19001,0.11766
5,1000,1,0.1,0.3,0.5,0.00518,0.2103,0.12773
6,1000,1,0.1,0.3,0.5,0.00518,0.19935,0.09832
7,1000,1,0.1,0.3,0.5,0.00518,0.223,0.12817
8,1000,1,0.1,0.3,0.5,0.00518,0.19942,0.12361
9,1000,1,0.1,0.3,0.5,0.00518,0.21502,0.12693
10,1000,1,0.1,0.3,0.5,0.00518,0.18796,0.12796
11,1000,1,0.1,0.3,0.5,0.00518,0.22478,0.12753
12,1000,1,0.1,0.3,0.5,0.00518,0.2173,0.13076
13,1000,1,0.1,0.3,0.5,0.00518,0.20882,0.11175
14,1000,1,0.1,0.3,0.5,0.00518,0.20416,0.11485
15,1000,1,0.1,0.3,0.5,0.00518,0.22654,0.14777
16,1000,1,0.1,0.3,0.5,0.00518,0.2257,0.15766
17,1000,1,0.1,0.3,0.5,0.00518,0.19802,0.1158
18,1000,1,0.1,0.3,0.5,0.00518,0.19676,0.11495
19,1000,1,0.1,0.3,0.5,0.00518,0.21002,0.12395
20,1000,1,0.1,0.3,0.5,0.00518,0.21287,0.13163
21,1000,1,0.1,0.3,0.5,0.00518,0.21633,0.13794
22,1000,1,0.1,0.3,0.5,0.00518,0.22357,0.11816
23,1000,1,0.1,0.3,0.5,0.00518,0.22538,0.13577
24,1000,1,0.1,0.3,0.5,0.00518,0.1962,0.12499
25,1000,1,0.1,0.3,0.5,0.00518,0.19992,0.12432
26,1000,1,0.1,0.3,0.5,0.00518,0.20743,0.15024
27,1000,1,0.1,0.3,0.5,0.00518,0.22818,0.14412
28,1000,1,0.1,0.3,0.5,0.00518,0.24376,0.13275
29,1000,1,0.1,0.3,0.5,0.00518,0.19737,0.13203
30,1000,1,0.1,0.3,0.5,0.00518,0.22464,0.14196
31,1000,1,0.1,0.3,0.5,0.00518,0.2023,0.12997
32,1000,1,0.1,0.3,0.5,0.00518,0.23542,0.14395
33,1000,1,0.1,0.3,0.5,0.00518,0.22154,0.1368
34,1000,1,0.1,0.3,0.5,0.00518,0.22402,0.13371
35,1000,1,0.1,0.3,0.5,0.00518,0.24116,0.14353
36,1000,1,0.1,0.3,0.5,0.00518,0.23262,0.13899
37,1000,1,0.1,0.3,0.5,0.00518,0.20685,0.11205
38,1000,1,0.1,0.3,0.5,0.00518,0.1978,0.12386
39,1000,1,0.1,0.3,0.5,0.00518,0.24273,0.13897
40,1000,1,0.1,0.3,0.5,0.00518,0.2089,0.11729
41,1000,1,0.1,0.3,0.5,0.00518,0.20987,0.14453
42,1000,1,0.1,0.3,0.5,0.00518,0.2463,0.14564
43,1000,1,0.1,0.3,0.5,0.00518,0.23477,0.15852
44,1000,1,0.1,0.3,0.5,0.00518,0.21625,0.13618
45,1000,1,0.1,0.3,0.5,0.00518,0.20712,0.12294
46,1000,1,0.1,0.3,0.5,0.00518,0.216,0.12988
47,1000,1,0.1,0.3,0.5,0.00518,0.21596,0.12571
48,1000,1,0.1,0.3,0.5,0.00518,0.19158,0.11996
49,1000,1,0.1,0.3,0.5,0.00518,0.20545,0.10947
50,1000,1,0.1,0.3,0.5,0.00518,0.19274,0.13236
51,1000,1,0.1,0.3,0.5,0.00518,0.21084,0.11972
52,1000,1,0.1,0.3,0.5,0.00518,0.2142,0.12521
53,1000,1,0.1,0.3,0.5,0.00518,0.2113,0.11545
54,1000,1,0.1,0.3,0.5,0.00518,0.19845,0.11682
55,1000,1,0.1,0.3,0.5,0.00518,0.22411,0.15172
56,1000,1,0.1,0.3,0.5,0.00518,0.21459,0.11372
57,1000,1,0.1,0.3,0.5,0.00518,0.19426,0.12965
58,1000,1,0.1,0.3,0.5,0.00518,0.21878,0.13846
59,1000,1,0.1,0.3,0.5,0.00518,0.21471,0.15554
60,1000,1,0.1,0.3,0.5,0.00518,0.20704,0.12902
61,1000,1,0.1,0.3,0.5,0.00518,0.2153,0.13599
62,1000,1,0.1,0.3,0.5,0.00518,0.23223,0.1349
63,1000,1,0.1,0.3,0.5,0.00518,0.25062,0.15361
64,1000,1,0.1,0.3,0.5,0.00518,0.17174,0.10755
65,1000,1,0.1,0.3,0.5,0.00518,0.20137,0.13236
66,1000,1,0.1,0.3,0.5,0.00518,0.20516,0.13177
67,1000,1,0.1,0.3,0.5,0.00518,0.20196,0.11953
68,1000,1,0.1,0.3,0.5,0.00518,0.21246,0.12704
69,1000,1,0.1,0.3,0.5,0.00518,0.21869,0.1239
70,1000,1,0.1,0.3,0.5,0.00518,0.19026,0.13333
71,1000,1,0.1,0.3,0.5,0.00518,0.23339,0.16201
72,1000,1,0.1,0.3,0.5,0.00518,0.2299,0.13986
73,1000,1,0.1,0.3,0.5,0.00518,0.219,0.12632
74,1000,1,0.1,0.3,0.5,0.00518,0.21405,0.11366
75,1000,1,0.1,0.3,0.5,0.00518,0.22553,0.14048
76,1000,1,0.1,0.3,0.5,0.00518,0.19966,0.10721
77,1000,1,0.1,0.3,0.5,0.00518,0.20865,0.1591
78,1000,1,0.1,0.3,0.5,0.00518,0.21795,0.13524
79,1000,1,0.1,0.3,0.5,0.00518,0.23918,0.13818
80,1000,1,0.1,0.3,0.5,0.00518,0.20175,0.12075
81,1000,1,0.1,0.3,0.5,0.00518,0.21859,0.13924
82,1000,1,0.1,0.3,0.5,0.00518,0.21089,0.12234
83,1000,1,0.1,0.3,0.5,0.00518,0.20647,0.1238
84,1000,1,0.1,0.3,0.5,0.00518,0.20189,0.10181
85,1000,1,0.1,0.3,0.5,0.00518,0.22611,0.12725
86,1000,1,0.1,0.3,0.5,0.00518,0.2487,0.17129
87,1000,1,0.1,0.3,0.5,0.00518,0.20377,0.11317
88,1000,1,0.1,0.3,0.5,0.00518,0.21688,0.13235
89,1000,1,0.1,0.3,0.5,0.00518,0.19201,0.10562
90,1000,1,0.1,0.3,0.5,0.00518,0.24926,0.15731
91,1000,1,0.1,0.3,0.5,0.00518,0.22835,0.12681
92,1000,1,0.1,0.3,0.5,0.00518,0.20651,0.11559
93,1000,1,0.1,0.3,0.5,0.00518,0.22405,0.1349
94,1000,1,0.1,0.3,0.5,0.00518,0.22072,0.12827
95,1000,1,0.1,0.3,0.5,0.00518,0.23274,0.13112
96,1000,1,0.1,0.3,0.5,0.00518,0.21054,0.12372
97,1000,1,0.1,0.3,0.5,0.00518,0.1996,0.12986
98,1000,1,0.1,0.3,0.5,0.00518,0.19878,0.11661
99,1000,1,0.1,0.3,0.5,0.00518,0.2275,0.14588
0,1000,1,0.1,0.3,0.5,0.00429,0.19708,0.13921
1,1000,1,0.1,0.3,0.5,0.00429,0.20449,0.15943
2,1000,1,0.1,0.3,0.5,0.00429,0.22686,0.15818
3,1000,1,0.1,0.3,0.5,0.00429,0.21472,0.16707
4,1000,1,0.1,0.3,0.5,0.00429,0.18199,0.13259
5,1000,1,0.1,0.3,0.5,0.00429,0.20399,0.14325
6,1000,1,0.1,0.3,0.5,0.00429,0.19067,0.11462
7,1000,1,0.1,0.3,0.5,0.00429,0.21897,0.14487
8,1000,1,0.1,0.3,0.5,0.00429,0.1932,0.14046
9,1000,1,0.1,0.3,0.5,0.00429,0.2099,0.14319
10,1000,1,0.1,0.3,0.5,0.00429,0.18272,0.14414
11,1000,1,0.1,0.3,0.5,0.00429,0.2194,0.14322
12,1000,1,0.1,0.3,0.5,0.00429,0.21194,0.14831
13,1000,1,0.1,0.3,0.5,0.00429,0.2015,0.1273
14,1000,1,0.1,0.3,0.5,0.00429,0.19765,0.13065
15,1000,1,0.1,0.3,0.5,0.00429,0.22383,0.16499
16,1000,1,0.1,0.3,0.5,0.00429,0.22355,0.17404
17,1000,1,0.1,0.3,0.5,0.00429,0.19143,0.13207
18,1000,1,0.1,0.3,0.5,0.00429,0.19002,0.13191
19,1000,1,0.1,0.3,0.5,0.00429,0.20307,0.1392
20,1000,1,0.1,0.3,0.5,0.00429,0.20867,0.14899
21,1000,1,0.1,0.3,0.5,0.00429,0.21336,0.15668
22,1000,1,0.1,0.3,0.5,0.00429,0.21837,0.13394
23,1000,1,0.1,0.3,0.5,0.00429,0.2213,0.15195
24,1000,1,0.1,0.3,0.5,0.00429,0.18935,0.14027
25,1000,1,0.1,0.3,0.5,0.00429,0.19254,0.13986
26,1000,1,0.1,0.3,0.5,0.00429,0.20334,0.16559
27,1000,1,0.1,0.3,0.5,0.00429,0.2269,0.16323
28,1000,1,0.1,0.3,0.5,0.00429,0.24092,0.15177
29,1000,1,0.1,0.3,0.5,0.00429,0.1904,0.14787
30,1000,1,0.1,0.3,0.5,0.00429,0.22079,0.15898
31,1000,1,0.1,0.3,0.5,0.00429,0.19576,0.14589
32,1000,1,0.1,0.3,0.5,0.00429,0.2331,0.16134
33,1000,1,0.1,0.3,0.5,0.00429,0.21547,0.15214
34,1000,1,0.1,0.3,0.5,0.00429,0.21805,0.14866
35,1000,1,0.1,0.3,0.5,0.00429,0.24008,0.16382
36,1000,1,0.1,0.3,0.5,0.00429,0.22875,0.15652
37,1000,1,0.1,0.3,0.5,0.00429,0.19917,0.12791
38,1000,1,0.1,0.3,0.5,0.00429,0.19092,0.13846
39,1000,1,0.1,0.3,0.5,0.00429,0.23984,0.15696
40,1000,1,0.1,0.3,0.5,0.00429,0.20242,0.13287
41,1000,1,0.1,0.3,0.5,0.00429,0.207,0.16331
42,1000,1,0.1,0.3,0.5,0.00429,0.24445,0.16338
43,1000,1,0.1,0.3,0.5,0.00429,0.23039,0.17289
44,1000,1,0.1,0.3,0.5,0.00429,0.20992,0.15043
45,1000,1,0.1,0.3,0.5,0.00429,0.20283,0.14024
46,1000,1,0.1,0.3,0.5,0.00429,0.21182,0.14619
47,1000,1,0.1,0.3,0.5,0.00429,0.21047,0.14291
48,1000,1,0.1,0.3,0.5,0.00429,0.18516,0.13692
49,1000,1,0.1,0.3,0.5,0.00429,0.19602,0.12435
50,1000,1,0.1,0.3,0.5,0.00429,0.19025,0.15309
51,1000,1,0.1,0.3,0.5,0.00429,0.20488,0.13762
52,1000,1,0.1,0.3,0.5,0.00429,0.20868,0.14238
53,1000,1,0.1,0.3,0.5,0.00429,0.20546,0.13084
54,1000,1,0.1,0.3,0.5,0.00429,0.18963,0.12938
55,1000,1,0.1,0.3,0.5,0.00429,0.22083,0.16909
56,1000,1,0.1,0.3,0.5,0.00429,0.20975,0.13164
57,1000,1,0.1,0.3,0.5,0.00429,0.18629,0.14511
58,1000,1,0.1,0.3,0.5,0.00429,0.21564,0.15607
59,1000,1,0.1,0.3,0.5,0.00429,0.21269,0.17335
60,1000,1,0.1,0.3,0.5,0.00429,0.20245,0.14567
61,1000,1,0.1,0.3,0.5,0.00429,0.20901,0.15062
62,1000,1,0.1,0.3,0.5,0.00429,0.23008,0.15377
63,1000,1,0.1,0.3,0.5,0.00429,0.25088,0.17371
64,1000,1,0.1,0.3,0.5,0.00429,0.16112,0.12279
65,1000,1,0.1,0.3,0.5,0.00429,0.19843,0.15201
66,1000,1,0.1,0.3,0.5,0.00429,0.20245,0.15061
67,1000,1,0.1,0.3,0.5,0.00429,0.19702,0.13636
68,1000,1,0.1,0.3,0.5,0.00429,0.20721,0.1446
69,1000,1,0.1,0.3,0.5,0.00429,0.212,0.14033
70,1000,1,0.1,0.3,0.5,0.00429,0.1853,0.15044
71,1000,1,0.1,0.3,0.5,0.00429,0.23189,0.17983
72,1000,1,0.1,0.3,0.5,0.00429,0.22697,0.15743
73,1000,1,0.1,0.3,0.5,0.00429,0.21323,0.14245
74,1000,1,0.1,0.3,0.5,0.00429,0.20605,0.12868
75,1000,1,0.1,0.3,0.5,0.00429,0.22149,0.156
76,1000,1,0.1,0.3,0.5,0.00429,0.19242,0.12266
77,1000,1,0.1,0.3,0.5,0.00429,0.20554,0.17592
78,1000,1,0.1,0.3,0.5,0.00429,0.21386,0.15273
79,1000,1,0.1,0.3,0.5,0.00429,0.23565,0.15463
80,1000,1,0.1,0.3,0.5,0.00429,0.19359,0.13494
81,1000,1,0.1,0.3,0.5,0.00429,0.21227,0.15416
82,1000,1,0.1,0.3,0.5,0.00429,0.20474,0.13864
83,1000,1,0.1,0.3,0.5,0.00429,0.20035,0.13965
84,1000,1,0.1,0.3,0.5,0.00429,0.1935,0.11706
85,1000,1,0.1,0.3,0.5,0.00429,0.2211,0.143
86,1000,1,0.1,0.3,0.5,0.00429,0.24749,0.18872
87,1000,1,0.1,0.3,0.5,0.00429,0.19638,0.12903
88,1000,1,0.1,0.3,0.5,0.00429,0.21322,0.14925
89,1000,1,0.1,0.3,0.5,0.00429,0.18486,0.12159
90,1000,1,0.1,0.3,0.5,0.00429,0.25109,0.17884
91,1000,1,0.1,0.3,0.5,0.00429,0.22457,0.1439
92,1000,1,0.1,0.3,0.5,0.00429,0.19884,0.12957
93,1000,1,0.1,0.3,0.5,0.00429,0.21824,0.14985
94,1000,1,0.1,0.3,0.5,0.00429,0.21385,0.14368
95,1000,1,0.1,0.3,0.5,0.00429,0.22723,0.14706
96,1000,1,0.1,0.3,0.5,0.00429,0.20776,0.14359
97,1000,1,0.1,0.3,0.5,0.00429,0.19304,0.14537
98,1000,1,0.1,0.3,0.5,0.00429,0.19277,0.13272
99,1000,1,0.1,0.3,0.5,0.00429,0.22419,0.16286
0,1000,1,0.1,0.3,0.5,0.00356,0.19607,0.15616
1,1000,1,0.1,0.3,0.5,0.00356,0.20613,0.1767
2,1000,1,0.1,0.3,0.5,0.00356,0.22946,0.17874
3,1000,1,0.1,0.3,0.5,0.00356,0.21617,0.1839
4,1000,1,0.1,0.3,0.5,0.00356,0.18093,0.14985
5,1000,1,0.1,0.3,0.5,0.00356,0.20388,0.16103
6,1000,1,0.1,0.3,0.5,0.00356,0.18806,0.1331
7,1000,1,0.1,0.3,0.5,0.00356,0.22014,0.16368
8,1000,1,0.1,0.3,0.5,0.00356,0.19354,0.15903
9,1000,1,0.1,0.3,0.5,0.00356,0.2104,0.16133
10,1000,1,0.1,0.3,0.5,0.00356,0.18433,0.16205
11,1000,1,0.1,0.3,0.5,0.00356,0.21934,0.16136
12,1000,1,0.1,0.3,0.5,0.00356,0.21267,0.1677
13,1000,1,0.1,0.3,0.5,0.00356,0.19957,0.14465
14,1000,1,0.1,0.3,0.5,0.00356,0.197,0.14866
15,1000,1,0.1,0.3,0.5,0.00356,0.22615,0.18341
16,1000,1,0.1,0.3,0.5,0.00356,0.22646,0.19175
17,1000,1,0.1,0.3,0.5,0.00356,0.19123,0.15026
18,1000,1,0.1,0.3,0.5,0.00356,0.19016,0.15109
19,1000,1,0.1,0.3,0.5,0.00356,0.2021,0.15654
20,1000,1,0.1,0.3,0.5,0.00356,0.21046,0.16817
21,1000,1,0.1,0.3,0.5,0.00356,0.2169,0.17741
22,1000,1,0.1,0.3,0.5,0.00356,0.21812,0.15189
23,1000,1,0.1,0.3,0.5,0.00356,0.22219,0.16978
24,1000,1,0.1,0.3,0.5,0.00356,0.18909,0.15742
25,1000,1,0.1,0.3,0.5,0.00356,0.19165,0.15721
26,1000,1,0.1,0.3,0.5,0.00356,0.20496,0.18213
27,1000,1,0.1,0.3,0.5,0.00356,0.2307,0.18351
28,1000,1,0.1,0.3,0.5,0.00356,0.2426,0.17221
29,1000,1,0.1,0.3,0.5,0.00356,0.19065,0.16575
30,1000,1,0.1,0.3,0.5,0.00356,0.22229,0.17746
31,1000,1,0.1,0.3,0.5,0.00356,0.19585,0.16362
32,1000,1,0.1,0.3,0.5,0.00356,0.23549,0.18013
33,1000,1,0.1,0.3,0.5,0.00356,0.215,0.16922
34,1000,1,0.1,0.3,0.5,0.00356,0.21729,0.16544
35,1000,1,0.1,0.3,0.5,0.00356,0.24448,0.18605
36,1000,1,0.1,0.3,0.5,0.00356,0.22994,0.1754
37,1000,1,0.1,0.3,0.5,0.00356,0.19719,0.14551
38,1000,1,0.1,0.3,0.5,0.00356,0.1901,0.15491
39,1000,1,0.1,0.3,0.5,0.00356,0.24146,0.17656
40,1000,1,0.1,0.3,0.5,0.00356,0.20151,0.15043
41,1000,1,0.1,0.3,0.5,0.00356,0.21085,0.18386
42,1000,1,0.1,0.3,0.5,0.00356,0.24696,0.1826
43,1000,1,0.1,0.3,0.5,0.00356,0.2308,0.18867
44,1000,1,0.1,0.3,0.5,0.00356,0.20896,0.16653
45,1000,1,0.1,0.3,0.5,0.00356,0.2047,0.15985
46,1000,1,0.1,0.3,0.5,0.00356,0.21325,0.16458
47,1000,1,0.1,0.3,0.5,0.00356,0.21118,0.16256
48,1000,1,0.1,0.3,0.5,0.00356,0.18547,0.1554
49,1000,1,0.1,0.3,0.5,0.00356,0.19257,0.14126
50,1000,1,0.1,0.3,0.5,0.00356,0.19615,0.17618
51,1000,1,0.1,0.3,0.5,0.00356,0.20526,0.15756
52,1000,1,0.1,0.3,0.5,0.00356,0.20897,0.16109
53,1000,1,0.1,0.3,0.5,0.00356,0.20475,0.14818
54,1000,1,0.1,0.3,0.5,0.00356,0.18631,0.14362
55,1000,1,0.1,0.3,0.5,0.00356,0.22372,0.18835
56,1000,1,0.1,0.3,0.5,0.00356,0.21114,0.15218
57,1000,1,0.1,0.3,0.5,0.00356,0.18569,0.16259
58,1000,1,0.1,0.3,0.5,0.00356,0.218,0.17535
59,1000,1,0.1,0.3,0.5,0.00356,0.21697,0.19267
60,1000,1,0.1,0.3,0.5,0.00356,0.20375,0.16416
61,1000,1,0.1,0.3,0.5,0.00356,0.20826,0.16693
62,1000,1,0.1,0.3,0.5,0.00356,0.23323,0.17452
63,1000,1,0.1,0.3,0.5,0.00356,0.25608,0.19559
64,1000,1,0.1,0.3,0.5,0.00356,0.15883,0.14045
65,1000,1,0.1,0.3,0.5,0.00356,0.20264,0.17345
66,1000,1,0.1,0.3,0.5,0.00356,0.20631,0.17119
67,1000,1,0.1,0.3,0.5,0.00356,0.19827,0.15526
68,1000,1,0.1,0.3,0.5,0.00356,0.20821,0.16411
69,1000,1,0.1,0.3,0.5,0.00356,0.21112,0.15889
70,1000,1,0.1,0.3,0.5,0.00356,0.18764,0.16924
71,1000,1,0.1,0.3,0.5,0.00356,0.23624,0.19957
72,1000,1,0.1,0.3,0.5,0.00356,0.22895,0.17629
73,1000,1,0.1,0.3,0.5,0.00356,0.21297,0.16031
74,1000,1,0.1,0.3,0.5,0.00356,0.20346,0.1456
75,1000,1,0.1,0.3,0.5,0.00356,0.22229,0.17314
76,1000,1,0.1,0.3,0.5,0.00356,0.19113,0.14039
77,1000,1,0.1,0.3,0.5,0.00356,0.20859,0.19353
78,1000,1,0.1,0.3,0.5,0.00356,0.21583,0.1722
79,1000,1,0.1,0.3,0.5,0.00356,0.23607,0.17219
80,1000,1,0.1,0.3,0.5,0.00356,0.19144,0.15101
81,1000,1,0.1,0.3,0.5,0.00356,0.21155,0.17051
82,1000,1,0.1,0.3,0.5,0.00356,0.20473,0.15698
83,1000,1,0.1,0.3,0.5,0.00356,0.20043,0.15766
84,1000,1,0.1,0.3,0.5,0.00356,0.19101,0.13472
85,1000,1,0.1,0.3,0.5,0.00356,0.22112,0.16085
86,1000,1,0.1,0.3,0.5,0.00356,0.25113,0.20745
87,1000,1,0.1,0.3,0.5,0.00356,0.19488,0.1468
88,1000,1,0.1,0.3,0.5,0.00356,0.21559,0.16868
89,1000,1,0.1,0.3,0.5,0.00356,0.18404,0.13973
90,1000,1,0.1,0.3,0.5,0.00356,0.25772,0.2018
91,1000,1,0.1,0.3,0.5,0.00356,0.22554,0.16263
92,1000,1,0.1,0.3,0.5,0.00356,0.19668,0.14562
93,1000,1,0.1,0.3,0.5,0.00356,0.21783,0.1668
94,1000,1,0.1,0.3,0.5,0.00356,0.21251,0.16088
95,1000,1,0.1,0.3,0.5,0.00356,0.22671,0.16488
96,1000,1,0.1,0.3,0.5,0.00356,0.21144,0.1654
97,1000,1,0.1,0.3,0.5,0.00356,0.19318,0.16281
98,1000,1,0.1,0.3,0.5,0.00356,0.19337,0.15117
99,1000,1,0.1,0.3,0.5,0.00356,0.22641,0.18156
0,1000,1,0.1,0.3,0.5,0.00295,0.20128,0.17527
1,1000,1,0.1,0.3,0.5,0.00295,0.21377,0.19572
2,1000,1,0.1,0.3,0.5,0.00295,0.23792,0.20142
3,1000,1,0.1,0.3,0.5,0.00295,0.22359,0.20284
4,1000,1,0.1,0.3,0.5,0.00295,0.18733,0.1697
5,1000,1,0.1,0.3,0.5,0.00295,0.21033,0.18129
6,1000,1,0.1,0.3,0.5,0.00295,0.19205,0.15381
7,1000,1,0.1,0.3,0.5,0.00295,0.22682,0.18476
8,1000,1,0.1,0.3,0.5,0.00295,0.20052,0.17946
9,1000,1,0.1,0.3,0.5,0.00295,0.2167,0.18153
10,1000,1,0.1,0.3,0.5,0.00295,0.19281,0.1819
11,1000,1,0.1,0.3,0.5,0.00295,0.22518,0.18221
12,1000,1,0.1,0.3,0.5,0.00295,0.21971,0.18914
13,1000,1,0.1,0.3,0.5,0.00295,0.20355,0.16408
14,1000,1,0.1,0.3,0.5,0.00295,0.20267,0.16904
15,1000,1,0.1,0.3,0.5,0.00295,0.23355,0.20324
16,1000,1,0.1,0.3,0.5,0.00295,0.23448,0.21103
17,1000,1,0.1,0.3,0.5,0.00295,0.19771,0.17061
18,1000,1,0.1,0.3,0.5,0.00295,0.19753,0.17271
19,1000,1,0.1,0.3,0.5,0.00295,0.20751,0.17621
20,1000,1,0.1,0.3,0.5,0.00295,0.2183,0.1893
21,1000,1,0.1,0.3,0.5,0.00295,0.22679,0.20015
22,1000,1,0.1,0.3,0.5,0.00295,0.22335,0.17237
23,1000,1,0.1,0.3,0.5,0.00295,0.22825,0.18945
24,1000,1,0.1,0.3,0.5,0.00295,0.19571,0.17679
25,1000,1,0.1,0.3,0.5,0.00295,0.19746,0.17654
26,1000,1,0.1,0.3,0.5,0.00295,0.21226,0.20011
27,1000,1,0.1,0.3,0.5,0.00295,0.23943,0.20506
28,1000,1,0.1,0.3,0.5,0.00295,0.24884,0.19404
29,1000,1,0.1,0.3,0.5,0.00295,0.19829,0.18588
30,1000,1,0.1,0.3,0.5,0.00295,0.22918,0.19756
31,1000,1,0.1,0.3,0.5,0.00295,0.2026,0.18327
32,1000,1,0.1,0.3,0.5,0.00295,0.24269,0.20057
33,1000,1,0.1,0.3,0.5,0.00295,0.2204,0.18832
34,1000,1,0.1,0.3,0.5,0.00295,0.22214,0.18435
35,1000,1,0.1,0.3,0.5,0.00295,0.25435,0.21023
36,1000,1,0.1,0.3,0.5,0.00295,0.2364,0.196
37,1000,1,0.1,0.3,0.5,0.00295,0.20127,0.16502
38,1000,1,0.1,0.3,0.5,0.00295,0.19559,0.17335
39,1000,1,0.1,0.3,0.5,0.00295,0.24786,0.19793
40,1000,1,0.1,0.3,0.5,0.00295,0.20661,0.17021
41,1000,1,0.1,0.3,0.5,0.00295,0.22124,0.20619
42,1000,1,0.1,0.3,0.5,0.00295,0.25379,0.20332
43,1000,1,0.1,0.3,0.5,0.00295,0.23615,0.2061
44,1000,1,0.1,0.3,0.5,0.00295,0.2137,0.18464
45,1000,1,0.1,0.3,0.5,0.00295,0.21303,0.18196
46,1000,1,0.1,0.3,0.5,0.00295,0.22051,0.18522
47,1000,1,0.1,0.3,0.5,0.00295,0.21876,0.18506
48,1000,1,0.1,0.3,0.5,0.00295,0.19251,0.17549
49,1000,1,0.1,0.3,0.5,0.00295,0.19569,0.16043
50,1000,1,0.1,0.3,0.5,0.00295,0.21004,0.2016
51,1000,1,0.1,0.3,0.5,0.00295,0.21221,0.1796
52,1000,1,0.1,0.3,0.5,0.00295,0.21504,0.18137
53,1000,1,0.1,0.3,0.5,0.00295,0.20952,0.16759
54,1000,1,0.1,0.3,0.5,0.00295,0.18902,0.15997
55,1000,1,0.1,0.3,0.5,0.00295,0.2328,0.20969
56,1000,1,0.1,0.3,0.5,0.00295,0.21896,0.17532
57,1000,1,0.1,0.3,0.5,0.00295,0.19277,0.18238
58,1000,1,0.1,0.3,0.5,0.00295,0.22599,0.19644
59,1000,1,0.1,0.3,0.5,0.00295,0.2274,0.21378
60,1000,1,0.1,0.3,0.5,0.00295,0.21135,0.1849
61,1000,1,0.1,0.3,0.5,0.00295,0.21333,0.18518
62,1000,1,0.1,0.3,0.5,0.00295,0.24173,0.19723
63,1000,1,0.1,0.3,0.5,0.00295,0.26613,0.21928
64,1000,1,0.1,0.3,0.5,0.00295,0.16559,0.16074
65,1000,1,0.1,0.3,0.5,0.00295,0.21374,0.19677
66,1000,1,0.1,0.3,0.5,0.00295,0.21658,0.19369
67,1000,1,0.1,0.3,0.5,0.00295,0.20596,0.17648
68,1000,1,0.1,0.3,0.5,0.00295,0.21579,0.18589
69,1000,1,0.1,0.3,0.5,0.00295,0.21647,0.17966
70,1000,1,0.1,0.3,0.5,0.00295,0.19716,0.18995
71,1000,1,0.1,0.3,0.5,0.00295,0.24636,0.22134
72,1000,1,0.1,0.3,0.5,0.00295,0.23583,0.19656
73,1000,1,0.1,0.3,0.5,0.00295,0.21841,0.1801
74,1000,1,0.1,0.3,0.5,0.00295,0.20672,0.1646
75,1000,1,0.1,0.3,0.5,0.00295,0.22806,0.19197
76,1000,1,0.1,0.3,0.5,0.00295,0.19623,0.16053
77,1000,1,0.1,0.3,0.5,0.00295,0.21743,0.21221
78,1000,1,0.1,0.3,0.5,0.00295,0.22405,0.19386
79,1000,1,0.1,0.3,0.5,0.00295,0.24064,0.19106
80,1000,1,0.1,0.3,0.5,0.00295,0.19575,0.16928
81,1000,1,0.1,0.3,0.5,0.00295,0.21661,0.18863
82,1000,1,0.1,0.3,0.5,0.00295,0.21108,0.17757
83,1000,1,0.1,0.3,0.5,0.00295,0.20701,0.17801
84,1000,1,0.1,0.3,0.5,0.00295,0.19504,0.15496
85,1000,1,0.1,0.3,0.5,0.00295,0.22662,0.1811
86,1000,1,0.1,0.3,0.5,0.00295,0.25962,0.22776
87,1000,1,0.1,0.3,0.5,0.00295,0.19971,0.16667
88,1000,1,0.1,0.3,0.5,0.00295,0.22436,0.19087
89,1000,1,0.1,0.3,0.5,0.00295,0.18999,0.16026
90,1000,1,0.1,0.3,0.5,0.00295,0.269,0.22622
91,1000,1,0.1,0.3,0.5,0.00295,0.2314,0.1831
92,1000,1,0.1,0.3,0.5,0.00295,0.20045,0.16395
93,1000,1,0.1,0.3,0.5,0.00295,0.22314,0.18601
94,1000,1,0.1,0.3,0.5,0.00295,0.21709,0.1802
95,1000,1,0.1,0.3,0.5,0.00295,0.23143,0.18467
96,1000,1,0.1,0.3,0.5,0.00295,0.22141,0.18914
97,1000,1,0.1,0.3,0.5,0.00295,0.20014,0.18232
98,1000,1,0.1,0.3,0.5,0.00295,0.20078,0.17212
99,1000,1,0.1,0.3,0.5,0.00295,0.23434,0.20228
0,1000,1,0.1,0.3,0.5,0.00244,0.2127,0.19677
1,1000,1,0.1,0.3,0.5,0.00244,0.22709,0.21684
2,1000,1,0.1,0.3,0.5,0.00244,0.25205,0.22631
3,1000,1,0.1,0.3,0.5,0.00244,0.23684,0.22423
4,1000,1,0.1,0.3,0.5,0.00244,0.20091,0.19231
5,1000,1,0.1,0.3,0.5,0.00244,0.22317,0.20419
6,1000,1,0.1,0.3,0.5,0.00244,0.20264,0.17688
7,1000,1,0.1,0.3,0.5,0.00244,0.23904,0.20825
8,1000,1,0.1,0.3,0.5,0.00244,0.2137,0.20188
9,1000,1,0.1,0.3,0.5,0.00244,0.22866,0.20397
10,1000,1,0.1,0.3,0.5,0.00244,0.20757,0.20391
11,1000,1,0.1,0.3,0.5,0.00244,0.23709,0.20594
12,1000,1,0.1,0.3,0.5,0.00244,0.23286,0.21284
13,1000,1,0.1,0.3,0.5,0.00244,0.21357,0.18587
14,1000,1,0.1,0.3,0.5,0.00244,0.21459,0.1919
15,1000,1,0.1,0.3,0.5,0.00244,0.24589,0.22484
16,1000,1,0.1,0.3,0.5,0.00244,0.24743,0.23217
17,1000,1,0.1,0.3,0.5,0.00244,0.21067,0.1934
18,1000,1,0.1,0.3,0.5,0.00244,0.21179,0.19692
19,1000,1,0.1,0.3,0.5,0.00244,0.21924,0.19848
20,1000,1,0.1,0.3,0.5,0.00244,0.23189,0.21254
21,1000,1,0.1,0.3,0.5,0.00244,0.2425,0.22501
22,1000,1,0.1,0.3,0.5,0.00244,0.23437,0.19574
23,1000,1,0.1,0.3,0.5,0.00244,0.23946,0.2112
24,1000,1,0.1,0.3,0.5,0.00244,0.20899,0.19875
25,1000,1,0.1,0.3,0.5,0.00244,0.20967,0.19807
26,1000,1,0.1,0.3,0.5,0.00244,0.22491,0.21987
27,1000,1,0.1,0.3,0.5,0.00244,0.25281,0.22811
28,1000,1,0.1,0.3,0.5,0.00244,0.25952,0.21733
29,1000,1,0.1,0.3,0.5,0.00244,0.21285,0.20848
30,1000,1,0.1,0.3,0.5,0.00244,0.24123,0.21946
31,1000,1,0.1,0.3,0.5,0.00244,0.21549,0.20495
32,1000,1,0.1,0.3,0.5,0.00244,0.25461,0.22292
33,1000,1,0.1,0.3,0.5,0.00244,0.23165,0.20977
34,1000,1,0.1,0.3,0.5,0.00244,0.23266,0.20568
35,1000,1,0.1,0.3,0.5,0.00244,0.26943,0.23648
36,1000,1,0.1,0.3,0.5,0.00244,0.24817,0.21869
37,1000,1,0.1,0.3,0.5,0.00244,0.21136,0.18665
38,1000,1,0.1,0.3,0.5,0.00244,0.2071,0.19394
39,1000,1,0.1,0.3,0.5,0.00244,0.25908,0.22124
40,1000,1,0.1,0.3,0.5,0.00244,0.21775,0.19246
41,1000,1,0.1,0.3,0.5,0.00244,0.23743,0.23031
42,1000,1,0.1,0.3,0.5,0.00244,0.26482,0.22564
43,1000,1,0.1,0.3,0.5,0.00244,0.24639,0.22545
44,1000,1,0.1,0.3,0.5,0.00244,0.2241,0.20496
45,1000,1,0.1,0.3,0.5,0.00244,0.22764,0.20671
46,1000,1,0.1,0.3,0.5,0.00244,0.23346,0.2083
47,1000,1,0.1,0.3,0.5,0.00244,0.23331,0.21073
48,1000,1,0.1,0.3,0.5,0.00244,0.20574,0.1974
49,1000,1,0.1,0.3,0.5,0.00244,0.20542,0.18207
50,1000,1,0.1,0.3,0.5,0.00244,0.23072,0.22929
51,1000,1,0.1,0.3,0.5,0.00244,0.2254,0.20379
52,1000,1,0.1,0.3,0.5,0.00244,0.22651,0.20332
53,1000,1,0.1,0.3,0.5,0.00244,0.21976,0.18923
54,1000,1,0.1,0.3,0.5,0.00244,0.19793,0.1789
55,1000,1,0.1,0.3,0.5,0.00244,0.24764,0.23321
56,1000,1,0.1,0.3,0.5,0.00244,0.23293,0.201
57,1000,1,0.1,0.3,0.5,0.00244,0.2071,0.20474
58,1000,1,0.1,0.3,0.5,0.00244,0.23945,0.21956
59,1000,1,0.1,0.3,0.5,0.00244,0.24351,0.23697
60,1000,1,0.1,0.3,0.5,0.00244,0.22522,0.20826
61,1000,1,0.1,0.3,0.5,0.00244,0.22416,0.20568
62,1000,1,0.1,0.3,0.5,0.00244,0.25531,0.22195
63,1000,1,0.1,0.3,0.5,0.00244,0.28077,0.24479
64,1000,1,0.1,0.3,0.5,0.00244,0.18084,0.1839
65,1000,1,0.1,0.3,0.5,0.00244,0.23094,0.22207
66,1000,1,0.1,0.3,0.5,0.00244,0.23273,0.21833
67,1000,1,0.1,0.3,0.5,0.00244,0.21988,0.20022
68,1000,1,0.1,0.3,0.5,0.00244,0.2299,0.2103
69,1000,1,0.1,0.3,0.5,0.00244,0.22794,0.20268
70,1000,1,0.1,0.3,0.5,0.00244,0.21322,0.21287
71,1000,1,0.1,0.3,0.5,0.00244,0.26182,0.24523
72,1000,1,0.1,0.3,0.5,0.00244,0.24748,0.21851
73,1000,1,0.1,0.3,0.5,0.00244,0.22946,0.20206
74,1000,1,0.1,0.3,0.5,0.00244,0.21586,0.18586
75,1000,1,0.1,0.3,0.5,0.00244,0.23863,0.21259
76,1000,1,0.1,0.3,0.5,0.00244,0.20761,0.18315
77,1000,1,0.1,0.3,0.5,0.00244,0.23148,0.23234
78,1000,1,0.1,0.3,0.5,0.00244,0.23827,0.2179
79,1000,1,0.1,0.3,0.5,0.00244,0.24957,0.21163
80,1000,1,0.1,0.3,0.5,0.00244,0.20645,0.18999
81,1000,1,0.1,0.3,0.5,0.00244,0.22734,0.20889
82,1000,1,0.1,0.3,0.5,0.00244,0.22358,0.20059
83,1000,1,0.1,0.3,0.5,0.00244,0.2199,0.20087
84,1000,1,0.1,0.3,0.5,0.00244,0.20565,0.17786
85,1000,1,0.1,0.3,0.5,0.00244,0.23774,0.20395
86,1000,1,0.1,0.3,0.5,0.00244,0.27282,0.24992
87,1000,1,0.1,0.3,0.5,0.00244,0.21081,0.18886
88,1000,1,0.1,0.3,0.5,0.00244,0.2394,0.21598
89,1000,1,0.1,0.3,0.5,0.00244,0.20264,0.18346
90,1000,1,0.1,0.3,0.5,0.00244,0.28468,0.25223
91,1000,1,0.1,0.3,0.5,0.00244,0.2421,0.20549
92,1000,1,0.1,0.3,0.5,0.00244,0.21021,0.18475
93,1000,1,0.1,0.3,0.5,0.00244,0.23416,0.2077
94,1000,1,0.1,0.3,0.5,0.00244,0.22772,0.20203
95,1000,1,0.1,0.3,0.5,0.00244,0.24138,0.20656
96,1000,1,0.1,0.3,0.5,0.00244,0.23715,0.21488
97,1000,1,0.1,0.3,0.5,0.00244,0.21345,0.20409
98,1000,1,0.1,0.3,0.5,0.00244,0.21467,0.19573
99,1000,1,0.1,0.3,0.5,0.00244,0.24783,0.22535
0,1000,1,0.1,0.3,0.5,0.00202,0.22992,0.22086
1,1000,1,0.1,0.3,0.5,0.00202,0.2456,0.24039
2,1000,1,0.1,0.3,0.5,0.00202,0.27145,0.25358
3,1000,1,0.1,0.3,0.5,0.00202,0.25552,0.24838
4,1000,1,0.1,0.3,0.5,0.00202,0.22081,0.21779
5,1000,1,0.1,0.3,0.5,0.00202,0.24183,0.22981
6,1000,1,0.1,0.3,0.5,0.00202,0.21944,0.20252
7,1000,1,0.1,0.3,0.5,0.00202,0.25657,0.23434
8,1000,1,0.1,0.3,0.5,0.00202,0.23231,0.22645
9,1000,1,0.1,0.3,0.5,0.00202,0.24594,0.22884
10,1000,1,0.1,0.3,0.5,0.00202,0.22778,0.2283
11,1000,1,0.1,0.3,0.5,0.00202,0.25484,0.23262
12,1000,1,0.1,0.3,0.5,0.00202,0.25166,0.23901
13,1000,1,0.1,0.3,0.5,0.00202,0.22945,0.21033
14,1000,1,0.1,0.3,0.5,0.00202,0.2323,0.21738
15,1000,1,0.1,0.3,0.5,0.00202,0.26305,0.24866
16,1000,1,0.1,0.3,0.5,0.00202,0.26504,0.25551
17,1000,1,0.1,0.3,0.5,0.00202,0.2296,0.21895
18,1000,1,0.1,0.3,0.5,0.00202,0.23217,0.22384
19,1000,1,0.1,0.3,0.5,0.00202,0.23696,0.2236
20,1000,1,0.1,0.3,0.5,0.00202,0.25071,0.23808
21,1000,1,0.1,0.3,0.5,0.00202,0.26341,0.25217
22,1000,1,0.1,0.3,0.5,0.00202,0.25125,0.22232
23,1000,1,0.1,0.3,0.5,0.00202,0.25566,0.23532
24,1000,1,0.1,0.3,0.5,0.00202,0.22835,0.2236
25,1000,1,0.1,0.3,0.5,0.00202,0.22767,0.22209
26,1000,1,0.1,0.3,0.5,0.00202,0.24249,0.24182
27,1000,1,0.1,0.3,0.5,0.00202,0.27059,0.25303
28,1000,1,0.1,0.3,0.5,0.00202,0.27448,0.24225
29,1000,1,0.1,0.3,0.5,0.00202,0.23346,0.23378
30,1000,1,0.1,0.3,0.5,0.00202,0.25806,0.24337
31,1000,1,0.1,0.3,0.5,0.00202,0.23375,0.22882
32,1000,1,0.1,0.3,0.5,0.00202,0.27108,0.24743
33,1000,1,0.1,0.3,0.5,0.00202,0.24857,0.23396
34,1000,1,0.1,0.3,0.5,0.00202,0.24863,0.22966
35,1000,1,0.1,0.3,0.5,0.00202,0.28939,0.26492
36,1000,1,0.1,0.3,0.5,0.00202,0.26513,0.24384
37,1000,1,0.1,0.3,0.5,0.00202,0.22717,0.21071
38,1000,1,0.1,0.3,0.5,0.00202,0.22404,0.21688
39,1000,1,0.1,0.3,0.5,0.00202,0.27501,0.24667
40,1000,1,0.1,0.3,0.5,0.00202,0.2347,0.21746
41,1000,1,0.1,0.3,0.5,0.00202,0.25849,0.25627
42,1000,1,0.1,0.3,0.5,0.00202,0.2799,0.24974
43,1000,1,0.1,0.3,0.5,0.00202,0.26136,0.24707
44,1000,1,0.1,0.3,0.5,0.00202,0.23987,0.22774
45,1000,1,0.1,0.3,0.5,0.00202,0.248,0.23422
46,1000,1,0.1,0.3,0.5,0.00202,0.25172,0.23396
47,1000,1,0.1,0.3,0.5,0.00202,0.25444,0.23974
48,1000,1,0.1,0.3,0.5,0.00202,0.22442,0.22145
49,1000,1,0.1,0.3,0.5,0.00202,0.22139,0.20641
50,1000,1,0.1,0.3,0.5,0.00202,0.25681,0.2592
51,1000,1,0.1,0.3,0.5,0.00202,0.24417,0.23024
52,1000,1,0.1,0.3,0.5,0.00202,0.2429,0.22717
53,1000,1,0.1,0.3,0.5,0.00202,0.23527,0.2133
54,1000,1,0.1,0.3,0.5,0.00202,0.21293,0.20087
55,1000,1,0.1,0.3,0.5,0.00202,0.26758,0.25902
56,1000,1,0.1,0.3,0.5,0.00202,0.25239,0.22915
57,1000,1,0.1,0.3,0.5,0.00202,0.22776,0.22991
58,1000,1,0.1,0.3,0.5,0.00202,0.25797,0.24492
59,1000,1,0.1,0.3,0.5,0.00202,0.26469,0.26254
60,1000,1,0.1,0.3,0.5,0.00202,0.24502,0.23457
61,1000,1,0.1,0.3,0.5,0.00202,0.24047,0.22876
62,1000,1,0.1,0.3,0.5,0.00202,0.27359,0.24875
63,1000,1,0.1,0.3,0.5,0.00202,0.29966,0.27217
64,1000,1,0.1,0.3,0.5,0.00202,0.20329,0.21015
65,1000,1,0.1,0.3,0.5,0.00202,0.25328,0.24947
66,1000,1,0.1,0.3,0.5,0.00202,0.25412,0.24537
67,1000,1,0.1,0.3,0.5,0.00202,0.23947,0.22666
68,1000,1,0.1,0.3,0.5,0.00202,0.25021,0.23774
69,1000,1,0.1,0.3,0.5,0.00202,0.24502,0.22801
70,1000,1,0.1,0.3,0.5,0.00202,0.23495,0.23833
71,1000,1,0.1,0.3,0.5,0.00202,0.282,0.27127
72,1000,1,0.1,0.3,0.5,0.00202,0.26377,0.24255
73,1000,1,0.1,0.3,0.5,0.00202,0.2459,0.22654
74,1000,1,0.1,0.3,0.5,0.00202,0.2306,0.20955
75,1000,1,0.1,0.3,0.5,0.00202,0.25375,0.23518
76,1000,1,0.1,0.3,0.5,0.00202,0.22476,0.20829
77,1000,1,0.1,0.3,0.5,0.00202,0.25024,0.25444
78,1000,1,0.1,0.3,0.5,0.00202,0.258,0.24448
79,1000,1,0.1,0.3,0.5,0.00202,0.26305,0.23438
80,1000,1,0.1,0.3,0.5,0.00202,0.22312,0.21344
81,1000,1,0.1,0.3,0.5,0.00202,0.24351,0.23169
82,1000,1,0.1,0.3,0.5,0.00202,0.24173,0.22621
83,1000,1,0.1,0.3,0.5,0.00202,0.23859,0.22645
84,1000,1,0.1,0.3,0.5,0.00202,0.22239,0.20348
85,1000,1,0.1,0.3,0.5,0.00202,0.25438,0.22962
86,1000,1,0.1,0.3,0.5,0.00202,0.29048,0.27421
87,1000,1,0.1,0.3,0.5,0.00202,0.22774,0.21356
88,1000,1,0.1,0.3,0.5,0.00202,0.26024,0.24408
89,1000,1,0.1,0.3,0.5,0.00202,0.22149,0.20954
90,1000,1,0.1,0.3,0.5,0.00202,0.30452,0.28006
91,1000,1,0.1,0.3,0.5,0.00202,0.25759,0.23012
92,1000,1,0.1,0.3,0.5,0.00202,0.22563,0.20821
93,1000,1,0.1,0.3,0.5,0.00202,0.25062,0.23206
94,1000,1,0.1,0.3,0.5,0.00202,0.24432,0.2268
95,1000,1,0.1,0.3,0.5,0.00202,0.25633,0.2307
96,1000,1,0.1,0.3,0.5,0.00202,0.25796,0.24274
97,1000,1,0.1,0.3,0.5,0.00202,0.23245,0.2284
98,1000,1,0.1,0.3,0.5,0.00202,0.2344,0.22214
99,1000,1,0.1,0.3,0.5,0.00202,0.26658,0.25102
0,1000,1,0.1,0.3,0.5,0.00168,0.25241,0.24777
1,1000,1,0.1,0.3,0.5,0.00168,0.26887,0.26673
2,1000,1,0.1,0.3,0.5,0.00168,0.29573,0.28346
3,1000,1,0.1,0.3,0.5,0.00168,0.2792,0.27554
4,1000,1,0.1,0.3,0.5,0.00168,0.24604,0.24618
5,1000,1,0.1,0.3,0.5,0.00168,0.26555,0.25816
6,1000,1,0.1,0.3,0.5,0.00168,0.24196,0.23105
7,1000,1,0.1,0.3,0.5,0.00168,0.27911,0.26319
8,1000,1,0.1,0.3,0.5,0.00168,0.25562,0.25338
9,1000,1,0.1,0.3,0.5,0.00168,0.26806,0.25633
10,1000,1,0.1,0.3,0.5,0.00168,0.25265,0.25532
11,1000,1,0.1,0.3,0.5,0.00168,0.27798,0.26227
12,1000,1,0.1,0.3,0.5,0.00168,0.2756,0.26791
13,1000,1,0.1,0.3,0.5,0.00168,0.2509,0.23783
14,1000,1,0.1,0.3,0.5,0.00168,0.25525,0.24562
15,1000,1,0.1,0.3,0.5,0.00168,0.28492,0.27521
16,1000,1,0.1,0.3,0.5,0.00168,0.28706,0.28137
17,1000,1,0.1,0.3,0.5,0.00168,0.25396,0.24758
18,1000,1,0.1,0.3,0.5,0.00168,0.25781,0.25356
19,1000,1,0.1,0.3,0.5,0.00168,0.26022,0.25186
20,1000,1,0.1,0.3,0.5,0.00168,0.27427,0.26618
21,1000,1,0.1,0.3,0.5,0.00168,0.28892,0.28183
22,1000,1,0.1,0.3,0.5,0.00168,0.27386,0.25236
23,1000,1,0.1,0.3,0.5,0.00168,0.27665,0.2621
24,1000,1,0.1,0.3,0.5,0.00168,0.25307,0.25156
25,1000,1,0.1,0.3,0.5,0.00168,0.25086,0.2489
26,1000,1,0.1,0.3,0.5,0.00168,0.26465,0.26641
27,1000,1,0.1,0.3,0.5,0.00168,0.29267,0.28027
28,1000,1,0.1,0.3,0.5,0.00168,0.29362,0.26916
29,1000,1,0.1,0.3,0.5,0.00168,0.25924,0.26195
30,1000,1,0.1,0.3,0.5,0.00168,0.27929,0.26955
31,1000,1,0.1,0.3,0.5,0.00168,0.2567,0.25511
32,1000,1,0.1,0.3,0.5,0.00168,0.29192,0.27435
33,1000,1,0.1,0.3,0.5,0.00168,0.2709,0.26132
34,1000,1,0.1,0.3,0.5,0.00168,0.26969,0.25647
35,1000,1,0.1,0.3,0.5,0.00168,0.31383,0.29571
36,1000,1,0.1,0.3,0.5,0.00168,0.28704,0.27176
37,1000,1,0.1,0.3,0.5,0.00168,0.2483,0.23754
38,1000,1,0.1,0.3,0.5,0.00168,0.24579,0.24237
39,1000,1,0.1,0.3,0.5,0.00168,0.29544,0.27439
40,1000,1,0.1,0.3,0.5,0.00168,0.25711,0.24551
41,1000,1,0.1,0.3,0.5,0.00168,0.28362,0.2842
42,1000,1,0.1,0.3,0.5,0.00168,0.29889,0.27583
43,1000,1,0.1,0.3,0.5,0.00168,0.28091,0.27133
44,1000,1,0.1,0.3,0.5,0.00168,0.26066,0.25328
45,1000,1,0.1,0.3,0.5,0.00168,0.27354,0.26463
46,1000,1,0.1,0.3,0.5,0.00168,0.27485,0.26237
47,1000,1,0.1,0.3,0.5,0.00168,0.2815,0.27215
48,1000,1,0.1,0.3,0.5,0.00168,0.24788,0.24798
49,1000,1,0.1,0.3,0.5,0.00168,0.24304,0.2337
50,1000,1,0.1,0.3,0.5,0.00168,0.2872,0.29137
51,1000,1,0.1,0.3,0.5,0.00168,0.26784,0.25908
52,1000,1,0.1,0.3,0.5,0.00168,0.26385,0.25329
53,1000,1,0.1,0.3,0.5,0.00168,0.25577,0.24007
54,1000,1,0.1,0.3,0.5,0.00168,0.23382,0.2264
55,1000,1,0.1,0.3,0.5,0.00168,0.29198,0.28721
56,1000,1,0.1,0.3,0.5,0.00168,0.27666,0.25973
57,1000,1,0.1,0.3,0.5,0.00168,0.2538,0.25808
58,1000,1,0.1,0.3,0.5,0.00168,0.28113,0.27275
59,1000,1,0.1,0.3,0.5,0.00168,0.2904,0.29076
60,1000,1,0.1,0.3,0.5,0.00168,0.27025,0.26407
61,1000,1,0.1,0.3,0.5,0.00168,0.26188,0.25471
62,1000,1,0.1,0.3,0.5,0.00168,0.29617,0.27773
63,1000,1,0.1,0.3,0.5,0.00168,0.32248,0.30155
64,1000,1,0.1,0.3,0.5,0.00168,0.23159,0.23969
65,1000,1,0.1,0.3,0.5,0.00168,0.27998,0.27913
66,1000,1,0.1,0.3,0.5,0.00168,0.28018,0.27504
67,1000,1,0.1,0.3,0.5,0.00168,0.26414,0.25592
68,1000,1,0.1,0.3,0.5,0.00168,0.27623,0.26851
69,1000,1,0.1,0.3,0.5,0.00168,0.26709,0.25574
70,1000,1,0.1,0.3,0.5,0.00168,0.26158,0.26664
71,1000,1,0.1,0.3,0.5,0.00168,0.30629,0.2995
72,1000,1,0.1,0.3,0.5,0.00168,0.28466,0.26916
73,1000,1,0.1,0.3,0.5,0.00168,0.26749,0.25391
74,1000,1,0.1,0.3,0.5,0.00168,0.25054,0.2359
75,1000,1,0.1,0.3,0.5,0.00168,0.27317,0.26004
76,1000,1,0.1,0.3,0.5,0.00168,0.24694,0.23597
77,1000,1,0.1,0.3,0.5,0.00168,0.27337,0.27907
78,1000,1,0.1,0.3,0.5,0.00168,0.28265,0.27377
79,1000,1,0.1,0.3,0.5,0.00168,0.2813,0.25988
80,1000,1,0.1,0.3,0.5,0.00168,0.24524,0.23991
81,1000,1,0.1,0.3,0.5,0.00168,0.26479,0.25744
82,1000,1,0.1,0.3,0.5,0.00168,0.26504,0.25467
83,1000,1,0.1,0.3,0.5,0.00168,0.26253,0.25496
84,1000,1,0.1,0.3,0.5,0.00168,0.24463,0.23191
85,1000,1,0.1,0.3,0.5,0.00168,0.27628,0.25832
86,1000,1,0.1,0.3,0.5,0.00168,0.31236,0.30089
87,1000,1,0.1,0.3,0.5,0.00168,0.24991,0.24097
88,1000,1,0.1,0.3,0.5,0.00168,0.28626,0.27518
89,1000,1,0.1,0.3,0.5,0.00168,0.24592,0.23872
90,1000,1,0.1,0.3,0.5,0.00168,0.32831,0.30994
91,1000,1,0.1,0.3,0.5,0.00168,0.27784,0.25737
92,1000,1,0.1,0.3,0.5,0.00168,0.2463,0.23451
93,1000,1,0.1,0.3,0.5,0.00168,0.2722,0.25932
94,1000,1,0.1,0.3,0.5,0.00168,0.26667,0.25492
95,1000,1,0.1,0.3,0.5,0.00168,0.27601,0.25726
96,1000,1,0.1,0.3,0.5,0.00168,0.28327,0.27288
97,1000,1,0.1,0.3,0.5,0.00168,0.25654,0.25557
98,1000,1,0.1,0.3,0.5,0.00168,0.25932,0.25149
99,1000,1,0.1,0.3,0.5,0.00168,0.29018,0.27949
0,1000,1,0.1,0.3,0.5,0.00139,0.27974,0.27779
1,1000,1,0.1,0.3,0.5,0.00139,0.29654,0.29614
2,1000,1,0.1,0.3,0.5,0.00139,0.32459,0.31623
3,1000,1,0.1,0.3,0.5,0.00139,0.30749,0.30592
4,1000,1,0.1,0.3,0.5,0.00139,0.27576,0.27751
5,1000,1,0.1,0.3,0.5,0.00139,0.29365,0.28924
6,1000,1,0.1,0.3,0.5,0.00139,0.26981,0.26287
7,1000,1,0.1,0.3,0.5,0.00139,0.30634,0.29498
8,1000,1,0.1,0.3,0.5,0.00139,0.28313,0.28293
9,1000,1,0.1,0.3,0.5,0.00139,0.29463,0.28662
10,1000,1,0.1,0.3,0.5,0.00139,0.28166,0.28519
11,1000,1,0.1,0.3,0.5,0.00139,0.30596,0.2949
12,1000,1,0.1,0.3,0.5,0.00139,0.3043,0.29983
13,1000,1,0.1,0.3,0.5,0.00139,0.27767,0.26876
14,1000,1,0.1,0.3,0.5,0.00139,0.28295,0.27683
15,1000,1,0.1,0.3,0.5,0.00139,0.31149,0.30499
16,1000,1,0.1,0.3,0.5,0.00139,0.31333,0.31014
17,1000,1,0.1,0.3,0.5,0.00139,0.28335,0.27962
18,1000,1,0.1,0.3,0.5,0.00139,0.28803,0.2862
19,1000,1,0.1,0.3,0.5,0.00139,0.28861,0.28353
20,1000,1,0.1,0.3,0.5,0.00139,0.30225,0.29714
21,1000,1,0.1,0.3,0.5,0.00139,0.31859,0.31419
22,1000,1,0.1,0.3,0.5,0.00139,0.30195,0.28604
23,1000,1,0.1,0.3,0.5,0.00139,0.3022,0.2918
24,1000,1,0.1,0.3,0.5,0.00139,0.28254,0.2828
25,1000,1,0.1,0.3,0.5,0.00139,0.27874,0.27881
26,1000,1,0.1,0.3,0.5,0.00139,0.29119,0.29411
27,1000,1,0.1,0.3,0.5,0.00139,0.31906,0.31035
28,1000,1,0.1,0.3,0.5,0.00139,0.31697,0.2985
29,1000,1,0.1,0.3,0.5,0.00139,0.28948,0.29315
30,1000,1,0.1,0.3,0.5,0.00139,0.30463,0.29827
31,1000,1,0.1,0.3,0.5,0.00139,0.28384,0.2841
32,1000,1,0.1,0.3,0.5,0.00139,0.31701,0.304
33,1000,1,0.1,0.3,0.5,0.00139,0.29843,0.29222
34,1000,1,0.1,0.3,0.5,0.00139,0.29543,0.28627
35,1000,1,0.1,0.3,0.5,0.00139,0.34243,0.32901
36,1000,1,0.1,0.3,0.5,0.00139,0.31363,0.30269
37,1000,1,0.1,0.3,0.5,0.00139,0.2745,0.26756
38,1000,1,0.1,0.3,0.5,0.00139,0.27192,0.27069
39,1000,1,0.1,0.3,0.5,0.00139,0.32022,0.30466
40,1000,1,0.1,0.3,0.5,0.00139,0.28465,0.27691
41,1000,1,0.1,0.3,0.5,0.00139,0.31232,0.31431
42,1000,1,0.1,0.3,0.5,0.00139,0.32174,0.3042
43,1000,1,0.1,0.3,0.5,0.00139,0.30498,0.29864
44,1000,1,0.1,0.3,0.5,0.00139,0.28619,0.28191
45,1000,1,0.1,0.3,0.5,0.00139,0.30381,0.29813
46,1000,1,0.1,0.3,0.5,0.00139,0.30246,0.29367
47,1000,1,0.1,0.3,0.5,0.00139,0.31375,0.30793
48,1000,1,0.1,0.3,0.5,0.00139,0.27566,0.27733
49,1000,1,0.1,0.3,0.5,0.00139,0.26989,0.26419
50,1000,1,0.1,0.3,0.5,0.00139,0.32115,0.32587
51,1000,1,0.1,0.3,0.5,0.00139,0.29589,0.2905
52,1000,1,0.1,0.3,0.5,0.00139,0.28918,0.28215
53,1000,1,0.1,0.3,0.5,0.00139,0.28103,0.26985
54,1000,1,0.1,0.3,0.5,0.00139,0.2604,0.25595
55,1000,1,0.1,0.3,0.5,0.00139,0.32036,0.31796
56,1000,1,0.1,0.3,0.5,0.00139,0.30519,0.29281
57,1000,1,0.1,0.3,0.5,0.00139,0.28445,0.28943
58,1000,1,0.1,0.3,0.5,0.00139,0.30857,0.3033
59,1000,1,0.1,0.3,0.5,0.00139,0.32026,0.3219
60,1000,1,0.1,0.3,0.5,0.00139,0.30041,0.29694
61,1000,1,0.1,0.3,0.5,0.00139,0.28799,0.28376
62,1000,1,0.1,0.3,0.5,0.00139,0.32271,0.30904
63,1000,1,0.1,0.3,0.5,0.00139,0.34905,0.33313
64,1000,1,0.1,0.3,0.5,0.00139,0.26477,0.27269
65,1000,1,0.1,0.3,0.5,0.00139,0.31053,0.31127
66,1000,1,0.1,0.3,0.5,0.00139,0.31044,0.30755
67,1000,1,0.1,0.3,0.5,0.00139,0.29332,0.28812
68,1000,1,0.1,0.3,0.5,0.00139,0.30745,0.30278
69,1000,1,0.1,0.3,0.5,0.00139,0.29363,0.28608
70,1000,1,0.1,0.3,0.5,0.00139,0.29253,0.29802
71,1000,1,0.1,0.3,0.5,0.00139,0.33426,0.33004
72,1000,1,0.1,0.3,0.5,0.00139,0.31018,0.29887
73,1000,1,0.1,0.3,0.5,0.00139,0.29406,0.28456
74,1000,1,0.1,0.3,0.5,0.00139,0.27534,0.26519
75,1000,1,0.1,0.3,0.5,0.00139,0.29676,0.28752
76,1000,1,0.1,0.3,0.5,0.00139,0.27352,0.26624
77,1000,1,0.1,0.3,0.5,0.00139,0.30074,0.30679
78,1000,1,0.1,0.3,0.5,0.00139,0.31169,0.30588
79,1000,1,0.1,0.3,0.5,0.00139,0.30452,0.28866
80,1000,1,0.1,0.3,0.5,0.00139,0.27241,0.26974
81,1000,1,0.1,0.3,0.5,0.00139,0.29095,0.2865
82,1000,1,0.1,0.3,0.5,0.00139,0.29316,0.28628
83,1000,1,0.1,0.3,0.5,0.00139,0.29126,0.28664
84,1000,1,0.1,0.3,0.5,0.00139,0.2718,0.26327
85,1000,1,0.1,0.3,0.5,0.00139,0.3032,0.29023
86,1000,1,0.1,0.3,0.5,0.00139,0.33829,0.33024
87,1000,1,0.1,0.3,0.5,0.00139,0.27678,0.27126
88,1000,1,0.1,0.3,0.5,0.00139,0.31689,0.30929
89,1000,1,0.1,0.3,0.5,0.00139,0.27531,0.27114
90,1000,1,0.1,0.3,0.5,0.00139,0.3559,0.34214
91,1000,1,0.1,0.3,0.5,0.00139,0.30288,0.28772
92,1000,1,0.1,0.3,0.5,0.00139,0.27181,0.26387
93,1000,1,0.1,0.3,0.5,0.00139,0.29865,0.28976
94,1000,1,0.1,0.3,0.5,0.00139,0.29449,0.2867
95,1000,1,0.1,0.3,0.5,0.00139,0.30017,0.28652
96,1000,1,0.1,0.3,0.5,0.00139,0.31264,0.30555
97,1000,1,0.1,0.3,0.5,0.00139,0.28532,0.28599
98,1000,1,0.1,0.3,0.5,0.00139,0.2889,0.28395
99,1000,1,0.1,0.3,0.5,0.00139,0.31825,0.31092
0,1000,1,0.1,0.3,0.5,0.00115,0.31169,0.31128
1,1000,1,0.1,0.3,0.5,0.00115,0.32837,0.32887
2,1000,1,0.1,0.3,0.5,0.00115,0.35788,0.35222
3,1000,1,0.1,0.3,0.5,0.00115,0.34012,0.33975
4,1000,1,0.1,0.3,0.5,0.00115,0.30939,0.31181
5,1000,1,0.1,0.3,0.5,0.00115,0.32563,0.3231
6,1000,1,0.1,0.3,0.5,0.00115,0.30278,0.2984
7,1000,1,0.1,0.3,0.5,0.00115,0.33797,0.32988
8,1000,1,0.1,0.3,0.5,0.00115,0.31456,0.3154
9,1000,1,0.1,0.3,0.5,0.00115,0.32538,0.31989
10,1000,1,0.1,0.3,0.5,0.00115,0.31455,0.31822
11,1000,1,0.1,0.3,0.5,0.00115,0.33832,0.33053
12,1000,1,0.1,0.3,0.5,0.00115,0.33751,0.33508
13,1000,1,0.1,0.3,0.5,0.00115,0.30968,0.30358
14,1000,1,0.1,0.3,0.5,0.00115,0.3151,0.31126
15,1000,1,0.1,0.3,0.5,0.00115,0.34277,0.33843
16,1000,1,0.1,0.3,0.5,0.00115,0.34382,0.3422
17,1000,1,0.1,0.3,0.5,0.00115,0.31751,0.31539
18,1000,1,0.1,0.3,0.5,0.00115,0.32238,0.32191
19,1000,1,0.1,0.3,0.5,0.00115,0.32184,0.31882
20,1000,1,0.1,0.3,0.5,0.00115,0.33455,0.33137
21,1000,1,0.1,0.3,0.5,0.00115,0.35211,0.34942
22,1000,1,0.1,0.3,0.5,0.00115,0.33524,0.32347
23,1000,1,0.1,0.3,0.5,0.00115,0.3321,0.32465
24,1000,1,0.1,0.3,0.5,0.00115,0.31635,0.31745
25,1000,1,0.1,0.3,0.5,0.00115,0.31105,0.31213
26,1000,1,0.1,0.3,0.5,0.00115,0.32206,0.32534
27,1000,1,0.1,0.3,0.5,0.00115,0.34988,0.34379
28,1000,1,0.1,0.3,0.5,0.00115,0.34471,0.33082
29,1000,1,0.1,0.3,0.5,0.00115,0.32372,0.32753
30,1000,1,0.1,0.3,0.5,0.00115,0.33393,0.32984
31,1000,1,0.1,0.3,0.5,0.00115,0.31494,0.3161
32,1000,1,0.1,0.3,0.5,0.00115,0.34639,0.33678
33,1000,1,0.1,0.3,0.5,0.00115,0.33099,0.32699
34,1000,1,0.1,0.3,0.5,0.00115,0.32554,0.31919
35,1000,1,0.1,0.3,0.5,0.00115,0.375,0.36503
36,1000,1,0.1,0.3,0.5,0.00115,0.34463,0.3368
37,1000,1,0.1,0.3,0.5,0.00115,0.30565,0.30122
38,1000,1,0.1,0.3,0.5,0.00115,0.30225,0.30222
39,1000,1,0.1,0.3,0.5,0.00115,0.34924,0.33776
40,1000,1,0.1,0.3,0.5,0.00115,0.31709,0.31195
41,1000,1,0.1,0.3,0.5,0.00115,0.34438,0.34693
42,1000,1,0.1,0.3,0.5,0.00115,0.34845,0.33517
43,1000,1,0.1,0.3,0.5,0.00115,0.33359,0.32946
44,1000,1,0.1,0.3,0.5,0.00115,0.31627,0.31395
45,1000,1,0.1,0.3,0.5,0.00115,0.33854,0.33497
46,1000,1,0.1,0.3,0.5,0.00115,0.33424,0.32804
47,1000,1,0.1,0.3,0.5,0.00115,0.3506,0.34705
48,1000,1,0.1,0.3,0.5,0.00115,0.30749,0.30981
49,1000,1,0.1,0.3,0.5,0.00115,0.30157,0.29819
50,1000,1,0.1,0.3,0.5,0.00115,0.35824,0.36285
51,1000,1,0.1,0.3,0.5,0.00115,0.32801,0.32479
52,1000,1,0.1,0.3,0.5,0.00115,0.31891,0.31425
53,1000,1,0.1,0.3,0.5,0.00115,0.31095,0.30299
54,1000,1,0.1,0.3,0.5,0.00115,0.29255,0.28994
55,1000,1,0.1,0.3,0.5,0.00115,0.35249,0.3515
56,1000,1,0.1,0.3,0.5,0.00115,0.33766,0.32855
57,1000,1,0.1,0.3,0.5,0.00115,0.3192,0.32408
58,1000,1,0.1,0.3,0.5,0.00115,0.34009,0.33684
59,1000,1,0.1,0.3,0.5,0.00115,0.35405,0.35623
60,1000,1,0.1,0.3,0.5,0.00115,0.33504,0.33322
61,1000,1,0.1,0.3,0.5,0.00115,0.3185,0.31612
62,1000,1,0.1,0.3,0.5,0.00115,0.35306,0.34292
63,1000,1,0.1,0.3,0.5,0.00115,0.37934,0.36723
64,1000,1,0.1,0.3,0.5,0.00115,0.30223,0.30931
65,1000,1,0.1,0.3,0.5,0.00115,0.34475,0.34626
66,1000,1,0.1,0.3,0.5,0.00115,0.34459,0.34305
67,1000,1,0.1,0.3,0.5,0.00115,0.32664,0.32339
68,1000,1,0.1,0.3,0.5,0.00115,0.34336,0.34059
69,1000,1,0.1,0.3,0.5,0.00115,0.32436,0.31931
70,1000,1,0.1,0.3,0.5,0.00115,0.32747,0.33271
71,1000,1,0.1,0.3,0.5,0.00115,0.36572,0.36313
72,1000,1,0.1,0.3,0.5,0.00115,0.34042,0.33216
73,1000,1,0.1,0.3,0.5,0.00115,0.32556,0.31891
74,1000,1,0.1,0.3,0.5,0.00115,0.30486,0.29782
75,1000,1,0.1,0.3,0.5,0.00115,0.32452,0.31802
76,1000,1,0.1,0.3,0.5,0.00115,0.30409,0.29924
77,1000,1,0.1,0.3,0.5,0.00115,0.33235,0.33809
78,1000,1,0.1,0.3,0.5,0.00115,0.34475,0.34093
79,1000,1,0.1,0.3,0.5,0.00115,0.33284,0.32118
80,1000,1,0.1,0.3,0.5,0.00115,0.30439,0.30329
81,1000,1,0.1,0.3,0.5,0.00115,0.32181,0.31921
82,1000,1,0.1,0.3,0.5,0.00115,0.32596,0.3214
83,1000,1,0.1,0.3,0.5,0.00115,0.32448,0.32173
84,1000,1,0.1,0.3,0.5,0.00115,0.30352,0.29781
85,1000,1,0.1,0.3,0.5,0.00115,0.3349,0.32558
86,1000,1,0.1,0.3,0.5,0.00115,0.36821,0.36259
87,1000,1,0.1,0.3,0.5,0.00115,0.30797,0.30462
88,1000,1,0.1,0.3,0.5,0.00115,0.35168,0.34646
89,1000,1,0.1,0.3,0.5,0.00115,0.30921,0.30691
90,1000,1,0.1,0.3,0.5,0.00115,0.38722,0.37691
91,1000,1,0.1,0.3,0.5,0.00115,0.33283,0.32165
92,1000,1,0.1,0.3,0.5,0.00115,0.30189,0.29656
93,1000,1,0.1,0.3,0.5,0.00115,0.32989,0.32378
94,1000,1,0.1,0.3,0.5,0.00115,0.32752,0.3224
95,1000,1,0.1,0.3,0.5,0.00115,0.3287,0.31878
96,1000,1,0.1,0.3,0.5,0.00115,0.34585,0.34097
97,1000,1,0.1,0.3,0.5,0.00115,0.31856,0.31999
98,1000,1,0.1,0.3,0.5,0.00115,0.32284,0.31974
99,1000,1,0.1,0.3,0.5,0.00115,0.35048,0.34544
0,1000,1,0.1,0.3,0.5,0.00095,0.34824,0.34863
1,1000,1,0.1,0.3,0.5,0.00095,0.36427,0.36514
2,1000,1,0.1,0.3,0.5,0.00095,0.39557,0.39175
3,1000,1,0.1,0.3,0.5,0.00095,0.37698,0.37724
4,1000,1,0.1,0.3,0.5,0.00095,0.34661,0.34917
5,1000,1,0.1,0.3,0.5,0.00095,0.36127,0.35989
6,1000,1,0.1,0.3,0.5,0.00095,0.34078,0.33802
7,1000,1,0.1,0.3,0.5,0.00095,0.37382,0.36805
8,1000,1,0.1,0.3,0.5,0.00095,0.34989,0.35119
9,1000,1,0.1,0.3,0.5,0.00095,0.36022,0.35645
10,1000,1,0.1,0.3,0.5,0.00095,0.35138,0.3548
11,1000,1,0.1,0.3,0.5,0.00095,0.37474,0.36923
12,1000,1,0.1,0.3,0.5,0.00095,0.37516,0.37397
13,1000,1,0.1,0.3,0.5,0.00095,0.34699,0.34279
14,1000,1,0.1,0.3,0.5,0.00095,0.35158,0.3492
15,1000,1,0.1,0.3,0.5,0.00095,0.37879,0.37589
16,1000,1,0.1,0.3,0.5,0.00095,0.3787,0.37804
17,1000,1,0.1,0.3,0.5,0.00095,0.35634,0.35517
18,1000,1,0.1,0.3,0.5,0.00095,0.36071,0.36095
19,1000,1,0.1,0.3,0.5,0.00095,0.35967,0.35794
20,1000,1,0.1,0.3,0.5,0.00095,0.37129,0.36934
21,1000,1,0.1,0.3,0.5,0.00095,0.38934,0.38772
22,1000,1,0.1,0.3,0.5,0.00095,0.37346,0.36475
23,1000,1,0.1,0.3,0.5,0.00095,0.36622,0.36087
24,1000,1,0.1,0.3,0.5,0.00095,0.3543,0.35571
25,1000,1,0.1,0.3,0.5,0.00095,0.3477,0.34919
26,1000,1,0.1,0.3,0.5,0.00095,0.35733,0.36052
27,1000,1,0.1,0.3,0.5,0.00095,0.38529,0.38103
28,1000,1,0.1,0.3,0.5,0.00095,0.37712,0.3667
29,1000,1,0.1,0.3,0.5,0.00095,0.3618,0.36535
30,1000,1,0.1,0.3,0.5,0.00095,0.36716,0.36455
31,1000,1,0.1,0.3,0.5,0.00095,0.34998,0.35149
32,1000,1,0.1,0.3,0.5,0.00095,0.38025,0.37317
33,1000,1,0.1,0.3,0.5,0.00095,0.36849,0.36592
34,1000,1,0.1,0.3,0.5,0.00095,0.35987,0.35547
35,1000,1,0.1,0.3,0.5,0.00095,0.41144,0.40402
36,1000,1,0.1,0.3,0.5,0.00095,0.37989,0.37427
37,1000,1,0.1,0.3,0.5,0.00095,0.34184,0.33904
38,1000,1,0.1,0.3,0.5,0.00095,0.33685,0.33741
39,1000,1,0.1,0.3,0.5,0.00095,0.38251,0.37404
40,1000,1,0.1,0.3,0.5,0.00095,0.35425,0.35085
41,1000,1,0.1,0.3,0.5,0.00095,0.37987,0.3825
42,1000,1,0.1,0.3,0.5,0.00095,0.37916,0.36915
43,1000,1,0.1,0.3,0.5,0.00095,0.36691,0.36424
44,1000,1,0.1,0.3,0.5,0.00095,0.3508,0.34966
45,1000,1,0.1,0.3,0.5,0.00095,0.3777,0.3755
46,1000,1,0.1,0.3,0.5,0.00095,0.37004,0.36564
47,1000,1,0.1,0.3,0.5,0.00095,0.39163,0.38951
48,1000,1,0.1,0.3,0.5,0.00095,0.34331,0.34578
49,1000,1,0.1,0.3,0.5,0.00095,0.33794,0.33598
50,1000,1,0.1,0.3,0.5,0.00095,0.39834,0.4025
51,1000,1,0.1,0.3,0.5,0.00095,0.36414,0.36228
52,1000,1,0.1,0.3,0.5,0.00095,0.35316,0.35008
53,1000,1,0.1,0.3,0.5,0.00095,0.34552,0.33984
54,1000,1,0.1,0.3,0.5,0.00095,0.33023,0.32873
55,1000,1,0.1,0.3,0.5,0.00095,0.38836,0.38816
56,1000,1,0.1,0.3,0.5,0.00095,0.37398,0.36725
57,1000,1,0.1,0.3,0.5,0.00095,0.35783,0.36223
58,1000,1,0.1,0.3,0.5,0.00095,0.37567,0.37371
59,1000,1,0.1,0.3,0.5,0.00095,0.39176,0.39403
60,1000,1,0.1,0.3,0.5,0.00095,0.37376,0.37293
61,1000,1,0.1,0.3,0.5,0.00095,0.35327,0.35201
62,1000,1,0.1,0.3,0.5,0.00095,0.38721,0.37968
63,1000,1,0.1,0.3,0.5,0.00095,0.41348,0.40426
64,1000,1,0.1,0.3,0.5,0.00095,0.34373,0.34974
65,1000,1,0.1,0.3,0.5,0.00095,0.38278,0.38454
66,1000,1,0.1,0.3,0.5,0.00095,0.38244,0.3817
67,1000,1,0.1,0.3,0.5,0.00095,0.3639,0.3619
68,1000,1,0.1,0.3,0.5,0.00095,0.38354,0.38194
69,1000,1,0.1,0.3,0.5,0.00095,0.35918,0.35576
70,1000,1,0.1,0.3,0.5,0.00095,0.36626,0.37094
71,1000,1,0.1,0.3,0.5,0.00095,0.40072,0.39915
72,1000,1,0.1,0.3,0.5,0.00095,0.37549,0.36944
73,1000,1,0.1,0.3,0.5,0.00095,0.362,0.35733
74,1000,1,0.1,0.3,0.5,0.00095,0.33917,0.33427
75,1000,1,0.1,0.3,0.5,0.00095,0.35657,0.35199
76,1000,1,0.1,0.3,0.5,0.00095,0.33852,0.33528
77,1000,1,0.1,0.3,0.5,0.00095,0.36826,0.37337
78,1000,1,0.1,0.3,0.5,0.00095,0.38159,0.37906
79,1000,1,0.1,0.3,0.5,0.00095,0.36628,0.35776
80,1000,1,0.1,0.3,0.5,0.00095,0.34115,0.3409
81,1000,1,0.1,0.3,0.5,0.00095,0.35736,0.35589
82,1000,1,0.1,0.3,0.5,0.00095,0.36339,0.36037
83,1000,1,0.1,0.3,0.5,0.00095,0.362,0.3604
84,1000,1,0.1,0.3,0.5,0.00095,0.33968,0.33584
85,1000,1,0.1,0.3,0.5,0.00095,0.37122,0.36453
86,1000,1,0.1,0.3,0.5,0.00095,0.40223,0.3983
87,1000,1,0.1,0.3,0.5,0.00095,0.34328,0.34129
88,1000,1,0.1,0.3,0.5,0.00095,0.39047,0.38686
89,1000,1,0.1,0.3,0.5,0.00095,0.34735,0.34617
90,1000,1,0.1,0.3,0.5,0.00095,0.42224,0.41452
91,1000,1,0.1,0.3,0.5,0.00095,0.36781,0.35959
92,1000,1,0.1,0.3,0.5,0.00095,0.33647,0.33288
93,1000,1,0.1,0.3,0.5,0.00095,0.36598,0.36179
94,1000,1,0.1,0.3,0.5,0.00095,0.36551,0.36217
95,1000,1,0.1,0.3,0.5,0.00095,0.36164,0.35443
96,1000,1,0.1,0.3,0.5,0.00095,0.38279,0.37941
97,1000,1,0.1,0.3,0.5,0.00095,0.35618,0.35785
98,1000,1,0.1,0.3,0.5,0.00095,0.36104,0.35911
99,1000,1,0.1,0.3,0.5,0.00095,0.38669,0.3832
0,1000,1,0.1,0.3,0.5,0.00079,0.38947,0.39021
1,1000,1,0.1,0.3,0.5,0.00079,0.40425,0.40522
2,1000,1,0.1,0.3,0.5,0.00079,0.43775,0.43517
3,1000,1,0.1,0.3,0.5,0.00079,0.41805,0.41861
4,1000,1,0.1,0.3,0.5,0.00079,0.38735,0.38979
5,1000,1,0.1,0.3,0.5,0.00079,0.40059,0.39992
6,1000,1,0.1,0.3,0.5,0.00079,0.3838,0.38205
7,1000,1,0.1,0.3,0.5,0.00079,0.41376,0.40964
8,1000,1,0.1,0.3,0.5,0.00079,0.38931,0.39071
9,1000,1,0.1,0.3,0.5,0.00079,0.39929,0.39667
10,1000,1,0.1,0.3,0.5,0.00079,0.3924,0.3954
11,1000,1,0.1,0.3,0.5,0.00079,0.41516,0.41124
12,1000,1,0.1,0.3,0.5,0.00079,0.41731,0.41683
13,1000,1,0.1,0.3,0.5,0.00079,0.38976,0.38684
14,1000,1,0.1,0.3,0.5,0.00079,0.39245,0.39098
15,1000,1,0.1,0.3,0.5,0.00079,0.41961,0.41766
16,1000,1,0.1,0.3,0.5,0.00079,0.41826,0.41814
17,1000,1,0.1,0.3,0.5,0.00079,0.39983,0.39922
18,1000,1,0.1,0.3,0.5,0.00079,0.40307,0.40364
19,1000,1,0.1,0.3,0.5,0.00079,0.40198,0.40102
20,1000,1,0.1,0.3,0.5,0.00079,0.41281,0.41163
21,1000,1,0.1,0.3,0.5,0.00079,0.43027,0.42931
22,1000,1,0.1,0.3,0.5,0.00079,0.41642,0.40995
23,1000,1,0.1,0.3,0.5,0.00079,0.40455,0.40068
24,1000,1,0.1,0.3,0.5,0.00079,0.39641,0.39784
25,1000,1,0.1,0.3,0.5,0.00079,0.3888,0.39036
26,1000,1,0.1,0.3,0.5,0.00079,0.39716,0.40005
27,1000,1,0.1,0.3,0.5,0.00079,0.42544,0.42248
28,1000,1,0.1,0.3,0.5,0.00079,0.41451,0.4067
29,1000,1,0.1,0.3,0.5,0.00079,0.40381,0.4069
30,1000,1,0.1,0.3,0.5,0.00079,0.40441,0.40277
31,1000,1,0.1,0.3,0.5,0.00079,0.38908,0.39061
32,1000,1,0.1,0.3,0.5,0.00079,0.41889,0.41367
33,1000,1,0.1,0.3,0.5,0.00079,0.41092,0.40926
34,1000,1,0.1,0.3,0.5,0.00079,0.39846,0.39539
35,1000,1,0.1,0.3,0.5,0.00079,0.45185,0.4463
36,1000,1,0.1,0.3,0.5,0.00079,0.41937,0.41533
37,1000,1,0.1,0.3,0.5,0.00079,0.38327,0.38152
38,1000,1,0.1,0.3,0.5,0.00079,0.37599,0.37678
39,1000,1,0.1,0.3,0.5,0.00079,0.42016,0.4139
40,1000,1,0.1,0.3,0.5,0.00079,0.39604,0.39379
41,1000,1,0.1,0.3,0.5,0.00079,0.41907,0.42152
42,1000,1,0.1,0.3,0.5,0.00079,0.41412,0.40658
43,1000,1,0.1,0.3,0.5,0.00079,0.40516,0.40346
44,1000,1,0.1,0.3,0.5,0.00079,0.38974,0.3893
45,1000,1,0.1,0.3,0.5,0.00079,0.4214,0.42006
46,1000,1,0.1,0.3,0.5,0.00079,0.40984,0.40669
47,1000,1,0.1,0.3,0.5,0.00079,0.43665,0.4354
48,1000,1,0.1,0.3,0.5,0.00079,0.38331,0.38563
49,1000,1,0.1,0.3,0.5,0.00079,0.37901,0.3779
50,1000,1,0.1,0.3,0.5,0.00079,0.44153,0.44512
51,1000,1,0.1,0.3,0.5,0.00079,0.40443,0.40341
52,1000,1,0.1,0.3,0.5,0.00079,0.39208,0.39006
53,1000,1,0.1,0.3,0.5,0.00079,0.38479,0.38074
54,1000,1,0.1,0.3,0.5,0.00079,0.37351,0.37266
55,1000,1,0.1,0.3,0.5,0.00079,0.42816,0.42837
56,1000,1,0.1,0.3,0.5,0.00079,0.41428,0.40927
57,1000,1,0.1,0.3,0.5,0.00079,0.40038,0.40415
58,1000,1,0.1,0.3,0.5,0.00079,0.4154,0.41425
59,1000,1,0.1,0.3,0.5,0.00079,0.43347,0.4356
60,1000,1,0.1,0.3,0.5,0.00079,0.41633,0.41606
61,1000,1,0.1,0.3,0.5,0.00079,0.39234,0.39173
62,1000,1,0.1,0.3,0.5,0.00079,0.42528,0.41968
63,1000,1,0.1,0.3,0.5,0.00079,0.45174,0.44474
64,1000,1,0.1,0.3,0.5,0.00079,0.38928,0.3942
65,1000,1,0.1,0.3,0.5,0.00079,0.42493,0.42668
66,1000,1,0.1,0.3,0.5,0.00079,0.42401,0.42371
67,1000,1,0.1,0.3,0.5,0.00079,0.4051,0.40389
68,1000,1,0.1,0.3,0.5,0.00079,0.42773,0.42682
69,1000,1,0.1,0.3,0.5,0.00079,0.39818,0.39582
70,1000,1,0.1,0.3,0.5,0.00079,0.40901,0.41301
71,1000,1,0.1,0.3,0.5,0.00079,0.43952,0.43858
72,1000,1,0.1,0.3,0.5,0.00079,0.41542,0.41097
73,1000,1,0.1,0.3,0.5,0.00079,0.40348,0.40019
74,1000,1,0.1,0.3,0.5,0.00079,0.37854,0.37511
75,1000,1,0.1,0.3,0.5,0.00079,0.39313,0.38988
76,1000,1,0.1,0.3,0.5,0.00079,0.37699,0.3748
77,1000,1,0.1,0.3,0.5,0.00079,0.40858,0.41294
78,1000,1,0.1,0.3,0.5,0.00079,0.42218,0.42049
79,1000,1,0.1,0.3,0.5,0.00079,0.40486,0.39865
80,1000,1,0.1,0.3,0.5,0.00079,0.38275,0.38294
81,1000,1,0.1,0.3,0.5,0.00079,0.39772,0.39693
82,1000,1,0.1,0.3,0.5,0.00079,0.40546,0.40346
83,1000,1,0.1,0.3,0.5,0.00079,0.40375,0.40286
84,1000,1,0.1,0.3,0.5,0.00079,0.38035,0.37775
85,1000,1,0.1,0.3,0.5,0.00079,0.41207,0.40728
86,1000,1,0.1,0.3,0.5,0.00079,0.44052,0.43779
87,1000,1,0.1,0.3,0.5,0.00079,0.3827,0.38154
88,1000,1,0.1,0.3,0.5,0.00079,0.43332,0.4308
89,1000,1,0.1,0.3,0.5,0.00079,0.38964,0.38912
90,1000,1,0.1,0.3,0.5,0.00079,0.46106,0.45526
91,1000,1,0.1,0.3,0.5,0.00079,0.40795,0.40191
92,1000,1,0.1,0.3,0.5,0.00079,0.37567,0.37324
93,1000,1,0.1,0.3,0.5,0.00079,0.40708,0.4042
94,1000,1,0.1,0.3,0.5,0.00079,0.40828,0.40611
95,1000,1,0.1,0.3,0.5,0.00079,0.39916,0.39392
96,1000,1,0.1,0.3,0.5,0.00079,0.42352,0.42114
97,1000,1,0.1,0.3,0.5,0.00079,0.39818,0.39982
98,1000,1,0.1,0.3,0.5,0.00079,0.40362,0.40243
99,1000,1,0.1,0.3,0.5,0.00079,0.42687,0.42444
0,1000,1,0.1,0.3,0.5,0.00066,0.43555,0.43639
1,1000,1,0.1,0.3,0.5,0.00066,0.44851,0.44942
2,1000,1,0.1,0.3,0.5,0.00066,0.48459,0.48284
3,1000,1,0.1,0.3,0.5,0.00066,0.4634,0.46406
4,1000,1,0.1,0.3,0.5,0.00066,0.43181,0.43399
5,1000,1,0.1,0.3,0.5,0.00066,0.44393,0.44366
6,1000,1,0.1,0.3,0.5,0.00066,0.43188,0.43076
7,1000,1,0.1,0.3,0.5,0.00066,0.45779,0.45483
8,1000,1,0.1,0.3,0.5,0.00066,0.43314,0.43446
9,1000,1,0.1,0.3,0.5,0.00066,0.44291,0.44107
10,1000,1,0.1,0.3,0.5,0.00066,0.43798,0.4405
11,1000,1,0.1,0.3,0.5,0.00066,0.45973,0.45693
12,1000,1,0.1,0.3,0.5,0.00066,0.4641,0.46401
13,1000,1,0.1,0.3,0.5,0.00066,0.43821,0.43616
14,1000,1,0.1,0.3,0.5,0.00066,0.4379,0.437
15,1000,1,0.1,0.3,0.5,0.00066,0.4653,0.46398
16,1000,1,0.1,0.3,0.5,0.00066,0.46289,0.46306
17,1000,1,0.1,0.3,0.5,0.00066,0.44808,0.44778
18,1000,1,0.1,0.3,0.5,0.00066,0.44966,0.45034
19,1000,1,0.1,0.3,0.5,0.00066,0.44875,0.44824
20,1000,1,0.1,0.3,0.5,0.00066,0.45952,0.45881
21,1000,1,0.1,0.3,0.5,0.00066,0.47503,0.47447
22,1000,1,0.1,0.3,0.5,0.00066,0.46405,0.45923
23,1000,1,0.1,0.3,0.5,0.00066,0.44718,0.44436
24,1000,1,0.1,0.3,0.5,0.00066,0.44293,0.44423
25,1000,1,0.1,0.3,0.5,0.00066,0.43458,0.43603
26,1000,1,0.1,0.3,0.5,0.00066,0.44183,0.44432
27,1000,1,0.1,0.3,0.5,0.00066,0.47049,0.46843
28,1000,1,0.1,0.3,0.5,0.00066,0.4572,0.45136
29,1000,1,0.1,0.3,0.5,0.00066,0.45002,0.45261
30,1000,1,0.1,0.3,0.5,0.00066,0.44597,0.44495
31,1000,1,0.1,0.3,0.5,0.00066,0.43244,0.43385
32,1000,1,0.1,0.3,0.5,0.00066,0.46264,0.45881
33,1000,1,0.1,0.3,0.5,0.00066,0.45834,0.45727
34,1000,1,0.1,0.3,0.5,0.00066,0.44148,0.43933
35,1000,1,0.1,0.3,0.5,0.00066,0.49642,0.49225
36,1000,1,0.1,0.3,0.5,0.00066,0.46321,0.4603
37,1000,1,0.1,0.3,0.5,0.00066,0.43019,0.4291
38,1000,1,0.1,0.3,0.5,0.00066,0.42008,0.42092
39,1000,1,0.1,0.3,0.5,0.00066,0.46242,0.45778
40,1000,1,0.1,0.3,0.5,0.00066,0.44241,0.44092
41,1000,1,0.1,0.3,0.5,0.00066,0.46243,0.46456
42,1000,1,0.1,0.3,0.5,0.00066,0.45372,0.44806
43,1000,1,0.1,0.3,0.5,0.00066,0.44867,0.44759
44,1000,1,0.1,0.3,0.5,0.00066,0.43321,0.43315
45,1000,1,0.1,0.3,0.5,0.00066,0.46982,0.46903
46,1000,1,0.1,0.3,0.5,0.00066,0.45377,0.45151
47,1000,1,0.1,0.3,0.5,0.00066,0.48566,0.48495
48,1000,1,0.1,0.3,0.5,0.00066,0.42787,0.42993
49,1000,1,0.1,0.3,0.5,0.00066,0.4249,0.42431
50,1000,1,0.1,0.3,0.5,0.00066,0.48809,0.49109
51,1000,1,0.1,0.3,0.5,0.00066,0.4492,0.44869
52,1000,1,0.1,0.3,0.5,0.00066,0.4359,0.43457
53,1000,1,0.1,0.3,0.5,0.00066,0.42891,0.426
54,1000,1,0.1,0.3,0.5,0.00066,0.42255,0.42209
55,1000,1,0.1,0.3,0.5,0.00066,0.47227,0.47267
56,1000,1,0.1,0.3,0.5,0.00066,0.45878,0.45504
57,1000,1,0.1,0.3,0.5,0.00066,0.44708,0.45022
58,1000,1,0.1,0.3,0.5,0.00066,0.45951,0.45886
59,1000,1,0.1,0.3,0.5,0.00066,0.47935,0.48124
60,1000,1,0.1,0.3,0.5,0.00066,0.46266,0.46268
61,1000,1,0.1,0.3,0.5,0.00066,0.43597,0.43574
62,1000,1,0.1,0.3,0.5,0.00066,0.46755,0.46338
63,1000,1,0.1,0.3,0.5,0.00066,0.49456,0.48924
64,1000,1,0.1,0.3,0.5,0.00066,0.43907,0.44302
65,1000,1,0.1,0.3,0.5,0.00066,0.4716,0.47319
66,1000,1,0.1,0.3,0.5,0.00066,0.46944,0.46938
67,1000,1,0.1,0.3,0.5,0.00066,0.45045,0.44973
68,1000,1,0.1,0.3,0.5,0.00066,0.47583,0.47533
69,1000,1,0.1,0.3,0.5,0.00066,0.44157,0.43991
70,1000,1,0.1,0.3,0.5,0.00066,0.45601,0.45934
71,1000,1,0.1,0.3,0.5,0.00066,0.48256,0.48199
72,1000,1,0.1,0.3,0.5,0.00066,0.46021,0.45692
73,1000,1,0.1,0.3,0.5,0.00066,0.4501,0.44776
74,1000,1,0.1,0.3,0.5,0.00066,0.42338,0.42096
75,1000,1,0.1,0.3,0.5,0.00066,0.43448,0.43217
76,1000,1,0.1,0.3,0.5,0.00066,0.4199,0.41841
77,1000,1,0.1,0.3,0.5,0.00066,0.45345,0.45706
78,1000,1,0.1,0.3,0.5,0.00066,0.46668,0.46553
79,1000,1,0.1,0.3,0.5,0.00066,0.44862,0.4441
80,1000,1,0.1,0.3,0.5,0.00066,0.42938,0.42976
81,1000,1,0.1,0.3,0.5,0.00066,0.44315,0.44277
82,1000,1,0.1,0.3,0.5,0.00066,0.45217,0.45084
83,1000,1,0.1,0.3,0.5,0.00066,0.44976,0.44928
84,1000,1,0.1,0.3,0.5,0.00066,0.42572,0.42395
85,1000,1,0.1,0.3,0.5,0.00066,0.45751,0.45408
86,1000,1,0.1,0.3,0.5,0.00066,0.4834,0.4815
87,1000,1,0.1,0.3,0.5,0.00066,0.42634,0.42568
88,1000,1,0.1,0.3,0.5,0.00066,0.48049,0.47873
89,1000,1,0.1,0.3,0.5,0.00066,0.43619,0.43604
90,1000,1,0.1,0.3,0.5,0.00066,0.50385,0.49949
91,1000,1,0.1,0.3,0.5,0.00066,0.45339,0.44896
92,1000,1,0.1,0.3,0.5,0.00066,0.41981,0.41815
93,1000,1,0.1,0.3,0.5,0.00066,0.45335,0.45136
94,1000,1,0.1,0.3,0.5,0.00066,0.45568,0.45428
95,1000,1,0.1,0.3,0.5,0.00066,0.4416,0.43778
96,1000,1,0.1,0.3,0.5,0.00066,0.46821,0.46652
97,1000,1,0.1,0.3,0.5,0.00066,0.44468,0.44617
98,1000,1,0.1,0.3,0.5,0.00066,0.45083,0.4501
99,1000,1,0.1,0.3,0.5,0.00066,0.47119,0.46948
0,1000,1,0.1,0.3,0.5,0.00054,0.48676,0.48757
1,1000,1,0.1,0.3,0.5,0.00054,0.49742,0.4982
2,1000,1,0.1,0.3,0.5,0.00054,0.53633,0.53514
3,1000,1,0.1,0.3,0.5,0.00054,0.51317,0.51382
4,1000,1,0.1,0.3,0.5,0.00054,0.48037,0.48225
5,1000,1,0.1,0.3,0.5,0.00054,0.49184,0.4918
6,1000,1,0.1,0.3,0.5,0.00054,0.48513,0.48438
7,1000,1,0.1,0.3,0.5,0.00054,0.50603,0.50388
8,1000,1,0.1,0.3,0.5,0.00054,0.48183,0.483
9,1000,1,0.1,0.3,0.5,0.00054,0.49153,0.49021
10,1000,1,0.1,0.3,0.5,0.00054,0.48854,0.4906
11,1000,1,0.1,0.3,0.5,0.00054,0.50887,0.50685
12,1000,1,0.1,0.3,0.5,0.00054,0.51577,0.51588
13,1000,1,0.1,0.3,0.5,0.00054,0.49252,0.49105
14,1000,1,0.1,0.3,0.5,0.00054,0.48828,0.48772
15,1000,1,0.1,0.3,0.5,0.00054,0.51595,0.51504
16,1000,1,0.1,0.3,0.5,0.00054,0.51304,0.51334
17,1000,1,0.1,0.3,0.5,0.00054,0.50128,0.50115
18,1000,1,0.1,0.3,0.5,0.00054,0.50083,0.5015
19,1000,1,0.1,0.3,0.5,0.00054,0.50014,0.49989
20,1000,1,0.1,0.3,0.5,0.00054,0.51185,0.51143
21,1000,1,0.1,0.3,0.5,0.00054,0.52385,0.52354
22,1000,1,0.1,0.3,0.5,0.00054,0.51643,0.51283
23,1000,1,0.1,0.3,0.5,0.00054,0.4944,0.49233
24,1000,1,0.1,0.3,0.5,0.00054,0.49425,0.49536
25,1000,1,0.1,0.3,0.5,0.00054,0.48533,0.4866
26,1000,1,0.1,0.3,0.5,0.00054,0.49166,0.49374
27,1000,1,0.1,0.3,0.5,0.00054,0.52064,0.51921
28,1000,1,0.1,0.3,0.5,0.00054,0.50551,0.50115
29,1000,1,0.1,0.3,0.5,0.00054,0.50081,0.50293
30,1000,1,0.1,0.3,0.5,0.00054,0.49225,0.49162
31,1000,1,0.1,0.3,0.5,0.00054,0.48036,0.48158
32,1000,1,0.1,0.3,0.5,0.00054,0.51186,0.50905
33,1000,1,0.1,0.3,0.5,0.00054,0.51092,0.51022
34,1000,1,0.1,0.3,0.5,0.00054,0.48926,0.48775
35,1000,1,0.1,0.3,0.5,0.00054,0.54547,0.54233
36,1000,1,0.1,0.3,0.5,0.00054,0.51175,0.50964
37,1000,1,0.1,0.3,0.5,0.00054,0.48289,0.48222
38,1000,1,0.1,0.3,0.5,0.00054,0.46963,0.47041
39,1000,1,0.1,0.3,0.5,0.00054,0.50968,0.50621
40,1000,1,0.1,0.3,0.5,0.00054,0.49344,0.49245
41,1000,1,0.1,0.3,0.5,0.00054,0.51045,0.51225
42,1000,1,0.1,0.3,0.5,0.00054,0.49849,0.49426
43,1000,1,0.1,0.3,0.5,0.00054,0.49775,0.49707
44,1000,1,0.1,0.3,0.5,0.00054,0.48139,0.48154
45,1000,1,0.1,0.3,0.5,0.00054,0.52317,0.52271
46,1000,1,0.1,0.3,0.5,0.00054,0.50214,0.50051
47,1000,1,0.1,0.3,0.5,0.00054,0.53888,0.53849
48,1000,1,0.1,0.3,0.5,0.00054,0.47755,0.4793
49,1000,1,0.1,0.3,0.5,0.00054,0.47585,0.47556
50,1000,1,0.1,0.3,0.5,0.00054,0.53849,0.54093
51,1000,1,0.1,0.3,0.5,0.00054,0.49889,0.49868
52,1000,1,0.1,0.3,0.5,0.00054,0.48486,0.48399
53,1000,1,0.1,0.3,0.5,0.00054,0.47807,0.47599
54,1000,1,0.1,0.3,0.5,0.00054,0.47762,0.47737
55,1000,1,0.1,0.3,0.5,0.00054,0.52116,0.52162
56,1000,1,0.1,0.3,0.5,0.00054,0.50782,0.50502
57,1000,1,0.1,0.3,0.5,0.00054,0.49835,0.5009
58,1000,1,0.1,0.3,0.5,0.00054,0.50833,0.50797
59,1000,1,0.1,0.3,0.5,0.00054,0.52965,0.53126
60,1000,1,0.1,0.3,0.5,0.00054,0.51287,0.51304
61,1000,1,0.1,0.3,0.5,0.00054,0.4846,0.48457
62,1000,1,0.1,0.3,0.5,0.00054,0.51441,0.51129
63,1000,1,0.1,0.3,0.5,0.00054,0.54248,0.53844
64,1000,1,0.1,0.3,0.5,0.00054,0.49347,0.49658
65,1000,1,0.1,0.3,0.5,0.00054,0.52318,0.52456
66,1000,1,0.1,0.3,0.5,0.00054,0.51909,0.51914
67,1000,1,0.1,0.3,0.5,0.00054,0.50037,0.49996
68,1000,1,0.1,0.3,0.5,0.00054,0.52802,0.52775
69,1000,1,0.1,0.3,0.5,0.00054,0.48971,0.48851
70,1000,1,0.1,0.3,0.5,0.00054,0.50775,0.51046
71,1000,1,0.1,0.3,0.5,0.00054,0.53035,0.53
72,1000,1,0.1,0.3,0.5,0.00054,0.50988,0.50744
73,1000,1,0.1,0.3,0.5,0.00054,0.50195,0.50028
74,1000,1,0.1,0.3,0.5,0.00054,0.47419,0.47247
75,1000,1,0.1,0.3,0.5,0.00054,0.48102,0.47936
76,1000,1,0.1,0.3,0.5,0.00054,0.46778,0.46675
77,1000,1,0.1,0.3,0.5,0.00054,0.50308,0.50602
78,1000,1,0.1,0.3,0.5,0.00054,0.51543,0.51464
79,1000,1,0.1,0.3,0.5,0.00054,0.49772,0.49443
80,1000,1,0.1,0.3,0.5,0.00054,0.48133,0.48177
81,1000,1,0.1,0.3,0.5,0.00054,0.49409,0.49394
82,1000,1,0.1,0.3,0.5,0.00054,0.50352,0.50262
83,1000,1,0.1,0.3,0.5,0.00054,0.50017,0.49994
84,1000,1,0.1,0.3,0.5,0.00054,0.47611,0.47489
85,1000,1,0.1,0.3,0.5,0.00054,0.50772,0.50526
86,1000,1,0.1,0.3,0.5,0.00054,0.53122,0.52989
87,1000,1,0.1,0.3,0.5,0.00054,0.47444,0.47408
88,1000,1,0.1,0.3,0.5,0.00054,0.53246,0.53121
89,1000,1,0.1,0.3,0.5,0.00054,0.48726,0.4873
90,1000,1,0.1,0.3,0.5,0.00054,0.55093,0.54764
91,1000,1,0.1,0.3,0.5,0.00054,0.50434,0.50109
92,1000,1,0.1,0.3,0.5,0.00054,0.46933,0.46818
93,1000,1,0.1,0.3,0.5,0.00054,0.50492,0.50355
94,1000,1,0.1,0.3,0.5,0.00054,0.5077,0.5068
95,1000,1,0.1,0.3,0.5,0.00054,0.48939,0.48661
96,1000,1,0.1,0.3,0.5,0.00054,0.5172,0.51598
97,1000,1,0.1,0.3,0.5,0.00054,0.49593,0.49722
98,1000,1,0.1,0.3,0.5,0.00054,0.50303,0.50259
99,1000,1,0.1,0.3,0.5,0.00054,0.52004,0.51883
0,1000,1,0.1,0.3,0.5,0.00045,0.54348,0.54418
1,1000,1,0.1,0.3,0.5,0.00045,0.55153,0.55216
2,1000,1,0.1,0.3,0.5,0.00045,0.59325,0.59244
3,1000,1,0.1,0.3,0.5,0.00045,0.56759,0.56819
4,1000,1,0.1,0.3,0.5,0.00045,0.53361,0.53519
5,1000,1,0.1,0.3,0.5,0.00045,0.54507,0.54515
6,1000,1,0.1,0.3,0.5,0.00045,0.54372,0.54321
7,1000,1,0.1,0.3,0.5,0.00045,0.55876,0.55719
8,1000,1,0.1,0.3,0.5,0.00045,0.53591,0.53689
9,1000,1,0.1,0.3,0.5,0.00045,0.54564,0.54468
10,1000,1,0.1,0.3,0.5,0.00045,0.54451,0.54616
11,1000,1,0.1,0.3,0.5,0.00045,0.56318,0.56172
12,1000,1,0.1,0.3,0.5,0.00045,0.57265,0.57283
13,1000,1,0.1,0.3,0.5,0.00045,0.55284,0.55179
14,1000,1,0.1,0.3,0.5,0.00045,0.54403,0.54368
15,1000,1,0.1,0.3,0.5,0.00045,0.57168,0.57104
16,1000,1,0.1,0.3,0.5,0.00045,0.56919,0.56953
17,1000,1,0.1,0.3,0.5,0.00045,0.55973,0.5597
18,1000,1,0.1,0.3,0.5,0.00045,0.55699,0.5576
19,1000,1,0.1,0.3,0.5,0.00045,0.55651,0.55641
20,1000,1,0.1,0.3,0.5,0.00045,0.57013,0.56987
21,1000,1,0.1,0.3,0.5,0.00045,0.57711,0.57694
22,1000,1,0.1,0.3,0.5,0.00045,0.57381,0.57113
23,1000,1,0.1,0.3,0.5,0.00045,0.54667,0.54516
24,1000,1,0.1,0.3,0.5,0.00045,0.55091,0.55182
25,1000,1,0.1,0.3,0.5,0.00045,0.54145,0.54251
26,1000,1,0.1,0.3,0.5,0.00045,0.547,0.5487
27,1000,1,0.1,0.3,0.5,0.00045,0.5762,0.5752
28,1000,1,0.1,0.3,0.5,0.00045,0.55978,0.55652
29,1000,1,0.1,0.3,0.5,0.00045,0.55665,0.55835
30,1000,1,0.1,0.3,0.5,0.00045,0.54382,0.54343
31,1000,1,0.1,0.3,0.5,0.00045,0.53319,0.5342
32,1000,1,0.1,0.3,0.5,0.00045,0.56695,0.56488
33,1000,1,0.1,0.3,0.5,0.00045,0.56885,0.56838
34,1000,1,0.1,0.3,0.5,0.00045,0.54228,0.54121
35,1000,1,0.1,0.3,0.5,0.00045,0.59944,0.59708
36,1000,1,0.1,0.3,0.5,0.00045,0.56547,0.56395
37,1000,1,0.1,0.3,0.5,0.00045,0.54166,0.54126
38,1000,1,0.1,0.3,0.5,0.00045,0.52518,0.52587
39,1000,1,0.1,0.3,0.5,0.00045,0.56244,0.55984
40,1000,1,0.1,0.3,0.5,0.00045,0.54933,0.54868
41,1000,1,0.1,0.3,0.5,0.00045,0.56375,0.56521
42,1000,1,0.1,0.3,0.5,0.00045,0.54908,0.54591
43,1000,1,0.1,0.3,0.5,0.00045,0.55268,0.55226
44,1000,1,0.1,0.3,0.5,0.00045,0.53467,0.5349
45,1000,1,0.1,0.3,0.5,0.00045,0.58166,0.58142
46,1000,1,0.1,0.3,0.5,0.00045,0.55538,0.55419
47,1000,1,0.1,0.3,0.5,0.00045,0.5967,0.5965
48,1000,1,0.1,0.3,0.5,0.00045,0.53304,0.53448
49,1000,1,0.1,0.3,0.5,0.00045,0.53218,0.53206
50,1000,1,0.1,0.3,0.5,0.00045,0.59329,0.59525
51,1000,1,0.1,0.3,0.5,0.00045,0.55403,0.55399
52,1000,1,0.1,0.3,0.5,0.00045,0.53931,0.53875
53,1000,1,0.1,0.3,0.5,0.00045,0.53261,0.53112
54,1000,1,0.1,0.3,0.5,0.00045,0.53901,0.53888
55,1000,1,0.1,0.3,0.5,0.00045,0.57538,0.57582
56,1000,1,0.1,0.3,0.5,0.00045,0.56182,0.55971
57,1000,1,0.1,0.3,0.5,0.00045,0.55466,0.5567
58,1000,1,0.1,0.3,0.5,0.00045,0.56227,0.56209
59,1000,1,0.1,0.3,0.5,0.00045,0.58471,0.58605
60,1000,1,0.1,0.3,0.5,0.00045,0.56735,0.56757
61,1000,1,0.1,0.3,0.5,0.00045,0.53878,0.53885
62,1000,1,0.1,0.3,0.5,0.00045,0.56636,0.56402
63,1000,1,0.1,0.3,0.5,0.00045,0.59614,0.5931
64,1000,1,0.1,0.3,0.5,0.00045,0.55293,0.55534
65,1000,1,0.1,0.3,0.5,0.00045,0.58,0.58114
66,1000,1,0.1,0.3,0.5,0.00045,0.57343,0.57354
67,1000,1,0.1,0.3,0.5,0.00045,0.55542,0.55521
68,1000,1,0.1,0.3,0.5,0.00045,0.5847,0.58456
69,1000,1,0.1,0.3,0.5,0.00045,0.5431,0.54222
70,1000,1,0.1,0.3,0.5,0.00045,0.56478,0.56696
71,1000,1,0.1,0.3,0.5,0.00045,0.58347,0.58324
72,1000,1,0.1,0.3,0.5,0.00045,0.56453,0.56272
73,1000,1,0.1,0.3,0.5,0.00045,0.55916,0.55795
74,1000,1,0.1,0.3,0.5,0.00045,0.53148,0.53024
75,1000,1,0.1,0.3,0.5,0.00045,0.53316,0.53196
76,1000,1,0.1,0.3,0.5,0.00045,0.52119,0.52047
77,1000,1,0.1,0.3,0.5,0.00045,0.55784,0.56019
78,1000,1,0.1,0.3,0.5,0.00045,0.56891,0.56836
79,1000,1,0.1,0.3,0.5,0.00045,0.55253,0.55014
80,1000,1,0.1,0.3,0.5,0.00045,0.53901,0.53943
81,1000,1,0.1,0.3,0.5,0.00045,0.55105,0.55103
82,1000,1,0.1,0.3,0.5,0.00045,0.55958,0.55897
83,1000,1,0.1,0.3,0.5,0.00045,0.55533,0.55523
84,1000,1,0.1,0.3,0.5,0.00045,0.53186,0.53102
85,1000,1,0.1,0.3,0.5,0.00045,0.56305,0.56128
86,1000,1,0.1,0.3,0.5,0.00045,0.58439,0.58347
87,1000,1,0.1,0.3,0.5,0.00045,0.52739,0.52719
88,1000,1,0.1,0.3,0.5,0.00045,0.58974,0.58886
89,1000,1,0.1,0.3,0.5,0.00045,0.54326,0.54339
90,1000,1,0.1,0.3,0.5,0.00045,0.60272,0.60023
91,1000,1,0.1,0.3,0.5,0.00045,0.56112,0.55873
92,1000,1,0.1,0.3,0.5,0.00045,0.52475,0.52396
93,1000,1,0.1,0.3,0.5,0.00045,0.56197,0.56102
94,1000,1,0.1,0.3,0.5,0.00045,0.56446,0.56387
95,1000,1,0.1,0.3,0.5,0.00045,0.54305,0.54102
96,1000,1,0.1,0.3,0.5,0.00045,0.57099,0.57011
97,1000,1,0.1,0.3,0.5,0.00045,0.55237,0.55344
98,1000,1,0.1,0.3,0.5,0.00045,0.56063,0.56037
99,1000,1,0.1,0.3,0.5,0.00045,0.57399,0.57312
0,1000,1,0.1,0.3,0.5,0.00037,0.60616,0.60674
1,1000,1,0.1,0.3,0.5,0.00037,0.61158,0.61208
2,1000,1,0.1,0.3,0.5,0.00037,0.65566,0.65509
3,1000,1,0.1,0.3,0.5,0.00037,0.62701,0.62753
4,1000,1,0.1,0.3,0.5,0.00037,0.59224,0.59354
5,1000,1,0.1,0.3,0.5,0.00037,0.60448,0.60461
6,1000,1,0.1,0.3,0.5,0.00037,0.60798,0.60762
7,1000,1,0.1,0.3,0.5,0.00037,0.61647,0.61532
8,1000,1,0.1,0.3,0.5,0.00037,0.59592,0.59672
9,1000,1,0.1,0.3,0.5,0.00037,0.6058,0.60509
10,1000,1,0.1,0.3,0.5,0.00037,0.60638,0.60768
11,1000,1,0.1,0.3,0.5,0.00037,0.62339,0.62232
12,1000,1,0.1,0.3,0.5,0.00037,0.63511,0.63532
13,1000,1,0.1,0.3,0.5,0.00037,0.6194,0.61863
14,1000,1,0.1,0.3,0.5,0.00037,0.60569,0.60548
15,1000,1,0.1,0.3,0.5,0.00037,0.63273,0.63227
16,1000,1,0.1,0.3,0.5,0.00037,0.63181,0.63214
17,1000,1,0.1,0.3,0.5,0.00037,0.62388,0.62389
18,1000,1,0.1,0.3,0.5,0.00037,0.6187,0.61922
19,1000,1,0.1,0.3,0.5,0.00037,0.61851,0.61847
20,1000,1,0.1,0.3,0.5,0.00037,0.6346,0.63445
21,1000,1,0.1,0.3,0.5,0.00037,0.63526,0.63518
22,1000,1,0.1,0.3,0.5,0.00037,0.63665,0.63464
23,1000,1,0.1,0.3,0.5,0.00037,0.6047,0.60359
24,1000,1,0.1,0.3,0.5,0.00037,0.61354,0.61426
25,1000,1,0.1,0.3,0.5,0.00037,0.60339,0.60425
26,1000,1,0.1,0.3,0.5,0.00037,0.60823,0.60959
27,1000,1,0.1,0.3,0.5,0.00037,0.6376,0.63692
28,1000,1,0.1,0.3,0.5,0.00037,0.6204,0.61796
29,1000,1,0.1,0.3,0.5,0.00037,0.61811,0.61946
30,1000,1,0.1,0.3,0.5,0.00037,0.60133,0.60108
31,1000,1,0.1,0.3,0.5,0.00037,0.59137,0.59219
32,1000,1,0.1,0.3,0.5,0.00037,0.62836,0.62684
33,1000,1,0.1,0.3,0.5,0.00037,0.6324,0.63209
34,1000,1,0.1,0.3,0.5,0.00037,0.60113,0.60037
35,1000,1,0.1,0.3,0.5,0.00037,0.65889,0.65711
36,1000,1,0.1,0.3,0.5,0.00037,0.62498,0.62388
37,1000,1,0.1,0.3,0.5,0.00037,0.60685,0.60661
38,1000,1,0.1,0.3,0.5,0.00037,0.58735,0.58793
39,1000,1,0.1,0.3,0.5,0.00037,0.62135,0.61939
40,1000,1,0.1,0.3,0.5,0.00037,0.61045,0.61002
41,1000,1,0.1,0.3,0.5,0.00037,0.62293,0.6241
42,1000,1,0.1,0.3,0.5,0.00037,0.60613,0.60376
43,1000,1,0.1,0.3,0.5,0.00037,0.61372,0.61346
44,1000,1,0.1,0.3,0.5,0.00037,0.59354,0.59379
45,1000,1,0.1,0.3,0.5,0.00037,0.64558,0.64546
46,1000,1,0.1,0.3,0.5,0.00037,0.61404,0.61318
47,1000,1,0.1,0.3,0.5,0.00037,0.65966,0.65956
48,1000,1,0.1,0.3,0.5,0.00037,0.59503,0.59619
49,1000,1,0.1,0.3,0.5,0.00037,0.5943,0.59427
50,1000,1,0.1,0.3,0.5,0.00037,0.6532,0.65475
51,1000,1,0.1,0.3,0.5,0.00037,0.61515,0.6152
52,1000,1,0.1,0.3,0.5,0.00037,0.59971,0.59935
53,1000,1,0.1,0.3,0.5,0.00037,0.59301,0.59194
54,1000,1,0.1,0.3,0.5,0.00037,0.60706,0.60699
55,1000,1,0.1,0.3,0.5,0.00037,0.63548,0.63587
56,1000,1,0.1,0.3,0.5,0.00037,0.62132,0.61972
57,1000,1,0.1,0.3,0.5,0.00037,0.61658,0.61819
58,1000,1,0.1,0.3,0.5,0.00037,0.62189,0.62181
59,1000,1,0.1,0.3,0.5,0.00037,0.64497,0.64606
60,1000,1,0.1,0.3,0.5,0.00037,0.62674,0.62697
61,1000,1,0.1,0.3,0.5,0.00037,0.59912,0.59923
62,1000,1,0.1,0.3,0.5,0.00037,0.62401,0.62225
63,1000,1,0.1,0.3,0.5,0.00037,0.65626,0.65396
64,1000,1,0.1,0.3,0.5,0.00037,0.61797,0.61983
65,1000,1,0.1,0.3,0.5,0.00037,0.64233,0.64326
66,1000,1,0.1,0.3,0.5,0.00037,0.63312,0.63324
67,1000,1,0.1,0.3,0.5,0.00037,0.61624,0.61615
68,1000,1,0.1,0.3,0.5,0.00037,0.64649,0.64642
69,1000,1,0.1,0.3,0.5,0.00037,0.60239,0.60173
70,1000,1,0.1,0.3,0.5,0.00037,0.62774,0.62947
71,1000,1,0.1,0.3,0.5,0.00037,0.64253,0.64238
72,1000,1,0.1,0.3,0.5,0.00037,0.62442,0.62307
73,1000,1,0.1,0.3,0.5,0.00037,0.62186,0.62099
74,1000,1,0.1,0.3,0.5,0.00037,0.59566,0.59477
75,1000,1,0.1,0.3,0.5,0.00037,0.59139,0.59051
76,1000,1,0.1,0.3,0.5,0.00037,0.58066,0.58015
77,1000,1,0.1,0.3,0.5,0.00037,0.61819,0.62005
78,1000,1,0.1,0.3,0.5,0.00037,0.62773,0.62734
79,1000,1,0.1,0.3,0.5,0.00037,0.61362,0.61189
80,1000,1,0.1,0.3,0.5,0.00037,0.60292,0.60329
81,1000,1,0.1,0.3,0.5,0.00037,0.61461,0.61465
82,1000,1,0.1,0.3,0.5,0.00037,0.62054,0.62011
83,1000,1,0.1,0.3,0.5,0.00037,0.61572,0.6157
84,1000,1,0.1,0.3,0.5,0.00037,0.59341,0.59282
85,1000,1,0.1,0.3,0.5,0.00037,0.62399,0.62272
86,1000,1,0.1,0.3,0.5,0.00037,0.6434,0.64276
87,1000,1,0.1,0.3,0.5,0.00037,0.58573,0.58563
88,1000,1,0.1,0.3,0.5,0.00037,0.65296,0.65233
89,1000,1,0.1,0.3,0.5,0.00037,0.60473,0.6049
90,1000,1,0.1,0.3,0.5,0.00037,0.6598,0.65791
91,1000,1,0.1,0.3,0.5,0.00037,0.62422,0.62246
92,1000,1,0.1,0.3,0.5,0.00037,0.58663,0.58607
93,1000,1,0.1,0.3,0.5,0.00037,0.62471,0.62405
94,1000,1,0.1,0.3,0.5,0.00037,0.62625,0.62588
95,1000,1,0.1,0.3,0.5,0.00037,0.60311,0.60163
96,1000,1,0.1,0.3,0.5,0.00037,0.63027,0.62962
97,1000,1,0.1,0.3,0.5,0.00037,0.61456,0.61543
98,1000,1,0.1,0.3,0.5,0.00037,0.62406,0.62391
99,1000,1,0.1,0.3,0.5,0.00037,0.63373,0.6331
0,1000,1,0.1,0.3,0.5,0.00031,0.67535,0.67582
1,1000,1,0.1,0.3,0.5,0.00031,0.67842,0.6788
2,1000,1,0.1,0.3,0.5,0.00031,0.72391,0.72351
3,1000,1,0.1,0.3,0.5,0.00031,0.69192,0.69236
4,1000,1,0.1,0.3,0.5,0.00031,0.65705,0.65811
5,1000,1,0.1,0.3,0.5,0.00031,0.67093,0.67108
6,1000,1,0.1,0.3,0.5,0.00031,0.67843,0.67815
7,1000,1,0.1,0.3,0.5,0.00031,0.67986,0.679
8,1000,1,0.1,0.3,0.5,0.00031,0.66241,0.66305
9,1000,1,0.1,0.3,0.5,0.00031,0.67264,0.67211
10,1000,1,0.1,0.3,0.5,0.00031,0.67468,0.67569
11,1000,1,0.1,0.3,0.5,0.00031,0.6903,0.68952
12,1000,1,0.1,0.3,0.5,0.00031,0.70364,0.70382
13,1000,1,0.1,0.3,0.5,0.00031,0.6925,0.69194
14,1000,1,0.1,0.3,0.5,0.00031,0.67391,0.67377
15,1000,1,0.1,0.3,0.5,0.00031,0.69949,0.69916
16,1000,1,0.1,0.3,0.5,0.00031,0.70144,0.70173
17,1000,1,0.1,0.3,0.5,0.00031,0.6943,0.69433
18,1000,1,0.1,0.3,0.5,0.00031,0.68657,0.687
19,1000,1,0.1,0.3,0.5,0.00031,0.68695,0.68694
20,1000,1,0.1,0.3,0.5,0.00031,0.70548,0.70538
21,1000,1,0.1,0.3,0.5,0.00031,0.69895,0.69893
22,1000,1,0.1,0.3,0.5,0.00031,0.70557,0.70407
23,1000,1,0.1,0.3,0.5,0.00031,0.66937,0.66855
24,1000,1,0.1,0.3,0.5,0.00031,0.68285,0.6834
25,1000,1,0.1,0.3,0.5,0.00031,0.67168,0.67236
26,1000,1,0.1,0.3,0.5,0.00031,0.67578,0.67685
27,1000,1,0.1,0.3,0.5,0.00031,0.70546,0.705
28,1000,1,0.1,0.3,0.5,0.00031,0.68788,0.68605
29,1000,1,0.1,0.3,0.5,0.00031,0.68583,0.68689
30,1000,1,0.1,0.3,0.5,0.00031,0.66547,0.66532
31,1000,1,0.1,0.3,0.5,0.00031,0.6554,0.65606
32,1000,1,0.1,0.3,0.5,0.00031,0.69667,0.69556
33,1000,1,0.1,0.3,0.5,0.00031,0.70194,0.70173
34,1000,1,0.1,0.3,0.5,0.00031,0.66653,0.66599
35,1000,1,0.1,0.3,0.5,0.00031,0.7245,0.72316
36,1000,1,0.1,0.3,0.5,0.00031,0.69094,0.69014
37,1000,1,0.1,0.3,0.5,0.00031,0.67881,0.67867
38,1000,1,0.1,0.3,0.5,0.00031,0.6568,0.65727
39,1000,1,0.1,0.3,0.5,0.00031,0.68715,0.68565
40,1000,1,0.1,0.3,0.5,0.00031,0.67731,0.67703
41,1000,1,0.1,0.3,0.5,0.00031,0.68863,0.68954
42,1000,1,0.1,0.3,0.5,0.00031,0.67028,0.66851
43,1000,1,0.1,0.3,0.5,0.00031,0.68117,0.68101
44,1000,1,0.1,0.3,0.5,0.00031,0.65869,0.65894
45,1000,1,0.1,0.3,0.5,0.00031,0.71531,0.71527
46,1000,1,0.1,0.3,0.5,0.00031,0.67883,0.6782
47,1000,1,0.1,0.3,0.5,0.00031,0.72842,0.72837
48,1000,1,0.1,0.3,0.5,0.00031,0.66421,0.66514
49,1000,1,0.1,0.3,0.5,0.00031,0.66274,0.66276
50,1000,1,0.1,0.3,0.5,0.00031,0.71899,0.72019
51,1000,1,0.1,0.3,0.5,0.00031,0.68282,0.68291
52,1000,1,0.1,0.3,0.5,0.00031,0.66659,0.66637
53,1000,1,0.1,0.3,0.5,0.00031,0.65991,0.65914
54,1000,1,0.1,0.3,0.5,0.00031,0.6821,0.68207
55,1000,1,0.1,0.3,0.5,0.00031,0.70203,0.70237
56,1000,1,0.1,0.3,0.5,0.00031,0.68701,0.6858
57,1000,1,0.1,0.3,0.5,0.00031,0.68474,0.686
58,1000,1,0.1,0.3,0.5,0.00031,0.68788,0.68786
59,1000,1,0.1,0.3,0.5,0.00031,0.71102,0.71191
60,1000,1,0.1,0.3,0.5,0.00031,0.69192,0.69213
61,1000,1,0.1,0.3,0.5,0.00031,0.66622,0.66634
62,1000,1,0.1,0.3,0.5,0.00031,0.68809,0.68677
63,1000,1,0.1,0.3,0.5,0.00031,0.7235,0.72178
64,1000,1,0.1,0.3,0.5,0.00031,0.68919,0.69061
65,1000,1,0.1,0.3,0.5,0.00031,0.71058,0.71132
66,1000,1,0.1,0.3,0.5,0.00031,0.6989,0.69902
67,1000,1,0.1,0.3,0.5,0.00031,0.68346,0.68343
68,1000,1,0.1,0.3,0.5,0.00031,0.71417,0.71413
69,1000,1,0.1,0.3,0.5,0.00031,0.66828,0.66778
70,1000,1,0.1,0.3,0.5,0.00031,0.69727,0.69863
71,1000,1,0.1,0.3,0.5,0.00031,0.70815,0.70804
72,1000,1,0.1,0.3,0.5,0.00031,0.69002,0.689
73,1000,1,0.1,0.3,0.5,0.00031,0.69034,0.6897
74,1000,1,0.1,0.3,0.5,0.00031,0.66709,0.66644
75,1000,1,0.1,0.3,0.5,0.00031,0.6562,0.65556
76,1000,1,0.1,0.3,0.5,0.00031,0.64673,0.64636
77,1000,1,0.1,0.3,0.5,0.00031,0.6847,0.68616
78,1000,1,0.1,0.3,0.5,0.00031,0.6926,0.69232
79,1000,1,0.1,0.3,0.5,0.00031,0.68172,0.68047
80,1000,1,0.1,0.3,0.5,0.00031,0.67367,0.67399
81,1000,1,0.1,0.3,0.5,0.00031,0.68535,0.68541
82,1000,1,0.1,0.3,0.5,0.00031,0.68675,0.68644
83,1000,1,0.1,0.3,0.5,0.00031,0.68204,0.68206
84,1000,1,0.1,0.3,0.5,0.00031,0.66127,0.66086
85,1000,1,0.1,0.3,0.5,0.00031,0.69114,0.69022
86,1000,1,0.1,0.3,0.5,0.00031,0.70877,0.70833
87,1000,1,0.1,0.3,0.5,0.00031,0.65019,0.65014
88,1000,1,0.1,0.3,0.5,0.00031,0.72275,0.72231
89,1000,1,0.1,0.3,0.5,0.00031,0.67234,0.67251
90,1000,1,0.1,0.3,0.5,0.00031,0.72285,0.72141
91,1000,1,0.1,0.3,0.5,0.00031,0.69427,0.69297
92,1000,1,0.1,0.3,0.5,0.00031,0.65551,0.65511
93,1000,1,0.1,0.3,0.5,0.00031,0.69355,0.69309
94,1000,1,0.1,0.3,0.5,0.00031,0.69359,0.69335
95,1000,1,0.1,0.3,0.5,0.00031,0.67009,0.66901
96,1000,1,0.1,0.3,0.5,0.00031,0.69582,0.69534
97,1000,1,0.1,0.3,0.5,0.00031,0.68318,0.68388
98,1000,1,0.1,0.3,0.5,0.00031,0.69373,0.69365
99,1000,1,0.1,0.3,0.5,0.00031,0.7,0.69954
0,1000,1,0.1,0.3,0.5,0.00026,0.75165,0.75201
1,1000,1,0.1,0.3,0.5,0.00026,0.75298,0.75327
2,1000,1,0.1,0.3,0.5,0.00026,0.79841,0.79812
3,1000,1,0.1,0.3,0.5,0.00026,0.76299,0.76335
4,1000,1,0.1,0.3,0.5,0.00026,0.7289,0.72975
5,1000,1,0.1,0.3,0.5,0.00026,0.74528,0.74543
6,1000,1,0.1,0.3,0.5,0.00026,0.7557,0.75549
7,1000,1,0.1,0.3,0.5,0.00026,0.74982,0.74917
8,1000,1,0.1,0.3,0.5,0.00026,0.73592,0.73642
9,1000,1,0.1,0.3,0.5,0.00026,0.74689,0.74649
10,1000,1,0.1,0.3,0.5,0.00026,0.75005,0.75083
11,1000,1,0.1,0.3,0.5,0.00026,0.76474,0.76416
12,1000,1,0.1,0.3,0.5,0.00026,0.77878,0.77894
13,1000,1,0.1,0.3,0.5,0.00026,0.77262,0.77221
14,1000,1,0.1,0.3,0.5,0.00026,0.7494,0.74931
15,1000,1,0.1,0.3,0.5,0.00026,0.77256,0.77231
16,1000,1,0.1,0.3,0.5,0.00026,0.77864,0.77889
17,1000,1,0.1,0.3,0.5,0.00026,0.77171,0.77175
18,1000,1,0.1,0.3,0.5,0.00026,0.76132,0.76167
19,1000,1,0.1,0.3,0.5,0.00026,0.76279,0.76279
20,1000,1,0.1,0.3,0.5,0.00026,0.78303,0.78297
21,1000,1,0.1,0.3,0.5,0.00026,0.76901,0.76901
22,1000,1,0.1,0.3,0.5,0.00026,0.78137,0.78025
23,1000,1,0.1,0.3,0.5,0.00026,0.74167,0.74107
24,1000,1,0.1,0.3,0.5,0.00026,0.7596,0.76003
25,1000,1,0.1,0.3,0.5,0.00026,0.74696,0.7475
26,1000,1,0.1,0.3,0.5,0.00026,0.75018,0.75102
27,1000,1,0.1,0.3,0.5,0.00026,0.78053,0.78022
28,1000,1,0.1,0.3,0.5,0.00026,0.76281,0.76144
29,1000,1,0.1,0.3,0.5,0.00026,0.76059,0.76141
30,1000,1,0.1,0.3,0.5,0.00026,0.73697,0.73687
31,1000,1,0.1,0.3,0.5,0.00026,0.72596,0.72648
32,1000,1,0.1,0.3,0.5,0.00026,0.77258,0.77176
33,1000,1,0.1,0.3,0.5,0.00026,0.77798,0.77783
34,1000,1,0.1,0.3,0.5,0.00026,0.73932,0.73894
35,1000,1,0.1,0.3,0.5,0.00026,0.79701,0.79601
36,1000,1,0.1,0.3,0.5,0.00026,0.76402,0.76344
37,1000,1,0.1,0.3,0.5,0.00026,0.75793,0.75786
38,1000,1,0.1,0.3,0.5,0.00026,0.73418,0.73456
39,1000,1,0.1,0.3,0.5,0.00026,0.7606,0.75946
40,1000,1,0.1,0.3,0.5,0.00026,0.75057,0.75038
41,1000,1,0.1,0.3,0.5,0.00026,0.76149,0.76219
42,1000,1,0.1,0.3,0.5,0.00026,0.74211,0.74079
43,1000,1,0.1,0.3,0.5,0.00026,0.75545,0.75536
44,1000,1,0.1,0.3,0.5,0.00026,0.73096,0.73118
45,1000,1,0.1,0.3,0.5,0.00026,0.7914,0.7914
46,1000,1,0.1,0.3,0.5,0.00026,0.75053,0.75006
47,1000,1,0.1,0.3,0.5,0.00026,0.80375,0.80373
48,1000,1,0.1,0.3,0.5,0.00026,0.74124,0.74196
49,1000,1,0.1,0.3,0.5,0.00026,0.73822,0.73826
50,1000,1,0.1,0.3,0.5,0.00026,0.79147,0.79241
51,1000,1,0.1,0.3,0.5,0.00026,0.75758,0.75769
52,1000,1,0.1,0.3,0.5,0.00026,0.7406,0.74047
53,1000,1,0.1,0.3,0.5,0.00026,0.73408,0.73352
54,1000,1,0.1,0.3,0.5,0.00026,0.76449,0.76447
55,1000,1,0.1,0.3,0.5,0.00026,0.77563,0.77591
56,1000,1,0.1,0.3,0.5,0.00026,0.75975,0.75883
57,1000,1,0.1,0.3,0.5,0.00026,0.75989,0.76087
58,1000,1,0.1,0.3,0.5,0.00026,0.76107,0.76109
59,1000,1,0.1,0.3,0.5,0.00026,0.78361,0.78432
60,1000,1,0.1,0.3,0.5,0.00026,0.76391,0.76409
61,1000,1,0.1,0.3,0.5,0.00026,0.7407,0.74082
62,1000,1,0.1,0.3,0.5,0.00026,0.75946,0.75846
63,1000,1,0.1,0.3,0.5,0.00026,0.7985,0.79722
64,1000,1,0.1,0.3,0.5,0.00026,0.76722,0.76831
65,1000,1,0.1,0.3,0.5,0.00026,0.78534,0.78593
66,1000,1,0.1,0.3,0.5,0.00026,0.77161,0.77172
67,1000,1,0.1,0.3,0.5,0.00026,0.75768,0.75769
68,1000,1,0.1,0.3,0.5,0.00026,0.78856,0.78855
69,1000,1,0.1,0.3,0.5,0.00026,0.74152,0.74114
70,1000,1,0.1,0.3,0.5,0.00026,0.77404,0.77511
71,1000,1,0.1,0.3,0.5,0.00026,0.78096,0.78087
72,1000,1,0.1,0.3,0.5,0.00026,0.76203,0.76126
73,1000,1,0.1,0.3,0.5,0.00026,0.76508,0.7646
74,1000,1,0.1,0.3,0.5,0.00026,0.74616,0.74568
75,1000,1,0.1,0.3,0.5,0.00026,0.7282,0.72773
76,1000,1,0.1,0.3,0.5,0.00026,0.71995,0.71968
77,1000,1,0.1,0.3,0.5,0.00026,0.75803,0.75917
78,1000,1,0.1,0.3,0.5,0.00026,0.76433,0.76413
79,1000,1,0.1,0.3,0.5,0.00026,0.75765,0.75674
80,1000,1,0.1,0.3,0.5,0.00026,0.75191,0.75217
81,1000,1,0.1,0.3,0.5,0.00026,0.76385,0.76392
82,1000,1,0.1,0.3,0.5,0.00026,0.75876,0.75853
83,1000,1,0.1,0.3,0.5,0.00026,0.75513,0.75516
84,1000,1,0.1,0.3,0.5,0.00026,0.73605,0.73575
85,1000,1,0.1,0.3,0.5,0.00026,0.7652,0.76453
86,1000,1,0.1,0.3,0.5,0.00026,0.78111,0.7808
87,1000,1,0.1,0.3,0.5,0.00026,0.72171,0.72168
88,1000,1,0.1,0.3,0.5,0.00026,0.79982,0.79951
89,1000,1,0.1,0.3,0.5,0.00026,0.74689,0.74704
90,1000,1,0.1,0.3,0.5,0.00026,0.79268,0.79159
91,1000,1,0.1,0.3,0.5,0.00026,0.77205,0.7711
92,1000,1,0.1,0.3,0.5,0.00026,0.73199,0.73171
93,1000,1,0.1,0.3,0.5,0.00026,0.76906,0.76874
94,1000,1,0.1,0.3,0.5,0.00026,0.76718,0.76704
95,1000,1,0.1,0.3,0.5,0.00026,0.74448,0.74369
96,1000,1,0.1,0.3,0.5,0.00026,0.76852,0.76817
97,1000,1,0.1,0.3,0.5,0.00026,0.759,0.75956
98,1000,1,0.1,0.3,0.5,0.00026,0.77008,0.77003
99,1000,1,0.1,0.3,0.5,0.00026,0.77359,0.77325
0,1000,1,0.1,0.3,0.5,0.00021,0.8357,0.83598
1,1000,1,0.1,0.3,0.5,0.00021,0.83622,0.83643
2,1000,1,0.1,0.3,0.5,0.00021,0.87968,0.87947
3,1000,1,0.1,0.3,0.5,0.00021,0.84106,0.84136
4,1000,1,0.1,0.3,0.5,0.00021,0.80864,0.80932
5,1000,1,0.1,0.3,0.5,0.00021,0.82829,0.82843
6,1000,1,0.1,0.3,0.5,0.00021,0.84064,0.84047
7,1000,1,0.1,0.3,0.5,0.00021,0.82738,0.82689
8,1000,1,0.1,0.3,0.5,0.00021,0.81695,0.81734
9,1000,1,0.1,0.3,0.5,0.00021,0.82933,0.82903
10,1000,1,0.1,0.3,0.5,0.00021,0.8332,0.8338
11,1000,1,0.1,0.3,0.5,0.00021,0.84752,0.8471
12,1000,1,0.1,0.3,0.5,0.00021,0.86125,0.86138
13,1000,1,0.1,0.3,0.5,0.00021,0.86044,0.86014
14,1000,1,0.1,0.3,0.5,0.00021,0.83299,0.83293
15,1000,1,0.1,0.3,0.5,0.00021,0.85277,0.85257
16,1000,1,0.1,0.3,0.5,0.00021,0.86408,0.86428
17,1000,1,0.1,0.3,0.5,0.00021,0.85695,0.85699
18,1000,1,0.1,0.3,0.5,0.00021,0.84375,0.84403
19,1000,1,0.1,0.3,0.5,0.00021,0.84706,0.84706
20,1000,1,0.1,0.3,0.5,0.00021,0.8677,0.86766
21,1000,1,0.1,0.3,0.5,0.00021,0.84646,0.84648
22,1000,1,0.1,0.3,0.5,0.00021,0.86501,0.86417
23,1000,1,0.1,0.3,0.5,0.00021,0.82269,0.82225
24,1000,1,0.1,0.3,0.5,0.00021,0.84461,0.84493
25,1000,1,0.1,0.3,0.5,0.00021,0.82998,0.83039
26,1000,1,0.1,0.3,0.5,0.00021,0.83216,0.83282
27,1000,1,0.1,0.3,0.5,0.00021,0.86364,0.86344
28,1000,1,0.1,0.3,0.5,0.00021,0.84594,0.84491
29,1000,1,0.1,0.3,0.5,0.00021,0.84323,0.84387
30,1000,1,0.1,0.3,0.5,0.00021,0.81657,0.8165
31,1000,1,0.1,0.3,0.5,0.00021,0.80387,0.80427
32,1000,1,0.1,0.3,0.5,0.00021,0.85685,0.85624
33,1000,1,0.1,0.3,0.5,0.00021,0.86124,0.86113
34,1000,1,0.1,0.3,0.5,0.00021,0.82042,0.82014
35,1000,1,0.1,0.3,0.5,0.00021,0.87722,0.87647
36,1000,1,0.1,0.3,0.5,0.00021,0.84495,0.84452
37,1000,1,0.1,0.3,0.5,0.00021,0.84467,0.84464
38,1000,1,0.1,0.3,0.5,0.00021,0.82017,0.82048
39,1000,1,0.1,0.3,0.5,0.00021,0.84247,0.8416
40,1000,1,0.1,0.3,0.5,0.00021,0.831,0.83088
41,1000,1,0.1,0.3,0.5,0.00021,0.84222,0.84276
42,1000,1,0.1,0.3,0.5,0.00021,0.8222,0.82122
43,1000,1,0.1,0.3,0.5,0.00021,0.83728,0.83722
44,1000,1,0.1,0.3,0.5,0.00021,0.81131,0.81149
45,1000,1,0.1,0.3,0.5,0.00021,0.87454,0.87456
46,1000,1,0.1,0.3,0.5,0.00021,0.83005,0.8297
47,1000,1,0.1,0.3,0.5,0.00021,0.88651,0.88651
48,1000,1,0.1,0.3,0.5,0.00021,0.82669,0.82725
49,1000,1,0.1,0.3,0.5,0.00021,0.82164,0.82168
50,1000,1,0.1,0.3,0.5,0.00021,0.87153,0.87225
51,1000,1,0.1,0.3,0.5,0.00021,0.84004,0.84015
52,1000,1,0.1,0.3,0.5,0.00021,0.82251,0.82244
53,1000,1,0.1,0.3,0.5,0.00021,0.8164,0.816
54,1000,1,0.1,0.3,0.5,0.00021,0.85461,0.8546
55,1000,1,0.1,0.3,0.5,0.00021,0.85695,0.85717
56,1000,1,0.1,0.3,0.5,0.00021,0.84055,0.83986
57,1000,1,0.1,0.3,0.5,0.00021,0.84289,0.84365
58,1000,1,0.1,0.3,0.5,0.00021,0.84244,0.84247
59,1000,1,0.1,0.3,0.5,0.00021,0.86355,0.86411
60,1000,1,0.1,0.3,0.5,0.00021,0.84383,0.84398
61,1000,1,0.1,0.3,0.5,0.00021,0.8232,0.82331
62,1000,1,0.1,0.3,0.5,0.00021,0.83905,0.83829
63,1000,1,0.1,0.3,0.5,0.00021,0.88181,0.88085
64,1000,1,0.1,0.3,0.5,0.00021,0.85278,0.8536
65,1000,1,0.1,0.3,0.5,0.00021,0.86759,0.86804
66,1000,1,0.1,0.3,0.5,0.00021,0.85212,0.85222
67,1000,1,0.1,0.3,0.5,0.00021,0.83948,0.8395
68,1000,1,0.1,0.3,0.5,0.00021,0.87058,0.87057
69,1000,1,0.1,0.3,0.5,0.00021,0.82283,0.82254
70,1000,1,0.1,0.3,0.5,0.00021,0.85879,0.85963
71,1000,1,0.1,0.3,0.5,0.00021,0.86157,0.86151
72,1000,1,0.1,0.3,0.5,0.00021,0.84139,0.84082
73,1000,1,0.1,0.3,0.5,0.00021,0.84677,0.84642
74,1000,1,0.1,0.3,0.5,0.00021,0.8334,0.83305
75,1000,1,0.1,0.3,0.5,0.00021,0.80811,0.80775
76,1000,1,0.1,0.3,0.5,0.00021,0.80104,0.80084
77,1000,1,0.1,0.3,0.5,0.00021,0.83888,0.83977
78,1000,1,0.1,0.3,0.5,0.00021,0.84384,0.8437
79,1000,1,0.1,0.3,0.5,0.00021,0.84229,0.84163
80,1000,1,0.1,0.3,0.5,0.00021,0.83829,0.83851
81,1000,1,0.1,0.3,0.5,0.00021,0.85068,0.85075
82,1000,1,0.1,0.3,0.5,0.00021,0.83732,0.83715
83,1000,1,0.1,0.3,0.5,0.00021,0.83596,0.83599
84,1000,1,0.1,0.3,0.5,0.00021,0.8185,0.81829
85,1000,1,0.1,0.3,0.5,0.00021,0.84697,0.84649
86,1000,1,0.1,0.3,0.5,0.00021,0.8611,0.8609
87,1000,1,0.1,0.3,0.5,0.00021,0.80135,0.80133
88,1000,1,0.1,0.3,0.5,0.00021,0.88494,0.88473
89,1000,1,0.1,0.3,0.5,0.00021,0.8293,0.82943
90,1000,1,0.1,0.3,0.5,0.00021,0.87021,0.86937
91,1000,1,0.1,0.3,0.5,0.00021,0.85843,0.85773
92,1000,1,0.1,0.3,0.5,0.00021,0.81672,0.81651
93,1000,1,0.1,0.3,0.5,0.00021,0.85205,0.85182
94,1000,1,0.1,0.3,0.5,0.00021,0.84791,0.84782
95,1000,1,0.1,0.3,0.5,0.00021,0.8268,0.82622
96,1000,1,0.1,0.3,0.5,0.00021,0.84929,0.84903
97,1000,1,0.1,0.3,0.5,0.00021,0.84284,0.84328
98,1000,1,0.1,0.3,0.5,0.00021,0.85357,0.85355
99,1000,1,0.1,0.3,0.5,0.00021,0.85532,0.85507
0,1000,1,0.1,0.3,0.5,0.00018,0.92821,0.92842
1,1000,1,0.1,0.3,0.5,0.00018,0.92907,0.92922
2,1000,1,0.1,0.3,0.5,0.00018,0.96842,0.96826
3,1000,1,0.1,0.3,0.5,0.00018,0.92712,0.92736
4,1000,1,0.1,0.3,0.5,0.00018,0.89716,0.89768
5,1000,1,0.1,0.3,0.5,0.00018,0.92075,0.92087
6,1000,1,0.1,0.3,0.5,0.00018,0.93421,0.93408
7,1000,1,0.1,0.3,0.5,0.00018,0.91371,0.91334
8,1000,1,0.1,0.3,0.5,0.00018,0.90609,0.90639
9,1000,1,0.1,0.3,0.5,0.00018,0.9208,0.92057
10,1000,1,0.1,0.3,0.5,0.00018,0.92494,0.9254
11,1000,1,0.1,0.3,0.5,0.00018,0.93951,0.93919
12,1000,1,0.1,0.3,0.5,0.00018,0.95191,0.95201
13,1000,1,0.1,0.3,0.5,0.00018,0.95685,0.95662
14,1000,1,0.1,0.3,0.5,0.00018,0.92558,0.92555
15,1000,1,0.1,0.3,0.5,0.00018,0.94111,0.94096
16,1000,1,0.1,0.3,0.5,0.00018,0.95854,0.95871
17,1000,1,0.1,0.3,0.5,0.00018,0.95103,0.95106
18,1000,1,0.1,0.3,0.5,0.00018,0.93473,0.93495
19,1000,1,0.1,0.3,0.5,0.00018,0.94075,0.94075
20,1000,1,0.1,0.3,0.5,0.00018,0.96017,0.96014
21,1000,1,0.1,0.3,0.5,0.00018,0.93251,0.93255
22,1000,1,0.1,0.3,0.5,0.00018,0.95756,0.95693
23,1000,1,0.1,0.3,0.5,0.00018,0.91356,0.91324
24,1000,1,0.1,0.3,0.5,0.00018,0.93867,0.93891
25,1000,1,0.1,0.3,0.5,0.00018,0.92155,0.92187
26,1000,1,0.1,0.3,0.5,0.00018,0.92263,0.92313
27,1000,1,0.1,0.3,0.5,0.00018,0.95568,0.95555
28,1000,1,0.1,0.3,0.5,0.00018,0.93807,0.93729
29,1000,1,0.1,0.3,0.5,0.00018,0.93469,0.93519
30,1000,1,0.1,0.3,0.5,0.00018,0.90504,0.90499
31,1000,1,0.1,0.3,0.5,0.00018,0.89018,0.89048
32,1000,1,0.1,0.3,0.5,0.00018,0.95024,0.9498
33,1000,1,0.1,0.3,0.5,0.00018,0.95266,0.95258
34,1000,1,0.1,0.3,0.5,0.00018,0.91077,0.91057
35,1000,1,0.1,0.3,0.5,0.00018,0.96594,0.96539
36,1000,1,0.1,0.3,0.5,0.00018,0.93448,0.93416
37,1000,1,0.1,0.3,0.5,0.00018,0.93956,0.93955
38,1000,1,0.1,0.3,0.5,0.00018,0.91543,0.91567
39,1000,1,0.1,0.3,0.5,0.00018,0.93354,0.93287
40,1000,1,0.1,0.3,0.5,0.00018,0.91952,0.91944
41,1000,1,0.1,0.3,0.5,0.00018,0.93162,0.93202
42,1000,1,0.1,0.3,0.5,0.00018,0.91123,0.9105
43,1000,1,0.1,0.3,0.5,0.00018,0.92762,0.92759
44,1000,1,0.1,0.3,0.5,0.00018,0.90077,0.90093
45,1000,1,0.1,0.3,0.5,0.00018,0.96554,0.96556
46,1000,1,0.1,0.3,0.5,0.00018,0.91842,0.91817
47,1000,1,0.1,0.3,0.5,0.00018,0.97767,0.97767
48,1000,1,0.1,0.3,0.5,0.00018,0.92113,0.92156
49,1000,1,0.1,0.3,0.5,0.00018,0.91404,0.91409
50,1000,1,0.1,0.3,0.5,0.00018,0.96013,0.96068
51,1000,1,0.1,0.3,0.5,0.00018,0.9309,0.931
52,1000,1,0.1,0.3,0.5,0.00018,0.91316,0.91313
53,1000,1,0.1,0.3,0.5,0.00018,0.90779,0.9075
54,1000,1,0.1,0.3,0.5,0.00018,0.95291,0.9529
55,1000,1,0.1,0.3,0.5,0.00018,0.94678,0.94696
56,1000,1,0.1,0.3,0.5,0.00018,0.9305,0.92997
57,1000,1,0.1,0.3,0.5,0.00018,0.93476,0.93534
58,1000,1,0.1,0.3,0.5,0.00018,0.93303,0.93306
59,1000,1,0.1,0.3,0.5,0.00018,0.95174,0.95218
60,1000,1,0.1,0.3,0.5,0.00018,0.93281,0.93293
61,1000,1,0.1,0.3,0.5,0.00018,0.91447,0.91456
62,1000,1,0.1,0.3,0.5,0.00018,0.92792,0.92734
63,1000,1,0.1,0.3,0.5,0.00018,0.97396,0.97325
64,1000,1,0.1,0.3,0.5,0.00018,0.9466,0.94722
65,1000,1,0.1,0.3,0.5,0.00018,0.9586,0.95895
66,1000,1,0.1,0.3,0.5,0.00018,0.94131,0.94139
67,1000,1,0.1,0.3,0.5,0.00018,0.92956,0.92959
68,1000,1,0.1,0.3,0.5,0.00018,0.96119,0.96118
69,1000,1,0.1,0.3,0.5,0.00018,0.91297,0.91274
70,1000,1,0.1,0.3,0.5,0.00018,0.95239,0.95304
71,1000,1,0.1,0.3,0.5,0.00018,0.95068,0.95063
72,1000,1,0.1,0.3,0.5,0.00018,0.92926,0.92883
73,1000,1,0.1,0.3,0.5,0.00018,0.93637,0.93611
74,1000,1,0.1,0.3,0.5,0.00018,0.92959,0.92933
75,1000,1,0.1,0.3,0.5,0.00018,0.89684,0.89657
76,1000,1,0.1,0.3,0.5,0.00018,0.89092,0.89077
77,1000,1,0.1,0.3,0.5,0.00018,0.92804,0.92872
78,1000,1,0.1,0.3,0.5,0.00018,0.93215,0.93205
79,1000,1,0.1,0.3,0.5,0.00018,0.93661,0.93614
80,1000,1,0.1,0.3,0.5,0.00018,0.93348,0.93365
81,1000,1,0.1,0.3,0.5,0.00018,0.94643,0.94649
82,1000,1,0.1,0.3,0.5,0.00018,0.92337,0.92324
83,1000,1,0.1,0.3,0.5,0.00018,0.92562,0.92565
84,1000,1,0.1,0.3,0.5,0.00018,0.90955,0.90939
85,1000,1,0.1,0.3,0.5,0.00018,0.93736,0.93701
86,1000,1,0.1,0.3,0.5,0.00018,0.94956,0.94942
87,1000,1,0.1,0.3,0.5,0.00018,0.89032,0.89031
88,1000,1,0.1,0.3,0.5,0.00018,0.97898,0.97883
89,1000,1,0.1,0.3,0.5,0.00018,0.92059,0.92069
90,1000,1,0.1,0.3,0.5,0.00018,0.9564,0.95576
91,1000,1,0.1,0.3,0.5,0.00018,0.9543,0.95379
92,1000,1,0.1,0.3,0.5,0.00018,0.91039,0.91023
93,1000,1,0.1,0.3,0.5,0.00018,0.94346,0.9433
94,1000,1,0.1,0.3,0.5,0.00018,0.93677,0.93672
95,1000,1,0.1,0.3,0.5,0.00018,0.91769,0.91726
96,1000,1,0.1,0.3,0.5,0.00018,0.93902,0.93883
97,1000,1,0.1,0.3,0.5,0.00018,0.93559,0.93593
98,1000,1,0.1,0.3,0.5,0.00018,0.94479,0.94479
99,1000,1,0.1,0.3,0.5,0.00018,0.94612,0.94593
0,1000,1,0.1,0.3,0.5,0.00015,1.02995,1.0301
1,1000,1,0.1,0.3,0.5,0.00015,1.03243,1.03255
2,1000,1,0.1,0.3,0.5,0.00015,1.06552,1.0654
3,1000,1,0.1,0.3,0.5,0.00015,1.02225,1.02244
4,1000,1,0.1,0.3,0.5,0.00015,0.99537,0.99578
5,1000,1,0.1,0.3,0.5,0.00015,1.02345,1.02355
6,1000,1,0.1,0.3,0.5,0.00015,1.03749,1.03738
7,1000,1,0.1,0.3,0.5,0.00015,1.01002,1.00973
8,1000,1,0.1,0.3,0.5,0.00015,1.00408,1.00431
9,1000,1,0.1,0.3,0.5,0.00015,1.02209,1.02192
10,1000,1,0.1,0.3,0.5,0.00015,1.02617,1.02652
11,1000,1,0.1,0.3,0.5,0.00015,1.04159,1.04135
12,1000,1,0.1,0.3,0.5,0.00015,1.05184,1.05192
13,1000,1,0.1,0.3,0.5,0.00015,1.06284,1.06267
14,1000,1,0.1,0.3,0.5,0.00015,1.02817,1.02815
15,1000,1,0.1,0.3,0.5,0.00015,1.03869,1.03857
16,1000,1,0.1,0.3,0.5,0.00015,1.0629,1.06303
17,1000,1,0.1,0.3,0.5,0.00015,1.05502,1.05505
18,1000,1,0.1,0.3,0.5,0.00015,1.03523,1.0354
19,1000,1,0.1,0.3,0.5,0.00015,1.04486,1.04486
20,1000,1,0.1,0.3,0.5,0.00015,1.06142,1.0614
21,1000,1,0.1,0.3,0.5,0.00015,1.02852,1.02855
22,1000,1,0.1,0.3,0.5,0.00015,1.06018,1.05971
23,1000,1,0.1,0.3,0.5,0.00015,1.01548,1.01525
24,1000,1,0.1,0.3,0.5,0.00015,1.04262,1.04279
25,1000,1,0.1,0.3,0.5,0.00015,1.02257,1.02281
26,1000,1,0.1,0.3,0.5,0.00015,1.02267,1.02306
27,1000,1,0.1,0.3,0.5,0.00015,1.05756,1.05748
28,1000,1,0.1,0.3,0.5,0.00015,1.04008,1.03949
29,1000,1,0.1,0.3,0.5,0.00015,1.03599,1.03637
30,1000,1,0.1,0.3,0.5,0.00015,1.00327,1.00324
31,1000,1,0.1,0.3,0.5,0.00015,0.98613,0.98636
32,1000,1,0.1,0.3,0.5,0.00015,1.05352,1.05319
33,1000,1,0.1,0.3,0.5,0.00015,1.05348,1.05342
34,1000,1,0.1,0.3,0.5,0.00015,1.01134,1.0112
35,1000,1,0.1,0.3,0.5,0.00015,1.06406,1.06365
36,1000,1,0.1,0.3,0.5,0.00015,1.03341,1.03317
37,1000,1,0.1,0.3,0.5,0.00015,1.04324,1.04324
38,1000,1,0.1,0.3,0.5,0.00015,1.02064,1.02083
39,1000,1,0.1,0.3,0.5,0.00015,1.03458,1.03406
40,1000,1,0.1,0.3,0.5,0.00015,1.01721,1.01716
41,1000,1,0.1,0.3,0.5,0.00015,1.03063,1.03094
42,1000,1,0.1,0.3,0.5,0.00015,1.01002,1.00947
43,1000,1,0.1,0.3,0.5,0.00015,1.0277,1.02768
44,1000,1,0.1,0.3,0.5,0.00015,1.00044,1.00057
45,1000,1,0.1,0.3,0.5,0.00015,1.06526,1.06529
46,1000,1,0.1,0.3,0.5,0.00015,1.01685,1.01666
47,1000,1,0.1,0.3,0.5,0.00015,1.07829,1.07829
48,1000,1,0.1,0.3,0.5,0.00015,1.02517,1.0255
49,1000,1,0.1,0.3,0.5,0.00015,1.01663,1.01667
50,1000,1,0.1,0.3,0.5,0.00015,1.05833,1.05875
51,1000,1,0.1,0.3,0.5,0.00015,1.03105,1.03114
52,1000,1,0.1,0.3,0.5,0.00015,1.0135,1.0135
53,1000,1,0.1,0.3,0.5,0.00015,1.00919,1.00898
54,1000,1,0.1,0.3,0.5,0.00015,1.05998,1.05997
55,1000,1,0.1,0.3,0.5,0.00015,1.0461,1.04623
56,1000,1,0.1,0.3,0.5,0.00015,1.03072,1.03032
57,1000,1,0.1,0.3,0.5,0.00015,1.03662,1.03707
58,1000,1,0.1,0.3,0.5,0.00015,1.03396,1.034
59,1000,1,0.1,0.3,0.5,0.00015,1.04912,1.04947
60,1000,1,0.1,0.3,0.5,0.00015,1.032,1.03209
61,1000,1,0.1,0.3,0.5,0.00015,1.0154,1.01547
62,1000,1,0.1,0.3,0.5,0.00015,1.02721,1.02677
63,1000,1,0.1,0.3,0.5,0.00015,1.07557,1.07504
64,1000,1,0.1,0.3,0.5,0.00015,1.04947,1.04994
65,1000,1,0.1,0.3,0.5,0.00015,1.05994,1.0602
66,1000,1,0.1,0.3,0.5,0.00015,1.04009,1.04015
67,1000,1,0.1,0.3,0.5,0.00015,1.0288,1.02884
68,1000,1,0.1,0.3,0.5,0.00015,1.06144,1.06143
69,1000,1,0.1,0.3,0.5,0.00015,1.01274,1.01257
70,1000,1,0.1,0.3,0.5,0.00015,1.05584,1.05635
71,1000,1,0.1,0.3,0.5,0.00015,1.04907,1.04903
72,1000,1,0.1,0.3,0.5,0.00015,1.02695,1.02663
73,1000,1,0.1,0.3,0.5,0.00015,1.03502,1.03483
74,1000,1,0.1,0.3,0.5,0.00015,1.0358,1.03561
75,1000,1,0.1,0.3,0.5,0.00015,0.9955,0.9953
76,1000,1,0.1,0.3,0.5,0.00015,0.99074,0.99063
77,1000,1,0.1,0.3,0.5,0.00015,1.02635,1.02688
78,1000,1,0.1,0.3,0.5,0.00015,1.0304,1.03033
79,1000,1,0.1,0.3,0.5,0.00015,1.04167,1.04132
80,1000,1,0.1,0.3,0.5,0.00015,1.03819,1.03833
81,1000,1,0.1,0.3,0.5,0.00015,1.05176,1.05181
82,1000,1,0.1,0.3,0.5,0.00015,1.01807,1.01797
83,1000,1,0.1,0.3,0.5,0.00015,1.02536,1.02539
84,1000,1,0.1,0.3,0.5,0.00015,1.0103,1.01019
85,1000,1,0.1,0.3,0.5,0.00015,1.0374,1.03715
86,1000,1,0.1,0.3,0.5,0.00015,1.04744,1.04734
87,1000,1,0.1,0.3,0.5,0.00015,0.98982,0.98982
88,1000,1,0.1,0.3,0.5,0.00015,1.08291,1.08281
89,1000,1,0.1,0.3,0.5,0.00015,1.02182,1.02191
90,1000,1,0.1,0.3,0.5,0.00015,1.05236,1.05187
91,1000,1,0.1,0.3,0.5,0.00015,1.06054,1.06016
92,1000,1,0.1,0.3,0.5,0.00015,1.01375,1.01363
93,1000,1,0.1,0.3,0.5,0.00015,1.04439,1.04428
94,1000,1,0.1,0.3,0.5,0.00015,1.03488,1.03485
95,1000,1,0.1,0.3,0.5,0.00015,1.01796,1.01764
96,1000,1,0.1,0.3,0.5,0.00015,1.03868,1.03854
97,1000,1,0.1,0.3,0.5,0.00015,1.03821,1.03847
98,1000,1,0.1,0.3,0.5,0.00015,1.04452,1.04452
99,1000,1,0.1,0.3,0.5,0.00015,1.04701,1.04687
0,1000,1,0.1,0.3,0.5,0.00012,1.14186,1.14197
1,1000,1,0.1,0.3,0.5,0.00012,1.14722,1.14731
2,1000,1,0.1,0.3,0.5,0.00012,1.17219,1.1721
3,1000,1,0.1,0.3,0.5,0.00012,1.12763,1.12778
4,1000,1,0.1,0.3,0.5,0.00012,1.1043,1.10461
5,1000,1,0.1,0.3,0.5,0.00012,1.13734,1.13742
6,1000,1,0.1,0.3,0.5,0.00012,1.15159,1.1515
7,1000,1,0.1,0.3,0.5,0.00012,1.11758,1.11735
8,1000,1,0.1,0.3,0.5,0.00012,1.1119,1.11208
9,1000,1,0.1,0.3,0.5,0.00012,1.13403,1.1339
10,1000,1,0.1,0.3,0.5,0.00012,1.1379,1.13817
11,1000,1,0.1,0.3,0.5,0.00012,1.15474,1.15457
12,1000,1,0.1,0.3,0.5,0.00012,1.16228,1.16234
13,1000,1,0.1,0.3,0.5,0.00012,1.17952,1.1794
14,1000,1,0.1,0.3,0.5,0.00012,1.14184,1.14183
15,1000,1,0.1,0.3,0.5,0.00012,1.14666,1.14657
16,1000,1,0.1,0.3,0.5,0.00012,1.1781,1.1782
17,1000,1,0.1,0.3,0.5,0.00012,1.17007,1.1701
18,1000,1,0.1,0.3,0.5,0.00012,1.14629,1.14643
19,1000,1,0.1,0.3,0.5,0.00012,1.16031,1.1603
20,1000,1,0.1,0.3,0.5,0.00012,1.17272,1.1727
21,1000,1,0.1,0.3,0.5,0.00012,1.13587,1.13591
22,1000,1,0.1,0.3,0.5,0.00012,1.17412,1.17377
23,1000,1,0.1,0.3,0.5,0.00012,1.12985,1.12968
24,1000,1,0.1,0.3,0.5,0.00012,1.15735,1.15748
25,1000,1,0.1,0.3,0.5,0.00012,1.13401,1.13419
26,1000,1,0.1,0.3,0.5,0.00012,1.13354,1.13384
27,1000,1,0.1,0.3,0.5,0.00012,1.17029,1.17024
28,1000,1,0.1,0.3,0.5,0.00012,1.15293,1.15249
29,1000,1,0.1,0.3,0.5,0.00012,1.14825,1.14855
30,1000,1,0.1,0.3,0.5,0.00012,1.11233,1.1123
31,1000,1,0.1,0.3,0.5,0.00012,1.09315,1.09332
32,1000,1,0.1,0.3,0.5,0.00012,1.16744,1.16719
33,1000,1,0.1,0.3,0.5,0.00012,1.16513,1.16509
34,1000,1,0.1,0.3,0.5,0.00012,1.12314,1.12303
35,1000,1,0.1,0.3,0.5,0.00012,1.17253,1.17223
36,1000,1,0.1,0.3,0.5,0.00012,1.14273,1.14255
37,1000,1,0.1,0.3,0.5,0.00012,1.15652,1.15653
38,1000,1,0.1,0.3,0.5,0.00012,1.1366,1.13676
39,1000,1,0.1,0.3,0.5,0.00012,1.14646,1.14606
40,1000,1,0.1,0.3,0.5,0.00012,1.12531,1.12528
41,1000,1,0.1,0.3,0.5,0.00012,1.1404,1.14062
42,1000,1,0.1,0.3,0.5,0.00012,1.11961,1.11921
43,1000,1,0.1,0.3,0.5,0.00012,1.13887,1.13887
44,1000,1,0.1,0.3,0.5,0.00012,1.11141,1.11151
45,1000,1,0.1,0.3,0.5,0.00012,1.17465,1.17468
46,1000,1,0.1,0.3,0.5,0.00012,1.1267,1.12655
47,1000,1,0.1,0.3,0.5,0.00012,1.18961,1.18961
48,1000,1,0.1,0.3,0.5,0.00012,1.13957,1.13983
49,1000,1,0.1,0.3,0.5,0.00012,1.13069,1.13072
50,1000,1,0.1,0.3,0.5,0.00012,1.16735,1.16766
51,1000,1,0.1,0.3,0.5,0.00012,1.14165,1.14173
52,1000,1,0.1,0.3,0.5,0.00012,1.12457,1.12458
53,1000,1,0.1,0.3,0.5,0.00012,1.12155,1.1214
54,1000,1,0.1,0.3,0.5,0.00012,1.17657,1.17657
55,1000,1,0.1,0.3,0.5,0.00012,1.15605,1.15616
56,1000,1,0.1,0.3,0.5,0.00012,1.14242,1.14211
57,1000,1,0.1,0.3,0.5,0.00012,1.14973,1.15007
58,1000,1,0.1,0.3,0.5,0.00012,1.14642,1.14646
59,1000,1,0.1,0.3,0.5,0.00012,1.15677,1.15704
60,1000,1,0.1,0.3,0.5,0.00012,1.14252,1.14259
61,1000,1,0.1,0.3,0.5,0.00012,1.12712,1.12717
62,1000,1,0.1,0.3,0.5,0.00012,1.13821,1.13787
63,1000,1,0.1,0.3,0.5,0.00012,1.18739,1.187
64,1000,1,0.1,0.3,0.5,0.00012,1.16223,1.16259
65,1000,1,0.1,0.3,0.5,0.00012,1.17323,1.17343
66,1000,1,0.1,0.3,0.5,0.00012,1.14947,1.14952
67,1000,1,0.1,0.3,0.5,0.00012,1.1383,1.13834
68,1000,1,0.1,0.3,0.5,0.00012,1.17248,1.17248
69,1000,1,0.1,0.3,0.5,0.00012,1.12309,1.12295
70,1000,1,0.1,0.3,0.5,0.00012,1.17033,1.17072
71,1000,1,0.1,0.3,0.5,0.00012,1.15767,1.15763
72,1000,1,0.1,0.3,0.5,0.00012,1.13591,1.13567
73,1000,1,0.1,0.3,0.5,0.00012,1.14399,1.14385
74,1000,1,0.1,0.3,0.5,0.00012,1.15334,1.15319
75,1000,1,0.1,0.3,0.5,0.00012,1.10539,1.10524
76,1000,1,0.1,0.3,0.5,0.00012,1.10184,1.10176
77,1000,1,0.1,0.3,0.5,0.00012,1.13481,1.13522
78,1000,1,0.1,0.3,0.5,0.00012,1.1398,1.13975
79,1000,1,0.1,0.3,0.5,0.00012,1.15865,1.1584
80,1000,1,0.1,0.3,0.5,0.00012,1.15325,1.15335
81,1000,1,0.1,0.3,0.5,0.00012,1.16743,1.16748
82,1000,1,0.1,0.3,0.5,0.00012,1.12274,1.12266
83,1000,1,0.1,0.3,0.5,0.00012,1.13659,1.13661
84,1000,1,0.1,0.3,0.5,0.00012,1.122,1.12192
85,1000,1,0.1,0.3,0.5,0.00012,1.14826,1.14807
86,1000,1,0.1,0.3,0.5,0.00012,1.15588,1.15581
87,1000,1,0.1,0.3,0.5,0.00012,1.10104,1.10104
88,1000,1,0.1,0.3,0.5,0.00012,1.19784,1.19777
89,1000,1,0.1,0.3,0.5,0.00012,1.13411,1.13417
90,1000,1,0.1,0.3,0.5,0.00012,1.15928,1.15891
91,1000,1,0.1,0.3,0.5,0.00012,1.17799,1.17771
92,1000,1,0.1,0.3,0.5,0.00012,1.12766,1.12757
93,1000,1,0.1,0.3,0.5,0.00012,1.156,1.15592
94,1000,1,0.1,0.3,0.5,0.00012,1.14341,1.14339
95,1000,1,0.1,0.3,0.5,0.00012,1.12865,1.12842
96,1000,1,0.1,0.3,0.5,0.00012,1.14922,1.14912
97,1000,1,0.1,0.3,0.5,0.00012,1.15173,1.15193
98,1000,1,0.1,0.3,0.5,0.00012,1.15381,1.15381
99,1000,1,0.1,0.3,0.5,0.00012,1.15914,1.15903
0,1000,1,0.1,0.3,0.5,0.0001,1.26513,1.2652
1,1000,1,0.1,0.3,0.5,0.0001,1.27438,1.27444
2,1000,1,0.1,0.3,0.5,0.0001,1.28987,1.2898
3,1000,1,0.1,0.3,0.5,0.0001,1.24456,1.24468
4,1000,1,0.1,0.3,0.5,0.0001,1.22509,1.22533
5,1000,1,0.1,0.3,0.5,0.0001,1.26352,1.26359
6,1000,1,0.1,0.3,0.5,0.0001,1.2776,1.27753
7,1000,1,0.1,0.3,0.5,0.0001,1.23773,1.23755
8,1000,1,0.1,0.3,0.5,0.0001,1.23084,1.23097
9,1000,1,0.1,0.3,0.5,0.0001,1.25752,1.25742
10,1000,1,0.1,0.3,0.5,0.0001,1.26134,1.26154
11,1000,1,0.1,0.3,0.5,0.0001,1.28011,1.27998
12,1000,1,0.1,0.3,0.5,0.0001,1.28466,1.28471
13,1000,1,0.1,0.3,0.5,0.0001,1.30796,1.30786
14,1000,1,0.1,0.3,0.5,0.0001,1.26778,1.26777
15,1000,1,0.1,0.3,0.5,0.0001,1.26619,1.26612
16,1000,1,0.1,0.3,0.5,0.0001,1.30513,1.3052
17,1000,1,0.1,0.3,0.5,0.0001,1.29736,1.29739
18,1000,1,0.1,0.3,0.5,0.0001,1.26901,1.26911
19,1000,1,0.1,0.3,0.5,0.0001,1.28806,1.28805
20,1000,1,0.1,0.3,0.5,0.0001,1.29564,1.29563
21,1000,1,0.1,0.3,0.5,0.0001,1.256,1.25604
22,1000,1,0.1,0.3,0.5,0.0001,1.3007,1.30044
23,1000,1,0.1,0.3,0.5,0.0001,1.2583,1.25818
24,1000,1,0.1,0.3,0.5,0.0001,1.28393,1.28403
25,1000,1,0.1,0.3,0.5,0.0001,1.25697,1.25711
26,1000,1,0.1,0.3,0.5,0.0001,1.25663,1.25686
27,1000,1,0.1,0.3,0.5,0.0001,1.29495,1.29492
28,1000,1,0.1,0.3,0.5,0.0001,1.27767,1.27734
29,1000,1,0.1,0.3,0.5,0.0001,1.27284,1.27306
30,1000,1,0.1,0.3,0.5,0.0001,1.23342,1.2334
31,1000,1,0.1,0.3,0.5,0.0001,1.21275,1.21288
32,1000,1,0.1,0.3,0.5,0.0001,1.29285,1.29267
33,1000,1,0.1,0.3,0.5,0.0001,1.2892,1.28917
34,1000,1,0.1,0.3,0.5,0.0001,1.24721,1.24714
35,1000,1,0.1,0.3,0.5,0.0001,1.29249,1.29228
36,1000,1,0.1,0.3,0.5,0.0001,1.26363,1.26349
37,1000,1,0.1,0.3,0.5,0.0001,1.2804,1.28041
38,1000,1,0.1,0.3,0.5,0.0001,1.26432,1.26445
39,1000,1,0.1,0.3,0.5,0.0001,1.27019,1.26988
40,1000,1,0.1,0.3,0.5,0.0001,1.24518,1.24516
41,1000,1,0.1,0.3,0.5,0.0001,1.26221,1.26238
42,1000,1,0.1,0.3,0.5,0.0001,1.2413,1.24101
43,1000,1,0.1,0.3,0.5,0.0001,1.2626,1.2626
44,1000,1,0.1,0.3,0.5,0.0001,1.23478,1.23486
45,1000,1,0.1,0.3,0.5,0.0001,1.2948,1.29482
46,1000,1,0.1,0.3,0.5,0.0001,1.24954,1.24944
47,1000,1,0.1,0.3,0.5,0.0001,1.31303,1.31303
48,1000,1,0.1,0.3,0.5,0.0001,1.26532,1.26552
49,1000,1,0.1,0.3,0.5,0.0001,1.25762,1.25765
50,1000,1,0.1,0.3,0.5,0.0001,1.28854,1.28877
51,1000,1,0.1,0.3,0.5,0.0001,1.26409,1.26416
52,1000,1,0.1,0.3,0.5,0.0001,1.24747,1.24748
53,1000,1,0.1,0.3,0.5,0.0001,1.2459,1.24579
54,1000,1,0.1,0.3,0.5,0.0001,1.30368,1.30367
55,1000,1,0.1,0.3,0.5,0.0001,1.278,1.27808
56,1000,1,0.1,0.3,0.5,0.0001,1.26687,1.26663
57,1000,1,0.1,0.3,0.5,0.0001,1.27542,1.27568
58,1000,1,0.1,0.3,0.5,0.0001,1.27161,1.27164
59,1000,1,0.1,0.3,0.5,0.0001,1.27589,1.2761
60,1000,1,0.1,0.3,0.5,0.0001,1.26551,1.26557
61,1000,1,0.1,0.3,0.5,0.0001,1.25094,1.25098
62,1000,1,0.1,0.3,0.5,0.0001,1.26235,1.26209
63,1000,1,0.1,0.3,0.5,0.0001,1.31044,1.31015
64,1000,1,0.1,0.3,0.5,0.0001,1.28581,1.28608
65,1000,1,0.1,0.3,0.5,0.0001,1.29998,1.30013
66,1000,1,0.1,0.3,0.5,0.0001,1.27069,1.27073
67,1000,1,0.1,0.3,0.5,0.0001,1.25936,1.25939
68,1000,1,0.1,0.3,0.5,0.0001,1.29559,1.29558
69,1000,1,0.1,0.3,0.5,0.0001,1.24507,1.24497
70,1000,1,0.1,0.3,0.5,0.0001,1.29717,1.29747
71,1000,1,0.1,0.3,0.5,0.0001,1.2776,1.27757
72,1000,1,0.1,0.3,0.5,0.0001,1.25764,1.25745
73,1000,1,0.1,0.3,0.5,0.0001,1.26466,1.26455
74,1000,1,0.1,0.3,0.5,0.0001,1.28367,1.28356
75,1000,1,0.1,0.3,0.5,0.0001,1.22786,1.22774
76,1000,1,0.1,0.3,0.5,0.0001,1.22563,1.22557
77,1000,1,0.1,0.3,0.5,0.0001,1.25465,1.25496
78,1000,1,0.1,0.3,0.5,0.0001,1.26162,1.26159
79,1000,1,0.1,0.3,0.5,0.0001,1.28892,1.28875
80,1000,1,0.1,0.3,0.5,0.0001,1.27961,1.27969
81,1000,1,0.1,0.3,0.5,0.0001,1.29443,1.29447
82,1000,1,0.1,0.3,0.5,0.0001,1.23886,1.2388
83,1000,1,0.1,0.3,0.5,0.0001,1.26083,1.26084
84,1000,1,0.1,0.3,0.5,0.0001,1.24606,1.246
85,1000,1,0.1,0.3,0.5,0.0001,1.27125,1.27112
86,1000,1,0.1,0.3,0.5,0.0001,1.2762,1.27616
87,1000,1,0.1,0.3,0.5,0.0001,1.2251,1.22509
88,1000,1,0.1,0.3,0.5,0.0001,1.32503,1.32499
89,1000,1,0.1,0.3,0.5,0.0001,1.25856,1.25861
90,1000,1,0.1,0.3,0.5,0.0001,1.27852,1.27823
91,1000,1,0.1,0.3,0.5,0.0001,1.30757,1.30736
92,1000,1,0.1,0.3,0.5,0.0001,1.25313,1.25306
93,1000,1,0.1,0.3,0.5,0.0001,1.27955,1.2795
94,1000,1,0.1,0.3,0.5,0.0001,1.26356,1.26355
95,1000,1,0.1,0.3,0.5,0.0001,1.25099,1.25082
96,1000,1,0.1,0.3,0.5,0.0001,1.27171,1.27163
97,1000,1,0.1,0.3,0.5,0.0001,1.27727,1.27743
98,1000,1,0.1,0.3,0.5,0.0001,1.27398,1.27398
99,1000,1,0.1,0.3,0.5,0.0001,1.28376,1.28368
0,10000,1,0.1,0.3,0.5,1.0,0.74618,0.00168
1,10000,1,0.1,0.3,0.5,1.0,0.74617,0.00169
2,10000,1,0.1,0.3,0.5,1.0,0.74619,0.00167
3,10000,1,0.1,0.3,0.5,1.0,0.74616,0.0017
4,10000,1,0.1,0.3,0.5,1.0,0.74618,0.00168
5,10000,1,0.1,0.3,0.5,1.0,0.74617,0.00169
0,10000,1,0.1,0.3,0.5,0.82864,0.74549,0.00243
1,10000,1,0.1,0.3,0.5,0.82864,0.74548,0.00244
2,10000,1,0.1,0.3,0.5,0.82864,0.7455,0.00242
3,10000,1,0.1,0.3,0.5,0.82864,0.74546,0.00246
4,10000,1,0.1,0.3,0.5,0.82864,0.74549,0.00244
5,10000,1,0.1,0.3,0.5,0.82864,0.74548,0.00245
0,10000,1,0.1,0.3,0.5,0.68665,0.7445,0.00351
1,10000,1,0.1,0.3,0.5,0.68665,0.74449,0.00353
2,10000,1,0.1,0.3,0.5,0.68665,0.74452,0.00349
3,10000,1,0.1,0.3,0.5,0.68665,0.74446,0.00355
4,10000,1,0.1,0.3,0.5,0.68665,0.7445,0.00352
5,10000,1,0.1,0.3,0.5,0.68665,0.74448,0.00353
0,10000,1,0.1,0.3,0.5,0.56899,0.74309,0.00505
1,10000,1,0.1,0.3,0.5,0.56899,0.74307,0.00507
2,10000,1,0.1,0.3,0.5,0.56899,0.74311,0.00502
3,10000,1,0.1,0.3,0.5,0.56899,0.74303,0.00511
4,10000,1,0.1,0.3,0.5,0.56899,0.74308,0.00506
5,10000,1,0.1,0.3,0.5,0.56899,0.74306,0.00508
0,10000,1,0.1,0.3,0.5,0.47149,0.74107,0.0072
1,10000,1,0.1,0.3,0.5,0.47149,0.74104,0.00724
2,10000,1,0.1,0.3,0.5,0.47149,0.74111,0.00717
3,10000,1,0.1,0.3,0.5,0.47149,0.74099,0.0073
4,10000,1,0.1,0.3,0.5,0.47149,0.74106,0.00722
5,10000,1,0.1,0.3,0.5,0.47149,0.74103,0.00725
0,10000,1,0.1,0.3,0.5,0.39069,0.73821,0.01009
1,10000,1,0.1,0.3,0.5,0.39069,0.73817,0.01015
2,10000,1,0.1,0.3,0.5,0.39069,0.73826,0.01004
3,10000,1,0.1,0.3,0.5,0.39069,0.73809,0.01023
4,10000,1,0.1,0.3,0.5,0.39069,0.7382,0.01011
5,10000,1,0.1,0.3,0.5,0.39069,0.73815,0.01017
0,10000,1,0.1,0.3,0.5,0.32375,0.73419,0.01368
1,10000,1,0.1,0.3,0.5,0.32375,0.73412,0.01375
2,10000,1,0.1,0.3,0.5,0.32375,0.73426,0.0136
3,10000,1,0.1,0.3,0.5,0.32375,0.73401,0.01387
4,10000,1,0.1,0.3,0.5,0.32375,0.73416,0.0137
5,10000,1,0.1,0.3,0.5,0.32375,0.73409,0.01378
0,10000,1,0.1,0.3,0.5,0.26827,0.72857,0.01758
1,10000,1,0.1,0.3,0.5,0.26827,0.72847,0.01769
2,10000,1,0.1,0.3,0.5,0.26827,0.72866,0.01747
3,10000,1,0.1,0.3,0.5,0.26827,0.72832,0.01785
4,10000,1,0.1,0.3,0.5,0.26827,0.72853,0.01762
5,10000,1,0.1,0.3,0.5,0.26827,0.72843,0.01773
0,10000,1,0.1,0.3,0.5,0.2223,0.72082,0.02109
1,10000,1,0.1,0.3,0.5,0.2223,0.72068,0.02124
2,10000,1,0.1,0.3,0.5,0.2223,0.72096,0.02093
3,10000,1,0.1,0.3,0.5,0.2223,0.72048,0.02147
4,10000,1,0.1,0.3,0.5,0.2223,0.72077,0.02113
5,10000,1,0.1,0.3,0.5,0.2223,0.72063,0.02129
0,10000,1,0.1,0.3,0.5,0.18421,0.71031,0.02323
1,10000,1,0.1,0.3,0.5,0.18421,0.71012,0.02343
2,10000,1,0.1,0.3,0.5,0.18421,0.7105,0.023
3,10000,1,0.1,0.3,0.5,0.18421,0.70983,0.02376
4,10000,1,0.1,0.3,0.5,0.18421,0.71024,0.02328
5,10000,1,0.1,0.3,0.5,0.18421,0.71004,0.02349
0,10000,1,0.1,0.3,0.5,0.15264,0.69631,0.02326
1,10000,1,0.1,0.3,0.5,0.15264,0.69605,0.02353
2,10000,1,0.1,0.3,0.5,0.15264,0.69657,0.02294
3,10000,1,0.1,0.3,0.5,0.15264,0.69566,0.02399
4,10000,1,0.1,0.3,0.5,0.15264,0.69622,0.02332
5,10000,1,0.1,0.3,0.5,0.15264,0.69595,0.02361
0,10000,1,0.1,0.3,0.5,0.12649,0.67816,0.02096
1,10000,1,0.1,0.3,0.5,0.12649,0.6778,0.02132
2,10000,1,0.1,0.3,0.5,0.12649,0.67851,0.02051
3,10000,1,0.1,0.3,0.5,0.12649,0.67728,0.02196
4,10000,1,0.1,0.3,0.5,0.12649,0.67803,0.02101
5,10000,1,0.1,0.3,0.5,0.12649,0.67767,0.02141
0,10000,1,0.1,0.3,0.5,0.10481,0.65531,0.01685
1,10000,1,0.1,0.3,0.5,0.10481,0.65485,0.01728
2,10000,1,0.1,0.3,0.5,0.10481,0.65578,0.01619
3,10000,1,0.1,0.3,0.5,0.10481,0.65415,0.01817
4,10000,1,0.1,0.3,0.5,0.10481,0.65514,0.01682
5,10000,1,0.1,0.3,0.5,0.10481,0.65467,0.01736
0,10000,1,0.1,0.3,0.5,0.08685,0.62763,0.01207
1,10000,1,0.1,0.3,0.5,0.08685,0.62703,0.01251
2,10000,1,0.1,0.3,0.5,0.08685,0.62823,0.01108
3,10000,1,0.1,0.3,0.5,0.08685,0.62613,0.01377
4,10000,1,0.1,0.3,0.5,0.08685,0.62741,0.01178
5,10000,1,0.1,0.3,0.5,0.08685,0.6268,0.0125
0,10000,1,0.1,0.3,0.5,0.07197,0.5955,0.00823
1,10000,1,0.1,0.3,0.5,0.07197,0.59477,0.00846
2,10000,1,0.1,0.3,0.5,0.07197,0.59626,0.00672
3,10000,1,0.1,0.3,0.5,0.07197,0.59363,0.01019
4,10000,1,0.1,0.3,0.5,0.07197,0.59524,0.0072
5,10000,1,0.1,0.3,0.5,0.07197,0.59447,0.0081
0,10000,1,0.1,0.3,0.5,0.05964,0.55995,0.00699
1,10000,1,0.1,0.3,0.5,0.05964,0.55909,0.00655
2,10000,1,0.1,0.3,0.5,0.05964,0.56088,0.00514
3,10000,1,0.1,0.3,0.5,0.05964,0.55769,0.00864
4,10000,1,0.1,0.3,0.5,0.05964,0.55964,0.00454
5,10000,1,0.1,0.3,0.5,0.05964,0.55872,0.00543
0,10000,1,0.1,0.3,0.5,0.04942,0.52246,0.00816
1,10000,1,0.1,0.3,0.5,0.04942,0.52153,0.00699
2,10000,1,0.1,0.3,0.5,0.04942,0.52358,0.00645
3,10000,1,0.1,0.3,0.5,0.04942,0.51984,0.00906
4,10000,1,0.1,0.3,0.5,0.04942,0.52215,0.00477
5,10000,1,0.1,0.3,0.5,0.04942,0.52107,0.00512
0,10000,1,0.1,0.3,0.5,0.04095,0.48469,0.00992
1,10000,1,0.1,0.3,0.5,0.04095,0.48376,0.00824
2,10000,1,0.1,0.3,0.5,0.04095,0.486,0.00838
3,10000,1,0.1,0.3,0.5,0.04095,0.48178,0.01052
4,10000,1,0.1,0.3,0.5,0.04095,0.4844,0.0062
5,10000,1,0.1,0.3,0.5,0.04095,0.4832,0.00604
0,10000,1,0.1,0.3,0.5,0.03393,0.448,0.01184
1,10000,1,0.1,0.3,0.5,0.03393,0.44718,0.00967
2,10000,1,0.1,0.3,0.5,0.03393,0.4495,0.0103
3,10000,1,0.1,0.3,0.5,0.03393,0.44488,0.01235
4,10000,1,0.1,0.3,0.5,0.03393,0.4478,0.00792
5,10000,1,0.1,0.3,0.5,0.03393,0.44651,0.00729
0,10000,1,0.1,0.3,0.5,0.02812,0.41325,0.01391
1,10000,1,0.1,0.3,0.5,0.02812,0.41267,0.01114
2,10000,1,0.1,0.3,0.5,0.02812,0.41492,0.01227
3,10000,1,0.1,0.3,0.5,0.02812,0.41002,0.01433
4,10000,1,0.1,0.3,0.5,0.02812,0.41321,0.00979
5,10000,1,0.1,0.3,0.5,0.02812,0.41186,0.00865
0,10000,1,0.1,0.3,0.5,0.0233,0.38069,0.01625
1,10000,1,0.1,0.3,0.5,0.0233,0.38053,0.01271
2,10000,1,0.1,0.3,0.5,0.0233,0.38254,0.01445
3,10000,1,0.1,0.3,0.5,0.0233,0.37744,0.01646
4,10000,1,0.1,0.3,0.5,0.0233,0.38092,0.01189
5,10000,1,0.1,0.3,0.5,0.0233,0.3795,0.01014
0,10000,1,0.1,0.3,0.5,0.01931,0.3502,0.01893
1,10000,1,0.1,0.3,0.5,0.01931,0.35061,0.01446
2,10000,1,0.1,0.3,0.5,0.01931,0.3522,0.01692
3,10000,1,0.1,0.3,0.5,0.01931,0.34693,0.01876
4,10000,1,0.1,0.3,0.5,0.01931,0.35077,0.01421
5,10000,1,0.1,0.3,0.5,0.01931,0.34926,0.0118
0,10000,1,0.1,0.3,0.5,0.016,0.32139,0.02198
1,10000,1,0.1,0.3,0.5,0.016,0.32254,0.01647
2,10000,1,0.1,0.3,0.5,0.016,0.32351,0.01976
3,10000,1,0.1,0.3,0.5,0.016,0.31806,0.0213
4,10000,1,0.1,0.3,0.5,0.016,0.3224,0.01677
5,10000,1,0.1,0.3,0.5,0.016,0.32071,0.0137
0,10000,1,0.1,0.3,0.5,0.01326,0.29387,0.02538
1,10000,1,0.1,0.3,0.5,0.01326,0.2959,0.0188
2,10000,1,0.1,0.3,0.5,0.01326,0.29609,0.02301
3,10000,1,0.1,0.3,0.5,0.01326,0.29038,0.02414
4,10000,1,0.1,0.3,0.5,0.01326,0.29541,0.01954
5,10000,1,0.1,0.3,0.5,0.01326,0.2934,0.01591
0,10000,1,0.1,0.3,0.5,0.01099,0.26737,0.0291
1,10000,1,0.1,0.3,0.5,0.01099,0.2704,0.02153
2,10000,1,0.1,0.3,0.5,0.01099,0.26966,0.02671
3,10000,1,0.1,0.3,0.5,0.01099,0.26359,0.02737
4,10000,1,0.1,0.3,0.5,0.01099,0.2695,0.02254
5,10000,1,0.1,0.3,0.5,0.01099,0.26701,0.01848
0,10000,1,0.1,0.3,0.5,0.0091,0.24184,0.03312
1,10000,1,0.1,0.3,0.5,0.0091,0.24593,0.02471
2,10000,1,0.1,0.3,0.5,0.0091,0.24417,0.0309
3,10000,1,0.1,0.3,0.5,0.0091,0.23763,0.03107
4,10000,1,0.1,0.3,0.5,0.0091,0.24457,0.0258
5,10000,1,0.1,0.3,0.5,0.0091,0.24143,0.02146
0,10000,1,0.1,0.3,0.5,0.00754,0.2174,0.0374
1,10000,1,0.1,0.3,0.5,0.00754,0.22258,0.02837
2,10000,1,0.1,0.3,0.5,0.00754,0.21977,0.03561
3,10000,1,0.1,0.3,0.5,0.00754,0.21264,0.03528
4,10000,1,0.1,0.3,0.5,0.00754,0.22072,0.02937
5,10000,1,0.1,0.3,0.5,0.00754,0.21676,0.02488
0,10000,1,0.1,0.3,0.5,0.00625,0.19434,0.04195
1,10000,1,0.1,0.3,0.5,0.00625,0.20056,0.03255
2,10000,1,0.1,0.3,0.5,0.00625,0.19678,0.04084
3,10000,1,0.1,0.3,0.5,0.00625,0.189,0.04004
4,10000,1,0.1,0.3,0.5,0.00625,0.1982,0.03333
5,10000,1,0.1,0.3,0.5,0.00625,0.19326,0.0288
0,10000,1,0.1,0.3,0.5,0.00518,0.17307,0.04678
1,10000,1,0.1,0.3,0.5,0.00518,0.1802,0.03727
2,10000,1,0.1,0.3,0.5,0.00518,0.17566,0.04662
3,10000,1,0.1,0.3,0.5,0.00518,0.16717,0.04536
4,10000,1,0.1,0.3,0.5,0.00518,0.17733,0.03774
5,10000,1,0.1,0.3,0.5,0.00518,0.17132,0.03325
0,10000,1,0.1,0.3,0.5,0.00429,0.15403,0.05193
1,10000,1,0.1,0.3,0.5,0.00429,0.16186,0.04253
2,10000,1,0.1,0.3,0.5,0.00429,0.15691,0.05294
3,10000,1,0.1,0.3,0.5,0.00429,0.14771,0.05126
4,10000,1,0.1,0.3,0.5,0.00429,0.15851,0.0427
5,10000,1,0.1,0.3,0.5,0.00429,0.15137,0.03827
0,10000,1,0.1,0.3,0.5,0.00356,0.13767,0.0575
1,10000,1,0.1,0.3,0.5,0.00356,0.1459,0.04834
2,10000,1,0.1,0.3,0.5,0.00356,0.14105,0.05982
3,10000,1,0.1,0.3,0.5,0.00356,0.13121,0.05774
4,10000,1,0.1,0.3,0.5,0.00356,0.14216,0.04828
5,10000,1,0.1,0.3,0.5,0.00356,0.13387,0.04391
0,10000,1,0.1,0.3,0.5,0.00295,0.12445,0.06358
1,10000,1,0.1,0.3,0.5,0.00295,0.13266,0.0547
2,10000,1,0.1,0.3,0.5,0.00295,0.12857,0.06729
3,10000,1,0.1,0.3,0.5,0.00295,0.11824,0.06481
4,10000,1,0.1,0.3,0.5,0.00295,0.12868,0.05459
5,10000,1,0.1,0.3,0.5,0.00295,0.11932,0.05019
0,10000,1,0.1,0.3,0.5,0.00244,0.1148,0.0703
1,10000,1,0.1,0.3,0.5,0.00244,0.12243,0.06167
2,10000,1,0.1,0.3,0.5,0.00244,0.11989,0.07537
3,10000,1,0.1,0.3,0.5,0.00244,0.10929,0.07248
4,10000,1,0.1,0.3,0.5,0.00244,0.11847,0.0617
5,10000,1,0.1,0.3,0.5,0.00244,0.10818,0.05712
0,10000,1,0.1,0.3,0.5,0.00202,0.109,0.07779
1,10000,1,0.1,0.3,0.5,0.00202,0.11548,0.06929
2,10000,1,0.1,0.3,0.5,0.00202,0.11523,0.08412
3,10000,1,0.1,0.3,0.5,0.00202,0.10461,0.08076
4,10000,1,0.1,0.3,0.5,0.00202,0.11188,0.0697
5,10000,1,0.1,0.3,0.5,0.00202,0.10083,0.06477
0,10000,1,0.1,0.3,0.5,0.00168,0.10716,0.08616
1,10000,1,0.1,0.3,0.5,0.00168,0.11193,0.07768
2,10000,1,0.1,0.3,0.5,0.00168,0.11451,0.09357
3,10000,1,0.1,0.3,0.5,0.00168,0.1041,0.08969
4,10000,1,0.1,0.3,0.5,0.00168,0.10906,0.07864
5,10000,1,0.1,0.3,0.5,0.00168,0.0975,0.07318
0,10000,1,0.1,0.3,0.5,0.00139,0.10907,0.0955
1,10000,1,0.1,0.3,0.5,0.00139,0.1118,0.08695
2,10000,1,0.1,0.3,0.5,0.00139,0.11738,0.10375
3,10000,1,0.1,0.3,0.5,0.00139,0.10733,0.09934
4,10000,1,0.1,0.3,0.5,0.00139,0.10996,0.08857
5,10000,1,0.1,0.3,0.5,0.00139,0.09815,0.08248
0,10000,1,0.1,0.3,0.5,0.00115,0.11432,0.10586
1,10000,1,0.1,0.3,0.5,0.00115,0.11494,0.09723
2,10000,1,0.1,0.3,0.5,0.00115,0.12331,0.11469
3,10000,1,0.1,0.3,0.5,0.00115,0.11371,0.10979
4,10000,1,0.1,0.3,0.5,0.00115,0.11427,0.0995
5,10000,1,0.1,0.3,0.5,0.00115,0.10246,0.09279
0,10000,1,0.1,0.3,0.5,0.00095,0.12239,0.11729
1,10000,1,0.1,0.3,0.5,0.00095,0.12112,0.10863
2,10000,1,0.1,0.3,0.5,0.00095,0.13176,0.12646
3,10000,1,0.1,0.3,0.5,0.00095,0.12265,0.12116
4,10000,1,0.1,0.3,0.5,0.00095,0.12157,0.11149
5,10000,1,0.1,0.3,0.5,0.00095,0.10997,0.10425
0,10000,1,0.1,0.3,0.5,0.00079,0.13281,0.12984
1,10000,1,0.1,0.3,0.5,0.00079,0.13002,0.12128
2,10000,1,0.1,0.3,0.5,0.00079,0.14232,0.13915
3,10000,1,0.1,0.3,0.5,0.00079,0.13373,0.13359
4,10000,1,0.1,0.3,0.5,0.00079,0.13142,0.12457
5,10000,1,0.1,0.3,0.5,0.00079,0.12022,0.11697
0,10000,1,0.1,0.3,0.5,0.00066,0.14523,0.14357
1,10000,1,0.1,0.3,0.5,0.00066,0.14139,0.13528
2,10000,1,0.1,0.3,0.5,0.00066,0.15473,0.1529
3,10000,1,0.1,0.3,0.5,0.00066,0.14669,0.14722
4,10000,1,0.1,0.3,0.5,0.00066,0.14349,0.13883
5,10000,1,0.1,0.3,0.5,0.00066,0.13282,0.13107
0,10000,1,0.1,0.3,0.5,0.00054,0.15947,0.1586
1,10000,1,0.1,0.3,0.5,0.00054,0.15505,0.15077
2,10000,1,0.1,0.3,0.5,0.00054,0.16892,0.16791
3,10000,1,0.1,0.3,0.5,0.00054,0.16141,0.16223
4,10000,1,0.1,0.3,0.5,0.00054,0.15758,0.1544
5,10000,1,0.1,0.3,0.5,0.00054,0.14752,0.14665
0,10000,1,0.1,0.3,0.5,0.00045,0.17547,0.17506
1,10000,1,0.1,0.3,0.5,0.00045,0.17089,0.16788
2,10000,1,0.1,0.3,0.5,0.00045,0.18491,0.18439
3,10000,1,0.1,0.3,0.5,0.00045,0.17791,0.17879
4,10000,1,0.1,0.3,0.5,0.00045,0.17363,0.17145
5,10000,1,0.1,0.3,0.5,0.00045,0.16416,0.16378
0,10000,1,0.1,0.3,0.5,0.00037,0.19329,0.19314
1,10000,1,0.1,0.3,0.5,0.00037,0.18889,0.18677
2,10000,1,0.1,0.3,0.5,0.00037,0.20281,0.20259
3,10000,1,0.1,0.3,0.5,0.00037,0.19628,0.19712
4,10000,1,0.1,0.3,0.5,0.00037,0.19168,0.19016
5,10000,1,0.1,0.3,0.5,0.00037,0.18268,0.18257
0,10000,1,0.1,0.3,0.5,0.00031,0.21303,0.21302
1,10000,1,0.1,0.3,0.5,0.00031,0.20912,0.20761
2,10000,1,0.1,0.3,0.5,0.00031,0.22278,0.22271
3,10000,1,0.1,0.3,0.5,0.00031,0.21669,0.21742
4,10000,1,0.1,0.3,0.5,0.00031,0.21181,0.21076
5,10000,1,0.1,0.3,0.5,0.00031,0.2031,0.20312
0,10000,1,0.1,0.3,0.5,0.00026,0.23485,0.23491
1,10000,1,0.1,0.3,0.5,0.00026,0.23168,0.2306
2,10000,1,0.1,0.3,0.5,0.00026,0.24497,0.24498
3,10000,1,0.1,0.3,0.5,0.00026,0.2393,0.23992
4,10000,1,0.1,0.3,0.5,0.00026,0.23419,0.23344
5,10000,1,0.1,0.3,0.5,0.00026,0.22553,0.22562
0,10000,1,0.1,0.3,0.5,0.00021,0.25892,0.259
1,10000,1,0.1,0.3,0.5,0.00021,0.25673,0.25595
2,10000,1,0.1,0.3,0.5,0.00021,0.26957,0.26963
3,10000,1,0.1,0.3,0.5,0.00021,0.26427,0.26478
4,10000,1,0.1,0.3,0.5,0.00021,0.25896,0.25843
5,10000,1,0.1,0.3,0.5,0.00021,0.25015,0.25025
0,10000,1,0.1,0.3,0.5,0.00018,0.28545,0.28553
1,10000,1,0.1,0.3,0.5,0.00018,0.28446,0.2839
2,10000,1,0.1,0.3,0.5,0.00018,0.29678,0.29685
3,10000,1,0.1,0.3,0.5,0.00018,0.29179,0.2922
4,10000,1,0.1,0.3,0.5,0.00018,0.28634,0.28596
5,10000,1,0.1,0.3,0.5,0.00018,0.27716,0.27726
0,10000,1,0.1,0.3,0.5,0.00015,0.31468,0.31476
1,10000,1,0.1,0.3,0.5,0.00015,0.31511,0.31471
2,10000,1,0.1,0.3,0.5,0.00015,0.32683,0.3269
3,10000,1,0.1,0.3,0.5,0.00015,0.32204,0.32236
4,10000,1,0.1,0.3,0.5,0.00015,0.31653,0.31625
5,10000,1,0.1,0.3,0.5,0.00015,0.30682,0.30691
0,10000,1,0.1,0.3,0.5,0.00012,0.34692,0.34699
1,10000,1,0.1,0.3,0.5,0.00012,0.34893,0.34864
2,10000,1,0.1,0.3,0.5,0.00012,0.35994,0.36
3,10000,1,0.1,0.3,0.5,0.00012,0.35521,0.35547
4,10000,1,0.1,0.3,0.5,0.00012,0.34977,0.34957
5,10000,1,0.1,0.3,0.5,0.00012,0.3394,0.33948
0,10000,1,0.1,0.3,0.5,0.0001,0.38249,0.38255
1,10000,1,0.1,0.3,0.5,0.0001,0.38619,0.38598
2,10000,1,0.1,0.3,0.5,0.0001,0.39637,0.39642
3,10000,1,0.1,0.3,0.5,0.0001,0.39159,0.39178
4,10000,1,0.1,0.3,0.5,0.0001,0.38632,0.38618
5,10000,1,0.1,0.3,0.5,0.0001,0.37521,0.37528
0,10000,1,0.1,0.3,0.5,1.0,0.74618,0.00171
1,10000,1,0.1,0.3,0.5,1.0,0.74621,0.00168
2,10000,1,0.1,0.3,0.5,1.0,0.74622,0.00168
3,10000,1,0.1,0.3,0.5,1.0,0.74622,0.00168
4,10000,1,0.1,0.3,0.5,1.0,0.74618,0.00171
5,10000,1,0.1,0.3,0.5,1.0,0.74625,0.00164
0,10000,1,0.1,0.3,0.5,0.82864,0.74549,0.00248
1,10000,1,0.1,0.3,0.5,0.82864,0.74552,0.00244
2,10000,1,0.1,0.3,0.5,0.82864,0.74553,0.00243
3,10000,1,0.1,0.3,0.5,0.82864,0.74553,0.00243
4,10000,1,0.1,0.3,0.5,0.82864,0.74548,0.00248
5,10000,1,0.1,0.3,0.5,0.82864,0.74558,0.00237
0,10000,1,0.1,0.3,0.5,0.68665,0.74448,0.00357
1,10000,1,0.1,0.3,0.5,0.68665,0.74453,0.00352
2,10000,1,0.1,0.3,0.5,0.68665,0.74454,0.0035
3,10000,1,0.1,0.3,0.5,0.68665,0.74455,0.0035
4,10000,1,0.1,0.3,0.5,0.68665,0.74448,0.00358
5,10000,1,0.1,0.3,0.5,0.68665,0.74462,0.00342
0,10000,1,0.1,0.3,0.5,0.56899,0.74304,0.00514
1,10000,1,0.1,0.3,0.5,0.56899,0.74311,0.00506
2,10000,1,0.1,0.3,0.5,0.56899,0.74313,0.00504
3,10000,1,0.1,0.3,0.5,0.56899,0.74314,0.00503
4,10000,1,0.1,0.3,0.5,0.56899,0.74303,0.00515
5,10000,1,0.1,0.3,0.5,0.56899,0.74324,0.00492
0,10000,1,0.1,0.3,0.5,0.47149,0.74099,0.00734
1,10000,1,0.1,0.3,0.5,0.47149,0.74109,0.00722
2,10000,1,0.1,0.3,0.5,0.47149,0.74112,0.00719
3,10000,1,0.1,0.3,0.5,0.47149,0.74113,0.00718
4,10000,1,0.1,0.3,0.5,0.47149,0.74098,0.00735
5,10000,1,0.1,0.3,0.5,0.47149,0.74128,0.00702
0,10000,1,0.1,0.3,0.5,0.39069,0.73807,0.01029
1,10000,1,0.1,0.3,0.5,0.39069,0.73823,0.01012
2,10000,1,0.1,0.3,0.5,0.39069,0.73826,0.01008
3,10000,1,0.1,0.3,0.5,0.39069,0.73828,0.01007
4,10000,1,0.1,0.3,0.5,0.39069,0.73806,0.0103
5,10000,1,0.1,0.3,0.5,0.39069,0.73849,0.00983
0,10000,1,0.1,0.3,0.5,0.32375,0.73397,0.01395
1,10000,1,0.1,0.3,0.5,0.32375,0.73419,0.01371
2,10000,1,0.1,0.3,0.5,0.32375,0.73424,0.01365
3,10000,1,0.1,0.3,0.5,0.32375,0.73426,0.01364
4,10000,1,0.1,0.3,0.5,0.32375,0.73396,0.01397
5,10000,1,0.1,0.3,0.5,0.32375,0.73456,0.0133
0,10000,1,0.1,0.3,0.5,0.26827,0.72825,0.01797
1,10000,1,0.1,0.3,0.5,0.26827,0.72856,0.01762
2,10000,1,0.1,0.3,0.5,0.26827,0.72863,0.01755
3,10000,1,0.1,0.3,0.5,0.26827,0.72866,0.01753
4,10000,1,0.1,0.3,0.5,0.26827,0.72823,0.018
5,10000,1,0.1,0.3,0.5,0.26827,0.72908,0.01704
0,10000,1,0.1,0.3,0.5,0.2223,0.72036,0.02164
1,10000,1,0.1,0.3,0.5,0.2223,0.7208,0.02114
2,10000,1,0.1,0.3,0.5,0.2223,0.72089,0.02104
3,10000,1,0.1,0.3,0.5,0.2223,0.72094,0.02101
4,10000,1,0.1,0.3,0.5,0.2223,0.72033,0.02167
5,10000,1,0.1,0.3,0.5,0.2223,0.72153,0.02032
0,10000,1,0.1,0.3,0.5,0.18421,0.70965,0.02398
1,10000,1,0.1,0.3,0.5,0.18421,0.71026,0.02329
2,10000,1,0.1,0.3,0.5,0.18421,0.71039,0.02315
3,10000,1,0.1,0.3,0.5,0.18421,0.71046,0.02312
4,10000,1,0.1,0.3,0.5,0.18421,0.70961,0.02403
5,10000,1,0.1,0.3,0.5,0.18421,0.71128,0.02215
0,10000,1,0.1,0.3,0.5,0.15264,0.6954,0.0243
1,10000,1,0.1,0.3,0.5,0.15264,0.69623,0.02333
2,10000,1,0.1,0.3,0.5,0.15264,0.69642,0.02314
3,10000,1,0.1,0.3,0.5,0.15264,0.69651,0.02312
4,10000,1,0.1,0.3,0.5,0.15264,0.69534,0.02436
5,10000,1,0.1,0.3,0.5,0.15264,0.69764,0.02177
0,10000,1,0.1,0.3,0.5,0.12649,0.67691,0.02236
1,10000,1,0.1,0.3,0.5,0.12649,0.67804,0.02103
2,10000,1,0.1,0.3,0.5,0.12649,0.67829,0.02078
3,10000,1,0.1,0.3,0.5,0.12649,0.67841,0.02079
4,10000,1,0.1,0.3,0.5,0.12649,0.67683,0.02244
5,10000,1,0.1,0.3,0.5,0.12649,0.67994,0.01891
0,10000,1,0.1,0.3,0.5,0.10481,0.65366,0.01866
1,10000,1,0.1,0.3,0.5,0.10481,0.65514,0.01686
2,10000,1,0.1,0.3,0.5,0.10481,0.65548,0.01655
3,10000,1,0.1,0.3,0.5,0.10481,0.65565,0.01668
4,10000,1,0.1,0.3,0.5,0.10481,0.65355,0.01877
5,10000,1,0.1,0.3,0.5,0.10481,0.65765,0.01403
0,10000,1,0.1,0.3,0.5,0.08685,0.6255,0.01428
1,10000,1,0.1,0.3,0.5,0.08685,0.6274,0.01184
2,10000,1,0.1,0.3,0.5,0.08685,0.62784,0.01153
3,10000,1,0.1,0.3,0.5,0.08685,0.62806,0.01201
4,10000,1,0.1,0.3,0.5,0.08685,0.62535,0.01442
5,10000,1,0.1,0.3,0.5,0.08685,0.63064,0.00825
0,10000,1,0.1,0.3,0.5,0.07197,0.59284,0.01052
1,10000,1,0.1,0.3,0.5,0.07197,0.59522,0.0073
2,10000,1,0.1,0.3,0.5,0.07197,0.59576,0.00718
3,10000,1,0.1,0.3,0.5,0.07197,0.59605,0.00859
4,10000,1,0.1,0.3,0.5,0.07197,0.59266,0.01067
5,10000,1,0.1,0.3,0.5,0.07197,0.59925,0.00367
0,10000,1,0.1,0.3,0.5,0.05964,0.55676,0.00841
1,10000,1,0.1,0.3,0.5,0.05964,0.55961,0.00468
2,10000,1,0.1,0.3,0.5,0.05964,0.56027,0.0053
3,10000,1,0.1,0.3,0.5,0.05964,0.56065,0.00802
4,10000,1,0.1,0.3,0.5,0.05964,0.55653,0.00859
5,10000,1,0.1,0.3,0.5,0.05964,0.56448,0.00517
0,10000,1,0.1,0.3,0.5,0.04942,0.51883,0.00809
1,10000,1,0.1,0.3,0.5,0.04942,0.5221,0.00475
2,10000,1,0.1,0.3,0.5,0.04942,0.52287,0.00625
3,10000,1,0.1,0.3,0.5,0.04942,0.52334,0.00949
4,10000,1,0.1,0.3,0.5,0.04942,0.51853,0.0084
5,10000,1,0.1,0.3,0.5,0.04942,0.52774,0.00873
0,10000,1,0.1,0.3,0.5,0.04095,0.48077,0.00893
1,10000,1,0.1,0.3,0.5,0.04095,0.48434,0.00599
2,10000,1,0.1,0.3,0.5,0.04095,0.4852,0.00794
3,10000,1,0.1,0.3,0.5,0.04095,0.48579,0.01154
4,10000,1,0.1,0.3,0.5,0.04095,0.48038,0.00932
5,10000,1,0.1,0.3,0.5,0.04095,0.4906,0.01186
0,10000,1,0.1,0.3,0.5,0.03393,0.44401,0.01032
1,10000,1,0.1,0.3,0.5,0.03393,0.44773,0.00739
2,10000,1,0.1,0.3,0.5,0.03393,0.44865,0.00972
3,10000,1,0.1,0.3,0.5,0.03393,0.44937,0.01359
4,10000,1,0.1,0.3,0.5,0.03393,0.44351,0.01087
5,10000,1,0.1,0.3,0.5,0.03393,0.45439,0.01453
0,10000,1,0.1,0.3,0.5,0.02812,0.40946,0.01207
1,10000,1,0.1,0.3,0.5,0.02812,0.41313,0.00885
2,10000,1,0.1,0.3,0.5,0.02812,0.41407,0.01158
3,10000,1,0.1,0.3,0.5,0.02812,0.41494,0.01565
4,10000,1,0.1,0.3,0.5,0.02812,0.4088,0.01282
5,10000,1,0.1,0.3,0.5,0.02812,0.41992,0.017
0,10000,1,0.1,0.3,0.5,0.0233,0.37738,0.01414
1,10000,1,0.1,0.3,0.5,0.0233,0.38081,0.01048
2,10000,1,0.1,0.3,0.5,0.0233,0.38175,0.01363
3,10000,1,0.1,0.3,0.5,0.0233,0.38276,0.01779
4,10000,1,0.1,0.3,0.5,0.0233,0.37651,0.01508
5,10000,1,0.1,0.3,0.5,0.0233,0.38749,0.01947
0,10000,1,0.1,0.3,0.5,0.01931,0.34761,0.01657
1,10000,1,0.1,0.3,0.5,0.01931,0.35064,0.01238
2,10000,1,0.1,0.3,0.5,0.01931,0.35154,0.01593
3,10000,1,0.1,0.3,0.5,0.01931,0.35267,0.02008
4,10000,1,0.1,0.3,0.5,0.01931,0.34645,0.01765
5,10000,1,0.1,0.3,0.5,0.01931,0.357,0.02201
0,10000,1,0.1,0.3,0.5,0.016,0.31971,0.01938
1,10000,1,0.1,0.3,0.5,0.016,0.32223,0.01461
2,10000,1,0.1,0.3,0.5,0.016,0.32307,0.01849
3,10000,1,0.1,0.3,0.5,0.016,0.32428,0.02252
4,10000,1,0.1,0.3,0.5,0.016,0.31818,0.02051
5,10000,1,0.1,0.3,0.5,0.016,0.32813,0.02466
0,10000,1,0.1,0.3,0.5,0.01326,0.29321,0.02258
1,10000,1,0.1,0.3,0.5,0.01326,0.29517,0.01723
2,10000,1,0.1,0.3,0.5,0.01326,0.29595,0.02132
3,10000,1,0.1,0.3,0.5,0.01326,0.29719,0.02518
4,10000,1,0.1,0.3,0.5,0.01326,0.29123,0.02364
5,10000,1,0.1,0.3,0.5,0.01326,0.30055,0.02748
0,10000,1,0.1,0.3,0.5,0.01099,0.2678,0.02617
1,10000,1,0.1,0.3,0.5,0.01099,0.26919,0.02025
2,10000,1,0.1,0.3,0.5,0.01099,0.26989,0.02441
3,10000,1,0.1,0.3,0.5,0.01099,0.27109,0.02809
4,10000,1,0.1,0.3,0.5,0.01099,0.26526,0.02704
5,10000,1,0.1,0.3,0.5,0.01099,0.27406,0.0305
0,10000,1,0.1,0.3,0.5,0.0091,0.24332,0.03015
1,10000,1,0.1,0.3,0.5,0.0091,0.24418,0.02371
2,10000,1,0.1,0.3,0.5,0.0091,0.24481,0.02778
3,10000,1,0.1,0.3,0.5,0.0091,0.24591,0.03136
4,10000,1,0.1,0.3,0.5,0.0091,0.24017,0.0307
5,10000,1,0.1,0.3,0.5,0.0091,0.24861,0.03379
0,10000,1,0.1,0.3,0.5,0.00754,0.21988,0.03452
1,10000,1,0.1,0.3,0.5,0.00754,0.22025,0.02762
2,10000,1,0.1,0.3,0.5,0.00754,0.22083,0.03147
3,10000,1,0.1,0.3,0.5,0.00754,0.22177,0.03507
4,10000,1,0.1,0.3,0.5,0.00754,0.21605,0.03466
5,10000,1,0.1,0.3,0.5,0.00754,0.22433,0.03743
0,10000,1,0.1,0.3,0.5,0.00625,0.19773,0.03929
1,10000,1,0.1,0.3,0.5,0.00625,0.19764,0.03201
2,10000,1,0.1,0.3,0.5,0.00625,0.19819,0.03555
3,10000,1,0.1,0.3,0.5,0.00625,0.19895,0.03928
4,10000,1,0.1,0.3,0.5,0.00625,0.1932,0.03898
5,10000,1,0.1,0.3,0.5,0.00625,0.20151,0.04146
0,10000,1,0.1,0.3,0.5,0.00518,0.17725,0.04445
1,10000,1,0.1,0.3,0.5,0.00518,0.17672,0.03692
2,10000,1,0.1,0.3,0.5,0.00518,0.17727,0.04009
3,10000,1,0.1,0.3,0.5,0.00518,0.17784,0.04402
4,10000,1,0.1,0.3,0.5,0.00518,0.17202,0.04372
5,10000,1,0.1,0.3,0.5,0.00518,0.1805,0.04591
0,10000,1,0.1,0.3,0.5,0.00429,0.15885,0.05005
1,10000,1,0.1,0.3,0.5,0.00429,0.15788,0.04237
2,10000,1,0.1,0.3,0.5,0.00429,0.15846,0.04514
3,10000,1,0.1,0.3,0.5,0.00429,0.15889,0.0493
4,10000,1,0.1,0.3,0.5,0.00429,0.153,0.04897
5,10000,1,0.1,0.3,0.5,0.00429,0.16168,0.0508
0,10000,1,0.1,0.3,0.5,0.00356,0.143,0.05612
1,10000,1,0.1,0.3,0.5,0.00356,0.14156,0.04842
2,10000,1,0.1,0.3,0.5,0.00356,0.14217,0.05078
3,10000,1,0.1,0.3,0.5,0.00356,0.14252,0.05512
4,10000,1,0.1,0.3,0.5,0.00356,0.13664,0.0548
5,10000,1,0.1,0.3,0.5,0.00356,0.14543,0.05614
0,10000,1,0.1,0.3,0.5,0.00295,0.13012,0.06273
1,10000,1,0.1,0.3,0.5,0.00295,0.12816,0.05508
2,10000,1,0.1,0.3,0.5,0.00295,0.1288,0.05703
3,10000,1,0.1,0.3,0.5,0.00295,0.12916,0.06146
4,10000,1,0.1,0.3,0.5,0.00295,0.12345,0.06127
5,10000,1,0.1,0.3,0.5,0.00295,0.13208,0.06196
0,10000,1,0.1,0.3,0.5,0.00244,0.12061,0.06995
1,10000,1,0.1,0.3,0.5,0.00244,0.11806,0.0624
2,10000,1,0.1,0.3,0.5,0.00244,0.11869,0.06396
3,10000,1,0.1,0.3,0.5,0.00244,0.11914,0.06837
4,10000,1,0.1,0.3,0.5,0.00244,0.11386,0.06846
5,10000,1,0.1,0.3,0.5,0.00244,0.12191,0.0683
0,10000,1,0.1,0.3,0.5,0.00202,0.1147,0.07783
1,10000,1,0.1,0.3,0.5,0.00202,0.11155,0.07045
2,10000,1,0.1,0.3,0.5,0.00202,0.11212,0.0716
3,10000,1,0.1,0.3,0.5,0.00202,0.11273,0.07588
4,10000,1,0.1,0.3,0.5,0.00202,0.1082,0.07641
5,10000,1,0.1,0.3,0.5,0.00202,0.11513,0.07527
0,10000,1,0.1,0.3,0.5,0.00168,0.11247,0.08644
1,10000,1,0.1,0.3,0.5,0.00168,0.10877,0.07931
2,10000,1,0.1,0.3,0.5,0.00168,0.10917,0.08003
3,10000,1,0.1,0.3,0.5,0.00168,0.10997,0.08409
4,10000,1,0.1,0.3,0.5,0.00168,0.10655,0.08521
5,10000,1,0.1,0.3,0.5,0.00168,0.11185,0.083
0,10000,1,0.1,0.3,0.5,0.00139,0.11372,0.09582
1,10000,1,0.1,0.3,0.5,0.00139,0.10968,0.08911
2,10000,1,0.1,0.3,0.5,0.00139,0.10977,0.08932
3,10000,1,0.1,0.3,0.5,0.00139,0.11074,0.09308
4,10000,1,0.1,0.3,0.5,0.00139,0.10871,0.09495
5,10000,1,0.1,0.3,0.5,0.00139,0.11203,0.09166
0,10000,1,0.1,0.3,0.5,0.00115,0.1181,0.10605
1,10000,1,0.1,0.3,0.5,0.00115,0.11405,0.09997
2,10000,1,0.1,0.3,0.5,0.00115,0.11363,0.09956
3,10000,1,0.1,0.3,0.5,0.00115,0.11475,0.10298
4,10000,1,0.1,0.3,0.5,0.00115,0.11431,0.10575
5,10000,1,0.1,0.3,0.5,0.00115,0.1155,0.1014
0,10000,1,0.1,0.3,0.5,0.00095,0.12518,0.11719
1,10000,1,0.1,0.3,0.5,0.00095,0.12157,0.11208
2,10000,1,0.1,0.3,0.5,0.00095,0.12041,0.11085
3,10000,1,0.1,0.3,0.5,0.00095,0.1216,0.11391
4,10000,1,0.1,0.3,0.5,0.00095,0.12288,0.11774
5,10000,1,0.1,0.3,0.5,0.00095,0.122,0.11238
0,10000,1,0.1,0.3,0.5,0.00079,0.13456,0.12932
1,10000,1,0.1,0.3,0.5,0.00079,0.13191,0.12556
2,10000,1,0.1,0.3,0.5,0.00079,0.12975,0.1233
3,10000,1,0.1,0.3,0.5,0.00079,0.13096,0.12601
4,10000,1,0.1,0.3,0.5,0.00079,0.13403,0.13106
5,10000,1,0.1,0.3,0.5,0.00079,0.13124,0.12474
0,10000,1,0.1,0.3,0.5,0.00066,0.14596,0.14254
1,10000,1,0.1,0.3,0.5,0.00066,0.14476,0.14053
2,10000,1,0.1,0.3,0.5,0.00066,0.14136,0.13702
3,10000,1,0.1,0.3,0.5,0.00066,0.14256,0.1394
4,10000,1,0.1,0.3,0.5,0.00066,0.14745,0.14581
5,10000,1,0.1,0.3,0.5,0.00066,0.14294,0.13857
0,10000,1,0.1,0.3,0.5,0.00054,0.1592,0.15698
1,10000,1,0.1,0.3,0.5,0.00054,0.15989,0.15707
2,10000,1,0.1,0.3,0.5,0.00054,0.15508,0.15216
3,10000,1,0.1,0.3,0.5,0.00054,0.15623,0.15424
4,10000,1,0.1,0.3,0.5,0.00054,0.16292,0.16206
5,10000,1,0.1,0.3,0.5,0.00054,0.15689,0.15395
0,10000,1,0.1,0.3,0.5,0.00045,0.17425,0.17281
1,10000,1,0.1,0.3,0.5,0.00045,0.17711,0.17522
2,10000,1,0.1,0.3,0.5,0.00045,0.17083,0.16885
3,10000,1,0.1,0.3,0.5,0.00045,0.17191,0.17066
4,10000,1,0.1,0.3,0.5,0.00045,0.18028,0.17988
5,10000,1,0.1,0.3,0.5,0.00045,0.17295,0.17096
0,10000,1,0.1,0.3,0.5,0.00037,0.19116,0.19023
1,10000,1,0.1,0.3,0.5,0.00037,0.19627,0.195
2,10000,1,0.1,0.3,0.5,0.00037,0.18861,0.18727
3,10000,1,0.1,0.3,0.5,0.00037,0.18962,0.18884
4,10000,1,0.1,0.3,0.5,0.00037,0.19945,0.19931
5,10000,1,0.1,0.3,0.5,0.00037,0.19105,0.1897
0,10000,1,0.1,0.3,0.5,0.00031,0.21008,0.20948
1,10000,1,0.1,0.3,0.5,0.00031,0.21731,0.21645
2,10000,1,0.1,0.3,0.5,0.00031,0.20852,0.2076
3,10000,1,0.1,0.3,0.5,0.00031,0.20945,0.20896
4,10000,1,0.1,0.3,0.5,0.00031,0.22042,0.22042
5,10000,1,0.1,0.3,0.5,0.00031,0.21122,0.2103
0,10000,1,0.1,0.3,0.5,0.00026,0.23122,0.23084
1,10000,1,0.1,0.3,0.5,0.00026,0.24021,0.23962
2,10000,1,0.1,0.3,0.5,0.00026,0.23066,0.23003
3,10000,1,0.1,0.3,0.5,0.00026,0.23153,0.23123
4,10000,1,0.1,0.3,0.5,0.00026,0.24324,0.2433
5,10000,1,0.1,0.3,0.5,0.00026,0.23357,0.23294
0,10000,1,0.1,0.3,0.5,0.00021,0.25482,0.25457
1,10000,1,0.1,0.3,0.5,0.00021,0.26505,0.26464
2,10000,1,0.1,0.3,0.5,0.00021,0.2552,0.25476
3,10000,1,0.1,0.3,0.5,0.00021,0.25601,0.25582
4,10000,1,0.1,0.3,0.5,0.00021,0.26801,0.2681
5,10000,1,0.1,0.3,0.5,0.00021,0.25826,0.25782
0,10000,1,0.1,0.3,0.5,0.00018,0.28112,0.28096
1,10000,1,0.1,0.3,0.5,0.00018,0.29198,0.2917
2,10000,1,0.1,0.3,0.5,0.00018,0.28234,0.28203
3,10000,1,0.1,0.3,0.5,0.00018,0.28305,0.28293
4,10000,1,0.1,0.3,0.5,0.00018,0.29496,0.29505
5,10000,1,0.1,0.3,0.5,0.00018,0.2855,0.28519
0,10000,1,0.1,0.3,0.5,0.00015,0.31039,0.31029
1,10000,1,0.1,0.3,0.5,0.00015,0.32125,0.32106
2,10000,1,0.1,0.3,0.5,0.00015,0.31229,0.31207
3,10000,1,0.1,0.3,0.5,0.00015,0.31281,0.31275
4,10000,1,0.1,0.3,0.5,0.00015,0.32435,0.32444
5,10000,1,0.1,0.3,0.5,0.00015,0.31552,0.31531
0,10000,1,0.1,0.3,0.5,0.00012,0.34288,0.34281
1,10000,1,0.1,0.3,0.5,0.00012,0.35318,0.35304
2,10000,1,0.1,0.3,0.5,0.00012,0.34529,0.34514
3,10000,1,0.1,0.3,0.5,0.00012,0.34549,0.34545
4,10000,1,0.1,0.3,0.5,0.00012,0.35653,0.35661
5,10000,1,0.1,0.3,0.5,0.00012,0.3486,0.34845
0,10000,1,0.1,0.3,0.5,0.0001,0.37885,0.37881
1,10000,1,0.1,0.3,0.5,0.0001,0.38814,0.38804
2,10000,1,0.1,0.3,0.5,0.0001,0.3816,0.38149
3,10000,1,0.1,0.3,0.5,0.0001,0.3813,0.38127
4,10000,1,0.1,0.3,0.5,0.0001,0.39188,0.39195
5,10000,1,0.1,0.3,0.5,0.0001,0.38502,0.38491
0,10000,1,0.1,0.3,0.5,1.0,0.74619,0.0017
1,10000,1,0.1,0.3,0.5,1.0,0.74618,0.00171
2,10000,1,0.1,0.3,0.5,1.0,0.74618,0.00172
3,10000,1,0.1,0.3,0.5,1.0,0.74617,0.00172
4,10000,1,0.1,0.3,0.5,1.0,0.74618,0.00171
5,10000,1,0.1,0.3,0.5,1.0,0.7462,0.00169
0,10000,1,0.1,0.3,0.5,0.82864,0.74549,0.00246
1,10000,1,0.1,0.3,0.5,0.82864,0.74548,0.00248
2,10000,1,0.1,0.3,0.5,0.82864,0.74548,0.00248
3,10000,1,0.1,0.3,0.5,0.82864,0.74547,0.00248
4,10000,1,0.1,0.3,0.5,0.82864,0.74548,0.00248
5,10000,1,0.1,0.3,0.5,0.82864,0.74551,0.00245
0,10000,1,0.1,0.3,0.5,0.68665,0.74449,0.00355
1,10000,1,0.1,0.3,0.5,0.68665,0.74447,0.00357
2,10000,1,0.1,0.3,0.5,0.68665,0.74447,0.00358
3,10000,1,0.1,0.3,0.5,0.68665,0.74446,0.00359
4,10000,1,0.1,0.3,0.5,0.68665,0.74447,0.00358
5,10000,1,0.1,0.3,0.5,0.68665,0.74451,0.00353
0,10000,1,0.1,0.3,0.5,0.56899,0.74306,0.00511
1,10000,1,0.1,0.3,0.5,0.56899,0.74303,0.00514
2,10000,1,0.1,0.3,0.5,0.56899,0.74303,0.00515
3,10000,1,0.1,0.3,0.5,0.56899,0.74302,0.00516
4,10000,1,0.1,0.3,0.5,0.56899,0.74303,0.00514
5,10000,1,0.1,0.3,0.5,0.56899,0.74309,0.00508
0,10000,1,0.1,0.3,0.5,0.47149,0.74102,0.00729
1,10000,1,0.1,0.3,0.5,0.47149,0.74098,0.00734
2,10000,1,0.1,0.3,0.5,0.47149,0.74097,0.00735
3,10000,1,0.1,0.3,0.5,0.47149,0.74096,0.00736
4,10000,1,0.1,0.3,0.5,0.47149,0.74098,0.00734
5,10000,1,0.1,0.3,0.5,0.47149,0.74106,0.00725
0,10000,1,0.1,0.3,0.5,0.39069,0.73813,0.01021
1,10000,1,0.1,0.3,0.5,0.39069,0.73807,0.01029
2,10000,1,0.1,0.3,0.5,0.39069,0.73806,0.0103
3,10000,1,0.1,0.3,0.5,0.39069,0.73804,0.01032
4,10000,1,0.1,0.3,0.5,0.39069,0.73806,0.01029
5,10000,1,0.1,0.3,0.5,0.39069,0.73819,0.01015
0,10000,1,0.1,0.3,0.5,0.32375,0.73406,0.01385
1,10000,1,0.1,0.3,0.5,0.32375,0.73397,0.01395
2,10000,1,0.1,0.3,0.5,0.32375,0.73395,0.01398
3,10000,1,0.1,0.3,0.5,0.32375,0.73393,0.014
4,10000,1,0.1,0.3,0.5,0.32375,0.73396,0.01396
5,10000,1,0.1,0.3,0.5,0.32375,0.73414,0.01376
0,10000,1,0.1,0.3,0.5,0.26827,0.72837,0.01782
1,10000,1,0.1,0.3,0.5,0.26827,0.72824,0.01797
2,10000,1,0.1,0.3,0.5,0.26827,0.72822,0.01801
3,10000,1,0.1,0.3,0.5,0.26827,0.72819,0.01804
4,10000,1,0.1,0.3,0.5,0.26827,0.72823,0.01799
5,10000,1,0.1,0.3,0.5,0.26827,0.72848,0.0177
0,10000,1,0.1,0.3,0.5,0.2223,0.72054,0.02142
1,10000,1,0.1,0.3,0.5,0.2223,0.72036,0.02163
2,10000,1,0.1,0.3,0.5,0.2223,0.72032,0.02169
3,10000,1,0.1,0.3,0.5,0.2223,0.72028,0.02172
4,10000,1,0.1,0.3,0.5,0.2223,0.72034,0.02166
5,10000,1,0.1,0.3,0.5,0.2223,0.72069,0.02126
0,10000,1,0.1,0.3,0.5,0.18421,0.7099,0.02369
1,10000,1,0.1,0.3,0.5,0.18421,0.70965,0.02398
2,10000,1,0.1,0.3,0.5,0.18421,0.7096,0.02407
3,10000,1,0.1,0.3,0.5,0.18421,0.70954,0.02411
4,10000,1,0.1,0.3,0.5,0.18421,0.70963,0.02402
5,10000,1,0.1,0.3,0.5,0.18421,0.71012,0.02346
0,10000,1,0.1,0.3,0.5,0.15264,0.69575,0.02388
1,10000,1,0.1,0.3,0.5,0.15264,0.69541,0.0243
2,10000,1,0.1,0.3,0.5,0.15264,0.69534,0.02443
3,10000,1,0.1,0.3,0.5,0.15264,0.69525,0.02446
4,10000,1,0.1,0.3,0.5,0.15264,0.69537,0.02435
5,10000,1,0.1,0.3,0.5,0.15264,0.69605,0.02357
0,10000,1,0.1,0.3,0.5,0.12649,0.67738,0.02178
1,10000,1,0.1,0.3,0.5,0.12649,0.67693,0.02237
2,10000,1,0.1,0.3,0.5,0.12649,0.67683,0.02257
3,10000,1,0.1,0.3,0.5,0.12649,0.67671,0.02259
4,10000,1,0.1,0.3,0.5,0.12649,0.67687,0.02244
5,10000,1,0.1,0.3,0.5,0.12649,0.67779,0.02137
0,10000,1,0.1,0.3,0.5,0.10481,0.65428,0.01785
1,10000,1,0.1,0.3,0.5,0.10481,0.65368,0.0187
2,10000,1,0.1,0.3,0.5,0.10481,0.65355,0.01904
3,10000,1,0.1,0.3,0.5,0.10481,0.6534,0.01897
4,10000,1,0.1,0.3,0.5,0.10481,0.65361,0.01881
5,10000,1,0.1,0.3,0.5,0.10481,0.65482,0.01734
0,10000,1,0.1,0.3,0.5,0.08685,0.6263,0.01314
1,10000,1,0.1,0.3,0.5,0.08685,0.62552,0.0144
2,10000,1,0.1,0.3,0.5,0.08685,0.62536,0.01498
3,10000,1,0.1,0.3,0.5,0.08685,0.62516,0.01469
4,10000,1,0.1,0.3,0.5,0.08685,0.62543,0.01455
5,10000,1,0.1,0.3,0.5,0.08685,0.62699,0.01259
0,10000,1,0.1,0.3,0.5,0.07197,0.59385,0.0089
1,10000,1,0.1,0.3,0.5,0.07197,0.59287,0.01083
2,10000,1,0.1,0.3,0.5,0.07197,0.59268,0.01182
3,10000,1,0.1,0.3,0.5,0.07197,0.59243,0.01104
4,10000,1,0.1,0.3,0.5,0.07197,0.59277,0.01099
5,10000,1,0.1,0.3,0.5,0.07197,0.5947,0.00851
0,10000,1,0.1,0.3,0.5,0.05964,0.55797,0.00635
1,10000,1,0.1,0.3,0.5,0.05964,0.55678,0.00908
2,10000,1,0.1,0.3,0.5,0.05964,0.55658,0.01057
3,10000,1,0.1,0.3,0.5,0.05964,0.55628,0.0091
4,10000,1,0.1,0.3,0.5,0.05964,0.55669,0.00915
5,10000,1,0.1,0.3,0.5,0.05964,0.559,0.00656
0,10000,1,0.1,0.3,0.5,0.04942,0.5202,0.00602
1,10000,1,0.1,0.3,0.5,0.04942,0.51879,0.00928
2,10000,1,0.1,0.3,0.5,0.04942,0.51865,0.01106
3,10000,1,0.1,0.3,0.5,0.04942,0.5183,0.00916
4,10000,1,0.1,0.3,0.5,0.04942,0.51876,0.00914
5,10000,1,0.1,0.3,0.5,0.04942,0.5214,0.00694
0,10000,1,0.1,0.3,0.5,0.04095,0.48224,0.00722
1,10000,1,0.1,0.3,0.5,0.04095,0.48062,0.01048
2,10000,1,0.1,0.3,0.5,0.04095,0.48061,0.01242
3,10000,1,0.1,0.3,0.5,0.04095,0.48022,0.01042
4,10000,1,0.1,0.3,0.5,0.04095,0.48071,0.00995
5,10000,1,0.1,0.3,0.5,0.04095,0.48356,0.00848
0,10000,1,0.1,0.3,0.5,0.03393,0.4455,0.00912
1,10000,1,0.1,0.3,0.5,0.03393,0.44367,0.01216
2,10000,1,0.1,0.3,0.5,0.03393,0.44391,0.01412
3,10000,1,0.1,0.3,0.5,0.03393,0.4435,0.01246
4,10000,1,0.1,0.3,0.5,0.03393,0.44399,0.01116
5,10000,1,0.1,0.3,0.5,0.03393,0.4469,0.01036
0,10000,1,0.1,0.3,0.5,0.02812,0.41085,0.0114
1,10000,1,0.1,0.3,0.5,0.02812,0.40879,0.01406
2,10000,1,0.1,0.3,0.5,0.02812,0.40947,0.01593
3,10000,1,0.1,0.3,0.5,0.02812,0.40906,0.01497
4,10000,1,0.1,0.3,0.5,0.02812,0.40949,0.01255
5,10000,1,0.1,0.3,0.5,0.02812,0.41225,0.01246
0,10000,1,0.1,0.3,0.5,0.0233,0.37854,0.01397
1,10000,1,0.1,0.3,0.5,0.0233,0.37624,0.01607
2,10000,1,0.1,0.3,0.5,0.0233,0.37757,0.01779
3,10000,1,0.1,0.3,0.5,0.0233,0.37717,0.01779
4,10000,1,0.1,0.3,0.5,0.0233,0.3775,0.01406
5,10000,1,0.1,0.3,0.5,0.0233,0.3799,0.01476
0,10000,1,0.1,0.3,0.5,0.01931,0.34838,0.01679
1,10000,1,0.1,0.3,0.5,0.01931,0.3458,0.0182
2,10000,1,0.1,0.3,0.5,0.01931,0.34804,0.01972
3,10000,1,0.1,0.3,0.5,0.01931,0.34765,0.02086
4,10000,1,0.1,0.3,0.5,0.01931,0.34785,0.01572
5,10000,1,0.1,0.3,0.5,0.01931,0.34966,0.01726
0,10000,1,0.1,0.3,0.5,0.016,0.31994,0.01983
1,10000,1,0.1,0.3,0.5,0.016,0.31699,0.02046
2,10000,1,0.1,0.3,0.5,0.016,0.32048,0.02178
3,10000,1,0.1,0.3,0.5,0.016,0.32008,0.02414
4,10000,1,0.1,0.3,0.5,0.016,0.3201,0.01763
5,10000,1,0.1,0.3,0.5,0.016,0.32114,0.01997
0,10000,1,0.1,0.3,0.5,0.01326,0.29276,0.02311
1,10000,1,0.1,0.3,0.5,0.01326,0.28935,0.02288
2,10000,1,0.1,0.3,0.5,0.01326,0.29442,0.02403
3,10000,1,0.1,0.3,0.5,0.01326,0.29399,0.02764
4,10000,1,0.1,0.3,0.5,0.01326,0.2938,0.01987
5,10000,1,0.1,0.3,0.5,0.01326,0.29389,0.02292
0,10000,1,0.1,0.3,0.5,0.01099,0.26652,0.02666
1,10000,1,0.1,0.3,0.5,0.01099,0.26252,0.02551
2,10000,1,0.1,0.3,0.5,0.01099,0.26952,0.02653
3,10000,1,0.1,0.3,0.5,0.01099,0.26905,0.03137
4,10000,1,0.1,0.3,0.5,0.01099,0.26862,0.02254
5,10000,1,0.1,0.3,0.5,0.01099,0.26765,0.02617
0,10000,1,0.1,0.3,0.5,0.0091,0.24111,0.03052
1,10000,1,0.1,0.3,0.5,0.0091,0.23641,0.0284
2,10000,1,0.1,0.3,0.5,0.0091,0.24563,0.02932
3,10000,1,0.1,0.3,0.5,0.0091,0.24513,0.03538
4,10000,1,0.1,0.3,0.5,0.0091,0.24443,0.02573
5,10000,1,0.1,0.3,0.5,0.0091,0.24233,0.0298
0,10000,1,0.1,0.3,0.5,0.00754,0.21665,0.03476
1,10000,1,0.1,0.3,0.5,0.00754,0.21112,0.0316
2,10000,1,0.1,0.3,0.5,0.00754,0.22279,0.03246
3,10000,1,0.1,0.3,0.5,0.00754,0.22231,0.0397
4,10000,1,0.1,0.3,0.5,0.00754,0.2213,0.0295
5,10000,1,0.1,0.3,0.5,0.00754,0.21808,0.0339
0,10000,1,0.1,0.3,0.5,0.00625,0.19346,0.03944
1,10000,1,0.1,0.3,0.5,0.00625,0.18698,0.03516
2,10000,1,0.1,0.3,0.5,0.00625,0.20119,0.03598
3,10000,1,0.1,0.3,0.5,0.00625,0.20086,0.0444
4,10000,1,0.1,0.3,0.5,0.00625,0.19949,0.03389
5,10000,1,0.1,0.3,0.5,0.00625,0.19522,0.03855
0,10000,1,0.1,0.3,0.5,0.00518,0.17197,0.04463
1,10000,1,0.1,0.3,0.5,0.00518,0.16438,0.03915
2,10000,1,0.1,0.3,0.5,0.00518,0.18115,0.03998
3,10000,1,0.1,0.3,0.5,0.00518,0.18114,0.04954
4,10000,1,0.1,0.3,0.5,0.00518,0.17934,0.03893
5,10000,1,0.1,0.3,0.5,0.00518,0.17418,0.04377
0,10000,1,0.1,0.3,0.5,0.00429,0.1527,0.05039
1,10000,1,0.1,0.3,0.5,0.00429,0.14382,0.04361
2,10000,1,0.1,0.3,0.5,0.00429,0.16301,0.04453
3,10000,1,0.1,0.3,0.5,0.00429,0.16357,0.05519
4,10000,1,0.1,0.3,0.5,0.00429,0.16127,0.04466
5,10000,1,0.1,0.3,0.5,0.00429,0.15543,0.04955
0,10000,1,0.1,0.3,0.5,0.00356,0.13622,0.05678
1,10000,1,0.1,0.3,0.5,0.00356,0.12582,0.04861
2,10000,1,0.1,0.3,0.5,0.00356,0.14716,0.04975
3,10000,1,0.1,0.3,0.5,0.00356,0.14858,0.06137
4,10000,1,0.1,0.3,0.5,0.00356,0.14572,0.0511
5,10000,1,0.1,0.3,0.5,0.00356,0.13945,0.05588
0,10000,1,0.1,0.3,0.5,0.00295,0.12309,0.06384
1,10000,1,0.1,0.3,0.5,0.00295,0.11093,0.05422
2,10000,1,0.1,0.3,0.5,0.00295,0.13398,0.05575
3,10000,1,0.1,0.3,0.5,0.00295,0.13654,0.06812
4,10000,1,0.1,0.3,0.5,0.00295,0.13311,0.05831
5,10000,1,0.1,0.3,0.5,0.00295,0.12665,0.06272
0,10000,1,0.1,0.3,0.5,0.00244,0.11379,0.07156
1,10000,1,0.1,0.3,0.5,0.00244,0.09974,0.06054
2,10000,1,0.1,0.3,0.5,0.00244,0.12385,0.06262
3,10000,1,0.1,0.3,0.5,0.00244,0.12774,0.07542
4,10000,1,0.1,0.3,0.5,0.00244,0.12385,0.06635
5,10000,1,0.1,0.3,0.5,0.00244,0.11736,0.07006
0,10000,1,0.1,0.3,0.5,0.00202,0.10858,0.07992
1,10000,1,0.1,0.3,0.5,0.00202,0.09276,0.06766
2,10000,1,0.1,0.3,0.5,0.00202,0.11709,0.07041
3,10000,1,0.1,0.3,0.5,0.00202,0.12231,0.08328
4,10000,1,0.1,0.3,0.5,0.00202,0.11825,0.07526
5,10000,1,0.1,0.3,0.5,0.00202,0.11176,0.0779
0,10000,1,0.1,0.3,0.5,0.00168,0.10741,0.08891
1,10000,1,0.1,0.3,0.5,0.00168,0.09028,0.07571
2,10000,1,0.1,0.3,0.5,0.00168,0.11385,0.07918
3,10000,1,0.1,0.3,0.5,0.00168,0.12019,0.09171
4,10000,1,0.1,0.3,0.5,0.00168,0.11642,0.08509
5,10000,1,0.1,0.3,0.5,0.00168,0.10979,0.08631
0,10000,1,0.1,0.3,0.5,0.00139,0.10988,0.09855
1,10000,1,0.1,0.3,0.5,0.00139,0.09217,0.08481
2,10000,1,0.1,0.3,0.5,0.00139,0.11412,0.08891
3,10000,1,0.1,0.3,0.5,0.00139,0.12115,0.10074
4,10000,1,0.1,0.3,0.5,0.00139,0.11825,0.09587
5,10000,1,0.1,0.3,0.5,0.00139,0.11121,0.09537
0,10000,1,0.1,0.3,0.5,0.00115,0.11544,0.10888
1,10000,1,0.1,0.3,0.5,0.00115,0.09793,0.09506
2,10000,1,0.1,0.3,0.5,0.00115,0.11769,0.09964
3,10000,1,0.1,0.3,0.5,0.00115,0.1249,0.11045
4,10000,1,0.1,0.3,0.5,0.00115,0.12339,0.10763
5,10000,1,0.1,0.3,0.5,0.00115,0.11566,0.1052
0,10000,1,0.1,0.3,0.5,0.00095,0.12354,0.12001
1,10000,1,0.1,0.3,0.5,0.00095,0.10691,0.10658
2,10000,1,0.1,0.3,0.5,0.00095,0.1242,0.11142
3,10000,1,0.1,0.3,0.5,0.00095,0.13114,0.121
4,10000,1,0.1,0.3,0.5,0.00095,0.13143,0.1204
5,10000,1,0.1,0.3,0.5,0.00095,0.12274,0.11595
0,10000,1,0.1,0.3,0.5,0.00079,0.13374,0.13205
1,10000,1,0.1,0.3,0.5,0.00079,0.11854,0.11949
2,10000,1,0.1,0.3,0.5,0.00079,0.13332,0.12431
3,10000,1,0.1,0.3,0.5,0.00079,0.13966,0.13258
4,10000,1,0.1,0.3,0.5,0.00079,0.14195,0.13425
5,10000,1,0.1,0.3,0.5,0.00079,0.13215,0.1278
0,10000,1,0.1,0.3,0.5,0.00066,0.1458,0.14517
1,10000,1,0.1,0.3,0.5,0.00066,0.13244,0.13391
2,10000,1,0.1,0.3,0.5,0.00066,0.14477,0.13843
3,10000,1,0.1,0.3,0.5,0.00066,0.15038,0.14545
4,10000,1,0.1,0.3,0.5,0.00066,0.15462,0.14922
5,10000,1,0.1,0.3,0.5,0.00066,0.1437,0.14094
0,10000,1,0.1,0.3,0.5,0.00054,0.1596,0.15954
1,10000,1,0.1,0.3,0.5,0.00054,0.14841,0.14999
2,10000,1,0.1,0.3,0.5,0.00054,0.15839,0.15391
3,10000,1,0.1,0.3,0.5,0.00054,0.1633,0.15987
4,10000,1,0.1,0.3,0.5,0.00054,0.16919,0.16539
5,10000,1,0.1,0.3,0.5,0.00054,0.1573,0.15556
0,10000,1,0.1,0.3,0.5,0.00045,0.17514,0.17537
1,10000,1,0.1,0.3,0.5,0.00045,0.16636,0.16784
2,10000,1,0.1,0.3,0.5,0.00045,0.17408,0.17091
3,10000,1,0.1,0.3,0.5,0.00045,0.17848,0.17609
4,10000,1,0.1,0.3,0.5,0.00045,0.18554,0.18284
5,10000,1,0.1,0.3,0.5,0.00045,0.17296,0.17187
0,10000,1,0.1,0.3,0.5,0.00037,0.19251,0.19285
1,10000,1,0.1,0.3,0.5,0.00037,0.1863,0.18759
2,10000,1,0.1,0.3,0.5,0.00037,0.19182,0.18957
3,10000,1,0.1,0.3,0.5,0.00037,0.19601,0.19434
4,10000,1,0.1,0.3,0.5,0.00037,0.20361,0.20168
5,10000,1,0.1,0.3,0.5,0.00037,0.19073,0.19004
0,10000,1,0.1,0.3,0.5,0.00031,0.21183,0.21219
1,10000,1,0.1,0.3,0.5,0.00031,0.20826,0.20935
2,10000,1,0.1,0.3,0.5,0.00031,0.21167,0.21006
3,10000,1,0.1,0.3,0.5,0.00031,0.21602,0.21485
4,10000,1,0.1,0.3,0.5,0.00031,0.22348,0.22209
5,10000,1,0.1,0.3,0.5,0.00031,0.21069,0.21026
0,10000,1,0.1,0.3,0.5,0.00026,0.23328,0.23362
1,10000,1,0.1,0.3,0.5,0.00026,0.23231,0.2332
2,10000,1,0.1,0.3,0.5,0.00026,0.23368,0.23253
3,10000,1,0.1,0.3,0.5,0.00026,0.23862,0.2378
4,10000,1,0.1,0.3,0.5,0.00026,0.2453,0.24429
5,10000,1,0.1,0.3,0.5,0.00026,0.23296,0.23269
0,10000,1,0.1,0.3,0.5,0.00021,0.25707,0.25737
1,10000,1,0.1,0.3,0.5,0.00021,0.25854,0.25925
2,10000,1,0.1,0.3,0.5,0.00021,0.25798,0.25715
3,10000,1,0.1,0.3,0.5,0.00021,0.26395,0.26337
4,10000,1,0.1,0.3,0.5,0.00021,0.26928,0.26854
5,10000,1,0.1,0.3,0.5,0.00021,0.25767,0.2575
0,10000,1,0.1,0.3,0.5,0.00018,0.28344,0.28369
1,10000,1,0.1,0.3,0.5,0.00018,0.28707,0.28763
2,10000,1,0.1,0.3,0.5,0.00018,0.28475,0.28414
3,10000,1,0.1,0.3,0.5,0.00018,0.29214,0.29172
4,10000,1,0.1,0.3,0.5,0.00018,0.2957,0.29515
5,10000,1,0.1,0.3,0.5,0.00018,0.28497,0.28485
0,10000,1,0.1,0.3,0.5,0.00015,0.31264,0.31284
1,10000,1,0.1,0.3,0.5,0.00015,0.31808,0.31851
2,10000,1,0.1,0.3,0.5,0.00015,0.31416,0.31373
3,10000,1,0.1,0.3,0.5,0.00015,0.32332,0.32302
4,10000,1,0.1,0.3,0.5,0.00015,0.32484,0.32443
5,10000,1,0.1,0.3,0.5,0.00015,0.31501,0.31494
0,10000,1,0.1,0.3,0.5,0.00012,0.34493,0.34509
1,10000,1,0.1,0.3,0.5,0.00012,0.3518,0.35214
2,10000,1,0.1,0.3,0.5,0.00012,0.34648,0.34616
3,10000,1,0.1,0.3,0.5,0.00012,0.35765,0.35743
4,10000,1,0.1,0.3,0.5,0.00012,0.35699,0.35669
5,10000,1,0.1,0.3,0.5,0.00012,0.34803,0.34799
0,10000,1,0.1,0.3,0.5,0.0001,0.38061,0.38073
1,10000,1,0.1,0.3,0.5,0.0001,0.38854,0.3888
2,10000,1,0.1,0.3,0.5,0.0001,0.38199,0.38175
3,10000,1,0.1,0.3,0.5,0.0001,0.3953,0.39514
4,10000,1,0.1,0.3,0.5,0.0001,0.39247,0.39225
5,10000,1,0.1,0.3,0.5,0.0001,0.38429,0.38426
0,10000,1,0.1,0.3,0.5,1.0,0.74616,0.00166
1,10000,1,0.1,0.3,0.5,1.0,0.74617,0.00166
2,10000,1,0.1,0.3,0.5,1.0,0.74613,0.00171
3,10000,1,0.1,0.3,0.5,1.0,0.74613,0.0017
4,10000,1,0.1,0.3,0.5,1.0,0.74614,0.00169
5,10000,1,0.1,0.3,0.5,1.0,0.74612,0.00171
0,10000,1,0.1,0.3,0.5,0.82864,0.74548,0.00241
1,10000,1,0.1,0.3,0.5,0.82864,0.74549,0.0024
2,10000,1,0.1,0.3,0.5,0.82864,0.74543,0.00247
3,10000,1,0.1,0.3,0.5,0.82864,0.74543,0.00247
4,10000,1,0.1,0.3,0.5,0.82864,0.74545,0.00244
5,10000,1,0.1,0.3,0.5,0.82864,0.74543,0.00247
0,10000,1,0.1,0.3,0.5,0.68665,0.74451,0.00347
1,10000,1,0.1,0.3,0.5,0.68665,0.74452,0.00346
2,10000,1,0.1,0.3,0.5,0.68665,0.74443,0.00356
3,10000,1,0.1,0.3,0.5,0.68665,0.74443,0.00356
4,10000,1,0.1,0.3,0.5,0.68665,0.74446,0.00353
5,10000,1,0.1,0.3,0.5,0.68665,0.74443,0.00356
0,10000,1,0.1,0.3,0.5,0.56899,0.74311,0.00499
1,10000,1,0.1,0.3,0.5,0.56899,0.74313,0.00497
2,10000,1,0.1,0.3,0.5,0.56899,0.74299,0.00512
3,10000,1,0.1,0.3,0.5,0.56899,0.743,0.00512
4,10000,1,0.1,0.3,0.5,0.56899,0.74304,0.00507
5,10000,1,0.1,0.3,0.5,0.56899,0.74299,0.00512
0,10000,1,0.1,0.3,0.5,0.47149,0.74111,0.00713
1,10000,1,0.1,0.3,0.5,0.47149,0.74114,0.0071
2,10000,1,0.1,0.3,0.5,0.47149,0.74095,0.00731
3,10000,1,0.1,0.3,0.5,0.47149,0.74096,0.0073
4,10000,1,0.1,0.3,0.5,0.47149,0.74101,0.00724
5,10000,1,0.1,0.3,0.5,0.47149,0.74095,0.00731
0,10000,1,0.1,0.3,0.5,0.39069,0.73828,0.00999
1,10000,1,0.1,0.3,0.5,0.39069,0.73832,0.00994
2,10000,1,0.1,0.3,0.5,0.39069,0.73805,0.01024
3,10000,1,0.1,0.3,0.5,0.39069,0.73806,0.01024
4,10000,1,0.1,0.3,0.5,0.39069,0.73814,0.01014
5,10000,1,0.1,0.3,0.5,0.39069,0.73804,0.01025
0,10000,1,0.1,0.3,0.5,0.32375,0.73429,0.01352
1,10000,1,0.1,0.3,0.5,0.32375,0.73435,0.01345
2,10000,1,0.1,0.3,0.5,0.32375,0.73396,0.01389
3,10000,1,0.1,0.3,0.5,0.32375,0.73398,0.01388
4,10000,1,0.1,0.3,0.5,0.32375,0.7341,0.01375
5,10000,1,0.1,0.3,0.5,0.32375,0.73396,0.0139
0,10000,1,0.1,0.3,0.5,0.26827,0.72873,0.01737
1,10000,1,0.1,0.3,0.5,0.26827,0.72882,0.01727
2,10000,1,0.1,0.3,0.5,0.26827,0.72826,0.01788
3,10000,1,0.1,0.3,0.5,0.26827,0.72828,0.01787
4,10000,1,0.1,0.3,0.5,0.26827,0.72845,0.01768
5,10000,1,0.1,0.3,0.5,0.26827,0.72826,0.01789
0,10000,1,0.1,0.3,0.5,0.2223,0.72106,0.02078
1,10000,1,0.1,0.3,0.5,0.2223,0.72118,0.02064
2,10000,1,0.1,0.3,0.5,0.2223,0.72041,0.0215
3,10000,1,0.1,0.3,0.5,0.2223,0.72043,0.02149
4,10000,1,0.1,0.3,0.5,0.2223,0.72067,0.02123
5,10000,1,0.1,0.3,0.5,0.2223,0.7204,0.02152
0,10000,1,0.1,0.3,0.5,0.18421,0.71066,0.02279
1,10000,1,0.1,0.3,0.5,0.18421,0.71083,0.0226
2,10000,1,0.1,0.3,0.5,0.18421,0.70974,0.0238
3,10000,1,0.1,0.3,0.5,0.18421,0.70978,0.02378
4,10000,1,0.1,0.3,0.5,0.18421,0.71011,0.02343
5,10000,1,0.1,0.3,0.5,0.18421,0.70973,0.02383
0,10000,1,0.1,0.3,0.5,0.15264,0.69681,0.02265
1,10000,1,0.1,0.3,0.5,0.15264,0.69704,0.02238
2,10000,1,0.1,0.3,0.5,0.15264,0.69555,0.02403
3,10000,1,0.1,0.3,0.5,0.15264,0.6956,0.02402
4,10000,1,0.1,0.3,0.5,0.15264,0.69605,0.02354
5,10000,1,0.1,0.3,0.5,0.15264,0.69553,0.02408
0,10000,1,0.1,0.3,0.5,0.12649,0.67884,0.02012
1,10000,1,0.1,0.3,0.5,0.12649,0.67915,0.01973
2,10000,1,0.1,0.3,0.5,0.12649,0.67713,0.02197
3,10000,1,0.1,0.3,0.5,0.12649,0.6772,0.02199
4,10000,1,0.1,0.3,0.5,0.12649,0.67781,0.02135
5,10000,1,0.1,0.3,0.5,0.12649,0.67711,0.02207
0,10000,1,0.1,0.3,0.5,0.10481,0.65622,0.01569
1,10000,1,0.1,0.3,0.5,0.10481,0.65663,0.01513
2,10000,1,0.1,0.3,0.5,0.10481,0.65397,0.01809
3,10000,1,0.1,0.3,0.5,0.10481,0.65406,0.01819
4,10000,1,0.1,0.3,0.5,0.10481,0.65487,0.01738
5,10000,1,0.1,0.3,0.5,0.10481,0.65394,0.01827
0,10000,1,0.1,0.3,0.5,0.08685,0.62881,0.01046
1,10000,1,0.1,0.3,0.5,0.08685,0.62934,0.00962
2,10000,1,0.1,0.3,0.5,0.08685,0.62591,0.0134
3,10000,1,0.1,0.3,0.5,0.08685,0.62603,0.01372
4,10000,1,0.1,0.3,0.5,0.08685,0.62707,0.01278
5,10000,1,0.1,0.3,0.5,0.08685,0.62588,0.01378
0,10000,1,0.1,0.3,0.5,0.07197,0.59699,0.00612
1,10000,1,0.1,0.3,0.5,0.07197,0.59765,0.00479
2,10000,1,0.1,0.3,0.5,0.07197,0.59338,0.00909
3,10000,1,0.1,0.3,0.5,0.07197,0.59353,0.00999
4,10000,1,0.1,0.3,0.5,0.07197,0.59483,0.00912
5,10000,1,0.1,0.3,0.5,0.07197,0.59333,0.00992
0,10000,1,0.1,0.3,0.5,0.05964,0.56177,0.00514
1,10000,1,0.1,0.3,0.5,0.05964,0.56256,0.00394
2,10000,1,0.1,0.3,0.5,0.05964,0.55743,0.00615
3,10000,1,0.1,0.3,0.5,0.05964,0.55761,0.00826
4,10000,1,0.1,0.3,0.5,0.05964,0.55918,0.00782
5,10000,1,0.1,0.3,0.5,0.05964,0.55736,0.00785
0,10000,1,0.1,0.3,0.5,0.04942,0.5246,0.00704
1,10000,1,0.1,0.3,0.5,0.04942,0.52554,0.00647
2,10000,1,0.1,0.3,0.5,0.04942,0.51963,0.0052
3,10000,1,0.1,0.3,0.5,0.04942,0.51984,0.00874
4,10000,1,0.1,0.3,0.5,0.04942,0.52164,0.00872
5,10000,1,0.1,0.3,0.5,0.04942,0.51952,0.00791
0,10000,1,0.1,0.3,0.5,0.04095,0.48712,0.00917
1,10000,1,0.1,0.3,0.5,0.04095,0.48818,0.0091
2,10000,1,0.1,0.3,0.5,0.04095,0.48169,0.00561
3,10000,1,0.1,0.3,0.5,0.04095,0.48193,0.01037
4,10000,1,0.1,0.3,0.5,0.04095,0.4839,0.01033
5,10000,1,0.1,0.3,0.5,0.04095,0.48151,0.00899
0,10000,1,0.1,0.3,0.5,0.03393,0.45066,0.01106
1,10000,1,0.1,0.3,0.5,0.03393,0.45184,0.0114
2,10000,1,0.1,0.3,0.5,0.03393,0.44505,0.00678
3,10000,1,0.1,0.3,0.5,0.03393,0.44531,0.01256
4,10000,1,0.1,0.3,0.5,0.03393,0.44736,0.01213
5,10000,1,0.1,0.3,0.5,0.03393,0.44476,0.01065
0,10000,1,0.1,0.3,0.5,0.02812,0.41607,0.01281
1,10000,1,0.1,0.3,0.5,0.02812,0.41734,0.01358
2,10000,1,0.1,0.3,0.5,0.02812,0.41062,0.00834
3,10000,1,0.1,0.3,0.5,0.02812,0.41089,0.01506
4,10000,1,0.1,0.3,0.5,0.02812,0.41288,0.01401
5,10000,1,0.1,0.3,0.5,0.02812,0.41013,0.01261
0,10000,1,0.1,0.3,0.5,0.0233,0.3836,0.01457
1,10000,1,0.1,0.3,0.5,0.0233,0.38494,0.01579
2,10000,1,0.1,0.3,0.5,0.0233,0.3787,0.01017
3,10000,1,0.1,0.3,0.5,0.0233,0.37897,0.01777
4,10000,1,0.1,0.3,0.5,0.0233,0.38075,0.01599
5,10000,1,0.1,0.3,0.5,0.0233,0.37789,0.01477
0,10000,1,0.1,0.3,0.5,0.01931,0.35313,0.01643
1,10000,1,0.1,0.3,0.5,0.01931,0.35449,0.01807
2,10000,1,0.1,0.3,0.5,0.01931,0.34913,0.0123
3,10000,1,0.1,0.3,0.5,0.01931,0.34938,0.02065
4,10000,1,0.1,0.3,0.5,0.01931,0.35081,0.0181
5,10000,1,0.1,0.3,0.5,0.01931,0.34785,0.01709
0,10000,1,0.1,0.3,0.5,0.016,0.32428,0.01844
1,10000,1,0.1,0.3,0.5,0.016,0.32563,0.02043
2,10000,1,0.1,0.3,0.5,0.016,0.32153,0.01476
3,10000,1,0.1,0.3,0.5,0.016,0.32173,0.02368
4,10000,1,0.1,0.3,0.5,0.016,0.32267,0.02034
5,10000,1,0.1,0.3,0.5,0.016,0.31957,0.01953
0,10000,1,0.1,0.3,0.5,0.01326,0.29666,0.02068
1,10000,1,0.1,0.3,0.5,0.01326,0.29797,0.02288
2,10000,1,0.1,0.3,0.5,0.01326,0.29546,0.01764
3,10000,1,0.1,0.3,0.5,0.01326,0.29558,0.02685
4,10000,1,0.1,0.3,0.5,0.01326,0.2959,0.02275
5,10000,1,0.1,0.3,0.5,0.01326,0.29258,0.0221
0,10000,1,0.1,0.3,0.5,0.01099,0.27003,0.02316
1,10000,1,0.1,0.3,0.5,0.01099,0.27124,0.02545
2,10000,1,0.1,0.3,0.5,0.01099,0.27062,0.02098
3,10000,1,0.1,0.3,0.5,0.01099,0.27061,0.03016
4,10000,1,0.1,0.3,0.5,0.01099,0.2702,0.02539
5,10000,1,0.1,0.3,0.5,0.01099,0.26654,0.02483
0,10000,1,0.1,0.3,0.5,0.0091,0.24429,0.02595
1,10000,1,0.1,0.3,0.5,0.0091,0.24536,0.02819
2,10000,1,0.1,0.3,0.5,0.0091,0.24688,0.02481
3,10000,1,0.1,0.3,0.5,0.0091,0.24667,0.03364
4,10000,1,0.1,0.3,0.5,0.0091,0.24547,0.02834
5,10000,1,0.1,0.3,0.5,0.0091,0.24131,0.02776
0,10000,1,0.1,0.3,0.5,0.00754,0.21958,0.02908
1,10000,1,0.1,0.3,0.5,0.00754,0.22047,0.03113
2,10000,1,0.1,0.3,0.5,0.00754,0.22429,0.02912
3,10000,1,0.1,0.3,0.5,0.00754,0.22381,0.0373
4,10000,1,0.1,0.3,0.5,0.00754,0.2218,0.03173
5,10000,1,0.1,0.3,0.5,0.00754,0.21699,0.03097
0,10000,1,0.1,0.3,0.5,0.00625,0.19616,0.0326
1,10000,1,0.1,0.3,0.5,0.00625,0.19683,0.03435
2,10000,1,0.1,0.3,0.5,0.00625,0.20308,0.03389
3,10000,1,0.1,0.3,0.5,0.00625,0.20225,0.04122
4,10000,1,0.1,0.3,0.5,0.00625,0.19945,0.03566
5,10000,1,0.1,0.3,0.5,0.00625,0.19384,0.03453
0,10000,1,0.1,0.3,0.5,0.00518,0.17439,0.03656
1,10000,1,0.1,0.3,0.5,0.00518,0.17479,0.03789
2,10000,1,0.1,0.3,0.5,0.00518,0.18353,0.03911
3,10000,1,0.1,0.3,0.5,0.00518,0.1823,0.04545
4,10000,1,0.1,0.3,0.5,0.00518,0.17879,0.04025
5,10000,1,0.1,0.3,0.5,0.00518,0.17221,0.03849
0,10000,1,0.1,0.3,0.5,0.00429,0.15467,0.04101
1,10000,1,0.1,0.3,0.5,0.00429,0.15475,0.04181
2,10000,1,0.1,0.3,0.5,0.00429,0.16597,0.04478
3,10000,1,0.1,0.3,0.5,0.00429,0.16431,0.0501
4,10000,1,0.1,0.3,0.5,0.00429,0.16024,0.04555
5,10000,1,0.1,0.3,0.5,0.00429,0.15255,0.04294
0,10000,1,0.1,0.3,0.5,0.00356,0.13741,0.04602
1,10000,1,0.1,0.3,0.5,0.00356,0.13707,0.04618
2,10000,1,0.1,0.3,0.5,0.00356,0.15074,0.05092
3,10000,1,0.1,0.3,0.5,0.00356,0.14867,0.05531
4,10000,1,0.1,0.3,0.5,0.00356,0.14424,0.05158
5,10000,1,0.1,0.3,0.5,0.00356,0.1353,0.04794
0,10000,1,0.1,0.3,0.5,0.00295,0.12301,0.05164
1,10000,1,0.1,0.3,0.5,0.00295,0.12217,0.05109
2,10000,1,0.1,0.3,0.5,0.00295,0.13816,0.05759
3,10000,1,0.1,0.3,0.5,0.00295,0.13575,0.06119
4,10000,1,0.1,0.3,0.5,0.00295,0.13119,0.05833
5,10000,1,0.1,0.3,0.5,0.00295,0.12092,0.05357
0,10000,1,0.1,0.3,0.5,0.00244,0.11187,0.05794
1,10000,1,0.1,0.3,0.5,0.00244,0.11041,0.05666
2,10000,1,0.1,0.3,0.5,0.00244,0.12849,0.06486
3,10000,1,0.1,0.3,0.5,0.00244,0.12591,0.06785
4,10000,1,0.1,0.3,0.5,0.00244,0.12146,0.06578
5,10000,1,0.1,0.3,0.5,0.00244,0.10989,0.05993
0,10000,1,0.1,0.3,0.5,0.00202,0.10431,0.06501
1,10000,1,0.1,0.3,0.5,0.00202,0.10216,0.06302
2,10000,1,0.1,0.3,0.5,0.00202,0.12197,0.07279
3,10000,1,0.1,0.3,0.5,0.00202,0.11942,0.07538
4,10000,1,0.1,0.3,0.5,0.00202,0.11526,0.07392
5,10000,1,0.1,0.3,0.5,0.00202,0.10259,0.06712
0,10000,1,0.1,0.3,0.5,0.00168,0.10057,0.07296
1,10000,1,0.1,0.3,0.5,0.00168,0.09773,0.07035
2,10000,1,0.1,0.3,0.5,0.00168,0.11867,0.08144
3,10000,1,0.1,0.3,0.5,0.00168,0.1164,0.08381
4,10000,1,0.1,0.3,0.5,0.00168,0.11267,0.08277
5,10000,1,0.1,0.3,0.5,0.00168,0.09929,0.07523
0,10000,1,0.1,0.3,0.5,0.00139,0.10064,0.08191
1,10000,1,0.1,0.3,0.5,0.00139,0.09722,0.07883
2,10000,1,0.1,0.3,0.5,0.00139,0.11857,0.09087
3,10000,1,0.1,0.3,0.5,0.00139,0.11675,0.09313
4,10000,1,0.1,0.3,0.5,0.00139,0.11356,0.0924
5,10000,1,0.1,0.3,0.5,0.00139,0.09993,0.08434
0,10000,1,0.1,0.3,0.5,0.00115,0.10431,0.09197
1,10000,1,0.1,0.3,0.5,0.00115,0.10055,0.08861
2,10000,1,0.1,0.3,0.5,0.00115,0.12146,0.10113
3,10000,1,0.1,0.3,0.5,0.00115,0.12022,0.10335
4,10000,1,0.1,0.3,0.5,0.00115,0.11766,0.10293
5,10000,1,0.1,0.3,0.5,0.00115,0.10419,0.0945
0,10000,1,0.1,0.3,0.5,0.00095,0.11121,0.10326
1,10000,1,0.1,0.3,0.5,0.00095,0.10739,0.09987
2,10000,1,0.1,0.3,0.5,0.00095,0.1271,0.1123
3,10000,1,0.1,0.3,0.5,0.00095,0.12644,0.11452
4,10000,1,0.1,0.3,0.5,0.00095,0.12462,0.11447
5,10000,1,0.1,0.3,0.5,0.00095,0.11158,0.10579
0,10000,1,0.1,0.3,0.5,0.00079,0.12091,0.11588
1,10000,1,0.1,0.3,0.5,0.00079,0.11734,0.11271
2,10000,1,0.1,0.3,0.5,0.00079,0.13519,0.12447
3,10000,1,0.1,0.3,0.5,0.00079,0.1351,0.12671
4,10000,1,0.1,0.3,0.5,0.00079,0.13413,0.12717
5,10000,1,0.1,0.3,0.5,0.00079,0.1216,0.11828
0,10000,1,0.1,0.3,0.5,0.00066,0.13306,0.12991
1,10000,1,0.1,0.3,0.5,0.00066,0.13004,0.12723
2,10000,1,0.1,0.3,0.5,0.00066,0.14553,0.13778
3,10000,1,0.1,0.3,0.5,0.00066,0.14597,0.14006
4,10000,1,0.1,0.3,0.5,0.00066,0.14591,0.14114
5,10000,1,0.1,0.3,0.5,0.00066,0.1339,0.13209
0,10000,1,0.1,0.3,0.5,0.00054,0.1474,0.14545
1,10000,1,0.1,0.3,0.5,0.00054,0.14516,0.14348
2,10000,1,0.1,0.3,0.5,0.00054,0.15801,0.1524
3,10000,1,0.1,0.3,0.5,0.00054,0.15892,0.15476
4,10000,1,0.1,0.3,0.5,0.00054,0.15977,0.15649
5,10000,1,0.1,0.3,0.5,0.00054,0.14826,0.14734
0,10000,1,0.1,0.3,0.5,0.00045,0.16381,0.1626
1,10000,1,0.1,0.3,0.5,0.00045,0.16251,0.16151
2,10000,1,0.1,0.3,0.5,0.00045,0.17261,0.16855
3,10000,1,0.1,0.3,0.5,0.00045,0.17392,0.17099
4,10000,1,0.1,0.3,0.5,0.00045,0.17558,0.17332
5,10000,1,0.1,0.3,0.5,0.00045,0.16461,0.1642
0,10000,1,0.1,0.3,0.5,0.00037,0.18225,0.18151
1,10000,1,0.1,0.3,0.5,0.00037,0.18196,0.18137
2,10000,1,0.1,0.3,0.5,0.00037,0.18941,0.18646
3,10000,1,0.1,0.3,0.5,0.00037,0.19099,0.18892
4,10000,1,0.1,0.3,0.5,0.00037,0.19329,0.19172
5,10000,1,0.1,0.3,0.5,0.00037,0.18295,0.18282
0,10000,1,0.1,0.3,0.5,0.00031,0.20277,0.20232
1,10000,1,0.1,0.3,0.5,0.00031,0.20349,0.20315
2,10000,1,0.1,0.3,0.5,0.00031,0.2085,0.20635
3,10000,1,0.1,0.3,0.5,0.00031,0.21019,0.20871
4,10000,1,0.1,0.3,0.5,0.00031,0.21293,0.21182
5,10000,1,0.1,0.3,0.5,0.00031,0.20335,0.20336
0,10000,1,0.1,0.3,0.5,0.00026,0.22547,0.22519
1,10000,1,0.1,0.3,0.5,0.00026,0.22714,0.22694
2,10000,1,0.1,0.3,0.5,0.00026,0.23001,0.22845
3,10000,1,0.1,0.3,0.5,0.00026,0.23159,0.23053
4,10000,1,0.1,0.3,0.5,0.00026,0.23458,0.23381
5,10000,1,0.1,0.3,0.5,0.00026,0.22594,0.22602
0,10000,1,0.1,0.3,0.5,0.00021,0.25049,0.25033
1,10000,1,0.1,0.3,0.5,0.00021,0.253,0.25289
2,10000,1,0.1,0.3,0.5,0.00021,0.25409,0.25294
3,10000,1,0.1,0.3,0.5,0.00021,0.25532,0.25456
4,10000,1,0.1,0.3,0.5,0.00021,0.25846,0.25791
5,10000,1,0.1,0.3,0.5,0.00021,0.25088,0.25098
0,10000,1,0.1,0.3,0.5,0.00018,0.27804,0.27794
1,10000,1,0.1,0.3,0.5,0.00018,0.28122,0.28116
2,10000,1,0.1,0.3,0.5,0.00018,0.28086,0.28002
3,10000,1,0.1,0.3,0.5,0.00018,0.28156,0.28102
4,10000,1,0.1,0.3,0.5,0.00018,0.28479,0.2844
5,10000,1,0.1,0.3,0.5,0.00018,0.27836,0.27846
0,10000,1,0.1,0.3,0.5,0.00015,0.30833,0.30828
1,10000,1,0.1,0.3,0.5,0.00015,0.31201,0.31198
2,10000,1,0.1,0.3,0.5,0.00015,0.31048,0.30987
3,10000,1,0.1,0.3,0.5,0.00015,0.31052,0.31013
4,10000,1,0.1,0.3,0.5,0.00015,0.31388,0.3136
5,10000,1,0.1,0.3,0.5,0.00015,0.30862,0.30872
0,10000,1,0.1,0.3,0.5,0.00012,0.34166,0.34163
1,10000,1,0.1,0.3,0.5,0.00012,0.34565,0.34564
2,10000,1,0.1,0.3,0.5,0.00012,0.34316,0.3427
3,10000,1,0.1,0.3,0.5,0.00012,0.34246,0.34218
4,10000,1,0.1,0.3,0.5,0.00012,0.34605,0.34585
5,10000,1,0.1,0.3,0.5,0.00012,0.34194,0.34202
0,10000,1,0.1,0.3,0.5,0.0001,0.37833,0.37832
1,10000,1,0.1,0.3,0.5,0.0001,0.38246,0.38246
2,10000,1,0.1,0.3,0.5,0.0001,0.37911,0.37878
3,10000,1,0.1,0.3,0.5,0.0001,0.37767,0.37746
4,10000,1,0.1,0.3,0.5,0.0001,0.38162,0.38147
5,10000,1,0.1,0.3,0.5,0.0001,0.37863,0.37869
0,10000,1,0.1,0.3,0.5,1.0,0.74628,0.00168
1,10000,1,0.1,0.3,0.5,1.0,0.74627,0.00169
2,10000,1,0.1,0.3,0.5,1.0,0.74623,0.00173
3,10000,1,0.1,0.3,0.5,1.0,0.74626,0.00171
4,10000,1,0.1,0.3,0.5,1.0,0.74626,0.0017
5,10000,1,0.1,0.3,0.5,1.0,0.74625,0.00171
0,10000,1,0.1,0.3,0.5,0.82864,0.7456,0.00243
1,10000,1,0.1,0.3,0.5,0.82864,0.74558,0.00244
2,10000,1,0.1,0.3,0.5,0.82864,0.74553,0.0025
3,10000,1,0.1,0.3,0.5,0.82864,0.74556,0.00247
4,10000,1,0.1,0.3,0.5,0.82864,0.74556,0.00246
5,10000,1,0.1,0.3,0.5,0.82864,0.74555,0.00248
0,10000,1,0.1,0.3,0.5,0.68665,0.74461,0.0035
1,10000,1,0.1,0.3,0.5,0.68665,0.74459,0.00352
2,10000,1,0.1,0.3,0.5,0.68665,0.74451,0.00361
3,10000,1,0.1,0.3,0.5,0.68665,0.74456,0.00356
4,10000,1,0.1,0.3,0.5,0.68665,0.74456,0.00355
5,10000,1,0.1,0.3,0.5,0.68665,0.74454,0.00358
0,10000,1,0.1,0.3,0.5,0.56899,0.74321,0.00503
1,10000,1,0.1,0.3,0.5,0.56899,0.74318,0.00506
2,10000,1,0.1,0.3,0.5,0.56899,0.74305,0.0052
3,10000,1,0.1,0.3,0.5,0.56899,0.74313,0.00512
4,10000,1,0.1,0.3,0.5,0.56899,0.74313,0.00511
5,10000,1,0.1,0.3,0.5,0.56899,0.7431,0.00515
0,10000,1,0.1,0.3,0.5,0.47149,0.7412,0.00718
1,10000,1,0.1,0.3,0.5,0.47149,0.74115,0.00723
2,10000,1,0.1,0.3,0.5,0.47149,0.74098,0.00742
3,10000,1,0.1,0.3,0.5,0.47149,0.74108,0.00731
4,10000,1,0.1,0.3,0.5,0.47149,0.74109,0.0073
5,10000,1,0.1,0.3,0.5,0.47149,0.74104,0.00735
0,10000,1,0.1,0.3,0.5,0.39069,0.73835,0.01007
1,10000,1,0.1,0.3,0.5,0.39069,0.73828,0.01013
2,10000,1,0.1,0.3,0.5,0.39069,0.73803,0.0104
3,10000,1,0.1,0.3,0.5,0.39069,0.73818,0.01024
4,10000,1,0.1,0.3,0.5,0.39069,0.7382,0.01023
5,10000,1,0.1,0.3,0.5,0.39069,0.73813,0.0103
0,10000,1,0.1,0.3,0.5,0.32375,0.73433,0.01364
1,10000,1,0.1,0.3,0.5,0.32375,0.73424,0.01372
2,10000,1,0.1,0.3,0.5,0.32375,0.73389,0.01412
3,10000,1,0.1,0.3,0.5,0.32375,0.7341,0.01388
4,10000,1,0.1,0.3,0.5,0.32375,0.73412,0.01386
5,10000,1,0.1,0.3,0.5,0.32375,0.73402,0.01397
0,10000,1,0.1,0.3,0.5,0.26827,0.72873,0.01753
1,10000,1,0.1,0.3,0.5,0.26827,0.72861,0.01765
2,10000,1,0.1,0.3,0.5,0.26827,0.7281,0.01821
3,10000,1,0.1,0.3,0.5,0.26827,0.7284,0.01788
4,10000,1,0.1,0.3,0.5,0.26827,0.72843,0.01785
5,10000,1,0.1,0.3,0.5,0.26827,0.72829,0.018
0,10000,1,0.1,0.3,0.5,0.2223,0.72101,0.02101
1,10000,1,0.1,0.3,0.5,0.2223,0.72084,0.02118
2,10000,1,0.1,0.3,0.5,0.2223,0.72012,0.02196
3,10000,1,0.1,0.3,0.5,0.2223,0.72054,0.0215
4,10000,1,0.1,0.3,0.5,0.2223,0.72059,0.02146
5,10000,1,0.1,0.3,0.5,0.2223,0.72039,0.02167
0,10000,1,0.1,0.3,0.5,0.18421,0.71053,0.02312
1,10000,1,0.1,0.3,0.5,0.18421,0.71029,0.02335
2,10000,1,0.1,0.3,0.5,0.18421,0.7093,0.02444
3,10000,1,0.1,0.3,0.5,0.18421,0.70988,0.02378
4,10000,1,0.1,0.3,0.5,0.18421,0.70994,0.02374
5,10000,1,0.1,0.3,0.5,0.18421,0.70966,0.02402
0,10000,1,0.1,0.3,0.5,0.15264,0.69659,0.02314
1,10000,1,0.1,0.3,0.5,0.15264,0.69625,0.02342
2,10000,1,0.1,0.3,0.5,0.15264,0.69489,0.02491
3,10000,1,0.1,0.3,0.5,0.15264,0.69569,0.02401
4,10000,1,0.1,0.3,0.5,0.15264,0.69578,0.02396
5,10000,1,0.1,0.3,0.5,0.15264,0.69539,0.02434
0,10000,1,0.1,0.3,0.5,0.12649,0.6785,0.02085
1,10000,1,0.1,0.3,0.5,0.12649,0.67803,0.02116
2,10000,1,0.1,0.3,0.5,0.12649,0.6762,0.02318
3,10000,1,0.1,0.3,0.5,0.12649,0.67728,0.02195
4,10000,1,0.1,0.3,0.5,0.12649,0.6774,0.0219
5,10000,1,0.1,0.3,0.5,0.12649,0.67688,0.02239
0,10000,1,0.1,0.3,0.5,0.10481,0.65574,0.01682
1,10000,1,0.1,0.3,0.5,0.10481,0.65511,0.01706
2,10000,1,0.1,0.3,0.5,0.10481,0.6527,0.01972
3,10000,1,0.1,0.3,0.5,0.10481,0.65412,0.01806
4,10000,1,0.1,0.3,0.5,0.10481,0.65428,0.01805
5,10000,1,0.1,0.3,0.5,0.10481,0.65359,0.01865
0,10000,1,0.1,0.3,0.5,0.08685,0.62815,0.01237
1,10000,1,0.1,0.3,0.5,0.08685,0.62735,0.01219
2,10000,1,0.1,0.3,0.5,0.08685,0.62424,0.01556
3,10000,1,0.1,0.3,0.5,0.08685,0.62607,0.01335
4,10000,1,0.1,0.3,0.5,0.08685,0.62627,0.01351
5,10000,1,0.1,0.3,0.5,0.08685,0.62539,0.01412
0,10000,1,0.1,0.3,0.5,0.07197,0.59614,0.00942
1,10000,1,0.1,0.3,0.5,0.07197,0.59514,0.00796
2,10000,1,0.1,0.3,0.5,0.07197,0.59125,0.0119
3,10000,1,0.1,0.3,0.5,0.07197,0.59353,0.00901
4,10000,1,0.1,0.3,0.5,0.07197,0.5938,0.00961
5,10000,1,0.1,0.3,0.5,0.07197,0.59269,0.00998
0,10000,1,0.1,0.3,0.5,0.05964,0.56073,0.0094
1,10000,1,0.1,0.3,0.5,0.05964,0.55952,0.00582
2,10000,1,0.1,0.3,0.5,0.05964,0.55481,0.00963
3,10000,1,0.1,0.3,0.5,0.05964,0.55757,0.00605
4,10000,1,0.1,0.3,0.5,0.05964,0.5579,0.00754
5,10000,1,0.1,0.3,0.5,0.05964,0.55655,0.00718
0,10000,1,0.1,0.3,0.5,0.04942,0.52339,0.01128
1,10000,1,0.1,0.3,0.5,0.04942,0.52203,0.00616
2,10000,1,0.1,0.3,0.5,0.04942,0.51653,0.00909
3,10000,1,0.1,0.3,0.5,0.04942,0.51973,0.00501
4,10000,1,0.1,0.3,0.5,0.04942,0.52012,0.00751
5,10000,1,0.1,0.3,0.5,0.04942,0.51854,0.00627
0,10000,1,0.1,0.3,0.5,0.04095,0.48577,0.01351
1,10000,1,0.1,0.3,0.5,0.04095,0.48433,0.00739
2,10000,1,0.1,0.3,0.5,0.04095,0.47815,0.0097
3,10000,1,0.1,0.3,0.5,0.04095,0.48171,0.00533
4,10000,1,0.1,0.3,0.5,0.04095,0.48216,0.00854
5,10000,1,0.1,0.3,0.5,0.04095,0.48038,0.00659
0,10000,1,0.1,0.3,0.5,0.03393,0.44924,0.01571
1,10000,1,0.1,0.3,0.5,0.03393,0.44784,0.00879
2,10000,1,0.1,0.3,0.5,0.03393,0.44113,0.01108
3,10000,1,0.1,0.3,0.5,0.03393,0.44493,0.0064
4,10000,1,0.1,0.3,0.5,0.03393,0.44545,0.01006
5,10000,1,0.1,0.3,0.5,0.03393,0.44351,0.0078
0,10000,1,0.1,0.3,0.5,0.02812,0.41464,0.01787
1,10000,1,0.1,0.3,0.5,0.02812,0.41343,0.01026
2,10000,1,0.1,0.3,0.5,0.02812,0.40635,0.01288
3,10000,1,0.1,0.3,0.5,0.02812,0.41024,0.00783
4,10000,1,0.1,0.3,0.5,0.02812,0.41084,0.01186
5,10000,1,0.1,0.3,0.5,0.02812,0.40882,0.00947
0,10000,1,0.1,0.3,0.5,0.0233,0.38225,0.02005
1,10000,1,0.1,0.3,0.5,0.0233,0.38139,0.01186
2,10000,1,0.1,0.3,0.5,0.0233,0.37406,0.0149
3,10000,1,0.1,0.3,0.5,0.0233,0.3779,0.00956
4,10000,1,0.1,0.3,0.5,0.0233,0.37861,0.01388
5,10000,1,0.1,0.3,0.5,0.0233,0.37658,0.01145
0,10000,1,0.1,0.3,0.5,0.01931,0.35193,0.02234
1,10000,1,0.1,0.3,0.5,0.01931,0.35154,0.01368
2,10000,1,0.1,0.3,0.5,0.01931,0.34403,0.01705
3,10000,1,0.1,0.3,0.5,0.01931,0.34768,0.01159
4,10000,1,0.1,0.3,0.5,0.01931,0.34859,0.01612
5,10000,1,0.1,0.3,0.5,0.01931,0.34662,0.01369
0,10000,1,0.1,0.3,0.5,0.016,0.32331,0.02477
1,10000,1,0.1,0.3,0.5,0.016,0.3235,0.01579
2,10000,1,0.1,0.3,0.5,0.016,0.31575,0.01933
3,10000,1,0.1,0.3,0.5,0.016,0.31913,0.01395
4,10000,1,0.1,0.3,0.5,0.016,0.32035,0.01858
5,10000,1,0.1,0.3,0.5,0.016,0.31852,0.01625
0,10000,1,0.1,0.3,0.5,0.01326,0.29601,0.02739
1,10000,1,0.1,0.3,0.5,0.01326,0.29684,0.0183
2,10000,1,0.1,0.3,0.5,0.01326,0.28872,0.02177
3,10000,1,0.1,0.3,0.5,0.01326,0.29177,0.01669
4,10000,1,0.1,0.3,0.5,0.01326,0.29343,0.02127
5,10000,1,0.1,0.3,0.5,0.01326,0.29184,0.01919
0,10000,1,0.1,0.3,0.5,0.01099,0.26976,0.03024
1,10000,1,0.1,0.3,0.5,0.01099,0.27125,0.02126
2,10000,1,0.1,0.3,0.5,0.01099,0.26255,0.0244
3,10000,1,0.1,0.3,0.5,0.01099,0.26523,0.01985
4,10000,1,0.1,0.3,0.5,0.01099,0.26752,0.02423
5,10000,1,0.1,0.3,0.5,0.01099,0.26625,0.02256
0,10000,1,0.1,0.3,0.5,0.0091,0.24449,0.03336
1,10000,1,0.1,0.3,0.5,0.0091,0.2466,0.02471
2,10000,1,0.1,0.3,0.5,0.0091,0.23712,0.02732
3,10000,1,0.1,0.3,0.5,0.0091,0.23941,0.02347
4,10000,1,0.1,0.3,0.5,0.0091,0.24249,0.02754
5,10000,1,0.1,0.3,0.5,0.0091,0.24164,0.02641
0,10000,1,0.1,0.3,0.5,0.00754,0.22033,0.03681
1,10000,1,0.1,0.3,0.5,0.00754,0.22298,0.02872
2,10000,1,0.1,0.3,0.5,0.00754,0.21253,0.03062
3,10000,1,0.1,0.3,0.5,0.00754,0.21442,0.02757
4,10000,1,0.1,0.3,0.5,0.00754,0.21845,0.03128
5,10000,1,0.1,0.3,0.5,0.00754,0.21812,0.03074
0,10000,1,0.1,0.3,0.5,0.00625,0.19756,0.04066
1,10000,1,0.1,0.3,0.5,0.00625,0.20064,0.0333
2,10000,1,0.1,0.3,0.5,0.00625,0.18908,0.0344
3,10000,1,0.1,0.3,0.5,0.00625,0.19055,0.03217
4,10000,1,0.1,0.3,0.5,0.00625,0.19567,0.03554
5,10000,1,0.1,0.3,0.5,0.00625,0.19595,0.03557
0,10000,1,0.1,0.3,0.5,0.00518,0.17656,0.04499
1,10000,1,0.1,0.3,0.5,0.00518,0.17995,0.03849
2,10000,1,0.1,0.3,0.5,0.00518,0.1672,0.03873
3,10000,1,0.1,0.3,0.5,0.00518,0.16823,0.03726
4,10000,1,0.1,0.3,0.5,0.00518,0.17457,0.04042
5,10000,1,0.1,0.3,0.5,0.00518,0.17551,0.0409
0,10000,1,0.1,0.3,0.5,0.00429,0.15775,0.04986
1,10000,1,0.1,0.3,0.5,0.00429,0.16132,0.04432
2,10000,1,0.1,0.3,0.5,0.00429,0.14739,0.0437
3,10000,1,0.1,0.3,0.5,0.00429,0.14797,0.04282
4,10000,1,0.1,0.3,0.5,0.00429,0.1556,0.04598
5,10000,1,0.1,0.3,0.5,0.00429,0.15723,0.04677
0,10000,1,0.1,0.3,0.5,0.00356,0.14156,0.05533
1,10000,1,0.1,0.3,0.5,0.00356,0.14521,0.05082
2,10000,1,0.1,0.3,0.5,0.00356,0.1302,0.04933
3,10000,1,0.1,0.3,0.5,0.00356,0.1303,0.04886
4,10000,1,0.1,0.3,0.5,0.00356,0.13928,0.05224
5,10000,1,0.1,0.3,0.5,0.00356,0.14156,0.0532
0,10000,1,0.1,0.3,0.5,0.00295,0.12842,0.06145
1,10000,1,0.1,0.3,0.5,0.00295,0.13206,0.05799
2,10000,1,0.1,0.3,0.5,0.00295,0.11617,0.05567
3,10000,1,0.1,0.3,0.5,0.00295,0.11576,0.0554
4,10000,1,0.1,0.3,0.5,0.00295,0.1261,0.05925
5,10000,1,0.1,0.3,0.5,0.00295,0.12894,0.06025
0,10000,1,0.1,0.3,0.5,0.00244,0.11867,0.06826
1,10000,1,0.1,0.3,0.5,0.00244,0.12227,0.06585
2,10000,1,0.1,0.3,0.5,0.00244,0.10584,0.06273
3,10000,1,0.1,0.3,0.5,0.00244,0.10492,0.06249
4,10000,1,0.1,0.3,0.5,0.00244,0.11653,0.06701
5,10000,1,0.1,0.3,0.5,0.00244,0.11975,0.06797
0,10000,1,0.1,0.3,0.5,0.00202,0.11257,0.07584
1,10000,1,0.1,0.3,0.5,0.00202,0.11612,0.07442
2,10000,1,0.1,0.3,0.5,0.00202,0.09961,0.07056
3,10000,1,0.1,0.3,0.5,0.00202,0.09819,0.07019
4,10000,1,0.1,0.3,0.5,0.00202,0.11088,0.07555
5,10000,1,0.1,0.3,0.5,0.00202,0.11424,0.07639
0,10000,1,0.1,0.3,0.5,0.00168,0.1102,0.08427
1,10000,1,0.1,0.3,0.5,0.00168,0.11371,0.08376
2,10000,1,0.1,0.3,0.5,0.00168,0.09763,0.0792
3,10000,1,0.1,0.3,0.5,0.00168,0.09576,0.0786
4,10000,1,0.1,0.3,0.5,0.00168,0.10922,0.08491
5,10000,1,0.1,0.3,0.5,0.00168,0.11248,0.08559
0,10000,1,0.1,0.3,0.5,0.00139,0.11144,0.09361
1,10000,1,0.1,0.3,0.5,0.00139,0.11491,0.0939
2,10000,1,0.1,0.3,0.5,0.00139,0.09968,0.08875
3,10000,1,0.1,0.3,0.5,0.00139,0.09742,0.08783
4,10000,1,0.1,0.3,0.5,0.00139,0.11136,0.09515
5,10000,1,0.1,0.3,0.5,0.00139,0.11428,0.09563
0,10000,1,0.1,0.3,0.5,0.00115,0.11594,0.10394
1,10000,1,0.1,0.3,0.5,0.00115,0.1194,0.10492
2,10000,1,0.1,0.3,0.5,0.00115,0.1053,0.0993
3,10000,1,0.1,0.3,0.5,0.00115,0.10269,0.09797
4,10000,1,0.1,0.3,0.5,0.00115,0.11686,0.10633
5,10000,1,0.1,0.3,0.5,0.00115,0.11931,0.1066
0,10000,1,0.1,0.3,0.5,0.00095,0.12328,0.11532
1,10000,1,0.1,0.3,0.5,0.00095,0.12677,0.11691
2,10000,1,0.1,0.3,0.5,0.00095,0.11392,0.11096
3,10000,1,0.1,0.3,0.5,0.00095,0.11095,0.10915
4,10000,1,0.1,0.3,0.5,0.00095,0.12525,0.11854
5,10000,1,0.1,0.3,0.5,0.00095,0.12717,0.11861
0,10000,1,0.1,0.3,0.5,0.00079,0.13307,0.12783
1,10000,1,0.1,0.3,0.5,0.00079,0.13661,0.12994
2,10000,1,0.1,0.3,0.5,0.00079,0.12504,0.12386
3,10000,1,0.1,0.3,0.5,0.00079,0.12166,0.12147
4,10000,1,0.1,0.3,0.5,0.00079,0.13607,0.13187
5,10000,1,0.1,0.3,0.5,0.00079,0.1375,0.13177
0,10000,1,0.1,0.3,0.5,0.00066,0.14499,0.14157
1,10000,1,0.1,0.3,0.5,0.00066,0.14863,0.14412
2,10000,1,0.1,0.3,0.5,0.00066,0.13834,0.13813
3,10000,1,0.1,0.3,0.5,0.00066,0.13447,0.13509
4,10000,1,0.1,0.3,0.5,0.00066,0.149,0.14641
5,10000,1,0.1,0.3,0.5,0.00066,0.15001,0.14619
0,10000,1,0.1,0.3,0.5,0.00054,0.15888,0.15664
1,10000,1,0.1,0.3,0.5,0.00054,0.16262,0.15958
2,10000,1,0.1,0.3,0.5,0.00054,0.15362,0.15389
3,10000,1,0.1,0.3,0.5,0.00054,0.1492,0.15015
4,10000,1,0.1,0.3,0.5,0.00054,0.16381,0.16223
5,10000,1,0.1,0.3,0.5,0.00054,0.16452,0.16197
0,10000,1,0.1,0.3,0.5,0.00045,0.17467,0.1732
1,10000,1,0.1,0.3,0.5,0.00045,0.1785,0.17644
2,10000,1,0.1,0.3,0.5,0.00045,0.1708,0.17128
3,10000,1,0.1,0.3,0.5,0.00045,0.16582,0.16684
4,10000,1,0.1,0.3,0.5,0.00045,0.18041,0.17946
5,10000,1,0.1,0.3,0.5,0.00045,0.18092,0.17921
0,10000,1,0.1,0.3,0.5,0.00037,0.19235,0.19139
1,10000,1,0.1,0.3,0.5,0.00037,0.19627,0.19486
2,10000,1,0.1,0.3,0.5,0.00037,0.18989,0.19043
3,10000,1,0.1,0.3,0.5,0.00037,0.18439,0.18534
4,10000,1,0.1,0.3,0.5,0.00037,0.19878,0.19822
5,10000,1,0.1,0.3,0.5,0.00037,0.19919,0.19804
0,10000,1,0.1,0.3,0.5,0.00031,0.212,0.21136
1,10000,1,0.1,0.3,0.5,0.00031,0.21601,0.21504
2,10000,1,0.1,0.3,0.5,0.00031,0.21094,0.21145
3,10000,1,0.1,0.3,0.5,0.00031,0.20501,0.20584
4,10000,1,0.1,0.3,0.5,0.00031,0.21901,0.21869
5,10000,1,0.1,0.3,0.5,0.00031,0.21937,0.21859
0,10000,1,0.1,0.3,0.5,0.00026,0.23372,0.2333
1,10000,1,0.1,0.3,0.5,0.00026,0.23784,0.23718
2,10000,1,0.1,0.3,0.5,0.00026,0.23403,0.23448
3,10000,1,0.1,0.3,0.5,0.00026,0.22781,0.22851
4,10000,1,0.1,0.3,0.5,0.00026,0.24122,0.24104
5,10000,1,0.1,0.3,0.5,0.00026,0.24155,0.24102
0,10000,1,0.1,0.3,0.5,0.00021,0.25769,0.25741
1,10000,1,0.1,0.3,0.5,0.00021,0.26195,0.26148
2,10000,1,0.1,0.3,0.5,0.00021,0.25926,0.25964
3,10000,1,0.1,0.3,0.5,0.00021,0.25295,0.25353
4,10000,1,0.1,0.3,0.5,0.00021,0.26558,0.26549
5,10000,1,0.1,0.3,0.5,0.00021,0.26586,0.2655
0,10000,1,0.1,0.3,0.5,0.00018,0.28408,0.28389
1,10000,1,0.1,0.3,0.5,0.00018,0.28853,0.28821
2,10000,1,0.1,0.3,0.5,0.00018,0.2868,0.28711
3,10000,1,0.1,0.3,0.5,0.00018,0.2806,0.28106
4,10000,1,0.1,0.3,0.5,0.00018,0.2923,0.29225
5,10000,1,0.1,0.3,0.5,0.00018,0.29249,0.29224
0,10000,1,0.1,0.3,0.5,0.00015,0.31313,0.313
1,10000,1,0.1,0.3,0.5,0.00015,0.31782,0.3176
2,10000,1,0.1,0.3,0.5,0.00015,0.31682,0.31707
3,10000,1,0.1,0.3,0.5,0.00015,0.31098,0.31134
4,10000,1,0.1,0.3,0.5,0.00015,0.32157,0.32156
5,10000,1,0.1,0.3,0.5,0.00015,0.32167,0.3215
0,10000,1,0.1,0.3,0.5,0.00012,0.34511,0.34502
1,10000,1,0.1,0.3,0.5,0.00012,0.35008,0.34992
2,10000,1,0.1,0.3,0.5,0.00012,0.34957,0.34977
3,10000,1,0.1,0.3,0.5,0.00012,0.34434,0.34463
4,10000,1,0.1,0.3,0.5,0.00012,0.35364,0.35364
5,10000,1,0.1,0.3,0.5,0.00012,0.35367,0.35355
0,10000,1,0.1,0.3,0.5,0.0001,0.38029,0.38022
1,10000,1,0.1,0.3,0.5,0.0001,0.3856,0.38549
2,10000,1,0.1,0.3,0.5,0.0001,0.38535,0.3855
3,10000,1,0.1,0.3,0.5,0.0001,0.38102,0.38124
4,10000,1,0.1,0.3,0.5,0.0001,0.38878,0.38878
5,10000,1,0.1,0.3,0.5,0.0001,0.38884,0.38875
0,10000,1,0.1,0.3,0.5,1.0,0.74614,0.00169
1,10000,1,0.1,0.3,0.5,1.0,0.74613,0.00171
2,10000,1,0.1,0.3,0.5,1.0,0.74614,0.00169
3,10000,1,0.1,0.3,0.5,1.0,0.74615,0.00168
4,10000,1,0.1,0.3,0.5,1.0,0.74613,0.00171
5,10000,1,0.1,0.3,0.5,1.0,0.74614,0.0017
0,10000,1,0.1,0.3,0.5,0.82864,0.74546,0.00244
1,10000,1,0.1,0.3,0.5,0.82864,0.74543,0.00247
2,10000,1,0.1,0.3,0.5,0.82864,0.74545,0.00245
3,10000,1,0.1,0.3,0.5,0.82864,0.74546,0.00244
4,10000,1,0.1,0.3,0.5,0.82864,0.74543,0.00247
5,10000,1,0.1,0.3,0.5,0.82864,0.74544,0.00245
0,10000,1,0.1,0.3,0.5,0.68665,0.74447,0.00352
1,10000,1,0.1,0.3,0.5,0.68665,0.74443,0.00357
2,10000,1,0.1,0.3,0.5,0.68665,0.74445,0.00353
3,10000,1,0.1,0.3,0.5,0.68665,0.74447,0.00352
4,10000,1,0.1,0.3,0.5,0.68665,0.74443,0.00356
5,10000,1,0.1,0.3,0.5,0.68665,0.74445,0.00354
0,10000,1,0.1,0.3,0.5,0.56899,0.74305,0.00506
1,10000,1,0.1,0.3,0.5,0.56899,0.74299,0.00513
2,10000,1,0.1,0.3,0.5,0.56899,0.74303,0.00508
3,10000,1,0.1,0.3,0.5,0.56899,0.74305,0.00506
4,10000,1,0.1,0.3,0.5,0.56899,0.74299,0.00512
5,10000,1,0.1,0.3,0.5,0.56899,0.74302,0.00509
0,10000,1,0.1,0.3,0.5,0.47149,0.74102,0.00723
1,10000,1,0.1,0.3,0.5,0.47149,0.74094,0.00732
2,10000,1,0.1,0.3,0.5,0.47149,0.741,0.00726
3,10000,1,0.1,0.3,0.5,0.47149,0.74103,0.00722
4,10000,1,0.1,0.3,0.5,0.47149,0.74095,0.00731
5,10000,1,0.1,0.3,0.5,0.47149,0.74099,0.00727
0,10000,1,0.1,0.3,0.5,0.39069,0.73816,0.01013
1,10000,1,0.1,0.3,0.5,0.39069,0.73804,0.01026
2,10000,1,0.1,0.3,0.5,0.39069,0.73812,0.01017
3,10000,1,0.1,0.3,0.5,0.39069,0.73817,0.01012
4,10000,1,0.1,0.3,0.5,0.39069,0.73804,0.01025
5,10000,1,0.1,0.3,0.5,0.39069,0.7381,0.01019
0,10000,1,0.1,0.3,0.5,0.32375,0.73412,0.01373
1,10000,1,0.1,0.3,0.5,0.32375,0.73395,0.01391
2,10000,1,0.1,0.3,0.5,0.32375,0.73407,0.01378
3,10000,1,0.1,0.3,0.5,0.32375,0.73413,0.01371
4,10000,1,0.1,0.3,0.5,0.32375,0.73396,0.01389
5,10000,1,0.1,0.3,0.5,0.32375,0.73404,0.01381
0,10000,1,0.1,0.3,0.5,0.26827,0.72848,0.01766
1,10000,1,0.1,0.3,0.5,0.26827,0.72824,0.01792
2,10000,1,0.1,0.3,0.5,0.26827,0.72841,0.01774
3,10000,1,0.1,0.3,0.5,0.26827,0.7285,0.01763
4,10000,1,0.1,0.3,0.5,0.26827,0.72826,0.01789
5,10000,1,0.1,0.3,0.5,0.26827,0.72837,0.01778
0,10000,1,0.1,0.3,0.5,0.2223,0.72071,0.02119
1,10000,1,0.1,0.3,0.5,0.2223,0.72037,0.02156
2,10000,1,0.1,0.3,0.5,0.2223,0.72061,0.0213
3,10000,1,0.1,0.3,0.5,0.2223,0.72074,0.02115
4,10000,1,0.1,0.3,0.5,0.2223,0.72039,0.02152
5,10000,1,0.1,0.3,0.5,0.2223,0.72055,0.02136
0,10000,1,0.1,0.3,0.5,0.18421,0.71016,0.02338
1,10000,1,0.1,0.3,0.5,0.18421,0.70969,0.02388
2,10000,1,0.1,0.3,0.5,0.18421,0.71002,0.02352
3,10000,1,0.1,0.3,0.5,0.18421,0.71021,0.02331
4,10000,1,0.1,0.3,0.5,0.18421,0.70973,0.02382
5,10000,1,0.1,0.3,0.5,0.18421,0.70995,0.02361
0,10000,1,0.1,0.3,0.5,0.15264,0.69613,0.02348
1,10000,1,0.1,0.3,0.5,0.15264,0.69548,0.02415
2,10000,1,0.1,0.3,0.5,0.15264,0.69593,0.02367
3,10000,1,0.1,0.3,0.5,0.15264,0.6962,0.02339
4,10000,1,0.1,0.3,0.5,0.15264,0.69553,0.02406
5,10000,1,0.1,0.3,0.5,0.15264,0.69583,0.02379
0,10000,1,0.1,0.3,0.5,0.12649,0.67792,0.02129
1,10000,1,0.1,0.3,0.5,0.12649,0.67704,0.02217
2,10000,1,0.1,0.3,0.5,0.12649,0.67765,0.02152
3,10000,1,0.1,0.3,0.5,0.12649,0.67801,0.02115
4,10000,1,0.1,0.3,0.5,0.12649,0.67711,0.02203
5,10000,1,0.1,0.3,0.5,0.12649,0.67752,0.02171
0,10000,1,0.1,0.3,0.5,0.10481,0.65501,0.01736
1,10000,1,0.1,0.3,0.5,0.10481,0.65384,0.01843
2,10000,1,0.1,0.3,0.5,0.10481,0.65465,0.0176
3,10000,1,0.1,0.3,0.5,0.10481,0.65514,0.01714
4,10000,1,0.1,0.3,0.5,0.10481,0.65394,0.0182
5,10000,1,0.1,0.3,0.5,0.10481,0.65448,0.01788
0,10000,1,0.1,0.3,0.5,0.08685,0.62726,0.01293
1,10000,1,0.1,0.3,0.5,0.08685,0.62575,0.01404
2,10000,1,0.1,0.3,0.5,0.08685,0.6268,0.01304
3,10000,1,0.1,0.3,0.5,0.08685,0.62742,0.01252
4,10000,1,0.1,0.3,0.5,0.08685,0.62587,0.01361
5,10000,1,0.1,0.3,0.5,0.08685,0.62657,0.01348
0,10000,1,0.1,0.3,0.5,0.07197,0.59507,0.00971
1,10000,1,0.1,0.3,0.5,0.07197,0.59318,0.01036
2,10000,1,0.1,0.3,0.5,0.07197,0.5945,0.00934
3,10000,1,0.1,0.3,0.5,0.07197,0.59525,0.00891
4,10000,1,0.1,0.3,0.5,0.07197,0.59331,0.00951
5,10000,1,0.1,0.3,0.5,0.07197,0.5942,0.01007
0,10000,1,0.1,0.3,0.5,0.05964,0.55947,0.0091
1,10000,1,0.1,0.3,0.5,0.05964,0.5572,0.00854
2,10000,1,0.1,0.3,0.5,0.05964,0.5588,0.00782
3,10000,1,0.1,0.3,0.5,0.05964,0.55966,0.00775
4,10000,1,0.1,0.3,0.5,0.05964,0.55732,0.00698
5,10000,1,0.1,0.3,0.5,0.05964,0.55842,0.0089
0,10000,1,0.1,0.3,0.5,0.04942,0.52199,0.01044
1,10000,1,0.1,0.3,0.5,0.04942,0.51936,0.00872
2,10000,1,0.1,0.3,0.5,0.04942,0.52124,0.00841
3,10000,1,0.1,0.3,0.5,0.04942,0.52215,0.00861
4,10000,1,0.1,0.3,0.5,0.04942,0.51945,0.00644
5,10000,1,0.1,0.3,0.5,0.04942,0.52076,0.00977
0,10000,1,0.1,0.3,0.5,0.04095,0.48429,0.01247
1,10000,1,0.1,0.3,0.5,0.04095,0.48139,0.0098
2,10000,1,0.1,0.3,0.5,0.04095,0.48353,0.00975
3,10000,1,0.1,0.3,0.5,0.04095,0.48435,0.01011
4,10000,1,0.1,0.3,0.5,0.04095,0.48138,0.00693
5,10000,1,0.1,0.3,0.5,0.04095,0.48291,0.01132
0,10000,1,0.1,0.3,0.5,0.03393,0.44778,0.01458
1,10000,1,0.1,0.3,0.5,0.03393,0.44474,0.01131
2,10000,1,0.1,0.3,0.5,0.03393,0.44709,0.01133
3,10000,1,0.1,0.3,0.5,0.03393,0.44763,0.01167
4,10000,1,0.1,0.3,0.5,0.03393,0.44454,0.00795
5,10000,1,0.1,0.3,0.5,0.03393,0.44628,0.01313
0,10000,1,0.1,0.3,0.5,0.02812,0.41331,0.01668
1,10000,1,0.1,0.3,0.5,0.02812,0.41028,0.01305
2,10000,1,0.1,0.3,0.5,0.02812,0.41279,0.01303
3,10000,1,0.1,0.3,0.5,0.02812,0.41283,0.0133
4,10000,1,0.1,0.3,0.5,0.02812,0.40981,0.00918
5,10000,1,0.1,0.3,0.5,0.02812,0.41173,0.01505
0,10000,1,0.1,0.3,0.5,0.0233,0.38116,0.01884
1,10000,1,0.1,0.3,0.5,0.0233,0.37831,0.01496
2,10000,1,0.1,0.3,0.5,0.0233,0.38093,0.0149
3,10000,1,0.1,0.3,0.5,0.0233,0.38022,0.01515
4,10000,1,0.1,0.3,0.5,0.0233,0.37746,0.01056
5,10000,1,0.1,0.3,0.5,0.0233,0.37952,0.01712
0,10000,1,0.1,0.3,0.5,0.01931,0.35114,0.02111
1,10000,1,0.1,0.3,0.5,0.01931,0.34865,0.01711
2,10000,1,0.1,0.3,0.5,0.01931,0.35134,0.017
3,10000,1,0.1,0.3,0.5,0.01931,0.34961,0.01733
4,10000,1,0.1,0.3,0.5,0.01931,0.34732,0.01207
5,10000,1,0.1,0.3,0.5,0.01931,0.34946,0.0194
0,10000,1,0.1,0.3,0.5,0.016,0.32286,0.02355
1,10000,1,0.1,0.3,0.5,0.016,0.32087,0.01954
2,10000,1,0.1,0.3,0.5,0.016,0.32363,0.01942
3,10000,1,0.1,0.3,0.5,0.016,0.32062,0.01989
4,10000,1,0.1,0.3,0.5,0.016,0.319,0.01377
5,10000,1,0.1,0.3,0.5,0.016,0.32113,0.02195
0,10000,1,0.1,0.3,0.5,0.01326,0.29588,0.02622
1,10000,1,0.1,0.3,0.5,0.01326,0.29451,0.02229
2,10000,1,0.1,0.3,0.5,0.01326,0.29734,0.02222
3,10000,1,0.1,0.3,0.5,0.01326,0.29284,0.02282
4,10000,1,0.1,0.3,0.5,0.01326,0.29204,0.01572
5,10000,1,0.1,0.3,0.5,0.01326,0.29407,0.0248
0,10000,1,0.1,0.3,0.5,0.01099,0.2699,0.02918
1,10000,1,0.1,0.3,0.5,0.01099,0.26923,0.02539
2,10000,1,0.1,0.3,0.5,0.01099,0.27217,0.02543
3,10000,1,0.1,0.3,0.5,0.01099,0.26598,0.02611
4,10000,1,0.1,0.3,0.5,0.01099,0.26614,0.01801
5,10000,1,0.1,0.3,0.5,0.01099,0.26797,0.02795
0,10000,1,0.1,0.3,0.5,0.0091,0.24482,0.03246
1,10000,1,0.1,0.3,0.5,0.0091,0.24488,0.02883
2,10000,1,0.1,0.3,0.5,0.0091,0.24799,0.02909
3,10000,1,0.1,0.3,0.5,0.0091,0.23999,0.0297
4,10000,1,0.1,0.3,0.5,0.0091,0.24119,0.02074
5,10000,1,0.1,0.3,0.5,0.0091,0.24269,0.0314
0,10000,1,0.1,0.3,0.5,0.00754,0.22076,0.0361
1,10000,1,0.1,0.3,0.5,0.00754,0.22153,0.03265
2,10000,1,0.1,0.3,0.5,0.00754,0.22488,0.03321
3,10000,1,0.1,0.3,0.5,0.00754,0.21499,0.03357
4,10000,1,0.1,0.3,0.5,0.00754,0.21727,0.02399
5,10000,1,0.1,0.3,0.5,0.00754,0.21836,0.03518
0,10000,1,0.1,0.3,0.5,0.00625,0.19798,0.04012
1,10000,1,0.1,0.3,0.5,0.00625,0.19941,0.03685
2,10000,1,0.1,0.3,0.5,0.00625,0.20306,0.03778
3,10000,1,0.1,0.3,0.5,0.00625,0.19129,0.03773
4,10000,1,0.1,0.3,0.5,0.00625,0.19464,0.02779
5,10000,1,0.1,0.3,0.5,0.00625,0.19524,0.03928
0,10000,1,0.1,0.3,0.5,0.00518,0.17687,0.04453
1,10000,1,0.1,0.3,0.5,0.00518,0.17886,0.04147
2,10000,1,0.1,0.3,0.5,0.00518,0.18289,0.04281
3,10000,1,0.1,0.3,0.5,0.00518,0.16929,0.0422
4,10000,1,0.1,0.3,0.5,0.00518,0.17363,0.03218
5,10000,1,0.1,0.3,0.5,0.00518,0.17373,0.04377
0,10000,1,0.1,0.3,0.5,0.00429,0.15785,0.04936
1,10000,1,0.1,0.3,0.5,0.00429,0.16029,0.04656
2,10000,1,0.1,0.3,0.5,0.00429,0.16473,0.0483
3,10000,1,0.1,0.3,0.5,0.00429,0.14945,0.04704
4,10000,1,0.1,0.3,0.5,0.00429,0.15464,0.03715
5,10000,1,0.1,0.3,0.5,0.00429,0.15429,0.04869
0,10000,1,0.1,0.3,0.5,0.00356,0.14132,0.05465
1,10000,1,0.1,0.3,0.5,0.00356,0.14411,0.05217
2,10000,1,0.1,0.3,0.5,0.00356,0.14898,0.05427
3,10000,1,0.1,0.3,0.5,0.00356,0.13225,0.05234
4,10000,1,0.1,0.3,0.5,0.00356,0.13805,0.04271
5,10000,1,0.1,0.3,0.5,0.00356,0.13741,0.05415
0,10000,1,0.1,0.3,0.5,0.00295,0.12772,0.06044
1,10000,1,0.1,0.3,0.5,0.00295,0.13074,0.05839
2,10000,1,0.1,0.3,0.5,0.00295,0.13599,0.06075
3,10000,1,0.1,0.3,0.5,0.00295,0.1182,0.0582
4,10000,1,0.1,0.3,0.5,0.00295,0.12424,0.04887
5,10000,1,0.1,0.3,0.5,0.00295,0.12361,0.06026
0,10000,1,0.1,0.3,0.5,0.00244,0.11739,0.06681
1,10000,1,0.1,0.3,0.5,0.00244,0.12057,0.06529
2,10000,1,0.1,0.3,0.5,0.00244,0.12609,0.0678
3,10000,1,0.1,0.3,0.5,0.00244,0.10777,0.06472
4,10000,1,0.1,0.3,0.5,0.00244,0.11357,0.05568
5,10000,1,0.1,0.3,0.5,0.00244,0.11341,0.06717
0,10000,1,0.1,0.3,0.5,0.00202,0.11061,0.07386
1,10000,1,0.1,0.3,0.5,0.00202,0.11391,0.07294
2,10000,1,0.1,0.3,0.5,0.00202,0.1195,0.07547
3,10000,1,0.1,0.3,0.5,0.00202,0.10134,0.072
4,10000,1,0.1,0.3,0.5,0.00202,0.10631,0.06318
5,10000,1,0.1,0.3,0.5,0.00202,0.10725,0.07502
0,10000,1,0.1,0.3,0.5,0.00168,0.10751,0.0817
1,10000,1,0.1,0.3,0.5,0.00168,0.11089,0.08141
2,10000,1,0.1,0.3,0.5,0.00168,0.11632,0.08385
3,10000,1,0.1,0.3,0.5,0.00168,0.09903,0.08012
4,10000,1,0.1,0.3,0.5,0.00168,0.10265,0.07146
5,10000,1,0.1,0.3,0.5,0.00168,0.10533,0.08393
0,10000,1,0.1,0.3,0.5,0.00139,0.10802,0.09045
1,10000,1,0.1,0.3,0.5,0.00139,0.11144,0.09077
2,10000,1,0.1,0.3,0.5,0.00139,0.11648,0.09302
3,10000,1,0.1,0.3,0.5,0.00139,0.10067,0.08918
4,10000,1,0.1,0.3,0.5,0.00139,0.10258,0.08061
5,10000,1,0.1,0.3,0.5,0.00139,0.10754,0.09398
0,10000,1,0.1,0.3,0.5,0.00115,0.11189,0.10025
1,10000,1,0.1,0.3,0.5,0.00115,0.11527,0.10106
2,10000,1,0.1,0.3,0.5,0.00115,0.11977,0.10308
3,10000,1,0.1,0.3,0.5,0.00115,0.10581,0.09926
4,10000,1,0.1,0.3,0.5,0.00115,0.10592,0.09077
5,10000,1,0.1,0.3,0.5,0.00115,0.11343,0.10522
0,10000,1,0.1,0.3,0.5,0.00095,0.11876,0.11121
1,10000,1,0.1,0.3,0.5,0.00095,0.122,0.11237
2,10000,1,0.1,0.3,0.5,0.00095,0.1259,0.11414
3,10000,1,0.1,0.3,0.5,0.00095,0.11391,0.11047
4,10000,1,0.1,0.3,0.5,0.00095,0.11236,0.10206
5,10000,1,0.1,0.3,0.5,0.00095,0.12241,0.11765
0,10000,1,0.1,0.3,0.5,0.00079,0.12828,0.12347
1,10000,1,0.1,0.3,0.5,0.00079,0.13124,0.12477
2,10000,1,0.1,0.3,0.5,0.00079,0.13457,0.12634
3,10000,1,0.1,0.3,0.5,0.00079,0.12452,0.12292
4,10000,1,0.1,0.3,0.5,0.00079,0.12157,0.11462
5,10000,1,0.1,0.3,0.5,0.00079,0.13392,0.1313
0,10000,1,0.1,0.3,0.5,0.00066,0.14015,0.13712
1,10000,1,0.1,0.3,0.5,0.00066,0.14269,0.13836
2,10000,1,0.1,0.3,0.5,0.00066,0.14556,0.13981
3,10000,1,0.1,0.3,0.5,0.00066,0.13731,0.13676
4,10000,1,0.1,0.3,0.5,0.00066,0.13329,0.12861
5,10000,1,0.1,0.3,0.5,0.00066,0.1475,0.14616
0,10000,1,0.1,0.3,0.5,0.00054,0.15415,0.15227
1,10000,1,0.1,0.3,0.5,0.00054,0.15615,0.15325
2,10000,1,0.1,0.3,0.5,0.00054,0.15872,0.1547
3,10000,1,0.1,0.3,0.5,0.00054,0.15214,0.15213
4,10000,1,0.1,0.3,0.5,0.00054,0.14732,0.14416
5,10000,1,0.1,0.3,0.5,0.00054,0.16287,0.16227
0,10000,1,0.1,0.3,0.5,0.00045,0.17016,0.169
1,10000,1,0.1,0.3,0.5,0.00045,0.17154,0.1696
2,10000,1,0.1,0.3,0.5,0.00045,0.17402,0.17119
3,10000,1,0.1,0.3,0.5,0.00045,0.16895,0.1692
4,10000,1,0.1,0.3,0.5,0.00045,0.16357,0.16143
5,10000,1,0.1,0.3,0.5,0.00045,0.17988,0.17969
0,10000,1,0.1,0.3,0.5,0.00037,0.18816,0.18745
1,10000,1,0.1,0.3,0.5,0.00037,0.1889,0.1876
2,10000,1,0.1,0.3,0.5,0.00037,0.19145,0.18946
3,10000,1,0.1,0.3,0.5,0.00037,0.18778,0.18813
4,10000,1,0.1,0.3,0.5,0.00037,0.18202,0.18056
5,10000,1,0.1,0.3,0.5,0.00037,0.1985,0.19852
0,10000,1,0.1,0.3,0.5,0.00031,0.20818,0.20776
1,10000,1,0.1,0.3,0.5,0.00031,0.20836,0.20748
2,10000,1,0.1,0.3,0.5,0.00031,0.2111,0.20969
3,10000,1,0.1,0.3,0.5,0.00031,0.20874,0.2091
4,10000,1,0.1,0.3,0.5,0.00031,0.20271,0.2017
5,10000,1,0.1,0.3,0.5,0.00031,0.21879,0.21891
0,10000,1,0.1,0.3,0.5,0.00026,0.23035,0.2301
1,10000,1,0.1,0.3,0.5,0.00026,0.23009,0.2295
2,10000,1,0.1,0.3,0.5,0.00026,0.23307,0.23207
3,10000,1,0.1,0.3,0.5,0.00026,0.23195,0.23227
4,10000,1,0.1,0.3,0.5,0.00026,0.22569,0.22499
5,10000,1,0.1,0.3,0.5,0.00026,0.2409,0.24106
0,10000,1,0.1,0.3,0.5,0.00021,0.25484,0.25469
1,10000,1,0.1,0.3,0.5,0.00021,0.25429,0.25389
2,10000,1,0.1,0.3,0.5,0.00021,0.25748,0.25676
3,10000,1,0.1,0.3,0.5,0.00021,0.25755,0.25783
4,10000,1,0.1,0.3,0.5,0.00021,0.25106,0.25057
5,10000,1,0.1,0.3,0.5,0.00021,0.26505,0.26521
0,10000,1,0.1,0.3,0.5,0.00018,0.28185,0.28177
1,10000,1,0.1,0.3,0.5,0.00018,0.28117,0.28089
2,10000,1,0.1,0.3,0.5,0.00018,0.28448,0.28396
3,10000,1,0.1,0.3,0.5,0.00018,0.28572,0.28595
4,10000,1,0.1,0.3,0.5,0.00018,0.27894,0.27859
5,10000,1,0.1,0.3,0.5,0.00018,0.29151,0.29166
0,10000,1,0.1,0.3,0.5,0.00015,0.31163,0.31158
1,10000,1,0.1,0.3,0.5,0.00015,0.31091,0.31072
2,10000,1,0.1,0.3,0.5,0.00015,0.31424,0.31387
3,10000,1,0.1,0.3,0.5,0.00015,0.31663,0.31681
4,10000,1,0.1,0.3,0.5,0.00015,0.30947,0.30922
5,10000,1,0.1,0.3,0.5,0.00015,0.3206,0.32073
0,10000,1,0.1,0.3,0.5,0.00012,0.34443,0.34441
1,10000,1,0.1,0.3,0.5,0.00012,0.34372,0.34359
2,10000,1,0.1,0.3,0.5,0.00012,0.34699,0.34671
3,10000,1,0.1,0.3,0.5,0.00012,0.35049,0.35063
4,10000,1,0.1,0.3,0.5,0.00012,0.34285,0.34267
5,10000,1,0.1,0.3,0.5,0.00012,0.35267,0.35278
0,10000,1,0.1,0.3,0.5,0.0001,0.38056,0.38055
1,10000,1,0.1,0.3,0.5,0.0001,0.37984,0.37974
2,10000,1,0.1,0.3,0.5,0.0001,0.38295,0.38275
3,10000,1,0.1,0.3,0.5,0.0001,0.38753,0.38764
4,10000,1,0.1,0.3,0.5,0.0001,0.37933,0.3792
5,10000,1,0.1,0.3,0.5,0.0001,0.38808,0.38817
0,10000,1,0.1,0.3,0.5,1.0,0.74626,0.00169
1,10000,1,0.1,0.3,0.5,1.0,0.74625,0.00171
2,10000,1,0.1,0.3,0.5,1.0,0.74625,0.0017
3,10000,1,0.1,0.3,0.5,1.0,0.74626,0.0017
4,10000,1,0.1,0.3,0.5,1.0,0.74627,0.00169
5,10000,1,0.1,0.3,0.5,1.0,0.74626,0.0017
0,10000,1,0.1,0.3,0.5,0.82864,0.74557,0.00245
1,10000,1,0.1,0.3,0.5,0.82864,0.74555,0.00247
2,10000,1,0.1,0.3,0.5,0.82864,0.74556,0.00246
3,10000,1,0.1,0.3,0.5,0.82864,0.74557,0.00245
4,10000,1,0.1,0.3,0.5,0.82864,0.74558,0.00244
5,10000,1,0.1,0.3,0.5,0.82864,0.74556,0.00245
0,10000,1,0.1,0.3,0.5,0.68665,0.74458,0.00353
1,10000,1,0.1,0.3,0.5,0.68665,0.74454,0.00357
2,10000,1,0.1,0.3,0.5,0.68665,0.74456,0.00355
3,10000,1,0.1,0.3,0.5,0.68665,0.74457,0.00354
4,10000,1,0.1,0.3,0.5,0.68665,0.74458,0.00352
5,10000,1,0.1,0.3,0.5,0.68665,0.74457,0.00354
0,10000,1,0.1,0.3,0.5,0.56899,0.74315,0.00508
1,10000,1,0.1,0.3,0.5,0.56899,0.74311,0.00513
2,10000,1,0.1,0.3,0.5,0.56899,0.74313,0.00511
3,10000,1,0.1,0.3,0.5,0.56899,0.74315,0.00509
4,10000,1,0.1,0.3,0.5,0.56899,0.74317,0.00507
5,10000,1,0.1,0.3,0.5,0.56899,0.74314,0.00509
0,10000,1,0.1,0.3,0.5,0.47149,0.74112,0.00725
1,10000,1,0.1,0.3,0.5,0.47149,0.74105,0.00733
2,10000,1,0.1,0.3,0.5,0.47149,0.74109,0.00729
3,10000,1,0.1,0.3,0.5,0.47149,0.74111,0.00726
4,10000,1,0.1,0.3,0.5,0.47149,0.74114,0.00723
5,10000,1,0.1,0.3,0.5,0.47149,0.74111,0.00727
0,10000,1,0.1,0.3,0.5,0.39069,0.73824,0.01017
1,10000,1,0.1,0.3,0.5,0.39069,0.73815,0.01027
2,10000,1,0.1,0.3,0.5,0.39069,0.7382,0.01022
3,10000,1,0.1,0.3,0.5,0.39069,0.73823,0.01018
4,10000,1,0.1,0.3,0.5,0.39069,0.73827,0.01014
5,10000,1,0.1,0.3,0.5,0.39069,0.73822,0.01019
0,10000,1,0.1,0.3,0.5,0.32375,0.73419,0.01378
1,10000,1,0.1,0.3,0.5,0.32375,0.73405,0.01393
2,10000,1,0.1,0.3,0.5,0.32375,0.73412,0.01385
3,10000,1,0.1,0.3,0.5,0.32375,0.73417,0.0138
4,10000,1,0.1,0.3,0.5,0.32375,0.73423,0.01374
5,10000,1,0.1,0.3,0.5,0.32375,0.73416,0.01381
0,10000,1,0.1,0.3,0.5,0.26827,0.72853,0.01773
1,10000,1,0.1,0.3,0.5,0.26827,0.72834,0.01795
2,10000,1,0.1,0.3,0.5,0.26827,0.72844,0.01783
3,10000,1,0.1,0.3,0.5,0.26827,0.72851,0.01775
4,10000,1,0.1,0.3,0.5,0.26827,0.72858,0.01767
5,10000,1,0.1,0.3,0.5,0.26827,0.72849,0.01777
0,10000,1,0.1,0.3,0.5,0.2223,0.72073,0.02129
1,10000,1,0.1,0.3,0.5,0.2223,0.72046,0.0216
2,10000,1,0.1,0.3,0.5,0.2223,0.7206,0.02143
3,10000,1,0.1,0.3,0.5,0.2223,0.7207,0.02133
4,10000,1,0.1,0.3,0.5,0.2223,0.72081,0.0212
5,10000,1,0.1,0.3,0.5,0.2223,0.72067,0.02134
0,10000,1,0.1,0.3,0.5,0.18421,0.71015,0.02351
1,10000,1,0.1,0.3,0.5,0.18421,0.70976,0.02393
2,10000,1,0.1,0.3,0.5,0.18421,0.70996,0.0237
3,10000,1,0.1,0.3,0.5,0.18421,0.71011,0.02356
4,10000,1,0.1,0.3,0.5,0.18421,0.71025,0.02338
5,10000,1,0.1,0.3,0.5,0.18421,0.71007,0.02357
0,10000,1,0.1,0.3,0.5,0.15264,0.69606,0.02365
1,10000,1,0.1,0.3,0.5,0.15264,0.69553,0.02423
2,10000,1,0.1,0.3,0.5,0.15264,0.69581,0.0239
3,10000,1,0.1,0.3,0.5,0.15264,0.696,0.02371
4,10000,1,0.1,0.3,0.5,0.15264,0.6962,0.02347
5,10000,1,0.1,0.3,0.5,0.15264,0.69595,0.02372
0,10000,1,0.1,0.3,0.5,0.12649,0.67778,0.0215
1,10000,1,0.1,0.3,0.5,0.12649,0.67707,0.02228
2,10000,1,0.1,0.3,0.5,0.12649,0.67744,0.02182
3,10000,1,0.1,0.3,0.5,0.12649,0.67771,0.02158
4,10000,1,0.1,0.3,0.5,0.12649,0.67797,0.02123
5,10000,1,0.1,0.3,0.5,0.12649,0.67763,0.02155
0,10000,1,0.1,0.3,0.5,0.10481,0.65478,0.01758
1,10000,1,0.1,0.3,0.5,0.10481,0.65385,0.01858
2,10000,1,0.1,0.3,0.5,0.10481,0.65433,0.01795
3,10000,1,0.1,0.3,0.5,0.10481,0.65469,0.01766
4,10000,1,0.1,0.3,0.5,0.10481,0.65504,0.01716
5,10000,1,0.1,0.3,0.5,0.10481,0.65459,0.01754
0,10000,1,0.1,0.3,0.5,0.08685,0.62692,0.01303
1,10000,1,0.1,0.3,0.5,0.08685,0.62572,0.01423
2,10000,1,0.1,0.3,0.5,0.08685,0.62634,0.01337
3,10000,1,0.1,0.3,0.5,0.08685,0.62681,0.01308
4,10000,1,0.1,0.3,0.5,0.08685,0.62725,0.01236
5,10000,1,0.1,0.3,0.5,0.08685,0.62667,0.0127
0,10000,1,0.1,0.3,0.5,0.07197,0.59461,0.00941
1,10000,1,0.1,0.3,0.5,0.07197,0.59311,0.01058
2,10000,1,0.1,0.3,0.5,0.07197,0.59387,0.00944
3,10000,1,0.1,0.3,0.5,0.07197,0.59448,0.00929
4,10000,1,0.1,0.3,0.5,0.07197,0.59501,0.00824
5,10000,1,0.1,0.3,0.5,0.07197,0.5943,0.00828
0,10000,1,0.1,0.3,0.5,0.05964,0.55888,0.00808
1,10000,1,0.1,0.3,0.5,0.05964,0.55707,0.00869
2,10000,1,0.1,0.3,0.5,0.05964,0.55796,0.0074
3,10000,1,0.1,0.3,0.5,0.05964,0.55872,0.00755
4,10000,1,0.1,0.3,0.5,0.05964,0.55936,0.00624
5,10000,1,0.1,0.3,0.5,0.05964,0.5585,0.00541
0,10000,1,0.1,0.3,0.5,0.04942,0.52127,0.00882
1,10000,1,0.1,0.3,0.5,0.04942,0.51916,0.00858
2,10000,1,0.1,0.3,0.5,0.04942,0.52016,0.00738
3,10000,1,0.1,0.3,0.5,0.04942,0.52108,0.00788
4,10000,1,0.1,0.3,0.5,0.04942,0.52181,0.00647
5,10000,1,0.1,0.3,0.5,0.04942,0.52082,0.00486
0,10000,1,0.1,0.3,0.5,0.04095,0.48346,0.01045
1,10000,1,0.1,0.3,0.5,0.04095,0.48109,0.00954
2,10000,1,0.1,0.3,0.5,0.04095,0.48214,0.0086
3,10000,1,0.1,0.3,0.5,0.04095,0.48324,0.00896
4,10000,1,0.1,0.3,0.5,0.04095,0.48403,0.0077
5,10000,1,0.1,0.3,0.5,0.04095,0.48293,0.00567
0,10000,1,0.1,0.3,0.5,0.03393,0.44687,0.01228
1,10000,1,0.1,0.3,0.5,0.03393,0.4443,0.0109
2,10000,1,0.1,0.3,0.5,0.03393,0.4453,0.01019
3,10000,1,0.1,0.3,0.5,0.03393,0.4466,0.01028
4,10000,1,0.1,0.3,0.5,0.03393,0.44743,0.00902
5,10000,1,0.1,0.3,0.5,0.03393,0.44627,0.00717
0,10000,1,0.1,0.3,0.5,0.02812,0.41237,0.01418
1,10000,1,0.1,0.3,0.5,0.02812,0.40966,0.01242
2,10000,1,0.1,0.3,0.5,0.02812,0.41052,0.0119
3,10000,1,0.1,0.3,0.5,0.02812,0.41204,0.01171
4,10000,1,0.1,0.3,0.5,0.02812,0.41287,0.01034
5,10000,1,0.1,0.3,0.5,0.02812,0.4117,0.00911
0,10000,1,0.1,0.3,0.5,0.0233,0.38024,0.01619
1,10000,1,0.1,0.3,0.5,0.0233,0.37743,0.01405
2,10000,1,0.1,0.3,0.5,0.0233,0.37803,0.0137
3,10000,1,0.1,0.3,0.5,0.0233,0.37983,0.01327
4,10000,1,0.1,0.3,0.5,0.0233,0.38063,0.01174
5,10000,1,0.1,0.3,0.5,0.0233,0.3795,0.01146
0,10000,1,0.1,0.3,0.5,0.01931,0.35031,0.01836
1,10000,1,0.1,0.3,0.5,0.01931,0.34741,0.01582
2,10000,1,0.1,0.3,0.5,0.01931,0.34765,0.0156
3,10000,1,0.1,0.3,0.5,0.01931,0.34981,0.01501
4,10000,1,0.1,0.3,0.5,0.01931,0.35056,0.01328
5,10000,1,0.1,0.3,0.5,0.01931,0.34952,0.01423
0,10000,1,0.1,0.3,0.5,0.016,0.32218,0.02076
1,10000,1,0.1,0.3,0.5,0.016,0.31915,0.01777
2,10000,1,0.1,0.3,0.5,0.016,0.31895,0.01766
3,10000,1,0.1,0.3,0.5,0.016,0.32157,0.01694
4,10000,1,0.1,0.3,0.5,0.016,0.32228,0.01505
5,10000,1,0.1,0.3,0.5,0.016,0.32137,0.01739
0,10000,1,0.1,0.3,0.5,0.01326,0.29543,0.02347
1,10000,1,0.1,0.3,0.5,0.01326,0.29218,0.01994
2,10000,1,0.1,0.3,0.5,0.01326,0.29148,0.01992
3,10000,1,0.1,0.3,0.5,0.01326,0.2947,0.0191
4,10000,1,0.1,0.3,0.5,0.01326,0.29538,0.01711
5,10000,1,0.1,0.3,0.5,0.01326,0.29461,0.02089
0,10000,1,0.1,0.3,0.5,0.01099,0.26975,0.02653
1,10000,1,0.1,0.3,0.5,0.01099,0.26614,0.0224
2,10000,1,0.1,0.3,0.5,0.01099,0.26492,0.02246
3,10000,1,0.1,0.3,0.5,0.01099,0.26887,0.02153
4,10000,1,0.1,0.3,0.5,0.01099,0.26954,0.01952
5,10000,1,0.1,0.3,0.5,0.01099,0.26894,0.02471
0,10000,1,0.1,0.3,0.5,0.0091,0.24503,0.02999
1,10000,1,0.1,0.3,0.5,0.0091,0.24091,0.02517
2,10000,1,0.1,0.3,0.5,0.0091,0.23917,0.02532
3,10000,1,0.1,0.3,0.5,0.0091,0.24396,0.02425
4,10000,1,0.1,0.3,0.5,0.0091,0.24466,0.02235
5,10000,1,0.1,0.3,0.5,0.0091,0.24425,0.02882
0,10000,1,0.1,0.3,0.5,0.00754,0.22136,0.03389
1,10000,1,0.1,0.3,0.5,0.00754,0.21657,0.02828
2,10000,1,0.1,0.3,0.5,0.00754,0.21436,0.02854
3,10000,1,0.1,0.3,0.5,0.00754,0.22005,0.02729
4,10000,1,0.1,0.3,0.5,0.00754,0.22083,0.02568
5,10000,1,0.1,0.3,0.5,0.00754,0.22062,0.03323
0,10000,1,0.1,0.3,0.5,0.00625,0.19902,0.03827
1,10000,1,0.1,0.3,0.5,0.00625,0.19336,0.03176
2,10000,1,0.1,0.3,0.5,0.00625,0.19077,0.03217
3,10000,1,0.1,0.3,0.5,0.00625,0.19736,0.03068
4,10000,1,0.1,0.3,0.5,0.00625,0.19828,0.02957
5,10000,1,0.1,0.3,0.5,0.00625,0.19832,0.03793
0,10000,1,0.1,0.3,0.5,0.00518,0.17837,0.04318
1,10000,1,0.1,0.3,0.5,0.00518,0.17164,0.03567
2,10000,1,0.1,0.3,0.5,0.00518,0.16879,0.03631
3,10000,1,0.1,0.3,0.5,0.00518,0.17622,0.0345
4,10000,1,0.1,0.3,0.5,0.00518,0.17737,0.03409
5,10000,1,0.1,0.3,0.5,0.00518,0.17768,0.04294
0,10000,1,0.1,0.3,0.5,0.00429,0.15986,0.0487
1,10000,1,0.1,0.3,0.5,0.00429,0.15183,0.04006
2,10000,1,0.1,0.3,0.5,0.00429,0.14889,0.04102
3,10000,1,0.1,0.3,0.5,0.00429,0.15699,0.03882
4,10000,1,0.1,0.3,0.5,0.00429,0.15848,0.0393
5,10000,1,0.1,0.3,0.5,0.00429,0.15912,0.0483
0,10000,1,0.1,0.3,0.5,0.00356,0.14395,0.05485
1,10000,1,0.1,0.3,0.5,0.00356,0.13437,0.04498
2,10000,1,0.1,0.3,0.5,0.00356,0.13156,0.04642
3,10000,1,0.1,0.3,0.5,0.00356,0.14006,0.04375
4,10000,1,0.1,0.3,0.5,0.00356,0.14204,0.04527
5,10000,1,0.1,0.3,0.5,0.00356,0.14303,0.05406
0,10000,1,0.1,0.3,0.5,0.00295,0.13107,0.06167
1,10000,1,0.1,0.3,0.5,0.00295,0.1197,0.05052
2,10000,1,0.1,0.3,0.5,0.00295,0.11734,0.0526
3,10000,1,0.1,0.3,0.5,0.00295,0.12584,0.04939
4,10000,1,0.1,0.3,0.5,0.00295,0.1285,0.05205
5,10000,1,0.1,0.3,0.5,0.00295,0.12982,0.06029
0,10000,1,0.1,0.3,0.5,0.00244,0.1216,0.06918
1,10000,1,0.1,0.3,0.5,0.00244,0.10828,0.05675
2,10000,1,0.1,0.3,0.5,0.00244,0.10677,0.05967
3,10000,1,0.1,0.3,0.5,0.00244,0.11473,0.05585
4,10000,1,0.1,0.3,0.5,0.00244,0.11827,0.05969
5,10000,1,0.1,0.3,0.5,0.00244,0.11984,0.0671
0,10000,1,0.1,0.3,0.5,0.00202,0.11578,0.07738
1,10000,1,0.1,0.3,0.5,0.00202,0.10052,0.06376
2,10000,1,0.1,0.3,0.5,0.00202,0.10033,0.06772
3,10000,1,0.1,0.3,0.5,0.00202,0.1071,0.06321
4,10000,1,0.1,0.3,0.5,0.00202,0.11173,0.06824
5,10000,1,0.1,0.3,0.5,0.00202,0.11336,0.07459
0,10000,1,0.1,0.3,0.5,0.00168,0.11365,0.0863
1,10000,1,0.1,0.3,0.5,0.00168,0.09668,0.07163
2,10000,1,0.1,0.3,0.5,0.00168,0.09828,0.07685
3,10000,1,0.1,0.3,0.5,0.00168,0.10322,0.07157
4,10000,1,0.1,0.3,0.5,0.00168,0.10906,0.07774
5,10000,1,0.1,0.3,0.5,0.00168,0.1105,0.08286
0,10000,1,0.1,0.3,0.5,0.00139,0.11501,0.09599
1,10000,1,0.1,0.3,0.5,0.00139,0.09678,0.08048
2,10000,1,0.1,0.3,0.5,0.00139,0.10052,0.08714
3,10000,1,0.1,0.3,0.5,0.00139,0.10315,0.08101
4,10000,1,0.1,0.3,0.5,0.00139,0.11023,0.08825
5,10000,1,0.1,0.3,0.5,0.00139,0.11116,0.09197
0,10000,1,0.1,0.3,0.5,0.00115,0.11952,0.10653
1,10000,1,0.1,0.3,0.5,0.00115,0.10058,0.09042
2,10000,1,0.1,0.3,0.5,0.00115,0.10662,0.09865
3,10000,1,0.1,0.3,0.5,0.00115,0.10675,0.09161
4,10000,1,0.1,0.3,0.5,0.00115,0.11494,0.09981
5,10000,1,0.1,0.3,0.5,0.00115,0.11503,0.102
0,10000,1,0.1,0.3,0.5,0.00095,0.1268,0.11803
1,10000,1,0.1,0.3,0.5,0.00095,0.10767,0.10158
2,10000,1,0.1,0.3,0.5,0.00095,0.11594,0.11143
3,10000,1,0.1,0.3,0.5,0.00095,0.11365,0.10347
4,10000,1,0.1,0.3,0.5,0.00095,0.12277,0.11247
5,10000,1,0.1,0.3,0.5,0.00095,0.1217,0.113
0,10000,1,0.1,0.3,0.5,0.00079,0.1365,0.13062
1,10000,1,0.1,0.3,0.5,0.00079,0.11758,0.11409
2,10000,1,0.1,0.3,0.5,0.00079,0.1279,0.12548
3,10000,1,0.1,0.3,0.5,0.00079,0.12344,0.11666
4,10000,1,0.1,0.3,0.5,0.00079,0.13326,0.12629
5,10000,1,0.1,0.3,0.5,0.00079,0.1308,0.12504
0,10000,1,0.1,0.3,0.5,0.00066,0.14838,0.14445
1,10000,1,0.1,0.3,0.5,0.00066,0.12997,0.12805
2,10000,1,0.1,0.3,0.5,0.00066,0.14202,0.14084
3,10000,1,0.1,0.3,0.5,0.00066,0.13575,0.13125
4,10000,1,0.1,0.3,0.5,0.00066,0.14602,0.1413
5,10000,1,0.1,0.3,0.5,0.00066,0.14203,0.13824
0,10000,1,0.1,0.3,0.5,0.00054,0.16228,0.15965
1,10000,1,0.1,0.3,0.5,0.00054,0.1446,0.14361
2,10000,1,0.1,0.3,0.5,0.00054,0.15801,0.15752
3,10000,1,0.1,0.3,0.5,0.00054,0.15027,0.14727
4,10000,1,0.1,0.3,0.5,0.00054,0.1608,0.15759
5,10000,1,0.1,0.3,0.5,0.00054,0.15524,0.15277
0,10000,1,0.1,0.3,0.5,0.00045,0.17811,0.17635
1,10000,1,0.1,0.3,0.5,0.00045,0.16135,0.16089
2,10000,1,0.1,0.3,0.5,0.00045,0.17572,0.1756
3,10000,1,0.1,0.3,0.5,0.00045,0.16683,0.16483
4,10000,1,0.1,0.3,0.5,0.00045,0.17742,0.17523
5,10000,1,0.1,0.3,0.5,0.00045,0.17042,0.1688
0,10000,1,0.1,0.3,0.5,0.00037,0.19586,0.19467
1,10000,1,0.1,0.3,0.5,0.00037,0.18021,0.18004
2,10000,1,0.1,0.3,0.5,0.00037,0.19513,0.19521
3,10000,1,0.1,0.3,0.5,0.00037,0.18535,0.184
4,10000,1,0.1,0.3,0.5,0.00037,0.19586,0.19435
5,10000,1,0.1,0.3,0.5,0.00037,0.18761,0.18656
0,10000,1,0.1,0.3,0.5,0.00031,0.21553,0.21473
1,10000,1,0.1,0.3,0.5,0.00031,0.20123,0.20121
2,10000,1,0.1,0.3,0.5,0.00031,0.21634,0.2165
3,10000,1,0.1,0.3,0.5,0.00031,0.20584,0.20492
4,10000,1,0.1,0.3,0.5,0.00031,0.21615,0.21511
5,10000,1,0.1,0.3,0.5,0.00031,0.20696,0.20627
0,10000,1,0.1,0.3,0.5,0.00026,0.23721,0.23666
1,10000,1,0.1,0.3,0.5,0.00026,0.22452,0.22457
2,10000,1,0.1,0.3,0.5,0.00026,0.2395,0.23969
3,10000,1,0.1,0.3,0.5,0.00026,0.22839,0.22776
4,10000,1,0.1,0.3,0.5,0.00026,0.23842,0.23769
5,10000,1,0.1,0.3,0.5,0.00026,0.22862,0.22817
0,10000,1,0.1,0.3,0.5,0.00021,0.26101,0.26063
1,10000,1,0.1,0.3,0.5,0.00021,0.25023,0.25031
2,10000,1,0.1,0.3,0.5,0.00021,0.26483,0.26501
3,10000,1,0.1,0.3,0.5,0.00021,0.25314,0.2527
4,10000,1,0.1,0.3,0.5,0.00021,0.26285,0.26233
5,10000,1,0.1,0.3,0.5,0.00021,0.25276,0.25246
0,10000,1,0.1,0.3,0.5,0.00018,0.2871,0.28684
1,10000,1,0.1,0.3,0.5,0.00018,0.27853,0.27862
2,10000,1,0.1,0.3,0.5,0.00018,0.29254,0.2927
3,10000,1,0.1,0.3,0.5,0.00018,0.28028,0.27998
4,10000,1,0.1,0.3,0.5,0.00018,0.28965,0.28928
5,10000,1,0.1,0.3,0.5,0.00018,0.27958,0.27939
0,10000,1,0.1,0.3,0.5,0.00015,0.31572,0.31554
1,10000,1,0.1,0.3,0.5,0.00015,0.30967,0.30974
2,10000,1,0.1,0.3,0.5,0.00015,0.32288,0.32302
3,10000,1,0.1,0.3,0.5,0.00015,0.31007,0.30986
4,10000,1,0.1,0.3,0.5,0.00015,0.31906,0.3188
5,10000,1,0.1,0.3,0.5,0.00015,0.30931,0.30918
0,10000,1,0.1,0.3,0.5,0.00012,0.34714,0.34701
1,10000,1,0.1,0.3,0.5,0.00012,0.3439,0.34396
2,10000,1,0.1,0.3,0.5,0.00012,0.35614,0.35626
3,10000,1,0.1,0.3,0.5,0.00012,0.3428,0.34265
4,10000,1,0.1,0.3,0.5,0.00012,0.35133,0.35114
5,10000,1,0.1,0.3,0.5,0.00012,0.34217,0.34209
0,10000,1,0.1,0.3,0.5,0.0001,0.38169,0.3816
1,10000,1,0.1,0.3,0.5,0.0001,0.38152,0.38157
2,10000,1,0.1,0.3,0.5,0.0001,0.39263,0.39273
3,10000,1,0.1,0.3,0.5,0.0001,0.37878,0.37867
4,10000,1,0.1,0.3,0.5,0.0001,0.38672,0.38659
5,10000,1,0.1,0.3,0.5,0.0001,0.37844,0.37839
0,10000,1,0.1,0.3,0.5,1.0,0.74629,0.0017
1,10000,1,0.1,0.3,0.5,1.0,0.74629,0.0017
2,10000,1,0.1,0.3,0.5,1.0,0.74629,0.0017
3,10000,1,0.1,0.3,0.5,1.0,0.74628,0.00171
4,10000,1,0.1,0.3,0.5,1.0,0.74628,0.00171
5,10000,1,0.1,0.3,0.5,1.0,0.74628,0.00171
0,10000,1,0.1,0.3,0.5,0.82864,0.74559,0.00246
1,10000,1,0.1,0.3,0.5,0.82864,0.74559,0.00246
2,10000,1,0.1,0.3,0.5,0.82864,0.74559,0.00246
3,10000,1,0.1,0.3,0.5,0.82864,0.74559,0.00247
4,10000,1,0.1,0.3,0.5,0.82864,0.74558,0.00248
5,10000,1,0.1,0.3,0.5,0.82864,0.74558,0.00247
0,10000,1,0.1,0.3,0.5,0.68665,0.74459,0.00355
1,10000,1,0.1,0.3,0.5,0.68665,0.7446,0.00355
2,10000,1,0.1,0.3,0.5,0.68665,0.74459,0.00355
3,10000,1,0.1,0.3,0.5,0.68665,0.74458,0.00356
4,10000,1,0.1,0.3,0.5,0.68665,0.74457,0.00357
5,10000,1,0.1,0.3,0.5,0.68665,0.74458,0.00357
0,10000,1,0.1,0.3,0.5,0.56899,0.74316,0.0051
1,10000,1,0.1,0.3,0.5,0.56899,0.74317,0.0051
2,10000,1,0.1,0.3,0.5,0.56899,0.74316,0.00511
3,10000,1,0.1,0.3,0.5,0.56899,0.74315,0.00512
4,10000,1,0.1,0.3,0.5,0.56899,0.74314,0.00514
5,10000,1,0.1,0.3,0.5,0.56899,0.74314,0.00513
0,10000,1,0.1,0.3,0.5,0.47149,0.74113,0.00729
1,10000,1,0.1,0.3,0.5,0.47149,0.74113,0.00728
2,10000,1,0.1,0.3,0.5,0.47149,0.74113,0.00729
3,10000,1,0.1,0.3,0.5,0.47149,0.74111,0.00731
4,10000,1,0.1,0.3,0.5,0.47149,0.74108,0.00733
5,10000,1,0.1,0.3,0.5,0.47149,0.74109,0.00732
0,10000,1,0.1,0.3,0.5,0.39069,0.73823,0.01021
1,10000,1,0.1,0.3,0.5,0.39069,0.73825,0.01021
2,10000,1,0.1,0.3,0.5,0.39069,0.73823,0.01022
3,10000,1,0.1,0.3,0.5,0.39069,0.7382,0.01024
4,10000,1,0.1,0.3,0.5,0.39069,0.73817,0.01028
5,10000,1,0.1,0.3,0.5,0.39069,0.73819,0.01026
0,10000,1,0.1,0.3,0.5,0.32375,0.73416,0.01384
1,10000,1,0.1,0.3,0.5,0.32375,0.73418,0.01384
2,10000,1,0.1,0.3,0.5,0.32375,0.73416,0.01385
3,10000,1,0.1,0.3,0.5,0.32375,0.73412,0.01389
4,10000,1,0.1,0.3,0.5,0.32375,0.73408,0.01394
5,10000,1,0.1,0.3,0.5,0.32375,0.7341,0.01391
0,10000,1,0.1,0.3,0.5,0.26827,0.72848,0.01782
1,10000,1,0.1,0.3,0.5,0.26827,0.7285,0.01782
2,10000,1,0.1,0.3,0.5,0.26827,0.72848,0.01783
3,10000,1,0.1,0.3,0.5,0.26827,0.72842,0.01789
4,10000,1,0.1,0.3,0.5,0.26827,0.72836,0.01796
5,10000,1,0.1,0.3,0.5,0.26827,0.72839,0.01792
0,10000,1,0.1,0.3,0.5,0.2223,0.72065,0.02142
1,10000,1,0.1,0.3,0.5,0.2223,0.72068,0.02142
2,10000,1,0.1,0.3,0.5,0.2223,0.72065,0.02144
3,10000,1,0.1,0.3,0.5,0.2223,0.72056,0.02151
4,10000,1,0.1,0.3,0.5,0.2223,0.72047,0.02161
5,10000,1,0.1,0.3,0.5,0.2223,0.72052,0.02155
0,10000,1,0.1,0.3,0.5,0.18421,0.71002,0.02368
1,10000,1,0.1,0.3,0.5,0.18421,0.71006,0.02369
2,10000,1,0.1,0.3,0.5,0.18421,0.71001,0.02372
3,10000,1,0.1,0.3,0.5,0.18421,0.7099,0.02381
4,10000,1,0.1,0.3,0.5,0.18421,0.70977,0.02395
5,10000,1,0.1,0.3,0.5,0.18421,0.70985,0.02387
0,10000,1,0.1,0.3,0.5,0.15264,0.69587,0.02388
1,10000,1,0.1,0.3,0.5,0.15264,0.69594,0.02393
2,10000,1,0.1,0.3,0.5,0.15264,0.69587,0.02395
3,10000,1,0.1,0.3,0.5,0.15264,0.69571,0.02406
4,10000,1,0.1,0.3,0.5,0.15264,0.69554,0.02425
5,10000,1,0.1,0.3,0.5,0.15264,0.69564,0.02414
0,10000,1,0.1,0.3,0.5,0.12649,0.67751,0.0218
1,10000,1,0.1,0.3,0.5,0.12649,0.67761,0.02194
2,10000,1,0.1,0.3,0.5,0.12649,0.67751,0.02192
3,10000,1,0.1,0.3,0.5,0.12649,0.67729,0.02205
4,10000,1,0.1,0.3,0.5,0.12649,0.67706,0.02231
5,10000,1,0.1,0.3,0.5,0.12649,0.6772,0.02214
0,10000,1,0.1,0.3,0.5,0.10481,0.65443,0.01793
1,10000,1,0.1,0.3,0.5,0.10481,0.65456,0.01829
2,10000,1,0.1,0.3,0.5,0.10481,0.65442,0.01818
3,10000,1,0.1,0.3,0.5,0.10481,0.65413,0.01827
4,10000,1,0.1,0.3,0.5,0.10481,0.65382,0.01861
5,10000,1,0.1,0.3,0.5,0.10481,0.65401,0.01837
0,10000,1,0.1,0.3,0.5,0.08685,0.62646,0.01339
1,10000,1,0.1,0.3,0.5,0.08685,0.62663,0.01425
2,10000,1,0.1,0.3,0.5,0.08685,0.62645,0.0139
3,10000,1,0.1,0.3,0.5,0.08685,0.62608,0.01382
4,10000,1,0.1,0.3,0.5,0.08685,0.62567,0.01427
5,10000,1,0.1,0.3,0.5,0.08685,0.62592,0.0139
0,10000,1,0.1,0.3,0.5,0.07197,0.59402,0.0096
1,10000,1,0.1,0.3,0.5,0.07197,0.59425,0.01141
2,10000,1,0.1,0.3,0.5,0.07197,0.59401,0.01056
3,10000,1,0.1,0.3,0.5,0.07197,0.59354,0.01004
4,10000,1,0.1,0.3,0.5,0.07197,0.59304,0.01062
5,10000,1,0.1,0.3,0.5,0.07197,0.59334,0.01004
0,10000,1,0.1,0.3,0.5,0.05964,0.55816,0.00784
1,10000,1,0.1,0.3,0.5,0.05964,0.55845,0.01074
2,10000,1,0.1,0.3,0.5,0.05964,0.55816,0.00929
3,10000,1,0.1,0.3,0.5,0.05964,0.55759,0.00807
4,10000,1,0.1,0.3,0.5,0.05964,0.55699,0.00879
5,10000,1,0.1,0.3,0.5,0.05964,0.55734,0.00787
0,10000,1,0.1,0.3,0.5,0.04942,0.52043,0.00831
1,10000,1,0.1,0.3,0.5,0.04942,0.52078,0.01163
2,10000,1,0.1,0.3,0.5,0.04942,0.52045,0.00983
3,10000,1,0.1,0.3,0.5,0.04942,0.51978,0.00793
4,10000,1,0.1,0.3,0.5,0.04942,0.5191,0.00897
5,10000,1,0.1,0.3,0.5,0.04942,0.51945,0.00765
0,10000,1,0.1,0.3,0.5,0.04095,0.48251,0.00971
1,10000,1,0.1,0.3,0.5,0.04095,0.48291,0.01307
2,10000,1,0.1,0.3,0.5,0.04095,0.48256,0.01101
3,10000,1,0.1,0.3,0.5,0.04095,0.48181,0.00899
4,10000,1,0.1,0.3,0.5,0.04095,0.4811,0.01004
5,10000,1,0.1,0.3,0.5,0.04095,0.48139,0.00845
0,10000,1,0.1,0.3,0.5,0.03393,0.44584,0.01152
1,10000,1,0.1,0.3,0.5,0.03393,0.44625,0.0146
2,10000,1,0.1,0.3,0.5,0.03393,0.44594,0.01245
3,10000,1,0.1,0.3,0.5,0.03393,0.44512,0.01055
4,10000,1,0.1,0.3,0.5,0.03393,0.44444,0.01159
5,10000,1,0.1,0.3,0.5,0.03393,0.44457,0.00978
0,10000,1,0.1,0.3,0.5,0.02812,0.41128,0.01354
1,10000,1,0.1,0.3,0.5,0.02812,0.41167,0.01617
2,10000,1,0.1,0.3,0.5,0.02812,0.41146,0.01404
3,10000,1,0.1,0.3,0.5,0.02812,0.41062,0.01245
4,10000,1,0.1,0.3,0.5,0.02812,0.41001,0.01333
5,10000,1,0.1,0.3,0.5,0.02812,0.40984,0.01141
0,10000,1,0.1,0.3,0.5,0.0233,0.37913,0.01571
1,10000,1,0.1,0.3,0.5,0.0233,0.37946,0.01789
2,10000,1,0.1,0.3,0.5,0.0233,0.37943,0.01585
3,10000,1,0.1,0.3,0.5,0.0233,0.3786,0.01472
4,10000,1,0.1,0.3,0.5,0.0233,0.37809,0.0152
5,10000,1,0.1,0.3,0.5,0.0233,0.37746,0.01331
0,10000,1,0.1,0.3,0.5,0.01931,0.34922,0.01805
1,10000,1,0.1,0.3,0.5,0.01931,0.34942,0.0199
2,10000,1,0.1,0.3,0.5,0.01931,0.3497,0.01798
3,10000,1,0.1,0.3,0.5,0.01931,0.34892,0.01736
4,10000,1,0.1,0.3,0.5,0.01931,0.34849,0.01722
5,10000,1,0.1,0.3,0.5,0.01931,0.3472,0.0155
0,10000,1,0.1,0.3,0.5,0.016,0.32117,0.02059
1,10000,1,0.1,0.3,0.5,0.016,0.32118,0.02227
2,10000,1,0.1,0.3,0.5,0.016,0.3219,0.02054
3,10000,1,0.1,0.3,0.5,0.016,0.32117,0.02037
4,10000,1,0.1,0.3,0.5,0.016,0.32076,0.01948
5,10000,1,0.1,0.3,0.5,0.016,0.3186,0.01806
0,10000,1,0.1,0.3,0.5,0.01326,0.29454,0.02336
1,10000,1,0.1,0.3,0.5,0.01326,0.29429,0.02506
2,10000,1,0.1,0.3,0.5,0.01326,0.2956,0.0236
3,10000,1,0.1,0.3,0.5,0.01326,0.29493,0.0237
4,10000,1,0.1,0.3,0.5,0.01326,0.29442,0.02208
5,10000,1,0.1,0.3,0.5,0.01326,0.29118,0.02102
0,10000,1,0.1,0.3,0.5,0.01099,0.26905,0.02641
1,10000,1,0.1,0.3,0.5,0.01099,0.26845,0.02831
2,10000,1,0.1,0.3,0.5,0.01099,0.27052,0.02721
3,10000,1,0.1,0.3,0.5,0.01099,0.26989,0.02731
4,10000,1,0.1,0.3,0.5,0.01099,0.26914,0.0251
5,10000,1,0.1,0.3,0.5,0.01099,0.26462,0.02445
0,10000,1,0.1,0.3,0.5,0.0091,0.24458,0.02979
1,10000,1,0.1,0.3,0.5,0.0091,0.24357,0.03199
2,10000,1,0.1,0.3,0.5,0.0091,0.24654,0.03138
3,10000,1,0.1,0.3,0.5,0.0091,0.2459,0.03113
4,10000,1,0.1,0.3,0.5,0.0091,0.24476,0.02858
5,10000,1,0.1,0.3,0.5,0.0091,0.23883,0.02838
0,10000,1,0.1,0.3,0.5,0.00754,0.22125,0.03357
1,10000,1,0.1,0.3,0.5,0.00754,0.21974,0.03611
2,10000,1,0.1,0.3,0.5,0.00754,0.22376,0.0361
3,10000,1,0.1,0.3,0.5,0.00754,0.22304,0.03516
4,10000,1,0.1,0.3,0.5,0.00754,0.22136,0.03254
5,10000,1,0.1,0.3,0.5,0.00754,0.21396,0.03281
0,10000,1,0.1,0.3,0.5,0.00625,0.19932,0.0378
1,10000,1,0.1,0.3,0.5,0.00625,0.19726,0.04065
2,10000,1,0.1,0.3,0.5,0.00625,0.20244,0.04133
3,10000,1,0.1,0.3,0.5,0.00625,0.2015,0.03939
4,10000,1,0.1,0.3,0.5,0.00625,0.19918,0.03694
5,10000,1,0.1,0.3,0.5,0.00625,0.19036,0.03774
0,10000,1,0.1,0.3,0.5,0.00518,0.17913,0.04252
1,10000,1,0.1,0.3,0.5,0.00518,0.17649,0.04561
2,10000,1,0.1,0.3,0.5,0.00518,0.18291,0.04706
3,10000,1,0.1,0.3,0.5,0.00518,0.1816,0.04386
4,10000,1,0.1,0.3,0.5,0.00518,0.17856,0.04176
5,10000,1,0.1,0.3,0.5,0.00518,0.16849,0.04315
0,10000,1,0.1,0.3,0.5,0.00429,0.16107,0.0478
1,10000,1,0.1,0.3,0.5,0.00429,0.15786,0.05099
2,10000,1,0.1,0.3,0.5,0.00429,0.16557,0.05324
3,10000,1,0.1,0.3,0.5,0.00429,0.16366,0.04864
4,10000,1,0.1,0.3,0.5,0.00429,0.15991,0.04699
5,10000,1,0.1,0.3,0.5,0.00429,0.14889,0.04903
0,10000,1,0.1,0.3,0.5,0.00356,0.14555,0.05367
1,10000,1,0.1,0.3,0.5,0.00356,0.14182,0.05683
2,10000,1,0.1,0.3,0.5,0.00356,0.15079,0.05988
3,10000,1,0.1,0.3,0.5,0.00356,0.14805,0.05384
4,10000,1,0.1,0.3,0.5,0.00356,0.14365,0.05268
5,10000,1,0.1,0.3,0.5,0.00356,0.13209,0.05535
0,10000,1,0.1,0.3,0.5,0.00295,0.13293,0.06018
1,10000,1,0.1,0.3,0.5,0.00295,0.12878,0.06319
2,10000,1,0.1,0.3,0.5,0.00295,0.1389,0.06698
3,10000,1,0.1,0.3,0.5,0.00295,0.13511,0.05961
4,10000,1,0.1,0.3,0.5,0.00295,0.13019,0.05888
5,10000,1,0.1,0.3,0.5,0.00295,0.11864,0.06213
0,10000,1,0.1,0.3,0.5,0.00244,0.12352,0.06738
1,10000,1,0.1,0.3,0.5,0.00244,0.11915,0.07017
2,10000,1,0.1,0.3,0.5,0.00244,0.13018,0.07457
3,10000,1,0.1,0.3,0.5,0.00244,0.12518,0.06611
4,10000,1,0.1,0.3,0.5,0.00244,0.11993,0.06571
5,10000,1,0.1,0.3,0.5,0.00244,0.10899,0.06938
0,10000,1,0.1,0.3,0.5,0.00202,0.11755,0.07531
1,10000,1,0.1,0.3,0.5,0.00202,0.1132,0.07787
2,10000,1,0.1,0.3,0.5,0.00202,0.12475,0.0827
3,10000,1,0.1,0.3,0.5,0.00202,0.11856,0.07351
4,10000,1,0.1,0.3,0.5,0.00202,0.11319,0.07326
5,10000,1,0.1,0.3,0.5,0.00202,0.1034,0.07716
0,10000,1,0.1,0.3,0.5,0.00168,0.11511,0.08407
1,10000,1,0.1,0.3,0.5,0.00168,0.11103,0.0864
2,10000,1,0.1,0.3,0.5,0.00168,0.1226,0.09144
3,10000,1,0.1,0.3,0.5,0.00168,0.11545,0.08194
4,10000,1,0.1,0.3,0.5,0.00168,0.11013,0.08164
5,10000,1,0.1,0.3,0.5,0.00168,0.10187,0.08555
0,10000,1,0.1,0.3,0.5,0.00139,0.11609,0.09372
1,10000,1,0.1,0.3,0.5,0.00139,0.1125,0.09584
2,10000,1,0.1,0.3,0.5,0.00139,0.12357,0.10085
3,10000,1,0.1,0.3,0.5,0.00139,0.11589,0.09151
4,10000,1,0.1,0.3,0.5,0.00139,0.11067,0.09091
5,10000,1,0.1,0.3,0.5,0.00139,0.10411,0.09467
0,10000,1,0.1,0.3,0.5,0.00115,0.12026,0.10436
1,10000,1,0.1,0.3,0.5,0.00115,0.11726,0.10626
2,10000,1,0.1,0.3,0.5,0.00115,0.12739,0.11102
3,10000,1,0.1,0.3,0.5,0.00115,0.11973,0.10228
4,10000,1,0.1,0.3,0.5,0.00115,0.11454,0.10112
5,10000,1,0.1,0.3,0.5,0.00115,0.10962,0.10466
0,10000,1,0.1,0.3,0.5,0.00095,0.12731,0.1161
1,10000,1,0.1,0.3,0.5,0.00095,0.12483,0.11772
2,10000,1,0.1,0.3,0.5,0.00095,0.13375,0.12204
3,10000,1,0.1,0.3,0.5,0.00095,0.12665,0.1143
4,10000,1,0.1,0.3,0.5,0.00095,0.12131,0.11234
5,10000,1,0.1,0.3,0.5,0.00095,0.1179,0.11567
0,10000,1,0.1,0.3,0.5,0.00079,0.13694,0.12907
1,10000,1,0.1,0.3,0.5,0.00079,0.1348,0.13025
2,10000,1,0.1,0.3,0.5,0.00079,0.14239,0.13403
3,10000,1,0.1,0.3,0.5,0.00079,0.13633,0.12762
4,10000,1,0.1,0.3,0.5,0.00079,0.1306,0.12466
5,10000,1,0.1,0.3,0.5,0.00079,0.12852,0.12786
0,10000,1,0.1,0.3,0.5,0.00066,0.14894,0.1434
1,10000,1,0.1,0.3,0.5,0.00066,0.14683,0.14397
2,10000,1,0.1,0.3,0.5,0.00066,0.1531,0.14715
3,10000,1,0.1,0.3,0.5,0.00066,0.14843,0.1423
4,10000,1,0.1,0.3,0.5,0.00066,0.14214,0.13821
5,10000,1,0.1,0.3,0.5,0.00066,0.14123,0.14139
0,10000,1,0.1,0.3,0.5,0.00054,0.16318,0.15927
1,10000,1,0.1,0.3,0.5,0.00054,0.16078,0.15898
2,10000,1,0.1,0.3,0.5,0.00054,0.16578,0.16154
3,10000,1,0.1,0.3,0.5,0.00054,0.16272,0.15839
4,10000,1,0.1,0.3,0.5,0.00054,0.15576,0.15317
5,10000,1,0.1,0.3,0.5,0.00054,0.1559,0.15645
0,10000,1,0.1,0.3,0.5,0.00045,0.1796,0.17683
1,10000,1,0.1,0.3,0.5,0.00045,0.17658,0.17547
2,10000,1,0.1,0.3,0.5,0.00045,0.18039,0.17736
3,10000,1,0.1,0.3,0.5,0.00045,0.17905,0.17597
4,10000,1,0.1,0.3,0.5,0.00045,0.17142,0.16971
5,10000,1,0.1,0.3,0.5,0.00045,0.1725,0.17317
0,10000,1,0.1,0.3,0.5,0.00037,0.1982,0.19623
1,10000,1,0.1,0.3,0.5,0.00037,0.19433,0.19364
2,10000,1,0.1,0.3,0.5,0.00037,0.19698,0.19481
3,10000,1,0.1,0.3,0.5,0.00037,0.19737,0.19517
4,10000,1,0.1,0.3,0.5,0.00037,0.18914,0.188
5,10000,1,0.1,0.3,0.5,0.00037,0.19107,0.19174
0,10000,1,0.1,0.3,0.5,0.00031,0.21902,0.2176
1,10000,1,0.1,0.3,0.5,0.00031,0.21414,0.21372
2,10000,1,0.1,0.3,0.5,0.00031,0.21563,0.21407
3,10000,1,0.1,0.3,0.5,0.00031,0.21769,0.2161
4,10000,1,0.1,0.3,0.5,0.00031,0.20898,0.20822
5,10000,1,0.1,0.3,0.5,0.00031,0.21171,0.21232
0,10000,1,0.1,0.3,0.5,0.00026,0.2421,0.24107
1,10000,1,0.1,0.3,0.5,0.00026,0.23619,0.23594
2,10000,1,0.1,0.3,0.5,0.00026,0.2365,0.23537
3,10000,1,0.1,0.3,0.5,0.00026,0.24009,0.23893
4,10000,1,0.1,0.3,0.5,0.00026,0.23105,0.23053
5,10000,1,0.1,0.3,0.5,0.00026,0.23457,0.23508
0,10000,1,0.1,0.3,0.5,0.00021,0.26753,0.26678
1,10000,1,0.1,0.3,0.5,0.00021,0.26069,0.26054
2,10000,1,0.1,0.3,0.5,0.00021,0.25978,0.25896
3,10000,1,0.1,0.3,0.5,0.00021,0.2647,0.26386
4,10000,1,0.1,0.3,0.5,0.00021,0.25547,0.25512
5,10000,1,0.1,0.3,0.5,0.00021,0.2598,0.26022
0,10000,1,0.1,0.3,0.5,0.00018,0.29545,0.2949
1,10000,1,0.1,0.3,0.5,0.00018,0.28784,0.28775
2,10000,1,0.1,0.3,0.5,0.00018,0.28568,0.28509
3,10000,1,0.1,0.3,0.5,0.00018,0.29169,0.29108
4,10000,1,0.1,0.3,0.5,0.00018,0.28241,0.28217
5,10000,1,0.1,0.3,0.5,0.00018,0.2876,0.28794
0,10000,1,0.1,0.3,0.5,0.00015,0.32602,0.32562
1,10000,1,0.1,0.3,0.5,0.00015,0.31784,0.31779
2,10000,1,0.1,0.3,0.5,0.00015,0.31445,0.31402
3,10000,1,0.1,0.3,0.5,0.00015,0.32129,0.32083
4,10000,1,0.1,0.3,0.5,0.00015,0.31208,0.31191
5,10000,1,0.1,0.3,0.5,0.00015,0.3182,0.31846
0,10000,1,0.1,0.3,0.5,0.00012,0.35949,0.35919
1,10000,1,0.1,0.3,0.5,0.00012,0.35093,0.35091
2,10000,1,0.1,0.3,0.5,0.00012,0.34635,0.34604
3,10000,1,0.1,0.3,0.5,0.00012,0.35372,0.35338
4,10000,1,0.1,0.3,0.5,0.00012,0.34469,0.34457
5,10000,1,0.1,0.3,0.5,0.00012,0.35182,0.35202
0,10000,1,0.1,0.3,0.5,0.0001,0.39609,0.39587
1,10000,1,0.1,0.3,0.5,0.0001,0.38735,0.38734
2,10000,1,0.1,0.3,0.5,0.0001,0.3817,0.38147
3,10000,1,0.1,0.3,0.5,0.0001,0.38928,0.38903
4,10000,1,0.1,0.3,0.5,0.0001,0.3805,0.38042
5,10000,1,0.1,0.3,0.5,0.0001,0.38874,0.38889
0,10000,1,0.1,0.3,0.5,1.0,0.74618,0.00168
1,10000,1,0.1,0.3,0.5,1.0,0.74618,0.00168
2,10000,1,0.1,0.3,0.5,1.0,0.74616,0.0017
3,10000,1,0.1,0.3,0.5,1.0,0.74618,0.00168
4,10000,1,0.1,0.3,0.5,1.0,0.74618,0.00168
5,10000,1,0.1,0.3,0.5,1.0,0.74617,0.00169
0,10000,1,0.1,0.3,0.5,0.82864,0.7455,0.00243
1,10000,1,0.1,0.3,0.5,0.82864,0.74549,0.00243
2,10000,1,0.1,0.3,0.5,0.82864,0.74547,0.00246
3,10000,1,0.1,0.3,0.5,0.82864,0.74549,0.00243
4,10000,1,0.1,0.3,0.5,0.82864,0.74549,0.00243
5,10000,1,0.1,0.3,0.5,0.82864,0.74548,0.00245
0,10000,1,0.1,0.3,0.5,0.68665,0.74451,0.0035
1,10000,1,0.1,0.3,0.5,0.68665,0.7445,0.00351
2,10000,1,0.1,0.3,0.5,0.68665,0.74447,0.00355
3,10000,1,0.1,0.3,0.5,0.68665,0.7445,0.00351
4,10000,1,0.1,0.3,0.5,0.68665,0.7445,0.00351
5,10000,1,0.1,0.3,0.5,0.68665,0.74448,0.00354
0,10000,1,0.1,0.3,0.5,0.56899,0.7431,0.00504
1,10000,1,0.1,0.3,0.5,0.56899,0.74309,0.00505
2,10000,1,0.1,0.3,0.5,0.56899,0.74304,0.00511
3,10000,1,0.1,0.3,0.5,0.56899,0.74309,0.00505
4,10000,1,0.1,0.3,0.5,0.56899,0.74309,0.00505
5,10000,1,0.1,0.3,0.5,0.56899,0.74306,0.00509
0,10000,1,0.1,0.3,0.5,0.47149,0.74109,0.00719
1,10000,1,0.1,0.3,0.5,0.47149,0.74107,0.00721
2,10000,1,0.1,0.3,0.5,0.47149,0.741,0.00729
3,10000,1,0.1,0.3,0.5,0.47149,0.74107,0.00721
4,10000,1,0.1,0.3,0.5,0.47149,0.74107,0.00721
5,10000,1,0.1,0.3,0.5,0.47149,0.74102,0.00726
0,10000,1,0.1,0.3,0.5,0.39069,0.73824,0.01008
1,10000,1,0.1,0.3,0.5,0.39069,0.73821,0.01011
2,10000,1,0.1,0.3,0.5,0.39069,0.73811,0.01022
3,10000,1,0.1,0.3,0.5,0.39069,0.73821,0.0101
4,10000,1,0.1,0.3,0.5,0.39069,0.73821,0.0101
5,10000,1,0.1,0.3,0.5,0.39069,0.73814,0.01018
0,10000,1,0.1,0.3,0.5,0.32375,0.73422,0.01365
1,10000,1,0.1,0.3,0.5,0.32375,0.73417,0.01369
2,10000,1,0.1,0.3,0.5,0.32375,0.73403,0.01385
3,10000,1,0.1,0.3,0.5,0.32375,0.73417,0.01369
4,10000,1,0.1,0.3,0.5,0.32375,0.73418,0.01369
5,10000,1,0.1,0.3,0.5,0.32375,0.73408,0.01379
0,10000,1,0.1,0.3,0.5,0.26827,0.72861,0.01755
1,10000,1,0.1,0.3,0.5,0.26827,0.72855,0.01761
2,10000,1,0.1,0.3,0.5,0.26827,0.72835,0.01783
3,10000,1,0.1,0.3,0.5,0.26827,0.72855,0.0176
4,10000,1,0.1,0.3,0.5,0.26827,0.72855,0.0176
5,10000,1,0.1,0.3,0.5,0.26827,0.72841,0.01775
0,10000,1,0.1,0.3,0.5,0.2223,0.72088,0.02104
1,10000,1,0.1,0.3,0.5,0.2223,0.7208,0.02112
2,10000,1,0.1,0.3,0.5,0.2223,0.72051,0.02143
3,10000,1,0.1,0.3,0.5,0.2223,0.72079,0.02112
4,10000,1,0.1,0.3,0.5,0.2223,0.7208,0.02112
5,10000,1,0.1,0.3,0.5,0.2223,0.7206,0.02132
0,10000,1,0.1,0.3,0.5,0.18421,0.71039,0.02317
1,10000,1,0.1,0.3,0.5,0.18421,0.71027,0.02326
2,10000,1,0.1,0.3,0.5,0.18421,0.70988,0.02369
3,10000,1,0.1,0.3,0.5,0.18421,0.71026,0.02326
4,10000,1,0.1,0.3,0.5,0.18421,0.71028,0.02326
5,10000,1,0.1,0.3,0.5,0.18421,0.71001,0.02353
0,10000,1,0.1,0.3,0.5,0.15264,0.69644,0.02319
1,10000,1,0.1,0.3,0.5,0.15264,0.69626,0.0233
2,10000,1,0.1,0.3,0.5,0.15264,0.69572,0.02389
3,10000,1,0.1,0.3,0.5,0.15264,0.69625,0.02329
4,10000,1,0.1,0.3,0.5,0.15264,0.69627,0.02331
5,10000,1,0.1,0.3,0.5,0.15264,0.6959,0.02367
0,10000,1,0.1,0.3,0.5,0.12649,0.67832,0.02091
1,10000,1,0.1,0.3,0.5,0.12649,0.67809,0.02101
2,10000,1,0.1,0.3,0.5,0.12649,0.67736,0.02179
3,10000,1,0.1,0.3,0.5,0.12649,0.67807,0.02098
4,10000,1,0.1,0.3,0.5,0.12649,0.6781,0.02103
5,10000,1,0.1,0.3,0.5,0.12649,0.6776,0.02148
0,10000,1,0.1,0.3,0.5,0.10481,0.65554,0.01688
1,10000,1,0.1,0.3,0.5,0.10481,0.65522,0.01688
2,10000,1,0.1,0.3,0.5,0.10481,0.65426,0.01789
3,10000,1,0.1,0.3,0.5,0.10481,0.6552,0.0168
4,10000,1,0.1,0.3,0.5,0.10481,0.65524,0.01693
5,10000,1,0.1,0.3,0.5,0.10481,0.65457,0.01743
0,10000,1,0.1,0.3,0.5,0.08685,0.62793,0.0124
1,10000,1,0.1,0.3,0.5,0.08685,0.62752,0.01201
2,10000,1,0.1,0.3,0.5,0.08685,0.62628,0.01323
3,10000,1,0.1,0.3,0.5,0.08685,0.62749,0.0118
4,10000,1,0.1,0.3,0.5,0.08685,0.62754,0.01217
5,10000,1,0.1,0.3,0.5,0.08685,0.62668,0.01253
0,10000,1,0.1,0.3,0.5,0.07197,0.59589,0.00935
1,10000,1,0.1,0.3,0.5,0.07197,0.59537,0.0079
2,10000,1,0.1,0.3,0.5,0.07197,0.59382,0.00918
3,10000,1,0.1,0.3,0.5,0.07197,0.59533,0.00733
4,10000,1,0.1,0.3,0.5,0.07197,0.59541,0.00835
5,10000,1,0.1,0.3,0.5,0.07197,0.59432,0.00797
0,10000,1,0.1,0.3,0.5,0.05964,0.56044,0.00921
1,10000,1,0.1,0.3,0.5,0.05964,0.55981,0.00613
2,10000,1,0.1,0.3,0.5,0.05964,0.55796,0.00706
3,10000,1,0.1,0.3,0.5,0.05964,0.55976,0.00492
4,10000,1,0.1,0.3,0.5,0.05964,0.55987,0.00713
5,10000,1,0.1,0.3,0.5,0.05964,0.55853,0.00481
0,10000,1,0.1,0.3,0.5,0.04942,0.52308,0.01105
1,10000,1,0.1,0.3,0.5,0.04942,0.52235,0.00673
2,10000,1,0.1,0.3,0.5,0.04942,0.52023,0.00736
3,10000,1,0.1,0.3,0.5,0.04942,0.5223,0.00532
4,10000,1,0.1,0.3,0.5,0.04942,0.52245,0.00824
5,10000,1,0.1,0.3,0.5,0.04942,0.52085,0.00379
0,10000,1,0.1,0.3,0.5,0.04095,0.48544,0.01341
1,10000,1,0.1,0.3,0.5,0.04095,0.48463,0.00819
2,10000,1,0.1,0.3,0.5,0.04095,0.48233,0.00902
3,10000,1,0.1,0.3,0.5,0.04095,0.4846,0.00655
4,10000,1,0.1,0.3,0.5,0.04095,0.48481,0.01013
5,10000,1,0.1,0.3,0.5,0.04095,0.48295,0.00434
0,10000,1,0.1,0.3,0.5,0.03393,0.44891,0.01583
1,10000,1,0.1,0.3,0.5,0.03393,0.44805,0.0097
2,10000,1,0.1,0.3,0.5,0.03393,0.4457,0.01129
3,10000,1,0.1,0.3,0.5,0.03393,0.44806,0.00795
4,10000,1,0.1,0.3,0.5,0.03393,0.44836,0.0121
5,10000,1,0.1,0.3,0.5,0.03393,0.44623,0.00545
0,10000,1,0.1,0.3,0.5,0.02812,0.41433,0.01825
1,10000,1,0.1,0.3,0.5,0.02812,0.41348,0.01122
2,10000,1,0.1,0.3,0.5,0.02812,0.4112,0.01387
3,10000,1,0.1,0.3,0.5,0.02812,0.41353,0.0094
4,10000,1,0.1,0.3,0.5,0.02812,0.41394,0.0141
5,10000,1,0.1,0.3,0.5,0.02812,0.41156,0.00678
0,10000,1,0.1,0.3,0.5,0.0233,0.38199,0.02072
1,10000,1,0.1,0.3,0.5,0.0233,0.38119,0.01287
2,10000,1,0.1,0.3,0.5,0.0233,0.37911,0.01665
3,10000,1,0.1,0.3,0.5,0.0233,0.38129,0.01096
4,10000,1,0.1,0.3,0.5,0.0233,0.38184,0.01617
5,10000,1,0.1,0.3,0.5,0.0233,0.37921,0.0083
0,10000,1,0.1,0.3,0.5,0.01931,0.35175,0.02329
1,10000,1,0.1,0.3,0.5,0.01931,0.35106,0.01478
2,10000,1,0.1,0.3,0.5,0.01931,0.34923,0.01956
3,10000,1,0.1,0.3,0.5,0.01931,0.35115,0.0127
4,10000,1,0.1,0.3,0.5,0.01931,0.35189,0.01838
5,10000,1,0.1,0.3,0.5,0.01931,0.349,0.01004
0,10000,1,0.1,0.3,0.5,0.016,0.32326,0.02597
1,10000,1,0.1,0.3,0.5,0.016,0.32272,0.01706
2,10000,1,0.1,0.3,0.5,0.016,0.32112,0.02257
3,10000,1,0.1,0.3,0.5,0.016,0.32272,0.01466
4,10000,1,0.1,0.3,0.5,0.016,0.32368,0.02079
5,10000,1,0.1,0.3,0.5,0.016,0.32053,0.01206
0,10000,1,0.1,0.3,0.5,0.01326,0.29613,0.02884
1,10000,1,0.1,0.3,0.5,0.01326,0.29577,0.01984
2,10000,1,0.1,0.3,0.5,0.01326,0.29433,0.02573
3,10000,1,0.1,0.3,0.5,0.01326,0.29557,0.01691
4,10000,1,0.1,0.3,0.5,0.01326,0.2968,0.0235
5,10000,1,0.1,0.3,0.5,0.01326,0.29336,0.01441
0,10000,1,0.1,0.3,0.5,0.01099,0.27012,0.03194
1,10000,1,0.1,0.3,0.5,0.01099,0.26996,0.02317
2,10000,1,0.1,0.3,0.5,0.01099,0.26852,0.02908
3,10000,1,0.1,0.3,0.5,0.01099,0.26937,0.0195
4,10000,1,0.1,0.3,0.5,0.01099,0.27095,0.02659
5,10000,1,0.1,0.3,0.5,0.01099,0.2672,0.0172
0,10000,1,0.1,0.3,0.5,0.0091,0.24516,0.03532
1,10000,1,0.1,0.3,0.5,0.0091,0.24518,0.02712
2,10000,1,0.1,0.3,0.5,0.0091,0.24357,0.03272
3,10000,1,0.1,0.3,0.5,0.0091,0.24403,0.02248
4,10000,1,0.1,0.3,0.5,0.0091,0.24603,0.03016
5,10000,1,0.1,0.3,0.5,0.0091,0.24194,0.0205
0,10000,1,0.1,0.3,0.5,0.00754,0.22139,0.03903
1,10000,1,0.1,0.3,0.5,0.00754,0.22157,0.03169
2,10000,1,0.1,0.3,0.5,0.00754,0.21961,0.03678
3,10000,1,0.1,0.3,0.5,0.00754,0.21963,0.02584
4,10000,1,0.1,0.3,0.5,0.00754,0.22216,0.0343
5,10000,1,0.1,0.3,0.5,0.00754,0.21769,0.02436
0,10000,1,0.1,0.3,0.5,0.00625,0.19908,0.0431
1,10000,1,0.1,0.3,0.5,0.00625,0.1994,0.0369
2,10000,1,0.1,0.3,0.5,0.00625,0.19694,0.04132
3,10000,1,0.1,0.3,0.5,0.00625,0.19641,0.02957
4,10000,1,0.1,0.3,0.5,0.00625,0.19964,0.03909
5,10000,1,0.1,0.3,0.5,0.00625,0.19472,0.02877
0,10000,1,0.1,0.3,0.5,0.00518,0.17858,0.04754
1,10000,1,0.1,0.3,0.5,0.00518,0.17906,0.04273
2,10000,1,0.1,0.3,0.5,0.00518,0.17596,0.04639
3,10000,1,0.1,0.3,0.5,0.00518,0.17472,0.03366
4,10000,1,0.1,0.3,0.5,0.00518,0.17889,0.04453
5,10000,1,0.1,0.3,0.5,0.00518,0.17339,0.03374
0,10000,1,0.1,0.3,0.5,0.00429,0.1603,0.0524
1,10000,1,0.1,0.3,0.5,0.00429,0.16099,0.0492
2,10000,1,0.1,0.3,0.5,0.00429,0.15717,0.05199
3,10000,1,0.1,0.3,0.5,0.00429,0.15492,0.03812
4,10000,1,0.1,0.3,0.5,0.00429,0.16039,0.05063
5,10000,1,0.1,0.3,0.5,0.00429,0.15414,0.03927
0,10000,1,0.1,0.3,0.5,0.00356,0.14459,0.05771
1,10000,1,0.1,0.3,0.5,0.00356,0.14565,0.05629
2,10000,1,0.1,0.3,0.5,0.00356,0.14103,0.05809
3,10000,1,0.1,0.3,0.5,0.00356,0.1374,0.04298
4,10000,1,0.1,0.3,0.5,0.00356,0.14461,0.05735
5,10000,1,0.1,0.3,0.5,0.00356,0.13739,0.04538
0,10000,1,0.1,0.3,0.5,0.00295,0.13181,0.06356
1,10000,1,0.1,0.3,0.5,0.00295,0.13346,0.064
2,10000,1,0.1,0.3,0.5,0.00295,0.12798,0.06466
3,10000,1,0.1,0.3,0.5,0.00295,0.12257,0.04838
4,10000,1,0.1,0.3,0.5,0.00295,0.13199,0.06464
5,10000,1,0.1,0.3,0.5,0.00295,0.12362,0.05213
0,10000,1,0.1,0.3,0.5,0.00244,0.12227,0.07007
1,10000,1,0.1,0.3,0.5,0.00244,0.12477,0.07233
2,10000,1,0.1,0.3,0.5,0.00244,0.11837,0.0717
3,10000,1,0.1,0.3,0.5,0.00244,0.11084,0.05445
4,10000,1,0.1,0.3,0.5,0.00244,0.12286,0.07244
5,10000,1,0.1,0.3,0.5,0.00244,0.11326,0.0596
0,10000,1,0.1,0.3,0.5,0.00202,0.1162,0.07734
1,10000,1,0.1,0.3,0.5,0.00202,0.11978,0.0813
2,10000,1,0.1,0.3,0.5,0.00202,0.1124,0.07924
3,10000,1,0.1,0.3,0.5,0.00202,0.10265,0.06138
4,10000,1,0.1,0.3,0.5,0.00202,0.11736,0.08074
5,10000,1,0.1,0.3,0.5,0.00202,0.10668,0.06786
0,10000,1,0.1,0.3,0.5,0.00168,0.11369,0.0855
1,10000,1,0.1,0.3,0.5,0.00168,0.11846,0.09093
2,10000,1,0.1,0.3,0.5,0.00168,0.11007,0.08734
3,10000,1,0.1,0.3,0.5,0.00168,0.09835,0.06933
4,10000,1,0.1,0.3,0.5,0.00168,0.11543,0.08955
5,10000,1,0.1,0.3,0.5,0.00168,0.10405,0.07697
0,10000,1,0.1,0.3,0.5,0.00139,0.11466,0.09466
1,10000,1,0.1,0.3,0.5,0.00139,0.12059,0.1013
2,10000,1,0.1,0.3,0.5,0.00139,0.11117,0.09611
3,10000,1,0.1,0.3,0.5,0.00139,0.09807,0.07846
4,10000,1,0.1,0.3,0.5,0.00139,0.11681,0.09891
5,10000,1,0.1,0.3,0.5,0.00139,0.10529,0.087
0,10000,1,0.1,0.3,0.5,0.00115,0.11885,0.10491
1,10000,1,0.1,0.3,0.5,0.00115,0.12577,0.11245
2,10000,1,0.1,0.3,0.5,0.00115,0.11535,0.10568
3,10000,1,0.1,0.3,0.5,0.00115,0.10167,0.08886
4,10000,1,0.1,0.3,0.5,0.00115,0.12109,0.10893
5,10000,1,0.1,0.3,0.5,0.00115,0.11004,0.09799
0,10000,1,0.1,0.3,0.5,0.00095,0.12595,0.11632
1,10000,1,0.1,0.3,0.5,0.00095,0.1336,0.12449
2,10000,1,0.1,0.3,0.5,0.00095,0.12222,0.11617
3,10000,1,0.1,0.3,0.5,0.00095,0.10875,0.1006
4,10000,1,0.1,0.3,0.5,0.00095,0.12788,0.1197
5,10000,1,0.1,0.3,0.5,0.00095,0.11779,0.11
0,10000,1,0.1,0.3,0.5,0.00079,0.13558,0.12897
1,10000,1,0.1,0.3,0.5,0.00079,0.14374,0.13753
2,10000,1,0.1,0.3,0.5,0.00079,0.13142,0.12774
3,10000,1,0.1,0.3,0.5,0.00079,0.11881,0.11371
4,10000,1,0.1,0.3,0.5,0.00079,0.13683,0.13137
5,10000,1,0.1,0.3,0.5,0.00079,0.12806,0.12309
0,10000,1,0.1,0.3,0.5,0.00066,0.14749,0.14295
1,10000,1,0.1,0.3,0.5,0.00066,0.15594,0.15171
2,10000,1,0.1,0.3,0.5,0.00066,0.14274,0.14056
3,10000,1,0.1,0.3,0.5,0.00066,0.13139,0.12825
4,10000,1,0.1,0.3,0.5,0.00066,0.14771,0.14408
5,10000,1,0.1,0.3,0.5,0.00066,0.14047,0.13732
0,10000,1,0.1,0.3,0.5,0.00054,0.16148,0.15835
1,10000,1,0.1,0.3,0.5,0.00054,0.17008,0.1672
2,10000,1,0.1,0.3,0.5,0.00054,0.15604,0.1548
3,10000,1,0.1,0.3,0.5,0.00054,0.14617,0.14425
4,10000,1,0.1,0.3,0.5,0.00054,0.1604,0.15798
5,10000,1,0.1,0.3,0.5,0.00054,0.15476,0.15278
0,10000,1,0.1,0.3,0.5,0.00045,0.17745,0.17529
1,10000,1,0.1,0.3,0.5,0.00045,0.18616,0.18419
2,10000,1,0.1,0.3,0.5,0.00045,0.17134,0.17066
3,10000,1,0.1,0.3,0.5,0.00045,0.16294,0.16178
4,10000,1,0.1,0.3,0.5,0.00045,0.17489,0.17327
5,10000,1,0.1,0.3,0.5,0.00045,0.17081,0.16957
0,10000,1,0.1,0.3,0.5,0.00037,0.19541,0.19391
1,10000,1,0.1,0.3,0.5,0.00037,0.2042,0.20286
2,10000,1,0.1,0.3,0.5,0.00037,0.18868,0.18833
3,10000,1,0.1,0.3,0.5,0.00037,0.18163,0.18093
4,10000,1,0.1,0.3,0.5,0.00037,0.19125,0.19017
5,10000,1,0.1,0.3,0.5,0.00037,0.18865,0.18788
0,10000,1,0.1,0.3,0.5,0.00031,0.21544,0.21439
1,10000,1,0.1,0.3,0.5,0.00031,0.22431,0.22338
2,10000,1,0.1,0.3,0.5,0.00031,0.2082,0.20804
3,10000,1,0.1,0.3,0.5,0.00031,0.20225,0.20183
4,10000,1,0.1,0.3,0.5,0.00031,0.20964,0.20891
5,10000,1,0.1,0.3,0.5,0.00031,0.2084,0.20792
0,10000,1,0.1,0.3,0.5,0.00026,0.23767,0.23694
1,10000,1,0.1,0.3,0.5,0.00026,0.24657,0.24593
2,10000,1,0.1,0.3,0.5,0.00026,0.23006,0.23001
3,10000,1,0.1,0.3,0.5,0.00026,0.22491,0.22466
4,10000,1,0.1,0.3,0.5,0.00026,0.23026,0.22977
5,10000,1,0.1,0.3,0.5,0.00026,0.23025,0.22995
0,10000,1,0.1,0.3,0.5,0.00021,0.26229,0.26177
1,10000,1,0.1,0.3,0.5,0.00021,0.27111,0.27067
2,10000,1,0.1,0.3,0.5,0.00021,0.25445,0.25446
3,10000,1,0.1,0.3,0.5,0.00021,0.24977,0.24962
4,10000,1,0.1,0.3,0.5,0.00021,0.25336,0.25303
5,10000,1,0.1,0.3,0.5,0.00021,0.25442,0.25423
0,10000,1,0.1,0.3,0.5,0.00018,0.28949,0.28911
1,10000,1,0.1,0.3,0.5,0.00018,0.29807,0.29776
2,10000,1,0.1,0.3,0.5,0.00018,0.28159,0.28162
3,10000,1,0.1,0.3,0.5,0.00018,0.27705,0.27697
4,10000,1,0.1,0.3,0.5,0.00018,0.27919,0.27895
5,10000,1,0.1,0.3,0.5,0.00018,0.28115,0.28104
0,10000,1,0.1,0.3,0.5,0.00015,0.31948,0.31921
1,10000,1,0.1,0.3,0.5,0.00015,0.32763,0.32741
2,10000,1,0.1,0.3,0.5,0.00015,0.31169,0.31173
3,10000,1,0.1,0.3,0.5,0.00015,0.30701,0.30697
4,10000,1,0.1,0.3,0.5,0.00015,0.30797,0.30781
5,10000,1,0.1,0.3,0.5,0.00015,0.31068,0.3106
0,10000,1,0.1,0.3,0.5,0.00012,0.3525,0.35231
1,10000,1,0.1,0.3,0.5,0.00012,0.36003,0.35987
2,10000,1,0.1,0.3,0.5,0.00012,0.34495,0.34499
3,10000,1,0.1,0.3,0.5,0.00012,0.33994,0.33991
4,10000,1,0.1,0.3,0.5,0.00012,0.33996,0.33985
5,10000,1,0.1,0.3,0.5,0.00012,0.34321,0.34317
0,10000,1,0.1,0.3,0.5,0.0001,0.3888,0.38866
1,10000,1,0.1,0.3,0.5,0.0001,0.39553,0.39542
2,10000,1,0.1,0.3,0.5,0.0001,0.38161,0.38165
3,10000,1,0.1,0.3,0.5,0.0001,0.37613,0.37611
4,10000,1,0.1,0.3,0.5,0.0001,0.37539,0.37531
5,10000,1,0.1,0.3,0.5,0.0001,0.37902,0.37899
0,10000,1,0.1,0.3,0.5,1.0,0.74618,0.00171
1,10000,1,0.1,0.3,0.5,1.0,0.74621,0.00168
2,10000,1,0.1,0.3,0.5,1.0,0.74623,0.00166
3,10000,1,0.1,0.3,0.5,1.0,0.7462,0.00169
4,10000,1,0.1,0.3,0.5,1.0,0.74619,0.0017
5,10000,1,0.1,0.3,0.5,1.0,0.7462,0.00169
0,10000,1,0.1,0.3,0.5,0.82864,0.74548,0.00247
1,10000,1,0.1,0.3,0.5,0.82864,0.74552,0.00243
2,10000,1,0.1,0.3,0.5,0.82864,0.74555,0.0024
3,10000,1,0.1,0.3,0.5,0.82864,0.74551,0.00245
4,10000,1,0.1,0.3,0.5,0.82864,0.7455,0.00246
5,10000,1,0.1,0.3,0.5,0.82864,0.74551,0.00245
0,10000,1,0.1,0.3,0.5,0.68665,0.74448,0.00357
1,10000,1,0.1,0.3,0.5,0.68665,0.74453,0.00351
2,10000,1,0.1,0.3,0.5,0.68665,0.74458,0.00346
3,10000,1,0.1,0.3,0.5,0.68665,0.74452,0.00353
4,10000,1,0.1,0.3,0.5,0.68665,0.7445,0.00354
5,10000,1,0.1,0.3,0.5,0.68665,0.74451,0.00353
0,10000,1,0.1,0.3,0.5,0.56899,0.74304,0.00514
1,10000,1,0.1,0.3,0.5,0.56899,0.74312,0.00505
2,10000,1,0.1,0.3,0.5,0.56899,0.74318,0.00498
3,10000,1,0.1,0.3,0.5,0.56899,0.74309,0.00508
4,10000,1,0.1,0.3,0.5,0.56899,0.74307,0.0051
5,10000,1,0.1,0.3,0.5,0.56899,0.74309,0.00508
0,10000,1,0.1,0.3,0.5,0.47149,0.74099,0.00733
1,10000,1,0.1,0.3,0.5,0.47149,0.7411,0.00721
2,10000,1,0.1,0.3,0.5,0.47149,0.7412,0.0071
3,10000,1,0.1,0.3,0.5,0.47149,0.74107,0.00725
4,10000,1,0.1,0.3,0.5,0.47149,0.74104,0.00728
5,10000,1,0.1,0.3,0.5,0.47149,0.74106,0.00725
0,10000,1,0.1,0.3,0.5,0.39069,0.73808,0.01027
1,10000,1,0.1,0.3,0.5,0.39069,0.73824,0.0101
2,10000,1,0.1,0.3,0.5,0.39069,0.73838,0.00995
3,10000,1,0.1,0.3,0.5,0.39069,0.73819,0.01015
4,10000,1,0.1,0.3,0.5,0.39069,0.73815,0.0102
5,10000,1,0.1,0.3,0.5,0.39069,0.73819,0.01015
0,10000,1,0.1,0.3,0.5,0.32375,0.73398,0.01393
1,10000,1,0.1,0.3,0.5,0.32375,0.73421,0.01369
2,10000,1,0.1,0.3,0.5,0.32375,0.73441,0.01347
3,10000,1,0.1,0.3,0.5,0.32375,0.73414,0.01376
4,10000,1,0.1,0.3,0.5,0.32375,0.73408,0.01382
5,10000,1,0.1,0.3,0.5,0.32375,0.73414,0.01376
0,10000,1,0.1,0.3,0.5,0.26827,0.72826,0.01795
1,10000,1,0.1,0.3,0.5,0.26827,0.72859,0.0176
2,10000,1,0.1,0.3,0.5,0.26827,0.72887,0.0173
3,10000,1,0.1,0.3,0.5,0.26827,0.72849,0.0177
4,10000,1,0.1,0.3,0.5,0.26827,0.7284,0.01779
5,10000,1,0.1,0.3,0.5,0.26827,0.72848,0.0177
0,10000,1,0.1,0.3,0.5,0.2223,0.72038,0.02159
1,10000,1,0.1,0.3,0.5,0.2223,0.72084,0.0211
2,10000,1,0.1,0.3,0.5,0.2223,0.72123,0.02068
3,10000,1,0.1,0.3,0.5,0.2223,0.7207,0.02126
4,10000,1,0.1,0.3,0.5,0.2223,0.72058,0.02138
5,10000,1,0.1,0.3,0.5,0.2223,0.72069,0.02126
0,10000,1,0.1,0.3,0.5,0.18421,0.70968,0.02392
1,10000,1,0.1,0.3,0.5,0.18421,0.71032,0.02325
2,10000,1,0.1,0.3,0.5,0.18421,0.71087,0.02267
3,10000,1,0.1,0.3,0.5,0.18421,0.71012,0.02345
4,10000,1,0.1,0.3,0.5,0.18421,0.70996,0.02362
5,10000,1,0.1,0.3,0.5,0.18421,0.71012,0.02345
0,10000,1,0.1,0.3,0.5,0.15264,0.69545,0.0242
1,10000,1,0.1,0.3,0.5,0.15264,0.69633,0.02329
2,10000,1,0.1,0.3,0.5,0.15264,0.69708,0.0225
3,10000,1,0.1,0.3,0.5,0.15264,0.69605,0.02356
4,10000,1,0.1,0.3,0.5,0.15264,0.69583,0.02378
5,10000,1,0.1,0.3,0.5,0.15264,0.69604,0.02356
0,10000,1,0.1,0.3,0.5,0.12649,0.67698,0.0222
1,10000,1,0.1,0.3,0.5,0.12649,0.67817,0.02101
2,10000,1,0.1,0.3,0.5,0.12649,0.67918,0.01997
3,10000,1,0.1,0.3,0.5,0.12649,0.67779,0.02135
4,10000,1,0.1,0.3,0.5,0.12649,0.67749,0.02163
5,10000,1,0.1,0.3,0.5,0.12649,0.67778,0.02135
0,10000,1,0.1,0.3,0.5,0.10481,0.65375,0.01838
1,10000,1,0.1,0.3,0.5,0.10481,0.65532,0.01692
2,10000,1,0.1,0.3,0.5,0.10481,0.65666,0.01563
3,10000,1,0.1,0.3,0.5,0.10481,0.65482,0.01731
4,10000,1,0.1,0.3,0.5,0.10481,0.65442,0.01762
5,10000,1,0.1,0.3,0.5,0.10481,0.6548,0.0173
0,10000,1,0.1,0.3,0.5,0.08685,0.62561,0.01375
1,10000,1,0.1,0.3,0.5,0.08685,0.62764,0.0122
2,10000,1,0.1,0.3,0.5,0.08685,0.62936,0.01082
3,10000,1,0.1,0.3,0.5,0.08685,0.627,0.01249
4,10000,1,0.1,0.3,0.5,0.08685,0.62648,0.01275
5,10000,1,0.1,0.3,0.5,0.08685,0.62696,0.01248
0,10000,1,0.1,0.3,0.5,0.07197,0.59297,0.00947
1,10000,1,0.1,0.3,0.5,0.07197,0.59552,0.00847
2,10000,1,0.1,0.3,0.5,0.07197,0.59768,0.00775
3,10000,1,0.1,0.3,0.5,0.07197,0.59472,0.00824
4,10000,1,0.1,0.3,0.5,0.07197,0.59406,0.00818
5,10000,1,0.1,0.3,0.5,0.07197,0.59466,0.00826
0,10000,1,0.1,0.3,0.5,0.05964,0.5569,0.00652
1,10000,1,0.1,0.3,0.5,0.05964,0.55998,0.00734
2,10000,1,0.1,0.3,0.5,0.05964,0.56258,0.00833
3,10000,1,0.1,0.3,0.5,0.05964,0.55902,0.00588
4,10000,1,0.1,0.3,0.5,0.05964,0.55823,0.00494
5,10000,1,0.1,0.3,0.5,0.05964,0.55892,0.00606
0,10000,1,0.1,0.3,0.5,0.04942,0.51895,0.00553
1,10000,1,0.1,0.3,0.5,0.04942,0.52254,0.00852
2,10000,1,0.1,0.3,0.5,0.04942,0.52555,0.01074
3,10000,1,0.1,0.3,0.5,0.04942,0.52143,0.00585
4,10000,1,0.1,0.3,0.5,0.04942,0.5205,0.00395
5,10000,1,0.1,0.3,0.5,0.04942,0.52126,0.00633
0,10000,1,0.1,0.3,0.5,0.04095,0.48082,0.0061
1,10000,1,0.1,0.3,0.5,0.04095,0.48484,0.01021
2,10000,1,0.1,0.3,0.5,0.04095,0.48816,0.01336
3,10000,1,0.1,0.3,0.5,0.04095,0.48362,0.00697
4,10000,1,0.1,0.3,0.5,0.04095,0.48258,0.00485
5,10000,1,0.1,0.3,0.5,0.04095,0.48333,0.00782
0,10000,1,0.1,0.3,0.5,0.03393,0.44393,0.00769
1,10000,1,0.1,0.3,0.5,0.03393,0.44826,0.01195
2,10000,1,0.1,0.3,0.5,0.03393,0.45176,0.01577
3,10000,1,0.1,0.3,0.5,0.03393,0.44701,0.00846
4,10000,1,0.1,0.3,0.5,0.03393,0.44587,0.00668
5,10000,1,0.1,0.3,0.5,0.03393,0.44652,0.00971
0,10000,1,0.1,0.3,0.5,0.02812,0.40916,0.00982
1,10000,1,0.1,0.3,0.5,0.02812,0.41363,0.01367
2,10000,1,0.1,0.3,0.5,0.02812,0.41717,0.01808
3,10000,1,0.1,0.3,0.5,0.02812,0.41245,0.01017
4,10000,1,0.1,0.3,0.5,0.02812,0.41123,0.00901
5,10000,1,0.1,0.3,0.5,0.02812,0.41167,0.01183
0,10000,1,0.1,0.3,0.5,0.0233,0.37676,0.0123
1,10000,1,0.1,0.3,0.5,0.0233,0.38123,0.01541
2,10000,1,0.1,0.3,0.5,0.0233,0.38467,0.02044
3,10000,1,0.1,0.3,0.5,0.0233,0.38025,0.01213
4,10000,1,0.1,0.3,0.5,0.0233,0.37894,0.01177
5,10000,1,0.1,0.3,0.5,0.0233,0.37902,0.01419
0,10000,1,0.1,0.3,0.5,0.01931,0.34654,0.01503
1,10000,1,0.1,0.3,0.5,0.01931,0.35088,0.01727
2,10000,1,0.1,0.3,0.5,0.01931,0.35413,0.02291
3,10000,1,0.1,0.3,0.5,0.01931,0.35024,0.01433
4,10000,1,0.1,0.3,0.5,0.01931,0.34881,0.01496
5,10000,1,0.1,0.3,0.5,0.01931,0.34839,0.01681
0,10000,1,0.1,0.3,0.5,0.016,0.31806,0.01797
1,10000,1,0.1,0.3,0.5,0.016,0.32217,0.01933
2,10000,1,0.1,0.3,0.5,0.016,0.32521,0.02554
3,10000,1,0.1,0.3,0.5,0.016,0.32206,0.01678
4,10000,1,0.1,0.3,0.5,0.016,0.32042,0.01859
5,10000,1,0.1,0.3,0.5,0.016,0.31935,0.01967
0,10000,1,0.1,0.3,0.5,0.01326,0.29084,0.02109
1,10000,1,0.1,0.3,0.5,0.01326,0.29469,0.0217
2,10000,1,0.1,0.3,0.5,0.01326,0.29755,0.02834
3,10000,1,0.1,0.3,0.5,0.01326,0.29529,0.01946
4,10000,1,0.1,0.3,0.5,0.01326,0.29331,0.02263
5,10000,1,0.1,0.3,0.5,0.01326,0.29148,0.0228
0,10000,1,0.1,0.3,0.5,0.01099,0.26455,0.02439
1,10000,1,0.1,0.3,0.5,0.01099,0.26815,0.02444
2,10000,1,0.1,0.3,0.5,0.01099,0.27091,0.03131
3,10000,1,0.1,0.3,0.5,0.01099,0.26963,0.02238
4,10000,1,0.1,0.3,0.5,0.01099,0.26719,0.02704
5,10000,1,0.1,0.3,0.5,0.01099,0.26446,0.02619
0,10000,1,0.1,0.3,0.5,0.0091,0.23909,0.02785
1,10000,1,0.1,0.3,0.5,0.0091,0.24247,0.02762
2,10000,1,0.1,0.3,0.5,0.0091,0.24526,0.03448
3,10000,1,0.1,0.3,0.5,0.0091,0.24496,0.02558
4,10000,1,0.1,0.3,0.5,0.0091,0.24196,0.03178
5,10000,1,0.1,0.3,0.5,0.0091,0.23821,0.02987
0,10000,1,0.1,0.3,0.5,0.00754,0.21454,0.03152
1,10000,1,0.1,0.3,0.5,0.00754,0.21778,0.03125
2,10000,1,0.1,0.3,0.5,0.00754,0.22074,0.03787
3,10000,1,0.1,0.3,0.5,0.00754,0.22136,0.02911
4,10000,1,0.1,0.3,0.5,0.00754,0.21774,0.03676
5,10000,1,0.1,0.3,0.5,0.00754,0.21289,0.03386
0,10000,1,0.1,0.3,0.5,0.00625,0.1912,0.03542
1,10000,1,0.1,0.3,0.5,0.00625,0.19438,0.03533
2,10000,1,0.1,0.3,0.5,0.00625,0.19763,0.04153
3,10000,1,0.1,0.3,0.5,0.00625,0.19906,0.03303
4,10000,1,0.1,0.3,0.5,0.00625,0.19481,0.04195
5,10000,1,0.1,0.3,0.5,0.00625,0.18881,0.03822
0,10000,1,0.1,0.3,0.5,0.00518,0.16944,0.03962
1,10000,1,0.1,0.3,0.5,0.00518,0.17265,0.03984
2,10000,1,0.1,0.3,0.5,0.00518,0.1763,0.04551
3,10000,1,0.1,0.3,0.5,0.00518,0.17841,0.03742
4,10000,1,0.1,0.3,0.5,0.00518,0.17359,0.04732
5,10000,1,0.1,0.3,0.5,0.00518,0.16642,0.04302
0,10000,1,0.1,0.3,0.5,0.00429,0.14969,0.04418
1,10000,1,0.1,0.3,0.5,0.00429,0.15303,0.04477
2,10000,1,0.1,0.3,0.5,0.00429,0.15718,0.04993
3,10000,1,0.1,0.3,0.5,0.00429,0.15977,0.04237
4,10000,1,0.1,0.3,0.5,0.00429,0.15454,0.0529
5,10000,1,0.1,0.3,0.5,0.00429,0.14626,0.04832
0,10000,1,0.1,0.3,0.5,0.00356,0.13242,0.04919
1,10000,1,0.1,0.3,0.5,0.00356,0.13596,0.05014
2,10000,1,0.1,0.3,0.5,0.00356,0.14067,0.05489
3,10000,1,0.1,0.3,0.5,0.00356,0.14354,0.04798
4,10000,1,0.1,0.3,0.5,0.00356,0.13812,0.05876
5,10000,1,0.1,0.3,0.5,0.00356,0.12892,0.05422
0,10000,1,0.1,0.3,0.5,0.00295,0.1181,0.05475
1,10000,1,0.1,0.3,0.5,0.00295,0.12187,0.05603
2,10000,1,0.1,0.3,0.5,0.00295,0.1272,0.06053
3,10000,1,0.1,0.3,0.5,0.00295,0.13014,0.05433
4,10000,1,0.1,0.3,0.5,0.00295,0.1248,0.06498
5,10000,1,0.1,0.3,0.5,0.00295,0.115,0.06079
0,10000,1,0.1,0.3,0.5,0.00244,0.10721,0.06098
1,10000,1,0.1,0.3,0.5,0.00244,0.11119,0.06252
2,10000,1,0.1,0.3,0.5,0.00244,0.11716,0.06699
3,10000,1,0.1,0.3,0.5,0.00244,0.11998,0.06153
4,10000,1,0.1,0.3,0.5,0.00244,0.11499,0.07168
5,10000,1,0.1,0.3,0.5,0.00244,0.10513,0.06813
0,10000,1,0.1,0.3,0.5,0.00202,0.10016,0.06802
1,10000,1,0.1,0.3,0.5,0.00202,0.10429,0.06976
2,10000,1,0.1,0.3,0.5,0.00202,0.11087,0.07438
3,10000,1,0.1,0.3,0.5,0.00202,0.1134,0.06968
4,10000,1,0.1,0.3,0.5,0.00202,0.10896,0.07895
5,10000,1,0.1,0.3,0.5,0.00202,0.09976,0.07633
0,10000,1,0.1,0.3,0.5,0.00168,0.0972,0.076
1,10000,1,0.1,0.3,0.5,0.00168,0.10134,0.07787
2,10000,1,0.1,0.3,0.5,0.00168,0.10846,0.08278
3,10000,1,0.1,0.3,0.5,0.00168,0.11063,0.07888
4,10000,1,0.1,0.3,0.5,0.00168,0.10673,0.08689
5,10000,1,0.1,0.3,0.5,0.00168,0.09902,0.08548
0,10000,1,0.1,0.3,0.5,0.00139,0.09827,0.08503
1,10000,1,0.1,0.3,0.5,0.00139,0.1023,0.08699
2,10000,1,0.1,0.3,0.5,0.00139,0.10981,0.09228
3,10000,1,0.1,0.3,0.5,0.00139,0.11167,0.08919
4,10000,1,0.1,0.3,0.5,0.00139,0.10809,0.09557
5,10000,1,0.1,0.3,0.5,0.00139,0.10259,0.09569
0,10000,1,0.1,0.3,0.5,0.00115,0.10302,0.0952
1,10000,1,0.1,0.3,0.5,0.00115,0.10685,0.09723
2,10000,1,0.1,0.3,0.5,0.00115,0.11462,0.10292
3,10000,1,0.1,0.3,0.5,0.00115,0.11629,0.10066
4,10000,1,0.1,0.3,0.5,0.00115,0.11262,0.10511
5,10000,1,0.1,0.3,0.5,0.00115,0.10984,0.10703
0,10000,1,0.1,0.3,0.5,0.00095,0.11095,0.10661
1,10000,1,0.1,0.3,0.5,0.00095,0.11452,0.10867
2,10000,1,0.1,0.3,0.5,0.00095,0.12245,0.11476
3,10000,1,0.1,0.3,0.5,0.00095,0.12407,0.11332
4,10000,1,0.1,0.3,0.5,0.00095,0.11987,0.11561
5,10000,1,0.1,0.3,0.5,0.00095,0.12006,0.11956
0,10000,1,0.1,0.3,0.5,0.00079,0.12155,0.11933
1,10000,1,0.1,0.3,0.5,0.00079,0.12483,0.12138
2,10000,1,0.1,0.3,0.5,0.00079,0.13287,0.12787
3,10000,1,0.1,0.3,0.5,0.00079,0.13455,0.12719
4,10000,1,0.1,0.3,0.5,0.00079,0.12948,0.12725
5,10000,1,0.1,0.3,0.5,0.00079,0.13262,0.13331
0,10000,1,0.1,0.3,0.5,0.00066,0.13445,0.13347
1,10000,1,0.1,0.3,0.5,0.00066,0.1374,0.13543
2,10000,1,0.1,0.3,0.5,0.00066,0.14555,0.14233
3,10000,1,0.1,0.3,0.5,0.00066,0.14732,0.14228
4,10000,1,0.1,0.3,0.5,0.00066,0.14124,0.14021
5,10000,1,0.1,0.3,0.5,0.00066,0.14711,0.1483
0,10000,1,0.1,0.3,0.5,0.00054,0.14941,0.14911
1,10000,1,0.1,0.3,0.5,0.00054,0.15194,0.15087
2,10000,1,0.1,0.3,0.5,0.00054,0.1603,0.15822
3,10000,1,0.1,0.3,0.5,0.00054,0.16209,0.15862
4,10000,1,0.1,0.3,0.5,0.00054,0.15505,0.15471
5,10000,1,0.1,0.3,0.5,0.00054,0.16325,0.16459
0,10000,1,0.1,0.3,0.5,0.00045,0.16633,0.16637
1,10000,1,0.1,0.3,0.5,0.00045,0.16833,0.16779
2,10000,1,0.1,0.3,0.5,0.00045,0.177,0.17566
3,10000,1,0.1,0.3,0.5,0.00045,0.1787,0.17629
4,10000,1,0.1,0.3,0.5,0.00045,0.17095,0.17097
5,10000,1,0.1,0.3,0.5,0.00045,0.18095,0.18223
0,10000,1,0.1,0.3,0.5,0.00037,0.18517,0.18537
1,10000,1,0.1,0.3,0.5,0.00037,0.18653,0.18628
2,10000,1,0.1,0.3,0.5,0.00037,0.19565,0.19478
3,10000,1,0.1,0.3,0.5,0.00037,0.19709,0.1954
4,10000,1,0.1,0.3,0.5,0.00037,0.18901,0.1892
5,10000,1,0.1,0.3,0.5,0.00037,0.20022,0.20136
0,10000,1,0.1,0.3,0.5,0.00031,0.20599,0.20625
1,10000,1,0.1,0.3,0.5,0.00031,0.2066,0.20652
2,10000,1,0.1,0.3,0.5,0.00031,0.2163,0.21574
3,10000,1,0.1,0.3,0.5,0.00031,0.2173,0.21611
4,10000,1,0.1,0.3,0.5,0.00031,0.20933,0.20959
5,10000,1,0.1,0.3,0.5,0.00031,0.22116,0.22213
0,10000,1,0.1,0.3,0.5,0.00026,0.22891,0.22917
1,10000,1,0.1,0.3,0.5,0.00026,0.22868,0.22868
2,10000,1,0.1,0.3,0.5,0.00026,0.23907,0.23871
3,10000,1,0.1,0.3,0.5,0.00026,0.23946,0.23861
4,10000,1,0.1,0.3,0.5,0.00026,0.23203,0.2323
5,10000,1,0.1,0.3,0.5,0.00026,0.24396,0.24477
0,10000,1,0.1,0.3,0.5,0.00021,0.25409,0.25432
1,10000,1,0.1,0.3,0.5,0.00021,0.25298,0.25302
2,10000,1,0.1,0.3,0.5,0.00021,0.26412,0.26387
3,10000,1,0.1,0.3,0.5,0.00021,0.26374,0.26313
4,10000,1,0.1,0.3,0.5,0.00021,0.25724,0.25748
5,10000,1,0.1,0.3,0.5,0.00021,0.26886,0.26952
0,10000,1,0.1,0.3,0.5,0.00018,0.28175,0.28195
1,10000,1,0.1,0.3,0.5,0.00018,0.27972,0.27977
2,10000,1,0.1,0.3,0.5,0.00018,0.29162,0.29146
3,10000,1,0.1,0.3,0.5,0.00018,0.29037,0.28993
4,10000,1,0.1,0.3,0.5,0.00018,0.28507,0.28528
5,10000,1,0.1,0.3,0.5,0.00018,0.29612,0.29664
0,10000,1,0.1,0.3,0.5,0.00015,0.31215,0.31231
1,10000,1,0.1,0.3,0.5,0.00015,0.30918,0.30923
2,10000,1,0.1,0.3,0.5,0.00015,0.32181,0.3217
3,10000,1,0.1,0.3,0.5,0.00015,0.31966,0.31934
4,10000,1,0.1,0.3,0.5,0.00015,0.31568,0.31585
5,10000,1,0.1,0.3,0.5,0.00015,0.32602,0.32644
0,10000,1,0.1,0.3,0.5,0.00012,0.34558,0.34571
1,10000,1,0.1,0.3,0.5,0.00012,0.34163,0.34168
2,10000,1,0.1,0.3,0.5,0.00012,0.35497,0.3549
3,10000,1,0.1,0.3,0.5,0.00012,0.35193,0.3517
4,10000,1,0.1,0.3,0.5,0.00012,0.34923,0.34938
5,10000,1,0.1,0.3,0.5,0.00012,0.35887,0.35919
0,10000,1,0.1,0.3,0.5,0.0001,0.38234,0.38244
1,10000,1,0.1,0.3,0.5,0.0001,0.37735,0.3774
2,10000,1,0.1,0.3,0.5,0.0001,0.3914,0.39135
3,10000,1,0.1,0.3,0.5,0.0001,0.38757,0.38739
4,10000,1,0.1,0.3,0.5,0.0001,0.38595,0.38606
5,10000,1,0.1,0.3,0.5,0.0001,0.39497,0.39522
0,10000,1,0.1,0.3,0.5,1.0,0.74616,0.00171
1,10000,1,0.1,0.3,0.5,1.0,0.74617,0.00169
2,10000,1,0.1,0.3,0.5,1.0,0.74617,0.0017
3,10000,1,0.1,0.3,0.5,1.0,0.74617,0.0017
4,10000,1,0.1,0.3,0.5,1.0,0.74617,0.00169
5,10000,1,0.1,0.3,0.5,1.0,0.74616,0.00171
0,10000,1,0.1,0.3,0.5,0.82864,0.74546,0.00248
1,10000,1,0.1,0.3,0.5,0.82864,0.74548,0.00245
2,10000,1,0.1,0.3,0.5,0.82864,0.74547,0.00246
3,10000,1,0.1,0.3,0.5,0.82864,0.74547,0.00246
4,10000,1,0.1,0.3,0.5,0.82864,0.74548,0.00245
5,10000,1,0.1,0.3,0.5,0.82864,0.74546,0.00247
0,10000,1,0.1,0.3,0.5,0.68665,0.74446,0.00357
1,10000,1,0.1,0.3,0.5,0.68665,0.74449,0.00353
2,10000,1,0.1,0.3,0.5,0.68665,0.74448,0.00354
3,10000,1,0.1,0.3,0.5,0.68665,0.74448,0.00355
4,10000,1,0.1,0.3,0.5,0.68665,0.74449,0.00353
5,10000,1,0.1,0.3,0.5,0.68665,0.74445,0.00357
0,10000,1,0.1,0.3,0.5,0.56899,0.74302,0.00514
1,10000,1,0.1,0.3,0.5,0.56899,0.74306,0.00508
2,10000,1,0.1,0.3,0.5,0.56899,0.74305,0.0051
3,10000,1,0.1,0.3,0.5,0.56899,0.74305,0.0051
4,10000,1,0.1,0.3,0.5,0.56899,0.74306,0.00508
5,10000,1,0.1,0.3,0.5,0.56899,0.74302,0.00514
0,10000,1,0.1,0.3,0.5,0.47149,0.74097,0.00734
1,10000,1,0.1,0.3,0.5,0.47149,0.74103,0.00725
2,10000,1,0.1,0.3,0.5,0.47149,0.74101,0.00728
3,10000,1,0.1,0.3,0.5,0.47149,0.74101,0.00728
4,10000,1,0.1,0.3,0.5,0.47149,0.74104,0.00725
5,10000,1,0.1,0.3,0.5,0.47149,0.74097,0.00733
0,10000,1,0.1,0.3,0.5,0.39069,0.73806,0.01029
1,10000,1,0.1,0.3,0.5,0.39069,0.73815,0.01017
2,10000,1,0.1,0.3,0.5,0.39069,0.73812,0.0102
3,10000,1,0.1,0.3,0.5,0.39069,0.73812,0.01021
4,10000,1,0.1,0.3,0.5,0.39069,0.73816,0.01016
5,10000,1,0.1,0.3,0.5,0.39069,0.73806,0.01028
0,10000,1,0.1,0.3,0.5,0.32375,0.73396,0.01395
1,10000,1,0.1,0.3,0.5,0.32375,0.7341,0.01378
2,10000,1,0.1,0.3,0.5,0.32375,0.73406,0.01382
3,10000,1,0.1,0.3,0.5,0.32375,0.73405,0.01383
4,10000,1,0.1,0.3,0.5,0.32375,0.7341,0.01377
5,10000,1,0.1,0.3,0.5,0.32375,0.73396,0.01394
0,10000,1,0.1,0.3,0.5,0.26827,0.72825,0.01797
1,10000,1,0.1,0.3,0.5,0.26827,0.72844,0.01773
2,10000,1,0.1,0.3,0.5,0.26827,0.72838,0.01779
3,10000,1,0.1,0.3,0.5,0.26827,0.72837,0.01781
4,10000,1,0.1,0.3,0.5,0.26827,0.72844,0.01772
5,10000,1,0.1,0.3,0.5,0.26827,0.72824,0.01795
0,10000,1,0.1,0.3,0.5,0.2223,0.72037,0.02164
1,10000,1,0.1,0.3,0.5,0.2223,0.72064,0.02129
2,10000,1,0.1,0.3,0.5,0.2223,0.72056,0.02138
3,10000,1,0.1,0.3,0.5,0.2223,0.72054,0.0214
4,10000,1,0.1,0.3,0.5,0.2223,0.72065,0.02128
5,10000,1,0.1,0.3,0.5,0.2223,0.72036,0.0216
0,10000,1,0.1,0.3,0.5,0.18421,0.70968,0.02402
1,10000,1,0.1,0.3,0.5,0.18421,0.71005,0.0235
2,10000,1,0.1,0.3,0.5,0.18421,0.70994,0.02362
3,10000,1,0.1,0.3,0.5,0.18421,0.70991,0.02365
4,10000,1,0.1,0.3,0.5,0.18421,0.71006,0.02348
5,10000,1,0.1,0.3,0.5,0.18421,0.70966,0.02394
0,10000,1,0.1,0.3,0.5,0.15264,0.69546,0.02439
1,10000,1,0.1,0.3,0.5,0.15264,0.69595,0.02363
2,10000,1,0.1,0.3,0.5,0.15264,0.69581,0.02379
3,10000,1,0.1,0.3,0.5,0.15264,0.69577,0.02383
4,10000,1,0.1,0.3,0.5,0.15264,0.69598,0.02359
5,10000,1,0.1,0.3,0.5,0.15264,0.69543,0.02423
0,10000,1,0.1,0.3,0.5,0.12649,0.677,0.02259
1,10000,1,0.1,0.3,0.5,0.12649,0.67767,0.02143
2,10000,1,0.1,0.3,0.5,0.12649,0.67747,0.02166
3,10000,1,0.1,0.3,0.5,0.12649,0.67741,0.02171
4,10000,1,0.1,0.3,0.5,0.12649,0.6777,0.02138
5,10000,1,0.1,0.3,0.5,0.12649,0.67696,0.02226
0,10000,1,0.1,0.3,0.5,0.10481,0.65379,0.01923
1,10000,1,0.1,0.3,0.5,0.10481,0.65467,0.01739
2,10000,1,0.1,0.3,0.5,0.10481,0.65441,0.01769
3,10000,1,0.1,0.3,0.5,0.10481,0.65433,0.01775
4,10000,1,0.1,0.3,0.5,0.10481,0.65471,0.01731
5,10000,1,0.1,0.3,0.5,0.10481,0.65373,0.01852
0,10000,1,0.1,0.3,0.5,0.08685,0.62569,0.01558
1,10000,1,0.1,0.3,0.5,0.08685,0.62679,0.01253
2,10000,1,0.1,0.3,0.5,0.08685,0.62646,0.01293
3,10000,1,0.1,0.3,0.5,0.08685,0.62636,0.01298
4,10000,1,0.1,0.3,0.5,0.08685,0.62685,0.01239
5,10000,1,0.1,0.3,0.5,0.08685,0.6256,0.01406
0,10000,1,0.1,0.3,0.5,0.07197,0.5931,0.0132
1,10000,1,0.1,0.3,0.5,0.07197,0.59446,0.00811
2,10000,1,0.1,0.3,0.5,0.07197,0.59405,0.00864
3,10000,1,0.1,0.3,0.5,0.07197,0.59393,0.0086
4,10000,1,0.1,0.3,0.5,0.07197,0.59453,0.00785
5,10000,1,0.1,0.3,0.5,0.07197,0.59298,0.01017
0,10000,1,0.1,0.3,0.5,0.05964,0.55711,0.01289
1,10000,1,0.1,0.3,0.5,0.05964,0.55871,0.0054
2,10000,1,0.1,0.3,0.5,0.05964,0.5582,0.00603
3,10000,1,0.1,0.3,0.5,0.05964,0.55807,0.00571
4,10000,1,0.1,0.3,0.5,0.05964,0.55879,0.00487
5,10000,1,0.1,0.3,0.5,0.05964,0.55694,0.00791
0,10000,1,0.1,0.3,0.5,0.04942,0.51926,0.01412
1,10000,1,0.1,0.3,0.5,0.04942,0.52106,0.00515
2,10000,1,0.1,0.3,0.5,0.04942,0.52044,0.00568
3,10000,1,0.1,0.3,0.5,0.04942,0.52033,0.00476
4,10000,1,0.1,0.3,0.5,0.04942,0.52114,0.00437
5,10000,1,0.1,0.3,0.5,0.04942,0.51905,0.00752
0,10000,1,0.1,0.3,0.5,0.04095,0.48128,0.01585
1,10000,1,0.1,0.3,0.5,0.04095,0.4832,0.00612
2,10000,1,0.1,0.3,0.5,0.04095,0.48246,0.0066
3,10000,1,0.1,0.3,0.5,0.04095,0.4824,0.0052
4,10000,1,0.1,0.3,0.5,0.04095,0.48328,0.00525
5,10000,1,0.1,0.3,0.5,0.04095,0.48103,0.00836
0,10000,1,0.1,0.3,0.5,0.03393,0.44459,0.01772
1,10000,1,0.1,0.3,0.5,0.03393,0.44653,0.00754
2,10000,1,0.1,0.3,0.5,0.03393,0.44565,0.00802
3,10000,1,0.1,0.3,0.5,0.03393,0.44568,0.00612
4,10000,1,0.1,0.3,0.5,0.03393,0.44659,0.00655
5,10000,1,0.1,0.3,0.5,0.03393,0.44431,0.00977
0,10000,1,0.1,0.3,0.5,0.02812,0.41009,0.01962
1,10000,1,0.1,0.3,0.5,0.02812,0.41195,0.00915
2,10000,1,0.1,0.3,0.5,0.02812,0.41087,0.00969
3,10000,1,0.1,0.3,0.5,0.02812,0.41106,0.00722
4,10000,1,0.1,0.3,0.5,0.02812,0.41194,0.00794
5,10000,1,0.1,0.3,0.5,0.02812,0.40979,0.01148
0,10000,1,0.1,0.3,0.5,0.0233,0.37803,0.02157
1,10000,1,0.1,0.3,0.5,0.0233,0.37973,0.0109
2,10000,1,0.1,0.3,0.5,0.0233,0.3784,0.01156
3,10000,1,0.1,0.3,0.5,0.0233,0.37879,0.00846
4,10000,1,0.1,0.3,0.5,0.0233,0.37961,0.00938
5,10000,1,0.1,0.3,0.5,0.0233,0.37773,0.0134
0,10000,1,0.1,0.3,0.5,0.01931,0.34825,0.02363
1,10000,1,0.1,0.3,0.5,0.01931,0.34975,0.01281
2,10000,1,0.1,0.3,0.5,0.01931,0.34808,0.01369
3,10000,1,0.1,0.3,0.5,0.01931,0.3487,0.00989
4,10000,1,0.1,0.3,0.5,0.01931,0.34943,0.01091
5,10000,1,0.1,0.3,0.5,0.01931,0.34791,0.01555
0,10000,1,0.1,0.3,0.5,0.016,0.32031,0.02589
1,10000,1,0.1,0.3,0.5,0.016,0.32165,0.01492
2,10000,1,0.1,0.3,0.5,0.016,0.3195,0.01617
3,10000,1,0.1,0.3,0.5,0.016,0.32037,0.01157
4,10000,1,0.1,0.3,0.5,0.016,0.32101,0.01259
5,10000,1,0.1,0.3,0.5,0.016,0.3199,0.01794
0,10000,1,0.1,0.3,0.5,0.01326,0.29377,0.02844
1,10000,1,0.1,0.3,0.5,0.01326,0.29501,0.01729
2,10000,1,0.1,0.3,0.5,0.01326,0.29225,0.01906
3,10000,1,0.1,0.3,0.5,0.01326,0.29333,0.01357
4,10000,1,0.1,0.3,0.5,0.01326,0.29391,0.01453
5,10000,1,0.1,0.3,0.5,0.01326,0.2932,0.02061
0,10000,1,0.1,0.3,0.5,0.01099,0.26831,0.03132
1,10000,1,0.1,0.3,0.5,0.01099,0.26956,0.02002
2,10000,1,0.1,0.3,0.5,0.01099,0.26603,0.02239
3,10000,1,0.1,0.3,0.5,0.01099,0.26727,0.01594
4,10000,1,0.1,0.3,0.5,0.01099,0.26782,0.01682
5,10000,1,0.1,0.3,0.5,0.01099,0.26747,0.02357
0,10000,1,0.1,0.3,0.5,0.0091,0.24381,0.0346
1,10000,1,0.1,0.3,0.5,0.0091,0.24519,0.02322
2,10000,1,0.1,0.3,0.5,0.0091,0.24075,0.02621
3,10000,1,0.1,0.3,0.5,0.0091,0.24205,0.01874
4,10000,1,0.1,0.3,0.5,0.0091,0.24263,0.01959
5,10000,1,0.1,0.3,0.5,0.0091,0.24256,0.02685
0,10000,1,0.1,0.3,0.5,0.00754,0.22038,0.03828
1,10000,1,0.1,0.3,0.5,0.00754,0.22198,0.02696
2,10000,1,0.1,0.3,0.5,0.00754,0.21655,0.03052
3,10000,1,0.1,0.3,0.5,0.00754,0.21775,0.022
4,10000,1,0.1,0.3,0.5,0.00754,0.21845,0.02299
5,10000,1,0.1,0.3,0.5,0.00754,0.21855,0.03047
0,10000,1,0.1,0.3,0.5,0.00625,0.19827,0.04239
1,10000,1,0.1,0.3,0.5,0.00625,0.20017,0.03131
2,10000,1,0.1,0.3,0.5,0.00625,0.19372,0.03535
3,10000,1,0.1,0.3,0.5,0.00625,0.1946,0.02576
4,10000,1,0.1,0.3,0.5,0.00625,0.19553,0.02713
5,10000,1,0.1,0.3,0.5,0.00625,0.1957,0.03448
0,10000,1,0.1,0.3,0.5,0.00518,0.17787,0.04694
1,10000,1,0.1,0.3,0.5,0.00518,0.18009,0.0363
2,10000,1,0.1,0.3,0.5,0.00518,0.17268,0.04074
3,10000,1,0.1,0.3,0.5,0.00518,0.17297,0.03002
4,10000,1,0.1,0.3,0.5,0.00518,0.17428,0.03212
5,10000,1,0.1,0.3,0.5,0.00518,0.17438,0.0389
0,10000,1,0.1,0.3,0.5,0.00429,0.15958,0.05194
1,10000,1,0.1,0.3,0.5,0.00429,0.16209,0.04191
2,10000,1,0.1,0.3,0.5,0.00429,0.15388,0.04673
3,10000,1,0.1,0.3,0.5,0.00429,0.15323,0.0348
4,10000,1,0.1,0.3,0.5,0.00429,0.15515,0.03801
5,10000,1,0.1,0.3,0.5,0.00429,0.15502,0.0438
0,10000,1,0.1,0.3,0.5,0.00356,0.14379,0.0574
1,10000,1,0.1,0.3,0.5,0.00356,0.14654,0.04815
2,10000,1,0.1,0.3,0.5,0.00356,0.13786,0.05338
3,10000,1,0.1,0.3,0.5,0.00356,0.1358,0.04014
4,10000,1,0.1,0.3,0.5,0.00356,0.13864,0.04476
5,10000,1,0.1,0.3,0.5,0.00356,0.13808,0.04924
0,10000,1,0.1,0.3,0.5,0.00295,0.13086,0.06333
1,10000,1,0.1,0.3,0.5,0.00295,0.13377,0.05501
2,10000,1,0.1,0.3,0.5,0.00295,0.12512,0.06076
3,10000,1,0.1,0.3,0.5,0.00295,0.1211,0.04609
4,10000,1,0.1,0.3,0.5,0.00295,0.12523,0.05233
5,10000,1,0.1,0.3,0.5,0.00295,0.12403,0.05529
0,10000,1,0.1,0.3,0.5,0.00244,0.12111,0.06977
1,10000,1,0.1,0.3,0.5,0.00244,0.12407,0.0625
2,10000,1,0.1,0.3,0.5,0.00244,0.11615,0.06893
3,10000,1,0.1,0.3,0.5,0.00244,0.10956,0.05272
4,10000,1,0.1,0.3,0.5,0.00244,0.11537,0.06064
5,10000,1,0.1,0.3,0.5,0.00244,0.11329,0.062
0,10000,1,0.1,0.3,0.5,0.00202,0.1147,0.07678
1,10000,1,0.1,0.3,0.5,0.00202,0.11767,0.07066
2,10000,1,0.1,0.3,0.5,0.00202,0.11126,0.07793
3,10000,1,0.1,0.3,0.5,0.00202,0.1016,0.06014
4,10000,1,0.1,0.3,0.5,0.00202,0.10933,0.06962
5,10000,1,0.1,0.3,0.5,0.00202,0.10622,0.06941
0,10000,1,0.1,0.3,0.5,0.00168,0.1117,0.08444
1,10000,1,0.1,0.3,0.5,0.00168,0.11463,0.07953
2,10000,1,0.1,0.3,0.5,0.00168,0.11048,0.08781
3,10000,1,0.1,0.3,0.5,0.00168,0.09753,0.06848
4,10000,1,0.1,0.3,0.5,0.00168,0.10717,0.07922
5,10000,1,0.1,0.3,0.5,0.00168,0.10298,0.07759
0,10000,1,0.1,0.3,0.5,0.00139,0.11202,0.0929
1,10000,1,0.1,0.3,0.5,0.00139,0.11492,0.08919
2,10000,1,0.1,0.3,0.5,0.00139,0.11356,0.09862
3,10000,1,0.1,0.3,0.5,0.00139,0.0975,0.07791
4,10000,1,0.1,0.3,0.5,0.00139,0.10864,0.08946
5,10000,1,0.1,0.3,0.5,0.00139,0.10347,0.0866
0,10000,1,0.1,0.3,0.5,0.00115,0.11548,0.10234
1,10000,1,0.1,0.3,0.5,0.00115,0.11833,0.09974
2,10000,1,0.1,0.3,0.5,0.00115,0.11999,0.11038
3,10000,1,0.1,0.3,0.5,0.00115,0.10136,0.08859
4,10000,1,0.1,0.3,0.5,0.00115,0.11334,0.10042
5,10000,1,0.1,0.3,0.5,0.00115,0.1074,0.09656
0,10000,1,0.1,0.3,0.5,0.00095,0.12186,0.11297
1,10000,1,0.1,0.3,0.5,0.00095,0.1246,0.11129
2,10000,1,0.1,0.3,0.5,0.00095,0.12923,0.12317
3,10000,1,0.1,0.3,0.5,0.00095,0.10876,0.10066
4,10000,1,0.1,0.3,0.5,0.00095,0.12082,0.11221
5,10000,1,0.1,0.3,0.5,0.00095,0.11438,0.1076
0,10000,1,0.1,0.3,0.5,0.00079,0.13093,0.12498
1,10000,1,0.1,0.3,0.5,0.00079,0.13343,0.12395
2,10000,1,0.1,0.3,0.5,0.00079,0.14082,0.13705
3,10000,1,0.1,0.3,0.5,0.00079,0.11928,0.11424
4,10000,1,0.1,0.3,0.5,0.00079,0.1307,0.12501
5,10000,1,0.1,0.3,0.5,0.00079,0.12402,0.1199
0,10000,1,0.1,0.3,0.5,0.00066,0.14254,0.13859
1,10000,1,0.1,0.3,0.5,0.00066,0.1446,0.13785
2,10000,1,0.1,0.3,0.5,0.00066,0.15443,0.15212
3,10000,1,0.1,0.3,0.5,0.00066,0.1325,0.12942
4,10000,1,0.1,0.3,0.5,0.00066,0.14271,0.13896
5,10000,1,0.1,0.3,0.5,0.00066,0.13604,0.1336
0,10000,1,0.1,0.3,0.5,0.00054,0.15656,0.15394
1,10000,1,0.1,0.3,0.5,0.00054,0.15793,0.15312
2,10000,1,0.1,0.3,0.5,0.00054,0.16987,0.16846
3,10000,1,0.1,0.3,0.5,0.00054,0.14811,0.14625
4,10000,1,0.1,0.3,0.5,0.00054,0.15671,0.15422
5,10000,1,0.1,0.3,0.5,0.00054,0.15025,0.14885
0,10000,1,0.1,0.3,0.5,0.00045,0.1729,0.17117
1,10000,1,0.1,0.3,0.5,0.00045,0.17335,0.16991
2,10000,1,0.1,0.3,0.5,0.00045,0.18705,0.1862
3,10000,1,0.1,0.3,0.5,0.00045,0.16589,0.16478
4,10000,1,0.1,0.3,0.5,0.00045,0.17261,0.17096
5,10000,1,0.1,0.3,0.5,0.00045,0.16656,0.16579
0,10000,1,0.1,0.3,0.5,0.00037,0.19153,0.19038
1,10000,1,0.1,0.3,0.5,0.00037,0.19088,0.18842
2,10000,1,0.1,0.3,0.5,0.00037,0.20598,0.20548
3,10000,1,0.1,0.3,0.5,0.00037,0.18574,0.18508
4,10000,1,0.1,0.3,0.5,0.00037,0.19042,0.18933
5,10000,1,0.1,0.3,0.5,0.00037,0.18496,0.18456
0,10000,1,0.1,0.3,0.5,0.00031,0.21245,0.21168
1,10000,1,0.1,0.3,0.5,0.00031,0.21061,0.20883
2,10000,1,0.1,0.3,0.5,0.00031,0.22672,0.22642
3,10000,1,0.1,0.3,0.5,0.00031,0.20764,0.20726
4,10000,1,0.1,0.3,0.5,0.00031,0.21021,0.20948
5,10000,1,0.1,0.3,0.5,0.00031,0.20548,0.2053
0,10000,1,0.1,0.3,0.5,0.00026,0.23568,0.23516
1,10000,1,0.1,0.3,0.5,0.00026,0.23267,0.23138
2,10000,1,0.1,0.3,0.5,0.00026,0.24938,0.24921
3,10000,1,0.1,0.3,0.5,0.00026,0.23169,0.23147
4,10000,1,0.1,0.3,0.5,0.00026,0.2321,0.23161
5,10000,1,0.1,0.3,0.5,0.00026,0.22826,0.22819
0,10000,1,0.1,0.3,0.5,0.00021,0.26128,0.26093
1,10000,1,0.1,0.3,0.5,0.00021,0.25725,0.25632
2,10000,1,0.1,0.3,0.5,0.00021,0.27412,0.27403
3,10000,1,0.1,0.3,0.5,0.00021,0.25802,0.2579
4,10000,1,0.1,0.3,0.5,0.00021,0.25628,0.25594
5,10000,1,0.1,0.3,0.5,0.00021,0.25343,0.25342
0,10000,1,0.1,0.3,0.5,0.00018,0.28938,0.28914
1,10000,1,0.1,0.3,0.5,0.00018,0.28456,0.28389
2,10000,1,0.1,0.3,0.5,0.00018,0.30114,0.30109
3,10000,1,0.1,0.3,0.5,0.00018,0.28682,0.28676
4,10000,1,0.1,0.3,0.5,0.00018,0.28298,0.28274
5,10000,1,0.1,0.3,0.5,0.00018,0.28119,0.28121
0,10000,1,0.1,0.3,0.5,0.00015,0.32012,0.31996
1,10000,1,0.1,0.3,0.5,0.00015,0.3148,0.3143
2,10000,1,0.1,0.3,0.5,0.00015,0.33066,0.33064
3,10000,1,0.1,0.3,0.5,0.00015,0.31831,0.31828
4,10000,1,0.1,0.3,0.5,0.00015,0.31247,0.31231
5,10000,1,0.1,0.3,0.5,0.00015,0.31174,0.31177
0,10000,1,0.1,0.3,0.5,0.00012,0.35371,0.3536
1,10000,1,0.1,0.3,0.5,0.00012,0.34816,0.34779
2,10000,1,0.1,0.3,0.5,0.00012,0.36295,0.36294
3,10000,1,0.1,0.3,0.5,0.00012,0.35273,0.35272
4,10000,1,0.1,0.3,0.5,0.00012,0.34509,0.34497
5,10000,1,0.1,0.3,0.5,0.00012,0.34531,0.34535
0,10000,1,0.1,0.3,0.5,0.0001,0.39041,0.39033
1,10000,1,0.1,0.3,0.5,0.0001,0.38483,0.38456
2,10000,1,0.1,0.3,0.5,0.0001,0.39831,0.3983
3,10000,1,0.1,0.3,0.5,0.0001,0.39032,0.39032
4,10000,1,0.1,0.3,0.5,0.0001,0.38115,0.38107
5,10000,1,0.1,0.3,0.5,0.0001,0.38215,0.38219
0,10000,1,0.1,0.3,0.5,1.0,0.74609,0.00171
1,10000,1,0.1,0.3,0.5,1.0,0.74608,0.00172
2,10000,1,0.1,0.3,0.5,1.0,0.74609,0.00171
3,10000,1,0.1,0.3,0.5,1.0,0.74608,0.00172
4,10000,1,0.1,0.3,0.5,1.0,0.74608,0.00172
5,10000,1,0.1,0.3,0.5,1.0,0.7461,0.00169
0,10000,1,0.1,0.3,0.5,0.82864,0.74539,0.00248
1,10000,1,0.1,0.3,0.5,0.82864,0.74538,0.00248
2,10000,1,0.1,0.3,0.5,0.82864,0.74539,0.00248
3,10000,1,0.1,0.3,0.5,0.82864,0.74538,0.00248
4,10000,1,0.1,0.3,0.5,0.82864,0.74538,0.00248
5,10000,1,0.1,0.3,0.5,0.82864,0.74541,0.00245
0,10000,1,0.1,0.3,0.5,0.68665,0.74438,0.00357
1,10000,1,0.1,0.3,0.5,0.68665,0.74437,0.00358
2,10000,1,0.1,0.3,0.5,0.68665,0.74438,0.00358
3,10000,1,0.1,0.3,0.5,0.68665,0.74438,0.00358
4,10000,1,0.1,0.3,0.5,0.68665,0.74437,0.00358
5,10000,1,0.1,0.3,0.5,0.68665,0.74442,0.00354
0,10000,1,0.1,0.3,0.5,0.56899,0.74294,0.00514
1,10000,1,0.1,0.3,0.5,0.56899,0.74293,0.00515
2,10000,1,0.1,0.3,0.5,0.56899,0.74294,0.00514
3,10000,1,0.1,0.3,0.5,0.56899,0.74293,0.00515
4,10000,1,0.1,0.3,0.5,0.56899,0.74293,0.00515
5,10000,1,0.1,0.3,0.5,0.56899,0.74299,0.00509
0,10000,1,0.1,0.3,0.5,0.47149,0.74089,0.00734
1,10000,1,0.1,0.3,0.5,0.47149,0.74087,0.00736
2,10000,1,0.1,0.3,0.5,0.47149,0.74089,0.00734
3,10000,1,0.1,0.3,0.5,0.47149,0.74088,0.00735
4,10000,1,0.1,0.3,0.5,0.47149,0.74087,0.00736
5,10000,1,0.1,0.3,0.5,0.47149,0.74096,0.00726
0,10000,1,0.1,0.3,0.5,0.39069,0.73798,0.01028
1,10000,1,0.1,0.3,0.5,0.39069,0.73796,0.01031
2,10000,1,0.1,0.3,0.5,0.39069,0.73797,0.01029
3,10000,1,0.1,0.3,0.5,0.39069,0.73796,0.01031
4,10000,1,0.1,0.3,0.5,0.39069,0.73795,0.01031
5,10000,1,0.1,0.3,0.5,0.39069,0.73808,0.01017
0,10000,1,0.1,0.3,0.5,0.32375,0.73388,0.01395
1,10000,1,0.1,0.3,0.5,0.32375,0.73384,0.01399
2,10000,1,0.1,0.3,0.5,0.32375,0.73387,0.01396
3,10000,1,0.1,0.3,0.5,0.32375,0.73385,0.01398
4,10000,1,0.1,0.3,0.5,0.32375,0.73384,0.01399
5,10000,1,0.1,0.3,0.5,0.32375,0.73402,0.01379
0,10000,1,0.1,0.3,0.5,0.26827,0.72815,0.01797
1,10000,1,0.1,0.3,0.5,0.26827,0.72811,0.01803
2,10000,1,0.1,0.3,0.5,0.26827,0.72814,0.01799
3,10000,1,0.1,0.3,0.5,0.26827,0.72811,0.01802
4,10000,1,0.1,0.3,0.5,0.26827,0.7281,0.01803
5,10000,1,0.1,0.3,0.5,0.26827,0.72836,0.01775
0,10000,1,0.1,0.3,0.5,0.2223,0.72027,0.02162
1,10000,1,0.1,0.3,0.5,0.2223,0.7202,0.02172
2,10000,1,0.1,0.3,0.5,0.2223,0.72025,0.02166
3,10000,1,0.1,0.3,0.5,0.2223,0.72021,0.0217
4,10000,1,0.1,0.3,0.5,0.2223,0.72019,0.02171
5,10000,1,0.1,0.3,0.5,0.2223,0.72056,0.02132
0,10000,1,0.1,0.3,0.5,0.18421,0.70956,0.02397
1,10000,1,0.1,0.3,0.5,0.18421,0.70947,0.0241
2,10000,1,0.1,0.3,0.5,0.18421,0.70954,0.02402
3,10000,1,0.1,0.3,0.5,0.18421,0.70948,0.02407
4,10000,1,0.1,0.3,0.5,0.18421,0.70945,0.02409
5,10000,1,0.1,0.3,0.5,0.18421,0.70997,0.02355
0,10000,1,0.1,0.3,0.5,0.15264,0.69531,0.02426
1,10000,1,0.1,0.3,0.5,0.15264,0.6952,0.02447
2,10000,1,0.1,0.3,0.5,0.15264,0.69528,0.02435
3,10000,1,0.1,0.3,0.5,0.15264,0.6952,0.02441
4,10000,1,0.1,0.3,0.5,0.15264,0.69517,0.02444
5,10000,1,0.1,0.3,0.5,0.15264,0.69588,0.0237
0,10000,1,0.1,0.3,0.5,0.12649,0.67683,0.0223
1,10000,1,0.1,0.3,0.5,0.12649,0.67667,0.02263
2,10000,1,0.1,0.3,0.5,0.12649,0.67679,0.02244
3,10000,1,0.1,0.3,0.5,0.12649,0.67668,0.02251
4,10000,1,0.1,0.3,0.5,0.12649,0.67663,0.02254
5,10000,1,0.1,0.3,0.5,0.12649,0.67759,0.02158
0,10000,1,0.1,0.3,0.5,0.10481,0.65358,0.01854
1,10000,1,0.1,0.3,0.5,0.10481,0.65338,0.01909
2,10000,1,0.1,0.3,0.5,0.10481,0.65352,0.01879
3,10000,1,0.1,0.3,0.5,0.10481,0.65339,0.01886
4,10000,1,0.1,0.3,0.5,0.10481,0.65332,0.01889
5,10000,1,0.1,0.3,0.5,0.10481,0.65459,0.01771
0,10000,1,0.1,0.3,0.5,0.08685,0.62541,0.01403
1,10000,1,0.1,0.3,0.5,0.08685,0.62516,0.01499
2,10000,1,0.1,0.3,0.5,0.08685,0.62535,0.0145
3,10000,1,0.1,0.3,0.5,0.08685,0.62517,0.01453
4,10000,1,0.1,0.3,0.5,0.08685,0.62509,0.01452
5,10000,1,0.1,0.3,0.5,0.08685,0.62672,0.01327
0,10000,1,0.1,0.3,0.5,0.07197,0.59276,0.00997
1,10000,1,0.1,0.3,0.5,0.07197,0.59245,0.01169
2,10000,1,0.1,0.3,0.5,0.07197,0.59268,0.01086
3,10000,1,0.1,0.3,0.5,0.07197,0.59246,0.0108
4,10000,1,0.1,0.3,0.5,0.07197,0.59235,0.01068
5,10000,1,0.1,0.3,0.5,0.07197,0.5944,0.00985
0,10000,1,0.1,0.3,0.5,0.05964,0.55669,0.00734
1,10000,1,0.1,0.3,0.5,0.05964,0.55632,0.01017
2,10000,1,0.1,0.3,0.5,0.05964,0.55658,0.0089
3,10000,1,0.1,0.3,0.5,0.05964,0.55633,0.00869
4,10000,1,0.1,0.3,0.5,0.05964,0.55617,0.0083
5,10000,1,0.1,0.3,0.5,0.05964,0.55865,0.00881
0,10000,1,0.1,0.3,0.5,0.04942,0.51877,0.00658
1,10000,1,0.1,0.3,0.5,0.04942,0.51834,0.01042
2,10000,1,0.1,0.3,0.5,0.04942,0.51862,0.00877
3,10000,1,0.1,0.3,0.5,0.04942,0.51834,0.00847
4,10000,1,0.1,0.3,0.5,0.04942,0.51813,0.00773
5,10000,1,0.1,0.3,0.5,0.04942,0.52101,0.00988
0,10000,1,0.1,0.3,0.5,0.04095,0.48072,0.00692
1,10000,1,0.1,0.3,0.5,0.04095,0.48023,0.01148
2,10000,1,0.1,0.3,0.5,0.04095,0.48052,0.00955
3,10000,1,0.1,0.3,0.5,0.04095,0.48023,0.00933
4,10000,1,0.1,0.3,0.5,0.04095,0.47991,0.00806
5,10000,1,0.1,0.3,0.5,0.04095,0.48315,0.01177
0,10000,1,0.1,0.3,0.5,0.03393,0.44399,0.00791
1,10000,1,0.1,0.3,0.5,0.03393,0.44344,0.01298
2,10000,1,0.1,0.3,0.5,0.03393,0.44371,0.01086
3,10000,1,0.1,0.3,0.5,0.03393,0.44343,0.01083
4,10000,1,0.1,0.3,0.5,0.03393,0.44297,0.00895
5,10000,1,0.1,0.3,0.5,0.03393,0.44647,0.01398
0,10000,1,0.1,0.3,0.5,0.02812,0.40946,0.00922
1,10000,1,0.1,0.3,0.5,0.02812,0.40885,0.0147
2,10000,1,0.1,0.3,0.5,0.02812,0.4091,0.0125
3,10000,1,0.1,0.3,0.5,0.02812,0.40884,0.01269
4,10000,1,0.1,0.3,0.5,0.02812,0.40815,0.0101
5,10000,1,0.1,0.3,0.5,0.02812,0.41183,0.01637
0,10000,1,0.1,0.3,0.5,0.0233,0.37741,0.01074
1,10000,1,0.1,0.3,0.5,0.0233,0.37672,0.01659
2,10000,1,0.1,0.3,0.5,0.0233,0.37695,0.01443
3,10000,1,0.1,0.3,0.5,0.0233,0.37673,0.01481
4,10000,1,0.1,0.3,0.5,0.0233,0.37568,0.01143
5,10000,1,0.1,0.3,0.5,0.0233,0.3795,0.01893
0,10000,1,0.1,0.3,0.5,0.01931,0.34764,0.01251
1,10000,1,0.1,0.3,0.5,0.01931,0.34686,0.01868
2,10000,1,0.1,0.3,0.5,0.01931,0.3471,0.01668
3,10000,1,0.1,0.3,0.5,0.01931,0.3469,0.01716
4,10000,1,0.1,0.3,0.5,0.01931,0.34534,0.01298
5,10000,1,0.1,0.3,0.5,0.01931,0.3493,0.02167
0,10000,1,0.1,0.3,0.5,0.016,0.31972,0.0146
1,10000,1,0.1,0.3,0.5,0.016,0.3188,0.021
2,10000,1,0.1,0.3,0.5,0.016,0.31913,0.01931
3,10000,1,0.1,0.3,0.5,0.016,0.3189,0.01978
4,10000,1,0.1,0.3,0.5,0.016,0.31664,0.01485
5,10000,1,0.1,0.3,0.5,0.016,0.32083,0.02461
0,10000,1,0.1,0.3,0.5,0.01326,0.29317,0.01712
1,10000,1,0.1,0.3,0.5,0.01326,0.29208,0.02359
2,10000,1,0.1,0.3,0.5,0.01326,0.2926,0.02236
3,10000,1,0.1,0.3,0.5,0.01326,0.29226,0.0227
4,10000,1,0.1,0.3,0.5,0.01326,0.28906,0.01716
5,10000,1,0.1,0.3,0.5,0.01326,0.29367,0.02779
0,10000,1,0.1,0.3,0.5,0.01099,0.26765,0.02014
1,10000,1,0.1,0.3,0.5,0.01099,0.26633,0.0265
2,10000,1,0.1,0.3,0.5,0.01099,0.26718,0.02588
3,10000,1,0.1,0.3,0.5,0.01099,0.26665,0.02598
4,10000,1,0.1,0.3,0.5,0.01099,0.26227,0.02002
5,10000,1,0.1,0.3,0.5,0.01099,0.26753,0.03127
0,10000,1,0.1,0.3,0.5,0.0091,0.24304,0.02374
1,10000,1,0.1,0.3,0.5,0.0091,0.24143,0.02975
2,10000,1,0.1,0.3,0.5,0.0091,0.24276,0.02986
3,10000,1,0.1,0.3,0.5,0.0091,0.24193,0.02968
4,10000,1,0.1,0.3,0.5,0.0091,0.23614,0.02352
5,10000,1,0.1,0.3,0.5,0.0091,0.24233,0.03511
0,10000,1,0.1,0.3,0.5,0.00754,0.21942,0.02794
1,10000,1,0.1,0.3,0.5,0.00754,0.21745,0.03335
2,10000,1,0.1,0.3,0.5,0.00754,0.21944,0.03428
3,10000,1,0.1,0.3,0.5,0.00754,0.21821,0.03383
4,10000,1,0.1,0.3,0.5,0.00754,0.21081,0.02768
5,10000,1,0.1,0.3,0.5,0.00754,0.21822,0.03937
0,10000,1,0.1,0.3,0.5,0.00625,0.19705,0.03272
1,10000,1,0.1,0.3,0.5,0.00625,0.19467,0.03732
2,10000,1,0.1,0.3,0.5,0.00625,0.19749,0.03914
3,10000,1,0.1,0.3,0.5,0.00625,0.19577,0.03848
4,10000,1,0.1,0.3,0.5,0.00625,0.18662,0.03246
5,10000,1,0.1,0.3,0.5,0.00625,0.19553,0.04408
0,10000,1,0.1,0.3,0.5,0.00518,0.17632,0.03806
1,10000,1,0.1,0.3,0.5,0.00518,0.17344,0.04167
2,10000,1,0.1,0.3,0.5,0.00518,0.17725,0.04438
3,10000,1,0.1,0.3,0.5,0.00518,0.17501,0.04363
4,10000,1,0.1,0.3,0.5,0.00518,0.16402,0.03782
5,10000,1,0.1,0.3,0.5,0.00518,0.17469,0.04926
0,10000,1,0.1,0.3,0.5,0.00429,0.15765,0.04395
1,10000,1,0.1,0.3,0.5,0.00429,0.15419,0.04642
2,10000,1,0.1,0.3,0.5,0.00429,0.15913,0.05
3,10000,1,0.1,0.3,0.5,0.00429,0.15638,0.04929
4,10000,1,0.1,0.3,0.5,0.00429,0.14356,0.04371
5,10000,1,0.1,0.3,0.5,0.00429,0.15616,0.05493
0,10000,1,0.1,0.3,0.5,0.00356,0.1415,0.05036
1,10000,1,0.1,0.3,0.5,0.00356,0.13737,0.0516
2,10000,1,0.1,0.3,0.5,0.00356,0.14353,0.056
3,10000,1,0.1,0.3,0.5,0.00356,0.14037,0.05548
4,10000,1,0.1,0.3,0.5,0.00356,0.12584,0.05009
5,10000,1,0.1,0.3,0.5,0.00356,0.14042,0.06107
0,10000,1,0.1,0.3,0.5,0.00295,0.12829,0.05732
1,10000,1,0.1,0.3,0.5,0.00295,0.12341,0.05728
2,10000,1,0.1,0.3,0.5,0.00295,0.13082,0.06241
3,10000,1,0.1,0.3,0.5,0.00295,0.12741,0.06222
4,10000,1,0.1,0.3,0.5,0.00295,0.11147,0.05696
5,10000,1,0.1,0.3,0.5,0.00295,0.1279,0.0677
0,10000,1,0.1,0.3,0.5,0.00244,0.11843,0.06488
1,10000,1,0.1,0.3,0.5,0.00244,0.11273,0.06356
2,10000,1,0.1,0.3,0.5,0.00244,0.1213,0.06931
3,10000,1,0.1,0.3,0.5,0.00244,0.11791,0.06952
4,10000,1,0.1,0.3,0.5,0.00244,0.10106,0.06437
5,10000,1,0.1,0.3,0.5,0.00244,0.11891,0.07483
0,10000,1,0.1,0.3,0.5,0.00202,0.11223,0.07313
1,10000,1,0.1,0.3,0.5,0.00202,0.10568,0.07057
2,10000,1,0.1,0.3,0.5,0.00202,0.11519,0.07679
3,10000,1,0.1,0.3,0.5,0.00202,0.11209,0.07744
4,10000,1,0.1,0.3,0.5,0.00202,0.09506,0.07238
5,10000,1,0.1,0.3,0.5,0.00202,0.11361,0.08247
0,10000,1,0.1,0.3,0.5,0.00168,0.10981,0.08215
1,10000,1,0.1,0.3,0.5,0.00168,0.10246,0.07842
2,10000,1,0.1,0.3,0.5,0.00168,0.11254,0.08493
3,10000,1,0.1,0.3,0.5,0.00168,0.11,0.08602
4,10000,1,0.1,0.3,0.5,0.00168,0.09358,0.08106
5,10000,1,0.1,0.3,0.5,0.00168,0.11191,0.09066
0,10000,1,0.1,0.3,0.5,0.00139,0.11107,0.09203
1,10000,1,0.1,0.3,0.5,0.00139,0.10305,0.08724
2,10000,1,0.1,0.3,0.5,0.00139,0.11325,0.09385
3,10000,1,0.1,0.3,0.5,0.00139,0.11143,0.09534
4,10000,1,0.1,0.3,0.5,0.00139,0.0963,0.09052
5,10000,1,0.1,0.3,0.5,0.00139,0.11352,0.09947
0,10000,1,0.1,0.3,0.5,0.00115,0.11568,0.10285
1,10000,1,0.1,0.3,0.5,0.00115,0.10717,0.09716
2,10000,1,0.1,0.3,0.5,0.00115,0.11704,0.10366
3,10000,1,0.1,0.3,0.5,0.00115,0.11598,0.10546
4,10000,1,0.1,0.3,0.5,0.00115,0.10255,0.10086
5,10000,1,0.1,0.3,0.5,0.00115,0.11802,0.109
0,10000,1,0.1,0.3,0.5,0.00095,0.12321,0.11469
1,10000,1,0.1,0.3,0.5,0.00095,0.11439,0.10827
2,10000,1,0.1,0.3,0.5,0.00095,0.12357,0.11446
3,10000,1,0.1,0.3,0.5,0.00095,0.12323,0.1165
4,10000,1,0.1,0.3,0.5,0.00095,0.11164,0.11218
5,10000,1,0.1,0.3,0.5,0.00095,0.12501,0.11936
0,10000,1,0.1,0.3,0.5,0.00079,0.13322,0.12761
1,10000,1,0.1,0.3,0.5,0.00079,0.12429,0.12067
2,10000,1,0.1,0.3,0.5,0.00079,0.13254,0.12638
3,10000,1,0.1,0.3,0.5,0.00079,0.13282,0.12859
4,10000,1,0.1,0.3,0.5,0.00079,0.12299,0.1246
5,10000,1,0.1,0.3,0.5,0.00079,0.13417,0.13072
0,10000,1,0.1,0.3,0.5,0.00066,0.1454,0.14172
1,10000,1,0.1,0.3,0.5,0.00066,0.13651,0.13445
2,10000,1,0.1,0.3,0.5,0.00066,0.14373,0.13958
3,10000,1,0.1,0.3,0.5,0.00066,0.14448,0.14187
4,10000,1,0.1,0.3,0.5,0.00066,0.13625,0.13824
5,10000,1,0.1,0.3,0.5,0.00066,0.1453,0.14325
0,10000,1,0.1,0.3,0.5,0.00054,0.15951,0.1571
1,10000,1,0.1,0.3,0.5,0.00054,0.15082,0.1497
2,10000,1,0.1,0.3,0.5,0.00054,0.157,0.1542
3,10000,1,0.1,0.3,0.5,0.00054,0.15811,0.15653
4,10000,1,0.1,0.3,0.5,0.00054,0.15126,0.15325
5,10000,1,0.1,0.3,0.5,0.00054,0.15833,0.15716
0,10000,1,0.1,0.3,0.5,0.00045,0.17549,0.1739
1,10000,1,0.1,0.3,0.5,0.00045,0.16709,0.16653
2,10000,1,0.1,0.3,0.5,0.00045,0.17235,0.17046
3,10000,1,0.1,0.3,0.5,0.00045,0.1737,0.17275
4,10000,1,0.1,0.3,0.5,0.00045,0.168,0.16982
5,10000,1,0.1,0.3,0.5,0.00045,0.17329,0.17265
0,10000,1,0.1,0.3,0.5,0.00037,0.19333,0.19229
1,10000,1,0.1,0.3,0.5,0.00037,0.18529,0.18504
2,10000,1,0.1,0.3,0.5,0.00037,0.18985,0.18857
3,10000,1,0.1,0.3,0.5,0.00037,0.19129,0.19074
4,10000,1,0.1,0.3,0.5,0.00037,0.18659,0.18817
5,10000,1,0.1,0.3,0.5,0.00037,0.19027,0.18994
0,10000,1,0.1,0.3,0.5,0.00031,0.21313,0.21244
1,10000,1,0.1,0.3,0.5,0.00031,0.20546,0.20538
2,10000,1,0.1,0.3,0.5,0.00031,0.20966,0.20878
3,10000,1,0.1,0.3,0.5,0.00031,0.21102,0.2107
4,10000,1,0.1,0.3,0.5,0.00031,0.2072,0.20851
5,10000,1,0.1,0.3,0.5,0.00031,0.2094,0.20924
0,10000,1,0.1,0.3,0.5,0.00026,0.23503,0.23457
1,10000,1,0.1,0.3,0.5,0.00026,0.22771,0.22772
2,10000,1,0.1,0.3,0.5,0.00026,0.23195,0.23134
3,10000,1,0.1,0.3,0.5,0.00026,0.233,0.23283
4,10000,1,0.1,0.3,0.5,0.00026,0.23001,0.23108
5,10000,1,0.1,0.3,0.5,0.00026,0.23084,0.23079
0,10000,1,0.1,0.3,0.5,0.00021,0.25921,0.2589
1,10000,1,0.1,0.3,0.5,0.00021,0.25219,0.25224
2,10000,1,0.1,0.3,0.5,0.00021,0.25691,0.25649
3,10000,1,0.1,0.3,0.5,0.00021,0.2574,0.25731
4,10000,1,0.1,0.3,0.5,0.00021,0.25521,0.25607
5,10000,1,0.1,0.3,0.5,0.00021,0.25479,0.25479
0,10000,1,0.1,0.3,0.5,0.00018,0.28586,0.28565
1,10000,1,0.1,0.3,0.5,0.00018,0.27909,0.27915
2,10000,1,0.1,0.3,0.5,0.00018,0.28472,0.28442
3,10000,1,0.1,0.3,0.5,0.00018,0.28438,0.28434
4,10000,1,0.1,0.3,0.5,0.00018,0.283,0.28367
5,10000,1,0.1,0.3,0.5,0.00018,0.28145,0.28147
0,10000,1,0.1,0.3,0.5,0.00015,0.3152,0.31506
1,10000,1,0.1,0.3,0.5,0.00015,0.30864,0.30871
2,10000,1,0.1,0.3,0.5,0.00015,0.31554,0.31533
3,10000,1,0.1,0.3,0.5,0.00015,0.31413,0.31411
4,10000,1,0.1,0.3,0.5,0.00015,0.31357,0.3141
5,10000,1,0.1,0.3,0.5,0.00015,0.31103,0.31106
0,10000,1,0.1,0.3,0.5,0.00012,0.34747,0.34737
1,10000,1,0.1,0.3,0.5,0.00012,0.34111,0.34117
2,10000,1,0.1,0.3,0.5,0.00012,0.34955,0.3494
3,10000,1,0.1,0.3,0.5,0.00012,0.34686,0.34685
4,10000,1,0.1,0.3,0.5,0.00012,0.34716,0.34757
5,10000,1,0.1,0.3,0.5,0.00012,0.34376,0.34379
0,10000,1,0.1,0.3,0.5,0.0001,0.38295,0.38288
1,10000,1,0.1,0.3,0.5,0.0001,0.37679,0.37684
2,10000,1,0.1,0.3,0.5,0.0001,0.38694,0.38683
3,10000,1,0.1,0.3,0.5,0.0001,0.38282,0.38282
4,10000,1,0.1,0.3,0.5,0.0001,0.38405,0.38436
5,10000,1,0.1,0.3,0.5,0.0001,0.37989,0.37992
0,10000,1,0.1,0.3,0.5,1.0,0.74619,0.00175
1,10000,1,0.1,0.3,0.5,1.0,0.7462,0.00173
2,10000,1,0.1,0.3,0.5,1.0,0.74623,0.0017
3,10000,1,0.1,0.3,0.5,1.0,0.74623,0.0017
4,10000,1,0.1,0.3,0.5,1.0,0.74621,0.00173
5,10000,1,0.1,0.3,0.5,1.0,0.74621,0.00172
0,10000,1,0.1,0.3,0.5,0.82864,0.74547,0.00253
1,10000,1,0.1,0.3,0.5,0.82864,0.7455,0.0025
2,10000,1,0.1,0.3,0.5,0.82864,0.74553,0.00247
3,10000,1,0.1,0.3,0.5,0.82864,0.74554,0.00245
4,10000,1,0.1,0.3,0.5,0.82864,0.7455,0.0025
5,10000,1,0.1,0.3,0.5,0.82864,0.74551,0.00249
0,10000,1,0.1,0.3,0.5,0.68665,0.74445,0.00365
1,10000,1,0.1,0.3,0.5,0.68665,0.74448,0.00361
2,10000,1,0.1,0.3,0.5,0.68665,0.74453,0.00356
3,10000,1,0.1,0.3,0.5,0.68665,0.74455,0.00354
4,10000,1,0.1,0.3,0.5,0.68665,0.74449,0.00361
5,10000,1,0.1,0.3,0.5,0.68665,0.7445,0.00359
0,10000,1,0.1,0.3,0.5,0.56899,0.74298,0.00525
1,10000,1,0.1,0.3,0.5,0.56899,0.74303,0.00519
2,10000,1,0.1,0.3,0.5,0.56899,0.7431,0.00512
3,10000,1,0.1,0.3,0.5,0.56899,0.74312,0.00509
4,10000,1,0.1,0.3,0.5,0.56899,0.74304,0.00519
5,10000,1,0.1,0.3,0.5,0.56899,0.74306,0.00516
0,10000,1,0.1,0.3,0.5,0.47149,0.74089,0.00749
1,10000,1,0.1,0.3,0.5,0.47149,0.74096,0.00741
2,10000,1,0.1,0.3,0.5,0.47149,0.74106,0.0073
3,10000,1,0.1,0.3,0.5,0.47149,0.74109,0.00727
4,10000,1,0.1,0.3,0.5,0.47149,0.74096,0.0074
5,10000,1,0.1,0.3,0.5,0.47149,0.741,0.00737
0,10000,1,0.1,0.3,0.5,0.39069,0.73792,0.0105
1,10000,1,0.1,0.3,0.5,0.39069,0.73802,0.01038
2,10000,1,0.1,0.3,0.5,0.39069,0.73816,0.01024
3,10000,1,0.1,0.3,0.5,0.39069,0.7382,0.01019
4,10000,1,0.1,0.3,0.5,0.39069,0.73803,0.01038
5,10000,1,0.1,0.3,0.5,0.39069,0.73807,0.01033
0,10000,1,0.1,0.3,0.5,0.32375,0.73373,0.01426
1,10000,1,0.1,0.3,0.5,0.32375,0.73388,0.01409
2,10000,1,0.1,0.3,0.5,0.32375,0.73408,0.01388
3,10000,1,0.1,0.3,0.5,0.32375,0.73414,0.01381
4,10000,1,0.1,0.3,0.5,0.32375,0.73389,0.01408
5,10000,1,0.1,0.3,0.5,0.32375,0.73396,0.01401
0,10000,1,0.1,0.3,0.5,0.26827,0.72789,0.01841
1,10000,1,0.1,0.3,0.5,0.26827,0.72811,0.01817
2,10000,1,0.1,0.3,0.5,0.26827,0.72838,0.01787
3,10000,1,0.1,0.3,0.5,0.26827,0.72847,0.01778
4,10000,1,0.1,0.3,0.5,0.26827,0.72812,0.01816
5,10000,1,0.1,0.3,0.5,0.26827,0.72822,0.01805
0,10000,1,0.1,0.3,0.5,0.2223,0.71985,0.02224
1,10000,1,0.1,0.3,0.5,0.2223,0.72014,0.02191
2,10000,1,0.1,0.3,0.5,0.2223,0.72054,0.02149
3,10000,1,0.1,0.3,0.5,0.2223,0.72066,0.02137
4,10000,1,0.1,0.3,0.5,0.2223,0.72016,0.02189
5,10000,1,0.1,0.3,0.5,0.2223,0.7203,0.02174
0,10000,1,0.1,0.3,0.5,0.18421,0.70892,0.02483
1,10000,1,0.1,0.3,0.5,0.18421,0.70934,0.02437
2,10000,1,0.1,0.3,0.5,0.18421,0.70988,0.02378
3,10000,1,0.1,0.3,0.5,0.18421,0.71005,0.02361
4,10000,1,0.1,0.3,0.5,0.18421,0.70936,0.02434
5,10000,1,0.1,0.3,0.5,0.18421,0.70955,0.02413
0,10000,1,0.1,0.3,0.5,0.15264,0.69439,0.02546
1,10000,1,0.1,0.3,0.5,0.15264,0.69496,0.02482
2,10000,1,0.1,0.3,0.5,0.15264,0.69571,0.02403
3,10000,1,0.1,0.3,0.5,0.15264,0.69594,0.0238
4,10000,1,0.1,0.3,0.5,0.15264,0.69499,0.02478
5,10000,1,0.1,0.3,0.5,0.15264,0.69526,0.0245
0,10000,1,0.1,0.3,0.5,0.12649,0.67553,0.02393
1,10000,1,0.1,0.3,0.5,0.12649,0.6763,0.02306
2,10000,1,0.1,0.3,0.5,0.12649,0.67732,0.02201
3,10000,1,0.1,0.3,0.5,0.12649,0.67763,0.02173
4,10000,1,0.1,0.3,0.5,0.12649,0.67634,0.02301
5,10000,1,0.1,0.3,0.5,0.12649,0.67671,0.02263
0,10000,1,0.1,0.3,0.5,0.10481,0.65183,0.02075
1,10000,1,0.1,0.3,0.5,0.10481,0.65283,0.01958
2,10000,1,0.1,0.3,0.5,0.10481,0.65418,0.01826
3,10000,1,0.1,0.3,0.5,0.10481,0.6546,0.01793
4,10000,1,0.1,0.3,0.5,0.10481,0.65289,0.01951
5,10000,1,0.1,0.3,0.5,0.10481,0.65338,0.01903
0,10000,1,0.1,0.3,0.5,0.08685,0.62312,0.01696
1,10000,1,0.1,0.3,0.5,0.08685,0.62441,0.01542
2,10000,1,0.1,0.3,0.5,0.08685,0.62616,0.01391
3,10000,1,0.1,0.3,0.5,0.08685,0.6267,0.0136
4,10000,1,0.1,0.3,0.5,0.08685,0.6245,0.01533
5,10000,1,0.1,0.3,0.5,0.08685,0.62512,0.01475
0,10000,1,0.1,0.3,0.5,0.07197,0.58988,0.01375
1,10000,1,0.1,0.3,0.5,0.07197,0.59147,0.01182
2,10000,1,0.1,0.3,0.5,0.07197,0.59367,0.01043
3,10000,1,0.1,0.3,0.5,0.07197,0.59434,0.01028
4,10000,1,0.1,0.3,0.5,0.07197,0.59159,0.01166
5,10000,1,0.1,0.3,0.5,0.07197,0.59237,0.01106
0,10000,1,0.1,0.3,0.5,0.05964,0.5532,0.01194
1,10000,1,0.1,0.3,0.5,0.05964,0.5551,0.00974
2,10000,1,0.1,0.3,0.5,0.05964,0.55776,0.00903
3,10000,1,0.1,0.3,0.5,0.05964,0.55856,0.00916
4,10000,1,0.1,0.3,0.5,0.05964,0.55525,0.00943
5,10000,1,0.1,0.3,0.5,0.05964,0.55618,0.00893
0,10000,1,0.1,0.3,0.5,0.04942,0.51472,0.01174
1,10000,1,0.1,0.3,0.5,0.04942,0.51688,0.00951
2,10000,1,0.1,0.3,0.5,0.04942,0.51999,0.00963
3,10000,1,0.1,0.3,0.5,0.04942,0.5209,0.01002
4,10000,1,0.1,0.3,0.5,0.04942,0.51709,0.00883
5,10000,1,0.1,0.3,0.5,0.04942,0.51815,0.00859
0,10000,1,0.1,0.3,0.5,0.04095,0.47624,0.01262
1,10000,1,0.1,0.3,0.5,0.04095,0.47857,0.01043
2,10000,1,0.1,0.3,0.5,0.04095,0.48205,0.01109
3,10000,1,0.1,0.3,0.5,0.04095,0.48304,0.01152
4,10000,1,0.1,0.3,0.5,0.04095,0.47885,0.00938
5,10000,1,0.1,0.3,0.5,0.04095,0.47999,0.00918
0,10000,1,0.1,0.3,0.5,0.03393,0.43927,0.01426
1,10000,1,0.1,0.3,0.5,0.03393,0.44164,0.01215
2,10000,1,0.1,0.3,0.5,0.03393,0.4454,0.0129
3,10000,1,0.1,0.3,0.5,0.03393,0.44638,0.01332
4,10000,1,0.1,0.3,0.5,0.03393,0.44202,0.01062
5,10000,1,0.1,0.3,0.5,0.03393,0.44316,0.0104
0,10000,1,0.1,0.3,0.5,0.02812,0.40474,0.01637
1,10000,1,0.1,0.3,0.5,0.02812,0.407,0.01432
2,10000,1,0.1,0.3,0.5,0.02812,0.41089,0.01483
3,10000,1,0.1,0.3,0.5,0.02812,0.41178,0.01532
4,10000,1,0.1,0.3,0.5,0.02812,0.40751,0.01228
5,10000,1,0.1,0.3,0.5,0.02812,0.40854,0.01202
0,10000,1,0.1,0.3,0.5,0.0233,0.37294,0.01884
1,10000,1,0.1,0.3,0.5,0.0233,0.37491,0.01677
2,10000,1,0.1,0.3,0.5,0.0233,0.37884,0.01684
3,10000,1,0.1,0.3,0.5,0.0233,0.37947,0.01752
4,10000,1,0.1,0.3,0.5,0.0233,0.37561,0.01424
5,10000,1,0.1,0.3,0.5,0.0233,0.37642,0.014
0,10000,1,0.1,0.3,0.5,0.01931,0.34366,0.0217
1,10000,1,0.1,0.3,0.5,0.01931,0.34517,0.01945
2,10000,1,0.1,0.3,0.5,0.01931,0.34906,0.01893
3,10000,1,0.1,0.3,0.5,0.01931,0.34923,0.01991
4,10000,1,0.1,0.3,0.5,0.01931,0.34613,0.01652
5,10000,1,0.1,0.3,0.5,0.01931,0.34659,0.01639
0,10000,1,0.1,0.3,0.5,0.016,0.31642,0.02498
1,10000,1,0.1,0.3,0.5,0.016,0.31733,0.02235
2,10000,1,0.1,0.3,0.5,0.016,0.32115,0.02114
3,10000,1,0.1,0.3,0.5,0.016,0.32062,0.02247
4,10000,1,0.1,0.3,0.5,0.016,0.31865,0.01917
5,10000,1,0.1,0.3,0.5,0.016,0.31864,0.01922
0,10000,1,0.1,0.3,0.5,0.01326,0.29071,0.02871
1,10000,1,0.1,0.3,0.5,0.01326,0.29089,0.0255
2,10000,1,0.1,0.3,0.5,0.01326,0.29468,0.02354
3,10000,1,0.1,0.3,0.5,0.01326,0.29316,0.02521
4,10000,1,0.1,0.3,0.5,0.01326,0.29269,0.02224
5,10000,1,0.1,0.3,0.5,0.01326,0.29208,0.0225
0,10000,1,0.1,0.3,0.5,0.01099,0.26616,0.03288
1,10000,1,0.1,0.3,0.5,0.01099,0.26549,0.02892
2,10000,1,0.1,0.3,0.5,0.01099,0.2693,0.02621
3,10000,1,0.1,0.3,0.5,0.01099,0.26651,0.02814
4,10000,1,0.1,0.3,0.5,0.01099,0.2679,0.02578
5,10000,1,0.1,0.3,0.5,0.01099,0.2666,0.02621
0,10000,1,0.1,0.3,0.5,0.0091,0.24263,0.03746
1,10000,1,0.1,0.3,0.5,0.0091,0.24101,0.03265
2,10000,1,0.1,0.3,0.5,0.0091,0.24489,0.02923
3,10000,1,0.1,0.3,0.5,0.0091,0.24057,0.03132
4,10000,1,0.1,0.3,0.5,0.0091,0.24415,0.02982
5,10000,1,0.1,0.3,0.5,0.0091,0.24206,0.03033
0,10000,1,0.1,0.3,0.5,0.00754,0.2202,0.04239
1,10000,1,0.1,0.3,0.5,0.00754,0.21753,0.03671
2,10000,1,0.1,0.3,0.5,0.00754,0.22153,0.03269
3,10000,1,0.1,0.3,0.5,0.00754,0.21545,0.03481
4,10000,1,0.1,0.3,0.5,0.00754,0.2215,0.03436
5,10000,1,0.1,0.3,0.5,0.00754,0.21858,0.03485
0,10000,1,0.1,0.3,0.5,0.00625,0.19913,0.04763
1,10000,1,0.1,0.3,0.5,0.00625,0.19533,0.04115
2,10000,1,0.1,0.3,0.5,0.00625,0.19945,0.03664
3,10000,1,0.1,0.3,0.5,0.00625,0.19149,0.03871
4,10000,1,0.1,0.3,0.5,0.00625,0.2002,0.03941
5,10000,1,0.1,0.3,0.5,0.00625,0.19643,0.03978
0,10000,1,0.1,0.3,0.5,0.00518,0.17977,0.05313
1,10000,1,0.1,0.3,0.5,0.00518,0.1748,0.04602
2,10000,1,0.1,0.3,0.5,0.00518,0.179,0.04113
3,10000,1,0.1,0.3,0.5,0.00518,0.16912,0.04311
4,10000,1,0.1,0.3,0.5,0.00518,0.1806,0.04494
5,10000,1,0.1,0.3,0.5,0.00518,0.17599,0.04515
0,10000,1,0.1,0.3,0.5,0.00429,0.16254,0.0589
1,10000,1,0.1,0.3,0.5,0.00429,0.1564,0.05136
2,10000,1,0.1,0.3,0.5,0.00429,0.16058,0.04621
3,10000,1,0.1,0.3,0.5,0.00429,0.14889,0.0481
4,10000,1,0.1,0.3,0.5,0.00429,0.1631,0.05094
5,10000,1,0.1,0.3,0.5,0.00429,0.15775,0.051
0,10000,1,0.1,0.3,0.5,0.00356,0.14782,0.06496
1,10000,1,0.1,0.3,0.5,0.00356,0.14059,0.05726
2,10000,1,0.1,0.3,0.5,0.00356,0.14459,0.05191
3,10000,1,0.1,0.3,0.5,0.00356,0.13136,0.05375
4,10000,1,0.1,0.3,0.5,0.00356,0.14808,0.0574
5,10000,1,0.1,0.3,0.5,0.00356,0.14216,0.05742
0,10000,1,0.1,0.3,0.5,0.00295,0.13598,0.07137
1,10000,1,0.1,0.3,0.5,0.00295,0.12785,0.06378
2,10000,1,0.1,0.3,0.5,0.00295,0.13143,0.05824
3,10000,1,0.1,0.3,0.5,0.00295,0.11716,0.06013
4,10000,1,0.1,0.3,0.5,0.00295,0.13591,0.06432
5,10000,1,0.1,0.3,0.5,0.00295,0.12971,0.06446
0,10000,1,0.1,0.3,0.5,0.00244,0.12728,0.0782
1,10000,1,0.1,0.3,0.5,0.00244,0.1186,0.071
2,10000,1,0.1,0.3,0.5,0.00244,0.12147,0.06526
3,10000,1,0.1,0.3,0.5,0.00244,0.1069,0.06734
4,10000,1,0.1,0.3,0.5,0.00244,0.12688,0.07174
5,10000,1,0.1,0.3,0.5,0.00244,0.12079,0.07217
0,10000,1,0.1,0.3,0.5,0.00202,0.12189,0.08558
1,10000,1,0.1,0.3,0.5,0.00202,0.1131,0.07898
2,10000,1,0.1,0.3,0.5,0.00202,0.11497,0.073
3,10000,1,0.1,0.3,0.5,0.00202,0.10105,0.07545
4,10000,1,0.1,0.3,0.5,0.00202,0.12116,0.07973
5,10000,1,0.1,0.3,0.5,0.00202,0.11563,0.08058
0,10000,1,0.1,0.3,0.5,0.00168,0.11982,0.0936
1,10000,1,0.1,0.3,0.5,0.00168,0.11142,0.08779
2,10000,1,0.1,0.3,0.5,0.00168,0.11201,0.08151
3,10000,1,0.1,0.3,0.5,0.00168,0.09981,0.08455
4,10000,1,0.1,0.3,0.5,0.00168,0.11881,0.08836
5,10000,1,0.1,0.3,0.5,0.00168,0.11422,0.08973
0,10000,1,0.1,0.3,0.5,0.00139,0.12095,0.10242
1,10000,1,0.1,0.3,0.5,0.00139,0.11336,0.09747
2,10000,1,0.1,0.3,0.5,0.00139,0.11253,0.09086
3,10000,1,0.1,0.3,0.5,0.00139,0.10291,0.09472
4,10000,1,0.1,0.3,0.5,0.00139,0.11971,0.09775
5,10000,1,0.1,0.3,0.5,0.00139,0.11632,0.09964
0,10000,1,0.1,0.3,0.5,0.00115,0.12505,0.11218
1,10000,1,0.1,0.3,0.5,0.00115,0.11852,0.1081
2,10000,1,0.1,0.3,0.5,0.00115,0.11624,0.10112
3,10000,1,0.1,0.3,0.5,0.00115,0.10975,0.10601
4,10000,1,0.1,0.3,0.5,0.00115,0.12362,0.10801
5,10000,1,0.1,0.3,0.5,0.00115,0.12149,0.11036
0,10000,1,0.1,0.3,0.5,0.00095,0.13187,0.12304
1,10000,1,0.1,0.3,0.5,0.00095,0.12646,0.11975
2,10000,1,0.1,0.3,0.5,0.00095,0.1228,0.11236
3,10000,1,0.1,0.3,0.5,0.00095,0.11963,0.11849
4,10000,1,0.1,0.3,0.5,0.00095,0.13025,0.11925
5,10000,1,0.1,0.3,0.5,0.00095,0.12929,0.12198
0,10000,1,0.1,0.3,0.5,0.00079,0.14119,0.13519
1,10000,1,0.1,0.3,0.5,0.00079,0.13675,0.13249
2,10000,1,0.1,0.3,0.5,0.00079,0.13187,0.12471
3,10000,1,0.1,0.3,0.5,0.00079,0.13195,0.1322
4,10000,1,0.1,0.3,0.5,0.00079,0.13929,0.13158
5,10000,1,0.1,0.3,0.5,0.00079,0.13936,0.13461
0,10000,1,0.1,0.3,0.5,0.00066,0.15284,0.14878
1,10000,1,0.1,0.3,0.5,0.00066,0.14909,0.14641
2,10000,1,0.1,0.3,0.5,0.00066,0.1432,0.1383
3,10000,1,0.1,0.3,0.5,0.00066,0.1463,0.1472
4,10000,1,0.1,0.3,0.5,0.00066,0.15053,0.14512
5,10000,1,0.1,0.3,0.5,0.00066,0.15143,0.14837
0,10000,1,0.1,0.3,0.5,0.00054,0.16668,0.16394
1,10000,1,0.1,0.3,0.5,0.00054,0.16327,0.1616
2,10000,1,0.1,0.3,0.5,0.00054,0.15668,0.15332
3,10000,1,0.1,0.3,0.5,0.00054,0.16242,0.16355
4,10000,1,0.1,0.3,0.5,0.00054,0.1638,0.16001
5,10000,1,0.1,0.3,0.5,0.00054,0.16536,0.1634
0,10000,1,0.1,0.3,0.5,0.00045,0.18262,0.18077
1,10000,1,0.1,0.3,0.5,0.00045,0.17922,0.17819
2,10000,1,0.1,0.3,0.5,0.00045,0.17232,0.17002
3,10000,1,0.1,0.3,0.5,0.00045,0.18022,0.18136
4,10000,1,0.1,0.3,0.5,0.00045,0.17906,0.17639
5,10000,1,0.1,0.3,0.5,0.00045,0.18109,0.17984
0,10000,1,0.1,0.3,0.5,0.00037,0.20063,0.19937
1,10000,1,0.1,0.3,0.5,0.00037,0.19694,0.19631
2,10000,1,0.1,0.3,0.5,0.00037,0.19023,0.18864
3,10000,1,0.1,0.3,0.5,0.00037,0.19968,0.20073
4,10000,1,0.1,0.3,0.5,0.00037,0.19632,0.19443
5,10000,1,0.1,0.3,0.5,0.00037,0.19863,0.19784
0,10000,1,0.1,0.3,0.5,0.00031,0.22068,0.21983
1,10000,1,0.1,0.3,0.5,0.00031,0.21651,0.21612
2,10000,1,0.1,0.3,0.5,0.00031,0.21054,0.20944
3,10000,1,0.1,0.3,0.5,0.00031,0.22087,0.22177
4,10000,1,0.1,0.3,0.5,0.00031,0.21567,0.21433
5,10000,1,0.1,0.3,0.5,0.00031,0.21805,0.21755
0,10000,1,0.1,0.3,0.5,0.00026,0.24284,0.24226
1,10000,1,0.1,0.3,0.5,0.00026,0.23805,0.23782
2,10000,1,0.1,0.3,0.5,0.00026,0.23339,0.23263
3,10000,1,0.1,0.3,0.5,0.00026,0.24389,0.24464
4,10000,1,0.1,0.3,0.5,0.00026,0.23725,0.2363
5,10000,1,0.1,0.3,0.5,0.00026,0.23948,0.23917
0,10000,1,0.1,0.3,0.5,0.00021,0.2672,0.2668
1,10000,1,0.1,0.3,0.5,0.00021,0.26176,0.26162
2,10000,1,0.1,0.3,0.5,0.00021,0.25892,0.25839
3,10000,1,0.1,0.3,0.5,0.00021,0.2689,0.26952
4,10000,1,0.1,0.3,0.5,0.00021,0.26124,0.26056
5,10000,1,0.1,0.3,0.5,0.00021,0.26311,0.26292
0,10000,1,0.1,0.3,0.5,0.00018,0.29391,0.29363
1,10000,1,0.1,0.3,0.5,0.00018,0.28784,0.28776
2,10000,1,0.1,0.3,0.5,0.00018,0.28722,0.28685
3,10000,1,0.1,0.3,0.5,0.00018,0.2961,0.29659
4,10000,1,0.1,0.3,0.5,0.00018,0.28786,0.28737
5,10000,1,0.1,0.3,0.5,0.00018,0.28918,0.28906
0,10000,1,0.1,0.3,0.5,0.00015,0.32318,0.32297
1,10000,1,0.1,0.3,0.5,0.00015,0.31657,0.31653
2,10000,1,0.1,0.3,0.5,0.00015,0.31839,0.31813
3,10000,1,0.1,0.3,0.5,0.00015,0.32574,0.32613
4,10000,1,0.1,0.3,0.5,0.00015,0.31731,0.31696
5,10000,1,0.1,0.3,0.5,0.00015,0.318,0.31792
0,10000,1,0.1,0.3,0.5,0.00012,0.35525,0.35511
1,10000,1,0.1,0.3,0.5,0.00012,0.34825,0.34823
2,10000,1,0.1,0.3,0.5,0.00012,0.35256,0.35237
3,10000,1,0.1,0.3,0.5,0.00012,0.35814,0.35844
4,10000,1,0.1,0.3,0.5,0.00012,0.34986,0.3496
5,10000,1,0.1,0.3,0.5,0.00012,0.34989,0.34985
0,10000,1,0.1,0.3,0.5,0.0001,0.39045,0.39035
1,10000,1,0.1,0.3,0.5,0.0001,0.38325,0.38324
2,10000,1,0.1,0.3,0.5,0.0001,0.38987,0.38973
3,10000,1,0.1,0.3,0.5,0.0001,0.39365,0.39389
4,10000,1,0.1,0.3,0.5,0.0001,0.38574,0.38555
5,10000,1,0.1,0.3,0.5,0.0001,0.38524,0.38522
0,10000,1,0.1,0.3,0.5,1.0,0.74621,0.0017
1,10000,1,0.1,0.3,0.5,1.0,0.74619,0.00172
2,10000,1,0.1,0.3,0.5,1.0,0.7462,0.00171
3,10000,1,0.1,0.3,0.5,1.0,0.74621,0.0017
4,10000,1,0.1,0.3,0.5,1.0,0.7462,0.00171
5,10000,1,0.1,0.3,0.5,1.0,0.74621,0.0017
0,10000,1,0.1,0.3,0.5,0.82864,0.74552,0.00246
1,10000,1,0.1,0.3,0.5,0.82864,0.74549,0.00249
2,10000,1,0.1,0.3,0.5,0.82864,0.7455,0.00248
3,10000,1,0.1,0.3,0.5,0.82864,0.74552,0.00246
4,10000,1,0.1,0.3,0.5,0.82864,0.7455,0.00248
5,10000,1,0.1,0.3,0.5,0.82864,0.74551,0.00246
0,10000,1,0.1,0.3,0.5,0.68665,0.74452,0.00355
1,10000,1,0.1,0.3,0.5,0.68665,0.74448,0.0036
2,10000,1,0.1,0.3,0.5,0.68665,0.7445,0.00357
3,10000,1,0.1,0.3,0.5,0.68665,0.74452,0.00355
4,10000,1,0.1,0.3,0.5,0.68665,0.74449,0.00358
5,10000,1,0.1,0.3,0.5,0.68665,0.74452,0.00355
0,10000,1,0.1,0.3,0.5,0.56899,0.7431,0.0051
1,10000,1,0.1,0.3,0.5,0.56899,0.74303,0.00517
2,10000,1,0.1,0.3,0.5,0.56899,0.74306,0.00514
3,10000,1,0.1,0.3,0.5,0.56899,0.74309,0.0051
4,10000,1,0.1,0.3,0.5,0.56899,0.74305,0.00514
5,10000,1,0.1,0.3,0.5,0.56899,0.74309,0.00511
0,10000,1,0.1,0.3,0.5,0.47149,0.74106,0.00728
1,10000,1,0.1,0.3,0.5,0.47149,0.74097,0.00738
2,10000,1,0.1,0.3,0.5,0.47149,0.741,0.00734
3,10000,1,0.1,0.3,0.5,0.47149,0.74105,0.00728
4,10000,1,0.1,0.3,0.5,0.47149,0.741,0.00734
5,10000,1,0.1,0.3,0.5,0.47149,0.74105,0.00729
0,10000,1,0.1,0.3,0.5,0.39069,0.73817,0.0102
1,10000,1,0.1,0.3,0.5,0.39069,0.73804,0.01035
2,10000,1,0.1,0.3,0.5,0.39069,0.73809,0.01028
3,10000,1,0.1,0.3,0.5,0.39069,0.73816,0.01021
4,10000,1,0.1,0.3,0.5,0.39069,0.73808,0.01029
5,10000,1,0.1,0.3,0.5,0.39069,0.73815,0.01022
0,10000,1,0.1,0.3,0.5,0.32375,0.73411,0.01383
1,10000,1,0.1,0.3,0.5,0.32375,0.73391,0.01404
2,10000,1,0.1,0.3,0.5,0.32375,0.73399,0.01395
3,10000,1,0.1,0.3,0.5,0.32375,0.73409,0.01384
4,10000,1,0.1,0.3,0.5,0.32375,0.73398,0.01396
5,10000,1,0.1,0.3,0.5,0.32375,0.73408,0.01385
0,10000,1,0.1,0.3,0.5,0.26827,0.72843,0.0178
1,10000,1,0.1,0.3,0.5,0.26827,0.72816,0.0181
2,10000,1,0.1,0.3,0.5,0.26827,0.72827,0.01797
3,10000,1,0.1,0.3,0.5,0.26827,0.7284,0.01781
4,10000,1,0.1,0.3,0.5,0.26827,0.72825,0.01799
5,10000,1,0.1,0.3,0.5,0.26827,0.72839,0.01783
0,10000,1,0.1,0.3,0.5,0.2223,0.72061,0.02139
1,10000,1,0.1,0.3,0.5,0.2223,0.72023,0.02181
2,10000,1,0.1,0.3,0.5,0.2223,0.72038,0.02163
3,10000,1,0.1,0.3,0.5,0.2223,0.72057,0.02141
4,10000,1,0.1,0.3,0.5,0.2223,0.72035,0.02165
5,10000,1,0.1,0.3,0.5,0.2223,0.72055,0.02143
0,10000,1,0.1,0.3,0.5,0.18421,0.71,0.02365
1,10000,1,0.1,0.3,0.5,0.18421,0.70946,0.02424
2,10000,1,0.1,0.3,0.5,0.18421,0.70968,0.02397
3,10000,1,0.1,0.3,0.5,0.18421,0.70994,0.02367
4,10000,1,0.1,0.3,0.5,0.18421,0.70963,0.02401
5,10000,1,0.1,0.3,0.5,0.18421,0.70991,0.0237
0,10000,1,0.1,0.3,0.5,0.15264,0.69587,0.02385
1,10000,1,0.1,0.3,0.5,0.15264,0.69513,0.02465
2,10000,1,0.1,0.3,0.5,0.15264,0.69543,0.02428
3,10000,1,0.1,0.3,0.5,0.15264,0.69579,0.02385
4,10000,1,0.1,0.3,0.5,0.15264,0.69537,0.02432
5,10000,1,0.1,0.3,0.5,0.15264,0.69576,0.02391
0,10000,1,0.1,0.3,0.5,0.12649,0.67754,0.02178
1,10000,1,0.1,0.3,0.5,0.12649,0.67654,0.02286
2,10000,1,0.1,0.3,0.5,0.12649,0.67695,0.02234
3,10000,1,0.1,0.3,0.5,0.12649,0.67743,0.02173
4,10000,1,0.1,0.3,0.5,0.12649,0.67687,0.02237
5,10000,1,0.1,0.3,0.5,0.12649,0.67739,0.02182
0,10000,1,0.1,0.3,0.5,0.10481,0.65449,0.01798
1,10000,1,0.1,0.3,0.5,0.10481,0.65316,0.01938
2,10000,1,0.1,0.3,0.5,0.10481,0.6537,0.01863
3,10000,1,0.1,0.3,0.5,0.10481,0.65433,0.01777
4,10000,1,0.1,0.3,0.5,0.10481,0.65359,0.01864
5,10000,1,0.1,0.3,0.5,0.10481,0.65429,0.01793
0,10000,1,0.1,0.3,0.5,0.08685,0.62657,0.01359
1,10000,1,0.1,0.3,0.5,0.08685,0.62484,0.01531
2,10000,1,0.1,0.3,0.5,0.08685,0.62554,0.01423
3,10000,1,0.1,0.3,0.5,0.08685,0.62636,0.01297
4,10000,1,0.1,0.3,0.5,0.08685,0.6254,0.01415
5,10000,1,0.1,0.3,0.5,0.08685,0.62629,0.01329
0,10000,1,0.1,0.3,0.5,0.07197,0.59418,0.01012
1,10000,1,0.1,0.3,0.5,0.07197,0.59203,0.01199
2,10000,1,0.1,0.3,0.5,0.07197,0.59288,0.01042
3,10000,1,0.1,0.3,0.5,0.07197,0.59391,0.00854
4,10000,1,0.1,0.3,0.5,0.07197,0.59271,0.0101
5,10000,1,0.1,0.3,0.5,0.07197,0.59383,0.00921
0,10000,1,0.1,0.3,0.5,0.05964,0.55839,0.00875
1,10000,1,0.1,0.3,0.5,0.05964,0.55581,0.01039
2,10000,1,0.1,0.3,0.5,0.05964,0.5568,0.00825
3,10000,1,0.1,0.3,0.5,0.05964,0.55805,0.0055
4,10000,1,0.1,0.3,0.5,0.05964,0.55658,0.00746
5,10000,1,0.1,0.3,0.5,0.05964,0.55793,0.00685
0,10000,1,0.1,0.3,0.5,0.04942,0.52072,0.00926
1,10000,1,0.1,0.3,0.5,0.04942,0.51778,0.01052
2,10000,1,0.1,0.3,0.5,0.04942,0.51885,0.00806
3,10000,1,0.1,0.3,0.5,0.04942,0.52031,0.00459
4,10000,1,0.1,0.3,0.5,0.04942,0.5186,0.00656
5,10000,1,0.1,0.3,0.5,0.04942,0.52015,0.00665
0,10000,1,0.1,0.3,0.5,0.04095,0.48286,0.0105
1,10000,1,0.1,0.3,0.5,0.04095,0.47969,0.01165
2,10000,1,0.1,0.3,0.5,0.04095,0.48074,0.00881
3,10000,1,0.1,0.3,0.5,0.04095,0.4824,0.00513
4,10000,1,0.1,0.3,0.5,0.04095,0.48045,0.00691
5,10000,1,0.1,0.3,0.5,0.04095,0.48216,0.00747
0,10000,1,0.1,0.3,0.5,0.03393,0.44623,0.01195
1,10000,1,0.1,0.3,0.5,0.03393,0.44303,0.01326
2,10000,1,0.1,0.3,0.5,0.03393,0.44392,0.01018
3,10000,1,0.1,0.3,0.5,0.03393,0.44575,0.00646
4,10000,1,0.1,0.3,0.5,0.03393,0.4436,0.0079
5,10000,1,0.1,0.3,0.5,0.03393,0.44537,0.00879
0,10000,1,0.1,0.3,0.5,0.02812,0.4117,0.0135
1,10000,1,0.1,0.3,0.5,0.02812,0.40871,0.01505
2,10000,1,0.1,0.3,0.5,0.02812,0.40925,0.01189
3,10000,1,0.1,0.3,0.5,0.02812,0.41122,0.00823
4,10000,1,0.1,0.3,0.5,0.02812,0.4089,0.00921
5,10000,1,0.1,0.3,0.5,0.02812,0.41063,0.01033
0,10000,1,0.1,0.3,0.5,0.0233,0.37955,0.01516
1,10000,1,0.1,0.3,0.5,0.0233,0.37702,0.01694
2,10000,1,0.1,0.3,0.5,0.0233,0.37701,0.01386
3,10000,1,0.1,0.3,0.5,0.0233,0.37913,0.01038
4,10000,1,0.1,0.3,0.5,0.0233,0.37663,0.01075
5,10000,1,0.1,0.3,0.5,0.0233,0.37821,0.01207
0,10000,1,0.1,0.3,0.5,0.01931,0.3496,0.01698
1,10000,1,0.1,0.3,0.5,0.01931,0.34777,0.01892
2,10000,1,0.1,0.3,0.5,0.01931,0.34699,0.0161
3,10000,1,0.1,0.3,0.5,0.01931,0.3493,0.0129
4,10000,1,0.1,0.3,0.5,0.01931,0.34656,0.01252
5,10000,1,0.1,0.3,0.5,0.01931,0.34789,0.01407
0,10000,1,0.1,0.3,0.5,0.016,0.32146,0.019
1,10000,1,0.1,0.3,0.5,0.016,0.32052,0.02102
2,10000,1,0.1,0.3,0.5,0.016,0.31875,0.01862
3,10000,1,0.1,0.3,0.5,0.016,0.32134,0.01582
4,10000,1,0.1,0.3,0.5,0.016,0.31824,0.01457
5,10000,1,0.1,0.3,0.5,0.016,0.31924,0.0164
0,10000,1,0.1,0.3,0.5,0.01326,0.29468,0.02127
1,10000,1,0.1,0.3,0.5,0.01326,0.29477,0.0233
2,10000,1,0.1,0.3,0.5,0.01326,0.29181,0.02146
3,10000,1,0.1,0.3,0.5,0.01326,0.29482,0.01918
4,10000,1,0.1,0.3,0.5,0.01326,0.2912,0.01695
5,10000,1,0.1,0.3,0.5,0.01326,0.29179,0.01918
0,10000,1,0.1,0.3,0.5,0.01099,0.26894,0.02383
1,10000,1,0.1,0.3,0.5,0.01099,0.27015,0.0258
2,10000,1,0.1,0.3,0.5,0.01099,0.26582,0.02465
3,10000,1,0.1,0.3,0.5,0.01099,0.26945,0.02301
4,10000,1,0.1,0.3,0.5,0.01099,0.26509,0.01973
5,10000,1,0.1,0.3,0.5,0.01099,0.26525,0.02246
0,10000,1,0.1,0.3,0.5,0.0091,0.24414,0.02677
1,10000,1,0.1,0.3,0.5,0.0091,0.24647,0.02859
2,10000,1,0.1,0.3,0.5,0.0091,0.24068,0.02822
3,10000,1,0.1,0.3,0.5,0.0091,0.24511,0.02732
4,10000,1,0.1,0.3,0.5,0.0091,0.2398,0.02295
5,10000,1,0.1,0.3,0.5,0.0091,0.23953,0.02629
0,10000,1,0.1,0.3,0.5,0.00754,0.22036,0.03021
1,10000,1,0.1,0.3,0.5,0.00754,0.22378,0.03169
2,10000,1,0.1,0.3,0.5,0.00754,0.21647,0.03218
3,10000,1,0.1,0.3,0.5,0.00754,0.2219,0.03212
4,10000,1,0.1,0.3,0.5,0.00754,0.21544,0.02671
5,10000,1,0.1,0.3,0.5,0.00754,0.21478,0.03066
0,10000,1,0.1,0.3,0.5,0.00625,0.19787,0.03427
1,10000,1,0.1,0.3,0.5,0.00625,0.20224,0.03514
2,10000,1,0.1,0.3,0.5,0.00625,0.19348,0.03654
3,10000,1,0.1,0.3,0.5,0.00625,0.20009,0.0374
4,10000,1,0.1,0.3,0.5,0.00625,0.19231,0.03105
5,10000,1,0.1,0.3,0.5,0.00625,0.19131,0.03555
0,10000,1,0.1,0.3,0.5,0.00518,0.17707,0.03909
1,10000,1,0.1,0.3,0.5,0.00518,0.18215,0.03897
2,10000,1,0.1,0.3,0.5,0.00518,0.17209,0.0413
3,10000,1,0.1,0.3,0.5,0.00518,0.18004,0.04313
4,10000,1,0.1,0.3,0.5,0.00518,0.17081,0.03603
5,10000,1,0.1,0.3,0.5,0.00518,0.16959,0.04094
0,10000,1,0.1,0.3,0.5,0.00429,0.15841,0.04475
1,10000,1,0.1,0.3,0.5,0.00429,0.16384,0.04322
2,10000,1,0.1,0.3,0.5,0.00429,0.15275,0.04646
3,10000,1,0.1,0.3,0.5,0.00429,0.16215,0.04931
4,10000,1,0.1,0.3,0.5,0.00429,0.15142,0.04162
5,10000,1,0.1,0.3,0.5,0.00429,0.15011,0.04684
0,10000,1,0.1,0.3,0.5,0.00356,0.1424,0.05131
1,10000,1,0.1,0.3,0.5,0.00356,0.14764,0.04793
2,10000,1,0.1,0.3,0.5,0.00356,0.13592,0.05203
3,10000,1,0.1,0.3,0.5,0.00356,0.14683,0.05597
4,10000,1,0.1,0.3,0.5,0.00356,0.13463,0.0478
5,10000,1,0.1,0.3,0.5,0.00356,0.1334,0.05324
0,10000,1,0.1,0.3,0.5,0.00295,0.12955,0.05876
1,10000,1,0.1,0.3,0.5,0.00295,0.13388,0.05319
2,10000,1,0.1,0.3,0.5,0.00295,0.12204,0.05804
3,10000,1,0.1,0.3,0.5,0.00295,0.13449,0.06313
4,10000,1,0.1,0.3,0.5,0.00295,0.12091,0.05453
5,10000,1,0.1,0.3,0.5,0.00295,0.11999,0.06016
0,10000,1,0.1,0.3,0.5,0.00244,0.12029,0.06707
1,10000,1,0.1,0.3,0.5,0.00244,0.12289,0.05912
2,10000,1,0.1,0.3,0.5,0.00244,0.11153,0.06455
3,10000,1,0.1,0.3,0.5,0.00244,0.12544,0.07087
4,10000,1,0.1,0.3,0.5,0.00244,0.11065,0.06178
5,10000,1,0.1,0.3,0.5,0.00244,0.11033,0.06763
0,10000,1,0.1,0.3,0.5,0.00202,0.11492,0.0762
1,10000,1,0.1,0.3,0.5,0.00202,0.11497,0.06584
2,10000,1,0.1,0.3,0.5,0.00202,0.1047,0.07167
3,10000,1,0.1,0.3,0.5,0.00202,0.1199,0.07925
4,10000,1,0.1,0.3,0.5,0.00202,0.10413,0.06955
5,10000,1,0.1,0.3,0.5,0.00202,0.10471,0.0757
0,10000,1,0.1,0.3,0.5,0.00168,0.11346,0.08612
1,10000,1,0.1,0.3,0.5,0.00168,0.11036,0.07348
2,10000,1,0.1,0.3,0.5,0.00168,0.1017,0.0795
3,10000,1,0.1,0.3,0.5,0.00168,0.11792,0.08836
4,10000,1,0.1,0.3,0.5,0.00168,0.10138,0.07786
5,10000,1,0.1,0.3,0.5,0.00168,0.10313,0.08441
0,10000,1,0.1,0.3,0.5,0.00139,0.11566,0.09681
1,10000,1,0.1,0.3,0.5,0.00139,0.10917,0.08215
2,10000,1,0.1,0.3,0.5,0.00139,0.10245,0.08819
3,10000,1,0.1,0.3,0.5,0.00139,0.11935,0.09828
4,10000,1,0.1,0.3,0.5,0.00139,0.10222,0.0868
5,10000,1,0.1,0.3,0.5,0.00139,0.10529,0.09383
0,10000,1,0.1,0.3,0.5,0.00115,0.12109,0.10831
1,10000,1,0.1,0.3,0.5,0.00115,0.11135,0.09194
2,10000,1,0.1,0.3,0.5,0.00115,0.10665,0.09789
3,10000,1,0.1,0.3,0.5,0.00115,0.12391,0.1091
4,10000,1,0.1,0.3,0.5,0.00115,0.10625,0.09647
5,10000,1,0.1,0.3,0.5,0.00115,0.11067,0.10404
0,10000,1,0.1,0.3,0.5,0.00095,0.12925,0.12067
1,10000,1,0.1,0.3,0.5,0.00095,0.11667,0.10292
2,10000,1,0.1,0.3,0.5,0.00095,0.1139,0.10878
3,10000,1,0.1,0.3,0.5,0.00095,0.13122,0.12092
4,10000,1,0.1,0.3,0.5,0.00095,0.11303,0.10702
5,10000,1,0.1,0.3,0.5,0.00095,0.11873,0.11515
0,10000,1,0.1,0.3,0.5,0.00079,0.13972,0.13398
1,10000,1,0.1,0.3,0.5,0.00079,0.12481,0.11515
2,10000,1,0.1,0.3,0.5,0.00079,0.12384,0.121
3,10000,1,0.1,0.3,0.5,0.00079,0.14095,0.1338
4,10000,1,0.1,0.3,0.5,0.00079,0.12221,0.11862
5,10000,1,0.1,0.3,0.5,0.00079,0.12904,0.12731
0,10000,1,0.1,0.3,0.5,0.00066,0.15221,0.14838
1,10000,1,0.1,0.3,0.5,0.00066,0.13547,0.12871
2,10000,1,0.1,0.3,0.5,0.00066,0.13617,0.1347
3,10000,1,0.1,0.3,0.5,0.00066,0.15282,0.14787
4,10000,1,0.1,0.3,0.5,0.00066,0.13353,0.13145
5,10000,1,0.1,0.3,0.5,0.00066,0.14132,0.14066
0,10000,1,0.1,0.3,0.5,0.00054,0.16656,0.164
1,10000,1,0.1,0.3,0.5,0.00054,0.14842,0.14368
2,10000,1,0.1,0.3,0.5,0.00054,0.15069,0.15003
3,10000,1,0.1,0.3,0.5,0.00054,0.16666,0.16322
4,10000,1,0.1,0.3,0.5,0.00054,0.14686,0.14572
5,10000,1,0.1,0.3,0.5,0.00054,0.15547,0.15538
0,10000,1,0.1,0.3,0.5,0.00045,0.18273,0.181
1,10000,1,0.1,0.3,0.5,0.00045,0.16352,0.1602
2,10000,1,0.1,0.3,0.5,0.00045,0.16731,0.16709
3,10000,1,0.1,0.3,0.5,0.00045,0.18238,0.17998
4,10000,1,0.1,0.3,0.5,0.00045,0.1622,0.1616
5,10000,1,0.1,0.3,0.5,0.00045,0.17146,0.17166
0,10000,1,0.1,0.3,0.5,0.00037,0.20072,0.19956
1,10000,1,0.1,0.3,0.5,0.00037,0.18076,0.17842
2,10000,1,0.1,0.3,0.5,0.00037,0.18597,0.18597
3,10000,1,0.1,0.3,0.5,0.00037,0.19997,0.19828
4,10000,1,0.1,0.3,0.5,0.00037,0.17958,0.17931
5,10000,1,0.1,0.3,0.5,0.00037,0.18936,0.18968
0,10000,1,0.1,0.3,0.5,0.00031,0.22065,0.21985
1,10000,1,0.1,0.3,0.5,0.00031,0.2002,0.19853
2,10000,1,0.1,0.3,0.5,0.00031,0.20669,0.2068
3,10000,1,0.1,0.3,0.5,0.00031,0.21948,0.21829
4,10000,1,0.1,0.3,0.5,0.00031,0.19911,0.19902
5,10000,1,0.1,0.3,0.5,0.00031,0.20929,0.20964
0,10000,1,0.1,0.3,0.5,0.00026,0.24266,0.24211
1,10000,1,0.1,0.3,0.5,0.00026,0.22195,0.22076
2,10000,1,0.1,0.3,0.5,0.00026,0.22954,0.22969
3,10000,1,0.1,0.3,0.5,0.00026,0.24101,0.24016
4,10000,1,0.1,0.3,0.5,0.00026,0.22092,0.22092
5,10000,1,0.1,0.3,0.5,0.00026,0.23141,0.23174
0,10000,1,0.1,0.3,0.5,0.00021,0.26696,0.26658
1,10000,1,0.1,0.3,0.5,0.00021,0.24616,0.24532
2,10000,1,0.1,0.3,0.5,0.00021,0.25463,0.25479
3,10000,1,0.1,0.3,0.5,0.00021,0.2647,0.2641
4,10000,1,0.1,0.3,0.5,0.00021,0.24515,0.24519
5,10000,1,0.1,0.3,0.5,0.00021,0.2559,0.25619
0,10000,1,0.1,0.3,0.5,0.00018,0.29379,0.29353
1,10000,1,0.1,0.3,0.5,0.00018,0.27303,0.27242
2,10000,1,0.1,0.3,0.5,0.00018,0.28212,0.28226
3,10000,1,0.1,0.3,0.5,0.00018,0.29078,0.29034
4,10000,1,0.1,0.3,0.5,0.00018,0.27199,0.27205
5,10000,1,0.1,0.3,0.5,0.00018,0.28295,0.2832
0,10000,1,0.1,0.3,0.5,0.00015,0.32343,0.32325
1,10000,1,0.1,0.3,0.5,0.00015,0.30275,0.30231
2,10000,1,0.1,0.3,0.5,0.00015,0.31221,0.31234
3,10000,1,0.1,0.3,0.5,0.00015,0.3195,0.31919
4,10000,1,0.1,0.3,0.5,0.00015,0.30168,0.30174
5,10000,1,0.1,0.3,0.5,0.00015,0.31279,0.31299
0,10000,1,0.1,0.3,0.5,0.00012,0.35616,0.35603
1,10000,1,0.1,0.3,0.5,0.00012,0.33556,0.33524
2,10000,1,0.1,0.3,0.5,0.00012,0.34514,0.34525
3,10000,1,0.1,0.3,0.5,0.00012,0.3512,0.35097
4,10000,1,0.1,0.3,0.5,0.00012,0.33451,0.33457
5,10000,1,0.1,0.3,0.5,0.00012,0.34563,0.34579
0,10000,1,0.1,0.3,0.5,0.0001,0.39226,0.39216
1,10000,1,0.1,0.3,0.5,0.0001,0.37172,0.37149
2,10000,1,0.1,0.3,0.5,0.0001,0.3812,0.38128
3,10000,1,0.1,0.3,0.5,0.0001,0.38623,0.38606
4,10000,1,0.1,0.3,0.5,0.0001,0.37081,0.37086
5,10000,1,0.1,0.3,0.5,0.0001,0.38174,0.38186
0,10000,1,0.1,0.3,0.5,1.0,0.74626,0.0017
1,10000,1,0.1,0.3,0.5,1.0,0.74628,0.00169
2,10000,1,0.1,0.3,0.5,1.0,0.74627,0.0017
3,10000,1,0.1,0.3,0.5,1.0,0.74626,0.00171
4,10000,1,0.1,0.3,0.5,1.0,0.74626,0.00171
5,10000,1,0.1,0.3,0.5,1.0,0.74627,0.0017
0,10000,1,0.1,0.3,0.5,0.82864,0.74557,0.00247
1,10000,1,0.1,0.3,0.5,0.82864,0.74559,0.00244
2,10000,1,0.1,0.3,0.5,0.82864,0.74558,0.00245
3,10000,1,0.1,0.3,0.5,0.82864,0.74556,0.00248
4,10000,1,0.1,0.3,0.5,0.82864,0.74557,0.00247
5,10000,1,0.1,0.3,0.5,0.82864,0.74557,0.00246
0,10000,1,0.1,0.3,0.5,0.68665,0.74457,0.00356
1,10000,1,0.1,0.3,0.5,0.68665,0.7446,0.00353
2,10000,1,0.1,0.3,0.5,0.68665,0.74458,0.00354
3,10000,1,0.1,0.3,0.5,0.68665,0.74455,0.00358
4,10000,1,0.1,0.3,0.5,0.68665,0.74456,0.00356
5,10000,1,0.1,0.3,0.5,0.68665,0.74458,0.00355
0,10000,1,0.1,0.3,0.5,0.56899,0.74313,0.00512
1,10000,1,0.1,0.3,0.5,0.56899,0.74318,0.00507
2,10000,1,0.1,0.3,0.5,0.56899,0.74316,0.00509
3,10000,1,0.1,0.3,0.5,0.56899,0.74311,0.00514
4,10000,1,0.1,0.3,0.5,0.56899,0.74313,0.00512
5,10000,1,0.1,0.3,0.5,0.56899,0.74315,0.0051
0,10000,1,0.1,0.3,0.5,0.47149,0.74109,0.0073
1,10000,1,0.1,0.3,0.5,0.47149,0.74115,0.00724
2,10000,1,0.1,0.3,0.5,0.47149,0.74112,0.00726
3,10000,1,0.1,0.3,0.5,0.47149,0.74106,0.00734
4,10000,1,0.1,0.3,0.5,0.47149,0.74109,0.00731
5,10000,1,0.1,0.3,0.5,0.47149,0.74111,0.00728
0,10000,1,0.1,0.3,0.5,0.39069,0.73819,0.01024
1,10000,1,0.1,0.3,0.5,0.39069,0.73828,0.01014
2,10000,1,0.1,0.3,0.5,0.39069,0.73824,0.01018
3,10000,1,0.1,0.3,0.5,0.39069,0.73814,0.01029
4,10000,1,0.1,0.3,0.5,0.39069,0.73818,0.01024
5,10000,1,0.1,0.3,0.5,0.39069,0.73822,0.0102
0,10000,1,0.1,0.3,0.5,0.32375,0.7341,0.01388
1,10000,1,0.1,0.3,0.5,0.32375,0.73423,0.01375
2,10000,1,0.1,0.3,0.5,0.32375,0.73418,0.0138
3,10000,1,0.1,0.3,0.5,0.32375,0.73404,0.01396
4,10000,1,0.1,0.3,0.5,0.32375,0.7341,0.01389
5,10000,1,0.1,0.3,0.5,0.32375,0.73415,0.01383
0,10000,1,0.1,0.3,0.5,0.26827,0.72841,0.01787
1,10000,1,0.1,0.3,0.5,0.26827,0.72859,0.01768
2,10000,1,0.1,0.3,0.5,0.26827,0.72851,0.01776
3,10000,1,0.1,0.3,0.5,0.26827,0.72832,0.01798
4,10000,1,0.1,0.3,0.5,0.26827,0.7284,0.01789
5,10000,1,0.1,0.3,0.5,0.26827,0.72848,0.01779
0,10000,1,0.1,0.3,0.5,0.2223,0.72055,0.02149
1,10000,1,0.1,0.3,0.5,0.2223,0.72081,0.02123
2,10000,1,0.1,0.3,0.5,0.2223,0.7207,0.02133
3,10000,1,0.1,0.3,0.5,0.2223,0.72043,0.02164
4,10000,1,0.1,0.3,0.5,0.2223,0.72054,0.02151
5,10000,1,0.1,0.3,0.5,0.2223,0.72065,0.02138
0,10000,1,0.1,0.3,0.5,0.18421,0.70989,0.02378
1,10000,1,0.1,0.3,0.5,0.18421,0.71025,0.02342
2,10000,1,0.1,0.3,0.5,0.18421,0.71009,0.02355
3,10000,1,0.1,0.3,0.5,0.18421,0.70971,0.02399
4,10000,1,0.1,0.3,0.5,0.18421,0.70987,0.02381
5,10000,1,0.1,0.3,0.5,0.18421,0.71003,0.02363
0,10000,1,0.1,0.3,0.5,0.15264,0.6957,0.024
1,10000,1,0.1,0.3,0.5,0.15264,0.6962,0.02353
2,10000,1,0.1,0.3,0.5,0.15264,0.69598,0.02368
3,10000,1,0.1,0.3,0.5,0.15264,0.69546,0.02431
4,10000,1,0.1,0.3,0.5,0.15264,0.69568,0.02406
5,10000,1,0.1,0.3,0.5,0.15264,0.6959,0.02379
0,10000,1,0.1,0.3,0.5,0.12649,0.67729,0.02193
1,10000,1,0.1,0.3,0.5,0.12649,0.67796,0.02134
2,10000,1,0.1,0.3,0.5,0.12649,0.67767,0.0215
3,10000,1,0.1,0.3,0.5,0.12649,0.67696,0.02237
4,10000,1,0.1,0.3,0.5,0.12649,0.67726,0.02203
5,10000,1,0.1,0.3,0.5,0.12649,0.67756,0.02166
0,10000,1,0.1,0.3,0.5,0.10481,0.65413,0.01803
1,10000,1,0.1,0.3,0.5,0.10481,0.65503,0.01739
2,10000,1,0.1,0.3,0.5,0.10481,0.65464,0.01746
3,10000,1,0.1,0.3,0.5,0.10481,0.6537,0.01868
4,10000,1,0.1,0.3,0.5,0.10481,0.65409,0.01823
5,10000,1,0.1,0.3,0.5,0.10481,0.65449,0.0177
0,10000,1,0.1,0.3,0.5,0.08685,0.62608,0.01332
1,10000,1,0.1,0.3,0.5,0.08685,0.62724,0.01286
2,10000,1,0.1,0.3,0.5,0.08685,0.62673,0.01257
3,10000,1,0.1,0.3,0.5,0.08685,0.62552,0.0143
4,10000,1,0.1,0.3,0.5,0.08685,0.62603,0.01371
5,10000,1,0.1,0.3,0.5,0.08685,0.62655,0.01297
0,10000,1,0.1,0.3,0.5,0.07197,0.59355,0.00896
1,10000,1,0.1,0.3,0.5,0.07197,0.595,0.00939
2,10000,1,0.1,0.3,0.5,0.07197,0.59436,0.00803
3,10000,1,0.1,0.3,0.5,0.07197,0.59287,0.01052
4,10000,1,0.1,0.3,0.5,0.07197,0.59349,0.00979
5,10000,1,0.1,0.3,0.5,0.07197,0.59413,0.00877
0,10000,1,0.1,0.3,0.5,0.05964,0.55759,0.00593
1,10000,1,0.1,0.3,0.5,0.05964,0.55932,0.00837
2,10000,1,0.1,0.3,0.5,0.05964,0.55858,0.00494
3,10000,1,0.1,0.3,0.5,0.05964,0.55679,0.00842
4,10000,1,0.1,0.3,0.5,0.05964,0.55753,0.0076
5,10000,1,0.1,0.3,0.5,0.05964,0.55829,0.00635
0,10000,1,0.1,0.3,0.5,0.04942,0.51975,0.00473
1,10000,1,0.1,0.3,0.5,0.04942,0.52174,0.0095
2,10000,1,0.1,0.3,0.5,0.04942,0.52092,0.00418
3,10000,1,0.1,0.3,0.5,0.04942,0.51889,0.00835
4,10000,1,0.1,0.3,0.5,0.04942,0.5197,0.00731
5,10000,1,0.1,0.3,0.5,0.04942,0.52056,0.00623
0,10000,1,0.1,0.3,0.5,0.04095,0.48175,0.00494
1,10000,1,0.1,0.3,0.5,0.04095,0.48388,0.01125
2,10000,1,0.1,0.3,0.5,0.04095,0.48308,0.00488
3,10000,1,0.1,0.3,0.5,0.04095,0.4809,0.00911
4,10000,1,0.1,0.3,0.5,0.04095,0.48172,0.00819
5,10000,1,0.1,0.3,0.5,0.04095,0.48261,0.00732
0,10000,1,0.1,0.3,0.5,0.03393,0.445,0.00586
1,10000,1,0.1,0.3,0.5,0.03393,0.44714,0.01317
2,10000,1,0.1,0.3,0.5,0.03393,0.44646,0.0062
3,10000,1,0.1,0.3,0.5,0.03393,0.44429,0.01046
4,10000,1,0.1,0.3,0.5,0.03393,0.44503,0.00953
5,10000,1,0.1,0.3,0.5,0.03393,0.44587,0.00892
0,10000,1,0.1,0.3,0.5,0.02812,0.41039,0.00708
1,10000,1,0.1,0.3,0.5,0.02812,0.41235,0.01519
2,10000,1,0.1,0.3,0.5,0.02812,0.41194,0.00778
3,10000,1,0.1,0.3,0.5,0.02812,0.40996,0.01213
4,10000,1,0.1,0.3,0.5,0.02812,0.4105,0.0111
5,10000,1,0.1,0.3,0.5,0.02812,0.4112,0.01082
0,10000,1,0.1,0.3,0.5,0.0233,0.37821,0.0085
1,10000,1,0.1,0.3,0.5,0.0233,0.37977,0.01737
2,10000,1,0.1,0.3,0.5,0.0233,0.37978,0.00958
3,10000,1,0.1,0.3,0.5,0.0233,0.37826,0.01409
4,10000,1,0.1,0.3,0.5,0.0233,0.37842,0.01284
5,10000,1,0.1,0.3,0.5,0.0233,0.37887,0.01305
0,10000,1,0.1,0.3,0.5,0.01931,0.34829,0.01016
1,10000,1,0.1,0.3,0.5,0.01931,0.34923,0.01977
2,10000,1,0.1,0.3,0.5,0.01931,0.34978,0.01158
3,10000,1,0.1,0.3,0.5,0.01931,0.34902,0.01639
4,10000,1,0.1,0.3,0.5,0.01931,0.34863,0.01477
5,10000,1,0.1,0.3,0.5,0.01931,0.34872,0.0157
0,10000,1,0.1,0.3,0.5,0.016,0.32024,0.01211
1,10000,1,0.1,0.3,0.5,0.016,0.32034,0.02248
2,10000,1,0.1,0.3,0.5,0.016,0.32151,0.0138
3,10000,1,0.1,0.3,0.5,0.016,0.32186,0.01914
4,10000,1,0.1,0.3,0.5,0.016,0.32069,0.01694
5,10000,1,0.1,0.3,0.5,0.016,0.32035,0.01881
0,10000,1,0.1,0.3,0.5,0.01326,0.2936,0.01444
1,10000,1,0.1,0.3,0.5,0.01326,0.29268,0.02554
2,10000,1,0.1,0.3,0.5,0.01326,0.29449,0.01624
3,10000,1,0.1,0.3,0.5,0.01326,0.29636,0.02244
4,10000,1,0.1,0.3,0.5,0.01326,0.29416,0.01943
5,10000,1,0.1,0.3,0.5,0.01326,0.29334,0.02243
0,10000,1,0.1,0.3,0.5,0.01099,0.26807,0.0172
1,10000,1,0.1,0.3,0.5,0.01099,0.26598,0.02898
2,10000,1,0.1,0.3,0.5,0.01099,0.26838,0.01895
3,10000,1,0.1,0.3,0.5,0.01099,0.27219,0.02632
4,10000,1,0.1,0.3,0.5,0.01099,0.2687,0.02231
5,10000,1,0.1,0.3,0.5,0.01099,0.2674,0.02653
0,10000,1,0.1,0.3,0.5,0.0091,0.24353,0.0204
1,10000,1,0.1,0.3,0.5,0.0091,0.24018,0.03279
2,10000,1,0.1,0.3,0.5,0.0091,0.24305,0.02194
3,10000,1,0.1,0.3,0.5,0.0091,0.24921,0.03073
4,10000,1,0.1,0.3,0.5,0.0091,0.24418,0.02564
5,10000,1,0.1,0.3,0.5,0.0091,0.24246,0.03111
0,10000,1,0.1,0.3,0.5,0.00754,0.22005,0.02405
1,10000,1,0.1,0.3,0.5,0.00754,0.21543,0.03695
2,10000,1,0.1,0.3,0.5,0.00754,0.21857,0.02526
3,10000,1,0.1,0.3,0.5,0.00754,0.22746,0.03561
4,10000,1,0.1,0.3,0.5,0.00754,0.22069,0.02949
5,10000,1,0.1,0.3,0.5,0.00754,0.21865,0.03614
0,10000,1,0.1,0.3,0.5,0.00625,0.19785,0.02817
1,10000,1,0.1,0.3,0.5,0.00625,0.19207,0.04145
2,10000,1,0.1,0.3,0.5,0.00625,0.19518,0.02894
3,10000,1,0.1,0.3,0.5,0.00625,0.20712,0.04086
4,10000,1,0.1,0.3,0.5,0.00625,0.19846,0.03387
5,10000,1,0.1,0.3,0.5,0.00625,0.19627,0.04162
0,10000,1,0.1,0.3,0.5,0.00518,0.17726,0.03277
1,10000,1,0.1,0.3,0.5,0.00518,0.17051,0.04631
2,10000,1,0.1,0.3,0.5,0.00518,0.17327,0.03306
3,10000,1,0.1,0.3,0.5,0.00518,0.18846,0.04641
4,10000,1,0.1,0.3,0.5,0.00518,0.17786,0.0388
5,10000,1,0.1,0.3,0.5,0.00518,0.17576,0.04753
0,10000,1,0.1,0.3,0.5,0.00429,0.15863,0.03791
1,10000,1,0.1,0.3,0.5,0.00429,0.15124,0.0516
2,10000,1,0.1,0.3,0.5,0.00429,0.15323,0.0377
3,10000,1,0.1,0.3,0.5,0.00429,0.17176,0.05223
4,10000,1,0.1,0.3,0.5,0.00429,0.1593,0.0443
5,10000,1,0.1,0.3,0.5,0.00429,0.15756,0.05386
0,10000,1,0.1,0.3,0.5,0.00356,0.14235,0.04363
1,10000,1,0.1,0.3,0.5,0.00356,0.13477,0.05738
2,10000,1,0.1,0.3,0.5,0.00356,0.13554,0.04294
3,10000,1,0.1,0.3,0.5,0.00356,0.15729,0.05832
4,10000,1,0.1,0.3,0.5,0.00356,0.14321,0.0504
5,10000,1,0.1,0.3,0.5,0.00356,0.14216,0.0606
0,10000,1,0.1,0.3,0.5,0.00295,0.12878,0.04997
1,10000,1,0.1,0.3,0.5,0.00295,0.12161,0.06375
2,10000,1,0.1,0.3,0.5,0.00295,0.12068,0.04887
3,10000,1,0.1,0.3,0.5,0.00295,0.1453,0.06472
4,10000,1,0.1,0.3,0.5,0.00295,0.13003,0.05716
5,10000,1,0.1,0.3,0.5,0.00295,0.12997,0.06777
0,10000,1,0.1,0.3,0.5,0.00244,0.11825,0.05696
1,10000,1,0.1,0.3,0.5,0.00244,0.1122,0.07078
2,10000,1,0.1,0.3,0.5,0.00244,0.10913,0.05556
3,10000,1,0.1,0.3,0.5,0.00244,0.13598,0.07149
4,10000,1,0.1,0.3,0.5,0.00244,0.12016,0.06466
5,10000,1,0.1,0.3,0.5,0.00244,0.12129,0.07538
0,10000,1,0.1,0.3,0.5,0.00202,0.11102,0.06465
1,10000,1,0.1,0.3,0.5,0.00202,0.1068,0.07852
2,10000,1,0.1,0.3,0.5,0.00202,0.10132,0.06305
3,10000,1,0.1,0.3,0.5,0.00202,0.12948,0.07877
4,10000,1,0.1,0.3,0.5,0.00202,0.11394,0.07296
5,10000,1,0.1,0.3,0.5,0.00202,0.11628,0.08348
0,10000,1,0.1,0.3,0.5,0.00168,0.10725,0.07307
1,10000,1,0.1,0.3,0.5,0.00168,0.1054,0.08701
2,10000,1,0.1,0.3,0.5,0.00168,0.09755,0.07141
3,10000,1,0.1,0.3,0.5,0.00168,0.12589,0.08667
4,10000,1,0.1,0.3,0.5,0.00168,0.11149,0.08213
5,10000,1,0.1,0.3,0.5,0.00168,0.11488,0.09215
0,10000,1,0.1,0.3,0.5,0.00139,0.10693,0.08232
1,10000,1,0.1,0.3,0.5,0.00139,0.10768,0.0963
2,10000,1,0.1,0.3,0.5,0.00139,0.09781,0.08072
3,10000,1,0.1,0.3,0.5,0.00139,0.12525,0.09538
4,10000,1,0.1,0.3,0.5,0.00139,0.11273,0.09221
5,10000,1,0.1,0.3,0.5,0.00139,0.11681,0.10149
0,10000,1,0.1,0.3,0.5,0.00115,0.1099,0.09251
1,10000,1,0.1,0.3,0.5,0.00115,0.11313,0.10644
2,10000,1,0.1,0.3,0.5,0.00115,0.10182,0.09109
3,10000,1,0.1,0.3,0.5,0.00115,0.12753,0.10508
4,10000,1,0.1,0.3,0.5,0.00115,0.11732,0.10325
5,10000,1,0.1,0.3,0.5,0.00115,0.12171,0.1116
0,10000,1,0.1,0.3,0.5,0.00095,0.11593,0.1038
1,10000,1,0.1,0.3,0.5,0.00095,0.12124,0.11755
2,10000,1,0.1,0.3,0.5,0.00095,0.10912,0.10261
3,10000,1,0.1,0.3,0.5,0.00095,0.13264,0.11594
4,10000,1,0.1,0.3,0.5,0.00095,0.12484,0.1153
5,10000,1,0.1,0.3,0.5,0.00095,0.12917,0.12263
0,10000,1,0.1,0.3,0.5,0.00079,0.12478,0.11639
1,10000,1,0.1,0.3,0.5,0.00079,0.13162,0.12976
2,10000,1,0.1,0.3,0.5,0.00079,0.11924,0.11542
3,10000,1,0.1,0.3,0.5,0.00079,0.14043,0.1281
4,10000,1,0.1,0.3,0.5,0.00079,0.13487,0.12845
5,10000,1,0.1,0.3,0.5,0.00079,0.13888,0.13471
0,10000,1,0.1,0.3,0.5,0.00066,0.13626,0.13047
1,10000,1,0.1,0.3,0.5,0.00066,0.14402,0.14323
2,10000,1,0.1,0.3,0.5,0.00066,0.1318,0.12965
3,10000,1,0.1,0.3,0.5,0.00066,0.15072,0.14166
4,10000,1,0.1,0.3,0.5,0.00066,0.14712,0.14281
5,10000,1,0.1,0.3,0.5,0.00066,0.15061,0.14798
0,10000,1,0.1,0.3,0.5,0.00054,0.1502,0.14621
1,10000,1,0.1,0.3,0.5,0.00054,0.1583,0.15811
2,10000,1,0.1,0.3,0.5,0.00054,0.14658,0.14542
3,10000,1,0.1,0.3,0.5,0.00054,0.16337,0.15672
4,10000,1,0.1,0.3,0.5,0.00054,0.16142,0.15852
5,10000,1,0.1,0.3,0.5,0.00054,0.16425,0.16261
0,10000,1,0.1,0.3,0.5,0.00045,0.16649,0.16374
1,10000,1,0.1,0.3,0.5,0.00045,0.17443,0.17454
2,10000,1,0.1,0.3,0.5,0.00045,0.16346,0.16288
3,10000,1,0.1,0.3,0.5,0.00045,0.17823,0.17335
4,10000,1,0.1,0.3,0.5,0.00045,0.17771,0.17575
5,10000,1,0.1,0.3,0.5,0.00045,0.17978,0.17876
0,10000,1,0.1,0.3,0.5,0.00037,0.18505,0.18313
1,10000,1,0.1,0.3,0.5,0.00037,0.1924,0.19265
2,10000,1,0.1,0.3,0.5,0.00037,0.18242,0.18217
3,10000,1,0.1,0.3,0.5,0.00037,0.19527,0.19169
4,10000,1,0.1,0.3,0.5,0.00037,0.19601,0.19468
5,10000,1,0.1,0.3,0.5,0.00037,0.19724,0.19661
0,10000,1,0.1,0.3,0.5,0.00031,0.20581,0.20447
1,10000,1,0.1,0.3,0.5,0.00031,0.2123,0.21259
2,10000,1,0.1,0.3,0.5,0.00031,0.2035,0.20343
3,10000,1,0.1,0.3,0.5,0.00031,0.21449,0.21186
4,10000,1,0.1,0.3,0.5,0.00031,0.21637,0.21546
5,10000,1,0.1,0.3,0.5,0.00031,0.21672,0.21634
0,10000,1,0.1,0.3,0.5,0.00026,0.22877,0.22782
1,10000,1,0.1,0.3,0.5,0.00026,0.23424,0.23453
2,10000,1,0.1,0.3,0.5,0.00026,0.22677,0.22679
3,10000,1,0.1,0.3,0.5,0.00026,0.23599,0.23405
4,10000,1,0.1,0.3,0.5,0.00026,0.23888,0.23826
5,10000,1,0.1,0.3,0.5,0.00026,0.23837,0.23814
0,10000,1,0.1,0.3,0.5,0.00021,0.25397,0.25329
1,10000,1,0.1,0.3,0.5,0.00021,0.25843,0.25869
2,10000,1,0.1,0.3,0.5,0.00021,0.25235,0.2524
3,10000,1,0.1,0.3,0.5,0.00021,0.25989,0.25846
4,10000,1,0.1,0.3,0.5,0.00021,0.26366,0.26323
5,10000,1,0.1,0.3,0.5,0.00021,0.26232,0.26219
0,10000,1,0.1,0.3,0.5,0.00018,0.28151,0.28102
1,10000,1,0.1,0.3,0.5,0.00018,0.28509,0.28531
2,10000,1,0.1,0.3,0.5,0.00018,0.28034,0.28042
3,10000,1,0.1,0.3,0.5,0.00018,0.28641,0.28535
4,10000,1,0.1,0.3,0.5,0.00018,0.29086,0.29056
5,10000,1,0.1,0.3,0.5,0.00018,0.28879,0.28871
0,10000,1,0.1,0.3,0.5,0.00015,0.31158,0.31123
1,10000,1,0.1,0.3,0.5,0.00015,0.31451,0.3147
2,10000,1,0.1,0.3,0.5,0.00015,0.31092,0.31099
3,10000,1,0.1,0.3,0.5,0.00015,0.31576,0.31497
4,10000,1,0.1,0.3,0.5,0.00015,0.32066,0.32045
5,10000,1,0.1,0.3,0.5,0.00015,0.31798,0.31793
0,10000,1,0.1,0.3,0.5,0.00012,0.34445,0.34419
1,10000,1,0.1,0.3,0.5,0.00012,0.34701,0.34716
2,10000,1,0.1,0.3,0.5,0.00012,0.34428,0.34435
3,10000,1,0.1,0.3,0.5,0.00012,0.34821,0.34763
4,10000,1,0.1,0.3,0.5,0.00012,0.3533,0.35315
5,10000,1,0.1,0.3,0.5,0.00012,0.35017,0.35015
0,10000,1,0.1,0.3,0.5,0.0001,0.38041,0.38022
1,10000,1,0.1,0.3,0.5,0.0001,0.38292,0.38304
2,10000,1,0.1,0.3,0.5,0.0001,0.38068,0.38074
3,10000,1,0.1,0.3,0.5,0.0001,0.38407,0.38364
4,10000,1,0.1,0.3,0.5,0.0001,0.3891,0.38899
5,10000,1,0.1,0.3,0.5,0.0001,0.38567,0.38566
0,10000,1,0.1,0.3,0.5,1.0,0.74622,0.0017
1,10000,1,0.1,0.3,0.5,1.0,0.74622,0.0017
2,10000,1,0.1,0.3,0.5,1.0,0.74622,0.00169
3,10000,1,0.1,0.3,0.5,1.0,0.74622,0.0017
4,10000,1,0.1,0.3,0.5,1.0,0.74624,0.00167
5,10000,1,0.1,0.3,0.5,1.0,0.7462,0.00171
0,10000,1,0.1,0.3,0.5,0.82864,0.74553,0.00245
1,10000,1,0.1,0.3,0.5,0.82864,0.74552,0.00246
2,10000,1,0.1,0.3,0.5,0.82864,0.74553,0.00244
3,10000,1,0.1,0.3,0.5,0.82864,0.74553,0.00245
4,10000,1,0.1,0.3,0.5,0.82864,0.74556,0.00241
5,10000,1,0.1,0.3,0.5,0.82864,0.7455,0.00248
0,10000,1,0.1,0.3,0.5,0.68665,0.74453,0.00354
1,10000,1,0.1,0.3,0.5,0.68665,0.74452,0.00354
2,10000,1,0.1,0.3,0.5,0.68665,0.74454,0.00352
3,10000,1,0.1,0.3,0.5,0.68665,0.74453,0.00354
4,10000,1,0.1,0.3,0.5,0.68665,0.74458,0.00348
5,10000,1,0.1,0.3,0.5,0.68665,0.7445,0.00358
0,10000,1,0.1,0.3,0.5,0.56899,0.74311,0.00509
1,10000,1,0.1,0.3,0.5,0.56899,0.7431,0.0051
2,10000,1,0.1,0.3,0.5,0.56899,0.74312,0.00507
3,10000,1,0.1,0.3,0.5,0.56899,0.7431,0.00509
4,10000,1,0.1,0.3,0.5,0.56899,0.74318,0.00501
5,10000,1,0.1,0.3,0.5,0.56899,0.74306,0.00514
0,10000,1,0.1,0.3,0.5,0.47149,0.74107,0.00727
1,10000,1,0.1,0.3,0.5,0.47149,0.74106,0.00728
2,10000,1,0.1,0.3,0.5,0.47149,0.7411,0.00724
3,10000,1,0.1,0.3,0.5,0.47149,0.74107,0.00727
4,10000,1,0.1,0.3,0.5,0.47149,0.74118,0.00715
5,10000,1,0.1,0.3,0.5,0.47149,0.741,0.00734
0,10000,1,0.1,0.3,0.5,0.39069,0.73819,0.01018
1,10000,1,0.1,0.3,0.5,0.39069,0.73817,0.0102
2,10000,1,0.1,0.3,0.5,0.39069,0.73823,0.01014
3,10000,1,0.1,0.3,0.5,0.39069,0.73819,0.01019
4,10000,1,0.1,0.3,0.5,0.39069,0.73834,0.01001
5,10000,1,0.1,0.3,0.5,0.39069,0.73809,0.01029
0,10000,1,0.1,0.3,0.5,0.32375,0.73413,0.0138
1,10000,1,0.1,0.3,0.5,0.32375,0.7341,0.01383
2,10000,1,0.1,0.3,0.5,0.32375,0.73418,0.01374
3,10000,1,0.1,0.3,0.5,0.32375,0.73412,0.01381
4,10000,1,0.1,0.3,0.5,0.32375,0.73434,0.01356
5,10000,1,0.1,0.3,0.5,0.32375,0.73398,0.01396
0,10000,1,0.1,0.3,0.5,0.26827,0.72846,0.01776
1,10000,1,0.1,0.3,0.5,0.26827,0.72843,0.01779
2,10000,1,0.1,0.3,0.5,0.26827,0.72854,0.01767
3,10000,1,0.1,0.3,0.5,0.26827,0.72846,0.01777
4,10000,1,0.1,0.3,0.5,0.26827,0.72877,0.01742
5,10000,1,0.1,0.3,0.5,0.26827,0.72826,0.01798
0,10000,1,0.1,0.3,0.5,0.2223,0.72065,0.02134
1,10000,1,0.1,0.3,0.5,0.2223,0.7206,0.02138
2,10000,1,0.1,0.3,0.5,0.2223,0.72076,0.02122
3,10000,1,0.1,0.3,0.5,0.2223,0.72064,0.02135
4,10000,1,0.1,0.3,0.5,0.2223,0.72108,0.02086
5,10000,1,0.1,0.3,0.5,0.2223,0.72037,0.02164
0,10000,1,0.1,0.3,0.5,0.18421,0.71004,0.02357
1,10000,1,0.1,0.3,0.5,0.18421,0.70998,0.02363
2,10000,1,0.1,0.3,0.5,0.18421,0.7102,0.0234
3,10000,1,0.1,0.3,0.5,0.18421,0.71004,0.02359
4,10000,1,0.1,0.3,0.5,0.18421,0.71065,0.0229
5,10000,1,0.1,0.3,0.5,0.18421,0.70966,0.024
0,10000,1,0.1,0.3,0.5,0.15264,0.69593,0.02372
1,10000,1,0.1,0.3,0.5,0.15264,0.69585,0.0238
2,10000,1,0.1,0.3,0.5,0.15264,0.69615,0.02351
3,10000,1,0.1,0.3,0.5,0.15264,0.69593,0.02376
4,10000,1,0.1,0.3,0.5,0.15264,0.69676,0.0228
5,10000,1,0.1,0.3,0.5,0.15264,0.6954,0.02431
0,10000,1,0.1,0.3,0.5,0.12649,0.67762,0.02157
1,10000,1,0.1,0.3,0.5,0.12649,0.67751,0.02168
2,10000,1,0.1,0.3,0.5,0.12649,0.67791,0.0213
3,10000,1,0.1,0.3,0.5,0.12649,0.67762,0.02164
4,10000,1,0.1,0.3,0.5,0.12649,0.67874,0.02034
5,10000,1,0.1,0.3,0.5,0.12649,0.67691,0.02238
0,10000,1,0.1,0.3,0.5,0.10481,0.65459,0.01761
1,10000,1,0.1,0.3,0.5,0.10481,0.65444,0.01774
2,10000,1,0.1,0.3,0.5,0.10481,0.65497,0.0173
3,10000,1,0.1,0.3,0.5,0.10481,0.65459,0.01775
4,10000,1,0.1,0.3,0.5,0.10481,0.65607,0.016
5,10000,1,0.1,0.3,0.5,0.10481,0.65365,0.0187
0,10000,1,0.1,0.3,0.5,0.08685,0.62668,0.0129
1,10000,1,0.1,0.3,0.5,0.08685,0.6265,0.01302
2,10000,1,0.1,0.3,0.5,0.08685,0.62718,0.01266
3,10000,1,0.1,0.3,0.5,0.08685,0.62669,0.01324
4,10000,1,0.1,0.3,0.5,0.08685,0.6286,0.01092
5,10000,1,0.1,0.3,0.5,0.08685,0.62547,0.01434
0,10000,1,0.1,0.3,0.5,0.07197,0.59431,0.00881
1,10000,1,0.1,0.3,0.5,0.07197,0.59408,0.00883
2,10000,1,0.1,0.3,0.5,0.07197,0.59492,0.00889
3,10000,1,0.1,0.3,0.5,0.07197,0.59433,0.00962
4,10000,1,0.1,0.3,0.5,0.07197,0.59671,0.00683
5,10000,1,0.1,0.3,0.5,0.07197,0.59279,0.01061
0,10000,1,0.1,0.3,0.5,0.05964,0.55852,0.00659
1,10000,1,0.1,0.3,0.5,0.05964,0.55824,0.00631
2,10000,1,0.1,0.3,0.5,0.05964,0.55924,0.00743
3,10000,1,0.1,0.3,0.5,0.05964,0.55855,0.00828
4,10000,1,0.1,0.3,0.5,0.05964,0.56142,0.00591
5,10000,1,0.1,0.3,0.5,0.05964,0.55667,0.00859
0,10000,1,0.1,0.3,0.5,0.04942,0.52086,0.00667
1,10000,1,0.1,0.3,0.5,0.04942,0.5205,0.00589
2,10000,1,0.1,0.3,0.5,0.04942,0.52165,0.00812
3,10000,1,0.1,0.3,0.5,0.04942,0.52089,0.00918
4,10000,1,0.1,0.3,0.5,0.04942,0.52422,0.00775
5,10000,1,0.1,0.3,0.5,0.04942,0.51866,0.00858
0,10000,1,0.1,0.3,0.5,0.04095,0.48302,0.00762
1,10000,1,0.1,0.3,0.5,0.04095,0.48256,0.00658
2,10000,1,0.1,0.3,0.5,0.04095,0.48379,0.00957
3,10000,1,0.1,0.3,0.5,0.04095,0.48302,0.01105
4,10000,1,0.1,0.3,0.5,0.04095,0.48675,0.00987
5,10000,1,0.1,0.3,0.5,0.04095,0.48045,0.00956
0,10000,1,0.1,0.3,0.5,0.03393,0.44641,0.00899
1,10000,1,0.1,0.3,0.5,0.03393,0.44582,0.00772
2,10000,1,0.1,0.3,0.5,0.03393,0.44707,0.01115
3,10000,1,0.1,0.3,0.5,0.03393,0.44637,0.01335
4,10000,1,0.1,0.3,0.5,0.03393,0.45037,0.01199
5,10000,1,0.1,0.3,0.5,0.03393,0.44347,0.01113
0,10000,1,0.1,0.3,0.5,0.02812,0.41192,0.01058
1,10000,1,0.1,0.3,0.5,0.02812,0.41114,0.00913
2,10000,1,0.1,0.3,0.5,0.02812,0.41231,0.01275
3,10000,1,0.1,0.3,0.5,0.02812,0.41179,0.0159
4,10000,1,0.1,0.3,0.5,0.02812,0.41595,0.01416
5,10000,1,0.1,0.3,0.5,0.02812,0.40859,0.01299
0,10000,1,0.1,0.3,0.5,0.0233,0.37983,0.01236
1,10000,1,0.1,0.3,0.5,0.0233,0.37878,0.01085
2,10000,1,0.1,0.3,0.5,0.0233,0.3798,0.01444
3,10000,1,0.1,0.3,0.5,0.0233,0.37957,0.01869
4,10000,1,0.1,0.3,0.5,0.0233,0.38378,0.01651
5,10000,1,0.1,0.3,0.5,0.0233,0.37607,0.01501
0,10000,1,0.1,0.3,0.5,0.01931,0.34998,0.01438
1,10000,1,0.1,0.3,0.5,0.01931,0.34857,0.01297
2,10000,1,0.1,0.3,0.5,0.01931,0.34936,0.01631
3,10000,1,0.1,0.3,0.5,0.01931,0.34954,0.02169
4,10000,1,0.1,0.3,0.5,0.01931,0.35373,0.0191
5,10000,1,0.1,0.3,0.5,0.01931,0.3457,0.01718
0,10000,1,0.1,0.3,0.5,0.016,0.32198,0.01667
1,10000,1,0.1,0.3,0.5,0.016,0.32008,0.01559
2,10000,1,0.1,0.3,0.5,0.016,0.32058,0.01843
3,10000,1,0.1,0.3,0.5,0.016,0.3213,0.0249
4,10000,1,0.1,0.3,0.5,0.016,0.32546,0.02195
5,10000,1,0.1,0.3,0.5,0.016,0.31706,0.01951
0,10000,1,0.1,0.3,0.5,0.01326,0.29538,0.01926
1,10000,1,0.1,0.3,0.5,0.01326,0.29287,0.01877
2,10000,1,0.1,0.3,0.5,0.01326,0.29304,0.0209
3,10000,1,0.1,0.3,0.5,0.01326,0.29443,0.0283
4,10000,1,0.1,0.3,0.5,0.01326,0.29859,0.02506
5,10000,1,0.1,0.3,0.5,0.01326,0.28968,0.02206
0,10000,1,0.1,0.3,0.5,0.01099,0.26987,0.02222
1,10000,1,0.1,0.3,0.5,0.01099,0.26664,0.02254
2,10000,1,0.1,0.3,0.5,0.01099,0.26645,0.02376
3,10000,1,0.1,0.3,0.5,0.01099,0.26861,0.03191
4,10000,1,0.1,0.3,0.5,0.01099,0.27286,0.02843
5,10000,1,0.1,0.3,0.5,0.01099,0.26324,0.0249
0,10000,1,0.1,0.3,0.5,0.0091,0.24534,0.02561
1,10000,1,0.1,0.3,0.5,0.0091,0.2413,0.02689
2,10000,1,0.1,0.3,0.5,0.0091,0.2407,0.02705
3,10000,1,0.1,0.3,0.5,0.0091,0.24376,0.03571
4,10000,1,0.1,0.3,0.5,0.0091,0.24818,0.03205
5,10000,1,0.1,0.3,0.5,0.0091,0.23766,0.02809
0,10000,1,0.1,0.3,0.5,0.00754,0.22188,0.02947
1,10000,1,0.1,0.3,0.5,0.00754,0.21699,0.03179
2,10000,1,0.1,0.3,0.5,0.00754,0.21591,0.03079
3,10000,1,0.1,0.3,0.5,0.00754,0.21999,0.03971
4,10000,1,0.1,0.3,0.5,0.00754,0.22465,0.03595
5,10000,1,0.1,0.3,0.5,0.00754,0.21304,0.03169
0,10000,1,0.1,0.3,0.5,0.00625,0.19974,0.03386
1,10000,1,0.1,0.3,0.5,0.00625,0.19403,0.03722
2,10000,1,0.1,0.3,0.5,0.00625,0.19237,0.03499
3,10000,1,0.1,0.3,0.5,0.00625,0.19755,0.04393
4,10000,1,0.1,0.3,0.5,0.00625,0.20251,0.04013
5,10000,1,0.1,0.3,0.5,0.00625,0.18971,0.03576
0,10000,1,0.1,0.3,0.5,0.00518,0.17926,0.03884
1,10000,1,0.1,0.3,0.5,0.00518,0.17286,0.04316
2,10000,1,0.1,0.3,0.5,0.00518,0.17048,0.0397
3,10000,1,0.1,0.3,0.5,0.00518,0.1768,0.04838
4,10000,1,0.1,0.3,0.5,0.00518,0.18208,0.04461
5,10000,1,0.1,0.3,0.5,0.00518,0.16807,0.04038
0,10000,1,0.1,0.3,0.5,0.00429,0.16087,0.04446
1,10000,1,0.1,0.3,0.5,0.00429,0.15398,0.04961
2,10000,1,0.1,0.3,0.5,0.00429,0.15071,0.04496
3,10000,1,0.1,0.3,0.5,0.00429,0.15817,0.05314
4,10000,1,0.1,0.3,0.5,0.00429,0.16371,0.0494
5,10000,1,0.1,0.3,0.5,0.00429,0.14862,0.04563
0,10000,1,0.1,0.3,0.5,0.00356,0.14501,0.05079
1,10000,1,0.1,0.3,0.5,0.00356,0.13793,0.05658
2,10000,1,0.1,0.3,0.5,0.00356,0.13359,0.05083
3,10000,1,0.1,0.3,0.5,0.00356,0.14208,0.05831
4,10000,1,0.1,0.3,0.5,0.00356,0.14771,0.05456
5,10000,1,0.1,0.3,0.5,0.00356,0.13191,0.05158
0,10000,1,0.1,0.3,0.5,0.00295,0.13213,0.0579
1,10000,1,0.1,0.3,0.5,0.00295,0.12522,0.06406
2,10000,1,0.1,0.3,0.5,0.00295,0.11964,0.05735
3,10000,1,0.1,0.3,0.5,0.00295,0.12894,0.06404
4,10000,1,0.1,0.3,0.5,0.00295,0.13442,0.06016
5,10000,1,0.1,0.3,0.5,0.00295,0.1185,0.0583
0,10000,1,0.1,0.3,0.5,0.00244,0.12264,0.06585
1,10000,1,0.1,0.3,0.5,0.00244,0.11627,0.0721
2,10000,1,0.1,0.3,0.5,0.00244,0.10939,0.0646
3,10000,1,0.1,0.3,0.5,0.00244,0.11918,0.07049
4,10000,1,0.1,0.3,0.5,0.00244,0.12412,0.06631
5,10000,1,0.1,0.3,0.5,0.00244,0.10891,0.06584
0,10000,1,0.1,0.3,0.5,0.00202,0.11687,0.0747
1,10000,1,0.1,0.3,0.5,0.00202,0.11132,0.08071
2,10000,1,0.1,0.3,0.5,0.00202,0.10322,0.07261
3,10000,1,0.1,0.3,0.5,0.00202,0.11309,0.07781
4,10000,1,0.1,0.3,0.5,0.00202,0.11704,0.07316
5,10000,1,0.1,0.3,0.5,0.00202,0.10352,0.07422
0,10000,1,0.1,0.3,0.5,0.00168,0.11495,0.08449
1,10000,1,0.1,0.3,0.5,0.00168,0.11031,0.08995
2,10000,1,0.1,0.3,0.5,0.00168,0.10127,0.08147
3,10000,1,0.1,0.3,0.5,0.00168,0.11083,0.08611
4,10000,1,0.1,0.3,0.5,0.00168,0.11334,0.08084
5,10000,1,0.1,0.3,0.5,0.00168,0.10237,0.08346
0,10000,1,0.1,0.3,0.5,0.00139,0.11677,0.09526
1,10000,1,0.1,0.3,0.5,0.00139,0.1129,0.09987
2,10000,1,0.1,0.3,0.5,0.00139,0.10333,0.09122
3,10000,1,0.1,0.3,0.5,0.00139,0.11229,0.09548
4,10000,1,0.1,0.3,0.5,0.00139,0.11303,0.08949
5,10000,1,0.1,0.3,0.5,0.00139,0.10516,0.09358
0,10000,1,0.1,0.3,0.5,0.00115,0.12199,0.10702
1,10000,1,0.1,0.3,0.5,0.00115,0.11857,0.11052
2,10000,1,0.1,0.3,0.5,0.00115,0.10891,0.10194
3,10000,1,0.1,0.3,0.5,0.00115,0.11713,0.10598
4,10000,1,0.1,0.3,0.5,0.00115,0.11595,0.09921
5,10000,1,0.1,0.3,0.5,0.00115,0.11131,0.10459
0,10000,1,0.1,0.3,0.5,0.00095,0.13014,0.11982
1,10000,1,0.1,0.3,0.5,0.00095,0.12681,0.12202
2,10000,1,0.1,0.3,0.5,0.00095,0.11744,0.11372
3,10000,1,0.1,0.3,0.5,0.00095,0.12492,0.11766
4,10000,1,0.1,0.3,0.5,0.00095,0.12184,0.11007
5,10000,1,0.1,0.3,0.5,0.00095,0.12018,0.11653
0,10000,1,0.1,0.3,0.5,0.00079,0.14079,0.13369
1,10000,1,0.1,0.3,0.5,0.00079,0.13721,0.13447
2,10000,1,0.1,0.3,0.5,0.00079,0.12843,0.12667
3,10000,1,0.1,0.3,0.5,0.00079,0.13523,0.13056
4,10000,1,0.1,0.3,0.5,0.00079,0.1304,0.12219
5,10000,1,0.1,0.3,0.5,0.00079,0.13127,0.12946
0,10000,1,0.1,0.3,0.5,0.00066,0.15358,0.14868
1,10000,1,0.1,0.3,0.5,0.00066,0.14951,0.14804
2,10000,1,0.1,0.3,0.5,0.00066,0.14155,0.1409
3,10000,1,0.1,0.3,0.5,0.00066,0.14771,0.14473
4,10000,1,0.1,0.3,0.5,0.00066,0.14137,0.13565
5,10000,1,0.1,0.3,0.5,0.00066,0.14421,0.14348
0,10000,1,0.1,0.3,0.5,0.00054,0.16826,0.16486
1,10000,1,0.1,0.3,0.5,0.00054,0.16359,0.16287
2,10000,1,0.1,0.3,0.5,0.00054,0.1566,0.15655
3,10000,1,0.1,0.3,0.5,0.00054,0.16215,0.16026
4,10000,1,0.1,0.3,0.5,0.00054,0.15461,0.15063
5,10000,1,0.1,0.3,0.5,0.00054,0.15883,0.15869
0,10000,1,0.1,0.3,0.5,0.00045,0.1847,0.18232
1,10000,1,0.1,0.3,0.5,0.00045,0.17941,0.17913
2,10000,1,0.1,0.3,0.5,0.00045,0.17351,0.17375
3,10000,1,0.1,0.3,0.5,0.00045,0.17843,0.17724
4,10000,1,0.1,0.3,0.5,0.00045,0.17006,0.16728
5,10000,1,0.1,0.3,0.5,0.00045,0.17509,0.17524
0,10000,1,0.1,0.3,0.5,0.00037,0.20286,0.20118
1,10000,1,0.1,0.3,0.5,0.00037,0.19702,0.19697
2,10000,1,0.1,0.3,0.5,0.00037,0.19229,0.19265
3,10000,1,0.1,0.3,0.5,0.00037,0.19657,0.19582
4,10000,1,0.1,0.3,0.5,0.00037,0.18775,0.1858
5,10000,1,0.1,0.3,0.5,0.00037,0.19303,0.19331
0,10000,1,0.1,0.3,0.5,0.00031,0.22277,0.22157
1,10000,1,0.1,0.3,0.5,0.00031,0.21651,0.21658
2,10000,1,0.1,0.3,0.5,0.00031,0.21301,0.21339
3,10000,1,0.1,0.3,0.5,0.00031,0.21665,0.21618
4,10000,1,0.1,0.3,0.5,0.00031,0.20776,0.20639
5,10000,1,0.1,0.3,0.5,0.00031,0.21278,0.2131
0,10000,1,0.1,0.3,0.5,0.00026,0.24454,0.24368
1,10000,1,0.1,0.3,0.5,0.00026,0.23802,0.23814
2,10000,1,0.1,0.3,0.5,0.00026,0.23581,0.23617
3,10000,1,0.1,0.3,0.5,0.00026,0.23885,0.23856
4,10000,1,0.1,0.3,0.5,0.00026,0.23019,0.22922
5,10000,1,0.1,0.3,0.5,0.00026,0.2345,0.23481
0,10000,1,0.1,0.3,0.5,0.00021,0.26837,0.26775
1,10000,1,0.1,0.3,0.5,0.00021,0.26176,0.26189
2,10000,1,0.1,0.3,0.5,0.00021,0.26089,0.2612
3,10000,1,0.1,0.3,0.5,0.00021,0.2634,0.26322
4,10000,1,0.1,0.3,0.5,0.00021,0.25515,0.25445
5,10000,1,0.1,0.3,0.5,0.00021,0.25838,0.25866
0,10000,1,0.1,0.3,0.5,0.00018,0.29453,0.29407
1,10000,1,0.1,0.3,0.5,0.00018,0.28797,0.28809
2,10000,1,0.1,0.3,0.5,0.00018,0.28846,0.28873
3,10000,1,0.1,0.3,0.5,0.00018,0.29056,0.29045
4,10000,1,0.1,0.3,0.5,0.00018,0.28276,0.28226
5,10000,1,0.1,0.3,0.5,0.00018,0.28466,0.2849
0,10000,1,0.1,0.3,0.5,0.00015,0.32333,0.32299
1,10000,1,0.1,0.3,0.5,0.00015,0.31691,0.31702
2,10000,1,0.1,0.3,0.5,0.00015,0.31882,0.31904
3,10000,1,0.1,0.3,0.5,0.00015,0.3206,0.32053
4,10000,1,0.1,0.3,0.5,0.00015,0.31316,0.3128
5,10000,1,0.1,0.3,0.5,0.00015,0.31361,0.31381
0,10000,1,0.1,0.3,0.5,0.00012,0.35514,0.35489
1,10000,1,0.1,0.3,0.5,0.00012,0.34888,0.34898
2,10000,1,0.1,0.3,0.5,0.00012,0.35224,0.35242
3,10000,1,0.1,0.3,0.5,0.00012,0.35379,0.35374
4,10000,1,0.1,0.3,0.5,0.00012,0.34657,0.3463
5,10000,1,0.1,0.3,0.5,0.00012,0.34555,0.34571
0,10000,1,0.1,0.3,0.5,0.0001,0.39034,0.39016
1,10000,1,0.1,0.3,0.5,0.0001,0.38418,0.38426
2,10000,1,0.1,0.3,0.5,0.0001,0.38905,0.38919
3,10000,1,0.1,0.3,0.5,0.0001,0.39038,0.39035
4,10000,1,0.1,0.3,0.5,0.0001,0.38323,0.38304
5,10000,1,0.1,0.3,0.5,0.0001,0.38082,0.38095
0,10000,1,0.1,0.3,0.5,1.0,0.74623,0.00168
1,10000,1,0.1,0.3,0.5,1.0,0.74622,0.00169
2,10000,1,0.1,0.3,0.5,1.0,0.7462,0.00171
3,10000,1,0.1,0.3,0.5,1.0,0.74621,0.0017
0,10000,1,0.1,0.3,0.5,0.82864,0.74554,0.00243
1,10000,1,0.1,0.3,0.5,0.82864,0.74553,0.00244
2,10000,1,0.1,0.3,0.5,0.82864,0.74551,0.00247
3,10000,1,0.1,0.3,0.5,0.82864,0.74552,0.00246
0,10000,1,0.1,0.3,0.5,0.68665,0.74456,0.0035
1,10000,1,0.1,0.3,0.5,0.68665,0.74454,0.00352
2,10000,1,0.1,0.3,0.5,0.68665,0.7445,0.00356
3,10000,1,0.1,0.3,0.5,0.68665,0.74452,0.00355
0,10000,1,0.1,0.3,0.5,0.56899,0.74315,0.00503
1,10000,1,0.1,0.3,0.5,0.56899,0.74312,0.00506
2,10000,1,0.1,0.3,0.5,0.56899,0.74307,0.00513
3,10000,1,0.1,0.3,0.5,0.56899,0.74309,0.0051
0,10000,1,0.1,0.3,0.5,0.47149,0.74114,0.00718
1,10000,1,0.1,0.3,0.5,0.47149,0.7411,0.00722
2,10000,1,0.1,0.3,0.5,0.47149,0.74102,0.00732
3,10000,1,0.1,0.3,0.5,0.47149,0.74105,0.00728
0,10000,1,0.1,0.3,0.5,0.39069,0.73829,0.01006
1,10000,1,0.1,0.3,0.5,0.39069,0.73824,0.01012
2,10000,1,0.1,0.3,0.5,0.39069,0.73812,0.01025
3,10000,1,0.1,0.3,0.5,0.39069,0.73816,0.0102
0,10000,1,0.1,0.3,0.5,0.32375,0.73427,0.01363
1,10000,1,0.1,0.3,0.5,0.32375,0.7342,0.01372
2,10000,1,0.1,0.3,0.5,0.32375,0.73403,0.0139
3,10000,1,0.1,0.3,0.5,0.32375,0.73409,0.01383
0,10000,1,0.1,0.3,0.5,0.26827,0.72867,0.01752
1,10000,1,0.1,0.3,0.5,0.26827,0.72856,0.01764
2,10000,1,0.1,0.3,0.5,0.26827,0.72833,0.01791
3,10000,1,0.1,0.3,0.5,0.26827,0.72841,0.0178
0,10000,1,0.1,0.3,0.5,0.2223,0.72094,0.021
1,10000,1,0.1,0.3,0.5,0.2223,0.7208,0.02117
2,10000,1,0.1,0.3,0.5,0.2223,0.72047,0.02154
3,10000,1,0.1,0.3,0.5,0.2223,0.72059,0.0214
0,10000,1,0.1,0.3,0.5,0.18421,0.71045,0.02309
1,10000,1,0.1,0.3,0.5,0.18421,0.71026,0.02333
2,10000,1,0.1,0.3,0.5,0.18421,0.70979,0.02386
3,10000,1,0.1,0.3,0.5,0.18421,0.70996,0.02365
0,10000,1,0.1,0.3,0.5,0.15264,0.6965,0.02306
1,10000,1,0.1,0.3,0.5,0.15264,0.69623,0.0234
2,10000,1,0.1,0.3,0.5,0.15264,0.6956,0.02414
3,10000,1,0.1,0.3,0.5,0.15264,0.69582,0.02384
0,10000,1,0.1,0.3,0.5,0.12649,0.67839,0.02066
1,10000,1,0.1,0.3,0.5,0.12649,0.67803,0.02115
2,10000,1,0.1,0.3,0.5,0.12649,0.67717,0.02217
3,10000,1,0.1,0.3,0.5,0.12649,0.67747,0.02173
0,10000,1,0.1,0.3,0.5,0.10481,0.65561,0.01637
1,10000,1,0.1,0.3,0.5,0.10481,0.65513,0.01709
2,10000,1,0.1,0.3,0.5,0.10481,0.654,0.01849
3,10000,1,0.1,0.3,0.5,0.10481,0.6544,0.01782
0,10000,1,0.1,0.3,0.5,0.08685,0.628,0.01124
1,10000,1,0.1,0.3,0.5,0.08685,0.62739,0.01235
2,10000,1,0.1,0.3,0.5,0.08685,0.62593,0.01426
3,10000,1,0.1,0.3,0.5,0.08685,0.62644,0.01319
0,10000,1,0.1,0.3,0.5,0.07197,0.59596,0.00665
1,10000,1,0.1,0.3,0.5,0.07197,0.5952,0.00847
2,10000,1,0.1,0.3,0.5,0.07197,0.59338,0.01094
3,10000,1,0.1,0.3,0.5,0.07197,0.594,0.00917
0,10000,1,0.1,0.3,0.5,0.05964,0.56049,0.0044
1,10000,1,0.1,0.3,0.5,0.05964,0.5596,0.00702
2,10000,1,0.1,0.3,0.5,0.05964,0.55739,0.0097
3,10000,1,0.1,0.3,0.5,0.05964,0.55815,0.00699
0,10000,1,0.1,0.3,0.5,0.04942,0.5231,0.00524
1,10000,1,0.1,0.3,0.5,0.04942,0.52208,0.00792
2,10000,1,0.1,0.3,0.5,0.04942,0.51954,0.01045
3,10000,1,0.1,0.3,0.5,0.04942,0.52041,0.00699
0,10000,1,0.1,0.3,0.5,0.04095,0.4854,0.0069
1,10000,1,0.1,0.3,0.5,0.04095,0.48431,0.0097
2,10000,1,0.1,0.3,0.5,0.04095,0.4815,0.01206
3,10000,1,0.1,0.3,0.5,0.04095,0.48247,0.00794
0,10000,1,0.1,0.3,0.5,0.03393,0.44877,0.0086
1,10000,1,0.1,0.3,0.5,0.03393,0.44766,0.01171
2,10000,1,0.1,0.3,0.5,0.03393,0.4447,0.01411
3,10000,1,0.1,0.3,0.5,0.03393,0.44574,0.00934
0,10000,1,0.1,0.3,0.5,0.02812,0.41406,0.01035
1,10000,1,0.1,0.3,0.5,0.02812,0.41299,0.01388
2,10000,1,0.1,0.3,0.5,0.02812,0.41002,0.01643
3,10000,1,0.1,0.3,0.5,0.02812,0.41111,0.01096
0,10000,1,0.1,0.3,0.5,0.0233,0.38153,0.01227
1,10000,1,0.1,0.3,0.5,0.0233,0.38056,0.01627
2,10000,1,0.1,0.3,0.5,0.0233,0.37773,0.01902
3,10000,1,0.1,0.3,0.5,0.0233,0.37884,0.01279
0,10000,1,0.1,0.3,0.5,0.01931,0.35104,0.01442
1,10000,1,0.1,0.3,0.5,0.01931,0.35021,0.0189
2,10000,1,0.1,0.3,0.5,0.01931,0.34766,0.02188
3,10000,1,0.1,0.3,0.5,0.01931,0.34876,0.01484
0,10000,1,0.1,0.3,0.5,0.016,0.3222,0.01685
1,10000,1,0.1,0.3,0.5,0.016,0.32153,0.02185
2,10000,1,0.1,0.3,0.5,0.016,0.31937,0.02502
3,10000,1,0.1,0.3,0.5,0.016,0.32048,0.01716
0,10000,1,0.1,0.3,0.5,0.01326,0.29462,0.01961
1,10000,1,0.1,0.3,0.5,0.01326,0.29413,0.02513
2,10000,1,0.1,0.3,0.5,0.01326,0.29242,0.02842
3,10000,1,0.1,0.3,0.5,0.01326,0.29355,0.01978
0,10000,1,0.1,0.3,0.5,0.01099,0.26803,0.02275
1,10000,1,0.1,0.3,0.5,0.01099,0.26773,0.02878
2,10000,1,0.1,0.3,0.5,0.01099,0.26651,0.03204
3,10000,1,0.1,0.3,0.5,0.01099,0.26766,0.02274
0,10000,1,0.1,0.3,0.5,0.0091,0.24236,0.0263
1,10000,1,0.1,0.3,0.5,0.0091,0.24226,0.03281
2,10000,1,0.1,0.3,0.5,0.0091,0.24151,0.03587
3,10000,1,0.1,0.3,0.5,0.0091,0.24272,0.02606
0,10000,1,0.1,0.3,0.5,0.00754,0.21773,0.03028
1,10000,1,0.1,0.3,0.5,0.00754,0.21786,0.03721
2,10000,1,0.1,0.3,0.5,0.00754,0.21754,0.0399
3,10000,1,0.1,0.3,0.5,0.00754,0.2188,0.02977
0,10000,1,0.1,0.3,0.5,0.00625,0.19443,0.03468
1,10000,1,0.1,0.3,0.5,0.00625,0.19487,0.042
2,10000,1,0.1,0.3,0.5,0.00625,0.19488,0.04413
3,10000,1,0.1,0.3,0.5,0.00625,0.19618,0.03391
0,10000,1,0.1,0.3,0.5,0.00518,0.17284,0.03951
1,10000,1,0.1,0.3,0.5,0.00518,0.17369,0.0472
2,10000,1,0.1,0.3,0.5,0.00518,0.17389,0.0486
3,10000,1,0.1,0.3,0.5,0.00518,0.17522,0.03852
0,10000,1,0.1,0.3,0.5,0.00429,0.1534,0.04478
1,10000,1,0.1,0.3,0.5,0.00429,0.15482,0.05285
2,10000,1,0.1,0.3,0.5,0.00429,0.155,0.05334
3,10000,1,0.1,0.3,0.5,0.00429,0.15633,0.04367
0,10000,1,0.1,0.3,0.5,0.00356,0.13655,0.05055
1,10000,1,0.1,0.3,0.5,0.00356,0.13875,0.059
2,10000,1,0.1,0.3,0.5,0.00356,0.13864,0.05838
3,10000,1,0.1,0.3,0.5,0.00356,0.13995,0.04945
0,10000,1,0.1,0.3,0.5,0.00295,0.12276,0.0569
1,10000,1,0.1,0.3,0.5,0.00295,0.12596,0.06573
2,10000,1,0.1,0.3,0.5,0.00295,0.12519,0.0638
3,10000,1,0.1,0.3,0.5,0.00295,0.12653,0.05591
0,10000,1,0.1,0.3,0.5,0.00244,0.11247,0.06392
1,10000,1,0.1,0.3,0.5,0.00244,0.11688,0.07313
2,10000,1,0.1,0.3,0.5,0.00244,0.11499,0.06965
3,10000,1,0.1,0.3,0.5,0.00244,0.11647,0.06313
0,10000,1,0.1,0.3,0.5,0.00202,0.10602,0.0717
1,10000,1,0.1,0.3,0.5,0.00202,0.1118,0.08132
2,10000,1,0.1,0.3,0.5,0.00202,0.10828,0.07605
3,10000,1,0.1,0.3,0.5,0.00202,0.11008,0.07112
0,10000,1,0.1,0.3,0.5,0.00168,0.10358,0.08032
1,10000,1,0.1,0.3,0.5,0.00168,0.11077,0.09039
2,10000,1,0.1,0.3,0.5,0.00168,0.10516,0.08313
3,10000,1,0.1,0.3,0.5,0.00168,0.10746,0.07993
0,10000,1,0.1,0.3,0.5,0.00139,0.10499,0.08985
1,10000,1,0.1,0.3,0.5,0.00139,0.11356,0.10047
2,10000,1,0.1,0.3,0.5,0.00139,0.10554,0.09108
3,10000,1,0.1,0.3,0.5,0.00139,0.1085,0.08957
0,10000,1,0.1,0.3,0.5,0.00115,0.10986,0.10037
1,10000,1,0.1,0.3,0.5,0.00115,0.11973,0.11163
2,10000,1,0.1,0.3,0.5,0.00115,0.10922,0.10008
3,10000,1,0.1,0.3,0.5,0.00115,0.11282,0.1001
0,10000,1,0.1,0.3,0.5,0.00095,0.11768,0.11192
1,10000,1,0.1,0.3,0.5,0.00095,0.12876,0.12392
2,10000,1,0.1,0.3,0.5,0.00095,0.11588,0.11032
3,10000,1,0.1,0.3,0.5,0.00095,0.11999,0.11157
0,10000,1,0.1,0.3,0.5,0.00079,0.12797,0.12459
1,10000,1,0.1,0.3,0.5,0.00079,0.14019,0.1374
2,10000,1,0.1,0.3,0.5,0.00079,0.12521,0.12196
3,10000,1,0.1,0.3,0.5,0.00079,0.12959,0.12407
0,10000,1,0.1,0.3,0.5,0.00066,0.14036,0.13846
1,10000,1,0.1,0.3,0.5,0.00066,0.15363,0.15211
2,10000,1,0.1,0.3,0.5,0.00066,0.13697,0.13516
3,10000,1,0.1,0.3,0.5,0.00066,0.14134,0.13775
0,10000,1,0.1,0.3,0.5,0.00054,0.15464,0.15363
1,10000,1,0.1,0.3,0.5,0.00054,0.16888,0.16811
2,10000,1,0.1,0.3,0.5,0.00054,0.15096,0.15001
3,10000,1,0.1,0.3,0.5,0.00054,0.15509,0.15275
0,10000,1,0.1,0.3,0.5,0.00045,0.17074,0.17024
1,10000,1,0.1,0.3,0.5,0.00045,0.18583,0.18549
2,10000,1,0.1,0.3,0.5,0.00045,0.16708,0.16664
3,10000,1,0.1,0.3,0.5,0.00045,0.17077,0.16926
0,10000,1,0.1,0.3,0.5,0.00037,0.1887,0.1885
1,10000,1,0.1,0.3,0.5,0.00037,0.20448,0.20437
2,10000,1,0.1,0.3,0.5,0.00037,0.18534,0.18517
3,10000,1,0.1,0.3,0.5,0.00037,0.18845,0.18747
0,10000,1,0.1,0.3,0.5,0.00031,0.20866,0.20862
1,10000,1,0.1,0.3,0.5,0.00031,0.22493,0.22496
2,10000,1,0.1,0.3,0.5,0.00031,0.20579,0.20576
3,10000,1,0.1,0.3,0.5,0.00031,0.20823,0.2076
0,10000,1,0.1,0.3,0.5,0.00026,0.23079,0.23084
1,10000,1,0.1,0.3,0.5,0.00026,0.24737,0.24745
2,10000,1,0.1,0.3,0.5,0.00026,0.22856,0.22861
3,10000,1,0.1,0.3,0.5,0.00026,0.23031,0.2299
0,10000,1,0.1,0.3,0.5,0.00021,0.25532,0.2554
1,10000,1,0.1,0.3,0.5,0.00021,0.272,0.2721
2,10000,1,0.1,0.3,0.5,0.00021,0.25385,0.25392
3,10000,1,0.1,0.3,0.5,0.00021,0.2549,0.25463
0,10000,1,0.1,0.3,0.5,0.00018,0.28245,0.28254
1,10000,1,0.1,0.3,0.5,0.00018,0.29906,0.29916
2,10000,1,0.1,0.3,0.5,0.00018,0.28182,0.2819
3,10000,1,0.1,0.3,0.5,0.00018,0.28225,0.28207
0,10000,1,0.1,0.3,0.5,0.00015,0.31244,0.31252
1,10000,1,0.1,0.3,0.5,0.00015,0.32877,0.32887
2,10000,1,0.1,0.3,0.5,0.00015,0.31269,0.31276
3,10000,1,0.1,0.3,0.5,0.00015,0.31259,0.31248
0,10000,1,0.1,0.3,0.5,0.00012,0.34551,0.34559
1,10000,1,0.1,0.3,0.5,0.00012,0.3614,0.36148
2,10000,1,0.1,0.3,0.5,0.00012,0.34665,0.34671
3,10000,1,0.1,0.3,0.5,0.00012,0.34617,0.3461
0,10000,1,0.1,0.3,0.5,0.0001,0.38193,0.382
1,10000,1,0.1,0.3,0.5,0.0001,0.3972,0.39727
2,10000,1,0.1,0.3,0.5,0.0001,0.38393,0.38399
3,10000,1,0.1,0.3,0.5,0.0001,0.38324,0.38319
