,N,dim,std,jump,jump_prob,ve,L2,L2_true
0,100,1,0.01,0.3,0.5,1.0,3.62065,0.00216
1,100,1,0.01,0.3,0.5,1.0,3.62065,0.00212
2,100,1,0.01,0.3,0.5,1.0,3.62064,0.00224
3,100,1,0.01,0.3,0.5,1.0,3.62066,0.00213
4,100,1,0.01,0.3,0.5,1.0,3.62065,0.00214
5,100,1,0.01,0.3,0.5,1.0,3.62067,0.0021
6,100,1,0.01,0.3,0.5,1.0,3.62065,0.0021
7,100,1,0.01,0.3,0.5,1.0,3.62065,0.00209
8,100,1,0.01,0.3,0.5,1.0,3.62065,0.00211
9,100,1,0.01,0.3,0.5,1.0,3.62066,0.00213
10,100,1,0.01,0.3,0.5,1.0,3.62065,0.00213
11,100,1,0.01,0.3,0.5,1.0,3.62064,0.00219
12,100,1,0.01,0.3,0.5,1.0,3.62065,0.00211
13,100,1,0.01,0.3,0.5,1.0,3.62064,0.00214
14,100,1,0.01,0.3,0.5,1.0,3.62064,0.00214
15,100,1,0.01,0.3,0.5,1.0,3.62065,0.0021
16,100,1,0.01,0.3,0.5,1.0,3.62066,0.0021
17,100,1,0.01,0.3,0.5,1.0,3.62065,0.0022
18,100,1,0.01,0.3,0.5,1.0,3.62065,0.00212
19,100,1,0.01,0.3,0.5,1.0,3.62065,0.00211
20,100,1,0.01,0.3,0.5,1.0,3.62064,0.0021
21,100,1,0.01,0.3,0.5,1.0,3.62065,0.0021
22,100,1,0.01,0.3,0.5,1.0,3.62064,0.00221
23,100,1,0.01,0.3,0.5,1.0,3.62066,0.00207
24,100,1,0.01,0.3,0.5,1.0,3.62064,0.00221
25,100,1,0.01,0.3,0.5,1.0,3.62065,0.00212
26,100,1,0.01,0.3,0.5,1.0,3.62064,0.00216
27,100,1,0.01,0.3,0.5,1.0,3.62065,0.00211
28,100,1,0.01,0.3,0.5,1.0,3.62066,0.00205
29,100,1,0.01,0.3,0.5,1.0,3.62064,0.00212
30,100,1,0.01,0.3,0.5,1.0,3.62064,0.00212
31,100,1,0.01,0.3,0.5,1.0,3.62065,0.0021
32,100,1,0.01,0.3,0.5,1.0,3.62065,0.0022
33,100,1,0.01,0.3,0.5,1.0,3.62066,0.00205
34,100,1,0.01,0.3,0.5,1.0,3.62066,0.00213
35,100,1,0.01,0.3,0.5,1.0,3.62066,0.00207
36,100,1,0.01,0.3,0.5,1.0,3.62066,0.0021
37,100,1,0.01,0.3,0.5,1.0,3.62065,0.00208
38,100,1,0.01,0.3,0.5,1.0,3.62065,0.00214
39,100,1,0.01,0.3,0.5,1.0,3.62064,0.00219
40,100,1,0.01,0.3,0.5,1.0,3.62065,0.00227
41,100,1,0.01,0.3,0.5,1.0,3.62065,0.00209
42,100,1,0.01,0.3,0.5,1.0,3.62065,0.00211
43,100,1,0.01,0.3,0.5,1.0,3.62064,0.0021
44,100,1,0.01,0.3,0.5,1.0,3.62068,0.00205
45,100,1,0.01,0.3,0.5,1.0,3.62064,0.00212
46,100,1,0.01,0.3,0.5,1.0,3.62065,0.00207
47,100,1,0.01,0.3,0.5,1.0,3.62066,0.00207
48,100,1,0.01,0.3,0.5,1.0,3.62065,0.00211
49,100,1,0.01,0.3,0.5,1.0,3.62065,0.00214
50,100,1,0.01,0.3,0.5,1.0,3.62065,0.00207
51,100,1,0.01,0.3,0.5,1.0,3.62064,0.00212
52,100,1,0.01,0.3,0.5,1.0,3.62064,0.00215
53,100,1,0.01,0.3,0.5,1.0,3.62065,0.0021
54,100,1,0.01,0.3,0.5,1.0,3.62066,0.0021
55,100,1,0.01,0.3,0.5,1.0,3.62065,0.00219
56,100,1,0.01,0.3,0.5,1.0,3.62066,0.00207
57,100,1,0.01,0.3,0.5,1.0,3.62065,0.0021
58,100,1,0.01,0.3,0.5,1.0,3.62066,0.00208
59,100,1,0.01,0.3,0.5,1.0,3.62065,0.00213
60,100,1,0.01,0.3,0.5,1.0,3.62064,0.00211
61,100,1,0.01,0.3,0.5,1.0,3.62066,0.00207
62,100,1,0.01,0.3,0.5,1.0,3.62065,0.00215
63,100,1,0.01,0.3,0.5,1.0,3.62065,0.00215
64,100,1,0.01,0.3,0.5,1.0,3.62065,0.00216
65,100,1,0.01,0.3,0.5,1.0,3.62066,0.00214
66,100,1,0.01,0.3,0.5,1.0,3.62064,0.00211
67,100,1,0.01,0.3,0.5,1.0,3.62066,0.00213
68,100,1,0.01,0.3,0.5,1.0,3.62065,0.00209
69,100,1,0.01,0.3,0.5,1.0,3.62065,0.00209
70,100,1,0.01,0.3,0.5,1.0,3.62065,0.00217
71,100,1,0.01,0.3,0.5,1.0,3.62066,0.00221
72,100,1,0.01,0.3,0.5,1.0,3.62064,0.00219
73,100,1,0.01,0.3,0.5,1.0,3.62065,0.00211
74,100,1,0.01,0.3,0.5,1.0,3.62066,0.00207
75,100,1,0.01,0.3,0.5,1.0,3.62065,0.00211
76,100,1,0.01,0.3,0.5,1.0,3.62065,0.00214
77,100,1,0.01,0.3,0.5,1.0,3.62066,0.00212
78,100,1,0.01,0.3,0.5,1.0,3.62065,0.00232
79,100,1,0.01,0.3,0.5,1.0,3.62065,0.00211
80,100,1,0.01,0.3,0.5,1.0,3.62066,0.00214
81,100,1,0.01,0.3,0.5,1.0,3.62065,0.00211
82,100,1,0.01,0.3,0.5,1.0,3.62066,0.00214
83,100,1,0.01,0.3,0.5,1.0,3.62065,0.00218
84,100,1,0.01,0.3,0.5,1.0,3.62064,0.00214
85,100,1,0.01,0.3,0.5,1.0,3.62065,0.0021
86,100,1,0.01,0.3,0.5,1.0,3.62065,0.00211
87,100,1,0.01,0.3,0.5,1.0,3.62066,0.00209
88,100,1,0.01,0.3,0.5,1.0,3.62065,0.00207
89,100,1,0.01,0.3,0.5,1.0,3.62065,0.00206
90,100,1,0.01,0.3,0.5,1.0,3.62064,0.00216
91,100,1,0.01,0.3,0.5,1.0,3.62066,0.00218
92,100,1,0.01,0.3,0.5,1.0,3.62064,0.00215
93,100,1,0.01,0.3,0.5,1.0,3.62065,0.00212
94,100,1,0.01,0.3,0.5,1.0,3.62065,0.00209
95,100,1,0.01,0.3,0.5,1.0,3.62064,0.00216
96,100,1,0.01,0.3,0.5,1.0,3.62065,0.00215
97,100,1,0.01,0.3,0.5,1.0,3.62065,0.00212
98,100,1,0.01,0.3,0.5,1.0,3.62066,0.00209
99,100,1,0.01,0.3,0.5,1.0,3.62065,0.00224
0,100,1,0.01,0.3,0.5,0.82864,3.62043,0.00312
1,100,1,0.01,0.3,0.5,0.82864,3.62043,0.00306
2,100,1,0.01,0.3,0.5,0.82864,3.62042,0.00324
3,100,1,0.01,0.3,0.5,0.82864,3.62044,0.00308
4,100,1,0.01,0.3,0.5,0.82864,3.62043,0.0031
5,100,1,0.01,0.3,0.5,0.82864,3.62045,0.00303
6,100,1,0.01,0.3,0.5,0.82864,3.62044,0.00304
7,100,1,0.01,0.3,0.5,0.82864,3.62043,0.00303
8,100,1,0.01,0.3,0.5,0.82864,3.62044,0.00305
9,100,1,0.01,0.3,0.5,0.82864,3.62045,0.00308
10,100,1,0.01,0.3,0.5,0.82864,3.62043,0.00309
11,100,1,0.01,0.3,0.5,0.82864,3.62042,0.00317
12,100,1,0.01,0.3,0.5,0.82864,3.62043,0.00305
13,100,1,0.01,0.3,0.5,0.82864,3.62042,0.0031
14,100,1,0.01,0.3,0.5,0.82864,3.62042,0.0031
15,100,1,0.01,0.3,0.5,0.82864,3.62043,0.00304
16,100,1,0.01,0.3,0.5,0.82864,3.62044,0.00304
17,100,1,0.01,0.3,0.5,0.82864,3.62044,0.00318
18,100,1,0.01,0.3,0.5,0.82864,3.62044,0.00306
19,100,1,0.01,0.3,0.5,0.82864,3.62044,0.00305
20,100,1,0.01,0.3,0.5,0.82864,3.62043,0.00304
21,100,1,0.01,0.3,0.5,0.82864,3.62044,0.00303
22,100,1,0.01,0.3,0.5,0.82864,3.62042,0.0032
23,100,1,0.01,0.3,0.5,0.82864,3.62044,0.00299
24,100,1,0.01,0.3,0.5,0.82864,3.62042,0.00319
25,100,1,0.01,0.3,0.5,0.82864,3.62043,0.00307
26,100,1,0.01,0.3,0.5,0.82864,3.62042,0.00313
27,100,1,0.01,0.3,0.5,0.82864,3.62044,0.00305
28,100,1,0.01,0.3,0.5,0.82864,3.62045,0.00297
29,100,1,0.01,0.3,0.5,0.82864,3.62042,0.00307
30,100,1,0.01,0.3,0.5,0.82864,3.62042,0.00306
31,100,1,0.01,0.3,0.5,0.82864,3.62044,0.00304
32,100,1,0.01,0.3,0.5,0.82864,3.62043,0.00318
33,100,1,0.01,0.3,0.5,0.82864,3.62044,0.00296
34,100,1,0.01,0.3,0.5,0.82864,3.62044,0.00309
35,100,1,0.01,0.3,0.5,0.82864,3.62045,0.00299
36,100,1,0.01,0.3,0.5,0.82864,3.62044,0.00304
37,100,1,0.01,0.3,0.5,0.82864,3.62044,0.00301
38,100,1,0.01,0.3,0.5,0.82864,3.62043,0.0031
39,100,1,0.01,0.3,0.5,0.82864,3.62042,0.00317
40,100,1,0.01,0.3,0.5,0.82864,3.62043,0.00329
41,100,1,0.01,0.3,0.5,0.82864,3.62043,0.00302
42,100,1,0.01,0.3,0.5,0.82864,3.62043,0.00305
43,100,1,0.01,0.3,0.5,0.82864,3.62042,0.00304
44,100,1,0.01,0.3,0.5,0.82864,3.62048,0.00298
45,100,1,0.01,0.3,0.5,0.82864,3.62043,0.00306
46,100,1,0.01,0.3,0.5,0.82864,3.62044,0.00299
47,100,1,0.01,0.3,0.5,0.82864,3.62044,0.003
48,100,1,0.01,0.3,0.5,0.82864,3.62043,0.00306
49,100,1,0.01,0.3,0.5,0.82864,3.62043,0.0031
50,100,1,0.01,0.3,0.5,0.82864,3.62044,0.00299
51,100,1,0.01,0.3,0.5,0.82864,3.62043,0.00306
52,100,1,0.01,0.3,0.5,0.82864,3.62041,0.00311
53,100,1,0.01,0.3,0.5,0.82864,3.62044,0.00303
54,100,1,0.01,0.3,0.5,0.82864,3.62044,0.00303
55,100,1,0.01,0.3,0.5,0.82864,3.62043,0.00317
56,100,1,0.01,0.3,0.5,0.82864,3.62045,0.00299
57,100,1,0.01,0.3,0.5,0.82864,3.62043,0.00304
58,100,1,0.01,0.3,0.5,0.82864,3.62045,0.00301
59,100,1,0.01,0.3,0.5,0.82864,3.62043,0.00309
60,100,1,0.01,0.3,0.5,0.82864,3.62042,0.00305
61,100,1,0.01,0.3,0.5,0.82864,3.62045,0.003
62,100,1,0.01,0.3,0.5,0.82864,3.62043,0.00311
63,100,1,0.01,0.3,0.5,0.82864,3.62043,0.0031
64,100,1,0.01,0.3,0.5,0.82864,3.62044,0.00313
65,100,1,0.01,0.3,0.5,0.82864,3.62044,0.0031
66,100,1,0.01,0.3,0.5,0.82864,3.62043,0.00306
67,100,1,0.01,0.3,0.5,0.82864,3.62044,0.00309
68,100,1,0.01,0.3,0.5,0.82864,3.62043,0.00302
69,100,1,0.01,0.3,0.5,0.82864,3.62043,0.00302
70,100,1,0.01,0.3,0.5,0.82864,3.62044,0.00314
71,100,1,0.01,0.3,0.5,0.82864,3.62044,0.0032
72,100,1,0.01,0.3,0.5,0.82864,3.62042,0.00317
73,100,1,0.01,0.3,0.5,0.82864,3.62043,0.00306
74,100,1,0.01,0.3,0.5,0.82864,3.62045,0.003
75,100,1,0.01,0.3,0.5,0.82864,3.62044,0.00305
76,100,1,0.01,0.3,0.5,0.82864,3.62043,0.0031
77,100,1,0.01,0.3,0.5,0.82864,3.62044,0.00307
78,100,1,0.01,0.3,0.5,0.82864,3.62044,0.00335
79,100,1,0.01,0.3,0.5,0.82864,3.62044,0.00305
80,100,1,0.01,0.3,0.5,0.82864,3.62044,0.00309
81,100,1,0.01,0.3,0.5,0.82864,3.62043,0.00305
82,100,1,0.01,0.3,0.5,0.82864,3.62044,0.00309
83,100,1,0.01,0.3,0.5,0.82864,3.62043,0.00316
84,100,1,0.01,0.3,0.5,0.82864,3.62042,0.0031
85,100,1,0.01,0.3,0.5,0.82864,3.62043,0.00304
86,100,1,0.01,0.3,0.5,0.82864,3.62044,0.00305
87,100,1,0.01,0.3,0.5,0.82864,3.62044,0.00303
88,100,1,0.01,0.3,0.5,0.82864,3.62044,0.003
89,100,1,0.01,0.3,0.5,0.82864,3.62043,0.00298
90,100,1,0.01,0.3,0.5,0.82864,3.62042,0.00312
91,100,1,0.01,0.3,0.5,0.82864,3.62045,0.00315
92,100,1,0.01,0.3,0.5,0.82864,3.62042,0.00311
93,100,1,0.01,0.3,0.5,0.82864,3.62043,0.00307
94,100,1,0.01,0.3,0.5,0.82864,3.62043,0.00303
95,100,1,0.01,0.3,0.5,0.82864,3.62042,0.00312
96,100,1,0.01,0.3,0.5,0.82864,3.62043,0.00312
97,100,1,0.01,0.3,0.5,0.82864,3.62043,0.00307
98,100,1,0.01,0.3,0.5,0.82864,3.62044,0.00302
99,100,1,0.01,0.3,0.5,0.82864,3.62044,0.00324
0,100,1,0.01,0.3,0.5,0.68665,3.62012,0.00451
1,100,1,0.01,0.3,0.5,0.68665,3.62011,0.00442
2,100,1,0.01,0.3,0.5,0.68665,3.62011,0.00468
3,100,1,0.01,0.3,0.5,0.68665,3.62014,0.00445
4,100,1,0.01,0.3,0.5,0.68665,3.62011,0.00447
5,100,1,0.01,0.3,0.5,0.68665,3.62015,0.00438
6,100,1,0.01,0.3,0.5,0.68665,3.62013,0.00439
7,100,1,0.01,0.3,0.5,0.68665,3.62012,0.00437
8,100,1,0.01,0.3,0.5,0.68665,3.62013,0.0044
9,100,1,0.01,0.3,0.5,0.68665,3.62015,0.00445
10,100,1,0.01,0.3,0.5,0.68665,3.62012,0.00445
11,100,1,0.01,0.3,0.5,0.68665,3.62011,0.00458
12,100,1,0.01,0.3,0.5,0.68665,3.62012,0.0044
13,100,1,0.01,0.3,0.5,0.68665,3.62011,0.00447
14,100,1,0.01,0.3,0.5,0.68665,3.62011,0.00447
15,100,1,0.01,0.3,0.5,0.68665,3.62012,0.00439
16,100,1,0.01,0.3,0.5,0.68665,3.62013,0.00439
17,100,1,0.01,0.3,0.5,0.68665,3.62013,0.00459
18,100,1,0.01,0.3,0.5,0.68665,3.62013,0.00442
19,100,1,0.01,0.3,0.5,0.68665,3.62013,0.00441
20,100,1,0.01,0.3,0.5,0.68665,3.62011,0.00439
21,100,1,0.01,0.3,0.5,0.68665,3.62013,0.00438
22,100,1,0.01,0.3,0.5,0.68665,3.6201,0.00462
23,100,1,0.01,0.3,0.5,0.68665,3.62014,0.00432
24,100,1,0.01,0.3,0.5,0.68665,3.62011,0.00461
25,100,1,0.01,0.3,0.5,0.68665,3.62012,0.00442
26,100,1,0.01,0.3,0.5,0.68665,3.62011,0.00452
27,100,1,0.01,0.3,0.5,0.68665,3.62013,0.0044
28,100,1,0.01,0.3,0.5,0.68665,3.62014,0.00429
29,100,1,0.01,0.3,0.5,0.68665,3.62011,0.00443
30,100,1,0.01,0.3,0.5,0.68665,3.6201,0.00441
31,100,1,0.01,0.3,0.5,0.68665,3.62013,0.00439
32,100,1,0.01,0.3,0.5,0.68665,3.62012,0.0046
33,100,1,0.01,0.3,0.5,0.68665,3.62014,0.00427
34,100,1,0.01,0.3,0.5,0.68665,3.62013,0.00446
35,100,1,0.01,0.3,0.5,0.68665,3.62014,0.00433
36,100,1,0.01,0.3,0.5,0.68665,3.62014,0.00439
37,100,1,0.01,0.3,0.5,0.68665,3.62013,0.00434
38,100,1,0.01,0.3,0.5,0.68665,3.62012,0.00447
39,100,1,0.01,0.3,0.5,0.68665,3.62011,0.00458
40,100,1,0.01,0.3,0.5,0.68665,3.62012,0.00476
41,100,1,0.01,0.3,0.5,0.68665,3.62012,0.00435
42,100,1,0.01,0.3,0.5,0.68665,3.62012,0.0044
43,100,1,0.01,0.3,0.5,0.68665,3.62011,0.00439
44,100,1,0.01,0.3,0.5,0.68665,3.62019,0.00431
45,100,1,0.01,0.3,0.5,0.68665,3.62011,0.00442
46,100,1,0.01,0.3,0.5,0.68665,3.62013,0.00432
47,100,1,0.01,0.3,0.5,0.68665,3.62014,0.00434
48,100,1,0.01,0.3,0.5,0.68665,3.62011,0.00442
49,100,1,0.01,0.3,0.5,0.68665,3.62012,0.00448
50,100,1,0.01,0.3,0.5,0.68665,3.62013,0.00432
51,100,1,0.01,0.3,0.5,0.68665,3.62011,0.00442
52,100,1,0.01,0.3,0.5,0.68665,3.62009,0.00449
53,100,1,0.01,0.3,0.5,0.68665,3.62013,0.00438
54,100,1,0.01,0.3,0.5,0.68665,3.62014,0.00438
55,100,1,0.01,0.3,0.5,0.68665,3.62012,0.00458
56,100,1,0.01,0.3,0.5,0.68665,3.62014,0.00432
57,100,1,0.01,0.3,0.5,0.68665,3.62012,0.00438
58,100,1,0.01,0.3,0.5,0.68665,3.62015,0.00435
59,100,1,0.01,0.3,0.5,0.68665,3.62013,0.00446
60,100,1,0.01,0.3,0.5,0.68665,3.62011,0.0044
61,100,1,0.01,0.3,0.5,0.68665,3.62014,0.00433
62,100,1,0.01,0.3,0.5,0.68665,3.62012,0.00448
63,100,1,0.01,0.3,0.5,0.68665,3.62012,0.00448
64,100,1,0.01,0.3,0.5,0.68665,3.62013,0.00452
65,100,1,0.01,0.3,0.5,0.68665,3.62013,0.00447
66,100,1,0.01,0.3,0.5,0.68665,3.62011,0.00441
67,100,1,0.01,0.3,0.5,0.68665,3.62014,0.00446
68,100,1,0.01,0.3,0.5,0.68665,3.62012,0.00436
69,100,1,0.01,0.3,0.5,0.68665,3.62012,0.00436
70,100,1,0.01,0.3,0.5,0.68665,3.62013,0.00454
71,100,1,0.01,0.3,0.5,0.68665,3.62014,0.00462
72,100,1,0.01,0.3,0.5,0.68665,3.6201,0.00458
73,100,1,0.01,0.3,0.5,0.68665,3.62012,0.00441
74,100,1,0.01,0.3,0.5,0.68665,3.62015,0.00434
75,100,1,0.01,0.3,0.5,0.68665,3.62013,0.0044
76,100,1,0.01,0.3,0.5,0.68665,3.62012,0.00447
77,100,1,0.01,0.3,0.5,0.68665,3.62014,0.00444
78,100,1,0.01,0.3,0.5,0.68665,3.62013,0.00484
79,100,1,0.01,0.3,0.5,0.68665,3.62013,0.0044
80,100,1,0.01,0.3,0.5,0.68665,3.62013,0.00447
81,100,1,0.01,0.3,0.5,0.68665,3.62012,0.00439
82,100,1,0.01,0.3,0.5,0.68665,3.62013,0.00447
83,100,1,0.01,0.3,0.5,0.68665,3.62012,0.00456
84,100,1,0.01,0.3,0.5,0.68665,3.6201,0.00447
85,100,1,0.01,0.3,0.5,0.68665,3.62012,0.00438
86,100,1,0.01,0.3,0.5,0.68665,3.62013,0.0044
87,100,1,0.01,0.3,0.5,0.68665,3.62013,0.00438
88,100,1,0.01,0.3,0.5,0.68665,3.62013,0.00433
89,100,1,0.01,0.3,0.5,0.68665,3.62012,0.00431
90,100,1,0.01,0.3,0.5,0.68665,3.6201,0.0045
91,100,1,0.01,0.3,0.5,0.68665,3.62014,0.00456
92,100,1,0.01,0.3,0.5,0.68665,3.62011,0.0045
93,100,1,0.01,0.3,0.5,0.68665,3.62012,0.00443
94,100,1,0.01,0.3,0.5,0.68665,3.62012,0.00437
95,100,1,0.01,0.3,0.5,0.68665,3.62011,0.00451
96,100,1,0.01,0.3,0.5,0.68665,3.62012,0.0045
97,100,1,0.01,0.3,0.5,0.68665,3.62011,0.00443
98,100,1,0.01,0.3,0.5,0.68665,3.62014,0.00436
99,100,1,0.01,0.3,0.5,0.68665,3.62013,0.00468
0,100,1,0.01,0.3,0.5,0.56899,3.61967,0.00649
1,100,1,0.01,0.3,0.5,0.56899,3.61967,0.00636
2,100,1,0.01,0.3,0.5,0.56899,3.61966,0.00673
3,100,1,0.01,0.3,0.5,0.56899,3.6197,0.00641
4,100,1,0.01,0.3,0.5,0.56899,3.61967,0.00643
5,100,1,0.01,0.3,0.5,0.56899,3.61972,0.00632
6,100,1,0.01,0.3,0.5,0.56899,3.61969,0.00633
7,100,1,0.01,0.3,0.5,0.56899,3.61967,0.00628
8,100,1,0.01,0.3,0.5,0.56899,3.61969,0.00634
9,100,1,0.01,0.3,0.5,0.56899,3.61972,0.00642
10,100,1,0.01,0.3,0.5,0.56899,3.61967,0.00641
11,100,1,0.01,0.3,0.5,0.56899,3.61966,0.00659
12,100,1,0.01,0.3,0.5,0.56899,3.61967,0.00632
13,100,1,0.01,0.3,0.5,0.56899,3.61966,0.00643
14,100,1,0.01,0.3,0.5,0.56899,3.61966,0.00643
15,100,1,0.01,0.3,0.5,0.56899,3.61967,0.00632
16,100,1,0.01,0.3,0.5,0.56899,3.6197,0.00633
17,100,1,0.01,0.3,0.5,0.56899,3.61969,0.00661
18,100,1,0.01,0.3,0.5,0.56899,3.61969,0.00636
19,100,1,0.01,0.3,0.5,0.56899,3.61969,0.00635
20,100,1,0.01,0.3,0.5,0.56899,3.61967,0.00631
21,100,1,0.01,0.3,0.5,0.56899,3.61968,0.0063
22,100,1,0.01,0.3,0.5,0.56899,3.61964,0.00664
23,100,1,0.01,0.3,0.5,0.56899,3.6197,0.00622
24,100,1,0.01,0.3,0.5,0.56899,3.61966,0.00663
25,100,1,0.01,0.3,0.5,0.56899,3.61967,0.00636
26,100,1,0.01,0.3,0.5,0.56899,3.61966,0.00651
27,100,1,0.01,0.3,0.5,0.56899,3.61969,0.00633
28,100,1,0.01,0.3,0.5,0.56899,3.6197,0.00618
29,100,1,0.01,0.3,0.5,0.56899,3.61966,0.00638
30,100,1,0.01,0.3,0.5,0.56899,3.61965,0.00635
31,100,1,0.01,0.3,0.5,0.56899,3.61969,0.00632
32,100,1,0.01,0.3,0.5,0.56899,3.61968,0.00662
33,100,1,0.01,0.3,0.5,0.56899,3.6197,0.00615
34,100,1,0.01,0.3,0.5,0.56899,3.61969,0.00642
35,100,1,0.01,0.3,0.5,0.56899,3.6197,0.00623
36,100,1,0.01,0.3,0.5,0.56899,3.6197,0.00632
37,100,1,0.01,0.3,0.5,0.56899,3.61969,0.00624
38,100,1,0.01,0.3,0.5,0.56899,3.61967,0.00643
39,100,1,0.01,0.3,0.5,0.56899,3.61966,0.00659
40,100,1,0.01,0.3,0.5,0.56899,3.61967,0.00685
41,100,1,0.01,0.3,0.5,0.56899,3.61968,0.00626
42,100,1,0.01,0.3,0.5,0.56899,3.61967,0.00633
43,100,1,0.01,0.3,0.5,0.56899,3.61966,0.00631
44,100,1,0.01,0.3,0.5,0.56899,3.61977,0.00622
45,100,1,0.01,0.3,0.5,0.56899,3.61967,0.00636
46,100,1,0.01,0.3,0.5,0.56899,3.61969,0.00621
47,100,1,0.01,0.3,0.5,0.56899,3.6197,0.00624
48,100,1,0.01,0.3,0.5,0.56899,3.61966,0.00636
49,100,1,0.01,0.3,0.5,0.56899,3.61968,0.00645
50,100,1,0.01,0.3,0.5,0.56899,3.61969,0.00622
51,100,1,0.01,0.3,0.5,0.56899,3.61967,0.00635
52,100,1,0.01,0.3,0.5,0.56899,3.61964,0.00646
53,100,1,0.01,0.3,0.5,0.56899,3.61969,0.00629
54,100,1,0.01,0.3,0.5,0.56899,3.61971,0.0063
55,100,1,0.01,0.3,0.5,0.56899,3.61967,0.00659
56,100,1,0.01,0.3,0.5,0.56899,3.61971,0.00621
57,100,1,0.01,0.3,0.5,0.56899,3.61968,0.00631
58,100,1,0.01,0.3,0.5,0.56899,3.61971,0.00626
59,100,1,0.01,0.3,0.5,0.56899,3.61968,0.00641
60,100,1,0.01,0.3,0.5,0.56899,3.61966,0.00633
61,100,1,0.01,0.3,0.5,0.56899,3.61971,0.00623
62,100,1,0.01,0.3,0.5,0.56899,3.61968,0.00645
63,100,1,0.01,0.3,0.5,0.56899,3.61968,0.00644
64,100,1,0.01,0.3,0.5,0.56899,3.61968,0.00652
65,100,1,0.01,0.3,0.5,0.56899,3.61969,0.00644
66,100,1,0.01,0.3,0.5,0.56899,3.61967,0.00635
67,100,1,0.01,0.3,0.5,0.56899,3.6197,0.00643
68,100,1,0.01,0.3,0.5,0.56899,3.61968,0.00628
69,100,1,0.01,0.3,0.5,0.56899,3.61968,0.00628
70,100,1,0.01,0.3,0.5,0.56899,3.61969,0.00653
71,100,1,0.01,0.3,0.5,0.56899,3.6197,0.00665
72,100,1,0.01,0.3,0.5,0.56899,3.61965,0.00659
73,100,1,0.01,0.3,0.5,0.56899,3.61967,0.00634
74,100,1,0.01,0.3,0.5,0.56899,3.61972,0.00625
75,100,1,0.01,0.3,0.5,0.56899,3.61969,0.00633
76,100,1,0.01,0.3,0.5,0.56899,3.61968,0.00644
77,100,1,0.01,0.3,0.5,0.56899,3.6197,0.00639
78,100,1,0.01,0.3,0.5,0.56899,3.61969,0.00698
79,100,1,0.01,0.3,0.5,0.56899,3.61969,0.00633
80,100,1,0.01,0.3,0.5,0.56899,3.61969,0.00643
81,100,1,0.01,0.3,0.5,0.56899,3.61967,0.00632
82,100,1,0.01,0.3,0.5,0.56899,3.6197,0.00643
83,100,1,0.01,0.3,0.5,0.56899,3.61967,0.00657
84,100,1,0.01,0.3,0.5,0.56899,3.61965,0.00643
85,100,1,0.01,0.3,0.5,0.56899,3.61968,0.00631
86,100,1,0.01,0.3,0.5,0.56899,3.61969,0.00633
87,100,1,0.01,0.3,0.5,0.56899,3.6197,0.0063
88,100,1,0.01,0.3,0.5,0.56899,3.61968,0.00623
89,100,1,0.01,0.3,0.5,0.56899,3.61968,0.00619
90,100,1,0.01,0.3,0.5,0.56899,3.61965,0.00647
91,100,1,0.01,0.3,0.5,0.56899,3.6197,0.00657
92,100,1,0.01,0.3,0.5,0.56899,3.61966,0.00647
93,100,1,0.01,0.3,0.5,0.56899,3.61967,0.00638
94,100,1,0.01,0.3,0.5,0.56899,3.61967,0.00628
95,100,1,0.01,0.3,0.5,0.56899,3.61966,0.00649
96,100,1,0.01,0.3,0.5,0.56899,3.61968,0.00648
97,100,1,0.01,0.3,0.5,0.56899,3.61967,0.00638
98,100,1,0.01,0.3,0.5,0.56899,3.6197,0.00628
99,100,1,0.01,0.3,0.5,0.56899,3.61969,0.00674
0,100,1,0.01,0.3,0.5,0.47149,3.61904,0.00928
1,100,1,0.01,0.3,0.5,0.47149,3.61904,0.00908
2,100,1,0.01,0.3,0.5,0.47149,3.61902,0.00961
3,100,1,0.01,0.3,0.5,0.47149,3.61908,0.00915
4,100,1,0.01,0.3,0.5,0.47149,3.61904,0.00918
5,100,1,0.01,0.3,0.5,0.47149,3.61911,0.00904
6,100,1,0.01,0.3,0.5,0.47149,3.61906,0.00904
7,100,1,0.01,0.3,0.5,0.47149,3.61904,0.00897
8,100,1,0.01,0.3,0.5,0.47149,3.61906,0.00906
9,100,1,0.01,0.3,0.5,0.47149,3.61911,0.00919
10,100,1,0.01,0.3,0.5,0.47149,3.61904,0.00915
11,100,1,0.01,0.3,0.5,0.47149,3.61903,0.00942
12,100,1,0.01,0.3,0.5,0.47149,3.61905,0.00903
13,100,1,0.01,0.3,0.5,0.47149,3.61903,0.00918
14,100,1,0.01,0.3,0.5,0.47149,3.61902,0.00918
15,100,1,0.01,0.3,0.5,0.47149,3.61904,0.00902
16,100,1,0.01,0.3,0.5,0.47149,3.61907,0.00905
17,100,1,0.01,0.3,0.5,0.47149,3.61907,0.00945
18,100,1,0.01,0.3,0.5,0.47149,3.61907,0.00908
19,100,1,0.01,0.3,0.5,0.47149,3.61907,0.00906
20,100,1,0.01,0.3,0.5,0.47149,3.61903,0.009
21,100,1,0.01,0.3,0.5,0.47149,3.61906,0.009
22,100,1,0.01,0.3,0.5,0.47149,3.619,0.00949
23,100,1,0.01,0.3,0.5,0.47149,3.61908,0.00888
24,100,1,0.01,0.3,0.5,0.47149,3.61902,0.00947
25,100,1,0.01,0.3,0.5,0.47149,3.61905,0.00909
26,100,1,0.01,0.3,0.5,0.47149,3.61903,0.00929
27,100,1,0.01,0.3,0.5,0.47149,3.61907,0.00904
28,100,1,0.01,0.3,0.5,0.47149,3.61908,0.00883
29,100,1,0.01,0.3,0.5,0.47149,3.61902,0.00911
30,100,1,0.01,0.3,0.5,0.47149,3.61901,0.00906
31,100,1,0.01,0.3,0.5,0.47149,3.61906,0.00903
32,100,1,0.01,0.3,0.5,0.47149,3.61905,0.00946
33,100,1,0.01,0.3,0.5,0.47149,3.61908,0.00878
34,100,1,0.01,0.3,0.5,0.47149,3.61907,0.00919
35,100,1,0.01,0.3,0.5,0.47149,3.61909,0.0089
36,100,1,0.01,0.3,0.5,0.47149,3.61908,0.00903
37,100,1,0.01,0.3,0.5,0.47149,3.61907,0.00891
38,100,1,0.01,0.3,0.5,0.47149,3.61904,0.00918
39,100,1,0.01,0.3,0.5,0.47149,3.61902,0.00942
40,100,1,0.01,0.3,0.5,0.47149,3.61904,0.0098
41,100,1,0.01,0.3,0.5,0.47149,3.61905,0.00895
42,100,1,0.01,0.3,0.5,0.47149,3.61904,0.00904
43,100,1,0.01,0.3,0.5,0.47149,3.61903,0.009
44,100,1,0.01,0.3,0.5,0.47149,3.61918,0.00892
45,100,1,0.01,0.3,0.5,0.47149,3.61903,0.00908
46,100,1,0.01,0.3,0.5,0.47149,3.61906,0.00886
47,100,1,0.01,0.3,0.5,0.47149,3.61908,0.00892
48,100,1,0.01,0.3,0.5,0.47149,3.61903,0.00908
49,100,1,0.01,0.3,0.5,0.47149,3.61906,0.00921
50,100,1,0.01,0.3,0.5,0.47149,3.61906,0.00887
51,100,1,0.01,0.3,0.5,0.47149,3.61903,0.00907
52,100,1,0.01,0.3,0.5,0.47149,3.61899,0.00922
53,100,1,0.01,0.3,0.5,0.47149,3.61907,0.00898
54,100,1,0.01,0.3,0.5,0.47149,3.61909,0.00899
55,100,1,0.01,0.3,0.5,0.47149,3.61904,0.00941
56,100,1,0.01,0.3,0.5,0.47149,3.61909,0.00888
57,100,1,0.01,0.3,0.5,0.47149,3.61905,0.009
58,100,1,0.01,0.3,0.5,0.47149,3.6191,0.00895
59,100,1,0.01,0.3,0.5,0.47149,3.61906,0.00916
60,100,1,0.01,0.3,0.5,0.47149,3.61902,0.00904
61,100,1,0.01,0.3,0.5,0.47149,3.61909,0.00892
62,100,1,0.01,0.3,0.5,0.47149,3.61905,0.00922
63,100,1,0.01,0.3,0.5,0.47149,3.61905,0.00919
64,100,1,0.01,0.3,0.5,0.47149,3.61905,0.00932
65,100,1,0.01,0.3,0.5,0.47149,3.61907,0.00921
66,100,1,0.01,0.3,0.5,0.47149,3.61903,0.00907
67,100,1,0.01,0.3,0.5,0.47149,3.61908,0.00919
68,100,1,0.01,0.3,0.5,0.47149,3.61905,0.00896
69,100,1,0.01,0.3,0.5,0.47149,3.61905,0.00896
70,100,1,0.01,0.3,0.5,0.47149,3.61906,0.00934
71,100,1,0.01,0.3,0.5,0.47149,3.61908,0.0095
72,100,1,0.01,0.3,0.5,0.47149,3.61901,0.00941
73,100,1,0.01,0.3,0.5,0.47149,3.61904,0.00906
74,100,1,0.01,0.3,0.5,0.47149,3.61911,0.00894
75,100,1,0.01,0.3,0.5,0.47149,3.61906,0.00903
76,100,1,0.01,0.3,0.5,0.47149,3.61905,0.0092
77,100,1,0.01,0.3,0.5,0.47149,3.61908,0.00913
78,100,1,0.01,0.3,0.5,0.47149,3.61907,0.00999
79,100,1,0.01,0.3,0.5,0.47149,3.61906,0.00904
80,100,1,0.01,0.3,0.5,0.47149,3.61907,0.0092
81,100,1,0.01,0.3,0.5,0.47149,3.61904,0.00902
82,100,1,0.01,0.3,0.5,0.47149,3.61908,0.00919
83,100,1,0.01,0.3,0.5,0.47149,3.61904,0.0094
84,100,1,0.01,0.3,0.5,0.47149,3.61902,0.00918
85,100,1,0.01,0.3,0.5,0.47149,3.61905,0.00901
86,100,1,0.01,0.3,0.5,0.47149,3.61906,0.00904
87,100,1,0.01,0.3,0.5,0.47149,3.61907,0.00901
88,100,1,0.01,0.3,0.5,0.47149,3.61906,0.0089
89,100,1,0.01,0.3,0.5,0.47149,3.61906,0.00884
90,100,1,0.01,0.3,0.5,0.47149,3.61901,0.00924
91,100,1,0.01,0.3,0.5,0.47149,3.61908,0.0094
92,100,1,0.01,0.3,0.5,0.47149,3.61902,0.00924
93,100,1,0.01,0.3,0.5,0.47149,3.61904,0.0091
94,100,1,0.01,0.3,0.5,0.47149,3.61904,0.00897
95,100,1,0.01,0.3,0.5,0.47149,3.61902,0.00927
96,100,1,0.01,0.3,0.5,0.47149,3.61905,0.00926
97,100,1,0.01,0.3,0.5,0.47149,3.61904,0.00911
98,100,1,0.01,0.3,0.5,0.47149,3.61908,0.00897
99,100,1,0.01,0.3,0.5,0.47149,3.61907,0.00963
0,100,1,0.01,0.3,0.5,0.39069,3.61815,0.01304
1,100,1,0.01,0.3,0.5,0.39069,3.61815,0.01275
2,100,1,0.01,0.3,0.5,0.39069,3.61812,0.01352
3,100,1,0.01,0.3,0.5,0.39069,3.61821,0.01286
4,100,1,0.01,0.3,0.5,0.39069,3.61815,0.01289
5,100,1,0.01,0.3,0.5,0.39069,3.61825,0.01272
6,100,1,0.01,0.3,0.5,0.39069,3.61817,0.0127
7,100,1,0.01,0.3,0.5,0.39069,3.61815,0.01257
8,100,1,0.01,0.3,0.5,0.39069,3.61818,0.01273
9,100,1,0.01,0.3,0.5,0.39069,3.61824,0.01295
10,100,1,0.01,0.3,0.5,0.39069,3.61815,0.01285
11,100,1,0.01,0.3,0.5,0.39069,3.61813,0.01325
12,100,1,0.01,0.3,0.5,0.39069,3.61816,0.01267
13,100,1,0.01,0.3,0.5,0.39069,3.61814,0.01288
14,100,1,0.01,0.3,0.5,0.39069,3.61813,0.01289
15,100,1,0.01,0.3,0.5,0.39069,3.61815,0.01265
16,100,1,0.01,0.3,0.5,0.39069,3.6182,0.01271
17,100,1,0.01,0.3,0.5,0.39069,3.61819,0.01329
18,100,1,0.01,0.3,0.5,0.39069,3.61819,0.01275
19,100,1,0.01,0.3,0.5,0.39069,3.61819,0.01273
20,100,1,0.01,0.3,0.5,0.39069,3.61814,0.01262
21,100,1,0.01,0.3,0.5,0.39069,3.61818,0.01264
22,100,1,0.01,0.3,0.5,0.39069,3.61809,0.01333
23,100,1,0.01,0.3,0.5,0.39069,3.6182,0.01247
24,100,1,0.01,0.3,0.5,0.39069,3.61812,0.01331
25,100,1,0.01,0.3,0.5,0.39069,3.61816,0.01275
26,100,1,0.01,0.3,0.5,0.39069,3.61814,0.01305
27,100,1,0.01,0.3,0.5,0.39069,3.6182,0.01269
28,100,1,0.01,0.3,0.5,0.39069,3.61821,0.01239
29,100,1,0.01,0.3,0.5,0.39069,3.61813,0.01278
30,100,1,0.01,0.3,0.5,0.39069,3.61811,0.01271
31,100,1,0.01,0.3,0.5,0.39069,3.61818,0.01269
32,100,1,0.01,0.3,0.5,0.39069,3.61816,0.01331
33,100,1,0.01,0.3,0.5,0.39069,3.61821,0.01231
34,100,1,0.01,0.3,0.5,0.39069,3.61819,0.01293
35,100,1,0.01,0.3,0.5,0.39069,3.61821,0.01251
36,100,1,0.01,0.3,0.5,0.39069,3.61821,0.01268
37,100,1,0.01,0.3,0.5,0.39069,3.61819,0.01249
38,100,1,0.01,0.3,0.5,0.39069,3.61815,0.0129
39,100,1,0.01,0.3,0.5,0.39069,3.61812,0.01324
40,100,1,0.01,0.3,0.5,0.39069,3.61815,0.0138
41,100,1,0.01,0.3,0.5,0.39069,3.61816,0.01255
42,100,1,0.01,0.3,0.5,0.39069,3.61815,0.01268
43,100,1,0.01,0.3,0.5,0.39069,3.61814,0.01262
44,100,1,0.01,0.3,0.5,0.39069,3.61833,0.01258
45,100,1,0.01,0.3,0.5,0.39069,3.61814,0.01275
46,100,1,0.01,0.3,0.5,0.39069,3.61818,0.01242
47,100,1,0.01,0.3,0.5,0.39069,3.6182,0.01252
48,100,1,0.01,0.3,0.5,0.39069,3.61813,0.01275
49,100,1,0.01,0.3,0.5,0.39069,3.61817,0.01295
50,100,1,0.01,0.3,0.5,0.39069,3.61818,0.01243
51,100,1,0.01,0.3,0.5,0.39069,3.61814,0.01273
52,100,1,0.01,0.3,0.5,0.39069,3.61808,0.01294
53,100,1,0.01,0.3,0.5,0.39069,3.61819,0.0126
54,100,1,0.01,0.3,0.5,0.39069,3.61822,0.01261
55,100,1,0.01,0.3,0.5,0.39069,3.61815,0.01323
56,100,1,0.01,0.3,0.5,0.39069,3.61822,0.01246
57,100,1,0.01,0.3,0.5,0.39069,3.61817,0.01263
58,100,1,0.01,0.3,0.5,0.39069,3.61823,0.01259
59,100,1,0.01,0.3,0.5,0.39069,3.61818,0.01287
60,100,1,0.01,0.3,0.5,0.39069,3.61812,0.01268
61,100,1,0.01,0.3,0.5,0.39069,3.61821,0.01253
62,100,1,0.01,0.3,0.5,0.39069,3.61817,0.01295
63,100,1,0.01,0.3,0.5,0.39069,3.61817,0.01291
64,100,1,0.01,0.3,0.5,0.39069,3.61817,0.01311
65,100,1,0.01,0.3,0.5,0.39069,3.61819,0.01294
66,100,1,0.01,0.3,0.5,0.39069,3.61814,0.01272
67,100,1,0.01,0.3,0.5,0.39069,3.6182,0.01293
68,100,1,0.01,0.3,0.5,0.39069,3.61816,0.01258
69,100,1,0.01,0.3,0.5,0.39069,3.61816,0.01258
70,100,1,0.01,0.3,0.5,0.39069,3.61818,0.01313
71,100,1,0.01,0.3,0.5,0.39069,3.61821,0.01337
72,100,1,0.01,0.3,0.5,0.39069,3.61811,0.01322
73,100,1,0.01,0.3,0.5,0.39069,3.61815,0.0127
74,100,1,0.01,0.3,0.5,0.39069,3.61824,0.01257
75,100,1,0.01,0.3,0.5,0.39069,3.61819,0.01267
76,100,1,0.01,0.3,0.5,0.39069,3.61817,0.01293
77,100,1,0.01,0.3,0.5,0.39069,3.61821,0.01282
78,100,1,0.01,0.3,0.5,0.39069,3.61819,0.0141
79,100,1,0.01,0.3,0.5,0.39069,3.61818,0.01268
80,100,1,0.01,0.3,0.5,0.39069,3.61819,0.01293
81,100,1,0.01,0.3,0.5,0.39069,3.61815,0.01265
82,100,1,0.01,0.3,0.5,0.39069,3.6182,0.01292
83,100,1,0.01,0.3,0.5,0.39069,3.61814,0.01323
84,100,1,0.01,0.3,0.5,0.39069,3.61812,0.01289
85,100,1,0.01,0.3,0.5,0.39069,3.61817,0.01265
86,100,1,0.01,0.3,0.5,0.39069,3.61819,0.01269
87,100,1,0.01,0.3,0.5,0.39069,3.61819,0.01265
88,100,1,0.01,0.3,0.5,0.39069,3.61818,0.01248
89,100,1,0.01,0.3,0.5,0.39069,3.61818,0.01239
90,100,1,0.01,0.3,0.5,0.39069,3.61811,0.01295
91,100,1,0.01,0.3,0.5,0.39069,3.61821,0.01324
92,100,1,0.01,0.3,0.5,0.39069,3.61813,0.01299
93,100,1,0.01,0.3,0.5,0.39069,3.61815,0.01277
94,100,1,0.01,0.3,0.5,0.39069,3.61816,0.01257
95,100,1,0.01,0.3,0.5,0.39069,3.61812,0.01303
96,100,1,0.01,0.3,0.5,0.39069,3.61816,0.01302
97,100,1,0.01,0.3,0.5,0.39069,3.61814,0.01279
98,100,1,0.01,0.3,0.5,0.39069,3.61821,0.01259
99,100,1,0.01,0.3,0.5,0.39069,3.61819,0.01356
0,100,1,0.01,0.3,0.5,0.32375,3.6169,0.01778
1,100,1,0.01,0.3,0.5,0.32375,3.6169,0.01733
2,100,1,0.01,0.3,0.5,0.32375,3.61687,0.01847
3,100,1,0.01,0.3,0.5,0.32375,3.61699,0.01753
4,100,1,0.01,0.3,0.5,0.32375,3.61691,0.01753
5,100,1,0.01,0.3,0.5,0.32375,3.61704,0.01736
6,100,1,0.01,0.3,0.5,0.32375,3.61694,0.01729
7,100,1,0.01,0.3,0.5,0.32375,3.61691,0.01706
8,100,1,0.01,0.3,0.5,0.32375,3.61695,0.01733
9,100,1,0.01,0.3,0.5,0.32375,3.61703,0.01772
10,100,1,0.01,0.3,0.5,0.32375,3.61691,0.01749
11,100,1,0.01,0.3,0.5,0.32375,3.61689,0.01809
12,100,1,0.01,0.3,0.5,0.32375,3.61692,0.01721
13,100,1,0.01,0.3,0.5,0.32375,3.61689,0.01752
14,100,1,0.01,0.3,0.5,0.32375,3.61687,0.01753
15,100,1,0.01,0.3,0.5,0.32375,3.61691,0.01719
16,100,1,0.01,0.3,0.5,0.32375,3.61697,0.01732
17,100,1,0.01,0.3,0.5,0.32375,3.61697,0.01817
18,100,1,0.01,0.3,0.5,0.32375,3.61697,0.01735
19,100,1,0.01,0.3,0.5,0.32375,3.61697,0.01732
20,100,1,0.01,0.3,0.5,0.32375,3.6169,0.01713
21,100,1,0.01,0.3,0.5,0.32375,3.61694,0.01719
22,100,1,0.01,0.3,0.5,0.32375,3.61683,0.01817
23,100,1,0.01,0.3,0.5,0.32375,3.61698,0.01694
24,100,1,0.01,0.3,0.5,0.32375,3.61687,0.01816
25,100,1,0.01,0.3,0.5,0.32375,3.61692,0.01735
26,100,1,0.01,0.3,0.5,0.32375,3.61689,0.01779
27,100,1,0.01,0.3,0.5,0.32375,3.61698,0.01725
28,100,1,0.01,0.3,0.5,0.32375,3.61699,0.01683
29,100,1,0.01,0.3,0.5,0.32375,3.61688,0.01737
30,100,1,0.01,0.3,0.5,0.32375,3.61686,0.01725
31,100,1,0.01,0.3,0.5,0.32375,3.61695,0.01727
32,100,1,0.01,0.3,0.5,0.32375,3.61692,0.01819
33,100,1,0.01,0.3,0.5,0.32375,3.617,0.0167
34,100,1,0.01,0.3,0.5,0.32375,3.61695,0.01766
35,100,1,0.01,0.3,0.5,0.32375,3.61699,0.01702
36,100,1,0.01,0.3,0.5,0.32375,3.617,0.01726
37,100,1,0.01,0.3,0.5,0.32375,3.61697,0.01697
38,100,1,0.01,0.3,0.5,0.32375,3.61691,0.01757
39,100,1,0.01,0.3,0.5,0.32375,3.61687,0.01806
40,100,1,0.01,0.3,0.5,0.32375,3.6169,0.01891
41,100,1,0.01,0.3,0.5,0.32375,3.61692,0.01704
42,100,1,0.01,0.3,0.5,0.32375,3.6169,0.01724
43,100,1,0.01,0.3,0.5,0.32375,3.61689,0.01713
44,100,1,0.01,0.3,0.5,0.32375,3.61715,0.01724
45,100,1,0.01,0.3,0.5,0.32375,3.61689,0.01733
46,100,1,0.01,0.3,0.5,0.32375,3.61696,0.01685
47,100,1,0.01,0.3,0.5,0.32375,3.61698,0.01704
48,100,1,0.01,0.3,0.5,0.32375,3.61688,0.01734
49,100,1,0.01,0.3,0.5,0.32375,3.61694,0.01765
50,100,1,0.01,0.3,0.5,0.32375,3.61696,0.01687
51,100,1,0.01,0.3,0.5,0.32375,3.61689,0.01729
52,100,1,0.01,0.3,0.5,0.32375,3.61681,0.01758
53,100,1,0.01,0.3,0.5,0.32375,3.61696,0.01712
54,100,1,0.01,0.3,0.5,0.32375,3.61701,0.01715
55,100,1,0.01,0.3,0.5,0.32375,3.61692,0.01806
56,100,1,0.01,0.3,0.5,0.32375,3.61701,0.01695
57,100,1,0.01,0.3,0.5,0.32375,3.61694,0.01716
58,100,1,0.01,0.3,0.5,0.32375,3.61701,0.01715
59,100,1,0.01,0.3,0.5,0.32375,3.61695,0.01753
60,100,1,0.01,0.3,0.5,0.32375,3.61687,0.01723
61,100,1,0.01,0.3,0.5,0.32375,3.61699,0.01707
62,100,1,0.01,0.3,0.5,0.32375,3.61693,0.01765
63,100,1,0.01,0.3,0.5,0.32375,3.61694,0.01757
64,100,1,0.01,0.3,0.5,0.32375,3.61693,0.01791
65,100,1,0.01,0.3,0.5,0.32375,3.61697,0.01766
66,100,1,0.01,0.3,0.5,0.32375,3.6169,0.01729
67,100,1,0.01,0.3,0.5,0.32375,3.61697,0.01766
68,100,1,0.01,0.3,0.5,0.32375,3.61692,0.01709
69,100,1,0.01,0.3,0.5,0.32375,3.61692,0.01709
70,100,1,0.01,0.3,0.5,0.32375,3.61695,0.01791
71,100,1,0.01,0.3,0.5,0.32375,3.617,0.01828
72,100,1,0.01,0.3,0.5,0.32375,3.61686,0.01801
73,100,1,0.01,0.3,0.5,0.32375,3.61691,0.01726
74,100,1,0.01,0.3,0.5,0.32375,3.61703,0.01714
75,100,1,0.01,0.3,0.5,0.32375,3.61696,0.01723
76,100,1,0.01,0.3,0.5,0.32375,3.61693,0.01762
77,100,1,0.01,0.3,0.5,0.32375,3.61699,0.01748
78,100,1,0.01,0.3,0.5,0.32375,3.61696,0.01939
79,100,1,0.01,0.3,0.5,0.32375,3.61695,0.01725
80,100,1,0.01,0.3,0.5,0.32375,3.61696,0.01765
81,100,1,0.01,0.3,0.5,0.32375,3.61692,0.01719
82,100,1,0.01,0.3,0.5,0.32375,3.61698,0.01763
83,100,1,0.01,0.3,0.5,0.32375,3.61689,0.01807
84,100,1,0.01,0.3,0.5,0.32375,3.61687,0.01753
85,100,1,0.01,0.3,0.5,0.32375,3.61693,0.01719
86,100,1,0.01,0.3,0.5,0.32375,3.61696,0.01725
87,100,1,0.01,0.3,0.5,0.32375,3.61697,0.01723
88,100,1,0.01,0.3,0.5,0.32375,3.61694,0.01696
89,100,1,0.01,0.3,0.5,0.32375,3.61695,0.0168
90,100,1,0.01,0.3,0.5,0.32375,3.61685,0.01761
91,100,1,0.01,0.3,0.5,0.32375,3.61699,0.01813
92,100,1,0.01,0.3,0.5,0.32375,3.61687,0.01769
93,100,1,0.01,0.3,0.5,0.32375,3.61691,0.01737
94,100,1,0.01,0.3,0.5,0.32375,3.61692,0.01707
95,100,1,0.01,0.3,0.5,0.32375,3.61687,0.01775
96,100,1,0.01,0.3,0.5,0.32375,3.61692,0.01777
97,100,1,0.01,0.3,0.5,0.32375,3.6169,0.01739
98,100,1,0.01,0.3,0.5,0.32375,3.61699,0.01714
99,100,1,0.01,0.3,0.5,0.32375,3.61697,0.01857
0,100,1,0.01,0.3,0.5,0.26827,3.61518,0.02316
1,100,1,0.01,0.3,0.5,0.26827,3.61518,0.02244
2,100,1,0.01,0.3,0.5,0.26827,3.61515,0.02416
3,100,1,0.01,0.3,0.5,0.26827,3.61531,0.02281
4,100,1,0.01,0.3,0.5,0.26827,3.6152,0.02274
5,100,1,0.01,0.3,0.5,0.26827,3.61536,0.02265
6,100,1,0.01,0.3,0.5,0.26827,3.61522,0.02243
7,100,1,0.01,0.3,0.5,0.26827,3.6152,0.022
8,100,1,0.01,0.3,0.5,0.26827,3.61524,0.0225
9,100,1,0.01,0.3,0.5,0.26827,3.61535,0.02321
10,100,1,0.01,0.3,0.5,0.26827,3.6152,0.02269
11,100,1,0.01,0.3,0.5,0.26827,3.61516,0.02361
12,100,1,0.01,0.3,0.5,0.26827,3.61522,0.02227
13,100,1,0.01,0.3,0.5,0.26827,3.61517,0.02272
14,100,1,0.01,0.3,0.5,0.26827,3.61515,0.02272
15,100,1,0.01,0.3,0.5,0.26827,3.6152,0.02223
16,100,1,0.01,0.3,0.5,0.26827,3.61527,0.02251
17,100,1,0.01,0.3,0.5,0.26827,3.61527,0.0238
18,100,1,0.01,0.3,0.5,0.26827,3.61528,0.02251
19,100,1,0.01,0.3,0.5,0.26827,3.61528,0.02247
20,100,1,0.01,0.3,0.5,0.26827,3.61518,0.02211
21,100,1,0.01,0.3,0.5,0.26827,3.61524,0.02226
22,100,1,0.01,0.3,0.5,0.26827,3.61508,0.02367
23,100,1,0.01,0.3,0.5,0.26827,3.61529,0.02191
24,100,1,0.01,0.3,0.5,0.26827,3.61514,0.02369
25,100,1,0.01,0.3,0.5,0.26827,3.61522,0.02248
26,100,1,0.01,0.3,0.5,0.26827,3.61517,0.02314
27,100,1,0.01,0.3,0.5,0.26827,3.61529,0.02236
28,100,1,0.01,0.3,0.5,0.26827,3.61531,0.02175
29,100,1,0.01,0.3,0.5,0.26827,3.61515,0.02248
30,100,1,0.01,0.3,0.5,0.26827,3.61512,0.02227
31,100,1,0.01,0.3,0.5,0.26827,3.61525,0.02239
32,100,1,0.01,0.3,0.5,0.26827,3.61522,0.02379
33,100,1,0.01,0.3,0.5,0.26827,3.61532,0.02152
34,100,1,0.01,0.3,0.5,0.26827,3.61525,0.02304
35,100,1,0.01,0.3,0.5,0.26827,3.6153,0.02206
36,100,1,0.01,0.3,0.5,0.26827,3.61532,0.0224
37,100,1,0.01,0.3,0.5,0.26827,3.61528,0.02192
38,100,1,0.01,0.3,0.5,0.26827,3.61519,0.02282
39,100,1,0.01,0.3,0.5,0.26827,3.61514,0.02357
40,100,1,0.01,0.3,0.5,0.26827,3.61519,0.02489
41,100,1,0.01,0.3,0.5,0.26827,3.61521,0.02201
42,100,1,0.01,0.3,0.5,0.26827,3.61519,0.0223
43,100,1,0.01,0.3,0.5,0.26827,3.61517,0.02211
44,100,1,0.01,0.3,0.5,0.26827,3.6155,0.02261
45,100,1,0.01,0.3,0.5,0.26827,3.61518,0.02244
46,100,1,0.01,0.3,0.5,0.26827,3.61527,0.02171
47,100,1,0.01,0.3,0.5,0.26827,3.61529,0.02206
48,100,1,0.01,0.3,0.5,0.26827,3.61515,0.02245
49,100,1,0.01,0.3,0.5,0.26827,3.61523,0.02297
50,100,1,0.01,0.3,0.5,0.26827,3.61526,0.02174
51,100,1,0.01,0.3,0.5,0.26827,3.61517,0.02237
52,100,1,0.01,0.3,0.5,0.26827,3.61505,0.02276
53,100,1,0.01,0.3,0.5,0.26827,3.61527,0.02213
54,100,1,0.01,0.3,0.5,0.26827,3.61534,0.02222
55,100,1,0.01,0.3,0.5,0.26827,3.61521,0.02357
56,100,1,0.01,0.3,0.5,0.26827,3.61533,0.02194
57,100,1,0.01,0.3,0.5,0.26827,3.61524,0.0222
58,100,1,0.01,0.3,0.5,0.26827,3.61533,0.02228
59,100,1,0.01,0.3,0.5,0.26827,3.61525,0.02278
60,100,1,0.01,0.3,0.5,0.26827,3.61514,0.02226
61,100,1,0.01,0.3,0.5,0.26827,3.6153,0.02215
62,100,1,0.01,0.3,0.5,0.26827,3.61522,0.02296
63,100,1,0.01,0.3,0.5,0.26827,3.61524,0.02282
64,100,1,0.01,0.3,0.5,0.26827,3.61522,0.0234
65,100,1,0.01,0.3,0.5,0.26827,3.61528,0.02302
66,100,1,0.01,0.3,0.5,0.26827,3.61518,0.02237
67,100,1,0.01,0.3,0.5,0.26827,3.61527,0.02305
68,100,1,0.01,0.3,0.5,0.26827,3.61521,0.02208
69,100,1,0.01,0.3,0.5,0.26827,3.61521,0.0221
70,100,1,0.01,0.3,0.5,0.26827,3.61526,0.02338
71,100,1,0.01,0.3,0.5,0.26827,3.61532,0.02396
72,100,1,0.01,0.3,0.5,0.26827,3.61513,0.02346
73,100,1,0.01,0.3,0.5,0.26827,3.61519,0.02232
74,100,1,0.01,0.3,0.5,0.26827,3.61535,0.02229
75,100,1,0.01,0.3,0.5,0.26827,3.61527,0.02231
76,100,1,0.01,0.3,0.5,0.26827,3.61522,0.02292
77,100,1,0.01,0.3,0.5,0.26827,3.61531,0.02274
78,100,1,0.01,0.3,0.5,0.26827,3.61527,0.02568
79,100,1,0.01,0.3,0.5,0.26827,3.61525,0.02236
80,100,1,0.01,0.3,0.5,0.26827,3.61527,0.02301
81,100,1,0.01,0.3,0.5,0.26827,3.61521,0.02221
82,100,1,0.01,0.3,0.5,0.26827,3.61529,0.02297
83,100,1,0.01,0.3,0.5,0.26827,3.61515,0.02361
84,100,1,0.01,0.3,0.5,0.26827,3.61514,0.02272
85,100,1,0.01,0.3,0.5,0.26827,3.61523,0.02225
86,100,1,0.01,0.3,0.5,0.26827,3.61527,0.02234
87,100,1,0.01,0.3,0.5,0.26827,3.61527,0.02237
88,100,1,0.01,0.3,0.5,0.26827,3.61524,0.0219
89,100,1,0.01,0.3,0.5,0.26827,3.61525,0.02164
90,100,1,0.01,0.3,0.5,0.26827,3.61511,0.0228
91,100,1,0.01,0.3,0.5,0.26827,3.6153,0.0238
92,100,1,0.01,0.3,0.5,0.26827,3.61514,0.02299
93,100,1,0.01,0.3,0.5,0.26827,3.6152,0.02249
94,100,1,0.01,0.3,0.5,0.26827,3.61521,0.02204
95,100,1,0.01,0.3,0.5,0.26827,3.61514,0.02309
96,100,1,0.01,0.3,0.5,0.26827,3.6152,0.02316
97,100,1,0.01,0.3,0.5,0.26827,3.61518,0.02254
98,100,1,0.01,0.3,0.5,0.26827,3.61531,0.02221
99,100,1,0.01,0.3,0.5,0.26827,3.61528,0.0244
0,100,1,0.01,0.3,0.5,0.2223,3.61284,0.02848
1,100,1,0.01,0.3,0.5,0.2223,3.61285,0.02728
2,100,1,0.01,0.3,0.5,0.2223,3.6128,0.03
3,100,1,0.01,0.3,0.5,0.2223,3.61303,0.02801
4,100,1,0.01,0.3,0.5,0.2223,3.61287,0.02777
5,100,1,0.01,0.3,0.5,0.2223,3.61308,0.02793
6,100,1,0.01,0.3,0.5,0.2223,3.61289,0.02736
7,100,1,0.01,0.3,0.5,0.2223,3.61286,0.02655
8,100,1,0.01,0.3,0.5,0.2223,3.61292,0.02749
9,100,1,0.01,0.3,0.5,0.2223,3.61305,0.02884
10,100,1,0.01,0.3,0.5,0.2223,3.61287,0.02772
11,100,1,0.01,0.3,0.5,0.2223,3.61282,0.02916
12,100,1,0.01,0.3,0.5,0.2223,3.61289,0.02704
13,100,1,0.01,0.3,0.5,0.2223,3.61283,0.02773
14,100,1,0.01,0.3,0.5,0.2223,3.6128,0.0277
15,100,1,0.01,0.3,0.5,0.2223,3.61287,0.02697
16,100,1,0.01,0.3,0.5,0.2223,3.61295,0.02757
17,100,1,0.01,0.3,0.5,0.2223,3.61297,0.0296
18,100,1,0.01,0.3,0.5,0.2223,3.61299,0.02749
19,100,1,0.01,0.3,0.5,0.2223,3.61298,0.02743
20,100,1,0.01,0.3,0.5,0.2223,3.61284,0.02672
21,100,1,0.01,0.3,0.5,0.2223,3.61291,0.02707
22,100,1,0.01,0.3,0.5,0.2223,3.6127,0.02913
23,100,1,0.01,0.3,0.5,0.2223,3.61299,0.02658
24,100,1,0.01,0.3,0.5,0.2223,3.61279,0.02924
25,100,1,0.01,0.3,0.5,0.2223,3.61289,0.02738
26,100,1,0.01,0.3,0.5,0.2223,3.61283,0.0284
27,100,1,0.01,0.3,0.5,0.2223,3.613,0.02726
28,100,1,0.01,0.3,0.5,0.2223,3.61301,0.02635
29,100,1,0.01,0.3,0.5,0.2223,3.6128,0.02732
30,100,1,0.01,0.3,0.5,0.2223,3.61276,0.02694
31,100,1,0.01,0.3,0.5,0.2223,3.61293,0.02731
32,100,1,0.01,0.3,0.5,0.2223,3.61289,0.0295
33,100,1,0.01,0.3,0.5,0.2223,3.61303,0.02593
34,100,1,0.01,0.3,0.5,0.2223,3.61292,0.02841
35,100,1,0.01,0.3,0.5,0.2223,3.613,0.02686
36,100,1,0.01,0.3,0.5,0.2223,3.61304,0.02737
37,100,1,0.01,0.3,0.5,0.2223,3.61299,0.02654
38,100,1,0.01,0.3,0.5,0.2223,3.61285,0.02793
39,100,1,0.01,0.3,0.5,0.2223,3.6128,0.02907
40,100,1,0.01,0.3,0.5,0.2223,3.61286,0.03124
41,100,1,0.01,0.3,0.5,0.2223,3.61289,0.02662
42,100,1,0.01,0.3,0.5,0.2223,3.61284,0.02709
43,100,1,0.01,0.3,0.5,0.2223,3.61283,0.02672
44,100,1,0.01,0.3,0.5,0.2223,3.61324,0.02814
45,100,1,0.01,0.3,0.5,0.2223,3.61284,0.02727
46,100,1,0.01,0.3,0.5,0.2223,3.61296,0.02616
47,100,1,0.01,0.3,0.5,0.2223,3.61298,0.02683
48,100,1,0.01,0.3,0.5,0.2223,3.6128,0.02731
49,100,1,0.01,0.3,0.5,0.2223,3.61292,0.02821
50,100,1,0.01,0.3,0.5,0.2223,3.61296,0.02621
51,100,1,0.01,0.3,0.5,0.2223,3.61283,0.02715
52,100,1,0.01,0.3,0.5,0.2223,3.61267,0.02764
53,100,1,0.01,0.3,0.5,0.2223,3.61298,0.02687
54,100,1,0.01,0.3,0.5,0.2223,3.61307,0.02707
55,100,1,0.01,0.3,0.5,0.2223,3.61289,0.02912
56,100,1,0.01,0.3,0.5,0.2223,3.61305,0.02665
57,100,1,0.01,0.3,0.5,0.2223,3.61293,0.02696
58,100,1,0.01,0.3,0.5,0.2223,3.61304,0.02727
59,100,1,0.01,0.3,0.5,0.2223,3.61294,0.02791
60,100,1,0.01,0.3,0.5,0.2223,3.61279,0.02695
61,100,1,0.01,0.3,0.5,0.2223,3.61299,0.02704
62,100,1,0.01,0.3,0.5,0.2223,3.61289,0.02817
63,100,1,0.01,0.3,0.5,0.2223,3.61293,0.02793
64,100,1,0.01,0.3,0.5,0.2223,3.61289,0.02895
65,100,1,0.01,0.3,0.5,0.2223,3.61297,0.02835
66,100,1,0.01,0.3,0.5,0.2223,3.61284,0.02718
67,100,1,0.01,0.3,0.5,0.2223,3.61296,0.02844
68,100,1,0.01,0.3,0.5,0.2223,3.61288,0.02675
69,100,1,0.01,0.3,0.5,0.2223,3.61287,0.02677
70,100,1,0.01,0.3,0.5,0.2223,3.61296,0.02889
71,100,1,0.01,0.3,0.5,0.2223,3.61305,0.02986
72,100,1,0.01,0.3,0.5,0.2223,3.61278,0.02885
73,100,1,0.01,0.3,0.5,0.2223,3.61285,0.02708
74,100,1,0.01,0.3,0.5,0.2223,3.61306,0.02732
75,100,1,0.01,0.3,0.5,0.2223,3.61296,0.02714
76,100,1,0.01,0.3,0.5,0.2223,3.6129,0.02815
77,100,1,0.01,0.3,0.5,0.2223,3.61302,0.02793
78,100,1,0.01,0.3,0.5,0.2223,3.61297,0.03258
79,100,1,0.01,0.3,0.5,0.2223,3.61294,0.02725
80,100,1,0.01,0.3,0.5,0.2223,3.61296,0.02835
81,100,1,0.01,0.3,0.5,0.2223,3.61288,0.02693
82,100,1,0.01,0.3,0.5,0.2223,3.613,0.02828
83,100,1,0.01,0.3,0.5,0.2223,3.61279,0.0292
84,100,1,0.01,0.3,0.5,0.2223,3.61278,0.02768
85,100,1,0.01,0.3,0.5,0.2223,3.61291,0.02704
86,100,1,0.01,0.3,0.5,0.2223,3.61297,0.0272
87,100,1,0.01,0.3,0.5,0.2223,3.61295,0.02731
88,100,1,0.01,0.3,0.5,0.2223,3.61292,0.02649
89,100,1,0.01,0.3,0.5,0.2223,3.61294,0.02605
90,100,1,0.01,0.3,0.5,0.2223,3.61274,0.02774
91,100,1,0.01,0.3,0.5,0.2223,3.613,0.02968
92,100,1,0.01,0.3,0.5,0.2223,3.61278,0.02816
93,100,1,0.01,0.3,0.5,0.2223,3.61287,0.02737
94,100,1,0.01,0.3,0.5,0.2223,3.61288,0.02665
95,100,1,0.01,0.3,0.5,0.2223,3.61278,0.02833
96,100,1,0.01,0.3,0.5,0.2223,3.61286,0.02852
97,100,1,0.01,0.3,0.5,0.2223,3.61284,0.02745
98,100,1,0.01,0.3,0.5,0.2223,3.61301,0.02708
99,100,1,0.01,0.3,0.5,0.2223,3.61298,0.03056
0,100,1,0.01,0.3,0.5,0.18421,3.60971,0.03296
1,100,1,0.01,0.3,0.5,0.18421,3.60972,0.03088
2,100,1,0.01,0.3,0.5,0.18421,3.60968,0.03535
3,100,1,0.01,0.3,0.5,0.18421,3.60998,0.0324
4,100,1,0.01,0.3,0.5,0.18421,3.60977,0.03172
5,100,1,0.01,0.3,0.5,0.18421,3.61003,0.03252
6,100,1,0.01,0.3,0.5,0.18421,3.60977,0.03119
7,100,1,0.01,0.3,0.5,0.18421,3.60975,0.02962
8,100,1,0.01,0.3,0.5,0.18421,3.60981,0.03142
9,100,1,0.01,0.3,0.5,0.18421,3.60999,0.03403
10,100,1,0.01,0.3,0.5,0.18421,3.60976,0.03167
11,100,1,0.01,0.3,0.5,0.18421,3.60969,0.03404
12,100,1,0.01,0.3,0.5,0.18421,3.60979,0.03054
13,100,1,0.01,0.3,0.5,0.18421,3.60971,0.03162
14,100,1,0.01,0.3,0.5,0.18421,3.60966,0.03151
15,100,1,0.01,0.3,0.5,0.18421,3.60976,0.03039
16,100,1,0.01,0.3,0.5,0.18421,3.60985,0.03166
17,100,1,0.01,0.3,0.5,0.18421,3.60989,0.03501
18,100,1,0.01,0.3,0.5,0.18421,3.60993,0.03144
19,100,1,0.01,0.3,0.5,0.18421,3.6099,0.03134
20,100,1,0.01,0.3,0.5,0.18421,3.60972,0.0299
21,100,1,0.01,0.3,0.5,0.18421,3.60981,0.03069
22,100,1,0.01,0.3,0.5,0.18421,3.60953,0.03371
23,100,1,0.01,0.3,0.5,0.18421,3.60991,0.02998
24,100,1,0.01,0.3,0.5,0.18421,3.60966,0.03409
25,100,1,0.01,0.3,0.5,0.18421,3.6098,0.03114
26,100,1,0.01,0.3,0.5,0.18421,3.60971,0.03273
27,100,1,0.01,0.3,0.5,0.18421,3.60993,0.03108
28,100,1,0.01,0.3,0.5,0.18421,3.60993,0.02963
29,100,1,0.01,0.3,0.5,0.18421,3.60967,0.03088
30,100,1,0.01,0.3,0.5,0.18421,3.60961,0.03016
31,100,1,0.01,0.3,0.5,0.18421,3.60984,0.03112
32,100,1,0.01,0.3,0.5,0.18421,3.6098,0.0347
33,100,1,0.01,0.3,0.5,0.18421,3.60998,0.02888
34,100,1,0.01,0.3,0.5,0.18421,3.6098,0.03302
35,100,1,0.01,0.3,0.5,0.18421,3.60992,0.03054
36,100,1,0.01,0.3,0.5,0.18421,3.60999,0.03135
37,100,1,0.01,0.3,0.5,0.18421,3.60992,0.02984
38,100,1,0.01,0.3,0.5,0.18421,3.60973,0.03205
39,100,1,0.01,0.3,0.5,0.18421,3.60966,0.03383
40,100,1,0.01,0.3,0.5,0.18421,3.60976,0.03746
41,100,1,0.01,0.3,0.5,0.18421,3.60978,0.02986
42,100,1,0.01,0.3,0.5,0.18421,3.60972,0.03059
43,100,1,0.01,0.3,0.5,0.18421,3.60971,0.02988
44,100,1,0.01,0.3,0.5,0.18421,3.61019,0.03328
45,100,1,0.01,0.3,0.5,0.18421,3.60972,0.03088
46,100,1,0.01,0.3,0.5,0.18421,3.60989,0.02912
47,100,1,0.01,0.3,0.5,0.18421,3.6099,0.03044
48,100,1,0.01,0.3,0.5,0.18421,3.60965,0.03092
49,100,1,0.01,0.3,0.5,0.18421,3.60982,0.03259
50,100,1,0.01,0.3,0.5,0.18421,3.60988,0.02922
51,100,1,0.01,0.3,0.5,0.18421,3.6097,0.03064
52,100,1,0.01,0.3,0.5,0.18421,3.60948,0.0312
53,100,1,0.01,0.3,0.5,0.18421,3.6099,0.03034
54,100,1,0.01,0.3,0.5,0.18421,3.61004,0.03085
55,100,1,0.01,0.3,0.5,0.18421,3.60981,0.03402
56,100,1,0.01,0.3,0.5,0.18421,3.60999,0.0302
57,100,1,0.01,0.3,0.5,0.18421,3.60985,0.03046
58,100,1,0.01,0.3,0.5,0.18421,3.60997,0.0313
59,100,1,0.01,0.3,0.5,0.18421,3.60985,0.0321
60,100,1,0.01,0.3,0.5,0.18421,3.60964,0.03026
61,100,1,0.01,0.3,0.5,0.18421,3.60989,0.03086
62,100,1,0.01,0.3,0.5,0.18421,3.60978,0.03248
63,100,1,0.01,0.3,0.5,0.18421,3.60985,0.03208
64,100,1,0.01,0.3,0.5,0.18421,3.60977,0.03386
65,100,1,0.01,0.3,0.5,0.18421,3.6099,0.03294
66,100,1,0.01,0.3,0.5,0.18421,3.60972,0.03072
67,100,1,0.01,0.3,0.5,0.18421,3.60986,0.03315
68,100,1,0.01,0.3,0.5,0.18421,3.60976,0.03007
69,100,1,0.01,0.3,0.5,0.18421,3.60975,0.0301
70,100,1,0.01,0.3,0.5,0.18421,3.60989,0.03378
71,100,1,0.01,0.3,0.5,0.18421,3.61002,0.03546
72,100,1,0.01,0.3,0.5,0.18421,3.60964,0.03341
73,100,1,0.01,0.3,0.5,0.18421,3.60973,0.03051
74,100,1,0.01,0.3,0.5,0.18421,3.60998,0.03146
75,100,1,0.01,0.3,0.5,0.18421,3.60989,0.03081
76,100,1,0.01,0.3,0.5,0.18421,3.60979,0.03248
77,100,1,0.01,0.3,0.5,0.18421,3.60996,0.03227
78,100,1,0.01,0.3,0.5,0.18421,3.60991,0.0398
79,100,1,0.01,0.3,0.5,0.18421,3.60985,0.031
80,100,1,0.01,0.3,0.5,0.18421,3.60987,0.03297
81,100,1,0.01,0.3,0.5,0.18421,3.60977,0.03031
82,100,1,0.01,0.3,0.5,0.18421,3.60993,0.03286
83,100,1,0.01,0.3,0.5,0.18421,3.60963,0.0341
84,100,1,0.01,0.3,0.5,0.18421,3.60964,0.03147
85,100,1,0.01,0.3,0.5,0.18421,3.60981,0.0306
86,100,1,0.01,0.3,0.5,0.18421,3.6099,0.03092
87,100,1,0.01,0.3,0.5,0.18421,3.60985,0.03122
88,100,1,0.01,0.3,0.5,0.18421,3.60982,0.0297
89,100,1,0.01,0.3,0.5,0.18421,3.60986,0.02893
90,100,1,0.01,0.3,0.5,0.18421,3.60959,0.03143
91,100,1,0.01,0.3,0.5,0.18421,3.60992,0.03527
92,100,1,0.01,0.3,0.5,0.18421,3.60962,0.03231
93,100,1,0.01,0.3,0.5,0.18421,3.60976,0.03105
94,100,1,0.01,0.3,0.5,0.18421,3.60978,0.02986
95,100,1,0.01,0.3,0.5,0.18421,3.60963,0.03262
96,100,1,0.01,0.3,0.5,0.18421,3.60974,0.03308
97,100,1,0.01,0.3,0.5,0.18421,3.60971,0.03118
98,100,1,0.01,0.3,0.5,0.18421,3.60995,0.03087
99,100,1,0.01,0.3,0.5,0.18421,3.60992,0.03658
0,100,1,0.01,0.3,0.5,0.15264,3.60564,0.03637
1,100,1,0.01,0.3,0.5,0.15264,3.60565,0.0327
2,100,1,0.01,0.3,0.5,0.15264,3.60562,0.04023
3,100,1,0.01,0.3,0.5,0.15264,3.60601,0.03582
4,100,1,0.01,0.3,0.5,0.15264,3.60573,0.03419
5,100,1,0.01,0.3,0.5,0.15264,3.60603,0.03642
6,100,1,0.01,0.3,0.5,0.15264,3.60568,0.03347
7,100,1,0.01,0.3,0.5,0.15264,3.60568,0.03044
8,100,1,0.01,0.3,0.5,0.15264,3.60574,0.03393
9,100,1,0.01,0.3,0.5,0.15264,3.60597,0.03893
10,100,1,0.01,0.3,0.5,0.15264,3.6057,0.03415
11,100,1,0.01,0.3,0.5,0.15264,3.60563,0.03808
12,100,1,0.01,0.3,0.5,0.15264,3.60575,0.03223
13,100,1,0.01,0.3,0.5,0.15264,3.60563,0.03399
14,100,1,0.01,0.3,0.5,0.15264,3.60557,0.03367
15,100,1,0.01,0.3,0.5,0.15264,3.6057,0.03189
16,100,1,0.01,0.3,0.5,0.15264,3.6058,0.03455
17,100,1,0.01,0.3,0.5,0.15264,3.60588,0.04017
18,100,1,0.01,0.3,0.5,0.15264,3.60594,0.03405
19,100,1,0.01,0.3,0.5,0.15264,3.60589,0.03384
20,100,1,0.01,0.3,0.5,0.15264,3.60565,0.03092
21,100,1,0.01,0.3,0.5,0.15264,3.60575,0.0326
22,100,1,0.01,0.3,0.5,0.15264,3.6054,0.03708
23,100,1,0.01,0.3,0.5,0.15264,3.60588,0.03161
24,100,1,0.01,0.3,0.5,0.15264,3.60557,0.03806
25,100,1,0.01,0.3,0.5,0.15264,3.60576,0.03331
26,100,1,0.01,0.3,0.5,0.15264,3.60565,0.03585
27,100,1,0.01,0.3,0.5,0.15264,3.60594,0.0335
28,100,1,0.01,0.3,0.5,0.15264,3.6059,0.03105
29,100,1,0.01,0.3,0.5,0.15264,3.60557,0.03258
30,100,1,0.01,0.3,0.5,0.15264,3.6055,0.03116
31,100,1,0.01,0.3,0.5,0.15264,3.60579,0.03343
32,100,1,0.01,0.3,0.5,0.15264,3.60576,0.03936
33,100,1,0.01,0.3,0.5,0.15264,3.60599,0.0297
34,100,1,0.01,0.3,0.5,0.15264,3.60572,0.03673
35,100,1,0.01,0.3,0.5,0.15264,3.6059,0.03272
36,100,1,0.01,0.3,0.5,0.15264,3.60601,0.03407
37,100,1,0.01,0.3,0.5,0.15264,3.60591,0.03128
38,100,1,0.01,0.3,0.5,0.15264,3.60565,0.03484
39,100,1,0.01,0.3,0.5,0.15264,3.60559,0.03765
40,100,1,0.01,0.3,0.5,0.15264,3.60573,0.04378
41,100,1,0.01,0.3,0.5,0.15264,3.60572,0.03105
42,100,1,0.01,0.3,0.5,0.15264,3.60563,0.03225
43,100,1,0.01,0.3,0.5,0.15264,3.60564,0.03086
44,100,1,0.01,0.3,0.5,0.15264,3.60619,0.03827
45,100,1,0.01,0.3,0.5,0.15264,3.60565,0.03271
46,100,1,0.01,0.3,0.5,0.15264,3.60588,0.02987
47,100,1,0.01,0.3,0.5,0.15264,3.60587,0.03244
48,100,1,0.01,0.3,0.5,0.15264,3.60554,0.03272
49,100,1,0.01,0.3,0.5,0.15264,3.60579,0.03589
50,100,1,0.01,0.3,0.5,0.15264,3.60587,0.03003
51,100,1,0.01,0.3,0.5,0.15264,3.60562,0.03224
52,100,1,0.01,0.3,0.5,0.15264,3.60532,0.03272
53,100,1,0.01,0.3,0.5,0.15264,3.6059,0.03205
54,100,1,0.01,0.3,0.5,0.15264,3.6061,0.03324
55,100,1,0.01,0.3,0.5,0.15264,3.60579,0.03817
56,100,1,0.01,0.3,0.5,0.15264,3.60599,0.03213
57,100,1,0.01,0.3,0.5,0.15264,3.60582,0.03219
58,100,1,0.01,0.3,0.5,0.15264,3.60595,0.03414
59,100,1,0.01,0.3,0.5,0.15264,3.60583,0.0351
60,100,1,0.01,0.3,0.5,0.15264,3.60554,0.03147
61,100,1,0.01,0.3,0.5,0.15264,3.60584,0.03329
62,100,1,0.01,0.3,0.5,0.15264,3.60572,0.03561
63,100,1,0.01,0.3,0.5,0.15264,3.60584,0.03501
64,100,1,0.01,0.3,0.5,0.15264,3.6057,0.03811
65,100,1,0.01,0.3,0.5,0.15264,3.60588,0.03666
66,100,1,0.01,0.3,0.5,0.15264,3.60565,0.03243
67,100,1,0.01,0.3,0.5,0.15264,3.60582,0.03708
68,100,1,0.01,0.3,0.5,0.15264,3.60569,0.03141
69,100,1,0.01,0.3,0.5,0.15264,3.60567,0.03145
70,100,1,0.01,0.3,0.5,0.15264,3.60589,0.03804
71,100,1,0.01,0.3,0.5,0.15264,3.60608,0.04097
72,100,1,0.01,0.3,0.5,0.15264,3.60556,0.03685
73,100,1,0.01,0.3,0.5,0.15264,3.60565,0.03202
74,100,1,0.01,0.3,0.5,0.15264,3.60596,0.03454
75,100,1,0.01,0.3,0.5,0.15264,3.60588,0.03289
76,100,1,0.01,0.3,0.5,0.15264,3.60573,0.03571
77,100,1,0.01,0.3,0.5,0.15264,3.60598,0.0356
78,100,1,0.01,0.3,0.5,0.15264,3.60595,0.04777
79,100,1,0.01,0.3,0.5,0.15264,3.60581,0.03321
80,100,1,0.01,0.3,0.5,0.15264,3.60584,0.03677
81,100,1,0.01,0.3,0.5,0.15264,3.60573,0.03176
82,100,1,0.01,0.3,0.5,0.15264,3.60593,0.0366
83,100,1,0.01,0.3,0.5,0.15264,3.60549,0.03813
84,100,1,0.01,0.3,0.5,0.15264,3.60555,0.03358
85,100,1,0.01,0.3,0.5,0.15264,3.60577,0.03244
86,100,1,0.01,0.3,0.5,0.15264,3.6059,0.03311
87,100,1,0.01,0.3,0.5,0.15264,3.60579,0.03374
88,100,1,0.01,0.3,0.5,0.15264,3.60577,0.03089
89,100,1,0.01,0.3,0.5,0.15264,3.60584,0.0295
90,100,1,0.01,0.3,0.5,0.15264,3.60548,0.03327
91,100,1,0.01,0.3,0.5,0.15264,3.60592,0.04073
92,100,1,0.01,0.3,0.5,0.15264,3.6055,0.0351
93,100,1,0.01,0.3,0.5,0.15264,3.6057,0.03302
94,100,1,0.01,0.3,0.5,0.15264,3.60573,0.03101
95,100,1,0.01,0.3,0.5,0.15264,3.60553,0.03564
96,100,1,0.01,0.3,0.5,0.15264,3.60567,0.03664
97,100,1,0.01,0.3,0.5,0.15264,3.60563,0.03325
98,100,1,0.01,0.3,0.5,0.15264,3.60595,0.03326
99,100,1,0.01,0.3,0.5,0.15264,3.60594,0.04276
0,100,1,0.01,0.3,0.5,0.12649,3.60048,0.03952
1,100,1,0.01,0.3,0.5,0.12649,3.60049,0.03312
2,100,1,0.01,0.3,0.5,0.12649,3.6005,0.0457
3,100,1,0.01,0.3,0.5,0.12649,3.60099,0.03923
4,100,1,0.01,0.3,0.5,0.12649,3.60062,0.03579
5,100,1,0.01,0.3,0.5,0.12649,3.60096,0.04077
6,100,1,0.01,0.3,0.5,0.12649,3.6005,0.03481
7,100,1,0.01,0.3,0.5,0.12649,3.60053,0.02905
8,100,1,0.01,0.3,0.5,0.12649,3.60058,0.03569
9,100,1,0.01,0.3,0.5,0.12649,3.60088,0.04476
10,100,1,0.01,0.3,0.5,0.12649,3.60056,0.03579
11,100,1,0.01,0.3,0.5,0.12649,3.60049,0.04217
12,100,1,0.01,0.3,0.5,0.12649,3.60063,0.03252
13,100,1,0.01,0.3,0.5,0.12649,3.60048,0.03545
14,100,1,0.01,0.3,0.5,0.12649,3.6004,0.03463
15,100,1,0.01,0.3,0.5,0.12649,3.60055,0.03177
16,100,1,0.01,0.3,0.5,0.12649,3.60066,0.03708
17,100,1,0.01,0.3,0.5,0.12649,3.60082,0.0463
18,100,1,0.01,0.3,0.5,0.12649,3.6009,0.03605
19,100,1,0.01,0.3,0.5,0.12649,3.60082,0.03563
20,100,1,0.01,0.3,0.5,0.12649,3.6005,0.02991
21,100,1,0.01,0.3,0.5,0.12649,3.60061,0.03331
22,100,1,0.01,0.3,0.5,0.12649,3.60018,0.03985
23,100,1,0.01,0.3,0.5,0.12649,3.60077,0.03199
24,100,1,0.01,0.3,0.5,0.12649,3.60041,0.04204
25,100,1,0.01,0.3,0.5,0.12649,3.60065,0.03449
26,100,1,0.01,0.3,0.5,0.12649,3.60052,0.03845
27,100,1,0.01,0.3,0.5,0.12649,3.60089,0.03528
28,100,1,0.01,0.3,0.5,0.12649,3.60079,0.03105
29,100,1,0.01,0.3,0.5,0.12649,3.60039,0.03273
30,100,1,0.01,0.3,0.5,0.12649,3.6003,0.02995
31,100,1,0.01,0.3,0.5,0.12649,3.60066,0.03483
32,100,1,0.01,0.3,0.5,0.12649,3.60067,0.04448
33,100,1,0.01,0.3,0.5,0.12649,3.60093,0.02861
34,100,1,0.01,0.3,0.5,0.12649,3.60055,0.04039
35,100,1,0.01,0.3,0.5,0.12649,3.60079,0.03409
36,100,1,0.01,0.3,0.5,0.12649,3.60098,0.03637
37,100,1,0.01,0.3,0.5,0.12649,3.60084,0.03131
38,100,1,0.01,0.3,0.5,0.12649,3.60049,0.03708
39,100,1,0.01,0.3,0.5,0.12649,3.60044,0.04135
40,100,1,0.01,0.3,0.5,0.12649,3.60066,0.05134
41,100,1,0.01,0.3,0.5,0.12649,3.60057,0.03043
42,100,1,0.01,0.3,0.5,0.12649,3.60045,0.03242
43,100,1,0.01,0.3,0.5,0.12649,3.60049,0.02973
44,100,1,0.01,0.3,0.5,0.12649,3.60108,0.04441
45,100,1,0.01,0.3,0.5,0.12649,3.6005,0.03318
46,100,1,0.01,0.3,0.5,0.12649,3.6008,0.02852
47,100,1,0.01,0.3,0.5,0.12649,3.60075,0.0335
48,100,1,0.01,0.3,0.5,0.12649,3.60033,0.0331
49,100,1,0.01,0.3,0.5,0.12649,3.6007,0.03893
50,100,1,0.01,0.3,0.5,0.12649,3.60078,0.02879
51,100,1,0.01,0.3,0.5,0.12649,3.60045,0.03225
52,100,1,0.01,0.3,0.5,0.12649,3.60007,0.03231
53,100,1,0.01,0.3,0.5,0.12649,3.60082,0.03247
54,100,1,0.01,0.3,0.5,0.12649,3.6011,0.03502
55,100,1,0.01,0.3,0.5,0.12649,3.60073,0.0425
56,100,1,0.01,0.3,0.5,0.12649,3.60093,0.03311
57,100,1,0.01,0.3,0.5,0.12649,3.60073,0.03264
58,100,1,0.01,0.3,0.5,0.12649,3.60086,0.03668
59,100,1,0.01,0.3,0.5,0.12649,3.60075,0.03771
60,100,1,0.01,0.3,0.5,0.12649,3.60034,0.03071
61,100,1,0.01,0.3,0.5,0.12649,3.6007,0.03506
62,100,1,0.01,0.3,0.5,0.12649,3.60058,0.03836
63,100,1,0.01,0.3,0.5,0.12649,3.60077,0.03753
64,100,1,0.01,0.3,0.5,0.12649,3.60056,0.04273
65,100,1,0.01,0.3,0.5,0.12649,3.60081,0.04046
66,100,1,0.01,0.3,0.5,0.12649,3.6005,0.03267
67,100,1,0.01,0.3,0.5,0.12649,3.6007,0.04125
68,100,1,0.01,0.3,0.5,0.12649,3.60052,0.03104
69,100,1,0.01,0.3,0.5,0.12649,3.60051,0.0311
70,100,1,0.01,0.3,0.5,0.12649,3.60084,0.04274
71,100,1,0.01,0.3,0.5,0.12649,3.6011,0.04765
72,100,1,0.01,0.3,0.5,0.12649,3.60042,0.03994
73,100,1,0.01,0.3,0.5,0.12649,3.60049,0.03186
74,100,1,0.01,0.3,0.5,0.12649,3.60085,0.03752
75,100,1,0.01,0.3,0.5,0.12649,3.6008,0.034
76,100,1,0.01,0.3,0.5,0.12649,3.6006,0.03869
77,100,1,0.01,0.3,0.5,0.12649,3.60093,0.03882
78,100,1,0.01,0.3,0.5,0.12649,3.60097,0.05778
79,100,1,0.01,0.3,0.5,0.12649,3.6007,0.03451
80,100,1,0.01,0.3,0.5,0.12649,3.60074,0.0408
81,100,1,0.01,0.3,0.5,0.12649,3.6006,0.03158
82,100,1,0.01,0.3,0.5,0.12649,3.60088,0.04054
83,100,1,0.01,0.3,0.5,0.12649,3.60026,0.04211
84,100,1,0.01,0.3,0.5,0.12649,3.60038,0.03446
85,100,1,0.01,0.3,0.5,0.12649,3.60066,0.03304
86,100,1,0.01,0.3,0.5,0.12649,3.60084,0.0344
87,100,1,0.01,0.3,0.5,0.12649,3.60065,0.03567
88,100,1,0.01,0.3,0.5,0.12649,3.60062,0.03033
89,100,1,0.01,0.3,0.5,0.12649,3.60074,0.02778
90,100,1,0.01,0.3,0.5,0.12649,3.60027,0.03357
91,100,1,0.01,0.3,0.5,0.12649,3.60085,0.04729
92,100,1,0.01,0.3,0.5,0.12649,3.60029,0.03715
93,100,1,0.01,0.3,0.5,0.12649,3.60057,0.03376
94,100,1,0.01,0.3,0.5,0.12649,3.60059,0.03031
95,100,1,0.01,0.3,0.5,0.12649,3.60034,0.03809
96,100,1,0.01,0.3,0.5,0.12649,3.60051,0.04003
97,100,1,0.01,0.3,0.5,0.12649,3.60047,0.03415
98,100,1,0.01,0.3,0.5,0.12649,3.60088,0.03504
99,100,1,0.01,0.3,0.5,0.12649,3.60091,0.05044
0,100,1,0.01,0.3,0.5,0.10481,3.5942,0.0442
1,100,1,0.01,0.3,0.5,0.10481,3.59419,0.0337
2,100,1,0.01,0.3,0.5,0.10481,3.59428,0.05359
3,100,1,0.01,0.3,0.5,0.10481,3.59487,0.04449
4,100,1,0.01,0.3,0.5,0.10481,3.59439,0.03822
5,100,1,0.01,0.3,0.5,0.10481,3.59476,0.0476
6,100,1,0.01,0.3,0.5,0.10481,3.59415,0.03697
7,100,1,0.01,0.3,0.5,0.10481,3.59423,0.02668
8,100,1,0.01,0.3,0.5,0.10481,3.59427,0.0385
9,100,1,0.01,0.3,0.5,0.10481,3.59467,0.05343
10,100,1,0.01,0.3,0.5,0.10481,3.5943,0.0383
11,100,1,0.01,0.3,0.5,0.10481,3.59425,0.04797
12,100,1,0.01,0.3,0.5,0.10481,3.59438,0.03302
13,100,1,0.01,0.3,0.5,0.10481,3.5942,0.03778
14,100,1,0.01,0.3,0.5,0.10481,3.5941,0.03597
15,100,1,0.01,0.3,0.5,0.10481,3.59427,0.03153
16,100,1,0.01,0.3,0.5,0.10481,3.59437,0.04124
17,100,1,0.01,0.3,0.5,0.10481,3.59465,0.05531
18,100,1,0.01,0.3,0.5,0.10481,3.59476,0.03921
19,100,1,0.01,0.3,0.5,0.10481,3.59463,0.0385
20,100,1,0.01,0.3,0.5,0.10481,3.59421,0.02821
21,100,1,0.01,0.3,0.5,0.10481,3.59433,0.03449
22,100,1,0.01,0.3,0.5,0.10481,3.59385,0.04355
23,100,1,0.01,0.3,0.5,0.10481,3.59452,0.03292
24,100,1,0.01,0.3,0.5,0.10481,3.59413,0.04778
25,100,1,0.01,0.3,0.5,0.10481,3.59441,0.03641
26,100,1,0.01,0.3,0.5,0.10481,3.59427,0.04213
27,100,1,0.01,0.3,0.5,0.10481,3.59472,0.03844
28,100,1,0.01,0.3,0.5,0.10481,3.59453,0.03141
29,100,1,0.01,0.3,0.5,0.10481,3.59406,0.03282
30,100,1,0.01,0.3,0.5,0.10481,3.59394,0.02761
31,100,1,0.01,0.3,0.5,0.10481,3.59439,0.03708
32,100,1,0.01,0.3,0.5,0.10481,3.59448,0.05175
33,100,1,0.01,0.3,0.5,0.10481,3.59474,0.02722
34,100,1,0.01,0.3,0.5,0.10481,3.59423,0.04573
35,100,1,0.01,0.3,0.5,0.10481,3.59453,0.03661
36,100,1,0.01,0.3,0.5,0.10481,3.59483,0.04018
37,100,1,0.01,0.3,0.5,0.10481,3.59463,0.03169
38,100,1,0.01,0.3,0.5,0.10481,3.59419,0.04067
39,100,1,0.01,0.3,0.5,0.10481,3.59418,0.04654
40,100,1,0.01,0.3,0.5,0.10481,3.59454,0.06176
41,100,1,0.01,0.3,0.5,0.10481,3.59429,0.02951
42,100,1,0.01,0.3,0.5,0.10481,3.59411,0.0327
43,100,1,0.01,0.3,0.5,0.10481,3.5942,0.02771
44,100,1,0.01,0.3,0.5,0.10481,3.5948,0.05365
45,100,1,0.01,0.3,0.5,0.10481,3.59421,0.03384
46,100,1,0.01,0.3,0.5,0.10481,3.59458,0.02651
47,100,1,0.01,0.3,0.5,0.10481,3.59449,0.03551
48,100,1,0.01,0.3,0.5,0.10481,3.59397,0.0336
49,100,1,0.01,0.3,0.5,0.10481,3.59449,0.04348
50,100,1,0.01,0.3,0.5,0.10481,3.59456,0.02686
51,100,1,0.01,0.3,0.5,0.10481,3.59413,0.03223
52,100,1,0.01,0.3,0.5,0.10481,3.59365,0.03115
53,100,1,0.01,0.3,0.5,0.10481,3.59462,0.03333
54,100,1,0.01,0.3,0.5,0.10481,3.595,0.03816
55,100,1,0.01,0.3,0.5,0.10481,3.59458,0.0487
56,100,1,0.01,0.3,0.5,0.10481,3.59473,0.03501
57,100,1,0.01,0.3,0.5,0.10481,3.59451,0.03347
58,100,1,0.01,0.3,0.5,0.10481,3.59462,0.04087
59,100,1,0.01,0.3,0.5,0.10481,3.59456,0.04176
60,100,1,0.01,0.3,0.5,0.10481,3.59399,0.02926
61,100,1,0.01,0.3,0.5,0.10481,3.59439,0.0381
62,100,1,0.01,0.3,0.5,0.10481,3.5943,0.04253
63,100,1,0.01,0.3,0.5,0.10481,3.59459,0.04153
64,100,1,0.01,0.3,0.5,0.10481,3.59431,0.04963
65,100,1,0.01,0.3,0.5,0.10481,3.59462,0.04612
66,100,1,0.01,0.3,0.5,0.10481,3.5942,0.03297
67,100,1,0.01,0.3,0.5,0.10481,3.59445,0.04752
68,100,1,0.01,0.3,0.5,0.10481,3.5942,0.0305
69,100,1,0.01,0.3,0.5,0.10481,3.59419,0.03055
70,100,1,0.01,0.3,0.5,0.10481,3.59471,0.04978
71,100,1,0.01,0.3,0.5,0.10481,3.59506,0.05735
72,100,1,0.01,0.3,0.5,0.10481,3.59416,0.04432
73,100,1,0.01,0.3,0.5,0.10481,3.59418,0.03156
74,100,1,0.01,0.3,0.5,0.10481,3.59459,0.04245
75,100,1,0.01,0.3,0.5,0.10481,3.59461,0.036
76,100,1,0.01,0.3,0.5,0.10481,3.59434,0.04334
77,100,1,0.01,0.3,0.5,0.10481,3.59478,0.04378
78,100,1,0.01,0.3,0.5,0.10481,3.59496,0.07128
79,100,1,0.01,0.3,0.5,0.10481,3.59446,0.03674
80,100,1,0.01,0.3,0.5,0.10481,3.59452,0.04701
81,100,1,0.01,0.3,0.5,0.10481,3.59435,0.03129
82,100,1,0.01,0.3,0.5,0.10481,3.59472,0.04661
83,100,1,0.01,0.3,0.5,0.10481,3.59388,0.04768
84,100,1,0.01,0.3,0.5,0.10481,3.59406,0.03568
85,100,1,0.01,0.3,0.5,0.10481,3.59441,0.03411
86,100,1,0.01,0.3,0.5,0.10481,3.59467,0.03665
87,100,1,0.01,0.3,0.5,0.10481,3.59437,0.03897
88,100,1,0.01,0.3,0.5,0.10481,3.59433,0.02957
89,100,1,0.01,0.3,0.5,0.10481,3.59451,0.02498
90,100,1,0.01,0.3,0.5,0.10481,3.59393,0.0338
91,100,1,0.01,0.3,0.5,0.10481,3.59468,0.05671
92,100,1,0.01,0.3,0.5,0.10481,3.59393,0.04029
93,100,1,0.01,0.3,0.5,0.10481,3.59431,0.03492
94,100,1,0.01,0.3,0.5,0.10481,3.59432,0.02926
95,100,1,0.01,0.3,0.5,0.10481,3.59401,0.04166
96,100,1,0.01,0.3,0.5,0.10481,3.59422,0.04497
97,100,1,0.01,0.3,0.5,0.10481,3.59417,0.03556
98,100,1,0.01,0.3,0.5,0.10481,3.59469,0.03821
99,100,1,0.01,0.3,0.5,0.10481,3.59481,0.06151
0,100,1,0.01,0.3,0.5,0.08685,3.58687,0.05194
1,100,1,0.01,0.3,0.5,0.08685,3.58682,0.03641
2,100,1,0.01,0.3,0.5,0.08685,3.58707,0.06515
3,100,1,0.01,0.3,0.5,0.08685,3.58773,0.05304
4,100,1,0.01,0.3,0.5,0.08685,3.58713,0.04321
5,100,1,0.01,0.3,0.5,0.08685,3.58751,0.05838
6,100,1,0.01,0.3,0.5,0.08685,3.58673,0.04196
7,100,1,0.01,0.3,0.5,0.08685,3.58685,0.02578
8,100,1,0.01,0.3,0.5,0.08685,3.58689,0.04427
9,100,1,0.01,0.3,0.5,0.08685,3.58743,0.06612
10,100,1,0.01,0.3,0.5,0.08685,3.58698,0.04344
11,100,1,0.01,0.3,0.5,0.08685,3.587,0.05667
12,100,1,0.01,0.3,0.5,0.08685,3.58707,0.03569
13,100,1,0.01,0.3,0.5,0.08685,3.58686,0.04292
14,100,1,0.01,0.3,0.5,0.08685,3.58674,0.03957
15,100,1,0.01,0.3,0.5,0.08685,3.58691,0.0332
16,100,1,0.01,0.3,0.5,0.08685,3.58702,0.04886
17,100,1,0.01,0.3,0.5,0.08685,3.58748,0.06847
18,100,1,0.01,0.3,0.5,0.08685,3.58758,0.04507
19,100,1,0.01,0.3,0.5,0.08685,3.58739,0.04418
20,100,1,0.01,0.3,0.5,0.08685,3.58684,0.0282
21,100,1,0.01,0.3,0.5,0.08685,3.58698,0.03814
22,100,1,0.01,0.3,0.5,0.08685,3.58649,0.04974
23,100,1,0.01,0.3,0.5,0.08685,3.58719,0.03665
24,100,1,0.01,0.3,0.5,0.08685,3.58682,0.05675
25,100,1,0.01,0.3,0.5,0.08685,3.58712,0.04089
26,100,1,0.01,0.3,0.5,0.08685,3.58699,0.04826
27,100,1,0.01,0.3,0.5,0.08685,3.58752,0.04501
28,100,1,0.01,0.3,0.5,0.08685,3.58719,0.03442
29,100,1,0.01,0.3,0.5,0.08685,3.58666,0.03483
30,100,1,0.01,0.3,0.5,0.08685,3.58651,0.02612
31,100,1,0.01,0.3,0.5,0.08685,3.58705,0.04199
32,100,1,0.01,0.3,0.5,0.08685,3.58729,0.06228
33,100,1,0.01,0.3,0.5,0.08685,3.58748,0.02801
34,100,1,0.01,0.3,0.5,0.08685,3.58684,0.05409
35,100,1,0.01,0.3,0.5,0.08685,3.58721,0.04229
36,100,1,0.01,0.3,0.5,0.08685,3.58766,0.04717
37,100,1,0.01,0.3,0.5,0.08685,3.58736,0.03469
38,100,1,0.01,0.3,0.5,0.08685,3.58683,0.04759
39,100,1,0.01,0.3,0.5,0.08685,3.58689,0.05443
40,100,1,0.01,0.3,0.5,0.08685,3.58747,0.0759
41,100,1,0.01,0.3,0.5,0.08685,3.58693,0.03059
42,100,1,0.01,0.3,0.5,0.08685,3.5867,0.03524
43,100,1,0.01,0.3,0.5,0.08685,3.58684,0.02694
44,100,1,0.01,0.3,0.5,0.08685,3.58743,0.0672
45,100,1,0.01,0.3,0.5,0.08685,3.58686,0.03659
46,100,1,0.01,0.3,0.5,0.08685,3.5873,0.02631
47,100,1,0.01,0.3,0.5,0.08685,3.58716,0.04059
48,100,1,0.01,0.3,0.5,0.08685,3.58652,0.03628
49,100,1,0.01,0.3,0.5,0.08685,3.58724,0.05098
50,100,1,0.01,0.3,0.5,0.08685,3.58728,0.02658
51,100,1,0.01,0.3,0.5,0.08685,3.58675,0.03431
52,100,1,0.01,0.3,0.5,0.08685,3.58617,0.03114
53,100,1,0.01,0.3,0.5,0.08685,3.58737,0.0368
54,100,1,0.01,0.3,0.5,0.08685,3.58788,0.0445
55,100,1,0.01,0.3,0.5,0.08685,3.58742,0.05789
56,100,1,0.01,0.3,0.5,0.08685,3.58746,0.03979
57,100,1,0.01,0.3,0.5,0.08685,3.58724,0.03667
58,100,1,0.01,0.3,0.5,0.08685,3.58732,0.04844
59,100,1,0.01,0.3,0.5,0.08685,3.58733,0.04883
60,100,1,0.01,0.3,0.5,0.08685,3.58656,0.02916
61,100,1,0.01,0.3,0.5,0.08685,3.587,0.04431
62,100,1,0.01,0.3,0.5,0.08685,3.58697,0.04976
63,100,1,0.01,0.3,0.5,0.08685,3.58738,0.04872
64,100,1,0.01,0.3,0.5,0.08685,3.58703,0.0603
65,100,1,0.01,0.3,0.5,0.08685,3.5874,0.05491
66,100,1,0.01,0.3,0.5,0.08685,3.58685,0.03523
67,100,1,0.01,0.3,0.5,0.08685,3.58717,0.05727
68,100,1,0.01,0.3,0.5,0.08685,3.58681,0.03204
69,100,1,0.01,0.3,0.5,0.08685,3.58678,0.03203
70,100,1,0.01,0.3,0.5,0.08685,3.58757,0.06049
71,100,1,0.01,0.3,0.5,0.08685,3.58805,0.07114
72,100,1,0.01,0.3,0.5,0.08685,3.58688,0.05142
73,100,1,0.01,0.3,0.5,0.08685,3.5868,0.03341
74,100,1,0.01,0.3,0.5,0.08685,3.58725,0.0511
75,100,1,0.01,0.3,0.5,0.08685,3.58737,0.04092
76,100,1,0.01,0.3,0.5,0.08685,3.58705,0.05134
77,100,1,0.01,0.3,0.5,0.08685,3.58759,0.05188
78,100,1,0.01,0.3,0.5,0.08685,3.58804,0.0888
79,100,1,0.01,0.3,0.5,0.08685,3.58716,0.04188
80,100,1,0.01,0.3,0.5,0.08685,3.58728,0.05692
81,100,1,0.01,0.3,0.5,0.08685,3.58704,0.03299
82,100,1,0.01,0.3,0.5,0.08685,3.58755,0.0563
83,100,1,0.01,0.3,0.5,0.08685,3.58646,0.05628
84,100,1,0.01,0.3,0.5,0.08685,3.58669,0.03906
85,100,1,0.01,0.3,0.5,0.08685,3.58711,0.03764
86,100,1,0.01,0.3,0.5,0.08685,3.58745,0.04172
87,100,1,0.01,0.3,0.5,0.08685,3.58702,0.04571
88,100,1,0.01,0.3,0.5,0.08685,3.58695,0.03091
89,100,1,0.01,0.3,0.5,0.08685,3.5872,0.02334
90,100,1,0.01,0.3,0.5,0.08685,3.58653,0.03611
91,100,1,0.01,0.3,0.5,0.08685,3.58751,0.06999
92,100,1,0.01,0.3,0.5,0.08685,3.58652,0.04651
93,100,1,0.01,0.3,0.5,0.08685,3.58699,0.03847
94,100,1,0.01,0.3,0.5,0.08685,3.58698,0.03016
95,100,1,0.01,0.3,0.5,0.08685,3.58663,0.04797
96,100,1,0.01,0.3,0.5,0.08685,3.58689,0.05284
97,100,1,0.01,0.3,0.5,0.08685,3.58681,0.03947
98,100,1,0.01,0.3,0.5,0.08685,3.58745,0.04475
99,100,1,0.01,0.3,0.5,0.08685,3.58774,0.07708
0,100,1,0.01,0.3,0.5,0.07197,3.57876,0.06293
1,100,1,0.01,0.3,0.5,0.07197,3.57862,0.04213
2,100,1,0.01,0.3,0.5,0.07197,3.57911,0.08034
3,100,1,0.01,0.3,0.5,0.07197,3.5798,0.06481
4,100,1,0.01,0.3,0.5,0.07197,3.57906,0.05119
5,100,1,0.01,0.3,0.5,0.07197,3.57946,0.07306
6,100,1,0.01,0.3,0.5,0.07197,3.57848,0.05051
7,100,1,0.01,0.3,0.5,0.07197,3.57863,0.02882
8,100,1,0.01,0.3,0.5,0.07197,3.57867,0.05355
9,100,1,0.01,0.3,0.5,0.07197,3.57942,0.08261
10,100,1,0.01,0.3,0.5,0.07197,3.57885,0.05161
11,100,1,0.01,0.3,0.5,0.07197,3.57896,0.06805
12,100,1,0.01,0.3,0.5,0.07197,3.57893,0.04125
13,100,1,0.01,0.3,0.5,0.07197,3.57871,0.05147
14,100,1,0.01,0.3,0.5,0.07197,3.57856,0.0461
15,100,1,0.01,0.3,0.5,0.07197,3.57872,0.0378
16,100,1,0.01,0.3,0.5,0.07197,3.57884,0.06028
17,100,1,0.01,0.3,0.5,0.07197,3.57956,0.08569
18,100,1,0.01,0.3,0.5,0.07197,3.57958,0.05355
19,100,1,0.01,0.3,0.5,0.07197,3.57932,0.05299
20,100,1,0.01,0.3,0.5,0.07197,3.57864,0.03181
21,100,1,0.01,0.3,0.5,0.07197,3.5788,0.04497
22,100,1,0.01,0.3,0.5,0.07197,3.57837,0.05894
23,100,1,0.01,0.3,0.5,0.07197,3.57901,0.04401
24,100,1,0.01,0.3,0.5,0.07197,3.57874,0.06921
25,100,1,0.01,0.3,0.5,0.07197,3.579,0.04832
26,100,1,0.01,0.3,0.5,0.07197,3.5789,0.05674
27,100,1,0.01,0.3,0.5,0.07197,3.57951,0.05553
28,100,1,0.01,0.3,0.5,0.07197,3.57898,0.04102
29,100,1,0.01,0.3,0.5,0.07197,3.57842,0.03973
30,100,1,0.01,0.3,0.5,0.07197,3.57824,0.02728
31,100,1,0.01,0.3,0.5,0.07197,3.57888,0.04999
32,100,1,0.01,0.3,0.5,0.07197,3.57933,0.0758
33,100,1,0.01,0.3,0.5,0.07197,3.57936,0.03248
34,100,1,0.01,0.3,0.5,0.07197,3.57864,0.06545
35,100,1,0.01,0.3,0.5,0.07197,3.57906,0.05165
36,100,1,0.01,0.3,0.5,0.07197,3.57967,0.0575
37,100,1,0.01,0.3,0.5,0.07197,3.57926,0.04116
38,100,1,0.01,0.3,0.5,0.07197,3.57868,0.05843
39,100,1,0.01,0.3,0.5,0.07197,3.57882,0.06486
40,100,1,0.01,0.3,0.5,0.07197,3.57972,0.09338
41,100,1,0.01,0.3,0.5,0.07197,3.57873,0.03508
42,100,1,0.01,0.3,0.5,0.07197,3.57845,0.04108
43,100,1,0.01,0.3,0.5,0.07197,3.57865,0.02915
44,100,1,0.01,0.3,0.5,0.07197,3.57924,0.085
45,100,1,0.01,0.3,0.5,0.07197,3.57868,0.04204
46,100,1,0.01,0.3,0.5,0.07197,3.57917,0.02977
47,100,1,0.01,0.3,0.5,0.07197,3.57898,0.04935
48,100,1,0.01,0.3,0.5,0.07197,3.57824,0.04211
49,100,1,0.01,0.3,0.5,0.07197,3.5792,0.06143
50,100,1,0.01,0.3,0.5,0.07197,3.57914,0.02959
51,100,1,0.01,0.3,0.5,0.07197,3.57854,0.03972
52,100,1,0.01,0.3,0.5,0.07197,3.57787,0.03381
53,100,1,0.01,0.3,0.5,0.07197,3.57928,0.04382
54,100,1,0.01,0.3,0.5,0.07197,3.57993,0.05431
55,100,1,0.01,0.3,0.5,0.07197,3.5795,0.06974
56,100,1,0.01,0.3,0.5,0.07197,3.57935,0.04787
57,100,1,0.01,0.3,0.5,0.07197,3.57913,0.04284
58,100,1,0.01,0.3,0.5,0.07197,3.57919,0.05953
59,100,1,0.01,0.3,0.5,0.07197,3.57929,0.05895
60,100,1,0.01,0.3,0.5,0.07197,3.57828,0.03185
61,100,1,0.01,0.3,0.5,0.07197,3.57877,0.05409
62,100,1,0.01,0.3,0.5,0.07197,3.57883,0.0604
63,100,1,0.01,0.3,0.5,0.07197,3.57939,0.05935
64,100,1,0.01,0.3,0.5,0.07197,3.57901,0.07493
65,100,1,0.01,0.3,0.5,0.07197,3.57938,0.06664
66,100,1,0.01,0.3,0.5,0.07197,3.57865,0.04011
67,100,1,0.01,0.3,0.5,0.07197,3.5791,0.0705
68,100,1,0.01,0.3,0.5,0.07197,3.57857,0.037
69,100,1,0.01,0.3,0.5,0.07197,3.57853,0.03683
70,100,1,0.01,0.3,0.5,0.07197,3.57966,0.07477
71,100,1,0.01,0.3,0.5,0.07197,3.5803,0.08879
72,100,1,0.01,0.3,0.5,0.07197,3.57882,0.06134
73,100,1,0.01,0.3,0.5,0.07197,3.57859,0.03897
74,100,1,0.01,0.3,0.5,0.07197,3.5791,0.06372
75,100,1,0.01,0.3,0.5,0.07197,3.5793,0.04937
76,100,1,0.01,0.3,0.5,0.07197,3.57895,0.06299
77,100,1,0.01,0.3,0.5,0.07197,3.5796,0.06305
78,100,1,0.01,0.3,0.5,0.07197,3.58046,0.10954
79,100,1,0.01,0.3,0.5,0.07197,3.57904,0.05051
80,100,1,0.01,0.3,0.5,0.07197,3.57925,0.07057
81,100,1,0.01,0.3,0.5,0.07197,3.57889,0.03774
82,100,1,0.01,0.3,0.5,0.07197,3.5796,0.06968
83,100,1,0.01,0.3,0.5,0.07197,3.57825,0.06831
84,100,1,0.01,0.3,0.5,0.07197,3.57851,0.0452
85,100,1,0.01,0.3,0.5,0.07197,3.57897,0.0443
86,100,1,0.01,0.3,0.5,0.07197,3.57941,0.04996
87,100,1,0.01,0.3,0.5,0.07197,3.57885,0.05652
88,100,1,0.01,0.3,0.5,0.07197,3.57873,0.03563
89,100,1,0.01,0.3,0.5,0.07197,3.57903,0.02475
90,100,1,0.01,0.3,0.5,0.07197,3.57832,0.04197
91,100,1,0.01,0.3,0.5,0.07197,3.57959,0.08673
92,100,1,0.01,0.3,0.5,0.07197,3.57832,0.05666
93,100,1,0.01,0.3,0.5,0.07197,3.57885,0.04518
94,100,1,0.01,0.3,0.5,0.07197,3.5788,0.03441
95,100,1,0.01,0.3,0.5,0.07197,3.57845,0.05724
96,100,1,0.01,0.3,0.5,0.07197,3.57876,0.06363
97,100,1,0.01,0.3,0.5,0.07197,3.57864,0.04666
98,100,1,0.01,0.3,0.5,0.07197,3.5794,0.05506
99,100,1,0.01,0.3,0.5,0.07197,3.57997,0.09696
0,100,1,0.01,0.3,0.5,0.05964,3.57024,0.07635
1,100,1,0.01,0.3,0.5,0.05964,3.56995,0.05037
2,100,1,0.01,0.3,0.5,0.05964,3.5708,0.09814
3,100,1,0.01,0.3,0.5,0.05964,3.57143,0.07881
4,100,1,0.01,0.3,0.5,0.05964,3.57055,0.06139
5,100,1,0.01,0.3,0.5,0.05964,3.57099,0.09086
6,100,1,0.01,0.3,0.5,0.05964,3.56977,0.06205
7,100,1,0.01,0.3,0.5,0.05964,3.56994,0.0364
8,100,1,0.01,0.3,0.5,0.05964,3.57001,0.06592
9,100,1,0.01,0.3,0.5,0.05964,3.57101,0.10202
10,100,1,0.01,0.3,0.5,0.05964,3.57026,0.06197
11,100,1,0.01,0.3,0.5,0.05964,3.57052,0.08088
12,100,1,0.01,0.3,0.5,0.05964,3.5703,0.049
13,100,1,0.01,0.3,0.5,0.05964,3.57012,0.06273
14,100,1,0.01,0.3,0.5,0.05964,3.56993,0.05496
15,100,1,0.01,0.3,0.5,0.05964,3.57004,0.04479
16,100,1,0.01,0.3,0.5,0.05964,3.57022,0.07468
17,100,1,0.01,0.3,0.5,0.05964,3.57128,0.1061
18,100,1,0.01,0.3,0.5,0.05964,3.5711,0.0635
19,100,1,0.01,0.3,0.5,0.05964,3.57079,0.06422
20,100,1,0.01,0.3,0.5,0.05964,3.56997,0.03915
21,100,1,0.01,0.3,0.5,0.05964,3.57015,0.05435
22,100,1,0.01,0.3,0.5,0.05964,3.56989,0.07091
23,100,1,0.01,0.3,0.5,0.05964,3.57035,0.05415
24,100,1,0.01,0.3,0.5,0.05964,3.57027,0.08455
25,100,1,0.01,0.3,0.5,0.05964,3.57041,0.05785
26,100,1,0.01,0.3,0.5,0.05964,3.57035,0.06644
27,100,1,0.01,0.3,0.5,0.05964,3.57106,0.0694
28,100,1,0.01,0.3,0.5,0.05964,3.57028,0.05063
29,100,1,0.01,0.3,0.5,0.05964,3.5697,0.04709
30,100,1,0.01,0.3,0.5,0.05964,3.56949,0.03158
31,100,1,0.01,0.3,0.5,0.05964,3.57023,0.06032
32,100,1,0.01,0.3,0.5,0.05964,3.57097,0.09116
33,100,1,0.01,0.3,0.5,0.05964,3.57073,0.04001
34,100,1,0.01,0.3,0.5,0.05964,3.56999,0.07896
35,100,1,0.01,0.3,0.5,0.05964,3.57044,0.06379
36,100,1,0.01,0.3,0.5,0.05964,3.57122,0.0702
37,100,1,0.01,0.3,0.5,0.05964,3.57065,0.05032
38,100,1,0.01,0.3,0.5,0.05964,3.5701,0.07271
39,100,1,0.01,0.3,0.5,0.05964,3.57032,0.07665
40,100,1,0.01,0.3,0.5,0.05964,3.57165,0.11317
41,100,1,0.01,0.3,0.5,0.05964,3.57005,0.04264
42,100,1,0.01,0.3,0.5,0.05964,3.56972,0.04979
43,100,1,0.01,0.3,0.5,0.05964,3.56998,0.03446
44,100,1,0.01,0.3,0.5,0.05964,3.57064,0.10637
45,100,1,0.01,0.3,0.5,0.05964,3.57002,0.04924
46,100,1,0.01,0.3,0.5,0.05964,3.57053,0.03661
47,100,1,0.01,0.3,0.5,0.05964,3.57033,0.06102
48,100,1,0.01,0.3,0.5,0.05964,3.5695,0.05055
49,100,1,0.01,0.3,0.5,0.05964,3.57072,0.07386
50,100,1,0.01,0.3,0.5,0.05964,3.57049,0.03562
51,100,1,0.01,0.3,0.5,0.05964,3.56986,0.04832
52,100,1,0.01,0.3,0.5,0.05964,3.56912,0.03953
53,100,1,0.01,0.3,0.5,0.05964,3.57071,0.05422
54,100,1,0.01,0.3,0.5,0.05964,3.57152,0.06667
55,100,1,0.01,0.3,0.5,0.05964,3.57115,0.08292
56,100,1,0.01,0.3,0.5,0.05964,3.57074,0.05816
57,100,1,0.01,0.3,0.5,0.05964,3.57054,0.05128
58,100,1,0.01,0.3,0.5,0.05964,3.5706,0.07328
59,100,1,0.01,0.3,0.5,0.05964,3.5708,0.07108
60,100,1,0.01,0.3,0.5,0.05964,3.56953,0.03705
61,100,1,0.01,0.3,0.5,0.05964,3.57007,0.06668
62,100,1,0.01,0.3,0.5,0.05964,3.57025,0.07395
63,100,1,0.01,0.3,0.5,0.05964,3.57095,0.07257
64,100,1,0.01,0.3,0.5,0.05964,3.57064,0.09302
65,100,1,0.01,0.3,0.5,0.05964,3.57091,0.08004
66,100,1,0.01,0.3,0.5,0.05964,3.56997,0.04674
67,100,1,0.01,0.3,0.5,0.05964,3.57062,0.08625
68,100,1,0.01,0.3,0.5,0.05964,3.56986,0.045
69,100,1,0.01,0.3,0.5,0.05964,3.56978,0.04463
70,100,1,0.01,0.3,0.5,0.05964,3.57136,0.09163
71,100,1,0.01,0.3,0.5,0.05964,3.57218,0.10938
72,100,1,0.01,0.3,0.5,0.05964,3.57034,0.07323
73,100,1,0.01,0.3,0.5,0.05964,3.56993,0.04847
74,100,1,0.01,0.3,0.5,0.05964,3.5705,0.07939
75,100,1,0.01,0.3,0.5,0.05964,3.57077,0.06067
76,100,1,0.01,0.3,0.5,0.05964,3.57044,0.07769
77,100,1,0.01,0.3,0.5,0.05964,3.57115,0.07639
78,100,1,0.01,0.3,0.5,0.05964,3.57256,0.13199
79,100,1,0.01,0.3,0.5,0.05964,3.57045,0.06204
80,100,1,0.01,0.3,0.5,0.05964,3.57082,0.08697
81,100,1,0.01,0.3,0.5,0.05964,3.57028,0.04509
82,100,1,0.01,0.3,0.5,0.05964,3.57126,0.08588
83,100,1,0.01,0.3,0.5,0.05964,3.56967,0.08339
84,100,1,0.01,0.3,0.5,0.05964,3.56986,0.05336
85,100,1,0.01,0.3,0.5,0.05964,3.57036,0.05331
86,100,1,0.01,0.3,0.5,0.05964,3.57088,0.0604
87,100,1,0.01,0.3,0.5,0.05964,3.57026,0.07081
88,100,1,0.01,0.3,0.5,0.05964,3.57,0.04337
89,100,1,0.01,0.3,0.5,0.05964,3.57035,0.02903
90,100,1,0.01,0.3,0.5,0.05964,3.56968,0.05161
91,100,1,0.01,0.3,0.5,0.05964,3.57128,0.10567
92,100,1,0.01,0.3,0.5,0.05964,3.56974,0.07053
93,100,1,0.01,0.3,0.5,0.05964,3.57025,0.05445
94,100,1,0.01,0.3,0.5,0.05964,3.57012,0.0415
95,100,1,0.01,0.3,0.5,0.05964,3.56984,0.06851
96,100,1,0.01,0.3,0.5,0.05964,3.57021,0.07631
97,100,1,0.01,0.3,0.5,0.05964,3.57001,0.0565
98,100,1,0.01,0.3,0.5,0.05964,3.5709,0.06821
99,100,1,0.01,0.3,0.5,0.05964,3.57188,0.12021
0,100,1,0.01,0.3,0.5,0.04942,3.5617,0.09116
1,100,1,0.01,0.3,0.5,0.04942,3.56121,0.06043
2,100,1,0.01,0.3,0.5,0.04942,3.56251,0.11754
3,100,1,0.01,0.3,0.5,0.04942,3.56296,0.0941
4,100,1,0.01,0.3,0.5,0.04942,3.56197,0.07335
5,100,1,0.01,0.3,0.5,0.04942,3.56249,0.11029
6,100,1,0.01,0.3,0.5,0.04942,3.56103,0.07629
7,100,1,0.01,0.3,0.5,0.04942,3.56117,0.04788
8,100,1,0.01,0.3,0.5,0.04942,3.56129,0.0804
9,100,1,0.01,0.3,0.5,0.04942,3.5626,0.12265
10,100,1,0.01,0.3,0.5,0.04942,3.56159,0.07371
11,100,1,0.01,0.3,0.5,0.04942,3.56201,0.09414
12,100,1,0.01,0.3,0.5,0.04942,3.56155,0.05775
13,100,1,0.01,0.3,0.5,0.04942,3.56148,0.07559
14,100,1,0.01,0.3,0.5,0.04942,3.56123,0.06529
15,100,1,0.01,0.3,0.5,0.04942,3.56124,0.05317
16,100,1,0.01,0.3,0.5,0.04942,3.56157,0.09114
17,100,1,0.01,0.3,0.5,0.04942,3.56303,0.12842
18,100,1,0.01,0.3,0.5,0.04942,3.56248,0.07357
19,100,1,0.01,0.3,0.5,0.04942,3.56216,0.07726
20,100,1,0.01,0.3,0.5,0.04942,3.56122,0.04951
21,100,1,0.01,0.3,0.5,0.04942,3.5614,0.06532
22,100,1,0.01,0.3,0.5,0.04942,3.56146,0.0852
23,100,1,0.01,0.3,0.5,0.04942,3.56158,0.06636
24,100,1,0.01,0.3,0.5,0.04942,3.56181,0.10254
25,100,1,0.01,0.3,0.5,0.04942,3.56171,0.06804
26,100,1,0.01,0.3,0.5,0.04942,3.5617,0.07617
27,100,1,0.01,0.3,0.5,0.04942,3.56255,0.08604
28,100,1,0.01,0.3,0.5,0.04942,3.56145,0.06185
29,100,1,0.01,0.3,0.5,0.04942,3.56089,0.05606
30,100,1,0.01,0.3,0.5,0.04942,3.56065,0.0382
31,100,1,0.01,0.3,0.5,0.04942,3.56149,0.07233
32,100,1,0.01,0.3,0.5,0.04942,3.56258,0.10772
33,100,1,0.01,0.3,0.5,0.04942,3.56194,0.04987
34,100,1,0.01,0.3,0.5,0.04942,3.5613,0.09333
35,100,1,0.01,0.3,0.5,0.04942,3.56175,0.0781
36,100,1,0.01,0.3,0.5,0.04942,3.56267,0.08453
37,100,1,0.01,0.3,0.5,0.04942,3.56192,0.06106
38,100,1,0.01,0.3,0.5,0.04942,3.56153,0.08964
39,100,1,0.01,0.3,0.5,0.04942,3.56177,0.08874
40,100,1,0.01,0.3,0.5,0.04942,3.56363,0.13399
41,100,1,0.01,0.3,0.5,0.04942,3.56128,0.0524
42,100,1,0.01,0.3,0.5,0.04942,3.56093,0.06037
43,100,1,0.01,0.3,0.5,0.04942,3.56121,0.04193
44,100,1,0.01,0.3,0.5,0.04942,3.56209,0.12996
45,100,1,0.01,0.3,0.5,0.04942,3.56126,0.05742
46,100,1,0.01,0.3,0.5,0.04942,3.56177,0.04603
47,100,1,0.01,0.3,0.5,0.04942,3.56159,0.07476
48,100,1,0.01,0.3,0.5,0.04942,3.5607,0.06069
49,100,1,0.01,0.3,0.5,0.04942,3.56217,0.08719
50,100,1,0.01,0.3,0.5,0.04942,3.5617,0.04394
51,100,1,0.01,0.3,0.5,0.04942,3.56112,0.05931
52,100,1,0.01,0.3,0.5,0.04942,3.56036,0.04761
53,100,1,0.01,0.3,0.5,0.04942,3.56205,0.06735
54,100,1,0.01,0.3,0.5,0.04942,3.56298,0.08121
55,100,1,0.01,0.3,0.5,0.04942,3.56272,0.09645
56,100,1,0.01,0.3,0.5,0.04942,3.56201,0.06995
57,100,1,0.01,0.3,0.5,0.04942,3.56183,0.06076
58,100,1,0.01,0.3,0.5,0.04942,3.56195,0.08842
59,100,1,0.01,0.3,0.5,0.04942,3.56222,0.08411
60,100,1,0.01,0.3,0.5,0.04942,3.56068,0.04414
61,100,1,0.01,0.3,0.5,0.04942,3.56129,0.08075
62,100,1,0.01,0.3,0.5,0.04942,3.56164,0.08933
63,100,1,0.01,0.3,0.5,0.04942,3.56247,0.08771
64,100,1,0.01,0.3,0.5,0.04942,3.56235,0.11329
65,100,1,0.01,0.3,0.5,0.04942,3.56236,0.09418
66,100,1,0.01,0.3,0.5,0.04942,3.56118,0.05394
67,100,1,0.01,0.3,0.5,0.04942,3.56213,0.10356
68,100,1,0.01,0.3,0.5,0.04942,3.56106,0.05555
69,100,1,0.01,0.3,0.5,0.04942,3.56093,0.05415
70,100,1,0.01,0.3,0.5,0.04942,3.56304,0.11042
71,100,1,0.01,0.3,0.5,0.04942,3.56409,0.13211
72,100,1,0.01,0.3,0.5,0.04942,3.56182,0.08631
73,100,1,0.01,0.3,0.5,0.04942,3.56124,0.06171
74,100,1,0.01,0.3,0.5,0.04942,3.56187,0.09749
75,100,1,0.01,0.3,0.5,0.04942,3.56214,0.074
76,100,1,0.01,0.3,0.5,0.04942,3.56193,0.09429
77,100,1,0.01,0.3,0.5,0.04942,3.56262,0.0908
78,100,1,0.01,0.3,0.5,0.04942,3.56468,0.15454
79,100,1,0.01,0.3,0.5,0.04942,3.5618,0.07537
80,100,1,0.01,0.3,0.5,0.04942,3.56236,0.10514
81,100,1,0.01,0.3,0.5,0.04942,3.56156,0.054
82,100,1,0.01,0.3,0.5,0.04942,3.56291,0.1042
83,100,1,0.01,0.3,0.5,0.04942,3.56117,0.10145
84,100,1,0.01,0.3,0.5,0.04942,3.56114,0.06244
85,100,1,0.01,0.3,0.5,0.04942,3.56165,0.06367
86,100,1,0.01,0.3,0.5,0.04942,3.56224,0.07196
87,100,1,0.01,0.3,0.5,0.04942,3.56167,0.08799
88,100,1,0.01,0.3,0.5,0.04942,3.56117,0.0526
89,100,1,0.01,0.3,0.5,0.04942,3.56152,0.03478
90,100,1,0.01,0.3,0.5,0.04942,3.56104,0.06479
91,100,1,0.01,0.3,0.5,0.04942,3.56296,0.12561
92,100,1,0.01,0.3,0.5,0.04942,3.56122,0.08783
93,100,1,0.01,0.3,0.5,0.04942,3.56156,0.06582
94,100,1,0.01,0.3,0.5,0.04942,3.56134,0.05055
95,100,1,0.01,0.3,0.5,0.04942,3.56119,0.08083
96,100,1,0.01,0.3,0.5,0.04942,3.56161,0.08994
97,100,1,0.01,0.3,0.5,0.04942,3.56131,0.06814
98,100,1,0.01,0.3,0.5,0.04942,3.56234,0.0836
99,100,1,0.01,0.3,0.5,0.04942,3.56387,0.1456
0,100,1,0.01,0.3,0.5,0.04095,3.55337,0.10686
1,100,1,0.01,0.3,0.5,0.04095,3.55262,0.07196
2,100,1,0.01,0.3,0.5,0.04095,3.55447,0.13765
3,100,1,0.01,0.3,0.5,0.04095,3.5546,0.11031
4,100,1,0.01,0.3,0.5,0.04095,3.55355,0.08689
5,100,1,0.01,0.3,0.5,0.04095,3.55419,0.13081
6,100,1,0.01,0.3,0.5,0.04095,3.55253,0.09267
7,100,1,0.01,0.3,0.5,0.04095,3.55259,0.06241
8,100,1,0.01,0.3,0.5,0.04095,3.5528,0.09697
9,100,1,0.01,0.3,0.5,0.04095,3.5544,0.14384
10,100,1,0.01,0.3,0.5,0.04095,3.55305,0.0864
11,100,1,0.01,0.3,0.5,0.04095,3.55365,0.10696
12,100,1,0.01,0.3,0.5,0.04095,3.55289,0.06721
13,100,1,0.01,0.3,0.5,0.04095,3.55299,0.08952
14,100,1,0.01,0.3,0.5,0.04095,3.55269,0.07654
15,100,1,0.01,0.3,0.5,0.04095,3.55256,0.06245
16,100,1,0.01,0.3,0.5,0.04095,3.5531,0.10882
17,100,1,0.01,0.3,0.5,0.04095,3.55504,0.15185
18,100,1,0.01,0.3,0.5,0.04095,3.55389,0.08334
19,100,1,0.01,0.3,0.5,0.04095,3.55366,0.09198
20,100,1,0.01,0.3,0.5,0.04095,3.55263,0.06228
21,100,1,0.01,0.3,0.5,0.04095,3.55279,0.07744
22,100,1,0.01,0.3,0.5,0.04095,3.55335,0.10187
23,100,1,0.01,0.3,0.5,0.04095,3.55294,0.07972
24,100,1,0.01,0.3,0.5,0.04095,3.55365,0.12302
25,100,1,0.01,0.3,0.5,0.04095,3.55311,0.07856
26,100,1,0.01,0.3,0.5,0.04095,3.55315,0.0855
27,100,1,0.01,0.3,0.5,0.04095,3.55423,0.10534
28,100,1,0.01,0.3,0.5,0.04095,3.55273,0.07435
29,100,1,0.01,0.3,0.5,0.04095,3.55223,0.06648
30,100,1,0.01,0.3,0.5,0.04095,3.55197,0.04695
31,100,1,0.01,0.3,0.5,0.04095,3.55289,0.08574
32,100,1,0.01,0.3,0.5,0.04095,3.55438,0.12501
33,100,1,0.01,0.3,0.5,0.04095,3.55323,0.06165
34,100,1,0.01,0.3,0.5,0.04095,3.55281,0.1081
35,100,1,0.01,0.3,0.5,0.04095,3.55323,0.09382
36,100,1,0.01,0.3,0.5,0.04095,3.55423,0.10008
37,100,1,0.01,0.3,0.5,0.04095,3.55328,0.07286
38,100,1,0.01,0.3,0.5,0.04095,3.55322,0.10884
39,100,1,0.01,0.3,0.5,0.04095,3.55336,0.10045
40,100,1,0.01,0.3,0.5,0.04095,3.55587,0.1554
41,100,1,0.01,0.3,0.5,0.04095,3.55265,0.0638
42,100,1,0.01,0.3,0.5,0.04095,3.5523,0.07252
43,100,1,0.01,0.3,0.5,0.04095,3.55257,0.05131
44,100,1,0.01,0.3,0.5,0.04095,3.55385,0.15512
45,100,1,0.01,0.3,0.5,0.04095,3.55261,0.06599
46,100,1,0.01,0.3,0.5,0.04095,3.55309,0.05739
47,100,1,0.01,0.3,0.5,0.04095,3.553,0.09002
48,100,1,0.01,0.3,0.5,0.04095,3.55208,0.07196
49,100,1,0.01,0.3,0.5,0.04095,3.55375,0.10081
50,100,1,0.01,0.3,0.5,0.04095,3.55298,0.05412
51,100,1,0.01,0.3,0.5,0.04095,3.55255,0.0727
52,100,1,0.01,0.3,0.5,0.04095,3.55183,0.05794
53,100,1,0.01,0.3,0.5,0.04095,3.55354,0.08361
54,100,1,0.01,0.3,0.5,0.04095,3.55455,0.09755
55,100,1,0.01,0.3,0.5,0.04095,3.55438,0.10964
56,100,1,0.01,0.3,0.5,0.04095,3.55338,0.08256
57,100,1,0.01,0.3,0.5,0.04095,3.5532,0.07138
58,100,1,0.01,0.3,0.5,0.04095,3.55345,0.10435
59,100,1,0.01,0.3,0.5,0.04095,3.55374,0.09733
60,100,1,0.01,0.3,0.5,0.04095,3.55198,0.05244
61,100,1,0.01,0.3,0.5,0.04095,3.55268,0.09576
62,100,1,0.01,0.3,0.5,0.04095,3.55324,0.10642
63,100,1,0.01,0.3,0.5,0.04095,3.55415,0.10442
64,100,1,0.01,0.3,0.5,0.04095,3.55436,0.13543
65,100,1,0.01,0.3,0.5,0.04095,3.55392,0.10813
66,100,1,0.01,0.3,0.5,0.04095,3.55248,0.06108
67,100,1,0.01,0.3,0.5,0.04095,3.55385,0.12178
68,100,1,0.01,0.3,0.5,0.04095,3.55243,0.06834
69,100,1,0.01,0.3,0.5,0.04095,3.55222,0.06504
70,100,1,0.01,0.3,0.5,0.04095,3.55491,0.13063
71,100,1,0.01,0.3,0.5,0.04095,3.55624,0.15658
72,100,1,0.01,0.3,0.5,0.04095,3.55348,0.10034
73,100,1,0.01,0.3,0.5,0.04095,3.5528,0.07882
74,100,1,0.01,0.3,0.5,0.04095,3.55346,0.11703
75,100,1,0.01,0.3,0.5,0.04095,3.55366,0.08909
76,100,1,0.01,0.3,0.5,0.04095,3.55366,0.11264
77,100,1,0.01,0.3,0.5,0.04095,3.55421,0.10626
78,100,1,0.01,0.3,0.5,0.04095,3.55696,0.17609
79,100,1,0.01,0.3,0.5,0.04095,3.5533,0.09025
80,100,1,0.01,0.3,0.5,0.04095,3.55411,0.12407
81,100,1,0.01,0.3,0.5,0.04095,3.55295,0.06427
82,100,1,0.01,0.3,0.5,0.04095,3.55477,0.12411
83,100,1,0.01,0.3,0.5,0.04095,3.55303,0.12247
84,100,1,0.01,0.3,0.5,0.04095,3.55255,0.07201
85,100,1,0.01,0.3,0.5,0.04095,3.55305,0.07496
86,100,1,0.01,0.3,0.5,0.04095,3.55368,0.08412
87,100,1,0.01,0.3,0.5,0.04095,3.55333,0.10747
88,100,1,0.01,0.3,0.5,0.04095,3.55246,0.06298
89,100,1,0.01,0.3,0.5,0.04095,3.55275,0.04142
90,100,1,0.01,0.3,0.5,0.04095,3.55265,0.08142
91,100,1,0.01,0.3,0.5,0.04095,3.55481,0.14549
92,100,1,0.01,0.3,0.5,0.04095,3.55302,0.10833
93,100,1,0.01,0.3,0.5,0.04095,3.55303,0.07894
94,100,1,0.01,0.3,0.5,0.04095,3.55266,0.06081
95,100,1,0.01,0.3,0.5,0.04095,3.55273,0.0933
96,100,1,0.01,0.3,0.5,0.04095,3.55319,0.10383
97,100,1,0.01,0.3,0.5,0.04095,3.55278,0.08107
98,100,1,0.01,0.3,0.5,0.04095,3.55395,0.10055
99,100,1,0.01,0.3,0.5,0.04095,3.55617,0.17225
0,100,1,0.01,0.3,0.5,0.03393,3.54512,0.12319
1,100,1,0.01,0.3,0.5,0.03393,3.54407,0.0849
2,100,1,0.01,0.3,0.5,0.03393,3.54654,0.15806
3,100,1,0.01,0.3,0.5,0.03393,3.5462,0.12745
4,100,1,0.01,0.3,0.5,0.03393,3.54517,0.10244
5,100,1,0.01,0.3,0.5,0.03393,3.54596,0.15177
6,100,1,0.01,0.3,0.5,0.03393,3.54416,0.11112
7,100,1,0.01,0.3,0.5,0.03393,3.54407,0.07913
8,100,1,0.01,0.3,0.5,0.03393,3.54444,0.11569
9,100,1,0.01,0.3,0.5,0.03393,3.54625,0.16482
10,100,1,0.01,0.3,0.5,0.03393,3.54454,0.10017
11,100,1,0.01,0.3,0.5,0.03393,3.54527,0.11919
12,100,1,0.01,0.3,0.5,0.03393,3.54418,0.07737
13,100,1,0.01,0.3,0.5,0.03393,3.54454,0.10416
14,100,1,0.01,0.3,0.5,0.03393,3.54417,0.08848
15,100,1,0.01,0.3,0.5,0.03393,3.54386,0.07254
16,100,1,0.01,0.3,0.5,0.03393,3.54471,0.12715
17,100,1,0.01,0.3,0.5,0.03393,3.54716,0.17573
18,100,1,0.01,0.3,0.5,0.03393,3.5452,0.09296
19,100,1,0.01,0.3,0.5,0.03393,3.54517,0.10852
20,100,1,0.01,0.3,0.5,0.03393,3.5441,0.07699
21,100,1,0.01,0.3,0.5,0.03393,3.54418,0.09049
22,100,1,0.01,0.3,0.5,0.03393,3.54543,0.12102
23,100,1,0.01,0.3,0.5,0.03393,3.5443,0.09378
24,100,1,0.01,0.3,0.5,0.03393,3.54569,0.14626
25,100,1,0.01,0.3,0.5,0.03393,3.54447,0.08929
26,100,1,0.01,0.3,0.5,0.03393,3.54457,0.09475
27,100,1,0.01,0.3,0.5,0.03393,3.546,0.12737
28,100,1,0.01,0.3,0.5,0.03393,3.544,0.08787
29,100,1,0.01,0.3,0.5,0.03393,3.54362,0.07877
30,100,1,0.01,0.3,0.5,0.03393,3.54333,0.05765
31,100,1,0.01,0.3,0.5,0.03393,3.54432,0.10076
32,100,1,0.01,0.3,0.5,0.03393,3.54625,0.14342
33,100,1,0.01,0.3,0.5,0.03393,3.54446,0.07558
34,100,1,0.01,0.3,0.5,0.03393,3.54438,0.12288
35,100,1,0.01,0.3,0.5,0.03393,3.54475,0.1108
36,100,1,0.01,0.3,0.5,0.03393,3.54577,0.11696
37,100,1,0.01,0.3,0.5,0.03393,3.54458,0.08552
38,100,1,0.01,0.3,0.5,0.03393,3.54509,0.13014
39,100,1,0.01,0.3,0.5,0.03393,3.54496,0.1117
40,100,1,0.01,0.3,0.5,0.03393,3.54824,0.17742
41,100,1,0.01,0.3,0.5,0.03393,3.54403,0.07654
42,100,1,0.01,0.3,0.5,0.03393,3.54374,0.0863
43,100,1,0.01,0.3,0.5,0.03393,3.54392,0.06251
44,100,1,0.01,0.3,0.5,0.03393,3.54581,0.18099
45,100,1,0.01,0.3,0.5,0.03393,3.54395,0.07536
46,100,1,0.01,0.3,0.5,0.03393,3.54438,0.0705
47,100,1,0.01,0.3,0.5,0.03393,3.54444,0.10661
48,100,1,0.01,0.3,0.5,0.03393,3.54353,0.08423
49,100,1,0.01,0.3,0.5,0.03393,3.54532,0.11444
50,100,1,0.01,0.3,0.5,0.03393,3.54422,0.06619
51,100,1,0.01,0.3,0.5,0.03393,3.54405,0.08849
52,100,1,0.01,0.3,0.5,0.03393,3.54342,0.07037
53,100,1,0.01,0.3,0.5,0.03393,3.54508,0.10306
54,100,1,0.01,0.3,0.5,0.03393,3.54609,0.11583
55,100,1,0.01,0.3,0.5,0.03393,3.54598,0.12268
56,100,1,0.01,0.3,0.5,0.03393,3.54472,0.09615
57,100,1,0.01,0.3,0.5,0.03393,3.54453,0.08358
58,100,1,0.01,0.3,0.5,0.03393,3.545,0.12057
59,100,1,0.01,0.3,0.5,0.03393,3.54523,0.11054
60,100,1,0.01,0.3,0.5,0.03393,3.5433,0.06198
61,100,1,0.01,0.3,0.5,0.03393,3.5441,0.11126
62,100,1,0.01,0.3,0.5,0.03393,3.54496,0.12496
63,100,1,0.01,0.3,0.5,0.03393,3.54589,0.12286
64,100,1,0.01,0.3,0.5,0.03393,3.54656,0.15881
65,100,1,0.01,0.3,0.5,0.03393,3.54545,0.12175
66,100,1,0.01,0.3,0.5,0.03393,3.54375,0.06811
67,100,1,0.01,0.3,0.5,0.03393,3.54565,0.14066
68,100,1,0.01,0.3,0.5,0.03393,3.54387,0.08378
69,100,1,0.01,0.3,0.5,0.03393,3.54354,0.07708
70,100,1,0.01,0.3,0.5,0.03393,3.54688,0.15244
71,100,1,0.01,0.3,0.5,0.03393,3.54855,0.18297
72,100,1,0.01,0.3,0.5,0.03393,3.5452,0.1156
73,100,1,0.01,0.3,0.5,0.03393,3.54456,0.0999
74,100,1,0.01,0.3,0.5,0.03393,3.54515,0.13746
75,100,1,0.01,0.3,0.5,0.03393,3.54521,0.10596
76,100,1,0.01,0.3,0.5,0.03393,3.54555,0.13266
77,100,1,0.01,0.3,0.5,0.03393,3.54582,0.12309
78,100,1,0.01,0.3,0.5,0.03393,3.5492,0.19627
79,100,1,0.01,0.3,0.5,0.03393,3.54483,0.10636
80,100,1,0.01,0.3,0.5,0.03393,3.54591,0.14305
81,100,1,0.01,0.3,0.5,0.03393,3.54434,0.07598
82,100,1,0.01,0.3,0.5,0.03393,3.54672,0.14544
83,100,1,0.01,0.3,0.5,0.03393,3.54518,0.1466
84,100,1,0.01,0.3,0.5,0.03393,3.54398,0.08204
85,100,1,0.01,0.3,0.5,0.03393,3.54445,0.08718
86,100,1,0.01,0.3,0.5,0.03393,3.54507,0.09681
87,100,1,0.01,0.3,0.5,0.03393,3.54515,0.12893
88,100,1,0.01,0.3,0.5,0.03393,3.54372,0.07416
89,100,1,0.01,0.3,0.5,0.03393,3.54391,0.04902
90,100,1,0.01,0.3,0.5,0.03393,3.54445,0.10129
91,100,1,0.01,0.3,0.5,0.03393,3.54667,0.16483
92,100,1,0.01,0.3,0.5,0.03393,3.54507,0.13187
93,100,1,0.01,0.3,0.5,0.03393,3.54456,0.09395
94,100,1,0.01,0.3,0.5,0.03393,3.54396,0.07209
95,100,1,0.01,0.3,0.5,0.03393,3.54431,0.10553
96,100,1,0.01,0.3,0.5,0.03393,3.54483,0.11782
97,100,1,0.01,0.3,0.5,0.03393,3.54429,0.09507
98,100,1,0.01,0.3,0.5,0.03393,3.54563,0.11896
99,100,1,0.01,0.3,0.5,0.03393,3.54862,0.19953
0,100,1,0.01,0.3,0.5,0.02812,3.53634,0.14015
1,100,1,0.01,0.3,0.5,0.02812,3.53497,0.09926
2,100,1,0.01,0.3,0.5,0.02812,3.53812,0.17869
3,100,1,0.01,0.3,0.5,0.02812,3.53717,0.14564
4,100,1,0.01,0.3,0.5,0.02812,3.53629,0.12048
5,100,1,0.01,0.3,0.5,0.02812,3.53715,0.17289
6,100,1,0.01,0.3,0.5,0.02812,3.53533,0.13156
7,100,1,0.01,0.3,0.5,0.02812,3.53501,0.09717
8,100,1,0.01,0.3,0.5,0.02812,3.53565,0.13685
9,100,1,0.01,0.3,0.5,0.02812,3.53751,0.1852
10,100,1,0.01,0.3,0.5,0.02812,3.53544,0.11546
11,100,1,0.01,0.3,0.5,0.02812,3.53624,0.13109
12,100,1,0.01,0.3,0.5,0.02812,3.53483,0.08847
13,100,1,0.01,0.3,0.5,0.02812,3.5355,0.11946
14,100,1,0.01,0.3,0.5,0.02812,3.53505,0.1011
15,100,1,0.01,0.3,0.5,0.02812,3.53456,0.08367
16,100,1,0.01,0.3,0.5,0.02812,3.53575,0.1458
17,100,1,0.01,0.3,0.5,0.02812,3.53876,0.19976
18,100,1,0.01,0.3,0.5,0.02812,3.5358,0.1031
19,100,1,0.01,0.3,0.5,0.02812,3.5361,0.12694
20,100,1,0.01,0.3,0.5,0.02812,3.53501,0.09315
21,100,1,0.01,0.3,0.5,0.02812,3.53494,0.10445
22,100,1,0.01,0.3,0.5,0.02812,3.5371,0.1426
23,100,1,0.01,0.3,0.5,0.02812,3.53505,0.10832
24,100,1,0.01,0.3,0.5,0.02812,3.5374,0.1724
25,100,1,0.01,0.3,0.5,0.02812,3.53521,0.10056
26,100,1,0.01,0.3,0.5,0.02812,3.53538,0.10493
27,100,1,0.01,0.3,0.5,0.02812,3.53729,0.15209
28,100,1,0.01,0.3,0.5,0.02812,3.53466,0.10238
29,100,1,0.01,0.3,0.5,0.02812,3.5345,0.0937
30,100,1,0.01,0.3,0.5,0.02812,3.53411,0.07027
31,100,1,0.01,0.3,0.5,0.02812,3.5352,0.11778
32,100,1,0.01,0.3,0.5,0.02812,3.53763,0.16378
33,100,1,0.01,0.3,0.5,0.02812,3.53505,0.09195
34,100,1,0.01,0.3,0.5,0.02812,3.5354,0.13763
35,100,1,0.01,0.3,0.5,0.02812,3.5357,0.12913
36,100,1,0.01,0.3,0.5,0.02812,3.53669,0.13545
37,100,1,0.01,0.3,0.5,0.02812,3.53522,0.09922
38,100,1,0.01,0.3,0.5,0.02812,3.53658,0.15357
39,100,1,0.01,0.3,0.5,0.02812,3.53597,0.12294
40,100,1,0.01,0.3,0.5,0.02812,3.54017,0.20057
41,100,1,0.01,0.3,0.5,0.02812,3.5348,0.09043
42,100,1,0.01,0.3,0.5,0.02812,3.53468,0.10217
43,100,1,0.01,0.3,0.5,0.02812,3.53465,0.07553
44,100,1,0.01,0.3,0.5,0.02812,3.53731,0.20698
45,100,1,0.01,0.3,0.5,0.02812,3.53469,0.08643
46,100,1,0.01,0.3,0.5,0.02812,3.53504,0.08526
47,100,1,0.01,0.3,0.5,0.02812,3.53532,0.12445
48,100,1,0.01,0.3,0.5,0.02812,3.53447,0.09783
49,100,1,0.01,0.3,0.5,0.02812,3.53626,0.12807
50,100,1,0.01,0.3,0.5,0.02812,3.53481,0.08018
51,100,1,0.01,0.3,0.5,0.02812,3.53503,0.10659
52,100,1,0.01,0.3,0.5,0.02812,3.53457,0.08493
53,100,1,0.01,0.3,0.5,0.02812,3.53609,0.12548
54,100,1,0.01,0.3,0.5,0.02812,3.53704,0.13621
55,100,1,0.01,0.3,0.5,0.02812,3.53694,0.13632
56,100,1,0.01,0.3,0.5,0.02812,3.53545,0.1112
57,100,1,0.01,0.3,0.5,0.02812,3.53524,0.09803
58,100,1,0.01,0.3,0.5,0.02812,3.53596,0.1369
59,100,1,0.01,0.3,0.5,0.02812,3.53607,0.12392
60,100,1,0.01,0.3,0.5,0.02812,3.53404,0.07316
61,100,1,0.01,0.3,0.5,0.02812,3.53496,0.12716
62,100,1,0.01,0.3,0.5,0.02812,3.53619,0.14485
63,100,1,0.01,0.3,0.5,0.02812,3.53714,0.14344
64,100,1,0.01,0.3,0.5,0.02812,3.5383,0.18293
65,100,1,0.01,0.3,0.5,0.02812,3.53634,0.13536
66,100,1,0.01,0.3,0.5,0.02812,3.53437,0.07552
67,100,1,0.01,0.3,0.5,0.02812,3.53691,0.16021
68,100,1,0.01,0.3,0.5,0.02812,3.53483,0.10245
69,100,1,0.01,0.3,0.5,0.02812,3.5343,0.09036
70,100,1,0.01,0.3,0.5,0.02812,3.53839,0.17639
71,100,1,0.01,0.3,0.5,0.02812,3.54049,0.21188
72,100,1,0.01,0.3,0.5,0.02812,3.53637,0.13255
73,100,1,0.01,0.3,0.5,0.02812,3.536,0.12494
74,100,1,0.01,0.3,0.5,0.02812,3.5363,0.15841
75,100,1,0.01,0.3,0.5,0.02812,3.53622,0.12484
76,100,1,0.01,0.3,0.5,0.02812,3.53707,0.15468
77,100,1,0.01,0.3,0.5,0.02812,3.53689,0.14185
78,100,1,0.01,0.3,0.5,0.02812,3.54078,0.2154
79,100,1,0.01,0.3,0.5,0.02812,3.53577,0.12354
80,100,1,0.01,0.3,0.5,0.02812,3.53713,0.16165
81,100,1,0.01,0.3,0.5,0.02812,3.53514,0.08938
82,100,1,0.01,0.3,0.5,0.02812,3.53816,0.16814
83,100,1,0.01,0.3,0.5,0.02812,3.53704,0.1738
84,100,1,0.01,0.3,0.5,0.02812,3.53481,0.09282
85,100,1,0.01,0.3,0.5,0.02812,3.53523,0.10055
86,100,1,0.01,0.3,0.5,0.02812,3.53582,0.11036
87,100,1,0.01,0.3,0.5,0.02812,3.53654,0.15211
88,100,1,0.01,0.3,0.5,0.02812,3.53437,0.08618
89,100,1,0.01,0.3,0.5,0.02812,3.53442,0.05809
90,100,1,0.01,0.3,0.5,0.02812,3.53585,0.12406
91,100,1,0.01,0.3,0.5,0.02812,3.5379,0.18365
92,100,1,0.01,0.3,0.5,0.02812,3.5368,0.15828
93,100,1,0.01,0.3,0.5,0.02812,3.53557,0.11105
94,100,1,0.01,0.3,0.5,0.02812,3.53464,0.08445
95,100,1,0.01,0.3,0.5,0.02812,3.53531,0.11745
96,100,1,0.01,0.3,0.5,0.02812,3.53592,0.13212
97,100,1,0.01,0.3,0.5,0.02812,3.53521,0.1101
98,100,1,0.01,0.3,0.5,0.02812,3.5368,0.13899
99,100,1,0.01,0.3,0.5,0.02812,3.54061,0.22721
0,100,1,0.01,0.3,0.5,0.0233,3.52595,0.15789
1,100,1,0.01,0.3,0.5,0.0233,3.52427,0.11512
2,100,1,0.01,0.3,0.5,0.0233,3.52814,0.19963
3,100,1,0.01,0.3,0.5,0.0233,3.52645,0.16494
4,100,1,0.01,0.3,0.5,0.0233,3.52586,0.14128
5,100,1,0.01,0.3,0.5,0.0233,3.52666,0.19435
6,100,1,0.01,0.3,0.5,0.0233,3.52499,0.15395
7,100,1,0.01,0.3,0.5,0.0233,3.52431,0.11595
8,100,1,0.01,0.3,0.5,0.0233,3.52543,0.16077
9,100,1,0.01,0.3,0.5,0.0233,3.52703,0.20497
10,100,1,0.01,0.3,0.5,0.0233,3.52474,0.13288
11,100,1,0.01,0.3,0.5,0.0233,3.5255,0.1432
12,100,1,0.01,0.3,0.5,0.0233,3.52376,0.10085
13,100,1,0.01,0.3,0.5,0.0233,3.52478,0.13561
14,100,1,0.01,0.3,0.5,0.0233,3.52423,0.11472
15,100,1,0.01,0.3,0.5,0.0233,3.52357,0.09646
16,100,1,0.01,0.3,0.5,0.0233,3.52513,0.16476
17,100,1,0.01,0.3,0.5,0.0233,3.52875,0.22396
18,100,1,0.01,0.3,0.5,0.0233,3.52464,0.11474
19,100,1,0.01,0.3,0.5,0.0233,3.52538,0.14712
20,100,1,0.01,0.3,0.5,0.0233,3.5243,0.11032
21,100,1,0.01,0.3,0.5,0.0233,3.52399,0.11947
22,100,1,0.01,0.3,0.5,0.0233,3.52728,0.16644
23,100,1,0.01,0.3,0.5,0.0233,3.52409,0.1234
24,100,1,0.01,0.3,0.5,0.0233,3.52774,0.20123
25,100,1,0.01,0.3,0.5,0.0233,3.52427,0.11296
26,100,1,0.01,0.3,0.5,0.0233,3.52454,0.11727
27,100,1,0.01,0.3,0.5,0.0233,3.52707,0.17915
28,100,1,0.01,0.3,0.5,0.0233,3.52365,0.11798
29,100,1,0.01,0.3,0.5,0.0233,3.52386,0.11205
30,100,1,0.01,0.3,0.5,0.0233,3.52324,0.08479
31,100,1,0.01,0.3,0.5,0.0233,3.52447,0.13731
32,100,1,0.01,0.3,0.5,0.0233,3.52752,0.18682
33,100,1,0.01,0.3,0.5,0.0233,3.52397,0.11094
34,100,1,0.01,0.3,0.5,0.0233,3.52476,0.15258
35,100,1,0.01,0.3,0.5,0.0233,3.52505,0.14907
36,100,1,0.01,0.3,0.5,0.0233,3.52596,0.15578
37,100,1,0.01,0.3,0.5,0.0233,3.52417,0.11456
38,100,1,0.01,0.3,0.5,0.0233,3.52664,0.17931
39,100,1,0.01,0.3,0.5,0.0233,3.52533,0.13502
40,100,1,0.01,0.3,0.5,0.0233,3.53067,0.22561
41,100,1,0.01,0.3,0.5,0.0233,3.52388,0.10541
42,100,1,0.01,0.3,0.5,0.0233,3.52409,0.12084
43,100,1,0.01,0.3,0.5,0.0233,3.5237,0.09038
44,100,1,0.01,0.3,0.5,0.0233,3.52722,0.23293
45,100,1,0.01,0.3,0.5,0.0233,3.5238,0.10013
46,100,1,0.01,0.3,0.5,0.0233,3.52402,0.10172
47,100,1,0.01,0.3,0.5,0.0233,3.52457,0.14349
48,100,1,0.01,0.3,0.5,0.0233,3.52384,0.11335
49,100,1,0.01,0.3,0.5,0.0233,3.52547,0.14206
50,100,1,0.01,0.3,0.5,0.0233,3.5237,0.09607
51,100,1,0.01,0.3,0.5,0.0233,3.52443,0.12676
52,100,1,0.01,0.3,0.5,0.0233,3.52419,0.10176
53,100,1,0.01,0.3,0.5,0.0233,3.52554,0.15029
54,100,1,0.01,0.3,0.5,0.0233,3.52634,0.15869
55,100,1,0.01,0.3,0.5,0.0233,3.52625,0.15147
56,100,1,0.01,0.3,0.5,0.0233,3.52456,0.12844
57,100,1,0.01,0.3,0.5,0.0233,3.52429,0.11526
58,100,1,0.01,0.3,0.5,0.0233,3.52525,0.15349
59,100,1,0.01,0.3,0.5,0.0233,3.52519,0.13794
60,100,1,0.01,0.3,0.5,0.0233,3.52312,0.08651
61,100,1,0.01,0.3,0.5,0.0233,3.52416,0.1437
62,100,1,0.01,0.3,0.5,0.0233,3.52586,0.16628
63,100,1,0.01,0.3,0.5,0.0233,3.52686,0.16646
64,100,1,0.01,0.3,0.5,0.0233,3.52846,0.20761
65,100,1,0.01,0.3,0.5,0.0233,3.52553,0.1496
66,100,1,0.01,0.3,0.5,0.0233,3.52328,0.08402
67,100,1,0.01,0.3,0.5,0.0233,3.52656,0.18067
68,100,1,0.01,0.3,0.5,0.0233,3.5243,0.12471
69,100,1,0.01,0.3,0.5,0.0233,3.52343,0.10533
70,100,1,0.01,0.3,0.5,0.0233,3.52844,0.20316
71,100,1,0.01,0.3,0.5,0.0233,3.5311,0.24404
72,100,1,0.01,0.3,0.5,0.0233,3.52598,0.15155
73,100,1,0.01,0.3,0.5,0.0233,3.52609,0.15389
74,100,1,0.01,0.3,0.5,0.0233,3.52584,0.17969
75,100,1,0.01,0.3,0.5,0.0233,3.52564,0.14613
76,100,1,0.01,0.3,0.5,0.0233,3.5272,0.17922
77,100,1,0.01,0.3,0.5,0.0233,3.52641,0.16293
78,100,1,0.01,0.3,0.5,0.0233,3.53068,0.23426
79,100,1,0.01,0.3,0.5,0.0233,3.52505,0.14186
80,100,1,0.01,0.3,0.5,0.0233,3.52667,0.17981
81,100,1,0.01,0.3,0.5,0.0233,3.52429,0.10462
82,100,1,0.01,0.3,0.5,0.0233,3.52803,0.19221
83,100,1,0.01,0.3,0.5,0.0233,3.52757,0.20377
84,100,1,0.01,0.3,0.5,0.0233,3.524,0.10469
85,100,1,0.01,0.3,0.5,0.0233,3.52433,0.1154
86,100,1,0.01,0.3,0.5,0.0233,3.52486,0.12539
87,100,1,0.01,0.3,0.5,0.0233,3.52642,0.17694
88,100,1,0.01,0.3,0.5,0.0233,3.5233,0.09949
89,100,1,0.01,0.3,0.5,0.0233,3.52322,0.06924
90,100,1,0.01,0.3,0.5,0.0233,3.52577,0.14939
91,100,1,0.01,0.3,0.5,0.0233,3.52743,0.2023
92,100,1,0.01,0.3,0.5,0.0233,3.52717,0.18746
93,100,1,0.01,0.3,0.5,0.0233,3.52501,0.13038
94,100,1,0.01,0.3,0.5,0.0233,3.52362,0.09816
95,100,1,0.01,0.3,0.5,0.0233,3.52464,0.12935
96,100,1,0.01,0.3,0.5,0.0233,3.52537,0.14712
97,100,1,0.01,0.3,0.5,0.0233,3.52447,0.12621
98,100,1,0.01,0.3,0.5,0.0233,3.52644,0.16095
99,100,1,0.01,0.3,0.5,0.0233,3.53106,0.25539
0,100,1,0.01,0.3,0.5,0.01931,3.51258,0.17663
1,100,1,0.01,0.3,0.5,0.01931,3.51058,0.13282
2,100,1,0.01,0.3,0.5,0.01931,3.51523,0.22091
3,100,1,0.01,0.3,0.5,0.01931,3.51271,0.18536
4,100,1,0.01,0.3,0.5,0.01931,3.51259,0.16486
5,100,1,0.01,0.3,0.5,0.01931,3.51309,0.21682
6,100,1,0.01,0.3,0.5,0.01931,3.51177,0.17819
7,100,1,0.01,0.3,0.5,0.01931,3.51054,0.13547
8,100,1,0.01,0.3,0.5,0.01931,3.51247,0.18761
9,100,1,0.01,0.3,0.5,0.01931,3.51342,0.22449
10,100,1,0.01,0.3,0.5,0.01931,3.51112,0.15293
11,100,1,0.01,0.3,0.5,0.01931,3.51169,0.15619
12,100,1,0.01,0.3,0.5,0.01931,3.50963,0.11498
13,100,1,0.01,0.3,0.5,0.01931,3.51104,0.15295
14,100,1,0.01,0.3,0.5,0.01931,3.5103,0.13011
15,100,1,0.01,0.3,0.5,0.01931,3.50954,0.1118
16,100,1,0.01,0.3,0.5,0.01931,3.51145,0.18426
17,100,1,0.01,0.3,0.5,0.01931,3.51578,0.24866
18,100,1,0.01,0.3,0.5,0.01931,3.51042,0.12887
19,100,1,0.01,0.3,0.5,0.01931,3.51164,0.16883
20,100,1,0.01,0.3,0.5,0.01931,3.51056,0.1283
21,100,1,0.01,0.3,0.5,0.01931,3.50995,0.13589
22,100,1,0.01,0.3,0.5,0.01931,3.51455,0.1923
23,100,1,0.01,0.3,0.5,0.01931,3.50999,0.13951
24,100,1,0.01,0.3,0.5,0.01931,3.51537,0.23218
25,100,1,0.01,0.3,0.5,0.01931,3.51029,0.12723
26,100,1,0.01,0.3,0.5,0.01931,3.51074,0.13278
27,100,1,0.01,0.3,0.5,0.01931,3.51401,0.20778
28,100,1,0.01,0.3,0.5,0.01931,3.50964,0.13464
29,100,1,0.01,0.3,0.5,0.01931,3.51038,0.13422
30,100,1,0.01,0.3,0.5,0.01931,3.50934,0.1014
31,100,1,0.01,0.3,0.5,0.01931,3.51083,0.15995
32,100,1,0.01,0.3,0.5,0.01931,3.51464,0.21291
33,100,1,0.01,0.3,0.5,0.01931,3.50989,0.13254
34,100,1,0.01,0.3,0.5,0.01931,3.51102,0.1683
35,100,1,0.01,0.3,0.5,0.01931,3.51145,0.171
36,100,1,0.01,0.3,0.5,0.01931,3.51227,0.17809
37,100,1,0.01,0.3,0.5,0.01931,3.51013,0.13249
38,100,1,0.01,0.3,0.5,0.01931,3.51394,0.20748
39,100,1,0.01,0.3,0.5,0.01931,3.51168,0.14925
40,100,1,0.01,0.3,0.5,0.01931,3.51844,0.2532
41,100,1,0.01,0.3,0.5,0.01931,3.5099,0.12166
42,100,1,0.01,0.3,0.5,0.01931,3.51065,0.14294
43,100,1,0.01,0.3,0.5,0.01931,3.50968,0.10711
44,100,1,0.01,0.3,0.5,0.01931,3.51406,0.25912
45,100,1,0.01,0.3,0.5,0.01931,3.50997,0.117
46,100,1,0.01,0.3,0.5,0.01931,3.51,0.12016
47,100,1,0.01,0.3,0.5,0.01931,3.51082,0.16361
48,100,1,0.01,0.3,0.5,0.01931,3.51026,0.13145
49,100,1,0.01,0.3,0.5,0.01931,3.51156,0.1572
50,100,1,0.01,0.3,0.5,0.01931,3.50954,0.11391
51,100,1,0.01,0.3,0.5,0.01931,3.51089,0.14868
52,100,1,0.01,0.3,0.5,0.01931,3.51092,0.12103
53,100,1,0.01,0.3,0.5,0.01931,3.51208,0.17688
54,100,1,0.01,0.3,0.5,0.01931,3.51271,0.18317
55,100,1,0.01,0.3,0.5,0.01931,3.51264,0.16892
56,100,1,0.01,0.3,0.5,0.01931,3.51074,0.14854
57,100,1,0.01,0.3,0.5,0.01931,3.51038,0.1353
58,100,1,0.01,0.3,0.5,0.01931,3.51149,0.17078
59,100,1,0.01,0.3,0.5,0.01931,3.51125,0.15319
60,100,1,0.01,0.3,0.5,0.01931,3.50921,0.10258
61,100,1,0.01,0.3,0.5,0.01931,3.51034,0.16131
62,100,1,0.01,0.3,0.5,0.01931,3.5126,0.1898
63,100,1,0.01,0.3,0.5,0.01931,3.51375,0.19186
64,100,1,0.01,0.3,0.5,0.01931,3.51564,0.23306
65,100,1,0.01,0.3,0.5,0.01931,3.5117,0.1653
66,100,1,0.01,0.3,0.5,0.01931,3.50913,0.09436
67,100,1,0.01,0.3,0.5,0.01931,3.51323,0.20233
68,100,1,0.01,0.3,0.5,0.01931,3.51098,0.1505
69,100,1,0.01,0.3,0.5,0.01931,3.50953,0.12263
70,100,1,0.01,0.3,0.5,0.01931,3.51576,0.23331
71,100,1,0.01,0.3,0.5,0.01931,3.51919,0.28008
72,100,1,0.01,0.3,0.5,0.01931,3.51268,0.17273
73,100,1,0.01,0.3,0.5,0.01931,3.51352,0.18679
74,100,1,0.01,0.3,0.5,0.01931,3.51237,0.20123
75,100,1,0.01,0.3,0.5,0.01931,3.51214,0.17036
76,100,1,0.01,0.3,0.5,0.01931,3.51463,0.20686
77,100,1,0.01,0.3,0.5,0.01931,3.51307,0.18632
78,100,1,0.01,0.3,0.5,0.01931,3.51758,0.25372
79,100,1,0.01,0.3,0.5,0.01931,3.51131,0.16162
80,100,1,0.01,0.3,0.5,0.01931,3.51312,0.19792
81,100,1,0.01,0.3,0.5,0.01931,3.51046,0.12156
82,100,1,0.01,0.3,0.5,0.01931,3.51499,0.21765
83,100,1,0.01,0.3,0.5,0.01931,3.51536,0.23592
84,100,1,0.01,0.3,0.5,0.01931,3.5102,0.11787
85,100,1,0.01,0.3,0.5,0.01931,3.51039,0.13212
86,100,1,0.01,0.3,0.5,0.01931,3.51083,0.1427
87,100,1,0.01,0.3,0.5,0.01931,3.51344,0.20348
88,100,1,0.01,0.3,0.5,0.01931,3.50918,0.11487
89,100,1,0.01,0.3,0.5,0.01931,3.50898,0.08291
90,100,1,0.01,0.3,0.5,0.01931,3.51284,0.17714
91,100,1,0.01,0.3,0.5,0.01931,3.5139,0.22131
92,100,1,0.01,0.3,0.5,0.01931,3.51489,0.21952
93,100,1,0.01,0.3,0.5,0.01931,3.51151,0.15203
94,100,1,0.01,0.3,0.5,0.01931,3.50957,0.11368
95,100,1,0.01,0.3,0.5,0.01931,3.51092,0.14192
96,100,1,0.01,0.3,0.5,0.01931,3.51181,0.16327
97,100,1,0.01,0.3,0.5,0.01931,3.51067,0.14357
98,100,1,0.01,0.3,0.5,0.01931,3.51323,0.18531
99,100,1,0.01,0.3,0.5,0.01931,3.51863,0.28438
0,100,1,0.01,0.3,0.5,0.016,3.49487,0.19665
1,100,1,0.01,0.3,0.5,0.016,3.49253,0.15313
2,100,1,0.01,0.3,0.5,0.016,3.49801,0.24233
3,100,1,0.01,0.3,0.5,0.016,3.49464,0.20692
4,100,1,0.01,0.3,0.5,0.016,3.49518,0.19092
5,100,1,0.01,0.3,0.5,0.016,3.49509,0.24138
6,100,1,0.01,0.3,0.5,0.016,3.49431,0.20417
7,100,1,0.01,0.3,0.5,0.016,3.49232,0.1564
8,100,1,0.01,0.3,0.5,0.016,3.49546,0.21719
9,100,1,0.01,0.3,0.5,0.016,3.49531,0.2444
10,100,1,0.01,0.3,0.5,0.016,3.4933,0.17594
11,100,1,0.01,0.3,0.5,0.016,3.49348,0.1708
12,100,1,0.01,0.3,0.5,0.016,3.49113,0.13134
13,100,1,0.01,0.3,0.5,0.016,3.49293,0.17185
14,100,1,0.01,0.3,0.5,0.016,3.49186,0.1483
15,100,1,0.01,0.3,0.5,0.016,3.49111,0.13068
16,100,1,0.01,0.3,0.5,0.016,3.49336,0.20473
17,100,1,0.01,0.3,0.5,0.016,3.49854,0.27432
18,100,1,0.01,0.3,0.5,0.016,3.49184,0.1463
19,100,1,0.01,0.3,0.5,0.016,3.49353,0.19181
20,100,1,0.01,0.3,0.5,0.016,3.49242,0.14724
21,100,1,0.01,0.3,0.5,0.016,3.4915,0.15423
22,100,1,0.01,0.3,0.5,0.016,3.49753,0.21996
23,100,1,0.01,0.3,0.5,0.016,3.49138,0.15748
24,100,1,0.01,0.3,0.5,0.016,3.4989,0.26452
25,100,1,0.01,0.3,0.5,0.016,3.49195,0.1441
26,100,1,0.01,0.3,0.5,0.016,3.49269,0.15186
27,100,1,0.01,0.3,0.5,0.016,3.49674,0.23702
28,100,1,0.01,0.3,0.5,0.016,3.49124,0.1522
29,100,1,0.01,0.3,0.5,0.016,3.49273,0.16008
30,100,1,0.01,0.3,0.5,0.016,3.49103,0.12043
31,100,1,0.01,0.3,0.5,0.016,3.49299,0.18641
32,100,1,0.01,0.3,0.5,0.016,3.49769,0.24195
33,100,1,0.01,0.3,0.5,0.016,3.49149,0.15658
34,100,1,0.01,0.3,0.5,0.016,3.49279,0.18597
35,100,1,0.01,0.3,0.5,0.016,3.49362,0.19513
36,100,1,0.01,0.3,0.5,0.016,3.49434,0.20236
37,100,1,0.01,0.3,0.5,0.016,3.49187,0.154
38,100,1,0.01,0.3,0.5,0.016,3.49705,0.23803
39,100,1,0.01,0.3,0.5,0.016,3.49371,0.16714
40,100,1,0.01,0.3,0.5,0.016,3.50219,0.28358
41,100,1,0.01,0.3,0.5,0.016,3.49149,0.1396
42,100,1,0.01,0.3,0.5,0.016,3.49302,0.16876
43,100,1,0.01,0.3,0.5,0.016,3.49127,0.12577
44,100,1,0.01,0.3,0.5,0.016,3.49642,0.28631
45,100,1,0.01,0.3,0.5,0.016,3.49188,0.13707
46,100,1,0.01,0.3,0.5,0.016,3.49169,0.14109
47,100,1,0.01,0.3,0.5,0.016,3.49269,0.18467
48,100,1,0.01,0.3,0.5,0.016,3.49234,0.15254
49,100,1,0.01,0.3,0.5,0.016,3.49312,0.17483
50,100,1,0.01,0.3,0.5,0.016,3.49103,0.1339
51,100,1,0.01,0.3,0.5,0.016,3.49305,0.17202
52,100,1,0.01,0.3,0.5,0.016,3.49333,0.14274
53,100,1,0.01,0.3,0.5,0.016,3.49439,0.2049
54,100,1,0.01,0.3,0.5,0.016,3.49485,0.20956
55,100,1,0.01,0.3,0.5,0.016,3.49488,0.18917
56,100,1,0.01,0.3,0.5,0.016,3.49272,0.17197
57,100,1,0.01,0.3,0.5,0.016,3.49221,0.15769
58,100,1,0.01,0.3,0.5,0.016,3.49329,0.18937
59,100,1,0.01,0.3,0.5,0.016,3.49292,0.1702
60,100,1,0.01,0.3,0.5,0.016,3.49095,0.12169
61,100,1,0.01,0.3,0.5,0.016,3.49214,0.18045
62,100,1,0.01,0.3,0.5,0.016,3.49507,0.21626
63,100,1,0.01,0.3,0.5,0.016,3.49645,0.2191
64,100,1,0.01,0.3,0.5,0.016,3.49848,0.25985
65,100,1,0.01,0.3,0.5,0.016,3.49356,0.18335
66,100,1,0.01,0.3,0.5,0.016,3.49058,0.10709
67,100,1,0.01,0.3,0.5,0.016,3.4956,0.22552
68,100,1,0.01,0.3,0.5,0.016,3.49354,0.17949
69,100,1,0.01,0.3,0.5,0.016,3.4912,0.14301
70,100,1,0.01,0.3,0.5,0.016,3.49909,0.26711
71,100,1,0.01,0.3,0.5,0.016,3.50354,0.32031
72,100,1,0.01,0.3,0.5,0.016,3.49518,0.19599
73,100,1,0.01,0.3,0.5,0.016,3.49694,0.22384
74,100,1,0.01,0.3,0.5,0.016,3.49453,0.22313
75,100,1,0.01,0.3,0.5,0.016,3.49441,0.19802
76,100,1,0.01,0.3,0.5,0.016,3.49803,0.23795
77,100,1,0.01,0.3,0.5,0.016,3.49557,0.21165
78,100,1,0.01,0.3,0.5,0.016,3.5002,0.27452
79,100,1,0.01,0.3,0.5,0.016,3.49324,0.18332
80,100,1,0.01,0.3,0.5,0.016,3.49513,0.21677
81,100,1,0.01,0.3,0.5,0.016,3.49224,0.13987
82,100,1,0.01,0.3,0.5,0.016,3.49772,0.24436
83,100,1,0.01,0.3,0.5,0.016,3.49903,0.26951
84,100,1,0.01,0.3,0.5,0.016,3.49206,0.13248
85,100,1,0.01,0.3,0.5,0.016,3.49205,0.15106
86,100,1,0.01,0.3,0.5,0.016,3.49242,0.16303
87,100,1,0.01,0.3,0.5,0.016,3.49623,0.23191
88,100,1,0.01,0.3,0.5,0.016,3.49066,0.13311
89,100,1,0.01,0.3,0.5,0.016,3.49035,0.09927
90,100,1,0.01,0.3,0.5,0.016,3.49565,0.20752
91,100,1,0.01,0.3,0.5,0.016,3.49599,0.2411
92,100,1,0.01,0.3,0.5,0.016,3.49867,0.25478
93,100,1,0.01,0.3,0.5,0.016,3.49368,0.1761
94,100,1,0.01,0.3,0.5,0.016,3.49115,0.13159
95,100,1,0.01,0.3,0.5,0.016,3.49278,0.15623
96,100,1,0.01,0.3,0.5,0.016,3.49385,0.18103
97,100,1,0.01,0.3,0.5,0.016,3.49244,0.16242
98,100,1,0.01,0.3,0.5,0.016,3.49588,0.21263
99,100,1,0.01,0.3,0.5,0.016,3.502,0.31444
0,100,1,0.01,0.3,0.5,0.01326,3.47183,0.21828
1,100,1,0.01,0.3,0.5,0.01326,3.46907,0.17747
2,100,1,0.01,0.3,0.5,0.01326,3.47534,0.26367
3,100,1,0.01,0.3,0.5,0.01326,3.47135,0.22973
4,100,1,0.01,0.3,0.5,0.01326,3.47266,0.21884
5,100,1,0.01,0.3,0.5,0.01326,3.47173,0.26936
6,100,1,0.01,0.3,0.5,0.01326,3.47158,0.23188
7,100,1,0.01,0.3,0.5,0.01326,3.46865,0.17979
8,100,1,0.01,0.3,0.5,0.01326,3.47336,0.24919
9,100,1,0.01,0.3,0.5,0.01326,3.47176,0.26545
10,100,1,0.01,0.3,0.5,0.01326,3.47033,0.2019
11,100,1,0.01,0.3,0.5,0.01326,3.46991,0.18783
12,100,1,0.01,0.3,0.5,0.01326,3.46734,0.15032
13,100,1,0.01,0.3,0.5,0.01326,3.4695,0.19251
14,100,1,0.01,0.3,0.5,0.01326,3.46787,0.1703
15,100,1,0.01,0.3,0.5,0.01326,3.46729,0.15396
16,100,1,0.01,0.3,0.5,0.01326,3.46988,0.22651
17,100,1,0.01,0.3,0.5,0.01326,3.47612,0.30136
18,100,1,0.01,0.3,0.5,0.01326,3.46798,0.16745
19,100,1,0.01,0.3,0.5,0.01326,3.47005,0.21603
20,100,1,0.01,0.3,0.5,0.01326,3.46883,0.16755
21,100,1,0.01,0.3,0.5,0.01326,3.46768,0.17501
22,100,1,0.01,0.3,0.5,0.01326,3.47519,0.24924
23,100,1,0.01,0.3,0.5,0.01326,3.46721,0.1782
24,100,1,0.01,0.3,0.5,0.01326,3.47727,0.2978
25,100,1,0.01,0.3,0.5,0.01326,3.46824,0.16419
26,100,1,0.01,0.3,0.5,0.01326,3.46943,0.17426
27,100,1,0.01,0.3,0.5,0.01326,3.47423,0.2661
28,100,1,0.01,0.3,0.5,0.01326,3.46742,0.17069
29,100,1,0.01,0.3,0.5,0.01326,3.4699,0.18929
30,100,1,0.01,0.3,0.5,0.01326,3.46732,0.1423
31,100,1,0.01,0.3,0.5,0.01326,3.47008,0.21725
32,100,1,0.01,0.3,0.5,0.01326,3.47572,0.27351
33,100,1,0.01,0.3,0.5,0.01326,3.46784,0.18278
34,100,1,0.01,0.3,0.5,0.01326,3.46904,0.20756
35,100,1,0.01,0.3,0.5,0.01326,3.4706,0.2213
36,100,1,0.01,0.3,0.5,0.01326,3.47127,0.22851
37,100,1,0.01,0.3,0.5,0.01326,3.46855,0.17949
38,100,1,0.01,0.3,0.5,0.01326,3.47488,0.27098
39,100,1,0.01,0.3,0.5,0.01326,3.47044,0.18993
40,100,1,0.01,0.3,0.5,0.01326,3.48096,0.31662
41,100,1,0.01,0.3,0.5,0.01326,3.46767,0.15984
42,100,1,0.01,0.3,0.5,0.01326,3.47017,0.19844
43,100,1,0.01,0.3,0.5,0.01326,3.46748,0.14635
44,100,1,0.01,0.3,0.5,0.01326,3.4733,0.31578
45,100,1,0.01,0.3,0.5,0.01326,3.46857,0.16003
46,100,1,0.01,0.3,0.5,0.01326,3.46816,0.16509
47,100,1,0.01,0.3,0.5,0.01326,3.46916,0.20658
48,100,1,0.01,0.3,0.5,0.01326,3.46899,0.17692
49,100,1,0.01,0.3,0.5,0.01326,3.46915,0.19672
50,100,1,0.01,0.3,0.5,0.01326,3.46721,0.1565
51,100,1,0.01,0.3,0.5,0.01326,3.46989,0.19663
52,100,1,0.01,0.3,0.5,0.01326,3.47032,0.1668
53,100,1,0.01,0.3,0.5,0.01326,3.47156,0.23442
54,100,1,0.01,0.3,0.5,0.01326,3.47184,0.23785
55,100,1,0.01,0.3,0.5,0.01326,3.4721,0.21248
56,100,1,0.01,0.3,0.5,0.01326,3.46958,0.199
57,100,1,0.01,0.3,0.5,0.01326,3.4688,0.18179
58,100,1,0.01,0.3,0.5,0.01326,3.46964,0.2099
59,100,1,0.01,0.3,0.5,0.01326,3.46921,0.18936
60,100,1,0.01,0.3,0.5,0.01326,3.46735,0.144
61,100,1,0.01,0.3,0.5,0.01326,3.46856,0.20148
62,100,1,0.01,0.3,0.5,0.01326,3.47232,0.24652
63,100,1,0.01,0.3,0.5,0.01326,3.47393,0.24746
64,100,1,0.01,0.3,0.5,0.01326,3.47599,0.2886
65,100,1,0.01,0.3,0.5,0.01326,3.4702,0.20468
66,100,1,0.01,0.3,0.5,0.01326,3.46663,0.12252
67,100,1,0.01,0.3,0.5,0.01326,3.47267,0.25058
68,100,1,0.01,0.3,0.5,0.01326,3.47097,0.21169
69,100,1,0.01,0.3,0.5,0.01326,3.46739,0.16716
70,100,1,0.01,0.3,0.5,0.01326,3.47752,0.30447
71,100,1,0.01,0.3,0.5,0.01326,3.48331,0.36474
72,100,1,0.01,0.3,0.5,0.01326,3.4725,0.22114
73,100,1,0.01,0.3,0.5,0.01326,3.47543,0.26539
74,100,1,0.01,0.3,0.5,0.01326,3.47133,0.24563
75,100,1,0.01,0.3,0.5,0.01326,3.47148,0.22939
76,100,1,0.01,0.3,0.5,0.01326,3.47639,0.27265
77,100,1,0.01,0.3,0.5,0.01326,3.47288,0.23854
78,100,1,0.01,0.3,0.5,0.01326,3.47757,0.29724
79,100,1,0.01,0.3,0.5,0.01326,3.46987,0.20739
80,100,1,0.01,0.3,0.5,0.01326,3.47171,0.23745
81,100,1,0.01,0.3,0.5,0.01326,3.46854,0.15954
82,100,1,0.01,0.3,0.5,0.01326,3.47528,0.27218
83,100,1,0.01,0.3,0.5,0.01326,3.47748,0.30387
84,100,1,0.01,0.3,0.5,0.01326,3.46859,0.14873
85,100,1,0.01,0.3,0.5,0.01326,3.46829,0.17235
86,100,1,0.01,0.3,0.5,0.01326,3.46866,0.18693
87,100,1,0.01,0.3,0.5,0.01326,3.47383,0.26251
88,100,1,0.01,0.3,0.5,0.01326,3.4668,0.1547
89,100,1,0.01,0.3,0.5,0.01326,3.46634,0.11855
90,100,1,0.01,0.3,0.5,0.01326,3.47318,0.24095
91,100,1,0.01,0.3,0.5,0.01326,3.47274,0.26197
92,100,1,0.01,0.3,0.5,0.01326,3.4776,0.29369
93,100,1,0.01,0.3,0.5,0.01326,3.47048,0.20269
94,100,1,0.01,0.3,0.5,0.01326,3.4674,0.15256
95,100,1,0.01,0.3,0.5,0.01326,3.46922,0.17371
96,100,1,0.01,0.3,0.5,0.01326,3.47049,0.20091
97,100,1,0.01,0.3,0.5,0.01326,3.46874,0.18303
98,100,1,0.01,0.3,0.5,0.01326,3.4735,0.24355
99,100,1,0.01,0.3,0.5,0.01326,3.48022,0.34569
0,100,1,0.01,0.3,0.5,0.01099,3.44308,0.24192
1,100,1,0.01,0.3,0.5,0.01099,3.43979,0.20805
2,100,1,0.01,0.3,0.5,0.01099,3.44667,0.28505
3,100,1,0.01,0.3,0.5,0.01099,3.44254,0.25404
4,100,1,0.01,0.3,0.5,0.01099,3.44464,0.24773
5,100,1,0.01,0.3,0.5,0.01099,3.44279,0.30207
6,100,1,0.01,0.3,0.5,0.01099,3.44319,0.26144
7,100,1,0.01,0.3,0.5,0.01099,3.43918,0.20671
8,100,1,0.01,0.3,0.5,0.01099,3.4457,0.28354
9,100,1,0.01,0.3,0.5,0.01099,3.44245,0.28832
10,100,1,0.01,0.3,0.5,0.01099,3.44184,0.2306
11,100,1,0.01,0.3,0.5,0.01099,3.44063,0.20801
12,100,1,0.01,0.3,0.5,0.01099,3.43793,0.17192
13,100,1,0.01,0.3,0.5,0.01099,3.44039,0.21477
14,100,1,0.01,0.3,0.5,0.01099,3.43792,0.19696
15,100,1,0.01,0.3,0.5,0.01099,3.43775,0.18253
16,100,1,0.01,0.3,0.5,0.01099,3.44067,0.24968
17,100,1,0.01,0.3,0.5,0.01099,3.44824,0.32999
18,100,1,0.01,0.3,0.5,0.01099,3.43856,0.19226
19,100,1,0.01,0.3,0.5,0.01099,3.44081,0.24173
20,100,1,0.01,0.3,0.5,0.01099,3.43939,0.18995
21,100,1,0.01,0.3,0.5,0.01099,3.43819,0.19861
22,100,1,0.01,0.3,0.5,0.01099,3.44714,0.28004
23,100,1,0.01,0.3,0.5,0.01099,3.43713,0.20232
24,100,1,0.01,0.3,0.5,0.01099,3.45007,0.33215
25,100,1,0.01,0.3,0.5,0.01099,3.43877,0.18803
26,100,1,0.01,0.3,0.5,0.01099,3.44059,0.19936
27,100,1,0.01,0.3,0.5,0.01099,3.44605,0.29493
28,100,1,0.01,0.3,0.5,0.01099,3.43771,0.19078
29,100,1,0.01,0.3,0.5,0.01099,3.44143,0.22162
30,100,1,0.01,0.3,0.5,0.01099,3.43785,0.16733
31,100,1,0.01,0.3,0.5,0.01099,3.44189,0.25262
32,100,1,0.01,0.3,0.5,0.01099,3.44838,0.30697
33,100,1,0.01,0.3,0.5,0.01099,3.43863,0.21093
34,100,1,0.01,0.3,0.5,0.01099,3.43952,0.23579
35,100,1,0.01,0.3,0.5,0.01099,3.44202,0.24895
36,100,1,0.01,0.3,0.5,0.01099,3.44278,0.25644
37,100,1,0.01,0.3,0.5,0.01099,3.43993,0.20852
38,100,1,0.01,0.3,0.5,0.01099,3.44691,0.30683
39,100,1,0.01,0.3,0.5,0.01099,3.44158,0.21815
40,100,1,0.01,0.3,0.5,0.01099,3.45439,0.35203
41,100,1,0.01,0.3,0.5,0.01099,3.43812,0.18298
42,100,1,0.01,0.3,0.5,0.01099,3.44165,0.23234
43,100,1,0.01,0.3,0.5,0.01099,3.43792,0.16871
44,100,1,0.01,0.3,0.5,0.01099,3.44443,0.34929
45,100,1,0.01,0.3,0.5,0.01099,3.43965,0.18568
46,100,1,0.01,0.3,0.5,0.01099,3.43913,0.19266
47,100,1,0.01,0.3,0.5,0.01099,3.4398,0.22955
48,100,1,0.01,0.3,0.5,0.01099,3.43976,0.20497
49,100,1,0.01,0.3,0.5,0.01099,3.43932,0.2247
50,100,1,0.01,0.3,0.5,0.01099,3.43777,0.18232
51,100,1,0.01,0.3,0.5,0.01099,3.44101,0.2226
52,100,1,0.01,0.3,0.5,0.01099,3.44134,0.19315
53,100,1,0.01,0.3,0.5,0.01099,3.4433,0.26604
54,100,1,0.01,0.3,0.5,0.01099,3.44338,0.26822
55,100,1,0.01,0.3,0.5,0.01099,3.444,0.23905
56,100,1,0.01,0.3,0.5,0.01099,3.44105,0.22984
57,100,1,0.01,0.3,0.5,0.01099,3.43979,0.20702
58,100,1,0.01,0.3,0.5,0.01099,3.44016,0.23292
59,100,1,0.01,0.3,0.5,0.01099,3.4398,0.21094
60,100,1,0.01,0.3,0.5,0.01099,3.43806,0.16952
61,100,1,0.01,0.3,0.5,0.01099,3.43921,0.22468
62,100,1,0.01,0.3,0.5,0.01099,3.44404,0.28112
63,100,1,0.01,0.3,0.5,0.01099,3.44571,0.27649
64,100,1,0.01,0.3,0.5,0.01099,3.44782,0.31966
65,100,1,0.01,0.3,0.5,0.01099,3.44134,0.2302
66,100,1,0.01,0.3,0.5,0.01099,3.43692,0.14075
67,100,1,0.01,0.3,0.5,0.01099,3.44411,0.27795
68,100,1,0.01,0.3,0.5,0.01099,3.44287,0.24792
69,100,1,0.01,0.3,0.5,0.01099,3.4377,0.19555
70,100,1,0.01,0.3,0.5,0.01099,3.45073,0.34495
71,100,1,0.01,0.3,0.5,0.01099,3.45823,0.41326
72,100,1,0.01,0.3,0.5,0.01099,3.44429,0.24786
73,100,1,0.01,0.3,0.5,0.01099,3.44873,0.31171
74,100,1,0.01,0.3,0.5,0.01099,3.44241,0.26937
75,100,1,0.01,0.3,0.5,0.01099,3.44305,0.26443
76,100,1,0.01,0.3,0.5,0.01099,3.44932,0.31114
77,100,1,0.01,0.3,0.5,0.01099,3.44455,0.26709
78,100,1,0.01,0.3,0.5,0.01099,3.44936,0.32237
79,100,1,0.01,0.3,0.5,0.01099,3.44087,0.23406
80,100,1,0.01,0.3,0.5,0.01099,3.44255,0.26113
81,100,1,0.01,0.3,0.5,0.01099,3.43881,0.18172
82,100,1,0.01,0.3,0.5,0.01099,3.44734,0.30094
83,100,1,0.01,0.3,0.5,0.01099,3.45024,0.33868
84,100,1,0.01,0.3,0.5,0.01099,3.43938,0.16714
85,100,1,0.01,0.3,0.5,0.01099,3.43874,0.19587
86,100,1,0.01,0.3,0.5,0.01099,3.43923,0.21466
87,100,1,0.01,0.3,0.5,0.01099,3.4459,0.29571
88,100,1,0.01,0.3,0.5,0.01099,3.43725,0.17961
89,100,1,0.01,0.3,0.5,0.01099,3.43658,0.14146
90,100,1,0.01,0.3,0.5,0.01099,3.44508,0.2779
91,100,1,0.01,0.3,0.5,0.01099,3.44378,0.28415
92,100,1,0.01,0.3,0.5,0.01099,3.45137,0.33668
93,100,1,0.01,0.3,0.5,0.01099,3.44153,0.23197
94,100,1,0.01,0.3,0.5,0.01099,3.43799,0.17733
95,100,1,0.01,0.3,0.5,0.01099,3.43989,0.19604
96,100,1,0.01,0.3,0.5,0.01099,3.44137,0.22344
97,100,1,0.01,0.3,0.5,0.01099,3.43918,0.20572
98,100,1,0.01,0.3,0.5,0.01099,3.44583,0.27884
99,100,1,0.01,0.3,0.5,0.01099,3.45295,0.37802
0,100,1,0.01,0.3,0.5,0.0091,3.40898,0.268
1,100,1,0.01,0.3,0.5,0.0091,3.40512,0.24761
2,100,1,0.01,0.3,0.5,0.0091,3.41215,0.30717
3,100,1,0.01,0.3,0.5,0.0091,3.40861,0.28019
4,100,1,0.01,0.3,0.5,0.0091,3.41133,0.2766
5,100,1,0.01,0.3,0.5,0.0091,3.40881,0.34045
6,100,1,0.01,0.3,0.5,0.0091,3.40946,0.29323
7,100,1,0.01,0.3,0.5,0.0091,3.40433,0.23803
8,100,1,0.01,0.3,0.5,0.0091,3.41272,0.32063
9,100,1,0.01,0.3,0.5,0.0091,3.40778,0.31356
10,100,1,0.01,0.3,0.5,0.0091,3.40814,0.26182
11,100,1,0.01,0.3,0.5,0.0091,3.406,0.23201
12,100,1,0.01,0.3,0.5,0.0091,3.40324,0.19581
13,100,1,0.01,0.3,0.5,0.0091,3.4059,0.23828
14,100,1,0.01,0.3,0.5,0.0091,3.40237,0.22905
15,100,1,0.01,0.3,0.5,0.0091,3.40294,0.21778
16,100,1,0.01,0.3,0.5,0.0091,3.40605,0.27418
17,100,1,0.01,0.3,0.5,0.0091,3.41524,0.36008
18,100,1,0.01,0.3,0.5,0.0091,3.40391,0.22045
19,100,1,0.01,0.3,0.5,0.0091,3.40617,0.26954
20,100,1,0.01,0.3,0.5,0.0091,3.40437,0.21521
21,100,1,0.01,0.3,0.5,0.0091,3.40343,0.22525
22,100,1,0.01,0.3,0.5,0.0091,3.41371,0.31226
23,100,1,0.01,0.3,0.5,0.0091,3.40148,0.23009
24,100,1,0.01,0.3,0.5,0.0091,3.41761,0.36832
25,100,1,0.01,0.3,0.5,0.0091,3.40386,0.21616
26,100,1,0.01,0.3,0.5,0.0091,3.40645,0.22658
27,100,1,0.01,0.3,0.5,0.0091,3.41249,0.32423
28,100,1,0.01,0.3,0.5,0.0091,3.40238,0.21404
29,100,1,0.01,0.3,0.5,0.0091,3.40758,0.25729
30,100,1,0.01,0.3,0.5,0.0091,3.40297,0.19549
31,100,1,0.01,0.3,0.5,0.0091,3.40888,0.29216
32,100,1,0.01,0.3,0.5,0.0091,3.41594,0.34169
33,100,1,0.01,0.3,0.5,0.0091,3.40424,0.2411
34,100,1,0.01,0.3,0.5,0.0091,3.40485,0.27342
35,100,1,0.01,0.3,0.5,0.0091,3.40813,0.27746
36,100,1,0.01,0.3,0.5,0.0091,3.40922,0.28603
37,100,1,0.01,0.3,0.5,0.0091,3.40636,0.24002
38,100,1,0.01,0.3,0.5,0.0091,3.41343,0.34672
39,100,1,0.01,0.3,0.5,0.0091,3.40749,0.25165
40,100,1,0.01,0.3,0.5,0.0091,3.42285,0.38982
41,100,1,0.01,0.3,0.5,0.0091,3.40319,0.20948
42,100,1,0.01,0.3,0.5,0.0091,3.40777,0.27137
43,100,1,0.01,0.3,0.5,0.0091,3.40291,0.19261
44,100,1,0.01,0.3,0.5,0.0091,3.41045,0.38895
45,100,1,0.01,0.3,0.5,0.0091,3.40544,0.21411
46,100,1,0.01,0.3,0.5,0.0091,3.40501,0.22416
47,100,1,0.01,0.3,0.5,0.0091,3.40489,0.2541
48,100,1,0.01,0.3,0.5,0.0091,3.40495,0.2375
49,100,1,0.01,0.3,0.5,0.0091,3.40407,0.26017
50,100,1,0.01,0.3,0.5,0.0091,3.40312,0.21214
51,100,1,0.01,0.3,0.5,0.0091,3.40672,0.2502
52,100,1,0.01,0.3,0.5,0.0091,3.40654,0.22195
53,100,1,0.01,0.3,0.5,0.0091,3.4101,0.30074
54,100,1,0.01,0.3,0.5,0.0091,3.40983,0.30098
55,100,1,0.01,0.3,0.5,0.0091,3.41093,0.26906
56,100,1,0.01,0.3,0.5,0.0091,3.4075,0.26476
57,100,1,0.01,0.3,0.5,0.0091,3.40544,0.2332
58,100,1,0.01,0.3,0.5,0.0091,3.4052,0.25884
59,100,1,0.01,0.3,0.5,0.0091,3.40502,0.23522
60,100,1,0.01,0.3,0.5,0.0091,3.4034,0.19822
61,100,1,0.01,0.3,0.5,0.0091,3.4044,0.25034
62,100,1,0.01,0.3,0.5,0.0091,3.41066,0.32027
63,100,1,0.01,0.3,0.5,0.0091,3.41202,0.30639
64,100,1,0.01,0.3,0.5,0.0091,3.41433,0.35308
65,100,1,0.01,0.3,0.5,0.0091,3.40743,0.26069
66,100,1,0.01,0.3,0.5,0.0091,3.40174,0.16183
67,100,1,0.01,0.3,0.5,0.0091,3.41025,0.30822
68,100,1,0.01,0.3,0.5,0.0091,3.40962,0.28986
69,100,1,0.01,0.3,0.5,0.0091,3.40247,0.22836
70,100,1,0.01,0.3,0.5,0.0091,3.41904,0.38794
71,100,1,0.01,0.3,0.5,0.0091,3.42872,0.46577
72,100,1,0.01,0.3,0.5,0.0091,3.41084,0.2758
73,100,1,0.01,0.3,0.5,0.0091,3.41733,0.36273
74,100,1,0.01,0.3,0.5,0.0091,3.40812,0.2955
75,100,1,0.01,0.3,0.5,0.0091,3.40949,0.3028
76,100,1,0.01,0.3,0.5,0.0091,3.41718,0.35378
77,100,1,0.01,0.3,0.5,0.0091,3.41087,0.29805
78,100,1,0.01,0.3,0.5,0.0091,3.41592,0.35045
79,100,1,0.01,0.3,0.5,0.0091,3.40659,0.26334
80,100,1,0.01,0.3,0.5,0.0091,3.40807,0.28897
81,100,1,0.01,0.3,0.5,0.0091,3.40333,0.20918
82,100,1,0.01,0.3,0.5,0.0091,3.41423,0.33069
83,100,1,0.01,0.3,0.5,0.0091,3.41756,0.37416
84,100,1,0.01,0.3,0.5,0.0091,3.40473,0.18873
85,100,1,0.01,0.3,0.5,0.0091,3.40366,0.22124
86,100,1,0.01,0.3,0.5,0.0091,3.40452,0.24639
87,100,1,0.01,0.3,0.5,0.0091,3.41285,0.33211
88,100,1,0.01,0.3,0.5,0.0091,3.40236,0.2075
89,100,1,0.01,0.3,0.5,0.0091,3.40144,0.16919
90,100,1,0.01,0.3,0.5,0.0091,3.41175,0.31865
91,100,1,0.01,0.3,0.5,0.0091,3.40945,0.30789
92,100,1,0.01,0.3,0.5,0.0091,3.42037,0.38415
93,100,1,0.01,0.3,0.5,0.0091,3.40713,0.26428
94,100,1,0.01,0.3,0.5,0.0091,3.40328,0.20655
95,100,1,0.01,0.3,0.5,0.0091,3.40522,0.22491
96,100,1,0.01,0.3,0.5,0.0091,3.40685,0.24904
97,100,1,0.01,0.3,0.5,0.0091,3.40405,0.23084
98,100,1,0.01,0.3,0.5,0.0091,3.41338,0.31917
99,100,1,0.01,0.3,0.5,0.0091,3.42049,0.41125
0,100,1,0.01,0.3,0.5,0.00754,3.37039,0.29696
1,100,1,0.01,0.3,0.5,0.00754,3.36623,0.29863
2,100,1,0.01,0.3,0.5,0.00754,3.37256,0.33132
3,100,1,0.01,0.3,0.5,0.00754,3.37042,0.30863
4,100,1,0.01,0.3,0.5,0.00754,3.37338,0.30475
5,100,1,0.01,0.3,0.5,0.00754,3.37087,0.3849
6,100,1,0.01,0.3,0.5,0.00754,3.37124,0.32798
7,100,1,0.01,0.3,0.5,0.00754,3.36507,0.2745
8,100,1,0.01,0.3,0.5,0.00754,3.37528,0.36127
9,100,1,0.01,0.3,0.5,0.00754,3.36867,0.34175
10,100,1,0.01,0.3,0.5,0.00754,3.36999,0.29564
11,100,1,0.01,0.3,0.5,0.00754,3.36687,0.26053
12,100,1,0.01,0.3,0.5,0.00754,3.36401,0.22143
13,100,1,0.01,0.3,0.5,0.00754,3.36677,0.26269
14,100,1,0.01,0.3,0.5,0.00754,3.3622,0.26752
15,100,1,0.01,0.3,0.5,0.00754,3.36397,0.26157
16,100,1,0.01,0.3,0.5,0.00754,3.36685,0.30009
17,100,1,0.01,0.3,0.5,0.00754,3.37786,0.39123
18,100,1,0.01,0.3,0.5,0.00754,3.36488,0.25173
19,100,1,0.01,0.3,0.5,0.00754,3.367,0.30017
20,100,1,0.01,0.3,0.5,0.00754,3.36462,0.24415
21,100,1,0.01,0.3,0.5,0.00754,3.36426,0.25515
22,100,1,0.01,0.3,0.5,0.00754,3.37574,0.34587
23,100,1,0.01,0.3,0.5,0.00754,3.36119,0.26148
24,100,1,0.01,0.3,0.5,0.00754,3.38084,0.40752
25,100,1,0.01,0.3,0.5,0.00754,3.36436,0.24927
26,100,1,0.01,0.3,0.5,0.00754,3.3678,0.25578
27,100,1,0.01,0.3,0.5,0.00754,3.37444,0.35541
28,100,1,0.01,0.3,0.5,0.00754,3.36227,0.2426
29,100,1,0.01,0.3,0.5,0.00754,3.36919,0.29691
30,100,1,0.01,0.3,0.5,0.00754,3.36355,0.22629
31,100,1,0.01,0.3,0.5,0.00754,3.37195,0.33514
32,100,1,0.01,0.3,0.5,0.00754,3.37916,0.37715
33,100,1,0.01,0.3,0.5,0.00754,3.36556,0.27376
34,100,1,0.01,0.3,0.5,0.00754,3.36636,0.32248
35,100,1,0.01,0.3,0.5,0.00754,3.36964,0.30664
36,100,1,0.01,0.3,0.5,0.00754,3.37141,0.31722
37,100,1,0.01,0.3,0.5,0.00754,3.36856,0.27304
38,100,1,0.01,0.3,0.5,0.00754,3.37543,0.39215
39,100,1,0.01,0.3,0.5,0.00754,3.36907,0.28996
40,100,1,0.01,0.3,0.5,0.00754,3.38727,0.43078
41,100,1,0.01,0.3,0.5,0.00754,3.36375,0.23972
42,100,1,0.01,0.3,0.5,0.00754,3.36948,0.31683
43,100,1,0.01,0.3,0.5,0.00754,3.36318,0.21792
44,100,1,0.01,0.3,0.5,0.00754,3.37272,0.43668
45,100,1,0.01,0.3,0.5,0.00754,3.36677,0.24581
46,100,1,0.01,0.3,0.5,0.00754,3.36673,0.25991
47,100,1,0.01,0.3,0.5,0.00754,3.36525,0.28098
48,100,1,0.01,0.3,0.5,0.00754,3.36553,0.27555
49,100,1,0.01,0.3,0.5,0.00754,3.3645,0.30373
50,100,1,0.01,0.3,0.5,0.00754,3.36414,0.24676
51,100,1,0.01,0.3,0.5,0.00754,3.36784,0.27985
52,100,1,0.01,0.3,0.5,0.00754,3.36668,0.25361
53,100,1,0.01,0.3,0.5,0.00754,3.37294,0.3396
54,100,1,0.01,0.3,0.5,0.00754,3.37207,0.3365
55,100,1,0.01,0.3,0.5,0.00754,3.37373,0.30285
56,100,1,0.01,0.3,0.5,0.00754,3.36987,0.30431
57,100,1,0.01,0.3,0.5,0.00754,3.36653,0.26062
58,100,1,0.01,0.3,0.5,0.00754,3.36565,0.28795
59,100,1,0.01,0.3,0.5,0.00754,3.36572,0.2626
60,100,1,0.01,0.3,0.5,0.00754,3.3642,0.2301
61,100,1,0.01,0.3,0.5,0.00754,3.36497,0.27885
62,100,1,0.01,0.3,0.5,0.00754,3.37314,0.36407
63,100,1,0.01,0.3,0.5,0.00754,3.37369,0.33797
64,100,1,0.01,0.3,0.5,0.00754,3.37634,0.38881
65,100,1,0.01,0.3,0.5,0.00754,3.36942,0.29678
66,100,1,0.01,0.3,0.5,0.00754,3.36187,0.18586
67,100,1,0.01,0.3,0.5,0.00754,3.37198,0.34222
68,100,1,0.01,0.3,0.5,0.00754,3.3723,0.33935
69,100,1,0.01,0.3,0.5,0.00754,3.36261,0.26546
70,100,1,0.01,0.3,0.5,0.00754,3.38324,0.43294
71,100,1,0.01,0.3,0.5,0.00754,3.39567,0.52216
72,100,1,0.01,0.3,0.5,0.00754,3.37291,0.30467
73,100,1,0.01,0.3,0.5,0.00754,3.38223,0.41785
74,100,1,0.01,0.3,0.5,0.00754,3.36943,0.32572
75,100,1,0.01,0.3,0.5,0.00754,3.37166,0.34405
76,100,1,0.01,0.3,0.5,0.00754,3.38097,0.40115
77,100,1,0.01,0.3,0.5,0.00754,3.37267,0.33273
78,100,1,0.01,0.3,0.5,0.00754,3.37812,0.38217
79,100,1,0.01,0.3,0.5,0.00754,3.36783,0.29526
80,100,1,0.01,0.3,0.5,0.00754,3.36925,0.32205
81,100,1,0.01,0.3,0.5,0.00754,3.3631,0.24555
82,100,1,0.01,0.3,0.5,0.00754,3.3768,0.36184
83,100,1,0.01,0.3,0.5,0.00754,3.38033,0.41098
84,100,1,0.01,0.3,0.5,0.00754,3.36553,0.21493
85,100,1,0.01,0.3,0.5,0.00754,3.36382,0.24813
86,100,1,0.01,0.3,0.5,0.00754,3.36544,0.28241
87,100,1,0.01,0.3,0.5,0.00754,3.37566,0.37247
88,100,1,0.01,0.3,0.5,0.00754,3.36293,0.23805
89,100,1,0.01,0.3,0.5,0.00754,3.36185,0.20306
90,100,1,0.01,0.3,0.5,0.00754,3.37415,0.36323
91,100,1,0.01,0.3,0.5,0.00754,3.37058,0.33366
92,100,1,0.01,0.3,0.5,0.00754,3.38551,0.43641
93,100,1,0.01,0.3,0.5,0.00754,3.36818,0.30013
94,100,1,0.01,0.3,0.5,0.00754,3.36418,0.2406
95,100,1,0.01,0.3,0.5,0.00754,3.36624,0.26159
96,100,1,0.01,0.3,0.5,0.00754,3.36783,0.27789
97,100,1,0.01,0.3,0.5,0.00754,3.3642,0.25886
98,100,1,0.01,0.3,0.5,0.00754,3.37721,0.36489
99,100,1,0.01,0.3,0.5,0.00754,3.38363,0.44545
0,100,1,0.01,0.3,0.5,0.00625,3.32835,0.32923
1,100,1,0.01,0.3,0.5,0.00625,3.32469,0.36267
2,100,1,0.01,0.3,0.5,0.00625,3.32898,0.35902
3,100,1,0.01,0.3,0.5,0.00625,3.32889,0.33995
4,100,1,0.01,0.3,0.5,0.00625,3.33156,0.3322
5,100,1,0.01,0.3,0.5,0.00625,3.33014,0.43525
6,100,1,0.01,0.3,0.5,0.00625,3.32964,0.36676
7,100,1,0.01,0.3,0.5,0.00625,3.32257,0.31695
8,100,1,0.01,0.3,0.5,0.00625,3.33448,0.40643
9,100,1,0.01,0.3,0.5,0.00625,3.32617,0.3736
10,100,1,0.01,0.3,0.5,0.00625,3.32833,0.33256
11,100,1,0.01,0.3,0.5,0.00625,3.3243,0.29459
12,100,1,0.01,0.3,0.5,0.00625,3.32105,0.24855
13,100,1,0.01,0.3,0.5,0.00625,3.32383,0.28802
14,100,1,0.01,0.3,0.5,0.00625,3.31869,0.31346
15,100,1,0.01,0.3,0.5,0.00625,3.32229,0.31556
16,100,1,0.01,0.3,0.5,0.00625,3.32406,0.32803
17,100,1,0.01,0.3,0.5,0.00625,3.33688,0.42308
18,100,1,0.01,0.3,0.5,0.00625,3.32237,0.28607
19,100,1,0.01,0.3,0.5,0.00625,3.32432,0.33413
20,100,1,0.01,0.3,0.5,0.00625,3.32112,0.27785
21,100,1,0.01,0.3,0.5,0.00625,3.32164,0.28867
22,100,1,0.01,0.3,0.5,0.00625,3.3342,0.38104
23,100,1,0.01,0.3,0.5,0.00625,3.3173,0.29659
24,100,1,0.01,0.3,0.5,0.00625,3.34096,0.45122
25,100,1,0.01,0.3,0.5,0.00625,3.32131,0.28832
26,100,1,0.01,0.3,0.5,0.00625,3.32557,0.28749
27,100,1,0.01,0.3,0.5,0.00625,3.33295,0.39
28,100,1,0.01,0.3,0.5,0.00625,3.31853,0.27844
29,100,1,0.01,0.3,0.5,0.00625,3.32737,0.34127
30,100,1,0.01,0.3,0.5,0.00625,3.32047,0.25899
31,100,1,0.01,0.3,0.5,0.00625,3.33207,0.38077
32,100,1,0.01,0.3,0.5,0.00625,3.33895,0.41323
33,100,1,0.01,0.3,0.5,0.00625,3.32365,0.30987
34,100,1,0.01,0.3,0.5,0.00625,3.32569,0.38448
35,100,1,0.01,0.3,0.5,0.00625,3.32742,0.33708
36,100,1,0.01,0.3,0.5,0.00625,3.3302,0.35017
37,100,1,0.01,0.3,0.5,0.00625,3.32729,0.3074
38,100,1,0.01,0.3,0.5,0.00625,3.33424,0.44434
39,100,1,0.01,0.3,0.5,0.00625,3.32738,0.33292
40,100,1,0.01,0.3,0.5,0.00625,3.34888,0.47639
41,100,1,0.01,0.3,0.5,0.00625,3.32081,0.27399
42,100,1,0.01,0.3,0.5,0.00625,3.32808,0.36994
43,100,1,0.01,0.3,0.5,0.00625,3.31959,0.24481
44,100,1,0.01,0.3,0.5,0.00625,3.33286,0.49334
45,100,1,0.01,0.3,0.5,0.00625,3.32466,0.28146
46,100,1,0.01,0.3,0.5,0.00625,3.32537,0.30026
47,100,1,0.01,0.3,0.5,0.00625,3.32185,0.31087
48,100,1,0.01,0.3,0.5,0.00625,3.32277,0.31995
49,100,1,0.01,0.3,0.5,0.00625,3.32186,0.35521
50,100,1,0.01,0.3,0.5,0.00625,3.32191,0.28697
51,100,1,0.01,0.3,0.5,0.00625,3.32534,0.31202
52,100,1,0.01,0.3,0.5,0.00625,3.32275,0.28879
53,100,1,0.01,0.3,0.5,0.00625,3.33297,0.38342
54,100,1,0.01,0.3,0.5,0.00625,3.33104,0.37522
55,100,1,0.01,0.3,0.5,0.00625,3.33336,0.34099
56,100,1,0.01,0.3,0.5,0.00625,3.32926,0.34967
57,100,1,0.01,0.3,0.5,0.00625,3.32393,0.29005
58,100,1,0.01,0.3,0.5,0.00625,3.32256,0.32053
59,100,1,0.01,0.3,0.5,0.00625,3.32291,0.29368
60,100,1,0.01,0.3,0.5,0.00625,3.32144,0.26532
61,100,1,0.01,0.3,0.5,0.00625,3.32196,0.31072
62,100,1,0.01,0.3,0.5,0.00625,3.33264,0.41283
63,100,1,0.01,0.3,0.5,0.00625,3.33176,0.37232
64,100,1,0.01,0.3,0.5,0.00625,3.33486,0.42703
65,100,1,0.01,0.3,0.5,0.00625,3.32835,0.33915
66,100,1,0.01,0.3,0.5,0.00625,3.31825,0.2131
67,100,1,0.01,0.3,0.5,0.00625,3.33035,0.38107
68,100,1,0.01,0.3,0.5,0.00625,3.33232,0.39759
69,100,1,0.01,0.3,0.5,0.00625,3.31921,0.30661
70,100,1,0.01,0.3,0.5,0.00625,3.34429,0.47997
71,100,1,0.01,0.3,0.5,0.00625,3.3601,0.58242
72,100,1,0.01,0.3,0.5,0.00625,3.33135,0.33437
73,100,1,0.01,0.3,0.5,0.00625,3.3445,0.47626
74,100,1,0.01,0.3,0.5,0.00625,3.32755,0.36206
75,100,1,0.01,0.3,0.5,0.00625,3.33055,0.38771
76,100,1,0.01,0.3,0.5,0.00625,3.34192,0.45375
77,100,1,0.01,0.3,0.5,0.00625,3.33104,0.37252
78,100,1,0.01,0.3,0.5,0.00625,3.33702,0.41835
79,100,1,0.01,0.3,0.5,0.00625,3.32557,0.33009
80,100,1,0.01,0.3,0.5,0.00625,3.32727,0.36138
81,100,1,0.01,0.3,0.5,0.00625,3.31959,0.29378
82,100,1,0.01,0.3,0.5,0.00625,3.33602,0.39523
83,100,1,0.01,0.3,0.5,0.00625,3.33967,0.45004
84,100,1,0.01,0.3,0.5,0.00625,3.32287,0.2474
85,100,1,0.01,0.3,0.5,0.00625,3.32004,0.27691
86,100,1,0.01,0.3,0.5,0.00625,3.32306,0.32322
87,100,1,0.01,0.3,0.5,0.00625,3.33547,0.41754
88,100,1,0.01,0.3,0.5,0.00625,3.31992,0.27114
89,100,1,0.01,0.3,0.5,0.00625,3.31894,0.24407
90,100,1,0.01,0.3,0.5,0.00625,3.33344,0.41174
91,100,1,0.01,0.3,0.5,0.00625,3.32812,0.36205
92,100,1,0.01,0.3,0.5,0.00625,3.34786,0.49376
93,100,1,0.01,0.3,0.5,0.00625,3.32579,0.34016
94,100,1,0.01,0.3,0.5,0.00625,3.3217,0.27959
95,100,1,0.01,0.3,0.5,0.00625,3.32426,0.30672
96,100,1,0.01,0.3,0.5,0.00625,3.32531,0.31008
97,100,1,0.01,0.3,0.5,0.00625,3.32062,0.29016
98,100,1,0.01,0.3,0.5,0.00625,3.33852,0.41582
99,100,1,0.01,0.3,0.5,0.00625,3.34335,0.48121
0,100,1,0.01,0.3,0.5,0.00518,3.28356,0.36532
1,100,1,0.01,0.3,0.5,0.00518,3.28211,0.44004
2,100,1,0.01,0.3,0.5,0.00518,3.28231,0.39159
3,100,1,0.01,0.3,0.5,0.00518,3.28463,0.37499
4,100,1,0.01,0.3,0.5,0.00518,3.28645,0.35991
5,100,1,0.01,0.3,0.5,0.00518,3.28741,0.49116
6,100,1,0.01,0.3,0.5,0.00518,3.28555,0.41093
7,100,1,0.01,0.3,0.5,0.00518,3.27782,0.36643
8,100,1,0.01,0.3,0.5,0.00518,3.29122,0.45702
9,100,1,0.01,0.3,0.5,0.00518,3.28111,0.41002
10,100,1,0.01,0.3,0.5,0.00518,3.2839,0.37364
11,100,1,0.01,0.3,0.5,0.00518,3.27916,0.33561
12,100,1,0.01,0.3,0.5,0.00518,3.2749,0.27778
13,100,1,0.01,0.3,0.5,0.00518,3.27764,0.31472
14,100,1,0.01,0.3,0.5,0.00518,3.27298,0.36776
15,100,1,0.01,0.3,0.5,0.00518,3.27921,0.38029
16,100,1,0.01,0.3,0.5,0.00518,3.27846,0.35916
17,100,1,0.01,0.3,0.5,0.00518,3.29277,0.45571
18,100,1,0.01,0.3,0.5,0.00518,3.27703,0.32369
19,100,1,0.01,0.3,0.5,0.00518,3.27879,0.37141
20,100,1,0.01,0.3,0.5,0.00518,3.27471,0.31799
21,100,1,0.01,0.3,0.5,0.00518,3.27626,0.32641
22,100,1,0.01,0.3,0.5,0.00518,3.28983,0.41827
23,100,1,0.01,0.3,0.5,0.00518,3.2707,0.33602
24,100,1,0.01,0.3,0.5,0.00518,3.29902,0.50087
25,100,1,0.01,0.3,0.5,0.00518,3.27564,0.33463
26,100,1,0.01,0.3,0.5,0.00518,3.28052,0.32279
27,100,1,0.01,0.3,0.5,0.00518,3.28883,0.42947
28,100,1,0.01,0.3,0.5,0.00518,3.27213,0.32292
29,100,1,0.01,0.3,0.5,0.00518,3.28304,0.39121
30,100,1,0.01,0.3,0.5,0.00518,3.27423,0.29305
31,100,1,0.01,0.3,0.5,0.00518,3.28981,0.42851
32,100,1,0.01,0.3,0.5,0.00518,3.29601,0.45048
33,100,1,0.01,0.3,0.5,0.00518,3.27936,0.35064
34,100,1,0.01,0.3,0.5,0.00518,3.28445,0.46129
35,100,1,0.01,0.3,0.5,0.00518,3.28216,0.37003
36,100,1,0.01,0.3,0.5,0.00518,3.28612,0.38569
37,100,1,0.01,0.3,0.5,0.00518,3.28303,0.34402
38,100,1,0.01,0.3,0.5,0.00518,3.29105,0.50378
39,100,1,0.01,0.3,0.5,0.00518,3.28328,0.38103
40,100,1,0.01,0.3,0.5,0.00518,3.3088,0.52826
41,100,1,0.01,0.3,0.5,0.00518,3.27511,0.31265
42,100,1,0.01,0.3,0.5,0.00518,3.28479,0.43135
43,100,1,0.01,0.3,0.5,0.00518,3.27271,0.27392
44,100,1,0.01,0.3,0.5,0.00518,3.29216,0.55825
45,100,1,0.01,0.3,0.5,0.00518,3.27988,0.32163
46,100,1,0.01,0.3,0.5,0.00518,3.28184,0.34578
47,100,1,0.01,0.3,0.5,0.00518,3.27542,0.34414
48,100,1,0.01,0.3,0.5,0.00518,3.27773,0.37095
49,100,1,0.01,0.3,0.5,0.00518,3.27716,0.41399
50,100,1,0.01,0.3,0.5,0.00518,3.27724,0.33351
51,100,1,0.01,0.3,0.5,0.00518,3.27995,0.3473
52,100,1,0.01,0.3,0.5,0.00518,3.27561,0.32835
53,100,1,0.01,0.3,0.5,0.00518,3.29105,0.43256
54,100,1,0.01,0.3,0.5,0.00518,3.28744,0.41777
55,100,1,0.01,0.3,0.5,0.00518,3.2906,0.38438
56,100,1,0.01,0.3,0.5,0.00518,3.28676,0.40328
57,100,1,0.01,0.3,0.5,0.00518,3.2783,0.3226
58,100,1,0.01,0.3,0.5,0.00518,3.27677,0.35716
59,100,1,0.01,0.3,0.5,0.00518,3.27735,0.32934
60,100,1,0.01,0.3,0.5,0.00518,3.27584,0.30442
61,100,1,0.01,0.3,0.5,0.00518,3.27614,0.34635
62,100,1,0.01,0.3,0.5,0.00518,3.29014,0.46726
63,100,1,0.01,0.3,0.5,0.00518,3.28708,0.41042
64,100,1,0.01,0.3,0.5,0.00518,3.29068,0.46843
65,100,1,0.01,0.3,0.5,0.00518,3.28502,0.38894
66,100,1,0.01,0.3,0.5,0.00518,3.27157,0.24401
67,100,1,0.01,0.3,0.5,0.00518,3.28627,0.42611
68,100,1,0.01,0.3,0.5,0.00518,3.29089,0.46474
69,100,1,0.01,0.3,0.5,0.00518,3.27308,0.3517
70,100,1,0.01,0.3,0.5,0.00518,3.30305,0.52982
71,100,1,0.01,0.3,0.5,0.00518,3.32276,0.64657
72,100,1,0.01,0.3,0.5,0.00518,3.28676,0.36534
73,100,1,0.01,0.3,0.5,0.00518,3.30487,0.5376
74,100,1,0.01,0.3,0.5,0.00518,3.28353,0.40625
75,100,1,0.01,0.3,0.5,0.00518,3.28683,0.43351
76,100,1,0.01,0.3,0.5,0.00518,3.30105,0.51165
77,100,1,0.01,0.3,0.5,0.00518,3.2869,0.41852
78,100,1,0.01,0.3,0.5,0.00518,3.29343,0.45992
79,100,1,0.01,0.3,0.5,0.00518,3.28057,0.36848
80,100,1,0.01,0.3,0.5,0.00518,3.28313,0.40784
81,100,1,0.01,0.3,0.5,0.00518,3.27417,0.35482
82,100,1,0.01,0.3,0.5,0.00518,3.29264,0.43183
83,100,1,0.01,0.3,0.5,0.00518,3.29653,0.49213
84,100,1,0.01,0.3,0.5,0.00518,3.27775,0.28769
85,100,1,0.01,0.3,0.5,0.00518,3.27295,0.30924
86,100,1,0.01,0.3,0.5,0.00518,3.27823,0.36935
87,100,1,0.01,0.3,0.5,0.00518,3.29317,0.46804
88,100,1,0.01,0.3,0.5,0.00518,3.27399,0.30696
89,100,1,0.01,0.3,0.5,0.00518,3.27367,0.29274
90,100,1,0.01,0.3,0.5,0.00518,3.2906,0.46483
91,100,1,0.01,0.3,0.5,0.00518,3.28279,0.39371
92,100,1,0.01,0.3,0.5,0.00518,3.30828,0.55645
93,100,1,0.01,0.3,0.5,0.00518,3.28083,0.38497
94,100,1,0.01,0.3,0.5,0.00518,3.27655,0.32338
95,100,1,0.01,0.3,0.5,0.00518,3.28033,0.36045
96,100,1,0.01,0.3,0.5,0.00518,3.28005,0.34601
97,100,1,0.01,0.3,0.5,0.00518,3.27403,0.32487
98,100,1,0.01,0.3,0.5,0.00518,3.29822,0.47132
99,100,1,0.01,0.3,0.5,0.00518,3.30045,0.51954
0,100,1,0.01,0.3,0.5,0.00429,3.23629,0.40602
1,100,1,0.01,0.3,0.5,0.00429,3.23978,0.53011
2,100,1,0.01,0.3,0.5,0.00429,3.23304,0.42973
3,100,1,0.01,0.3,0.5,0.00429,3.23776,0.41511
4,100,1,0.01,0.3,0.5,0.00429,3.23829,0.38981
5,100,1,0.01,0.3,0.5,0.00429,3.24294,0.5526
6,100,1,0.01,0.3,0.5,0.00429,3.23955,0.46183
7,100,1,0.01,0.3,0.5,0.00429,3.23143,0.42393
8,100,1,0.01,0.3,0.5,0.00429,3.24593,0.51419
9,100,1,0.01,0.3,0.5,0.00429,3.23384,0.45183
10,100,1,0.01,0.3,0.5,0.00429,3.23706,0.42021
11,100,1,0.01,0.3,0.5,0.00429,3.23203,0.38533
12,100,1,0.01,0.3,0.5,0.00429,3.22572,0.31089
13,100,1,0.01,0.3,0.5,0.00429,3.22827,0.34383
14,100,1,0.01,0.3,0.5,0.00429,3.22581,0.43067
15,100,1,0.01,0.3,0.5,0.00429,3.23556,0.45498
16,100,1,0.01,0.3,0.5,0.00429,3.23047,0.39488
17,100,1,0.01,0.3,0.5,0.00429,3.24558,0.48995
18,100,1,0.01,0.3,0.5,0.00429,3.22903,0.36493
19,100,1,0.01,0.3,0.5,0.00429,3.23049,0.41174
20,100,1,0.01,0.3,0.5,0.00429,3.22597,0.36714
21,100,1,0.01,0.3,0.5,0.00429,3.22833,0.36909
22,100,1,0.01,0.3,0.5,0.00429,3.24291,0.45862
23,100,1,0.01,0.3,0.5,0.00429,3.22187,0.38081
24,100,1,0.01,0.3,0.5,0.00429,3.2557,0.55784
25,100,1,0.01,0.3,0.5,0.00429,3.22796,0.38978
26,100,1,0.01,0.3,0.5,0.00429,3.23302,0.36291
27,100,1,0.01,0.3,0.5,0.00429,3.24244,0.47536
28,100,1,0.01,0.3,0.5,0.00429,3.22365,0.37687
29,100,1,0.01,0.3,0.5,0.00429,3.23674,0.44752
30,100,1,0.01,0.3,0.5,0.00429,3.22476,0.32855
31,100,1,0.01,0.3,0.5,0.00429,3.24515,0.47842
32,100,1,0.01,0.3,0.5,0.00429,3.25076,0.49022
33,100,1,0.01,0.3,0.5,0.00429,3.23316,0.39727
34,100,1,0.01,0.3,0.5,0.00429,3.24416,0.55548
35,100,1,0.01,0.3,0.5,0.00429,3.23416,0.40684
36,100,1,0.01,0.3,0.5,0.00429,3.23932,0.4257
37,100,1,0.01,0.3,0.5,0.00429,3.23594,0.38511
38,100,1,0.01,0.3,0.5,0.00429,3.24656,0.57027
39,100,1,0.01,0.3,0.5,0.00429,3.23726,0.43554
40,100,1,0.01,0.3,0.5,0.00429,3.2677,0.58721
41,100,1,0.01,0.3,0.5,0.00429,3.22695,0.35616
42,100,1,0.01,0.3,0.5,0.00429,3.24038,0.50092
43,100,1,0.01,0.3,0.5,0.00429,3.22268,0.30641
44,100,1,0.01,0.3,0.5,0.00429,3.25112,0.62961
45,100,1,0.01,0.3,0.5,0.00429,3.23276,0.36654
46,100,1,0.01,0.3,0.5,0.00429,3.23665,0.39737
47,100,1,0.01,0.3,0.5,0.00429,3.2262,0.38091
48,100,1,0.01,0.3,0.5,0.00429,3.23098,0.42844
49,100,1,0.01,0.3,0.5,0.00429,3.23088,0.47927
50,100,1,0.01,0.3,0.5,0.00429,3.23056,0.387
51,100,1,0.01,0.3,0.5,0.00429,3.2319,0.38654
52,100,1,0.01,0.3,0.5,0.00429,3.22568,0.37343
53,100,1,0.01,0.3,0.5,0.00429,3.24752,0.48692
54,100,1,0.01,0.3,0.5,0.00429,3.24158,0.46527
55,100,1,0.01,0.3,0.5,0.00429,3.24581,0.43405
56,100,1,0.01,0.3,0.5,0.00429,3.24341,0.4691
57,100,1,0.01,0.3,0.5,0.00429,3.22985,0.35942
58,100,1,0.01,0.3,0.5,0.00429,3.22872,0.39903
59,100,1,0.01,0.3,0.5,0.00429,3.2294,0.37048
60,100,1,0.01,0.3,0.5,0.00429,3.22768,0.34825
61,100,1,0.01,0.3,0.5,0.00429,3.2278,0.38595
62,100,1,0.01,0.3,0.5,0.00429,3.24625,0.52833
63,100,1,0.01,0.3,0.5,0.00429,3.24006,0.45302
64,100,1,0.01,0.3,0.5,0.00429,3.24423,0.51435
65,100,1,0.01,0.3,0.5,0.00429,3.23992,0.44762
66,100,1,0.01,0.3,0.5,0.00429,3.22207,0.27921
67,100,1,0.01,0.3,0.5,0.00429,3.24026,0.47863
68,100,1,0.01,0.3,0.5,0.00429,3.24866,0.54009
69,100,1,0.01,0.3,0.5,0.00429,3.22461,0.40104
70,100,1,0.01,0.3,0.5,0.00429,3.26012,0.58395
71,100,1,0.01,0.3,0.5,0.00429,3.28397,0.71477
72,100,1,0.01,0.3,0.5,0.00429,3.23928,0.39864
73,100,1,0.01,0.3,0.5,0.00429,3.2637,0.60266
74,100,1,0.01,0.3,0.5,0.00429,3.23804,0.45917
75,100,1,0.01,0.3,0.5,0.00429,3.24068,0.48138
76,100,1,0.01,0.3,0.5,0.00429,3.25883,0.57436
77,100,1,0.01,0.3,0.5,0.00429,3.24074,0.47123
78,100,1,0.01,0.3,0.5,0.00429,3.24777,0.50771
79,100,1,0.01,0.3,0.5,0.00429,3.2332,0.41133
80,100,1,0.01,0.3,0.5,0.00429,3.23739,0.46202
81,100,1,0.01,0.3,0.5,0.00429,3.22779,0.42815
82,100,1,0.01,0.3,0.5,0.00429,3.24698,0.47243
83,100,1,0.01,0.3,0.5,0.00429,3.25141,0.53785
84,100,1,0.01,0.3,0.5,0.00429,3.23079,0.33673
85,100,1,0.01,0.3,0.5,0.00429,3.22288,0.34824
86,100,1,0.01,0.3,0.5,0.00429,3.23134,0.42105
87,100,1,0.01,0.3,0.5,0.00429,3.24918,0.5247
88,100,1,0.01,0.3,0.5,0.00429,3.22534,0.34606
89,100,1,0.01,0.3,0.5,0.00429,3.22653,0.34922
90,100,1,0.01,0.3,0.5,0.00429,3.24629,0.52381
91,100,1,0.01,0.3,0.5,0.00429,3.23481,0.4292
92,100,1,0.01,0.3,0.5,0.00429,3.26721,0.62465
93,100,1,0.01,0.3,0.5,0.00429,3.23374,0.43502
94,100,1,0.01,0.3,0.5,0.00429,3.229,0.37184
95,100,1,0.01,0.3,0.5,0.00429,3.23507,0.42289
96,100,1,0.01,0.3,0.5,0.00429,3.23239,0.38669
97,100,1,0.01,0.3,0.5,0.00429,3.22463,0.36276
98,100,1,0.01,0.3,0.5,0.00429,3.25668,0.53056
99,100,1,0.01,0.3,0.5,0.00429,3.25535,0.56143
0,100,1,0.01,0.3,0.5,0.00356,3.1864,0.4527
1,100,1,0.01,0.3,0.5,0.00356,3.19864,0.63166
2,100,1,0.01,0.3,0.5,0.00356,3.18117,0.47352
3,100,1,0.01,0.3,0.5,0.00356,3.18814,0.46242
4,100,1,0.01,0.3,0.5,0.00356,3.18709,0.42451
5,100,1,0.01,0.3,0.5,0.00356,3.19667,0.62014
6,100,1,0.01,0.3,0.5,0.00356,3.19187,0.52052
7,100,1,0.01,0.3,0.5,0.00356,3.1837,0.49015
8,100,1,0.01,0.3,0.5,0.00356,3.19872,0.57944
9,100,1,0.01,0.3,0.5,0.00356,3.1843,0.49967
10,100,1,0.01,0.3,0.5,0.00356,3.1879,0.47373
11,100,1,0.01,0.3,0.5,0.00356,3.1833,0.44543
12,100,1,0.01,0.3,0.5,0.00356,3.17345,0.35036
13,100,1,0.01,0.3,0.5,0.00356,3.17543,0.37698
14,100,1,0.01,0.3,0.5,0.00356,3.17748,0.50171
15,100,1,0.01,0.3,0.5,0.00356,3.19163,0.53822
16,100,1,0.01,0.3,0.5,0.00356,3.18009,0.43651
17,100,1,0.01,0.3,0.5,0.00356,3.19507,0.5275
18,100,1,0.01,0.3,0.5,0.00356,3.1782,0.41017
19,100,1,0.01,0.3,0.5,0.00356,3.17899,0.45506
20,100,1,0.01,0.3,0.5,0.00356,3.17545,0.4282
21,100,1,0.01,0.3,0.5,0.00356,3.17773,0.41751
22,100,1,0.01,0.3,0.5,0.00356,3.19345,0.50355
23,100,1,0.01,0.3,0.5,0.00356,3.17104,0.43218
24,100,1,0.01,0.3,0.5,0.00356,3.21138,0.62332
25,100,1,0.01,0.3,0.5,0.00356,3.17867,0.45514
26,100,1,0.01,0.3,0.5,0.00356,3.18305,0.4089
27,100,1,0.01,0.3,0.5,0.00356,3.19384,0.52975
28,100,1,0.01,0.3,0.5,0.00356,3.1734,0.44095
29,100,1,0.01,0.3,0.5,0.00356,3.18862,0.51109
30,100,1,0.01,0.3,0.5,0.00356,3.17159,0.36666
31,100,1,0.01,0.3,0.5,0.00356,3.19766,0.53146
32,100,1,0.01,0.3,0.5,0.00356,3.2034,0.53414
33,100,1,0.01,0.3,0.5,0.00356,3.18514,0.45064
34,100,1,0.01,0.3,0.5,0.00356,3.20647,0.6696
35,100,1,0.01,0.3,0.5,0.00356,3.18332,0.44862
36,100,1,0.01,0.3,0.5,0.00356,3.18976,0.47326
37,100,1,0.01,0.3,0.5,0.00356,3.18601,0.43426
38,100,1,0.01,0.3,0.5,0.00356,3.20096,0.64342
39,100,1,0.01,0.3,0.5,0.00356,3.18957,0.49839
40,100,1,0.01,0.3,0.5,0.00356,3.22574,0.653
41,100,1,0.01,0.3,0.5,0.00356,3.17622,0.40516
42,100,1,0.01,0.3,0.5,0.00356,3.19514,0.57789
43,100,1,0.01,0.3,0.5,0.00356,3.16927,0.34372
44,100,1,0.01,0.3,0.5,0.00356,3.20956,0.70577
45,100,1,0.01,0.3,0.5,0.00356,3.18314,0.41609
46,100,1,0.01,0.3,0.5,0.00356,3.19008,0.45624
47,100,1,0.01,0.3,0.5,0.00356,3.17398,0.42123
48,100,1,0.01,0.3,0.5,0.00356,3.18262,0.49254
49,100,1,0.01,0.3,0.5,0.00356,3.183,0.55042
50,100,1,0.01,0.3,0.5,0.00356,3.18196,0.44807
51,100,1,0.01,0.3,0.5,0.00356,3.18104,0.43093
52,100,1,0.01,0.3,0.5,0.00356,3.17309,0.42547
53,100,1,0.01,0.3,0.5,0.00356,3.20227,0.54622
54,100,1,0.01,0.3,0.5,0.00356,3.1936,0.51947
55,100,1,0.01,0.3,0.5,0.00356,3.199,0.49108
56,100,1,0.01,0.3,0.5,0.00356,3.20051,0.55179
57,100,1,0.01,0.3,0.5,0.00356,3.17841,0.40157
58,100,1,0.01,0.3,0.5,0.00356,3.17855,0.44791
59,100,1,0.01,0.3,0.5,0.00356,3.17908,0.41761
60,100,1,0.01,0.3,0.5,0.00356,3.17693,0.39789
61,100,1,0.01,0.3,0.5,0.00356,3.17681,0.42975
62,100,1,0.01,0.3,0.5,0.00356,3.20126,0.59714
63,100,1,0.01,0.3,0.5,0.00356,3.19073,0.50101
64,100,1,0.01,0.3,0.5,0.00356,3.19575,0.56692
65,100,1,0.01,0.3,0.5,0.00356,3.19334,0.5165
66,100,1,0.01,0.3,0.5,0.00356,3.16965,0.31946
67,100,1,0.01,0.3,0.5,0.00356,3.19256,0.53955
68,100,1,0.01,0.3,0.5,0.00356,3.20576,0.6224
69,100,1,0.01,0.3,0.5,0.00356,3.17384,0.45551
70,100,1,0.01,0.3,0.5,0.00356,3.21592,0.64411
71,100,1,0.01,0.3,0.5,0.00356,3.24367,0.78743
72,100,1,0.01,0.3,0.5,0.00356,3.1887,0.43595
73,100,1,0.01,0.3,0.5,0.00356,3.22122,0.6737
74,100,1,0.01,0.3,0.5,0.00356,3.19128,0.52059
75,100,1,0.01,0.3,0.5,0.00356,3.19185,0.5315
76,100,1,0.01,0.3,0.5,0.00356,3.21511,0.64118
77,100,1,0.01,0.3,0.5,0.00356,3.19265,0.53062
78,100,1,0.01,0.3,0.5,0.00356,3.20008,0.5623
79,100,1,0.01,0.3,0.5,0.00356,3.18354,0.45971
80,100,1,0.01,0.3,0.5,0.00356,3.19023,0.52412
81,100,1,0.01,0.3,0.5,0.00356,3.181,0.51331
82,100,1,0.01,0.3,0.5,0.00356,3.19895,0.51757
83,100,1,0.01,0.3,0.5,0.00356,3.20437,0.5879
84,100,1,0.01,0.3,0.5,0.00356,3.18227,0.39455
85,100,1,0.01,0.3,0.5,0.00356,3.17004,0.39783
86,100,1,0.01,0.3,0.5,0.00356,3.1823,0.47813
87,100,1,0.01,0.3,0.5,0.00356,3.20355,0.58846
88,100,1,0.01,0.3,0.5,0.00356,3.1738,0.38936
89,100,1,0.01,0.3,0.5,0.00356,3.17768,0.41342
90,100,1,0.01,0.3,0.5,0.00356,3.20096,0.59023
91,100,1,0.01,0.3,0.5,0.00356,3.18399,0.46898
92,100,1,0.01,0.3,0.5,0.00356,3.22465,0.6983
93,100,1,0.01,0.3,0.5,0.00356,3.18453,0.49088
94,100,1,0.01,0.3,0.5,0.00356,3.17886,0.42493
95,100,1,0.01,0.3,0.5,0.00356,3.18871,0.49444
96,100,1,0.01,0.3,0.5,0.00356,3.1824,0.43388
97,100,1,0.01,0.3,0.5,0.00356,3.17207,0.40342
98,100,1,0.01,0.3,0.5,0.00356,3.2138,0.59291
99,100,1,0.01,0.3,0.5,0.00356,3.20803,0.60714
0,100,1,0.01,0.3,0.5,0.00295,3.13377,0.50742
1,100,1,0.01,0.3,0.5,0.00295,3.15941,0.74312
2,100,1,0.01,0.3,0.5,0.00295,3.12641,0.52285
3,100,1,0.01,0.3,0.5,0.00295,3.13579,0.51977
4,100,1,0.01,0.3,0.5,0.00295,3.13286,0.46689
5,100,1,0.01,0.3,0.5,0.00295,3.14849,0.69485
6,100,1,0.01,0.3,0.5,0.00295,3.14261,0.58771
7,100,1,0.01,0.3,0.5,0.00295,3.13476,0.56532
8,100,1,0.01,0.3,0.5,0.00295,3.14966,0.65424
9,100,1,0.01,0.3,0.5,0.00295,3.13224,0.55399
10,100,1,0.01,0.3,0.5,0.00295,3.13647,0.53562
11,100,1,0.01,0.3,0.5,0.00295,3.13336,0.51696
12,100,1,0.01,0.3,0.5,0.00295,3.1181,0.39845
13,100,1,0.01,0.3,0.5,0.00295,3.11875,0.41632
14,100,1,0.01,0.3,0.5,0.00295,3.12796,0.57994
15,100,1,0.01,0.3,0.5,0.00295,3.14737,0.62877
16,100,1,0.01,0.3,0.5,0.00295,3.12712,0.48527
17,100,1,0.01,0.3,0.5,0.00295,3.14104,0.57079
18,100,1,0.01,0.3,0.5,0.00295,3.12419,0.46003
19,100,1,0.01,0.3,0.5,0.00295,3.12372,0.50194
20,100,1,0.01,0.3,0.5,0.00295,3.12391,0.50332
21,100,1,0.01,0.3,0.5,0.00295,3.12423,0.47253
22,100,1,0.01,0.3,0.5,0.00295,3.14135,0.5548
23,100,1,0.01,0.3,0.5,0.00295,3.11839,0.49121
24,100,1,0.01,0.3,0.5,0.00295,3.16635,0.69849
25,100,1,0.01,0.3,0.5,0.00295,3.12817,0.53138
26,100,1,0.01,0.3,0.5,0.00295,3.13044,0.46151
27,100,1,0.01,0.3,0.5,0.00295,3.14316,0.59549
28,100,1,0.01,0.3,0.5,0.00295,3.12173,0.51586
29,100,1,0.01,0.3,0.5,0.00295,3.13876,0.58297
30,100,1,0.01,0.3,0.5,0.00295,3.11424,0.4098
31,100,1,0.01,0.3,0.5,0.00295,3.14696,0.58946
32,100,1,0.01,0.3,0.5,0.00295,3.15405,0.58376
33,100,1,0.01,0.3,0.5,0.00295,3.13526,0.51146
34,100,1,0.01,0.3,0.5,0.00295,3.17336,0.80485
35,100,1,0.01,0.3,0.5,0.00295,3.12937,0.4963
36,100,1,0.01,0.3,0.5,0.00295,3.13755,0.5319
37,100,1,0.01,0.3,0.5,0.00295,3.13359,0.49614
38,100,1,0.01,0.3,0.5,0.00295,3.15428,0.72294
39,100,1,0.01,0.3,0.5,0.00295,3.14053,0.57173
40,100,1,0.01,0.3,0.5,0.00295,3.18282,0.72491
41,100,1,0.01,0.3,0.5,0.00295,3.12269,0.46051
42,100,1,0.01,0.3,0.5,0.00295,3.14903,0.66117
43,100,1,0.01,0.3,0.5,0.00295,3.11221,0.38744
44,100,1,0.01,0.3,0.5,0.00295,3.16713,0.78642
45,100,1,0.01,0.3,0.5,0.00295,3.13063,0.47012
46,100,1,0.01,0.3,0.5,0.00295,3.14233,0.52368
47,100,1,0.01,0.3,0.5,0.00295,3.11837,0.46544
48,100,1,0.01,0.3,0.5,0.00295,3.1326,0.56385
49,100,1,0.01,0.3,0.5,0.00295,3.13328,0.62734
50,100,1,0.01,0.3,0.5,0.00295,3.13151,0.5176
51,100,1,0.01,0.3,0.5,0.00295,3.1271,0.48195
52,100,1,0.01,0.3,0.5,0.00295,3.1179,0.48601
53,100,1,0.01,0.3,0.5,0.00295,3.15494,0.61012
54,100,1,0.01,0.3,0.5,0.00295,3.14376,0.58251
55,100,1,0.01,0.3,0.5,0.00295,3.15014,0.55658
56,100,1,0.01,0.3,0.5,0.00295,3.15979,0.65449
57,100,1,0.01,0.3,0.5,0.00295,3.12367,0.45008
58,100,1,0.01,0.3,0.5,0.00295,3.12645,0.50585
59,100,1,0.01,0.3,0.5,0.00295,3.12616,0.4706
60,100,1,0.01,0.3,0.5,0.00295,3.12347,0.45437
61,100,1,0.01,0.3,0.5,0.00295,3.1229,0.4785
62,100,1,0.01,0.3,0.5,0.00295,3.1554,0.67502
63,100,1,0.01,0.3,0.5,0.00295,3.13903,0.5558
64,100,1,0.01,0.3,0.5,0.00295,3.14557,0.62883
65,100,1,0.01,0.3,0.5,0.00295,3.14561,0.59627
66,100,1,0.01,0.3,0.5,0.00295,3.114,0.36546
67,100,1,0.01,0.3,0.5,0.00295,3.14325,0.60915
68,100,1,0.01,0.3,0.5,0.00295,3.16191,0.71008
69,100,1,0.01,0.3,0.5,0.00295,3.12077,0.51638
70,100,1,0.01,0.3,0.5,0.00295,3.17085,0.71203
71,100,1,0.01,0.3,0.5,0.00295,3.2018,0.86541
72,100,1,0.01,0.3,0.5,0.00295,3.13472,0.47937
73,100,1,0.01,0.3,0.5,0.00295,3.17801,0.75416
74,100,1,0.01,0.3,0.5,0.00295,3.14315,0.58947
75,100,1,0.01,0.3,0.5,0.00295,3.13997,0.58441
76,100,1,0.01,0.3,0.5,0.00295,3.16943,0.71196
77,100,1,0.01,0.3,0.5,0.00295,3.1425,0.59623
78,100,1,0.01,0.3,0.5,0.00295,3.15025,0.62386
79,100,1,0.01,0.3,0.5,0.00295,3.1316,0.51467
80,100,1,0.01,0.3,0.5,0.00295,3.14167,0.59398
81,100,1,0.01,0.3,0.5,0.00295,3.13449,0.61145
82,100,1,0.01,0.3,0.5,0.00295,3.1483,0.56781
83,100,1,0.01,0.3,0.5,0.00295,3.15535,0.64329
84,100,1,0.01,0.3,0.5,0.00295,3.13218,0.4603
85,100,1,0.01,0.3,0.5,0.00295,3.1148,0.46129
86,100,1,0.01,0.3,0.5,0.00295,3.13077,0.54029
87,100,1,0.01,0.3,0.5,0.00295,3.15628,0.6609
88,100,1,0.01,0.3,0.5,0.00295,3.11912,0.43791
89,100,1,0.01,0.3,0.5,0.00295,3.1271,0.48527
90,100,1,0.01,0.3,0.5,0.00295,3.15499,0.66544
91,100,1,0.01,0.3,0.5,0.00295,3.12988,0.51342
92,100,1,0.01,0.3,0.5,0.00295,3.18046,0.77725
93,100,1,0.01,0.3,0.5,0.00295,3.1331,0.55352
94,100,1,0.01,0.3,0.5,0.00295,3.12579,0.48283
95,100,1,0.01,0.3,0.5,0.00295,3.14135,0.5756
96,100,1,0.01,0.3,0.5,0.00295,3.13016,0.48982
97,100,1,0.01,0.3,0.5,0.00295,3.11579,0.44657
98,100,1,0.01,0.3,0.5,0.00295,3.16923,0.65809
99,100,1,0.01,0.3,0.5,0.00295,3.15803,0.65614
0,100,1,0.01,0.3,0.5,0.00244,3.07867,0.57283
1,100,1,0.01,0.3,0.5,0.00244,3.12264,0.86267
2,100,1,0.01,0.3,0.5,0.00244,3.06859,0.57824
3,100,1,0.01,0.3,0.5,0.00244,3.08123,0.59025
4,100,1,0.01,0.3,0.5,0.00244,3.07582,0.51959
5,100,1,0.01,0.3,0.5,0.00244,3.09866,0.77814
6,100,1,0.01,0.3,0.5,0.00244,3.09203,0.66378
7,100,1,0.01,0.3,0.5,0.00244,3.08485,0.64935
8,100,1,0.01,0.3,0.5,0.00244,3.09908,0.73936
9,100,1,0.01,0.3,0.5,0.00244,3.07749,0.61526
10,100,1,0.01,0.3,0.5,0.00244,3.08308,0.60725
11,100,1,0.01,0.3,0.5,0.00244,3.08282,0.59966
12,100,1,0.01,0.3,0.5,0.00244,3.05981,0.45667
13,100,1,0.01,0.3,0.5,0.00244,3.05808,0.46425
14,100,1,0.01,0.3,0.5,0.00244,3.07722,0.66469
15,100,1,0.01,0.3,0.5,0.00244,3.10275,0.72604
16,100,1,0.01,0.3,0.5,0.00244,3.07143,0.54267
17,100,1,0.01,0.3,0.5,0.00244,3.08355,0.62259
18,100,1,0.01,0.3,0.5,0.00244,3.06688,0.51576
19,100,1,0.01,0.3,0.5,0.00244,3.06432,0.55372
20,100,1,0.01,0.3,0.5,0.00244,3.0725,0.59303
21,100,1,0.01,0.3,0.5,0.00244,3.06777,0.53503
22,100,1,0.01,0.3,0.5,0.00244,3.08673,0.61424
23,100,1,0.01,0.3,0.5,0.00244,3.06427,0.55878
24,100,1,0.01,0.3,0.5,0.00244,3.12114,0.78512
25,100,1,0.01,0.3,0.5,0.00244,3.07698,0.61818
26,100,1,0.01,0.3,0.5,0.00244,3.07509,0.52136
27,100,1,0.01,0.3,0.5,0.00244,3.09114,0.67644
28,100,1,0.01,0.3,0.5,0.00244,3.06935,0.60239
29,100,1,0.01,0.3,0.5,0.00244,3.0875,0.66435
30,100,1,0.01,0.3,0.5,0.00244,3.05267,0.46147
31,100,1,0.01,0.3,0.5,0.00244,3.09308,0.65474
32,100,1,0.01,0.3,0.5,0.00244,3.10282,0.64013
33,100,1,0.01,0.3,0.5,0.00244,3.08355,0.58069
34,100,1,0.01,0.3,0.5,0.00244,3.14706,0.9602
35,100,1,0.01,0.3,0.5,0.00244,3.07217,0.55109
36,100,1,0.01,0.3,0.5,0.00244,3.08329,0.60459
37,100,1,0.01,0.3,0.5,0.00244,3.07978,0.57548
38,100,1,0.01,0.3,0.5,0.00244,3.10664,0.80866
39,100,1,0.01,0.3,0.5,0.00244,3.09079,0.65738
40,100,1,0.01,0.3,0.5,0.00244,3.1389,0.8026
41,100,1,0.01,0.3,0.5,0.00244,3.06626,0.52331
42,100,1,0.01,0.3,0.5,0.00244,3.10191,0.74971
43,100,1,0.01,0.3,0.5,0.00244,3.05138,0.439
44,100,1,0.01,0.3,0.5,0.00244,3.12409,0.87328
45,100,1,0.01,0.3,0.5,0.00244,3.07485,0.52879
46,100,1,0.01,0.3,0.5,0.00244,3.0938,0.60094
47,100,1,0.01,0.3,0.5,0.00244,3.05914,0.51435
48,100,1,0.01,0.3,0.5,0.00244,3.08107,0.64312
49,100,1,0.01,0.3,0.5,0.00244,3.08164,0.71099
50,100,1,0.01,0.3,0.5,0.00244,3.07959,0.59685
51,100,1,0.01,0.3,0.5,0.00244,3.07,0.54123
52,100,1,0.01,0.3,0.5,0.00244,3.06043,0.5563
53,100,1,0.01,0.3,0.5,0.00244,3.10519,0.67857
54,100,1,0.01,0.3,0.5,0.00244,3.09274,0.65654
55,100,1,0.01,0.3,0.5,0.00244,3.09942,0.63171
56,100,1,0.01,0.3,0.5,0.00244,3.12313,0.77692
57,100,1,0.01,0.3,0.5,0.00244,3.06548,0.50608
58,100,1,0.01,0.3,0.5,0.00244,3.07285,0.57455
59,100,1,0.01,0.3,0.5,0.00244,3.07038,0.52888
60,100,1,0.01,0.3,0.5,0.00244,3.0674,0.51832
61,100,1,0.01,0.3,0.5,0.00244,3.06608,0.53399
62,100,1,0.01,0.3,0.5,0.00244,3.10928,0.76381
63,100,1,0.01,0.3,0.5,0.00244,3.08523,0.6193
64,100,1,0.01,0.3,0.5,0.00244,3.09445,0.70293
65,100,1,0.01,0.3,0.5,0.00244,3.09732,0.68692
66,100,1,0.01,0.3,0.5,0.00244,3.05488,0.41776
67,100,1,0.01,0.3,0.5,0.00244,3.09249,0.68709
68,100,1,0.01,0.3,0.5,0.00244,3.11671,0.80146
69,100,1,0.01,0.3,0.5,0.00244,3.06568,0.58494
70,100,1,0.01,0.3,0.5,0.00244,3.12543,0.7894
71,100,1,0.01,0.3,0.5,0.00244,3.15866,0.95003
72,100,1,0.01,0.3,0.5,0.00244,3.07727,0.53126
73,100,1,0.01,0.3,0.5,0.00244,3.13544,0.84783
74,100,1,0.01,0.3,0.5,0.00244,3.09348,0.66466
75,100,1,0.01,0.3,0.5,0.00244,3.08489,0.64114
76,100,1,0.01,0.3,0.5,0.00244,3.12162,0.78785
77,100,1,0.01,0.3,0.5,0.00244,3.09017,0.66752
78,100,1,0.01,0.3,0.5,0.00244,3.09821,0.69223
79,100,1,0.01,0.3,0.5,0.00244,3.07755,0.57722
80,100,1,0.01,0.3,0.5,0.00244,3.09176,0.67117
81,100,1,0.01,0.3,0.5,0.00244,3.08975,0.72597
82,100,1,0.01,0.3,0.5,0.00244,3.09492,0.62413
83,100,1,0.01,0.3,0.5,0.00244,3.10446,0.70562
84,100,1,0.01,0.3,0.5,0.00244,3.08038,0.5327
85,100,1,0.01,0.3,0.5,0.00244,3.05789,0.54034
86,100,1,0.01,0.3,0.5,0.00244,3.07639,0.60772
87,100,1,0.01,0.3,0.5,0.00244,3.10783,0.74457
88,100,1,0.01,0.3,0.5,0.00244,3.06112,0.49253
89,100,1,0.01,0.3,0.5,0.00244,3.07484,0.56475
90,100,1,0.01,0.3,0.5,0.00244,3.10885,0.75055
91,100,1,0.01,0.3,0.5,0.00244,3.07209,0.56317
92,100,1,0.01,0.3,0.5,0.00244,3.13467,0.86171
93,100,1,0.01,0.3,0.5,0.00244,3.07959,0.62456
94,100,1,0.01,0.3,0.5,0.00244,3.06959,0.546
95,100,1,0.01,0.3,0.5,0.00244,3.09327,0.66677
96,100,1,0.01,0.3,0.5,0.00244,3.07602,0.55694
97,100,1,0.01,0.3,0.5,0.00244,3.05522,0.49241
98,100,1,0.01,0.3,0.5,0.00244,3.12266,0.72628
99,100,1,0.01,0.3,0.5,0.00244,3.10473,0.70778
0,100,1,0.01,0.3,0.5,0.00202,3.02206,0.65172
1,100,1,0.01,0.3,0.5,0.00202,3.08878,0.9886
2,100,1,0.01,0.3,0.5,0.00202,3.00801,0.64125
3,100,1,0.01,0.3,0.5,0.00202,3.02574,0.6764
4,100,1,0.01,0.3,0.5,0.00202,3.01656,0.58457
5,100,1,0.01,0.3,0.5,0.00202,3.04801,0.87174
6,100,1,0.01,0.3,0.5,0.00202,3.04068,0.7489
7,100,1,0.01,0.3,0.5,0.00202,3.03449,0.74211
8,100,1,0.01,0.3,0.5,0.00202,3.04763,0.83481
9,100,1,0.01,0.3,0.5,0.00202,3.02019,0.68416
10,100,1,0.01,0.3,0.5,0.00202,3.02849,0.69
11,100,1,0.01,0.3,0.5,0.00202,3.03229,0.69152
12,100,1,0.01,0.3,0.5,0.00202,2.99904,0.52626
13,100,1,0.01,0.3,0.5,0.00202,2.99373,0.52304
14,100,1,0.01,0.3,0.5,0.00202,3.02548,0.75599
15,100,1,0.01,0.3,0.5,0.00202,3.05797,0.82994
16,100,1,0.01,0.3,0.5,0.00202,3.01332,0.61104
17,100,1,0.01,0.3,0.5,0.00202,3.02306,0.68555
18,100,1,0.01,0.3,0.5,0.00202,3.00659,0.57993
19,100,1,0.01,0.3,0.5,0.00202,3.00094,0.61247
20,100,1,0.01,0.3,0.5,0.00202,3.02265,0.69643
21,100,1,0.01,0.3,0.5,0.00202,3.00869,0.60585
22,100,1,0.01,0.3,0.5,0.00202,3.03014,0.68416
23,100,1,0.01,0.3,0.5,0.00202,3.0094,0.63597
24,100,1,0.01,0.3,0.5,0.00202,3.07699,0.88647
25,100,1,0.01,0.3,0.5,0.00202,3.02577,0.71435
26,100,1,0.01,0.3,0.5,0.00202,3.01722,0.58902
27,100,1,0.01,0.3,0.5,0.00202,3.03957,0.7775
28,100,1,0.01,0.3,0.5,0.00202,3.01752,0.70139
29,100,1,0.01,0.3,0.5,0.00202,3.03555,0.75631
30,100,1,0.01,0.3,0.5,0.00202,2.98763,0.52589
31,100,1,0.01,0.3,0.5,0.00202,3.03674,0.7297
32,100,1,0.01,0.3,0.5,0.00202,3.0499,0.70412
33,100,1,0.01,0.3,0.5,0.00202,3.03041,0.65989
34,100,1,0.01,0.3,0.5,0.00202,3.12956,1.13215
35,100,1,0.01,0.3,0.5,0.00202,3.01199,0.61478
36,100,1,0.01,0.3,0.5,0.00202,3.0281,0.69289
37,100,1,0.01,0.3,0.5,0.00202,3.0266,0.67572
38,100,1,0.01,0.3,0.5,0.00202,3.0584,0.9002
39,100,1,0.01,0.3,0.5,0.00202,3.04151,0.75632
40,100,1,0.01,0.3,0.5,0.00202,3.0944,0.88658
41,100,1,0.01,0.3,0.5,0.00202,3.00721,0.59499
42,100,1,0.01,0.3,0.5,0.00202,3.05379,0.84273
43,100,1,0.01,0.3,0.5,0.00202,2.987,0.49947
44,100,1,0.01,0.3,0.5,0.00202,3.08173,0.96939
45,100,1,0.01,0.3,0.5,0.00202,3.01573,0.59287
46,100,1,0.01,0.3,0.5,0.00202,3.04517,0.68916
47,100,1,0.01,0.3,0.5,0.00202,2.99645,0.56926
48,100,1,0.01,0.3,0.5,0.00202,3.02846,0.73093
49,100,1,0.01,0.3,0.5,0.00202,3.02867,0.80368
50,100,1,0.01,0.3,0.5,0.00202,3.02712,0.68716
51,100,1,0.01,0.3,0.5,0.00202,3.01003,0.61039
52,100,1,0.01,0.3,0.5,0.00202,3.00145,0.63727
53,100,1,0.01,0.3,0.5,0.00202,3.05291,0.75216
54,100,1,0.01,0.3,0.5,0.00202,3.04179,0.74367
55,100,1,0.01,0.3,0.5,0.00202,3.04745,0.71748
56,100,1,0.01,0.3,0.5,0.00202,3.09209,0.91552
57,100,1,0.01,0.3,0.5,0.00202,3.00398,0.57093
58,100,1,0.01,0.3,0.5,0.00202,3.01863,0.65523
59,100,1,0.01,0.3,0.5,0.00202,3.01152,0.5922
60,100,1,0.01,0.3,0.5,0.00202,3.00912,0.5895
61,100,1,0.01,0.3,0.5,0.00202,3.007,0.599
62,100,1,0.01,0.3,0.5,0.00202,3.0642,0.86585
63,100,1,0.01,0.3,0.5,0.00202,3.03005,0.69337
64,100,1,0.01,0.3,0.5,0.00202,3.0437,0.79153
65,100,1,0.01,0.3,0.5,0.00202,3.04947,0.78787
66,100,1,0.01,0.3,0.5,0.00202,2.99219,0.47674
67,100,1,0.01,0.3,0.5,0.00202,3.04063,0.77292
68,100,1,0.01,0.3,0.5,0.00202,3.06993,0.8956
69,100,1,0.01,0.3,0.5,0.00202,3.00925,0.66235
70,100,1,0.01,0.3,0.5,0.00202,3.08055,0.87784
71,100,1,0.01,0.3,0.5,0.00202,3.11514,1.04293
72,100,1,0.01,0.3,0.5,0.00202,3.01666,0.59402
73,100,1,0.01,0.3,0.5,0.00202,3.09564,0.95772
74,100,1,0.01,0.3,0.5,0.00202,3.04227,0.74566
75,100,1,0.01,0.3,0.5,0.00202,3.02688,0.70354
76,100,1,0.01,0.3,0.5,0.00202,3.07225,0.87139
77,100,1,0.01,0.3,0.5,0.00202,3.03572,0.74408
78,100,1,0.01,0.3,0.5,0.00202,3.04412,0.76718
79,100,1,0.01,0.3,0.5,0.00202,3.02181,0.64834
80,100,1,0.01,0.3,0.5,0.00202,3.04078,0.75521
81,100,1,0.01,0.3,0.5,0.00202,3.04989,0.86222
82,100,1,0.01,0.3,0.5,0.00202,3.03919,0.68825
83,100,1,0.01,0.3,0.5,0.00202,3.05239,0.77726
84,100,1,0.01,0.3,0.5,0.00202,3.02673,0.61084
85,100,1,0.01,0.3,0.5,0.00202,3.00042,0.63512
86,100,1,0.01,0.3,0.5,0.00202,3.01914,0.68169
87,100,1,0.01,0.3,0.5,0.00202,3.05962,0.84308
88,100,1,0.01,0.3,0.5,0.00202,2.99988,0.5538
89,100,1,0.01,0.3,0.5,0.00202,3.02119,0.65199
90,100,1,0.01,0.3,0.5,0.00202,3.06331,0.8471
91,100,1,0.01,0.3,0.5,0.00202,3.01048,0.61948
92,100,1,0.01,0.3,0.5,0.00202,3.08788,0.95272
93,100,1,0.01,0.3,0.5,0.00202,3.02471,0.70642
94,100,1,0.01,0.3,0.5,0.00202,3.01037,0.61526
95,100,1,0.01,0.3,0.5,0.00202,3.04502,0.76807
96,100,1,0.01,0.3,0.5,0.00202,3.02085,0.63751
97,100,1,0.01,0.3,0.5,0.00202,2.99011,0.54174
98,100,1,0.01,0.3,0.5,0.00202,3.07407,0.79826
99,100,1,0.01,0.3,0.5,0.00202,3.04771,0.76265
0,100,1,0.01,0.3,0.5,0.00168,2.96566,0.74649
1,100,1,0.01,0.3,0.5,0.00168,3.05844,1.12006
2,100,1,0.01,0.3,0.5,0.00168,2.94576,0.71439
3,100,1,0.01,0.3,0.5,0.00168,2.97129,0.77941
4,100,1,0.01,0.3,0.5,0.00168,2.95603,0.6629
5,100,1,0.01,0.3,0.5,0.00168,2.99812,0.97761
6,100,1,0.01,0.3,0.5,0.00168,2.98947,0.8432
7,100,1,0.01,0.3,0.5,0.00168,2.9846,0.84383
8,100,1,0.01,0.3,0.5,0.00168,2.99643,0.94052
9,100,1,0.01,0.3,0.5,0.00168,2.96089,0.76164
10,100,1,0.01,0.3,0.5,0.00168,2.97406,0.78513
11,100,1,0.01,0.3,0.5,0.00168,2.98207,0.78921
12,100,1,0.01,0.3,0.5,0.00168,2.93681,0.60912
13,100,1,0.01,0.3,0.5,0.00168,2.92648,0.59438
14,100,1,0.01,0.3,0.5,0.00168,2.97348,0.85473
15,100,1,0.01,0.3,0.5,0.00168,3.0136,0.9407
16,100,1,0.01,0.3,0.5,0.00168,2.95384,0.69393
17,100,1,0.01,0.3,0.5,0.00168,2.96055,0.76187
18,100,1,0.01,0.3,0.5,0.00168,2.94453,0.65678
19,100,1,0.01,0.3,0.5,0.00168,2.93445,0.68075
20,100,1,0.01,0.3,0.5,0.00168,2.976,0.81235
21,100,1,0.01,0.3,0.5,0.00168,2.94782,0.68585
22,100,1,0.01,0.3,0.5,0.00168,2.97285,0.76764
23,100,1,0.01,0.3,0.5,0.00168,2.955,0.72427
24,100,1,0.01,0.3,0.5,0.00168,3.03652,1.00787
25,100,1,0.01,0.3,0.5,0.00168,2.97534,0.81854
26,100,1,0.01,0.3,0.5,0.00168,2.95739,0.66502
27,100,1,0.01,0.3,0.5,0.00168,2.99189,0.90409
28,100,1,0.01,0.3,0.5,0.00168,2.9682,0.81396
29,100,1,0.01,0.3,0.5,0.00168,2.98408,0.8594
30,100,1,0.01,0.3,0.5,0.00168,2.92085,0.60754
31,100,1,0.01,0.3,0.5,0.00168,2.97938,0.81627
32,100,1,0.01,0.3,0.5,0.00168,2.99578,0.77704
33,100,1,0.01,0.3,0.5,0.00168,2.97678,0.75107
34,100,1,0.01,0.3,0.5,0.00168,3.12201,1.31524
35,100,1,0.01,0.3,0.5,0.00168,2.94969,0.68973
36,100,1,0.01,0.3,0.5,0.00168,2.97359,0.79687
37,100,1,0.01,0.3,0.5,0.00168,2.97696,0.79857
38,100,1,0.01,0.3,0.5,0.00168,3.0101,0.99696
39,100,1,0.01,0.3,0.5,0.00168,2.99422,0.86875
40,100,1,0.01,0.3,0.5,0.00168,3.05038,0.97811
41,100,1,0.01,0.3,0.5,0.00168,2.94636,0.67731
42,100,1,0.01,0.3,0.5,0.00168,3.005,0.93982
43,100,1,0.01,0.3,0.5,0.00168,2.91959,0.56973
44,100,1,0.01,0.3,0.5,0.00168,3.04228,1.07749
45,100,1,0.01,0.3,0.5,0.00168,2.95367,0.66374
46,100,1,0.01,0.3,0.5,0.00168,2.99756,0.78928
47,100,1,0.01,0.3,0.5,0.00168,2.93097,0.63195
48,100,1,0.01,0.3,0.5,0.00168,2.97557,0.82779
49,100,1,0.01,0.3,0.5,0.00168,2.97596,0.90861
50,100,1,0.01,0.3,0.5,0.00168,2.97552,0.78952
51,100,1,0.01,0.3,0.5,0.00168,2.94801,0.69089
52,100,1,0.01,0.3,0.5,0.00168,2.94226,0.72985
53,100,1,0.01,0.3,0.5,0.00168,2.99847,0.83236
54,100,1,0.01,0.3,0.5,0.00168,2.99286,0.84614
55,100,1,0.01,0.3,0.5,0.00168,2.99525,0.81437
56,100,1,0.01,0.3,0.5,0.00168,3.06757,1.06565
57,100,1,0.01,0.3,0.5,0.00168,2.93975,0.64595
58,100,1,0.01,0.3,0.5,0.00168,2.96521,0.74896
59,100,1,0.01,0.3,0.5,0.00168,2.94967,0.66135
60,100,1,0.01,0.3,0.5,0.00168,2.94917,0.66682
61,100,1,0.01,0.3,0.5,0.00168,2.9471,0.67659
62,100,1,0.01,0.3,0.5,0.00168,3.02236,0.98334
63,100,1,0.01,0.3,0.5,0.00168,2.97469,0.77944
64,100,1,0.01,0.3,0.5,0.00168,2.99518,0.89581
65,100,1,0.01,0.3,0.5,0.00168,3.00333,0.89826
66,100,1,0.01,0.3,0.5,0.00168,2.92607,0.54295
67,100,1,0.01,0.3,0.5,0.00168,2.98839,0.86679
68,100,1,0.01,0.3,0.5,0.00168,3.02197,0.99329
69,100,1,0.01,0.3,0.5,0.00168,2.95266,0.75002
70,100,1,0.01,0.3,0.5,0.00168,3.03747,0.97876
71,100,1,0.01,0.3,0.5,0.00168,3.0728,1.14592
72,100,1,0.01,0.3,0.5,0.00168,2.95382,0.66998
73,100,1,0.01,0.3,0.5,0.00168,3.06138,1.08539
74,100,1,0.01,0.3,0.5,0.00168,2.98998,0.8332
75,100,1,0.01,0.3,0.5,0.00168,2.96693,0.77441
76,100,1,0.01,0.3,0.5,0.00168,3.023,0.96593
77,100,1,0.01,0.3,0.5,0.00168,2.97949,0.82613
78,100,1,0.01,0.3,0.5,0.00168,2.98841,0.8487
79,100,1,0.01,0.3,0.5,0.00168,2.96521,0.72931
80,100,1,0.01,0.3,0.5,0.00168,2.98919,0.84571
81,100,1,0.01,0.3,0.5,0.00168,3.02009,1.02625
82,100,1,0.01,0.3,0.5,0.00168,2.98211,0.76261
83,100,1,0.01,0.3,0.5,0.00168,3.00069,0.8613
84,100,1,0.01,0.3,0.5,0.00168,2.97131,0.69512
85,100,1,0.01,0.3,0.5,0.00168,2.94402,0.74522
86,100,1,0.01,0.3,0.5,0.00168,2.95972,0.76477
87,100,1,0.01,0.3,0.5,0.00168,3.01436,0.96057
88,100,1,0.01,0.3,0.5,0.00168,2.93574,0.62223
89,100,1,0.01,0.3,0.5,0.00168,2.96678,0.74715
90,100,1,0.01,0.3,0.5,0.00168,3.01981,0.95761
91,100,1,0.01,0.3,0.5,0.00168,2.94545,0.68473
92,100,1,0.01,0.3,0.5,0.00168,3.04159,1.05248
93,100,1,0.01,0.3,0.5,0.00168,2.97002,0.80225
94,100,1,0.01,0.3,0.5,0.00168,2.94878,0.69211
95,100,1,0.01,0.3,0.5,0.00168,2.99761,0.87957
96,100,1,0.01,0.3,0.5,0.00168,2.96608,0.73335
97,100,1,0.01,0.3,0.5,0.00168,2.92059,0.59607
98,100,1,0.01,0.3,0.5,0.00168,3.02392,0.87554
99,100,1,0.01,0.3,0.5,0.00168,2.9873,0.82371
0,100,1,0.01,0.3,0.5,0.00139,2.91197,0.85884
1,100,1,0.01,0.3,0.5,0.00139,3.03291,1.25767
2,100,1,0.01,0.3,0.5,0.00139,2.88374,0.80019
3,100,1,0.01,0.3,0.5,0.00139,2.9203,0.89908
4,100,1,0.01,0.3,0.5,0.00139,2.89551,0.75486
5,100,1,0.01,0.3,0.5,0.00139,2.95142,1.09754
6,100,1,0.01,0.3,0.5,0.00139,2.93986,0.94739
7,100,1,0.01,0.3,0.5,0.00139,2.93679,0.95553
8,100,1,0.01,0.3,0.5,0.00139,2.94736,1.05716
9,100,1,0.01,0.3,0.5,0.00139,2.90078,0.84916
10,100,1,0.01,0.3,0.5,0.00139,2.92174,0.89367
11,100,1,0.01,0.3,0.5,0.00139,2.93203,0.88952
12,100,1,0.01,0.3,0.5,0.00139,2.87505,0.70809
13,100,1,0.01,0.3,0.5,0.00139,2.85758,0.67924
14,100,1,0.01,0.3,0.5,0.00139,2.92264,0.96221
15,100,1,0.01,0.3,0.5,0.00139,2.9707,1.05886
16,100,1,0.01,0.3,0.5,0.00139,2.89528,0.79584
17,100,1,0.01,0.3,0.5,0.00139,2.89763,0.85331
18,100,1,0.01,0.3,0.5,0.00139,2.88323,0.75197
19,100,1,0.01,0.3,0.5,0.00139,2.86651,0.76109
20,100,1,0.01,0.3,0.5,0.00139,2.93465,0.94057
21,100,1,0.01,0.3,0.5,0.00139,2.88656,0.77609
22,100,1,0.01,0.3,0.5,0.00139,2.91725,0.86898
23,100,1,0.01,0.3,0.5,0.00139,2.90296,0.82558
24,100,1,0.01,0.3,0.5,0.00139,3.00435,1.15599
25,100,1,0.01,0.3,0.5,0.00139,2.9268,0.9301
26,100,1,0.01,0.3,0.5,0.00139,2.8965,0.74978
27,100,1,0.01,0.3,0.5,0.00139,2.95331,1.06037
28,100,1,0.01,0.3,0.5,0.00139,2.92412,0.94171
29,100,1,0.01,0.3,0.5,0.00139,2.93455,0.97335
30,100,1,0.01,0.3,0.5,0.00139,2.8552,0.71094
31,100,1,0.01,0.3,0.5,0.00139,2.92299,0.91556
32,100,1,0.01,0.3,0.5,0.00139,2.94163,0.86138
33,100,1,0.01,0.3,0.5,0.00139,2.92424,0.85604
34,100,1,0.01,0.3,0.5,0.00139,3.12434,1.50322
35,100,1,0.01,0.3,0.5,0.00139,2.88689,0.77862
36,100,1,0.01,0.3,0.5,0.00139,2.92174,0.91578
37,100,1,0.01,0.3,0.5,0.00139,2.93455,0.9444
38,100,1,0.01,0.3,0.5,0.00139,2.9625,1.0986
39,100,1,0.01,0.3,0.5,0.00139,2.95088,0.99458
40,100,1,0.01,0.3,0.5,0.00139,3.00861,1.07891
41,100,1,0.01,0.3,0.5,0.00139,2.88523,0.77224
42,100,1,0.01,0.3,0.5,0.00139,2.95629,1.04096
43,100,1,0.01,0.3,0.5,0.00139,2.85016,0.6511
44,100,1,0.01,0.3,0.5,0.00139,3.00826,1.19838
45,100,1,0.01,0.3,0.5,0.00139,2.88959,0.74298
46,100,1,0.01,0.3,0.5,0.00139,2.95247,0.90175
47,100,1,0.01,0.3,0.5,0.00139,2.86398,0.70446
48,100,1,0.01,0.3,0.5,0.00139,2.92372,0.9348
49,100,1,0.01,0.3,0.5,0.00139,2.92625,1.02889
50,100,1,0.01,0.3,0.5,0.00139,2.92672,0.90447
51,100,1,0.01,0.3,0.5,0.00139,2.88525,0.78373
52,100,1,0.01,0.3,0.5,0.00139,2.88485,0.83545
53,100,1,0.01,0.3,0.5,0.00139,2.94297,0.92145
54,100,1,0.01,0.3,0.5,0.00139,2.94879,0.96644
55,100,1,0.01,0.3,0.5,0.00139,2.94414,0.9222
56,100,1,0.01,0.3,0.5,0.00139,3.05023,1.22378
57,100,1,0.01,0.3,0.5,0.00139,2.87387,0.73218
58,100,1,0.01,0.3,0.5,0.00139,2.91485,0.85739
59,100,1,0.01,0.3,0.5,0.00139,2.8855,0.73847
60,100,1,0.01,0.3,0.5,0.00139,2.88807,0.74933
61,100,1,0.01,0.3,0.5,0.00139,2.88851,0.76916
62,100,1,0.01,0.3,0.5,0.00139,2.98667,1.11765
63,100,1,0.01,0.3,0.5,0.00139,2.92081,0.87848
64,100,1,0.01,0.3,0.5,0.00139,2.95106,1.01556
65,100,1,0.01,0.3,0.5,0.00139,2.96043,1.0174
66,100,1,0.01,0.3,0.5,0.00139,2.85704,0.61751
67,100,1,0.01,0.3,0.5,0.00139,2.93715,0.96968
68,100,1,0.01,0.3,0.5,0.00139,2.97445,1.09789
69,100,1,0.01,0.3,0.5,0.00139,2.8978,0.85021
70,100,1,0.01,0.3,0.5,0.00139,2.99792,1.09335
71,100,1,0.01,0.3,0.5,0.00139,3.03391,1.26103
72,100,1,0.01,0.3,0.5,0.00139,2.89039,0.76126
73,100,1,0.01,0.3,0.5,0.00139,3.03582,1.23125
74,100,1,0.01,0.3,0.5,0.00139,2.93795,0.92954
75,100,1,0.01,0.3,0.5,0.00139,2.90695,0.85752
76,100,1,0.01,0.3,0.5,0.00139,2.97656,1.07461
77,100,1,0.01,0.3,0.5,0.00139,2.92233,0.91488
78,100,1,0.01,0.3,0.5,0.00139,2.93184,0.93725
79,100,1,0.01,0.3,0.5,0.00139,2.90913,0.82212
80,100,1,0.01,0.3,0.5,0.00139,2.93779,0.94261
81,100,1,0.01,0.3,0.5,0.00139,3.00755,1.22321
82,100,1,0.01,0.3,0.5,0.00139,2.92552,0.85015
83,100,1,0.01,0.3,0.5,0.00139,2.95199,0.96122
84,100,1,0.01,0.3,0.5,0.00139,2.91492,0.7878
85,100,1,0.01,0.3,0.5,0.00139,2.89092,0.87054
86,100,1,0.01,0.3,0.5,0.00139,2.89991,0.86043
87,100,1,0.01,0.3,0.5,0.00139,2.9761,1.1006
88,100,1,0.01,0.3,0.5,0.00139,2.86944,0.69871
89,100,1,0.01,0.3,0.5,0.00139,2.91264,0.85043
90,100,1,0.01,0.3,0.5,0.00139,2.98099,1.086
91,100,1,0.01,0.3,0.5,0.00139,2.87835,0.76251
92,100,1,0.01,0.3,0.5,0.00139,2.99843,1.16404
93,100,1,0.01,0.3,0.5,0.00139,2.91817,0.91561
94,100,1,0.01,0.3,0.5,0.00139,2.88615,0.77869
95,100,1,0.01,0.3,0.5,0.00139,2.95269,1.00164
96,100,1,0.01,0.3,0.5,0.00139,2.9137,0.84544
97,100,1,0.01,0.3,0.5,0.00139,2.84728,0.65775
98,100,1,0.01,0.3,0.5,0.00139,2.97335,0.96034
99,100,1,0.01,0.3,0.5,0.00139,2.92519,0.89654
0,100,1,0.01,0.3,0.5,0.00115,2.86436,0.99007
1,100,1,0.01,0.3,0.5,0.00115,3.01461,1.40345
2,100,1,0.01,0.3,0.5,0.00115,2.82452,0.90047
3,100,1,0.01,0.3,0.5,0.00115,2.87544,1.03442
4,100,1,0.01,0.3,0.5,0.00115,2.83675,0.86055
5,100,1,0.01,0.3,0.5,0.00115,2.91098,1.2326
6,100,1,0.01,0.3,0.5,0.00115,2.89433,1.0638
7,100,1,0.01,0.3,0.5,0.00115,2.89359,1.07921
8,100,1,0.01,0.3,0.5,0.00115,2.90334,1.18627
9,100,1,0.01,0.3,0.5,0.00115,2.84196,0.94896
10,100,1,0.01,0.3,0.5,0.00115,2.87403,1.01618
11,100,1,0.01,0.3,0.5,0.00115,2.88198,0.99085
12,100,1,0.01,0.3,0.5,0.00115,2.81697,0.82663
13,100,1,0.01,0.3,0.5,0.00115,2.78882,0.77838
14,100,1,0.01,0.3,0.5,0.00115,2.87508,1.07985
15,100,1,0.01,0.3,0.5,0.00115,2.93101,1.18541
16,100,1,0.01,0.3,0.5,0.00115,2.84141,0.92134
17,100,1,0.01,0.3,0.5,0.00115,2.83671,0.96138
18,100,1,0.01,0.3,0.5,0.00115,2.82685,0.87122
19,100,1,0.01,0.3,0.5,0.00115,2.79954,0.85544
20,100,1,0.01,0.3,0.5,0.00115,2.90132,1.082
21,100,1,0.01,0.3,0.5,0.00115,2.82699,0.87767
22,100,1,0.01,0.3,0.5,0.00115,2.86749,0.99363
23,100,1,0.01,0.3,0.5,0.00115,2.85587,0.94183
24,100,1,0.01,0.3,0.5,0.00115,2.98747,1.337
25,100,1,0.01,0.3,0.5,0.00115,2.88184,1.0497
26,100,1,0.01,0.3,0.5,0.00115,2.83573,0.84385
27,100,1,0.01,0.3,0.5,0.00115,2.92987,1.24659
28,100,1,0.01,0.3,0.5,0.00115,2.88899,1.08691
29,100,1,0.01,0.3,0.5,0.00115,2.88871,1.0975
30,100,1,0.01,0.3,0.5,0.00115,2.795,0.84041
31,100,1,0.01,0.3,0.5,0.00115,2.86998,1.02762
32,100,1,0.01,0.3,0.5,0.00115,2.8898,0.96099
33,100,1,0.01,0.3,0.5,0.00115,2.87501,0.9756
34,100,1,0.01,0.3,0.5,0.00115,3.13566,1.69098
35,100,1,0.01,0.3,0.5,0.00115,2.82607,0.88398
36,100,1,0.01,0.3,0.5,0.00115,2.87503,1.04917
37,100,1,0.01,0.3,0.5,0.00115,2.90365,1.11264
38,100,1,0.01,0.3,0.5,0.00115,2.91672,1.20569
39,100,1,0.01,0.3,0.5,0.00115,2.91388,1.13387
40,100,1,0.01,0.3,0.5,0.00115,2.97147,1.19112
41,100,1,0.01,0.3,0.5,0.00115,2.82607,0.88139
42,100,1,0.01,0.3,0.5,0.00115,2.90885,1.14647
43,100,1,0.01,0.3,0.5,0.00115,2.78049,0.74589
44,100,1,0.01,0.3,0.5,0.00115,2.98175,1.33058
45,100,1,0.01,0.3,0.5,0.00115,2.82493,0.83199
46,100,1,0.01,0.3,0.5,0.00115,2.91165,1.02623
47,100,1,0.01,0.3,0.5,0.00115,2.7975,0.78918
48,100,1,0.01,0.3,0.5,0.00115,2.87517,1.05424
49,100,1,0.01,0.3,0.5,0.00115,2.88319,1.16644
50,100,1,0.01,0.3,0.5,0.00115,2.88316,1.03264
51,100,1,0.01,0.3,0.5,0.00115,2.82351,0.88917
52,100,1,0.01,0.3,0.5,0.00115,2.83208,0.95604
53,100,1,0.01,0.3,0.5,0.00115,2.88828,1.0218
54,100,1,0.01,0.3,0.5,0.00115,2.91342,1.10679
55,100,1,0.01,0.3,0.5,0.00115,2.89568,1.04063
56,100,1,0.01,0.3,0.5,0.00115,3.04097,1.38819
57,100,1,0.01,0.3,0.5,0.00115,2.80801,0.83041
58,100,1,0.01,0.3,0.5,0.00115,2.87091,0.983
59,100,1,0.01,0.3,0.5,0.00115,2.82069,0.82706
60,100,1,0.01,0.3,0.5,0.00115,2.82669,0.83806
61,100,1,0.01,0.3,0.5,0.00115,2.83395,0.87806
62,100,1,0.01,0.3,0.5,0.00115,2.9605,1.2691
63,100,1,0.01,0.3,0.5,0.00115,2.87075,0.99174
64,100,1,0.01,0.3,0.5,0.00115,2.91363,1.14955
65,100,1,0.01,0.3,0.5,0.00115,2.92263,1.1457
66,100,1,0.01,0.3,0.5,0.00115,2.78635,0.7023
67,100,1,0.01,0.3,0.5,0.00115,2.88901,1.083
68,100,1,0.01,0.3,0.5,0.00115,2.93093,1.21535
69,100,1,0.01,0.3,0.5,0.00115,2.84754,0.96599
70,100,1,0.01,0.3,0.5,0.00115,2.96432,1.22325
71,100,1,0.01,0.3,0.5,0.00115,3.00168,1.39094
72,100,1,0.01,0.3,0.5,0.00115,2.82896,0.86958
73,100,1,0.01,0.3,0.5,0.00115,3.02264,1.39547
74,100,1,0.01,0.3,0.5,0.00115,2.88874,1.03794
75,100,1,0.01,0.3,0.5,0.00115,2.84998,0.95727
76,100,1,0.01,0.3,0.5,0.00115,2.93654,1.19975
77,100,1,0.01,0.3,0.5,0.00115,2.86595,1.01287
78,100,1,0.01,0.3,0.5,0.00115,2.87569,1.03396
79,100,1,0.01,0.3,0.5,0.00115,2.85595,0.92985
80,100,1,0.01,0.3,0.5,0.00115,2.88785,1.04646
81,100,1,0.01,0.3,0.5,0.00115,3.02081,1.45577
82,100,1,0.01,0.3,0.5,0.00115,2.87225,0.95426
83,100,1,0.01,0.3,0.5,0.00115,2.91018,1.08026
84,100,1,0.01,0.3,0.5,0.00115,2.85959,0.8929
85,100,1,0.01,0.3,0.5,0.00115,2.84415,1.01156
86,100,1,0.01,0.3,0.5,0.00115,2.84273,0.97226
87,100,1,0.01,0.3,0.5,0.00115,2.94989,1.26505
88,100,1,0.01,0.3,0.5,0.00115,2.80231,0.78462
89,100,1,0.01,0.3,0.5,0.00115,2.86034,0.96221
90,100,1,0.01,0.3,0.5,0.00115,2.95142,1.23779
91,100,1,0.01,0.3,0.5,0.00115,2.81187,0.85717
92,100,1,0.01,0.3,0.5,0.00115,2.96212,1.29047
93,100,1,0.01,0.3,0.5,0.00115,2.87308,1.04996
94,100,1,0.01,0.3,0.5,0.00115,2.82464,0.87753
95,100,1,0.01,0.3,0.5,0.00115,2.91292,1.13552
96,100,1,0.01,0.3,0.5,0.00115,2.86613,0.97365
97,100,1,0.01,0.3,0.5,0.00115,2.77147,0.7301
98,100,1,0.01,0.3,0.5,0.00115,2.92436,1.05551
99,100,1,0.01,0.3,0.5,0.00115,2.8649,0.98826
0,100,1,0.01,0.3,0.5,0.00095,2.82734,1.14171
1,100,1,0.01,0.3,0.5,0.00095,3.00722,1.56009
2,100,1,0.01,0.3,0.5,0.00095,2.77122,1.01636
3,100,1,0.01,0.3,0.5,0.00095,2.83979,1.18463
4,100,1,0.01,0.3,0.5,0.00095,2.7823,0.98059
5,100,1,0.01,0.3,0.5,0.00095,2.88031,1.38283
6,100,1,0.01,0.3,0.5,0.00095,2.85708,1.19687
7,100,1,0.01,0.3,0.5,0.00095,2.85874,1.2175
8,100,1,0.01,0.3,0.5,0.00095,2.86836,1.32973
9,100,1,0.01,0.3,0.5,0.00095,2.7879,1.06438
10,100,1,0.01,0.3,0.5,0.00095,2.83381,1.15272
11,100,1,0.01,0.3,0.5,0.00095,2.83263,1.09432
12,100,1,0.01,0.3,0.5,0.00095,2.76731,0.96815
13,100,1,0.01,0.3,0.5,0.00095,2.72291,0.89325
14,100,1,0.01,0.3,0.5,0.00095,2.83356,1.20908
15,100,1,0.01,0.3,0.5,0.00095,2.8972,1.32197
16,100,1,0.01,0.3,0.5,0.00095,2.79765,1.07388
17,100,1,0.01,0.3,0.5,0.00095,2.78124,1.08747
18,100,1,0.01,0.3,0.5,0.00095,2.7811,1.01844
19,100,1,0.01,0.3,0.5,0.00095,2.73661,0.9649
20,100,1,0.01,0.3,0.5,0.00095,2.87943,1.23797
21,100,1,0.01,0.3,0.5,0.00095,2.77177,0.99149
22,100,1,0.01,0.3,0.5,0.00095,2.83002,1.1475
23,100,1,0.01,0.3,0.5,0.00095,2.81698,1.07489
24,100,1,0.01,0.3,0.5,0.00095,2.99488,1.55505
25,100,1,0.01,0.3,0.5,0.00095,2.84297,1.17909
26,100,1,0.01,0.3,0.5,0.00095,2.77685,0.94854
27,100,1,0.01,0.3,0.5,0.00095,2.9265,1.45776
28,100,1,0.01,0.3,0.5,0.00095,2.86755,1.25215
29,100,1,0.01,0.3,0.5,0.00095,2.84883,1.23159
30,100,1,0.01,0.3,0.5,0.00095,2.74615,0.99904
31,100,1,0.01,0.3,0.5,0.00095,2.82297,1.15188
32,100,1,0.01,0.3,0.5,0.00095,2.84424,1.08022
33,100,1,0.01,0.3,0.5,0.00095,2.83169,1.10941
34,100,1,0.01,0.3,0.5,0.00095,3.1564,1.87769
35,100,1,0.01,0.3,0.5,0.00095,2.77053,1.00758
36,100,1,0.01,0.3,0.5,0.00095,2.83668,1.19753
37,100,1,0.01,0.3,0.5,0.00095,2.8888,1.30182
38,100,1,0.01,0.3,0.5,0.00095,2.87468,1.32027
39,100,1,0.01,0.3,0.5,0.00095,2.88602,1.28655
40,100,1,0.01,0.3,0.5,0.00095,2.9419,1.31718
41,100,1,0.01,0.3,0.5,0.00095,2.77169,1.00554
42,100,1,0.01,0.3,0.5,0.00095,2.86451,1.25724
43,100,1,0.01,0.3,0.5,0.00095,2.71366,0.85729
44,100,1,0.01,0.3,0.5,0.00095,2.96402,1.47144
45,100,1,0.01,0.3,0.5,0.00095,2.76163,0.93191
46,100,1,0.01,0.3,0.5,0.00095,2.87693,1.16173
47,100,1,0.01,0.3,0.5,0.00095,2.7345,0.8892
48,100,1,0.01,0.3,0.5,0.00095,2.8336,1.18975
49,100,1,0.01,0.3,0.5,0.00095,2.85092,1.32153
50,100,1,0.01,0.3,0.5,0.00095,2.84805,1.1755
51,100,1,0.01,0.3,0.5,0.00095,2.76493,1.00693
52,100,1,0.01,0.3,0.5,0.00095,2.7878,1.09384
53,100,1,0.01,0.3,0.5,0.00095,2.83698,1.13521
54,100,1,0.01,0.3,0.5,0.00095,2.89132,1.26813
55,100,1,0.01,0.3,0.5,0.00095,2.85196,1.16989
56,100,1,0.01,0.3,0.5,0.00095,3.04113,1.55837
57,100,1,0.01,0.3,0.5,0.00095,2.74457,0.94147
58,100,1,0.01,0.3,0.5,0.00095,2.838,1.12868
59,100,1,0.01,0.3,0.5,0.00095,2.7583,0.93155
60,100,1,0.01,0.3,0.5,0.00095,2.76735,0.93792
61,100,1,0.01,0.3,0.5,0.00095,2.78657,1.00394
62,100,1,0.01,0.3,0.5,0.00095,2.9475,1.43756
63,100,1,0.01,0.3,0.5,0.00095,2.82797,1.12145
64,100,1,0.01,0.3,0.5,0.00095,2.88509,1.29609
65,100,1,0.01,0.3,0.5,0.00095,2.89262,1.28542
66,100,1,0.01,0.3,0.5,0.00095,2.71627,0.79981
67,100,1,0.01,0.3,0.5,0.00095,2.84668,1.20787
68,100,1,0.01,0.3,0.5,0.00095,2.89748,1.35356
69,100,1,0.01,0.3,0.5,0.00095,2.8058,1.10033
70,100,1,0.01,0.3,0.5,0.00095,2.94042,1.37134
71,100,1,0.01,0.3,0.5,0.00095,2.9806,1.539
72,100,1,0.01,0.3,0.5,0.00095,2.77307,0.9962
73,100,1,0.01,0.3,0.5,0.00095,3.02631,1.57876
74,100,1,0.01,0.3,0.5,0.00095,2.84609,1.16132
75,100,1,0.01,0.3,0.5,0.00095,2.80046,1.07802
76,100,1,0.01,0.3,0.5,0.00095,2.90723,1.34281
77,100,1,0.01,0.3,0.5,0.00095,2.81332,1.12375
78,100,1,0.01,0.3,0.5,0.00095,2.8221,1.14101
79,100,1,0.01,0.3,0.5,0.00095,2.80958,1.05673
80,100,1,0.01,0.3,0.5,0.00095,2.84145,1.15869
81,100,1,0.01,0.3,0.5,0.00095,3.06793,1.72293
82,100,1,0.01,0.3,0.5,0.00095,2.82645,1.07874
83,100,1,0.01,0.3,0.5,0.00095,2.88037,1.22141
84,100,1,0.01,0.3,0.5,0.00095,2.80908,1.01538
85,100,1,0.01,0.3,0.5,0.00095,2.80749,1.1688
86,100,1,0.01,0.3,0.5,0.00095,2.79251,1.10299
87,100,1,0.01,0.3,0.5,0.00095,2.94113,1.45367
88,100,1,0.01,0.3,0.5,0.00095,2.73647,0.88173
89,100,1,0.01,0.3,0.5,0.00095,2.81218,1.08353
90,100,1,0.01,0.3,0.5,0.00095,2.93866,1.4202
91,100,1,0.01,0.3,0.5,0.00095,2.7503,0.97278
92,100,1,0.01,0.3,0.5,0.00095,2.93715,1.4339
93,100,1,0.01,0.3,0.5,0.00095,2.83991,1.20787
94,100,1,0.01,0.3,0.5,0.00095,2.76724,0.99083
95,100,1,0.01,0.3,0.5,0.00095,2.88244,1.28368
96,100,1,0.01,0.3,0.5,0.00095,2.82601,1.11673
97,100,1,0.01,0.3,0.5,0.00095,2.69546,0.81731
98,100,1,0.01,0.3,0.5,0.00095,2.87993,1.16422
99,100,1,0.01,0.3,0.5,0.00095,2.81177,1.10523
0,100,1,0.01,0.3,0.5,0.00079,2.80686,1.31591
1,100,1,0.01,0.3,0.5,0.00079,3.0151,1.73003
2,100,1,0.01,0.3,0.5,0.00079,2.72772,1.14911
3,100,1,0.01,0.3,0.5,0.00079,2.817,1.34958
4,100,1,0.01,0.3,0.5,0.00079,2.73588,1.11618
5,100,1,0.01,0.3,0.5,0.00079,2.86329,1.5482
6,100,1,0.01,0.3,0.5,0.00079,2.83479,1.35306
7,100,1,0.01,0.3,0.5,0.00079,2.8371,1.37304
8,100,1,0.01,0.3,0.5,0.00079,2.84717,1.4892
9,100,1,0.01,0.3,0.5,0.00079,2.74398,1.19982
10,100,1,0.01,0.3,0.5,0.00079,2.80427,1.30309
11,100,1,0.01,0.3,0.5,0.00079,2.78649,1.20391
12,100,1,0.01,0.3,0.5,0.00079,2.73244,1.13552
13,100,1,0.01,0.3,0.5,0.00079,2.66412,1.02692
14,100,1,0.01,0.3,0.5,0.00079,2.80168,1.35155
15,100,1,0.01,0.3,0.5,0.00079,2.87304,1.47078
16,100,1,0.01,0.3,0.5,0.00079,2.77091,1.2553
17,100,1,0.01,0.3,0.5,0.00079,2.73571,1.23265
18,100,1,0.01,0.3,0.5,0.00079,2.75287,1.19508
19,100,1,0.01,0.3,0.5,0.00079,2.68148,1.09028
20,100,1,0.01,0.3,0.5,0.00079,2.87264,1.40901
21,100,1,0.01,0.3,0.5,0.00079,2.72418,1.11861
22,100,1,0.01,0.3,0.5,0.00079,2.81342,1.33504
23,100,1,0.01,0.3,0.5,0.00079,2.79029,1.22671
24,100,1,0.01,0.3,0.5,0.00079,3.03584,1.80994
25,100,1,0.01,0.3,0.5,0.00079,2.81354,1.3203
26,100,1,0.01,0.3,0.5,0.00079,2.72273,1.06632
27,100,1,0.01,0.3,0.5,0.00079,2.94559,1.68596
28,100,1,0.01,0.3,0.5,0.00079,2.8653,1.43939
29,100,1,0.01,0.3,0.5,0.00079,2.81783,1.37599
30,100,1,0.01,0.3,0.5,0.00079,2.71561,1.18741
31,100,1,0.01,0.3,0.5,0.00079,2.78502,1.28825
32,100,1,0.01,0.3,0.5,0.00079,2.81033,1.22234
33,100,1,0.01,0.3,0.5,0.00079,2.79752,1.25704
34,100,1,0.01,0.3,0.5,0.00079,3.18789,2.06461
35,100,1,0.01,0.3,0.5,0.00079,2.7243,1.14998
36,100,1,0.01,0.3,0.5,0.00079,2.81089,1.36215
37,100,1,0.01,0.3,0.5,0.00079,2.89409,1.50935
38,100,1,0.01,0.3,0.5,0.00079,2.84007,1.4468
39,100,1,0.01,0.3,0.5,0.00079,2.87042,1.45221
40,100,1,0.01,0.3,0.5,0.00079,2.92376,1.4603
41,100,1,0.01,0.3,0.5,0.00079,2.72516,1.1446
42,100,1,0.01,0.3,0.5,0.00079,2.82596,1.37506
43,100,1,0.01,0.3,0.5,0.00079,2.65437,0.98859
44,100,1,0.01,0.3,0.5,0.00079,2.9569,1.61971
45,100,1,0.01,0.3,0.5,0.00079,2.70229,1.0441
46,100,1,0.01,0.3,0.5,0.00079,2.85037,1.3077
47,100,1,0.01,0.3,0.5,0.00079,2.67938,1.00867
48,100,1,0.01,0.3,0.5,0.00079,2.80464,1.34577
49,100,1,0.01,0.3,0.5,0.00079,2.8338,1.49358
50,100,1,0.01,0.3,0.5,0.00079,2.82575,1.33577
51,100,1,0.01,0.3,0.5,0.00079,2.71219,1.13701
52,100,1,0.01,0.3,0.5,0.00079,2.75673,1.25091
53,100,1,0.01,0.3,0.5,0.00079,2.79224,1.26277
54,100,1,0.01,0.3,0.5,0.00079,2.88688,1.44895
55,100,1,0.01,0.3,0.5,0.00079,2.81611,1.31164
56,100,1,0.01,0.3,0.5,0.00079,3.05222,1.73399
57,100,1,0.01,0.3,0.5,0.00079,2.68692,1.06672
58,100,1,0.01,0.3,0.5,0.00079,2.82148,1.29653
59,100,1,0.01,0.3,0.5,0.00079,2.70318,1.05668
60,100,1,0.01,0.3,0.5,0.00079,2.71541,1.05844
61,100,1,0.01,0.3,0.5,0.00079,2.75022,1.14761
62,100,1,0.01,0.3,0.5,0.00079,2.95166,1.62314
63,100,1,0.01,0.3,0.5,0.00079,2.79756,1.27092
64,100,1,0.01,0.3,0.5,0.00079,2.86817,1.45471
65,100,1,0.01,0.3,0.5,0.00079,2.87469,1.4409
66,100,1,0.01,0.3,0.5,0.00079,2.65035,0.91273
67,100,1,0.01,0.3,0.5,0.00079,2.81355,1.34541
68,100,1,0.01,0.3,0.5,0.00079,2.8828,1.5207
69,100,1,0.01,0.3,0.5,0.00079,2.77734,1.25526
70,100,1,0.01,0.3,0.5,0.00079,2.93186,1.54161
71,100,1,0.01,0.3,0.5,0.00079,2.97651,1.70842
72,100,1,0.01,0.3,0.5,0.00079,2.72721,1.14184
73,100,1,0.01,0.3,0.5,0.00079,3.05217,1.7825
74,100,1,0.01,0.3,0.5,0.00079,2.8144,1.30088
75,100,1,0.01,0.3,0.5,0.00079,2.76414,1.22306
76,100,1,0.01,0.3,0.5,0.00079,2.89357,1.50493
77,100,1,0.01,0.3,0.5,0.00079,2.76912,1.25217
78,100,1,0.01,0.3,0.5,0.00079,2.77456,1.26163
79,100,1,0.01,0.3,0.5,0.00079,2.77603,1.20789
80,100,1,0.01,0.3,0.5,0.00079,2.80189,1.28187
81,100,1,0.01,0.3,0.5,0.00079,3.15392,2.0193
82,100,1,0.01,0.3,0.5,0.00079,2.79396,1.22779
83,100,1,0.01,0.3,0.5,0.00079,2.86904,1.38778
84,100,1,0.01,0.3,0.5,0.00079,2.76898,1.16012
85,100,1,0.01,0.3,0.5,0.00079,2.78517,1.34234
86,100,1,0.01,0.3,0.5,0.00079,2.7545,1.25385
87,100,1,0.01,0.3,0.5,0.00079,2.9548,1.66443
88,100,1,0.01,0.3,0.5,0.00079,2.67499,0.9921
89,100,1,0.01,0.3,0.5,0.00079,2.77145,1.21638
90,100,1,0.01,0.3,0.5,0.00079,2.95404,1.64169
91,100,1,0.01,0.3,0.5,0.00079,2.69945,1.11224
92,100,1,0.01,0.3,0.5,0.00079,2.92817,1.59496
93,100,1,0.01,0.3,0.5,0.00079,2.82479,1.39058
94,100,1,0.01,0.3,0.5,0.00079,2.71776,1.12014
95,100,1,0.01,0.3,0.5,0.00079,2.86713,1.44977
96,100,1,0.01,0.3,0.5,0.00079,2.79608,1.27308
97,100,1,0.01,0.3,0.5,0.00079,2.62297,0.92397
98,100,1,0.01,0.3,0.5,0.00079,2.8441,1.28964
99,100,1,0.01,0.3,0.5,0.00079,2.77201,1.2497
0,100,1,0.01,0.3,0.5,0.00066,2.81042,1.51525
1,100,1,0.01,0.3,0.5,0.00066,3.04262,1.91509
2,100,1,0.01,0.3,0.5,0.00066,2.69896,1.30089
3,100,1,0.01,0.3,0.5,0.00066,2.81143,1.52963
4,100,1,0.01,0.3,0.5,0.00066,2.70244,1.26845
5,100,1,0.01,0.3,0.5,0.00066,2.86428,1.72916
6,100,1,0.01,0.3,0.5,0.00066,2.83645,1.53882
7,100,1,0.01,0.3,0.5,0.00066,2.83426,1.54772
8,100,1,0.01,0.3,0.5,0.00066,2.84525,1.66642
9,100,1,0.01,0.3,0.5,0.00066,2.71766,1.36025
10,100,1,0.01,0.3,0.5,0.00066,2.78892,1.46728
11,100,1,0.01,0.3,0.5,0.00066,2.74842,1.3255
12,100,1,0.01,0.3,0.5,0.00066,2.72011,1.33076
13,100,1,0.01,0.3,0.5,0.00066,2.61919,1.18452
14,100,1,0.01,0.3,0.5,0.00066,2.78387,1.50904
15,100,1,0.01,0.3,0.5,0.00066,2.8634,1.63463
16,100,1,0.01,0.3,0.5,0.00066,2.76914,1.4657
17,100,1,0.01,0.3,0.5,0.00066,2.70549,1.39756
18,100,1,0.01,0.3,0.5,0.00066,2.74986,1.40122
19,100,1,0.01,0.3,0.5,0.00066,2.63875,1.23275
20,100,1,0.01,0.3,0.5,0.00066,2.88433,1.59463
21,100,1,0.01,0.3,0.5,0.00066,2.68838,1.26107
22,100,1,0.01,0.3,0.5,0.00066,2.82676,1.55688
23,100,1,0.01,0.3,0.5,0.00066,2.78072,1.39951
24,100,1,0.01,0.3,0.5,0.00066,3.11794,2.09825
25,100,1,0.01,0.3,0.5,0.00066,2.79731,1.47465
26,100,1,0.01,0.3,0.5,0.00066,2.67792,1.2009
27,100,1,0.01,0.3,0.5,0.00066,2.98802,1.92496
28,100,1,0.01,0.3,0.5,0.00066,2.88766,1.64891
29,100,1,0.01,0.3,0.5,0.00066,2.79929,1.53151
30,100,1,0.01,0.3,0.5,0.00066,2.71031,1.40315
31,100,1,0.01,0.3,0.5,0.00066,2.76005,1.43804
32,100,1,0.01,0.3,0.5,0.00066,2.79411,1.3884
33,100,1,0.01,0.3,0.5,0.00066,2.77687,1.41955
34,100,1,0.01,0.3,0.5,0.00066,3.23429,2.25706
35,100,1,0.01,0.3,0.5,0.00066,2.69195,1.31072
36,100,1,0.01,0.3,0.5,0.00066,2.80283,1.54458
37,100,1,0.01,0.3,0.5,0.00066,2.92264,1.73201
38,100,1,0.01,0.3,0.5,0.00066,2.81916,1.59202
39,100,1,0.01,0.3,0.5,0.00066,2.87018,1.6301
40,100,1,0.01,0.3,0.5,0.00066,2.92183,1.62385
41,100,1,0.01,0.3,0.5,0.00066,2.68999,1.29849
42,100,1,0.01,0.3,0.5,0.00066,2.79703,1.50271
43,100,1,0.01,0.3,0.5,0.00066,2.60892,1.14249
44,100,1,0.01,0.3,0.5,0.00066,2.96205,1.77507
45,100,1,0.01,0.3,0.5,0.00066,2.65066,1.17078
46,100,1,0.01,0.3,0.5,0.00066,2.83499,1.46529
47,100,1,0.01,0.3,0.5,0.00066,2.6387,1.15299
48,100,1,0.01,0.3,0.5,0.00066,2.79565,1.52605
49,100,1,0.01,0.3,0.5,0.00066,2.83664,1.68243
50,100,1,0.01,0.3,0.5,0.00066,2.82209,1.5173
51,100,1,0.01,0.3,0.5,0.00066,2.66908,1.28072
52,100,1,0.01,0.3,0.5,0.00066,2.74444,1.42917
53,100,1,0.01,0.3,0.5,0.00066,2.75789,1.40529
54,100,1,0.01,0.3,0.5,0.00066,2.90309,1.64538
55,100,1,0.01,0.3,0.5,0.00066,2.79313,1.46952
56,100,1,0.01,0.3,0.5,0.00066,3.07589,1.91509
57,100,1,0.01,0.3,0.5,0.00066,2.63973,1.20853
58,100,1,0.01,0.3,0.5,0.00066,2.82688,1.48731
59,100,1,0.01,0.3,0.5,0.00066,2.66197,1.20663
60,100,1,0.01,0.3,0.5,0.00066,2.68067,1.21226
61,100,1,0.01,0.3,0.5,0.00066,2.7295,1.31021
62,100,1,0.01,0.3,0.5,0.00066,2.97738,1.82653
63,100,1,0.01,0.3,0.5,0.00066,2.78632,1.44378
64,100,1,0.01,0.3,0.5,0.00066,2.86681,1.627
65,100,1,0.01,0.3,0.5,0.00066,2.8754,1.61824
66,100,1,0.01,0.3,0.5,0.00066,2.59352,1.04384
67,100,1,0.01,0.3,0.5,0.00066,2.79381,1.49694
68,100,1,0.01,0.3,0.5,0.00066,2.89753,1.72342
69,100,1,0.01,0.3,0.5,0.00066,2.76733,1.43149
70,100,1,0.01,0.3,0.5,0.00066,2.94601,1.73786
71,100,1,0.01,0.3,0.5,0.00066,2.99592,1.90115
72,100,1,0.01,0.3,0.5,0.00066,2.69662,1.30691
73,100,1,0.01,0.3,0.5,0.00066,3.10586,2.00796
74,100,1,0.01,0.3,0.5,0.00066,2.79774,1.45581
75,100,1,0.01,0.3,0.5,0.00066,2.74736,1.39334
76,100,1,0.01,0.3,0.5,0.00066,2.9011,1.68747
77,100,1,0.01,0.3,0.5,0.00066,2.74006,1.40333
78,100,1,0.01,0.3,0.5,0.00066,2.73807,1.39906
79,100,1,0.01,0.3,0.5,0.00066,2.76373,1.38866
80,100,1,0.01,0.3,0.5,0.00066,2.7739,1.41939
81,100,1,0.01,0.3,0.5,0.00066,3.27813,2.335
82,100,1,0.01,0.3,0.5,0.00066,2.78228,1.40506
83,100,1,0.01,0.3,0.5,0.00066,2.88408,1.58312
84,100,1,0.01,0.3,0.5,0.00066,2.74676,1.3315
85,100,1,0.01,0.3,0.5,0.00066,2.78151,1.53185
86,100,1,0.01,0.3,0.5,0.00066,2.73437,1.42474
87,100,1,0.01,0.3,0.5,0.00066,2.99496,1.89443
88,100,1,0.01,0.3,0.5,0.00066,2.62205,1.1181
89,100,1,0.01,0.3,0.5,0.00066,2.74256,1.36342
90,100,1,0.01,0.3,0.5,0.00066,3.01208,1.90994
91,100,1,0.01,0.3,0.5,0.00066,2.66637,1.27706
92,100,1,0.01,0.3,0.5,0.00066,2.9392,1.77258
93,100,1,0.01,0.3,0.5,0.00066,2.83436,1.5982
94,100,1,0.01,0.3,0.5,0.00066,2.68083,1.26683
95,100,1,0.01,0.3,0.5,0.00066,2.87442,1.63807
96,100,1,0.01,0.3,0.5,0.00066,2.77947,1.44175
97,100,1,0.01,0.3,0.5,0.00066,2.5596,1.05447
98,100,1,0.01,0.3,0.5,0.00066,2.82234,1.43521
99,100,1,0.01,0.3,0.5,0.00066,2.75148,1.41955
0,100,1,0.01,0.3,0.5,0.00054,2.84656,1.74222
1,100,1,0.01,0.3,0.5,0.00054,3.0938,2.11675
2,100,1,0.01,0.3,0.5,0.00054,2.69137,1.47491
3,100,1,0.01,0.3,0.5,0.00054,2.82808,1.72565
4,100,1,0.01,0.3,0.5,0.00054,2.68749,1.43752
5,100,1,0.01,0.3,0.5,0.00054,2.88817,1.92703
6,100,1,0.01,0.3,0.5,0.00054,2.87146,1.75771
7,100,1,0.01,0.3,0.5,0.00054,2.85588,1.74244
8,100,1,0.01,0.3,0.5,0.00054,2.86883,1.86358
9,100,1,0.01,0.3,0.5,0.00054,2.7183,1.55062
10,100,1,0.01,0.3,0.5,0.00054,2.79182,1.64604
11,100,1,0.01,0.3,0.5,0.00054,2.72537,1.46531
12,100,1,0.01,0.3,0.5,0.00054,2.73879,1.55499
13,100,1,0.01,0.3,0.5,0.00054,2.59808,1.37269
14,100,1,0.01,0.3,0.5,0.00054,2.78509,1.68281
15,100,1,0.01,0.3,0.5,0.00054,2.87416,1.81667
16,100,1,0.01,0.3,0.5,0.00054,2.80029,1.70367
17,100,1,0.01,0.3,0.5,0.00054,2.69662,1.58285
18,100,1,0.01,0.3,0.5,0.00054,2.78011,1.63671
19,100,1,0.01,0.3,0.5,0.00054,2.61416,1.39427
20,100,1,0.01,0.3,0.5,0.00054,2.91731,1.79372
21,100,1,0.01,0.3,0.5,0.00054,2.67016,1.42249
22,100,1,0.01,0.3,0.5,0.00054,2.87687,1.80873
23,100,1,0.01,0.3,0.5,0.00054,2.79417,1.59556
24,100,1,0.01,0.3,0.5,0.00054,3.24549,2.4147
25,100,1,0.01,0.3,0.5,0.00054,2.79819,1.64276
26,100,1,0.01,0.3,0.5,0.00054,2.64898,1.35672
27,100,1,0.01,0.3,0.5,0.00054,3.05535,2.17291
28,100,1,0.01,0.3,0.5,0.00054,2.93843,1.87848
29,100,1,0.01,0.3,0.5,0.00054,2.79735,1.69925
30,100,1,0.01,0.3,0.5,0.00054,2.73576,1.64177
31,100,1,0.01,0.3,0.5,0.00054,2.75325,1.60373
32,100,1,0.01,0.3,0.5,0.00054,2.80143,1.57759
33,100,1,0.01,0.3,0.5,0.00054,2.77619,1.60033
34,100,1,0.01,0.3,0.5,0.00054,3.30256,2.46298
35,100,1,0.01,0.3,0.5,0.00054,2.67856,1.4892
36,100,1,0.01,0.3,0.5,0.00054,2.81848,1.74644
37,100,1,0.01,0.3,0.5,0.00054,2.97624,1.96656
38,100,1,0.01,0.3,0.5,0.00054,2.8213,1.76412
39,100,1,0.01,0.3,0.5,0.00054,2.88859,1.82002
40,100,1,0.01,0.3,0.5,0.00054,2.94164,1.81053
41,100,1,0.01,0.3,0.5,0.00054,2.67065,1.46837
42,100,1,0.01,0.3,0.5,0.00054,2.78293,1.64402
43,100,1,0.01,0.3,0.5,0.00054,2.58484,1.32077
44,100,1,0.01,0.3,0.5,0.00054,2.98132,1.93806
45,100,1,0.01,0.3,0.5,0.00054,2.61223,1.31549
46,100,1,0.01,0.3,0.5,0.00054,2.83591,1.63804
47,100,1,0.01,0.3,0.5,0.00054,2.62156,1.32816
48,100,1,0.01,0.3,0.5,0.00054,2.81472,1.7324
49,100,1,0.01,0.3,0.5,0.00054,2.86557,1.89004
50,100,1,0.01,0.3,0.5,0.00054,2.84432,1.72411
51,100,1,0.01,0.3,0.5,0.00054,2.64134,1.44119
52,100,1,0.01,0.3,0.5,0.00054,2.75699,1.63026
53,100,1,0.01,0.3,0.5,0.00054,2.73876,1.56393
54,100,1,0.01,0.3,0.5,0.00054,2.94118,1.85275
55,100,1,0.01,0.3,0.5,0.00054,2.79049,1.64898
56,100,1,0.01,0.3,0.5,0.00054,3.11421,2.1025
57,100,1,0.01,0.3,0.5,0.00054,2.60936,1.37043
58,100,1,0.01,0.3,0.5,0.00054,2.85899,1.70004
59,100,1,0.01,0.3,0.5,0.00054,2.64268,1.38456
60,100,1,0.01,0.3,0.5,0.00054,2.67705,1.41071
61,100,1,0.01,0.3,0.5,0.00054,2.73002,1.49347
62,100,1,0.01,0.3,0.5,0.00054,3.02933,2.04888
63,100,1,0.01,0.3,0.5,0.00054,2.80193,1.64238
64,100,1,0.01,0.3,0.5,0.00054,2.88691,1.81669
65,100,1,0.01,0.3,0.5,0.00054,2.90396,1.82449
66,100,1,0.01,0.3,0.5,0.00054,2.55244,1.19661
67,100,1,0.01,0.3,0.5,0.00054,2.79265,1.66437
68,100,1,0.01,0.3,0.5,0.00054,2.95237,1.96507
69,100,1,0.01,0.3,0.5,0.00054,2.78121,1.62922
70,100,1,0.01,0.3,0.5,0.00054,2.99028,1.96139
71,100,1,0.01,0.3,0.5,0.00054,3.04532,2.11786
72,100,1,0.01,0.3,0.5,0.00054,2.68722,1.49212
73,100,1,0.01,0.3,0.5,0.00054,3.19219,2.25549
74,100,1,0.01,0.3,0.5,0.00054,2.79951,1.62454
75,100,1,0.01,0.3,0.5,0.00054,2.75589,1.58708
76,100,1,0.01,0.3,0.5,0.00054,2.93589,1.89214
77,100,1,0.01,0.3,0.5,0.00054,2.73481,1.58241
78,100,1,0.01,0.3,0.5,0.00054,2.71849,1.55515
79,100,1,0.01,0.3,0.5,0.00054,2.78307,1.60362
80,100,1,0.01,0.3,0.5,0.00054,2.76362,1.57502
81,100,1,0.01,0.3,0.5,0.00054,3.43318,2.65673
82,100,1,0.01,0.3,0.5,0.00054,2.79962,1.61236
83,100,1,0.01,0.3,0.5,0.00054,2.93441,1.81122
84,100,1,0.01,0.3,0.5,0.00054,2.75161,1.53376
85,100,1,0.01,0.3,0.5,0.00054,2.801,1.73734
86,100,1,0.01,0.3,0.5,0.00054,2.73767,1.61473
87,100,1,0.01,0.3,0.5,0.00054,3.06486,2.1412
88,100,1,0.01,0.3,0.5,0.00054,2.58316,1.26273
89,100,1,0.01,0.3,0.5,0.00054,2.7309,1.52726
90,100,1,0.01,0.3,0.5,0.00054,3.12701,2.22836
91,100,1,0.01,0.3,0.5,0.00054,2.6588,1.46765
92,100,1,0.01,0.3,0.5,0.00054,2.9731,1.96469
93,100,1,0.01,0.3,0.5,0.00054,2.87516,1.83022
94,100,1,0.01,0.3,0.5,0.00054,2.66228,1.43304
95,100,1,0.01,0.3,0.5,0.00054,2.91249,1.85237
96,100,1,0.01,0.3,0.5,0.00054,2.78015,1.6233
97,100,1,0.01,0.3,0.5,0.00054,2.51333,1.2128
98,100,1,0.01,0.3,0.5,0.00054,2.8215,1.60413
99,100,1,0.01,0.3,0.5,0.00054,2.75504,1.61071
0,100,1,0.01,0.3,0.5,0.00045,2.92361,1.99865
1,100,1,0.01,0.3,0.5,0.00045,3.17218,2.33638
2,100,1,0.01,0.3,0.5,0.00045,2.71258,1.67468
3,100,1,0.01,0.3,0.5,0.00045,2.87225,1.93901
4,100,1,0.01,0.3,0.5,0.00045,2.6963,1.62284
5,100,1,0.01,0.3,0.5,0.00045,2.94067,2.14416
6,100,1,0.01,0.3,0.5,0.00045,2.94717,2.00928
7,100,1,0.01,0.3,0.5,0.00045,2.90694,1.95728
8,100,1,0.01,0.3,0.5,0.00045,2.92477,2.08333
9,100,1,0.01,0.3,0.5,0.00045,2.75621,1.77488
10,100,1,0.01,0.3,0.5,0.00045,2.81777,1.84104
11,100,1,0.01,0.3,0.5,0.00045,2.72522,1.62815
12,100,1,0.01,0.3,0.5,0.00045,2.79681,1.80891
13,100,1,0.01,0.3,0.5,0.00045,2.61363,1.59783
14,100,1,0.01,0.3,0.5,0.00045,2.80983,1.87295
15,100,1,0.01,0.3,0.5,0.00045,2.9122,2.02043
16,100,1,0.01,0.3,0.5,0.00045,2.87113,1.96677
17,100,1,0.01,0.3,0.5,0.00045,2.71585,1.78984
18,100,1,0.01,0.3,0.5,0.00045,2.85076,1.90067
19,100,1,0.01,0.3,0.5,0.00045,2.61476,1.57766
20,100,1,0.01,0.3,0.5,0.00045,2.97421,2.00583
21,100,1,0.01,0.3,0.5,0.00045,2.67698,1.60737
22,100,1,0.01,0.3,0.5,0.00045,2.96633,2.08311
23,100,1,0.01,0.3,0.5,0.00045,2.83687,1.81616
24,100,1,0.01,0.3,0.5,0.00045,3.4177,2.75194
25,100,1,0.01,0.3,0.5,0.00045,2.82033,1.82536
26,100,1,0.01,0.3,0.5,0.00045,2.64422,1.53799
27,100,1,0.01,0.3,0.5,0.00045,3.15095,2.43188
28,100,1,0.01,0.3,0.5,0.00045,3.01897,2.12401
29,100,1,0.01,0.3,0.5,0.00045,2.81649,1.88053
30,100,1,0.01,0.3,0.5,0.00045,2.7955,1.8985
31,100,1,0.01,0.3,0.5,0.00045,2.77093,1.78842
32,100,1,0.01,0.3,0.5,0.00045,2.83732,1.78831
33,100,1,0.01,0.3,0.5,0.00045,2.80375,1.80401
34,100,1,0.01,0.3,0.5,0.00045,3.40097,2.69036
35,100,1,0.01,0.3,0.5,0.00045,2.69,1.68586
36,100,1,0.01,0.3,0.5,0.00045,2.86454,1.96978
37,100,1,0.01,0.3,0.5,0.00045,3.05604,2.21108
38,100,1,0.01,0.3,0.5,0.00045,2.85851,1.97109
39,100,1,0.01,0.3,0.5,0.00045,2.92959,2.02295
40,100,1,0.01,0.3,0.5,0.00045,2.98922,2.02213
41,100,1,0.01,0.3,0.5,0.00045,2.6739,1.65787
42,100,1,0.01,0.3,0.5,0.00045,2.79041,1.80403
43,100,1,0.01,0.3,0.5,0.00045,2.59032,1.52481
44,100,1,0.01,0.3,0.5,0.00045,3.01744,2.11075
45,100,1,0.01,0.3,0.5,0.00045,2.59498,1.48318
46,100,1,0.01,0.3,0.5,0.00045,2.86073,1.83127
47,100,1,0.01,0.3,0.5,0.00045,2.63939,1.53966
48,100,1,0.01,0.3,0.5,0.00045,2.86891,1.96426
49,100,1,0.01,0.3,0.5,0.00045,2.92783,2.11971
50,100,1,0.01,0.3,0.5,0.00045,2.90056,1.95949
51,100,1,0.01,0.3,0.5,0.00045,2.63705,1.62304
52,100,1,0.01,0.3,0.5,0.00045,2.80084,1.85582
53,100,1,0.01,0.3,0.5,0.00045,2.7406,1.74009
54,100,1,0.01,0.3,0.5,0.00045,3.00147,2.06806
55,100,1,0.01,0.3,0.5,0.00045,2.8178,1.85578
56,100,1,0.01,0.3,0.5,0.00045,3.16989,2.298
57,100,1,0.01,0.3,0.5,0.00045,2.60398,1.55644
58,100,1,0.01,0.3,0.5,0.00045,2.92077,1.93183
59,100,1,0.01,0.3,0.5,0.00045,2.65415,1.59275
60,100,1,0.01,0.3,0.5,0.00045,2.71922,1.65831
61,100,1,0.01,0.3,0.5,0.00045,2.75786,1.69894
62,100,1,0.01,0.3,0.5,0.00045,3.11259,2.29209
63,100,1,0.01,0.3,0.5,0.00045,2.85136,1.86686
64,100,1,0.01,0.3,0.5,0.00045,2.93623,2.02869
65,100,1,0.01,0.3,0.5,0.00045,2.97143,2.06616
66,100,1,0.01,0.3,0.5,0.00045,2.53579,1.37547
67,100,1,0.01,0.3,0.5,0.00045,2.81548,1.84884
68,100,1,0.01,0.3,0.5,0.00045,3.05539,2.24465
69,100,1,0.01,0.3,0.5,0.00045,2.82457,1.84877
70,100,1,0.01,0.3,0.5,0.00045,3.06963,2.20965
71,100,1,0.01,0.3,0.5,0.00045,3.13065,2.35897
72,100,1,0.01,0.3,0.5,0.00045,2.70585,1.69899
73,100,1,0.01,0.3,0.5,0.00045,3.31359,2.52354
74,100,1,0.01,0.3,0.5,0.00045,2.82283,1.80663
75,100,1,0.01,0.3,0.5,0.00045,2.79405,1.80092
76,100,1,0.01,0.3,0.5,0.00045,3.00408,2.12077
77,100,1,0.01,0.3,0.5,0.00045,2.76351,1.79398
78,100,1,0.01,0.3,0.5,0.00045,2.72129,1.7295
79,100,1,0.01,0.3,0.5,0.00045,2.84442,1.85482
80,100,1,0.01,0.3,0.5,0.00045,2.77812,1.75218
81,100,1,0.01,0.3,0.5,0.00045,3.6083,2.9723
82,100,1,0.01,0.3,0.5,0.00045,2.85307,1.84859
83,100,1,0.01,0.3,0.5,0.00045,3.02872,2.07513
84,100,1,0.01,0.3,0.5,0.00045,2.7941,1.77074
85,100,1,0.01,0.3,0.5,0.00045,2.84864,1.95976
86,100,1,0.01,0.3,0.5,0.00045,2.76939,1.8228
87,100,1,0.01,0.3,0.5,0.00045,3.16755,2.40406
88,100,1,0.01,0.3,0.5,0.00045,2.56546,1.42979
89,100,1,0.01,0.3,0.5,0.00045,2.74212,1.70951
90,100,1,0.01,0.3,0.5,0.00045,3.30642,2.59238
91,100,1,0.01,0.3,0.5,0.00045,2.68449,1.68402
92,100,1,0.01,0.3,0.5,0.00045,3.03122,2.16882
93,100,1,0.01,0.3,0.5,0.00045,2.95298,2.08595
94,100,1,0.01,0.3,0.5,0.00045,2.66958,1.62227
95,100,1,0.01,0.3,0.5,0.00045,2.9884,2.0944
96,100,1,0.01,0.3,0.5,0.00045,2.80338,1.81988
97,100,1,0.01,0.3,0.5,0.00045,2.49472,1.40276
98,100,1,0.01,0.3,0.5,0.00045,2.84881,1.79816
99,100,1,0.01,0.3,0.5,0.00045,2.78648,1.81985
0,100,1,0.01,0.3,0.5,0.00037,3.04814,2.28537
1,100,1,0.01,0.3,0.5,0.00037,3.2808,2.5752
2,100,1,0.01,0.3,0.5,0.00037,2.77054,1.90301
3,100,1,0.01,0.3,0.5,0.00037,2.94908,2.17152
4,100,1,0.01,0.3,0.5,0.00037,2.7336,1.82452
5,100,1,0.01,0.3,0.5,0.00037,3.02841,2.38406
6,100,1,0.01,0.3,0.5,0.00037,3.06732,2.29004
7,100,1,0.01,0.3,0.5,0.00037,2.99092,2.19151
8,100,1,0.01,0.3,0.5,0.00037,3.01928,2.32761
9,100,1,0.01,0.3,0.5,0.00037,2.84095,2.03476
10,100,1,0.01,0.3,0.5,0.00037,2.87222,2.05461
11,100,1,0.01,0.3,0.5,0.00037,2.7561,1.81774
12,100,1,0.01,0.3,0.5,0.00037,2.90152,2.09315
13,100,1,0.01,0.3,0.5,0.00037,2.67906,1.86337
14,100,1,0.01,0.3,0.5,0.00037,2.86142,2.0787
15,100,1,0.01,0.3,0.5,0.00037,2.985,2.24959
16,100,1,0.01,0.3,0.5,0.00037,2.98566,2.25184
17,100,1,0.01,0.3,0.5,0.00037,2.77021,2.02019
18,100,1,0.01,0.3,0.5,0.00037,2.96637,2.19081
19,100,1,0.01,0.3,0.5,0.00037,2.64869,1.78604
20,100,1,0.01,0.3,0.5,0.00037,3.05818,2.23211
21,100,1,0.01,0.3,0.5,0.00037,2.71709,1.81941
22,100,1,0.01,0.3,0.5,0.00037,3.09416,2.37282
23,100,1,0.01,0.3,0.5,0.00037,2.91425,2.06105
24,100,1,0.01,0.3,0.5,0.00037,3.62801,3.10068
25,100,1,0.01,0.3,0.5,0.00037,2.86889,2.02481
26,100,1,0.01,0.3,0.5,0.00037,2.67269,1.74772
27,100,1,0.01,0.3,0.5,0.00037,3.28091,2.70739
28,100,1,0.01,0.3,0.5,0.00037,3.12849,2.38122
29,100,1,0.01,0.3,0.5,0.00037,2.8614,2.077
30,100,1,0.01,0.3,0.5,0.00037,2.89108,2.16955
31,100,1,0.01,0.3,0.5,0.00037,2.81984,1.99517
32,100,1,0.01,0.3,0.5,0.00037,2.90536,2.01873
33,100,1,0.01,0.3,0.5,0.00037,2.86807,2.03428
34,100,1,0.01,0.3,0.5,0.00037,3.53744,2.94538
35,100,1,0.01,0.3,0.5,0.00037,2.7333,1.90294
36,100,1,0.01,0.3,0.5,0.00037,2.94823,2.21728
37,100,1,0.01,0.3,0.5,0.00037,3.16342,2.46536
38,100,1,0.01,0.3,0.5,0.00037,2.94327,2.21853
39,100,1,0.01,0.3,0.5,0.00037,2.99775,2.24081
40,100,1,0.01,0.3,0.5,0.00037,3.07065,2.25973
41,100,1,0.01,0.3,0.5,0.00037,2.70948,1.87294
42,100,1,0.01,0.3,0.5,0.00037,2.82796,1.98891
43,100,1,0.01,0.3,0.5,0.00037,2.6338,1.75626
44,100,1,0.01,0.3,0.5,0.00037,3.07415,2.2965
45,100,1,0.01,0.3,0.5,0.00037,2.60945,1.67977
46,100,1,0.01,0.3,0.5,0.00037,2.91867,2.05044
47,100,1,0.01,0.3,0.5,0.00037,2.70398,1.79076
48,100,1,0.01,0.3,0.5,0.00037,2.9626,2.21925
49,100,1,0.01,0.3,0.5,0.00037,3.03009,2.37422
50,100,1,0.01,0.3,0.5,0.00037,2.99858,2.22524
51,100,1,0.01,0.3,0.5,0.00037,2.66611,1.8313
52,100,1,0.01,0.3,0.5,0.00037,2.8828,2.10787
53,100,1,0.01,0.3,0.5,0.00037,2.76954,1.93479
54,100,1,0.01,0.3,0.5,0.00037,3.08476,2.29125
55,100,1,0.01,0.3,0.5,0.00037,2.88505,2.09408
56,100,1,0.01,0.3,0.5,0.00037,3.24613,2.50382
57,100,1,0.01,0.3,0.5,0.00037,2.63277,1.76984
58,100,1,0.01,0.3,0.5,0.00037,3.01272,2.17838
59,100,1,0.01,0.3,0.5,0.00037,2.70539,1.8331
60,100,1,0.01,0.3,0.5,0.00037,2.81724,1.95103
61,100,1,0.01,0.3,0.5,0.00037,2.81893,1.92781
62,100,1,0.01,0.3,0.5,0.00037,3.23276,2.55896
63,100,1,0.01,0.3,0.5,0.00037,2.93922,2.11519
64,100,1,0.01,0.3,0.5,0.00037,3.02291,2.2673
65,100,1,0.01,0.3,0.5,0.00037,3.08851,2.34747
66,100,1,0.01,0.3,0.5,0.00037,2.55416,1.58527
67,100,1,0.01,0.3,0.5,0.00037,2.86691,2.05032
68,100,1,0.01,0.3,0.5,0.00037,3.20978,2.55752
69,100,1,0.01,0.3,0.5,0.00037,2.90254,2.09049
70,100,1,0.01,0.3,0.5,0.00037,3.18513,2.47737
71,100,1,0.01,0.3,0.5,0.00037,3.25696,2.62552
72,100,1,0.01,0.3,0.5,0.00037,2.75998,1.92974
73,100,1,0.01,0.3,0.5,0.00037,3.47033,2.81027
74,100,1,0.01,0.3,0.5,0.00037,2.87171,2.00396
75,100,1,0.01,0.3,0.5,0.00037,2.86465,2.0318
76,100,1,0.01,0.3,0.5,0.00037,3.11118,2.37488
77,100,1,0.01,0.3,0.5,0.00037,2.83619,2.0408
78,100,1,0.01,0.3,0.5,0.00037,2.75073,1.92048
79,100,1,0.01,0.3,0.5,0.00037,2.95437,2.13975
80,100,1,0.01,0.3,0.5,0.00037,2.82452,1.95343
81,100,1,0.01,0.3,0.5,0.00037,3.79518,3.27569
82,100,1,0.01,0.3,0.5,0.00037,2.94658,2.10986
83,100,1,0.01,0.3,0.5,0.00037,3.17357,2.37589
84,100,1,0.01,0.3,0.5,0.00037,2.88427,2.04447
85,100,1,0.01,0.3,0.5,0.00037,2.93006,2.20107
86,100,1,0.01,0.3,0.5,0.00037,2.83364,2.04857
87,100,1,0.01,0.3,0.5,0.00037,3.30639,2.6844
88,100,1,0.01,0.3,0.5,0.00037,2.57764,1.62362
89,100,1,0.01,0.3,0.5,0.00037,2.78138,1.91065
90,100,1,0.01,0.3,0.5,0.00037,3.54622,2.98874
91,100,1,0.01,0.3,0.5,0.00037,2.75067,1.9267
92,100,1,0.01,0.3,0.5,0.00037,3.11382,2.3831
93,100,1,0.01,0.3,0.5,0.00037,3.07219,2.36482
94,100,1,0.01,0.3,0.5,0.00037,2.7118,1.83918
95,100,1,0.01,0.3,0.5,0.00037,3.106,2.36271
96,100,1,0.01,0.3,0.5,0.00037,2.85567,2.03487
97,100,1,0.01,0.3,0.5,0.00037,2.51652,1.62818
98,100,1,0.01,0.3,0.5,0.00037,2.91001,2.01657
99,100,1,0.01,0.3,0.5,0.00037,2.84899,2.04556
0,100,1,0.01,0.3,0.5,0.00031,3.22348,2.60184
1,100,1,0.01,0.3,0.5,0.00031,3.42214,2.83417
2,100,1,0.01,0.3,0.5,0.00031,2.87209,2.16131
3,100,1,0.01,0.3,0.5,0.00031,3.063,2.42497
4,100,1,0.01,0.3,0.5,0.00031,2.80397,2.04437
5,100,1,0.01,0.3,0.5,0.00031,3.15737,2.64935
6,100,1,0.01,0.3,0.5,0.00031,3.23134,2.59478
7,100,1,0.01,0.3,0.5,0.00031,3.10886,2.44313
8,100,1,0.01,0.3,0.5,0.00031,3.15662,2.59718
9,100,1,0.01,0.3,0.5,0.00031,2.97811,2.32859
10,100,1,0.01,0.3,0.5,0.00031,2.9607,2.28926
11,100,1,0.01,0.3,0.5,0.00031,2.82497,2.0362
12,100,1,0.01,0.3,0.5,0.00031,3.05849,2.40865
13,100,1,0.01,0.3,0.5,0.00031,2.80272,2.1669
14,100,1,0.01,0.3,0.5,0.00031,2.94247,2.29982
15,100,1,0.01,0.3,0.5,0.00031,3.09918,2.50671
16,100,1,0.01,0.3,0.5,0.00031,3.14428,2.55532
17,100,1,0.01,0.3,0.5,0.00031,2.86581,2.27489
18,100,1,0.01,0.3,0.5,0.00031,3.12593,2.5011
19,100,1,0.01,0.3,0.5,0.00031,2.72358,2.02168
20,100,1,0.01,0.3,0.5,0.00031,3.17355,2.47581
21,100,1,0.01,0.3,0.5,0.00031,2.79731,2.05969
22,100,1,0.01,0.3,0.5,0.00031,3.2573,2.67268
23,100,1,0.01,0.3,0.5,0.00031,3.02965,2.32833
24,100,1,0.01,0.3,0.5,0.00031,3.86547,3.4507
25,100,1,0.01,0.3,0.5,0.00031,2.95006,2.24501
26,100,1,0.01,0.3,0.5,0.00031,2.7425,1.98696
27,100,1,0.01,0.3,0.5,0.00031,3.45059,3.00374
28,100,1,0.01,0.3,0.5,0.00031,3.26532,2.64708
29,100,1,0.01,0.3,0.5,0.00031,2.93649,2.29051
30,100,1,0.01,0.3,0.5,0.00031,3.023,2.45307
31,100,1,0.01,0.3,0.5,0.00031,2.90603,2.22617
32,100,1,0.01,0.3,0.5,0.00031,3.00737,2.2669
33,100,1,0.01,0.3,0.5,0.00031,2.97517,2.29191
34,100,1,0.01,0.3,0.5,0.00031,3.71588,3.22945
35,100,1,0.01,0.3,0.5,0.00031,2.81623,2.14413
36,100,1,0.01,0.3,0.5,0.00031,3.07585,2.49105
37,100,1,0.01,0.3,0.5,0.00031,3.3006,2.73118
38,100,1,0.01,0.3,0.5,0.00031,3.08489,2.50781
39,100,1,0.01,0.3,0.5,0.00031,3.09692,2.47484
40,100,1,0.01,0.3,0.5,0.00031,3.1908,2.52322
41,100,1,0.01,0.3,0.5,0.00031,2.78917,2.12028
42,100,1,0.01,0.3,0.5,0.00031,2.90495,2.20502
43,100,1,0.01,0.3,0.5,0.00031,2.72284,2.01646
44,100,1,0.01,0.3,0.5,0.00031,3.15677,2.50005
45,100,1,0.01,0.3,0.5,0.00031,2.66763,1.9107
46,100,1,0.01,0.3,0.5,0.00031,3.01875,2.29988
47,100,1,0.01,0.3,0.5,0.00031,2.82382,2.08087
48,100,1,0.01,0.3,0.5,0.00031,3.09716,2.49469
49,100,1,0.01,0.3,0.5,0.00031,3.1779,2.65621
50,100,1,0.01,0.3,0.5,0.00031,3.14334,2.52037
51,100,1,0.01,0.3,0.5,0.00031,2.73881,2.07039
52,100,1,0.01,0.3,0.5,0.00031,3.00881,2.3879
53,100,1,0.01,0.3,0.5,0.00031,2.8309,2.14828
54,100,1,0.01,0.3,0.5,0.00031,3.19302,2.5247
55,100,1,0.01,0.3,0.5,0.00031,3.00018,2.36539
56,100,1,0.01,0.3,0.5,0.00031,3.34686,2.72298
57,100,1,0.01,0.3,0.5,0.00031,2.70364,2.01141
58,100,1,0.01,0.3,0.5,0.00031,3.13338,2.43562
59,100,1,0.01,0.3,0.5,0.00031,2.80478,2.10734
60,100,1,0.01,0.3,0.5,0.00031,2.9729,2.27893
61,100,1,0.01,0.3,0.5,0.00031,2.9187,2.1813
62,100,1,0.01,0.3,0.5,0.00031,3.39443,2.85158
63,100,1,0.01,0.3,0.5,0.00031,3.0669,2.38416
64,100,1,0.01,0.3,0.5,0.00031,3.15242,2.5336
65,100,1,0.01,0.3,0.5,0.00031,3.26148,2.66767
66,100,1,0.01,0.3,0.5,0.00031,2.61826,1.8295
67,100,1,0.01,0.3,0.5,0.00031,2.94993,2.26812
68,100,1,0.01,0.3,0.5,0.00031,3.41368,2.89726
69,100,1,0.01,0.3,0.5,0.00031,3.02008,2.35559
70,100,1,0.01,0.3,0.5,0.00031,3.3337,2.75785
71,100,1,0.01,0.3,0.5,0.00031,3.42831,2.91923
72,100,1,0.01,0.3,0.5,0.00031,2.85652,2.18623
73,100,1,0.01,0.3,0.5,0.00031,3.66064,3.11308
74,100,1,0.01,0.3,0.5,0.00031,2.95097,2.21997
75,100,1,0.01,0.3,0.5,0.00031,2.96961,2.27818
76,100,1,0.01,0.3,0.5,0.00031,3.26135,2.6556
77,100,1,0.01,0.3,0.5,0.00031,2.9598,2.32246
78,100,1,0.01,0.3,0.5,0.00031,2.81012,2.12696
79,100,1,0.01,0.3,0.5,0.00031,3.11235,2.45055
80,100,1,0.01,0.3,0.5,0.00031,2.90894,2.18037
81,100,1,0.01,0.3,0.5,0.00031,3.99,3.56681
82,100,1,0.01,0.3,0.5,0.00031,3.08012,2.39104
83,100,1,0.01,0.3,0.5,0.00031,3.37082,2.71105
84,100,1,0.01,0.3,0.5,0.00031,3.02834,2.35322
85,100,1,0.01,0.3,0.5,0.00031,3.05068,2.46361
86,100,1,0.01,0.3,0.5,0.00031,2.93336,2.29158
87,100,1,0.01,0.3,0.5,0.00031,3.4827,2.98254
88,100,1,0.01,0.3,0.5,0.00031,2.62958,1.84854
89,100,1,0.01,0.3,0.5,0.00031,2.85261,2.1303
90,100,1,0.01,0.3,0.5,0.00031,3.83003,3.39778
91,100,1,0.01,0.3,0.5,0.00031,2.86334,2.1968
92,100,1,0.01,0.3,0.5,0.00031,3.22191,2.60809
93,100,1,0.01,0.3,0.5,0.00031,3.23483,2.66583
94,100,1,0.01,0.3,0.5,0.00031,2.79833,2.08809
95,100,1,0.01,0.3,0.5,0.00031,3.26496,2.65336
96,100,1,0.01,0.3,0.5,0.00031,2.94312,2.27071
97,100,1,0.01,0.3,0.5,0.00031,2.59183,1.89232
98,100,1,0.01,0.3,0.5,0.00031,3.0077,2.25645
99,100,1,0.01,0.3,0.5,0.00031,2.9448,2.28752
0,100,1,0.01,0.3,0.5,0.00026,3.44834,2.9453
1,100,1,0.01,0.3,0.5,0.00026,3.59861,3.11464
2,100,1,0.01,0.3,0.5,0.00026,3.02145,2.44936
3,100,1,0.01,0.3,0.5,0.00026,3.21667,2.70014
4,100,1,0.01,0.3,0.5,0.00026,2.91195,2.2855
5,100,1,0.01,0.3,0.5,0.00026,3.33279,2.94244
6,100,1,0.01,0.3,0.5,0.00026,3.43488,2.91753
7,100,1,0.01,0.3,0.5,0.00026,3.25901,2.70904
8,100,1,0.01,0.3,0.5,0.00026,3.3378,2.89114
9,100,1,0.01,0.3,0.5,0.00026,3.16661,2.65023
10,100,1,0.01,0.3,0.5,0.00026,3.08842,2.54757
11,100,1,0.01,0.3,0.5,0.00026,2.93719,2.28483
12,100,1,0.01,0.3,0.5,0.00026,3.27058,2.7559
13,100,1,0.01,0.3,0.5,0.00026,2.98372,2.49993
14,100,1,0.01,0.3,0.5,0.00026,3.05611,2.538
15,100,1,0.01,0.3,0.5,0.00026,3.2588,2.79238
16,100,1,0.01,0.3,0.5,0.00026,3.34359,2.87334
17,100,1,0.01,0.3,0.5,0.00026,3.0062,2.55339
18,100,1,0.01,0.3,0.5,0.00026,3.32257,2.82288
19,100,1,0.01,0.3,0.5,0.00026,2.84475,2.28511
20,100,1,0.01,0.3,0.5,0.00026,3.32575,2.74182
21,100,1,0.01,0.3,0.5,0.00026,2.92135,2.32657
22,100,1,0.01,0.3,0.5,0.00026,3.45146,2.97908
23,100,1,0.01,0.3,0.5,0.00026,3.18381,2.61517
24,100,1,0.01,0.3,0.5,0.00026,4.11745,3.79228
25,100,1,0.01,0.3,0.5,0.00026,3.07027,2.4903
26,100,1,0.01,0.3,0.5,0.00026,2.85904,2.25476
27,100,1,0.01,0.3,0.5,0.00026,3.66423,3.32431
28,100,1,0.01,0.3,0.5,0.00026,3.42863,2.92119
29,100,1,0.01,0.3,0.5,0.00026,3.04537,2.52273
30,100,1,0.01,0.3,0.5,0.00026,3.19109,2.74879
31,100,1,0.01,0.3,0.5,0.00026,3.03427,2.48314
32,100,1,0.01,0.3,0.5,0.00026,3.14313,2.53059
33,100,1,0.01,0.3,0.5,0.00026,3.12685,2.57465
34,100,1,0.01,0.3,0.5,0.00026,3.93535,3.53984
35,100,1,0.01,0.3,0.5,0.00026,2.94619,2.4134
36,100,1,0.01,0.3,0.5,0.00026,3.25052,2.79106
37,100,1,0.01,0.3,0.5,0.00026,3.46981,3.01073
38,100,1,0.01,0.3,0.5,0.00026,3.28604,2.83542
39,100,1,0.01,0.3,0.5,0.00026,3.22953,2.7255
40,100,1,0.01,0.3,0.5,0.00026,3.35234,2.81148
41,100,1,0.01,0.3,0.5,0.00026,2.92368,2.40465
42,100,1,0.01,0.3,0.5,0.00026,3.02988,2.45734
43,100,1,0.01,0.3,0.5,0.00026,2.86287,2.30595
44,100,1,0.01,0.3,0.5,0.00026,3.27213,2.72719
45,100,1,0.01,0.3,0.5,0.00026,2.77981,2.17893
46,100,1,0.01,0.3,0.5,0.00026,3.16753,2.58177
47,100,1,0.01,0.3,0.5,0.00026,3.0005,2.40478
48,100,1,0.01,0.3,0.5,0.00026,3.27189,2.789
49,100,1,0.01,0.3,0.5,0.00026,3.37501,2.96798
50,100,1,0.01,0.3,0.5,0.00026,3.33491,2.84069
51,100,1,0.01,0.3,0.5,0.00026,2.86375,2.34333
52,100,1,0.01,0.3,0.5,0.00026,3.18302,2.69669
53,100,1,0.01,0.3,0.5,0.00026,2.92848,2.38035
54,100,1,0.01,0.3,0.5,0.00026,3.32918,2.772
55,100,1,0.01,0.3,0.5,0.00026,3.16776,2.66934
56,100,1,0.01,0.3,0.5,0.00026,3.47669,2.95927
57,100,1,0.01,0.3,0.5,0.00026,2.82061,2.27875
58,100,1,0.01,0.3,0.5,0.00026,3.28062,2.70092
59,100,1,0.01,0.3,0.5,0.00026,2.95898,2.4166
60,100,1,0.01,0.3,0.5,0.00026,3.18036,2.63064
61,100,1,0.01,0.3,0.5,0.00026,3.06106,2.46024
62,100,1,0.01,0.3,0.5,0.00026,3.599,3.16938
63,100,1,0.01,0.3,0.5,0.00026,3.23256,2.67006
64,100,1,0.01,0.3,0.5,0.00026,3.32525,2.82466
65,100,1,0.01,0.3,0.5,0.00026,3.48877,3.02015
66,100,1,0.01,0.3,0.5,0.00026,2.73581,2.10852
67,100,1,0.01,0.3,0.5,0.00026,3.06655,2.50254
68,100,1,0.01,0.3,0.5,0.00026,3.6616,3.25724
69,100,1,0.01,0.3,0.5,0.00026,3.18087,2.64513
70,100,1,0.01,0.3,0.5,0.00026,3.50989,3.04525
71,100,1,0.01,0.3,0.5,0.00026,3.64703,3.24168
72,100,1,0.01,0.3,0.5,0.00026,2.99966,2.46856
73,100,1,0.01,0.3,0.5,0.00026,3.88173,3.42962
74,100,1,0.01,0.3,0.5,0.00026,3.06514,2.45794
75,100,1,0.01,0.3,0.5,0.00026,3.11055,2.5407
76,100,1,0.01,0.3,0.5,0.00026,3.45652,2.96307
77,100,1,0.01,0.3,0.5,0.00026,3.13609,2.63538
78,100,1,0.01,0.3,0.5,0.00026,2.903,2.35005
79,100,1,0.01,0.3,0.5,0.00026,3.31037,2.776
80,100,1,0.01,0.3,0.5,0.00026,3.03531,2.43356
81,100,1,0.01,0.3,0.5,0.00026,4.19475,3.85151
82,100,1,0.01,0.3,0.5,0.00026,3.2507,2.68758
83,100,1,0.01,0.3,0.5,0.00026,3.61675,3.07468
84,100,1,0.01,0.3,0.5,0.00026,3.22551,2.69051
85,100,1,0.01,0.3,0.5,0.00026,3.21455,2.74907
86,100,1,0.01,0.3,0.5,0.00026,3.0697,2.55138
87,100,1,0.01,0.3,0.5,0.00026,3.69324,3.29511
88,100,1,0.01,0.3,0.5,0.00026,2.7309,2.10814
89,100,1,0.01,0.3,0.5,0.00026,2.95802,2.3675
90,100,1,0.01,0.3,0.5,0.00026,4.13691,3.8007
91,100,1,0.01,0.3,0.5,0.00026,3.02622,2.49523
92,100,1,0.01,0.3,0.5,0.00026,3.35759,2.84638
93,100,1,0.01,0.3,0.5,0.00026,3.44009,2.98721
94,100,1,0.01,0.3,0.5,0.00026,2.93674,2.37156
95,100,1,0.01,0.3,0.5,0.00026,3.46172,2.96152
96,100,1,0.01,0.3,0.5,0.00026,3.0698,2.52821
97,100,1,0.01,0.3,0.5,0.00026,2.73088,2.19688
98,100,1,0.01,0.3,0.5,0.00026,3.14112,2.51414
99,100,1,0.01,0.3,0.5,0.00026,3.0751,2.54574
0,100,1,0.01,0.3,0.5,0.00021,3.71631,3.31013
1,100,1,0.01,0.3,0.5,0.00021,3.81135,3.41719
2,100,1,0.01,0.3,0.5,0.00021,3.21919,2.7651
3,100,1,0.01,0.3,0.5,0.00021,3.40983,2.99593
4,100,1,0.01,0.3,0.5,0.00021,3.06044,2.54985
5,100,1,0.01,0.3,0.5,0.00021,3.55564,3.26278
6,100,1,0.01,0.3,0.5,0.00021,3.6716,3.25275
7,100,1,0.01,0.3,0.5,0.00021,3.43784,2.98609
8,100,1,0.01,0.3,0.5,0.00021,3.55963,3.2063
9,100,1,0.01,0.3,0.5,0.00021,3.39995,2.99159
10,100,1,0.01,0.3,0.5,0.00021,3.25856,2.83064
11,100,1,0.01,0.3,0.5,0.00021,3.09471,2.56267
12,100,1,0.01,0.3,0.5,0.00021,3.53686,3.13361
13,100,1,0.01,0.3,0.5,0.00021,3.21295,2.85116
14,100,1,0.01,0.3,0.5,0.00021,3.20655,2.79687
15,100,1,0.01,0.3,0.5,0.00021,3.46364,3.10392
16,100,1,0.01,0.3,0.5,0.00021,3.57574,3.20016
17,100,1,0.01,0.3,0.5,0.00021,3.1911,2.85319
18,100,1,0.01,0.3,0.5,0.00021,3.54959,3.15132
19,100,1,0.01,0.3,0.5,0.00021,3.01398,2.5752
20,100,1,0.01,0.3,0.5,0.00021,3.51986,3.03504
21,100,1,0.01,0.3,0.5,0.00021,3.08946,2.61699
22,100,1,0.01,0.3,0.5,0.00021,3.6714,3.28907
23,100,1,0.01,0.3,0.5,0.00021,3.37476,2.91805
24,100,1,0.01,0.3,0.5,0.00021,4.37283,4.11834
25,100,1,0.01,0.3,0.5,0.00021,3.2344,2.76382
26,100,1,0.01,0.3,0.5,0.00021,3.02426,2.54909
27,100,1,0.01,0.3,0.5,0.00021,3.91861,3.66568
28,100,1,0.01,0.3,0.5,0.00021,3.61929,3.20594
29,100,1,0.01,0.3,0.5,0.00021,3.1902,2.7747
30,100,1,0.01,0.3,0.5,0.00021,3.39409,3.05662
31,100,1,0.01,0.3,0.5,0.00021,3.20736,2.7672
32,100,1,0.01,0.3,0.5,0.00021,3.31136,2.80838
33,100,1,0.01,0.3,0.5,0.00021,3.31924,2.87686
34,100,1,0.01,0.3,0.5,0.00021,4.19067,3.87096
35,100,1,0.01,0.3,0.5,0.00021,3.12783,2.71318
36,100,1,0.01,0.3,0.5,0.00021,3.47186,3.11575
37,100,1,0.01,0.3,0.5,0.00021,3.67133,3.30451
38,100,1,0.01,0.3,0.5,0.00021,3.5414,3.19369
39,100,1,0.01,0.3,0.5,0.00021,3.39647,2.9928
40,100,1,0.01,0.3,0.5,0.00021,3.55442,3.12161
41,100,1,0.01,0.3,0.5,0.00021,3.11927,2.72725
42,100,1,0.01,0.3,0.5,0.00021,3.20764,2.74738
43,100,1,0.01,0.3,0.5,0.00021,3.05631,2.62453
44,100,1,0.01,0.3,0.5,0.00021,3.42663,2.98277
45,100,1,0.01,0.3,0.5,0.00021,2.95104,2.48361
46,100,1,0.01,0.3,0.5,0.00021,3.36728,2.89559
47,100,1,0.01,0.3,0.5,0.00021,3.22754,2.75322
48,100,1,0.01,0.3,0.5,0.00021,3.48291,3.09904
49,100,1,0.01,0.3,0.5,0.00021,3.61946,3.30706
50,100,1,0.01,0.3,0.5,0.00021,3.56864,3.1802
51,100,1,0.01,0.3,0.5,0.00021,3.04553,2.65089
52,100,1,0.01,0.3,0.5,0.00021,3.40688,3.03369
53,100,1,0.01,0.3,0.5,0.00021,3.06391,2.63059
54,100,1,0.01,0.3,0.5,0.00021,3.49575,3.03614
55,100,1,0.01,0.3,0.5,0.00021,3.38637,3.00188
56,100,1,0.01,0.3,0.5,0.00021,3.63967,3.21584
57,100,1,0.01,0.3,0.5,0.00021,2.98282,2.56722
58,100,1,0.01,0.3,0.5,0.00021,3.45353,2.97445
59,100,1,0.01,0.3,0.5,0.00021,3.1707,2.75999
60,100,1,0.01,0.3,0.5,0.00021,3.4314,2.99854
61,100,1,0.01,0.3,0.5,0.00021,3.24834,2.76554
62,100,1,0.01,0.3,0.5,0.00021,3.84516,3.51034
63,100,1,0.01,0.3,0.5,0.00021,3.43254,2.96989
64,100,1,0.01,0.3,0.5,0.00021,3.53794,3.13607
65,100,1,0.01,0.3,0.5,0.00021,3.76221,3.39543
66,100,1,0.01,0.3,0.5,0.00021,2.90868,2.41908
67,100,1,0.01,0.3,0.5,0.00021,3.21881,2.75593
68,100,1,0.01,0.3,0.5,0.00021,3.94483,3.63029
69,100,1,0.01,0.3,0.5,0.00021,3.38494,2.95805
70,100,1,0.01,0.3,0.5,0.00021,3.71218,3.3402
71,100,1,0.01,0.3,0.5,0.00021,3.91288,3.59328
72,100,1,0.01,0.3,0.5,0.00021,3.18894,2.77426
73,100,1,0.01,0.3,0.5,0.00021,4.13454,3.76299
74,100,1,0.01,0.3,0.5,0.00021,3.21734,2.71974
75,100,1,0.01,0.3,0.5,0.00021,3.28794,2.8207
76,100,1,0.01,0.3,0.5,0.00021,3.69077,3.29103
77,100,1,0.01,0.3,0.5,0.00021,3.36132,2.97352
78,100,1,0.01,0.3,0.5,0.00021,3.03324,2.59264
79,100,1,0.01,0.3,0.5,0.00021,3.53674,3.10527
80,100,1,0.01,0.3,0.5,0.00021,3.20466,2.71229
81,100,1,0.01,0.3,0.5,0.00021,4.41673,4.14023
82,100,1,0.01,0.3,0.5,0.00021,3.45368,2.99575
83,100,1,0.01,0.3,0.5,0.00021,3.90333,3.45897
84,100,1,0.01,0.3,0.5,0.00021,3.46837,3.04726
85,100,1,0.01,0.3,0.5,0.00021,3.42309,3.05832
86,100,1,0.01,0.3,0.5,0.00021,3.24233,2.82797
87,100,1,0.01,0.3,0.5,0.00021,3.93052,3.61563
88,100,1,0.01,0.3,0.5,0.00021,2.88872,2.40439
89,100,1,0.01,0.3,0.5,0.00021,3.09799,2.62091
90,100,1,0.01,0.3,0.5,0.00021,4.45172,4.18751
91,100,1,0.01,0.3,0.5,0.00021,3.23914,2.82112
92,100,1,0.01,0.3,0.5,0.00021,3.52402,3.10188
93,100,1,0.01,0.3,0.5,0.00021,3.68501,3.32672
94,100,1,0.01,0.3,0.5,0.00021,3.13144,2.69061
95,100,1,0.01,0.3,0.5,0.00021,3.69105,3.28319
96,100,1,0.01,0.3,0.5,0.00021,3.23733,2.80727
97,100,1,0.01,0.3,0.5,0.00021,2.93893,2.54179
98,100,1,0.01,0.3,0.5,0.00021,3.30812,2.78725
99,100,1,0.01,0.3,0.5,0.00021,3.24036,2.82062
0,100,1,0.01,0.3,0.5,0.00018,4.01783,3.68906
1,100,1,0.01,0.3,0.5,0.00018,4.06036,3.74188
2,100,1,0.01,0.3,0.5,0.00018,3.46244,3.10532
3,100,1,0.01,0.3,0.5,0.00018,3.63918,3.30943
4,100,1,0.01,0.3,0.5,0.00018,3.24983,2.83745
5,100,1,0.01,0.3,0.5,0.00018,3.82028,3.60475
6,100,1,0.01,0.3,0.5,0.00018,3.93399,3.59525
7,100,1,0.01,0.3,0.5,0.00018,3.64189,3.27237
8,100,1,0.01,0.3,0.5,0.00018,3.81549,3.5375
9,100,1,0.01,0.3,0.5,0.00018,3.66769,3.34417
10,100,1,0.01,0.3,0.5,0.00018,3.47108,3.13746
11,100,1,0.01,0.3,0.5,0.00018,3.29504,2.86564
12,100,1,0.01,0.3,0.5,0.00018,3.85173,3.53768
13,100,1,0.01,0.3,0.5,0.00018,3.47723,3.20987
14,100,1,0.01,0.3,0.5,0.00018,3.39801,3.08018
15,100,1,0.01,0.3,0.5,0.00018,3.70889,3.43597
16,100,1,0.01,0.3,0.5,0.00018,3.83184,3.53058
17,100,1,0.01,0.3,0.5,0.00018,3.41836,3.17238
18,100,1,0.01,0.3,0.5,0.00018,3.80135,3.48426
19,100,1,0.01,0.3,0.5,0.00018,3.22986,2.89016
20,100,1,0.01,0.3,0.5,0.00018,3.75879,3.35846
21,100,1,0.01,0.3,0.5,0.00018,3.29869,2.92721
22,100,1,0.01,0.3,0.5,0.00018,3.91093,3.59969
23,100,1,0.01,0.3,0.5,0.00018,3.59799,3.23306
24,100,1,0.01,0.3,0.5,0.00018,4.6242,4.42523
25,100,1,0.01,0.3,0.5,0.00018,3.44326,3.06537
26,100,1,0.01,0.3,0.5,0.00018,3.23647,2.86716
27,100,1,0.01,0.3,0.5,0.00018,4.20861,4.024
28,100,1,0.01,0.3,0.5,0.00018,3.83911,3.50494
29,100,1,0.01,0.3,0.5,0.00018,3.3713,3.04647
30,100,1,0.01,0.3,0.5,0.00018,3.62986,3.37651
31,100,1,0.01,0.3,0.5,0.00018,3.42507,3.07763
32,100,1,0.01,0.3,0.5,0.00018,3.50954,3.09872
33,100,1,0.01,0.3,0.5,0.00018,3.54535,3.19237
34,100,1,0.01,0.3,0.5,0.00018,4.47566,4.21783
35,100,1,0.01,0.3,0.5,0.00018,3.36027,3.042
36,100,1,0.01,0.3,0.5,0.00018,3.73577,3.46201
37,100,1,0.01,0.3,0.5,0.00018,3.90524,3.61389
38,100,1,0.01,0.3,0.5,0.00018,3.83992,3.57275
39,100,1,0.01,0.3,0.5,0.00018,3.59711,3.27638
40,100,1,0.01,0.3,0.5,0.00018,3.79197,3.44836
41,100,1,0.01,0.3,0.5,0.00018,3.37438,3.08424
42,100,1,0.01,0.3,0.5,0.00018,3.43808,3.07313
43,100,1,0.01,0.3,0.5,0.00018,3.301,2.96977
44,100,1,0.01,0.3,0.5,0.00018,3.6246,3.26947
45,100,1,0.01,0.3,0.5,0.00018,3.17897,2.82001
46,100,1,0.01,0.3,0.5,0.00018,3.61447,3.23723
47,100,1,0.01,0.3,0.5,0.00018,3.4929,3.11547
48,100,1,0.01,0.3,0.5,0.00018,3.72306,3.41944
49,100,1,0.01,0.3,0.5,0.00018,3.90593,3.66938
50,100,1,0.01,0.3,0.5,0.00018,3.83652,3.53212
51,100,1,0.01,0.3,0.5,0.00018,3.28339,2.99086
52,100,1,0.01,0.3,0.5,0.00018,3.67744,3.39578
53,100,1,0.01,0.3,0.5,0.00018,3.23721,2.89894
54,100,1,0.01,0.3,0.5,0.00018,3.69422,3.31893
55,100,1,0.01,0.3,0.5,0.00018,3.64931,3.3565
56,100,1,0.01,0.3,0.5,0.00018,3.8385,3.4949
57,100,1,0.01,0.3,0.5,0.00018,3.1856,2.87178
58,100,1,0.01,0.3,0.5,0.00018,3.65202,3.258
59,100,1,0.01,0.3,0.5,0.00018,3.43639,3.13263
60,100,1,0.01,0.3,0.5,0.00018,3.71673,3.3766
61,100,1,0.01,0.3,0.5,0.00018,3.48119,3.09789
62,100,1,0.01,0.3,0.5,0.00018,4.12671,3.86869
63,100,1,0.01,0.3,0.5,0.00018,3.66256,3.28164
64,100,1,0.01,0.3,0.5,0.00018,3.7832,3.46149
65,100,1,0.01,0.3,0.5,0.00018,4.06854,3.78179
66,100,1,0.01,0.3,0.5,0.00018,3.1326,2.7553
67,100,1,0.01,0.3,0.5,0.00018,3.40822,3.03115
68,100,1,0.01,0.3,0.5,0.00018,4.25265,4.00834
69,100,1,0.01,0.3,0.5,0.00018,3.62969,3.29226
70,100,1,0.01,0.3,0.5,0.00018,3.9397,3.64438
71,100,1,0.01,0.3,0.5,0.00018,4.22234,3.97196
72,100,1,0.01,0.3,0.5,0.00018,3.41962,3.09902
73,100,1,0.01,0.3,0.5,0.00018,4.41511,4.11056
74,100,1,0.01,0.3,0.5,0.00018,3.40947,3.00664
75,100,1,0.01,0.3,0.5,0.00018,3.4999,3.1179
76,100,1,0.01,0.3,0.5,0.00018,3.95501,3.63196
77,100,1,0.01,0.3,0.5,0.00018,3.62818,3.33043
78,100,1,0.01,0.3,0.5,0.00018,3.2039,2.85775
79,100,1,0.01,0.3,0.5,0.00018,3.78138,3.43174
80,100,1,0.01,0.3,0.5,0.00018,3.4151,3.01479
81,100,1,0.01,0.3,0.5,0.00018,4.65907,4.43778
82,100,1,0.01,0.3,0.5,0.00018,3.6839,3.31286
83,100,1,0.01,0.3,0.5,0.00018,4.21969,3.85489
84,100,1,0.01,0.3,0.5,0.00018,3.74609,3.41457
85,100,1,0.01,0.3,0.5,0.00018,3.67416,3.38981
86,100,1,0.01,0.3,0.5,0.00018,3.44947,3.12101
87,100,1,0.01,0.3,0.5,0.00018,4.18539,3.93703
88,100,1,0.01,0.3,0.5,0.00018,3.1053,2.73641
89,100,1,0.01,0.3,0.5,0.00018,3.27082,2.88863
90,100,1,0.01,0.3,0.5,0.00018,4.76827,4.55771
91,100,1,0.01,0.3,0.5,0.00018,3.49658,3.16978
92,100,1,0.01,0.3,0.5,0.00018,3.72356,3.37769
93,100,1,0.01,0.3,0.5,0.00018,3.96259,3.67937
94,100,1,0.01,0.3,0.5,0.00018,3.38283,3.04438
95,100,1,0.01,0.3,0.5,0.00018,3.94752,3.61529
96,100,1,0.01,0.3,0.5,0.00018,3.44395,3.10589
97,100,1,0.01,0.3,0.5,0.00018,3.21307,2.92295
98,100,1,0.01,0.3,0.5,0.00018,3.50583,3.07443
99,100,1,0.01,0.3,0.5,0.00018,3.43977,3.11192
0,100,1,0.01,0.3,0.5,0.00015,4.34216,4.07456
1,100,1,0.01,0.3,0.5,0.00015,4.34342,4.08731
2,100,1,0.01,0.3,0.5,0.00015,3.74574,3.46613
3,100,1,0.01,0.3,0.5,0.00015,3.89894,3.63638
4,100,1,0.01,0.3,0.5,0.00015,3.47747,3.14618
5,100,1,0.01,0.3,0.5,0.00015,4.11857,3.96204
6,100,1,0.01,0.3,0.5,0.00015,4.21419,3.94004
7,100,1,0.01,0.3,0.5,0.00015,3.86923,3.56808
8,100,1,0.01,0.3,0.5,0.00015,4.0976,3.8795
9,100,1,0.01,0.3,0.5,0.00015,3.96058,3.70267
10,100,1,0.01,0.3,0.5,0.00015,3.72243,3.46488
11,100,1,0.01,0.3,0.5,0.00015,3.53109,3.18667
12,100,1,0.01,0.3,0.5,0.00015,4.20475,3.96054
13,100,1,0.01,0.3,0.5,0.00015,3.76467,3.56873
14,100,1,0.01,0.3,0.5,0.00015,3.63132,3.38856
15,100,1,0.01,0.3,0.5,0.00015,3.98656,3.78193
16,100,1,0.01,0.3,0.5,0.00015,4.10417,3.86107
17,100,1,0.01,0.3,0.5,0.00015,3.68312,3.50803
18,100,1,0.01,0.3,0.5,0.00015,4.07546,3.82316
19,100,1,0.01,0.3,0.5,0.00015,3.48777,3.22689
20,100,1,0.01,0.3,0.5,0.00015,4.04033,3.71058
21,100,1,0.01,0.3,0.5,0.00015,3.54338,3.2527
22,100,1,0.01,0.3,0.5,0.00015,4.16646,3.91092
23,100,1,0.01,0.3,0.5,0.00015,3.84796,3.5566
24,100,1,0.01,0.3,0.5,0.00015,4.86991,4.71459
25,100,1,0.01,0.3,0.5,0.00015,3.69332,3.39165
26,100,1,0.01,0.3,0.5,0.00015,3.49166,3.20638
27,100,1,0.01,0.3,0.5,0.00015,4.52709,4.39439
28,100,1,0.01,0.3,0.5,0.00015,4.08873,3.82034
29,100,1,0.01,0.3,0.5,0.00015,3.58758,3.3376
30,100,1,0.01,0.3,0.5,0.00015,3.89404,3.70665
31,100,1,0.01,0.3,0.5,0.00015,3.68419,3.41209
32,100,1,0.01,0.3,0.5,0.00015,3.73445,3.40006
33,100,1,0.01,0.3,0.5,0.00015,3.79775,3.51611
34,100,1,0.01,0.3,0.5,0.00015,4.78427,4.57628
35,100,1,0.01,0.3,0.5,0.00015,3.63653,3.39404
36,100,1,0.01,0.3,0.5,0.00015,4.03673,3.82703
37,100,1,0.01,0.3,0.5,0.00015,4.16595,3.93486
38,100,1,0.01,0.3,0.5,0.00015,4.16895,3.96333
39,100,1,0.01,0.3,0.5,0.00015,3.83169,3.57799
40,100,1,0.01,0.3,0.5,0.00015,4.0558,3.78387
41,100,1,0.01,0.3,0.5,0.00015,3.67967,3.46727
42,100,1,0.01,0.3,0.5,0.00015,3.71496,3.42768
43,100,1,0.01,0.3,0.5,0.00015,3.59072,3.33748
44,100,1,0.01,0.3,0.5,0.00015,3.86658,3.58673
45,100,1,0.01,0.3,0.5,0.00015,3.45498,3.18064
46,100,1,0.01,0.3,0.5,0.00015,3.9003,3.59935
47,100,1,0.01,0.3,0.5,0.00015,3.78377,3.48241
48,100,1,0.01,0.3,0.5,0.00015,3.98236,3.7427
49,100,1,0.01,0.3,0.5,0.00015,4.22516,4.04767
50,100,1,0.01,0.3,0.5,0.00015,4.12989,3.89071
51,100,1,0.01,0.3,0.5,0.00015,3.57151,3.35854
52,100,1,0.01,0.3,0.5,0.00015,3.98693,3.77667
53,100,1,0.01,0.3,0.5,0.00015,3.44762,3.18608
54,100,1,0.01,0.3,0.5,0.00015,3.92377,3.62
55,100,1,0.01,0.3,0.5,0.00015,3.94627,3.72511
56,100,1,0.01,0.3,0.5,0.00015,4.07304,3.79637
57,100,1,0.01,0.3,0.5,0.00015,3.42279,3.18843
58,100,1,0.01,0.3,0.5,0.00015,3.87642,3.55371
59,100,1,0.01,0.3,0.5,0.00015,3.74613,3.52576
60,100,1,0.01,0.3,0.5,0.00015,4.02777,3.76044
61,100,1,0.01,0.3,0.5,0.00015,3.75837,3.45705
62,100,1,0.01,0.3,0.5,0.00015,4.43585,4.2384
63,100,1,0.01,0.3,0.5,0.00015,3.91847,3.60401
64,100,1,0.01,0.3,0.5,0.00015,4.05257,3.79462
65,100,1,0.01,0.3,0.5,0.00015,4.39342,4.1682
66,100,1,0.01,0.3,0.5,0.00015,3.39887,3.11011
67,100,1,0.01,0.3,0.5,0.00015,3.63567,3.33073
68,100,1,0.01,0.3,0.5,0.00015,4.57425,4.38398
69,100,1,0.01,0.3,0.5,0.00015,3.91045,3.6449
70,100,1,0.01,0.3,0.5,0.00015,4.19363,3.96133
71,100,1,0.01,0.3,0.5,0.00015,4.56887,4.37318
72,100,1,0.01,0.3,0.5,0.00015,3.68434,3.4379
73,100,1,0.01,0.3,0.5,0.00015,4.71744,4.46813
74,100,1,0.01,0.3,0.5,0.00015,3.64106,3.31815
75,100,1,0.01,0.3,0.5,0.00015,3.74938,3.43807
76,100,1,0.01,0.3,0.5,0.00015,4.24025,3.97955
77,100,1,0.01,0.3,0.5,0.00015,3.92718,3.69943
78,100,1,0.01,0.3,0.5,0.00015,3.41632,3.1475
79,100,1,0.01,0.3,0.5,0.00015,4.03802,3.75325
80,100,1,0.01,0.3,0.5,0.00015,3.66236,3.33822
81,100,1,0.01,0.3,0.5,0.00015,4.92543,4.74908
82,100,1,0.01,0.3,0.5,0.00015,3.93721,3.63755
83,100,1,0.01,0.3,0.5,0.00015,4.55539,4.25478
84,100,1,0.01,0.3,0.5,0.00015,4.04751,3.78519
85,100,1,0.01,0.3,0.5,0.00015,3.96413,3.74234
86,100,1,0.01,0.3,0.5,0.00015,3.68874,3.43039
87,100,1,0.01,0.3,0.5,0.00015,4.4521,4.25606
88,100,1,0.01,0.3,0.5,0.00015,3.37653,3.09954
89,100,1,0.01,0.3,0.5,0.00015,3.47332,3.16852
90,100,1,0.01,0.3,0.5,0.00015,5.0854,4.91494
91,100,1,0.01,0.3,0.5,0.00015,3.78855,3.53356
92,100,1,0.01,0.3,0.5,0.00015,3.95694,3.67538
93,100,1,0.01,0.3,0.5,0.00015,4.26617,4.04129
94,100,1,0.01,0.3,0.5,0.00015,3.68716,3.42996
95,100,1,0.01,0.3,0.5,0.00015,4.22631,3.95584
96,100,1,0.01,0.3,0.5,0.00015,3.68651,3.42251
97,100,1,0.01,0.3,0.5,0.00015,3.54342,3.33311
98,100,1,0.01,0.3,0.5,0.00015,3.73177,3.37538
99,100,1,0.01,0.3,0.5,0.00015,3.67207,3.41961
0,100,1,0.01,0.3,0.5,0.00012,4.6799,4.46048
1,100,1,0.01,0.3,0.5,0.00012,4.65571,4.45
2,100,1,0.01,0.3,0.5,0.00012,4.06191,3.84306
3,100,1,0.01,0.3,0.5,0.00012,4.18312,3.97317
4,100,1,0.01,0.3,0.5,0.00012,3.73833,3.47249
5,100,1,0.01,0.3,0.5,0.00012,4.44082,4.32792
6,100,1,0.01,0.3,0.5,0.00012,4.50521,4.28309
7,100,1,0.01,0.3,0.5,0.00012,4.11962,3.87507
8,100,1,0.01,0.3,0.5,0.00012,4.39735,4.22628
9,100,1,0.01,0.3,0.5,0.00012,4.27252,4.06537
10,100,1,0.01,0.3,0.5,0.00012,4.0068,3.80888
11,100,1,0.01,0.3,0.5,0.00012,3.79238,3.51666
12,100,1,0.01,0.3,0.5,0.00012,4.58231,4.39199
13,100,1,0.01,0.3,0.5,0.00012,4.0673,3.92461
14,100,1,0.01,0.3,0.5,0.00012,3.9018,3.71809
15,100,1,0.01,0.3,0.5,0.00012,4.2883,4.13611
16,100,1,0.01,0.3,0.5,0.00012,4.3914,4.19408
17,100,1,0.01,0.3,0.5,0.00012,3.9804,3.85825
18,100,1,0.01,0.3,0.5,0.00012,4.37081,4.17025
19,100,1,0.01,0.3,0.5,0.00012,3.78174,3.58212
20,100,1,0.01,0.3,0.5,0.00012,4.35728,4.08554
21,100,1,0.01,0.3,0.5,0.00012,3.8162,3.58869
22,100,1,0.01,0.3,0.5,0.00012,4.43654,4.22482
23,100,1,0.01,0.3,0.5,0.00012,4.1189,3.8857
24,100,1,0.01,0.3,0.5,0.00012,5.10986,4.98883
25,100,1,0.01,0.3,0.5,0.00012,3.97755,3.73708
26,100,1,0.01,0.3,0.5,0.00012,3.78374,3.56361
27,100,1,0.01,0.3,0.5,0.00012,4.86444,4.76997
28,100,1,0.01,0.3,0.5,0.00012,4.36749,4.15303
29,100,1,0.01,0.3,0.5,0.00012,3.83688,3.64727
30,100,1,0.01,0.3,0.5,0.00012,4.17904,4.04212
31,100,1,0.01,0.3,0.5,0.00012,3.9791,3.76668
32,100,1,0.01,0.3,0.5,0.00012,3.98326,3.71165
33,100,1,0.01,0.3,0.5,0.00012,4.07013,3.84477
34,100,1,0.01,0.3,0.5,0.00012,5.11103,4.94287
35,100,1,0.01,0.3,0.5,0.00012,3.94512,3.76052
36,100,1,0.01,0.3,0.5,0.00012,4.36849,4.20789
37,100,1,0.01,0.3,0.5,0.00012,4.44704,4.26337
38,100,1,0.01,0.3,0.5,0.00012,4.51892,4.35995
39,100,1,0.01,0.3,0.5,0.00012,4.09784,3.89725
40,100,1,0.01,0.3,0.5,0.00012,4.33596,4.12051
41,100,1,0.01,0.3,0.5,0.00012,4.02077,3.86545
42,100,1,0.01,0.3,0.5,0.00012,4.02838,3.80264
43,100,1,0.01,0.3,0.5,0.00012,3.9162,3.72193
44,100,1,0.01,0.3,0.5,0.00012,4.14806,3.92987
45,100,1,0.01,0.3,0.5,0.00012,3.7669,3.55681
46,100,1,0.01,0.3,0.5,0.00012,4.21422,3.97427
47,100,1,0.01,0.3,0.5,0.00012,4.08989,3.84804
48,100,1,0.01,0.3,0.5,0.00012,4.25159,4.06248
49,100,1,0.01,0.3,0.5,0.00012,4.56752,4.4349
50,100,1,0.01,0.3,0.5,0.00012,4.44095,4.25155
51,100,1,0.01,0.3,0.5,0.00012,3.8997,3.74662
52,100,1,0.01,0.3,0.5,0.00012,4.32511,4.16896
53,100,1,0.01,0.3,0.5,0.00012,3.69386,3.49295
54,100,1,0.01,0.3,0.5,0.00012,4.18127,3.93714
55,100,1,0.01,0.3,0.5,0.00012,4.26769,4.10155
56,100,1,0.01,0.3,0.5,0.00012,4.3409,4.11879
57,100,1,0.01,0.3,0.5,0.00012,3.68797,3.51423
58,100,1,0.01,0.3,0.5,0.00012,4.12464,3.86108
59,100,1,0.01,0.3,0.5,0.00012,4.08609,3.92854
60,100,1,0.01,0.3,0.5,0.00012,4.35601,4.14549
61,100,1,0.01,0.3,0.5,0.00012,4.07553,3.84028
62,100,1,0.01,0.3,0.5,0.00012,4.76359,4.61292
63,100,1,0.01,0.3,0.5,0.00012,4.19574,3.93528
64,100,1,0.01,0.3,0.5,0.00012,4.33896,4.13114
65,100,1,0.01,0.3,0.5,0.00012,4.72544,4.54711
66,100,1,0.01,0.3,0.5,0.00012,3.69705,3.47645
67,100,1,0.01,0.3,0.5,0.00012,3.89952,3.65453
68,100,1,0.01,0.3,0.5,0.00012,4.90062,4.75155
69,100,1,0.01,0.3,0.5,0.00012,4.22109,4.01228
70,100,1,0.01,0.3,0.5,0.00012,4.47512,4.29412
71,100,1,0.01,0.3,0.5,0.00012,4.94176,4.78855
72,100,1,0.01,0.3,0.5,0.00012,3.9759,3.787
73,100,1,0.01,0.3,0.5,0.00012,5.03549,4.83155
74,100,1,0.01,0.3,0.5,0.00012,3.90867,3.65168
75,100,1,0.01,0.3,0.5,0.00012,4.03579,3.78266
76,100,1,0.01,0.3,0.5,0.00012,4.54079,4.33087
77,100,1,0.01,0.3,0.5,0.00012,4.24986,4.07564
78,100,1,0.01,0.3,0.5,0.00012,3.66814,3.46094
79,100,1,0.01,0.3,0.5,0.00012,4.30353,4.07043
80,100,1,0.01,0.3,0.5,0.00012,3.94147,3.6797
81,100,1,0.01,0.3,0.5,0.00012,5.21652,5.07602
82,100,1,0.01,0.3,0.5,0.00012,4.20955,3.96827
83,100,1,0.01,0.3,0.5,0.00012,4.90067,4.6518
84,100,1,0.01,0.3,0.5,0.00012,4.36273,4.15358
85,100,1,0.01,0.3,0.5,0.00012,4.28781,4.11385
86,100,1,0.01,0.3,0.5,0.00012,3.95605,3.75415
87,100,1,0.01,0.3,0.5,0.00012,4.72693,4.57169
88,100,1,0.01,0.3,0.5,0.00012,3.69283,3.48617
89,100,1,0.01,0.3,0.5,0.00012,3.70156,3.45857
90,100,1,0.01,0.3,0.5,0.00012,5.40608,5.26596
91,100,1,0.01,0.3,0.5,0.00012,4.10322,3.9037
92,100,1,0.01,0.3,0.5,0.00012,4.22139,3.99332
93,100,1,0.01,0.3,0.5,0.00012,4.58729,4.40709
94,100,1,0.01,0.3,0.5,0.00012,4.03687,3.84219
95,100,1,0.01,0.3,0.5,0.00012,4.52317,4.3031
96,100,1,0.01,0.3,0.5,0.00012,3.96159,3.7561
97,100,1,0.01,0.3,0.5,0.00012,3.91521,3.76227
98,100,1,0.01,0.3,0.5,0.00012,3.9839,3.69022
99,100,1,0.01,0.3,0.5,0.00012,3.93572,3.74387
0,100,1,0.01,0.3,0.5,0.0001,5.02331,4.84202
1,100,1,0.01,0.3,0.5,0.0001,4.98966,4.82415
2,100,1,0.01,0.3,0.5,0.0001,4.40194,4.23009
3,100,1,0.01,0.3,0.5,0.0001,4.48603,4.31695
4,100,1,0.01,0.3,0.5,0.0001,4.02632,3.81248
5,100,1,0.01,0.3,0.5,0.0001,4.77799,4.69657
6,100,1,0.01,0.3,0.5,0.0001,4.8013,4.62127
7,100,1,0.01,0.3,0.5,0.0001,4.39213,4.19429
8,100,1,0.01,0.3,0.5,0.0001,4.70645,4.57195
9,100,1,0.01,0.3,0.5,0.0001,4.6002,4.43277
10,100,1,0.01,0.3,0.5,0.0001,4.31754,4.16545
11,100,1,0.01,0.3,0.5,0.0001,4.06802,3.84712
12,100,1,0.01,0.3,0.5,0.0001,4.96908,4.81996
13,100,1,0.01,0.3,0.5,0.0001,4.38092,4.27743
14,100,1,0.01,0.3,0.5,0.0001,4.20049,4.06158
15,100,1,0.01,0.3,0.5,0.0001,4.60743,4.49489
16,100,1,0.01,0.3,0.5,0.0001,4.69068,4.52974
17,100,1,0.01,0.3,0.5,0.0001,4.30472,4.22106
18,100,1,0.01,0.3,0.5,0.0001,4.68508,4.52574
19,100,1,0.01,0.3,0.5,0.0001,4.10565,3.95288
20,100,1,0.01,0.3,0.5,0.0001,4.69863,4.47425
21,100,1,0.01,0.3,0.5,0.0001,4.1101,3.9313
22,100,1,0.01,0.3,0.5,0.0001,4.72086,4.54408
23,100,1,0.01,0.3,0.5,0.0001,4.40602,4.21855
24,100,1,0.01,0.3,0.5,0.0001,5.34271,5.24852
25,100,1,0.01,0.3,0.5,0.0001,4.28735,4.09529
26,100,1,0.01,0.3,0.5,0.0001,4.10474,3.93439
27,100,1,0.01,0.3,0.5,0.0001,5.21144,5.14441
28,100,1,0.01,0.3,0.5,0.0001,4.67196,4.50115
29,100,1,0.01,0.3,0.5,0.0001,4.11591,3.97398
30,100,1,0.01,0.3,0.5,0.0001,4.47732,4.37821
31,100,1,0.01,0.3,0.5,0.0001,4.30053,4.13439
32,100,1,0.01,0.3,0.5,0.0001,4.25337,4.03292
33,100,1,0.01,0.3,0.5,0.0001,4.35752,4.17633
34,100,1,0.01,0.3,0.5,0.0001,5.45077,5.31429
35,100,1,0.01,0.3,0.5,0.0001,4.27308,4.13179
36,100,1,0.01,0.3,0.5,0.0001,4.72245,4.59914
37,100,1,0.01,0.3,0.5,0.0001,4.74361,4.59709
38,100,1,0.01,0.3,0.5,0.0001,4.88244,4.75871
39,100,1,0.01,0.3,0.5,0.0001,4.39046,4.23139
40,100,1,0.01,0.3,0.5,0.0001,4.62416,4.45273
41,100,1,0.01,0.3,0.5,0.0001,4.38264,4.26813
42,100,1,0.01,0.3,0.5,0.0001,4.3673,4.18948
43,100,1,0.01,0.3,0.5,0.0001,4.26674,4.11649
44,100,1,0.01,0.3,0.5,0.0001,4.45992,4.29077
45,100,1,0.01,0.3,0.5,0.0001,4.10149,3.9395
46,100,1,0.01,0.3,0.5,0.0001,4.5468,4.35539
47,100,1,0.01,0.3,0.5,0.0001,4.40453,4.20949
48,100,1,0.01,0.3,0.5,0.0001,4.52462,4.37542
49,100,1,0.01,0.3,0.5,0.0001,4.9239,4.82474
50,100,1,0.01,0.3,0.5,0.0001,4.7633,4.61159
51,100,1,0.01,0.3,0.5,0.0001,4.25612,4.14695
52,100,1,0.01,0.3,0.5,0.0001,4.682,4.56608
53,100,1,0.01,0.3,0.5,0.0001,3.97338,3.81945
54,100,1,0.01,0.3,0.5,0.0001,4.46304,4.26799
55,100,1,0.01,0.3,0.5,0.0001,4.60397,4.47953
56,100,1,0.01,0.3,0.5,0.0001,4.63469,4.45613
57,100,1,0.01,0.3,0.5,0.0001,3.97556,3.84731
58,100,1,0.01,0.3,0.5,0.0001,4.39225,4.17721
59,100,1,0.01,0.3,0.5,0.0001,4.44266,4.33122
60,100,1,0.01,0.3,0.5,0.0001,4.69282,4.52658
61,100,1,0.01,0.3,0.5,0.0001,4.42498,4.24191
62,100,1,0.01,0.3,0.5,0.0001,5.10085,4.98566
63,100,1,0.01,0.3,0.5,0.0001,4.48998,4.27361
64,100,1,0.01,0.3,0.5,0.0001,4.63795,4.46951
65,100,1,0.01,0.3,0.5,0.0001,5.05614,4.91349
66,100,1,0.01,0.3,0.5,0.0001,4.01653,3.84749
67,100,1,0.01,0.3,0.5,0.0001,4.19453,3.99874
68,100,1,0.01,0.3,0.5,0.0001,5.22463,5.10689
69,100,1,0.01,0.3,0.5,0.0001,4.55289,4.3883
70,100,1,0.01,0.3,0.5,0.0001,4.78406,4.6442
71,100,1,0.01,0.3,0.5,0.0001,5.32537,5.2048
72,100,1,0.01,0.3,0.5,0.0001,4.28856,4.14388
73,100,1,0.01,0.3,0.5,0.0001,5.36287,5.1962
74,100,1,0.01,0.3,0.5,0.0001,4.20555,4.00196
75,100,1,0.01,0.3,0.5,0.0001,4.35517,4.14948
76,100,1,0.01,0.3,0.5,0.0001,4.85418,4.68576
77,100,1,0.01,0.3,0.5,0.0001,4.58909,4.45535
78,100,1,0.01,0.3,0.5,0.0001,3.95328,3.79398
79,100,1,0.01,0.3,0.5,0.0001,4.57657,4.385
80,100,1,0.01,0.3,0.5,0.0001,4.24784,4.03689
81,100,1,0.01,0.3,0.5,0.0001,5.52376,5.41119
82,100,1,0.01,0.3,0.5,0.0001,4.49633,4.30261
83,100,1,0.01,0.3,0.5,0.0001,5.24752,5.04059
84,100,1,0.01,0.3,0.5,0.0001,4.68328,4.51521
85,100,1,0.01,0.3,0.5,0.0001,4.63546,4.4978
86,100,1,0.01,0.3,0.5,0.0001,4.24571,4.08872
87,100,1,0.01,0.3,0.5,0.0001,5.0062,4.88273
88,100,1,0.01,0.3,0.5,0.0001,4.04193,3.88755
89,100,1,0.01,0.3,0.5,0.0001,3.95176,3.75739
90,100,1,0.01,0.3,0.5,0.0001,5.73129,5.61458
91,100,1,0.01,0.3,0.5,0.0001,4.4295,4.27241
92,100,1,0.01,0.3,0.5,0.0001,4.51054,4.32637
93,100,1,0.01,0.3,0.5,0.0001,4.91664,4.77045
94,100,1,0.01,0.3,0.5,0.0001,4.42091,4.27317
95,100,1,0.01,0.3,0.5,0.0001,4.8341,4.65527
96,100,1,0.01,0.3,0.5,0.0001,4.26481,4.10488
97,100,1,0.01,0.3,0.5,0.0001,4.3116,4.19895
98,100,1,0.01,0.3,0.5,0.0001,4.2602,4.01883
99,100,1,0.01,0.3,0.5,0.0001,4.22688,4.08281
0,100,1,0.05,0.3,0.5,1.0,1.34843,0.00198
1,100,1,0.05,0.3,0.5,1.0,1.34838,0.00206
2,100,1,0.05,0.3,0.5,1.0,1.34834,0.00209
3,100,1,0.05,0.3,0.5,1.0,1.34843,0.00205
4,100,1,0.05,0.3,0.5,1.0,1.34845,0.00194
5,100,1,0.05,0.3,0.5,1.0,1.34844,0.00191
6,100,1,0.05,0.3,0.5,1.0,1.34846,0.00187
7,100,1,0.05,0.3,0.5,1.0,1.34836,0.00206
8,100,1,0.05,0.3,0.5,1.0,1.34827,0.00226
9,100,1,0.05,0.3,0.5,1.0,1.34841,0.00208
10,100,1,0.05,0.3,0.5,1.0,1.34839,0.00203
11,100,1,0.05,0.3,0.5,1.0,1.34841,0.00197
12,100,1,0.05,0.3,0.5,1.0,1.34835,0.00208
13,100,1,0.05,0.3,0.5,1.0,1.34837,0.0021
14,100,1,0.05,0.3,0.5,1.0,1.3484,0.002
15,100,1,0.05,0.3,0.5,1.0,1.34842,0.00197
16,100,1,0.05,0.3,0.5,1.0,1.34833,0.00209
17,100,1,0.05,0.3,0.5,1.0,1.34838,0.0021
18,100,1,0.05,0.3,0.5,1.0,1.34838,0.0022
19,100,1,0.05,0.3,0.5,1.0,1.34836,0.00207
20,100,1,0.05,0.3,0.5,1.0,1.34838,0.00212
21,100,1,0.05,0.3,0.5,1.0,1.34833,0.00209
22,100,1,0.05,0.3,0.5,1.0,1.34833,0.00207
23,100,1,0.05,0.3,0.5,1.0,1.34841,0.00202
24,100,1,0.05,0.3,0.5,1.0,1.34835,0.00207
25,100,1,0.05,0.3,0.5,1.0,1.34838,0.00208
26,100,1,0.05,0.3,0.5,1.0,1.34827,0.00228
27,100,1,0.05,0.3,0.5,1.0,1.34849,0.00183
28,100,1,0.05,0.3,0.5,1.0,1.34834,0.00209
29,100,1,0.05,0.3,0.5,1.0,1.34845,0.0019
30,100,1,0.05,0.3,0.5,1.0,1.34839,0.00202
31,100,1,0.05,0.3,0.5,1.0,1.34845,0.00202
32,100,1,0.05,0.3,0.5,1.0,1.34837,0.00212
33,100,1,0.05,0.3,0.5,1.0,1.34834,0.00217
34,100,1,0.05,0.3,0.5,1.0,1.34834,0.00213
35,100,1,0.05,0.3,0.5,1.0,1.34836,0.00216
36,100,1,0.05,0.3,0.5,1.0,1.34839,0.00208
37,100,1,0.05,0.3,0.5,1.0,1.34837,0.00202
38,100,1,0.05,0.3,0.5,1.0,1.34836,0.00212
39,100,1,0.05,0.3,0.5,1.0,1.34846,0.00191
40,100,1,0.05,0.3,0.5,1.0,1.3484,0.00199
41,100,1,0.05,0.3,0.5,1.0,1.34846,0.00193
42,100,1,0.05,0.3,0.5,1.0,1.34836,0.00212
43,100,1,0.05,0.3,0.5,1.0,1.34842,0.00201
44,100,1,0.05,0.3,0.5,1.0,1.34836,0.00207
45,100,1,0.05,0.3,0.5,1.0,1.34829,0.0022
46,100,1,0.05,0.3,0.5,1.0,1.34849,0.00185
47,100,1,0.05,0.3,0.5,1.0,1.34846,0.00188
48,100,1,0.05,0.3,0.5,1.0,1.34836,0.0021
49,100,1,0.05,0.3,0.5,1.0,1.34835,0.00215
50,100,1,0.05,0.3,0.5,1.0,1.34834,0.00213
51,100,1,0.05,0.3,0.5,1.0,1.34834,0.0021
52,100,1,0.05,0.3,0.5,1.0,1.34847,0.00201
53,100,1,0.05,0.3,0.5,1.0,1.34835,0.00207
54,100,1,0.05,0.3,0.5,1.0,1.34841,0.00196
55,100,1,0.05,0.3,0.5,1.0,1.34845,0.00203
56,100,1,0.05,0.3,0.5,1.0,1.34854,0.00193
57,100,1,0.05,0.3,0.5,1.0,1.34852,0.00191
58,100,1,0.05,0.3,0.5,1.0,1.34843,0.00194
59,100,1,0.05,0.3,0.5,1.0,1.34836,0.0021
60,100,1,0.05,0.3,0.5,1.0,1.34844,0.00189
61,100,1,0.05,0.3,0.5,1.0,1.34836,0.00207
62,100,1,0.05,0.3,0.5,1.0,1.34841,0.00202
63,100,1,0.05,0.3,0.5,1.0,1.34833,0.00212
64,100,1,0.05,0.3,0.5,1.0,1.34836,0.00206
65,100,1,0.05,0.3,0.5,1.0,1.34835,0.00213
66,100,1,0.05,0.3,0.5,1.0,1.34845,0.00198
67,100,1,0.05,0.3,0.5,1.0,1.34839,0.00199
68,100,1,0.05,0.3,0.5,1.0,1.3484,0.00203
69,100,1,0.05,0.3,0.5,1.0,1.34846,0.00195
70,100,1,0.05,0.3,0.5,1.0,1.34838,0.00203
71,100,1,0.05,0.3,0.5,1.0,1.34832,0.00212
72,100,1,0.05,0.3,0.5,1.0,1.34839,0.00202
73,100,1,0.05,0.3,0.5,1.0,1.34841,0.00204
74,100,1,0.05,0.3,0.5,1.0,1.34842,0.00202
75,100,1,0.05,0.3,0.5,1.0,1.34837,0.0021
76,100,1,0.05,0.3,0.5,1.0,1.34837,0.00209
77,100,1,0.05,0.3,0.5,1.0,1.34843,0.002
78,100,1,0.05,0.3,0.5,1.0,1.34847,0.00192
79,100,1,0.05,0.3,0.5,1.0,1.34846,0.00192
80,100,1,0.05,0.3,0.5,1.0,1.34842,0.00195
81,100,1,0.05,0.3,0.5,1.0,1.34838,0.0021
82,100,1,0.05,0.3,0.5,1.0,1.34837,0.00203
83,100,1,0.05,0.3,0.5,1.0,1.34838,0.00212
84,100,1,0.05,0.3,0.5,1.0,1.34839,0.00202
85,100,1,0.05,0.3,0.5,1.0,1.34838,0.00203
86,100,1,0.05,0.3,0.5,1.0,1.34835,0.00207
87,100,1,0.05,0.3,0.5,1.0,1.34844,0.00195
88,100,1,0.05,0.3,0.5,1.0,1.34848,0.00189
89,100,1,0.05,0.3,0.5,1.0,1.34843,0.00204
90,100,1,0.05,0.3,0.5,1.0,1.34839,0.00198
91,100,1,0.05,0.3,0.5,1.0,1.34832,0.00219
92,100,1,0.05,0.3,0.5,1.0,1.34837,0.00214
93,100,1,0.05,0.3,0.5,1.0,1.34838,0.00214
94,100,1,0.05,0.3,0.5,1.0,1.34841,0.00197
95,100,1,0.05,0.3,0.5,1.0,1.34836,0.0021
96,100,1,0.05,0.3,0.5,1.0,1.34836,0.00213
97,100,1,0.05,0.3,0.5,1.0,1.3484,0.00196
98,100,1,0.05,0.3,0.5,1.0,1.34836,0.00208
99,100,1,0.05,0.3,0.5,1.0,1.34844,0.00197
0,100,1,0.05,0.3,0.5,0.82864,1.34792,0.00286
1,100,1,0.05,0.3,0.5,0.82864,1.34786,0.00299
2,100,1,0.05,0.3,0.5,0.82864,1.34779,0.00302
3,100,1,0.05,0.3,0.5,0.82864,1.34792,0.00297
4,100,1,0.05,0.3,0.5,0.82864,1.34795,0.00281
5,100,1,0.05,0.3,0.5,0.82864,1.34794,0.00277
6,100,1,0.05,0.3,0.5,0.82864,1.34798,0.0027
7,100,1,0.05,0.3,0.5,0.82864,1.34782,0.00297
8,100,1,0.05,0.3,0.5,0.82864,1.34769,0.00327
9,100,1,0.05,0.3,0.5,0.82864,1.3479,0.00301
10,100,1,0.05,0.3,0.5,0.82864,1.34787,0.00294
11,100,1,0.05,0.3,0.5,0.82864,1.3479,0.00284
12,100,1,0.05,0.3,0.5,0.82864,1.3478,0.00301
13,100,1,0.05,0.3,0.5,0.82864,1.34784,0.00303
14,100,1,0.05,0.3,0.5,0.82864,1.34788,0.00289
15,100,1,0.05,0.3,0.5,0.82864,1.34791,0.00285
16,100,1,0.05,0.3,0.5,0.82864,1.34779,0.00302
17,100,1,0.05,0.3,0.5,0.82864,1.34786,0.00304
18,100,1,0.05,0.3,0.5,0.82864,1.34785,0.00319
19,100,1,0.05,0.3,0.5,0.82864,1.34782,0.003
20,100,1,0.05,0.3,0.5,0.82864,1.34785,0.00307
21,100,1,0.05,0.3,0.5,0.82864,1.34778,0.00303
22,100,1,0.05,0.3,0.5,0.82864,1.34779,0.00299
23,100,1,0.05,0.3,0.5,0.82864,1.3479,0.00292
24,100,1,0.05,0.3,0.5,0.82864,1.34781,0.003
25,100,1,0.05,0.3,0.5,0.82864,1.34785,0.00301
26,100,1,0.05,0.3,0.5,0.82864,1.3477,0.00329
27,100,1,0.05,0.3,0.5,0.82864,1.34802,0.00265
28,100,1,0.05,0.3,0.5,0.82864,1.3478,0.00302
29,100,1,0.05,0.3,0.5,0.82864,1.34796,0.00274
30,100,1,0.05,0.3,0.5,0.82864,1.34787,0.00293
31,100,1,0.05,0.3,0.5,0.82864,1.34795,0.00292
32,100,1,0.05,0.3,0.5,0.82864,1.34783,0.00307
33,100,1,0.05,0.3,0.5,0.82864,1.34779,0.00315
34,100,1,0.05,0.3,0.5,0.82864,1.3478,0.00308
35,100,1,0.05,0.3,0.5,0.82864,1.34782,0.00313
36,100,1,0.05,0.3,0.5,0.82864,1.34787,0.00301
37,100,1,0.05,0.3,0.5,0.82864,1.34784,0.00292
38,100,1,0.05,0.3,0.5,0.82864,1.34782,0.00307
39,100,1,0.05,0.3,0.5,0.82864,1.34797,0.00277
40,100,1,0.05,0.3,0.5,0.82864,1.34788,0.00288
41,100,1,0.05,0.3,0.5,0.82864,1.34797,0.00279
42,100,1,0.05,0.3,0.5,0.82864,1.34783,0.00307
43,100,1,0.05,0.3,0.5,0.82864,1.34791,0.00291
44,100,1,0.05,0.3,0.5,0.82864,1.34783,0.003
45,100,1,0.05,0.3,0.5,0.82864,1.34772,0.00318
46,100,1,0.05,0.3,0.5,0.82864,1.34801,0.00268
47,100,1,0.05,0.3,0.5,0.82864,1.34797,0.00272
48,100,1,0.05,0.3,0.5,0.82864,1.34783,0.00303
49,100,1,0.05,0.3,0.5,0.82864,1.34781,0.00311
50,100,1,0.05,0.3,0.5,0.82864,1.34779,0.00308
51,100,1,0.05,0.3,0.5,0.82864,1.34779,0.00304
52,100,1,0.05,0.3,0.5,0.82864,1.34798,0.00291
53,100,1,0.05,0.3,0.5,0.82864,1.34781,0.00299
54,100,1,0.05,0.3,0.5,0.82864,1.3479,0.00284
55,100,1,0.05,0.3,0.5,0.82864,1.34795,0.00295
56,100,1,0.05,0.3,0.5,0.82864,1.34808,0.0028
57,100,1,0.05,0.3,0.5,0.82864,1.34805,0.00277
58,100,1,0.05,0.3,0.5,0.82864,1.34792,0.00281
59,100,1,0.05,0.3,0.5,0.82864,1.34782,0.00303
60,100,1,0.05,0.3,0.5,0.82864,1.34795,0.00273
61,100,1,0.05,0.3,0.5,0.82864,1.34782,0.003
62,100,1,0.05,0.3,0.5,0.82864,1.34789,0.00293
63,100,1,0.05,0.3,0.5,0.82864,1.34778,0.00306
64,100,1,0.05,0.3,0.5,0.82864,1.34782,0.00298
65,100,1,0.05,0.3,0.5,0.82864,1.34781,0.00308
66,100,1,0.05,0.3,0.5,0.82864,1.34796,0.00287
67,100,1,0.05,0.3,0.5,0.82864,1.34787,0.00288
68,100,1,0.05,0.3,0.5,0.82864,1.34788,0.00294
69,100,1,0.05,0.3,0.5,0.82864,1.34797,0.00282
70,100,1,0.05,0.3,0.5,0.82864,1.34786,0.00294
71,100,1,0.05,0.3,0.5,0.82864,1.34777,0.00306
72,100,1,0.05,0.3,0.5,0.82864,1.34787,0.00293
73,100,1,0.05,0.3,0.5,0.82864,1.3479,0.00296
74,100,1,0.05,0.3,0.5,0.82864,1.34791,0.00292
75,100,1,0.05,0.3,0.5,0.82864,1.34784,0.00304
76,100,1,0.05,0.3,0.5,0.82864,1.34784,0.00302
77,100,1,0.05,0.3,0.5,0.82864,1.34792,0.0029
78,100,1,0.05,0.3,0.5,0.82864,1.34798,0.00277
79,100,1,0.05,0.3,0.5,0.82864,1.34796,0.00278
80,100,1,0.05,0.3,0.5,0.82864,1.34791,0.00283
81,100,1,0.05,0.3,0.5,0.82864,1.34786,0.00303
82,100,1,0.05,0.3,0.5,0.82864,1.34784,0.00293
83,100,1,0.05,0.3,0.5,0.82864,1.34786,0.00307
84,100,1,0.05,0.3,0.5,0.82864,1.34787,0.00293
85,100,1,0.05,0.3,0.5,0.82864,1.34785,0.00293
86,100,1,0.05,0.3,0.5,0.82864,1.34781,0.00299
87,100,1,0.05,0.3,0.5,0.82864,1.34794,0.00282
88,100,1,0.05,0.3,0.5,0.82864,1.348,0.00273
89,100,1,0.05,0.3,0.5,0.82864,1.34792,0.00295
90,100,1,0.05,0.3,0.5,0.82864,1.34787,0.00287
91,100,1,0.05,0.3,0.5,0.82864,1.34777,0.00318
92,100,1,0.05,0.3,0.5,0.82864,1.34784,0.0031
93,100,1,0.05,0.3,0.5,0.82864,1.34785,0.00309
94,100,1,0.05,0.3,0.5,0.82864,1.3479,0.00286
95,100,1,0.05,0.3,0.5,0.82864,1.34783,0.00303
96,100,1,0.05,0.3,0.5,0.82864,1.34783,0.00308
97,100,1,0.05,0.3,0.5,0.82864,1.34789,0.00284
98,100,1,0.05,0.3,0.5,0.82864,1.34783,0.00301
99,100,1,0.05,0.3,0.5,0.82864,1.34794,0.00286
0,100,1,0.05,0.3,0.5,0.68665,1.3472,0.00413
1,100,1,0.05,0.3,0.5,0.68665,1.3471,0.00431
2,100,1,0.05,0.3,0.5,0.68665,1.34701,0.00435
3,100,1,0.05,0.3,0.5,0.68665,1.3472,0.00429
4,100,1,0.05,0.3,0.5,0.68665,1.34724,0.00406
5,100,1,0.05,0.3,0.5,0.68665,1.34722,0.004
6,100,1,0.05,0.3,0.5,0.68665,1.34727,0.0039
7,100,1,0.05,0.3,0.5,0.68665,1.34705,0.00429
8,100,1,0.05,0.3,0.5,0.68665,1.34686,0.00471
9,100,1,0.05,0.3,0.5,0.68665,1.34716,0.00435
10,100,1,0.05,0.3,0.5,0.68665,1.34712,0.00424
11,100,1,0.05,0.3,0.5,0.68665,1.34717,0.00411
12,100,1,0.05,0.3,0.5,0.68665,1.34703,0.00434
13,100,1,0.05,0.3,0.5,0.68665,1.34707,0.00438
14,100,1,0.05,0.3,0.5,0.68665,1.34713,0.00418
15,100,1,0.05,0.3,0.5,0.68665,1.34719,0.00411
16,100,1,0.05,0.3,0.5,0.68665,1.347,0.00435
17,100,1,0.05,0.3,0.5,0.68665,1.3471,0.0044
18,100,1,0.05,0.3,0.5,0.68665,1.34709,0.0046
19,100,1,0.05,0.3,0.5,0.68665,1.34705,0.00433
20,100,1,0.05,0.3,0.5,0.68665,1.34709,0.00443
21,100,1,0.05,0.3,0.5,0.68665,1.347,0.00437
22,100,1,0.05,0.3,0.5,0.68665,1.34701,0.00432
23,100,1,0.05,0.3,0.5,0.68665,1.34716,0.00422
24,100,1,0.05,0.3,0.5,0.68665,1.34704,0.00433
25,100,1,0.05,0.3,0.5,0.68665,1.3471,0.00435
26,100,1,0.05,0.3,0.5,0.68665,1.34688,0.00475
27,100,1,0.05,0.3,0.5,0.68665,1.34734,0.00382
28,100,1,0.05,0.3,0.5,0.68665,1.34702,0.00436
29,100,1,0.05,0.3,0.5,0.68665,1.34725,0.00396
30,100,1,0.05,0.3,0.5,0.68665,1.34712,0.00422
31,100,1,0.05,0.3,0.5,0.68665,1.34724,0.00421
32,100,1,0.05,0.3,0.5,0.68665,1.34707,0.00443
33,100,1,0.05,0.3,0.5,0.68665,1.347,0.00454
34,100,1,0.05,0.3,0.5,0.68665,1.34702,0.00445
35,100,1,0.05,0.3,0.5,0.68665,1.34704,0.00453
36,100,1,0.05,0.3,0.5,0.68665,1.34712,0.00435
37,100,1,0.05,0.3,0.5,0.68665,1.34708,0.00421
38,100,1,0.05,0.3,0.5,0.68665,1.34705,0.00443
39,100,1,0.05,0.3,0.5,0.68665,1.34726,0.004
40,100,1,0.05,0.3,0.5,0.68665,1.34714,0.00415
41,100,1,0.05,0.3,0.5,0.68665,1.34726,0.00402
42,100,1,0.05,0.3,0.5,0.68665,1.34706,0.00444
43,100,1,0.05,0.3,0.5,0.68665,1.34718,0.0042
44,100,1,0.05,0.3,0.5,0.68665,1.34706,0.00432
45,100,1,0.05,0.3,0.5,0.68665,1.34691,0.00459
46,100,1,0.05,0.3,0.5,0.68665,1.34733,0.00386
47,100,1,0.05,0.3,0.5,0.68665,1.34727,0.00392
48,100,1,0.05,0.3,0.5,0.68665,1.34706,0.00438
49,100,1,0.05,0.3,0.5,0.68665,1.34703,0.00449
50,100,1,0.05,0.3,0.5,0.68665,1.34701,0.00445
51,100,1,0.05,0.3,0.5,0.68665,1.34701,0.00439
52,100,1,0.05,0.3,0.5,0.68665,1.34728,0.0042
53,100,1,0.05,0.3,0.5,0.68665,1.34704,0.00431
54,100,1,0.05,0.3,0.5,0.68665,1.34716,0.00409
55,100,1,0.05,0.3,0.5,0.68665,1.34724,0.00426
56,100,1,0.05,0.3,0.5,0.68665,1.34742,0.00405
57,100,1,0.05,0.3,0.5,0.68665,1.34738,0.004
58,100,1,0.05,0.3,0.5,0.68665,1.3472,0.00406
59,100,1,0.05,0.3,0.5,0.68665,1.34705,0.00438
60,100,1,0.05,0.3,0.5,0.68665,1.34723,0.00394
61,100,1,0.05,0.3,0.5,0.68665,1.34705,0.00433
62,100,1,0.05,0.3,0.5,0.68665,1.34715,0.00423
63,100,1,0.05,0.3,0.5,0.68665,1.34699,0.00442
64,100,1,0.05,0.3,0.5,0.68665,1.34706,0.0043
65,100,1,0.05,0.3,0.5,0.68665,1.34703,0.00444
66,100,1,0.05,0.3,0.5,0.68665,1.34724,0.00415
67,100,1,0.05,0.3,0.5,0.68665,1.34713,0.00415
68,100,1,0.05,0.3,0.5,0.68665,1.34713,0.00424
69,100,1,0.05,0.3,0.5,0.68665,1.34727,0.00407
70,100,1,0.05,0.3,0.5,0.68665,1.3471,0.00424
71,100,1,0.05,0.3,0.5,0.68665,1.34698,0.00442
72,100,1,0.05,0.3,0.5,0.68665,1.34712,0.00422
73,100,1,0.05,0.3,0.5,0.68665,1.34716,0.00426
74,100,1,0.05,0.3,0.5,0.68665,1.34718,0.00423
75,100,1,0.05,0.3,0.5,0.68665,1.34708,0.00439
76,100,1,0.05,0.3,0.5,0.68665,1.34707,0.00436
77,100,1,0.05,0.3,0.5,0.68665,1.3472,0.00419
78,100,1,0.05,0.3,0.5,0.68665,1.34728,0.00401
79,100,1,0.05,0.3,0.5,0.68665,1.34726,0.00401
80,100,1,0.05,0.3,0.5,0.68665,1.34717,0.00408
81,100,1,0.05,0.3,0.5,0.68665,1.34711,0.00438
82,100,1,0.05,0.3,0.5,0.68665,1.34708,0.00423
83,100,1,0.05,0.3,0.5,0.68665,1.3471,0.00443
84,100,1,0.05,0.3,0.5,0.68665,1.34712,0.00422
85,100,1,0.05,0.3,0.5,0.68665,1.34709,0.00424
86,100,1,0.05,0.3,0.5,0.68665,1.34704,0.00431
87,100,1,0.05,0.3,0.5,0.68665,1.34722,0.00408
88,100,1,0.05,0.3,0.5,0.68665,1.34731,0.00394
89,100,1,0.05,0.3,0.5,0.68665,1.34719,0.00427
90,100,1,0.05,0.3,0.5,0.68665,1.34712,0.00414
91,100,1,0.05,0.3,0.5,0.68665,1.34698,0.00459
92,100,1,0.05,0.3,0.5,0.68665,1.34708,0.00447
93,100,1,0.05,0.3,0.5,0.68665,1.3471,0.00446
94,100,1,0.05,0.3,0.5,0.68665,1.34717,0.00412
95,100,1,0.05,0.3,0.5,0.68665,1.34706,0.00437
96,100,1,0.05,0.3,0.5,0.68665,1.34706,0.00444
97,100,1,0.05,0.3,0.5,0.68665,1.34715,0.00409
98,100,1,0.05,0.3,0.5,0.68665,1.34706,0.00435
99,100,1,0.05,0.3,0.5,0.68665,1.34722,0.00412
0,100,1,0.05,0.3,0.5,0.56899,1.34616,0.00595
1,100,1,0.05,0.3,0.5,0.56899,1.34602,0.00621
2,100,1,0.05,0.3,0.5,0.56899,1.34589,0.00626
3,100,1,0.05,0.3,0.5,0.56899,1.34616,0.00617
4,100,1,0.05,0.3,0.5,0.56899,1.34621,0.00585
5,100,1,0.05,0.3,0.5,0.56899,1.34619,0.00575
6,100,1,0.05,0.3,0.5,0.56899,1.34627,0.00561
7,100,1,0.05,0.3,0.5,0.56899,1.34595,0.00617
8,100,1,0.05,0.3,0.5,0.56899,1.34568,0.00678
9,100,1,0.05,0.3,0.5,0.56899,1.34611,0.00626
10,100,1,0.05,0.3,0.5,0.56899,1.34605,0.0061
11,100,1,0.05,0.3,0.5,0.56899,1.34612,0.00591
12,100,1,0.05,0.3,0.5,0.56899,1.34591,0.00624
13,100,1,0.05,0.3,0.5,0.56899,1.34598,0.0063
14,100,1,0.05,0.3,0.5,0.56899,1.34607,0.00601
15,100,1,0.05,0.3,0.5,0.56899,1.34615,0.00592
16,100,1,0.05,0.3,0.5,0.56899,1.34588,0.00626
17,100,1,0.05,0.3,0.5,0.56899,1.34602,0.00633
18,100,1,0.05,0.3,0.5,0.56899,1.34601,0.00662
19,100,1,0.05,0.3,0.5,0.56899,1.34595,0.00623
20,100,1,0.05,0.3,0.5,0.56899,1.346,0.00638
21,100,1,0.05,0.3,0.5,0.56899,1.34587,0.00628
22,100,1,0.05,0.3,0.5,0.56899,1.34589,0.00621
23,100,1,0.05,0.3,0.5,0.56899,1.34611,0.00607
24,100,1,0.05,0.3,0.5,0.56899,1.34593,0.00623
25,100,1,0.05,0.3,0.5,0.56899,1.34601,0.00626
26,100,1,0.05,0.3,0.5,0.56899,1.3457,0.00683
27,100,1,0.05,0.3,0.5,0.56899,1.34636,0.0055
28,100,1,0.05,0.3,0.5,0.56899,1.3459,0.00627
29,100,1,0.05,0.3,0.5,0.56899,1.34623,0.00569
30,100,1,0.05,0.3,0.5,0.56899,1.34605,0.00608
31,100,1,0.05,0.3,0.5,0.56899,1.34622,0.00606
32,100,1,0.05,0.3,0.5,0.56899,1.34597,0.00638
33,100,1,0.05,0.3,0.5,0.56899,1.34588,0.00654
34,100,1,0.05,0.3,0.5,0.56899,1.3459,0.00641
35,100,1,0.05,0.3,0.5,0.56899,1.34593,0.00653
36,100,1,0.05,0.3,0.5,0.56899,1.34605,0.00625
37,100,1,0.05,0.3,0.5,0.56899,1.34599,0.00605
38,100,1,0.05,0.3,0.5,0.56899,1.34594,0.00637
39,100,1,0.05,0.3,0.5,0.56899,1.34625,0.00576
40,100,1,0.05,0.3,0.5,0.56899,1.34608,0.00597
41,100,1,0.05,0.3,0.5,0.56899,1.34626,0.00578
42,100,1,0.05,0.3,0.5,0.56899,1.34597,0.00638
43,100,1,0.05,0.3,0.5,0.56899,1.34614,0.00604
44,100,1,0.05,0.3,0.5,0.56899,1.34596,0.00622
45,100,1,0.05,0.3,0.5,0.56899,1.34575,0.0066
46,100,1,0.05,0.3,0.5,0.56899,1.34635,0.00556
47,100,1,0.05,0.3,0.5,0.56899,1.34626,0.00564
48,100,1,0.05,0.3,0.5,0.56899,1.34596,0.00631
49,100,1,0.05,0.3,0.5,0.56899,1.34592,0.00647
50,100,1,0.05,0.3,0.5,0.56899,1.34589,0.00641
51,100,1,0.05,0.3,0.5,0.56899,1.34589,0.00631
52,100,1,0.05,0.3,0.5,0.56899,1.34628,0.00605
53,100,1,0.05,0.3,0.5,0.56899,1.34593,0.0062
54,100,1,0.05,0.3,0.5,0.56899,1.34611,0.00588
55,100,1,0.05,0.3,0.5,0.56899,1.34622,0.00613
56,100,1,0.05,0.3,0.5,0.56899,1.34648,0.00584
57,100,1,0.05,0.3,0.5,0.56899,1.34642,0.00576
58,100,1,0.05,0.3,0.5,0.56899,1.34617,0.00584
59,100,1,0.05,0.3,0.5,0.56899,1.34595,0.0063
60,100,1,0.05,0.3,0.5,0.56899,1.34621,0.00566
61,100,1,0.05,0.3,0.5,0.56899,1.34595,0.00623
62,100,1,0.05,0.3,0.5,0.56899,1.34609,0.00608
63,100,1,0.05,0.3,0.5,0.56899,1.34586,0.00636
64,100,1,0.05,0.3,0.5,0.56899,1.34596,0.00619
65,100,1,0.05,0.3,0.5,0.56899,1.34592,0.00639
66,100,1,0.05,0.3,0.5,0.56899,1.34622,0.00597
67,100,1,0.05,0.3,0.5,0.56899,1.34606,0.00598
68,100,1,0.05,0.3,0.5,0.56899,1.34606,0.00611
69,100,1,0.05,0.3,0.5,0.56899,1.34626,0.00586
70,100,1,0.05,0.3,0.5,0.56899,1.34602,0.00611
71,100,1,0.05,0.3,0.5,0.56899,1.34585,0.00636
72,100,1,0.05,0.3,0.5,0.56899,1.34605,0.00608
73,100,1,0.05,0.3,0.5,0.56899,1.34611,0.00613
74,100,1,0.05,0.3,0.5,0.56899,1.34613,0.0061
75,100,1,0.05,0.3,0.5,0.56899,1.34599,0.00633
76,100,1,0.05,0.3,0.5,0.56899,1.34598,0.00628
77,100,1,0.05,0.3,0.5,0.56899,1.34616,0.00602
78,100,1,0.05,0.3,0.5,0.56899,1.34627,0.00577
79,100,1,0.05,0.3,0.5,0.56899,1.34625,0.00577
80,100,1,0.05,0.3,0.5,0.56899,1.34613,0.00587
81,100,1,0.05,0.3,0.5,0.56899,1.34603,0.0063
82,100,1,0.05,0.3,0.5,0.56899,1.34599,0.00608
83,100,1,0.05,0.3,0.5,0.56899,1.34602,0.00638
84,100,1,0.05,0.3,0.5,0.56899,1.34606,0.00607
85,100,1,0.05,0.3,0.5,0.56899,1.34601,0.00609
86,100,1,0.05,0.3,0.5,0.56899,1.34594,0.00621
87,100,1,0.05,0.3,0.5,0.56899,1.3462,0.00587
88,100,1,0.05,0.3,0.5,0.56899,1.34632,0.00567
89,100,1,0.05,0.3,0.5,0.56899,1.34615,0.00615
90,100,1,0.05,0.3,0.5,0.56899,1.34606,0.00595
91,100,1,0.05,0.3,0.5,0.56899,1.34584,0.0066
92,100,1,0.05,0.3,0.5,0.56899,1.34598,0.00644
93,100,1,0.05,0.3,0.5,0.56899,1.34601,0.00642
94,100,1,0.05,0.3,0.5,0.56899,1.34613,0.00593
95,100,1,0.05,0.3,0.5,0.56899,1.34597,0.00629
96,100,1,0.05,0.3,0.5,0.56899,1.34597,0.0064
97,100,1,0.05,0.3,0.5,0.56899,1.3461,0.00589
98,100,1,0.05,0.3,0.5,0.56899,1.34597,0.00626
99,100,1,0.05,0.3,0.5,0.56899,1.34619,0.00594
0,100,1,0.05,0.3,0.5,0.47149,1.34469,0.0085
1,100,1,0.05,0.3,0.5,0.47149,1.34448,0.00887
2,100,1,0.05,0.3,0.5,0.47149,1.3443,0.00894
3,100,1,0.05,0.3,0.5,0.47149,1.34469,0.00881
4,100,1,0.05,0.3,0.5,0.47149,1.34475,0.00838
5,100,1,0.05,0.3,0.5,0.47149,1.34473,0.00821
6,100,1,0.05,0.3,0.5,0.47149,1.34485,0.008
7,100,1,0.05,0.3,0.5,0.47149,1.34438,0.00881
8,100,1,0.05,0.3,0.5,0.47149,1.34399,0.00969
9,100,1,0.05,0.3,0.5,0.47149,1.34461,0.00894
10,100,1,0.05,0.3,0.5,0.47149,1.34453,0.00872
11,100,1,0.05,0.3,0.5,0.47149,1.34463,0.00843
12,100,1,0.05,0.3,0.5,0.47149,1.34433,0.00891
13,100,1,0.05,0.3,0.5,0.47149,1.34443,0.009
14,100,1,0.05,0.3,0.5,0.47149,1.34455,0.00859
15,100,1,0.05,0.3,0.5,0.47149,1.34467,0.00845
16,100,1,0.05,0.3,0.5,0.47149,1.34428,0.00894
17,100,1,0.05,0.3,0.5,0.47149,1.34449,0.00905
18,100,1,0.05,0.3,0.5,0.47149,1.34447,0.00947
19,100,1,0.05,0.3,0.5,0.47149,1.34439,0.0089
20,100,1,0.05,0.3,0.5,0.47149,1.34446,0.00913
21,100,1,0.05,0.3,0.5,0.47149,1.34427,0.00897
22,100,1,0.05,0.3,0.5,0.47149,1.3443,0.00886
23,100,1,0.05,0.3,0.5,0.47149,1.34461,0.00867
24,100,1,0.05,0.3,0.5,0.47149,1.34435,0.0089
25,100,1,0.05,0.3,0.5,0.47149,1.34448,0.00894
26,100,1,0.05,0.3,0.5,0.47149,1.34403,0.00976
27,100,1,0.05,0.3,0.5,0.47149,1.34497,0.00786
28,100,1,0.05,0.3,0.5,0.47149,1.34431,0.00896
29,100,1,0.05,0.3,0.5,0.47149,1.34479,0.00813
30,100,1,0.05,0.3,0.5,0.47149,1.34452,0.00868
31,100,1,0.05,0.3,0.5,0.47149,1.34477,0.00866
32,100,1,0.05,0.3,0.5,0.47149,1.3444,0.00912
33,100,1,0.05,0.3,0.5,0.47149,1.34429,0.00935
34,100,1,0.05,0.3,0.5,0.47149,1.34431,0.00916
35,100,1,0.05,0.3,0.5,0.47149,1.34435,0.00935
36,100,1,0.05,0.3,0.5,0.47149,1.34453,0.00893
37,100,1,0.05,0.3,0.5,0.47149,1.34444,0.00863
38,100,1,0.05,0.3,0.5,0.47149,1.34437,0.00911
39,100,1,0.05,0.3,0.5,0.47149,1.34482,0.00822
40,100,1,0.05,0.3,0.5,0.47149,1.34457,0.00852
41,100,1,0.05,0.3,0.5,0.47149,1.34483,0.00826
42,100,1,0.05,0.3,0.5,0.47149,1.34441,0.00912
43,100,1,0.05,0.3,0.5,0.47149,1.34465,0.00863
44,100,1,0.05,0.3,0.5,0.47149,1.3444,0.00888
45,100,1,0.05,0.3,0.5,0.47149,1.34409,0.00943
46,100,1,0.05,0.3,0.5,0.47149,1.34496,0.00794
47,100,1,0.05,0.3,0.5,0.47149,1.34483,0.00805
48,100,1,0.05,0.3,0.5,0.47149,1.3444,0.00901
49,100,1,0.05,0.3,0.5,0.47149,1.34434,0.00925
50,100,1,0.05,0.3,0.5,0.47149,1.3443,0.00915
51,100,1,0.05,0.3,0.5,0.47149,1.3443,0.00901
52,100,1,0.05,0.3,0.5,0.47149,1.34486,0.00866
53,100,1,0.05,0.3,0.5,0.47149,1.34436,0.00885
54,100,1,0.05,0.3,0.5,0.47149,1.34461,0.0084
55,100,1,0.05,0.3,0.5,0.47149,1.34477,0.00877
56,100,1,0.05,0.3,0.5,0.47149,1.34513,0.00837
57,100,1,0.05,0.3,0.5,0.47149,1.34506,0.00824
58,100,1,0.05,0.3,0.5,0.47149,1.34469,0.00834
59,100,1,0.05,0.3,0.5,0.47149,1.34439,0.009
60,100,1,0.05,0.3,0.5,0.47149,1.34477,0.00808
61,100,1,0.05,0.3,0.5,0.47149,1.34438,0.00889
62,100,1,0.05,0.3,0.5,0.47149,1.34459,0.00869
63,100,1,0.05,0.3,0.5,0.47149,1.34426,0.00909
64,100,1,0.05,0.3,0.5,0.47149,1.34439,0.00885
65,100,1,0.05,0.3,0.5,0.47149,1.34435,0.00913
66,100,1,0.05,0.3,0.5,0.47149,1.34477,0.00854
67,100,1,0.05,0.3,0.5,0.47149,1.34455,0.00853
68,100,1,0.05,0.3,0.5,0.47149,1.34454,0.00873
69,100,1,0.05,0.3,0.5,0.47149,1.34482,0.00838
70,100,1,0.05,0.3,0.5,0.47149,1.34448,0.00873
71,100,1,0.05,0.3,0.5,0.47149,1.34424,0.00907
72,100,1,0.05,0.3,0.5,0.47149,1.34453,0.00867
73,100,1,0.05,0.3,0.5,0.47149,1.34462,0.00876
74,100,1,0.05,0.3,0.5,0.47149,1.34463,0.00873
75,100,1,0.05,0.3,0.5,0.47149,1.34443,0.00906
76,100,1,0.05,0.3,0.5,0.47149,1.34443,0.00898
77,100,1,0.05,0.3,0.5,0.47149,1.34468,0.00861
78,100,1,0.05,0.3,0.5,0.47149,1.34484,0.00826
79,100,1,0.05,0.3,0.5,0.47149,1.34481,0.00825
80,100,1,0.05,0.3,0.5,0.47149,1.34464,0.00838
81,100,1,0.05,0.3,0.5,0.47149,1.34451,0.00899
82,100,1,0.05,0.3,0.5,0.47149,1.34444,0.00869
83,100,1,0.05,0.3,0.5,0.47149,1.34448,0.00912
84,100,1,0.05,0.3,0.5,0.47149,1.34454,0.00867
85,100,1,0.05,0.3,0.5,0.47149,1.34447,0.00871
86,100,1,0.05,0.3,0.5,0.47149,1.34437,0.00886
87,100,1,0.05,0.3,0.5,0.47149,1.34474,0.00838
88,100,1,0.05,0.3,0.5,0.47149,1.34492,0.0081
89,100,1,0.05,0.3,0.5,0.47149,1.34467,0.00879
90,100,1,0.05,0.3,0.5,0.47149,1.34454,0.0085
91,100,1,0.05,0.3,0.5,0.47149,1.34422,0.00944
92,100,1,0.05,0.3,0.5,0.47149,1.34443,0.00921
93,100,1,0.05,0.3,0.5,0.47149,1.34448,0.00918
94,100,1,0.05,0.3,0.5,0.47149,1.34464,0.00846
95,100,1,0.05,0.3,0.5,0.47149,1.34441,0.00898
96,100,1,0.05,0.3,0.5,0.47149,1.3444,0.00914
97,100,1,0.05,0.3,0.5,0.47149,1.3446,0.0084
98,100,1,0.05,0.3,0.5,0.47149,1.34441,0.00895
99,100,1,0.05,0.3,0.5,0.47149,1.34473,0.00849
0,100,1,0.05,0.3,0.5,0.39069,1.3426,0.01194
1,100,1,0.05,0.3,0.5,0.39069,1.3423,0.01248
2,100,1,0.05,0.3,0.5,0.39069,1.34206,0.01255
3,100,1,0.05,0.3,0.5,0.39069,1.34261,0.01238
4,100,1,0.05,0.3,0.5,0.39069,1.34268,0.01178
5,100,1,0.05,0.3,0.5,0.39069,1.34266,0.0115
6,100,1,0.05,0.3,0.5,0.39069,1.34284,0.0112
7,100,1,0.05,0.3,0.5,0.39069,1.34217,0.01236
8,100,1,0.05,0.3,0.5,0.39069,1.34161,0.01363
9,100,1,0.05,0.3,0.5,0.39069,1.3425,0.01257
10,100,1,0.05,0.3,0.5,0.39069,1.34238,0.01224
11,100,1,0.05,0.3,0.5,0.39069,1.34252,0.01183
12,100,1,0.05,0.3,0.5,0.39069,1.34209,0.01252
13,100,1,0.05,0.3,0.5,0.39069,1.34224,0.01264
14,100,1,0.05,0.3,0.5,0.39069,1.3424,0.01206
15,100,1,0.05,0.3,0.5,0.39069,1.34259,0.01185
16,100,1,0.05,0.3,0.5,0.39069,1.34203,0.01255
17,100,1,0.05,0.3,0.5,0.39069,1.34231,0.01274
18,100,1,0.05,0.3,0.5,0.39069,1.3423,0.01335
19,100,1,0.05,0.3,0.5,0.39069,1.34218,0.01249
20,100,1,0.05,0.3,0.5,0.39069,1.34227,0.01284
21,100,1,0.05,0.3,0.5,0.39069,1.34201,0.01259
22,100,1,0.05,0.3,0.5,0.39069,1.34205,0.01243
23,100,1,0.05,0.3,0.5,0.39069,1.34249,0.01217
24,100,1,0.05,0.3,0.5,0.39069,1.34212,0.0125
25,100,1,0.05,0.3,0.5,0.39069,1.3423,0.01256
26,100,1,0.05,0.3,0.5,0.39069,1.34166,0.01373
27,100,1,0.05,0.3,0.5,0.39069,1.34301,0.01101
28,100,1,0.05,0.3,0.5,0.39069,1.34206,0.01259
29,100,1,0.05,0.3,0.5,0.39069,1.34275,0.01139
30,100,1,0.05,0.3,0.5,0.39069,1.34237,0.01218
31,100,1,0.05,0.3,0.5,0.39069,1.34273,0.01217
32,100,1,0.05,0.3,0.5,0.39069,1.34219,0.01283
33,100,1,0.05,0.3,0.5,0.39069,1.34203,0.01316
34,100,1,0.05,0.3,0.5,0.39069,1.34207,0.01288
35,100,1,0.05,0.3,0.5,0.39069,1.34211,0.0132
36,100,1,0.05,0.3,0.5,0.39069,1.34238,0.01255
37,100,1,0.05,0.3,0.5,0.39069,1.34225,0.0121
38,100,1,0.05,0.3,0.5,0.39069,1.34215,0.01281
39,100,1,0.05,0.3,0.5,0.39069,1.34279,0.01154
40,100,1,0.05,0.3,0.5,0.39069,1.34244,0.01195
41,100,1,0.05,0.3,0.5,0.39069,1.34281,0.01158
42,100,1,0.05,0.3,0.5,0.39069,1.34221,0.01283
43,100,1,0.05,0.3,0.5,0.39069,1.34255,0.01213
44,100,1,0.05,0.3,0.5,0.39069,1.34219,0.01247
45,100,1,0.05,0.3,0.5,0.39069,1.34175,0.01325
46,100,1,0.05,0.3,0.5,0.39069,1.34299,0.01113
47,100,1,0.05,0.3,0.5,0.39069,1.34282,0.01128
48,100,1,0.05,0.3,0.5,0.39069,1.34219,0.01266
49,100,1,0.05,0.3,0.5,0.39069,1.34211,0.01301
50,100,1,0.05,0.3,0.5,0.39069,1.34205,0.01286
51,100,1,0.05,0.3,0.5,0.39069,1.34206,0.01266
52,100,1,0.05,0.3,0.5,0.39069,1.34284,0.01218
53,100,1,0.05,0.3,0.5,0.39069,1.34214,0.01242
54,100,1,0.05,0.3,0.5,0.39069,1.3425,0.01177
55,100,1,0.05,0.3,0.5,0.39069,1.34272,0.01234
56,100,1,0.05,0.3,0.5,0.39069,1.34322,0.0118
57,100,1,0.05,0.3,0.5,0.39069,1.34313,0.01159
58,100,1,0.05,0.3,0.5,0.39069,1.34261,0.0117
59,100,1,0.05,0.3,0.5,0.39069,1.34217,0.01265
60,100,1,0.05,0.3,0.5,0.39069,1.34272,0.01132
61,100,1,0.05,0.3,0.5,0.39069,1.34217,0.01247
62,100,1,0.05,0.3,0.5,0.39069,1.34246,0.0122
63,100,1,0.05,0.3,0.5,0.39069,1.34199,0.01277
64,100,1,0.05,0.3,0.5,0.39069,1.34218,0.01242
65,100,1,0.05,0.3,0.5,0.39069,1.34212,0.01284
66,100,1,0.05,0.3,0.5,0.39069,1.34272,0.01201
67,100,1,0.05,0.3,0.5,0.39069,1.3424,0.01196
68,100,1,0.05,0.3,0.5,0.39069,1.34238,0.01228
69,100,1,0.05,0.3,0.5,0.39069,1.3428,0.01178
70,100,1,0.05,0.3,0.5,0.39069,1.34229,0.01226
71,100,1,0.05,0.3,0.5,0.39069,1.34197,0.01274
72,100,1,0.05,0.3,0.5,0.39069,1.34239,0.01217
73,100,1,0.05,0.3,0.5,0.39069,1.34251,0.0123
74,100,1,0.05,0.3,0.5,0.39069,1.34251,0.01229
75,100,1,0.05,0.3,0.5,0.39069,1.34222,0.01276
76,100,1,0.05,0.3,0.5,0.39069,1.34223,0.01263
77,100,1,0.05,0.3,0.5,0.39069,1.34259,0.0121
78,100,1,0.05,0.3,0.5,0.39069,1.34281,0.01161
79,100,1,0.05,0.3,0.5,0.39069,1.34278,0.01157
80,100,1,0.05,0.3,0.5,0.39069,1.34253,0.01174
81,100,1,0.05,0.3,0.5,0.39069,1.34235,0.01264
82,100,1,0.05,0.3,0.5,0.39069,1.34225,0.01218
83,100,1,0.05,0.3,0.5,0.39069,1.34231,0.01284
84,100,1,0.05,0.3,0.5,0.39069,1.3424,0.01216
85,100,1,0.05,0.3,0.5,0.39069,1.34229,0.01222
86,100,1,0.05,0.3,0.5,0.39069,1.34215,0.01244
87,100,1,0.05,0.3,0.5,0.39069,1.34267,0.01176
88,100,1,0.05,0.3,0.5,0.39069,1.34294,0.01137
89,100,1,0.05,0.3,0.5,0.39069,1.34257,0.01237
90,100,1,0.05,0.3,0.5,0.39069,1.34239,0.01192
91,100,1,0.05,0.3,0.5,0.39069,1.34193,0.01329
92,100,1,0.05,0.3,0.5,0.39069,1.34224,0.01297
93,100,1,0.05,0.3,0.5,0.39069,1.34231,0.01291
94,100,1,0.05,0.3,0.5,0.39069,1.34254,0.01187
95,100,1,0.05,0.3,0.5,0.39069,1.34221,0.01262
96,100,1,0.05,0.3,0.5,0.39069,1.3422,0.01286
97,100,1,0.05,0.3,0.5,0.39069,1.34248,0.01176
98,100,1,0.05,0.3,0.5,0.39069,1.34221,0.01257
99,100,1,0.05,0.3,0.5,0.39069,1.34265,0.01193
0,100,1,0.05,0.3,0.5,0.32375,1.33968,0.01625
1,100,1,0.05,0.3,0.5,0.32375,1.33925,0.01702
2,100,1,0.05,0.3,0.5,0.32375,1.33891,0.01708
3,100,1,0.05,0.3,0.5,0.32375,1.33969,0.01688
4,100,1,0.05,0.3,0.5,0.32375,1.33977,0.01606
5,100,1,0.05,0.3,0.5,0.32375,1.33977,0.01559
6,100,1,0.05,0.3,0.5,0.32375,1.34002,0.01515
7,100,1,0.05,0.3,0.5,0.32375,1.33907,0.0168
8,100,1,0.05,0.3,0.5,0.32375,1.33827,0.01863
9,100,1,0.05,0.3,0.5,0.32375,1.33954,0.01716
10,100,1,0.05,0.3,0.5,0.32375,1.33937,0.01666
11,100,1,0.05,0.3,0.5,0.32375,1.33957,0.01607
12,100,1,0.05,0.3,0.5,0.32375,1.33896,0.01704
13,100,1,0.05,0.3,0.5,0.32375,1.33917,0.01722
14,100,1,0.05,0.3,0.5,0.32375,1.3394,0.01641
15,100,1,0.05,0.3,0.5,0.32375,1.33967,0.01609
16,100,1,0.05,0.3,0.5,0.32375,1.33886,0.01708
17,100,1,0.05,0.3,0.5,0.32375,1.33927,0.01741
18,100,1,0.05,0.3,0.5,0.32375,1.33926,0.01831
19,100,1,0.05,0.3,0.5,0.32375,1.33908,0.01701
20,100,1,0.05,0.3,0.5,0.32375,1.33921,0.01756
21,100,1,0.05,0.3,0.5,0.32375,1.33884,0.01713
22,100,1,0.05,0.3,0.5,0.32375,1.3389,0.01689
23,100,1,0.05,0.3,0.5,0.32375,1.33951,0.01657
24,100,1,0.05,0.3,0.5,0.32375,1.339,0.01702
25,100,1,0.05,0.3,0.5,0.32375,1.33926,0.01713
26,100,1,0.05,0.3,0.5,0.32375,1.33834,0.01879
27,100,1,0.05,0.3,0.5,0.32375,1.34025,0.01491
28,100,1,0.05,0.3,0.5,0.32375,1.33891,0.01714
29,100,1,0.05,0.3,0.5,0.32375,1.33989,0.01542
30,100,1,0.05,0.3,0.5,0.32375,1.33934,0.01658
31,100,1,0.05,0.3,0.5,0.32375,1.33987,0.0166
32,100,1,0.05,0.3,0.5,0.32375,1.33908,0.01754
33,100,1,0.05,0.3,0.5,0.32375,1.33886,0.018
34,100,1,0.05,0.3,0.5,0.32375,1.33892,0.01758
35,100,1,0.05,0.3,0.5,0.32375,1.33895,0.01811
36,100,1,0.05,0.3,0.5,0.32375,1.33937,0.01711
37,100,1,0.05,0.3,0.5,0.32375,1.33919,0.01643
38,100,1,0.05,0.3,0.5,0.32375,1.33903,0.01749
39,100,1,0.05,0.3,0.5,0.32375,1.33995,0.01567
40,100,1,0.05,0.3,0.5,0.32375,1.33946,0.01623
41,100,1,0.05,0.3,0.5,0.32375,1.33998,0.01573
42,100,1,0.05,0.3,0.5,0.32375,1.33912,0.01752
43,100,1,0.05,0.3,0.5,0.32375,1.33961,0.01652
44,100,1,0.05,0.3,0.5,0.32375,1.33909,0.01698
45,100,1,0.05,0.3,0.5,0.32375,1.33846,0.01808
46,100,1,0.05,0.3,0.5,0.32375,1.34024,0.01508
47,100,1,0.05,0.3,0.5,0.32375,1.33999,0.01528
48,100,1,0.05,0.3,0.5,0.32375,1.33909,0.01728
49,100,1,0.05,0.3,0.5,0.32375,1.33897,0.01778
50,100,1,0.05,0.3,0.5,0.32375,1.33889,0.01755
51,100,1,0.05,0.3,0.5,0.32375,1.3389,0.01723
52,100,1,0.05,0.3,0.5,0.32375,1.34001,0.01665
53,100,1,0.05,0.3,0.5,0.32375,1.33903,0.01688
54,100,1,0.05,0.3,0.5,0.32375,1.33954,0.01596
55,100,1,0.05,0.3,0.5,0.32375,1.33984,0.01688
56,100,1,0.05,0.3,0.5,0.32375,1.34054,0.01618
57,100,1,0.05,0.3,0.5,0.32375,1.34043,0.0158
58,100,1,0.05,0.3,0.5,0.32375,1.33969,0.01588
59,100,1,0.05,0.3,0.5,0.32375,1.33907,0.01725
60,100,1,0.05,0.3,0.5,0.32375,1.33985,0.01532
61,100,1,0.05,0.3,0.5,0.32375,1.33908,0.01697
62,100,1,0.05,0.3,0.5,0.32375,1.33947,0.01661
63,100,1,0.05,0.3,0.5,0.32375,1.3388,0.01741
64,100,1,0.05,0.3,0.5,0.32375,1.33909,0.0169
65,100,1,0.05,0.3,0.5,0.32375,1.33901,0.01751
66,100,1,0.05,0.3,0.5,0.32375,1.33983,0.01639
67,100,1,0.05,0.3,0.5,0.32375,1.3394,0.01624
68,100,1,0.05,0.3,0.5,0.32375,1.33936,0.01674
69,100,1,0.05,0.3,0.5,0.32375,1.33996,0.01603
70,100,1,0.05,0.3,0.5,0.32375,1.33923,0.01668
71,100,1,0.05,0.3,0.5,0.32375,1.33879,0.01734
72,100,1,0.05,0.3,0.5,0.32375,1.33938,0.01655
73,100,1,0.05,0.3,0.5,0.32375,1.33955,0.01675
74,100,1,0.05,0.3,0.5,0.32375,1.33953,0.0168
75,100,1,0.05,0.3,0.5,0.32375,1.33912,0.01746
76,100,1,0.05,0.3,0.5,0.32375,1.33914,0.01723
77,100,1,0.05,0.3,0.5,0.32375,1.33966,0.01649
78,100,1,0.05,0.3,0.5,0.32375,1.33995,0.01581
79,100,1,0.05,0.3,0.5,0.32375,1.33993,0.01571
80,100,1,0.05,0.3,0.5,0.32375,1.33958,0.01593
81,100,1,0.05,0.3,0.5,0.32375,1.33933,0.01724
82,100,1,0.05,0.3,0.5,0.32375,1.33918,0.01655
83,100,1,0.05,0.3,0.5,0.32375,1.33926,0.01756
84,100,1,0.05,0.3,0.5,0.32375,1.3394,0.01652
85,100,1,0.05,0.3,0.5,0.32375,1.33923,0.01662
86,100,1,0.05,0.3,0.5,0.32375,1.33904,0.01692
87,100,1,0.05,0.3,0.5,0.32375,1.33978,0.01599
88,100,1,0.05,0.3,0.5,0.32375,1.34015,0.01544
89,100,1,0.05,0.3,0.5,0.32375,1.33962,0.01691
90,100,1,0.05,0.3,0.5,0.32375,1.33937,0.01619
91,100,1,0.05,0.3,0.5,0.32375,1.33872,0.01818
92,100,1,0.05,0.3,0.5,0.32375,1.33916,0.01774
93,100,1,0.05,0.3,0.5,0.32375,1.33926,0.01766
94,100,1,0.05,0.3,0.5,0.32375,1.3396,0.01612
95,100,1,0.05,0.3,0.5,0.32375,1.33913,0.01719
96,100,1,0.05,0.3,0.5,0.32375,1.3391,0.01757
97,100,1,0.05,0.3,0.5,0.32375,1.33951,0.01594
98,100,1,0.05,0.3,0.5,0.32375,1.33912,0.01713
99,100,1,0.05,0.3,0.5,0.32375,1.33974,0.01626
0,100,1,0.05,0.3,0.5,0.26827,1.33563,0.02108
1,100,1,0.05,0.3,0.5,0.26827,1.33501,0.02217
2,100,1,0.05,0.3,0.5,0.26827,1.33454,0.02216
3,100,1,0.05,0.3,0.5,0.26827,1.33566,0.02203
4,100,1,0.05,0.3,0.5,0.26827,1.33572,0.02087
5,100,1,0.05,0.3,0.5,0.26827,1.33575,0.02006
6,100,1,0.05,0.3,0.5,0.26827,1.33612,0.01942
7,100,1,0.05,0.3,0.5,0.26827,1.33478,0.02175
8,100,1,0.05,0.3,0.5,0.26827,1.33364,0.02439
9,100,1,0.05,0.3,0.5,0.26827,1.33544,0.02243
10,100,1,0.05,0.3,0.5,0.26827,1.33519,0.02162
11,100,1,0.05,0.3,0.5,0.26827,1.33548,0.02076
12,100,1,0.05,0.3,0.5,0.26827,1.33461,0.02211
13,100,1,0.05,0.3,0.5,0.26827,1.33491,0.02243
14,100,1,0.05,0.3,0.5,0.26827,1.33522,0.02126
15,100,1,0.05,0.3,0.5,0.26827,1.33562,0.02081
16,100,1,0.05,0.3,0.5,0.26827,1.33446,0.02214
17,100,1,0.05,0.3,0.5,0.26827,1.33504,0.02278
18,100,1,0.05,0.3,0.5,0.26827,1.33505,0.02413
19,100,1,0.05,0.3,0.5,0.26827,1.33479,0.02209
20,100,1,0.05,0.3,0.5,0.26827,1.33497,0.023
21,100,1,0.05,0.3,0.5,0.26827,1.33444,0.02221
22,100,1,0.05,0.3,0.5,0.26827,1.33453,0.02186
23,100,1,0.05,0.3,0.5,0.26827,1.33538,0.02152
24,100,1,0.05,0.3,0.5,0.26827,1.33466,0.02209
25,100,1,0.05,0.3,0.5,0.26827,1.33503,0.02232
26,100,1,0.05,0.3,0.5,0.26827,1.33374,0.02465
27,100,1,0.05,0.3,0.5,0.26827,1.33643,0.01914
28,100,1,0.05,0.3,0.5,0.26827,1.33453,0.02226
29,100,1,0.05,0.3,0.5,0.26827,1.33593,0.01982
30,100,1,0.05,0.3,0.5,0.26827,1.33514,0.02149
31,100,1,0.05,0.3,0.5,0.26827,1.33591,0.02164
32,100,1,0.05,0.3,0.5,0.26827,1.33475,0.02294
33,100,1,0.05,0.3,0.5,0.26827,1.33447,0.02359
34,100,1,0.05,0.3,0.5,0.26827,1.33454,0.02295
35,100,1,0.05,0.3,0.5,0.26827,1.33457,0.02386
36,100,1,0.05,0.3,0.5,0.26827,1.3352,0.02231
37,100,1,0.05,0.3,0.5,0.26827,1.33493,0.02119
38,100,1,0.05,0.3,0.5,0.26827,1.33471,0.02284
39,100,1,0.05,0.3,0.5,0.26827,1.33599,0.02024
40,100,1,0.05,0.3,0.5,0.26827,1.33532,0.02096
41,100,1,0.05,0.3,0.5,0.26827,1.33607,0.02032
42,100,1,0.05,0.3,0.5,0.26827,1.33484,0.0229
43,100,1,0.05,0.3,0.5,0.26827,1.33552,0.02148
44,100,1,0.05,0.3,0.5,0.26827,1.3348,0.02204
45,100,1,0.05,0.3,0.5,0.26827,1.3339,0.0236
46,100,1,0.05,0.3,0.5,0.26827,1.33641,0.01939
47,100,1,0.05,0.3,0.5,0.26827,1.33607,0.01962
48,100,1,0.05,0.3,0.5,0.26827,1.33479,0.02251
49,100,1,0.05,0.3,0.5,0.26827,1.33461,0.02326
50,100,1,0.05,0.3,0.5,0.26827,1.33451,0.02287
51,100,1,0.05,0.3,0.5,0.26827,1.33453,0.02238
52,100,1,0.05,0.3,0.5,0.26827,1.33607,0.02178
53,100,1,0.05,0.3,0.5,0.26827,1.33471,0.02186
54,100,1,0.05,0.3,0.5,0.26827,1.33543,0.02056
55,100,1,0.05,0.3,0.5,0.26827,1.33585,0.02211
56,100,1,0.05,0.3,0.5,0.26827,1.33681,0.02126
57,100,1,0.05,0.3,0.5,0.26827,1.33667,0.02058
58,100,1,0.05,0.3,0.5,0.26827,1.33564,0.0205
59,100,1,0.05,0.3,0.5,0.26827,1.33476,0.02248
60,100,1,0.05,0.3,0.5,0.26827,1.33587,0.01966
61,100,1,0.05,0.3,0.5,0.26827,1.33478,0.02202
62,100,1,0.05,0.3,0.5,0.26827,1.33533,0.02157
63,100,1,0.05,0.3,0.5,0.26827,1.33438,0.02265
64,100,1,0.05,0.3,0.5,0.26827,1.33479,0.02193
65,100,1,0.05,0.3,0.5,0.26827,1.33469,0.02285
66,100,1,0.05,0.3,0.5,0.26827,1.33583,0.02136
67,100,1,0.05,0.3,0.5,0.26827,1.33523,0.02097
68,100,1,0.05,0.3,0.5,0.26827,1.33514,0.02179
69,100,1,0.05,0.3,0.5,0.26827,1.33601,0.02082
70,100,1,0.05,0.3,0.5,0.26827,1.33497,0.02164
71,100,1,0.05,0.3,0.5,0.26827,1.33437,0.02253
72,100,1,0.05,0.3,0.5,0.26827,1.33521,0.02145
73,100,1,0.05,0.3,0.5,0.26827,1.33544,0.02178
74,100,1,0.05,0.3,0.5,0.26827,1.33538,0.02196
75,100,1,0.05,0.3,0.5,0.26827,1.33479,0.02286
76,100,1,0.05,0.3,0.5,0.26827,1.33486,0.02247
77,100,1,0.05,0.3,0.5,0.26827,1.33559,0.02146
78,100,1,0.05,0.3,0.5,0.26827,1.33598,0.02052
79,100,1,0.05,0.3,0.5,0.26827,1.33598,0.0203
80,100,1,0.05,0.3,0.5,0.26827,1.33549,0.02053
81,100,1,0.05,0.3,0.5,0.26827,1.33514,0.02249
82,100,1,0.05,0.3,0.5,0.26827,1.33493,0.02139
83,100,1,0.05,0.3,0.5,0.26827,1.33504,0.02299
84,100,1,0.05,0.3,0.5,0.26827,1.33524,0.02139
85,100,1,0.05,0.3,0.5,0.26827,1.33499,0.02153
86,100,1,0.05,0.3,0.5,0.26827,1.33472,0.02194
87,100,1,0.05,0.3,0.5,0.26827,1.33576,0.02068
88,100,1,0.05,0.3,0.5,0.26827,1.33628,0.01993
89,100,1,0.05,0.3,0.5,0.26827,1.33552,0.02211
90,100,1,0.05,0.3,0.5,0.26827,1.33519,0.0209
91,100,1,0.05,0.3,0.5,0.26827,1.33425,0.02383
92,100,1,0.05,0.3,0.5,0.26827,1.33489,0.02326
93,100,1,0.05,0.3,0.5,0.26827,1.33505,0.02313
94,100,1,0.05,0.3,0.5,0.26827,1.33552,0.02083
95,100,1,0.05,0.3,0.5,0.26827,1.33485,0.02237
96,100,1,0.05,0.3,0.5,0.26827,1.33481,0.02297
97,100,1,0.05,0.3,0.5,0.26827,1.3354,0.02051
98,100,1,0.05,0.3,0.5,0.26827,1.33484,0.0223
99,100,1,0.05,0.3,0.5,0.26827,1.33569,0.02113
0,100,1,0.05,0.3,0.5,0.2223,1.33008,0.02575
1,100,1,0.05,0.3,0.5,0.2223,1.3292,0.02726
2,100,1,0.05,0.3,0.5,0.2223,1.32856,0.02702
3,100,1,0.05,0.3,0.5,0.2223,1.33015,0.02723
4,100,1,0.05,0.3,0.5,0.2223,1.33015,0.02554
5,100,1,0.05,0.3,0.5,0.2223,1.33025,0.02409
6,100,1,0.05,0.3,0.5,0.2223,1.33077,0.02318
7,100,1,0.05,0.3,0.5,0.2223,1.32891,0.02643
8,100,1,0.05,0.3,0.5,0.2223,1.32731,0.03026
9,100,1,0.05,0.3,0.5,0.2223,1.32984,0.02777
10,100,1,0.05,0.3,0.5,0.2223,1.32947,0.02642
11,100,1,0.05,0.3,0.5,0.2223,1.32988,0.02514
12,100,1,0.05,0.3,0.5,0.2223,1.32865,0.02698
13,100,1,0.05,0.3,0.5,0.2223,1.32909,0.02759
14,100,1,0.05,0.3,0.5,0.2223,1.3295,0.02588
15,100,1,0.05,0.3,0.5,0.2223,1.3301,0.02526
16,100,1,0.05,0.3,0.5,0.2223,1.32845,0.02696
17,100,1,0.05,0.3,0.5,0.2223,1.32925,0.02825
18,100,1,0.05,0.3,0.5,0.2223,1.3293,0.03035
19,100,1,0.05,0.3,0.5,0.2223,1.32892,0.02701
20,100,1,0.05,0.3,0.5,0.2223,1.32916,0.02857
21,100,1,0.05,0.3,0.5,0.2223,1.32843,0.02707
22,100,1,0.05,0.3,0.5,0.2223,1.32856,0.02652
23,100,1,0.05,0.3,0.5,0.2223,1.32972,0.02632
24,100,1,0.05,0.3,0.5,0.2223,1.32873,0.02697
25,100,1,0.05,0.3,0.5,0.2223,1.32925,0.02749
26,100,1,0.05,0.3,0.5,0.2223,1.32745,0.03072
27,100,1,0.05,0.3,0.5,0.2223,1.33119,0.02293
28,100,1,0.05,0.3,0.5,0.2223,1.32854,0.02721
29,100,1,0.05,0.3,0.5,0.2223,1.33051,0.02377
30,100,1,0.05,0.3,0.5,0.2223,1.3294,0.02621
31,100,1,0.05,0.3,0.5,0.2223,1.3305,0.02671
32,100,1,0.05,0.3,0.5,0.2223,1.32882,0.02841
33,100,1,0.05,0.3,0.5,0.2223,1.32846,0.02932
34,100,1,0.05,0.3,0.5,0.2223,1.32855,0.02833
35,100,1,0.05,0.3,0.5,0.2223,1.32855,0.02993
36,100,1,0.05,0.3,0.5,0.2223,1.3295,0.02751
37,100,1,0.05,0.3,0.5,0.2223,1.32912,0.02558
38,100,1,0.05,0.3,0.5,0.2223,1.32879,0.02822
39,100,1,0.05,0.3,0.5,0.2223,1.33058,0.02454
40,100,1,0.05,0.3,0.5,0.2223,1.32966,0.02537
41,100,1,0.05,0.3,0.5,0.2223,1.33072,0.02465
42,100,1,0.05,0.3,0.5,0.2223,1.329,0.02834
43,100,1,0.05,0.3,0.5,0.2223,1.32993,0.02634
44,100,1,0.05,0.3,0.5,0.2223,1.32892,0.02693
45,100,1,0.05,0.3,0.5,0.2223,1.32766,0.02911
46,100,1,0.05,0.3,0.5,0.2223,1.33117,0.02331
47,100,1,0.05,0.3,0.5,0.2223,1.3307,0.02352
48,100,1,0.05,0.3,0.5,0.2223,1.3289,0.02771
49,100,1,0.05,0.3,0.5,0.2223,1.32864,0.02884
50,100,1,0.05,0.3,0.5,0.2223,1.32852,0.02816
51,100,1,0.05,0.3,0.5,0.2223,1.32855,0.02738
52,100,1,0.05,0.3,0.5,0.2223,1.33069,0.02705
53,100,1,0.05,0.3,0.5,0.2223,1.3288,0.02658
54,100,1,0.05,0.3,0.5,0.2223,1.32981,0.02476
55,100,1,0.05,0.3,0.5,0.2223,1.33038,0.0275
56,100,1,0.05,0.3,0.5,0.2223,1.33168,0.02664
57,100,1,0.05,0.3,0.5,0.2223,1.33153,0.02536
58,100,1,0.05,0.3,0.5,0.2223,1.3301,0.02479
59,100,1,0.05,0.3,0.5,0.2223,1.32886,0.02765
60,100,1,0.05,0.3,0.5,0.2223,1.33043,0.0235
61,100,1,0.05,0.3,0.5,0.2223,1.32891,0.02687
62,100,1,0.05,0.3,0.5,0.2223,1.32967,0.02638
63,100,1,0.05,0.3,0.5,0.2223,1.32832,0.02776
64,100,1,0.05,0.3,0.5,0.2223,1.3289,0.02677
65,100,1,0.05,0.3,0.5,0.2223,1.32878,0.0282
66,100,1,0.05,0.3,0.5,0.2223,1.33034,0.02631
67,100,1,0.05,0.3,0.5,0.2223,1.32953,0.02538
68,100,1,0.05,0.3,0.5,0.2223,1.32937,0.02674
69,100,1,0.05,0.3,0.5,0.2223,1.33062,0.02549
70,100,1,0.05,0.3,0.5,0.2223,1.32914,0.02639
71,100,1,0.05,0.3,0.5,0.2223,1.32833,0.02754
72,100,1,0.05,0.3,0.5,0.2223,1.3295,0.02612
73,100,1,0.05,0.3,0.5,0.2223,1.32983,0.02674
74,100,1,0.05,0.3,0.5,0.2223,1.32969,0.02718
75,100,1,0.05,0.3,0.5,0.2223,1.32886,0.02836
76,100,1,0.05,0.3,0.5,0.2223,1.32899,0.0277
77,100,1,0.05,0.3,0.5,0.2223,1.33002,0.02635
78,100,1,0.05,0.3,0.5,0.2223,1.33052,0.02506
79,100,1,0.05,0.3,0.5,0.2223,1.33058,0.02461
80,100,1,0.05,0.3,0.5,0.2223,1.32988,0.02476
81,100,1,0.05,0.3,0.5,0.2223,1.32943,0.02777
82,100,1,0.05,0.3,0.5,0.2223,1.3291,0.02593
83,100,1,0.05,0.3,0.5,0.2223,1.32926,0.02857
84,100,1,0.05,0.3,0.5,0.2223,1.32956,0.02603
85,100,1,0.05,0.3,0.5,0.2223,1.32917,0.02621
86,100,1,0.05,0.3,0.5,0.2223,1.32882,0.02675
87,100,1,0.05,0.3,0.5,0.2223,1.33026,0.02513
88,100,1,0.05,0.3,0.5,0.2223,1.33099,0.02415
89,100,1,0.05,0.3,0.5,0.2223,1.3299,0.02739
90,100,1,0.05,0.3,0.5,0.2223,1.32947,0.02526
91,100,1,0.05,0.3,0.5,0.2223,1.32814,0.02964
92,100,1,0.05,0.3,0.5,0.2223,1.32905,0.02897
93,100,1,0.05,0.3,0.5,0.2223,1.32929,0.02878
94,100,1,0.05,0.3,0.5,0.2223,1.32995,0.02526
95,100,1,0.05,0.3,0.5,0.2223,1.32901,0.02747
96,100,1,0.05,0.3,0.5,0.2223,1.32893,0.02846
97,100,1,0.05,0.3,0.5,0.2223,1.32977,0.02465
98,100,1,0.05,0.3,0.5,0.2223,1.32898,0.02738
99,100,1,0.05,0.3,0.5,0.2223,1.33015,0.02588
0,100,1,0.05,0.3,0.5,0.18421,1.32263,0.02947
1,100,1,0.05,0.3,0.5,0.18421,1.32139,0.03151
2,100,1,0.05,0.3,0.5,0.18421,1.32053,0.03072
3,100,1,0.05,0.3,0.5,0.18421,1.32277,0.03188
4,100,1,0.05,0.3,0.5,0.18421,1.32264,0.02932
5,100,1,0.05,0.3,0.5,0.18421,1.32286,0.0267
6,100,1,0.05,0.3,0.5,0.18421,1.32359,0.02538
7,100,1,0.05,0.3,0.5,0.18421,1.32102,0.02987
8,100,1,0.05,0.3,0.5,0.18421,1.31881,0.03542
9,100,1,0.05,0.3,0.5,0.18421,1.32233,0.03261
10,100,1,0.05,0.3,0.5,0.18421,1.32178,0.0302
11,100,1,0.05,0.3,0.5,0.18421,1.32235,0.0283
12,100,1,0.05,0.3,0.5,0.18421,1.32065,0.0307
13,100,1,0.05,0.3,0.5,0.18421,1.32128,0.03195
14,100,1,0.05,0.3,0.5,0.18421,1.32181,0.02938
15,100,1,0.05,0.3,0.5,0.18421,1.32267,0.02858
16,100,1,0.05,0.3,0.5,0.18421,1.32036,0.03054
17,100,1,0.05,0.3,0.5,0.18421,1.32148,0.03319
18,100,1,0.05,0.3,0.5,0.18421,1.3216,0.03656
19,100,1,0.05,0.3,0.5,0.18421,1.32105,0.03089
20,100,1,0.05,0.3,0.5,0.18421,1.32137,0.0337
21,100,1,0.05,0.3,0.5,0.18421,1.32035,0.03071
22,100,1,0.05,0.3,0.5,0.18421,1.32054,0.02986
23,100,1,0.05,0.3,0.5,0.18421,1.32211,0.0302
24,100,1,0.05,0.3,0.5,0.18421,1.32075,0.03073
25,100,1,0.05,0.3,0.5,0.18421,1.32148,0.03188
26,100,1,0.05,0.3,0.5,0.18421,1.31901,0.0363
27,100,1,0.05,0.3,0.5,0.18421,1.32414,0.02534
28,100,1,0.05,0.3,0.5,0.18421,1.32047,0.03105
29,100,1,0.05,0.3,0.5,0.18421,1.32322,0.02629
30,100,1,0.05,0.3,0.5,0.18421,1.32168,0.02983
31,100,1,0.05,0.3,0.5,0.18421,1.32325,0.03122
32,100,1,0.05,0.3,0.5,0.18421,1.32084,0.03328
33,100,1,0.05,0.3,0.5,0.18421,1.32039,0.03454
34,100,1,0.05,0.3,0.5,0.18421,1.3205,0.03296
35,100,1,0.05,0.3,0.5,0.18421,1.32044,0.03579
36,100,1,0.05,0.3,0.5,0.18421,1.32185,0.03199
37,100,1,0.05,0.3,0.5,0.18421,1.3213,0.02853
38,100,1,0.05,0.3,0.5,0.18421,1.32083,0.03289
39,100,1,0.05,0.3,0.5,0.18421,1.3233,0.02774
40,100,1,0.05,0.3,0.5,0.18421,1.32206,0.02853
41,100,1,0.05,0.3,0.5,0.18421,1.32353,0.02793
42,100,1,0.05,0.3,0.5,0.18421,1.32115,0.03315
43,100,1,0.05,0.3,0.5,0.18421,1.3224,0.0304
44,100,1,0.05,0.3,0.5,0.18421,1.32101,0.03075
45,100,1,0.05,0.3,0.5,0.18421,1.31927,0.03372
46,100,1,0.05,0.3,0.5,0.18421,1.32412,0.02598
47,100,1,0.05,0.3,0.5,0.18421,1.32348,0.02599
48,100,1,0.05,0.3,0.5,0.18421,1.32099,0.03208
49,100,1,0.05,0.3,0.5,0.18421,1.32062,0.03382
50,100,1,0.05,0.3,0.5,0.18421,1.32047,0.03259
51,100,1,0.05,0.3,0.5,0.18421,1.32052,0.03131
52,100,1,0.05,0.3,0.5,0.18421,1.32345,0.03199
53,100,1,0.05,0.3,0.5,0.18421,1.32087,0.03005
54,100,1,0.05,0.3,0.5,0.18421,1.32225,0.02755
55,100,1,0.05,0.3,0.5,0.18421,1.32304,0.03256
56,100,1,0.05,0.3,0.5,0.18421,1.32478,0.03206
57,100,1,0.05,0.3,0.5,0.18421,1.32461,0.02967
58,100,1,0.05,0.3,0.5,0.18421,1.32264,0.02783
59,100,1,0.05,0.3,0.5,0.18421,1.32093,0.03197
60,100,1,0.05,0.3,0.5,0.18421,1.32311,0.02579
61,100,1,0.05,0.3,0.5,0.18421,1.32102,0.03063
62,100,1,0.05,0.3,0.5,0.18421,1.32206,0.03025
63,100,1,0.05,0.3,0.5,0.18421,1.32018,0.03186
64,100,1,0.05,0.3,0.5,0.18421,1.32099,0.03049
65,100,1,0.05,0.3,0.5,0.18421,1.32086,0.03281
66,100,1,0.05,0.3,0.5,0.18421,1.32295,0.03062
67,100,1,0.05,0.3,0.5,0.18421,1.32187,0.02846
68,100,1,0.05,0.3,0.5,0.18421,1.32158,0.03082
69,100,1,0.05,0.3,0.5,0.18421,1.32336,0.02936
70,100,1,0.05,0.3,0.5,0.18421,1.32129,0.03
71,100,1,0.05,0.3,0.5,0.18421,1.32023,0.03143
72,100,1,0.05,0.3,0.5,0.18421,1.32184,0.02971
73,100,1,0.05,0.3,0.5,0.18421,1.3223,0.0309
74,100,1,0.05,0.3,0.5,0.18421,1.32201,0.03185
75,100,1,0.05,0.3,0.5,0.18421,1.32087,0.03329
76,100,1,0.05,0.3,0.5,0.18421,1.3211,0.03215
77,100,1,0.05,0.3,0.5,0.18421,1.32254,0.0305
78,100,1,0.05,0.3,0.5,0.18421,1.32315,0.02872
79,100,1,0.05,0.3,0.5,0.18421,1.32332,0.02781
80,100,1,0.05,0.3,0.5,0.18421,1.32234,0.02761
81,100,1,0.05,0.3,0.5,0.18421,1.32176,0.0324
82,100,1,0.05,0.3,0.5,0.18421,1.32127,0.02914
83,100,1,0.05,0.3,0.5,0.18421,1.3215,0.03369
84,100,1,0.05,0.3,0.5,0.18421,1.32193,0.02955
85,100,1,0.05,0.3,0.5,0.18421,1.32136,0.02973
86,100,1,0.05,0.3,0.5,0.18421,1.32088,0.0304
87,100,1,0.05,0.3,0.5,0.18421,1.32286,0.0285
88,100,1,0.05,0.3,0.5,0.18421,1.32387,0.02732
89,100,1,0.05,0.3,0.5,0.18421,1.32235,0.03218
90,100,1,0.05,0.3,0.5,0.18421,1.32177,0.02828
91,100,1,0.05,0.3,0.5,0.18421,1.31991,0.03493
92,100,1,0.05,0.3,0.5,0.18421,1.3212,0.0343
93,100,1,0.05,0.3,0.5,0.18421,1.32156,0.03404
94,100,1,0.05,0.3,0.5,0.18421,1.32247,0.0285
95,100,1,0.05,0.3,0.5,0.18421,1.32116,0.03168
96,100,1,0.05,0.3,0.5,0.18421,1.32104,0.03336
97,100,1,0.05,0.3,0.5,0.18421,1.32221,0.02731
98,100,1,0.05,0.3,0.5,0.18421,1.32111,0.03157
99,100,1,0.05,0.3,0.5,0.18421,1.32267,0.02978
0,100,1,0.05,0.3,0.5,0.15264,1.31284,0.03205
1,100,1,0.05,0.3,0.5,0.15264,1.31114,0.03466
2,100,1,0.05,0.3,0.5,0.15264,1.30998,0.03263
3,100,1,0.05,0.3,0.5,0.15264,1.31311,0.03609
4,100,1,0.05,0.3,0.5,0.15264,1.31272,0.03207
5,100,1,0.05,0.3,0.5,0.15264,1.31314,0.02728
6,100,1,0.05,0.3,0.5,0.15264,1.31415,0.02541
7,100,1,0.05,0.3,0.5,0.15264,1.31067,0.03143
8,100,1,0.05,0.3,0.5,0.15264,1.30767,0.03947
9,100,1,0.05,0.3,0.5,0.15264,1.3125,0.03695
10,100,1,0.05,0.3,0.5,0.15264,1.31169,0.03263
11,100,1,0.05,0.3,0.5,0.15264,1.31245,0.02979
12,100,1,0.05,0.3,0.5,0.15264,1.31013,0.03271
13,100,1,0.05,0.3,0.5,0.15264,1.31102,0.03526
14,100,1,0.05,0.3,0.5,0.15264,1.31168,0.03134
15,100,1,0.05,0.3,0.5,0.15264,1.31293,0.03044
16,100,1,0.05,0.3,0.5,0.15264,1.30972,0.03219
17,100,1,0.05,0.3,0.5,0.15264,1.31128,0.03755
18,100,1,0.05,0.3,0.5,0.15264,1.31154,0.04294
19,100,1,0.05,0.3,0.5,0.15264,1.31072,0.03326
20,100,1,0.05,0.3,0.5,0.15264,1.31115,0.03835
21,100,1,0.05,0.3,0.5,0.15264,1.30973,0.03246
22,100,1,0.05,0.3,0.5,0.15264,1.30999,0.03109
23,100,1,0.05,0.3,0.5,0.15264,1.31211,0.03289
24,100,1,0.05,0.3,0.5,0.15264,1.31026,0.03283
25,100,1,0.05,0.3,0.5,0.15264,1.31129,0.03531
26,100,1,0.05,0.3,0.5,0.15264,1.30795,0.04116
27,100,1,0.05,0.3,0.5,0.15264,1.31485,0.02602
28,100,1,0.05,0.3,0.5,0.15264,1.30987,0.03321
29,100,1,0.05,0.3,0.5,0.15264,1.31364,0.02683
30,100,1,0.05,0.3,0.5,0.15264,1.31153,0.03196
31,100,1,0.05,0.3,0.5,0.15264,1.31375,0.03527
32,100,1,0.05,0.3,0.5,0.15264,1.31034,0.03739
33,100,1,0.05,0.3,0.5,0.15264,1.30981,0.03909
34,100,1,0.05,0.3,0.5,0.15264,1.30994,0.03655
35,100,1,0.05,0.3,0.5,0.15264,1.30977,0.04153
36,100,1,0.05,0.3,0.5,0.15264,1.31182,0.03564
37,100,1,0.05,0.3,0.5,0.15264,1.31102,0.02923
38,100,1,0.05,0.3,0.5,0.15264,1.31039,0.03662
39,100,1,0.05,0.3,0.5,0.15264,1.31372,0.02961
40,100,1,0.05,0.3,0.5,0.15264,1.31207,0.02988
41,100,1,0.05,0.3,0.5,0.15264,1.3141,0.02996
42,100,1,0.05,0.3,0.5,0.15264,1.31087,0.03717
43,100,1,0.05,0.3,0.5,0.15264,1.3125,0.03354
44,100,1,0.05,0.3,0.5,0.15264,1.31062,0.03304
45,100,1,0.05,0.3,0.5,0.15264,1.30826,0.03694
46,100,1,0.05,0.3,0.5,0.15264,1.31485,0.02715
47,100,1,0.05,0.3,0.5,0.15264,1.31399,0.02653
48,100,1,0.05,0.3,0.5,0.15264,1.31061,0.03532
49,100,1,0.05,0.3,0.5,0.15264,1.3101,0.03802
50,100,1,0.05,0.3,0.5,0.15264,1.30991,0.03578
51,100,1,0.05,0.3,0.5,0.15264,1.30996,0.03365
52,100,1,0.05,0.3,0.5,0.15264,1.31393,0.03687
53,100,1,0.05,0.3,0.5,0.15264,1.31045,0.0316
54,100,1,0.05,0.3,0.5,0.15264,1.31231,0.02826
55,100,1,0.05,0.3,0.5,0.15264,1.31341,0.03749
56,100,1,0.05,0.3,0.5,0.15264,1.3157,0.03814
57,100,1,0.05,0.3,0.5,0.15264,1.31552,0.03382
58,100,1,0.05,0.3,0.5,0.15264,1.31283,0.02918
59,100,1,0.05,0.3,0.5,0.15264,1.31052,0.03515
60,100,1,0.05,0.3,0.5,0.15264,1.31348,0.02584
61,100,1,0.05,0.3,0.5,0.15264,1.31066,0.03277
62,100,1,0.05,0.3,0.5,0.15264,1.31206,0.03291
63,100,1,0.05,0.3,0.5,0.15264,1.30947,0.03442
64,100,1,0.05,0.3,0.5,0.15264,1.3106,0.03259
65,100,1,0.05,0.3,0.5,0.15264,1.31048,0.03643
66,100,1,0.05,0.3,0.5,0.15264,1.31324,0.03431
67,100,1,0.05,0.3,0.5,0.15264,1.31179,0.02961
68,100,1,0.05,0.3,0.5,0.15264,1.31132,0.03378
69,100,1,0.05,0.3,0.5,0.15264,1.31383,0.03242
70,100,1,0.05,0.3,0.5,0.15264,1.31095,0.03197
71,100,1,0.05,0.3,0.5,0.15264,1.30958,0.03359
72,100,1,0.05,0.3,0.5,0.15264,1.31178,0.03181
73,100,1,0.05,0.3,0.5,0.15264,1.31242,0.03414
74,100,1,0.05,0.3,0.5,0.15264,1.3119,0.03598
75,100,1,0.05,0.3,0.5,0.15264,1.31034,0.03755
76,100,1,0.05,0.3,0.5,0.15264,1.31072,0.03559
77,100,1,0.05,0.3,0.5,0.15264,1.31269,0.03387
78,100,1,0.05,0.3,0.5,0.15264,1.31342,0.03145
79,100,1,0.05,0.3,0.5,0.15264,1.31378,0.02967
80,100,1,0.05,0.3,0.5,0.15264,1.31243,0.0285
81,100,1,0.05,0.3,0.5,0.15264,1.31173,0.03627
82,100,1,0.05,0.3,0.5,0.15264,1.31098,0.03035
83,100,1,0.05,0.3,0.5,0.15264,1.31134,0.03833
84,100,1,0.05,0.3,0.5,0.15264,1.31192,0.03152
85,100,1,0.05,0.3,0.5,0.15264,1.31108,0.03156
86,100,1,0.05,0.3,0.5,0.15264,1.31046,0.03231
87,100,1,0.05,0.3,0.5,0.15264,1.31314,0.03049
88,100,1,0.05,0.3,0.5,0.15264,1.3145,0.02929
89,100,1,0.05,0.3,0.5,0.15264,1.31242,0.03653
90,100,1,0.05,0.3,0.5,0.15264,1.31165,0.02929
91,100,1,0.05,0.3,0.5,0.15264,1.3091,0.03951
92,100,1,0.05,0.3,0.5,0.15264,1.3109,0.03926
93,100,1,0.05,0.3,0.5,0.15264,1.31144,0.03896
94,100,1,0.05,0.3,0.5,0.15264,1.31264,0.03014
95,100,1,0.05,0.3,0.5,0.15264,1.31086,0.03466
96,100,1,0.05,0.3,0.5,0.15264,1.31069,0.03758
97,100,1,0.05,0.3,0.5,0.15264,1.31227,0.02774
98,100,1,0.05,0.3,0.5,0.15264,1.31077,0.03452
99,100,1,0.05,0.3,0.5,0.15264,1.31284,0.03273
0,100,1,0.05,0.3,0.5,0.12649,1.30034,0.03437
1,100,1,0.05,0.3,0.5,0.12649,1.29807,0.03739
2,100,1,0.05,0.3,0.5,0.12649,1.29651,0.03291
3,100,1,0.05,0.3,0.5,0.12649,1.30083,0.04102
4,100,1,0.05,0.3,0.5,0.12649,1.30002,0.03478
5,100,1,0.05,0.3,0.5,0.12649,1.30071,0.02618
6,100,1,0.05,0.3,0.5,0.12649,1.30209,0.02359
7,100,1,0.05,0.3,0.5,0.12649,1.29746,0.03125
8,100,1,0.05,0.3,0.5,0.12649,1.2935,0.04275
9,100,1,0.05,0.3,0.5,0.12649,1.30003,0.04183
10,100,1,0.05,0.3,0.5,0.12649,1.29883,0.03436
11,100,1,0.05,0.3,0.5,0.12649,1.29981,0.03017
12,100,1,0.05,0.3,0.5,0.12649,1.29671,0.03321
13,100,1,0.05,0.3,0.5,0.12649,1.29794,0.03829
14,100,1,0.05,0.3,0.5,0.12649,1.29875,0.03227
15,100,1,0.05,0.3,0.5,0.12649,1.3005,0.03158
16,100,1,0.05,0.3,0.5,0.12649,1.29614,0.03192
17,100,1,0.05,0.3,0.5,0.12649,1.29829,0.04225
18,100,1,0.05,0.3,0.5,0.12649,1.2988,0.05056
19,100,1,0.05,0.3,0.5,0.12649,1.29755,0.03457
20,100,1,0.05,0.3,0.5,0.12649,1.29816,0.04352
21,100,1,0.05,0.3,0.5,0.12649,1.29619,0.03236
22,100,1,0.05,0.3,0.5,0.12649,1.29654,0.03007
23,100,1,0.05,0.3,0.5,0.12649,1.29936,0.03519
24,100,1,0.05,0.3,0.5,0.12649,1.29687,0.03354
25,100,1,0.05,0.3,0.5,0.12649,1.2983,0.03861
26,100,1,0.05,0.3,0.5,0.12649,1.29388,0.04599
27,100,1,0.05,0.3,0.5,0.12649,1.30295,0.02588
28,100,1,0.05,0.3,0.5,0.12649,1.29633,0.03393
29,100,1,0.05,0.3,0.5,0.12649,1.30138,0.02587
30,100,1,0.05,0.3,0.5,0.12649,1.29857,0.03313
31,100,1,0.05,0.3,0.5,0.12649,1.30167,0.04
32,100,1,0.05,0.3,0.5,0.12649,1.29695,0.04159
33,100,1,0.05,0.3,0.5,0.12649,1.29633,0.04374
34,100,1,0.05,0.3,0.5,0.12649,1.29646,0.0397
35,100,1,0.05,0.3,0.5,0.12649,1.29616,0.04815
36,100,1,0.05,0.3,0.5,0.12649,1.29907,0.0393
37,100,1,0.05,0.3,0.5,0.12649,1.29789,0.02752
38,100,1,0.05,0.3,0.5,0.12649,1.29709,0.04014
39,100,1,0.05,0.3,0.5,0.12649,1.30145,0.03112
40,100,1,0.05,0.3,0.5,0.12649,1.29931,0.02981
41,100,1,0.05,0.3,0.5,0.12649,1.30208,0.03177
42,100,1,0.05,0.3,0.5,0.12649,1.29779,0.04118
43,100,1,0.05,0.3,0.5,0.12649,1.29987,0.0368
44,100,1,0.05,0.3,0.5,0.12649,1.29736,0.03424
45,100,1,0.05,0.3,0.5,0.12649,1.29423,0.03902
46,100,1,0.05,0.3,0.5,0.12649,1.30297,0.02789
47,100,1,0.05,0.3,0.5,0.12649,1.30185,0.02572
48,100,1,0.05,0.3,0.5,0.12649,1.29737,0.03804
49,100,1,0.05,0.3,0.5,0.12649,1.29669,0.0422
50,100,1,0.05,0.3,0.5,0.12649,1.29646,0.03819
51,100,1,0.05,0.3,0.5,0.12649,1.2965,0.0347
52,100,1,0.05,0.3,0.5,0.12649,1.30179,0.04305
53,100,1,0.05,0.3,0.5,0.12649,1.29715,0.03133
54,100,1,0.05,0.3,0.5,0.12649,1.29961,0.02711
55,100,1,0.05,0.3,0.5,0.12649,1.30115,0.04352
56,100,1,0.05,0.3,0.5,0.12649,1.3041,0.04656
57,100,1,0.05,0.3,0.5,0.12649,1.30392,0.0393
58,100,1,0.05,0.3,0.5,0.12649,1.30029,0.02939
59,100,1,0.05,0.3,0.5,0.12649,1.29724,0.03786
60,100,1,0.05,0.3,0.5,0.12649,1.30116,0.02384
61,100,1,0.05,0.3,0.5,0.12649,1.29746,0.03366
62,100,1,0.05,0.3,0.5,0.12649,1.29931,0.03512
63,100,1,0.05,0.3,0.5,0.12649,1.29581,0.03571
64,100,1,0.05,0.3,0.5,0.12649,1.29734,0.03339
65,100,1,0.05,0.3,0.5,0.12649,1.29726,0.03975
66,100,1,0.05,0.3,0.5,0.12649,1.30085,0.03853
67,100,1,0.05,0.3,0.5,0.12649,1.2989,0.02908
68,100,1,0.05,0.3,0.5,0.12649,1.29819,0.03636
69,100,1,0.05,0.3,0.5,0.12649,1.30165,0.03577
70,100,1,0.05,0.3,0.5,0.12649,1.29774,0.03268
71,100,1,0.05,0.3,0.5,0.12649,1.29601,0.03415
72,100,1,0.05,0.3,0.5,0.12649,1.29894,0.03302
73,100,1,0.05,0.3,0.5,0.12649,1.29982,0.03742
74,100,1,0.05,0.3,0.5,0.12649,1.29895,0.04065
75,100,1,0.05,0.3,0.5,0.12649,1.29688,0.04198
76,100,1,0.05,0.3,0.5,0.12649,1.29748,0.03875
77,100,1,0.05,0.3,0.5,0.12649,1.30012,0.03755
78,100,1,0.05,0.3,0.5,0.12649,1.30094,0.03442
79,100,1,0.05,0.3,0.5,0.12649,1.30159,0.03112
80,100,1,0.05,0.3,0.5,0.12649,1.29976,0.02776
81,100,1,0.05,0.3,0.5,0.12649,1.29897,0.04026
82,100,1,0.05,0.3,0.5,0.12649,1.29783,0.02963
83,100,1,0.05,0.3,0.5,0.12649,1.29842,0.04338
84,100,1,0.05,0.3,0.5,0.12649,1.29914,0.03247
85,100,1,0.05,0.3,0.5,0.12649,1.29794,0.03213
86,100,1,0.05,0.3,0.5,0.12649,1.29716,0.03275
87,100,1,0.05,0.3,0.5,0.12649,1.3007,0.03194
88,100,1,0.05,0.3,0.5,0.12649,1.3025,0.03122
89,100,1,0.05,0.3,0.5,0.12649,1.29976,0.04158
90,100,1,0.05,0.3,0.5,0.12649,1.29871,0.02849
91,100,1,0.05,0.3,0.5,0.12649,1.29532,0.04411
92,100,1,0.05,0.3,0.5,0.12649,1.29778,0.04485
93,100,1,0.05,0.3,0.5,0.12649,1.29858,0.04461
94,100,1,0.05,0.3,0.5,0.12649,1.3001,0.03076
95,100,1,0.05,0.3,0.5,0.12649,1.29774,0.03703
96,100,1,0.05,0.3,0.5,0.12649,1.2975,0.04202
97,100,1,0.05,0.3,0.5,0.12649,1.29957,0.02596
98,100,1,0.05,0.3,0.5,0.12649,1.2976,0.03683
99,100,1,0.05,0.3,0.5,0.12649,1.30025,0.03575
0,100,1,0.05,0.3,0.5,0.10481,1.28493,0.03828
1,100,1,0.05,0.3,0.5,0.10481,1.28199,0.04126
2,100,1,0.05,0.3,0.5,0.10481,1.27993,0.03275
3,100,1,0.05,0.3,0.5,0.10481,1.28578,0.04847
4,100,1,0.05,0.3,0.5,0.10481,1.2843,0.03944
5,100,1,0.05,0.3,0.5,0.10481,1.28536,0.02518
6,100,1,0.05,0.3,0.5,0.10481,1.28718,0.02194
7,100,1,0.05,0.3,0.5,0.10481,1.28121,0.03053
8,100,1,0.05,0.3,0.5,0.10481,1.27615,0.04637
9,100,1,0.05,0.3,0.5,0.10481,1.28476,0.04897
10,100,1,0.05,0.3,0.5,0.10481,1.283,0.03706
11,100,1,0.05,0.3,0.5,0.10481,1.2842,0.03127
12,100,1,0.05,0.3,0.5,0.10481,1.28019,0.03345
13,100,1,0.05,0.3,0.5,0.10481,1.28186,0.04274
14,100,1,0.05,0.3,0.5,0.10481,1.2828,0.03388
15,100,1,0.05,0.3,0.5,0.10481,1.28518,0.03393
16,100,1,0.05,0.3,0.5,0.10481,1.27941,0.03076
17,100,1,0.05,0.3,0.5,0.10481,1.28235,0.04887
18,100,1,0.05,0.3,0.5,0.10481,1.28326,0.06083
19,100,1,0.05,0.3,0.5,0.10481,1.28137,0.03623
20,100,1,0.05,0.3,0.5,0.10481,1.28223,0.05087
21,100,1,0.05,0.3,0.5,0.10481,1.27951,0.03145
22,100,1,0.05,0.3,0.5,0.10481,1.27996,0.02756
23,100,1,0.05,0.3,0.5,0.10481,1.28366,0.03902
24,100,1,0.05,0.3,0.5,0.10481,1.2804,0.0342
25,100,1,0.05,0.3,0.5,0.10481,1.28234,0.04349
26,100,1,0.05,0.3,0.5,0.10481,1.27668,0.05229
27,100,1,0.05,0.3,0.5,0.10481,1.28823,0.02747
28,100,1,0.05,0.3,0.5,0.10481,1.27966,0.03449
29,100,1,0.05,0.3,0.5,0.10481,1.28624,0.02547
30,100,1,0.05,0.3,0.5,0.10481,1.28261,0.03504
31,100,1,0.05,0.3,0.5,0.10481,1.28683,0.04712
32,100,1,0.05,0.3,0.5,0.10481,1.28048,0.0476
33,100,1,0.05,0.3,0.5,0.10481,1.2798,0.04997
34,100,1,0.05,0.3,0.5,0.10481,1.27992,0.04391
35,100,1,0.05,0.3,0.5,0.10481,1.27945,0.05725
36,100,1,0.05,0.3,0.5,0.10481,1.28342,0.04461
37,100,1,0.05,0.3,0.5,0.10481,1.2817,0.02414
38,100,1,0.05,0.3,0.5,0.10481,1.28074,0.04501
39,100,1,0.05,0.3,0.5,0.10481,1.28629,0.03448
40,100,1,0.05,0.3,0.5,0.10481,1.28359,0.02993
41,100,1,0.05,0.3,0.5,0.10481,1.28728,0.03547
42,100,1,0.05,0.3,0.5,0.10481,1.28177,0.04667
43,100,1,0.05,0.3,0.5,0.10481,1.2843,0.04222
44,100,1,0.05,0.3,0.5,0.10481,1.28105,0.03587
45,100,1,0.05,0.3,0.5,0.10481,1.277,0.04112
46,100,1,0.05,0.3,0.5,0.10481,1.28827,0.03077
47,100,1,0.05,0.3,0.5,0.10481,1.28685,0.02577
48,100,1,0.05,0.3,0.5,0.10481,1.28111,0.04176
49,100,1,0.05,0.3,0.5,0.10481,1.28023,0.04794
50,100,1,0.05,0.3,0.5,0.10481,1.27995,0.04118
51,100,1,0.05,0.3,0.5,0.10481,1.27994,0.03582
52,100,1,0.05,0.3,0.5,0.10481,1.28686,0.05237
53,100,1,0.05,0.3,0.5,0.10481,1.28078,0.03038
54,100,1,0.05,0.3,0.5,0.10481,1.28394,0.02566
55,100,1,0.05,0.3,0.5,0.10481,1.2861,0.0523
56,100,1,0.05,0.3,0.5,0.10481,1.28983,0.05908
57,100,1,0.05,0.3,0.5,0.10481,1.28964,0.04805
58,100,1,0.05,0.3,0.5,0.10481,1.2848,0.03034
59,100,1,0.05,0.3,0.5,0.10481,1.28092,0.04177
60,100,1,0.05,0.3,0.5,0.10481,1.28592,0.0215
61,100,1,0.05,0.3,0.5,0.10481,1.28122,0.03471
62,100,1,0.05,0.3,0.5,0.10481,1.28362,0.03866
63,100,1,0.05,0.3,0.5,0.10481,1.27899,0.03703
64,100,1,0.05,0.3,0.5,0.10481,1.28101,0.03431
65,100,1,0.05,0.3,0.5,0.10481,1.28105,0.0443
66,100,1,0.05,0.3,0.5,0.10481,1.28561,0.04515
67,100,1,0.05,0.3,0.5,0.10481,1.28301,0.02834
68,100,1,0.05,0.3,0.5,0.10481,1.28197,0.04037
69,100,1,0.05,0.3,0.5,0.10481,1.28664,0.04139
70,100,1,0.05,0.3,0.5,0.10481,1.28145,0.03359
71,100,1,0.05,0.3,0.5,0.10481,1.27933,0.03424
72,100,1,0.05,0.3,0.5,0.10481,1.28314,0.03508
73,100,1,0.05,0.3,0.5,0.10481,1.28435,0.04269
74,100,1,0.05,0.3,0.5,0.10481,1.28298,0.04771
75,100,1,0.05,0.3,0.5,0.10481,1.28033,0.0483
76,100,1,0.05,0.3,0.5,0.10481,1.28119,0.0433
77,100,1,0.05,0.3,0.5,0.10481,1.28464,0.0436
78,100,1,0.05,0.3,0.5,0.10481,1.2855,0.03995
79,100,1,0.05,0.3,0.5,0.10481,1.28656,0.03427
80,100,1,0.05,0.3,0.5,0.10481,1.28412,0.02708
81,100,1,0.05,0.3,0.5,0.10481,1.28333,0.04603
82,100,1,0.05,0.3,0.5,0.10481,1.28164,0.02817
83,100,1,0.05,0.3,0.5,0.10481,1.28259,0.05038
84,100,1,0.05,0.3,0.5,0.10481,1.28341,0.0341
85,100,1,0.05,0.3,0.5,0.10481,1.28175,0.033
86,100,1,0.05,0.3,0.5,0.10481,1.28077,0.033
87,100,1,0.05,0.3,0.5,0.10481,1.28535,0.03483
88,100,1,0.05,0.3,0.5,0.10481,1.28769,0.03544
89,100,1,0.05,0.3,0.5,0.10481,1.2842,0.04914
90,100,1,0.05,0.3,0.5,0.10481,1.28274,0.02724
91,100,1,0.05,0.3,0.5,0.10481,1.27841,0.05028
92,100,1,0.05,0.3,0.5,0.10481,1.28168,0.05272
93,100,1,0.05,0.3,0.5,0.10481,1.28282,0.05272
94,100,1,0.05,0.3,0.5,0.10481,1.28465,0.03211
95,100,1,0.05,0.3,0.5,0.10481,1.28161,0.04035
96,100,1,0.05,0.3,0.5,0.10481,1.28133,0.04838
97,100,1,0.05,0.3,0.5,0.10481,1.28389,0.02323
98,100,1,0.05,0.3,0.5,0.10481,1.28141,0.04004
99,100,1,0.05,0.3,0.5,0.10481,1.28474,0.04086
0,100,1,0.05,0.3,0.5,0.08685,1.26672,0.04525
1,100,1,0.05,0.3,0.5,0.08685,1.26307,0.0477
2,100,1,0.05,0.3,0.5,0.08685,1.26038,0.03388
3,100,1,0.05,0.3,0.5,0.08685,1.26812,0.05955
4,100,1,0.05,0.3,0.5,0.08685,1.2657,0.04769
5,100,1,0.05,0.3,0.5,0.08685,1.26715,0.02695
6,100,1,0.05,0.3,0.5,0.08685,1.2695,0.02347
7,100,1,0.05,0.3,0.5,0.08685,1.26206,0.03113
8,100,1,0.05,0.3,0.5,0.08685,1.25586,0.05157
9,100,1,0.05,0.3,0.5,0.08685,1.26688,0.05949
10,100,1,0.05,0.3,0.5,0.08685,1.26434,0.04238
11,100,1,0.05,0.3,0.5,0.08685,1.26573,0.03518
12,100,1,0.05,0.3,0.5,0.08685,1.26072,0.03515
13,100,1,0.05,0.3,0.5,0.08685,1.26294,0.05019
14,100,1,0.05,0.3,0.5,0.08685,1.26394,0.03805
15,100,1,0.05,0.3,0.5,0.08685,1.26706,0.03928
16,100,1,0.05,0.3,0.5,0.08685,1.25969,0.03051
17,100,1,0.05,0.3,0.5,0.08685,1.26363,0.05846
18,100,1,0.05,0.3,0.5,0.08685,1.26511,0.07441
19,100,1,0.05,0.3,0.5,0.08685,1.26231,0.03989
20,100,1,0.05,0.3,0.5,0.08685,1.26357,0.06156
21,100,1,0.05,0.3,0.5,0.08685,1.25986,0.03148
22,100,1,0.05,0.3,0.5,0.08685,1.26039,0.02497
23,100,1,0.05,0.3,0.5,0.08685,1.26519,0.04621
24,100,1,0.05,0.3,0.5,0.08685,1.26098,0.03661
25,100,1,0.05,0.3,0.5,0.08685,1.26358,0.05143
26,100,1,0.05,0.3,0.5,0.08685,1.25659,0.0616
27,100,1,0.05,0.3,0.5,0.08685,1.27073,0.03314
28,100,1,0.05,0.3,0.5,0.08685,1.26002,0.03673
29,100,1,0.05,0.3,0.5,0.08685,1.26829,0.02831
30,100,1,0.05,0.3,0.5,0.08685,1.26378,0.03964
31,100,1,0.05,0.3,0.5,0.08685,1.26935,0.05746
32,100,1,0.05,0.3,0.5,0.08685,1.26115,0.05694
33,100,1,0.05,0.3,0.5,0.08685,1.26042,0.05897
34,100,1,0.05,0.3,0.5,0.08685,1.26048,0.0506
35,100,1,0.05,0.3,0.5,0.08685,1.25988,0.06999
36,100,1,0.05,0.3,0.5,0.08685,1.26504,0.05274
37,100,1,0.05,0.3,0.5,0.08685,1.26255,0.0208
38,100,1,0.05,0.3,0.5,0.08685,1.26154,0.05267
39,100,1,0.05,0.3,0.5,0.08685,1.26832,0.04155
40,100,1,0.05,0.3,0.5,0.08685,1.265,0.03229
41,100,1,0.05,0.3,0.5,0.08685,1.2698,0.04264
42,100,1,0.05,0.3,0.5,0.08685,1.26296,0.05479
43,100,1,0.05,0.3,0.5,0.08685,1.26594,0.05149
44,100,1,0.05,0.3,0.5,0.08685,1.26182,0.03981
45,100,1,0.05,0.3,0.5,0.08685,1.25678,0.04478
46,100,1,0.05,0.3,0.5,0.08685,1.27081,0.03784
47,100,1,0.05,0.3,0.5,0.08685,1.26905,0.02932
48,100,1,0.05,0.3,0.5,0.08685,1.26198,0.0479
49,100,1,0.05,0.3,0.5,0.08685,1.26094,0.05662
50,100,1,0.05,0.3,0.5,0.08685,1.26057,0.04616
51,100,1,0.05,0.3,0.5,0.08685,1.26044,0.03877
52,100,1,0.05,0.3,0.5,0.08685,1.26928,0.06577
53,100,1,0.05,0.3,0.5,0.08685,1.26147,0.0307
54,100,1,0.05,0.3,0.5,0.08685,1.26541,0.02652
55,100,1,0.05,0.3,0.5,0.08685,1.26842,0.06461
56,100,1,0.05,0.3,0.5,0.08685,1.27303,0.0763
57,100,1,0.05,0.3,0.5,0.08685,1.27276,0.06081
58,100,1,0.05,0.3,0.5,0.08685,1.26646,0.03414
59,100,1,0.05,0.3,0.5,0.08685,1.26171,0.04855
60,100,1,0.05,0.3,0.5,0.08685,1.26782,0.0218
61,100,1,0.05,0.3,0.5,0.08685,1.26208,0.03774
62,100,1,0.05,0.3,0.5,0.08685,1.26513,0.04514
63,100,1,0.05,0.3,0.5,0.08685,1.25921,0.04009
64,100,1,0.05,0.3,0.5,0.08685,1.26177,0.03713
65,100,1,0.05,0.3,0.5,0.08685,1.262,0.05143
66,100,1,0.05,0.3,0.5,0.08685,1.26766,0.05533
67,100,1,0.05,0.3,0.5,0.08685,1.26421,0.02975
68,100,1,0.05,0.3,0.5,0.08685,1.26281,0.04752
69,100,1,0.05,0.3,0.5,0.08685,1.2689,0.05046
70,100,1,0.05,0.3,0.5,0.08685,1.26223,0.03664
71,100,1,0.05,0.3,0.5,0.08685,1.25969,0.03555
72,100,1,0.05,0.3,0.5,0.08685,1.26448,0.03991
73,100,1,0.05,0.3,0.5,0.08685,1.26616,0.05153
74,100,1,0.05,0.3,0.5,0.08685,1.26414,0.05848
75,100,1,0.05,0.3,0.5,0.08685,1.26087,0.058
76,100,1,0.05,0.3,0.5,0.08685,1.262,0.05077
77,100,1,0.05,0.3,0.5,0.08685,1.26638,0.05352
78,100,1,0.05,0.3,0.5,0.08685,1.2672,0.04986
79,100,1,0.05,0.3,0.5,0.08685,1.26878,0.04082
80,100,1,0.05,0.3,0.5,0.08685,1.26561,0.02899
81,100,1,0.05,0.3,0.5,0.08685,1.26498,0.05482
82,100,1,0.05,0.3,0.5,0.08685,1.26251,0.02793
83,100,1,0.05,0.3,0.5,0.08685,1.26403,0.06032
84,100,1,0.05,0.3,0.5,0.08685,1.26484,0.0383
85,100,1,0.05,0.3,0.5,0.08685,1.26264,0.0363
86,100,1,0.05,0.3,0.5,0.08685,1.26144,0.03487
87,100,1,0.05,0.3,0.5,0.08685,1.26719,0.04096
88,100,1,0.05,0.3,0.5,0.08685,1.27013,0.04366
89,100,1,0.05,0.3,0.5,0.08685,1.26592,0.06046
90,100,1,0.05,0.3,0.5,0.08685,1.26384,0.02769
91,100,1,0.05,0.3,0.5,0.08685,1.25858,0.05959
92,100,1,0.05,0.3,0.5,0.08685,1.26278,0.06399
93,100,1,0.05,0.3,0.5,0.08685,1.26438,0.06446
94,100,1,0.05,0.3,0.5,0.08685,1.26638,0.03603
95,100,1,0.05,0.3,0.5,0.08685,1.26264,0.04622
96,100,1,0.05,0.3,0.5,0.08685,1.26237,0.05807
97,100,1,0.05,0.3,0.5,0.08685,1.26531,0.02214
98,100,1,0.05,0.3,0.5,0.08685,1.26235,0.04563
99,100,1,0.05,0.3,0.5,0.08685,1.2664,0.04966
0,100,1,0.05,0.3,0.5,0.07197,1.24619,0.05515
1,100,1,0.05,0.3,0.5,0.07197,1.24189,0.05685
2,100,1,0.05,0.3,0.5,0.07197,1.23845,0.03746
3,100,1,0.05,0.3,0.5,0.07197,1.24839,0.07388
4,100,1,0.05,0.3,0.5,0.07197,1.24476,0.05961
5,100,1,0.05,0.3,0.5,0.07197,1.24656,0.0326
6,100,1,0.05,0.3,0.5,0.07197,1.24947,0.02915
7,100,1,0.05,0.3,0.5,0.07197,1.24055,0.03439
8,100,1,0.05,0.3,0.5,0.07197,1.23337,0.05891
9,100,1,0.05,0.3,0.5,0.07197,1.24696,0.0733
10,100,1,0.05,0.3,0.5,0.07197,1.24341,0.05058
11,100,1,0.05,0.3,0.5,0.07197,1.24487,0.04242
12,100,1,0.05,0.3,0.5,0.07197,1.23888,0.03934
13,100,1,0.05,0.3,0.5,0.07197,1.24177,0.06102
14,100,1,0.05,0.3,0.5,0.07197,1.24272,0.04542
15,100,1,0.05,0.3,0.5,0.07197,1.24662,0.04771
16,100,1,0.05,0.3,0.5,0.07197,1.23761,0.033
17,100,1,0.05,0.3,0.5,0.07197,1.24272,0.07079
18,100,1,0.05,0.3,0.5,0.07197,1.24496,0.09082
19,100,1,0.05,0.3,0.5,0.07197,1.24096,0.04612
20,100,1,0.05,0.3,0.5,0.07197,1.2428,0.07555
21,100,1,0.05,0.3,0.5,0.07197,1.23783,0.034
22,100,1,0.05,0.3,0.5,0.07197,1.23839,0.02383
23,100,1,0.05,0.3,0.5,0.07197,1.24452,0.0573
24,100,1,0.05,0.3,0.5,0.07197,1.23923,0.04178
25,100,1,0.05,0.3,0.5,0.07197,1.24261,0.06261
26,100,1,0.05,0.3,0.5,0.07197,1.23442,0.07464
27,100,1,0.05,0.3,0.5,0.07197,1.25085,0.0426
28,100,1,0.05,0.3,0.5,0.07197,1.23805,0.04192
29,100,1,0.05,0.3,0.5,0.07197,1.24798,0.03505
30,100,1,0.05,0.3,0.5,0.07197,1.24267,0.04774
31,100,1,0.05,0.3,0.5,0.07197,1.24968,0.07036
32,100,1,0.05,0.3,0.5,0.07197,1.23963,0.06999
33,100,1,0.05,0.3,0.5,0.07197,1.23883,0.07083
34,100,1,0.05,0.3,0.5,0.07197,1.23881,0.0601
35,100,1,0.05,0.3,0.5,0.07197,1.23818,0.08638
36,100,1,0.05,0.3,0.5,0.07197,1.24448,0.06349
37,100,1,0.05,0.3,0.5,0.07197,1.24098,0.01989
38,100,1,0.05,0.3,0.5,0.07197,1.24011,0.0634
39,100,1,0.05,0.3,0.5,0.07197,1.24801,0.05228
40,100,1,0.05,0.3,0.5,0.07197,1.24406,0.03762
41,100,1,0.05,0.3,0.5,0.07197,1.25007,0.0529
42,100,1,0.05,0.3,0.5,0.07197,1.24198,0.06545
43,100,1,0.05,0.3,0.5,0.07197,1.24535,0.06486
44,100,1,0.05,0.3,0.5,0.07197,1.2403,0.04694
45,100,1,0.05,0.3,0.5,0.07197,1.23429,0.05113
46,100,1,0.05,0.3,0.5,0.07197,1.25101,0.04874
47,100,1,0.05,0.3,0.5,0.07197,1.24887,0.03682
48,100,1,0.05,0.3,0.5,0.07197,1.2406,0.05677
49,100,1,0.05,0.3,0.5,0.07197,1.23946,0.0686
50,100,1,0.05,0.3,0.5,0.07197,1.23896,0.0536
51,100,1,0.05,0.3,0.5,0.07197,1.23863,0.0445
52,100,1,0.05,0.3,0.5,0.07197,1.2496,0.08281
53,100,1,0.05,0.3,0.5,0.07197,1.23983,0.03404
54,100,1,0.05,0.3,0.5,0.07197,1.24452,0.03147
55,100,1,0.05,0.3,0.5,0.07197,1.24863,0.07986
56,100,1,0.05,0.3,0.5,0.07197,1.25422,0.09747
57,100,1,0.05,0.3,0.5,0.07197,1.25375,0.07674
58,100,1,0.05,0.3,0.5,0.07197,1.24576,0.04128
59,100,1,0.05,0.3,0.5,0.07197,1.24024,0.05878
60,100,1,0.05,0.3,0.5,0.07197,1.24729,0.02633
61,100,1,0.05,0.3,0.5,0.07197,1.24064,0.04363
62,100,1,0.05,0.3,0.5,0.07197,1.2444,0.05478
63,100,1,0.05,0.3,0.5,0.07197,1.23709,0.0459
64,100,1,0.05,0.3,0.5,0.07197,1.24019,0.04274
65,100,1,0.05,0.3,0.5,0.07197,1.24071,0.06129
66,100,1,0.05,0.3,0.5,0.07197,1.24753,0.0687
67,100,1,0.05,0.3,0.5,0.07197,1.24302,0.035
68,100,1,0.05,0.3,0.5,0.07197,1.2413,0.05828
69,100,1,0.05,0.3,0.5,0.07197,1.24888,0.06251
70,100,1,0.05,0.3,0.5,0.07197,1.24066,0.04286
71,100,1,0.05,0.3,0.5,0.07197,1.23771,0.03939
72,100,1,0.05,0.3,0.5,0.07197,1.24351,0.0481
73,100,1,0.05,0.3,0.5,0.07197,1.24582,0.0642
74,100,1,0.05,0.3,0.5,0.07197,1.243,0.07294
75,100,1,0.05,0.3,0.5,0.07197,1.23923,0.07154
76,100,1,0.05,0.3,0.5,0.07197,1.24055,0.06153
77,100,1,0.05,0.3,0.5,0.07197,1.2459,0.06729
78,100,1,0.05,0.3,0.5,0.07197,1.24661,0.06438
79,100,1,0.05,0.3,0.5,0.07197,1.24871,0.05056
80,100,1,0.05,0.3,0.5,0.07197,1.24475,0.03475
81,100,1,0.05,0.3,0.5,0.07197,1.24449,0.06657
82,100,1,0.05,0.3,0.5,0.07197,1.24102,0.03052
83,100,1,0.05,0.3,0.5,0.07197,1.24336,0.07293
84,100,1,0.05,0.3,0.5,0.07197,1.24396,0.04577
85,100,1,0.05,0.3,0.5,0.07197,1.2412,0.04311
86,100,1,0.05,0.3,0.5,0.07197,1.23973,0.03944
87,100,1,0.05,0.3,0.5,0.07197,1.24671,0.05045
88,100,1,0.05,0.3,0.5,0.07197,1.25027,0.05564
89,100,1,0.05,0.3,0.5,0.07197,1.24552,0.07549
90,100,1,0.05,0.3,0.5,0.07197,1.24254,0.03117
91,100,1,0.05,0.3,0.5,0.07197,1.23658,0.07278
92,100,1,0.05,0.3,0.5,0.07197,1.24172,0.07858
93,100,1,0.05,0.3,0.5,0.07197,1.24385,0.07979
94,100,1,0.05,0.3,0.5,0.07197,1.24576,0.04273
95,100,1,0.05,0.3,0.5,0.07197,1.24143,0.05515
96,100,1,0.05,0.3,0.5,0.07197,1.24127,0.07129
97,100,1,0.05,0.3,0.5,0.07197,1.24434,0.02534
98,100,1,0.05,0.3,0.5,0.07197,1.24102,0.05391
99,100,1,0.05,0.3,0.5,0.07197,1.2458,0.06219
0,100,1,0.05,0.3,0.5,0.05964,1.22416,0.06677
1,100,1,0.05,0.3,0.5,0.05964,1.21941,0.06784
2,100,1,0.05,0.3,0.5,0.05964,1.21516,0.04336
3,100,1,0.05,0.3,0.5,0.05964,1.22743,0.09046
4,100,1,0.05,0.3,0.5,0.05964,1.22242,0.07441
5,100,1,0.05,0.3,0.5,0.05964,1.22439,0.04097
6,100,1,0.05,0.3,0.5,0.05964,1.22782,0.03722
7,100,1,0.05,0.3,0.5,0.05964,1.21766,0.04046
8,100,1,0.05,0.3,0.5,0.05964,1.20986,0.06831
9,100,1,0.05,0.3,0.5,0.05964,1.22591,0.08963
10,100,1,0.05,0.3,0.5,0.05964,1.22112,0.06081
11,100,1,0.05,0.3,0.5,0.05964,1.22248,0.05211
12,100,1,0.05,0.3,0.5,0.05964,1.2157,0.04585
13,100,1,0.05,0.3,0.5,0.05964,1.21934,0.07468
14,100,1,0.05,0.3,0.5,0.05964,1.22008,0.05554
15,100,1,0.05,0.3,0.5,0.05964,1.22464,0.05801
16,100,1,0.05,0.3,0.5,0.05964,1.21423,0.03903
17,100,1,0.05,0.3,0.5,0.05964,1.22057,0.08472
18,100,1,0.05,0.3,0.5,0.05964,1.22372,0.10891
19,100,1,0.05,0.3,0.5,0.05964,1.21826,0.05433
20,100,1,0.05,0.3,0.5,0.05964,1.22092,0.09192
21,100,1,0.05,0.3,0.5,0.05964,1.21445,0.03957
22,100,1,0.05,0.3,0.5,0.05964,1.21493,0.02505
23,100,1,0.05,0.3,0.5,0.05964,1.22265,0.07185
24,100,1,0.05,0.3,0.5,0.05964,1.21615,0.04964
25,100,1,0.05,0.3,0.5,0.05964,1.22043,0.07638
26,100,1,0.05,0.3,0.5,0.05964,1.21142,0.09131
27,100,1,0.05,0.3,0.5,0.05964,1.22932,0.05417
28,100,1,0.05,0.3,0.5,0.05964,1.21482,0.05024
29,100,1,0.05,0.3,0.5,0.05964,1.2261,0.04432
30,100,1,0.05,0.3,0.5,0.05964,1.22023,0.05906
31,100,1,0.05,0.3,0.5,0.05964,1.22858,0.08426
32,100,1,0.05,0.3,0.5,0.05964,1.21707,0.08612
33,100,1,0.05,0.3,0.5,0.05964,1.21609,0.08481
34,100,1,0.05,0.3,0.5,0.05964,1.21597,0.07183
35,100,1,0.05,0.3,0.5,0.05964,1.21552,0.10554
36,100,1,0.05,0.3,0.5,0.05964,1.22265,0.0759
37,100,1,0.05,0.3,0.5,0.05964,1.21793,0.0235
38,100,1,0.05,0.3,0.5,0.05964,1.21748,0.07674
39,100,1,0.05,0.3,0.5,0.05964,1.22618,0.06551
40,100,1,0.05,0.3,0.5,0.05964,1.22165,0.04496
41,100,1,0.05,0.3,0.5,0.05964,1.22885,0.06476
42,100,1,0.05,0.3,0.5,0.05964,1.21977,0.07763
43,100,1,0.05,0.3,0.5,0.05964,1.22349,0.08181
44,100,1,0.05,0.3,0.5,0.05964,1.21751,0.05696
45,100,1,0.05,0.3,0.5,0.05964,1.2107,0.06067
46,100,1,0.05,0.3,0.5,0.05964,1.22961,0.0619
47,100,1,0.05,0.3,0.5,0.05964,1.22708,0.04677
48,100,1,0.05,0.3,0.5,0.05964,1.21796,0.06774
49,100,1,0.05,0.3,0.5,0.05964,1.2169,0.08339
50,100,1,0.05,0.3,0.5,0.05964,1.21615,0.06298
51,100,1,0.05,0.3,0.5,0.05964,1.21554,0.05296
52,100,1,0.05,0.3,0.5,0.05964,1.22874,0.10244
53,100,1,0.05,0.3,0.5,0.05964,1.21685,0.04117
54,100,1,0.05,0.3,0.5,0.05964,1.22217,0.04029
55,100,1,0.05,0.3,0.5,0.05964,1.22756,0.09678
56,100,1,0.05,0.3,0.5,0.05964,1.23424,0.12128
57,100,1,0.05,0.3,0.5,0.05964,1.23333,0.09435
58,100,1,0.05,0.3,0.5,0.05964,1.22354,0.05056
59,100,1,0.05,0.3,0.5,0.05964,1.21756,0.07202
60,100,1,0.05,0.3,0.5,0.05964,1.22512,0.03398
61,100,1,0.05,0.3,0.5,0.05964,1.21786,0.05214
62,100,1,0.05,0.3,0.5,0.05964,1.22236,0.06691
63,100,1,0.05,0.3,0.5,0.05964,1.21373,0.05432
64,100,1,0.05,0.3,0.5,0.05964,1.21726,0.0507
65,100,1,0.05,0.3,0.5,0.05964,1.21817,0.07328
66,100,1,0.05,0.3,0.5,0.05964,1.22612,0.08394
67,100,1,0.05,0.3,0.5,0.05964,1.22038,0.04436
68,100,1,0.05,0.3,0.5,0.05964,1.21846,0.07226
69,100,1,0.05,0.3,0.5,0.05964,1.22736,0.07612
70,100,1,0.05,0.3,0.5,0.05964,1.21776,0.05224
71,100,1,0.05,0.3,0.5,0.05964,1.21442,0.04629
72,100,1,0.05,0.3,0.5,0.05964,1.22114,0.05896
73,100,1,0.05,0.3,0.5,0.05964,1.22428,0.0801
74,100,1,0.05,0.3,0.5,0.05964,1.22056,0.09008
75,100,1,0.05,0.3,0.5,0.05964,1.21655,0.08883
76,100,1,0.05,0.3,0.5,0.05964,1.21787,0.07505
77,100,1,0.05,0.3,0.5,0.05964,1.22411,0.08388
78,100,1,0.05,0.3,0.5,0.05964,1.22469,0.08307
79,100,1,0.05,0.3,0.5,0.05964,1.22712,0.06224
80,100,1,0.05,0.3,0.5,0.05964,1.22241,0.04378
81,100,1,0.05,0.3,0.5,0.05964,1.22277,0.08045
82,100,1,0.05,0.3,0.5,0.05964,1.21813,0.03624
83,100,1,0.05,0.3,0.5,0.05964,1.2215,0.08714
84,100,1,0.05,0.3,0.5,0.05964,1.22165,0.05596
85,100,1,0.05,0.3,0.5,0.05964,1.21841,0.05314
86,100,1,0.05,0.3,0.5,0.05964,1.21663,0.04672
87,100,1,0.05,0.3,0.5,0.05964,1.22476,0.06235
88,100,1,0.05,0.3,0.5,0.05964,1.22891,0.07007
89,100,1,0.05,0.3,0.5,0.05964,1.22397,0.0935
90,100,1,0.05,0.3,0.5,0.05964,1.21973,0.03714
91,100,1,0.05,0.3,0.5,0.05964,1.21366,0.08983
92,100,1,0.05,0.3,0.5,0.05964,1.21951,0.09553
93,100,1,0.05,0.3,0.5,0.05964,1.22225,0.09786
94,100,1,0.05,0.3,0.5,0.05964,1.22361,0.051
95,100,1,0.05,0.3,0.5,0.05964,1.21895,0.06684
96,100,1,0.05,0.3,0.5,0.05964,1.21909,0.08734
97,100,1,0.05,0.3,0.5,0.05964,1.22184,0.03316
98,100,1,0.05,0.3,0.5,0.05964,1.21836,0.06404
99,100,1,0.05,0.3,0.5,0.05964,1.22385,0.07762
0,100,1,0.05,0.3,0.5,0.04942,1.20158,0.07905
1,100,1,0.05,0.3,0.5,0.04942,1.19671,0.07977
2,100,1,0.05,0.3,0.5,0.04942,1.19169,0.0511
3,100,1,0.05,0.3,0.5,0.04942,1.20621,0.10807
4,100,1,0.05,0.3,0.5,0.04942,1.19981,0.09083
5,100,1,0.05,0.3,0.5,0.04942,1.2016,0.0513
6,100,1,0.05,0.3,0.5,0.04942,1.20547,0.04656
7,100,1,0.05,0.3,0.5,0.04942,1.19451,0.04892
8,100,1,0.05,0.3,0.5,0.04942,1.18672,0.07889
9,100,1,0.05,0.3,0.5,0.04942,1.20477,0.10813
10,100,1,0.05,0.3,0.5,0.04942,1.19854,0.07182
11,100,1,0.05,0.3,0.5,0.04942,1.19955,0.06288
12,100,1,0.05,0.3,0.5,0.04942,1.19234,0.05381
13,100,1,0.05,0.3,0.5,0.04942,1.19683,0.09049
14,100,1,0.05,0.3,0.5,0.04942,1.1971,0.06704
15,100,1,0.05,0.3,0.5,0.04942,1.20206,0.06903
16,100,1,0.05,0.3,0.5,0.04942,1.19083,0.0485
17,100,1,0.05,0.3,0.5,0.04942,1.19826,0.09914
18,100,1,0.05,0.3,0.5,0.04942,1.20238,0.12789
19,100,1,0.05,0.3,0.5,0.04942,1.1953,0.06375
20,100,1,0.05,0.3,0.5,0.04942,1.19908,0.11005
21,100,1,0.05,0.3,0.5,0.04942,1.19094,0.048
22,100,1,0.05,0.3,0.5,0.04942,1.19118,0.02877
23,100,1,0.05,0.3,0.5,0.04942,1.20079,0.08963
24,100,1,0.05,0.3,0.5,0.04942,1.19294,0.05908
25,100,1,0.05,0.3,0.5,0.04942,1.19818,0.09148
26,100,1,0.05,0.3,0.5,0.04942,1.18908,0.11087
27,100,1,0.05,0.3,0.5,0.04942,1.20697,0.06658
28,100,1,0.05,0.3,0.5,0.04942,1.19161,0.06135
29,100,1,0.05,0.3,0.5,0.04942,1.2036,0.05491
30,100,1,0.05,0.3,0.5,0.04942,1.19762,0.07274
31,100,1,0.05,0.3,0.5,0.04942,1.20688,0.09835
32,100,1,0.05,0.3,0.5,0.04942,1.1948,0.10466
33,100,1,0.05,0.3,0.5,0.04942,1.19338,0.1
34,100,1,0.05,0.3,0.5,0.04942,1.19321,0.08508
35,100,1,0.05,0.3,0.5,0.04942,1.19321,0.12655
36,100,1,0.05,0.3,0.5,0.04942,1.2006,0.08857
37,100,1,0.05,0.3,0.5,0.04942,1.19455,0.03123
38,100,1,0.05,0.3,0.5,0.04942,1.19486,0.09158
39,100,1,0.05,0.3,0.5,0.04942,1.20382,0.08021
40,100,1,0.05,0.3,0.5,0.04942,1.19881,0.05353
41,100,1,0.05,0.3,0.5,0.04942,1.20701,0.07729
42,100,1,0.05,0.3,0.5,0.04942,1.19742,0.09057
43,100,1,0.05,0.3,0.5,0.04942,1.20152,0.10137
44,100,1,0.05,0.3,0.5,0.04942,1.19468,0.06912
45,100,1,0.05,0.3,0.5,0.04942,1.18742,0.07313
46,100,1,0.05,0.3,0.5,0.04942,1.2075,0.07649
47,100,1,0.05,0.3,0.5,0.04942,1.20457,0.05805
48,100,1,0.05,0.3,0.5,0.04942,1.19525,0.08
49,100,1,0.05,0.3,0.5,0.04942,1.19449,0.1002
50,100,1,0.05,0.3,0.5,0.04942,1.19334,0.07392
51,100,1,0.05,0.3,0.5,0.04942,1.1924,0.06312
52,100,1,0.05,0.3,0.5,0.04942,1.20776,0.12364
53,100,1,0.05,0.3,0.5,0.04942,1.19374,0.05174
54,100,1,0.05,0.3,0.5,0.04942,1.19944,0.05195
55,100,1,0.05,0.3,0.5,0.04942,1.20615,0.11414
56,100,1,0.05,0.3,0.5,0.04942,1.21402,0.14629
57,100,1,0.05,0.3,0.5,0.04942,1.21237,0.11252
58,100,1,0.05,0.3,0.5,0.04942,1.2008,0.06139
59,100,1,0.05,0.3,0.5,0.04942,1.19486,0.08725
60,100,1,0.05,0.3,0.5,0.04942,1.20221,0.0432
61,100,1,0.05,0.3,0.5,0.04942,1.19491,0.06256
62,100,1,0.05,0.3,0.5,0.04942,1.20013,0.08041
63,100,1,0.05,0.3,0.5,0.04942,1.1904,0.06497
64,100,1,0.05,0.3,0.5,0.04942,1.19415,0.06045
65,100,1,0.05,0.3,0.5,0.04942,1.19549,0.08607
66,100,1,0.05,0.3,0.5,0.04942,1.20441,0.10023
67,100,1,0.05,0.3,0.5,0.04942,1.1974,0.05764
68,100,1,0.05,0.3,0.5,0.04942,1.19552,0.08837
69,100,1,0.05,0.3,0.5,0.04942,1.20523,0.09037
70,100,1,0.05,0.3,0.5,0.04942,1.19475,0.06362
71,100,1,0.05,0.3,0.5,0.04942,1.19106,0.0562
72,100,1,0.05,0.3,0.5,0.04942,1.19848,0.07181
73,100,1,0.05,0.3,0.5,0.04942,1.20269,0.09885
74,100,1,0.05,0.3,0.5,0.04942,1.19798,0.10926
75,100,1,0.05,0.3,0.5,0.04942,1.19421,0.10867
76,100,1,0.05,0.3,0.5,0.04942,1.19519,0.09046
77,100,1,0.05,0.3,0.5,0.04942,1.2021,0.10249
78,100,1,0.05,0.3,0.5,0.04942,1.20265,0.10471
79,100,1,0.05,0.3,0.5,0.04942,1.20491,0.07429
80,100,1,0.05,0.3,0.5,0.04942,1.19966,0.0546
81,100,1,0.05,0.3,0.5,0.04942,1.20088,0.0958
82,100,1,0.05,0.3,0.5,0.04942,1.19499,0.04455
83,100,1,0.05,0.3,0.5,0.04942,1.19954,0.10215
84,100,1,0.05,0.3,0.5,0.04942,1.199,0.06857
85,100,1,0.05,0.3,0.5,0.04942,1.19546,0.06559
86,100,1,0.05,0.3,0.5,0.04942,1.19328,0.05598
87,100,1,0.05,0.3,0.5,0.04942,1.20232,0.07551
88,100,1,0.05,0.3,0.5,0.04942,1.20695,0.08638
89,100,1,0.05,0.3,0.5,0.04942,1.20244,0.11373
90,100,1,0.05,0.3,0.5,0.04942,1.19648,0.04478
91,100,1,0.05,0.3,0.5,0.04942,1.19128,0.11071
92,100,1,0.05,0.3,0.5,0.04942,1.19731,0.1138
93,100,1,0.05,0.3,0.5,0.04942,1.20068,0.11771
94,100,1,0.05,0.3,0.5,0.04942,1.20089,0.06004
95,100,1,0.05,0.3,0.5,0.04942,1.19639,0.08047
96,100,1,0.05,0.3,0.5,0.04942,1.19707,0.10528
97,100,1,0.05,0.3,0.5,0.04942,1.19888,0.04529
98,100,1,0.05,0.3,0.5,0.04942,1.19551,0.07526
99,100,1,0.05,0.3,0.5,0.04942,1.20167,0.09479
0,100,1,0.05,0.3,0.5,0.04095,1.17915,0.0914
1,100,1,0.05,0.3,0.5,0.04095,1.17468,0.09224
2,100,1,0.05,0.3,0.5,0.04095,1.16901,0.06012
3,100,1,0.05,0.3,0.5,0.04095,1.1855,0.12654
4,100,1,0.05,0.3,0.5,0.04095,1.17781,0.1085
5,100,1,0.05,0.3,0.5,0.04095,1.17896,0.06272
6,100,1,0.05,0.3,0.5,0.04095,1.18314,0.05656
7,100,1,0.05,0.3,0.5,0.04095,1.17202,0.05979
8,100,1,0.05,0.3,0.5,0.04095,1.16509,0.0907
9,100,1,0.05,0.3,0.5,0.04095,1.18437,0.12867
10,100,1,0.05,0.3,0.5,0.04095,1.17653,0.08327
11,100,1,0.05,0.3,0.5,0.04095,1.17685,0.07432
12,100,1,0.05,0.3,0.5,0.04095,1.16976,0.06252
13,100,1,0.05,0.3,0.5,0.04095,1.17523,0.10826
14,100,1,0.05,0.3,0.5,0.04095,1.17469,0.08006
15,100,1,0.05,0.3,0.5,0.04095,1.17959,0.08038
16,100,1,0.05,0.3,0.5,0.04095,1.16849,0.06102
17,100,1,0.05,0.3,0.5,0.04095,1.17666,0.1134
18,100,1,0.05,0.3,0.5,0.04095,1.18171,0.14731
19,100,1,0.05,0.3,0.5,0.04095,1.17293,0.07392
20,100,1,0.05,0.3,0.5,0.04095,1.17818,0.12932
21,100,1,0.05,0.3,0.5,0.04095,1.1683,0.05902
22,100,1,0.05,0.3,0.5,0.04095,1.16804,0.03491
23,100,1,0.05,0.3,0.5,0.04095,1.17998,0.11055
24,100,1,0.05,0.3,0.5,0.04095,1.17059,0.06987
25,100,1,0.05,0.3,0.5,0.04095,1.17681,0.10767
26,100,1,0.05,0.3,0.5,0.04095,1.16862,0.13277
27,100,1,0.05,0.3,0.5,0.04095,1.18446,0.07926
28,100,1,0.05,0.3,0.5,0.04095,1.16947,0.07487
29,100,1,0.05,0.3,0.5,0.04095,1.18123,0.0664
30,100,1,0.05,0.3,0.5,0.04095,1.17579,0.08878
31,100,1,0.05,0.3,0.5,0.04095,1.18523,0.11175
32,100,1,0.05,0.3,0.5,0.04095,1.17391,0.1246
33,100,1,0.05,0.3,0.5,0.04095,1.17164,0.11592
34,100,1,0.05,0.3,0.5,0.04095,1.17158,0.09941
35,100,1,0.05,0.3,0.5,0.04095,1.17229,0.14827
36,100,1,0.05,0.3,0.5,0.04095,1.17916,0.10137
37,100,1,0.05,0.3,0.5,0.04095,1.17182,0.04278
38,100,1,0.05,0.3,0.5,0.04095,1.17324,0.10777
39,100,1,0.05,0.3,0.5,0.04095,1.18175,0.0959
40,100,1,0.05,0.3,0.5,0.04095,1.17638,0.06266
41,100,1,0.05,0.3,0.5,0.04095,1.1852,0.08993
42,100,1,0.05,0.3,0.5,0.04095,1.17573,0.1036
43,100,1,0.05,0.3,0.5,0.04095,1.18041,0.12344
44,100,1,0.05,0.3,0.5,0.04095,1.17285,0.08312
45,100,1,0.05,0.3,0.5,0.04095,1.16566,0.08875
46,100,1,0.05,0.3,0.5,0.04095,1.18539,0.09178
47,100,1,0.05,0.3,0.5,0.04095,1.18204,0.07018
48,100,1,0.05,0.3,0.5,0.04095,1.17341,0.09317
49,100,1,0.05,0.3,0.5,0.04095,1.17327,0.11853
50,100,1,0.05,0.3,0.5,0.04095,1.17149,0.08625
51,100,1,0.05,0.3,0.5,0.04095,1.17024,0.07477
52,100,1,0.05,0.3,0.5,0.04095,1.18755,0.14579
53,100,1,0.05,0.3,0.5,0.04095,1.1715,0.06573
54,100,1,0.05,0.3,0.5,0.04095,1.17723,0.06626
55,100,1,0.05,0.3,0.5,0.04095,1.1851,0.13141
56,100,1,0.05,0.3,0.5,0.04095,1.19422,0.17149
57,100,1,0.05,0.3,0.5,0.04095,1.19155,0.13062
58,100,1,0.05,0.3,0.5,0.04095,1.17835,0.07298
59,100,1,0.05,0.3,0.5,0.04095,1.17313,0.10394
60,100,1,0.05,0.3,0.5,0.04095,1.17932,0.05406
61,100,1,0.05,0.3,0.5,0.04095,1.1727,0.07469
62,100,1,0.05,0.3,0.5,0.04095,1.17863,0.09528
63,100,1,0.05,0.3,0.5,0.04095,1.16815,0.07713
64,100,1,0.05,0.3,0.5,0.04095,1.17178,0.07137
65,100,1,0.05,0.3,0.5,0.04095,1.17357,0.09937
66,100,1,0.05,0.3,0.5,0.04095,1.18318,0.11662
67,100,1,0.05,0.3,0.5,0.04095,1.17503,0.07512
68,100,1,0.05,0.3,0.5,0.04095,1.17353,0.10641
69,100,1,0.05,0.3,0.5,0.04095,1.18318,0.10441
70,100,1,0.05,0.3,0.5,0.04095,1.17267,0.07704
71,100,1,0.05,0.3,0.5,0.04095,1.16864,0.06928
72,100,1,0.05,0.3,0.5,0.04095,1.1764,0.08613
73,100,1,0.05,0.3,0.5,0.04095,1.18203,0.12038
74,100,1,0.05,0.3,0.5,0.04095,1.17614,0.12956
75,100,1,0.05,0.3,0.5,0.04095,1.17336,0.13112
76,100,1,0.05,0.3,0.5,0.04095,1.17355,0.10741
77,100,1,0.05,0.3,0.5,0.04095,1.18073,0.12226
78,100,1,0.05,0.3,0.5,0.04095,1.18155,0.12901
79,100,1,0.05,0.3,0.5,0.04095,1.18279,0.08645
80,100,1,0.05,0.3,0.5,0.04095,1.17735,0.06701
81,100,1,0.05,0.3,0.5,0.04095,1.17967,0.11242
82,100,1,0.05,0.3,0.5,0.04095,1.17257,0.05545
83,100,1,0.05,0.3,0.5,0.04095,1.17831,0.11739
84,100,1,0.05,0.3,0.5,0.04095,1.17689,0.08341
85,100,1,0.05,0.3,0.5,0.04095,1.17332,0.0799
86,100,1,0.05,0.3,0.5,0.04095,1.17063,0.06718
87,100,1,0.05,0.3,0.5,0.04095,1.18022,0.0896
88,100,1,0.05,0.3,0.5,0.04095,1.18513,0.10388
89,100,1,0.05,0.3,0.5,0.04095,1.18186,0.1359
90,100,1,0.05,0.3,0.5,0.04095,1.17364,0.05326
91,100,1,0.05,0.3,0.5,0.04095,1.17071,0.13516
92,100,1,0.05,0.3,0.5,0.04095,1.17603,0.13246
93,100,1,0.05,0.3,0.5,0.04095,1.18004,0.13872
94,100,1,0.05,0.3,0.5,0.04095,1.17832,0.06928
95,100,1,0.05,0.3,0.5,0.04095,1.17471,0.09603
96,100,1,0.05,0.3,0.5,0.04095,1.17619,0.12448
97,100,1,0.05,0.3,0.5,0.04095,1.17638,0.06114
98,100,1,0.05,0.3,0.5,0.04095,1.17333,0.08694
99,100,1,0.05,0.3,0.5,0.04095,1.18016,0.11316
0,100,1,0.05,0.3,0.5,0.03393,1.157,0.10376
1,100,1,0.05,0.3,0.5,0.03393,1.15362,0.10555
2,100,1,0.05,0.3,0.5,0.03393,1.14746,0.07036
3,100,1,0.05,0.3,0.5,0.03393,1.16561,0.1461
4,100,1,0.05,0.3,0.5,0.03393,1.15676,0.12712
5,100,1,0.05,0.3,0.5,0.03393,1.15667,0.07505
6,100,1,0.05,0.3,0.5,0.03393,1.16108,0.06732
7,100,1,0.05,0.3,0.5,0.03393,1.15049,0.07333
8,100,1,0.05,0.3,0.5,0.03393,1.14546,0.10384
9,100,1,0.05,0.3,0.5,0.03393,1.16499,0.15153
10,100,1,0.05,0.3,0.5,0.03393,1.15539,0.09507
11,100,1,0.05,0.3,0.5,0.03393,1.15459,0.08621
12,100,1,0.05,0.3,0.5,0.03393,1.14827,0.07134
13,100,1,0.05,0.3,0.5,0.03393,1.15499,0.12818
14,100,1,0.05,0.3,0.5,0.03393,1.15313,0.09459
15,100,1,0.05,0.3,0.5,0.03393,1.15744,0.09233
16,100,1,0.05,0.3,0.5,0.03393,1.14766,0.07618
17,100,1,0.05,0.3,0.5,0.03393,1.15609,0.12758
18,100,1,0.05,0.3,0.5,0.03393,1.16193,0.16744
19,100,1,0.05,0.3,0.5,0.03393,1.15135,0.08479
20,100,1,0.05,0.3,0.5,0.03393,1.1585,0.14979
21,100,1,0.05,0.3,0.5,0.03393,1.1469,0.07241
22,100,1,0.05,0.3,0.5,0.03393,1.14579,0.04346
23,100,1,0.05,0.3,0.5,0.03393,1.16078,0.13476
24,100,1,0.05,0.3,0.5,0.03393,1.14946,0.08166
25,100,1,0.05,0.3,0.5,0.03393,1.15668,0.12476
26,100,1,0.05,0.3,0.5,0.03393,1.15056,0.15644
27,100,1,0.05,0.3,0.5,0.03393,1.16194,0.09211
28,100,1,0.05,0.3,0.5,0.03393,1.1488,0.09049
29,100,1,0.05,0.3,0.5,0.03393,1.15922,0.07898
30,100,1,0.05,0.3,0.5,0.03393,1.15506,0.10702
31,100,1,0.05,0.3,0.5,0.03393,1.16371,0.12455
32,100,1,0.05,0.3,0.5,0.03393,1.15485,0.14527
33,100,1,0.05,0.3,0.5,0.03393,1.15115,0.13266
34,100,1,0.05,0.3,0.5,0.03393,1.15149,0.11487
35,100,1,0.05,0.3,0.5,0.03393,1.1531,0.17001
36,100,1,0.05,0.3,0.5,0.03393,1.15867,0.11452
37,100,1,0.05,0.3,0.5,0.03393,1.15013,0.05759
38,100,1,0.05,0.3,0.5,0.03393,1.15301,0.12523
39,100,1,0.05,0.3,0.5,0.03393,1.16022,0.11255
40,100,1,0.05,0.3,0.5,0.03393,1.15467,0.0726
41,100,1,0.05,0.3,0.5,0.03393,1.16359,0.10284
42,100,1,0.05,0.3,0.5,0.03393,1.15493,0.11675
43,100,1,0.05,0.3,0.5,0.03393,1.16056,0.14787
44,100,1,0.05,0.3,0.5,0.03393,1.15245,0.09886
45,100,1,0.05,0.3,0.5,0.03393,1.14595,0.10741
46,100,1,0.05,0.3,0.5,0.03393,1.16345,0.10763
47,100,1,0.05,0.3,0.5,0.03393,1.15966,0.08322
48,100,1,0.05,0.3,0.5,0.03393,1.15284,0.10725
49,100,1,0.05,0.3,0.5,0.03393,1.15358,0.13797
50,100,1,0.05,0.3,0.5,0.03393,1.15097,0.10047
51,100,1,0.05,0.3,0.5,0.03393,1.14944,0.08766
52,100,1,0.05,0.3,0.5,0.03393,1.16849,0.16859
53,100,1,0.05,0.3,0.5,0.03393,1.15051,0.08277
54,100,1,0.05,0.3,0.5,0.03393,1.15588,0.08311
55,100,1,0.05,0.3,0.5,0.03393,1.16461,0.14864
56,100,1,0.05,0.3,0.5,0.03393,1.17498,0.19619
57,100,1,0.05,0.3,0.5,0.03393,1.17111,0.14872
58,100,1,0.05,0.3,0.5,0.03393,1.15643,0.08529
59,100,1,0.05,0.3,0.5,0.03393,1.15268,0.12153
60,100,1,0.05,0.3,0.5,0.03393,1.15667,0.06702
61,100,1,0.05,0.3,0.5,0.03393,1.15157,0.08854
62,100,1,0.05,0.3,0.5,0.03393,1.15824,0.11158
63,100,1,0.05,0.3,0.5,0.03393,1.14737,0.09046
64,100,1,0.05,0.3,0.5,0.03393,1.15047,0.08332
65,100,1,0.05,0.3,0.5,0.03393,1.1526,0.11285
66,100,1,0.05,0.3,0.5,0.03393,1.16262,0.13286
67,100,1,0.05,0.3,0.5,0.03393,1.15366,0.09699
68,100,1,0.05,0.3,0.5,0.03393,1.15288,0.12627
69,100,1,0.05,0.3,0.5,0.03393,1.16132,0.11807
70,100,1,0.05,0.3,0.5,0.03393,1.15195,0.09219
71,100,1,0.05,0.3,0.5,0.03393,1.14751,0.08556
72,100,1,0.05,0.3,0.5,0.03393,1.15522,0.1017
73,100,1,0.05,0.3,0.5,0.03393,1.16275,0.14492
74,100,1,0.05,0.3,0.5,0.03393,1.1553,0.15083
75,100,1,0.05,0.3,0.5,0.03393,1.1545,0.15581
76,100,1,0.05,0.3,0.5,0.03393,1.15341,0.12586
77,100,1,0.05,0.3,0.5,0.03393,1.16026,0.14287
78,100,1,0.05,0.3,0.5,0.03393,1.16183,0.15509
79,100,1,0.05,0.3,0.5,0.03393,1.1609,0.09866
80,100,1,0.05,0.3,0.5,0.03393,1.15581,0.08092
81,100,1,0.05,0.3,0.5,0.03393,1.15943,0.13062
82,100,1,0.05,0.3,0.5,0.03393,1.15131,0.0692
83,100,1,0.05,0.3,0.5,0.03393,1.15808,0.13292
84,100,1,0.05,0.3,0.5,0.03393,1.15563,0.10068
85,100,1,0.05,0.3,0.5,0.03393,1.15232,0.09555
86,100,1,0.05,0.3,0.5,0.03393,1.14901,0.08029
87,100,1,0.05,0.3,0.5,0.03393,1.15868,0.10442
88,100,1,0.05,0.3,0.5,0.03393,1.16363,0.12248
89,100,1,0.05,0.3,0.5,0.03393,1.16261,0.16006
90,100,1,0.05,0.3,0.5,0.03393,1.15147,0.06238
91,100,1,0.05,0.3,0.5,0.03393,1.15251,0.16301
92,100,1,0.05,0.3,0.5,0.03393,1.15591,0.15097
93,100,1,0.05,0.3,0.5,0.03393,1.16061,0.16065
94,100,1,0.05,0.3,0.5,0.03393,1.1561,0.07895
95,100,1,0.05,0.3,0.5,0.03393,1.15427,0.11344
96,100,1,0.05,0.3,0.5,0.03393,1.15679,0.14451
97,100,1,0.05,0.3,0.5,0.03393,1.15467,0.08042
98,100,1,0.05,0.3,0.5,0.03393,1.15213,0.09911
99,100,1,0.05,0.3,0.5,0.03393,1.15967,0.13229
0,100,1,0.05,0.3,0.5,0.02812,1.13448,0.11647
1,100,1,0.05,0.3,0.5,0.02812,1.13308,0.12061
2,100,1,0.05,0.3,0.5,0.02812,1.12654,0.08205
3,100,1,0.05,0.3,0.5,0.02812,1.14619,0.16744
4,100,1,0.05,0.3,0.5,0.02812,1.13615,0.14676
5,100,1,0.05,0.3,0.5,0.02812,1.13414,0.08824
6,100,1,0.05,0.3,0.5,0.02812,1.13884,0.07915
7,100,1,0.05,0.3,0.5,0.02812,1.12938,0.08991
8,100,1,0.05,0.3,0.5,0.02812,1.12741,0.11875
9,100,1,0.05,0.3,0.5,0.02812,1.14616,0.17706
10,100,1,0.05,0.3,0.5,0.02812,1.13462,0.10752
11,100,1,0.05,0.3,0.5,0.02812,1.13212,0.09861
12,100,1,0.05,0.3,0.5,0.02812,1.12724,0.07985
13,100,1,0.05,0.3,0.5,0.02812,1.13575,0.15075
14,100,1,0.05,0.3,0.5,0.02812,1.13189,0.11093
15,100,1,0.05,0.3,0.5,0.02812,1.13509,0.10559
16,100,1,0.05,0.3,0.5,0.02812,1.1279,0.09377
17,100,1,0.05,0.3,0.5,0.02812,1.13615,0.14245
18,100,1,0.05,0.3,0.5,0.02812,1.14245,0.18899
19,100,1,0.05,0.3,0.5,0.02812,1.12989,0.09652
20,100,1,0.05,0.3,0.5,0.02812,1.13952,0.17181
21,100,1,0.05,0.3,0.5,0.02812,1.12622,0.08802
22,100,1,0.05,0.3,0.5,0.02812,1.1238,0.05459
23,100,1,0.05,0.3,0.5,0.02812,1.14296,0.16236
24,100,1,0.05,0.3,0.5,0.02812,1.12904,0.09433
25,100,1,0.05,0.3,0.5,0.02812,1.13737,0.1429
26,100,1,0.05,0.3,0.5,0.02812,1.13445,0.18148
27,100,1,0.05,0.3,0.5,0.02812,1.13882,0.10548
28,100,1,0.05,0.3,0.5,0.02812,1.12908,0.10799
29,100,1,0.05,0.3,0.5,0.02812,1.13709,0.09317
30,100,1,0.05,0.3,0.5,0.02812,1.13489,0.12725
31,100,1,0.05,0.3,0.5,0.02812,1.14171,0.13731
32,100,1,0.05,0.3,0.5,0.02812,1.1372,0.1663
33,100,1,0.05,0.3,0.5,0.02812,1.13132,0.15083
34,100,1,0.05,0.3,0.5,0.02812,1.13253,0.13187
35,100,1,0.05,0.3,0.5,0.02812,1.135,0.19153
36,100,1,0.05,0.3,0.5,0.02812,1.13876,0.12881
37,100,1,0.05,0.3,0.5,0.02812,1.12907,0.07537
38,100,1,0.05,0.3,0.5,0.02812,1.13372,0.14431
39,100,1,0.05,0.3,0.5,0.02812,1.13879,0.13053
40,100,1,0.05,0.3,0.5,0.02812,1.13322,0.08403
41,100,1,0.05,0.3,0.5,0.02812,1.14165,0.11648
42,100,1,0.05,0.3,0.5,0.02812,1.13441,0.13053
43,100,1,0.05,0.3,0.5,0.02812,1.14158,0.17473
44,100,1,0.05,0.3,0.5,0.02812,1.13314,0.11642
45,100,1,0.05,0.3,0.5,0.02812,1.12789,0.12897
46,100,1,0.05,0.3,0.5,0.02812,1.14114,0.12412
47,100,1,0.05,0.3,0.5,0.02812,1.13685,0.09743
48,100,1,0.05,0.3,0.5,0.02812,1.13307,0.12253
49,100,1,0.05,0.3,0.5,0.02812,1.13494,0.1583
50,100,1,0.05,0.3,0.5,0.02812,1.13133,0.11738
51,100,1,0.05,0.3,0.5,0.02812,1.12955,0.10183
52,100,1,0.05,0.3,0.5,0.02812,1.15026,0.1921
53,100,1,0.05,0.3,0.5,0.02812,1.13025,0.10236
54,100,1,0.05,0.3,0.5,0.02812,1.135,0.10246
55,100,1,0.05,0.3,0.5,0.02812,1.14417,0.16641
56,100,1,0.05,0.3,0.5,0.02812,1.15578,0.22018
57,100,1,0.05,0.3,0.5,0.02812,1.15072,0.16749
58,100,1,0.05,0.3,0.5,0.02812,1.13453,0.09854
59,100,1,0.05,0.3,0.5,0.02812,1.13294,0.13965
60,100,1,0.05,0.3,0.5,0.02812,1.13371,0.08261
61,100,1,0.05,0.3,0.5,0.02812,1.13098,0.1043
62,100,1,0.05,0.3,0.5,0.02812,1.13858,0.12966
63,100,1,0.05,0.3,0.5,0.02812,1.12757,0.1048
64,100,1,0.05,0.3,0.5,0.02812,1.12967,0.09645
65,100,1,0.05,0.3,0.5,0.02812,1.1319,0.12647
66,100,1,0.05,0.3,0.5,0.02812,1.14223,0.14911
67,100,1,0.05,0.3,0.5,0.02812,1.13282,0.1232
68,100,1,0.05,0.3,0.5,0.02812,1.13315,0.14831
69,100,1,0.05,0.3,0.5,0.02812,1.13901,0.13154
70,100,1,0.05,0.3,0.5,0.02812,1.13219,0.10896
71,100,1,0.05,0.3,0.5,0.02812,1.12715,0.10482
72,100,1,0.05,0.3,0.5,0.02812,1.13441,0.11841
73,100,1,0.05,0.3,0.5,0.02812,1.1446,0.17269
74,100,1,0.05,0.3,0.5,0.02812,1.13483,0.17356
75,100,1,0.05,0.3,0.5,0.02812,1.13718,0.1825
76,100,1,0.05,0.3,0.5,0.02812,1.13437,0.1461
77,100,1,0.05,0.3,0.5,0.02812,1.14022,0.16437
78,100,1,0.05,0.3,0.5,0.02812,1.14309,0.18213
79,100,1,0.05,0.3,0.5,0.02812,1.13869,0.11125
80,100,1,0.05,0.3,0.5,0.02812,1.1346,0.09682
81,100,1,0.05,0.3,0.5,0.02812,1.13967,0.15092
82,100,1,0.05,0.3,0.5,0.02812,1.13086,0.08625
83,100,1,0.05,0.3,0.5,0.02812,1.13838,0.1492
84,100,1,0.05,0.3,0.5,0.02812,1.13472,0.12058
85,100,1,0.05,0.3,0.5,0.02812,1.13189,0.11216
86,100,1,0.05,0.3,0.5,0.02812,1.12783,0.09532
87,100,1,0.05,0.3,0.5,0.02812,1.13718,0.11994
88,100,1,0.05,0.3,0.5,0.02812,1.14189,0.14224
89,100,1,0.05,0.3,0.5,0.02812,1.14432,0.1865
90,100,1,0.05,0.3,0.5,0.02812,1.12936,0.07237
91,100,1,0.05,0.3,0.5,0.02812,1.13626,0.19402
92,100,1,0.05,0.3,0.5,0.02812,1.13635,0.16917
93,100,1,0.05,0.3,0.5,0.02812,1.14191,0.18364
94,100,1,0.05,0.3,0.5,0.02812,1.13361,0.08962
95,100,1,0.05,0.3,0.5,0.02812,1.1346,0.13258
96,100,1,0.05,0.3,0.5,0.02812,1.1384,0.16528
97,100,1,0.05,0.3,0.5,0.02812,1.13326,0.10263
98,100,1,0.05,0.3,0.5,0.02812,1.13135,0.11215
99,100,1,0.05,0.3,0.5,0.02812,1.1398,0.15207
0,100,1,0.05,0.3,0.5,0.0233,1.11021,0.13012
1,100,1,0.05,0.3,0.5,0.0233,1.11195,0.13864
2,100,1,0.05,0.3,0.5,0.0233,1.10493,0.09562
3,100,1,0.05,0.3,0.5,0.0233,1.12633,0.19139
4,100,1,0.05,0.3,0.5,0.0233,1.11482,0.16795
5,100,1,0.05,0.3,0.5,0.0233,1.11004,0.10241
6,100,1,0.05,0.3,0.5,0.0233,1.11538,0.09261
7,100,1,0.05,0.3,0.5,0.0233,1.10736,0.10984
8,100,1,0.05,0.3,0.5,0.0233,1.10967,0.13608
9,100,1,0.05,0.3,0.5,0.0233,1.12672,0.20549
10,100,1,0.05,0.3,0.5,0.0233,1.11297,0.12112
11,100,1,0.05,0.3,0.5,0.0233,1.10802,0.11182
12,100,1,0.05,0.3,0.5,0.0233,1.10522,0.08804
13,100,1,0.05,0.3,0.5,0.0233,1.11642,0.1766
14,100,1,0.05,0.3,0.5,0.0233,1.1096,0.12942
15,100,1,0.05,0.3,0.5,0.0233,1.11133,0.12105
16,100,1,0.05,0.3,0.5,0.0233,1.108,0.11389
17,100,1,0.05,0.3,0.5,0.0233,1.11587,0.15924
18,100,1,0.05,0.3,0.5,0.0233,1.12198,0.2127
19,100,1,0.05,0.3,0.5,0.0233,1.10706,0.10946
20,100,1,0.05,0.3,0.5,0.0233,1.11991,0.19584
21,100,1,0.05,0.3,0.5,0.0233,1.1049,0.10586
22,100,1,0.05,0.3,0.5,0.0233,1.10058,0.06863
23,100,1,0.05,0.3,0.5,0.0233,1.12561,0.1933
24,100,1,0.05,0.3,0.5,0.0233,1.10803,0.10797
25,100,1,0.05,0.3,0.5,0.0233,1.11774,0.1624
26,100,1,0.05,0.3,0.5,0.0233,1.11898,0.20782
27,100,1,0.05,0.3,0.5,0.0233,1.11391,0.12029
28,100,1,0.05,0.3,0.5,0.0233,1.1089,0.12721
29,100,1,0.05,0.3,0.5,0.0233,1.11371,0.10968
30,100,1,0.05,0.3,0.5,0.0233,1.11393,0.14915
31,100,1,0.05,0.3,0.5,0.0233,1.11788,0.15098
32,100,1,0.05,0.3,0.5,0.0233,1.11978,0.18767
33,100,1,0.05,0.3,0.5,0.0233,1.11074,0.17136
34,100,1,0.05,0.3,0.5,0.0233,1.11346,0.15096
35,100,1,0.05,0.3,0.5,0.0233,1.11655,0.213
36,100,1,0.05,0.3,0.5,0.0233,1.11848,0.1453
37,100,1,0.05,0.3,0.5,0.0233,1.10738,0.09607
38,100,1,0.05,0.3,0.5,0.0233,1.11418,0.16576
39,100,1,0.05,0.3,0.5,0.0233,1.11632,0.15053
40,100,1,0.05,0.3,0.5,0.0233,1.11088,0.09787
41,100,1,0.05,0.3,0.5,0.0233,1.11823,0.13141
42,100,1,0.05,0.3,0.5,0.0233,1.11285,0.14576
43,100,1,0.05,0.3,0.5,0.0233,1.12233,0.20423
44,100,1,0.05,0.3,0.5,0.0233,1.11377,0.13598
45,100,1,0.05,0.3,0.5,0.0233,1.11017,0.15331
46,100,1,0.05,0.3,0.5,0.0233,1.11727,0.14151
47,100,1,0.05,0.3,0.5,0.0233,1.11237,0.11335
48,100,1,0.05,0.3,0.5,0.0233,1.11292,0.1396
49,100,1,0.05,0.3,0.5,0.0233,1.11603,0.17954
50,100,1,0.05,0.3,0.5,0.0233,1.11141,0.13772
51,100,1,0.05,0.3,0.5,0.0233,1.10933,0.11748
52,100,1,0.05,0.3,0.5,0.0233,1.13193,0.21661
53,100,1,0.05,0.3,0.5,0.0233,1.10937,0.12404
54,100,1,0.05,0.3,0.5,0.0233,1.11348,0.12432
55,100,1,0.05,0.3,0.5,0.0233,1.12265,0.1856
56,100,1,0.05,0.3,0.5,0.0233,1.13551,0.24374
57,100,1,0.05,0.3,0.5,0.0233,1.12954,0.18785
58,100,1,0.05,0.3,0.5,0.0233,1.11136,0.11314
59,100,1,0.05,0.3,0.5,0.0233,1.11247,0.15812
60,100,1,0.05,0.3,0.5,0.0233,1.10919,0.10118
61,100,1,0.05,0.3,0.5,0.0233,1.10961,0.12219
62,100,1,0.05,0.3,0.5,0.0233,1.11857,0.14994
63,100,1,0.05,0.3,0.5,0.0233,1.10743,0.12026
64,100,1,0.05,0.3,0.5,0.0233,1.10807,0.11111
65,100,1,0.05,0.3,0.5,0.0233,1.10991,0.14043
66,100,1,0.05,0.3,0.5,0.0233,1.12083,0.16596
67,100,1,0.05,0.3,0.5,0.0233,1.11129,0.1535
68,100,1,0.05,0.3,0.5,0.0233,1.11313,0.17345
69,100,1,0.05,0.3,0.5,0.0233,1.11491,0.14527
70,100,1,0.05,0.3,0.5,0.0233,1.11222,0.12746
71,100,1,0.05,0.3,0.5,0.0233,1.1061,0.12668
72,100,1,0.05,0.3,0.5,0.0233,1.11268,0.13633
73,100,1,0.05,0.3,0.5,0.0233,1.12667,0.20382
74,100,1,0.05,0.3,0.5,0.0233,1.11337,0.19877
75,100,1,0.05,0.3,0.5,0.0233,1.12018,0.21111
76,100,1,0.05,0.3,0.5,0.0233,1.11527,0.16859
77,100,1,0.05,0.3,0.5,0.0233,1.11944,0.18713
78,100,1,0.05,0.3,0.5,0.0233,1.12407,0.20968
79,100,1,0.05,0.3,0.5,0.0233,1.11496,0.12469
80,100,1,0.05,0.3,0.5,0.0233,1.11261,0.11568
81,100,1,0.05,0.3,0.5,0.0233,1.1192,0.17375
82,100,1,0.05,0.3,0.5,0.0233,1.11017,0.10713
83,100,1,0.05,0.3,0.5,0.0233,1.11804,0.16693
84,100,1,0.05,0.3,0.5,0.0233,1.11284,0.14334
85,100,1,0.05,0.3,0.5,0.0233,1.11061,0.12954
86,100,1,0.05,0.3,0.5,0.0233,1.10567,0.11219
87,100,1,0.05,0.3,0.5,0.0233,1.11447,0.13634
88,100,1,0.05,0.3,0.5,0.0233,1.11865,0.16334
89,100,1,0.05,0.3,0.5,0.0233,1.12586,0.21558
90,100,1,0.05,0.3,0.5,0.0233,1.10595,0.08385
91,100,1,0.05,0.3,0.5,0.0233,1.12059,0.22791
92,100,1,0.05,0.3,0.5,0.0233,1.11592,0.18729
93,100,1,0.05,0.3,0.5,0.0233,1.12273,0.2081
94,100,1,0.05,0.3,0.5,0.0233,1.10952,0.10197
95,100,1,0.05,0.3,0.5,0.0233,1.1144,0.15335
96,100,1,0.05,0.3,0.5,0.0233,1.11974,0.18695
97,100,1,0.05,0.3,0.5,0.0233,1.11083,0.12711
98,100,1,0.05,0.3,0.5,0.0233,1.10972,0.1267
99,100,1,0.05,0.3,0.5,0.0233,1.11947,0.17269
0,100,1,0.05,0.3,0.5,0.01931,1.08243,0.14554
1,100,1,0.05,0.3,0.5,0.01931,1.08871,0.16067
2,100,1,0.05,0.3,0.5,0.01931,1.08086,0.11151
3,100,1,0.05,0.3,0.5,0.01931,1.10476,0.21852
4,100,1,0.05,0.3,0.5,0.01931,1.09125,0.19165
5,100,1,0.05,0.3,0.5,0.01931,1.08258,0.11791
6,100,1,0.05,0.3,0.5,0.01931,1.08933,0.10867
7,100,1,0.05,0.3,0.5,0.01931,1.08259,0.13324
8,100,1,0.05,0.3,0.5,0.01931,1.09048,0.15657
9,100,1,0.05,0.3,0.5,0.01931,1.10518,0.23708
10,100,1,0.05,0.3,0.5,0.01931,1.08879,0.13655
11,100,1,0.05,0.3,0.5,0.01931,1.0804,0.12633
12,100,1,0.05,0.3,0.5,0.01931,1.08023,0.09651
13,100,1,0.05,0.3,0.5,0.01931,1.09552,0.20627
14,100,1,0.05,0.3,0.5,0.01931,1.08445,0.15035
15,100,1,0.05,0.3,0.5,0.01931,1.0846,0.13939
16,100,1,0.05,0.3,0.5,0.01931,1.08628,0.13694
17,100,1,0.05,0.3,0.5,0.01931,1.09394,0.17933
18,100,1,0.05,0.3,0.5,0.01931,1.09876,0.23912
19,100,1,0.05,0.3,0.5,0.01931,1.08085,0.12407
20,100,1,0.05,0.3,0.5,0.01931,1.09788,0.22219
21,100,1,0.05,0.3,0.5,0.01931,1.08105,0.12616
22,100,1,0.05,0.3,0.5,0.01931,1.07417,0.08601
23,100,1,0.05,0.3,0.5,0.01931,1.10737,0.22739
24,100,1,0.05,0.3,0.5,0.01931,1.08468,0.12288
25,100,1,0.05,0.3,0.5,0.01931,1.09621,0.18364
26,100,1,0.05,0.3,0.5,0.01931,1.1024,0.23564
27,100,1,0.05,0.3,0.5,0.01931,1.08578,0.13812
28,100,1,0.05,0.3,0.5,0.01931,1.0863,0.14813
29,100,1,0.05,0.3,0.5,0.01931,1.08761,0.12926
30,100,1,0.05,0.3,0.5,0.01931,1.09033,0.17236
31,100,1,0.05,0.3,0.5,0.01931,1.09049,0.16677
32,100,1,0.05,0.3,0.5,0.01931,1.10094,0.20959
33,100,1,0.05,0.3,0.5,0.01931,1.08754,0.19512
34,100,1,0.05,0.3,0.5,0.01931,1.09257,0.17263
35,100,1,0.05,0.3,0.5,0.01931,1.09584,0.23493
36,100,1,0.05,0.3,0.5,0.01931,1.09649,0.16514
37,100,1,0.05,0.3,0.5,0.01931,1.08333,0.11974
38,100,1,0.05,0.3,0.5,0.01931,1.09281,0.19061
39,100,1,0.05,0.3,0.5,0.01931,1.09128,0.17344
40,100,1,0.05,0.3,0.5,0.01931,1.08605,0.11494
41,100,1,0.05,0.3,0.5,0.01931,1.09181,0.14824
42,100,1,0.05,0.3,0.5,0.01931,1.08854,0.16354
43,100,1,0.05,0.3,0.5,0.01931,1.10122,0.23667
44,100,1,0.05,0.3,0.5,0.01931,1.09274,0.1577
45,100,1,0.05,0.3,0.5,0.01931,1.09095,0.18054
46,100,1,0.05,0.3,0.5,0.01931,1.0903,0.16022
47,100,1,0.05,0.3,0.5,0.01931,1.08464,0.13176
48,100,1,0.05,0.3,0.5,0.01931,1.09078,0.15914
49,100,1,0.05,0.3,0.5,0.01931,1.09513,0.2019
50,100,1,0.05,0.3,0.5,0.01931,1.08965,0.1618
51,100,1,0.05,0.3,0.5,0.01931,1.08706,0.13489
52,100,1,0.05,0.3,0.5,0.01931,1.11223,0.24254
53,100,1,0.05,0.3,0.5,0.01931,1.086,0.14752
54,100,1,0.05,0.3,0.5,0.01931,1.08982,0.14896
55,100,1,0.05,0.3,0.5,0.01931,1.09859,0.2071
56,100,1,0.05,0.3,0.5,0.01931,1.11291,0.2676
57,100,1,0.05,0.3,0.5,0.01931,1.10641,0.21073
58,100,1,0.05,0.3,0.5,0.01931,1.08525,0.1297
59,100,1,0.05,0.3,0.5,0.01931,1.08935,0.17703
60,100,1,0.05,0.3,0.5,0.01931,1.08142,0.12286
61,100,1,0.05,0.3,0.5,0.01931,1.08566,0.1424
62,100,1,0.05,0.3,0.5,0.01931,1.0967,0.1728
63,100,1,0.05,0.3,0.5,0.01931,1.08515,0.13713
64,100,1,0.05,0.3,0.5,0.01931,1.08385,0.12781
65,100,1,0.05,0.3,0.5,0.01931,1.08452,0.1552
66,100,1,0.05,0.3,0.5,0.01931,1.09698,0.18432
67,100,1,0.05,0.3,0.5,0.01931,1.08732,0.18751
68,100,1,0.05,0.3,0.5,0.01931,1.09128,0.20295
69,100,1,0.05,0.3,0.5,0.01931,1.08725,0.15988
70,100,1,0.05,0.3,0.5,0.01931,1.09037,0.14799
71,100,1,0.05,0.3,0.5,0.01931,1.08238,0.15074
72,100,1,0.05,0.3,0.5,0.01931,1.08829,0.15576
73,100,1,0.05,0.3,0.5,0.01931,1.10769,0.23827
74,100,1,0.05,0.3,0.5,0.01931,1.08917,0.22774
75,100,1,0.05,0.3,0.5,0.01931,1.10174,0.2417
76,100,1,0.05,0.3,0.5,0.01931,1.0945,0.19373
77,100,1,0.05,0.3,0.5,0.01931,1.09641,0.21166
78,100,1,0.05,0.3,0.5,0.01931,1.10308,0.2379
79,100,1,0.05,0.3,0.5,0.01931,1.08812,0.1395
80,100,1,0.05,0.3,0.5,0.01931,1.0884,0.13872
81,100,1,0.05,0.3,0.5,0.01931,1.09642,0.19925
82,100,1,0.05,0.3,0.5,0.01931,1.08778,0.13224
83,100,1,0.05,0.3,0.5,0.01931,1.09554,0.18692
84,100,1,0.05,0.3,0.5,0.01931,1.08828,0.16931
85,100,1,0.05,0.3,0.5,0.01931,1.0866,0.14783
86,100,1,0.05,0.3,0.5,0.01931,1.08059,0.13078
87,100,1,0.05,0.3,0.5,0.01931,1.0889,0.15408
88,100,1,0.05,0.3,0.5,0.01931,1.09232,0.18607
89,100,1,0.05,0.3,0.5,0.01931,1.1057,0.24743
90,100,1,0.05,0.3,0.5,0.01931,1.07948,0.09788
91,100,1,0.05,0.3,0.5,0.01931,1.1036,0.26449
92,100,1,0.05,0.3,0.5,0.01931,1.09277,0.20583
93,100,1,0.05,0.3,0.5,0.01931,1.10143,0.23442
94,100,1,0.05,0.3,0.5,0.01931,1.08208,0.11671
95,100,1,0.05,0.3,0.5,0.01931,1.0919,0.17565
96,100,1,0.05,0.3,0.5,0.01931,1.09911,0.20992
97,100,1,0.05,0.3,0.5,0.01931,1.08557,0.15325
98,100,1,0.05,0.3,0.5,0.01931,1.08554,0.14334
99,100,1,0.05,0.3,0.5,0.01931,1.09726,0.19465
0,100,1,0.05,0.3,0.5,0.016,1.04956,0.16373
1,100,1,0.05,0.3,0.5,0.016,1.06191,0.18717
2,100,1,0.05,0.3,0.5,0.016,1.05258,0.13001
3,100,1,0.05,0.3,0.5,0.016,1.08025,0.24904
4,100,1,0.05,0.3,0.5,0.016,1.06411,0.21924
5,100,1,0.05,0.3,0.5,0.016,1.05003,0.13543
6,100,1,0.05,0.3,0.5,0.016,1.05947,0.12853
7,100,1,0.05,0.3,0.5,0.016,1.05332,0.16007
8,100,1,0.05,0.3,0.5,0.016,1.06814,0.18103
9,100,1,0.05,0.3,0.5,0.016,1.08021,0.27214
10,100,1,0.05,0.3,0.5,0.016,1.06044,0.1546
11,100,1,0.05,0.3,0.5,0.016,1.04743,0.14269
12,100,1,0.05,0.3,0.5,0.016,1.05035,0.10658
13,100,1,0.05,0.3,0.5,0.016,1.07159,0.24008
14,100,1,0.05,0.3,0.5,0.016,1.05464,0.1739
15,100,1,0.05,0.3,0.5,0.016,1.05339,0.16099
16,100,1,0.05,0.3,0.5,0.016,1.06113,0.16351
17,100,1,0.05,0.3,0.5,0.016,1.06923,0.20392
18,100,1,0.05,0.3,0.5,0.016,1.07108,0.26855
19,100,1,0.05,0.3,0.5,0.016,1.0493,0.14087
20,100,1,0.05,0.3,0.5,0.016,1.0717,0.25112
21,100,1,0.05,0.3,0.5,0.016,1.0528,0.14943
22,100,1,0.05,0.3,0.5,0.016,1.04264,0.10707
23,100,1,0.05,0.3,0.5,0.016,1.08689,0.26427
24,100,1,0.05,0.3,0.5,0.016,1.05722,0.13958
25,100,1,0.05,0.3,0.5,0.016,1.07122,0.20694
26,100,1,0.05,0.3,0.5,0.016,1.08301,0.2654
27,100,1,0.05,0.3,0.5,0.016,1.05328,0.16094
28,100,1,0.05,0.3,0.5,0.016,1.05934,0.17085
29,100,1,0.05,0.3,0.5,0.016,1.05743,0.15249
30,100,1,0.05,0.3,0.5,0.016,1.06224,0.1965
31,100,1,0.05,0.3,0.5,0.016,1.05789,0.18591
32,100,1,0.05,0.3,0.5,0.016,1.07907,0.23247
33,100,1,0.05,0.3,0.5,0.016,1.0599,0.22266
34,100,1,0.05,0.3,0.5,0.016,1.06815,0.1973
35,100,1,0.05,0.3,0.5,0.016,1.07105,0.25807
36,100,1,0.05,0.3,0.5,0.016,1.07163,0.18959
37,100,1,0.05,0.3,0.5,0.016,1.05515,0.14642
38,100,1,0.05,0.3,0.5,0.016,1.06816,0.21992
39,100,1,0.05,0.3,0.5,0.016,1.0623,0.20015
40,100,1,0.05,0.3,0.5,0.016,1.05718,0.13581
41,100,1,0.05,0.3,0.5,0.016,1.06102,0.16762
42,100,1,0.05,0.3,0.5,0.016,1.05994,0.18502
43,100,1,0.05,0.3,0.5,0.016,1.07678,0.27233
44,100,1,0.05,0.3,0.5,0.016,1.0684,0.18176
45,100,1,0.05,0.3,0.5,0.016,1.06841,0.21102
46,100,1,0.05,0.3,0.5,0.016,1.05882,0.18085
47,100,1,0.05,0.3,0.5,0.016,1.05229,0.15365
48,100,1,0.05,0.3,0.5,0.016,1.06509,0.18181
49,100,1,0.05,0.3,0.5,0.016,1.07053,0.22575
50,100,1,0.05,0.3,0.5,0.016,1.06446,0.18935
51,100,1,0.05,0.3,0.5,0.016,1.06098,0.15423
52,100,1,0.05,0.3,0.5,0.016,1.08992,0.2703
53,100,1,0.05,0.3,0.5,0.016,1.05829,0.17275
54,100,1,0.05,0.3,0.5,0.016,1.06266,0.1769
55,100,1,0.05,0.3,0.5,0.016,1.07061,0.23159
56,100,1,0.05,0.3,0.5,0.016,1.08696,0.29274
57,100,1,0.05,0.3,0.5,0.016,1.08027,0.23679
58,100,1,0.05,0.3,0.5,0.016,1.05461,0.14892
59,100,1,0.05,0.3,0.5,0.016,1.06165,0.19675
60,100,1,0.05,0.3,0.5,0.016,1.04882,0.1477
61,100,1,0.05,0.3,0.5,0.016,1.05739,0.16499
62,100,1,0.05,0.3,0.5,0.016,1.07145,0.19853
63,100,1,0.05,0.3,0.5,0.016,1.05893,0.15583
64,100,1,0.05,0.3,0.5,0.016,1.05523,0.14711
65,100,1,0.05,0.3,0.5,0.016,1.0537,0.17162
66,100,1,0.05,0.3,0.5,0.016,1.06937,0.20533
67,100,1,0.05,0.3,0.5,0.016,1.05931,0.22486
68,100,1,0.05,0.3,0.5,0.016,1.06625,0.238
69,100,1,0.05,0.3,0.5,0.016,1.05433,0.17614
70,100,1,0.05,0.3,0.5,0.016,1.06496,0.17101
71,100,1,0.05,0.3,0.5,0.016,1.05399,0.17669
72,100,1,0.05,0.3,0.5,0.016,1.05959,0.17731
73,100,1,0.05,0.3,0.5,0.016,1.08647,0.27587
74,100,1,0.05,0.3,0.5,0.016,1.06065,0.26146
75,100,1,0.05,0.3,0.5,0.016,1.08015,0.27434
76,100,1,0.05,0.3,0.5,0.016,1.07039,0.2217
77,100,1,0.05,0.3,0.5,0.016,1.06976,0.23846
78,100,1,0.05,0.3,0.5,0.016,1.07848,0.26755
79,100,1,0.05,0.3,0.5,0.016,1.05667,0.15608
80,100,1,0.05,0.3,0.5,0.016,1.06069,0.16693
81,100,1,0.05,0.3,0.5,0.016,1.06971,0.22725
82,100,1,0.05,0.3,0.5,0.016,1.06227,0.16176
83,100,1,0.05,0.3,0.5,0.016,1.06951,0.21007
84,100,1,0.05,0.3,0.5,0.016,1.05945,0.19894
85,100,1,0.05,0.3,0.5,0.016,1.05795,0.16746
86,100,1,0.05,0.3,0.5,0.016,1.0506,0.15095
87,100,1,0.05,0.3,0.5,0.016,1.05897,0.17391
88,100,1,0.05,0.3,0.5,0.016,1.06146,0.21091
89,100,1,0.05,0.3,0.5,0.016,1.08227,0.28179
90,100,1,0.05,0.3,0.5,0.016,1.0483,0.11556
91,100,1,0.05,0.3,0.5,0.016,1.0835,0.3037
92,100,1,0.05,0.3,0.5,0.016,1.0651,0.22552
93,100,1,0.05,0.3,0.5,0.016,1.07641,0.26284
94,100,1,0.05,0.3,0.5,0.016,1.04961,0.13458
95,100,1,0.05,0.3,0.5,0.016,1.06532,0.19943
96,100,1,0.05,0.3,0.5,0.016,1.07493,0.23486
97,100,1,0.05,0.3,0.5,0.016,1.05567,0.18066
98,100,1,0.05,0.3,0.5,0.016,1.05715,0.16257
99,100,1,0.05,0.3,0.5,0.016,1.07191,0.21853
0,100,1,0.05,0.3,0.5,0.01326,1.01075,0.18575
1,100,1,0.05,0.3,0.5,0.01326,1.03057,0.21813
2,100,1,0.05,0.3,0.5,0.01326,1.01883,0.15136
3,100,1,0.05,0.3,0.5,0.01326,1.05195,0.2828
4,100,1,0.05,0.3,0.5,0.01326,1.03291,0.25233
5,100,1,0.05,0.3,0.5,0.01326,1.01127,0.15604
6,100,1,0.05,0.3,0.5,0.01326,1.02519,0.15324
7,100,1,0.05,0.3,0.5,0.01326,1.01837,0.1902
8,100,1,0.05,0.3,0.5,0.01326,1.04153,0.21019
9,100,1,0.05,0.3,0.5,0.01326,1.05125,0.31097
10,100,1,0.05,0.3,0.5,0.01326,1.02684,0.17624
11,100,1,0.05,0.3,0.5,0.01326,1.00785,0.16148
12,100,1,0.05,0.3,0.5,0.01326,1.01423,0.12012
13,100,1,0.05,0.3,0.5,0.01326,1.04377,0.27807
14,100,1,0.05,0.3,0.5,0.01326,1.01892,0.20009
15,100,1,0.05,0.3,0.5,0.01326,1.0168,0.18618
16,100,1,0.05,0.3,0.5,0.01326,1.03152,0.19424
17,100,1,0.05,0.3,0.5,0.01326,1.04124,0.23387
18,100,1,0.05,0.3,0.5,0.01326,1.03789,0.30105
19,100,1,0.05,0.3,0.5,0.01326,1.01101,0.16039
20,100,1,0.05,0.3,0.5,0.01326,1.04021,0.28285
21,100,1,0.05,0.3,0.5,0.01326,1.0189,0.17649
22,100,1,0.05,0.3,0.5,0.01326,1.00465,0.13199
23,100,1,0.05,0.3,0.5,0.01326,1.06326,0.30356
24,100,1,0.05,0.3,0.5,0.01326,1.02441,0.15872
25,100,1,0.05,0.3,0.5,0.01326,1.04171,0.23266
26,100,1,0.05,0.3,0.5,0.01326,1.05975,0.29769
27,100,1,0.05,0.3,0.5,0.01326,1.01615,0.19052
28,100,1,0.05,0.3,0.5,0.01326,1.02659,0.19567
29,100,1,0.05,0.3,0.5,0.01326,1.02241,0.1796
30,100,1,0.05,0.3,0.5,0.01326,1.02839,0.2213
31,100,1,0.05,0.3,0.5,0.01326,1.01905,0.20939
32,100,1,0.05,0.3,0.5,0.01326,1.05302,0.25699
33,100,1,0.05,0.3,0.5,0.01326,1.02666,0.25433
34,100,1,0.05,0.3,0.5,0.01326,1.03898,0.22535
35,100,1,0.05,0.3,0.5,0.01326,1.04104,0.28344
36,100,1,0.05,0.3,0.5,0.01326,1.04337,0.22009
37,100,1,0.05,0.3,0.5,0.01326,1.02155,0.17604
38,100,1,0.05,0.3,0.5,0.01326,1.03949,0.25443
39,100,1,0.05,0.3,0.5,0.01326,1.02867,0.23152
40,100,1,0.05,0.3,0.5,0.01326,1.02322,0.16077
41,100,1,0.05,0.3,0.5,0.01326,1.02511,0.19019
42,100,1,0.05,0.3,0.5,0.01326,1.02625,0.21129
43,100,1,0.05,0.3,0.5,0.01326,1.04811,0.31135
44,100,1,0.05,0.3,0.5,0.01326,1.03955,0.20847
45,100,1,0.05,0.3,0.5,0.01326,1.04136,0.24542
46,100,1,0.05,0.3,0.5,0.01326,1.02206,0.2042
47,100,1,0.05,0.3,0.5,0.01326,1.01464,0.17988
48,100,1,0.05,0.3,0.5,0.01326,1.03481,0.20805
49,100,1,0.05,0.3,0.5,0.01326,1.04105,0.25153
50,100,1,0.05,0.3,0.5,0.01326,1.03472,0.21975
51,100,1,0.05,0.3,0.5,0.01326,1.02973,0.17559
52,100,1,0.05,0.3,0.5,0.01326,1.06421,0.30015
53,100,1,0.05,0.3,0.5,0.01326,1.02494,0.20003
54,100,1,0.05,0.3,0.5,0.01326,1.0313,0.20883
55,100,1,0.05,0.3,0.5,0.01326,1.0379,0.25948
56,100,1,0.05,0.3,0.5,0.01326,1.05733,0.32014
57,100,1,0.05,0.3,0.5,0.01326,1.05056,0.26653
58,100,1,0.05,0.3,0.5,0.01326,1.01846,0.17162
59,100,1,0.05,0.3,0.5,0.01326,1.02807,0.21786
60,100,1,0.05,0.3,0.5,0.01326,1.01041,0.1759
61,100,1,0.05,0.3,0.5,0.01326,1.02357,0.1899
62,100,1,0.05,0.3,0.5,0.01326,1.04177,0.22746
63,100,1,0.05,0.3,0.5,0.01326,1.02749,0.17684
64,100,1,0.05,0.3,0.5,0.01326,1.02097,0.16964
65,100,1,0.05,0.3,0.5,0.01326,1.01598,0.19075
66,100,1,0.05,0.3,0.5,0.01326,1.03736,0.2301
67,100,1,0.05,0.3,0.5,0.01326,1.02629,0.26524
68,100,1,0.05,0.3,0.5,0.01326,1.03749,0.27945
69,100,1,0.05,0.3,0.5,0.01326,1.01506,0.19496
70,100,1,0.05,0.3,0.5,0.01326,1.03482,0.1974
71,100,1,0.05,0.3,0.5,0.01326,1.01952,0.20441
72,100,1,0.05,0.3,0.5,0.01326,1.02556,0.20177
73,100,1,0.05,0.3,0.5,0.01326,1.06237,0.31647
74,100,1,0.05,0.3,0.5,0.01326,1.02692,0.30027
75,100,1,0.05,0.3,0.5,0.01326,1.05422,0.30908
76,100,1,0.05,0.3,0.5,0.01326,1.04185,0.25274
77,100,1,0.05,0.3,0.5,0.01326,1.03869,0.26791
78,100,1,0.05,0.3,0.5,0.01326,1.04935,0.29965
79,100,1,0.05,0.3,0.5,0.01326,1.01969,0.1748
80,100,1,0.05,0.3,0.5,0.01326,1.0288,0.20082
81,100,1,0.05,0.3,0.5,0.01326,1.03796,0.25736
82,100,1,0.05,0.3,0.5,0.01326,1.03268,0.19556
83,100,1,0.05,0.3,0.5,0.01326,1.03923,0.23724
84,100,1,0.05,0.3,0.5,0.01326,1.02545,0.23261
85,100,1,0.05,0.3,0.5,0.01326,1.02334,0.18916
86,100,1,0.05,0.3,0.5,0.01326,1.01426,0.17262
87,100,1,0.05,0.3,0.5,0.01326,1.02381,0.19669
88,100,1,0.05,0.3,0.5,0.01326,1.0254,0.23847
89,100,1,0.05,0.3,0.5,0.01326,1.05445,0.3181
90,100,1,0.05,0.3,0.5,0.01326,1.01139,0.13762
91,100,1,0.05,0.3,0.5,0.01326,1.05918,0.34562
92,100,1,0.05,0.3,0.5,0.01326,1.03168,0.2472
93,100,1,0.05,0.3,0.5,0.01326,1.0466,0.29347
94,100,1,0.05,0.3,0.5,0.01326,1.01104,0.15622
95,100,1,0.05,0.3,0.5,0.01326,1.03337,0.22467
96,100,1,0.05,0.3,0.5,0.01326,1.04626,0.26269
97,100,1,0.05,0.3,0.5,0.01326,1.0199,0.20917
98,100,1,0.05,0.3,0.5,0.01326,1.02347,0.18469
99,100,1,0.05,0.3,0.5,0.01326,1.04269,0.2448
0,100,1,0.05,0.3,0.5,0.01099,0.96626,0.21252
1,100,1,0.05,0.3,0.5,0.01099,0.99465,0.25331
2,100,1,0.05,0.3,0.5,0.01099,0.97924,0.17591
3,100,1,0.05,0.3,0.5,0.01099,1.01978,0.31955
4,100,1,0.05,0.3,0.5,0.01099,0.99839,0.29237
5,100,1,0.05,0.3,0.5,0.01099,0.96624,0.18119
6,100,1,0.05,0.3,0.5,0.01099,0.98684,0.18342
7,100,1,0.05,0.3,0.5,0.01099,0.97758,0.22342
8,100,1,0.05,0.3,0.5,0.01099,1.0106,0.24458
9,100,1,0.05,0.3,0.5,0.01099,1.01882,0.35373
10,100,1,0.05,0.3,0.5,0.01099,0.98787,0.20248
11,100,1,0.05,0.3,0.5,0.01099,0.96144,0.18333
12,100,1,0.05,0.3,0.5,0.01099,0.97158,0.13922
13,100,1,0.05,0.3,0.5,0.01099,1.01208,0.31994
14,100,1,0.05,0.3,0.5,0.01099,0.97699,0.22897
15,100,1,0.05,0.3,0.5,0.01099,0.97493,0.21545
16,100,1,0.05,0.3,0.5,0.01099,0.99737,0.22965
17,100,1,0.05,0.3,0.5,0.01099,1.0104,0.26972
18,100,1,0.05,0.3,0.5,0.01099,0.99917,0.33657
19,100,1,0.05,0.3,0.5,0.01099,0.96559,0.18315
20,100,1,0.05,0.3,0.5,0.01099,1.00335,0.31766
21,100,1,0.05,0.3,0.5,0.01099,0.97917,0.20833
22,100,1,0.05,0.3,0.5,0.01099,0.95981,0.16081
23,100,1,0.05,0.3,0.5,0.01099,1.0364,0.34501
24,100,1,0.05,0.3,0.5,0.01099,0.9859,0.18108
25,100,1,0.05,0.3,0.5,0.01099,1.00751,0.26135
26,100,1,0.05,0.3,0.5,0.01099,1.03253,0.33311
27,100,1,0.05,0.3,0.5,0.01099,0.97537,0.22783
28,100,1,0.05,0.3,0.5,0.01099,0.98762,0.22304
29,100,1,0.05,0.3,0.5,0.01099,0.98267,0.21044
30,100,1,0.05,0.3,0.5,0.01099,0.98847,0.24669
31,100,1,0.05,0.3,0.5,0.01099,0.97398,0.23769
32,100,1,0.05,0.3,0.5,0.01099,1.02255,0.28414
33,100,1,0.05,0.3,0.5,0.01099,0.98773,0.29043
34,100,1,0.05,0.3,0.5,0.01099,1.00486,0.25728
35,100,1,0.05,0.3,0.5,0.01099,1.00579,0.31232
36,100,1,0.05,0.3,0.5,0.01099,1.01235,0.25824
37,100,1,0.05,0.3,0.5,0.01099,0.9821,0.20844
38,100,1,0.05,0.3,0.5,0.01099,1.00712,0.2943
39,100,1,0.05,0.3,0.5,0.01099,0.9908,0.26828
40,100,1,0.05,0.3,0.5,0.01099,0.98397,0.19
41,100,1,0.05,0.3,0.5,0.01099,0.98429,0.21648
42,100,1,0.05,0.3,0.5,0.01099,0.98773,0.24305
43,100,1,0.05,0.3,0.5,0.01099,1.01531,0.35365
44,100,1,0.05,0.3,0.5,0.01099,1.00584,0.23837
45,100,1,0.05,0.3,0.5,0.01099,1.00973,0.28458
46,100,1,0.05,0.3,0.5,0.01099,0.98028,0.23122
47,100,1,0.05,0.3,0.5,0.01099,0.9721,0.21083
48,100,1,0.05,0.3,0.5,0.01099,0.99978,0.23804
49,100,1,0.05,0.3,0.5,0.01099,1.00638,0.27974
50,100,1,0.05,0.3,0.5,0.01099,1.0,0.25235
51,100,1,0.05,0.3,0.5,0.01099,0.99267,0.19913
52,100,1,0.05,0.3,0.5,0.01099,1.0351,0.33235
53,100,1,0.05,0.3,0.5,0.01099,0.9856,0.23002
54,100,1,0.05,0.3,0.5,0.01099,0.99605,0.24539
55,100,1,0.05,0.3,0.5,0.01099,1.00061,0.29108
56,100,1,0.05,0.3,0.5,0.01099,1.02465,0.35058
57,100,1,0.05,0.3,0.5,0.01099,1.01759,0.30038
58,100,1,0.05,0.3,0.5,0.01099,0.97686,0.19858
59,100,1,0.05,0.3,0.5,0.01099,0.98828,0.24114
60,100,1,0.05,0.3,0.5,0.01099,0.9663,0.20792
61,100,1,0.05,0.3,0.5,0.01099,0.98388,0.21715
62,100,1,0.05,0.3,0.5,0.01099,1.00754,0.26016
63,100,1,0.05,0.3,0.5,0.01099,0.99045,0.20071
64,100,1,0.05,0.3,0.5,0.01099,0.98074,0.19614
65,100,1,0.05,0.3,0.5,0.01099,0.97102,0.21383
66,100,1,0.05,0.3,0.5,0.01099,1.00125,0.25938
67,100,1,0.05,0.3,0.5,0.01099,0.98843,0.30843
68,100,1,0.05,0.3,0.5,0.01099,1.00552,0.32753
69,100,1,0.05,0.3,0.5,0.01099,0.96935,0.21741
70,100,1,0.05,0.3,0.5,0.01099,0.99974,0.22868
71,100,1,0.05,0.3,0.5,0.01099,0.97852,0.23393
72,100,1,0.05,0.3,0.5,0.01099,0.9862,0.22999
73,100,1,0.05,0.3,0.5,0.01099,1.03559,0.36
74,100,1,0.05,0.3,0.5,0.01099,0.98819,0.3439
75,100,1,0.05,0.3,0.5,0.01099,1.02361,0.34596
76,100,1,0.05,0.3,0.5,0.01099,1.0088,0.28741
77,100,1,0.05,0.3,0.5,0.01099,1.00333,0.30028
78,100,1,0.05,0.3,0.5,0.01099,1.01581,0.33515
79,100,1,0.05,0.3,0.5,0.01099,0.97718,0.19611
80,100,1,0.05,0.3,0.5,0.01099,0.993,0.2405
81,100,1,0.05,0.3,0.5,0.01099,1.00092,0.28922
82,100,1,0.05,0.3,0.5,0.01099,0.9989,0.23339
83,100,1,0.05,0.3,0.5,0.01099,1.00503,0.26918
84,100,1,0.05,0.3,0.5,0.01099,0.98656,0.27064
85,100,1,0.05,0.3,0.5,0.01099,0.98238,0.21382
86,100,1,0.05,0.3,0.5,0.01099,0.97103,0.1959
87,100,1,0.05,0.3,0.5,0.01099,0.98351,0.22321
88,100,1,0.05,0.3,0.5,0.01099,0.98456,0.26939
89,100,1,0.05,0.3,0.5,0.01099,1.02199,0.35582
90,100,1,0.05,0.3,0.5,0.01099,0.96871,0.16406
91,100,1,0.05,0.3,0.5,0.01099,1.03069,0.39044
92,100,1,0.05,0.3,0.5,0.01099,0.99232,0.27174
93,100,1,0.05,0.3,0.5,0.01099,1.01182,0.32637
94,100,1,0.05,0.3,0.5,0.01099,0.96636,0.18215
95,100,1,0.05,0.3,0.5,0.01099,0.99567,0.25145
96,100,1,0.05,0.3,0.5,0.01099,1.01322,0.29444
97,100,1,0.05,0.3,0.5,0.01099,0.97807,0.23887
98,100,1,0.05,0.3,0.5,0.01099,0.98432,0.20992
99,100,1,0.05,0.3,0.5,0.01099,1.00969,0.27373
0,100,1,0.05,0.3,0.5,0.0091,0.91761,0.24449
1,100,1,0.05,0.3,0.5,0.0091,0.95518,0.29257
2,100,1,0.05,0.3,0.5,0.0091,0.93453,0.20434
3,100,1,0.05,0.3,0.5,0.0091,0.98456,0.35907
4,100,1,0.05,0.3,0.5,0.0091,0.96275,0.34032
5,100,1,0.05,0.3,0.5,0.0091,0.91624,0.21243
6,100,1,0.05,0.3,0.5,0.0091,0.94579,0.21918
7,100,1,0.05,0.3,0.5,0.0091,0.93199,0.25949
8,100,1,0.05,0.3,0.5,0.0091,0.97647,0.28431
9,100,1,0.05,0.3,0.5,0.0091,0.98462,0.40028
10,100,1,0.05,0.3,0.5,0.0091,0.94457,0.2342
11,100,1,0.05,0.3,0.5,0.0091,0.9092,0.20905
12,100,1,0.05,0.3,0.5,0.0091,0.92337,0.16554
13,100,1,0.05,0.3,0.5,0.0091,0.97755,0.36499
14,100,1,0.05,0.3,0.5,0.0091,0.92967,0.26066
15,100,1,0.05,0.3,0.5,0.0091,0.92914,0.24959
16,100,1,0.05,0.3,0.5,0.0091,0.95976,0.27013
17,100,1,0.05,0.3,0.5,0.0091,0.97817,0.31163
18,100,1,0.05,0.3,0.5,0.0091,0.9562,0.37508
19,100,1,0.05,0.3,0.5,0.0091,0.9139,0.20979
20,100,1,0.05,0.3,0.5,0.0091,0.96233,0.35588
21,100,1,0.05,0.3,0.5,0.0091,0.93484,0.24584
22,100,1,0.05,0.3,0.5,0.0091,0.9089,0.19368
23,100,1,0.05,0.3,0.5,0.0091,1.00728,0.3886
24,100,1,0.05,0.3,0.5,0.0091,0.94248,0.20744
25,100,1,0.05,0.3,0.5,0.0091,0.96967,0.29397
26,100,1,0.05,0.3,0.5,0.0091,1.00238,0.37206
27,100,1,0.05,0.3,0.5,0.0091,0.93326,0.27302
28,100,1,0.05,0.3,0.5,0.0091,0.94323,0.2536
29,100,1,0.05,0.3,0.5,0.0091,0.93929,0.24456
30,100,1,0.05,0.3,0.5,0.0091,0.94325,0.27293
31,100,1,0.05,0.3,0.5,0.0091,0.92391,0.27093
32,100,1,0.05,0.3,0.5,0.0091,0.98855,0.31509
33,100,1,0.05,0.3,0.5,0.0091,0.94451,0.3314
34,100,1,0.05,0.3,0.5,0.0091,0.96677,0.29363
35,100,1,0.05,0.3,0.5,0.0091,0.96675,0.34622
36,100,1,0.05,0.3,0.5,0.0091,0.98062,0.30559
37,100,1,0.05,0.3,0.5,0.0091,0.93741,0.24352
38,100,1,0.05,0.3,0.5,0.0091,0.97247,0.33913
39,100,1,0.05,0.3,0.5,0.0091,0.95041,0.31099
40,100,1,0.05,0.3,0.5,0.0091,0.94032,0.22382
41,100,1,0.05,0.3,0.5,0.0091,0.93985,0.24691
42,100,1,0.05,0.3,0.5,0.0091,0.94586,0.28049
43,100,1,0.05,0.3,0.5,0.0091,0.97954,0.39888
44,100,1,0.05,0.3,0.5,0.0091,0.96802,0.27221
45,100,1,0.05,0.3,0.5,0.0091,0.97486,0.32939
46,100,1,0.05,0.3,0.5,0.0091,0.93492,0.26293
47,100,1,0.05,0.3,0.5,0.0091,0.92614,0.24628
48,100,1,0.05,0.3,0.5,0.0091,0.9609,0.2718
49,100,1,0.05,0.3,0.5,0.0091,0.9673,0.31112
50,100,1,0.05,0.3,0.5,0.0091,0.96092,0.28699
51,100,1,0.05,0.3,0.5,0.0091,0.95014,0.22521
52,100,1,0.05,0.3,0.5,0.0091,1.00359,0.36733
53,100,1,0.05,0.3,0.5,0.0091,0.94119,0.26386
54,100,1,0.05,0.3,0.5,0.0091,0.95833,0.28704
55,100,1,0.05,0.3,0.5,0.0091,0.95998,0.3268
56,100,1,0.05,0.3,0.5,0.0091,0.99054,0.38469
57,100,1,0.05,0.3,0.5,0.0091,0.98279,0.33896
58,100,1,0.05,0.3,0.5,0.0091,0.93105,0.23057
59,100,1,0.05,0.3,0.5,0.0091,0.94317,0.2674
60,100,1,0.05,0.3,0.5,0.0091,0.91793,0.24444
61,100,1,0.05,0.3,0.5,0.0091,0.9391,0.24696
62,100,1,0.05,0.3,0.5,0.0091,0.96982,0.29769
63,100,1,0.05,0.3,0.5,0.0091,0.94849,0.22807
64,100,1,0.05,0.3,0.5,0.0091,0.93542,0.22744
65,100,1,0.05,0.3,0.5,0.0091,0.91987,0.24205
66,100,1,0.05,0.3,0.5,0.0091,0.9624,0.29349
67,100,1,0.05,0.3,0.5,0.0091,0.9472,0.35438
68,100,1,0.05,0.3,0.5,0.0091,0.97208,0.38194
69,100,1,0.05,0.3,0.5,0.0091,0.91834,0.24492
70,100,1,0.05,0.3,0.5,0.0091,0.96094,0.26689
71,100,1,0.05,0.3,0.5,0.0091,0.93176,0.2653
72,100,1,0.05,0.3,0.5,0.0091,0.94271,0.26282
73,100,1,0.05,0.3,0.5,0.0091,1.00735,0.40648
74,100,1,0.05,0.3,0.5,0.0091,0.94599,0.39195
75,100,1,0.05,0.3,0.5,0.0091,0.9891,0.38509
76,100,1,0.05,0.3,0.5,0.0091,0.97249,0.32672
77,100,1,0.05,0.3,0.5,0.0091,0.96485,0.33572
78,100,1,0.05,0.3,0.5,0.0091,0.97924,0.37481
79,100,1,0.05,0.3,0.5,0.0091,0.93031,0.22067
80,100,1,0.05,0.3,0.5,0.0091,0.95475,0.28597
81,100,1,0.05,0.3,0.5,0.0091,0.95944,0.32274
82,100,1,0.05,0.3,0.5,0.0091,0.96177,0.27497
83,100,1,0.05,0.3,0.5,0.0091,0.96834,0.3065
84,100,1,0.05,0.3,0.5,0.0091,0.9444,0.31337
85,100,1,0.05,0.3,0.5,0.0091,0.93593,0.24248
86,100,1,0.05,0.3,0.5,0.0091,0.92151,0.22117
87,100,1,0.05,0.3,0.5,0.0091,0.93925,0.2541
88,100,1,0.05,0.3,0.5,0.0091,0.94062,0.30411
89,100,1,0.05,0.3,0.5,0.0091,0.98585,0.39491
90,100,1,0.05,0.3,0.5,0.0091,0.92122,0.19438
91,100,1,0.05,0.3,0.5,0.0091,0.99937,0.4384
92,100,1,0.05,0.3,0.5,0.0091,0.94798,0.29992
93,100,1,0.05,0.3,0.5,0.0091,0.97303,0.36166
94,100,1,0.05,0.3,0.5,0.0091,0.91676,0.2129
95,100,1,0.05,0.3,0.5,0.0091,0.95291,0.28012
96,100,1,0.05,0.3,0.5,0.0091,0.97724,0.33106
97,100,1,0.05,0.3,0.5,0.0091,0.93118,0.27017
98,100,1,0.05,0.3,0.5,0.0091,0.9406,0.23845
99,100,1,0.05,0.3,0.5,0.0091,0.97385,0.3054
0,100,1,0.05,0.3,0.5,0.00754,0.86738,0.28157
1,100,1,0.05,0.3,0.5,0.00754,0.91434,0.33597
2,100,1,0.05,0.3,0.5,0.00754,0.88663,0.23768
3,100,1,0.05,0.3,0.5,0.00754,0.94806,0.40126
4,100,1,0.05,0.3,0.5,0.00754,0.92944,0.39647
5,100,1,0.05,0.3,0.5,0.00754,0.86398,0.251
6,100,1,0.05,0.3,0.5,0.00754,0.9044,0.26037
7,100,1,0.05,0.3,0.5,0.00754,0.88375,0.29822
8,100,1,0.05,0.3,0.5,0.00754,0.94133,0.32916
9,100,1,0.05,0.3,0.5,0.00754,0.95129,0.45027
10,100,1,0.05,0.3,0.5,0.00754,0.8991,0.27187
11,100,1,0.05,0.3,0.5,0.00754,0.8534,0.23969
12,100,1,0.05,0.3,0.5,0.00754,0.87189,0.19989
13,100,1,0.05,0.3,0.5,0.00754,0.94203,0.41216
14,100,1,0.05,0.3,0.5,0.00754,0.87889,0.29552
15,100,1,0.05,0.3,0.5,0.00754,0.88199,0.28944
16,100,1,0.05,0.3,0.5,0.00754,0.92096,0.31592
17,100,1,0.05,0.3,0.5,0.00754,0.94691,0.35941
18,100,1,0.05,0.3,0.5,0.00754,0.91149,0.4167
19,100,1,0.05,0.3,0.5,0.00754,0.85819,0.24116
20,100,1,0.05,0.3,0.5,0.00754,0.91966,0.39781
21,100,1,0.05,0.3,0.5,0.00754,0.88857,0.28958
22,100,1,0.05,0.3,0.5,0.00754,0.85397,0.23109
23,100,1,0.05,0.3,0.5,0.00754,0.97796,0.43477
24,100,1,0.05,0.3,0.5,0.00754,0.89607,0.23853
25,100,1,0.05,0.3,0.5,0.00754,0.93056,0.33193
26,100,1,0.05,0.3,0.5,0.00754,0.97135,0.41477
27,100,1,0.05,0.3,0.5,0.00754,0.89329,0.32573
28,100,1,0.05,0.3,0.5,0.00754,0.89552,0.28809
29,100,1,0.05,0.3,0.5,0.00754,0.89424,0.28147
30,100,1,0.05,0.3,0.5,0.00754,0.89466,0.30077
31,100,1,0.05,0.3,0.5,0.00754,0.87135,0.30928
32,100,1,0.05,0.3,0.5,0.00754,0.953,0.35092
33,100,1,0.05,0.3,0.5,0.00754,0.89988,0.37777
34,100,1,0.05,0.3,0.5,0.00754,0.92698,0.33482
35,100,1,0.05,0.3,0.5,0.00754,0.92687,0.38677
36,100,1,0.05,0.3,0.5,0.00754,0.95164,0.36319
37,100,1,0.05,0.3,0.5,0.00754,0.88926,0.28156
38,100,1,0.05,0.3,0.5,0.00754,0.938,0.38834
39,100,1,0.05,0.3,0.5,0.00754,0.91045,0.35985
40,100,1,0.05,0.3,0.5,0.00754,0.89427,0.26269
41,100,1,0.05,0.3,0.5,0.00754,0.89404,0.28184
42,100,1,0.05,0.3,0.5,0.00754,0.90322,0.32349
43,100,1,0.05,0.3,0.5,0.00754,0.94296,0.44653
44,100,1,0.05,0.3,0.5,0.00754,0.92799,0.31077
45,100,1,0.05,0.3,0.5,0.00754,0.93954,0.38053
46,100,1,0.05,0.3,0.5,0.00754,0.88856,0.30023
47,100,1,0.05,0.3,0.5,0.00754,0.8791,0.28563
48,100,1,0.05,0.3,0.5,0.00754,0.92005,0.30937
49,100,1,0.05,0.3,0.5,0.00754,0.92586,0.34685
50,100,1,0.05,0.3,0.5,0.00754,0.9192,0.32416
51,100,1,0.05,0.3,0.5,0.00754,0.90354,0.25455
52,100,1,0.05,0.3,0.5,0.00754,0.97177,0.40578
53,100,1,0.05,0.3,0.5,0.00754,0.89405,0.30304
54,100,1,0.05,0.3,0.5,0.00754,0.92065,0.3342
55,100,1,0.05,0.3,0.5,0.00754,0.91844,0.36733
56,100,1,0.05,0.3,0.5,0.00754,0.95742,0.4232
57,100,1,0.05,0.3,0.5,0.00754,0.94873,0.38306
58,100,1,0.05,0.3,0.5,0.00754,0.88353,0.26827
59,100,1,0.05,0.3,0.5,0.00754,0.89481,0.29739
60,100,1,0.05,0.3,0.5,0.00754,0.86807,0.28627
61,100,1,0.05,0.3,0.5,0.00754,0.89114,0.27991
62,100,1,0.05,0.3,0.5,0.00754,0.93121,0.34167
63,100,1,0.05,0.3,0.5,0.00754,0.90343,0.25947
64,100,1,0.05,0.3,0.5,0.00754,0.88718,0.26433
65,100,1,0.05,0.3,0.5,0.00754,0.86507,0.27641
66,100,1,0.05,0.3,0.5,0.00754,0.92309,0.33258
67,100,1,0.05,0.3,0.5,0.00754,0.90537,0.4032
68,100,1,0.05,0.3,0.5,0.00754,0.93999,0.44209
69,100,1,0.05,0.3,0.5,0.00754,0.86462,0.27935
70,100,1,0.05,0.3,0.5,0.00754,0.92125,0.3139
71,100,1,0.05,0.3,0.5,0.00754,0.8811,0.29851
72,100,1,0.05,0.3,0.5,0.00754,0.89752,0.30102
73,100,1,0.05,0.3,0.5,0.00754,0.97973,0.45595
74,100,1,0.05,0.3,0.5,0.00754,0.90335,0.44438
75,100,1,0.05,0.3,0.5,0.00754,0.95262,0.42675
76,100,1,0.05,0.3,0.5,0.00754,0.93557,0.37177
77,100,1,0.05,0.3,0.5,0.00754,0.9253,0.3743
78,100,1,0.05,0.3,0.5,0.00754,0.94223,0.41931
79,100,1,0.05,0.3,0.5,0.00754,0.88135,0.24939
80,100,1,0.05,0.3,0.5,0.00754,0.91674,0.33737
81,100,1,0.05,0.3,0.5,0.00754,0.91556,0.35833
82,100,1,0.05,0.3,0.5,0.00754,0.9231,0.32018
83,100,1,0.05,0.3,0.5,0.00754,0.93164,0.34973
84,100,1,0.05,0.3,0.5,0.00754,0.902,0.36127
85,100,1,0.05,0.3,0.5,0.00754,0.88616,0.27616
86,100,1,0.05,0.3,0.5,0.00754,0.86754,0.24933
87,100,1,0.05,0.3,0.5,0.00754,0.89326,0.28996
88,100,1,0.05,0.3,0.5,0.00754,0.89628,0.3428
89,100,1,0.05,0.3,0.5,0.00754,0.94828,0.43592
90,100,1,0.05,0.3,0.5,0.00754,0.87078,0.22815
91,100,1,0.05,0.3,0.5,0.00754,0.9678,0.48975
92,100,1,0.05,0.3,0.5,0.00754,0.90083,0.33237
93,100,1,0.05,0.3,0.5,0.00754,0.93224,0.39956
94,100,1,0.05,0.3,0.5,0.00754,0.86476,0.24909
95,100,1,0.05,0.3,0.5,0.00754,0.90701,0.31148
96,100,1,0.05,0.3,0.5,0.00754,0.94085,0.37308
97,100,1,0.05,0.3,0.5,0.00754,0.88145,0.30383
98,100,1,0.05,0.3,0.5,0.00754,0.89428,0.27071
99,100,1,0.05,0.3,0.5,0.00754,0.93696,0.33993
0,100,1,0.05,0.3,0.5,0.00625,0.81893,0.32342
1,100,1,0.05,0.3,0.5,0.00625,0.87534,0.38382
2,100,1,0.05,0.3,0.5,0.00625,0.83868,0.27719
3,100,1,0.05,0.3,0.5,0.00625,0.91285,0.44617
4,100,1,0.05,0.3,0.5,0.00625,0.90278,0.46072
5,100,1,0.05,0.3,0.5,0.00625,0.81339,0.29742
6,100,1,0.05,0.3,0.5,0.00625,0.86574,0.30688
7,100,1,0.05,0.3,0.5,0.00625,0.83591,0.33965
8,100,1,0.05,0.3,0.5,0.00625,0.90814,0.37899
9,100,1,0.05,0.3,0.5,0.00625,0.92195,0.50324
10,100,1,0.05,0.3,0.5,0.00625,0.85449,0.31554
11,100,1,0.05,0.3,0.5,0.00625,0.79753,0.27642
12,100,1,0.05,0.3,0.5,0.00625,0.82058,0.24214
13,100,1,0.05,0.3,0.5,0.00625,0.90787,0.46048
14,100,1,0.05,0.3,0.5,0.00625,0.82764,0.33415
15,100,1,0.05,0.3,0.5,0.00625,0.8371,0.33574
16,100,1,0.05,0.3,0.5,0.00625,0.88423,0.36726
17,100,1,0.05,0.3,0.5,0.00625,0.9195,0.4126
18,100,1,0.05,0.3,0.5,0.00625,0.86863,0.46178
19,100,1,0.05,0.3,0.5,0.00625,0.80208,0.27823
20,100,1,0.05,0.3,0.5,0.00625,0.87887,0.44369
21,100,1,0.05,0.3,0.5,0.00625,0.84422,0.33959
22,100,1,0.05,0.3,0.5,0.00625,0.79845,0.27402
23,100,1,0.05,0.3,0.5,0.00625,0.95152,0.48442
24,100,1,0.05,0.3,0.5,0.00625,0.84969,0.27509
25,100,1,0.05,0.3,0.5,0.00625,0.89388,0.37682
26,100,1,0.05,0.3,0.5,0.00625,0.94228,0.46148
27,100,1,0.05,0.3,0.5,0.00625,0.85967,0.38557
28,100,1,0.05,0.3,0.5,0.00625,0.84784,0.32739
29,100,1,0.05,0.3,0.5,0.00625,0.85006,0.321
30,100,1,0.05,0.3,0.5,0.00625,0.84566,0.33151
31,100,1,0.05,0.3,0.5,0.00625,0.8201,0.35335
32,100,1,0.05,0.3,0.5,0.00625,0.91882,0.39231
33,100,1,0.05,0.3,0.5,0.00625,0.8581,0.43
34,100,1,0.05,0.3,0.5,0.00625,0.88874,0.38106
35,100,1,0.05,0.3,0.5,0.00625,0.89058,0.43565
36,100,1,0.05,0.3,0.5,0.00625,0.92987,0.43129
37,100,1,0.05,0.3,0.5,0.00625,0.84061,0.32326
38,100,1,0.05,0.3,0.5,0.00625,0.90689,0.44157
39,100,1,0.05,0.3,0.5,0.00625,0.87474,0.41482
40,100,1,0.05,0.3,0.5,0.00625,0.84893,0.30721
41,100,1,0.05,0.3,0.5,0.00625,0.84987,0.3218
42,100,1,0.05,0.3,0.5,0.00625,0.86325,0.37185
43,100,1,0.05,0.3,0.5,0.00625,0.90843,0.49611
44,100,1,0.05,0.3,0.5,0.00625,0.88869,0.35467
45,100,1,0.05,0.3,0.5,0.00625,0.90766,0.43828
46,100,1,0.05,0.3,0.5,0.00625,0.84467,0.34376
47,100,1,0.05,0.3,0.5,0.00625,0.83394,0.32842
48,100,1,0.05,0.3,0.5,0.00625,0.88006,0.35096
49,100,1,0.05,0.3,0.5,0.00625,0.8855,0.38859
50,100,1,0.05,0.3,0.5,0.00625,0.87777,0.36511
51,100,1,0.05,0.3,0.5,0.00625,0.85536,0.28821
52,100,1,0.05,0.3,0.5,0.00625,0.94265,0.44857
53,100,1,0.05,0.3,0.5,0.00625,0.848,0.34924
54,100,1,0.05,0.3,0.5,0.00625,0.88656,0.38767
55,100,1,0.05,0.3,0.5,0.00625,0.87944,0.41358
56,100,1,0.05,0.3,0.5,0.00625,0.92852,0.46736
57,100,1,0.05,0.3,0.5,0.00625,0.91896,0.43353
58,100,1,0.05,0.3,0.5,0.00625,0.83778,0.31216
59,100,1,0.05,0.3,0.5,0.00625,0.84623,0.33164
60,100,1,0.05,0.3,0.5,0.00625,0.8206,0.33415
61,100,1,0.05,0.3,0.5,0.00625,0.84297,0.31686
62,100,1,0.05,0.3,0.5,0.00625,0.8957,0.39381
63,100,1,0.05,0.3,0.5,0.00625,0.85797,0.29525
64,100,1,0.05,0.3,0.5,0.00625,0.83936,0.30745
65,100,1,0.05,0.3,0.5,0.00625,0.81055,0.31756
66,100,1,0.05,0.3,0.5,0.00625,0.8864,0.3769
67,100,1,0.05,0.3,0.5,0.00625,0.8667,0.4551
68,100,1,0.05,0.3,0.5,0.00625,0.91297,0.50741
69,100,1,0.05,0.3,0.5,0.00625,0.81238,0.32283
70,100,1,0.05,0.3,0.5,0.00625,0.88492,0.37062
71,100,1,0.05,0.3,0.5,0.00625,0.82927,0.3336
72,100,1,0.05,0.3,0.5,0.00625,0.85407,0.34521
73,100,1,0.05,0.3,0.5,0.00625,0.95535,0.50835
74,100,1,0.05,0.3,0.5,0.00625,0.86482,0.50168
75,100,1,0.05,0.3,0.5,0.00625,0.91711,0.47142
76,100,1,0.05,0.3,0.5,0.00625,0.90175,0.42337
77,100,1,0.05,0.3,0.5,0.00625,0.88738,0.41619
78,100,1,0.05,0.3,0.5,0.00625,0.90849,0.46949
79,100,1,0.05,0.3,0.5,0.00625,0.83352,0.28332
80,100,1,0.05,0.3,0.5,0.00625,0.88281,0.39505
81,100,1,0.05,0.3,0.5,0.00625,0.87249,0.39687
82,100,1,0.05,0.3,0.5,0.00625,0.88557,0.36927
83,100,1,0.05,0.3,0.5,0.00625,0.89831,0.39949
84,100,1,0.05,0.3,0.5,0.00625,0.86358,0.41489
85,100,1,0.05,0.3,0.5,0.00625,0.83645,0.31586
86,100,1,0.05,0.3,0.5,0.00625,0.81221,0.2818
87,100,1,0.05,0.3,0.5,0.00625,0.84861,0.3315
88,100,1,0.05,0.3,0.5,0.00625,0.85489,0.3855
89,100,1,0.05,0.3,0.5,0.00625,0.91271,0.47986
90,100,1,0.05,0.3,0.5,0.00625,0.82007,0.2657
91,100,1,0.05,0.3,0.5,0.00625,0.93953,0.54487
92,100,1,0.05,0.3,0.5,0.00625,0.85404,0.36961
93,100,1,0.05,0.3,0.5,0.00625,0.89231,0.44033
94,100,1,0.05,0.3,0.5,0.00625,0.81409,0.29133
95,100,1,0.05,0.3,0.5,0.00625,0.86111,0.34691
96,100,1,0.05,0.3,0.5,0.00625,0.90737,0.42052
97,100,1,0.05,0.3,0.5,0.00625,0.83225,0.34105
98,100,1,0.05,0.3,0.5,0.00625,0.84827,0.3074
99,100,1,0.05,0.3,0.5,0.00625,0.90146,0.37766
0,100,1,0.05,0.3,0.5,0.00518,0.77601,0.36984
1,100,1,0.05,0.3,0.5,0.00518,0.84216,0.43664
2,100,1,0.05,0.3,0.5,0.00518,0.79495,0.32415
3,100,1,0.05,0.3,0.5,0.00518,0.8821,0.49421
4,100,1,0.05,0.3,0.5,0.00518,0.88751,0.53304
5,100,1,0.05,0.3,0.5,0.00518,0.76926,0.35168
6,100,1,0.05,0.3,0.5,0.00518,0.83336,0.3589
7,100,1,0.05,0.3,0.5,0.00518,0.79221,0.38423
8,100,1,0.05,0.3,0.5,0.00518,0.88045,0.43414
9,100,1,0.05,0.3,0.5,0.00518,0.89978,0.55904
10,100,1,0.05,0.3,0.5,0.00518,0.81432,0.36493
11,100,1,0.05,0.3,0.5,0.00518,0.74613,0.32045
12,100,1,0.05,0.3,0.5,0.00518,0.77362,0.29169
13,100,1,0.05,0.3,0.5,0.00518,0.87771,0.50946
14,100,1,0.05,0.3,0.5,0.00518,0.77981,0.37741
15,100,1,0.05,0.3,0.5,0.00518,0.79885,0.38901
16,100,1,0.05,0.3,0.5,0.00518,0.85358,0.42446
17,100,1,0.05,0.3,0.5,0.00518,0.89901,0.47085
18,100,1,0.05,0.3,0.5,0.00518,0.83198,0.51093
19,100,1,0.05,0.3,0.5,0.00518,0.7503,0.32192
20,100,1,0.05,0.3,0.5,0.00518,0.8441,0.49373
21,100,1,0.05,0.3,0.5,0.00518,0.80643,0.39556
22,100,1,0.05,0.3,0.5,0.00518,0.74721,0.32388
23,100,1,0.05,0.3,0.5,0.00518,0.93186,0.53889
24,100,1,0.05,0.3,0.5,0.00518,0.80728,0.31793
25,100,1,0.05,0.3,0.5,0.00518,0.8643,0.42997
26,100,1,0.05,0.3,0.5,0.00518,0.91861,0.51279
27,100,1,0.05,0.3,0.5,0.00518,0.83695,0.45241
28,100,1,0.05,0.3,0.5,0.00518,0.8045,0.3724
29,100,1,0.05,0.3,0.5,0.00518,0.80974,0.36341
30,100,1,0.05,0.3,0.5,0.00518,0.80015,0.36688
31,100,1,0.05,0.3,0.5,0.00518,0.77521,0.40434
32,100,1,0.05,0.3,0.5,0.00518,0.88948,0.43964
33,100,1,0.05,0.3,0.5,0.00518,0.8242,0.48826
34,100,1,0.05,0.3,0.5,0.00518,0.85599,0.43247
35,100,1,0.05,0.3,0.5,0.00518,0.86348,0.4944
36,100,1,0.05,0.3,0.5,0.00518,0.91993,0.50923
37,100,1,0.05,0.3,0.5,0.00518,0.79553,0.3698
38,100,1,0.05,0.3,0.5,0.00518,0.88277,0.4989
39,100,1,0.05,0.3,0.5,0.00518,0.84757,0.47571
40,100,1,0.05,0.3,0.5,0.00518,0.80826,0.35795
41,100,1,0.05,0.3,0.5,0.00518,0.81093,0.3676
42,100,1,0.05,0.3,0.5,0.00518,0.83002,0.42577
43,100,1,0.05,0.3,0.5,0.00518,0.87926,0.54746
44,100,1,0.05,0.3,0.5,0.00518,0.85379,0.40434
45,100,1,0.05,0.3,0.5,0.00518,0.88363,0.50236
46,100,1,0.05,0.3,0.5,0.00518,0.80723,0.39381
47,100,1,0.05,0.3,0.5,0.00518,0.79397,0.37468
48,100,1,0.05,0.3,0.5,0.00518,0.84445,0.39706
49,100,1,0.05,0.3,0.5,0.00518,0.85113,0.43836
50,100,1,0.05,0.3,0.5,0.00518,0.84062,0.41148
51,100,1,0.05,0.3,0.5,0.00518,0.80918,0.32756
52,100,1,0.05,0.3,0.5,0.00518,0.91981,0.49657
53,100,1,0.05,0.3,0.5,0.00518,0.80824,0.40405
54,100,1,0.05,0.3,0.5,0.00518,0.86065,0.44893
55,100,1,0.05,0.3,0.5,0.00518,0.84724,0.46661
56,100,1,0.05,0.3,0.5,0.00518,0.90775,0.51903
57,100,1,0.05,0.3,0.5,0.00518,0.89751,0.49102
58,100,1,0.05,0.3,0.5,0.00518,0.79792,0.36245
59,100,1,0.05,0.3,0.5,0.00518,0.80105,0.37052
60,100,1,0.05,0.3,0.5,0.00518,0.78018,0.38859
61,100,1,0.05,0.3,0.5,0.00518,0.79846,0.35887
62,100,1,0.05,0.3,0.5,0.00518,0.86836,0.45525
63,100,1,0.05,0.3,0.5,0.00518,0.81544,0.33556
64,100,1,0.05,0.3,0.5,0.00518,0.79631,0.35731
65,100,1,0.05,0.3,0.5,0.00518,0.76139,0.3658
66,100,1,0.05,0.3,0.5,0.00518,0.85599,0.42705
67,100,1,0.05,0.3,0.5,0.00518,0.8355,0.51039
68,100,1,0.05,0.3,0.5,0.00518,0.89533,0.57773
69,100,1,0.05,0.3,0.5,0.00518,0.76749,0.37726
70,100,1,0.05,0.3,0.5,0.00518,0.85699,0.43682
71,100,1,0.05,0.3,0.5,0.00518,0.7797,0.37093
72,100,1,0.05,0.3,0.5,0.00518,0.81659,0.39589
73,100,1,0.05,0.3,0.5,0.00518,0.93696,0.56358
74,100,1,0.05,0.3,0.5,0.00518,0.83598,0.56449
75,100,1,0.05,0.3,0.5,0.00518,0.88632,0.51987
76,100,1,0.05,0.3,0.5,0.00518,0.87528,0.48179
77,100,1,0.05,0.3,0.5,0.00518,0.85429,0.46197
78,100,1,0.05,0.3,0.5,0.00518,0.88267,0.52654
79,100,1,0.05,0.3,0.5,0.00518,0.79073,0.32349
80,100,1,0.05,0.3,0.5,0.00518,0.85757,0.45945
81,100,1,0.05,0.3,0.5,0.00518,0.83438,0.43964
82,100,1,0.05,0.3,0.5,0.00518,0.85259,0.4229
83,100,1,0.05,0.3,0.5,0.00518,0.8723,0.45649
84,100,1,0.05,0.3,0.5,0.00518,0.83403,0.47473
85,100,1,0.05,0.3,0.5,0.00518,0.79117,0.3624
86,100,1,0.05,0.3,0.5,0.00518,0.75991,0.32049
87,100,1,0.05,0.3,0.5,0.00518,0.80925,0.37978
88,100,1,0.05,0.3,0.5,0.00518,0.82007,0.43236
89,100,1,0.05,0.3,0.5,0.00518,0.88319,0.52783
90,100,1,0.05,0.3,0.5,0.00518,0.7727,0.30858
91,100,1,0.05,0.3,0.5,0.00518,0.91872,0.60427
92,100,1,0.05,0.3,0.5,0.00518,0.81152,0.41199
93,100,1,0.05,0.3,0.5,0.00518,0.8567,0.48431
94,100,1,0.05,0.3,0.5,0.00518,0.76936,0.34002
95,100,1,0.05,0.3,0.5,0.00518,0.81947,0.38823
96,100,1,0.05,0.3,0.5,0.00518,0.88041,0.47304
97,100,1,0.05,0.3,0.5,0.00518,0.7879,0.38341
98,100,1,0.05,0.3,0.5,0.00518,0.80621,0.34942
99,100,1,0.05,0.3,0.5,0.00518,0.87034,0.41937
0,100,1,0.05,0.3,0.5,0.00429,0.74261,0.42108
1,100,1,0.05,0.3,0.5,0.00429,0.81911,0.49501
2,100,1,0.05,0.3,0.5,0.00429,0.76062,0.37973
3,100,1,0.05,0.3,0.5,0.00429,0.85948,0.54651
4,100,1,0.05,0.3,0.5,0.00429,0.8881,0.61356
5,100,1,0.05,0.3,0.5,0.00429,0.73684,0.41366
6,100,1,0.05,0.3,0.5,0.00429,0.81105,0.41693
7,100,1,0.05,0.3,0.5,0.00429,0.75688,0.4329
8,100,1,0.05,0.3,0.5,0.00429,0.86234,0.49576
9,100,1,0.05,0.3,0.5,0.00429,0.88776,0.61789
10,100,1,0.05,0.3,0.5,0.00429,0.78243,0.41975
11,100,1,0.05,0.3,0.5,0.00429,0.70464,0.37279
12,100,1,0.05,0.3,0.5,0.00429,0.7356,0.34798
13,100,1,0.05,0.3,0.5,0.00429,0.85448,0.55959
14,100,1,0.05,0.3,0.5,0.00429,0.74012,0.42637
15,100,1,0.05,0.3,0.5,0.00429,0.772,0.44958
16,100,1,0.05,0.3,0.5,0.00429,0.83331,0.48794
17,100,1,0.05,0.3,0.5,0.00429,0.88848,0.53425
18,100,1,0.05,0.3,0.5,0.00429,0.80624,0.56499
19,100,1,0.05,0.3,0.5,0.00429,0.7084,0.37289
20,100,1,0.05,0.3,0.5,0.00429,0.8196,0.54828
21,100,1,0.05,0.3,0.5,0.00429,0.7799,0.45716
22,100,1,0.05,0.3,0.5,0.00429,0.70661,0.38238
23,100,1,0.05,0.3,0.5,0.00429,0.92321,0.59963
24,100,1,0.05,0.3,0.5,0.00429,0.77338,0.36805
25,100,1,0.05,0.3,0.5,0.00429,0.8467,0.49199
26,100,1,0.05,0.3,0.5,0.00429,0.90428,0.57
27,100,1,0.05,0.3,0.5,0.00429,0.82943,0.52653
28,100,1,0.05,0.3,0.5,0.00429,0.77042,0.42398
29,100,1,0.05,0.3,0.5,0.00429,0.77651,0.40937
30,100,1,0.05,0.3,0.5,0.00429,0.76282,0.40891
31,100,1,0.05,0.3,0.5,0.00429,0.74286,0.46392
32,100,1,0.05,0.3,0.5,0.00429,0.86869,0.49329
33,100,1,0.05,0.3,0.5,0.00429,0.80317,0.55233
34,100,1,0.05,0.3,0.5,0.00429,0.83283,0.4892
35,100,1,0.05,0.3,0.5,0.00429,0.85171,0.56427
36,100,1,0.05,0.3,0.5,0.00429,0.92554,0.59567
37,100,1,0.05,0.3,0.5,0.00429,0.75903,0.42267
38,100,1,0.05,0.3,0.5,0.00429,0.86922,0.56077
39,100,1,0.05,0.3,0.5,0.00429,0.83309,0.54242
40,100,1,0.05,0.3,0.5,0.00429,0.77673,0.41536
41,100,1,0.05,0.3,0.5,0.00429,0.78136,0.4204
42,100,1,0.05,0.3,0.5,0.00429,0.80793,0.4858
43,100,1,0.05,0.3,0.5,0.00429,0.85897,0.60104
44,100,1,0.05,0.3,0.5,0.00429,0.8274,0.4603
45,100,1,0.05,0.3,0.5,0.00429,0.87152,0.57213
46,100,1,0.05,0.3,0.5,0.00429,0.78032,0.45048
47,100,1,0.05,0.3,0.5,0.00429,0.7627,0.42497
48,100,1,0.05,0.3,0.5,0.00429,0.81725,0.44849
49,100,1,0.05,0.3,0.5,0.00429,0.82865,0.49803
50,100,1,0.05,0.3,0.5,0.00429,0.8125,0.46497
51,100,1,0.05,0.3,0.5,0.00429,0.76954,0.3741
52,100,1,0.05,0.3,0.5,0.00429,0.90676,0.55048
53,100,1,0.05,0.3,0.5,0.00429,0.78107,0.46884
54,100,1,0.05,0.3,0.5,0.00429,0.84848,0.51997
55,100,1,0.05,0.3,0.5,0.00429,0.82644,0.52735
56,100,1,0.05,0.3,0.5,0.00429,0.89962,0.58052
57,100,1,0.05,0.3,0.5,0.00429,0.8883,0.55583
58,100,1,0.05,0.3,0.5,0.00429,0.7682,0.41902
59,100,1,0.05,0.3,0.5,0.00429,0.7632,0.41431
60,100,1,0.05,0.3,0.5,0.00429,0.75172,0.4499
61,100,1,0.05,0.3,0.5,0.00429,0.76213,0.40695
62,100,1,0.05,0.3,0.5,0.00429,0.85426,0.526
63,100,1,0.05,0.3,0.5,0.00429,0.77947,0.38058
64,100,1,0.05,0.3,0.5,0.00429,0.76299,0.4144
65,100,1,0.05,0.3,0.5,0.00429,0.72327,0.42102
66,100,1,0.05,0.3,0.5,0.00429,0.83584,0.48391
67,100,1,0.05,0.3,0.5,0.00429,0.81603,0.5696
68,100,1,0.05,0.3,0.5,0.00429,0.89159,0.65348
69,100,1,0.05,0.3,0.5,0.00429,0.73716,0.44394
70,100,1,0.05,0.3,0.5,0.00429,0.8425,0.51181
71,100,1,0.05,0.3,0.5,0.00429,0.73638,0.41147
72,100,1,0.05,0.3,0.5,0.00429,0.78956,0.45332
73,100,1,0.05,0.3,0.5,0.00429,0.92707,0.62163
74,100,1,0.05,0.3,0.5,0.00429,0.82236,0.63314
75,100,1,0.05,0.3,0.5,0.00429,0.86446,0.57313
76,100,1,0.05,0.3,0.5,0.00429,0.8603,0.54701
77,100,1,0.05,0.3,0.5,0.00429,0.82964,0.51271
78,100,1,0.05,0.3,0.5,0.00429,0.87006,0.59197
79,100,1,0.05,0.3,0.5,0.00429,0.75721,0.37085
80,100,1,0.05,0.3,0.5,0.00429,0.84574,0.53098
81,100,1,0.05,0.3,0.5,0.00429,0.80593,0.4881
82,100,1,0.05,0.3,0.5,0.00429,0.82823,0.48221
83,100,1,0.05,0.3,0.5,0.00429,0.85777,0.52145
84,100,1,0.05,0.3,0.5,0.00429,0.81818,0.54106
85,100,1,0.05,0.3,0.5,0.00429,0.75539,0.41645
86,100,1,0.05,0.3,0.5,0.00429,0.71627,0.36733
87,100,1,0.05,0.3,0.5,0.00429,0.77997,0.43631
88,100,1,0.05,0.3,0.5,0.00429,0.79545,0.48383
89,100,1,0.05,0.3,0.5,0.00429,0.86377,0.58068
90,100,1,0.05,0.3,0.5,0.00429,0.73358,0.35944
91,100,1,0.05,0.3,0.5,0.00429,0.90955,0.66864
92,100,1,0.05,0.3,0.5,0.00429,0.77752,0.45991
93,100,1,0.05,0.3,0.5,0.00429,0.82908,0.53202
94,100,1,0.05,0.3,0.5,0.00429,0.73559,0.39536
95,100,1,0.05,0.3,0.5,0.00429,0.78726,0.4374
96,100,1,0.05,0.3,0.5,0.00429,0.8634,0.53039
97,100,1,0.05,0.3,0.5,0.00429,0.75355,0.43262
98,100,1,0.05,0.3,0.5,0.00429,0.77218,0.39772
99,100,1,0.05,0.3,0.5,0.00429,0.84705,0.46637
0,100,1,0.05,0.3,0.5,0.00356,0.72268,0.4779
1,100,1,0.05,0.3,0.5,0.00356,0.81028,0.55947
2,100,1,0.05,0.3,0.5,0.00356,0.7413,0.44487
3,100,1,0.05,0.3,0.5,0.00356,0.84938,0.60538
4,100,1,0.05,0.3,0.5,0.00356,0.90799,0.70243
5,100,1,0.05,0.3,0.5,0.00356,0.7214,0.48368
6,100,1,0.05,0.3,0.5,0.00356,0.80237,0.4817
7,100,1,0.05,0.3,0.5,0.00356,0.73439,0.48697
8,100,1,0.05,0.3,0.5,0.00356,0.8583,0.56562
9,100,1,0.05,0.3,0.5,0.00356,0.88831,0.68042
10,100,1,0.05,0.3,0.5,0.00356,0.76254,0.47995
11,100,1,0.05,0.3,0.5,0.00356,0.67901,0.43424
12,100,1,0.05,0.3,0.5,0.00356,0.71118,0.41105
13,100,1,0.05,0.3,0.5,0.00356,0.84149,0.61236
14,100,1,0.05,0.3,0.5,0.00356,0.71379,0.48218
15,100,1,0.05,0.3,0.5,0.00356,0.76114,0.51779
16,100,1,0.05,0.3,0.5,0.00356,0.82743,0.55806
17,100,1,0.05,0.3,0.5,0.00356,0.89093,0.60362
18,100,1,0.05,0.3,0.5,0.00356,0.79595,0.62502
19,100,1,0.05,0.3,0.5,0.00356,0.68199,0.43159
20,100,1,0.05,0.3,0.5,0.00356,0.80918,0.60782
21,100,1,0.05,0.3,0.5,0.00356,0.76875,0.52422
22,100,1,0.05,0.3,0.5,0.00356,0.68414,0.45132
23,100,1,0.05,0.3,0.5,0.00356,0.92932,0.66791
24,100,1,0.05,0.3,0.5,0.00356,0.75284,0.42665
25,100,1,0.05,0.3,0.5,0.00356,0.84514,0.56274
26,100,1,0.05,0.3,0.5,0.00356,0.90357,0.63504
27,100,1,0.05,0.3,0.5,0.00356,0.84065,0.60862
28,100,1,0.05,0.3,0.5,0.00356,0.75057,0.48301
29,100,1,0.05,0.3,0.5,0.00356,0.75372,0.45993
30,100,1,0.05,0.3,0.5,0.00356,0.73882,0.45959
31,100,1,0.05,0.3,0.5,0.00356,0.7298,0.53386
32,100,1,0.05,0.3,0.5,0.00356,0.86012,0.55395
33,100,1,0.05,0.3,0.5,0.00356,0.79878,0.62162
34,100,1,0.05,0.3,0.5,0.00356,0.82299,0.55156
35,100,1,0.05,0.3,0.5,0.00356,0.86089,0.64617
36,100,1,0.05,0.3,0.5,0.00356,0.94866,0.68902
37,100,1,0.05,0.3,0.5,0.00356,0.73672,0.48347
38,100,1,0.05,0.3,0.5,0.00356,0.86925,0.62773
39,100,1,0.05,0.3,0.5,0.00356,0.83479,0.61513
40,100,1,0.05,0.3,0.5,0.00356,0.75881,0.47983
41,100,1,0.05,0.3,0.5,0.00356,0.7657,0.4817
42,100,1,0.05,0.3,0.5,0.00356,0.80104,0.55264
43,100,1,0.05,0.3,0.5,0.00356,0.85105,0.65799
44,100,1,0.05,0.3,0.5,0.00356,0.81379,0.52338
45,100,1,0.05,0.3,0.5,0.00356,0.87437,0.64692
46,100,1,0.05,0.3,0.5,0.00356,0.76765,0.51388
47,100,1,0.05,0.3,0.5,0.00356,0.7437,0.48036
48,100,1,0.05,0.3,0.5,0.00356,0.80266,0.50651
49,100,1,0.05,0.3,0.5,0.00356,0.82403,0.56886
50,100,1,0.05,0.3,0.5,0.00356,0.7983,0.52686
51,100,1,0.05,0.3,0.5,0.00356,0.74164,0.42924
52,100,1,0.05,0.3,0.5,0.00356,0.90648,0.61101
53,100,1,0.05,0.3,0.5,0.00356,0.7731,0.54484
54,100,1,0.05,0.3,0.5,0.00356,0.85587,0.60282
55,100,1,0.05,0.3,0.5,0.00356,0.82146,0.5965
56,100,1,0.05,0.3,0.5,0.00356,0.90876,0.65399
57,100,1,0.05,0.3,0.5,0.00356,0.89438,0.62791
58,100,1,0.05,0.3,0.5,0.00356,0.75238,0.48156
59,100,1,0.05,0.3,0.5,0.00356,0.73655,0.46346
60,100,1,0.05,0.3,0.5,0.00356,0.73964,0.51815
61,100,1,0.05,0.3,0.5,0.00356,0.73868,0.46201
62,100,1,0.05,0.3,0.5,0.00356,0.85733,0.60511
63,100,1,0.05,0.3,0.5,0.00356,0.7539,0.43105
64,100,1,0.05,0.3,0.5,0.00356,0.74458,0.47934
65,100,1,0.05,0.3,0.5,0.00356,0.70159,0.48288
66,100,1,0.05,0.3,0.5,0.00356,0.8299,0.54848
67,100,1,0.05,0.3,0.5,0.00356,0.81211,0.63361
68,100,1,0.05,0.3,0.5,0.00356,0.9058,0.73566
69,100,1,0.05,0.3,0.5,0.00356,0.72889,0.52344
70,100,1,0.05,0.3,0.5,0.00356,0.84587,0.59528
71,100,1,0.05,0.3,0.5,0.00356,0.70398,0.45697
72,100,1,0.05,0.3,0.5,0.00356,0.77714,0.51757
73,100,1,0.05,0.3,0.5,0.00356,0.92775,0.68277
74,100,1,0.05,0.3,0.5,0.00356,0.828,0.70755
75,100,1,0.05,0.3,0.5,0.00356,0.85573,0.6325
76,100,1,0.05,0.3,0.5,0.00356,0.86028,0.61894
77,100,1,0.05,0.3,0.5,0.00356,0.81734,0.56988
78,100,1,0.05,0.3,0.5,0.00356,0.87589,0.66748
79,100,1,0.05,0.3,0.5,0.00356,0.73724,0.42634
80,100,1,0.05,0.3,0.5,0.00356,0.85136,0.61004
81,100,1,0.05,0.3,0.5,0.00356,0.7919,0.54386
82,100,1,0.05,0.3,0.5,0.00356,0.81697,0.54868
83,100,1,0.05,0.3,0.5,0.00356,0.85845,0.59476
84,100,1,0.05,0.3,0.5,0.00356,0.81974,0.61396
85,100,1,0.05,0.3,0.5,0.00356,0.73431,0.47858
86,100,1,0.05,0.3,0.5,0.00356,0.68767,0.42372
87,100,1,0.05,0.3,0.5,0.00356,0.76639,0.50308
88,100,1,0.05,0.3,0.5,0.00356,0.78443,0.54083
89,100,1,0.05,0.3,0.5,0.00356,0.85776,0.63898
90,100,1,0.05,0.3,0.5,0.00356,0.70896,0.42136
91,100,1,0.05,0.3,0.5,0.00356,0.91552,0.73865
92,100,1,0.05,0.3,0.5,0.00356,0.75627,0.51394
93,100,1,0.05,0.3,0.5,0.00356,0.81307,0.58419
94,100,1,0.05,0.3,0.5,0.00356,0.71749,0.45755
95,100,1,0.05,0.3,0.5,0.00356,0.77002,0.49616
96,100,1,0.05,0.3,0.5,0.00356,0.85921,0.59263
97,100,1,0.05,0.3,0.5,0.00356,0.73453,0.49018
98,100,1,0.05,0.3,0.5,0.00356,0.75029,0.45319
99,100,1,0.05,0.3,0.5,0.00356,0.83526,0.5204
0,100,1,0.05,0.3,0.5,0.00295,0.71997,0.54161
1,100,1,0.05,0.3,0.5,0.00295,0.81883,0.63055
2,100,1,0.05,0.3,0.5,0.00295,0.74216,0.52031
3,100,1,0.05,0.3,0.5,0.00295,0.85701,0.67429
4,100,1,0.05,0.3,0.5,0.00295,0.94859,0.7993
5,100,1,0.05,0.3,0.5,0.00295,0.72773,0.56275
6,100,1,0.05,0.3,0.5,0.00295,0.81028,0.55413
7,100,1,0.05,0.3,0.5,0.00295,0.72894,0.54791
8,100,1,0.05,0.3,0.5,0.00295,0.87289,0.64586
9,100,1,0.05,0.3,0.5,0.00295,0.90321,0.74752
10,100,1,0.05,0.3,0.5,0.00295,0.75805,0.54593
11,100,1,0.05,0.3,0.5,0.00295,0.67477,0.50542
12,100,1,0.05,0.3,0.5,0.00295,0.70487,0.48173
13,100,1,0.05,0.3,0.5,0.00295,0.84232,0.67002
14,100,1,0.05,0.3,0.5,0.00295,0.70588,0.54587
15,100,1,0.05,0.3,0.5,0.00295,0.77011,0.59414
16,100,1,0.05,0.3,0.5,0.00295,0.83891,0.63511
17,100,1,0.05,0.3,0.5,0.00295,0.90929,0.6805
18,100,1,0.05,0.3,0.5,0.00295,0.80478,0.69221
19,100,1,0.05,0.3,0.5,0.00295,0.67577,0.49827
20,100,1,0.05,0.3,0.5,0.00295,0.81571,0.67303
21,100,1,0.05,0.3,0.5,0.00295,0.77587,0.59692
22,100,1,0.05,0.3,0.5,0.00295,0.68709,0.53228
23,100,1,0.05,0.3,0.5,0.00295,0.95272,0.74441
24,100,1,0.05,0.3,0.5,0.00295,0.75026,0.495
25,100,1,0.05,0.3,0.5,0.00295,0.86211,0.64175
26,100,1,0.05,0.3,0.5,0.00295,0.92068,0.71014
27,100,1,0.05,0.3,0.5,0.00295,0.87294,0.69958
28,100,1,0.05,0.3,0.5,0.00295,0.74932,0.55044
29,100,1,0.05,0.3,0.5,0.00295,0.74469,0.51653
30,100,1,0.05,0.3,0.5,0.00295,0.73306,0.52053
31,100,1,0.05,0.3,0.5,0.00295,0.74211,0.61572
32,100,1,0.05,0.3,0.5,0.00295,0.86725,0.62289
33,100,1,0.05,0.3,0.5,0.00295,0.8128,0.69546
34,100,1,0.05,0.3,0.5,0.00295,0.82931,0.61998
35,100,1,0.05,0.3,0.5,0.00295,0.89496,0.74063
36,100,1,0.05,0.3,0.5,0.00295,0.98938,0.78796
37,100,1,0.05,0.3,0.5,0.00295,0.73404,0.55377
38,100,1,0.05,0.3,0.5,0.00295,0.8848,0.7003
39,100,1,0.05,0.3,0.5,0.00295,0.85515,0.69441
40,100,1,0.05,0.3,0.5,0.00295,0.7585,0.55195
41,100,1,0.05,0.3,0.5,0.00295,0.7687,0.55333
42,100,1,0.05,0.3,0.5,0.00295,0.81229,0.6267
43,100,1,0.05,0.3,0.5,0.00295,0.85858,0.7199
44,100,1,0.05,0.3,0.5,0.00295,0.81698,0.59472
45,100,1,0.05,0.3,0.5,0.00295,0.89397,0.72653
46,100,1,0.05,0.3,0.5,0.00295,0.77226,0.58433
47,100,1,0.05,0.3,0.5,0.00295,0.74053,0.54245
48,100,1,0.05,0.3,0.5,0.00295,0.80484,0.57291
49,100,1,0.05,0.3,0.5,0.00295,0.84174,0.65119
50,100,1,0.05,0.3,0.5,0.00295,0.80219,0.59792
51,100,1,0.05,0.3,0.5,0.00295,0.7308,0.49411
52,100,1,0.05,0.3,0.5,0.00295,0.92126,0.67921
53,100,1,0.05,0.3,0.5,0.00295,0.79023,0.63341
54,100,1,0.05,0.3,0.5,0.00295,0.88762,0.69899
55,100,1,0.05,0.3,0.5,0.00295,0.83571,0.67451
56,100,1,0.05,0.3,0.5,0.00295,0.93902,0.74095
57,100,1,0.05,0.3,0.5,0.00295,0.91745,0.70705
58,100,1,0.05,0.3,0.5,0.00295,0.75325,0.54992
59,100,1,0.05,0.3,0.5,0.00295,0.7248,0.51894
60,100,1,0.05,0.3,0.5,0.00295,0.74714,0.59329
61,100,1,0.05,0.3,0.5,0.00295,0.73237,0.52487
62,100,1,0.05,0.3,0.5,0.00295,0.87958,0.69139
63,100,1,0.05,0.3,0.5,0.00295,0.74274,0.48851
64,100,1,0.05,0.3,0.5,0.00295,0.74584,0.5531
65,100,1,0.05,0.3,0.5,0.00295,0.70042,0.55115
66,100,1,0.05,0.3,0.5,0.00295,0.84155,0.62183
67,100,1,0.05,0.3,0.5,0.00295,0.82659,0.70365
68,100,1,0.05,0.3,0.5,0.00295,0.94103,0.82577
69,100,1,0.05,0.3,0.5,0.00295,0.74861,0.61594
70,100,1,0.05,0.3,0.5,0.00295,0.87064,0.68784
71,100,1,0.05,0.3,0.5,0.00295,0.6878,0.50994
72,100,1,0.05,0.3,0.5,0.00295,0.78244,0.58866
73,100,1,0.05,0.3,0.5,0.00295,0.94069,0.74779
74,100,1,0.05,0.3,0.5,0.00295,0.85463,0.78752
75,100,1,0.05,0.3,0.5,0.00295,0.86378,0.69937
76,100,1,0.05,0.3,0.5,0.00295,0.87774,0.69779
77,100,1,0.05,0.3,0.5,0.00295,0.82118,0.6351
78,100,1,0.05,0.3,0.5,0.00295,0.90455,0.75477
79,100,1,0.05,0.3,0.5,0.00295,0.73468,0.49093
80,100,1,0.05,0.3,0.5,0.00295,0.87717,0.69734
81,100,1,0.05,0.3,0.5,0.00295,0.79655,0.60866
82,100,1,0.05,0.3,0.5,0.00295,0.82336,0.62399
83,100,1,0.05,0.3,0.5,0.00295,0.87686,0.67622
84,100,1,0.05,0.3,0.5,0.00295,0.84064,0.69334
85,100,1,0.05,0.3,0.5,0.00295,0.73266,0.5495
86,100,1,0.05,0.3,0.5,0.00295,0.67997,0.49028
87,100,1,0.05,0.3,0.5,0.00295,0.77458,0.58251
88,100,1,0.05,0.3,0.5,0.00295,0.78999,0.6047
89,100,1,0.05,0.3,0.5,0.00295,0.86731,0.70312
90,100,1,0.05,0.3,0.5,0.00295,0.70591,0.49707
91,100,1,0.05,0.3,0.5,0.00295,0.93893,0.81494
92,100,1,0.05,0.3,0.5,0.00295,0.75175,0.57516
93,100,1,0.05,0.3,0.5,0.00295,0.81179,0.64175
94,100,1,0.05,0.3,0.5,0.00295,0.7188,0.52703
95,100,1,0.05,0.3,0.5,0.00295,0.77286,0.56604
96,100,1,0.05,0.3,0.5,0.00295,0.86991,0.66018
97,100,1,0.05,0.3,0.5,0.00295,0.73546,0.55713
98,100,1,0.05,0.3,0.5,0.00295,0.74435,0.51671
99,100,1,0.05,0.3,0.5,0.00295,0.8386,0.58337
0,100,1,0.05,0.3,0.5,0.00244,0.73782,0.6141
1,100,1,0.05,0.3,0.5,0.00244,0.84661,0.70899
2,100,1,0.05,0.3,0.5,0.00244,0.76686,0.60662
3,100,1,0.05,0.3,0.5,0.00244,0.88801,0.75744
4,100,1,0.05,0.3,0.5,0.00244,1.00877,0.90306
5,100,1,0.05,0.3,0.5,0.00244,0.75959,0.65257
6,100,1,0.05,0.3,0.5,0.00244,0.83697,0.6355
7,100,1,0.05,0.3,0.5,0.00244,0.74378,0.61719
8,100,1,0.05,0.3,0.5,0.00244,0.90998,0.73856
9,100,1,0.05,0.3,0.5,0.00244,0.93354,0.8203
10,100,1,0.05,0.3,0.5,0.00244,0.77174,0.6186
11,100,1,0.05,0.3,0.5,0.00244,0.69585,0.58694
12,100,1,0.05,0.3,0.5,0.00244,0.72055,0.56139
13,100,1,0.05,0.3,0.5,0.00244,0.86042,0.73515
14,100,1,0.05,0.3,0.5,0.00244,0.72024,0.61839
15,100,1,0.05,0.3,0.5,0.00244,0.80156,0.67967
16,100,1,0.05,0.3,0.5,0.00244,0.86937,0.71941
17,100,1,0.05,0.3,0.5,0.00244,0.9463,0.76696
18,100,1,0.05,0.3,0.5,0.00244,0.83507,0.76788
19,100,1,0.05,0.3,0.5,0.00244,0.69246,0.57313
20,100,1,0.05,0.3,0.5,0.00244,0.84092,0.74489
21,100,1,0.05,0.3,0.5,0.00244,0.80267,0.67581
22,100,1,0.05,0.3,0.5,0.00244,0.72039,0.62635
23,100,1,0.05,0.3,0.5,0.00244,0.99412,0.82921
24,100,1,0.05,0.3,0.5,0.00244,0.76922,0.57429
25,100,1,0.05,0.3,0.5,0.00244,0.89838,0.72875
26,100,1,0.05,0.3,0.5,0.00244,0.95914,0.79745
27,100,1,0.05,0.3,0.5,0.00244,0.9272,0.80039
28,100,1,0.05,0.3,0.5,0.00244,0.76988,0.62744
29,100,1,0.05,0.3,0.5,0.00244,0.75269,0.58107
30,100,1,0.05,0.3,0.5,0.00244,0.7492,0.59276
31,100,1,0.05,0.3,0.5,0.00244,0.78342,0.71055
32,100,1,0.05,0.3,0.5,0.00244,0.89322,0.70193
33,100,1,0.05,0.3,0.5,0.00244,0.84509,0.77349
34,100,1,0.05,0.3,0.5,0.00244,0.85334,0.69503
35,100,1,0.05,0.3,0.5,0.00244,0.95541,0.84798
36,100,1,0.05,0.3,0.5,0.00244,1.04683,0.89207
37,100,1,0.05,0.3,0.5,0.00244,0.75533,0.63498
38,100,1,0.05,0.3,0.5,0.00244,0.91665,0.77892
39,100,1,0.05,0.3,0.5,0.00244,0.89552,0.78132
40,100,1,0.05,0.3,0.5,0.00244,0.77898,0.63276
41,100,1,0.05,0.3,0.5,0.00244,0.79468,0.63725
42,100,1,0.05,0.3,0.5,0.00244,0.84293,0.70814
43,100,1,0.05,0.3,0.5,0.00244,0.88374,0.78843
44,100,1,0.05,0.3,0.5,0.00244,0.84009,0.67543
45,100,1,0.05,0.3,0.5,0.00244,0.93127,0.81168
46,100,1,0.05,0.3,0.5,0.00244,0.7962,0.6625
47,100,1,0.05,0.3,0.5,0.00244,0.75692,0.61383
48,100,1,0.05,0.3,0.5,0.00244,0.82775,0.65017
49,100,1,0.05,0.3,0.5,0.00244,0.88352,0.74462
50,100,1,0.05,0.3,0.5,0.00244,0.82679,0.67839
51,100,1,0.05,0.3,0.5,0.00244,0.74145,0.56958
52,100,1,0.05,0.3,0.5,0.00244,0.95285,0.75658
53,100,1,0.05,0.3,0.5,0.00244,0.83664,0.73627
54,100,1,0.05,0.3,0.5,0.00244,0.94623,0.80921
55,100,1,0.05,0.3,0.5,0.00244,0.87109,0.76163
56,100,1,0.05,0.3,0.5,0.00244,0.99258,0.84199
57,100,1,0.05,0.3,0.5,0.00244,0.9578,0.79306
58,100,1,0.05,0.3,0.5,0.00244,0.77254,0.62452
59,100,1,0.05,0.3,0.5,0.00244,0.73145,0.58248
60,100,1,0.05,0.3,0.5,0.00244,0.77561,0.6753
61,100,1,0.05,0.3,0.5,0.00244,0.74639,0.59646
62,100,1,0.05,0.3,0.5,0.00244,0.92119,0.78415
63,100,1,0.05,0.3,0.5,0.00244,0.75011,0.55533
64,100,1,0.05,0.3,0.5,0.00244,0.77067,0.63728
65,100,1,0.05,0.3,0.5,0.00244,0.72198,0.62625
66,100,1,0.05,0.3,0.5,0.00244,0.87313,0.70493
67,100,1,0.05,0.3,0.5,0.00244,0.86113,0.78118
68,100,1,0.05,0.3,0.5,0.00244,0.99894,0.92552
69,100,1,0.05,0.3,0.5,0.00244,0.79921,0.72178
70,100,1,0.05,0.3,0.5,0.00244,0.9192,0.79087
71,100,1,0.05,0.3,0.5,0.00244,0.69325,0.57331
72,100,1,0.05,0.3,0.5,0.00244,0.80715,0.6668
73,100,1,0.05,0.3,0.5,0.00244,0.96746,0.81819
74,100,1,0.05,0.3,0.5,0.00244,0.90194,0.87324
75,100,1,0.05,0.3,0.5,0.00244,0.89123,0.77512
76,100,1,0.05,0.3,0.5,0.00244,0.91413,0.7842
77,100,1,0.05,0.3,0.5,0.00244,0.84424,0.70985
78,100,1,0.05,0.3,0.5,0.00244,0.95884,0.85554
79,100,1,0.05,0.3,0.5,0.00244,0.7524,0.56555
80,100,1,0.05,0.3,0.5,0.00244,0.92474,0.7941
81,100,1,0.05,0.3,0.5,0.00244,0.82317,0.68444
82,100,1,0.05,0.3,0.5,0.00244,0.85128,0.70981
83,100,1,0.05,0.3,0.5,0.00244,0.91367,0.76506
84,100,1,0.05,0.3,0.5,0.00244,0.88082,0.77905
85,100,1,0.05,0.3,0.5,0.00244,0.754,0.63017
86,100,1,0.05,0.3,0.5,0.00244,0.69689,0.56702
87,100,1,0.05,0.3,0.5,0.00244,0.8102,0.67739
88,100,1,0.05,0.3,0.5,0.00244,0.81452,0.67718
89,100,1,0.05,0.3,0.5,0.00244,0.89344,0.77363
90,100,1,0.05,0.3,0.5,0.00244,0.73069,0.58846
91,100,1,0.05,0.3,0.5,0.00244,0.98073,0.89811
92,100,1,0.05,0.3,0.5,0.00244,0.76739,0.64527
93,100,1,0.05,0.3,0.5,0.00244,0.82742,0.70569
94,100,1,0.05,0.3,0.5,0.00244,0.7417,0.60454
95,100,1,0.05,0.3,0.5,0.00244,0.79978,0.6486
96,100,1,0.05,0.3,0.5,0.00244,0.89651,0.73362
97,100,1,0.05,0.3,0.5,0.00244,0.75923,0.63416
98,100,1,0.05,0.3,0.5,0.00244,0.75743,0.58924
99,100,1,0.05,0.3,0.5,0.00244,0.86013,0.65703
0,100,1,0.05,0.3,0.5,0.00202,0.77912,0.69797
1,100,1,0.05,0.3,0.5,0.00202,0.89448,0.7961
2,100,1,0.05,0.3,0.5,0.00202,0.81685,0.70432
3,100,1,0.05,0.3,0.5,0.00202,0.94759,0.85913
4,100,1,0.05,0.3,0.5,0.00202,1.08547,1.01206
5,100,1,0.05,0.3,0.5,0.00202,0.81922,0.75538
6,100,1,0.05,0.3,0.5,0.00202,0.88395,0.72753
7,100,1,0.05,0.3,0.5,0.00202,0.7807,0.69619
8,100,1,0.05,0.3,0.5,0.00202,0.97189,0.8453
9,100,1,0.05,0.3,0.5,0.00202,0.98003,0.90022
10,100,1,0.05,0.3,0.5,0.00202,0.80561,0.69941
11,100,1,0.05,0.3,0.5,0.00202,0.74357,0.67939
12,100,1,0.05,0.3,0.5,0.00202,0.76078,0.65167
13,100,1,0.05,0.3,0.5,0.00202,0.89843,0.81015
14,100,1,0.05,0.3,0.5,0.00202,0.75879,0.70067
15,100,1,0.05,0.3,0.5,0.00202,0.85719,0.77626
16,100,1,0.05,0.3,0.5,0.00202,0.9192,0.81155
17,100,1,0.05,0.3,0.5,0.00202,1.00434,0.8655
18,100,1,0.05,0.3,0.5,0.00202,0.88776,0.85356
19,100,1,0.05,0.3,0.5,0.00202,0.73236,0.65641
20,100,1,0.05,0.3,0.5,0.00202,0.88559,0.82474
21,100,1,0.05,0.3,0.5,0.00202,0.84929,0.7618
22,100,1,0.05,0.3,0.5,0.00202,0.78513,0.73416
23,100,1,0.05,0.3,0.5,0.00202,1.0525,0.92184
24,100,1,0.05,0.3,0.5,0.00202,0.81163,0.66546
25,100,1,0.05,0.3,0.5,0.00202,0.95358,0.82393
26,100,1,0.05,0.3,0.5,0.00202,1.02114,0.89873
27,100,1,0.05,0.3,0.5,0.00202,1.003,0.91179
28,100,1,0.05,0.3,0.5,0.00202,0.81406,0.71548
29,100,1,0.05,0.3,0.5,0.00202,0.78082,0.65599
30,100,1,0.05,0.3,0.5,0.00202,0.78879,0.67672
31,100,1,0.05,0.3,0.5,0.00202,0.85387,0.81869
32,100,1,0.05,0.3,0.5,0.00202,0.9407,0.79343
33,100,1,0.05,0.3,0.5,0.00202,0.89448,0.85602
34,100,1,0.05,0.3,0.5,0.00202,0.89551,0.77747
35,100,1,0.05,0.3,0.5,0.00202,1.04147,0.96834
36,100,1,0.05,0.3,0.5,0.00202,1.12052,1.00243
37,100,1,0.05,0.3,0.5,0.00202,0.80271,0.72809
38,100,1,0.05,0.3,0.5,0.00202,0.96461,0.86402
39,100,1,0.05,0.3,0.5,0.00202,0.95638,0.87735
40,100,1,0.05,0.3,0.5,0.00202,0.82239,0.72384
41,100,1,0.05,0.3,0.5,0.00202,0.84674,0.73542
42,100,1,0.05,0.3,0.5,0.00202,0.89282,0.79725
43,100,1,0.05,0.3,0.5,0.00202,0.92764,0.8652
44,100,1,0.05,0.3,0.5,0.00202,0.88473,0.7663
45,100,1,0.05,0.3,0.5,0.00202,0.98701,0.90419
46,100,1,0.05,0.3,0.5,0.00202,0.84065,0.74954
47,100,1,0.05,0.3,0.5,0.00202,0.79739,0.6987
48,100,1,0.05,0.3,0.5,0.00202,0.87513,0.7417
49,100,1,0.05,0.3,0.5,0.00202,0.94839,0.84841
50,100,1,0.05,0.3,0.5,0.00202,0.8728,0.76827
51,100,1,0.05,0.3,0.5,0.00202,0.77637,0.65642
52,100,1,0.05,0.3,0.5,0.00202,1.00272,0.84503
53,100,1,0.05,0.3,0.5,0.00202,0.91437,0.85559
54,100,1,0.05,0.3,0.5,0.00202,1.03162,0.93363
55,100,1,0.05,0.3,0.5,0.00202,0.92796,0.85827
56,100,1,0.05,0.3,0.5,0.00202,1.06973,0.95704
57,100,1,0.05,0.3,0.5,0.00202,1.01485,0.88616
58,100,1,0.05,0.3,0.5,0.00202,0.81126,0.70661
59,100,1,0.05,0.3,0.5,0.00202,0.75982,0.65674
60,100,1,0.05,0.3,0.5,0.00202,0.82483,0.76435
61,100,1,0.05,0.3,0.5,0.00202,0.78267,0.67805
62,100,1,0.05,0.3,0.5,0.00202,0.98119,0.88335
63,100,1,0.05,0.3,0.5,0.00202,0.77987,0.63441
64,100,1,0.05,0.3,0.5,0.00202,0.82174,0.73407
65,100,1,0.05,0.3,0.5,0.00202,0.76694,0.70963
66,100,1,0.05,0.3,0.5,0.00202,0.92575,0.79877
67,100,1,0.05,0.3,0.5,0.00202,0.91619,0.86771
68,100,1,0.05,0.3,0.5,0.00202,1.07982,1.03655
69,100,1,0.05,0.3,0.5,0.00202,0.88055,0.8417
70,100,1,0.05,0.3,0.5,0.00202,0.99268,0.90602
71,100,1,0.05,0.3,0.5,0.00202,0.72483,0.65004
72,100,1,0.05,0.3,0.5,0.00202,0.85171,0.75268
73,100,1,0.05,0.3,0.5,0.00202,1.00981,0.89622
74,100,1,0.05,0.3,0.5,0.00202,0.96867,0.96562
75,100,1,0.05,0.3,0.5,0.00202,0.93939,0.86096
76,100,1,0.05,0.3,0.5,0.00202,0.97002,0.87916
77,100,1,0.05,0.3,0.5,0.00202,0.88845,0.7954
78,100,1,0.05,0.3,0.5,0.00202,1.04003,0.97155
79,100,1,0.05,0.3,0.5,0.00202,0.79176,0.65088
80,100,1,0.05,0.3,0.5,0.00202,0.99484,0.9021
81,100,1,0.05,0.3,0.5,0.00202,0.8741,0.77356
82,100,1,0.05,0.3,0.5,0.00202,0.90318,0.80747
83,100,1,0.05,0.3,0.5,0.00202,0.9678,0.86015
84,100,1,0.05,0.3,0.5,0.00202,0.93869,0.87085
85,100,1,0.05,0.3,0.5,0.00202,0.80005,0.72161
86,100,1,0.05,0.3,0.5,0.00202,0.73916,0.65383
87,100,1,0.05,0.3,0.5,0.00202,0.8776,0.79083
88,100,1,0.05,0.3,0.5,0.00202,0.85966,0.76013
89,100,1,0.05,0.3,0.5,0.00202,0.93645,0.85137
90,100,1,0.05,0.3,0.5,0.00202,0.78695,0.69665
91,100,1,0.05,0.3,0.5,0.00202,1.04097,0.98909
92,100,1,0.05,0.3,0.5,0.00202,0.80601,0.72661
93,100,1,0.05,0.3,0.5,0.00202,0.86098,0.77701
94,100,1,0.05,0.3,0.5,0.00202,0.78654,0.69091
95,100,1,0.05,0.3,0.5,0.00202,0.85336,0.74579
96,100,1,0.05,0.3,0.5,0.00202,0.93899,0.81352
97,100,1,0.05,0.3,0.5,0.00202,0.80668,0.72191
98,100,1,0.05,0.3,0.5,0.00202,0.79153,0.67174
99,100,1,0.05,0.3,0.5,0.00202,0.90189,0.74266
0,100,1,0.05,0.3,0.5,0.00168,0.84629,0.7964
1,100,1,0.05,0.3,0.5,0.00168,0.96321,0.89427
2,100,1,0.05,0.3,0.5,0.00168,0.89163,0.81406
3,100,1,0.05,0.3,0.5,0.00168,1.0397,0.98332
4,100,1,0.05,0.3,0.5,0.00168,1.17497,1.12478
5,100,1,0.05,0.3,0.5,0.00168,0.90753,0.87381
6,100,1,0.05,0.3,0.5,0.00168,0.95242,0.83232
7,100,1,0.05,0.3,0.5,0.00168,0.83994,0.78618
8,100,1,0.05,0.3,0.5,0.00168,1.0589,0.96685
9,100,1,0.05,0.3,0.5,0.00168,1.04351,0.98926
10,100,1,0.05,0.3,0.5,0.00168,0.86089,0.79022
11,100,1,0.05,0.3,0.5,0.00168,0.81667,0.78317
12,100,1,0.05,0.3,0.5,0.00168,0.82639,0.7542
13,100,1,0.05,0.3,0.5,0.00168,0.95777,0.8971
14,100,1,0.05,0.3,0.5,0.00168,0.8217,0.79404
15,100,1,0.05,0.3,0.5,0.00168,0.93828,0.8868
16,100,1,0.05,0.3,0.5,0.00168,0.98822,0.91267
17,100,1,0.05,0.3,0.5,0.00168,1.08546,0.97889
18,100,1,0.05,0.3,0.5,0.00168,0.96303,0.95117
19,100,1,0.05,0.3,0.5,0.00168,0.79414,0.74875
20,100,1,0.05,0.3,0.5,0.00168,0.94992,0.91428
21,100,1,0.05,0.3,0.5,0.00168,0.91509,0.85607
22,100,1,0.05,0.3,0.5,0.00168,0.87919,0.85619
23,100,1,0.05,0.3,0.5,0.00168,1.12588,1.02173
24,100,1,0.05,0.3,0.5,0.00168,0.87764,0.76917
25,100,1,0.05,0.3,0.5,0.00168,1.02686,0.92797
26,100,1,0.05,0.3,0.5,0.00168,1.10744,1.01532
27,100,1,0.05,0.3,0.5,0.00168,1.09906,1.03428
28,100,1,0.05,0.3,0.5,0.00168,0.88241,0.81623
29,100,1,0.05,0.3,0.5,0.00168,0.83178,0.74401
30,100,1,0.05,0.3,0.5,0.00168,0.85146,0.77264
31,100,1,0.05,0.3,0.5,0.00168,0.95062,0.93972
32,100,1,0.05,0.3,0.5,0.00168,1.01182,0.89996
33,100,1,0.05,0.3,0.5,0.00168,0.95988,0.94419
34,100,1,0.05,0.3,0.5,0.00168,0.95575,0.86858
35,100,1,0.05,0.3,0.5,0.00168,1.15087,1.1017
36,100,1,0.05,0.3,0.5,0.00168,1.21131,1.12171
37,100,1,0.05,0.3,0.5,0.00168,0.87568,0.8334
38,100,1,0.05,0.3,0.5,0.00168,1.02796,0.95609
39,100,1,0.05,0.3,0.5,0.00168,1.03751,0.98406
40,100,1,0.05,0.3,0.5,0.00168,0.88986,0.82705
41,100,1,0.05,0.3,0.5,0.00168,0.92648,0.84974
42,100,1,0.05,0.3,0.5,0.00168,0.96137,0.89493
43,100,1,0.05,0.3,0.5,0.00168,0.99063,0.95186
44,100,1,0.05,0.3,0.5,0.00168,0.9509,0.86782
45,100,1,0.05,0.3,0.5,0.00168,1.06221,1.00674
46,100,1,0.05,0.3,0.5,0.00168,0.90634,0.84721
47,100,1,0.05,0.3,0.5,0.00168,0.86795,0.80347
48,100,1,0.05,0.3,0.5,0.00168,0.95077,0.85191
49,100,1,0.05,0.3,0.5,0.00168,1.03385,0.96201
50,100,1,0.05,0.3,0.5,0.00168,0.93931,0.86749
51,100,1,0.05,0.3,0.5,0.00168,0.83656,0.75569
52,100,1,0.05,0.3,0.5,0.00168,1.07218,0.94658
53,100,1,0.05,0.3,0.5,0.00168,1.02382,0.99373
54,100,1,0.05,0.3,0.5,0.00168,1.1421,1.07236
55,100,1,0.05,0.3,0.5,0.00168,1.00589,0.96526
56,100,1,0.05,0.3,0.5,0.00168,1.16929,1.08572
57,100,1,0.05,0.3,0.5,0.00168,1.08806,0.98732
58,100,1,0.05,0.3,0.5,0.00168,0.87032,0.79839
59,100,1,0.05,0.3,0.5,0.00168,0.81306,0.74514
60,100,1,0.05,0.3,0.5,0.00168,0.89358,0.86106
61,100,1,0.05,0.3,0.5,0.00168,0.84193,0.77122
62,100,1,0.05,0.3,0.5,0.00168,1.05809,0.98937
63,100,1,0.05,0.3,0.5,0.00168,0.83493,0.72855
64,100,1,0.05,0.3,0.5,0.00168,0.90037,0.84586
65,100,1,0.05,0.3,0.5,0.00168,0.83529,0.80374
66,100,1,0.05,0.3,0.5,0.00168,0.99955,0.90439
67,100,1,0.05,0.3,0.5,0.00168,0.99139,0.96474
68,100,1,0.05,0.3,0.5,0.00168,1.18288,1.16017
69,100,1,0.05,0.3,0.5,0.00168,0.99074,0.97685
70,100,1,0.05,0.3,0.5,0.00168,1.09081,1.03463
71,100,1,0.05,0.3,0.5,0.00168,0.78519,0.74283
72,100,1,0.05,0.3,0.5,0.00168,0.91589,0.84753
73,100,1,0.05,0.3,0.5,0.00168,1.06977,0.98468
74,100,1,0.05,0.3,0.5,0.00168,1.05388,1.06651
75,100,1,0.05,0.3,0.5,0.00168,1.00842,0.95795
76,100,1,0.05,0.3,0.5,0.00168,1.04536,0.98392
77,100,1,0.05,0.3,0.5,0.00168,0.95443,0.89284
78,100,1,0.05,0.3,0.5,0.00168,1.14826,1.10462
79,100,1,0.05,0.3,0.5,0.00168,0.85261,0.74745
80,100,1,0.05,0.3,0.5,0.00168,1.08767,1.02326
81,100,1,0.05,0.3,0.5,0.00168,0.95133,0.87918
82,100,1,0.05,0.3,0.5,0.00168,0.97935,0.91762
83,100,1,0.05,0.3,0.5,0.00168,1.03717,0.96054
84,100,1,0.05,0.3,0.5,0.00168,1.0119,0.96841
85,100,1,0.05,0.3,0.5,0.00168,0.87051,0.82459
86,100,1,0.05,0.3,0.5,0.00168,0.80522,0.75099
87,100,1,0.05,0.3,0.5,0.00168,0.97942,0.92612
88,100,1,0.05,0.3,0.5,0.00168,0.92615,0.85524
89,100,1,0.05,0.3,0.5,0.00168,0.9965,0.93778
90,100,1,0.05,0.3,0.5,0.00168,0.87501,0.82221
91,100,1,0.05,0.3,0.5,0.00168,1.11952,1.08936
92,100,1,0.05,0.3,0.5,0.00168,0.86973,0.82204
93,100,1,0.05,0.3,0.5,0.00168,0.9125,0.85671
94,100,1,0.05,0.3,0.5,0.00168,0.85218,0.78679
95,100,1,0.05,0.3,0.5,0.00168,0.93478,0.85978
96,100,1,0.05,0.3,0.5,0.00168,0.99668,0.90043
97,100,1,0.05,0.3,0.5,0.00168,0.8772,0.82133
98,100,1,0.05,0.3,0.5,0.00168,0.84727,0.76503
99,100,1,0.05,0.3,0.5,0.00168,0.96454,0.84094
0,100,1,0.05,0.3,0.5,0.00139,0.94099,0.91264
1,100,1,0.05,0.3,0.5,0.00139,1.05457,1.00728
2,100,1,0.05,0.3,0.5,0.00139,0.98975,0.93674
3,100,1,0.05,0.3,0.5,0.00139,1.16664,1.13322
4,100,1,0.05,0.3,0.5,0.00139,1.27438,1.24055
5,100,1,0.05,0.3,0.5,0.00139,1.02467,1.01063
6,100,1,0.05,0.3,0.5,0.00139,1.04339,0.9521
7,100,1,0.05,0.3,0.5,0.00139,0.92074,0.88832
8,100,1,0.05,0.3,0.5,0.00139,1.16939,1.10298
9,100,1,0.05,0.3,0.5,0.00139,1.12523,1.08991
10,100,1,0.05,0.3,0.5,0.00139,0.93821,0.89318
11,100,1,0.05,0.3,0.5,0.00139,0.91215,0.89827
12,100,1,0.05,0.3,0.5,0.00139,0.91698,0.87063
13,100,1,0.05,0.3,0.5,0.00139,1.03881,0.99781
14,100,1,0.05,0.3,0.5,0.00139,0.90858,0.90057
15,100,1,0.05,0.3,0.5,0.00139,1.04613,1.01481
16,100,1,0.05,0.3,0.5,0.00139,1.07635,1.02446
17,100,1,0.05,0.3,0.5,0.00139,1.19165,1.1103
18,100,1,0.05,0.3,0.5,0.00139,1.06105,1.06311
19,100,1,0.05,0.3,0.5,0.00139,0.87605,0.85116
20,100,1,0.05,0.3,0.5,0.00139,1.03382,1.01528
21,100,1,0.05,0.3,0.5,0.00139,0.99915,0.95999
22,100,1,0.05,0.3,0.5,0.00139,0.9994,0.99315
23,100,1,0.05,0.3,0.5,0.00139,1.2124,1.12874
24,100,1,0.05,0.3,0.5,0.00139,0.96608,0.88582
25,100,1,0.05,0.3,0.5,0.00139,1.11739,1.04184
26,100,1,0.05,0.3,0.5,0.00139,1.21773,1.14825
27,100,1,0.05,0.3,0.5,0.00139,1.21387,1.16828
28,100,1,0.05,0.3,0.5,0.00139,0.97471,0.93145
29,100,1,0.05,0.3,0.5,0.00139,0.90751,0.8477
30,100,1,0.05,0.3,0.5,0.00139,0.9359,0.88098
31,100,1,0.05,0.3,0.5,0.00139,1.06929,1.0726
32,100,1,0.05,0.3,0.5,0.00139,1.10779,1.02368
33,100,1,0.05,0.3,0.5,0.00139,1.04079,1.03984
34,100,1,0.05,0.3,0.5,0.00139,1.03444,0.9705
35,100,1,0.05,0.3,0.5,0.00139,1.28104,1.24802
36,100,1,0.05,0.3,0.5,0.00139,1.32132,1.25371
37,100,1,0.05,0.3,0.5,0.00139,0.9715,0.95046
38,100,1,0.05,0.3,0.5,0.00139,1.10579,1.05563
39,100,1,0.05,0.3,0.5,0.00139,1.13813,1.10272
40,100,1,0.05,0.3,0.5,0.00139,0.98164,0.94433
41,100,1,0.05,0.3,0.5,0.00139,1.0343,0.98219
42,100,1,0.05,0.3,0.5,0.00139,1.04833,1.00286
43,100,1,0.05,0.3,0.5,0.00139,1.07287,1.05028
44,100,1,0.05,0.3,0.5,0.00139,1.03795,0.98084
45,100,1,0.05,0.3,0.5,0.00139,1.15798,1.12228
46,100,1,0.05,0.3,0.5,0.00139,0.99394,0.95784
47,100,1,0.05,0.3,0.5,0.00139,0.97629,0.93682
48,100,1,0.05,0.3,0.5,0.00139,1.05847,0.98588
49,100,1,0.05,0.3,0.5,0.00139,1.13715,1.08523
50,100,1,0.05,0.3,0.5,0.00139,1.02452,0.97604
51,100,1,0.05,0.3,0.5,0.00139,0.9219,0.8689
52,100,1,0.05,0.3,0.5,0.00139,1.16241,1.06317
53,100,1,0.05,0.3,0.5,0.00139,1.16442,1.15295
54,100,1,0.05,0.3,0.5,0.00139,1.27607,1.2262
55,100,1,0.05,0.3,0.5,0.00139,1.10449,1.08411
56,100,1,0.05,0.3,0.5,0.00139,1.28948,1.22771
57,100,1,0.05,0.3,0.5,0.00139,1.1775,1.09833
58,100,1,0.05,0.3,0.5,0.00139,0.95078,0.90272
59,100,1,0.05,0.3,0.5,0.00139,0.89367,0.85124
60,100,1,0.05,0.3,0.5,0.00139,0.98066,0.96663
61,100,1,0.05,0.3,0.5,0.00139,0.92405,0.87763
62,100,1,0.05,0.3,0.5,0.00139,1.1505,1.10294
63,100,1,0.05,0.3,0.5,0.00139,0.91668,0.83994
64,100,1,0.05,0.3,0.5,0.00139,1.00643,0.97458
65,100,1,0.05,0.3,0.5,0.00139,0.92692,0.9115
66,100,1,0.05,0.3,0.5,0.00139,1.09436,1.02314
67,100,1,0.05,0.3,0.5,0.00139,1.08594,1.07365
68,100,1,0.05,0.3,0.5,0.00139,1.30685,1.29743
69,100,1,0.05,0.3,0.5,0.00139,1.1274,1.12842
70,100,1,0.05,0.3,0.5,0.00139,1.21214,1.17737
71,100,1,0.05,0.3,0.5,0.00139,0.87503,0.85412
72,100,1,0.05,0.3,0.5,0.00139,0.99935,0.95298
73,100,1,0.05,0.3,0.5,0.00139,1.14953,1.08668
74,100,1,0.05,0.3,0.5,0.00139,1.15767,1.1787
75,100,1,0.05,0.3,0.5,0.00139,1.0978,1.06709
76,100,1,0.05,0.3,0.5,0.00139,1.13986,1.09985
77,100,1,0.05,0.3,0.5,0.00139,1.04171,1.00291
78,100,1,0.05,0.3,0.5,0.00139,1.28307,1.25636
79,100,1,0.05,0.3,0.5,0.00139,0.93406,0.85593
80,100,1,0.05,0.3,0.5,0.00139,1.20289,1.15908
81,100,1,0.05,0.3,0.5,0.00139,1.05745,1.00571
82,100,1,0.05,0.3,0.5,0.00139,1.07803,1.04007
83,100,1,0.05,0.3,0.5,0.00139,1.11976,1.06595
84,100,1,0.05,0.3,0.5,0.00139,1.09798,1.0714
85,100,1,0.05,0.3,0.5,0.00139,0.96353,0.93954
86,100,1,0.05,0.3,0.5,0.00139,0.89294,0.8594
87,100,1,0.05,0.3,0.5,0.00139,1.1167,1.08626
88,100,1,0.05,0.3,0.5,0.00139,1.01386,0.96385
89,100,1,0.05,0.3,0.5,0.00139,1.07416,1.03485
90,100,1,0.05,0.3,0.5,0.00139,0.99288,0.96546
91,100,1,0.05,0.3,0.5,0.00139,1.21644,1.20083
92,100,1,0.05,0.3,0.5,0.00139,0.96038,0.93495
93,100,1,0.05,0.3,0.5,0.00139,0.98156,0.94593
94,100,1,0.05,0.3,0.5,0.00139,0.93668,0.89269
95,100,1,0.05,0.3,0.5,0.00139,1.04389,0.99234
96,100,1,0.05,0.3,0.5,0.00139,1.06877,0.995
97,100,1,0.05,0.3,0.5,0.00139,0.96977,0.93374
98,100,1,0.05,0.3,0.5,0.00139,0.92428,0.86989
99,100,1,0.05,0.3,0.5,0.00139,1.04739,0.95193
0,100,1,0.05,0.3,0.5,0.00115,1.06383,1.04937
1,100,1,0.05,0.3,0.5,0.00115,1.17212,1.14056
2,100,1,0.05,0.3,0.5,0.00115,1.10976,1.07353
3,100,1,0.05,0.3,0.5,0.00115,1.32875,1.31079
4,100,1,0.05,0.3,0.5,0.00115,1.38252,1.3601
5,100,1,0.05,0.3,0.5,0.00115,1.1706,1.1686
6,100,1,0.05,0.3,0.5,0.00115,1.15752,1.08876
7,100,1,0.05,0.3,0.5,0.00115,1.02192,1.00365
8,100,1,0.05,0.3,0.5,0.00115,1.30054,1.2527
9,100,1,0.05,0.3,0.5,0.00115,1.2269,1.20514
10,100,1,0.05,0.3,0.5,0.00115,1.03788,1.01057
11,100,1,0.05,0.3,0.5,0.00115,1.0265,1.02431
12,100,1,0.05,0.3,0.5,0.00115,1.03176,1.00279
13,100,1,0.05,0.3,0.5,0.00115,1.14142,1.11394
14,100,1,0.05,0.3,0.5,0.00115,1.01942,1.02307
15,100,1,0.05,0.3,0.5,0.00115,1.18171,1.16358
16,100,1,0.05,0.3,0.5,0.00115,1.18359,1.14873
17,100,1,0.05,0.3,0.5,0.00115,1.32527,1.26337
18,100,1,0.05,0.3,0.5,0.00115,1.18247,1.19227
19,100,1,0.05,0.3,0.5,0.00115,0.97664,0.96492
20,100,1,0.05,0.3,0.5,0.00115,1.13691,1.12929
21,100,1,0.05,0.3,0.5,0.00115,1.10062,1.07491
22,100,1,0.05,0.3,0.5,0.00115,1.14323,1.14615
23,100,1,0.05,0.3,0.5,0.00115,1.3113,1.2437
24,100,1,0.05,0.3,0.5,0.00115,1.0753,1.01577
25,100,1,0.05,0.3,0.5,0.00115,1.22476,1.1668
26,100,1,0.05,0.3,0.5,0.00115,1.35108,1.29823
27,100,1,0.05,0.3,0.5,0.00115,1.3464,1.31456
28,100,1,0.05,0.3,0.5,0.00115,1.09048,1.06287
29,100,1,0.05,0.3,0.5,0.00115,1.00872,0.969
30,100,1,0.05,0.3,0.5,0.00115,1.04101,1.00279
31,100,1,0.05,0.3,0.5,0.00115,1.20554,1.21618
32,100,1,0.05,0.3,0.5,0.00115,1.22852,1.16568
33,100,1,0.05,0.3,0.5,0.00115,1.13731,1.14514
34,100,1,0.05,0.3,0.5,0.00115,1.13341,1.08685
35,100,1,0.05,0.3,0.5,0.00115,1.43013,1.40779
36,100,1,0.05,0.3,0.5,0.00115,1.45331,1.40256
37,100,1,0.05,0.3,0.5,0.00115,1.08657,1.0785
38,100,1,0.05,0.3,0.5,0.00115,1.19714,1.16303
39,100,1,0.05,0.3,0.5,0.00115,1.25719,1.23423
40,100,1,0.05,0.3,0.5,0.00115,1.09746,1.0775
41,100,1,0.05,0.3,0.5,0.00115,1.17023,1.13495
42,100,1,0.05,0.3,0.5,0.00115,1.154,1.12324
43,100,1,0.05,0.3,0.5,0.00115,1.17469,1.16257
44,100,1,0.05,0.3,0.5,0.00115,1.14606,1.10751
45,100,1,0.05,0.3,0.5,0.00115,1.27504,1.2532
46,100,1,0.05,0.3,0.5,0.00115,1.10407,1.08384
47,100,1,0.05,0.3,0.5,0.00115,1.13054,1.1082
48,100,1,0.05,0.3,0.5,0.00115,1.20152,1.14843
49,100,1,0.05,0.3,0.5,0.00115,1.25595,1.21806
50,100,1,0.05,0.3,0.5,0.00115,1.1264,1.09398
51,100,1,0.05,0.3,0.5,0.00115,1.03206,0.9981
52,100,1,0.05,0.3,0.5,0.00115,1.2741,1.19625
53,100,1,0.05,0.3,0.5,0.00115,1.33508,1.33491
54,100,1,0.05,0.3,0.5,0.00115,1.4331,1.39707
55,100,1,0.05,0.3,0.5,0.00115,1.22407,1.21711
56,100,1,0.05,0.3,0.5,0.00115,1.42851,1.38279
57,100,1,0.05,0.3,0.5,0.00115,1.28407,1.22161
58,100,1,0.05,0.3,0.5,0.00115,1.05381,1.02259
59,100,1,0.05,0.3,0.5,0.00115,1.0027,0.97766
60,100,1,0.05,0.3,0.5,0.00115,1.08553,1.08293
61,100,1,0.05,0.3,0.5,0.00115,1.02824,0.99855
62,100,1,0.05,0.3,0.5,0.00115,1.2577,1.22525
63,100,1,0.05,0.3,0.5,0.00115,1.02491,0.96986
64,100,1,0.05,0.3,0.5,0.00115,1.13853,1.1213
65,100,1,0.05,0.3,0.5,0.00115,1.04145,1.03543
66,100,1,0.05,0.3,0.5,0.00115,1.21032,1.15684
67,100,1,0.05,0.3,0.5,0.00115,1.1991,1.19571
68,100,1,0.05,0.3,0.5,0.00115,1.45065,1.44932
69,100,1,0.05,0.3,0.5,0.00115,1.28821,1.29726
70,100,1,0.05,0.3,0.5,0.00115,1.35476,1.33451
71,100,1,0.05,0.3,0.5,0.00115,0.99414,0.98629
72,100,1,0.05,0.3,0.5,0.00115,1.10187,1.07087
73,100,1,0.05,0.3,0.5,0.00115,1.2513,1.2054
74,100,1,0.05,0.3,0.5,0.00115,1.28159,1.30601
75,100,1,0.05,0.3,0.5,0.00115,1.20701,1.18957
76,100,1,0.05,0.3,0.5,0.00115,1.2532,1.22836
77,100,1,0.05,0.3,0.5,0.00115,1.14911,1.1261
78,100,1,0.05,0.3,0.5,0.00115,1.44353,1.4279
79,100,1,0.05,0.3,0.5,0.00115,1.03554,0.9776
80,100,1,0.05,0.3,0.5,0.00115,1.33961,1.31041
81,100,1,0.05,0.3,0.5,0.00115,1.19647,1.15911
82,100,1,0.05,0.3,0.5,0.00115,1.19632,1.17409
83,100,1,0.05,0.3,0.5,0.00115,1.21456,1.17721
84,100,1,0.05,0.3,0.5,0.00115,1.19504,1.17986
85,100,1,0.05,0.3,0.5,0.00115,1.07677,1.06675
86,100,1,0.05,0.3,0.5,0.00115,1.00079,0.98057
87,100,1,0.05,0.3,0.5,0.00115,1.28907,1.27341
88,100,1,0.05,0.3,0.5,0.00115,1.12213,1.08693
89,100,1,0.05,0.3,0.5,0.00115,1.17052,1.14509
90,100,1,0.05,0.3,0.5,0.00115,1.13784,1.12672
91,100,1,0.05,0.3,0.5,0.00115,1.33173,1.32527
92,100,1,0.05,0.3,0.5,0.00115,1.08022,1.06956
93,100,1,0.05,0.3,0.5,0.00115,1.06797,1.04623
94,100,1,0.05,0.3,0.5,0.00115,1.03829,1.00914
95,100,1,0.05,0.3,0.5,0.00115,1.17922,1.14413
96,100,1,0.05,0.3,0.5,0.00115,1.15471,1.09815
97,100,1,0.05,0.3,0.5,0.00115,1.0835,1.06067
98,100,1,0.05,0.3,0.5,0.00115,1.02186,0.98731
99,100,1,0.05,0.3,0.5,0.00115,1.1489,1.07525
0,100,1,0.05,0.3,0.5,0.00095,1.21418,1.2081
1,100,1,0.05,0.3,0.5,0.00095,1.32132,1.30107
2,100,1,0.05,0.3,0.5,0.00095,1.25078,1.22583
3,100,1,0.05,0.3,0.5,0.00095,1.5239,1.51572
4,100,1,0.05,0.3,0.5,0.00095,1.50023,1.48573
5,100,1,0.05,0.3,0.5,0.00095,1.3455,1.35028
6,100,1,0.05,0.3,0.5,0.00095,1.29473,1.24334
7,100,1,0.05,0.3,0.5,0.00095,1.14232,1.13305
8,100,1,0.05,0.3,0.5,0.00095,1.44938,1.4148
9,100,1,0.05,0.3,0.5,0.00095,1.35072,1.33829
10,100,1,0.05,0.3,0.5,0.00095,1.16025,1.14472
11,100,1,0.05,0.3,0.5,0.00095,1.15668,1.16088
12,100,1,0.05,0.3,0.5,0.00095,1.17041,1.1528
13,100,1,0.05,0.3,0.5,0.00095,1.26529,1.24694
14,100,1,0.05,0.3,0.5,0.00095,1.15482,1.16464
15,100,1,0.05,0.3,0.5,0.00095,1.34489,1.33502
16,100,1,0.05,0.3,0.5,0.00095,1.3097,1.2868
17,100,1,0.05,0.3,0.5,0.00095,1.48926,1.44228
18,100,1,0.05,0.3,0.5,0.00095,1.32852,1.34181
19,100,1,0.05,0.3,0.5,0.00095,1.09505,1.09139
20,100,1,0.05,0.3,0.5,0.00095,1.25856,1.25743
21,100,1,0.05,0.3,0.5,0.00095,1.21892,1.20214
22,100,1,0.05,0.3,0.5,0.00095,1.30916,1.31651
23,100,1,0.05,0.3,0.5,0.00095,1.42323,1.36845
24,100,1,0.05,0.3,0.5,0.00095,1.20386,1.15945
25,100,1,0.05,0.3,0.5,0.00095,1.34906,1.30438
26,100,1,0.05,0.3,0.5,0.00095,1.50607,1.46541
27,100,1,0.05,0.3,0.5,0.00095,1.49644,1.47437
28,100,1,0.05,0.3,0.5,0.00095,1.22944,1.2122
29,100,1,0.05,0.3,0.5,0.00095,1.13482,1.10887
30,100,1,0.05,0.3,0.5,0.00095,1.16642,1.13965
31,100,1,0.05,0.3,0.5,0.00095,1.35628,1.36984
32,100,1,0.05,0.3,0.5,0.00095,1.37254,1.32575
33,100,1,0.05,0.3,0.5,0.00095,1.24991,1.26229
34,100,1,0.05,0.3,0.5,0.00095,1.25666,1.22309
35,100,1,0.05,0.3,0.5,0.00095,1.59763,1.58228
36,100,1,0.05,0.3,0.5,0.00095,1.61015,1.57221
37,100,1,0.05,0.3,0.5,0.00095,1.21817,1.21739
38,100,1,0.05,0.3,0.5,0.00095,1.30114,1.27866
39,100,1,0.05,0.3,0.5,0.00095,1.39389,1.37944
40,100,1,0.05,0.3,0.5,0.00095,1.23709,1.22837
41,100,1,0.05,0.3,0.5,0.00095,1.33441,1.31032
42,100,1,0.05,0.3,0.5,0.00095,1.27911,1.25842
43,100,1,0.05,0.3,0.5,0.00095,1.29663,1.29088
44,100,1,0.05,0.3,0.5,0.00095,1.27744,1.25192
45,100,1,0.05,0.3,0.5,0.00095,1.41305,1.4006
46,100,1,0.05,0.3,0.5,0.00095,1.23683,1.22706
47,100,1,0.05,0.3,0.5,0.00095,1.33609,1.32469
48,100,1,0.05,0.3,0.5,0.00095,1.38127,1.34238
49,100,1,0.05,0.3,0.5,0.00095,1.38849,1.36058
50,100,1,0.05,0.3,0.5,0.00095,1.24309,1.2214
51,100,1,0.05,0.3,0.5,0.00095,1.1669,1.14551
52,100,1,0.05,0.3,0.5,0.00095,1.40722,1.34648
53,100,1,0.05,0.3,0.5,0.00095,1.5341,1.54022
54,100,1,0.05,0.3,0.5,0.00095,1.61405,1.58767
55,100,1,0.05,0.3,0.5,0.00095,1.36577,1.36712
56,100,1,0.05,0.3,0.5,0.00095,1.58474,1.55077
57,100,1,0.05,0.3,0.5,0.00095,1.40911,1.3597
58,100,1,0.05,0.3,0.5,0.00095,1.18023,1.1605
59,100,1,0.05,0.3,0.5,0.00095,1.13908,1.12519
60,100,1,0.05,0.3,0.5,0.00095,1.20851,1.21234
61,100,1,0.05,0.3,0.5,0.00095,1.15311,1.13457
62,100,1,0.05,0.3,0.5,0.00095,1.38007,1.35824
63,100,1,0.05,0.3,0.5,0.00095,1.1583,1.11872
64,100,1,0.05,0.3,0.5,0.00095,1.29464,1.28632
65,100,1,0.05,0.3,0.5,0.00095,1.17793,1.17694
66,100,1,0.05,0.3,0.5,0.00095,1.34815,1.30775
67,100,1,0.05,0.3,0.5,0.00095,1.33079,1.33251
68,100,1,0.05,0.3,0.5,0.00095,1.61388,1.61711
69,100,1,0.05,0.3,0.5,0.00095,1.47109,1.48373
70,100,1,0.05,0.3,0.5,0.00095,1.51729,1.50657
71,100,1,0.05,0.3,0.5,0.00095,1.14228,1.14173
72,100,1,0.05,0.3,0.5,0.00095,1.22356,1.20308
73,100,1,0.05,0.3,0.5,0.00095,1.37743,1.34419
74,100,1,0.05,0.3,0.5,0.00095,1.42877,1.45333
75,100,1,0.05,0.3,0.5,0.00095,1.336,1.32698
76,100,1,0.05,0.3,0.5,0.00095,1.38507,1.3706
77,100,1,0.05,0.3,0.5,0.00095,1.27514,1.26257
78,100,1,0.05,0.3,0.5,0.00095,1.62858,1.61988
79,100,1,0.05,0.3,0.5,0.00095,1.15767,1.11475
80,100,1,0.05,0.3,0.5,0.00095,1.49633,1.47726
81,100,1,0.05,0.3,0.5,0.00095,1.37348,1.34616
82,100,1,0.05,0.3,0.5,0.00095,1.3315,1.31922
83,100,1,0.05,0.3,0.5,0.00095,1.32222,1.29659
84,100,1,0.05,0.3,0.5,0.00095,1.30239,1.29465
85,100,1,0.05,0.3,0.5,0.00095,1.20825,1.20663
86,100,1,0.05,0.3,0.5,0.00095,1.12824,1.11638
87,100,1,0.05,0.3,0.5,0.00095,1.49488,1.48827
88,100,1,0.05,0.3,0.5,0.00095,1.25013,1.22521
89,100,1,0.05,0.3,0.5,0.00095,1.28715,1.27128
90,100,1,0.05,0.3,0.5,0.00095,1.30786,1.30666
91,100,1,0.05,0.3,0.5,0.00095,1.46471,1.46357
92,100,1,0.05,0.3,0.5,0.00095,1.23249,1.23103
93,100,1,0.05,0.3,0.5,0.00095,1.17226,1.15975
94,100,1,0.05,0.3,0.5,0.00095,1.15608,1.1371
95,100,1,0.05,0.3,0.5,0.00095,1.33846,1.31475
96,100,1,0.05,0.3,0.5,0.00095,1.25427,1.21087
97,100,1,0.05,0.3,0.5,0.00095,1.21795,1.20366
98,100,1,0.05,0.3,0.5,0.00095,1.13972,1.11879
99,100,1,0.05,0.3,0.5,0.00095,1.26749,1.21062
0,100,1,0.05,0.3,0.5,0.00079,1.3906,1.38921
1,100,1,0.05,0.3,0.5,0.00079,1.50847,1.49621
2,100,1,0.05,0.3,0.5,0.00079,1.41258,1.39517
3,100,1,0.05,0.3,0.5,0.00079,1.74707,1.74466
4,100,1,0.05,0.3,0.5,0.00079,1.63021,1.62118
5,100,1,0.05,0.3,0.5,0.00079,1.54988,1.558
6,100,1,0.05,0.3,0.5,0.00079,1.45412,1.41593
7,100,1,0.05,0.3,0.5,0.00079,1.28094,1.27713
8,100,1,0.05,0.3,0.5,0.00079,1.61379,1.58864
9,100,1,0.05,0.3,0.5,0.00079,1.4994,1.49312
10,100,1,0.05,0.3,0.5,0.00079,1.30603,1.29808
11,100,1,0.05,0.3,0.5,0.00079,1.30061,1.30786
12,100,1,0.05,0.3,0.5,0.00079,1.33325,1.32295
13,100,1,0.05,0.3,0.5,0.00079,1.40993,1.39771
14,100,1,0.05,0.3,0.5,0.00079,1.31538,1.32783
15,100,1,0.05,0.3,0.5,0.00079,1.53404,1.52918
16,100,1,0.05,0.3,0.5,0.00079,1.4537,1.43902
17,100,1,0.05,0.3,0.5,0.00079,1.68655,1.65097
18,100,1,0.05,0.3,0.5,0.00079,1.5008,1.51483
19,100,1,0.05,0.3,0.5,0.00079,1.23097,1.23194
20,100,1,0.05,0.3,0.5,0.00079,1.39796,1.40028
21,100,1,0.05,0.3,0.5,0.00079,1.35382,1.3429
22,100,1,0.05,0.3,0.5,0.00079,1.49623,1.50522
23,100,1,0.05,0.3,0.5,0.00079,1.5497,1.50534
24,100,1,0.05,0.3,0.5,0.00079,1.35086,1.31749
25,100,1,0.05,0.3,0.5,0.00079,1.49093,1.45633
26,100,1,0.05,0.3,0.5,0.00079,1.68054,1.64889
27,100,1,0.05,0.3,0.5,0.00079,1.66445,1.6493
28,100,1,0.05,0.3,0.5,0.00079,1.39189,1.38137
29,100,1,0.05,0.3,0.5,0.00079,1.28427,1.2674
30,100,1,0.05,0.3,0.5,0.00079,1.31223,1.2932
31,100,1,0.05,0.3,0.5,0.00079,1.52029,1.53417
32,100,1,0.05,0.3,0.5,0.00079,1.53761,1.50282
33,100,1,0.05,0.3,0.5,0.00079,1.37937,1.39346
34,100,1,0.05,0.3,0.5,0.00079,1.41016,1.3863
35,100,1,0.05,0.3,0.5,0.00079,1.78414,1.77339
36,100,1,0.05,0.3,0.5,0.00079,1.79476,1.7665
37,100,1,0.05,0.3,0.5,0.00079,1.3658,1.36872
38,100,1,0.05,0.3,0.5,0.00079,1.41735,1.40312
39,100,1,0.05,0.3,0.5,0.00079,1.54834,1.53963
40,100,1,0.05,0.3,0.5,0.00079,1.4009,1.39911
41,100,1,0.05,0.3,0.5,0.00079,1.52707,1.51032
42,100,1,0.05,0.3,0.5,0.00079,1.42453,1.41061
43,100,1,0.05,0.3,0.5,0.00079,1.4394,1.43724
44,100,1,0.05,0.3,0.5,0.00079,1.43648,1.41996
45,100,1,0.05,0.3,0.5,0.00079,1.57014,1.5638
46,100,1,0.05,0.3,0.5,0.00079,1.39176,1.38849
47,100,1,0.05,0.3,0.5,0.00079,1.59215,1.58724
48,100,1,0.05,0.3,0.5,0.00079,1.59507,1.56642
49,100,1,0.05,0.3,0.5,0.00079,1.53357,1.51286
50,100,1,0.05,0.3,0.5,0.00079,1.37336,1.3587
51,100,1,0.05,0.3,0.5,0.00079,1.32635,1.31304
52,100,1,0.05,0.3,0.5,0.00079,1.56076,1.51352
53,100,1,0.05,0.3,0.5,0.00079,1.75864,1.76778
54,100,1,0.05,0.3,0.5,0.00079,1.81992,1.80033
55,100,1,0.05,0.3,0.5,0.00079,1.53129,1.53729
56,100,1,0.05,0.3,0.5,0.00079,1.7567,1.73132
57,100,1,0.05,0.3,0.5,0.00079,1.55401,1.51485
58,100,1,0.05,0.3,0.5,0.00079,1.33018,1.31801
59,100,1,0.05,0.3,0.5,0.00079,1.29975,1.29256
60,100,1,0.05,0.3,0.5,0.00079,1.35045,1.35736
61,100,1,0.05,0.3,0.5,0.00079,1.29694,1.28558
62,100,1,0.05,0.3,0.5,0.00079,1.5189,1.50441
63,100,1,0.05,0.3,0.5,0.00079,1.3151,1.2864
64,100,1,0.05,0.3,0.5,0.00079,1.47257,1.46933
65,100,1,0.05,0.3,0.5,0.00079,1.33483,1.3362
66,100,1,0.05,0.3,0.5,0.00079,1.50921,1.47844
67,100,1,0.05,0.3,0.5,0.00079,1.48222,1.48657
68,100,1,0.05,0.3,0.5,0.00079,1.79691,1.8024
69,100,1,0.05,0.3,0.5,0.00079,1.67421,1.68776
70,100,1,0.05,0.3,0.5,0.00079,1.69947,1.69483
71,100,1,0.05,0.3,0.5,0.00079,1.31953,1.32265
72,100,1,0.05,0.3,0.5,0.00079,1.36497,1.35157
73,100,1,0.05,0.3,0.5,0.00079,1.53058,1.50665
74,100,1,0.05,0.3,0.5,0.00079,1.60338,1.62614
75,100,1,0.05,0.3,0.5,0.00079,1.48511,1.48105
76,100,1,0.05,0.3,0.5,0.00079,1.53497,1.52732
77,100,1,0.05,0.3,0.5,0.00079,1.41833,1.41236
78,100,1,0.05,0.3,0.5,0.00079,1.83712,1.83254
79,100,1,0.05,0.3,0.5,0.00079,1.30234,1.27057
80,100,1,0.05,0.3,0.5,0.00079,1.6708,1.65858
81,100,1,0.05,0.3,0.5,0.00079,1.59291,1.57263
82,100,1,0.05,0.3,0.5,0.00079,1.48213,1.47589
83,100,1,0.05,0.3,0.5,0.00079,1.44497,1.42759
84,100,1,0.05,0.3,0.5,0.00079,1.42089,1.41783
85,100,1,0.05,0.3,0.5,0.00079,1.35676,1.35982
86,100,1,0.05,0.3,0.5,0.00079,1.27538,1.26865
87,100,1,0.05,0.3,0.5,0.00079,1.73128,1.72991
88,100,1,0.05,0.3,0.5,0.00079,1.39729,1.37942
89,100,1,0.05,0.3,0.5,0.00079,1.42575,1.41619
90,100,1,0.05,0.3,0.5,0.00079,1.502,1.50641
91,100,1,0.05,0.3,0.5,0.00079,1.61381,1.61543
92,100,1,0.05,0.3,0.5,0.00079,1.42109,1.42487
93,100,1,0.05,0.3,0.5,0.00079,1.29595,1.28936
94,100,1,0.05,0.3,0.5,0.00079,1.2902,1.27808
95,100,1,0.05,0.3,0.5,0.00079,1.51974,1.50382
96,100,1,0.05,0.3,0.5,0.00079,1.36734,1.33405
97,100,1,0.05,0.3,0.5,0.00079,1.3734,1.36451
98,100,1,0.05,0.3,0.5,0.00079,1.27807,1.26614
99,100,1,0.05,0.3,0.5,0.00079,1.4023,1.35835
0,100,1,0.05,0.3,0.5,0.00066,1.59134,1.59237
1,100,1,0.05,0.3,0.5,0.00066,1.73867,1.73187
2,100,1,0.05,0.3,0.5,0.00066,1.5956,1.58327
3,100,1,0.05,0.3,0.5,0.00066,1.99095,1.99168
4,100,1,0.05,0.3,0.5,0.00066,1.77649,1.7712
5,100,1,0.05,0.3,0.5,0.00066,1.78457,1.7939
6,100,1,0.05,0.3,0.5,0.00066,1.6343,1.60604
7,100,1,0.05,0.3,0.5,0.00066,1.43706,1.43639
8,100,1,0.05,0.3,0.5,0.00066,1.79293,1.77452
9,100,1,0.05,0.3,0.5,0.00066,1.67613,1.67369
10,100,1,0.05,0.3,0.5,0.00066,1.47661,1.47337
11,100,1,0.05,0.3,0.5,0.00066,1.45738,1.46566
12,100,1,0.05,0.3,0.5,0.00066,1.52087,1.51521
13,100,1,0.05,0.3,0.5,0.00066,1.57466,1.56657
14,100,1,0.05,0.3,0.5,0.00066,1.50114,1.51409
15,100,1,0.05,0.3,0.5,0.00066,1.7467,1.74477
16,100,1,0.05,0.3,0.5,0.00066,1.61429,1.60509
17,100,1,0.05,0.3,0.5,0.00066,1.91882,1.8919
18,100,1,0.05,0.3,0.5,0.00066,1.70049,1.7137
19,100,1,0.05,0.3,0.5,0.00066,1.38453,1.38791
20,100,1,0.05,0.3,0.5,0.00066,1.55423,1.55808
21,100,1,0.05,0.3,0.5,0.00066,1.50556,1.49846
22,100,1,0.05,0.3,0.5,0.00066,1.70366,1.71279
23,100,1,0.05,0.3,0.5,0.00066,1.69236,1.65656
24,100,1,0.05,0.3,0.5,0.00066,1.51602,1.49078
25,100,1,0.05,0.3,0.5,0.00066,1.65148,1.6246
26,100,1,0.05,0.3,0.5,0.00066,1.87155,1.84668
27,100,1,0.05,0.3,0.5,0.00066,1.85137,1.84109
28,100,1,0.05,0.3,0.5,0.00066,1.57882,1.57259
29,100,1,0.05,0.3,0.5,0.00066,1.4553,1.44424
30,100,1,0.05,0.3,0.5,0.00066,1.47856,1.46475
31,100,1,0.05,0.3,0.5,0.00066,1.69834,1.71112
32,100,1,0.05,0.3,0.5,0.00066,1.72188,1.69604
33,100,1,0.05,0.3,0.5,0.00066,1.52686,1.54086
34,100,1,0.05,0.3,0.5,0.00066,1.60022,1.58358
35,100,1,0.05,0.3,0.5,0.00066,1.99074,1.98304
36,100,1,0.05,0.3,0.5,0.00066,2.01009,1.98908
37,100,1,0.05,0.3,0.5,0.00066,1.53174,1.5362
38,100,1,0.05,0.3,0.5,0.00066,1.54616,1.53764
39,100,1,0.05,0.3,0.5,0.00066,1.72182,1.71698
40,100,1,0.05,0.3,0.5,0.00066,1.59041,1.5926
41,100,1,0.05,0.3,0.5,0.00066,1.74848,1.73657
42,100,1,0.05,0.3,0.5,0.00066,1.59114,1.5817
43,100,1,0.05,0.3,0.5,0.00066,1.60376,1.60341
44,100,1,0.05,0.3,0.5,0.00066,1.62839,1.61799
45,100,1,0.05,0.3,0.5,0.00066,1.74321,1.74065
46,100,1,0.05,0.3,0.5,0.00066,1.56848,1.569
47,100,1,0.05,0.3,0.5,0.00066,1.88996,1.88864
48,100,1,0.05,0.3,0.5,0.00066,1.83526,1.81394
49,100,1,0.05,0.3,0.5,0.00066,1.69057,1.67516
50,100,1,0.05,0.3,0.5,0.00066,1.51699,1.50686
51,100,1,0.05,0.3,0.5,0.00066,1.50996,1.50174
52,100,1,0.05,0.3,0.5,0.00066,1.73293,1.69624
53,100,1,0.05,0.3,0.5,0.00066,2.00416,2.01429
54,100,1,0.05,0.3,0.5,0.00066,2.05028,2.03552
55,100,1,0.05,0.3,0.5,0.00066,1.72243,1.73057
56,100,1,0.05,0.3,0.5,0.00066,1.94309,1.92403
57,100,1,0.05,0.3,0.5,0.00066,1.72017,1.68913
58,100,1,0.05,0.3,0.5,0.00066,1.50299,1.49562
59,100,1,0.05,0.3,0.5,0.00066,1.48076,1.47733
60,100,1,0.05,0.3,0.5,0.00066,1.51216,1.52006
61,100,1,0.05,0.3,0.5,0.00066,1.45818,1.45132
62,100,1,0.05,0.3,0.5,0.00066,1.67586,1.66635
63,100,1,0.05,0.3,0.5,0.00066,1.49431,1.47325
64,100,1,0.05,0.3,0.5,0.00066,1.67003,1.6695
65,100,1,0.05,0.3,0.5,0.00066,1.51062,1.51287
66,100,1,0.05,0.3,0.5,0.00066,1.69552,1.67189
67,100,1,0.05,0.3,0.5,0.00066,1.65641,1.66184
68,100,1,0.05,0.3,0.5,0.00066,2.00066,2.00697
69,100,1,0.05,0.3,0.5,0.00066,1.89669,1.90961
70,100,1,0.05,0.3,0.5,0.00066,1.90247,1.90157
71,100,1,0.05,0.3,0.5,0.00066,1.52593,1.53056
72,100,1,0.05,0.3,0.5,0.00066,1.52705,1.51839
73,100,1,0.05,0.3,0.5,0.00066,1.71394,1.69678
74,100,1,0.05,0.3,0.5,0.00066,1.80911,1.8291
75,100,1,0.05,0.3,0.5,0.00066,1.65455,1.65313
76,100,1,0.05,0.3,0.5,0.00066,1.70233,1.69895
77,100,1,0.05,0.3,0.5,0.00066,1.57754,1.57552
78,100,1,0.05,0.3,0.5,0.00066,2.06853,2.06622
79,100,1,0.05,0.3,0.5,0.00066,1.47217,1.44862
80,100,1,0.05,0.3,0.5,0.00066,1.86038,1.85267
81,100,1,0.05,0.3,0.5,0.00066,1.85652,1.84126
82,100,1,0.05,0.3,0.5,0.00066,1.64827,1.64557
83,100,1,0.05,0.3,0.5,0.00066,1.58588,1.57426
84,100,1,0.05,0.3,0.5,0.00066,1.55289,1.55265
85,100,1,0.05,0.3,0.5,0.00066,1.52188,1.52725
86,100,1,0.05,0.3,0.5,0.00066,1.44243,1.43877
87,100,1,0.05,0.3,0.5,0.00066,1.9943,1.99574
88,100,1,0.05,0.3,0.5,0.00066,1.56365,1.5506
89,100,1,0.05,0.3,0.5,0.00066,1.58785,1.58227
90,100,1,0.05,0.3,0.5,0.00066,1.72004,1.72725
91,100,1,0.05,0.3,0.5,0.00066,1.7771,1.77987
92,100,1,0.05,0.3,0.5,0.00066,1.6487,1.65504
93,100,1,0.05,0.3,0.5,0.00066,1.4415,1.43853
94,100,1,0.05,0.3,0.5,0.00066,1.44159,1.43399
95,100,1,0.05,0.3,0.5,0.00066,1.72257,1.71196
96,100,1,0.05,0.3,0.5,0.00066,1.49406,1.46855
97,100,1,0.05,0.3,0.5,0.00066,1.55109,1.54557
98,100,1,0.05,0.3,0.5,0.00066,1.43731,1.43105
99,100,1,0.05,0.3,0.5,0.00066,1.55376,1.51983
0,100,1,0.05,0.3,0.5,0.00054,1.81497,1.81712
1,100,1,0.05,0.3,0.5,0.00054,2.01387,2.01067
2,100,1,0.05,0.3,0.5,0.00054,1.8009,1.79203
3,100,1,0.05,0.3,0.5,0.00054,2.2479,2.25013
4,100,1,0.05,0.3,0.5,0.00054,1.94332,1.94055
5,100,1,0.05,0.3,0.5,0.00054,2.05074,2.06002
6,100,1,0.05,0.3,0.5,0.00054,1.83391,1.81304
7,100,1,0.05,0.3,0.5,0.00054,1.61042,1.61143
8,100,1,0.05,0.3,0.5,0.00054,1.98713,1.97358
9,100,1,0.05,0.3,0.5,0.00054,1.88419,1.88401
10,100,1,0.05,0.3,0.5,0.00054,1.67417,1.67375
11,100,1,0.05,0.3,0.5,0.00054,1.62696,1.63511
12,100,1,0.05,0.3,0.5,0.00054,1.73351,1.73079
13,100,1,0.05,0.3,0.5,0.00054,1.75882,1.75352
14,100,1,0.05,0.3,0.5,0.00054,1.71122,1.72349
15,100,1,0.05,0.3,0.5,0.00054,1.98097,1.98072
16,100,1,0.05,0.3,0.5,0.00054,1.79058,1.78493
17,100,1,0.05,0.3,0.5,0.00054,2.18494,2.16457
18,100,1,0.05,0.3,0.5,0.00054,1.92756,1.93917
19,100,1,0.05,0.3,0.5,0.00054,1.55614,1.56054
20,100,1,0.05,0.3,0.5,0.00054,1.72669,1.73092
21,100,1,0.05,0.3,0.5,0.00054,1.67469,1.67007
22,100,1,0.05,0.3,0.5,0.00054,1.93102,1.93956
23,100,1,0.05,0.3,0.5,0.00054,1.85261,1.82386
24,100,1,0.05,0.3,0.5,0.00054,1.69965,1.68046
25,100,1,0.05,0.3,0.5,0.00054,1.83218,1.81128
26,100,1,0.05,0.3,0.5,0.00054,2.07598,2.05631
27,100,1,0.05,0.3,0.5,0.00054,2.05831,2.05141
28,100,1,0.05,0.3,0.5,0.00054,1.79147,1.78792
29,100,1,0.05,0.3,0.5,0.00054,1.64634,1.63895
30,100,1,0.05,0.3,0.5,0.00054,1.6652,1.65494
31,100,1,0.05,0.3,0.5,0.00054,1.89273,1.90379
32,100,1,0.05,0.3,0.5,0.00054,1.92469,1.90552
33,100,1,0.05,0.3,0.5,0.00054,1.69378,1.70669
34,100,1,0.05,0.3,0.5,0.00054,1.83101,1.81963
35,100,1,0.05,0.3,0.5,0.00054,2.21789,2.21226
36,100,1,0.05,0.3,0.5,0.00054,2.25848,2.24288
37,100,1,0.05,0.3,0.5,0.00054,1.72066,1.72543
38,100,1,0.05,0.3,0.5,0.00054,1.68914,1.68447
39,100,1,0.05,0.3,0.5,0.00054,1.91681,1.91451
40,100,1,0.05,0.3,0.5,0.00054,1.80839,1.81263
41,100,1,0.05,0.3,0.5,0.00054,1.99908,1.99041
42,100,1,0.05,0.3,0.5,0.00054,1.77979,1.77331
43,100,1,0.05,0.3,0.5,0.00054,1.79047,1.79088
44,100,1,0.05,0.3,0.5,0.00054,1.85661,1.85025
45,100,1,0.05,0.3,0.5,0.00054,1.92907,1.92871
46,100,1,0.05,0.3,0.5,0.00054,1.76778,1.77028
47,100,1,0.05,0.3,0.5,0.00054,2.21455,2.21507
48,100,1,0.05,0.3,0.5,0.00054,2.09093,2.07489
49,100,1,0.05,0.3,0.5,0.00054,1.85915,1.84768
50,100,1,0.05,0.3,0.5,0.00054,1.67489,1.66771
51,100,1,0.05,0.3,0.5,0.00054,1.71665,1.71158
52,100,1,0.05,0.3,0.5,0.00054,1.92183,1.89335
53,100,1,0.05,0.3,0.5,0.00054,2.26485,2.27479
54,100,1,0.05,0.3,0.5,0.00054,2.30182,2.29055
55,100,1,0.05,0.3,0.5,0.00054,1.94062,1.94927
56,100,1,0.05,0.3,0.5,0.00054,2.14275,2.12837
57,100,1,0.05,0.3,0.5,0.00054,1.90932,1.88473
58,100,1,0.05,0.3,0.5,0.00054,1.69726,1.69285
59,100,1,0.05,0.3,0.5,0.00054,1.67849,1.67703
60,100,1,0.05,0.3,0.5,0.00054,1.69405,1.70172
61,100,1,0.05,0.3,0.5,0.00054,1.63599,1.63186
62,100,1,0.05,0.3,0.5,0.00054,1.85238,1.84617
63,100,1,0.05,0.3,0.5,0.00054,1.69654,1.6809
64,100,1,0.05,0.3,0.5,0.00054,1.88508,1.88584
65,100,1,0.05,0.3,0.5,0.00054,1.70499,1.70735
66,100,1,0.05,0.3,0.5,0.00054,1.90991,1.89161
67,100,1,0.05,0.3,0.5,0.00054,1.85817,1.86375
68,100,1,0.05,0.3,0.5,0.00054,2.22622,2.23249
69,100,1,0.05,0.3,0.5,0.00054,2.13872,2.15025
70,100,1,0.05,0.3,0.5,0.00054,2.12831,2.12959
71,100,1,0.05,0.3,0.5,0.00054,1.76111,1.76608
72,100,1,0.05,0.3,0.5,0.00054,1.7111,1.7056
73,100,1,0.05,0.3,0.5,0.00054,1.93112,1.91888
74,100,1,0.05,0.3,0.5,0.00054,2.04727,2.06415
75,100,1,0.05,0.3,0.5,0.00054,1.84404,1.84382
76,100,1,0.05,0.3,0.5,0.00054,1.88696,1.88609
77,100,1,0.05,0.3,0.5,0.00054,1.75229,1.75248
78,100,1,0.05,0.3,0.5,0.00054,2.32226,2.3211
79,100,1,0.05,0.3,0.5,0.00054,1.66952,1.65202
80,100,1,0.05,0.3,0.5,0.00054,2.06269,2.05788
81,100,1,0.05,0.3,0.5,0.00054,2.16259,2.15097
82,100,1,0.05,0.3,0.5,0.00054,1.83098,1.83026
83,100,1,0.05,0.3,0.5,0.00054,1.74771,1.74006
84,100,1,0.05,0.3,0.5,0.00054,1.70156,1.70291
85,100,1,0.05,0.3,0.5,0.00054,1.70402,1.71024
86,100,1,0.05,0.3,0.5,0.00054,1.62938,1.62751
87,100,1,0.05,0.3,0.5,0.00054,2.27952,2.28228
88,100,1,0.05,0.3,0.5,0.00054,1.75012,1.74042
89,100,1,0.05,0.3,0.5,0.00054,1.77435,1.77115
90,100,1,0.05,0.3,0.5,0.00054,1.96172,1.96993
91,100,1,0.05,0.3,0.5,0.00054,1.9526,1.95558
92,100,1,0.05,0.3,0.5,0.00054,1.91402,1.92121
93,100,1,0.05,0.3,0.5,0.00054,1.61205,1.61118
94,100,1,0.05,0.3,0.5,0.00054,1.61148,1.60677
95,100,1,0.05,0.3,0.5,0.00054,1.94765,1.9406
96,100,1,0.05,0.3,0.5,0.00054,1.63504,1.61556
97,100,1,0.05,0.3,0.5,0.00054,1.7533,1.74985
98,100,1,0.05,0.3,0.5,0.00054,1.61749,1.61464
99,100,1,0.05,0.3,0.5,0.00054,1.72352,1.69739
0,100,1,0.05,0.3,0.5,0.00045,2.06086,2.0634
1,100,1,0.05,0.3,0.5,0.00045,2.3313,2.33033
2,100,1,0.05,0.3,0.5,0.00045,2.03026,2.02378
3,100,1,0.05,0.3,0.5,0.00045,2.51207,2.51487
4,100,1,0.05,0.3,0.5,0.00045,2.13465,2.13351
5,100,1,0.05,0.3,0.5,0.00045,2.34989,2.35841
6,100,1,0.05,0.3,0.5,0.00045,2.05178,2.03635
7,100,1,0.05,0.3,0.5,0.00045,1.80149,1.8033
8,100,1,0.05,0.3,0.5,0.00045,2.19734,2.18733
9,100,1,0.05,0.3,0.5,0.00045,2.12599,2.12702
10,100,1,0.05,0.3,0.5,0.00045,1.90157,1.90272
11,100,1,0.05,0.3,0.5,0.00045,1.80991,1.81734
12,100,1,0.05,0.3,0.5,0.00045,1.97057,1.96967
13,100,1,0.05,0.3,0.5,0.00045,1.96223,1.9588
14,100,1,0.05,0.3,0.5,0.00045,1.94399,1.955
15,100,1,0.05,0.3,0.5,0.00045,2.23683,2.23753
16,100,1,0.05,0.3,0.5,0.00045,1.98263,1.9792
17,100,1,0.05,0.3,0.5,0.00045,2.48063,2.46519
18,100,1,0.05,0.3,0.5,0.00045,2.17994,2.1897
19,100,1,0.05,0.3,0.5,0.00045,1.74658,1.75118
20,100,1,0.05,0.3,0.5,0.00045,1.91506,1.91905
21,100,1,0.05,0.3,0.5,0.00045,1.86182,1.85878
22,100,1,0.05,0.3,0.5,0.00045,2.17852,2.18616
23,100,1,0.05,0.3,0.5,0.00045,2.03181,2.00884
24,100,1,0.05,0.3,0.5,0.00045,1.90261,1.88797
25,100,1,0.05,0.3,0.5,0.00045,2.03491,2.01866
26,100,1,0.05,0.3,0.5,0.00045,2.29161,2.27597
27,100,1,0.05,0.3,0.5,0.00045,2.28587,2.2813
28,100,1,0.05,0.3,0.5,0.00045,2.03077,2.02888
29,100,1,0.05,0.3,0.5,0.00045,1.85603,1.85096
30,100,1,0.05,0.3,0.5,0.00045,1.87175,1.86395
31,100,1,0.05,0.3,0.5,0.00045,2.10681,2.11598
32,100,1,0.05,0.3,0.5,0.00045,2.14684,2.13268
33,100,1,0.05,0.3,0.5,0.00045,1.88147,1.8928
34,100,1,0.05,0.3,0.5,0.00045,2.10277,2.09513
35,100,1,0.05,0.3,0.5,0.00045,2.46515,2.46095
36,100,1,0.05,0.3,0.5,0.00045,2.54053,2.52891
37,100,1,0.05,0.3,0.5,0.00045,1.93864,1.9431
38,100,1,0.05,0.3,0.5,0.00045,1.84899,1.84686
39,100,1,0.05,0.3,0.5,0.00045,2.13595,2.13527
40,100,1,0.05,0.3,0.5,0.00045,2.05836,2.06343
41,100,1,0.05,0.3,0.5,0.00045,2.27955,2.27311
42,100,1,0.05,0.3,0.5,0.00045,1.9913,1.98676
43,100,1,0.05,0.3,0.5,0.00045,2.00018,2.00079
44,100,1,0.05,0.3,0.5,0.00045,2.12014,2.11637
45,100,1,0.05,0.3,0.5,0.00045,2.12582,2.12664
46,100,1,0.05,0.3,0.5,0.00045,1.99147,1.99482
47,100,1,0.05,0.3,0.5,0.00045,2.54917,2.55055
48,100,1,0.05,0.3,0.5,0.00045,2.3524,2.34021
49,100,1,0.05,0.3,0.5,0.00045,2.03919,2.03069
50,100,1,0.05,0.3,0.5,0.00045,1.84902,1.84374
51,100,1,0.05,0.3,0.5,0.00045,1.94479,1.94164
52,100,1,0.05,0.3,0.5,0.00045,2.1262,2.10408
53,100,1,0.05,0.3,0.5,0.00045,2.53494,2.54408
54,100,1,0.05,0.3,0.5,0.00045,2.56841,2.55968
55,100,1,0.05,0.3,0.5,0.00045,2.18638,2.19459
56,100,1,0.05,0.3,0.5,0.00045,2.35473,2.34382
57,100,1,0.05,0.3,0.5,0.00045,2.1238,2.10436
58,100,1,0.05,0.3,0.5,0.00045,1.91109,1.90844
59,100,1,0.05,0.3,0.5,0.00045,1.8904,1.88988
60,100,1,0.05,0.3,0.5,0.00045,1.89603,1.90287
61,100,1,0.05,0.3,0.5,0.00045,1.8304,1.82788
62,100,1,0.05,0.3,0.5,0.00045,2.0495,2.04543
63,100,1,0.05,0.3,0.5,0.00045,1.92458,1.9128
64,100,1,0.05,0.3,0.5,0.00045,2.11715,2.11841
65,100,1,0.05,0.3,0.5,0.00045,1.9199,1.92203
66,100,1,0.05,0.3,0.5,0.00045,2.15575,2.14148
67,100,1,0.05,0.3,0.5,0.00045,2.0935,2.09874
68,100,1,0.05,0.3,0.5,0.00045,2.47449,2.48026
69,100,1,0.05,0.3,0.5,0.00045,2.40181,2.41169
70,100,1,0.05,0.3,0.5,0.00045,2.37946,2.38193
71,100,1,0.05,0.3,0.5,0.00045,2.0243,2.02902
72,100,1,0.05,0.3,0.5,0.00045,1.91851,1.91514
73,100,1,0.05,0.3,0.5,0.00045,2.18556,2.17685
74,100,1,0.05,0.3,0.5,0.00045,2.31545,2.32931
75,100,1,0.05,0.3,0.5,0.00045,2.05318,2.05333
76,100,1,0.05,0.3,0.5,0.00045,2.08943,2.08991
77,100,1,0.05,0.3,0.5,0.00045,1.94304,1.94435
78,100,1,0.05,0.3,0.5,0.00045,2.59702,2.59639
79,100,1,0.05,0.3,0.5,0.00045,1.89583,1.88272
80,100,1,0.05,0.3,0.5,0.00045,2.2764,2.27344
81,100,1,0.05,0.3,0.5,0.00045,2.5069,2.49797
82,100,1,0.05,0.3,0.5,0.00045,2.03169,2.03202
83,100,1,0.05,0.3,0.5,0.00045,1.93199,1.92704
84,100,1,0.05,0.3,0.5,0.00045,1.87017,1.87232
85,100,1,0.05,0.3,0.5,0.00045,1.90445,1.91065
86,100,1,0.05,0.3,0.5,0.00045,1.8359,1.83505
87,100,1,0.05,0.3,0.5,0.00045,2.58265,2.58585
88,100,1,0.05,0.3,0.5,0.00045,1.95858,1.95124
89,100,1,0.05,0.3,0.5,0.00045,1.98503,1.9832
90,100,1,0.05,0.3,0.5,0.00045,2.22603,2.23415
91,100,1,0.05,0.3,0.5,0.00045,2.13891,2.1416
92,100,1,0.05,0.3,0.5,0.00045,2.20995,2.21701
93,100,1,0.05,0.3,0.5,0.00045,1.81096,1.81122
94,100,1,0.05,0.3,0.5,0.00045,1.80092,1.79799
95,100,1,0.05,0.3,0.5,0.00045,2.19555,2.19088
96,100,1,0.05,0.3,0.5,0.00045,1.79213,1.77734
97,100,1,0.05,0.3,0.5,0.00045,1.9826,1.98038
98,100,1,0.05,0.3,0.5,0.00045,1.81838,1.81745
99,100,1,0.05,0.3,0.5,0.00045,1.91389,1.89384
0,100,1,0.05,0.3,0.5,0.00037,2.32909,2.33166
1,100,1,0.05,0.3,0.5,0.00037,2.68347,2.68379
2,100,1,0.05,0.3,0.5,0.00037,2.28596,2.28119
3,100,1,0.05,0.3,0.5,0.00037,2.78175,2.78458
4,100,1,0.05,0.3,0.5,0.00037,2.35283,2.35269
5,100,1,0.05,0.3,0.5,0.00037,2.68351,2.69097
6,100,1,0.05,0.3,0.5,0.00037,2.28633,2.2749
7,100,1,0.05,0.3,0.5,0.00037,2.01147,2.01359
8,100,1,0.05,0.3,0.5,0.00037,2.42484,2.41744
9,100,1,0.05,0.3,0.5,0.00037,2.4019,2.4035
10,100,1,0.05,0.3,0.5,0.00037,2.16163,2.16357
11,100,1,0.05,0.3,0.5,0.00037,2.00719,2.01363
12,100,1,0.05,0.3,0.5,0.00037,2.23046,2.23064
13,100,1,0.05,0.3,0.5,0.00037,2.18477,2.18257
14,100,1,0.05,0.3,0.5,0.00037,2.19733,2.20687
15,100,1,0.05,0.3,0.5,0.00037,2.51612,2.51731
16,100,1,0.05,0.3,0.5,0.00037,2.19139,2.18927
17,100,1,0.05,0.3,0.5,0.00037,2.79864,2.7869
18,100,1,0.05,0.3,0.5,0.00037,2.45345,2.46142
19,100,1,0.05,0.3,0.5,0.00037,1.95691,1.96126
20,100,1,0.05,0.3,0.5,0.00037,2.1199,2.12335
21,100,1,0.05,0.3,0.5,0.00037,2.06706,2.06503
22,100,1,0.05,0.3,0.5,0.00037,2.44705,2.45371
23,100,1,0.05,0.3,0.5,0.00037,2.23171,2.21348
24,100,1,0.05,0.3,0.5,0.00037,2.12589,2.11469
25,100,1,0.05,0.3,0.5,0.00037,2.26165,2.24905
26,100,1,0.05,0.3,0.5,0.00037,2.5181,2.50565
27,100,1,0.05,0.3,0.5,0.00037,2.53415,2.53117
28,100,1,0.05,0.3,0.5,0.00037,2.29679,2.29592
29,100,1,0.05,0.3,0.5,0.00037,2.08292,2.0793
30,100,1,0.05,0.3,0.5,0.00037,2.09759,2.09155
31,100,1,0.05,0.3,0.5,0.00037,2.34458,2.35195
32,100,1,0.05,0.3,0.5,0.00037,2.38969,2.37926
33,100,1,0.05,0.3,0.5,0.00037,2.09092,2.10052
34,100,1,0.05,0.3,0.5,0.00037,2.41176,2.4067
35,100,1,0.05,0.3,0.5,0.00037,2.7301,2.72692
36,100,1,0.05,0.3,0.5,0.00037,2.85387,2.84518
37,100,1,0.05,0.3,0.5,0.00037,2.1919,2.19575
38,100,1,0.05,0.3,0.5,0.00037,2.02863,2.0281
39,100,1,0.05,0.3,0.5,0.00037,2.38025,2.38055
40,100,1,0.05,0.3,0.5,0.00037,2.34317,2.34836
41,100,1,0.05,0.3,0.5,0.00037,2.59014,2.58531
42,100,1,0.05,0.3,0.5,0.00037,2.22635,2.22311
43,100,1,0.05,0.3,0.5,0.00037,2.23322,2.23374
44,100,1,0.05,0.3,0.5,0.00037,2.41286,2.41067
45,100,1,0.05,0.3,0.5,0.00037,2.33365,2.33504
46,100,1,0.05,0.3,0.5,0.00037,2.24179,2.24531
47,100,1,0.05,0.3,0.5,0.00037,2.87973,2.88145
48,100,1,0.05,0.3,0.5,0.00037,2.61527,2.60593
49,100,1,0.05,0.3,0.5,0.00037,2.23036,2.2241
50,100,1,0.05,0.3,0.5,0.00037,2.0418,2.03779
51,100,1,0.05,0.3,0.5,0.00037,2.19271,2.19073
52,100,1,0.05,0.3,0.5,0.00037,2.34617,2.32902
53,100,1,0.05,0.3,0.5,0.00037,2.81076,2.81882
54,100,1,0.05,0.3,0.5,0.00037,2.84305,2.8362
55,100,1,0.05,0.3,0.5,0.00037,2.45913,2.46641
56,100,1,0.05,0.3,0.5,0.00037,2.57816,2.56983
57,100,1,0.05,0.3,0.5,0.00037,2.36638,2.35106
58,100,1,0.05,0.3,0.5,0.00037,2.14224,2.14062
59,100,1,0.05,0.3,0.5,0.00037,2.11498,2.11483
60,100,1,0.05,0.3,0.5,0.00037,2.11758,2.12336
61,100,1,0.05,0.3,0.5,0.00037,2.04226,2.04066
62,100,1,0.05,0.3,0.5,0.00037,2.26777,2.26504
63,100,1,0.05,0.3,0.5,0.00037,2.18279,2.17383
64,100,1,0.05,0.3,0.5,0.00037,2.36762,2.36899
65,100,1,0.05,0.3,0.5,0.00037,2.15963,2.16141
66,100,1,0.05,0.3,0.5,0.00037,2.43613,2.42496
67,100,1,0.05,0.3,0.5,0.00037,2.36818,2.37284
68,100,1,0.05,0.3,0.5,0.00037,2.74506,2.75012
69,100,1,0.05,0.3,0.5,0.00037,2.68748,2.69568
70,100,1,0.05,0.3,0.5,0.00037,2.65758,2.66057
71,100,1,0.05,0.3,0.5,0.00037,2.31449,2.3187
72,100,1,0.05,0.3,0.5,0.00037,2.15051,2.1486
73,100,1,0.05,0.3,0.5,0.00037,2.47886,2.47269
74,100,1,0.05,0.3,0.5,0.00037,2.60837,2.61952
75,100,1,0.05,0.3,0.5,0.00037,2.28121,2.28134
76,100,1,0.05,0.3,0.5,0.00037,2.31087,2.31198
77,100,1,0.05,0.3,0.5,0.00037,2.1513,2.1531
78,100,1,0.05,0.3,0.5,0.00037,2.88941,2.88898
79,100,1,0.05,0.3,0.5,0.00037,2.1514,2.14147
80,100,1,0.05,0.3,0.5,0.00037,2.5017,2.49989
81,100,1,0.05,0.3,0.5,0.00037,2.88434,2.87744
82,100,1,0.05,0.3,0.5,0.00037,2.25175,2.25258
83,100,1,0.05,0.3,0.5,0.00037,2.13891,2.13576
84,100,1,0.05,0.3,0.5,0.00037,2.06171,2.06416
85,100,1,0.05,0.3,0.5,0.00037,2.12515,2.13085
86,100,1,0.05,0.3,0.5,0.00037,2.0613,2.06101
87,100,1,0.05,0.3,0.5,0.00037,2.90108,2.90423
88,100,1,0.05,0.3,0.5,0.00037,2.19166,2.18604
89,100,1,0.05,0.3,0.5,0.00037,2.2192,2.21815
90,100,1,0.05,0.3,0.5,0.00037,2.51104,2.51849
91,100,1,0.05,0.3,0.5,0.00037,2.33491,2.33708
92,100,1,0.05,0.3,0.5,0.00037,2.52473,2.53114
93,100,1,0.05,0.3,0.5,0.00037,2.04089,2.04168
94,100,1,0.05,0.3,0.5,0.00037,2.01057,2.00869
95,100,1,0.05,0.3,0.5,0.00037,2.46496,2.46185
96,100,1,0.05,0.3,0.5,0.00037,1.9684,1.95726
97,100,1,0.05,0.3,0.5,0.00037,2.24104,2.23956
98,100,1,0.05,0.3,0.5,0.00037,2.03995,2.04001
99,100,1,0.05,0.3,0.5,0.00037,2.1272,2.11188
0,100,1,0.05,0.3,0.5,0.00031,2.62061,2.62303
1,100,1,0.05,0.3,0.5,0.00031,3.0595,3.06051
2,100,1,0.05,0.3,0.5,0.00031,2.57065,2.56712
3,100,1,0.05,0.3,0.5,0.00031,3.05673,3.05935
4,100,1,0.05,0.3,0.5,0.00031,2.59812,2.59853
5,100,1,0.05,0.3,0.5,0.00031,3.05219,3.05851
6,100,1,0.05,0.3,0.5,0.00031,2.53535,2.52685
7,100,1,0.05,0.3,0.5,0.00031,2.24202,2.24415
8,100,1,0.05,0.3,0.5,0.00031,2.6712,2.66573
9,100,1,0.05,0.3,0.5,0.00031,2.70793,2.70974
10,100,1,0.05,0.3,0.5,0.00031,2.45587,2.4581
11,100,1,0.05,0.3,0.5,0.00031,2.22008,2.22546
12,100,1,0.05,0.3,0.5,0.00031,2.51051,2.51129
13,100,1,0.05,0.3,0.5,0.00031,2.42531,2.42388
14,100,1,0.05,0.3,0.5,0.00031,2.4694,2.47746
15,100,1,0.05,0.3,0.5,0.00031,2.82079,2.82219
16,100,1,0.05,0.3,0.5,0.00031,2.41834,2.41696
17,100,1,0.05,0.3,0.5,0.00031,3.13015,3.1212
18,100,1,0.05,0.3,0.5,0.00031,2.74372,2.7501
19,100,1,0.05,0.3,0.5,0.00031,2.18855,2.19244
20,100,1,0.05,0.3,0.5,0.00031,2.34262,2.34543
21,100,1,0.05,0.3,0.5,0.00031,2.28968,2.28826
22,100,1,0.05,0.3,0.5,0.00031,2.73775,2.74344
23,100,1,0.05,0.3,0.5,0.00031,2.45422,2.43983
24,100,1,0.05,0.3,0.5,0.00031,2.36996,2.36137
25,100,1,0.05,0.3,0.5,0.00031,2.51394,2.50419
26,100,1,0.05,0.3,0.5,0.00031,2.7573,2.74737
27,100,1,0.05,0.3,0.5,0.00031,2.80124,2.7993
28,100,1,0.05,0.3,0.5,0.00031,2.58881,2.58854
29,100,1,0.05,0.3,0.5,0.00031,2.32523,2.32254
30,100,1,0.05,0.3,0.5,0.00031,2.34224,2.3375
31,100,1,0.05,0.3,0.5,0.00031,2.61033,2.61614
32,100,1,0.05,0.3,0.5,0.00031,2.65444,2.64679
33,100,1,0.05,0.3,0.5,0.00031,2.3227,2.33064
34,100,1,0.05,0.3,0.5,0.00031,2.75142,2.7481
35,100,1,0.05,0.3,0.5,0.00031,3.00906,3.00662
36,100,1,0.05,0.3,0.5,0.00031,3.19271,3.18617
37,100,1,0.05,0.3,0.5,0.00031,2.48495,2.4881
38,100,1,0.05,0.3,0.5,0.00031,2.23023,2.23065
39,100,1,0.05,0.3,0.5,0.00031,2.64802,2.64884
40,100,1,0.05,0.3,0.5,0.00031,2.66307,2.66796
41,100,1,0.05,0.3,0.5,0.00031,2.92949,2.92584
42,100,1,0.05,0.3,0.5,0.00031,2.48502,2.48266
43,100,1,0.05,0.3,0.5,0.00031,2.48909,2.48943
44,100,1,0.05,0.3,0.5,0.00031,2.72556,2.72429
45,100,1,0.05,0.3,0.5,0.00031,2.55415,2.55574
46,100,1,0.05,0.3,0.5,0.00031,2.51901,2.52233
47,100,1,0.05,0.3,0.5,0.00031,3.19828,3.20007
48,100,1,0.05,0.3,0.5,0.00031,2.88148,2.87427
49,100,1,0.05,0.3,0.5,0.00031,2.43306,2.42846
50,100,1,0.05,0.3,0.5,0.00031,2.25553,2.25239
51,100,1,0.05,0.3,0.5,0.00031,2.45897,2.45772
52,100,1,0.05,0.3,0.5,0.00031,2.58336,2.57009
53,100,1,0.05,0.3,0.5,0.00031,3.09078,3.09769
54,100,1,0.05,0.3,0.5,0.00031,3.12013,3.11469
55,100,1,0.05,0.3,0.5,0.00031,2.75696,2.76315
56,100,1,0.05,0.3,0.5,0.00031,2.81263,2.80623
57,100,1,0.05,0.3,0.5,0.00031,2.63871,2.62667
58,100,1,0.05,0.3,0.5,0.00031,2.38852,2.3875
59,100,1,0.05,0.3,0.5,0.00031,2.35201,2.35196
60,100,1,0.05,0.3,0.5,0.00031,2.35762,2.36235
61,100,1,0.05,0.3,0.5,0.00031,2.2727,2.27159
62,100,1,0.05,0.3,0.5,0.00031,2.50795,2.50606
63,100,1,0.05,0.3,0.5,0.00031,2.4753,2.46841
64,100,1,0.05,0.3,0.5,0.00031,2.63931,2.64062
65,100,1,0.05,0.3,0.5,0.00031,2.42957,2.431
66,100,1,0.05,0.3,0.5,0.00031,2.75228,2.74351
67,100,1,0.05,0.3,0.5,0.00031,2.68545,2.68945
68,100,1,0.05,0.3,0.5,0.00031,3.03561,3.03988
69,100,1,0.05,0.3,0.5,0.00031,2.996,3.00268
70,100,1,0.05,0.3,0.5,0.00031,2.96321,2.96632
71,100,1,0.05,0.3,0.5,0.00031,2.63016,2.63378
72,100,1,0.05,0.3,0.5,0.00031,2.40797,2.40704
73,100,1,0.05,0.3,0.5,0.00031,2.80875,2.80439
74,100,1,0.05,0.3,0.5,0.00031,2.91891,2.92773
75,100,1,0.05,0.3,0.5,0.00031,2.52696,2.52692
76,100,1,0.05,0.3,0.5,0.00031,2.55202,2.55332
77,100,1,0.05,0.3,0.5,0.00031,2.37955,2.38145
78,100,1,0.05,0.3,0.5,0.00031,3.19386,3.1935
79,100,1,0.05,0.3,0.5,0.00031,2.4353,2.42767
80,100,1,0.05,0.3,0.5,0.00031,2.7391,2.73801
81,100,1,0.05,0.3,0.5,0.00031,3.28959,3.28422
82,100,1,0.05,0.3,0.5,0.00031,2.49217,2.49319
83,100,1,0.05,0.3,0.5,0.00031,2.36767,2.36572
84,100,1,0.05,0.3,0.5,0.00031,2.27859,2.28103
85,100,1,0.05,0.3,0.5,0.00031,2.3683,2.37329
86,100,1,0.05,0.3,0.5,0.00031,2.3047,2.30471
87,100,1,0.05,0.3,0.5,0.00031,3.23185,3.23468
88,100,1,0.05,0.3,0.5,0.00031,2.45228,2.44793
89,100,1,0.05,0.3,0.5,0.00031,2.47593,2.47533
90,100,1,0.05,0.3,0.5,0.00031,2.81465,2.82116
91,100,1,0.05,0.3,0.5,0.00031,2.54054,2.54215
92,100,1,0.05,0.3,0.5,0.00031,2.84547,2.85103
93,100,1,0.05,0.3,0.5,0.00031,2.3028,2.30378
94,100,1,0.05,0.3,0.5,0.00031,2.24046,2.23918
95,100,1,0.05,0.3,0.5,0.00031,2.75271,2.75061
96,100,1,0.05,0.3,0.5,0.00031,2.16788,2.15957
97,100,1,0.05,0.3,0.5,0.00031,2.52909,2.52805
98,100,1,0.05,0.3,0.5,0.00031,2.2827,2.2832
99,100,1,0.05,0.3,0.5,0.00031,2.36561,2.35396
0,100,1,0.05,0.3,0.5,0.00026,2.93568,2.93786
1,100,1,0.05,0.3,0.5,0.00026,3.44616,3.44748
2,100,1,0.05,0.3,0.5,0.00026,2.88658,2.88396
3,100,1,0.05,0.3,0.5,0.00026,3.33984,3.34215
4,100,1,0.05,0.3,0.5,0.00026,2.86831,2.86898
5,100,1,0.05,0.3,0.5,0.00026,3.45296,3.45819
6,100,1,0.05,0.3,0.5,0.00026,2.79596,2.78958
7,100,1,0.05,0.3,0.5,0.00026,2.49455,2.49657
8,100,1,0.05,0.3,0.5,0.00026,2.93815,2.93411
9,100,1,0.05,0.3,0.5,0.00026,3.03823,3.04003
10,100,1,0.05,0.3,0.5,0.00026,2.7829,2.78512
11,100,1,0.05,0.3,0.5,0.00026,2.45039,2.45475
12,100,1,0.05,0.3,0.5,0.00026,2.80735,2.80841
13,100,1,0.05,0.3,0.5,0.00026,2.6807,2.67975
14,100,1,0.05,0.3,0.5,0.00026,2.75936,2.76605
15,100,1,0.05,0.3,0.5,0.00026,3.15081,3.15224
16,100,1,0.05,0.3,0.5,0.00026,2.66513,2.66413
17,100,1,0.05,0.3,0.5,0.00026,3.4661,3.45925
18,100,1,0.05,0.3,0.5,0.00026,3.0455,3.05053
19,100,1,0.05,0.3,0.5,0.00026,2.44248,2.44585
20,100,1,0.05,0.3,0.5,0.00026,2.58522,2.58741
21,100,1,0.05,0.3,0.5,0.00026,2.52789,2.52685
22,100,1,0.05,0.3,0.5,0.00026,3.05104,3.05583
23,100,1,0.05,0.3,0.5,0.00026,2.70075,2.68945
24,100,1,0.05,0.3,0.5,0.00026,2.63412,2.62753
25,100,1,0.05,0.3,0.5,0.00026,2.7919,2.78438
26,100,1,0.05,0.3,0.5,0.00026,3.01332,3.00541
27,100,1,0.05,0.3,0.5,0.00026,3.0848,3.08353
28,100,1,0.05,0.3,0.5,0.00026,2.90518,2.90527
29,100,1,0.05,0.3,0.5,0.00026,2.58099,2.57889
30,100,1,0.05,0.3,0.5,0.00026,2.60492,2.60117
31,100,1,0.05,0.3,0.5,0.00026,2.90801,2.91251
32,100,1,0.05,0.3,0.5,0.00026,2.94141,2.9358
33,100,1,0.05,0.3,0.5,0.00026,2.57681,2.58325
34,100,1,0.05,0.3,0.5,0.00026,3.11388,3.11171
35,100,1,0.05,0.3,0.5,0.00026,3.29932,3.29744
36,100,1,0.05,0.3,0.5,0.00026,3.54916,3.54418
37,100,1,0.05,0.3,0.5,0.00026,2.81891,2.8214
38,100,1,0.05,0.3,0.5,0.00026,2.45423,2.45518
39,100,1,0.05,0.3,0.5,0.00026,2.93482,2.93585
40,100,1,0.05,0.3,0.5,0.00026,3.01381,3.01821
41,100,1,0.05,0.3,0.5,0.00026,3.29343,3.29065
42,100,1,0.05,0.3,0.5,0.00026,2.76579,2.76404
43,100,1,0.05,0.3,0.5,0.00026,2.76625,2.7664
44,100,1,0.05,0.3,0.5,0.00026,3.04991,3.04916
45,100,1,0.05,0.3,0.5,0.00026,2.79049,2.79205
46,100,1,0.05,0.3,0.5,0.00026,2.82243,2.82536
47,100,1,0.05,0.3,0.5,0.00026,3.50248,3.50419
48,100,1,0.05,0.3,0.5,0.00026,3.15683,3.15126
49,100,1,0.05,0.3,0.5,0.00026,2.64862,2.64527
50,100,1,0.05,0.3,0.5,0.00026,2.49226,2.48975
51,100,1,0.05,0.3,0.5,0.00026,2.74277,2.74198
52,100,1,0.05,0.3,0.5,0.00026,2.84063,2.83041
53,100,1,0.05,0.3,0.5,0.00026,3.3754,3.38121
54,100,1,0.05,0.3,0.5,0.00026,3.39632,3.39197
55,100,1,0.05,0.3,0.5,0.00026,3.07686,3.08196
56,100,1,0.05,0.3,0.5,0.00026,3.05828,3.05331
57,100,1,0.05,0.3,0.5,0.00026,2.94028,2.93085
58,100,1,0.05,0.3,0.5,0.00026,2.64789,2.64721
59,100,1,0.05,0.3,0.5,0.00026,2.60276,2.6027
60,100,1,0.05,0.3,0.5,0.00026,2.61461,2.61838
61,100,1,0.05,0.3,0.5,0.00026,2.52327,2.52241
62,100,1,0.05,0.3,0.5,0.00026,2.77079,2.76941
63,100,1,0.05,0.3,0.5,0.00026,2.80378,2.79842
64,100,1,0.05,0.3,0.5,0.00026,2.93473,2.9359
65,100,1,0.05,0.3,0.5,0.00026,2.73351,2.73463
66,100,1,0.05,0.3,0.5,0.00026,3.10268,3.0958
67,100,1,0.05,0.3,0.5,0.00026,3.04274,3.04611
68,100,1,0.05,0.3,0.5,0.00026,3.34297,3.3465
69,100,1,0.05,0.3,0.5,0.00026,3.32665,3.33203
70,100,1,0.05,0.3,0.5,0.00026,3.29478,3.29775
71,100,1,0.05,0.3,0.5,0.00026,2.96899,2.97202
72,100,1,0.05,0.3,0.5,0.00026,2.69065,2.69037
73,100,1,0.05,0.3,0.5,0.00026,3.16738,3.16431
74,100,1,0.05,0.3,0.5,0.00026,3.23998,3.24691
75,100,1,0.05,0.3,0.5,0.00026,2.7881,2.78788
76,100,1,0.05,0.3,0.5,0.00026,2.8136,2.81488
77,100,1,0.05,0.3,0.5,0.00026,2.6304,2.63221
78,100,1,0.05,0.3,0.5,0.00026,3.50319,3.50283
79,100,1,0.05,0.3,0.5,0.00026,2.74516,2.73923
80,100,1,0.05,0.3,0.5,0.00026,2.98948,2.98882
81,100,1,0.05,0.3,0.5,0.00026,3.71633,3.71213
82,100,1,0.05,0.3,0.5,0.00026,2.75266,2.7537
83,100,1,0.05,0.3,0.5,0.00026,2.61671,2.61553
84,100,1,0.05,0.3,0.5,0.00026,2.52242,2.52468
85,100,1,0.05,0.3,0.5,0.00026,2.63525,2.63947
86,100,1,0.05,0.3,0.5,0.00026,2.56539,2.56555
87,100,1,0.05,0.3,0.5,0.00026,3.57315,3.57558
88,100,1,0.05,0.3,0.5,0.00026,2.7423,2.73892
89,100,1,0.05,0.3,0.5,0.00026,2.75564,2.75534
90,100,1,0.05,0.3,0.5,0.00026,3.13554,3.14106
91,100,1,0.05,0.3,0.5,0.00026,2.75636,2.75742
92,100,1,0.05,0.3,0.5,0.00026,3.16159,3.16627
93,100,1,0.05,0.3,0.5,0.00026,2.59489,2.59588
94,100,1,0.05,0.3,0.5,0.00026,2.48988,2.48895
95,100,1,0.05,0.3,0.5,0.00026,3.05434,3.0529
96,100,1,0.05,0.3,0.5,0.00026,2.39406,2.38792
97,100,1,0.05,0.3,0.5,0.00026,2.8456,2.84482
98,100,1,0.05,0.3,0.5,0.00026,2.54753,2.54817
99,100,1,0.05,0.3,0.5,0.00026,2.63035,2.62151
0,100,1,0.05,0.3,0.5,0.00021,3.27444,3.27636
1,100,1,0.05,0.3,0.5,0.00021,3.832,3.83338
2,100,1,0.05,0.3,0.5,0.00021,3.23431,3.23238
3,100,1,0.05,0.3,0.5,0.00021,3.63116,3.63311
4,100,1,0.05,0.3,0.5,0.00021,3.15845,3.1592
5,100,1,0.05,0.3,0.5,0.00021,3.87771,3.88199
6,100,1,0.05,0.3,0.5,0.00021,3.06605,3.06125
7,100,1,0.05,0.3,0.5,0.00021,2.76973,2.77156
8,100,1,0.05,0.3,0.5,0.00021,3.22759,3.22461
9,100,1,0.05,0.3,0.5,0.00021,3.38315,3.38484
10,100,1,0.05,0.3,0.5,0.00021,3.13759,3.13963
11,100,1,0.05,0.3,0.5,0.00021,2.70006,2.70353
12,100,1,0.05,0.3,0.5,0.00021,3.11692,3.11808
13,100,1,0.05,0.3,0.5,0.00021,2.94637,2.94569
14,100,1,0.05,0.3,0.5,0.00021,3.06762,3.07309
15,100,1,0.05,0.3,0.5,0.00021,3.50255,3.5039
16,100,1,0.05,0.3,0.5,0.00021,2.93325,2.93244
17,100,1,0.05,0.3,0.5,0.00021,3.79805,3.79279
18,100,1,0.05,0.3,0.5,0.00021,3.35835,3.36228
19,100,1,0.05,0.3,0.5,0.00021,2.71913,2.72199
20,100,1,0.05,0.3,0.5,0.00021,2.85006,2.85171
21,100,1,0.05,0.3,0.5,0.00021,2.77947,2.77865
22,100,1,0.05,0.3,0.5,0.00021,3.38571,3.3897
23,100,1,0.05,0.3,0.5,0.00021,2.97134,2.96252
24,100,1,0.05,0.3,0.5,0.00021,2.91684,2.91176
25,100,1,0.05,0.3,0.5,0.00021,3.09348,3.08767
26,100,1,0.05,0.3,0.5,0.00021,3.29083,3.28452
27,100,1,0.05,0.3,0.5,0.00021,3.38518,3.38436
28,100,1,0.05,0.3,0.5,0.00021,3.2434,3.24369
29,100,1,0.05,0.3,0.5,0.00021,2.84843,2.84673
30,100,1,0.05,0.3,0.5,0.00021,2.88451,2.88152
31,100,1,0.05,0.3,0.5,0.00021,3.23927,3.24273
32,100,1,0.05,0.3,0.5,0.00021,3.24916,3.24505
33,100,1,0.05,0.3,0.5,0.00021,2.85225,2.85739
34,100,1,0.05,0.3,0.5,0.00021,3.49114,3.48973
35,100,1,0.05,0.3,0.5,0.00021,3.59799,3.59655
36,100,1,0.05,0.3,0.5,0.00021,3.91491,3.91109
37,100,1,0.05,0.3,0.5,0.00021,3.189,3.19092
38,100,1,0.05,0.3,0.5,0.00021,2.70002,2.7012
39,100,1,0.05,0.3,0.5,0.00021,3.23615,3.23722
40,100,1,0.05,0.3,0.5,0.00021,3.38551,3.38936
41,100,1,0.05,0.3,0.5,0.00021,3.67504,3.67293
42,100,1,0.05,0.3,0.5,0.00021,3.06506,3.06376
43,100,1,0.05,0.3,0.5,0.00021,3.06183,3.06182
44,100,1,0.05,0.3,0.5,0.00021,3.38018,3.37972
45,100,1,0.05,0.3,0.5,0.00021,3.04536,3.04679
46,100,1,0.05,0.3,0.5,0.00021,3.14831,3.1508
47,100,1,0.05,0.3,0.5,0.00021,3.79411,3.79567
48,100,1,0.05,0.3,0.5,0.00021,3.44571,3.4414
49,100,1,0.05,0.3,0.5,0.00021,2.88094,2.87851
50,100,1,0.05,0.3,0.5,0.00021,2.7531,2.75107
51,100,1,0.05,0.3,0.5,0.00021,3.04347,3.04299
52,100,1,0.05,0.3,0.5,0.00021,3.12071,3.11289
53,100,1,0.05,0.3,0.5,0.00021,3.66601,3.67081
54,100,1,0.05,0.3,0.5,0.00021,3.67119,3.66769
55,100,1,0.05,0.3,0.5,0.00021,3.41482,3.41895
56,100,1,0.05,0.3,0.5,0.00021,3.31585,3.31195
57,100,1,0.05,0.3,0.5,0.00021,3.2663,3.25893
58,100,1,0.05,0.3,0.5,0.00021,2.91888,2.9184
59,100,1,0.05,0.3,0.5,0.00021,2.86953,2.8694
60,100,1,0.05,0.3,0.5,0.00021,2.88702,2.88998
61,100,1,0.05,0.3,0.5,0.00021,2.79465,2.79391
62,100,1,0.05,0.3,0.5,0.00021,3.05758,3.05651
63,100,1,0.05,0.3,0.5,0.00021,3.16467,3.16048
64,100,1,0.05,0.3,0.5,0.00021,3.2551,3.25613
65,100,1,0.05,0.3,0.5,0.00021,3.0719,3.07278
66,100,1,0.05,0.3,0.5,0.00021,3.4822,3.47679
67,100,1,0.05,0.3,0.5,0.00021,3.43067,3.43345
68,100,1,0.05,0.3,0.5,0.00021,3.66249,3.66536
69,100,1,0.05,0.3,0.5,0.00021,3.67471,3.67899
70,100,1,0.05,0.3,0.5,0.00021,3.64995,3.65266
71,100,1,0.05,0.3,0.5,0.00021,3.32715,3.32964
72,100,1,0.05,0.3,0.5,0.00021,2.99691,2.99705
73,100,1,0.05,0.3,0.5,0.00021,3.54372,3.54156
74,100,1,0.05,0.3,0.5,0.00021,3.56679,3.5722
75,100,1,0.05,0.3,0.5,0.00021,3.0613,3.06095
76,100,1,0.05,0.3,0.5,0.00021,3.09525,3.09638
77,100,1,0.05,0.3,0.5,0.00021,2.90628,2.9079
78,100,1,0.05,0.3,0.5,0.00021,3.81525,3.81491
79,100,1,0.05,0.3,0.5,0.00021,3.07704,3.07238
80,100,1,0.05,0.3,0.5,0.00021,3.25223,3.25183
81,100,1,0.05,0.3,0.5,0.00021,4.15435,4.15104
82,100,1,0.05,0.3,0.5,0.00021,3.03165,3.03262
83,100,1,0.05,0.3,0.5,0.00021,2.88363,2.88294
84,100,1,0.05,0.3,0.5,0.00021,2.79339,2.79538
85,100,1,0.05,0.3,0.5,0.00021,2.92586,2.92934
86,100,1,0.05,0.3,0.5,0.00021,2.84299,2.84321
87,100,1,0.05,0.3,0.5,0.00021,3.92653,3.92852
88,100,1,0.05,0.3,0.5,0.00021,3.06195,3.05931
89,100,1,0.05,0.3,0.5,0.00021,3.05784,3.05776
90,100,1,0.05,0.3,0.5,0.00021,3.4733,3.47788
91,100,1,0.05,0.3,0.5,0.00021,2.98402,2.98463
92,100,1,0.05,0.3,0.5,0.00021,3.46811,3.47197
93,100,1,0.05,0.3,0.5,0.00021,2.91303,2.91395
94,100,1,0.05,0.3,0.5,0.00021,2.75728,2.75656
95,100,1,0.05,0.3,0.5,0.00021,3.36768,3.36667
96,100,1,0.05,0.3,0.5,0.00021,2.6482,2.64369
97,100,1,0.05,0.3,0.5,0.00021,3.18724,3.18662
98,100,1,0.05,0.3,0.5,0.00021,2.83424,2.83486
99,100,1,0.05,0.3,0.5,0.00021,2.92049,2.91379
0,100,1,0.05,0.3,0.5,0.00018,3.63531,3.63695
1,100,1,0.05,0.3,0.5,0.00018,4.21195,4.21326
2,100,1,0.05,0.3,0.5,0.00018,3.6115,3.61009
3,100,1,0.05,0.3,0.5,0.00018,3.93119,3.93279
4,100,1,0.05,0.3,0.5,0.00018,3.4626,3.46333
5,100,1,0.05,0.3,0.5,0.00018,4.31373,4.31718
6,100,1,0.05,0.3,0.5,0.00018,3.34484,3.3412
7,100,1,0.05,0.3,0.5,0.00018,3.06645,3.06806
8,100,1,0.05,0.3,0.5,0.00018,3.54032,3.53811
9,100,1,0.05,0.3,0.5,0.00018,3.73396,3.73549
10,100,1,0.05,0.3,0.5,0.00018,3.51155,3.51334
11,100,1,0.05,0.3,0.5,0.00018,2.97087,2.97358
12,100,1,0.05,0.3,0.5,0.00018,3.43489,3.43602
13,100,1,0.05,0.3,0.5,0.00018,3.21767,3.21714
14,100,1,0.05,0.3,0.5,0.00018,3.3942,3.39864
15,100,1,0.05,0.3,0.5,0.00018,3.86979,3.871
16,100,1,0.05,0.3,0.5,0.00018,3.22359,3.22289
17,100,1,0.05,0.3,0.5,0.00018,4.12017,4.11611
18,100,1,0.05,0.3,0.5,0.00018,3.68438,3.68742
19,100,1,0.05,0.3,0.5,0.00018,3.01752,3.01991
20,100,1,0.05,0.3,0.5,0.00018,3.13932,3.14053
21,100,1,0.05,0.3,0.5,0.00018,3.04286,3.04218
22,100,1,0.05,0.3,0.5,0.00018,3.73818,3.74147
23,100,1,0.05,0.3,0.5,0.00018,3.26423,3.25736
24,100,1,0.05,0.3,0.5,0.00018,3.21568,3.21175
25,100,1,0.05,0.3,0.5,0.00018,3.41417,3.40967
26,100,1,0.05,0.3,0.5,0.00018,3.5937,3.58867
27,100,1,0.05,0.3,0.5,0.00018,3.70063,3.7001
28,100,1,0.05,0.3,0.5,0.00018,3.59927,3.59965
29,100,1,0.05,0.3,0.5,0.00018,3.12633,3.1249
30,100,1,0.05,0.3,0.5,0.00018,3.1791,3.17671
31,100,1,0.05,0.3,0.5,0.00018,3.60246,3.60511
32,100,1,0.05,0.3,0.5,0.00018,3.57471,3.57168
33,100,1,0.05,0.3,0.5,0.00018,3.1468,3.15087
34,100,1,0.05,0.3,0.5,0.00018,3.87631,3.87538
35,100,1,0.05,0.3,0.5,0.00018,3.90322,3.90211
36,100,1,0.05,0.3,0.5,0.00018,4.28333,4.28038
37,100,1,0.05,0.3,0.5,0.00018,3.58471,3.58616
38,100,1,0.05,0.3,0.5,0.00018,2.96702,2.96826
39,100,1,0.05,0.3,0.5,0.00018,3.54793,3.54894
40,100,1,0.05,0.3,0.5,0.00018,3.765,3.76829
41,100,1,0.05,0.3,0.5,0.00018,4.0661,4.0645
42,100,1,0.05,0.3,0.5,0.00018,3.37747,3.37648
43,100,1,0.05,0.3,0.5,0.00018,3.37245,3.37234
44,100,1,0.05,0.3,0.5,0.00018,3.71323,3.71291
45,100,1,0.05,0.3,0.5,0.00018,3.32018,3.32142
46,100,1,0.05,0.3,0.5,0.00018,3.49205,3.4941
47,100,1,0.05,0.3,0.5,0.00018,4.0748,4.07617
48,100,1,0.05,0.3,0.5,0.00018,3.74761,3.74428
49,100,1,0.05,0.3,0.5,0.00018,3.13305,3.1313
50,100,1,0.05,0.3,0.5,0.00018,3.03819,3.03654
51,100,1,0.05,0.3,0.5,0.00018,3.36024,3.35996
52,100,1,0.05,0.3,0.5,0.00018,3.42466,3.4187
53,100,1,0.05,0.3,0.5,0.00018,3.96356,3.96748
54,100,1,0.05,0.3,0.5,0.00018,3.94507,3.94225
55,100,1,0.05,0.3,0.5,0.00018,3.76636,3.76966
56,100,1,0.05,0.3,0.5,0.00018,3.58774,3.58465
57,100,1,0.05,0.3,0.5,0.00018,3.60906,3.6033
58,100,1,0.05,0.3,0.5,0.00018,3.20054,3.20018
59,100,1,0.05,0.3,0.5,0.00018,3.15529,3.15509
60,100,1,0.05,0.3,0.5,0.00018,3.17414,3.17643
61,100,1,0.05,0.3,0.5,0.00018,3.086,3.08532
62,100,1,0.05,0.3,0.5,0.00018,3.36808,3.36721
63,100,1,0.05,0.3,0.5,0.00018,3.5488,3.54548
64,100,1,0.05,0.3,0.5,0.00018,3.59915,3.60004
65,100,1,0.05,0.3,0.5,0.00018,3.44048,3.44118
66,100,1,0.05,0.3,0.5,0.00018,3.88264,3.87838
67,100,1,0.05,0.3,0.5,0.00018,3.83477,3.83704
68,100,1,0.05,0.3,0.5,0.00018,3.98906,3.99138
69,100,1,0.05,0.3,0.5,0.00018,4.03272,4.03611
70,100,1,0.05,0.3,0.5,0.00018,4.02477,4.02716
71,100,1,0.05,0.3,0.5,0.00018,3.69925,3.70125
72,100,1,0.05,0.3,0.5,0.00018,3.32347,3.32385
73,100,1,0.05,0.3,0.5,0.00018,3.92621,3.92468
74,100,1,0.05,0.3,0.5,0.00018,3.89735,3.90155
75,100,1,0.05,0.3,0.5,0.00018,3.343,3.34257
76,100,1,0.05,0.3,0.5,0.00018,3.3968,3.39775
77,100,1,0.05,0.3,0.5,0.00018,3.20849,3.20988
78,100,1,0.05,0.3,0.5,0.00018,4.12829,4.12798
79,100,1,0.05,0.3,0.5,0.00018,3.42558,3.42188
80,100,1,0.05,0.3,0.5,0.00018,3.52605,3.52579
81,100,1,0.05,0.3,0.5,0.00018,4.58982,4.58719
82,100,1,0.05,0.3,0.5,0.00018,3.32499,3.32584
83,100,1,0.05,0.3,0.5,0.00018,3.16606,3.16568
84,100,1,0.05,0.3,0.5,0.00018,3.08992,3.09162
85,100,1,0.05,0.3,0.5,0.00018,3.23846,3.24126
86,100,1,0.05,0.3,0.5,0.00018,3.13788,3.13812
87,100,1,0.05,0.3,0.5,0.00018,4.28792,4.28951
88,100,1,0.05,0.3,0.5,0.00018,3.40854,3.40647
89,100,1,0.05,0.3,0.5,0.00018,3.38183,3.3819
90,100,1,0.05,0.3,0.5,0.00018,3.82756,3.83132
91,100,1,0.05,0.3,0.5,0.00018,3.2256,3.22585
92,100,1,0.05,0.3,0.5,0.00018,3.76606,3.76919
93,100,1,0.05,0.3,0.5,0.00018,3.25119,3.252
94,100,1,0.05,0.3,0.5,0.00018,3.04073,3.04015
95,100,1,0.05,0.3,0.5,0.00018,3.69074,3.69003
96,100,1,0.05,0.3,0.5,0.00018,2.92849,2.92519
97,100,1,0.05,0.3,0.5,0.00018,3.54834,3.54783
98,100,1,0.05,0.3,0.5,0.00018,3.1405,3.14106
99,100,1,0.05,0.3,0.5,0.00018,3.23194,3.22685
0,100,1,0.05,0.3,0.5,0.00015,4.01463,4.016
1,100,1,0.05,0.3,0.5,0.00015,4.58539,4.58657
2,100,1,0.05,0.3,0.5,0.00015,4.01333,4.0123
3,100,1,0.05,0.3,0.5,0.00015,4.24007,4.24137
4,100,1,0.05,0.3,0.5,0.00015,3.77623,3.77689
5,100,1,0.05,0.3,0.5,0.00015,4.74531,4.74808
6,100,1,0.05,0.3,0.5,0.00015,3.63206,3.62928
7,100,1,0.05,0.3,0.5,0.00015,3.38129,3.38268
8,100,1,0.05,0.3,0.5,0.00015,3.87494,3.8733
9,100,1,0.05,0.3,0.5,0.00015,4.08202,4.08337
10,100,1,0.05,0.3,0.5,0.00015,3.8962,3.89772
11,100,1,0.05,0.3,0.5,0.00015,3.26423,3.26633
12,100,1,0.05,0.3,0.5,0.00015,3.75821,3.75925
13,100,1,0.05,0.3,0.5,0.00015,3.49232,3.49189
14,100,1,0.05,0.3,0.5,0.00015,3.73857,3.74215
15,100,1,0.05,0.3,0.5,0.00015,4.24578,4.24682
16,100,1,0.05,0.3,0.5,0.00015,3.53607,3.53544
17,100,1,0.05,0.3,0.5,0.00015,4.42924,4.42609
18,100,1,0.05,0.3,0.5,0.00015,4.02514,4.02749
19,100,1,0.05,0.3,0.5,0.00015,3.33484,3.3368
20,100,1,0.05,0.3,0.5,0.00015,3.45425,3.45511
21,100,1,0.05,0.3,0.5,0.00015,3.31705,3.31645
22,100,1,0.05,0.3,0.5,0.00015,4.10373,4.10641
23,100,1,0.05,0.3,0.5,0.00015,3.57562,3.57029
24,100,1,0.05,0.3,0.5,0.00015,3.52829,3.52525
25,100,1,0.05,0.3,0.5,0.00015,3.74795,3.74446
26,100,1,0.05,0.3,0.5,0.00015,3.92415,3.92015
27,100,1,0.05,0.3,0.5,0.00015,4.02796,4.02763
28,100,1,0.05,0.3,0.5,0.00015,3.96773,3.96814
29,100,1,0.05,0.3,0.5,0.00015,3.414,3.41278
30,100,1,0.05,0.3,0.5,0.00015,3.48646,3.48454
31,100,1,0.05,0.3,0.5,0.00015,3.99198,3.994
32,100,1,0.05,0.3,0.5,0.00015,3.91476,3.91252
33,100,1,0.05,0.3,0.5,0.00015,3.45777,3.46095
34,100,1,0.05,0.3,0.5,0.00015,4.26385,4.26324
35,100,1,0.05,0.3,0.5,0.00015,4.21516,4.2143
36,100,1,0.05,0.3,0.5,0.00015,4.65141,4.64911
37,100,1,0.05,0.3,0.5,0.00015,3.99202,3.9931
38,100,1,0.05,0.3,0.5,0.00015,3.25486,3.25605
39,100,1,0.05,0.3,0.5,0.00015,3.86702,3.86793
40,100,1,0.05,0.3,0.5,0.00015,4.13944,4.1422
41,100,1,0.05,0.3,0.5,0.00015,4.45897,4.45776
42,100,1,0.05,0.3,0.5,0.00015,3.69728,3.69652
43,100,1,0.05,0.3,0.5,0.00015,3.69433,3.69417
44,100,1,0.05,0.3,0.5,0.00015,4.04756,4.04732
45,100,1,0.05,0.3,0.5,0.00015,3.61456,3.61561
46,100,1,0.05,0.3,0.5,0.00015,3.84806,3.84972
47,100,1,0.05,0.3,0.5,0.00015,4.34228,4.34345
48,100,1,0.05,0.3,0.5,0.00015,4.06068,4.05811
49,100,1,0.05,0.3,0.5,0.00015,3.4069,3.40565
50,100,1,0.05,0.3,0.5,0.00015,3.34545,3.34412
51,100,1,0.05,0.3,0.5,0.00015,3.69143,3.69128
52,100,1,0.05,0.3,0.5,0.00015,3.7504,3.74587
53,100,1,0.05,0.3,0.5,0.00015,4.26835,4.27152
54,100,1,0.05,0.3,0.5,0.00015,4.22085,4.21857
55,100,1,0.05,0.3,0.5,0.00015,4.12634,4.12897
56,100,1,0.05,0.3,0.5,0.00015,3.87681,3.87436
57,100,1,0.05,0.3,0.5,0.00015,3.95966,3.95516
58,100,1,0.05,0.3,0.5,0.00015,3.49247,3.49217
59,100,1,0.05,0.3,0.5,0.00015,3.46247,3.46223
60,100,1,0.05,0.3,0.5,0.00015,3.47603,3.47778
61,100,1,0.05,0.3,0.5,0.00015,3.39478,3.39415
62,100,1,0.05,0.3,0.5,0.00015,3.69877,3.69803
63,100,1,0.05,0.3,0.5,0.00015,3.94427,3.94163
64,100,1,0.05,0.3,0.5,0.00015,3.96197,3.96273
65,100,1,0.05,0.3,0.5,0.00015,3.83124,3.83179
66,100,1,0.05,0.3,0.5,0.00015,4.29569,4.29233
67,100,1,0.05,0.3,0.5,0.00015,4.2389,4.24074
68,100,1,0.05,0.3,0.5,0.00015,4.31844,4.3203
69,100,1,0.05,0.3,0.5,0.00015,4.39376,4.39643
70,100,1,0.05,0.3,0.5,0.00015,4.41439,4.41644
71,100,1,0.05,0.3,0.5,0.00015,4.07881,4.0804
72,100,1,0.05,0.3,0.5,0.00015,3.6659,3.6664
73,100,1,0.05,0.3,0.5,0.00015,4.30563,4.30455
74,100,1,0.05,0.3,0.5,0.00015,4.23055,4.23383
75,100,1,0.05,0.3,0.5,0.00015,3.63086,3.63041
76,100,1,0.05,0.3,0.5,0.00015,3.71725,3.71802
77,100,1,0.05,0.3,0.5,0.00015,3.53664,3.5378
78,100,1,0.05,0.3,0.5,0.00015,4.4424,4.44214
79,100,1,0.05,0.3,0.5,0.00015,3.78423,3.78128
80,100,1,0.05,0.3,0.5,0.00015,3.81018,3.80998
81,100,1,0.05,0.3,0.5,0.00015,5.01251,5.01041
82,100,1,0.05,0.3,0.5,0.00015,3.62845,3.62917
83,100,1,0.05,0.3,0.5,0.00015,3.46126,3.46106
84,100,1,0.05,0.3,0.5,0.00015,3.40839,3.4098
85,100,1,0.05,0.3,0.5,0.00015,3.57109,3.57331
86,100,1,0.05,0.3,0.5,0.00015,3.45066,3.45089
87,100,1,0.05,0.3,0.5,0.00015,4.65001,4.65127
88,100,1,0.05,0.3,0.5,0.00015,3.77622,3.7746
89,100,1,0.05,0.3,0.5,0.00015,3.72607,3.72622
90,100,1,0.05,0.3,0.5,0.00015,4.19683,4.19989
91,100,1,0.05,0.3,0.5,0.00015,3.48255,3.48255
92,100,1,0.05,0.3,0.5,0.00015,4.05978,4.06229
93,100,1,0.05,0.3,0.5,0.00015,3.60257,3.60326
94,100,1,0.05,0.3,0.5,0.00015,3.33842,3.33796
95,100,1,0.05,0.3,0.5,0.00015,4.02307,4.02257
96,100,1,0.05,0.3,0.5,0.00015,3.23,3.22756
97,100,1,0.05,0.3,0.5,0.00015,3.92268,3.92224
98,100,1,0.05,0.3,0.5,0.00015,3.46168,3.46216
99,100,1,0.05,0.3,0.5,0.00015,3.55786,3.55397
0,100,1,0.05,0.3,0.5,0.00012,4.40612,4.40725
1,100,1,0.05,0.3,0.5,0.00012,4.95453,4.95555
2,100,1,0.05,0.3,0.5,0.00012,4.43281,4.43206
3,100,1,0.05,0.3,0.5,0.00012,4.5553,4.55634
4,100,1,0.05,0.3,0.5,0.00012,4.09523,4.09581
5,100,1,0.05,0.3,0.5,0.00012,5.1587,5.16091
6,100,1,0.05,0.3,0.5,0.00012,3.92729,3.92517
7,100,1,0.05,0.3,0.5,0.00012,3.70903,3.7102
8,100,1,0.05,0.3,0.5,0.00012,4.22738,4.22614
9,100,1,0.05,0.3,0.5,0.00012,4.42226,4.42343
10,100,1,0.05,0.3,0.5,0.00012,4.28457,4.28583
11,100,1,0.05,0.3,0.5,0.00012,3.58016,3.58177
12,100,1,0.05,0.3,0.5,0.00012,4.08426,4.08518
13,100,1,0.05,0.3,0.5,0.00012,3.77022,3.76985
14,100,1,0.05,0.3,0.5,0.00012,4.09599,4.09887
15,100,1,0.05,0.3,0.5,0.00012,4.62468,4.62555
16,100,1,0.05,0.3,0.5,0.00012,3.86909,3.86853
17,100,1,0.05,0.3,0.5,0.00012,4.72558,4.72312
18,100,1,0.05,0.3,0.5,0.00012,4.38002,4.38183
19,100,1,0.05,0.3,0.5,0.00012,3.66687,3.66845
20,100,1,0.05,0.3,0.5,0.00012,3.79357,3.79418
21,100,1,0.05,0.3,0.5,0.00012,3.60155,3.60102
22,100,1,0.05,0.3,0.5,0.00012,4.47564,4.47782
23,100,1,0.05,0.3,0.5,0.00012,3.90088,3.89675
24,100,1,0.05,0.3,0.5,0.00012,3.85205,3.84967
25,100,1,0.05,0.3,0.5,0.00012,4.08835,4.08562
26,100,1,0.05,0.3,0.5,0.00012,4.27957,4.27639
27,100,1,0.05,0.3,0.5,0.00012,4.36174,4.36154
28,100,1,0.05,0.3,0.5,0.00012,4.34178,4.34218
29,100,1,0.05,0.3,0.5,0.00012,3.71067,3.70963
30,100,1,0.05,0.3,0.5,0.00012,3.80409,3.80255
31,100,1,0.05,0.3,0.5,0.00012,4.39788,4.39942
32,100,1,0.05,0.3,0.5,0.00012,4.26576,4.26409
33,100,1,0.05,0.3,0.5,0.00012,3.78249,3.78496
34,100,1,0.05,0.3,0.5,0.00012,4.64993,4.64952
35,100,1,0.05,0.3,0.5,0.00012,4.5321,4.53144
36,100,1,0.05,0.3,0.5,0.00012,5.01645,5.01465
37,100,1,0.05,0.3,0.5,0.00012,4.39842,4.39922
38,100,1,0.05,0.3,0.5,0.00012,3.56192,3.563
39,100,1,0.05,0.3,0.5,0.00012,4.189,4.18979
40,100,1,0.05,0.3,0.5,0.00012,4.50083,4.50312
41,100,1,0.05,0.3,0.5,0.00012,4.84737,4.84644
42,100,1,0.05,0.3,0.5,0.00012,4.02012,4.01954
43,100,1,0.05,0.3,0.5,0.00012,4.02423,4.02405
44,100,1,0.05,0.3,0.5,0.00012,4.38314,4.38294
45,100,1,0.05,0.3,0.5,0.00012,3.92666,3.92753
46,100,1,0.05,0.3,0.5,0.00012,4.21115,4.21247
47,100,1,0.05,0.3,0.5,0.00012,4.59966,4.60063
48,100,1,0.05,0.3,0.5,0.00012,4.37955,4.37757
49,100,1,0.05,0.3,0.5,0.00012,3.7016,3.70071
50,100,1,0.05,0.3,0.5,0.00012,3.67075,3.66969
51,100,1,0.05,0.3,0.5,0.00012,4.03323,4.03318
52,100,1,0.05,0.3,0.5,0.00012,4.09275,4.08932
53,100,1,0.05,0.3,0.5,0.00012,4.57743,4.57999
54,100,1,0.05,0.3,0.5,0.00012,4.49793,4.49609
55,100,1,0.05,0.3,0.5,0.00012,4.4895,4.49158
56,100,1,0.05,0.3,0.5,0.00012,4.18322,4.18128
57,100,1,0.05,0.3,0.5,0.00012,4.31167,4.30813
58,100,1,0.05,0.3,0.5,0.00012,3.79485,3.7946
59,100,1,0.05,0.3,0.5,0.00012,3.79049,3.79024
60,100,1,0.05,0.3,0.5,0.00012,3.79313,3.79445
61,100,1,0.05,0.3,0.5,0.00012,3.71714,3.71655
62,100,1,0.05,0.3,0.5,0.00012,4.04371,4.04308
63,100,1,0.05,0.3,0.5,0.00012,4.33958,4.33747
64,100,1,0.05,0.3,0.5,0.00012,4.33686,4.33751
65,100,1,0.05,0.3,0.5,0.00012,4.23397,4.23441
66,100,1,0.05,0.3,0.5,0.00012,4.71215,4.7095
67,100,1,0.05,0.3,0.5,0.00012,4.63035,4.63184
68,100,1,0.05,0.3,0.5,0.00012,4.6467,4.6482
69,100,1,0.05,0.3,0.5,0.00012,4.75162,4.75371
70,100,1,0.05,0.3,0.5,0.00012,4.81132,4.81304
71,100,1,0.05,0.3,0.5,0.00012,4.45927,4.46051
72,100,1,0.05,0.3,0.5,0.00012,4.01987,4.0204
73,100,1,0.05,0.3,0.5,0.00012,4.67582,4.67504
74,100,1,0.05,0.3,0.5,0.00012,4.5657,4.56826
75,100,1,0.05,0.3,0.5,0.00012,3.92589,3.92545
76,100,1,0.05,0.3,0.5,0.00012,4.05436,4.05499
77,100,1,0.05,0.3,0.5,0.00012,3.88832,3.88928
78,100,1,0.05,0.3,0.5,0.00012,4.7583,4.75808
79,100,1,0.05,0.3,0.5,0.00012,4.14605,4.14369
80,100,1,0.05,0.3,0.5,0.00012,4.10375,4.10358
81,100,1,0.05,0.3,0.5,0.00012,5.41661,5.41493
82,100,1,0.05,0.3,0.5,0.00012,3.93682,3.93742
83,100,1,0.05,0.3,0.5,0.00012,3.76741,3.76731
84,100,1,0.05,0.3,0.5,0.00012,3.74361,3.74477
85,100,1,0.05,0.3,0.5,0.00012,3.92113,3.92288
86,100,1,0.05,0.3,0.5,0.00012,3.78149,3.78169
87,100,1,0.05,0.3,0.5,0.00012,5.00424,5.00521
88,100,1,0.05,0.3,0.5,0.00012,4.15625,4.15497
89,100,1,0.05,0.3,0.5,0.00012,4.08789,4.08811
90,100,1,0.05,0.3,0.5,0.00012,4.57621,4.57869
91,100,1,0.05,0.3,0.5,0.00012,3.75543,3.75527
92,100,1,0.05,0.3,0.5,0.00012,4.35429,4.35628
93,100,1,0.05,0.3,0.5,0.00012,3.96011,3.96069
94,100,1,0.05,0.3,0.5,0.00012,3.64906,3.6487
95,100,1,0.05,0.3,0.5,0.00012,4.36234,4.36198
96,100,1,0.05,0.3,0.5,0.00012,3.54708,3.54527
97,100,1,0.05,0.3,0.5,0.00012,4.30339,4.30302
98,100,1,0.05,0.3,0.5,0.00012,3.79233,3.79275
99,100,1,0.05,0.3,0.5,0.00012,3.88929,3.88629
0,100,1,0.05,0.3,0.5,0.0001,4.80087,4.8018
1,100,1,0.05,0.3,0.5,0.0001,5.32153,5.32239
2,100,1,0.05,0.3,0.5,0.0001,4.86168,4.86114
3,100,1,0.05,0.3,0.5,0.0001,4.87319,4.874
4,100,1,0.05,0.3,0.5,0.0001,4.41753,4.41803
5,100,1,0.05,0.3,0.5,0.0001,5.5452,5.54696
6,100,1,0.05,0.3,0.5,0.0001,4.23039,4.22878
7,100,1,0.05,0.3,0.5,0.0001,4.0442,4.04518
8,100,1,0.05,0.3,0.5,0.0001,4.59188,4.59094
9,100,1,0.05,0.3,0.5,0.0001,4.75316,4.75415
10,100,1,0.05,0.3,0.5,0.0001,4.67134,4.67236
11,100,1,0.05,0.3,0.5,0.0001,3.91766,3.91889
12,100,1,0.05,0.3,0.5,0.0001,4.41031,4.4111
13,100,1,0.05,0.3,0.5,0.0001,4.0522,4.05186
14,100,1,0.05,0.3,0.5,0.0001,4.46174,4.46405
15,100,1,0.05,0.3,0.5,0.0001,5.00207,5.00279
16,100,1,0.05,0.3,0.5,0.0001,4.21944,4.21894
17,100,1,0.05,0.3,0.5,0.0001,5.01456,5.01263
18,100,1,0.05,0.3,0.5,0.0001,4.74459,4.74597
19,100,1,0.05,0.3,0.5,0.0001,4.00852,4.00978
20,100,1,0.05,0.3,0.5,0.0001,4.1528,4.15322
21,100,1,0.05,0.3,0.5,0.0001,3.89579,3.89531
22,100,1,0.05,0.3,0.5,0.0001,4.84863,4.85039
23,100,1,0.05,0.3,0.5,0.0001,4.23507,4.23186
24,100,1,0.05,0.3,0.5,0.0001,4.1838,4.18194
25,100,1,0.05,0.3,0.5,0.0001,4.42898,4.42683
26,100,1,0.05,0.3,0.5,0.0001,4.65293,4.65039
27,100,1,0.05,0.3,0.5,0.0001,4.69498,4.69487
28,100,1,0.05,0.3,0.5,0.0001,4.71486,4.71522
29,100,1,0.05,0.3,0.5,0.0001,4.01544,4.01456
30,100,1,0.05,0.3,0.5,0.0001,4.13002,4.12878
31,100,1,0.05,0.3,0.5,0.0001,4.80955,4.81073
32,100,1,0.05,0.3,0.5,0.0001,4.62212,4.62086
33,100,1,0.05,0.3,0.5,0.0001,4.1177,4.1196
34,100,1,0.05,0.3,0.5,0.0001,5.03149,5.03121
35,100,1,0.05,0.3,0.5,0.0001,4.8532,4.85269
36,100,1,0.05,0.3,0.5,0.0001,5.37756,5.37615
37,100,1,0.05,0.3,0.5,0.0001,4.79416,4.79477
38,100,1,0.05,0.3,0.5,0.0001,3.8847,3.88564
39,100,1,0.05,0.3,0.5,0.0001,4.50989,4.51055
40,100,1,0.05,0.3,0.5,0.0001,4.84743,4.84931
41,100,1,0.05,0.3,0.5,0.0001,5.2242,5.22349
42,100,1,0.05,0.3,0.5,0.0001,4.34417,4.34371
43,100,1,0.05,0.3,0.5,0.0001,4.35952,4.35935
44,100,1,0.05,0.3,0.5,0.0001,4.72252,4.72233
45,100,1,0.05,0.3,0.5,0.0001,4.25323,4.25394
46,100,1,0.05,0.3,0.5,0.0001,4.57681,4.57786
47,100,1,0.05,0.3,0.5,0.0001,4.85422,4.85501
48,100,1,0.05,0.3,0.5,0.0001,4.70453,4.70301
49,100,1,0.05,0.3,0.5,0.0001,4.01367,4.01303
50,100,1,0.05,0.3,0.5,0.0001,4.00784,4.007
51,100,1,0.05,0.3,0.5,0.0001,4.3798,4.3798
52,100,1,0.05,0.3,0.5,0.0001,4.4456,4.443
53,100,1,0.05,0.3,0.5,0.0001,4.88952,4.89157
54,100,1,0.05,0.3,0.5,0.0001,4.77626,4.77478
55,100,1,0.05,0.3,0.5,0.0001,4.85309,4.85473
56,100,1,0.05,0.3,0.5,0.0001,4.50416,4.50264
57,100,1,0.05,0.3,0.5,0.0001,4.66085,4.65807
58,100,1,0.05,0.3,0.5,0.0001,4.10751,4.1073
59,100,1,0.05,0.3,0.5,0.0001,4.13582,4.13557
60,100,1,0.05,0.3,0.5,0.0001,4.1252,4.12618
61,100,1,0.05,0.3,0.5,0.0001,4.04925,4.04869
62,100,1,0.05,0.3,0.5,0.0001,4.39379,4.39324
63,100,1,0.05,0.3,0.5,0.0001,4.72591,4.72423
64,100,1,0.05,0.3,0.5,0.0001,4.7176,4.71815
65,100,1,0.05,0.3,0.5,0.0001,4.63769,4.63804
66,100,1,0.05,0.3,0.5,0.0001,5.12452,5.12243
67,100,1,0.05,0.3,0.5,0.0001,5.00147,5.00267
68,100,1,0.05,0.3,0.5,0.0001,4.97081,4.97202
69,100,1,0.05,0.3,0.5,0.0001,5.10245,5.10408
70,100,1,0.05,0.3,0.5,0.0001,5.20936,5.21079
71,100,1,0.05,0.3,0.5,0.0001,4.8348,4.83576
72,100,1,0.05,0.3,0.5,0.0001,4.38229,4.38281
73,100,1,0.05,0.3,0.5,0.0001,5.03462,5.03405
74,100,1,0.05,0.3,0.5,0.0001,4.90189,4.9039
75,100,1,0.05,0.3,0.5,0.0001,4.23168,4.23129
76,100,1,0.05,0.3,0.5,0.0001,4.40397,4.40446
77,100,1,0.05,0.3,0.5,0.0001,4.25897,4.25975
78,100,1,0.05,0.3,0.5,0.0001,5.07763,5.07746
79,100,1,0.05,0.3,0.5,0.0001,4.50496,4.50307
80,100,1,0.05,0.3,0.5,0.0001,4.40688,4.40672
81,100,1,0.05,0.3,0.5,0.0001,5.79957,5.79821
82,100,1,0.05,0.3,0.5,0.0001,4.24658,4.24707
83,100,1,0.05,0.3,0.5,0.0001,4.08275,4.08271
84,100,1,0.05,0.3,0.5,0.0001,4.09008,4.09103
85,100,1,0.05,0.3,0.5,0.0001,4.28571,4.28708
86,100,1,0.05,0.3,0.5,0.0001,4.12929,4.12947
87,100,1,0.05,0.3,0.5,0.0001,5.34368,5.34442
88,100,1,0.05,0.3,0.5,0.0001,4.5387,4.53769
89,100,1,0.05,0.3,0.5,0.0001,4.46255,4.46279
90,100,1,0.05,0.3,0.5,0.0001,4.96094,4.96294
91,100,1,0.05,0.3,0.5,0.0001,4.04321,4.04295
92,100,1,0.05,0.3,0.5,0.0001,4.65358,4.65515
93,100,1,0.05,0.3,0.5,0.0001,4.31818,4.31865
94,100,1,0.05,0.3,0.5,0.0001,3.97131,3.97103
95,100,1,0.05,0.3,0.5,0.0001,4.70602,4.70576
96,100,1,0.05,0.3,0.5,0.0001,3.875,3.87363
97,100,1,0.05,0.3,0.5,0.0001,4.68531,4.68499
98,100,1,0.05,0.3,0.5,0.0001,4.12804,4.1284
99,100,1,0.05,0.3,0.5,0.0001,4.21915,4.21681
0,100,1,0.2,0.3,0.5,1.0,0.37661,0.00132
1,100,1,0.2,0.3,0.5,1.0,0.37674,0.00125
2,100,1,0.2,0.3,0.5,1.0,0.37695,0.00105
3,100,1,0.2,0.3,0.5,1.0,0.377,0.00094
4,100,1,0.2,0.3,0.5,1.0,0.37715,0.00096
5,100,1,0.2,0.3,0.5,1.0,0.37676,0.00118
6,100,1,0.2,0.3,0.5,1.0,0.37703,0.00123
7,100,1,0.2,0.3,0.5,1.0,0.37674,0.00131
8,100,1,0.2,0.3,0.5,1.0,0.37692,0.0011
9,100,1,0.2,0.3,0.5,1.0,0.37691,0.00108
10,100,1,0.2,0.3,0.5,1.0,0.37681,0.00126
11,100,1,0.2,0.3,0.5,1.0,0.37673,0.00122
12,100,1,0.2,0.3,0.5,1.0,0.3769,0.00103
13,100,1,0.2,0.3,0.5,1.0,0.3771,0.00096
14,100,1,0.2,0.3,0.5,1.0,0.37694,0.00102
15,100,1,0.2,0.3,0.5,1.0,0.37725,0.00091
16,100,1,0.2,0.3,0.5,1.0,0.37698,0.00097
17,100,1,0.2,0.3,0.5,1.0,0.37667,0.00132
18,100,1,0.2,0.3,0.5,1.0,0.37699,0.00096
19,100,1,0.2,0.3,0.5,1.0,0.37723,0.0009
20,100,1,0.2,0.3,0.5,1.0,0.37726,0.00081
21,100,1,0.2,0.3,0.5,1.0,0.37708,0.00096
22,100,1,0.2,0.3,0.5,1.0,0.37672,0.00125
23,100,1,0.2,0.3,0.5,1.0,0.37703,0.00098
24,100,1,0.2,0.3,0.5,1.0,0.3773,0.00096
25,100,1,0.2,0.3,0.5,1.0,0.37694,0.00103
26,100,1,0.2,0.3,0.5,1.0,0.37686,0.0011
27,100,1,0.2,0.3,0.5,1.0,0.37734,0.00077
28,100,1,0.2,0.3,0.5,1.0,0.37686,0.00106
29,100,1,0.2,0.3,0.5,1.0,0.37688,0.00112
30,100,1,0.2,0.3,0.5,1.0,0.377,0.00102
31,100,1,0.2,0.3,0.5,1.0,0.37707,0.00098
32,100,1,0.2,0.3,0.5,1.0,0.37664,0.00131
33,100,1,0.2,0.3,0.5,1.0,0.37646,0.00151
34,100,1,0.2,0.3,0.5,1.0,0.37702,0.00092
35,100,1,0.2,0.3,0.5,1.0,0.37744,0.0005
36,100,1,0.2,0.3,0.5,1.0,0.37688,0.00112
37,100,1,0.2,0.3,0.5,1.0,0.37706,0.00091
38,100,1,0.2,0.3,0.5,1.0,0.37727,0.0007
39,100,1,0.2,0.3,0.5,1.0,0.37669,0.00135
40,100,1,0.2,0.3,0.5,1.0,0.37677,0.00119
41,100,1,0.2,0.3,0.5,1.0,0.37723,0.00099
42,100,1,0.2,0.3,0.5,1.0,0.37696,0.001
43,100,1,0.2,0.3,0.5,1.0,0.37673,0.00127
44,100,1,0.2,0.3,0.5,1.0,0.37673,0.00127
45,100,1,0.2,0.3,0.5,1.0,0.37672,0.0012
46,100,1,0.2,0.3,0.5,1.0,0.37686,0.00118
47,100,1,0.2,0.3,0.5,1.0,0.37733,0.00064
48,100,1,0.2,0.3,0.5,1.0,0.37679,0.00116
49,100,1,0.2,0.3,0.5,1.0,0.3768,0.0012
50,100,1,0.2,0.3,0.5,1.0,0.37693,0.00106
51,100,1,0.2,0.3,0.5,1.0,0.37736,0.00076
52,100,1,0.2,0.3,0.5,1.0,0.37663,0.00133
53,100,1,0.2,0.3,0.5,1.0,0.37688,0.00108
54,100,1,0.2,0.3,0.5,1.0,0.37663,0.00137
55,100,1,0.2,0.3,0.5,1.0,0.37691,0.00101
56,100,1,0.2,0.3,0.5,1.0,0.37711,0.00085
57,100,1,0.2,0.3,0.5,1.0,0.37693,0.00115
58,100,1,0.2,0.3,0.5,1.0,0.37691,0.00108
59,100,1,0.2,0.3,0.5,1.0,0.37684,0.0013
60,100,1,0.2,0.3,0.5,1.0,0.37693,0.00106
61,100,1,0.2,0.3,0.5,1.0,0.37653,0.00143
62,100,1,0.2,0.3,0.5,1.0,0.37697,0.00109
63,100,1,0.2,0.3,0.5,1.0,0.37682,0.00111
64,100,1,0.2,0.3,0.5,1.0,0.37689,0.00103
65,100,1,0.2,0.3,0.5,1.0,0.37689,0.00104
66,100,1,0.2,0.3,0.5,1.0,0.3768,0.00125
67,100,1,0.2,0.3,0.5,1.0,0.37691,0.00125
68,100,1,0.2,0.3,0.5,1.0,0.37708,0.00089
69,100,1,0.2,0.3,0.5,1.0,0.37709,0.00114
70,100,1,0.2,0.3,0.5,1.0,0.37672,0.00127
71,100,1,0.2,0.3,0.5,1.0,0.3772,0.00081
72,100,1,0.2,0.3,0.5,1.0,0.3771,0.00085
73,100,1,0.2,0.3,0.5,1.0,0.37709,0.00088
74,100,1,0.2,0.3,0.5,1.0,0.37694,0.00117
75,100,1,0.2,0.3,0.5,1.0,0.37685,0.00109
76,100,1,0.2,0.3,0.5,1.0,0.37774,0.00056
77,100,1,0.2,0.3,0.5,1.0,0.37651,0.00154
78,100,1,0.2,0.3,0.5,1.0,0.37697,0.00099
79,100,1,0.2,0.3,0.5,1.0,0.37688,0.00108
80,100,1,0.2,0.3,0.5,1.0,0.37712,0.00083
81,100,1,0.2,0.3,0.5,1.0,0.37707,0.00095
82,100,1,0.2,0.3,0.5,1.0,0.37695,0.00107
83,100,1,0.2,0.3,0.5,1.0,0.37665,0.00132
84,100,1,0.2,0.3,0.5,1.0,0.37716,0.00078
85,100,1,0.2,0.3,0.5,1.0,0.37712,0.00089
86,100,1,0.2,0.3,0.5,1.0,0.37666,0.00127
87,100,1,0.2,0.3,0.5,1.0,0.37691,0.00128
88,100,1,0.2,0.3,0.5,1.0,0.377,0.00102
89,100,1,0.2,0.3,0.5,1.0,0.37745,0.00074
90,100,1,0.2,0.3,0.5,1.0,0.37682,0.00123
91,100,1,0.2,0.3,0.5,1.0,0.37635,0.00162
92,100,1,0.2,0.3,0.5,1.0,0.37685,0.00109
93,100,1,0.2,0.3,0.5,1.0,0.37686,0.00113
94,100,1,0.2,0.3,0.5,1.0,0.37708,0.00086
95,100,1,0.2,0.3,0.5,1.0,0.37675,0.00124
96,100,1,0.2,0.3,0.5,1.0,0.37665,0.00127
97,100,1,0.2,0.3,0.5,1.0,0.37713,0.0009
98,100,1,0.2,0.3,0.5,1.0,0.3772,0.00085
99,100,1,0.2,0.3,0.5,1.0,0.37694,0.00103
0,100,1,0.2,0.3,0.5,0.82864,0.37604,0.00191
1,100,1,0.2,0.3,0.5,0.82864,0.37623,0.0018
2,100,1,0.2,0.3,0.5,0.82864,0.37653,0.00152
3,100,1,0.2,0.3,0.5,0.82864,0.3766,0.00136
4,100,1,0.2,0.3,0.5,0.82864,0.37681,0.00138
5,100,1,0.2,0.3,0.5,0.82864,0.37625,0.0017
6,100,1,0.2,0.3,0.5,0.82864,0.37664,0.00178
7,100,1,0.2,0.3,0.5,0.82864,0.37623,0.00189
8,100,1,0.2,0.3,0.5,0.82864,0.37649,0.0016
9,100,1,0.2,0.3,0.5,0.82864,0.37647,0.00157
10,100,1,0.2,0.3,0.5,0.82864,0.37632,0.00182
11,100,1,0.2,0.3,0.5,0.82864,0.37622,0.00177
12,100,1,0.2,0.3,0.5,0.82864,0.37645,0.00149
13,100,1,0.2,0.3,0.5,0.82864,0.37674,0.00139
14,100,1,0.2,0.3,0.5,0.82864,0.37651,0.00147
15,100,1,0.2,0.3,0.5,0.82864,0.37696,0.00132
16,100,1,0.2,0.3,0.5,0.82864,0.37658,0.0014
17,100,1,0.2,0.3,0.5,0.82864,0.37612,0.00191
18,100,1,0.2,0.3,0.5,0.82864,0.37659,0.00139
19,100,1,0.2,0.3,0.5,0.82864,0.37694,0.00131
20,100,1,0.2,0.3,0.5,0.82864,0.37698,0.00118
21,100,1,0.2,0.3,0.5,0.82864,0.37672,0.00139
22,100,1,0.2,0.3,0.5,0.82864,0.3762,0.00181
23,100,1,0.2,0.3,0.5,0.82864,0.37665,0.00141
24,100,1,0.2,0.3,0.5,0.82864,0.37703,0.00138
25,100,1,0.2,0.3,0.5,0.82864,0.37651,0.00149
26,100,1,0.2,0.3,0.5,0.82864,0.37639,0.00159
27,100,1,0.2,0.3,0.5,0.82864,0.37709,0.00111
28,100,1,0.2,0.3,0.5,0.82864,0.3764,0.00153
29,100,1,0.2,0.3,0.5,0.82864,0.37642,0.00163
30,100,1,0.2,0.3,0.5,0.82864,0.3766,0.00148
31,100,1,0.2,0.3,0.5,0.82864,0.37671,0.00142
32,100,1,0.2,0.3,0.5,0.82864,0.37608,0.00189
33,100,1,0.2,0.3,0.5,0.82864,0.37582,0.00218
34,100,1,0.2,0.3,0.5,0.82864,0.37664,0.00133
35,100,1,0.2,0.3,0.5,0.82864,0.37724,0.00072
36,100,1,0.2,0.3,0.5,0.82864,0.37643,0.00162
37,100,1,0.2,0.3,0.5,0.82864,0.37669,0.00131
38,100,1,0.2,0.3,0.5,0.82864,0.37698,0.00101
39,100,1,0.2,0.3,0.5,0.82864,0.37615,0.00196
40,100,1,0.2,0.3,0.5,0.82864,0.37626,0.00172
41,100,1,0.2,0.3,0.5,0.82864,0.37694,0.00143
42,100,1,0.2,0.3,0.5,0.82864,0.37654,0.00145
43,100,1,0.2,0.3,0.5,0.82864,0.37621,0.00184
44,100,1,0.2,0.3,0.5,0.82864,0.37621,0.00183
45,100,1,0.2,0.3,0.5,0.82864,0.3762,0.00174
46,100,1,0.2,0.3,0.5,0.82864,0.3764,0.0017
47,100,1,0.2,0.3,0.5,0.82864,0.37708,0.00092
48,100,1,0.2,0.3,0.5,0.82864,0.37629,0.00168
49,100,1,0.2,0.3,0.5,0.82864,0.37632,0.00174
50,100,1,0.2,0.3,0.5,0.82864,0.37651,0.00153
51,100,1,0.2,0.3,0.5,0.82864,0.37711,0.0011
52,100,1,0.2,0.3,0.5,0.82864,0.37606,0.00193
53,100,1,0.2,0.3,0.5,0.82864,0.37642,0.00156
54,100,1,0.2,0.3,0.5,0.82864,0.37607,0.00198
55,100,1,0.2,0.3,0.5,0.82864,0.37648,0.00146
56,100,1,0.2,0.3,0.5,0.82864,0.37676,0.00122
57,100,1,0.2,0.3,0.5,0.82864,0.37649,0.00167
58,100,1,0.2,0.3,0.5,0.82864,0.37647,0.00157
59,100,1,0.2,0.3,0.5,0.82864,0.37637,0.00188
60,100,1,0.2,0.3,0.5,0.82864,0.3765,0.00153
61,100,1,0.2,0.3,0.5,0.82864,0.37591,0.00206
62,100,1,0.2,0.3,0.5,0.82864,0.37656,0.00157
63,100,1,0.2,0.3,0.5,0.82864,0.37634,0.00161
64,100,1,0.2,0.3,0.5,0.82864,0.37644,0.00149
65,100,1,0.2,0.3,0.5,0.82864,0.37644,0.0015
66,100,1,0.2,0.3,0.5,0.82864,0.37632,0.0018
67,100,1,0.2,0.3,0.5,0.82864,0.37647,0.00181
68,100,1,0.2,0.3,0.5,0.82864,0.37671,0.00129
69,100,1,0.2,0.3,0.5,0.82864,0.37673,0.00166
70,100,1,0.2,0.3,0.5,0.82864,0.37619,0.00184
71,100,1,0.2,0.3,0.5,0.82864,0.3769,0.00117
72,100,1,0.2,0.3,0.5,0.82864,0.37674,0.00123
73,100,1,0.2,0.3,0.5,0.82864,0.37673,0.00128
74,100,1,0.2,0.3,0.5,0.82864,0.37652,0.00169
75,100,1,0.2,0.3,0.5,0.82864,0.37638,0.00157
76,100,1,0.2,0.3,0.5,0.82864,0.37768,0.00081
77,100,1,0.2,0.3,0.5,0.82864,0.3759,0.00223
78,100,1,0.2,0.3,0.5,0.82864,0.37656,0.00143
79,100,1,0.2,0.3,0.5,0.82864,0.37643,0.00156
80,100,1,0.2,0.3,0.5,0.82864,0.37678,0.0012
81,100,1,0.2,0.3,0.5,0.82864,0.3767,0.00137
82,100,1,0.2,0.3,0.5,0.82864,0.37652,0.00154
83,100,1,0.2,0.3,0.5,0.82864,0.37609,0.00191
84,100,1,0.2,0.3,0.5,0.82864,0.37684,0.00113
85,100,1,0.2,0.3,0.5,0.82864,0.37677,0.00129
86,100,1,0.2,0.3,0.5,0.82864,0.37611,0.00185
87,100,1,0.2,0.3,0.5,0.82864,0.37647,0.00184
88,100,1,0.2,0.3,0.5,0.82864,0.3766,0.00147
89,100,1,0.2,0.3,0.5,0.82864,0.37726,0.00107
90,100,1,0.2,0.3,0.5,0.82864,0.37634,0.00178
91,100,1,0.2,0.3,0.5,0.82864,0.37565,0.00234
92,100,1,0.2,0.3,0.5,0.82864,0.37638,0.00157
93,100,1,0.2,0.3,0.5,0.82864,0.3764,0.00163
94,100,1,0.2,0.3,0.5,0.82864,0.37672,0.00124
95,100,1,0.2,0.3,0.5,0.82864,0.37625,0.0018
96,100,1,0.2,0.3,0.5,0.82864,0.3761,0.00184
97,100,1,0.2,0.3,0.5,0.82864,0.37679,0.0013
98,100,1,0.2,0.3,0.5,0.82864,0.37688,0.00123
99,100,1,0.2,0.3,0.5,0.82864,0.37651,0.00149
0,100,1,0.2,0.3,0.5,0.68665,0.37522,0.00276
1,100,1,0.2,0.3,0.5,0.68665,0.37549,0.0026
2,100,1,0.2,0.3,0.5,0.68665,0.37592,0.0022
3,100,1,0.2,0.3,0.5,0.68665,0.37603,0.00196
4,100,1,0.2,0.3,0.5,0.68665,0.37633,0.002
5,100,1,0.2,0.3,0.5,0.68665,0.37553,0.00245
6,100,1,0.2,0.3,0.5,0.68665,0.37608,0.00257
7,100,1,0.2,0.3,0.5,0.68665,0.37549,0.00272
8,100,1,0.2,0.3,0.5,0.68665,0.37586,0.0023
9,100,1,0.2,0.3,0.5,0.68665,0.37583,0.00226
10,100,1,0.2,0.3,0.5,0.68665,0.37563,0.00262
11,100,1,0.2,0.3,0.5,0.68665,0.37547,0.00256
12,100,1,0.2,0.3,0.5,0.68665,0.37582,0.00215
13,100,1,0.2,0.3,0.5,0.68665,0.37622,0.002
14,100,1,0.2,0.3,0.5,0.68665,0.3759,0.00212
15,100,1,0.2,0.3,0.5,0.68665,0.37655,0.00189
16,100,1,0.2,0.3,0.5,0.68665,0.37599,0.00202
17,100,1,0.2,0.3,0.5,0.68665,0.37533,0.00275
18,100,1,0.2,0.3,0.5,0.68665,0.37601,0.00201
19,100,1,0.2,0.3,0.5,0.68665,0.37652,0.00188
20,100,1,0.2,0.3,0.5,0.68665,0.37657,0.00169
21,100,1,0.2,0.3,0.5,0.68665,0.3762,0.00201
22,100,1,0.2,0.3,0.5,0.68665,0.37545,0.00261
23,100,1,0.2,0.3,0.5,0.68665,0.3761,0.00204
24,100,1,0.2,0.3,0.5,0.68665,0.37665,0.00199
25,100,1,0.2,0.3,0.5,0.68665,0.3759,0.00216
26,100,1,0.2,0.3,0.5,0.68665,0.37573,0.0023
27,100,1,0.2,0.3,0.5,0.68665,0.37674,0.0016
28,100,1,0.2,0.3,0.5,0.68665,0.37574,0.00221
29,100,1,0.2,0.3,0.5,0.68665,0.37577,0.00234
30,100,1,0.2,0.3,0.5,0.68665,0.37603,0.00213
31,100,1,0.2,0.3,0.5,0.68665,0.37618,0.00204
32,100,1,0.2,0.3,0.5,0.68665,0.37528,0.00273
33,100,1,0.2,0.3,0.5,0.68665,0.37489,0.00315
34,100,1,0.2,0.3,0.5,0.68665,0.37608,0.00192
35,100,1,0.2,0.3,0.5,0.68665,0.37694,0.00104
36,100,1,0.2,0.3,0.5,0.68665,0.37579,0.00234
37,100,1,0.2,0.3,0.5,0.68665,0.37616,0.00189
38,100,1,0.2,0.3,0.5,0.68665,0.37658,0.00146
39,100,1,0.2,0.3,0.5,0.68665,0.37537,0.00282
40,100,1,0.2,0.3,0.5,0.68665,0.37554,0.00248
41,100,1,0.2,0.3,0.5,0.68665,0.37651,0.00205
42,100,1,0.2,0.3,0.5,0.68665,0.37594,0.0021
43,100,1,0.2,0.3,0.5,0.68665,0.37546,0.00265
44,100,1,0.2,0.3,0.5,0.68665,0.37546,0.00264
45,100,1,0.2,0.3,0.5,0.68665,0.37545,0.00251
46,100,1,0.2,0.3,0.5,0.68665,0.37573,0.00245
47,100,1,0.2,0.3,0.5,0.68665,0.37671,0.00132
48,100,1,0.2,0.3,0.5,0.68665,0.37558,0.00243
49,100,1,0.2,0.3,0.5,0.68665,0.37562,0.00251
50,100,1,0.2,0.3,0.5,0.68665,0.37589,0.00221
51,100,1,0.2,0.3,0.5,0.68665,0.37677,0.00158
52,100,1,0.2,0.3,0.5,0.68665,0.37524,0.00279
53,100,1,0.2,0.3,0.5,0.68665,0.37577,0.00225
54,100,1,0.2,0.3,0.5,0.68665,0.37526,0.00286
55,100,1,0.2,0.3,0.5,0.68665,0.37585,0.0021
56,100,1,0.2,0.3,0.5,0.68665,0.37626,0.00176
57,100,1,0.2,0.3,0.5,0.68665,0.37587,0.00241
58,100,1,0.2,0.3,0.5,0.68665,0.37584,0.00226
59,100,1,0.2,0.3,0.5,0.68665,0.37569,0.00271
60,100,1,0.2,0.3,0.5,0.68665,0.37588,0.0022
61,100,1,0.2,0.3,0.5,0.68665,0.37504,0.00298
62,100,1,0.2,0.3,0.5,0.68665,0.37596,0.00226
63,100,1,0.2,0.3,0.5,0.68665,0.37565,0.00232
64,100,1,0.2,0.3,0.5,0.68665,0.3758,0.00215
65,100,1,0.2,0.3,0.5,0.68665,0.37579,0.00217
66,100,1,0.2,0.3,0.5,0.68665,0.37562,0.0026
67,100,1,0.2,0.3,0.5,0.68665,0.37584,0.00262
68,100,1,0.2,0.3,0.5,0.68665,0.37619,0.00185
69,100,1,0.2,0.3,0.5,0.68665,0.37621,0.00239
70,100,1,0.2,0.3,0.5,0.68665,0.37544,0.00266
71,100,1,0.2,0.3,0.5,0.68665,0.37645,0.00169
72,100,1,0.2,0.3,0.5,0.68665,0.37624,0.00177
73,100,1,0.2,0.3,0.5,0.68665,0.37621,0.00184
74,100,1,0.2,0.3,0.5,0.68665,0.3759,0.00245
75,100,1,0.2,0.3,0.5,0.68665,0.37571,0.00226
76,100,1,0.2,0.3,0.5,0.68665,0.37758,0.00116
77,100,1,0.2,0.3,0.5,0.68665,0.37501,0.00323
78,100,1,0.2,0.3,0.5,0.68665,0.37597,0.00206
79,100,1,0.2,0.3,0.5,0.68665,0.37578,0.00225
80,100,1,0.2,0.3,0.5,0.68665,0.37629,0.00173
81,100,1,0.2,0.3,0.5,0.68665,0.37617,0.00198
82,100,1,0.2,0.3,0.5,0.68665,0.37591,0.00223
83,100,1,0.2,0.3,0.5,0.68665,0.37529,0.00275
84,100,1,0.2,0.3,0.5,0.68665,0.37637,0.00163
85,100,1,0.2,0.3,0.5,0.68665,0.37628,0.00187
86,100,1,0.2,0.3,0.5,0.68665,0.37532,0.00266
87,100,1,0.2,0.3,0.5,0.68665,0.37583,0.00266
88,100,1,0.2,0.3,0.5,0.68665,0.37602,0.00212
89,100,1,0.2,0.3,0.5,0.68665,0.37697,0.00154
90,100,1,0.2,0.3,0.5,0.68665,0.37565,0.00256
91,100,1,0.2,0.3,0.5,0.68665,0.37466,0.00338
92,100,1,0.2,0.3,0.5,0.68665,0.37571,0.00227
93,100,1,0.2,0.3,0.5,0.68665,0.37574,0.00235
94,100,1,0.2,0.3,0.5,0.68665,0.3762,0.00179
95,100,1,0.2,0.3,0.5,0.68665,0.37551,0.0026
96,100,1,0.2,0.3,0.5,0.68665,0.37531,0.00266
97,100,1,0.2,0.3,0.5,0.68665,0.3763,0.00188
98,100,1,0.2,0.3,0.5,0.68665,0.37643,0.00178
99,100,1,0.2,0.3,0.5,0.68665,0.3759,0.00215
0,100,1,0.2,0.3,0.5,0.56899,0.37404,0.00397
1,100,1,0.2,0.3,0.5,0.56899,0.37443,0.00374
2,100,1,0.2,0.3,0.5,0.56899,0.37504,0.00317
3,100,1,0.2,0.3,0.5,0.56899,0.37521,0.00282
4,100,1,0.2,0.3,0.5,0.56899,0.37565,0.00287
5,100,1,0.2,0.3,0.5,0.56899,0.37448,0.00352
6,100,1,0.2,0.3,0.5,0.56899,0.37529,0.00369
7,100,1,0.2,0.3,0.5,0.56899,0.37443,0.00392
8,100,1,0.2,0.3,0.5,0.56899,0.37497,0.00331
9,100,1,0.2,0.3,0.5,0.56899,0.37491,0.00326
10,100,1,0.2,0.3,0.5,0.56899,0.37464,0.00376
11,100,1,0.2,0.3,0.5,0.56899,0.3744,0.00368
12,100,1,0.2,0.3,0.5,0.56899,0.3749,0.00309
13,100,1,0.2,0.3,0.5,0.56899,0.37549,0.00288
14,100,1,0.2,0.3,0.5,0.56899,0.37502,0.00305
15,100,1,0.2,0.3,0.5,0.56899,0.37595,0.00272
16,100,1,0.2,0.3,0.5,0.56899,0.37515,0.0029
17,100,1,0.2,0.3,0.5,0.56899,0.37421,0.00395
18,100,1,0.2,0.3,0.5,0.56899,0.37517,0.0029
19,100,1,0.2,0.3,0.5,0.56899,0.37591,0.00271
20,100,1,0.2,0.3,0.5,0.56899,0.37599,0.00243
21,100,1,0.2,0.3,0.5,0.56899,0.37545,0.00288
22,100,1,0.2,0.3,0.5,0.56899,0.37437,0.00376
23,100,1,0.2,0.3,0.5,0.56899,0.37531,0.00293
24,100,1,0.2,0.3,0.5,0.56899,0.37611,0.00286
25,100,1,0.2,0.3,0.5,0.56899,0.37502,0.0031
26,100,1,0.2,0.3,0.5,0.56899,0.37477,0.0033
27,100,1,0.2,0.3,0.5,0.56899,0.37623,0.0023
28,100,1,0.2,0.3,0.5,0.56899,0.37479,0.00318
29,100,1,0.2,0.3,0.5,0.56899,0.37484,0.00337
30,100,1,0.2,0.3,0.5,0.56899,0.37521,0.00307
31,100,1,0.2,0.3,0.5,0.56899,0.37543,0.00294
32,100,1,0.2,0.3,0.5,0.56899,0.37413,0.00392
33,100,1,0.2,0.3,0.5,0.56899,0.37357,0.00454
34,100,1,0.2,0.3,0.5,0.56899,0.37528,0.00276
35,100,1,0.2,0.3,0.5,0.56899,0.37653,0.00148
36,100,1,0.2,0.3,0.5,0.56899,0.37486,0.00337
37,100,1,0.2,0.3,0.5,0.56899,0.37539,0.00272
38,100,1,0.2,0.3,0.5,0.56899,0.376,0.0021
39,100,1,0.2,0.3,0.5,0.56899,0.37426,0.00406
40,100,1,0.2,0.3,0.5,0.56899,0.3745,0.00357
41,100,1,0.2,0.3,0.5,0.56899,0.37591,0.00295
42,100,1,0.2,0.3,0.5,0.56899,0.37508,0.00302
43,100,1,0.2,0.3,0.5,0.56899,0.37439,0.00382
44,100,1,0.2,0.3,0.5,0.56899,0.37439,0.0038
45,100,1,0.2,0.3,0.5,0.56899,0.37437,0.0036
46,100,1,0.2,0.3,0.5,0.56899,0.37478,0.00353
47,100,1,0.2,0.3,0.5,0.56899,0.37619,0.0019
48,100,1,0.2,0.3,0.5,0.56899,0.37456,0.00349
49,100,1,0.2,0.3,0.5,0.56899,0.37462,0.00361
50,100,1,0.2,0.3,0.5,0.56899,0.37501,0.00318
51,100,1,0.2,0.3,0.5,0.56899,0.37627,0.00227
52,100,1,0.2,0.3,0.5,0.56899,0.37408,0.00401
53,100,1,0.2,0.3,0.5,0.56899,0.37483,0.00324
54,100,1,0.2,0.3,0.5,0.56899,0.3741,0.00412
55,100,1,0.2,0.3,0.5,0.56899,0.37495,0.00302
56,100,1,0.2,0.3,0.5,0.56899,0.37554,0.00253
57,100,1,0.2,0.3,0.5,0.56899,0.37498,0.00347
58,100,1,0.2,0.3,0.5,0.56899,0.37493,0.00325
59,100,1,0.2,0.3,0.5,0.56899,0.37472,0.0039
60,100,1,0.2,0.3,0.5,0.56899,0.37499,0.00317
61,100,1,0.2,0.3,0.5,0.56899,0.37378,0.00428
62,100,1,0.2,0.3,0.5,0.56899,0.37511,0.00326
63,100,1,0.2,0.3,0.5,0.56899,0.37466,0.00333
64,100,1,0.2,0.3,0.5,0.56899,0.37487,0.00309
65,100,1,0.2,0.3,0.5,0.56899,0.37486,0.00312
66,100,1,0.2,0.3,0.5,0.56899,0.37462,0.00374
67,100,1,0.2,0.3,0.5,0.56899,0.37494,0.00377
68,100,1,0.2,0.3,0.5,0.56899,0.37544,0.00267
69,100,1,0.2,0.3,0.5,0.56899,0.37547,0.00343
70,100,1,0.2,0.3,0.5,0.56899,0.37435,0.00383
71,100,1,0.2,0.3,0.5,0.56899,0.37582,0.00241
72,100,1,0.2,0.3,0.5,0.56899,0.37551,0.00254
73,100,1,0.2,0.3,0.5,0.56899,0.37547,0.00264
74,100,1,0.2,0.3,0.5,0.56899,0.37502,0.00352
75,100,1,0.2,0.3,0.5,0.56899,0.37475,0.00325
76,100,1,0.2,0.3,0.5,0.56899,0.37744,0.00167
77,100,1,0.2,0.3,0.5,0.56899,0.37374,0.00465
78,100,1,0.2,0.3,0.5,0.56899,0.37512,0.00296
79,100,1,0.2,0.3,0.5,0.56899,0.37484,0.00323
80,100,1,0.2,0.3,0.5,0.56899,0.37558,0.00248
81,100,1,0.2,0.3,0.5,0.56899,0.37542,0.00285
82,100,1,0.2,0.3,0.5,0.56899,0.37504,0.00321
83,100,1,0.2,0.3,0.5,0.56899,0.37414,0.00396
84,100,1,0.2,0.3,0.5,0.56899,0.3757,0.00235
85,100,1,0.2,0.3,0.5,0.56899,0.37556,0.00268
86,100,1,0.2,0.3,0.5,0.56899,0.37419,0.00383
87,100,1,0.2,0.3,0.5,0.56899,0.37493,0.00383
88,100,1,0.2,0.3,0.5,0.56899,0.3752,0.00304
89,100,1,0.2,0.3,0.5,0.56899,0.37657,0.00221
90,100,1,0.2,0.3,0.5,0.56899,0.37465,0.00369
91,100,1,0.2,0.3,0.5,0.56899,0.37323,0.00486
92,100,1,0.2,0.3,0.5,0.56899,0.37475,0.00326
93,100,1,0.2,0.3,0.5,0.56899,0.37479,0.00338
94,100,1,0.2,0.3,0.5,0.56899,0.37546,0.00257
95,100,1,0.2,0.3,0.5,0.56899,0.37446,0.00374
96,100,1,0.2,0.3,0.5,0.56899,0.37417,0.00383
97,100,1,0.2,0.3,0.5,0.56899,0.3756,0.00271
98,100,1,0.2,0.3,0.5,0.56899,0.37579,0.00255
99,100,1,0.2,0.3,0.5,0.56899,0.37502,0.00309
0,100,1,0.2,0.3,0.5,0.47149,0.37236,0.00568
1,100,1,0.2,0.3,0.5,0.47149,0.37292,0.00534
2,100,1,0.2,0.3,0.5,0.47149,0.37379,0.00453
3,100,1,0.2,0.3,0.5,0.47149,0.37404,0.00403
4,100,1,0.2,0.3,0.5,0.47149,0.37467,0.0041
5,100,1,0.2,0.3,0.5,0.47149,0.37299,0.00503
6,100,1,0.2,0.3,0.5,0.47149,0.37415,0.00528
7,100,1,0.2,0.3,0.5,0.47149,0.37292,0.00561
8,100,1,0.2,0.3,0.5,0.47149,0.37369,0.00474
9,100,1,0.2,0.3,0.5,0.47149,0.3736,0.00467
10,100,1,0.2,0.3,0.5,0.47149,0.37322,0.00538
11,100,1,0.2,0.3,0.5,0.47149,0.37287,0.00527
12,100,1,0.2,0.3,0.5,0.47149,0.3736,0.00442
13,100,1,0.2,0.3,0.5,0.47149,0.37443,0.00413
14,100,1,0.2,0.3,0.5,0.47149,0.37376,0.00435
15,100,1,0.2,0.3,0.5,0.47149,0.37511,0.00387
16,100,1,0.2,0.3,0.5,0.47149,0.37395,0.00415
17,100,1,0.2,0.3,0.5,0.47149,0.3726,0.00565
18,100,1,0.2,0.3,0.5,0.47149,0.37398,0.00414
19,100,1,0.2,0.3,0.5,0.47149,0.37505,0.00386
20,100,1,0.2,0.3,0.5,0.47149,0.37516,0.00346
21,100,1,0.2,0.3,0.5,0.47149,0.37439,0.00412
22,100,1,0.2,0.3,0.5,0.47149,0.37283,0.00538
23,100,1,0.2,0.3,0.5,0.47149,0.37419,0.00418
24,100,1,0.2,0.3,0.5,0.47149,0.37534,0.00408
25,100,1,0.2,0.3,0.5,0.47149,0.37376,0.00443
26,100,1,0.2,0.3,0.5,0.47149,0.3734,0.00473
27,100,1,0.2,0.3,0.5,0.47149,0.37551,0.00328
28,100,1,0.2,0.3,0.5,0.47149,0.37344,0.00454
29,100,1,0.2,0.3,0.5,0.47149,0.37351,0.00481
30,100,1,0.2,0.3,0.5,0.47149,0.37404,0.00438
31,100,1,0.2,0.3,0.5,0.47149,0.37436,0.00419
32,100,1,0.2,0.3,0.5,0.47149,0.37249,0.0056
33,100,1,0.2,0.3,0.5,0.47149,0.37168,0.0065
34,100,1,0.2,0.3,0.5,0.47149,0.37414,0.00394
35,100,1,0.2,0.3,0.5,0.47149,0.37593,0.0021
36,100,1,0.2,0.3,0.5,0.47149,0.37353,0.00483
37,100,1,0.2,0.3,0.5,0.47149,0.3743,0.00388
38,100,1,0.2,0.3,0.5,0.47149,0.37517,0.00299
39,100,1,0.2,0.3,0.5,0.47149,0.37267,0.00581
40,100,1,0.2,0.3,0.5,0.47149,0.37301,0.00511
41,100,1,0.2,0.3,0.5,0.47149,0.37505,0.00421
42,100,1,0.2,0.3,0.5,0.47149,0.37384,0.00432
43,100,1,0.2,0.3,0.5,0.47149,0.37286,0.00546
44,100,1,0.2,0.3,0.5,0.47149,0.37286,0.00544
45,100,1,0.2,0.3,0.5,0.47149,0.37284,0.00515
46,100,1,0.2,0.3,0.5,0.47149,0.37342,0.00505
47,100,1,0.2,0.3,0.5,0.47149,0.37545,0.0027
48,100,1,0.2,0.3,0.5,0.47149,0.3731,0.00499
49,100,1,0.2,0.3,0.5,0.47149,0.37319,0.00517
50,100,1,0.2,0.3,0.5,0.47149,0.37375,0.00454
51,100,1,0.2,0.3,0.5,0.47149,0.37555,0.00325
52,100,1,0.2,0.3,0.5,0.47149,0.37241,0.00573
53,100,1,0.2,0.3,0.5,0.47149,0.37349,0.00462
54,100,1,0.2,0.3,0.5,0.47149,0.37244,0.0059
55,100,1,0.2,0.3,0.5,0.47149,0.37366,0.00431
56,100,1,0.2,0.3,0.5,0.47149,0.37451,0.00361
57,100,1,0.2,0.3,0.5,0.47149,0.37371,0.00497
58,100,1,0.2,0.3,0.5,0.47149,0.37363,0.00465
59,100,1,0.2,0.3,0.5,0.47149,0.37334,0.00559
60,100,1,0.2,0.3,0.5,0.47149,0.37372,0.00453
61,100,1,0.2,0.3,0.5,0.47149,0.37198,0.00613
62,100,1,0.2,0.3,0.5,0.47149,0.3739,0.00465
63,100,1,0.2,0.3,0.5,0.47149,0.37325,0.00476
64,100,1,0.2,0.3,0.5,0.47149,0.37356,0.00442
65,100,1,0.2,0.3,0.5,0.47149,0.37353,0.00445
66,100,1,0.2,0.3,0.5,0.47149,0.3732,0.00534
67,100,1,0.2,0.3,0.5,0.47149,0.37365,0.0054
68,100,1,0.2,0.3,0.5,0.47149,0.37437,0.0038
69,100,1,0.2,0.3,0.5,0.47149,0.37442,0.00491
70,100,1,0.2,0.3,0.5,0.47149,0.3728,0.00548
71,100,1,0.2,0.3,0.5,0.47149,0.37492,0.00343
72,100,1,0.2,0.3,0.5,0.47149,0.37447,0.00361
73,100,1,0.2,0.3,0.5,0.47149,0.37441,0.00377
74,100,1,0.2,0.3,0.5,0.47149,0.37377,0.00504
75,100,1,0.2,0.3,0.5,0.47149,0.37338,0.00464
76,100,1,0.2,0.3,0.5,0.47149,0.37724,0.00238
77,100,1,0.2,0.3,0.5,0.47149,0.37191,0.00667
78,100,1,0.2,0.3,0.5,0.47149,0.3739,0.00423
79,100,1,0.2,0.3,0.5,0.47149,0.3735,0.00462
80,100,1,0.2,0.3,0.5,0.47149,0.37457,0.00352
81,100,1,0.2,0.3,0.5,0.47149,0.37433,0.00408
82,100,1,0.2,0.3,0.5,0.47149,0.3738,0.00458
83,100,1,0.2,0.3,0.5,0.47149,0.3725,0.00567
84,100,1,0.2,0.3,0.5,0.47149,0.37474,0.00334
85,100,1,0.2,0.3,0.5,0.47149,0.37454,0.00383
86,100,1,0.2,0.3,0.5,0.47149,0.37257,0.00548
87,100,1,0.2,0.3,0.5,0.47149,0.37364,0.00549
88,100,1,0.2,0.3,0.5,0.47149,0.37402,0.00435
89,100,1,0.2,0.3,0.5,0.47149,0.37599,0.00315
90,100,1,0.2,0.3,0.5,0.47149,0.37322,0.00528
91,100,1,0.2,0.3,0.5,0.47149,0.3712,0.00697
92,100,1,0.2,0.3,0.5,0.47149,0.37338,0.00466
93,100,1,0.2,0.3,0.5,0.47149,0.37344,0.00483
94,100,1,0.2,0.3,0.5,0.47149,0.3744,0.00366
95,100,1,0.2,0.3,0.5,0.47149,0.37296,0.00536
96,100,1,0.2,0.3,0.5,0.47149,0.37254,0.00547
97,100,1,0.2,0.3,0.5,0.47149,0.3746,0.00388
98,100,1,0.2,0.3,0.5,0.47149,0.37486,0.00365
99,100,1,0.2,0.3,0.5,0.47149,0.37376,0.00442
0,100,1,0.2,0.3,0.5,0.39069,0.36996,0.00802
1,100,1,0.2,0.3,0.5,0.39069,0.37078,0.00752
2,100,1,0.2,0.3,0.5,0.39069,0.372,0.00639
3,100,1,0.2,0.3,0.5,0.39069,0.37237,0.00563
4,100,1,0.2,0.3,0.5,0.39069,0.37328,0.00576
5,100,1,0.2,0.3,0.5,0.39069,0.37088,0.00707
6,100,1,0.2,0.3,0.5,0.39069,0.37255,0.00745
7,100,1,0.2,0.3,0.5,0.39069,0.37078,0.00791
8,100,1,0.2,0.3,0.5,0.39069,0.37187,0.00667
9,100,1,0.2,0.3,0.5,0.39069,0.37172,0.00659
10,100,1,0.2,0.3,0.5,0.39069,0.37121,0.00759
11,100,1,0.2,0.3,0.5,0.39069,0.3707,0.00744
12,100,1,0.2,0.3,0.5,0.39069,0.37174,0.0062
13,100,1,0.2,0.3,0.5,0.39069,0.37293,0.00581
14,100,1,0.2,0.3,0.5,0.39069,0.37198,0.00612
15,100,1,0.2,0.3,0.5,0.39069,0.37391,0.00544
16,100,1,0.2,0.3,0.5,0.39069,0.37224,0.00583
17,100,1,0.2,0.3,0.5,0.39069,0.37032,0.00796
18,100,1,0.2,0.3,0.5,0.39069,0.37227,0.00582
19,100,1,0.2,0.3,0.5,0.39069,0.37382,0.00544
20,100,1,0.2,0.3,0.5,0.39069,0.37399,0.00484
21,100,1,0.2,0.3,0.5,0.39069,0.37288,0.00578
22,100,1,0.2,0.3,0.5,0.39069,0.37064,0.00758
23,100,1,0.2,0.3,0.5,0.39069,0.37259,0.00587
24,100,1,0.2,0.3,0.5,0.39069,0.37425,0.00574
25,100,1,0.2,0.3,0.5,0.39069,0.37197,0.00623
26,100,1,0.2,0.3,0.5,0.39069,0.37145,0.00665
27,100,1,0.2,0.3,0.5,0.39069,0.37449,0.00459
28,100,1,0.2,0.3,0.5,0.39069,0.37151,0.00638
29,100,1,0.2,0.3,0.5,0.39069,0.37162,0.00677
30,100,1,0.2,0.3,0.5,0.39069,0.37238,0.00617
31,100,1,0.2,0.3,0.5,0.39069,0.37284,0.00589
32,100,1,0.2,0.3,0.5,0.39069,0.37016,0.00789
33,100,1,0.2,0.3,0.5,0.39069,0.36898,0.0092
34,100,1,0.2,0.3,0.5,0.39069,0.37251,0.00553
35,100,1,0.2,0.3,0.5,0.39069,0.37508,0.00289
36,100,1,0.2,0.3,0.5,0.39069,0.37165,0.0068
37,100,1,0.2,0.3,0.5,0.39069,0.37275,0.00544
38,100,1,0.2,0.3,0.5,0.39069,0.374,0.00417
39,100,1,0.2,0.3,0.5,0.39069,0.37042,0.0082
40,100,1,0.2,0.3,0.5,0.39069,0.3709,0.0072
41,100,1,0.2,0.3,0.5,0.39069,0.37383,0.00593
42,100,1,0.2,0.3,0.5,0.39069,0.37208,0.00607
43,100,1,0.2,0.3,0.5,0.39069,0.37068,0.00771
44,100,1,0.2,0.3,0.5,0.39069,0.37067,0.00768
45,100,1,0.2,0.3,0.5,0.39069,0.37066,0.00725
46,100,1,0.2,0.3,0.5,0.39069,0.3715,0.00711
47,100,1,0.2,0.3,0.5,0.39069,0.37439,0.00374
48,100,1,0.2,0.3,0.5,0.39069,0.37102,0.00702
49,100,1,0.2,0.3,0.5,0.39069,0.37116,0.00728
50,100,1,0.2,0.3,0.5,0.39069,0.37197,0.00638
51,100,1,0.2,0.3,0.5,0.39069,0.37454,0.00456
52,100,1,0.2,0.3,0.5,0.39069,0.37004,0.00809
53,100,1,0.2,0.3,0.5,0.39069,0.37159,0.00649
54,100,1,0.2,0.3,0.5,0.39069,0.37008,0.00834
55,100,1,0.2,0.3,0.5,0.39069,0.37184,0.00604
56,100,1,0.2,0.3,0.5,0.39069,0.37306,0.00505
57,100,1,0.2,0.3,0.5,0.39069,0.3719,0.00702
58,100,1,0.2,0.3,0.5,0.39069,0.3718,0.00655
59,100,1,0.2,0.3,0.5,0.39069,0.37137,0.00791
60,100,1,0.2,0.3,0.5,0.39069,0.37192,0.00637
61,100,1,0.2,0.3,0.5,0.39069,0.36943,0.00866
62,100,1,0.2,0.3,0.5,0.39069,0.37218,0.00655
63,100,1,0.2,0.3,0.5,0.39069,0.37124,0.00669
64,100,1,0.2,0.3,0.5,0.39069,0.37169,0.0062
65,100,1,0.2,0.3,0.5,0.39069,0.37165,0.00625
66,100,1,0.2,0.3,0.5,0.39069,0.37118,0.00753
67,100,1,0.2,0.3,0.5,0.39069,0.37182,0.00764
68,100,1,0.2,0.3,0.5,0.39069,0.37285,0.00533
69,100,1,0.2,0.3,0.5,0.39069,0.37294,0.00694
70,100,1,0.2,0.3,0.5,0.39069,0.37061,0.00773
71,100,1,0.2,0.3,0.5,0.39069,0.37363,0.00476
72,100,1,0.2,0.3,0.5,0.39069,0.37299,0.00505
73,100,1,0.2,0.3,0.5,0.39069,0.3729,0.00528
74,100,1,0.2,0.3,0.5,0.39069,0.37199,0.00712
75,100,1,0.2,0.3,0.5,0.39069,0.37143,0.00651
76,100,1,0.2,0.3,0.5,0.39069,0.37696,0.00336
77,100,1,0.2,0.3,0.5,0.39069,0.36932,0.00945
78,100,1,0.2,0.3,0.5,0.39069,0.37217,0.00595
79,100,1,0.2,0.3,0.5,0.39069,0.3716,0.0065
80,100,1,0.2,0.3,0.5,0.39069,0.37314,0.00491
81,100,1,0.2,0.3,0.5,0.39069,0.3728,0.00573
82,100,1,0.2,0.3,0.5,0.39069,0.37203,0.00645
83,100,1,0.2,0.3,0.5,0.39069,0.37016,0.008
84,100,1,0.2,0.3,0.5,0.39069,0.37338,0.00466
85,100,1,0.2,0.3,0.5,0.39069,0.37309,0.00538
86,100,1,0.2,0.3,0.5,0.39069,0.37027,0.00773
87,100,1,0.2,0.3,0.5,0.39069,0.37181,0.00776
88,100,1,0.2,0.3,0.5,0.39069,0.37235,0.00611
89,100,1,0.2,0.3,0.5,0.39069,0.37517,0.00442
90,100,1,0.2,0.3,0.5,0.39069,0.37119,0.00746
91,100,1,0.2,0.3,0.5,0.39069,0.3683,0.00986
92,100,1,0.2,0.3,0.5,0.39069,0.37143,0.00655
93,100,1,0.2,0.3,0.5,0.39069,0.37151,0.00679
94,100,1,0.2,0.3,0.5,0.39069,0.3729,0.00512
95,100,1,0.2,0.3,0.5,0.39069,0.37082,0.00757
96,100,1,0.2,0.3,0.5,0.39069,0.37022,0.00772
97,100,1,0.2,0.3,0.5,0.39069,0.37318,0.00545
98,100,1,0.2,0.3,0.5,0.39069,0.37354,0.00513
99,100,1,0.2,0.3,0.5,0.39069,0.37198,0.00621
0,100,1,0.2,0.3,0.5,0.32375,0.36658,0.01105
1,100,1,0.2,0.3,0.5,0.32375,0.36776,0.01035
2,100,1,0.2,0.3,0.5,0.32375,0.36948,0.00878
3,100,1,0.2,0.3,0.5,0.32375,0.37002,0.00764
4,100,1,0.2,0.3,0.5,0.32375,0.37132,0.0079
5,100,1,0.2,0.3,0.5,0.32375,0.3679,0.00968
6,100,1,0.2,0.3,0.5,0.32375,0.3703,0.01033
7,100,1,0.2,0.3,0.5,0.32375,0.36776,0.01093
8,100,1,0.2,0.3,0.5,0.32375,0.36931,0.00916
9,100,1,0.2,0.3,0.5,0.32375,0.36906,0.00906
10,100,1,0.2,0.3,0.5,0.32375,0.36838,0.01046
11,100,1,0.2,0.3,0.5,0.32375,0.36763,0.01024
12,100,1,0.2,0.3,0.5,0.32375,0.36913,0.00845
13,100,1,0.2,0.3,0.5,0.32375,0.37081,0.00798
14,100,1,0.2,0.3,0.5,0.32375,0.36946,0.00834
15,100,1,0.2,0.3,0.5,0.32375,0.37223,0.00744
16,100,1,0.2,0.3,0.5,0.32375,0.36983,0.00795
17,100,1,0.2,0.3,0.5,0.32375,0.3671,0.01096
18,100,1,0.2,0.3,0.5,0.32375,0.36987,0.00795
19,100,1,0.2,0.3,0.5,0.32375,0.37211,0.00745
20,100,1,0.2,0.3,0.5,0.32375,0.37233,0.00658
21,100,1,0.2,0.3,0.5,0.32375,0.37075,0.00788
22,100,1,0.2,0.3,0.5,0.32375,0.36755,0.01044
23,100,1,0.2,0.3,0.5,0.32375,0.37034,0.00802
24,100,1,0.2,0.3,0.5,0.32375,0.37273,0.0079
25,100,1,0.2,0.3,0.5,0.32375,0.36945,0.00851
26,100,1,0.2,0.3,0.5,0.32375,0.36871,0.0091
27,100,1,0.2,0.3,0.5,0.32375,0.37305,0.00624
28,100,1,0.2,0.3,0.5,0.32375,0.3688,0.0087
29,100,1,0.2,0.3,0.5,0.32375,0.36895,0.00928
30,100,1,0.2,0.3,0.5,0.32375,0.37003,0.00845
31,100,1,0.2,0.3,0.5,0.32375,0.3707,0.00806
32,100,1,0.2,0.3,0.5,0.32375,0.36687,0.01084
33,100,1,0.2,0.3,0.5,0.32375,0.36518,0.01276
34,100,1,0.2,0.3,0.5,0.32375,0.37023,0.0075
35,100,1,0.2,0.3,0.5,0.32375,0.37389,0.00373
36,100,1,0.2,0.3,0.5,0.32375,0.36899,0.00934
37,100,1,0.2,0.3,0.5,0.32375,0.37056,0.00739
38,100,1,0.2,0.3,0.5,0.32375,0.37233,0.00559
39,100,1,0.2,0.3,0.5,0.32375,0.36724,0.01134
40,100,1,0.2,0.3,0.5,0.32375,0.36792,0.00989
41,100,1,0.2,0.3,0.5,0.32375,0.37213,0.00818
42,100,1,0.2,0.3,0.5,0.32375,0.3696,0.00829
43,100,1,0.2,0.3,0.5,0.32375,0.36761,0.01063
44,100,1,0.2,0.3,0.5,0.32375,0.36759,0.01059
45,100,1,0.2,0.3,0.5,0.32375,0.36758,0.00993
46,100,1,0.2,0.3,0.5,0.32375,0.36879,0.00978
47,100,1,0.2,0.3,0.5,0.32375,0.3729,0.00496
48,100,1,0.2,0.3,0.5,0.32375,0.3681,0.00964
49,100,1,0.2,0.3,0.5,0.32375,0.3683,0.01003
50,100,1,0.2,0.3,0.5,0.32375,0.36945,0.00872
51,100,1,0.2,0.3,0.5,0.32375,0.3731,0.00622
52,100,1,0.2,0.3,0.5,0.32375,0.36669,0.01115
53,100,1,0.2,0.3,0.5,0.32375,0.36891,0.00886
54,100,1,0.2,0.3,0.5,0.32375,0.36676,0.01153
55,100,1,0.2,0.3,0.5,0.32375,0.36927,0.00821
56,100,1,0.2,0.3,0.5,0.32375,0.371,0.00682
57,100,1,0.2,0.3,0.5,0.32375,0.36936,0.00968
58,100,1,0.2,0.3,0.5,0.32375,0.36921,0.00898
59,100,1,0.2,0.3,0.5,0.32375,0.3686,0.01097
60,100,1,0.2,0.3,0.5,0.32375,0.36938,0.00871
61,100,1,0.2,0.3,0.5,0.32375,0.36582,0.01197
62,100,1,0.2,0.3,0.5,0.32375,0.36976,0.009
63,100,1,0.2,0.3,0.5,0.32375,0.36841,0.00914
64,100,1,0.2,0.3,0.5,0.32375,0.36905,0.00845
65,100,1,0.2,0.3,0.5,0.32375,0.36899,0.00853
66,100,1,0.2,0.3,0.5,0.32375,0.36833,0.01038
67,100,1,0.2,0.3,0.5,0.32375,0.36924,0.01059
68,100,1,0.2,0.3,0.5,0.32375,0.37071,0.00723
69,100,1,0.2,0.3,0.5,0.32375,0.37085,0.00961
70,100,1,0.2,0.3,0.5,0.32375,0.3675,0.01066
71,100,1,0.2,0.3,0.5,0.32375,0.37182,0.0064
72,100,1,0.2,0.3,0.5,0.32375,0.37091,0.0068
73,100,1,0.2,0.3,0.5,0.32375,0.37077,0.00715
74,100,1,0.2,0.3,0.5,0.32375,0.36949,0.00984
75,100,1,0.2,0.3,0.5,0.32375,0.36868,0.00888
76,100,1,0.2,0.3,0.5,0.32375,0.37657,0.00469
77,100,1,0.2,0.3,0.5,0.32375,0.36567,0.01314
78,100,1,0.2,0.3,0.5,0.32375,0.36972,0.00812
79,100,1,0.2,0.3,0.5,0.32375,0.3689,0.00889
80,100,1,0.2,0.3,0.5,0.32375,0.37113,0.00661
81,100,1,0.2,0.3,0.5,0.32375,0.37063,0.00783
82,100,1,0.2,0.3,0.5,0.32375,0.36953,0.00885
83,100,1,0.2,0.3,0.5,0.32375,0.36686,0.01103
84,100,1,0.2,0.3,0.5,0.32375,0.37146,0.00626
85,100,1,0.2,0.3,0.5,0.32375,0.37105,0.00732
86,100,1,0.2,0.3,0.5,0.32375,0.36702,0.01064
87,100,1,0.2,0.3,0.5,0.32375,0.36924,0.01077
88,100,1,0.2,0.3,0.5,0.32375,0.36999,0.00834
89,100,1,0.2,0.3,0.5,0.32375,0.37401,0.00606
90,100,1,0.2,0.3,0.5,0.32375,0.36831,0.01029
91,100,1,0.2,0.3,0.5,0.32375,0.36421,0.01369
92,100,1,0.2,0.3,0.5,0.32375,0.36868,0.00895
93,100,1,0.2,0.3,0.5,0.32375,0.3688,0.00931
94,100,1,0.2,0.3,0.5,0.32375,0.37077,0.0069
95,100,1,0.2,0.3,0.5,0.32375,0.3678,0.01044
96,100,1,0.2,0.3,0.5,0.32375,0.36696,0.01061
97,100,1,0.2,0.3,0.5,0.32375,0.37117,0.00745
98,100,1,0.2,0.3,0.5,0.32375,0.37167,0.00699
99,100,1,0.2,0.3,0.5,0.32375,0.36946,0.00849
0,100,1,0.2,0.3,0.5,0.26827,0.36185,0.0147
1,100,1,0.2,0.3,0.5,0.26827,0.36354,0.01373
2,100,1,0.2,0.3,0.5,0.26827,0.36593,0.01159
3,100,1,0.2,0.3,0.5,0.26827,0.36673,0.00986
4,100,1,0.2,0.3,0.5,0.26827,0.36858,0.01044
5,100,1,0.2,0.3,0.5,0.26827,0.36373,0.01273
6,100,1,0.2,0.3,0.5,0.26827,0.36718,0.01394
7,100,1,0.2,0.3,0.5,0.26827,0.36354,0.01461
8,100,1,0.2,0.3,0.5,0.26827,0.36574,0.01212
9,100,1,0.2,0.3,0.5,0.26827,0.36531,0.01197
10,100,1,0.2,0.3,0.5,0.26827,0.36444,0.01396
11,100,1,0.2,0.3,0.5,0.26827,0.36333,0.01359
12,100,1,0.2,0.3,0.5,0.26827,0.36547,0.01099
13,100,1,0.2,0.3,0.5,0.26827,0.36784,0.01054
14,100,1,0.2,0.3,0.5,0.26827,0.36594,0.01089
15,100,1,0.2,0.3,0.5,0.26827,0.36989,0.00982
16,100,1,0.2,0.3,0.5,0.26827,0.36646,0.01035
17,100,1,0.2,0.3,0.5,0.26827,0.36261,0.01457
18,100,1,0.2,0.3,0.5,0.26827,0.3665,0.01036
19,100,1,0.2,0.3,0.5,0.26827,0.36972,0.00988
20,100,1,0.2,0.3,0.5,0.26827,0.37002,0.00856
21,100,1,0.2,0.3,0.5,0.26827,0.36779,0.01032
22,100,1,0.2,0.3,0.5,0.26827,0.36324,0.01387
23,100,1,0.2,0.3,0.5,0.26827,0.36721,0.0105
24,100,1,0.2,0.3,0.5,0.26827,0.37063,0.0106
25,100,1,0.2,0.3,0.5,0.26827,0.36591,0.01114
26,100,1,0.2,0.3,0.5,0.26827,0.36486,0.01196
27,100,1,0.2,0.3,0.5,0.26827,0.37105,0.00817
28,100,1,0.2,0.3,0.5,0.26827,0.36501,0.01136
29,100,1,0.2,0.3,0.5,0.26827,0.36524,0.01223
30,100,1,0.2,0.3,0.5,0.26827,0.36676,0.01112
31,100,1,0.2,0.3,0.5,0.26827,0.36771,0.01059
32,100,1,0.2,0.3,0.5,0.26827,0.36228,0.01438
33,100,1,0.2,0.3,0.5,0.26827,0.35986,0.01717
34,100,1,0.2,0.3,0.5,0.26827,0.36703,0.00968
35,100,1,0.2,0.3,0.5,0.26827,0.37222,0.00437
36,100,1,0.2,0.3,0.5,0.26827,0.36528,0.01237
37,100,1,0.2,0.3,0.5,0.26827,0.3675,0.00955
38,100,1,0.2,0.3,0.5,0.26827,0.37001,0.00706
39,100,1,0.2,0.3,0.5,0.26827,0.36279,0.01517
40,100,1,0.2,0.3,0.5,0.26827,0.36375,0.01309
41,100,1,0.2,0.3,0.5,0.26827,0.36976,0.01094
42,100,1,0.2,0.3,0.5,0.26827,0.36611,0.01085
43,100,1,0.2,0.3,0.5,0.26827,0.36332,0.01415
44,100,1,0.2,0.3,0.5,0.26827,0.36328,0.01411
45,100,1,0.2,0.3,0.5,0.26827,0.36328,0.01309
46,100,1,0.2,0.3,0.5,0.26827,0.36501,0.01298
47,100,1,0.2,0.3,0.5,0.26827,0.37081,0.00613
48,100,1,0.2,0.3,0.5,0.26827,0.364,0.01271
49,100,1,0.2,0.3,0.5,0.26827,0.36431,0.01332
50,100,1,0.2,0.3,0.5,0.26827,0.36595,0.01146
51,100,1,0.2,0.3,0.5,0.26827,0.37108,0.00816
52,100,1,0.2,0.3,0.5,0.26827,0.36201,0.01484
53,100,1,0.2,0.3,0.5,0.26827,0.36516,0.0116
54,100,1,0.2,0.3,0.5,0.26827,0.36212,0.01544
55,100,1,0.2,0.3,0.5,0.26827,0.36568,0.01064
56,100,1,0.2,0.3,0.5,0.26827,0.36813,0.00875
57,100,1,0.2,0.3,0.5,0.26827,0.36581,0.01292
58,100,1,0.2,0.3,0.5,0.26827,0.36559,0.01183
59,100,1,0.2,0.3,0.5,0.26827,0.36475,0.01477
60,100,1,0.2,0.3,0.5,0.26827,0.36583,0.01143
61,100,1,0.2,0.3,0.5,0.26827,0.36079,0.01601
62,100,1,0.2,0.3,0.5,0.26827,0.36639,0.01191
63,100,1,0.2,0.3,0.5,0.26827,0.36444,0.01198
64,100,1,0.2,0.3,0.5,0.26827,0.36536,0.01099
65,100,1,0.2,0.3,0.5,0.26827,0.36527,0.01111
66,100,1,0.2,0.3,0.5,0.26827,0.36436,0.01385
67,100,1,0.2,0.3,0.5,0.26827,0.36565,0.01428
68,100,1,0.2,0.3,0.5,0.26827,0.36771,0.00933
69,100,1,0.2,0.3,0.5,0.26827,0.36795,0.01295
70,100,1,0.2,0.3,0.5,0.26827,0.36317,0.0142
71,100,1,0.2,0.3,0.5,0.26827,0.36929,0.00813
72,100,1,0.2,0.3,0.5,0.26827,0.368,0.00869
73,100,1,0.2,0.3,0.5,0.26827,0.36779,0.00922
74,100,1,0.2,0.3,0.5,0.26827,0.36599,0.01317
75,100,1,0.2,0.3,0.5,0.26827,0.36485,0.01159
76,100,1,0.2,0.3,0.5,0.26827,0.37603,0.00651
77,100,1,0.2,0.3,0.5,0.26827,0.36056,0.01777
78,100,1,0.2,0.3,0.5,0.26827,0.3663,0.01061
79,100,1,0.2,0.3,0.5,0.26827,0.36513,0.01168
80,100,1,0.2,0.3,0.5,0.26827,0.36831,0.0084
81,100,1,0.2,0.3,0.5,0.26827,0.3676,0.01026
82,100,1,0.2,0.3,0.5,0.26827,0.36604,0.01168
83,100,1,0.2,0.3,0.5,0.26827,0.36223,0.01469
84,100,1,0.2,0.3,0.5,0.26827,0.36878,0.00792
85,100,1,0.2,0.3,0.5,0.26827,0.36818,0.00953
86,100,1,0.2,0.3,0.5,0.26827,0.36248,0.01412
87,100,1,0.2,0.3,0.5,0.26827,0.36567,0.01453
88,100,1,0.2,0.3,0.5,0.26827,0.36669,0.01094
89,100,1,0.2,0.3,0.5,0.26827,0.3724,0.00804
90,100,1,0.2,0.3,0.5,0.26827,0.36427,0.01372
91,100,1,0.2,0.3,0.5,0.26827,0.3585,0.01846
92,100,1,0.2,0.3,0.5,0.26827,0.36484,0.01172
93,100,1,0.2,0.3,0.5,0.26827,0.36501,0.01226
94,100,1,0.2,0.3,0.5,0.26827,0.36781,0.00882
95,100,1,0.2,0.3,0.5,0.26827,0.36358,0.0139
96,100,1,0.2,0.3,0.5,0.26827,0.3624,0.01407
97,100,1,0.2,0.3,0.5,0.26827,0.36836,0.00976
98,100,1,0.2,0.3,0.5,0.26827,0.36906,0.00913
99,100,1,0.2,0.3,0.5,0.26827,0.36595,0.01111
0,100,1,0.2,0.3,0.5,0.2223,0.35531,0.01874
1,100,1,0.2,0.3,0.5,0.2223,0.35772,0.01744
2,100,1,0.2,0.3,0.5,0.2223,0.36102,0.01462
3,100,1,0.2,0.3,0.5,0.2223,0.36217,0.01194
4,100,1,0.2,0.3,0.5,0.2223,0.36482,0.01326
5,100,1,0.2,0.3,0.5,0.2223,0.35798,0.01592
6,100,1,0.2,0.3,0.5,0.2223,0.36292,0.01831
7,100,1,0.2,0.3,0.5,0.2223,0.35774,0.01881
8,100,1,0.2,0.3,0.5,0.2223,0.36081,0.01534
9,100,1,0.2,0.3,0.5,0.2223,0.3601,0.01511
10,100,1,0.2,0.3,0.5,0.2223,0.35901,0.01796
11,100,1,0.2,0.3,0.5,0.2223,0.35739,0.01726
12,100,1,0.2,0.3,0.5,0.2223,0.36042,0.01351
13,100,1,0.2,0.3,0.5,0.2223,0.36374,0.01335
14,100,1,0.2,0.3,0.5,0.2223,0.36107,0.01345
15,100,1,0.2,0.3,0.5,0.2223,0.36668,0.01252
16,100,1,0.2,0.3,0.5,0.2223,0.36179,0.01273
17,100,1,0.2,0.3,0.5,0.2223,0.35642,0.01859
18,100,1,0.2,0.3,0.5,0.2223,0.36182,0.01278
19,100,1,0.2,0.3,0.5,0.2223,0.36644,0.01265
20,100,1,0.2,0.3,0.5,0.2223,0.36684,0.01064
21,100,1,0.2,0.3,0.5,0.2223,0.3637,0.01287
22,100,1,0.2,0.3,0.5,0.2223,0.35728,0.01766
23,100,1,0.2,0.3,0.5,0.2223,0.36289,0.01308
24,100,1,0.2,0.3,0.5,0.2223,0.36777,0.01387
25,100,1,0.2,0.3,0.5,0.2223,0.36102,0.01384
26,100,1,0.2,0.3,0.5,0.2223,0.35953,0.01496
27,100,1,0.2,0.3,0.5,0.2223,0.3683,0.01031
28,100,1,0.2,0.3,0.5,0.2223,0.35977,0.014
29,100,1,0.2,0.3,0.5,0.2223,0.36012,0.01541
30,100,1,0.2,0.3,0.5,0.2223,0.36224,0.01399
31,100,1,0.2,0.3,0.5,0.2223,0.36361,0.01332
32,100,1,0.2,0.3,0.5,0.2223,0.35594,0.01823
33,100,1,0.2,0.3,0.5,0.2223,0.3525,0.02228
34,100,1,0.2,0.3,0.5,0.2223,0.36261,0.01174
35,100,1,0.2,0.3,0.5,0.2223,0.36992,0.00444
36,100,1,0.2,0.3,0.5,0.2223,0.36017,0.01567
37,100,1,0.2,0.3,0.5,0.2223,0.36329,0.01163
38,100,1,0.2,0.3,0.5,0.2223,0.36678,0.00826
39,100,1,0.2,0.3,0.5,0.2223,0.35665,0.01957
40,100,1,0.2,0.3,0.5,0.2223,0.35798,0.01653
41,100,1,0.2,0.3,0.5,0.2223,0.36653,0.01424
42,100,1,0.2,0.3,0.5,0.2223,0.36129,0.01344
43,100,1,0.2,0.3,0.5,0.2223,0.35739,0.0181
44,100,1,0.2,0.3,0.5,0.2223,0.35731,0.01803
45,100,1,0.2,0.3,0.5,0.2223,0.35733,0.01641
46,100,1,0.2,0.3,0.5,0.2223,0.35981,0.01655
47,100,1,0.2,0.3,0.5,0.2223,0.36792,0.00692
48,100,1,0.2,0.3,0.5,0.2223,0.35833,0.01597
49,100,1,0.2,0.3,0.5,0.2223,0.35882,0.01696
50,100,1,0.2,0.3,0.5,0.2223,0.36111,0.01433
51,100,1,0.2,0.3,0.5,0.2223,0.36829,0.01034
52,100,1,0.2,0.3,0.5,0.2223,0.35554,0.01896
53,100,1,0.2,0.3,0.5,0.2223,0.35999,0.01438
54,100,1,0.2,0.3,0.5,0.2223,0.35572,0.01992
55,100,1,0.2,0.3,0.5,0.2223,0.36072,0.01296
56,100,1,0.2,0.3,0.5,0.2223,0.36415,0.01049
57,100,1,0.2,0.3,0.5,0.2223,0.36092,0.01661
58,100,1,0.2,0.3,0.5,0.2223,0.3606,0.01488
59,100,1,0.2,0.3,0.5,0.2223,0.35946,0.01926
60,100,1,0.2,0.3,0.5,0.2223,0.36093,0.01427
61,100,1,0.2,0.3,0.5,0.2223,0.35383,0.0206
62,100,1,0.2,0.3,0.5,0.2223,0.36174,0.01512
63,100,1,0.2,0.3,0.5,0.2223,0.35896,0.01488
64,100,1,0.2,0.3,0.5,0.2223,0.36027,0.01349
65,100,1,0.2,0.3,0.5,0.2223,0.36013,0.01367
66,100,1,0.2,0.3,0.5,0.2223,0.35889,0.01778
67,100,1,0.2,0.3,0.5,0.2223,0.36072,0.01868
68,100,1,0.2,0.3,0.5,0.2223,0.36357,0.01133
69,100,1,0.2,0.3,0.5,0.2223,0.36399,0.01697
70,100,1,0.2,0.3,0.5,0.2223,0.35718,0.01816
71,100,1,0.2,0.3,0.5,0.2223,0.3658,0.00965
72,100,1,0.2,0.3,0.5,0.2223,0.36398,0.01033
73,100,1,0.2,0.3,0.5,0.2223,0.36367,0.01118
74,100,1,0.2,0.3,0.5,0.2223,0.36119,0.01702
75,100,1,0.2,0.3,0.5,0.2223,0.35955,0.01432
76,100,1,0.2,0.3,0.5,0.2223,0.3753,0.0093
77,100,1,0.2,0.3,0.5,0.2223,0.3535,0.02331
78,100,1,0.2,0.3,0.5,0.2223,0.36155,0.01311
79,100,1,0.2,0.3,0.5,0.2223,0.35991,0.01456
80,100,1,0.2,0.3,0.5,0.2223,0.36442,0.0099
81,100,1,0.2,0.3,0.5,0.2223,0.36342,0.0128
82,100,1,0.2,0.3,0.5,0.2223,0.36123,0.01471
83,100,1,0.2,0.3,0.5,0.2223,0.35584,0.01877
84,100,1,0.2,0.3,0.5,0.2223,0.36509,0.00929
85,100,1,0.2,0.3,0.5,0.2223,0.36423,0.01177
86,100,1,0.2,0.3,0.5,0.2223,0.3562,0.01794
87,100,1,0.2,0.3,0.5,0.2223,0.36077,0.01903
88,100,1,0.2,0.3,0.5,0.2223,0.36215,0.01367
89,100,1,0.2,0.3,0.5,0.2223,0.37018,0.01047
90,100,1,0.2,0.3,0.5,0.2223,0.35867,0.01758
91,100,1,0.2,0.3,0.5,0.2223,0.35061,0.02406
92,100,1,0.2,0.3,0.5,0.2223,0.35953,0.01454
93,100,1,0.2,0.3,0.5,0.2223,0.35979,0.01539
94,100,1,0.2,0.3,0.5,0.2223,0.36372,0.0105
95,100,1,0.2,0.3,0.5,0.2223,0.35775,0.01777
96,100,1,0.2,0.3,0.5,0.2223,0.3561,0.01782
97,100,1,0.2,0.3,0.5,0.2223,0.36449,0.0122
98,100,1,0.2,0.3,0.5,0.2223,0.36543,0.01138
99,100,1,0.2,0.3,0.5,0.2223,0.36109,0.01381
0,100,1,0.2,0.3,0.5,0.18421,0.34639,0.02291
1,100,1,0.2,0.3,0.5,0.18421,0.34983,0.02125
2,100,1,0.2,0.3,0.5,0.18421,0.35433,0.01768
3,100,1,0.2,0.3,0.5,0.18421,0.35597,0.01347
4,100,1,0.2,0.3,0.5,0.18421,0.35972,0.01644
5,100,1,0.2,0.3,0.5,0.18421,0.35015,0.01888
6,100,1,0.2,0.3,0.5,0.18421,0.35721,0.02362
7,100,1,0.2,0.3,0.5,0.18421,0.34988,0.02343
8,100,1,0.2,0.3,0.5,0.18421,0.35411,0.01865
9,100,1,0.2,0.3,0.5,0.18421,0.35295,0.01822
10,100,1,0.2,0.3,0.5,0.18421,0.35165,0.02237
11,100,1,0.2,0.3,0.5,0.18421,0.3493,0.02099
12,100,1,0.2,0.3,0.5,0.18421,0.35355,0.01559
13,100,1,0.2,0.3,0.5,0.18421,0.35815,0.01643
14,100,1,0.2,0.3,0.5,0.18421,0.35446,0.01571
15,100,1,0.2,0.3,0.5,0.18421,0.36236,0.01573
16,100,1,0.2,0.3,0.5,0.18421,0.35544,0.01476
17,100,1,0.2,0.3,0.5,0.18421,0.34801,0.02278
18,100,1,0.2,0.3,0.5,0.18421,0.35544,0.01491
19,100,1,0.2,0.3,0.5,0.18421,0.36202,0.01598
20,100,1,0.2,0.3,0.5,0.18421,0.36253,0.01294
21,100,1,0.2,0.3,0.5,0.18421,0.35817,0.01543
22,100,1,0.2,0.3,0.5,0.18421,0.34917,0.02158
23,100,1,0.2,0.3,0.5,0.18421,0.35704,0.01562
24,100,1,0.2,0.3,0.5,0.18421,0.36396,0.01808
25,100,1,0.2,0.3,0.5,0.18421,0.35435,0.01632
26,100,1,0.2,0.3,0.5,0.18421,0.35226,0.01778
27,100,1,0.2,0.3,0.5,0.18421,0.36459,0.01297
28,100,1,0.2,0.3,0.5,0.18421,0.35263,0.01623
29,100,1,0.2,0.3,0.5,0.18421,0.35317,0.01859
30,100,1,0.2,0.3,0.5,0.18421,0.3561,0.01692
31,100,1,0.2,0.3,0.5,0.18421,0.35806,0.01617
32,100,1,0.2,0.3,0.5,0.18421,0.34732,0.0221
33,100,1,0.2,0.3,0.5,0.18421,0.34248,0.02796
34,100,1,0.2,0.3,0.5,0.18421,0.35661,0.01333
35,100,1,0.2,0.3,0.5,0.18421,0.36677,0.00417
36,100,1,0.2,0.3,0.5,0.18421,0.35323,0.01907
37,100,1,0.2,0.3,0.5,0.18421,0.35757,0.01335
38,100,1,0.2,0.3,0.5,0.18421,0.36239,0.00906
39,100,1,0.2,0.3,0.5,0.18421,0.34832,0.02439
40,100,1,0.2,0.3,0.5,0.18421,0.35013,0.01995
41,100,1,0.2,0.3,0.5,0.18421,0.36221,0.01835
42,100,1,0.2,0.3,0.5,0.18421,0.35472,0.01579
43,100,1,0.2,0.3,0.5,0.18421,0.34934,0.02227
44,100,1,0.2,0.3,0.5,0.18421,0.34918,0.02217
45,100,1,0.2,0.3,0.5,0.18421,0.34924,0.01956
46,100,1,0.2,0.3,0.5,0.18421,0.35277,0.02033
47,100,1,0.2,0.3,0.5,0.18421,0.36397,0.00722
48,100,1,0.2,0.3,0.5,0.18421,0.35061,0.01909
49,100,1,0.2,0.3,0.5,0.18421,0.35136,0.02078
50,100,1,0.2,0.3,0.5,0.18421,0.35454,0.0171
51,100,1,0.2,0.3,0.5,0.18421,0.36447,0.01304
52,100,1,0.2,0.3,0.5,0.18421,0.34674,0.02324
53,100,1,0.2,0.3,0.5,0.18421,0.35294,0.01685
54,100,1,0.2,0.3,0.5,0.18421,0.34703,0.02482
55,100,1,0.2,0.3,0.5,0.18421,0.35397,0.01473
56,100,1,0.2,0.3,0.5,0.18421,0.35875,0.01176
57,100,1,0.2,0.3,0.5,0.18421,0.3543,0.02071
58,100,1,0.2,0.3,0.5,0.18421,0.35382,0.01793
59,100,1,0.2,0.3,0.5,0.18421,0.35234,0.02448
60,100,1,0.2,0.3,0.5,0.18421,0.35429,0.01698
61,100,1,0.2,0.3,0.5,0.18421,0.34437,0.02551
62,100,1,0.2,0.3,0.5,0.18421,0.35545,0.01855
63,100,1,0.2,0.3,0.5,0.18421,0.35148,0.01747
64,100,1,0.2,0.3,0.5,0.18421,0.35333,0.01552
65,100,1,0.2,0.3,0.5,0.18421,0.35313,0.01579
66,100,1,0.2,0.3,0.5,0.18421,0.35147,0.02207
67,100,1,0.2,0.3,0.5,0.18421,0.35407,0.02388
68,100,1,0.2,0.3,0.5,0.18421,0.35794,0.01296
69,100,1,0.2,0.3,0.5,0.18421,0.35866,0.02187
70,100,1,0.2,0.3,0.5,0.18421,0.34905,0.02234
71,100,1,0.2,0.3,0.5,0.18421,0.36104,0.01072
72,100,1,0.2,0.3,0.5,0.18421,0.35852,0.01137
73,100,1,0.2,0.3,0.5,0.18421,0.35805,0.01276
74,100,1,0.2,0.3,0.5,0.18421,0.3547,0.02138
75,100,1,0.2,0.3,0.5,0.18421,0.35234,0.01666
76,100,1,0.2,0.3,0.5,0.18421,0.37434,0.01399
77,100,1,0.2,0.3,0.5,0.18421,0.34392,0.02972
78,100,1,0.2,0.3,0.5,0.18421,0.35508,0.01534
79,100,1,0.2,0.3,0.5,0.18421,0.35278,0.01723
80,100,1,0.2,0.3,0.5,0.18421,0.35912,0.01073
81,100,1,0.2,0.3,0.5,0.18421,0.35775,0.01533
82,100,1,0.2,0.3,0.5,0.18421,0.35469,0.01779
83,100,1,0.2,0.3,0.5,0.18421,0.34712,0.02304
84,100,1,0.2,0.3,0.5,0.18421,0.36006,0.01
85,100,1,0.2,0.3,0.5,0.18421,0.35884,0.01393
86,100,1,0.2,0.3,0.5,0.18421,0.34764,0.0218
87,100,1,0.2,0.3,0.5,0.18421,0.35419,0.02438
88,100,1,0.2,0.3,0.5,0.18421,0.35596,0.01632
89,100,1,0.2,0.3,0.5,0.18421,0.36717,0.01382
90,100,1,0.2,0.3,0.5,0.18421,0.35102,0.02172
91,100,1,0.2,0.3,0.5,0.18421,0.33987,0.03034
92,100,1,0.2,0.3,0.5,0.18421,0.3523,0.01704
93,100,1,0.2,0.3,0.5,0.18421,0.35269,0.01843
94,100,1,0.2,0.3,0.5,0.18421,0.35815,0.01154
95,100,1,0.2,0.3,0.5,0.18421,0.34982,0.02184
96,100,1,0.2,0.3,0.5,0.18421,0.34754,0.02157
97,100,1,0.2,0.3,0.5,0.18421,0.35922,0.01474
98,100,1,0.2,0.3,0.5,0.18421,0.36047,0.01373
99,100,1,0.2,0.3,0.5,0.18421,0.35448,0.01631
0,100,1,0.2,0.3,0.5,0.15264,0.33445,0.02709
1,100,1,0.2,0.3,0.5,0.15264,0.33934,0.02509
2,100,1,0.2,0.3,0.5,0.15264,0.34538,0.02085
3,100,1,0.2,0.3,0.5,0.15264,0.34767,0.01425
4,100,1,0.2,0.3,0.5,0.15264,0.35296,0.02046
5,100,1,0.2,0.3,0.5,0.15264,0.33969,0.02135
6,100,1,0.2,0.3,0.5,0.15264,0.34978,0.03038
7,100,1,0.2,0.3,0.5,0.15264,0.33947,0.02855
8,100,1,0.2,0.3,0.5,0.15264,0.34523,0.02219
9,100,1,0.2,0.3,0.5,0.15264,0.34333,0.02132
10,100,1,0.2,0.3,0.5,0.15264,0.34189,0.02741
11,100,1,0.2,0.3,0.5,0.15264,0.33851,0.0247
12,100,1,0.2,0.3,0.5,0.15264,0.34438,0.01698
13,100,1,0.2,0.3,0.5,0.15264,0.35072,0.02016
14,100,1,0.2,0.3,0.5,0.15264,0.34564,0.01757
15,100,1,0.2,0.3,0.5,0.15264,0.35666,0.02011
16,100,1,0.2,0.3,0.5,0.15264,0.34697,0.01638
17,100,1,0.2,0.3,0.5,0.15264,0.33681,0.02706
18,100,1,0.2,0.3,0.5,0.15264,0.34688,0.01675
19,100,1,0.2,0.3,0.5,0.15264,0.35619,0.02054
20,100,1,0.2,0.3,0.5,0.15264,0.35682,0.01615
21,100,1,0.2,0.3,0.5,0.15264,0.35085,0.01822
22,100,1,0.2,0.3,0.5,0.15264,0.33836,0.02558
23,100,1,0.2,0.3,0.5,0.15264,0.34926,0.01833
24,100,1,0.2,0.3,0.5,0.15264,0.35901,0.024
25,100,1,0.2,0.3,0.5,0.15264,0.34544,0.01852
26,100,1,0.2,0.3,0.5,0.15264,0.34253,0.0203
27,100,1,0.2,0.3,0.5,0.15264,0.35969,0.01705
28,100,1,0.2,0.3,0.5,0.15264,0.3431,0.01776
29,100,1,0.2,0.3,0.5,0.15264,0.34394,0.02179
30,100,1,0.2,0.3,0.5,0.15264,0.34791,0.02016
31,100,1,0.2,0.3,0.5,0.15264,0.35071,0.01948
32,100,1,0.2,0.3,0.5,0.15264,0.3358,0.02579
33,100,1,0.2,0.3,0.5,0.15264,0.3291,0.0342
34,100,1,0.2,0.3,0.5,0.15264,0.3486,0.01436
35,100,1,0.2,0.3,0.5,0.15264,0.36257,0.00618
36,100,1,0.2,0.3,0.5,0.15264,0.34401,0.02264
37,100,1,0.2,0.3,0.5,0.15264,0.34996,0.01472
38,100,1,0.2,0.3,0.5,0.15264,0.3565,0.01011
39,100,1,0.2,0.3,0.5,0.15264,0.33722,0.02967
40,100,1,0.2,0.3,0.5,0.15264,0.33964,0.02321
41,100,1,0.2,0.3,0.5,0.15264,0.35657,0.02398
42,100,1,0.2,0.3,0.5,0.15264,0.34593,0.01783
43,100,1,0.2,0.3,0.5,0.15264,0.33863,0.02668
44,100,1,0.2,0.3,0.5,0.15264,0.33833,0.02649
45,100,1,0.2,0.3,0.5,0.15264,0.33843,0.02227
46,100,1,0.2,0.3,0.5,0.15264,0.34345,0.02447
47,100,1,0.2,0.3,0.5,0.15264,0.35869,0.008
48,100,1,0.2,0.3,0.5,0.15264,0.34029,0.02193
49,100,1,0.2,0.3,0.5,0.15264,0.34145,0.02483
50,100,1,0.2,0.3,0.5,0.15264,0.3458,0.01982
51,100,1,0.2,0.3,0.5,0.15264,0.35937,0.01712
52,100,1,0.2,0.3,0.5,0.15264,0.33498,0.02756
53,100,1,0.2,0.3,0.5,0.15264,0.34353,0.01883
54,100,1,0.2,0.3,0.5,0.15264,0.33549,0.03015
55,100,1,0.2,0.3,0.5,0.15264,0.34495,0.01561
56,100,1,0.2,0.3,0.5,0.15264,0.35153,0.01272
57,100,1,0.2,0.3,0.5,0.15264,0.34554,0.02545
58,100,1,0.2,0.3,0.5,0.15264,0.34479,0.02104
59,100,1,0.2,0.3,0.5,0.15264,0.34297,0.0307
60,100,1,0.2,0.3,0.5,0.15264,0.34544,0.01956
61,100,1,0.2,0.3,0.5,0.15264,0.33176,0.03063
62,100,1,0.2,0.3,0.5,0.15264,0.3471,0.02242
63,100,1,0.2,0.3,0.5,0.15264,0.34146,0.01947
64,100,1,0.2,0.3,0.5,0.15264,0.34406,0.01677
65,100,1,0.2,0.3,0.5,0.15264,0.34377,0.01719
66,100,1,0.2,0.3,0.5,0.15264,0.34164,0.02688
67,100,1,0.2,0.3,0.5,0.15264,0.34531,0.03025
68,100,1,0.2,0.3,0.5,0.15264,0.35043,0.0143
69,100,1,0.2,0.3,0.5,0.15264,0.35166,0.02814
70,100,1,0.2,0.3,0.5,0.15264,0.33821,0.02673
71,100,1,0.2,0.3,0.5,0.15264,0.3547,0.01165
72,100,1,0.2,0.3,0.5,0.15264,0.35121,0.01182
73,100,1,0.2,0.3,0.5,0.15264,0.35053,0.01404
74,100,1,0.2,0.3,0.5,0.15264,0.34616,0.02655
75,100,1,0.2,0.3,0.5,0.15264,0.34271,0.01833
76,100,1,0.2,0.3,0.5,0.15264,0.37311,0.02171
77,100,1,0.2,0.3,0.5,0.15264,0.33118,0.03716
78,100,1,0.2,0.3,0.5,0.15264,0.34642,0.01729
79,100,1,0.2,0.3,0.5,0.15264,0.34323,0.01955
80,100,1,0.2,0.3,0.5,0.15264,0.35205,0.01084
81,100,1,0.2,0.3,0.5,0.15264,0.35022,0.01813
82,100,1,0.2,0.3,0.5,0.15264,0.34601,0.02103
83,100,1,0.2,0.3,0.5,0.15264,0.33548,0.02737
84,100,1,0.2,0.3,0.5,0.15264,0.35335,0.01019
85,100,1,0.2,0.3,0.5,0.15264,0.35166,0.0163
86,100,1,0.2,0.3,0.5,0.15264,0.33622,0.02554
87,100,1,0.2,0.3,0.5,0.15264,0.34556,0.03097
88,100,1,0.2,0.3,0.5,0.15264,0.34773,0.01902
89,100,1,0.2,0.3,0.5,0.15264,0.3632,0.01911
90,100,1,0.2,0.3,0.5,0.15264,0.3408,0.02616
91,100,1,0.2,0.3,0.5,0.15264,0.32555,0.0373
92,100,1,0.2,0.3,0.5,0.15264,0.34265,0.01901
93,100,1,0.2,0.3,0.5,0.15264,0.34327,0.02129
94,100,1,0.2,0.3,0.5,0.15264,0.35071,0.01186
95,100,1,0.2,0.3,0.5,0.15264,0.33928,0.02612
96,100,1,0.2,0.3,0.5,0.15264,0.3361,0.02509
97,100,1,0.2,0.3,0.5,0.15264,0.35222,0.01779
98,100,1,0.2,0.3,0.5,0.15264,0.35383,0.01673
99,100,1,0.2,0.3,0.5,0.15264,0.34567,0.01856
0,100,1,0.2,0.3,0.5,0.12649,0.31888,0.03159
1,100,1,0.2,0.3,0.5,0.12649,0.32575,0.02928
2,100,1,0.2,0.3,0.5,0.12649,0.33375,0.0247
3,100,1,0.2,0.3,0.5,0.12649,0.33683,0.0147
4,100,1,0.2,0.3,0.5,0.12649,0.34425,0.02627
5,100,1,0.2,0.3,0.5,0.12649,0.32607,0.02346
6,100,1,0.2,0.3,0.5,0.12649,0.34044,0.03942
7,100,1,0.2,0.3,0.5,0.12649,0.32605,0.03466
8,100,1,0.2,0.3,0.5,0.12649,0.33375,0.02651
9,100,1,0.2,0.3,0.5,0.12649,0.33071,0.02485
10,100,1,0.2,0.3,0.5,0.12649,0.32928,0.03369
11,100,1,0.2,0.3,0.5,0.12649,0.32445,0.0287
12,100,1,0.2,0.3,0.5,0.12649,0.33244,0.01788
13,100,1,0.2,0.3,0.5,0.12649,0.34109,0.02547
14,100,1,0.2,0.3,0.5,0.12649,0.33418,0.01944
15,100,1,0.2,0.3,0.5,0.12649,0.34938,0.02671
16,100,1,0.2,0.3,0.5,0.12649,0.33595,0.01808
17,100,1,0.2,0.3,0.5,0.12649,0.32227,0.03172
18,100,1,0.2,0.3,0.5,0.12649,0.33568,0.01889
19,100,1,0.2,0.3,0.5,0.12649,0.34875,0.02738
20,100,1,0.2,0.3,0.5,0.12649,0.34945,0.02146
21,100,1,0.2,0.3,0.5,0.12649,0.34141,0.02203
22,100,1,0.2,0.3,0.5,0.12649,0.32432,0.02999
23,100,1,0.2,0.3,0.5,0.12649,0.33919,0.022
24,100,1,0.2,0.3,0.5,0.12649,0.35281,0.03267
25,100,1,0.2,0.3,0.5,0.12649,0.33383,0.0209
26,100,1,0.2,0.3,0.5,0.12649,0.32982,0.02289
27,100,1,0.2,0.3,0.5,0.12649,0.35338,0.02374
28,100,1,0.2,0.3,0.5,0.12649,0.33067,0.01872
29,100,1,0.2,0.3,0.5,0.12649,0.33199,0.02556
30,100,1,0.2,0.3,0.5,0.12649,0.33728,0.02443
31,100,1,0.2,0.3,0.5,0.12649,0.34125,0.02409
32,100,1,0.2,0.3,0.5,0.12649,0.32079,0.02945
33,100,1,0.2,0.3,0.5,0.12649,0.31171,0.04132
34,100,1,0.2,0.3,0.5,0.12649,0.33818,0.01541
35,100,1,0.2,0.3,0.5,0.12649,0.35706,0.01235
36,100,1,0.2,0.3,0.5,0.12649,0.3321,0.02687
37,100,1,0.2,0.3,0.5,0.12649,0.34011,0.01648
38,100,1,0.2,0.3,0.5,0.12649,0.34879,0.01309
39,100,1,0.2,0.3,0.5,0.12649,0.32284,0.03584
40,100,1,0.2,0.3,0.5,0.12649,0.32599,0.02662
41,100,1,0.2,0.3,0.5,0.12649,0.34947,0.03213
42,100,1,0.2,0.3,0.5,0.12649,0.3345,0.02004
43,100,1,0.2,0.3,0.5,0.12649,0.32476,0.03173
44,100,1,0.2,0.3,0.5,0.12649,0.32422,0.03137
45,100,1,0.2,0.3,0.5,0.12649,0.32433,0.02469
46,100,1,0.2,0.3,0.5,0.12649,0.33144,0.02955
47,100,1,0.2,0.3,0.5,0.12649,0.35179,0.01156
48,100,1,0.2,0.3,0.5,0.12649,0.32683,0.02472
49,100,1,0.2,0.3,0.5,0.12649,0.32863,0.02955
50,100,1,0.2,0.3,0.5,0.12649,0.33448,0.02301
51,100,1,0.2,0.3,0.5,0.12649,0.35272,0.0237
52,100,1,0.2,0.3,0.5,0.12649,0.31967,0.03213
53,100,1,0.2,0.3,0.5,0.12649,0.33129,0.02057
54,100,1,0.2,0.3,0.5,0.12649,0.32056,0.03629
55,100,1,0.2,0.3,0.5,0.12649,0.33321,0.0157
56,100,1,0.2,0.3,0.5,0.12649,0.34213,0.01438
57,100,1,0.2,0.3,0.5,0.12649,0.3343,0.03145
58,100,1,0.2,0.3,0.5,0.12649,0.33309,0.02478
59,100,1,0.2,0.3,0.5,0.12649,0.33106,0.03855
60,100,1,0.2,0.3,0.5,0.12649,0.33397,0.0225
61,100,1,0.2,0.3,0.5,0.12649,0.31535,0.03621
62,100,1,0.2,0.3,0.5,0.12649,0.33635,0.02744
63,100,1,0.2,0.3,0.5,0.12649,0.32837,0.02105
64,100,1,0.2,0.3,0.5,0.12649,0.33198,0.01737
65,100,1,0.2,0.3,0.5,0.12649,0.33155,0.01803
66,100,1,0.2,0.3,0.5,0.12649,0.32894,0.03281
67,100,1,0.2,0.3,0.5,0.12649,0.33414,0.03852
68,100,1,0.2,0.3,0.5,0.12649,0.34066,0.01615
69,100,1,0.2,0.3,0.5,0.12649,0.34276,0.03656
70,100,1,0.2,0.3,0.5,0.12649,0.32415,0.03168
71,100,1,0.2,0.3,0.5,0.12649,0.34646,0.01377
72,100,1,0.2,0.3,0.5,0.12649,0.34168,0.01258
73,100,1,0.2,0.3,0.5,0.12649,0.34071,0.01587
74,100,1,0.2,0.3,0.5,0.12649,0.33523,0.03319
75,100,1,0.2,0.3,0.5,0.12649,0.33017,0.01951
76,100,1,0.2,0.3,0.5,0.12649,0.37161,0.0333
77,100,1,0.2,0.3,0.5,0.12649,0.31472,0.04615
78,100,1,0.2,0.3,0.5,0.12649,0.3351,0.0195
79,100,1,0.2,0.3,0.5,0.12649,0.33077,0.02186
80,100,1,0.2,0.3,0.5,0.12649,0.34284,0.01115
81,100,1,0.2,0.3,0.5,0.12649,0.34048,0.02199
82,100,1,0.2,0.3,0.5,0.12649,0.33476,0.02503
83,100,1,0.2,0.3,0.5,0.12649,0.32034,0.03206
84,100,1,0.2,0.3,0.5,0.12649,0.34462,0.01115
85,100,1,0.2,0.3,0.5,0.12649,0.34233,0.01981
86,100,1,0.2,0.3,0.5,0.12649,0.32132,0.02939
87,100,1,0.2,0.3,0.5,0.12649,0.33461,0.03953
88,100,1,0.2,0.3,0.5,0.12649,0.33704,0.0224
89,100,1,0.2,0.3,0.5,0.12649,0.35809,0.02736
90,100,1,0.2,0.3,0.5,0.12649,0.32749,0.03131
91,100,1,0.2,0.3,0.5,0.12649,0.30694,0.04519
92,100,1,0.2,0.3,0.5,0.12649,0.33007,0.02064
93,100,1,0.2,0.3,0.5,0.12649,0.33107,0.02429
94,100,1,0.2,0.3,0.5,0.12649,0.34103,0.01223
95,100,1,0.2,0.3,0.5,0.12649,0.32563,0.03097
96,100,1,0.2,0.3,0.5,0.12649,0.32122,0.02855
97,100,1,0.2,0.3,0.5,0.12649,0.34315,0.02229
98,100,1,0.2,0.3,0.5,0.12649,0.34517,0.02144
99,100,1,0.2,0.3,0.5,0.12649,0.33421,0.02105
0,100,1,0.2,0.3,0.5,0.10481,0.29917,0.03713
1,100,1,0.2,0.3,0.5,0.10481,0.30872,0.03443
2,100,1,0.2,0.3,0.5,0.10481,0.31911,0.03005
3,100,1,0.2,0.3,0.5,0.10481,0.32309,0.01595
4,100,1,0.2,0.3,0.5,0.10481,0.33344,0.0347
5,100,1,0.2,0.3,0.5,0.10481,0.30885,0.02571
6,100,1,0.2,0.3,0.5,0.10481,0.32925,0.05156
7,100,1,0.2,0.3,0.5,0.10481,0.30938,0.04246
8,100,1,0.2,0.3,0.5,0.10481,0.31941,0.03238
9,100,1,0.2,0.3,0.5,0.10481,0.31464,0.02956
10,100,1,0.2,0.3,0.5,0.10481,0.31357,0.04209
11,100,1,0.2,0.3,0.5,0.10481,0.30673,0.03358
12,100,1,0.2,0.3,0.5,0.10481,0.31736,0.019
13,100,1,0.2,0.3,0.5,0.10481,0.32906,0.03325
14,100,1,0.2,0.3,0.5,0.10481,0.31976,0.02217
15,100,1,0.2,0.3,0.5,0.10481,0.34043,0.03631
16,100,1,0.2,0.3,0.5,0.10481,0.32207,0.02078
17,100,1,0.2,0.3,0.5,0.10481,0.304,0.03738
18,100,1,0.2,0.3,0.5,0.10481,0.32148,0.02235
19,100,1,0.2,0.3,0.5,0.10481,0.33957,0.03721
20,100,1,0.2,0.3,0.5,0.10481,0.34025,0.02967
21,100,1,0.2,0.3,0.5,0.10481,0.32964,0.02772
22,100,1,0.2,0.3,0.5,0.10481,0.30665,0.03546
23,100,1,0.2,0.3,0.5,0.10481,0.32658,0.02757
24,100,1,0.2,0.3,0.5,0.10481,0.3454,0.04476
25,100,1,0.2,0.3,0.5,0.10481,0.31918,0.02431
26,100,1,0.2,0.3,0.5,0.10481,0.31371,0.02629
27,100,1,0.2,0.3,0.5,0.10481,0.34556,0.03366
28,100,1,0.2,0.3,0.5,0.10481,0.31495,0.01963
29,100,1,0.2,0.3,0.5,0.10481,0.31705,0.03071
30,100,1,0.2,0.3,0.5,0.10481,0.32392,0.03066
31,100,1,0.2,0.3,0.5,0.10481,0.32947,0.03084
32,100,1,0.2,0.3,0.5,0.10481,0.30183,0.03362
33,100,1,0.2,0.3,0.5,0.10481,0.28981,0.04993
34,100,1,0.2,0.3,0.5,0.10481,0.32503,0.01762
35,100,1,0.2,0.3,0.5,0.10481,0.35007,0.0218
36,100,1,0.2,0.3,0.5,0.10481,0.31721,0.03248
37,100,1,0.2,0.3,0.5,0.10481,0.32776,0.01969
38,100,1,0.2,0.3,0.5,0.10481,0.339,0.01906
39,100,1,0.2,0.3,0.5,0.10481,0.30483,0.04355
40,100,1,0.2,0.3,0.5,0.10481,0.30877,0.03076
41,100,1,0.2,0.3,0.5,0.10481,0.3409,0.04357
42,100,1,0.2,0.3,0.5,0.10481,0.32008,0.0233
43,100,1,0.2,0.3,0.5,0.10481,0.30741,0.03813
44,100,1,0.2,0.3,0.5,0.10481,0.30647,0.03746
45,100,1,0.2,0.3,0.5,0.10481,0.30651,0.02736
46,100,1,0.2,0.3,0.5,0.10481,0.31652,0.03635
47,100,1,0.2,0.3,0.5,0.10481,0.34305,0.01866
48,100,1,0.2,0.3,0.5,0.10481,0.30982,0.02805
49,100,1,0.2,0.3,0.5,0.10481,0.31257,0.03562
50,100,1,0.2,0.3,0.5,0.10481,0.32028,0.02749
51,100,1,0.2,0.3,0.5,0.10481,0.34435,0.03335
52,100,1,0.2,0.3,0.5,0.10481,0.30036,0.03748
53,100,1,0.2,0.3,0.5,0.10481,0.31586,0.02284
54,100,1,0.2,0.3,0.5,0.10481,0.30191,0.04382
55,100,1,0.2,0.3,0.5,0.10481,0.31836,0.01564
56,100,1,0.2,0.3,0.5,0.10481,0.33024,0.01823
57,100,1,0.2,0.3,0.5,0.10481,0.32037,0.03936
58,100,1,0.2,0.3,0.5,0.10481,0.3184,0.03001
59,100,1,0.2,0.3,0.5,0.10481,0.31653,0.04873
60,100,1,0.2,0.3,0.5,0.10481,0.31956,0.02657
61,100,1,0.2,0.3,0.5,0.10481,0.29466,0.04274
62,100,1,0.2,0.3,0.5,0.10481,0.32296,0.03445
63,100,1,0.2,0.3,0.5,0.10481,0.31175,0.02282
64,100,1,0.2,0.3,0.5,0.10481,0.31667,0.01785
65,100,1,0.2,0.3,0.5,0.10481,0.31609,0.01888
66,100,1,0.2,0.3,0.5,0.10481,0.31313,0.04071
67,100,1,0.2,0.3,0.5,0.10481,0.32048,0.04941
68,100,1,0.2,0.3,0.5,0.10481,0.32834,0.01971
69,100,1,0.2,0.3,0.5,0.10481,0.33184,0.04774
70,100,1,0.2,0.3,0.5,0.10481,0.30649,0.03781
71,100,1,0.2,0.3,0.5,0.10481,0.33606,0.01861
72,100,1,0.2,0.3,0.5,0.10481,0.32962,0.01533
73,100,1,0.2,0.3,0.5,0.10481,0.32826,0.01949
74,100,1,0.2,0.3,0.5,0.10481,0.32182,0.04199
75,100,1,0.2,0.3,0.5,0.10481,0.31432,0.02086
76,100,1,0.2,0.3,0.5,0.10481,0.36989,0.049
77,100,1,0.2,0.3,0.5,0.10481,0.29424,0.0574
78,100,1,0.2,0.3,0.5,0.10481,0.32078,0.0229
79,100,1,0.2,0.3,0.5,0.10481,0.31497,0.02489
80,100,1,0.2,0.3,0.5,0.10481,0.33118,0.01352
81,100,1,0.2,0.3,0.5,0.10481,0.32831,0.02783
82,100,1,0.2,0.3,0.5,0.10481,0.32069,0.03056
83,100,1,0.2,0.3,0.5,0.10481,0.30126,0.03775
84,100,1,0.2,0.3,0.5,0.10481,0.3336,0.01472
85,100,1,0.2,0.3,0.5,0.10481,0.3306,0.02547
86,100,1,0.2,0.3,0.5,0.10481,0.30249,0.03386
87,100,1,0.2,0.3,0.5,0.10481,0.32127,0.05076
88,100,1,0.2,0.3,0.5,0.10481,0.32361,0.02732
89,100,1,0.2,0.3,0.5,0.10481,0.35176,0.03903
90,100,1,0.2,0.3,0.5,0.10481,0.31072,0.03781
91,100,1,0.2,0.3,0.5,0.10481,0.28351,0.05455
92,100,1,0.2,0.3,0.5,0.10481,0.31417,0.02259
93,100,1,0.2,0.3,0.5,0.10481,0.31579,0.0281
94,100,1,0.2,0.3,0.5,0.10481,0.32878,0.01426
95,100,1,0.2,0.3,0.5,0.10481,0.30857,0.03702
96,100,1,0.2,0.3,0.5,0.10481,0.30243,0.03237
97,100,1,0.2,0.3,0.5,0.10481,0.3318,0.02913
98,100,1,0.2,0.3,0.5,0.10481,0.33424,0.0288
99,100,1,0.2,0.3,0.5,0.10481,0.31978,0.0246
0,100,1,0.2,0.3,0.5,0.08685,0.2752,0.04471
1,100,1,0.2,0.3,0.5,0.08685,0.28827,0.04115
2,100,1,0.2,0.3,0.5,0.08685,0.30146,0.03748
3,100,1,0.2,0.3,0.5,0.08685,0.30633,0.01935
4,100,1,0.2,0.3,0.5,0.08685,0.32061,0.04603
5,100,1,0.2,0.3,0.5,0.08685,0.28787,0.02895
6,100,1,0.2,0.3,0.5,0.08685,0.31667,0.06728
7,100,1,0.2,0.3,0.5,0.08685,0.28961,0.05257
8,100,1,0.2,0.3,0.5,0.08685,0.30226,0.04036
9,100,1,0.2,0.3,0.5,0.08685,0.29499,0.03631
10,100,1,0.2,0.3,0.5,0.08685,0.29484,0.05332
11,100,1,0.2,0.3,0.5,0.08685,0.28525,0.03996
12,100,1,0.2,0.3,0.5,0.08685,0.29901,0.02122
13,100,1,0.2,0.3,0.5,0.08685,0.31467,0.04386
14,100,1,0.2,0.3,0.5,0.08685,0.30228,0.02649
15,100,1,0.2,0.3,0.5,0.08685,0.32997,0.04911
16,100,1,0.2,0.3,0.5,0.08685,0.30525,0.0252
17,100,1,0.2,0.3,0.5,0.08685,0.28196,0.04479
18,100,1,0.2,0.3,0.5,0.08685,0.30416,0.02793
19,100,1,0.2,0.3,0.5,0.08685,0.32879,0.05012
20,100,1,0.2,0.3,0.5,0.08685,0.32927,0.04074
21,100,1,0.2,0.3,0.5,0.08685,0.31558,0.0356
22,100,1,0.2,0.3,0.5,0.08685,0.28527,0.04267
23,100,1,0.2,0.3,0.5,0.08685,0.31142,0.03552
24,100,1,0.2,0.3,0.5,0.08685,0.33706,0.06044
25,100,1,0.2,0.3,0.5,0.08685,0.3014,0.02962
26,100,1,0.2,0.3,0.5,0.08685,0.29406,0.03138
27,100,1,0.2,0.3,0.5,0.08685,0.33628,0.04666
28,100,1,0.2,0.3,0.5,0.08685,0.29575,0.02127
29,100,1,0.2,0.3,0.5,0.08685,0.29911,0.03799
30,100,1,0.2,0.3,0.5,0.08685,0.30779,0.03938
31,100,1,0.2,0.3,0.5,0.08685,0.31544,0.04002
32,100,1,0.2,0.3,0.5,0.08685,0.27877,0.03909
33,100,1,0.2,0.3,0.5,0.08685,0.26338,0.0607
34,100,1,0.2,0.3,0.5,0.08685,0.30907,0.02189
35,100,1,0.2,0.3,0.5,0.08685,0.3415,0.03369
36,100,1,0.2,0.3,0.5,0.08685,0.29936,0.03991
37,100,1,0.2,0.3,0.5,0.08685,0.31286,0.02488
38,100,1,0.2,0.3,0.5,0.08685,0.32699,0.0276
39,100,1,0.2,0.3,0.5,0.08685,0.28323,0.05343
40,100,1,0.2,0.3,0.5,0.08685,0.28788,0.03631
41,100,1,0.2,0.3,0.5,0.08685,0.33118,0.05857
42,100,1,0.2,0.3,0.5,0.08685,0.30264,0.02837
43,100,1,0.2,0.3,0.5,0.08685,0.28662,0.04657
44,100,1,0.2,0.3,0.5,0.08685,0.28507,0.04544
45,100,1,0.2,0.3,0.5,0.08685,0.28479,0.0311
46,100,1,0.2,0.3,0.5,0.08685,0.2988,0.04551
47,100,1,0.2,0.3,0.5,0.08685,0.33238,0.0285
48,100,1,0.2,0.3,0.5,0.08685,0.28911,0.03264
49,100,1,0.2,0.3,0.5,0.08685,0.29326,0.04357
50,100,1,0.2,0.3,0.5,0.08685,0.30316,0.0339
51,100,1,0.2,0.3,0.5,0.08685,0.33422,0.04595
52,100,1,0.2,0.3,0.5,0.08685,0.27691,0.04422
53,100,1,0.2,0.3,0.5,0.08685,0.29717,0.0267
54,100,1,0.2,0.3,0.5,0.08685,0.27959,0.05326
55,100,1,0.2,0.3,0.5,0.08685,0.30026,0.01662
56,100,1,0.2,0.3,0.5,0.08685,0.31578,0.02491
57,100,1,0.2,0.3,0.5,0.08685,0.3039,0.04954
58,100,1,0.2,0.3,0.5,0.08685,0.30071,0.03738
59,100,1,0.2,0.3,0.5,0.08685,0.29975,0.06163
60,100,1,0.2,0.3,0.5,0.08685,0.30216,0.03236
61,100,1,0.2,0.3,0.5,0.08685,0.26956,0.05076
62,100,1,0.2,0.3,0.5,0.08685,0.30702,0.04397
63,100,1,0.2,0.3,0.5,0.08685,0.29141,0.02574
64,100,1,0.2,0.3,0.5,0.08685,0.29796,0.01903
65,100,1,0.2,0.3,0.5,0.08685,0.2972,0.02057
66,100,1,0.2,0.3,0.5,0.08685,0.29434,0.05137
67,100,1,0.2,0.3,0.5,0.08685,0.30462,0.06326
68,100,1,0.2,0.3,0.5,0.08685,0.31338,0.02552
69,100,1,0.2,0.3,0.5,0.08685,0.31909,0.06177
70,100,1,0.2,0.3,0.5,0.08685,0.28517,0.04567
71,100,1,0.2,0.3,0.5,0.08685,0.32348,0.02663
72,100,1,0.2,0.3,0.5,0.08685,0.31491,0.02096
73,100,1,0.2,0.3,0.5,0.08685,0.31308,0.02553
74,100,1,0.2,0.3,0.5,0.08685,0.30618,0.05334
75,100,1,0.2,0.3,0.5,0.08685,0.29502,0.02345
76,100,1,0.2,0.3,0.5,0.08685,0.36807,0.06854
77,100,1,0.2,0.3,0.5,0.08685,0.26996,0.07158
78,100,1,0.2,0.3,0.5,0.08685,0.30332,0.02829
79,100,1,0.2,0.3,0.5,0.08685,0.29573,0.02948
80,100,1,0.2,0.3,0.5,0.08685,0.31699,0.01891
81,100,1,0.2,0.3,0.5,0.08685,0.31373,0.03604
82,100,1,0.2,0.3,0.5,0.08685,0.30381,0.03815
83,100,1,0.2,0.3,0.5,0.08685,0.27822,0.04523
84,100,1,0.2,0.3,0.5,0.08685,0.32021,0.02125
85,100,1,0.2,0.3,0.5,0.08685,0.31644,0.03358
86,100,1,0.2,0.3,0.5,0.08685,0.27957,0.0396
87,100,1,0.2,0.3,0.5,0.08685,0.30591,0.06504
88,100,1,0.2,0.3,0.5,0.08685,0.30739,0.03432
89,100,1,0.2,0.3,0.5,0.08685,0.34428,0.05391
90,100,1,0.2,0.3,0.5,0.08685,0.29048,0.04625
91,100,1,0.2,0.3,0.5,0.08685,0.25513,0.06593
92,100,1,0.2,0.3,0.5,0.08685,0.29483,0.02572
93,100,1,0.2,0.3,0.5,0.08685,0.29742,0.03337
94,100,1,0.2,0.3,0.5,0.08685,0.31387,0.01906
95,100,1,0.2,0.3,0.5,0.08685,0.28815,0.04484
96,100,1,0.2,0.3,0.5,0.08685,0.27959,0.03712
97,100,1,0.2,0.3,0.5,0.08685,0.31816,0.03853
98,100,1,0.2,0.3,0.5,0.08685,0.32102,0.0391
99,100,1,0.2,0.3,0.5,0.08685,0.3023,0.02987
0,100,1,0.2,0.3,0.5,0.07197,0.24747,0.05532
1,100,1,0.2,0.3,0.5,0.07197,0.26494,0.04983
2,100,1,0.2,0.3,0.5,0.07197,0.28124,0.04718
3,100,1,0.2,0.3,0.5,0.07197,0.28679,0.02565
4,100,1,0.2,0.3,0.5,0.07197,0.30626,0.06011
5,100,1,0.2,0.3,0.5,0.07197,0.26343,0.03406
6,100,1,0.2,0.3,0.5,0.07197,0.30373,0.08668
7,100,1,0.2,0.3,0.5,0.07197,0.26751,0.06532
8,100,1,0.2,0.3,0.5,0.07197,0.28281,0.05063
9,100,1,0.2,0.3,0.5,0.07197,0.27217,0.0458
10,100,1,0.2,0.3,0.5,0.07197,0.27383,0.06779
11,100,1,0.2,0.3,0.5,0.07197,0.26041,0.04822
12,100,1,0.2,0.3,0.5,0.07197,0.27765,0.02522
13,100,1,0.2,0.3,0.5,0.07197,0.29842,0.05715
14,100,1,0.2,0.3,0.5,0.07197,0.28207,0.03258
15,100,1,0.2,0.3,0.5,0.07197,0.31852,0.06493
16,100,1,0.2,0.3,0.5,0.07197,0.28579,0.0314
17,100,1,0.2,0.3,0.5,0.07197,0.25671,0.05456
18,100,1,0.2,0.3,0.5,0.07197,0.284,0.03586
19,100,1,0.2,0.3,0.5,0.07197,0.31686,0.06573
20,100,1,0.2,0.3,0.5,0.07197,0.31683,0.05421
21,100,1,0.2,0.3,0.5,0.07197,0.2996,0.04547
22,100,1,0.2,0.3,0.5,0.07197,0.26067,0.05204
23,100,1,0.2,0.3,0.5,0.07197,0.29407,0.04569
24,100,1,0.2,0.3,0.5,0.07197,0.32841,0.07947
25,100,1,0.2,0.3,0.5,0.07197,0.28083,0.03735
26,100,1,0.2,0.3,0.5,0.07197,0.27118,0.03882
27,100,1,0.2,0.3,0.5,0.07197,0.32586,0.06221
28,100,1,0.2,0.3,0.5,0.07197,0.27329,0.02433
29,100,1,0.2,0.3,0.5,0.07197,0.27869,0.04775
30,100,1,0.2,0.3,0.5,0.07197,0.28927,0.0506
31,100,1,0.2,0.3,0.5,0.07197,0.29954,0.05133
32,100,1,0.2,0.3,0.5,0.07197,0.25203,0.0468
33,100,1,0.2,0.3,0.5,0.07197,0.23306,0.07406
34,100,1,0.2,0.3,0.5,0.07197,0.29053,0.02822
35,100,1,0.2,0.3,0.5,0.07197,0.33142,0.04733
36,100,1,0.2,0.3,0.5,0.07197,0.27904,0.04914
37,100,1,0.2,0.3,0.5,0.07197,0.29569,0.03172
38,100,1,0.2,0.3,0.5,0.07197,0.31287,0.03779
39,100,1,0.2,0.3,0.5,0.07197,0.25869,0.06589
40,100,1,0.2,0.3,0.5,0.07197,0.26369,0.04372
41,100,1,0.2,0.3,0.5,0.07197,0.32098,0.077
42,100,1,0.2,0.3,0.5,0.07197,0.28254,0.03559
43,100,1,0.2,0.3,0.5,0.07197,0.26304,0.0575
44,100,1,0.2,0.3,0.5,0.07197,0.26058,0.05582
45,100,1,0.2,0.3,0.5,0.07197,0.25951,0.03677
46,100,1,0.2,0.3,0.5,0.07197,0.27893,0.05721
47,100,1,0.2,0.3,0.5,0.07197,0.31994,0.04033
48,100,1,0.2,0.3,0.5,0.07197,0.26502,0.03903
49,100,1,0.2,0.3,0.5,0.07197,0.27117,0.05355
50,100,1,0.2,0.3,0.5,0.07197,0.28352,0.04242
51,100,1,0.2,0.3,0.5,0.07197,0.32262,0.06109
52,100,1,0.2,0.3,0.5,0.07197,0.24976,0.05282
53,100,1,0.2,0.3,0.5,0.07197,0.27564,0.03322
54,100,1,0.2,0.3,0.5,0.07197,0.25425,0.0648
55,100,1,0.2,0.3,0.5,0.07197,0.27917,0.01986
56,100,1,0.2,0.3,0.5,0.07197,0.29898,0.03409
57,100,1,0.2,0.3,0.5,0.07197,0.28548,0.06185
58,100,1,0.2,0.3,0.5,0.07197,0.28044,0.04708
59,100,1,0.2,0.3,0.5,0.07197,0.28165,0.0772
60,100,1,0.2,0.3,0.5,0.07197,0.28211,0.03996
61,100,1,0.2,0.3,0.5,0.07197,0.24048,0.06065
62,100,1,0.2,0.3,0.5,0.07197,0.28908,0.05606
63,100,1,0.2,0.3,0.5,0.07197,0.26761,0.03093
64,100,1,0.2,0.3,0.5,0.07197,0.27603,0.02168
65,100,1,0.2,0.3,0.5,0.07197,0.27513,0.02376
66,100,1,0.2,0.3,0.5,0.07197,0.27335,0.0653
67,100,1,0.2,0.3,0.5,0.07197,0.28742,0.07996
68,100,1,0.2,0.3,0.5,0.07197,0.29602,0.03331
69,100,1,0.2,0.3,0.5,0.07197,0.30507,0.0783
70,100,1,0.2,0.3,0.5,0.07197,0.26068,0.05552
71,100,1,0.2,0.3,0.5,0.07197,0.30904,0.03774
72,100,1,0.2,0.3,0.5,0.07197,0.29778,0.02919
73,100,1,0.2,0.3,0.5,0.07197,0.29539,0.03384
74,100,1,0.2,0.3,0.5,0.07197,0.28906,0.06724
75,100,1,0.2,0.3,0.5,0.07197,0.27258,0.02839
76,100,1,0.2,0.3,0.5,0.07197,0.36636,0.09131
77,100,1,0.2,0.3,0.5,0.07197,0.24302,0.08908
78,100,1,0.2,0.3,0.5,0.07197,0.28301,0.03588
79,100,1,0.2,0.3,0.5,0.07197,0.27337,0.03628
80,100,1,0.2,0.3,0.5,0.07197,0.30046,0.02695
81,100,1,0.2,0.3,0.5,0.07197,0.29712,0.04649
82,100,1,0.2,0.3,0.5,0.07197,0.28456,0.04778
83,100,1,0.2,0.3,0.5,0.07197,0.25179,0.05526
84,100,1,0.2,0.3,0.5,0.07197,0.30463,0.02994
85,100,1,0.2,0.3,0.5,0.07197,0.30015,0.04384
86,100,1,0.2,0.3,0.5,0.07197,0.25287,0.04707
87,100,1,0.2,0.3,0.5,0.07197,0.2894,0.08226
88,100,1,0.2,0.3,0.5,0.07197,0.28873,0.0434
89,100,1,0.2,0.3,0.5,0.07197,0.33597,0.0715
90,100,1,0.2,0.3,0.5,0.07197,0.26737,0.05709
91,100,1,0.2,0.3,0.5,0.07197,0.22238,0.07968
92,100,1,0.2,0.3,0.5,0.07197,0.27235,0.03082
93,100,1,0.2,0.3,0.5,0.07197,0.27641,0.04059
94,100,1,0.2,0.3,0.5,0.07197,0.2965,0.02643
95,100,1,0.2,0.3,0.5,0.07197,0.26499,0.05475
96,100,1,0.2,0.3,0.5,0.07197,0.25298,0.0432
97,100,1,0.2,0.3,0.5,0.07197,0.30259,0.05013
98,100,1,0.2,0.3,0.5,0.07197,0.30588,0.05215
99,100,1,0.2,0.3,0.5,0.07197,0.2821,0.03702
0,100,1,0.2,0.3,0.5,0.05964,0.21745,0.06964
1,100,1,0.2,0.3,0.5,0.05964,0.23994,0.06061
2,100,1,0.2,0.3,0.5,0.05964,0.25946,0.05908
3,100,1,0.2,0.3,0.5,0.05964,0.26527,0.03513
4,100,1,0.2,0.3,0.5,0.05964,0.29138,0.07666
5,100,1,0.2,0.3,0.5,0.05964,0.23648,0.04185
6,100,1,0.2,0.3,0.5,0.05964,0.29204,0.10959
7,100,1,0.2,0.3,0.5,0.05964,0.24465,0.08082
8,100,1,0.2,0.3,0.5,0.05964,0.26215,0.06315
9,100,1,0.2,0.3,0.5,0.05964,0.2474,0.05869
10,100,1,0.2,0.3,0.5,0.05964,0.25208,0.08555
11,100,1,0.2,0.3,0.5,0.05964,0.23321,0.05836
12,100,1,0.2,0.3,0.5,0.05964,0.25404,0.03128
13,100,1,0.2,0.3,0.5,0.05964,0.2813,0.07274
14,100,1,0.2,0.3,0.5,0.05964,0.2599,0.0402
15,100,1,0.2,0.3,0.5,0.05964,0.30703,0.08349
16,100,1,0.2,0.3,0.5,0.05964,0.26442,0.03907
17,100,1,0.2,0.3,0.5,0.05964,0.22961,0.0671
18,100,1,0.2,0.3,0.5,0.05964,0.26187,0.046
19,100,1,0.2,0.3,0.5,0.05964,0.30455,0.08351
20,100,1,0.2,0.3,0.5,0.05964,0.3036,0.06958
21,100,1,0.2,0.3,0.5,0.05964,0.28248,0.05697
22,100,1,0.2,0.3,0.5,0.05964,0.234,0.0637
23,100,1,0.2,0.3,0.5,0.05964,0.27533,0.05774
24,100,1,0.2,0.3,0.5,0.05964,0.32044,0.1015
25,100,1,0.2,0.3,0.5,0.05964,0.25844,0.04784
26,100,1,0.2,0.3,0.5,0.05964,0.24605,0.04899
27,100,1,0.2,0.3,0.5,0.05964,0.31494,0.0797
28,100,1,0.2,0.3,0.5,0.05964,0.24828,0.02922
29,100,1,0.2,0.3,0.5,0.05964,0.25688,0.06003
30,100,1,0.2,0.3,0.5,0.05964,0.26925,0.06405
31,100,1,0.2,0.3,0.5,0.05964,0.28258,0.06424
32,100,1,0.2,0.3,0.5,0.05964,0.22286,0.05766
33,100,1,0.2,0.3,0.5,0.05964,0.20054,0.09008
34,100,1,0.2,0.3,0.5,0.05964,0.27008,0.03625
35,100,1,0.2,0.3,0.5,0.05964,0.32014,0.0621
36,100,1,0.2,0.3,0.5,0.05964,0.25722,0.0598
37,100,1,0.2,0.3,0.5,0.05964,0.27686,0.03963
38,100,1,0.2,0.3,0.5,0.05964,0.29704,0.04895
39,100,1,0.2,0.3,0.5,0.05964,0.23273,0.08104
40,100,1,0.2,0.3,0.5,0.05964,0.23724,0.05318
41,100,1,0.2,0.3,0.5,0.05964,0.31146,0.09862
42,100,1,0.2,0.3,0.5,0.05964,0.26071,0.04498
43,100,1,0.2,0.3,0.5,0.05964,0.23809,0.07102
44,100,1,0.2,0.3,0.5,0.05964,0.23441,0.06888
45,100,1,0.2,0.3,0.5,0.05964,0.23164,0.04493
46,100,1,0.2,0.3,0.5,0.05964,0.25819,0.0713
47,100,1,0.2,0.3,0.5,0.05964,0.3062,0.05375
48,100,1,0.2,0.3,0.5,0.05964,0.23851,0.04752
49,100,1,0.2,0.3,0.5,0.05964,0.24734,0.06533
50,100,1,0.2,0.3,0.5,0.05964,0.26228,0.05297
51,100,1,0.2,0.3,0.5,0.05964,0.31021,0.07837
52,100,1,0.2,0.3,0.5,0.05964,0.22007,0.06352
53,100,1,0.2,0.3,0.5,0.05964,0.2524,0.04327
54,100,1,0.2,0.3,0.5,0.05964,0.22727,0.07825
55,100,1,0.2,0.3,0.5,0.05964,0.25584,0.02609
56,100,1,0.2,0.3,0.5,0.05964,0.28052,0.04534
57,100,1,0.2,0.3,0.5,0.05964,0.26618,0.07586
58,100,1,0.2,0.3,0.5,0.05964,0.25858,0.05893
59,100,1,0.2,0.3,0.5,0.05964,0.26376,0.09509
60,100,1,0.2,0.3,0.5,0.05964,0.26022,0.04912
61,100,1,0.2,0.3,0.5,0.05964,0.20857,0.07245
62,100,1,0.2,0.3,0.5,0.05964,0.27025,0.07056
63,100,1,0.2,0.3,0.5,0.05964,0.24123,0.03934
64,100,1,0.2,0.3,0.5,0.05964,0.25153,0.02646
65,100,1,0.2,0.3,0.5,0.05964,0.25058,0.02883
66,100,1,0.2,0.3,0.5,0.05964,0.25185,0.0828
67,100,1,0.2,0.3,0.5,0.05964,0.27029,0.09897
68,100,1,0.2,0.3,0.5,0.05964,0.27689,0.0426
69,100,1,0.2,0.3,0.5,0.05964,0.29073,0.09675
70,100,1,0.2,0.3,0.5,0.05964,0.2341,0.06731
71,100,1,0.2,0.3,0.5,0.05964,0.29365,0.0522
72,100,1,0.2,0.3,0.5,0.05964,0.27891,0.03966
73,100,1,0.2,0.3,0.5,0.05964,0.27591,0.04418
74,100,1,0.2,0.3,0.5,0.05964,0.27184,0.08352
75,100,1,0.2,0.3,0.5,0.05964,0.24789,0.03647
76,100,1,0.2,0.3,0.5,0.05964,0.36504,0.11656
77,100,1,0.2,0.3,0.5,0.05964,0.21584,0.10992
78,100,1,0.2,0.3,0.5,0.05964,0.26065,0.04557
79,100,1,0.2,0.3,0.5,0.05964,0.24884,0.04572
80,100,1,0.2,0.3,0.5,0.05964,0.28227,0.03735
81,100,1,0.2,0.3,0.5,0.05964,0.27932,0.05891
82,100,1,0.2,0.3,0.5,0.05964,0.2639,0.05916
83,100,1,0.2,0.3,0.5,0.05964,0.22344,0.06834
84,100,1,0.2,0.3,0.5,0.05964,0.28745,0.04023
85,100,1,0.2,0.3,0.5,0.05964,0.2825,0.05583
86,100,1,0.2,0.3,0.5,0.05964,0.22334,0.05642
87,100,1,0.2,0.3,0.5,0.05964,0.27317,0.10189
88,100,1,0.2,0.3,0.5,0.05964,0.26849,0.0543
89,100,1,0.2,0.3,0.5,0.05964,0.32742,0.09125
90,100,1,0.2,0.3,0.5,0.05964,0.24276,0.07062
91,100,1,0.2,0.3,0.5,0.05964,0.18677,0.09587
92,100,1,0.2,0.3,0.5,0.05964,0.24763,0.03844
93,100,1,0.2,0.3,0.5,0.05964,0.25379,0.05018
94,100,1,0.2,0.3,0.5,0.05964,0.27733,0.03593
95,100,1,0.2,0.3,0.5,0.05964,0.24042,0.06683
96,100,1,0.2,0.3,0.5,0.05964,0.2235,0.0507
97,100,1,0.2,0.3,0.5,0.05964,0.28585,0.06344
98,100,1,0.2,0.3,0.5,0.05964,0.28972,0.06774
99,100,1,0.2,0.3,0.5,0.05964,0.26,0.04591
0,100,1,0.2,0.3,0.5,0.04942,0.18791,0.08788
1,100,1,0.2,0.3,0.5,0.04942,0.21527,0.0735
2,100,1,0.2,0.3,0.5,0.04942,0.23772,0.07309
3,100,1,0.2,0.3,0.5,0.04942,0.24322,0.04813
4,100,1,0.2,0.3,0.5,0.04942,0.27739,0.09545
5,100,1,0.2,0.3,0.5,0.04942,0.20869,0.05288
6,100,1,0.2,0.3,0.5,0.04942,0.28362,0.1357
7,100,1,0.2,0.3,0.5,0.04942,0.22346,0.09903
8,100,1,0.2,0.3,0.5,0.04942,0.24199,0.07795
9,100,1,0.2,0.3,0.5,0.04942,0.22295,0.07562
10,100,1,0.2,0.3,0.5,0.04942,0.23201,0.10639
11,100,1,0.2,0.3,0.5,0.04942,0.2053,0.07013
12,100,1,0.2,0.3,0.5,0.04942,0.22946,0.03959
13,100,1,0.2,0.3,0.5,0.04942,0.26477,0.09024
14,100,1,0.2,0.3,0.5,0.04942,0.23695,0.04907
15,100,1,0.2,0.3,0.5,0.04942,0.29682,0.10461
16,100,1,0.2,0.3,0.5,0.04942,0.24231,0.04794
17,100,1,0.2,0.3,0.5,0.04942,0.20302,0.08256
18,100,1,0.2,0.3,0.5,0.04942,0.23918,0.0582
19,100,1,0.2,0.3,0.5,0.04942,0.29294,0.10299
20,100,1,0.2,0.3,0.5,0.04942,0.29061,0.08659
21,100,1,0.2,0.3,0.5,0.04942,0.26535,0.06994
22,100,1,0.2,0.3,0.5,0.04942,0.20721,0.07754
23,100,1,0.2,0.3,0.5,0.04942,0.25646,0.0714
24,100,1,0.2,0.3,0.5,0.04942,0.3144,0.1262
25,100,1,0.2,0.3,0.5,0.04942,0.23589,0.06146
26,100,1,0.2,0.3,0.5,0.04942,0.22038,0.06204
27,100,1,0.2,0.3,0.5,0.04942,0.30441,0.09867
28,100,1,0.2,0.3,0.5,0.04942,0.22191,0.03627
29,100,1,0.2,0.3,0.5,0.04942,0.23541,0.07475
30,100,1,0.2,0.3,0.5,0.04942,0.24915,0.0794
31,100,1,0.2,0.3,0.5,0.04942,0.2657,0.07826
32,100,1,0.2,0.3,0.5,0.04942,0.19369,0.07244
33,100,1,0.2,0.3,0.5,0.04942,0.16876,0.10846
34,100,1,0.2,0.3,0.5,0.04942,0.24879,0.04586
35,100,1,0.2,0.3,0.5,0.04942,0.30823,0.07763
36,100,1,0.2,0.3,0.5,0.04942,0.23532,0.07145
37,100,1,0.2,0.3,0.5,0.04942,0.25732,0.04832
38,100,1,0.2,0.3,0.5,0.04942,0.28024,0.06081
39,100,1,0.2,0.3,0.5,0.04942,0.20783,0.09876
40,100,1,0.2,0.3,0.5,0.04942,0.21022,0.06476
41,100,1,0.2,0.3,0.5,0.04942,0.30412,0.12322
42,100,1,0.2,0.3,0.5,0.04942,0.23863,0.05663
43,100,1,0.2,0.3,0.5,0.04942,0.21401,0.08699
44,100,1,0.2,0.3,0.5,0.04942,0.20893,0.08472
45,100,1,0.2,0.3,0.5,0.04942,0.20293,0.05583
46,100,1,0.2,0.3,0.5,0.04942,0.23841,0.08747
47,100,1,0.2,0.3,0.5,0.04942,0.29203,0.06879
48,100,1,0.2,0.3,0.5,0.04942,0.21117,0.05831
49,100,1,0.2,0.3,0.5,0.04942,0.22336,0.07857
50,100,1,0.2,0.3,0.5,0.04942,0.24091,0.06554
51,100,1,0.2,0.3,0.5,0.04942,0.29811,0.09766
52,100,1,0.2,0.3,0.5,0.04942,0.18986,0.07636
53,100,1,0.2,0.3,0.5,0.04942,0.22943,0.0575
54,100,1,0.2,0.3,0.5,0.04942,0.20077,0.09321
55,100,1,0.2,0.3,0.5,0.04942,0.23161,0.03555
56,100,1,0.2,0.3,0.5,0.04942,0.26151,0.05849
57,100,1,0.2,0.3,0.5,0.04942,0.24748,0.09112
58,100,1,0.2,0.3,0.5,0.04942,0.23662,0.0726
59,100,1,0.2,0.3,0.5,0.04942,0.24805,0.11476
60,100,1,0.2,0.3,0.5,0.04942,0.23775,0.05961
61,100,1,0.2,0.3,0.5,0.04942,0.1758,0.08595
62,100,1,0.2,0.3,0.5,0.04942,0.2522,0.08727
63,100,1,0.2,0.3,0.5,0.04942,0.214,0.05161
64,100,1,0.2,0.3,0.5,0.04942,0.2257,0.03409
65,100,1,0.2,0.3,0.5,0.04942,0.22476,0.036
66,100,1,0.2,0.3,0.5,0.04942,0.23255,0.10399
67,100,1,0.2,0.3,0.5,0.04942,0.25503,0.11953
68,100,1,0.2,0.3,0.5,0.04942,0.25706,0.05318
69,100,1,0.2,0.3,0.5,0.04942,0.27744,0.11659
70,100,1,0.2,0.3,0.5,0.04942,0.20719,0.08079
71,100,1,0.2,0.3,0.5,0.04942,0.27887,0.0707
72,100,1,0.2,0.3,0.5,0.04942,0.25952,0.0524
73,100,1,0.2,0.3,0.5,0.04942,0.2559,0.05662
74,100,1,0.2,0.3,0.5,0.04942,0.25644,0.10214
75,100,1,0.2,0.3,0.5,0.04942,0.22258,0.04813
76,100,1,0.2,0.3,0.5,0.04942,0.36448,0.14355
77,100,1,0.2,0.3,0.5,0.04942,0.19236,0.13382
78,100,1,0.2,0.3,0.5,0.04942,0.2376,0.05724
79,100,1,0.2,0.3,0.5,0.04942,0.22384,0.05819
80,100,1,0.2,0.3,0.5,0.04942,0.26359,0.05035
81,100,1,0.2,0.3,0.5,0.04942,0.26163,0.07324
82,100,1,0.2,0.3,0.5,0.04942,0.24325,0.07197
83,100,1,0.2,0.3,0.5,0.04942,0.19573,0.08472
84,100,1,0.2,0.3,0.5,0.04942,0.26961,0.05201
85,100,1,0.2,0.3,0.5,0.04942,0.26466,0.06932
86,100,1,0.2,0.3,0.5,0.04942,0.19258,0.06753
87,100,1,0.2,0.3,0.5,0.04942,0.25899,0.12325
88,100,1,0.2,0.3,0.5,0.04942,0.24799,0.06677
89,100,1,0.2,0.3,0.5,0.04942,0.31957,0.11281
90,100,1,0.2,0.3,0.5,0.04942,0.21903,0.08708
91,100,1,0.2,0.3,0.5,0.04942,0.15113,0.11425
92,100,1,0.2,0.3,0.5,0.04942,0.22222,0.04892
93,100,1,0.2,0.3,0.5,0.04942,0.23123,0.06269
94,100,1,0.2,0.3,0.5,0.04942,0.25748,0.04751
95,100,1,0.2,0.3,0.5,0.04942,0.21655,0.08104
96,100,1,0.2,0.3,0.5,0.04942,0.19258,0.05947
97,100,1,0.2,0.3,0.5,0.04942,0.2691,0.07811
98,100,1,0.2,0.3,0.5,0.04942,0.27395,0.08578
99,100,1,0.2,0.3,0.5,0.04942,0.23734,0.05643
0,100,1,0.2,0.3,0.5,0.04095,0.16322,0.1098
1,100,1,0.2,0.3,0.5,0.04095,0.19357,0.08858
2,100,1,0.2,0.3,0.5,0.04095,0.21807,0.0892
3,100,1,0.2,0.3,0.5,0.04095,0.22275,0.06502
4,100,1,0.2,0.3,0.5,0.04095,0.26599,0.11632
5,100,1,0.2,0.3,0.5,0.04095,0.18254,0.06747
6,100,1,0.2,0.3,0.5,0.04095,0.28038,0.16456
7,100,1,0.2,0.3,0.5,0.04095,0.20701,0.11989
8,100,1,0.2,0.3,0.5,0.04095,0.22456,0.09518
9,100,1,0.2,0.3,0.5,0.04095,0.2023,0.09693
10,100,1,0.2,0.3,0.5,0.04095,0.21668,0.12988
11,100,1,0.2,0.3,0.5,0.04095,0.1788,0.08321
12,100,1,0.2,0.3,0.5,0.04095,0.20563,0.05042
13,100,1,0.2,0.3,0.5,0.04095,0.25058,0.10935
14,100,1,0.2,0.3,0.5,0.04095,0.21472,0.05909
15,100,1,0.2,0.3,0.5,0.04095,0.28941,0.12808
16,100,1,0.2,0.3,0.5,0.04095,0.22089,0.05801
17,100,1,0.2,0.3,0.5,0.04095,0.18025,0.10085
18,100,1,0.2,0.3,0.5,0.04095,0.21787,0.07232
19,100,1,0.2,0.3,0.5,0.04095,0.28327,0.12393
20,100,1,0.2,0.3,0.5,0.04095,0.27915,0.10527
21,100,1,0.2,0.3,0.5,0.04095,0.24958,0.08441
22,100,1,0.2,0.3,0.5,0.04095,0.18292,0.09329
23,100,1,0.2,0.3,0.5,0.04095,0.23904,0.08669
24,100,1,0.2,0.3,0.5,0.04095,0.31163,0.15336
25,100,1,0.2,0.3,0.5,0.04095,0.21559,0.07847
26,100,1,0.2,0.3,0.5,0.04095,0.19661,0.07796
27,100,1,0.2,0.3,0.5,0.04095,0.29535,0.11883
28,100,1,0.2,0.3,0.5,0.04095,0.19582,0.04574
29,100,1,0.2,0.3,0.5,0.04095,0.21648,0.09183
30,100,1,0.2,0.3,0.5,0.04095,0.23077,0.0963
31,100,1,0.2,0.3,0.5,0.04095,0.25021,0.09315
32,100,1,0.2,0.3,0.5,0.04095,0.16848,0.09167
33,100,1,0.2,0.3,0.5,0.04095,0.14219,0.12871
34,100,1,0.2,0.3,0.5,0.04095,0.22807,0.05731
35,100,1,0.2,0.3,0.5,0.04095,0.29645,0.09383
36,100,1,0.2,0.3,0.5,0.04095,0.21501,0.08372
37,100,1,0.2,0.3,0.5,0.04095,0.23824,0.05798
38,100,1,0.2,0.3,0.5,0.04095,0.26346,0.07348
39,100,1,0.2,0.3,0.5,0.04095,0.18727,0.11873
40,100,1,0.2,0.3,0.5,0.04095,0.18503,0.07854
41,100,1,0.2,0.3,0.5,0.04095,0.30055,0.15063
42,100,1,0.2,0.3,0.5,0.04095,0.21829,0.07072
43,100,1,0.2,0.3,0.5,0.04095,0.19375,0.10524
44,100,1,0.2,0.3,0.5,0.04095,0.18739,0.10325
45,100,1,0.2,0.3,0.5,0.04095,0.17583,0.06946
46,100,1,0.2,0.3,0.5,0.04095,0.22179,0.10539
47,100,1,0.2,0.3,0.5,0.04095,0.27861,0.0858
48,100,1,0.2,0.3,0.5,0.04095,0.18531,0.07161
49,100,1,0.2,0.3,0.5,0.04095,0.20122,0.09293
50,100,1,0.2,0.3,0.5,0.04095,0.22135,0.0803
51,100,1,0.2,0.3,0.5,0.04095,0.2878,0.11904
52,100,1,0.2,0.3,0.5,0.04095,0.16211,0.09128
53,100,1,0.2,0.3,0.5,0.04095,0.20959,0.07618
54,100,1,0.2,0.3,0.5,0.04095,0.17748,0.1093
55,100,1,0.2,0.3,0.5,0.04095,0.20832,0.04833
56,100,1,0.2,0.3,0.5,0.04095,0.2434,0.07342
57,100,1,0.2,0.3,0.5,0.04095,0.23108,0.10736
58,100,1,0.2,0.3,0.5,0.04095,0.21642,0.08771
59,100,1,0.2,0.3,0.5,0.04095,0.23655,0.13584
60,100,1,0.2,0.3,0.5,0.04095,0.21627,0.07135
61,100,1,0.2,0.3,0.5,0.04095,0.14507,0.10082
62,100,1,0.2,0.3,0.5,0.04095,0.23697,0.10607
63,100,1,0.2,0.3,0.5,0.04095,0.18853,0.06802
64,100,1,0.2,0.3,0.5,0.04095,0.20034,0.0453
65,100,1,0.2,0.3,0.5,0.04095,0.19934,0.04554
66,100,1,0.2,0.3,0.5,0.04095,0.21893,0.12877
67,100,1,0.2,0.3,0.5,0.04095,0.24342,0.1409
68,100,1,0.2,0.3,0.5,0.04095,0.23791,0.06518
69,100,1,0.2,0.3,0.5,0.04095,0.26674,0.13756
70,100,1,0.2,0.3,0.5,0.04095,0.18227,0.0957
71,100,1,0.2,0.3,0.5,0.04095,0.26692,0.09386
72,100,1,0.2,0.3,0.5,0.04095,0.24129,0.06774
73,100,1,0.2,0.3,0.5,0.04095,0.23709,0.07143
74,100,1,0.2,0.3,0.5,0.04095,0.24516,0.12332
75,100,1,0.2,0.3,0.5,0.04095,0.19896,0.06345
76,100,1,0.2,0.3,0.5,0.04095,0.3651,0.17171
77,100,1,0.2,0.3,0.5,0.04095,0.17774,0.16028
78,100,1,0.2,0.3,0.5,0.04095,0.21572,0.07084
79,100,1,0.2,0.3,0.5,0.04095,0.20082,0.07405
80,100,1,0.2,0.3,0.5,0.04095,0.24605,0.06641
81,100,1,0.2,0.3,0.5,0.04095,0.24571,0.08977
82,100,1,0.2,0.3,0.5,0.04095,0.22437,0.0861
83,100,1,0.2,0.3,0.5,0.04095,0.17244,0.10447
84,100,1,0.2,0.3,0.5,0.04095,0.25236,0.0655
85,100,1,0.2,0.3,0.5,0.04095,0.24816,0.0844
86,100,1,0.2,0.3,0.5,0.04095,0.16281,0.08014
87,100,1,0.2,0.3,0.5,0.04095,0.2486,0.14565
88,100,1,0.2,0.3,0.5,0.04095,0.22886,0.08063
89,100,1,0.2,0.3,0.5,0.04095,0.31353,0.13606
90,100,1,0.2,0.3,0.5,0.04095,0.19943,0.10657
91,100,1,0.2,0.3,0.5,0.04095,0.12037,0.13439
92,100,1,0.2,0.3,0.5,0.04095,0.1983,0.06237
93,100,1,0.2,0.3,0.5,0.04095,0.21105,0.07866
94,100,1,0.2,0.3,0.5,0.04095,0.23842,0.06133
95,100,1,0.2,0.3,0.5,0.04095,0.19609,0.09737
96,100,1,0.2,0.3,0.5,0.04095,0.16214,0.06935
97,100,1,0.2,0.3,0.5,0.04095,0.25375,0.09402
98,100,1,0.2,0.3,0.5,0.04095,0.26038,0.10615
99,100,1,0.2,0.3,0.5,0.04095,0.21586,0.06866
0,100,1,0.2,0.3,0.5,0.03393,0.14899,0.13485
1,100,1,0.2,0.3,0.5,0.03393,0.17792,0.10605
2,100,1,0.2,0.3,0.5,0.03393,0.20278,0.10751
3,100,1,0.2,0.3,0.5,0.03393,0.20654,0.08598
4,100,1,0.2,0.3,0.5,0.03393,0.2588,0.13909
5,100,1,0.2,0.3,0.5,0.03393,0.16141,0.08569
6,100,1,0.2,0.3,0.5,0.03393,0.28359,0.19563
7,100,1,0.2,0.3,0.5,0.03393,0.1984,0.14339
8,100,1,0.2,0.3,0.5,0.03393,0.21232,0.11508
9,100,1,0.2,0.3,0.5,0.03393,0.18972,0.12257
10,100,1,0.2,0.3,0.5,0.03393,0.20904,0.15553
11,100,1,0.2,0.3,0.5,0.03393,0.15616,0.09729
12,100,1,0.2,0.3,0.5,0.03393,0.18464,0.06413
13,100,1,0.2,0.3,0.5,0.03393,0.24047,0.12996
14,100,1,0.2,0.3,0.5,0.03393,0.19483,0.07047
15,100,1,0.2,0.3,0.5,0.03393,0.28613,0.15365
16,100,1,0.2,0.3,0.5,0.03393,0.20172,0.06961
17,100,1,0.2,0.3,0.5,0.03393,0.16516,0.12166
18,100,1,0.2,0.3,0.5,0.03393,0.20008,0.08824
19,100,1,0.2,0.3,0.5,0.03393,0.2768,0.14639
20,100,1,0.2,0.3,0.5,0.03393,0.2707,0.12601
21,100,1,0.2,0.3,0.5,0.03393,0.23656,0.10053
22,100,1,0.2,0.3,0.5,0.03393,0.1642,0.11068
23,100,1,0.2,0.3,0.5,0.03393,0.22487,0.10387
24,100,1,0.2,0.3,0.5,0.03393,0.31327,0.18279
25,100,1,0.2,0.3,0.5,0.03393,0.20044,0.09892
26,100,1,0.2,0.3,0.5,0.03393,0.17773,0.09654
27,100,1,0.2,0.3,0.5,0.03393,0.28887,0.14013
28,100,1,0.2,0.3,0.5,0.03393,0.172,0.05787
29,100,1,0.2,0.3,0.5,0.03393,0.20248,0.11122
30,100,1,0.2,0.3,0.5,0.03393,0.21598,0.11449
31,100,1,0.2,0.3,0.5,0.03393,0.23748,0.10905
32,100,1,0.2,0.3,0.5,0.03393,0.15284,0.11558
33,100,1,0.2,0.3,0.5,0.03393,0.12669,0.15035
34,100,1,0.2,0.3,0.5,0.03393,0.20964,0.0712
35,100,1,0.2,0.3,0.5,0.03393,0.28571,0.1108
36,100,1,0.2,0.3,0.5,0.03393,0.19791,0.09647
37,100,1,0.2,0.3,0.5,0.03393,0.2209,0.06923
38,100,1,0.2,0.3,0.5,0.03393,0.24793,0.08737
39,100,1,0.2,0.3,0.5,0.03393,0.17457,0.14059
40,100,1,0.2,0.3,0.5,0.03393,0.16468,0.09471
41,100,1,0.2,0.3,0.5,0.03393,0.30216,0.18067
42,100,1,0.2,0.3,0.5,0.03393,0.20197,0.08754
43,100,1,0.2,0.3,0.5,0.03393,0.18065,0.1258
44,100,1,0.2,0.3,0.5,0.03393,0.17345,0.12425
45,100,1,0.2,0.3,0.5,0.03393,0.15355,0.08568
46,100,1,0.2,0.3,0.5,0.03393,0.21044,0.12487
47,100,1,0.2,0.3,0.5,0.03393,0.26737,0.10523
48,100,1,0.2,0.3,0.5,0.03393,0.16387,0.0877
49,100,1,0.2,0.3,0.5,0.03393,0.18313,0.10831
50,100,1,0.2,0.3,0.5,0.03393,0.2058,0.09751
51,100,1,0.2,0.3,0.5,0.03393,0.28091,0.14261
52,100,1,0.2,0.3,0.5,0.03393,0.14078,0.10824
53,100,1,0.2,0.3,0.5,0.03393,0.19619,0.09906
54,100,1,0.2,0.3,0.5,0.03393,0.16053,0.1264
55,100,1,0.2,0.3,0.5,0.03393,0.18821,0.06436
56,100,1,0.2,0.3,0.5,0.03393,0.22775,0.09002
57,100,1,0.2,0.3,0.5,0.03393,0.21864,0.12456
58,100,1,0.2,0.3,0.5,0.03393,0.19989,0.10392
59,100,1,0.2,0.3,0.5,0.03393,0.231,0.15828
60,100,1,0.2,0.3,0.5,0.03393,0.1975,0.08448
61,100,1,0.2,0.3,0.5,0.03393,0.12053,0.1169
62,100,1,0.2,0.3,0.5,0.03393,0.22662,0.1269
63,100,1,0.2,0.3,0.5,0.03393,0.1684,0.08851
64,100,1,0.2,0.3,0.5,0.03393,0.17787,0.06048
65,100,1,0.2,0.3,0.5,0.03393,0.1763,0.05771
66,100,1,0.2,0.3,0.5,0.03393,0.21433,0.15681
67,100,1,0.2,0.3,0.5,0.03393,0.23685,0.1626
68,100,1,0.2,0.3,0.5,0.03393,0.22103,0.07901
69,100,1,0.2,0.3,0.5,0.03393,0.26023,0.15974
70,100,1,0.2,0.3,0.5,0.03393,0.16213,0.11196
71,100,1,0.2,0.3,0.5,0.03393,0.26034,0.12188
72,100,1,0.2,0.3,0.5,0.03393,0.22623,0.08602
73,100,1,0.2,0.3,0.5,0.03393,0.22151,0.08891
74,100,1,0.2,0.3,0.5,0.03393,0.24038,0.14764
75,100,1,0.2,0.3,0.5,0.03393,0.17996,0.08233
76,100,1,0.2,0.3,0.5,0.03393,0.3674,0.20073
77,100,1,0.2,0.3,0.5,0.03393,0.17651,0.18887
78,100,1,0.2,0.3,0.5,0.03393,0.19711,0.08636
79,100,1,0.2,0.3,0.5,0.03393,0.18288,0.0935
80,100,1,0.2,0.3,0.5,0.03393,0.2316,0.0858
81,100,1,0.2,0.3,0.5,0.03393,0.23351,0.10897
82,100,1,0.2,0.3,0.5,0.03393,0.20917,0.10176
83,100,1,0.2,0.3,0.5,0.03393,0.1584,0.12756
84,100,1,0.2,0.3,0.5,0.03393,0.23714,0.08104
85,100,1,0.2,0.3,0.5,0.03393,0.23473,0.10145
86,100,1,0.2,0.3,0.5,0.03393,0.13687,0.09404
87,100,1,0.2,0.3,0.5,0.03393,0.24339,0.16871
88,100,1,0.2,0.3,0.5,0.03393,0.21278,0.09578
89,100,1,0.2,0.3,0.5,0.03393,0.31056,0.16112
90,100,1,0.2,0.3,0.5,0.03393,0.18758,0.12903
91,100,1,0.2,0.3,0.5,0.03393,0.10223,0.15583
92,100,1,0.2,0.3,0.5,0.03393,0.17845,0.07866
93,100,1,0.2,0.3,0.5,0.03393,0.19599,0.09843
94,100,1,0.2,0.3,0.5,0.03393,0.22187,0.0775
95,100,1,0.2,0.3,0.5,0.03393,0.18203,0.11589
96,100,1,0.2,0.3,0.5,0.03393,0.13464,0.08043
97,100,1,0.2,0.3,0.5,0.03393,0.24137,0.11136
98,100,1,0.2,0.3,0.5,0.03393,0.25083,0.1286
99,100,1,0.2,0.3,0.5,0.03393,0.19754,0.08282
0,100,1,0.2,0.3,0.5,0.02812,0.14977,0.16244
1,100,1,0.2,0.3,0.5,0.02812,0.17119,0.12622
2,100,1,0.2,0.3,0.5,0.02812,0.19408,0.12823
3,100,1,0.2,0.3,0.5,0.02812,0.19743,0.1108
4,100,1,0.2,0.3,0.5,0.02812,0.25698,0.16356
5,100,1,0.2,0.3,0.5,0.02812,0.14934,0.10758
6,100,1,0.2,0.3,0.5,0.02812,0.29353,0.22836
7,100,1,0.2,0.3,0.5,0.02812,0.1998,0.1695
8,100,1,0.2,0.3,0.5,0.02812,0.20754,0.13792
9,100,1,0.2,0.3,0.5,0.02812,0.18887,0.15212
10,100,1,0.2,0.3,0.5,0.02812,0.2109,0.18288
11,100,1,0.2,0.3,0.5,0.02812,0.14,0.11233
12,100,1,0.2,0.3,0.5,0.02812,0.16894,0.08108
13,100,1,0.2,0.3,0.5,0.02812,0.23596,0.15225
14,100,1,0.2,0.3,0.5,0.02812,0.17905,0.08378
15,100,1,0.2,0.3,0.5,0.02812,0.28786,0.18103
16,100,1,0.2,0.3,0.5,0.02812,0.18653,0.08336
17,100,1,0.2,0.3,0.5,0.02812,0.16097,0.14468
18,100,1,0.2,0.3,0.5,0.02812,0.18787,0.10592
19,100,1,0.2,0.3,0.5,0.02812,0.27477,0.1707
20,100,1,0.2,0.3,0.5,0.02812,0.26682,0.14945
21,100,1,0.2,0.3,0.5,0.02812,0.22757,0.11848
22,100,1,0.2,0.3,0.5,0.02812,0.15392,0.12944
23,100,1,0.2,0.3,0.5,0.02812,0.21579,0.12337
24,100,1,0.2,0.3,0.5,0.02812,0.32008,0.21432
25,100,1,0.2,0.3,0.5,0.02812,0.19318,0.12263
26,100,1,0.2,0.3,0.5,0.02812,0.16668,0.11745
27,100,1,0.2,0.3,0.5,0.02812,0.28601,0.16277
28,100,1,0.2,0.3,0.5,0.02812,0.1529,0.07297
29,100,1,0.2,0.3,0.5,0.02812,0.19557,0.13296
30,100,1,0.2,0.3,0.5,0.02812,0.20649,0.13387
31,100,1,0.2,0.3,0.5,0.02812,0.22891,0.12655
32,100,1,0.2,0.3,0.5,0.02812,0.15235,0.1441
33,100,1,0.2,0.3,0.5,0.02812,0.12699,0.17316
34,100,1,0.2,0.3,0.5,0.02812,0.1955,0.08834
35,100,1,0.2,0.3,0.5,0.02812,0.27695,0.12878
36,100,1,0.2,0.3,0.5,0.02812,0.18534,0.10974
37,100,1,0.2,0.3,0.5,0.02812,0.20676,0.08303
38,100,1,0.2,0.3,0.5,0.02812,0.23502,0.10298
39,100,1,0.2,0.3,0.5,0.02812,0.17226,0.16398
40,100,1,0.2,0.3,0.5,0.02812,0.15255,0.11357
41,100,1,0.2,0.3,0.5,0.02812,0.30978,0.21312
42,100,1,0.2,0.3,0.5,0.02812,0.19202,0.1074
43,100,1,0.2,0.3,0.5,0.02812,0.17776,0.14904
44,100,1,0.2,0.3,0.5,0.02812,0.16993,0.14736
45,100,1,0.2,0.3,0.5,0.02812,0.13975,0.10446
46,100,1,0.2,0.3,0.5,0.02812,0.2061,0.14607
47,100,1,0.2,0.3,0.5,0.02812,0.25985,0.12745
48,100,1,0.2,0.3,0.5,0.02812,0.15036,0.10694
49,100,1,0.2,0.3,0.5,0.02812,0.1713,0.1249
50,100,1,0.2,0.3,0.5,0.02812,0.19648,0.11751
51,100,1,0.2,0.3,0.5,0.02812,0.27886,0.16839
52,100,1,0.2,0.3,0.5,0.02812,0.13026,0.12728
53,100,1,0.2,0.3,0.5,0.02812,0.19209,0.12554
54,100,1,0.2,0.3,0.5,0.02812,0.15291,0.14482
55,100,1,0.2,0.3,0.5,0.02812,0.17372,0.08348
56,100,1,0.2,0.3,0.5,0.02812,0.21597,0.1081
57,100,1,0.2,0.3,0.5,0.02812,0.21163,0.14303
58,100,1,0.2,0.3,0.5,0.02812,0.18862,0.121
59,100,1,0.2,0.3,0.5,0.02812,0.23263,0.1824
60,100,1,0.2,0.3,0.5,0.02812,0.18325,0.0994
61,100,1,0.2,0.3,0.5,0.02812,0.10759,0.13427
62,100,1,0.2,0.3,0.5,0.02812,0.22277,0.14978
63,100,1,0.2,0.3,0.5,0.02812,0.1577,0.11276
64,100,1,0.2,0.3,0.5,0.02812,0.16129,0.0797
65,100,1,0.2,0.3,0.5,0.02812,0.15797,0.07272
66,100,1,0.2,0.3,0.5,0.02812,0.22056,0.1876
67,100,1,0.2,0.3,0.5,0.02812,0.23616,0.18458
68,100,1,0.2,0.3,0.5,0.02812,0.20814,0.09524
69,100,1,0.2,0.3,0.5,0.02812,0.25929,0.18354
70,100,1,0.2,0.3,0.5,0.02812,0.1498,0.12979
71,100,1,0.2,0.3,0.5,0.02812,0.26132,0.15436
72,100,1,0.2,0.3,0.5,0.02812,0.21652,0.10759
73,100,1,0.2,0.3,0.5,0.02812,0.21118,0.10917
74,100,1,0.2,0.3,0.5,0.02812,0.24407,0.17577
75,100,1,0.2,0.3,0.5,0.02812,0.16871,0.10451
76,100,1,0.2,0.3,0.5,0.02812,0.37196,0.23054
77,100,1,0.2,0.3,0.5,0.02812,0.18977,0.21921
78,100,1,0.2,0.3,0.5,0.02812,0.18394,0.1039
79,100,1,0.2,0.3,0.5,0.02812,0.17335,0.11662
80,100,1,0.2,0.3,0.5,0.02812,0.2222,0.10847
81,100,1,0.2,0.3,0.5,0.02812,0.22696,0.1313
82,100,1,0.2,0.3,0.5,0.02812,0.19952,0.11943
83,100,1,0.2,0.3,0.5,0.02812,0.15787,0.15399
84,100,1,0.2,0.3,0.5,0.02812,0.22545,0.09893
85,100,1,0.2,0.3,0.5,0.02812,0.2262,0.12106
86,100,1,0.2,0.3,0.5,0.02812,0.11841,0.1093
87,100,1,0.2,0.3,0.5,0.02812,0.24424,0.19252
88,100,1,0.2,0.3,0.5,0.02812,0.20127,0.11229
89,100,1,0.2,0.3,0.5,0.02812,0.31182,0.18825
90,100,1,0.2,0.3,0.5,0.02812,0.18633,0.15429
91,100,1,0.2,0.3,0.5,0.02812,0.10401,0.17817
92,100,1,0.2,0.3,0.5,0.02812,0.1653,0.09748
93,100,1,0.2,0.3,0.5,0.02812,0.18877,0.12192
94,100,1,0.2,0.3,0.5,0.02812,0.2095,0.09598
95,100,1,0.2,0.3,0.5,0.02812,0.17688,0.13673
96,100,1,0.2,0.3,0.5,0.02812,0.11355,0.09323
97,100,1,0.2,0.3,0.5,0.02812,0.23349,0.13056
98,100,1,0.2,0.3,0.5,0.02812,0.24666,0.15275
99,100,1,0.2,0.3,0.5,0.02812,0.18443,0.09925
0,100,1,0.2,0.3,0.5,0.0233,0.16565,0.19215
1,100,1,0.2,0.3,0.5,0.0233,0.17505,0.14947
2,100,1,0.2,0.3,0.5,0.0233,0.19378,0.1517
3,100,1,0.2,0.3,0.5,0.0233,0.19757,0.13893
4,100,1,0.2,0.3,0.5,0.0233,0.2611,0.18963
5,100,1,0.2,0.3,0.5,0.0233,0.14984,0.13315
6,100,1,0.2,0.3,0.5,0.0233,0.30967,0.26228
7,100,1,0.2,0.3,0.5,0.0233,0.21164,0.19826
8,100,1,0.2,0.3,0.5,0.0233,0.21165,0.16396
9,100,1,0.2,0.3,0.5,0.0233,0.20101,0.1851
10,100,1,0.2,0.3,0.5,0.0233,0.22233,0.21165
11,100,1,0.2,0.3,0.5,0.0233,0.13275,0.1286
12,100,1,0.2,0.3,0.5,0.0233,0.1611,0.1016
13,100,1,0.2,0.3,0.5,0.0233,0.23814,0.1766
14,100,1,0.2,0.3,0.5,0.0233,0.16928,0.09982
15,100,1,0.2,0.3,0.5,0.0233,0.295,0.21006
16,100,1,0.2,0.3,0.5,0.0233,0.17718,0.10015
17,100,1,0.2,0.3,0.5,0.0233,0.16868,0.16974
18,100,1,0.2,0.3,0.5,0.0233,0.1829,0.12552
19,100,1,0.2,0.3,0.5,0.0233,0.27828,0.19732
20,100,1,0.2,0.3,0.5,0.0233,0.26908,0.17631
21,100,1,0.2,0.3,0.5,0.0233,0.22363,0.13844
22,100,1,0.2,0.3,0.5,0.0233,0.1537,0.14947
23,100,1,0.2,0.3,0.5,0.0233,0.21345,0.14562
24,100,1,0.2,0.3,0.5,0.0233,0.33231,0.24776
25,100,1,0.2,0.3,0.5,0.0233,0.19559,0.14939
26,100,1,0.2,0.3,0.5,0.0233,0.16546,0.1404
27,100,1,0.2,0.3,0.5,0.0233,0.28768,0.18716
28,100,1,0.2,0.3,0.5,0.0233,0.14148,0.0915
29,100,1,0.2,0.3,0.5,0.0233,0.19724,0.1573
30,100,1,0.2,0.3,0.5,0.0233,0.20356,0.15454
31,100,1,0.2,0.3,0.5,0.0233,0.22596,0.14665
32,100,1,0.2,0.3,0.5,0.0233,0.1686,0.17689
33,100,1,0.2,0.3,0.5,0.0233,0.14255,0.1972
34,100,1,0.2,0.3,0.5,0.0233,0.188,0.10948
35,100,1,0.2,0.3,0.5,0.0233,0.27109,0.14804
36,100,1,0.2,0.3,0.5,0.0233,0.17822,0.1238
37,100,1,0.2,0.3,0.5,0.0233,0.19755,0.10046
38,100,1,0.2,0.3,0.5,0.0233,0.22609,0.12076
39,100,1,0.2,0.3,0.5,0.0233,0.18066,0.18871
40,100,1,0.2,0.3,0.5,0.0233,0.15147,0.13551
41,100,1,0.2,0.3,0.5,0.0233,0.32363,0.24775
42,100,1,0.2,0.3,0.5,0.0233,0.19051,0.13069
43,100,1,0.2,0.3,0.5,0.0233,0.18676,0.17566
44,100,1,0.2,0.3,0.5,0.0233,0.17739,0.17229
45,100,1,0.2,0.3,0.5,0.0233,0.13758,0.12587
46,100,1,0.2,0.3,0.5,0.0233,0.20983,0.16947
47,100,1,0.2,0.3,0.5,0.0233,0.25749,0.15264
48,100,1,0.2,0.3,0.5,0.0233,0.14809,0.12971
49,100,1,0.2,0.3,0.5,0.0233,0.16759,0.14321
50,100,1,0.2,0.3,0.5,0.0233,0.1952,0.14057
51,100,1,0.2,0.3,0.5,0.0233,0.28257,0.19622
52,100,1,0.2,0.3,0.5,0.0233,0.13332,0.14849
53,100,1,0.2,0.3,0.5,0.0233,0.19847,0.15492
54,100,1,0.2,0.3,0.5,0.0233,0.15646,0.16521
55,100,1,0.2,0.3,0.5,0.0233,0.16708,0.1055
56,100,1,0.2,0.3,0.5,0.0233,0.20915,0.12748
57,100,1,0.2,0.3,0.5,0.0233,0.21122,0.16333
58,100,1,0.2,0.3,0.5,0.0233,0.18372,0.13889
59,100,1,0.2,0.3,0.5,0.0233,0.24208,0.20887
60,100,1,0.2,0.3,0.5,0.0233,0.17539,0.11675
61,100,1,0.2,0.3,0.5,0.0233,0.11042,0.15329
62,100,1,0.2,0.3,0.5,0.0233,0.22633,0.17479
63,100,1,0.2,0.3,0.5,0.0233,0.15951,0.14037
64,100,1,0.2,0.3,0.5,0.0233,0.1538,0.10274
65,100,1,0.2,0.3,0.5,0.0233,0.14685,0.09074
66,100,1,0.2,0.3,0.5,0.0233,0.23711,0.22066
67,100,1,0.2,0.3,0.5,0.0233,0.24161,0.20717
68,100,1,0.2,0.3,0.5,0.0233,0.201,0.11448
69,100,1,0.2,0.3,0.5,0.0233,0.26496,0.20954
70,100,1,0.2,0.3,0.5,0.0233,0.14795,0.14965
71,100,1,0.2,0.3,0.5,0.0233,0.27095,0.19053
72,100,1,0.2,0.3,0.5,0.0233,0.21415,0.13278
73,100,1,0.2,0.3,0.5,0.0233,0.2077,0.13217
74,100,1,0.2,0.3,0.5,0.0233,0.25735,0.2083
75,100,1,0.2,0.3,0.5,0.0233,0.16769,0.12978
76,100,1,0.2,0.3,0.5,0.0233,0.37948,0.26139
77,100,1,0.2,0.3,0.5,0.0233,0.2147,0.25104
78,100,1,0.2,0.3,0.5,0.0233,0.17813,0.1237
79,100,1,0.2,0.3,0.5,0.0233,0.17477,0.14333
80,100,1,0.2,0.3,0.5,0.0233,0.21948,0.13411
81,100,1,0.2,0.3,0.5,0.0233,0.2277,0.15702
82,100,1,0.2,0.3,0.5,0.0233,0.19704,0.13972
83,100,1,0.2,0.3,0.5,0.0233,0.172,0.18376
84,100,1,0.2,0.3,0.5,0.0233,0.21875,0.11945
85,100,1,0.2,0.3,0.5,0.0233,0.22428,0.14388
86,100,1,0.2,0.3,0.5,0.0233,0.11147,0.12627
87,100,1,0.2,0.3,0.5,0.0233,0.25173,0.21768
88,100,1,0.2,0.3,0.5,0.0233,0.19562,0.13047
89,100,1,0.2,0.3,0.5,0.0233,0.3183,0.21779
90,100,1,0.2,0.3,0.5,0.0233,0.1964,0.18219
91,100,1,0.2,0.3,0.5,0.0233,0.12366,0.20119
92,100,1,0.2,0.3,0.5,0.0233,0.16089,0.11861
93,100,1,0.2,0.3,0.5,0.0233,0.19116,0.14879
94,100,1,0.2,0.3,0.5,0.0233,0.2028,0.11673
95,100,1,0.2,0.3,0.5,0.0233,0.18181,0.16004
96,100,1,0.2,0.3,0.5,0.0233,0.10354,0.10861
97,100,1,0.2,0.3,0.5,0.0233,0.23155,0.15231
98,100,1,0.2,0.3,0.5,0.0233,0.2485,0.17821
99,100,1,0.2,0.3,0.5,0.0233,0.17849,0.11844
0,100,1,0.2,0.3,0.5,0.01931,0.1928,0.22387
1,100,1,0.2,0.3,0.5,0.01931,0.1893,0.17608
2,100,1,0.2,0.3,0.5,0.01931,0.20283,0.1783
3,100,1,0.2,0.3,0.5,0.01931,0.20742,0.16962
4,100,1,0.2,0.3,0.5,0.01931,0.2713,0.21738
5,100,1,0.2,0.3,0.5,0.01931,0.16379,0.16244
6,100,1,0.2,0.3,0.5,0.01931,0.3311,0.29708
7,100,1,0.2,0.3,0.5,0.01931,0.23278,0.22978
8,100,1,0.2,0.3,0.5,0.01931,0.22498,0.19339
9,100,1,0.2,0.3,0.5,0.01931,0.22469,0.22133
10,100,1,0.2,0.3,0.5,0.01931,0.24196,0.24169
11,100,1,0.2,0.3,0.5,0.01931,0.13586,0.14673
12,100,1,0.2,0.3,0.5,0.01931,0.16322,0.12593
13,100,1,0.2,0.3,0.5,0.01931,0.24763,0.20351
14,100,1,0.2,0.3,0.5,0.01931,0.16743,0.11947
15,100,1,0.2,0.3,0.5,0.01931,0.30764,0.24087
16,100,1,0.2,0.3,0.5,0.01931,0.17566,0.12089
17,100,1,0.2,0.3,0.5,0.01931,0.18685,0.19704
18,100,1,0.2,0.3,0.5,0.01931,0.18611,0.1475
19,100,1,0.2,0.3,0.5,0.01931,0.28815,0.22667
20,100,1,0.2,0.3,0.5,0.01931,0.27876,0.20718
21,100,1,0.2,0.3,0.5,0.01931,0.22559,0.16074
22,100,1,0.2,0.3,0.5,0.01931,0.16312,0.17085
23,100,1,0.2,0.3,0.5,0.01931,0.21897,0.17096
24,100,1,0.2,0.3,0.5,0.01931,0.34982,0.28294
25,100,1,0.2,0.3,0.5,0.01931,0.20793,0.17928
26,100,1,0.2,0.3,0.5,0.01931,0.17421,0.16531
27,100,1,0.2,0.3,0.5,0.01931,0.29465,0.21385
28,100,1,0.2,0.3,0.5,0.01931,0.14077,0.11412
29,100,1,0.2,0.3,0.5,0.01931,0.20805,0.18465
30,100,1,0.2,0.3,0.5,0.01931,0.20784,0.17676
31,100,1,0.2,0.3,0.5,0.01931,0.23011,0.17045
32,100,1,0.2,0.3,0.5,0.01931,0.19823,0.21348
33,100,1,0.2,0.3,0.5,0.01931,0.16864,0.22274
34,100,1,0.2,0.3,0.5,0.01931,0.18942,0.13517
35,100,1,0.2,0.3,0.5,0.01931,0.26901,0.16877
36,100,1,0.2,0.3,0.5,0.01931,0.17704,0.13916
37,100,1,0.2,0.3,0.5,0.01931,0.19532,0.12258
38,100,1,0.2,0.3,0.5,0.01931,0.2225,0.14098
39,100,1,0.2,0.3,0.5,0.01931,0.19801,0.21475
40,100,1,0.2,0.3,0.5,0.01931,0.16237,0.16098
41,100,1,0.2,0.3,0.5,0.01931,0.34342,0.28434
42,100,1,0.2,0.3,0.5,0.01931,0.19877,0.15786
43,100,1,0.2,0.3,0.5,0.01931,0.20734,0.20639
44,100,1,0.2,0.3,0.5,0.01931,0.1942,0.19897
45,100,1,0.2,0.3,0.5,0.01931,0.14781,0.15026
46,100,1,0.2,0.3,0.5,0.01931,0.22203,0.19583
47,100,1,0.2,0.3,0.5,0.01931,0.26143,0.18078
48,100,1,0.2,0.3,0.5,0.01931,0.15849,0.15637
49,100,1,0.2,0.3,0.5,0.01931,0.17311,0.16404
50,100,1,0.2,0.3,0.5,0.01931,0.20284,0.1668
51,100,1,0.2,0.3,0.5,0.01931,0.29227,0.22577
52,100,1,0.2,0.3,0.5,0.01931,0.14896,0.17213
53,100,1,0.2,0.3,0.5,0.01931,0.21446,0.18661
54,100,1,0.2,0.3,0.5,0.01931,0.17106,0.1884
55,100,1,0.2,0.3,0.5,0.01931,0.16969,0.1303
56,100,1,0.2,0.3,0.5,0.01931,0.20798,0.14814
57,100,1,0.2,0.3,0.5,0.01931,0.21824,0.18614
58,100,1,0.2,0.3,0.5,0.01931,0.18558,0.15778
59,100,1,0.2,0.3,0.5,0.01931,0.25942,0.23836
60,100,1,0.2,0.3,0.5,0.01931,0.17576,0.13739
61,100,1,0.2,0.3,0.5,0.01931,0.12775,0.17455
62,100,1,0.2,0.3,0.5,0.01931,0.23737,0.20211
63,100,1,0.2,0.3,0.5,0.01931,0.17405,0.17102
64,100,1,0.2,0.3,0.5,0.01931,0.15758,0.12933
65,100,1,0.2,0.3,0.5,0.01931,0.14509,0.11186
66,100,1,0.2,0.3,0.5,0.01931,0.26198,0.25559
67,100,1,0.2,0.3,0.5,0.01931,0.2531,0.23094
68,100,1,0.2,0.3,0.5,0.01931,0.20117,0.13716
69,100,1,0.2,0.3,0.5,0.01931,0.27785,0.23838
70,100,1,0.2,0.3,0.5,0.01931,0.15757,0.17216
71,100,1,0.2,0.3,0.5,0.01931,0.28897,0.22946
72,100,1,0.2,0.3,0.5,0.01931,0.22065,0.16197
73,100,1,0.2,0.3,0.5,0.01931,0.21195,0.15776
74,100,1,0.2,0.3,0.5,0.01931,0.28024,0.24547
75,100,1,0.2,0.3,0.5,0.01931,0.17765,0.15807
76,100,1,0.2,0.3,0.5,0.01931,0.39073,0.29362
77,100,1,0.2,0.3,0.5,0.01931,0.24715,0.28424
78,100,1,0.2,0.3,0.5,0.01931,0.18098,0.14614
79,100,1,0.2,0.3,0.5,0.01931,0.18773,0.17358
80,100,1,0.2,0.3,0.5,0.01931,0.22433,0.16231
81,100,1,0.2,0.3,0.5,0.01931,0.23657,0.18613
82,100,1,0.2,0.3,0.5,0.01931,0.20273,0.16319
83,100,1,0.2,0.3,0.5,0.01931,0.19822,0.21686
84,100,1,0.2,0.3,0.5,0.01931,0.21846,0.14302
85,100,1,0.2,0.3,0.5,0.01931,0.2303,0.17048
86,100,1,0.2,0.3,0.5,0.01931,0.11812,0.14561
87,100,1,0.2,0.3,0.5,0.01931,0.26629,0.24509
88,100,1,0.2,0.3,0.5,0.01931,0.19688,0.15102
89,100,1,0.2,0.3,0.5,0.01931,0.33065,0.25005
90,100,1,0.2,0.3,0.5,0.01931,0.21639,0.21271
91,100,1,0.2,0.3,0.5,0.01931,0.15301,0.22495
92,100,1,0.2,0.3,0.5,0.01931,0.16605,0.1421
93,100,1,0.2,0.3,0.5,0.01931,0.20332,0.17859
94,100,1,0.2,0.3,0.5,0.01931,0.20285,0.13969
95,100,1,0.2,0.3,0.5,0.01931,0.19627,0.18607
96,100,1,0.2,0.3,0.5,0.01931,0.10838,0.12762
97,100,1,0.2,0.3,0.5,0.01931,0.23681,0.17734
98,100,1,0.2,0.3,0.5,0.01931,0.25623,0.20465
99,100,1,0.2,0.3,0.5,0.01931,0.18121,0.14101
0,100,1,0.2,0.3,0.5,0.016,0.22718,0.25757
1,100,1,0.2,0.3,0.5,0.016,0.21244,0.20635
2,100,1,0.2,0.3,0.5,0.016,0.22108,0.20839
3,100,1,0.2,0.3,0.5,0.016,0.2257,0.20215
4,100,1,0.2,0.3,0.5,0.016,0.28749,0.24723
5,100,1,0.2,0.3,0.5,0.016,0.18919,0.19547
6,100,1,0.2,0.3,0.5,0.016,0.35701,0.33294
7,100,1,0.2,0.3,0.5,0.016,0.26157,0.26421
8,100,1,0.2,0.3,0.5,0.016,0.24689,0.2265
9,100,1,0.2,0.3,0.5,0.016,0.25741,0.2606
10,100,1,0.2,0.3,0.5,0.016,0.26805,0.27335
11,100,1,0.2,0.3,0.5,0.016,0.14925,0.16749
12,100,1,0.2,0.3,0.5,0.016,0.17605,0.15432
13,100,1,0.2,0.3,0.5,0.016,0.26456,0.23362
14,100,1,0.2,0.3,0.5,0.016,0.17482,0.14335
15,100,1,0.2,0.3,0.5,0.016,0.32585,0.27386
16,100,1,0.2,0.3,0.5,0.016,0.18352,0.14644
17,100,1,0.2,0.3,0.5,0.016,0.21328,0.22693
18,100,1,0.2,0.3,0.5,0.016,0.19774,0.17242
19,100,1,0.2,0.3,0.5,0.016,0.30465,0.25894
20,100,1,0.2,0.3,0.5,0.016,0.29657,0.24247
21,100,1,0.2,0.3,0.5,0.016,0.23416,0.18603
22,100,1,0.2,0.3,0.5,0.016,0.1804,0.19378
23,100,1,0.2,0.3,0.5,0.016,0.23264,0.19958
24,100,1,0.2,0.3,0.5,0.016,0.37223,0.31975
25,100,1,0.2,0.3,0.5,0.016,0.22941,0.21244
26,100,1,0.2,0.3,0.5,0.016,0.19148,0.19194
27,100,1,0.2,0.3,0.5,0.016,0.30747,0.24328
28,100,1,0.2,0.3,0.5,0.016,0.15237,0.14121
29,100,1,0.2,0.3,0.5,0.016,0.22769,0.21544
30,100,1,0.2,0.3,0.5,0.016,0.21935,0.20108
31,100,1,0.2,0.3,0.5,0.016,0.24263,0.19901
32,100,1,0.2,0.3,0.5,0.016,0.23667,0.25344
33,100,1,0.2,0.3,0.5,0.016,0.20089,0.25003
34,100,1,0.2,0.3,0.5,0.016,0.20124,0.16581
35,100,1,0.2,0.3,0.5,0.016,0.27145,0.1915
36,100,1,0.2,0.3,0.5,0.016,0.18209,0.15645
37,100,1,0.2,0.3,0.5,0.016,0.2023,0.1505
38,100,1,0.2,0.3,0.5,0.016,0.22541,0.16429
39,100,1,0.2,0.3,0.5,0.016,0.22189,0.24199
40,100,1,0.2,0.3,0.5,0.016,0.18396,0.19013
41,100,1,0.2,0.3,0.5,0.016,0.36854,0.32276
42,100,1,0.2,0.3,0.5,0.016,0.21711,0.18967
43,100,1,0.2,0.3,0.5,0.016,0.23782,0.24178
44,100,1,0.2,0.3,0.5,0.016,0.21805,0.22743
45,100,1,0.2,0.3,0.5,0.016,0.16855,0.17751
46,100,1,0.2,0.3,0.5,0.016,0.24253,0.226
47,100,1,0.2,0.3,0.5,0.016,0.27228,0.21189
48,100,1,0.2,0.3,0.5,0.016,0.18052,0.18712
49,100,1,0.2,0.3,0.5,0.016,0.1879,0.18802
50,100,1,0.2,0.3,0.5,0.016,0.21914,0.19634
51,100,1,0.2,0.3,0.5,0.016,0.30763,0.25701
52,100,1,0.2,0.3,0.5,0.016,0.17381,0.19826
53,100,1,0.2,0.3,0.5,0.016,0.23821,0.22046
54,100,1,0.2,0.3,0.5,0.016,0.19509,0.21514
55,100,1,0.2,0.3,0.5,0.016,0.18163,0.15785
56,100,1,0.2,0.3,0.5,0.016,0.21284,0.17043
57,100,1,0.2,0.3,0.5,0.016,0.23304,0.21237
58,100,1,0.2,0.3,0.5,0.016,0.1941,0.17817
59,100,1,0.2,0.3,0.5,0.016,0.28419,0.27137
60,100,1,0.2,0.3,0.5,0.016,0.18576,0.16249
61,100,1,0.2,0.3,0.5,0.016,0.1548,0.19836
62,100,1,0.2,0.3,0.5,0.016,0.25537,0.23188
63,100,1,0.2,0.3,0.5,0.016,0.19909,0.2046
64,100,1,0.2,0.3,0.5,0.016,0.17268,0.15933
65,100,1,0.2,0.3,0.5,0.016,0.15357,0.13622
66,100,1,0.2,0.3,0.5,0.016,0.29295,0.2922
67,100,1,0.2,0.3,0.5,0.016,0.27024,0.25644
68,100,1,0.2,0.3,0.5,0.016,0.20955,0.16363
69,100,1,0.2,0.3,0.5,0.016,0.29821,0.27073
70,100,1,0.2,0.3,0.5,0.016,0.17761,0.19785
71,100,1,0.2,0.3,0.5,0.016,0.31414,0.2704
72,100,1,0.2,0.3,0.5,0.016,0.23678,0.19559
73,100,1,0.2,0.3,0.5,0.016,0.22403,0.18611
74,100,1,0.2,0.3,0.5,0.016,0.3118,0.28724
75,100,1,0.2,0.3,0.5,0.016,0.19756,0.18931
76,100,1,0.2,0.3,0.5,0.016,0.40649,0.32801
77,100,1,0.2,0.3,0.5,0.016,0.28365,0.31803
78,100,1,0.2,0.3,0.5,0.016,0.19289,0.17192
79,100,1,0.2,0.3,0.5,0.016,0.21088,0.20721
80,100,1,0.2,0.3,0.5,0.016,0.23686,0.19309
81,100,1,0.2,0.3,0.5,0.016,0.25345,0.21846
82,100,1,0.2,0.3,0.5,0.016,0.21679,0.19031
83,100,1,0.2,0.3,0.5,0.016,0.23285,0.25291
84,100,1,0.2,0.3,0.5,0.016,0.22597,0.17051
85,100,1,0.2,0.3,0.5,0.016,0.24486,0.20117
86,100,1,0.2,0.3,0.5,0.016,0.13675,0.16775
87,100,1,0.2,0.3,0.5,0.016,0.28816,0.27597
88,100,1,0.2,0.3,0.5,0.016,0.20591,0.17477
89,100,1,0.2,0.3,0.5,0.016,0.34912,0.28516
90,100,1,0.2,0.3,0.5,0.016,0.24408,0.24571
91,100,1,0.2,0.3,0.5,0.016,0.18638,0.24924
92,100,1,0.2,0.3,0.5,0.016,0.18034,0.16822
93,100,1,0.2,0.3,0.5,0.016,0.2239,0.21078
94,100,1,0.2,0.3,0.5,0.016,0.21025,0.16536
95,100,1,0.2,0.3,0.5,0.016,0.21878,0.21506
96,100,1,0.2,0.3,0.5,0.016,0.12731,0.15074
97,100,1,0.2,0.3,0.5,0.016,0.25005,0.20639
98,100,1,0.2,0.3,0.5,0.016,0.26928,0.23195
99,100,1,0.2,0.3,0.5,0.016,0.19334,0.16757
0,100,1,0.2,0.3,0.5,0.01326,0.26635,0.29363
1,100,1,0.2,0.3,0.5,0.01326,0.24281,0.24051
2,100,1,0.2,0.3,0.5,0.01326,0.24769,0.24229
3,100,1,0.2,0.3,0.5,0.01326,0.25037,0.23601
4,100,1,0.2,0.3,0.5,0.01326,0.30955,0.27967
5,100,1,0.2,0.3,0.5,0.01326,0.22303,0.23217
6,100,1,0.2,0.3,0.5,0.01326,0.38706,0.37025
7,100,1,0.2,0.3,0.5,0.01326,0.29658,0.30182
8,100,1,0.2,0.3,0.5,0.01326,0.27636,0.26341
9,100,1,0.2,0.3,0.5,0.01326,0.29708,0.30322
10,100,1,0.2,0.3,0.5,0.01326,0.29928,0.30697
11,100,1,0.2,0.3,0.5,0.01326,0.17174,0.192
12,100,1,0.2,0.3,0.5,0.01326,0.19884,0.18696
13,100,1,0.2,0.3,0.5,0.01326,0.28873,0.2674
14,100,1,0.2,0.3,0.5,0.01326,0.19167,0.17183
15,100,1,0.2,0.3,0.5,0.01326,0.34985,0.30978
16,100,1,0.2,0.3,0.5,0.01326,0.20125,0.1771
17,100,1,0.2,0.3,0.5,0.01326,0.24644,0.26035
18,100,1,0.2,0.3,0.5,0.01326,0.21752,0.20112
19,100,1,0.2,0.3,0.5,0.01326,0.32751,0.29408
20,100,1,0.2,0.3,0.5,0.01326,0.32246,0.28215
21,100,1,0.2,0.3,0.5,0.01326,0.24999,0.21509
22,100,1,0.2,0.3,0.5,0.01326,0.20365,0.21872
23,100,1,0.2,0.3,0.5,0.01326,0.25412,0.23171
24,100,1,0.2,0.3,0.5,0.01326,0.39912,0.35817
25,100,1,0.2,0.3,0.5,0.01326,0.25917,0.24969
26,100,1,0.2,0.3,0.5,0.01326,0.21549,0.22075
27,100,1,0.2,0.3,0.5,0.01326,0.32631,0.27583
28,100,1,0.2,0.3,0.5,0.01326,0.17556,0.17318
29,100,1,0.2,0.3,0.5,0.01326,0.25543,0.25023
30,100,1,0.2,0.3,0.5,0.01326,0.2377,0.22799
31,100,1,0.2,0.3,0.5,0.01326,0.26413,0.23293
32,100,1,0.2,0.3,0.5,0.01326,0.28068,0.29638
33,100,1,0.2,0.3,0.5,0.01326,0.23681,0.27941
34,100,1,0.2,0.3,0.5,0.01326,0.22348,0.20137
35,100,1,0.2,0.3,0.5,0.01326,0.27902,0.21643
36,100,1,0.2,0.3,0.5,0.01326,0.19367,0.17676
37,100,1,0.2,0.3,0.5,0.01326,0.22034,0.18519
38,100,1,0.2,0.3,0.5,0.01326,0.23583,0.19121
39,100,1,0.2,0.3,0.5,0.01326,0.25041,0.27075
40,100,1,0.2,0.3,0.5,0.01326,0.21408,0.22332
41,100,1,0.2,0.3,0.5,0.01326,0.39834,0.36292
42,100,1,0.2,0.3,0.5,0.01326,0.24516,0.22677
43,100,1,0.2,0.3,0.5,0.01326,0.27613,0.28187
44,100,1,0.2,0.3,0.5,0.01326,0.2473,0.25821
45,100,1,0.2,0.3,0.5,0.01326,0.19709,0.20801
46,100,1,0.2,0.3,0.5,0.01326,0.27074,0.26051
47,100,1,0.2,0.3,0.5,0.01326,0.29019,0.24593
48,100,1,0.2,0.3,0.5,0.01326,0.21197,0.22227
49,100,1,0.2,0.3,0.5,0.01326,0.21118,0.21597
50,100,1,0.2,0.3,0.5,0.01326,0.24303,0.22904
51,100,1,0.2,0.3,0.5,0.01326,0.32808,0.28971
52,100,1,0.2,0.3,0.5,0.01326,0.20497,0.22733
53,100,1,0.2,0.3,0.5,0.01326,0.26809,0.25665
54,100,1,0.2,0.3,0.5,0.01326,0.22666,0.24602
55,100,1,0.2,0.3,0.5,0.01326,0.202,0.18842
56,100,1,0.2,0.3,0.5,0.01326,0.22393,0.19482
57,100,1,0.2,0.3,0.5,0.01326,0.25544,0.24253
58,100,1,0.2,0.3,0.5,0.01326,0.209,0.20079
59,100,1,0.2,0.3,0.5,0.01326,0.31556,0.30808
60,100,1,0.2,0.3,0.5,0.01326,0.20601,0.19296
61,100,1,0.2,0.3,0.5,0.01326,0.18775,0.22523
62,100,1,0.2,0.3,0.5,0.01326,0.27958,0.26433
63,100,1,0.2,0.3,0.5,0.01326,0.23195,0.2412
64,100,1,0.2,0.3,0.5,0.01326,0.19749,0.19284
65,100,1,0.2,0.3,0.5,0.01326,0.1716,0.16405
66,100,1,0.2,0.3,0.5,0.01326,0.32839,0.33052
67,100,1,0.2,0.3,0.5,0.01326,0.29251,0.28416
68,100,1,0.2,0.3,0.5,0.01326,0.22608,0.19377
69,100,1,0.2,0.3,0.5,0.01326,0.326,0.30722
70,100,1,0.2,0.3,0.5,0.01326,0.20608,0.22726
71,100,1,0.2,0.3,0.5,0.01326,0.34489,0.31273
72,100,1,0.2,0.3,0.5,0.01326,0.26248,0.23406
73,100,1,0.2,0.3,0.5,0.01326,0.2436,0.2175
74,100,1,0.2,0.3,0.5,0.01326,0.35056,0.33309
75,100,1,0.2,0.3,0.5,0.01326,0.22566,0.22376
76,100,1,0.2,0.3,0.5,0.01326,0.42743,0.36501
77,100,1,0.2,0.3,0.5,0.01326,0.32194,0.35228
78,100,1,0.2,0.3,0.5,0.01326,0.21344,0.20151
79,100,1,0.2,0.3,0.5,0.01326,0.24221,0.24429
80,100,1,0.2,0.3,0.5,0.01326,0.25654,0.22628
81,100,1,0.2,0.3,0.5,0.01326,0.2775,0.25371
82,100,1,0.2,0.3,0.5,0.01326,0.23874,0.22131
83,100,1,0.2,0.3,0.5,0.01326,0.27304,0.29184
84,100,1,0.2,0.3,0.5,0.01326,0.24253,0.20293
85,100,1,0.2,0.3,0.5,0.01326,0.26792,0.23628
86,100,1,0.2,0.3,0.5,0.01326,0.16416,0.19351
87,100,1,0.2,0.3,0.5,0.01326,0.31728,0.31101
88,100,1,0.2,0.3,0.5,0.01326,0.22334,0.20285
89,100,1,0.2,0.3,0.5,0.01326,0.37349,0.32308
90,100,1,0.2,0.3,0.5,0.01326,0.27767,0.28154
91,100,1,0.2,0.3,0.5,0.01326,0.22123,0.27443
92,100,1,0.2,0.3,0.5,0.01326,0.20268,0.19758
93,100,1,0.2,0.3,0.5,0.01326,0.251,0.24501
94,100,1,0.2,0.3,0.5,0.01326,0.22522,0.19411
95,100,1,0.2,0.3,0.5,0.01326,0.24781,0.24734
96,100,1,0.2,0.3,0.5,0.01326,0.15654,0.17867
97,100,1,0.2,0.3,0.5,0.01326,0.2714,0.23982
98,100,1,0.2,0.3,0.5,0.01326,0.28694,0.26015
99,100,1,0.2,0.3,0.5,0.01326,0.21478,0.19876
0,100,1,0.2,0.3,0.5,0.01099,0.30922,0.33253
1,100,1,0.2,0.3,0.5,0.01099,0.27923,0.27881
2,100,1,0.2,0.3,0.5,0.01099,0.28162,0.28032
3,100,1,0.2,0.3,0.5,0.01099,0.27973,0.27109
4,100,1,0.2,0.3,0.5,0.01099,0.33735,0.31521
5,100,1,0.2,0.3,0.5,0.01099,0.26289,0.27233
6,100,1,0.2,0.3,0.5,0.01099,0.42148,0.40992
7,100,1,0.2,0.3,0.5,0.01099,0.33684,0.34288
8,100,1,0.2,0.3,0.5,0.01099,0.31242,0.30431
9,100,1,0.2,0.3,0.5,0.01099,0.34233,0.34939
10,100,1,0.2,0.3,0.5,0.01099,0.33501,0.34322
11,100,1,0.2,0.3,0.5,0.01099,0.2021,0.22128
12,100,1,0.2,0.3,0.5,0.01099,0.23018,0.22408
13,100,1,0.2,0.3,0.5,0.01099,0.31982,0.30531
14,100,1,0.2,0.3,0.5,0.01099,0.21716,0.20496
15,100,1,0.2,0.3,0.5,0.01099,0.37998,0.34941
16,100,1,0.2,0.3,0.5,0.01099,0.22815,0.21284
17,100,1,0.2,0.3,0.5,0.01099,0.2857,0.2983
18,100,1,0.2,0.3,0.5,0.01099,0.24503,0.2344
19,100,1,0.2,0.3,0.5,0.01099,0.35606,0.3319
20,100,1,0.2,0.3,0.5,0.01099,0.35582,0.32601
21,100,1,0.2,0.3,0.5,0.01099,0.27366,0.24886
22,100,1,0.2,0.3,0.5,0.01099,0.23174,0.24629
23,100,1,0.2,0.3,0.5,0.01099,0.28277,0.26765
24,100,1,0.2,0.3,0.5,0.01099,0.43013,0.39833
25,100,1,0.2,0.3,0.5,0.01099,0.29705,0.29226
26,100,1,0.2,0.3,0.5,0.01099,0.24513,0.25238
27,100,1,0.2,0.3,0.5,0.01099,0.35107,0.31165
28,100,1,0.2,0.3,0.5,0.01099,0.20823,0.21011
29,100,1,0.2,0.3,0.5,0.01099,0.29051,0.2895
30,100,1,0.2,0.3,0.5,0.01099,0.26257,0.25823
31,100,1,0.2,0.3,0.5,0.01099,0.29446,0.2724
32,100,1,0.2,0.3,0.5,0.01099,0.32848,0.34209
33,100,1,0.2,0.3,0.5,0.01099,0.27517,0.31108
34,100,1,0.2,0.3,0.5,0.01099,0.25501,0.24167
35,100,1,0.2,0.3,0.5,0.01099,0.29219,0.24404
36,100,1,0.2,0.3,0.5,0.01099,0.21222,0.20134
37,100,1,0.2,0.3,0.5,0.01099,0.25036,0.22742
38,100,1,0.2,0.3,0.5,0.01099,0.25456,0.2227
39,100,1,0.2,0.3,0.5,0.01099,0.28257,0.30147
40,100,1,0.2,0.3,0.5,0.01099,0.25091,0.26072
41,100,1,0.2,0.3,0.5,0.01099,0.43222,0.4048
42,100,1,0.2,0.3,0.5,0.01099,0.28232,0.26983
43,100,1,0.2,0.3,0.5,0.01099,0.32053,0.32645
44,100,1,0.2,0.3,0.5,0.01099,0.28114,0.29195
45,100,1,0.2,0.3,0.5,0.01099,0.23143,0.24199
46,100,1,0.2,0.3,0.5,0.01099,0.3058,0.29956
47,100,1,0.2,0.3,0.5,0.01099,0.31496,0.28307
48,100,1,0.2,0.3,0.5,0.01099,0.25098,0.26212
49,100,1,0.2,0.3,0.5,0.01099,0.24201,0.24851
50,100,1,0.2,0.3,0.5,0.01099,0.27329,0.26493
51,100,1,0.2,0.3,0.5,0.01099,0.35302,0.32395
52,100,1,0.2,0.3,0.5,0.01099,0.24081,0.25979
53,100,1,0.2,0.3,0.5,0.01099,0.30321,0.29568
54,100,1,0.2,0.3,0.5,0.01099,0.26427,0.28136
55,100,1,0.2,0.3,0.5,0.01099,0.22972,0.22243
56,100,1,0.2,0.3,0.5,0.01099,0.24151,0.22216
57,100,1,0.2,0.3,0.5,0.01099,0.28491,0.27697
58,100,1,0.2,0.3,0.5,0.01099,0.23021,0.2267
59,100,1,0.2,0.3,0.5,0.01099,0.35257,0.34844
60,100,1,0.2,0.3,0.5,0.01099,0.2362,0.22948
61,100,1,0.2,0.3,0.5,0.01099,0.22473,0.25556
62,100,1,0.2,0.3,0.5,0.01099,0.30929,0.29967
63,100,1,0.2,0.3,0.5,0.01099,0.27088,0.28117
64,100,1,0.2,0.3,0.5,0.01099,0.2303,0.23025
65,100,1,0.2,0.3,0.5,0.01099,0.19783,0.19571
66,100,1,0.2,0.3,0.5,0.01099,0.36741,0.37078
67,100,1,0.2,0.3,0.5,0.01099,0.3194,0.31448
68,100,1,0.2,0.3,0.5,0.01099,0.24998,0.22743
69,100,1,0.2,0.3,0.5,0.01099,0.36107,0.34839
70,100,1,0.2,0.3,0.5,0.01099,0.24126,0.26088
71,100,1,0.2,0.3,0.5,0.01099,0.37993,0.35618
72,100,1,0.2,0.3,0.5,0.01099,0.2972,0.27774
73,100,1,0.2,0.3,0.5,0.01099,0.27035,0.25257
74,100,1,0.2,0.3,0.5,0.01099,0.39492,0.38233
75,100,1,0.2,0.3,0.5,0.01099,0.2605,0.26179
76,100,1,0.2,0.3,0.5,0.01099,0.45404,0.40516
77,100,1,0.2,0.3,0.5,0.01099,0.36084,0.38679
78,100,1,0.2,0.3,0.5,0.01099,0.24186,0.23547
79,100,1,0.2,0.3,0.5,0.01099,0.28018,0.28505
80,100,1,0.2,0.3,0.5,0.01099,0.28264,0.262
81,100,1,0.2,0.3,0.5,0.01099,0.30758,0.29167
82,100,1,0.2,0.3,0.5,0.01099,0.26782,0.25639
83,100,1,0.2,0.3,0.5,0.01099,0.31717,0.33359
84,100,1,0.2,0.3,0.5,0.01099,0.26898,0.24135
85,100,1,0.2,0.3,0.5,0.01099,0.299,0.27612
86,100,1,0.2,0.3,0.5,0.01099,0.19808,0.2236
87,100,1,0.2,0.3,0.5,0.01099,0.35313,0.35052
88,100,1,0.2,0.3,0.5,0.01099,0.24941,0.23624
89,100,1,0.2,0.3,0.5,0.01099,0.40328,0.36366
90,100,1,0.2,0.3,0.5,0.01099,0.3162,0.32065
91,100,1,0.2,0.3,0.5,0.01099,0.25675,0.30084
92,100,1,0.2,0.3,0.5,0.01099,0.23204,0.23076
93,100,1,0.2,0.3,0.5,0.01099,0.2829,0.28104
94,100,1,0.2,0.3,0.5,0.01099,0.24773,0.22664
95,100,1,0.2,0.3,0.5,0.01099,0.28229,0.28322
96,100,1,0.2,0.3,0.5,0.01099,0.19307,0.21181
97,100,1,0.2,0.3,0.5,0.01099,0.30039,0.2777
98,100,1,0.2,0.3,0.5,0.01099,0.30858,0.28943
99,100,1,0.2,0.3,0.5,0.01099,0.24481,0.23503
0,100,1,0.2,0.3,0.5,0.0091,0.35558,0.37485
1,100,1,0.2,0.3,0.5,0.0091,0.32107,0.32153
2,100,1,0.2,0.3,0.5,0.0091,0.32208,0.32284
3,100,1,0.2,0.3,0.5,0.0091,0.31292,0.30777
4,100,1,0.2,0.3,0.5,0.0091,0.37069,0.3543
5,100,1,0.2,0.3,0.5,0.0091,0.30713,0.31568
6,100,1,0.2,0.3,0.5,0.0091,0.46094,0.45313
7,100,1,0.2,0.3,0.5,0.0091,0.38169,0.38755
8,100,1,0.2,0.3,0.5,0.0091,0.35438,0.34935
9,100,1,0.2,0.3,0.5,0.0091,0.3923,0.39923
10,100,1,0.2,0.3,0.5,0.0091,0.37519,0.38295
11,100,1,0.2,0.3,0.5,0.0091,0.23943,0.25611
12,100,1,0.2,0.3,0.5,0.0091,0.26875,0.26583
13,100,1,0.2,0.3,0.5,0.0091,0.35754,0.34779
14,100,1,0.2,0.3,0.5,0.0091,0.25009,0.24268
15,100,1,0.2,0.3,0.5,0.0091,0.41656,0.39353
16,100,1,0.2,0.3,0.5,0.0091,0.2629,0.25336
17,100,1,0.2,0.3,0.5,0.0091,0.33101,0.34173
18,100,1,0.2,0.3,0.5,0.0091,0.27995,0.27297
19,100,1,0.2,0.3,0.5,0.0091,0.38963,0.37232
20,100,1,0.2,0.3,0.5,0.0091,0.39575,0.37376
21,100,1,0.2,0.3,0.5,0.0091,0.30564,0.28833
22,100,1,0.2,0.3,0.5,0.0091,0.26436,0.27732
23,100,1,0.2,0.3,0.5,0.0091,0.31811,0.30786
24,100,1,0.2,0.3,0.5,0.0091,0.46509,0.44045
25,100,1,0.2,0.3,0.5,0.0091,0.34384,0.34191
26,100,1,0.2,0.3,0.5,0.0091,0.28023,0.28786
27,100,1,0.2,0.3,0.5,0.0091,0.38146,0.35085
28,100,1,0.2,0.3,0.5,0.0091,0.24834,0.25187
29,100,1,0.2,0.3,0.5,0.0091,0.3323,0.33361
30,100,1,0.2,0.3,0.5,0.0091,0.29397,0.29281
31,100,1,0.2,0.3,0.5,0.0091,0.33283,0.31726
32,100,1,0.2,0.3,0.5,0.0091,0.37914,0.39045
33,100,1,0.2,0.3,0.5,0.0091,0.31544,0.34513
34,100,1,0.2,0.3,0.5,0.0091,0.29426,0.28644
35,100,1,0.2,0.3,0.5,0.0091,0.3114,0.27493
36,100,1,0.2,0.3,0.5,0.0091,0.23831,0.23146
37,100,1,0.2,0.3,0.5,0.0091,0.29215,0.27759
38,100,1,0.2,0.3,0.5,0.0091,0.28226,0.25986
39,100,1,0.2,0.3,0.5,0.0091,0.31822,0.33488
40,100,1,0.2,0.3,0.5,0.0091,0.29335,0.30251
41,100,1,0.2,0.3,0.5,0.0091,0.46975,0.44848
42,100,1,0.2,0.3,0.5,0.0091,0.32799,0.31934
43,100,1,0.2,0.3,0.5,0.0091,0.36982,0.37519
44,100,1,0.2,0.3,0.5,0.0091,0.31946,0.32935
45,100,1,0.2,0.3,0.5,0.0091,0.27056,0.27978
46,100,1,0.2,0.3,0.5,0.0091,0.34674,0.34299
47,100,1,0.2,0.3,0.5,0.0091,0.34637,0.32367
48,100,1,0.2,0.3,0.5,0.0091,0.29645,0.307
49,100,1,0.2,0.3,0.5,0.0091,0.27968,0.28625
50,100,1,0.2,0.3,0.5,0.0091,0.30906,0.30417
51,100,1,0.2,0.3,0.5,0.0091,0.38211,0.36003
52,100,1,0.2,0.3,0.5,0.0091,0.28074,0.29611
53,100,1,0.2,0.3,0.5,0.0091,0.34325,0.3382
54,100,1,0.2,0.3,0.5,0.0091,0.3069,0.32122
55,100,1,0.2,0.3,0.5,0.0091,0.26396,0.2604
56,100,1,0.2,0.3,0.5,0.0091,0.26602,0.25358
57,100,1,0.2,0.3,0.5,0.0091,0.3208,0.31592
58,100,1,0.2,0.3,0.5,0.0091,0.25795,0.25708
59,100,1,0.2,0.3,0.5,0.0091,0.39446,0.39235
60,100,1,0.2,0.3,0.5,0.0091,0.27539,0.2723
61,100,1,0.2,0.3,0.5,0.0091,0.26516,0.2898
62,100,1,0.2,0.3,0.5,0.0091,0.34399,0.33817
63,100,1,0.2,0.3,0.5,0.0091,0.31502,0.32496
64,100,1,0.2,0.3,0.5,0.0091,0.27011,0.27224
65,100,1,0.2,0.3,0.5,0.0091,0.23119,0.2318
66,100,1,0.2,0.3,0.5,0.0091,0.40967,0.41334
67,100,1,0.2,0.3,0.5,0.0091,0.35063,0.3478
68,100,1,0.2,0.3,0.5,0.0091,0.28035,0.26464
69,100,1,0.2,0.3,0.5,0.0091,0.40317,0.39467
70,100,1,0.2,0.3,0.5,0.0091,0.28226,0.29922
71,100,1,0.2,0.3,0.5,0.0091,0.41852,0.40089
72,100,1,0.2,0.3,0.5,0.0091,0.34023,0.32691
73,100,1,0.2,0.3,0.5,0.0091,0.30421,0.29216
74,100,1,0.2,0.3,0.5,0.0091,0.44358,0.43436
75,100,1,0.2,0.3,0.5,0.0091,0.30127,0.3039
76,100,1,0.2,0.3,0.5,0.0091,0.48663,0.44889
77,100,1,0.2,0.3,0.5,0.0091,0.40008,0.42183
78,100,1,0.2,0.3,0.5,0.0091,0.27754,0.27437
79,100,1,0.2,0.3,0.5,0.0091,0.32407,0.32999
80,100,1,0.2,0.3,0.5,0.0091,0.31446,0.30051
81,100,1,0.2,0.3,0.5,0.0091,0.34279,0.33231
82,100,1,0.2,0.3,0.5,0.0091,0.30338,0.29584
83,100,1,0.2,0.3,0.5,0.0091,0.36459,0.37832
84,100,1,0.2,0.3,0.5,0.0091,0.30543,0.2864
85,100,1,0.2,0.3,0.5,0.0091,0.33763,0.32101
86,100,1,0.2,0.3,0.5,0.0091,0.23755,0.25871
87,100,1,0.2,0.3,0.5,0.0091,0.39481,0.3943
88,100,1,0.2,0.3,0.5,0.0091,0.28405,0.27569
89,100,1,0.2,0.3,0.5,0.0091,0.43792,0.4068
90,100,1,0.2,0.3,0.5,0.0091,0.35952,0.36375
91,100,1,0.2,0.3,0.5,0.0091,0.29295,0.32893
92,100,1,0.2,0.3,0.5,0.0091,0.26764,0.26826
93,100,1,0.2,0.3,0.5,0.0091,0.31849,0.31888
94,100,1,0.2,0.3,0.5,0.0091,0.27772,0.26368
95,100,1,0.2,0.3,0.5,0.0091,0.3216,0.32295
96,100,1,0.2,0.3,0.5,0.0091,0.23547,0.25046
97,100,1,0.2,0.3,0.5,0.0091,0.33619,0.31992
98,100,1,0.2,0.3,0.5,0.0091,0.33381,0.32013
99,100,1,0.2,0.3,0.5,0.0091,0.28246,0.27652
0,100,1,0.2,0.3,0.5,0.00754,0.40569,0.42125
1,100,1,0.2,0.3,0.5,0.00754,0.36804,0.36888
2,100,1,0.2,0.3,0.5,0.00754,0.36871,0.37032
3,100,1,0.2,0.3,0.5,0.00754,0.34987,0.34683
4,100,1,0.2,0.3,0.5,0.00754,0.40938,0.39721
5,100,1,0.2,0.3,0.5,0.00754,0.35483,0.36207
6,100,1,0.2,0.3,0.5,0.00754,0.50639,0.50122
7,100,1,0.2,0.3,0.5,0.00754,0.43069,0.43589
8,100,1,0.2,0.3,0.5,0.00754,0.40177,0.39869
9,100,1,0.2,0.3,0.5,0.00754,0.44647,0.45277
10,100,1,0.2,0.3,0.5,0.00754,0.42019,0.42707
11,100,1,0.2,0.3,0.5,0.00754,0.28319,0.29697
12,100,1,0.2,0.3,0.5,0.00754,0.3136,0.31235
13,100,1,0.2,0.3,0.5,0.00754,0.40173,0.39526
14,100,1,0.2,0.3,0.5,0.00754,0.28942,0.28494
15,100,1,0.2,0.3,0.5,0.00754,0.46003,0.44289
16,100,1,0.2,0.3,0.5,0.00754,0.30424,0.29837
17,100,1,0.2,0.3,0.5,0.00754,0.38257,0.39136
18,100,1,0.2,0.3,0.5,0.00754,0.32208,0.31741
19,100,1,0.2,0.3,0.5,0.00754,0.42787,0.41556
20,100,1,0.2,0.3,0.5,0.00754,0.44138,0.42514
21,100,1,0.2,0.3,0.5,0.00754,0.34639,0.33448
22,100,1,0.2,0.3,0.5,0.00754,0.30182,0.3128
23,100,1,0.2,0.3,0.5,0.00754,0.35992,0.35289
24,100,1,0.2,0.3,0.5,0.00754,0.50397,0.48493
25,100,1,0.2,0.3,0.5,0.00754,0.40096,0.4007
26,100,1,0.2,0.3,0.5,0.00754,0.32132,0.32848
27,100,1,0.2,0.3,0.5,0.00754,0.41732,0.39366
28,100,1,0.2,0.3,0.5,0.00754,0.2944,0.29826
29,100,1,0.2,0.3,0.5,0.00754,0.38035,0.3828
30,100,1,0.2,0.3,0.5,0.00754,0.33233,0.3329
31,100,1,0.2,0.3,0.5,0.00754,0.37823,0.36715
32,100,1,0.2,0.3,0.5,0.00754,0.43222,0.44136
33,100,1,0.2,0.3,0.5,0.00754,0.35749,0.3817
34,100,1,0.2,0.3,0.5,0.00754,0.33988,0.33541
35,100,1,0.2,0.3,0.5,0.00754,0.33718,0.30993
36,100,1,0.2,0.3,0.5,0.00754,0.27252,0.26832
37,100,1,0.2,0.3,0.5,0.00754,0.34477,0.33568
38,100,1,0.2,0.3,0.5,0.00754,0.31941,0.3038
39,100,1,0.2,0.3,0.5,0.00754,0.3579,0.37203
40,100,1,0.2,0.3,0.5,0.00754,0.34093,0.34893
41,100,1,0.2,0.3,0.5,0.00754,0.51068,0.49417
42,100,1,0.2,0.3,0.5,0.00754,0.38157,0.37547
43,100,1,0.2,0.3,0.5,0.00754,0.42332,0.4279
44,100,1,0.2,0.3,0.5,0.00754,0.3626,0.37125
45,100,1,0.2,0.3,0.5,0.00754,0.31424,0.32183
46,100,1,0.2,0.3,0.5,0.00754,0.39271,0.39049
47,100,1,0.2,0.3,0.5,0.00754,0.38432,0.36831
48,100,1,0.2,0.3,0.5,0.00754,0.348,0.3573
49,100,1,0.2,0.3,0.5,0.00754,0.3239,0.32976
50,100,1,0.2,0.3,0.5,0.00754,0.35003,0.34723
51,100,1,0.2,0.3,0.5,0.00754,0.41533,0.39849
52,100,1,0.2,0.3,0.5,0.00754,0.32478,0.33682
53,100,1,0.2,0.3,0.5,0.00754,0.38821,0.38475
54,100,1,0.2,0.3,0.5,0.00754,0.35388,0.3655
55,100,1,0.2,0.3,0.5,0.00754,0.30428,0.30285
56,100,1,0.2,0.3,0.5,0.00754,0.2981,0.29038
57,100,1,0.2,0.3,0.5,0.00754,0.36268,0.35962
58,100,1,0.2,0.3,0.5,0.00754,0.29257,0.29304
59,100,1,0.2,0.3,0.5,0.00754,0.44077,0.43985
60,100,1,0.2,0.3,0.5,0.00754,0.32244,0.32127
61,100,1,0.2,0.3,0.5,0.00754,0.30935,0.32862
62,100,1,0.2,0.3,0.5,0.00754,0.38343,0.38013
63,100,1,0.2,0.3,0.5,0.00754,0.36415,0.37309
64,100,1,0.2,0.3,0.5,0.00754,0.31671,0.3197
65,100,1,0.2,0.3,0.5,0.00754,0.27126,0.27305
66,100,1,0.2,0.3,0.5,0.00754,0.45519,0.45868
67,100,1,0.2,0.3,0.5,0.00754,0.38611,0.38453
68,100,1,0.2,0.3,0.5,0.00754,0.31675,0.30578
69,100,1,0.2,0.3,0.5,0.00754,0.45197,0.44625
70,100,1,0.2,0.3,0.5,0.00754,0.32887,0.34292
71,100,1,0.2,0.3,0.5,0.00754,0.46057,0.44746
72,100,1,0.2,0.3,0.5,0.00754,0.3909,0.38175
73,100,1,0.2,0.3,0.5,0.00754,0.34531,0.33719
74,100,1,0.2,0.3,0.5,0.00754,0.49577,0.48892
75,100,1,0.2,0.3,0.5,0.00754,0.3478,0.35074
76,100,1,0.2,0.3,0.5,0.00754,0.52538,0.4966
77,100,1,0.2,0.3,0.5,0.00754,0.4402,0.45812
78,100,1,0.2,0.3,0.5,0.00754,0.32037,0.31897
79,100,1,0.2,0.3,0.5,0.00754,0.37386,0.37985
80,100,1,0.2,0.3,0.5,0.00754,0.35157,0.34218
81,100,1,0.2,0.3,0.5,0.00754,0.38267,0.37591
82,100,1,0.2,0.3,0.5,0.00754,0.34506,0.34
83,100,1,0.2,0.3,0.5,0.00754,0.41524,0.42641
84,100,1,0.2,0.3,0.5,0.00754,0.35111,0.33804
85,100,1,0.2,0.3,0.5,0.00754,0.38342,0.37127
86,100,1,0.2,0.3,0.5,0.00754,0.28245,0.29949
87,100,1,0.2,0.3,0.5,0.00754,0.4413,0.44192
88,100,1,0.2,0.3,0.5,0.00754,0.327,0.32166
89,100,1,0.2,0.3,0.5,0.00754,0.47708,0.45263
90,100,1,0.2,0.3,0.5,0.00754,0.40816,0.41186
91,100,1,0.2,0.3,0.5,0.00754,0.33038,0.35935
92,100,1,0.2,0.3,0.5,0.00754,0.3089,0.31035
93,100,1,0.2,0.3,0.5,0.00754,0.35737,0.35885
94,100,1,0.2,0.3,0.5,0.00754,0.31509,0.30592
95,100,1,0.2,0.3,0.5,0.00754,0.36544,0.36677
96,100,1,0.2,0.3,0.5,0.00754,0.28328,0.29487
97,100,1,0.2,0.3,0.5,0.00754,0.37804,0.36634
98,100,1,0.2,0.3,0.5,0.00754,0.36265,0.35288
99,100,1,0.2,0.3,0.5,0.00754,0.32673,0.3231
0,100,1,0.2,0.3,0.5,0.00625,0.46007,0.47239
1,100,1,0.2,0.3,0.5,0.00625,0.42007,0.42103
2,100,1,0.2,0.3,0.5,0.00625,0.42149,0.42329
3,100,1,0.2,0.3,0.5,0.00625,0.39112,0.38933
4,100,1,0.2,0.3,0.5,0.00625,0.45329,0.44424
5,100,1,0.2,0.3,0.5,0.00625,0.40567,0.41151
6,100,1,0.2,0.3,0.5,0.00625,0.55872,0.55538
7,100,1,0.2,0.3,0.5,0.00625,0.48351,0.48789
8,100,1,0.2,0.3,0.5,0.00625,0.45435,0.45248
9,100,1,0.2,0.3,0.5,0.00625,0.50456,0.51005
10,100,1,0.2,0.3,0.5,0.00625,0.4706,0.47646
11,100,1,0.2,0.3,0.5,0.00625,0.33317,0.34421
12,100,1,0.2,0.3,0.5,0.00625,0.36422,0.3638
13,100,1,0.2,0.3,0.5,0.00625,0.45245,0.4482
14,100,1,0.2,0.3,0.5,0.00625,0.33455,0.33184
15,100,1,0.2,0.3,0.5,0.00625,0.51107,0.49851
16,100,1,0.2,0.3,0.5,0.00625,0.3514,0.34782
17,100,1,0.2,0.3,0.5,0.00625,0.44059,0.44767
18,100,1,0.2,0.3,0.5,0.00625,0.3713,0.3681
19,100,1,0.2,0.3,0.5,0.00625,0.47096,0.46226
20,100,1,0.2,0.3,0.5,0.00625,0.49205,0.48003
21,100,1,0.2,0.3,0.5,0.00625,0.3964,0.3883
22,100,1,0.2,0.3,0.5,0.00625,0.3448,0.35377
23,100,1,0.2,0.3,0.5,0.00625,0.40829,0.40341
24,100,1,0.2,0.3,0.5,0.00625,0.54699,0.53227
25,100,1,0.2,0.3,0.5,0.00625,0.4696,0.47022
26,100,1,0.2,0.3,0.5,0.00625,0.36942,0.37571
27,100,1,0.2,0.3,0.5,0.00625,0.45874,0.44053
28,100,1,0.2,0.3,0.5,0.00625,0.34546,0.34901
29,100,1,0.2,0.3,0.5,0.00625,0.43433,0.43721
30,100,1,0.2,0.3,0.5,0.00625,0.37819,0.3796
31,100,1,0.2,0.3,0.5,0.00625,0.42974,0.42177
32,100,1,0.2,0.3,0.5,0.00625,0.48752,0.49475
33,100,1,0.2,0.3,0.5,0.00625,0.4016,0.42112
34,100,1,0.2,0.3,0.5,0.00625,0.39092,0.38845
35,100,1,0.2,0.3,0.5,0.00625,0.37015,0.35004
36,100,1,0.2,0.3,0.5,0.00625,0.31539,0.31287
37,100,1,0.2,0.3,0.5,0.00625,0.40707,0.40144
38,100,1,0.2,0.3,0.5,0.00625,0.36634,0.35549
39,100,1,0.2,0.3,0.5,0.00625,0.40257,0.41421
40,100,1,0.2,0.3,0.5,0.00625,0.39365,0.40036
41,100,1,0.2,0.3,0.5,0.00625,0.55507,0.54225
42,100,1,0.2,0.3,0.5,0.00625,0.44244,0.43806
43,100,1,0.2,0.3,0.5,0.00625,0.48078,0.48454
44,100,1,0.2,0.3,0.5,0.00625,0.4114,0.41873
45,100,1,0.2,0.3,0.5,0.00625,0.3627,0.36874
46,100,1,0.2,0.3,0.5,0.00625,0.44306,0.44178
47,100,1,0.2,0.3,0.5,0.00625,0.42891,0.41769
48,100,1,0.2,0.3,0.5,0.00625,0.40578,0.41365
49,100,1,0.2,0.3,0.5,0.00625,0.37474,0.37961
50,100,1,0.2,0.3,0.5,0.00625,0.39644,0.39489
51,100,1,0.2,0.3,0.5,0.00625,0.45308,0.44017
52,100,1,0.2,0.3,0.5,0.00625,0.37333,0.38254
53,100,1,0.2,0.3,0.5,0.00625,0.43814,0.43573
54,100,1,0.2,0.3,0.5,0.00625,0.40497,0.41421
55,100,1,0.2,0.3,0.5,0.00625,0.3506,0.35034
56,100,1,0.2,0.3,0.5,0.00625,0.33838,0.33378
57,100,1,0.2,0.3,0.5,0.00625,0.4105,0.40851
58,100,1,0.2,0.3,0.5,0.00625,0.33442,0.33547
59,100,1,0.2,0.3,0.5,0.00625,0.4914,0.49115
60,100,1,0.2,0.3,0.5,0.00625,0.37628,0.37604
61,100,1,0.2,0.3,0.5,0.00625,0.35809,0.37292
62,100,1,0.2,0.3,0.5,0.00625,0.42763,0.42597
63,100,1,0.2,0.3,0.5,0.00625,0.41836,0.42609
64,100,1,0.2,0.3,0.5,0.00625,0.37049,0.37362
65,100,1,0.2,0.3,0.5,0.00625,0.31811,0.32024
66,100,1,0.2,0.3,0.5,0.00625,0.50422,0.50728
67,100,1,0.2,0.3,0.5,0.00625,0.42598,0.42511
68,100,1,0.2,0.3,0.5,0.00625,0.35934,0.35166
69,100,1,0.2,0.3,0.5,0.00625,0.50696,0.50307
70,100,1,0.2,0.3,0.5,0.00625,0.38141,0.39273
71,100,1,0.2,0.3,0.5,0.00625,0.50661,0.49686
72,100,1,0.2,0.3,0.5,0.00625,0.44866,0.44233
73,100,1,0.2,0.3,0.5,0.00625,0.39395,0.38849
74,100,1,0.2,0.3,0.5,0.00625,0.55141,0.54623
75,100,1,0.2,0.3,0.5,0.00625,0.40031,0.40306
76,100,1,0.2,0.3,0.5,0.00625,0.57046,0.54876
77,100,1,0.2,0.3,0.5,0.00625,0.48234,0.49688
78,100,1,0.2,0.3,0.5,0.00625,0.3707,0.37022
79,100,1,0.2,0.3,0.5,0.00625,0.42988,0.43543
80,100,1,0.2,0.3,0.5,0.00625,0.39382,0.38751
81,100,1,0.2,0.3,0.5,0.00625,0.42741,0.42316
82,100,1,0.2,0.3,0.5,0.00625,0.3929,0.3894
83,100,1,0.2,0.3,0.5,0.00625,0.46945,0.47835
84,100,1,0.2,0.3,0.5,0.00625,0.40466,0.39562
85,100,1,0.2,0.3,0.5,0.00625,0.43613,0.42718
86,100,1,0.2,0.3,0.5,0.00625,0.33297,0.34644
87,100,1,0.2,0.3,0.5,0.00625,0.49181,0.49294
88,100,1,0.2,0.3,0.5,0.00625,0.37803,0.37457
89,100,1,0.2,0.3,0.5,0.00625,0.52082,0.50159
90,100,1,0.2,0.3,0.5,0.00625,0.46314,0.46623
91,100,1,0.2,0.3,0.5,0.00625,0.37002,0.39306
92,100,1,0.2,0.3,0.5,0.00625,0.35536,0.35707
93,100,1,0.2,0.3,0.5,0.00625,0.39979,0.4017
94,100,1,0.2,0.3,0.5,0.00625,0.35978,0.35392
95,100,1,0.2,0.3,0.5,0.00625,0.41378,0.41491
96,100,1,0.2,0.3,0.5,0.00625,0.33644,0.34523
97,100,1,0.2,0.3,0.5,0.00625,0.42544,0.41701
98,100,1,0.2,0.3,0.5,0.00625,0.39565,0.38866
99,100,1,0.2,0.3,0.5,0.00625,0.37683,0.37458
0,100,1,0.2,0.3,0.5,0.00518,0.51938,0.52898
1,100,1,0.2,0.3,0.5,0.00518,0.47723,0.47821
2,100,1,0.2,0.3,0.5,0.00518,0.48077,0.48245
3,100,1,0.2,0.3,0.5,0.00518,0.43755,0.43649
4,100,1,0.2,0.3,0.5,0.00518,0.50254,0.49579
5,100,1,0.2,0.3,0.5,0.00518,0.45978,0.46435
6,100,1,0.2,0.3,0.5,0.00518,0.61856,0.61647
7,100,1,0.2,0.3,0.5,0.00518,0.54008,0.54362
8,100,1,0.2,0.3,0.5,0.00518,0.51208,0.51095
9,100,1,0.2,0.3,0.5,0.00518,0.56665,0.5713
10,100,1,0.2,0.3,0.5,0.00518,0.52707,0.53193
11,100,1,0.2,0.3,0.5,0.00518,0.38958,0.39823
12,100,1,0.2,0.3,0.5,0.00518,0.42049,0.42045
13,100,1,0.2,0.3,0.5,0.00518,0.50994,0.5072
14,100,1,0.2,0.3,0.5,0.00518,0.3853,0.38364
15,100,1,0.2,0.3,0.5,0.00518,0.57085,0.56177
16,100,1,0.2,0.3,0.5,0.00518,0.40424,0.40207
17,100,1,0.2,0.3,0.5,0.00518,0.50534,0.51101
18,100,1,0.2,0.3,0.5,0.00518,0.42744,0.4252
19,100,1,0.2,0.3,0.5,0.00518,0.51959,0.51347
20,100,1,0.2,0.3,0.5,0.00518,0.5474,0.53846
21,100,1,0.2,0.3,0.5,0.00518,0.45628,0.45083
22,100,1,0.2,0.3,0.5,0.00518,0.39408,0.40123
23,100,1,0.2,0.3,0.5,0.00518,0.46357,0.46016
24,100,1,0.2,0.3,0.5,0.00518,0.59453,0.58315
25,100,1,0.2,0.3,0.5,0.00518,0.54969,0.55069
26,100,1,0.2,0.3,0.5,0.00518,0.42578,0.43108
27,100,1,0.2,0.3,0.5,0.00518,0.50608,0.49214
28,100,1,0.2,0.3,0.5,0.00518,0.40091,0.4039
29,100,1,0.2,0.3,0.5,0.00518,0.49405,0.49695
30,100,1,0.2,0.3,0.5,0.00518,0.43197,0.43369
31,100,1,0.2,0.3,0.5,0.00518,0.48692,0.48111
32,100,1,0.2,0.3,0.5,0.00518,0.54512,0.55076
33,100,1,0.2,0.3,0.5,0.00518,0.44843,0.46402
34,100,1,0.2,0.3,0.5,0.00518,0.44687,0.44556
35,100,1,0.2,0.3,0.5,0.00518,0.41112,0.39642
36,100,1,0.2,0.3,0.5,0.00518,0.36732,0.36585
37,100,1,0.2,0.3,0.5,0.00518,0.47829,0.47483
38,100,1,0.2,0.3,0.5,0.00518,0.42321,0.41566
39,100,1,0.2,0.3,0.5,0.00518,0.45337,0.46273
40,100,1,0.2,0.3,0.5,0.00518,0.45197,0.45746
41,100,1,0.2,0.3,0.5,0.00518,0.6033,0.59336
42,100,1,0.2,0.3,0.5,0.00518,0.51003,0.50686
43,100,1,0.2,0.3,0.5,0.00518,0.54224,0.54527
44,100,1,0.2,0.3,0.5,0.00518,0.46712,0.47319
45,100,1,0.2,0.3,0.5,0.00518,0.41646,0.42115
46,100,1,0.2,0.3,0.5,0.00518,0.49753,0.49684
47,100,1,0.2,0.3,0.5,0.00518,0.48036,0.47252
48,100,1,0.2,0.3,0.5,0.00518,0.47042,0.47687
49,100,1,0.2,0.3,0.5,0.00518,0.43249,0.43638
50,100,1,0.2,0.3,0.5,0.00518,0.44899,0.44818
51,100,1,0.2,0.3,0.5,0.00518,0.49613,0.4862
52,100,1,0.2,0.3,0.5,0.00518,0.42702,0.43393
53,100,1,0.2,0.3,0.5,0.00518,0.49317,0.49148
54,100,1,0.2,0.3,0.5,0.00518,0.46028,0.46754
55,100,1,0.2,0.3,0.5,0.00518,0.40323,0.40357
56,100,1,0.2,0.3,0.5,0.00518,0.38737,0.38475
57,100,1,0.2,0.3,0.5,0.00518,0.46462,0.46323
58,100,1,0.2,0.3,0.5,0.00518,0.3838,0.385
59,100,1,0.2,0.3,0.5,0.00518,0.5464,0.54651
60,100,1,0.2,0.3,0.5,0.00518,0.43618,0.43632
61,100,1,0.2,0.3,0.5,0.00518,0.41244,0.42371
62,100,1,0.2,0.3,0.5,0.00518,0.47682,0.4762
63,100,1,0.2,0.3,0.5,0.00518,0.47787,0.48436
64,100,1,0.2,0.3,0.5,0.00518,0.43211,0.43506
65,100,1,0.2,0.3,0.5,0.00518,0.37203,0.3741
66,100,1,0.2,0.3,0.5,0.00518,0.55716,0.55972
67,100,1,0.2,0.3,0.5,0.00518,0.47053,0.47007
68,100,1,0.2,0.3,0.5,0.00518,0.40876,0.40339
69,100,1,0.2,0.3,0.5,0.00518,0.56757,0.56486
70,100,1,0.2,0.3,0.5,0.00518,0.44057,0.44952
71,100,1,0.2,0.3,0.5,0.00518,0.55757,0.55037
72,100,1,0.2,0.3,0.5,0.00518,0.513,0.50859
73,100,1,0.2,0.3,0.5,0.00518,0.45051,0.44684
74,100,1,0.2,0.3,0.5,0.00518,0.61093,0.60698
75,100,1,0.2,0.3,0.5,0.00518,0.45928,0.46161
76,100,1,0.2,0.3,0.5,0.00518,0.6221,0.60589
77,100,1,0.2,0.3,0.5,0.00518,0.5281,0.53973
78,100,1,0.2,0.3,0.5,0.00518,0.42911,0.42907
79,100,1,0.2,0.3,0.5,0.00518,0.49234,0.49721
80,100,1,0.2,0.3,0.5,0.00518,0.44137,0.43711
81,100,1,0.2,0.3,0.5,0.00518,0.47776,0.47522
82,100,1,0.2,0.3,0.5,0.00518,0.44725,0.44476
83,100,1,0.2,0.3,0.5,0.00518,0.52762,0.53461
84,100,1,0.2,0.3,0.5,0.00518,0.46458,0.45823
85,100,1,0.2,0.3,0.5,0.00518,0.49558,0.48894
86,100,1,0.2,0.3,0.5,0.00518,0.38949,0.4
87,100,1,0.2,0.3,0.5,0.00518,0.54598,0.54727
88,100,1,0.2,0.3,0.5,0.00518,0.43718,0.43486
89,100,1,0.2,0.3,0.5,0.00518,0.56969,0.55457
90,100,1,0.2,0.3,0.5,0.00518,0.52568,0.52822
91,100,1,0.2,0.3,0.5,0.00518,0.41322,0.43133
92,100,1,0.2,0.3,0.5,0.00518,0.40675,0.40845
93,100,1,0.2,0.3,0.5,0.00518,0.44655,0.44852
94,100,1,0.2,0.3,0.5,0.00518,0.41184,0.40819
95,100,1,0.2,0.3,0.5,0.00518,0.46681,0.46772
96,100,1,0.2,0.3,0.5,0.00518,0.39513,0.40171
97,100,1,0.2,0.3,0.5,0.00518,0.47829,0.47219
98,100,1,0.2,0.3,0.5,0.00518,0.43403,0.42905
99,100,1,0.2,0.3,0.5,0.00518,0.4323,0.43087
0,100,1,0.2,0.3,0.5,0.00429,0.58431,0.59169
1,100,1,0.2,0.3,0.5,0.00429,0.53984,0.54079
2,100,1,0.2,0.3,0.5,0.00429,0.54715,0.54859
3,100,1,0.2,0.3,0.5,0.00429,0.49026,0.48961
4,100,1,0.2,0.3,0.5,0.00429,0.55761,0.55256
5,100,1,0.2,0.3,0.5,0.00429,0.51776,0.52123
6,100,1,0.2,0.3,0.5,0.00429,0.6861,0.68484
7,100,1,0.2,0.3,0.5,0.00429,0.60073,0.60354
8,100,1,0.2,0.3,0.5,0.00429,0.57526,0.57458
9,100,1,0.2,0.3,0.5,0.00429,0.63321,0.63708
10,100,1,0.2,0.3,0.5,0.00429,0.59019,0.59416
11,100,1,0.2,0.3,0.5,0.00429,0.45299,0.45968
12,100,1,0.2,0.3,0.5,0.00429,0.48266,0.48276
13,100,1,0.2,0.3,0.5,0.00429,0.57472,0.57298
14,100,1,0.2,0.3,0.5,0.00429,0.44184,0.44081
15,100,1,0.2,0.3,0.5,0.00429,0.64079,0.63432
16,100,1,0.2,0.3,0.5,0.00429,0.4632,0.4619
17,100,1,0.2,0.3,0.5,0.00429,0.5771,0.58164
18,100,1,0.2,0.3,0.5,0.00429,0.49032,0.48871
19,100,1,0.2,0.3,0.5,0.00429,0.57482,0.57054
20,100,1,0.2,0.3,0.5,0.00429,0.60737,0.60071
21,100,1,0.2,0.3,0.5,0.00429,0.52667,0.52304
22,100,1,0.2,0.3,0.5,0.00429,0.45047,0.45605
23,100,1,0.2,0.3,0.5,0.00429,0.52647,0.52407
24,100,1,0.2,0.3,0.5,0.00429,0.64726,0.63846
25,100,1,0.2,0.3,0.5,0.00429,0.63963,0.6407
26,100,1,0.2,0.3,0.5,0.00429,0.49182,0.49614
27,100,1,0.2,0.3,0.5,0.00429,0.55991,0.54928
28,100,1,0.2,0.3,0.5,0.00429,0.46047,0.46285
29,100,1,0.2,0.3,0.5,0.00429,0.55945,0.56215
30,100,1,0.2,0.3,0.5,0.00429,0.49393,0.49565
31,100,1,0.2,0.3,0.5,0.00429,0.54993,0.54565
32,100,1,0.2,0.3,0.5,0.00429,0.60545,0.6098
33,100,1,0.2,0.3,0.5,0.00429,0.49903,0.51135
34,100,1,0.2,0.3,0.5,0.00429,0.50769,0.50705
35,100,1,0.2,0.3,0.5,0.00429,0.46094,0.45029
36,100,1,0.2,0.3,0.5,0.00429,0.42865,0.42782
37,100,1,0.2,0.3,0.5,0.00429,0.5583,0.55618
38,100,1,0.2,0.3,0.5,0.00429,0.49013,0.48484
39,100,1,0.2,0.3,0.5,0.00429,0.51129,0.51866
40,100,1,0.2,0.3,0.5,0.00429,0.51691,0.52131
41,100,1,0.2,0.3,0.5,0.00429,0.65614,0.64845
42,100,1,0.2,0.3,0.5,0.00429,0.58403,0.58173
43,100,1,0.2,0.3,0.5,0.00429,0.6078,0.6102
44,100,1,0.2,0.3,0.5,0.00429,0.53138,0.5363
45,100,1,0.2,0.3,0.5,0.00429,0.47616,0.47974
46,100,1,0.2,0.3,0.5,0.00429,0.55632,0.55599
47,100,1,0.2,0.3,0.5,0.00429,0.53888,0.53341
48,100,1,0.2,0.3,0.5,0.00429,0.54284,0.548
49,100,1,0.2,0.3,0.5,0.00429,0.49757,0.50059
50,100,1,0.2,0.3,0.5,0.00429,0.50866,0.50829
51,100,1,0.2,0.3,0.5,0.00429,0.54555,0.53788
52,100,1,0.2,0.3,0.5,0.00429,0.48666,0.49176
53,100,1,0.2,0.3,0.5,0.00429,0.55371,0.55253
54,100,1,0.2,0.3,0.5,0.00429,0.52035,0.526
55,100,1,0.2,0.3,0.5,0.00429,0.46287,0.46348
56,100,1,0.2,0.3,0.5,0.00429,0.44545,0.44406
57,100,1,0.2,0.3,0.5,0.00429,0.52565,0.52462
58,100,1,0.2,0.3,0.5,0.00429,0.44106,0.44221
59,100,1,0.2,0.3,0.5,0.00429,0.60584,0.6061
60,100,1,0.2,0.3,0.5,0.00429,0.50196,0.50219
61,100,1,0.2,0.3,0.5,0.00429,0.47338,0.48185
62,100,1,0.2,0.3,0.5,0.00429,0.53139,0.53141
63,100,1,0.2,0.3,0.5,0.00429,0.54296,0.54831
64,100,1,0.2,0.3,0.5,0.00429,0.50232,0.50493
65,100,1,0.2,0.3,0.5,0.00429,0.43339,0.43522
66,100,1,0.2,0.3,0.5,0.00429,0.61461,0.61668
67,100,1,0.2,0.3,0.5,0.00429,0.52022,0.51997
68,100,1,0.2,0.3,0.5,0.00429,0.46591,0.46215
69,100,1,0.2,0.3,0.5,0.00429,0.63333,0.6314
70,100,1,0.2,0.3,0.5,0.00429,0.50725,0.51424
71,100,1,0.2,0.3,0.5,0.00429,0.61469,0.60941
72,100,1,0.2,0.3,0.5,0.00429,0.58348,0.58039
73,100,1,0.2,0.3,0.5,0.00429,0.51557,0.51311
74,100,1,0.2,0.3,0.5,0.00429,0.67512,0.67208
75,100,1,0.2,0.3,0.5,0.00429,0.52523,0.5271
76,100,1,0.2,0.3,0.5,0.00429,0.68067,0.66866
77,100,1,0.2,0.3,0.5,0.00429,0.57939,0.58855
78,100,1,0.2,0.3,0.5,0.00429,0.4962,0.49631
79,100,1,0.2,0.3,0.5,0.00429,0.56107,0.56521
80,100,1,0.2,0.3,0.5,0.00429,0.49457,0.49168
81,100,1,0.2,0.3,0.5,0.00429,0.53499,0.53357
82,100,1,0.2,0.3,0.5,0.00429,0.50874,0.50691
83,100,1,0.2,0.3,0.5,0.00429,0.59015,0.59559
84,100,1,0.2,0.3,0.5,0.00429,0.52963,0.52508
85,100,1,0.2,0.3,0.5,0.00429,0.56159,0.55665
86,100,1,0.2,0.3,0.5,0.00429,0.4525,0.46063
87,100,1,0.2,0.3,0.5,0.00429,0.60404,0.60531
88,100,1,0.2,0.3,0.5,0.00429,0.50466,0.50305
89,100,1,0.2,0.3,0.5,0.00429,0.62472,0.61285
90,100,1,0.2,0.3,0.5,0.00429,0.59698,0.59904
91,100,1,0.2,0.3,0.5,0.00429,0.46172,0.47576
92,100,1,0.2,0.3,0.5,0.00429,0.46316,0.46474
93,100,1,0.2,0.3,0.5,0.00429,0.49888,0.50071
94,100,1,0.2,0.3,0.5,0.00429,0.47144,0.46926
95,100,1,0.2,0.3,0.5,0.00429,0.52495,0.52565
96,100,1,0.2,0.3,0.5,0.00429,0.45967,0.46455
97,100,1,0.2,0.3,0.5,0.00429,0.53686,0.53243
98,100,1,0.2,0.3,0.5,0.00429,0.47967,0.47615
99,100,1,0.2,0.3,0.5,0.00429,0.49319,0.49225
0,100,1,0.2,0.3,0.5,0.00356,0.65543,0.66102
1,100,1,0.2,0.3,0.5,0.00356,0.60856,0.60945
2,100,1,0.2,0.3,0.5,0.00356,0.62139,0.62256
3,100,1,0.2,0.3,0.5,0.00356,0.55043,0.55002
4,100,1,0.2,0.3,0.5,0.00356,0.61929,0.6155
5,100,1,0.2,0.3,0.5,0.00356,0.58062,0.58319
6,100,1,0.2,0.3,0.5,0.00356,0.76114,0.76042
7,100,1,0.2,0.3,0.5,0.00356,0.66656,0.66874
8,100,1,0.2,0.3,0.5,0.00356,0.64466,0.64425
9,100,1,0.2,0.3,0.5,0.00356,0.70517,0.70833
10,100,1,0.2,0.3,0.5,0.00356,0.66066,0.66386
11,100,1,0.2,0.3,0.5,0.00356,0.52422,0.52935
12,100,1,0.2,0.3,0.5,0.00356,0.55119,0.55134
13,100,1,0.2,0.3,0.5,0.00356,0.64743,0.64635
14,100,1,0.2,0.3,0.5,0.00356,0.50478,0.50412
15,100,1,0.2,0.3,0.5,0.00356,0.72211,0.71756
16,100,1,0.2,0.3,0.5,0.00356,0.52913,0.52835
17,100,1,0.2,0.3,0.5,0.00356,0.65608,0.65972
18,100,1,0.2,0.3,0.5,0.00356,0.55989,0.55872
19,100,1,0.2,0.3,0.5,0.00356,0.63789,0.63489
20,100,1,0.2,0.3,0.5,0.00356,0.67221,0.66723
21,100,1,0.2,0.3,0.5,0.00356,0.6081,0.60571
22,100,1,0.2,0.3,0.5,0.00356,0.51485,0.51913
23,100,1,0.2,0.3,0.5,0.00356,0.59801,0.59632
24,100,1,0.2,0.3,0.5,0.00356,0.70609,0.69928
25,100,1,0.2,0.3,0.5,0.00356,0.7372,0.73819
26,100,1,0.2,0.3,0.5,0.00356,0.569,0.57245
27,100,1,0.2,0.3,0.5,0.00356,0.6209,0.61283
28,100,1,0.2,0.3,0.5,0.00356,0.52434,0.52615
29,100,1,0.2,0.3,0.5,0.00356,0.63065,0.63305
30,100,1,0.2,0.3,0.5,0.00356,0.56428,0.56587
31,100,1,0.2,0.3,0.5,0.00356,0.61962,0.61643
32,100,1,0.2,0.3,0.5,0.00356,0.6694,0.67271
33,100,1,0.2,0.3,0.5,0.00356,0.55467,0.56433
34,100,1,0.2,0.3,0.5,0.00356,0.57387,0.57361
35,100,1,0.2,0.3,0.5,0.00356,0.52054,0.51286
36,100,1,0.2,0.3,0.5,0.00356,0.49964,0.49919
37,100,1,0.2,0.3,0.5,0.00356,0.64741,0.64612
38,100,1,0.2,0.3,0.5,0.00356,0.56713,0.56341
39,100,1,0.2,0.3,0.5,0.00356,0.57701,0.58273
40,100,1,0.2,0.3,0.5,0.00356,0.59004,0.59352
41,100,1,0.2,0.3,0.5,0.00356,0.71473,0.70881
42,100,1,0.2,0.3,0.5,0.00356,0.66449,0.66283
43,100,1,0.2,0.3,0.5,0.00356,0.67757,0.67946
44,100,1,0.2,0.3,0.5,0.00356,0.60585,0.60978
45,100,1,0.2,0.3,0.5,0.00356,0.54251,0.54521
46,100,1,0.2,0.3,0.5,0.00356,0.62031,0.6202
47,100,1,0.2,0.3,0.5,0.00356,0.60465,0.60083
48,100,1,0.2,0.3,0.5,0.00356,0.62409,0.62816
49,100,1,0.2,0.3,0.5,0.00356,0.57031,0.57262
50,100,1,0.2,0.3,0.5,0.00356,0.57662,0.57651
51,100,1,0.2,0.3,0.5,0.00356,0.60251,0.59659
52,100,1,0.2,0.3,0.5,0.00356,0.55321,0.55691
53,100,1,0.2,0.3,0.5,0.00356,0.62045,0.61964
54,100,1,0.2,0.3,0.5,0.00356,0.58608,0.59047
55,100,1,0.2,0.3,0.5,0.00356,0.53059,0.53129
56,100,1,0.2,0.3,0.5,0.00356,0.51317,0.51252
57,100,1,0.2,0.3,0.5,0.00356,0.59432,0.59351
58,100,1,0.2,0.3,0.5,0.00356,0.50676,0.50778
59,100,1,0.2,0.3,0.5,0.00356,0.66972,0.67003
60,100,1,0.2,0.3,0.5,0.00356,0.574,0.5742
61,100,1,0.2,0.3,0.5,0.00356,0.54164,0.54797
62,100,1,0.2,0.3,0.5,0.00356,0.59186,0.59224
63,100,1,0.2,0.3,0.5,0.00356,0.61405,0.6184
64,100,1,0.2,0.3,0.5,0.00356,0.58168,0.58392
65,100,1,0.2,0.3,0.5,0.00356,0.50254,0.50407
66,100,1,0.2,0.3,0.5,0.00356,0.67734,0.67896
67,100,1,0.2,0.3,0.5,0.00356,0.57565,0.57551
68,100,1,0.2,0.3,0.5,0.00356,0.53164,0.52901
69,100,1,0.2,0.3,0.5,0.00356,0.70422,0.70279
70,100,1,0.2,0.3,0.5,0.00356,0.58269,0.5881
71,100,1,0.2,0.3,0.5,0.00356,0.67928,0.67547
72,100,1,0.2,0.3,0.5,0.00356,0.65967,0.65749
73,100,1,0.2,0.3,0.5,0.00356,0.59006,0.58842
74,100,1,0.2,0.3,0.5,0.00356,0.74478,0.74244
75,100,1,0.2,0.3,0.5,0.00356,0.59858,0.60003
76,100,1,0.2,0.3,0.5,0.00356,0.74671,0.73784
77,100,1,0.2,0.3,0.5,0.00356,0.63822,0.64533
78,100,1,0.2,0.3,0.5,0.00356,0.5724,0.57255
79,100,1,0.2,0.3,0.5,0.00356,0.63566,0.63909
80,100,1,0.2,0.3,0.5,0.00356,0.55398,0.552
81,100,1,0.2,0.3,0.5,0.00356,0.60049,0.5998
82,100,1,0.2,0.3,0.5,0.00356,0.57816,0.57677
83,100,1,0.2,0.3,0.5,0.00356,0.65741,0.66161
84,100,1,0.2,0.3,0.5,0.00356,0.5991,0.59578
85,100,1,0.2,0.3,0.5,0.00356,0.63405,0.63036
86,100,1,0.2,0.3,0.5,0.00356,0.52273,0.52898
87,100,1,0.2,0.3,0.5,0.00356,0.66672,0.66788
88,100,1,0.2,0.3,0.5,0.00356,0.58061,0.57945
89,100,1,0.2,0.3,0.5,0.00356,0.68737,0.67808
90,100,1,0.2,0.3,0.5,0.00356,0.67795,0.67964
91,100,1,0.2,0.3,0.5,0.00356,0.51756,0.52831
92,100,1,0.2,0.3,0.5,0.00356,0.52514,0.52655
93,100,1,0.2,0.3,0.5,0.00356,0.55819,0.5598
94,100,1,0.2,0.3,0.5,0.00356,0.53895,0.53772
95,100,1,0.2,0.3,0.5,0.00356,0.58881,0.58933
96,100,1,0.2,0.3,0.5,0.00356,0.53055,0.53416
97,100,1,0.2,0.3,0.5,0.00356,0.60191,0.59869
98,100,1,0.2,0.3,0.5,0.00356,0.53488,0.53243
99,100,1,0.2,0.3,0.5,0.00356,0.56014,0.55951
0,100,1,0.2,0.3,0.5,0.00295,0.73322,0.73741
1,100,1,0.2,0.3,0.5,0.00295,0.68437,0.68518
2,100,1,0.2,0.3,0.5,0.00295,0.70423,0.70516
3,100,1,0.2,0.3,0.5,0.00295,0.61926,0.61899
4,100,1,0.2,0.3,0.5,0.00295,0.68855,0.68571
5,100,1,0.2,0.3,0.5,0.00295,0.64972,0.65158
6,100,1,0.2,0.3,0.5,0.00295,0.84318,0.84281
7,100,1,0.2,0.3,0.5,0.00295,0.73974,0.74141
8,100,1,0.2,0.3,0.5,0.00295,0.72163,0.72139
9,100,1,0.2,0.3,0.5,0.00295,0.78382,0.78639
10,100,1,0.2,0.3,0.5,0.00295,0.7394,0.74197
11,100,1,0.2,0.3,0.5,0.00295,0.60415,0.60805
12,100,1,0.2,0.3,0.5,0.00295,0.62661,0.62675
13,100,1,0.2,0.3,0.5,0.00295,0.72885,0.72819
14,100,1,0.2,0.3,0.5,0.00295,0.57527,0.57483
15,100,1,0.2,0.3,0.5,0.00295,0.81553,0.81235
16,100,1,0.2,0.3,0.5,0.00295,0.60301,0.60255
17,100,1,0.2,0.3,0.5,0.00295,0.74232,0.74525
18,100,1,0.2,0.3,0.5,0.00295,0.63639,0.63551
19,100,1,0.2,0.3,0.5,0.00295,0.71006,0.70795
20,100,1,0.2,0.3,0.5,0.00295,0.74248,0.73875
21,100,1,0.2,0.3,0.5,0.00295,0.70073,0.69917
22,100,1,0.2,0.3,0.5,0.00295,0.58836,0.5916
23,100,1,0.2,0.3,0.5,0.00295,0.67946,0.67827
24,100,1,0.2,0.3,0.5,0.00295,0.77217,0.76689
25,100,1,0.2,0.3,0.5,0.00295,0.84086,0.84169
26,100,1,0.2,0.3,0.5,0.00295,0.65879,0.6615
27,100,1,0.2,0.3,0.5,0.00295,0.68975,0.68365
28,100,1,0.2,0.3,0.5,0.00295,0.5933,0.5946
29,100,1,0.2,0.3,0.5,0.00295,0.70804,0.71009
30,100,1,0.2,0.3,0.5,0.00295,0.64339,0.64477
31,100,1,0.2,0.3,0.5,0.00295,0.69747,0.69509
32,100,1,0.2,0.3,0.5,0.00295,0.73829,0.74079
33,100,1,0.2,0.3,0.5,0.00295,0.61687,0.62435
34,100,1,0.2,0.3,0.5,0.00295,0.64653,0.64649
35,100,1,0.2,0.3,0.5,0.00295,0.59078,0.58526
36,100,1,0.2,0.3,0.5,0.00295,0.58053,0.58029
37,100,1,0.2,0.3,0.5,0.00295,0.74586,0.74508
38,100,1,0.2,0.3,0.5,0.00295,0.65429,0.65166
39,100,1,0.2,0.3,0.5,0.00295,0.65094,0.65535
40,100,1,0.2,0.3,0.5,0.00295,0.67344,0.67616
41,100,1,0.2,0.3,0.5,0.00295,0.7805,0.77598
42,100,1,0.2,0.3,0.5,0.00295,0.75167,0.75049
43,100,1,0.2,0.3,0.5,0.00295,0.75175,0.75323
44,100,1,0.2,0.3,0.5,0.00295,0.69206,0.69516
45,100,1,0.2,0.3,0.5,0.00295,0.61632,0.61833
46,100,1,0.2,0.3,0.5,0.00295,0.69123,0.69126
47,100,1,0.2,0.3,0.5,0.00295,0.6778,0.67512
48,100,1,0.2,0.3,0.5,0.00295,0.71519,0.71835
49,100,1,0.2,0.3,0.5,0.00295,0.65091,0.65265
50,100,1,0.2,0.3,0.5,0.00295,0.65414,0.65416
51,100,1,0.2,0.3,0.5,0.00295,0.66814,0.66355
52,100,1,0.2,0.3,0.5,0.00295,0.62774,0.6304
53,100,1,0.2,0.3,0.5,0.00295,0.69436,0.69382
54,100,1,0.2,0.3,0.5,0.00295,0.6587,0.6621
55,100,1,0.2,0.3,0.5,0.00295,0.60766,0.60834
56,100,1,0.2,0.3,0.5,0.00295,0.59149,0.59127
57,100,1,0.2,0.3,0.5,0.00295,0.67127,0.6706
58,100,1,0.2,0.3,0.5,0.00295,0.58173,0.5826
59,100,1,0.2,0.3,0.5,0.00295,0.73818,0.73848
60,100,1,0.2,0.3,0.5,0.00295,0.6532,0.65331
61,100,1,0.2,0.3,0.5,0.00295,0.61774,0.62245
62,100,1,0.2,0.3,0.5,0.00295,0.65891,0.65947
63,100,1,0.2,0.3,0.5,0.00295,0.69188,0.69538
64,100,1,0.2,0.3,0.5,0.00295,0.67052,0.6724
65,100,1,0.2,0.3,0.5,0.00295,0.57975,0.58098
66,100,1,0.2,0.3,0.5,0.00295,0.74621,0.74746
67,100,1,0.2,0.3,0.5,0.00295,0.63757,0.63748
68,100,1,0.2,0.3,0.5,0.00295,0.60658,0.60472
69,100,1,0.2,0.3,0.5,0.00295,0.78081,0.77972
70,100,1,0.2,0.3,0.5,0.00295,0.6685,0.67267
71,100,1,0.2,0.3,0.5,0.00295,0.75269,0.74998
72,100,1,0.2,0.3,0.5,0.00295,0.74123,0.73968
73,100,1,0.2,0.3,0.5,0.00295,0.67526,0.67416
74,100,1,0.2,0.3,0.5,0.00295,0.82061,0.8188
75,100,1,0.2,0.3,0.5,0.00295,0.67949,0.68058
76,100,1,0.2,0.3,0.5,0.00295,0.82074,0.81423
77,100,1,0.2,0.3,0.5,0.00295,0.70656,0.712
78,100,1,0.2,0.3,0.5,0.00295,0.65819,0.6583
79,100,1,0.2,0.3,0.5,0.00295,0.71579,0.71859
80,100,1,0.2,0.3,0.5,0.00295,0.6202,0.61882
81,100,1,0.2,0.3,0.5,0.00295,0.67549,0.67524
82,100,1,0.2,0.3,0.5,0.00295,0.65646,0.65537
83,100,1,0.2,0.3,0.5,0.00295,0.7299,0.73314
84,100,1,0.2,0.3,0.5,0.00295,0.67289,0.67042
85,100,1,0.2,0.3,0.5,0.00295,0.71293,0.71018
86,100,1,0.2,0.3,0.5,0.00295,0.60118,0.60596
87,100,1,0.2,0.3,0.5,0.00295,0.7351,0.7361
88,100,1,0.2,0.3,0.5,0.00295,0.66494,0.66407
89,100,1,0.2,0.3,0.5,0.00295,0.75926,0.75201
90,100,1,0.2,0.3,0.5,0.00295,0.76932,0.7707
91,100,1,0.2,0.3,0.5,0.00295,0.58293,0.59105
92,100,1,0.2,0.3,0.5,0.00295,0.59371,0.59494
93,100,1,0.2,0.3,0.5,0.00295,0.62599,0.62735
94,100,1,0.2,0.3,0.5,0.00295,0.61493,0.61431
95,100,1,0.2,0.3,0.5,0.00295,0.6593,0.65968
96,100,1,0.2,0.3,0.5,0.00295,0.60846,0.61112
97,100,1,0.2,0.3,0.5,0.00295,0.67477,0.67242
98,100,1,0.2,0.3,0.5,0.00295,0.60215,0.60047
99,100,1,0.2,0.3,0.5,0.00295,0.63427,0.63384
0,100,1,0.2,0.3,0.5,0.00244,0.81816,0.82128
1,100,1,0.2,0.3,0.5,0.00244,0.76843,0.76916
2,100,1,0.2,0.3,0.5,0.00244,0.79623,0.79695
3,100,1,0.2,0.3,0.5,0.00244,0.69795,0.69776
4,100,1,0.2,0.3,0.5,0.00244,0.76638,0.76424
5,100,1,0.2,0.3,0.5,0.00244,0.72676,0.72808
6,100,1,0.2,0.3,0.5,0.00244,0.93176,0.93159
7,100,1,0.2,0.3,0.5,0.00244,0.82372,0.825
8,100,1,0.2,0.3,0.5,0.00244,0.80812,0.80799
9,100,1,0.2,0.3,0.5,0.00244,0.87087,0.87293
10,100,1,0.2,0.3,0.5,0.00244,0.82783,0.82987
11,100,1,0.2,0.3,0.5,0.00244,0.69353,0.69649
12,100,1,0.2,0.3,0.5,0.00244,0.70942,0.70953
13,100,1,0.2,0.3,0.5,0.00244,0.81985,0.81947
14,100,1,0.2,0.3,0.5,0.00244,0.65495,0.65465
15,100,1,0.2,0.3,0.5,0.00244,0.92116,0.91895
16,100,1,0.2,0.3,0.5,0.00244,0.68575,0.68548
17,100,1,0.2,0.3,0.5,0.00244,0.83571,0.83807
18,100,1,0.2,0.3,0.5,0.00244,0.72046,0.71979
19,100,1,0.2,0.3,0.5,0.00244,0.79259,0.7911
20,100,1,0.2,0.3,0.5,0.00244,0.819,0.8162
21,100,1,0.2,0.3,0.5,0.00244,0.80447,0.80345
22,100,1,0.2,0.3,0.5,0.00244,0.67245,0.67489
23,100,1,0.2,0.3,0.5,0.00244,0.77213,0.77129
24,100,1,0.2,0.3,0.5,0.00244,0.8469,0.8428
25,100,1,0.2,0.3,0.5,0.00244,0.95035,0.95102
26,100,1,0.2,0.3,0.5,0.00244,0.76256,0.76467
27,100,1,0.2,0.3,0.5,0.00244,0.76727,0.76268
28,100,1,0.2,0.3,0.5,0.00244,0.6687,0.66959
29,100,1,0.2,0.3,0.5,0.00244,0.79228,0.79399
30,100,1,0.2,0.3,0.5,0.00244,0.73168,0.73284
31,100,1,0.2,0.3,0.5,0.00244,0.78541,0.78362
32,100,1,0.2,0.3,0.5,0.00244,0.81391,0.81578
33,100,1,0.2,0.3,0.5,0.00244,0.6872,0.69295
34,100,1,0.2,0.3,0.5,0.00244,0.72739,0.72748
35,100,1,0.2,0.3,0.5,0.00244,0.67238,0.66841
36,100,1,0.2,0.3,0.5,0.00244,0.6716,0.67147
37,100,1,0.2,0.3,0.5,0.00244,0.85328,0.85279
38,100,1,0.2,0.3,0.5,0.00244,0.75186,0.75
39,100,1,0.2,0.3,0.5,0.00244,0.73346,0.73684
40,100,1,0.2,0.3,0.5,0.00244,0.76941,0.77152
41,100,1,0.2,0.3,0.5,0.00244,0.85505,0.85162
42,100,1,0.2,0.3,0.5,0.00244,0.84585,0.84501
43,100,1,0.2,0.3,0.5,0.00244,0.83089,0.83204
44,100,1,0.2,0.3,0.5,0.00244,0.79127,0.79369
45,100,1,0.2,0.3,0.5,0.00244,0.69848,0.69998
46,100,1,0.2,0.3,0.5,0.00244,0.77188,0.77198
47,100,1,0.2,0.3,0.5,0.00244,0.75858,0.75669
48,100,1,0.2,0.3,0.5,0.00244,0.81698,0.81941
49,100,1,0.2,0.3,0.5,0.00244,0.73935,0.74065
50,100,1,0.2,0.3,0.5,0.00244,0.74247,0.74256
51,100,1,0.2,0.3,0.5,0.00244,0.74337,0.73983
52,100,1,0.2,0.3,0.5,0.00244,0.7114,0.71329
53,100,1,0.2,0.3,0.5,0.00244,0.77649,0.77616
54,100,1,0.2,0.3,0.5,0.00244,0.73966,0.74228
55,100,1,0.2,0.3,0.5,0.00244,0.69537,0.69599
56,100,1,0.2,0.3,0.5,0.00244,0.68189,0.68192
57,100,1,0.2,0.3,0.5,0.00244,0.75711,0.75655
58,100,1,0.2,0.3,0.5,0.00244,0.66704,0.66776
59,100,1,0.2,0.3,0.5,0.00244,0.81168,0.81194
60,100,1,0.2,0.3,0.5,0.00244,0.74075,0.74077
61,100,1,0.2,0.3,0.5,0.00244,0.70214,0.70563
62,100,1,0.2,0.3,0.5,0.00244,0.73355,0.73416
63,100,1,0.2,0.3,0.5,0.00244,0.77762,0.78041
64,100,1,0.2,0.3,0.5,0.00244,0.76904,0.77058
65,100,1,0.2,0.3,0.5,0.00244,0.66523,0.6662
66,100,1,0.2,0.3,0.5,0.00244,0.82214,0.82309
67,100,1,0.2,0.3,0.5,0.00244,0.70682,0.70676
68,100,1,0.2,0.3,0.5,0.00244,0.69097,0.68966
69,100,1,0.2,0.3,0.5,0.00244,0.86425,0.8634
70,100,1,0.2,0.3,0.5,0.00244,0.76685,0.77004
71,100,1,0.2,0.3,0.5,0.00244,0.83621,0.83431
72,100,1,0.2,0.3,0.5,0.00244,0.8281,0.827
73,100,1,0.2,0.3,0.5,0.00244,0.77263,0.77192
74,100,1,0.2,0.3,0.5,0.00244,0.90321,0.90181
75,100,1,0.2,0.3,0.5,0.00244,0.76787,0.76868
76,100,1,0.2,0.3,0.5,0.00244,0.9032,0.89842
77,100,1,0.2,0.3,0.5,0.00244,0.78616,0.79028
78,100,1,0.2,0.3,0.5,0.00244,0.75406,0.75412
79,100,1,0.2,0.3,0.5,0.00244,0.80174,0.80399
80,100,1,0.2,0.3,0.5,0.00244,0.69382,0.69285
81,100,1,0.2,0.3,0.5,0.00244,0.76073,0.76073
82,100,1,0.2,0.3,0.5,0.00244,0.7448,0.74393
83,100,1,0.2,0.3,0.5,0.00244,0.80851,0.81099
84,100,1,0.2,0.3,0.5,0.00244,0.75147,0.7496
85,100,1,0.2,0.3,0.5,0.00244,0.7985,0.79644
86,100,1,0.2,0.3,0.5,0.00244,0.68905,0.6927
87,100,1,0.2,0.3,0.5,0.00244,0.81044,0.81128
88,100,1,0.2,0.3,0.5,0.00244,0.75728,0.75661
89,100,1,0.2,0.3,0.5,0.00244,0.84187,0.83622
90,100,1,0.2,0.3,0.5,0.00244,0.87171,0.87285
91,100,1,0.2,0.3,0.5,0.00244,0.65982,0.66587
92,100,1,0.2,0.3,0.5,0.00244,0.6701,0.67115
93,100,1,0.2,0.3,0.5,0.00244,0.70373,0.70484
94,100,1,0.2,0.3,0.5,0.00244,0.70016,0.69991
95,100,1,0.2,0.3,0.5,0.00244,0.73772,0.73798
96,100,1,0.2,0.3,0.5,0.00244,0.69433,0.6963
97,100,1,0.2,0.3,0.5,0.00244,0.75742,0.75569
98,100,1,0.2,0.3,0.5,0.00244,0.68376,0.68264
99,100,1,0.2,0.3,0.5,0.00244,0.71702,0.71673
0,100,1,0.2,0.3,0.5,0.00202,0.91095,0.91324
1,100,1,0.2,0.3,0.5,0.00202,0.86194,0.86259
2,100,1,0.2,0.3,0.5,0.00202,0.89777,0.89833
3,100,1,0.2,0.3,0.5,0.00202,0.78776,0.78762
4,100,1,0.2,0.3,0.5,0.00202,0.85362,0.85202
5,100,1,0.2,0.3,0.5,0.00202,0.81359,0.8145
6,100,1,0.2,0.3,0.5,0.00202,1.02667,1.02663
7,100,1,0.2,0.3,0.5,0.00202,0.92311,0.92407
8,100,1,0.2,0.3,0.5,0.00202,0.90643,0.90636
9,100,1,0.2,0.3,0.5,0.00202,0.9683,0.96994
10,100,1,0.2,0.3,0.5,0.00202,0.92764,0.92924
11,100,1,0.2,0.3,0.5,0.00202,0.79293,0.79517
12,100,1,0.2,0.3,0.5,0.00202,0.8001,0.80017
13,100,1,0.2,0.3,0.5,0.00202,0.92156,0.92136
14,100,1,0.2,0.3,0.5,0.00202,0.74578,0.74557
15,100,1,0.2,0.3,0.5,0.00202,1.03877,1.03723
16,100,1,0.2,0.3,0.5,0.00202,0.77817,0.77801
17,100,1,0.2,0.3,0.5,0.00202,0.93612,0.93803
18,100,1,0.2,0.3,0.5,0.00202,0.81317,0.81265
19,100,1,0.2,0.3,0.5,0.00202,0.8869,0.88583
20,100,1,0.2,0.3,0.5,0.00202,0.90286,0.90075
21,100,1,0.2,0.3,0.5,0.00202,0.91942,0.91877
22,100,1,0.2,0.3,0.5,0.00202,0.76886,0.77068
23,100,1,0.2,0.3,0.5,0.00202,0.87697,0.87637
24,100,1,0.2,0.3,0.5,0.00202,0.93187,0.92868
25,100,1,0.2,0.3,0.5,0.00202,1.0666,1.06712
26,100,1,0.2,0.3,0.5,0.00202,0.88163,0.88326
27,100,1,0.2,0.3,0.5,0.00202,0.85448,0.85103
28,100,1,0.2,0.3,0.5,0.00202,0.75248,0.75304
29,100,1,0.2,0.3,0.5,0.00202,0.88436,0.88576
30,100,1,0.2,0.3,0.5,0.00202,0.82947,0.83042
31,100,1,0.2,0.3,0.5,0.00202,0.88548,0.88415
32,100,1,0.2,0.3,0.5,0.00202,0.89844,0.89984
33,100,1,0.2,0.3,0.5,0.00202,0.7672,0.77158
34,100,1,0.2,0.3,0.5,0.00202,0.81863,0.81878
35,100,1,0.2,0.3,0.5,0.00202,0.7659,0.76304
36,100,1,0.2,0.3,0.5,0.00202,0.77322,0.77315
37,100,1,0.2,0.3,0.5,0.00202,0.96859,0.96827
38,100,1,0.2,0.3,0.5,0.00202,0.86042,0.85911
39,100,1,0.2,0.3,0.5,0.00202,0.82512,0.82771
40,100,1,0.2,0.3,0.5,0.00202,0.88006,0.88167
41,100,1,0.2,0.3,0.5,0.00202,0.94001,0.93743
42,100,1,0.2,0.3,0.5,0.00202,0.9471,0.94653
43,100,1,0.2,0.3,0.5,0.00202,0.91605,0.91695
44,100,1,0.2,0.3,0.5,0.00202,0.90446,0.90634
45,100,1,0.2,0.3,0.5,0.00202,0.78994,0.79105
46,100,1,0.2,0.3,0.5,0.00202,0.86616,0.86631
47,100,1,0.2,0.3,0.5,0.00202,0.8475,0.84617
48,100,1,0.2,0.3,0.5,0.00202,0.93023,0.93209
49,100,1,0.2,0.3,0.5,0.00202,0.83556,0.83652
50,100,1,0.2,0.3,0.5,0.00202,0.84276,0.84289
51,100,1,0.2,0.3,0.5,0.00202,0.8291,0.82636
52,100,1,0.2,0.3,0.5,0.00202,0.80534,0.80665
53,100,1,0.2,0.3,0.5,0.00202,0.86792,0.86774
54,100,1,0.2,0.3,0.5,0.00202,0.83057,0.83258
55,100,1,0.2,0.3,0.5,0.00202,0.79489,0.79542
56,100,1,0.2,0.3,0.5,0.00202,0.78626,0.78642
57,100,1,0.2,0.3,0.5,0.00202,0.85242,0.85194
58,100,1,0.2,0.3,0.5,0.00202,0.76402,0.76462
59,100,1,0.2,0.3,0.5,0.00202,0.89111,0.89132
60,100,1,0.2,0.3,0.5,0.00202,0.83789,0.83784
61,100,1,0.2,0.3,0.5,0.00202,0.79545,0.79805
62,100,1,0.2,0.3,0.5,0.00202,0.81721,0.81781
63,100,1,0.2,0.3,0.5,0.00202,0.87286,0.87507
64,100,1,0.2,0.3,0.5,0.00202,0.87765,0.8789
65,100,1,0.2,0.3,0.5,0.00202,0.75914,0.75989
66,100,1,0.2,0.3,0.5,0.00202,0.90608,0.90679
67,100,1,0.2,0.3,0.5,0.00202,0.78433,0.78429
68,100,1,0.2,0.3,0.5,0.00202,0.78479,0.78385
69,100,1,0.2,0.3,0.5,0.00202,0.95592,0.95525
70,100,1,0.2,0.3,0.5,0.00202,0.88024,0.88267
71,100,1,0.2,0.3,0.5,0.00202,0.93107,0.92977
72,100,1,0.2,0.3,0.5,0.00202,0.92076,0.91999
73,100,1,0.2,0.3,0.5,0.00202,0.88362,0.88318
74,100,1,0.2,0.3,0.5,0.00202,0.99331,0.99223
75,100,1,0.2,0.3,0.5,0.00202,0.86346,0.86405
76,100,1,0.2,0.3,0.5,0.00202,0.99419,0.99068
77,100,1,0.2,0.3,0.5,0.00202,0.87855,0.88164
78,100,1,0.2,0.3,0.5,0.00202,0.86055,0.86057
79,100,1,0.2,0.3,0.5,0.00202,0.8946,0.8964
80,100,1,0.2,0.3,0.5,0.00202,0.77551,0.77482
81,100,1,0.2,0.3,0.5,0.00202,0.85653,0.85666
82,100,1,0.2,0.3,0.5,0.00202,0.84467,0.84396
83,100,1,0.2,0.3,0.5,0.00202,0.89458,0.89648
84,100,1,0.2,0.3,0.5,0.00202,0.83581,0.83439
85,100,1,0.2,0.3,0.5,0.00202,0.89145,0.88992
86,100,1,0.2,0.3,0.5,0.00202,0.78761,0.79038
87,100,1,0.2,0.3,0.5,0.00202,0.89407,0.89474
88,100,1,0.2,0.3,0.5,0.00202,0.85728,0.85675
89,100,1,0.2,0.3,0.5,0.00202,0.93619,0.9318
90,100,1,0.2,0.3,0.5,0.00202,0.98581,0.98676
91,100,1,0.2,0.3,0.5,0.00202,0.74971,0.75418
92,100,1,0.2,0.3,0.5,0.00202,0.75558,0.75645
93,100,1,0.2,0.3,0.5,0.00202,0.79288,0.79376
94,100,1,0.2,0.3,0.5,0.00202,0.79559,0.79556
95,100,1,0.2,0.3,0.5,0.00202,0.82589,0.82606
96,100,1,0.2,0.3,0.5,0.00202,0.78941,0.79088
97,100,1,0.2,0.3,0.5,0.00202,0.8525,0.85122
98,100,1,0.2,0.3,0.5,0.00202,0.78144,0.7807
99,100,1,0.2,0.3,0.5,0.00202,0.80995,0.80975
0,100,1,0.2,0.3,0.5,0.00168,1.01254,1.01423
1,100,1,0.2,0.3,0.5,0.00168,0.96603,0.9666
2,100,1,0.2,0.3,0.5,0.00168,1.00926,1.00969
3,100,1,0.2,0.3,0.5,0.00168,0.89013,0.89004
4,100,1,0.2,0.3,0.5,0.00168,0.95094,0.94973
5,100,1,0.2,0.3,0.5,0.00168,0.91212,0.91273
6,100,1,0.2,0.3,0.5,0.00168,1.12827,1.12831
7,100,1,0.2,0.3,0.5,0.00168,1.04305,1.04378
8,100,1,0.2,0.3,0.5,0.00168,1.01877,1.01875
9,100,1,0.2,0.3,0.5,0.00168,1.07819,1.07948
10,100,1,0.2,0.3,0.5,0.00168,1.04042,1.04169
11,100,1,0.2,0.3,0.5,0.00168,0.90284,0.90454
12,100,1,0.2,0.3,0.5,0.00168,0.89921,0.89925
13,100,1,0.2,0.3,0.5,0.00168,1.03561,1.03552
14,100,1,0.2,0.3,0.5,0.00168,0.84964,0.84948
15,100,1,0.2,0.3,0.5,0.00168,1.16839,1.16731
16,100,1,0.2,0.3,0.5,0.00168,0.88111,0.88101
17,100,1,0.2,0.3,0.5,0.00168,1.04366,1.04519
18,100,1,0.2,0.3,0.5,0.00168,0.91594,0.91552
19,100,1,0.2,0.3,0.5,0.00168,0.99456,0.99378
20,100,1,0.2,0.3,0.5,0.00168,0.99536,0.99378
21,100,1,0.2,0.3,0.5,0.00168,1.04648,1.04608
22,100,1,0.2,0.3,0.5,0.00168,0.8794,0.88075
23,100,1,0.2,0.3,0.5,0.00168,0.99439,0.99396
24,100,1,0.2,0.3,0.5,0.00168,1.02871,1.02623
25,100,1,0.2,0.3,0.5,0.00168,1.19116,1.19155
26,100,1,0.2,0.3,0.5,0.00168,1.01731,1.01857
27,100,1,0.2,0.3,0.5,0.00168,0.95275,0.95017
28,100,1,0.2,0.3,0.5,0.00168,0.84695,0.84726
29,100,1,0.2,0.3,0.5,0.00168,0.98552,0.98665
30,100,1,0.2,0.3,0.5,0.00168,0.93685,0.9376
31,100,1,0.2,0.3,0.5,0.00168,0.99949,0.9985
32,100,1,0.2,0.3,0.5,0.00168,0.99443,0.99546
33,100,1,0.2,0.3,0.5,0.00168,0.85821,0.86152
34,100,1,0.2,0.3,0.5,0.00168,0.92272,0.9229
35,100,1,0.2,0.3,0.5,0.00168,0.87178,0.86971
36,100,1,0.2,0.3,0.5,0.00168,0.88599,0.88594
37,100,1,0.2,0.3,0.5,0.00168,1.09059,1.09037
38,100,1,0.2,0.3,0.5,0.00168,0.98092,0.98
39,100,1,0.2,0.3,0.5,0.00168,0.92668,0.92865
40,100,1,0.2,0.3,0.5,0.00168,1.00704,1.00828
41,100,1,0.2,0.3,0.5,0.00168,1.03714,1.03522
42,100,1,0.2,0.3,0.5,0.00168,1.05551,1.05512
43,100,1,0.2,0.3,0.5,0.00168,1.0089,1.0096
44,100,1,0.2,0.3,0.5,0.00168,1.03251,1.03396
45,100,1,0.2,0.3,0.5,0.00168,0.8916,0.89242
46,100,1,0.2,0.3,0.5,0.00168,0.9791,0.97928
47,100,1,0.2,0.3,0.5,0.00168,0.94542,0.94447
48,100,1,0.2,0.3,0.5,0.00168,1.0558,1.05722
49,100,1,0.2,0.3,0.5,0.00168,0.93953,0.94023
50,100,1,0.2,0.3,0.5,0.00168,0.956,0.95614
51,100,1,0.2,0.3,0.5,0.00168,0.92629,0.92418
52,100,1,0.2,0.3,0.5,0.00168,0.91072,0.91162
53,100,1,0.2,0.3,0.5,0.00168,0.96975,0.96967
54,100,1,0.2,0.3,0.5,0.00168,0.93311,0.93465
55,100,1,0.2,0.3,0.5,0.00168,0.90732,0.90775
56,100,1,0.2,0.3,0.5,0.00168,0.90667,0.9069
57,100,1,0.2,0.3,0.5,0.00168,0.95781,0.95741
58,100,1,0.2,0.3,0.5,0.00168,0.87417,0.87466
59,100,1,0.2,0.3,0.5,0.00168,0.97786,0.97802
60,100,1,0.2,0.3,0.5,0.00168,0.94579,0.94569
61,100,1,0.2,0.3,0.5,0.00168,0.89858,0.90051
62,100,1,0.2,0.3,0.5,0.00168,0.91184,0.91238
63,100,1,0.2,0.3,0.5,0.00168,0.97946,0.98119
64,100,1,0.2,0.3,0.5,0.00168,0.99774,0.99874
65,100,1,0.2,0.3,0.5,0.00168,0.86164,0.8622
66,100,1,0.2,0.3,0.5,0.00168,0.99896,0.99949
67,100,1,0.2,0.3,0.5,0.00168,0.87105,0.87103
68,100,1,0.2,0.3,0.5,0.00168,0.88783,0.88715
69,100,1,0.2,0.3,0.5,0.00168,1.05707,1.05654
70,100,1,0.2,0.3,0.5,0.00168,1.01114,1.01299
71,100,1,0.2,0.3,0.5,0.00168,1.03859,1.03772
72,100,1,0.2,0.3,0.5,0.00168,1.02063,1.02008
73,100,1,0.2,0.3,0.5,0.00168,1.00941,1.00914
74,100,1,0.2,0.3,0.5,0.00168,1.09192,1.09109
75,100,1,0.2,0.3,0.5,0.00168,0.96612,0.96656
76,100,1,0.2,0.3,0.5,0.00168,1.09351,1.09092
77,100,1,0.2,0.3,0.5,0.00168,0.98509,0.9874
78,100,1,0.2,0.3,0.5,0.00168,0.97822,0.97821
79,100,1,0.2,0.3,0.5,0.00168,0.99633,0.99777
80,100,1,0.2,0.3,0.5,0.00168,0.86608,0.86558
81,100,1,0.2,0.3,0.5,0.00168,0.96296,0.96313
82,100,1,0.2,0.3,0.5,0.00168,0.95777,0.95719
83,100,1,0.2,0.3,0.5,0.00168,0.98993,0.99138
84,100,1,0.2,0.3,0.5,0.00168,0.92729,0.9262
85,100,1,0.2,0.3,0.5,0.00168,0.99309,0.99195
86,100,1,0.2,0.3,0.5,0.00168,0.89814,0.90025
87,100,1,0.2,0.3,0.5,0.00168,0.98728,0.98781
88,100,1,0.2,0.3,0.5,0.00168,0.9649,0.96448
89,100,1,0.2,0.3,0.5,0.00168,1.04269,1.03929
90,100,1,0.2,0.3,0.5,0.00168,1.11233,1.11312
91,100,1,0.2,0.3,0.5,0.00168,0.85339,0.85667
92,100,1,0.2,0.3,0.5,0.00168,0.85128,0.852
93,100,1,0.2,0.3,0.5,0.00168,0.895,0.89568
94,100,1,0.2,0.3,0.5,0.00168,0.90223,0.90232
95,100,1,0.2,0.3,0.5,0.00168,0.92614,0.92624
96,100,1,0.2,0.3,0.5,0.00168,0.89524,0.89635
97,100,1,0.2,0.3,0.5,0.00168,0.96309,0.96214
98,100,1,0.2,0.3,0.5,0.00168,0.89601,0.89554
99,100,1,0.2,0.3,0.5,0.00168,0.91467,0.91453
0,100,1,0.2,0.3,0.5,0.00139,1.12426,1.12549
1,100,1,0.2,0.3,0.5,0.00139,1.08202,1.08251
2,100,1,0.2,0.3,0.5,0.00139,1.13147,1.1318
3,100,1,0.2,0.3,0.5,0.00139,1.00666,1.0066
4,100,1,0.2,0.3,0.5,0.00139,1.05884,1.05793
5,100,1,0.2,0.3,0.5,0.00139,1.02431,1.02471
6,100,1,0.2,0.3,0.5,0.00139,1.23762,1.2377
7,100,1,0.2,0.3,0.5,0.00139,1.18845,1.18899
8,100,1,0.2,0.3,0.5,0.00139,1.14711,1.14711
9,100,1,0.2,0.3,0.5,0.00139,1.20214,1.20315
10,100,1,0.2,0.3,0.5,0.00139,1.16724,1.16823
11,100,1,0.2,0.3,0.5,0.00139,1.02377,1.02506
12,100,1,0.2,0.3,0.5,0.00139,1.0075,1.0075
13,100,1,0.2,0.3,0.5,0.00139,1.16448,1.16446
14,100,1,0.2,0.3,0.5,0.00139,0.96788,0.96776
15,100,1,0.2,0.3,0.5,0.00139,1.31111,1.31035
16,100,1,0.2,0.3,0.5,0.00139,0.99556,0.9955
17,100,1,0.2,0.3,0.5,0.00139,1.15874,1.15995
18,100,1,0.2,0.3,0.5,0.00139,1.03025,1.02991
19,100,1,0.2,0.3,0.5,0.00139,1.11711,1.11653
20,100,1,0.2,0.3,0.5,0.00139,1.09801,1.09682
21,100,1,0.2,0.3,0.5,0.00139,1.18775,1.1875
22,100,1,0.2,0.3,0.5,0.00139,1.00579,1.00678
23,100,1,0.2,0.3,0.5,0.00139,1.12415,1.12383
24,100,1,0.2,0.3,0.5,0.00139,1.13883,1.1369
25,100,1,0.2,0.3,0.5,0.00139,1.32558,1.32586
26,100,1,0.2,0.3,0.5,0.00139,1.17091,1.17187
27,100,1,0.2,0.3,0.5,0.00139,1.06406,1.06213
28,100,1,0.2,0.3,0.5,0.00139,0.95439,0.95452
29,100,1,0.2,0.3,0.5,0.00139,1.09714,1.09804
30,100,1,0.2,0.3,0.5,0.00139,1.0539,1.05449
31,100,1,0.2,0.3,0.5,0.00139,1.1289,1.12817
32,100,1,0.2,0.3,0.5,0.00139,1.10445,1.10521
33,100,1,0.2,0.3,0.5,0.00139,0.96133,0.96382
34,100,1,0.2,0.3,0.5,0.00139,1.0424,1.04259
35,100,1,0.2,0.3,0.5,0.00139,0.99055,0.98904
36,100,1,0.2,0.3,0.5,0.00139,1.01085,1.0108
37,100,1,0.2,0.3,0.5,0.00139,1.21878,1.2186
38,100,1,0.2,0.3,0.5,0.00139,1.11448,1.11384
39,100,1,0.2,0.3,0.5,0.00139,1.03898,1.04049
40,100,1,0.2,0.3,0.5,0.00139,1.15158,1.15254
41,100,1,0.2,0.3,0.5,0.00139,1.14882,1.14741
42,100,1,0.2,0.3,0.5,0.00139,1.17148,1.17122
43,100,1,0.2,0.3,0.5,0.00139,1.11147,1.11202
44,100,1,0.2,0.3,0.5,0.00139,1.1763,1.17741
45,100,1,0.2,0.3,0.5,0.00139,1.00428,1.00488
46,100,1,0.2,0.3,0.5,0.00139,1.11669,1.11688
47,100,1,0.2,0.3,0.5,0.00139,1.05344,1.05275
48,100,1,0.2,0.3,0.5,0.00139,1.1946,1.19569
49,100,1,0.2,0.3,0.5,0.00139,1.05148,1.05199
50,100,1,0.2,0.3,0.5,0.00139,1.08308,1.08322
51,100,1,0.2,0.3,0.5,0.00139,1.03608,1.03445
52,100,1,0.2,0.3,0.5,0.00139,1.02894,1.02954
53,100,1,0.2,0.3,0.5,0.00139,1.08319,1.08319
54,100,1,0.2,0.3,0.5,0.00139,1.04915,1.05032
55,100,1,0.2,0.3,0.5,0.00139,1.03388,1.03423
56,100,1,0.2,0.3,0.5,0.00139,1.04542,1.04568
57,100,1,0.2,0.3,0.5,0.00139,1.07398,1.07363
58,100,1,0.2,0.3,0.5,0.00139,0.99904,0.99945
59,100,1,0.2,0.3,0.5,0.00139,1.07365,1.07377
60,100,1,0.2,0.3,0.5,0.00139,1.06547,1.06534
61,100,1,0.2,0.3,0.5,0.00139,1.0128,1.01423
62,100,1,0.2,0.3,0.5,0.00139,1.01958,1.02004
63,100,1,0.2,0.3,0.5,0.00139,1.09927,1.10062
64,100,1,0.2,0.3,0.5,0.00139,1.13218,1.13296
65,100,1,0.2,0.3,0.5,0.00139,0.9729,0.97332
66,100,1,0.2,0.3,0.5,0.00139,1.10168,1.10206
67,100,1,0.2,0.3,0.5,0.00139,0.9681,0.96809
68,100,1,0.2,0.3,0.5,0.00139,0.99997,0.99948
69,100,1,0.2,0.3,0.5,0.00139,1.16869,1.16827
70,100,1,0.2,0.3,0.5,0.00139,1.16134,1.16274
71,100,1,0.2,0.3,0.5,0.00139,1.16023,1.15967
72,100,1,0.2,0.3,0.5,0.00139,1.13024,1.12985
73,100,1,0.2,0.3,0.5,0.00139,1.15075,1.15061
74,100,1,0.2,0.3,0.5,0.00139,1.20036,1.19973
75,100,1,0.2,0.3,0.5,0.00139,1.07622,1.07654
76,100,1,0.2,0.3,0.5,0.00139,1.20081,1.19889
77,100,1,0.2,0.3,0.5,0.00139,1.1071,1.10882
78,100,1,0.2,0.3,0.5,0.00139,1.10787,1.10784
79,100,1,0.2,0.3,0.5,0.00139,1.10959,1.11072
80,100,1,0.2,0.3,0.5,0.00139,0.96655,0.96618
81,100,1,0.2,0.3,0.5,0.00139,1.08013,1.08031
82,100,1,0.2,0.3,0.5,0.00139,1.08595,1.08547
83,100,1,0.2,0.3,0.5,0.00139,1.09669,1.09779
84,100,1,0.2,0.3,0.5,0.00139,1.02756,1.02672
85,100,1,0.2,0.3,0.5,0.00139,1.10523,1.10438
86,100,1,0.2,0.3,0.5,0.00139,1.02207,1.02367
87,100,1,0.2,0.3,0.5,0.00139,1.09125,1.09166
88,100,1,0.2,0.3,0.5,0.00139,1.08061,1.08027
89,100,1,0.2,0.3,0.5,0.00139,1.16142,1.15879
90,100,1,0.2,0.3,0.5,0.00139,1.2517,1.25234
91,100,1,0.2,0.3,0.5,0.00139,0.97106,0.97344
92,100,1,0.2,0.3,0.5,0.00139,0.95832,0.95889
93,100,1,0.2,0.3,0.5,0.00139,1.01177,1.01229
94,100,1,0.2,0.3,0.5,0.00139,1.021,1.02115
95,100,1,0.2,0.3,0.5,0.00139,1.04093,1.04097
96,100,1,0.2,0.3,0.5,0.00139,1.01352,1.01437
97,100,1,0.2,0.3,0.5,0.00139,1.09218,1.09146
98,100,1,0.2,0.3,0.5,0.00139,1.02734,1.02704
99,100,1,0.2,0.3,0.5,0.00139,1.03274,1.03265
0,100,1,0.2,0.3,0.5,0.00115,1.24777,1.24866
1,100,1,0.2,0.3,0.5,0.00115,1.21147,1.21189
2,100,1,0.2,0.3,0.5,0.00115,1.26592,1.26617
3,100,1,0.2,0.3,0.5,0.00115,1.13898,1.13894
4,100,1,0.2,0.3,0.5,0.00115,1.17779,1.1771
5,100,1,0.2,0.3,0.5,0.00115,1.15239,1.15264
6,100,1,0.2,0.3,0.5,0.00115,1.35666,1.35675
7,100,1,0.2,0.3,0.5,0.00115,1.36336,1.36376
8,100,1,0.2,0.3,0.5,0.00115,1.2931,1.29312
9,100,1,0.2,0.3,0.5,0.00115,1.34077,1.34155
10,100,1,0.2,0.3,0.5,0.00115,1.30831,1.30909
11,100,1,0.2,0.3,0.5,0.00115,1.1564,1.15738
12,100,1,0.2,0.3,0.5,0.00115,1.12599,1.12597
13,100,1,0.2,0.3,0.5,0.00115,1.31171,1.31173
14,100,1,0.2,0.3,0.5,0.00115,1.10107,1.10098
15,100,1,0.2,0.3,0.5,0.00115,1.46973,1.46919
16,100,1,0.2,0.3,0.5,0.00115,1.12268,1.12264
17,100,1,0.2,0.3,0.5,0.00115,1.28213,1.28309
18,100,1,0.2,0.3,0.5,0.00115,1.15735,1.15707
19,100,1,0.2,0.3,0.5,0.00115,1.25552,1.25508
20,100,1,0.2,0.3,0.5,0.00115,1.21227,1.21138
21,100,1,0.2,0.3,0.5,0.00115,1.34631,1.34617
22,100,1,0.2,0.3,0.5,0.00115,1.14958,1.1503
23,100,1,0.2,0.3,0.5,0.00115,1.26571,1.26546
24,100,1,0.2,0.3,0.5,0.00115,1.26324,1.26173
25,100,1,0.2,0.3,0.5,0.00115,1.4707,1.4709
26,100,1,0.2,0.3,0.5,0.00115,1.34327,1.34401
27,100,1,0.2,0.3,0.5,0.00115,1.19106,1.18963
28,100,1,0.2,0.3,0.5,0.00115,1.07644,1.07647
29,100,1,0.2,0.3,0.5,0.00115,1.22065,1.22136
30,100,1,0.2,0.3,0.5,0.00115,1.18116,1.18162
31,100,1,0.2,0.3,0.5,0.00115,1.27514,1.27459
32,100,1,0.2,0.3,0.5,0.00115,1.23073,1.23129
33,100,1,0.2,0.3,0.5,0.00115,1.07761,1.07947
34,100,1,0.2,0.3,0.5,0.00115,1.18053,1.18072
35,100,1,0.2,0.3,0.5,0.00115,1.12295,1.12185
36,100,1,0.2,0.3,0.5,0.00115,1.14911,1.14907
37,100,1,0.2,0.3,0.5,0.00115,1.35388,1.35373
38,100,1,0.2,0.3,0.5,0.00115,1.26185,1.26142
39,100,1,0.2,0.3,0.5,0.00115,1.16279,1.16394
40,100,1,0.2,0.3,0.5,0.00115,1.31466,1.31539
41,100,1,0.2,0.3,0.5,0.00115,1.27863,1.27761
42,100,1,0.2,0.3,0.5,0.00115,1.2961,1.29592
43,100,1,0.2,0.3,0.5,0.00115,1.22595,1.22638
44,100,1,0.2,0.3,0.5,0.00115,1.33672,1.33757
45,100,1,0.2,0.3,0.5,0.00115,1.12881,1.12925
46,100,1,0.2,0.3,0.5,0.00115,1.28542,1.2856
47,100,1,0.2,0.3,0.5,0.00115,1.17278,1.17228
48,100,1,0.2,0.3,0.5,0.00115,1.34735,1.34818
49,100,1,0.2,0.3,0.5,0.00115,1.17193,1.17229
50,100,1,0.2,0.3,0.5,0.00115,1.22499,1.22512
51,100,1,0.2,0.3,0.5,0.00115,1.1598,1.15855
52,100,1,0.2,0.3,0.5,0.00115,1.16161,1.162
53,100,1,0.2,0.3,0.5,0.00115,1.20968,1.20972
54,100,1,0.2,0.3,0.5,0.00115,1.18067,1.18155
55,100,1,0.2,0.3,0.5,0.00115,1.17615,1.17642
56,100,1,0.2,0.3,0.5,0.00115,1.20555,1.2058
57,100,1,0.2,0.3,0.5,0.00115,1.20173,1.20144
58,100,1,0.2,0.3,0.5,0.00115,1.14015,1.1405
59,100,1,0.2,0.3,0.5,0.00115,1.18037,1.18045
60,100,1,0.2,0.3,0.5,0.00115,1.19794,1.1978
61,100,1,0.2,0.3,0.5,0.00115,1.13969,1.14076
62,100,1,0.2,0.3,0.5,0.00115,1.1424,1.14278
63,100,1,0.2,0.3,0.5,0.00115,1.23395,1.235
64,100,1,0.2,0.3,0.5,0.00115,1.28507,1.28568
65,100,1,0.2,0.3,0.5,0.00115,1.09322,1.09353
66,100,1,0.2,0.3,0.5,0.00115,1.21515,1.21542
67,100,1,0.2,0.3,0.5,0.00115,1.07681,1.07681
68,100,1,0.2,0.3,0.5,0.00115,1.12139,1.12104
69,100,1,0.2,0.3,0.5,0.00115,1.29173,1.2914
70,100,1,0.2,0.3,0.5,0.00115,1.33134,1.33239
71,100,1,0.2,0.3,0.5,0.00115,1.29778,1.29743
72,100,1,0.2,0.3,0.5,0.00115,1.25338,1.25311
73,100,1,0.2,0.3,0.5,0.00115,1.30783,1.30777
74,100,1,0.2,0.3,0.5,0.00115,1.32009,1.31962
75,100,1,0.2,0.3,0.5,0.00115,1.19493,1.19516
76,100,1,0.2,0.3,0.5,0.00115,1.31572,1.31429
77,100,1,0.2,0.3,0.5,0.00115,1.24583,1.2471
78,100,1,0.2,0.3,0.5,0.00115,1.25106,1.25102
79,100,1,0.2,0.3,0.5,0.00115,1.23745,1.23835
80,100,1,0.2,0.3,0.5,0.00115,1.07799,1.07772
81,100,1,0.2,0.3,0.5,0.00115,1.20844,1.2086
82,100,1,0.2,0.3,0.5,0.00115,1.23108,1.2307
83,100,1,0.2,0.3,0.5,0.00115,1.21713,1.21796
84,100,1,0.2,0.3,0.5,0.00115,1.13835,1.1377
85,100,1,0.2,0.3,0.5,0.00115,1.22996,1.22933
86,100,1,0.2,0.3,0.5,0.00115,1.16102,1.16224
87,100,1,0.2,0.3,0.5,0.00115,1.20683,1.20714
88,100,1,0.2,0.3,0.5,0.00115,1.20537,1.20508
89,100,1,0.2,0.3,0.5,0.00115,1.2923,1.29026
90,100,1,0.2,0.3,0.5,0.00115,1.40394,1.40447
91,100,1,0.2,0.3,0.5,0.00115,1.10245,1.10419
92,100,1,0.2,0.3,0.5,0.00115,1.07781,1.07826
93,100,1,0.2,0.3,0.5,0.00115,1.14489,1.14528
94,100,1,0.2,0.3,0.5,0.00115,1.15266,1.15282
95,100,1,0.2,0.3,0.5,0.00115,1.1723,1.17231
96,100,1,0.2,0.3,0.5,0.00115,1.14606,1.14672
97,100,1,0.2,0.3,0.5,0.00115,1.24186,1.24131
98,100,1,0.2,0.3,0.5,0.00115,1.17486,1.17466
99,100,1,0.2,0.3,0.5,0.00115,1.16555,1.1655
0,100,1,0.2,0.3,0.5,0.00095,1.38528,1.38593
1,100,1,0.2,0.3,0.5,0.00095,1.35622,1.35656
2,100,1,0.2,0.3,0.5,0.00095,1.41496,1.41514
3,100,1,0.2,0.3,0.5,0.00095,1.28855,1.28852
4,100,1,0.2,0.3,0.5,0.00095,1.30833,1.30781
5,100,1,0.2,0.3,0.5,0.00095,1.29903,1.29917
6,100,1,0.2,0.3,0.5,0.00095,1.48822,1.48833
7,100,1,0.2,0.3,0.5,0.00095,1.57062,1.57092
8,100,1,0.2,0.3,0.5,0.00095,1.45834,1.45836
9,100,1,0.2,0.3,0.5,0.00095,1.49362,1.49422
10,100,1,0.2,0.3,0.5,0.00095,1.46311,1.46372
11,100,1,0.2,0.3,0.5,0.00095,1.3017,1.30244
12,100,1,0.2,0.3,0.5,0.00095,1.25608,1.25604
13,100,1,0.2,0.3,0.5,0.00095,1.48162,1.48166
14,100,1,0.2,0.3,0.5,0.00095,1.24907,1.24899
15,100,1,0.2,0.3,0.5,0.00095,1.64886,1.64848
16,100,1,0.2,0.3,0.5,0.00095,1.26349,1.26347
17,100,1,0.2,0.3,0.5,0.00095,1.41507,1.41583
18,100,1,0.2,0.3,0.5,0.00095,1.29796,1.29772
19,100,1,0.2,0.3,0.5,0.00095,1.40993,1.4096
20,100,1,0.2,0.3,0.5,0.00095,1.33935,1.33868
21,100,1,0.2,0.3,0.5,0.00095,1.52585,1.52579
22,100,1,0.2,0.3,0.5,0.00095,1.31222,1.31274
23,100,1,0.2,0.3,0.5,0.00095,1.41876,1.41856
24,100,1,0.2,0.3,0.5,0.00095,1.40256,1.40138
25,100,1,0.2,0.3,0.5,0.00095,1.62605,1.62618
26,100,1,0.2,0.3,0.5,0.00095,1.53438,1.53494
27,100,1,0.2,0.3,0.5,0.00095,1.33691,1.33586
28,100,1,0.2,0.3,0.5,0.00095,1.21377,1.21373
29,100,1,0.2,0.3,0.5,0.00095,1.35745,1.358
30,100,1,0.2,0.3,0.5,0.00095,1.32001,1.32036
31,100,1,0.2,0.3,0.5,0.00095,1.44023,1.43984
32,100,1,0.2,0.3,0.5,0.00095,1.37463,1.37503
33,100,1,0.2,0.3,0.5,0.00095,1.20829,1.20968
34,100,1,0.2,0.3,0.5,0.00095,1.33986,1.34004
35,100,1,0.2,0.3,0.5,0.00095,1.26989,1.26908
36,100,1,0.2,0.3,0.5,0.00095,1.30228,1.30224
37,100,1,0.2,0.3,0.5,0.00095,1.49783,1.49769
38,100,1,0.2,0.3,0.5,0.00095,1.42289,1.4226
39,100,1,0.2,0.3,0.5,0.00095,1.29854,1.29942
40,100,1,0.2,0.3,0.5,0.00095,1.49712,1.49769
41,100,1,0.2,0.3,0.5,0.00095,1.43153,1.4308
42,100,1,0.2,0.3,0.5,0.00095,1.43121,1.4311
43,100,1,0.2,0.3,0.5,0.00095,1.35447,1.35481
44,100,1,0.2,0.3,0.5,0.00095,1.51432,1.51498
45,100,1,0.2,0.3,0.5,0.00095,1.26602,1.26634
46,100,1,0.2,0.3,0.5,0.00095,1.49113,1.49131
47,100,1,0.2,0.3,0.5,0.00095,1.30457,1.30421
48,100,1,0.2,0.3,0.5,0.00095,1.51401,1.51465
49,100,1,0.2,0.3,0.5,0.00095,1.30161,1.30187
50,100,1,0.2,0.3,0.5,0.00095,1.38299,1.38312
51,100,1,0.2,0.3,0.5,0.00095,1.29878,1.29782
52,100,1,0.2,0.3,0.5,0.00095,1.3104,1.31065
53,100,1,0.2,0.3,0.5,0.00095,1.35079,1.35086
54,100,1,0.2,0.3,0.5,0.00095,1.32975,1.33041
55,100,1,0.2,0.3,0.5,0.00095,1.33604,1.33625
56,100,1,0.2,0.3,0.5,0.00095,1.39143,1.39167
57,100,1,0.2,0.3,0.5,0.00095,1.3423,1.34206
58,100,1,0.2,0.3,0.5,0.00095,1.29902,1.29931
59,100,1,0.2,0.3,0.5,0.00095,1.29995,1.3
60,100,1,0.2,0.3,0.5,0.00095,1.34437,1.34423
61,100,1,0.2,0.3,0.5,0.00095,1.281,1.28179
62,100,1,0.2,0.3,0.5,0.00095,1.28191,1.28221
63,100,1,0.2,0.3,0.5,0.00095,1.38484,1.38564
64,100,1,0.2,0.3,0.5,0.00095,1.46023,1.46069
65,100,1,0.2,0.3,0.5,0.00095,1.22325,1.22348
66,100,1,0.2,0.3,0.5,0.00095,1.34057,1.34075
67,100,1,0.2,0.3,0.5,0.00095,1.19881,1.19881
68,100,1,0.2,0.3,0.5,0.00095,1.25272,1.25246
69,100,1,0.2,0.3,0.5,0.00095,1.42741,1.42715
70,100,1,0.2,0.3,0.5,0.00095,1.52024,1.52103
71,100,1,0.2,0.3,0.5,0.00095,1.45336,1.45315
72,100,1,0.2,0.3,0.5,0.00095,1.39505,1.39486
73,100,1,0.2,0.3,0.5,0.00095,1.47985,1.47984
74,100,1,0.2,0.3,0.5,0.00095,1.45269,1.45234
75,100,1,0.2,0.3,0.5,0.00095,1.32463,1.3248
76,100,1,0.2,0.3,0.5,0.00095,1.43791,1.43683
77,100,1,0.2,0.3,0.5,0.00095,1.4022,1.40315
78,100,1,0.2,0.3,0.5,0.00095,1.41058,1.41053
79,100,1,0.2,0.3,0.5,0.00095,1.3832,1.38391
80,100,1,0.2,0.3,0.5,0.00095,1.20142,1.20122
81,100,1,0.2,0.3,0.5,0.00095,1.34848,1.34861
82,100,1,0.2,0.3,0.5,0.00095,1.39475,1.39444
83,100,1,0.2,0.3,0.5,0.00095,1.35339,1.35402
84,100,1,0.2,0.3,0.5,0.00095,1.26115,1.26065
85,100,1,0.2,0.3,0.5,0.00095,1.36921,1.36875
86,100,1,0.2,0.3,0.5,0.00095,1.31685,1.31778
87,100,1,0.2,0.3,0.5,0.00095,1.33449,1.33471
88,100,1,0.2,0.3,0.5,0.00095,1.34042,1.34019
89,100,1,0.2,0.3,0.5,0.00095,1.43542,1.43386
90,100,1,0.2,0.3,0.5,0.00095,1.56877,1.56918
91,100,1,0.2,0.3,0.5,0.00095,1.24705,1.24831
92,100,1,0.2,0.3,0.5,0.00095,1.2109,1.21125
93,100,1,0.2,0.3,0.5,0.00095,1.29563,1.29592
94,100,1,0.2,0.3,0.5,0.00095,1.29796,1.29812
95,100,1,0.2,0.3,0.5,0.00095,1.32109,1.32108
96,100,1,0.2,0.3,0.5,0.00095,1.29481,1.29533
97,100,1,0.2,0.3,0.5,0.00095,1.41261,1.41218
98,100,1,0.2,0.3,0.5,0.00095,1.33853,1.3384
99,100,1,0.2,0.3,0.5,0.00095,1.31421,1.31418
0,100,1,0.2,0.3,0.5,0.00079,1.53968,1.54015
1,100,1,0.2,0.3,0.5,0.00079,1.51819,1.51848
2,100,1,0.2,0.3,0.5,0.00079,1.58152,1.58166
3,100,1,0.2,0.3,0.5,0.00079,1.45646,1.45645
4,100,1,0.2,0.3,0.5,0.00079,1.45115,1.45075
5,100,1,0.2,0.3,0.5,0.00079,1.46749,1.46757
6,100,1,0.2,0.3,0.5,0.00079,1.63598,1.63608
7,100,1,0.2,0.3,0.5,0.00079,1.81119,1.81141
8,100,1,0.2,0.3,0.5,0.00079,1.64445,1.64448
9,100,1,0.2,0.3,0.5,0.00079,1.65965,1.66011
10,100,1,0.2,0.3,0.5,0.00079,1.63056,1.63103
11,100,1,0.2,0.3,0.5,0.00079,1.46086,1.46141
12,100,1,0.2,0.3,0.5,0.00079,1.39957,1.39952
13,100,1,0.2,0.3,0.5,0.00079,1.67891,1.67896
14,100,1,0.2,0.3,0.5,0.00079,1.4114,1.41134
15,100,1,0.2,0.3,0.5,0.00079,1.85368,1.85341
16,100,1,0.2,0.3,0.5,0.00079,1.41861,1.4186
17,100,1,0.2,0.3,0.5,0.00079,1.5594,1.55999
18,100,1,0.2,0.3,0.5,0.00079,1.45225,1.45205
19,100,1,0.2,0.3,0.5,0.00079,1.57975,1.5795
20,100,1,0.2,0.3,0.5,0.00079,1.47997,1.47947
21,100,1,0.2,0.3,0.5,0.00079,1.7304,1.73039
22,100,1,0.2,0.3,0.5,0.00079,1.49507,1.49545
23,100,1,0.2,0.3,0.5,0.00079,1.58359,1.58343
24,100,1,0.2,0.3,0.5,0.00079,1.55708,1.55616
25,100,1,0.2,0.3,0.5,0.00079,1.78987,1.78996
26,100,1,0.2,0.3,0.5,0.00079,1.74324,1.74366
27,100,1,0.2,0.3,0.5,0.00079,1.50487,1.5041
28,100,1,0.2,0.3,0.5,0.00079,1.36622,1.36614
29,100,1,0.2,0.3,0.5,0.00079,1.50868,1.5091
30,100,1,0.2,0.3,0.5,0.00079,1.47279,1.47306
31,100,1,0.2,0.3,0.5,0.00079,1.62706,1.62677
32,100,1,0.2,0.3,0.5,0.00079,1.53643,1.53672
33,100,1,0.2,0.3,0.5,0.00079,1.35512,1.35615
34,100,1,0.2,0.3,0.5,0.00079,1.52258,1.52274
35,100,1,0.2,0.3,0.5,0.00079,1.43233,1.43173
36,100,1,0.2,0.3,0.5,0.00079,1.47169,1.47166
37,100,1,0.2,0.3,0.5,0.00079,1.65328,1.65315
38,100,1,0.2,0.3,0.5,0.00079,1.5965,1.59631
39,100,1,0.2,0.3,0.5,0.00079,1.44611,1.44679
40,100,1,0.2,0.3,0.5,0.00079,1.69955,1.69999
41,100,1,0.2,0.3,0.5,0.00079,1.61307,1.61255
42,100,1,0.2,0.3,0.5,0.00079,1.57915,1.57908
43,100,1,0.2,0.3,0.5,0.00079,1.49899,1.49926
44,100,1,0.2,0.3,0.5,0.00079,1.70892,1.70942
45,100,1,0.2,0.3,0.5,0.00079,1.4167,1.41693
46,100,1,0.2,0.3,0.5,0.00079,1.73705,1.7372
47,100,1,0.2,0.3,0.5,0.00079,1.44978,1.44951
48,100,1,0.2,0.3,0.5,0.00079,1.69344,1.69394
49,100,1,0.2,0.3,0.5,0.00079,1.44146,1.44164
50,100,1,0.2,0.3,0.5,0.00079,1.55875,1.55886
51,100,1,0.2,0.3,0.5,0.00079,1.45403,1.4533
52,100,1,0.2,0.3,0.5,0.00079,1.47648,1.47663
53,100,1,0.2,0.3,0.5,0.00079,1.50809,1.50817
54,100,1,0.2,0.3,0.5,0.00079,1.49825,1.49874
55,100,1,0.2,0.3,0.5,0.00079,1.51566,1.51583
56,100,1,0.2,0.3,0.5,0.00079,1.60855,1.60875
57,100,1,0.2,0.3,0.5,0.00079,1.49753,1.49734
58,100,1,0.2,0.3,0.5,0.00079,1.4774,1.47764
59,100,1,0.2,0.3,0.5,0.00079,1.43414,1.43418
60,100,1,0.2,0.3,0.5,0.00079,1.50634,1.50622
61,100,1,0.2,0.3,0.5,0.00079,1.43839,1.43898
62,100,1,0.2,0.3,0.5,0.00079,1.43937,1.43961
63,100,1,0.2,0.3,0.5,0.00079,1.55291,1.55353
64,100,1,0.2,0.3,0.5,0.00079,1.65934,1.65968
65,100,1,0.2,0.3,0.5,0.00079,1.36434,1.3645
66,100,1,0.2,0.3,0.5,0.00079,1.47958,1.47969
67,100,1,0.2,0.3,0.5,0.00079,1.3358,1.33581
68,100,1,0.2,0.3,0.5,0.00079,1.39516,1.39498
69,100,1,0.2,0.3,0.5,0.00079,1.57758,1.57738
70,100,1,0.2,0.3,0.5,0.00079,1.72627,1.72687
71,100,1,0.2,0.3,0.5,0.00079,1.62948,1.62936
72,100,1,0.2,0.3,0.5,0.00079,1.56132,1.56119
73,100,1,0.2,0.3,0.5,0.00079,1.66475,1.66476
74,100,1,0.2,0.3,0.5,0.00079,1.6,1.59974
75,100,1,0.2,0.3,0.5,0.00079,1.46893,1.46905
76,100,1,0.2,0.3,0.5,0.00079,1.56714,1.56631
77,100,1,0.2,0.3,0.5,0.00079,1.5767,1.57741
78,100,1,0.2,0.3,0.5,0.00079,1.59022,1.59017
79,100,1,0.2,0.3,0.5,0.00079,1.54993,1.5505
80,100,1,0.2,0.3,0.5,0.00079,1.33761,1.33746
81,100,1,0.2,0.3,0.5,0.00079,1.50093,1.50104
82,100,1,0.2,0.3,0.5,0.00079,1.57775,1.5775
83,100,1,0.2,0.3,0.5,0.00079,1.50728,1.50775
84,100,1,0.2,0.3,0.5,0.00079,1.3971,1.39672
85,100,1,0.2,0.3,0.5,0.00079,1.52439,1.52406
86,100,1,0.2,0.3,0.5,0.00079,1.49152,1.49223
87,100,1,0.2,0.3,0.5,0.00079,1.47448,1.47464
88,100,1,0.2,0.3,0.5,0.00079,1.48698,1.48679
89,100,1,0.2,0.3,0.5,0.00079,1.5916,1.5904
90,100,1,0.2,0.3,0.5,0.00079,1.74597,1.7463
91,100,1,0.2,0.3,0.5,0.00079,1.40422,1.40514
92,100,1,0.2,0.3,0.5,0.00079,1.35875,1.35902
93,100,1,0.2,0.3,0.5,0.00079,1.46424,1.46446
94,100,1,0.2,0.3,0.5,0.00079,1.45781,1.45796
95,100,1,0.2,0.3,0.5,0.00079,1.48645,1.48643
96,100,1,0.2,0.3,0.5,0.00079,1.46196,1.46237
97,100,1,0.2,0.3,0.5,0.00079,1.60329,1.60295
98,100,1,0.2,0.3,0.5,0.00079,1.51968,1.5196
99,100,1,0.2,0.3,0.5,0.00079,1.47986,1.47984
0,100,1,0.2,0.3,0.5,0.00066,1.71437,1.7147
1,100,1,0.2,0.3,0.5,0.00066,1.69929,1.69952
2,100,1,0.2,0.3,0.5,0.00066,1.76888,1.76899
3,100,1,0.2,0.3,0.5,0.00066,1.6434,1.6434
4,100,1,0.2,0.3,0.5,0.00066,1.60723,1.60692
5,100,1,0.2,0.3,0.5,0.00066,1.66177,1.6618
6,100,1,0.2,0.3,0.5,0.00066,1.80409,1.80417
7,100,1,0.2,0.3,0.5,0.00066,2.08458,2.08474
8,100,1,0.2,0.3,0.5,0.00066,1.85307,1.85309
9,100,1,0.2,0.3,0.5,0.00066,1.83795,1.8383
10,100,1,0.2,0.3,0.5,0.00066,1.80949,1.80986
11,100,1,0.2,0.3,0.5,0.00066,1.6352,1.63562
12,100,1,0.2,0.3,0.5,0.00066,1.55873,1.55867
13,100,1,0.2,0.3,0.5,0.00066,1.90755,1.9076
14,100,1,0.2,0.3,0.5,0.00066,1.58784,1.58779
15,100,1,0.2,0.3,0.5,0.00066,2.08813,2.08794
16,100,1,0.2,0.3,0.5,0.00066,1.5882,1.58819
17,100,1,0.2,0.3,0.5,0.00066,1.7177,1.71816
18,100,1,0.2,0.3,0.5,0.00066,1.62003,1.61986
19,100,1,0.2,0.3,0.5,0.00066,1.76402,1.76382
20,100,1,0.2,0.3,0.5,0.00066,1.63434,1.63396
21,100,1,0.2,0.3,0.5,0.00066,1.96383,1.96384
22,100,1,0.2,0.3,0.5,0.00066,1.69931,1.69959
23,100,1,0.2,0.3,0.5,0.00066,1.76094,1.76081
24,100,1,0.2,0.3,0.5,0.00066,1.72681,1.72609
25,100,1,0.2,0.3,0.5,0.00066,1.96105,1.9611
26,100,1,0.2,0.3,0.5,0.00066,1.96865,1.96897
27,100,1,0.2,0.3,0.5,0.00066,1.69763,1.69706
28,100,1,0.2,0.3,0.5,0.00066,1.5335,1.53341
29,100,1,0.2,0.3,0.5,0.00066,1.67471,1.67504
30,100,1,0.2,0.3,0.5,0.00066,1.64264,1.64284
31,100,1,0.2,0.3,0.5,0.00066,1.83891,1.8387
32,100,1,0.2,0.3,0.5,0.00066,1.71566,1.71587
33,100,1,0.2,0.3,0.5,0.00066,1.52037,1.52113
34,100,1,0.2,0.3,0.5,0.00066,1.7296,1.72974
35,100,1,0.2,0.3,0.5,0.00066,1.61111,1.61066
36,100,1,0.2,0.3,0.5,0.00066,1.65821,1.65818
37,100,1,0.2,0.3,0.5,0.00066,1.82282,1.82271
38,100,1,0.2,0.3,0.5,0.00066,1.78115,1.78102
39,100,1,0.2,0.3,0.5,0.00066,1.60471,1.60523
40,100,1,0.2,0.3,0.5,0.00066,1.92179,1.92213
41,100,1,0.2,0.3,0.5,0.00066,1.82709,1.82673
42,100,1,0.2,0.3,0.5,0.00066,1.74252,1.74247
43,100,1,0.2,0.3,0.5,0.00066,1.66124,1.66145
44,100,1,0.2,0.3,0.5,0.00066,1.91947,1.91985
45,100,1,0.2,0.3,0.5,0.00066,1.58136,1.58153
46,100,1,0.2,0.3,0.5,0.00066,2.02155,2.02168
47,100,1,0.2,0.3,0.5,0.00066,1.60933,1.60913
48,100,1,0.2,0.3,0.5,0.00066,1.88369,1.88407
49,100,1,0.2,0.3,0.5,0.00066,1.5927,1.59283
50,100,1,0.2,0.3,0.5,0.00066,1.75428,1.75438
51,100,1,0.2,0.3,0.5,0.00066,1.62579,1.62522
52,100,1,0.2,0.3,0.5,0.00066,1.66016,1.66025
53,100,1,0.2,0.3,0.5,0.00066,1.68297,1.68304
54,100,1,0.2,0.3,0.5,0.00066,1.68733,1.6877
55,100,1,0.2,0.3,0.5,0.00066,1.7167,1.71683
56,100,1,0.2,0.3,0.5,0.00066,1.86158,1.86176
57,100,1,0.2,0.3,0.5,0.00066,1.66996,1.6698
58,100,1,0.2,0.3,0.5,0.00066,1.67722,1.67742
59,100,1,0.2,0.3,0.5,0.00066,1.58433,1.58435
60,100,1,0.2,0.3,0.5,0.00066,1.68606,1.68596
61,100,1,0.2,0.3,0.5,0.00066,1.61319,1.61362
62,100,1,0.2,0.3,0.5,0.00066,1.61615,1.61633
63,100,1,0.2,0.3,0.5,0.00066,1.73925,1.73972
64,100,1,0.2,0.3,0.5,0.00066,1.88155,1.8818
65,100,1,0.2,0.3,0.5,0.00066,1.51884,1.51896
66,100,1,0.2,0.3,0.5,0.00066,1.6341,1.63416
67,100,1,0.2,0.3,0.5,0.00066,1.48926,1.48927
68,100,1,0.2,0.3,0.5,0.00066,1.55063,1.5505
69,100,1,0.2,0.3,0.5,0.00066,1.74478,1.74463
70,100,1,0.2,0.3,0.5,0.00066,1.94741,1.94785
71,100,1,0.2,0.3,0.5,0.00066,1.82891,1.82885
72,100,1,0.2,0.3,0.5,0.00066,1.75899,1.75891
73,100,1,0.2,0.3,0.5,0.00066,1.85958,1.8596
74,100,1,0.2,0.3,0.5,0.00066,1.76452,1.76433
75,100,1,0.2,0.3,0.5,0.00066,1.63246,1.63254
76,100,1,0.2,0.3,0.5,0.00066,1.70358,1.70294
77,100,1,0.2,0.3,0.5,0.00066,1.76951,1.77004
78,100,1,0.2,0.3,0.5,0.00066,1.79407,1.79402
79,100,1,0.2,0.3,0.5,0.00066,1.74027,1.74071
80,100,1,0.2,0.3,0.5,0.00066,1.48716,1.48704
81,100,1,0.2,0.3,0.5,0.00066,1.66669,1.66677
82,100,1,0.2,0.3,0.5,0.00066,1.77956,1.77937
83,100,1,0.2,0.3,0.5,0.00066,1.68022,1.68057
84,100,1,0.2,0.3,0.5,0.00066,1.54722,1.54692
85,100,1,0.2,0.3,0.5,0.00066,1.69622,1.69598
86,100,1,0.2,0.3,0.5,0.00066,1.68695,1.68749
87,100,1,0.2,0.3,0.5,0.00066,1.6275,1.62762
88,100,1,0.2,0.3,0.5,0.00066,1.64585,1.64569
89,100,1,0.2,0.3,0.5,0.00066,1.76232,1.7614
90,100,1,0.2,0.3,0.5,0.00066,1.93597,1.93622
91,100,1,0.2,0.3,0.5,0.00066,1.57362,1.57429
92,100,1,0.2,0.3,0.5,0.00066,1.52256,1.52276
93,100,1,0.2,0.3,0.5,0.00066,1.64957,1.64972
94,100,1,0.2,0.3,0.5,0.00066,1.63336,1.63349
95,100,1,0.2,0.3,0.5,0.00066,1.66606,1.66603
96,100,1,0.2,0.3,0.5,0.00066,1.64966,1.64999
97,100,1,0.2,0.3,0.5,0.00066,1.81185,1.81158
98,100,1,0.2,0.3,0.5,0.00066,1.72112,1.72107
99,100,1,0.2,0.3,0.5,0.00066,1.66425,1.66424
0,100,1,0.2,0.3,0.5,0.00054,1.91255,1.91279
1,100,1,0.2,0.3,0.5,0.00054,1.90119,1.90138
2,100,1,0.2,0.3,0.5,0.00054,1.98025,1.98033
3,100,1,0.2,0.3,0.5,0.00054,1.8495,1.84951
4,100,1,0.2,0.3,0.5,0.00054,1.77793,1.7777
5,100,1,0.2,0.3,0.5,0.00054,1.88586,1.88586
6,100,1,0.2,0.3,0.5,0.00054,1.99677,1.99684
7,100,1,0.2,0.3,0.5,0.00054,2.38756,2.38767
8,100,1,0.2,0.3,0.5,0.00054,2.0853,2.08532
9,100,1,0.2,0.3,0.5,0.00054,2.02817,2.02844
10,100,1,0.2,0.3,0.5,0.00054,1.99918,1.99946
11,100,1,0.2,0.3,0.5,0.00054,1.82572,1.82604
12,100,1,0.2,0.3,0.5,0.00054,1.73611,1.73605
13,100,1,0.2,0.3,0.5,0.00054,2.17055,2.17061
14,100,1,0.2,0.3,0.5,0.00054,1.7786,1.77856
15,100,1,0.2,0.3,0.5,0.00054,2.35331,2.35317
16,100,1,0.2,0.3,0.5,0.00054,1.77228,1.77227
17,100,1,0.2,0.3,0.5,0.00054,1.89338,1.89374
18,100,1,0.2,0.3,0.5,0.00054,1.80093,1.80078
19,100,1,0.2,0.3,0.5,0.00054,1.96176,1.96161
20,100,1,0.2,0.3,0.5,0.00054,1.80236,1.80207
21,100,1,0.2,0.3,0.5,0.00054,2.22958,2.22961
22,100,1,0.2,0.3,0.5,0.00054,1.92515,1.92535
23,100,1,0.2,0.3,0.5,0.00054,1.95162,1.9515
24,100,1,0.2,0.3,0.5,0.00054,1.91196,1.91141
25,100,1,0.2,0.3,0.5,0.00054,2.14052,2.14055
26,100,1,0.2,0.3,0.5,0.00054,2.20999,2.21022
27,100,1,0.2,0.3,0.5,0.00054,1.91659,1.91618
28,100,1,0.2,0.3,0.5,0.00054,1.71582,1.71575
29,100,1,0.2,0.3,0.5,0.00054,1.85477,1.85502
30,100,1,0.2,0.3,0.5,0.00054,1.83288,1.83303
31,100,1,0.2,0.3,0.5,0.00054,2.07844,2.07829
32,100,1,0.2,0.3,0.5,0.00054,1.91161,1.91176
33,100,1,0.2,0.3,0.5,0.00054,1.70664,1.7072
34,100,1,0.2,0.3,0.5,0.00054,1.96023,1.96035
35,100,1,0.2,0.3,0.5,0.00054,1.8068,1.80647
36,100,1,0.2,0.3,0.5,0.00054,1.86215,1.86213
37,100,1,0.2,0.3,0.5,0.00054,2.00848,2.00838
38,100,1,0.2,0.3,0.5,0.00054,1.97583,1.97575
39,100,1,0.2,0.3,0.5,0.00054,1.77292,1.77331
40,100,1,0.2,0.3,0.5,0.00054,2.16243,2.1627
41,100,1,0.2,0.3,0.5,0.00054,2.07295,2.0727
42,100,1,0.2,0.3,0.5,0.00054,1.92385,1.9238
43,100,1,0.2,0.3,0.5,0.00054,1.84221,1.84238
44,100,1,0.2,0.3,0.5,0.00054,2.1446,2.14489
45,100,1,0.2,0.3,0.5,0.00054,1.7603,1.76042
46,100,1,0.2,0.3,0.5,0.00054,2.33734,2.33746
47,100,1,0.2,0.3,0.5,0.00054,1.78437,1.78422
48,100,1,0.2,0.3,0.5,0.00054,2.08268,2.08297
49,100,1,0.2,0.3,0.5,0.00054,1.75697,1.75706
50,100,1,0.2,0.3,0.5,0.00054,1.97167,1.97176
51,100,1,0.2,0.3,0.5,0.00054,1.81333,1.8129
52,100,1,0.2,0.3,0.5,0.00054,1.86096,1.86101
53,100,1,0.2,0.3,0.5,0.00054,1.87659,1.87666
54,100,1,0.2,0.3,0.5,0.00054,1.8971,1.89737
55,100,1,0.2,0.3,0.5,0.00054,1.93968,1.93978
56,100,1,0.2,0.3,0.5,0.00054,2.15209,2.15224
57,100,1,0.2,0.3,0.5,0.00054,1.8623,1.86217
58,100,1,0.2,0.3,0.5,0.00054,1.9,1.90016
59,100,1,0.2,0.3,0.5,0.00054,1.75105,1.75106
60,100,1,0.2,0.3,0.5,0.00054,1.88644,1.88634
61,100,1,0.2,0.3,0.5,0.00054,1.80614,1.80645
62,100,1,0.2,0.3,0.5,0.00054,1.81399,1.81413
63,100,1,0.2,0.3,0.5,0.00054,1.94554,1.94589
64,100,1,0.2,0.3,0.5,0.00054,2.12454,2.12473
65,100,1,0.2,0.3,0.5,0.00054,1.69002,1.6901
66,100,1,0.2,0.3,0.5,0.00054,1.80578,1.80582
67,100,1,0.2,0.3,0.5,0.00054,1.66013,1.66014
68,100,1,0.2,0.3,0.5,0.00054,1.72181,1.72172
69,100,1,0.2,0.3,0.5,0.00054,1.93217,1.93207
70,100,1,0.2,0.3,0.5,0.00054,2.18191,2.18224
71,100,1,0.2,0.3,0.5,0.00054,2.05485,2.05482
72,100,1,0.2,0.3,0.5,0.00054,1.99401,1.99396
73,100,1,0.2,0.3,0.5,0.00054,2.06156,2.06159
74,100,1,0.2,0.3,0.5,0.00054,1.94968,1.94954
75,100,1,0.2,0.3,0.5,0.00054,1.82038,1.82044
76,100,1,0.2,0.3,0.5,0.00054,1.84841,1.84792
77,100,1,0.2,0.3,0.5,0.00054,1.98082,1.98122
78,100,1,0.2,0.3,0.5,0.00054,2.02481,2.02477
79,100,1,0.2,0.3,0.5,0.00054,1.95631,1.95666
80,100,1,0.2,0.3,0.5,0.00054,1.65066,1.65057
81,100,1,0.2,0.3,0.5,0.00054,1.84737,1.84742
82,100,1,0.2,0.3,0.5,0.00054,1.9983,1.99815
83,100,1,0.2,0.3,0.5,0.00054,1.87335,1.87361
84,100,1,0.2,0.3,0.5,0.00054,1.7127,1.71247
85,100,1,0.2,0.3,0.5,0.00054,1.88499,1.88481
86,100,1,0.2,0.3,0.5,0.00054,1.90531,1.90572
87,100,1,0.2,0.3,0.5,0.00054,1.79521,1.7953
88,100,1,0.2,0.3,0.5,0.00054,1.81722,1.81709
89,100,1,0.2,0.3,0.5,0.00054,1.94988,1.94918
90,100,1,0.2,0.3,0.5,0.00054,2.14024,2.14043
91,100,1,0.2,0.3,0.5,0.00054,1.75572,1.75621
92,100,1,0.2,0.3,0.5,0.00054,1.70383,1.70398
93,100,1,0.2,0.3,0.5,0.00054,1.84919,1.8493
94,100,1,0.2,0.3,0.5,0.00054,1.82588,1.82599
95,100,1,0.2,0.3,0.5,0.00054,1.85707,1.85705
96,100,1,0.2,0.3,0.5,0.00054,1.85935,1.85962
97,100,1,0.2,0.3,0.5,0.00054,2.03642,2.0362
98,100,1,0.2,0.3,0.5,0.00054,1.94639,1.94635
99,100,1,0.2,0.3,0.5,0.00054,1.87021,1.8702
0,100,1,0.2,0.3,0.5,0.00045,2.13626,2.13643
1,100,1,0.2,0.3,0.5,0.00045,2.12487,2.12502
2,100,1,0.2,0.3,0.5,0.00045,2.2191,2.21916
3,100,1,0.2,0.3,0.5,0.00045,2.07443,2.07444
4,100,1,0.2,0.3,0.5,0.00045,1.96499,1.96481
5,100,1,0.2,0.3,0.5,0.00045,2.14415,2.14414
6,100,1,0.2,0.3,0.5,0.00045,2.21785,2.21791
7,100,1,0.2,0.3,0.5,0.00045,2.71855,2.71863
8,100,1,0.2,0.3,0.5,0.00045,2.34126,2.34128
9,100,1,0.2,0.3,0.5,0.00045,2.23009,2.2303
10,100,1,0.2,0.3,0.5,0.00045,2.19947,2.19969
11,100,1,0.2,0.3,0.5,0.00045,2.03386,2.0341
12,100,1,0.2,0.3,0.5,0.00045,1.93428,1.93422
13,100,1,0.2,0.3,0.5,0.00045,2.46363,2.46367
14,100,1,0.2,0.3,0.5,0.00045,1.98408,1.98405
15,100,1,0.2,0.3,0.5,0.00045,2.6476,2.6475
16,100,1,0.2,0.3,0.5,0.00045,1.97118,1.97118
17,100,1,0.2,0.3,0.5,0.00045,2.09029,2.09057
18,100,1,0.2,0.3,0.5,0.00045,1.99522,1.99509
19,100,1,0.2,0.3,0.5,0.00045,2.17215,2.17203
20,100,1,0.2,0.3,0.5,0.00045,1.98379,1.98357
21,100,1,0.2,0.3,0.5,0.00045,2.52787,2.5279
22,100,1,0.2,0.3,0.5,0.00045,2.17205,2.17219
23,100,1,0.2,0.3,0.5,0.00045,2.15581,2.15571
24,100,1,0.2,0.3,0.5,0.00045,2.11279,2.11236
25,100,1,0.2,0.3,0.5,0.00045,2.32902,2.32904
26,100,1,0.2,0.3,0.5,0.00045,2.468,2.46818
27,100,1,0.2,0.3,0.5,0.00045,2.16155,2.16125
28,100,1,0.2,0.3,0.5,0.00045,1.91398,1.91391
29,100,1,0.2,0.3,0.5,0.00045,2.04693,2.04712
30,100,1,0.2,0.3,0.5,0.00045,2.0462,2.04631
31,100,1,0.2,0.3,0.5,0.00045,2.34765,2.34754
32,100,1,0.2,0.3,0.5,0.00045,2.12416,2.12427
33,100,1,0.2,0.3,0.5,0.00045,1.91659,1.917
34,100,1,0.2,0.3,0.5,0.00045,2.21173,2.21184
35,100,1,0.2,0.3,0.5,0.00045,2.01932,2.01907
36,100,1,0.2,0.3,0.5,0.00045,2.08314,2.08313
37,100,1,0.2,0.3,0.5,0.00045,2.2116,2.21152
38,100,1,0.2,0.3,0.5,0.00045,2.18,2.17994
39,100,1,0.2,0.3,0.5,0.00045,1.94981,1.95011
40,100,1,0.2,0.3,0.5,0.00045,2.4183,2.41851
41,100,1,0.2,0.3,0.5,0.00045,2.34311,2.34294
42,100,1,0.2,0.3,0.5,0.00045,2.12421,2.12418
43,100,1,0.2,0.3,0.5,0.00045,2.04218,2.04232
44,100,1,0.2,0.3,0.5,0.00045,2.38337,2.38359
45,100,1,0.2,0.3,0.5,0.00045,1.9537,1.95379
46,100,1,0.2,0.3,0.5,0.00045,2.67348,2.67358
47,100,1,0.2,0.3,0.5,0.00045,1.97627,1.97616
48,100,1,0.2,0.3,0.5,0.00045,2.28992,2.29014
49,100,1,0.2,0.3,0.5,0.00045,1.93646,1.93652
50,100,1,0.2,0.3,0.5,0.00045,2.21202,2.2121
51,100,1,0.2,0.3,0.5,0.00045,2.01463,2.0143
52,100,1,0.2,0.3,0.5,0.00045,2.07813,2.07816
53,100,1,0.2,0.3,0.5,0.00045,2.08981,2.08987
54,100,1,0.2,0.3,0.5,0.00045,2.1265,2.1267
55,100,1,0.2,0.3,0.5,0.00045,2.1836,2.18367
56,100,1,0.2,0.3,0.5,0.00045,2.47667,2.47678
57,100,1,0.2,0.3,0.5,0.00045,2.07745,2.07735
58,100,1,0.2,0.3,0.5,0.00045,2.14597,2.1461
59,100,1,0.2,0.3,0.5,0.00045,1.93351,1.93351
60,100,1,0.2,0.3,0.5,0.00045,2.11041,2.11033
61,100,1,0.2,0.3,0.5,0.00045,2.01729,2.01753
62,100,1,0.2,0.3,0.5,0.00045,2.0351,2.0352
63,100,1,0.2,0.3,0.5,0.00045,2.17462,2.17489
64,100,1,0.2,0.3,0.5,0.00045,2.38567,2.3858
65,100,1,0.2,0.3,0.5,0.00045,1.88168,1.88174
66,100,1,0.2,0.3,0.5,0.00045,1.99539,1.9954
67,100,1,0.2,0.3,0.5,0.00045,1.8487,1.84871
68,100,1,0.2,0.3,0.5,0.00045,1.91175,1.91169
69,100,1,0.2,0.3,0.5,0.00045,2.14273,2.14265
70,100,1,0.2,0.3,0.5,0.00045,2.42829,2.42854
71,100,1,0.2,0.3,0.5,0.00045,2.30785,2.30784
72,100,1,0.2,0.3,0.5,0.00045,2.26906,2.26902
73,100,1,0.2,0.3,0.5,0.00045,2.26888,2.26891
74,100,1,0.2,0.3,0.5,0.00045,2.15961,2.15952
75,100,1,0.2,0.3,0.5,0.00045,2.03639,2.03643
76,100,1,0.2,0.3,0.5,0.00045,2.00418,2.0038
77,100,1,0.2,0.3,0.5,0.00045,2.21078,2.21108
78,100,1,0.2,0.3,0.5,0.00045,2.28293,2.2829
79,100,1,0.2,0.3,0.5,0.00045,2.19985,2.20012
80,100,1,0.2,0.3,0.5,0.00045,1.82903,1.82896
81,100,1,0.2,0.3,0.5,0.00045,2.04434,2.04438
82,100,1,0.2,0.3,0.5,0.00045,2.23102,2.2309
83,100,1,0.2,0.3,0.5,0.00045,2.08767,2.08787
84,100,1,0.2,0.3,0.5,0.00045,1.8956,1.89542
85,100,1,0.2,0.3,0.5,0.00045,2.09103,2.09091
86,100,1,0.2,0.3,0.5,0.00045,2.14877,2.14908
87,100,1,0.2,0.3,0.5,0.00045,1.98085,1.98091
88,100,1,0.2,0.3,0.5,0.00045,2.00087,2.00077
89,100,1,0.2,0.3,0.5,0.00045,2.155,2.15447
90,100,1,0.2,0.3,0.5,0.00045,2.36043,2.36057
91,100,1,0.2,0.3,0.5,0.00045,1.9522,1.95256
92,100,1,0.2,0.3,0.5,0.00045,1.90459,1.90471
93,100,1,0.2,0.3,0.5,0.00045,2.06019,2.06027
94,100,1,0.2,0.3,0.5,0.00045,2.03654,2.03664
95,100,1,0.2,0.3,0.5,0.00045,2.05745,2.05743
96,100,1,0.2,0.3,0.5,0.00045,2.09086,2.09107
97,100,1,0.2,0.3,0.5,0.00045,2.27574,2.27556
98,100,1,0.2,0.3,0.5,0.00045,2.19857,2.19854
99,100,1,0.2,0.3,0.5,0.00045,2.10063,2.10062
0,100,1,0.2,0.3,0.5,0.00037,2.3853,2.38542
1,100,1,0.2,0.3,0.5,0.00037,2.37112,2.37124
2,100,1,0.2,0.3,0.5,0.00037,2.4881,2.48815
3,100,1,0.2,0.3,0.5,0.00037,2.31719,2.3172
4,100,1,0.2,0.3,0.5,0.00037,2.17052,2.17038
5,100,1,0.2,0.3,0.5,0.00037,2.43814,2.43812
6,100,1,0.2,0.3,0.5,0.00037,2.4701,2.47015
7,100,1,0.2,0.3,0.5,0.00037,3.07016,3.07022
8,100,1,0.2,0.3,0.5,0.00037,2.61941,2.61942
9,100,1,0.2,0.3,0.5,0.00037,2.444,2.44416
10,100,1,0.2,0.3,0.5,0.00037,2.41139,2.41155
11,100,1,0.2,0.3,0.5,0.00037,2.26056,2.26073
12,100,1,0.2,0.3,0.5,0.00037,2.15522,2.15517
13,100,1,0.2,0.3,0.5,0.00037,2.78028,2.78032
14,100,1,0.2,0.3,0.5,0.00037,2.20445,2.20443
15,100,1,0.2,0.3,0.5,0.00037,2.96658,2.96651
16,100,1,0.2,0.3,0.5,0.00037,2.18536,2.18535
17,100,1,0.2,0.3,0.5,0.00037,2.31254,2.31275
18,100,1,0.2,0.3,0.5,0.00037,2.20379,2.20368
19,100,1,0.2,0.3,0.5,0.00037,2.39486,2.39477
20,100,1,0.2,0.3,0.5,0.00037,2.17877,2.17861
21,100,1,0.2,0.3,0.5,0.00037,2.85572,2.85575
22,100,1,0.2,0.3,0.5,0.00037,2.43733,2.43744
23,100,1,0.2,0.3,0.5,0.00037,2.37338,2.3733
24,100,1,0.2,0.3,0.5,0.00037,2.33072,2.33039
25,100,1,0.2,0.3,0.5,0.00037,2.52901,2.52902
26,100,1,0.2,0.3,0.5,0.00037,2.74372,2.74384
27,100,1,0.2,0.3,0.5,0.00037,2.43074,2.43052
28,100,1,0.2,0.3,0.5,0.00037,2.12937,2.12931
29,100,1,0.2,0.3,0.5,0.00037,2.24905,2.24919
30,100,1,0.2,0.3,0.5,0.00037,2.28381,2.2839
31,100,1,0.2,0.3,0.5,0.00037,2.64669,2.64662
32,100,1,0.2,0.3,0.5,0.00037,2.35377,2.35384
33,100,1,0.2,0.3,0.5,0.00037,2.15229,2.1526
34,100,1,0.2,0.3,0.5,0.00037,2.48132,2.4814
35,100,1,0.2,0.3,0.5,0.00037,2.24773,2.24754
36,100,1,0.2,0.3,0.5,0.00037,2.32058,2.32057
37,100,1,0.2,0.3,0.5,0.00037,2.4335,2.43344
38,100,1,0.2,0.3,0.5,0.00037,2.39469,2.39466
39,100,1,0.2,0.3,0.5,0.00037,2.13551,2.13574
40,100,1,0.2,0.3,0.5,0.00037,2.68508,2.68525
41,100,1,0.2,0.3,0.5,0.00037,2.62665,2.62653
42,100,1,0.2,0.3,0.5,0.00037,2.34294,2.34291
43,100,1,0.2,0.3,0.5,0.00037,2.26075,2.26086
44,100,1,0.2,0.3,0.5,0.00037,2.63612,2.63628
45,100,1,0.2,0.3,0.5,0.00037,2.16212,2.16218
46,100,1,0.2,0.3,0.5,0.00037,3.01775,3.01783
47,100,1,0.2,0.3,0.5,0.00037,2.18644,2.18635
48,100,1,0.2,0.3,0.5,0.00037,2.50584,2.50601
49,100,1,0.2,0.3,0.5,0.00037,2.1337,2.13375
50,100,1,0.2,0.3,0.5,0.00037,2.47438,2.47445
51,100,1,0.2,0.3,0.5,0.00037,2.2279,2.22764
52,100,1,0.2,0.3,0.5,0.00037,2.31137,2.31138
53,100,1,0.2,0.3,0.5,0.00037,2.32327,2.32332
54,100,1,0.2,0.3,0.5,0.00037,2.37373,2.37387
55,100,1,0.2,0.3,0.5,0.00037,2.4463,2.44636
56,100,1,0.2,0.3,0.5,0.00037,2.82875,2.82884
57,100,1,0.2,0.3,0.5,0.00037,2.31667,2.3166
58,100,1,0.2,0.3,0.5,0.00037,2.41346,2.41357
59,100,1,0.2,0.3,0.5,0.00037,2.12958,2.12958
60,100,1,0.2,0.3,0.5,0.00037,2.35977,2.35971
61,100,1,0.2,0.3,0.5,0.00037,2.24636,2.24653
62,100,1,0.2,0.3,0.5,0.00037,2.2811,2.28118
63,100,1,0.2,0.3,0.5,0.00037,2.42968,2.42988
64,100,1,0.2,0.3,0.5,0.00037,2.66262,2.66271
65,100,1,0.2,0.3,0.5,0.00037,2.09695,2.09699
66,100,1,0.2,0.3,0.5,0.00037,2.20279,2.20279
67,100,1,0.2,0.3,0.5,0.00037,2.05488,2.05489
68,100,1,0.2,0.3,0.5,0.00037,2.12335,2.12331
69,100,1,0.2,0.3,0.5,0.00037,2.37914,2.37909
70,100,1,0.2,0.3,0.5,0.00037,2.68554,2.68573
71,100,1,0.2,0.3,0.5,0.00037,2.58713,2.58713
72,100,1,0.2,0.3,0.5,0.00037,2.58033,2.58031
73,100,1,0.2,0.3,0.5,0.00037,2.48075,2.48077
74,100,1,0.2,0.3,0.5,0.00037,2.39843,2.39837
75,100,1,0.2,0.3,0.5,0.00037,2.28204,2.28206
76,100,1,0.2,0.3,0.5,0.00037,2.17459,2.17429
77,100,1,0.2,0.3,0.5,0.00037,2.45935,2.45958
78,100,1,0.2,0.3,0.5,0.00037,2.56619,2.56616
79,100,1,0.2,0.3,0.5,0.00037,2.47198,2.4722
80,100,1,0.2,0.3,0.5,0.00037,2.02386,2.02381
81,100,1,0.2,0.3,0.5,0.00037,2.2599,2.25993
82,100,1,0.2,0.3,0.5,0.00037,2.47429,2.4742
83,100,1,0.2,0.3,0.5,0.00037,2.32385,2.324
84,100,1,0.2,0.3,0.5,0.00037,2.09842,2.09829
85,100,1,0.2,0.3,0.5,0.00037,2.31507,2.31497
86,100,1,0.2,0.3,0.5,0.00037,2.42008,2.42031
87,100,1,0.2,0.3,0.5,0.00037,2.18806,2.1881
88,100,1,0.2,0.3,0.5,0.00037,2.19663,2.19655
89,100,1,0.2,0.3,0.5,0.00037,2.37803,2.37762
90,100,1,0.2,0.3,0.5,0.00037,2.59867,2.59877
91,100,1,0.2,0.3,0.5,0.00037,2.16551,2.16576
92,100,1,0.2,0.3,0.5,0.00037,2.12755,2.12764
93,100,1,0.2,0.3,0.5,0.00037,2.28006,2.28012
94,100,1,0.2,0.3,0.5,0.00037,2.26625,2.26634
95,100,1,0.2,0.3,0.5,0.00037,2.26655,2.26654
96,100,1,0.2,0.3,0.5,0.00037,2.34204,2.34221
97,100,1,0.2,0.3,0.5,0.00037,2.52907,2.52893
98,100,1,0.2,0.3,0.5,0.00037,2.47912,2.4791
99,100,1,0.2,0.3,0.5,0.00037,2.35789,2.35789
0,100,1,0.2,0.3,0.5,0.00031,2.65724,2.65733
1,100,1,0.2,0.3,0.5,0.00031,2.64089,2.64099
2,100,1,0.2,0.3,0.5,0.00031,2.78866,2.7887
3,100,1,0.2,0.3,0.5,0.00031,2.57583,2.57584
4,100,1,0.2,0.3,0.5,0.00031,2.3971,2.397
5,100,1,0.2,0.3,0.5,0.00031,2.76401,2.76399
6,100,1,0.2,0.3,0.5,0.00031,2.75432,2.75436
7,100,1,0.2,0.3,0.5,0.00031,3.43134,3.43139
8,100,1,0.2,0.3,0.5,0.00031,2.91712,2.91713
9,100,1,0.2,0.3,0.5,0.00031,2.67056,2.67068
10,100,1,0.2,0.3,0.5,0.00031,2.63709,2.63722
11,100,1,0.2,0.3,0.5,0.00031,2.50638,2.50651
12,100,1,0.2,0.3,0.5,0.00031,2.39986,2.39981
13,100,1,0.2,0.3,0.5,0.00031,3.11486,3.1149
14,100,1,0.2,0.3,0.5,0.00031,2.43964,2.43962
15,100,1,0.2,0.3,0.5,0.00031,3.30575,3.3057
16,100,1,0.2,0.3,0.5,0.00031,2.41514,2.41514
17,100,1,0.2,0.3,0.5,0.00031,2.56283,2.56299
18,100,1,0.2,0.3,0.5,0.00031,2.42845,2.42836
19,100,1,0.2,0.3,0.5,0.00031,2.63051,2.63044
20,100,1,0.2,0.3,0.5,0.00031,2.38781,2.38769
21,100,1,0.2,0.3,0.5,0.00031,3.20489,3.20492
22,100,1,0.2,0.3,0.5,0.00031,2.7166,2.71668
23,100,1,0.2,0.3,0.5,0.00031,2.60418,2.60411
24,100,1,0.2,0.3,0.5,0.00031,2.56781,2.56756
25,100,1,0.2,0.3,0.5,0.00031,2.74216,2.74216
26,100,1,0.2,0.3,0.5,0.00031,3.03794,3.03803
27,100,1,0.2,0.3,0.5,0.00031,2.72146,2.7213
28,100,1,0.2,0.3,0.5,0.00031,2.36385,2.3638
29,100,1,0.2,0.3,0.5,0.00031,2.46027,2.46038
30,100,1,0.2,0.3,0.5,0.00031,2.5454,2.54546
31,100,1,0.2,0.3,0.5,0.00031,2.97318,2.97312
32,100,1,0.2,0.3,0.5,0.00031,2.60117,2.60122
33,100,1,0.2,0.3,0.5,0.00031,2.41444,2.41467
34,100,1,0.2,0.3,0.5,0.00031,2.76775,2.76782
35,100,1,0.2,0.3,0.5,0.00031,2.49041,2.49027
36,100,1,0.2,0.3,0.5,0.00031,2.57431,2.5743
37,100,1,0.2,0.3,0.5,0.00031,2.67586,2.67581
38,100,1,0.2,0.3,0.5,0.00031,2.62209,2.62206
39,100,1,0.2,0.3,0.5,0.00031,2.33188,2.33206
40,100,1,0.2,0.3,0.5,0.00031,2.95775,2.95788
41,100,1,0.2,0.3,0.5,0.00031,2.91435,2.91426
42,100,1,0.2,0.3,0.5,0.00031,2.57715,2.57712
43,100,1,0.2,0.3,0.5,0.00031,2.49777,2.49786
44,100,1,0.2,0.3,0.5,0.00031,2.904,2.90413
45,100,1,0.2,0.3,0.5,0.00031,2.38686,2.3869
46,100,1,0.2,0.3,0.5,0.00031,3.361,3.36106
47,100,1,0.2,0.3,0.5,0.00031,2.41591,2.41584
48,100,1,0.2,0.3,0.5,0.00031,2.73207,2.7322
49,100,1,0.2,0.3,0.5,0.00031,2.35098,2.35101
50,100,1,0.2,0.3,0.5,0.00031,2.75648,2.75654
51,100,1,0.2,0.3,0.5,0.00031,2.45236,2.45217
52,100,1,0.2,0.3,0.5,0.00031,2.56105,2.56105
53,100,1,0.2,0.3,0.5,0.00031,2.57742,2.57747
54,100,1,0.2,0.3,0.5,0.00031,2.63696,2.63706
55,100,1,0.2,0.3,0.5,0.00031,2.7256,2.72564
56,100,1,0.2,0.3,0.5,0.00031,3.20016,3.20023
57,100,1,0.2,0.3,0.5,0.00031,2.57961,2.57955
58,100,1,0.2,0.3,0.5,0.00031,2.69908,2.69916
59,100,1,0.2,0.3,0.5,0.00031,2.33691,2.3369
60,100,1,0.2,0.3,0.5,0.00031,2.63499,2.63494
61,100,1,0.2,0.3,0.5,0.00031,2.49348,2.49361
62,100,1,0.2,0.3,0.5,0.00031,2.55221,2.55227
63,100,1,0.2,0.3,0.5,0.00031,2.71275,2.7129
64,100,1,0.2,0.3,0.5,0.00031,2.95271,2.95277
65,100,1,0.2,0.3,0.5,0.00031,2.33698,2.33701
66,100,1,0.2,0.3,0.5,0.00031,2.42744,2.42743
67,100,1,0.2,0.3,0.5,0.00031,2.27879,2.27879
68,100,1,0.2,0.3,0.5,0.00031,2.35882,2.35879
69,100,1,0.2,0.3,0.5,0.00031,2.64364,2.6436
70,100,1,0.2,0.3,0.5,0.00031,2.95313,2.95327
71,100,1,0.2,0.3,0.5,0.00031,2.88792,2.88793
72,100,1,0.2,0.3,0.5,0.00031,2.91786,2.91784
73,100,1,0.2,0.3,0.5,0.00031,2.69741,2.69743
74,100,1,0.2,0.3,0.5,0.00031,2.66885,2.6688
75,100,1,0.2,0.3,0.5,0.00031,2.55582,2.55583
76,100,1,0.2,0.3,0.5,0.00031,2.36381,2.36358
77,100,1,0.2,0.3,0.5,0.00031,2.72804,2.72822
78,100,1,0.2,0.3,0.5,0.00031,2.86723,2.86721
79,100,1,0.2,0.3,0.5,0.00031,2.77202,2.77219
80,100,1,0.2,0.3,0.5,0.00031,2.2375,2.23746
81,100,1,0.2,0.3,0.5,0.00031,2.49665,2.49667
82,100,1,0.2,0.3,0.5,0.00031,2.72566,2.72558
83,100,1,0.2,0.3,0.5,0.00031,2.58242,2.58252
84,100,1,0.2,0.3,0.5,0.00031,2.32379,2.3237
85,100,1,0.2,0.3,0.5,0.00031,2.55806,2.55798
86,100,1,0.2,0.3,0.5,0.00031,2.72151,2.72169
87,100,1,0.2,0.3,0.5,0.00031,2.41984,2.41987
88,100,1,0.2,0.3,0.5,0.00031,2.40499,2.40493
89,100,1,0.2,0.3,0.5,0.00031,2.61811,2.6178
90,100,1,0.2,0.3,0.5,0.00031,2.85674,2.85681
91,100,1,0.2,0.3,0.5,0.00031,2.39779,2.39798
92,100,1,0.2,0.3,0.5,0.00031,2.37551,2.37558
93,100,1,0.2,0.3,0.5,0.00031,2.50762,2.50766
94,100,1,0.2,0.3,0.5,0.00031,2.51567,2.51574
95,100,1,0.2,0.3,0.5,0.00031,2.48499,2.48498
96,100,1,0.2,0.3,0.5,0.00031,2.60967,2.6098
97,100,1,0.2,0.3,0.5,0.00031,2.79626,2.79614
98,100,1,0.2,0.3,0.5,0.00031,2.78711,2.78709
99,100,1,0.2,0.3,0.5,0.00031,2.64287,2.64287
0,100,1,0.2,0.3,0.5,0.00026,2.94816,2.94822
1,100,1,0.2,0.3,0.5,0.00026,2.93133,2.93141
2,100,1,0.2,0.3,0.5,0.00026,3.12013,3.12015
3,100,1,0.2,0.3,0.5,0.00026,2.85038,2.85039
4,100,1,0.2,0.3,0.5,0.00026,2.64712,2.64704
5,100,1,0.2,0.3,0.5,0.00026,3.11356,3.11354
6,100,1,0.2,0.3,0.5,0.00026,3.06851,3.06853
7,100,1,0.2,0.3,0.5,0.00026,3.78958,3.78961
8,100,1,0.2,0.3,0.5,0.00026,3.23141,3.23142
9,100,1,0.2,0.3,0.5,0.00026,2.91026,2.91035
10,100,1,0.2,0.3,0.5,0.00026,2.87815,2.87825
11,100,1,0.2,0.3,0.5,0.00026,2.77173,2.77183
12,100,1,0.2,0.3,0.5,0.00026,2.66763,2.66759
13,100,1,0.2,0.3,0.5,0.00026,3.45648,3.45651
14,100,1,0.2,0.3,0.5,0.00026,2.68983,2.68982
15,100,1,0.2,0.3,0.5,0.00026,3.66165,3.66161
16,100,1,0.2,0.3,0.5,0.00026,2.66015,2.66014
17,100,1,0.2,0.3,0.5,0.00026,2.84198,2.8421
18,100,1,0.2,0.3,0.5,0.00026,2.67138,2.6713
19,100,1,0.2,0.3,0.5,0.00026,2.88031,2.88026
20,100,1,0.2,0.3,0.5,0.00026,2.61186,2.61176
21,100,1,0.2,0.3,0.5,0.00026,3.56377,3.5638
22,100,1,0.2,0.3,0.5,0.00026,3.00674,3.0068
23,100,1,0.2,0.3,0.5,0.00026,2.84809,2.84803
24,100,1,0.2,0.3,0.5,0.00026,2.82579,2.8256
25,100,1,0.2,0.3,0.5,0.00026,2.96876,2.96876
26,100,1,0.2,0.3,0.5,0.00026,3.35071,3.35078
27,100,1,0.2,0.3,0.5,0.00026,3.0306,3.03048
28,100,1,0.2,0.3,0.5,0.00026,2.61932,2.61928
29,100,1,0.2,0.3,0.5,0.00026,2.68102,2.6811
30,100,1,0.2,0.3,0.5,0.00026,2.82933,2.82937
31,100,1,0.2,0.3,0.5,0.00026,3.32463,3.32459
32,100,1,0.2,0.3,0.5,0.00026,2.86697,2.867
33,100,1,0.2,0.3,0.5,0.00026,2.70204,2.7022
34,100,1,0.2,0.3,0.5,0.00026,3.07088,3.07094
35,100,1,0.2,0.3,0.5,0.00026,2.74525,2.74514
36,100,1,0.2,0.3,0.5,0.00026,2.84377,2.84377
37,100,1,0.2,0.3,0.5,0.00026,2.94083,2.94079
38,100,1,0.2,0.3,0.5,0.00026,2.865,2.86499
39,100,1,0.2,0.3,0.5,0.00026,2.54241,2.54255
40,100,1,0.2,0.3,0.5,0.00026,3.23324,3.23334
41,100,1,0.2,0.3,0.5,0.00026,3.19952,3.19946
42,100,1,0.2,0.3,0.5,0.00026,2.82182,2.8218
43,100,1,0.2,0.3,0.5,0.00026,2.75394,2.754
44,100,1,0.2,0.3,0.5,0.00026,3.18977,3.18986
45,100,1,0.2,0.3,0.5,0.00026,2.62917,2.6292
46,100,1,0.2,0.3,0.5,0.00026,3.69864,3.69869
47,100,1,0.2,0.3,0.5,0.00026,2.66513,2.66508
48,100,1,0.2,0.3,0.5,0.00026,2.97195,2.97205
49,100,1,0.2,0.3,0.5,0.00026,2.58965,2.58968
50,100,1,0.2,0.3,0.5,0.00026,3.05449,3.05453
51,100,1,0.2,0.3,0.5,0.00026,2.68881,2.68866
52,100,1,0.2,0.3,0.5,0.00026,2.8278,2.8278
53,100,1,0.2,0.3,0.5,0.00026,2.85045,2.85049
54,100,1,0.2,0.3,0.5,0.00026,2.9145,2.91458
55,100,1,0.2,0.3,0.5,0.00026,3.01976,3.01979
56,100,1,0.2,0.3,0.5,0.00026,3.58307,3.58313
57,100,1,0.2,0.3,0.5,0.00026,2.86501,2.86497
58,100,1,0.2,0.3,0.5,0.00026,2.99978,2.99985
59,100,1,0.2,0.3,0.5,0.00026,2.55382,2.55381
60,100,1,0.2,0.3,0.5,0.00026,2.93259,2.93256
61,100,1,0.2,0.3,0.5,0.00026,2.75809,2.75818
62,100,1,0.2,0.3,0.5,0.00026,2.84722,2.84727
63,100,1,0.2,0.3,0.5,0.00026,3.0237,3.02381
64,100,1,0.2,0.3,0.5,0.00026,3.25203,3.25208
65,100,1,0.2,0.3,0.5,0.00026,2.60091,2.60093
66,100,1,0.2,0.3,0.5,0.00026,2.66873,2.66872
67,100,1,0.2,0.3,0.5,0.00026,2.52099,2.521
68,100,1,0.2,0.3,0.5,0.00026,2.61906,2.61904
69,100,1,0.2,0.3,0.5,0.00026,2.93704,2.93702
70,100,1,0.2,0.3,0.5,0.00026,3.23269,3.23281
71,100,1,0.2,0.3,0.5,0.00026,3.20073,3.20074
72,100,1,0.2,0.3,0.5,0.00026,3.26987,3.26986
73,100,1,0.2,0.3,0.5,0.00026,2.91997,2.91998
74,100,1,0.2,0.3,0.5,0.00026,2.97172,2.97169
75,100,1,0.2,0.3,0.5,0.00026,2.85241,2.85242
76,100,1,0.2,0.3,0.5,0.00026,2.57526,2.57508
77,100,1,0.2,0.3,0.5,0.00026,3.01725,3.01739
78,100,1,0.2,0.3,0.5,0.00026,3.17903,3.179
79,100,1,0.2,0.3,0.5,0.00026,3.09776,3.0979
80,100,1,0.2,0.3,0.5,0.00026,2.47269,2.47265
81,100,1,0.2,0.3,0.5,0.00026,2.75719,2.75721
82,100,1,0.2,0.3,0.5,0.00026,2.98323,2.98318
83,100,1,0.2,0.3,0.5,0.00026,2.86252,2.8626
84,100,1,0.2,0.3,0.5,0.00026,2.57423,2.57416
85,100,1,0.2,0.3,0.5,0.00026,2.8211,2.82105
86,100,1,0.2,0.3,0.5,0.00026,3.05314,3.05328
87,100,1,0.2,0.3,0.5,0.00026,2.67788,2.6779
88,100,1,0.2,0.3,0.5,0.00026,2.62721,2.62716
89,100,1,0.2,0.3,0.5,0.00026,2.87445,2.87421
90,100,1,0.2,0.3,0.5,0.00026,3.1345,3.13455
91,100,1,0.2,0.3,0.5,0.00026,2.64978,2.64991
92,100,1,0.2,0.3,0.5,0.00026,2.65107,2.65112
93,100,1,0.2,0.3,0.5,0.00026,2.74351,2.74353
94,100,1,0.2,0.3,0.5,0.00026,2.7847,2.78475
95,100,1,0.2,0.3,0.5,0.00026,2.71391,2.7139
96,100,1,0.2,0.3,0.5,0.00026,2.89052,2.89062
97,100,1,0.2,0.3,0.5,0.00026,3.0765,3.07641
98,100,1,0.2,0.3,0.5,0.00026,3.11923,3.11922
99,100,1,0.2,0.3,0.5,0.00026,2.95455,2.95455
0,100,1,0.2,0.3,0.5,0.00021,3.25432,3.25436
1,100,1,0.2,0.3,0.5,0.00021,3.24037,3.24043
2,100,1,0.2,0.3,0.5,0.00021,3.47949,3.47951
3,100,1,0.2,0.3,0.5,0.00021,3.13933,3.13934
4,100,1,0.2,0.3,0.5,0.00021,2.92251,2.92245
5,100,1,0.2,0.3,0.5,0.00021,3.47405,3.47403
6,100,1,0.2,0.3,0.5,0.00021,3.40794,3.40796
7,100,1,0.2,0.3,0.5,0.00021,4.13819,4.13821
8,100,1,0.2,0.3,0.5,0.00021,3.5589,3.5589
9,100,1,0.2,0.3,0.5,0.00021,3.16368,3.16375
10,100,1,0.2,0.3,0.5,0.00021,3.13654,3.13661
11,100,1,0.2,0.3,0.5,0.00021,3.05615,3.05623
12,100,1,0.2,0.3,0.5,0.00021,2.95651,2.95648
13,100,1,0.2,0.3,0.5,0.00021,3.79977,3.7998
14,100,1,0.2,0.3,0.5,0.00021,2.95523,2.95522
15,100,1,0.2,0.3,0.5,0.00021,4.02937,4.02935
16,100,1,0.2,0.3,0.5,0.00021,2.91952,2.91952
17,100,1,0.2,0.3,0.5,0.00021,3.14823,3.14833
18,100,1,0.2,0.3,0.5,0.00021,2.93468,2.93462
19,100,1,0.2,0.3,0.5,0.00021,3.1465,3.14646
20,100,1,0.2,0.3,0.5,0.00021,2.85225,2.85217
21,100,1,0.2,0.3,0.5,0.00021,3.9214,3.92142
22,100,1,0.2,0.3,0.5,0.00021,3.30526,3.3053
23,100,1,0.2,0.3,0.5,0.00021,3.105,3.10495
24,100,1,0.2,0.3,0.5,0.00021,3.10574,3.1056
25,100,1,0.2,0.3,0.5,0.00021,3.20793,3.20793
26,100,1,0.2,0.3,0.5,0.00021,3.68103,3.68108
27,100,1,0.2,0.3,0.5,0.00021,3.35522,3.35513
28,100,1,0.2,0.3,0.5,0.00021,2.89718,2.89715
29,100,1,0.2,0.3,0.5,0.00021,2.91291,2.91297
30,100,1,0.2,0.3,0.5,0.00021,3.13289,3.13292
31,100,1,0.2,0.3,0.5,0.00021,3.69499,3.69496
32,100,1,0.2,0.3,0.5,0.00021,3.15055,3.15057
33,100,1,0.2,0.3,0.5,0.00021,3.0121,3.01222
34,100,1,0.2,0.3,0.5,0.00021,3.39199,3.39204
35,100,1,0.2,0.3,0.5,0.00021,3.01143,3.01135
36,100,1,0.2,0.3,0.5,0.00021,3.12903,3.12903
37,100,1,0.2,0.3,0.5,0.00021,3.22972,3.22969
38,100,1,0.2,0.3,0.5,0.00021,3.12668,3.12667
39,100,1,0.2,0.3,0.5,0.00021,2.7708,2.7709
40,100,1,0.2,0.3,0.5,0.00021,3.50938,3.50946
41,100,1,0.2,0.3,0.5,0.00021,3.48056,3.48051
42,100,1,0.2,0.3,0.5,0.00021,3.07277,3.07275
43,100,1,0.2,0.3,0.5,0.00021,3.03005,3.0301
44,100,1,0.2,0.3,0.5,0.00021,3.49544,3.49552
45,100,1,0.2,0.3,0.5,0.00021,2.88968,2.8897
46,100,1,0.2,0.3,0.5,0.00021,4.02951,4.02956
47,100,1,0.2,0.3,0.5,0.00021,2.93418,2.93414
48,100,1,0.2,0.3,0.5,0.00021,3.22744,3.22752
49,100,1,0.2,0.3,0.5,0.00021,2.84998,2.85
50,100,1,0.2,0.3,0.5,0.00021,3.36587,3.36591
51,100,1,0.2,0.3,0.5,0.00021,2.93963,2.93951
52,100,1,0.2,0.3,0.5,0.00021,3.11258,3.11257
53,100,1,0.2,0.3,0.5,0.00021,3.13853,3.13856
54,100,1,0.2,0.3,0.5,0.00021,3.20536,3.20542
55,100,1,0.2,0.3,0.5,0.00021,3.32745,3.32747
56,100,1,0.2,0.3,0.5,0.00021,3.96991,3.96995
57,100,1,0.2,0.3,0.5,0.00021,3.17087,3.17084
58,100,1,0.2,0.3,0.5,0.00021,3.31299,3.31305
59,100,1,0.2,0.3,0.5,0.00021,2.78082,2.78081
60,100,1,0.2,0.3,0.5,0.00021,3.24759,3.24756
61,100,1,0.2,0.3,0.5,0.00021,3.03927,3.03934
62,100,1,0.2,0.3,0.5,0.00021,3.16325,3.16329
63,100,1,0.2,0.3,0.5,0.00021,3.35855,3.35863
64,100,1,0.2,0.3,0.5,0.00021,3.5563,3.55634
65,100,1,0.2,0.3,0.5,0.00021,2.88618,2.8862
66,100,1,0.2,0.3,0.5,0.00021,2.92639,2.92638
67,100,1,0.2,0.3,0.5,0.00021,2.78274,2.78274
68,100,1,0.2,0.3,0.5,0.00021,2.90389,2.90388
69,100,1,0.2,0.3,0.5,0.00021,3.25895,3.25893
70,100,1,0.2,0.3,0.5,0.00021,3.52585,3.52593
71,100,1,0.2,0.3,0.5,0.00021,3.51654,3.51655
72,100,1,0.2,0.3,0.5,0.00021,3.62765,3.62764
73,100,1,0.2,0.3,0.5,0.00021,3.14978,3.14979
74,100,1,0.2,0.3,0.5,0.00021,3.30573,3.30571
75,100,1,0.2,0.3,0.5,0.00021,3.16601,3.16601
76,100,1,0.2,0.3,0.5,0.00021,2.81054,2.8104
77,100,1,0.2,0.3,0.5,0.00021,3.32829,3.32839
78,100,1,0.2,0.3,0.5,0.00021,3.49561,3.49559
79,100,1,0.2,0.3,0.5,0.00021,3.4447,3.4448
80,100,1,0.2,0.3,0.5,0.00021,2.73167,2.73164
81,100,1,0.2,0.3,0.5,0.00021,3.04357,3.04357
82,100,1,0.2,0.3,0.5,0.00021,3.24648,3.24643
83,100,1,0.2,0.3,0.5,0.00021,3.16191,3.16197
84,100,1,0.2,0.3,0.5,0.00021,2.85152,2.85146
85,100,1,0.2,0.3,0.5,0.00021,3.10431,3.10427
86,100,1,0.2,0.3,0.5,0.00021,3.41194,3.41204
87,100,1,0.2,0.3,0.5,0.00021,2.962,2.96202
88,100,1,0.2,0.3,0.5,0.00021,2.86534,2.86531
89,100,1,0.2,0.3,0.5,0.00021,3.14646,3.14628
90,100,1,0.2,0.3,0.5,0.00021,3.43057,3.4306
91,100,1,0.2,0.3,0.5,0.00021,2.92063,2.92074
92,100,1,0.2,0.3,0.5,0.00021,2.9557,2.95574
93,100,1,0.2,0.3,0.5,0.00021,2.99012,2.99014
94,100,1,0.2,0.3,0.5,0.00021,3.07249,3.07254
95,100,1,0.2,0.3,0.5,0.00021,2.95413,2.95412
96,100,1,0.2,0.3,0.5,0.00021,3.18287,3.18295
97,100,1,0.2,0.3,0.5,0.00021,3.36928,3.36921
98,100,1,0.2,0.3,0.5,0.00021,3.47003,3.47003
99,100,1,0.2,0.3,0.5,0.00021,3.28995,3.28995
0,100,1,0.2,0.3,0.5,0.00018,3.57259,3.57262
1,100,1,0.2,0.3,0.5,0.00018,3.56599,3.56604
2,100,1,0.2,0.3,0.5,0.00018,3.86143,3.86145
3,100,1,0.2,0.3,0.5,0.00018,3.44005,3.44006
4,100,1,0.2,0.3,0.5,0.00018,3.22352,3.22348
5,100,1,0.2,0.3,0.5,0.00018,3.83375,3.83374
6,100,1,0.2,0.3,0.5,0.00018,3.76678,3.7668
7,100,1,0.2,0.3,0.5,0.00018,4.47573,4.47575
8,100,1,0.2,0.3,0.5,0.00018,3.89559,3.89559
9,100,1,0.2,0.3,0.5,0.00018,3.431,3.43105
10,100,1,0.2,0.3,0.5,0.00018,3.41341,3.41347
11,100,1,0.2,0.3,0.5,0.00018,3.35866,3.35872
12,100,1,0.2,0.3,0.5,0.00018,3.26291,3.26288
13,100,1,0.2,0.3,0.5,0.00018,4.14282,4.14285
14,100,1,0.2,0.3,0.5,0.00018,3.23589,3.23589
15,100,1,0.2,0.3,0.5,0.00018,4.40251,4.40249
16,100,1,0.2,0.3,0.5,0.00018,3.19258,3.19258
17,100,1,0.2,0.3,0.5,0.00018,3.47796,3.47803
18,100,1,0.2,0.3,0.5,0.00018,3.2197,3.21966
19,100,1,0.2,0.3,0.5,0.00018,3.43066,3.43063
20,100,1,0.2,0.3,0.5,0.00018,3.11048,3.11042
21,100,1,0.2,0.3,0.5,0.00018,4.27063,4.27065
22,100,1,0.2,0.3,0.5,0.00018,3.61092,3.61095
23,100,1,0.2,0.3,0.5,0.00018,3.37455,3.37451
24,100,1,0.2,0.3,0.5,0.00018,3.40796,3.40785
25,100,1,0.2,0.3,0.5,0.00018,3.45824,3.45824
26,100,1,0.2,0.3,0.5,0.00018,4.02568,4.02572
27,100,1,0.2,0.3,0.5,0.00018,3.69251,3.69244
28,100,1,0.2,0.3,0.5,0.00018,3.19824,3.19822
29,100,1,0.2,0.3,0.5,0.00018,3.1579,3.15794
30,100,1,0.2,0.3,0.5,0.00018,3.45244,3.45247
31,100,1,0.2,0.3,0.5,0.00018,4.07683,4.07681
32,100,1,0.2,0.3,0.5,0.00018,3.45044,3.45045
33,100,1,0.2,0.3,0.5,0.00018,3.33963,3.33972
34,100,1,0.2,0.3,0.5,0.00018,3.73205,3.73209
35,100,1,0.2,0.3,0.5,0.00018,3.29017,3.29012
36,100,1,0.2,0.3,0.5,0.00018,3.42966,3.42966
37,100,1,0.2,0.3,0.5,0.00018,3.54133,3.5413
38,100,1,0.2,0.3,0.5,0.00018,3.40953,3.40952
39,100,1,0.2,0.3,0.5,0.00018,3.01991,3.01999
40,100,1,0.2,0.3,0.5,0.00018,3.78628,3.78634
41,100,1,0.2,0.3,0.5,0.00018,3.75868,3.75864
42,100,1,0.2,0.3,0.5,0.00018,3.32836,3.32834
43,100,1,0.2,0.3,0.5,0.00018,3.32589,3.32594
44,100,1,0.2,0.3,0.5,0.00018,3.82159,3.82165
45,100,1,0.2,0.3,0.5,0.00018,3.1677,3.16771
46,100,1,0.2,0.3,0.5,0.00018,4.3536,4.35363
47,100,1,0.2,0.3,0.5,0.00018,3.22281,3.22278
48,100,1,0.2,0.3,0.5,0.00018,3.49898,3.49904
49,100,1,0.2,0.3,0.5,0.00018,3.13146,3.13147
50,100,1,0.2,0.3,0.5,0.00018,3.68916,3.68919
51,100,1,0.2,0.3,0.5,0.00018,3.20734,3.20725
52,100,1,0.2,0.3,0.5,0.00018,3.41704,3.41703
53,100,1,0.2,0.3,0.5,0.00018,3.43688,3.4369
54,100,1,0.2,0.3,0.5,0.00018,3.50884,3.50888
55,100,1,0.2,0.3,0.5,0.00018,3.64752,3.64754
56,100,1,0.2,0.3,0.5,0.00018,4.35366,4.35369
57,100,1,0.2,0.3,0.5,0.00018,3.49528,3.49525
58,100,1,0.2,0.3,0.5,0.00018,3.63728,3.63732
59,100,1,0.2,0.3,0.5,0.00018,3.02038,3.02037
60,100,1,0.2,0.3,0.5,0.00018,3.57529,3.57526
61,100,1,0.2,0.3,0.5,0.00018,3.3356,3.33565
62,100,1,0.2,0.3,0.5,0.00018,3.49535,3.49538
63,100,1,0.2,0.3,0.5,0.00018,3.71081,3.71088
64,100,1,0.2,0.3,0.5,0.00018,3.86088,3.86091
65,100,1,0.2,0.3,0.5,0.00018,3.18999,3.19001
66,100,1,0.2,0.3,0.5,0.00018,3.19979,3.19978
67,100,1,0.2,0.3,0.5,0.00018,3.06572,3.06573
68,100,1,0.2,0.3,0.5,0.00018,3.21172,3.21172
69,100,1,0.2,0.3,0.5,0.00018,3.60736,3.60736
70,100,1,0.2,0.3,0.5,0.00018,3.83242,3.83249
71,100,1,0.2,0.3,0.5,0.00018,3.82884,3.82885
72,100,1,0.2,0.3,0.5,0.00018,3.98775,3.98774
73,100,1,0.2,0.3,0.5,0.00018,3.38827,3.38828
74,100,1,0.2,0.3,0.5,0.00018,3.66741,3.66739
75,100,1,0.2,0.3,0.5,0.00018,3.49087,3.49088
76,100,1,0.2,0.3,0.5,0.00018,3.07042,3.07031
77,100,1,0.2,0.3,0.5,0.00018,3.66188,3.66197
78,100,1,0.2,0.3,0.5,0.00018,3.81523,3.81522
79,100,1,0.2,0.3,0.5,0.00018,3.80824,3.80832
80,100,1,0.2,0.3,0.5,0.00018,3.01545,3.01543
81,100,1,0.2,0.3,0.5,0.00018,3.3565,3.3565
82,100,1,0.2,0.3,0.5,0.00018,3.51678,3.51675
83,100,1,0.2,0.3,0.5,0.00018,3.47689,3.47693
84,100,1,0.2,0.3,0.5,0.00018,3.15666,3.15662
85,100,1,0.2,0.3,0.5,0.00018,3.40618,3.40615
86,100,1,0.2,0.3,0.5,0.00018,3.7925,3.79257
87,100,1,0.2,0.3,0.5,0.00018,3.27035,3.27036
88,100,1,0.2,0.3,0.5,0.00018,3.12158,3.12156
89,100,1,0.2,0.3,0.5,0.00018,3.43435,3.43421
90,100,1,0.2,0.3,0.5,0.00018,3.74234,3.74236
91,100,1,0.2,0.3,0.5,0.00018,3.20894,3.20901
92,100,1,0.2,0.3,0.5,0.00018,3.28887,3.2889
93,100,1,0.2,0.3,0.5,0.00018,3.25096,3.25097
94,100,1,0.2,0.3,0.5,0.00018,3.37714,3.37718
95,100,1,0.2,0.3,0.5,0.00018,3.20575,3.20575
96,100,1,0.2,0.3,0.5,0.00018,3.48644,3.4865
97,100,1,0.2,0.3,0.5,0.00018,3.67342,3.67335
98,100,1,0.2,0.3,0.5,0.00018,3.83345,3.83344
99,100,1,0.2,0.3,0.5,0.00018,3.64359,3.64359
0,100,1,0.2,0.3,0.5,0.00015,3.90045,3.90048
1,100,1,0.2,0.3,0.5,0.00015,3.90598,3.90602
2,100,1,0.2,0.3,0.5,0.00015,4.25839,4.2584
3,100,1,0.2,0.3,0.5,0.00015,3.74827,3.74828
4,100,1,0.2,0.3,0.5,0.00015,3.54726,3.54723
5,100,1,0.2,0.3,0.5,0.00015,4.1856,4.18559
6,100,1,0.2,0.3,0.5,0.00015,4.13924,4.13925
7,100,1,0.2,0.3,0.5,0.00015,4.80396,4.80397
8,100,1,0.2,0.3,0.5,0.00015,4.23716,4.23716
9,100,1,0.2,0.3,0.5,0.00015,3.71185,3.71189
10,100,1,0.2,0.3,0.5,0.00015,3.70889,3.70894
11,100,1,0.2,0.3,0.5,0.00015,3.67769,3.67774
12,100,1,0.2,0.3,0.5,0.00015,3.58212,3.5821
13,100,1,0.2,0.3,0.5,0.00015,4.48509,4.48511
14,100,1,0.2,0.3,0.5,0.00015,3.53126,3.53126
15,100,1,0.2,0.3,0.5,0.00015,4.77362,4.7736
16,100,1,0.2,0.3,0.5,0.00015,3.47932,3.47932
17,100,1,0.2,0.3,0.5,0.00015,3.82696,3.82701
18,100,1,0.2,0.3,0.5,0.00015,3.52637,3.52633
19,100,1,0.2,0.3,0.5,0.00015,3.73248,3.73246
20,100,1,0.2,0.3,0.5,0.00015,3.38818,3.38813
21,100,1,0.2,0.3,0.5,0.00015,4.60867,4.60869
22,100,1,0.2,0.3,0.5,0.00015,3.92428,3.9243
23,100,1,0.2,0.3,0.5,0.00015,3.65673,3.6567
24,100,1,0.2,0.3,0.5,0.00015,3.73248,3.73241
25,100,1,0.2,0.3,0.5,0.00015,3.71868,3.71869
26,100,1,0.2,0.3,0.5,0.00015,4.38108,4.38111
27,100,1,0.2,0.3,0.5,0.00015,4.03974,4.03969
28,100,1,0.2,0.3,0.5,0.00015,3.52151,3.52149
29,100,1,0.2,0.3,0.5,0.00015,3.4187,3.41874
30,100,1,0.2,0.3,0.5,0.00015,3.78359,3.78361
31,100,1,0.2,0.3,0.5,0.00015,4.46365,4.46363
32,100,1,0.2,0.3,0.5,0.00015,3.76472,3.76473
33,100,1,0.2,0.3,0.5,0.00015,3.67867,3.67874
34,100,1,0.2,0.3,0.5,0.00015,4.08958,4.08961
35,100,1,0.2,0.3,0.5,0.00015,3.584,3.58396
36,100,1,0.2,0.3,0.5,0.00015,3.74441,3.74441
37,100,1,0.2,0.3,0.5,0.00015,3.87229,3.87228
38,100,1,0.2,0.3,0.5,0.00015,3.71546,3.71545
39,100,1,0.2,0.3,0.5,0.00015,3.29091,3.29097
40,100,1,0.2,0.3,0.5,0.00015,4.06589,4.06594
41,100,1,0.2,0.3,0.5,0.00015,4.03584,4.03582
42,100,1,0.2,0.3,0.5,0.00015,3.5889,3.58888
43,100,1,0.2,0.3,0.5,0.00015,3.63889,3.63892
44,100,1,0.2,0.3,0.5,0.00015,4.16664,4.16669
45,100,1,0.2,0.3,0.5,0.00015,3.46102,3.46102
46,100,1,0.2,0.3,0.5,0.00015,4.67088,4.67091
47,100,1,0.2,0.3,0.5,0.00015,3.5302,3.53017
48,100,1,0.2,0.3,0.5,0.00015,3.78498,3.78502
49,100,1,0.2,0.3,0.5,0.00015,3.43349,3.43349
50,100,1,0.2,0.3,0.5,0.00015,4.023,4.02302
51,100,1,0.2,0.3,0.5,0.00015,3.49373,3.49367
52,100,1,0.2,0.3,0.5,0.00015,3.73863,3.73862
53,100,1,0.2,0.3,0.5,0.00015,3.74034,3.74036
54,100,1,0.2,0.3,0.5,0.00015,3.82368,3.82371
55,100,1,0.2,0.3,0.5,0.00015,3.97888,3.97889
56,100,1,0.2,0.3,0.5,0.00015,4.72941,4.72943
57,100,1,0.2,0.3,0.5,0.00015,3.83639,3.83638
58,100,1,0.2,0.3,0.5,0.00015,3.97241,3.97244
59,100,1,0.2,0.3,0.5,0.00015,3.27539,3.27538
60,100,1,0.2,0.3,0.5,0.00015,3.91262,3.9126
61,100,1,0.2,0.3,0.5,0.00015,3.64487,3.64491
62,100,1,0.2,0.3,0.5,0.00015,3.83858,3.8386
63,100,1,0.2,0.3,0.5,0.00015,4.0726,4.07265
64,100,1,0.2,0.3,0.5,0.00015,4.16529,4.16531
65,100,1,0.2,0.3,0.5,0.00015,3.5101,3.51011
66,100,1,0.2,0.3,0.5,0.00015,3.48797,3.48797
67,100,1,0.2,0.3,0.5,0.00015,3.37119,3.3712
68,100,1,0.2,0.3,0.5,0.00015,3.53911,3.53911
69,100,1,0.2,0.3,0.5,0.00015,3.97631,3.97631
70,100,1,0.2,0.3,0.5,0.00015,4.15073,4.15078
71,100,1,0.2,0.3,0.5,0.00015,4.13536,4.13537
72,100,1,0.2,0.3,0.5,0.00015,4.3504,4.3504
73,100,1,0.2,0.3,0.5,0.00015,3.63541,3.63541
74,100,1,0.2,0.3,0.5,0.00015,4.05105,4.05104
75,100,1,0.2,0.3,0.5,0.00015,3.82188,3.82189
76,100,1,0.2,0.3,0.5,0.00015,3.35524,3.35516
77,100,1,0.2,0.3,0.5,0.00015,4.01677,4.01683
78,100,1,0.2,0.3,0.5,0.00015,4.13886,4.13885
79,100,1,0.2,0.3,0.5,0.00015,4.18574,4.18581
80,100,1,0.2,0.3,0.5,0.00015,3.32305,3.32303
81,100,1,0.2,0.3,0.5,0.00015,3.69452,3.69452
82,100,1,0.2,0.3,0.5,0.00015,3.79756,3.79754
83,100,1,0.2,0.3,0.5,0.00015,3.80313,3.80317
84,100,1,0.2,0.3,0.5,0.00015,3.48882,3.4888
85,100,1,0.2,0.3,0.5,0.00015,3.72359,3.72357
86,100,1,0.2,0.3,0.5,0.00015,4.18923,4.18929
87,100,1,0.2,0.3,0.5,0.00015,3.59979,3.59981
88,100,1,0.2,0.3,0.5,0.00015,3.39729,3.39727
89,100,1,0.2,0.3,0.5,0.00015,3.73826,3.73816
90,100,1,0.2,0.3,0.5,0.00015,4.0667,4.06672
91,100,1,0.2,0.3,0.5,0.00015,3.51363,3.51368
92,100,1,0.2,0.3,0.5,0.00015,3.64748,3.64751
93,100,1,0.2,0.3,0.5,0.00015,3.52926,3.52927
94,100,1,0.2,0.3,0.5,0.00015,3.69554,3.69556
95,100,1,0.2,0.3,0.5,0.00015,3.47008,3.47008
96,100,1,0.2,0.3,0.5,0.00015,3.80163,3.80167
97,100,1,0.2,0.3,0.5,0.00015,3.98765,3.9876
98,100,1,0.2,0.3,0.5,0.00015,4.20352,4.20352
99,100,1,0.2,0.3,0.5,0.00015,4.00858,4.00858
0,100,1,0.2,0.3,0.5,0.00012,4.23667,4.23668
1,100,1,0.2,0.3,0.5,0.00012,4.25757,4.2576
2,100,1,0.2,0.3,0.5,0.00012,4.6604,4.66041
3,100,1,0.2,0.3,0.5,0.00012,4.05934,4.05935
4,100,1,0.2,0.3,0.5,0.00012,3.88788,3.88786
5,100,1,0.2,0.3,0.5,0.00012,4.5273,4.52729
6,100,1,0.2,0.3,0.5,0.00012,4.51989,4.5199
7,100,1,0.2,0.3,0.5,0.00012,5.12644,5.12644
8,100,1,0.2,0.3,0.5,0.00012,4.5815,4.5815
9,100,1,0.2,0.3,0.5,0.00012,4.00503,4.00506
10,100,1,0.2,0.3,0.5,0.00012,4.02117,4.0212
11,100,1,0.2,0.3,0.5,0.00012,4.01091,4.01095
12,100,1,0.2,0.3,0.5,0.00012,3.9092,3.90919
13,100,1,0.2,0.3,0.5,0.00012,4.82664,4.82665
14,100,1,0.2,0.3,0.5,0.00012,3.8399,3.8399
15,100,1,0.2,0.3,0.5,0.00012,5.13603,5.13602
16,100,1,0.2,0.3,0.5,0.00012,3.77982,3.77982
17,100,1,0.2,0.3,0.5,0.00012,4.19034,4.19039
18,100,1,0.2,0.3,0.5,0.00012,3.85288,3.85285
19,100,1,0.2,0.3,0.5,0.00012,4.05092,4.0509
20,100,1,0.2,0.3,0.5,0.00012,3.68673,3.68669
21,100,1,0.2,0.3,0.5,0.00012,4.9359,4.93591
22,100,1,0.2,0.3,0.5,0.00012,4.24621,4.24623
23,100,1,0.2,0.3,0.5,0.00012,3.95085,3.95082
24,100,1,0.2,0.3,0.5,0.00012,4.07734,4.07728
25,100,1,0.2,0.3,0.5,0.00012,3.98825,3.98826
26,100,1,0.2,0.3,0.5,0.00012,4.74294,4.74296
27,100,1,0.2,0.3,0.5,0.00012,4.39521,4.39517
28,100,1,0.2,0.3,0.5,0.00012,3.86155,3.86154
29,100,1,0.2,0.3,0.5,0.00012,3.69634,3.69637
30,100,1,0.2,0.3,0.5,0.00012,4.12133,4.12134
31,100,1,0.2,0.3,0.5,0.00012,4.85028,4.85027
32,100,1,0.2,0.3,0.5,0.00012,4.09086,4.09086
33,100,1,0.2,0.3,0.5,0.00012,4.02356,4.02361
34,100,1,0.2,0.3,0.5,0.00012,4.46098,4.461
35,100,1,0.2,0.3,0.5,0.00012,3.89614,3.89611
36,100,1,0.2,0.3,0.5,0.00012,4.07152,4.07152
37,100,1,0.2,0.3,0.5,0.00012,4.21624,4.21622
38,100,1,0.2,0.3,0.5,0.00012,4.04273,4.04273
39,100,1,0.2,0.3,0.5,0.00012,3.58281,3.58285
40,100,1,0.2,0.3,0.5,0.00012,4.35052,4.35056
41,100,1,0.2,0.3,0.5,0.00012,4.31435,4.31433
42,100,1,0.2,0.3,0.5,0.00012,3.85552,3.85551
43,100,1,0.2,0.3,0.5,0.00012,3.96463,3.96465
44,100,1,0.2,0.3,0.5,0.00012,4.52646,4.5265
45,100,1,0.2,0.3,0.5,0.00012,3.76679,3.76679
46,100,1,0.2,0.3,0.5,0.00012,4.98047,4.98049
47,100,1,0.2,0.3,0.5,0.00012,3.85466,3.85464
48,100,1,0.2,0.3,0.5,0.00012,4.08189,4.08192
49,100,1,0.2,0.3,0.5,0.00012,3.75504,3.75504
50,100,1,0.2,0.3,0.5,0.00012,4.36551,4.36552
51,100,1,0.2,0.3,0.5,0.00012,3.79933,3.79928
52,100,1,0.2,0.3,0.5,0.00012,4.07209,4.07208
53,100,1,0.2,0.3,0.5,0.00012,4.04471,4.04473
54,100,1,0.2,0.3,0.5,0.00012,4.14714,4.14717
55,100,1,0.2,0.3,0.5,0.00012,4.32026,4.32027
56,100,1,0.2,0.3,0.5,0.00012,5.09384,5.09386
57,100,1,0.2,0.3,0.5,0.00012,4.19186,4.19185
58,100,1,0.2,0.3,0.5,0.00012,4.31873,4.31875
59,100,1,0.2,0.3,0.5,0.00012,3.54794,3.54794
60,100,1,0.2,0.3,0.5,0.00012,4.25819,4.25817
61,100,1,0.2,0.3,0.5,0.00012,3.96389,3.96392
62,100,1,0.2,0.3,0.5,0.00012,4.1893,4.18931
63,100,1,0.2,0.3,0.5,0.00012,4.43686,4.4369
64,100,1,0.2,0.3,0.5,0.00012,4.46628,4.46629
65,100,1,0.2,0.3,0.5,0.00012,3.84492,3.84493
66,100,1,0.2,0.3,0.5,0.00012,3.78908,3.78907
67,100,1,0.2,0.3,0.5,0.00012,3.69828,3.69828
68,100,1,0.2,0.3,0.5,0.00012,3.88143,3.88143
69,100,1,0.2,0.3,0.5,0.00012,4.35678,4.35677
70,100,1,0.2,0.3,0.5,0.00012,4.47717,4.47721
71,100,1,0.2,0.3,0.5,0.00012,4.4366,4.43661
72,100,1,0.2,0.3,0.5,0.00012,4.71765,4.71764
73,100,1,0.2,0.3,0.5,0.00012,3.88942,3.88943
74,100,1,0.2,0.3,0.5,0.00012,4.44911,4.44911
75,100,1,0.2,0.3,0.5,0.00012,4.15809,4.15809
76,100,1,0.2,0.3,0.5,0.00012,3.66492,3.66486
77,100,1,0.2,0.3,0.5,0.00012,4.38936,4.38941
78,100,1,0.2,0.3,0.5,0.00012,4.46752,4.46751
79,100,1,0.2,0.3,0.5,0.00012,4.57367,4.57373
80,100,1,0.2,0.3,0.5,0.00012,3.6513,3.65129
81,100,1,0.2,0.3,0.5,0.00012,4.05333,4.05333
82,100,1,0.2,0.3,0.5,0.00012,4.09175,4.09174
83,100,1,0.2,0.3,0.5,0.00012,4.13794,4.13797
84,100,1,0.2,0.3,0.5,0.00012,3.84574,3.84572
85,100,1,0.2,0.3,0.5,0.00012,4.05321,4.05319
86,100,1,0.2,0.3,0.5,0.00012,4.59161,4.59165
87,100,1,0.2,0.3,0.5,0.00012,3.94615,3.94616
88,100,1,0.2,0.3,0.5,0.00012,3.69217,3.69215
89,100,1,0.2,0.3,0.5,0.00012,4.05696,4.05687
90,100,1,0.2,0.3,0.5,0.00012,4.40126,4.40127
91,100,1,0.2,0.3,0.5,0.00012,3.83407,3.83411
92,100,1,0.2,0.3,0.5,0.00012,4.02531,4.02533
93,100,1,0.2,0.3,0.5,0.00012,3.82647,3.82648
94,100,1,0.2,0.3,0.5,0.00012,4.02429,4.02432
95,100,1,0.2,0.3,0.5,0.00012,3.74929,3.74929
96,100,1,0.2,0.3,0.5,0.00012,4.12776,4.1278
97,100,1,0.2,0.3,0.5,0.00012,4.30965,4.30961
98,100,1,0.2,0.3,0.5,0.00012,4.57504,4.57504
99,100,1,0.2,0.3,0.5,0.00012,4.37864,4.37864
0,100,1,0.2,0.3,0.5,0.0001,4.57894,4.57895
1,100,1,0.2,0.3,0.5,0.0001,4.61658,4.61661
2,100,1,0.2,0.3,0.5,0.0001,5.0582,5.05821
3,100,1,0.2,0.3,0.5,0.0001,4.37005,4.37006
4,100,1,0.2,0.3,0.5,0.0001,4.23762,4.2376
5,100,1,0.2,0.3,0.5,0.0001,4.85964,4.85963
6,100,1,0.2,0.3,0.5,0.0001,4.90437,4.90437
7,100,1,0.2,0.3,0.5,0.0001,5.4447,5.44471
8,100,1,0.2,0.3,0.5,0.0001,4.92607,4.92607
9,100,1,0.2,0.3,0.5,0.0001,4.30811,4.30813
10,100,1,0.2,0.3,0.5,0.0001,4.3465,4.34652
11,100,1,0.2,0.3,0.5,0.0001,4.35417,4.3542
12,100,1,0.2,0.3,0.5,0.0001,4.24113,4.24112
13,100,1,0.2,0.3,0.5,0.0001,5.16828,5.16829
14,100,1,0.2,0.3,0.5,0.0001,4.15927,4.15927
15,100,1,0.2,0.3,0.5,0.0001,5.48617,5.48616
16,100,1,0.2,0.3,0.5,0.0001,4.09294,4.09294
17,100,1,0.2,0.3,0.5,0.0001,4.56179,4.56183
18,100,1,0.2,0.3,0.5,0.0001,4.19476,4.19474
19,100,1,0.2,0.3,0.5,0.0001,4.38319,4.38317
20,100,1,0.2,0.3,0.5,0.0001,4.00703,4.007
21,100,1,0.2,0.3,0.5,0.0001,5.25413,5.25414
22,100,1,0.2,0.3,0.5,0.0001,4.57645,4.57646
23,100,1,0.2,0.3,0.5,0.0001,4.25328,4.25326
24,100,1,0.2,0.3,0.5,0.0001,4.4394,4.43936
25,100,1,0.2,0.3,0.5,0.0001,4.26755,4.26755
26,100,1,0.2,0.3,0.5,0.0001,5.10745,5.10746
27,100,1,0.2,0.3,0.5,0.0001,4.75863,4.75861
28,100,1,0.2,0.3,0.5,0.0001,4.21208,4.21207
29,100,1,0.2,0.3,0.5,0.0001,3.99056,3.99058
30,100,1,0.2,0.3,0.5,0.0001,4.46155,4.46156
31,100,1,0.2,0.3,0.5,0.0001,5.23125,5.23124
32,100,1,0.2,0.3,0.5,0.0001,4.42632,4.42632
33,100,1,0.2,0.3,0.5,0.0001,4.36956,4.3696
34,100,1,0.2,0.3,0.5,0.0001,4.84078,4.8408
35,100,1,0.2,0.3,0.5,0.0001,4.22895,4.22893
36,100,1,0.2,0.3,0.5,0.0001,4.40938,4.40938
37,100,1,0.2,0.3,0.5,0.0001,4.56635,4.56634
38,100,1,0.2,0.3,0.5,0.0001,4.3858,4.3858
39,100,1,0.2,0.3,0.5,0.0001,3.89273,3.89276
40,100,1,0.2,0.3,0.5,0.0001,4.63984,4.63987
41,100,1,0.2,0.3,0.5,0.0001,4.59367,4.59365
42,100,1,0.2,0.3,0.5,0.0001,4.12962,4.12961
43,100,1,0.2,0.3,0.5,0.0001,4.29798,4.298
44,100,1,0.2,0.3,0.5,0.0001,4.89438,4.8944
45,100,1,0.2,0.3,0.5,0.0001,4.08199,4.08199
46,100,1,0.2,0.3,0.5,0.0001,5.28052,5.28053
47,100,1,0.2,0.3,0.5,0.0001,4.19377,4.19376
48,100,1,0.2,0.3,0.5,0.0001,4.38522,4.38524
49,100,1,0.2,0.3,0.5,0.0001,4.09439,4.09439
50,100,1,0.2,0.3,0.5,0.0001,4.71322,4.71323
51,100,1,0.2,0.3,0.5,0.0001,4.12261,4.12257
52,100,1,0.2,0.3,0.5,0.0001,4.41196,4.41195
53,100,1,0.2,0.3,0.5,0.0001,4.34644,4.34645
54,100,1,0.2,0.3,0.5,0.0001,4.47655,4.47657
55,100,1,0.2,0.3,0.5,0.0001,4.66977,4.66978
56,100,1,0.2,0.3,0.5,0.0001,5.44589,5.4459
57,100,1,0.2,0.3,0.5,0.0001,4.55893,4.55892
58,100,1,0.2,0.3,0.5,0.0001,4.67521,4.67523
59,100,1,0.2,0.3,0.5,0.0001,3.83877,3.83877
60,100,1,0.2,0.3,0.5,0.0001,4.61271,4.6127
61,100,1,0.2,0.3,0.5,0.0001,4.28957,4.28959
62,100,1,0.2,0.3,0.5,0.0001,4.54463,4.54464
63,100,1,0.2,0.3,0.5,0.0001,4.79833,4.79836
64,100,1,0.2,0.3,0.5,0.0001,4.76471,4.76472
65,100,1,0.2,0.3,0.5,0.0001,4.1931,4.1931
66,100,1,0.2,0.3,0.5,0.0001,4.10034,4.10033
67,100,1,0.2,0.3,0.5,0.0001,4.04444,4.04444
68,100,1,0.2,0.3,0.5,0.0001,4.23373,4.23374
69,100,1,0.2,0.3,0.5,0.0001,4.73831,4.73831
70,100,1,0.2,0.3,0.5,0.0001,4.8082,4.80823
71,100,1,0.2,0.3,0.5,0.0001,4.73593,4.73594
72,100,1,0.2,0.3,0.5,0.0001,5.09114,5.09113
73,100,1,0.2,0.3,0.5,0.0001,4.14734,4.14734
74,100,1,0.2,0.3,0.5,0.0001,4.85363,4.85363
75,100,1,0.2,0.3,0.5,0.0001,4.49854,4.49854
76,100,1,0.2,0.3,0.5,0.0001,3.99857,3.99852
77,100,1,0.2,0.3,0.5,0.0001,4.77452,4.77456
78,100,1,0.2,0.3,0.5,0.0001,4.80108,4.80107
79,100,1,0.2,0.3,0.5,0.0001,4.9663,4.96635
80,100,1,0.2,0.3,0.5,0.0001,3.99494,3.99493
81,100,1,0.2,0.3,0.5,0.0001,4.42629,4.42629
82,100,1,0.2,0.3,0.5,0.0001,4.40137,4.40136
83,100,1,0.2,0.3,0.5,0.0001,4.47964,4.47966
84,100,1,0.2,0.3,0.5,0.0001,4.22163,4.22162
85,100,1,0.2,0.3,0.5,0.0001,4.39132,4.39131
86,100,1,0.2,0.3,0.5,0.0001,4.99302,4.99305
87,100,1,0.2,0.3,0.5,0.0001,4.30489,4.30489
88,100,1,0.2,0.3,0.5,0.0001,4.00379,4.00377
89,100,1,0.2,0.3,0.5,0.0001,4.38777,4.38771
90,100,1,0.2,0.3,0.5,0.0001,4.74429,4.74429
91,100,1,0.2,0.3,0.5,0.0001,4.16936,4.16939
92,100,1,0.2,0.3,0.5,0.0001,4.41421,4.41422
93,100,1,0.2,0.3,0.5,0.0001,4.14163,4.14163
94,100,1,0.2,0.3,0.5,0.0001,4.3602,4.36021
95,100,1,0.2,0.3,0.5,0.0001,4.04507,4.04506
96,100,1,0.2,0.3,0.5,0.0001,4.46223,4.46225
97,100,1,0.2,0.3,0.5,0.0001,4.63667,4.63664
98,100,1,0.2,0.3,0.5,0.0001,4.94432,4.94432
99,100,1,0.2,0.3,0.5,0.0001,4.74959,4.74959
