,N,dim,std,jump,jump_prob,ve,L2,L2_true
0,1,1,0.01,0.3,0.5,0.001,3.62038,1.80385
1,1,1,0.01,0.3,0.5,0.001,3.62038,1.80385
2,1,1,0.01,0.3,0.5,0.001,3.62038,1.80385
3,1,1,0.01,0.3,0.5,0.001,3.62038,1.80385
4,1,1,0.01,0.3,0.5,0.001,3.62038,1.80385
5,1,1,0.01,0.3,0.5,0.001,3.62038,1.80385
6,1,1,0.01,0.3,0.5,0.001,3.62038,1.80385
7,1,1,0.01,0.3,0.5,0.001,3.62038,1.80385
8,1,1,0.01,0.3,0.5,0.001,3.62038,1.80385
9,1,1,0.01,0.3,0.5,0.001,3.62038,1.80385
10,1,1,0.01,0.3,0.5,0.001,3.62038,1.80385
11,1,1,0.01,0.3,0.5,0.001,3.62038,1.80385
12,1,1,0.01,0.3,0.5,0.001,3.62038,1.80385
13,1,1,0.01,0.3,0.5,0.001,3.62038,1.80385
14,1,1,0.01,0.3,0.5,0.001,3.62038,1.80385
15,1,1,0.01,0.3,0.5,0.001,3.62038,1.80385
16,1,1,0.01,0.3,0.5,0.001,3.62038,1.80385
17,1,1,0.01,0.3,0.5,0.001,3.62038,1.80385
18,1,1,0.01,0.3,0.5,0.001,3.62038,1.80385
19,1,1,0.01,0.3,0.5,0.001,3.62038,1.80385
20,1,1,0.01,0.3,0.5,0.001,3.62038,1.80385
21,1,1,0.01,0.3,0.5,0.001,3.62038,1.80385
22,1,1,0.01,0.3,0.5,0.001,3.62038,1.80385
23,1,1,0.01,0.3,0.5,0.001,3.62038,1.80385
24,1,1,0.01,0.3,0.5,0.001,3.62038,1.80385
25,1,1,0.01,0.3,0.5,0.001,3.62038,1.80385
26,1,1,0.01,0.3,0.5,0.001,3.62038,1.80385
27,1,1,0.01,0.3,0.5,0.001,3.62038,1.80385
28,1,1,0.01,0.3,0.5,0.001,3.62038,1.80385
29,1,1,0.01,0.3,0.5,0.001,3.62038,1.80385
30,1,1,0.01,0.3,0.5,0.001,3.62038,1.80385
31,1,1,0.01,0.3,0.5,0.001,3.62038,1.80385
32,1,1,0.01,0.3,0.5,0.001,3.62038,1.80385
33,1,1,0.01,0.3,0.5,0.001,3.62038,1.80385
34,1,1,0.01,0.3,0.5,0.001,3.62038,1.80385
35,1,1,0.01,0.3,0.5,0.001,3.62038,1.80385
36,1,1,0.01,0.3,0.5,0.001,3.62038,1.80385
37,1,1,0.01,0.3,0.5,0.001,3.62038,1.80385
38,1,1,0.01,0.3,0.5,0.001,3.62038,1.80385
39,1,1,0.01,0.3,0.5,0.001,3.62038,1.80385
40,1,1,0.01,0.3,0.5,0.001,3.62038,1.80385
41,1,1,0.01,0.3,0.5,0.001,3.62038,1.80385
42,1,1,0.01,0.3,0.5,0.001,3.62038,1.80385
43,1,1,0.01,0.3,0.5,0.001,3.62038,1.80385
44,1,1,0.01,0.3,0.5,0.001,3.62038,1.80385
45,1,1,0.01,0.3,0.5,0.001,3.62038,1.80385
46,1,1,0.01,0.3,0.5,0.001,3.62038,1.80385
47,1,1,0.01,0.3,0.5,0.001,3.62038,1.80385
48,1,1,0.01,0.3,0.5,0.001,3.62038,1.80385
49,1,1,0.01,0.3,0.5,0.001,3.62038,1.80385
50,1,1,0.01,0.3,0.5,0.001,3.62038,1.80385
51,1,1,0.01,0.3,0.5,0.001,3.62038,1.80385
52,1,1,0.01,0.3,0.5,0.001,3.62038,1.80385
53,1,1,0.01,0.3,0.5,0.001,3.62038,1.80385
54,1,1,0.01,0.3,0.5,0.001,3.62038,1.80385
55,1,1,0.01,0.3,0.5,0.001,3.62038,1.80385
56,1,1,0.01,0.3,0.5,0.001,3.62038,1.80385
57,1,1,0.01,0.3,0.5,0.001,3.62038,1.80385
58,1,1,0.01,0.3,0.5,0.001,3.62038,1.80385
59,1,1,0.01,0.3,0.5,0.001,3.62038,1.80385
60,1,1,0.01,0.3,0.5,0.001,3.62038,1.80385
61,1,1,0.01,0.3,0.5,0.001,3.62038,1.80385
62,1,1,0.01,0.3,0.5,0.001,3.62038,1.80385
63,1,1,0.01,0.3,0.5,0.001,3.62038,1.80385
64,1,1,0.01,0.3,0.5,0.001,3.62038,1.80385
65,1,1,0.01,0.3,0.5,0.001,3.62038,1.80385
66,1,1,0.01,0.3,0.5,0.001,3.62038,1.80385
67,1,1,0.01,0.3,0.5,0.001,3.62038,1.80385
68,1,1,0.01,0.3,0.5,0.001,3.62038,1.80385
69,1,1,0.01,0.3,0.5,0.001,3.62038,1.80385
70,1,1,0.01,0.3,0.5,0.001,3.62038,1.80385
71,1,1,0.01,0.3,0.5,0.001,3.62038,1.80385
72,1,1,0.01,0.3,0.5,0.001,3.62038,1.80385
73,1,1,0.01,0.3,0.5,0.001,3.62038,1.80385
74,1,1,0.01,0.3,0.5,0.001,3.62038,1.80385
75,1,1,0.01,0.3,0.5,0.001,3.62038,1.80385
76,1,1,0.01,0.3,0.5,0.001,3.62038,1.80385
77,1,1,0.01,0.3,0.5,0.001,3.62038,1.80385
78,1,1,0.01,0.3,0.5,0.001,3.62038,1.80385
79,1,1,0.01,0.3,0.5,0.001,3.62038,1.80385
80,1,1,0.01,0.3,0.5,0.001,3.62038,1.80385
81,1,1,0.01,0.3,0.5,0.001,3.62038,1.80385
82,1,1,0.01,0.3,0.5,0.001,3.62038,1.80385
83,1,1,0.01,0.3,0.5,0.001,3.62038,1.80385
84,1,1,0.01,0.3,0.5,0.001,3.62038,1.80385
85,1,1,0.01,0.3,0.5,0.001,3.62038,1.80385
86,1,1,0.01,0.3,0.5,0.001,3.62038,1.80385
87,1,1,0.01,0.3,0.5,0.001,3.62038,1.80385
88,1,1,0.01,0.3,0.5,0.001,3.62038,1.80385
89,1,1,0.01,0.3,0.5,0.001,3.62038,1.80385
90,1,1,0.01,0.3,0.5,0.001,3.62038,1.80385
91,1,1,0.01,0.3,0.5,0.001,3.62038,1.80385
92,1,1,0.01,0.3,0.5,0.001,3.62038,1.80385
93,1,1,0.01,0.3,0.5,0.001,3.62038,1.80385
94,1,1,0.01,0.3,0.5,0.001,3.62038,1.80385
95,1,1,0.01,0.3,0.5,0.001,3.62038,1.80385
96,1,1,0.01,0.3,0.5,0.001,3.62038,1.80385
97,1,1,0.01,0.3,0.5,0.001,3.62038,1.80385
98,1,1,0.01,0.3,0.5,0.001,3.62038,1.80385
99,1,1,0.01,0.3,0.5,0.001,3.62038,1.80385
0,1,1,0.05,0.3,0.5,0.001,1.34964,1.17819
1,1,1,0.05,0.3,0.5,0.001,1.34964,1.17819
2,1,1,0.05,0.3,0.5,0.001,1.34964,1.17819
3,1,1,0.05,0.3,0.5,0.001,1.34964,1.17819
4,1,1,0.05,0.3,0.5,0.001,1.34964,1.17819
5,1,1,0.05,0.3,0.5,0.001,1.34964,1.17819
6,1,1,0.05,0.3,0.5,0.001,1.34964,1.17819
7,1,1,0.05,0.3,0.5,0.001,1.34964,1.17819
8,1,1,0.05,0.3,0.5,0.001,1.34964,1.17819
9,1,1,0.05,0.3,0.5,0.001,1.34964,1.17819
10,1,1,0.05,0.3,0.5,0.001,1.34964,1.17819
11,1,1,0.05,0.3,0.5,0.001,1.34964,1.17819
12,1,1,0.05,0.3,0.5,0.001,1.34964,1.17819
13,1,1,0.05,0.3,0.5,0.001,1.34964,1.17819
14,1,1,0.05,0.3,0.5,0.001,1.34964,1.17819
15,1,1,0.05,0.3,0.5,0.001,1.34964,1.17819
16,1,1,0.05,0.3,0.5,0.001,1.34964,1.17819
17,1,1,0.05,0.3,0.5,0.001,1.34964,1.17819
18,1,1,0.05,0.3,0.5,0.001,1.34964,1.17819
19,1,1,0.05,0.3,0.5,0.001,1.34964,1.17819
20,1,1,0.05,0.3,0.5,0.001,1.34964,1.17819
21,1,1,0.05,0.3,0.5,0.001,1.34964,1.17819
22,1,1,0.05,0.3,0.5,0.001,1.34964,1.17819
23,1,1,0.05,0.3,0.5,0.001,1.34964,1.17819
24,1,1,0.05,0.3,0.5,0.001,1.34964,1.17819
25,1,1,0.05,0.3,0.5,0.001,1.34964,1.17819
26,1,1,0.05,0.3,0.5,0.001,1.34964,1.17819
27,1,1,0.05,0.3,0.5,0.001,1.34964,1.17819
28,1,1,0.05,0.3,0.5,0.001,1.34964,1.17819
29,1,1,0.05,0.3,0.5,0.001,1.34964,1.17819
30,1,1,0.05,0.3,0.5,0.001,1.34964,1.17819
31,1,1,0.05,0.3,0.5,0.001,1.34964,1.17819
32,1,1,0.05,0.3,0.5,0.001,1.34964,1.17819
33,1,1,0.05,0.3,0.5,0.001,1.34964,1.17819
34,1,1,0.05,0.3,0.5,0.001,1.34964,1.17819
35,1,1,0.05,0.3,0.5,0.001,1.34964,1.17819
36,1,1,0.05,0.3,0.5,0.001,1.34964,1.17819
37,1,1,0.05,0.3,0.5,0.001,1.34964,1.17819
38,1,1,0.05,0.3,0.5,0.001,1.34964,1.17819
39,1,1,0.05,0.3,0.5,0.001,1.34964,1.17819
40,1,1,0.05,0.3,0.5,0.001,1.34964,1.17819
41,1,1,0.05,0.3,0.5,0.001,1.34964,1.17819
42,1,1,0.05,0.3,0.5,0.001,1.34964,1.17819
43,1,1,0.05,0.3,0.5,0.001,1.34964,1.17819
44,1,1,0.05,0.3,0.5,0.001,1.34964,1.17819
45,1,1,0.05,0.3,0.5,0.001,1.34964,1.17819
46,1,1,0.05,0.3,0.5,0.001,1.34964,1.17819
47,1,1,0.05,0.3,0.5,0.001,1.34964,1.17819
48,1,1,0.05,0.3,0.5,0.001,1.34964,1.17819
49,1,1,0.05,0.3,0.5,0.001,1.34964,1.17819
50,1,1,0.05,0.3,0.5,0.001,1.34964,1.17819
51,1,1,0.05,0.3,0.5,0.001,1.34964,1.17819
52,1,1,0.05,0.3,0.5,0.001,1.34964,1.17819
53,1,1,0.05,0.3,0.5,0.001,1.34964,1.17819
54,1,1,0.05,0.3,0.5,0.001,1.34964,1.17819
55,1,1,0.05,0.3,0.5,0.001,1.34964,1.17819
56,1,1,0.05,0.3,0.5,0.001,1.34964,1.17819
57,1,1,0.05,0.3,0.5,0.001,1.34964,1.17819
58,1,1,0.05,0.3,0.5,0.001,1.34964,1.17819
59,1,1,0.05,0.3,0.5,0.001,1.34964,1.17819
60,1,1,0.05,0.3,0.5,0.001,1.34964,1.17819
61,1,1,0.05,0.3,0.5,0.001,1.34964,1.17819
62,1,1,0.05,0.3,0.5,0.001,1.34964,1.17819
63,1,1,0.05,0.3,0.5,0.001,1.34964,1.17819
64,1,1,0.05,0.3,0.5,0.001,1.34964,1.17819
65,1,1,0.05,0.3,0.5,0.001,1.34964,1.17819
66,1,1,0.05,0.3,0.5,0.001,1.34964,1.17819
67,1,1,0.05,0.3,0.5,0.001,1.34964,1.17819
68,1,1,0.05,0.3,0.5,0.001,1.34964,1.17819
69,1,1,0.05,0.3,0.5,0.001,1.34964,1.17819
70,1,1,0.05,0.3,0.5,0.001,1.34964,1.17819
71,1,1,0.05,0.3,0.5,0.001,1.34964,1.17819
72,1,1,0.05,0.3,0.5,0.001,1.34964,1.17819
73,1,1,0.05,0.3,0.5,0.001,1.34964,1.17819
74,1,1,0.05,0.3,0.5,0.001,1.34964,1.17819
75,1,1,0.05,0.3,0.5,0.001,1.34964,1.17819
76,1,1,0.05,0.3,0.5,0.001,1.34964,1.17819
77,1,1,0.05,0.3,0.5,0.001,1.34964,1.17819
78,1,1,0.05,0.3,0.5,0.001,1.34964,1.17819
79,1,1,0.05,0.3,0.5,0.001,1.34964,1.17819
80,1,1,0.05,0.3,0.5,0.001,1.34964,1.17819
81,1,1,0.05,0.3,0.5,0.001,1.34964,1.17819
82,1,1,0.05,0.3,0.5,0.001,1.34964,1.17819
83,1,1,0.05,0.3,0.5,0.001,1.34964,1.17819
84,1,1,0.05,0.3,0.5,0.001,1.34964,1.17819
85,1,1,0.05,0.3,0.5,0.001,1.34964,1.17819
86,1,1,0.05,0.3,0.5,0.001,1.34964,1.17819
87,1,1,0.05,0.3,0.5,0.001,1.34964,1.17819
88,1,1,0.05,0.3,0.5,0.001,1.34964,1.17819
89,1,1,0.05,0.3,0.5,0.001,1.34964,1.17819
90,1,1,0.05,0.3,0.5,0.001,1.34964,1.17819
91,1,1,0.05,0.3,0.5,0.001,1.34964,1.17819
92,1,1,0.05,0.3,0.5,0.001,1.34964,1.17819
93,1,1,0.05,0.3,0.5,0.001,1.34964,1.17819
94,1,1,0.05,0.3,0.5,0.001,1.34964,1.17819
95,1,1,0.05,0.3,0.5,0.001,1.34964,1.17819
96,1,1,0.05,0.3,0.5,0.001,1.34964,1.17819
97,1,1,0.05,0.3,0.5,0.001,1.34964,1.17819
98,1,1,0.05,0.3,0.5,0.001,1.34964,1.17819
99,1,1,0.05,0.3,0.5,0.001,1.34964,1.17819
0,1,1,0.2,0.3,0.5,0.001,0.3778,0.37036
1,1,1,0.2,0.3,0.5,0.001,0.3778,0.37036
2,1,1,0.2,0.3,0.5,0.001,0.3778,0.37036
3,1,1,0.2,0.3,0.5,0.001,0.3778,0.37036
4,1,1,0.2,0.3,0.5,0.001,0.3778,0.37036
5,1,1,0.2,0.3,0.5,0.001,0.3778,0.37036
6,1,1,0.2,0.3,0.5,0.001,0.3778,0.37036
7,1,1,0.2,0.3,0.5,0.001,0.3778,0.37036
8,1,1,0.2,0.3,0.5,0.001,0.3778,0.37036
9,1,1,0.2,0.3,0.5,0.001,0.3778,0.37036
10,1,1,0.2,0.3,0.5,0.001,0.3778,0.37036
11,1,1,0.2,0.3,0.5,0.001,0.3778,0.37036
12,1,1,0.2,0.3,0.5,0.001,0.3778,0.37036
13,1,1,0.2,0.3,0.5,0.001,0.3778,0.37036
14,1,1,0.2,0.3,0.5,0.001,0.3778,0.37036
15,1,1,0.2,0.3,0.5,0.001,0.3778,0.37036
16,1,1,0.2,0.3,0.5,0.001,0.3778,0.37036
17,1,1,0.2,0.3,0.5,0.001,0.3778,0.37036
18,1,1,0.2,0.3,0.5,0.001,0.3778,0.37036
19,1,1,0.2,0.3,0.5,0.001,0.3778,0.37036
20,1,1,0.2,0.3,0.5,0.001,0.3778,0.37036
21,1,1,0.2,0.3,0.5,0.001,0.3778,0.37036
22,1,1,0.2,0.3,0.5,0.001,0.3778,0.37036
23,1,1,0.2,0.3,0.5,0.001,0.3778,0.37036
24,1,1,0.2,0.3,0.5,0.001,0.3778,0.37036
25,1,1,0.2,0.3,0.5,0.001,0.3778,0.37036
26,1,1,0.2,0.3,0.5,0.001,0.3778,0.37036
27,1,1,0.2,0.3,0.5,0.001,0.3778,0.37036
28,1,1,0.2,0.3,0.5,0.001,0.3778,0.37036
29,1,1,0.2,0.3,0.5,0.001,0.3778,0.37036
30,1,1,0.2,0.3,0.5,0.001,0.3778,0.37036
31,1,1,0.2,0.3,0.5,0.001,0.3778,0.37036
32,1,1,0.2,0.3,0.5,0.001,0.3778,0.37036
33,1,1,0.2,0.3,0.5,0.001,0.3778,0.37036
34,1,1,0.2,0.3,0.5,0.001,0.3778,0.37036
35,1,1,0.2,0.3,0.5,0.001,0.3778,0.37036
36,1,1,0.2,0.3,0.5,0.001,0.3778,0.37036
37,1,1,0.2,0.3,0.5,0.001,0.3778,0.37036
38,1,1,0.2,0.3,0.5,0.001,0.3778,0.37036
39,1,1,0.2,0.3,0.5,0.001,0.3778,0.37036
40,1,1,0.2,0.3,0.5,0.001,0.3778,0.37036
41,1,1,0.2,0.3,0.5,0.001,0.3778,0.37036
42,1,1,0.2,0.3,0.5,0.001,0.3778,0.37036
43,1,1,0.2,0.3,0.5,0.001,0.3778,0.37036
44,1,1,0.2,0.3,0.5,0.001,0.3778,0.37036
45,1,1,0.2,0.3,0.5,0.001,0.3778,0.37036
46,1,1,0.2,0.3,0.5,0.001,0.3778,0.37036
47,1,1,0.2,0.3,0.5,0.001,0.3778,0.37036
48,1,1,0.2,0.3,0.5,0.001,0.3778,0.37036
49,1,1,0.2,0.3,0.5,0.001,0.3778,0.37036
50,1,1,0.2,0.3,0.5,0.001,0.3778,0.37036
51,1,1,0.2,0.3,0.5,0.001,0.3778,0.37036
52,1,1,0.2,0.3,0.5,0.001,0.3778,0.37036
53,1,1,0.2,0.3,0.5,0.001,0.3778,0.37036
54,1,1,0.2,0.3,0.5,0.001,0.3778,0.37036
55,1,1,0.2,0.3,0.5,0.001,0.3778,0.37036
56,1,1,0.2,0.3,0.5,0.001,0.3778,0.37036
57,1,1,0.2,0.3,0.5,0.001,0.3778,0.37036
58,1,1,0.2,0.3,0.5,0.001,0.3778,0.37036
59,1,1,0.2,0.3,0.5,0.001,0.3778,0.37036
60,1,1,0.2,0.3,0.5,0.001,0.3778,0.37036
61,1,1,0.2,0.3,0.5,0.001,0.3778,0.37036
62,1,1,0.2,0.3,0.5,0.001,0.3778,0.37036
63,1,1,0.2,0.3,0.5,0.001,0.3778,0.37036
64,1,1,0.2,0.3,0.5,0.001,0.3778,0.37036
65,1,1,0.2,0.3,0.5,0.001,0.3778,0.37036
66,1,1,0.2,0.3,0.5,0.001,0.3778,0.37036
67,1,1,0.2,0.3,0.5,0.001,0.3778,0.37036
68,1,1,0.2,0.3,0.5,0.001,0.3778,0.37036
69,1,1,0.2,0.3,0.5,0.001,0.3778,0.37036
70,1,1,0.2,0.3,0.5,0.001,0.3778,0.37036
71,1,1,0.2,0.3,0.5,0.001,0.3778,0.37036
72,1,1,0.2,0.3,0.5,0.001,0.3778,0.37036
73,1,1,0.2,0.3,0.5,0.001,0.3778,0.37036
74,1,1,0.2,0.3,0.5,0.001,0.3778,0.37036
75,1,1,0.2,0.3,0.5,0.001,0.3778,0.37036
76,1,1,0.2,0.3,0.5,0.001,0.3778,0.37036
77,1,1,0.2,0.3,0.5,0.001,0.3778,0.37036
78,1,1,0.2,0.3,0.5,0.001,0.3778,0.37036
79,1,1,0.2,0.3,0.5,0.001,0.3778,0.37036
80,1,1,0.2,0.3,0.5,0.001,0.3778,0.37036
81,1,1,0.2,0.3,0.5,0.001,0.3778,0.37036
82,1,1,0.2,0.3,0.5,0.001,0.3778,0.37036
83,1,1,0.2,0.3,0.5,0.001,0.3778,0.37036
84,1,1,0.2,0.3,0.5,0.001,0.3778,0.37036
85,1,1,0.2,0.3,0.5,0.001,0.3778,0.37036
86,1,1,0.2,0.3,0.5,0.001,0.3778,0.37036
87,1,1,0.2,0.3,0.5,0.001,0.3778,0.37036
88,1,1,0.2,0.3,0.5,0.001,0.3778,0.37036
89,1,1,0.2,0.3,0.5,0.001,0.3778,0.37036
90,1,1,0.2,0.3,0.5,0.001,0.3778,0.37036
91,1,1,0.2,0.3,0.5,0.001,0.3778,0.37036
92,1,1,0.2,0.3,0.5,0.001,0.3778,0.37036
93,1,1,0.2,0.3,0.5,0.001,0.3778,0.37036
94,1,1,0.2,0.3,0.5,0.001,0.3778,0.37036
95,1,1,0.2,0.3,0.5,0.001,0.3778,0.37036
96,1,1,0.2,0.3,0.5,0.001,0.3778,0.37036
97,1,1,0.2,0.3,0.5,0.001,0.3778,0.37036
98,1,1,0.2,0.3,0.5,0.001,0.3778,0.37036
99,1,1,0.2,0.3,0.5,0.001,0.3778,0.37036
0,2,1,0.01,0.3,0.5,0.001,3.66163,1.89917
1,2,1,0.01,0.3,0.5,0.001,3.65214,1.88484
2,2,1,0.01,0.3,0.5,0.001,3.64336,1.86498
3,2,1,0.01,0.3,0.5,0.001,3.65006,1.88188
4,2,1,0.01,0.3,0.5,0.001,3.64388,1.85061
5,2,1,0.01,0.3,0.5,0.001,3.64702,1.85559
6,2,1,0.01,0.3,0.5,0.001,3.65286,1.88743
7,2,1,0.01,0.3,0.5,0.001,3.8566,2.24013
8,2,1,0.01,0.3,0.5,0.001,3.65252,1.88564
9,2,1,0.01,0.3,0.5,0.001,3.64002,1.8434
10,2,1,0.01,0.3,0.5,0.001,3.63014,1.82345
11,2,1,0.01,0.3,0.5,0.001,3.65337,1.88782
12,2,1,0.01,0.3,0.5,0.001,3.64666,1.87377
13,2,1,0.01,0.3,0.5,0.001,3.66311,1.90212
14,2,1,0.01,0.3,0.5,0.001,3.65132,1.88443
15,2,1,0.01,0.3,0.5,0.001,3.64067,1.84369
16,2,1,0.01,0.3,0.5,0.001,3.64721,1.85587
17,2,1,0.01,0.3,0.5,0.001,3.65423,1.88882
18,2,1,0.01,0.3,0.5,0.001,3.65006,1.88127
19,2,1,0.01,0.3,0.5,0.001,3.6533,1.88729
20,2,1,0.01,0.3,0.5,0.001,3.64676,1.87245
21,2,1,0.01,0.3,0.5,0.001,3.65191,1.88536
22,2,1,0.01,0.3,0.5,0.001,3.64773,1.87436
23,2,1,0.01,0.3,0.5,0.001,3.65574,1.89173
24,2,1,0.01,0.3,0.5,0.001,3.63619,1.83513
25,2,1,0.01,0.3,0.5,0.001,3.64757,1.87466
26,2,1,0.01,0.3,0.5,0.001,3.66309,1.90089
27,2,1,0.01,0.3,0.5,0.001,3.63733,1.85021
28,2,1,0.01,0.3,0.5,0.001,3.64481,1.8689
29,2,1,0.01,0.3,0.5,0.001,3.64706,1.85569
30,2,1,0.01,0.3,0.5,0.001,3.64933,1.88056
31,2,1,0.01,0.3,0.5,0.001,3.85562,2.23796
32,2,1,0.01,0.3,0.5,0.001,3.64388,1.85037
33,2,1,0.01,0.3,0.5,0.001,3.64794,1.877
34,2,1,0.01,0.3,0.5,0.001,3.64953,1.8792
35,2,1,0.01,0.3,0.5,0.001,3.85254,2.23304
36,2,1,0.01,0.3,0.5,0.001,3.65176,1.88454
37,2,1,0.01,0.3,0.5,0.001,3.6487,1.8786
38,2,1,0.01,0.3,0.5,0.001,3.85869,2.24336
39,2,1,0.01,0.3,0.5,0.001,3.85366,2.23495
40,2,1,0.01,0.3,0.5,0.001,3.64262,1.84802
41,2,1,0.01,0.3,0.5,0.001,3.62518,1.81375
42,2,1,0.01,0.3,0.5,0.001,3.65286,1.88745
43,2,1,0.01,0.3,0.5,0.001,3.63979,1.84229
44,2,1,0.01,0.3,0.5,0.001,3.64723,1.87447
45,2,1,0.01,0.3,0.5,0.001,3.6484,1.87887
46,2,1,0.01,0.3,0.5,0.001,3.65319,1.88759
47,2,1,0.01,0.3,0.5,0.001,3.65812,1.89499
48,2,1,0.01,0.3,0.5,0.001,3.63764,1.84949
49,2,1,0.01,0.3,0.5,0.001,3.65099,1.88313
50,2,1,0.01,0.3,0.5,0.001,3.8403,2.21144
51,2,1,0.01,0.3,0.5,0.001,3.64564,1.85352
52,2,1,0.01,0.3,0.5,0.001,3.65567,1.89176
53,2,1,0.01,0.3,0.5,0.001,3.6469,1.85582
54,2,1,0.01,0.3,0.5,0.001,3.65406,1.88777
55,2,1,0.01,0.3,0.5,0.001,3.64529,1.85207
56,2,1,0.01,0.3,0.5,0.001,3.64657,1.85539
57,2,1,0.01,0.3,0.5,0.001,3.64587,1.85329
58,2,1,0.01,0.3,0.5,0.001,3.64611,1.85461
59,2,1,0.01,0.3,0.5,0.001,3.6353,1.83346
60,2,1,0.01,0.3,0.5,0.001,3.64595,1.87101
61,2,1,0.01,0.3,0.5,0.001,3.85818,2.24282
62,2,1,0.01,0.3,0.5,0.001,3.64604,1.85419
63,2,1,0.01,0.3,0.5,0.001,3.64658,1.85449
64,2,1,0.01,0.3,0.5,0.001,3.64595,1.85421
65,2,1,0.01,0.3,0.5,0.001,3.64755,1.87586
66,2,1,0.01,0.3,0.5,0.001,3.64598,1.85358
67,2,1,0.01,0.3,0.5,0.001,3.6487,1.87916
68,2,1,0.01,0.3,0.5,0.001,3.64607,1.85438
69,2,1,0.01,0.3,0.5,0.001,3.64523,1.85263
70,2,1,0.01,0.3,0.5,0.001,3.64593,1.85442
71,2,1,0.01,0.3,0.5,0.001,3.65318,1.88742
72,2,1,0.01,0.3,0.5,0.001,3.65338,1.88724
73,2,1,0.01,0.3,0.5,0.001,3.6444,1.86487
74,2,1,0.01,0.3,0.5,0.001,3.65588,1.89213
75,2,1,0.01,0.3,0.5,0.001,3.65657,1.89284
76,2,1,0.01,0.3,0.5,0.001,3.65347,1.88823
77,2,1,0.01,0.3,0.5,0.001,3.64746,1.87517
78,2,1,0.01,0.3,0.5,0.001,3.85831,2.24294
79,2,1,0.01,0.3,0.5,0.001,3.64381,1.85069
80,2,1,0.01,0.3,0.5,0.001,3.64137,1.84519
81,2,1,0.01,0.3,0.5,0.001,3.64867,1.8778
82,2,1,0.01,0.3,0.5,0.001,3.64649,1.87337
83,2,1,0.01,0.3,0.5,0.001,3.85849,2.24302
84,2,1,0.01,0.3,0.5,0.001,3.8493,2.22833
85,2,1,0.01,0.3,0.5,0.001,3.64611,1.85446
86,2,1,0.01,0.3,0.5,0.001,3.65268,1.88474
87,2,1,0.01,0.3,0.5,0.001,3.64489,1.85226
88,2,1,0.01,0.3,0.5,0.001,3.64661,1.85464
89,2,1,0.01,0.3,0.5,0.001,3.6503,1.88203
90,2,1,0.01,0.3,0.5,0.001,3.65301,1.88546
91,2,1,0.01,0.3,0.5,0.001,3.6552,1.89053
92,2,1,0.01,0.3,0.5,0.001,3.64502,1.87037
93,2,1,0.01,0.3,0.5,0.001,3.65193,1.88493
94,2,1,0.01,0.3,0.5,0.001,3.65148,1.88438
95,2,1,0.01,0.3,0.5,0.001,3.65031,1.88152
96,2,1,0.01,0.3,0.5,0.001,3.64554,1.8535
97,2,1,0.01,0.3,0.5,0.001,3.64438,1.86681
98,2,1,0.01,0.3,0.5,0.001,3.64028,1.85745
99,2,1,0.01,0.3,0.5,0.001,3.65647,1.89205
0,2,1,0.05,0.3,0.5,0.001,1.42274,1.26746
1,2,1,0.05,0.3,0.5,0.001,1.42988,1.27765
2,2,1,0.05,0.3,0.5,0.001,1.41391,1.25261
3,2,1,0.05,0.3,0.5,0.001,1.48325,1.34003
4,2,1,0.05,0.3,0.5,0.001,1.47712,1.33301
5,2,1,0.05,0.3,0.5,0.001,1.89577,1.77673
6,2,1,0.05,0.3,0.5,0.001,1.41507,1.25544
7,2,1,0.05,0.3,0.5,0.001,1.46949,1.32486
8,2,1,0.05,0.3,0.5,0.001,1.41324,1.25229
9,2,1,0.05,0.3,0.5,0.001,1.41561,1.25401
10,2,1,0.05,0.3,0.5,0.001,1.78655,1.65631
11,2,1,0.05,0.3,0.5,0.001,1.45589,1.30963
12,2,1,0.05,0.3,0.5,0.001,1.83668,1.70644
13,2,1,0.05,0.3,0.5,0.001,1.89581,1.77729
14,2,1,0.05,0.3,0.5,0.001,1.50349,1.36176
15,2,1,0.05,0.3,0.5,0.001,1.41075,1.24955
16,2,1,0.05,0.3,0.5,0.001,1.84097,1.71765
17,2,1,0.05,0.3,0.5,0.001,1.75277,1.6187
18,2,1,0.05,0.3,0.5,0.001,1.89266,1.77341
19,2,1,0.05,0.3,0.5,0.001,1.41525,1.2539
20,2,1,0.05,0.3,0.5,0.001,1.4364,1.28592
21,2,1,0.05,0.3,0.5,0.001,1.44534,1.29721
22,2,1,0.05,0.3,0.5,0.001,1.41315,1.25163
23,2,1,0.05,0.3,0.5,0.001,1.8777,1.75503
24,2,1,0.05,0.3,0.5,0.001,1.41051,1.24851
25,2,1,0.05,0.3,0.5,0.001,1.49766,1.35549
26,2,1,0.05,0.3,0.5,0.001,1.88459,1.75972
27,2,1,0.05,0.3,0.5,0.001,1.44429,1.29591
28,2,1,0.05,0.3,0.5,0.001,1.41435,1.25267
29,2,1,0.05,0.3,0.5,0.001,1.44591,1.29754
30,2,1,0.05,0.3,0.5,0.001,1.41545,1.2543
31,2,1,0.05,0.3,0.5,0.001,1.48278,1.33949
32,2,1,0.05,0.3,0.5,0.001,1.4783,1.33445
33,2,1,0.05,0.3,0.5,0.001,1.50216,1.36021
34,2,1,0.05,0.3,0.5,0.001,1.807,1.67779
35,2,1,0.05,0.3,0.5,0.001,1.45551,1.30903
36,2,1,0.05,0.3,0.5,0.001,1.44453,1.29641
37,2,1,0.05,0.3,0.5,0.001,1.87519,1.75436
38,2,1,0.05,0.3,0.5,0.001,1.75582,1.6256
39,2,1,0.05,0.3,0.5,0.001,1.41256,1.25045
40,2,1,0.05,0.3,0.5,0.001,1.46154,1.31595
41,2,1,0.05,0.3,0.5,0.001,1.87679,1.75667
42,2,1,0.05,0.3,0.5,0.001,1.88271,1.76217
43,2,1,0.05,0.3,0.5,0.001,1.5033,1.36141
44,2,1,0.05,0.3,0.5,0.001,1.47891,1.33512
45,2,1,0.05,0.3,0.5,0.001,1.51708,1.37613
46,2,1,0.05,0.3,0.5,0.001,1.43949,1.28974
47,2,1,0.05,0.3,0.5,0.001,1.43702,1.28651
48,2,1,0.05,0.3,0.5,0.001,1.55183,1.41253
49,2,1,0.05,0.3,0.5,0.001,1.41562,1.25429
50,2,1,0.05,0.3,0.5,0.001,1.44056,1.29156
51,2,1,0.05,0.3,0.5,0.001,1.42244,1.26791
52,2,1,0.05,0.3,0.5,0.001,1.41625,1.25716
53,2,1,0.05,0.3,0.5,0.001,1.41633,1.25464
54,2,1,0.05,0.3,0.5,0.001,1.42415,1.27001
55,2,1,0.05,0.3,0.5,0.001,1.88215,1.76127
56,2,1,0.05,0.3,0.5,0.001,1.41552,1.25382
57,2,1,0.05,0.3,0.5,0.001,1.46091,1.31525
58,2,1,0.05,0.3,0.5,0.001,1.43893,1.2894
59,2,1,0.05,0.3,0.5,0.001,1.40982,1.24747
60,2,1,0.05,0.3,0.5,0.001,1.50484,1.36319
61,2,1,0.05,0.3,0.5,0.001,1.40849,1.2459
62,2,1,0.05,0.3,0.5,0.001,1.46735,1.3223
63,2,1,0.05,0.3,0.5,0.001,1.89216,1.77355
64,2,1,0.05,0.3,0.5,0.001,1.47178,1.32731
65,2,1,0.05,0.3,0.5,0.001,1.46056,1.31475
66,2,1,0.05,0.3,0.5,0.001,1.41046,1.2543
67,2,1,0.05,0.3,0.5,0.001,1.56458,1.42559
68,2,1,0.05,0.3,0.5,0.001,1.41914,1.26365
69,2,1,0.05,0.3,0.5,0.001,1.41531,1.25365
70,2,1,0.05,0.3,0.5,0.001,1.41208,1.25003
71,2,1,0.05,0.3,0.5,0.001,1.59314,1.45528
72,2,1,0.05,0.3,0.5,0.001,1.46206,1.31667
73,2,1,0.05,0.3,0.5,0.001,1.45008,1.30276
74,2,1,0.05,0.3,0.5,0.001,1.44009,1.29148
75,2,1,0.05,0.3,0.5,0.001,1.40363,1.24145
76,2,1,0.05,0.3,0.5,0.001,1.41466,1.25273
77,2,1,0.05,0.3,0.5,0.001,1.41596,1.25452
78,2,1,0.05,0.3,0.5,0.001,1.41604,1.25435
79,2,1,0.05,0.3,0.5,0.001,1.47658,1.33271
80,2,1,0.05,0.3,0.5,0.001,1.42468,1.26971
81,2,1,0.05,0.3,0.5,0.001,1.41582,1.25631
82,2,1,0.05,0.3,0.5,0.001,1.41639,1.25509
83,2,1,0.05,0.3,0.5,0.001,1.4273,1.27465
84,2,1,0.05,0.3,0.5,0.001,1.59266,1.45491
85,2,1,0.05,0.3,0.5,0.001,1.41315,1.2512
86,2,1,0.05,0.3,0.5,0.001,1.45739,1.3112
87,2,1,0.05,0.3,0.5,0.001,1.44472,1.29653
88,2,1,0.05,0.3,0.5,0.001,1.78739,1.65495
89,2,1,0.05,0.3,0.5,0.001,1.41361,1.25183
90,2,1,0.05,0.3,0.5,0.001,1.45058,1.30335
91,2,1,0.05,0.3,0.5,0.001,1.47462,1.33054
92,2,1,0.05,0.3,0.5,0.001,1.68611,1.54666
93,2,1,0.05,0.3,0.5,0.001,1.45125,1.30419
94,2,1,0.05,0.3,0.5,0.001,1.42969,1.27682
95,2,1,0.05,0.3,0.5,0.001,1.44516,1.29689
96,2,1,0.05,0.3,0.5,0.001,1.45723,1.31116
97,2,1,0.05,0.3,0.5,0.001,1.7745,1.64135
98,2,1,0.05,0.3,0.5,0.001,1.41819,1.2599
99,2,1,0.05,0.3,0.5,0.001,1.4496,1.30215
0,2,1,0.2,0.3,0.5,0.001,1.19924,1.19415
1,2,1,0.2,0.3,0.5,0.001,0.83016,0.83176
2,2,1,0.2,0.3,0.5,0.001,0.83332,0.83495
3,2,1,0.2,0.3,0.5,0.001,1.12033,1.11666
4,2,1,0.2,0.3,0.5,0.001,0.83402,0.83572
5,2,1,0.2,0.3,0.5,0.001,0.91786,0.91781
6,2,1,0.2,0.3,0.5,0.001,0.8889,0.88926
7,2,1,0.2,0.3,0.5,0.001,0.83157,0.83329
8,2,1,0.2,0.3,0.5,0.001,0.8308,0.83251
9,2,1,0.2,0.3,0.5,0.001,0.94352,0.94302
10,2,1,0.2,0.3,0.5,0.001,1.23348,1.22796
11,2,1,0.2,0.3,0.5,0.001,1.02022,1.01809
12,2,1,0.2,0.3,0.5,0.001,1.08057,1.07697
13,2,1,0.2,0.3,0.5,0.001,0.90098,0.90029
14,2,1,0.2,0.3,0.5,0.001,0.8114,0.81314
15,2,1,0.2,0.3,0.5,0.001,1.23734,1.23182
16,2,1,0.2,0.3,0.5,0.001,1.22689,1.22159
17,2,1,0.2,0.3,0.5,0.001,0.86779,0.86872
18,2,1,0.2,0.3,0.5,0.001,0.95697,0.95597
19,2,1,0.2,0.3,0.5,0.001,0.84332,0.84482
20,2,1,0.2,0.3,0.5,0.001,1.21454,1.20942
21,2,1,0.2,0.3,0.5,0.001,0.82735,0.82908
22,2,1,0.2,0.3,0.5,0.001,0.84824,0.8496
23,2,1,0.2,0.3,0.5,0.001,1.2275,1.22218
24,2,1,0.2,0.3,0.5,0.001,0.98619,0.98483
25,2,1,0.2,0.3,0.5,0.001,0.8647,0.86565
26,2,1,0.2,0.3,0.5,0.001,1.14183,1.13768
27,2,1,0.2,0.3,0.5,0.001,0.39527,0.38787
28,2,1,0.2,0.3,0.5,0.001,0.8592,0.86037
29,2,1,0.2,0.3,0.5,0.001,1.16901,1.16444
30,2,1,0.2,0.3,0.5,0.001,0.82592,0.82764
31,2,1,0.2,0.3,0.5,0.001,1.22053,1.21489
32,2,1,0.2,0.3,0.5,0.001,0.96463,0.96365
33,2,1,0.2,0.3,0.5,0.001,0.84198,0.84349
34,2,1,0.2,0.3,0.5,0.001,0.96735,0.96638
35,2,1,0.2,0.3,0.5,0.001,0.87766,0.87844
36,2,1,0.2,0.3,0.5,0.001,0.8535,0.85475
37,2,1,0.2,0.3,0.5,0.001,1.173,1.16843
38,2,1,0.2,0.3,0.5,0.001,0.8382,0.83966
39,2,1,0.2,0.3,0.5,0.001,1.23159,1.22606
40,2,1,0.2,0.3,0.5,0.001,0.96687,0.96592
41,2,1,0.2,0.3,0.5,0.001,1.23753,1.23194
42,2,1,0.2,0.3,0.5,0.001,0.84208,0.84353
43,2,1,0.2,0.3,0.5,0.001,0.82697,0.82868
44,2,1,0.2,0.3,0.5,0.001,0.87063,0.87137
45,2,1,0.2,0.3,0.5,0.001,1.06535,1.06263
46,2,1,0.2,0.3,0.5,0.001,1.22787,1.22249
47,2,1,0.2,0.3,0.5,0.001,0.95161,0.95087
48,2,1,0.2,0.3,0.5,0.001,0.95323,0.95224
49,2,1,0.2,0.3,0.5,0.001,0.92189,0.91948
50,2,1,0.2,0.3,0.5,0.001,0.93959,0.93884
51,2,1,0.2,0.3,0.5,0.001,0.89913,0.89941
52,2,1,0.2,0.3,0.5,0.001,1.01232,1.01053
53,2,1,0.2,0.3,0.5,0.001,1.13244,1.12861
54,2,1,0.2,0.3,0.5,0.001,1.04119,1.03885
55,2,1,0.2,0.3,0.5,0.001,1.23872,1.2331
56,2,1,0.2,0.3,0.5,0.001,0.95034,0.94934
57,2,1,0.2,0.3,0.5,0.001,1.22484,1.21951
58,2,1,0.2,0.3,0.5,0.001,0.82844,0.83009
59,2,1,0.2,0.3,0.5,0.001,0.92096,0.92084
60,2,1,0.2,0.3,0.5,0.001,0.90438,0.90459
61,2,1,0.2,0.3,0.5,0.001,1.14471,1.14069
62,2,1,0.2,0.3,0.5,0.001,1.2399,1.23435
63,2,1,0.2,0.3,0.5,0.001,1.16146,1.15675
64,2,1,0.2,0.3,0.5,0.001,0.89894,0.89924
65,2,1,0.2,0.3,0.5,0.001,1.23507,1.22965
66,2,1,0.2,0.3,0.5,0.001,0.91119,0.91013
67,2,1,0.2,0.3,0.5,0.001,0.84859,0.84983
68,2,1,0.2,0.3,0.5,0.001,0.94916,0.94849
69,2,1,0.2,0.3,0.5,0.001,0.88283,0.88341
70,2,1,0.2,0.3,0.5,0.001,1.01857,1.01668
71,2,1,0.2,0.3,0.5,0.001,1.04445,1.04168
72,2,1,0.2,0.3,0.5,0.001,1.00021,0.99863
73,2,1,0.2,0.3,0.5,0.001,1.24135,1.23578
74,2,1,0.2,0.3,0.5,0.001,0.90879,0.9087
75,2,1,0.2,0.3,0.5,0.001,0.83225,0.83398
76,2,1,0.2,0.3,0.5,0.001,0.82617,0.8277
77,2,1,0.2,0.3,0.5,0.001,0.8494,0.84984
78,2,1,0.2,0.3,0.5,0.001,1.22947,1.224
79,2,1,0.2,0.3,0.5,0.001,0.84124,0.84262
80,2,1,0.2,0.3,0.5,0.001,0.83745,0.83898
81,2,1,0.2,0.3,0.5,0.001,1.15492,1.15049
82,2,1,0.2,0.3,0.5,0.001,0.88754,0.88814
83,2,1,0.2,0.3,0.5,0.001,1.0088,1.00703
84,2,1,0.2,0.3,0.5,0.001,0.89416,0.89456
85,2,1,0.2,0.3,0.5,0.001,0.87261,0.87336
86,2,1,0.2,0.3,0.5,0.001,0.84408,0.8455
87,2,1,0.2,0.3,0.5,0.001,0.92861,0.92836
88,2,1,0.2,0.3,0.5,0.001,0.92623,0.92607
89,2,1,0.2,0.3,0.5,0.001,1.11937,1.11565
90,2,1,0.2,0.3,0.5,0.001,1.24678,1.24116
91,2,1,0.2,0.3,0.5,0.001,0.90666,0.90688
92,2,1,0.2,0.3,0.5,0.001,1.12136,1.11747
93,2,1,0.2,0.3,0.5,0.001,0.82967,0.83134
94,2,1,0.2,0.3,0.5,0.001,0.83968,0.84098
95,2,1,0.2,0.3,0.5,0.001,1.24429,1.23867
96,2,1,0.2,0.3,0.5,0.001,0.87734,0.87811
97,2,1,0.2,0.3,0.5,0.001,0.84153,0.84308
98,2,1,0.2,0.3,0.5,0.001,1.19811,1.19296
99,2,1,0.2,0.3,0.5,0.001,0.79701,0.79869
0,3,1,0.01,0.3,0.5,0.001,3.80716,2.15994
1,3,1,0.01,0.3,0.5,0.001,3.77869,2.11455
2,3,1,0.01,0.3,0.5,0.001,3.72309,2.04118
3,3,1,0.01,0.3,0.5,0.001,3.7224,2.03485
4,3,1,0.01,0.3,0.5,0.001,3.82252,2.18662
5,3,1,0.01,0.3,0.5,0.001,3.78184,2.11821
6,3,1,0.01,0.3,0.5,0.001,3.82093,2.18249
7,3,1,0.01,0.3,0.5,0.001,3.81642,2.17706
8,3,1,0.01,0.3,0.5,0.001,3.70697,1.9821
9,3,1,0.01,0.3,0.5,0.001,3.71381,2.02698
10,3,1,0.01,0.3,0.5,0.001,3.71851,2.00132
11,3,1,0.01,0.3,0.5,0.001,3.73343,2.05734
12,3,1,0.01,0.3,0.5,0.001,3.69051,1.95582
13,3,1,0.01,0.3,0.5,0.001,3.70415,1.98267
14,3,1,0.01,0.3,0.5,0.001,3.72581,2.02711
15,3,1,0.01,0.3,0.5,0.001,3.79536,2.14088
16,3,1,0.01,0.3,0.5,0.001,3.68334,1.94419
17,3,1,0.01,0.3,0.5,0.001,3.69271,1.96135
18,3,1,0.01,0.3,0.5,0.001,3.7189,2.00984
19,3,1,0.01,0.3,0.5,0.001,3.92451,2.37057
20,3,1,0.01,0.3,0.5,0.001,3.70718,1.98715
21,3,1,0.01,0.3,0.5,0.001,3.70056,1.97813
22,3,1,0.01,0.3,0.5,0.001,3.72935,2.01835
23,3,1,0.01,0.3,0.5,0.001,3.82463,2.18904
24,3,1,0.01,0.3,0.5,0.001,3.72005,2.00268
25,3,1,0.01,0.3,0.5,0.001,3.81697,2.17947
26,3,1,0.01,0.3,0.5,0.001,3.71756,2.00688
27,3,1,0.01,0.3,0.5,0.001,3.78564,2.12904
28,3,1,0.01,0.3,0.5,0.001,3.7294,2.02319
29,3,1,0.01,0.3,0.5,0.001,3.77793,2.11543
30,3,1,0.01,0.3,0.5,0.001,3.92112,2.36438
31,3,1,0.01,0.3,0.5,0.001,3.70498,1.98395
32,3,1,0.01,0.3,0.5,0.001,3.81332,2.17231
33,3,1,0.01,0.3,0.5,0.001,3.72536,2.01905
34,3,1,0.01,0.3,0.5,0.001,3.80573,2.16309
35,3,1,0.01,0.3,0.5,0.001,3.69382,1.96509
36,3,1,0.01,0.3,0.5,0.001,3.81163,2.16963
37,3,1,0.01,0.3,0.5,0.001,3.75729,2.08109
38,3,1,0.01,0.3,0.5,0.001,3.71495,2.00269
39,3,1,0.01,0.3,0.5,0.001,3.70066,1.97565
40,3,1,0.01,0.3,0.5,0.001,3.701,1.97609
41,3,1,0.01,0.3,0.5,0.001,3.71663,2.02261
42,3,1,0.01,0.3,0.5,0.001,3.65674,1.89067
43,3,1,0.01,0.3,0.5,0.001,3.70358,1.98076
44,3,1,0.01,0.3,0.5,0.001,3.70773,1.99012
45,3,1,0.01,0.3,0.5,0.001,3.82485,2.19049
46,3,1,0.01,0.3,0.5,0.001,3.72821,2.02339
47,3,1,0.01,0.3,0.5,0.001,3.70492,1.98294
48,3,1,0.01,0.3,0.5,0.001,3.80298,2.15574
49,3,1,0.01,0.3,0.5,0.001,3.72725,2.04728
50,3,1,0.01,0.3,0.5,0.001,3.81557,2.17404
51,3,1,0.01,0.3,0.5,0.001,3.71451,2.02658
52,3,1,0.01,0.3,0.5,0.001,3.71452,2.02457
53,3,1,0.01,0.3,0.5,0.001,3.71373,2.0233
54,3,1,0.01,0.3,0.5,0.001,3.70539,1.98254
55,3,1,0.01,0.3,0.5,0.001,3.69908,1.97485
56,3,1,0.01,0.3,0.5,0.001,3.7188,2.00474
57,3,1,0.01,0.3,0.5,0.001,3.78633,2.12965
58,3,1,0.01,0.3,0.5,0.001,3.73012,2.04481
59,3,1,0.01,0.3,0.5,0.001,3.92084,2.36298
60,3,1,0.01,0.3,0.5,0.001,3.81842,2.17904
61,3,1,0.01,0.3,0.5,0.001,3.79307,2.13945
62,3,1,0.01,0.3,0.5,0.001,3.72205,2.01037
63,3,1,0.01,0.3,0.5,0.001,3.72318,2.03928
64,3,1,0.01,0.3,0.5,0.001,3.82414,2.18808
65,3,1,0.01,0.3,0.5,0.001,3.73283,2.03465
66,3,1,0.01,0.3,0.5,0.001,3.92455,2.3677
67,3,1,0.01,0.3,0.5,0.001,3.78623,2.12859
68,3,1,0.01,0.3,0.5,0.001,3.78405,2.12151
69,3,1,0.01,0.3,0.5,0.001,3.82454,2.18928
70,3,1,0.01,0.3,0.5,0.001,3.82758,2.19455
71,3,1,0.01,0.3,0.5,0.001,3.71486,2.02724
72,3,1,0.01,0.3,0.5,0.001,3.69371,1.9592
73,3,1,0.01,0.3,0.5,0.001,3.801,2.15685
74,3,1,0.01,0.3,0.5,0.001,3.81902,2.18082
75,3,1,0.01,0.3,0.5,0.001,3.71036,2.01896
76,3,1,0.01,0.3,0.5,0.001,3.73069,2.02345
77,3,1,0.01,0.3,0.5,0.001,3.72349,2.03236
78,3,1,0.01,0.3,0.5,0.001,3.90445,2.33525
79,3,1,0.01,0.3,0.5,0.001,3.71272,2.0181
80,3,1,0.01,0.3,0.5,0.001,3.73019,2.04464
81,3,1,0.01,0.3,0.5,0.001,3.72561,2.01217
82,3,1,0.01,0.3,0.5,0.001,3.72143,2.00828
83,3,1,0.01,0.3,0.5,0.001,3.71381,1.99959
84,3,1,0.01,0.3,0.5,0.001,3.78753,2.12858
85,3,1,0.01,0.3,0.5,0.001,3.77317,2.10358
86,3,1,0.01,0.3,0.5,0.001,3.69683,1.97029
87,3,1,0.01,0.3,0.5,0.001,3.71808,2.00815
88,3,1,0.01,0.3,0.5,0.001,3.72429,2.0269
89,3,1,0.01,0.3,0.5,0.001,3.71283,1.99424
90,3,1,0.01,0.3,0.5,0.001,3.7011,1.97808
91,3,1,0.01,0.3,0.5,0.001,3.70464,2.00831
92,3,1,0.01,0.3,0.5,0.001,3.78611,2.12711
93,3,1,0.01,0.3,0.5,0.001,3.92249,2.36517
94,3,1,0.01,0.3,0.5,0.001,3.7244,2.03319
95,3,1,0.01,0.3,0.5,0.001,3.71105,1.99089
96,3,1,0.01,0.3,0.5,0.001,3.8229,2.18494
97,3,1,0.01,0.3,0.5,0.001,3.71223,2.02454
98,3,1,0.01,0.3,0.5,0.001,3.9201,2.3609
99,3,1,0.01,0.3,0.5,0.001,3.70168,1.96769
0,3,1,0.05,0.3,0.5,0.001,1.57299,1.42877
1,3,1,0.05,0.3,0.5,0.001,1.62554,1.5002
2,3,1,0.05,0.3,0.5,0.001,1.63224,1.50718
3,3,1,0.05,0.3,0.5,0.001,1.7697,1.64997
4,3,1,0.05,0.3,0.5,0.001,1.5709,1.43295
5,3,1,0.05,0.3,0.5,0.001,1.64125,1.50659
6,3,1,0.05,0.3,0.5,0.001,1.71765,1.58997
7,3,1,0.05,0.3,0.5,0.001,1.73455,1.61116
8,3,1,0.05,0.3,0.5,0.001,1.78274,1.66292
9,3,1,0.05,0.3,0.5,0.001,1.77399,1.65426
10,3,1,0.05,0.3,0.5,0.001,1.83595,1.71738
11,3,1,0.05,0.3,0.5,0.001,1.71596,1.58875
12,3,1,0.05,0.3,0.5,0.001,1.75809,1.6426
13,3,1,0.05,0.3,0.5,0.001,1.68699,1.56478
14,3,1,0.05,0.3,0.5,0.001,1.85143,1.73393
15,3,1,0.05,0.3,0.5,0.001,1.8056,1.68738
16,3,1,0.05,0.3,0.5,0.001,1.75475,1.63416
17,3,1,0.05,0.3,0.5,0.001,1.63804,1.51505
18,3,1,0.05,0.3,0.5,0.001,1.71541,1.59783
19,3,1,0.05,0.3,0.5,0.001,1.66771,1.54645
20,3,1,0.05,0.3,0.5,0.001,1.55796,1.42036
21,3,1,0.05,0.3,0.5,0.001,1.58969,1.45292
22,3,1,0.05,0.3,0.5,0.001,1.56865,1.43044
23,3,1,0.05,0.3,0.5,0.001,1.84435,1.72575
24,3,1,0.05,0.3,0.5,0.001,1.63538,1.49792
25,3,1,0.05,0.3,0.5,0.001,1.8476,1.73189
26,3,1,0.05,0.3,0.5,0.001,1.62172,1.48667
27,3,1,0.05,0.3,0.5,0.001,1.77786,1.65738
28,3,1,0.05,0.3,0.5,0.001,1.73868,1.62139
29,3,1,0.05,0.3,0.5,0.001,1.56614,1.42715
30,3,1,0.05,0.3,0.5,0.001,1.63133,1.49501
31,3,1,0.05,0.3,0.5,0.001,1.76406,1.64384
32,3,1,0.05,0.3,0.5,0.001,1.5825,1.44449
33,3,1,0.05,0.3,0.5,0.001,1.70929,1.58981
34,3,1,0.05,0.3,0.5,0.001,1.54766,1.40756
35,3,1,0.05,0.3,0.5,0.001,1.73484,1.61198
36,3,1,0.05,0.3,0.5,0.001,1.7336,1.61631
37,3,1,0.05,0.3,0.5,0.001,1.77681,1.65742
38,3,1,0.05,0.3,0.5,0.001,1.6371,1.50377
39,3,1,0.05,0.3,0.5,0.001,1.67748,1.55747
40,3,1,0.05,0.3,0.5,0.001,1.80217,1.68097
41,3,1,0.05,0.3,0.5,0.001,2.0496,1.9438
42,3,1,0.05,0.3,0.5,0.001,1.68218,1.56269
43,3,1,0.05,0.3,0.5,0.001,1.60108,1.46137
44,3,1,0.05,0.3,0.5,0.001,1.71112,1.59042
45,3,1,0.05,0.3,0.5,0.001,2.04623,1.94009
46,3,1,0.05,0.3,0.5,0.001,1.64802,1.52413
47,3,1,0.05,0.3,0.5,0.001,1.60683,1.46962
48,3,1,0.05,0.3,0.5,0.001,1.75662,1.63655
49,3,1,0.05,0.3,0.5,0.001,1.66076,1.52887
50,3,1,0.05,0.3,0.5,0.001,1.80205,1.6858
51,3,1,0.05,0.3,0.5,0.001,1.7076,1.59206
52,3,1,0.05,0.3,0.5,0.001,1.62646,1.489
53,3,1,0.05,0.3,0.5,0.001,1.72478,1.59541
54,3,1,0.05,0.3,0.5,0.001,1.64141,1.51936
55,3,1,0.05,0.3,0.5,0.001,1.59048,1.45336
56,3,1,0.05,0.3,0.5,0.001,1.80715,1.68579
57,3,1,0.05,0.3,0.5,0.001,1.81439,1.69367
58,3,1,0.05,0.3,0.5,0.001,1.64403,1.5122
59,3,1,0.05,0.3,0.5,0.001,1.6997,1.5752
60,3,1,0.05,0.3,0.5,0.001,1.81029,1.68782
61,3,1,0.05,0.3,0.5,0.001,1.64602,1.52066
62,3,1,0.05,0.3,0.5,0.001,1.6864,1.5669
63,3,1,0.05,0.3,0.5,0.001,1.52937,1.38722
64,3,1,0.05,0.3,0.5,0.001,1.56779,1.42683
65,3,1,0.05,0.3,0.5,0.001,1.8086,1.69097
66,3,1,0.05,0.3,0.5,0.001,1.84502,1.7295
67,3,1,0.05,0.3,0.5,0.001,1.56774,1.43131
68,3,1,0.05,0.3,0.5,0.001,1.6853,1.55826
69,3,1,0.05,0.3,0.5,0.001,1.67474,1.54793
70,3,1,0.05,0.3,0.5,0.001,1.85591,1.73988
71,3,1,0.05,0.3,0.5,0.001,1.75302,1.6221
72,3,1,0.05,0.3,0.5,0.001,1.8701,1.75421
73,3,1,0.05,0.3,0.5,0.001,1.60047,1.46118
74,3,1,0.05,0.3,0.5,0.001,1.58921,1.45134
75,3,1,0.05,0.3,0.5,0.001,1.64356,1.5167
76,3,1,0.05,0.3,0.5,0.001,1.75769,1.64078
77,3,1,0.05,0.3,0.5,0.001,1.68179,1.56579
78,3,1,0.05,0.3,0.5,0.001,1.70804,1.58031
79,3,1,0.05,0.3,0.5,0.001,1.56668,1.42687
80,3,1,0.05,0.3,0.5,0.001,1.59973,1.46248
81,3,1,0.05,0.3,0.5,0.001,1.74008,1.61793
82,3,1,0.05,0.3,0.5,0.001,1.47137,1.32407
83,3,1,0.05,0.3,0.5,0.001,1.69826,1.57986
84,3,1,0.05,0.3,0.5,0.001,1.84718,1.73309
85,3,1,0.05,0.3,0.5,0.001,1.55348,1.41507
86,3,1,0.05,0.3,0.5,0.001,1.56982,1.42922
87,3,1,0.05,0.3,0.5,0.001,1.8334,1.71879
88,3,1,0.05,0.3,0.5,0.001,1.68454,1.5681
89,3,1,0.05,0.3,0.5,0.001,1.61886,1.48096
90,3,1,0.05,0.3,0.5,0.001,1.56996,1.43217
91,3,1,0.05,0.3,0.5,0.001,1.83858,1.72182
92,3,1,0.05,0.3,0.5,0.001,1.59381,1.45807
93,3,1,0.05,0.3,0.5,0.001,2.22546,2.12428
94,3,1,0.05,0.3,0.5,0.001,1.70224,1.58284
95,3,1,0.05,0.3,0.5,0.001,1.94321,1.82847
96,3,1,0.05,0.3,0.5,0.001,1.71662,1.5971
97,3,1,0.05,0.3,0.5,0.001,1.68338,1.56012
98,3,1,0.05,0.3,0.5,0.001,1.62544,1.48948
99,3,1,0.05,0.3,0.5,0.001,1.8074,1.68795
0,3,1,0.2,0.3,0.5,0.001,1.24792,1.25074
1,3,1,0.2,0.3,0.5,0.001,1.17785,1.18083
2,3,1,0.2,0.3,0.5,0.001,1.05805,1.05953
3,3,1,0.2,0.3,0.5,0.001,1.28091,1.28274
4,3,1,0.2,0.3,0.5,0.001,1.20568,1.20871
5,3,1,0.2,0.3,0.5,0.001,1.48994,1.48553
6,3,1,0.2,0.3,0.5,0.001,1.48788,1.48529
7,3,1,0.2,0.3,0.5,0.001,1.43665,1.43456
8,3,1,0.2,0.3,0.5,0.001,1.26058,1.25861
9,3,1,0.2,0.3,0.5,0.001,1.42309,1.42156
10,3,1,0.2,0.3,0.5,0.001,1.26988,1.27148
11,3,1,0.2,0.3,0.5,0.001,1.31278,1.31303
12,3,1,0.2,0.3,0.5,0.001,1.53378,1.53066
13,3,1,0.2,0.3,0.5,0.001,1.00637,1.00294
14,3,1,0.2,0.3,0.5,0.001,1.37874,1.37718
15,3,1,0.2,0.3,0.5,0.001,1.405,1.40327
16,3,1,0.2,0.3,0.5,0.001,1.34461,1.34271
17,3,1,0.2,0.3,0.5,0.001,1.36436,1.36397
18,3,1,0.2,0.3,0.5,0.001,1.37194,1.37119
19,3,1,0.2,0.3,0.5,0.001,1.49869,1.49377
20,3,1,0.2,0.3,0.5,0.001,1.36852,1.36785
21,3,1,0.2,0.3,0.5,0.001,1.36167,1.36098
22,3,1,0.2,0.3,0.5,0.001,1.32006,1.32068
23,3,1,0.2,0.3,0.5,0.001,1.48918,1.4866
24,3,1,0.2,0.3,0.5,0.001,1.28103,1.28016
25,3,1,0.2,0.3,0.5,0.001,1.43617,1.43313
26,3,1,0.2,0.3,0.5,0.001,1.26032,1.25973
27,3,1,0.2,0.3,0.5,0.001,1.39914,1.39549
28,3,1,0.2,0.3,0.5,0.001,1.2086,1.21158
29,3,1,0.2,0.3,0.5,0.001,1.364,1.36246
30,3,1,0.2,0.3,0.5,0.001,1.26631,1.26509
31,3,1,0.2,0.3,0.5,0.001,1.21235,1.21481
32,3,1,0.2,0.3,0.5,0.001,1.32939,1.32952
33,3,1,0.2,0.3,0.5,0.001,1.37402,1.37159
34,3,1,0.2,0.3,0.5,0.001,1.25713,1.25871
35,3,1,0.2,0.3,0.5,0.001,1.56109,1.5557
36,3,1,0.2,0.3,0.5,0.001,1.18261,1.18531
37,3,1,0.2,0.3,0.5,0.001,1.33528,1.33587
38,3,1,0.2,0.3,0.5,0.001,1.24358,1.24368
39,3,1,0.2,0.3,0.5,0.001,1.3453,1.34413
40,3,1,0.2,0.3,0.5,0.001,1.10468,1.10406
41,3,1,0.2,0.3,0.5,0.001,1.2044,1.20719
42,3,1,0.2,0.3,0.5,0.001,1.18917,1.18623
43,3,1,0.2,0.3,0.5,0.001,1.17894,1.18179
44,3,1,0.2,0.3,0.5,0.001,1.67945,1.67344
45,3,1,0.2,0.3,0.5,0.001,1.3931,1.39038
46,3,1,0.2,0.3,0.5,0.001,1.41741,1.41591
47,3,1,0.2,0.3,0.5,0.001,1.15358,1.15388
48,3,1,0.2,0.3,0.5,0.001,1.28175,1.28183
49,3,1,0.2,0.3,0.5,0.001,1.24104,1.23943
50,3,1,0.2,0.3,0.5,0.001,1.28831,1.28972
51,3,1,0.2,0.3,0.5,0.001,1.52207,1.51808
52,3,1,0.2,0.3,0.5,0.001,1.66159,1.6566
53,3,1,0.2,0.3,0.5,0.001,1.2067,1.20934
54,3,1,0.2,0.3,0.5,0.001,1.31474,1.31488
55,3,1,0.2,0.3,0.5,0.001,1.64559,1.63986
56,3,1,0.2,0.3,0.5,0.001,1.42882,1.42602
57,3,1,0.2,0.3,0.5,0.001,1.48791,1.48481
58,3,1,0.2,0.3,0.5,0.001,1.65104,1.6455
59,3,1,0.2,0.3,0.5,0.001,1.45789,1.45631
60,3,1,0.2,0.3,0.5,0.001,1.4934,1.49072
61,3,1,0.2,0.3,0.5,0.001,1.50037,1.4973
62,3,1,0.2,0.3,0.5,0.001,1.26761,1.26882
63,3,1,0.2,0.3,0.5,0.001,1.24232,1.24406
64,3,1,0.2,0.3,0.5,0.001,1.41418,1.41337
65,3,1,0.2,0.3,0.5,0.001,1.54615,1.54286
66,3,1,0.2,0.3,0.5,0.001,1.42825,1.42657
67,3,1,0.2,0.3,0.5,0.001,1.38371,1.38245
68,3,1,0.2,0.3,0.5,0.001,1.40339,1.40035
69,3,1,0.2,0.3,0.5,0.001,1.36716,1.36685
70,3,1,0.2,0.3,0.5,0.001,1.51269,1.5095
71,3,1,0.2,0.3,0.5,0.001,1.5454,1.54102
72,3,1,0.2,0.3,0.5,0.001,1.26999,1.26922
73,3,1,0.2,0.3,0.5,0.001,1.41924,1.41789
74,3,1,0.2,0.3,0.5,0.001,1.24652,1.24665
75,3,1,0.2,0.3,0.5,0.001,1.524,1.52103
76,3,1,0.2,0.3,0.5,0.001,1.43372,1.43021
77,3,1,0.2,0.3,0.5,0.001,1.26474,1.26435
78,3,1,0.2,0.3,0.5,0.001,1.43864,1.4362
79,3,1,0.2,0.3,0.5,0.001,1.20662,1.20906
80,3,1,0.2,0.3,0.5,0.001,1.44214,1.44083
81,3,1,0.2,0.3,0.5,0.001,1.48857,1.48573
82,3,1,0.2,0.3,0.5,0.001,1.60358,1.59911
83,3,1,0.2,0.3,0.5,0.001,1.47883,1.4762
84,3,1,0.2,0.3,0.5,0.001,1.37419,1.36899
85,3,1,0.2,0.3,0.5,0.001,1.4244,1.4228
86,3,1,0.2,0.3,0.5,0.001,1.17271,1.17494
87,3,1,0.2,0.3,0.5,0.001,1.18596,1.18525
88,3,1,0.2,0.3,0.5,0.001,1.5685,1.56318
89,3,1,0.2,0.3,0.5,0.001,1.28726,1.28788
90,3,1,0.2,0.3,0.5,0.001,1.41486,1.41275
91,3,1,0.2,0.3,0.5,0.001,1.33823,1.33839
92,3,1,0.2,0.3,0.5,0.001,1.39967,1.39748
93,3,1,0.2,0.3,0.5,0.001,1.19405,1.1967
94,3,1,0.2,0.3,0.5,0.001,1.22274,1.2249
95,3,1,0.2,0.3,0.5,0.001,1.27839,1.28103
96,3,1,0.2,0.3,0.5,0.001,1.43571,1.43386
97,3,1,0.2,0.3,0.5,0.001,1.44722,1.444
98,3,1,0.2,0.3,0.5,0.001,1.48722,1.48471
99,3,1,0.2,0.3,0.5,0.001,1.24086,1.2434
0,4,1,0.01,0.3,0.5,0.001,3.93103,2.3679
1,4,1,0.01,0.3,0.5,0.001,3.87581,2.28205
2,4,1,0.01,0.3,0.5,0.001,3.85036,2.22595
3,4,1,0.01,0.3,0.5,0.001,3.9216,2.36652
4,4,1,0.01,0.3,0.5,0.001,3.82426,2.20915
5,4,1,0.01,0.3,0.5,0.001,3.87884,2.30172
6,4,1,0.01,0.3,0.5,0.001,3.82974,2.19656
7,4,1,0.01,0.3,0.5,0.001,3.8039,2.16939
8,4,1,0.01,0.3,0.5,0.001,3.9486,2.40211
9,4,1,0.01,0.3,0.5,0.001,3.8471,2.24773
10,4,1,0.01,0.3,0.5,0.001,3.92918,2.3771
11,4,1,0.01,0.3,0.5,0.001,3.8186,2.18722
12,4,1,0.01,0.3,0.5,0.001,3.86728,2.27267
13,4,1,0.01,0.3,0.5,0.001,3.88021,2.28799
14,4,1,0.01,0.3,0.5,0.001,3.84892,2.22998
15,4,1,0.01,0.3,0.5,0.001,3.79114,2.14299
16,4,1,0.01,0.3,0.5,0.001,3.84829,2.2499
17,4,1,0.01,0.3,0.5,0.001,3.77868,2.10365
18,4,1,0.01,0.3,0.5,0.001,3.84793,2.24819
19,4,1,0.01,0.3,0.5,0.001,3.83044,2.19889
20,4,1,0.01,0.3,0.5,0.001,3.80264,2.16428
21,4,1,0.01,0.3,0.5,0.001,3.79593,2.15727
22,4,1,0.01,0.3,0.5,0.001,3.71758,2.02735
23,4,1,0.01,0.3,0.5,0.001,3.87448,2.28954
24,4,1,0.01,0.3,0.5,0.001,3.81583,2.17593
25,4,1,0.01,0.3,0.5,0.001,3.818,2.17482
26,4,1,0.01,0.3,0.5,0.001,3.81916,2.19035
27,4,1,0.01,0.3,0.5,0.001,3.83188,2.21748
28,4,1,0.01,0.3,0.5,0.001,3.80523,2.16195
29,4,1,0.01,0.3,0.5,0.001,3.82373,2.20923
30,4,1,0.01,0.3,0.5,0.001,3.81202,2.18125
31,4,1,0.01,0.3,0.5,0.001,3.78372,2.12736
32,4,1,0.01,0.3,0.5,0.001,3.79368,2.16588
33,4,1,0.01,0.3,0.5,0.001,4.05281,2.57728
34,4,1,0.01,0.3,0.5,0.001,3.8944,2.31295
35,4,1,0.01,0.3,0.5,0.001,3.84149,2.22975
36,4,1,0.01,0.3,0.5,0.001,3.81995,2.18824
37,4,1,0.01,0.3,0.5,0.001,3.83384,2.21874
38,4,1,0.01,0.3,0.5,0.001,3.85731,2.26166
39,4,1,0.01,0.3,0.5,0.001,3.90604,2.34161
40,4,1,0.01,0.3,0.5,0.001,3.80979,2.20692
41,4,1,0.01,0.3,0.5,0.001,3.83843,2.21908
42,4,1,0.01,0.3,0.5,0.001,3.90548,2.34199
43,4,1,0.01,0.3,0.5,0.001,3.87908,2.28674
44,4,1,0.01,0.3,0.5,0.001,3.76887,2.08858
45,4,1,0.01,0.3,0.5,0.001,3.83549,2.2231
46,4,1,0.01,0.3,0.5,0.001,3.8151,2.18467
47,4,1,0.01,0.3,0.5,0.001,3.79836,2.16208
48,4,1,0.01,0.3,0.5,0.001,3.79631,2.16131
49,4,1,0.01,0.3,0.5,0.001,3.88074,2.29792
50,4,1,0.01,0.3,0.5,0.001,3.85744,2.24019
51,4,1,0.01,0.3,0.5,0.001,3.78751,2.16945
52,4,1,0.01,0.3,0.5,0.001,3.84589,2.23878
53,4,1,0.01,0.3,0.5,0.001,3.81104,2.17971
54,4,1,0.01,0.3,0.5,0.001,3.86325,2.27297
55,4,1,0.01,0.3,0.5,0.001,3.82386,2.19748
56,4,1,0.01,0.3,0.5,0.001,3.83081,2.23159
57,4,1,0.01,0.3,0.5,0.001,3.89142,2.31213
58,4,1,0.01,0.3,0.5,0.001,3.78454,2.13713
59,4,1,0.01,0.3,0.5,0.001,3.76808,2.13227
60,4,1,0.01,0.3,0.5,0.001,3.84354,2.22566
61,4,1,0.01,0.3,0.5,0.001,3.85539,2.25604
62,4,1,0.01,0.3,0.5,0.001,3.78543,2.13494
63,4,1,0.01,0.3,0.5,0.001,3.81863,2.20041
64,4,1,0.01,0.3,0.5,0.001,3.81207,2.1861
65,4,1,0.01,0.3,0.5,0.001,3.77387,2.10117
66,4,1,0.01,0.3,0.5,0.001,3.88649,2.29724
67,4,1,0.01,0.3,0.5,0.001,3.90614,2.34246
68,4,1,0.01,0.3,0.5,0.001,3.76692,2.13026
69,4,1,0.01,0.3,0.5,0.001,3.79729,2.16918
70,4,1,0.01,0.3,0.5,0.001,3.85431,2.2548
71,4,1,0.01,0.3,0.5,0.001,3.89403,2.31954
72,4,1,0.01,0.3,0.5,0.001,3.94418,2.42138
73,4,1,0.01,0.3,0.5,0.001,3.86741,2.27306
74,4,1,0.01,0.3,0.5,0.001,3.87445,2.28811
75,4,1,0.01,0.3,0.5,0.001,3.87562,2.2841
76,4,1,0.01,0.3,0.5,0.001,3.82243,2.18311
77,4,1,0.01,0.3,0.5,0.001,3.85886,2.2593
78,4,1,0.01,0.3,0.5,0.001,3.79073,2.14631
79,4,1,0.01,0.3,0.5,0.001,3.90777,2.3411
80,4,1,0.01,0.3,0.5,0.001,3.83525,2.20515
81,4,1,0.01,0.3,0.5,0.001,3.79805,2.15325
82,4,1,0.01,0.3,0.5,0.001,3.8667,2.26858
83,4,1,0.01,0.3,0.5,0.001,3.76634,2.09618
84,4,1,0.01,0.3,0.5,0.001,3.8251,2.19244
85,4,1,0.01,0.3,0.5,0.001,3.83208,2.22416
86,4,1,0.01,0.3,0.5,0.001,3.76103,2.08198
87,4,1,0.01,0.3,0.5,0.001,3.8543,2.25241
88,4,1,0.01,0.3,0.5,0.001,3.78594,2.14058
89,4,1,0.01,0.3,0.5,0.001,3.80737,2.1634
90,4,1,0.01,0.3,0.5,0.001,3.80574,2.17105
91,4,1,0.01,0.3,0.5,0.001,3.78994,2.14033
92,4,1,0.01,0.3,0.5,0.001,3.74851,2.07209
93,4,1,0.01,0.3,0.5,0.001,3.86188,2.27197
94,4,1,0.01,0.3,0.5,0.001,3.88003,2.28457
95,4,1,0.01,0.3,0.5,0.001,3.88383,2.3019
96,4,1,0.01,0.3,0.5,0.001,3.76705,2.09094
97,4,1,0.01,0.3,0.5,0.001,3.85967,2.2665
98,4,1,0.01,0.3,0.5,0.001,3.76705,2.08204
99,4,1,0.01,0.3,0.5,0.001,3.79487,2.14977
0,4,1,0.05,0.3,0.5,0.001,1.79286,1.68224
1,4,1,0.05,0.3,0.5,0.001,1.92347,1.82485
2,4,1,0.05,0.3,0.5,0.001,1.87148,1.7653
3,4,1,0.05,0.3,0.5,0.001,2.06643,1.96945
4,4,1,0.05,0.3,0.5,0.001,1.78938,1.66576
5,4,1,0.05,0.3,0.5,0.001,1.8063,1.69525
6,4,1,0.05,0.3,0.5,0.001,1.957,1.84984
7,4,1,0.05,0.3,0.5,0.001,1.81951,1.70274
8,4,1,0.05,0.3,0.5,0.001,1.86034,1.75644
9,4,1,0.05,0.3,0.5,0.001,1.97704,1.87072
10,4,1,0.05,0.3,0.5,0.001,1.8811,1.76591
11,4,1,0.05,0.3,0.5,0.001,1.96069,1.84989
12,4,1,0.05,0.3,0.5,0.001,2.01577,1.91341
13,4,1,0.05,0.3,0.5,0.001,1.84987,1.74401
14,4,1,0.05,0.3,0.5,0.001,1.77678,1.65846
15,4,1,0.05,0.3,0.5,0.001,1.98214,1.87532
16,4,1,0.05,0.3,0.5,0.001,1.79306,1.6772
17,4,1,0.05,0.3,0.5,0.001,1.86879,1.7719
18,4,1,0.05,0.3,0.5,0.001,1.91755,1.81875
19,4,1,0.05,0.3,0.5,0.001,2.01593,1.90838
20,4,1,0.05,0.3,0.5,0.001,1.88595,1.76993
21,4,1,0.05,0.3,0.5,0.001,1.86292,1.74663
22,4,1,0.05,0.3,0.5,0.001,2.12518,2.02647
23,4,1,0.05,0.3,0.5,0.001,1.89868,1.7865
24,4,1,0.05,0.3,0.5,0.001,2.03477,1.94128
25,4,1,0.05,0.3,0.5,0.001,1.96214,1.85442
26,4,1,0.05,0.3,0.5,0.001,1.81355,1.69525
27,4,1,0.05,0.3,0.5,0.001,1.88965,1.77698
28,4,1,0.05,0.3,0.5,0.001,1.83359,1.71683
29,4,1,0.05,0.3,0.5,0.001,1.85191,1.74795
30,4,1,0.05,0.3,0.5,0.001,1.92668,1.82135
31,4,1,0.05,0.3,0.5,0.001,1.97573,1.86346
32,4,1,0.05,0.3,0.5,0.001,1.94612,1.84386
33,4,1,0.05,0.3,0.5,0.001,2.17548,2.08197
34,4,1,0.05,0.3,0.5,0.001,1.98652,1.88567
35,4,1,0.05,0.3,0.5,0.001,1.89992,1.79431
36,4,1,0.05,0.3,0.5,0.001,1.71188,1.58736
37,4,1,0.05,0.3,0.5,0.001,2.05586,1.95418
38,4,1,0.05,0.3,0.5,0.001,1.80201,1.68154
39,4,1,0.05,0.3,0.5,0.001,2.07408,1.96919
40,4,1,0.05,0.3,0.5,0.001,1.79799,1.67702
41,4,1,0.05,0.3,0.5,0.001,2.00152,1.90183
42,4,1,0.05,0.3,0.5,0.001,1.84792,1.7295
43,4,1,0.05,0.3,0.5,0.001,1.98375,1.87859
44,4,1,0.05,0.3,0.5,0.001,1.8668,1.75478
45,4,1,0.05,0.3,0.5,0.001,1.84193,1.7329
46,4,1,0.05,0.3,0.5,0.001,1.92068,1.81509
47,4,1,0.05,0.3,0.5,0.001,1.9419,1.84339
48,4,1,0.05,0.3,0.5,0.001,1.9575,1.84955
49,4,1,0.05,0.3,0.5,0.001,2.01559,1.90517
50,4,1,0.05,0.3,0.5,0.001,1.98888,1.88463
51,4,1,0.05,0.3,0.5,0.001,1.86987,1.75097
52,4,1,0.05,0.3,0.5,0.001,1.75929,1.64387
53,4,1,0.05,0.3,0.5,0.001,1.78822,1.66716
54,4,1,0.05,0.3,0.5,0.001,1.89753,1.77498
55,4,1,0.05,0.3,0.5,0.001,1.9236,1.82006
56,4,1,0.05,0.3,0.5,0.001,1.83219,1.72189
57,4,1,0.05,0.3,0.5,0.001,1.82626,1.70785
58,4,1,0.05,0.3,0.5,0.001,1.8945,1.77599
59,4,1,0.05,0.3,0.5,0.001,1.7843,1.67812
60,4,1,0.05,0.3,0.5,0.001,1.62103,1.48595
61,4,1,0.05,0.3,0.5,0.001,1.995,1.89084
62,4,1,0.05,0.3,0.5,0.001,2.05073,1.95253
63,4,1,0.05,0.3,0.5,0.001,1.84775,1.74329
64,4,1,0.05,0.3,0.5,0.001,2.01173,1.91024
65,4,1,0.05,0.3,0.5,0.001,1.9613,1.8532
66,4,1,0.05,0.3,0.5,0.001,2.0616,1.96083
67,4,1,0.05,0.3,0.5,0.001,1.96822,1.86398
68,4,1,0.05,0.3,0.5,0.001,1.83345,1.72449
69,4,1,0.05,0.3,0.5,0.001,2.03481,1.9382
70,4,1,0.05,0.3,0.5,0.001,1.90164,1.79963
71,4,1,0.05,0.3,0.5,0.001,1.86111,1.74812
72,4,1,0.05,0.3,0.5,0.001,2.04767,1.94893
73,4,1,0.05,0.3,0.5,0.001,1.95888,1.84661
74,4,1,0.05,0.3,0.5,0.001,1.76655,1.65109
75,4,1,0.05,0.3,0.5,0.001,1.92154,1.81159
76,4,1,0.05,0.3,0.5,0.001,1.98606,1.88227
77,4,1,0.05,0.3,0.5,0.001,1.77299,1.65457
78,4,1,0.05,0.3,0.5,0.001,1.93309,1.8326
79,4,1,0.05,0.3,0.5,0.001,1.81424,1.70043
80,4,1,0.05,0.3,0.5,0.001,1.95376,1.85251
81,4,1,0.05,0.3,0.5,0.001,1.94462,1.84049
82,4,1,0.05,0.3,0.5,0.001,2.12987,2.03831
83,4,1,0.05,0.3,0.5,0.001,2.00378,1.89371
84,4,1,0.05,0.3,0.5,0.001,1.89344,1.79125
85,4,1,0.05,0.3,0.5,0.001,1.92612,1.82378
86,4,1,0.05,0.3,0.5,0.001,1.93895,1.82814
87,4,1,0.05,0.3,0.5,0.001,1.81393,1.70066
88,4,1,0.05,0.3,0.5,0.001,2.03117,1.92834
89,4,1,0.05,0.3,0.5,0.001,2.06445,1.96403
90,4,1,0.05,0.3,0.5,0.001,1.96109,1.86052
91,4,1,0.05,0.3,0.5,0.001,1.88137,1.76969
92,4,1,0.05,0.3,0.5,0.001,1.83067,1.71127
93,4,1,0.05,0.3,0.5,0.001,1.80858,1.69177
94,4,1,0.05,0.3,0.5,0.001,1.78748,1.68216
95,4,1,0.05,0.3,0.5,0.001,1.92434,1.81261
96,4,1,0.05,0.3,0.5,0.001,1.82459,1.70959
97,4,1,0.05,0.3,0.5,0.001,1.90183,1.7876
98,4,1,0.05,0.3,0.5,0.001,1.81102,1.69468
99,4,1,0.05,0.3,0.5,0.001,1.86329,1.75564
0,4,1,0.2,0.3,0.5,0.001,1.12282,1.12462
1,4,1,0.2,0.3,0.5,0.001,1.57851,1.57936
2,4,1,0.2,0.3,0.5,0.001,1.74262,1.74271
3,4,1,0.2,0.3,0.5,0.001,1.69375,1.69222
4,4,1,0.2,0.3,0.5,0.001,1.56395,1.56306
5,4,1,0.2,0.3,0.5,0.001,1.74896,1.74637
6,4,1,0.2,0.3,0.5,0.001,1.48672,1.48772
7,4,1,0.2,0.3,0.5,0.001,1.5229,1.52535
8,4,1,0.2,0.3,0.5,0.001,1.66068,1.66055
9,4,1,0.2,0.3,0.5,0.001,1.80584,1.80351
10,4,1,0.2,0.3,0.5,0.001,1.58182,1.58173
11,4,1,0.2,0.3,0.5,0.001,1.49544,1.49585
12,4,1,0.2,0.3,0.5,0.001,1.55327,1.54825
13,4,1,0.2,0.3,0.5,0.001,1.78968,1.78702
14,4,1,0.2,0.3,0.5,0.001,1.58491,1.58604
15,4,1,0.2,0.3,0.5,0.001,1.66774,1.66673
16,4,1,0.2,0.3,0.5,0.001,1.7293,1.72482
17,4,1,0.2,0.3,0.5,0.001,1.73392,1.7299
18,4,1,0.2,0.3,0.5,0.001,1.67561,1.67391
19,4,1,0.2,0.3,0.5,0.001,1.48115,1.48381
20,4,1,0.2,0.3,0.5,0.001,1.58964,1.59
21,4,1,0.2,0.3,0.5,0.001,1.6008,1.59863
22,4,1,0.2,0.3,0.5,0.001,1.60996,1.60961
23,4,1,0.2,0.3,0.5,0.001,1.71271,1.71192
24,4,1,0.2,0.3,0.5,0.001,1.71643,1.71497
25,4,1,0.2,0.3,0.5,0.001,1.37226,1.3751
26,4,1,0.2,0.3,0.5,0.001,1.76426,1.76103
27,4,1,0.2,0.3,0.5,0.001,1.77389,1.77168
28,4,1,0.2,0.3,0.5,0.001,1.29391,1.29039
29,4,1,0.2,0.3,0.5,0.001,1.44956,1.44919
30,4,1,0.2,0.3,0.5,0.001,1.79999,1.797
31,4,1,0.2,0.3,0.5,0.001,1.59262,1.59041
32,4,1,0.2,0.3,0.5,0.001,1.30624,1.30916
33,4,1,0.2,0.3,0.5,0.001,1.7658,1.76343
34,4,1,0.2,0.3,0.5,0.001,1.6568,1.65477
35,4,1,0.2,0.3,0.5,0.001,1.56838,1.56931
36,4,1,0.2,0.3,0.5,0.001,1.48949,1.49153
37,4,1,0.2,0.3,0.5,0.001,1.56175,1.56131
38,4,1,0.2,0.3,0.5,0.001,1.73509,1.7336
39,4,1,0.2,0.3,0.5,0.001,1.63173,1.63169
40,4,1,0.2,0.3,0.5,0.001,1.6494,1.64798
41,4,1,0.2,0.3,0.5,0.001,1.58471,1.58697
42,4,1,0.2,0.3,0.5,0.001,1.74385,1.74215
43,4,1,0.2,0.3,0.5,0.001,1.54761,1.54997
44,4,1,0.2,0.3,0.5,0.001,1.3328,1.32931
45,4,1,0.2,0.3,0.5,0.001,1.87493,1.87048
46,4,1,0.2,0.3,0.5,0.001,1.58689,1.58923
47,4,1,0.2,0.3,0.5,0.001,1.37936,1.38196
48,4,1,0.2,0.3,0.5,0.001,1.57771,1.57891
49,4,1,0.2,0.3,0.5,0.001,1.43094,1.43232
50,4,1,0.2,0.3,0.5,0.001,1.4879,1.48825
51,4,1,0.2,0.3,0.5,0.001,1.5601,1.55925
52,4,1,0.2,0.3,0.5,0.001,1.77278,1.77041
53,4,1,0.2,0.3,0.5,0.001,1.49731,1.49965
54,4,1,0.2,0.3,0.5,0.001,1.52676,1.5268
55,4,1,0.2,0.3,0.5,0.001,1.5501,1.55223
56,4,1,0.2,0.3,0.5,0.001,1.75985,1.75565
57,4,1,0.2,0.3,0.5,0.001,1.5167,1.51807
58,4,1,0.2,0.3,0.5,0.001,1.65354,1.65368
59,4,1,0.2,0.3,0.5,0.001,1.6566,1.65606
60,4,1,0.2,0.3,0.5,0.001,1.41035,1.40701
61,4,1,0.2,0.3,0.5,0.001,1.5869,1.58983
62,4,1,0.2,0.3,0.5,0.001,1.53181,1.53336
63,4,1,0.2,0.3,0.5,0.001,1.7312,1.73063
64,4,1,0.2,0.3,0.5,0.001,1.39322,1.39324
65,4,1,0.2,0.3,0.5,0.001,1.56033,1.56164
66,4,1,0.2,0.3,0.5,0.001,1.6191,1.62093
67,4,1,0.2,0.3,0.5,0.001,1.33674,1.33474
68,4,1,0.2,0.3,0.5,0.001,1.59548,1.59461
69,4,1,0.2,0.3,0.5,0.001,1.46706,1.46664
70,4,1,0.2,0.3,0.5,0.001,1.70106,1.69947
71,4,1,0.2,0.3,0.5,0.001,1.70442,1.70331
72,4,1,0.2,0.3,0.5,0.001,1.68082,1.68036
73,4,1,0.2,0.3,0.5,0.001,1.57487,1.57587
74,4,1,0.2,0.3,0.5,0.001,1.65536,1.65525
75,4,1,0.2,0.3,0.5,0.001,1.56917,1.57068
76,4,1,0.2,0.3,0.5,0.001,1.48472,1.48504
77,4,1,0.2,0.3,0.5,0.001,1.66972,1.66855
78,4,1,0.2,0.3,0.5,0.001,1.61488,1.61555
79,4,1,0.2,0.3,0.5,0.001,1.76459,1.76165
80,4,1,0.2,0.3,0.5,0.001,1.74546,1.74353
81,4,1,0.2,0.3,0.5,0.001,1.84619,1.84258
82,4,1,0.2,0.3,0.5,0.001,1.50821,1.50717
83,4,1,0.2,0.3,0.5,0.001,1.66488,1.6635
84,4,1,0.2,0.3,0.5,0.001,1.74501,1.74304
85,4,1,0.2,0.3,0.5,0.001,1.45657,1.45986
86,4,1,0.2,0.3,0.5,0.001,1.56193,1.56288
87,4,1,0.2,0.3,0.5,0.001,1.59438,1.59542
88,4,1,0.2,0.3,0.5,0.001,1.68114,1.67854
89,4,1,0.2,0.3,0.5,0.001,1.53371,1.53327
90,4,1,0.2,0.3,0.5,0.001,1.70699,1.70402
91,4,1,0.2,0.3,0.5,0.001,1.5492,1.55166
92,4,1,0.2,0.3,0.5,0.001,1.62337,1.62372
93,4,1,0.2,0.3,0.5,0.001,1.65105,1.65062
94,4,1,0.2,0.3,0.5,0.001,1.57198,1.57315
95,4,1,0.2,0.3,0.5,0.001,1.70961,1.70861
96,4,1,0.2,0.3,0.5,0.001,1.57902,1.57783
97,4,1,0.2,0.3,0.5,0.001,1.52739,1.52892
98,4,1,0.2,0.3,0.5,0.001,1.4951,1.49798
99,4,1,0.2,0.3,0.5,0.001,1.18049,1.17775
0,5,1,0.01,0.3,0.5,0.001,3.87653,2.30923
1,5,1,0.01,0.3,0.5,0.001,3.9467,2.42254
2,5,1,0.01,0.3,0.5,0.001,3.9601,2.435
3,5,1,0.01,0.3,0.5,0.001,3.91032,2.36005
4,5,1,0.01,0.3,0.5,0.001,3.85522,2.27396
5,5,1,0.01,0.3,0.5,0.001,3.87685,2.31701
6,5,1,0.01,0.3,0.5,0.001,3.85088,2.26409
7,5,1,0.01,0.3,0.5,0.001,3.84425,2.25239
8,5,1,0.01,0.3,0.5,0.001,3.8697,2.3075
9,5,1,0.01,0.3,0.5,0.001,3.81651,2.19447
10,5,1,0.01,0.3,0.5,0.001,3.87362,2.275
11,5,1,0.01,0.3,0.5,0.001,3.90703,2.35036
12,5,1,0.01,0.3,0.5,0.001,3.90782,2.3395
13,5,1,0.01,0.3,0.5,0.001,3.8818,2.30978
14,5,1,0.01,0.3,0.5,0.001,3.92341,2.38531
15,5,1,0.01,0.3,0.5,0.001,3.94441,2.41623
16,5,1,0.01,0.3,0.5,0.001,3.9058,2.38124
17,5,1,0.01,0.3,0.5,0.001,3.90929,2.33819
18,5,1,0.01,0.3,0.5,0.001,3.86396,2.2691
19,5,1,0.01,0.3,0.5,0.001,3.89227,2.34193
20,5,1,0.01,0.3,0.5,0.001,3.8376,2.24821
21,5,1,0.01,0.3,0.5,0.001,3.89666,2.33299
22,5,1,0.01,0.3,0.5,0.001,3.87388,2.30418
23,5,1,0.01,0.3,0.5,0.001,3.87276,2.30001
24,5,1,0.01,0.3,0.5,0.001,3.96386,2.44369
25,5,1,0.01,0.3,0.5,0.001,3.88839,2.31395
26,5,1,0.01,0.3,0.5,0.001,3.88623,2.31131
27,5,1,0.01,0.3,0.5,0.001,3.83085,2.22174
28,5,1,0.01,0.3,0.5,0.001,4.00039,2.50636
29,5,1,0.01,0.3,0.5,0.001,3.86003,2.26806
30,5,1,0.01,0.3,0.5,0.001,3.89556,2.34157
31,5,1,0.01,0.3,0.5,0.001,3.86855,2.2845
32,5,1,0.01,0.3,0.5,0.001,3.83583,2.23818
33,5,1,0.01,0.3,0.5,0.001,3.84874,2.27274
34,5,1,0.01,0.3,0.5,0.001,3.87609,2.29149
35,5,1,0.01,0.3,0.5,0.001,3.92879,2.4027
36,5,1,0.01,0.3,0.5,0.001,3.89803,2.30071
37,5,1,0.01,0.3,0.5,0.001,3.833,2.23687
38,5,1,0.01,0.3,0.5,0.001,3.84765,2.25633
39,5,1,0.01,0.3,0.5,0.001,3.94261,2.42937
40,5,1,0.01,0.3,0.5,0.001,3.84735,2.23613
41,5,1,0.01,0.3,0.5,0.001,3.80127,2.14969
42,5,1,0.01,0.3,0.5,0.001,3.89739,2.32326
43,5,1,0.01,0.3,0.5,0.001,3.91038,2.34489
44,5,1,0.01,0.3,0.5,0.001,3.91094,2.34077
45,5,1,0.01,0.3,0.5,0.001,3.86997,2.27114
46,5,1,0.01,0.3,0.5,0.001,3.82317,2.21063
47,5,1,0.01,0.3,0.5,0.001,3.97254,2.44178
48,5,1,0.01,0.3,0.5,0.001,3.88584,2.33001
49,5,1,0.01,0.3,0.5,0.001,3.84069,2.23299
50,5,1,0.01,0.3,0.5,0.001,3.86141,2.28601
51,5,1,0.01,0.3,0.5,0.001,3.79965,2.17449
52,5,1,0.01,0.3,0.5,0.001,3.83775,2.23678
53,5,1,0.01,0.3,0.5,0.001,3.84271,2.27268
54,5,1,0.01,0.3,0.5,0.001,3.90599,2.36073
55,5,1,0.01,0.3,0.5,0.001,3.88178,2.28905
56,5,1,0.01,0.3,0.5,0.001,3.93493,2.38523
57,5,1,0.01,0.3,0.5,0.001,3.87482,2.34017
58,5,1,0.01,0.3,0.5,0.001,4.06603,2.60465
59,5,1,0.01,0.3,0.5,0.001,3.8771,2.29298
60,5,1,0.01,0.3,0.5,0.001,3.89277,2.32819
61,5,1,0.01,0.3,0.5,0.001,3.91567,2.34733
62,5,1,0.01,0.3,0.5,0.001,3.94761,2.41062
63,5,1,0.01,0.3,0.5,0.001,3.86014,2.2751
64,5,1,0.01,0.3,0.5,0.001,3.87664,2.29481
65,5,1,0.01,0.3,0.5,0.001,3.93325,2.37474
66,5,1,0.01,0.3,0.5,0.001,3.86674,2.25309
67,5,1,0.01,0.3,0.5,0.001,3.89688,2.32223
68,5,1,0.01,0.3,0.5,0.001,3.9168,2.35355
69,5,1,0.01,0.3,0.5,0.001,3.9197,2.36298
70,5,1,0.01,0.3,0.5,0.001,3.86649,2.27973
71,5,1,0.01,0.3,0.5,0.001,3.96706,2.43957
72,5,1,0.01,0.3,0.5,0.001,3.89473,2.34631
73,5,1,0.01,0.3,0.5,0.001,3.88612,2.33316
74,5,1,0.01,0.3,0.5,0.001,3.84609,2.25165
75,5,1,0.01,0.3,0.5,0.001,3.86588,2.28798
76,5,1,0.01,0.3,0.5,0.001,3.87947,2.29789
77,5,1,0.01,0.3,0.5,0.001,3.85595,2.25303
78,5,1,0.01,0.3,0.5,0.001,3.99222,2.48302
79,5,1,0.01,0.3,0.5,0.001,3.87007,2.27977
80,5,1,0.01,0.3,0.5,0.001,3.8463,2.27576
81,5,1,0.01,0.3,0.5,0.001,3.87757,2.3219
82,5,1,0.01,0.3,0.5,0.001,3.88183,2.33084
83,5,1,0.01,0.3,0.5,0.001,3.87155,2.28557
84,5,1,0.01,0.3,0.5,0.001,3.83782,2.23467
85,5,1,0.01,0.3,0.5,0.001,3.93442,2.38183
86,5,1,0.01,0.3,0.5,0.001,3.94597,2.41424
87,5,1,0.01,0.3,0.5,0.001,3.86284,2.29081
88,5,1,0.01,0.3,0.5,0.001,4.00562,2.49233
89,5,1,0.01,0.3,0.5,0.001,3.89328,2.30678
90,5,1,0.01,0.3,0.5,0.001,3.88579,2.30766
91,5,1,0.01,0.3,0.5,0.001,3.8779,2.29132
92,5,1,0.01,0.3,0.5,0.001,3.98377,2.47109
93,5,1,0.01,0.3,0.5,0.001,3.99468,2.48114
94,5,1,0.01,0.3,0.5,0.001,3.89737,2.32128
95,5,1,0.01,0.3,0.5,0.001,3.84382,2.23874
96,5,1,0.01,0.3,0.5,0.001,3.83354,2.22086
97,5,1,0.01,0.3,0.5,0.001,3.85204,2.26444
98,5,1,0.01,0.3,0.5,0.001,4.0751,2.61539
99,5,1,0.01,0.3,0.5,0.001,3.91969,2.37343
0,5,1,0.05,0.3,0.5,0.001,2.06677,1.95977
1,5,1,0.05,0.3,0.5,0.001,2.0816,1.97747
2,5,1,0.05,0.3,0.5,0.001,1.96574,1.85684
3,5,1,0.05,0.3,0.5,0.001,1.94442,1.84451
4,5,1,0.05,0.3,0.5,0.001,1.96071,1.85807
5,5,1,0.05,0.3,0.5,0.001,2.06243,1.97089
6,5,1,0.05,0.3,0.5,0.001,1.91659,1.82487
7,5,1,0.05,0.3,0.5,0.001,1.99064,1.88696
8,5,1,0.05,0.3,0.5,0.001,2.20753,2.11705
9,5,1,0.05,0.3,0.5,0.001,2.03635,1.92884
10,5,1,0.05,0.3,0.5,0.001,1.96435,1.86763
11,5,1,0.05,0.3,0.5,0.001,1.96606,1.85409
12,5,1,0.05,0.3,0.5,0.001,2.11238,2.00848
13,5,1,0.05,0.3,0.5,0.001,2.1322,2.02989
14,5,1,0.05,0.3,0.5,0.001,2.11005,2.0298
15,5,1,0.05,0.3,0.5,0.001,2.09938,2.00656
16,5,1,0.05,0.3,0.5,0.001,2.01839,1.9261
17,5,1,0.05,0.3,0.5,0.001,2.13414,2.0421
18,5,1,0.05,0.3,0.5,0.001,1.96859,1.85563
19,5,1,0.05,0.3,0.5,0.001,2.1818,2.08108
20,5,1,0.05,0.3,0.5,0.001,2.06308,1.96339
21,5,1,0.05,0.3,0.5,0.001,2.09034,1.9999
22,5,1,0.05,0.3,0.5,0.001,2.11338,2.01946
23,5,1,0.05,0.3,0.5,0.001,2.06519,1.9802
24,5,1,0.05,0.3,0.5,0.001,2.12519,2.02848
25,5,1,0.05,0.3,0.5,0.001,2.033,1.94411
26,5,1,0.05,0.3,0.5,0.001,1.93012,1.82854
27,5,1,0.05,0.3,0.5,0.001,1.96653,1.8602
28,5,1,0.05,0.3,0.5,0.001,2.04987,1.93625
29,5,1,0.05,0.3,0.5,0.001,2.18862,2.09799
30,5,1,0.05,0.3,0.5,0.001,1.92479,1.81543
31,5,1,0.05,0.3,0.5,0.001,1.89113,1.78488
32,5,1,0.05,0.3,0.5,0.001,1.97222,1.87199
33,5,1,0.05,0.3,0.5,0.001,2.08467,1.98833
34,5,1,0.05,0.3,0.5,0.001,1.96583,1.8519
35,5,1,0.05,0.3,0.5,0.001,2.09849,1.99535
36,5,1,0.05,0.3,0.5,0.001,1.94796,1.85305
37,5,1,0.05,0.3,0.5,0.001,1.95536,1.86001
38,5,1,0.05,0.3,0.5,0.001,2.35123,2.25814
39,5,1,0.05,0.3,0.5,0.001,2.16258,2.07722
40,5,1,0.05,0.3,0.5,0.001,2.40416,2.31581
41,5,1,0.05,0.3,0.5,0.001,2.03692,1.9308
42,5,1,0.05,0.3,0.5,0.001,1.99702,1.89983
43,5,1,0.05,0.3,0.5,0.001,2.09744,2.00741
44,5,1,0.05,0.3,0.5,0.001,2.07718,1.97839
45,5,1,0.05,0.3,0.5,0.001,2.11697,2.01055
46,5,1,0.05,0.3,0.5,0.001,1.98097,1.89163
47,5,1,0.05,0.3,0.5,0.001,2.19406,2.10524
48,5,1,0.05,0.3,0.5,0.001,2.00148,1.88904
49,5,1,0.05,0.3,0.5,0.001,1.95642,1.86547
50,5,1,0.05,0.3,0.5,0.001,1.96982,1.85908
51,5,1,0.05,0.3,0.5,0.001,2.0637,1.97207
52,5,1,0.05,0.3,0.5,0.001,2.04562,1.96082
53,5,1,0.05,0.3,0.5,0.001,2.06077,1.95974
54,5,1,0.05,0.3,0.5,0.001,2.09456,2.00842
55,5,1,0.05,0.3,0.5,0.001,2.02355,1.92796
56,5,1,0.05,0.3,0.5,0.001,2.07786,1.9679
57,5,1,0.05,0.3,0.5,0.001,2.01715,1.91667
58,5,1,0.05,0.3,0.5,0.001,2.18198,2.08898
59,5,1,0.05,0.3,0.5,0.001,1.80883,1.69252
60,5,1,0.05,0.3,0.5,0.001,2.06995,1.96941
61,5,1,0.05,0.3,0.5,0.001,2.01204,1.91567
62,5,1,0.05,0.3,0.5,0.001,1.97241,1.8788
63,5,1,0.05,0.3,0.5,0.001,1.89755,1.79455
64,5,1,0.05,0.3,0.5,0.001,2.09746,1.99829
65,5,1,0.05,0.3,0.5,0.001,2.19662,2.10021
66,5,1,0.05,0.3,0.5,0.001,2.08827,1.99001
67,5,1,0.05,0.3,0.5,0.001,2.03146,1.93772
68,5,1,0.05,0.3,0.5,0.001,2.12458,2.02897
69,5,1,0.05,0.3,0.5,0.001,2.23466,2.15301
70,5,1,0.05,0.3,0.5,0.001,2.03245,1.93415
71,5,1,0.05,0.3,0.5,0.001,1.82776,1.72196
72,5,1,0.05,0.3,0.5,0.001,2.07927,1.97965
73,5,1,0.05,0.3,0.5,0.001,1.72802,1.61365
74,5,1,0.05,0.3,0.5,0.001,2.03062,1.92472
75,5,1,0.05,0.3,0.5,0.001,1.87237,1.75622
76,5,1,0.05,0.3,0.5,0.001,1.95792,1.85837
77,5,1,0.05,0.3,0.5,0.001,1.78025,1.66994
78,5,1,0.05,0.3,0.5,0.001,2.10253,2.0051
79,5,1,0.05,0.3,0.5,0.001,2.21573,2.1188
80,5,1,0.05,0.3,0.5,0.001,1.82268,1.71728
81,5,1,0.05,0.3,0.5,0.001,1.78248,1.67161
82,5,1,0.05,0.3,0.5,0.001,2.04516,1.93221
83,5,1,0.05,0.3,0.5,0.001,1.98754,1.88806
84,5,1,0.05,0.3,0.5,0.001,1.96714,1.86236
85,5,1,0.05,0.3,0.5,0.001,2.23737,2.14982
86,5,1,0.05,0.3,0.5,0.001,2.01614,1.92549
87,5,1,0.05,0.3,0.5,0.001,2.09562,1.98939
88,5,1,0.05,0.3,0.5,0.001,2.04731,1.9429
89,5,1,0.05,0.3,0.5,0.001,2.15926,2.06994
90,5,1,0.05,0.3,0.5,0.001,2.08656,1.99876
91,5,1,0.05,0.3,0.5,0.001,1.99909,1.88569
92,5,1,0.05,0.3,0.5,0.001,2.00343,1.89159
93,5,1,0.05,0.3,0.5,0.001,2.44141,2.35437
94,5,1,0.05,0.3,0.5,0.001,2.10519,2.00453
95,5,1,0.05,0.3,0.5,0.001,1.89377,1.78953
96,5,1,0.05,0.3,0.5,0.001,2.03454,1.91526
97,5,1,0.05,0.3,0.5,0.001,2.14916,2.04487
98,5,1,0.05,0.3,0.5,0.001,2.01442,1.92178
99,5,1,0.05,0.3,0.5,0.001,2.29936,2.22506
0,5,1,0.2,0.3,0.5,0.001,1.92349,1.92331
1,5,1,0.2,0.3,0.5,0.001,1.7982,1.80125
2,5,1,0.2,0.3,0.5,0.001,1.85969,1.85983
3,5,1,0.2,0.3,0.5,0.001,1.77369,1.7723
4,5,1,0.2,0.3,0.5,0.001,1.7191,1.71992
5,5,1,0.2,0.3,0.5,0.001,1.71556,1.71594
6,5,1,0.2,0.3,0.5,0.001,1.73935,1.73994
7,5,1,0.2,0.3,0.5,0.001,1.59682,1.59871
8,5,1,0.2,0.3,0.5,0.001,1.91485,1.91352
9,5,1,0.2,0.3,0.5,0.001,1.94832,1.94893
10,5,1,0.2,0.3,0.5,0.001,2.02427,2.02221
11,5,1,0.2,0.3,0.5,0.001,1.38129,1.37978
12,5,1,0.2,0.3,0.5,0.001,1.8767,1.87584
13,5,1,0.2,0.3,0.5,0.001,2.01075,2.0069
14,5,1,0.2,0.3,0.5,0.001,1.73841,1.73799
15,5,1,0.2,0.3,0.5,0.001,1.75982,1.76002
16,5,1,0.2,0.3,0.5,0.001,1.63852,1.63545
17,5,1,0.2,0.3,0.5,0.001,1.94238,1.94186
18,5,1,0.2,0.3,0.5,0.001,2.00147,2.00032
19,5,1,0.2,0.3,0.5,0.001,1.96514,1.96409
20,5,1,0.2,0.3,0.5,0.001,1.57795,1.57956
21,5,1,0.2,0.3,0.5,0.001,2.14076,2.13651
22,5,1,0.2,0.3,0.5,0.001,1.82057,1.82198
23,5,1,0.2,0.3,0.5,0.001,1.89278,1.89528
24,5,1,0.2,0.3,0.5,0.001,1.93514,1.93697
25,5,1,0.2,0.3,0.5,0.001,1.75502,1.75454
26,5,1,0.2,0.3,0.5,0.001,1.64356,1.64168
27,5,1,0.2,0.3,0.5,0.001,1.7983,1.80033
28,5,1,0.2,0.3,0.5,0.001,1.96102,1.95988
29,5,1,0.2,0.3,0.5,0.001,1.9753,1.97353
30,5,1,0.2,0.3,0.5,0.001,1.74264,1.73995
31,5,1,0.2,0.3,0.5,0.001,1.85794,1.85687
32,5,1,0.2,0.3,0.5,0.001,1.71516,1.71581
33,5,1,0.2,0.3,0.5,0.001,1.49081,1.49122
34,5,1,0.2,0.3,0.5,0.001,1.79187,1.79108
35,5,1,0.2,0.3,0.5,0.001,1.75792,1.7572
36,5,1,0.2,0.3,0.5,0.001,1.80429,1.80461
37,5,1,0.2,0.3,0.5,0.001,1.67088,1.67075
38,5,1,0.2,0.3,0.5,0.001,1.80293,1.80464
39,5,1,0.2,0.3,0.5,0.001,1.7592,1.76064
40,5,1,0.2,0.3,0.5,0.001,1.72414,1.72639
41,5,1,0.2,0.3,0.5,0.001,1.51753,1.51696
42,5,1,0.2,0.3,0.5,0.001,1.53154,1.52994
43,5,1,0.2,0.3,0.5,0.001,1.65107,1.64998
44,5,1,0.2,0.3,0.5,0.001,1.92371,1.92186
45,5,1,0.2,0.3,0.5,0.001,1.91914,1.91763
46,5,1,0.2,0.3,0.5,0.001,1.6998,1.69885
47,5,1,0.2,0.3,0.5,0.001,1.81468,1.81496
48,5,1,0.2,0.3,0.5,0.001,2.00721,2.0054
49,5,1,0.2,0.3,0.5,0.001,1.88199,1.8829
50,5,1,0.2,0.3,0.5,0.001,1.60364,1.60155
51,5,1,0.2,0.3,0.5,0.001,1.9828,1.97834
52,5,1,0.2,0.3,0.5,0.001,2.11367,2.10932
53,5,1,0.2,0.3,0.5,0.001,1.83632,1.83733
54,5,1,0.2,0.3,0.5,0.001,1.7265,1.72704
55,5,1,0.2,0.3,0.5,0.001,1.57569,1.57519
56,5,1,0.2,0.3,0.5,0.001,2.02792,2.02473
57,5,1,0.2,0.3,0.5,0.001,1.955,1.95354
58,5,1,0.2,0.3,0.5,0.001,1.81368,1.8154
59,5,1,0.2,0.3,0.5,0.001,2.28254,2.28065
60,5,1,0.2,0.3,0.5,0.001,1.87032,1.86876
61,5,1,0.2,0.3,0.5,0.001,1.9914,1.98783
62,5,1,0.2,0.3,0.5,0.001,1.84728,1.84447
63,5,1,0.2,0.3,0.5,0.001,1.65811,1.65876
64,5,1,0.2,0.3,0.5,0.001,1.81599,1.81528
65,5,1,0.2,0.3,0.5,0.001,1.33346,1.33387
66,5,1,0.2,0.3,0.5,0.001,1.94916,1.94541
67,5,1,0.2,0.3,0.5,0.001,1.9307,1.92912
68,5,1,0.2,0.3,0.5,0.001,1.87344,1.87274
69,5,1,0.2,0.3,0.5,0.001,1.87163,1.87165
70,5,1,0.2,0.3,0.5,0.001,1.84512,1.84108
71,5,1,0.2,0.3,0.5,0.001,1.91909,1.9179
72,5,1,0.2,0.3,0.5,0.001,1.94341,1.94157
73,5,1,0.2,0.3,0.5,0.001,1.99929,1.99735
74,5,1,0.2,0.3,0.5,0.001,2.04845,2.04673
75,5,1,0.2,0.3,0.5,0.001,1.98334,1.97899
76,5,1,0.2,0.3,0.5,0.001,1.77395,1.77524
77,5,1,0.2,0.3,0.5,0.001,1.98339,1.98271
78,5,1,0.2,0.3,0.5,0.001,1.78359,1.78228
79,5,1,0.2,0.3,0.5,0.001,1.81598,1.81391
80,5,1,0.2,0.3,0.5,0.001,1.83438,1.83292
81,5,1,0.2,0.3,0.5,0.001,2.01241,2.01004
82,5,1,0.2,0.3,0.5,0.001,1.7418,1.74261
83,5,1,0.2,0.3,0.5,0.001,1.82141,1.82308
84,5,1,0.2,0.3,0.5,0.001,1.99867,2.00164
85,5,1,0.2,0.3,0.5,0.001,1.83258,1.83276
86,5,1,0.2,0.3,0.5,0.001,1.8894,1.88782
87,5,1,0.2,0.3,0.5,0.001,1.9274,1.92433
88,5,1,0.2,0.3,0.5,0.001,1.84364,1.8434
89,5,1,0.2,0.3,0.5,0.001,1.98979,1.98628
90,5,1,0.2,0.3,0.5,0.001,1.71806,1.7174
91,5,1,0.2,0.3,0.5,0.001,1.82595,1.82801
92,5,1,0.2,0.3,0.5,0.001,1.94746,1.94531
93,5,1,0.2,0.3,0.5,0.001,1.85656,1.85668
94,5,1,0.2,0.3,0.5,0.001,1.7096,1.711
95,5,1,0.2,0.3,0.5,0.001,1.84476,1.84176
96,5,1,0.2,0.3,0.5,0.001,1.63245,1.63507
97,5,1,0.2,0.3,0.5,0.001,1.64446,1.64644
98,5,1,0.2,0.3,0.5,0.001,1.87287,1.87124
99,5,1,0.2,0.3,0.5,0.001,1.81821,1.81909
0,6,1,0.01,0.3,0.5,0.001,3.90223,2.35093
1,6,1,0.01,0.3,0.5,0.001,4.13263,2.70395
2,6,1,0.01,0.3,0.5,0.001,3.93605,2.40596
3,6,1,0.01,0.3,0.5,0.001,3.98558,2.48108
4,6,1,0.01,0.3,0.5,0.001,4.0975,2.655
5,6,1,0.01,0.3,0.5,0.001,4.08068,2.64564
6,6,1,0.01,0.3,0.5,0.001,3.7752,2.15095
7,6,1,0.01,0.3,0.5,0.001,3.92513,2.41107
8,6,1,0.01,0.3,0.5,0.001,3.93317,2.41616
9,6,1,0.01,0.3,0.5,0.001,3.81449,2.21305
10,6,1,0.01,0.3,0.5,0.001,4.08594,2.65076
11,6,1,0.01,0.3,0.5,0.001,3.84713,2.29834
12,6,1,0.01,0.3,0.5,0.001,3.86908,2.2941
13,6,1,0.01,0.3,0.5,0.001,4.18278,2.79001
14,6,1,0.01,0.3,0.5,0.001,3.99676,2.49646
15,6,1,0.01,0.3,0.5,0.001,4.08089,2.64662
16,6,1,0.01,0.3,0.5,0.001,3.91072,2.3588
17,6,1,0.01,0.3,0.5,0.001,3.96448,2.46063
18,6,1,0.01,0.3,0.5,0.001,4.06702,2.63387
19,6,1,0.01,0.3,0.5,0.001,3.92161,2.37168
20,6,1,0.01,0.3,0.5,0.001,3.88295,2.33632
21,6,1,0.01,0.3,0.5,0.001,3.81381,2.29763
22,6,1,0.01,0.3,0.5,0.001,3.84258,2.26426
23,6,1,0.01,0.3,0.5,0.001,3.79307,2.16259
24,6,1,0.01,0.3,0.5,0.001,3.98247,2.48299
25,6,1,0.01,0.3,0.5,0.001,4.02612,2.55345
26,6,1,0.01,0.3,0.5,0.001,3.81059,2.22103
27,6,1,0.01,0.3,0.5,0.001,3.82425,2.24888
28,6,1,0.01,0.3,0.5,0.001,3.96067,2.44948
29,6,1,0.01,0.3,0.5,0.001,3.84039,2.26813
30,6,1,0.01,0.3,0.5,0.001,3.92677,2.3837
31,6,1,0.01,0.3,0.5,0.001,3.93221,2.41105
32,6,1,0.01,0.3,0.5,0.001,3.89307,2.36436
33,6,1,0.01,0.3,0.5,0.001,3.9635,2.47491
34,6,1,0.01,0.3,0.5,0.001,4.05007,2.58605
35,6,1,0.01,0.3,0.5,0.001,3.67391,1.96546
36,6,1,0.01,0.3,0.5,0.001,3.8904,2.33032
37,6,1,0.01,0.3,0.5,0.001,3.98393,2.49605
38,6,1,0.01,0.3,0.5,0.001,3.81494,2.21362
39,6,1,0.01,0.3,0.5,0.001,3.94886,2.44392
40,6,1,0.01,0.3,0.5,0.001,3.9561,2.41206
41,6,1,0.01,0.3,0.5,0.001,3.87086,2.3258
42,6,1,0.01,0.3,0.5,0.001,3.89792,2.35376
43,6,1,0.01,0.3,0.5,0.001,3.84299,2.26368
44,6,1,0.01,0.3,0.5,0.001,3.92665,2.38056
45,6,1,0.01,0.3,0.5,0.001,3.95967,2.45097
46,6,1,0.01,0.3,0.5,0.001,3.87756,2.31789
47,6,1,0.01,0.3,0.5,0.001,3.89501,2.35399
48,6,1,0.01,0.3,0.5,0.001,3.90943,2.36181
49,6,1,0.01,0.3,0.5,0.001,3.97604,2.45275
50,6,1,0.01,0.3,0.5,0.001,4.09986,2.67138
51,6,1,0.01,0.3,0.5,0.001,3.87357,2.32565
52,6,1,0.01,0.3,0.5,0.001,3.99412,2.4965
53,6,1,0.01,0.3,0.5,0.001,3.84849,2.27477
54,6,1,0.01,0.3,0.5,0.001,3.92061,2.39244
55,6,1,0.01,0.3,0.5,0.001,4.01014,2.51585
56,6,1,0.01,0.3,0.5,0.001,4.15539,2.77215
57,6,1,0.01,0.3,0.5,0.001,3.96801,2.44108
58,6,1,0.01,0.3,0.5,0.001,3.96172,2.45199
59,6,1,0.01,0.3,0.5,0.001,3.96016,2.44711
60,6,1,0.01,0.3,0.5,0.001,4.02701,2.54454
61,6,1,0.01,0.3,0.5,0.001,3.86464,2.28278
62,6,1,0.01,0.3,0.5,0.001,3.90312,2.35562
63,6,1,0.01,0.3,0.5,0.001,4.09693,2.66135
64,6,1,0.01,0.3,0.5,0.001,4.0632,2.62232
65,6,1,0.01,0.3,0.5,0.001,4.06444,2.60475
66,6,1,0.01,0.3,0.5,0.001,3.94475,2.42532
67,6,1,0.01,0.3,0.5,0.001,3.95562,2.41998
68,6,1,0.01,0.3,0.5,0.001,3.77154,2.21543
69,6,1,0.01,0.3,0.5,0.001,4.00278,2.5074
70,6,1,0.01,0.3,0.5,0.001,3.90624,2.36289
71,6,1,0.01,0.3,0.5,0.001,3.81633,2.19901
72,6,1,0.01,0.3,0.5,0.001,4.05362,2.58575
73,6,1,0.01,0.3,0.5,0.001,3.84053,2.26976
74,6,1,0.01,0.3,0.5,0.001,3.95801,2.42112
75,6,1,0.01,0.3,0.5,0.001,3.89939,2.36235
76,6,1,0.01,0.3,0.5,0.001,3.95925,2.43396
77,6,1,0.01,0.3,0.5,0.001,4.00277,2.50586
78,6,1,0.01,0.3,0.5,0.001,3.81308,2.22081
79,6,1,0.01,0.3,0.5,0.001,3.98667,2.4814
80,6,1,0.01,0.3,0.5,0.001,3.99796,2.51069
81,6,1,0.01,0.3,0.5,0.001,4.11899,2.67916
82,6,1,0.01,0.3,0.5,0.001,3.87989,2.33515
83,6,1,0.01,0.3,0.5,0.001,3.81107,2.19628
84,6,1,0.01,0.3,0.5,0.001,3.79512,2.19088
85,6,1,0.01,0.3,0.5,0.001,3.92205,2.38505
86,6,1,0.01,0.3,0.5,0.001,3.8781,2.29214
87,6,1,0.01,0.3,0.5,0.001,3.94832,2.42679
88,6,1,0.01,0.3,0.5,0.001,3.98848,2.49969
89,6,1,0.01,0.3,0.5,0.001,3.86102,2.31605
90,6,1,0.01,0.3,0.5,0.001,3.89828,2.34476
91,6,1,0.01,0.3,0.5,0.001,4.04331,2.59491
92,6,1,0.01,0.3,0.5,0.001,4.16185,2.80447
93,6,1,0.01,0.3,0.5,0.001,4.1139,2.6856
94,6,1,0.01,0.3,0.5,0.001,4.07503,2.66764
95,6,1,0.01,0.3,0.5,0.001,3.95033,2.4395
96,6,1,0.01,0.3,0.5,0.001,3.86644,2.30481
97,6,1,0.01,0.3,0.5,0.001,3.98424,2.522
98,6,1,0.01,0.3,0.5,0.001,3.91852,2.37817
99,6,1,0.01,0.3,0.5,0.001,4.00611,2.48899
0,6,1,0.05,0.3,0.5,0.001,2.15541,2.07975
1,6,1,0.05,0.3,0.5,0.001,1.97145,1.88743
2,6,1,0.05,0.3,0.5,0.001,2.30116,2.21763
3,6,1,0.05,0.3,0.5,0.001,2.24285,2.15697
4,6,1,0.05,0.3,0.5,0.001,1.9761,1.87331
5,6,1,0.05,0.3,0.5,0.001,2.14463,2.05141
6,6,1,0.05,0.3,0.5,0.001,2.0486,1.94369
7,6,1,0.05,0.3,0.5,0.001,2.12425,2.01579
8,6,1,0.05,0.3,0.5,0.001,2.19468,2.10845
9,6,1,0.05,0.3,0.5,0.001,2.05153,1.96683
10,6,1,0.05,0.3,0.5,0.001,2.30994,2.22798
11,6,1,0.05,0.3,0.5,0.001,2.16974,2.09681
12,6,1,0.05,0.3,0.5,0.001,2.3123,2.22898
13,6,1,0.05,0.3,0.5,0.001,2.00797,1.90317
14,6,1,0.05,0.3,0.5,0.001,2.21912,2.13283
15,6,1,0.05,0.3,0.5,0.001,2.32681,2.24577
16,6,1,0.05,0.3,0.5,0.001,2.07117,1.9659
17,6,1,0.05,0.3,0.5,0.001,2.21242,2.13372
18,6,1,0.05,0.3,0.5,0.001,2.27684,2.18766
19,6,1,0.05,0.3,0.5,0.001,2.25609,2.1795
20,6,1,0.05,0.3,0.5,0.001,2.07327,1.98323
21,6,1,0.05,0.3,0.5,0.001,2.03692,1.94685
22,6,1,0.05,0.3,0.5,0.001,2.01455,1.9072
23,6,1,0.05,0.3,0.5,0.001,2.09244,2.01269
24,6,1,0.05,0.3,0.5,0.001,2.10781,2.01356
25,6,1,0.05,0.3,0.5,0.001,1.75705,1.64622
26,6,1,0.05,0.3,0.5,0.001,2.0179,1.93747
27,6,1,0.05,0.3,0.5,0.001,2.24398,2.16078
28,6,1,0.05,0.3,0.5,0.001,2.24096,2.15513
29,6,1,0.05,0.3,0.5,0.001,1.94821,1.84584
30,6,1,0.05,0.3,0.5,0.001,2.13605,2.06131
31,6,1,0.05,0.3,0.5,0.001,2.24122,2.15991
32,6,1,0.05,0.3,0.5,0.001,2.49265,2.41451
33,6,1,0.05,0.3,0.5,0.001,2.26101,2.18954
34,6,1,0.05,0.3,0.5,0.001,2.35204,2.26405
35,6,1,0.05,0.3,0.5,0.001,2.26529,2.18184
36,6,1,0.05,0.3,0.5,0.001,2.25449,2.16633
37,6,1,0.05,0.3,0.5,0.001,2.20441,2.13521
38,6,1,0.05,0.3,0.5,0.001,2.03026,1.93899
39,6,1,0.05,0.3,0.5,0.001,2.18635,2.09097
40,6,1,0.05,0.3,0.5,0.001,2.37658,2.28965
41,6,1,0.05,0.3,0.5,0.001,2.19546,2.11263
42,6,1,0.05,0.3,0.5,0.001,2.0839,2.00461
43,6,1,0.05,0.3,0.5,0.001,2.60558,2.53538
44,6,1,0.05,0.3,0.5,0.001,2.10291,2.0093
45,6,1,0.05,0.3,0.5,0.001,2.15441,2.08975
46,6,1,0.05,0.3,0.5,0.001,2.2072,2.10309
47,6,1,0.05,0.3,0.5,0.001,2.22507,2.15311
48,6,1,0.05,0.3,0.5,0.001,2.47798,2.40353
49,6,1,0.05,0.3,0.5,0.001,2.27485,2.17153
50,6,1,0.05,0.3,0.5,0.001,2.26589,2.18355
51,6,1,0.05,0.3,0.5,0.001,1.90831,1.80378
52,6,1,0.05,0.3,0.5,0.001,2.40709,2.31934
53,6,1,0.05,0.3,0.5,0.001,2.08174,1.98243
54,6,1,0.05,0.3,0.5,0.001,2.2441,2.14578
55,6,1,0.05,0.3,0.5,0.001,2.28532,2.19959
56,6,1,0.05,0.3,0.5,0.001,2.17342,2.09413
57,6,1,0.05,0.3,0.5,0.001,2.16346,2.09306
58,6,1,0.05,0.3,0.5,0.001,1.85117,1.75256
59,6,1,0.05,0.3,0.5,0.001,2.10856,2.01374
60,6,1,0.05,0.3,0.5,0.001,2.18168,2.10179
61,6,1,0.05,0.3,0.5,0.001,2.04823,1.94045
62,6,1,0.05,0.3,0.5,0.001,2.11522,2.03211
63,6,1,0.05,0.3,0.5,0.001,2.13205,2.03885
64,6,1,0.05,0.3,0.5,0.001,2.00747,1.93777
65,6,1,0.05,0.3,0.5,0.001,2.00326,1.90418
66,6,1,0.05,0.3,0.5,0.001,2.06392,1.99823
67,6,1,0.05,0.3,0.5,0.001,2.09066,2.00525
68,6,1,0.05,0.3,0.5,0.001,2.35213,2.25908
69,6,1,0.05,0.3,0.5,0.001,2.2615,2.17699
70,6,1,0.05,0.3,0.5,0.001,2.15798,2.06026
71,6,1,0.05,0.3,0.5,0.001,2.03088,1.92803
72,6,1,0.05,0.3,0.5,0.001,2.1848,2.09916
73,6,1,0.05,0.3,0.5,0.001,2.16489,2.06815
74,6,1,0.05,0.3,0.5,0.001,1.98184,1.89689
75,6,1,0.05,0.3,0.5,0.001,2.28201,2.19518
76,6,1,0.05,0.3,0.5,0.001,1.89069,1.79249
77,6,1,0.05,0.3,0.5,0.001,2.07817,2.01046
78,6,1,0.05,0.3,0.5,0.001,2.47525,2.39808
79,6,1,0.05,0.3,0.5,0.001,2.11336,2.02857
80,6,1,0.05,0.3,0.5,0.001,2.15644,2.066
81,6,1,0.05,0.3,0.5,0.001,2.16811,2.06949
82,6,1,0.05,0.3,0.5,0.001,2.42862,2.35043
83,6,1,0.05,0.3,0.5,0.001,2.18331,2.09532
84,6,1,0.05,0.3,0.5,0.001,2.01909,1.93778
85,6,1,0.05,0.3,0.5,0.001,2.20534,2.1227
86,6,1,0.05,0.3,0.5,0.001,2.30849,2.22162
87,6,1,0.05,0.3,0.5,0.001,2.08086,2.02439
88,6,1,0.05,0.3,0.5,0.001,2.05186,1.96756
89,6,1,0.05,0.3,0.5,0.001,2.40178,2.31497
90,6,1,0.05,0.3,0.5,0.001,2.23781,2.13825
91,6,1,0.05,0.3,0.5,0.001,2.16509,2.06075
92,6,1,0.05,0.3,0.5,0.001,2.19808,2.10666
93,6,1,0.05,0.3,0.5,0.001,2.1929,2.09803
94,6,1,0.05,0.3,0.5,0.001,2.32531,2.23491
95,6,1,0.05,0.3,0.5,0.001,2.18831,2.09613
96,6,1,0.05,0.3,0.5,0.001,2.23137,2.15218
97,6,1,0.05,0.3,0.5,0.001,2.34409,2.25807
98,6,1,0.05,0.3,0.5,0.001,2.14258,2.05103
99,6,1,0.05,0.3,0.5,0.001,2.33101,2.24478
0,6,1,0.2,0.3,0.5,0.001,1.97831,1.98032
1,6,1,0.2,0.3,0.5,0.001,2.0029,2.00205
2,6,1,0.2,0.3,0.5,0.001,1.73216,1.73285
3,6,1,0.2,0.3,0.5,0.001,1.91747,1.91908
4,6,1,0.2,0.3,0.5,0.001,1.72783,1.72754
5,6,1,0.2,0.3,0.5,0.001,1.97455,1.97425
6,6,1,0.2,0.3,0.5,0.001,2.03078,2.03174
7,6,1,0.2,0.3,0.5,0.001,1.85156,1.8526
8,6,1,0.2,0.3,0.5,0.001,2.14659,2.14858
9,6,1,0.2,0.3,0.5,0.001,1.89986,1.89982
10,6,1,0.2,0.3,0.5,0.001,2.05054,2.05245
11,6,1,0.2,0.3,0.5,0.001,2.27265,2.26952
12,6,1,0.2,0.3,0.5,0.001,1.89495,1.89603
13,6,1,0.2,0.3,0.5,0.001,2.06396,2.06157
14,6,1,0.2,0.3,0.5,0.001,2.29923,2.29915
15,6,1,0.2,0.3,0.5,0.001,1.92522,1.92562
16,6,1,0.2,0.3,0.5,0.001,2.04452,2.04474
17,6,1,0.2,0.3,0.5,0.001,1.60398,1.60041
18,6,1,0.2,0.3,0.5,0.001,1.86793,1.86884
19,6,1,0.2,0.3,0.5,0.001,1.87566,1.87632
20,6,1,0.2,0.3,0.5,0.001,2.10061,2.09725
21,6,1,0.2,0.3,0.5,0.001,1.88402,1.88344
22,6,1,0.2,0.3,0.5,0.001,1.96434,1.96368
23,6,1,0.2,0.3,0.5,0.001,2.15043,2.14986
24,6,1,0.2,0.3,0.5,0.001,1.9847,1.98339
25,6,1,0.2,0.3,0.5,0.001,1.94001,1.93848
26,6,1,0.2,0.3,0.5,0.001,2.04576,2.04699
27,6,1,0.2,0.3,0.5,0.001,2.0309,2.03246
28,6,1,0.2,0.3,0.5,0.001,2.00826,2.00708
29,6,1,0.2,0.3,0.5,0.001,2.05234,2.0514
30,6,1,0.2,0.3,0.5,0.001,1.27789,1.27543
31,6,1,0.2,0.3,0.5,0.001,1.78419,1.7863
32,6,1,0.2,0.3,0.5,0.001,1.70334,1.70551
33,6,1,0.2,0.3,0.5,0.001,2.03359,2.03442
34,6,1,0.2,0.3,0.5,0.001,1.63395,1.63448
35,6,1,0.2,0.3,0.5,0.001,1.83509,1.83438
36,6,1,0.2,0.3,0.5,0.001,1.83778,1.83691
37,6,1,0.2,0.3,0.5,0.001,2.02044,2.02192
38,6,1,0.2,0.3,0.5,0.001,2.11044,2.10852
39,6,1,0.2,0.3,0.5,0.001,1.78053,1.78154
40,6,1,0.2,0.3,0.5,0.001,1.95241,1.95296
41,6,1,0.2,0.3,0.5,0.001,2.08984,2.09051
42,6,1,0.2,0.3,0.5,0.001,1.81635,1.81589
43,6,1,0.2,0.3,0.5,0.001,2.06729,2.06502
44,6,1,0.2,0.3,0.5,0.001,1.82242,1.81982
45,6,1,0.2,0.3,0.5,0.001,2.14049,2.13729
46,6,1,0.2,0.3,0.5,0.001,1.84408,1.84564
47,6,1,0.2,0.3,0.5,0.001,1.93586,1.93364
48,6,1,0.2,0.3,0.5,0.001,2.08102,2.08189
49,6,1,0.2,0.3,0.5,0.001,1.94471,1.94369
50,6,1,0.2,0.3,0.5,0.001,1.82518,1.82361
51,6,1,0.2,0.3,0.5,0.001,1.7212,1.72003
52,6,1,0.2,0.3,0.5,0.001,2.07391,2.07257
53,6,1,0.2,0.3,0.5,0.001,2.09043,2.08965
54,6,1,0.2,0.3,0.5,0.001,1.86086,1.85977
55,6,1,0.2,0.3,0.5,0.001,1.8707,1.8714
56,6,1,0.2,0.3,0.5,0.001,2.27424,2.27417
57,6,1,0.2,0.3,0.5,0.001,2.04135,2.0431
58,6,1,0.2,0.3,0.5,0.001,2.25885,2.25588
59,6,1,0.2,0.3,0.5,0.001,1.94099,1.93904
60,6,1,0.2,0.3,0.5,0.001,1.878,1.87436
61,6,1,0.2,0.3,0.5,0.001,1.89324,1.89337
62,6,1,0.2,0.3,0.5,0.001,1.98394,1.98218
63,6,1,0.2,0.3,0.5,0.001,2.12557,2.12491
64,6,1,0.2,0.3,0.5,0.001,1.98507,1.98305
65,6,1,0.2,0.3,0.5,0.001,1.86101,1.86112
66,6,1,0.2,0.3,0.5,0.001,2.07016,2.07222
67,6,1,0.2,0.3,0.5,0.001,2.00378,2.00437
68,6,1,0.2,0.3,0.5,0.001,2.00077,1.9993
69,6,1,0.2,0.3,0.5,0.001,1.69642,1.69657
70,6,1,0.2,0.3,0.5,0.001,2.00501,2.00421
71,6,1,0.2,0.3,0.5,0.001,1.9693,1.96983
72,6,1,0.2,0.3,0.5,0.001,1.99145,1.98986
73,6,1,0.2,0.3,0.5,0.001,1.82738,1.82771
74,6,1,0.2,0.3,0.5,0.001,1.99644,1.99731
75,6,1,0.2,0.3,0.5,0.001,2.05186,2.0517
76,6,1,0.2,0.3,0.5,0.001,2.02447,2.02516
77,6,1,0.2,0.3,0.5,0.001,2.04823,2.04783
78,6,1,0.2,0.3,0.5,0.001,1.85536,1.85632
79,6,1,0.2,0.3,0.5,0.001,1.96973,1.96873
80,6,1,0.2,0.3,0.5,0.001,1.83386,1.83545
81,6,1,0.2,0.3,0.5,0.001,1.93404,1.93418
82,6,1,0.2,0.3,0.5,0.001,1.95129,1.94988
83,6,1,0.2,0.3,0.5,0.001,1.92296,1.92501
84,6,1,0.2,0.3,0.5,0.001,2.17534,2.17313
85,6,1,0.2,0.3,0.5,0.001,1.96588,1.96518
86,6,1,0.2,0.3,0.5,0.001,1.95089,1.95286
87,6,1,0.2,0.3,0.5,0.001,2.05341,2.05513
88,6,1,0.2,0.3,0.5,0.001,2.058,2.05854
89,6,1,0.2,0.3,0.5,0.001,1.56416,1.56213
90,6,1,0.2,0.3,0.5,0.001,2.05468,2.05709
91,6,1,0.2,0.3,0.5,0.001,2.19304,2.19167
92,6,1,0.2,0.3,0.5,0.001,1.9494,1.94971
93,6,1,0.2,0.3,0.5,0.001,1.95098,1.95017
94,6,1,0.2,0.3,0.5,0.001,1.83874,1.8376
95,6,1,0.2,0.3,0.5,0.001,2.00164,2.00205
96,6,1,0.2,0.3,0.5,0.001,2.00742,2.00855
97,6,1,0.2,0.3,0.5,0.001,1.87821,1.87921
98,6,1,0.2,0.3,0.5,0.001,1.8742,1.87523
99,6,1,0.2,0.3,0.5,0.001,1.87068,1.86987
0,7,1,0.01,0.3,0.5,0.001,3.98041,2.51638
1,7,1,0.01,0.3,0.5,0.001,3.84314,2.32308
2,7,1,0.01,0.3,0.5,0.001,4.02336,2.56592
3,7,1,0.01,0.3,0.5,0.001,3.94873,2.46668
4,7,1,0.01,0.3,0.5,0.001,4.00028,2.53674
5,7,1,0.01,0.3,0.5,0.001,3.96721,2.46247
6,7,1,0.01,0.3,0.5,0.001,4.10994,2.70058
7,7,1,0.01,0.3,0.5,0.001,3.79456,2.25418
8,7,1,0.01,0.3,0.5,0.001,3.90904,2.41637
9,7,1,0.01,0.3,0.5,0.001,4.02068,2.59555
10,7,1,0.01,0.3,0.5,0.001,4.23895,2.88476
11,7,1,0.01,0.3,0.5,0.001,3.85352,2.29222
12,7,1,0.01,0.3,0.5,0.001,4.07639,2.64064
13,7,1,0.01,0.3,0.5,0.001,4.08606,2.67433
14,7,1,0.01,0.3,0.5,0.001,4.02377,2.56416
15,7,1,0.01,0.3,0.5,0.001,4.01161,2.57269
16,7,1,0.01,0.3,0.5,0.001,3.92098,2.39641
17,7,1,0.01,0.3,0.5,0.001,3.79446,2.26487
18,7,1,0.01,0.3,0.5,0.001,4.04169,2.57255
19,7,1,0.01,0.3,0.5,0.001,3.8628,2.34206
20,7,1,0.01,0.3,0.5,0.001,4.02424,2.58372
21,7,1,0.01,0.3,0.5,0.001,4.04008,2.56757
22,7,1,0.01,0.3,0.5,0.001,3.88721,2.34512
23,7,1,0.01,0.3,0.5,0.001,3.91459,2.40587
24,7,1,0.01,0.3,0.5,0.001,4.21789,2.88863
25,7,1,0.01,0.3,0.5,0.001,4.01559,2.56111
26,7,1,0.01,0.3,0.5,0.001,4.00593,2.53396
27,7,1,0.01,0.3,0.5,0.001,4.04657,2.57956
28,7,1,0.01,0.3,0.5,0.001,4.17656,2.79058
29,7,1,0.01,0.3,0.5,0.001,3.90673,2.40196
30,7,1,0.01,0.3,0.5,0.001,3.84044,2.34284
31,7,1,0.01,0.3,0.5,0.001,3.88442,2.34982
32,7,1,0.01,0.3,0.5,0.001,3.95009,2.44576
33,7,1,0.01,0.3,0.5,0.001,4.03588,2.58782
34,7,1,0.01,0.3,0.5,0.001,4.0213,2.56477
35,7,1,0.01,0.3,0.5,0.001,4.02105,2.55362
36,7,1,0.01,0.3,0.5,0.001,4.16858,2.79487
37,7,1,0.01,0.3,0.5,0.001,4.01048,2.5321
38,7,1,0.01,0.3,0.5,0.001,3.88252,2.3365
39,7,1,0.01,0.3,0.5,0.001,4.10818,2.66645
40,7,1,0.01,0.3,0.5,0.001,3.8515,2.27903
41,7,1,0.01,0.3,0.5,0.001,3.95827,2.45691
42,7,1,0.01,0.3,0.5,0.001,4.12421,2.74433
43,7,1,0.01,0.3,0.5,0.001,4.04808,2.578
44,7,1,0.01,0.3,0.5,0.001,3.80996,2.18232
45,7,1,0.01,0.3,0.5,0.001,3.99594,2.52604
46,7,1,0.01,0.3,0.5,0.001,4.00876,2.54108
47,7,1,0.01,0.3,0.5,0.001,3.96813,2.48897
48,7,1,0.01,0.3,0.5,0.001,3.97739,2.5054
49,7,1,0.01,0.3,0.5,0.001,3.96328,2.4881
50,7,1,0.01,0.3,0.5,0.001,4.07047,2.64679
51,7,1,0.01,0.3,0.5,0.001,3.94986,2.51162
52,7,1,0.01,0.3,0.5,0.001,3.80528,2.25102
53,7,1,0.01,0.3,0.5,0.001,4.05108,2.62091
54,7,1,0.01,0.3,0.5,0.001,3.87136,2.3335
55,7,1,0.01,0.3,0.5,0.001,3.89583,2.36039
56,7,1,0.01,0.3,0.5,0.001,3.90951,2.40012
57,7,1,0.01,0.3,0.5,0.001,4.00041,2.51568
58,7,1,0.01,0.3,0.5,0.001,3.88121,2.39421
59,7,1,0.01,0.3,0.5,0.001,4.02927,2.63343
60,7,1,0.01,0.3,0.5,0.001,3.89983,2.41157
61,7,1,0.01,0.3,0.5,0.001,4.00375,2.49782
62,7,1,0.01,0.3,0.5,0.001,4.10291,2.66149
63,7,1,0.01,0.3,0.5,0.001,3.96331,2.46232
64,7,1,0.01,0.3,0.5,0.001,4.10355,2.68447
65,7,1,0.01,0.3,0.5,0.001,3.96802,2.48389
66,7,1,0.01,0.3,0.5,0.001,4.01631,2.52395
67,7,1,0.01,0.3,0.5,0.001,4.00773,2.5458
68,7,1,0.01,0.3,0.5,0.001,3.95794,2.44866
69,7,1,0.01,0.3,0.5,0.001,3.92436,2.39461
70,7,1,0.01,0.3,0.5,0.001,3.87087,2.3387
71,7,1,0.01,0.3,0.5,0.001,4.03157,2.56904
72,7,1,0.01,0.3,0.5,0.001,3.89266,2.3932
73,7,1,0.01,0.3,0.5,0.001,3.9592,2.46165
74,7,1,0.01,0.3,0.5,0.001,3.81181,2.21585
75,7,1,0.01,0.3,0.5,0.001,3.8405,2.28589
76,7,1,0.01,0.3,0.5,0.001,4.00138,2.51427
77,7,1,0.01,0.3,0.5,0.001,3.99114,2.50625
78,7,1,0.01,0.3,0.5,0.001,3.99932,2.52306
79,7,1,0.01,0.3,0.5,0.001,3.96781,2.47559
80,7,1,0.01,0.3,0.5,0.001,3.92262,2.43113
81,7,1,0.01,0.3,0.5,0.001,3.96858,2.46077
82,7,1,0.01,0.3,0.5,0.001,4.00857,2.52729
83,7,1,0.01,0.3,0.5,0.001,3.90694,2.38426
84,7,1,0.01,0.3,0.5,0.001,3.82563,2.2602
85,7,1,0.01,0.3,0.5,0.001,4.0398,2.58521
86,7,1,0.01,0.3,0.5,0.001,3.93832,2.4219
87,7,1,0.01,0.3,0.5,0.001,3.9897,2.53326
88,7,1,0.01,0.3,0.5,0.001,3.9877,2.49532
89,7,1,0.01,0.3,0.5,0.001,3.87709,2.31164
90,7,1,0.01,0.3,0.5,0.001,3.74088,2.08971
91,7,1,0.01,0.3,0.5,0.001,3.91904,2.48802
92,7,1,0.01,0.3,0.5,0.001,3.96341,2.48177
93,7,1,0.01,0.3,0.5,0.001,3.87452,2.3568
94,7,1,0.01,0.3,0.5,0.001,3.78128,2.16781
95,7,1,0.01,0.3,0.5,0.001,4.07579,2.6499
96,7,1,0.01,0.3,0.5,0.001,4.02025,2.55994
97,7,1,0.01,0.3,0.5,0.001,4.18159,2.80096
98,7,1,0.01,0.3,0.5,0.001,4.18406,2.7881
99,7,1,0.01,0.3,0.5,0.001,4.03133,2.54951
0,7,1,0.05,0.3,0.5,0.001,2.18126,2.11386
1,7,1,0.05,0.3,0.5,0.001,2.1609,2.06483
2,7,1,0.05,0.3,0.5,0.001,2.35046,2.27497
3,7,1,0.05,0.3,0.5,0.001,2.37519,2.29568
4,7,1,0.05,0.3,0.5,0.001,2.19238,2.11219
5,7,1,0.05,0.3,0.5,0.001,2.38979,2.31861
6,7,1,0.05,0.3,0.5,0.001,2.14323,2.05865
7,7,1,0.05,0.3,0.5,0.001,2.26454,2.19666
8,7,1,0.05,0.3,0.5,0.001,2.21146,2.13066
9,7,1,0.05,0.3,0.5,0.001,1.99335,1.91338
10,7,1,0.05,0.3,0.5,0.001,2.12692,2.04239
11,7,1,0.05,0.3,0.5,0.001,2.13237,2.05512
12,7,1,0.05,0.3,0.5,0.001,1.94906,1.87762
13,7,1,0.05,0.3,0.5,0.001,2.32108,2.22449
14,7,1,0.05,0.3,0.5,0.001,2.46064,2.38422
15,7,1,0.05,0.3,0.5,0.001,1.8675,1.79872
16,7,1,0.05,0.3,0.5,0.001,2.15649,2.07675
17,7,1,0.05,0.3,0.5,0.001,2.06678,1.98094
18,7,1,0.05,0.3,0.5,0.001,2.04236,1.95138
19,7,1,0.05,0.3,0.5,0.001,1.91549,1.85093
20,7,1,0.05,0.3,0.5,0.001,1.90714,1.79936
21,7,1,0.05,0.3,0.5,0.001,2.20479,2.11902
22,7,1,0.05,0.3,0.5,0.001,2.20285,2.11378
23,7,1,0.05,0.3,0.5,0.001,1.96831,1.87189
24,7,1,0.05,0.3,0.5,0.001,2.48972,2.42004
25,7,1,0.05,0.3,0.5,0.001,2.20518,2.16875
26,7,1,0.05,0.3,0.5,0.001,2.35447,2.27908
27,7,1,0.05,0.3,0.5,0.001,2.15262,2.08537
28,7,1,0.05,0.3,0.5,0.001,2.01462,1.95381
29,7,1,0.05,0.3,0.5,0.001,2.01305,1.93342
30,7,1,0.05,0.3,0.5,0.001,2.02277,1.97424
31,7,1,0.05,0.3,0.5,0.001,1.99884,1.9346
32,7,1,0.05,0.3,0.5,0.001,2.5815,2.51292
33,7,1,0.05,0.3,0.5,0.001,2.25454,2.19622
34,7,1,0.05,0.3,0.5,0.001,2.01354,1.93142
35,7,1,0.05,0.3,0.5,0.001,2.38424,2.31095
36,7,1,0.05,0.3,0.5,0.001,2.3469,2.26529
37,7,1,0.05,0.3,0.5,0.001,2.29828,2.21047
38,7,1,0.05,0.3,0.5,0.001,2.25494,2.16061
39,7,1,0.05,0.3,0.5,0.001,2.18834,2.10982
40,7,1,0.05,0.3,0.5,0.001,2.09498,2.02303
41,7,1,0.05,0.3,0.5,0.001,2.15271,2.08408
42,7,1,0.05,0.3,0.5,0.001,1.85611,1.76668
43,7,1,0.05,0.3,0.5,0.001,1.84989,1.77108
44,7,1,0.05,0.3,0.5,0.001,2.30988,2.22692
45,7,1,0.05,0.3,0.5,0.001,2.34292,2.26068
46,7,1,0.05,0.3,0.5,0.001,2.27778,2.20577
47,7,1,0.05,0.3,0.5,0.001,2.40614,2.33233
48,7,1,0.05,0.3,0.5,0.001,2.19032,2.10002
49,7,1,0.05,0.3,0.5,0.001,2.22839,2.15148
50,7,1,0.05,0.3,0.5,0.001,2.35021,2.30137
51,7,1,0.05,0.3,0.5,0.001,2.31916,2.23707
52,7,1,0.05,0.3,0.5,0.001,2.33996,2.25968
53,7,1,0.05,0.3,0.5,0.001,2.19798,2.13262
54,7,1,0.05,0.3,0.5,0.001,2.24051,2.18235
55,7,1,0.05,0.3,0.5,0.001,2.26415,2.19366
56,7,1,0.05,0.3,0.5,0.001,2.00958,1.92568
57,7,1,0.05,0.3,0.5,0.001,2.10963,2.03257
58,7,1,0.05,0.3,0.5,0.001,2.29581,2.23996
59,7,1,0.05,0.3,0.5,0.001,2.15733,2.10047
60,7,1,0.05,0.3,0.5,0.001,2.21761,2.14978
61,7,1,0.05,0.3,0.5,0.001,2.13161,2.03828
62,7,1,0.05,0.3,0.5,0.001,2.19075,2.10659
63,7,1,0.05,0.3,0.5,0.001,2.57666,2.50152
64,7,1,0.05,0.3,0.5,0.001,2.47731,2.40549
65,7,1,0.05,0.3,0.5,0.001,2.02898,1.95699
66,7,1,0.05,0.3,0.5,0.001,2.47999,2.41309
67,7,1,0.05,0.3,0.5,0.001,2.10771,2.00865
68,7,1,0.05,0.3,0.5,0.001,2.16286,2.07274
69,7,1,0.05,0.3,0.5,0.001,2.116,2.03306
70,7,1,0.05,0.3,0.5,0.001,2.20692,2.11343
71,7,1,0.05,0.3,0.5,0.001,2.27847,2.19405
72,7,1,0.05,0.3,0.5,0.001,2.40476,2.30145
73,7,1,0.05,0.3,0.5,0.001,2.03358,1.9499
74,7,1,0.05,0.3,0.5,0.001,1.78198,1.69494
75,7,1,0.05,0.3,0.5,0.001,2.49538,2.44072
76,7,1,0.05,0.3,0.5,0.001,2.22417,2.14098
77,7,1,0.05,0.3,0.5,0.001,2.29028,2.19225
78,7,1,0.05,0.3,0.5,0.001,2.49955,2.41802
79,7,1,0.05,0.3,0.5,0.001,2.25223,2.16212
80,7,1,0.05,0.3,0.5,0.001,2.24296,2.17692
81,7,1,0.05,0.3,0.5,0.001,2.26109,2.16418
82,7,1,0.05,0.3,0.5,0.001,2.07017,1.9778
83,7,1,0.05,0.3,0.5,0.001,2.25448,2.18366
84,7,1,0.05,0.3,0.5,0.001,2.62817,2.55883
85,7,1,0.05,0.3,0.5,0.001,2.11829,2.04914
86,7,1,0.05,0.3,0.5,0.001,2.3157,2.22313
87,7,1,0.05,0.3,0.5,0.001,2.19252,2.12249
88,7,1,0.05,0.3,0.5,0.001,2.08832,2.01344
89,7,1,0.05,0.3,0.5,0.001,2.08113,1.98506
90,7,1,0.05,0.3,0.5,0.001,2.48037,2.39064
91,7,1,0.05,0.3,0.5,0.001,2.43855,2.36135
92,7,1,0.05,0.3,0.5,0.001,2.23578,2.15551
93,7,1,0.05,0.3,0.5,0.001,1.7543,1.66888
94,7,1,0.05,0.3,0.5,0.001,2.01144,1.92789
95,7,1,0.05,0.3,0.5,0.001,2.54523,2.47745
96,7,1,0.05,0.3,0.5,0.001,2.11801,2.06215
97,7,1,0.05,0.3,0.5,0.001,2.35326,2.26575
98,7,1,0.05,0.3,0.5,0.001,2.13817,2.04205
99,7,1,0.05,0.3,0.5,0.001,2.12542,2.03481
0,7,1,0.2,0.3,0.5,0.001,1.99923,2.00021
1,7,1,0.2,0.3,0.5,0.001,2.35421,2.35347
2,7,1,0.2,0.3,0.5,0.001,1.75939,1.75965
3,7,1,0.2,0.3,0.5,0.001,2.30411,2.30276
4,7,1,0.2,0.3,0.5,0.001,1.88444,1.88265
5,7,1,0.2,0.3,0.5,0.001,2.0857,2.08547
6,7,1,0.2,0.3,0.5,0.001,2.11526,2.11435
7,7,1,0.2,0.3,0.5,0.001,1.94285,1.94292
8,7,1,0.2,0.3,0.5,0.001,1.86129,1.86192
9,7,1,0.2,0.3,0.5,0.001,1.70741,1.70809
10,7,1,0.2,0.3,0.5,0.001,2.28568,2.28617
11,7,1,0.2,0.3,0.5,0.001,2.09281,2.09343
12,7,1,0.2,0.3,0.5,0.001,1.98083,1.98098
13,7,1,0.2,0.3,0.5,0.001,2.06728,2.06502
14,7,1,0.2,0.3,0.5,0.001,1.52141,1.51928
15,7,1,0.2,0.3,0.5,0.001,2.15539,2.15617
16,7,1,0.2,0.3,0.5,0.001,1.5338,1.53256
17,7,1,0.2,0.3,0.5,0.001,2.39103,2.39015
18,7,1,0.2,0.3,0.5,0.001,2.28625,2.28614
19,7,1,0.2,0.3,0.5,0.001,2.04997,2.05022
20,7,1,0.2,0.3,0.5,0.001,2.17457,2.17514
21,7,1,0.2,0.3,0.5,0.001,2.12055,2.11961
22,7,1,0.2,0.3,0.5,0.001,2.04659,2.0454
23,7,1,0.2,0.3,0.5,0.001,2.10351,2.10337
24,7,1,0.2,0.3,0.5,0.001,2.05694,2.05321
25,7,1,0.2,0.3,0.5,0.001,2.10459,2.10392
26,7,1,0.2,0.3,0.5,0.001,2.56234,2.5609
27,7,1,0.2,0.3,0.5,0.001,2.15148,2.15418
28,7,1,0.2,0.3,0.5,0.001,2.33342,2.3319
29,7,1,0.2,0.3,0.5,0.001,2.03463,2.03574
30,7,1,0.2,0.3,0.5,0.001,2.09908,2.09914
31,7,1,0.2,0.3,0.5,0.001,1.99269,1.9899
32,7,1,0.2,0.3,0.5,0.001,2.24525,2.24372
33,7,1,0.2,0.3,0.5,0.001,2.21724,2.21724
34,7,1,0.2,0.3,0.5,0.001,1.96046,1.96172
35,7,1,0.2,0.3,0.5,0.001,1.69735,1.69861
36,7,1,0.2,0.3,0.5,0.001,2.08752,2.08788
37,7,1,0.2,0.3,0.5,0.001,1.83585,1.83593
38,7,1,0.2,0.3,0.5,0.001,1.81917,1.81867
39,7,1,0.2,0.3,0.5,0.001,2.30371,2.30216
40,7,1,0.2,0.3,0.5,0.001,1.86981,1.86947
41,7,1,0.2,0.3,0.5,0.001,2.41134,2.41246
42,7,1,0.2,0.3,0.5,0.001,2.12121,2.12176
43,7,1,0.2,0.3,0.5,0.001,2.37445,2.37489
44,7,1,0.2,0.3,0.5,0.001,1.59788,1.59678
45,7,1,0.2,0.3,0.5,0.001,2.31229,2.31294
46,7,1,0.2,0.3,0.5,0.001,2.0365,2.03449
47,7,1,0.2,0.3,0.5,0.001,2.05307,2.05327
48,7,1,0.2,0.3,0.5,0.001,1.93266,1.93294
49,7,1,0.2,0.3,0.5,0.001,2.46388,2.46199
50,7,1,0.2,0.3,0.5,0.001,1.58468,1.5832
51,7,1,0.2,0.3,0.5,0.001,2.09944,2.09837
52,7,1,0.2,0.3,0.5,0.001,2.13087,2.13192
53,7,1,0.2,0.3,0.5,0.001,2.39504,2.39773
54,7,1,0.2,0.3,0.5,0.001,1.82714,1.82673
55,7,1,0.2,0.3,0.5,0.001,2.13611,2.1372
56,7,1,0.2,0.3,0.5,0.001,2.23255,2.23236
57,7,1,0.2,0.3,0.5,0.001,1.73779,1.73691
58,7,1,0.2,0.3,0.5,0.001,2.0593,2.05796
59,7,1,0.2,0.3,0.5,0.001,2.07514,2.07335
60,7,1,0.2,0.3,0.5,0.001,2.21305,2.21209
61,7,1,0.2,0.3,0.5,0.001,1.96641,1.96655
62,7,1,0.2,0.3,0.5,0.001,2.11353,2.11296
63,7,1,0.2,0.3,0.5,0.001,2.09316,2.0917
64,7,1,0.2,0.3,0.5,0.001,2.16736,2.16829
65,7,1,0.2,0.3,0.5,0.001,2.33493,2.33167
66,7,1,0.2,0.3,0.5,0.001,1.86412,1.86367
67,7,1,0.2,0.3,0.5,0.001,2.00758,2.0094
68,7,1,0.2,0.3,0.5,0.001,2.16228,2.1619
69,7,1,0.2,0.3,0.5,0.001,2.13076,2.13311
70,7,1,0.2,0.3,0.5,0.001,2.18675,2.18796
71,7,1,0.2,0.3,0.5,0.001,2.25435,2.25319
72,7,1,0.2,0.3,0.5,0.001,2.27967,2.27976
73,7,1,0.2,0.3,0.5,0.001,2.22164,2.21909
74,7,1,0.2,0.3,0.5,0.001,2.30483,2.30687
75,7,1,0.2,0.3,0.5,0.001,2.02468,2.0219
76,7,1,0.2,0.3,0.5,0.001,2.09476,2.09306
77,7,1,0.2,0.3,0.5,0.001,2.12132,2.12133
78,7,1,0.2,0.3,0.5,0.001,2.2007,2.20079
79,7,1,0.2,0.3,0.5,0.001,1.95896,1.95812
80,7,1,0.2,0.3,0.5,0.001,2.41695,2.41815
81,7,1,0.2,0.3,0.5,0.001,2.22633,2.2255
82,7,1,0.2,0.3,0.5,0.001,2.0307,2.02996
83,7,1,0.2,0.3,0.5,0.001,2.13636,2.13651
84,7,1,0.2,0.3,0.5,0.001,2.34971,2.34996
85,7,1,0.2,0.3,0.5,0.001,2.08961,2.09073
86,7,1,0.2,0.3,0.5,0.001,2.15509,2.15313
87,7,1,0.2,0.3,0.5,0.001,1.70966,1.70872
88,7,1,0.2,0.3,0.5,0.001,2.14438,2.14488
89,7,1,0.2,0.3,0.5,0.001,2.2185,2.21773
90,7,1,0.2,0.3,0.5,0.001,2.17137,2.17096
91,7,1,0.2,0.3,0.5,0.001,2.14561,2.14539
92,7,1,0.2,0.3,0.5,0.001,2.05653,2.05633
93,7,1,0.2,0.3,0.5,0.001,2.08022,2.08129
94,7,1,0.2,0.3,0.5,0.001,1.77908,1.77941
95,7,1,0.2,0.3,0.5,0.001,2.17112,2.16885
96,7,1,0.2,0.3,0.5,0.001,2.32953,2.32918
97,7,1,0.2,0.3,0.5,0.001,1.593,1.59273
98,7,1,0.2,0.3,0.5,0.001,1.9234,1.92607
99,7,1,0.2,0.3,0.5,0.001,2.29517,2.29418
0,8,1,0.01,0.3,0.5,0.001,4.10294,2.67208
1,8,1,0.01,0.3,0.5,0.001,4.21591,2.8735
2,8,1,0.01,0.3,0.5,0.001,4.10399,2.7186
3,8,1,0.01,0.3,0.5,0.001,4.07578,2.64827
4,8,1,0.01,0.3,0.5,0.001,3.79819,2.25788
5,8,1,0.01,0.3,0.5,0.001,3.87379,2.34243
6,8,1,0.01,0.3,0.5,0.001,3.85012,2.3228
7,8,1,0.01,0.3,0.5,0.001,4.02437,2.58872
8,8,1,0.01,0.3,0.5,0.001,3.89735,2.39614
9,8,1,0.01,0.3,0.5,0.001,3.95132,2.46608
10,8,1,0.01,0.3,0.5,0.001,4.12847,2.72043
11,8,1,0.01,0.3,0.5,0.001,3.97327,2.46967
12,8,1,0.01,0.3,0.5,0.001,3.91681,2.3795
13,8,1,0.01,0.3,0.5,0.001,4.21266,2.84061
14,8,1,0.01,0.3,0.5,0.001,3.90165,2.3531
15,8,1,0.01,0.3,0.5,0.001,4.1508,2.76171
16,8,1,0.01,0.3,0.5,0.001,4.15514,2.78738
17,8,1,0.01,0.3,0.5,0.001,4.17751,2.81859
18,8,1,0.01,0.3,0.5,0.001,3.98736,2.5362
19,8,1,0.01,0.3,0.5,0.001,3.94829,2.4767
20,8,1,0.01,0.3,0.5,0.001,3.91442,2.41925
21,8,1,0.01,0.3,0.5,0.001,3.98416,2.52855
22,8,1,0.01,0.3,0.5,0.001,3.89648,2.40154
23,8,1,0.01,0.3,0.5,0.001,4.02675,2.5836
24,8,1,0.01,0.3,0.5,0.001,4.09179,2.65072
25,8,1,0.01,0.3,0.5,0.001,3.95274,2.43564
26,8,1,0.01,0.3,0.5,0.001,3.86458,2.32934
27,8,1,0.01,0.3,0.5,0.001,4.07211,2.64711
28,8,1,0.01,0.3,0.5,0.001,4.08238,2.62419
29,8,1,0.01,0.3,0.5,0.001,4.1284,2.72418
30,8,1,0.01,0.3,0.5,0.001,3.86534,2.32009
31,8,1,0.01,0.3,0.5,0.001,4.11319,2.66662
32,8,1,0.01,0.3,0.5,0.001,3.97668,2.48245
33,8,1,0.01,0.3,0.5,0.001,3.97853,2.48813
34,8,1,0.01,0.3,0.5,0.001,3.95794,2.51831
35,8,1,0.01,0.3,0.5,0.001,3.84403,2.29406
36,8,1,0.01,0.3,0.5,0.001,4.04153,2.60176
37,8,1,0.01,0.3,0.5,0.001,3.97874,2.52846
38,8,1,0.01,0.3,0.5,0.001,4.02557,2.54494
39,8,1,0.01,0.3,0.5,0.001,3.92762,2.42868
40,8,1,0.01,0.3,0.5,0.001,3.91638,2.4371
41,8,1,0.01,0.3,0.5,0.001,3.92455,2.43394
42,8,1,0.01,0.3,0.5,0.001,4.07385,2.65955
43,8,1,0.01,0.3,0.5,0.001,3.99248,2.5567
44,8,1,0.01,0.3,0.5,0.001,3.99416,2.5275
45,8,1,0.01,0.3,0.5,0.001,3.96527,2.47849
46,8,1,0.01,0.3,0.5,0.001,3.85751,2.29766
47,8,1,0.01,0.3,0.5,0.001,4.06358,2.63326
48,8,1,0.01,0.3,0.5,0.001,4.26947,2.92935
49,8,1,0.01,0.3,0.5,0.001,3.86565,2.36059
50,8,1,0.01,0.3,0.5,0.001,4.07204,2.67132
51,8,1,0.01,0.3,0.5,0.001,4.06044,2.62966
52,8,1,0.01,0.3,0.5,0.001,3.98691,2.54089
53,8,1,0.01,0.3,0.5,0.001,3.84345,2.32025
54,8,1,0.01,0.3,0.5,0.001,4.07734,2.66725
55,8,1,0.01,0.3,0.5,0.001,4.10451,2.68972
56,8,1,0.01,0.3,0.5,0.001,4.0341,2.58082
57,8,1,0.01,0.3,0.5,0.001,4.00075,2.54448
58,8,1,0.01,0.3,0.5,0.001,4.03115,2.636
59,8,1,0.01,0.3,0.5,0.001,4.17714,2.80801
60,8,1,0.01,0.3,0.5,0.001,4.14914,2.76783
61,8,1,0.01,0.3,0.5,0.001,4.02537,2.56777
62,8,1,0.01,0.3,0.5,0.001,4.1827,2.79066
63,8,1,0.01,0.3,0.5,0.001,3.91989,2.41972
64,8,1,0.01,0.3,0.5,0.001,4.11688,2.71812
65,8,1,0.01,0.3,0.5,0.001,3.78148,2.18769
66,8,1,0.01,0.3,0.5,0.001,4.05895,2.68785
67,8,1,0.01,0.3,0.5,0.001,4.1142,2.75466
68,8,1,0.01,0.3,0.5,0.001,3.75183,2.14448
69,8,1,0.01,0.3,0.5,0.001,3.96125,2.47612
70,8,1,0.01,0.3,0.5,0.001,4.11057,2.70081
71,8,1,0.01,0.3,0.5,0.001,3.86368,2.3275
72,8,1,0.01,0.3,0.5,0.001,3.87338,2.31171
73,8,1,0.01,0.3,0.5,0.001,3.99266,2.51114
74,8,1,0.01,0.3,0.5,0.001,4.11374,2.69085
75,8,1,0.01,0.3,0.5,0.001,4.16146,2.77335
76,8,1,0.01,0.3,0.5,0.001,4.03103,2.58748
77,8,1,0.01,0.3,0.5,0.001,4.11115,2.72366
78,8,1,0.01,0.3,0.5,0.001,3.88356,2.36761
79,8,1,0.01,0.3,0.5,0.001,4.27569,2.94344
80,8,1,0.01,0.3,0.5,0.001,4.00721,2.54337
81,8,1,0.01,0.3,0.5,0.001,3.84268,2.30993
82,8,1,0.01,0.3,0.5,0.001,4.13633,2.76367
83,8,1,0.01,0.3,0.5,0.001,3.83535,2.29406
84,8,1,0.01,0.3,0.5,0.001,4.22056,2.84499
85,8,1,0.01,0.3,0.5,0.001,4.16514,2.81263
86,8,1,0.01,0.3,0.5,0.001,4.11609,2.71973
87,8,1,0.01,0.3,0.5,0.001,3.90517,2.42056
88,8,1,0.01,0.3,0.5,0.001,3.97624,2.49876
89,8,1,0.01,0.3,0.5,0.001,3.77217,2.21022
90,8,1,0.01,0.3,0.5,0.001,4.0552,2.6153
91,8,1,0.01,0.3,0.5,0.001,4.01239,2.57435
92,8,1,0.01,0.3,0.5,0.001,3.81962,2.27523
93,8,1,0.01,0.3,0.5,0.001,3.83907,2.30094
94,8,1,0.01,0.3,0.5,0.001,3.94919,2.45989
95,8,1,0.01,0.3,0.5,0.001,4.1153,2.71937
96,8,1,0.01,0.3,0.5,0.001,4.34278,3.03504
97,8,1,0.01,0.3,0.5,0.001,3.84183,2.29485
98,8,1,0.01,0.3,0.5,0.001,3.99171,2.55649
99,8,1,0.01,0.3,0.5,0.001,4.07033,2.65106
0,8,1,0.05,0.3,0.5,0.001,2.46043,2.39728
1,8,1,0.05,0.3,0.5,0.001,2.35868,2.28579
2,8,1,0.05,0.3,0.5,0.001,2.69748,2.60856
3,8,1,0.05,0.3,0.5,0.001,2.36392,2.29502
4,8,1,0.05,0.3,0.5,0.001,2.38449,2.31591
5,8,1,0.05,0.3,0.5,0.001,2.36584,2.3226
6,8,1,0.05,0.3,0.5,0.001,2.73766,2.67929
7,8,1,0.05,0.3,0.5,0.001,2.48256,2.39739
8,8,1,0.05,0.3,0.5,0.001,2.24477,2.18712
9,8,1,0.05,0.3,0.5,0.001,2.24303,2.1575
10,8,1,0.05,0.3,0.5,0.001,2.41057,2.33912
11,8,1,0.05,0.3,0.5,0.001,2.52175,2.4331
12,8,1,0.05,0.3,0.5,0.001,2.22781,2.16004
13,8,1,0.05,0.3,0.5,0.001,2.36681,2.3022
14,8,1,0.05,0.3,0.5,0.001,2.28805,2.19827
15,8,1,0.05,0.3,0.5,0.001,2.40525,2.35034
16,8,1,0.05,0.3,0.5,0.001,2.10232,2.03042
17,8,1,0.05,0.3,0.5,0.001,2.20068,2.13651
18,8,1,0.05,0.3,0.5,0.001,2.55086,2.48102
19,8,1,0.05,0.3,0.5,0.001,2.50256,2.42418
20,8,1,0.05,0.3,0.5,0.001,2.13632,2.06287
21,8,1,0.05,0.3,0.5,0.001,2.04098,1.98961
22,8,1,0.05,0.3,0.5,0.001,2.44029,2.36717
23,8,1,0.05,0.3,0.5,0.001,2.16374,2.11331
24,8,1,0.05,0.3,0.5,0.001,2.27095,2.21305
25,8,1,0.05,0.3,0.5,0.001,2.2196,2.16424
26,8,1,0.05,0.3,0.5,0.001,2.6175,2.5366
27,8,1,0.05,0.3,0.5,0.001,2.25748,2.20125
28,8,1,0.05,0.3,0.5,0.001,2.33139,2.25032
29,8,1,0.05,0.3,0.5,0.001,2.64597,2.56333
30,8,1,0.05,0.3,0.5,0.001,2.7271,2.66174
31,8,1,0.05,0.3,0.5,0.001,2.09552,2.02834
32,8,1,0.05,0.3,0.5,0.001,2.13614,2.08158
33,8,1,0.05,0.3,0.5,0.001,2.32603,2.23797
34,8,1,0.05,0.3,0.5,0.001,2.45652,2.385
35,8,1,0.05,0.3,0.5,0.001,2.56165,2.49385
36,8,1,0.05,0.3,0.5,0.001,2.48628,2.42385
37,8,1,0.05,0.3,0.5,0.001,2.32484,2.25887
38,8,1,0.05,0.3,0.5,0.001,2.54901,2.47191
39,8,1,0.05,0.3,0.5,0.001,2.21987,2.15557
40,8,1,0.05,0.3,0.5,0.001,2.2424,2.16407
41,8,1,0.05,0.3,0.5,0.001,2.24371,2.18745
42,8,1,0.05,0.3,0.5,0.001,2.24195,2.17363
43,8,1,0.05,0.3,0.5,0.001,2.32107,2.28092
44,8,1,0.05,0.3,0.5,0.001,2.41175,2.32926
45,8,1,0.05,0.3,0.5,0.001,2.71452,2.63905
46,8,1,0.05,0.3,0.5,0.001,2.2141,2.13246
47,8,1,0.05,0.3,0.5,0.001,2.39162,2.33281
48,8,1,0.05,0.3,0.5,0.001,2.44661,2.36676
49,8,1,0.05,0.3,0.5,0.001,2.51794,2.451
50,8,1,0.05,0.3,0.5,0.001,2.37502,2.29991
51,8,1,0.05,0.3,0.5,0.001,2.48214,2.42262
52,8,1,0.05,0.3,0.5,0.001,2.8604,2.7946
53,8,1,0.05,0.3,0.5,0.001,2.45016,2.40014
54,8,1,0.05,0.3,0.5,0.001,2.25101,2.19466
55,8,1,0.05,0.3,0.5,0.001,2.34746,2.27997
56,8,1,0.05,0.3,0.5,0.001,2.19885,2.13422
57,8,1,0.05,0.3,0.5,0.001,2.51272,2.45679
58,8,1,0.05,0.3,0.5,0.001,2.36342,2.28692
59,8,1,0.05,0.3,0.5,0.001,2.53045,2.45162
60,8,1,0.05,0.3,0.5,0.001,2.61107,2.53879
61,8,1,0.05,0.3,0.5,0.001,2.36541,2.29717
62,8,1,0.05,0.3,0.5,0.001,2.22897,2.13977
63,8,1,0.05,0.3,0.5,0.001,2.44826,2.37877
64,8,1,0.05,0.3,0.5,0.001,2.49921,2.42762
65,8,1,0.05,0.3,0.5,0.001,2.56569,2.47958
66,8,1,0.05,0.3,0.5,0.001,2.11105,2.01207
67,8,1,0.05,0.3,0.5,0.001,2.55821,2.49096
68,8,1,0.05,0.3,0.5,0.001,2.16767,2.10256
69,8,1,0.05,0.3,0.5,0.001,2.40335,2.32805
70,8,1,0.05,0.3,0.5,0.001,2.1902,2.12435
71,8,1,0.05,0.3,0.5,0.001,2.40343,2.3259
72,8,1,0.05,0.3,0.5,0.001,2.54615,2.47833
73,8,1,0.05,0.3,0.5,0.001,2.57107,2.49321
74,8,1,0.05,0.3,0.5,0.001,2.26081,2.16678
75,8,1,0.05,0.3,0.5,0.001,2.39998,2.33991
76,8,1,0.05,0.3,0.5,0.001,2.40448,2.32294
77,8,1,0.05,0.3,0.5,0.001,2.50106,2.42371
78,8,1,0.05,0.3,0.5,0.001,2.42604,2.36996
79,8,1,0.05,0.3,0.5,0.001,2.41322,2.32958
80,8,1,0.05,0.3,0.5,0.001,2.51858,2.44494
81,8,1,0.05,0.3,0.5,0.001,2.41262,2.34622
82,8,1,0.05,0.3,0.5,0.001,2.33033,2.25956
83,8,1,0.05,0.3,0.5,0.001,2.33973,2.26507
84,8,1,0.05,0.3,0.5,0.001,2.35082,2.27569
85,8,1,0.05,0.3,0.5,0.001,2.55064,2.4767
86,8,1,0.05,0.3,0.5,0.001,2.96931,2.91541
87,8,1,0.05,0.3,0.5,0.001,2.30062,2.21664
88,8,1,0.05,0.3,0.5,0.001,2.53236,2.45573
89,8,1,0.05,0.3,0.5,0.001,2.6086,2.53611
90,8,1,0.05,0.3,0.5,0.001,2.39802,2.3154
91,8,1,0.05,0.3,0.5,0.001,2.41252,2.32981
92,8,1,0.05,0.3,0.5,0.001,2.24638,2.20195
93,8,1,0.05,0.3,0.5,0.001,2.65972,2.58284
94,8,1,0.05,0.3,0.5,0.001,2.49174,2.3986
95,8,1,0.05,0.3,0.5,0.001,2.65596,2.57798
96,8,1,0.05,0.3,0.5,0.001,2.25341,2.19572
97,8,1,0.05,0.3,0.5,0.001,2.19588,2.10535
98,8,1,0.05,0.3,0.5,0.001,2.24864,2.18113
99,8,1,0.05,0.3,0.5,0.001,2.25725,2.18945
0,8,1,0.2,0.3,0.5,0.001,2.04034,2.03955
1,8,1,0.2,0.3,0.5,0.001,2.1753,2.17665
2,8,1,0.2,0.3,0.5,0.001,2.31112,2.31202
3,8,1,0.2,0.3,0.5,0.001,2.36696,2.36797
4,8,1,0.2,0.3,0.5,0.001,2.45846,2.45813
5,8,1,0.2,0.3,0.5,0.001,2.38606,2.38603
6,8,1,0.2,0.3,0.5,0.001,2.11015,2.11127
7,8,1,0.2,0.3,0.5,0.001,2.36183,2.36368
8,8,1,0.2,0.3,0.5,0.001,1.86246,1.86286
9,8,1,0.2,0.3,0.5,0.001,2.44813,2.44794
10,8,1,0.2,0.3,0.5,0.001,2.16632,2.16428
11,8,1,0.2,0.3,0.5,0.001,2.35181,2.35315
12,8,1,0.2,0.3,0.5,0.001,2.35165,2.35031
13,8,1,0.2,0.3,0.5,0.001,2.66863,2.66765
14,8,1,0.2,0.3,0.5,0.001,2.32576,2.32497
15,8,1,0.2,0.3,0.5,0.001,2.43176,2.43296
16,8,1,0.2,0.3,0.5,0.001,2.48052,2.47675
17,8,1,0.2,0.3,0.5,0.001,2.21752,2.21812
18,8,1,0.2,0.3,0.5,0.001,2.14681,2.14835
19,8,1,0.2,0.3,0.5,0.001,2.23661,2.23355
20,8,1,0.2,0.3,0.5,0.001,2.34062,2.34089
21,8,1,0.2,0.3,0.5,0.001,2.19487,2.19488
22,8,1,0.2,0.3,0.5,0.001,2.19075,2.19302
23,8,1,0.2,0.3,0.5,0.001,2.18543,2.1829
24,8,1,0.2,0.3,0.5,0.001,2.56322,2.56382
25,8,1,0.2,0.3,0.5,0.001,1.92811,1.92653
26,8,1,0.2,0.3,0.5,0.001,1.95074,1.95096
27,8,1,0.2,0.3,0.5,0.001,2.21251,2.21281
28,8,1,0.2,0.3,0.5,0.001,2.27344,2.27201
29,8,1,0.2,0.3,0.5,0.001,2.03356,2.03534
30,8,1,0.2,0.3,0.5,0.001,2.168,2.16885
31,8,1,0.2,0.3,0.5,0.001,1.80429,1.80286
32,8,1,0.2,0.3,0.5,0.001,2.02068,2.02064
33,8,1,0.2,0.3,0.5,0.001,2.42174,2.42151
34,8,1,0.2,0.3,0.5,0.001,1.89577,1.89619
35,8,1,0.2,0.3,0.5,0.001,2.33469,2.33696
36,8,1,0.2,0.3,0.5,0.001,2.44872,2.4471
37,8,1,0.2,0.3,0.5,0.001,2.00636,2.00822
38,8,1,0.2,0.3,0.5,0.001,2.3218,2.32198
39,8,1,0.2,0.3,0.5,0.001,2.25031,2.24825
40,8,1,0.2,0.3,0.5,0.001,2.25223,2.25135
41,8,1,0.2,0.3,0.5,0.001,2.34942,2.34751
42,8,1,0.2,0.3,0.5,0.001,2.08351,2.08362
43,8,1,0.2,0.3,0.5,0.001,1.98279,1.98516
44,8,1,0.2,0.3,0.5,0.001,1.97443,1.97211
45,8,1,0.2,0.3,0.5,0.001,1.94458,1.94536
46,8,1,0.2,0.3,0.5,0.001,2.25647,2.25827
47,8,1,0.2,0.3,0.5,0.001,2.0759,2.07756
48,8,1,0.2,0.3,0.5,0.001,2.44593,2.44711
49,8,1,0.2,0.3,0.5,0.001,2.0338,2.0318
50,8,1,0.2,0.3,0.5,0.001,2.48228,2.47942
51,8,1,0.2,0.3,0.5,0.001,2.19714,2.19784
52,8,1,0.2,0.3,0.5,0.001,2.03219,2.03268
53,8,1,0.2,0.3,0.5,0.001,1.94675,1.94574
54,8,1,0.2,0.3,0.5,0.001,2.27785,2.27903
55,8,1,0.2,0.3,0.5,0.001,2.225,2.22425
56,8,1,0.2,0.3,0.5,0.001,2.534,2.53201
57,8,1,0.2,0.3,0.5,0.001,1.94189,1.94163
58,8,1,0.2,0.3,0.5,0.001,1.92224,1.9201
59,8,1,0.2,0.3,0.5,0.001,2.37609,2.37394
60,8,1,0.2,0.3,0.5,0.001,1.56137,1.55995
61,8,1,0.2,0.3,0.5,0.001,2.50904,2.50851
62,8,1,0.2,0.3,0.5,0.001,2.14901,2.14925
63,8,1,0.2,0.3,0.5,0.001,2.01578,2.0175
64,8,1,0.2,0.3,0.5,0.001,2.33872,2.33926
65,8,1,0.2,0.3,0.5,0.001,2.38624,2.38646
66,8,1,0.2,0.3,0.5,0.001,2.36819,2.37057
67,8,1,0.2,0.3,0.5,0.001,2.53605,2.53441
68,8,1,0.2,0.3,0.5,0.001,1.82436,1.82551
69,8,1,0.2,0.3,0.5,0.001,2.41833,2.41867
70,8,1,0.2,0.3,0.5,0.001,2.59035,2.58986
71,8,1,0.2,0.3,0.5,0.001,1.85069,1.85086
72,8,1,0.2,0.3,0.5,0.001,2.42903,2.42945
73,8,1,0.2,0.3,0.5,0.001,2.17764,2.17741
74,8,1,0.2,0.3,0.5,0.001,2.73533,2.73531
75,8,1,0.2,0.3,0.5,0.001,1.92149,1.92162
76,8,1,0.2,0.3,0.5,0.001,2.45832,2.45746
77,8,1,0.2,0.3,0.5,0.001,2.25607,2.25669
78,8,1,0.2,0.3,0.5,0.001,2.2998,2.30196
79,8,1,0.2,0.3,0.5,0.001,2.10274,2.10178
80,8,1,0.2,0.3,0.5,0.001,2.22823,2.22791
81,8,1,0.2,0.3,0.5,0.001,2.30856,2.309
82,8,1,0.2,0.3,0.5,0.001,2.05114,2.05012
83,8,1,0.2,0.3,0.5,0.001,1.89283,1.89351
84,8,1,0.2,0.3,0.5,0.001,2.03255,2.03388
85,8,1,0.2,0.3,0.5,0.001,2.07019,2.06891
86,8,1,0.2,0.3,0.5,0.001,2.42286,2.42318
87,8,1,0.2,0.3,0.5,0.001,2.2126,2.2141
88,8,1,0.2,0.3,0.5,0.001,3.04705,3.04606
89,8,1,0.2,0.3,0.5,0.001,2.36204,2.3614
90,8,1,0.2,0.3,0.5,0.001,2.30359,2.30359
91,8,1,0.2,0.3,0.5,0.001,2.03939,2.04091
92,8,1,0.2,0.3,0.5,0.001,2.4667,2.46762
93,8,1,0.2,0.3,0.5,0.001,2.45396,2.45373
94,8,1,0.2,0.3,0.5,0.001,2.13285,2.13424
95,8,1,0.2,0.3,0.5,0.001,2.14102,2.1423
96,8,1,0.2,0.3,0.5,0.001,2.51868,2.51555
97,8,1,0.2,0.3,0.5,0.001,2.33229,2.33152
98,8,1,0.2,0.3,0.5,0.001,2.26135,2.26179
99,8,1,0.2,0.3,0.5,0.001,2.4247,2.42349
0,10,1,0.01,0.3,0.5,0.001,3.89471,2.40068
1,10,1,0.01,0.3,0.5,0.001,3.83919,2.32678
2,10,1,0.01,0.3,0.5,0.001,4.1422,2.79934
3,10,1,0.01,0.3,0.5,0.001,3.86911,2.39669
4,10,1,0.01,0.3,0.5,0.001,3.98696,2.58805
5,10,1,0.01,0.3,0.5,0.001,3.80516,2.3773
6,10,1,0.01,0.3,0.5,0.001,4.27039,2.94041
7,10,1,0.01,0.3,0.5,0.001,4.14287,2.79481
8,10,1,0.01,0.3,0.5,0.001,4.03042,2.63757
9,10,1,0.01,0.3,0.5,0.001,3.87586,2.51623
10,10,1,0.01,0.3,0.5,0.001,3.71442,2.13673
11,10,1,0.01,0.3,0.5,0.001,4.1271,2.7923
12,10,1,0.01,0.3,0.5,0.001,3.88952,2.46623
13,10,1,0.01,0.3,0.5,0.001,4.11755,2.75392
14,10,1,0.01,0.3,0.5,0.001,3.82211,2.37026
15,10,1,0.01,0.3,0.5,0.001,4.13191,2.77511
16,10,1,0.01,0.3,0.5,0.001,3.99479,2.61867
17,10,1,0.01,0.3,0.5,0.001,3.8216,2.2709
18,10,1,0.01,0.3,0.5,0.001,4.06908,2.66184
19,10,1,0.01,0.3,0.5,0.001,3.98596,2.55282
20,10,1,0.01,0.3,0.5,0.001,3.77159,2.17048
21,10,1,0.01,0.3,0.5,0.001,3.86586,2.35828
22,10,1,0.01,0.3,0.5,0.001,4.03503,2.64679
23,10,1,0.01,0.3,0.5,0.001,4.26217,2.97457
24,10,1,0.01,0.3,0.5,0.001,3.93834,2.51727
25,10,1,0.01,0.3,0.5,0.001,3.96474,2.55708
26,10,1,0.01,0.3,0.5,0.001,4.01368,2.61558
27,10,1,0.01,0.3,0.5,0.001,4.15266,2.80499
28,10,1,0.01,0.3,0.5,0.001,4.16537,2.77734
29,10,1,0.01,0.3,0.5,0.001,3.82905,2.37487
30,10,1,0.01,0.3,0.5,0.001,3.97918,2.54009
31,10,1,0.01,0.3,0.5,0.001,3.95325,2.47833
32,10,1,0.01,0.3,0.5,0.001,4.20438,2.91404
33,10,1,0.01,0.3,0.5,0.001,4.41843,3.17201
34,10,1,0.01,0.3,0.5,0.001,4.18077,2.88809
35,10,1,0.01,0.3,0.5,0.001,3.91427,2.43521
36,10,1,0.01,0.3,0.5,0.001,4.10133,2.75544
37,10,1,0.01,0.3,0.5,0.001,3.94121,2.52659
38,10,1,0.01,0.3,0.5,0.001,4.08887,2.76547
39,10,1,0.01,0.3,0.5,0.001,4.06095,2.68597
40,10,1,0.01,0.3,0.5,0.001,3.97327,2.50962
41,10,1,0.01,0.3,0.5,0.001,3.9043,2.44559
42,10,1,0.01,0.3,0.5,0.001,3.97229,2.65566
43,10,1,0.01,0.3,0.5,0.001,4.20343,2.86554
44,10,1,0.01,0.3,0.5,0.001,4.04726,2.64321
45,10,1,0.01,0.3,0.5,0.001,3.94085,2.46175
46,10,1,0.01,0.3,0.5,0.001,4.34707,3.09579
47,10,1,0.01,0.3,0.5,0.001,4.05099,2.66968
48,10,1,0.01,0.3,0.5,0.001,4.22893,2.91216
49,10,1,0.01,0.3,0.5,0.001,4.02645,2.67553
50,10,1,0.01,0.3,0.5,0.001,3.76212,2.2204
51,10,1,0.01,0.3,0.5,0.001,3.92712,2.4453
52,10,1,0.01,0.3,0.5,0.001,3.87592,2.43072
53,10,1,0.01,0.3,0.5,0.001,3.72438,2.17226
54,10,1,0.01,0.3,0.5,0.001,3.76924,2.2273
55,10,1,0.01,0.3,0.5,0.001,3.81783,2.24641
56,10,1,0.01,0.3,0.5,0.001,4.02222,2.5752
57,10,1,0.01,0.3,0.5,0.001,3.90434,2.42031
58,10,1,0.01,0.3,0.5,0.001,4.03628,2.66577
59,10,1,0.01,0.3,0.5,0.001,4.02372,2.65197
60,10,1,0.01,0.3,0.5,0.001,3.95216,2.49669
61,10,1,0.01,0.3,0.5,0.001,3.86602,2.383
62,10,1,0.01,0.3,0.5,0.001,4.33882,3.0221
63,10,1,0.01,0.3,0.5,0.001,4.15457,2.81408
64,10,1,0.01,0.3,0.5,0.001,4.28628,2.9845
65,10,1,0.01,0.3,0.5,0.001,4.14185,2.82679
66,10,1,0.01,0.3,0.5,0.001,4.05433,2.66538
67,10,1,0.01,0.3,0.5,0.001,3.96228,2.60524
68,10,1,0.01,0.3,0.5,0.001,3.8574,2.45587
69,10,1,0.01,0.3,0.5,0.001,3.87217,2.43034
70,10,1,0.01,0.3,0.5,0.001,4.23468,2.90912
71,10,1,0.01,0.3,0.5,0.001,3.87309,2.39762
72,10,1,0.01,0.3,0.5,0.001,4.10397,2.73572
73,10,1,0.01,0.3,0.5,0.001,4.12381,2.7531
74,10,1,0.01,0.3,0.5,0.001,4.22411,2.8696
75,10,1,0.01,0.3,0.5,0.001,3.80289,2.2714
76,10,1,0.01,0.3,0.5,0.001,3.87562,2.41569
77,10,1,0.01,0.3,0.5,0.001,3.92377,2.47158
78,10,1,0.01,0.3,0.5,0.001,3.71163,2.22929
79,10,1,0.01,0.3,0.5,0.001,4.26311,2.98917
80,10,1,0.01,0.3,0.5,0.001,4.25068,2.9462
81,10,1,0.01,0.3,0.5,0.001,3.98194,2.56142
82,10,1,0.01,0.3,0.5,0.001,3.98879,2.58943
83,10,1,0.01,0.3,0.5,0.001,3.80731,2.28809
84,10,1,0.01,0.3,0.5,0.001,3.80904,2.30898
85,10,1,0.01,0.3,0.5,0.001,4.02258,2.6103
86,10,1,0.01,0.3,0.5,0.001,4.29815,2.9969
87,10,1,0.01,0.3,0.5,0.001,3.87882,2.41687
88,10,1,0.01,0.3,0.5,0.001,4.13625,2.76786
89,10,1,0.01,0.3,0.5,0.001,3.87128,2.40113
90,10,1,0.01,0.3,0.5,0.001,3.90338,2.48174
91,10,1,0.01,0.3,0.5,0.001,3.92546,2.45422
92,10,1,0.01,0.3,0.5,0.001,4.12924,2.78678
93,10,1,0.01,0.3,0.5,0.001,4.0703,2.64611
94,10,1,0.01,0.3,0.5,0.001,3.9719,2.49544
95,10,1,0.01,0.3,0.5,0.001,3.93541,2.5679
96,10,1,0.01,0.3,0.5,0.001,4.3706,3.09429
97,10,1,0.01,0.3,0.5,0.001,3.91414,2.49816
98,10,1,0.01,0.3,0.5,0.001,3.80633,2.30272
99,10,1,0.01,0.3,0.5,0.001,3.97477,2.59237
0,10,1,0.05,0.3,0.5,0.001,2.41432,2.34601
1,10,1,0.05,0.3,0.5,0.001,2.4959,2.45706
2,10,1,0.05,0.3,0.5,0.001,2.84908,2.79706
3,10,1,0.05,0.3,0.5,0.001,2.52969,2.44328
4,10,1,0.05,0.3,0.5,0.001,2.29798,2.22616
5,10,1,0.05,0.3,0.5,0.001,2.9346,2.86873
6,10,1,0.05,0.3,0.5,0.001,2.26165,2.20907
7,10,1,0.05,0.3,0.5,0.001,2.47811,2.42752
8,10,1,0.05,0.3,0.5,0.001,2.53701,2.49298
9,10,1,0.05,0.3,0.5,0.001,2.62646,2.57792
10,10,1,0.05,0.3,0.5,0.001,2.36593,2.30083
11,10,1,0.05,0.3,0.5,0.001,2.68473,2.63492
12,10,1,0.05,0.3,0.5,0.001,2.55209,2.51813
13,10,1,0.05,0.3,0.5,0.001,2.23347,2.19035
14,10,1,0.05,0.3,0.5,0.001,2.13245,2.06141
15,10,1,0.05,0.3,0.5,0.001,2.55106,2.49528
16,10,1,0.05,0.3,0.5,0.001,2.51845,2.44187
17,10,1,0.05,0.3,0.5,0.001,2.26296,2.22867
18,10,1,0.05,0.3,0.5,0.001,2.60806,2.53839
19,10,1,0.05,0.3,0.5,0.001,1.88537,1.81189
20,10,1,0.05,0.3,0.5,0.001,2.64978,2.60949
21,10,1,0.05,0.3,0.5,0.001,2.53986,2.48843
22,10,1,0.05,0.3,0.5,0.001,2.48358,2.41132
23,10,1,0.05,0.3,0.5,0.001,2.40989,2.36138
24,10,1,0.05,0.3,0.5,0.001,2.32187,2.30353
25,10,1,0.05,0.3,0.5,0.001,2.599,2.56601
26,10,1,0.05,0.3,0.5,0.001,2.37133,2.32016
27,10,1,0.05,0.3,0.5,0.001,2.71458,2.68751
28,10,1,0.05,0.3,0.5,0.001,2.40198,2.34062
29,10,1,0.05,0.3,0.5,0.001,2.50875,2.43978
30,10,1,0.05,0.3,0.5,0.001,2.78057,2.72258
31,10,1,0.05,0.3,0.5,0.001,2.66498,2.61343
32,10,1,0.05,0.3,0.5,0.001,2.52264,2.49187
33,10,1,0.05,0.3,0.5,0.001,1.89637,1.84113
34,10,1,0.05,0.3,0.5,0.001,2.88649,2.85499
35,10,1,0.05,0.3,0.5,0.001,2.45129,2.3636
36,10,1,0.05,0.3,0.5,0.001,2.20702,2.14226
37,10,1,0.05,0.3,0.5,0.001,2.29924,2.2368
38,10,1,0.05,0.3,0.5,0.001,2.32525,2.27877
39,10,1,0.05,0.3,0.5,0.001,2.11421,2.07899
40,10,1,0.05,0.3,0.5,0.001,2.05453,1.97708
41,10,1,0.05,0.3,0.5,0.001,2.22129,2.15096
42,10,1,0.05,0.3,0.5,0.001,2.46111,2.4133
43,10,1,0.05,0.3,0.5,0.001,2.78198,2.7218
44,10,1,0.05,0.3,0.5,0.001,2.77743,2.72634
45,10,1,0.05,0.3,0.5,0.001,2.4747,2.41039
46,10,1,0.05,0.3,0.5,0.001,2.77986,2.73058
47,10,1,0.05,0.3,0.5,0.001,3.2568,3.20387
48,10,1,0.05,0.3,0.5,0.001,2.63058,2.58185
49,10,1,0.05,0.3,0.5,0.001,2.30919,2.26568
50,10,1,0.05,0.3,0.5,0.001,2.2256,2.20716
51,10,1,0.05,0.3,0.5,0.001,2.17218,2.10125
52,10,1,0.05,0.3,0.5,0.001,2.41705,2.38353
53,10,1,0.05,0.3,0.5,0.001,2.2454,2.16074
54,10,1,0.05,0.3,0.5,0.001,2.75969,2.6791
55,10,1,0.05,0.3,0.5,0.001,2.38125,2.29768
56,10,1,0.05,0.3,0.5,0.001,2.60798,2.54039
57,10,1,0.05,0.3,0.5,0.001,2.28003,2.22818
58,10,1,0.05,0.3,0.5,0.001,2.39608,2.31532
59,10,1,0.05,0.3,0.5,0.001,3.33908,3.29141
60,10,1,0.05,0.3,0.5,0.001,2.56716,2.49235
61,10,1,0.05,0.3,0.5,0.001,2.33909,2.27154
62,10,1,0.05,0.3,0.5,0.001,2.55598,2.51168
63,10,1,0.05,0.3,0.5,0.001,2.83048,2.7642
64,10,1,0.05,0.3,0.5,0.001,1.9703,1.88106
65,10,1,0.05,0.3,0.5,0.001,2.2306,2.16793
66,10,1,0.05,0.3,0.5,0.001,2.2312,2.16285
67,10,1,0.05,0.3,0.5,0.001,2.33147,2.2807
68,10,1,0.05,0.3,0.5,0.001,2.2132,2.16364
69,10,1,0.05,0.3,0.5,0.001,1.97976,1.92741
70,10,1,0.05,0.3,0.5,0.001,2.36144,2.29963
71,10,1,0.05,0.3,0.5,0.001,1.95104,1.86267
72,10,1,0.05,0.3,0.5,0.001,2.83329,2.78807
73,10,1,0.05,0.3,0.5,0.001,2.34422,2.26057
74,10,1,0.05,0.3,0.5,0.001,2.48075,2.43292
75,10,1,0.05,0.3,0.5,0.001,2.67682,2.61962
76,10,1,0.05,0.3,0.5,0.001,2.60287,2.53784
77,10,1,0.05,0.3,0.5,0.001,2.31267,2.2499
78,10,1,0.05,0.3,0.5,0.001,2.42769,2.40289
79,10,1,0.05,0.3,0.5,0.001,2.16595,2.11411
80,10,1,0.05,0.3,0.5,0.001,2.36253,2.29329
81,10,1,0.05,0.3,0.5,0.001,2.67604,2.61476
82,10,1,0.05,0.3,0.5,0.001,2.52123,2.47042
83,10,1,0.05,0.3,0.5,0.001,2.58974,2.5419
84,10,1,0.05,0.3,0.5,0.001,2.55451,2.50431
85,10,1,0.05,0.3,0.5,0.001,2.30965,2.27125
86,10,1,0.05,0.3,0.5,0.001,2.42609,2.39036
87,10,1,0.05,0.3,0.5,0.001,2.40807,2.35968
88,10,1,0.05,0.3,0.5,0.001,2.24384,2.20396
89,10,1,0.05,0.3,0.5,0.001,2.11058,2.07104
90,10,1,0.05,0.3,0.5,0.001,2.88491,2.82035
91,10,1,0.05,0.3,0.5,0.001,2.65011,2.59603
92,10,1,0.05,0.3,0.5,0.001,2.2285,2.19192
93,10,1,0.05,0.3,0.5,0.001,2.74609,2.69538
94,10,1,0.05,0.3,0.5,0.001,2.59289,2.5489
95,10,1,0.05,0.3,0.5,0.001,2.00015,1.94332
96,10,1,0.05,0.3,0.5,0.001,2.35083,2.29764
97,10,1,0.05,0.3,0.5,0.001,2.40461,2.34996
98,10,1,0.05,0.3,0.5,0.001,2.32746,2.25237
99,10,1,0.05,0.3,0.5,0.001,2.53909,2.49029
0,10,1,0.2,0.3,0.5,0.001,2.18288,2.18268
1,10,1,0.2,0.3,0.5,0.001,2.7431,2.74068
2,10,1,0.2,0.3,0.5,0.001,2.39443,2.39436
3,10,1,0.2,0.3,0.5,0.001,2.68687,2.68546
4,10,1,0.2,0.3,0.5,0.001,2.31004,2.3105
5,10,1,0.2,0.3,0.5,0.001,2.65431,2.65399
6,10,1,0.2,0.3,0.5,0.001,2.08878,2.08926
7,10,1,0.2,0.3,0.5,0.001,2.72029,2.71959
8,10,1,0.2,0.3,0.5,0.001,2.0149,2.01526
9,10,1,0.2,0.3,0.5,0.001,2.30789,2.30463
10,10,1,0.2,0.3,0.5,0.001,2.66284,2.66245
11,10,1,0.2,0.3,0.5,0.001,2.33113,2.33122
12,10,1,0.2,0.3,0.5,0.001,2.65664,2.65705
13,10,1,0.2,0.3,0.5,0.001,2.72163,2.72108
14,10,1,0.2,0.3,0.5,0.001,2.2289,2.22874
15,10,1,0.2,0.3,0.5,0.001,2.22323,2.22327
16,10,1,0.2,0.3,0.5,0.001,2.68096,2.67964
17,10,1,0.2,0.3,0.5,0.001,2.60108,2.60098
18,10,1,0.2,0.3,0.5,0.001,2.36722,2.36794
19,10,1,0.2,0.3,0.5,0.001,2.73153,2.73151
20,10,1,0.2,0.3,0.5,0.001,2.24923,2.24842
21,10,1,0.2,0.3,0.5,0.001,2.21842,2.21699
22,10,1,0.2,0.3,0.5,0.001,2.25339,2.25186
23,10,1,0.2,0.3,0.5,0.001,2.77043,2.77081
24,10,1,0.2,0.3,0.5,0.001,2.19327,2.1941
25,10,1,0.2,0.3,0.5,0.001,2.08536,2.08249
26,10,1,0.2,0.3,0.5,0.001,2.17502,2.17393
27,10,1,0.2,0.3,0.5,0.001,2.58577,2.58498
28,10,1,0.2,0.3,0.5,0.001,2.52491,2.52447
29,10,1,0.2,0.3,0.5,0.001,2.29565,2.29433
30,10,1,0.2,0.3,0.5,0.001,2.64739,2.6479
31,10,1,0.2,0.3,0.5,0.001,2.10202,2.10191
32,10,1,0.2,0.3,0.5,0.001,2.43416,2.43432
33,10,1,0.2,0.3,0.5,0.001,2.54842,2.54725
34,10,1,0.2,0.3,0.5,0.001,2.73763,2.73817
35,10,1,0.2,0.3,0.5,0.001,2.60498,2.60405
36,10,1,0.2,0.3,0.5,0.001,2.34844,2.34866
37,10,1,0.2,0.3,0.5,0.001,2.13223,2.13226
38,10,1,0.2,0.3,0.5,0.001,2.41202,2.41304
39,10,1,0.2,0.3,0.5,0.001,2.44947,2.44971
40,10,1,0.2,0.3,0.5,0.001,2.47122,2.46937
41,10,1,0.2,0.3,0.5,0.001,2.38938,2.39052
42,10,1,0.2,0.3,0.5,0.001,2.15656,2.1579
43,10,1,0.2,0.3,0.5,0.001,2.01754,2.01843
44,10,1,0.2,0.3,0.5,0.001,2.19665,2.19832
45,10,1,0.2,0.3,0.5,0.001,2.63785,2.63682
46,10,1,0.2,0.3,0.5,0.001,1.92352,1.9215
47,10,1,0.2,0.3,0.5,0.001,2.57409,2.57513
48,10,1,0.2,0.3,0.5,0.001,2.14727,2.14814
49,10,1,0.2,0.3,0.5,0.001,2.10413,2.10327
50,10,1,0.2,0.3,0.5,0.001,2.48096,2.48028
51,10,1,0.2,0.3,0.5,0.001,2.29826,2.29836
52,10,1,0.2,0.3,0.5,0.001,2.06262,2.06346
53,10,1,0.2,0.3,0.5,0.001,1.97865,1.97811
54,10,1,0.2,0.3,0.5,0.001,2.46342,2.46484
55,10,1,0.2,0.3,0.5,0.001,2.28789,2.28711
56,10,1,0.2,0.3,0.5,0.001,2.1819,2.1824
57,10,1,0.2,0.3,0.5,0.001,2.56349,2.56388
58,10,1,0.2,0.3,0.5,0.001,2.39429,2.39385
59,10,1,0.2,0.3,0.5,0.001,2.29048,2.28907
60,10,1,0.2,0.3,0.5,0.001,2.27976,2.27794
61,10,1,0.2,0.3,0.5,0.001,2.40847,2.40984
62,10,1,0.2,0.3,0.5,0.001,2.35909,2.35919
63,10,1,0.2,0.3,0.5,0.001,2.04903,2.04853
64,10,1,0.2,0.3,0.5,0.001,2.34231,2.34164
65,10,1,0.2,0.3,0.5,0.001,2.2775,2.27821
66,10,1,0.2,0.3,0.5,0.001,2.23098,2.22956
67,10,1,0.2,0.3,0.5,0.001,2.25064,2.25103
68,10,1,0.2,0.3,0.5,0.001,2.12997,2.12807
69,10,1,0.2,0.3,0.5,0.001,2.23042,2.22809
70,10,1,0.2,0.3,0.5,0.001,2.15227,2.15184
71,10,1,0.2,0.3,0.5,0.001,1.99951,1.99994
72,10,1,0.2,0.3,0.5,0.001,2.56747,2.56745
73,10,1,0.2,0.3,0.5,0.001,2.62681,2.62445
74,10,1,0.2,0.3,0.5,0.001,2.04981,2.05057
75,10,1,0.2,0.3,0.5,0.001,2.5608,2.56071
76,10,1,0.2,0.3,0.5,0.001,2.61022,2.60735
77,10,1,0.2,0.3,0.5,0.001,2.81518,2.81325
78,10,1,0.2,0.3,0.5,0.001,2.49296,2.49164
79,10,1,0.2,0.3,0.5,0.001,2.01672,2.01758
80,10,1,0.2,0.3,0.5,0.001,2.06931,2.06917
81,10,1,0.2,0.3,0.5,0.001,1.84843,1.84816
82,10,1,0.2,0.3,0.5,0.001,2.64505,2.6447
83,10,1,0.2,0.3,0.5,0.001,2.40336,2.40391
84,10,1,0.2,0.3,0.5,0.001,2.92042,2.92275
85,10,1,0.2,0.3,0.5,0.001,2.27661,2.27713
86,10,1,0.2,0.3,0.5,0.001,2.33343,2.33421
87,10,1,0.2,0.3,0.5,0.001,2.422,2.42183
88,10,1,0.2,0.3,0.5,0.001,2.46953,2.47091
89,10,1,0.2,0.3,0.5,0.001,1.96925,1.96823
90,10,1,0.2,0.3,0.5,0.001,2.92777,2.92628
91,10,1,0.2,0.3,0.5,0.001,1.68558,1.68409
92,10,1,0.2,0.3,0.5,0.001,2.01801,2.01912
93,10,1,0.2,0.3,0.5,0.001,2.35994,2.36066
94,10,1,0.2,0.3,0.5,0.001,2.50563,2.5047
95,10,1,0.2,0.3,0.5,0.001,2.22033,2.2213
96,10,1,0.2,0.3,0.5,0.001,2.20075,2.20013
97,10,1,0.2,0.3,0.5,0.001,2.60538,2.60597
98,10,1,0.2,0.3,0.5,0.001,2.59421,2.59118
99,10,1,0.2,0.3,0.5,0.001,2.36259,2.36285
0,11,1,0.01,0.3,0.5,0.001,3.77178,2.22596
1,11,1,0.01,0.3,0.5,0.001,4.46579,3.21939
2,11,1,0.01,0.3,0.5,0.001,3.86498,2.38864
3,11,1,0.01,0.3,0.5,0.001,4.06155,2.66642
4,11,1,0.01,0.3,0.5,0.001,4.24561,2.95936
5,11,1,0.01,0.3,0.5,0.001,3.89097,2.46693
6,11,1,0.01,0.3,0.5,0.001,4.1518,2.83579
7,11,1,0.01,0.3,0.5,0.001,3.93549,2.52772
8,11,1,0.01,0.3,0.5,0.001,3.76999,2.30574
9,11,1,0.01,0.3,0.5,0.001,3.8229,2.37395
10,11,1,0.01,0.3,0.5,0.001,3.853,2.48935
11,11,1,0.01,0.3,0.5,0.001,3.96311,2.53388
12,11,1,0.01,0.3,0.5,0.001,3.81194,2.30507
13,11,1,0.01,0.3,0.5,0.001,4.22763,2.96642
14,11,1,0.01,0.3,0.5,0.001,3.89515,2.43261
15,11,1,0.01,0.3,0.5,0.001,3.95505,2.5707
16,11,1,0.01,0.3,0.5,0.001,4.35497,3.11841
17,11,1,0.01,0.3,0.5,0.001,4.04582,2.70344
18,11,1,0.01,0.3,0.5,0.001,3.95449,2.55256
19,11,1,0.01,0.3,0.5,0.001,3.9966,2.55353
20,11,1,0.01,0.3,0.5,0.001,4.08775,2.68538
21,11,1,0.01,0.3,0.5,0.001,3.83049,2.31348
22,11,1,0.01,0.3,0.5,0.001,3.89939,2.48454
23,11,1,0.01,0.3,0.5,0.001,4.09326,2.75046
24,11,1,0.01,0.3,0.5,0.001,4.23426,2.9868
25,11,1,0.01,0.3,0.5,0.001,3.70553,2.15721
26,11,1,0.01,0.3,0.5,0.001,4.00637,2.61058
27,11,1,0.01,0.3,0.5,0.001,3.95241,2.56969
28,11,1,0.01,0.3,0.5,0.001,4.11973,2.78134
29,11,1,0.01,0.3,0.5,0.001,3.7834,2.22642
30,11,1,0.01,0.3,0.5,0.001,4.22645,2.93741
31,11,1,0.01,0.3,0.5,0.001,3.88199,2.39382
32,11,1,0.01,0.3,0.5,0.001,4.21271,2.95268
33,11,1,0.01,0.3,0.5,0.001,3.82069,2.25012
34,11,1,0.01,0.3,0.5,0.001,3.86175,2.4171
35,11,1,0.01,0.3,0.5,0.001,4.12184,2.77725
36,11,1,0.01,0.3,0.5,0.001,4.22155,2.87898
37,11,1,0.01,0.3,0.5,0.001,3.83039,2.37368
38,11,1,0.01,0.3,0.5,0.001,4.09655,2.72145
39,11,1,0.01,0.3,0.5,0.001,3.82067,2.37338
40,11,1,0.01,0.3,0.5,0.001,3.95365,2.5137
41,11,1,0.01,0.3,0.5,0.001,3.82677,2.37522
42,11,1,0.01,0.3,0.5,0.001,4.02221,2.64648
43,11,1,0.01,0.3,0.5,0.001,4.03641,2.68785
44,11,1,0.01,0.3,0.5,0.001,3.7924,2.31135
45,11,1,0.01,0.3,0.5,0.001,3.93129,2.53598
46,11,1,0.01,0.3,0.5,0.001,3.97829,2.57616
47,11,1,0.01,0.3,0.5,0.001,4.1125,2.75147
48,11,1,0.01,0.3,0.5,0.001,4.14661,2.79273
49,11,1,0.01,0.3,0.5,0.001,4.17068,2.82662
50,11,1,0.01,0.3,0.5,0.001,3.89555,2.43297
51,11,1,0.01,0.3,0.5,0.001,4.32115,3.03195
52,11,1,0.01,0.3,0.5,0.001,3.90889,2.479
53,11,1,0.01,0.3,0.5,0.001,4.00463,2.64454
54,11,1,0.01,0.3,0.5,0.001,3.85634,2.33227
55,11,1,0.01,0.3,0.5,0.001,4.16194,2.80259
56,11,1,0.01,0.3,0.5,0.001,3.96758,2.7163
57,11,1,0.01,0.3,0.5,0.001,4.20498,2.91971
58,11,1,0.01,0.3,0.5,0.001,4.01785,2.59399
59,11,1,0.01,0.3,0.5,0.001,4.22643,2.90546
60,11,1,0.01,0.3,0.5,0.001,4.00447,2.62613
61,11,1,0.01,0.3,0.5,0.001,3.77602,2.26483
62,11,1,0.01,0.3,0.5,0.001,4.05696,2.6919
63,11,1,0.01,0.3,0.5,0.001,3.99629,2.56442
64,11,1,0.01,0.3,0.5,0.001,3.83213,2.36167
65,11,1,0.01,0.3,0.5,0.001,3.70094,2.17676
66,11,1,0.01,0.3,0.5,0.001,3.99724,2.56646
67,11,1,0.01,0.3,0.5,0.001,4.00775,2.58957
68,11,1,0.01,0.3,0.5,0.001,3.82646,2.32991
69,11,1,0.01,0.3,0.5,0.001,4.08371,2.72489
70,11,1,0.01,0.3,0.5,0.001,3.9811,2.56364
71,11,1,0.01,0.3,0.5,0.001,4.03299,2.68515
72,11,1,0.01,0.3,0.5,0.001,4.1969,2.8991
73,11,1,0.01,0.3,0.5,0.001,4.07788,2.75244
74,11,1,0.01,0.3,0.5,0.001,4.44002,3.21327
75,11,1,0.01,0.3,0.5,0.001,3.81716,2.36695
76,11,1,0.01,0.3,0.5,0.001,3.84735,2.37625
77,11,1,0.01,0.3,0.5,0.001,3.69215,2.07737
78,11,1,0.01,0.3,0.5,0.001,3.80975,2.37088
79,11,1,0.01,0.3,0.5,0.001,3.84521,2.39789
80,11,1,0.01,0.3,0.5,0.001,3.98953,2.5928
81,11,1,0.01,0.3,0.5,0.001,3.83321,2.37709
82,11,1,0.01,0.3,0.5,0.001,3.87368,2.4078
83,11,1,0.01,0.3,0.5,0.001,3.92896,2.50439
84,11,1,0.01,0.3,0.5,0.001,4.02999,2.63086
85,11,1,0.01,0.3,0.5,0.001,4.22211,2.86886
86,11,1,0.01,0.3,0.5,0.001,3.98608,2.61315
87,11,1,0.01,0.3,0.5,0.001,4.11416,2.74264
88,11,1,0.01,0.3,0.5,0.001,3.89791,2.43146
89,11,1,0.01,0.3,0.5,0.001,3.82466,2.30388
90,11,1,0.01,0.3,0.5,0.001,3.92907,2.50432
91,11,1,0.01,0.3,0.5,0.001,3.75701,2.22242
92,11,1,0.01,0.3,0.5,0.001,4.02783,2.65378
93,11,1,0.01,0.3,0.5,0.001,3.91311,2.47311
94,11,1,0.01,0.3,0.5,0.001,4.48783,3.25894
95,11,1,0.01,0.3,0.5,0.001,4.21411,2.89175
96,11,1,0.01,0.3,0.5,0.001,4.61884,3.48238
97,11,1,0.01,0.3,0.5,0.001,4.02782,2.65717
98,11,1,0.01,0.3,0.5,0.001,4.02241,2.69181
99,11,1,0.01,0.3,0.5,0.001,3.87323,2.43047
0,11,1,0.05,0.3,0.5,0.001,2.56387,2.50547
1,11,1,0.05,0.3,0.5,0.001,2.87939,2.80877
2,11,1,0.05,0.3,0.5,0.001,2.36608,2.31099
3,11,1,0.05,0.3,0.5,0.001,2.77613,2.72944
4,11,1,0.05,0.3,0.5,0.001,2.91164,2.84653
5,11,1,0.05,0.3,0.5,0.001,1.98775,1.94829
6,11,1,0.05,0.3,0.5,0.001,2.38769,2.31636
7,11,1,0.05,0.3,0.5,0.001,2.13966,2.08229
8,11,1,0.05,0.3,0.5,0.001,2.45861,2.40733
9,11,1,0.05,0.3,0.5,0.001,2.31399,2.2359
10,11,1,0.05,0.3,0.5,0.001,2.37273,2.31334
11,11,1,0.05,0.3,0.5,0.001,2.5489,2.5123
12,11,1,0.05,0.3,0.5,0.001,2.62074,2.56428
13,11,1,0.05,0.3,0.5,0.001,2.65385,2.62002
14,11,1,0.05,0.3,0.5,0.001,2.33453,2.28987
15,11,1,0.05,0.3,0.5,0.001,2.87794,2.84306
16,11,1,0.05,0.3,0.5,0.001,2.53895,2.48342
17,11,1,0.05,0.3,0.5,0.001,2.64376,2.59115
18,11,1,0.05,0.3,0.5,0.001,2.29482,2.21896
19,11,1,0.05,0.3,0.5,0.001,2.44334,2.40518
20,11,1,0.05,0.3,0.5,0.001,2.54106,2.46623
21,11,1,0.05,0.3,0.5,0.001,2.15223,2.11069
22,11,1,0.05,0.3,0.5,0.001,2.42139,2.38331
23,11,1,0.05,0.3,0.5,0.001,2.46339,2.38237
24,11,1,0.05,0.3,0.5,0.001,3.57368,3.51811
25,11,1,0.05,0.3,0.5,0.001,2.72616,2.70349
26,11,1,0.05,0.3,0.5,0.001,2.62199,2.56848
27,11,1,0.05,0.3,0.5,0.001,2.40217,2.35098
28,11,1,0.05,0.3,0.5,0.001,2.46974,2.42304
29,11,1,0.05,0.3,0.5,0.001,2.27128,2.21601
30,11,1,0.05,0.3,0.5,0.001,2.71328,2.65449
31,11,1,0.05,0.3,0.5,0.001,2.54471,2.49229
32,11,1,0.05,0.3,0.5,0.001,2.29898,2.26078
33,11,1,0.05,0.3,0.5,0.001,2.45314,2.42404
34,11,1,0.05,0.3,0.5,0.001,2.48357,2.43504
35,11,1,0.05,0.3,0.5,0.001,2.77345,2.70721
36,11,1,0.05,0.3,0.5,0.001,2.42828,2.38426
37,11,1,0.05,0.3,0.5,0.001,2.63241,2.58585
38,11,1,0.05,0.3,0.5,0.001,2.09618,2.03438
39,11,1,0.05,0.3,0.5,0.001,2.54338,2.49989
40,11,1,0.05,0.3,0.5,0.001,2.27141,2.2095
41,11,1,0.05,0.3,0.5,0.001,2.4003,2.36307
42,11,1,0.05,0.3,0.5,0.001,2.19603,2.12104
43,11,1,0.05,0.3,0.5,0.001,2.30215,2.22562
44,11,1,0.05,0.3,0.5,0.001,2.36826,2.30327
45,11,1,0.05,0.3,0.5,0.001,2.14101,2.0811
46,11,1,0.05,0.3,0.5,0.001,2.43222,2.37393
47,11,1,0.05,0.3,0.5,0.001,2.96151,2.91456
48,11,1,0.05,0.3,0.5,0.001,2.13345,2.10624
49,11,1,0.05,0.3,0.5,0.001,2.67524,2.61307
50,11,1,0.05,0.3,0.5,0.001,2.59394,2.51902
51,11,1,0.05,0.3,0.5,0.001,2.66902,2.60263
52,11,1,0.05,0.3,0.5,0.001,2.97938,2.93709
53,11,1,0.05,0.3,0.5,0.001,2.04583,1.96721
54,11,1,0.05,0.3,0.5,0.001,2.33249,2.25109
55,11,1,0.05,0.3,0.5,0.001,2.33136,2.31414
56,11,1,0.05,0.3,0.5,0.001,2.56972,2.53987
57,11,1,0.05,0.3,0.5,0.001,2.89765,2.8516
58,11,1,0.05,0.3,0.5,0.001,3.17647,3.13726
59,11,1,0.05,0.3,0.5,0.001,2.51022,2.45461
60,11,1,0.05,0.3,0.5,0.001,2.92997,2.88602
61,11,1,0.05,0.3,0.5,0.001,2.79444,2.73138
62,11,1,0.05,0.3,0.5,0.001,2.62494,2.57004
63,11,1,0.05,0.3,0.5,0.001,2.20272,2.13626
64,11,1,0.05,0.3,0.5,0.001,2.39263,2.30905
65,11,1,0.05,0.3,0.5,0.001,2.49272,2.45966
66,11,1,0.05,0.3,0.5,0.001,2.58179,2.52972
67,11,1,0.05,0.3,0.5,0.001,2.90125,2.8513
68,11,1,0.05,0.3,0.5,0.001,2.20384,2.1533
69,11,1,0.05,0.3,0.5,0.001,2.74901,2.70414
70,11,1,0.05,0.3,0.5,0.001,2.62426,2.5723
71,11,1,0.05,0.3,0.5,0.001,2.76838,2.71257
72,11,1,0.05,0.3,0.5,0.001,2.2296,2.15486
73,11,1,0.05,0.3,0.5,0.001,2.28155,2.23684
74,11,1,0.05,0.3,0.5,0.001,2.55228,2.462
75,11,1,0.05,0.3,0.5,0.001,2.28387,2.23556
76,11,1,0.05,0.3,0.5,0.001,2.41438,2.35368
77,11,1,0.05,0.3,0.5,0.001,2.45769,2.41268
78,11,1,0.05,0.3,0.5,0.001,2.50811,2.47285
79,11,1,0.05,0.3,0.5,0.001,2.09851,2.02931
80,11,1,0.05,0.3,0.5,0.001,2.10097,2.01333
81,11,1,0.05,0.3,0.5,0.001,2.11302,2.05844
82,11,1,0.05,0.3,0.5,0.001,2.12225,2.05956
83,11,1,0.05,0.3,0.5,0.001,2.48558,2.42863
84,11,1,0.05,0.3,0.5,0.001,2.27946,2.18716
85,11,1,0.05,0.3,0.5,0.001,2.53677,2.48594
86,11,1,0.05,0.3,0.5,0.001,2.9426,2.8964
87,11,1,0.05,0.3,0.5,0.001,2.19428,2.14903
88,11,1,0.05,0.3,0.5,0.001,2.79936,2.75375
89,11,1,0.05,0.3,0.5,0.001,2.49814,2.45052
90,11,1,0.05,0.3,0.5,0.001,2.70502,2.64974
91,11,1,0.05,0.3,0.5,0.001,2.50222,2.47091
92,11,1,0.05,0.3,0.5,0.001,2.90511,2.846
93,11,1,0.05,0.3,0.5,0.001,2.42614,2.39022
94,11,1,0.05,0.3,0.5,0.001,2.76119,2.70281
95,11,1,0.05,0.3,0.5,0.001,2.66719,2.61053
96,11,1,0.05,0.3,0.5,0.001,2.62617,2.56728
97,11,1,0.05,0.3,0.5,0.001,2.23693,2.19348
98,11,1,0.05,0.3,0.5,0.001,2.21271,2.15616
99,11,1,0.05,0.3,0.5,0.001,2.54874,2.4979
0,11,1,0.2,0.3,0.5,0.001,2.55775,2.55613
1,11,1,0.2,0.3,0.5,0.001,2.80056,2.80095
2,11,1,0.2,0.3,0.5,0.001,2.03255,2.03097
3,11,1,0.2,0.3,0.5,0.001,2.35966,2.35939
4,11,1,0.2,0.3,0.5,0.001,2.30433,2.30517
5,11,1,0.2,0.3,0.5,0.001,2.56792,2.56717
6,11,1,0.2,0.3,0.5,0.001,2.00966,2.01104
7,11,1,0.2,0.3,0.5,0.001,2.65786,2.65581
8,11,1,0.2,0.3,0.5,0.001,2.90062,2.90017
9,11,1,0.2,0.3,0.5,0.001,2.80809,2.80681
10,11,1,0.2,0.3,0.5,0.001,2.34214,2.34237
11,11,1,0.2,0.3,0.5,0.001,2.09582,2.09516
12,11,1,0.2,0.3,0.5,0.001,2.20667,2.2056
13,11,1,0.2,0.3,0.5,0.001,2.50759,2.50712
14,11,1,0.2,0.3,0.5,0.001,2.48735,2.48776
15,11,1,0.2,0.3,0.5,0.001,2.42048,2.41907
16,11,1,0.2,0.3,0.5,0.001,2.12219,2.12161
17,11,1,0.2,0.3,0.5,0.001,2.12227,2.12141
18,11,1,0.2,0.3,0.5,0.001,2.49394,2.49385
19,11,1,0.2,0.3,0.5,0.001,2.05462,2.05501
20,11,1,0.2,0.3,0.5,0.001,2.61568,2.6155
21,11,1,0.2,0.3,0.5,0.001,2.67741,2.67672
22,11,1,0.2,0.3,0.5,0.001,2.78666,2.78639
23,11,1,0.2,0.3,0.5,0.001,2.52301,2.52383
24,11,1,0.2,0.3,0.5,0.001,2.48708,2.48616
25,11,1,0.2,0.3,0.5,0.001,2.5405,2.54041
26,11,1,0.2,0.3,0.5,0.001,2.27318,2.27388
27,11,1,0.2,0.3,0.5,0.001,2.29948,2.29978
28,11,1,0.2,0.3,0.5,0.001,2.66416,2.66461
29,11,1,0.2,0.3,0.5,0.001,2.36212,2.3631
30,11,1,0.2,0.3,0.5,0.001,2.33556,2.33484
31,11,1,0.2,0.3,0.5,0.001,2.09329,2.09171
32,11,1,0.2,0.3,0.5,0.001,2.51657,2.51753
33,11,1,0.2,0.3,0.5,0.001,2.4367,2.43649
34,11,1,0.2,0.3,0.5,0.001,3.69422,3.69688
35,11,1,0.2,0.3,0.5,0.001,2.36249,2.36116
36,11,1,0.2,0.3,0.5,0.001,2.41692,2.41772
37,11,1,0.2,0.3,0.5,0.001,2.82891,2.82807
38,11,1,0.2,0.3,0.5,0.001,2.60701,2.60734
39,11,1,0.2,0.3,0.5,0.001,2.65454,2.65344
40,11,1,0.2,0.3,0.5,0.001,2.44289,2.44124
41,11,1,0.2,0.3,0.5,0.001,2.31412,2.31261
42,11,1,0.2,0.3,0.5,0.001,2.01737,2.01887
43,11,1,0.2,0.3,0.5,0.001,2.36,2.36068
44,11,1,0.2,0.3,0.5,0.001,2.73028,2.73089
45,11,1,0.2,0.3,0.5,0.001,2.31173,2.31302
46,11,1,0.2,0.3,0.5,0.001,2.22862,2.2266
47,11,1,0.2,0.3,0.5,0.001,2.38749,2.38757
48,11,1,0.2,0.3,0.5,0.001,1.70923,1.71022
49,11,1,0.2,0.3,0.5,0.001,2.6964,2.69697
50,11,1,0.2,0.3,0.5,0.001,1.87574,1.87628
51,11,1,0.2,0.3,0.5,0.001,2.14207,2.14153
52,11,1,0.2,0.3,0.5,0.001,2.74733,2.7477
53,11,1,0.2,0.3,0.5,0.001,2.75499,2.75482
54,11,1,0.2,0.3,0.5,0.001,2.18687,2.1883
55,11,1,0.2,0.3,0.5,0.001,2.51491,2.51463
56,11,1,0.2,0.3,0.5,0.001,2.52966,2.53043
57,11,1,0.2,0.3,0.5,0.001,2.11428,2.11369
58,11,1,0.2,0.3,0.5,0.001,2.19838,2.19782
59,11,1,0.2,0.3,0.5,0.001,2.0571,2.05825
60,11,1,0.2,0.3,0.5,0.001,2.68215,2.68246
61,11,1,0.2,0.3,0.5,0.001,2.1826,2.18364
62,11,1,0.2,0.3,0.5,0.001,2.65008,2.65086
63,11,1,0.2,0.3,0.5,0.001,2.62766,2.62692
64,11,1,0.2,0.3,0.5,0.001,2.60372,2.6034
65,11,1,0.2,0.3,0.5,0.001,2.34781,2.34703
66,11,1,0.2,0.3,0.5,0.001,2.96205,2.96236
67,11,1,0.2,0.3,0.5,0.001,2.11437,2.11267
68,11,1,0.2,0.3,0.5,0.001,2.53906,2.53963
69,11,1,0.2,0.3,0.5,0.001,2.61611,2.61668
70,11,1,0.2,0.3,0.5,0.001,2.3261,2.3242
71,11,1,0.2,0.3,0.5,0.001,2.38894,2.38931
72,11,1,0.2,0.3,0.5,0.001,2.81174,2.81218
73,11,1,0.2,0.3,0.5,0.001,2.55659,2.55686
74,11,1,0.2,0.3,0.5,0.001,2.35507,2.3533
75,11,1,0.2,0.3,0.5,0.001,2.40203,2.40069
76,11,1,0.2,0.3,0.5,0.001,2.5413,2.54208
77,11,1,0.2,0.3,0.5,0.001,2.82268,2.82262
78,11,1,0.2,0.3,0.5,0.001,2.2088,2.20907
79,11,1,0.2,0.3,0.5,0.001,2.61489,2.61548
80,11,1,0.2,0.3,0.5,0.001,2.42128,2.42083
81,11,1,0.2,0.3,0.5,0.001,1.96538,1.96614
82,11,1,0.2,0.3,0.5,0.001,2.21364,2.21367
83,11,1,0.2,0.3,0.5,0.001,2.60504,2.60561
84,11,1,0.2,0.3,0.5,0.001,2.30886,2.30697
85,11,1,0.2,0.3,0.5,0.001,2.32651,2.32742
86,11,1,0.2,0.3,0.5,0.001,2.08839,2.0873
87,11,1,0.2,0.3,0.5,0.001,2.79279,2.79347
88,11,1,0.2,0.3,0.5,0.001,2.50407,2.50129
89,11,1,0.2,0.3,0.5,0.001,2.93822,2.93729
90,11,1,0.2,0.3,0.5,0.001,2.04969,2.04956
91,11,1,0.2,0.3,0.5,0.001,2.73336,2.73325
92,11,1,0.2,0.3,0.5,0.001,2.4179,2.41725
93,11,1,0.2,0.3,0.5,0.001,2.33685,2.33795
94,11,1,0.2,0.3,0.5,0.001,2.56228,2.56256
95,11,1,0.2,0.3,0.5,0.001,2.41953,2.42053
96,11,1,0.2,0.3,0.5,0.001,2.82466,2.82593
97,11,1,0.2,0.3,0.5,0.001,2.92916,2.92993
98,11,1,0.2,0.3,0.5,0.001,2.44138,2.44142
99,11,1,0.2,0.3,0.5,0.001,2.41073,2.41006
0,13,1,0.01,0.3,0.5,0.001,3.88194,2.5389
1,13,1,0.01,0.3,0.5,0.001,3.74687,2.29291
2,13,1,0.01,0.3,0.5,0.001,4.13573,2.82842
3,13,1,0.01,0.3,0.5,0.001,3.97463,2.60635
4,13,1,0.01,0.3,0.5,0.001,4.01461,2.62577
5,13,1,0.01,0.3,0.5,0.001,3.85177,2.43212
6,13,1,0.01,0.3,0.5,0.001,3.80151,2.30909
7,13,1,0.01,0.3,0.5,0.001,4.11899,2.78012
8,13,1,0.01,0.3,0.5,0.001,4.2738,2.9723
9,13,1,0.01,0.3,0.5,0.001,4.02071,2.68871
10,13,1,0.01,0.3,0.5,0.001,4.12455,2.81149
11,13,1,0.01,0.3,0.5,0.001,4.14626,2.84746
12,13,1,0.01,0.3,0.5,0.001,3.82153,2.34949
13,13,1,0.01,0.3,0.5,0.001,3.69639,2.21633
14,13,1,0.01,0.3,0.5,0.001,4.01577,2.64756
15,13,1,0.01,0.3,0.5,0.001,4.12306,2.7582
16,13,1,0.01,0.3,0.5,0.001,3.95816,2.58272
17,13,1,0.01,0.3,0.5,0.001,3.91389,2.52614
18,13,1,0.01,0.3,0.5,0.001,4.17545,2.90033
19,13,1,0.01,0.3,0.5,0.001,4.59055,3.42749
20,13,1,0.01,0.3,0.5,0.001,3.94387,2.53586
21,13,1,0.01,0.3,0.5,0.001,4.17528,2.89453
22,13,1,0.01,0.3,0.5,0.001,3.91332,2.54359
23,13,1,0.01,0.3,0.5,0.001,3.79081,2.33721
24,13,1,0.01,0.3,0.5,0.001,4.00838,2.69218
25,13,1,0.01,0.3,0.5,0.001,4.25271,3.01146
26,13,1,0.01,0.3,0.5,0.001,3.77864,2.35297
27,13,1,0.01,0.3,0.5,0.001,3.92655,2.53101
28,13,1,0.01,0.3,0.5,0.001,3.93371,2.51187
29,13,1,0.01,0.3,0.5,0.001,4.28083,2.98048
30,13,1,0.01,0.3,0.5,0.001,3.94805,2.56616
31,13,1,0.01,0.3,0.5,0.001,3.77482,2.28197
32,13,1,0.01,0.3,0.5,0.001,3.73236,2.16761
33,13,1,0.01,0.3,0.5,0.001,4.16976,2.90997
34,13,1,0.01,0.3,0.5,0.001,4.18989,2.98394
35,13,1,0.01,0.3,0.5,0.001,3.89566,2.47275
36,13,1,0.01,0.3,0.5,0.001,4.09959,2.81455
37,13,1,0.01,0.3,0.5,0.001,3.86154,2.43992
38,13,1,0.01,0.3,0.5,0.001,3.71934,2.24127
39,13,1,0.01,0.3,0.5,0.001,4.36995,3.11359
40,13,1,0.01,0.3,0.5,0.001,4.06058,2.75782
41,13,1,0.01,0.3,0.5,0.001,4.16423,2.89605
42,13,1,0.01,0.3,0.5,0.001,3.96043,2.58703
43,13,1,0.01,0.3,0.5,0.001,4.46446,3.36909
44,13,1,0.01,0.3,0.5,0.001,3.87325,2.42329
45,13,1,0.01,0.3,0.5,0.001,4.74406,3.62269
46,13,1,0.01,0.3,0.5,0.001,4.30916,3.09642
47,13,1,0.01,0.3,0.5,0.001,3.95489,2.4853
48,13,1,0.01,0.3,0.5,0.001,3.97648,2.57053
49,13,1,0.01,0.3,0.5,0.001,3.99366,2.67488
50,13,1,0.01,0.3,0.5,0.001,3.99095,2.61433
51,13,1,0.01,0.3,0.5,0.001,3.74489,2.29361
52,13,1,0.01,0.3,0.5,0.001,4.06007,2.75878
53,13,1,0.01,0.3,0.5,0.001,4.24812,3.00412
54,13,1,0.01,0.3,0.5,0.001,3.97081,2.60775
55,13,1,0.01,0.3,0.5,0.001,3.9961,2.65428
56,13,1,0.01,0.3,0.5,0.001,4.12198,2.81117
57,13,1,0.01,0.3,0.5,0.001,3.71311,2.2697
58,13,1,0.01,0.3,0.5,0.001,4.07559,2.70387
59,13,1,0.01,0.3,0.5,0.001,4.31868,3.08744
60,13,1,0.01,0.3,0.5,0.001,3.89604,2.473
61,13,1,0.01,0.3,0.5,0.001,3.80126,2.33182
62,13,1,0.01,0.3,0.5,0.001,3.8105,2.38847
63,13,1,0.01,0.3,0.5,0.001,4.44822,3.30143
64,13,1,0.01,0.3,0.5,0.001,3.9381,2.54641
65,13,1,0.01,0.3,0.5,0.001,3.95801,2.59492
66,13,1,0.01,0.3,0.5,0.001,4.10619,2.80847
67,13,1,0.01,0.3,0.5,0.001,4.02131,2.64496
68,13,1,0.01,0.3,0.5,0.001,4.15026,2.80474
69,13,1,0.01,0.3,0.5,0.001,3.83356,2.40093
70,13,1,0.01,0.3,0.5,0.001,3.8312,2.37819
71,13,1,0.01,0.3,0.5,0.001,3.71423,2.23616
72,13,1,0.01,0.3,0.5,0.001,4.16527,2.84654
73,13,1,0.01,0.3,0.5,0.001,4.31842,3.04553
74,13,1,0.01,0.3,0.5,0.001,3.89644,2.47385
75,13,1,0.01,0.3,0.5,0.001,4.16737,2.87926
76,13,1,0.01,0.3,0.5,0.001,3.82119,2.32246
77,13,1,0.01,0.3,0.5,0.001,4.06426,2.76562
78,13,1,0.01,0.3,0.5,0.001,4.19715,2.96068
79,13,1,0.01,0.3,0.5,0.001,3.8183,2.27091
80,13,1,0.01,0.3,0.5,0.001,3.90994,2.50001
81,13,1,0.01,0.3,0.5,0.001,3.86932,2.44557
82,13,1,0.01,0.3,0.5,0.001,3.6806,2.07472
83,13,1,0.01,0.3,0.5,0.001,3.82161,2.36014
84,13,1,0.01,0.3,0.5,0.001,4.04048,2.67052
85,13,1,0.01,0.3,0.5,0.001,4.16243,2.82095
86,13,1,0.01,0.3,0.5,0.001,4.43107,3.24907
87,13,1,0.01,0.3,0.5,0.001,3.843,2.41742
88,13,1,0.01,0.3,0.5,0.001,3.83118,2.43331
89,13,1,0.01,0.3,0.5,0.001,3.79935,2.33283
90,13,1,0.01,0.3,0.5,0.001,3.78448,2.28728
91,13,1,0.01,0.3,0.5,0.001,4.11784,2.80225
92,13,1,0.01,0.3,0.5,0.001,4.67336,3.50696
93,13,1,0.01,0.3,0.5,0.001,3.77761,2.32548
94,13,1,0.01,0.3,0.5,0.001,3.82689,2.33621
95,13,1,0.01,0.3,0.5,0.001,4.16569,2.85461
96,13,1,0.01,0.3,0.5,0.001,3.9205,2.56397
97,13,1,0.01,0.3,0.5,0.001,4.04706,2.6497
98,13,1,0.01,0.3,0.5,0.001,4.15756,2.8629
99,13,1,0.01,0.3,0.5,0.001,3.94456,2.61597
0,13,1,0.05,0.3,0.5,0.001,2.70413,2.64889
1,13,1,0.05,0.3,0.5,0.001,3.00049,2.96574
2,13,1,0.05,0.3,0.5,0.001,2.34325,2.32138
3,13,1,0.05,0.3,0.5,0.001,3.14242,3.1268
4,13,1,0.05,0.3,0.5,0.001,2.70391,2.66299
5,13,1,0.05,0.3,0.5,0.001,2.73251,2.67956
6,13,1,0.05,0.3,0.5,0.001,2.79817,2.76644
7,13,1,0.05,0.3,0.5,0.001,2.36766,2.322
8,13,1,0.05,0.3,0.5,0.001,2.46312,2.40779
9,13,1,0.05,0.3,0.5,0.001,2.55155,2.51183
10,13,1,0.05,0.3,0.5,0.001,2.53665,2.49266
11,13,1,0.05,0.3,0.5,0.001,2.7608,2.72092
12,13,1,0.05,0.3,0.5,0.001,1.92405,1.87263
13,13,1,0.05,0.3,0.5,0.001,2.25171,2.19171
14,13,1,0.05,0.3,0.5,0.001,2.69301,2.65697
15,13,1,0.05,0.3,0.5,0.001,2.50227,2.44
16,13,1,0.05,0.3,0.5,0.001,2.69224,2.65195
17,13,1,0.05,0.3,0.5,0.001,2.54559,2.50556
18,13,1,0.05,0.3,0.5,0.001,2.66258,2.60412
19,13,1,0.05,0.3,0.5,0.001,2.28129,2.22329
20,13,1,0.05,0.3,0.5,0.001,2.1447,2.07648
21,13,1,0.05,0.3,0.5,0.001,2.59951,2.54935
22,13,1,0.05,0.3,0.5,0.001,2.56951,2.51337
23,13,1,0.05,0.3,0.5,0.001,2.61587,2.56366
24,13,1,0.05,0.3,0.5,0.001,2.66433,2.6342
25,13,1,0.05,0.3,0.5,0.001,2.38714,2.32064
26,13,1,0.05,0.3,0.5,0.001,2.88641,2.8448
27,13,1,0.05,0.3,0.5,0.001,2.33989,2.28282
28,13,1,0.05,0.3,0.5,0.001,2.21211,2.17773
29,13,1,0.05,0.3,0.5,0.001,2.33645,2.28103
30,13,1,0.05,0.3,0.5,0.001,2.44596,2.39102
31,13,1,0.05,0.3,0.5,0.001,2.57712,2.52268
32,13,1,0.05,0.3,0.5,0.001,2.52907,2.48864
33,13,1,0.05,0.3,0.5,0.001,2.79201,2.7504
34,13,1,0.05,0.3,0.5,0.001,2.90331,2.86296
35,13,1,0.05,0.3,0.5,0.001,2.30123,2.2423
36,13,1,0.05,0.3,0.5,0.001,2.95411,2.8978
37,13,1,0.05,0.3,0.5,0.001,2.17118,2.13718
38,13,1,0.05,0.3,0.5,0.001,2.6289,2.57058
39,13,1,0.05,0.3,0.5,0.001,2.72169,2.68257
40,13,1,0.05,0.3,0.5,0.001,2.18779,2.15795
41,13,1,0.05,0.3,0.5,0.001,2.16959,2.13426
42,13,1,0.05,0.3,0.5,0.001,2.32222,2.25818
43,13,1,0.05,0.3,0.5,0.001,2.18625,2.1235
44,13,1,0.05,0.3,0.5,0.001,2.4926,2.43257
45,13,1,0.05,0.3,0.5,0.001,2.59161,2.55485
46,13,1,0.05,0.3,0.5,0.001,2.67121,2.61337
47,13,1,0.05,0.3,0.5,0.001,3.31183,3.27105
48,13,1,0.05,0.3,0.5,0.001,2.98396,2.92697
49,13,1,0.05,0.3,0.5,0.001,3.04374,2.99044
50,13,1,0.05,0.3,0.5,0.001,2.64796,2.5935
51,13,1,0.05,0.3,0.5,0.001,2.39487,2.34021
52,13,1,0.05,0.3,0.5,0.001,2.32499,2.29848
53,13,1,0.05,0.3,0.5,0.001,2.40111,2.32684
54,13,1,0.05,0.3,0.5,0.001,2.30566,2.25221
55,13,1,0.05,0.3,0.5,0.001,2.1032,2.04604
56,13,1,0.05,0.3,0.5,0.001,2.53602,2.44946
57,13,1,0.05,0.3,0.5,0.001,2.80713,2.74023
58,13,1,0.05,0.3,0.5,0.001,2.71943,2.67822
59,13,1,0.05,0.3,0.5,0.001,3.03173,3.0022
60,13,1,0.05,0.3,0.5,0.001,2.88824,2.85717
61,13,1,0.05,0.3,0.5,0.001,2.55487,2.49749
62,13,1,0.05,0.3,0.5,0.001,2.14428,2.10339
63,13,1,0.05,0.3,0.5,0.001,2.76542,2.74712
64,13,1,0.05,0.3,0.5,0.001,2.39995,2.35933
65,13,1,0.05,0.3,0.5,0.001,2.69621,2.6408
66,13,1,0.05,0.3,0.5,0.001,2.37773,2.3633
67,13,1,0.05,0.3,0.5,0.001,2.7349,2.70305
68,13,1,0.05,0.3,0.5,0.001,2.52927,2.44882
69,13,1,0.05,0.3,0.5,0.001,2.69752,2.6656
70,13,1,0.05,0.3,0.5,0.001,2.6624,2.62624
71,13,1,0.05,0.3,0.5,0.001,2.5106,2.47241
72,13,1,0.05,0.3,0.5,0.001,2.57195,2.51828
73,13,1,0.05,0.3,0.5,0.001,2.38345,2.33903
74,13,1,0.05,0.3,0.5,0.001,2.36585,2.31601
75,13,1,0.05,0.3,0.5,0.001,2.69806,2.65734
76,13,1,0.05,0.3,0.5,0.001,2.56573,2.51869
77,13,1,0.05,0.3,0.5,0.001,2.17569,2.12355
78,13,1,0.05,0.3,0.5,0.001,3.55177,3.48308
79,13,1,0.05,0.3,0.5,0.001,2.2937,2.24678
80,13,1,0.05,0.3,0.5,0.001,2.32562,2.26046
81,13,1,0.05,0.3,0.5,0.001,2.45498,2.38545
82,13,1,0.05,0.3,0.5,0.001,2.32404,2.31052
83,13,1,0.05,0.3,0.5,0.001,2.49494,2.45726
84,13,1,0.05,0.3,0.5,0.001,2.38606,2.37252
85,13,1,0.05,0.3,0.5,0.001,1.93649,1.89049
86,13,1,0.05,0.3,0.5,0.001,2.25872,2.20845
87,13,1,0.05,0.3,0.5,0.001,3.11909,3.07706
88,13,1,0.05,0.3,0.5,0.001,2.31772,2.28351
89,13,1,0.05,0.3,0.5,0.001,2.39454,2.38031
90,13,1,0.05,0.3,0.5,0.001,2.42577,2.34678
91,13,1,0.05,0.3,0.5,0.001,2.13964,2.10688
92,13,1,0.05,0.3,0.5,0.001,2.38136,2.34222
93,13,1,0.05,0.3,0.5,0.001,3.04817,3.02109
94,13,1,0.05,0.3,0.5,0.001,2.43308,2.39771
95,13,1,0.05,0.3,0.5,0.001,2.3919,2.34635
96,13,1,0.05,0.3,0.5,0.001,2.40227,2.36263
97,13,1,0.05,0.3,0.5,0.001,2.80084,2.76808
98,13,1,0.05,0.3,0.5,0.001,2.42532,2.36226
99,13,1,0.05,0.3,0.5,0.001,2.4783,2.43531
0,13,1,0.2,0.3,0.5,0.001,3.14231,3.14425
1,13,1,0.2,0.3,0.5,0.001,2.34971,2.34901
2,13,1,0.2,0.3,0.5,0.001,2.35071,2.35069
3,13,1,0.2,0.3,0.5,0.001,2.61009,2.60979
4,13,1,0.2,0.3,0.5,0.001,2.27245,2.27347
5,13,1,0.2,0.3,0.5,0.001,2.51147,2.50973
6,13,1,0.2,0.3,0.5,0.001,2.89466,2.89545
7,13,1,0.2,0.3,0.5,0.001,2.4733,2.47296
8,13,1,0.2,0.3,0.5,0.001,2.21291,2.21294
9,13,1,0.2,0.3,0.5,0.001,2.62769,2.62732
10,13,1,0.2,0.3,0.5,0.001,2.38189,2.38171
11,13,1,0.2,0.3,0.5,0.001,2.30245,2.30176
12,13,1,0.2,0.3,0.5,0.001,2.28766,2.28748
13,13,1,0.2,0.3,0.5,0.001,2.27435,2.27548
14,13,1,0.2,0.3,0.5,0.001,2.42201,2.4215
15,13,1,0.2,0.3,0.5,0.001,2.52864,2.5275
16,13,1,0.2,0.3,0.5,0.001,2.98266,2.98064
17,13,1,0.2,0.3,0.5,0.001,3.48745,3.4892
18,13,1,0.2,0.3,0.5,0.001,2.44414,2.44564
19,13,1,0.2,0.3,0.5,0.001,2.34925,2.34957
20,13,1,0.2,0.3,0.5,0.001,2.53415,2.53386
21,13,1,0.2,0.3,0.5,0.001,2.77323,2.77381
22,13,1,0.2,0.3,0.5,0.001,2.61415,2.61395
23,13,1,0.2,0.3,0.5,0.001,2.65124,2.65062
24,13,1,0.2,0.3,0.5,0.001,2.61309,2.61205
25,13,1,0.2,0.3,0.5,0.001,2.13769,2.13691
26,13,1,0.2,0.3,0.5,0.001,2.27458,2.2745
27,13,1,0.2,0.3,0.5,0.001,2.02534,2.02523
28,13,1,0.2,0.3,0.5,0.001,2.3895,2.38865
29,13,1,0.2,0.3,0.5,0.001,2.45881,2.4592
30,13,1,0.2,0.3,0.5,0.001,2.65876,2.65738
31,13,1,0.2,0.3,0.5,0.001,2.34568,2.34659
32,13,1,0.2,0.3,0.5,0.001,2.17644,2.17487
33,13,1,0.2,0.3,0.5,0.001,2.2675,2.26651
34,13,1,0.2,0.3,0.5,0.001,2.47682,2.47719
35,13,1,0.2,0.3,0.5,0.001,2.66256,2.66199
36,13,1,0.2,0.3,0.5,0.001,1.99959,2.00001
37,13,1,0.2,0.3,0.5,0.001,1.99227,1.9931
38,13,1,0.2,0.3,0.5,0.001,2.19791,2.19872
39,13,1,0.2,0.3,0.5,0.001,2.5368,2.53663
40,13,1,0.2,0.3,0.5,0.001,1.7757,1.77566
41,13,1,0.2,0.3,0.5,0.001,2.36555,2.36511
42,13,1,0.2,0.3,0.5,0.001,2.73383,2.73423
43,13,1,0.2,0.3,0.5,0.001,2.39433,2.39484
44,13,1,0.2,0.3,0.5,0.001,2.25926,2.25971
45,13,1,0.2,0.3,0.5,0.001,3.05532,3.05532
46,13,1,0.2,0.3,0.5,0.001,2.39701,2.39743
47,13,1,0.2,0.3,0.5,0.001,2.17085,2.17
48,13,1,0.2,0.3,0.5,0.001,2.88843,2.88713
49,13,1,0.2,0.3,0.5,0.001,2.22615,2.2261
50,13,1,0.2,0.3,0.5,0.001,2.49023,2.49132
51,13,1,0.2,0.3,0.5,0.001,2.4066,2.4071
52,13,1,0.2,0.3,0.5,0.001,2.73013,2.72978
53,13,1,0.2,0.3,0.5,0.001,2.238,2.23914
54,13,1,0.2,0.3,0.5,0.001,2.24016,2.24144
55,13,1,0.2,0.3,0.5,0.001,2.30309,2.30392
56,13,1,0.2,0.3,0.5,0.001,2.69227,2.69121
57,13,1,0.2,0.3,0.5,0.001,2.42633,2.42561
58,13,1,0.2,0.3,0.5,0.001,2.529,2.52914
59,13,1,0.2,0.3,0.5,0.001,2.22253,2.22372
60,13,1,0.2,0.3,0.5,0.001,1.93971,1.93952
61,13,1,0.2,0.3,0.5,0.001,2.16134,2.16229
62,13,1,0.2,0.3,0.5,0.001,2.17306,2.17252
63,13,1,0.2,0.3,0.5,0.001,2.63866,2.64017
64,13,1,0.2,0.3,0.5,0.001,2.55351,2.55274
65,13,1,0.2,0.3,0.5,0.001,2.17002,2.17032
66,13,1,0.2,0.3,0.5,0.001,2.76698,2.76735
67,13,1,0.2,0.3,0.5,0.001,3.25529,3.25352
68,13,1,0.2,0.3,0.5,0.001,2.80201,2.80178
69,13,1,0.2,0.3,0.5,0.001,2.69933,2.69766
70,13,1,0.2,0.3,0.5,0.001,1.96179,1.96088
71,13,1,0.2,0.3,0.5,0.001,2.45211,2.45211
72,13,1,0.2,0.3,0.5,0.001,2.55631,2.55736
73,13,1,0.2,0.3,0.5,0.001,2.46663,2.46674
74,13,1,0.2,0.3,0.5,0.001,2.10708,2.1075
75,13,1,0.2,0.3,0.5,0.001,2.41069,2.41079
76,13,1,0.2,0.3,0.5,0.001,2.06462,2.06447
77,13,1,0.2,0.3,0.5,0.001,2.27456,2.27344
78,13,1,0.2,0.3,0.5,0.001,2.39375,2.39355
79,13,1,0.2,0.3,0.5,0.001,2.73103,2.72979
80,13,1,0.2,0.3,0.5,0.001,2.68014,2.67903
81,13,1,0.2,0.3,0.5,0.001,2.5277,2.52691
82,13,1,0.2,0.3,0.5,0.001,2.54464,2.5447
83,13,1,0.2,0.3,0.5,0.001,2.56804,2.56682
84,13,1,0.2,0.3,0.5,0.001,2.60812,2.60767
85,13,1,0.2,0.3,0.5,0.001,2.81177,2.81155
86,13,1,0.2,0.3,0.5,0.001,3.20829,3.20931
87,13,1,0.2,0.3,0.5,0.001,2.69672,2.69704
88,13,1,0.2,0.3,0.5,0.001,2.57455,2.57495
89,13,1,0.2,0.3,0.5,0.001,2.44896,2.4493
90,13,1,0.2,0.3,0.5,0.001,2.4808,2.47985
91,13,1,0.2,0.3,0.5,0.001,2.4007,2.40011
92,13,1,0.2,0.3,0.5,0.001,2.73507,2.73526
93,13,1,0.2,0.3,0.5,0.001,2.53117,2.53152
94,13,1,0.2,0.3,0.5,0.001,2.49385,2.49501
95,13,1,0.2,0.3,0.5,0.001,2.33998,2.33943
96,13,1,0.2,0.3,0.5,0.001,2.55805,2.55849
97,13,1,0.2,0.3,0.5,0.001,2.46753,2.46824
98,13,1,0.2,0.3,0.5,0.001,2.67449,2.67573
99,13,1,0.2,0.3,0.5,0.001,2.09891,2.09696
0,16,1,0.01,0.3,0.5,0.001,4.1191,2.84209
1,16,1,0.01,0.3,0.5,0.001,3.78976,2.28841
2,16,1,0.01,0.3,0.5,0.001,3.73312,2.37356
3,16,1,0.01,0.3,0.5,0.001,3.83435,2.502
4,16,1,0.01,0.3,0.5,0.001,4.32401,3.11201
5,16,1,0.01,0.3,0.5,0.001,3.83703,2.33511
6,16,1,0.01,0.3,0.5,0.001,3.93353,2.61527
7,16,1,0.01,0.3,0.5,0.001,3.67812,2.09349
8,16,1,0.01,0.3,0.5,0.001,4.0306,2.70923
9,16,1,0.01,0.3,0.5,0.001,3.81013,2.44164
10,16,1,0.01,0.3,0.5,0.001,3.80256,2.5341
11,16,1,0.01,0.3,0.5,0.001,4.14744,2.95018
12,16,1,0.01,0.3,0.5,0.001,3.87737,2.51096
13,16,1,0.01,0.3,0.5,0.001,3.7084,2.26367
14,16,1,0.01,0.3,0.5,0.001,3.7181,2.34266
15,16,1,0.01,0.3,0.5,0.001,4.0099,2.76951
16,16,1,0.01,0.3,0.5,0.001,4.00092,2.64404
17,16,1,0.01,0.3,0.5,0.001,3.69735,2.34796
18,16,1,0.01,0.3,0.5,0.001,3.77288,2.43802
19,16,1,0.01,0.3,0.5,0.001,3.85792,2.49021
20,16,1,0.01,0.3,0.5,0.001,3.56344,2.02592
21,16,1,0.01,0.3,0.5,0.001,4.44961,3.30401
22,16,1,0.01,0.3,0.5,0.001,4.48452,3.30665
23,16,1,0.01,0.3,0.5,0.001,3.66576,2.17628
24,16,1,0.01,0.3,0.5,0.001,3.79944,2.38555
25,16,1,0.01,0.3,0.5,0.001,4.07043,2.83077
26,16,1,0.01,0.3,0.5,0.001,3.9084,2.54294
27,16,1,0.01,0.3,0.5,0.001,3.60292,2.10578
28,16,1,0.01,0.3,0.5,0.001,4.10383,2.85867
29,16,1,0.01,0.3,0.5,0.001,3.99906,2.68565
30,16,1,0.01,0.3,0.5,0.001,3.70209,2.20956
31,16,1,0.01,0.3,0.5,0.001,4.2021,3.00585
32,16,1,0.01,0.3,0.5,0.001,3.86664,2.54999
33,16,1,0.01,0.3,0.5,0.001,3.93867,2.58519
34,16,1,0.01,0.3,0.5,0.001,3.79115,2.41989
35,16,1,0.01,0.3,0.5,0.001,4.12165,2.90314
36,16,1,0.01,0.3,0.5,0.001,3.84973,2.44363
37,16,1,0.01,0.3,0.5,0.001,3.98802,2.68802
38,16,1,0.01,0.3,0.5,0.001,3.77519,2.28024
39,16,1,0.01,0.3,0.5,0.001,3.93068,2.61973
40,16,1,0.01,0.3,0.5,0.001,4.0164,2.72368
41,16,1,0.01,0.3,0.5,0.001,3.89221,2.51495
42,16,1,0.01,0.3,0.5,0.001,3.86096,2.42869
43,16,1,0.01,0.3,0.5,0.001,3.65839,2.27543
44,16,1,0.01,0.3,0.5,0.001,4.06874,2.7363
45,16,1,0.01,0.3,0.5,0.001,3.78352,2.41432
46,16,1,0.01,0.3,0.5,0.001,4.29259,3.08265
47,16,1,0.01,0.3,0.5,0.001,3.73685,2.26012
48,16,1,0.01,0.3,0.5,0.001,4.35591,3.16597
49,16,1,0.01,0.3,0.5,0.001,3.86849,2.52053
50,16,1,0.01,0.3,0.5,0.001,3.84436,2.42279
51,16,1,0.01,0.3,0.5,0.001,4.01738,2.80746
52,16,1,0.01,0.3,0.5,0.001,4.25766,3.09345
53,16,1,0.01,0.3,0.5,0.001,3.70363,2.38408
54,16,1,0.01,0.3,0.5,0.001,4.25348,3.07052
55,16,1,0.01,0.3,0.5,0.001,3.97337,2.64497
56,16,1,0.01,0.3,0.5,0.001,3.67755,2.19563
57,16,1,0.01,0.3,0.5,0.001,4.09167,2.74806
58,16,1,0.01,0.3,0.5,0.001,3.98664,2.65394
59,16,1,0.01,0.3,0.5,0.001,3.63456,2.07387
60,16,1,0.01,0.3,0.5,0.001,4.09842,2.7591
61,16,1,0.01,0.3,0.5,0.001,3.83666,2.4502
62,16,1,0.01,0.3,0.5,0.001,4.52811,3.37242
63,16,1,0.01,0.3,0.5,0.001,4.13434,2.84852
64,16,1,0.01,0.3,0.5,0.001,3.66264,2.14398
65,16,1,0.01,0.3,0.5,0.001,3.75739,2.34323
66,16,1,0.01,0.3,0.5,0.001,4.1648,2.92497
67,16,1,0.01,0.3,0.5,0.001,3.87625,2.54281
68,16,1,0.01,0.3,0.5,0.001,3.98968,2.65085
69,16,1,0.01,0.3,0.5,0.001,3.92131,2.54039
70,16,1,0.01,0.3,0.5,0.001,3.95393,2.62655
71,16,1,0.01,0.3,0.5,0.001,4.06733,2.81731
72,16,1,0.01,0.3,0.5,0.001,4.56937,3.43935
73,16,1,0.01,0.3,0.5,0.001,3.83003,2.45347
74,16,1,0.01,0.3,0.5,0.001,3.87379,2.54618
75,16,1,0.01,0.3,0.5,0.001,4.06337,2.79716
76,16,1,0.01,0.3,0.5,0.001,3.81115,2.3343
77,16,1,0.01,0.3,0.5,0.001,3.91757,2.63157
78,16,1,0.01,0.3,0.5,0.001,3.83956,2.44718
79,16,1,0.01,0.3,0.5,0.001,4.04174,2.7396
80,16,1,0.01,0.3,0.5,0.001,3.93377,2.60835
81,16,1,0.01,0.3,0.5,0.001,4.00462,2.7241
82,16,1,0.01,0.3,0.5,0.001,3.90765,2.47341
83,16,1,0.01,0.3,0.5,0.001,4.04805,2.72835
84,16,1,0.01,0.3,0.5,0.001,4.06835,2.81736
85,16,1,0.01,0.3,0.5,0.001,4.00119,2.65112
86,16,1,0.01,0.3,0.5,0.001,4.1151,2.93979
87,16,1,0.01,0.3,0.5,0.001,3.87095,2.51127
88,16,1,0.01,0.3,0.5,0.001,3.65915,2.2265
89,16,1,0.01,0.3,0.5,0.001,3.6663,2.1642
90,16,1,0.01,0.3,0.5,0.001,3.92808,2.62225
91,16,1,0.01,0.3,0.5,0.001,3.94614,2.5803
92,16,1,0.01,0.3,0.5,0.001,3.65959,2.1474
93,16,1,0.01,0.3,0.5,0.001,3.90171,2.59095
94,16,1,0.01,0.3,0.5,0.001,3.98176,2.64967
95,16,1,0.01,0.3,0.5,0.001,4.1138,2.85648
96,16,1,0.01,0.3,0.5,0.001,3.89225,2.54587
97,16,1,0.01,0.3,0.5,0.001,4.37357,3.14588
98,16,1,0.01,0.3,0.5,0.001,4.06489,2.78487
99,16,1,0.01,0.3,0.5,0.001,3.79991,2.30881
0,16,1,0.05,0.3,0.5,0.001,2.36931,2.34503
1,16,1,0.05,0.3,0.5,0.001,2.70088,2.64235
2,16,1,0.05,0.3,0.5,0.001,2.95717,2.90814
3,16,1,0.05,0.3,0.5,0.001,2.67409,2.63989
4,16,1,0.05,0.3,0.5,0.001,3.33703,3.29121
5,16,1,0.05,0.3,0.5,0.001,2.77035,2.72413
6,16,1,0.05,0.3,0.5,0.001,2.24293,2.19651
7,16,1,0.05,0.3,0.5,0.001,2.25715,2.22901
8,16,1,0.05,0.3,0.5,0.001,2.68333,2.65889
9,16,1,0.05,0.3,0.5,0.001,3.32298,3.27963
10,16,1,0.05,0.3,0.5,0.001,2.7691,2.74439
11,16,1,0.05,0.3,0.5,0.001,2.90706,2.86517
12,16,1,0.05,0.3,0.5,0.001,2.91581,2.88132
13,16,1,0.05,0.3,0.5,0.001,2.77056,2.73799
14,16,1,0.05,0.3,0.5,0.001,2.50943,2.47132
15,16,1,0.05,0.3,0.5,0.001,2.58834,2.57614
16,16,1,0.05,0.3,0.5,0.001,2.13496,2.08405
17,16,1,0.05,0.3,0.5,0.001,2.48547,2.43468
18,16,1,0.05,0.3,0.5,0.001,2.34513,2.33879
19,16,1,0.05,0.3,0.5,0.001,2.47788,2.40144
20,16,1,0.05,0.3,0.5,0.001,2.51993,2.47427
21,16,1,0.05,0.3,0.5,0.001,2.62207,2.57725
22,16,1,0.05,0.3,0.5,0.001,2.36638,2.31788
23,16,1,0.05,0.3,0.5,0.001,2.89721,2.88495
24,16,1,0.05,0.3,0.5,0.001,2.96392,2.9315
25,16,1,0.05,0.3,0.5,0.001,2.38581,2.36818
26,16,1,0.05,0.3,0.5,0.001,2.53855,2.51024
27,16,1,0.05,0.3,0.5,0.001,2.26638,2.20712
28,16,1,0.05,0.3,0.5,0.001,2.32245,2.27093
29,16,1,0.05,0.3,0.5,0.001,1.84178,1.78949
30,16,1,0.05,0.3,0.5,0.001,2.72902,2.69932
31,16,1,0.05,0.3,0.5,0.001,2.53766,2.52224
32,16,1,0.05,0.3,0.5,0.001,2.61251,2.60599
33,16,1,0.05,0.3,0.5,0.001,2.99101,2.95739
34,16,1,0.05,0.3,0.5,0.001,2.14921,2.12198
35,16,1,0.05,0.3,0.5,0.001,3.71646,3.65579
36,16,1,0.05,0.3,0.5,0.001,2.18889,2.16891
37,16,1,0.05,0.3,0.5,0.001,2.23656,2.15931
38,16,1,0.05,0.3,0.5,0.001,2.54953,2.51627
39,16,1,0.05,0.3,0.5,0.001,2.59352,2.55423
40,16,1,0.05,0.3,0.5,0.001,2.49287,2.46183
41,16,1,0.05,0.3,0.5,0.001,2.37092,2.34651
42,16,1,0.05,0.3,0.5,0.001,2.79233,2.77561
43,16,1,0.05,0.3,0.5,0.001,2.69313,2.70221
44,16,1,0.05,0.3,0.5,0.001,2.44125,2.414
45,16,1,0.05,0.3,0.5,0.001,2.0961,2.00981
46,16,1,0.05,0.3,0.5,0.001,2.18279,2.1458
47,16,1,0.05,0.3,0.5,0.001,2.64733,2.58062
48,16,1,0.05,0.3,0.5,0.001,2.89295,2.87426
49,16,1,0.05,0.3,0.5,0.001,2.44605,2.4464
50,16,1,0.05,0.3,0.5,0.001,2.36467,2.36864
51,16,1,0.05,0.3,0.5,0.001,2.53002,2.49317
52,16,1,0.05,0.3,0.5,0.001,2.93758,2.9237
53,16,1,0.05,0.3,0.5,0.001,2.62926,2.58771
54,16,1,0.05,0.3,0.5,0.001,2.48577,2.48863
55,16,1,0.05,0.3,0.5,0.001,2.71576,2.65892
56,16,1,0.05,0.3,0.5,0.001,2.39012,2.34884
57,16,1,0.05,0.3,0.5,0.001,2.5028,2.45614
58,16,1,0.05,0.3,0.5,0.001,2.66682,2.63255
59,16,1,0.05,0.3,0.5,0.001,3.00027,2.94731
60,16,1,0.05,0.3,0.5,0.001,2.62197,2.5897
61,16,1,0.05,0.3,0.5,0.001,2.50114,2.4558
62,16,1,0.05,0.3,0.5,0.001,2.67671,2.64614
63,16,1,0.05,0.3,0.5,0.001,2.57325,2.55056
64,16,1,0.05,0.3,0.5,0.001,2.63492,2.62445
65,16,1,0.05,0.3,0.5,0.001,2.54219,2.47116
66,16,1,0.05,0.3,0.5,0.001,2.69561,2.66128
67,16,1,0.05,0.3,0.5,0.001,2.49231,2.43864
68,16,1,0.05,0.3,0.5,0.001,2.53554,2.50748
69,16,1,0.05,0.3,0.5,0.001,2.35736,2.28364
70,16,1,0.05,0.3,0.5,0.001,2.52043,2.48305
71,16,1,0.05,0.3,0.5,0.001,2.75664,2.75676
72,16,1,0.05,0.3,0.5,0.001,2.98184,2.96482
73,16,1,0.05,0.3,0.5,0.001,2.37932,2.3001
74,16,1,0.05,0.3,0.5,0.001,2.47103,2.40688
75,16,1,0.05,0.3,0.5,0.001,2.6647,2.62382
76,16,1,0.05,0.3,0.5,0.001,2.3282,2.28718
77,16,1,0.05,0.3,0.5,0.001,3.63694,3.59475
78,16,1,0.05,0.3,0.5,0.001,3.15521,3.14178
79,16,1,0.05,0.3,0.5,0.001,2.28544,2.22031
80,16,1,0.05,0.3,0.5,0.001,2.66694,2.63597
81,16,1,0.05,0.3,0.5,0.001,2.6931,2.66281
82,16,1,0.05,0.3,0.5,0.001,2.47987,2.42214
83,16,1,0.05,0.3,0.5,0.001,2.43213,2.3951
84,16,1,0.05,0.3,0.5,0.001,2.54465,2.50891
85,16,1,0.05,0.3,0.5,0.001,2.59594,2.57963
86,16,1,0.05,0.3,0.5,0.001,3.01827,2.96012
87,16,1,0.05,0.3,0.5,0.001,2.49389,2.45318
88,16,1,0.05,0.3,0.5,0.001,2.94908,2.92051
89,16,1,0.05,0.3,0.5,0.001,2.69888,2.66282
90,16,1,0.05,0.3,0.5,0.001,2.61518,2.59034
91,16,1,0.05,0.3,0.5,0.001,2.46756,2.4664
92,16,1,0.05,0.3,0.5,0.001,2.23392,2.17384
93,16,1,0.05,0.3,0.5,0.001,2.05068,2.02959
94,16,1,0.05,0.3,0.5,0.001,2.85901,2.8036
95,16,1,0.05,0.3,0.5,0.001,2.50684,2.43012
96,16,1,0.05,0.3,0.5,0.001,3.23618,3.21328
97,16,1,0.05,0.3,0.5,0.001,1.9291,1.86646
98,16,1,0.05,0.3,0.5,0.001,2.64156,2.61999
99,16,1,0.05,0.3,0.5,0.001,2.58169,2.51075
0,16,1,0.2,0.3,0.5,0.001,2.56918,2.56978
1,16,1,0.2,0.3,0.5,0.001,2.34425,2.34366
2,16,1,0.2,0.3,0.5,0.001,2.3089,2.30826
3,16,1,0.2,0.3,0.5,0.001,2.21101,2.21052
4,16,1,0.2,0.3,0.5,0.001,2.26284,2.26148
5,16,1,0.2,0.3,0.5,0.001,2.7091,2.7092
6,16,1,0.2,0.3,0.5,0.001,2.50521,2.50582
7,16,1,0.2,0.3,0.5,0.001,2.38682,2.385
8,16,1,0.2,0.3,0.5,0.001,2.1427,2.14281
9,16,1,0.2,0.3,0.5,0.001,3.08259,3.08243
10,16,1,0.2,0.3,0.5,0.001,2.71418,2.71331
11,16,1,0.2,0.3,0.5,0.001,2.89601,2.89575
12,16,1,0.2,0.3,0.5,0.001,2.44648,2.44602
13,16,1,0.2,0.3,0.5,0.001,2.67328,2.6739
14,16,1,0.2,0.3,0.5,0.001,2.93513,2.93548
15,16,1,0.2,0.3,0.5,0.001,2.37767,2.37654
16,16,1,0.2,0.3,0.5,0.001,2.57543,2.57557
17,16,1,0.2,0.3,0.5,0.001,2.17898,2.17977
18,16,1,0.2,0.3,0.5,0.001,2.88617,2.88633
19,16,1,0.2,0.3,0.5,0.001,2.76505,2.76516
20,16,1,0.2,0.3,0.5,0.001,2.24225,2.2416
21,16,1,0.2,0.3,0.5,0.001,2.70588,2.70684
22,16,1,0.2,0.3,0.5,0.001,2.58475,2.58463
23,16,1,0.2,0.3,0.5,0.001,2.64307,2.64347
24,16,1,0.2,0.3,0.5,0.001,2.45464,2.45514
25,16,1,0.2,0.3,0.5,0.001,2.49264,2.49334
26,16,1,0.2,0.3,0.5,0.001,2.16187,2.16147
27,16,1,0.2,0.3,0.5,0.001,2.55031,2.54953
28,16,1,0.2,0.3,0.5,0.001,2.37054,2.37146
29,16,1,0.2,0.3,0.5,0.001,2.64564,2.64646
30,16,1,0.2,0.3,0.5,0.001,2.86686,2.86696
31,16,1,0.2,0.3,0.5,0.001,2.7796,2.77961
32,16,1,0.2,0.3,0.5,0.001,2.63531,2.63465
33,16,1,0.2,0.3,0.5,0.001,2.92526,2.92675
34,16,1,0.2,0.3,0.5,0.001,3.71488,3.71621
35,16,1,0.2,0.3,0.5,0.001,2.34744,2.34686
36,16,1,0.2,0.3,0.5,0.001,3.02342,3.02274
37,16,1,0.2,0.3,0.5,0.001,2.49407,2.49427
38,16,1,0.2,0.3,0.5,0.001,2.65537,2.65374
39,16,1,0.2,0.3,0.5,0.001,2.38346,2.38367
40,16,1,0.2,0.3,0.5,0.001,2.457,2.4574
41,16,1,0.2,0.3,0.5,0.001,2.01971,2.02029
42,16,1,0.2,0.3,0.5,0.001,2.26115,2.26024
43,16,1,0.2,0.3,0.5,0.001,2.83421,2.8329
44,16,1,0.2,0.3,0.5,0.001,2.34835,2.34627
45,16,1,0.2,0.3,0.5,0.001,2.74059,2.74084
46,16,1,0.2,0.3,0.5,0.001,2.46952,2.46925
47,16,1,0.2,0.3,0.5,0.001,2.35223,2.35286
48,16,1,0.2,0.3,0.5,0.001,2.30686,2.30635
49,16,1,0.2,0.3,0.5,0.001,2.60909,2.60801
50,16,1,0.2,0.3,0.5,0.001,2.53642,2.53613
51,16,1,0.2,0.3,0.5,0.001,2.81678,2.81612
52,16,1,0.2,0.3,0.5,0.001,2.38707,2.38702
53,16,1,0.2,0.3,0.5,0.001,2.79359,2.79376
54,16,1,0.2,0.3,0.5,0.001,2.7455,2.74525
55,16,1,0.2,0.3,0.5,0.001,2.24605,2.24598
56,16,1,0.2,0.3,0.5,0.001,2.55749,2.55616
57,16,1,0.2,0.3,0.5,0.001,2.47139,2.47151
58,16,1,0.2,0.3,0.5,0.001,2.71346,2.71455
59,16,1,0.2,0.3,0.5,0.001,2.01876,2.01795
60,16,1,0.2,0.3,0.5,0.001,2.99563,2.99656
61,16,1,0.2,0.3,0.5,0.001,2.14383,2.14239
62,16,1,0.2,0.3,0.5,0.001,2.79022,2.79113
63,16,1,0.2,0.3,0.5,0.001,2.1829,2.18343
64,16,1,0.2,0.3,0.5,0.001,2.57519,2.57599
65,16,1,0.2,0.3,0.5,0.001,2.17135,2.17195
66,16,1,0.2,0.3,0.5,0.001,2.71665,2.71688
67,16,1,0.2,0.3,0.5,0.001,2.01955,2.01969
68,16,1,0.2,0.3,0.5,0.001,2.49648,2.49569
69,16,1,0.2,0.3,0.5,0.001,2.36348,2.36308
70,16,1,0.2,0.3,0.5,0.001,2.4985,2.49893
71,16,1,0.2,0.3,0.5,0.001,2.46077,2.46043
72,16,1,0.2,0.3,0.5,0.001,2.73312,2.73465
73,16,1,0.2,0.3,0.5,0.001,2.59048,2.59077
74,16,1,0.2,0.3,0.5,0.001,2.95947,2.9598
75,16,1,0.2,0.3,0.5,0.001,2.2819,2.28122
76,16,1,0.2,0.3,0.5,0.001,2.95515,2.95636
77,16,1,0.2,0.3,0.5,0.001,2.69214,2.69158
78,16,1,0.2,0.3,0.5,0.001,2.40044,2.40117
79,16,1,0.2,0.3,0.5,0.001,3.03652,3.03571
80,16,1,0.2,0.3,0.5,0.001,2.78736,2.7884
81,16,1,0.2,0.3,0.5,0.001,2.63753,2.63771
82,16,1,0.2,0.3,0.5,0.001,3.25367,3.25447
83,16,1,0.2,0.3,0.5,0.001,2.2675,2.26695
84,16,1,0.2,0.3,0.5,0.001,3.12394,3.12479
85,16,1,0.2,0.3,0.5,0.001,2.91383,2.91363
86,16,1,0.2,0.3,0.5,0.001,2.79854,2.79724
87,16,1,0.2,0.3,0.5,0.001,3.12442,3.12393
88,16,1,0.2,0.3,0.5,0.001,2.39928,2.40052
89,16,1,0.2,0.3,0.5,0.001,3.0273,3.02796
90,16,1,0.2,0.3,0.5,0.001,2.37146,2.37248
91,16,1,0.2,0.3,0.5,0.001,2.54875,2.54998
92,16,1,0.2,0.3,0.5,0.001,2.46927,2.46925
93,16,1,0.2,0.3,0.5,0.001,2.43148,2.4308
94,16,1,0.2,0.3,0.5,0.001,2.45503,2.45524
95,16,1,0.2,0.3,0.5,0.001,2.34027,2.34133
96,16,1,0.2,0.3,0.5,0.001,2.97603,2.97705
97,16,1,0.2,0.3,0.5,0.001,2.42077,2.4222
98,16,1,0.2,0.3,0.5,0.001,2.24607,2.24655
99,16,1,0.2,0.3,0.5,0.001,2.51351,2.51233
0,19,1,0.01,0.3,0.5,0.001,3.75017,2.32722
1,19,1,0.01,0.3,0.5,0.001,3.71264,2.33617
2,19,1,0.01,0.3,0.5,0.001,4.19401,3.02051
3,19,1,0.01,0.3,0.5,0.001,4.06077,2.78747
4,19,1,0.01,0.3,0.5,0.001,3.84908,2.58075
5,19,1,0.01,0.3,0.5,0.001,3.8085,2.52792
6,19,1,0.01,0.3,0.5,0.001,3.8592,2.54432
7,19,1,0.01,0.3,0.5,0.001,4.57136,3.52254
8,19,1,0.01,0.3,0.5,0.001,3.85402,2.51245
9,19,1,0.01,0.3,0.5,0.001,4.19908,3.03345
10,19,1,0.01,0.3,0.5,0.001,3.48847,1.95406
11,19,1,0.01,0.3,0.5,0.001,4.05899,2.8175
12,19,1,0.01,0.3,0.5,0.001,3.61462,2.18836
13,19,1,0.01,0.3,0.5,0.001,3.89454,2.48259
14,19,1,0.01,0.3,0.5,0.001,4.30993,3.12307
15,19,1,0.01,0.3,0.5,0.001,3.97642,2.58529
16,19,1,0.01,0.3,0.5,0.001,4.1675,2.93858
17,19,1,0.01,0.3,0.5,0.001,3.83225,2.58654
18,19,1,0.01,0.3,0.5,0.001,3.7024,2.29744
19,19,1,0.01,0.3,0.5,0.001,3.97433,2.77211
20,19,1,0.01,0.3,0.5,0.001,3.90631,2.70817
21,19,1,0.01,0.3,0.5,0.001,3.91718,2.5726
22,19,1,0.01,0.3,0.5,0.001,4.66735,3.51902
23,19,1,0.01,0.3,0.5,0.001,3.76336,2.38465
24,19,1,0.01,0.3,0.5,0.001,3.95224,2.68383
25,19,1,0.01,0.3,0.5,0.001,3.95904,2.66417
26,19,1,0.01,0.3,0.5,0.001,4.13622,2.90493
27,19,1,0.01,0.3,0.5,0.001,3.72061,2.37745
28,19,1,0.01,0.3,0.5,0.001,4.14569,2.94017
29,19,1,0.01,0.3,0.5,0.001,3.73786,2.40995
30,19,1,0.01,0.3,0.5,0.001,4.30603,3.13377
31,19,1,0.01,0.3,0.5,0.001,4.09693,2.86357
32,19,1,0.01,0.3,0.5,0.001,3.58722,2.05851
33,19,1,0.01,0.3,0.5,0.001,4.09524,2.86157
34,19,1,0.01,0.3,0.5,0.001,3.67258,2.37443
35,19,1,0.01,0.3,0.5,0.001,3.87815,2.58572
36,19,1,0.01,0.3,0.5,0.001,3.69693,2.31967
37,19,1,0.01,0.3,0.5,0.001,4.02105,2.81616
38,19,1,0.01,0.3,0.5,0.001,4.03432,2.85852
39,19,1,0.01,0.3,0.5,0.001,3.78597,2.50938
40,19,1,0.01,0.3,0.5,0.001,4.20255,3.07399
41,19,1,0.01,0.3,0.5,0.001,4.2799,3.13969
42,19,1,0.01,0.3,0.5,0.001,3.8201,2.47549
43,19,1,0.01,0.3,0.5,0.001,4.08911,2.85814
44,19,1,0.01,0.3,0.5,0.001,3.86889,2.56198
45,19,1,0.01,0.3,0.5,0.001,3.6592,2.20031
46,19,1,0.01,0.3,0.5,0.001,4.28268,3.16925
47,19,1,0.01,0.3,0.5,0.001,3.69662,2.22778
48,19,1,0.01,0.3,0.5,0.001,3.74623,2.37161
49,19,1,0.01,0.3,0.5,0.001,3.87516,2.49196
50,19,1,0.01,0.3,0.5,0.001,3.73848,2.35122
51,19,1,0.01,0.3,0.5,0.001,3.85401,2.56704
52,19,1,0.01,0.3,0.5,0.001,3.83559,2.49925
53,19,1,0.01,0.3,0.5,0.001,3.97651,2.72587
54,19,1,0.01,0.3,0.5,0.001,3.89739,2.5971
55,19,1,0.01,0.3,0.5,0.001,4.20426,2.98542
56,19,1,0.01,0.3,0.5,0.001,3.62795,2.19885
57,19,1,0.01,0.3,0.5,0.001,4.01937,2.77792
58,19,1,0.01,0.3,0.5,0.001,3.60267,2.18071
59,19,1,0.01,0.3,0.5,0.001,4.09834,2.91744
60,19,1,0.01,0.3,0.5,0.001,3.76229,2.30534
61,19,1,0.01,0.3,0.5,0.001,4.11717,2.92588
62,19,1,0.01,0.3,0.5,0.001,3.96725,2.69345
63,19,1,0.01,0.3,0.5,0.001,3.85974,2.6339
64,19,1,0.01,0.3,0.5,0.001,3.65042,2.1311
65,19,1,0.01,0.3,0.5,0.001,4.16995,2.96157
66,19,1,0.01,0.3,0.5,0.001,3.69939,2.29641
67,19,1,0.01,0.3,0.5,0.001,3.84857,2.54048
68,19,1,0.01,0.3,0.5,0.001,3.94837,2.66062
69,19,1,0.01,0.3,0.5,0.001,4.05263,2.82348
70,19,1,0.01,0.3,0.5,0.001,4.06114,2.77216
71,19,1,0.01,0.3,0.5,0.001,3.84296,2.4591
72,19,1,0.01,0.3,0.5,0.001,3.69659,2.39021
73,19,1,0.01,0.3,0.5,0.001,4.01201,2.75175
74,19,1,0.01,0.3,0.5,0.001,3.65031,2.26698
75,19,1,0.01,0.3,0.5,0.001,3.62412,2.1772
76,19,1,0.01,0.3,0.5,0.001,3.72013,2.39523
77,19,1,0.01,0.3,0.5,0.001,3.80162,2.35493
78,19,1,0.01,0.3,0.5,0.001,4.13454,2.97715
79,19,1,0.01,0.3,0.5,0.001,4.21247,2.95921
80,19,1,0.01,0.3,0.5,0.001,3.92966,2.5799
81,19,1,0.01,0.3,0.5,0.001,4.13719,2.91393
82,19,1,0.01,0.3,0.5,0.001,3.81627,2.48925
83,19,1,0.01,0.3,0.5,0.001,3.89836,2.61843
84,19,1,0.01,0.3,0.5,0.001,3.60817,2.11492
85,19,1,0.01,0.3,0.5,0.001,3.60606,2.1925
86,19,1,0.01,0.3,0.5,0.001,3.88732,2.56623
87,19,1,0.01,0.3,0.5,0.001,3.92711,2.58715
88,19,1,0.01,0.3,0.5,0.001,4.03009,2.70152
89,19,1,0.01,0.3,0.5,0.001,3.90303,2.63791
90,19,1,0.01,0.3,0.5,0.001,3.94996,2.6942
91,19,1,0.01,0.3,0.5,0.001,4.12228,2.95232
92,19,1,0.01,0.3,0.5,0.001,4.14632,2.89302
93,19,1,0.01,0.3,0.5,0.001,3.60896,2.13732
94,19,1,0.01,0.3,0.5,0.001,4.23539,3.09477
95,19,1,0.01,0.3,0.5,0.001,3.70157,2.35775
96,19,1,0.01,0.3,0.5,0.001,3.92491,2.57504
97,19,1,0.01,0.3,0.5,0.001,4.4859,3.36642
98,19,1,0.01,0.3,0.5,0.001,3.97613,2.80251
99,19,1,0.01,0.3,0.5,0.001,4.41408,3.31325
0,19,1,0.05,0.3,0.5,0.001,2.14997,2.12202
1,19,1,0.05,0.3,0.5,0.001,3.0816,3.04524
2,19,1,0.05,0.3,0.5,0.001,4.23225,4.18962
3,19,1,0.05,0.3,0.5,0.001,2.89619,2.85275
4,19,1,0.05,0.3,0.5,0.001,2.55579,2.552
5,19,1,0.05,0.3,0.5,0.001,2.82629,2.80954
6,19,1,0.05,0.3,0.5,0.001,2.20104,2.16473
7,19,1,0.05,0.3,0.5,0.001,2.76849,2.75377
8,19,1,0.05,0.3,0.5,0.001,2.53976,2.51625
9,19,1,0.05,0.3,0.5,0.001,2.78919,2.74152
10,19,1,0.05,0.3,0.5,0.001,2.56474,2.56397
11,19,1,0.05,0.3,0.5,0.001,2.14775,2.13106
12,19,1,0.05,0.3,0.5,0.001,2.31195,2.28763
13,19,1,0.05,0.3,0.5,0.001,2.42131,2.39563
14,19,1,0.05,0.3,0.5,0.001,2.4791,2.45581
15,19,1,0.05,0.3,0.5,0.001,3.01426,2.98343
16,19,1,0.05,0.3,0.5,0.001,2.72335,2.69938
17,19,1,0.05,0.3,0.5,0.001,2.30108,2.23873
18,19,1,0.05,0.3,0.5,0.001,2.48567,2.46134
19,19,1,0.05,0.3,0.5,0.001,2.54743,2.52698
20,19,1,0.05,0.3,0.5,0.001,2.47436,2.47012
21,19,1,0.05,0.3,0.5,0.001,2.79062,2.7734
22,19,1,0.05,0.3,0.5,0.001,2.55667,2.51769
23,19,1,0.05,0.3,0.5,0.001,2.18672,2.14731
24,19,1,0.05,0.3,0.5,0.001,2.80598,2.79187
25,19,1,0.05,0.3,0.5,0.001,2.42272,2.39403
26,19,1,0.05,0.3,0.5,0.001,2.50209,2.45026
27,19,1,0.05,0.3,0.5,0.001,3.14505,3.0787
28,19,1,0.05,0.3,0.5,0.001,2.90254,2.91885
29,19,1,0.05,0.3,0.5,0.001,3.10716,3.09021
30,19,1,0.05,0.3,0.5,0.001,2.91589,2.8766
31,19,1,0.05,0.3,0.5,0.001,2.80845,2.80231
32,19,1,0.05,0.3,0.5,0.001,2.69306,2.64392
33,19,1,0.05,0.3,0.5,0.001,2.60625,2.56411
34,19,1,0.05,0.3,0.5,0.001,2.34783,2.28808
35,19,1,0.05,0.3,0.5,0.001,2.13101,2.11383
36,19,1,0.05,0.3,0.5,0.001,2.82633,2.81919
37,19,1,0.05,0.3,0.5,0.001,2.52832,2.48133
38,19,1,0.05,0.3,0.5,0.001,2.56252,2.53742
39,19,1,0.05,0.3,0.5,0.001,2.35825,2.37447
40,19,1,0.05,0.3,0.5,0.001,2.0658,2.03377
41,19,1,0.05,0.3,0.5,0.001,2.86064,2.78995
42,19,1,0.05,0.3,0.5,0.001,2.76888,2.7218
43,19,1,0.05,0.3,0.5,0.001,3.21384,3.1745
44,19,1,0.05,0.3,0.5,0.001,2.55294,2.52981
45,19,1,0.05,0.3,0.5,0.001,2.87526,2.8264
46,19,1,0.05,0.3,0.5,0.001,2.29749,2.25205
47,19,1,0.05,0.3,0.5,0.001,2.23283,2.1821
48,19,1,0.05,0.3,0.5,0.001,2.32631,2.297
49,19,1,0.05,0.3,0.5,0.001,2.09549,2.06378
50,19,1,0.05,0.3,0.5,0.001,2.86595,2.87572
51,19,1,0.05,0.3,0.5,0.001,2.42476,2.41822
52,19,1,0.05,0.3,0.5,0.001,2.87478,2.87713
53,19,1,0.05,0.3,0.5,0.001,3.32546,3.28888
54,19,1,0.05,0.3,0.5,0.001,2.38043,2.36203
55,19,1,0.05,0.3,0.5,0.001,2.79798,2.76946
56,19,1,0.05,0.3,0.5,0.001,2.98138,2.95711
57,19,1,0.05,0.3,0.5,0.001,2.37497,2.3556
58,19,1,0.05,0.3,0.5,0.001,2.17062,2.12596
59,19,1,0.05,0.3,0.5,0.001,3.10796,3.07504
60,19,1,0.05,0.3,0.5,0.001,2.67707,2.6456
61,19,1,0.05,0.3,0.5,0.001,2.79904,2.78891
62,19,1,0.05,0.3,0.5,0.001,2.21246,2.19421
63,19,1,0.05,0.3,0.5,0.001,2.16887,2.13501
64,19,1,0.05,0.3,0.5,0.001,2.39615,2.36795
65,19,1,0.05,0.3,0.5,0.001,2.49019,2.45886
66,19,1,0.05,0.3,0.5,0.001,3.06029,3.02194
67,19,1,0.05,0.3,0.5,0.001,2.23635,2.22425
68,19,1,0.05,0.3,0.5,0.001,2.55962,2.53787
69,19,1,0.05,0.3,0.5,0.001,2.75432,2.73572
70,19,1,0.05,0.3,0.5,0.001,2.92609,2.88527
71,19,1,0.05,0.3,0.5,0.001,2.03377,1.99205
72,19,1,0.05,0.3,0.5,0.001,2.64003,2.62526
73,19,1,0.05,0.3,0.5,0.001,2.96293,2.91946
74,19,1,0.05,0.3,0.5,0.001,2.99473,2.9758
75,19,1,0.05,0.3,0.5,0.001,2.44304,2.40056
76,19,1,0.05,0.3,0.5,0.001,2.53939,2.54405
77,19,1,0.05,0.3,0.5,0.001,3.07532,3.04936
78,19,1,0.05,0.3,0.5,0.001,2.42378,2.4277
79,19,1,0.05,0.3,0.5,0.001,2.73471,2.71635
80,19,1,0.05,0.3,0.5,0.001,2.70599,2.68518
81,19,1,0.05,0.3,0.5,0.001,2.19136,2.17575
82,19,1,0.05,0.3,0.5,0.001,2.60694,2.5675
83,19,1,0.05,0.3,0.5,0.001,2.33421,2.30709
84,19,1,0.05,0.3,0.5,0.001,2.55868,2.5083
85,19,1,0.05,0.3,0.5,0.001,2.47954,2.47264
86,19,1,0.05,0.3,0.5,0.001,2.46371,2.41464
87,19,1,0.05,0.3,0.5,0.001,2.3338,2.29517
88,19,1,0.05,0.3,0.5,0.001,2.41794,2.4118
89,19,1,0.05,0.3,0.5,0.001,2.59803,2.56774
90,19,1,0.05,0.3,0.5,0.001,2.46961,2.43707
91,19,1,0.05,0.3,0.5,0.001,2.79097,2.76637
92,19,1,0.05,0.3,0.5,0.001,2.12948,2.08378
93,19,1,0.05,0.3,0.5,0.001,2.54246,2.49637
94,19,1,0.05,0.3,0.5,0.001,2.80716,2.76125
95,19,1,0.05,0.3,0.5,0.001,2.42104,2.41046
96,19,1,0.05,0.3,0.5,0.001,2.17298,2.11101
97,19,1,0.05,0.3,0.5,0.001,2.31875,2.30086
98,19,1,0.05,0.3,0.5,0.001,2.38653,2.35531
99,19,1,0.05,0.3,0.5,0.001,2.23702,2.1997
0,19,1,0.2,0.3,0.5,0.001,2.71984,2.7189
1,19,1,0.2,0.3,0.5,0.001,2.57522,2.57643
2,19,1,0.2,0.3,0.5,0.001,2.7869,2.78657
3,19,1,0.2,0.3,0.5,0.001,2.68434,2.68447
4,19,1,0.2,0.3,0.5,0.001,2.94362,2.94455
5,19,1,0.2,0.3,0.5,0.001,2.70325,2.70366
6,19,1,0.2,0.3,0.5,0.001,2.00758,2.00898
7,19,1,0.2,0.3,0.5,0.001,2.02559,2.02517
8,19,1,0.2,0.3,0.5,0.001,2.4656,2.4645
9,19,1,0.2,0.3,0.5,0.001,2.68339,2.68211
10,19,1,0.2,0.3,0.5,0.001,2.25108,2.24995
11,19,1,0.2,0.3,0.5,0.001,3.45974,3.46036
12,19,1,0.2,0.3,0.5,0.001,2.36108,2.36074
13,19,1,0.2,0.3,0.5,0.001,2.60027,2.6005
14,19,1,0.2,0.3,0.5,0.001,2.59694,2.59793
15,19,1,0.2,0.3,0.5,0.001,2.3502,2.34986
16,19,1,0.2,0.3,0.5,0.001,3.14519,3.14304
17,19,1,0.2,0.3,0.5,0.001,2.31457,2.31436
18,19,1,0.2,0.3,0.5,0.001,2.67348,2.6729
19,19,1,0.2,0.3,0.5,0.001,1.98272,1.98293
20,19,1,0.2,0.3,0.5,0.001,1.92036,1.91984
21,19,1,0.2,0.3,0.5,0.001,2.88379,2.8825
22,19,1,0.2,0.3,0.5,0.001,2.5931,2.59257
23,19,1,0.2,0.3,0.5,0.001,2.852,2.85342
24,19,1,0.2,0.3,0.5,0.001,2.71747,2.71904
25,19,1,0.2,0.3,0.5,0.001,2.72795,2.72715
26,19,1,0.2,0.3,0.5,0.001,2.28961,2.2893
27,19,1,0.2,0.3,0.5,0.001,2.07476,2.07483
28,19,1,0.2,0.3,0.5,0.001,2.96418,2.96198
29,19,1,0.2,0.3,0.5,0.001,2.04329,2.04289
30,19,1,0.2,0.3,0.5,0.001,2.49219,2.49159
31,19,1,0.2,0.3,0.5,0.001,2.78219,2.78274
32,19,1,0.2,0.3,0.5,0.001,3.00912,3.00997
33,19,1,0.2,0.3,0.5,0.001,2.58046,2.5802
34,19,1,0.2,0.3,0.5,0.001,2.83698,2.83743
35,19,1,0.2,0.3,0.5,0.001,2.70456,2.70494
36,19,1,0.2,0.3,0.5,0.001,2.24103,2.24087
37,19,1,0.2,0.3,0.5,0.001,2.19349,2.19279
38,19,1,0.2,0.3,0.5,0.001,2.50631,2.50679
39,19,1,0.2,0.3,0.5,0.001,2.51154,2.5111
40,19,1,0.2,0.3,0.5,0.001,2.34005,2.33901
41,19,1,0.2,0.3,0.5,0.001,2.48194,2.48296
42,19,1,0.2,0.3,0.5,0.001,2.52695,2.52741
43,19,1,0.2,0.3,0.5,0.001,3.21927,3.21863
44,19,1,0.2,0.3,0.5,0.001,2.14731,2.14538
45,19,1,0.2,0.3,0.5,0.001,2.18229,2.18269
46,19,1,0.2,0.3,0.5,0.001,2.43094,2.43059
47,19,1,0.2,0.3,0.5,0.001,2.37383,2.37382
48,19,1,0.2,0.3,0.5,0.001,2.17002,2.17082
49,19,1,0.2,0.3,0.5,0.001,2.67991,2.67828
50,19,1,0.2,0.3,0.5,0.001,2.76856,2.76922
51,19,1,0.2,0.3,0.5,0.001,3.44589,3.44628
52,19,1,0.2,0.3,0.5,0.001,2.06881,2.06968
53,19,1,0.2,0.3,0.5,0.001,2.31447,2.31399
54,19,1,0.2,0.3,0.5,0.001,2.36057,2.36102
55,19,1,0.2,0.3,0.5,0.001,2.70609,2.70605
56,19,1,0.2,0.3,0.5,0.001,2.54642,2.5459
57,19,1,0.2,0.3,0.5,0.001,2.55391,2.55161
58,19,1,0.2,0.3,0.5,0.001,2.1292,2.12783
59,19,1,0.2,0.3,0.5,0.001,2.06411,2.06378
60,19,1,0.2,0.3,0.5,0.001,2.11495,2.11475
61,19,1,0.2,0.3,0.5,0.001,2.49181,2.49246
62,19,1,0.2,0.3,0.5,0.001,2.28376,2.28319
63,19,1,0.2,0.3,0.5,0.001,2.49542,2.49602
64,19,1,0.2,0.3,0.5,0.001,2.63469,2.63526
65,19,1,0.2,0.3,0.5,0.001,2.29174,2.29092
66,19,1,0.2,0.3,0.5,0.001,3.46475,3.46433
67,19,1,0.2,0.3,0.5,0.001,2.21527,2.21439
68,19,1,0.2,0.3,0.5,0.001,2.85502,2.85587
69,19,1,0.2,0.3,0.5,0.001,2.73086,2.72994
70,19,1,0.2,0.3,0.5,0.001,2.32299,2.32237
71,19,1,0.2,0.3,0.5,0.001,2.69659,2.6976
72,19,1,0.2,0.3,0.5,0.001,2.45564,2.45567
73,19,1,0.2,0.3,0.5,0.001,2.83346,2.83435
74,19,1,0.2,0.3,0.5,0.001,2.94797,2.94846
75,19,1,0.2,0.3,0.5,0.001,2.67547,2.67562
76,19,1,0.2,0.3,0.5,0.001,2.76806,2.76706
77,19,1,0.2,0.3,0.5,0.001,2.47517,2.47508
78,19,1,0.2,0.3,0.5,0.001,2.67596,2.67634
79,19,1,0.2,0.3,0.5,0.001,2.93883,2.93893
80,19,1,0.2,0.3,0.5,0.001,2.58949,2.58887
81,19,1,0.2,0.3,0.5,0.001,2.83471,2.83406
82,19,1,0.2,0.3,0.5,0.001,1.90704,1.90813
83,19,1,0.2,0.3,0.5,0.001,3.06083,3.05998
84,19,1,0.2,0.3,0.5,0.001,2.50023,2.50033
85,19,1,0.2,0.3,0.5,0.001,3.11336,3.11433
86,19,1,0.2,0.3,0.5,0.001,2.46359,2.46524
87,19,1,0.2,0.3,0.5,0.001,2.46104,2.46159
88,19,1,0.2,0.3,0.5,0.001,3.63635,3.63744
89,19,1,0.2,0.3,0.5,0.001,2.78207,2.78293
90,19,1,0.2,0.3,0.5,0.001,2.66829,2.66804
91,19,1,0.2,0.3,0.5,0.001,2.78145,2.7812
92,19,1,0.2,0.3,0.5,0.001,2.4749,2.47484
93,19,1,0.2,0.3,0.5,0.001,2.98137,2.98141
94,19,1,0.2,0.3,0.5,0.001,2.97652,2.9766
95,19,1,0.2,0.3,0.5,0.001,3.08484,3.08389
96,19,1,0.2,0.3,0.5,0.001,2.67109,2.67138
97,19,1,0.2,0.3,0.5,0.001,2.23899,2.23885
98,19,1,0.2,0.3,0.5,0.001,2.55173,2.55232
99,19,1,0.2,0.3,0.5,0.001,2.72521,2.72438
0,22,1,0.01,0.3,0.5,0.001,3.6922,2.29828
1,22,1,0.01,0.3,0.5,0.001,3.4484,1.82945
2,22,1,0.01,0.3,0.5,0.001,3.78323,2.41515
3,22,1,0.01,0.3,0.5,0.001,3.51439,2.04796
4,22,1,0.01,0.3,0.5,0.001,3.60982,2.23894
5,22,1,0.01,0.3,0.5,0.001,3.95014,2.6619
6,22,1,0.01,0.3,0.5,0.001,4.10784,2.96042
7,22,1,0.01,0.3,0.5,0.001,4.1036,3.01965
8,22,1,0.01,0.3,0.5,0.001,3.6734,2.3793
9,22,1,0.01,0.3,0.5,0.001,3.92525,2.67168
10,22,1,0.01,0.3,0.5,0.001,4.19207,3.0189
11,22,1,0.01,0.3,0.5,0.001,4.06174,2.91596
12,22,1,0.01,0.3,0.5,0.001,3.52636,2.10563
13,22,1,0.01,0.3,0.5,0.001,3.75909,2.35855
14,22,1,0.01,0.3,0.5,0.001,3.67485,2.32677
15,22,1,0.01,0.3,0.5,0.001,3.7121,2.30147
16,22,1,0.01,0.3,0.5,0.001,3.67823,2.24672
17,22,1,0.01,0.3,0.5,0.001,3.99243,2.84901
18,22,1,0.01,0.3,0.5,0.001,3.57454,2.19492
19,22,1,0.01,0.3,0.5,0.001,4.12985,3.06368
20,22,1,0.01,0.3,0.5,0.001,3.73404,2.39271
21,22,1,0.01,0.3,0.5,0.001,4.10549,2.90655
22,22,1,0.01,0.3,0.5,0.001,3.71403,2.41475
23,22,1,0.01,0.3,0.5,0.001,4.05003,2.78343
24,22,1,0.01,0.3,0.5,0.001,4.62645,3.58739
25,22,1,0.01,0.3,0.5,0.001,4.07229,2.88067
26,22,1,0.01,0.3,0.5,0.001,3.97111,2.68757
27,22,1,0.01,0.3,0.5,0.001,3.97475,2.7695
28,22,1,0.01,0.3,0.5,0.001,3.44746,1.94878
29,22,1,0.01,0.3,0.5,0.001,3.46061,1.99577
30,22,1,0.01,0.3,0.5,0.001,3.79792,2.38389
31,22,1,0.01,0.3,0.5,0.001,3.44672,2.00289
32,22,1,0.01,0.3,0.5,0.001,3.86027,2.65059
33,22,1,0.01,0.3,0.5,0.001,3.42621,1.85849
34,22,1,0.01,0.3,0.5,0.001,3.771,2.41931
35,22,1,0.01,0.3,0.5,0.001,3.69792,2.29868
36,22,1,0.01,0.3,0.5,0.001,3.59412,2.13861
37,22,1,0.01,0.3,0.5,0.001,3.71798,2.37391
38,22,1,0.01,0.3,0.5,0.001,3.81323,2.52661
39,22,1,0.01,0.3,0.5,0.001,4.29447,3.22743
40,22,1,0.01,0.3,0.5,0.001,4.19761,3.07397
41,22,1,0.01,0.3,0.5,0.001,3.68395,2.34497
42,22,1,0.01,0.3,0.5,0.001,3.9511,2.68249
43,22,1,0.01,0.3,0.5,0.001,4.0622,2.81039
44,22,1,0.01,0.3,0.5,0.001,3.91078,2.61958
45,22,1,0.01,0.3,0.5,0.001,3.51024,1.99601
46,22,1,0.01,0.3,0.5,0.001,4.027,2.84678
47,22,1,0.01,0.3,0.5,0.001,3.52142,2.17156
48,22,1,0.01,0.3,0.5,0.001,3.96752,2.74784
49,22,1,0.01,0.3,0.5,0.001,4.08786,2.84278
50,22,1,0.01,0.3,0.5,0.001,3.43425,1.81628
51,22,1,0.01,0.3,0.5,0.001,3.75982,2.55641
52,22,1,0.01,0.3,0.5,0.001,3.81827,2.55401
53,22,1,0.01,0.3,0.5,0.001,4.40716,3.33116
54,22,1,0.01,0.3,0.5,0.001,3.87304,2.69103
55,22,1,0.01,0.3,0.5,0.001,3.92898,2.61971
56,22,1,0.01,0.3,0.5,0.001,4.35609,3.33061
57,22,1,0.01,0.3,0.5,0.001,3.7307,2.43269
58,22,1,0.01,0.3,0.5,0.001,4.76972,3.77182
59,22,1,0.01,0.3,0.5,0.001,3.60042,2.18301
60,22,1,0.01,0.3,0.5,0.001,4.88077,3.96495
61,22,1,0.01,0.3,0.5,0.001,3.79552,2.51587
62,22,1,0.01,0.3,0.5,0.001,3.90607,2.66854
63,22,1,0.01,0.3,0.5,0.001,3.74169,2.36741
64,22,1,0.01,0.3,0.5,0.001,3.72752,2.40587
65,22,1,0.01,0.3,0.5,0.001,3.33775,1.81669
66,22,1,0.01,0.3,0.5,0.001,3.9982,2.81532
67,22,1,0.01,0.3,0.5,0.001,3.81904,2.62882
68,22,1,0.01,0.3,0.5,0.001,3.80007,2.49822
69,22,1,0.01,0.3,0.5,0.001,4.01448,2.71858
70,22,1,0.01,0.3,0.5,0.001,3.89541,2.66976
71,22,1,0.01,0.3,0.5,0.001,4.10409,3.00326
72,22,1,0.01,0.3,0.5,0.001,3.81707,2.53024
73,22,1,0.01,0.3,0.5,0.001,3.65456,2.40396
74,22,1,0.01,0.3,0.5,0.001,4.01167,2.82492
75,22,1,0.01,0.3,0.5,0.001,3.83464,2.45586
76,22,1,0.01,0.3,0.5,0.001,4.12521,2.97248
77,22,1,0.01,0.3,0.5,0.001,3.92798,2.65016
78,22,1,0.01,0.3,0.5,0.001,4.4376,3.33487
79,22,1,0.01,0.3,0.5,0.001,4.13382,2.94936
80,22,1,0.01,0.3,0.5,0.001,3.92163,2.68231
81,22,1,0.01,0.3,0.5,0.001,3.69759,2.29618
82,22,1,0.01,0.3,0.5,0.001,4.20418,3.11279
83,22,1,0.01,0.3,0.5,0.001,4.17251,2.9956
84,22,1,0.01,0.3,0.5,0.001,3.70139,2.40941
85,22,1,0.01,0.3,0.5,0.001,3.5851,2.21808
86,22,1,0.01,0.3,0.5,0.001,3.98621,2.84102
87,22,1,0.01,0.3,0.5,0.001,3.78887,2.42986
88,22,1,0.01,0.3,0.5,0.001,3.53198,2.12958
89,22,1,0.01,0.3,0.5,0.001,3.79775,2.4966
90,22,1,0.01,0.3,0.5,0.001,3.78565,2.47082
91,22,1,0.01,0.3,0.5,0.001,3.62447,2.233
92,22,1,0.01,0.3,0.5,0.001,3.65857,2.31079
93,22,1,0.01,0.3,0.5,0.001,3.76547,2.44644
94,22,1,0.01,0.3,0.5,0.001,3.80723,2.48997
95,22,1,0.01,0.3,0.5,0.001,3.69022,2.35489
96,22,1,0.01,0.3,0.5,0.001,3.60824,2.21195
97,22,1,0.01,0.3,0.5,0.001,3.66918,2.2979
98,22,1,0.01,0.3,0.5,0.001,3.65137,2.21696
99,22,1,0.01,0.3,0.5,0.001,4.74059,3.77386
0,22,1,0.05,0.3,0.5,0.001,2.69748,2.68447
1,22,1,0.05,0.3,0.5,0.001,2.46182,2.45103
2,22,1,0.05,0.3,0.5,0.001,2.35464,2.30108
3,22,1,0.05,0.3,0.5,0.001,2.27101,2.24461
4,22,1,0.05,0.3,0.5,0.001,2.36226,2.36343
5,22,1,0.05,0.3,0.5,0.001,2.55798,2.53465
6,22,1,0.05,0.3,0.5,0.001,2.46293,2.44572
7,22,1,0.05,0.3,0.5,0.001,2.67458,2.62485
8,22,1,0.05,0.3,0.5,0.001,2.06912,2.04995
9,22,1,0.05,0.3,0.5,0.001,2.54836,2.55161
10,22,1,0.05,0.3,0.5,0.001,2.34113,2.33597
11,22,1,0.05,0.3,0.5,0.001,2.93284,2.93021
12,22,1,0.05,0.3,0.5,0.001,2.50718,2.48259
13,22,1,0.05,0.3,0.5,0.001,2.4224,2.39526
14,22,1,0.05,0.3,0.5,0.001,2.94221,2.91446
15,22,1,0.05,0.3,0.5,0.001,3.22834,3.23096
16,22,1,0.05,0.3,0.5,0.001,2.49718,2.45565
17,22,1,0.05,0.3,0.5,0.001,2.08798,2.07617
18,22,1,0.05,0.3,0.5,0.001,3.71449,3.73244
19,22,1,0.05,0.3,0.5,0.001,2.92797,2.90353
20,22,1,0.05,0.3,0.5,0.001,2.71005,2.7044
21,22,1,0.05,0.3,0.5,0.001,2.60248,2.58707
22,22,1,0.05,0.3,0.5,0.001,2.28661,2.21336
23,22,1,0.05,0.3,0.5,0.001,2.48654,2.48459
24,22,1,0.05,0.3,0.5,0.001,2.65466,2.61793
25,22,1,0.05,0.3,0.5,0.001,2.6805,2.64921
26,22,1,0.05,0.3,0.5,0.001,2.47379,2.46012
27,22,1,0.05,0.3,0.5,0.001,2.42432,2.4109
28,22,1,0.05,0.3,0.5,0.001,2.1029,2.05166
29,22,1,0.05,0.3,0.5,0.001,2.53537,2.49851
30,22,1,0.05,0.3,0.5,0.001,3.06357,3.05571
31,22,1,0.05,0.3,0.5,0.001,2.54129,2.50846
32,22,1,0.05,0.3,0.5,0.001,2.20415,2.17277
33,22,1,0.05,0.3,0.5,0.001,2.31785,2.28299
34,22,1,0.05,0.3,0.5,0.001,2.57187,2.57098
35,22,1,0.05,0.3,0.5,0.001,3.00182,2.99489
36,22,1,0.05,0.3,0.5,0.001,2.32707,2.29911
37,22,1,0.05,0.3,0.5,0.001,2.38226,2.36035
38,22,1,0.05,0.3,0.5,0.001,2.93291,2.92834
39,22,1,0.05,0.3,0.5,0.001,2.38461,2.34221
40,22,1,0.05,0.3,0.5,0.001,2.40928,2.37409
41,22,1,0.05,0.3,0.5,0.001,2.0796,2.0594
42,22,1,0.05,0.3,0.5,0.001,2.66297,2.63872
43,22,1,0.05,0.3,0.5,0.001,2.3214,2.28773
44,22,1,0.05,0.3,0.5,0.001,2.00648,1.96905
45,22,1,0.05,0.3,0.5,0.001,2.43931,2.40938
46,22,1,0.05,0.3,0.5,0.001,2.92867,2.93562
47,22,1,0.05,0.3,0.5,0.001,2.65073,2.65601
48,22,1,0.05,0.3,0.5,0.001,2.89088,2.84888
49,22,1,0.05,0.3,0.5,0.001,3.00783,3.01831
50,22,1,0.05,0.3,0.5,0.001,2.20341,2.16042
51,22,1,0.05,0.3,0.5,0.001,2.60946,2.60021
52,22,1,0.05,0.3,0.5,0.001,2.84416,2.81565
53,22,1,0.05,0.3,0.5,0.001,2.86099,2.81707
54,22,1,0.05,0.3,0.5,0.001,4.561,4.5487
55,22,1,0.05,0.3,0.5,0.001,2.3497,2.32157
56,22,1,0.05,0.3,0.5,0.001,2.07371,2.05634
57,22,1,0.05,0.3,0.5,0.001,2.57921,2.54375
58,22,1,0.05,0.3,0.5,0.001,2.19688,2.15901
59,22,1,0.05,0.3,0.5,0.001,3.35374,3.32595
60,22,1,0.05,0.3,0.5,0.001,2.593,2.54822
61,22,1,0.05,0.3,0.5,0.001,2.66961,2.66072
62,22,1,0.05,0.3,0.5,0.001,2.34866,2.30976
63,22,1,0.05,0.3,0.5,0.001,2.012,2.00027
64,22,1,0.05,0.3,0.5,0.001,2.1344,2.11166
65,22,1,0.05,0.3,0.5,0.001,3.19635,3.18371
66,22,1,0.05,0.3,0.5,0.001,2.53487,2.5263
67,22,1,0.05,0.3,0.5,0.001,2.43754,2.40929
68,22,1,0.05,0.3,0.5,0.001,2.9718,2.92088
69,22,1,0.05,0.3,0.5,0.001,2.3328,2.28353
70,22,1,0.05,0.3,0.5,0.001,2.66059,2.65959
71,22,1,0.05,0.3,0.5,0.001,2.58762,2.55391
72,22,1,0.05,0.3,0.5,0.001,3.18128,3.14863
73,22,1,0.05,0.3,0.5,0.001,2.50721,2.51688
74,22,1,0.05,0.3,0.5,0.001,2.61571,2.59028
75,22,1,0.05,0.3,0.5,0.001,2.73322,2.70233
76,22,1,0.05,0.3,0.5,0.001,2.88981,2.87885
77,22,1,0.05,0.3,0.5,0.001,3.18269,3.17113
78,22,1,0.05,0.3,0.5,0.001,2.74934,2.72755
79,22,1,0.05,0.3,0.5,0.001,2.80782,2.78921
80,22,1,0.05,0.3,0.5,0.001,2.01462,2.00662
81,22,1,0.05,0.3,0.5,0.001,2.04118,2.04579
82,22,1,0.05,0.3,0.5,0.001,2.50137,2.47575
83,22,1,0.05,0.3,0.5,0.001,2.5405,2.53762
84,22,1,0.05,0.3,0.5,0.001,2.967,2.93305
85,22,1,0.05,0.3,0.5,0.001,3.08267,3.07826
86,22,1,0.05,0.3,0.5,0.001,2.85213,2.8537
87,22,1,0.05,0.3,0.5,0.001,2.13688,2.08753
88,22,1,0.05,0.3,0.5,0.001,2.48473,2.4861
89,22,1,0.05,0.3,0.5,0.001,2.46583,2.45373
90,22,1,0.05,0.3,0.5,0.001,3.14955,3.15029
91,22,1,0.05,0.3,0.5,0.001,2.58314,2.53502
92,22,1,0.05,0.3,0.5,0.001,2.85882,2.84207
93,22,1,0.05,0.3,0.5,0.001,2.38502,2.33846
94,22,1,0.05,0.3,0.5,0.001,2.81096,2.81167
95,22,1,0.05,0.3,0.5,0.001,2.7944,2.78979
96,22,1,0.05,0.3,0.5,0.001,2.3278,2.31616
97,22,1,0.05,0.3,0.5,0.001,2.69845,2.66703
98,22,1,0.05,0.3,0.5,0.001,2.5697,2.52552
99,22,1,0.05,0.3,0.5,0.001,2.46658,2.46251
0,22,1,0.2,0.3,0.5,0.001,3.52236,3.52195
1,22,1,0.2,0.3,0.5,0.001,2.42759,2.42718
2,22,1,0.2,0.3,0.5,0.001,2.92309,2.92216
3,22,1,0.2,0.3,0.5,0.001,2.38601,2.38686
4,22,1,0.2,0.3,0.5,0.001,2.596,2.5958
5,22,1,0.2,0.3,0.5,0.001,2.49025,2.48934
6,22,1,0.2,0.3,0.5,0.001,2.28797,2.28668
7,22,1,0.2,0.3,0.5,0.001,2.58566,2.58557
8,22,1,0.2,0.3,0.5,0.001,2.20087,2.2011
9,22,1,0.2,0.3,0.5,0.001,2.23342,2.23394
10,22,1,0.2,0.3,0.5,0.001,2.11959,2.11907
11,22,1,0.2,0.3,0.5,0.001,2.8539,2.85381
12,22,1,0.2,0.3,0.5,0.001,2.17642,2.17579
13,22,1,0.2,0.3,0.5,0.001,2.48488,2.48268
14,22,1,0.2,0.3,0.5,0.001,2.42247,2.42142
15,22,1,0.2,0.3,0.5,0.001,2.90019,2.89974
16,22,1,0.2,0.3,0.5,0.001,2.60899,2.61025
17,22,1,0.2,0.3,0.5,0.001,2.96746,2.9668
18,22,1,0.2,0.3,0.5,0.001,2.45708,2.4568
19,22,1,0.2,0.3,0.5,0.001,2.41129,2.41245
20,22,1,0.2,0.3,0.5,0.001,2.5376,2.53803
21,22,1,0.2,0.3,0.5,0.001,2.24743,2.248
22,22,1,0.2,0.3,0.5,0.001,2.72585,2.72595
23,22,1,0.2,0.3,0.5,0.001,3.74713,3.74764
24,22,1,0.2,0.3,0.5,0.001,2.7071,2.70682
25,22,1,0.2,0.3,0.5,0.001,2.40102,2.40066
26,22,1,0.2,0.3,0.5,0.001,2.10068,2.10016
27,22,1,0.2,0.3,0.5,0.001,2.87741,2.87723
28,22,1,0.2,0.3,0.5,0.001,4.85278,4.85361
29,22,1,0.2,0.3,0.5,0.001,2.32628,2.32578
30,22,1,0.2,0.3,0.5,0.001,2.81414,2.81359
31,22,1,0.2,0.3,0.5,0.001,2.48402,2.48445
32,22,1,0.2,0.3,0.5,0.001,2.48176,2.48186
33,22,1,0.2,0.3,0.5,0.001,2.95815,2.9578
34,22,1,0.2,0.3,0.5,0.001,2.56823,2.56956
35,22,1,0.2,0.3,0.5,0.001,2.18708,2.18664
36,22,1,0.2,0.3,0.5,0.001,2.93891,2.93959
37,22,1,0.2,0.3,0.5,0.001,2.41781,2.41768
38,22,1,0.2,0.3,0.5,0.001,3.77118,3.77271
39,22,1,0.2,0.3,0.5,0.001,3.06005,3.0605
40,22,1,0.2,0.3,0.5,0.001,2.68105,2.67928
41,22,1,0.2,0.3,0.5,0.001,2.98373,2.98214
42,22,1,0.2,0.3,0.5,0.001,2.55908,2.55828
43,22,1,0.2,0.3,0.5,0.001,2.72713,2.72797
44,22,1,0.2,0.3,0.5,0.001,2.94665,2.94687
45,22,1,0.2,0.3,0.5,0.001,2.75215,2.75179
46,22,1,0.2,0.3,0.5,0.001,2.32131,2.32198
47,22,1,0.2,0.3,0.5,0.001,2.5096,2.50984
48,22,1,0.2,0.3,0.5,0.001,2.17961,2.17923
49,22,1,0.2,0.3,0.5,0.001,3.16669,3.16635
50,22,1,0.2,0.3,0.5,0.001,3.3938,3.3948
51,22,1,0.2,0.3,0.5,0.001,2.73956,2.73954
52,22,1,0.2,0.3,0.5,0.001,2.87365,2.8746
53,22,1,0.2,0.3,0.5,0.001,2.33743,2.33793
54,22,1,0.2,0.3,0.5,0.001,2.10401,2.10428
55,22,1,0.2,0.3,0.5,0.001,2.92983,2.93022
56,22,1,0.2,0.3,0.5,0.001,2.52744,2.52596
57,22,1,0.2,0.3,0.5,0.001,2.4998,2.49889
58,22,1,0.2,0.3,0.5,0.001,2.71407,2.71514
59,22,1,0.2,0.3,0.5,0.001,2.83653,2.83668
60,22,1,0.2,0.3,0.5,0.001,2.12114,2.1226
61,22,1,0.2,0.3,0.5,0.001,2.28234,2.28297
62,22,1,0.2,0.3,0.5,0.001,2.60275,2.60246
63,22,1,0.2,0.3,0.5,0.001,2.65575,2.6563
64,22,1,0.2,0.3,0.5,0.001,2.27824,2.27958
65,22,1,0.2,0.3,0.5,0.001,2.79254,2.7925
66,22,1,0.2,0.3,0.5,0.001,2.20828,2.2069
67,22,1,0.2,0.3,0.5,0.001,2.9515,2.95157
68,22,1,0.2,0.3,0.5,0.001,2.23683,2.2367
69,22,1,0.2,0.3,0.5,0.001,2.57977,2.57833
70,22,1,0.2,0.3,0.5,0.001,3.1738,3.17351
71,22,1,0.2,0.3,0.5,0.001,2.13408,2.13421
72,22,1,0.2,0.3,0.5,0.001,2.71036,2.70991
73,22,1,0.2,0.3,0.5,0.001,3.03381,3.03269
74,22,1,0.2,0.3,0.5,0.001,2.96946,2.97024
75,22,1,0.2,0.3,0.5,0.001,2.74114,2.74109
76,22,1,0.2,0.3,0.5,0.001,2.46154,2.46095
77,22,1,0.2,0.3,0.5,0.001,3.02268,3.02263
78,22,1,0.2,0.3,0.5,0.001,2.39984,2.39973
79,22,1,0.2,0.3,0.5,0.001,2.26931,2.27044
80,22,1,0.2,0.3,0.5,0.001,2.51735,2.51623
81,22,1,0.2,0.3,0.5,0.001,2.50224,2.50115
82,22,1,0.2,0.3,0.5,0.001,2.7345,2.73459
83,22,1,0.2,0.3,0.5,0.001,2.71192,2.71213
84,22,1,0.2,0.3,0.5,0.001,2.51252,2.51316
85,22,1,0.2,0.3,0.5,0.001,2.50297,2.50298
86,22,1,0.2,0.3,0.5,0.001,2.75167,2.75088
87,22,1,0.2,0.3,0.5,0.001,3.47184,3.47279
88,22,1,0.2,0.3,0.5,0.001,2.38516,2.38591
89,22,1,0.2,0.3,0.5,0.001,2.8028,2.80371
90,22,1,0.2,0.3,0.5,0.001,2.69976,2.69814
91,22,1,0.2,0.3,0.5,0.001,2.3811,2.38246
92,22,1,0.2,0.3,0.5,0.001,2.17252,2.17175
93,22,1,0.2,0.3,0.5,0.001,2.36638,2.36617
94,22,1,0.2,0.3,0.5,0.001,2.47609,2.47691
95,22,1,0.2,0.3,0.5,0.001,2.31658,2.31591
96,22,1,0.2,0.3,0.5,0.001,2.21016,2.20999
97,22,1,0.2,0.3,0.5,0.001,2.77446,2.77588
98,22,1,0.2,0.3,0.5,0.001,2.56299,2.56387
99,22,1,0.2,0.3,0.5,0.001,2.5265,2.52643
0,26,1,0.01,0.3,0.5,0.001,3.8093,2.60474
1,26,1,0.01,0.3,0.5,0.001,3.67148,2.29783
2,26,1,0.01,0.3,0.5,0.001,4.08008,2.93471
3,26,1,0.01,0.3,0.5,0.001,3.63087,2.34963
4,26,1,0.01,0.3,0.5,0.001,3.76335,2.36747
5,26,1,0.01,0.3,0.5,0.001,3.73132,2.50562
6,26,1,0.01,0.3,0.5,0.001,4.00378,2.79349
7,26,1,0.01,0.3,0.5,0.001,3.89542,2.55982
8,26,1,0.01,0.3,0.5,0.001,3.78629,2.59663
9,26,1,0.01,0.3,0.5,0.001,4.38138,3.34748
10,26,1,0.01,0.3,0.5,0.001,3.53681,2.12456
11,26,1,0.01,0.3,0.5,0.001,4.06113,3.04393
12,26,1,0.01,0.3,0.5,0.001,3.63129,2.22864
13,26,1,0.01,0.3,0.5,0.001,3.76028,2.48532
14,26,1,0.01,0.3,0.5,0.001,3.53584,2.22697
15,26,1,0.01,0.3,0.5,0.001,3.80735,2.54383
16,26,1,0.01,0.3,0.5,0.001,3.73287,2.52345
17,26,1,0.01,0.3,0.5,0.001,4.70969,3.72239
18,26,1,0.01,0.3,0.5,0.001,3.7122,2.37631
19,26,1,0.01,0.3,0.5,0.001,3.62976,2.33849
20,26,1,0.01,0.3,0.5,0.001,4.05955,2.81088
21,26,1,0.01,0.3,0.5,0.001,3.71591,2.32861
22,26,1,0.01,0.3,0.5,0.001,3.60685,2.28332
23,26,1,0.01,0.3,0.5,0.001,3.94645,2.71247
24,26,1,0.01,0.3,0.5,0.001,3.5188,2.14119
25,26,1,0.01,0.3,0.5,0.001,3.91614,2.68069
26,26,1,0.01,0.3,0.5,0.001,3.45404,1.93822
27,26,1,0.01,0.3,0.5,0.001,3.72357,2.36333
28,26,1,0.01,0.3,0.5,0.001,3.52375,2.1743
29,26,1,0.01,0.3,0.5,0.001,3.65276,2.38784
30,26,1,0.01,0.3,0.5,0.001,3.6831,2.37393
31,26,1,0.01,0.3,0.5,0.001,3.41303,1.99985
32,26,1,0.01,0.3,0.5,0.001,3.93155,2.64292
33,26,1,0.01,0.3,0.5,0.001,3.53895,2.14062
34,26,1,0.01,0.3,0.5,0.001,3.84644,2.73897
35,26,1,0.01,0.3,0.5,0.001,3.84437,2.55972
36,26,1,0.01,0.3,0.5,0.001,3.56909,2.21036
37,26,1,0.01,0.3,0.5,0.001,3.97124,2.71652
38,26,1,0.01,0.3,0.5,0.001,3.70026,2.44415
39,26,1,0.01,0.3,0.5,0.001,3.83347,2.5401
40,26,1,0.01,0.3,0.5,0.001,3.57228,2.20376
41,26,1,0.01,0.3,0.5,0.001,3.63715,2.30556
42,26,1,0.01,0.3,0.5,0.001,3.85513,2.72526
43,26,1,0.01,0.3,0.5,0.001,3.75041,2.40924
44,26,1,0.01,0.3,0.5,0.001,3.55361,2.30702
45,26,1,0.01,0.3,0.5,0.001,4.21815,3.16006
46,26,1,0.01,0.3,0.5,0.001,4.56454,3.59388
47,26,1,0.01,0.3,0.5,0.001,4.16203,3.04455
48,26,1,0.01,0.3,0.5,0.001,3.95245,2.73714
49,26,1,0.01,0.3,0.5,0.001,3.43426,1.9705
50,26,1,0.01,0.3,0.5,0.001,3.93674,2.81439
51,26,1,0.01,0.3,0.5,0.001,3.39404,1.93333
52,26,1,0.01,0.3,0.5,0.001,4.04805,2.90105
53,26,1,0.01,0.3,0.5,0.001,4.0352,2.82443
54,26,1,0.01,0.3,0.5,0.001,4.85165,3.95552
55,26,1,0.01,0.3,0.5,0.001,3.51044,2.12125
56,26,1,0.01,0.3,0.5,0.001,3.73931,2.52647
57,26,1,0.01,0.3,0.5,0.001,4.42872,3.39056
58,26,1,0.01,0.3,0.5,0.001,4.15402,2.98081
59,26,1,0.01,0.3,0.5,0.001,3.31298,1.78743
60,26,1,0.01,0.3,0.5,0.001,3.76025,2.37377
61,26,1,0.01,0.3,0.5,0.001,3.61359,2.23203
62,26,1,0.01,0.3,0.5,0.001,3.47783,2.00753
63,26,1,0.01,0.3,0.5,0.001,3.50319,2.15857
64,26,1,0.01,0.3,0.5,0.001,3.51886,2.07832
65,26,1,0.01,0.3,0.5,0.001,3.59275,2.25021
66,26,1,0.01,0.3,0.5,0.001,3.59749,2.12807
67,26,1,0.01,0.3,0.5,0.001,3.53906,2.04327
68,26,1,0.01,0.3,0.5,0.001,3.63661,2.34128
69,26,1,0.01,0.3,0.5,0.001,4.45893,3.50213
70,26,1,0.01,0.3,0.5,0.001,3.77298,2.52939
71,26,1,0.01,0.3,0.5,0.001,3.5371,2.14612
72,26,1,0.01,0.3,0.5,0.001,3.75802,2.50168
73,26,1,0.01,0.3,0.5,0.001,3.61589,2.3946
74,26,1,0.01,0.3,0.5,0.001,3.71678,2.44811
75,26,1,0.01,0.3,0.5,0.001,3.62858,2.36901
76,26,1,0.01,0.3,0.5,0.001,3.94304,2.7363
77,26,1,0.01,0.3,0.5,0.001,3.53468,2.21492
78,26,1,0.01,0.3,0.5,0.001,3.34219,1.83777
79,26,1,0.01,0.3,0.5,0.001,3.68692,2.49601
80,26,1,0.01,0.3,0.5,0.001,3.79799,2.56899
81,26,1,0.01,0.3,0.5,0.001,3.39087,2.02357
82,26,1,0.01,0.3,0.5,0.001,3.70552,2.46116
83,26,1,0.01,0.3,0.5,0.001,3.79986,2.63183
84,26,1,0.01,0.3,0.5,0.001,3.75536,2.4013
85,26,1,0.01,0.3,0.5,0.001,3.83785,2.62223
86,26,1,0.01,0.3,0.5,0.001,3.72985,2.283
87,26,1,0.01,0.3,0.5,0.001,5.00245,4.17076
88,26,1,0.01,0.3,0.5,0.001,3.60383,2.27644
89,26,1,0.01,0.3,0.5,0.001,3.89539,2.76318
90,26,1,0.01,0.3,0.5,0.001,3.70848,2.44239
91,26,1,0.01,0.3,0.5,0.001,3.59579,2.12764
92,26,1,0.01,0.3,0.5,0.001,3.66069,2.28489
93,26,1,0.01,0.3,0.5,0.001,3.86258,2.60613
94,26,1,0.01,0.3,0.5,0.001,3.80334,2.49365
95,26,1,0.01,0.3,0.5,0.001,3.65766,2.42688
96,26,1,0.01,0.3,0.5,0.001,4.41648,3.36859
97,26,1,0.01,0.3,0.5,0.001,4.06903,2.94885
98,26,1,0.01,0.3,0.5,0.001,3.90594,2.7003
99,26,1,0.01,0.3,0.5,0.001,3.67194,2.40267
0,26,1,0.05,0.3,0.5,0.001,2.90404,2.89217
1,26,1,0.05,0.3,0.5,0.001,2.24519,2.25773
2,26,1,0.05,0.3,0.5,0.001,2.46523,2.41823
3,26,1,0.05,0.3,0.5,0.001,2.61416,2.56936
4,26,1,0.05,0.3,0.5,0.001,3.71664,3.6887
5,26,1,0.05,0.3,0.5,0.001,2.50835,2.50403
6,26,1,0.05,0.3,0.5,0.001,3.16455,3.13774
7,26,1,0.05,0.3,0.5,0.001,2.0558,2.05107
8,26,1,0.05,0.3,0.5,0.001,2.10519,2.11269
9,26,1,0.05,0.3,0.5,0.001,2.93873,2.92221
10,26,1,0.05,0.3,0.5,0.001,2.81805,2.7983
11,26,1,0.05,0.3,0.5,0.001,2.67721,2.63825
12,26,1,0.05,0.3,0.5,0.001,2.48779,2.47676
13,26,1,0.05,0.3,0.5,0.001,3.20785,3.22645
14,26,1,0.05,0.3,0.5,0.001,2.27454,2.26991
15,26,1,0.05,0.3,0.5,0.001,2.84598,2.81982
16,26,1,0.05,0.3,0.5,0.001,2.51371,2.5008
17,26,1,0.05,0.3,0.5,0.001,2.41361,2.40027
18,26,1,0.05,0.3,0.5,0.001,2.4114,2.37083
19,26,1,0.05,0.3,0.5,0.001,2.48285,2.46142
20,26,1,0.05,0.3,0.5,0.001,2.6897,2.68001
21,26,1,0.05,0.3,0.5,0.001,2.47935,2.45082
22,26,1,0.05,0.3,0.5,0.001,1.97918,1.94347
23,26,1,0.05,0.3,0.5,0.001,2.78738,2.78211
24,26,1,0.05,0.3,0.5,0.001,2.76431,2.73601
25,26,1,0.05,0.3,0.5,0.001,3.09636,3.11096
26,26,1,0.05,0.3,0.5,0.001,2.80426,2.79583
27,26,1,0.05,0.3,0.5,0.001,2.34976,2.33798
28,26,1,0.05,0.3,0.5,0.001,2.23885,2.22389
29,26,1,0.05,0.3,0.5,0.001,2.52778,2.48775
30,26,1,0.05,0.3,0.5,0.001,2.5616,2.53968
31,26,1,0.05,0.3,0.5,0.001,2.57377,2.51135
32,26,1,0.05,0.3,0.5,0.001,2.70504,2.69365
33,26,1,0.05,0.3,0.5,0.001,2.13726,2.10118
34,26,1,0.05,0.3,0.5,0.001,2.59038,2.57699
35,26,1,0.05,0.3,0.5,0.001,2.51177,2.49208
36,26,1,0.05,0.3,0.5,0.001,2.46312,2.45277
37,26,1,0.05,0.3,0.5,0.001,2.53322,2.50261
38,26,1,0.05,0.3,0.5,0.001,2.11871,2.11948
39,26,1,0.05,0.3,0.5,0.001,2.06581,2.04562
40,26,1,0.05,0.3,0.5,0.001,2.25271,2.25894
41,26,1,0.05,0.3,0.5,0.001,2.29299,2.27177
42,26,1,0.05,0.3,0.5,0.001,2.3042,2.25696
43,26,1,0.05,0.3,0.5,0.001,1.94074,1.90446
44,26,1,0.05,0.3,0.5,0.001,2.26802,2.23596
45,26,1,0.05,0.3,0.5,0.001,2.04895,2.03386
46,26,1,0.05,0.3,0.5,0.001,2.70665,2.67525
47,26,1,0.05,0.3,0.5,0.001,3.88104,3.86514
48,26,1,0.05,0.3,0.5,0.001,3.19418,3.14421
49,26,1,0.05,0.3,0.5,0.001,1.92128,1.88807
50,26,1,0.05,0.3,0.5,0.001,2.6674,2.66029
51,26,1,0.05,0.3,0.5,0.001,2.01893,1.98575
52,26,1,0.05,0.3,0.5,0.001,1.91577,1.91348
53,26,1,0.05,0.3,0.5,0.001,2.29041,2.23803
54,26,1,0.05,0.3,0.5,0.001,1.97756,1.95542
55,26,1,0.05,0.3,0.5,0.001,1.91736,1.90936
56,26,1,0.05,0.3,0.5,0.001,2.19966,2.17752
57,26,1,0.05,0.3,0.5,0.001,2.43675,2.44323
58,26,1,0.05,0.3,0.5,0.001,2.10288,2.12045
59,26,1,0.05,0.3,0.5,0.001,2.80608,2.77812
60,26,1,0.05,0.3,0.5,0.001,2.28596,2.25149
61,26,1,0.05,0.3,0.5,0.001,2.23949,2.22028
62,26,1,0.05,0.3,0.5,0.001,3.08345,3.06914
63,26,1,0.05,0.3,0.5,0.001,2.36909,2.34841
64,26,1,0.05,0.3,0.5,0.001,2.105,2.09099
65,26,1,0.05,0.3,0.5,0.001,2.25163,2.24728
66,26,1,0.05,0.3,0.5,0.001,2.64681,2.63697
67,26,1,0.05,0.3,0.5,0.001,2.31354,2.29008
68,26,1,0.05,0.3,0.5,0.001,2.06052,2.02667
69,26,1,0.05,0.3,0.5,0.001,2.36013,2.31079
70,26,1,0.05,0.3,0.5,0.001,3.03495,2.98563
71,26,1,0.05,0.3,0.5,0.001,2.17529,2.14298
72,26,1,0.05,0.3,0.5,0.001,1.97625,1.96729
73,26,1,0.05,0.3,0.5,0.001,2.26946,2.24916
74,26,1,0.05,0.3,0.5,0.001,2.45284,2.41359
75,26,1,0.05,0.3,0.5,0.001,2.42963,2.40612
76,26,1,0.05,0.3,0.5,0.001,2.37031,2.3202
77,26,1,0.05,0.3,0.5,0.001,3.81954,3.82078
78,26,1,0.05,0.3,0.5,0.001,2.25871,2.25438
79,26,1,0.05,0.3,0.5,0.001,2.32362,2.32087
80,26,1,0.05,0.3,0.5,0.001,2.58739,2.57821
81,26,1,0.05,0.3,0.5,0.001,2.03532,2.02993
82,26,1,0.05,0.3,0.5,0.001,2.34372,2.32525
83,26,1,0.05,0.3,0.5,0.001,2.13332,2.11831
84,26,1,0.05,0.3,0.5,0.001,2.64099,2.60506
85,26,1,0.05,0.3,0.5,0.001,2.48031,2.46447
86,26,1,0.05,0.3,0.5,0.001,2.88049,2.83342
87,26,1,0.05,0.3,0.5,0.001,2.5225,2.52185
88,26,1,0.05,0.3,0.5,0.001,2.59905,2.61115
89,26,1,0.05,0.3,0.5,0.001,2.11317,2.09755
90,26,1,0.05,0.3,0.5,0.001,2.50301,2.50878
91,26,1,0.05,0.3,0.5,0.001,3.02873,3.00035
92,26,1,0.05,0.3,0.5,0.001,2.18278,2.16989
93,26,1,0.05,0.3,0.5,0.001,2.42509,2.39245
94,26,1,0.05,0.3,0.5,0.001,2.68805,2.6725
95,26,1,0.05,0.3,0.5,0.001,2.44755,2.41201
96,26,1,0.05,0.3,0.5,0.001,2.74678,2.72745
97,26,1,0.05,0.3,0.5,0.001,2.43353,2.42115
98,26,1,0.05,0.3,0.5,0.001,1.97779,1.98797
99,26,1,0.05,0.3,0.5,0.001,2.36855,2.34463
0,26,1,0.2,0.3,0.5,0.001,2.14669,2.14712
1,26,1,0.2,0.3,0.5,0.001,2.89039,2.89042
2,26,1,0.2,0.3,0.5,0.001,2.71125,2.71217
3,26,1,0.2,0.3,0.5,0.001,2.24467,2.24357
4,26,1,0.2,0.3,0.5,0.001,2.23146,2.23156
5,26,1,0.2,0.3,0.5,0.001,2.06491,2.06473
6,26,1,0.2,0.3,0.5,0.001,2.42326,2.42272
7,26,1,0.2,0.3,0.5,0.001,2.53331,2.5334
8,26,1,0.2,0.3,0.5,0.001,2.3848,2.38464
9,26,1,0.2,0.3,0.5,0.001,2.23125,2.23144
10,26,1,0.2,0.3,0.5,0.001,2.35988,2.36042
11,26,1,0.2,0.3,0.5,0.001,2.98945,2.98828
12,26,1,0.2,0.3,0.5,0.001,2.0281,2.02875
13,26,1,0.2,0.3,0.5,0.001,2.54619,2.54644
14,26,1,0.2,0.3,0.5,0.001,2.88367,2.88264
15,26,1,0.2,0.3,0.5,0.001,2.75087,2.75061
16,26,1,0.2,0.3,0.5,0.001,2.63605,2.63675
17,26,1,0.2,0.3,0.5,0.001,2.42387,2.42355
18,26,1,0.2,0.3,0.5,0.001,3.06332,3.06269
19,26,1,0.2,0.3,0.5,0.001,2.65126,2.65107
20,26,1,0.2,0.3,0.5,0.001,2.42601,2.42631
21,26,1,0.2,0.3,0.5,0.001,2.13904,2.1383
22,26,1,0.2,0.3,0.5,0.001,2.6765,2.67762
23,26,1,0.2,0.3,0.5,0.001,2.33199,2.33183
24,26,1,0.2,0.3,0.5,0.001,2.95789,2.95883
25,26,1,0.2,0.3,0.5,0.001,2.15229,2.15262
26,26,1,0.2,0.3,0.5,0.001,2.28775,2.28685
27,26,1,0.2,0.3,0.5,0.001,2.43826,2.43875
28,26,1,0.2,0.3,0.5,0.001,2.47013,2.47029
29,26,1,0.2,0.3,0.5,0.001,2.41294,2.41401
30,26,1,0.2,0.3,0.5,0.001,2.23279,2.23331
31,26,1,0.2,0.3,0.5,0.001,2.33328,2.33254
32,26,1,0.2,0.3,0.5,0.001,2.47929,2.47974
33,26,1,0.2,0.3,0.5,0.001,2.9689,2.96968
34,26,1,0.2,0.3,0.5,0.001,2.2996,2.30029
35,26,1,0.2,0.3,0.5,0.001,2.77933,2.77759
36,26,1,0.2,0.3,0.5,0.001,2.50196,2.50161
37,26,1,0.2,0.3,0.5,0.001,2.36641,2.36537
38,26,1,0.2,0.3,0.5,0.001,2.83834,2.83809
39,26,1,0.2,0.3,0.5,0.001,2.67436,2.67356
40,26,1,0.2,0.3,0.5,0.001,3.00591,3.00563
41,26,1,0.2,0.3,0.5,0.001,2.37522,2.37548
42,26,1,0.2,0.3,0.5,0.001,2.79865,2.79957
43,26,1,0.2,0.3,0.5,0.001,3.07773,3.07877
44,26,1,0.2,0.3,0.5,0.001,2.67501,2.67472
45,26,1,0.2,0.3,0.5,0.001,2.23585,2.2361
46,26,1,0.2,0.3,0.5,0.001,2.28306,2.28309
47,26,1,0.2,0.3,0.5,0.001,3.17036,3.17024
48,26,1,0.2,0.3,0.5,0.001,2.26061,2.25964
49,26,1,0.2,0.3,0.5,0.001,2.22165,2.21986
50,26,1,0.2,0.3,0.5,0.001,2.29838,2.29807
51,26,1,0.2,0.3,0.5,0.001,2.22497,2.22542
52,26,1,0.2,0.3,0.5,0.001,2.834,2.83415
53,26,1,0.2,0.3,0.5,0.001,1.98968,1.98901
54,26,1,0.2,0.3,0.5,0.001,2.10318,2.1034
55,26,1,0.2,0.3,0.5,0.001,3.05105,3.05079
56,26,1,0.2,0.3,0.5,0.001,2.78959,2.78901
57,26,1,0.2,0.3,0.5,0.001,2.492,2.49192
58,26,1,0.2,0.3,0.5,0.001,2.44189,2.44286
59,26,1,0.2,0.3,0.5,0.001,2.75331,2.75223
60,26,1,0.2,0.3,0.5,0.001,2.43302,2.43238
61,26,1,0.2,0.3,0.5,0.001,2.2512,2.25075
62,26,1,0.2,0.3,0.5,0.001,2.59214,2.59228
63,26,1,0.2,0.3,0.5,0.001,3.06684,3.06564
64,26,1,0.2,0.3,0.5,0.001,2.19813,2.19736
65,26,1,0.2,0.3,0.5,0.001,2.43264,2.4337
66,26,1,0.2,0.3,0.5,0.001,2.12062,2.12098
67,26,1,0.2,0.3,0.5,0.001,2.29042,2.28875
68,26,1,0.2,0.3,0.5,0.001,2.07848,2.07779
69,26,1,0.2,0.3,0.5,0.001,3.24221,3.24323
70,26,1,0.2,0.3,0.5,0.001,2.60155,2.60118
71,26,1,0.2,0.3,0.5,0.001,2.67831,2.67886
72,26,1,0.2,0.3,0.5,0.001,2.81384,2.81439
73,26,1,0.2,0.3,0.5,0.001,2.04854,2.04817
74,26,1,0.2,0.3,0.5,0.001,2.53105,2.53091
75,26,1,0.2,0.3,0.5,0.001,2.35575,2.35679
76,26,1,0.2,0.3,0.5,0.001,2.21612,2.21667
77,26,1,0.2,0.3,0.5,0.001,2.57438,2.57541
78,26,1,0.2,0.3,0.5,0.001,2.96435,2.96475
79,26,1,0.2,0.3,0.5,0.001,2.6822,2.68263
80,26,1,0.2,0.3,0.5,0.001,2.44218,2.44306
81,26,1,0.2,0.3,0.5,0.001,2.47323,2.47284
82,26,1,0.2,0.3,0.5,0.001,2.55576,2.55649
83,26,1,0.2,0.3,0.5,0.001,3.06465,3.06518
84,26,1,0.2,0.3,0.5,0.001,2.45731,2.45645
85,26,1,0.2,0.3,0.5,0.001,2.35661,2.35626
86,26,1,0.2,0.3,0.5,0.001,2.65288,2.65342
87,26,1,0.2,0.3,0.5,0.001,2.69014,2.69072
88,26,1,0.2,0.3,0.5,0.001,2.41253,2.41185
89,26,1,0.2,0.3,0.5,0.001,3.15681,3.15823
90,26,1,0.2,0.3,0.5,0.001,2.30786,2.30874
91,26,1,0.2,0.3,0.5,0.001,2.97926,2.98007
92,26,1,0.2,0.3,0.5,0.001,2.53132,2.53137
93,26,1,0.2,0.3,0.5,0.001,2.70971,2.70879
94,26,1,0.2,0.3,0.5,0.001,2.48546,2.48483
95,26,1,0.2,0.3,0.5,0.001,2.91324,2.91259
96,26,1,0.2,0.3,0.5,0.001,2.53039,2.53061
97,26,1,0.2,0.3,0.5,0.001,1.9154,1.9148
98,26,1,0.2,0.3,0.5,0.001,2.52251,2.52346
99,26,1,0.2,0.3,0.5,0.001,2.74101,2.74007
0,31,1,0.01,0.3,0.5,0.001,3.4656,2.10973
1,31,1,0.01,0.3,0.5,0.001,4.5609,3.5237
2,31,1,0.01,0.3,0.5,0.001,3.69599,2.44243
3,31,1,0.01,0.3,0.5,0.001,3.50621,2.08567
4,31,1,0.01,0.3,0.5,0.001,3.32961,1.85516
5,31,1,0.01,0.3,0.5,0.001,3.55078,2.20663
6,31,1,0.01,0.3,0.5,0.001,3.78749,2.58743
7,31,1,0.01,0.3,0.5,0.001,4.21726,3.1855
8,31,1,0.01,0.3,0.5,0.001,3.61792,2.32021
9,31,1,0.01,0.3,0.5,0.001,3.6654,2.37986
10,31,1,0.01,0.3,0.5,0.001,3.69671,2.50144
11,31,1,0.01,0.3,0.5,0.001,3.67419,2.48937
12,31,1,0.01,0.3,0.5,0.001,3.53714,2.17971
13,31,1,0.01,0.3,0.5,0.001,4.00479,2.8825
14,31,1,0.01,0.3,0.5,0.001,4.12827,3.05874
15,31,1,0.01,0.3,0.5,0.001,3.31779,1.88278
16,31,1,0.01,0.3,0.5,0.001,3.38419,1.90632
17,31,1,0.01,0.3,0.5,0.001,4.26592,3.27675
18,31,1,0.01,0.3,0.5,0.001,3.30844,1.85288
19,31,1,0.01,0.3,0.5,0.001,3.21488,1.76037
20,31,1,0.01,0.3,0.5,0.001,3.73408,2.48857
21,31,1,0.01,0.3,0.5,0.001,4.08022,2.95261
22,31,1,0.01,0.3,0.5,0.001,3.37037,2.05179
23,31,1,0.01,0.3,0.5,0.001,3.38449,2.0038
24,31,1,0.01,0.3,0.5,0.001,3.49154,2.18624
25,31,1,0.01,0.3,0.5,0.001,3.49945,2.1223
26,31,1,0.01,0.3,0.5,0.001,3.68284,2.40318
27,31,1,0.01,0.3,0.5,0.001,3.81312,2.58686
28,31,1,0.01,0.3,0.5,0.001,3.95133,2.74523
29,31,1,0.01,0.3,0.5,0.001,3.43766,2.0682
30,31,1,0.01,0.3,0.5,0.001,3.40463,1.89057
31,31,1,0.01,0.3,0.5,0.001,4.08725,2.94653
32,31,1,0.01,0.3,0.5,0.001,3.52887,2.17228
33,31,1,0.01,0.3,0.5,0.001,3.6336,2.29854
34,31,1,0.01,0.3,0.5,0.001,3.74413,2.44323
35,31,1,0.01,0.3,0.5,0.001,3.67504,2.45279
36,31,1,0.01,0.3,0.5,0.001,3.64677,2.46461
37,31,1,0.01,0.3,0.5,0.001,4.27865,3.30725
38,31,1,0.01,0.3,0.5,0.001,4.0461,2.95222
39,31,1,0.01,0.3,0.5,0.001,4.10485,3.01152
40,31,1,0.01,0.3,0.5,0.001,3.3056,1.77354
41,31,1,0.01,0.3,0.5,0.001,3.45745,2.07633
42,31,1,0.01,0.3,0.5,0.001,3.65569,2.42167
43,31,1,0.01,0.3,0.5,0.001,3.88999,2.75698
44,31,1,0.01,0.3,0.5,0.001,3.4447,1.94091
45,31,1,0.01,0.3,0.5,0.001,3.37779,1.96718
46,31,1,0.01,0.3,0.5,0.001,3.53816,2.28603
47,31,1,0.01,0.3,0.5,0.001,3.65435,2.38107
48,31,1,0.01,0.3,0.5,0.001,3.55528,2.23219
49,31,1,0.01,0.3,0.5,0.001,3.93127,2.76738
50,31,1,0.01,0.3,0.5,0.001,3.50365,2.24097
51,31,1,0.01,0.3,0.5,0.001,3.60742,2.33952
52,31,1,0.01,0.3,0.5,0.001,3.58537,2.22526
53,31,1,0.01,0.3,0.5,0.001,4.00455,2.88225
54,31,1,0.01,0.3,0.5,0.001,3.50532,2.17169
55,31,1,0.01,0.3,0.5,0.001,4.46765,3.53624
56,31,1,0.01,0.3,0.5,0.001,4.24894,3.29795
57,31,1,0.01,0.3,0.5,0.001,4.14917,3.12695
58,31,1,0.01,0.3,0.5,0.001,4.17648,3.21688
59,31,1,0.01,0.3,0.5,0.001,3.74234,2.57058
60,31,1,0.01,0.3,0.5,0.001,3.41957,1.95875
61,31,1,0.01,0.3,0.5,0.001,3.56911,2.17798
62,31,1,0.01,0.3,0.5,0.001,3.48993,2.09846
63,31,1,0.01,0.3,0.5,0.001,3.436,2.01875
64,31,1,0.01,0.3,0.5,0.001,3.58199,2.38435
65,31,1,0.01,0.3,0.5,0.001,3.74211,2.49093
66,31,1,0.01,0.3,0.5,0.001,3.47249,2.09481
67,31,1,0.01,0.3,0.5,0.001,3.5779,2.36555
68,31,1,0.01,0.3,0.5,0.001,4.1584,3.02145
69,31,1,0.01,0.3,0.5,0.001,3.66205,2.44296
70,31,1,0.01,0.3,0.5,0.001,4.09716,2.99993
71,31,1,0.01,0.3,0.5,0.001,3.54136,2.14751
72,31,1,0.01,0.3,0.5,0.001,3.95738,2.83948
73,31,1,0.01,0.3,0.5,0.001,3.38954,1.9023
74,31,1,0.01,0.3,0.5,0.001,3.69119,2.35057
75,31,1,0.01,0.3,0.5,0.001,4.49616,3.4974
76,31,1,0.01,0.3,0.5,0.001,3.57978,2.19727
77,31,1,0.01,0.3,0.5,0.001,3.51682,2.23424
78,31,1,0.01,0.3,0.5,0.001,3.4845,2.11698
79,31,1,0.01,0.3,0.5,0.001,3.70679,2.51065
80,31,1,0.01,0.3,0.5,0.001,3.41608,1.93298
81,31,1,0.01,0.3,0.5,0.001,3.53121,2.22944
82,31,1,0.01,0.3,0.5,0.001,3.59492,2.25135
83,31,1,0.01,0.3,0.5,0.001,3.79618,2.58064
84,31,1,0.01,0.3,0.5,0.001,3.69691,2.49451
85,31,1,0.01,0.3,0.5,0.001,3.5681,2.28001
86,31,1,0.01,0.3,0.5,0.001,3.4709,2.08183
87,31,1,0.01,0.3,0.5,0.001,3.4491,2.02775
88,31,1,0.01,0.3,0.5,0.001,3.53183,2.26724
89,31,1,0.01,0.3,0.5,0.001,3.49705,2.26102
90,31,1,0.01,0.3,0.5,0.001,3.60716,2.31131
91,31,1,0.01,0.3,0.5,0.001,3.50275,2.18199
92,31,1,0.01,0.3,0.5,0.001,3.70262,2.52618
93,31,1,0.01,0.3,0.5,0.001,3.44573,2.18719
94,31,1,0.01,0.3,0.5,0.001,3.35354,1.92825
95,31,1,0.01,0.3,0.5,0.001,3.52976,2.15949
96,31,1,0.01,0.3,0.5,0.001,3.51986,2.23276
97,31,1,0.01,0.3,0.5,0.001,3.92594,2.84605
98,31,1,0.01,0.3,0.5,0.001,3.39348,2.09239
99,31,1,0.01,0.3,0.5,0.001,3.38837,1.93943
0,31,1,0.05,0.3,0.5,0.001,1.88799,1.87812
1,31,1,0.05,0.3,0.5,0.001,2.33607,2.30549
2,31,1,0.05,0.3,0.5,0.001,1.98169,1.98839
3,31,1,0.05,0.3,0.5,0.001,1.86588,1.82304
4,31,1,0.05,0.3,0.5,0.001,2.1583,2.12548
5,31,1,0.05,0.3,0.5,0.001,2.22913,2.16509
6,31,1,0.05,0.3,0.5,0.001,2.02228,2.01467
7,31,1,0.05,0.3,0.5,0.001,2.93566,2.92511
8,31,1,0.05,0.3,0.5,0.001,2.23476,2.19453
9,31,1,0.05,0.3,0.5,0.001,2.16516,2.13784
10,31,1,0.05,0.3,0.5,0.001,2.41881,2.39941
11,31,1,0.05,0.3,0.5,0.001,2.74404,2.74537
12,31,1,0.05,0.3,0.5,0.001,2.03054,1.99538
13,31,1,0.05,0.3,0.5,0.001,1.99397,1.97788
14,31,1,0.05,0.3,0.5,0.001,2.05794,2.01978
15,31,1,0.05,0.3,0.5,0.001,2.28254,2.27037
16,31,1,0.05,0.3,0.5,0.001,2.33318,2.30981
17,31,1,0.05,0.3,0.5,0.001,2.75443,2.75519
18,31,1,0.05,0.3,0.5,0.001,2.31438,2.3063
19,31,1,0.05,0.3,0.5,0.001,2.22539,2.21649
20,31,1,0.05,0.3,0.5,0.001,2.15082,2.13454
21,31,1,0.05,0.3,0.5,0.001,2.78349,2.75803
22,31,1,0.05,0.3,0.5,0.001,2.22701,2.22199
23,31,1,0.05,0.3,0.5,0.001,2.69347,2.70343
24,31,1,0.05,0.3,0.5,0.001,2.06127,2.05812
25,31,1,0.05,0.3,0.5,0.001,2.27996,2.25155
26,31,1,0.05,0.3,0.5,0.001,2.28975,2.28981
27,31,1,0.05,0.3,0.5,0.001,2.46719,2.43759
28,31,1,0.05,0.3,0.5,0.001,2.88253,2.84274
29,31,1,0.05,0.3,0.5,0.001,1.90024,1.88796
30,31,1,0.05,0.3,0.5,0.001,2.12076,2.09524
31,31,1,0.05,0.3,0.5,0.001,2.07886,2.06752
32,31,1,0.05,0.3,0.5,0.001,2.88059,2.83533
33,31,1,0.05,0.3,0.5,0.001,2.11704,2.06654
34,31,1,0.05,0.3,0.5,0.001,2.34201,2.31895
35,31,1,0.05,0.3,0.5,0.001,2.57151,2.53634
36,31,1,0.05,0.3,0.5,0.001,1.9901,1.96323
37,31,1,0.05,0.3,0.5,0.001,2.53171,2.54687
38,31,1,0.05,0.3,0.5,0.001,2.43574,2.43093
39,31,1,0.05,0.3,0.5,0.001,2.32741,2.31964
40,31,1,0.05,0.3,0.5,0.001,2.09072,2.04474
41,31,1,0.05,0.3,0.5,0.001,2.57394,2.57233
42,31,1,0.05,0.3,0.5,0.001,2.426,2.39924
43,31,1,0.05,0.3,0.5,0.001,3.91195,3.92355
44,31,1,0.05,0.3,0.5,0.001,2.94655,2.95395
45,31,1,0.05,0.3,0.5,0.001,2.41631,2.40119
46,31,1,0.05,0.3,0.5,0.001,2.01252,2.01379
47,31,1,0.05,0.3,0.5,0.001,2.50679,2.50681
48,31,1,0.05,0.3,0.5,0.001,2.68053,2.68087
49,31,1,0.05,0.3,0.5,0.001,2.22989,2.23539
50,31,1,0.05,0.3,0.5,0.001,1.84698,1.85786
51,31,1,0.05,0.3,0.5,0.001,2.43994,2.40062
52,31,1,0.05,0.3,0.5,0.001,2.68039,2.63017
53,31,1,0.05,0.3,0.5,0.001,2.54707,2.52844
54,31,1,0.05,0.3,0.5,0.001,2.39992,2.37671
55,31,1,0.05,0.3,0.5,0.001,2.71567,2.71078
56,31,1,0.05,0.3,0.5,0.001,2.17025,2.14263
57,31,1,0.05,0.3,0.5,0.001,1.88304,1.85451
58,31,1,0.05,0.3,0.5,0.001,2.15142,2.11384
59,31,1,0.05,0.3,0.5,0.001,2.54546,2.49174
60,31,1,0.05,0.3,0.5,0.001,3.19806,3.19058
61,31,1,0.05,0.3,0.5,0.001,2.50624,2.51302
62,31,1,0.05,0.3,0.5,0.001,2.72222,2.69727
63,31,1,0.05,0.3,0.5,0.001,2.98927,3.0007
64,31,1,0.05,0.3,0.5,0.001,2.0009,1.95837
65,31,1,0.05,0.3,0.5,0.001,2.74058,2.72203
66,31,1,0.05,0.3,0.5,0.001,1.963,1.94275
67,31,1,0.05,0.3,0.5,0.001,2.0205,1.98157
68,31,1,0.05,0.3,0.5,0.001,2.547,2.50311
69,31,1,0.05,0.3,0.5,0.001,1.91327,1.8498
70,31,1,0.05,0.3,0.5,0.001,2.46766,2.45394
71,31,1,0.05,0.3,0.5,0.001,2.3984,2.36515
72,31,1,0.05,0.3,0.5,0.001,2.28519,2.28828
73,31,1,0.05,0.3,0.5,0.001,2.30286,2.29985
74,31,1,0.05,0.3,0.5,0.001,2.73601,2.70187
75,31,1,0.05,0.3,0.5,0.001,2.54343,2.53248
76,31,1,0.05,0.3,0.5,0.001,2.43621,2.40938
77,31,1,0.05,0.3,0.5,0.001,2.40297,2.39488
78,31,1,0.05,0.3,0.5,0.001,2.61348,2.6086
79,31,1,0.05,0.3,0.5,0.001,2.82512,2.81002
80,31,1,0.05,0.3,0.5,0.001,2.61193,2.60714
81,31,1,0.05,0.3,0.5,0.001,2.69634,2.70012
82,31,1,0.05,0.3,0.5,0.001,2.25769,2.24633
83,31,1,0.05,0.3,0.5,0.001,1.7974,1.76493
84,31,1,0.05,0.3,0.5,0.001,2.44625,2.4361
85,31,1,0.05,0.3,0.5,0.001,3.22891,3.2206
86,31,1,0.05,0.3,0.5,0.001,2.47665,2.46477
87,31,1,0.05,0.3,0.5,0.001,1.85096,1.81378
88,31,1,0.05,0.3,0.5,0.001,2.48161,2.4678
89,31,1,0.05,0.3,0.5,0.001,2.15371,2.15653
90,31,1,0.05,0.3,0.5,0.001,3.03444,3.03966
91,31,1,0.05,0.3,0.5,0.001,2.77759,2.74427
92,31,1,0.05,0.3,0.5,0.001,2.08228,2.07921
93,31,1,0.05,0.3,0.5,0.001,2.34545,2.3021
94,31,1,0.05,0.3,0.5,0.001,2.50985,2.51733
95,31,1,0.05,0.3,0.5,0.001,2.10829,2.06341
96,31,1,0.05,0.3,0.5,0.001,1.87834,1.87774
97,31,1,0.05,0.3,0.5,0.001,2.45324,2.43279
98,31,1,0.05,0.3,0.5,0.001,2.42613,2.43763
99,31,1,0.05,0.3,0.5,0.001,2.44104,2.39655
0,31,1,0.2,0.3,0.5,0.001,2.143,2.14259
1,31,1,0.2,0.3,0.5,0.001,2.48281,2.48278
2,31,1,0.2,0.3,0.5,0.001,2.39857,2.39907
3,31,1,0.2,0.3,0.5,0.001,2.52161,2.52208
4,31,1,0.2,0.3,0.5,0.001,2.76517,2.76412
5,31,1,0.2,0.3,0.5,0.001,2.37723,2.37778
6,31,1,0.2,0.3,0.5,0.001,2.231,2.23128
7,31,1,0.2,0.3,0.5,0.001,2.03933,2.03947
8,31,1,0.2,0.3,0.5,0.001,1.8177,1.81833
9,31,1,0.2,0.3,0.5,0.001,2.2791,2.27923
10,31,1,0.2,0.3,0.5,0.001,2.22565,2.22571
11,31,1,0.2,0.3,0.5,0.001,2.3209,2.32018
12,31,1,0.2,0.3,0.5,0.001,2.17142,2.17097
13,31,1,0.2,0.3,0.5,0.001,2.14187,2.14204
14,31,1,0.2,0.3,0.5,0.001,2.56532,2.56566
15,31,1,0.2,0.3,0.5,0.001,2.45811,2.45788
16,31,1,0.2,0.3,0.5,0.001,2.50415,2.50416
17,31,1,0.2,0.3,0.5,0.001,2.34531,2.34522
18,31,1,0.2,0.3,0.5,0.001,2.43864,2.4392
19,31,1,0.2,0.3,0.5,0.001,2.57881,2.57779
20,31,1,0.2,0.3,0.5,0.001,2.42704,2.42673
21,31,1,0.2,0.3,0.5,0.001,2.37722,2.37627
22,31,1,0.2,0.3,0.5,0.001,3.21556,3.21441
23,31,1,0.2,0.3,0.5,0.001,2.36704,2.36803
24,31,1,0.2,0.3,0.5,0.001,2.45668,2.45645
25,31,1,0.2,0.3,0.5,0.001,2.8346,2.83405
26,31,1,0.2,0.3,0.5,0.001,2.39576,2.39574
27,31,1,0.2,0.3,0.5,0.001,2.2655,2.26383
28,31,1,0.2,0.3,0.5,0.001,2.2612,2.26233
29,31,1,0.2,0.3,0.5,0.001,2.39842,2.3981
30,31,1,0.2,0.3,0.5,0.001,2.14377,2.14494
31,31,1,0.2,0.3,0.5,0.001,2.22734,2.2271
32,31,1,0.2,0.3,0.5,0.001,2.65699,2.65689
33,31,1,0.2,0.3,0.5,0.001,2.22218,2.22246
34,31,1,0.2,0.3,0.5,0.001,2.35351,2.35357
35,31,1,0.2,0.3,0.5,0.001,2.27449,2.27456
36,31,1,0.2,0.3,0.5,0.001,2.29756,2.29717
37,31,1,0.2,0.3,0.5,0.001,2.0053,2.00598
38,31,1,0.2,0.3,0.5,0.001,2.99538,2.99479
39,31,1,0.2,0.3,0.5,0.001,3.17843,3.17832
40,31,1,0.2,0.3,0.5,0.001,2.65348,2.65309
41,31,1,0.2,0.3,0.5,0.001,2.64696,2.64692
42,31,1,0.2,0.3,0.5,0.001,2.24104,2.24103
43,31,1,0.2,0.3,0.5,0.001,2.62407,2.62451
44,31,1,0.2,0.3,0.5,0.001,2.19329,2.19332
45,31,1,0.2,0.3,0.5,0.001,2.07345,2.07269
46,31,1,0.2,0.3,0.5,0.001,2.2707,2.27089
47,31,1,0.2,0.3,0.5,0.001,2.53292,2.53233
48,31,1,0.2,0.3,0.5,0.001,2.82553,2.82593
49,31,1,0.2,0.3,0.5,0.001,3.22879,3.22916
50,31,1,0.2,0.3,0.5,0.001,2.02473,2.02419
51,31,1,0.2,0.3,0.5,0.001,2.2991,2.29914
52,31,1,0.2,0.3,0.5,0.001,2.304,2.30504
53,31,1,0.2,0.3,0.5,0.001,2.61775,2.61743
54,31,1,0.2,0.3,0.5,0.001,2.26192,2.26296
55,31,1,0.2,0.3,0.5,0.001,2.04776,2.04817
56,31,1,0.2,0.3,0.5,0.001,2.39954,2.39842
57,31,1,0.2,0.3,0.5,0.001,2.00076,2.00073
58,31,1,0.2,0.3,0.5,0.001,2.32664,2.3267
59,31,1,0.2,0.3,0.5,0.001,2.56525,2.56574
60,31,1,0.2,0.3,0.5,0.001,2.109,2.10918
61,31,1,0.2,0.3,0.5,0.001,2.20852,2.20813
62,31,1,0.2,0.3,0.5,0.001,2.31884,2.31914
63,31,1,0.2,0.3,0.5,0.001,2.68905,2.68842
64,31,1,0.2,0.3,0.5,0.001,2.25215,2.25109
65,31,1,0.2,0.3,0.5,0.001,2.85836,2.85874
66,31,1,0.2,0.3,0.5,0.001,2.90246,2.90185
67,31,1,0.2,0.3,0.5,0.001,2.6235,2.62456
68,31,1,0.2,0.3,0.5,0.001,2.65945,2.65964
69,31,1,0.2,0.3,0.5,0.001,2.12377,2.12461
70,31,1,0.2,0.3,0.5,0.001,2.19975,2.20045
71,31,1,0.2,0.3,0.5,0.001,2.39389,2.39405
72,31,1,0.2,0.3,0.5,0.001,2.92566,2.92503
73,31,1,0.2,0.3,0.5,0.001,1.85923,1.85918
74,31,1,0.2,0.3,0.5,0.001,2.61326,2.6132
75,31,1,0.2,0.3,0.5,0.001,2.10714,2.10735
76,31,1,0.2,0.3,0.5,0.001,2.31692,2.31692
77,31,1,0.2,0.3,0.5,0.001,2.3832,2.38383
78,31,1,0.2,0.3,0.5,0.001,2.57344,2.5741
79,31,1,0.2,0.3,0.5,0.001,3.00497,3.00522
80,31,1,0.2,0.3,0.5,0.001,2.35389,2.35351
81,31,1,0.2,0.3,0.5,0.001,2.28463,2.2851
82,31,1,0.2,0.3,0.5,0.001,2.45013,2.45087
83,31,1,0.2,0.3,0.5,0.001,2.41519,2.4155
84,31,1,0.2,0.3,0.5,0.001,2.32405,2.32406
85,31,1,0.2,0.3,0.5,0.001,2.23646,2.23681
86,31,1,0.2,0.3,0.5,0.001,2.10198,2.10119
87,31,1,0.2,0.3,0.5,0.001,2.79436,2.79321
88,31,1,0.2,0.3,0.5,0.001,2.31886,2.31882
89,31,1,0.2,0.3,0.5,0.001,2.43391,2.43405
90,31,1,0.2,0.3,0.5,0.001,2.09064,2.09066
91,31,1,0.2,0.3,0.5,0.001,2.13929,2.13899
92,31,1,0.2,0.3,0.5,0.001,2.50123,2.5011
93,31,1,0.2,0.3,0.5,0.001,2.08902,2.08833
94,31,1,0.2,0.3,0.5,0.001,2.18109,2.18046
95,31,1,0.2,0.3,0.5,0.001,2.19841,2.19866
96,31,1,0.2,0.3,0.5,0.001,1.99829,1.99755
97,31,1,0.2,0.3,0.5,0.001,2.79102,2.79099
98,31,1,0.2,0.3,0.5,0.001,2.2991,2.29954
99,31,1,0.2,0.3,0.5,0.001,2.42609,2.42569
0,37,1,0.01,0.3,0.5,0.001,3.20991,1.75633
1,37,1,0.01,0.3,0.5,0.001,3.4221,2.20548
2,37,1,0.01,0.3,0.5,0.001,3.60384,2.32051
3,37,1,0.01,0.3,0.5,0.001,3.67632,2.50113
4,37,1,0.01,0.3,0.5,0.001,3.27653,1.86077
5,37,1,0.01,0.3,0.5,0.001,3.53136,2.20787
6,37,1,0.01,0.3,0.5,0.001,3.29152,1.76937
7,37,1,0.01,0.3,0.5,0.001,3.43068,2.0026
8,37,1,0.01,0.3,0.5,0.001,3.33477,1.96754
9,37,1,0.01,0.3,0.5,0.001,3.45415,2.08856
10,37,1,0.01,0.3,0.5,0.001,3.28706,1.95598
11,37,1,0.01,0.3,0.5,0.001,3.73168,2.53013
12,37,1,0.01,0.3,0.5,0.001,3.77968,2.57717
13,37,1,0.01,0.3,0.5,0.001,3.5084,2.2068
14,37,1,0.01,0.3,0.5,0.001,3.24536,1.76589
15,37,1,0.01,0.3,0.5,0.001,3.26856,1.85651
16,37,1,0.01,0.3,0.5,0.001,4.0272,2.87263
17,37,1,0.01,0.3,0.5,0.001,3.74525,2.57925
18,37,1,0.01,0.3,0.5,0.001,3.19382,1.66011
19,37,1,0.01,0.3,0.5,0.001,3.23808,1.67307
20,37,1,0.01,0.3,0.5,0.001,4.38021,3.40615
21,37,1,0.01,0.3,0.5,0.001,3.24868,1.72299
22,37,1,0.01,0.3,0.5,0.001,3.48662,2.12298
23,37,1,0.01,0.3,0.5,0.001,3.64242,2.4109
24,37,1,0.01,0.3,0.5,0.001,3.24012,1.80675
25,37,1,0.01,0.3,0.5,0.001,3.41442,2.14268
26,37,1,0.01,0.3,0.5,0.001,3.37664,1.95702
27,37,1,0.01,0.3,0.5,0.001,3.50576,2.15005
28,37,1,0.01,0.3,0.5,0.001,3.72216,2.58217
29,37,1,0.01,0.3,0.5,0.001,3.29913,1.92981
30,37,1,0.01,0.3,0.5,0.001,3.40591,2.17514
31,37,1,0.01,0.3,0.5,0.001,3.47835,2.01082
32,37,1,0.01,0.3,0.5,0.001,3.7563,2.63853
33,37,1,0.01,0.3,0.5,0.001,3.70706,2.48226
34,37,1,0.01,0.3,0.5,0.001,3.7173,2.39867
35,37,1,0.01,0.3,0.5,0.001,3.42091,2.05731
36,37,1,0.01,0.3,0.5,0.001,3.55445,2.18019
37,37,1,0.01,0.3,0.5,0.001,3.58338,2.28877
38,37,1,0.01,0.3,0.5,0.001,3.72147,2.42574
39,37,1,0.01,0.3,0.5,0.001,3.36846,1.96143
40,37,1,0.01,0.3,0.5,0.001,3.14562,1.71506
41,37,1,0.01,0.3,0.5,0.001,3.45778,2.1049
42,37,1,0.01,0.3,0.5,0.001,3.45965,2.07106
43,37,1,0.01,0.3,0.5,0.001,3.63282,2.38414
44,37,1,0.01,0.3,0.5,0.001,3.50575,2.2557
45,37,1,0.01,0.3,0.5,0.001,3.35957,1.91686
46,37,1,0.01,0.3,0.5,0.001,3.55824,2.33241
47,37,1,0.01,0.3,0.5,0.001,3.69255,2.4691
48,37,1,0.01,0.3,0.5,0.001,4.71309,3.80408
49,37,1,0.01,0.3,0.5,0.001,3.45667,2.14198
50,37,1,0.01,0.3,0.5,0.001,4.52948,3.55685
51,37,1,0.01,0.3,0.5,0.001,3.10816,1.61285
52,37,1,0.01,0.3,0.5,0.001,3.79442,2.62508
53,37,1,0.01,0.3,0.5,0.001,3.60783,2.38943
54,37,1,0.01,0.3,0.5,0.001,3.48427,2.1628
55,37,1,0.01,0.3,0.5,0.001,3.45393,2.13321
56,37,1,0.01,0.3,0.5,0.001,3.71235,2.43479
57,37,1,0.01,0.3,0.5,0.001,3.28112,1.78278
58,37,1,0.01,0.3,0.5,0.001,3.67332,2.53909
59,37,1,0.01,0.3,0.5,0.001,3.46191,2.19839
60,37,1,0.01,0.3,0.5,0.001,3.49026,2.21106
61,37,1,0.01,0.3,0.5,0.001,3.36696,1.95951
62,37,1,0.01,0.3,0.5,0.001,3.45536,2.14067
63,37,1,0.01,0.3,0.5,0.001,3.373,1.97247
64,37,1,0.01,0.3,0.5,0.001,3.86134,2.69422
65,37,1,0.01,0.3,0.5,0.001,3.25729,1.75386
66,37,1,0.01,0.3,0.5,0.001,4.86724,4.02848
67,37,1,0.01,0.3,0.5,0.001,3.30535,1.87592
68,37,1,0.01,0.3,0.5,0.001,3.41975,2.1745
69,37,1,0.01,0.3,0.5,0.001,3.34092,1.90329
70,37,1,0.01,0.3,0.5,0.001,3.80187,2.63308
71,37,1,0.01,0.3,0.5,0.001,3.33695,1.89986
72,37,1,0.01,0.3,0.5,0.001,3.43359,2.02045
73,37,1,0.01,0.3,0.5,0.001,3.77105,2.57097
74,37,1,0.01,0.3,0.5,0.001,3.5942,2.42425
75,37,1,0.01,0.3,0.5,0.001,3.52857,2.33269
76,37,1,0.01,0.3,0.5,0.001,3.32507,1.96648
77,37,1,0.01,0.3,0.5,0.001,3.43948,2.05397
78,37,1,0.01,0.3,0.5,0.001,3.70993,2.52933
79,37,1,0.01,0.3,0.5,0.001,3.29405,1.8165
80,37,1,0.01,0.3,0.5,0.001,3.63118,2.40104
81,37,1,0.01,0.3,0.5,0.001,3.31491,1.83024
82,37,1,0.01,0.3,0.5,0.001,3.37595,1.99097
83,37,1,0.01,0.3,0.5,0.001,3.4857,2.11298
84,37,1,0.01,0.3,0.5,0.001,3.42695,2.02867
85,37,1,0.01,0.3,0.5,0.001,3.41787,1.97719
86,37,1,0.01,0.3,0.5,0.001,3.35218,1.99329
87,37,1,0.01,0.3,0.5,0.001,3.32191,1.75828
88,37,1,0.01,0.3,0.5,0.001,3.51958,2.0827
89,37,1,0.01,0.3,0.5,0.001,3.53449,2.21707
90,37,1,0.01,0.3,0.5,0.001,3.20631,1.70271
91,37,1,0.01,0.3,0.5,0.001,3.38386,2.05029
92,37,1,0.01,0.3,0.5,0.001,3.54891,2.15315
93,37,1,0.01,0.3,0.5,0.001,3.42367,2.14833
94,37,1,0.01,0.3,0.5,0.001,3.80113,2.65606
95,37,1,0.01,0.3,0.5,0.001,3.24774,1.75083
96,37,1,0.01,0.3,0.5,0.001,3.63679,2.44838
97,37,1,0.01,0.3,0.5,0.001,4.15755,3.17622
98,37,1,0.01,0.3,0.5,0.001,3.55523,2.355
99,37,1,0.01,0.3,0.5,0.001,3.62489,2.48129
0,37,1,0.05,0.3,0.5,0.001,1.87304,1.87336
1,37,1,0.05,0.3,0.5,0.001,2.41985,2.43762
2,37,1,0.05,0.3,0.5,0.001,1.89049,1.87944
3,37,1,0.05,0.3,0.5,0.001,2.3707,2.32783
4,37,1,0.05,0.3,0.5,0.001,1.8262,1.81756
5,37,1,0.05,0.3,0.5,0.001,2.75633,2.75396
6,37,1,0.05,0.3,0.5,0.001,2.00738,1.99869
7,37,1,0.05,0.3,0.5,0.001,2.22683,2.21611
8,37,1,0.05,0.3,0.5,0.001,1.90502,1.89796
9,37,1,0.05,0.3,0.5,0.001,1.78818,1.75449
10,37,1,0.05,0.3,0.5,0.001,2.2367,2.20367
11,37,1,0.05,0.3,0.5,0.001,2.32154,2.32342
12,37,1,0.05,0.3,0.5,0.001,2.15495,2.14756
13,37,1,0.05,0.3,0.5,0.001,2.47903,2.44035
14,37,1,0.05,0.3,0.5,0.001,1.85341,1.83315
15,37,1,0.05,0.3,0.5,0.001,1.73753,1.72642
16,37,1,0.05,0.3,0.5,0.001,2.09617,2.09083
17,37,1,0.05,0.3,0.5,0.001,2.50436,2.49335
18,37,1,0.05,0.3,0.5,0.001,2.22074,2.1869
19,37,1,0.05,0.3,0.5,0.001,2.45628,2.43929
20,37,1,0.05,0.3,0.5,0.001,3.18018,3.18817
21,37,1,0.05,0.3,0.5,0.001,2.01863,1.98727
22,37,1,0.05,0.3,0.5,0.001,2.25263,2.22407
23,37,1,0.05,0.3,0.5,0.001,2.27335,2.29607
24,37,1,0.05,0.3,0.5,0.001,1.92909,1.92539
25,37,1,0.05,0.3,0.5,0.001,2.10627,2.11582
26,37,1,0.05,0.3,0.5,0.001,3.53488,3.53477
27,37,1,0.05,0.3,0.5,0.001,1.9108,1.88231
28,37,1,0.05,0.3,0.5,0.001,2.25504,2.25219
29,37,1,0.05,0.3,0.5,0.001,2.05012,2.04326
30,37,1,0.05,0.3,0.5,0.001,2.81636,2.80623
31,37,1,0.05,0.3,0.5,0.001,2.77668,2.7316
32,37,1,0.05,0.3,0.5,0.001,2.33743,2.30836
33,37,1,0.05,0.3,0.5,0.001,2.06545,2.08382
34,37,1,0.05,0.3,0.5,0.001,2.37026,2.34747
35,37,1,0.05,0.3,0.5,0.001,2.88946,2.84609
36,37,1,0.05,0.3,0.5,0.001,2.27153,2.26015
37,37,1,0.05,0.3,0.5,0.001,2.10782,2.11443
38,37,1,0.05,0.3,0.5,0.001,2.03412,1.99614
39,37,1,0.05,0.3,0.5,0.001,2.99888,3.00099
40,37,1,0.05,0.3,0.5,0.001,2.50101,2.50511
41,37,1,0.05,0.3,0.5,0.001,2.47116,2.4574
42,37,1,0.05,0.3,0.5,0.001,2.08579,2.08348
43,37,1,0.05,0.3,0.5,0.001,2.23293,2.21127
44,37,1,0.05,0.3,0.5,0.001,3.71137,3.68633
45,37,1,0.05,0.3,0.5,0.001,1.86861,1.83961
46,37,1,0.05,0.3,0.5,0.001,1.93017,1.93149
47,37,1,0.05,0.3,0.5,0.001,2.01409,2.02017
48,37,1,0.05,0.3,0.5,0.001,2.93417,2.919
49,37,1,0.05,0.3,0.5,0.001,1.9544,1.94251
50,37,1,0.05,0.3,0.5,0.001,2.06494,2.05528
51,37,1,0.05,0.3,0.5,0.001,2.66323,2.63692
52,37,1,0.05,0.3,0.5,0.001,2.59856,2.59176
53,37,1,0.05,0.3,0.5,0.001,1.93834,1.89769
54,37,1,0.05,0.3,0.5,0.001,2.45292,2.40242
55,37,1,0.05,0.3,0.5,0.001,2.12366,2.08536
56,37,1,0.05,0.3,0.5,0.001,2.46503,2.43538
57,37,1,0.05,0.3,0.5,0.001,2.8042,2.7931
58,37,1,0.05,0.3,0.5,0.001,2.16796,2.16199
59,37,1,0.05,0.3,0.5,0.001,2.22319,2.19368
60,37,1,0.05,0.3,0.5,0.001,1.99905,1.98895
61,37,1,0.05,0.3,0.5,0.001,2.34763,2.33953
62,37,1,0.05,0.3,0.5,0.001,2.11692,2.08769
63,37,1,0.05,0.3,0.5,0.001,2.24407,2.25299
64,37,1,0.05,0.3,0.5,0.001,2.21687,2.2068
65,37,1,0.05,0.3,0.5,0.001,2.96214,2.9423
66,37,1,0.05,0.3,0.5,0.001,1.70777,1.68573
67,37,1,0.05,0.3,0.5,0.001,2.87997,2.88833
68,37,1,0.05,0.3,0.5,0.001,2.86673,2.82693
69,37,1,0.05,0.3,0.5,0.001,2.49172,2.4784
70,37,1,0.05,0.3,0.5,0.001,2.16343,2.13478
71,37,1,0.05,0.3,0.5,0.001,2.66292,2.64751
72,37,1,0.05,0.3,0.5,0.001,1.9299,1.92668
73,37,1,0.05,0.3,0.5,0.001,2.25738,2.28497
74,37,1,0.05,0.3,0.5,0.001,1.92685,1.88585
75,37,1,0.05,0.3,0.5,0.001,2.50889,2.53068
76,37,1,0.05,0.3,0.5,0.001,2.04609,2.0315
77,37,1,0.05,0.3,0.5,0.001,2.10653,2.11875
78,37,1,0.05,0.3,0.5,0.001,1.63988,1.6361
79,37,1,0.05,0.3,0.5,0.001,2.26337,2.22755
80,37,1,0.05,0.3,0.5,0.001,2.6051,2.5848
81,37,1,0.05,0.3,0.5,0.001,2.19955,2.17953
82,37,1,0.05,0.3,0.5,0.001,3.68727,3.67372
83,37,1,0.05,0.3,0.5,0.001,3.0411,3.04373
84,37,1,0.05,0.3,0.5,0.001,1.84438,1.82145
85,37,1,0.05,0.3,0.5,0.001,2.05254,2.04799
86,37,1,0.05,0.3,0.5,0.001,1.99983,1.99903
87,37,1,0.05,0.3,0.5,0.001,2.00235,2.00156
88,37,1,0.05,0.3,0.5,0.001,2.06577,2.04562
89,37,1,0.05,0.3,0.5,0.001,1.96268,1.90902
90,37,1,0.05,0.3,0.5,0.001,2.34959,2.34821
91,37,1,0.05,0.3,0.5,0.001,2.20664,2.19788
92,37,1,0.05,0.3,0.5,0.001,2.04001,2.04249
93,37,1,0.05,0.3,0.5,0.001,2.26867,2.26002
94,37,1,0.05,0.3,0.5,0.001,2.29505,2.27314
95,37,1,0.05,0.3,0.5,0.001,2.0557,2.04653
96,37,1,0.05,0.3,0.5,0.001,2.27437,2.24701
97,37,1,0.05,0.3,0.5,0.001,2.29475,2.28601
98,37,1,0.05,0.3,0.5,0.001,2.12254,2.07065
99,37,1,0.05,0.3,0.5,0.001,1.9205,1.87521
0,37,1,0.2,0.3,0.5,0.001,2.26244,2.26137
1,37,1,0.2,0.3,0.5,0.001,2.56145,2.56164
2,37,1,0.2,0.3,0.5,0.001,2.41787,2.41835
3,37,1,0.2,0.3,0.5,0.001,2.11319,2.11203
4,37,1,0.2,0.3,0.5,0.001,2.15218,2.15233
5,37,1,0.2,0.3,0.5,0.001,2.09574,2.09596
6,37,1,0.2,0.3,0.5,0.001,2.2684,2.26896
7,37,1,0.2,0.3,0.5,0.001,2.90731,2.90748
8,37,1,0.2,0.3,0.5,0.001,2.80589,2.80547
9,37,1,0.2,0.3,0.5,0.001,2.02855,2.02777
10,37,1,0.2,0.3,0.5,0.001,2.0124,2.01144
11,37,1,0.2,0.3,0.5,0.001,2.44763,2.44668
12,37,1,0.2,0.3,0.5,0.001,2.52301,2.52428
13,37,1,0.2,0.3,0.5,0.001,1.91339,1.91363
14,37,1,0.2,0.3,0.5,0.001,1.93866,1.93857
15,37,1,0.2,0.3,0.5,0.001,3.18034,3.18021
16,37,1,0.2,0.3,0.5,0.001,2.22027,2.22064
17,37,1,0.2,0.3,0.5,0.001,2.44582,2.44619
18,37,1,0.2,0.3,0.5,0.001,2.01192,2.0119
19,37,1,0.2,0.3,0.5,0.001,2.06859,2.06843
20,37,1,0.2,0.3,0.5,0.001,2.08742,2.08825
21,37,1,0.2,0.3,0.5,0.001,2.3333,2.33275
22,37,1,0.2,0.3,0.5,0.001,2.2109,2.21035
23,37,1,0.2,0.3,0.5,0.001,2.19545,2.19536
24,37,1,0.2,0.3,0.5,0.001,3.19461,3.19518
25,37,1,0.2,0.3,0.5,0.001,2.34179,2.34143
26,37,1,0.2,0.3,0.5,0.001,1.99171,1.99151
27,37,1,0.2,0.3,0.5,0.001,2.54107,2.54044
28,37,1,0.2,0.3,0.5,0.001,2.11727,2.11733
29,37,1,0.2,0.3,0.5,0.001,2.13665,2.13719
30,37,1,0.2,0.3,0.5,0.001,2.94446,2.94511
31,37,1,0.2,0.3,0.5,0.001,2.30392,2.30418
32,37,1,0.2,0.3,0.5,0.001,2.04856,2.04876
33,37,1,0.2,0.3,0.5,0.001,2.21093,2.21026
34,37,1,0.2,0.3,0.5,0.001,1.94676,1.94753
35,37,1,0.2,0.3,0.5,0.001,2.03851,2.03911
36,37,1,0.2,0.3,0.5,0.001,2.44719,2.44748
37,37,1,0.2,0.3,0.5,0.001,1.90346,1.90392
38,37,1,0.2,0.3,0.5,0.001,2.01629,2.0158
39,37,1,0.2,0.3,0.5,0.001,2.47492,2.47505
40,37,1,0.2,0.3,0.5,0.001,2.07719,2.07636
41,37,1,0.2,0.3,0.5,0.001,2.0601,2.06055
42,37,1,0.2,0.3,0.5,0.001,2.44319,2.44395
43,37,1,0.2,0.3,0.5,0.001,2.26153,2.2605
44,37,1,0.2,0.3,0.5,0.001,2.18524,2.18482
45,37,1,0.2,0.3,0.5,0.001,2.08641,2.08676
46,37,1,0.2,0.3,0.5,0.001,1.96157,1.96128
47,37,1,0.2,0.3,0.5,0.001,3.21549,3.21618
48,37,1,0.2,0.3,0.5,0.001,2.34107,2.34228
49,37,1,0.2,0.3,0.5,0.001,2.08746,2.08656
50,37,1,0.2,0.3,0.5,0.001,2.19043,2.19022
51,37,1,0.2,0.3,0.5,0.001,2.55715,2.55729
52,37,1,0.2,0.3,0.5,0.001,2.03527,2.03519
53,37,1,0.2,0.3,0.5,0.001,1.94335,1.94329
54,37,1,0.2,0.3,0.5,0.001,1.88212,1.88201
55,37,1,0.2,0.3,0.5,0.001,2.08963,2.0903
56,37,1,0.2,0.3,0.5,0.001,2.20133,2.20183
57,37,1,0.2,0.3,0.5,0.001,2.06018,2.06058
58,37,1,0.2,0.3,0.5,0.001,2.0794,2.08034
59,37,1,0.2,0.3,0.5,0.001,2.10195,2.10152
60,37,1,0.2,0.3,0.5,0.001,2.93555,2.93567
61,37,1,0.2,0.3,0.5,0.001,2.04814,2.04811
62,37,1,0.2,0.3,0.5,0.001,2.43309,2.43288
63,37,1,0.2,0.3,0.5,0.001,2.04843,2.04843
64,37,1,0.2,0.3,0.5,0.001,2.03787,2.03682
65,37,1,0.2,0.3,0.5,0.001,2.06487,2.06402
66,37,1,0.2,0.3,0.5,0.001,2.15615,2.15662
67,37,1,0.2,0.3,0.5,0.001,1.99001,1.98995
68,37,1,0.2,0.3,0.5,0.001,2.42252,2.42267
69,37,1,0.2,0.3,0.5,0.001,2.14975,2.15041
70,37,1,0.2,0.3,0.5,0.001,2.4735,2.47368
71,37,1,0.2,0.3,0.5,0.001,2.66855,2.66784
72,37,1,0.2,0.3,0.5,0.001,2.10983,2.11071
73,37,1,0.2,0.3,0.5,0.001,3.05374,3.05295
74,37,1,0.2,0.3,0.5,0.001,2.15762,2.15801
75,37,1,0.2,0.3,0.5,0.001,2.56573,2.5661
76,37,1,0.2,0.3,0.5,0.001,2.69475,2.69394
77,37,1,0.2,0.3,0.5,0.001,2.75635,2.75588
78,37,1,0.2,0.3,0.5,0.001,2.17518,2.1752
79,37,1,0.2,0.3,0.5,0.001,2.17018,2.17054
80,37,1,0.2,0.3,0.5,0.001,2.30293,2.30208
81,37,1,0.2,0.3,0.5,0.001,2.29191,2.29246
82,37,1,0.2,0.3,0.5,0.001,2.15197,2.1517
83,37,1,0.2,0.3,0.5,0.001,4.43621,4.43724
84,37,1,0.2,0.3,0.5,0.001,1.98162,1.98176
85,37,1,0.2,0.3,0.5,0.001,2.90786,2.90866
86,37,1,0.2,0.3,0.5,0.001,2.11971,2.11956
87,37,1,0.2,0.3,0.5,0.001,2.81824,2.81913
88,37,1,0.2,0.3,0.5,0.001,1.8626,1.86288
89,37,1,0.2,0.3,0.5,0.001,2.71137,2.71235
90,37,1,0.2,0.3,0.5,0.001,2.42087,2.42108
91,37,1,0.2,0.3,0.5,0.001,2.19878,2.19688
92,37,1,0.2,0.3,0.5,0.001,2.37812,2.3785
93,37,1,0.2,0.3,0.5,0.001,2.48972,2.49018
94,37,1,0.2,0.3,0.5,0.001,2.43789,2.43758
95,37,1,0.2,0.3,0.5,0.001,2.23127,2.23192
96,37,1,0.2,0.3,0.5,0.001,1.81021,1.80965
97,37,1,0.2,0.3,0.5,0.001,2.27186,2.27192
98,37,1,0.2,0.3,0.5,0.001,2.17153,2.17204
99,37,1,0.2,0.3,0.5,0.001,2.50039,2.50012
0,43,1,0.01,0.3,0.5,0.001,3.94301,2.91384
1,43,1,0.01,0.3,0.5,0.001,3.25083,1.93418
2,43,1,0.01,0.3,0.5,0.001,3.29598,1.90098
3,43,1,0.01,0.3,0.5,0.001,3.3464,1.95899
4,43,1,0.01,0.3,0.5,0.001,3.50902,2.31275
5,43,1,0.01,0.3,0.5,0.001,3.42883,2.09267
6,43,1,0.01,0.3,0.5,0.001,3.17638,1.76093
7,43,1,0.01,0.3,0.5,0.001,3.11371,1.58171
8,43,1,0.01,0.3,0.5,0.001,3.58598,2.44975
9,43,1,0.01,0.3,0.5,0.001,3.19432,1.77914
10,43,1,0.01,0.3,0.5,0.001,3.64195,2.44686
11,43,1,0.01,0.3,0.5,0.001,3.13478,1.68434
12,43,1,0.01,0.3,0.5,0.001,3.76715,2.62987
13,43,1,0.01,0.3,0.5,0.001,3.69769,2.50049
14,43,1,0.01,0.3,0.5,0.001,3.5118,2.30015
15,43,1,0.01,0.3,0.5,0.001,3.16902,1.66713
16,43,1,0.01,0.3,0.5,0.001,4.0208,2.96155
17,43,1,0.01,0.3,0.5,0.001,3.1469,1.69667
18,43,1,0.01,0.3,0.5,0.001,3.39455,2.06106
19,43,1,0.01,0.3,0.5,0.001,3.35443,2.06766
20,43,1,0.01,0.3,0.5,0.001,3.09807,1.56527
21,43,1,0.01,0.3,0.5,0.001,3.81163,2.80611
22,43,1,0.01,0.3,0.5,0.001,3.35449,1.98313
23,43,1,0.01,0.3,0.5,0.001,3.14132,1.63104
24,43,1,0.01,0.3,0.5,0.001,3.58933,2.384
25,43,1,0.01,0.3,0.5,0.001,3.31879,1.90911
26,43,1,0.01,0.3,0.5,0.001,3.66648,2.53919
27,43,1,0.01,0.3,0.5,0.001,3.28514,1.83708
28,43,1,0.01,0.3,0.5,0.001,3.20817,1.77275
29,43,1,0.01,0.3,0.5,0.001,3.46861,2.12508
30,43,1,0.01,0.3,0.5,0.001,3.13099,1.68095
31,43,1,0.01,0.3,0.5,0.001,4.00718,2.95817
32,43,1,0.01,0.3,0.5,0.001,3.05929,1.52359
33,43,1,0.01,0.3,0.5,0.001,3.19508,1.747
34,43,1,0.01,0.3,0.5,0.001,3.21037,1.79473
35,43,1,0.01,0.3,0.5,0.001,3.33517,2.0753
36,43,1,0.01,0.3,0.5,0.001,3.114,1.65549
37,43,1,0.01,0.3,0.5,0.001,3.13338,1.72418
38,43,1,0.01,0.3,0.5,0.001,3.41316,2.03061
39,43,1,0.01,0.3,0.5,0.001,3.16206,1.62453
40,43,1,0.01,0.3,0.5,0.001,3.13204,1.74537
41,43,1,0.01,0.3,0.5,0.001,3.2748,1.88393
42,43,1,0.01,0.3,0.5,0.001,3.44927,2.21452
43,43,1,0.01,0.3,0.5,0.001,3.89304,2.79883
44,43,1,0.01,0.3,0.5,0.001,3.31004,1.8807
45,43,1,0.01,0.3,0.5,0.001,3.0857,1.52635
46,43,1,0.01,0.3,0.5,0.001,3.50687,2.32202
47,43,1,0.01,0.3,0.5,0.001,3.36807,1.95875
48,43,1,0.01,0.3,0.5,0.001,3.2416,1.88479
49,43,1,0.01,0.3,0.5,0.001,3.36219,2.00552
50,43,1,0.01,0.3,0.5,0.001,3.54356,2.36561
51,43,1,0.01,0.3,0.5,0.001,3.27908,1.91588
52,43,1,0.01,0.3,0.5,0.001,3.46522,2.15798
53,43,1,0.01,0.3,0.5,0.001,3.18665,1.69957
54,43,1,0.01,0.3,0.5,0.001,3.57312,2.24236
55,43,1,0.01,0.3,0.5,0.001,3.15241,1.6961
56,43,1,0.01,0.3,0.5,0.001,3.44068,2.26237
57,43,1,0.01,0.3,0.5,0.001,3.17351,1.59786
58,43,1,0.01,0.3,0.5,0.001,3.82265,2.72789
59,43,1,0.01,0.3,0.5,0.001,3.4297,2.16601
60,43,1,0.01,0.3,0.5,0.001,3.78528,2.70699
61,43,1,0.01,0.3,0.5,0.001,3.28403,1.92075
62,43,1,0.01,0.3,0.5,0.001,3.52564,2.31705
63,43,1,0.01,0.3,0.5,0.001,3.43639,2.12459
64,43,1,0.01,0.3,0.5,0.001,3.36339,1.95918
65,43,1,0.01,0.3,0.5,0.001,3.50396,2.30676
66,43,1,0.01,0.3,0.5,0.001,3.23817,1.71982
67,43,1,0.01,0.3,0.5,0.001,3.17379,1.64614
68,43,1,0.01,0.3,0.5,0.001,3.25582,1.75696
69,43,1,0.01,0.3,0.5,0.001,3.23069,1.81185
70,43,1,0.01,0.3,0.5,0.001,3.16157,1.73061
71,43,1,0.01,0.3,0.5,0.001,3.4767,2.20478
72,43,1,0.01,0.3,0.5,0.001,3.72043,2.63154
73,43,1,0.01,0.3,0.5,0.001,4.27914,3.33851
74,43,1,0.01,0.3,0.5,0.001,3.58434,2.38348
75,43,1,0.01,0.3,0.5,0.001,3.38735,2.11975
76,43,1,0.01,0.3,0.5,0.001,3.48342,2.16576
77,43,1,0.01,0.3,0.5,0.001,3.32816,1.97162
78,43,1,0.01,0.3,0.5,0.001,3.32381,1.91538
79,43,1,0.01,0.3,0.5,0.001,3.90325,2.85507
80,43,1,0.01,0.3,0.5,0.001,3.47741,2.21827
81,43,1,0.01,0.3,0.5,0.001,3.25298,1.93628
82,43,1,0.01,0.3,0.5,0.001,3.4279,2.08805
83,43,1,0.01,0.3,0.5,0.001,3.20339,1.80299
84,43,1,0.01,0.3,0.5,0.001,3.4468,2.18872
85,43,1,0.01,0.3,0.5,0.001,3.08321,1.53014
86,43,1,0.01,0.3,0.5,0.001,3.28413,1.8265
87,43,1,0.01,0.3,0.5,0.001,3.30472,1.93651
88,43,1,0.01,0.3,0.5,0.001,3.51575,2.15402
89,43,1,0.01,0.3,0.5,0.001,3.30665,1.94072
90,43,1,0.01,0.3,0.5,0.001,3.1003,1.59122
91,43,1,0.01,0.3,0.5,0.001,3.49021,2.21509
92,43,1,0.01,0.3,0.5,0.001,3.15889,1.54769
93,43,1,0.01,0.3,0.5,0.001,3.28493,1.97442
94,43,1,0.01,0.3,0.5,0.001,4.02914,3.00079
95,43,1,0.01,0.3,0.5,0.001,3.23286,1.79309
96,43,1,0.01,0.3,0.5,0.001,3.14109,1.5751
97,43,1,0.01,0.3,0.5,0.001,3.79625,2.74819
98,43,1,0.01,0.3,0.5,0.001,3.37131,2.09873
99,43,1,0.01,0.3,0.5,0.001,3.60615,2.3594
0,43,1,0.05,0.3,0.5,0.001,1.98134,1.98182
1,43,1,0.05,0.3,0.5,0.001,1.84747,1.85983
2,43,1,0.05,0.3,0.5,0.001,2.21248,2.19367
3,43,1,0.05,0.3,0.5,0.001,1.92385,1.93003
4,43,1,0.05,0.3,0.5,0.001,1.88903,1.88439
5,43,1,0.05,0.3,0.5,0.001,1.94282,1.9158
6,43,1,0.05,0.3,0.5,0.001,2.23656,2.25117
7,43,1,0.05,0.3,0.5,0.001,2.81631,2.79987
8,43,1,0.05,0.3,0.5,0.001,1.80108,1.80067
9,43,1,0.05,0.3,0.5,0.001,2.96189,2.9684
10,43,1,0.05,0.3,0.5,0.001,2.46089,2.4609
11,43,1,0.05,0.3,0.5,0.001,1.97111,1.94552
12,43,1,0.05,0.3,0.5,0.001,2.16181,2.14592
13,43,1,0.05,0.3,0.5,0.001,1.95834,1.96181
14,43,1,0.05,0.3,0.5,0.001,1.938,1.94468
15,43,1,0.05,0.3,0.5,0.001,2.02267,2.00242
16,43,1,0.05,0.3,0.5,0.001,1.83565,1.7862
17,43,1,0.05,0.3,0.5,0.001,1.88418,1.87038
18,43,1,0.05,0.3,0.5,0.001,2.3339,2.31108
19,43,1,0.05,0.3,0.5,0.001,2.82026,2.79821
20,43,1,0.05,0.3,0.5,0.001,2.03727,2.02439
21,43,1,0.05,0.3,0.5,0.001,2.31704,2.32453
22,43,1,0.05,0.3,0.5,0.001,2.06533,2.03514
23,43,1,0.05,0.3,0.5,0.001,1.91715,1.90007
24,43,1,0.05,0.3,0.5,0.001,1.86194,1.83542
25,43,1,0.05,0.3,0.5,0.001,2.13881,2.13604
26,43,1,0.05,0.3,0.5,0.001,2.49946,2.46632
27,43,1,0.05,0.3,0.5,0.001,1.91026,1.9069
28,43,1,0.05,0.3,0.5,0.001,2.48489,2.49213
29,43,1,0.05,0.3,0.5,0.001,2.31691,2.27834
30,43,1,0.05,0.3,0.5,0.001,2.0547,2.05918
31,43,1,0.05,0.3,0.5,0.001,1.96402,1.95259
32,43,1,0.05,0.3,0.5,0.001,2.78918,2.7694
33,43,1,0.05,0.3,0.5,0.001,1.66617,1.63711
34,43,1,0.05,0.3,0.5,0.001,1.99691,1.97377
35,43,1,0.05,0.3,0.5,0.001,1.76567,1.73999
36,43,1,0.05,0.3,0.5,0.001,2.19932,2.17107
37,43,1,0.05,0.3,0.5,0.001,1.9287,1.91358
38,43,1,0.05,0.3,0.5,0.001,2.89092,2.87478
39,43,1,0.05,0.3,0.5,0.001,2.69575,2.67265
40,43,1,0.05,0.3,0.5,0.001,2.00267,1.97018
41,43,1,0.05,0.3,0.5,0.001,1.66368,1.67824
42,43,1,0.05,0.3,0.5,0.001,1.98856,1.96681
43,43,1,0.05,0.3,0.5,0.001,2.14752,2.15634
44,43,1,0.05,0.3,0.5,0.001,2.12712,2.09651
45,43,1,0.05,0.3,0.5,0.001,1.76602,1.72289
46,43,1,0.05,0.3,0.5,0.001,3.09115,3.07511
47,43,1,0.05,0.3,0.5,0.001,1.96974,1.9171
48,43,1,0.05,0.3,0.5,0.001,2.22851,2.20406
49,43,1,0.05,0.3,0.5,0.001,2.58872,2.59838
50,43,1,0.05,0.3,0.5,0.001,1.99019,1.97763
51,43,1,0.05,0.3,0.5,0.001,1.92409,1.90307
52,43,1,0.05,0.3,0.5,0.001,2.54211,2.52776
53,43,1,0.05,0.3,0.5,0.001,1.78026,1.73497
54,43,1,0.05,0.3,0.5,0.001,1.83311,1.81157
55,43,1,0.05,0.3,0.5,0.001,1.87643,1.86974
56,43,1,0.05,0.3,0.5,0.001,2.41442,2.3612
57,43,1,0.05,0.3,0.5,0.001,2.00623,2.01392
58,43,1,0.05,0.3,0.5,0.001,2.11599,2.11158
59,43,1,0.05,0.3,0.5,0.001,2.00917,2.00745
60,43,1,0.05,0.3,0.5,0.001,2.38645,2.3742
61,43,1,0.05,0.3,0.5,0.001,2.36625,2.34971
62,43,1,0.05,0.3,0.5,0.001,1.98582,1.96276
63,43,1,0.05,0.3,0.5,0.001,3.09501,3.07328
64,43,1,0.05,0.3,0.5,0.001,2.07286,2.09101
65,43,1,0.05,0.3,0.5,0.001,2.01032,1.99955
66,43,1,0.05,0.3,0.5,0.001,2.22244,2.21425
67,43,1,0.05,0.3,0.5,0.001,2.46407,2.49484
68,43,1,0.05,0.3,0.5,0.001,1.74007,1.73685
69,43,1,0.05,0.3,0.5,0.001,2.2053,2.23402
70,43,1,0.05,0.3,0.5,0.001,1.69754,1.6676
71,43,1,0.05,0.3,0.5,0.001,2.73918,2.71718
72,43,1,0.05,0.3,0.5,0.001,2.03418,1.99926
73,43,1,0.05,0.3,0.5,0.001,2.36378,2.3342
74,43,1,0.05,0.3,0.5,0.001,1.88132,1.84488
75,43,1,0.05,0.3,0.5,0.001,2.36066,2.36153
76,43,1,0.05,0.3,0.5,0.001,2.40073,2.41136
77,43,1,0.05,0.3,0.5,0.001,1.80463,1.80344
78,43,1,0.05,0.3,0.5,0.001,2.18403,2.17709
79,43,1,0.05,0.3,0.5,0.001,2.1861,2.1764
80,43,1,0.05,0.3,0.5,0.001,2.30425,2.28899
81,43,1,0.05,0.3,0.5,0.001,1.9437,1.95685
82,43,1,0.05,0.3,0.5,0.001,1.78569,1.76349
83,43,1,0.05,0.3,0.5,0.001,1.62075,1.60001
84,43,1,0.05,0.3,0.5,0.001,2.18154,2.14992
85,43,1,0.05,0.3,0.5,0.001,1.83598,1.80071
86,43,1,0.05,0.3,0.5,0.001,2.51539,2.51913
87,43,1,0.05,0.3,0.5,0.001,2.00173,1.97467
88,43,1,0.05,0.3,0.5,0.001,1.78031,1.73076
89,43,1,0.05,0.3,0.5,0.001,2.01796,2.00787
90,43,1,0.05,0.3,0.5,0.001,2.62731,2.63241
91,43,1,0.05,0.3,0.5,0.001,1.85182,1.83999
92,43,1,0.05,0.3,0.5,0.001,2.45869,2.44421
93,43,1,0.05,0.3,0.5,0.001,2.33729,2.30417
94,43,1,0.05,0.3,0.5,0.001,3.26317,3.27322
95,43,1,0.05,0.3,0.5,0.001,2.97792,2.97912
96,43,1,0.05,0.3,0.5,0.001,2.16997,2.14602
97,43,1,0.05,0.3,0.5,0.001,2.07865,2.08376
98,43,1,0.05,0.3,0.5,0.001,1.83165,1.80562
99,43,1,0.05,0.3,0.5,0.001,3.2003,3.20511
0,43,1,0.2,0.3,0.5,0.001,2.22947,2.2305
1,43,1,0.2,0.3,0.5,0.001,1.96209,1.96253
2,43,1,0.2,0.3,0.5,0.001,1.92994,1.9296
3,43,1,0.2,0.3,0.5,0.001,2.27826,2.27877
4,43,1,0.2,0.3,0.5,0.001,2.25937,2.25896
5,43,1,0.2,0.3,0.5,0.001,2.36763,2.3687
6,43,1,0.2,0.3,0.5,0.001,2.00543,2.00516
7,43,1,0.2,0.3,0.5,0.001,1.82218,1.82236
8,43,1,0.2,0.3,0.5,0.001,2.85722,2.85781
9,43,1,0.2,0.3,0.5,0.001,2.34629,2.34495
10,43,1,0.2,0.3,0.5,0.001,1.97763,1.97766
11,43,1,0.2,0.3,0.5,0.001,2.09195,2.09176
12,43,1,0.2,0.3,0.5,0.001,2.51763,2.51783
13,43,1,0.2,0.3,0.5,0.001,1.91035,1.91019
14,43,1,0.2,0.3,0.5,0.001,2.24471,2.24469
15,43,1,0.2,0.3,0.5,0.001,1.97761,1.97796
16,43,1,0.2,0.3,0.5,0.001,1.70061,1.70132
17,43,1,0.2,0.3,0.5,0.001,1.81949,1.81881
18,43,1,0.2,0.3,0.5,0.001,2.03664,2.03532
19,43,1,0.2,0.3,0.5,0.001,2.4605,2.4603
20,43,1,0.2,0.3,0.5,0.001,2.37693,2.37641
21,43,1,0.2,0.3,0.5,0.001,2.89357,2.89424
22,43,1,0.2,0.3,0.5,0.001,2.20497,2.20466
23,43,1,0.2,0.3,0.5,0.001,2.19226,2.19313
24,43,1,0.2,0.3,0.5,0.001,2.11434,2.11375
25,43,1,0.2,0.3,0.5,0.001,2.47931,2.47945
26,43,1,0.2,0.3,0.5,0.001,1.98054,1.98049
27,43,1,0.2,0.3,0.5,0.001,2.38788,2.38777
28,43,1,0.2,0.3,0.5,0.001,1.8984,1.89611
29,43,1,0.2,0.3,0.5,0.001,2.69693,2.69696
30,43,1,0.2,0.3,0.5,0.001,2.48102,2.48082
31,43,1,0.2,0.3,0.5,0.001,2.09948,2.09909
32,43,1,0.2,0.3,0.5,0.001,2.30908,2.30822
33,43,1,0.2,0.3,0.5,0.001,1.85666,1.85704
34,43,1,0.2,0.3,0.5,0.001,2.02246,2.02203
35,43,1,0.2,0.3,0.5,0.001,2.19048,2.18944
36,43,1,0.2,0.3,0.5,0.001,1.99977,1.99984
37,43,1,0.2,0.3,0.5,0.001,2.49031,2.4897
38,43,1,0.2,0.3,0.5,0.001,2.19317,2.19265
39,43,1,0.2,0.3,0.5,0.001,2.73457,2.73508
40,43,1,0.2,0.3,0.5,0.001,1.87027,1.87054
41,43,1,0.2,0.3,0.5,0.001,2.20893,2.20848
42,43,1,0.2,0.3,0.5,0.001,1.69415,1.69361
43,43,1,0.2,0.3,0.5,0.001,2.03059,2.02922
44,43,1,0.2,0.3,0.5,0.001,2.31654,2.31523
45,43,1,0.2,0.3,0.5,0.001,1.88933,1.88945
46,43,1,0.2,0.3,0.5,0.001,2.03652,2.0371
47,43,1,0.2,0.3,0.5,0.001,2.33229,2.33175
48,43,1,0.2,0.3,0.5,0.001,2.41714,2.41668
49,43,1,0.2,0.3,0.5,0.001,1.91801,1.91797
50,43,1,0.2,0.3,0.5,0.001,1.96862,1.96863
51,43,1,0.2,0.3,0.5,0.001,1.99496,1.99455
52,43,1,0.2,0.3,0.5,0.001,2.24649,2.24762
53,43,1,0.2,0.3,0.5,0.001,1.99284,1.99252
54,43,1,0.2,0.3,0.5,0.001,2.01496,2.01513
55,43,1,0.2,0.3,0.5,0.001,2.1116,2.112
56,43,1,0.2,0.3,0.5,0.001,2.11592,2.11593
57,43,1,0.2,0.3,0.5,0.001,2.12147,2.12112
58,43,1,0.2,0.3,0.5,0.001,2.49485,2.49476
59,43,1,0.2,0.3,0.5,0.001,2.13981,2.13936
60,43,1,0.2,0.3,0.5,0.001,1.78605,1.78651
61,43,1,0.2,0.3,0.5,0.001,2.40436,2.40476
62,43,1,0.2,0.3,0.5,0.001,2.17138,2.17136
63,43,1,0.2,0.3,0.5,0.001,2.31394,2.31427
64,43,1,0.2,0.3,0.5,0.001,2.1727,2.17222
65,43,1,0.2,0.3,0.5,0.001,2.09308,2.09331
66,43,1,0.2,0.3,0.5,0.001,2.32755,2.32759
67,43,1,0.2,0.3,0.5,0.001,2.2221,2.22226
68,43,1,0.2,0.3,0.5,0.001,1.9886,1.98861
69,43,1,0.2,0.3,0.5,0.001,2.37791,2.37789
70,43,1,0.2,0.3,0.5,0.001,2.89351,2.8937
71,43,1,0.2,0.3,0.5,0.001,1.97195,1.97182
72,43,1,0.2,0.3,0.5,0.001,1.73014,1.73015
73,43,1,0.2,0.3,0.5,0.001,1.93182,1.93156
74,43,1,0.2,0.3,0.5,0.001,1.9698,1.96954
75,43,1,0.2,0.3,0.5,0.001,2.00584,2.00603
76,43,1,0.2,0.3,0.5,0.001,2.18879,2.18916
77,43,1,0.2,0.3,0.5,0.001,1.94827,1.94794
78,43,1,0.2,0.3,0.5,0.001,2.20171,2.20192
79,43,1,0.2,0.3,0.5,0.001,2.51582,2.51664
80,43,1,0.2,0.3,0.5,0.001,1.87872,1.87797
81,43,1,0.2,0.3,0.5,0.001,1.95432,1.95459
82,43,1,0.2,0.3,0.5,0.001,1.98357,1.98295
83,43,1,0.2,0.3,0.5,0.001,2.40787,2.40763
84,43,1,0.2,0.3,0.5,0.001,1.85076,1.85122
85,43,1,0.2,0.3,0.5,0.001,1.85035,1.84976
86,43,1,0.2,0.3,0.5,0.001,1.86014,1.85981
87,43,1,0.2,0.3,0.5,0.001,1.81432,1.81357
88,43,1,0.2,0.3,0.5,0.001,2.12176,2.12159
89,43,1,0.2,0.3,0.5,0.001,2.56461,2.565
90,43,1,0.2,0.3,0.5,0.001,2.39677,2.39715
91,43,1,0.2,0.3,0.5,0.001,1.97394,1.97299
92,43,1,0.2,0.3,0.5,0.001,2.19628,2.19538
93,43,1,0.2,0.3,0.5,0.001,2.3942,2.39425
94,43,1,0.2,0.3,0.5,0.001,1.91234,1.9123
95,43,1,0.2,0.3,0.5,0.001,1.80373,1.80396
96,43,1,0.2,0.3,0.5,0.001,1.74152,1.74108
97,43,1,0.2,0.3,0.5,0.001,1.99336,1.99334
98,43,1,0.2,0.3,0.5,0.001,2.23327,2.23389
99,43,1,0.2,0.3,0.5,0.001,1.89669,1.89738
0,51,1,0.01,0.3,0.5,0.001,3.2888,1.95128
1,51,1,0.01,0.3,0.5,0.001,3.19661,1.72057
2,51,1,0.01,0.3,0.5,0.001,3.08339,1.49897
3,51,1,0.01,0.3,0.5,0.001,3.11137,1.68301
4,51,1,0.01,0.3,0.5,0.001,3.09962,1.54661
5,51,1,0.01,0.3,0.5,0.001,3.49004,2.22959
6,51,1,0.01,0.3,0.5,0.001,3.23951,1.87223
7,51,1,0.01,0.3,0.5,0.001,3.16223,1.69114
8,51,1,0.01,0.3,0.5,0.001,3.03487,1.42097
9,51,1,0.01,0.3,0.5,0.001,3.13682,1.64972
10,51,1,0.01,0.3,0.5,0.001,3.09321,1.65727
11,51,1,0.01,0.3,0.5,0.001,3.15026,1.73069
12,51,1,0.01,0.3,0.5,0.001,3.16139,1.78357
13,51,1,0.01,0.3,0.5,0.001,3.37974,2.10244
14,51,1,0.01,0.3,0.5,0.001,3.369,2.06946
15,51,1,0.01,0.3,0.5,0.001,3.05322,1.51774
16,51,1,0.01,0.3,0.5,0.001,3.30393,2.04321
17,51,1,0.01,0.3,0.5,0.001,3.05094,1.49734
18,51,1,0.01,0.3,0.5,0.001,2.99381,1.4661
19,51,1,0.01,0.3,0.5,0.001,3.10565,1.60548
20,51,1,0.01,0.3,0.5,0.001,3.15027,1.66764
21,51,1,0.01,0.3,0.5,0.001,3.12885,1.54598
22,51,1,0.01,0.3,0.5,0.001,3.11527,1.71165
23,51,1,0.01,0.3,0.5,0.001,3.49342,2.16446
24,51,1,0.01,0.3,0.5,0.001,3.46577,2.21958
25,51,1,0.01,0.3,0.5,0.001,3.05495,1.55388
26,51,1,0.01,0.3,0.5,0.001,3.27679,1.92634
27,51,1,0.01,0.3,0.5,0.001,3.48208,2.28633
28,51,1,0.01,0.3,0.5,0.001,3.23219,1.81753
29,51,1,0.01,0.3,0.5,0.001,3.18991,1.72558
30,51,1,0.01,0.3,0.5,0.001,3.50647,2.25605
31,51,1,0.01,0.3,0.5,0.001,3.12077,1.68871
32,51,1,0.01,0.3,0.5,0.001,3.66163,2.58977
33,51,1,0.01,0.3,0.5,0.001,3.70807,2.59178
34,51,1,0.01,0.3,0.5,0.001,3.34835,1.94195
35,51,1,0.01,0.3,0.5,0.001,3.04084,1.53355
36,51,1,0.01,0.3,0.5,0.001,3.26508,1.91671
37,51,1,0.01,0.3,0.5,0.001,3.21747,1.80247
38,51,1,0.01,0.3,0.5,0.001,2.99425,1.41376
39,51,1,0.01,0.3,0.5,0.001,3.23673,1.77317
40,51,1,0.01,0.3,0.5,0.001,3.39776,2.19872
41,51,1,0.01,0.3,0.5,0.001,3.32971,2.00763
42,51,1,0.01,0.3,0.5,0.001,3.04281,1.40581
43,51,1,0.01,0.3,0.5,0.001,3.38407,2.07979
44,51,1,0.01,0.3,0.5,0.001,3.41,2.12807
45,51,1,0.01,0.3,0.5,0.001,2.99598,1.43304
46,51,1,0.01,0.3,0.5,0.001,3.72938,2.64349
47,51,1,0.01,0.3,0.5,0.001,3.01504,1.45292
48,51,1,0.01,0.3,0.5,0.001,3.57188,2.29259
49,51,1,0.01,0.3,0.5,0.001,3.14508,1.69371
50,51,1,0.01,0.3,0.5,0.001,3.55554,2.4047
51,51,1,0.01,0.3,0.5,0.001,3.50236,2.24419
52,51,1,0.01,0.3,0.5,0.001,3.58496,2.52517
53,51,1,0.01,0.3,0.5,0.001,3.22442,1.88694
54,51,1,0.01,0.3,0.5,0.001,3.2224,1.81155
55,51,1,0.01,0.3,0.5,0.001,3.19559,1.78366
56,51,1,0.01,0.3,0.5,0.001,2.92314,1.28583
57,51,1,0.01,0.3,0.5,0.001,3.33844,2.06436
58,51,1,0.01,0.3,0.5,0.001,3.16692,1.71467
59,51,1,0.01,0.3,0.5,0.001,3.18038,1.79358
60,51,1,0.01,0.3,0.5,0.001,3.18119,1.67919
61,51,1,0.01,0.3,0.5,0.001,3.12474,1.60202
62,51,1,0.01,0.3,0.5,0.001,3.11513,1.56124
63,51,1,0.01,0.3,0.5,0.001,3.13495,1.77281
64,51,1,0.01,0.3,0.5,0.001,3.3336,1.95459
65,51,1,0.01,0.3,0.5,0.001,3.30917,1.88448
66,51,1,0.01,0.3,0.5,0.001,3.92941,2.88534
67,51,1,0.01,0.3,0.5,0.001,3.26242,1.86665
68,51,1,0.01,0.3,0.5,0.001,3.10645,1.63999
69,51,1,0.01,0.3,0.5,0.001,3.13576,1.64893
70,51,1,0.01,0.3,0.5,0.001,3.40002,2.17736
71,51,1,0.01,0.3,0.5,0.001,3.09597,1.61178
72,51,1,0.01,0.3,0.5,0.001,3.13473,1.74314
73,51,1,0.01,0.3,0.5,0.001,3.2382,1.87777
74,51,1,0.01,0.3,0.5,0.001,3.00685,1.38542
75,51,1,0.01,0.3,0.5,0.001,3.29185,2.07037
76,51,1,0.01,0.3,0.5,0.001,3.13044,1.58068
77,51,1,0.01,0.3,0.5,0.001,3.14265,1.60645
78,51,1,0.01,0.3,0.5,0.001,3.31331,1.9716
79,51,1,0.01,0.3,0.5,0.001,3.08607,1.60154
80,51,1,0.01,0.3,0.5,0.001,4.46583,3.63919
81,51,1,0.01,0.3,0.5,0.001,3.27693,1.93719
82,51,1,0.01,0.3,0.5,0.001,3.04774,1.44836
83,51,1,0.01,0.3,0.5,0.001,3.64581,2.54372
84,51,1,0.01,0.3,0.5,0.001,3.31498,1.97324
85,51,1,0.01,0.3,0.5,0.001,3.05082,1.53409
86,51,1,0.01,0.3,0.5,0.001,3.45034,2.25522
87,51,1,0.01,0.3,0.5,0.001,3.22997,1.8922
88,51,1,0.01,0.3,0.5,0.001,4.19904,3.18137
89,51,1,0.01,0.3,0.5,0.001,3.20214,1.73886
90,51,1,0.01,0.3,0.5,0.001,3.11383,1.54217
91,51,1,0.01,0.3,0.5,0.001,3.47211,2.22469
92,51,1,0.01,0.3,0.5,0.001,3.21855,1.73535
93,51,1,0.01,0.3,0.5,0.001,3.13334,1.68485
94,51,1,0.01,0.3,0.5,0.001,3.29601,1.97677
95,51,1,0.01,0.3,0.5,0.001,3.1181,1.56397
96,51,1,0.01,0.3,0.5,0.001,3.03926,1.43291
97,51,1,0.01,0.3,0.5,0.001,3.04317,1.4459
98,51,1,0.01,0.3,0.5,0.001,3.11147,1.67979
99,51,1,0.01,0.3,0.5,0.001,3.33794,1.99756
0,51,1,0.05,0.3,0.5,0.001,1.42783,1.43864
1,51,1,0.05,0.3,0.5,0.001,1.67606,1.65212
2,51,1,0.05,0.3,0.5,0.001,1.83831,1.82082
3,51,1,0.05,0.3,0.5,0.001,1.94578,1.92288
4,51,1,0.05,0.3,0.5,0.001,1.92416,1.91293
5,51,1,0.05,0.3,0.5,0.001,2.07499,2.04975
6,51,1,0.05,0.3,0.5,0.001,1.87782,1.85191
7,51,1,0.05,0.3,0.5,0.001,2.12642,2.11703
8,51,1,0.05,0.3,0.5,0.001,2.01283,1.98945
9,51,1,0.05,0.3,0.5,0.001,1.98104,1.96278
10,51,1,0.05,0.3,0.5,0.001,1.67823,1.6752
11,51,1,0.05,0.3,0.5,0.001,2.41976,2.42433
12,51,1,0.05,0.3,0.5,0.001,1.67261,1.69095
13,51,1,0.05,0.3,0.5,0.001,1.89257,1.90283
14,51,1,0.05,0.3,0.5,0.001,2.07379,2.08807
15,51,1,0.05,0.3,0.5,0.001,1.9865,1.9949
16,51,1,0.05,0.3,0.5,0.001,1.85669,1.82863
17,51,1,0.05,0.3,0.5,0.001,1.82338,1.77425
18,51,1,0.05,0.3,0.5,0.001,2.26302,2.22424
19,51,1,0.05,0.3,0.5,0.001,2.10626,2.06359
20,51,1,0.05,0.3,0.5,0.001,1.66052,1.65667
21,51,1,0.05,0.3,0.5,0.001,2.49562,2.43708
22,51,1,0.05,0.3,0.5,0.001,1.75491,1.71165
23,51,1,0.05,0.3,0.5,0.001,2.11876,2.11932
24,51,1,0.05,0.3,0.5,0.001,1.76345,1.75563
25,51,1,0.05,0.3,0.5,0.001,1.74129,1.72753
26,51,1,0.05,0.3,0.5,0.001,1.73309,1.69572
27,51,1,0.05,0.3,0.5,0.001,1.92952,1.88075
28,51,1,0.05,0.3,0.5,0.001,1.66522,1.65801
29,51,1,0.05,0.3,0.5,0.001,2.13843,2.14902
30,51,1,0.05,0.3,0.5,0.001,1.92505,1.90183
31,51,1,0.05,0.3,0.5,0.001,2.14457,2.13137
32,51,1,0.05,0.3,0.5,0.001,2.10742,2.05381
33,51,1,0.05,0.3,0.5,0.001,1.75501,1.75777
34,51,1,0.05,0.3,0.5,0.001,1.62665,1.5954
35,51,1,0.05,0.3,0.5,0.001,1.99905,1.94585
36,51,1,0.05,0.3,0.5,0.001,1.8374,1.81487
37,51,1,0.05,0.3,0.5,0.001,1.66288,1.63716
38,51,1,0.05,0.3,0.5,0.001,1.7187,1.69005
39,51,1,0.05,0.3,0.5,0.001,1.78429,1.73069
40,51,1,0.05,0.3,0.5,0.001,2.70612,2.70365
41,51,1,0.05,0.3,0.5,0.001,3.39922,3.4005
42,51,1,0.05,0.3,0.5,0.001,1.47212,1.47934
43,51,1,0.05,0.3,0.5,0.001,1.59728,1.57474
44,51,1,0.05,0.3,0.5,0.001,2.13872,2.13036
45,51,1,0.05,0.3,0.5,0.001,1.57357,1.5342
46,51,1,0.05,0.3,0.5,0.001,1.99504,1.98396
47,51,1,0.05,0.3,0.5,0.001,2.45845,2.46468
48,51,1,0.05,0.3,0.5,0.001,2.14797,2.15031
49,51,1,0.05,0.3,0.5,0.001,1.42892,1.41247
50,51,1,0.05,0.3,0.5,0.001,1.71965,1.6995
51,51,1,0.05,0.3,0.5,0.001,1.70581,1.66007
52,51,1,0.05,0.3,0.5,0.001,2.18579,2.17443
53,51,1,0.05,0.3,0.5,0.001,1.88048,1.87968
54,51,1,0.05,0.3,0.5,0.001,1.73009,1.70261
55,51,1,0.05,0.3,0.5,0.001,1.72171,1.71446
56,51,1,0.05,0.3,0.5,0.001,1.40654,1.40221
57,51,1,0.05,0.3,0.5,0.001,1.99366,1.98086
58,51,1,0.05,0.3,0.5,0.001,1.89244,1.86791
59,51,1,0.05,0.3,0.5,0.001,1.49888,1.49771
60,51,1,0.05,0.3,0.5,0.001,2.03216,2.01049
61,51,1,0.05,0.3,0.5,0.001,1.73659,1.72673
62,51,1,0.05,0.3,0.5,0.001,2.36315,2.36652
63,51,1,0.05,0.3,0.5,0.001,1.72714,1.6769
64,51,1,0.05,0.3,0.5,0.001,1.82375,1.79935
65,51,1,0.05,0.3,0.5,0.001,1.73082,1.69083
66,51,1,0.05,0.3,0.5,0.001,1.97902,1.99369
67,51,1,0.05,0.3,0.5,0.001,1.99788,1.98143
68,51,1,0.05,0.3,0.5,0.001,1.68247,1.6859
69,51,1,0.05,0.3,0.5,0.001,1.91384,1.87573
70,51,1,0.05,0.3,0.5,0.001,1.81622,1.79155
71,51,1,0.05,0.3,0.5,0.001,2.33174,2.25105
72,51,1,0.05,0.3,0.5,0.001,1.70853,1.67453
73,51,1,0.05,0.3,0.5,0.001,2.04082,2.04087
74,51,1,0.05,0.3,0.5,0.001,1.75664,1.77426
75,51,1,0.05,0.3,0.5,0.001,1.81781,1.85538
76,51,1,0.05,0.3,0.5,0.001,1.82146,1.81161
77,51,1,0.05,0.3,0.5,0.001,1.76516,1.74181
78,51,1,0.05,0.3,0.5,0.001,1.70011,1.68362
79,51,1,0.05,0.3,0.5,0.001,1.56786,1.56062
80,51,1,0.05,0.3,0.5,0.001,2.69915,2.68414
81,51,1,0.05,0.3,0.5,0.001,1.90748,1.89396
82,51,1,0.05,0.3,0.5,0.001,1.72516,1.69576
83,51,1,0.05,0.3,0.5,0.001,1.77953,1.78308
84,51,1,0.05,0.3,0.5,0.001,2.19643,2.19309
85,51,1,0.05,0.3,0.5,0.001,2.19311,2.18338
86,51,1,0.05,0.3,0.5,0.001,2.76783,2.79015
87,51,1,0.05,0.3,0.5,0.001,2.8791,2.8939
88,51,1,0.05,0.3,0.5,0.001,2.07988,2.08068
89,51,1,0.05,0.3,0.5,0.001,2.2511,2.24482
90,51,1,0.05,0.3,0.5,0.001,1.47698,1.4711
91,51,1,0.05,0.3,0.5,0.001,1.8824,1.85729
92,51,1,0.05,0.3,0.5,0.001,1.72076,1.72317
93,51,1,0.05,0.3,0.5,0.001,2.13036,2.12433
94,51,1,0.05,0.3,0.5,0.001,1.90921,1.89592
95,51,1,0.05,0.3,0.5,0.001,2.01711,2.01095
96,51,1,0.05,0.3,0.5,0.001,2.06502,2.03892
97,51,1,0.05,0.3,0.5,0.001,1.99257,1.98905
98,51,1,0.05,0.3,0.5,0.001,2.67634,2.66432
99,51,1,0.05,0.3,0.5,0.001,2.50934,2.52168
0,51,1,0.2,0.3,0.5,0.001,1.97507,1.97452
1,51,1,0.2,0.3,0.5,0.001,2.03102,2.03057
2,51,1,0.2,0.3,0.5,0.001,2.13537,2.13587
3,51,1,0.2,0.3,0.5,0.001,1.92731,1.92656
4,51,1,0.2,0.3,0.5,0.001,1.68423,1.68421
5,51,1,0.2,0.3,0.5,0.001,1.77912,1.77842
6,51,1,0.2,0.3,0.5,0.001,1.98579,1.98539
7,51,1,0.2,0.3,0.5,0.001,2.06962,2.06923
8,51,1,0.2,0.3,0.5,0.001,1.78063,1.78205
9,51,1,0.2,0.3,0.5,0.001,1.84332,1.84362
10,51,1,0.2,0.3,0.5,0.001,2.29878,2.29845
11,51,1,0.2,0.3,0.5,0.001,1.86167,1.86287
12,51,1,0.2,0.3,0.5,0.001,1.86951,1.86928
13,51,1,0.2,0.3,0.5,0.001,1.60599,1.60573
14,51,1,0.2,0.3,0.5,0.001,1.91144,1.91113
15,51,1,0.2,0.3,0.5,0.001,1.93431,1.93367
16,51,1,0.2,0.3,0.5,0.001,1.71897,1.71801
17,51,1,0.2,0.3,0.5,0.001,1.84276,1.84343
18,51,1,0.2,0.3,0.5,0.001,1.84881,1.84872
19,51,1,0.2,0.3,0.5,0.001,1.7575,1.75665
20,51,1,0.2,0.3,0.5,0.001,1.83327,1.83275
21,51,1,0.2,0.3,0.5,0.001,2.55615,2.55657
22,51,1,0.2,0.3,0.5,0.001,1.99749,1.9977
23,51,1,0.2,0.3,0.5,0.001,2.02676,2.02735
24,51,1,0.2,0.3,0.5,0.001,1.78293,1.78253
25,51,1,0.2,0.3,0.5,0.001,2.33461,2.33504
26,51,1,0.2,0.3,0.5,0.001,1.96443,1.96308
27,51,1,0.2,0.3,0.5,0.001,2.06744,2.06703
28,51,1,0.2,0.3,0.5,0.001,1.79459,1.794
29,51,1,0.2,0.3,0.5,0.001,1.86412,1.86499
30,51,1,0.2,0.3,0.5,0.001,2.21058,2.21061
31,51,1,0.2,0.3,0.5,0.001,2.04806,2.04917
32,51,1,0.2,0.3,0.5,0.001,2.40591,2.40586
33,51,1,0.2,0.3,0.5,0.001,1.82251,1.82247
34,51,1,0.2,0.3,0.5,0.001,2.08378,2.08411
35,51,1,0.2,0.3,0.5,0.001,1.81852,1.81797
36,51,1,0.2,0.3,0.5,0.001,1.79305,1.79319
37,51,1,0.2,0.3,0.5,0.001,2.10679,2.10645
38,51,1,0.2,0.3,0.5,0.001,1.99823,1.998
39,51,1,0.2,0.3,0.5,0.001,1.77455,1.77389
40,51,1,0.2,0.3,0.5,0.001,2.01866,2.01872
41,51,1,0.2,0.3,0.5,0.001,1.83786,1.8383
42,51,1,0.2,0.3,0.5,0.001,2.23075,2.23073
43,51,1,0.2,0.3,0.5,0.001,1.91786,1.91747
44,51,1,0.2,0.3,0.5,0.001,2.35661,2.35589
45,51,1,0.2,0.3,0.5,0.001,1.7186,1.71929
46,51,1,0.2,0.3,0.5,0.001,1.71223,1.71144
47,51,1,0.2,0.3,0.5,0.001,1.93604,1.93587
48,51,1,0.2,0.3,0.5,0.001,2.28867,2.28903
49,51,1,0.2,0.3,0.5,0.001,1.77025,1.77113
50,51,1,0.2,0.3,0.5,0.001,1.7125,1.71308
51,51,1,0.2,0.3,0.5,0.001,1.75347,1.75243
52,51,1,0.2,0.3,0.5,0.001,1.79089,1.79084
53,51,1,0.2,0.3,0.5,0.001,2.08009,2.08003
54,51,1,0.2,0.3,0.5,0.001,1.60547,1.60427
55,51,1,0.2,0.3,0.5,0.001,1.9049,1.90467
56,51,1,0.2,0.3,0.5,0.001,2.01765,2.01784
57,51,1,0.2,0.3,0.5,0.001,1.89333,1.89386
58,51,1,0.2,0.3,0.5,0.001,2.00454,2.00465
59,51,1,0.2,0.3,0.5,0.001,1.71346,1.71434
60,51,1,0.2,0.3,0.5,0.001,1.80654,1.80712
61,51,1,0.2,0.3,0.5,0.001,2.25238,2.25197
62,51,1,0.2,0.3,0.5,0.001,1.87449,1.87421
63,51,1,0.2,0.3,0.5,0.001,2.65582,2.65659
64,51,1,0.2,0.3,0.5,0.001,2.16427,2.16491
65,51,1,0.2,0.3,0.5,0.001,1.95329,1.95368
66,51,1,0.2,0.3,0.5,0.001,2.0954,2.09441
67,51,1,0.2,0.3,0.5,0.001,2.12981,2.13075
68,51,1,0.2,0.3,0.5,0.001,2.01334,2.01292
69,51,1,0.2,0.3,0.5,0.001,1.81235,1.81213
70,51,1,0.2,0.3,0.5,0.001,2.17315,2.17418
71,51,1,0.2,0.3,0.5,0.001,1.71198,1.71232
72,51,1,0.2,0.3,0.5,0.001,1.69028,1.69068
73,51,1,0.2,0.3,0.5,0.001,1.80911,1.80884
74,51,1,0.2,0.3,0.5,0.001,1.8158,1.81674
75,51,1,0.2,0.3,0.5,0.001,2.35347,2.35389
76,51,1,0.2,0.3,0.5,0.001,2.26857,2.26913
77,51,1,0.2,0.3,0.5,0.001,1.85514,1.85574
78,51,1,0.2,0.3,0.5,0.001,2.16059,2.16103
79,51,1,0.2,0.3,0.5,0.001,1.94981,1.94967
80,51,1,0.2,0.3,0.5,0.001,1.9437,1.94374
81,51,1,0.2,0.3,0.5,0.001,1.95095,1.95062
82,51,1,0.2,0.3,0.5,0.001,2.08142,2.08163
83,51,1,0.2,0.3,0.5,0.001,1.78155,1.78196
84,51,1,0.2,0.3,0.5,0.001,1.89287,1.89298
85,51,1,0.2,0.3,0.5,0.001,1.8281,1.82822
86,51,1,0.2,0.3,0.5,0.001,1.80147,1.80174
87,51,1,0.2,0.3,0.5,0.001,1.76511,1.76593
88,51,1,0.2,0.3,0.5,0.001,2.19122,2.19039
89,51,1,0.2,0.3,0.5,0.001,2.36424,2.3653
90,51,1,0.2,0.3,0.5,0.001,1.85919,1.8585
91,51,1,0.2,0.3,0.5,0.001,1.75496,1.75582
92,51,1,0.2,0.3,0.5,0.001,2.03041,2.03179
93,51,1,0.2,0.3,0.5,0.001,2.79686,2.79826
94,51,1,0.2,0.3,0.5,0.001,1.85325,1.85382
95,51,1,0.2,0.3,0.5,0.001,1.89413,1.89392
96,51,1,0.2,0.3,0.5,0.001,1.83634,1.83666
97,51,1,0.2,0.3,0.5,0.001,2.00229,2.00167
98,51,1,0.2,0.3,0.5,0.001,1.85334,1.85296
99,51,1,0.2,0.3,0.5,0.001,1.79497,1.79527
0,61,1,0.01,0.3,0.5,0.001,3.16078,1.76899
1,61,1,0.01,0.3,0.5,0.001,2.98581,1.47713
2,61,1,0.01,0.3,0.5,0.001,2.88216,1.17524
3,61,1,0.01,0.3,0.5,0.001,3.41539,2.23644
4,61,1,0.01,0.3,0.5,0.001,3.04513,1.56334
5,61,1,0.01,0.3,0.5,0.001,3.11539,1.67006
6,61,1,0.01,0.3,0.5,0.001,3.0351,1.52009
7,61,1,0.01,0.3,0.5,0.001,3.61594,2.58061
8,61,1,0.01,0.3,0.5,0.001,3.036,1.49297
9,61,1,0.01,0.3,0.5,0.001,3.04146,1.45829
10,61,1,0.01,0.3,0.5,0.001,2.86522,1.16491
11,61,1,0.01,0.3,0.5,0.001,3.00135,1.4852
12,61,1,0.01,0.3,0.5,0.001,2.9059,1.2765
13,61,1,0.01,0.3,0.5,0.001,3.21585,1.84882
14,61,1,0.01,0.3,0.5,0.001,2.93957,1.25504
15,61,1,0.01,0.3,0.5,0.001,2.92388,1.22106
16,61,1,0.01,0.3,0.5,0.001,3.0151,1.58365
17,61,1,0.01,0.3,0.5,0.001,3.20495,1.88718
18,61,1,0.01,0.3,0.5,0.001,2.93538,1.33305
19,61,1,0.01,0.3,0.5,0.001,3.2075,1.75817
20,61,1,0.01,0.3,0.5,0.001,3.0408,1.51261
21,61,1,0.01,0.3,0.5,0.001,2.9704,1.41919
22,61,1,0.01,0.3,0.5,0.001,3.16262,1.6787
23,61,1,0.01,0.3,0.5,0.001,2.92384,1.28932
24,61,1,0.01,0.3,0.5,0.001,3.26075,1.90225
25,61,1,0.01,0.3,0.5,0.001,2.92159,1.23385
26,61,1,0.01,0.3,0.5,0.001,3.37102,2.09786
27,61,1,0.01,0.3,0.5,0.001,2.95906,1.34596
28,61,1,0.01,0.3,0.5,0.001,3.11311,1.6616
29,61,1,0.01,0.3,0.5,0.001,2.97548,1.31934
30,61,1,0.01,0.3,0.5,0.001,3.18078,1.72458
31,61,1,0.01,0.3,0.5,0.001,2.98114,1.4368
32,61,1,0.01,0.3,0.5,0.001,3.41442,2.22961
33,61,1,0.01,0.3,0.5,0.001,3.00866,1.4364
34,61,1,0.01,0.3,0.5,0.001,2.98995,1.36378
35,61,1,0.01,0.3,0.5,0.001,3.22505,1.72561
36,61,1,0.01,0.3,0.5,0.001,3.00964,1.56346
37,61,1,0.01,0.3,0.5,0.001,3.41551,2.24207
38,61,1,0.01,0.3,0.5,0.001,2.87661,1.1994
39,61,1,0.01,0.3,0.5,0.001,3.20946,1.7893
40,61,1,0.01,0.3,0.5,0.001,2.89073,1.15237
41,61,1,0.01,0.3,0.5,0.001,3.09581,1.65894
42,61,1,0.01,0.3,0.5,0.001,3.30274,2.02621
43,61,1,0.01,0.3,0.5,0.001,2.99227,1.43104
44,61,1,0.01,0.3,0.5,0.001,3.41888,2.19536
45,61,1,0.01,0.3,0.5,0.001,3.06281,1.57813
46,61,1,0.01,0.3,0.5,0.001,2.92356,1.30728
47,61,1,0.01,0.3,0.5,0.001,3.02829,1.52746
48,61,1,0.01,0.3,0.5,0.001,3.35065,2.18064
49,61,1,0.01,0.3,0.5,0.001,3.03365,1.52533
50,61,1,0.01,0.3,0.5,0.001,3.28807,1.99877
51,61,1,0.01,0.3,0.5,0.001,3.187,1.79195
52,61,1,0.01,0.3,0.5,0.001,3.83329,2.80772
53,61,1,0.01,0.3,0.5,0.001,3.16183,1.84588
54,61,1,0.01,0.3,0.5,0.001,3.04521,1.54293
55,61,1,0.01,0.3,0.5,0.001,2.95222,1.25455
56,61,1,0.01,0.3,0.5,0.001,3.19599,1.80548
57,61,1,0.01,0.3,0.5,0.001,3.14565,1.7471
58,61,1,0.01,0.3,0.5,0.001,2.94768,1.39615
59,61,1,0.01,0.3,0.5,0.001,3.6458,2.46116
60,61,1,0.01,0.3,0.5,0.001,3.07923,1.61331
61,61,1,0.01,0.3,0.5,0.001,2.9502,1.40493
62,61,1,0.01,0.3,0.5,0.001,3.14153,1.67125
63,61,1,0.01,0.3,0.5,0.001,3.11208,1.71948
64,61,1,0.01,0.3,0.5,0.001,3.06696,1.48137
65,61,1,0.01,0.3,0.5,0.001,3.60639,2.55133
66,61,1,0.01,0.3,0.5,0.001,3.22992,1.88336
67,61,1,0.01,0.3,0.5,0.001,3.14122,1.74741
68,61,1,0.01,0.3,0.5,0.001,3.31022,1.93169
69,61,1,0.01,0.3,0.5,0.001,3.198,1.8379
70,61,1,0.01,0.3,0.5,0.001,3.07837,1.5868
71,61,1,0.01,0.3,0.5,0.001,3.0219,1.54907
72,61,1,0.01,0.3,0.5,0.001,3.32294,1.95512
73,61,1,0.01,0.3,0.5,0.001,3.04258,1.5779
74,61,1,0.01,0.3,0.5,0.001,2.96442,1.44972
75,61,1,0.01,0.3,0.5,0.001,3.14623,1.78344
76,61,1,0.01,0.3,0.5,0.001,3.04482,1.46899
77,61,1,0.01,0.3,0.5,0.001,3.00425,1.51111
78,61,1,0.01,0.3,0.5,0.001,3.00877,1.42393
79,61,1,0.01,0.3,0.5,0.001,3.05295,1.55668
80,61,1,0.01,0.3,0.5,0.001,3.15815,1.71142
81,61,1,0.01,0.3,0.5,0.001,3.21346,1.93146
82,61,1,0.01,0.3,0.5,0.001,3.03685,1.5294
83,61,1,0.01,0.3,0.5,0.001,3.16729,1.73211
84,61,1,0.01,0.3,0.5,0.001,2.99439,1.46883
85,61,1,0.01,0.3,0.5,0.001,3.08556,1.59268
86,61,1,0.01,0.3,0.5,0.001,2.93919,1.33175
87,61,1,0.01,0.3,0.5,0.001,3.26327,1.91616
88,61,1,0.01,0.3,0.5,0.001,3.0528,1.47377
89,61,1,0.01,0.3,0.5,0.001,2.9969,1.46225
90,61,1,0.01,0.3,0.5,0.001,2.99777,1.44004
91,61,1,0.01,0.3,0.5,0.001,2.98615,1.35644
92,61,1,0.01,0.3,0.5,0.001,3.11919,1.76297
93,61,1,0.01,0.3,0.5,0.001,3.27453,1.99228
94,61,1,0.01,0.3,0.5,0.001,3.08387,1.64014
95,61,1,0.01,0.3,0.5,0.001,3.49498,2.31602
96,61,1,0.01,0.3,0.5,0.001,3.4875,2.30745
97,61,1,0.01,0.3,0.5,0.001,3.13863,1.73896
98,61,1,0.01,0.3,0.5,0.001,3.12228,1.79368
99,61,1,0.01,0.3,0.5,0.001,2.92518,1.31444
0,61,1,0.05,0.3,0.5,0.001,1.5489,1.54872
1,61,1,0.05,0.3,0.5,0.001,2.02794,2.00553
2,61,1,0.05,0.3,0.5,0.001,1.6373,1.63128
3,61,1,0.05,0.3,0.5,0.001,1.79506,1.75465
4,61,1,0.05,0.3,0.5,0.001,1.93345,1.92317
5,61,1,0.05,0.3,0.5,0.001,1.64875,1.65956
6,61,1,0.05,0.3,0.5,0.001,1.86389,1.86645
7,61,1,0.05,0.3,0.5,0.001,1.80104,1.7622
8,61,1,0.05,0.3,0.5,0.001,1.57027,1.56422
9,61,1,0.05,0.3,0.5,0.001,1.97947,2.00403
10,61,1,0.05,0.3,0.5,0.001,1.43213,1.42462
11,61,1,0.05,0.3,0.5,0.001,1.73763,1.7451
12,61,1,0.05,0.3,0.5,0.001,1.75673,1.74187
13,61,1,0.05,0.3,0.5,0.001,2.22107,2.17925
14,61,1,0.05,0.3,0.5,0.001,2.17617,2.14668
15,61,1,0.05,0.3,0.5,0.001,1.86473,1.83728
16,61,1,0.05,0.3,0.5,0.001,1.49497,1.46987
17,61,1,0.05,0.3,0.5,0.001,1.78857,1.78268
18,61,1,0.05,0.3,0.5,0.001,1.43986,1.42867
19,61,1,0.05,0.3,0.5,0.001,1.70854,1.70472
20,61,1,0.05,0.3,0.5,0.001,2.19788,2.19822
21,61,1,0.05,0.3,0.5,0.001,2.11493,2.12372
22,61,1,0.05,0.3,0.5,0.001,1.92096,1.90572
23,61,1,0.05,0.3,0.5,0.001,1.77595,1.71101
24,61,1,0.05,0.3,0.5,0.001,1.60401,1.59557
25,61,1,0.05,0.3,0.5,0.001,1.49489,1.48517
26,61,1,0.05,0.3,0.5,0.001,1.38814,1.41047
27,61,1,0.05,0.3,0.5,0.001,1.6323,1.61778
28,61,1,0.05,0.3,0.5,0.001,2.07557,2.08001
29,61,1,0.05,0.3,0.5,0.001,3.18057,3.17992
30,61,1,0.05,0.3,0.5,0.001,1.91106,1.87843
31,61,1,0.05,0.3,0.5,0.001,1.64924,1.63804
32,61,1,0.05,0.3,0.5,0.001,1.77304,1.77464
33,61,1,0.05,0.3,0.5,0.001,2.12854,2.1055
34,61,1,0.05,0.3,0.5,0.001,1.41159,1.40332
35,61,1,0.05,0.3,0.5,0.001,1.69974,1.69006
36,61,1,0.05,0.3,0.5,0.001,1.55643,1.51933
37,61,1,0.05,0.3,0.5,0.001,1.52159,1.51438
38,61,1,0.05,0.3,0.5,0.001,1.53447,1.53674
39,61,1,0.05,0.3,0.5,0.001,1.57777,1.5807
40,61,1,0.05,0.3,0.5,0.001,1.44103,1.43925
41,61,1,0.05,0.3,0.5,0.001,1.5762,1.55942
42,61,1,0.05,0.3,0.5,0.001,1.83204,1.82853
43,61,1,0.05,0.3,0.5,0.001,1.55732,1.52744
44,61,1,0.05,0.3,0.5,0.001,1.76883,1.73512
45,61,1,0.05,0.3,0.5,0.001,1.75972,1.74009
46,61,1,0.05,0.3,0.5,0.001,1.57694,1.56093
47,61,1,0.05,0.3,0.5,0.001,1.82914,1.81542
48,61,1,0.05,0.3,0.5,0.001,1.43385,1.40835
49,61,1,0.05,0.3,0.5,0.001,1.64118,1.6107
50,61,1,0.05,0.3,0.5,0.001,1.56786,1.57355
51,61,1,0.05,0.3,0.5,0.001,1.84863,1.84586
52,61,1,0.05,0.3,0.5,0.001,1.56116,1.54821
53,61,1,0.05,0.3,0.5,0.001,1.55636,1.53202
54,61,1,0.05,0.3,0.5,0.001,1.56659,1.55766
55,61,1,0.05,0.3,0.5,0.001,1.71976,1.72141
56,61,1,0.05,0.3,0.5,0.001,2.1011,2.0859
57,61,1,0.05,0.3,0.5,0.001,1.75649,1.75392
58,61,1,0.05,0.3,0.5,0.001,1.54145,1.53159
59,61,1,0.05,0.3,0.5,0.001,1.7549,1.76315
60,61,1,0.05,0.3,0.5,0.001,1.59463,1.57372
61,61,1,0.05,0.3,0.5,0.001,1.44547,1.42632
62,61,1,0.05,0.3,0.5,0.001,1.53377,1.52836
63,61,1,0.05,0.3,0.5,0.001,2.19695,2.16073
64,61,1,0.05,0.3,0.5,0.001,1.37081,1.38143
65,61,1,0.05,0.3,0.5,0.001,1.92721,1.9277
66,61,1,0.05,0.3,0.5,0.001,1.83486,1.80914
67,61,1,0.05,0.3,0.5,0.001,2.04419,2.03657
68,61,1,0.05,0.3,0.5,0.001,2.03441,2.02791
69,61,1,0.05,0.3,0.5,0.001,1.43183,1.41143
70,61,1,0.05,0.3,0.5,0.001,1.6938,1.67502
71,61,1,0.05,0.3,0.5,0.001,1.74766,1.73989
72,61,1,0.05,0.3,0.5,0.001,2.04307,2.02353
73,61,1,0.05,0.3,0.5,0.001,1.70595,1.72329
74,61,1,0.05,0.3,0.5,0.001,1.59762,1.60407
75,61,1,0.05,0.3,0.5,0.001,1.53411,1.5145
76,61,1,0.05,0.3,0.5,0.001,1.65257,1.63086
77,61,1,0.05,0.3,0.5,0.001,1.63294,1.60652
78,61,1,0.05,0.3,0.5,0.001,1.76191,1.77564
79,61,1,0.05,0.3,0.5,0.001,1.61736,1.61025
80,61,1,0.05,0.3,0.5,0.001,1.6949,1.69515
81,61,1,0.05,0.3,0.5,0.001,1.80626,1.80274
82,61,1,0.05,0.3,0.5,0.001,1.68839,1.6732
83,61,1,0.05,0.3,0.5,0.001,1.69144,1.66406
84,61,1,0.05,0.3,0.5,0.001,1.78522,1.74639
85,61,1,0.05,0.3,0.5,0.001,1.92715,1.91593
86,61,1,0.05,0.3,0.5,0.001,1.62398,1.60023
87,61,1,0.05,0.3,0.5,0.001,1.57676,1.54718
88,61,1,0.05,0.3,0.5,0.001,1.91171,1.90034
89,61,1,0.05,0.3,0.5,0.001,1.71787,1.70298
90,61,1,0.05,0.3,0.5,0.001,1.47173,1.4542
91,61,1,0.05,0.3,0.5,0.001,1.55575,1.51716
92,61,1,0.05,0.3,0.5,0.001,1.49142,1.48765
93,61,1,0.05,0.3,0.5,0.001,1.38782,1.39961
94,61,1,0.05,0.3,0.5,0.001,1.41066,1.40444
95,61,1,0.05,0.3,0.5,0.001,1.61819,1.57258
96,61,1,0.05,0.3,0.5,0.001,1.81324,1.77681
97,61,1,0.05,0.3,0.5,0.001,1.73717,1.69693
98,61,1,0.05,0.3,0.5,0.001,2.78114,2.78551
99,61,1,0.05,0.3,0.5,0.001,1.81232,1.7793
0,61,1,0.2,0.3,0.5,0.001,1.60809,1.60858
1,61,1,0.2,0.3,0.5,0.001,1.70985,1.70921
2,61,1,0.2,0.3,0.5,0.001,1.60164,1.60154
3,61,1,0.2,0.3,0.5,0.001,1.74752,1.74768
4,61,1,0.2,0.3,0.5,0.001,1.94946,1.95022
5,61,1,0.2,0.3,0.5,0.001,1.63248,1.63258
6,61,1,0.2,0.3,0.5,0.001,1.60852,1.60854
7,61,1,0.2,0.3,0.5,0.001,1.85855,1.85659
8,61,1,0.2,0.3,0.5,0.001,1.54364,1.54338
9,61,1,0.2,0.3,0.5,0.001,1.66526,1.66395
10,61,1,0.2,0.3,0.5,0.001,1.66718,1.66749
11,61,1,0.2,0.3,0.5,0.001,1.86637,1.86519
12,61,1,0.2,0.3,0.5,0.001,1.63337,1.634
13,61,1,0.2,0.3,0.5,0.001,1.92558,1.92536
14,61,1,0.2,0.3,0.5,0.001,1.69363,1.69334
15,61,1,0.2,0.3,0.5,0.001,2.11339,2.11313
16,61,1,0.2,0.3,0.5,0.001,1.86985,1.86979
17,61,1,0.2,0.3,0.5,0.001,1.91446,1.91443
18,61,1,0.2,0.3,0.5,0.001,1.67601,1.67537
19,61,1,0.2,0.3,0.5,0.001,1.81904,1.81924
20,61,1,0.2,0.3,0.5,0.001,1.76918,1.77011
21,61,1,0.2,0.3,0.5,0.001,1.75492,1.75475
22,61,1,0.2,0.3,0.5,0.001,1.67833,1.67794
23,61,1,0.2,0.3,0.5,0.001,1.74627,1.74559
24,61,1,0.2,0.3,0.5,0.001,1.72498,1.72565
25,61,1,0.2,0.3,0.5,0.001,1.79172,1.79222
26,61,1,0.2,0.3,0.5,0.001,2.03608,2.03436
27,61,1,0.2,0.3,0.5,0.001,1.62459,1.62396
28,61,1,0.2,0.3,0.5,0.001,1.75805,1.75725
29,61,1,0.2,0.3,0.5,0.001,1.61862,1.61872
30,61,1,0.2,0.3,0.5,0.001,1.56594,1.56528
31,61,1,0.2,0.3,0.5,0.001,1.8133,1.81269
32,61,1,0.2,0.3,0.5,0.001,1.73461,1.73447
33,61,1,0.2,0.3,0.5,0.001,1.86045,1.86086
34,61,1,0.2,0.3,0.5,0.001,1.99584,1.99538
35,61,1,0.2,0.3,0.5,0.001,1.60864,1.60854
36,61,1,0.2,0.3,0.5,0.001,1.93386,1.93465
37,61,1,0.2,0.3,0.5,0.001,1.67165,1.67115
38,61,1,0.2,0.3,0.5,0.001,1.48897,1.48872
39,61,1,0.2,0.3,0.5,0.001,1.80049,1.80024
40,61,1,0.2,0.3,0.5,0.001,1.58873,1.58954
41,61,1,0.2,0.3,0.5,0.001,1.81217,1.81251
42,61,1,0.2,0.3,0.5,0.001,1.82098,1.8217
43,61,1,0.2,0.3,0.5,0.001,1.8031,1.80365
44,61,1,0.2,0.3,0.5,0.001,1.72825,1.72842
45,61,1,0.2,0.3,0.5,0.001,1.66815,1.66871
46,61,1,0.2,0.3,0.5,0.001,1.72422,1.7248
47,61,1,0.2,0.3,0.5,0.001,1.70941,1.7092
48,61,1,0.2,0.3,0.5,0.001,1.92182,1.92154
49,61,1,0.2,0.3,0.5,0.001,1.60137,1.60135
50,61,1,0.2,0.3,0.5,0.001,1.71638,1.71624
51,61,1,0.2,0.3,0.5,0.001,1.73811,1.73791
52,61,1,0.2,0.3,0.5,0.001,1.7616,1.76148
53,61,1,0.2,0.3,0.5,0.001,1.68125,1.68095
54,61,1,0.2,0.3,0.5,0.001,2.22182,2.22196
55,61,1,0.2,0.3,0.5,0.001,2.42989,2.42945
56,61,1,0.2,0.3,0.5,0.001,1.81084,1.8119
57,61,1,0.2,0.3,0.5,0.001,1.73245,1.73319
58,61,1,0.2,0.3,0.5,0.001,1.52193,1.5224
59,61,1,0.2,0.3,0.5,0.001,1.98038,1.97946
60,61,1,0.2,0.3,0.5,0.001,1.64261,1.64299
61,61,1,0.2,0.3,0.5,0.001,1.62009,1.62055
62,61,1,0.2,0.3,0.5,0.001,1.56047,1.55996
63,61,1,0.2,0.3,0.5,0.001,2.22141,2.22172
64,61,1,0.2,0.3,0.5,0.001,1.85909,1.85879
65,61,1,0.2,0.3,0.5,0.001,1.72752,1.72859
66,61,1,0.2,0.3,0.5,0.001,1.67853,1.6788
67,61,1,0.2,0.3,0.5,0.001,1.82167,1.82057
68,61,1,0.2,0.3,0.5,0.001,1.81949,1.81987
69,61,1,0.2,0.3,0.5,0.001,1.63702,1.63773
70,61,1,0.2,0.3,0.5,0.001,2.03624,2.03628
71,61,1,0.2,0.3,0.5,0.001,1.79053,1.7906
72,61,1,0.2,0.3,0.5,0.001,1.64129,1.6409
73,61,1,0.2,0.3,0.5,0.001,1.92412,1.92402
74,61,1,0.2,0.3,0.5,0.001,2.16602,2.16674
75,61,1,0.2,0.3,0.5,0.001,2.01499,2.01433
76,61,1,0.2,0.3,0.5,0.001,2.47574,2.47585
77,61,1,0.2,0.3,0.5,0.001,1.76448,1.76436
78,61,1,0.2,0.3,0.5,0.001,1.81021,1.80948
79,61,1,0.2,0.3,0.5,0.001,1.94094,1.93986
80,61,1,0.2,0.3,0.5,0.001,2.18675,2.18691
81,61,1,0.2,0.3,0.5,0.001,1.63138,1.63106
82,61,1,0.2,0.3,0.5,0.001,1.97905,1.97922
83,61,1,0.2,0.3,0.5,0.001,1.48835,1.48829
84,61,1,0.2,0.3,0.5,0.001,2.87557,2.87487
85,61,1,0.2,0.3,0.5,0.001,1.50442,1.50468
86,61,1,0.2,0.3,0.5,0.001,1.63055,1.6297
87,61,1,0.2,0.3,0.5,0.001,1.9439,1.94372
88,61,1,0.2,0.3,0.5,0.001,1.76189,1.76158
89,61,1,0.2,0.3,0.5,0.001,1.87808,1.87795
90,61,1,0.2,0.3,0.5,0.001,2.00145,2.00173
91,61,1,0.2,0.3,0.5,0.001,1.89036,1.89038
92,61,1,0.2,0.3,0.5,0.001,1.69653,1.69643
93,61,1,0.2,0.3,0.5,0.001,1.78018,1.77892
94,61,1,0.2,0.3,0.5,0.001,2.27908,2.27938
95,61,1,0.2,0.3,0.5,0.001,1.62521,1.62536
96,61,1,0.2,0.3,0.5,0.001,1.98137,1.98152
97,61,1,0.2,0.3,0.5,0.001,2.09306,2.09274
98,61,1,0.2,0.3,0.5,0.001,1.67834,1.67777
99,61,1,0.2,0.3,0.5,0.001,1.99205,1.99166
0,71,1,0.01,0.3,0.5,0.001,2.93166,1.21905
1,71,1,0.01,0.3,0.5,0.001,3.01795,1.59143
2,71,1,0.01,0.3,0.5,0.001,2.87525,1.10304
3,71,1,0.01,0.3,0.5,0.001,2.9674,1.41324
4,71,1,0.01,0.3,0.5,0.001,2.89859,1.21325
5,71,1,0.01,0.3,0.5,0.001,2.91429,1.15859
6,71,1,0.01,0.3,0.5,0.001,2.9705,1.30183
7,71,1,0.01,0.3,0.5,0.001,2.97102,1.44467
8,71,1,0.01,0.3,0.5,0.001,2.93373,1.29737
9,71,1,0.01,0.3,0.5,0.001,2.96415,1.42911
10,71,1,0.01,0.3,0.5,0.001,2.93664,1.3438
11,71,1,0.01,0.3,0.5,0.001,3.16819,1.7367
12,71,1,0.01,0.3,0.5,0.001,3.52061,2.42185
13,71,1,0.01,0.3,0.5,0.001,2.88749,1.23803
14,71,1,0.01,0.3,0.5,0.001,3.0754,1.66982
15,71,1,0.01,0.3,0.5,0.001,2.8923,1.16602
16,71,1,0.01,0.3,0.5,0.001,2.85288,1.13991
17,71,1,0.01,0.3,0.5,0.001,3.10916,1.69305
18,71,1,0.01,0.3,0.5,0.001,3.22526,1.88065
19,71,1,0.01,0.3,0.5,0.001,2.83032,1.0573
20,71,1,0.01,0.3,0.5,0.001,3.14248,1.79264
21,71,1,0.01,0.3,0.5,0.001,2.91477,1.27654
22,71,1,0.01,0.3,0.5,0.001,3.04174,1.45232
23,71,1,0.01,0.3,0.5,0.001,3.0279,1.42562
24,71,1,0.01,0.3,0.5,0.001,3.12771,1.67834
25,71,1,0.01,0.3,0.5,0.001,3.0336,1.44566
26,71,1,0.01,0.3,0.5,0.001,3.1644,1.77911
27,71,1,0.01,0.3,0.5,0.001,3.03454,1.57905
28,71,1,0.01,0.3,0.5,0.001,2.95777,1.39949
29,71,1,0.01,0.3,0.5,0.001,3.13883,1.70256
30,71,1,0.01,0.3,0.5,0.001,2.94441,1.30763
31,71,1,0.01,0.3,0.5,0.001,3.01319,1.47237
32,71,1,0.01,0.3,0.5,0.001,2.91863,1.30407
33,71,1,0.01,0.3,0.5,0.001,2.89957,1.22252
34,71,1,0.01,0.3,0.5,0.001,2.88092,1.17328
35,71,1,0.01,0.3,0.5,0.001,2.93068,1.28384
36,71,1,0.01,0.3,0.5,0.001,3.04858,1.64176
37,71,1,0.01,0.3,0.5,0.001,3.17166,1.79143
38,71,1,0.01,0.3,0.5,0.001,3.17341,1.78919
39,71,1,0.01,0.3,0.5,0.001,3.06977,1.57793
40,71,1,0.01,0.3,0.5,0.001,3.07525,1.63228
41,71,1,0.01,0.3,0.5,0.001,3.36621,2.15317
42,71,1,0.01,0.3,0.5,0.001,2.84635,1.08696
43,71,1,0.01,0.3,0.5,0.001,2.86777,1.13989
44,71,1,0.01,0.3,0.5,0.001,2.88773,1.29525
45,71,1,0.01,0.3,0.5,0.001,3.02884,1.56486
46,71,1,0.01,0.3,0.5,0.001,3.02486,1.53918
47,71,1,0.01,0.3,0.5,0.001,3.0125,1.47559
48,71,1,0.01,0.3,0.5,0.001,2.96235,1.41375
49,71,1,0.01,0.3,0.5,0.001,2.96233,1.44212
50,71,1,0.01,0.3,0.5,0.001,2.98836,1.44918
51,71,1,0.01,0.3,0.5,0.001,3.06085,1.60282
52,71,1,0.01,0.3,0.5,0.001,2.92382,1.18464
53,71,1,0.01,0.3,0.5,0.001,2.941,1.29955
54,71,1,0.01,0.3,0.5,0.001,2.97895,1.42781
55,71,1,0.01,0.3,0.5,0.001,3.00858,1.54439
56,71,1,0.01,0.3,0.5,0.001,2.98748,1.45291
57,71,1,0.01,0.3,0.5,0.001,2.94917,1.39349
58,71,1,0.01,0.3,0.5,0.001,2.98351,1.34999
59,71,1,0.01,0.3,0.5,0.001,3.31185,1.92303
60,71,1,0.01,0.3,0.5,0.001,3.21409,1.94252
61,71,1,0.01,0.3,0.5,0.001,3.09722,1.53655
62,71,1,0.01,0.3,0.5,0.001,3.21478,1.88457
63,71,1,0.01,0.3,0.5,0.001,2.89712,1.14187
64,71,1,0.01,0.3,0.5,0.001,3.02036,1.48736
65,71,1,0.01,0.3,0.5,0.001,3.01141,1.47107
66,71,1,0.01,0.3,0.5,0.001,3.44717,2.34999
67,71,1,0.01,0.3,0.5,0.001,3.1232,1.7636
68,71,1,0.01,0.3,0.5,0.001,2.89575,1.21705
69,71,1,0.01,0.3,0.5,0.001,2.96281,1.41567
70,71,1,0.01,0.3,0.5,0.001,3.20759,1.88642
71,71,1,0.01,0.3,0.5,0.001,3.0374,1.58409
72,71,1,0.01,0.3,0.5,0.001,2.89284,1.16571
73,71,1,0.01,0.3,0.5,0.001,2.86266,1.1545
74,71,1,0.01,0.3,0.5,0.001,2.95499,1.29086
75,71,1,0.01,0.3,0.5,0.001,2.93659,1.25541
76,71,1,0.01,0.3,0.5,0.001,2.91813,1.27275
77,71,1,0.01,0.3,0.5,0.001,2.85336,1.15789
78,71,1,0.01,0.3,0.5,0.001,2.94166,1.25321
79,71,1,0.01,0.3,0.5,0.001,3.22506,1.85114
80,71,1,0.01,0.3,0.5,0.001,3.31301,2.0495
81,71,1,0.01,0.3,0.5,0.001,3.08637,1.66545
82,71,1,0.01,0.3,0.5,0.001,2.99028,1.49201
83,71,1,0.01,0.3,0.5,0.001,2.98326,1.4014
84,71,1,0.01,0.3,0.5,0.001,3.07856,1.66043
85,71,1,0.01,0.3,0.5,0.001,2.79429,0.91953
86,71,1,0.01,0.3,0.5,0.001,3.09277,1.64286
87,71,1,0.01,0.3,0.5,0.001,3.10628,1.6105
88,71,1,0.01,0.3,0.5,0.001,2.89946,1.24695
89,71,1,0.01,0.3,0.5,0.001,3.03776,1.60134
90,71,1,0.01,0.3,0.5,0.001,3.20865,1.91351
91,71,1,0.01,0.3,0.5,0.001,2.95784,1.38947
92,71,1,0.01,0.3,0.5,0.001,2.98098,1.36818
93,71,1,0.01,0.3,0.5,0.001,3.21283,1.83348
94,71,1,0.01,0.3,0.5,0.001,3.40036,2.22084
95,71,1,0.01,0.3,0.5,0.001,2.96013,1.386
96,71,1,0.01,0.3,0.5,0.001,2.88339,1.23547
97,71,1,0.01,0.3,0.5,0.001,3.02558,1.5007
98,71,1,0.01,0.3,0.5,0.001,3.47272,2.31444
99,71,1,0.01,0.3,0.5,0.001,2.93301,1.24241
0,71,1,0.05,0.3,0.5,0.001,1.58684,1.55139
1,71,1,0.05,0.3,0.5,0.001,1.37559,1.33136
2,71,1,0.05,0.3,0.5,0.001,1.53043,1.52058
3,71,1,0.05,0.3,0.5,0.001,1.27682,1.24432
4,71,1,0.05,0.3,0.5,0.001,1.80294,1.78378
5,71,1,0.05,0.3,0.5,0.001,1.66011,1.66445
6,71,1,0.05,0.3,0.5,0.001,1.66373,1.62784
7,71,1,0.05,0.3,0.5,0.001,1.3096,1.30242
8,71,1,0.05,0.3,0.5,0.001,1.70223,1.68997
9,71,1,0.05,0.3,0.5,0.001,1.36007,1.35428
10,71,1,0.05,0.3,0.5,0.001,1.87094,1.88022
11,71,1,0.05,0.3,0.5,0.001,1.92681,1.9074
12,71,1,0.05,0.3,0.5,0.001,1.5445,1.4958
13,71,1,0.05,0.3,0.5,0.001,1.65948,1.66891
14,71,1,0.05,0.3,0.5,0.001,1.66966,1.65859
15,71,1,0.05,0.3,0.5,0.001,1.94843,1.96404
16,71,1,0.05,0.3,0.5,0.001,2.29544,2.29542
17,71,1,0.05,0.3,0.5,0.001,1.5785,1.56423
18,71,1,0.05,0.3,0.5,0.001,1.42461,1.38535
19,71,1,0.05,0.3,0.5,0.001,1.91719,1.91743
20,71,1,0.05,0.3,0.5,0.001,1.57289,1.55867
21,71,1,0.05,0.3,0.5,0.001,1.71689,1.67074
22,71,1,0.05,0.3,0.5,0.001,1.44231,1.41525
23,71,1,0.05,0.3,0.5,0.001,1.56398,1.51657
24,71,1,0.05,0.3,0.5,0.001,2.25574,2.21946
25,71,1,0.05,0.3,0.5,0.001,1.4006,1.40294
26,71,1,0.05,0.3,0.5,0.001,2.06429,2.06347
27,71,1,0.05,0.3,0.5,0.001,1.42185,1.41319
28,71,1,0.05,0.3,0.5,0.001,1.69001,1.67601
29,71,1,0.05,0.3,0.5,0.001,1.40592,1.39673
30,71,1,0.05,0.3,0.5,0.001,1.69963,1.70526
31,71,1,0.05,0.3,0.5,0.001,1.28276,1.28989
32,71,1,0.05,0.3,0.5,0.001,1.72348,1.6779
33,71,1,0.05,0.3,0.5,0.001,1.85209,1.83835
34,71,1,0.05,0.3,0.5,0.001,1.33691,1.33441
35,71,1,0.05,0.3,0.5,0.001,1.38228,1.39511
36,71,1,0.05,0.3,0.5,0.001,1.4079,1.38544
37,71,1,0.05,0.3,0.5,0.001,1.7026,1.69829
38,71,1,0.05,0.3,0.5,0.001,1.5666,1.56964
39,71,1,0.05,0.3,0.5,0.001,1.78375,1.80286
40,71,1,0.05,0.3,0.5,0.001,1.87637,1.87787
41,71,1,0.05,0.3,0.5,0.001,1.69323,1.63971
42,71,1,0.05,0.3,0.5,0.001,1.64971,1.63579
43,71,1,0.05,0.3,0.5,0.001,1.8917,1.89171
44,71,1,0.05,0.3,0.5,0.001,1.77702,1.75542
45,71,1,0.05,0.3,0.5,0.001,1.36607,1.34962
46,71,1,0.05,0.3,0.5,0.001,1.60357,1.58338
47,71,1,0.05,0.3,0.5,0.001,1.55962,1.5472
48,71,1,0.05,0.3,0.5,0.001,1.54623,1.54166
49,71,1,0.05,0.3,0.5,0.001,2.08691,2.08872
50,71,1,0.05,0.3,0.5,0.001,1.7063,1.67605
51,71,1,0.05,0.3,0.5,0.001,1.5685,1.53989
52,71,1,0.05,0.3,0.5,0.001,2.12028,2.11769
53,71,1,0.05,0.3,0.5,0.001,1.56654,1.56989
54,71,1,0.05,0.3,0.5,0.001,1.42957,1.44922
55,71,1,0.05,0.3,0.5,0.001,2.37491,2.34204
56,71,1,0.05,0.3,0.5,0.001,1.58416,1.57939
57,71,1,0.05,0.3,0.5,0.001,1.48164,1.48348
58,71,1,0.05,0.3,0.5,0.001,1.45737,1.44184
59,71,1,0.05,0.3,0.5,0.001,1.31314,1.28066
60,71,1,0.05,0.3,0.5,0.001,1.67571,1.69557
61,71,1,0.05,0.3,0.5,0.001,1.95421,1.94738
62,71,1,0.05,0.3,0.5,0.001,1.51954,1.50506
63,71,1,0.05,0.3,0.5,0.001,1.41779,1.40844
64,71,1,0.05,0.3,0.5,0.001,1.35772,1.37967
65,71,1,0.05,0.3,0.5,0.001,1.30451,1.28338
66,71,1,0.05,0.3,0.5,0.001,2.75022,2.75054
67,71,1,0.05,0.3,0.5,0.001,1.71604,1.71467
68,71,1,0.05,0.3,0.5,0.001,1.50853,1.47665
69,71,1,0.05,0.3,0.5,0.001,1.48584,1.45916
70,71,1,0.05,0.3,0.5,0.001,1.49358,1.46868
71,71,1,0.05,0.3,0.5,0.001,1.58476,1.58393
72,71,1,0.05,0.3,0.5,0.001,1.48542,1.51576
73,71,1,0.05,0.3,0.5,0.001,1.48764,1.46543
74,71,1,0.05,0.3,0.5,0.001,1.67643,1.6703
75,71,1,0.05,0.3,0.5,0.001,1.93125,1.9149
76,71,1,0.05,0.3,0.5,0.001,1.50824,1.48353
77,71,1,0.05,0.3,0.5,0.001,1.46491,1.44001
78,71,1,0.05,0.3,0.5,0.001,1.88814,1.87094
79,71,1,0.05,0.3,0.5,0.001,1.65776,1.65031
80,71,1,0.05,0.3,0.5,0.001,1.73221,1.71274
81,71,1,0.05,0.3,0.5,0.001,1.67785,1.64701
82,71,1,0.05,0.3,0.5,0.001,1.63205,1.6072
83,71,1,0.05,0.3,0.5,0.001,1.53976,1.5408
84,71,1,0.05,0.3,0.5,0.001,1.39528,1.37147
85,71,1,0.05,0.3,0.5,0.001,1.62177,1.63142
86,71,1,0.05,0.3,0.5,0.001,1.65812,1.63621
87,71,1,0.05,0.3,0.5,0.001,1.56147,1.5351
88,71,1,0.05,0.3,0.5,0.001,1.54708,1.50474
89,71,1,0.05,0.3,0.5,0.001,1.59904,1.55729
90,71,1,0.05,0.3,0.5,0.001,1.56824,1.57331
91,71,1,0.05,0.3,0.5,0.001,1.59827,1.58608
92,71,1,0.05,0.3,0.5,0.001,1.51373,1.52031
93,71,1,0.05,0.3,0.5,0.001,1.45384,1.43297
94,71,1,0.05,0.3,0.5,0.001,1.46342,1.43584
95,71,1,0.05,0.3,0.5,0.001,1.51748,1.52021
96,71,1,0.05,0.3,0.5,0.001,1.47377,1.44628
97,71,1,0.05,0.3,0.5,0.001,1.53965,1.52026
98,71,1,0.05,0.3,0.5,0.001,2.31115,2.29889
99,71,1,0.05,0.3,0.5,0.001,1.49425,1.48105
0,71,1,0.2,0.3,0.5,0.001,1.54103,1.54089
1,71,1,0.2,0.3,0.5,0.001,1.76089,1.7611
2,71,1,0.2,0.3,0.5,0.001,1.50026,1.4999
3,71,1,0.2,0.3,0.5,0.001,1.59839,1.59799
4,71,1,0.2,0.3,0.5,0.001,1.67491,1.67539
5,71,1,0.2,0.3,0.5,0.001,1.88094,1.8801
6,71,1,0.2,0.3,0.5,0.001,1.62408,1.62413
7,71,1,0.2,0.3,0.5,0.001,1.57036,1.56931
8,71,1,0.2,0.3,0.5,0.001,1.54937,1.54903
9,71,1,0.2,0.3,0.5,0.001,1.54247,1.54103
10,71,1,0.2,0.3,0.5,0.001,1.70081,1.70116
11,71,1,0.2,0.3,0.5,0.001,1.68274,1.68351
12,71,1,0.2,0.3,0.5,0.001,1.62862,1.62775
13,71,1,0.2,0.3,0.5,0.001,1.51779,1.51726
14,71,1,0.2,0.3,0.5,0.001,1.68884,1.68931
15,71,1,0.2,0.3,0.5,0.001,1.91048,1.9101
16,71,1,0.2,0.3,0.5,0.001,1.6139,1.61553
17,71,1,0.2,0.3,0.5,0.001,1.61383,1.6136
18,71,1,0.2,0.3,0.5,0.001,1.82364,1.82336
19,71,1,0.2,0.3,0.5,0.001,1.48818,1.488
20,71,1,0.2,0.3,0.5,0.001,1.52919,1.52917
21,71,1,0.2,0.3,0.5,0.001,1.9983,1.99776
22,71,1,0.2,0.3,0.5,0.001,1.43063,1.43081
23,71,1,0.2,0.3,0.5,0.001,1.55324,1.55255
24,71,1,0.2,0.3,0.5,0.001,1.62482,1.62434
25,71,1,0.2,0.3,0.5,0.001,1.66049,1.65991
26,71,1,0.2,0.3,0.5,0.001,1.79237,1.79233
27,71,1,0.2,0.3,0.5,0.001,1.51355,1.51452
28,71,1,0.2,0.3,0.5,0.001,1.59457,1.59491
29,71,1,0.2,0.3,0.5,0.001,2.04774,2.04773
30,71,1,0.2,0.3,0.5,0.001,1.81628,1.816
31,71,1,0.2,0.3,0.5,0.001,1.80402,1.80392
32,71,1,0.2,0.3,0.5,0.001,1.76837,1.76859
33,71,1,0.2,0.3,0.5,0.001,1.73496,1.73547
34,71,1,0.2,0.3,0.5,0.001,1.82104,1.82042
35,71,1,0.2,0.3,0.5,0.001,1.5512,1.55142
36,71,1,0.2,0.3,0.5,0.001,1.70124,1.70085
37,71,1,0.2,0.3,0.5,0.001,1.53107,1.53036
38,71,1,0.2,0.3,0.5,0.001,1.45373,1.45339
39,71,1,0.2,0.3,0.5,0.001,1.79072,1.79097
40,71,1,0.2,0.3,0.5,0.001,1.73334,1.73372
41,71,1,0.2,0.3,0.5,0.001,1.71488,1.71406
42,71,1,0.2,0.3,0.5,0.001,1.67661,1.67792
43,71,1,0.2,0.3,0.5,0.001,1.44777,1.4473
44,71,1,0.2,0.3,0.5,0.001,1.54685,1.54738
45,71,1,0.2,0.3,0.5,0.001,1.98304,1.98177
46,71,1,0.2,0.3,0.5,0.001,1.60761,1.60809
47,71,1,0.2,0.3,0.5,0.001,1.71261,1.71167
48,71,1,0.2,0.3,0.5,0.001,1.63012,1.63035
49,71,1,0.2,0.3,0.5,0.001,1.65047,1.64972
50,71,1,0.2,0.3,0.5,0.001,1.50926,1.50978
51,71,1,0.2,0.3,0.5,0.001,1.56691,1.56779
52,71,1,0.2,0.3,0.5,0.001,1.67482,1.67478
53,71,1,0.2,0.3,0.5,0.001,1.73195,1.73241
54,71,1,0.2,0.3,0.5,0.001,1.5542,1.55422
55,71,1,0.2,0.3,0.5,0.001,1.64822,1.64816
56,71,1,0.2,0.3,0.5,0.001,1.69883,1.6989
57,71,1,0.2,0.3,0.5,0.001,1.34592,1.34726
58,71,1,0.2,0.3,0.5,0.001,1.56183,1.56231
59,71,1,0.2,0.3,0.5,0.001,2.32069,2.32042
60,71,1,0.2,0.3,0.5,0.001,1.58708,1.58702
61,71,1,0.2,0.3,0.5,0.001,1.49314,1.49287
62,71,1,0.2,0.3,0.5,0.001,1.63533,1.63594
63,71,1,0.2,0.3,0.5,0.001,1.89068,1.89137
64,71,1,0.2,0.3,0.5,0.001,1.6134,1.61341
65,71,1,0.2,0.3,0.5,0.001,1.59527,1.59518
66,71,1,0.2,0.3,0.5,0.001,1.56804,1.56779
67,71,1,0.2,0.3,0.5,0.001,1.66571,1.66656
68,71,1,0.2,0.3,0.5,0.001,1.62249,1.6231
69,71,1,0.2,0.3,0.5,0.001,1.80275,1.80145
70,71,1,0.2,0.3,0.5,0.001,1.71382,1.71352
71,71,1,0.2,0.3,0.5,0.001,1.50528,1.50525
72,71,1,0.2,0.3,0.5,0.001,1.65083,1.65032
73,71,1,0.2,0.3,0.5,0.001,1.53069,1.53086
74,71,1,0.2,0.3,0.5,0.001,1.59795,1.59814
75,71,1,0.2,0.3,0.5,0.001,1.70141,1.70122
76,71,1,0.2,0.3,0.5,0.001,1.56922,1.5683
77,71,1,0.2,0.3,0.5,0.001,1.5198,1.51957
78,71,1,0.2,0.3,0.5,0.001,1.43256,1.43313
79,71,1,0.2,0.3,0.5,0.001,1.60233,1.60239
80,71,1,0.2,0.3,0.5,0.001,1.68186,1.6816
81,71,1,0.2,0.3,0.5,0.001,1.55846,1.55846
82,71,1,0.2,0.3,0.5,0.001,1.53662,1.53706
83,71,1,0.2,0.3,0.5,0.001,1.74793,1.74767
84,71,1,0.2,0.3,0.5,0.001,1.90553,1.90552
85,71,1,0.2,0.3,0.5,0.001,1.59178,1.5924
86,71,1,0.2,0.3,0.5,0.001,1.53203,1.53061
87,71,1,0.2,0.3,0.5,0.001,1.98439,1.98406
88,71,1,0.2,0.3,0.5,0.001,1.50277,1.50299
89,71,1,0.2,0.3,0.5,0.001,1.40393,1.40362
90,71,1,0.2,0.3,0.5,0.001,1.6445,1.64509
91,71,1,0.2,0.3,0.5,0.001,1.52371,1.5228
92,71,1,0.2,0.3,0.5,0.001,1.75252,1.7522
93,71,1,0.2,0.3,0.5,0.001,1.81087,1.81047
94,71,1,0.2,0.3,0.5,0.001,1.55872,1.55805
95,71,1,0.2,0.3,0.5,0.001,1.55206,1.55183
96,71,1,0.2,0.3,0.5,0.001,1.42443,1.42441
97,71,1,0.2,0.3,0.5,0.001,1.58677,1.58717
98,71,1,0.2,0.3,0.5,0.001,1.73003,1.72963
99,71,1,0.2,0.3,0.5,0.001,1.7273,1.7277
0,84,1,0.01,0.3,0.5,0.001,2.858,1.18275
1,84,1,0.01,0.3,0.5,0.001,2.86361,1.10933
2,84,1,0.01,0.3,0.5,0.001,2.97233,1.37354
3,84,1,0.01,0.3,0.5,0.001,2.83793,1.10222
4,84,1,0.01,0.3,0.5,0.001,3.02942,1.49488
5,84,1,0.01,0.3,0.5,0.001,2.77628,0.9423
6,84,1,0.01,0.3,0.5,0.001,2.90997,1.28977
7,84,1,0.01,0.3,0.5,0.001,2.94727,1.35853
8,84,1,0.01,0.3,0.5,0.001,2.85931,1.13755
9,84,1,0.01,0.3,0.5,0.001,2.89226,1.23342
10,84,1,0.01,0.3,0.5,0.001,2.94033,1.32826
11,84,1,0.01,0.3,0.5,0.001,2.89131,1.20415
12,84,1,0.01,0.3,0.5,0.001,2.94813,1.3524
13,84,1,0.01,0.3,0.5,0.001,2.95127,1.37567
14,84,1,0.01,0.3,0.5,0.001,2.79653,0.98847
15,84,1,0.01,0.3,0.5,0.001,2.96722,1.44547
16,84,1,0.01,0.3,0.5,0.001,2.89235,1.25032
17,84,1,0.01,0.3,0.5,0.001,2.80354,1.01935
18,84,1,0.01,0.3,0.5,0.001,3.09155,1.63065
19,84,1,0.01,0.3,0.5,0.001,2.82208,1.10242
20,84,1,0.01,0.3,0.5,0.001,3.04809,1.57141
21,84,1,0.01,0.3,0.5,0.001,2.98091,1.41986
22,84,1,0.01,0.3,0.5,0.001,2.86126,1.15969
23,84,1,0.01,0.3,0.5,0.001,2.88799,1.26746
24,84,1,0.01,0.3,0.5,0.001,3.07552,1.60292
25,84,1,0.01,0.3,0.5,0.001,3.05671,1.60115
26,84,1,0.01,0.3,0.5,0.001,2.9246,1.2603
27,84,1,0.01,0.3,0.5,0.001,2.87922,1.22818
28,84,1,0.01,0.3,0.5,0.001,2.8219,1.04702
29,84,1,0.01,0.3,0.5,0.001,2.90957,1.33808
30,84,1,0.01,0.3,0.5,0.001,2.93274,1.24113
31,84,1,0.01,0.3,0.5,0.001,2.88041,1.19751
32,84,1,0.01,0.3,0.5,0.001,2.86306,1.21257
33,84,1,0.01,0.3,0.5,0.001,2.98426,1.40169
34,84,1,0.01,0.3,0.5,0.001,2.94665,1.40178
35,84,1,0.01,0.3,0.5,0.001,3.01185,1.47262
36,84,1,0.01,0.3,0.5,0.001,2.91736,1.32965
37,84,1,0.01,0.3,0.5,0.001,2.9473,1.27271
38,84,1,0.01,0.3,0.5,0.001,2.91149,1.3382
39,84,1,0.01,0.3,0.5,0.001,3.04277,1.52197
40,84,1,0.01,0.3,0.5,0.001,2.91775,1.24001
41,84,1,0.01,0.3,0.5,0.001,3.01998,1.52655
42,84,1,0.01,0.3,0.5,0.001,2.92155,1.27245
43,84,1,0.01,0.3,0.5,0.001,3.03408,1.586
44,84,1,0.01,0.3,0.5,0.001,2.84606,1.15658
45,84,1,0.01,0.3,0.5,0.001,2.79279,1.02343
46,84,1,0.01,0.3,0.5,0.001,2.90844,1.31385
47,84,1,0.01,0.3,0.5,0.001,2.81382,1.01702
48,84,1,0.01,0.3,0.5,0.001,3.10043,1.66044
49,84,1,0.01,0.3,0.5,0.001,2.86527,1.11571
50,84,1,0.01,0.3,0.5,0.001,3.00065,1.35576
51,84,1,0.01,0.3,0.5,0.001,2.87766,1.24627
52,84,1,0.01,0.3,0.5,0.001,2.94519,1.38217
53,84,1,0.01,0.3,0.5,0.001,3.15659,1.85076
54,84,1,0.01,0.3,0.5,0.001,3.02371,1.58978
55,84,1,0.01,0.3,0.5,0.001,2.90952,1.29584
56,84,1,0.01,0.3,0.5,0.001,3.08947,1.6302
57,84,1,0.01,0.3,0.5,0.001,2.92729,1.33421
58,84,1,0.01,0.3,0.5,0.001,2.85943,1.1349
59,84,1,0.01,0.3,0.5,0.001,2.83561,1.07478
60,84,1,0.01,0.3,0.5,0.001,2.89704,1.16561
61,84,1,0.01,0.3,0.5,0.001,2.89079,1.32243
62,84,1,0.01,0.3,0.5,0.001,2.91309,1.25967
63,84,1,0.01,0.3,0.5,0.001,2.84806,1.13189
64,84,1,0.01,0.3,0.5,0.001,2.98107,1.4051
65,84,1,0.01,0.3,0.5,0.001,3.00272,1.47508
66,84,1,0.01,0.3,0.5,0.001,3.31625,2.08861
67,84,1,0.01,0.3,0.5,0.001,2.86109,1.10752
68,84,1,0.01,0.3,0.5,0.001,2.9477,1.48951
69,84,1,0.01,0.3,0.5,0.001,2.88752,1.20913
70,84,1,0.01,0.3,0.5,0.001,2.92054,1.256
71,84,1,0.01,0.3,0.5,0.001,2.92078,1.24379
72,84,1,0.01,0.3,0.5,0.001,2.91879,1.22718
73,84,1,0.01,0.3,0.5,0.001,2.86604,1.15016
74,84,1,0.01,0.3,0.5,0.001,2.94011,1.29466
75,84,1,0.01,0.3,0.5,0.001,2.90816,1.26769
76,84,1,0.01,0.3,0.5,0.001,2.78975,0.90664
77,84,1,0.01,0.3,0.5,0.001,2.99756,1.40679
78,84,1,0.01,0.3,0.5,0.001,3.01361,1.38983
79,84,1,0.01,0.3,0.5,0.001,2.80776,1.06386
80,84,1,0.01,0.3,0.5,0.001,2.80161,1.02312
81,84,1,0.01,0.3,0.5,0.001,2.84112,1.02673
82,84,1,0.01,0.3,0.5,0.001,2.91732,1.24891
83,84,1,0.01,0.3,0.5,0.001,2.95909,1.38837
84,84,1,0.01,0.3,0.5,0.001,2.84746,1.14132
85,84,1,0.01,0.3,0.5,0.001,2.90901,1.23431
86,84,1,0.01,0.3,0.5,0.001,3.36993,2.07305
87,84,1,0.01,0.3,0.5,0.001,2.82304,1.03643
88,84,1,0.01,0.3,0.5,0.001,2.91963,1.27694
89,84,1,0.01,0.3,0.5,0.001,2.8959,1.28639
90,84,1,0.01,0.3,0.5,0.001,3.0048,1.49218
91,84,1,0.01,0.3,0.5,0.001,2.85443,1.06946
92,84,1,0.01,0.3,0.5,0.001,2.88439,1.2369
93,84,1,0.01,0.3,0.5,0.001,3.30366,2.04697
94,84,1,0.01,0.3,0.5,0.001,3.12495,1.79924
95,84,1,0.01,0.3,0.5,0.001,2.89794,1.26739
96,84,1,0.01,0.3,0.5,0.001,2.96139,1.41653
97,84,1,0.01,0.3,0.5,0.001,3.08745,1.69847
98,84,1,0.01,0.3,0.5,0.001,2.88882,1.25916
99,84,1,0.01,0.3,0.5,0.001,2.89281,1.20118
0,84,1,0.05,0.3,0.5,0.001,1.22106,1.20758
1,84,1,0.05,0.3,0.5,0.001,1.39231,1.35503
2,84,1,0.05,0.3,0.5,0.001,1.58022,1.55868
3,84,1,0.05,0.3,0.5,0.001,1.35907,1.3613
4,84,1,0.05,0.3,0.5,0.001,1.32998,1.31431
5,84,1,0.05,0.3,0.5,0.001,1.27874,1.28571
6,84,1,0.05,0.3,0.5,0.001,1.6046,1.60325
7,84,1,0.05,0.3,0.5,0.001,1.25834,1.23753
8,84,1,0.05,0.3,0.5,0.001,1.35369,1.34799
9,84,1,0.05,0.3,0.5,0.001,1.26433,1.24774
10,84,1,0.05,0.3,0.5,0.001,1.66964,1.66948
11,84,1,0.05,0.3,0.5,0.001,1.41055,1.39664
12,84,1,0.05,0.3,0.5,0.001,1.60874,1.58711
13,84,1,0.05,0.3,0.5,0.001,1.61534,1.59467
14,84,1,0.05,0.3,0.5,0.001,1.22853,1.20728
15,84,1,0.05,0.3,0.5,0.001,1.22085,1.19925
16,84,1,0.05,0.3,0.5,0.001,1.25403,1.23561
17,84,1,0.05,0.3,0.5,0.001,1.29983,1.2717
18,84,1,0.05,0.3,0.5,0.001,1.50322,1.4857
19,84,1,0.05,0.3,0.5,0.001,1.33277,1.33474
20,84,1,0.05,0.3,0.5,0.001,1.19411,1.20726
21,84,1,0.05,0.3,0.5,0.001,1.65432,1.61744
22,84,1,0.05,0.3,0.5,0.001,1.47059,1.46813
23,84,1,0.05,0.3,0.5,0.001,1.53042,1.50752
24,84,1,0.05,0.3,0.5,0.001,1.65236,1.63419
25,84,1,0.05,0.3,0.5,0.001,1.25922,1.25908
26,84,1,0.05,0.3,0.5,0.001,1.24254,1.2272
27,84,1,0.05,0.3,0.5,0.001,1.36691,1.36766
28,84,1,0.05,0.3,0.5,0.001,1.36685,1.3535
29,84,1,0.05,0.3,0.5,0.001,1.35814,1.32498
30,84,1,0.05,0.3,0.5,0.001,1.18855,1.18299
31,84,1,0.05,0.3,0.5,0.001,1.19716,1.20434
32,84,1,0.05,0.3,0.5,0.001,1.19664,1.16316
33,84,1,0.05,0.3,0.5,0.001,1.5163,1.49826
34,84,1,0.05,0.3,0.5,0.001,1.20996,1.19152
35,84,1,0.05,0.3,0.5,0.001,1.6087,1.58079
36,84,1,0.05,0.3,0.5,0.001,1.32634,1.33502
37,84,1,0.05,0.3,0.5,0.001,1.47804,1.45113
38,84,1,0.05,0.3,0.5,0.001,1.41402,1.37474
39,84,1,0.05,0.3,0.5,0.001,1.17572,1.16973
40,84,1,0.05,0.3,0.5,0.001,1.40695,1.39311
41,84,1,0.05,0.3,0.5,0.001,1.33359,1.31309
42,84,1,0.05,0.3,0.5,0.001,1.58615,1.54556
43,84,1,0.05,0.3,0.5,0.001,1.61566,1.57419
44,84,1,0.05,0.3,0.5,0.001,1.39986,1.35335
45,84,1,0.05,0.3,0.5,0.001,1.33237,1.31617
46,84,1,0.05,0.3,0.5,0.001,1.36133,1.33678
47,84,1,0.05,0.3,0.5,0.001,1.43363,1.41002
48,84,1,0.05,0.3,0.5,0.001,1.44353,1.44757
49,84,1,0.05,0.3,0.5,0.001,1.62213,1.58196
50,84,1,0.05,0.3,0.5,0.001,1.64638,1.62178
51,84,1,0.05,0.3,0.5,0.001,1.63495,1.64321
52,84,1,0.05,0.3,0.5,0.001,1.38749,1.35146
53,84,1,0.05,0.3,0.5,0.001,1.70219,1.66574
54,84,1,0.05,0.3,0.5,0.001,1.27371,1.25753
55,84,1,0.05,0.3,0.5,0.001,1.38412,1.35473
56,84,1,0.05,0.3,0.5,0.001,1.32204,1.29384
57,84,1,0.05,0.3,0.5,0.001,1.52573,1.5177
58,84,1,0.05,0.3,0.5,0.001,1.69742,1.70868
59,84,1,0.05,0.3,0.5,0.001,1.78799,1.77848
60,84,1,0.05,0.3,0.5,0.001,1.31629,1.31141
61,84,1,0.05,0.3,0.5,0.001,1.56668,1.541
62,84,1,0.05,0.3,0.5,0.001,1.20717,1.16131
63,84,1,0.05,0.3,0.5,0.001,1.446,1.38951
64,84,1,0.05,0.3,0.5,0.001,1.56762,1.55666
65,84,1,0.05,0.3,0.5,0.001,1.35391,1.34037
66,84,1,0.05,0.3,0.5,0.001,1.42972,1.39271
67,84,1,0.05,0.3,0.5,0.001,1.40484,1.39397
68,84,1,0.05,0.3,0.5,0.001,1.63688,1.61803
69,84,1,0.05,0.3,0.5,0.001,1.66042,1.65123
70,84,1,0.05,0.3,0.5,0.001,1.51399,1.48267
71,84,1,0.05,0.3,0.5,0.001,1.58714,1.55461
72,84,1,0.05,0.3,0.5,0.001,1.56594,1.55863
73,84,1,0.05,0.3,0.5,0.001,1.52771,1.51179
74,84,1,0.05,0.3,0.5,0.001,1.08414,1.09586
75,84,1,0.05,0.3,0.5,0.001,1.25636,1.24159
76,84,1,0.05,0.3,0.5,0.001,1.42241,1.4334
77,84,1,0.05,0.3,0.5,0.001,1.52785,1.4821
78,84,1,0.05,0.3,0.5,0.001,1.59691,1.56864
79,84,1,0.05,0.3,0.5,0.001,1.40713,1.38055
80,84,1,0.05,0.3,0.5,0.001,1.42502,1.42552
81,84,1,0.05,0.3,0.5,0.001,1.35252,1.37853
82,84,1,0.05,0.3,0.5,0.001,1.38387,1.37674
83,84,1,0.05,0.3,0.5,0.001,1.22655,1.22056
84,84,1,0.05,0.3,0.5,0.001,1.24054,1.22088
85,84,1,0.05,0.3,0.5,0.001,2.15063,2.16803
86,84,1,0.05,0.3,0.5,0.001,1.90194,1.89039
87,84,1,0.05,0.3,0.5,0.001,1.45814,1.43314
88,84,1,0.05,0.3,0.5,0.001,1.4806,1.43819
89,84,1,0.05,0.3,0.5,0.001,1.35636,1.31469
90,84,1,0.05,0.3,0.5,0.001,1.25364,1.25179
91,84,1,0.05,0.3,0.5,0.001,1.48877,1.46403
92,84,1,0.05,0.3,0.5,0.001,1.34833,1.33361
93,84,1,0.05,0.3,0.5,0.001,1.63107,1.57981
94,84,1,0.05,0.3,0.5,0.001,1.41426,1.40877
95,84,1,0.05,0.3,0.5,0.001,1.23729,1.20955
96,84,1,0.05,0.3,0.5,0.001,1.38317,1.38528
97,84,1,0.05,0.3,0.5,0.001,1.23406,1.23185
98,84,1,0.05,0.3,0.5,0.001,1.63763,1.64282
99,84,1,0.05,0.3,0.5,0.001,1.49492,1.46701
0,84,1,0.2,0.3,0.5,0.001,1.49196,1.49121
1,84,1,0.2,0.3,0.5,0.001,1.66981,1.66906
2,84,1,0.2,0.3,0.5,0.001,1.71381,1.71428
3,84,1,0.2,0.3,0.5,0.001,1.4585,1.45843
4,84,1,0.2,0.3,0.5,0.001,1.74125,1.7411
5,84,1,0.2,0.3,0.5,0.001,1.35579,1.35616
6,84,1,0.2,0.3,0.5,0.001,1.60061,1.60042
7,84,1,0.2,0.3,0.5,0.001,1.38122,1.38106
8,84,1,0.2,0.3,0.5,0.001,1.57388,1.57418
9,84,1,0.2,0.3,0.5,0.001,1.30208,1.30277
10,84,1,0.2,0.3,0.5,0.001,1.42494,1.42435
11,84,1,0.2,0.3,0.5,0.001,1.51832,1.51835
12,84,1,0.2,0.3,0.5,0.001,1.45629,1.45635
13,84,1,0.2,0.3,0.5,0.001,1.58875,1.58901
14,84,1,0.2,0.3,0.5,0.001,1.40795,1.40779
15,84,1,0.2,0.3,0.5,0.001,1.5263,1.5264
16,84,1,0.2,0.3,0.5,0.001,1.57511,1.57501
17,84,1,0.2,0.3,0.5,0.001,1.3594,1.35814
18,84,1,0.2,0.3,0.5,0.001,1.38395,1.38459
19,84,1,0.2,0.3,0.5,0.001,1.49087,1.49003
20,84,1,0.2,0.3,0.5,0.001,1.51448,1.51389
21,84,1,0.2,0.3,0.5,0.001,1.42231,1.42157
22,84,1,0.2,0.3,0.5,0.001,1.70549,1.70546
23,84,1,0.2,0.3,0.5,0.001,1.35245,1.35271
24,84,1,0.2,0.3,0.5,0.001,1.53991,1.54138
25,84,1,0.2,0.3,0.5,0.001,1.39498,1.39546
26,84,1,0.2,0.3,0.5,0.001,1.27853,1.27818
27,84,1,0.2,0.3,0.5,0.001,1.3113,1.31086
28,84,1,0.2,0.3,0.5,0.001,1.55042,1.55057
29,84,1,0.2,0.3,0.5,0.001,1.36375,1.36355
30,84,1,0.2,0.3,0.5,0.001,1.33425,1.33387
31,84,1,0.2,0.3,0.5,0.001,1.66122,1.66107
32,84,1,0.2,0.3,0.5,0.001,1.33948,1.3397
33,84,1,0.2,0.3,0.5,0.001,1.71741,1.71894
34,84,1,0.2,0.3,0.5,0.001,1.58399,1.58356
35,84,1,0.2,0.3,0.5,0.001,1.66265,1.6633
36,84,1,0.2,0.3,0.5,0.001,1.34366,1.3429
37,84,1,0.2,0.3,0.5,0.001,1.3185,1.31808
38,84,1,0.2,0.3,0.5,0.001,1.46045,1.46073
39,84,1,0.2,0.3,0.5,0.001,1.53841,1.53797
40,84,1,0.2,0.3,0.5,0.001,1.36441,1.36465
41,84,1,0.2,0.3,0.5,0.001,1.39458,1.3935
42,84,1,0.2,0.3,0.5,0.001,1.34797,1.34767
43,84,1,0.2,0.3,0.5,0.001,1.32612,1.32596
44,84,1,0.2,0.3,0.5,0.001,1.61381,1.61464
45,84,1,0.2,0.3,0.5,0.001,1.42587,1.42563
46,84,1,0.2,0.3,0.5,0.001,1.41448,1.41409
47,84,1,0.2,0.3,0.5,0.001,1.37777,1.37773
48,84,1,0.2,0.3,0.5,0.001,1.46513,1.46495
49,84,1,0.2,0.3,0.5,0.001,1.31573,1.31618
50,84,1,0.2,0.3,0.5,0.001,1.44644,1.44566
51,84,1,0.2,0.3,0.5,0.001,1.32913,1.32865
52,84,1,0.2,0.3,0.5,0.001,1.54298,1.54359
53,84,1,0.2,0.3,0.5,0.001,1.45669,1.45595
54,84,1,0.2,0.3,0.5,0.001,1.39242,1.3925
55,84,1,0.2,0.3,0.5,0.001,1.60346,1.60304
56,84,1,0.2,0.3,0.5,0.001,1.45804,1.45697
57,84,1,0.2,0.3,0.5,0.001,1.33808,1.33845
58,84,1,0.2,0.3,0.5,0.001,1.41564,1.41602
59,84,1,0.2,0.3,0.5,0.001,1.35302,1.35273
60,84,1,0.2,0.3,0.5,0.001,1.51046,1.50935
61,84,1,0.2,0.3,0.5,0.001,1.40269,1.40239
62,84,1,0.2,0.3,0.5,0.001,1.85683,1.85729
63,84,1,0.2,0.3,0.5,0.001,1.44178,1.44249
64,84,1,0.2,0.3,0.5,0.001,1.32139,1.32176
65,84,1,0.2,0.3,0.5,0.001,1.50272,1.50269
66,84,1,0.2,0.3,0.5,0.001,1.35992,1.35959
67,84,1,0.2,0.3,0.5,0.001,1.58219,1.58211
68,84,1,0.2,0.3,0.5,0.001,1.44697,1.44784
69,84,1,0.2,0.3,0.5,0.001,1.44175,1.44122
70,84,1,0.2,0.3,0.5,0.001,1.4851,1.48475
71,84,1,0.2,0.3,0.5,0.001,1.49282,1.49288
72,84,1,0.2,0.3,0.5,0.001,1.50677,1.50681
73,84,1,0.2,0.3,0.5,0.001,1.51934,1.51985
74,84,1,0.2,0.3,0.5,0.001,1.48495,1.48433
75,84,1,0.2,0.3,0.5,0.001,1.32897,1.32962
76,84,1,0.2,0.3,0.5,0.001,1.53495,1.53419
77,84,1,0.2,0.3,0.5,0.001,1.49997,1.49951
78,84,1,0.2,0.3,0.5,0.001,1.63501,1.63471
79,84,1,0.2,0.3,0.5,0.001,1.39043,1.39066
80,84,1,0.2,0.3,0.5,0.001,1.36695,1.36622
81,84,1,0.2,0.3,0.5,0.001,1.35456,1.35481
82,84,1,0.2,0.3,0.5,0.001,1.46126,1.46086
83,84,1,0.2,0.3,0.5,0.001,1.5049,1.50565
84,84,1,0.2,0.3,0.5,0.001,1.46765,1.4673
85,84,1,0.2,0.3,0.5,0.001,1.44484,1.44501
86,84,1,0.2,0.3,0.5,0.001,1.45944,1.4602
87,84,1,0.2,0.3,0.5,0.001,1.39442,1.39493
88,84,1,0.2,0.3,0.5,0.001,1.42477,1.42481
89,84,1,0.2,0.3,0.5,0.001,1.42289,1.42349
90,84,1,0.2,0.3,0.5,0.001,1.72083,1.72025
91,84,1,0.2,0.3,0.5,0.001,1.72461,1.7242
92,84,1,0.2,0.3,0.5,0.001,1.4554,1.45544
93,84,1,0.2,0.3,0.5,0.001,1.54778,1.54769
94,84,1,0.2,0.3,0.5,0.001,1.54898,1.54852
95,84,1,0.2,0.3,0.5,0.001,1.5422,1.54207
96,84,1,0.2,0.3,0.5,0.001,1.47488,1.47559
97,84,1,0.2,0.3,0.5,0.001,1.56603,1.56552
98,84,1,0.2,0.3,0.5,0.001,1.84504,1.84514
99,84,1,0.2,0.3,0.5,0.001,1.30945,1.30971
0,100,1,0.01,0.3,0.5,0.001,2.80906,1.04493
1,100,1,0.01,0.3,0.5,0.001,2.90414,1.32335
2,100,1,0.01,0.3,0.5,0.001,2.83688,1.17389
3,100,1,0.01,0.3,0.5,0.001,2.90168,1.26003
4,100,1,0.01,0.3,0.5,0.001,2.87559,1.31496
5,100,1,0.01,0.3,0.5,0.001,2.84395,1.14109
6,100,1,0.01,0.3,0.5,0.001,2.98471,1.45983
7,100,1,0.01,0.3,0.5,0.001,2.77071,0.91357
8,100,1,0.01,0.3,0.5,0.001,2.87628,1.20975
9,100,1,0.01,0.3,0.5,0.001,2.75773,0.93272
10,100,1,0.01,0.3,0.5,0.001,2.96873,1.43498
11,100,1,0.01,0.3,0.5,0.001,2.95502,1.39897
12,100,1,0.01,0.3,0.5,0.001,2.93574,1.32189
13,100,1,0.01,0.3,0.5,0.001,2.79115,0.97915
14,100,1,0.01,0.3,0.5,0.001,2.84111,1.14641
15,100,1,0.01,0.3,0.5,0.001,2.89249,1.17195
16,100,1,0.01,0.3,0.5,0.001,2.81141,1.1067
17,100,1,0.01,0.3,0.5,0.001,2.91754,1.34672
18,100,1,0.01,0.3,0.5,0.001,2.79723,0.9426
19,100,1,0.01,0.3,0.5,0.001,2.76127,0.85035
20,100,1,0.01,0.3,0.5,0.001,3.04106,1.57504
21,100,1,0.01,0.3,0.5,0.001,2.83811,1.11803
22,100,1,0.01,0.3,0.5,0.001,2.82506,1.062
23,100,1,0.01,0.3,0.5,0.001,2.84774,1.16119
24,100,1,0.01,0.3,0.5,0.001,3.01107,1.49647
25,100,1,0.01,0.3,0.5,0.001,2.86949,1.14284
26,100,1,0.01,0.3,0.5,0.001,3.28613,2.04215
27,100,1,0.01,0.3,0.5,0.001,2.89259,1.25199
28,100,1,0.01,0.3,0.5,0.001,3.19658,1.90846
29,100,1,0.01,0.3,0.5,0.001,2.82454,1.13496
30,100,1,0.01,0.3,0.5,0.001,2.91817,1.39496
31,100,1,0.01,0.3,0.5,0.001,3.07088,1.68872
32,100,1,0.01,0.3,0.5,0.001,2.86978,1.20528
33,100,1,0.01,0.3,0.5,0.001,2.89795,1.29207
34,100,1,0.01,0.3,0.5,0.001,2.79707,1.03091
35,100,1,0.01,0.3,0.5,0.001,2.76965,0.99339
36,100,1,0.01,0.3,0.5,0.001,3.02823,1.45152
37,100,1,0.01,0.3,0.5,0.001,2.71757,0.78802
38,100,1,0.01,0.3,0.5,0.001,2.79713,1.02281
39,100,1,0.01,0.3,0.5,0.001,2.7706,0.96754
40,100,1,0.01,0.3,0.5,0.001,2.7773,0.90657
41,100,1,0.01,0.3,0.5,0.001,2.92245,1.3163
42,100,1,0.01,0.3,0.5,0.001,2.7674,0.99483
43,100,1,0.01,0.3,0.5,0.001,2.86725,1.28525
44,100,1,0.01,0.3,0.5,0.001,2.82961,1.08505
45,100,1,0.01,0.3,0.5,0.001,2.8869,1.17772
46,100,1,0.01,0.3,0.5,0.001,2.88724,1.16813
47,100,1,0.01,0.3,0.5,0.001,2.80201,1.06454
48,100,1,0.01,0.3,0.5,0.001,2.95369,1.34805
49,100,1,0.01,0.3,0.5,0.001,2.81978,1.06064
50,100,1,0.01,0.3,0.5,0.001,2.81663,1.07805
51,100,1,0.01,0.3,0.5,0.001,2.75098,0.99278
52,100,1,0.01,0.3,0.5,0.001,2.78836,1.01338
53,100,1,0.01,0.3,0.5,0.001,2.88273,1.15323
54,100,1,0.01,0.3,0.5,0.001,2.78787,0.99096
55,100,1,0.01,0.3,0.5,0.001,2.8565,1.10759
56,100,1,0.01,0.3,0.5,0.001,2.78832,0.91934
57,100,1,0.01,0.3,0.5,0.001,2.78048,1.00728
58,100,1,0.01,0.3,0.5,0.001,2.78493,1.01326
59,100,1,0.01,0.3,0.5,0.001,2.84361,1.10325
60,100,1,0.01,0.3,0.5,0.001,2.86471,1.24555
61,100,1,0.01,0.3,0.5,0.001,2.83687,1.07535
62,100,1,0.01,0.3,0.5,0.001,2.94032,1.37396
63,100,1,0.01,0.3,0.5,0.001,2.75715,0.87333
64,100,1,0.01,0.3,0.5,0.001,2.85409,1.14824
65,100,1,0.01,0.3,0.5,0.001,2.93703,1.35252
66,100,1,0.01,0.3,0.5,0.001,2.75393,0.91159
67,100,1,0.01,0.3,0.5,0.001,2.75837,1.00257
68,100,1,0.01,0.3,0.5,0.001,2.80501,0.97319
69,100,1,0.01,0.3,0.5,0.001,2.75134,0.81874
70,100,1,0.01,0.3,0.5,0.001,2.79859,1.06601
71,100,1,0.01,0.3,0.5,0.001,2.83054,1.13043
72,100,1,0.01,0.3,0.5,0.001,2.97851,1.419
73,100,1,0.01,0.3,0.5,0.001,2.79466,0.95237
74,100,1,0.01,0.3,0.5,0.001,2.81477,1.09908
75,100,1,0.01,0.3,0.5,0.001,3.00534,1.49307
76,100,1,0.01,0.3,0.5,0.001,2.83078,1.06335
77,100,1,0.01,0.3,0.5,0.001,2.75061,0.86893
78,100,1,0.01,0.3,0.5,0.001,2.78708,0.97078
79,100,1,0.01,0.3,0.5,0.001,2.98861,1.42905
80,100,1,0.01,0.3,0.5,0.001,2.82053,1.03261
81,100,1,0.01,0.3,0.5,0.001,3.10935,1.81267
82,100,1,0.01,0.3,0.5,0.001,2.90611,1.18437
83,100,1,0.01,0.3,0.5,0.001,2.78368,0.98128
84,100,1,0.01,0.3,0.5,0.001,2.87577,1.10531
85,100,1,0.01,0.3,0.5,0.001,2.839,1.16722
86,100,1,0.01,0.3,0.5,0.001,2.8698,1.1292
87,100,1,0.01,0.3,0.5,0.001,2.8238,1.04123
88,100,1,0.01,0.3,0.5,0.001,2.84912,1.13552
89,100,1,0.01,0.3,0.5,0.001,2.89334,1.21732
90,100,1,0.01,0.3,0.5,0.001,2.8914,1.24726
91,100,1,0.01,0.3,0.5,0.001,2.97905,1.47899
92,100,1,0.01,0.3,0.5,0.001,2.81812,1.01296
93,100,1,0.01,0.3,0.5,0.001,2.93817,1.4213
94,100,1,0.01,0.3,0.5,0.001,2.75849,0.8962
95,100,1,0.01,0.3,0.5,0.001,2.75578,0.96799
96,100,1,0.01,0.3,0.5,0.001,2.83855,1.09314
97,100,1,0.01,0.3,0.5,0.001,2.84448,1.16437
98,100,1,0.01,0.3,0.5,0.001,2.80042,1.03889
99,100,1,0.01,0.3,0.5,0.001,2.8515,1.09851
0,100,1,0.05,0.3,0.5,0.001,1.16422,1.14497
1,100,1,0.05,0.3,0.5,0.001,1.24106,1.21079
2,100,1,0.05,0.3,0.5,0.001,1.35678,1.34605
3,100,1,0.05,0.3,0.5,0.001,1.32085,1.29552
4,100,1,0.05,0.3,0.5,0.001,1.36437,1.33855
5,100,1,0.05,0.3,0.5,0.001,1.30262,1.29875
6,100,1,0.05,0.3,0.5,0.001,1.20766,1.18631
7,100,1,0.05,0.3,0.5,0.001,1.22324,1.20649
8,100,1,0.05,0.3,0.5,0.001,1.37209,1.34529
9,100,1,0.05,0.3,0.5,0.001,1.19839,1.16236
10,100,1,0.05,0.3,0.5,0.001,1.34441,1.32039
11,100,1,0.05,0.3,0.5,0.001,1.35478,1.34279
12,100,1,0.05,0.3,0.5,0.001,1.18689,1.15462
13,100,1,0.05,0.3,0.5,0.001,1.06873,1.06146
14,100,1,0.05,0.3,0.5,0.001,1.30532,1.27403
15,100,1,0.05,0.3,0.5,0.001,1.20088,1.16081
16,100,1,0.05,0.3,0.5,0.001,1.43167,1.37832
17,100,1,0.05,0.3,0.5,0.001,1.16801,1.14176
18,100,1,0.05,0.3,0.5,0.001,1.12768,1.11563
19,100,1,0.05,0.3,0.5,0.001,1.27317,1.28459
20,100,1,0.05,0.3,0.5,0.001,1.12372,1.1002
21,100,1,0.05,0.3,0.5,0.001,1.08574,1.08471
22,100,1,0.05,0.3,0.5,0.001,1.30452,1.22602
23,100,1,0.05,0.3,0.5,0.001,1.04163,1.0343
24,100,1,0.05,0.3,0.5,0.001,1.41198,1.40333
25,100,1,0.05,0.3,0.5,0.001,1.45704,1.39415
26,100,1,0.05,0.3,0.5,0.001,1.28794,1.2736
27,100,1,0.05,0.3,0.5,0.001,1.17789,1.14511
28,100,1,0.05,0.3,0.5,0.001,1.20451,1.16524
29,100,1,0.05,0.3,0.5,0.001,1.16121,1.18268
30,100,1,0.05,0.3,0.5,0.001,1.1362,1.10487
31,100,1,0.05,0.3,0.5,0.001,1.10072,1.08126
32,100,1,0.05,0.3,0.5,0.001,1.27704,1.24316
33,100,1,0.05,0.3,0.5,0.001,1.52169,1.48886
34,100,1,0.05,0.3,0.5,0.001,1.41846,1.40529
35,100,1,0.05,0.3,0.5,0.001,1.15587,1.14017
36,100,1,0.05,0.3,0.5,0.001,1.27296,1.22122
37,100,1,0.05,0.3,0.5,0.001,1.28768,1.23189
38,100,1,0.05,0.3,0.5,0.001,1.04682,1.01816
39,100,1,0.05,0.3,0.5,0.001,1.15967,1.14424
40,100,1,0.05,0.3,0.5,0.001,1.16933,1.15956
41,100,1,0.05,0.3,0.5,0.001,1.3508,1.32552
42,100,1,0.05,0.3,0.5,0.001,1.45488,1.44888
43,100,1,0.05,0.3,0.5,0.001,1.15902,1.13509
44,100,1,0.05,0.3,0.5,0.001,1.30497,1.29175
45,100,1,0.05,0.3,0.5,0.001,1.28925,1.24213
46,100,1,0.05,0.3,0.5,0.001,1.2446,1.23461
47,100,1,0.05,0.3,0.5,0.001,1.25913,1.23729
48,100,1,0.05,0.3,0.5,0.001,1.45282,1.41167
49,100,1,0.05,0.3,0.5,0.001,1.11394,1.08787
50,100,1,0.05,0.3,0.5,0.001,1.26344,1.22462
51,100,1,0.05,0.3,0.5,0.001,1.27616,1.23859
52,100,1,0.05,0.3,0.5,0.001,1.16123,1.13797
53,100,1,0.05,0.3,0.5,0.001,1.28075,1.23879
54,100,1,0.05,0.3,0.5,0.001,1.19383,1.17228
55,100,1,0.05,0.3,0.5,0.001,1.30228,1.26298
56,100,1,0.05,0.3,0.5,0.001,1.43309,1.42193
57,100,1,0.05,0.3,0.5,0.001,1.13959,1.1523
58,100,1,0.05,0.3,0.5,0.001,1.1161,1.09283
59,100,1,0.05,0.3,0.5,0.001,1.29397,1.27642
60,100,1,0.05,0.3,0.5,0.001,1.33429,1.29991
61,100,1,0.05,0.3,0.5,0.001,1.21213,1.19465
62,100,1,0.05,0.3,0.5,0.001,1.64595,1.61155
63,100,1,0.05,0.3,0.5,0.001,1.49605,1.4923
64,100,1,0.05,0.3,0.5,0.001,1.19138,1.17386
65,100,1,0.05,0.3,0.5,0.001,1.32766,1.27642
66,100,1,0.05,0.3,0.5,0.001,1.30892,1.30573
67,100,1,0.05,0.3,0.5,0.001,1.14893,1.1373
68,100,1,0.05,0.3,0.5,0.001,1.25163,1.22594
69,100,1,0.05,0.3,0.5,0.001,1.42335,1.3948
70,100,1,0.05,0.3,0.5,0.001,1.21336,1.19095
71,100,1,0.05,0.3,0.5,0.001,1.36653,1.32651
72,100,1,0.05,0.3,0.5,0.001,1.60999,1.60918
73,100,1,0.05,0.3,0.5,0.001,1.33425,1.30931
74,100,1,0.05,0.3,0.5,0.001,1.32701,1.3261
75,100,1,0.05,0.3,0.5,0.001,1.24262,1.22916
76,100,1,0.05,0.3,0.5,0.001,1.23203,1.22231
77,100,1,0.05,0.3,0.5,0.001,1.17029,1.16789
78,100,1,0.05,0.3,0.5,0.001,1.26743,1.2422
79,100,1,0.05,0.3,0.5,0.001,1.1725,1.171
80,100,1,0.05,0.3,0.5,0.001,1.24039,1.21646
81,100,1,0.05,0.3,0.5,0.001,1.39419,1.38894
82,100,1,0.05,0.3,0.5,0.001,1.08481,1.08342
83,100,1,0.05,0.3,0.5,0.001,1.36209,1.35435
84,100,1,0.05,0.3,0.5,0.001,1.47383,1.42397
85,100,1,0.05,0.3,0.5,0.001,1.3026,1.2952
86,100,1,0.05,0.3,0.5,0.001,1.15128,1.14284
87,100,1,0.05,0.3,0.5,0.001,1.14692,1.1631
88,100,1,0.05,0.3,0.5,0.001,1.20957,1.18949
89,100,1,0.05,0.3,0.5,0.001,1.1685,1.15119
90,100,1,0.05,0.3,0.5,0.001,1.28875,1.26759
91,100,1,0.05,0.3,0.5,0.001,1.29507,1.24129
92,100,1,0.05,0.3,0.5,0.001,1.25102,1.25084
93,100,1,0.05,0.3,0.5,0.001,1.10717,1.07174
94,100,1,0.05,0.3,0.5,0.001,1.08153,1.03884
95,100,1,0.05,0.3,0.5,0.001,1.12858,1.13546
96,100,1,0.05,0.3,0.5,0.001,1.32836,1.3383
97,100,1,0.05,0.3,0.5,0.001,1.13788,1.10241
98,100,1,0.05,0.3,0.5,0.001,1.28448,1.25083
99,100,1,0.05,0.3,0.5,0.001,1.11199,1.10782
0,100,1,0.2,0.3,0.5,0.001,1.35451,1.35524
1,100,1,0.2,0.3,0.5,0.001,1.34834,1.34857
2,100,1,0.2,0.3,0.5,0.001,1.46587,1.46566
3,100,1,0.2,0.3,0.5,0.001,1.26698,1.26788
4,100,1,0.2,0.3,0.5,0.001,1.30263,1.30121
5,100,1,0.2,0.3,0.5,0.001,1.33123,1.33098
6,100,1,0.2,0.3,0.5,0.001,1.46738,1.46703
7,100,1,0.2,0.3,0.5,0.001,1.48846,1.48816
8,100,1,0.2,0.3,0.5,0.001,1.33893,1.33893
9,100,1,0.2,0.3,0.5,0.001,1.35205,1.35259
10,100,1,0.2,0.3,0.5,0.001,1.31951,1.31868
11,100,1,0.2,0.3,0.5,0.001,1.30762,1.30789
12,100,1,0.2,0.3,0.5,0.001,1.28514,1.28457
13,100,1,0.2,0.3,0.5,0.001,1.41279,1.41373
14,100,1,0.2,0.3,0.5,0.001,1.38499,1.38474
15,100,1,0.2,0.3,0.5,0.001,1.33672,1.33672
16,100,1,0.2,0.3,0.5,0.001,1.35951,1.35846
17,100,1,0.2,0.3,0.5,0.001,1.48404,1.48459
18,100,1,0.2,0.3,0.5,0.001,1.3606,1.35911
19,100,1,0.2,0.3,0.5,0.001,1.45754,1.45759
20,100,1,0.2,0.3,0.5,0.001,1.30297,1.30386
21,100,1,0.2,0.3,0.5,0.001,1.19984,1.20058
22,100,1,0.2,0.3,0.5,0.001,1.26029,1.25949
23,100,1,0.2,0.3,0.5,0.001,1.23421,1.23421
24,100,1,0.2,0.3,0.5,0.001,1.34797,1.34806
25,100,1,0.2,0.3,0.5,0.001,1.42488,1.42432
26,100,1,0.2,0.3,0.5,0.001,1.34194,1.34179
27,100,1,0.2,0.3,0.5,0.001,1.30446,1.30509
28,100,1,0.2,0.3,0.5,0.001,1.24355,1.24337
29,100,1,0.2,0.3,0.5,0.001,1.30637,1.30708
30,100,1,0.2,0.3,0.5,0.001,1.37075,1.37095
31,100,1,0.2,0.3,0.5,0.001,1.30662,1.30606
32,100,1,0.2,0.3,0.5,0.001,1.27996,1.27972
33,100,1,0.2,0.3,0.5,0.001,1.53851,1.53712
34,100,1,0.2,0.3,0.5,0.001,1.53046,1.53094
35,100,1,0.2,0.3,0.5,0.001,1.25336,1.2535
36,100,1,0.2,0.3,0.5,0.001,1.30546,1.30507
37,100,1,0.2,0.3,0.5,0.001,1.32158,1.32194
38,100,1,0.2,0.3,0.5,0.001,1.19761,1.19726
39,100,1,0.2,0.3,0.5,0.001,1.30921,1.30878
40,100,1,0.2,0.3,0.5,0.001,1.37384,1.37372
41,100,1,0.2,0.3,0.5,0.001,1.25848,1.25772
42,100,1,0.2,0.3,0.5,0.001,1.35778,1.35783
43,100,1,0.2,0.3,0.5,0.001,1.33008,1.3303
44,100,1,0.2,0.3,0.5,0.001,1.41442,1.4145
45,100,1,0.2,0.3,0.5,0.001,1.38616,1.38648
46,100,1,0.2,0.3,0.5,0.001,1.42896,1.42863
47,100,1,0.2,0.3,0.5,0.001,1.25456,1.25435
48,100,1,0.2,0.3,0.5,0.001,1.27785,1.27817
49,100,1,0.2,0.3,0.5,0.001,1.46379,1.46311
50,100,1,0.2,0.3,0.5,0.001,1.35274,1.3533
51,100,1,0.2,0.3,0.5,0.001,1.38311,1.38288
52,100,1,0.2,0.3,0.5,0.001,1.2863,1.28685
53,100,1,0.2,0.3,0.5,0.001,1.29285,1.29299
54,100,1,0.2,0.3,0.5,0.001,1.29758,1.29759
55,100,1,0.2,0.3,0.5,0.001,1.41723,1.41762
56,100,1,0.2,0.3,0.5,0.001,1.29965,1.29872
57,100,1,0.2,0.3,0.5,0.001,1.28455,1.28456
58,100,1,0.2,0.3,0.5,0.001,1.3476,1.34743
59,100,1,0.2,0.3,0.5,0.001,1.24569,1.24568
60,100,1,0.2,0.3,0.5,0.001,1.33375,1.33364
61,100,1,0.2,0.3,0.5,0.001,1.32323,1.32307
62,100,1,0.2,0.3,0.5,0.001,1.28026,1.28104
63,100,1,0.2,0.3,0.5,0.001,1.42051,1.42135
64,100,1,0.2,0.3,0.5,0.001,1.25485,1.25487
65,100,1,0.2,0.3,0.5,0.001,1.28014,1.28035
66,100,1,0.2,0.3,0.5,0.001,1.26967,1.26906
67,100,1,0.2,0.3,0.5,0.001,1.22641,1.22593
68,100,1,0.2,0.3,0.5,0.001,1.34221,1.34161
69,100,1,0.2,0.3,0.5,0.001,1.3173,1.31622
70,100,1,0.2,0.3,0.5,0.001,1.23443,1.23378
71,100,1,0.2,0.3,0.5,0.001,1.36799,1.36683
72,100,1,0.2,0.3,0.5,0.001,1.35534,1.3549
73,100,1,0.2,0.3,0.5,0.001,1.37995,1.37935
74,100,1,0.2,0.3,0.5,0.001,1.26065,1.26134
75,100,1,0.2,0.3,0.5,0.001,1.35079,1.35138
76,100,1,0.2,0.3,0.5,0.001,1.22126,1.22186
77,100,1,0.2,0.3,0.5,0.001,1.18032,1.18072
78,100,1,0.2,0.3,0.5,0.001,1.16584,1.16625
79,100,1,0.2,0.3,0.5,0.001,1.3062,1.30654
80,100,1,0.2,0.3,0.5,0.001,1.31309,1.31299
81,100,1,0.2,0.3,0.5,0.001,1.29232,1.2919
82,100,1,0.2,0.3,0.5,0.001,1.3054,1.30568
83,100,1,0.2,0.3,0.5,0.001,1.24031,1.23965
84,100,1,0.2,0.3,0.5,0.001,1.28685,1.28745
85,100,1,0.2,0.3,0.5,0.001,1.33186,1.33206
86,100,1,0.2,0.3,0.5,0.001,1.28603,1.28512
87,100,1,0.2,0.3,0.5,0.001,1.42244,1.42224
88,100,1,0.2,0.3,0.5,0.001,1.22309,1.22307
89,100,1,0.2,0.3,0.5,0.001,1.32971,1.32941
90,100,1,0.2,0.3,0.5,0.001,1.28325,1.28321
91,100,1,0.2,0.3,0.5,0.001,1.3366,1.33567
92,100,1,0.2,0.3,0.5,0.001,1.21918,1.21883
93,100,1,0.2,0.3,0.5,0.001,1.28249,1.28308
94,100,1,0.2,0.3,0.5,0.001,1.39471,1.39454
95,100,1,0.2,0.3,0.5,0.001,1.32044,1.32005
96,100,1,0.2,0.3,0.5,0.001,1.48357,1.48359
97,100,1,0.2,0.3,0.5,0.001,1.3548,1.3552
98,100,1,0.2,0.3,0.5,0.001,1.36513,1.36517
99,100,1,0.2,0.3,0.5,0.001,1.26742,1.26757
0,117,1,0.01,0.3,0.5,0.001,2.76792,0.93346
1,117,1,0.01,0.3,0.5,0.001,2.84328,1.19437
2,117,1,0.01,0.3,0.5,0.001,2.96229,1.50522
3,117,1,0.01,0.3,0.5,0.001,2.7884,1.04108
4,117,1,0.01,0.3,0.5,0.001,2.8226,1.05317
5,117,1,0.01,0.3,0.5,0.001,2.81795,1.03942
6,117,1,0.01,0.3,0.5,0.001,2.83751,1.06378
7,117,1,0.01,0.3,0.5,0.001,2.87473,1.23083
8,117,1,0.01,0.3,0.5,0.001,2.80292,1.0611
9,117,1,0.01,0.3,0.5,0.001,2.83869,1.14934
10,117,1,0.01,0.3,0.5,0.001,2.82287,1.04966
11,117,1,0.01,0.3,0.5,0.001,2.77089,0.94137
12,117,1,0.01,0.3,0.5,0.001,2.88313,1.2248
13,117,1,0.01,0.3,0.5,0.001,2.76481,0.97123
14,117,1,0.01,0.3,0.5,0.001,2.78838,1.01888
15,117,1,0.01,0.3,0.5,0.001,2.88136,1.24044
16,117,1,0.01,0.3,0.5,0.001,2.7808,0.95892
17,117,1,0.01,0.3,0.5,0.001,2.7937,0.99119
18,117,1,0.01,0.3,0.5,0.001,2.75678,0.89176
19,117,1,0.01,0.3,0.5,0.001,2.79456,1.02038
20,117,1,0.01,0.3,0.5,0.001,2.76259,0.9461
21,117,1,0.01,0.3,0.5,0.001,2.78996,1.03943
22,117,1,0.01,0.3,0.5,0.001,2.88842,1.2924
23,117,1,0.01,0.3,0.5,0.001,2.7461,0.88795
24,117,1,0.01,0.3,0.5,0.001,2.87965,1.20552
25,117,1,0.01,0.3,0.5,0.001,2.76942,0.89555
26,117,1,0.01,0.3,0.5,0.001,2.7794,0.97682
27,117,1,0.01,0.3,0.5,0.001,2.8408,1.09278
28,117,1,0.01,0.3,0.5,0.001,2.72245,0.82558
29,117,1,0.01,0.3,0.5,0.001,2.93546,1.32497
30,117,1,0.01,0.3,0.5,0.001,2.70547,0.72803
31,117,1,0.01,0.3,0.5,0.001,2.73031,0.7464
32,117,1,0.01,0.3,0.5,0.001,2.79434,0.97823
33,117,1,0.01,0.3,0.5,0.001,2.8452,1.18951
34,117,1,0.01,0.3,0.5,0.001,2.72508,0.87843
35,117,1,0.01,0.3,0.5,0.001,2.80972,1.00477
36,117,1,0.01,0.3,0.5,0.001,2.80925,1.04624
37,117,1,0.01,0.3,0.5,0.001,2.75248,0.89602
38,117,1,0.01,0.3,0.5,0.001,2.84357,1.13866
39,117,1,0.01,0.3,0.5,0.001,2.74057,0.79766
40,117,1,0.01,0.3,0.5,0.001,2.74436,0.86184
41,117,1,0.01,0.3,0.5,0.001,2.72779,0.84119
42,117,1,0.01,0.3,0.5,0.001,2.71554,0.74074
43,117,1,0.01,0.3,0.5,0.001,2.7586,0.82341
44,117,1,0.01,0.3,0.5,0.001,2.7829,0.97688
45,117,1,0.01,0.3,0.5,0.001,2.7737,0.9446
46,117,1,0.01,0.3,0.5,0.001,2.8329,1.14809
47,117,1,0.01,0.3,0.5,0.001,2.77466,0.91253
48,117,1,0.01,0.3,0.5,0.001,2.7934,1.02316
49,117,1,0.01,0.3,0.5,0.001,2.82578,1.13738
50,117,1,0.01,0.3,0.5,0.001,2.75353,0.83564
51,117,1,0.01,0.3,0.5,0.001,2.76388,0.88857
52,117,1,0.01,0.3,0.5,0.001,2.76237,0.86245
53,117,1,0.01,0.3,0.5,0.001,2.80129,1.0317
54,117,1,0.01,0.3,0.5,0.001,2.75534,0.82355
55,117,1,0.01,0.3,0.5,0.001,2.78748,0.95762
56,117,1,0.01,0.3,0.5,0.001,3.16853,1.91335
57,117,1,0.01,0.3,0.5,0.001,2.84483,1.22441
58,117,1,0.01,0.3,0.5,0.001,2.82214,1.08967
59,117,1,0.01,0.3,0.5,0.001,2.69437,0.7182
60,117,1,0.01,0.3,0.5,0.001,2.75805,0.90766
61,117,1,0.01,0.3,0.5,0.001,2.79679,0.95881
62,117,1,0.01,0.3,0.5,0.001,2.80828,1.07691
63,117,1,0.01,0.3,0.5,0.001,2.78422,1.03011
64,117,1,0.01,0.3,0.5,0.001,2.82866,1.10859
65,117,1,0.01,0.3,0.5,0.001,2.80913,1.15817
66,117,1,0.01,0.3,0.5,0.001,2.79078,0.98239
67,117,1,0.01,0.3,0.5,0.001,2.76754,0.92898
68,117,1,0.01,0.3,0.5,0.001,2.80743,1.00868
69,117,1,0.01,0.3,0.5,0.001,2.80843,0.99511
70,117,1,0.01,0.3,0.5,0.001,2.76452,0.82556
71,117,1,0.01,0.3,0.5,0.001,2.92917,1.39125
72,117,1,0.01,0.3,0.5,0.001,2.81701,1.04923
73,117,1,0.01,0.3,0.5,0.001,2.71515,0.71351
74,117,1,0.01,0.3,0.5,0.001,2.76663,0.86418
75,117,1,0.01,0.3,0.5,0.001,2.71108,0.68948
76,117,1,0.01,0.3,0.5,0.001,2.85123,1.17593
77,117,1,0.01,0.3,0.5,0.001,2.71868,0.73511
78,117,1,0.01,0.3,0.5,0.001,2.73007,0.75952
79,117,1,0.01,0.3,0.5,0.001,2.83616,1.08345
80,117,1,0.01,0.3,0.5,0.001,2.79797,0.94524
81,117,1,0.01,0.3,0.5,0.001,2.74965,0.86028
82,117,1,0.01,0.3,0.5,0.001,2.69478,0.71208
83,117,1,0.01,0.3,0.5,0.001,2.75907,0.87452
84,117,1,0.01,0.3,0.5,0.001,2.91929,1.32275
85,117,1,0.01,0.3,0.5,0.001,2.88194,1.20804
86,117,1,0.01,0.3,0.5,0.001,2.89562,1.24528
87,117,1,0.01,0.3,0.5,0.001,2.77052,0.9147
88,117,1,0.01,0.3,0.5,0.001,2.75961,0.88042
89,117,1,0.01,0.3,0.5,0.001,2.89145,1.23236
90,117,1,0.01,0.3,0.5,0.001,2.87308,1.3246
91,117,1,0.01,0.3,0.5,0.001,2.75134,0.87427
92,117,1,0.01,0.3,0.5,0.001,2.72945,0.83637
93,117,1,0.01,0.3,0.5,0.001,2.77691,0.90997
94,117,1,0.01,0.3,0.5,0.001,2.73793,0.76408
95,117,1,0.01,0.3,0.5,0.001,2.76127,0.89586
96,117,1,0.01,0.3,0.5,0.001,2.79566,0.96017
97,117,1,0.01,0.3,0.5,0.001,2.75845,0.88894
98,117,1,0.01,0.3,0.5,0.001,2.81736,1.02414
99,117,1,0.01,0.3,0.5,0.001,2.79817,1.01262
0,117,1,0.05,0.3,0.5,0.001,1.00554,0.99569
1,117,1,0.05,0.3,0.5,0.001,1.16108,1.11168
2,117,1,0.05,0.3,0.5,0.001,1.06716,1.03226
3,117,1,0.05,0.3,0.5,0.001,1.29088,1.29303
4,117,1,0.05,0.3,0.5,0.001,1.07775,1.08346
5,117,1,0.05,0.3,0.5,0.001,1.16469,1.13478
6,117,1,0.05,0.3,0.5,0.001,1.2467,1.22141
7,117,1,0.05,0.3,0.5,0.001,1.08974,1.04698
8,117,1,0.05,0.3,0.5,0.001,1.08289,1.06337
9,117,1,0.05,0.3,0.5,0.001,1.08912,1.06491
10,117,1,0.05,0.3,0.5,0.001,1.04103,1.0263
11,117,1,0.05,0.3,0.5,0.001,1.19517,1.15896
12,117,1,0.05,0.3,0.5,0.001,1.18349,1.13993
13,117,1,0.05,0.3,0.5,0.001,1.1417,1.11948
14,117,1,0.05,0.3,0.5,0.001,1.12597,1.04785
15,117,1,0.05,0.3,0.5,0.001,1.03387,0.97469
16,117,1,0.05,0.3,0.5,0.001,0.95257,0.95072
17,117,1,0.05,0.3,0.5,0.001,1.06822,1.0402
18,117,1,0.05,0.3,0.5,0.001,1.49976,1.50817
19,117,1,0.05,0.3,0.5,0.001,1.06264,1.07279
20,117,1,0.05,0.3,0.5,0.001,1.07857,1.05673
21,117,1,0.05,0.3,0.5,0.001,1.04739,1.02579
22,117,1,0.05,0.3,0.5,0.001,0.96465,0.93746
23,117,1,0.05,0.3,0.5,0.001,1.07155,1.02083
24,117,1,0.05,0.3,0.5,0.001,1.07312,1.04812
25,117,1,0.05,0.3,0.5,0.001,1.04052,1.00043
26,117,1,0.05,0.3,0.5,0.001,1.06955,1.0587
27,117,1,0.05,0.3,0.5,0.001,1.52823,1.5146
28,117,1,0.05,0.3,0.5,0.001,1.13036,1.10401
29,117,1,0.05,0.3,0.5,0.001,1.16632,1.10242
30,117,1,0.05,0.3,0.5,0.001,1.13508,1.11463
31,117,1,0.05,0.3,0.5,0.001,1.23229,1.21498
32,117,1,0.05,0.3,0.5,0.001,1.13487,1.14263
33,117,1,0.05,0.3,0.5,0.001,1.09823,1.07826
34,117,1,0.05,0.3,0.5,0.001,1.10114,1.0917
35,117,1,0.05,0.3,0.5,0.001,1.11933,1.09189
36,117,1,0.05,0.3,0.5,0.001,1.09044,1.04763
37,117,1,0.05,0.3,0.5,0.001,0.9423,0.94426
38,117,1,0.05,0.3,0.5,0.001,1.22175,1.18613
39,117,1,0.05,0.3,0.5,0.001,1.0996,1.072
40,117,1,0.05,0.3,0.5,0.001,1.23813,1.17523
41,117,1,0.05,0.3,0.5,0.001,1.44829,1.46168
42,117,1,0.05,0.3,0.5,0.001,1.17704,1.14429
43,117,1,0.05,0.3,0.5,0.001,1.31837,1.33023
44,117,1,0.05,0.3,0.5,0.001,1.31506,1.2706
45,117,1,0.05,0.3,0.5,0.001,1.15403,1.13009
46,117,1,0.05,0.3,0.5,0.001,1.0576,1.03532
47,117,1,0.05,0.3,0.5,0.001,1.08323,1.0381
48,117,1,0.05,0.3,0.5,0.001,1.1376,1.14245
49,117,1,0.05,0.3,0.5,0.001,1.18433,1.16856
50,117,1,0.05,0.3,0.5,0.001,1.24017,1.21698
51,117,1,0.05,0.3,0.5,0.001,1.16545,1.14769
52,117,1,0.05,0.3,0.5,0.001,1.03131,0.98417
53,117,1,0.05,0.3,0.5,0.001,0.96966,0.93762
54,117,1,0.05,0.3,0.5,0.001,1.27782,1.24787
55,117,1,0.05,0.3,0.5,0.001,1.20249,1.1686
56,117,1,0.05,0.3,0.5,0.001,1.25128,1.23778
57,117,1,0.05,0.3,0.5,0.001,1.06928,1.06614
58,117,1,0.05,0.3,0.5,0.001,1.02026,1.02123
59,117,1,0.05,0.3,0.5,0.001,1.20693,1.20863
60,117,1,0.05,0.3,0.5,0.001,1.14581,1.11298
61,117,1,0.05,0.3,0.5,0.001,1.16025,1.14448
62,117,1,0.05,0.3,0.5,0.001,1.22791,1.2025
63,117,1,0.05,0.3,0.5,0.001,1.1848,1.18433
64,117,1,0.05,0.3,0.5,0.001,1.05747,1.05958
65,117,1,0.05,0.3,0.5,0.001,1.09102,1.08531
66,117,1,0.05,0.3,0.5,0.001,1.11193,1.09071
67,117,1,0.05,0.3,0.5,0.001,1.11138,1.0851
68,117,1,0.05,0.3,0.5,0.001,1.14536,1.1342
69,117,1,0.05,0.3,0.5,0.001,1.1705,1.11563
70,117,1,0.05,0.3,0.5,0.001,1.06407,1.04255
71,117,1,0.05,0.3,0.5,0.001,1.22044,1.18916
72,117,1,0.05,0.3,0.5,0.001,1.19527,1.17944
73,117,1,0.05,0.3,0.5,0.001,1.44378,1.42568
74,117,1,0.05,0.3,0.5,0.001,1.18555,1.15776
75,117,1,0.05,0.3,0.5,0.001,1.05899,1.05954
76,117,1,0.05,0.3,0.5,0.001,1.03003,1.00949
77,117,1,0.05,0.3,0.5,0.001,1.10011,1.05556
78,117,1,0.05,0.3,0.5,0.001,1.07361,1.07277
79,117,1,0.05,0.3,0.5,0.001,1.2477,1.21157
80,117,1,0.05,0.3,0.5,0.001,1.08289,1.08277
81,117,1,0.05,0.3,0.5,0.001,0.98032,0.95307
82,117,1,0.05,0.3,0.5,0.001,1.18934,1.17264
83,117,1,0.05,0.3,0.5,0.001,1.28283,1.27332
84,117,1,0.05,0.3,0.5,0.001,1.06989,1.04669
85,117,1,0.05,0.3,0.5,0.001,1.16075,1.11939
86,117,1,0.05,0.3,0.5,0.001,1.04462,1.02141
87,117,1,0.05,0.3,0.5,0.001,1.07942,1.02465
88,117,1,0.05,0.3,0.5,0.001,1.10105,1.0538
89,117,1,0.05,0.3,0.5,0.001,1.14996,1.11252
90,117,1,0.05,0.3,0.5,0.001,1.07156,1.04659
91,117,1,0.05,0.3,0.5,0.001,1.19285,1.1775
92,117,1,0.05,0.3,0.5,0.001,1.28607,1.25155
93,117,1,0.05,0.3,0.5,0.001,1.20613,1.20565
94,117,1,0.05,0.3,0.5,0.001,1.04381,1.01531
95,117,1,0.05,0.3,0.5,0.001,0.96754,0.9468
96,117,1,0.05,0.3,0.5,0.001,1.31911,1.31575
97,117,1,0.05,0.3,0.5,0.001,1.05745,1.0176
98,117,1,0.05,0.3,0.5,0.001,1.39393,1.36708
99,117,1,0.05,0.3,0.5,0.001,1.3647,1.34421
0,117,1,0.2,0.3,0.5,0.001,1.26039,1.26048
1,117,1,0.2,0.3,0.5,0.001,1.38252,1.38232
2,117,1,0.2,0.3,0.5,0.001,1.22133,1.22154
3,117,1,0.2,0.3,0.5,0.001,1.26046,1.26098
4,117,1,0.2,0.3,0.5,0.001,1.1533,1.15352
5,117,1,0.2,0.3,0.5,0.001,1.22874,1.22809
6,117,1,0.2,0.3,0.5,0.001,1.15759,1.15741
7,117,1,0.2,0.3,0.5,0.001,1.32757,1.32867
8,117,1,0.2,0.3,0.5,0.001,1.28959,1.2884
9,117,1,0.2,0.3,0.5,0.001,1.15532,1.15454
10,117,1,0.2,0.3,0.5,0.001,1.22597,1.22609
11,117,1,0.2,0.3,0.5,0.001,1.1722,1.1726
12,117,1,0.2,0.3,0.5,0.001,1.11434,1.11453
13,117,1,0.2,0.3,0.5,0.001,1.21221,1.21216
14,117,1,0.2,0.3,0.5,0.001,1.27673,1.277
15,117,1,0.2,0.3,0.5,0.001,1.17253,1.17227
16,117,1,0.2,0.3,0.5,0.001,1.0978,1.09819
17,117,1,0.2,0.3,0.5,0.001,1.36199,1.36213
18,117,1,0.2,0.3,0.5,0.001,1.10248,1.10378
19,117,1,0.2,0.3,0.5,0.001,1.11947,1.11997
20,117,1,0.2,0.3,0.5,0.001,1.10238,1.10243
21,117,1,0.2,0.3,0.5,0.001,1.45287,1.45366
22,117,1,0.2,0.3,0.5,0.001,1.23173,1.23154
23,117,1,0.2,0.3,0.5,0.001,1.18798,1.18808
24,117,1,0.2,0.3,0.5,0.001,1.24408,1.24447
25,117,1,0.2,0.3,0.5,0.001,1.26612,1.26576
26,117,1,0.2,0.3,0.5,0.001,1.10211,1.10195
27,117,1,0.2,0.3,0.5,0.001,1.14998,1.15067
28,117,1,0.2,0.3,0.5,0.001,1.10611,1.10564
29,117,1,0.2,0.3,0.5,0.001,1.20141,1.20123
30,117,1,0.2,0.3,0.5,0.001,1.12635,1.12717
31,117,1,0.2,0.3,0.5,0.001,1.31475,1.31471
32,117,1,0.2,0.3,0.5,0.001,1.12523,1.12467
33,117,1,0.2,0.3,0.5,0.001,1.14935,1.15011
34,117,1,0.2,0.3,0.5,0.001,1.13493,1.13642
35,117,1,0.2,0.3,0.5,0.001,1.26417,1.26388
36,117,1,0.2,0.3,0.5,0.001,1.18784,1.18637
37,117,1,0.2,0.3,0.5,0.001,1.10581,1.10593
38,117,1,0.2,0.3,0.5,0.001,1.43254,1.43207
39,117,1,0.2,0.3,0.5,0.001,1.2315,1.23281
40,117,1,0.2,0.3,0.5,0.001,1.08561,1.08525
41,117,1,0.2,0.3,0.5,0.001,1.13236,1.13272
42,117,1,0.2,0.3,0.5,0.001,1.11806,1.11833
43,117,1,0.2,0.3,0.5,0.001,1.16429,1.16439
44,117,1,0.2,0.3,0.5,0.001,1.13335,1.13233
45,117,1,0.2,0.3,0.5,0.001,1.19752,1.19752
46,117,1,0.2,0.3,0.5,0.001,1.12069,1.12125
47,117,1,0.2,0.3,0.5,0.001,1.25386,1.25349
48,117,1,0.2,0.3,0.5,0.001,1.38413,1.38438
49,117,1,0.2,0.3,0.5,0.001,1.17222,1.17213
50,117,1,0.2,0.3,0.5,0.001,1.14801,1.14718
51,117,1,0.2,0.3,0.5,0.001,1.16215,1.16259
52,117,1,0.2,0.3,0.5,0.001,1.13613,1.13571
53,117,1,0.2,0.3,0.5,0.001,1.16116,1.1608
54,117,1,0.2,0.3,0.5,0.001,1.28116,1.28125
55,117,1,0.2,0.3,0.5,0.001,1.15314,1.1536
56,117,1,0.2,0.3,0.5,0.001,1.49937,1.49936
57,117,1,0.2,0.3,0.5,0.001,1.18637,1.18563
58,117,1,0.2,0.3,0.5,0.001,1.10012,1.10064
59,117,1,0.2,0.3,0.5,0.001,1.36866,1.36853
60,117,1,0.2,0.3,0.5,0.001,1.2516,1.25122
61,117,1,0.2,0.3,0.5,0.001,1.16432,1.16299
62,117,1,0.2,0.3,0.5,0.001,1.20823,1.20912
63,117,1,0.2,0.3,0.5,0.001,1.14895,1.14933
64,117,1,0.2,0.3,0.5,0.001,1.11379,1.11435
65,117,1,0.2,0.3,0.5,0.001,1.21118,1.21098
66,117,1,0.2,0.3,0.5,0.001,1.28896,1.2884
67,117,1,0.2,0.3,0.5,0.001,1.1808,1.18072
68,117,1,0.2,0.3,0.5,0.001,1.13219,1.13143
69,117,1,0.2,0.3,0.5,0.001,1.36424,1.36339
70,117,1,0.2,0.3,0.5,0.001,1.55255,1.55285
71,117,1,0.2,0.3,0.5,0.001,1.38763,1.38847
72,117,1,0.2,0.3,0.5,0.001,1.1357,1.13507
73,117,1,0.2,0.3,0.5,0.001,1.14017,1.13963
74,117,1,0.2,0.3,0.5,0.001,1.19191,1.19303
75,117,1,0.2,0.3,0.5,0.001,1.26843,1.26751
76,117,1,0.2,0.3,0.5,0.001,1.26878,1.26865
77,117,1,0.2,0.3,0.5,0.001,1.1624,1.16356
78,117,1,0.2,0.3,0.5,0.001,1.26254,1.26233
79,117,1,0.2,0.3,0.5,0.001,1.06472,1.06386
80,117,1,0.2,0.3,0.5,0.001,1.12383,1.1232
81,117,1,0.2,0.3,0.5,0.001,1.29402,1.29384
82,117,1,0.2,0.3,0.5,0.001,1.14717,1.14756
83,117,1,0.2,0.3,0.5,0.001,1.20601,1.20552
84,117,1,0.2,0.3,0.5,0.001,1.18855,1.1883
85,117,1,0.2,0.3,0.5,0.001,1.13657,1.13634
86,117,1,0.2,0.3,0.5,0.001,1.144,1.14344
87,117,1,0.2,0.3,0.5,0.001,1.15172,1.15164
88,117,1,0.2,0.3,0.5,0.001,1.33098,1.33073
89,117,1,0.2,0.3,0.5,0.001,1.17488,1.17551
90,117,1,0.2,0.3,0.5,0.001,1.19986,1.19999
91,117,1,0.2,0.3,0.5,0.001,1.22688,1.22649
92,117,1,0.2,0.3,0.5,0.001,1.16257,1.16181
93,117,1,0.2,0.3,0.5,0.001,1.26643,1.26677
94,117,1,0.2,0.3,0.5,0.001,1.17498,1.17472
95,117,1,0.2,0.3,0.5,0.001,1.23321,1.23258
96,117,1,0.2,0.3,0.5,0.001,1.14496,1.145
97,117,1,0.2,0.3,0.5,0.001,1.16083,1.16038
98,117,1,0.2,0.3,0.5,0.001,1.18315,1.18336
99,117,1,0.2,0.3,0.5,0.001,1.14745,1.14754
0,138,1,0.01,0.3,0.5,0.001,2.74463,0.87087
1,138,1,0.01,0.3,0.5,0.001,2.75947,0.85419
2,138,1,0.01,0.3,0.5,0.001,2.74653,0.83457
3,138,1,0.01,0.3,0.5,0.001,2.77246,1.01159
4,138,1,0.01,0.3,0.5,0.001,2.76737,0.87663
5,138,1,0.01,0.3,0.5,0.001,2.7341,0.8118
6,138,1,0.01,0.3,0.5,0.001,2.70079,0.74457
7,138,1,0.01,0.3,0.5,0.001,2.70285,0.69996
8,138,1,0.01,0.3,0.5,0.001,2.76562,0.96716
9,138,1,0.01,0.3,0.5,0.001,2.8055,0.98936
10,138,1,0.01,0.3,0.5,0.001,2.78252,1.05519
11,138,1,0.01,0.3,0.5,0.001,2.83859,1.14138
12,138,1,0.01,0.3,0.5,0.001,2.73982,0.81191
13,138,1,0.01,0.3,0.5,0.001,2.80627,1.03733
14,138,1,0.01,0.3,0.5,0.001,2.88316,1.25854
15,138,1,0.01,0.3,0.5,0.001,2.73331,0.80964
16,138,1,0.01,0.3,0.5,0.001,2.73194,0.81936
17,138,1,0.01,0.3,0.5,0.001,2.7214,0.79901
18,138,1,0.01,0.3,0.5,0.001,2.81527,1.09039
19,138,1,0.01,0.3,0.5,0.001,2.73804,0.80813
20,138,1,0.01,0.3,0.5,0.001,2.70456,0.73262
21,138,1,0.01,0.3,0.5,0.001,2.72589,0.82112
22,138,1,0.01,0.3,0.5,0.001,2.76686,0.97838
23,138,1,0.01,0.3,0.5,0.001,2.76936,0.91376
24,138,1,0.01,0.3,0.5,0.001,2.83823,1.17228
25,138,1,0.01,0.3,0.5,0.001,2.76129,0.87925
26,138,1,0.01,0.3,0.5,0.001,2.78114,0.95753
27,138,1,0.01,0.3,0.5,0.001,2.72999,0.76827
28,138,1,0.01,0.3,0.5,0.001,2.71336,0.80096
29,138,1,0.01,0.3,0.5,0.001,2.72436,0.866
30,138,1,0.01,0.3,0.5,0.001,2.7344,0.85083
31,138,1,0.01,0.3,0.5,0.001,2.78155,0.91976
32,138,1,0.01,0.3,0.5,0.001,2.70358,0.77796
33,138,1,0.01,0.3,0.5,0.001,2.68476,0.69756
34,138,1,0.01,0.3,0.5,0.001,2.71962,0.83859
35,138,1,0.01,0.3,0.5,0.001,2.68277,0.62254
36,138,1,0.01,0.3,0.5,0.001,2.86798,1.20138
37,138,1,0.01,0.3,0.5,0.001,2.74719,0.84773
38,138,1,0.01,0.3,0.5,0.001,2.78564,1.06459
39,138,1,0.01,0.3,0.5,0.001,2.84682,1.17663
40,138,1,0.01,0.3,0.5,0.001,2.73811,0.81857
41,138,1,0.01,0.3,0.5,0.001,2.76316,0.88041
42,138,1,0.01,0.3,0.5,0.001,2.72359,0.81957
43,138,1,0.01,0.3,0.5,0.001,2.73959,0.83923
44,138,1,0.01,0.3,0.5,0.001,2.75833,0.88845
45,138,1,0.01,0.3,0.5,0.001,2.68663,0.68129
46,138,1,0.01,0.3,0.5,0.001,2.80557,1.01211
47,138,1,0.01,0.3,0.5,0.001,2.76352,0.93699
48,138,1,0.01,0.3,0.5,0.001,2.6814,0.67646
49,138,1,0.01,0.3,0.5,0.001,2.78405,1.01494
50,138,1,0.01,0.3,0.5,0.001,2.84969,1.23663
51,138,1,0.01,0.3,0.5,0.001,2.76879,0.93114
52,138,1,0.01,0.3,0.5,0.001,2.71894,0.81512
53,138,1,0.01,0.3,0.5,0.001,2.88606,1.31759
54,138,1,0.01,0.3,0.5,0.001,2.78454,0.94683
55,138,1,0.01,0.3,0.5,0.001,2.73509,0.83627
56,138,1,0.01,0.3,0.5,0.001,2.74043,0.87679
57,138,1,0.01,0.3,0.5,0.001,2.77165,0.93988
58,138,1,0.01,0.3,0.5,0.001,2.73165,0.83919
59,138,1,0.01,0.3,0.5,0.001,2.75042,0.89251
60,138,1,0.01,0.3,0.5,0.001,2.80095,0.93276
61,138,1,0.01,0.3,0.5,0.001,2.79088,1.02761
62,138,1,0.01,0.3,0.5,0.001,2.75279,0.90962
63,138,1,0.01,0.3,0.5,0.001,2.69638,0.70162
64,138,1,0.01,0.3,0.5,0.001,2.72956,0.81174
65,138,1,0.01,0.3,0.5,0.001,2.80758,1.01198
66,138,1,0.01,0.3,0.5,0.001,2.77571,0.92852
67,138,1,0.01,0.3,0.5,0.001,2.70104,0.71535
68,138,1,0.01,0.3,0.5,0.001,2.71856,0.70958
69,138,1,0.01,0.3,0.5,0.001,2.82013,1.01279
70,138,1,0.01,0.3,0.5,0.001,2.70008,0.68755
71,138,1,0.01,0.3,0.5,0.001,2.98828,1.50519
72,138,1,0.01,0.3,0.5,0.001,2.84475,1.06931
73,138,1,0.01,0.3,0.5,0.001,2.83056,1.06958
74,138,1,0.01,0.3,0.5,0.001,2.71614,0.77729
75,138,1,0.01,0.3,0.5,0.001,2.80937,1.05304
76,138,1,0.01,0.3,0.5,0.001,2.80097,1.09678
77,138,1,0.01,0.3,0.5,0.001,2.71627,0.76655
78,138,1,0.01,0.3,0.5,0.001,2.77018,0.9005
79,138,1,0.01,0.3,0.5,0.001,2.72702,0.84197
80,138,1,0.01,0.3,0.5,0.001,2.82729,1.1817
81,138,1,0.01,0.3,0.5,0.001,2.75662,0.90821
82,138,1,0.01,0.3,0.5,0.001,2.78091,0.98746
83,138,1,0.01,0.3,0.5,0.001,2.72192,0.82325
84,138,1,0.01,0.3,0.5,0.001,2.72363,0.75998
85,138,1,0.01,0.3,0.5,0.001,2.73283,0.82984
86,138,1,0.01,0.3,0.5,0.001,2.69227,0.72665
87,138,1,0.01,0.3,0.5,0.001,2.80182,1.04551
88,138,1,0.01,0.3,0.5,0.001,2.77885,0.92349
89,138,1,0.01,0.3,0.5,0.001,2.77265,0.94434
90,138,1,0.01,0.3,0.5,0.001,2.70515,0.7153
91,138,1,0.01,0.3,0.5,0.001,2.708,0.7994
92,138,1,0.01,0.3,0.5,0.001,2.81422,1.07801
93,138,1,0.01,0.3,0.5,0.001,2.7929,0.95849
94,138,1,0.01,0.3,0.5,0.001,2.68944,0.61418
95,138,1,0.01,0.3,0.5,0.001,2.76385,0.87357
96,138,1,0.01,0.3,0.5,0.001,2.76356,0.88424
97,138,1,0.01,0.3,0.5,0.001,2.7726,0.9138
98,138,1,0.01,0.3,0.5,0.001,2.77284,0.92651
99,138,1,0.01,0.3,0.5,0.001,2.84236,1.16185
0,138,1,0.05,0.3,0.5,0.001,1.02649,0.99362
1,138,1,0.05,0.3,0.5,0.001,1.14138,1.14742
2,138,1,0.05,0.3,0.5,0.001,1.07267,1.03584
3,138,1,0.05,0.3,0.5,0.001,0.93613,0.93724
4,138,1,0.05,0.3,0.5,0.001,0.94905,0.91248
5,138,1,0.05,0.3,0.5,0.001,1.03564,1.01029
6,138,1,0.05,0.3,0.5,0.001,1.06553,1.05303
7,138,1,0.05,0.3,0.5,0.001,1.05948,1.01509
8,138,1,0.05,0.3,0.5,0.001,1.1286,1.1034
9,138,1,0.05,0.3,0.5,0.001,1.01654,1.01652
10,138,1,0.05,0.3,0.5,0.001,0.97436,0.95373
11,138,1,0.05,0.3,0.5,0.001,1.04862,0.97196
12,138,1,0.05,0.3,0.5,0.001,1.1057,1.10041
13,138,1,0.05,0.3,0.5,0.001,0.98681,0.95254
14,138,1,0.05,0.3,0.5,0.001,0.87114,0.86162
15,138,1,0.05,0.3,0.5,0.001,0.89785,0.88004
16,138,1,0.05,0.3,0.5,0.001,1.33192,1.29717
17,138,1,0.05,0.3,0.5,0.001,1.0956,1.03467
18,138,1,0.05,0.3,0.5,0.001,0.99989,0.97811
19,138,1,0.05,0.3,0.5,0.001,1.11849,1.12344
20,138,1,0.05,0.3,0.5,0.001,0.92581,0.91071
21,138,1,0.05,0.3,0.5,0.001,0.92323,0.89726
22,138,1,0.05,0.3,0.5,0.001,1.11174,1.06752
23,138,1,0.05,0.3,0.5,0.001,0.98139,0.98734
24,138,1,0.05,0.3,0.5,0.001,1.08166,1.06411
25,138,1,0.05,0.3,0.5,0.001,1.03245,0.99461
26,138,1,0.05,0.3,0.5,0.001,1.19982,1.16869
27,138,1,0.05,0.3,0.5,0.001,1.18198,1.16298
28,138,1,0.05,0.3,0.5,0.001,1.06982,1.06477
29,138,1,0.05,0.3,0.5,0.001,0.98157,0.92648
30,138,1,0.05,0.3,0.5,0.001,0.92958,0.93925
31,138,1,0.05,0.3,0.5,0.001,1.21202,1.18293
32,138,1,0.05,0.3,0.5,0.001,1.22404,1.22175
33,138,1,0.05,0.3,0.5,0.001,1.03725,1.02132
34,138,1,0.05,0.3,0.5,0.001,1.15194,1.11313
35,138,1,0.05,0.3,0.5,0.001,0.96961,0.93255
36,138,1,0.05,0.3,0.5,0.001,1.06539,1.06347
37,138,1,0.05,0.3,0.5,0.001,1.02808,1.01781
38,138,1,0.05,0.3,0.5,0.001,0.89692,0.87113
39,138,1,0.05,0.3,0.5,0.001,1.11591,1.11002
40,138,1,0.05,0.3,0.5,0.001,1.23725,1.25096
41,138,1,0.05,0.3,0.5,0.001,0.99142,0.9569
42,138,1,0.05,0.3,0.5,0.001,1.11131,1.05254
43,138,1,0.05,0.3,0.5,0.001,1.01503,0.96328
44,138,1,0.05,0.3,0.5,0.001,1.01682,1.01468
45,138,1,0.05,0.3,0.5,0.001,1.05784,1.03441
46,138,1,0.05,0.3,0.5,0.001,1.16455,1.14492
47,138,1,0.05,0.3,0.5,0.001,1.05586,1.02404
48,138,1,0.05,0.3,0.5,0.001,1.08086,1.04407
49,138,1,0.05,0.3,0.5,0.001,1.00753,1.02702
50,138,1,0.05,0.3,0.5,0.001,1.14252,1.15518
51,138,1,0.05,0.3,0.5,0.001,1.05097,1.00704
52,138,1,0.05,0.3,0.5,0.001,0.87392,0.89082
53,138,1,0.05,0.3,0.5,0.001,1.07296,1.03086
54,138,1,0.05,0.3,0.5,0.001,0.97344,0.9609
55,138,1,0.05,0.3,0.5,0.001,1.01323,1.00554
56,138,1,0.05,0.3,0.5,0.001,1.09201,1.06245
57,138,1,0.05,0.3,0.5,0.001,0.95543,0.92026
58,138,1,0.05,0.3,0.5,0.001,1.00412,0.98455
59,138,1,0.05,0.3,0.5,0.001,1.04748,1.03925
60,138,1,0.05,0.3,0.5,0.001,0.97627,0.97671
61,138,1,0.05,0.3,0.5,0.001,1.06286,1.02552
62,138,1,0.05,0.3,0.5,0.001,1.10428,1.09664
63,138,1,0.05,0.3,0.5,0.001,1.20548,1.18058
64,138,1,0.05,0.3,0.5,0.001,1.01111,0.96813
65,138,1,0.05,0.3,0.5,0.001,1.07771,1.05827
66,138,1,0.05,0.3,0.5,0.001,1.10909,1.06275
67,138,1,0.05,0.3,0.5,0.001,0.99442,0.9498
68,138,1,0.05,0.3,0.5,0.001,0.96443,0.91339
69,138,1,0.05,0.3,0.5,0.001,0.9702,0.94356
70,138,1,0.05,0.3,0.5,0.001,0.96506,0.90838
71,138,1,0.05,0.3,0.5,0.001,1.00258,0.98036
72,138,1,0.05,0.3,0.5,0.001,1.04135,1.00176
73,138,1,0.05,0.3,0.5,0.001,1.02422,0.99661
74,138,1,0.05,0.3,0.5,0.001,1.10691,1.06214
75,138,1,0.05,0.3,0.5,0.001,1.1703,1.14083
76,138,1,0.05,0.3,0.5,0.001,1.08059,1.08381
77,138,1,0.05,0.3,0.5,0.001,0.98736,0.96871
78,138,1,0.05,0.3,0.5,0.001,0.87342,0.88456
79,138,1,0.05,0.3,0.5,0.001,1.18471,1.12963
80,138,1,0.05,0.3,0.5,0.001,0.9095,0.88514
81,138,1,0.05,0.3,0.5,0.001,1.0289,0.98104
82,138,1,0.05,0.3,0.5,0.001,1.1254,1.07018
83,138,1,0.05,0.3,0.5,0.001,1.05712,1.03564
84,138,1,0.05,0.3,0.5,0.001,1.13527,1.11269
85,138,1,0.05,0.3,0.5,0.001,1.02086,0.97404
86,138,1,0.05,0.3,0.5,0.001,1.03967,1.01783
87,138,1,0.05,0.3,0.5,0.001,1.23711,1.21513
88,138,1,0.05,0.3,0.5,0.001,0.91387,0.91126
89,138,1,0.05,0.3,0.5,0.001,1.04172,1.01461
90,138,1,0.05,0.3,0.5,0.001,1.40294,1.38518
91,138,1,0.05,0.3,0.5,0.001,1.17799,1.14688
92,138,1,0.05,0.3,0.5,0.001,1.08774,1.04283
93,138,1,0.05,0.3,0.5,0.001,1.10201,1.07707
94,138,1,0.05,0.3,0.5,0.001,1.11455,1.09954
95,138,1,0.05,0.3,0.5,0.001,1.06778,1.03824
96,138,1,0.05,0.3,0.5,0.001,0.99002,0.95096
97,138,1,0.05,0.3,0.5,0.001,1.04695,1.02035
98,138,1,0.05,0.3,0.5,0.001,1.02584,1.01845
99,138,1,0.05,0.3,0.5,0.001,1.01847,0.99645
0,138,1,0.2,0.3,0.5,0.001,1.23249,1.23243
1,138,1,0.2,0.3,0.5,0.001,1.0657,1.06596
2,138,1,0.2,0.3,0.5,0.001,1.08372,1.08433
3,138,1,0.2,0.3,0.5,0.001,1.02462,1.02557
4,138,1,0.2,0.3,0.5,0.001,1.13815,1.1381
5,138,1,0.2,0.3,0.5,0.001,1.15418,1.15457
6,138,1,0.2,0.3,0.5,0.001,1.25459,1.25451
7,138,1,0.2,0.3,0.5,0.001,1.09919,1.09872
8,138,1,0.2,0.3,0.5,0.001,1.07537,1.07596
9,138,1,0.2,0.3,0.5,0.001,1.10505,1.10454
10,138,1,0.2,0.3,0.5,0.001,1.04637,1.04577
11,138,1,0.2,0.3,0.5,0.001,1.08942,1.09007
12,138,1,0.2,0.3,0.5,0.001,1.16958,1.16976
13,138,1,0.2,0.3,0.5,0.001,1.20048,1.19943
14,138,1,0.2,0.3,0.5,0.001,1.09467,1.09455
15,138,1,0.2,0.3,0.5,0.001,1.10655,1.10624
16,138,1,0.2,0.3,0.5,0.001,1.02921,1.02938
17,138,1,0.2,0.3,0.5,0.001,1.18086,1.17989
18,138,1,0.2,0.3,0.5,0.001,1.16364,1.16388
19,138,1,0.2,0.3,0.5,0.001,1.0473,1.04726
20,138,1,0.2,0.3,0.5,0.001,1.04595,1.04598
21,138,1,0.2,0.3,0.5,0.001,1.04865,1.04934
22,138,1,0.2,0.3,0.5,0.001,0.96962,0.96975
23,138,1,0.2,0.3,0.5,0.001,1.05828,1.05853
24,138,1,0.2,0.3,0.5,0.001,1.12802,1.12829
25,138,1,0.2,0.3,0.5,0.001,1.10392,1.1039
26,138,1,0.2,0.3,0.5,0.001,1.29551,1.29534
27,138,1,0.2,0.3,0.5,0.001,1.14573,1.14609
28,138,1,0.2,0.3,0.5,0.001,1.02462,1.02463
29,138,1,0.2,0.3,0.5,0.001,1.05565,1.05637
30,138,1,0.2,0.3,0.5,0.001,0.99747,0.99766
31,138,1,0.2,0.3,0.5,0.001,1.04471,1.04455
32,138,1,0.2,0.3,0.5,0.001,1.0635,1.06392
33,138,1,0.2,0.3,0.5,0.001,1.05533,1.05574
34,138,1,0.2,0.3,0.5,0.001,1.16743,1.16756
35,138,1,0.2,0.3,0.5,0.001,1.11292,1.11353
36,138,1,0.2,0.3,0.5,0.001,1.07337,1.0734
37,138,1,0.2,0.3,0.5,0.001,1.05663,1.05756
38,138,1,0.2,0.3,0.5,0.001,1.05367,1.05468
39,138,1,0.2,0.3,0.5,0.001,1.10561,1.10645
40,138,1,0.2,0.3,0.5,0.001,1.09877,1.09884
41,138,1,0.2,0.3,0.5,0.001,1.14662,1.14671
42,138,1,0.2,0.3,0.5,0.001,1.19622,1.19706
43,138,1,0.2,0.3,0.5,0.001,1.19989,1.19972
44,138,1,0.2,0.3,0.5,0.001,1.02446,1.02419
45,138,1,0.2,0.3,0.5,0.001,1.07206,1.07097
46,138,1,0.2,0.3,0.5,0.001,1.10276,1.10289
47,138,1,0.2,0.3,0.5,0.001,1.05035,1.05156
48,138,1,0.2,0.3,0.5,0.001,1.00938,1.00967
49,138,1,0.2,0.3,0.5,0.001,1.10347,1.10426
50,138,1,0.2,0.3,0.5,0.001,1.01164,1.01178
51,138,1,0.2,0.3,0.5,0.001,1.09322,1.09295
52,138,1,0.2,0.3,0.5,0.001,1.06929,1.06924
53,138,1,0.2,0.3,0.5,0.001,1.04838,1.04831
54,138,1,0.2,0.3,0.5,0.001,1.05457,1.05511
55,138,1,0.2,0.3,0.5,0.001,1.06103,1.06127
56,138,1,0.2,0.3,0.5,0.001,1.09303,1.09267
57,138,1,0.2,0.3,0.5,0.001,1.11678,1.11682
58,138,1,0.2,0.3,0.5,0.001,1.02349,1.02269
59,138,1,0.2,0.3,0.5,0.001,1.08032,1.07958
60,138,1,0.2,0.3,0.5,0.001,1.00116,1.00088
61,138,1,0.2,0.3,0.5,0.001,1.0187,1.01894
62,138,1,0.2,0.3,0.5,0.001,1.2313,1.23015
63,138,1,0.2,0.3,0.5,0.001,1.07393,1.0732
64,138,1,0.2,0.3,0.5,0.001,1.03112,1.03137
65,138,1,0.2,0.3,0.5,0.001,1.05381,1.05364
66,138,1,0.2,0.3,0.5,0.001,1.13128,1.13169
67,138,1,0.2,0.3,0.5,0.001,1.12962,1.12973
68,138,1,0.2,0.3,0.5,0.001,1.08843,1.09
69,138,1,0.2,0.3,0.5,0.001,1.00229,1.00139
70,138,1,0.2,0.3,0.5,0.001,1.25992,1.25968
71,138,1,0.2,0.3,0.5,0.001,1.05993,1.06022
72,138,1,0.2,0.3,0.5,0.001,1.03563,1.03645
73,138,1,0.2,0.3,0.5,0.001,1.19875,1.19927
74,138,1,0.2,0.3,0.5,0.001,1.04012,1.0404
75,138,1,0.2,0.3,0.5,0.001,1.08809,1.08759
76,138,1,0.2,0.3,0.5,0.001,1.15397,1.15394
77,138,1,0.2,0.3,0.5,0.001,1.01163,1.01247
78,138,1,0.2,0.3,0.5,0.001,1.12515,1.12512
79,138,1,0.2,0.3,0.5,0.001,1.0371,1.03616
80,138,1,0.2,0.3,0.5,0.001,1.14531,1.14438
81,138,1,0.2,0.3,0.5,0.001,1.0532,1.05336
82,138,1,0.2,0.3,0.5,0.001,0.97447,0.97423
83,138,1,0.2,0.3,0.5,0.001,1.11724,1.11761
84,138,1,0.2,0.3,0.5,0.001,1.15662,1.15704
85,138,1,0.2,0.3,0.5,0.001,1.10093,1.10134
86,138,1,0.2,0.3,0.5,0.001,1.0517,1.05199
87,138,1,0.2,0.3,0.5,0.001,1.10646,1.10666
88,138,1,0.2,0.3,0.5,0.001,1.10746,1.10808
89,138,1,0.2,0.3,0.5,0.001,1.14648,1.14734
90,138,1,0.2,0.3,0.5,0.001,1.09069,1.09057
91,138,1,0.2,0.3,0.5,0.001,1.07696,1.07635
92,138,1,0.2,0.3,0.5,0.001,1.13386,1.13317
93,138,1,0.2,0.3,0.5,0.001,1.18391,1.18386
94,138,1,0.2,0.3,0.5,0.001,1.12301,1.12292
95,138,1,0.2,0.3,0.5,0.001,1.06079,1.06099
96,138,1,0.2,0.3,0.5,0.001,1.03662,1.03726
97,138,1,0.2,0.3,0.5,0.001,1.09594,1.095
98,138,1,0.2,0.3,0.5,0.001,1.09532,1.09495
99,138,1,0.2,0.3,0.5,0.001,1.11524,1.11623
0,163,1,0.01,0.3,0.5,0.001,2.73573,0.83437
1,163,1,0.01,0.3,0.5,0.001,2.72791,0.73151
2,163,1,0.01,0.3,0.5,0.001,2.74355,0.83064
3,163,1,0.01,0.3,0.5,0.001,2.71081,0.6219
4,163,1,0.01,0.3,0.5,0.001,2.67481,0.67397
5,163,1,0.01,0.3,0.5,0.001,2.69803,0.65224
6,163,1,0.01,0.3,0.5,0.001,2.80582,1.04318
7,163,1,0.01,0.3,0.5,0.001,2.75355,0.88881
8,163,1,0.01,0.3,0.5,0.001,2.73757,0.77929
9,163,1,0.01,0.3,0.5,0.001,2.7196,0.75507
10,163,1,0.01,0.3,0.5,0.001,2.7861,0.96682
11,163,1,0.01,0.3,0.5,0.001,2.73402,0.84731
12,163,1,0.01,0.3,0.5,0.001,2.72671,0.75543
13,163,1,0.01,0.3,0.5,0.001,2.72649,0.80825
14,163,1,0.01,0.3,0.5,0.001,2.72068,0.76617
15,163,1,0.01,0.3,0.5,0.001,2.75523,0.86004
16,163,1,0.01,0.3,0.5,0.001,2.7363,0.85914
17,163,1,0.01,0.3,0.5,0.001,2.74377,0.81795
18,163,1,0.01,0.3,0.5,0.001,2.69661,0.67777
19,163,1,0.01,0.3,0.5,0.001,2.66318,0.53435
20,163,1,0.01,0.3,0.5,0.001,2.6913,0.71498
21,163,1,0.01,0.3,0.5,0.001,2.76709,0.90214
22,163,1,0.01,0.3,0.5,0.001,3.00587,1.56367
23,163,1,0.01,0.3,0.5,0.001,2.72203,0.80803
24,163,1,0.01,0.3,0.5,0.001,2.74992,0.81014
25,163,1,0.01,0.3,0.5,0.001,2.7618,0.91813
26,163,1,0.01,0.3,0.5,0.001,2.80571,1.05433
27,163,1,0.01,0.3,0.5,0.001,2.72682,0.85853
28,163,1,0.01,0.3,0.5,0.001,2.70823,0.74951
29,163,1,0.01,0.3,0.5,0.001,2.69751,0.69608
30,163,1,0.01,0.3,0.5,0.001,2.7061,0.77384
31,163,1,0.01,0.3,0.5,0.001,2.69895,0.76895
32,163,1,0.01,0.3,0.5,0.001,2.68798,0.66095
33,163,1,0.01,0.3,0.5,0.001,2.67993,0.62416
34,163,1,0.01,0.3,0.5,0.001,2.75423,0.93295
35,163,1,0.01,0.3,0.5,0.001,2.71263,0.72189
36,163,1,0.01,0.3,0.5,0.001,2.69536,0.67871
37,163,1,0.01,0.3,0.5,0.001,2.74468,0.80687
38,163,1,0.01,0.3,0.5,0.001,2.72559,0.76689
39,163,1,0.01,0.3,0.5,0.001,2.73445,0.77289
40,163,1,0.01,0.3,0.5,0.001,2.75581,0.83022
41,163,1,0.01,0.3,0.5,0.001,2.71851,0.7907
42,163,1,0.01,0.3,0.5,0.001,2.72345,0.82995
43,163,1,0.01,0.3,0.5,0.001,2.67351,0.63416
44,163,1,0.01,0.3,0.5,0.001,2.74958,0.86617
45,163,1,0.01,0.3,0.5,0.001,2.71568,0.72615
46,163,1,0.01,0.3,0.5,0.001,2.73626,0.78255
47,163,1,0.01,0.3,0.5,0.001,2.70464,0.74271
48,163,1,0.01,0.3,0.5,0.001,2.73146,0.84666
49,163,1,0.01,0.3,0.5,0.001,2.72896,0.81931
50,163,1,0.01,0.3,0.5,0.001,2.69338,0.67774
51,163,1,0.01,0.3,0.5,0.001,2.7318,0.83931
52,163,1,0.01,0.3,0.5,0.001,2.69772,0.77231
53,163,1,0.01,0.3,0.5,0.001,2.72435,0.76684
54,163,1,0.01,0.3,0.5,0.001,2.82664,1.14423
55,163,1,0.01,0.3,0.5,0.001,2.71819,0.78693
56,163,1,0.01,0.3,0.5,0.001,2.69862,0.70957
57,163,1,0.01,0.3,0.5,0.001,2.68473,0.66177
58,163,1,0.01,0.3,0.5,0.001,2.73848,0.85733
59,163,1,0.01,0.3,0.5,0.001,2.70739,0.79584
60,163,1,0.01,0.3,0.5,0.001,2.72102,0.82595
61,163,1,0.01,0.3,0.5,0.001,2.67951,0.66138
62,163,1,0.01,0.3,0.5,0.001,2.70951,0.75184
63,163,1,0.01,0.3,0.5,0.001,2.74947,0.95664
64,163,1,0.01,0.3,0.5,0.001,2.75261,0.86495
65,163,1,0.01,0.3,0.5,0.001,2.69105,0.7003
66,163,1,0.01,0.3,0.5,0.001,2.69776,0.70986
67,163,1,0.01,0.3,0.5,0.001,2.74869,0.86362
68,163,1,0.01,0.3,0.5,0.001,2.73064,0.79074
69,163,1,0.01,0.3,0.5,0.001,2.70563,0.72916
70,163,1,0.01,0.3,0.5,0.001,2.72849,0.71822
71,163,1,0.01,0.3,0.5,0.001,2.73291,0.81668
72,163,1,0.01,0.3,0.5,0.001,2.76248,0.91423
73,163,1,0.01,0.3,0.5,0.001,2.71146,0.70024
74,163,1,0.01,0.3,0.5,0.001,2.73395,0.84579
75,163,1,0.01,0.3,0.5,0.001,2.69278,0.68794
76,163,1,0.01,0.3,0.5,0.001,2.79573,1.0392
77,163,1,0.01,0.3,0.5,0.001,2.72462,0.77807
78,163,1,0.01,0.3,0.5,0.001,2.70884,0.68196
79,163,1,0.01,0.3,0.5,0.001,2.69492,0.69981
80,163,1,0.01,0.3,0.5,0.001,2.66191,0.58016
81,163,1,0.01,0.3,0.5,0.001,2.72765,0.80937
82,163,1,0.01,0.3,0.5,0.001,2.69243,0.69853
83,163,1,0.01,0.3,0.5,0.001,2.70973,0.70841
84,163,1,0.01,0.3,0.5,0.001,2.76169,1.00181
85,163,1,0.01,0.3,0.5,0.001,2.70393,0.70052
86,163,1,0.01,0.3,0.5,0.001,2.7046,0.74182
87,163,1,0.01,0.3,0.5,0.001,2.71883,0.73696
88,163,1,0.01,0.3,0.5,0.001,2.69795,0.71172
89,163,1,0.01,0.3,0.5,0.001,2.74238,0.79944
90,163,1,0.01,0.3,0.5,0.001,2.68487,0.67777
91,163,1,0.01,0.3,0.5,0.001,2.76484,0.90517
92,163,1,0.01,0.3,0.5,0.001,2.70057,0.75219
93,163,1,0.01,0.3,0.5,0.001,2.70252,0.75198
94,163,1,0.01,0.3,0.5,0.001,2.6941,0.67893
95,163,1,0.01,0.3,0.5,0.001,2.69264,0.69046
96,163,1,0.01,0.3,0.5,0.001,2.72603,0.75578
97,163,1,0.01,0.3,0.5,0.001,2.70324,0.65939
98,163,1,0.01,0.3,0.5,0.001,2.73708,0.8922
99,163,1,0.01,0.3,0.5,0.001,2.72617,0.8809
0,163,1,0.05,0.3,0.5,0.001,0.94644,0.90099
1,163,1,0.05,0.3,0.5,0.001,0.96161,0.91594
2,163,1,0.05,0.3,0.5,0.001,0.9615,0.9432
3,163,1,0.05,0.3,0.5,0.001,0.96004,0.92042
4,163,1,0.05,0.3,0.5,0.001,0.86643,0.82752
5,163,1,0.05,0.3,0.5,0.001,0.9786,0.95873
6,163,1,0.05,0.3,0.5,0.001,0.93809,0.89662
7,163,1,0.05,0.3,0.5,0.001,0.91843,0.86914
8,163,1,0.05,0.3,0.5,0.001,0.9086,0.88806
9,163,1,0.05,0.3,0.5,0.001,0.98753,0.95812
10,163,1,0.05,0.3,0.5,0.001,0.9117,0.91075
11,163,1,0.05,0.3,0.5,0.001,1.02935,0.98691
12,163,1,0.05,0.3,0.5,0.001,0.83868,0.81604
13,163,1,0.05,0.3,0.5,0.001,0.99147,0.94428
14,163,1,0.05,0.3,0.5,0.001,0.92247,0.86408
15,163,1,0.05,0.3,0.5,0.001,0.99168,0.98305
16,163,1,0.05,0.3,0.5,0.001,0.83745,0.86715
17,163,1,0.05,0.3,0.5,0.001,0.89747,0.86512
18,163,1,0.05,0.3,0.5,0.001,0.93958,0.90315
19,163,1,0.05,0.3,0.5,0.001,0.88126,0.88478
20,163,1,0.05,0.3,0.5,0.001,1.09428,1.06788
21,163,1,0.05,0.3,0.5,0.001,0.99737,0.9585
22,163,1,0.05,0.3,0.5,0.001,0.91416,0.8787
23,163,1,0.05,0.3,0.5,0.001,0.87543,0.85053
24,163,1,0.05,0.3,0.5,0.001,0.90154,0.84499
25,163,1,0.05,0.3,0.5,0.001,0.90956,0.88736
26,163,1,0.05,0.3,0.5,0.001,0.85767,0.82597
27,163,1,0.05,0.3,0.5,0.001,0.93088,0.90511
28,163,1,0.05,0.3,0.5,0.001,0.95517,0.92244
29,163,1,0.05,0.3,0.5,0.001,0.9548,0.9157
30,163,1,0.05,0.3,0.5,0.001,1.01267,0.97827
31,163,1,0.05,0.3,0.5,0.001,0.97471,0.96183
32,163,1,0.05,0.3,0.5,0.001,1.00526,0.97029
33,163,1,0.05,0.3,0.5,0.001,0.96196,0.9462
34,163,1,0.05,0.3,0.5,0.001,0.93454,0.89454
35,163,1,0.05,0.3,0.5,0.001,1.01565,0.9612
36,163,1,0.05,0.3,0.5,0.001,0.88121,0.84982
37,163,1,0.05,0.3,0.5,0.001,1.04272,0.98342
38,163,1,0.05,0.3,0.5,0.001,0.89998,0.87645
39,163,1,0.05,0.3,0.5,0.001,0.87668,0.8178
40,163,1,0.05,0.3,0.5,0.001,0.83844,0.83159
41,163,1,0.05,0.3,0.5,0.001,0.95255,0.92796
42,163,1,0.05,0.3,0.5,0.001,1.00858,0.99169
43,163,1,0.05,0.3,0.5,0.001,0.8973,0.8722
44,163,1,0.05,0.3,0.5,0.001,0.86687,0.83482
45,163,1,0.05,0.3,0.5,0.001,0.95842,0.9474
46,163,1,0.05,0.3,0.5,0.001,0.98233,0.97483
47,163,1,0.05,0.3,0.5,0.001,1.03087,1.01701
48,163,1,0.05,0.3,0.5,0.001,0.96824,0.95454
49,163,1,0.05,0.3,0.5,0.001,1.04579,1.03286
50,163,1,0.05,0.3,0.5,0.001,0.90119,0.87827
51,163,1,0.05,0.3,0.5,0.001,0.94564,0.87647
52,163,1,0.05,0.3,0.5,0.001,0.89609,0.82636
53,163,1,0.05,0.3,0.5,0.001,0.86263,0.81611
54,163,1,0.05,0.3,0.5,0.001,1.02469,0.98372
55,163,1,0.05,0.3,0.5,0.001,0.974,0.92983
56,163,1,0.05,0.3,0.5,0.001,0.96389,0.91078
57,163,1,0.05,0.3,0.5,0.001,0.93062,0.8824
58,163,1,0.05,0.3,0.5,0.001,0.81124,0.81073
59,163,1,0.05,0.3,0.5,0.001,1.0077,0.98045
60,163,1,0.05,0.3,0.5,0.001,0.97158,0.93179
61,163,1,0.05,0.3,0.5,0.001,1.0095,0.98892
62,163,1,0.05,0.3,0.5,0.001,0.84519,0.82062
63,163,1,0.05,0.3,0.5,0.001,0.80027,0.76619
64,163,1,0.05,0.3,0.5,0.001,0.82655,0.80334
65,163,1,0.05,0.3,0.5,0.001,0.90701,0.89817
66,163,1,0.05,0.3,0.5,0.001,0.83626,0.79016
67,163,1,0.05,0.3,0.5,0.001,0.90493,0.89679
68,163,1,0.05,0.3,0.5,0.001,1.06011,1.03201
69,163,1,0.05,0.3,0.5,0.001,1.00853,0.98348
70,163,1,0.05,0.3,0.5,0.001,0.93075,0.9057
71,163,1,0.05,0.3,0.5,0.001,0.88912,0.87468
72,163,1,0.05,0.3,0.5,0.001,0.94065,0.87936
73,163,1,0.05,0.3,0.5,0.001,1.00506,0.99987
74,163,1,0.05,0.3,0.5,0.001,0.93756,0.8997
75,163,1,0.05,0.3,0.5,0.001,0.93388,0.8949
76,163,1,0.05,0.3,0.5,0.001,0.9722,0.95099
77,163,1,0.05,0.3,0.5,0.001,1.07626,1.07664
78,163,1,0.05,0.3,0.5,0.001,1.11185,1.08006
79,163,1,0.05,0.3,0.5,0.001,0.86859,0.83057
80,163,1,0.05,0.3,0.5,0.001,0.80392,0.77491
81,163,1,0.05,0.3,0.5,0.001,0.98671,0.95733
82,163,1,0.05,0.3,0.5,0.001,0.89537,0.84381
83,163,1,0.05,0.3,0.5,0.001,0.89871,0.84483
84,163,1,0.05,0.3,0.5,0.001,1.00108,1.0007
85,163,1,0.05,0.3,0.5,0.001,0.93087,0.87602
86,163,1,0.05,0.3,0.5,0.001,0.82612,0.79487
87,163,1,0.05,0.3,0.5,0.001,1.00756,0.98454
88,163,1,0.05,0.3,0.5,0.001,0.86642,0.82247
89,163,1,0.05,0.3,0.5,0.001,0.8767,0.83674
90,163,1,0.05,0.3,0.5,0.001,1.10083,1.03722
91,163,1,0.05,0.3,0.5,0.001,0.92684,0.88852
92,163,1,0.05,0.3,0.5,0.001,0.88342,0.85305
93,163,1,0.05,0.3,0.5,0.001,0.9679,0.93833
94,163,1,0.05,0.3,0.5,0.001,0.8784,0.83687
95,163,1,0.05,0.3,0.5,0.001,0.9821,0.96482
96,163,1,0.05,0.3,0.5,0.001,0.91699,0.84832
97,163,1,0.05,0.3,0.5,0.001,0.91463,0.88451
98,163,1,0.05,0.3,0.5,0.001,0.88185,0.83958
99,163,1,0.05,0.3,0.5,0.001,0.89327,0.87428
0,163,1,0.2,0.3,0.5,0.001,1.04238,1.04154
1,163,1,0.2,0.3,0.5,0.001,0.96276,0.96322
2,163,1,0.2,0.3,0.5,0.001,0.91386,0.9136
3,163,1,0.2,0.3,0.5,0.001,1.01396,1.01463
4,163,1,0.2,0.3,0.5,0.001,1.0667,1.06616
5,163,1,0.2,0.3,0.5,0.001,0.97457,0.97344
6,163,1,0.2,0.3,0.5,0.001,0.92156,0.92175
7,163,1,0.2,0.3,0.5,0.001,1.12137,1.12142
8,163,1,0.2,0.3,0.5,0.001,0.98204,0.98187
9,163,1,0.2,0.3,0.5,0.001,0.96706,0.96751
10,163,1,0.2,0.3,0.5,0.001,1.02144,1.02104
11,163,1,0.2,0.3,0.5,0.001,0.91724,0.91711
12,163,1,0.2,0.3,0.5,0.001,1.09691,1.09586
13,163,1,0.2,0.3,0.5,0.001,0.99143,0.99018
14,163,1,0.2,0.3,0.5,0.001,0.98524,0.98434
15,163,1,0.2,0.3,0.5,0.001,0.90469,0.90544
16,163,1,0.2,0.3,0.5,0.001,0.97943,0.97882
17,163,1,0.2,0.3,0.5,0.001,0.94204,0.94149
18,163,1,0.2,0.3,0.5,0.001,0.98307,0.98449
19,163,1,0.2,0.3,0.5,0.001,0.96777,0.96835
20,163,1,0.2,0.3,0.5,0.001,0.98143,0.98133
21,163,1,0.2,0.3,0.5,0.001,1.0759,1.07649
22,163,1,0.2,0.3,0.5,0.001,1.03843,1.03895
23,163,1,0.2,0.3,0.5,0.001,1.03593,1.03487
24,163,1,0.2,0.3,0.5,0.001,1.04076,1.04034
25,163,1,0.2,0.3,0.5,0.001,1.01764,1.01842
26,163,1,0.2,0.3,0.5,0.001,0.95721,0.95644
27,163,1,0.2,0.3,0.5,0.001,0.93649,0.93685
28,163,1,0.2,0.3,0.5,0.001,0.99234,0.99162
29,163,1,0.2,0.3,0.5,0.001,0.94571,0.94612
30,163,1,0.2,0.3,0.5,0.001,0.90374,0.90277
31,163,1,0.2,0.3,0.5,0.001,0.98077,0.98098
32,163,1,0.2,0.3,0.5,0.001,1.07699,1.07547
33,163,1,0.2,0.3,0.5,0.001,1.07345,1.0731
34,163,1,0.2,0.3,0.5,0.001,0.93737,0.93784
35,163,1,0.2,0.3,0.5,0.001,0.92753,0.92819
36,163,1,0.2,0.3,0.5,0.001,1.06887,1.06812
37,163,1,0.2,0.3,0.5,0.001,0.99618,0.99575
38,163,1,0.2,0.3,0.5,0.001,0.96322,0.96291
39,163,1,0.2,0.3,0.5,0.001,0.91652,0.91607
40,163,1,0.2,0.3,0.5,0.001,0.92387,0.92428
41,163,1,0.2,0.3,0.5,0.001,0.94208,0.94291
42,163,1,0.2,0.3,0.5,0.001,0.94617,0.94573
43,163,1,0.2,0.3,0.5,0.001,0.98024,0.98012
44,163,1,0.2,0.3,0.5,0.001,1.02087,1.0212
45,163,1,0.2,0.3,0.5,0.001,0.8759,0.87517
46,163,1,0.2,0.3,0.5,0.001,1.01886,1.01843
47,163,1,0.2,0.3,0.5,0.001,0.98805,0.98851
48,163,1,0.2,0.3,0.5,0.001,0.96603,0.96581
49,163,1,0.2,0.3,0.5,0.001,1.16591,1.1659
50,163,1,0.2,0.3,0.5,0.001,0.90047,0.90006
51,163,1,0.2,0.3,0.5,0.001,0.91776,0.91764
52,163,1,0.2,0.3,0.5,0.001,0.94596,0.94577
53,163,1,0.2,0.3,0.5,0.001,1.01778,1.01705
54,163,1,0.2,0.3,0.5,0.001,0.98784,0.98701
55,163,1,0.2,0.3,0.5,0.001,0.96359,0.96342
56,163,1,0.2,0.3,0.5,0.001,0.97834,0.97853
57,163,1,0.2,0.3,0.5,0.001,1.01466,1.01398
58,163,1,0.2,0.3,0.5,0.001,1.02845,1.0286
59,163,1,0.2,0.3,0.5,0.001,0.92435,0.92408
60,163,1,0.2,0.3,0.5,0.001,1.03089,1.03082
61,163,1,0.2,0.3,0.5,0.001,1.07805,1.07767
62,163,1,0.2,0.3,0.5,0.001,1.06112,1.06141
63,163,1,0.2,0.3,0.5,0.001,0.9814,0.9808
64,163,1,0.2,0.3,0.5,0.001,1.02227,1.02273
65,163,1,0.2,0.3,0.5,0.001,0.94937,0.94966
66,163,1,0.2,0.3,0.5,0.001,0.99566,0.99623
67,163,1,0.2,0.3,0.5,0.001,1.03125,1.03193
68,163,1,0.2,0.3,0.5,0.001,0.9923,0.9923
69,163,1,0.2,0.3,0.5,0.001,0.98193,0.98183
70,163,1,0.2,0.3,0.5,0.001,0.97475,0.9751
71,163,1,0.2,0.3,0.5,0.001,1.02289,1.02302
72,163,1,0.2,0.3,0.5,0.001,1.01076,1.01026
73,163,1,0.2,0.3,0.5,0.001,0.9234,0.92345
74,163,1,0.2,0.3,0.5,0.001,1.0281,1.02821
75,163,1,0.2,0.3,0.5,0.001,1.03456,1.03502
76,163,1,0.2,0.3,0.5,0.001,0.99976,0.99965
77,163,1,0.2,0.3,0.5,0.001,0.98051,0.98128
78,163,1,0.2,0.3,0.5,0.001,1.01878,1.01901
79,163,1,0.2,0.3,0.5,0.001,0.92722,0.92763
80,163,1,0.2,0.3,0.5,0.001,1.04759,1.04819
81,163,1,0.2,0.3,0.5,0.001,1.03564,1.03517
82,163,1,0.2,0.3,0.5,0.001,0.93999,0.94065
83,163,1,0.2,0.3,0.5,0.001,1.03883,1.03895
84,163,1,0.2,0.3,0.5,0.001,0.91445,0.91538
85,163,1,0.2,0.3,0.5,0.001,0.95081,0.95108
86,163,1,0.2,0.3,0.5,0.001,0.98124,0.98027
87,163,1,0.2,0.3,0.5,0.001,0.94078,0.94115
88,163,1,0.2,0.3,0.5,0.001,0.92261,0.92236
89,163,1,0.2,0.3,0.5,0.001,0.97252,0.97237
90,163,1,0.2,0.3,0.5,0.001,0.94114,0.94087
91,163,1,0.2,0.3,0.5,0.001,0.94057,0.94083
92,163,1,0.2,0.3,0.5,0.001,1.02029,1.02073
93,163,1,0.2,0.3,0.5,0.001,1.02399,1.02484
94,163,1,0.2,0.3,0.5,0.001,1.02947,1.02957
95,163,1,0.2,0.3,0.5,0.001,1.00084,1.00043
96,163,1,0.2,0.3,0.5,0.001,0.93653,0.93681
97,163,1,0.2,0.3,0.5,0.001,0.9693,0.96994
98,163,1,0.2,0.3,0.5,0.001,0.99851,0.99751
99,163,1,0.2,0.3,0.5,0.001,1.05926,1.05902
0,193,1,0.01,0.3,0.5,0.001,2.72142,0.71744
1,193,1,0.01,0.3,0.5,0.001,2.72809,0.79408
2,193,1,0.01,0.3,0.5,0.001,2.70376,0.712
3,193,1,0.01,0.3,0.5,0.001,2.7099,0.75037
4,193,1,0.01,0.3,0.5,0.001,2.68498,0.61202
5,193,1,0.01,0.3,0.5,0.001,2.67728,0.57618
6,193,1,0.01,0.3,0.5,0.001,2.72296,0.78789
7,193,1,0.01,0.3,0.5,0.001,2.72018,0.73851
8,193,1,0.01,0.3,0.5,0.001,2.70946,0.79276
9,193,1,0.01,0.3,0.5,0.001,2.71463,0.81092
10,193,1,0.01,0.3,0.5,0.001,2.70279,0.66228
11,193,1,0.01,0.3,0.5,0.001,2.73332,0.76921
12,193,1,0.01,0.3,0.5,0.001,2.6781,0.64584
13,193,1,0.01,0.3,0.5,0.001,2.70945,0.7629
14,193,1,0.01,0.3,0.5,0.001,2.66811,0.56143
15,193,1,0.01,0.3,0.5,0.001,2.77306,0.94666
16,193,1,0.01,0.3,0.5,0.001,2.66887,0.54836
17,193,1,0.01,0.3,0.5,0.001,2.72296,0.75151
18,193,1,0.01,0.3,0.5,0.001,2.74013,0.80957
19,193,1,0.01,0.3,0.5,0.001,2.69736,0.73235
20,193,1,0.01,0.3,0.5,0.001,2.71467,0.75591
21,193,1,0.01,0.3,0.5,0.001,2.69501,0.75953
22,193,1,0.01,0.3,0.5,0.001,2.71609,0.73214
23,193,1,0.01,0.3,0.5,0.001,2.7011,0.66122
24,193,1,0.01,0.3,0.5,0.001,2.71527,0.72929
25,193,1,0.01,0.3,0.5,0.001,2.67405,0.64737
26,193,1,0.01,0.3,0.5,0.001,2.67977,0.60867
27,193,1,0.01,0.3,0.5,0.001,2.69339,0.64218
28,193,1,0.01,0.3,0.5,0.001,2.70839,0.69774
29,193,1,0.01,0.3,0.5,0.001,2.70786,0.76556
30,193,1,0.01,0.3,0.5,0.001,2.78795,1.01608
31,193,1,0.01,0.3,0.5,0.001,2.65371,0.55155
32,193,1,0.01,0.3,0.5,0.001,2.73079,0.83726
33,193,1,0.01,0.3,0.5,0.001,2.73906,0.82909
34,193,1,0.01,0.3,0.5,0.001,2.69636,0.65131
35,193,1,0.01,0.3,0.5,0.001,2.70283,0.65054
36,193,1,0.01,0.3,0.5,0.001,2.71136,0.72971
37,193,1,0.01,0.3,0.5,0.001,2.71747,0.79984
38,193,1,0.01,0.3,0.5,0.001,2.69022,0.73018
39,193,1,0.01,0.3,0.5,0.001,2.73167,0.79336
40,193,1,0.01,0.3,0.5,0.001,2.74429,0.83872
41,193,1,0.01,0.3,0.5,0.001,2.68597,0.64128
42,193,1,0.01,0.3,0.5,0.001,2.67147,0.57926
43,193,1,0.01,0.3,0.5,0.001,2.67699,0.60163
44,193,1,0.01,0.3,0.5,0.001,2.65892,0.50313
45,193,1,0.01,0.3,0.5,0.001,2.68179,0.65233
46,193,1,0.01,0.3,0.5,0.001,2.66187,0.52621
47,193,1,0.01,0.3,0.5,0.001,2.67805,0.63938
48,193,1,0.01,0.3,0.5,0.001,2.74301,0.9014
49,193,1,0.01,0.3,0.5,0.001,2.6945,0.71054
50,193,1,0.01,0.3,0.5,0.001,2.70788,0.70601
51,193,1,0.01,0.3,0.5,0.001,2.71225,0.68791
52,193,1,0.01,0.3,0.5,0.001,2.72113,0.73449
53,193,1,0.01,0.3,0.5,0.001,2.70544,0.66551
54,193,1,0.01,0.3,0.5,0.001,2.67786,0.54402
55,193,1,0.01,0.3,0.5,0.001,2.7097,0.72563
56,193,1,0.01,0.3,0.5,0.001,2.71084,0.71424
57,193,1,0.01,0.3,0.5,0.001,2.70531,0.71352
58,193,1,0.01,0.3,0.5,0.001,2.69425,0.68028
59,193,1,0.01,0.3,0.5,0.001,2.70712,0.73391
60,193,1,0.01,0.3,0.5,0.001,2.7049,0.72911
61,193,1,0.01,0.3,0.5,0.001,2.73722,0.77956
62,193,1,0.01,0.3,0.5,0.001,2.74439,0.81779
63,193,1,0.01,0.3,0.5,0.001,2.74752,0.85763
64,193,1,0.01,0.3,0.5,0.001,2.68063,0.59467
65,193,1,0.01,0.3,0.5,0.001,2.71025,0.78793
66,193,1,0.01,0.3,0.5,0.001,2.67801,0.56854
67,193,1,0.01,0.3,0.5,0.001,2.68512,0.68504
68,193,1,0.01,0.3,0.5,0.001,2.72764,0.83696
69,193,1,0.01,0.3,0.5,0.001,2.77277,0.96428
70,193,1,0.01,0.3,0.5,0.001,2.71441,0.66959
71,193,1,0.01,0.3,0.5,0.001,2.75861,0.92134
72,193,1,0.01,0.3,0.5,0.001,2.676,0.592
73,193,1,0.01,0.3,0.5,0.001,2.69605,0.69848
74,193,1,0.01,0.3,0.5,0.001,2.66979,0.54309
75,193,1,0.01,0.3,0.5,0.001,2.67009,0.55426
76,193,1,0.01,0.3,0.5,0.001,2.70973,0.73781
77,193,1,0.01,0.3,0.5,0.001,2.66601,0.62539
78,193,1,0.01,0.3,0.5,0.001,2.68795,0.66084
79,193,1,0.01,0.3,0.5,0.001,2.75634,0.89414
80,193,1,0.01,0.3,0.5,0.001,2.71738,0.7783
81,193,1,0.01,0.3,0.5,0.001,2.66833,0.56112
82,193,1,0.01,0.3,0.5,0.001,2.71817,0.71798
83,193,1,0.01,0.3,0.5,0.001,2.72741,0.74581
84,193,1,0.01,0.3,0.5,0.001,2.70755,0.73517
85,193,1,0.01,0.3,0.5,0.001,2.77683,1.00044
86,193,1,0.01,0.3,0.5,0.001,2.86722,1.25033
87,193,1,0.01,0.3,0.5,0.001,2.71226,0.70679
88,193,1,0.01,0.3,0.5,0.001,2.71469,0.77166
89,193,1,0.01,0.3,0.5,0.001,2.72733,0.74464
90,193,1,0.01,0.3,0.5,0.001,2.72852,0.84377
91,193,1,0.01,0.3,0.5,0.001,2.72552,0.7634
92,193,1,0.01,0.3,0.5,0.001,2.72972,0.86415
93,193,1,0.01,0.3,0.5,0.001,2.69926,0.67582
94,193,1,0.01,0.3,0.5,0.001,2.7035,0.69837
95,193,1,0.01,0.3,0.5,0.001,2.68177,0.64104
96,193,1,0.01,0.3,0.5,0.001,2.69183,0.67913
97,193,1,0.01,0.3,0.5,0.001,2.66921,0.57237
98,193,1,0.01,0.3,0.5,0.001,2.65537,0.50064
99,193,1,0.01,0.3,0.5,0.001,2.69546,0.69712
0,193,1,0.05,0.3,0.5,0.001,0.84273,0.81095
1,193,1,0.05,0.3,0.5,0.001,0.83937,0.811
2,193,1,0.05,0.3,0.5,0.001,0.84673,0.80961
3,193,1,0.05,0.3,0.5,0.001,0.93466,0.91929
4,193,1,0.05,0.3,0.5,0.001,0.89137,0.85832
5,193,1,0.05,0.3,0.5,0.001,0.95594,0.90753
6,193,1,0.05,0.3,0.5,0.001,0.80616,0.76029
7,193,1,0.05,0.3,0.5,0.001,0.72062,0.74146
8,193,1,0.05,0.3,0.5,0.001,0.83046,0.80493
9,193,1,0.05,0.3,0.5,0.001,0.91569,0.86473
10,193,1,0.05,0.3,0.5,0.001,0.99319,0.96015
11,193,1,0.05,0.3,0.5,0.001,0.91584,0.87753
12,193,1,0.05,0.3,0.5,0.001,0.86486,0.84507
13,193,1,0.05,0.3,0.5,0.001,0.75398,0.72473
14,193,1,0.05,0.3,0.5,0.001,0.92846,0.87433
15,193,1,0.05,0.3,0.5,0.001,0.77827,0.77487
16,193,1,0.05,0.3,0.5,0.001,0.89564,0.86675
17,193,1,0.05,0.3,0.5,0.001,0.93424,0.86814
18,193,1,0.05,0.3,0.5,0.001,0.86026,0.80431
19,193,1,0.05,0.3,0.5,0.001,0.94838,0.92783
20,193,1,0.05,0.3,0.5,0.001,0.90654,0.86589
21,193,1,0.05,0.3,0.5,0.001,0.81951,0.79508
22,193,1,0.05,0.3,0.5,0.001,0.78115,0.75459
23,193,1,0.05,0.3,0.5,0.001,0.78479,0.73903
24,193,1,0.05,0.3,0.5,0.001,0.92917,0.8926
25,193,1,0.05,0.3,0.5,0.001,0.85144,0.83298
26,193,1,0.05,0.3,0.5,0.001,0.79582,0.76565
27,193,1,0.05,0.3,0.5,0.001,0.74911,0.71295
28,193,1,0.05,0.3,0.5,0.001,0.78267,0.76818
29,193,1,0.05,0.3,0.5,0.001,0.80219,0.78784
30,193,1,0.05,0.3,0.5,0.001,0.8703,0.82513
31,193,1,0.05,0.3,0.5,0.001,0.91763,0.86598
32,193,1,0.05,0.3,0.5,0.001,0.82769,0.78361
33,193,1,0.05,0.3,0.5,0.001,0.81597,0.75816
34,193,1,0.05,0.3,0.5,0.001,0.81503,0.78883
35,193,1,0.05,0.3,0.5,0.001,0.76736,0.75429
36,193,1,0.05,0.3,0.5,0.001,0.94588,0.94902
37,193,1,0.05,0.3,0.5,0.001,0.82585,0.797
38,193,1,0.05,0.3,0.5,0.001,0.94081,0.92922
39,193,1,0.05,0.3,0.5,0.001,0.93664,0.90206
40,193,1,0.05,0.3,0.5,0.001,0.79289,0.74625
41,193,1,0.05,0.3,0.5,0.001,0.75255,0.7251
42,193,1,0.05,0.3,0.5,0.001,0.93397,0.89837
43,193,1,0.05,0.3,0.5,0.001,0.89274,0.84413
44,193,1,0.05,0.3,0.5,0.001,0.79067,0.75366
45,193,1,0.05,0.3,0.5,0.001,0.89828,0.82743
46,193,1,0.05,0.3,0.5,0.001,0.89295,0.86749
47,193,1,0.05,0.3,0.5,0.001,0.83291,0.83097
48,193,1,0.05,0.3,0.5,0.001,0.83864,0.79506
49,193,1,0.05,0.3,0.5,0.001,0.82049,0.80839
50,193,1,0.05,0.3,0.5,0.001,0.79536,0.7867
51,193,1,0.05,0.3,0.5,0.001,0.84106,0.8166
52,193,1,0.05,0.3,0.5,0.001,0.89931,0.86869
53,193,1,0.05,0.3,0.5,0.001,0.81691,0.78358
54,193,1,0.05,0.3,0.5,0.001,0.80721,0.78189
55,193,1,0.05,0.3,0.5,0.001,0.7865,0.72823
56,193,1,0.05,0.3,0.5,0.001,0.95879,0.9127
57,193,1,0.05,0.3,0.5,0.001,0.91454,0.83713
58,193,1,0.05,0.3,0.5,0.001,0.87314,0.8404
59,193,1,0.05,0.3,0.5,0.001,0.74354,0.70858
60,193,1,0.05,0.3,0.5,0.001,0.839,0.79967
61,193,1,0.05,0.3,0.5,0.001,0.82904,0.79716
62,193,1,0.05,0.3,0.5,0.001,0.79273,0.77251
63,193,1,0.05,0.3,0.5,0.001,0.78561,0.77003
64,193,1,0.05,0.3,0.5,0.001,0.79802,0.78362
65,193,1,0.05,0.3,0.5,0.001,0.92228,0.86026
66,193,1,0.05,0.3,0.5,0.001,0.89318,0.85724
67,193,1,0.05,0.3,0.5,0.001,0.76946,0.74912
68,193,1,0.05,0.3,0.5,0.001,0.88255,0.83128
69,193,1,0.05,0.3,0.5,0.001,0.7959,0.77895
70,193,1,0.05,0.3,0.5,0.001,0.79866,0.76618
71,193,1,0.05,0.3,0.5,0.001,0.77586,0.74134
72,193,1,0.05,0.3,0.5,0.001,0.82486,0.79006
73,193,1,0.05,0.3,0.5,0.001,0.76722,0.74586
74,193,1,0.05,0.3,0.5,0.001,0.8093,0.78184
75,193,1,0.05,0.3,0.5,0.001,1.03688,0.98084
76,193,1,0.05,0.3,0.5,0.001,0.82364,0.79553
77,193,1,0.05,0.3,0.5,0.001,0.85411,0.80038
78,193,1,0.05,0.3,0.5,0.001,0.79669,0.76996
79,193,1,0.05,0.3,0.5,0.001,0.79087,0.77089
80,193,1,0.05,0.3,0.5,0.001,0.79094,0.77939
81,193,1,0.05,0.3,0.5,0.001,0.82983,0.8042
82,193,1,0.05,0.3,0.5,0.001,0.88058,0.85163
83,193,1,0.05,0.3,0.5,0.001,0.83815,0.79739
84,193,1,0.05,0.3,0.5,0.001,0.73752,0.6998
85,193,1,0.05,0.3,0.5,0.001,0.91033,0.86163
86,193,1,0.05,0.3,0.5,0.001,0.8438,0.82017
87,193,1,0.05,0.3,0.5,0.001,0.80271,0.77018
88,193,1,0.05,0.3,0.5,0.001,0.79597,0.75649
89,193,1,0.05,0.3,0.5,0.001,0.92855,0.93806
90,193,1,0.05,0.3,0.5,0.001,0.82479,0.81508
91,193,1,0.05,0.3,0.5,0.001,0.78031,0.76453
92,193,1,0.05,0.3,0.5,0.001,0.91059,0.89648
93,193,1,0.05,0.3,0.5,0.001,0.77751,0.74517
94,193,1,0.05,0.3,0.5,0.001,0.88278,0.87147
95,193,1,0.05,0.3,0.5,0.001,0.77536,0.73831
96,193,1,0.05,0.3,0.5,0.001,0.8895,0.86047
97,193,1,0.05,0.3,0.5,0.001,0.79912,0.75213
98,193,1,0.05,0.3,0.5,0.001,0.78975,0.77185
99,193,1,0.05,0.3,0.5,0.001,0.81112,0.82315
0,193,1,0.2,0.3,0.5,0.001,0.89925,0.89901
1,193,1,0.2,0.3,0.5,0.001,0.86096,0.86176
2,193,1,0.2,0.3,0.5,0.001,0.89328,0.89315
3,193,1,0.2,0.3,0.5,0.001,0.86502,0.86505
4,193,1,0.2,0.3,0.5,0.001,0.9047,0.90522
5,193,1,0.2,0.3,0.5,0.001,0.87867,0.87836
6,193,1,0.2,0.3,0.5,0.001,0.95039,0.94906
7,193,1,0.2,0.3,0.5,0.001,0.8355,0.83639
8,193,1,0.2,0.3,0.5,0.001,0.8751,0.87534
9,193,1,0.2,0.3,0.5,0.001,0.8245,0.82482
10,193,1,0.2,0.3,0.5,0.001,0.90002,0.89969
11,193,1,0.2,0.3,0.5,0.001,0.88484,0.88458
12,193,1,0.2,0.3,0.5,0.001,0.86216,0.86238
13,193,1,0.2,0.3,0.5,0.001,0.95801,0.95852
14,193,1,0.2,0.3,0.5,0.001,0.97716,0.97739
15,193,1,0.2,0.3,0.5,0.001,0.95156,0.9522
16,193,1,0.2,0.3,0.5,0.001,0.91561,0.91579
17,193,1,0.2,0.3,0.5,0.001,0.85145,0.85088
18,193,1,0.2,0.3,0.5,0.001,0.91313,0.91216
19,193,1,0.2,0.3,0.5,0.001,0.86156,0.86201
20,193,1,0.2,0.3,0.5,0.001,0.96574,0.96581
21,193,1,0.2,0.3,0.5,0.001,0.87521,0.87528
22,193,1,0.2,0.3,0.5,0.001,0.83647,0.83675
23,193,1,0.2,0.3,0.5,0.001,0.96865,0.96865
24,193,1,0.2,0.3,0.5,0.001,0.95753,0.95589
25,193,1,0.2,0.3,0.5,0.001,0.93445,0.93531
26,193,1,0.2,0.3,0.5,0.001,0.91876,0.91901
27,193,1,0.2,0.3,0.5,0.001,0.8393,0.83922
28,193,1,0.2,0.3,0.5,0.001,0.92789,0.92792
29,193,1,0.2,0.3,0.5,0.001,0.84139,0.84209
30,193,1,0.2,0.3,0.5,0.001,0.87674,0.87721
31,193,1,0.2,0.3,0.5,0.001,0.87291,0.87269
32,193,1,0.2,0.3,0.5,0.001,0.88762,0.88781
33,193,1,0.2,0.3,0.5,0.001,0.91788,0.91747
34,193,1,0.2,0.3,0.5,0.001,0.81315,0.81289
35,193,1,0.2,0.3,0.5,0.001,0.84422,0.8448
36,193,1,0.2,0.3,0.5,0.001,0.90947,0.90838
37,193,1,0.2,0.3,0.5,0.001,0.86583,0.86677
38,193,1,0.2,0.3,0.5,0.001,0.88379,0.88411
39,193,1,0.2,0.3,0.5,0.001,0.8441,0.8441
40,193,1,0.2,0.3,0.5,0.001,0.82545,0.82539
41,193,1,0.2,0.3,0.5,0.001,0.82703,0.82624
42,193,1,0.2,0.3,0.5,0.001,0.92494,0.92285
43,193,1,0.2,0.3,0.5,0.001,0.90989,0.9106
44,193,1,0.2,0.3,0.5,0.001,0.9217,0.92285
45,193,1,0.2,0.3,0.5,0.001,0.90533,0.90495
46,193,1,0.2,0.3,0.5,0.001,0.89731,0.89669
47,193,1,0.2,0.3,0.5,0.001,0.93508,0.93489
48,193,1,0.2,0.3,0.5,0.001,0.89022,0.88959
49,193,1,0.2,0.3,0.5,0.001,0.8685,0.86817
50,193,1,0.2,0.3,0.5,0.001,0.91473,0.91502
51,193,1,0.2,0.3,0.5,0.001,0.88141,0.88173
52,193,1,0.2,0.3,0.5,0.001,0.89613,0.89663
53,193,1,0.2,0.3,0.5,0.001,0.89981,0.90065
54,193,1,0.2,0.3,0.5,0.001,0.86052,0.86068
55,193,1,0.2,0.3,0.5,0.001,0.8613,0.86214
56,193,1,0.2,0.3,0.5,0.001,0.91986,0.91954
57,193,1,0.2,0.3,0.5,0.001,0.85204,0.85198
58,193,1,0.2,0.3,0.5,0.001,0.91112,0.91
59,193,1,0.2,0.3,0.5,0.001,0.91985,0.91952
60,193,1,0.2,0.3,0.5,0.001,0.85952,0.86023
61,193,1,0.2,0.3,0.5,0.001,0.82476,0.82505
62,193,1,0.2,0.3,0.5,0.001,0.85588,0.85512
63,193,1,0.2,0.3,0.5,0.001,0.87365,0.87318
64,193,1,0.2,0.3,0.5,0.001,0.92945,0.92936
65,193,1,0.2,0.3,0.5,0.001,0.95561,0.95573
66,193,1,0.2,0.3,0.5,0.001,0.92746,0.9276
67,193,1,0.2,0.3,0.5,0.001,0.91969,0.91981
68,193,1,0.2,0.3,0.5,0.001,0.87545,0.87645
69,193,1,0.2,0.3,0.5,0.001,0.85917,0.85967
70,193,1,0.2,0.3,0.5,0.001,0.92358,0.92377
71,193,1,0.2,0.3,0.5,0.001,0.94039,0.94083
72,193,1,0.2,0.3,0.5,0.001,0.87284,0.87256
73,193,1,0.2,0.3,0.5,0.001,0.84992,0.84973
74,193,1,0.2,0.3,0.5,0.001,0.82512,0.82536
75,193,1,0.2,0.3,0.5,0.001,0.97924,0.97932
76,193,1,0.2,0.3,0.5,0.001,0.84149,0.84074
77,193,1,0.2,0.3,0.5,0.001,0.89639,0.89664
78,193,1,0.2,0.3,0.5,0.001,0.97292,0.9733
79,193,1,0.2,0.3,0.5,0.001,0.90731,0.90672
80,193,1,0.2,0.3,0.5,0.001,0.88181,0.88196
81,193,1,0.2,0.3,0.5,0.001,0.90441,0.90459
82,193,1,0.2,0.3,0.5,0.001,0.83975,0.84018
83,193,1,0.2,0.3,0.5,0.001,0.88888,0.88884
84,193,1,0.2,0.3,0.5,0.001,0.88531,0.88494
85,193,1,0.2,0.3,0.5,0.001,0.93527,0.93539
86,193,1,0.2,0.3,0.5,0.001,0.88258,0.88258
87,193,1,0.2,0.3,0.5,0.001,0.94502,0.94582
88,193,1,0.2,0.3,0.5,0.001,0.85359,0.85478
89,193,1,0.2,0.3,0.5,0.001,0.90297,0.90281
90,193,1,0.2,0.3,0.5,0.001,0.86716,0.8678
91,193,1,0.2,0.3,0.5,0.001,0.96673,0.96805
92,193,1,0.2,0.3,0.5,0.001,0.93204,0.93148
93,193,1,0.2,0.3,0.5,0.001,0.88589,0.88533
94,193,1,0.2,0.3,0.5,0.001,0.86344,0.86388
95,193,1,0.2,0.3,0.5,0.001,0.90951,0.90935
96,193,1,0.2,0.3,0.5,0.001,0.9225,0.92237
97,193,1,0.2,0.3,0.5,0.001,0.8835,0.88324
98,193,1,0.2,0.3,0.5,0.001,0.87287,0.87273
99,193,1,0.2,0.3,0.5,0.001,0.97077,0.97033
0,227,1,0.01,0.3,0.5,0.001,2.68979,0.63508
1,227,1,0.01,0.3,0.5,0.001,2.68302,0.62493
2,227,1,0.01,0.3,0.5,0.001,2.6597,0.51797
3,227,1,0.01,0.3,0.5,0.001,2.67,0.52059
4,227,1,0.01,0.3,0.5,0.001,2.68252,0.57347
5,227,1,0.01,0.3,0.5,0.001,2.68033,0.63538
6,227,1,0.01,0.3,0.5,0.001,2.65834,0.481
7,227,1,0.01,0.3,0.5,0.001,2.71947,0.8252
8,227,1,0.01,0.3,0.5,0.001,2.69192,0.74152
9,227,1,0.01,0.3,0.5,0.001,2.69732,0.64875
10,227,1,0.01,0.3,0.5,0.001,2.71257,0.7751
11,227,1,0.01,0.3,0.5,0.001,2.69907,0.70675
12,227,1,0.01,0.3,0.5,0.001,2.7256,0.75036
13,227,1,0.01,0.3,0.5,0.001,2.70145,0.66827
14,227,1,0.01,0.3,0.5,0.001,2.67851,0.56901
15,227,1,0.01,0.3,0.5,0.001,2.69325,0.69858
16,227,1,0.01,0.3,0.5,0.001,2.67791,0.5941
17,227,1,0.01,0.3,0.5,0.001,2.74078,0.85288
18,227,1,0.01,0.3,0.5,0.001,2.65269,0.58442
19,227,1,0.01,0.3,0.5,0.001,2.67907,0.62066
20,227,1,0.01,0.3,0.5,0.001,2.70078,0.69846
21,227,1,0.01,0.3,0.5,0.001,2.69324,0.66612
22,227,1,0.01,0.3,0.5,0.001,2.68791,0.64298
23,227,1,0.01,0.3,0.5,0.001,2.70547,0.765
24,227,1,0.01,0.3,0.5,0.001,2.67191,0.60648
25,227,1,0.01,0.3,0.5,0.001,2.70862,0.72999
26,227,1,0.01,0.3,0.5,0.001,2.72813,0.82803
27,227,1,0.01,0.3,0.5,0.001,2.71312,0.76503
28,227,1,0.01,0.3,0.5,0.001,2.71899,0.78968
29,227,1,0.01,0.3,0.5,0.001,2.69466,0.73165
30,227,1,0.01,0.3,0.5,0.001,2.70384,0.63471
31,227,1,0.01,0.3,0.5,0.001,2.68599,0.61459
32,227,1,0.01,0.3,0.5,0.001,2.68853,0.67201
33,227,1,0.01,0.3,0.5,0.001,2.66308,0.54649
34,227,1,0.01,0.3,0.5,0.001,2.69505,0.70264
35,227,1,0.01,0.3,0.5,0.001,2.69896,0.70631
36,227,1,0.01,0.3,0.5,0.001,2.66641,0.47837
37,227,1,0.01,0.3,0.5,0.001,2.67347,0.58306
38,227,1,0.01,0.3,0.5,0.001,2.67984,0.60452
39,227,1,0.01,0.3,0.5,0.001,2.69007,0.70104
40,227,1,0.01,0.3,0.5,0.001,2.66922,0.57201
41,227,1,0.01,0.3,0.5,0.001,2.69418,0.67869
42,227,1,0.01,0.3,0.5,0.001,2.6753,0.58297
43,227,1,0.01,0.3,0.5,0.001,2.69078,0.6482
44,227,1,0.01,0.3,0.5,0.001,2.66961,0.51367
45,227,1,0.01,0.3,0.5,0.001,2.70876,0.77434
46,227,1,0.01,0.3,0.5,0.001,2.63977,0.44489
47,227,1,0.01,0.3,0.5,0.001,2.69898,0.67043
48,227,1,0.01,0.3,0.5,0.001,2.68723,0.60048
49,227,1,0.01,0.3,0.5,0.001,2.70802,0.67524
50,227,1,0.01,0.3,0.5,0.001,2.66235,0.50065
51,227,1,0.01,0.3,0.5,0.001,2.68491,0.5758
52,227,1,0.01,0.3,0.5,0.001,2.69111,0.69011
53,227,1,0.01,0.3,0.5,0.001,2.67994,0.6943
54,227,1,0.01,0.3,0.5,0.001,2.6575,0.51278
55,227,1,0.01,0.3,0.5,0.001,2.67778,0.60513
56,227,1,0.01,0.3,0.5,0.001,2.65659,0.52375
57,227,1,0.01,0.3,0.5,0.001,2.70592,0.69931
58,227,1,0.01,0.3,0.5,0.001,2.69082,0.63297
59,227,1,0.01,0.3,0.5,0.001,2.71591,0.66117
60,227,1,0.01,0.3,0.5,0.001,2.67898,0.66301
61,227,1,0.01,0.3,0.5,0.001,2.66719,0.54786
62,227,1,0.01,0.3,0.5,0.001,2.68121,0.75317
63,227,1,0.01,0.3,0.5,0.001,2.68865,0.61932
64,227,1,0.01,0.3,0.5,0.001,2.68188,0.60927
65,227,1,0.01,0.3,0.5,0.001,2.69642,0.6239
66,227,1,0.01,0.3,0.5,0.001,2.72668,0.78937
67,227,1,0.01,0.3,0.5,0.001,2.69468,0.67246
68,227,1,0.01,0.3,0.5,0.001,2.6778,0.61266
69,227,1,0.01,0.3,0.5,0.001,2.68306,0.64584
70,227,1,0.01,0.3,0.5,0.001,2.67177,0.61147
71,227,1,0.01,0.3,0.5,0.001,2.72004,0.77193
72,227,1,0.01,0.3,0.5,0.001,2.65975,0.55021
73,227,1,0.01,0.3,0.5,0.001,2.6831,0.6091
74,227,1,0.01,0.3,0.5,0.001,2.71058,0.70773
75,227,1,0.01,0.3,0.5,0.001,2.67763,0.69794
76,227,1,0.01,0.3,0.5,0.001,2.69046,0.67684
77,227,1,0.01,0.3,0.5,0.001,2.67127,0.54019
78,227,1,0.01,0.3,0.5,0.001,2.70545,0.64823
79,227,1,0.01,0.3,0.5,0.001,2.68037,0.58064
80,227,1,0.01,0.3,0.5,0.001,2.7065,0.71133
81,227,1,0.01,0.3,0.5,0.001,2.68908,0.68277
82,227,1,0.01,0.3,0.5,0.001,2.6822,0.65909
83,227,1,0.01,0.3,0.5,0.001,2.66518,0.54906
84,227,1,0.01,0.3,0.5,0.001,2.67758,0.64353
85,227,1,0.01,0.3,0.5,0.001,2.66759,0.58503
86,227,1,0.01,0.3,0.5,0.001,2.69858,0.65117
87,227,1,0.01,0.3,0.5,0.001,2.66914,0.50851
88,227,1,0.01,0.3,0.5,0.001,2.67551,0.58348
89,227,1,0.01,0.3,0.5,0.001,2.67655,0.63208
90,227,1,0.01,0.3,0.5,0.001,2.67413,0.61658
91,227,1,0.01,0.3,0.5,0.001,2.67876,0.62421
92,227,1,0.01,0.3,0.5,0.001,2.66514,0.59457
93,227,1,0.01,0.3,0.5,0.001,2.69221,0.6728
94,227,1,0.01,0.3,0.5,0.001,2.67144,0.55955
95,227,1,0.01,0.3,0.5,0.001,2.67301,0.60275
96,227,1,0.01,0.3,0.5,0.001,2.66692,0.51329
97,227,1,0.01,0.3,0.5,0.001,2.68746,0.63547
98,227,1,0.01,0.3,0.5,0.001,2.71811,0.7702
99,227,1,0.01,0.3,0.5,0.001,2.66397,0.58814
0,227,1,0.05,0.3,0.5,0.001,0.77713,0.72794
1,227,1,0.05,0.3,0.5,0.001,0.78823,0.73608
2,227,1,0.05,0.3,0.5,0.001,0.77321,0.73161
3,227,1,0.05,0.3,0.5,0.001,0.89862,0.8465
4,227,1,0.05,0.3,0.5,0.001,0.82841,0.78371
5,227,1,0.05,0.3,0.5,0.001,0.7832,0.75876
6,227,1,0.05,0.3,0.5,0.001,0.80649,0.77193
7,227,1,0.05,0.3,0.5,0.001,0.76,0.70255
8,227,1,0.05,0.3,0.5,0.001,0.86751,0.81568
9,227,1,0.05,0.3,0.5,0.001,0.83965,0.80025
10,227,1,0.05,0.3,0.5,0.001,0.76969,0.72056
11,227,1,0.05,0.3,0.5,0.001,0.82227,0.78667
12,227,1,0.05,0.3,0.5,0.001,0.74139,0.6978
13,227,1,0.05,0.3,0.5,0.001,0.70113,0.69054
14,227,1,0.05,0.3,0.5,0.001,0.75434,0.74639
15,227,1,0.05,0.3,0.5,0.001,0.80227,0.75923
16,227,1,0.05,0.3,0.5,0.001,0.7301,0.68561
17,227,1,0.05,0.3,0.5,0.001,0.84759,0.79224
18,227,1,0.05,0.3,0.5,0.001,0.75048,0.70123
19,227,1,0.05,0.3,0.5,0.001,0.74802,0.73625
20,227,1,0.05,0.3,0.5,0.001,0.89436,0.84932
21,227,1,0.05,0.3,0.5,0.001,0.91683,0.86091
22,227,1,0.05,0.3,0.5,0.001,0.78501,0.74509
23,227,1,0.05,0.3,0.5,0.001,0.72146,0.69523
24,227,1,0.05,0.3,0.5,0.001,0.73293,0.68426
25,227,1,0.05,0.3,0.5,0.001,0.79404,0.77167
26,227,1,0.05,0.3,0.5,0.001,0.76765,0.71771
27,227,1,0.05,0.3,0.5,0.001,0.77199,0.73427
28,227,1,0.05,0.3,0.5,0.001,0.76058,0.71447
29,227,1,0.05,0.3,0.5,0.001,0.77698,0.73594
30,227,1,0.05,0.3,0.5,0.001,0.73514,0.69331
31,227,1,0.05,0.3,0.5,0.001,0.8549,0.81831
32,227,1,0.05,0.3,0.5,0.001,0.73198,0.71082
33,227,1,0.05,0.3,0.5,0.001,0.78477,0.75017
34,227,1,0.05,0.3,0.5,0.001,0.81493,0.78008
35,227,1,0.05,0.3,0.5,0.001,0.73361,0.70669
36,227,1,0.05,0.3,0.5,0.001,0.71867,0.69883
37,227,1,0.05,0.3,0.5,0.001,0.76867,0.72628
38,227,1,0.05,0.3,0.5,0.001,0.80739,0.80676
39,227,1,0.05,0.3,0.5,0.001,0.83511,0.79932
40,227,1,0.05,0.3,0.5,0.001,0.83162,0.81804
41,227,1,0.05,0.3,0.5,0.001,0.88183,0.84539
42,227,1,0.05,0.3,0.5,0.001,0.77789,0.76024
43,227,1,0.05,0.3,0.5,0.001,0.80631,0.78648
44,227,1,0.05,0.3,0.5,0.001,0.85308,0.81228
45,227,1,0.05,0.3,0.5,0.001,0.79474,0.75799
46,227,1,0.05,0.3,0.5,0.001,0.74053,0.68581
47,227,1,0.05,0.3,0.5,0.001,0.74626,0.70981
48,227,1,0.05,0.3,0.5,0.001,0.7526,0.73919
49,227,1,0.05,0.3,0.5,0.001,0.68306,0.66078
50,227,1,0.05,0.3,0.5,0.001,0.76984,0.74567
51,227,1,0.05,0.3,0.5,0.001,0.74825,0.74643
52,227,1,0.05,0.3,0.5,0.001,0.8071,0.7756
53,227,1,0.05,0.3,0.5,0.001,0.76557,0.72354
54,227,1,0.05,0.3,0.5,0.001,0.71689,0.7201
55,227,1,0.05,0.3,0.5,0.001,0.74373,0.71203
56,227,1,0.05,0.3,0.5,0.001,0.76062,0.73776
57,227,1,0.05,0.3,0.5,0.001,0.78112,0.72276
58,227,1,0.05,0.3,0.5,0.001,0.80845,0.79674
59,227,1,0.05,0.3,0.5,0.001,0.80866,0.78652
60,227,1,0.05,0.3,0.5,0.001,0.7701,0.73774
61,227,1,0.05,0.3,0.5,0.001,0.79938,0.78025
62,227,1,0.05,0.3,0.5,0.001,0.72022,0.70548
63,227,1,0.05,0.3,0.5,0.001,0.69566,0.67245
64,227,1,0.05,0.3,0.5,0.001,0.82871,0.77412
65,227,1,0.05,0.3,0.5,0.001,0.76396,0.72921
66,227,1,0.05,0.3,0.5,0.001,0.70655,0.69318
67,227,1,0.05,0.3,0.5,0.001,0.76423,0.71483
68,227,1,0.05,0.3,0.5,0.001,0.89761,0.83597
69,227,1,0.05,0.3,0.5,0.001,0.7923,0.7588
70,227,1,0.05,0.3,0.5,0.001,0.71038,0.68062
71,227,1,0.05,0.3,0.5,0.001,0.73568,0.71629
72,227,1,0.05,0.3,0.5,0.001,0.69878,0.67075
73,227,1,0.05,0.3,0.5,0.001,0.66839,0.65745
74,227,1,0.05,0.3,0.5,0.001,0.81172,0.76205
75,227,1,0.05,0.3,0.5,0.001,0.82247,0.78152
76,227,1,0.05,0.3,0.5,0.001,0.71072,0.67434
77,227,1,0.05,0.3,0.5,0.001,0.74039,0.67976
78,227,1,0.05,0.3,0.5,0.001,0.69866,0.67224
79,227,1,0.05,0.3,0.5,0.001,0.79527,0.76253
80,227,1,0.05,0.3,0.5,0.001,0.75371,0.7332
81,227,1,0.05,0.3,0.5,0.001,0.84402,0.79814
82,227,1,0.05,0.3,0.5,0.001,0.93819,0.92173
83,227,1,0.05,0.3,0.5,0.001,0.72231,0.71337
84,227,1,0.05,0.3,0.5,0.001,0.84681,0.81954
85,227,1,0.05,0.3,0.5,0.001,0.82938,0.76247
86,227,1,0.05,0.3,0.5,0.001,0.90614,0.84881
87,227,1,0.05,0.3,0.5,0.001,0.7982,0.78683
88,227,1,0.05,0.3,0.5,0.001,0.85668,0.81056
89,227,1,0.05,0.3,0.5,0.001,0.77672,0.71738
90,227,1,0.05,0.3,0.5,0.001,0.82247,0.75748
91,227,1,0.05,0.3,0.5,0.001,0.6952,0.63835
92,227,1,0.05,0.3,0.5,0.001,0.85209,0.83184
93,227,1,0.05,0.3,0.5,0.001,0.76698,0.74415
94,227,1,0.05,0.3,0.5,0.001,0.78951,0.76752
95,227,1,0.05,0.3,0.5,0.001,0.88979,0.84355
96,227,1,0.05,0.3,0.5,0.001,0.74226,0.71627
97,227,1,0.05,0.3,0.5,0.001,0.76642,0.73317
98,227,1,0.05,0.3,0.5,0.001,0.872,0.83687
99,227,1,0.05,0.3,0.5,0.001,0.71781,0.66241
0,227,1,0.2,0.3,0.5,0.001,0.79097,0.79118
1,227,1,0.2,0.3,0.5,0.001,0.86102,0.86074
2,227,1,0.2,0.3,0.5,0.001,0.93474,0.93523
3,227,1,0.2,0.3,0.5,0.001,0.73274,0.73381
4,227,1,0.2,0.3,0.5,0.001,0.8215,0.82209
5,227,1,0.2,0.3,0.5,0.001,0.78454,0.78575
6,227,1,0.2,0.3,0.5,0.001,0.76034,0.76034
7,227,1,0.2,0.3,0.5,0.001,0.85433,0.85415
8,227,1,0.2,0.3,0.5,0.001,0.77743,0.7774
9,227,1,0.2,0.3,0.5,0.001,0.8098,0.81
10,227,1,0.2,0.3,0.5,0.001,0.80376,0.80243
11,227,1,0.2,0.3,0.5,0.001,0.78463,0.785
12,227,1,0.2,0.3,0.5,0.001,0.8134,0.81371
13,227,1,0.2,0.3,0.5,0.001,0.82965,0.82973
14,227,1,0.2,0.3,0.5,0.001,0.80854,0.80866
15,227,1,0.2,0.3,0.5,0.001,0.83546,0.83491
16,227,1,0.2,0.3,0.5,0.001,0.77272,0.77336
17,227,1,0.2,0.3,0.5,0.001,0.86067,0.85989
18,227,1,0.2,0.3,0.5,0.001,0.76804,0.76847
19,227,1,0.2,0.3,0.5,0.001,0.81874,0.81857
20,227,1,0.2,0.3,0.5,0.001,0.82295,0.82248
21,227,1,0.2,0.3,0.5,0.001,0.76067,0.76097
22,227,1,0.2,0.3,0.5,0.001,0.78703,0.78728
23,227,1,0.2,0.3,0.5,0.001,0.78074,0.7804
24,227,1,0.2,0.3,0.5,0.001,0.78309,0.7824
25,227,1,0.2,0.3,0.5,0.001,0.79464,0.795
26,227,1,0.2,0.3,0.5,0.001,0.81993,0.82033
27,227,1,0.2,0.3,0.5,0.001,0.82239,0.82342
28,227,1,0.2,0.3,0.5,0.001,0.81734,0.81797
29,227,1,0.2,0.3,0.5,0.001,0.85487,0.85546
30,227,1,0.2,0.3,0.5,0.001,0.80003,0.79903
31,227,1,0.2,0.3,0.5,0.001,0.77348,0.77275
32,227,1,0.2,0.3,0.5,0.001,0.80462,0.80507
33,227,1,0.2,0.3,0.5,0.001,0.79898,0.79902
34,227,1,0.2,0.3,0.5,0.001,0.85662,0.85572
35,227,1,0.2,0.3,0.5,0.001,0.81611,0.81497
36,227,1,0.2,0.3,0.5,0.001,0.92987,0.93037
37,227,1,0.2,0.3,0.5,0.001,0.86525,0.86559
38,227,1,0.2,0.3,0.5,0.001,0.8314,0.83117
39,227,1,0.2,0.3,0.5,0.001,0.79533,0.79467
40,227,1,0.2,0.3,0.5,0.001,0.80166,0.80192
41,227,1,0.2,0.3,0.5,0.001,0.8491,0.84892
42,227,1,0.2,0.3,0.5,0.001,0.81531,0.81483
43,227,1,0.2,0.3,0.5,0.001,0.86061,0.86058
44,227,1,0.2,0.3,0.5,0.001,0.88343,0.88369
45,227,1,0.2,0.3,0.5,0.001,0.79348,0.79429
46,227,1,0.2,0.3,0.5,0.001,0.79043,0.79028
47,227,1,0.2,0.3,0.5,0.001,0.83192,0.83244
48,227,1,0.2,0.3,0.5,0.001,0.82133,0.82072
49,227,1,0.2,0.3,0.5,0.001,0.79932,0.79946
50,227,1,0.2,0.3,0.5,0.001,0.80927,0.80872
51,227,1,0.2,0.3,0.5,0.001,0.82892,0.83015
52,227,1,0.2,0.3,0.5,0.001,0.85892,0.85781
53,227,1,0.2,0.3,0.5,0.001,0.79735,0.79674
54,227,1,0.2,0.3,0.5,0.001,0.81094,0.8112
55,227,1,0.2,0.3,0.5,0.001,0.8152,0.81508
56,227,1,0.2,0.3,0.5,0.001,0.8224,0.82226
57,227,1,0.2,0.3,0.5,0.001,0.83819,0.83799
58,227,1,0.2,0.3,0.5,0.001,0.89433,0.89395
59,227,1,0.2,0.3,0.5,0.001,0.82969,0.83023
60,227,1,0.2,0.3,0.5,0.001,0.77497,0.77532
61,227,1,0.2,0.3,0.5,0.001,0.7576,0.75766
62,227,1,0.2,0.3,0.5,0.001,0.77648,0.77581
63,227,1,0.2,0.3,0.5,0.001,0.79839,0.79797
64,227,1,0.2,0.3,0.5,0.001,0.76584,0.76564
65,227,1,0.2,0.3,0.5,0.001,0.78371,0.78288
66,227,1,0.2,0.3,0.5,0.001,0.86736,0.866
67,227,1,0.2,0.3,0.5,0.001,0.83505,0.83508
68,227,1,0.2,0.3,0.5,0.001,0.81965,0.82
69,227,1,0.2,0.3,0.5,0.001,0.84319,0.84374
70,227,1,0.2,0.3,0.5,0.001,0.86402,0.86427
71,227,1,0.2,0.3,0.5,0.001,0.7995,0.79944
72,227,1,0.2,0.3,0.5,0.001,0.90814,0.90843
73,227,1,0.2,0.3,0.5,0.001,0.83477,0.8356
74,227,1,0.2,0.3,0.5,0.001,0.77633,0.77625
75,227,1,0.2,0.3,0.5,0.001,0.85501,0.85568
76,227,1,0.2,0.3,0.5,0.001,0.77733,0.77768
77,227,1,0.2,0.3,0.5,0.001,0.87275,0.87383
78,227,1,0.2,0.3,0.5,0.001,0.8229,0.82298
79,227,1,0.2,0.3,0.5,0.001,0.77686,0.77608
80,227,1,0.2,0.3,0.5,0.001,0.76918,0.76871
81,227,1,0.2,0.3,0.5,0.001,0.7984,0.79845
82,227,1,0.2,0.3,0.5,0.001,0.82192,0.82228
83,227,1,0.2,0.3,0.5,0.001,0.88485,0.88487
84,227,1,0.2,0.3,0.5,0.001,0.81492,0.81455
85,227,1,0.2,0.3,0.5,0.001,0.8128,0.81221
86,227,1,0.2,0.3,0.5,0.001,0.78858,0.78856
87,227,1,0.2,0.3,0.5,0.001,0.84869,0.84928
88,227,1,0.2,0.3,0.5,0.001,0.80028,0.80102
89,227,1,0.2,0.3,0.5,0.001,0.84356,0.84381
90,227,1,0.2,0.3,0.5,0.001,0.84796,0.84907
91,227,1,0.2,0.3,0.5,0.001,0.8401,0.83993
92,227,1,0.2,0.3,0.5,0.001,0.80557,0.80557
93,227,1,0.2,0.3,0.5,0.001,0.81305,0.81276
94,227,1,0.2,0.3,0.5,0.001,0.80443,0.80392
95,227,1,0.2,0.3,0.5,0.001,0.7842,0.78357
96,227,1,0.2,0.3,0.5,0.001,0.81299,0.81255
97,227,1,0.2,0.3,0.5,0.001,0.85037,0.84997
98,227,1,0.2,0.3,0.5,0.001,0.83879,0.83886
99,227,1,0.2,0.3,0.5,0.001,0.80279,0.80255
0,268,1,0.01,0.3,0.5,0.001,2.65528,0.57138
1,268,1,0.01,0.3,0.5,0.001,2.65391,0.45274
2,268,1,0.01,0.3,0.5,0.001,2.68275,0.56906
3,268,1,0.01,0.3,0.5,0.001,2.69819,0.66907
4,268,1,0.01,0.3,0.5,0.001,2.68671,0.63109
5,268,1,0.01,0.3,0.5,0.001,2.69886,0.65432
6,268,1,0.01,0.3,0.5,0.001,2.66832,0.57745
7,268,1,0.01,0.3,0.5,0.001,2.65037,0.49597
8,268,1,0.01,0.3,0.5,0.001,2.65821,0.51877
9,268,1,0.01,0.3,0.5,0.001,2.72234,0.81484
10,268,1,0.01,0.3,0.5,0.001,2.6575,0.50195
11,268,1,0.01,0.3,0.5,0.001,2.66867,0.62054
12,268,1,0.01,0.3,0.5,0.001,2.6736,0.58193
13,268,1,0.01,0.3,0.5,0.001,2.66418,0.48395
14,268,1,0.01,0.3,0.5,0.001,2.66384,0.60445
15,268,1,0.01,0.3,0.5,0.001,2.6763,0.51366
16,268,1,0.01,0.3,0.5,0.001,2.66239,0.54865
17,268,1,0.01,0.3,0.5,0.001,2.67938,0.60994
18,268,1,0.01,0.3,0.5,0.001,2.69423,0.64626
19,268,1,0.01,0.3,0.5,0.001,2.66911,0.5792
20,268,1,0.01,0.3,0.5,0.001,2.68705,0.64636
21,268,1,0.01,0.3,0.5,0.001,2.69672,0.66672
22,268,1,0.01,0.3,0.5,0.001,2.66981,0.56237
23,268,1,0.01,0.3,0.5,0.001,2.70694,0.7179
24,268,1,0.01,0.3,0.5,0.001,2.65079,0.46273
25,268,1,0.01,0.3,0.5,0.001,2.67612,0.5783
26,268,1,0.01,0.3,0.5,0.001,2.67961,0.62982
27,268,1,0.01,0.3,0.5,0.001,2.64802,0.48945
28,268,1,0.01,0.3,0.5,0.001,2.70112,0.68584
29,268,1,0.01,0.3,0.5,0.001,2.68532,0.69458
30,268,1,0.01,0.3,0.5,0.001,2.66038,0.48762
31,268,1,0.01,0.3,0.5,0.001,2.66695,0.51961
32,268,1,0.01,0.3,0.5,0.001,2.65803,0.6269
33,268,1,0.01,0.3,0.5,0.001,2.6536,0.48805
34,268,1,0.01,0.3,0.5,0.001,2.67242,0.57578
35,268,1,0.01,0.3,0.5,0.001,2.6509,0.52357
36,268,1,0.01,0.3,0.5,0.001,2.66639,0.55053
37,268,1,0.01,0.3,0.5,0.001,2.68997,0.65433
38,268,1,0.01,0.3,0.5,0.001,2.66978,0.56874
39,268,1,0.01,0.3,0.5,0.001,2.65013,0.4758
40,268,1,0.01,0.3,0.5,0.001,2.67832,0.58807
41,268,1,0.01,0.3,0.5,0.001,2.66524,0.56787
42,268,1,0.01,0.3,0.5,0.001,2.68275,0.61771
43,268,1,0.01,0.3,0.5,0.001,2.70018,0.68779
44,268,1,0.01,0.3,0.5,0.001,2.67857,0.62119
45,268,1,0.01,0.3,0.5,0.001,2.65512,0.53465
46,268,1,0.01,0.3,0.5,0.001,2.66408,0.49783
47,268,1,0.01,0.3,0.5,0.001,2.65087,0.50583
48,268,1,0.01,0.3,0.5,0.001,2.67797,0.62318
49,268,1,0.01,0.3,0.5,0.001,2.67286,0.57558
50,268,1,0.01,0.3,0.5,0.001,2.6816,0.60168
51,268,1,0.01,0.3,0.5,0.001,2.63867,0.39218
52,268,1,0.01,0.3,0.5,0.001,2.67533,0.57981
53,268,1,0.01,0.3,0.5,0.001,2.67783,0.65406
54,268,1,0.01,0.3,0.5,0.001,2.67564,0.58203
55,268,1,0.01,0.3,0.5,0.001,2.68008,0.56046
56,268,1,0.01,0.3,0.5,0.001,2.67696,0.59587
57,268,1,0.01,0.3,0.5,0.001,2.66914,0.50924
58,268,1,0.01,0.3,0.5,0.001,2.66749,0.54987
59,268,1,0.01,0.3,0.5,0.001,2.67249,0.57646
60,268,1,0.01,0.3,0.5,0.001,2.68093,0.60354
61,268,1,0.01,0.3,0.5,0.001,2.68655,0.72396
62,268,1,0.01,0.3,0.5,0.001,2.66793,0.56176
63,268,1,0.01,0.3,0.5,0.001,2.66982,0.59198
64,268,1,0.01,0.3,0.5,0.001,2.66984,0.56894
65,268,1,0.01,0.3,0.5,0.001,2.66932,0.59814
66,268,1,0.01,0.3,0.5,0.001,2.65633,0.49178
67,268,1,0.01,0.3,0.5,0.001,2.68297,0.63597
68,268,1,0.01,0.3,0.5,0.001,2.6587,0.52433
69,268,1,0.01,0.3,0.5,0.001,2.67005,0.57504
70,268,1,0.01,0.3,0.5,0.001,2.68449,0.63924
71,268,1,0.01,0.3,0.5,0.001,2.65996,0.51204
72,268,1,0.01,0.3,0.5,0.001,2.6839,0.63956
73,268,1,0.01,0.3,0.5,0.001,2.68507,0.56011
74,268,1,0.01,0.3,0.5,0.001,2.68279,0.5875
75,268,1,0.01,0.3,0.5,0.001,2.67347,0.55775
76,268,1,0.01,0.3,0.5,0.001,2.6768,0.59132
77,268,1,0.01,0.3,0.5,0.001,2.66544,0.50054
78,268,1,0.01,0.3,0.5,0.001,2.66872,0.48331
79,268,1,0.01,0.3,0.5,0.001,2.70277,0.72164
80,268,1,0.01,0.3,0.5,0.001,2.67029,0.55949
81,268,1,0.01,0.3,0.5,0.001,2.71132,0.71602
82,268,1,0.01,0.3,0.5,0.001,2.67817,0.60118
83,268,1,0.01,0.3,0.5,0.001,2.66693,0.56132
84,268,1,0.01,0.3,0.5,0.001,2.68507,0.63994
85,268,1,0.01,0.3,0.5,0.001,2.66433,0.51341
86,268,1,0.01,0.3,0.5,0.001,2.64845,0.44985
87,268,1,0.01,0.3,0.5,0.001,2.66375,0.51063
88,268,1,0.01,0.3,0.5,0.001,2.65874,0.54152
89,268,1,0.01,0.3,0.5,0.001,2.6523,0.45837
90,268,1,0.01,0.3,0.5,0.001,2.65974,0.52625
91,268,1,0.01,0.3,0.5,0.001,2.69624,0.63671
92,268,1,0.01,0.3,0.5,0.001,2.66743,0.57322
93,268,1,0.01,0.3,0.5,0.001,2.68023,0.59815
94,268,1,0.01,0.3,0.5,0.001,2.6668,0.58594
95,268,1,0.01,0.3,0.5,0.001,2.67098,0.60334
96,268,1,0.01,0.3,0.5,0.001,2.66819,0.50242
97,268,1,0.01,0.3,0.5,0.001,2.66428,0.5197
98,268,1,0.01,0.3,0.5,0.001,2.64526,0.41789
99,268,1,0.01,0.3,0.5,0.001,2.68339,0.67214
0,268,1,0.05,0.3,0.5,0.001,0.66618,0.62258
1,268,1,0.05,0.3,0.5,0.001,0.73014,0.67061
2,268,1,0.05,0.3,0.5,0.001,0.76704,0.6986
3,268,1,0.05,0.3,0.5,0.001,0.71234,0.68298
4,268,1,0.05,0.3,0.5,0.001,0.73324,0.67531
5,268,1,0.05,0.3,0.5,0.001,0.71489,0.68699
6,268,1,0.05,0.3,0.5,0.001,0.68337,0.67003
7,268,1,0.05,0.3,0.5,0.001,0.59246,0.555
8,268,1,0.05,0.3,0.5,0.001,0.74346,0.72008
9,268,1,0.05,0.3,0.5,0.001,0.81694,0.77839
10,268,1,0.05,0.3,0.5,0.001,0.68382,0.63968
11,268,1,0.05,0.3,0.5,0.001,0.66143,0.61853
12,268,1,0.05,0.3,0.5,0.001,0.7358,0.69082
13,268,1,0.05,0.3,0.5,0.001,0.65813,0.62543
14,268,1,0.05,0.3,0.5,0.001,0.79473,0.75781
15,268,1,0.05,0.3,0.5,0.001,0.67957,0.64066
16,268,1,0.05,0.3,0.5,0.001,0.72117,0.67382
17,268,1,0.05,0.3,0.5,0.001,0.6123,0.56558
18,268,1,0.05,0.3,0.5,0.001,0.70666,0.68339
19,268,1,0.05,0.3,0.5,0.001,0.7421,0.7219
20,268,1,0.05,0.3,0.5,0.001,0.78451,0.76872
21,268,1,0.05,0.3,0.5,0.001,0.76776,0.73323
22,268,1,0.05,0.3,0.5,0.001,0.73763,0.70317
23,268,1,0.05,0.3,0.5,0.001,0.67026,0.63552
24,268,1,0.05,0.3,0.5,0.001,0.81717,0.76188
25,268,1,0.05,0.3,0.5,0.001,0.70165,0.66956
26,268,1,0.05,0.3,0.5,0.001,0.70155,0.64208
27,268,1,0.05,0.3,0.5,0.001,0.69704,0.69656
28,268,1,0.05,0.3,0.5,0.001,0.63034,0.61723
29,268,1,0.05,0.3,0.5,0.001,0.70612,0.66487
30,268,1,0.05,0.3,0.5,0.001,0.70879,0.6467
31,268,1,0.05,0.3,0.5,0.001,0.75649,0.7235
32,268,1,0.05,0.3,0.5,0.001,0.71718,0.65964
33,268,1,0.05,0.3,0.5,0.001,0.63667,0.61784
34,268,1,0.05,0.3,0.5,0.001,0.74617,0.71207
35,268,1,0.05,0.3,0.5,0.001,0.74002,0.68351
36,268,1,0.05,0.3,0.5,0.001,0.68432,0.65591
37,268,1,0.05,0.3,0.5,0.001,0.72203,0.68509
38,268,1,0.05,0.3,0.5,0.001,0.73698,0.68333
39,268,1,0.05,0.3,0.5,0.001,0.76878,0.73494
40,268,1,0.05,0.3,0.5,0.001,0.6783,0.62338
41,268,1,0.05,0.3,0.5,0.001,0.80659,0.79599
42,268,1,0.05,0.3,0.5,0.001,0.71414,0.67254
43,268,1,0.05,0.3,0.5,0.001,0.66088,0.60318
44,268,1,0.05,0.3,0.5,0.001,0.63639,0.62555
45,268,1,0.05,0.3,0.5,0.001,0.72333,0.6792
46,268,1,0.05,0.3,0.5,0.001,0.76957,0.73005
47,268,1,0.05,0.3,0.5,0.001,0.71172,0.66269
48,268,1,0.05,0.3,0.5,0.001,0.7087,0.65206
49,268,1,0.05,0.3,0.5,0.001,0.72121,0.67022
50,268,1,0.05,0.3,0.5,0.001,0.75345,0.70476
51,268,1,0.05,0.3,0.5,0.001,0.74832,0.72724
52,268,1,0.05,0.3,0.5,0.001,0.66411,0.61076
53,268,1,0.05,0.3,0.5,0.001,0.63221,0.61894
54,268,1,0.05,0.3,0.5,0.001,0.67273,0.63612
55,268,1,0.05,0.3,0.5,0.001,0.70146,0.67908
56,268,1,0.05,0.3,0.5,0.001,0.72328,0.6704
57,268,1,0.05,0.3,0.5,0.001,0.72108,0.71797
58,268,1,0.05,0.3,0.5,0.001,0.75482,0.70832
59,268,1,0.05,0.3,0.5,0.001,0.77552,0.76557
60,268,1,0.05,0.3,0.5,0.001,0.6918,0.62786
61,268,1,0.05,0.3,0.5,0.001,0.74125,0.68204
62,268,1,0.05,0.3,0.5,0.001,0.72873,0.66984
63,268,1,0.05,0.3,0.5,0.001,0.66999,0.65752
64,268,1,0.05,0.3,0.5,0.001,0.6897,0.6406
65,268,1,0.05,0.3,0.5,0.001,0.72526,0.67855
66,268,1,0.05,0.3,0.5,0.001,0.76514,0.71355
67,268,1,0.05,0.3,0.5,0.001,0.6808,0.63402
68,268,1,0.05,0.3,0.5,0.001,0.73503,0.6577
69,268,1,0.05,0.3,0.5,0.001,0.70431,0.64508
70,268,1,0.05,0.3,0.5,0.001,0.69509,0.65493
71,268,1,0.05,0.3,0.5,0.001,0.79361,0.75211
72,268,1,0.05,0.3,0.5,0.001,0.67091,0.64443
73,268,1,0.05,0.3,0.5,0.001,0.74335,0.73401
74,268,1,0.05,0.3,0.5,0.001,0.67985,0.67767
75,268,1,0.05,0.3,0.5,0.001,0.75717,0.70601
76,268,1,0.05,0.3,0.5,0.001,0.74135,0.73073
77,268,1,0.05,0.3,0.5,0.001,0.69515,0.63057
78,268,1,0.05,0.3,0.5,0.001,0.66913,0.5949
79,268,1,0.05,0.3,0.5,0.001,0.75904,0.73177
80,268,1,0.05,0.3,0.5,0.001,0.68728,0.63493
81,268,1,0.05,0.3,0.5,0.001,0.68791,0.6788
82,268,1,0.05,0.3,0.5,0.001,0.74614,0.73109
83,268,1,0.05,0.3,0.5,0.001,0.68358,0.65152
84,268,1,0.05,0.3,0.5,0.001,0.69209,0.67459
85,268,1,0.05,0.3,0.5,0.001,0.70971,0.68612
86,268,1,0.05,0.3,0.5,0.001,0.7217,0.69173
87,268,1,0.05,0.3,0.5,0.001,0.74104,0.69826
88,268,1,0.05,0.3,0.5,0.001,0.73676,0.71135
89,268,1,0.05,0.3,0.5,0.001,0.74508,0.72629
90,268,1,0.05,0.3,0.5,0.001,0.6302,0.58712
91,268,1,0.05,0.3,0.5,0.001,0.70549,0.67419
92,268,1,0.05,0.3,0.5,0.001,0.72717,0.71505
93,268,1,0.05,0.3,0.5,0.001,0.67755,0.62961
94,268,1,0.05,0.3,0.5,0.001,0.72737,0.6982
95,268,1,0.05,0.3,0.5,0.001,0.68109,0.63855
96,268,1,0.05,0.3,0.5,0.001,0.64669,0.63866
97,268,1,0.05,0.3,0.5,0.001,0.72406,0.68913
98,268,1,0.05,0.3,0.5,0.001,0.65749,0.62752
99,268,1,0.05,0.3,0.5,0.001,0.58245,0.55754
0,268,1,0.2,0.3,0.5,0.001,0.7297,0.72961
1,268,1,0.2,0.3,0.5,0.001,0.71562,0.71579
2,268,1,0.2,0.3,0.5,0.001,0.72858,0.72853
3,268,1,0.2,0.3,0.5,0.001,0.76413,0.76474
4,268,1,0.2,0.3,0.5,0.001,0.7109,0.71121
5,268,1,0.2,0.3,0.5,0.001,0.79898,0.79916
6,268,1,0.2,0.3,0.5,0.001,0.75181,0.75199
7,268,1,0.2,0.3,0.5,0.001,0.73065,0.7315
8,268,1,0.2,0.3,0.5,0.001,0.72594,0.72591
9,268,1,0.2,0.3,0.5,0.001,0.7248,0.72352
10,268,1,0.2,0.3,0.5,0.001,0.6965,0.69589
11,268,1,0.2,0.3,0.5,0.001,0.83841,0.83847
12,268,1,0.2,0.3,0.5,0.001,0.73261,0.73219
13,268,1,0.2,0.3,0.5,0.001,0.76458,0.76459
14,268,1,0.2,0.3,0.5,0.001,0.73577,0.73577
15,268,1,0.2,0.3,0.5,0.001,0.72908,0.72899
16,268,1,0.2,0.3,0.5,0.001,0.69644,0.69597
17,268,1,0.2,0.3,0.5,0.001,0.68655,0.68655
18,268,1,0.2,0.3,0.5,0.001,0.77539,0.77564
19,268,1,0.2,0.3,0.5,0.001,0.65417,0.65425
20,268,1,0.2,0.3,0.5,0.001,0.74155,0.74194
21,268,1,0.2,0.3,0.5,0.001,0.76721,0.76737
22,268,1,0.2,0.3,0.5,0.001,0.68953,0.68992
23,268,1,0.2,0.3,0.5,0.001,0.73463,0.73419
24,268,1,0.2,0.3,0.5,0.001,0.73146,0.73267
25,268,1,0.2,0.3,0.5,0.001,0.74023,0.74024
26,268,1,0.2,0.3,0.5,0.001,0.73547,0.73538
27,268,1,0.2,0.3,0.5,0.001,0.68056,0.67991
28,268,1,0.2,0.3,0.5,0.001,0.7148,0.71535
29,268,1,0.2,0.3,0.5,0.001,0.73967,0.73975
30,268,1,0.2,0.3,0.5,0.001,0.74664,0.74722
31,268,1,0.2,0.3,0.5,0.001,0.74449,0.74394
32,268,1,0.2,0.3,0.5,0.001,0.75504,0.75537
33,268,1,0.2,0.3,0.5,0.001,0.74331,0.74315
34,268,1,0.2,0.3,0.5,0.001,0.74956,0.75008
35,268,1,0.2,0.3,0.5,0.001,0.6993,0.69849
36,268,1,0.2,0.3,0.5,0.001,0.7205,0.72019
37,268,1,0.2,0.3,0.5,0.001,0.75256,0.75332
38,268,1,0.2,0.3,0.5,0.001,0.76989,0.77122
39,268,1,0.2,0.3,0.5,0.001,0.74107,0.74114
40,268,1,0.2,0.3,0.5,0.001,0.76606,0.76594
41,268,1,0.2,0.3,0.5,0.001,0.70255,0.70275
42,268,1,0.2,0.3,0.5,0.001,0.71805,0.71858
43,268,1,0.2,0.3,0.5,0.001,0.72816,0.72858
44,268,1,0.2,0.3,0.5,0.001,0.76388,0.76356
45,268,1,0.2,0.3,0.5,0.001,0.76227,0.76207
46,268,1,0.2,0.3,0.5,0.001,0.71443,0.71487
47,268,1,0.2,0.3,0.5,0.001,0.6685,0.66916
48,268,1,0.2,0.3,0.5,0.001,0.70711,0.70698
49,268,1,0.2,0.3,0.5,0.001,0.72605,0.72629
50,268,1,0.2,0.3,0.5,0.001,0.71647,0.71682
51,268,1,0.2,0.3,0.5,0.001,0.77689,0.77605
52,268,1,0.2,0.3,0.5,0.001,0.73942,0.73964
53,268,1,0.2,0.3,0.5,0.001,0.73115,0.7308
54,268,1,0.2,0.3,0.5,0.001,0.74463,0.74461
55,268,1,0.2,0.3,0.5,0.001,0.7408,0.74126
56,268,1,0.2,0.3,0.5,0.001,0.74037,0.7402
57,268,1,0.2,0.3,0.5,0.001,0.72262,0.72345
58,268,1,0.2,0.3,0.5,0.001,0.75483,0.75465
59,268,1,0.2,0.3,0.5,0.001,0.73459,0.73386
60,268,1,0.2,0.3,0.5,0.001,0.74081,0.74115
61,268,1,0.2,0.3,0.5,0.001,0.73108,0.73123
62,268,1,0.2,0.3,0.5,0.001,0.69664,0.69635
63,268,1,0.2,0.3,0.5,0.001,0.7766,0.77673
64,268,1,0.2,0.3,0.5,0.001,0.73947,0.73999
65,268,1,0.2,0.3,0.5,0.001,0.73289,0.73389
66,268,1,0.2,0.3,0.5,0.001,0.7582,0.75971
67,268,1,0.2,0.3,0.5,0.001,0.75727,0.75615
68,268,1,0.2,0.3,0.5,0.001,0.72988,0.7299
69,268,1,0.2,0.3,0.5,0.001,0.75703,0.75766
70,268,1,0.2,0.3,0.5,0.001,0.70802,0.70864
71,268,1,0.2,0.3,0.5,0.001,0.72629,0.72651
72,268,1,0.2,0.3,0.5,0.001,0.75139,0.75194
73,268,1,0.2,0.3,0.5,0.001,0.71526,0.71522
74,268,1,0.2,0.3,0.5,0.001,0.70576,0.70547
75,268,1,0.2,0.3,0.5,0.001,0.74115,0.74166
76,268,1,0.2,0.3,0.5,0.001,0.76914,0.76936
77,268,1,0.2,0.3,0.5,0.001,0.80241,0.80265
78,268,1,0.2,0.3,0.5,0.001,0.7773,0.77747
79,268,1,0.2,0.3,0.5,0.001,0.71101,0.71121
80,268,1,0.2,0.3,0.5,0.001,0.79257,0.79256
81,268,1,0.2,0.3,0.5,0.001,0.70571,0.70514
82,268,1,0.2,0.3,0.5,0.001,0.73056,0.72937
83,268,1,0.2,0.3,0.5,0.001,0.76016,0.76088
84,268,1,0.2,0.3,0.5,0.001,0.69308,0.69195
85,268,1,0.2,0.3,0.5,0.001,0.79834,0.79793
86,268,1,0.2,0.3,0.5,0.001,0.74531,0.74593
87,268,1,0.2,0.3,0.5,0.001,0.71138,0.71173
88,268,1,0.2,0.3,0.5,0.001,0.72249,0.72348
89,268,1,0.2,0.3,0.5,0.001,0.81491,0.81506
90,268,1,0.2,0.3,0.5,0.001,0.71362,0.71344
91,268,1,0.2,0.3,0.5,0.001,0.71886,0.71912
92,268,1,0.2,0.3,0.5,0.001,0.71693,0.71688
93,268,1,0.2,0.3,0.5,0.001,0.77714,0.77734
94,268,1,0.2,0.3,0.5,0.001,0.75136,0.75157
95,268,1,0.2,0.3,0.5,0.001,0.70896,0.70987
96,268,1,0.2,0.3,0.5,0.001,0.72665,0.72623
97,268,1,0.2,0.3,0.5,0.001,0.74303,0.74351
98,268,1,0.2,0.3,0.5,0.001,0.69367,0.6941
99,268,1,0.2,0.3,0.5,0.001,0.67457,0.67468
0,316,1,0.01,0.3,0.5,0.001,2.66445,0.5425
1,316,1,0.01,0.3,0.5,0.001,2.6605,0.53809
2,316,1,0.01,0.3,0.5,0.001,2.66604,0.52634
3,316,1,0.01,0.3,0.5,0.001,2.64317,0.44836
4,316,1,0.01,0.3,0.5,0.001,2.65678,0.49536
5,316,1,0.01,0.3,0.5,0.001,2.68944,0.61882
6,316,1,0.01,0.3,0.5,0.001,2.67255,0.58113
7,316,1,0.01,0.3,0.5,0.001,2.68642,0.63488
8,316,1,0.01,0.3,0.5,0.001,2.68571,0.63284
9,316,1,0.01,0.3,0.5,0.001,2.68137,0.58636
10,316,1,0.01,0.3,0.5,0.001,2.65752,0.4995
11,316,1,0.01,0.3,0.5,0.001,2.65461,0.49845
12,316,1,0.01,0.3,0.5,0.001,2.66469,0.48755
13,316,1,0.01,0.3,0.5,0.001,2.68141,0.58975
14,316,1,0.01,0.3,0.5,0.001,2.67232,0.65614
15,316,1,0.01,0.3,0.5,0.001,2.65365,0.52415
16,316,1,0.01,0.3,0.5,0.001,2.67132,0.56168
17,316,1,0.01,0.3,0.5,0.001,2.65335,0.43681
18,316,1,0.01,0.3,0.5,0.001,2.64145,0.45583
19,316,1,0.01,0.3,0.5,0.001,2.6512,0.50606
20,316,1,0.01,0.3,0.5,0.001,2.66886,0.59225
21,316,1,0.01,0.3,0.5,0.001,2.66135,0.53861
22,316,1,0.01,0.3,0.5,0.001,2.6615,0.54488
23,316,1,0.01,0.3,0.5,0.001,2.67461,0.59887
24,316,1,0.01,0.3,0.5,0.001,2.6925,0.66421
25,316,1,0.01,0.3,0.5,0.001,2.68444,0.64044
26,316,1,0.01,0.3,0.5,0.001,2.65266,0.48211
27,316,1,0.01,0.3,0.5,0.001,2.66139,0.57898
28,316,1,0.01,0.3,0.5,0.001,2.66071,0.50671
29,316,1,0.01,0.3,0.5,0.001,2.68691,0.6307
30,316,1,0.01,0.3,0.5,0.001,2.64226,0.4115
31,316,1,0.01,0.3,0.5,0.001,2.65973,0.48433
32,316,1,0.01,0.3,0.5,0.001,2.66225,0.57697
33,316,1,0.01,0.3,0.5,0.001,2.67195,0.51924
34,316,1,0.01,0.3,0.5,0.001,2.67521,0.56441
35,316,1,0.01,0.3,0.5,0.001,2.65944,0.50062
36,316,1,0.01,0.3,0.5,0.001,2.64666,0.38639
37,316,1,0.01,0.3,0.5,0.001,2.65884,0.48559
38,316,1,0.01,0.3,0.5,0.001,2.6615,0.51028
39,316,1,0.01,0.3,0.5,0.001,2.63213,0.39633
40,316,1,0.01,0.3,0.5,0.001,2.65581,0.47513
41,316,1,0.01,0.3,0.5,0.001,2.65791,0.50204
42,316,1,0.01,0.3,0.5,0.001,2.66717,0.49625
43,316,1,0.01,0.3,0.5,0.001,2.65357,0.4774
44,316,1,0.01,0.3,0.5,0.001,2.65542,0.55091
45,316,1,0.01,0.3,0.5,0.001,2.6474,0.50343
46,316,1,0.01,0.3,0.5,0.001,2.67199,0.56339
47,316,1,0.01,0.3,0.5,0.001,2.65799,0.4979
48,316,1,0.01,0.3,0.5,0.001,2.65266,0.51652
49,316,1,0.01,0.3,0.5,0.001,2.64979,0.43388
50,316,1,0.01,0.3,0.5,0.001,2.67007,0.48944
51,316,1,0.01,0.3,0.5,0.001,2.65627,0.43616
52,316,1,0.01,0.3,0.5,0.001,2.66551,0.52822
53,316,1,0.01,0.3,0.5,0.001,2.6461,0.45223
54,316,1,0.01,0.3,0.5,0.001,2.66878,0.50841
55,316,1,0.01,0.3,0.5,0.001,2.67071,0.58643
56,316,1,0.01,0.3,0.5,0.001,2.6616,0.45821
57,316,1,0.01,0.3,0.5,0.001,2.66677,0.52907
58,316,1,0.01,0.3,0.5,0.001,2.66036,0.5367
59,316,1,0.01,0.3,0.5,0.001,2.65151,0.42926
60,316,1,0.01,0.3,0.5,0.001,2.63083,0.35998
61,316,1,0.01,0.3,0.5,0.001,2.76221,0.94665
62,316,1,0.01,0.3,0.5,0.001,2.65143,0.50929
63,316,1,0.01,0.3,0.5,0.001,2.64794,0.48809
64,316,1,0.01,0.3,0.5,0.001,2.66501,0.53302
65,316,1,0.01,0.3,0.5,0.001,2.65662,0.49472
66,316,1,0.01,0.3,0.5,0.001,2.6932,0.69903
67,316,1,0.01,0.3,0.5,0.001,2.67572,0.55432
68,316,1,0.01,0.3,0.5,0.001,2.63938,0.42676
69,316,1,0.01,0.3,0.5,0.001,2.68239,0.65736
70,316,1,0.01,0.3,0.5,0.001,2.65327,0.43158
71,316,1,0.01,0.3,0.5,0.001,2.64775,0.4021
72,316,1,0.01,0.3,0.5,0.001,2.64149,0.44405
73,316,1,0.01,0.3,0.5,0.001,2.66893,0.59216
74,316,1,0.01,0.3,0.5,0.001,2.63892,0.43342
75,316,1,0.01,0.3,0.5,0.001,2.66044,0.56256
76,316,1,0.01,0.3,0.5,0.001,2.64253,0.42669
77,316,1,0.01,0.3,0.5,0.001,2.67193,0.56359
78,316,1,0.01,0.3,0.5,0.001,2.67664,0.59663
79,316,1,0.01,0.3,0.5,0.001,2.65208,0.44974
80,316,1,0.01,0.3,0.5,0.001,2.64619,0.46875
81,316,1,0.01,0.3,0.5,0.001,2.66358,0.50736
82,316,1,0.01,0.3,0.5,0.001,2.66584,0.52027
83,316,1,0.01,0.3,0.5,0.001,2.64324,0.46377
84,316,1,0.01,0.3,0.5,0.001,2.63682,0.45682
85,316,1,0.01,0.3,0.5,0.001,2.648,0.48363
86,316,1,0.01,0.3,0.5,0.001,2.65177,0.44688
87,316,1,0.01,0.3,0.5,0.001,2.68676,0.62429
88,316,1,0.01,0.3,0.5,0.001,2.69488,0.68285
89,316,1,0.01,0.3,0.5,0.001,2.65577,0.5029
90,316,1,0.01,0.3,0.5,0.001,2.6439,0.42888
91,316,1,0.01,0.3,0.5,0.001,2.66287,0.56628
92,316,1,0.01,0.3,0.5,0.001,2.65872,0.50544
93,316,1,0.01,0.3,0.5,0.001,2.66161,0.47566
94,316,1,0.01,0.3,0.5,0.001,2.65958,0.47351
95,316,1,0.01,0.3,0.5,0.001,2.66058,0.50052
96,316,1,0.01,0.3,0.5,0.001,2.68711,0.6111
97,316,1,0.01,0.3,0.5,0.001,2.66047,0.49849
98,316,1,0.01,0.3,0.5,0.001,2.66255,0.51871
99,316,1,0.01,0.3,0.5,0.001,2.6737,0.56177
0,316,1,0.05,0.3,0.5,0.001,0.67554,0.62693
1,316,1,0.05,0.3,0.5,0.001,0.63234,0.59535
2,316,1,0.05,0.3,0.5,0.001,0.64401,0.6248
3,316,1,0.05,0.3,0.5,0.001,0.63766,0.58553
4,316,1,0.05,0.3,0.5,0.001,0.61363,0.60773
5,316,1,0.05,0.3,0.5,0.001,0.68231,0.65661
6,316,1,0.05,0.3,0.5,0.001,0.5791,0.56943
7,316,1,0.05,0.3,0.5,0.001,0.61538,0.56207
8,316,1,0.05,0.3,0.5,0.001,0.63221,0.60276
9,316,1,0.05,0.3,0.5,0.001,0.73236,0.66286
10,316,1,0.05,0.3,0.5,0.001,0.57417,0.53595
11,316,1,0.05,0.3,0.5,0.001,0.62243,0.5609
12,316,1,0.05,0.3,0.5,0.001,0.67519,0.65322
13,316,1,0.05,0.3,0.5,0.001,0.6545,0.63863
14,316,1,0.05,0.3,0.5,0.001,0.66387,0.62927
15,316,1,0.05,0.3,0.5,0.001,0.61866,0.57435
16,316,1,0.05,0.3,0.5,0.001,0.72778,0.68544
17,316,1,0.05,0.3,0.5,0.001,0.58757,0.56771
18,316,1,0.05,0.3,0.5,0.001,0.6431,0.58858
19,316,1,0.05,0.3,0.5,0.001,0.6827,0.63563
20,316,1,0.05,0.3,0.5,0.001,0.7425,0.66033
21,316,1,0.05,0.3,0.5,0.001,0.74992,0.70978
22,316,1,0.05,0.3,0.5,0.001,0.69102,0.6301
23,316,1,0.05,0.3,0.5,0.001,0.5878,0.55047
24,316,1,0.05,0.3,0.5,0.001,0.63538,0.60485
25,316,1,0.05,0.3,0.5,0.001,0.66437,0.63424
26,316,1,0.05,0.3,0.5,0.001,0.64665,0.58675
27,316,1,0.05,0.3,0.5,0.001,0.67436,0.63818
28,316,1,0.05,0.3,0.5,0.001,0.70158,0.62807
29,316,1,0.05,0.3,0.5,0.001,0.62531,0.60182
30,316,1,0.05,0.3,0.5,0.001,0.67053,0.6498
31,316,1,0.05,0.3,0.5,0.001,0.61602,0.56496
32,316,1,0.05,0.3,0.5,0.001,0.62284,0.56937
33,316,1,0.05,0.3,0.5,0.001,0.56397,0.52938
34,316,1,0.05,0.3,0.5,0.001,0.71096,0.66091
35,316,1,0.05,0.3,0.5,0.001,0.62057,0.57296
36,316,1,0.05,0.3,0.5,0.001,0.62468,0.59009
37,316,1,0.05,0.3,0.5,0.001,0.70299,0.6456
38,316,1,0.05,0.3,0.5,0.001,0.73035,0.68272
39,316,1,0.05,0.3,0.5,0.001,0.68061,0.68147
40,316,1,0.05,0.3,0.5,0.001,0.74963,0.68043
41,316,1,0.05,0.3,0.5,0.001,0.60527,0.5607
42,316,1,0.05,0.3,0.5,0.001,0.72315,0.66459
43,316,1,0.05,0.3,0.5,0.001,0.63335,0.5898
44,316,1,0.05,0.3,0.5,0.001,0.81491,0.77776
45,316,1,0.05,0.3,0.5,0.001,0.6217,0.5782
46,316,1,0.05,0.3,0.5,0.001,0.66866,0.62455
47,316,1,0.05,0.3,0.5,0.001,0.63359,0.60081
48,316,1,0.05,0.3,0.5,0.001,0.62238,0.56474
49,316,1,0.05,0.3,0.5,0.001,0.672,0.63377
50,316,1,0.05,0.3,0.5,0.001,0.65553,0.58624
51,316,1,0.05,0.3,0.5,0.001,0.66774,0.64608
52,316,1,0.05,0.3,0.5,0.001,0.65509,0.60038
53,316,1,0.05,0.3,0.5,0.001,0.62459,0.58117
54,316,1,0.05,0.3,0.5,0.001,0.68831,0.63837
55,316,1,0.05,0.3,0.5,0.001,0.62849,0.5874
56,316,1,0.05,0.3,0.5,0.001,0.67977,0.631
57,316,1,0.05,0.3,0.5,0.001,0.67989,0.63849
58,316,1,0.05,0.3,0.5,0.001,0.66319,0.6109
59,316,1,0.05,0.3,0.5,0.001,0.61212,0.60013
60,316,1,0.05,0.3,0.5,0.001,0.65797,0.60785
61,316,1,0.05,0.3,0.5,0.001,0.64506,0.61505
62,316,1,0.05,0.3,0.5,0.001,0.57811,0.54591
63,316,1,0.05,0.3,0.5,0.001,0.7283,0.69213
64,316,1,0.05,0.3,0.5,0.001,0.64989,0.57602
65,316,1,0.05,0.3,0.5,0.001,0.72037,0.66641
66,316,1,0.05,0.3,0.5,0.001,0.6731,0.64676
67,316,1,0.05,0.3,0.5,0.001,0.6274,0.61254
68,316,1,0.05,0.3,0.5,0.001,0.61032,0.56263
69,316,1,0.05,0.3,0.5,0.001,0.66585,0.64127
70,316,1,0.05,0.3,0.5,0.001,0.71353,0.66011
71,316,1,0.05,0.3,0.5,0.001,0.73853,0.70159
72,316,1,0.05,0.3,0.5,0.001,0.59318,0.58036
73,316,1,0.05,0.3,0.5,0.001,0.6227,0.5771
74,316,1,0.05,0.3,0.5,0.001,0.71077,0.66511
75,316,1,0.05,0.3,0.5,0.001,0.64657,0.63732
76,316,1,0.05,0.3,0.5,0.001,0.57149,0.55439
77,316,1,0.05,0.3,0.5,0.001,0.67871,0.66507
78,316,1,0.05,0.3,0.5,0.001,0.63753,0.58331
79,316,1,0.05,0.3,0.5,0.001,0.69052,0.65274
80,316,1,0.05,0.3,0.5,0.001,0.69052,0.64548
81,316,1,0.05,0.3,0.5,0.001,0.6121,0.54155
82,316,1,0.05,0.3,0.5,0.001,0.59118,0.55613
83,316,1,0.05,0.3,0.5,0.001,0.65004,0.60833
84,316,1,0.05,0.3,0.5,0.001,0.73924,0.67681
85,316,1,0.05,0.3,0.5,0.001,0.57549,0.53773
86,316,1,0.05,0.3,0.5,0.001,0.66147,0.60726
87,316,1,0.05,0.3,0.5,0.001,0.61555,0.61732
88,316,1,0.05,0.3,0.5,0.001,0.61494,0.56768
89,316,1,0.05,0.3,0.5,0.001,0.71215,0.65327
90,316,1,0.05,0.3,0.5,0.001,0.65606,0.61795
91,316,1,0.05,0.3,0.5,0.001,0.76782,0.70911
92,316,1,0.05,0.3,0.5,0.001,0.67833,0.66602
93,316,1,0.05,0.3,0.5,0.001,0.69194,0.64763
94,316,1,0.05,0.3,0.5,0.001,0.62356,0.59582
95,316,1,0.05,0.3,0.5,0.001,0.6407,0.6381
96,316,1,0.05,0.3,0.5,0.001,0.60168,0.55409
97,316,1,0.05,0.3,0.5,0.001,0.67661,0.65164
98,316,1,0.05,0.3,0.5,0.001,0.67872,0.62079
99,316,1,0.05,0.3,0.5,0.001,0.66358,0.6419
0,316,1,0.2,0.3,0.5,0.001,0.68868,0.68839
1,316,1,0.2,0.3,0.5,0.001,0.63882,0.63903
2,316,1,0.2,0.3,0.5,0.001,0.67962,0.68079
3,316,1,0.2,0.3,0.5,0.001,0.65773,0.65753
4,316,1,0.2,0.3,0.5,0.001,0.69358,0.69249
5,316,1,0.2,0.3,0.5,0.001,0.65304,0.6529
6,316,1,0.2,0.3,0.5,0.001,0.63131,0.63116
7,316,1,0.2,0.3,0.5,0.001,0.71704,0.71738
8,316,1,0.2,0.3,0.5,0.001,0.65647,0.65642
9,316,1,0.2,0.3,0.5,0.001,0.64031,0.6396
10,316,1,0.2,0.3,0.5,0.001,0.71123,0.70986
11,316,1,0.2,0.3,0.5,0.001,0.74594,0.74618
12,316,1,0.2,0.3,0.5,0.001,0.70483,0.7051
13,316,1,0.2,0.3,0.5,0.001,0.74957,0.7495
14,316,1,0.2,0.3,0.5,0.001,0.75803,0.75732
15,316,1,0.2,0.3,0.5,0.001,0.67997,0.67984
16,316,1,0.2,0.3,0.5,0.001,0.66646,0.66577
17,316,1,0.2,0.3,0.5,0.001,0.672,0.67281
18,316,1,0.2,0.3,0.5,0.001,0.67372,0.67408
19,316,1,0.2,0.3,0.5,0.001,0.67442,0.67417
20,316,1,0.2,0.3,0.5,0.001,0.68889,0.68871
21,316,1,0.2,0.3,0.5,0.001,0.6553,0.65547
22,316,1,0.2,0.3,0.5,0.001,0.69681,0.69636
23,316,1,0.2,0.3,0.5,0.001,0.67163,0.6716
24,316,1,0.2,0.3,0.5,0.001,0.65162,0.65206
25,316,1,0.2,0.3,0.5,0.001,0.674,0.67366
26,316,1,0.2,0.3,0.5,0.001,0.68053,0.6798
27,316,1,0.2,0.3,0.5,0.001,0.65467,0.65444
28,316,1,0.2,0.3,0.5,0.001,0.72495,0.72545
29,316,1,0.2,0.3,0.5,0.001,0.67717,0.67757
30,316,1,0.2,0.3,0.5,0.001,0.66366,0.66351
31,316,1,0.2,0.3,0.5,0.001,0.6692,0.66826
32,316,1,0.2,0.3,0.5,0.001,0.65723,0.65779
33,316,1,0.2,0.3,0.5,0.001,0.62147,0.62094
34,316,1,0.2,0.3,0.5,0.001,0.67086,0.67163
35,316,1,0.2,0.3,0.5,0.001,0.68932,0.68933
36,316,1,0.2,0.3,0.5,0.001,0.68302,0.68371
37,316,1,0.2,0.3,0.5,0.001,0.74944,0.75007
38,316,1,0.2,0.3,0.5,0.001,0.67195,0.67308
39,316,1,0.2,0.3,0.5,0.001,0.65583,0.65592
40,316,1,0.2,0.3,0.5,0.001,0.69248,0.69288
41,316,1,0.2,0.3,0.5,0.001,0.63898,0.63897
42,316,1,0.2,0.3,0.5,0.001,0.70756,0.70783
43,316,1,0.2,0.3,0.5,0.001,0.63884,0.63999
44,316,1,0.2,0.3,0.5,0.001,0.6716,0.67275
45,316,1,0.2,0.3,0.5,0.001,0.65678,0.6569
46,316,1,0.2,0.3,0.5,0.001,0.68732,0.68678
47,316,1,0.2,0.3,0.5,0.001,0.71942,0.71958
48,316,1,0.2,0.3,0.5,0.001,0.68233,0.68326
49,316,1,0.2,0.3,0.5,0.001,0.63034,0.63115
50,316,1,0.2,0.3,0.5,0.001,0.6379,0.63759
51,316,1,0.2,0.3,0.5,0.001,0.65078,0.65067
52,316,1,0.2,0.3,0.5,0.001,0.6321,0.63202
53,316,1,0.2,0.3,0.5,0.001,0.66042,0.66069
54,316,1,0.2,0.3,0.5,0.001,0.71004,0.70903
55,316,1,0.2,0.3,0.5,0.001,0.67753,0.67624
56,316,1,0.2,0.3,0.5,0.001,0.66721,0.66747
57,316,1,0.2,0.3,0.5,0.001,0.65683,0.65685
58,316,1,0.2,0.3,0.5,0.001,0.75363,0.75356
59,316,1,0.2,0.3,0.5,0.001,0.65392,0.65368
60,316,1,0.2,0.3,0.5,0.001,0.69853,0.69888
61,316,1,0.2,0.3,0.5,0.001,0.67071,0.66997
62,316,1,0.2,0.3,0.5,0.001,0.71133,0.71197
63,316,1,0.2,0.3,0.5,0.001,0.72042,0.72043
64,316,1,0.2,0.3,0.5,0.001,0.71372,0.71272
65,316,1,0.2,0.3,0.5,0.001,0.64773,0.64735
66,316,1,0.2,0.3,0.5,0.001,0.63443,0.63445
67,316,1,0.2,0.3,0.5,0.001,0.7052,0.70485
68,316,1,0.2,0.3,0.5,0.001,0.64031,0.64066
69,316,1,0.2,0.3,0.5,0.001,0.72223,0.72142
70,316,1,0.2,0.3,0.5,0.001,0.68811,0.68886
71,316,1,0.2,0.3,0.5,0.001,0.65831,0.65854
72,316,1,0.2,0.3,0.5,0.001,0.64212,0.64095
73,316,1,0.2,0.3,0.5,0.001,0.67478,0.67415
74,316,1,0.2,0.3,0.5,0.001,0.70935,0.70912
75,316,1,0.2,0.3,0.5,0.001,0.66123,0.66132
76,316,1,0.2,0.3,0.5,0.001,0.65966,0.66034
77,316,1,0.2,0.3,0.5,0.001,0.642,0.64213
78,316,1,0.2,0.3,0.5,0.001,0.66207,0.66237
79,316,1,0.2,0.3,0.5,0.001,0.69689,0.69739
80,316,1,0.2,0.3,0.5,0.001,0.68259,0.68223
81,316,1,0.2,0.3,0.5,0.001,0.70557,0.70582
82,316,1,0.2,0.3,0.5,0.001,0.6571,0.65598
83,316,1,0.2,0.3,0.5,0.001,0.60841,0.6086
84,316,1,0.2,0.3,0.5,0.001,0.67951,0.67877
85,316,1,0.2,0.3,0.5,0.001,0.65165,0.65158
86,316,1,0.2,0.3,0.5,0.001,0.65102,0.65076
87,316,1,0.2,0.3,0.5,0.001,0.68147,0.68138
88,316,1,0.2,0.3,0.5,0.001,0.69051,0.69144
89,316,1,0.2,0.3,0.5,0.001,0.68549,0.68472
90,316,1,0.2,0.3,0.5,0.001,0.63188,0.63142
91,316,1,0.2,0.3,0.5,0.001,0.72111,0.72117
92,316,1,0.2,0.3,0.5,0.001,0.64714,0.64684
93,316,1,0.2,0.3,0.5,0.001,0.74093,0.74208
94,316,1,0.2,0.3,0.5,0.001,0.70024,0.70054
95,316,1,0.2,0.3,0.5,0.001,0.69293,0.69303
96,316,1,0.2,0.3,0.5,0.001,0.66679,0.6672
97,316,1,0.2,0.3,0.5,0.001,0.70259,0.70139
98,316,1,0.2,0.3,0.5,0.001,0.67536,0.67469
99,316,1,0.2,0.3,0.5,0.001,0.65722,0.65693
0,372,1,0.01,0.3,0.5,0.001,2.65349,0.50592
1,372,1,0.01,0.3,0.5,0.001,2.67035,0.56839
2,372,1,0.01,0.3,0.5,0.001,2.65003,0.45771
3,372,1,0.01,0.3,0.5,0.001,2.63413,0.41068
4,372,1,0.01,0.3,0.5,0.001,2.6628,0.53772
5,372,1,0.01,0.3,0.5,0.001,2.6477,0.43277
6,372,1,0.01,0.3,0.5,0.001,2.66571,0.56096
7,372,1,0.01,0.3,0.5,0.001,2.66468,0.5372
8,372,1,0.01,0.3,0.5,0.001,2.65903,0.45453
9,372,1,0.01,0.3,0.5,0.001,2.67358,0.63101
10,372,1,0.01,0.3,0.5,0.001,2.63966,0.39402
11,372,1,0.01,0.3,0.5,0.001,2.63518,0.3826
12,372,1,0.01,0.3,0.5,0.001,2.65976,0.53591
13,372,1,0.01,0.3,0.5,0.001,2.63862,0.36867
14,372,1,0.01,0.3,0.5,0.001,2.65384,0.50587
15,372,1,0.01,0.3,0.5,0.001,2.64944,0.43965
16,372,1,0.01,0.3,0.5,0.001,2.68718,0.67909
17,372,1,0.01,0.3,0.5,0.001,2.66365,0.56298
18,372,1,0.01,0.3,0.5,0.001,2.68189,0.52679
19,372,1,0.01,0.3,0.5,0.001,2.64207,0.38377
20,372,1,0.01,0.3,0.5,0.001,2.68136,0.60886
21,372,1,0.01,0.3,0.5,0.001,2.64392,0.36725
22,372,1,0.01,0.3,0.5,0.001,2.65062,0.39283
23,372,1,0.01,0.3,0.5,0.001,2.63439,0.43489
24,372,1,0.01,0.3,0.5,0.001,2.66487,0.51602
25,372,1,0.01,0.3,0.5,0.001,2.6601,0.52919
26,372,1,0.01,0.3,0.5,0.001,2.64023,0.38157
27,372,1,0.01,0.3,0.5,0.001,2.64404,0.43888
28,372,1,0.01,0.3,0.5,0.001,2.64955,0.48265
29,372,1,0.01,0.3,0.5,0.001,2.65294,0.48164
30,372,1,0.01,0.3,0.5,0.001,2.65342,0.4613
31,372,1,0.01,0.3,0.5,0.001,2.64966,0.42842
32,372,1,0.01,0.3,0.5,0.001,2.65475,0.46487
33,372,1,0.01,0.3,0.5,0.001,2.64885,0.52272
34,372,1,0.01,0.3,0.5,0.001,2.65658,0.46565
35,372,1,0.01,0.3,0.5,0.001,2.64527,0.42522
36,372,1,0.01,0.3,0.5,0.001,2.62924,0.36267
37,372,1,0.01,0.3,0.5,0.001,2.66866,0.55675
38,372,1,0.01,0.3,0.5,0.001,2.663,0.56033
39,372,1,0.01,0.3,0.5,0.001,2.65637,0.46371
40,372,1,0.01,0.3,0.5,0.001,2.6581,0.52297
41,372,1,0.01,0.3,0.5,0.001,2.64477,0.4144
42,372,1,0.01,0.3,0.5,0.001,2.66707,0.53993
43,372,1,0.01,0.3,0.5,0.001,2.64612,0.43102
44,372,1,0.01,0.3,0.5,0.001,2.65795,0.49011
45,372,1,0.01,0.3,0.5,0.001,2.64669,0.47
46,372,1,0.01,0.3,0.5,0.001,2.64547,0.42566
47,372,1,0.01,0.3,0.5,0.001,2.64403,0.43395
48,372,1,0.01,0.3,0.5,0.001,2.64658,0.51098
49,372,1,0.01,0.3,0.5,0.001,2.65519,0.50816
50,372,1,0.01,0.3,0.5,0.001,2.65669,0.47162
51,372,1,0.01,0.3,0.5,0.001,2.65709,0.48812
52,372,1,0.01,0.3,0.5,0.001,2.6658,0.50959
53,372,1,0.01,0.3,0.5,0.001,2.65209,0.48836
54,372,1,0.01,0.3,0.5,0.001,2.6438,0.39056
55,372,1,0.01,0.3,0.5,0.001,2.64919,0.41835
56,372,1,0.01,0.3,0.5,0.001,2.67387,0.59146
57,372,1,0.01,0.3,0.5,0.001,2.6551,0.46543
58,372,1,0.01,0.3,0.5,0.001,2.65446,0.46961
59,372,1,0.01,0.3,0.5,0.001,2.65381,0.42711
60,372,1,0.01,0.3,0.5,0.001,2.64847,0.46646
61,372,1,0.01,0.3,0.5,0.001,2.63432,0.34322
62,372,1,0.01,0.3,0.5,0.001,2.66455,0.44874
63,372,1,0.01,0.3,0.5,0.001,2.64178,0.38192
64,372,1,0.01,0.3,0.5,0.001,2.66149,0.50744
65,372,1,0.01,0.3,0.5,0.001,2.656,0.50379
66,372,1,0.01,0.3,0.5,0.001,2.65618,0.5064
67,372,1,0.01,0.3,0.5,0.001,2.64737,0.41136
68,372,1,0.01,0.3,0.5,0.001,2.64685,0.40127
69,372,1,0.01,0.3,0.5,0.001,2.66698,0.5359
70,372,1,0.01,0.3,0.5,0.001,2.6594,0.50168
71,372,1,0.01,0.3,0.5,0.001,2.65232,0.43036
72,372,1,0.01,0.3,0.5,0.001,2.63908,0.44218
73,372,1,0.01,0.3,0.5,0.001,2.64218,0.46251
74,372,1,0.01,0.3,0.5,0.001,2.6331,0.45616
75,372,1,0.01,0.3,0.5,0.001,2.65122,0.48197
76,372,1,0.01,0.3,0.5,0.001,2.65952,0.50539
77,372,1,0.01,0.3,0.5,0.001,2.6576,0.47496
78,372,1,0.01,0.3,0.5,0.001,2.64885,0.47541
79,372,1,0.01,0.3,0.5,0.001,2.64405,0.399
80,372,1,0.01,0.3,0.5,0.001,2.65484,0.4847
81,372,1,0.01,0.3,0.5,0.001,2.6386,0.43555
82,372,1,0.01,0.3,0.5,0.001,2.6498,0.45823
83,372,1,0.01,0.3,0.5,0.001,2.64437,0.42361
84,372,1,0.01,0.3,0.5,0.001,2.6393,0.43757
85,372,1,0.01,0.3,0.5,0.001,2.66241,0.50979
86,372,1,0.01,0.3,0.5,0.001,2.64051,0.42729
87,372,1,0.01,0.3,0.5,0.001,2.65897,0.53822
88,372,1,0.01,0.3,0.5,0.001,2.65313,0.46645
89,372,1,0.01,0.3,0.5,0.001,2.64295,0.42058
90,372,1,0.01,0.3,0.5,0.001,2.63652,0.44125
91,372,1,0.01,0.3,0.5,0.001,2.63788,0.44492
92,372,1,0.01,0.3,0.5,0.001,2.67186,0.55386
93,372,1,0.01,0.3,0.5,0.001,2.66382,0.54163
94,372,1,0.01,0.3,0.5,0.001,2.66051,0.48343
95,372,1,0.01,0.3,0.5,0.001,2.6544,0.518
96,372,1,0.01,0.3,0.5,0.001,2.65412,0.51914
97,372,1,0.01,0.3,0.5,0.001,2.65575,0.55375
98,372,1,0.01,0.3,0.5,0.001,2.6556,0.45456
99,372,1,0.01,0.3,0.5,0.001,2.64643,0.42679
0,372,1,0.05,0.3,0.5,0.001,0.66633,0.62529
1,372,1,0.05,0.3,0.5,0.001,0.63152,0.55176
2,372,1,0.05,0.3,0.5,0.001,0.65668,0.60896
3,372,1,0.05,0.3,0.5,0.001,0.66377,0.60475
4,372,1,0.05,0.3,0.5,0.001,0.60206,0.57985
5,372,1,0.05,0.3,0.5,0.001,0.60498,0.55185
6,372,1,0.05,0.3,0.5,0.001,0.55112,0.54844
7,372,1,0.05,0.3,0.5,0.001,0.60148,0.55158
8,372,1,0.05,0.3,0.5,0.001,0.59601,0.55883
9,372,1,0.05,0.3,0.5,0.001,0.62566,0.56577
10,372,1,0.05,0.3,0.5,0.001,0.5487,0.5151
11,372,1,0.05,0.3,0.5,0.001,0.56554,0.55264
12,372,1,0.05,0.3,0.5,0.001,0.61889,0.54989
13,372,1,0.05,0.3,0.5,0.001,0.62631,0.57625
14,372,1,0.05,0.3,0.5,0.001,0.57724,0.54777
15,372,1,0.05,0.3,0.5,0.001,0.54852,0.53024
16,372,1,0.05,0.3,0.5,0.001,0.58033,0.5323
17,372,1,0.05,0.3,0.5,0.001,0.54259,0.50856
18,372,1,0.05,0.3,0.5,0.001,0.58343,0.51248
19,372,1,0.05,0.3,0.5,0.001,0.62377,0.55248
20,372,1,0.05,0.3,0.5,0.001,0.66361,0.61299
21,372,1,0.05,0.3,0.5,0.001,0.58174,0.52008
22,372,1,0.05,0.3,0.5,0.001,0.61861,0.58295
23,372,1,0.05,0.3,0.5,0.001,0.6367,0.59978
24,372,1,0.05,0.3,0.5,0.001,0.68596,0.64565
25,372,1,0.05,0.3,0.5,0.001,0.58293,0.53335
26,372,1,0.05,0.3,0.5,0.001,0.56159,0.53412
27,372,1,0.05,0.3,0.5,0.001,0.66918,0.58867
28,372,1,0.05,0.3,0.5,0.001,0.55642,0.53266
29,372,1,0.05,0.3,0.5,0.001,0.60499,0.56416
30,372,1,0.05,0.3,0.5,0.001,0.59554,0.56535
31,372,1,0.05,0.3,0.5,0.001,0.66917,0.61617
32,372,1,0.05,0.3,0.5,0.001,0.66294,0.62393
33,372,1,0.05,0.3,0.5,0.001,0.57287,0.50729
34,372,1,0.05,0.3,0.5,0.001,0.6378,0.57245
35,372,1,0.05,0.3,0.5,0.001,0.61262,0.57163
36,372,1,0.05,0.3,0.5,0.001,0.59743,0.56593
37,372,1,0.05,0.3,0.5,0.001,0.67417,0.62211
38,372,1,0.05,0.3,0.5,0.001,0.62937,0.56833
39,372,1,0.05,0.3,0.5,0.001,0.61806,0.58123
40,372,1,0.05,0.3,0.5,0.001,0.58953,0.54628
41,372,1,0.05,0.3,0.5,0.001,0.60159,0.54736
42,372,1,0.05,0.3,0.5,0.001,0.59311,0.51636
43,372,1,0.05,0.3,0.5,0.001,0.62634,0.59046
44,372,1,0.05,0.3,0.5,0.001,0.70256,0.67351
45,372,1,0.05,0.3,0.5,0.001,0.62512,0.58175
46,372,1,0.05,0.3,0.5,0.001,0.60513,0.53253
47,372,1,0.05,0.3,0.5,0.001,0.60705,0.58253
48,372,1,0.05,0.3,0.5,0.001,0.57295,0.52268
49,372,1,0.05,0.3,0.5,0.001,0.63314,0.56244
50,372,1,0.05,0.3,0.5,0.001,0.59862,0.54388
51,372,1,0.05,0.3,0.5,0.001,0.62434,0.59998
52,372,1,0.05,0.3,0.5,0.001,0.58317,0.54289
53,372,1,0.05,0.3,0.5,0.001,0.63808,0.57307
54,372,1,0.05,0.3,0.5,0.001,0.64951,0.58786
55,372,1,0.05,0.3,0.5,0.001,0.59509,0.52531
56,372,1,0.05,0.3,0.5,0.001,0.51767,0.48184
57,372,1,0.05,0.3,0.5,0.001,0.63717,0.55836
58,372,1,0.05,0.3,0.5,0.001,0.65522,0.60095
59,372,1,0.05,0.3,0.5,0.001,0.56346,0.53042
60,372,1,0.05,0.3,0.5,0.001,0.66692,0.63232
61,372,1,0.05,0.3,0.5,0.001,0.55881,0.49814
62,372,1,0.05,0.3,0.5,0.001,0.62693,0.58929
63,372,1,0.05,0.3,0.5,0.001,0.65947,0.64037
64,372,1,0.05,0.3,0.5,0.001,0.59058,0.56315
65,372,1,0.05,0.3,0.5,0.001,0.64384,0.60634
66,372,1,0.05,0.3,0.5,0.001,0.65222,0.61955
67,372,1,0.05,0.3,0.5,0.001,0.59873,0.53666
68,372,1,0.05,0.3,0.5,0.001,0.61195,0.55337
69,372,1,0.05,0.3,0.5,0.001,0.59859,0.53629
70,372,1,0.05,0.3,0.5,0.001,0.72054,0.67171
71,372,1,0.05,0.3,0.5,0.001,0.68703,0.62557
72,372,1,0.05,0.3,0.5,0.001,0.59453,0.55753
73,372,1,0.05,0.3,0.5,0.001,0.61471,0.55807
74,372,1,0.05,0.3,0.5,0.001,0.5777,0.51686
75,372,1,0.05,0.3,0.5,0.001,0.59556,0.55019
76,372,1,0.05,0.3,0.5,0.001,0.56873,0.53386
77,372,1,0.05,0.3,0.5,0.001,0.56237,0.50886
78,372,1,0.05,0.3,0.5,0.001,0.605,0.52826
79,372,1,0.05,0.3,0.5,0.001,0.60926,0.55912
80,372,1,0.05,0.3,0.5,0.001,0.63195,0.6004
81,372,1,0.05,0.3,0.5,0.001,0.59759,0.57613
82,372,1,0.05,0.3,0.5,0.001,0.65698,0.61073
83,372,1,0.05,0.3,0.5,0.001,0.68852,0.64427
84,372,1,0.05,0.3,0.5,0.001,0.58655,0.54834
85,372,1,0.05,0.3,0.5,0.001,0.67581,0.62531
86,372,1,0.05,0.3,0.5,0.001,0.63001,0.59704
87,372,1,0.05,0.3,0.5,0.001,0.58554,0.53269
88,372,1,0.05,0.3,0.5,0.001,0.62493,0.58443
89,372,1,0.05,0.3,0.5,0.001,0.54342,0.49969
90,372,1,0.05,0.3,0.5,0.001,0.62274,0.57426
91,372,1,0.05,0.3,0.5,0.001,0.55473,0.49817
92,372,1,0.05,0.3,0.5,0.001,0.63456,0.61072
93,372,1,0.05,0.3,0.5,0.001,0.63204,0.6046
94,372,1,0.05,0.3,0.5,0.001,0.61149,0.57508
95,372,1,0.05,0.3,0.5,0.001,0.60553,0.54936
96,372,1,0.05,0.3,0.5,0.001,0.55769,0.52889
97,372,1,0.05,0.3,0.5,0.001,0.61696,0.55099
98,372,1,0.05,0.3,0.5,0.001,0.6096,0.55454
99,372,1,0.05,0.3,0.5,0.001,0.60782,0.55478
0,372,1,0.2,0.3,0.5,0.001,0.64483,0.64481
1,372,1,0.2,0.3,0.5,0.001,0.61145,0.61124
2,372,1,0.2,0.3,0.5,0.001,0.59712,0.59704
3,372,1,0.2,0.3,0.5,0.001,0.61178,0.61193
4,372,1,0.2,0.3,0.5,0.001,0.60472,0.60554
5,372,1,0.2,0.3,0.5,0.001,0.61144,0.61144
6,372,1,0.2,0.3,0.5,0.001,0.58419,0.58445
7,372,1,0.2,0.3,0.5,0.001,0.63307,0.63336
8,372,1,0.2,0.3,0.5,0.001,0.67528,0.67446
9,372,1,0.2,0.3,0.5,0.001,0.60571,0.60562
10,372,1,0.2,0.3,0.5,0.001,0.59772,0.5976
11,372,1,0.2,0.3,0.5,0.001,0.63766,0.63675
12,372,1,0.2,0.3,0.5,0.001,0.58629,0.5863
13,372,1,0.2,0.3,0.5,0.001,0.64822,0.64781
14,372,1,0.2,0.3,0.5,0.001,0.5812,0.58136
15,372,1,0.2,0.3,0.5,0.001,0.61281,0.61253
16,372,1,0.2,0.3,0.5,0.001,0.62509,0.62526
17,372,1,0.2,0.3,0.5,0.001,0.60983,0.60965
18,372,1,0.2,0.3,0.5,0.001,0.60652,0.60734
19,372,1,0.2,0.3,0.5,0.001,0.60624,0.60577
20,372,1,0.2,0.3,0.5,0.001,0.64034,0.64009
21,372,1,0.2,0.3,0.5,0.001,0.63107,0.63068
22,372,1,0.2,0.3,0.5,0.001,0.61191,0.6123
23,372,1,0.2,0.3,0.5,0.001,0.61582,0.61483
24,372,1,0.2,0.3,0.5,0.001,0.6017,0.60175
25,372,1,0.2,0.3,0.5,0.001,0.67766,0.67698
26,372,1,0.2,0.3,0.5,0.001,0.60126,0.60159
27,372,1,0.2,0.3,0.5,0.001,0.61464,0.6154
28,372,1,0.2,0.3,0.5,0.001,0.59966,0.59951
29,372,1,0.2,0.3,0.5,0.001,0.64392,0.64325
30,372,1,0.2,0.3,0.5,0.001,0.62445,0.62346
31,372,1,0.2,0.3,0.5,0.001,0.54018,0.54068
32,372,1,0.2,0.3,0.5,0.001,0.64912,0.64869
33,372,1,0.2,0.3,0.5,0.001,0.64452,0.64511
34,372,1,0.2,0.3,0.5,0.001,0.65165,0.65163
35,372,1,0.2,0.3,0.5,0.001,0.65162,0.65118
36,372,1,0.2,0.3,0.5,0.001,0.62471,0.62427
37,372,1,0.2,0.3,0.5,0.001,0.63831,0.63736
38,372,1,0.2,0.3,0.5,0.001,0.62555,0.62495
39,372,1,0.2,0.3,0.5,0.001,0.58357,0.58348
40,372,1,0.2,0.3,0.5,0.001,0.56166,0.56196
41,372,1,0.2,0.3,0.5,0.001,0.61757,0.6167
42,372,1,0.2,0.3,0.5,0.001,0.66872,0.66777
43,372,1,0.2,0.3,0.5,0.001,0.63346,0.63333
44,372,1,0.2,0.3,0.5,0.001,0.58704,0.58715
45,372,1,0.2,0.3,0.5,0.001,0.66439,0.66483
46,372,1,0.2,0.3,0.5,0.001,0.61703,0.61583
47,372,1,0.2,0.3,0.5,0.001,0.63749,0.63751
48,372,1,0.2,0.3,0.5,0.001,0.60883,0.60918
49,372,1,0.2,0.3,0.5,0.001,0.63129,0.6312
50,372,1,0.2,0.3,0.5,0.001,0.64346,0.64297
51,372,1,0.2,0.3,0.5,0.001,0.62987,0.6304
52,372,1,0.2,0.3,0.5,0.001,0.62738,0.62868
53,372,1,0.2,0.3,0.5,0.001,0.61434,0.61445
54,372,1,0.2,0.3,0.5,0.001,0.63159,0.63119
55,372,1,0.2,0.3,0.5,0.001,0.64828,0.64691
56,372,1,0.2,0.3,0.5,0.001,0.61629,0.61477
57,372,1,0.2,0.3,0.5,0.001,0.62908,0.62785
58,372,1,0.2,0.3,0.5,0.001,0.58997,0.58987
59,372,1,0.2,0.3,0.5,0.001,0.62519,0.62576
60,372,1,0.2,0.3,0.5,0.001,0.61292,0.61228
61,372,1,0.2,0.3,0.5,0.001,0.61041,0.61053
62,372,1,0.2,0.3,0.5,0.001,0.58475,0.58445
63,372,1,0.2,0.3,0.5,0.001,0.66653,0.66607
64,372,1,0.2,0.3,0.5,0.001,0.60965,0.60994
65,372,1,0.2,0.3,0.5,0.001,0.60591,0.60489
66,372,1,0.2,0.3,0.5,0.001,0.64056,0.63981
67,372,1,0.2,0.3,0.5,0.001,0.58946,0.58968
68,372,1,0.2,0.3,0.5,0.001,0.63169,0.63208
69,372,1,0.2,0.3,0.5,0.001,0.57848,0.57776
70,372,1,0.2,0.3,0.5,0.001,0.62459,0.62342
71,372,1,0.2,0.3,0.5,0.001,0.62757,0.62678
72,372,1,0.2,0.3,0.5,0.001,0.61891,0.61931
73,372,1,0.2,0.3,0.5,0.001,0.62423,0.62454
74,372,1,0.2,0.3,0.5,0.001,0.5991,0.59932
75,372,1,0.2,0.3,0.5,0.001,0.60079,0.60046
76,372,1,0.2,0.3,0.5,0.001,0.63482,0.63418
77,372,1,0.2,0.3,0.5,0.001,0.60513,0.60541
78,372,1,0.2,0.3,0.5,0.001,0.58255,0.58299
79,372,1,0.2,0.3,0.5,0.001,0.62112,0.62242
80,372,1,0.2,0.3,0.5,0.001,0.60328,0.60332
81,372,1,0.2,0.3,0.5,0.001,0.6133,0.6122
82,372,1,0.2,0.3,0.5,0.001,0.61757,0.61671
83,372,1,0.2,0.3,0.5,0.001,0.6363,0.63611
84,372,1,0.2,0.3,0.5,0.001,0.67242,0.67245
85,372,1,0.2,0.3,0.5,0.001,0.67856,0.67783
86,372,1,0.2,0.3,0.5,0.001,0.65273,0.65295
87,372,1,0.2,0.3,0.5,0.001,0.58843,0.5885
88,372,1,0.2,0.3,0.5,0.001,0.66287,0.66315
89,372,1,0.2,0.3,0.5,0.001,0.63544,0.63506
90,372,1,0.2,0.3,0.5,0.001,0.63016,0.63066
91,372,1,0.2,0.3,0.5,0.001,0.624,0.62346
92,372,1,0.2,0.3,0.5,0.001,0.59212,0.59195
93,372,1,0.2,0.3,0.5,0.001,0.61309,0.61328
94,372,1,0.2,0.3,0.5,0.001,0.62411,0.62425
95,372,1,0.2,0.3,0.5,0.001,0.57735,0.5779
96,372,1,0.2,0.3,0.5,0.001,0.60745,0.60711
97,372,1,0.2,0.3,0.5,0.001,0.62996,0.62993
98,372,1,0.2,0.3,0.5,0.001,0.64134,0.64114
99,372,1,0.2,0.3,0.5,0.001,0.58552,0.58578
0,439,1,0.01,0.3,0.5,0.001,2.6402,0.41905
1,439,1,0.01,0.3,0.5,0.001,2.63692,0.3609
2,439,1,0.01,0.3,0.5,0.001,2.64471,0.43154
3,439,1,0.01,0.3,0.5,0.001,2.66492,0.51793
4,439,1,0.01,0.3,0.5,0.001,2.64291,0.36165
5,439,1,0.01,0.3,0.5,0.001,2.64506,0.3685
6,439,1,0.01,0.3,0.5,0.001,2.64819,0.43526
7,439,1,0.01,0.3,0.5,0.001,2.65031,0.43093
8,439,1,0.01,0.3,0.5,0.001,2.6404,0.37405
9,439,1,0.01,0.3,0.5,0.001,2.64798,0.41269
10,439,1,0.01,0.3,0.5,0.001,2.63936,0.40899
11,439,1,0.01,0.3,0.5,0.001,2.6616,0.5291
12,439,1,0.01,0.3,0.5,0.001,2.64959,0.41589
13,439,1,0.01,0.3,0.5,0.001,2.65005,0.42054
14,439,1,0.01,0.3,0.5,0.001,2.65037,0.44133
15,439,1,0.01,0.3,0.5,0.001,2.65123,0.40143
16,439,1,0.01,0.3,0.5,0.001,2.66104,0.4804
17,439,1,0.01,0.3,0.5,0.001,2.65411,0.48233
18,439,1,0.01,0.3,0.5,0.001,2.63417,0.35401
19,439,1,0.01,0.3,0.5,0.001,2.64294,0.3794
20,439,1,0.01,0.3,0.5,0.001,2.65579,0.43024
21,439,1,0.01,0.3,0.5,0.001,2.65383,0.45074
22,439,1,0.01,0.3,0.5,0.001,2.64978,0.44642
23,439,1,0.01,0.3,0.5,0.001,2.64575,0.42116
24,439,1,0.01,0.3,0.5,0.001,2.64921,0.47171
25,439,1,0.01,0.3,0.5,0.001,2.6398,0.40619
26,439,1,0.01,0.3,0.5,0.001,2.66365,0.52834
27,439,1,0.01,0.3,0.5,0.001,2.63937,0.41872
28,439,1,0.01,0.3,0.5,0.001,2.63836,0.36449
29,439,1,0.01,0.3,0.5,0.001,2.64012,0.40682
30,439,1,0.01,0.3,0.5,0.001,2.63864,0.38815
31,439,1,0.01,0.3,0.5,0.001,2.64302,0.45023
32,439,1,0.01,0.3,0.5,0.001,2.66128,0.45267
33,439,1,0.01,0.3,0.5,0.001,2.65077,0.38272
34,439,1,0.01,0.3,0.5,0.001,2.64471,0.39689
35,439,1,0.01,0.3,0.5,0.001,2.6591,0.48788
36,439,1,0.01,0.3,0.5,0.001,2.64152,0.34988
37,439,1,0.01,0.3,0.5,0.001,2.64087,0.33362
38,439,1,0.01,0.3,0.5,0.001,2.63994,0.36363
39,439,1,0.01,0.3,0.5,0.001,2.64828,0.38942
40,439,1,0.01,0.3,0.5,0.001,2.63515,0.36972
41,439,1,0.01,0.3,0.5,0.001,2.63635,0.33625
42,439,1,0.01,0.3,0.5,0.001,2.65155,0.39525
43,439,1,0.01,0.3,0.5,0.001,2.65149,0.43298
44,439,1,0.01,0.3,0.5,0.001,2.63887,0.38894
45,439,1,0.01,0.3,0.5,0.001,2.63645,0.3869
46,439,1,0.01,0.3,0.5,0.001,2.65625,0.43848
47,439,1,0.01,0.3,0.5,0.001,2.64671,0.43664
48,439,1,0.01,0.3,0.5,0.001,2.63603,0.36146
49,439,1,0.01,0.3,0.5,0.001,2.65289,0.43968
50,439,1,0.01,0.3,0.5,0.001,2.65134,0.44153
51,439,1,0.01,0.3,0.5,0.001,2.6463,0.41899
52,439,1,0.01,0.3,0.5,0.001,2.64731,0.45461
53,439,1,0.01,0.3,0.5,0.001,2.64814,0.37945
54,439,1,0.01,0.3,0.5,0.001,2.64919,0.45097
55,439,1,0.01,0.3,0.5,0.001,2.64514,0.39557
56,439,1,0.01,0.3,0.5,0.001,2.6575,0.43245
57,439,1,0.01,0.3,0.5,0.001,2.64191,0.38594
58,439,1,0.01,0.3,0.5,0.001,2.65489,0.43059
59,439,1,0.01,0.3,0.5,0.001,2.64529,0.38518
60,439,1,0.01,0.3,0.5,0.001,2.6555,0.4962
61,439,1,0.01,0.3,0.5,0.001,2.63399,0.38168
62,439,1,0.01,0.3,0.5,0.001,2.65904,0.45963
63,439,1,0.01,0.3,0.5,0.001,2.64716,0.42743
64,439,1,0.01,0.3,0.5,0.001,2.64872,0.51682
65,439,1,0.01,0.3,0.5,0.001,2.65339,0.44018
66,439,1,0.01,0.3,0.5,0.001,2.66039,0.47027
67,439,1,0.01,0.3,0.5,0.001,2.63919,0.39601
68,439,1,0.01,0.3,0.5,0.001,2.64541,0.42902
69,439,1,0.01,0.3,0.5,0.001,2.6621,0.53699
70,439,1,0.01,0.3,0.5,0.001,2.64295,0.40327
71,439,1,0.01,0.3,0.5,0.001,2.65557,0.47784
72,439,1,0.01,0.3,0.5,0.001,2.66862,0.49356
73,439,1,0.01,0.3,0.5,0.001,2.65468,0.48011
74,439,1,0.01,0.3,0.5,0.001,2.64223,0.42742
75,439,1,0.01,0.3,0.5,0.001,2.65292,0.43655
76,439,1,0.01,0.3,0.5,0.001,2.64503,0.40022
77,439,1,0.01,0.3,0.5,0.001,2.66086,0.4878
78,439,1,0.01,0.3,0.5,0.001,2.65061,0.50352
79,439,1,0.01,0.3,0.5,0.001,2.64858,0.40931
80,439,1,0.01,0.3,0.5,0.001,2.63527,0.40363
81,439,1,0.01,0.3,0.5,0.001,2.63985,0.36457
82,439,1,0.01,0.3,0.5,0.001,2.64214,0.44674
83,439,1,0.01,0.3,0.5,0.001,2.64523,0.4045
84,439,1,0.01,0.3,0.5,0.001,2.65683,0.42976
85,439,1,0.01,0.3,0.5,0.001,2.66014,0.52117
86,439,1,0.01,0.3,0.5,0.001,2.65369,0.5051
87,439,1,0.01,0.3,0.5,0.001,2.64317,0.41766
88,439,1,0.01,0.3,0.5,0.001,2.65075,0.47548
89,439,1,0.01,0.3,0.5,0.001,2.64197,0.40188
90,439,1,0.01,0.3,0.5,0.001,2.65867,0.46743
91,439,1,0.01,0.3,0.5,0.001,2.64782,0.41492
92,439,1,0.01,0.3,0.5,0.001,2.63862,0.39998
93,439,1,0.01,0.3,0.5,0.001,2.6583,0.52361
94,439,1,0.01,0.3,0.5,0.001,2.63999,0.40246
95,439,1,0.01,0.3,0.5,0.001,2.6409,0.35767
96,439,1,0.01,0.3,0.5,0.001,2.6466,0.47514
97,439,1,0.01,0.3,0.5,0.001,2.63634,0.42136
98,439,1,0.01,0.3,0.5,0.001,2.63617,0.35193
99,439,1,0.01,0.3,0.5,0.001,2.64931,0.42185
0,439,1,0.05,0.3,0.5,0.001,0.55656,0.50223
1,439,1,0.05,0.3,0.5,0.001,0.59654,0.55948
2,439,1,0.05,0.3,0.5,0.001,0.60636,0.55
3,439,1,0.05,0.3,0.5,0.001,0.59401,0.54082
4,439,1,0.05,0.3,0.5,0.001,0.54468,0.48252
5,439,1,0.05,0.3,0.5,0.001,0.55385,0.49982
6,439,1,0.05,0.3,0.5,0.001,0.62797,0.60333
7,439,1,0.05,0.3,0.5,0.001,0.60312,0.53307
8,439,1,0.05,0.3,0.5,0.001,0.58905,0.52908
9,439,1,0.05,0.3,0.5,0.001,0.55229,0.49744
10,439,1,0.05,0.3,0.5,0.001,0.60415,0.54594
11,439,1,0.05,0.3,0.5,0.001,0.53741,0.50144
12,439,1,0.05,0.3,0.5,0.001,0.55832,0.49046
13,439,1,0.05,0.3,0.5,0.001,0.5801,0.52602
14,439,1,0.05,0.3,0.5,0.001,0.55202,0.50403
15,439,1,0.05,0.3,0.5,0.001,0.64101,0.6026
16,439,1,0.05,0.3,0.5,0.001,0.58908,0.54339
17,439,1,0.05,0.3,0.5,0.001,0.56794,0.52964
18,439,1,0.05,0.3,0.5,0.001,0.53979,0.48734
19,439,1,0.05,0.3,0.5,0.001,0.48176,0.44505
20,439,1,0.05,0.3,0.5,0.001,0.57197,0.51901
21,439,1,0.05,0.3,0.5,0.001,0.58539,0.55341
22,439,1,0.05,0.3,0.5,0.001,0.54267,0.50283
23,439,1,0.05,0.3,0.5,0.001,0.57749,0.53944
24,439,1,0.05,0.3,0.5,0.001,0.55445,0.49674
25,439,1,0.05,0.3,0.5,0.001,0.60435,0.5846
26,439,1,0.05,0.3,0.5,0.001,0.60128,0.54132
27,439,1,0.05,0.3,0.5,0.001,0.52826,0.47903
28,439,1,0.05,0.3,0.5,0.001,0.59728,0.54517
29,439,1,0.05,0.3,0.5,0.001,0.58358,0.5256
30,439,1,0.05,0.3,0.5,0.001,0.58389,0.52865
31,439,1,0.05,0.3,0.5,0.001,0.5705,0.51036
32,439,1,0.05,0.3,0.5,0.001,0.58769,0.53387
33,439,1,0.05,0.3,0.5,0.001,0.64234,0.55866
34,439,1,0.05,0.3,0.5,0.001,0.48398,0.47076
35,439,1,0.05,0.3,0.5,0.001,0.57448,0.54152
36,439,1,0.05,0.3,0.5,0.001,0.53532,0.49927
37,439,1,0.05,0.3,0.5,0.001,0.61381,0.5629
38,439,1,0.05,0.3,0.5,0.001,0.5605,0.50302
39,439,1,0.05,0.3,0.5,0.001,0.543,0.49516
40,439,1,0.05,0.3,0.5,0.001,0.58781,0.54568
41,439,1,0.05,0.3,0.5,0.001,0.56273,0.51198
42,439,1,0.05,0.3,0.5,0.001,0.59749,0.54033
43,439,1,0.05,0.3,0.5,0.001,0.55402,0.49633
44,439,1,0.05,0.3,0.5,0.001,0.52829,0.47328
45,439,1,0.05,0.3,0.5,0.001,0.66252,0.5962
46,439,1,0.05,0.3,0.5,0.001,0.63285,0.58089
47,439,1,0.05,0.3,0.5,0.001,0.54605,0.4897
48,439,1,0.05,0.3,0.5,0.001,0.57312,0.50673
49,439,1,0.05,0.3,0.5,0.001,0.55373,0.5029
50,439,1,0.05,0.3,0.5,0.001,0.5526,0.49569
51,439,1,0.05,0.3,0.5,0.001,0.54096,0.48839
52,439,1,0.05,0.3,0.5,0.001,0.59476,0.56096
53,439,1,0.05,0.3,0.5,0.001,0.49055,0.45547
54,439,1,0.05,0.3,0.5,0.001,0.57722,0.51697
55,439,1,0.05,0.3,0.5,0.001,0.61845,0.58166
56,439,1,0.05,0.3,0.5,0.001,0.55502,0.50884
57,439,1,0.05,0.3,0.5,0.001,0.48885,0.4837
58,439,1,0.05,0.3,0.5,0.001,0.52949,0.48329
59,439,1,0.05,0.3,0.5,0.001,0.55141,0.53178
60,439,1,0.05,0.3,0.5,0.001,0.59146,0.5198
61,439,1,0.05,0.3,0.5,0.001,0.56066,0.49757
62,439,1,0.05,0.3,0.5,0.001,0.57505,0.51823
63,439,1,0.05,0.3,0.5,0.001,0.56261,0.50067
64,439,1,0.05,0.3,0.5,0.001,0.58744,0.53741
65,439,1,0.05,0.3,0.5,0.001,0.58339,0.52282
66,439,1,0.05,0.3,0.5,0.001,0.52456,0.46906
67,439,1,0.05,0.3,0.5,0.001,0.55776,0.52195
68,439,1,0.05,0.3,0.5,0.001,0.63175,0.58046
69,439,1,0.05,0.3,0.5,0.001,0.63193,0.53767
70,439,1,0.05,0.3,0.5,0.001,0.50626,0.43731
71,439,1,0.05,0.3,0.5,0.001,0.54641,0.52272
72,439,1,0.05,0.3,0.5,0.001,0.57482,0.5089
73,439,1,0.05,0.3,0.5,0.001,0.57062,0.53222
74,439,1,0.05,0.3,0.5,0.001,0.52118,0.45159
75,439,1,0.05,0.3,0.5,0.001,0.56671,0.52512
76,439,1,0.05,0.3,0.5,0.001,0.59288,0.55982
77,439,1,0.05,0.3,0.5,0.001,0.60766,0.53254
78,439,1,0.05,0.3,0.5,0.001,0.51353,0.47629
79,439,1,0.05,0.3,0.5,0.001,0.56675,0.53883
80,439,1,0.05,0.3,0.5,0.001,0.55421,0.50987
81,439,1,0.05,0.3,0.5,0.001,0.62845,0.60484
82,439,1,0.05,0.3,0.5,0.001,0.55628,0.51073
83,439,1,0.05,0.3,0.5,0.001,0.66506,0.63924
84,439,1,0.05,0.3,0.5,0.001,0.60264,0.54677
85,439,1,0.05,0.3,0.5,0.001,0.588,0.55604
86,439,1,0.05,0.3,0.5,0.001,0.55985,0.49521
87,439,1,0.05,0.3,0.5,0.001,0.55152,0.49918
88,439,1,0.05,0.3,0.5,0.001,0.54628,0.48358
89,439,1,0.05,0.3,0.5,0.001,0.56977,0.49475
90,439,1,0.05,0.3,0.5,0.001,0.56748,0.5129
91,439,1,0.05,0.3,0.5,0.001,0.60068,0.56207
92,439,1,0.05,0.3,0.5,0.001,0.60606,0.53296
93,439,1,0.05,0.3,0.5,0.001,0.58635,0.51941
94,439,1,0.05,0.3,0.5,0.001,0.55397,0.47024
95,439,1,0.05,0.3,0.5,0.001,0.5274,0.4999
96,439,1,0.05,0.3,0.5,0.001,0.52584,0.49763
97,439,1,0.05,0.3,0.5,0.001,0.57623,0.53379
98,439,1,0.05,0.3,0.5,0.001,0.58803,0.52195
99,439,1,0.05,0.3,0.5,0.001,0.57483,0.50236
0,439,1,0.2,0.3,0.5,0.001,0.5579,0.55689
1,439,1,0.2,0.3,0.5,0.001,0.60143,0.60198
2,439,1,0.2,0.3,0.5,0.001,0.59026,0.59075
3,439,1,0.2,0.3,0.5,0.001,0.56625,0.56671
4,439,1,0.2,0.3,0.5,0.001,0.53702,0.53635
5,439,1,0.2,0.3,0.5,0.001,0.5646,0.56495
6,439,1,0.2,0.3,0.5,0.001,0.55142,0.55078
7,439,1,0.2,0.3,0.5,0.001,0.55082,0.55122
8,439,1,0.2,0.3,0.5,0.001,0.5857,0.58653
9,439,1,0.2,0.3,0.5,0.001,0.53306,0.53331
10,439,1,0.2,0.3,0.5,0.001,0.55202,0.55237
11,439,1,0.2,0.3,0.5,0.001,0.59354,0.59415
12,439,1,0.2,0.3,0.5,0.001,0.57197,0.57262
13,439,1,0.2,0.3,0.5,0.001,0.53041,0.53071
14,439,1,0.2,0.3,0.5,0.001,0.5972,0.59765
15,439,1,0.2,0.3,0.5,0.001,0.60264,0.60266
16,439,1,0.2,0.3,0.5,0.001,0.58428,0.58384
17,439,1,0.2,0.3,0.5,0.001,0.55238,0.55253
18,439,1,0.2,0.3,0.5,0.001,0.55169,0.55133
19,439,1,0.2,0.3,0.5,0.001,0.53662,0.53759
20,439,1,0.2,0.3,0.5,0.001,0.54658,0.54602
21,439,1,0.2,0.3,0.5,0.001,0.55312,0.55307
22,439,1,0.2,0.3,0.5,0.001,0.62339,0.6233
23,439,1,0.2,0.3,0.5,0.001,0.57448,0.57528
24,439,1,0.2,0.3,0.5,0.001,0.55416,0.55296
25,439,1,0.2,0.3,0.5,0.001,0.53918,0.53831
26,439,1,0.2,0.3,0.5,0.001,0.58006,0.57918
27,439,1,0.2,0.3,0.5,0.001,0.52966,0.52996
28,439,1,0.2,0.3,0.5,0.001,0.52414,0.52419
29,439,1,0.2,0.3,0.5,0.001,0.56708,0.56769
30,439,1,0.2,0.3,0.5,0.001,0.55016,0.55037
31,439,1,0.2,0.3,0.5,0.001,0.57132,0.57162
32,439,1,0.2,0.3,0.5,0.001,0.58119,0.58085
33,439,1,0.2,0.3,0.5,0.001,0.53892,0.53947
34,439,1,0.2,0.3,0.5,0.001,0.54037,0.53991
35,439,1,0.2,0.3,0.5,0.001,0.55194,0.55196
36,439,1,0.2,0.3,0.5,0.001,0.53446,0.53462
37,439,1,0.2,0.3,0.5,0.001,0.54361,0.5434
38,439,1,0.2,0.3,0.5,0.001,0.57272,0.57191
39,439,1,0.2,0.3,0.5,0.001,0.59372,0.59374
40,439,1,0.2,0.3,0.5,0.001,0.51014,0.51082
41,439,1,0.2,0.3,0.5,0.001,0.58555,0.58514
42,439,1,0.2,0.3,0.5,0.001,0.57496,0.57461
43,439,1,0.2,0.3,0.5,0.001,0.57709,0.57666
44,439,1,0.2,0.3,0.5,0.001,0.54,0.54056
45,439,1,0.2,0.3,0.5,0.001,0.56246,0.56148
46,439,1,0.2,0.3,0.5,0.001,0.5717,0.57204
47,439,1,0.2,0.3,0.5,0.001,0.55298,0.55226
48,439,1,0.2,0.3,0.5,0.001,0.5725,0.57188
49,439,1,0.2,0.3,0.5,0.001,0.54929,0.54978
50,439,1,0.2,0.3,0.5,0.001,0.577,0.57679
51,439,1,0.2,0.3,0.5,0.001,0.56732,0.56693
52,439,1,0.2,0.3,0.5,0.001,0.63737,0.63727
53,439,1,0.2,0.3,0.5,0.001,0.56413,0.56352
54,439,1,0.2,0.3,0.5,0.001,0.60327,0.6031
55,439,1,0.2,0.3,0.5,0.001,0.56562,0.56627
56,439,1,0.2,0.3,0.5,0.001,0.55481,0.55484
57,439,1,0.2,0.3,0.5,0.001,0.52919,0.52872
58,439,1,0.2,0.3,0.5,0.001,0.55882,0.5582
59,439,1,0.2,0.3,0.5,0.001,0.56464,0.56452
60,439,1,0.2,0.3,0.5,0.001,0.53711,0.53683
61,439,1,0.2,0.3,0.5,0.001,0.5277,0.52763
62,439,1,0.2,0.3,0.5,0.001,0.5501,0.54974
63,439,1,0.2,0.3,0.5,0.001,0.59607,0.59571
64,439,1,0.2,0.3,0.5,0.001,0.57183,0.57243
65,439,1,0.2,0.3,0.5,0.001,0.56202,0.56147
66,439,1,0.2,0.3,0.5,0.001,0.57443,0.57394
67,439,1,0.2,0.3,0.5,0.001,0.57231,0.57227
68,439,1,0.2,0.3,0.5,0.001,0.58876,0.58846
69,439,1,0.2,0.3,0.5,0.001,0.57682,0.57636
70,439,1,0.2,0.3,0.5,0.001,0.53725,0.53778
71,439,1,0.2,0.3,0.5,0.001,0.56655,0.56683
72,439,1,0.2,0.3,0.5,0.001,0.55695,0.55683
73,439,1,0.2,0.3,0.5,0.001,0.58667,0.58624
74,439,1,0.2,0.3,0.5,0.001,0.57289,0.57244
75,439,1,0.2,0.3,0.5,0.001,0.50847,0.50931
76,439,1,0.2,0.3,0.5,0.001,0.56641,0.56657
77,439,1,0.2,0.3,0.5,0.001,0.55359,0.55368
78,439,1,0.2,0.3,0.5,0.001,0.53801,0.53793
79,439,1,0.2,0.3,0.5,0.001,0.57342,0.57296
80,439,1,0.2,0.3,0.5,0.001,0.57531,0.57513
81,439,1,0.2,0.3,0.5,0.001,0.54699,0.54719
82,439,1,0.2,0.3,0.5,0.001,0.55569,0.55612
83,439,1,0.2,0.3,0.5,0.001,0.59182,0.59154
84,439,1,0.2,0.3,0.5,0.001,0.53284,0.53206
85,439,1,0.2,0.3,0.5,0.001,0.56421,0.56315
86,439,1,0.2,0.3,0.5,0.001,0.59732,0.59801
87,439,1,0.2,0.3,0.5,0.001,0.52542,0.5254
88,439,1,0.2,0.3,0.5,0.001,0.61224,0.61277
89,439,1,0.2,0.3,0.5,0.001,0.56647,0.56637
90,439,1,0.2,0.3,0.5,0.001,0.55878,0.55937
91,439,1,0.2,0.3,0.5,0.001,0.5516,0.55215
92,439,1,0.2,0.3,0.5,0.001,0.52529,0.52575
93,439,1,0.2,0.3,0.5,0.001,0.59017,0.59003
94,439,1,0.2,0.3,0.5,0.001,0.55264,0.55238
95,439,1,0.2,0.3,0.5,0.001,0.58764,0.58819
96,439,1,0.2,0.3,0.5,0.001,0.54059,0.54016
97,439,1,0.2,0.3,0.5,0.001,0.61514,0.61532
98,439,1,0.2,0.3,0.5,0.001,0.53796,0.53888
99,439,1,0.2,0.3,0.5,0.001,0.56034,0.55981
0,517,1,0.01,0.3,0.5,0.001,2.6392,0.38814
1,517,1,0.01,0.3,0.5,0.001,2.6446,0.41845
2,517,1,0.01,0.3,0.5,0.001,2.6395,0.39245
3,517,1,0.01,0.3,0.5,0.001,2.6269,0.31147
4,517,1,0.01,0.3,0.5,0.001,2.64012,0.43232
5,517,1,0.01,0.3,0.5,0.001,2.64274,0.35503
6,517,1,0.01,0.3,0.5,0.001,2.62573,0.2848
7,517,1,0.01,0.3,0.5,0.001,2.63589,0.35928
8,517,1,0.01,0.3,0.5,0.001,2.64018,0.39241
9,517,1,0.01,0.3,0.5,0.001,2.64648,0.4191
10,517,1,0.01,0.3,0.5,0.001,2.64026,0.42548
11,517,1,0.01,0.3,0.5,0.001,2.63505,0.37401
12,517,1,0.01,0.3,0.5,0.001,2.64532,0.40243
13,517,1,0.01,0.3,0.5,0.001,2.64294,0.44288
14,517,1,0.01,0.3,0.5,0.001,2.63906,0.33718
15,517,1,0.01,0.3,0.5,0.001,2.64115,0.36806
16,517,1,0.01,0.3,0.5,0.001,2.62877,0.38301
17,517,1,0.01,0.3,0.5,0.001,2.63653,0.37889
18,517,1,0.01,0.3,0.5,0.001,2.65303,0.40084
19,517,1,0.01,0.3,0.5,0.001,2.63222,0.34766
20,517,1,0.01,0.3,0.5,0.001,2.64664,0.39316
21,517,1,0.01,0.3,0.5,0.001,2.6368,0.36785
22,517,1,0.01,0.3,0.5,0.001,2.63335,0.35134
23,517,1,0.01,0.3,0.5,0.001,2.62798,0.40229
24,517,1,0.01,0.3,0.5,0.001,2.62546,0.32819
25,517,1,0.01,0.3,0.5,0.001,2.64484,0.40885
26,517,1,0.01,0.3,0.5,0.001,2.64654,0.40247
27,517,1,0.01,0.3,0.5,0.001,2.64735,0.43938
28,517,1,0.01,0.3,0.5,0.001,2.64385,0.44311
29,517,1,0.01,0.3,0.5,0.001,2.63784,0.40138
30,517,1,0.01,0.3,0.5,0.001,2.63314,0.39282
31,517,1,0.01,0.3,0.5,0.001,2.64002,0.38276
32,517,1,0.01,0.3,0.5,0.001,2.64529,0.38372
33,517,1,0.01,0.3,0.5,0.001,2.63999,0.40657
34,517,1,0.01,0.3,0.5,0.001,2.62955,0.33303
35,517,1,0.01,0.3,0.5,0.001,2.64251,0.48218
36,517,1,0.01,0.3,0.5,0.001,2.63952,0.41658
37,517,1,0.01,0.3,0.5,0.001,2.63677,0.36861
38,517,1,0.01,0.3,0.5,0.001,2.64676,0.42474
39,517,1,0.01,0.3,0.5,0.001,2.63181,0.38746
40,517,1,0.01,0.3,0.5,0.001,2.64051,0.35098
41,517,1,0.01,0.3,0.5,0.001,2.64317,0.39913
42,517,1,0.01,0.3,0.5,0.001,2.64315,0.45634
43,517,1,0.01,0.3,0.5,0.001,2.64074,0.3855
44,517,1,0.01,0.3,0.5,0.001,2.63669,0.35822
45,517,1,0.01,0.3,0.5,0.001,2.6455,0.44254
46,517,1,0.01,0.3,0.5,0.001,2.63432,0.37108
47,517,1,0.01,0.3,0.5,0.001,2.64518,0.42872
48,517,1,0.01,0.3,0.5,0.001,2.63621,0.31838
49,517,1,0.01,0.3,0.5,0.001,2.64131,0.39885
50,517,1,0.01,0.3,0.5,0.001,2.63837,0.38046
51,517,1,0.01,0.3,0.5,0.001,2.65095,0.43984
52,517,1,0.01,0.3,0.5,0.001,2.62735,0.36595
53,517,1,0.01,0.3,0.5,0.001,2.64266,0.38885
54,517,1,0.01,0.3,0.5,0.001,2.64828,0.48755
55,517,1,0.01,0.3,0.5,0.001,2.64033,0.40135
56,517,1,0.01,0.3,0.5,0.001,2.63196,0.3359
57,517,1,0.01,0.3,0.5,0.001,2.63951,0.38028
58,517,1,0.01,0.3,0.5,0.001,2.66161,0.61846
59,517,1,0.01,0.3,0.5,0.001,2.64116,0.41214
60,517,1,0.01,0.3,0.5,0.001,2.63269,0.36386
61,517,1,0.01,0.3,0.5,0.001,2.63265,0.36732
62,517,1,0.01,0.3,0.5,0.001,2.64115,0.39135
63,517,1,0.01,0.3,0.5,0.001,2.64601,0.44824
64,517,1,0.01,0.3,0.5,0.001,2.63471,0.3581
65,517,1,0.01,0.3,0.5,0.001,2.65394,0.42482
66,517,1,0.01,0.3,0.5,0.001,2.65325,0.49536
67,517,1,0.01,0.3,0.5,0.001,2.64104,0.39338
68,517,1,0.01,0.3,0.5,0.001,2.63887,0.38579
69,517,1,0.01,0.3,0.5,0.001,2.64362,0.38279
70,517,1,0.01,0.3,0.5,0.001,2.63688,0.36892
71,517,1,0.01,0.3,0.5,0.001,2.65203,0.42073
72,517,1,0.01,0.3,0.5,0.001,2.63809,0.42763
73,517,1,0.01,0.3,0.5,0.001,2.63581,0.37729
74,517,1,0.01,0.3,0.5,0.001,2.63357,0.38999
75,517,1,0.01,0.3,0.5,0.001,2.63358,0.32533
76,517,1,0.01,0.3,0.5,0.001,2.64397,0.42434
77,517,1,0.01,0.3,0.5,0.001,2.62854,0.34216
78,517,1,0.01,0.3,0.5,0.001,2.64149,0.40742
79,517,1,0.01,0.3,0.5,0.001,2.6492,0.44354
80,517,1,0.01,0.3,0.5,0.001,2.63626,0.39478
81,517,1,0.01,0.3,0.5,0.001,2.62401,0.30394
82,517,1,0.01,0.3,0.5,0.001,2.63709,0.36985
83,517,1,0.01,0.3,0.5,0.001,2.63867,0.39473
84,517,1,0.01,0.3,0.5,0.001,2.64186,0.38437
85,517,1,0.01,0.3,0.5,0.001,2.6447,0.41347
86,517,1,0.01,0.3,0.5,0.001,2.63958,0.38813
87,517,1,0.01,0.3,0.5,0.001,2.64356,0.34538
88,517,1,0.01,0.3,0.5,0.001,2.6382,0.34952
89,517,1,0.01,0.3,0.5,0.001,2.62979,0.36018
90,517,1,0.01,0.3,0.5,0.001,2.64985,0.3982
91,517,1,0.01,0.3,0.5,0.001,2.63776,0.37222
92,517,1,0.01,0.3,0.5,0.001,2.64015,0.47346
93,517,1,0.01,0.3,0.5,0.001,2.65314,0.48442
94,517,1,0.01,0.3,0.5,0.001,2.63263,0.35112
95,517,1,0.01,0.3,0.5,0.001,2.63878,0.37712
96,517,1,0.01,0.3,0.5,0.001,2.64467,0.46869
97,517,1,0.01,0.3,0.5,0.001,2.6331,0.34306
98,517,1,0.01,0.3,0.5,0.001,2.64761,0.41376
99,517,1,0.01,0.3,0.5,0.001,2.65127,0.44312
0,517,1,0.05,0.3,0.5,0.001,0.50517,0.46169
1,517,1,0.05,0.3,0.5,0.001,0.5015,0.45847
2,517,1,0.05,0.3,0.5,0.001,0.50719,0.43928
3,517,1,0.05,0.3,0.5,0.001,0.51174,0.48007
4,517,1,0.05,0.3,0.5,0.001,0.4986,0.45031
5,517,1,0.05,0.3,0.5,0.001,0.47152,0.42879
6,517,1,0.05,0.3,0.5,0.001,0.54039,0.49498
7,517,1,0.05,0.3,0.5,0.001,0.49481,0.46085
8,517,1,0.05,0.3,0.5,0.001,0.54982,0.51826
9,517,1,0.05,0.3,0.5,0.001,0.51382,0.48302
10,517,1,0.05,0.3,0.5,0.001,0.54554,0.47395
11,517,1,0.05,0.3,0.5,0.001,0.60433,0.52328
12,517,1,0.05,0.3,0.5,0.001,0.53197,0.43323
13,517,1,0.05,0.3,0.5,0.001,0.54277,0.48581
14,517,1,0.05,0.3,0.5,0.001,0.54722,0.49112
15,517,1,0.05,0.3,0.5,0.001,0.52033,0.46274
16,517,1,0.05,0.3,0.5,0.001,0.52818,0.48194
17,517,1,0.05,0.3,0.5,0.001,0.55199,0.46964
18,517,1,0.05,0.3,0.5,0.001,0.54715,0.47914
19,517,1,0.05,0.3,0.5,0.001,0.52381,0.45093
20,517,1,0.05,0.3,0.5,0.001,0.55795,0.50708
21,517,1,0.05,0.3,0.5,0.001,0.52163,0.48009
22,517,1,0.05,0.3,0.5,0.001,0.53279,0.4476
23,517,1,0.05,0.3,0.5,0.001,0.49644,0.43963
24,517,1,0.05,0.3,0.5,0.001,0.53079,0.47597
25,517,1,0.05,0.3,0.5,0.001,0.50556,0.47899
26,517,1,0.05,0.3,0.5,0.001,0.60986,0.5032
27,517,1,0.05,0.3,0.5,0.001,0.47005,0.43901
28,517,1,0.05,0.3,0.5,0.001,0.59172,0.50532
29,517,1,0.05,0.3,0.5,0.001,0.48403,0.44814
30,517,1,0.05,0.3,0.5,0.001,0.55548,0.50329
31,517,1,0.05,0.3,0.5,0.001,0.48714,0.45366
32,517,1,0.05,0.3,0.5,0.001,0.54248,0.49579
33,517,1,0.05,0.3,0.5,0.001,0.50641,0.46362
34,517,1,0.05,0.3,0.5,0.001,0.59814,0.52587
35,517,1,0.05,0.3,0.5,0.001,0.49749,0.45535
36,517,1,0.05,0.3,0.5,0.001,0.49518,0.41397
37,517,1,0.05,0.3,0.5,0.001,0.51877,0.46088
38,517,1,0.05,0.3,0.5,0.001,0.46513,0.41948
39,517,1,0.05,0.3,0.5,0.001,0.59045,0.494
40,517,1,0.05,0.3,0.5,0.001,0.54547,0.45818
41,517,1,0.05,0.3,0.5,0.001,0.49738,0.43439
42,517,1,0.05,0.3,0.5,0.001,0.56913,0.50378
43,517,1,0.05,0.3,0.5,0.001,0.50615,0.45592
44,517,1,0.05,0.3,0.5,0.001,0.51484,0.45909
45,517,1,0.05,0.3,0.5,0.001,0.56205,0.51212
46,517,1,0.05,0.3,0.5,0.001,0.52048,0.47331
47,517,1,0.05,0.3,0.5,0.001,0.5028,0.45538
48,517,1,0.05,0.3,0.5,0.001,0.5746,0.5286
49,517,1,0.05,0.3,0.5,0.001,0.52549,0.46223
50,517,1,0.05,0.3,0.5,0.001,0.51024,0.4562
51,517,1,0.05,0.3,0.5,0.001,0.56872,0.49805
52,517,1,0.05,0.3,0.5,0.001,0.5135,0.46692
53,517,1,0.05,0.3,0.5,0.001,0.62597,0.53007
54,517,1,0.05,0.3,0.5,0.001,0.53978,0.48395
55,517,1,0.05,0.3,0.5,0.001,0.5226,0.47148
56,517,1,0.05,0.3,0.5,0.001,0.5553,0.47145
57,517,1,0.05,0.3,0.5,0.001,0.55156,0.49022
58,517,1,0.05,0.3,0.5,0.001,0.49679,0.42996
59,517,1,0.05,0.3,0.5,0.001,0.55016,0.5118
60,517,1,0.05,0.3,0.5,0.001,0.50738,0.45305
61,517,1,0.05,0.3,0.5,0.001,0.48112,0.44323
62,517,1,0.05,0.3,0.5,0.001,0.50569,0.467
63,517,1,0.05,0.3,0.5,0.001,0.54935,0.4865
64,517,1,0.05,0.3,0.5,0.001,0.5365,0.48731
65,517,1,0.05,0.3,0.5,0.001,0.4978,0.46637
66,517,1,0.05,0.3,0.5,0.001,0.53434,0.49238
67,517,1,0.05,0.3,0.5,0.001,0.5053,0.45078
68,517,1,0.05,0.3,0.5,0.001,0.50872,0.43077
69,517,1,0.05,0.3,0.5,0.001,0.57674,0.5372
70,517,1,0.05,0.3,0.5,0.001,0.5153,0.47046
71,517,1,0.05,0.3,0.5,0.001,0.52811,0.45612
72,517,1,0.05,0.3,0.5,0.001,0.50574,0.47649
73,517,1,0.05,0.3,0.5,0.001,0.53802,0.50643
74,517,1,0.05,0.3,0.5,0.001,0.48492,0.44495
75,517,1,0.05,0.3,0.5,0.001,0.53793,0.48877
76,517,1,0.05,0.3,0.5,0.001,0.47797,0.4553
77,517,1,0.05,0.3,0.5,0.001,0.50199,0.47779
78,517,1,0.05,0.3,0.5,0.001,0.4744,0.43139
79,517,1,0.05,0.3,0.5,0.001,0.54094,0.47244
80,517,1,0.05,0.3,0.5,0.001,0.59482,0.55663
81,517,1,0.05,0.3,0.5,0.001,0.58548,0.4945
82,517,1,0.05,0.3,0.5,0.001,0.55376,0.53265
83,517,1,0.05,0.3,0.5,0.001,0.52429,0.46966
84,517,1,0.05,0.3,0.5,0.001,0.52828,0.47554
85,517,1,0.05,0.3,0.5,0.001,0.58613,0.54265
86,517,1,0.05,0.3,0.5,0.001,0.53072,0.45591
87,517,1,0.05,0.3,0.5,0.001,0.5528,0.46616
88,517,1,0.05,0.3,0.5,0.001,0.54118,0.44077
89,517,1,0.05,0.3,0.5,0.001,0.49732,0.45364
90,517,1,0.05,0.3,0.5,0.001,0.5629,0.49762
91,517,1,0.05,0.3,0.5,0.001,0.50896,0.47461
92,517,1,0.05,0.3,0.5,0.001,0.50911,0.44719
93,517,1,0.05,0.3,0.5,0.001,0.53584,0.47623
94,517,1,0.05,0.3,0.5,0.001,0.5525,0.47383
95,517,1,0.05,0.3,0.5,0.001,0.48006,0.44595
96,517,1,0.05,0.3,0.5,0.001,0.52522,0.45772
97,517,1,0.05,0.3,0.5,0.001,0.53517,0.48582
98,517,1,0.05,0.3,0.5,0.001,0.48236,0.42194
99,517,1,0.05,0.3,0.5,0.001,0.52447,0.47936
0,517,1,0.2,0.3,0.5,0.001,0.56447,0.56482
1,517,1,0.2,0.3,0.5,0.001,0.50818,0.5083
2,517,1,0.2,0.3,0.5,0.001,0.5045,0.50556
3,517,1,0.2,0.3,0.5,0.001,0.5074,0.50771
4,517,1,0.2,0.3,0.5,0.001,0.52577,0.52581
5,517,1,0.2,0.3,0.5,0.001,0.51425,0.51433
6,517,1,0.2,0.3,0.5,0.001,0.52268,0.5226
7,517,1,0.2,0.3,0.5,0.001,0.51392,0.51439
8,517,1,0.2,0.3,0.5,0.001,0.52528,0.52525
9,517,1,0.2,0.3,0.5,0.001,0.48381,0.48477
10,517,1,0.2,0.3,0.5,0.001,0.51148,0.51157
11,517,1,0.2,0.3,0.5,0.001,0.515,0.51463
12,517,1,0.2,0.3,0.5,0.001,0.51228,0.51177
13,517,1,0.2,0.3,0.5,0.001,0.5092,0.50891
14,517,1,0.2,0.3,0.5,0.001,0.4886,0.48919
15,517,1,0.2,0.3,0.5,0.001,0.48347,0.48429
16,517,1,0.2,0.3,0.5,0.001,0.51825,0.51929
17,517,1,0.2,0.3,0.5,0.001,0.4865,0.48623
18,517,1,0.2,0.3,0.5,0.001,0.50508,0.50542
19,517,1,0.2,0.3,0.5,0.001,0.48584,0.48594
20,517,1,0.2,0.3,0.5,0.001,0.48193,0.48142
21,517,1,0.2,0.3,0.5,0.001,0.48806,0.48839
22,517,1,0.2,0.3,0.5,0.001,0.51199,0.51272
23,517,1,0.2,0.3,0.5,0.001,0.5217,0.52075
24,517,1,0.2,0.3,0.5,0.001,0.4998,0.49966
25,517,1,0.2,0.3,0.5,0.001,0.5404,0.54088
26,517,1,0.2,0.3,0.5,0.001,0.49447,0.49401
27,517,1,0.2,0.3,0.5,0.001,0.52245,0.52219
28,517,1,0.2,0.3,0.5,0.001,0.48505,0.48536
29,517,1,0.2,0.3,0.5,0.001,0.50648,0.50642
30,517,1,0.2,0.3,0.5,0.001,0.53666,0.5356
31,517,1,0.2,0.3,0.5,0.001,0.53073,0.52989
32,517,1,0.2,0.3,0.5,0.001,0.50022,0.50035
33,517,1,0.2,0.3,0.5,0.001,0.50391,0.50417
34,517,1,0.2,0.3,0.5,0.001,0.557,0.55695
35,517,1,0.2,0.3,0.5,0.001,0.5118,0.51136
36,517,1,0.2,0.3,0.5,0.001,0.5184,0.51831
37,517,1,0.2,0.3,0.5,0.001,0.50897,0.50894
38,517,1,0.2,0.3,0.5,0.001,0.52165,0.52114
39,517,1,0.2,0.3,0.5,0.001,0.50763,0.50806
40,517,1,0.2,0.3,0.5,0.001,0.52561,0.5253
41,517,1,0.2,0.3,0.5,0.001,0.51175,0.51112
42,517,1,0.2,0.3,0.5,0.001,0.50348,0.50303
43,517,1,0.2,0.3,0.5,0.001,0.55697,0.55574
44,517,1,0.2,0.3,0.5,0.001,0.55117,0.55118
45,517,1,0.2,0.3,0.5,0.001,0.51563,0.51588
46,517,1,0.2,0.3,0.5,0.001,0.54702,0.54628
47,517,1,0.2,0.3,0.5,0.001,0.54294,0.5416
48,517,1,0.2,0.3,0.5,0.001,0.47833,0.47801
49,517,1,0.2,0.3,0.5,0.001,0.56002,0.56036
50,517,1,0.2,0.3,0.5,0.001,0.47913,0.47925
51,517,1,0.2,0.3,0.5,0.001,0.5098,0.5097
52,517,1,0.2,0.3,0.5,0.001,0.53727,0.53643
53,517,1,0.2,0.3,0.5,0.001,0.50033,0.5001
54,517,1,0.2,0.3,0.5,0.001,0.52621,0.52666
55,517,1,0.2,0.3,0.5,0.001,0.53813,0.53768
56,517,1,0.2,0.3,0.5,0.001,0.54385,0.54396
57,517,1,0.2,0.3,0.5,0.001,0.53102,0.53074
58,517,1,0.2,0.3,0.5,0.001,0.51704,0.51768
59,517,1,0.2,0.3,0.5,0.001,0.5224,0.52302
60,517,1,0.2,0.3,0.5,0.001,0.5198,0.51938
61,517,1,0.2,0.3,0.5,0.001,0.55944,0.55902
62,517,1,0.2,0.3,0.5,0.001,0.49802,0.49751
63,517,1,0.2,0.3,0.5,0.001,0.53066,0.53051
64,517,1,0.2,0.3,0.5,0.001,0.52053,0.51989
65,517,1,0.2,0.3,0.5,0.001,0.53548,0.53534
66,517,1,0.2,0.3,0.5,0.001,0.52711,0.52727
67,517,1,0.2,0.3,0.5,0.001,0.51443,0.51385
68,517,1,0.2,0.3,0.5,0.001,0.52626,0.52658
69,517,1,0.2,0.3,0.5,0.001,0.49883,0.49988
70,517,1,0.2,0.3,0.5,0.001,0.56398,0.56497
71,517,1,0.2,0.3,0.5,0.001,0.51806,0.5174
72,517,1,0.2,0.3,0.5,0.001,0.52049,0.52015
73,517,1,0.2,0.3,0.5,0.001,0.50176,0.50184
74,517,1,0.2,0.3,0.5,0.001,0.55138,0.55051
75,517,1,0.2,0.3,0.5,0.001,0.59205,0.59155
76,517,1,0.2,0.3,0.5,0.001,0.50631,0.5071
77,517,1,0.2,0.3,0.5,0.001,0.49025,0.48971
78,517,1,0.2,0.3,0.5,0.001,0.50648,0.50591
79,517,1,0.2,0.3,0.5,0.001,0.53644,0.53589
80,517,1,0.2,0.3,0.5,0.001,0.52485,0.52441
81,517,1,0.2,0.3,0.5,0.001,0.53921,0.53789
82,517,1,0.2,0.3,0.5,0.001,0.51182,0.51177
83,517,1,0.2,0.3,0.5,0.001,0.47599,0.47644
84,517,1,0.2,0.3,0.5,0.001,0.52658,0.52547
85,517,1,0.2,0.3,0.5,0.001,0.48387,0.48394
86,517,1,0.2,0.3,0.5,0.001,0.49081,0.4902
87,517,1,0.2,0.3,0.5,0.001,0.47975,0.47983
88,517,1,0.2,0.3,0.5,0.001,0.56254,0.56275
89,517,1,0.2,0.3,0.5,0.001,0.51931,0.51931
90,517,1,0.2,0.3,0.5,0.001,0.512,0.5127
91,517,1,0.2,0.3,0.5,0.001,0.48845,0.48808
92,517,1,0.2,0.3,0.5,0.001,0.511,0.51079
93,517,1,0.2,0.3,0.5,0.001,0.55691,0.55667
94,517,1,0.2,0.3,0.5,0.001,0.53058,0.53159
95,517,1,0.2,0.3,0.5,0.001,0.51025,0.51181
96,517,1,0.2,0.3,0.5,0.001,0.51554,0.51558
97,517,1,0.2,0.3,0.5,0.001,0.49822,0.49797
98,517,1,0.2,0.3,0.5,0.001,0.5431,0.54342
99,517,1,0.2,0.3,0.5,0.001,0.49857,0.49733
0,610,1,0.01,0.3,0.5,0.001,2.63493,0.35526
1,610,1,0.01,0.3,0.5,0.001,2.64021,0.45696
2,610,1,0.01,0.3,0.5,0.001,2.64093,0.41534
3,610,1,0.01,0.3,0.5,0.001,2.63097,0.28219
4,610,1,0.01,0.3,0.5,0.001,2.64188,0.35068
5,610,1,0.01,0.3,0.5,0.001,2.62712,0.3104
6,610,1,0.01,0.3,0.5,0.001,2.64791,0.45155
7,610,1,0.01,0.3,0.5,0.001,2.635,0.33922
8,610,1,0.01,0.3,0.5,0.001,2.65239,0.46196
9,610,1,0.01,0.3,0.5,0.001,2.62763,0.31281
10,610,1,0.01,0.3,0.5,0.001,2.63324,0.38135
11,610,1,0.01,0.3,0.5,0.001,2.6382,0.394
12,610,1,0.01,0.3,0.5,0.001,2.6286,0.31398
13,610,1,0.01,0.3,0.5,0.001,2.64195,0.39857
14,610,1,0.01,0.3,0.5,0.001,2.63673,0.34737
15,610,1,0.01,0.3,0.5,0.001,2.63238,0.33001
16,610,1,0.01,0.3,0.5,0.001,2.63667,0.32321
17,610,1,0.01,0.3,0.5,0.001,2.63423,0.3105
18,610,1,0.01,0.3,0.5,0.001,2.62982,0.31029
19,610,1,0.01,0.3,0.5,0.001,2.64945,0.36445
20,610,1,0.01,0.3,0.5,0.001,2.65412,0.39331
21,610,1,0.01,0.3,0.5,0.001,2.64127,0.39511
22,610,1,0.01,0.3,0.5,0.001,2.62892,0.2809
23,610,1,0.01,0.3,0.5,0.001,2.62442,0.2797
24,610,1,0.01,0.3,0.5,0.001,2.63248,0.37693
25,610,1,0.01,0.3,0.5,0.001,2.64801,0.42596
26,610,1,0.01,0.3,0.5,0.001,2.63479,0.36644
27,610,1,0.01,0.3,0.5,0.001,2.63495,0.34378
28,610,1,0.01,0.3,0.5,0.001,2.6293,0.30658
29,610,1,0.01,0.3,0.5,0.001,2.6329,0.33338
30,610,1,0.01,0.3,0.5,0.001,2.63981,0.44483
31,610,1,0.01,0.3,0.5,0.001,2.64291,0.37008
32,610,1,0.01,0.3,0.5,0.001,2.64096,0.32459
33,610,1,0.01,0.3,0.5,0.001,2.63503,0.34795
34,610,1,0.01,0.3,0.5,0.001,2.6521,0.42232
35,610,1,0.01,0.3,0.5,0.001,2.63194,0.31683
36,610,1,0.01,0.3,0.5,0.001,2.6342,0.37982
37,610,1,0.01,0.3,0.5,0.001,2.6456,0.38911
38,610,1,0.01,0.3,0.5,0.001,2.63219,0.40766
39,610,1,0.01,0.3,0.5,0.001,2.63778,0.40617
40,610,1,0.01,0.3,0.5,0.001,2.63292,0.37852
41,610,1,0.01,0.3,0.5,0.001,2.63757,0.35581
42,610,1,0.01,0.3,0.5,0.001,2.63125,0.33522
43,610,1,0.01,0.3,0.5,0.001,2.63779,0.2945
44,610,1,0.01,0.3,0.5,0.001,2.63784,0.39972
45,610,1,0.01,0.3,0.5,0.001,2.63169,0.34035
46,610,1,0.01,0.3,0.5,0.001,2.64565,0.39508
47,610,1,0.01,0.3,0.5,0.001,2.6306,0.31262
48,610,1,0.01,0.3,0.5,0.001,2.64002,0.36904
49,610,1,0.01,0.3,0.5,0.001,2.63547,0.42303
50,610,1,0.01,0.3,0.5,0.001,2.64304,0.35493
51,610,1,0.01,0.3,0.5,0.001,2.6258,0.29589
52,610,1,0.01,0.3,0.5,0.001,2.63747,0.34906
53,610,1,0.01,0.3,0.5,0.001,2.64145,0.38499
54,610,1,0.01,0.3,0.5,0.001,2.63804,0.32578
55,610,1,0.01,0.3,0.5,0.001,2.64783,0.41669
56,610,1,0.01,0.3,0.5,0.001,2.62951,0.28823
57,610,1,0.01,0.3,0.5,0.001,2.64154,0.33958
58,610,1,0.01,0.3,0.5,0.001,2.63916,0.35451
59,610,1,0.01,0.3,0.5,0.001,2.63702,0.37637
60,610,1,0.01,0.3,0.5,0.001,2.64019,0.36567
61,610,1,0.01,0.3,0.5,0.001,2.64228,0.39362
62,610,1,0.01,0.3,0.5,0.001,2.64066,0.41355
63,610,1,0.01,0.3,0.5,0.001,2.63686,0.30984
64,610,1,0.01,0.3,0.5,0.001,2.64498,0.39673
65,610,1,0.01,0.3,0.5,0.001,2.64258,0.40156
66,610,1,0.01,0.3,0.5,0.001,2.64479,0.41534
67,610,1,0.01,0.3,0.5,0.001,2.6342,0.33514
68,610,1,0.01,0.3,0.5,0.001,2.63547,0.31794
69,610,1,0.01,0.3,0.5,0.001,2.64251,0.39942
70,610,1,0.01,0.3,0.5,0.001,2.63901,0.36478
71,610,1,0.01,0.3,0.5,0.001,2.6271,0.31908
72,610,1,0.01,0.3,0.5,0.001,2.62383,0.2966
73,610,1,0.01,0.3,0.5,0.001,2.6432,0.42865
74,610,1,0.01,0.3,0.5,0.001,2.64588,0.40168
75,610,1,0.01,0.3,0.5,0.001,2.63527,0.29756
76,610,1,0.01,0.3,0.5,0.001,2.63312,0.33966
77,610,1,0.01,0.3,0.5,0.001,2.6331,0.30167
78,610,1,0.01,0.3,0.5,0.001,2.63381,0.35593
79,610,1,0.01,0.3,0.5,0.001,2.64497,0.38712
80,610,1,0.01,0.3,0.5,0.001,2.62929,0.31742
81,610,1,0.01,0.3,0.5,0.001,2.6495,0.41105
82,610,1,0.01,0.3,0.5,0.001,2.63239,0.33462
83,610,1,0.01,0.3,0.5,0.001,2.63529,0.31568
84,610,1,0.01,0.3,0.5,0.001,2.63803,0.342
85,610,1,0.01,0.3,0.5,0.001,2.63551,0.32176
86,610,1,0.01,0.3,0.5,0.001,2.62901,0.29416
87,610,1,0.01,0.3,0.5,0.001,2.64204,0.35804
88,610,1,0.01,0.3,0.5,0.001,2.64092,0.3628
89,610,1,0.01,0.3,0.5,0.001,2.63016,0.3453
90,610,1,0.01,0.3,0.5,0.001,2.6346,0.33451
91,610,1,0.01,0.3,0.5,0.001,2.63321,0.33815
92,610,1,0.01,0.3,0.5,0.001,2.64554,0.42112
93,610,1,0.01,0.3,0.5,0.001,2.6365,0.36695
94,610,1,0.01,0.3,0.5,0.001,2.62722,0.30091
95,610,1,0.01,0.3,0.5,0.001,2.62955,0.33352
96,610,1,0.01,0.3,0.5,0.001,2.63427,0.40209
97,610,1,0.01,0.3,0.5,0.001,2.63274,0.36757
98,610,1,0.01,0.3,0.5,0.001,2.63919,0.33009
99,610,1,0.01,0.3,0.5,0.001,2.647,0.3918
0,610,1,0.05,0.3,0.5,0.001,0.5265,0.47322
1,610,1,0.05,0.3,0.5,0.001,0.46259,0.42883
2,610,1,0.05,0.3,0.5,0.001,0.44126,0.41003
3,610,1,0.05,0.3,0.5,0.001,0.4896,0.42977
4,610,1,0.05,0.3,0.5,0.001,0.48606,0.42003
5,610,1,0.05,0.3,0.5,0.001,0.50539,0.4637
6,610,1,0.05,0.3,0.5,0.001,0.51488,0.42888
7,610,1,0.05,0.3,0.5,0.001,0.47632,0.42852
8,610,1,0.05,0.3,0.5,0.001,0.46435,0.40875
9,610,1,0.05,0.3,0.5,0.001,0.43952,0.38193
10,610,1,0.05,0.3,0.5,0.001,0.45937,0.389
11,610,1,0.05,0.3,0.5,0.001,0.58706,0.49901
12,610,1,0.05,0.3,0.5,0.001,0.44801,0.40987
13,610,1,0.05,0.3,0.5,0.001,0.48857,0.4266
14,610,1,0.05,0.3,0.5,0.001,0.47162,0.41375
15,610,1,0.05,0.3,0.5,0.001,0.53749,0.48503
16,610,1,0.05,0.3,0.5,0.001,0.49742,0.42201
17,610,1,0.05,0.3,0.5,0.001,0.47636,0.4522
18,610,1,0.05,0.3,0.5,0.001,0.51552,0.45487
19,610,1,0.05,0.3,0.5,0.001,0.48388,0.41408
20,610,1,0.05,0.3,0.5,0.001,0.49131,0.42489
21,610,1,0.05,0.3,0.5,0.001,0.4524,0.4157
22,610,1,0.05,0.3,0.5,0.001,0.52903,0.46312
23,610,1,0.05,0.3,0.5,0.001,0.47276,0.43045
24,610,1,0.05,0.3,0.5,0.001,0.51146,0.44992
25,610,1,0.05,0.3,0.5,0.001,0.47247,0.41738
26,610,1,0.05,0.3,0.5,0.001,0.47717,0.40189
27,610,1,0.05,0.3,0.5,0.001,0.48814,0.40924
28,610,1,0.05,0.3,0.5,0.001,0.54581,0.47438
29,610,1,0.05,0.3,0.5,0.001,0.48274,0.39497
30,610,1,0.05,0.3,0.5,0.001,0.50599,0.43649
31,610,1,0.05,0.3,0.5,0.001,0.49914,0.45021
32,610,1,0.05,0.3,0.5,0.001,0.44905,0.39562
33,610,1,0.05,0.3,0.5,0.001,0.45266,0.37594
34,610,1,0.05,0.3,0.5,0.001,0.45701,0.41278
35,610,1,0.05,0.3,0.5,0.001,0.49866,0.46019
36,610,1,0.05,0.3,0.5,0.001,0.53564,0.46012
37,610,1,0.05,0.3,0.5,0.001,0.46934,0.42108
38,610,1,0.05,0.3,0.5,0.001,0.47489,0.4159
39,610,1,0.05,0.3,0.5,0.001,0.48728,0.44698
40,610,1,0.05,0.3,0.5,0.001,0.54184,0.45982
41,610,1,0.05,0.3,0.5,0.001,0.50357,0.44848
42,610,1,0.05,0.3,0.5,0.001,0.50175,0.45182
43,610,1,0.05,0.3,0.5,0.001,0.53243,0.45151
44,610,1,0.05,0.3,0.5,0.001,0.4448,0.40343
45,610,1,0.05,0.3,0.5,0.001,0.51251,0.45071
46,610,1,0.05,0.3,0.5,0.001,0.47208,0.41578
47,610,1,0.05,0.3,0.5,0.001,0.52352,0.49627
48,610,1,0.05,0.3,0.5,0.001,0.40785,0.35981
49,610,1,0.05,0.3,0.5,0.001,0.46325,0.43101
50,610,1,0.05,0.3,0.5,0.001,0.41913,0.37404
51,610,1,0.05,0.3,0.5,0.001,0.49505,0.45698
52,610,1,0.05,0.3,0.5,0.001,0.55317,0.48143
53,610,1,0.05,0.3,0.5,0.001,0.46098,0.41546
54,610,1,0.05,0.3,0.5,0.001,0.49823,0.46659
55,610,1,0.05,0.3,0.5,0.001,0.52277,0.45993
56,610,1,0.05,0.3,0.5,0.001,0.45522,0.41097
57,610,1,0.05,0.3,0.5,0.001,0.48756,0.42148
58,610,1,0.05,0.3,0.5,0.001,0.46729,0.41978
59,610,1,0.05,0.3,0.5,0.001,0.49235,0.41493
60,610,1,0.05,0.3,0.5,0.001,0.49629,0.38951
61,610,1,0.05,0.3,0.5,0.001,0.50707,0.47018
62,610,1,0.05,0.3,0.5,0.001,0.49481,0.43198
63,610,1,0.05,0.3,0.5,0.001,0.42351,0.39498
64,610,1,0.05,0.3,0.5,0.001,0.44967,0.39091
65,610,1,0.05,0.3,0.5,0.001,0.43213,0.37554
66,610,1,0.05,0.3,0.5,0.001,0.49334,0.42784
67,610,1,0.05,0.3,0.5,0.001,0.45975,0.41684
68,610,1,0.05,0.3,0.5,0.001,0.53225,0.44598
69,610,1,0.05,0.3,0.5,0.001,0.48146,0.43246
70,610,1,0.05,0.3,0.5,0.001,0.54819,0.5044
71,610,1,0.05,0.3,0.5,0.001,0.53055,0.44527
72,610,1,0.05,0.3,0.5,0.001,0.51729,0.42558
73,610,1,0.05,0.3,0.5,0.001,0.49997,0.43066
74,610,1,0.05,0.3,0.5,0.001,0.51023,0.47865
75,610,1,0.05,0.3,0.5,0.001,0.49717,0.45263
76,610,1,0.05,0.3,0.5,0.001,0.47622,0.44201
77,610,1,0.05,0.3,0.5,0.001,0.50921,0.43708
78,610,1,0.05,0.3,0.5,0.001,0.5047,0.4302
79,610,1,0.05,0.3,0.5,0.001,0.48539,0.42944
80,610,1,0.05,0.3,0.5,0.001,0.46928,0.40226
81,610,1,0.05,0.3,0.5,0.001,0.52903,0.48145
82,610,1,0.05,0.3,0.5,0.001,0.53297,0.46606
83,610,1,0.05,0.3,0.5,0.001,0.47226,0.39067
84,610,1,0.05,0.3,0.5,0.001,0.50337,0.44105
85,610,1,0.05,0.3,0.5,0.001,0.43991,0.38526
86,610,1,0.05,0.3,0.5,0.001,0.51551,0.43532
87,610,1,0.05,0.3,0.5,0.001,0.43968,0.39474
88,610,1,0.05,0.3,0.5,0.001,0.50786,0.44105
89,610,1,0.05,0.3,0.5,0.001,0.47362,0.41934
90,610,1,0.05,0.3,0.5,0.001,0.45721,0.40407
91,610,1,0.05,0.3,0.5,0.001,0.50672,0.45879
92,610,1,0.05,0.3,0.5,0.001,0.5296,0.48975
93,610,1,0.05,0.3,0.5,0.001,0.48068,0.44763
94,610,1,0.05,0.3,0.5,0.001,0.45679,0.41813
95,610,1,0.05,0.3,0.5,0.001,0.5372,0.48731
96,610,1,0.05,0.3,0.5,0.001,0.4651,0.40221
97,610,1,0.05,0.3,0.5,0.001,0.47895,0.43227
98,610,1,0.05,0.3,0.5,0.001,0.44889,0.38942
99,610,1,0.05,0.3,0.5,0.001,0.4258,0.37404
0,610,1,0.2,0.3,0.5,0.001,0.47938,0.47993
1,610,1,0.2,0.3,0.5,0.001,0.4491,0.44848
2,610,1,0.2,0.3,0.5,0.001,0.48331,0.48349
3,610,1,0.2,0.3,0.5,0.001,0.47793,0.47767
4,610,1,0.2,0.3,0.5,0.001,0.48869,0.4883
5,610,1,0.2,0.3,0.5,0.001,0.47798,0.47762
6,610,1,0.2,0.3,0.5,0.001,0.49172,0.4916
7,610,1,0.2,0.3,0.5,0.001,0.46907,0.46885
8,610,1,0.2,0.3,0.5,0.001,0.48198,0.48171
9,610,1,0.2,0.3,0.5,0.001,0.4824,0.4832
10,610,1,0.2,0.3,0.5,0.001,0.48381,0.48475
11,610,1,0.2,0.3,0.5,0.001,0.46781,0.46698
12,610,1,0.2,0.3,0.5,0.001,0.48304,0.48244
13,610,1,0.2,0.3,0.5,0.001,0.49362,0.49302
14,610,1,0.2,0.3,0.5,0.001,0.48791,0.48734
15,610,1,0.2,0.3,0.5,0.001,0.49947,0.4986
16,610,1,0.2,0.3,0.5,0.001,0.4427,0.44228
17,610,1,0.2,0.3,0.5,0.001,0.48221,0.48244
18,610,1,0.2,0.3,0.5,0.001,0.48973,0.48968
19,610,1,0.2,0.3,0.5,0.001,0.47424,0.47382
20,610,1,0.2,0.3,0.5,0.001,0.47418,0.47437
21,610,1,0.2,0.3,0.5,0.001,0.46242,0.46215
22,610,1,0.2,0.3,0.5,0.001,0.50052,0.50088
23,610,1,0.2,0.3,0.5,0.001,0.46706,0.46654
24,610,1,0.2,0.3,0.5,0.001,0.49577,0.49537
25,610,1,0.2,0.3,0.5,0.001,0.46033,0.46083
26,610,1,0.2,0.3,0.5,0.001,0.49172,0.49202
27,610,1,0.2,0.3,0.5,0.001,0.44688,0.44708
28,610,1,0.2,0.3,0.5,0.001,0.46053,0.46072
29,610,1,0.2,0.3,0.5,0.001,0.47606,0.47593
30,610,1,0.2,0.3,0.5,0.001,0.48399,0.48342
31,610,1,0.2,0.3,0.5,0.001,0.47312,0.47234
32,610,1,0.2,0.3,0.5,0.001,0.46638,0.46665
33,610,1,0.2,0.3,0.5,0.001,0.4566,0.45616
34,610,1,0.2,0.3,0.5,0.001,0.44613,0.44615
35,610,1,0.2,0.3,0.5,0.001,0.43338,0.43429
36,610,1,0.2,0.3,0.5,0.001,0.48054,0.48045
37,610,1,0.2,0.3,0.5,0.001,0.43659,0.43609
38,610,1,0.2,0.3,0.5,0.001,0.45718,0.45669
39,610,1,0.2,0.3,0.5,0.001,0.47174,0.47215
40,610,1,0.2,0.3,0.5,0.001,0.46865,0.46828
41,610,1,0.2,0.3,0.5,0.001,0.47251,0.47205
42,610,1,0.2,0.3,0.5,0.001,0.5024,0.50233
43,610,1,0.2,0.3,0.5,0.001,0.46083,0.46021
44,610,1,0.2,0.3,0.5,0.001,0.48401,0.48453
45,610,1,0.2,0.3,0.5,0.001,0.48263,0.48306
46,610,1,0.2,0.3,0.5,0.001,0.48849,0.48814
47,610,1,0.2,0.3,0.5,0.001,0.46139,0.46198
48,610,1,0.2,0.3,0.5,0.001,0.47356,0.47381
49,610,1,0.2,0.3,0.5,0.001,0.50482,0.50528
50,610,1,0.2,0.3,0.5,0.001,0.53476,0.53401
51,610,1,0.2,0.3,0.5,0.001,0.48121,0.48154
52,610,1,0.2,0.3,0.5,0.001,0.46797,0.46749
53,610,1,0.2,0.3,0.5,0.001,0.45579,0.45573
54,610,1,0.2,0.3,0.5,0.001,0.45731,0.45716
55,610,1,0.2,0.3,0.5,0.001,0.48151,0.48088
56,610,1,0.2,0.3,0.5,0.001,0.50992,0.51007
57,610,1,0.2,0.3,0.5,0.001,0.47042,0.47026
58,610,1,0.2,0.3,0.5,0.001,0.48818,0.48764
59,610,1,0.2,0.3,0.5,0.001,0.46673,0.46716
60,610,1,0.2,0.3,0.5,0.001,0.45109,0.45109
61,610,1,0.2,0.3,0.5,0.001,0.463,0.46324
62,610,1,0.2,0.3,0.5,0.001,0.47888,0.47827
63,610,1,0.2,0.3,0.5,0.001,0.47084,0.47149
64,610,1,0.2,0.3,0.5,0.001,0.45584,0.45629
65,610,1,0.2,0.3,0.5,0.001,0.46618,0.46628
66,610,1,0.2,0.3,0.5,0.001,0.48074,0.4807
67,610,1,0.2,0.3,0.5,0.001,0.46702,0.46717
68,610,1,0.2,0.3,0.5,0.001,0.47833,0.47798
69,610,1,0.2,0.3,0.5,0.001,0.47146,0.47123
70,610,1,0.2,0.3,0.5,0.001,0.50284,0.50276
71,610,1,0.2,0.3,0.5,0.001,0.48327,0.48393
72,610,1,0.2,0.3,0.5,0.001,0.50458,0.50417
73,610,1,0.2,0.3,0.5,0.001,0.47864,0.47864
74,610,1,0.2,0.3,0.5,0.001,0.45124,0.45203
75,610,1,0.2,0.3,0.5,0.001,0.5043,0.50482
76,610,1,0.2,0.3,0.5,0.001,0.48141,0.48059
77,610,1,0.2,0.3,0.5,0.001,0.46463,0.46442
78,610,1,0.2,0.3,0.5,0.001,0.50361,0.5033
79,610,1,0.2,0.3,0.5,0.001,0.46998,0.4711
80,610,1,0.2,0.3,0.5,0.001,0.48505,0.48386
81,610,1,0.2,0.3,0.5,0.001,0.4786,0.47723
82,610,1,0.2,0.3,0.5,0.001,0.48616,0.48637
83,610,1,0.2,0.3,0.5,0.001,0.46433,0.46462
84,610,1,0.2,0.3,0.5,0.001,0.49432,0.49354
85,610,1,0.2,0.3,0.5,0.001,0.45544,0.45515
86,610,1,0.2,0.3,0.5,0.001,0.46535,0.46557
87,610,1,0.2,0.3,0.5,0.001,0.49271,0.49277
88,610,1,0.2,0.3,0.5,0.001,0.47206,0.472
89,610,1,0.2,0.3,0.5,0.001,0.45927,0.4591
90,610,1,0.2,0.3,0.5,0.001,0.47985,0.48002
91,610,1,0.2,0.3,0.5,0.001,0.46811,0.46892
92,610,1,0.2,0.3,0.5,0.001,0.46297,0.46328
93,610,1,0.2,0.3,0.5,0.001,0.48031,0.47978
94,610,1,0.2,0.3,0.5,0.001,0.46567,0.46637
95,610,1,0.2,0.3,0.5,0.001,0.48226,0.48245
96,610,1,0.2,0.3,0.5,0.001,0.47964,0.47964
97,610,1,0.2,0.3,0.5,0.001,0.44776,0.44763
98,610,1,0.2,0.3,0.5,0.001,0.47416,0.47478
99,610,1,0.2,0.3,0.5,0.001,0.4566,0.45656
0,719,1,0.01,0.3,0.5,0.001,2.63418,0.3527
1,719,1,0.01,0.3,0.5,0.001,2.62764,0.28702
2,719,1,0.01,0.3,0.5,0.001,2.64458,0.4264
3,719,1,0.01,0.3,0.5,0.001,2.63838,0.32652
4,719,1,0.01,0.3,0.5,0.001,2.63175,0.31907
5,719,1,0.01,0.3,0.5,0.001,2.63543,0.33518
6,719,1,0.01,0.3,0.5,0.001,2.63928,0.3731
7,719,1,0.01,0.3,0.5,0.001,2.63154,0.34319
8,719,1,0.01,0.3,0.5,0.001,2.63372,0.34689
9,719,1,0.01,0.3,0.5,0.001,2.63022,0.2759
10,719,1,0.01,0.3,0.5,0.001,2.63108,0.2882
11,719,1,0.01,0.3,0.5,0.001,2.63685,0.38536
12,719,1,0.01,0.3,0.5,0.001,2.63129,0.30492
13,719,1,0.01,0.3,0.5,0.001,2.62683,0.30731
14,719,1,0.01,0.3,0.5,0.001,2.62228,0.24204
15,719,1,0.01,0.3,0.5,0.001,2.63122,0.32451
16,719,1,0.01,0.3,0.5,0.001,2.63265,0.32263
17,719,1,0.01,0.3,0.5,0.001,2.62963,0.3025
18,719,1,0.01,0.3,0.5,0.001,2.63987,0.3644
19,719,1,0.01,0.3,0.5,0.001,2.64452,0.39274
20,719,1,0.01,0.3,0.5,0.001,2.63703,0.40323
21,719,1,0.01,0.3,0.5,0.001,2.63335,0.31185
22,719,1,0.01,0.3,0.5,0.001,2.62833,0.29586
23,719,1,0.01,0.3,0.5,0.001,2.63972,0.36145
24,719,1,0.01,0.3,0.5,0.001,2.62741,0.29504
25,719,1,0.01,0.3,0.5,0.001,2.62346,0.2819
26,719,1,0.01,0.3,0.5,0.001,2.62662,0.29622
27,719,1,0.01,0.3,0.5,0.001,2.63611,0.31637
28,719,1,0.01,0.3,0.5,0.001,2.6259,0.27686
29,719,1,0.01,0.3,0.5,0.001,2.63449,0.33186
30,719,1,0.01,0.3,0.5,0.001,2.63201,0.32613
31,719,1,0.01,0.3,0.5,0.001,2.63283,0.36326
32,719,1,0.01,0.3,0.5,0.001,2.62649,0.31786
33,719,1,0.01,0.3,0.5,0.001,2.62396,0.23075
34,719,1,0.01,0.3,0.5,0.001,2.62547,0.25992
35,719,1,0.01,0.3,0.5,0.001,2.62691,0.32655
36,719,1,0.01,0.3,0.5,0.001,2.63809,0.37384
37,719,1,0.01,0.3,0.5,0.001,2.62522,0.27254
38,719,1,0.01,0.3,0.5,0.001,2.63328,0.30634
39,719,1,0.01,0.3,0.5,0.001,2.64035,0.34407
40,719,1,0.01,0.3,0.5,0.001,2.64024,0.37621
41,719,1,0.01,0.3,0.5,0.001,2.63888,0.32213
42,719,1,0.01,0.3,0.5,0.001,2.62919,0.32387
43,719,1,0.01,0.3,0.5,0.001,2.62837,0.28582
44,719,1,0.01,0.3,0.5,0.001,2.62663,0.28704
45,719,1,0.01,0.3,0.5,0.001,2.62899,0.26779
46,719,1,0.01,0.3,0.5,0.001,2.626,0.29093
47,719,1,0.01,0.3,0.5,0.001,2.62494,0.26501
48,719,1,0.01,0.3,0.5,0.001,2.63107,0.3006
49,719,1,0.01,0.3,0.5,0.001,2.63218,0.33814
50,719,1,0.01,0.3,0.5,0.001,2.63585,0.30713
51,719,1,0.01,0.3,0.5,0.001,2.63278,0.31259
52,719,1,0.01,0.3,0.5,0.001,2.63922,0.33066
53,719,1,0.01,0.3,0.5,0.001,2.62859,0.29183
54,719,1,0.01,0.3,0.5,0.001,2.63847,0.37264
55,719,1,0.01,0.3,0.5,0.001,2.63253,0.33609
56,719,1,0.01,0.3,0.5,0.001,2.64296,0.39369
57,719,1,0.01,0.3,0.5,0.001,2.63036,0.3097
58,719,1,0.01,0.3,0.5,0.001,2.63643,0.35885
59,719,1,0.01,0.3,0.5,0.001,2.63031,0.2489
60,719,1,0.01,0.3,0.5,0.001,2.62659,0.28178
61,719,1,0.01,0.3,0.5,0.001,2.63928,0.35155
62,719,1,0.01,0.3,0.5,0.001,2.63563,0.34799
63,719,1,0.01,0.3,0.5,0.001,2.62714,0.31883
64,719,1,0.01,0.3,0.5,0.001,2.63476,0.33732
65,719,1,0.01,0.3,0.5,0.001,2.62732,0.32708
66,719,1,0.01,0.3,0.5,0.001,2.62376,0.28528
67,719,1,0.01,0.3,0.5,0.001,2.62312,0.28008
68,719,1,0.01,0.3,0.5,0.001,2.63248,0.30784
69,719,1,0.01,0.3,0.5,0.001,2.63213,0.2889
70,719,1,0.01,0.3,0.5,0.001,2.63326,0.30753
71,719,1,0.01,0.3,0.5,0.001,2.62616,0.26204
72,719,1,0.01,0.3,0.5,0.001,2.634,0.3602
73,719,1,0.01,0.3,0.5,0.001,2.63284,0.30706
74,719,1,0.01,0.3,0.5,0.001,2.63207,0.28005
75,719,1,0.01,0.3,0.5,0.001,2.62736,0.30847
76,719,1,0.01,0.3,0.5,0.001,2.63296,0.34699
77,719,1,0.01,0.3,0.5,0.001,2.63411,0.31869
78,719,1,0.01,0.3,0.5,0.001,2.637,0.33675
79,719,1,0.01,0.3,0.5,0.001,2.63173,0.30095
80,719,1,0.01,0.3,0.5,0.001,2.62754,0.32556
81,719,1,0.01,0.3,0.5,0.001,2.64451,0.42444
82,719,1,0.01,0.3,0.5,0.001,2.63401,0.30923
83,719,1,0.01,0.3,0.5,0.001,2.63152,0.28005
84,719,1,0.01,0.3,0.5,0.001,2.64161,0.39592
85,719,1,0.01,0.3,0.5,0.001,2.63156,0.28017
86,719,1,0.01,0.3,0.5,0.001,2.63505,0.34643
87,719,1,0.01,0.3,0.5,0.001,2.63456,0.33519
88,719,1,0.01,0.3,0.5,0.001,2.62673,0.2798
89,719,1,0.01,0.3,0.5,0.001,2.63746,0.33402
90,719,1,0.01,0.3,0.5,0.001,2.63161,0.30212
91,719,1,0.01,0.3,0.5,0.001,2.64629,0.39926
92,719,1,0.01,0.3,0.5,0.001,2.62649,0.29048
93,719,1,0.01,0.3,0.5,0.001,2.63462,0.37335
94,719,1,0.01,0.3,0.5,0.001,2.63412,0.30855
95,719,1,0.01,0.3,0.5,0.001,2.62818,0.30162
96,719,1,0.01,0.3,0.5,0.001,2.62801,0.32369
97,719,1,0.01,0.3,0.5,0.001,2.63027,0.29595
98,719,1,0.01,0.3,0.5,0.001,2.63235,0.31595
99,719,1,0.01,0.3,0.5,0.001,2.63571,0.36487
0,719,1,0.05,0.3,0.5,0.001,0.46385,0.38783
1,719,1,0.05,0.3,0.5,0.001,0.43897,0.38517
2,719,1,0.05,0.3,0.5,0.001,0.48592,0.3936
3,719,1,0.05,0.3,0.5,0.001,0.48083,0.39899
4,719,1,0.05,0.3,0.5,0.001,0.45893,0.37834
5,719,1,0.05,0.3,0.5,0.001,0.43638,0.35528
6,719,1,0.05,0.3,0.5,0.001,0.41383,0.37881
7,719,1,0.05,0.3,0.5,0.001,0.52256,0.43764
8,719,1,0.05,0.3,0.5,0.001,0.43584,0.37497
9,719,1,0.05,0.3,0.5,0.001,0.4508,0.37919
10,719,1,0.05,0.3,0.5,0.001,0.49917,0.40808
11,719,1,0.05,0.3,0.5,0.001,0.48628,0.39673
12,719,1,0.05,0.3,0.5,0.001,0.43905,0.37289
13,719,1,0.05,0.3,0.5,0.001,0.47562,0.44439
14,719,1,0.05,0.3,0.5,0.001,0.42193,0.33268
15,719,1,0.05,0.3,0.5,0.001,0.46372,0.38573
16,719,1,0.05,0.3,0.5,0.001,0.49503,0.42947
17,719,1,0.05,0.3,0.5,0.001,0.42622,0.36184
18,719,1,0.05,0.3,0.5,0.001,0.47258,0.38869
19,719,1,0.05,0.3,0.5,0.001,0.50142,0.40194
20,719,1,0.05,0.3,0.5,0.001,0.43283,0.39263
21,719,1,0.05,0.3,0.5,0.001,0.4213,0.357
22,719,1,0.05,0.3,0.5,0.001,0.4454,0.37978
23,719,1,0.05,0.3,0.5,0.001,0.48571,0.41104
24,719,1,0.05,0.3,0.5,0.001,0.48387,0.42012
25,719,1,0.05,0.3,0.5,0.001,0.51565,0.46067
26,719,1,0.05,0.3,0.5,0.001,0.48452,0.40238
27,719,1,0.05,0.3,0.5,0.001,0.46217,0.41434
28,719,1,0.05,0.3,0.5,0.001,0.47334,0.41927
29,719,1,0.05,0.3,0.5,0.001,0.42861,0.36254
30,719,1,0.05,0.3,0.5,0.001,0.42262,0.3644
31,719,1,0.05,0.3,0.5,0.001,0.42629,0.36427
32,719,1,0.05,0.3,0.5,0.001,0.44905,0.37455
33,719,1,0.05,0.3,0.5,0.001,0.46028,0.38945
34,719,1,0.05,0.3,0.5,0.001,0.49069,0.4207
35,719,1,0.05,0.3,0.5,0.001,0.45884,0.40268
36,719,1,0.05,0.3,0.5,0.001,0.47414,0.40467
37,719,1,0.05,0.3,0.5,0.001,0.45832,0.39558
38,719,1,0.05,0.3,0.5,0.001,0.47769,0.42331
39,719,1,0.05,0.3,0.5,0.001,0.45127,0.4079
40,719,1,0.05,0.3,0.5,0.001,0.45279,0.36735
41,719,1,0.05,0.3,0.5,0.001,0.5122,0.41595
42,719,1,0.05,0.3,0.5,0.001,0.43923,0.37582
43,719,1,0.05,0.3,0.5,0.001,0.49937,0.41747
44,719,1,0.05,0.3,0.5,0.001,0.49044,0.39423
45,719,1,0.05,0.3,0.5,0.001,0.48261,0.41996
46,719,1,0.05,0.3,0.5,0.001,0.46468,0.39578
47,719,1,0.05,0.3,0.5,0.001,0.44187,0.40494
48,719,1,0.05,0.3,0.5,0.001,0.44049,0.39936
49,719,1,0.05,0.3,0.5,0.001,0.49487,0.44142
50,719,1,0.05,0.3,0.5,0.001,0.43666,0.39167
51,719,1,0.05,0.3,0.5,0.001,0.45653,0.4013
52,719,1,0.05,0.3,0.5,0.001,0.45988,0.39406
53,719,1,0.05,0.3,0.5,0.001,0.48299,0.38216
54,719,1,0.05,0.3,0.5,0.001,0.45264,0.38139
55,719,1,0.05,0.3,0.5,0.001,0.49579,0.45938
56,719,1,0.05,0.3,0.5,0.001,0.43375,0.36791
57,719,1,0.05,0.3,0.5,0.001,0.41776,0.34986
58,719,1,0.05,0.3,0.5,0.001,0.49631,0.43578
59,719,1,0.05,0.3,0.5,0.001,0.45719,0.39582
60,719,1,0.05,0.3,0.5,0.001,0.47174,0.40169
61,719,1,0.05,0.3,0.5,0.001,0.40322,0.35573
62,719,1,0.05,0.3,0.5,0.001,0.44397,0.37192
63,719,1,0.05,0.3,0.5,0.001,0.43906,0.37617
64,719,1,0.05,0.3,0.5,0.001,0.40512,0.35448
65,719,1,0.05,0.3,0.5,0.001,0.43758,0.37721
66,719,1,0.05,0.3,0.5,0.001,0.45127,0.37303
67,719,1,0.05,0.3,0.5,0.001,0.45615,0.39344
68,719,1,0.05,0.3,0.5,0.001,0.45122,0.39471
69,719,1,0.05,0.3,0.5,0.001,0.45251,0.4056
70,719,1,0.05,0.3,0.5,0.001,0.51028,0.4548
71,719,1,0.05,0.3,0.5,0.001,0.45058,0.4002
72,719,1,0.05,0.3,0.5,0.001,0.45093,0.38421
73,719,1,0.05,0.3,0.5,0.001,0.46592,0.38838
74,719,1,0.05,0.3,0.5,0.001,0.42118,0.37714
75,719,1,0.05,0.3,0.5,0.001,0.44587,0.38988
76,719,1,0.05,0.3,0.5,0.001,0.40143,0.34367
77,719,1,0.05,0.3,0.5,0.001,0.44379,0.37456
78,719,1,0.05,0.3,0.5,0.001,0.4604,0.3966
79,719,1,0.05,0.3,0.5,0.001,0.5048,0.43609
80,719,1,0.05,0.3,0.5,0.001,0.45134,0.3856
81,719,1,0.05,0.3,0.5,0.001,0.44749,0.36404
82,719,1,0.05,0.3,0.5,0.001,0.50778,0.43719
83,719,1,0.05,0.3,0.5,0.001,0.449,0.37808
84,719,1,0.05,0.3,0.5,0.001,0.46657,0.407
85,719,1,0.05,0.3,0.5,0.001,0.47353,0.40604
86,719,1,0.05,0.3,0.5,0.001,0.45054,0.39719
87,719,1,0.05,0.3,0.5,0.001,0.48886,0.40947
88,719,1,0.05,0.3,0.5,0.001,0.50521,0.4508
89,719,1,0.05,0.3,0.5,0.001,0.43344,0.38562
90,719,1,0.05,0.3,0.5,0.001,0.51112,0.43459
91,719,1,0.05,0.3,0.5,0.001,0.48934,0.42303
92,719,1,0.05,0.3,0.5,0.001,0.47267,0.41395
93,719,1,0.05,0.3,0.5,0.001,0.45998,0.39993
94,719,1,0.05,0.3,0.5,0.001,0.4626,0.42847
95,719,1,0.05,0.3,0.5,0.001,0.48051,0.43412
96,719,1,0.05,0.3,0.5,0.001,0.41268,0.36864
97,719,1,0.05,0.3,0.5,0.001,0.46371,0.36847
98,719,1,0.05,0.3,0.5,0.001,0.47151,0.3848
99,719,1,0.05,0.3,0.5,0.001,0.48063,0.42047
0,719,1,0.2,0.3,0.5,0.001,0.44366,0.44326
1,719,1,0.2,0.3,0.5,0.001,0.41769,0.41626
2,719,1,0.2,0.3,0.5,0.001,0.41958,0.41982
3,719,1,0.2,0.3,0.5,0.001,0.43653,0.43642
4,719,1,0.2,0.3,0.5,0.001,0.4711,0.47119
5,719,1,0.2,0.3,0.5,0.001,0.41319,0.41453
6,719,1,0.2,0.3,0.5,0.001,0.4313,0.43061
7,719,1,0.2,0.3,0.5,0.001,0.42449,0.425
8,719,1,0.2,0.3,0.5,0.001,0.41026,0.40972
9,719,1,0.2,0.3,0.5,0.001,0.43489,0.43424
10,719,1,0.2,0.3,0.5,0.001,0.46106,0.46085
11,719,1,0.2,0.3,0.5,0.001,0.40053,0.40135
12,719,1,0.2,0.3,0.5,0.001,0.43266,0.43245
13,719,1,0.2,0.3,0.5,0.001,0.48257,0.48293
14,719,1,0.2,0.3,0.5,0.001,0.43711,0.43657
15,719,1,0.2,0.3,0.5,0.001,0.45387,0.45453
16,719,1,0.2,0.3,0.5,0.001,0.46983,0.46931
17,719,1,0.2,0.3,0.5,0.001,0.42691,0.42736
18,719,1,0.2,0.3,0.5,0.001,0.44682,0.44706
19,719,1,0.2,0.3,0.5,0.001,0.42011,0.42082
20,719,1,0.2,0.3,0.5,0.001,0.46178,0.46157
21,719,1,0.2,0.3,0.5,0.001,0.41995,0.4209
22,719,1,0.2,0.3,0.5,0.001,0.45115,0.45134
23,719,1,0.2,0.3,0.5,0.001,0.40712,0.40702
24,719,1,0.2,0.3,0.5,0.001,0.42354,0.42393
25,719,1,0.2,0.3,0.5,0.001,0.42219,0.42161
26,719,1,0.2,0.3,0.5,0.001,0.43289,0.43306
27,719,1,0.2,0.3,0.5,0.001,0.40876,0.40891
28,719,1,0.2,0.3,0.5,0.001,0.45715,0.45766
29,719,1,0.2,0.3,0.5,0.001,0.45673,0.45672
30,719,1,0.2,0.3,0.5,0.001,0.45108,0.45093
31,719,1,0.2,0.3,0.5,0.001,0.41037,0.41028
32,719,1,0.2,0.3,0.5,0.001,0.45187,0.45142
33,719,1,0.2,0.3,0.5,0.001,0.45755,0.45711
34,719,1,0.2,0.3,0.5,0.001,0.38617,0.38726
35,719,1,0.2,0.3,0.5,0.001,0.43739,0.43699
36,719,1,0.2,0.3,0.5,0.001,0.44467,0.4452
37,719,1,0.2,0.3,0.5,0.001,0.45106,0.45173
38,719,1,0.2,0.3,0.5,0.001,0.42749,0.42773
39,719,1,0.2,0.3,0.5,0.001,0.47931,0.47882
40,719,1,0.2,0.3,0.5,0.001,0.4619,0.46174
41,719,1,0.2,0.3,0.5,0.001,0.45101,0.45071
42,719,1,0.2,0.3,0.5,0.001,0.44146,0.44205
43,719,1,0.2,0.3,0.5,0.001,0.43624,0.43633
44,719,1,0.2,0.3,0.5,0.001,0.42775,0.42813
45,719,1,0.2,0.3,0.5,0.001,0.43481,0.43561
46,719,1,0.2,0.3,0.5,0.001,0.42374,0.42281
47,719,1,0.2,0.3,0.5,0.001,0.45498,0.45457
48,719,1,0.2,0.3,0.5,0.001,0.43576,0.43723
49,719,1,0.2,0.3,0.5,0.001,0.4535,0.45331
50,719,1,0.2,0.3,0.5,0.001,0.40531,0.40545
51,719,1,0.2,0.3,0.5,0.001,0.4295,0.42994
52,719,1,0.2,0.3,0.5,0.001,0.43985,0.44005
53,719,1,0.2,0.3,0.5,0.001,0.4458,0.44589
54,719,1,0.2,0.3,0.5,0.001,0.43559,0.43492
55,719,1,0.2,0.3,0.5,0.001,0.41883,0.41788
56,719,1,0.2,0.3,0.5,0.001,0.45735,0.45712
57,719,1,0.2,0.3,0.5,0.001,0.41572,0.41668
58,719,1,0.2,0.3,0.5,0.001,0.42456,0.42375
59,719,1,0.2,0.3,0.5,0.001,0.45772,0.45861
60,719,1,0.2,0.3,0.5,0.001,0.45998,0.46011
61,719,1,0.2,0.3,0.5,0.001,0.43881,0.43847
62,719,1,0.2,0.3,0.5,0.001,0.44827,0.44722
63,719,1,0.2,0.3,0.5,0.001,0.4234,0.42343
64,719,1,0.2,0.3,0.5,0.001,0.44267,0.44205
65,719,1,0.2,0.3,0.5,0.001,0.45012,0.44865
66,719,1,0.2,0.3,0.5,0.001,0.42939,0.42959
67,719,1,0.2,0.3,0.5,0.001,0.44123,0.44138
68,719,1,0.2,0.3,0.5,0.001,0.42421,0.42413
69,719,1,0.2,0.3,0.5,0.001,0.41953,0.41903
70,719,1,0.2,0.3,0.5,0.001,0.43843,0.43745
71,719,1,0.2,0.3,0.5,0.001,0.40822,0.40773
72,719,1,0.2,0.3,0.5,0.001,0.43684,0.43708
73,719,1,0.2,0.3,0.5,0.001,0.46055,0.46037
74,719,1,0.2,0.3,0.5,0.001,0.42275,0.42248
75,719,1,0.2,0.3,0.5,0.001,0.43758,0.43723
76,719,1,0.2,0.3,0.5,0.001,0.40335,0.40311
77,719,1,0.2,0.3,0.5,0.001,0.44515,0.44495
78,719,1,0.2,0.3,0.5,0.001,0.43766,0.43746
79,719,1,0.2,0.3,0.5,0.001,0.4279,0.42771
80,719,1,0.2,0.3,0.5,0.001,0.44265,0.44195
81,719,1,0.2,0.3,0.5,0.001,0.40163,0.40227
82,719,1,0.2,0.3,0.5,0.001,0.45021,0.44913
83,719,1,0.2,0.3,0.5,0.001,0.42294,0.42319
84,719,1,0.2,0.3,0.5,0.001,0.44462,0.44419
85,719,1,0.2,0.3,0.5,0.001,0.45063,0.45062
86,719,1,0.2,0.3,0.5,0.001,0.4508,0.45032
87,719,1,0.2,0.3,0.5,0.001,0.45993,0.46035
88,719,1,0.2,0.3,0.5,0.001,0.45146,0.45226
89,719,1,0.2,0.3,0.5,0.001,0.39267,0.39312
90,719,1,0.2,0.3,0.5,0.001,0.4404,0.44082
91,719,1,0.2,0.3,0.5,0.001,0.42499,0.42468
92,719,1,0.2,0.3,0.5,0.001,0.46957,0.46983
93,719,1,0.2,0.3,0.5,0.001,0.45221,0.4521
94,719,1,0.2,0.3,0.5,0.001,0.43773,0.43756
95,719,1,0.2,0.3,0.5,0.001,0.40481,0.40535
96,719,1,0.2,0.3,0.5,0.001,0.45908,0.45907
97,719,1,0.2,0.3,0.5,0.001,0.42847,0.42827
98,719,1,0.2,0.3,0.5,0.001,0.42117,0.42146
99,719,1,0.2,0.3,0.5,0.001,0.40187,0.40133
0,848,1,0.01,0.3,0.5,0.001,2.63133,0.30226
1,848,1,0.01,0.3,0.5,0.001,2.63365,0.3348
2,848,1,0.01,0.3,0.5,0.001,2.62661,0.24964
3,848,1,0.01,0.3,0.5,0.001,2.62958,0.29285
4,848,1,0.01,0.3,0.5,0.001,2.63245,0.28267
5,848,1,0.01,0.3,0.5,0.001,2.63699,0.3309
6,848,1,0.01,0.3,0.5,0.001,2.62833,0.28829
7,848,1,0.01,0.3,0.5,0.001,2.62677,0.28954
8,848,1,0.01,0.3,0.5,0.001,2.62451,0.28527
9,848,1,0.01,0.3,0.5,0.001,2.63037,0.28775
10,848,1,0.01,0.3,0.5,0.001,2.63207,0.29762
11,848,1,0.01,0.3,0.5,0.001,2.63112,0.30493
12,848,1,0.01,0.3,0.5,0.001,2.63445,0.28606
13,848,1,0.01,0.3,0.5,0.001,2.6404,0.41069
14,848,1,0.01,0.3,0.5,0.001,2.63531,0.30967
15,848,1,0.01,0.3,0.5,0.001,2.63376,0.31238
16,848,1,0.01,0.3,0.5,0.001,2.62573,0.24473
17,848,1,0.01,0.3,0.5,0.001,2.62591,0.27222
18,848,1,0.01,0.3,0.5,0.001,2.63253,0.25996
19,848,1,0.01,0.3,0.5,0.001,2.62597,0.29717
20,848,1,0.01,0.3,0.5,0.001,2.6291,0.26406
21,848,1,0.01,0.3,0.5,0.001,2.63362,0.34764
22,848,1,0.01,0.3,0.5,0.001,2.63154,0.31289
23,848,1,0.01,0.3,0.5,0.001,2.63091,0.26944
24,848,1,0.01,0.3,0.5,0.001,2.6299,0.27101
25,848,1,0.01,0.3,0.5,0.001,2.6258,0.27662
26,848,1,0.01,0.3,0.5,0.001,2.62759,0.27123
27,848,1,0.01,0.3,0.5,0.001,2.63474,0.33242
28,848,1,0.01,0.3,0.5,0.001,2.63026,0.2536
29,848,1,0.01,0.3,0.5,0.001,2.62841,0.32454
30,848,1,0.01,0.3,0.5,0.001,2.63099,0.2902
31,848,1,0.01,0.3,0.5,0.001,2.62482,0.27495
32,848,1,0.01,0.3,0.5,0.001,2.62808,0.25944
33,848,1,0.01,0.3,0.5,0.001,2.63431,0.30503
34,848,1,0.01,0.3,0.5,0.001,2.63822,0.31226
35,848,1,0.01,0.3,0.5,0.001,2.62527,0.26576
36,848,1,0.01,0.3,0.5,0.001,2.63738,0.27417
37,848,1,0.01,0.3,0.5,0.001,2.62663,0.26951
38,848,1,0.01,0.3,0.5,0.001,2.63056,0.26695
39,848,1,0.01,0.3,0.5,0.001,2.63641,0.31006
40,848,1,0.01,0.3,0.5,0.001,2.63733,0.29346
41,848,1,0.01,0.3,0.5,0.001,2.62508,0.27421
42,848,1,0.01,0.3,0.5,0.001,2.6314,0.2746
43,848,1,0.01,0.3,0.5,0.001,2.62737,0.24581
44,848,1,0.01,0.3,0.5,0.001,2.62541,0.27947
45,848,1,0.01,0.3,0.5,0.001,2.63695,0.33058
46,848,1,0.01,0.3,0.5,0.001,2.63287,0.27935
47,848,1,0.01,0.3,0.5,0.001,2.63147,0.272
48,848,1,0.01,0.3,0.5,0.001,2.63309,0.32188
49,848,1,0.01,0.3,0.5,0.001,2.63033,0.31156
50,848,1,0.01,0.3,0.5,0.001,2.62812,0.30552
51,848,1,0.01,0.3,0.5,0.001,2.62962,0.30136
52,848,1,0.01,0.3,0.5,0.001,2.63598,0.30334
53,848,1,0.01,0.3,0.5,0.001,2.62963,0.24857
54,848,1,0.01,0.3,0.5,0.001,2.62921,0.26428
55,848,1,0.01,0.3,0.5,0.001,2.62329,0.22609
56,848,1,0.01,0.3,0.5,0.001,2.63958,0.32344
57,848,1,0.01,0.3,0.5,0.001,2.62469,0.25519
58,848,1,0.01,0.3,0.5,0.001,2.61894,0.2301
59,848,1,0.01,0.3,0.5,0.001,2.63578,0.2941
60,848,1,0.01,0.3,0.5,0.001,2.63102,0.30124
61,848,1,0.01,0.3,0.5,0.001,2.63177,0.30512
62,848,1,0.01,0.3,0.5,0.001,2.63426,0.2736
63,848,1,0.01,0.3,0.5,0.001,2.63292,0.28535
64,848,1,0.01,0.3,0.5,0.001,2.62919,0.26691
65,848,1,0.01,0.3,0.5,0.001,2.63322,0.32428
66,848,1,0.01,0.3,0.5,0.001,2.6371,0.31139
67,848,1,0.01,0.3,0.5,0.001,2.62877,0.26567
68,848,1,0.01,0.3,0.5,0.001,2.62265,0.27346
69,848,1,0.01,0.3,0.5,0.001,2.63523,0.32485
70,848,1,0.01,0.3,0.5,0.001,2.62882,0.28501
71,848,1,0.01,0.3,0.5,0.001,2.63077,0.3017
72,848,1,0.01,0.3,0.5,0.001,2.6334,0.32485
73,848,1,0.01,0.3,0.5,0.001,2.63382,0.26723
74,848,1,0.01,0.3,0.5,0.001,2.63518,0.35399
75,848,1,0.01,0.3,0.5,0.001,2.64377,0.38205
76,848,1,0.01,0.3,0.5,0.001,2.63221,0.30442
77,848,1,0.01,0.3,0.5,0.001,2.63865,0.35847
78,848,1,0.01,0.3,0.5,0.001,2.62526,0.26324
79,848,1,0.01,0.3,0.5,0.001,2.62772,0.29283
80,848,1,0.01,0.3,0.5,0.001,2.62999,0.30289
81,848,1,0.01,0.3,0.5,0.001,2.63346,0.32001
82,848,1,0.01,0.3,0.5,0.001,2.63196,0.33241
83,848,1,0.01,0.3,0.5,0.001,2.62795,0.2987
84,848,1,0.01,0.3,0.5,0.001,2.64018,0.34349
85,848,1,0.01,0.3,0.5,0.001,2.63949,0.36874
86,848,1,0.01,0.3,0.5,0.001,2.63979,0.34378
87,848,1,0.01,0.3,0.5,0.001,2.62861,0.30387
88,848,1,0.01,0.3,0.5,0.001,2.62817,0.33113
89,848,1,0.01,0.3,0.5,0.001,2.63275,0.28751
90,848,1,0.01,0.3,0.5,0.001,2.6329,0.32884
91,848,1,0.01,0.3,0.5,0.001,2.62854,0.27036
92,848,1,0.01,0.3,0.5,0.001,2.63856,0.33489
93,848,1,0.01,0.3,0.5,0.001,2.62845,0.2922
94,848,1,0.01,0.3,0.5,0.001,2.62957,0.25941
95,848,1,0.01,0.3,0.5,0.001,2.63389,0.32658
96,848,1,0.01,0.3,0.5,0.001,2.63151,0.29931
97,848,1,0.01,0.3,0.5,0.001,2.63444,0.30897
98,848,1,0.01,0.3,0.5,0.001,2.63457,0.30594
99,848,1,0.01,0.3,0.5,0.001,2.63043,0.26827
0,848,1,0.05,0.3,0.5,0.001,0.41925,0.34175
1,848,1,0.05,0.3,0.5,0.001,0.42668,0.35688
2,848,1,0.05,0.3,0.5,0.001,0.44463,0.3676
3,848,1,0.05,0.3,0.5,0.001,0.425,0.36098
4,848,1,0.05,0.3,0.5,0.001,0.40665,0.34612
5,848,1,0.05,0.3,0.5,0.001,0.40558,0.328
6,848,1,0.05,0.3,0.5,0.001,0.42287,0.35684
7,848,1,0.05,0.3,0.5,0.001,0.44928,0.37977
8,848,1,0.05,0.3,0.5,0.001,0.44467,0.3608
9,848,1,0.05,0.3,0.5,0.001,0.46197,0.37253
10,848,1,0.05,0.3,0.5,0.001,0.40003,0.32424
11,848,1,0.05,0.3,0.5,0.001,0.43843,0.35561
12,848,1,0.05,0.3,0.5,0.001,0.42277,0.35221
13,848,1,0.05,0.3,0.5,0.001,0.42935,0.35492
14,848,1,0.05,0.3,0.5,0.001,0.43112,0.36735
15,848,1,0.05,0.3,0.5,0.001,0.43604,0.34619
16,848,1,0.05,0.3,0.5,0.001,0.43986,0.35516
17,848,1,0.05,0.3,0.5,0.001,0.45053,0.37577
18,848,1,0.05,0.3,0.5,0.001,0.42908,0.35273
19,848,1,0.05,0.3,0.5,0.001,0.4581,0.37838
20,848,1,0.05,0.3,0.5,0.001,0.41949,0.34284
21,848,1,0.05,0.3,0.5,0.001,0.38609,0.33622
22,848,1,0.05,0.3,0.5,0.001,0.43221,0.36305
23,848,1,0.05,0.3,0.5,0.001,0.42059,0.34882
24,848,1,0.05,0.3,0.5,0.001,0.44913,0.36823
25,848,1,0.05,0.3,0.5,0.001,0.41945,0.39506
26,848,1,0.05,0.3,0.5,0.001,0.42233,0.35784
27,848,1,0.05,0.3,0.5,0.001,0.45848,0.35895
28,848,1,0.05,0.3,0.5,0.001,0.43057,0.34791
29,848,1,0.05,0.3,0.5,0.001,0.4475,0.36404
30,848,1,0.05,0.3,0.5,0.001,0.38998,0.31844
31,848,1,0.05,0.3,0.5,0.001,0.43618,0.34645
32,848,1,0.05,0.3,0.5,0.001,0.46799,0.40689
33,848,1,0.05,0.3,0.5,0.001,0.4064,0.34382
34,848,1,0.05,0.3,0.5,0.001,0.41291,0.34586
35,848,1,0.05,0.3,0.5,0.001,0.43338,0.36343
36,848,1,0.05,0.3,0.5,0.001,0.43745,0.35166
37,848,1,0.05,0.3,0.5,0.001,0.44835,0.38186
38,848,1,0.05,0.3,0.5,0.001,0.44323,0.37588
39,848,1,0.05,0.3,0.5,0.001,0.44773,0.35394
40,848,1,0.05,0.3,0.5,0.001,0.40568,0.33676
41,848,1,0.05,0.3,0.5,0.001,0.4424,0.36677
42,848,1,0.05,0.3,0.5,0.001,0.45179,0.38062
43,848,1,0.05,0.3,0.5,0.001,0.40527,0.34542
44,848,1,0.05,0.3,0.5,0.001,0.41976,0.34614
45,848,1,0.05,0.3,0.5,0.001,0.43817,0.36482
46,848,1,0.05,0.3,0.5,0.001,0.45167,0.38983
47,848,1,0.05,0.3,0.5,0.001,0.39693,0.32579
48,848,1,0.05,0.3,0.5,0.001,0.44069,0.37741
49,848,1,0.05,0.3,0.5,0.001,0.46659,0.37278
50,848,1,0.05,0.3,0.5,0.001,0.47525,0.39186
51,848,1,0.05,0.3,0.5,0.001,0.44134,0.37747
52,848,1,0.05,0.3,0.5,0.001,0.46351,0.38571
53,848,1,0.05,0.3,0.5,0.001,0.42809,0.37161
54,848,1,0.05,0.3,0.5,0.001,0.46469,0.38353
55,848,1,0.05,0.3,0.5,0.001,0.45695,0.40261
56,848,1,0.05,0.3,0.5,0.001,0.43462,0.34761
57,848,1,0.05,0.3,0.5,0.001,0.45213,0.39981
58,848,1,0.05,0.3,0.5,0.001,0.40911,0.36151
59,848,1,0.05,0.3,0.5,0.001,0.43668,0.41074
60,848,1,0.05,0.3,0.5,0.001,0.49437,0.39656
61,848,1,0.05,0.3,0.5,0.001,0.4061,0.35142
62,848,1,0.05,0.3,0.5,0.001,0.42465,0.35986
63,848,1,0.05,0.3,0.5,0.001,0.41911,0.34614
64,848,1,0.05,0.3,0.5,0.001,0.37834,0.32075
65,848,1,0.05,0.3,0.5,0.001,0.4302,0.38293
66,848,1,0.05,0.3,0.5,0.001,0.44288,0.37943
67,848,1,0.05,0.3,0.5,0.001,0.44519,0.36947
68,848,1,0.05,0.3,0.5,0.001,0.42632,0.35238
69,848,1,0.05,0.3,0.5,0.001,0.42501,0.36925
70,848,1,0.05,0.3,0.5,0.001,0.43686,0.38003
71,848,1,0.05,0.3,0.5,0.001,0.4713,0.41575
72,848,1,0.05,0.3,0.5,0.001,0.37973,0.31639
73,848,1,0.05,0.3,0.5,0.001,0.44429,0.35824
74,848,1,0.05,0.3,0.5,0.001,0.4129,0.35075
75,848,1,0.05,0.3,0.5,0.001,0.39707,0.33896
76,848,1,0.05,0.3,0.5,0.001,0.41693,0.35686
77,848,1,0.05,0.3,0.5,0.001,0.39979,0.33927
78,848,1,0.05,0.3,0.5,0.001,0.42617,0.35895
79,848,1,0.05,0.3,0.5,0.001,0.43064,0.35224
80,848,1,0.05,0.3,0.5,0.001,0.34796,0.31101
81,848,1,0.05,0.3,0.5,0.001,0.39817,0.36841
82,848,1,0.05,0.3,0.5,0.001,0.41438,0.33898
83,848,1,0.05,0.3,0.5,0.001,0.46109,0.37679
84,848,1,0.05,0.3,0.5,0.001,0.43393,0.36947
85,848,1,0.05,0.3,0.5,0.001,0.48637,0.40469
86,848,1,0.05,0.3,0.5,0.001,0.46624,0.41431
87,848,1,0.05,0.3,0.5,0.001,0.40528,0.34645
88,848,1,0.05,0.3,0.5,0.001,0.44232,0.37866
89,848,1,0.05,0.3,0.5,0.001,0.44485,0.36076
90,848,1,0.05,0.3,0.5,0.001,0.42138,0.3686
91,848,1,0.05,0.3,0.5,0.001,0.4501,0.39227
92,848,1,0.05,0.3,0.5,0.001,0.44788,0.38508
93,848,1,0.05,0.3,0.5,0.001,0.41796,0.34751
94,848,1,0.05,0.3,0.5,0.001,0.46477,0.41351
95,848,1,0.05,0.3,0.5,0.001,0.4115,0.33821
96,848,1,0.05,0.3,0.5,0.001,0.43743,0.37963
97,848,1,0.05,0.3,0.5,0.001,0.41923,0.35034
98,848,1,0.05,0.3,0.5,0.001,0.44213,0.37876
99,848,1,0.05,0.3,0.5,0.001,0.44712,0.37329
0,848,1,0.2,0.3,0.5,0.001,0.39489,0.39595
1,848,1,0.2,0.3,0.5,0.001,0.40071,0.39946
2,848,1,0.2,0.3,0.5,0.001,0.41658,0.41668
3,848,1,0.2,0.3,0.5,0.001,0.39455,0.39471
4,848,1,0.2,0.3,0.5,0.001,0.44594,0.44537
5,848,1,0.2,0.3,0.5,0.001,0.41184,0.41162
6,848,1,0.2,0.3,0.5,0.001,0.37846,0.37885
7,848,1,0.2,0.3,0.5,0.001,0.39256,0.39235
8,848,1,0.2,0.3,0.5,0.001,0.3872,0.38698
9,848,1,0.2,0.3,0.5,0.001,0.39152,0.39153
10,848,1,0.2,0.3,0.5,0.001,0.40377,0.40382
11,848,1,0.2,0.3,0.5,0.001,0.3806,0.38075
12,848,1,0.2,0.3,0.5,0.001,0.40569,0.40576
13,848,1,0.2,0.3,0.5,0.001,0.39811,0.39831
14,848,1,0.2,0.3,0.5,0.001,0.39506,0.39499
15,848,1,0.2,0.3,0.5,0.001,0.39292,0.39306
16,848,1,0.2,0.3,0.5,0.001,0.42048,0.41995
17,848,1,0.2,0.3,0.5,0.001,0.41635,0.4159
18,848,1,0.2,0.3,0.5,0.001,0.41357,0.41268
19,848,1,0.2,0.3,0.5,0.001,0.40031,0.40057
20,848,1,0.2,0.3,0.5,0.001,0.41776,0.41683
21,848,1,0.2,0.3,0.5,0.001,0.38987,0.38966
22,848,1,0.2,0.3,0.5,0.001,0.37613,0.37658
23,848,1,0.2,0.3,0.5,0.001,0.37759,0.37687
24,848,1,0.2,0.3,0.5,0.001,0.37355,0.37324
25,848,1,0.2,0.3,0.5,0.001,0.38756,0.38852
26,848,1,0.2,0.3,0.5,0.001,0.39234,0.39247
27,848,1,0.2,0.3,0.5,0.001,0.39313,0.39334
28,848,1,0.2,0.3,0.5,0.001,0.40442,0.40362
29,848,1,0.2,0.3,0.5,0.001,0.40506,0.40434
30,848,1,0.2,0.3,0.5,0.001,0.38807,0.3877
31,848,1,0.2,0.3,0.5,0.001,0.42736,0.42707
32,848,1,0.2,0.3,0.5,0.001,0.36258,0.36218
33,848,1,0.2,0.3,0.5,0.001,0.40948,0.40892
34,848,1,0.2,0.3,0.5,0.001,0.39964,0.40016
35,848,1,0.2,0.3,0.5,0.001,0.37153,0.37174
36,848,1,0.2,0.3,0.5,0.001,0.37905,0.37847
37,848,1,0.2,0.3,0.5,0.001,0.4044,0.405
38,848,1,0.2,0.3,0.5,0.001,0.41263,0.41236
39,848,1,0.2,0.3,0.5,0.001,0.41157,0.4104
40,848,1,0.2,0.3,0.5,0.001,0.39627,0.39517
41,848,1,0.2,0.3,0.5,0.001,0.41031,0.4103
42,848,1,0.2,0.3,0.5,0.001,0.42903,0.42857
43,848,1,0.2,0.3,0.5,0.001,0.40993,0.40982
44,848,1,0.2,0.3,0.5,0.001,0.38485,0.38561
45,848,1,0.2,0.3,0.5,0.001,0.40183,0.40203
46,848,1,0.2,0.3,0.5,0.001,0.38548,0.38626
47,848,1,0.2,0.3,0.5,0.001,0.40641,0.40601
48,848,1,0.2,0.3,0.5,0.001,0.40084,0.40053
49,848,1,0.2,0.3,0.5,0.001,0.40737,0.40742
50,848,1,0.2,0.3,0.5,0.001,0.39435,0.39447
51,848,1,0.2,0.3,0.5,0.001,0.40403,0.40521
52,848,1,0.2,0.3,0.5,0.001,0.39257,0.3933
53,848,1,0.2,0.3,0.5,0.001,0.40506,0.40482
54,848,1,0.2,0.3,0.5,0.001,0.39441,0.39399
55,848,1,0.2,0.3,0.5,0.001,0.38464,0.38413
56,848,1,0.2,0.3,0.5,0.001,0.39563,0.39687
57,848,1,0.2,0.3,0.5,0.001,0.36368,0.36319
58,848,1,0.2,0.3,0.5,0.001,0.40047,0.39971
59,848,1,0.2,0.3,0.5,0.001,0.39172,0.39216
60,848,1,0.2,0.3,0.5,0.001,0.39453,0.39352
61,848,1,0.2,0.3,0.5,0.001,0.37615,0.37596
62,848,1,0.2,0.3,0.5,0.001,0.38098,0.38093
63,848,1,0.2,0.3,0.5,0.001,0.37796,0.377
64,848,1,0.2,0.3,0.5,0.001,0.41721,0.41663
65,848,1,0.2,0.3,0.5,0.001,0.39146,0.39134
66,848,1,0.2,0.3,0.5,0.001,0.3979,0.39724
67,848,1,0.2,0.3,0.5,0.001,0.38772,0.38779
68,848,1,0.2,0.3,0.5,0.001,0.42037,0.42107
69,848,1,0.2,0.3,0.5,0.001,0.42359,0.42446
70,848,1,0.2,0.3,0.5,0.001,0.392,0.39296
71,848,1,0.2,0.3,0.5,0.001,0.38943,0.38852
72,848,1,0.2,0.3,0.5,0.001,0.41002,0.4108
73,848,1,0.2,0.3,0.5,0.001,0.38562,0.3849
74,848,1,0.2,0.3,0.5,0.001,0.40506,0.40502
75,848,1,0.2,0.3,0.5,0.001,0.40365,0.40388
76,848,1,0.2,0.3,0.5,0.001,0.38978,0.39088
77,848,1,0.2,0.3,0.5,0.001,0.40508,0.40496
78,848,1,0.2,0.3,0.5,0.001,0.41049,0.41047
79,848,1,0.2,0.3,0.5,0.001,0.39271,0.39231
80,848,1,0.2,0.3,0.5,0.001,0.38103,0.38123
81,848,1,0.2,0.3,0.5,0.001,0.39962,0.40025
82,848,1,0.2,0.3,0.5,0.001,0.37189,0.37208
83,848,1,0.2,0.3,0.5,0.001,0.42161,0.42091
84,848,1,0.2,0.3,0.5,0.001,0.4277,0.4282
85,848,1,0.2,0.3,0.5,0.001,0.39283,0.39284
86,848,1,0.2,0.3,0.5,0.001,0.38635,0.38572
87,848,1,0.2,0.3,0.5,0.001,0.40781,0.40747
88,848,1,0.2,0.3,0.5,0.001,0.39336,0.39308
89,848,1,0.2,0.3,0.5,0.001,0.3886,0.38818
90,848,1,0.2,0.3,0.5,0.001,0.38703,0.38705
91,848,1,0.2,0.3,0.5,0.001,0.37666,0.3766
92,848,1,0.2,0.3,0.5,0.001,0.40034,0.4003
93,848,1,0.2,0.3,0.5,0.001,0.41179,0.41173
94,848,1,0.2,0.3,0.5,0.001,0.38868,0.38873
95,848,1,0.2,0.3,0.5,0.001,0.40818,0.40767
96,848,1,0.2,0.3,0.5,0.001,0.38261,0.38216
97,848,1,0.2,0.3,0.5,0.001,0.38453,0.3845
98,848,1,0.2,0.3,0.5,0.001,0.42107,0.42084
99,848,1,0.2,0.3,0.5,0.001,0.41711,0.41773
0,1000,1,0.01,0.3,0.5,0.001,2.62754,0.23045
1,1000,1,0.01,0.3,0.5,0.001,2.62819,0.31131
2,1000,1,0.01,0.3,0.5,0.001,2.6298,0.30375
3,1000,1,0.01,0.3,0.5,0.001,2.63254,0.28929
4,1000,1,0.01,0.3,0.5,0.001,2.62292,0.23533
5,1000,1,0.01,0.3,0.5,0.001,2.63626,0.29819
6,1000,1,0.01,0.3,0.5,0.001,2.62998,0.27787
7,1000,1,0.01,0.3,0.5,0.001,2.63159,0.31084
8,1000,1,0.01,0.3,0.5,0.001,2.62852,0.28511
9,1000,1,0.01,0.3,0.5,0.001,2.63317,0.33468
10,1000,1,0.01,0.3,0.5,0.001,2.62755,0.3093
11,1000,1,0.01,0.3,0.5,0.001,2.6321,0.27306
12,1000,1,0.01,0.3,0.5,0.001,2.63045,0.30579
13,1000,1,0.01,0.3,0.5,0.001,2.62871,0.2507
14,1000,1,0.01,0.3,0.5,0.001,2.62604,0.26091
15,1000,1,0.01,0.3,0.5,0.001,2.62975,0.25285
16,1000,1,0.01,0.3,0.5,0.001,2.62589,0.24672
17,1000,1,0.01,0.3,0.5,0.001,2.63081,0.24595
18,1000,1,0.01,0.3,0.5,0.001,2.63303,0.28962
19,1000,1,0.01,0.3,0.5,0.001,2.64018,0.36263
20,1000,1,0.01,0.3,0.5,0.001,2.62812,0.26876
21,1000,1,0.01,0.3,0.5,0.001,2.63028,0.28694
22,1000,1,0.01,0.3,0.5,0.001,2.6302,0.3141
23,1000,1,0.01,0.3,0.5,0.001,2.6302,0.26753
24,1000,1,0.01,0.3,0.5,0.001,2.63809,0.30943
25,1000,1,0.01,0.3,0.5,0.001,2.62914,0.27051
26,1000,1,0.01,0.3,0.5,0.001,2.62147,0.24412
27,1000,1,0.01,0.3,0.5,0.001,2.63377,0.31579
28,1000,1,0.01,0.3,0.5,0.001,2.63165,0.29797
29,1000,1,0.01,0.3,0.5,0.001,2.62437,0.22494
30,1000,1,0.01,0.3,0.5,0.001,2.63571,0.31642
31,1000,1,0.01,0.3,0.5,0.001,2.63407,0.31576
32,1000,1,0.01,0.3,0.5,0.001,2.62215,0.25711
33,1000,1,0.01,0.3,0.5,0.001,2.63544,0.2633
34,1000,1,0.01,0.3,0.5,0.001,2.63245,0.31672
35,1000,1,0.01,0.3,0.5,0.001,2.63088,0.31821
36,1000,1,0.01,0.3,0.5,0.001,2.6234,0.23271
37,1000,1,0.01,0.3,0.5,0.001,2.62657,0.27886
38,1000,1,0.01,0.3,0.5,0.001,2.62936,0.24603
39,1000,1,0.01,0.3,0.5,0.001,2.63367,0.27923
40,1000,1,0.01,0.3,0.5,0.001,2.62392,0.20402
41,1000,1,0.01,0.3,0.5,0.001,2.62654,0.27483
42,1000,1,0.01,0.3,0.5,0.001,2.6252,0.25604
43,1000,1,0.01,0.3,0.5,0.001,2.62346,0.2327
44,1000,1,0.01,0.3,0.5,0.001,2.627,0.23103
45,1000,1,0.01,0.3,0.5,0.001,2.62845,0.27623
46,1000,1,0.01,0.3,0.5,0.001,2.62711,0.25611
47,1000,1,0.01,0.3,0.5,0.001,2.63058,0.26656
48,1000,1,0.01,0.3,0.5,0.001,2.63355,0.32174
49,1000,1,0.01,0.3,0.5,0.001,2.62473,0.25536
50,1000,1,0.01,0.3,0.5,0.001,2.62667,0.25703
51,1000,1,0.01,0.3,0.5,0.001,2.62641,0.22739
52,1000,1,0.01,0.3,0.5,0.001,2.63725,0.33113
53,1000,1,0.01,0.3,0.5,0.001,2.6291,0.27945
54,1000,1,0.01,0.3,0.5,0.001,2.62886,0.28663
55,1000,1,0.01,0.3,0.5,0.001,2.62657,0.24738
56,1000,1,0.01,0.3,0.5,0.001,2.63275,0.31436
57,1000,1,0.01,0.3,0.5,0.001,2.62704,0.26368
58,1000,1,0.01,0.3,0.5,0.001,2.62328,0.24892
59,1000,1,0.01,0.3,0.5,0.001,2.62844,0.27299
60,1000,1,0.01,0.3,0.5,0.001,2.63084,0.26608
61,1000,1,0.01,0.3,0.5,0.001,2.6262,0.24272
62,1000,1,0.01,0.3,0.5,0.001,2.6273,0.25279
63,1000,1,0.01,0.3,0.5,0.001,2.62691,0.28186
64,1000,1,0.01,0.3,0.5,0.001,2.63065,0.27655
65,1000,1,0.01,0.3,0.5,0.001,2.63019,0.29962
66,1000,1,0.01,0.3,0.5,0.001,2.62413,0.26738
67,1000,1,0.01,0.3,0.5,0.001,2.62695,0.2444
68,1000,1,0.01,0.3,0.5,0.001,2.62947,0.26474
69,1000,1,0.01,0.3,0.5,0.001,2.62852,0.25127
70,1000,1,0.01,0.3,0.5,0.001,2.64286,0.40533
71,1000,1,0.01,0.3,0.5,0.001,2.62951,0.30603
72,1000,1,0.01,0.3,0.5,0.001,2.63482,0.32379
73,1000,1,0.01,0.3,0.5,0.001,2.62347,0.24188
74,1000,1,0.01,0.3,0.5,0.001,2.63595,0.30294
75,1000,1,0.01,0.3,0.5,0.001,2.62972,0.25821
76,1000,1,0.01,0.3,0.5,0.001,2.63471,0.27952
77,1000,1,0.01,0.3,0.5,0.001,2.62604,0.2463
78,1000,1,0.01,0.3,0.5,0.001,2.63452,0.28363
79,1000,1,0.01,0.3,0.5,0.001,2.62644,0.29645
80,1000,1,0.01,0.3,0.5,0.001,2.6332,0.29889
81,1000,1,0.01,0.3,0.5,0.001,2.62582,0.26373
82,1000,1,0.01,0.3,0.5,0.001,2.6351,0.2863
83,1000,1,0.01,0.3,0.5,0.001,2.6264,0.28032
84,1000,1,0.01,0.3,0.5,0.001,2.6303,0.28915
85,1000,1,0.01,0.3,0.5,0.001,2.62939,0.27038
86,1000,1,0.01,0.3,0.5,0.001,2.6229,0.23967
87,1000,1,0.01,0.3,0.5,0.001,2.62594,0.27791
88,1000,1,0.01,0.3,0.5,0.001,2.62992,0.27017
89,1000,1,0.01,0.3,0.5,0.001,2.62862,0.29903
90,1000,1,0.01,0.3,0.5,0.001,2.62861,0.26742
91,1000,1,0.01,0.3,0.5,0.001,2.62633,0.25233
92,1000,1,0.01,0.3,0.5,0.001,2.63173,0.30376
93,1000,1,0.01,0.3,0.5,0.001,2.62862,0.23453
94,1000,1,0.01,0.3,0.5,0.001,2.62834,0.3087
95,1000,1,0.01,0.3,0.5,0.001,2.63131,0.29891
96,1000,1,0.01,0.3,0.5,0.001,2.62997,0.26548
97,1000,1,0.01,0.3,0.5,0.001,2.62794,0.25538
98,1000,1,0.01,0.3,0.5,0.001,2.62527,0.23467
99,1000,1,0.01,0.3,0.5,0.001,2.63528,0.34346
0,1000,1,0.05,0.3,0.5,0.001,0.41089,0.32828
1,1000,1,0.05,0.3,0.5,0.001,0.37598,0.32538
2,1000,1,0.05,0.3,0.5,0.001,0.35577,0.2786
3,1000,1,0.05,0.3,0.5,0.001,0.42211,0.35174
4,1000,1,0.05,0.3,0.5,0.001,0.40394,0.30387
5,1000,1,0.05,0.3,0.5,0.001,0.44167,0.34233
6,1000,1,0.05,0.3,0.5,0.001,0.38356,0.32012
7,1000,1,0.05,0.3,0.5,0.001,0.42252,0.35581
8,1000,1,0.05,0.3,0.5,0.001,0.41214,0.3462
9,1000,1,0.05,0.3,0.5,0.001,0.39239,0.30474
10,1000,1,0.05,0.3,0.5,0.001,0.40497,0.3288
11,1000,1,0.05,0.3,0.5,0.001,0.39864,0.32399
12,1000,1,0.05,0.3,0.5,0.001,0.44561,0.37138
13,1000,1,0.05,0.3,0.5,0.001,0.43927,0.34307
14,1000,1,0.05,0.3,0.5,0.001,0.42405,0.37167
15,1000,1,0.05,0.3,0.5,0.001,0.40776,0.35484
16,1000,1,0.05,0.3,0.5,0.001,0.3966,0.338
17,1000,1,0.05,0.3,0.5,0.001,0.39193,0.31638
18,1000,1,0.05,0.3,0.5,0.001,0.42828,0.35874
19,1000,1,0.05,0.3,0.5,0.001,0.40931,0.34322
20,1000,1,0.05,0.3,0.5,0.001,0.38393,0.34103
21,1000,1,0.05,0.3,0.5,0.001,0.44755,0.34569
22,1000,1,0.05,0.3,0.5,0.001,0.37488,0.31402
23,1000,1,0.05,0.3,0.5,0.001,0.40386,0.32746
24,1000,1,0.05,0.3,0.5,0.001,0.44039,0.3703
25,1000,1,0.05,0.3,0.5,0.001,0.40412,0.33867
26,1000,1,0.05,0.3,0.5,0.001,0.40283,0.32198
27,1000,1,0.05,0.3,0.5,0.001,0.43423,0.35029
28,1000,1,0.05,0.3,0.5,0.001,0.37626,0.28929
29,1000,1,0.05,0.3,0.5,0.001,0.39527,0.33115
30,1000,1,0.05,0.3,0.5,0.001,0.39576,0.33023
31,1000,1,0.05,0.3,0.5,0.001,0.41049,0.31285
32,1000,1,0.05,0.3,0.5,0.001,0.40899,0.33728
33,1000,1,0.05,0.3,0.5,0.001,0.38338,0.31054
34,1000,1,0.05,0.3,0.5,0.001,0.44809,0.353
35,1000,1,0.05,0.3,0.5,0.001,0.39437,0.30333
36,1000,1,0.05,0.3,0.5,0.001,0.40943,0.33548
37,1000,1,0.05,0.3,0.5,0.001,0.4511,0.37212
38,1000,1,0.05,0.3,0.5,0.001,0.43362,0.36226
39,1000,1,0.05,0.3,0.5,0.001,0.42679,0.34469
40,1000,1,0.05,0.3,0.5,0.001,0.45363,0.35886
41,1000,1,0.05,0.3,0.5,0.001,0.39485,0.31117
42,1000,1,0.05,0.3,0.5,0.001,0.39478,0.3341
43,1000,1,0.05,0.3,0.5,0.001,0.41914,0.34195
44,1000,1,0.05,0.3,0.5,0.001,0.36232,0.29189
45,1000,1,0.05,0.3,0.5,0.001,0.38986,0.32169
46,1000,1,0.05,0.3,0.5,0.001,0.40804,0.32891
47,1000,1,0.05,0.3,0.5,0.001,0.4232,0.32591
48,1000,1,0.05,0.3,0.5,0.001,0.42268,0.34964
49,1000,1,0.05,0.3,0.5,0.001,0.41052,0.3261
50,1000,1,0.05,0.3,0.5,0.001,0.38761,0.33218
51,1000,1,0.05,0.3,0.5,0.001,0.40944,0.32875
52,1000,1,0.05,0.3,0.5,0.001,0.41532,0.35987
53,1000,1,0.05,0.3,0.5,0.001,0.43237,0.33896
54,1000,1,0.05,0.3,0.5,0.001,0.38653,0.31912
55,1000,1,0.05,0.3,0.5,0.001,0.42224,0.34018
56,1000,1,0.05,0.3,0.5,0.001,0.3819,0.3207
57,1000,1,0.05,0.3,0.5,0.001,0.37958,0.32093
58,1000,1,0.05,0.3,0.5,0.001,0.43854,0.3488
59,1000,1,0.05,0.3,0.5,0.001,0.41341,0.32726
60,1000,1,0.05,0.3,0.5,0.001,0.40802,0.31638
61,1000,1,0.05,0.3,0.5,0.001,0.37354,0.31534
62,1000,1,0.05,0.3,0.5,0.001,0.43416,0.3565
63,1000,1,0.05,0.3,0.5,0.001,0.40754,0.32481
64,1000,1,0.05,0.3,0.5,0.001,0.43386,0.35486
65,1000,1,0.05,0.3,0.5,0.001,0.4273,0.35304
66,1000,1,0.05,0.3,0.5,0.001,0.4035,0.34926
67,1000,1,0.05,0.3,0.5,0.001,0.42633,0.35184
68,1000,1,0.05,0.3,0.5,0.001,0.4232,0.32624
69,1000,1,0.05,0.3,0.5,0.001,0.38322,0.30586
70,1000,1,0.05,0.3,0.5,0.001,0.44749,0.37035
71,1000,1,0.05,0.3,0.5,0.001,0.40536,0.35459
72,1000,1,0.05,0.3,0.5,0.001,0.41483,0.32778
73,1000,1,0.05,0.3,0.5,0.001,0.40145,0.32436
74,1000,1,0.05,0.3,0.5,0.001,0.39675,0.30138
75,1000,1,0.05,0.3,0.5,0.001,0.3933,0.33906
76,1000,1,0.05,0.3,0.5,0.001,0.39231,0.31323
77,1000,1,0.05,0.3,0.5,0.001,0.45284,0.37024
78,1000,1,0.05,0.3,0.5,0.001,0.42476,0.33624
79,1000,1,0.05,0.3,0.5,0.001,0.44739,0.36965
80,1000,1,0.05,0.3,0.5,0.001,0.40137,0.34123
81,1000,1,0.05,0.3,0.5,0.001,0.39865,0.32075
82,1000,1,0.05,0.3,0.5,0.001,0.3425,0.3054
83,1000,1,0.05,0.3,0.5,0.001,0.41134,0.32608
84,1000,1,0.05,0.3,0.5,0.001,0.44183,0.35274
85,1000,1,0.05,0.3,0.5,0.001,0.42962,0.32779
86,1000,1,0.05,0.3,0.5,0.001,0.3808,0.32093
87,1000,1,0.05,0.3,0.5,0.001,0.45263,0.36729
88,1000,1,0.05,0.3,0.5,0.001,0.39938,0.33277
89,1000,1,0.05,0.3,0.5,0.001,0.38187,0.2907
90,1000,1,0.05,0.3,0.5,0.001,0.38403,0.30613
91,1000,1,0.05,0.3,0.5,0.001,0.4029,0.32133
92,1000,1,0.05,0.3,0.5,0.001,0.42039,0.31661
93,1000,1,0.05,0.3,0.5,0.001,0.43629,0.36837
94,1000,1,0.05,0.3,0.5,0.001,0.37936,0.29463
95,1000,1,0.05,0.3,0.5,0.001,0.39802,0.34101
96,1000,1,0.05,0.3,0.5,0.001,0.39742,0.33149
97,1000,1,0.05,0.3,0.5,0.001,0.37938,0.31774
98,1000,1,0.05,0.3,0.5,0.001,0.39515,0.33317
99,1000,1,0.05,0.3,0.5,0.001,0.42151,0.3344
0,1000,1,0.2,0.3,0.5,0.001,0.37926,0.37922
1,1000,1,0.2,0.3,0.5,0.001,0.3639,0.36343
2,1000,1,0.2,0.3,0.5,0.001,0.36565,0.36509
3,1000,1,0.2,0.3,0.5,0.001,0.37944,0.37952
4,1000,1,0.2,0.3,0.5,0.001,0.36951,0.36923
5,1000,1,0.2,0.3,0.5,0.001,0.41962,0.41988
6,1000,1,0.2,0.3,0.5,0.001,0.35736,0.35688
7,1000,1,0.2,0.3,0.5,0.001,0.35788,0.35794
8,1000,1,0.2,0.3,0.5,0.001,0.35761,0.35775
9,1000,1,0.2,0.3,0.5,0.001,0.37477,0.37514
10,1000,1,0.2,0.3,0.5,0.001,0.36987,0.36936
11,1000,1,0.2,0.3,0.5,0.001,0.35583,0.35636
12,1000,1,0.2,0.3,0.5,0.001,0.34806,0.34704
13,1000,1,0.2,0.3,0.5,0.001,0.36793,0.36849
14,1000,1,0.2,0.3,0.5,0.001,0.39197,0.39151
15,1000,1,0.2,0.3,0.5,0.001,0.35853,0.35863
16,1000,1,0.2,0.3,0.5,0.001,0.37454,0.37461
17,1000,1,0.2,0.3,0.5,0.001,0.37922,0.37885
18,1000,1,0.2,0.3,0.5,0.001,0.36304,0.36301
19,1000,1,0.2,0.3,0.5,0.001,0.36938,0.36913
20,1000,1,0.2,0.3,0.5,0.001,0.34188,0.3419
21,1000,1,0.2,0.3,0.5,0.001,0.36156,0.36063
22,1000,1,0.2,0.3,0.5,0.001,0.38143,0.38047
23,1000,1,0.2,0.3,0.5,0.001,0.36942,0.3697
24,1000,1,0.2,0.3,0.5,0.001,0.36529,0.36562
25,1000,1,0.2,0.3,0.5,0.001,0.35159,0.35086
26,1000,1,0.2,0.3,0.5,0.001,0.3609,0.36058
27,1000,1,0.2,0.3,0.5,0.001,0.38038,0.3803
28,1000,1,0.2,0.3,0.5,0.001,0.3744,0.3737
29,1000,1,0.2,0.3,0.5,0.001,0.36932,0.36975
30,1000,1,0.2,0.3,0.5,0.001,0.36285,0.36269
31,1000,1,0.2,0.3,0.5,0.001,0.40071,0.40021
32,1000,1,0.2,0.3,0.5,0.001,0.3961,0.39642
33,1000,1,0.2,0.3,0.5,0.001,0.35705,0.35734
34,1000,1,0.2,0.3,0.5,0.001,0.34564,0.3457
35,1000,1,0.2,0.3,0.5,0.001,0.38249,0.38242
36,1000,1,0.2,0.3,0.5,0.001,0.36227,0.36249
37,1000,1,0.2,0.3,0.5,0.001,0.36809,0.36896
38,1000,1,0.2,0.3,0.5,0.001,0.37202,0.37226
39,1000,1,0.2,0.3,0.5,0.001,0.37532,0.37592
40,1000,1,0.2,0.3,0.5,0.001,0.36728,0.36681
41,1000,1,0.2,0.3,0.5,0.001,0.35543,0.35548
42,1000,1,0.2,0.3,0.5,0.001,0.34981,0.3498
43,1000,1,0.2,0.3,0.5,0.001,0.36631,0.3662
44,1000,1,0.2,0.3,0.5,0.001,0.37622,0.37668
45,1000,1,0.2,0.3,0.5,0.001,0.36833,0.36785
46,1000,1,0.2,0.3,0.5,0.001,0.36801,0.36829
47,1000,1,0.2,0.3,0.5,0.001,0.34639,0.34665
48,1000,1,0.2,0.3,0.5,0.001,0.35992,0.3593
49,1000,1,0.2,0.3,0.5,0.001,0.36531,0.36466
50,1000,1,0.2,0.3,0.5,0.001,0.35628,0.3563
51,1000,1,0.2,0.3,0.5,0.001,0.36438,0.36361
52,1000,1,0.2,0.3,0.5,0.001,0.36893,0.36934
53,1000,1,0.2,0.3,0.5,0.001,0.36241,0.36298
54,1000,1,0.2,0.3,0.5,0.001,0.33877,0.33904
55,1000,1,0.2,0.3,0.5,0.001,0.38361,0.3848
56,1000,1,0.2,0.3,0.5,0.001,0.37024,0.36976
57,1000,1,0.2,0.3,0.5,0.001,0.36122,0.36033
58,1000,1,0.2,0.3,0.5,0.001,0.36231,0.36178
59,1000,1,0.2,0.3,0.5,0.001,0.34763,0.34706
60,1000,1,0.2,0.3,0.5,0.001,0.36279,0.36285
61,1000,1,0.2,0.3,0.5,0.001,0.34301,0.3432
62,1000,1,0.2,0.3,0.5,0.001,0.38476,0.38465
63,1000,1,0.2,0.3,0.5,0.001,0.36,0.36023
64,1000,1,0.2,0.3,0.5,0.001,0.3464,0.34582
65,1000,1,0.2,0.3,0.5,0.001,0.34773,0.34717
66,1000,1,0.2,0.3,0.5,0.001,0.37092,0.3707
67,1000,1,0.2,0.3,0.5,0.001,0.36206,0.36154
68,1000,1,0.2,0.3,0.5,0.001,0.39459,0.39434
69,1000,1,0.2,0.3,0.5,0.001,0.35595,0.35586
70,1000,1,0.2,0.3,0.5,0.001,0.35299,0.35289
71,1000,1,0.2,0.3,0.5,0.001,0.37201,0.37185
72,1000,1,0.2,0.3,0.5,0.001,0.35681,0.35599
73,1000,1,0.2,0.3,0.5,0.001,0.38653,0.38632
74,1000,1,0.2,0.3,0.5,0.001,0.35867,0.35936
75,1000,1,0.2,0.3,0.5,0.001,0.3667,0.36674
76,1000,1,0.2,0.3,0.5,0.001,0.39148,0.39122
77,1000,1,0.2,0.3,0.5,0.001,0.373,0.37282
78,1000,1,0.2,0.3,0.5,0.001,0.3989,0.39832
79,1000,1,0.2,0.3,0.5,0.001,0.38045,0.38009
80,1000,1,0.2,0.3,0.5,0.001,0.37986,0.37891
81,1000,1,0.2,0.3,0.5,0.001,0.37326,0.37342
82,1000,1,0.2,0.3,0.5,0.001,0.3853,0.38562
83,1000,1,0.2,0.3,0.5,0.001,0.37039,0.37024
84,1000,1,0.2,0.3,0.5,0.001,0.35474,0.35406
85,1000,1,0.2,0.3,0.5,0.001,0.40311,0.4031
86,1000,1,0.2,0.3,0.5,0.001,0.37387,0.37348
87,1000,1,0.2,0.3,0.5,0.001,0.34787,0.34839
88,1000,1,0.2,0.3,0.5,0.001,0.37338,0.37317
89,1000,1,0.2,0.3,0.5,0.001,0.3899,0.39023
90,1000,1,0.2,0.3,0.5,0.001,0.3591,0.35916
91,1000,1,0.2,0.3,0.5,0.001,0.37143,0.37179
92,1000,1,0.2,0.3,0.5,0.001,0.37816,0.37794
93,1000,1,0.2,0.3,0.5,0.001,0.35706,0.3572
94,1000,1,0.2,0.3,0.5,0.001,0.37238,0.37277
95,1000,1,0.2,0.3,0.5,0.001,0.37862,0.37808
96,1000,1,0.2,0.3,0.5,0.001,0.36558,0.36602
97,1000,1,0.2,0.3,0.5,0.001,0.35879,0.35848
98,1000,1,0.2,0.3,0.5,0.001,0.39769,0.39816
99,1000,1,0.2,0.3,0.5,0.001,0.37213,0.37313
0,1178,1,0.01,0.3,0.5,0.001,2.63147,0.31007
1,1178,1,0.01,0.3,0.5,0.001,2.62249,0.26504
2,1178,1,0.01,0.3,0.5,0.001,2.62626,0.2667
3,1178,1,0.01,0.3,0.5,0.001,2.62305,0.2415
4,1178,1,0.01,0.3,0.5,0.001,2.62675,0.25161
5,1178,1,0.01,0.3,0.5,0.001,2.62178,0.22039
6,1178,1,0.01,0.3,0.5,0.001,2.62905,0.26732
7,1178,1,0.01,0.3,0.5,0.001,2.63301,0.27537
8,1178,1,0.01,0.3,0.5,0.001,2.6276,0.25872
9,1178,1,0.01,0.3,0.5,0.001,2.62099,0.22462
10,1178,1,0.01,0.3,0.5,0.001,2.62887,0.27178
11,1178,1,0.01,0.3,0.5,0.001,2.62028,0.20572
12,1178,1,0.01,0.3,0.5,0.001,2.62516,0.22837
13,1178,1,0.01,0.3,0.5,0.001,2.62792,0.25904
14,1178,1,0.01,0.3,0.5,0.001,2.62806,0.30657
15,1178,1,0.01,0.3,0.5,0.001,2.6246,0.24276
16,1178,1,0.01,0.3,0.5,0.001,2.62581,0.2552
17,1178,1,0.01,0.3,0.5,0.001,2.62679,0.24394
18,1178,1,0.01,0.3,0.5,0.001,2.6259,0.2182
19,1178,1,0.01,0.3,0.5,0.001,2.62619,0.27628
20,1178,1,0.01,0.3,0.5,0.001,2.62348,0.24904
21,1178,1,0.01,0.3,0.5,0.001,2.62252,0.20033
22,1178,1,0.01,0.3,0.5,0.001,2.62922,0.27744
23,1178,1,0.01,0.3,0.5,0.001,2.63301,0.26957
24,1178,1,0.01,0.3,0.5,0.001,2.62619,0.23109
25,1178,1,0.01,0.3,0.5,0.001,2.62132,0.19637
26,1178,1,0.01,0.3,0.5,0.001,2.6261,0.27144
27,1178,1,0.01,0.3,0.5,0.001,2.62432,0.24617
28,1178,1,0.01,0.3,0.5,0.001,2.62937,0.25786
29,1178,1,0.01,0.3,0.5,0.001,2.62221,0.22407
30,1178,1,0.01,0.3,0.5,0.001,2.63013,0.2928
31,1178,1,0.01,0.3,0.5,0.001,2.62357,0.19572
32,1178,1,0.01,0.3,0.5,0.001,2.62648,0.25571
33,1178,1,0.01,0.3,0.5,0.001,2.6311,0.28685
34,1178,1,0.01,0.3,0.5,0.001,2.61759,0.19885
35,1178,1,0.01,0.3,0.5,0.001,2.62903,0.241
36,1178,1,0.01,0.3,0.5,0.001,2.62909,0.20989
37,1178,1,0.01,0.3,0.5,0.001,2.62576,0.24432
38,1178,1,0.01,0.3,0.5,0.001,2.62847,0.26207
39,1178,1,0.01,0.3,0.5,0.001,2.62586,0.23482
40,1178,1,0.01,0.3,0.5,0.001,2.62778,0.24992
41,1178,1,0.01,0.3,0.5,0.001,2.61704,0.19857
42,1178,1,0.01,0.3,0.5,0.001,2.62438,0.23662
43,1178,1,0.01,0.3,0.5,0.001,2.63352,0.30286
44,1178,1,0.01,0.3,0.5,0.001,2.62816,0.2482
45,1178,1,0.01,0.3,0.5,0.001,2.63115,0.25831
46,1178,1,0.01,0.3,0.5,0.001,2.63061,0.28116
47,1178,1,0.01,0.3,0.5,0.001,2.62849,0.27406
48,1178,1,0.01,0.3,0.5,0.001,2.62856,0.26807
49,1178,1,0.01,0.3,0.5,0.001,2.63601,0.29976
50,1178,1,0.01,0.3,0.5,0.001,2.62725,0.2506
51,1178,1,0.01,0.3,0.5,0.001,2.62905,0.27253
52,1178,1,0.01,0.3,0.5,0.001,2.63007,0.31318
53,1178,1,0.01,0.3,0.5,0.001,2.63022,0.26697
54,1178,1,0.01,0.3,0.5,0.001,2.62994,0.26415
55,1178,1,0.01,0.3,0.5,0.001,2.62067,0.22486
56,1178,1,0.01,0.3,0.5,0.001,2.62354,0.23816
57,1178,1,0.01,0.3,0.5,0.001,2.63302,0.29568
58,1178,1,0.01,0.3,0.5,0.001,2.63069,0.21895
59,1178,1,0.01,0.3,0.5,0.001,2.62456,0.24491
60,1178,1,0.01,0.3,0.5,0.001,2.62338,0.2391
61,1178,1,0.01,0.3,0.5,0.001,2.62727,0.2522
62,1178,1,0.01,0.3,0.5,0.001,2.62709,0.23554
63,1178,1,0.01,0.3,0.5,0.001,2.62649,0.2485
64,1178,1,0.01,0.3,0.5,0.001,2.62394,0.22418
65,1178,1,0.01,0.3,0.5,0.001,2.62466,0.1985
66,1178,1,0.01,0.3,0.5,0.001,2.62939,0.27459
67,1178,1,0.01,0.3,0.5,0.001,2.62343,0.23934
68,1178,1,0.01,0.3,0.5,0.001,2.62476,0.21442
69,1178,1,0.01,0.3,0.5,0.001,2.62745,0.25673
70,1178,1,0.01,0.3,0.5,0.001,2.62633,0.24904
71,1178,1,0.01,0.3,0.5,0.001,2.62397,0.25647
72,1178,1,0.01,0.3,0.5,0.001,2.62678,0.23724
73,1178,1,0.01,0.3,0.5,0.001,2.62628,0.25389
74,1178,1,0.01,0.3,0.5,0.001,2.62738,0.25644
75,1178,1,0.01,0.3,0.5,0.001,2.62247,0.22594
76,1178,1,0.01,0.3,0.5,0.001,2.63034,0.3118
77,1178,1,0.01,0.3,0.5,0.001,2.63069,0.26965
78,1178,1,0.01,0.3,0.5,0.001,2.62408,0.22035
79,1178,1,0.01,0.3,0.5,0.001,2.6275,0.27623
80,1178,1,0.01,0.3,0.5,0.001,2.62606,0.2621
81,1178,1,0.01,0.3,0.5,0.001,2.63115,0.30167
82,1178,1,0.01,0.3,0.5,0.001,2.62815,0.24977
83,1178,1,0.01,0.3,0.5,0.001,2.62622,0.25786
84,1178,1,0.01,0.3,0.5,0.001,2.62958,0.27825
85,1178,1,0.01,0.3,0.5,0.001,2.62812,0.25973
86,1178,1,0.01,0.3,0.5,0.001,2.62884,0.24289
87,1178,1,0.01,0.3,0.5,0.001,2.62528,0.28127
88,1178,1,0.01,0.3,0.5,0.001,2.62779,0.24732
89,1178,1,0.01,0.3,0.5,0.001,2.62239,0.18906
90,1178,1,0.01,0.3,0.5,0.001,2.63088,0.25126
91,1178,1,0.01,0.3,0.5,0.001,2.62377,0.2118
92,1178,1,0.01,0.3,0.5,0.001,2.623,0.20365
93,1178,1,0.01,0.3,0.5,0.001,2.62175,0.22984
94,1178,1,0.01,0.3,0.5,0.001,2.63149,0.22524
95,1178,1,0.01,0.3,0.5,0.001,2.62722,0.24176
96,1178,1,0.01,0.3,0.5,0.001,2.62518,0.25827
97,1178,1,0.01,0.3,0.5,0.001,2.62961,0.29843
98,1178,1,0.01,0.3,0.5,0.001,2.62534,0.24969
99,1178,1,0.01,0.3,0.5,0.001,2.62827,0.24809
0,1178,1,0.05,0.3,0.5,0.001,0.38321,0.29839
1,1178,1,0.05,0.3,0.5,0.001,0.386,0.30452
2,1178,1,0.05,0.3,0.5,0.001,0.40608,0.31314
3,1178,1,0.05,0.3,0.5,0.001,0.41548,0.3171
4,1178,1,0.05,0.3,0.5,0.001,0.40689,0.3073
5,1178,1,0.05,0.3,0.5,0.001,0.37582,0.29432
6,1178,1,0.05,0.3,0.5,0.001,0.3642,0.29746
7,1178,1,0.05,0.3,0.5,0.001,0.37282,0.26851
8,1178,1,0.05,0.3,0.5,0.001,0.38144,0.27798
9,1178,1,0.05,0.3,0.5,0.001,0.38613,0.30935
10,1178,1,0.05,0.3,0.5,0.001,0.40887,0.31052
11,1178,1,0.05,0.3,0.5,0.001,0.35307,0.30444
12,1178,1,0.05,0.3,0.5,0.001,0.39645,0.31507
13,1178,1,0.05,0.3,0.5,0.001,0.34502,0.27036
14,1178,1,0.05,0.3,0.5,0.001,0.38698,0.28266
15,1178,1,0.05,0.3,0.5,0.001,0.40342,0.29547
16,1178,1,0.05,0.3,0.5,0.001,0.40294,0.3187
17,1178,1,0.05,0.3,0.5,0.001,0.4111,0.3173
18,1178,1,0.05,0.3,0.5,0.001,0.37148,0.28969
19,1178,1,0.05,0.3,0.5,0.001,0.3798,0.30056
20,1178,1,0.05,0.3,0.5,0.001,0.39966,0.30688
21,1178,1,0.05,0.3,0.5,0.001,0.35469,0.29413
22,1178,1,0.05,0.3,0.5,0.001,0.39431,0.30786
23,1178,1,0.05,0.3,0.5,0.001,0.36885,0.332
24,1178,1,0.05,0.3,0.5,0.001,0.37635,0.28101
25,1178,1,0.05,0.3,0.5,0.001,0.34807,0.27411
26,1178,1,0.05,0.3,0.5,0.001,0.40332,0.30127
27,1178,1,0.05,0.3,0.5,0.001,0.39188,0.31416
28,1178,1,0.05,0.3,0.5,0.001,0.39517,0.32517
29,1178,1,0.05,0.3,0.5,0.001,0.42248,0.31599
30,1178,1,0.05,0.3,0.5,0.001,0.36651,0.31758
31,1178,1,0.05,0.3,0.5,0.001,0.37664,0.30017
32,1178,1,0.05,0.3,0.5,0.001,0.33535,0.28284
33,1178,1,0.05,0.3,0.5,0.001,0.36915,0.29657
34,1178,1,0.05,0.3,0.5,0.001,0.37916,0.31439
35,1178,1,0.05,0.3,0.5,0.001,0.3922,0.30832
36,1178,1,0.05,0.3,0.5,0.001,0.38589,0.27357
37,1178,1,0.05,0.3,0.5,0.001,0.38357,0.30327
38,1178,1,0.05,0.3,0.5,0.001,0.38917,0.31082
39,1178,1,0.05,0.3,0.5,0.001,0.37204,0.29275
40,1178,1,0.05,0.3,0.5,0.001,0.38853,0.3268
41,1178,1,0.05,0.3,0.5,0.001,0.39344,0.29074
42,1178,1,0.05,0.3,0.5,0.001,0.41354,0.33893
43,1178,1,0.05,0.3,0.5,0.001,0.35534,0.29633
44,1178,1,0.05,0.3,0.5,0.001,0.41395,0.3394
45,1178,1,0.05,0.3,0.5,0.001,0.34955,0.271
46,1178,1,0.05,0.3,0.5,0.001,0.41696,0.34007
47,1178,1,0.05,0.3,0.5,0.001,0.40897,0.30252
48,1178,1,0.05,0.3,0.5,0.001,0.36871,0.29228
49,1178,1,0.05,0.3,0.5,0.001,0.36305,0.27726
50,1178,1,0.05,0.3,0.5,0.001,0.37535,0.29866
51,1178,1,0.05,0.3,0.5,0.001,0.36195,0.29292
52,1178,1,0.05,0.3,0.5,0.001,0.38154,0.29101
53,1178,1,0.05,0.3,0.5,0.001,0.40302,0.32474
54,1178,1,0.05,0.3,0.5,0.001,0.35248,0.27946
55,1178,1,0.05,0.3,0.5,0.001,0.35727,0.26892
56,1178,1,0.05,0.3,0.5,0.001,0.40074,0.31496
57,1178,1,0.05,0.3,0.5,0.001,0.3781,0.2891
58,1178,1,0.05,0.3,0.5,0.001,0.36394,0.30234
59,1178,1,0.05,0.3,0.5,0.001,0.38402,0.33592
60,1178,1,0.05,0.3,0.5,0.001,0.40734,0.3171
61,1178,1,0.05,0.3,0.5,0.001,0.36728,0.28718
62,1178,1,0.05,0.3,0.5,0.001,0.36057,0.28948
63,1178,1,0.05,0.3,0.5,0.001,0.36992,0.31112
64,1178,1,0.05,0.3,0.5,0.001,0.3731,0.29179
65,1178,1,0.05,0.3,0.5,0.001,0.38578,0.32829
66,1178,1,0.05,0.3,0.5,0.001,0.34863,0.29753
67,1178,1,0.05,0.3,0.5,0.001,0.35285,0.26976
68,1178,1,0.05,0.3,0.5,0.001,0.39757,0.29675
69,1178,1,0.05,0.3,0.5,0.001,0.36705,0.29855
70,1178,1,0.05,0.3,0.5,0.001,0.39381,0.28768
71,1178,1,0.05,0.3,0.5,0.001,0.38708,0.31117
72,1178,1,0.05,0.3,0.5,0.001,0.40659,0.29715
73,1178,1,0.05,0.3,0.5,0.001,0.4313,0.33278
74,1178,1,0.05,0.3,0.5,0.001,0.39967,0.31011
75,1178,1,0.05,0.3,0.5,0.001,0.3706,0.28334
76,1178,1,0.05,0.3,0.5,0.001,0.37912,0.28477
77,1178,1,0.05,0.3,0.5,0.001,0.38422,0.31138
78,1178,1,0.05,0.3,0.5,0.001,0.36568,0.30506
79,1178,1,0.05,0.3,0.5,0.001,0.37089,0.27496
80,1178,1,0.05,0.3,0.5,0.001,0.39931,0.32558
81,1178,1,0.05,0.3,0.5,0.001,0.41497,0.33278
82,1178,1,0.05,0.3,0.5,0.001,0.35023,0.30085
83,1178,1,0.05,0.3,0.5,0.001,0.35215,0.29271
84,1178,1,0.05,0.3,0.5,0.001,0.38765,0.31003
85,1178,1,0.05,0.3,0.5,0.001,0.42692,0.33132
86,1178,1,0.05,0.3,0.5,0.001,0.37177,0.31071
87,1178,1,0.05,0.3,0.5,0.001,0.39839,0.30928
88,1178,1,0.05,0.3,0.5,0.001,0.40223,0.3236
89,1178,1,0.05,0.3,0.5,0.001,0.37424,0.28409
90,1178,1,0.05,0.3,0.5,0.001,0.40098,0.31977
91,1178,1,0.05,0.3,0.5,0.001,0.37464,0.30922
92,1178,1,0.05,0.3,0.5,0.001,0.36134,0.2922
93,1178,1,0.05,0.3,0.5,0.001,0.37878,0.31812
94,1178,1,0.05,0.3,0.5,0.001,0.39029,0.30051
95,1178,1,0.05,0.3,0.5,0.001,0.38314,0.30125
96,1178,1,0.05,0.3,0.5,0.001,0.36229,0.31814
97,1178,1,0.05,0.3,0.5,0.001,0.35738,0.28106
98,1178,1,0.05,0.3,0.5,0.001,0.33859,0.29646
99,1178,1,0.05,0.3,0.5,0.001,0.37625,0.30485
0,1178,1,0.2,0.3,0.5,0.001,0.32438,0.32444
1,1178,1,0.2,0.3,0.5,0.001,0.33564,0.33611
2,1178,1,0.2,0.3,0.5,0.001,0.35921,0.35974
3,1178,1,0.2,0.3,0.5,0.001,0.33576,0.33637
4,1178,1,0.2,0.3,0.5,0.001,0.32059,0.31974
5,1178,1,0.2,0.3,0.5,0.001,0.35173,0.35244
6,1178,1,0.2,0.3,0.5,0.001,0.33328,0.33323
7,1178,1,0.2,0.3,0.5,0.001,0.34408,0.34428
8,1178,1,0.2,0.3,0.5,0.001,0.35548,0.35547
9,1178,1,0.2,0.3,0.5,0.001,0.33861,0.33959
10,1178,1,0.2,0.3,0.5,0.001,0.32967,0.32974
11,1178,1,0.2,0.3,0.5,0.001,0.36188,0.36221
12,1178,1,0.2,0.3,0.5,0.001,0.33754,0.33696
13,1178,1,0.2,0.3,0.5,0.001,0.35046,0.3497
14,1178,1,0.2,0.3,0.5,0.001,0.33563,0.33504
15,1178,1,0.2,0.3,0.5,0.001,0.34665,0.3471
16,1178,1,0.2,0.3,0.5,0.001,0.34033,0.34064
17,1178,1,0.2,0.3,0.5,0.001,0.31299,0.31272
18,1178,1,0.2,0.3,0.5,0.001,0.35526,0.35453
19,1178,1,0.2,0.3,0.5,0.001,0.33089,0.33045
20,1178,1,0.2,0.3,0.5,0.001,0.35033,0.35084
21,1178,1,0.2,0.3,0.5,0.001,0.3259,0.3258
22,1178,1,0.2,0.3,0.5,0.001,0.37225,0.37218
23,1178,1,0.2,0.3,0.5,0.001,0.32327,0.32319
24,1178,1,0.2,0.3,0.5,0.001,0.3015,0.30154
25,1178,1,0.2,0.3,0.5,0.001,0.33368,0.33323
26,1178,1,0.2,0.3,0.5,0.001,0.32541,0.32557
27,1178,1,0.2,0.3,0.5,0.001,0.34535,0.34475
28,1178,1,0.2,0.3,0.5,0.001,0.33937,0.34002
29,1178,1,0.2,0.3,0.5,0.001,0.33014,0.32972
30,1178,1,0.2,0.3,0.5,0.001,0.34279,0.34361
31,1178,1,0.2,0.3,0.5,0.001,0.32145,0.32199
32,1178,1,0.2,0.3,0.5,0.001,0.34407,0.34492
33,1178,1,0.2,0.3,0.5,0.001,0.34105,0.341
34,1178,1,0.2,0.3,0.5,0.001,0.35573,0.35646
35,1178,1,0.2,0.3,0.5,0.001,0.33574,0.33608
36,1178,1,0.2,0.3,0.5,0.001,0.31143,0.31099
37,1178,1,0.2,0.3,0.5,0.001,0.33526,0.33395
38,1178,1,0.2,0.3,0.5,0.001,0.3655,0.36498
39,1178,1,0.2,0.3,0.5,0.001,0.32593,0.32594
40,1178,1,0.2,0.3,0.5,0.001,0.32847,0.32802
41,1178,1,0.2,0.3,0.5,0.001,0.33851,0.33769
42,1178,1,0.2,0.3,0.5,0.001,0.32367,0.32446
43,1178,1,0.2,0.3,0.5,0.001,0.36624,0.36523
44,1178,1,0.2,0.3,0.5,0.001,0.31918,0.31951
45,1178,1,0.2,0.3,0.5,0.001,0.33531,0.33461
46,1178,1,0.2,0.3,0.5,0.001,0.34131,0.34107
47,1178,1,0.2,0.3,0.5,0.001,0.32542,0.3257
48,1178,1,0.2,0.3,0.5,0.001,0.33352,0.33404
49,1178,1,0.2,0.3,0.5,0.001,0.33635,0.33575
50,1178,1,0.2,0.3,0.5,0.001,0.34652,0.347
51,1178,1,0.2,0.3,0.5,0.001,0.34285,0.34329
52,1178,1,0.2,0.3,0.5,0.001,0.35064,0.35055
53,1178,1,0.2,0.3,0.5,0.001,0.33374,0.33312
54,1178,1,0.2,0.3,0.5,0.001,0.34268,0.34108
55,1178,1,0.2,0.3,0.5,0.001,0.35039,0.35034
56,1178,1,0.2,0.3,0.5,0.001,0.34121,0.34045
57,1178,1,0.2,0.3,0.5,0.001,0.33451,0.33428
58,1178,1,0.2,0.3,0.5,0.001,0.33878,0.33945
59,1178,1,0.2,0.3,0.5,0.001,0.31507,0.31482
60,1178,1,0.2,0.3,0.5,0.001,0.33861,0.33835
61,1178,1,0.2,0.3,0.5,0.001,0.34836,0.34858
62,1178,1,0.2,0.3,0.5,0.001,0.33513,0.33469
63,1178,1,0.2,0.3,0.5,0.001,0.34564,0.34474
64,1178,1,0.2,0.3,0.5,0.001,0.35649,0.35523
65,1178,1,0.2,0.3,0.5,0.001,0.34655,0.34649
66,1178,1,0.2,0.3,0.5,0.001,0.36049,0.35969
67,1178,1,0.2,0.3,0.5,0.001,0.33056,0.32998
68,1178,1,0.2,0.3,0.5,0.001,0.32413,0.32453
69,1178,1,0.2,0.3,0.5,0.001,0.33189,0.33222
70,1178,1,0.2,0.3,0.5,0.001,0.34235,0.34261
71,1178,1,0.2,0.3,0.5,0.001,0.29894,0.29909
72,1178,1,0.2,0.3,0.5,0.001,0.35822,0.35786
73,1178,1,0.2,0.3,0.5,0.001,0.35148,0.35194
74,1178,1,0.2,0.3,0.5,0.001,0.33815,0.33814
75,1178,1,0.2,0.3,0.5,0.001,0.32672,0.32687
76,1178,1,0.2,0.3,0.5,0.001,0.32999,0.33041
77,1178,1,0.2,0.3,0.5,0.001,0.35001,0.3512
78,1178,1,0.2,0.3,0.5,0.001,0.34219,0.34208
79,1178,1,0.2,0.3,0.5,0.001,0.36136,0.36161
80,1178,1,0.2,0.3,0.5,0.001,0.34182,0.34153
81,1178,1,0.2,0.3,0.5,0.001,0.34719,0.34641
82,1178,1,0.2,0.3,0.5,0.001,0.32216,0.32135
83,1178,1,0.2,0.3,0.5,0.001,0.34987,0.35009
84,1178,1,0.2,0.3,0.5,0.001,0.34635,0.34783
85,1178,1,0.2,0.3,0.5,0.001,0.33195,0.33217
86,1178,1,0.2,0.3,0.5,0.001,0.3289,0.32903
87,1178,1,0.2,0.3,0.5,0.001,0.34868,0.34951
88,1178,1,0.2,0.3,0.5,0.001,0.3259,0.32569
89,1178,1,0.2,0.3,0.5,0.001,0.34772,0.34771
90,1178,1,0.2,0.3,0.5,0.001,0.3469,0.34553
91,1178,1,0.2,0.3,0.5,0.001,0.33048,0.33065
92,1178,1,0.2,0.3,0.5,0.001,0.32005,0.32012
93,1178,1,0.2,0.3,0.5,0.001,0.34818,0.34765
94,1178,1,0.2,0.3,0.5,0.001,0.36036,0.35953
95,1178,1,0.2,0.3,0.5,0.001,0.33213,0.33223
96,1178,1,0.2,0.3,0.5,0.001,0.32483,0.32493
97,1178,1,0.2,0.3,0.5,0.001,0.3717,0.37238
98,1178,1,0.2,0.3,0.5,0.001,0.32958,0.32962
99,1178,1,0.2,0.3,0.5,0.001,0.31255,0.31237
0,1389,1,0.01,0.3,0.5,0.001,2.62419,0.22265
1,1389,1,0.01,0.3,0.5,0.001,2.62819,0.24299
2,1389,1,0.01,0.3,0.5,0.001,2.62547,0.25548
3,1389,1,0.01,0.3,0.5,0.001,2.62126,0.21271
4,1389,1,0.01,0.3,0.5,0.001,2.62946,0.22835
5,1389,1,0.01,0.3,0.5,0.001,2.62721,0.22055
6,1389,1,0.01,0.3,0.5,0.001,2.6228,0.20069
7,1389,1,0.01,0.3,0.5,0.001,2.62077,0.21055
8,1389,1,0.01,0.3,0.5,0.001,2.6213,0.24153
9,1389,1,0.01,0.3,0.5,0.001,2.62484,0.18414
10,1389,1,0.01,0.3,0.5,0.001,2.62621,0.21422
11,1389,1,0.01,0.3,0.5,0.001,2.62044,0.18973
12,1389,1,0.01,0.3,0.5,0.001,2.62346,0.19372
13,1389,1,0.01,0.3,0.5,0.001,2.62367,0.25615
14,1389,1,0.01,0.3,0.5,0.001,2.62675,0.2612
15,1389,1,0.01,0.3,0.5,0.001,2.62,0.19578
16,1389,1,0.01,0.3,0.5,0.001,2.62262,0.24254
17,1389,1,0.01,0.3,0.5,0.001,2.61882,0.22276
18,1389,1,0.01,0.3,0.5,0.001,2.62752,0.2951
19,1389,1,0.01,0.3,0.5,0.001,2.62115,0.1908
20,1389,1,0.01,0.3,0.5,0.001,2.62421,0.19959
21,1389,1,0.01,0.3,0.5,0.001,2.62039,0.19571
22,1389,1,0.01,0.3,0.5,0.001,2.61682,0.20755
23,1389,1,0.01,0.3,0.5,0.001,2.62475,0.22594
24,1389,1,0.01,0.3,0.5,0.001,2.62627,0.22949
25,1389,1,0.01,0.3,0.5,0.001,2.62286,0.2344
26,1389,1,0.01,0.3,0.5,0.001,2.62377,0.2325
27,1389,1,0.01,0.3,0.5,0.001,2.62317,0.24579
28,1389,1,0.01,0.3,0.5,0.001,2.62337,0.21786
29,1389,1,0.01,0.3,0.5,0.001,2.62355,0.23178
30,1389,1,0.01,0.3,0.5,0.001,2.62423,0.25261
31,1389,1,0.01,0.3,0.5,0.001,2.63256,0.25812
32,1389,1,0.01,0.3,0.5,0.001,2.62235,0.22371
33,1389,1,0.01,0.3,0.5,0.001,2.63329,0.3067
34,1389,1,0.01,0.3,0.5,0.001,2.61966,0.17074
35,1389,1,0.01,0.3,0.5,0.001,2.62306,0.22242
36,1389,1,0.01,0.3,0.5,0.001,2.62192,0.22256
37,1389,1,0.01,0.3,0.5,0.001,2.62542,0.21369
38,1389,1,0.01,0.3,0.5,0.001,2.62244,0.24897
39,1389,1,0.01,0.3,0.5,0.001,2.62064,0.19352
40,1389,1,0.01,0.3,0.5,0.001,2.61985,0.23774
41,1389,1,0.01,0.3,0.5,0.001,2.62349,0.22438
42,1389,1,0.01,0.3,0.5,0.001,2.62565,0.23119
43,1389,1,0.01,0.3,0.5,0.001,2.62591,0.25252
44,1389,1,0.01,0.3,0.5,0.001,2.62927,0.24497
45,1389,1,0.01,0.3,0.5,0.001,2.62439,0.27552
46,1389,1,0.01,0.3,0.5,0.001,2.62234,0.22223
47,1389,1,0.01,0.3,0.5,0.001,2.62109,0.25209
48,1389,1,0.01,0.3,0.5,0.001,2.6243,0.21633
49,1389,1,0.01,0.3,0.5,0.001,2.6219,0.18435
50,1389,1,0.01,0.3,0.5,0.001,2.62275,0.25066
51,1389,1,0.01,0.3,0.5,0.001,2.62459,0.22697
52,1389,1,0.01,0.3,0.5,0.001,2.62473,0.24288
53,1389,1,0.01,0.3,0.5,0.001,2.62324,0.19238
54,1389,1,0.01,0.3,0.5,0.001,2.62782,0.18759
55,1389,1,0.01,0.3,0.5,0.001,2.62874,0.2616
56,1389,1,0.01,0.3,0.5,0.001,2.63299,0.28909
57,1389,1,0.01,0.3,0.5,0.001,2.62144,0.20453
58,1389,1,0.01,0.3,0.5,0.001,2.62561,0.25889
59,1389,1,0.01,0.3,0.5,0.001,2.62546,0.24588
60,1389,1,0.01,0.3,0.5,0.001,2.62265,0.22406
61,1389,1,0.01,0.3,0.5,0.001,2.62342,0.20094
62,1389,1,0.01,0.3,0.5,0.001,2.62154,0.23646
63,1389,1,0.01,0.3,0.5,0.001,2.62728,0.27338
64,1389,1,0.01,0.3,0.5,0.001,2.6239,0.21779
65,1389,1,0.01,0.3,0.5,0.001,2.62244,0.20035
66,1389,1,0.01,0.3,0.5,0.001,2.62597,0.23331
67,1389,1,0.01,0.3,0.5,0.001,2.62537,0.21389
68,1389,1,0.01,0.3,0.5,0.001,2.62793,0.25926
69,1389,1,0.01,0.3,0.5,0.001,2.62445,0.2129
70,1389,1,0.01,0.3,0.5,0.001,2.62575,0.26926
71,1389,1,0.01,0.3,0.5,0.001,2.61906,0.20687
72,1389,1,0.01,0.3,0.5,0.001,2.62072,0.22405
73,1389,1,0.01,0.3,0.5,0.001,2.62976,0.2672
74,1389,1,0.01,0.3,0.5,0.001,2.6218,0.20923
75,1389,1,0.01,0.3,0.5,0.001,2.62105,0.22604
76,1389,1,0.01,0.3,0.5,0.001,2.61875,0.18584
77,1389,1,0.01,0.3,0.5,0.001,2.62767,0.23966
78,1389,1,0.01,0.3,0.5,0.001,2.62047,0.18946
79,1389,1,0.01,0.3,0.5,0.001,2.62347,0.22913
80,1389,1,0.01,0.3,0.5,0.001,2.62621,0.22836
81,1389,1,0.01,0.3,0.5,0.001,2.61881,0.19221
82,1389,1,0.01,0.3,0.5,0.001,2.62423,0.27325
83,1389,1,0.01,0.3,0.5,0.001,2.61818,0.20518
84,1389,1,0.01,0.3,0.5,0.001,2.62741,0.25088
85,1389,1,0.01,0.3,0.5,0.001,2.62091,0.17278
86,1389,1,0.01,0.3,0.5,0.001,2.62159,0.22008
87,1389,1,0.01,0.3,0.5,0.001,2.6272,0.26502
88,1389,1,0.01,0.3,0.5,0.001,2.62358,0.2123
89,1389,1,0.01,0.3,0.5,0.001,2.61847,0.20563
90,1389,1,0.01,0.3,0.5,0.001,2.61864,0.21105
91,1389,1,0.01,0.3,0.5,0.001,2.62263,0.21753
92,1389,1,0.01,0.3,0.5,0.001,2.6199,0.18631
93,1389,1,0.01,0.3,0.5,0.001,2.6277,0.27143
94,1389,1,0.01,0.3,0.5,0.001,2.62459,0.2537
95,1389,1,0.01,0.3,0.5,0.001,2.62445,0.22946
96,1389,1,0.01,0.3,0.5,0.001,2.61832,0.2018
97,1389,1,0.01,0.3,0.5,0.001,2.62491,0.22801
98,1389,1,0.01,0.3,0.5,0.001,2.62291,0.23463
99,1389,1,0.01,0.3,0.5,0.001,2.62125,0.22853
0,1389,1,0.05,0.3,0.5,0.001,0.38988,0.32039
1,1389,1,0.05,0.3,0.5,0.001,0.33988,0.24992
2,1389,1,0.05,0.3,0.5,0.001,0.35844,0.27994
3,1389,1,0.05,0.3,0.5,0.001,0.37655,0.29591
4,1389,1,0.05,0.3,0.5,0.001,0.37235,0.26812
5,1389,1,0.05,0.3,0.5,0.001,0.3648,0.27153
6,1389,1,0.05,0.3,0.5,0.001,0.38469,0.29385
7,1389,1,0.05,0.3,0.5,0.001,0.35614,0.28283
8,1389,1,0.05,0.3,0.5,0.001,0.35255,0.2534
9,1389,1,0.05,0.3,0.5,0.001,0.40339,0.31899
10,1389,1,0.05,0.3,0.5,0.001,0.387,0.27851
11,1389,1,0.05,0.3,0.5,0.001,0.34925,0.25491
12,1389,1,0.05,0.3,0.5,0.001,0.3897,0.28265
13,1389,1,0.05,0.3,0.5,0.001,0.34542,0.27986
14,1389,1,0.05,0.3,0.5,0.001,0.34543,0.26345
15,1389,1,0.05,0.3,0.5,0.001,0.34354,0.25468
16,1389,1,0.05,0.3,0.5,0.001,0.37583,0.28842
17,1389,1,0.05,0.3,0.5,0.001,0.38777,0.28196
18,1389,1,0.05,0.3,0.5,0.001,0.37949,0.27479
19,1389,1,0.05,0.3,0.5,0.001,0.38978,0.30954
20,1389,1,0.05,0.3,0.5,0.001,0.36942,0.26824
21,1389,1,0.05,0.3,0.5,0.001,0.36017,0.26459
22,1389,1,0.05,0.3,0.5,0.001,0.38448,0.30361
23,1389,1,0.05,0.3,0.5,0.001,0.34198,0.27581
24,1389,1,0.05,0.3,0.5,0.001,0.36615,0.29518
25,1389,1,0.05,0.3,0.5,0.001,0.37588,0.26858
26,1389,1,0.05,0.3,0.5,0.001,0.36282,0.25421
27,1389,1,0.05,0.3,0.5,0.001,0.32641,0.27257
28,1389,1,0.05,0.3,0.5,0.001,0.35519,0.26712
29,1389,1,0.05,0.3,0.5,0.001,0.3764,0.28247
30,1389,1,0.05,0.3,0.5,0.001,0.35839,0.28576
31,1389,1,0.05,0.3,0.5,0.001,0.33793,0.25934
32,1389,1,0.05,0.3,0.5,0.001,0.37033,0.26804
33,1389,1,0.05,0.3,0.5,0.001,0.38704,0.29926
34,1389,1,0.05,0.3,0.5,0.001,0.37851,0.28018
35,1389,1,0.05,0.3,0.5,0.001,0.36462,0.26119
36,1389,1,0.05,0.3,0.5,0.001,0.36116,0.26568
37,1389,1,0.05,0.3,0.5,0.001,0.36572,0.2689
38,1389,1,0.05,0.3,0.5,0.001,0.37571,0.29989
39,1389,1,0.05,0.3,0.5,0.001,0.32093,0.27408
40,1389,1,0.05,0.3,0.5,0.001,0.35178,0.27349
41,1389,1,0.05,0.3,0.5,0.001,0.40332,0.32862
42,1389,1,0.05,0.3,0.5,0.001,0.32158,0.24304
43,1389,1,0.05,0.3,0.5,0.001,0.3687,0.27202
44,1389,1,0.05,0.3,0.5,0.001,0.38136,0.29749
45,1389,1,0.05,0.3,0.5,0.001,0.36735,0.29978
46,1389,1,0.05,0.3,0.5,0.001,0.38233,0.3044
47,1389,1,0.05,0.3,0.5,0.001,0.35152,0.273
48,1389,1,0.05,0.3,0.5,0.001,0.37857,0.27693
49,1389,1,0.05,0.3,0.5,0.001,0.39261,0.3259
50,1389,1,0.05,0.3,0.5,0.001,0.33628,0.27856
51,1389,1,0.05,0.3,0.5,0.001,0.3647,0.27477
52,1389,1,0.05,0.3,0.5,0.001,0.3595,0.29058
53,1389,1,0.05,0.3,0.5,0.001,0.3397,0.25892
54,1389,1,0.05,0.3,0.5,0.001,0.3638,0.27745
55,1389,1,0.05,0.3,0.5,0.001,0.3735,0.29355
56,1389,1,0.05,0.3,0.5,0.001,0.35171,0.31816
57,1389,1,0.05,0.3,0.5,0.001,0.38399,0.2989
58,1389,1,0.05,0.3,0.5,0.001,0.3791,0.29636
59,1389,1,0.05,0.3,0.5,0.001,0.37416,0.28515
60,1389,1,0.05,0.3,0.5,0.001,0.3688,0.28298
61,1389,1,0.05,0.3,0.5,0.001,0.34558,0.28581
62,1389,1,0.05,0.3,0.5,0.001,0.3744,0.26806
63,1389,1,0.05,0.3,0.5,0.001,0.36677,0.25088
64,1389,1,0.05,0.3,0.5,0.001,0.35239,0.26143
65,1389,1,0.05,0.3,0.5,0.001,0.34676,0.27472
66,1389,1,0.05,0.3,0.5,0.001,0.35903,0.26094
67,1389,1,0.05,0.3,0.5,0.001,0.35674,0.26826
68,1389,1,0.05,0.3,0.5,0.001,0.37527,0.26537
69,1389,1,0.05,0.3,0.5,0.001,0.38973,0.27661
70,1389,1,0.05,0.3,0.5,0.001,0.32949,0.24696
71,1389,1,0.05,0.3,0.5,0.001,0.39071,0.28752
72,1389,1,0.05,0.3,0.5,0.001,0.34963,0.2618
73,1389,1,0.05,0.3,0.5,0.001,0.33078,0.24726
74,1389,1,0.05,0.3,0.5,0.001,0.35715,0.28257
75,1389,1,0.05,0.3,0.5,0.001,0.37763,0.30226
76,1389,1,0.05,0.3,0.5,0.001,0.40006,0.30506
77,1389,1,0.05,0.3,0.5,0.001,0.36033,0.28762
78,1389,1,0.05,0.3,0.5,0.001,0.36077,0.29596
79,1389,1,0.05,0.3,0.5,0.001,0.33939,0.22211
80,1389,1,0.05,0.3,0.5,0.001,0.34672,0.25233
81,1389,1,0.05,0.3,0.5,0.001,0.40476,0.32897
82,1389,1,0.05,0.3,0.5,0.001,0.38916,0.29115
83,1389,1,0.05,0.3,0.5,0.001,0.39413,0.31507
84,1389,1,0.05,0.3,0.5,0.001,0.36482,0.29779
85,1389,1,0.05,0.3,0.5,0.001,0.35786,0.27487
86,1389,1,0.05,0.3,0.5,0.001,0.33117,0.25598
87,1389,1,0.05,0.3,0.5,0.001,0.37349,0.31986
88,1389,1,0.05,0.3,0.5,0.001,0.35918,0.29263
89,1389,1,0.05,0.3,0.5,0.001,0.37803,0.29999
90,1389,1,0.05,0.3,0.5,0.001,0.36637,0.27281
91,1389,1,0.05,0.3,0.5,0.001,0.36764,0.25974
92,1389,1,0.05,0.3,0.5,0.001,0.38737,0.26932
93,1389,1,0.05,0.3,0.5,0.001,0.36199,0.27395
94,1389,1,0.05,0.3,0.5,0.001,0.35707,0.26047
95,1389,1,0.05,0.3,0.5,0.001,0.36371,0.26416
96,1389,1,0.05,0.3,0.5,0.001,0.34708,0.25179
97,1389,1,0.05,0.3,0.5,0.001,0.38746,0.29421
98,1389,1,0.05,0.3,0.5,0.001,0.37192,0.27257
99,1389,1,0.05,0.3,0.5,0.001,0.37991,0.29997
0,1389,1,0.2,0.3,0.5,0.001,0.3053,0.30465
1,1389,1,0.2,0.3,0.5,0.001,0.29982,0.29984
2,1389,1,0.2,0.3,0.5,0.001,0.34903,0.34873
3,1389,1,0.2,0.3,0.5,0.001,0.30903,0.30882
4,1389,1,0.2,0.3,0.5,0.001,0.30279,0.30295
5,1389,1,0.2,0.3,0.5,0.001,0.32392,0.32322
6,1389,1,0.2,0.3,0.5,0.001,0.317,0.31706
7,1389,1,0.2,0.3,0.5,0.001,0.31117,0.31058
8,1389,1,0.2,0.3,0.5,0.001,0.31677,0.31708
9,1389,1,0.2,0.3,0.5,0.001,0.31369,0.31444
10,1389,1,0.2,0.3,0.5,0.001,0.28958,0.28932
11,1389,1,0.2,0.3,0.5,0.001,0.31966,0.31944
12,1389,1,0.2,0.3,0.5,0.001,0.31138,0.31146
13,1389,1,0.2,0.3,0.5,0.001,0.3187,0.31815
14,1389,1,0.2,0.3,0.5,0.001,0.31201,0.31145
15,1389,1,0.2,0.3,0.5,0.001,0.31277,0.31343
16,1389,1,0.2,0.3,0.5,0.001,0.30593,0.30598
17,1389,1,0.2,0.3,0.5,0.001,0.29643,0.29576
18,1389,1,0.2,0.3,0.5,0.001,0.31636,0.31573
19,1389,1,0.2,0.3,0.5,0.001,0.33484,0.33367
20,1389,1,0.2,0.3,0.5,0.001,0.30944,0.30962
21,1389,1,0.2,0.3,0.5,0.001,0.30613,0.30633
22,1389,1,0.2,0.3,0.5,0.001,0.33817,0.33812
23,1389,1,0.2,0.3,0.5,0.001,0.30987,0.30953
24,1389,1,0.2,0.3,0.5,0.001,0.29989,0.29958
25,1389,1,0.2,0.3,0.5,0.001,0.31519,0.31554
26,1389,1,0.2,0.3,0.5,0.001,0.3202,0.31948
27,1389,1,0.2,0.3,0.5,0.001,0.30164,0.30107
28,1389,1,0.2,0.3,0.5,0.001,0.30759,0.30717
29,1389,1,0.2,0.3,0.5,0.001,0.31379,0.31256
30,1389,1,0.2,0.3,0.5,0.001,0.32559,0.32663
31,1389,1,0.2,0.3,0.5,0.001,0.30478,0.30407
32,1389,1,0.2,0.3,0.5,0.001,0.30721,0.30751
33,1389,1,0.2,0.3,0.5,0.001,0.29928,0.29968
34,1389,1,0.2,0.3,0.5,0.001,0.28826,0.28802
35,1389,1,0.2,0.3,0.5,0.001,0.31107,0.31236
36,1389,1,0.2,0.3,0.5,0.001,0.31148,0.31178
37,1389,1,0.2,0.3,0.5,0.001,0.31578,0.31363
38,1389,1,0.2,0.3,0.5,0.001,0.31387,0.31368
39,1389,1,0.2,0.3,0.5,0.001,0.32482,0.32516
40,1389,1,0.2,0.3,0.5,0.001,0.32717,0.32697
41,1389,1,0.2,0.3,0.5,0.001,0.32709,0.32807
42,1389,1,0.2,0.3,0.5,0.001,0.33887,0.3393
43,1389,1,0.2,0.3,0.5,0.001,0.32214,0.32159
44,1389,1,0.2,0.3,0.5,0.001,0.3009,0.30104
45,1389,1,0.2,0.3,0.5,0.001,0.30582,0.30565
46,1389,1,0.2,0.3,0.5,0.001,0.32819,0.3289
47,1389,1,0.2,0.3,0.5,0.001,0.3288,0.32956
48,1389,1,0.2,0.3,0.5,0.001,0.30936,0.30904
49,1389,1,0.2,0.3,0.5,0.001,0.29678,0.29722
50,1389,1,0.2,0.3,0.5,0.001,0.31408,0.31368
51,1389,1,0.2,0.3,0.5,0.001,0.32018,0.32
52,1389,1,0.2,0.3,0.5,0.001,0.33242,0.33257
53,1389,1,0.2,0.3,0.5,0.001,0.30087,0.30153
54,1389,1,0.2,0.3,0.5,0.001,0.31929,0.3203
55,1389,1,0.2,0.3,0.5,0.001,0.30648,0.30605
56,1389,1,0.2,0.3,0.5,0.001,0.31249,0.31265
57,1389,1,0.2,0.3,0.5,0.001,0.32817,0.32818
58,1389,1,0.2,0.3,0.5,0.001,0.3313,0.33079
59,1389,1,0.2,0.3,0.5,0.001,0.31783,0.31721
60,1389,1,0.2,0.3,0.5,0.001,0.29546,0.29496
61,1389,1,0.2,0.3,0.5,0.001,0.31842,0.31732
62,1389,1,0.2,0.3,0.5,0.001,0.30065,0.30078
63,1389,1,0.2,0.3,0.5,0.001,0.28156,0.28144
64,1389,1,0.2,0.3,0.5,0.001,0.30121,0.30086
65,1389,1,0.2,0.3,0.5,0.001,0.3143,0.31439
66,1389,1,0.2,0.3,0.5,0.001,0.32862,0.32806
67,1389,1,0.2,0.3,0.5,0.001,0.31617,0.31558
68,1389,1,0.2,0.3,0.5,0.001,0.31376,0.31252
69,1389,1,0.2,0.3,0.5,0.001,0.30021,0.30032
70,1389,1,0.2,0.3,0.5,0.001,0.31418,0.31406
71,1389,1,0.2,0.3,0.5,0.001,0.32221,0.32158
72,1389,1,0.2,0.3,0.5,0.001,0.30607,0.30527
73,1389,1,0.2,0.3,0.5,0.001,0.29561,0.29542
74,1389,1,0.2,0.3,0.5,0.001,0.32016,0.32034
75,1389,1,0.2,0.3,0.5,0.001,0.32033,0.32102
76,1389,1,0.2,0.3,0.5,0.001,0.30432,0.30463
77,1389,1,0.2,0.3,0.5,0.001,0.31212,0.31242
78,1389,1,0.2,0.3,0.5,0.001,0.28462,0.28462
79,1389,1,0.2,0.3,0.5,0.001,0.30294,0.30311
80,1389,1,0.2,0.3,0.5,0.001,0.29846,0.29971
81,1389,1,0.2,0.3,0.5,0.001,0.3316,0.33123
82,1389,1,0.2,0.3,0.5,0.001,0.32845,0.32789
83,1389,1,0.2,0.3,0.5,0.001,0.33346,0.33322
84,1389,1,0.2,0.3,0.5,0.001,0.30354,0.30454
85,1389,1,0.2,0.3,0.5,0.001,0.30477,0.30473
86,1389,1,0.2,0.3,0.5,0.001,0.34626,0.34686
87,1389,1,0.2,0.3,0.5,0.001,0.31394,0.31304
88,1389,1,0.2,0.3,0.5,0.001,0.31419,0.31414
89,1389,1,0.2,0.3,0.5,0.001,0.3073,0.3074
90,1389,1,0.2,0.3,0.5,0.001,0.30773,0.30758
91,1389,1,0.2,0.3,0.5,0.001,0.31718,0.3172
92,1389,1,0.2,0.3,0.5,0.001,0.3058,0.30486
93,1389,1,0.2,0.3,0.5,0.001,0.3187,0.31807
94,1389,1,0.2,0.3,0.5,0.001,0.30783,0.30746
95,1389,1,0.2,0.3,0.5,0.001,0.31453,0.31496
96,1389,1,0.2,0.3,0.5,0.001,0.31882,0.31874
97,1389,1,0.2,0.3,0.5,0.001,0.31904,0.31845
98,1389,1,0.2,0.3,0.5,0.001,0.27987,0.2796
99,1389,1,0.2,0.3,0.5,0.001,0.32497,0.32369
0,1637,1,0.01,0.3,0.5,0.001,2.62421,0.21759
1,1637,1,0.01,0.3,0.5,0.001,2.62349,0.22392
2,1637,1,0.01,0.3,0.5,0.001,2.62304,0.21414
3,1637,1,0.01,0.3,0.5,0.001,2.62249,0.23427
4,1637,1,0.01,0.3,0.5,0.001,2.61856,0.2075
5,1637,1,0.01,0.3,0.5,0.001,2.63154,0.30417
6,1637,1,0.01,0.3,0.5,0.001,2.61976,0.19621
7,1637,1,0.01,0.3,0.5,0.001,2.62227,0.20814
8,1637,1,0.01,0.3,0.5,0.001,2.61916,0.22858
9,1637,1,0.01,0.3,0.5,0.001,2.62413,0.20264
10,1637,1,0.01,0.3,0.5,0.001,2.62309,0.23088
11,1637,1,0.01,0.3,0.5,0.001,2.62292,0.19178
12,1637,1,0.01,0.3,0.5,0.001,2.62062,0.22524
13,1637,1,0.01,0.3,0.5,0.001,2.62245,0.21674
14,1637,1,0.01,0.3,0.5,0.001,2.62623,0.21825
15,1637,1,0.01,0.3,0.5,0.001,2.62487,0.20244
16,1637,1,0.01,0.3,0.5,0.001,2.62269,0.22945
17,1637,1,0.01,0.3,0.5,0.001,2.62319,0.22632
18,1637,1,0.01,0.3,0.5,0.001,2.61909,0.19197
19,1637,1,0.01,0.3,0.5,0.001,2.62473,0.19908
20,1637,1,0.01,0.3,0.5,0.001,2.62544,0.19332
21,1637,1,0.01,0.3,0.5,0.001,2.62638,0.22887
22,1637,1,0.01,0.3,0.5,0.001,2.61532,0.17763
23,1637,1,0.01,0.3,0.5,0.001,2.62466,0.22586
24,1637,1,0.01,0.3,0.5,0.001,2.61826,0.18016
25,1637,1,0.01,0.3,0.5,0.001,2.62435,0.23537
26,1637,1,0.01,0.3,0.5,0.001,2.62014,0.22942
27,1637,1,0.01,0.3,0.5,0.001,2.62296,0.23508
28,1637,1,0.01,0.3,0.5,0.001,2.62619,0.24015
29,1637,1,0.01,0.3,0.5,0.001,2.61908,0.18763
30,1637,1,0.01,0.3,0.5,0.001,2.629,0.22645
31,1637,1,0.01,0.3,0.5,0.001,2.62265,0.19311
32,1637,1,0.01,0.3,0.5,0.001,2.62079,0.22579
33,1637,1,0.01,0.3,0.5,0.001,2.62195,0.20975
34,1637,1,0.01,0.3,0.5,0.001,2.62061,0.18751
35,1637,1,0.01,0.3,0.5,0.001,2.62541,0.25379
36,1637,1,0.01,0.3,0.5,0.001,2.62784,0.25562
37,1637,1,0.01,0.3,0.5,0.001,2.62643,0.23895
38,1637,1,0.01,0.3,0.5,0.001,2.61927,0.20228
39,1637,1,0.01,0.3,0.5,0.001,2.62356,0.19317
40,1637,1,0.01,0.3,0.5,0.001,2.62404,0.2246
41,1637,1,0.01,0.3,0.5,0.001,2.62189,0.18652
42,1637,1,0.01,0.3,0.5,0.001,2.62202,0.22117
43,1637,1,0.01,0.3,0.5,0.001,2.62337,0.22446
44,1637,1,0.01,0.3,0.5,0.001,2.62417,0.2406
45,1637,1,0.01,0.3,0.5,0.001,2.62183,0.22906
46,1637,1,0.01,0.3,0.5,0.001,2.625,0.17732
47,1637,1,0.01,0.3,0.5,0.001,2.61876,0.17985
48,1637,1,0.01,0.3,0.5,0.001,2.62473,0.23771
49,1637,1,0.01,0.3,0.5,0.001,2.62278,0.21832
50,1637,1,0.01,0.3,0.5,0.001,2.62509,0.2135
51,1637,1,0.01,0.3,0.5,0.001,2.62441,0.20052
52,1637,1,0.01,0.3,0.5,0.001,2.62318,0.20425
53,1637,1,0.01,0.3,0.5,0.001,2.62206,0.19548
54,1637,1,0.01,0.3,0.5,0.001,2.62175,0.19574
55,1637,1,0.01,0.3,0.5,0.001,2.62176,0.17446
56,1637,1,0.01,0.3,0.5,0.001,2.62024,0.19676
57,1637,1,0.01,0.3,0.5,0.001,2.62344,0.22765
58,1637,1,0.01,0.3,0.5,0.001,2.62243,0.21287
59,1637,1,0.01,0.3,0.5,0.001,2.62457,0.22456
60,1637,1,0.01,0.3,0.5,0.001,2.61905,0.1989
61,1637,1,0.01,0.3,0.5,0.001,2.62683,0.23572
62,1637,1,0.01,0.3,0.5,0.001,2.6279,0.25913
63,1637,1,0.01,0.3,0.5,0.001,2.62287,0.21268
64,1637,1,0.01,0.3,0.5,0.001,2.63077,0.25891
65,1637,1,0.01,0.3,0.5,0.001,2.62176,0.2232
66,1637,1,0.01,0.3,0.5,0.001,2.61894,0.23737
67,1637,1,0.01,0.3,0.5,0.001,2.62259,0.2263
68,1637,1,0.01,0.3,0.5,0.001,2.6241,0.21395
69,1637,1,0.01,0.3,0.5,0.001,2.6201,0.20862
70,1637,1,0.01,0.3,0.5,0.001,2.62305,0.20518
71,1637,1,0.01,0.3,0.5,0.001,2.62119,0.19086
72,1637,1,0.01,0.3,0.5,0.001,2.62151,0.19414
73,1637,1,0.01,0.3,0.5,0.001,2.62169,0.19903
74,1637,1,0.01,0.3,0.5,0.001,2.62702,0.24393
75,1637,1,0.01,0.3,0.5,0.001,2.62076,0.21465
76,1637,1,0.01,0.3,0.5,0.001,2.62802,0.21297
77,1637,1,0.01,0.3,0.5,0.001,2.62188,0.18403
78,1637,1,0.01,0.3,0.5,0.001,2.62241,0.22184
79,1637,1,0.01,0.3,0.5,0.001,2.62577,0.22227
80,1637,1,0.01,0.3,0.5,0.001,2.62303,0.21427
81,1637,1,0.01,0.3,0.5,0.001,2.62382,0.1843
82,1637,1,0.01,0.3,0.5,0.001,2.62147,0.21211
83,1637,1,0.01,0.3,0.5,0.001,2.62547,0.2468
84,1637,1,0.01,0.3,0.5,0.001,2.61989,0.21667
85,1637,1,0.01,0.3,0.5,0.001,2.62129,0.17215
86,1637,1,0.01,0.3,0.5,0.001,2.62724,0.21677
87,1637,1,0.01,0.3,0.5,0.001,2.61977,0.2146
88,1637,1,0.01,0.3,0.5,0.001,2.62014,0.19824
89,1637,1,0.01,0.3,0.5,0.001,2.62391,0.18923
90,1637,1,0.01,0.3,0.5,0.001,2.61589,0.15343
91,1637,1,0.01,0.3,0.5,0.001,2.61872,0.19371
92,1637,1,0.01,0.3,0.5,0.001,2.62485,0.24706
93,1637,1,0.01,0.3,0.5,0.001,2.6214,0.20688
94,1637,1,0.01,0.3,0.5,0.001,2.62149,0.2117
95,1637,1,0.01,0.3,0.5,0.001,2.62141,0.20819
96,1637,1,0.01,0.3,0.5,0.001,2.6195,0.19843
97,1637,1,0.01,0.3,0.5,0.001,2.62315,0.21669
98,1637,1,0.01,0.3,0.5,0.001,2.62536,0.18157
99,1637,1,0.01,0.3,0.5,0.001,2.62536,0.21275
0,1637,1,0.05,0.3,0.5,0.001,0.37647,0.26536
1,1637,1,0.05,0.3,0.5,0.001,0.33054,0.24586
2,1637,1,0.05,0.3,0.5,0.001,0.35986,0.26813
3,1637,1,0.05,0.3,0.5,0.001,0.34443,0.25601
4,1637,1,0.05,0.3,0.5,0.001,0.36952,0.26441
5,1637,1,0.05,0.3,0.5,0.001,0.35243,0.25234
6,1637,1,0.05,0.3,0.5,0.001,0.33521,0.2668
7,1637,1,0.05,0.3,0.5,0.001,0.37819,0.26865
8,1637,1,0.05,0.3,0.5,0.001,0.36837,0.27763
9,1637,1,0.05,0.3,0.5,0.001,0.35781,0.25605
10,1637,1,0.05,0.3,0.5,0.001,0.34333,0.24562
11,1637,1,0.05,0.3,0.5,0.001,0.34368,0.2608
12,1637,1,0.05,0.3,0.5,0.001,0.35524,0.25326
13,1637,1,0.05,0.3,0.5,0.001,0.36685,0.26396
14,1637,1,0.05,0.3,0.5,0.001,0.34336,0.25519
15,1637,1,0.05,0.3,0.5,0.001,0.34707,0.27269
16,1637,1,0.05,0.3,0.5,0.001,0.3263,0.24348
17,1637,1,0.05,0.3,0.5,0.001,0.37964,0.29007
18,1637,1,0.05,0.3,0.5,0.001,0.33222,0.22698
19,1637,1,0.05,0.3,0.5,0.001,0.35768,0.27585
20,1637,1,0.05,0.3,0.5,0.001,0.30768,0.22797
21,1637,1,0.05,0.3,0.5,0.001,0.35554,0.26189
22,1637,1,0.05,0.3,0.5,0.001,0.36029,0.27099
23,1637,1,0.05,0.3,0.5,0.001,0.37598,0.27013
24,1637,1,0.05,0.3,0.5,0.001,0.37713,0.26586
25,1637,1,0.05,0.3,0.5,0.001,0.3703,0.27068
26,1637,1,0.05,0.3,0.5,0.001,0.3466,0.25173
27,1637,1,0.05,0.3,0.5,0.001,0.34275,0.2538
28,1637,1,0.05,0.3,0.5,0.001,0.3759,0.27035
29,1637,1,0.05,0.3,0.5,0.001,0.3413,0.26278
30,1637,1,0.05,0.3,0.5,0.001,0.35905,0.29072
31,1637,1,0.05,0.3,0.5,0.001,0.353,0.26651
32,1637,1,0.05,0.3,0.5,0.001,0.333,0.26644
33,1637,1,0.05,0.3,0.5,0.001,0.36041,0.26595
34,1637,1,0.05,0.3,0.5,0.001,0.36033,0.2646
35,1637,1,0.05,0.3,0.5,0.001,0.35136,0.27752
36,1637,1,0.05,0.3,0.5,0.001,0.37431,0.26012
37,1637,1,0.05,0.3,0.5,0.001,0.369,0.27283
38,1637,1,0.05,0.3,0.5,0.001,0.35773,0.27134
39,1637,1,0.05,0.3,0.5,0.001,0.31749,0.23346
40,1637,1,0.05,0.3,0.5,0.001,0.30861,0.23357
41,1637,1,0.05,0.3,0.5,0.001,0.32648,0.25441
42,1637,1,0.05,0.3,0.5,0.001,0.33638,0.24599
43,1637,1,0.05,0.3,0.5,0.001,0.35655,0.26239
44,1637,1,0.05,0.3,0.5,0.001,0.3855,0.27031
45,1637,1,0.05,0.3,0.5,0.001,0.37406,0.28735
46,1637,1,0.05,0.3,0.5,0.001,0.36814,0.28794
47,1637,1,0.05,0.3,0.5,0.001,0.35195,0.26008
48,1637,1,0.05,0.3,0.5,0.001,0.32451,0.22666
49,1637,1,0.05,0.3,0.5,0.001,0.38761,0.28223
50,1637,1,0.05,0.3,0.5,0.001,0.35651,0.23886
51,1637,1,0.05,0.3,0.5,0.001,0.3491,0.27242
52,1637,1,0.05,0.3,0.5,0.001,0.3653,0.25153
53,1637,1,0.05,0.3,0.5,0.001,0.36349,0.27131
54,1637,1,0.05,0.3,0.5,0.001,0.34954,0.25752
55,1637,1,0.05,0.3,0.5,0.001,0.39019,0.29373
56,1637,1,0.05,0.3,0.5,0.001,0.3395,0.25263
57,1637,1,0.05,0.3,0.5,0.001,0.35741,0.2399
58,1637,1,0.05,0.3,0.5,0.001,0.35594,0.2641
59,1637,1,0.05,0.3,0.5,0.001,0.37522,0.25799
60,1637,1,0.05,0.3,0.5,0.001,0.34691,0.24842
61,1637,1,0.05,0.3,0.5,0.001,0.37076,0.28556
62,1637,1,0.05,0.3,0.5,0.001,0.34273,0.28024
63,1637,1,0.05,0.3,0.5,0.001,0.36904,0.29208
64,1637,1,0.05,0.3,0.5,0.001,0.35987,0.25963
65,1637,1,0.05,0.3,0.5,0.001,0.3347,0.23193
66,1637,1,0.05,0.3,0.5,0.001,0.34705,0.24906
67,1637,1,0.05,0.3,0.5,0.001,0.35011,0.25982
68,1637,1,0.05,0.3,0.5,0.001,0.35236,0.25992
69,1637,1,0.05,0.3,0.5,0.001,0.34548,0.24711
70,1637,1,0.05,0.3,0.5,0.001,0.31819,0.24846
71,1637,1,0.05,0.3,0.5,0.001,0.34758,0.23399
72,1637,1,0.05,0.3,0.5,0.001,0.35346,0.26785
73,1637,1,0.05,0.3,0.5,0.001,0.38,0.28411
74,1637,1,0.05,0.3,0.5,0.001,0.35512,0.26296
75,1637,1,0.05,0.3,0.5,0.001,0.34605,0.26972
76,1637,1,0.05,0.3,0.5,0.001,0.36452,0.25966
77,1637,1,0.05,0.3,0.5,0.001,0.34037,0.24032
78,1637,1,0.05,0.3,0.5,0.001,0.32365,0.24093
79,1637,1,0.05,0.3,0.5,0.001,0.3168,0.23728
80,1637,1,0.05,0.3,0.5,0.001,0.35424,0.2582
81,1637,1,0.05,0.3,0.5,0.001,0.34973,0.24405
82,1637,1,0.05,0.3,0.5,0.001,0.32363,0.25604
83,1637,1,0.05,0.3,0.5,0.001,0.36528,0.26785
84,1637,1,0.05,0.3,0.5,0.001,0.34018,0.25869
85,1637,1,0.05,0.3,0.5,0.001,0.3272,0.25333
86,1637,1,0.05,0.3,0.5,0.001,0.36191,0.27889
87,1637,1,0.05,0.3,0.5,0.001,0.34501,0.25137
88,1637,1,0.05,0.3,0.5,0.001,0.3746,0.26615
89,1637,1,0.05,0.3,0.5,0.001,0.37264,0.28102
90,1637,1,0.05,0.3,0.5,0.001,0.33412,0.24304
91,1637,1,0.05,0.3,0.5,0.001,0.33258,0.23466
92,1637,1,0.05,0.3,0.5,0.001,0.33816,0.23763
93,1637,1,0.05,0.3,0.5,0.001,0.36015,0.24989
94,1637,1,0.05,0.3,0.5,0.001,0.34724,0.26578
95,1637,1,0.05,0.3,0.5,0.001,0.36514,0.26411
96,1637,1,0.05,0.3,0.5,0.001,0.35008,0.26047
97,1637,1,0.05,0.3,0.5,0.001,0.32741,0.25208
98,1637,1,0.05,0.3,0.5,0.001,0.30983,0.22795
99,1637,1,0.05,0.3,0.5,0.001,0.35666,0.25759
0,1637,1,0.2,0.3,0.5,0.001,0.31041,0.31022
1,1637,1,0.2,0.3,0.5,0.001,0.30239,0.30315
2,1637,1,0.2,0.3,0.5,0.001,0.30072,0.30027
3,1637,1,0.2,0.3,0.5,0.001,0.30085,0.30065
4,1637,1,0.2,0.3,0.5,0.001,0.30173,0.30133
5,1637,1,0.2,0.3,0.5,0.001,0.30527,0.3053
6,1637,1,0.2,0.3,0.5,0.001,0.29318,0.29269
7,1637,1,0.2,0.3,0.5,0.001,0.26955,0.26986
8,1637,1,0.2,0.3,0.5,0.001,0.2673,0.26758
9,1637,1,0.2,0.3,0.5,0.001,0.29798,0.29803
10,1637,1,0.2,0.3,0.5,0.001,0.29483,0.29446
11,1637,1,0.2,0.3,0.5,0.001,0.28111,0.28121
12,1637,1,0.2,0.3,0.5,0.001,0.29471,0.29443
13,1637,1,0.2,0.3,0.5,0.001,0.28075,0.2813
14,1637,1,0.2,0.3,0.5,0.001,0.29219,0.29214
15,1637,1,0.2,0.3,0.5,0.001,0.28468,0.28419
16,1637,1,0.2,0.3,0.5,0.001,0.27755,0.2769
17,1637,1,0.2,0.3,0.5,0.001,0.31257,0.3134
18,1637,1,0.2,0.3,0.5,0.001,0.27473,0.27559
19,1637,1,0.2,0.3,0.5,0.001,0.27393,0.27385
20,1637,1,0.2,0.3,0.5,0.001,0.30154,0.3011
21,1637,1,0.2,0.3,0.5,0.001,0.28864,0.28947
22,1637,1,0.2,0.3,0.5,0.001,0.29206,0.29183
23,1637,1,0.2,0.3,0.5,0.001,0.29572,0.29602
24,1637,1,0.2,0.3,0.5,0.001,0.29935,0.29918
25,1637,1,0.2,0.3,0.5,0.001,0.29596,0.29633
26,1637,1,0.2,0.3,0.5,0.001,0.28597,0.28508
27,1637,1,0.2,0.3,0.5,0.001,0.27884,0.27843
28,1637,1,0.2,0.3,0.5,0.001,0.28762,0.28723
29,1637,1,0.2,0.3,0.5,0.001,0.30208,0.30278
30,1637,1,0.2,0.3,0.5,0.001,0.28113,0.28081
31,1637,1,0.2,0.3,0.5,0.001,0.26933,0.2693
32,1637,1,0.2,0.3,0.5,0.001,0.28838,0.28749
33,1637,1,0.2,0.3,0.5,0.001,0.31292,0.31236
34,1637,1,0.2,0.3,0.5,0.001,0.30654,0.30624
35,1637,1,0.2,0.3,0.5,0.001,0.28963,0.2909
36,1637,1,0.2,0.3,0.5,0.001,0.29165,0.2913
37,1637,1,0.2,0.3,0.5,0.001,0.28349,0.28415
38,1637,1,0.2,0.3,0.5,0.001,0.27497,0.27569
39,1637,1,0.2,0.3,0.5,0.001,0.29025,0.2893
40,1637,1,0.2,0.3,0.5,0.001,0.29204,0.2914
41,1637,1,0.2,0.3,0.5,0.001,0.28217,0.28157
42,1637,1,0.2,0.3,0.5,0.001,0.28255,0.28254
43,1637,1,0.2,0.3,0.5,0.001,0.29547,0.29526
44,1637,1,0.2,0.3,0.5,0.001,0.25704,0.25712
45,1637,1,0.2,0.3,0.5,0.001,0.27322,0.27354
46,1637,1,0.2,0.3,0.5,0.001,0.27516,0.27516
47,1637,1,0.2,0.3,0.5,0.001,0.27539,0.27577
48,1637,1,0.2,0.3,0.5,0.001,0.27533,0.27522
49,1637,1,0.2,0.3,0.5,0.001,0.29602,0.29533
50,1637,1,0.2,0.3,0.5,0.001,0.28981,0.28983
51,1637,1,0.2,0.3,0.5,0.001,0.29218,0.29189
52,1637,1,0.2,0.3,0.5,0.001,0.29385,0.29347
53,1637,1,0.2,0.3,0.5,0.001,0.28792,0.28791
54,1637,1,0.2,0.3,0.5,0.001,0.27774,0.27783
55,1637,1,0.2,0.3,0.5,0.001,0.26288,0.26355
56,1637,1,0.2,0.3,0.5,0.001,0.30256,0.30214
57,1637,1,0.2,0.3,0.5,0.001,0.27353,0.27321
58,1637,1,0.2,0.3,0.5,0.001,0.26375,0.26337
59,1637,1,0.2,0.3,0.5,0.001,0.27119,0.27083
60,1637,1,0.2,0.3,0.5,0.001,0.27777,0.27842
61,1637,1,0.2,0.3,0.5,0.001,0.29841,0.2987
62,1637,1,0.2,0.3,0.5,0.001,0.27974,0.28005
63,1637,1,0.2,0.3,0.5,0.001,0.29871,0.29862
64,1637,1,0.2,0.3,0.5,0.001,0.28366,0.2833
65,1637,1,0.2,0.3,0.5,0.001,0.28379,0.28388
66,1637,1,0.2,0.3,0.5,0.001,0.2815,0.28076
67,1637,1,0.2,0.3,0.5,0.001,0.29692,0.29708
68,1637,1,0.2,0.3,0.5,0.001,0.29996,0.29894
69,1637,1,0.2,0.3,0.5,0.001,0.27871,0.27889
70,1637,1,0.2,0.3,0.5,0.001,0.29412,0.29368
71,1637,1,0.2,0.3,0.5,0.001,0.28013,0.27987
72,1637,1,0.2,0.3,0.5,0.001,0.28881,0.28872
73,1637,1,0.2,0.3,0.5,0.001,0.27208,0.27288
74,1637,1,0.2,0.3,0.5,0.001,0.28674,0.28814
75,1637,1,0.2,0.3,0.5,0.001,0.31792,0.31803
76,1637,1,0.2,0.3,0.5,0.001,0.29352,0.29296
77,1637,1,0.2,0.3,0.5,0.001,0.28144,0.2805
78,1637,1,0.2,0.3,0.5,0.001,0.29385,0.29458
79,1637,1,0.2,0.3,0.5,0.001,0.28241,0.28208
80,1637,1,0.2,0.3,0.5,0.001,0.31009,0.30979
81,1637,1,0.2,0.3,0.5,0.001,0.266,0.26543
82,1637,1,0.2,0.3,0.5,0.001,0.27209,0.27265
83,1637,1,0.2,0.3,0.5,0.001,0.29574,0.29658
84,1637,1,0.2,0.3,0.5,0.001,0.30118,0.30122
85,1637,1,0.2,0.3,0.5,0.001,0.27506,0.27419
86,1637,1,0.2,0.3,0.5,0.001,0.28055,0.2798
87,1637,1,0.2,0.3,0.5,0.001,0.27021,0.27015
88,1637,1,0.2,0.3,0.5,0.001,0.28744,0.2864
89,1637,1,0.2,0.3,0.5,0.001,0.28292,0.28303
90,1637,1,0.2,0.3,0.5,0.001,0.27457,0.27519
91,1637,1,0.2,0.3,0.5,0.001,0.26714,0.26734
92,1637,1,0.2,0.3,0.5,0.001,0.27997,0.27962
93,1637,1,0.2,0.3,0.5,0.001,0.29299,0.29152
94,1637,1,0.2,0.3,0.5,0.001,0.26944,0.26817
95,1637,1,0.2,0.3,0.5,0.001,0.28164,0.28171
96,1637,1,0.2,0.3,0.5,0.001,0.27321,0.27302
97,1637,1,0.2,0.3,0.5,0.001,0.28184,0.28205
98,1637,1,0.2,0.3,0.5,0.001,0.2736,0.27259
99,1637,1,0.2,0.3,0.5,0.001,0.27982,0.27902
0,1930,1,0.01,0.3,0.5,0.001,2.62219,0.21349
1,1930,1,0.01,0.3,0.5,0.001,2.62273,0.22536
2,1930,1,0.01,0.3,0.5,0.001,2.625,0.2363
3,1930,1,0.01,0.3,0.5,0.001,2.62159,0.21671
4,1930,1,0.01,0.3,0.5,0.001,2.6206,0.20868
5,1930,1,0.01,0.3,0.5,0.001,2.62443,0.21876
6,1930,1,0.01,0.3,0.5,0.001,2.62367,0.18369
7,1930,1,0.01,0.3,0.5,0.001,2.61681,0.17492
8,1930,1,0.01,0.3,0.5,0.001,2.62357,0.18274
9,1930,1,0.01,0.3,0.5,0.001,2.62489,0.2231
10,1930,1,0.01,0.3,0.5,0.001,2.61733,0.18553
11,1930,1,0.01,0.3,0.5,0.001,2.62787,0.23173
12,1930,1,0.01,0.3,0.5,0.001,2.62938,0.22351
13,1930,1,0.01,0.3,0.5,0.001,2.62234,0.19405
14,1930,1,0.01,0.3,0.5,0.001,2.62031,0.18065
15,1930,1,0.01,0.3,0.5,0.001,2.62011,0.20047
16,1930,1,0.01,0.3,0.5,0.001,2.61912,0.17958
17,1930,1,0.01,0.3,0.5,0.001,2.62273,0.17231
18,1930,1,0.01,0.3,0.5,0.001,2.62446,0.17948
19,1930,1,0.01,0.3,0.5,0.001,2.62403,0.20216
20,1930,1,0.01,0.3,0.5,0.001,2.62222,0.18735
21,1930,1,0.01,0.3,0.5,0.001,2.61836,0.18321
22,1930,1,0.01,0.3,0.5,0.001,2.62273,0.20681
23,1930,1,0.01,0.3,0.5,0.001,2.61909,0.17667
24,1930,1,0.01,0.3,0.5,0.001,2.62004,0.186
25,1930,1,0.01,0.3,0.5,0.001,2.61933,0.15424
26,1930,1,0.01,0.3,0.5,0.001,2.61922,0.17135
27,1930,1,0.01,0.3,0.5,0.001,2.618,0.1748
28,1930,1,0.01,0.3,0.5,0.001,2.62147,0.1935
29,1930,1,0.01,0.3,0.5,0.001,2.6221,0.21454
30,1930,1,0.01,0.3,0.5,0.001,2.61915,0.16977
31,1930,1,0.01,0.3,0.5,0.001,2.62372,0.1716
32,1930,1,0.01,0.3,0.5,0.001,2.62231,0.21296
33,1930,1,0.01,0.3,0.5,0.001,2.62115,0.18208
34,1930,1,0.01,0.3,0.5,0.001,2.62525,0.2096
35,1930,1,0.01,0.3,0.5,0.001,2.62254,0.21334
36,1930,1,0.01,0.3,0.5,0.001,2.62278,0.21609
37,1930,1,0.01,0.3,0.5,0.001,2.61962,0.18789
38,1930,1,0.01,0.3,0.5,0.001,2.62028,0.20085
39,1930,1,0.01,0.3,0.5,0.001,2.62028,0.2012
40,1930,1,0.01,0.3,0.5,0.001,2.62036,0.17518
41,1930,1,0.01,0.3,0.5,0.001,2.62051,0.17218
42,1930,1,0.01,0.3,0.5,0.001,2.62529,0.21629
43,1930,1,0.01,0.3,0.5,0.001,2.62299,0.22344
44,1930,1,0.01,0.3,0.5,0.001,2.62264,0.23832
45,1930,1,0.01,0.3,0.5,0.001,2.62012,0.17727
46,1930,1,0.01,0.3,0.5,0.001,2.62371,0.23002
47,1930,1,0.01,0.3,0.5,0.001,2.62169,0.18549
48,1930,1,0.01,0.3,0.5,0.001,2.61922,0.17986
49,1930,1,0.01,0.3,0.5,0.001,2.62236,0.17383
50,1930,1,0.01,0.3,0.5,0.001,2.62425,0.22689
51,1930,1,0.01,0.3,0.5,0.001,2.61993,0.15387
52,1930,1,0.01,0.3,0.5,0.001,2.62149,0.19396
53,1930,1,0.01,0.3,0.5,0.001,2.61984,0.20986
54,1930,1,0.01,0.3,0.5,0.001,2.62155,0.18879
55,1930,1,0.01,0.3,0.5,0.001,2.62083,0.19264
56,1930,1,0.01,0.3,0.5,0.001,2.62299,0.21176
57,1930,1,0.01,0.3,0.5,0.001,2.62432,0.22194
58,1930,1,0.01,0.3,0.5,0.001,2.6248,0.21488
59,1930,1,0.01,0.3,0.5,0.001,2.62286,0.17241
60,1930,1,0.01,0.3,0.5,0.001,2.62686,0.22206
61,1930,1,0.01,0.3,0.5,0.001,2.62219,0.20829
62,1930,1,0.01,0.3,0.5,0.001,2.62291,0.22864
63,1930,1,0.01,0.3,0.5,0.001,2.62505,0.20783
64,1930,1,0.01,0.3,0.5,0.001,2.6202,0.1694
65,1930,1,0.01,0.3,0.5,0.001,2.62352,0.21585
66,1930,1,0.01,0.3,0.5,0.001,2.62327,0.19092
67,1930,1,0.01,0.3,0.5,0.001,2.62046,0.21126
68,1930,1,0.01,0.3,0.5,0.001,2.62314,0.16694
69,1930,1,0.01,0.3,0.5,0.001,2.62143,0.17302
70,1930,1,0.01,0.3,0.5,0.001,2.62299,0.19147
71,1930,1,0.01,0.3,0.5,0.001,2.62293,0.22184
72,1930,1,0.01,0.3,0.5,0.001,2.6198,0.18885
73,1930,1,0.01,0.3,0.5,0.001,2.6256,0.21803
74,1930,1,0.01,0.3,0.5,0.001,2.62374,0.20228
75,1930,1,0.01,0.3,0.5,0.001,2.62128,0.21407
76,1930,1,0.01,0.3,0.5,0.001,2.6191,0.18982
77,1930,1,0.01,0.3,0.5,0.001,2.62474,0.21369
78,1930,1,0.01,0.3,0.5,0.001,2.62318,0.21514
79,1930,1,0.01,0.3,0.5,0.001,2.62074,0.19029
80,1930,1,0.01,0.3,0.5,0.001,2.62022,0.18004
81,1930,1,0.01,0.3,0.5,0.001,2.61917,0.17785
82,1930,1,0.01,0.3,0.5,0.001,2.61856,0.1753
83,1930,1,0.01,0.3,0.5,0.001,2.62295,0.20961
84,1930,1,0.01,0.3,0.5,0.001,2.62446,0.20228
85,1930,1,0.01,0.3,0.5,0.001,2.62308,0.23443
86,1930,1,0.01,0.3,0.5,0.001,2.62123,0.2078
87,1930,1,0.01,0.3,0.5,0.001,2.62276,0.1953
88,1930,1,0.01,0.3,0.5,0.001,2.62057,0.17738
89,1930,1,0.01,0.3,0.5,0.001,2.62069,0.20024
90,1930,1,0.01,0.3,0.5,0.001,2.61763,0.2083
91,1930,1,0.01,0.3,0.5,0.001,2.6233,0.21906
92,1930,1,0.01,0.3,0.5,0.001,2.6214,0.17726
93,1930,1,0.01,0.3,0.5,0.001,2.61981,0.2042
94,1930,1,0.01,0.3,0.5,0.001,2.61983,0.15229
95,1930,1,0.01,0.3,0.5,0.001,2.61781,0.17944
96,1930,1,0.01,0.3,0.5,0.001,2.61869,0.17891
97,1930,1,0.01,0.3,0.5,0.001,2.62278,0.20955
98,1930,1,0.01,0.3,0.5,0.001,2.62214,0.17738
99,1930,1,0.01,0.3,0.5,0.001,2.61899,0.14406
0,1930,1,0.05,0.3,0.5,0.001,0.34865,0.23289
1,1930,1,0.05,0.3,0.5,0.001,0.31146,0.22072
2,1930,1,0.05,0.3,0.5,0.001,0.33127,0.23001
3,1930,1,0.05,0.3,0.5,0.001,0.32373,0.21705
4,1930,1,0.05,0.3,0.5,0.001,0.32268,0.22396
5,1930,1,0.05,0.3,0.5,0.001,0.32914,0.24406
6,1930,1,0.05,0.3,0.5,0.001,0.30856,0.22724
7,1930,1,0.05,0.3,0.5,0.001,0.33458,0.23643
8,1930,1,0.05,0.3,0.5,0.001,0.34422,0.24634
9,1930,1,0.05,0.3,0.5,0.001,0.33284,0.22083
10,1930,1,0.05,0.3,0.5,0.001,0.3178,0.21786
11,1930,1,0.05,0.3,0.5,0.001,0.3288,0.23685
12,1930,1,0.05,0.3,0.5,0.001,0.34021,0.2467
13,1930,1,0.05,0.3,0.5,0.001,0.35126,0.25176
14,1930,1,0.05,0.3,0.5,0.001,0.30012,0.21132
15,1930,1,0.05,0.3,0.5,0.001,0.3557,0.24826
16,1930,1,0.05,0.3,0.5,0.001,0.348,0.25087
17,1930,1,0.05,0.3,0.5,0.001,0.34613,0.26028
18,1930,1,0.05,0.3,0.5,0.001,0.31301,0.23139
19,1930,1,0.05,0.3,0.5,0.001,0.35356,0.24909
20,1930,1,0.05,0.3,0.5,0.001,0.30638,0.22363
21,1930,1,0.05,0.3,0.5,0.001,0.33285,0.23984
22,1930,1,0.05,0.3,0.5,0.001,0.35417,0.25579
23,1930,1,0.05,0.3,0.5,0.001,0.35611,0.23534
24,1930,1,0.05,0.3,0.5,0.001,0.34811,0.25455
25,1930,1,0.05,0.3,0.5,0.001,0.34547,0.24905
26,1930,1,0.05,0.3,0.5,0.001,0.3293,0.24226
27,1930,1,0.05,0.3,0.5,0.001,0.35402,0.23619
28,1930,1,0.05,0.3,0.5,0.001,0.33637,0.2342
29,1930,1,0.05,0.3,0.5,0.001,0.31874,0.2066
30,1930,1,0.05,0.3,0.5,0.001,0.32956,0.23384
31,1930,1,0.05,0.3,0.5,0.001,0.3888,0.25824
32,1930,1,0.05,0.3,0.5,0.001,0.34349,0.21942
33,1930,1,0.05,0.3,0.5,0.001,0.31799,0.23563
34,1930,1,0.05,0.3,0.5,0.001,0.35501,0.24121
35,1930,1,0.05,0.3,0.5,0.001,0.31488,0.23142
36,1930,1,0.05,0.3,0.5,0.001,0.34306,0.22954
37,1930,1,0.05,0.3,0.5,0.001,0.33419,0.23705
38,1930,1,0.05,0.3,0.5,0.001,0.36684,0.2367
39,1930,1,0.05,0.3,0.5,0.001,0.3449,0.22953
40,1930,1,0.05,0.3,0.5,0.001,0.35043,0.23116
41,1930,1,0.05,0.3,0.5,0.001,0.34033,0.24982
42,1930,1,0.05,0.3,0.5,0.001,0.3325,0.23464
43,1930,1,0.05,0.3,0.5,0.001,0.32222,0.23132
44,1930,1,0.05,0.3,0.5,0.001,0.35433,0.22476
45,1930,1,0.05,0.3,0.5,0.001,0.32465,0.2373
46,1930,1,0.05,0.3,0.5,0.001,0.34311,0.22341
47,1930,1,0.05,0.3,0.5,0.001,0.36251,0.24122
48,1930,1,0.05,0.3,0.5,0.001,0.33912,0.23607
49,1930,1,0.05,0.3,0.5,0.001,0.33942,0.22883
50,1930,1,0.05,0.3,0.5,0.001,0.3664,0.28035
51,1930,1,0.05,0.3,0.5,0.001,0.32626,0.24376
52,1930,1,0.05,0.3,0.5,0.001,0.35662,0.2443
53,1930,1,0.05,0.3,0.5,0.001,0.33485,0.22569
54,1930,1,0.05,0.3,0.5,0.001,0.31275,0.22775
55,1930,1,0.05,0.3,0.5,0.001,0.35437,0.24245
56,1930,1,0.05,0.3,0.5,0.001,0.33655,0.24523
57,1930,1,0.05,0.3,0.5,0.001,0.32309,0.20834
58,1930,1,0.05,0.3,0.5,0.001,0.35667,0.23922
59,1930,1,0.05,0.3,0.5,0.001,0.30652,0.22891
60,1930,1,0.05,0.3,0.5,0.001,0.32904,0.25736
61,1930,1,0.05,0.3,0.5,0.001,0.31314,0.23104
62,1930,1,0.05,0.3,0.5,0.001,0.34753,0.24759
63,1930,1,0.05,0.3,0.5,0.001,0.31793,0.21647
64,1930,1,0.05,0.3,0.5,0.001,0.33227,0.21635
65,1930,1,0.05,0.3,0.5,0.001,0.3223,0.23001
66,1930,1,0.05,0.3,0.5,0.001,0.31836,0.22164
67,1930,1,0.05,0.3,0.5,0.001,0.32585,0.2486
68,1930,1,0.05,0.3,0.5,0.001,0.35141,0.25361
69,1930,1,0.05,0.3,0.5,0.001,0.32412,0.22416
70,1930,1,0.05,0.3,0.5,0.001,0.3313,0.25917
71,1930,1,0.05,0.3,0.5,0.001,0.30635,0.2242
72,1930,1,0.05,0.3,0.5,0.001,0.33836,0.2431
73,1930,1,0.05,0.3,0.5,0.001,0.32572,0.24965
74,1930,1,0.05,0.3,0.5,0.001,0.31263,0.24118
75,1930,1,0.05,0.3,0.5,0.001,0.32215,0.22916
76,1930,1,0.05,0.3,0.5,0.001,0.30936,0.20979
77,1930,1,0.05,0.3,0.5,0.001,0.33594,0.24075
78,1930,1,0.05,0.3,0.5,0.001,0.34233,0.23087
79,1930,1,0.05,0.3,0.5,0.001,0.33175,0.2177
80,1930,1,0.05,0.3,0.5,0.001,0.34487,0.26145
81,1930,1,0.05,0.3,0.5,0.001,0.32121,0.24892
82,1930,1,0.05,0.3,0.5,0.001,0.3599,0.25133
83,1930,1,0.05,0.3,0.5,0.001,0.30291,0.20484
84,1930,1,0.05,0.3,0.5,0.001,0.33715,0.24812
85,1930,1,0.05,0.3,0.5,0.001,0.3397,0.22745
86,1930,1,0.05,0.3,0.5,0.001,0.34493,0.23071
87,1930,1,0.05,0.3,0.5,0.001,0.3414,0.2274
88,1930,1,0.05,0.3,0.5,0.001,0.3564,0.25369
89,1930,1,0.05,0.3,0.5,0.001,0.33001,0.23935
90,1930,1,0.05,0.3,0.5,0.001,0.3321,0.23601
91,1930,1,0.05,0.3,0.5,0.001,0.33251,0.21555
92,1930,1,0.05,0.3,0.5,0.001,0.32317,0.22313
93,1930,1,0.05,0.3,0.5,0.001,0.36898,0.25026
94,1930,1,0.05,0.3,0.5,0.001,0.3495,0.21064
95,1930,1,0.05,0.3,0.5,0.001,0.31988,0.22864
96,1930,1,0.05,0.3,0.5,0.001,0.31928,0.20682
97,1930,1,0.05,0.3,0.5,0.001,0.36196,0.2449
98,1930,1,0.05,0.3,0.5,0.001,0.32426,0.21675
99,1930,1,0.05,0.3,0.5,0.001,0.3548,0.25182
0,1930,1,0.2,0.3,0.5,0.001,0.2575,0.25668
1,1930,1,0.2,0.3,0.5,0.001,0.26424,0.2644
2,1930,1,0.2,0.3,0.5,0.001,0.26193,0.26122
3,1930,1,0.2,0.3,0.5,0.001,0.24201,0.24133
4,1930,1,0.2,0.3,0.5,0.001,0.27109,0.27096
5,1930,1,0.2,0.3,0.5,0.001,0.26304,0.26284
6,1930,1,0.2,0.3,0.5,0.001,0.27718,0.27782
7,1930,1,0.2,0.3,0.5,0.001,0.26537,0.26573
8,1930,1,0.2,0.3,0.5,0.001,0.23324,0.23281
9,1930,1,0.2,0.3,0.5,0.001,0.28269,0.28203
10,1930,1,0.2,0.3,0.5,0.001,0.25042,0.25014
11,1930,1,0.2,0.3,0.5,0.001,0.27128,0.27077
12,1930,1,0.2,0.3,0.5,0.001,0.25732,0.25777
13,1930,1,0.2,0.3,0.5,0.001,0.26672,0.26606
14,1930,1,0.2,0.3,0.5,0.001,0.26274,0.26313
15,1930,1,0.2,0.3,0.5,0.001,0.24195,0.24283
16,1930,1,0.2,0.3,0.5,0.001,0.26868,0.26947
17,1930,1,0.2,0.3,0.5,0.001,0.29798,0.2978
18,1930,1,0.2,0.3,0.5,0.001,0.27557,0.27578
19,1930,1,0.2,0.3,0.5,0.001,0.27973,0.27881
20,1930,1,0.2,0.3,0.5,0.001,0.26296,0.26334
21,1930,1,0.2,0.3,0.5,0.001,0.26953,0.26923
22,1930,1,0.2,0.3,0.5,0.001,0.2819,0.28216
23,1930,1,0.2,0.3,0.5,0.001,0.26423,0.2646
24,1930,1,0.2,0.3,0.5,0.001,0.25172,0.25184
25,1930,1,0.2,0.3,0.5,0.001,0.2923,0.29206
26,1930,1,0.2,0.3,0.5,0.001,0.25702,0.25742
27,1930,1,0.2,0.3,0.5,0.001,0.26039,0.26072
28,1930,1,0.2,0.3,0.5,0.001,0.26162,0.26108
29,1930,1,0.2,0.3,0.5,0.001,0.26061,0.26134
30,1930,1,0.2,0.3,0.5,0.001,0.26905,0.26885
31,1930,1,0.2,0.3,0.5,0.001,0.26272,0.26213
32,1930,1,0.2,0.3,0.5,0.001,0.26628,0.26668
33,1930,1,0.2,0.3,0.5,0.001,0.26291,0.26292
34,1930,1,0.2,0.3,0.5,0.001,0.25442,0.25401
35,1930,1,0.2,0.3,0.5,0.001,0.2807,0.28067
36,1930,1,0.2,0.3,0.5,0.001,0.27494,0.27444
37,1930,1,0.2,0.3,0.5,0.001,0.2622,0.26225
38,1930,1,0.2,0.3,0.5,0.001,0.24692,0.24653
39,1930,1,0.2,0.3,0.5,0.001,0.27015,0.26879
40,1930,1,0.2,0.3,0.5,0.001,0.26894,0.26866
41,1930,1,0.2,0.3,0.5,0.001,0.27789,0.27757
42,1930,1,0.2,0.3,0.5,0.001,0.28011,0.2787
43,1930,1,0.2,0.3,0.5,0.001,0.25043,0.25051
44,1930,1,0.2,0.3,0.5,0.001,0.24872,0.24948
45,1930,1,0.2,0.3,0.5,0.001,0.24499,0.24518
46,1930,1,0.2,0.3,0.5,0.001,0.24306,0.24229
47,1930,1,0.2,0.3,0.5,0.001,0.27571,0.27506
48,1930,1,0.2,0.3,0.5,0.001,0.25847,0.25915
49,1930,1,0.2,0.3,0.5,0.001,0.24308,0.24279
50,1930,1,0.2,0.3,0.5,0.001,0.26538,0.26504
51,1930,1,0.2,0.3,0.5,0.001,0.2871,0.28708
52,1930,1,0.2,0.3,0.5,0.001,0.27282,0.27139
53,1930,1,0.2,0.3,0.5,0.001,0.29258,0.29315
54,1930,1,0.2,0.3,0.5,0.001,0.27531,0.27572
55,1930,1,0.2,0.3,0.5,0.001,0.26302,0.26189
56,1930,1,0.2,0.3,0.5,0.001,0.24454,0.24536
57,1930,1,0.2,0.3,0.5,0.001,0.25435,0.2544
58,1930,1,0.2,0.3,0.5,0.001,0.28228,0.28168
59,1930,1,0.2,0.3,0.5,0.001,0.24674,0.24708
60,1930,1,0.2,0.3,0.5,0.001,0.26726,0.26595
61,1930,1,0.2,0.3,0.5,0.001,0.25302,0.25275
62,1930,1,0.2,0.3,0.5,0.001,0.26928,0.26917
63,1930,1,0.2,0.3,0.5,0.001,0.26799,0.26812
64,1930,1,0.2,0.3,0.5,0.001,0.25661,0.25653
65,1930,1,0.2,0.3,0.5,0.001,0.24084,0.24084
66,1930,1,0.2,0.3,0.5,0.001,0.25053,0.25031
67,1930,1,0.2,0.3,0.5,0.001,0.26072,0.26056
68,1930,1,0.2,0.3,0.5,0.001,0.2603,0.26075
69,1930,1,0.2,0.3,0.5,0.001,0.27899,0.27932
70,1930,1,0.2,0.3,0.5,0.001,0.25744,0.25703
71,1930,1,0.2,0.3,0.5,0.001,0.25998,0.26023
72,1930,1,0.2,0.3,0.5,0.001,0.2753,0.27519
73,1930,1,0.2,0.3,0.5,0.001,0.26675,0.26646
74,1930,1,0.2,0.3,0.5,0.001,0.27034,0.26981
75,1930,1,0.2,0.3,0.5,0.001,0.27061,0.2702
76,1930,1,0.2,0.3,0.5,0.001,0.2634,0.2632
77,1930,1,0.2,0.3,0.5,0.001,0.24842,0.24873
78,1930,1,0.2,0.3,0.5,0.001,0.26067,0.26112
79,1930,1,0.2,0.3,0.5,0.001,0.24873,0.24848
80,1930,1,0.2,0.3,0.5,0.001,0.27424,0.27412
81,1930,1,0.2,0.3,0.5,0.001,0.27133,0.2711
82,1930,1,0.2,0.3,0.5,0.001,0.27591,0.27604
83,1930,1,0.2,0.3,0.5,0.001,0.25224,0.25238
84,1930,1,0.2,0.3,0.5,0.001,0.24155,0.24107
85,1930,1,0.2,0.3,0.5,0.001,0.25844,0.25782
86,1930,1,0.2,0.3,0.5,0.001,0.26338,0.26395
87,1930,1,0.2,0.3,0.5,0.001,0.24846,0.24821
88,1930,1,0.2,0.3,0.5,0.001,0.26112,0.2617
89,1930,1,0.2,0.3,0.5,0.001,0.26103,0.26129
90,1930,1,0.2,0.3,0.5,0.001,0.26516,0.26524
91,1930,1,0.2,0.3,0.5,0.001,0.26592,0.26508
92,1930,1,0.2,0.3,0.5,0.001,0.27441,0.2734
93,1930,1,0.2,0.3,0.5,0.001,0.26094,0.26037
94,1930,1,0.2,0.3,0.5,0.001,0.2561,0.25549
95,1930,1,0.2,0.3,0.5,0.001,0.26421,0.26386
96,1930,1,0.2,0.3,0.5,0.001,0.27687,0.27659
97,1930,1,0.2,0.3,0.5,0.001,0.28897,0.28842
98,1930,1,0.2,0.3,0.5,0.001,0.27588,0.27515
99,1930,1,0.2,0.3,0.5,0.001,0.26169,0.26211
0,2275,1,0.01,0.3,0.5,0.001,2.62105,0.18108
1,2275,1,0.01,0.3,0.5,0.001,2.62039,0.18449
2,2275,1,0.01,0.3,0.5,0.001,2.62202,0.21319
3,2275,1,0.01,0.3,0.5,0.001,2.61947,0.16181
4,2275,1,0.01,0.3,0.5,0.001,2.6239,0.18994
5,2275,1,0.01,0.3,0.5,0.001,2.61646,0.18655
6,2275,1,0.01,0.3,0.5,0.001,2.62209,0.18158
7,2275,1,0.01,0.3,0.5,0.001,2.61937,0.16434
8,2275,1,0.01,0.3,0.5,0.001,2.62073,0.21029
9,2275,1,0.01,0.3,0.5,0.001,2.62186,0.17759
10,2275,1,0.01,0.3,0.5,0.001,2.62202,0.20166
11,2275,1,0.01,0.3,0.5,0.001,2.61957,0.19683
12,2275,1,0.01,0.3,0.5,0.001,2.61743,0.16375
13,2275,1,0.01,0.3,0.5,0.001,2.61769,0.16874
14,2275,1,0.01,0.3,0.5,0.001,2.61385,0.15642
15,2275,1,0.01,0.3,0.5,0.001,2.62066,0.19443
16,2275,1,0.01,0.3,0.5,0.001,2.61957,0.1953
17,2275,1,0.01,0.3,0.5,0.001,2.62572,0.23459
18,2275,1,0.01,0.3,0.5,0.001,2.6203,0.17338
19,2275,1,0.01,0.3,0.5,0.001,2.61819,0.17472
20,2275,1,0.01,0.3,0.5,0.001,2.62087,0.19181
21,2275,1,0.01,0.3,0.5,0.001,2.61787,0.1811
22,2275,1,0.01,0.3,0.5,0.001,2.62129,0.17978
23,2275,1,0.01,0.3,0.5,0.001,2.61625,0.16506
24,2275,1,0.01,0.3,0.5,0.001,2.61991,0.16409
25,2275,1,0.01,0.3,0.5,0.001,2.61861,0.1791
26,2275,1,0.01,0.3,0.5,0.001,2.62211,0.18861
27,2275,1,0.01,0.3,0.5,0.001,2.61889,0.13428
28,2275,1,0.01,0.3,0.5,0.001,2.61648,0.14768
29,2275,1,0.01,0.3,0.5,0.001,2.62207,0.18412
30,2275,1,0.01,0.3,0.5,0.001,2.62051,0.17736
31,2275,1,0.01,0.3,0.5,0.001,2.61912,0.16233
32,2275,1,0.01,0.3,0.5,0.001,2.61965,0.16906
33,2275,1,0.01,0.3,0.5,0.001,2.62043,0.20678
34,2275,1,0.01,0.3,0.5,0.001,2.61832,0.17815
35,2275,1,0.01,0.3,0.5,0.001,2.61941,0.16327
36,2275,1,0.01,0.3,0.5,0.001,2.62535,0.17486
37,2275,1,0.01,0.3,0.5,0.001,2.61783,0.18986
38,2275,1,0.01,0.3,0.5,0.001,2.61762,0.17993
39,2275,1,0.01,0.3,0.5,0.001,2.61996,0.18397
40,2275,1,0.01,0.3,0.5,0.001,2.61884,0.197
41,2275,1,0.01,0.3,0.5,0.001,2.61846,0.14892
42,2275,1,0.01,0.3,0.5,0.001,2.62051,0.17869
43,2275,1,0.01,0.3,0.5,0.001,2.61716,0.17859
44,2275,1,0.01,0.3,0.5,0.001,2.62007,0.17907
45,2275,1,0.01,0.3,0.5,0.001,2.6225,0.16719
46,2275,1,0.01,0.3,0.5,0.001,2.618,0.17149
47,2275,1,0.01,0.3,0.5,0.001,2.61969,0.16975
48,2275,1,0.01,0.3,0.5,0.001,2.6174,0.17904
49,2275,1,0.01,0.3,0.5,0.001,2.62052,0.15477
50,2275,1,0.01,0.3,0.5,0.001,2.61777,0.16308
51,2275,1,0.01,0.3,0.5,0.001,2.62048,0.19742
52,2275,1,0.01,0.3,0.5,0.001,2.62171,0.20082
53,2275,1,0.01,0.3,0.5,0.001,2.61905,0.15372
54,2275,1,0.01,0.3,0.5,0.001,2.61848,0.19849
55,2275,1,0.01,0.3,0.5,0.001,2.61885,0.14097
56,2275,1,0.01,0.3,0.5,0.001,2.62108,0.14838
57,2275,1,0.01,0.3,0.5,0.001,2.62002,0.19431
58,2275,1,0.01,0.3,0.5,0.001,2.62018,0.17922
59,2275,1,0.01,0.3,0.5,0.001,2.62154,0.1821
60,2275,1,0.01,0.3,0.5,0.001,2.61737,0.1751
61,2275,1,0.01,0.3,0.5,0.001,2.62078,0.17289
62,2275,1,0.01,0.3,0.5,0.001,2.61934,0.17476
63,2275,1,0.01,0.3,0.5,0.001,2.61832,0.1861
64,2275,1,0.01,0.3,0.5,0.001,2.62107,0.17108
65,2275,1,0.01,0.3,0.5,0.001,2.61886,0.15944
66,2275,1,0.01,0.3,0.5,0.001,2.61997,0.19027
67,2275,1,0.01,0.3,0.5,0.001,2.62183,0.2017
68,2275,1,0.01,0.3,0.5,0.001,2.61901,0.18331
69,2275,1,0.01,0.3,0.5,0.001,2.61905,0.19978
70,2275,1,0.01,0.3,0.5,0.001,2.61924,0.16695
71,2275,1,0.01,0.3,0.5,0.001,2.62335,0.20941
72,2275,1,0.01,0.3,0.5,0.001,2.62151,0.19023
73,2275,1,0.01,0.3,0.5,0.001,2.62216,0.18901
74,2275,1,0.01,0.3,0.5,0.001,2.62136,0.17134
75,2275,1,0.01,0.3,0.5,0.001,2.62148,0.15952
76,2275,1,0.01,0.3,0.5,0.001,2.62569,0.23115
77,2275,1,0.01,0.3,0.5,0.001,2.61906,0.19433
78,2275,1,0.01,0.3,0.5,0.001,2.62283,0.18131
79,2275,1,0.01,0.3,0.5,0.001,2.61776,0.1545
80,2275,1,0.01,0.3,0.5,0.001,2.61834,0.15069
81,2275,1,0.01,0.3,0.5,0.001,2.62349,0.20923
82,2275,1,0.01,0.3,0.5,0.001,2.61693,0.17925
83,2275,1,0.01,0.3,0.5,0.001,2.6183,0.15198
84,2275,1,0.01,0.3,0.5,0.001,2.62386,0.20332
85,2275,1,0.01,0.3,0.5,0.001,2.62064,0.17308
86,2275,1,0.01,0.3,0.5,0.001,2.62012,0.17
87,2275,1,0.01,0.3,0.5,0.001,2.61807,0.15804
88,2275,1,0.01,0.3,0.5,0.001,2.62125,0.18749
89,2275,1,0.01,0.3,0.5,0.001,2.62081,0.1952
90,2275,1,0.01,0.3,0.5,0.001,2.62141,0.18759
91,2275,1,0.01,0.3,0.5,0.001,2.61958,0.19856
92,2275,1,0.01,0.3,0.5,0.001,2.62074,0.20054
93,2275,1,0.01,0.3,0.5,0.001,2.62025,0.18762
94,2275,1,0.01,0.3,0.5,0.001,2.61698,0.17034
95,2275,1,0.01,0.3,0.5,0.001,2.62116,0.19104
96,2275,1,0.01,0.3,0.5,0.001,2.61788,0.16869
97,2275,1,0.01,0.3,0.5,0.001,2.62021,0.20376
98,2275,1,0.01,0.3,0.5,0.001,2.62234,0.20043
99,2275,1,0.01,0.3,0.5,0.001,2.61809,0.17616
0,2275,1,0.05,0.3,0.5,0.001,0.31441,0.21644
1,2275,1,0.05,0.3,0.5,0.001,0.30399,0.20884
2,2275,1,0.05,0.3,0.5,0.001,0.33214,0.21554
3,2275,1,0.05,0.3,0.5,0.001,0.33406,0.22075
4,2275,1,0.05,0.3,0.5,0.001,0.35023,0.23823
5,2275,1,0.05,0.3,0.5,0.001,0.32614,0.22229
6,2275,1,0.05,0.3,0.5,0.001,0.33113,0.22889
7,2275,1,0.05,0.3,0.5,0.001,0.33397,0.212
8,2275,1,0.05,0.3,0.5,0.001,0.33566,0.2105
9,2275,1,0.05,0.3,0.5,0.001,0.33431,0.22122
10,2275,1,0.05,0.3,0.5,0.001,0.32389,0.21404
11,2275,1,0.05,0.3,0.5,0.001,0.3041,0.20283
12,2275,1,0.05,0.3,0.5,0.001,0.35413,0.22845
13,2275,1,0.05,0.3,0.5,0.001,0.32508,0.20687
14,2275,1,0.05,0.3,0.5,0.001,0.29837,0.21388
15,2275,1,0.05,0.3,0.5,0.001,0.294,0.19531
16,2275,1,0.05,0.3,0.5,0.001,0.3441,0.22204
17,2275,1,0.05,0.3,0.5,0.001,0.32437,0.21537
18,2275,1,0.05,0.3,0.5,0.001,0.31896,0.21372
19,2275,1,0.05,0.3,0.5,0.001,0.29157,0.20815
20,2275,1,0.05,0.3,0.5,0.001,0.34774,0.2287
21,2275,1,0.05,0.3,0.5,0.001,0.29672,0.20525
22,2275,1,0.05,0.3,0.5,0.001,0.30751,0.22232
23,2275,1,0.05,0.3,0.5,0.001,0.30623,0.21243
24,2275,1,0.05,0.3,0.5,0.001,0.34117,0.21282
25,2275,1,0.05,0.3,0.5,0.001,0.31506,0.22348
26,2275,1,0.05,0.3,0.5,0.001,0.31042,0.2271
27,2275,1,0.05,0.3,0.5,0.001,0.30754,0.2218
28,2275,1,0.05,0.3,0.5,0.001,0.32442,0.22887
29,2275,1,0.05,0.3,0.5,0.001,0.35745,0.23344
30,2275,1,0.05,0.3,0.5,0.001,0.31586,0.21344
31,2275,1,0.05,0.3,0.5,0.001,0.32146,0.19219
32,2275,1,0.05,0.3,0.5,0.001,0.33722,0.23421
33,2275,1,0.05,0.3,0.5,0.001,0.35596,0.23695
34,2275,1,0.05,0.3,0.5,0.001,0.31319,0.21498
35,2275,1,0.05,0.3,0.5,0.001,0.32067,0.23774
36,2275,1,0.05,0.3,0.5,0.001,0.34592,0.21667
37,2275,1,0.05,0.3,0.5,0.001,0.35096,0.21895
38,2275,1,0.05,0.3,0.5,0.001,0.326,0.24949
39,2275,1,0.05,0.3,0.5,0.001,0.32055,0.23986
40,2275,1,0.05,0.3,0.5,0.001,0.31501,0.216
41,2275,1,0.05,0.3,0.5,0.001,0.33637,0.22094
42,2275,1,0.05,0.3,0.5,0.001,0.31174,0.2249
43,2275,1,0.05,0.3,0.5,0.001,0.36804,0.25625
44,2275,1,0.05,0.3,0.5,0.001,0.30777,0.1899
45,2275,1,0.05,0.3,0.5,0.001,0.34011,0.22185
46,2275,1,0.05,0.3,0.5,0.001,0.32173,0.22062
47,2275,1,0.05,0.3,0.5,0.001,0.31161,0.20434
48,2275,1,0.05,0.3,0.5,0.001,0.33632,0.20724
49,2275,1,0.05,0.3,0.5,0.001,0.33383,0.23068
50,2275,1,0.05,0.3,0.5,0.001,0.32745,0.21709
51,2275,1,0.05,0.3,0.5,0.001,0.332,0.23879
52,2275,1,0.05,0.3,0.5,0.001,0.32088,0.21362
53,2275,1,0.05,0.3,0.5,0.001,0.29408,0.20771
54,2275,1,0.05,0.3,0.5,0.001,0.30937,0.19811
55,2275,1,0.05,0.3,0.5,0.001,0.3075,0.22095
56,2275,1,0.05,0.3,0.5,0.001,0.35018,0.22292
57,2275,1,0.05,0.3,0.5,0.001,0.28554,0.20461
58,2275,1,0.05,0.3,0.5,0.001,0.30759,0.20447
59,2275,1,0.05,0.3,0.5,0.001,0.29556,0.2151
60,2275,1,0.05,0.3,0.5,0.001,0.30939,0.19938
61,2275,1,0.05,0.3,0.5,0.001,0.32721,0.20888
62,2275,1,0.05,0.3,0.5,0.001,0.32793,0.21511
63,2275,1,0.05,0.3,0.5,0.001,0.34224,0.22696
64,2275,1,0.05,0.3,0.5,0.001,0.32469,0.24665
65,2275,1,0.05,0.3,0.5,0.001,0.31196,0.22649
66,2275,1,0.05,0.3,0.5,0.001,0.3169,0.20579
67,2275,1,0.05,0.3,0.5,0.001,0.32598,0.22441
68,2275,1,0.05,0.3,0.5,0.001,0.30154,0.21658
69,2275,1,0.05,0.3,0.5,0.001,0.32414,0.23388
70,2275,1,0.05,0.3,0.5,0.001,0.3189,0.20758
71,2275,1,0.05,0.3,0.5,0.001,0.34025,0.20942
72,2275,1,0.05,0.3,0.5,0.001,0.31886,0.22893
73,2275,1,0.05,0.3,0.5,0.001,0.33132,0.23152
74,2275,1,0.05,0.3,0.5,0.001,0.31919,0.20943
75,2275,1,0.05,0.3,0.5,0.001,0.2891,0.22472
76,2275,1,0.05,0.3,0.5,0.001,0.31527,0.21864
77,2275,1,0.05,0.3,0.5,0.001,0.30646,0.19477
78,2275,1,0.05,0.3,0.5,0.001,0.31535,0.21784
79,2275,1,0.05,0.3,0.5,0.001,0.32119,0.20724
80,2275,1,0.05,0.3,0.5,0.001,0.31065,0.20363
81,2275,1,0.05,0.3,0.5,0.001,0.31298,0.20862
82,2275,1,0.05,0.3,0.5,0.001,0.33469,0.23169
83,2275,1,0.05,0.3,0.5,0.001,0.30845,0.20484
84,2275,1,0.05,0.3,0.5,0.001,0.31005,0.21197
85,2275,1,0.05,0.3,0.5,0.001,0.31413,0.21594
86,2275,1,0.05,0.3,0.5,0.001,0.35079,0.23699
87,2275,1,0.05,0.3,0.5,0.001,0.32348,0.21164
88,2275,1,0.05,0.3,0.5,0.001,0.32414,0.22123
89,2275,1,0.05,0.3,0.5,0.001,0.29565,0.19878
90,2275,1,0.05,0.3,0.5,0.001,0.33268,0.19905
91,2275,1,0.05,0.3,0.5,0.001,0.31136,0.21389
92,2275,1,0.05,0.3,0.5,0.001,0.32111,0.22071
93,2275,1,0.05,0.3,0.5,0.001,0.32617,0.20466
94,2275,1,0.05,0.3,0.5,0.001,0.3478,0.23521
95,2275,1,0.05,0.3,0.5,0.001,0.34521,0.2289
96,2275,1,0.05,0.3,0.5,0.001,0.33606,0.22635
97,2275,1,0.05,0.3,0.5,0.001,0.33362,0.22628
98,2275,1,0.05,0.3,0.5,0.001,0.31254,0.21405
99,2275,1,0.05,0.3,0.5,0.001,0.29758,0.20838
0,2275,1,0.2,0.3,0.5,0.001,0.21467,0.21546
1,2275,1,0.2,0.3,0.5,0.001,0.25293,0.25193
2,2275,1,0.2,0.3,0.5,0.001,0.25171,0.25207
3,2275,1,0.2,0.3,0.5,0.001,0.24759,0.24743
4,2275,1,0.2,0.3,0.5,0.001,0.24301,0.24354
5,2275,1,0.2,0.3,0.5,0.001,0.2348,0.234
6,2275,1,0.2,0.3,0.5,0.001,0.25313,0.25336
7,2275,1,0.2,0.3,0.5,0.001,0.24306,0.2443
8,2275,1,0.2,0.3,0.5,0.001,0.22574,0.22626
9,2275,1,0.2,0.3,0.5,0.001,0.2414,0.24177
10,2275,1,0.2,0.3,0.5,0.001,0.23711,0.23785
11,2275,1,0.2,0.3,0.5,0.001,0.24672,0.24662
12,2275,1,0.2,0.3,0.5,0.001,0.2289,0.22895
13,2275,1,0.2,0.3,0.5,0.001,0.24507,0.24452
14,2275,1,0.2,0.3,0.5,0.001,0.24953,0.24991
15,2275,1,0.2,0.3,0.5,0.001,0.23352,0.23337
16,2275,1,0.2,0.3,0.5,0.001,0.23409,0.23537
17,2275,1,0.2,0.3,0.5,0.001,0.25599,0.25538
18,2275,1,0.2,0.3,0.5,0.001,0.23423,0.23365
19,2275,1,0.2,0.3,0.5,0.001,0.22743,0.22769
20,2275,1,0.2,0.3,0.5,0.001,0.24603,0.24538
21,2275,1,0.2,0.3,0.5,0.001,0.24876,0.24914
22,2275,1,0.2,0.3,0.5,0.001,0.2509,0.25008
23,2275,1,0.2,0.3,0.5,0.001,0.23492,0.234
24,2275,1,0.2,0.3,0.5,0.001,0.22992,0.23067
25,2275,1,0.2,0.3,0.5,0.001,0.23646,0.23597
26,2275,1,0.2,0.3,0.5,0.001,0.25706,0.25708
27,2275,1,0.2,0.3,0.5,0.001,0.24601,0.24553
28,2275,1,0.2,0.3,0.5,0.001,0.24935,0.24901
29,2275,1,0.2,0.3,0.5,0.001,0.25687,0.25554
30,2275,1,0.2,0.3,0.5,0.001,0.25546,0.25439
31,2275,1,0.2,0.3,0.5,0.001,0.25225,0.25187
32,2275,1,0.2,0.3,0.5,0.001,0.23624,0.23661
33,2275,1,0.2,0.3,0.5,0.001,0.2335,0.23319
34,2275,1,0.2,0.3,0.5,0.001,0.24245,0.24241
35,2275,1,0.2,0.3,0.5,0.001,0.24856,0.24791
36,2275,1,0.2,0.3,0.5,0.001,0.23042,0.22955
37,2275,1,0.2,0.3,0.5,0.001,0.23425,0.2347
38,2275,1,0.2,0.3,0.5,0.001,0.2561,0.25533
39,2275,1,0.2,0.3,0.5,0.001,0.23992,0.23933
40,2275,1,0.2,0.3,0.5,0.001,0.23187,0.23092
41,2275,1,0.2,0.3,0.5,0.001,0.25435,0.25396
42,2275,1,0.2,0.3,0.5,0.001,0.24724,0.24698
43,2275,1,0.2,0.3,0.5,0.001,0.24166,0.24143
44,2275,1,0.2,0.3,0.5,0.001,0.22927,0.22917
45,2275,1,0.2,0.3,0.5,0.001,0.22414,0.2243
46,2275,1,0.2,0.3,0.5,0.001,0.25717,0.25753
47,2275,1,0.2,0.3,0.5,0.001,0.23984,0.24019
48,2275,1,0.2,0.3,0.5,0.001,0.25004,0.24947
49,2275,1,0.2,0.3,0.5,0.001,0.24426,0.24459
50,2275,1,0.2,0.3,0.5,0.001,0.24418,0.24462
51,2275,1,0.2,0.3,0.5,0.001,0.25773,0.25728
52,2275,1,0.2,0.3,0.5,0.001,0.23509,0.23491
53,2275,1,0.2,0.3,0.5,0.001,0.23912,0.23793
54,2275,1,0.2,0.3,0.5,0.001,0.26585,0.26456
55,2275,1,0.2,0.3,0.5,0.001,0.25356,0.25389
56,2275,1,0.2,0.3,0.5,0.001,0.26141,0.26185
57,2275,1,0.2,0.3,0.5,0.001,0.24595,0.24559
58,2275,1,0.2,0.3,0.5,0.001,0.23615,0.23564
59,2275,1,0.2,0.3,0.5,0.001,0.23951,0.23955
60,2275,1,0.2,0.3,0.5,0.001,0.25041,0.24984
61,2275,1,0.2,0.3,0.5,0.001,0.28095,0.27985
62,2275,1,0.2,0.3,0.5,0.001,0.24796,0.24774
63,2275,1,0.2,0.3,0.5,0.001,0.25034,0.25077
64,2275,1,0.2,0.3,0.5,0.001,0.23323,0.23239
65,2275,1,0.2,0.3,0.5,0.001,0.23903,0.23877
66,2275,1,0.2,0.3,0.5,0.001,0.24262,0.24272
67,2275,1,0.2,0.3,0.5,0.001,0.23683,0.23745
68,2275,1,0.2,0.3,0.5,0.001,0.25541,0.25541
69,2275,1,0.2,0.3,0.5,0.001,0.23759,0.23827
70,2275,1,0.2,0.3,0.5,0.001,0.23205,0.23133
71,2275,1,0.2,0.3,0.5,0.001,0.24738,0.24715
72,2275,1,0.2,0.3,0.5,0.001,0.24105,0.24029
73,2275,1,0.2,0.3,0.5,0.001,0.2395,0.23985
74,2275,1,0.2,0.3,0.5,0.001,0.24443,0.244
75,2275,1,0.2,0.3,0.5,0.001,0.24247,0.24258
76,2275,1,0.2,0.3,0.5,0.001,0.22432,0.22315
77,2275,1,0.2,0.3,0.5,0.001,0.26623,0.26653
78,2275,1,0.2,0.3,0.5,0.001,0.25275,0.25261
79,2275,1,0.2,0.3,0.5,0.001,0.24589,0.24536
80,2275,1,0.2,0.3,0.5,0.001,0.24097,0.24016
81,2275,1,0.2,0.3,0.5,0.001,0.25305,0.25275
82,2275,1,0.2,0.3,0.5,0.001,0.24645,0.24593
83,2275,1,0.2,0.3,0.5,0.001,0.23864,0.23921
84,2275,1,0.2,0.3,0.5,0.001,0.24585,0.24549
85,2275,1,0.2,0.3,0.5,0.001,0.25504,0.25413
86,2275,1,0.2,0.3,0.5,0.001,0.22646,0.22636
87,2275,1,0.2,0.3,0.5,0.001,0.24009,0.23974
88,2275,1,0.2,0.3,0.5,0.001,0.22613,0.2263
89,2275,1,0.2,0.3,0.5,0.001,0.25772,0.2573
90,2275,1,0.2,0.3,0.5,0.001,0.24465,0.2465
91,2275,1,0.2,0.3,0.5,0.001,0.22847,0.22759
92,2275,1,0.2,0.3,0.5,0.001,0.25901,0.25945
93,2275,1,0.2,0.3,0.5,0.001,0.24192,0.24188
94,2275,1,0.2,0.3,0.5,0.001,0.24648,0.2465
95,2275,1,0.2,0.3,0.5,0.001,0.24685,0.24645
96,2275,1,0.2,0.3,0.5,0.001,0.23319,0.23356
97,2275,1,0.2,0.3,0.5,0.001,0.24284,0.24279
98,2275,1,0.2,0.3,0.5,0.001,0.23626,0.2369
99,2275,1,0.2,0.3,0.5,0.001,0.2455,0.24525
0,2682,1,0.01,0.3,0.5,0.001,2.62144,0.17952
1,2682,1,0.01,0.3,0.5,0.001,2.62037,0.1771
2,2682,1,0.01,0.3,0.5,0.001,2.62198,0.19176
3,2682,1,0.01,0.3,0.5,0.001,2.61981,0.1533
4,2682,1,0.01,0.3,0.5,0.001,2.61691,0.15451
5,2682,1,0.01,0.3,0.5,0.001,2.61945,0.13445
6,2682,1,0.01,0.3,0.5,0.001,2.62085,0.19202
7,2682,1,0.01,0.3,0.5,0.001,2.61715,0.166
8,2682,1,0.01,0.3,0.5,0.001,2.61983,0.17385
9,2682,1,0.01,0.3,0.5,0.001,2.62443,0.21735
10,2682,1,0.01,0.3,0.5,0.001,2.61843,0.14596
11,2682,1,0.01,0.3,0.5,0.001,2.62056,0.14589
12,2682,1,0.01,0.3,0.5,0.001,2.61761,0.14252
13,2682,1,0.01,0.3,0.5,0.001,2.61624,0.14296
14,2682,1,0.01,0.3,0.5,0.001,2.62247,0.18697
15,2682,1,0.01,0.3,0.5,0.001,2.61755,0.12705
16,2682,1,0.01,0.3,0.5,0.001,2.61837,0.16516
17,2682,1,0.01,0.3,0.5,0.001,2.61655,0.15542
18,2682,1,0.01,0.3,0.5,0.001,2.61828,0.147
19,2682,1,0.01,0.3,0.5,0.001,2.61777,0.14724
20,2682,1,0.01,0.3,0.5,0.001,2.61924,0.19803
21,2682,1,0.01,0.3,0.5,0.001,2.61734,0.18186
22,2682,1,0.01,0.3,0.5,0.001,2.62083,0.17944
23,2682,1,0.01,0.3,0.5,0.001,2.62089,0.17114
24,2682,1,0.01,0.3,0.5,0.001,2.62219,0.20175
25,2682,1,0.01,0.3,0.5,0.001,2.61995,0.19152
26,2682,1,0.01,0.3,0.5,0.001,2.6193,0.16238
27,2682,1,0.01,0.3,0.5,0.001,2.61791,0.1476
28,2682,1,0.01,0.3,0.5,0.001,2.62129,0.18997
29,2682,1,0.01,0.3,0.5,0.001,2.61797,0.16147
30,2682,1,0.01,0.3,0.5,0.001,2.61921,0.1696
31,2682,1,0.01,0.3,0.5,0.001,2.61933,0.15763
32,2682,1,0.01,0.3,0.5,0.001,2.61835,0.16329
33,2682,1,0.01,0.3,0.5,0.001,2.61833,0.17637
34,2682,1,0.01,0.3,0.5,0.001,2.61926,0.16022
35,2682,1,0.01,0.3,0.5,0.001,2.61703,0.18104
36,2682,1,0.01,0.3,0.5,0.001,2.62083,0.19151
37,2682,1,0.01,0.3,0.5,0.001,2.61607,0.17171
38,2682,1,0.01,0.3,0.5,0.001,2.62058,0.14688
39,2682,1,0.01,0.3,0.5,0.001,2.62082,0.16875
40,2682,1,0.01,0.3,0.5,0.001,2.61886,0.16871
41,2682,1,0.01,0.3,0.5,0.001,2.62103,0.17135
42,2682,1,0.01,0.3,0.5,0.001,2.61517,0.15267
43,2682,1,0.01,0.3,0.5,0.001,2.62244,0.1737
44,2682,1,0.01,0.3,0.5,0.001,2.6179,0.15909
45,2682,1,0.01,0.3,0.5,0.001,2.61756,0.14837
46,2682,1,0.01,0.3,0.5,0.001,2.61759,0.16459
47,2682,1,0.01,0.3,0.5,0.001,2.6196,0.14613
48,2682,1,0.01,0.3,0.5,0.001,2.61751,0.16358
49,2682,1,0.01,0.3,0.5,0.001,2.6209,0.17835
50,2682,1,0.01,0.3,0.5,0.001,2.61999,0.18155
51,2682,1,0.01,0.3,0.5,0.001,2.61685,0.17363
52,2682,1,0.01,0.3,0.5,0.001,2.61715,0.18175
53,2682,1,0.01,0.3,0.5,0.001,2.62181,0.19407
54,2682,1,0.01,0.3,0.5,0.001,2.61821,0.16564
55,2682,1,0.01,0.3,0.5,0.001,2.61685,0.13131
56,2682,1,0.01,0.3,0.5,0.001,2.62122,0.19631
57,2682,1,0.01,0.3,0.5,0.001,2.615,0.12216
58,2682,1,0.01,0.3,0.5,0.001,2.6203,0.16487
59,2682,1,0.01,0.3,0.5,0.001,2.61921,0.16883
60,2682,1,0.01,0.3,0.5,0.001,2.61694,0.18603
61,2682,1,0.01,0.3,0.5,0.001,2.61873,0.13842
62,2682,1,0.01,0.3,0.5,0.001,2.6194,0.1548
63,2682,1,0.01,0.3,0.5,0.001,2.61962,0.14336
64,2682,1,0.01,0.3,0.5,0.001,2.61801,0.1682
65,2682,1,0.01,0.3,0.5,0.001,2.61515,0.18591
66,2682,1,0.01,0.3,0.5,0.001,2.62237,0.21718
67,2682,1,0.01,0.3,0.5,0.001,2.61669,0.17673
68,2682,1,0.01,0.3,0.5,0.001,2.61905,0.17685
69,2682,1,0.01,0.3,0.5,0.001,2.62211,0.19774
70,2682,1,0.01,0.3,0.5,0.001,2.6194,0.15851
71,2682,1,0.01,0.3,0.5,0.001,2.61914,0.20824
72,2682,1,0.01,0.3,0.5,0.001,2.61659,0.14608
73,2682,1,0.01,0.3,0.5,0.001,2.6154,0.17013
74,2682,1,0.01,0.3,0.5,0.001,2.61806,0.14727
75,2682,1,0.01,0.3,0.5,0.001,2.61966,0.16961
76,2682,1,0.01,0.3,0.5,0.001,2.61991,0.12936
77,2682,1,0.01,0.3,0.5,0.001,2.62241,0.19019
78,2682,1,0.01,0.3,0.5,0.001,2.62218,0.21041
79,2682,1,0.01,0.3,0.5,0.001,2.61725,0.14362
80,2682,1,0.01,0.3,0.5,0.001,2.61867,0.17137
81,2682,1,0.01,0.3,0.5,0.001,2.62007,0.15572
82,2682,1,0.01,0.3,0.5,0.001,2.62132,0.1516
83,2682,1,0.01,0.3,0.5,0.001,2.62055,0.21007
84,2682,1,0.01,0.3,0.5,0.001,2.61866,0.15351
85,2682,1,0.01,0.3,0.5,0.001,2.61922,0.16663
0,2682,1,0.01,0.3,0.5,0.001,2.62341,0.18781
1,2682,1,0.01,0.3,0.5,0.001,2.62104,0.17141
2,2682,1,0.01,0.3,0.5,0.001,2.62137,0.1826
3,2682,1,0.01,0.3,0.5,0.001,2.62206,0.16131
4,2682,1,0.01,0.3,0.5,0.001,2.62236,0.1588
5,2682,1,0.01,0.3,0.5,0.001,2.62187,0.17463
6,2682,1,0.01,0.3,0.5,0.001,2.6204,0.17205
7,2682,1,0.01,0.3,0.5,0.001,2.62235,0.172
8,2682,1,0.01,0.3,0.5,0.001,2.62067,0.14533
9,2682,1,0.01,0.3,0.5,0.001,2.61586,0.13685
10,2682,1,0.01,0.3,0.5,0.001,2.62074,0.15482
11,2682,1,0.01,0.3,0.5,0.001,2.62185,0.16345
12,2682,1,0.01,0.3,0.5,0.001,2.62271,0.18061
13,2682,1,0.01,0.3,0.5,0.001,2.6245,0.16474
0,2682,1,0.05,0.3,0.5,0.001,0.30742,0.20019
1,2682,1,0.05,0.3,0.5,0.001,0.28757,0.19715
2,2682,1,0.05,0.3,0.5,0.001,0.31364,0.19329
3,2682,1,0.05,0.3,0.5,0.001,0.30603,0.19847
4,2682,1,0.05,0.3,0.5,0.001,0.29695,0.19182
5,2682,1,0.05,0.3,0.5,0.001,0.33809,0.21611
6,2682,1,0.05,0.3,0.5,0.001,0.29672,0.19198
7,2682,1,0.05,0.3,0.5,0.001,0.30909,0.20216
8,2682,1,0.05,0.3,0.5,0.001,0.29909,0.19712
9,2682,1,0.05,0.3,0.5,0.001,0.30265,0.19333
10,2682,1,0.05,0.3,0.5,0.001,0.31037,0.2036
11,2682,1,0.05,0.3,0.5,0.001,0.30809,0.20353
12,2682,1,0.05,0.3,0.5,0.001,0.30132,0.20829
13,2682,1,0.05,0.3,0.5,0.001,0.32599,0.22332
14,2682,1,0.05,0.3,0.5,0.001,0.30133,0.19419
15,2682,1,0.05,0.3,0.5,0.001,0.31593,0.21881
16,2682,1,0.05,0.3,0.5,0.001,0.29964,0.1906
17,2682,1,0.05,0.3,0.5,0.001,0.34871,0.23575
18,2682,1,0.05,0.3,0.5,0.001,0.30788,0.20003
19,2682,1,0.05,0.3,0.5,0.001,0.3027,0.1892
20,2682,1,0.05,0.3,0.5,0.001,0.30465,0.20631
21,2682,1,0.05,0.3,0.5,0.001,0.32711,0.20536
22,2682,1,0.05,0.3,0.5,0.001,0.30238,0.18238
23,2682,1,0.05,0.3,0.5,0.001,0.32569,0.19807
24,2682,1,0.05,0.3,0.5,0.001,0.31218,0.22414
25,2682,1,0.05,0.3,0.5,0.001,0.32495,0.22384
26,2682,1,0.05,0.3,0.5,0.001,0.31776,0.20073
27,2682,1,0.05,0.3,0.5,0.001,0.31621,0.20999
28,2682,1,0.05,0.3,0.5,0.001,0.30635,0.20652
29,2682,1,0.05,0.3,0.5,0.001,0.31791,0.20223
30,2682,1,0.05,0.3,0.5,0.001,0.29817,0.19291
31,2682,1,0.05,0.3,0.5,0.001,0.3207,0.20262
32,2682,1,0.05,0.3,0.5,0.001,0.34099,0.21022
33,2682,1,0.05,0.3,0.5,0.001,0.33005,0.21045
34,2682,1,0.05,0.3,0.5,0.001,0.32035,0.19601
35,2682,1,0.05,0.3,0.5,0.001,0.33431,0.21454
36,2682,1,0.05,0.3,0.5,0.001,0.32886,0.21438
37,2682,1,0.05,0.3,0.5,0.001,0.3117,0.20626
38,2682,1,0.05,0.3,0.5,0.001,0.31443,0.19341
39,2682,1,0.05,0.3,0.5,0.001,0.32421,0.20144
40,2682,1,0.05,0.3,0.5,0.001,0.31015,0.18866
41,2682,1,0.05,0.3,0.5,0.001,0.30988,0.2017
42,2682,1,0.05,0.3,0.5,0.001,0.31672,0.21096
43,2682,1,0.05,0.3,0.5,0.001,0.32061,0.19792
44,2682,1,0.05,0.3,0.5,0.001,0.31233,0.21027
45,2682,1,0.05,0.3,0.5,0.001,0.31708,0.20201
46,2682,1,0.05,0.3,0.5,0.001,0.30801,0.21631
47,2682,1,0.05,0.3,0.5,0.001,0.31226,0.19896
48,2682,1,0.05,0.3,0.5,0.001,0.29627,0.19284
49,2682,1,0.05,0.3,0.5,0.001,0.32928,0.19798
50,2682,1,0.05,0.3,0.5,0.001,0.30806,0.20052
51,2682,1,0.05,0.3,0.5,0.001,0.28573,0.1951
52,2682,1,0.05,0.3,0.5,0.001,0.29864,0.18821
53,2682,1,0.05,0.3,0.5,0.001,0.3154,0.21853
54,2682,1,0.05,0.3,0.5,0.001,0.31568,0.20249
55,2682,1,0.05,0.3,0.5,0.001,0.31123,0.2118
56,2682,1,0.05,0.3,0.5,0.001,0.30324,0.19019
57,2682,1,0.05,0.3,0.5,0.001,0.31521,0.2135
58,2682,1,0.05,0.3,0.5,0.001,0.29492,0.16236
59,2682,1,0.05,0.3,0.5,0.001,0.32799,0.19464
60,2682,1,0.05,0.3,0.5,0.001,0.32131,0.20773
61,2682,1,0.05,0.3,0.5,0.001,0.28818,0.18436
62,2682,1,0.05,0.3,0.5,0.001,0.30184,0.19354
63,2682,1,0.05,0.3,0.5,0.001,0.30992,0.20216
64,2682,1,0.05,0.3,0.5,0.001,0.31354,0.2003
65,2682,1,0.05,0.3,0.5,0.001,0.31357,0.19697
66,2682,1,0.05,0.3,0.5,0.001,0.34044,0.22205
67,2682,1,0.05,0.3,0.5,0.001,0.30341,0.19598
68,2682,1,0.05,0.3,0.5,0.001,0.30854,0.20348
69,2682,1,0.05,0.3,0.5,0.001,0.28179,0.19628
70,2682,1,0.05,0.3,0.5,0.001,0.328,0.21556
71,2682,1,0.05,0.3,0.5,0.001,0.31445,0.2057
72,2682,1,0.05,0.3,0.5,0.001,0.34024,0.22298
73,2682,1,0.05,0.3,0.5,0.001,0.30204,0.19562
74,2682,1,0.05,0.3,0.5,0.001,0.31845,0.19848
75,2682,1,0.05,0.3,0.5,0.001,0.30619,0.21155
76,2682,1,0.05,0.3,0.5,0.001,0.29673,0.18583
77,2682,1,0.05,0.3,0.5,0.001,0.30331,0.19256
78,2682,1,0.05,0.3,0.5,0.001,0.33641,0.22006
79,2682,1,0.05,0.3,0.5,0.001,0.31653,0.20083
80,2682,1,0.05,0.3,0.5,0.001,0.35492,0.21491
81,2682,1,0.05,0.3,0.5,0.001,0.33395,0.21685
82,2682,1,0.05,0.3,0.5,0.001,0.30022,0.19512
83,2682,1,0.05,0.3,0.5,0.001,0.28036,0.18424
84,2682,1,0.05,0.3,0.5,0.001,0.309,0.19159
85,2682,1,0.05,0.3,0.5,0.001,0.33387,0.21257
0,2682,1,0.05,0.3,0.5,0.001,0.31787,0.20375
1,2682,1,0.05,0.3,0.5,0.001,0.32088,0.20337
2,2682,1,0.05,0.3,0.5,0.001,0.28623,0.17561
3,2682,1,0.05,0.3,0.5,0.001,0.32273,0.2031
4,2682,1,0.05,0.3,0.5,0.001,0.27457,0.18872
5,2682,1,0.05,0.3,0.5,0.001,0.30128,0.19911
6,2682,1,0.05,0.3,0.5,0.001,0.29477,0.18194
7,2682,1,0.05,0.3,0.5,0.001,0.29888,0.18512
8,2682,1,0.05,0.3,0.5,0.001,0.30381,0.19128
9,2682,1,0.05,0.3,0.5,0.001,0.29269,0.2078
10,2682,1,0.05,0.3,0.5,0.001,0.3203,0.19482
11,2682,1,0.05,0.3,0.5,0.001,0.30747,0.19291
12,2682,1,0.05,0.3,0.5,0.001,0.30616,0.19827
13,2682,1,0.05,0.3,0.5,0.001,0.28986,0.18767
0,2682,1,0.2,0.3,0.5,0.001,0.20562,0.20595
1,2682,1,0.2,0.3,0.5,0.001,0.2231,0.22254
2,2682,1,0.2,0.3,0.5,0.001,0.23855,0.23793
3,2682,1,0.2,0.3,0.5,0.001,0.24089,0.24084
4,2682,1,0.2,0.3,0.5,0.001,0.21926,0.21954
5,2682,1,0.2,0.3,0.5,0.001,0.21734,0.2174
6,2682,1,0.2,0.3,0.5,0.001,0.22106,0.22067
7,2682,1,0.2,0.3,0.5,0.001,0.24053,0.24103
8,2682,1,0.2,0.3,0.5,0.001,0.2266,0.22637
9,2682,1,0.2,0.3,0.5,0.001,0.21575,0.21521
10,2682,1,0.2,0.3,0.5,0.001,0.22093,0.2215
11,2682,1,0.2,0.3,0.5,0.001,0.21046,0.20981
12,2682,1,0.2,0.3,0.5,0.001,0.20993,0.20965
13,2682,1,0.2,0.3,0.5,0.001,0.22351,0.22348
14,2682,1,0.2,0.3,0.5,0.001,0.22752,0.22743
15,2682,1,0.2,0.3,0.5,0.001,0.23212,0.23102
16,2682,1,0.2,0.3,0.5,0.001,0.2402,0.23981
17,2682,1,0.2,0.3,0.5,0.001,0.22709,0.227
18,2682,1,0.2,0.3,0.5,0.001,0.20889,0.20813
19,2682,1,0.2,0.3,0.5,0.001,0.21879,0.21877
20,2682,1,0.2,0.3,0.5,0.001,0.22694,0.22578
21,2682,1,0.2,0.3,0.5,0.001,0.2304,0.22995
22,2682,1,0.2,0.3,0.5,0.001,0.21614,0.21666
23,2682,1,0.2,0.3,0.5,0.001,0.23659,0.23709
24,2682,1,0.2,0.3,0.5,0.001,0.21557,0.21547
25,2682,1,0.2,0.3,0.5,0.001,0.22126,0.22026
26,2682,1,0.2,0.3,0.5,0.001,0.22778,0.22779
27,2682,1,0.2,0.3,0.5,0.001,0.21264,0.21324
28,2682,1,0.2,0.3,0.5,0.001,0.22486,0.22527
29,2682,1,0.2,0.3,0.5,0.001,0.21679,0.2164
30,2682,1,0.2,0.3,0.5,0.001,0.21758,0.21752
31,2682,1,0.2,0.3,0.5,0.001,0.22246,0.22119
32,2682,1,0.2,0.3,0.5,0.001,0.2206,0.21985
33,2682,1,0.2,0.3,0.5,0.001,0.21898,0.21906
34,2682,1,0.2,0.3,0.5,0.001,0.21283,0.2137
35,2682,1,0.2,0.3,0.5,0.001,0.22125,0.22078
36,2682,1,0.2,0.3,0.5,0.001,0.22908,0.2288
37,2682,1,0.2,0.3,0.5,0.001,0.23481,0.23511
38,2682,1,0.2,0.3,0.5,0.001,0.23775,0.23708
39,2682,1,0.2,0.3,0.5,0.001,0.22372,0.2241
40,2682,1,0.2,0.3,0.5,0.001,0.22725,0.2273
41,2682,1,0.2,0.3,0.5,0.001,0.21996,0.21969
42,2682,1,0.2,0.3,0.5,0.001,0.21437,0.21381
43,2682,1,0.2,0.3,0.5,0.001,0.23462,0.23521
44,2682,1,0.2,0.3,0.5,0.001,0.22454,0.22471
45,2682,1,0.2,0.3,0.5,0.001,0.22695,0.22675
46,2682,1,0.2,0.3,0.5,0.001,0.23592,0.23535
47,2682,1,0.2,0.3,0.5,0.001,0.21541,0.21681
48,2682,1,0.2,0.3,0.5,0.001,0.22875,0.22879
49,2682,1,0.2,0.3,0.5,0.001,0.23086,0.23061
50,2682,1,0.2,0.3,0.5,0.001,0.23442,0.23442
51,2682,1,0.2,0.3,0.5,0.001,0.22861,0.22899
52,2682,1,0.2,0.3,0.5,0.001,0.22992,0.23002
53,2682,1,0.2,0.3,0.5,0.001,0.22848,0.22847
54,2682,1,0.2,0.3,0.5,0.001,0.228,0.22748
55,2682,1,0.2,0.3,0.5,0.001,0.21659,0.21792
56,2682,1,0.2,0.3,0.5,0.001,0.22517,0.22494
57,2682,1,0.2,0.3,0.5,0.001,0.22609,0.22624
58,2682,1,0.2,0.3,0.5,0.001,0.22301,0.22335
59,2682,1,0.2,0.3,0.5,0.001,0.25825,0.25806
60,2682,1,0.2,0.3,0.5,0.001,0.21637,0.21681
61,2682,1,0.2,0.3,0.5,0.001,0.21859,0.21832
62,2682,1,0.2,0.3,0.5,0.001,0.2045,0.20371
63,2682,1,0.2,0.3,0.5,0.001,0.22228,0.22334
64,2682,1,0.2,0.3,0.5,0.001,0.22553,0.2257
65,2682,1,0.2,0.3,0.5,0.001,0.23349,0.23336
66,2682,1,0.2,0.3,0.5,0.001,0.23208,0.23305
67,2682,1,0.2,0.3,0.5,0.001,0.21337,0.21242
68,2682,1,0.2,0.3,0.5,0.001,0.22642,0.22681
69,2682,1,0.2,0.3,0.5,0.001,0.20851,0.20808
70,2682,1,0.2,0.3,0.5,0.001,0.20662,0.20709
71,2682,1,0.2,0.3,0.5,0.001,0.22132,0.22082
72,2682,1,0.2,0.3,0.5,0.001,0.23108,0.2305
73,2682,1,0.2,0.3,0.5,0.001,0.23156,0.23148
74,2682,1,0.2,0.3,0.5,0.001,0.22318,0.22354
75,2682,1,0.2,0.3,0.5,0.001,0.21137,0.21123
76,2682,1,0.2,0.3,0.5,0.001,0.21947,0.21895
77,2682,1,0.2,0.3,0.5,0.001,0.22279,0.2231
78,2682,1,0.2,0.3,0.5,0.001,0.21808,0.21724
79,2682,1,0.2,0.3,0.5,0.001,0.2343,0.23313
80,2682,1,0.2,0.3,0.5,0.001,0.21793,0.21704
81,2682,1,0.2,0.3,0.5,0.001,0.22839,0.2282
82,2682,1,0.2,0.3,0.5,0.001,0.22005,0.221
83,2682,1,0.2,0.3,0.5,0.001,0.22683,0.22607
84,2682,1,0.2,0.3,0.5,0.001,0.22204,0.22268
85,2682,1,0.2,0.3,0.5,0.001,0.22586,0.22658
0,2682,1,0.2,0.3,0.5,0.001,0.22746,0.22736
1,2682,1,0.2,0.3,0.5,0.001,0.23293,0.23252
2,2682,1,0.2,0.3,0.5,0.001,0.21887,0.2186
3,2682,1,0.2,0.3,0.5,0.001,0.22028,0.21977
4,2682,1,0.2,0.3,0.5,0.001,0.23608,0.23624
5,2682,1,0.2,0.3,0.5,0.001,0.2145,0.2139
6,2682,1,0.2,0.3,0.5,0.001,0.23749,0.23789
7,2682,1,0.2,0.3,0.5,0.001,0.23289,0.23255
8,2682,1,0.2,0.3,0.5,0.001,0.23803,0.23687
9,2682,1,0.2,0.3,0.5,0.001,0.22685,0.22701
10,2682,1,0.2,0.3,0.5,0.001,0.23155,0.23047
11,2682,1,0.2,0.3,0.5,0.001,0.21547,0.21476
12,2682,1,0.2,0.3,0.5,0.001,0.21576,0.21543
13,2682,1,0.2,0.3,0.5,0.001,0.21302,0.21293
0,3162,1,0.01,0.3,0.5,0.001,2.61687,0.13232
1,3162,1,0.01,0.3,0.5,0.001,2.62237,0.16924
2,3162,1,0.01,0.3,0.5,0.001,2.62155,0.16283
3,3162,1,0.01,0.3,0.5,0.001,2.61882,0.16188
4,3162,1,0.01,0.3,0.5,0.001,2.62264,0.15392
5,3162,1,0.01,0.3,0.5,0.001,2.61645,0.15793
6,3162,1,0.01,0.3,0.5,0.001,2.62034,0.12137
7,3162,1,0.01,0.3,0.5,0.001,2.61658,0.11688
8,3162,1,0.01,0.3,0.5,0.001,2.61936,0.1477
9,3162,1,0.01,0.3,0.5,0.001,2.61852,0.1292
10,3162,1,0.01,0.3,0.5,0.001,2.62177,0.18088
11,3162,1,0.01,0.3,0.5,0.001,2.62132,0.12532
12,3162,1,0.01,0.3,0.5,0.001,2.62029,0.12169
13,3162,1,0.01,0.3,0.5,0.001,2.62181,0.15023
14,3162,1,0.01,0.3,0.5,0.001,2.61858,0.16078
15,3162,1,0.01,0.3,0.5,0.001,2.62205,0.13732
16,3162,1,0.01,0.3,0.5,0.001,2.621,0.16536
17,3162,1,0.01,0.3,0.5,0.001,2.62147,0.14474
18,3162,1,0.01,0.3,0.5,0.001,2.61988,0.14854
19,3162,1,0.01,0.3,0.5,0.001,2.62089,0.1636
20,3162,1,0.01,0.3,0.5,0.001,2.62197,0.14928
21,3162,1,0.01,0.3,0.5,0.001,2.61852,0.11737
22,3162,1,0.01,0.3,0.5,0.001,2.61809,0.12841
23,3162,1,0.01,0.3,0.5,0.001,2.61882,0.14135
24,3162,1,0.01,0.3,0.5,0.001,2.62265,0.16393
25,3162,1,0.01,0.3,0.5,0.001,2.62373,0.19232
26,3162,1,0.01,0.3,0.5,0.001,2.62157,0.17243
27,3162,1,0.01,0.3,0.5,0.001,2.62194,0.14779
28,3162,1,0.01,0.3,0.5,0.001,2.62061,0.12281
29,3162,1,0.01,0.3,0.5,0.001,2.61934,0.12522
30,3162,1,0.01,0.3,0.5,0.001,2.61924,0.14107
31,3162,1,0.01,0.3,0.5,0.001,2.61683,0.135
32,3162,1,0.01,0.3,0.5,0.001,2.62081,0.15503
33,3162,1,0.01,0.3,0.5,0.001,2.61796,0.13785
34,3162,1,0.01,0.3,0.5,0.001,2.61882,0.1367
35,3162,1,0.01,0.3,0.5,0.001,2.62063,0.14839
36,3162,1,0.01,0.3,0.5,0.001,2.62005,0.14131
37,3162,1,0.01,0.3,0.5,0.001,2.62016,0.16653
38,3162,1,0.01,0.3,0.5,0.001,2.61877,0.12446
39,3162,1,0.01,0.3,0.5,0.001,2.6217,0.16912
40,3162,1,0.01,0.3,0.5,0.001,2.6214,0.16802
41,3162,1,0.01,0.3,0.5,0.001,2.61943,0.14791
42,3162,1,0.01,0.3,0.5,0.001,2.62181,0.17237
43,3162,1,0.01,0.3,0.5,0.001,2.61846,0.16046
44,3162,1,0.01,0.3,0.5,0.001,2.6199,0.13504
45,3162,1,0.01,0.3,0.5,0.001,2.62243,0.18793
46,3162,1,0.01,0.3,0.5,0.001,2.6195,0.16858
47,3162,1,0.01,0.3,0.5,0.001,2.621,0.15892
48,3162,1,0.01,0.3,0.5,0.001,2.61974,0.12854
49,3162,1,0.01,0.3,0.5,0.001,2.62038,0.13695
50,3162,1,0.01,0.3,0.5,0.001,2.61998,0.14974
51,3162,1,0.01,0.3,0.5,0.001,2.62221,0.15848
52,3162,1,0.01,0.3,0.5,0.001,2.62302,0.16154
53,3162,1,0.01,0.3,0.5,0.001,2.61862,0.14812
54,3162,1,0.01,0.3,0.5,0.001,2.61833,0.13832
55,3162,1,0.01,0.3,0.5,0.001,2.62224,0.15729
56,3162,1,0.01,0.3,0.5,0.001,2.61801,0.16154
57,3162,1,0.01,0.3,0.5,0.001,2.61994,0.13072
58,3162,1,0.01,0.3,0.5,0.001,2.61956,0.1775
59,3162,1,0.01,0.3,0.5,0.001,2.62348,0.16172
60,3162,1,0.01,0.3,0.5,0.001,2.62118,0.13571
61,3162,1,0.01,0.3,0.5,0.001,2.61939,0.15072
0,3162,1,0.01,0.3,0.5,0.001,2.62177,0.15918
1,3162,1,0.01,0.3,0.5,0.001,2.62053,0.16678
2,3162,1,0.01,0.3,0.5,0.001,2.62089,0.14774
3,3162,1,0.01,0.3,0.5,0.001,2.6192,0.12748
4,3162,1,0.01,0.3,0.5,0.001,2.62549,0.13945
5,3162,1,0.01,0.3,0.5,0.001,2.62237,0.1577
6,3162,1,0.01,0.3,0.5,0.001,2.62016,0.14685
7,3162,1,0.01,0.3,0.5,0.001,2.62082,0.14911
8,3162,1,0.01,0.3,0.5,0.001,2.62132,0.16918
9,3162,1,0.01,0.3,0.5,0.001,2.6214,0.13521
10,3162,1,0.01,0.3,0.5,0.001,2.62171,0.14701
11,3162,1,0.01,0.3,0.5,0.001,2.62264,0.13703
12,3162,1,0.01,0.3,0.5,0.001,2.62345,0.15461
13,3162,1,0.01,0.3,0.5,0.001,2.61948,0.15323
14,3162,1,0.01,0.3,0.5,0.001,2.6193,0.14966
15,3162,1,0.01,0.3,0.5,0.001,2.62151,0.13952
16,3162,1,0.01,0.3,0.5,0.001,2.62031,0.16996
17,3162,1,0.01,0.3,0.5,0.001,2.62017,0.14096
18,3162,1,0.01,0.3,0.5,0.001,2.6227,0.22849
19,3162,1,0.01,0.3,0.5,0.001,2.61908,0.16132
20,3162,1,0.01,0.3,0.5,0.001,2.62167,0.1584
21,3162,1,0.01,0.3,0.5,0.001,2.62199,0.16621
22,3162,1,0.01,0.3,0.5,0.001,2.61933,0.1553
23,3162,1,0.01,0.3,0.5,0.001,2.62135,0.15202
24,3162,1,0.01,0.3,0.5,0.001,2.62643,0.19595
25,3162,1,0.01,0.3,0.5,0.001,2.62304,0.16744
26,3162,1,0.01,0.3,0.5,0.001,2.62079,0.13628
27,3162,1,0.01,0.3,0.5,0.001,2.62167,0.13305
28,3162,1,0.01,0.3,0.5,0.001,2.62125,0.17895
29,3162,1,0.01,0.3,0.5,0.001,2.62117,0.15598
30,3162,1,0.01,0.3,0.5,0.001,2.6228,0.17097
31,3162,1,0.01,0.3,0.5,0.001,2.61912,0.14185
32,3162,1,0.01,0.3,0.5,0.001,2.62291,0.17861
33,3162,1,0.01,0.3,0.5,0.001,2.6224,0.14883
34,3162,1,0.01,0.3,0.5,0.001,2.62108,0.16912
35,3162,1,0.01,0.3,0.5,0.001,2.62238,0.16349
36,3162,1,0.01,0.3,0.5,0.001,2.61921,0.13457
37,3162,1,0.01,0.3,0.5,0.001,2.61907,0.1494
0,3162,1,0.05,0.3,0.5,0.001,0.32125,0.18835
1,3162,1,0.05,0.3,0.5,0.001,0.30638,0.19036
2,3162,1,0.05,0.3,0.5,0.001,0.30974,0.19252
3,3162,1,0.05,0.3,0.5,0.001,0.31827,0.2111
4,3162,1,0.05,0.3,0.5,0.001,0.29791,0.19619
5,3162,1,0.05,0.3,0.5,0.001,0.31822,0.19414
6,3162,1,0.05,0.3,0.5,0.001,0.27658,0.18404
7,3162,1,0.05,0.3,0.5,0.001,0.29686,0.17365
8,3162,1,0.05,0.3,0.5,0.001,0.32715,0.19689
9,3162,1,0.05,0.3,0.5,0.001,0.29505,0.18307
10,3162,1,0.05,0.3,0.5,0.001,0.29631,0.18364
11,3162,1,0.05,0.3,0.5,0.001,0.29971,0.18767
12,3162,1,0.05,0.3,0.5,0.001,0.29677,0.1992
13,3162,1,0.05,0.3,0.5,0.001,0.30378,0.19099
14,3162,1,0.05,0.3,0.5,0.001,0.30816,0.19013
15,3162,1,0.05,0.3,0.5,0.001,0.28568,0.18654
16,3162,1,0.05,0.3,0.5,0.001,0.30616,0.19038
17,3162,1,0.05,0.3,0.5,0.001,0.2892,0.17469
18,3162,1,0.05,0.3,0.5,0.001,0.28537,0.19791
19,3162,1,0.05,0.3,0.5,0.001,0.29929,0.17844
20,3162,1,0.05,0.3,0.5,0.001,0.29045,0.18313
21,3162,1,0.05,0.3,0.5,0.001,0.30142,0.2002
22,3162,1,0.05,0.3,0.5,0.001,0.29348,0.18865
23,3162,1,0.05,0.3,0.5,0.001,0.26595,0.1713
24,3162,1,0.05,0.3,0.5,0.001,0.29994,0.17382
25,3162,1,0.05,0.3,0.5,0.001,0.28763,0.16569
26,3162,1,0.05,0.3,0.5,0.001,0.31816,0.19045
27,3162,1,0.05,0.3,0.5,0.001,0.29838,0.18269
28,3162,1,0.05,0.3,0.5,0.001,0.29578,0.1951
29,3162,1,0.05,0.3,0.5,0.001,0.32681,0.18946
30,3162,1,0.05,0.3,0.5,0.001,0.30368,0.18958
31,3162,1,0.05,0.3,0.5,0.001,0.29245,0.1702
32,3162,1,0.05,0.3,0.5,0.001,0.29755,0.19592
33,3162,1,0.05,0.3,0.5,0.001,0.29064,0.16247
34,3162,1,0.05,0.3,0.5,0.001,0.32021,0.19917
35,3162,1,0.05,0.3,0.5,0.001,0.30075,0.18154
36,3162,1,0.05,0.3,0.5,0.001,0.28706,0.17899
37,3162,1,0.05,0.3,0.5,0.001,0.28876,0.18858
38,3162,1,0.05,0.3,0.5,0.001,0.30546,0.20137
39,3162,1,0.05,0.3,0.5,0.001,0.30564,0.17797
40,3162,1,0.05,0.3,0.5,0.001,0.30969,0.18344
41,3162,1,0.05,0.3,0.5,0.001,0.29445,0.18548
42,3162,1,0.05,0.3,0.5,0.001,0.29496,0.18503
43,3162,1,0.05,0.3,0.5,0.001,0.28535,0.17391
44,3162,1,0.05,0.3,0.5,0.001,0.29917,0.18095
45,3162,1,0.05,0.3,0.5,0.001,0.32034,0.19074
46,3162,1,0.05,0.3,0.5,0.001,0.29248,0.17767
47,3162,1,0.05,0.3,0.5,0.001,0.31677,0.19777
48,3162,1,0.05,0.3,0.5,0.001,0.30923,0.19059
49,3162,1,0.05,0.3,0.5,0.001,0.31545,0.19867
50,3162,1,0.05,0.3,0.5,0.001,0.28686,0.19322
51,3162,1,0.05,0.3,0.5,0.001,0.29232,0.16706
52,3162,1,0.05,0.3,0.5,0.001,0.30371,0.18423
53,3162,1,0.05,0.3,0.5,0.001,0.325,0.1865
54,3162,1,0.05,0.3,0.5,0.001,0.31042,0.19247
55,3162,1,0.05,0.3,0.5,0.001,0.29534,0.17814
56,3162,1,0.05,0.3,0.5,0.001,0.30093,0.18986
57,3162,1,0.05,0.3,0.5,0.001,0.29649,0.19811
58,3162,1,0.05,0.3,0.5,0.001,0.28887,0.17181
59,3162,1,0.05,0.3,0.5,0.001,0.29089,0.16443
60,3162,1,0.05,0.3,0.5,0.001,0.27942,0.17302
61,3162,1,0.05,0.3,0.5,0.001,0.29766,0.18689
0,3162,1,0.05,0.3,0.5,0.001,0.30465,0.18587
1,3162,1,0.05,0.3,0.5,0.001,0.28846,0.18023
2,3162,1,0.05,0.3,0.5,0.001,0.30064,0.17234
3,3162,1,0.05,0.3,0.5,0.001,0.30442,0.20373
4,3162,1,0.05,0.3,0.5,0.001,0.30844,0.19317
5,3162,1,0.05,0.3,0.5,0.001,0.29328,0.18674
6,3162,1,0.05,0.3,0.5,0.001,0.29638,0.18043
7,3162,1,0.05,0.3,0.5,0.001,0.28887,0.18172
8,3162,1,0.05,0.3,0.5,0.001,0.30174,0.20448
9,3162,1,0.05,0.3,0.5,0.001,0.28338,0.18117
10,3162,1,0.05,0.3,0.5,0.001,0.29821,0.19468
11,3162,1,0.05,0.3,0.5,0.001,0.28348,0.18945
12,3162,1,0.05,0.3,0.5,0.001,0.31349,0.18602
13,3162,1,0.05,0.3,0.5,0.001,0.28753,0.16341
14,3162,1,0.05,0.3,0.5,0.001,0.30093,0.18346
15,3162,1,0.05,0.3,0.5,0.001,0.31909,0.18163
16,3162,1,0.05,0.3,0.5,0.001,0.30857,0.20357
17,3162,1,0.05,0.3,0.5,0.001,0.31152,0.19586
18,3162,1,0.05,0.3,0.5,0.001,0.28649,0.18008
19,3162,1,0.05,0.3,0.5,0.001,0.31663,0.20846
20,3162,1,0.05,0.3,0.5,0.001,0.28555,0.18882
21,3162,1,0.05,0.3,0.5,0.001,0.28851,0.1685
22,3162,1,0.05,0.3,0.5,0.001,0.2912,0.18901
23,3162,1,0.05,0.3,0.5,0.001,0.3164,0.19408
24,3162,1,0.05,0.3,0.5,0.001,0.3062,0.18075
25,3162,1,0.05,0.3,0.5,0.001,0.26922,0.16854
26,3162,1,0.05,0.3,0.5,0.001,0.3074,0.20558
27,3162,1,0.05,0.3,0.5,0.001,0.3086,0.19053
28,3162,1,0.05,0.3,0.5,0.001,0.27636,0.17335
29,3162,1,0.05,0.3,0.5,0.001,0.31961,0.19574
30,3162,1,0.05,0.3,0.5,0.001,0.3219,0.19378
31,3162,1,0.05,0.3,0.5,0.001,0.30256,0.182
32,3162,1,0.05,0.3,0.5,0.001,0.29745,0.17481
33,3162,1,0.05,0.3,0.5,0.001,0.29075,0.17553
34,3162,1,0.05,0.3,0.5,0.001,0.27789,0.16625
35,3162,1,0.05,0.3,0.5,0.001,0.28979,0.18952
36,3162,1,0.05,0.3,0.5,0.001,0.28171,0.17646
37,3162,1,0.05,0.3,0.5,0.001,0.29468,0.1618
0,3162,1,0.2,0.3,0.5,0.001,0.20367,0.20376
1,3162,1,0.2,0.3,0.5,0.001,0.20837,0.20876
2,3162,1,0.2,0.3,0.5,0.001,0.21579,0.21521
3,3162,1,0.2,0.3,0.5,0.001,0.20348,0.20393
4,3162,1,0.2,0.3,0.5,0.001,0.21748,0.21751
5,3162,1,0.2,0.3,0.5,0.001,0.21523,0.21569
6,3162,1,0.2,0.3,0.5,0.001,0.21415,0.2141
7,3162,1,0.2,0.3,0.5,0.001,0.17391,0.17324
8,3162,1,0.2,0.3,0.5,0.001,0.19754,0.19834
9,3162,1,0.2,0.3,0.5,0.001,0.19579,0.19681
10,3162,1,0.2,0.3,0.5,0.001,0.19913,0.1989
11,3162,1,0.2,0.3,0.5,0.001,0.22779,0.22867
12,3162,1,0.2,0.3,0.5,0.001,0.21293,0.21291
13,3162,1,0.2,0.3,0.5,0.001,0.20079,0.20086
14,3162,1,0.2,0.3,0.5,0.001,0.19637,0.19611
15,3162,1,0.2,0.3,0.5,0.001,0.20492,0.20577
16,3162,1,0.2,0.3,0.5,0.001,0.22631,0.22615
17,3162,1,0.2,0.3,0.5,0.001,0.19291,0.19208
18,3162,1,0.2,0.3,0.5,0.001,0.21825,0.21667
19,3162,1,0.2,0.3,0.5,0.001,0.20136,0.20034
20,3162,1,0.2,0.3,0.5,0.001,0.20772,0.20757
21,3162,1,0.2,0.3,0.5,0.001,0.19877,0.19848
22,3162,1,0.2,0.3,0.5,0.001,0.21856,0.21962
23,3162,1,0.2,0.3,0.5,0.001,0.20735,0.20688
24,3162,1,0.2,0.3,0.5,0.001,0.19957,0.19919
25,3162,1,0.2,0.3,0.5,0.001,0.19791,0.19811
26,3162,1,0.2,0.3,0.5,0.001,0.21393,0.21377
27,3162,1,0.2,0.3,0.5,0.001,0.1867,0.18657
28,3162,1,0.2,0.3,0.5,0.001,0.2027,0.20188
29,3162,1,0.2,0.3,0.5,0.001,0.20098,0.19993
30,3162,1,0.2,0.3,0.5,0.001,0.19172,0.1907
31,3162,1,0.2,0.3,0.5,0.001,0.20461,0.20499
32,3162,1,0.2,0.3,0.5,0.001,0.19381,0.19401
33,3162,1,0.2,0.3,0.5,0.001,0.19098,0.19141
34,3162,1,0.2,0.3,0.5,0.001,0.20089,0.2
35,3162,1,0.2,0.3,0.5,0.001,0.20836,0.20749
36,3162,1,0.2,0.3,0.5,0.001,0.20206,0.20256
37,3162,1,0.2,0.3,0.5,0.001,0.21736,0.2179
38,3162,1,0.2,0.3,0.5,0.001,0.20254,0.20219
39,3162,1,0.2,0.3,0.5,0.001,0.21303,0.21262
40,3162,1,0.2,0.3,0.5,0.001,0.21551,0.21475
41,3162,1,0.2,0.3,0.5,0.001,0.20182,0.20132
42,3162,1,0.2,0.3,0.5,0.001,0.19673,0.19709
43,3162,1,0.2,0.3,0.5,0.001,0.19172,0.19046
44,3162,1,0.2,0.3,0.5,0.001,0.22279,0.22167
45,3162,1,0.2,0.3,0.5,0.001,0.22682,0.22604
46,3162,1,0.2,0.3,0.5,0.001,0.2234,0.22333
47,3162,1,0.2,0.3,0.5,0.001,0.20204,0.2003
48,3162,1,0.2,0.3,0.5,0.001,0.2178,0.21709
49,3162,1,0.2,0.3,0.5,0.001,0.21292,0.21278
50,3162,1,0.2,0.3,0.5,0.001,0.21462,0.21412
51,3162,1,0.2,0.3,0.5,0.001,0.21812,0.21753
52,3162,1,0.2,0.3,0.5,0.001,0.22271,0.22284
53,3162,1,0.2,0.3,0.5,0.001,0.21341,0.21335
54,3162,1,0.2,0.3,0.5,0.001,0.19822,0.19949
55,3162,1,0.2,0.3,0.5,0.001,0.19343,0.19233
56,3162,1,0.2,0.3,0.5,0.001,0.21782,0.2169
57,3162,1,0.2,0.3,0.5,0.001,0.18982,0.19071
58,3162,1,0.2,0.3,0.5,0.001,0.21244,0.2112
59,3162,1,0.2,0.3,0.5,0.001,0.21658,0.21701
60,3162,1,0.2,0.3,0.5,0.001,0.20827,0.20806
61,3162,1,0.2,0.3,0.5,0.001,0.19985,0.19929
0,3162,1,0.2,0.3,0.5,0.001,0.20555,0.20523
1,3162,1,0.2,0.3,0.5,0.001,0.21397,0.21405
2,3162,1,0.2,0.3,0.5,0.001,0.19672,0.19686
3,3162,1,0.2,0.3,0.5,0.001,0.19895,0.19868
4,3162,1,0.2,0.3,0.5,0.001,0.19988,0.20084
5,3162,1,0.2,0.3,0.5,0.001,0.19605,0.19643
6,3162,1,0.2,0.3,0.5,0.001,0.2094,0.20983
7,3162,1,0.2,0.3,0.5,0.001,0.22713,0.22746
8,3162,1,0.2,0.3,0.5,0.001,0.20704,0.20752
9,3162,1,0.2,0.3,0.5,0.001,0.21717,0.21823
10,3162,1,0.2,0.3,0.5,0.001,0.20569,0.20565
11,3162,1,0.2,0.3,0.5,0.001,0.21729,0.21756
12,3162,1,0.2,0.3,0.5,0.001,0.19686,0.19658
13,3162,1,0.2,0.3,0.5,0.001,0.21658,0.21577
14,3162,1,0.2,0.3,0.5,0.001,0.20076,0.20105
15,3162,1,0.2,0.3,0.5,0.001,0.20331,0.20274
16,3162,1,0.2,0.3,0.5,0.001,0.20626,0.20603
17,3162,1,0.2,0.3,0.5,0.001,0.20605,0.20647
18,3162,1,0.2,0.3,0.5,0.001,0.21126,0.21176
19,3162,1,0.2,0.3,0.5,0.001,0.20482,0.20578
20,3162,1,0.2,0.3,0.5,0.001,0.20405,0.20492
21,3162,1,0.2,0.3,0.5,0.001,0.20598,0.20641
22,3162,1,0.2,0.3,0.5,0.001,0.20749,0.20636
23,3162,1,0.2,0.3,0.5,0.001,0.20807,0.2085
24,3162,1,0.2,0.3,0.5,0.001,0.20551,0.20586
25,3162,1,0.2,0.3,0.5,0.001,0.21557,0.21483
26,3162,1,0.2,0.3,0.5,0.001,0.18963,0.18962
27,3162,1,0.2,0.3,0.5,0.001,0.19796,0.19735
28,3162,1,0.2,0.3,0.5,0.001,0.20728,0.20681
29,3162,1,0.2,0.3,0.5,0.001,0.20445,0.20493
30,3162,1,0.2,0.3,0.5,0.001,0.20123,0.20101
31,3162,1,0.2,0.3,0.5,0.001,0.20824,0.20811
32,3162,1,0.2,0.3,0.5,0.001,0.19896,0.19857
33,3162,1,0.2,0.3,0.5,0.001,0.18929,0.18947
34,3162,1,0.2,0.3,0.5,0.001,0.2025,0.20309
35,3162,1,0.2,0.3,0.5,0.001,0.19623,0.19589
36,3162,1,0.2,0.3,0.5,0.001,0.20579,0.20484
37,3162,1,0.2,0.3,0.5,0.001,0.2079,0.20849
