,N,dim,std,jump,jump_prob,ve,L2,L2_true
0,1,1,0.01,0.3,0.5,0.01,3.62106,0.7449
1,1,1,0.01,0.3,0.5,0.01,3.62106,0.7449
2,1,1,0.01,0.3,0.5,0.01,3.62106,0.7449
3,1,1,0.01,0.3,0.5,0.01,3.62106,0.7449
4,1,1,0.01,0.3,0.5,0.01,3.62106,0.7449
5,1,1,0.01,0.3,0.5,0.01,3.62106,0.7449
6,1,1,0.01,0.3,0.5,0.01,3.62106,0.7449
7,1,1,0.01,0.3,0.5,0.01,3.62106,0.7449
8,1,1,0.01,0.3,0.5,0.01,3.62106,0.7449
9,1,1,0.01,0.3,0.5,0.01,3.62106,0.7449
10,1,1,0.01,0.3,0.5,0.01,3.62106,0.7449
11,1,1,0.01,0.3,0.5,0.01,3.62106,0.7449
12,1,1,0.01,0.3,0.5,0.01,3.62106,0.7449
13,1,1,0.01,0.3,0.5,0.01,3.62106,0.7449
14,1,1,0.01,0.3,0.5,0.01,3.62106,0.7449
15,1,1,0.01,0.3,0.5,0.01,3.62106,0.7449
16,1,1,0.01,0.3,0.5,0.01,3.62106,0.7449
17,1,1,0.01,0.3,0.5,0.01,3.62106,0.7449
18,1,1,0.01,0.3,0.5,0.01,3.62106,0.7449
19,1,1,0.01,0.3,0.5,0.01,3.62106,0.7449
20,1,1,0.01,0.3,0.5,0.01,3.62106,0.7449
21,1,1,0.01,0.3,0.5,0.01,3.62106,0.7449
22,1,1,0.01,0.3,0.5,0.01,3.62106,0.7449
23,1,1,0.01,0.3,0.5,0.01,3.62106,0.7449
24,1,1,0.01,0.3,0.5,0.01,3.62106,0.7449
25,1,1,0.01,0.3,0.5,0.01,3.62106,0.7449
26,1,1,0.01,0.3,0.5,0.01,3.62106,0.7449
27,1,1,0.01,0.3,0.5,0.01,3.62106,0.7449
28,1,1,0.01,0.3,0.5,0.01,3.62106,0.7449
29,1,1,0.01,0.3,0.5,0.01,3.62106,0.7449
30,1,1,0.01,0.3,0.5,0.01,3.62106,0.7449
31,1,1,0.01,0.3,0.5,0.01,3.62106,0.7449
32,1,1,0.01,0.3,0.5,0.01,3.62106,0.7449
33,1,1,0.01,0.3,0.5,0.01,3.62106,0.7449
34,1,1,0.01,0.3,0.5,0.01,3.62106,0.7449
35,1,1,0.01,0.3,0.5,0.01,3.62106,0.7449
36,1,1,0.01,0.3,0.5,0.01,3.62106,0.7449
37,1,1,0.01,0.3,0.5,0.01,3.62106,0.7449
38,1,1,0.01,0.3,0.5,0.01,3.62106,0.7449
39,1,1,0.01,0.3,0.5,0.01,3.62106,0.7449
40,1,1,0.01,0.3,0.5,0.01,3.62106,0.7449
41,1,1,0.01,0.3,0.5,0.01,3.62106,0.7449
42,1,1,0.01,0.3,0.5,0.01,3.62106,0.7449
43,1,1,0.01,0.3,0.5,0.01,3.62106,0.7449
44,1,1,0.01,0.3,0.5,0.01,3.62106,0.7449
45,1,1,0.01,0.3,0.5,0.01,3.62106,0.7449
46,1,1,0.01,0.3,0.5,0.01,3.62106,0.7449
47,1,1,0.01,0.3,0.5,0.01,3.62106,0.7449
48,1,1,0.01,0.3,0.5,0.01,3.62106,0.7449
49,1,1,0.01,0.3,0.5,0.01,3.62106,0.7449
50,1,1,0.01,0.3,0.5,0.01,3.62106,0.7449
51,1,1,0.01,0.3,0.5,0.01,3.62106,0.7449
52,1,1,0.01,0.3,0.5,0.01,3.62106,0.7449
53,1,1,0.01,0.3,0.5,0.01,3.62106,0.7449
54,1,1,0.01,0.3,0.5,0.01,3.62106,0.7449
55,1,1,0.01,0.3,0.5,0.01,3.62106,0.7449
56,1,1,0.01,0.3,0.5,0.01,3.62106,0.7449
57,1,1,0.01,0.3,0.5,0.01,3.62106,0.7449
58,1,1,0.01,0.3,0.5,0.01,3.62106,0.7449
59,1,1,0.01,0.3,0.5,0.01,3.62106,0.7449
60,1,1,0.01,0.3,0.5,0.01,3.62106,0.7449
61,1,1,0.01,0.3,0.5,0.01,3.62106,0.7449
62,1,1,0.01,0.3,0.5,0.01,3.62106,0.7449
63,1,1,0.01,0.3,0.5,0.01,3.62106,0.7449
64,1,1,0.01,0.3,0.5,0.01,3.62106,0.7449
65,1,1,0.01,0.3,0.5,0.01,3.62106,0.7449
66,1,1,0.01,0.3,0.5,0.01,3.62106,0.7449
67,1,1,0.01,0.3,0.5,0.01,3.62106,0.7449
68,1,1,0.01,0.3,0.5,0.01,3.62106,0.7449
69,1,1,0.01,0.3,0.5,0.01,3.62106,0.7449
70,1,1,0.01,0.3,0.5,0.01,3.62106,0.7449
71,1,1,0.01,0.3,0.5,0.01,3.62106,0.7449
72,1,1,0.01,0.3,0.5,0.01,3.62106,0.7449
73,1,1,0.01,0.3,0.5,0.01,3.62106,0.7449
74,1,1,0.01,0.3,0.5,0.01,3.62106,0.7449
75,1,1,0.01,0.3,0.5,0.01,3.62106,0.7449
76,1,1,0.01,0.3,0.5,0.01,3.62106,0.7449
77,1,1,0.01,0.3,0.5,0.01,3.62106,0.7449
78,1,1,0.01,0.3,0.5,0.01,3.62106,0.7449
79,1,1,0.01,0.3,0.5,0.01,3.62106,0.7449
80,1,1,0.01,0.3,0.5,0.01,3.62106,0.7449
81,1,1,0.01,0.3,0.5,0.01,3.62106,0.7449
82,1,1,0.01,0.3,0.5,0.01,3.62106,0.7449
83,1,1,0.01,0.3,0.5,0.01,3.62106,0.7449
84,1,1,0.01,0.3,0.5,0.01,3.62106,0.7449
85,1,1,0.01,0.3,0.5,0.01,3.62106,0.7449
86,1,1,0.01,0.3,0.5,0.01,3.62106,0.7449
87,1,1,0.01,0.3,0.5,0.01,3.62106,0.7449
88,1,1,0.01,0.3,0.5,0.01,3.62106,0.7449
89,1,1,0.01,0.3,0.5,0.01,3.62106,0.7449
90,1,1,0.01,0.3,0.5,0.01,3.62106,0.7449
91,1,1,0.01,0.3,0.5,0.01,3.62106,0.7449
92,1,1,0.01,0.3,0.5,0.01,3.62106,0.7449
93,1,1,0.01,0.3,0.5,0.01,3.62106,0.7449
94,1,1,0.01,0.3,0.5,0.01,3.62106,0.7449
95,1,1,0.01,0.3,0.5,0.01,3.62106,0.7449
96,1,1,0.01,0.3,0.5,0.01,3.62106,0.7449
97,1,1,0.01,0.3,0.5,0.01,3.62106,0.7449
98,1,1,0.01,0.3,0.5,0.01,3.62106,0.7449
99,1,1,0.01,0.3,0.5,0.01,3.62106,0.7449
0,1,1,0.01,0.3,0.5,0.0025,3.62106,1.32939
1,1,1,0.01,0.3,0.5,0.0025,3.62106,1.32939
2,1,1,0.01,0.3,0.5,0.0025,3.62106,1.32939
3,1,1,0.01,0.3,0.5,0.0025,3.62106,1.32939
4,1,1,0.01,0.3,0.5,0.0025,3.62106,1.32939
5,1,1,0.01,0.3,0.5,0.0025,3.62106,1.32939
6,1,1,0.01,0.3,0.5,0.0025,3.62106,1.32939
7,1,1,0.01,0.3,0.5,0.0025,3.62106,1.32939
8,1,1,0.01,0.3,0.5,0.0025,3.62106,1.32939
9,1,1,0.01,0.3,0.5,0.0025,3.62106,1.32939
10,1,1,0.01,0.3,0.5,0.0025,3.62106,1.32939
11,1,1,0.01,0.3,0.5,0.0025,3.62106,1.32939
12,1,1,0.01,0.3,0.5,0.0025,3.62106,1.32939
13,1,1,0.01,0.3,0.5,0.0025,3.62106,1.32939
14,1,1,0.01,0.3,0.5,0.0025,3.62106,1.32939
15,1,1,0.01,0.3,0.5,0.0025,3.62106,1.32939
16,1,1,0.01,0.3,0.5,0.0025,3.62106,1.32939
17,1,1,0.01,0.3,0.5,0.0025,3.62106,1.32939
18,1,1,0.01,0.3,0.5,0.0025,3.62106,1.32939
19,1,1,0.01,0.3,0.5,0.0025,3.62106,1.32939
20,1,1,0.01,0.3,0.5,0.0025,3.62106,1.32939
21,1,1,0.01,0.3,0.5,0.0025,3.62106,1.32939
22,1,1,0.01,0.3,0.5,0.0025,3.62106,1.32939
23,1,1,0.01,0.3,0.5,0.0025,3.62106,1.32939
24,1,1,0.01,0.3,0.5,0.0025,3.62106,1.32939
25,1,1,0.01,0.3,0.5,0.0025,3.62106,1.32939
26,1,1,0.01,0.3,0.5,0.0025,3.62106,1.32939
27,1,1,0.01,0.3,0.5,0.0025,3.62106,1.32939
28,1,1,0.01,0.3,0.5,0.0025,3.62106,1.32939
29,1,1,0.01,0.3,0.5,0.0025,3.62106,1.32939
30,1,1,0.01,0.3,0.5,0.0025,3.62106,1.32939
31,1,1,0.01,0.3,0.5,0.0025,3.62106,1.32939
32,1,1,0.01,0.3,0.5,0.0025,3.62106,1.32939
33,1,1,0.01,0.3,0.5,0.0025,3.62106,1.32939
34,1,1,0.01,0.3,0.5,0.0025,3.62106,1.32939
35,1,1,0.01,0.3,0.5,0.0025,3.62106,1.32939
36,1,1,0.01,0.3,0.5,0.0025,3.62106,1.32939
37,1,1,0.01,0.3,0.5,0.0025,3.62106,1.32939
38,1,1,0.01,0.3,0.5,0.0025,3.62106,1.32939
39,1,1,0.01,0.3,0.5,0.0025,3.62106,1.32939
40,1,1,0.01,0.3,0.5,0.0025,3.62106,1.32939
41,1,1,0.01,0.3,0.5,0.0025,3.62106,1.32939
42,1,1,0.01,0.3,0.5,0.0025,3.62106,1.32939
43,1,1,0.01,0.3,0.5,0.0025,3.62106,1.32939
44,1,1,0.01,0.3,0.5,0.0025,3.62106,1.32939
45,1,1,0.01,0.3,0.5,0.0025,3.62106,1.32939
46,1,1,0.01,0.3,0.5,0.0025,3.62106,1.32939
47,1,1,0.01,0.3,0.5,0.0025,3.62106,1.32939
48,1,1,0.01,0.3,0.5,0.0025,3.62106,1.32939
49,1,1,0.01,0.3,0.5,0.0025,3.62106,1.32939
50,1,1,0.01,0.3,0.5,0.0025,3.62106,1.32939
51,1,1,0.01,0.3,0.5,0.0025,3.62106,1.32939
52,1,1,0.01,0.3,0.5,0.0025,3.62106,1.32939
53,1,1,0.01,0.3,0.5,0.0025,3.62106,1.32939
54,1,1,0.01,0.3,0.5,0.0025,3.62106,1.32939
55,1,1,0.01,0.3,0.5,0.0025,3.62106,1.32939
56,1,1,0.01,0.3,0.5,0.0025,3.62106,1.32939
57,1,1,0.01,0.3,0.5,0.0025,3.62106,1.32939
58,1,1,0.01,0.3,0.5,0.0025,3.62106,1.32939
59,1,1,0.01,0.3,0.5,0.0025,3.62106,1.32939
60,1,1,0.01,0.3,0.5,0.0025,3.62106,1.32939
61,1,1,0.01,0.3,0.5,0.0025,3.62106,1.32939
62,1,1,0.01,0.3,0.5,0.0025,3.62106,1.32939
63,1,1,0.01,0.3,0.5,0.0025,3.62106,1.32939
64,1,1,0.01,0.3,0.5,0.0025,3.62106,1.32939
65,1,1,0.01,0.3,0.5,0.0025,3.62106,1.32939
66,1,1,0.01,0.3,0.5,0.0025,3.62106,1.32939
67,1,1,0.01,0.3,0.5,0.0025,3.62106,1.32939
68,1,1,0.01,0.3,0.5,0.0025,3.62106,1.32939
69,1,1,0.01,0.3,0.5,0.0025,3.62106,1.32939
70,1,1,0.01,0.3,0.5,0.0025,3.62106,1.32939
71,1,1,0.01,0.3,0.5,0.0025,3.62106,1.32939
72,1,1,0.01,0.3,0.5,0.0025,3.62106,1.32939
73,1,1,0.01,0.3,0.5,0.0025,3.62106,1.32939
74,1,1,0.01,0.3,0.5,0.0025,3.62106,1.32939
75,1,1,0.01,0.3,0.5,0.0025,3.62106,1.32939
76,1,1,0.01,0.3,0.5,0.0025,3.62106,1.32939
77,1,1,0.01,0.3,0.5,0.0025,3.62106,1.32939
78,1,1,0.01,0.3,0.5,0.0025,3.62106,1.32939
79,1,1,0.01,0.3,0.5,0.0025,3.62106,1.32939
80,1,1,0.01,0.3,0.5,0.0025,3.62106,1.32939
81,1,1,0.01,0.3,0.5,0.0025,3.62106,1.32939
82,1,1,0.01,0.3,0.5,0.0025,3.62106,1.32939
83,1,1,0.01,0.3,0.5,0.0025,3.62106,1.32939
84,1,1,0.01,0.3,0.5,0.0025,3.62106,1.32939
85,1,1,0.01,0.3,0.5,0.0025,3.62106,1.32939
86,1,1,0.01,0.3,0.5,0.0025,3.62106,1.32939
87,1,1,0.01,0.3,0.5,0.0025,3.62106,1.32939
88,1,1,0.01,0.3,0.5,0.0025,3.62106,1.32939
89,1,1,0.01,0.3,0.5,0.0025,3.62106,1.32939
90,1,1,0.01,0.3,0.5,0.0025,3.62106,1.32939
91,1,1,0.01,0.3,0.5,0.0025,3.62106,1.32939
92,1,1,0.01,0.3,0.5,0.0025,3.62106,1.32939
93,1,1,0.01,0.3,0.5,0.0025,3.62106,1.32939
94,1,1,0.01,0.3,0.5,0.0025,3.62106,1.32939
95,1,1,0.01,0.3,0.5,0.0025,3.62106,1.32939
96,1,1,0.01,0.3,0.5,0.0025,3.62106,1.32939
97,1,1,0.01,0.3,0.5,0.0025,3.62106,1.32939
98,1,1,0.01,0.3,0.5,0.0025,3.62106,1.32939
99,1,1,0.01,0.3,0.5,0.0025,3.62106,1.32939
0,1,1,0.01,0.3,0.5,0.001,3.62106,1.80388
1,1,1,0.01,0.3,0.5,0.001,3.62106,1.80388
2,1,1,0.01,0.3,0.5,0.001,3.62106,1.80388
3,1,1,0.01,0.3,0.5,0.001,3.62106,1.80388
4,1,1,0.01,0.3,0.5,0.001,3.62106,1.80388
5,1,1,0.01,0.3,0.5,0.001,3.62106,1.80388
6,1,1,0.01,0.3,0.5,0.001,3.62106,1.80388
7,1,1,0.01,0.3,0.5,0.001,3.62106,1.80388
8,1,1,0.01,0.3,0.5,0.001,3.62106,1.80388
9,1,1,0.01,0.3,0.5,0.001,3.62106,1.80388
10,1,1,0.01,0.3,0.5,0.001,3.62106,1.80388
11,1,1,0.01,0.3,0.5,0.001,3.62106,1.80388
12,1,1,0.01,0.3,0.5,0.001,3.62106,1.80388
13,1,1,0.01,0.3,0.5,0.001,3.62106,1.80388
14,1,1,0.01,0.3,0.5,0.001,3.62106,1.80388
15,1,1,0.01,0.3,0.5,0.001,3.62106,1.80388
16,1,1,0.01,0.3,0.5,0.001,3.62106,1.80388
17,1,1,0.01,0.3,0.5,0.001,3.62106,1.80388
18,1,1,0.01,0.3,0.5,0.001,3.62106,1.80388
19,1,1,0.01,0.3,0.5,0.001,3.62106,1.80388
20,1,1,0.01,0.3,0.5,0.001,3.62106,1.80388
21,1,1,0.01,0.3,0.5,0.001,3.62106,1.80388
22,1,1,0.01,0.3,0.5,0.001,3.62106,1.80388
23,1,1,0.01,0.3,0.5,0.001,3.62106,1.80388
24,1,1,0.01,0.3,0.5,0.001,3.62106,1.80388
25,1,1,0.01,0.3,0.5,0.001,3.62106,1.80388
26,1,1,0.01,0.3,0.5,0.001,3.62106,1.80388
27,1,1,0.01,0.3,0.5,0.001,3.62106,1.80388
28,1,1,0.01,0.3,0.5,0.001,3.62106,1.80388
29,1,1,0.01,0.3,0.5,0.001,3.62106,1.80388
30,1,1,0.01,0.3,0.5,0.001,3.62106,1.80388
31,1,1,0.01,0.3,0.5,0.001,3.62106,1.80388
32,1,1,0.01,0.3,0.5,0.001,3.62106,1.80388
33,1,1,0.01,0.3,0.5,0.001,3.62106,1.80388
34,1,1,0.01,0.3,0.5,0.001,3.62106,1.80388
35,1,1,0.01,0.3,0.5,0.001,3.62106,1.80388
36,1,1,0.01,0.3,0.5,0.001,3.62106,1.80388
37,1,1,0.01,0.3,0.5,0.001,3.62106,1.80388
38,1,1,0.01,0.3,0.5,0.001,3.62106,1.80388
39,1,1,0.01,0.3,0.5,0.001,3.62106,1.80388
40,1,1,0.01,0.3,0.5,0.001,3.62106,1.80388
41,1,1,0.01,0.3,0.5,0.001,3.62106,1.80388
42,1,1,0.01,0.3,0.5,0.001,3.62106,1.80388
43,1,1,0.01,0.3,0.5,0.001,3.62106,1.80388
44,1,1,0.01,0.3,0.5,0.001,3.62106,1.80388
45,1,1,0.01,0.3,0.5,0.001,3.62106,1.80388
46,1,1,0.01,0.3,0.5,0.001,3.62106,1.80388
47,1,1,0.01,0.3,0.5,0.001,3.62106,1.80388
48,1,1,0.01,0.3,0.5,0.001,3.62106,1.80388
49,1,1,0.01,0.3,0.5,0.001,3.62106,1.80388
50,1,1,0.01,0.3,0.5,0.001,3.62106,1.80388
51,1,1,0.01,0.3,0.5,0.001,3.62106,1.80388
52,1,1,0.01,0.3,0.5,0.001,3.62106,1.80388
53,1,1,0.01,0.3,0.5,0.001,3.62106,1.80388
54,1,1,0.01,0.3,0.5,0.001,3.62106,1.80388
55,1,1,0.01,0.3,0.5,0.001,3.62106,1.80388
56,1,1,0.01,0.3,0.5,0.001,3.62106,1.80388
57,1,1,0.01,0.3,0.5,0.001,3.62106,1.80388
58,1,1,0.01,0.3,0.5,0.001,3.62106,1.80388
59,1,1,0.01,0.3,0.5,0.001,3.62106,1.80388
60,1,1,0.01,0.3,0.5,0.001,3.62106,1.80388
61,1,1,0.01,0.3,0.5,0.001,3.62106,1.80388
62,1,1,0.01,0.3,0.5,0.001,3.62106,1.80388
63,1,1,0.01,0.3,0.5,0.001,3.62106,1.80388
64,1,1,0.01,0.3,0.5,0.001,3.62106,1.80388
65,1,1,0.01,0.3,0.5,0.001,3.62106,1.80388
66,1,1,0.01,0.3,0.5,0.001,3.62106,1.80388
67,1,1,0.01,0.3,0.5,0.001,3.62106,1.80388
68,1,1,0.01,0.3,0.5,0.001,3.62106,1.80388
69,1,1,0.01,0.3,0.5,0.001,3.62106,1.80388
70,1,1,0.01,0.3,0.5,0.001,3.62106,1.80388
71,1,1,0.01,0.3,0.5,0.001,3.62106,1.80388
72,1,1,0.01,0.3,0.5,0.001,3.62106,1.80388
73,1,1,0.01,0.3,0.5,0.001,3.62106,1.80388
74,1,1,0.01,0.3,0.5,0.001,3.62106,1.80388
75,1,1,0.01,0.3,0.5,0.001,3.62106,1.80388
76,1,1,0.01,0.3,0.5,0.001,3.62106,1.80388
77,1,1,0.01,0.3,0.5,0.001,3.62106,1.80388
78,1,1,0.01,0.3,0.5,0.001,3.62106,1.80388
79,1,1,0.01,0.3,0.5,0.001,3.62106,1.80388
80,1,1,0.01,0.3,0.5,0.001,3.62106,1.80388
81,1,1,0.01,0.3,0.5,0.001,3.62106,1.80388
82,1,1,0.01,0.3,0.5,0.001,3.62106,1.80388
83,1,1,0.01,0.3,0.5,0.001,3.62106,1.80388
84,1,1,0.01,0.3,0.5,0.001,3.62106,1.80388
85,1,1,0.01,0.3,0.5,0.001,3.62106,1.80388
86,1,1,0.01,0.3,0.5,0.001,3.62106,1.80388
87,1,1,0.01,0.3,0.5,0.001,3.62106,1.80388
88,1,1,0.01,0.3,0.5,0.001,3.62106,1.80388
89,1,1,0.01,0.3,0.5,0.001,3.62106,1.80388
90,1,1,0.01,0.3,0.5,0.001,3.62106,1.80388
91,1,1,0.01,0.3,0.5,0.001,3.62106,1.80388
92,1,1,0.01,0.3,0.5,0.001,3.62106,1.80388
93,1,1,0.01,0.3,0.5,0.001,3.62106,1.80388
94,1,1,0.01,0.3,0.5,0.001,3.62106,1.80388
95,1,1,0.01,0.3,0.5,0.001,3.62106,1.80388
96,1,1,0.01,0.3,0.5,0.001,3.62106,1.80388
97,1,1,0.01,0.3,0.5,0.001,3.62106,1.80388
98,1,1,0.01,0.3,0.5,0.001,3.62106,1.80388
99,1,1,0.01,0.3,0.5,0.001,3.62106,1.80388
0,2,1,0.01,0.3,0.5,0.01,3.626,0.88615
1,2,1,0.01,0.3,0.5,0.01,3.64088,0.96662
2,2,1,0.01,0.3,0.5,0.01,3.62263,0.7969
3,2,1,0.01,0.3,0.5,0.01,3.59917,0.66894
4,2,1,0.01,0.3,0.5,0.01,3.63789,0.95298
5,2,1,0.01,0.3,0.5,0.01,3.63505,0.94154
6,2,1,0.01,0.3,0.5,0.01,3.62373,0.80127
7,2,1,0.01,0.3,0.5,0.01,3.62308,0.79929
8,2,1,0.01,0.3,0.5,0.01,3.64408,0.97564
9,2,1,0.01,0.3,0.5,0.01,3.62154,0.78944
10,2,1,0.01,0.3,0.5,0.01,3.60275,0.70921
11,2,1,0.01,0.3,0.5,0.01,3.63161,0.93268
12,2,1,0.01,0.3,0.5,0.01,3.62106,0.7476
13,2,1,0.01,0.3,0.5,0.01,3.7032,1.06441
14,2,1,0.01,0.3,0.5,0.01,3.64207,0.97102
15,2,1,0.01,0.3,0.5,0.01,3.61775,0.83083
16,2,1,0.01,0.3,0.5,0.01,3.62367,0.80073
17,2,1,0.01,0.3,0.5,0.01,3.64002,0.96418
18,2,1,0.01,0.3,0.5,0.01,3.60475,0.71688
19,2,1,0.01,0.3,0.5,0.01,3.6369,0.95404
20,2,1,0.01,0.3,0.5,0.01,3.64254,0.9664
21,2,1,0.01,0.3,0.5,0.01,3.63454,0.94217
22,2,1,0.01,0.3,0.5,0.01,3.63819,0.95709
23,2,1,0.01,0.3,0.5,0.01,3.60883,0.71693
24,2,1,0.01,0.3,0.5,0.01,3.63526,0.93105
25,2,1,0.01,0.3,0.5,0.01,3.62444,0.8017
26,2,1,0.01,0.3,0.5,0.01,3.8185,1.39649
27,2,1,0.01,0.3,0.5,0.01,3.63188,0.92039
28,2,1,0.01,0.3,0.5,0.01,3.60772,0.73861
29,2,1,0.01,0.3,0.5,0.01,3.60141,0.69639
30,2,1,0.01,0.3,0.5,0.01,3.59841,0.66285
31,2,1,0.01,0.3,0.5,0.01,3.82471,1.41411
32,2,1,0.01,0.3,0.5,0.01,3.63088,0.9192
33,2,1,0.01,0.3,0.5,0.01,3.63298,0.93942
34,2,1,0.01,0.3,0.5,0.01,3.63474,0.94134
35,2,1,0.01,0.3,0.5,0.01,3.63848,0.96251
36,2,1,0.01,0.3,0.5,0.01,3.62726,0.89538
37,2,1,0.01,0.3,0.5,0.01,3.62262,0.79599
38,2,1,0.01,0.3,0.5,0.01,3.63904,0.94561
39,2,1,0.01,0.3,0.5,0.01,3.60546,0.75452
40,2,1,0.01,0.3,0.5,0.01,3.62282,0.79824
41,2,1,0.01,0.3,0.5,0.01,3.63587,0.94202
42,2,1,0.01,0.3,0.5,0.01,3.73326,1.15972
43,2,1,0.01,0.3,0.5,0.01,3.72002,1.11833
44,2,1,0.01,0.3,0.5,0.01,3.80779,1.36803
45,2,1,0.01,0.3,0.5,0.01,3.63698,0.95223
46,2,1,0.01,0.3,0.5,0.01,3.63643,0.95242
47,2,1,0.01,0.3,0.5,0.01,3.8226,1.41084
48,2,1,0.01,0.3,0.5,0.01,3.63798,0.95885
49,2,1,0.01,0.3,0.5,0.01,3.69731,1.04386
50,2,1,0.01,0.3,0.5,0.01,3.63488,0.94781
51,2,1,0.01,0.3,0.5,0.01,3.64058,0.94865
52,2,1,0.01,0.3,0.5,0.01,3.81999,1.40138
53,2,1,0.01,0.3,0.5,0.01,3.63559,0.91935
54,2,1,0.01,0.3,0.5,0.01,3.64072,0.9522
55,2,1,0.01,0.3,0.5,0.01,3.63543,0.94884
56,2,1,0.01,0.3,0.5,0.01,3.60793,0.71537
57,2,1,0.01,0.3,0.5,0.01,3.61794,0.83756
58,2,1,0.01,0.3,0.5,0.01,3.64117,0.96922
59,2,1,0.01,0.3,0.5,0.01,3.63888,0.96099
60,2,1,0.01,0.3,0.5,0.01,3.66435,0.92769
61,2,1,0.01,0.3,0.5,0.01,3.62302,0.79828
62,2,1,0.01,0.3,0.5,0.01,3.62411,0.79935
63,2,1,0.01,0.3,0.5,0.01,3.61107,0.78703
64,2,1,0.01,0.3,0.5,0.01,3.62122,0.79079
65,2,1,0.01,0.3,0.5,0.01,3.63574,0.94961
66,2,1,0.01,0.3,0.5,0.01,3.6935,1.03295
67,2,1,0.01,0.3,0.5,0.01,3.61037,0.74993
68,2,1,0.01,0.3,0.5,0.01,3.63578,0.94769
69,2,1,0.01,0.3,0.5,0.01,3.82209,1.40818
70,2,1,0.01,0.3,0.5,0.01,3.60641,0.74609
71,2,1,0.01,0.3,0.5,0.01,3.61497,0.76843
72,2,1,0.01,0.3,0.5,0.01,3.60141,0.69209
73,2,1,0.01,0.3,0.5,0.01,3.63043,0.90203
74,2,1,0.01,0.3,0.5,0.01,3.81577,1.39013
75,2,1,0.01,0.3,0.5,0.01,3.60781,0.73668
76,2,1,0.01,0.3,0.5,0.01,3.63823,0.96071
77,2,1,0.01,0.3,0.5,0.01,3.63166,0.92425
78,2,1,0.01,0.3,0.5,0.01,3.64801,0.98854
79,2,1,0.01,0.3,0.5,0.01,3.81548,1.38686
80,2,1,0.01,0.3,0.5,0.01,3.60743,0.68668
81,2,1,0.01,0.3,0.5,0.01,3.63078,0.91961
82,2,1,0.01,0.3,0.5,0.01,3.61839,0.78026
83,2,1,0.01,0.3,0.5,0.01,3.63174,0.91967
84,2,1,0.01,0.3,0.5,0.01,3.63384,0.9419
85,2,1,0.01,0.3,0.5,0.01,3.61637,0.72782
86,2,1,0.01,0.3,0.5,0.01,3.62054,0.74614
87,2,1,0.01,0.3,0.5,0.01,3.6243,0.80144
88,2,1,0.01,0.3,0.5,0.01,3.64214,0.97141
89,2,1,0.01,0.3,0.5,0.01,3.63139,0.92182
90,2,1,0.01,0.3,0.5,0.01,3.63593,0.93101
91,2,1,0.01,0.3,0.5,0.01,3.7592,1.23417
92,2,1,0.01,0.3,0.5,0.01,3.63888,0.96314
93,2,1,0.01,0.3,0.5,0.01,3.62253,0.79423
94,2,1,0.01,0.3,0.5,0.01,3.60016,0.65606
95,2,1,0.01,0.3,0.5,0.01,3.60745,0.74035
96,2,1,0.01,0.3,0.5,0.01,3.81637,1.39011
97,2,1,0.01,0.3,0.5,0.01,3.6255,0.80376
98,2,1,0.01,0.3,0.5,0.01,3.60139,0.69903
99,2,1,0.01,0.3,0.5,0.01,3.63862,0.94874
0,2,1,0.01,0.3,0.5,0.0025,3.64176,1.42582
1,2,1,0.01,0.3,0.5,0.0025,3.65102,1.45453
2,2,1,0.01,0.3,0.5,0.0025,3.64064,1.38526
3,2,1,0.01,0.3,0.5,0.0025,3.62052,1.33441
4,2,1,0.01,0.3,0.5,0.0025,3.64814,1.44711
5,2,1,0.01,0.3,0.5,0.0025,3.6456,1.44048
6,2,1,0.01,0.3,0.5,0.0025,3.64067,1.38498
7,2,1,0.01,0.3,0.5,0.0025,3.64042,1.38456
8,2,1,0.01,0.3,0.5,0.0025,3.65442,1.45924
9,2,1,0.01,0.3,0.5,0.0025,3.64172,1.3858
10,2,1,0.01,0.3,0.5,0.0025,3.63039,1.35884
11,2,1,0.01,0.3,0.5,0.0025,3.64248,1.42902
12,2,1,0.01,0.3,0.5,0.0025,3.62993,1.35166
13,2,1,0.01,0.3,0.5,0.0025,3.82208,1.80557
14,2,1,0.01,0.3,0.5,0.0025,3.65166,1.4551
15,2,1,0.01,0.3,0.5,0.0025,3.64,1.41836
16,2,1,0.01,0.3,0.5,0.0025,3.64069,1.38516
17,2,1,0.01,0.3,0.5,0.0025,3.64978,1.45101
18,2,1,0.01,0.3,0.5,0.0025,3.63265,1.36328
19,2,1,0.01,0.3,0.5,0.0025,3.64596,1.44162
20,2,1,0.01,0.3,0.5,0.0025,3.65336,1.45785
21,2,1,0.01,0.3,0.5,0.0025,3.64484,1.43441
22,2,1,0.01,0.3,0.5,0.0025,3.64799,1.44723
23,2,1,0.01,0.3,0.5,0.0025,3.61103,1.32862
24,2,1,0.01,0.3,0.5,0.0025,3.64794,1.44402
25,2,1,0.01,0.3,0.5,0.0025,3.64197,1.38792
26,2,1,0.01,0.3,0.5,0.0025,3.85062,1.86727
27,2,1,0.01,0.3,0.5,0.0025,3.64478,1.43747
28,2,1,0.01,0.3,0.5,0.0025,3.63534,1.37119
29,2,1,0.01,0.3,0.5,0.0025,3.62768,1.35167
30,2,1,0.01,0.3,0.5,0.0025,3.61842,1.3295
31,2,1,0.01,0.3,0.5,0.0025,3.85212,1.8705
32,2,1,0.01,0.3,0.5,0.0025,3.64307,1.43322
33,2,1,0.01,0.3,0.5,0.0025,3.64293,1.43174
34,2,1,0.01,0.3,0.5,0.0025,3.64505,1.43885
35,2,1,0.01,0.3,0.5,0.0025,3.64774,1.44729
36,2,1,0.01,0.3,0.5,0.0025,3.64188,1.42872
37,2,1,0.01,0.3,0.5,0.0025,3.64172,1.38654
38,2,1,0.01,0.3,0.5,0.0025,3.65223,1.45375
39,2,1,0.01,0.3,0.5,0.0025,3.63228,1.39286
40,2,1,0.01,0.3,0.5,0.0025,3.64034,1.38441
41,2,1,0.01,0.3,0.5,0.0025,3.64731,1.44524
42,2,1,0.01,0.3,0.5,0.0025,3.83322,1.83064
43,2,1,0.01,0.3,0.5,0.0025,3.82926,1.82105
44,2,1,0.01,0.3,0.5,0.0025,3.84735,1.86175
45,2,1,0.01,0.3,0.5,0.0025,3.64654,1.44235
46,2,1,0.01,0.3,0.5,0.0025,3.64582,1.44218
47,2,1,0.01,0.3,0.5,0.0025,3.85016,1.86797
48,2,1,0.01,0.3,0.5,0.0025,3.64745,1.4472
49,2,1,0.01,0.3,0.5,0.0025,3.81936,1.79865
50,2,1,0.01,0.3,0.5,0.0025,3.64434,1.43697
51,2,1,0.01,0.3,0.5,0.0025,3.65418,1.45663
52,2,1,0.01,0.3,0.5,0.0025,3.85061,1.86787
53,2,1,0.01,0.3,0.5,0.0025,3.65177,1.44976
54,2,1,0.01,0.3,0.5,0.0025,3.6532,1.45581
55,2,1,0.01,0.3,0.5,0.0025,3.64523,1.43981
56,2,1,0.01,0.3,0.5,0.0025,3.61469,1.33849
57,2,1,0.01,0.3,0.5,0.0025,3.63782,1.41181
58,2,1,0.01,0.3,0.5,0.0025,3.65083,1.45315
59,2,1,0.01,0.3,0.5,0.0025,3.64814,1.4478
60,2,1,0.01,0.3,0.5,0.0025,3.78477,1.7245
61,2,1,0.01,0.3,0.5,0.0025,3.64081,1.38555
62,2,1,0.01,0.3,0.5,0.0025,3.64227,1.3881
63,2,1,0.01,0.3,0.5,0.0025,3.63804,1.41024
64,2,1,0.01,0.3,0.5,0.0025,3.6412,1.38598
65,2,1,0.01,0.3,0.5,0.0025,3.64515,1.43935
66,2,1,0.01,0.3,0.5,0.0025,3.81615,1.79289
67,2,1,0.01,0.3,0.5,0.0025,3.63743,1.37568
68,2,1,0.01,0.3,0.5,0.0025,3.64586,1.44105
69,2,1,0.01,0.3,0.5,0.0025,3.85041,1.86743
70,2,1,0.01,0.3,0.5,0.0025,3.6371,1.40254
71,2,1,0.01,0.3,0.5,0.0025,3.63936,1.38103
72,2,1,0.01,0.3,0.5,0.0025,3.62698,1.35034
73,2,1,0.01,0.3,0.5,0.0025,3.6462,1.43867
74,2,1,0.01,0.3,0.5,0.0025,3.84873,1.8642
75,2,1,0.01,0.3,0.5,0.0025,3.63588,1.3711
76,2,1,0.01,0.3,0.5,0.0025,3.64728,1.44632
77,2,1,0.01,0.3,0.5,0.0025,3.64329,1.43169
78,2,1,0.01,0.3,0.5,0.0025,3.65957,1.46963
79,2,1,0.01,0.3,0.5,0.0025,3.85041,1.86682
80,2,1,0.01,0.3,0.5,0.0025,3.60163,1.2799
81,2,1,0.01,0.3,0.5,0.0025,3.64271,1.4305
82,2,1,0.01,0.3,0.5,0.0025,3.64009,1.38294
83,2,1,0.01,0.3,0.5,0.0025,3.64467,1.43674
84,2,1,0.01,0.3,0.5,0.0025,3.6441,1.43602
85,2,1,0.01,0.3,0.5,0.0025,3.60799,1.29601
86,2,1,0.01,0.3,0.5,0.0025,3.62404,1.33814
87,2,1,0.01,0.3,0.5,0.0025,3.64193,1.38752
88,2,1,0.01,0.3,0.5,0.0025,3.65242,1.45682
89,2,1,0.01,0.3,0.5,0.0025,3.64377,1.43497
90,2,1,0.01,0.3,0.5,0.0025,3.64954,1.44765
91,2,1,0.01,0.3,0.5,0.0025,3.83976,1.84412
92,2,1,0.01,0.3,0.5,0.0025,3.64815,1.44905
93,2,1,0.01,0.3,0.5,0.0025,3.64168,1.3863
94,2,1,0.01,0.3,0.5,0.0025,3.61128,1.30993
95,2,1,0.01,0.3,0.5,0.0025,3.63497,1.36996
96,2,1,0.01,0.3,0.5,0.0025,3.85069,1.86772
97,2,1,0.01,0.3,0.5,0.0025,3.6427,1.38873
98,2,1,0.01,0.3,0.5,0.0025,3.62807,1.35292
99,2,1,0.01,0.3,0.5,0.0025,3.65047,1.45064
0,2,1,0.01,0.3,0.5,0.001,3.64615,1.87265
1,2,1,0.01,0.3,0.5,0.001,3.65396,1.88971
2,2,1,0.01,0.3,0.5,0.001,3.64442,1.85254
3,2,1,0.01,0.3,0.5,0.001,3.63521,1.83407
4,2,1,0.01,0.3,0.5,0.001,3.65104,1.88428
5,2,1,0.01,0.3,0.5,0.001,3.64855,1.87937
6,2,1,0.01,0.3,0.5,0.001,3.6442,1.85169
7,2,1,0.01,0.3,0.5,0.001,3.64406,1.85149
8,2,1,0.01,0.3,0.5,0.001,3.65737,1.89356
9,2,1,0.01,0.3,0.5,0.001,3.64594,1.85425
10,2,1,0.01,0.3,0.5,0.001,3.64047,1.84471
11,2,1,0.01,0.3,0.5,0.001,3.64551,1.87027
12,2,1,0.01,0.3,0.5,0.001,3.65412,1.86671
13,2,1,0.01,0.3,0.5,0.001,3.8464,2.22356
14,2,1,0.01,0.3,0.5,0.001,3.65441,1.8899
15,2,1,0.01,0.3,0.5,0.001,3.64603,1.87238
16,2,1,0.01,0.3,0.5,0.001,3.64427,1.85202
17,2,1,0.01,0.3,0.5,0.001,3.65258,1.88656
18,2,1,0.01,0.3,0.5,0.001,3.642,1.84713
19,2,1,0.01,0.3,0.5,0.001,3.6485,1.87901
20,2,1,0.01,0.3,0.5,0.001,3.65644,1.89304
21,2,1,0.01,0.3,0.5,0.001,3.64773,1.8743
22,2,1,0.01,0.3,0.5,0.001,3.65074,1.88382
23,2,1,0.01,0.3,0.5,0.001,3.63245,1.8401
24,2,1,0.01,0.3,0.5,0.001,3.6515,1.88417
25,2,1,0.01,0.3,0.5,0.001,3.64561,1.85449
26,2,1,0.01,0.3,0.5,0.001,3.85695,2.24107
27,2,1,0.01,0.3,0.5,0.001,3.64835,1.87932
28,2,1,0.01,0.3,0.5,0.001,3.64264,1.84899
29,2,1,0.01,0.3,0.5,0.001,3.63923,1.84167
30,2,1,0.01,0.3,0.5,0.001,3.63406,1.83186
31,2,1,0.01,0.3,0.5,0.001,3.85774,2.24267
32,2,1,0.01,0.3,0.5,0.001,3.64649,1.87537
33,2,1,0.01,0.3,0.5,0.001,3.64578,1.87194
34,2,1,0.01,0.3,0.5,0.001,3.64795,1.87792
35,2,1,0.01,0.3,0.5,0.001,3.65036,1.88322
36,2,1,0.01,0.3,0.5,0.001,3.64598,1.87411
37,2,1,0.01,0.3,0.5,0.001,3.64569,1.85399
38,2,1,0.01,0.3,0.5,0.001,3.65604,1.89161
39,2,1,0.01,0.3,0.5,0.001,3.64125,1.86041
40,2,1,0.01,0.3,0.5,0.001,3.64398,1.85145
41,2,1,0.01,0.3,0.5,0.001,3.65047,1.88361
42,2,1,0.01,0.3,0.5,0.001,3.84938,2.22906
43,2,1,0.01,0.3,0.5,0.001,3.8483,2.22675
44,2,1,0.01,0.3,0.5,0.001,3.85462,2.23799
45,2,1,0.01,0.3,0.5,0.001,3.64928,1.88017
46,2,1,0.01,0.3,0.5,0.001,3.64851,1.87975
47,2,1,0.01,0.3,0.5,0.001,3.85575,2.24012
48,2,1,0.01,0.3,0.5,0.001,3.65012,1.88339
49,2,1,0.01,0.3,0.5,0.001,3.84663,2.22323
50,2,1,0.01,0.3,0.5,0.001,3.64702,1.87545
51,2,1,0.01,0.3,0.5,0.001,3.65806,1.89411
52,2,1,0.01,0.3,0.5,0.001,3.85662,2.24108
53,2,1,0.01,0.3,0.5,0.001,3.6565,1.89135
54,2,1,0.01,0.3,0.5,0.001,3.65677,1.89292
55,2,1,0.01,0.3,0.5,0.001,3.648,1.87793
56,2,1,0.01,0.3,0.5,0.001,3.63603,1.84688
57,2,1,0.01,0.3,0.5,0.001,3.64352,1.86602
58,2,1,0.01,0.3,0.5,0.001,3.65353,1.88801
59,2,1,0.01,0.3,0.5,0.001,3.65085,1.88408
60,2,1,0.01,0.3,0.5,0.001,3.83611,2.20464
61,2,1,0.01,0.3,0.5,0.001,3.64456,1.85268
62,2,1,0.01,0.3,0.5,0.001,3.64608,1.85508
63,2,1,0.01,0.3,0.5,0.001,3.6459,1.87087
64,2,1,0.01,0.3,0.5,0.001,3.64538,1.8541
65,2,1,0.01,0.3,0.5,0.001,3.64786,1.87765
66,2,1,0.01,0.3,0.5,0.001,3.84475,2.2206
67,2,1,0.01,0.3,0.5,0.001,3.644,1.851
68,2,1,0.01,0.3,0.5,0.001,3.64877,1.87941
69,2,1,0.01,0.3,0.5,0.001,3.85624,2.24015
70,2,1,0.01,0.3,0.5,0.001,3.64793,1.87208
71,2,1,0.01,0.3,0.5,0.001,3.64476,1.85277
72,2,1,0.01,0.3,0.5,0.001,3.63908,1.84192
73,2,1,0.01,0.3,0.5,0.001,3.65053,1.88246
74,2,1,0.01,0.3,0.5,0.001,3.85521,2.2388
75,2,1,0.01,0.3,0.5,0.001,3.64331,1.8494
76,2,1,0.01,0.3,0.5,0.001,3.64986,1.88256
77,2,1,0.01,0.3,0.5,0.001,3.64658,1.87354
78,2,1,0.01,0.3,0.5,0.001,3.66265,1.90188
79,2,1,0.01,0.3,0.5,0.001,3.85714,2.24158
80,2,1,0.01,0.3,0.5,0.001,3.61238,1.78952
81,2,1,0.01,0.3,0.5,0.001,3.64618,1.87304
82,2,1,0.01,0.3,0.5,0.001,3.64465,1.85258
83,2,1,0.01,0.3,0.5,0.001,3.64823,1.87874
84,2,1,0.01,0.3,0.5,0.001,3.64701,1.87533
85,2,1,0.01,0.3,0.5,0.001,3.60198,1.76722
86,2,1,0.01,0.3,0.5,0.001,3.63244,1.82628
87,2,1,0.01,0.3,0.5,0.001,3.64553,1.85412
88,2,1,0.01,0.3,0.5,0.001,3.65533,1.89143
89,2,1,0.01,0.3,0.5,0.001,3.64729,1.87669
90,2,1,0.01,0.3,0.5,0.001,3.65342,1.88756
91,2,1,0.01,0.3,0.5,0.001,3.85202,2.23294
92,2,1,0.01,0.3,0.5,0.001,3.65081,1.88469
93,2,1,0.01,0.3,0.5,0.001,3.64565,1.85393
94,2,1,0.01,0.3,0.5,0.001,3.62734,1.81874
95,2,1,0.01,0.3,0.5,0.001,3.64198,1.84709
96,2,1,0.01,0.3,0.5,0.001,3.85721,2.24203
97,2,1,0.01,0.3,0.5,0.001,3.6463,1.85521
98,2,1,0.01,0.3,0.5,0.001,3.63911,1.8418
99,2,1,0.01,0.3,0.5,0.001,3.65387,1.88842
0,3,1,0.01,0.3,0.5,0.01,3.71134,1.14611
1,3,1,0.01,0.3,0.5,0.01,3.65339,0.94994
2,3,1,0.01,0.3,0.5,0.01,3.7053,1.11297
3,3,1,0.01,0.3,0.5,0.01,3.65943,0.9433
4,3,1,0.01,0.3,0.5,0.01,3.64587,0.93146
5,3,1,0.01,0.3,0.5,0.01,3.6566,0.95055
6,3,1,0.01,0.3,0.5,0.01,3.63669,0.92392
7,3,1,0.01,0.3,0.5,0.01,3.6937,1.16422
8,3,1,0.01,0.3,0.5,0.01,3.66543,0.96546
9,3,1,0.01,0.3,0.5,0.01,3.65013,0.93761
10,3,1,0.01,0.3,0.5,0.01,3.67934,1.14354
11,3,1,0.01,0.3,0.5,0.01,3.64286,0.90268
12,3,1,0.01,0.3,0.5,0.01,3.66201,0.95649
13,3,1,0.01,0.3,0.5,0.01,3.65753,0.94756
14,3,1,0.01,0.3,0.5,0.01,3.65228,0.95266
15,3,1,0.01,0.3,0.5,0.01,3.69997,1.11916
16,3,1,0.01,0.3,0.5,0.01,3.74024,1.18056
17,3,1,0.01,0.3,0.5,0.01,3.67858,1.13586
18,3,1,0.01,0.3,0.5,0.01,3.70666,1.13572
19,3,1,0.01,0.3,0.5,0.01,3.67282,1.03181
20,3,1,0.01,0.3,0.5,0.01,3.72539,1.18796
21,3,1,0.01,0.3,0.5,0.01,3.68335,1.15176
22,3,1,0.01,0.3,0.5,0.01,3.66324,0.96169
23,3,1,0.01,0.3,0.5,0.01,3.75407,1.27379
24,3,1,0.01,0.3,0.5,0.01,3.65174,0.93633
25,3,1,0.01,0.3,0.5,0.01,3.67773,1.01076
26,3,1,0.01,0.3,0.5,0.01,3.716,1.16541
27,3,1,0.01,0.3,0.5,0.01,3.63361,0.89072
28,3,1,0.01,0.3,0.5,0.01,3.65016,0.94093
29,3,1,0.01,0.3,0.5,0.01,3.67514,1.12964
30,3,1,0.01,0.3,0.5,0.01,3.64348,0.93256
31,3,1,0.01,0.3,0.5,0.01,3.66073,0.95005
32,3,1,0.01,0.3,0.5,0.01,3.70337,1.10728
33,3,1,0.01,0.3,0.5,0.01,3.65485,0.95679
34,3,1,0.01,0.3,0.5,0.01,3.62371,0.88854
35,3,1,0.01,0.3,0.5,0.01,3.6332,0.9131
36,3,1,0.01,0.3,0.5,0.01,3.67833,1.1371
37,3,1,0.01,0.3,0.5,0.01,3.6054,0.82459
38,3,1,0.01,0.3,0.5,0.01,3.67976,1.14145
39,3,1,0.01,0.3,0.5,0.01,3.6225,0.88833
40,3,1,0.01,0.3,0.5,0.01,3.69409,1.16756
41,3,1,0.01,0.3,0.5,0.01,3.66458,0.95996
42,3,1,0.01,0.3,0.5,0.01,3.67749,1.13005
43,3,1,0.01,0.3,0.5,0.01,3.67563,1.11762
44,3,1,0.01,0.3,0.5,0.01,3.6572,0.97018
45,3,1,0.01,0.3,0.5,0.01,3.7481,1.25818
46,3,1,0.01,0.3,0.5,0.01,3.67329,1.03846
47,3,1,0.01,0.3,0.5,0.01,3.67996,1.12649
48,3,1,0.01,0.3,0.5,0.01,3.68791,1.15507
49,3,1,0.01,0.3,0.5,0.01,3.65001,0.94288
50,3,1,0.01,0.3,0.5,0.01,3.63563,0.89561
51,3,1,0.01,0.3,0.5,0.01,3.63931,0.92743
52,3,1,0.01,0.3,0.5,0.01,3.70646,1.13497
53,3,1,0.01,0.3,0.5,0.01,3.66371,1.00012
54,3,1,0.01,0.3,0.5,0.01,3.67932,1.12493
55,3,1,0.01,0.3,0.5,0.01,3.63795,0.91454
56,3,1,0.01,0.3,0.5,0.01,3.68456,1.07058
57,3,1,0.01,0.3,0.5,0.01,3.69049,1.16873
58,3,1,0.01,0.3,0.5,0.01,3.64894,0.95589
59,3,1,0.01,0.3,0.5,0.01,3.63293,0.90649
60,3,1,0.01,0.3,0.5,0.01,3.65842,0.95019
61,3,1,0.01,0.3,0.5,0.01,3.65172,0.94396
62,3,1,0.01,0.3,0.5,0.01,3.64452,0.83465
63,3,1,0.01,0.3,0.5,0.01,3.67742,1.13873
64,3,1,0.01,0.3,0.5,0.01,3.63473,0.9048
65,3,1,0.01,0.3,0.5,0.01,3.73127,1.21207
66,3,1,0.01,0.3,0.5,0.01,3.73597,1.22483
67,3,1,0.01,0.3,0.5,0.01,3.71456,1.10526
68,3,1,0.01,0.3,0.5,0.01,3.62968,0.88902
69,3,1,0.01,0.3,0.5,0.01,3.74874,1.26104
70,3,1,0.01,0.3,0.5,0.01,3.69994,1.1092
71,3,1,0.01,0.3,0.5,0.01,3.63965,0.91007
72,3,1,0.01,0.3,0.5,0.01,3.71853,1.17529
73,3,1,0.01,0.3,0.5,0.01,3.65649,0.95871
74,3,1,0.01,0.3,0.5,0.01,3.72528,1.1963
75,3,1,0.01,0.3,0.5,0.01,3.61861,0.887
76,3,1,0.01,0.3,0.5,0.01,3.65325,0.94659
77,3,1,0.01,0.3,0.5,0.01,3.71893,1.16739
78,3,1,0.01,0.3,0.5,0.01,3.64476,0.93174
79,3,1,0.01,0.3,0.5,0.01,3.6553,0.94547
80,3,1,0.01,0.3,0.5,0.01,3.70245,1.11123
81,3,1,0.01,0.3,0.5,0.01,3.72248,1.18412
82,3,1,0.01,0.3,0.5,0.01,3.64046,0.92489
83,3,1,0.01,0.3,0.5,0.01,3.87638,1.53542
84,3,1,0.01,0.3,0.5,0.01,3.63296,0.89368
85,3,1,0.01,0.3,0.5,0.01,3.67653,1.12328
86,3,1,0.01,0.3,0.5,0.01,3.67461,1.03846
87,3,1,0.01,0.3,0.5,0.01,3.65661,0.94487
88,3,1,0.01,0.3,0.5,0.01,3.67074,1.09809
89,3,1,0.01,0.3,0.5,0.01,3.69606,1.0592
90,3,1,0.01,0.3,0.5,0.01,3.87548,1.53248
91,3,1,0.01,0.3,0.5,0.01,3.68045,1.01139
92,3,1,0.01,0.3,0.5,0.01,3.68046,1.05406
93,3,1,0.01,0.3,0.5,0.01,3.74079,1.23552
94,3,1,0.01,0.3,0.5,0.01,3.79541,1.33974
95,3,1,0.01,0.3,0.5,0.01,3.71835,1.17425
96,3,1,0.01,0.3,0.5,0.01,3.6487,0.93444
97,3,1,0.01,0.3,0.5,0.01,3.69008,1.1446
98,3,1,0.01,0.3,0.5,0.01,3.65945,0.96423
99,3,1,0.01,0.3,0.5,0.01,3.75038,1.26132
0,3,1,0.01,0.3,0.5,0.0025,3.79749,1.76299
1,3,1,0.01,0.3,0.5,0.0025,3.70883,1.56174
2,3,1,0.01,0.3,0.5,0.0025,3.76164,1.6889
3,3,1,0.01,0.3,0.5,0.0025,3.71167,1.56331
4,3,1,0.01,0.3,0.5,0.0025,3.70138,1.55322
5,3,1,0.01,0.3,0.5,0.0025,3.70756,1.55928
6,3,1,0.01,0.3,0.5,0.0025,3.68834,1.52697
7,3,1,0.01,0.3,0.5,0.0025,3.72679,1.65904
8,3,1,0.01,0.3,0.5,0.0025,3.71565,1.57203
9,3,1,0.01,0.3,0.5,0.0025,3.69741,1.5434
10,3,1,0.01,0.3,0.5,0.0025,3.70952,1.62678
11,3,1,0.01,0.3,0.5,0.0025,3.66888,1.47203
12,3,1,0.01,0.3,0.5,0.0025,3.71133,1.56702
13,3,1,0.01,0.3,0.5,0.0025,3.71032,1.56207
14,3,1,0.01,0.3,0.5,0.0025,3.68858,1.52236
15,3,1,0.01,0.3,0.5,0.0025,3.77663,1.72406
16,3,1,0.01,0.3,0.5,0.0025,3.87517,1.92517
17,3,1,0.01,0.3,0.5,0.0025,3.70787,1.62219
18,3,1,0.01,0.3,0.5,0.0025,3.79594,1.76297
19,3,1,0.01,0.3,0.5,0.0025,3.75617,1.67457
20,3,1,0.01,0.3,0.5,0.0025,3.78602,1.73708
21,3,1,0.01,0.3,0.5,0.0025,3.71571,1.63512
22,3,1,0.01,0.3,0.5,0.0025,3.71649,1.56968
23,3,1,0.01,0.3,0.5,0.0025,3.81031,1.78603
24,3,1,0.01,0.3,0.5,0.0025,3.70475,1.55176
25,3,1,0.01,0.3,0.5,0.0025,3.70149,1.52965
26,3,1,0.01,0.3,0.5,0.0025,3.79264,1.75816
27,3,1,0.01,0.3,0.5,0.0025,3.68809,1.51564
28,3,1,0.01,0.3,0.5,0.0025,3.69888,1.54584
29,3,1,0.01,0.3,0.5,0.0025,3.70419,1.61237
30,3,1,0.01,0.3,0.5,0.0025,3.7012,1.54784
31,3,1,0.01,0.3,0.5,0.0025,3.71296,1.55855
32,3,1,0.01,0.3,0.5,0.0025,3.77576,1.71652
33,3,1,0.01,0.3,0.5,0.0025,3.70842,1.56695
34,3,1,0.01,0.3,0.5,0.0025,3.68286,1.51731
35,3,1,0.01,0.3,0.5,0.0025,3.68879,1.52742
36,3,1,0.01,0.3,0.5,0.0025,3.70679,1.62113
37,3,1,0.01,0.3,0.5,0.0025,3.68242,1.51109
38,3,1,0.01,0.3,0.5,0.0025,3.70964,1.62571
39,3,1,0.01,0.3,0.5,0.0025,3.68619,1.52461
40,3,1,0.01,0.3,0.5,0.0025,3.72497,1.65773
41,3,1,0.01,0.3,0.5,0.0025,3.75231,1.66309
42,3,1,0.01,0.3,0.5,0.0025,3.71069,1.62201
43,3,1,0.01,0.3,0.5,0.0025,3.71781,1.62094
44,3,1,0.01,0.3,0.5,0.0025,3.71803,1.59134
45,3,1,0.01,0.3,0.5,0.0025,3.8074,1.78128
46,3,1,0.01,0.3,0.5,0.0025,3.76087,1.6915
47,3,1,0.01,0.3,0.5,0.0025,3.71236,1.61095
48,3,1,0.01,0.3,0.5,0.0025,3.71772,1.64184
49,3,1,0.01,0.3,0.5,0.0025,3.70198,1.54989
50,3,1,0.01,0.3,0.5,0.0025,3.68053,1.50349
51,3,1,0.01,0.3,0.5,0.0025,3.6915,1.53367
52,3,1,0.01,0.3,0.5,0.0025,3.78091,1.73752
53,3,1,0.01,0.3,0.5,0.0025,3.74112,1.63824
54,3,1,0.01,0.3,0.5,0.0025,3.71529,1.61497
55,3,1,0.01,0.3,0.5,0.0025,3.69725,1.53793
56,3,1,0.01,0.3,0.5,0.0025,3.77409,1.71737
57,3,1,0.01,0.3,0.5,0.0025,3.71694,1.64434
58,3,1,0.01,0.3,0.5,0.0025,3.73576,1.62765
59,3,1,0.01,0.3,0.5,0.0025,3.68887,1.52407
60,3,1,0.01,0.3,0.5,0.0025,3.71235,1.56609
61,3,1,0.01,0.3,0.5,0.0025,3.6979,1.54568
62,3,1,0.01,0.3,0.5,0.0025,3.69974,1.52445
63,3,1,0.01,0.3,0.5,0.0025,3.70671,1.62256
64,3,1,0.01,0.3,0.5,0.0025,3.65143,1.43502
65,3,1,0.01,0.3,0.5,0.0025,3.79887,1.7671
66,3,1,0.01,0.3,0.5,0.0025,3.79224,1.75634
67,3,1,0.01,0.3,0.5,0.0025,3.76297,1.68921
68,3,1,0.01,0.3,0.5,0.0025,3.68642,1.51801
69,3,1,0.01,0.3,0.5,0.0025,3.80966,1.78414
70,3,1,0.01,0.3,0.5,0.0025,3.79048,1.74551
71,3,1,0.01,0.3,0.5,0.0025,3.69512,1.53794
72,3,1,0.01,0.3,0.5,0.0025,3.79639,1.76664
73,3,1,0.01,0.3,0.5,0.0025,3.72031,1.59375
74,3,1,0.01,0.3,0.5,0.0025,3.78888,1.74631
75,3,1,0.01,0.3,0.5,0.0025,3.68967,1.53181
76,3,1,0.01,0.3,0.5,0.0025,3.70839,1.55752
77,3,1,0.01,0.3,0.5,0.0025,3.77471,1.71728
78,3,1,0.01,0.3,0.5,0.0025,3.69759,1.54127
79,3,1,0.01,0.3,0.5,0.0025,3.70418,1.55653
80,3,1,0.01,0.3,0.5,0.0025,3.77576,1.71814
81,3,1,0.01,0.3,0.5,0.0025,3.77987,1.72845
82,3,1,0.01,0.3,0.5,0.0025,3.69439,1.53647
83,3,1,0.01,0.3,0.5,0.0025,3.92408,2.01174
84,3,1,0.01,0.3,0.5,0.0025,3.69079,1.52385
85,3,1,0.01,0.3,0.5,0.0025,3.72003,1.62769
86,3,1,0.01,0.3,0.5,0.0025,3.76543,1.69352
87,3,1,0.01,0.3,0.5,0.0025,3.71442,1.56429
88,3,1,0.01,0.3,0.5,0.0025,3.71653,1.61109
89,3,1,0.01,0.3,0.5,0.0025,3.74772,1.65792
90,3,1,0.01,0.3,0.5,0.0025,3.92061,2.00869
91,3,1,0.01,0.3,0.5,0.0025,3.75282,1.6663
92,3,1,0.01,0.3,0.5,0.0025,3.7844,1.73466
93,3,1,0.01,0.3,0.5,0.0025,3.80276,1.77044
94,3,1,0.01,0.3,0.5,0.0025,3.89904,1.97405
95,3,1,0.01,0.3,0.5,0.0025,3.78863,1.74592
96,3,1,0.01,0.3,0.5,0.0025,3.704,1.54918
97,3,1,0.01,0.3,0.5,0.0025,3.70723,1.5869
98,3,1,0.01,0.3,0.5,0.0025,3.71012,1.56648
99,3,1,0.01,0.3,0.5,0.0025,3.81089,1.78682
0,3,1,0.01,0.3,0.5,0.001,3.81613,2.17017
1,3,1,0.01,0.3,0.5,0.001,3.72294,2.00402
2,3,1,0.01,0.3,0.5,0.001,3.78358,2.11384
3,3,1,0.01,0.3,0.5,0.001,3.72412,2.00642
4,3,1,0.01,0.3,0.5,0.001,3.71942,2.00404
5,3,1,0.01,0.3,0.5,0.001,3.71902,1.99886
6,3,1,0.01,0.3,0.5,0.001,3.70021,1.96832
7,3,1,0.01,0.3,0.5,0.001,3.7361,2.0577
8,3,1,0.01,0.3,0.5,0.001,3.72841,2.01317
9,3,1,0.01,0.3,0.5,0.001,3.70823,1.98235
10,3,1,0.01,0.3,0.5,0.001,3.71823,2.02655
11,3,1,0.01,0.3,0.5,0.001,3.6795,1.92627
12,3,1,0.01,0.3,0.5,0.001,3.72214,2.00607
13,3,1,0.01,0.3,0.5,0.001,3.72341,2.00412
14,3,1,0.01,0.3,0.5,0.001,3.72615,2.01446
15,3,1,0.01,0.3,0.5,0.001,3.79477,2.13548
16,3,1,0.01,0.3,0.5,0.001,3.92087,2.35542
17,3,1,0.01,0.3,0.5,0.001,3.71592,2.02328
18,3,1,0.01,0.3,0.5,0.001,3.81808,2.17537
19,3,1,0.01,0.3,0.5,0.001,3.79803,2.14155
20,3,1,0.01,0.3,0.5,0.001,3.80415,2.14647
21,3,1,0.01,0.3,0.5,0.001,3.72497,2.03478
22,3,1,0.01,0.3,0.5,0.001,3.73072,2.01858
23,3,1,0.01,0.3,0.5,0.001,3.82308,2.1802
24,3,1,0.01,0.3,0.5,0.001,3.71712,1.99433
25,3,1,0.01,0.3,0.5,0.001,3.71525,1.98258
26,3,1,0.01,0.3,0.5,0.001,3.81112,2.16465
27,3,1,0.01,0.3,0.5,0.001,3.71198,1.98414
28,3,1,0.01,0.3,0.5,0.001,3.70998,1.98547
29,3,1,0.01,0.3,0.5,0.001,3.71359,2.01419
30,3,1,0.01,0.3,0.5,0.001,3.71713,1.99581
31,3,1,0.01,0.3,0.5,0.001,3.73024,2.01595
32,3,1,0.01,0.3,0.5,0.001,3.79734,2.13797
33,3,1,0.01,0.3,0.5,0.001,3.75746,2.06923
34,3,1,0.01,0.3,0.5,0.001,3.70812,1.98381
35,3,1,0.01,0.3,0.5,0.001,3.70279,1.97279
36,3,1,0.01,0.3,0.5,0.001,3.71476,2.02155
37,3,1,0.01,0.3,0.5,0.001,3.71655,1.99721
38,3,1,0.01,0.3,0.5,0.001,3.71811,2.02694
39,3,1,0.01,0.3,0.5,0.001,3.70351,1.97538
40,3,1,0.01,0.3,0.5,0.001,3.73408,2.05599
41,3,1,0.01,0.3,0.5,0.001,3.77391,2.09747
42,3,1,0.01,0.3,0.5,0.001,3.71947,2.02577
43,3,1,0.01,0.3,0.5,0.001,3.72859,2.03068
44,3,1,0.01,0.3,0.5,0.001,3.76825,2.09092
45,3,1,0.01,0.3,0.5,0.001,3.821,2.17649
46,3,1,0.01,0.3,0.5,0.001,3.78242,2.11678
47,3,1,0.01,0.3,0.5,0.001,3.72676,2.0292
48,3,1,0.01,0.3,0.5,0.001,3.72695,2.04148
49,3,1,0.01,0.3,0.5,0.001,3.7138,1.99076
50,3,1,0.01,0.3,0.5,0.001,3.70646,1.97814
51,3,1,0.01,0.3,0.5,0.001,3.70363,1.97546
52,3,1,0.01,0.3,0.5,0.001,3.80106,2.15079
53,3,1,0.01,0.3,0.5,0.001,3.78949,2.12542
54,3,1,0.01,0.3,0.5,0.001,3.73091,2.03468
55,3,1,0.01,0.3,0.5,0.001,3.71412,1.98922
56,3,1,0.01,0.3,0.5,0.001,3.7942,2.13542
57,3,1,0.01,0.3,0.5,0.001,3.72576,2.04082
58,3,1,0.01,0.3,0.5,0.001,3.77507,2.10163
59,3,1,0.01,0.3,0.5,0.001,3.70302,1.97138
60,3,1,0.01,0.3,0.5,0.001,3.72671,2.01008
61,3,1,0.01,0.3,0.5,0.001,3.70864,1.98383
62,3,1,0.01,0.3,0.5,0.001,3.71882,1.99273
63,3,1,0.01,0.3,0.5,0.001,3.71507,2.02267
64,3,1,0.01,0.3,0.5,0.001,3.6769,1.92163
65,3,1,0.01,0.3,0.5,0.001,3.81392,2.16621
66,3,1,0.01,0.3,0.5,0.001,3.80661,2.15598
67,3,1,0.01,0.3,0.5,0.001,3.8213,2.18371
68,3,1,0.01,0.3,0.5,0.001,3.70344,1.97275
69,3,1,0.01,0.3,0.5,0.001,3.82291,2.17984
70,3,1,0.01,0.3,0.5,0.001,3.81066,2.15946
71,3,1,0.01,0.3,0.5,0.001,3.71646,1.99807
72,3,1,0.01,0.3,0.5,0.001,3.81428,2.17103
73,3,1,0.01,0.3,0.5,0.001,3.76983,2.0909
74,3,1,0.01,0.3,0.5,0.001,3.8036,2.14803
75,3,1,0.01,0.3,0.5,0.001,3.70769,1.98255
76,3,1,0.01,0.3,0.5,0.001,3.72185,2.00033
77,3,1,0.01,0.3,0.5,0.001,3.79502,2.13262
78,3,1,0.01,0.3,0.5,0.001,3.70986,1.98448
79,3,1,0.01,0.3,0.5,0.001,3.71518,1.99513
80,3,1,0.01,0.3,0.5,0.001,3.79789,2.13817
81,3,1,0.01,0.3,0.5,0.001,3.79695,2.13672
82,3,1,0.01,0.3,0.5,0.001,3.70687,1.97931
83,3,1,0.01,0.3,0.5,0.001,3.93558,2.37386
84,3,1,0.01,0.3,0.5,0.001,3.7118,1.98565
85,3,1,0.01,0.3,0.5,0.001,3.73216,2.03735
86,3,1,0.01,0.3,0.5,0.001,3.79846,2.14192
87,3,1,0.01,0.3,0.5,0.001,3.73355,2.02252
88,3,1,0.01,0.3,0.5,0.001,3.72786,2.02564
89,3,1,0.01,0.3,0.5,0.001,3.77123,2.09315
90,3,1,0.01,0.3,0.5,0.001,3.93664,2.37891
91,3,1,0.01,0.3,0.5,0.001,3.77439,2.09869
92,3,1,0.01,0.3,0.5,0.001,3.8139,2.16872
93,3,1,0.01,0.3,0.5,0.001,3.81693,2.1693
94,3,1,0.01,0.3,0.5,0.001,3.92751,2.36711
95,3,1,0.01,0.3,0.5,0.001,3.80477,2.15071
96,3,1,0.01,0.3,0.5,0.001,3.71736,1.99341
97,3,1,0.01,0.3,0.5,0.001,3.72525,2.01834
98,3,1,0.01,0.3,0.5,0.001,3.72196,2.00514
99,3,1,0.01,0.3,0.5,0.001,3.82437,2.18234
0,4,1,0.01,0.3,0.5,0.01,3.65417,0.94774
1,4,1,0.01,0.3,0.5,0.01,3.74055,1.25702
2,4,1,0.01,0.3,0.5,0.01,3.68456,1.16816
3,4,1,0.01,0.3,0.5,0.01,3.73795,1.262
4,4,1,0.01,0.3,0.5,0.01,3.86001,1.50414
5,4,1,0.01,0.3,0.5,0.01,3.845,1.51877
6,4,1,0.01,0.3,0.5,0.01,3.80334,1.41876
7,4,1,0.01,0.3,0.5,0.01,3.71735,1.29303
8,4,1,0.01,0.3,0.5,0.01,3.69303,1.11263
9,4,1,0.01,0.3,0.5,0.01,3.7464,1.24502
10,4,1,0.01,0.3,0.5,0.01,3.63662,0.92852
11,4,1,0.01,0.3,0.5,0.01,3.7193,1.2387
12,4,1,0.01,0.3,0.5,0.01,3.74385,1.26596
13,4,1,0.01,0.3,0.5,0.01,3.65932,0.97563
14,4,1,0.01,0.3,0.5,0.01,3.73533,1.33423
15,4,1,0.01,0.3,0.5,0.01,3.70412,1.16059
16,4,1,0.01,0.3,0.5,0.01,3.73785,1.22588
17,4,1,0.01,0.3,0.5,0.01,3.73616,1.23467
18,4,1,0.01,0.3,0.5,0.01,3.70534,1.13368
19,4,1,0.01,0.3,0.5,0.01,3.67136,1.04012
20,4,1,0.01,0.3,0.5,0.01,3.77739,1.36753
21,4,1,0.01,0.3,0.5,0.01,3.78433,1.46231
22,4,1,0.01,0.3,0.5,0.01,3.75567,1.29603
23,4,1,0.01,0.3,0.5,0.01,3.65977,1.0203
24,4,1,0.01,0.3,0.5,0.01,3.67472,1.08254
25,4,1,0.01,0.3,0.5,0.01,3.69659,1.1931
26,4,1,0.01,0.3,0.5,0.01,3.71907,1.22536
27,4,1,0.01,0.3,0.5,0.01,3.73718,1.32797
28,4,1,0.01,0.3,0.5,0.01,3.7016,1.07581
29,4,1,0.01,0.3,0.5,0.01,3.72138,1.19948
30,4,1,0.01,0.3,0.5,0.01,3.68952,1.13518
31,4,1,0.01,0.3,0.5,0.01,3.67123,1.05723
32,4,1,0.01,0.3,0.5,0.01,3.69441,1.1108
33,4,1,0.01,0.3,0.5,0.01,3.64242,0.94726
34,4,1,0.01,0.3,0.5,0.01,3.61521,0.78119
35,4,1,0.01,0.3,0.5,0.01,3.66346,1.04616
36,4,1,0.01,0.3,0.5,0.01,3.78001,1.44176
37,4,1,0.01,0.3,0.5,0.01,3.67738,1.04347
38,4,1,0.01,0.3,0.5,0.01,3.73003,1.21379
39,4,1,0.01,0.3,0.5,0.01,3.64683,0.97311
40,4,1,0.01,0.3,0.5,0.01,3.66564,1.07463
41,4,1,0.01,0.3,0.5,0.01,3.7284,1.23939
42,4,1,0.01,0.3,0.5,0.01,3.63851,0.92162
43,4,1,0.01,0.3,0.5,0.01,3.70346,1.13233
44,4,1,0.01,0.3,0.5,0.01,3.77015,1.3104
45,4,1,0.01,0.3,0.5,0.01,3.64539,0.95417
46,4,1,0.01,0.3,0.5,0.01,3.74955,1.25786
47,4,1,0.01,0.3,0.5,0.01,3.69411,1.22156
48,4,1,0.01,0.3,0.5,0.01,3.69883,1.2121
49,4,1,0.01,0.3,0.5,0.01,3.76287,1.30188
50,4,1,0.01,0.3,0.5,0.01,3.65872,0.97913
51,4,1,0.01,0.3,0.5,0.01,3.63506,0.94565
52,4,1,0.01,0.3,0.5,0.01,3.63274,0.89439
53,4,1,0.01,0.3,0.5,0.01,3.70002,1.18908
54,4,1,0.01,0.3,0.5,0.01,3.72984,1.20856
55,4,1,0.01,0.3,0.5,0.01,3.67842,1.04963
56,4,1,0.01,0.3,0.5,0.01,3.76992,1.42009
57,4,1,0.01,0.3,0.5,0.01,3.69014,1.22174
58,4,1,0.01,0.3,0.5,0.01,3.66472,1.03872
59,4,1,0.01,0.3,0.5,0.01,3.67507,1.02921
60,4,1,0.01,0.3,0.5,0.01,3.69046,1.16623
61,4,1,0.01,0.3,0.5,0.01,3.71439,1.18789
62,4,1,0.01,0.3,0.5,0.01,3.6488,0.97289
63,4,1,0.01,0.3,0.5,0.01,3.64774,0.98149
64,4,1,0.01,0.3,0.5,0.01,3.72413,1.20014
65,4,1,0.01,0.3,0.5,0.01,3.67552,1.04779
66,4,1,0.01,0.3,0.5,0.01,3.61352,0.86368
67,4,1,0.01,0.3,0.5,0.01,3.69986,1.10888
68,4,1,0.01,0.3,0.5,0.01,3.73979,1.24606
69,4,1,0.01,0.3,0.5,0.01,3.69558,1.21486
70,4,1,0.01,0.3,0.5,0.01,3.68244,1.09064
71,4,1,0.01,0.3,0.5,0.01,3.75002,1.37581
72,4,1,0.01,0.3,0.5,0.01,3.62881,0.93071
73,4,1,0.01,0.3,0.5,0.01,3.64152,0.905
74,4,1,0.01,0.3,0.5,0.01,3.65641,1.02553
75,4,1,0.01,0.3,0.5,0.01,3.65307,1.02382
76,4,1,0.01,0.3,0.5,0.01,3.76766,1.41451
77,4,1,0.01,0.3,0.5,0.01,3.68607,1.16785
78,4,1,0.01,0.3,0.5,0.01,3.6595,1.03655
79,4,1,0.01,0.3,0.5,0.01,3.70927,1.1683
80,4,1,0.01,0.3,0.5,0.01,3.7502,1.37234
81,4,1,0.01,0.3,0.5,0.01,3.75163,1.3808
82,4,1,0.01,0.3,0.5,0.01,3.72742,1.19991
83,4,1,0.01,0.3,0.5,0.01,3.61006,0.83076
84,4,1,0.01,0.3,0.5,0.01,3.66761,0.98449
85,4,1,0.01,0.3,0.5,0.01,3.69436,1.23338
86,4,1,0.01,0.3,0.5,0.01,3.64971,0.98382
87,4,1,0.01,0.3,0.5,0.01,3.66199,1.03252
88,4,1,0.01,0.3,0.5,0.01,3.73414,1.32764
89,4,1,0.01,0.3,0.5,0.01,3.63593,0.83749
90,4,1,0.01,0.3,0.5,0.01,3.68125,1.10351
91,4,1,0.01,0.3,0.5,0.01,3.65802,0.96491
92,4,1,0.01,0.3,0.5,0.01,3.70742,1.26918
93,4,1,0.01,0.3,0.5,0.01,3.65274,1.00752
94,4,1,0.01,0.3,0.5,0.01,3.64234,0.91093
95,4,1,0.01,0.3,0.5,0.01,3.70538,1.1411
96,4,1,0.01,0.3,0.5,0.01,3.73985,1.23553
97,4,1,0.01,0.3,0.5,0.01,3.70715,1.11361
98,4,1,0.01,0.3,0.5,0.01,3.72917,1.21749
99,4,1,0.01,0.3,0.5,0.01,3.6652,1.05984
0,4,1,0.01,0.3,0.5,0.0025,3.79747,1.75882
1,4,1,0.01,0.3,0.5,0.0025,3.8734,1.91937
2,4,1,0.01,0.3,0.5,0.0025,3.76657,1.75556
3,4,1,0.01,0.3,0.5,0.0025,3.83153,1.8683
4,4,1,0.01,0.3,0.5,0.0025,4.01976,2.20464
5,4,1,0.01,0.3,0.5,0.0025,3.92663,2.02417
6,4,1,0.01,0.3,0.5,0.0025,3.90752,1.99398
7,4,1,0.01,0.3,0.5,0.0025,3.77279,1.79748
8,4,1,0.01,0.3,0.5,0.0025,3.82519,1.83154
9,4,1,0.01,0.3,0.5,0.0025,3.81579,1.79893
10,4,1,0.01,0.3,0.5,0.0025,3.75356,1.69038
11,4,1,0.01,0.3,0.5,0.0025,3.8118,1.82037
12,4,1,0.01,0.3,0.5,0.0025,3.85047,1.87141
13,4,1,0.01,0.3,0.5,0.0025,3.7817,1.72303
14,4,1,0.01,0.3,0.5,0.0025,3.79568,1.82606
15,4,1,0.01,0.3,0.5,0.0025,3.8167,1.83668
16,4,1,0.01,0.3,0.5,0.0025,3.8133,1.80792
17,4,1,0.01,0.3,0.5,0.0025,3.81293,1.80888
18,4,1,0.01,0.3,0.5,0.0025,3.83955,1.86676
19,4,1,0.01,0.3,0.5,0.0025,3.77338,1.73037
20,4,1,0.01,0.3,0.5,0.0025,3.84567,1.88047
21,4,1,0.01,0.3,0.5,0.0025,3.85917,1.95287
22,4,1,0.01,0.3,0.5,0.0025,3.87214,1.9426
23,4,1,0.01,0.3,0.5,0.0025,3.75106,1.6994
24,4,1,0.01,0.3,0.5,0.0025,3.7751,1.75049
25,4,1,0.01,0.3,0.5,0.0025,3.78822,1.78034
26,4,1,0.01,0.3,0.5,0.0025,3.81653,1.83298
27,4,1,0.01,0.3,0.5,0.0025,3.77436,1.78316
28,4,1,0.01,0.3,0.5,0.0025,3.77089,1.71084
29,4,1,0.01,0.3,0.5,0.0025,3.84521,1.8733
30,4,1,0.01,0.3,0.5,0.0025,3.76632,1.72328
31,4,1,0.01,0.3,0.5,0.0025,3.73854,1.65753
32,4,1,0.01,0.3,0.5,0.0025,3.7762,1.71478
33,4,1,0.01,0.3,0.5,0.0025,3.7554,1.68911
34,4,1,0.01,0.3,0.5,0.0025,3.72689,1.59056
35,4,1,0.01,0.3,0.5,0.0025,3.76493,1.72318
36,4,1,0.01,0.3,0.5,0.0025,3.84227,1.90243
37,4,1,0.01,0.3,0.5,0.0025,3.81421,1.79614
38,4,1,0.01,0.3,0.5,0.0025,3.82525,1.82969
39,4,1,0.01,0.3,0.5,0.0025,3.76702,1.71478
40,4,1,0.01,0.3,0.5,0.0025,3.75892,1.72892
41,4,1,0.01,0.3,0.5,0.0025,3.80101,1.81491
42,4,1,0.01,0.3,0.5,0.0025,3.74323,1.66392
43,4,1,0.01,0.3,0.5,0.0025,3.78104,1.74777
44,4,1,0.01,0.3,0.5,0.0025,3.84752,1.86315
45,4,1,0.01,0.3,0.5,0.0025,3.7285,1.65135
46,4,1,0.01,0.3,0.5,0.0025,3.85152,1.87341
47,4,1,0.01,0.3,0.5,0.0025,3.75517,1.75586
48,4,1,0.01,0.3,0.5,0.0025,3.79201,1.79547
49,4,1,0.01,0.3,0.5,0.0025,3.87553,1.92645
50,4,1,0.01,0.3,0.5,0.0025,3.79135,1.75347
51,4,1,0.01,0.3,0.5,0.0025,3.74607,1.67975
52,4,1,0.01,0.3,0.5,0.0025,3.71382,1.61218
53,4,1,0.01,0.3,0.5,0.0025,3.8125,1.83397
54,4,1,0.01,0.3,0.5,0.0025,3.819,1.83497
55,4,1,0.01,0.3,0.5,0.0025,3.75351,1.67162
56,4,1,0.01,0.3,0.5,0.0025,3.81924,1.86981
57,4,1,0.01,0.3,0.5,0.0025,3.75351,1.75405
58,4,1,0.01,0.3,0.5,0.0025,3.76855,1.71639
59,4,1,0.01,0.3,0.5,0.0025,3.75598,1.69037
60,4,1,0.01,0.3,0.5,0.0025,3.77276,1.75765
61,4,1,0.01,0.3,0.5,0.0025,3.83341,1.86185
62,4,1,0.01,0.3,0.5,0.0025,3.70962,1.59558
63,4,1,0.01,0.3,0.5,0.0025,3.77667,1.7363
64,4,1,0.01,0.3,0.5,0.0025,3.8086,1.81543
65,4,1,0.01,0.3,0.5,0.0025,3.82077,1.82292
66,4,1,0.01,0.3,0.5,0.0025,3.73784,1.65394
67,4,1,0.01,0.3,0.5,0.0025,3.82118,1.8405
68,4,1,0.01,0.3,0.5,0.0025,3.83959,1.8793
69,4,1,0.01,0.3,0.5,0.0025,3.77347,1.7725
70,4,1,0.01,0.3,0.5,0.0025,3.78486,1.73702
71,4,1,0.01,0.3,0.5,0.0025,3.81028,1.85345
72,4,1,0.01,0.3,0.5,0.0025,3.73304,1.64644
73,4,1,0.01,0.3,0.5,0.0025,3.71196,1.57431
74,4,1,0.01,0.3,0.5,0.0025,3.77866,1.73946
75,4,1,0.01,0.3,0.5,0.0025,3.70165,1.59621
76,4,1,0.01,0.3,0.5,0.0025,3.84196,1.90319
77,4,1,0.01,0.3,0.5,0.0025,3.7705,1.76211
78,4,1,0.01,0.3,0.5,0.0025,3.72611,1.62474
79,4,1,0.01,0.3,0.5,0.0025,3.76545,1.70488
80,4,1,0.01,0.3,0.5,0.0025,3.78844,1.82382
81,4,1,0.01,0.3,0.5,0.0025,3.8113,1.85513
82,4,1,0.01,0.3,0.5,0.0025,3.79513,1.75842
83,4,1,0.01,0.3,0.5,0.0025,3.69154,1.54646
84,4,1,0.01,0.3,0.5,0.0025,3.77322,1.71718
85,4,1,0.01,0.3,0.5,0.0025,3.75635,1.7602
86,4,1,0.01,0.3,0.5,0.0025,3.76348,1.72516
87,4,1,0.01,0.3,0.5,0.0025,3.72622,1.63157
88,4,1,0.01,0.3,0.5,0.0025,3.80255,1.85518
89,4,1,0.01,0.3,0.5,0.0025,3.7155,1.57286
90,4,1,0.01,0.3,0.5,0.0025,3.76715,1.71285
91,4,1,0.01,0.3,0.5,0.0025,3.71523,1.60318
92,4,1,0.01,0.3,0.5,0.0025,3.76444,1.77875
93,4,1,0.01,0.3,0.5,0.0025,3.73278,1.65308
94,4,1,0.01,0.3,0.5,0.0025,3.73635,1.61536
95,4,1,0.01,0.3,0.5,0.0025,3.78357,1.75491
96,4,1,0.01,0.3,0.5,0.0025,3.84994,1.87982
97,4,1,0.01,0.3,0.5,0.0025,3.76658,1.70721
98,4,1,0.01,0.3,0.5,0.0025,3.80023,1.78954
99,4,1,0.01,0.3,0.5,0.0025,3.77098,1.73512
0,4,1,0.01,0.3,0.5,0.001,3.83705,2.20799
1,4,1,0.01,0.3,0.5,0.001,3.92976,2.36609
2,4,1,0.01,0.3,0.5,0.001,3.79375,2.15988
3,4,1,0.01,0.3,0.5,0.001,3.86213,2.26933
4,4,1,0.01,0.3,0.5,0.001,4.05726,2.58408
5,4,1,0.01,0.3,0.5,0.001,3.94398,2.39276
6,4,1,0.01,0.3,0.5,0.001,3.93807,2.38382
7,4,1,0.01,0.3,0.5,0.001,3.79223,2.17812
8,4,1,0.01,0.3,0.5,0.001,3.86042,2.25224
9,4,1,0.01,0.3,0.5,0.001,3.83852,2.21221
10,4,1,0.01,0.3,0.5,0.001,3.78651,2.13501
11,4,1,0.01,0.3,0.5,0.001,3.83589,2.21916
12,4,1,0.01,0.3,0.5,0.001,3.87841,2.27755
13,4,1,0.01,0.3,0.5,0.001,3.8378,2.20729
14,4,1,0.01,0.3,0.5,0.001,3.81978,2.21454
15,4,1,0.01,0.3,0.5,0.001,3.84747,2.24551
16,4,1,0.01,0.3,0.5,0.001,3.83144,2.21288
17,4,1,0.01,0.3,0.5,0.001,3.82979,2.21147
18,4,1,0.01,0.3,0.5,0.001,3.89254,2.31074
19,4,1,0.01,0.3,0.5,0.001,3.80136,2.16328
20,4,1,0.01,0.3,0.5,0.001,3.8692,2.27321
21,4,1,0.01,0.3,0.5,0.001,3.87343,2.30703
22,4,1,0.01,0.3,0.5,0.001,3.9037,2.33279
23,4,1,0.01,0.3,0.5,0.001,3.78151,2.13527
24,4,1,0.01,0.3,0.5,0.001,3.81954,2.19959
25,4,1,0.01,0.3,0.5,0.001,3.8178,2.18766
26,4,1,0.01,0.3,0.5,0.001,3.8418,2.23265
27,4,1,0.01,0.3,0.5,0.001,3.80741,2.19432
28,4,1,0.01,0.3,0.5,0.001,3.82571,2.19083
29,4,1,0.01,0.3,0.5,0.001,3.87167,2.27737
30,4,1,0.01,0.3,0.5,0.001,3.79861,2.14725
31,4,1,0.01,0.3,0.5,0.001,3.76833,2.1013
32,4,1,0.01,0.3,0.5,0.001,3.81005,2.15709
33,4,1,0.01,0.3,0.5,0.001,3.78821,2.13223
34,4,1,0.01,0.3,0.5,0.001,3.7814,2.10419
35,4,1,0.01,0.3,0.5,0.001,3.79177,2.1485
36,4,1,0.01,0.3,0.5,0.001,3.86182,2.27168
37,4,1,0.01,0.3,0.5,0.001,3.85522,2.23611
38,4,1,0.01,0.3,0.5,0.001,3.87526,2.28047
39,4,1,0.01,0.3,0.5,0.001,3.80157,2.15789
40,4,1,0.01,0.3,0.5,0.001,3.81947,2.20227
41,4,1,0.01,0.3,0.5,0.001,3.83531,2.22748
42,4,1,0.01,0.3,0.5,0.001,3.77817,2.11977
43,4,1,0.01,0.3,0.5,0.001,3.80237,2.16243
44,4,1,0.01,0.3,0.5,0.001,3.86565,2.25881
45,4,1,0.01,0.3,0.5,0.001,3.77205,2.1176
46,4,1,0.01,0.3,0.5,0.001,3.87389,2.27848
47,4,1,0.01,0.3,0.5,0.001,3.77409,2.14408
48,4,1,0.01,0.3,0.5,0.001,3.8217,2.1988
49,4,1,0.01,0.3,0.5,0.001,3.90629,2.32801
50,4,1,0.01,0.3,0.5,0.001,3.82969,2.19977
51,4,1,0.01,0.3,0.5,0.001,3.78596,2.13659
52,4,1,0.01,0.3,0.5,0.001,3.76182,2.09767
53,4,1,0.01,0.3,0.5,0.001,3.87245,2.28611
54,4,1,0.01,0.3,0.5,0.001,3.84241,2.236
55,4,1,0.01,0.3,0.5,0.001,3.80489,2.15006
56,4,1,0.01,0.3,0.5,0.001,3.82552,2.22506
57,4,1,0.01,0.3,0.5,0.001,3.77153,2.13921
58,4,1,0.01,0.3,0.5,0.001,3.81521,2.18088
59,4,1,0.01,0.3,0.5,0.001,3.80067,2.15593
60,4,1,0.01,0.3,0.5,0.001,3.80498,2.17309
61,4,1,0.01,0.3,0.5,0.001,3.88312,2.30032
62,4,1,0.01,0.3,0.5,0.001,3.72647,2.02554
63,4,1,0.01,0.3,0.5,0.001,3.81165,2.17915
64,4,1,0.01,0.3,0.5,0.001,3.83446,2.22024
65,4,1,0.01,0.3,0.5,0.001,3.86767,2.26879
66,4,1,0.01,0.3,0.5,0.001,3.80519,2.16661
67,4,1,0.01,0.3,0.5,0.001,3.86292,2.26889
68,4,1,0.01,0.3,0.5,0.001,3.86891,2.27635
69,4,1,0.01,0.3,0.5,0.001,3.79726,2.16728
70,4,1,0.01,0.3,0.5,0.001,3.82545,2.1917
71,4,1,0.01,0.3,0.5,0.001,3.83231,2.23588
72,4,1,0.01,0.3,0.5,0.001,3.80612,2.16608
73,4,1,0.01,0.3,0.5,0.001,3.79895,2.14604
74,4,1,0.01,0.3,0.5,0.001,3.82793,2.20281
75,4,1,0.01,0.3,0.5,0.001,3.73649,2.05554
76,4,1,0.01,0.3,0.5,0.001,3.86562,2.28037
77,4,1,0.01,0.3,0.5,0.001,3.79737,2.16629
78,4,1,0.01,0.3,0.5,0.001,3.80088,2.15111
79,4,1,0.01,0.3,0.5,0.001,3.79577,2.14181
80,4,1,0.01,0.3,0.5,0.001,3.80296,2.19073
81,4,1,0.01,0.3,0.5,0.001,3.82562,2.22452
82,4,1,0.01,0.3,0.5,0.001,3.82158,2.18579
83,4,1,0.01,0.3,0.5,0.001,3.76335,2.09119
84,4,1,0.01,0.3,0.5,0.001,3.80158,2.15815
85,4,1,0.01,0.3,0.5,0.001,3.77428,2.14427
86,4,1,0.01,0.3,0.5,0.001,3.81006,2.18362
87,4,1,0.01,0.3,0.5,0.001,3.7455,2.05995
88,4,1,0.01,0.3,0.5,0.001,3.82103,2.22809
89,4,1,0.01,0.3,0.5,0.001,3.76474,2.08121
90,4,1,0.01,0.3,0.5,0.001,3.79064,2.13892
91,4,1,0.01,0.3,0.5,0.001,3.75986,2.08551
92,4,1,0.01,0.3,0.5,0.001,3.78159,2.15769
93,4,1,0.01,0.3,0.5,0.001,3.77635,2.11871
94,4,1,0.01,0.3,0.5,0.001,3.77351,2.09166
95,4,1,0.01,0.3,0.5,0.001,3.80497,2.16838
96,4,1,0.01,0.3,0.5,0.001,3.88984,2.30309
97,4,1,0.01,0.3,0.5,0.001,3.82468,2.18719
98,4,1,0.01,0.3,0.5,0.001,3.81778,2.19473
99,4,1,0.01,0.3,0.5,0.001,3.7995,2.16021
0,5,1,0.01,0.3,0.5,0.01,3.72642,1.21584
1,5,1,0.01,0.3,0.5,0.01,3.95986,1.88618
2,5,1,0.01,0.3,0.5,0.01,3.69772,1.18171
3,5,1,0.01,0.3,0.5,0.01,3.71668,1.19376
4,5,1,0.01,0.3,0.5,0.01,3.76459,1.41469
5,5,1,0.01,0.3,0.5,0.01,3.77341,1.47786
6,5,1,0.01,0.3,0.5,0.01,3.60606,0.76719
7,5,1,0.01,0.3,0.5,0.01,3.65911,1.09851
8,5,1,0.01,0.3,0.5,0.01,3.69744,1.25006
9,5,1,0.01,0.3,0.5,0.01,3.66247,1.04567
10,5,1,0.01,0.3,0.5,0.01,3.70446,1.21095
11,5,1,0.01,0.3,0.5,0.01,3.70035,1.06195
12,5,1,0.01,0.3,0.5,0.01,3.69411,1.22922
13,5,1,0.01,0.3,0.5,0.01,3.72723,1.26647
14,5,1,0.01,0.3,0.5,0.01,3.74433,1.40049
15,5,1,0.01,0.3,0.5,0.01,3.64298,1.00968
16,5,1,0.01,0.3,0.5,0.01,3.74755,1.32809
17,5,1,0.01,0.3,0.5,0.01,3.65368,1.06129
18,5,1,0.01,0.3,0.5,0.01,3.71435,1.26306
19,5,1,0.01,0.3,0.5,0.01,3.67944,1.21295
20,5,1,0.01,0.3,0.5,0.01,3.64041,0.88061
21,5,1,0.01,0.3,0.5,0.01,3.67847,1.10925
22,5,1,0.01,0.3,0.5,0.01,3.71026,1.31684
23,5,1,0.01,0.3,0.5,0.01,3.66556,1.06945
24,5,1,0.01,0.3,0.5,0.01,3.73296,1.22869
25,5,1,0.01,0.3,0.5,0.01,3.71695,1.28614
26,5,1,0.01,0.3,0.5,0.01,3.68541,1.06187
27,5,1,0.01,0.3,0.5,0.01,3.63559,0.90794
28,5,1,0.01,0.3,0.5,0.01,3.81016,1.46507
29,5,1,0.01,0.3,0.5,0.01,3.73267,1.23522
30,5,1,0.01,0.3,0.5,0.01,3.71532,1.29322
31,5,1,0.01,0.3,0.5,0.01,3.73791,1.30167
32,5,1,0.01,0.3,0.5,0.01,3.80367,1.46785
33,5,1,0.01,0.3,0.5,0.01,3.66677,1.00136
34,5,1,0.01,0.3,0.5,0.01,3.64413,0.92881
35,5,1,0.01,0.3,0.5,0.01,3.83635,1.60494
36,5,1,0.01,0.3,0.5,0.01,3.77941,1.39168
37,5,1,0.01,0.3,0.5,0.01,3.67221,1.10054
38,5,1,0.01,0.3,0.5,0.01,3.65213,0.95722
39,5,1,0.01,0.3,0.5,0.01,3.73827,1.28981
40,5,1,0.01,0.3,0.5,0.01,3.6812,1.0708
41,5,1,0.01,0.3,0.5,0.01,3.67564,1.19346
42,5,1,0.01,0.3,0.5,0.01,3.85001,1.5984
43,5,1,0.01,0.3,0.5,0.01,3.69243,1.14473
44,5,1,0.01,0.3,0.5,0.01,3.74855,1.32226
45,5,1,0.01,0.3,0.5,0.01,3.7998,1.44533
46,5,1,0.01,0.3,0.5,0.01,3.66007,1.06949
47,5,1,0.01,0.3,0.5,0.01,3.68862,1.1238
48,5,1,0.01,0.3,0.5,0.01,3.63025,1.01232
49,5,1,0.01,0.3,0.5,0.01,3.72084,1.24393
50,5,1,0.01,0.3,0.5,0.01,3.67452,1.17896
51,5,1,0.01,0.3,0.5,0.01,3.68154,1.21349
52,5,1,0.01,0.3,0.5,0.01,3.73274,1.30306
53,5,1,0.01,0.3,0.5,0.01,3.63202,0.92231
54,5,1,0.01,0.3,0.5,0.01,3.71461,1.31909
55,5,1,0.01,0.3,0.5,0.01,3.62702,0.85999
56,5,1,0.01,0.3,0.5,0.01,3.79699,1.42049
57,5,1,0.01,0.3,0.5,0.01,3.62756,0.89062
58,5,1,0.01,0.3,0.5,0.01,3.73714,1.24593
59,5,1,0.01,0.3,0.5,0.01,3.74308,1.30629
60,5,1,0.01,0.3,0.5,0.01,3.69249,1.2088
61,5,1,0.01,0.3,0.5,0.01,3.68537,1.14206
62,5,1,0.01,0.3,0.5,0.01,3.69261,1.10085
63,5,1,0.01,0.3,0.5,0.01,3.68535,1.14034
64,5,1,0.01,0.3,0.5,0.01,3.71555,1.17676
65,5,1,0.01,0.3,0.5,0.01,3.74401,1.34705
66,5,1,0.01,0.3,0.5,0.01,3.63746,0.95409
67,5,1,0.01,0.3,0.5,0.01,3.6237,0.84632
68,5,1,0.01,0.3,0.5,0.01,3.68937,1.12617
69,5,1,0.01,0.3,0.5,0.01,3.93561,1.7509
70,5,1,0.01,0.3,0.5,0.01,3.76386,1.32984
71,5,1,0.01,0.3,0.5,0.01,3.7085,1.15939
72,5,1,0.01,0.3,0.5,0.01,3.72134,1.21431
73,5,1,0.01,0.3,0.5,0.01,3.76813,1.40982
74,5,1,0.01,0.3,0.5,0.01,3.62838,0.99003
75,5,1,0.01,0.3,0.5,0.01,3.67641,1.11742
76,5,1,0.01,0.3,0.5,0.01,3.6721,1.09153
77,5,1,0.01,0.3,0.5,0.01,3.7791,1.42867
78,5,1,0.01,0.3,0.5,0.01,3.68866,1.17317
79,5,1,0.01,0.3,0.5,0.01,3.6506,0.99083
80,5,1,0.01,0.3,0.5,0.01,3.73897,1.2937
81,5,1,0.01,0.3,0.5,0.01,3.83773,1.50997
82,5,1,0.01,0.3,0.5,0.01,3.68858,1.09915
83,5,1,0.01,0.3,0.5,0.01,3.68324,1.18881
84,5,1,0.01,0.3,0.5,0.01,3.6779,1.10847
85,5,1,0.01,0.3,0.5,0.01,3.76297,1.41302
86,5,1,0.01,0.3,0.5,0.01,3.77433,1.40912
87,5,1,0.01,0.3,0.5,0.01,3.69358,1.16741
88,5,1,0.01,0.3,0.5,0.01,3.68987,1.15456
89,5,1,0.01,0.3,0.5,0.01,3.63133,0.98592
90,5,1,0.01,0.3,0.5,0.01,3.68966,1.11701
91,5,1,0.01,0.3,0.5,0.01,3.66684,1.1216
92,5,1,0.01,0.3,0.5,0.01,3.70226,1.2102
93,5,1,0.01,0.3,0.5,0.01,3.71511,1.29662
94,5,1,0.01,0.3,0.5,0.01,3.8167,1.52036
95,5,1,0.01,0.3,0.5,0.01,3.69845,1.08492
96,5,1,0.01,0.3,0.5,0.01,3.67127,1.11989
97,5,1,0.01,0.3,0.5,0.01,3.78366,1.45882
98,5,1,0.01,0.3,0.5,0.01,3.73927,1.31333
99,5,1,0.01,0.3,0.5,0.01,3.6201,0.84891
0,5,1,0.01,0.3,0.5,0.0025,3.91213,2.01356
1,5,1,0.01,0.3,0.5,0.0025,4.12752,2.45576
2,5,1,0.01,0.3,0.5,0.0025,3.84935,1.92511
3,5,1,0.01,0.3,0.5,0.0025,3.87183,1.929
4,5,1,0.01,0.3,0.5,0.0025,3.82329,1.90641
5,5,1,0.01,0.3,0.5,0.0025,3.8747,2.01277
6,5,1,0.01,0.3,0.5,0.0025,3.77511,1.72203
7,5,1,0.01,0.3,0.5,0.0025,3.80878,1.85952
8,5,1,0.01,0.3,0.5,0.0025,3.8009,1.85379
9,5,1,0.01,0.3,0.5,0.0025,3.84604,1.88291
10,5,1,0.01,0.3,0.5,0.0025,3.81438,1.84889
11,5,1,0.01,0.3,0.5,0.0025,3.7103,1.57481
12,5,1,0.01,0.3,0.5,0.0025,3.82057,1.9033
13,5,1,0.01,0.3,0.5,0.0025,3.85786,1.9354
14,5,1,0.01,0.3,0.5,0.0025,3.80781,1.913
15,5,1,0.01,0.3,0.5,0.0025,3.71767,1.64852
16,5,1,0.01,0.3,0.5,0.0025,3.89128,2.00524
17,5,1,0.01,0.3,0.5,0.0025,3.76272,1.74953
18,5,1,0.01,0.3,0.5,0.0025,3.78443,1.80006
19,5,1,0.01,0.3,0.5,0.0025,3.76667,1.80619
20,5,1,0.01,0.3,0.5,0.0025,3.86392,1.89429
21,5,1,0.01,0.3,0.5,0.0025,3.81971,1.85083
22,5,1,0.01,0.3,0.5,0.0025,3.79817,1.895
23,5,1,0.01,0.3,0.5,0.0025,3.786,1.78781
24,5,1,0.01,0.3,0.5,0.0025,3.86,1.90689
25,5,1,0.01,0.3,0.5,0.0025,3.80895,1.87412
26,5,1,0.01,0.3,0.5,0.0025,3.82683,1.86492
27,5,1,0.01,0.3,0.5,0.0025,3.68842,1.57142
28,5,1,0.01,0.3,0.5,0.0025,3.95755,2.11869
29,5,1,0.01,0.3,0.5,0.0025,3.9134,2.02672
30,5,1,0.01,0.3,0.5,0.0025,3.83212,1.89894
31,5,1,0.01,0.3,0.5,0.0025,3.82926,1.88569
32,5,1,0.01,0.3,0.5,0.0025,3.91376,2.05674
33,5,1,0.01,0.3,0.5,0.0025,3.74825,1.70292
34,5,1,0.01,0.3,0.5,0.0025,3.75451,1.70304
35,5,1,0.01,0.3,0.5,0.0025,3.99302,2.22892
36,5,1,0.01,0.3,0.5,0.0025,3.9427,2.07842
37,5,1,0.01,0.3,0.5,0.0025,3.82361,1.86981
38,5,1,0.01,0.3,0.5,0.0025,3.7448,1.66226
39,5,1,0.01,0.3,0.5,0.0025,3.8877,1.98032
40,5,1,0.01,0.3,0.5,0.0025,3.7916,1.80521
41,5,1,0.01,0.3,0.5,0.0025,3.81259,1.87553
42,5,1,0.01,0.3,0.5,0.0025,3.98043,2.15664
43,5,1,0.01,0.3,0.5,0.0025,3.83083,1.87368
44,5,1,0.01,0.3,0.5,0.0025,3.85679,1.95762
45,5,1,0.01,0.3,0.5,0.0025,3.89127,1.98565
46,5,1,0.01,0.3,0.5,0.0025,3.79578,1.81735
47,5,1,0.01,0.3,0.5,0.0025,3.83546,1.88185
48,5,1,0.01,0.3,0.5,0.0025,3.73633,1.7079
49,5,1,0.01,0.3,0.5,0.0025,3.83801,1.88693
50,5,1,0.01,0.3,0.5,0.0025,3.83183,1.88761
51,5,1,0.01,0.3,0.5,0.0025,3.80611,1.87489
52,5,1,0.01,0.3,0.5,0.0025,3.78741,1.80499
53,5,1,0.01,0.3,0.5,0.0025,3.71495,1.61134
54,5,1,0.01,0.3,0.5,0.0025,3.8151,1.9076
55,5,1,0.01,0.3,0.5,0.0025,3.72783,1.62465
56,5,1,0.01,0.3,0.5,0.0025,3.94695,2.09804
57,5,1,0.01,0.3,0.5,0.0025,3.75873,1.69174
58,5,1,0.01,0.3,0.5,0.0025,3.86531,1.93479
59,5,1,0.01,0.3,0.5,0.0025,3.87176,1.93948
60,5,1,0.01,0.3,0.5,0.0025,3.81766,1.87013
61,5,1,0.01,0.3,0.5,0.0025,3.8216,1.85874
62,5,1,0.01,0.3,0.5,0.0025,3.84766,1.89604
63,5,1,0.01,0.3,0.5,0.0025,3.86152,1.92572
64,5,1,0.01,0.3,0.5,0.0025,3.8669,1.95981
65,5,1,0.01,0.3,0.5,0.0025,3.83328,1.91177
66,5,1,0.01,0.3,0.5,0.0025,3.76035,1.7119
67,5,1,0.01,0.3,0.5,0.0025,3.70585,1.58999
68,5,1,0.01,0.3,0.5,0.0025,3.82475,1.85972
69,5,1,0.01,0.3,0.5,0.0025,4.08167,2.31974
70,5,1,0.01,0.3,0.5,0.0025,3.98065,2.14766
71,5,1,0.01,0.3,0.5,0.0025,3.80503,1.79861
72,5,1,0.01,0.3,0.5,0.0025,3.81746,1.8344
73,5,1,0.01,0.3,0.5,0.0025,3.88184,1.98285
74,5,1,0.01,0.3,0.5,0.0025,3.77117,1.77582
75,5,1,0.01,0.3,0.5,0.0025,3.83109,1.86755
76,5,1,0.01,0.3,0.5,0.0025,3.85182,1.91313
77,5,1,0.01,0.3,0.5,0.0025,3.90507,2.03534
78,5,1,0.01,0.3,0.5,0.0025,3.76879,1.75264
79,5,1,0.01,0.3,0.5,0.0025,3.79441,1.80151
80,5,1,0.01,0.3,0.5,0.0025,3.88105,1.97134
81,5,1,0.01,0.3,0.5,0.0025,3.9481,2.08582
82,5,1,0.01,0.3,0.5,0.0025,3.8193,1.84737
83,5,1,0.01,0.3,0.5,0.0025,3.81607,1.87427
84,5,1,0.01,0.3,0.5,0.0025,3.86943,1.93502
85,5,1,0.01,0.3,0.5,0.0025,3.84338,1.92618
86,5,1,0.01,0.3,0.5,0.0025,3.87367,1.96668
87,5,1,0.01,0.3,0.5,0.0025,3.82276,1.8743
88,5,1,0.01,0.3,0.5,0.0025,3.77105,1.78081
89,5,1,0.01,0.3,0.5,0.0025,3.79348,1.8108
90,5,1,0.01,0.3,0.5,0.0025,3.8373,1.87945
91,5,1,0.01,0.3,0.5,0.0025,3.80648,1.86006
92,5,1,0.01,0.3,0.5,0.0025,3.81604,1.8531
93,5,1,0.01,0.3,0.5,0.0025,3.82678,1.91389
94,5,1,0.01,0.3,0.5,0.0025,3.93401,2.08562
95,5,1,0.01,0.3,0.5,0.0025,3.86137,1.90883
96,5,1,0.01,0.3,0.5,0.0025,3.80494,1.8425
97,5,1,0.01,0.3,0.5,0.0025,3.93779,2.12407
98,5,1,0.01,0.3,0.5,0.0025,3.85045,1.91498
99,5,1,0.01,0.3,0.5,0.0025,3.74375,1.69426
0,5,1,0.01,0.3,0.5,0.001,3.95824,2.43307
1,5,1,0.01,0.3,0.5,0.001,4.15316,2.76295
2,5,1,0.01,0.3,0.5,0.001,3.90935,2.36525
3,5,1,0.01,0.3,0.5,0.001,3.94205,2.39532
4,5,1,0.01,0.3,0.5,0.001,3.87248,2.32311
5,5,1,0.01,0.3,0.5,0.001,3.90556,2.37348
6,5,1,0.01,0.3,0.5,0.001,3.8441,2.23836
7,5,1,0.01,0.3,0.5,0.001,3.85855,2.27421
8,5,1,0.01,0.3,0.5,0.001,3.8507,2.27201
9,5,1,0.01,0.3,0.5,0.001,3.91347,2.34711
10,5,1,0.01,0.3,0.5,0.001,3.85689,2.27135
11,5,1,0.01,0.3,0.5,0.001,3.73218,2.03011
12,5,1,0.01,0.3,0.5,0.001,3.86003,2.29635
13,5,1,0.01,0.3,0.5,0.001,3.89123,2.32859
14,5,1,0.01,0.3,0.5,0.001,3.83612,2.27746
15,5,1,0.01,0.3,0.5,0.001,3.75525,2.09641
16,5,1,0.01,0.3,0.5,0.001,3.93204,2.40042
17,5,1,0.01,0.3,0.5,0.001,3.82177,2.20951
18,5,1,0.01,0.3,0.5,0.001,3.82918,2.2273
19,5,1,0.01,0.3,0.5,0.001,3.79228,2.19312
20,5,1,0.01,0.3,0.5,0.001,3.92937,2.37848
21,5,1,0.01,0.3,0.5,0.001,3.91883,2.35728
22,5,1,0.01,0.3,0.5,0.001,3.82402,2.26466
23,5,1,0.01,0.3,0.5,0.001,3.82857,2.23165
24,5,1,0.01,0.3,0.5,0.001,3.8951,2.31965
25,5,1,0.01,0.3,0.5,0.001,3.84426,2.26854
26,5,1,0.01,0.3,0.5,0.001,3.87559,2.31407
27,5,1,0.01,0.3,0.5,0.001,3.73875,2.06734
28,5,1,0.01,0.3,0.5,0.001,3.99796,2.49411
29,5,1,0.01,0.3,0.5,0.001,3.96978,2.44402
30,5,1,0.01,0.3,0.5,0.001,3.88437,2.32055
31,5,1,0.01,0.3,0.5,0.001,3.86329,2.28629
32,5,1,0.01,0.3,0.5,0.001,3.95097,2.43421
33,5,1,0.01,0.3,0.5,0.001,3.80341,2.18283
34,5,1,0.01,0.3,0.5,0.001,3.81433,2.19085
35,5,1,0.01,0.3,0.5,0.001,4.0197,2.57181
36,5,1,0.01,0.3,0.5,0.001,3.98955,2.47746
37,5,1,0.01,0.3,0.5,0.001,3.86742,2.30277
38,5,1,0.01,0.3,0.5,0.001,3.82871,2.20232
39,5,1,0.01,0.3,0.5,0.001,3.92441,2.37696
40,5,1,0.01,0.3,0.5,0.001,3.8413,2.25212
41,5,1,0.01,0.3,0.5,0.001,3.85567,2.2752
42,5,1,0.01,0.3,0.5,0.001,4.02634,2.54046
43,5,1,0.01,0.3,0.5,0.001,3.89116,2.31764
44,5,1,0.01,0.3,0.5,0.001,3.90475,2.36076
45,5,1,0.01,0.3,0.5,0.001,3.92495,2.37858
46,5,1,0.01,0.3,0.5,0.001,3.84785,2.25098
47,5,1,0.01,0.3,0.5,0.001,3.90751,2.34617
48,5,1,0.01,0.3,0.5,0.001,3.77982,2.14645
49,5,1,0.01,0.3,0.5,0.001,3.9151,2.35822
50,5,1,0.01,0.3,0.5,0.001,3.88361,2.30305
51,5,1,0.01,0.3,0.5,0.001,3.84827,2.27381
52,5,1,0.01,0.3,0.5,0.001,3.80561,2.19631
53,5,1,0.01,0.3,0.5,0.001,3.82724,2.20775
54,5,1,0.01,0.3,0.5,0.001,3.83701,2.27416
55,5,1,0.01,0.3,0.5,0.001,3.851,2.24728
56,5,1,0.01,0.3,0.5,0.001,4.0229,2.54322
57,5,1,0.01,0.3,0.5,0.001,3.83537,2.21022
58,5,1,0.01,0.3,0.5,0.001,3.89571,2.33881
59,5,1,0.01,0.3,0.5,0.001,3.92317,2.36508
60,5,1,0.01,0.3,0.5,0.001,3.87506,2.30883
61,5,1,0.01,0.3,0.5,0.001,3.86644,2.28594
62,5,1,0.01,0.3,0.5,0.001,3.89859,2.33353
63,5,1,0.01,0.3,0.5,0.001,3.9246,2.37077
64,5,1,0.01,0.3,0.5,0.001,3.92366,2.39004
65,5,1,0.01,0.3,0.5,0.001,3.87169,2.30928
66,5,1,0.01,0.3,0.5,0.001,3.83818,2.21997
67,5,1,0.01,0.3,0.5,0.001,3.77431,2.12492
68,5,1,0.01,0.3,0.5,0.001,3.88479,2.3091
69,5,1,0.01,0.3,0.5,0.001,4.11654,2.67516
70,5,1,0.01,0.3,0.5,0.001,4.02912,2.54391
71,5,1,0.01,0.3,0.5,0.001,3.87608,2.29213
72,5,1,0.01,0.3,0.5,0.001,3.88006,2.30662
73,5,1,0.01,0.3,0.5,0.001,3.9233,2.37936
74,5,1,0.01,0.3,0.5,0.001,3.84304,2.26
75,5,1,0.01,0.3,0.5,0.001,3.88014,2.31902
76,5,1,0.01,0.3,0.5,0.001,3.91653,2.36847
77,5,1,0.01,0.3,0.5,0.001,3.94345,2.41741
78,5,1,0.01,0.3,0.5,0.001,3.8041,2.1765
79,5,1,0.01,0.3,0.5,0.001,3.85185,2.26557
80,5,1,0.01,0.3,0.5,0.001,3.93925,2.40104
81,5,1,0.01,0.3,0.5,0.001,3.97398,2.46645
82,5,1,0.01,0.3,0.5,0.001,3.88292,2.3128
83,5,1,0.01,0.3,0.5,0.001,3.8717,2.30867
84,5,1,0.01,0.3,0.5,0.001,3.92941,2.37413
85,5,1,0.01,0.3,0.5,0.001,3.85645,2.27988
86,5,1,0.01,0.3,0.5,0.001,3.90835,2.35216
87,5,1,0.01,0.3,0.5,0.001,3.88027,2.30817
88,5,1,0.01,0.3,0.5,0.001,3.83904,2.25576
89,5,1,0.01,0.3,0.5,0.001,3.85584,2.27045
90,5,1,0.01,0.3,0.5,0.001,3.89159,2.327
91,5,1,0.01,0.3,0.5,0.001,3.85644,2.2735
92,5,1,0.01,0.3,0.5,0.001,3.85939,2.2751
93,5,1,0.01,0.3,0.5,0.001,3.86593,2.3083
94,5,1,0.01,0.3,0.5,0.001,3.97917,2.47919
95,5,1,0.01,0.3,0.5,0.001,3.89911,2.33035
96,5,1,0.01,0.3,0.5,0.001,3.86425,2.27963
97,5,1,0.01,0.3,0.5,0.001,4.00789,2.54821
98,5,1,0.01,0.3,0.5,0.001,3.89555,2.32906
99,5,1,0.01,0.3,0.5,0.001,3.80431,2.18214
0,6,1,0.01,0.3,0.5,0.01,3.64055,1.03329
1,6,1,0.01,0.3,0.5,0.01,3.69569,1.17029
2,6,1,0.01,0.3,0.5,0.01,3.60827,0.86325
3,6,1,0.01,0.3,0.5,0.01,3.79905,1.51385
4,6,1,0.01,0.3,0.5,0.01,3.71624,1.18238
5,6,1,0.01,0.3,0.5,0.01,3.67123,1.26227
6,6,1,0.01,0.3,0.5,0.01,3.77254,1.4134
7,6,1,0.01,0.3,0.5,0.01,3.77097,1.38781
8,6,1,0.01,0.3,0.5,0.01,3.69676,1.12622
9,6,1,0.01,0.3,0.5,0.01,3.66186,1.12235
10,6,1,0.01,0.3,0.5,0.01,3.59029,0.88356
11,6,1,0.01,0.3,0.5,0.01,3.67728,1.23905
12,6,1,0.01,0.3,0.5,0.01,3.71051,1.22556
13,6,1,0.01,0.3,0.5,0.01,3.64222,1.12906
14,6,1,0.01,0.3,0.5,0.01,3.77233,1.38764
15,6,1,0.01,0.3,0.5,0.01,3.70333,1.18559
16,6,1,0.01,0.3,0.5,0.01,3.74807,1.35765
17,6,1,0.01,0.3,0.5,0.01,3.79579,1.46671
18,6,1,0.01,0.3,0.5,0.01,3.67478,1.05025
19,6,1,0.01,0.3,0.5,0.01,3.64223,0.96589
20,6,1,0.01,0.3,0.5,0.01,3.7775,1.40897
21,6,1,0.01,0.3,0.5,0.01,3.83546,1.54849
22,6,1,0.01,0.3,0.5,0.01,3.60664,0.9081
23,6,1,0.01,0.3,0.5,0.01,3.74632,1.28421
24,6,1,0.01,0.3,0.5,0.01,3.6597,1.04633
25,6,1,0.01,0.3,0.5,0.01,3.7202,1.29089
26,6,1,0.01,0.3,0.5,0.01,3.62918,0.98947
27,6,1,0.01,0.3,0.5,0.01,3.79736,1.53283
28,6,1,0.01,0.3,0.5,0.01,3.75062,1.32016
29,6,1,0.01,0.3,0.5,0.01,3.7617,1.34268
30,6,1,0.01,0.3,0.5,0.01,3.80348,1.45915
31,6,1,0.01,0.3,0.5,0.01,3.6536,1.13985
32,6,1,0.01,0.3,0.5,0.01,3.67534,1.05042
33,6,1,0.01,0.3,0.5,0.01,3.63084,0.90797
34,6,1,0.01,0.3,0.5,0.01,3.6906,1.12596
35,6,1,0.01,0.3,0.5,0.01,3.65044,0.98868
36,6,1,0.01,0.3,0.5,0.01,3.64804,1.03925
37,6,1,0.01,0.3,0.5,0.01,3.67455,1.25506
38,6,1,0.01,0.3,0.5,0.01,3.69285,1.15851
39,6,1,0.01,0.3,0.5,0.01,3.94603,1.7825
40,6,1,0.01,0.3,0.5,0.01,3.80086,1.46074
41,6,1,0.01,0.3,0.5,0.01,3.74553,1.33227
42,6,1,0.01,0.3,0.5,0.01,3.7143,1.19886
43,6,1,0.01,0.3,0.5,0.01,3.68201,1.12206
44,6,1,0.01,0.3,0.5,0.01,3.68207,1.11135
45,6,1,0.01,0.3,0.5,0.01,3.75832,1.44437
46,6,1,0.01,0.3,0.5,0.01,3.63968,0.96368
47,6,1,0.01,0.3,0.5,0.01,3.63463,0.98594
48,6,1,0.01,0.3,0.5,0.01,3.5817,0.71768
49,6,1,0.01,0.3,0.5,0.01,3.68086,1.0446
50,6,1,0.01,0.3,0.5,0.01,3.79101,1.55499
51,6,1,0.01,0.3,0.5,0.01,3.76463,1.34113
52,6,1,0.01,0.3,0.5,0.01,3.61979,0.98941
53,6,1,0.01,0.3,0.5,0.01,3.65986,1.09326
54,6,1,0.01,0.3,0.5,0.01,3.78253,1.4211
55,6,1,0.01,0.3,0.5,0.01,3.73282,1.30085
56,6,1,0.01,0.3,0.5,0.01,3.71637,1.27709
57,6,1,0.01,0.3,0.5,0.01,3.73611,1.33588
58,6,1,0.01,0.3,0.5,0.01,3.72843,1.30223
59,6,1,0.01,0.3,0.5,0.01,3.61683,0.9027
60,6,1,0.01,0.3,0.5,0.01,3.79416,1.39985
61,6,1,0.01,0.3,0.5,0.01,3.61524,0.94029
62,6,1,0.01,0.3,0.5,0.01,3.59604,0.89016
63,6,1,0.01,0.3,0.5,0.01,3.79623,1.52693
64,6,1,0.01,0.3,0.5,0.01,3.72218,1.21017
65,6,1,0.01,0.3,0.5,0.01,3.69757,1.18118
66,6,1,0.01,0.3,0.5,0.01,3.9452,1.70376
67,6,1,0.01,0.3,0.5,0.01,3.80654,1.47924
68,6,1,0.01,0.3,0.5,0.01,3.65441,1.04706
69,6,1,0.01,0.3,0.5,0.01,3.75149,1.37325
70,6,1,0.01,0.3,0.5,0.01,3.62474,1.01383
71,6,1,0.01,0.3,0.5,0.01,3.652,0.9662
72,6,1,0.01,0.3,0.5,0.01,3.85869,1.59624
73,6,1,0.01,0.3,0.5,0.01,3.64422,1.0088
74,6,1,0.01,0.3,0.5,0.01,3.69644,1.16016
75,6,1,0.01,0.3,0.5,0.01,3.69507,1.16723
76,6,1,0.01,0.3,0.5,0.01,3.8637,1.61336
77,6,1,0.01,0.3,0.5,0.01,3.91932,1.78742
78,6,1,0.01,0.3,0.5,0.01,3.68996,1.22356
79,6,1,0.01,0.3,0.5,0.01,3.72445,1.26736
80,6,1,0.01,0.3,0.5,0.01,3.70293,1.14047
81,6,1,0.01,0.3,0.5,0.01,3.86166,1.6157
82,6,1,0.01,0.3,0.5,0.01,3.69539,1.18104
83,6,1,0.01,0.3,0.5,0.01,3.69828,1.15886
84,6,1,0.01,0.3,0.5,0.01,3.59544,0.84139
85,6,1,0.01,0.3,0.5,0.01,3.70864,1.19077
86,6,1,0.01,0.3,0.5,0.01,3.88113,1.63496
87,6,1,0.01,0.3,0.5,0.01,3.66915,1.06767
88,6,1,0.01,0.3,0.5,0.01,3.67193,1.10125
89,6,1,0.01,0.3,0.5,0.01,3.80102,1.51169
90,6,1,0.01,0.3,0.5,0.01,3.63846,1.06364
91,6,1,0.01,0.3,0.5,0.01,3.77488,1.48734
92,6,1,0.01,0.3,0.5,0.01,3.67618,1.13478
93,6,1,0.01,0.3,0.5,0.01,3.64584,0.97605
94,6,1,0.01,0.3,0.5,0.01,3.7753,1.44936
95,6,1,0.01,0.3,0.5,0.01,3.69715,1.21116
96,6,1,0.01,0.3,0.5,0.01,3.67316,1.15602
97,6,1,0.01,0.3,0.5,0.01,3.82667,1.53082
98,6,1,0.01,0.3,0.5,0.01,3.64847,1.06009
99,6,1,0.01,0.3,0.5,0.01,4.17888,2.2458
0,6,1,0.01,0.3,0.5,0.0025,3.76066,1.77263
1,6,1,0.01,0.3,0.5,0.0025,3.90712,2.04071
2,6,1,0.01,0.3,0.5,0.0025,3.70709,1.59422
3,6,1,0.01,0.3,0.5,0.0025,3.93304,2.1025
4,6,1,0.01,0.3,0.5,0.0025,3.89259,2.01385
5,6,1,0.01,0.3,0.5,0.0025,3.80274,1.93565
6,6,1,0.01,0.3,0.5,0.0025,3.95177,2.12564
7,6,1,0.01,0.3,0.5,0.0025,3.9688,2.16027
8,6,1,0.01,0.3,0.5,0.0025,3.84428,1.90135
9,6,1,0.01,0.3,0.5,0.0025,3.78547,1.85521
10,6,1,0.01,0.3,0.5,0.0025,3.71635,1.68373
11,6,1,0.01,0.3,0.5,0.0025,3.78491,1.89289
12,6,1,0.01,0.3,0.5,0.0025,3.81249,1.87385
13,6,1,0.01,0.3,0.5,0.0025,3.76366,1.8447
14,6,1,0.01,0.3,0.5,0.0025,3.9555,2.11486
15,6,1,0.01,0.3,0.5,0.0025,3.85827,1.95909
16,6,1,0.01,0.3,0.5,0.0025,3.90067,2.05185
17,6,1,0.01,0.3,0.5,0.0025,3.9155,2.03191
18,6,1,0.01,0.3,0.5,0.0025,3.76884,1.77026
19,6,1,0.01,0.3,0.5,0.0025,3.7904,1.74973
20,6,1,0.01,0.3,0.5,0.0025,3.99239,2.18524
21,6,1,0.01,0.3,0.5,0.0025,4.04649,2.26857
22,6,1,0.01,0.3,0.5,0.0025,3.74399,1.70638
23,6,1,0.01,0.3,0.5,0.0025,3.97315,2.15863
24,6,1,0.01,0.3,0.5,0.0025,3.78211,1.78869
25,6,1,0.01,0.3,0.5,0.0025,3.88885,1.99894
26,6,1,0.01,0.3,0.5,0.0025,3.7588,1.76631
27,6,1,0.01,0.3,0.5,0.0025,3.92789,2.11374
28,6,1,0.01,0.3,0.5,0.0025,3.9014,2.03979
29,6,1,0.01,0.3,0.5,0.0025,3.93331,2.10112
30,6,1,0.01,0.3,0.5,0.0025,3.99603,2.18705
31,6,1,0.01,0.3,0.5,0.0025,3.83499,1.90423
32,6,1,0.01,0.3,0.5,0.0025,3.79082,1.79044
33,6,1,0.01,0.3,0.5,0.0025,3.84906,1.88361
34,6,1,0.01,0.3,0.5,0.0025,3.86132,1.93678
35,6,1,0.01,0.3,0.5,0.0025,3.79669,1.82366
36,6,1,0.01,0.3,0.5,0.0025,3.82708,1.88267
37,6,1,0.01,0.3,0.5,0.0025,3.80643,1.93861
38,6,1,0.01,0.3,0.5,0.0025,3.86243,1.98445
39,6,1,0.01,0.3,0.5,0.0025,4.04565,2.26739
40,6,1,0.01,0.3,0.5,0.0025,3.90077,2.02585
41,6,1,0.01,0.3,0.5,0.0025,3.84768,1.92296
42,6,1,0.01,0.3,0.5,0.0025,3.89433,1.98377
43,6,1,0.01,0.3,0.5,0.0025,3.86882,1.96805
44,6,1,0.01,0.3,0.5,0.0025,3.86454,1.95571
45,6,1,0.01,0.3,0.5,0.0025,3.84909,2.00431
46,6,1,0.01,0.3,0.5,0.0025,3.77214,1.77271
47,6,1,0.01,0.3,0.5,0.0025,3.66781,1.55963
48,6,1,0.01,0.3,0.5,0.0025,3.69022,1.57497
49,6,1,0.01,0.3,0.5,0.0025,3.86972,1.91961
50,6,1,0.01,0.3,0.5,0.0025,3.91378,2.13389
51,6,1,0.01,0.3,0.5,0.0025,3.88155,2.01362
52,6,1,0.01,0.3,0.5,0.0025,3.79459,1.86713
53,6,1,0.01,0.3,0.5,0.0025,3.81103,1.85933
54,6,1,0.01,0.3,0.5,0.0025,3.97326,2.15845
55,6,1,0.01,0.3,0.5,0.0025,3.89884,2.02592
56,6,1,0.01,0.3,0.5,0.0025,3.8634,1.99569
57,6,1,0.01,0.3,0.5,0.0025,3.99331,2.20538
58,6,1,0.01,0.3,0.5,0.0025,3.89702,2.00478
59,6,1,0.01,0.3,0.5,0.0025,3.7333,1.65125
60,6,1,0.01,0.3,0.5,0.0025,4.00936,2.20064
61,6,1,0.01,0.3,0.5,0.0025,3.76601,1.78673
62,6,1,0.01,0.3,0.5,0.0025,3.75077,1.74656
63,6,1,0.01,0.3,0.5,0.0025,3.94463,2.17345
64,6,1,0.01,0.3,0.5,0.0025,3.86366,1.93655
65,6,1,0.01,0.3,0.5,0.0025,3.79022,1.8161
66,6,1,0.01,0.3,0.5,0.0025,4.27267,2.64038
67,6,1,0.01,0.3,0.5,0.0025,3.96759,2.14707
68,6,1,0.01,0.3,0.5,0.0025,3.85156,1.93256
69,6,1,0.01,0.3,0.5,0.0025,3.88302,2.01384
70,6,1,0.01,0.3,0.5,0.0025,3.79483,1.87375
71,6,1,0.01,0.3,0.5,0.0025,3.86752,1.93812
72,6,1,0.01,0.3,0.5,0.0025,4.07643,2.34116
73,6,1,0.01,0.3,0.5,0.0025,3.81775,1.87621
74,6,1,0.01,0.3,0.5,0.0025,3.86559,1.96883
75,6,1,0.01,0.3,0.5,0.0025,3.88386,2.0013
76,6,1,0.01,0.3,0.5,0.0025,4.08072,2.34393
77,6,1,0.01,0.3,0.5,0.0025,4.10142,2.39609
78,6,1,0.01,0.3,0.5,0.0025,3.81513,1.92055
79,6,1,0.01,0.3,0.5,0.0025,3.86854,1.95387
80,6,1,0.01,0.3,0.5,0.0025,3.83695,1.8974
81,6,1,0.01,0.3,0.5,0.0025,4.01142,2.23753
82,6,1,0.01,0.3,0.5,0.0025,3.85095,1.94951
83,6,1,0.01,0.3,0.5,0.0025,3.81638,1.88027
84,6,1,0.01,0.3,0.5,0.0025,3.65647,1.54601
85,6,1,0.01,0.3,0.5,0.0025,3.86877,1.97624
86,6,1,0.01,0.3,0.5,0.0025,4.08761,2.33775
87,6,1,0.01,0.3,0.5,0.0025,3.81056,1.84313
88,6,1,0.01,0.3,0.5,0.0025,3.89411,1.98365
89,6,1,0.01,0.3,0.5,0.0025,3.97844,2.17583
90,6,1,0.01,0.3,0.5,0.0025,3.7092,1.68006
91,6,1,0.01,0.3,0.5,0.0025,3.89647,2.06789
92,6,1,0.01,0.3,0.5,0.0025,3.88402,2.00661
93,6,1,0.01,0.3,0.5,0.0025,3.82274,1.85708
94,6,1,0.01,0.3,0.5,0.0025,3.90309,2.05874
95,6,1,0.01,0.3,0.5,0.0025,3.93593,2.07854
96,6,1,0.01,0.3,0.5,0.0025,3.85288,1.94854
97,6,1,0.01,0.3,0.5,0.0025,3.91984,2.07094
98,6,1,0.01,0.3,0.5,0.0025,3.80472,1.86264
99,6,1,0.01,0.3,0.5,0.0025,4.3511,2.76912
0,6,1,0.01,0.3,0.5,0.001,3.86789,2.31214
1,6,1,0.01,0.3,0.5,0.001,3.97763,2.47289
2,6,1,0.01,0.3,0.5,0.001,3.77696,2.11608
3,6,1,0.01,0.3,0.5,0.001,3.98243,2.48999
4,6,1,0.01,0.3,0.5,0.001,3.97256,2.47618
5,6,1,0.01,0.3,0.5,0.001,3.87363,2.34779
6,6,1,0.01,0.3,0.5,0.001,4.01174,2.53339
7,6,1,0.01,0.3,0.5,0.001,4.07399,2.62685
8,6,1,0.01,0.3,0.5,0.001,3.98292,2.48287
9,6,1,0.01,0.3,0.5,0.001,3.83432,2.27593
10,6,1,0.01,0.3,0.5,0.001,3.80646,2.19544
11,6,1,0.01,0.3,0.5,0.001,3.83764,2.29203
12,6,1,0.01,0.3,0.5,0.001,3.88364,2.34054
13,6,1,0.01,0.3,0.5,0.001,3.82622,2.26951
14,6,1,0.01,0.3,0.5,0.001,4.02004,2.5407
15,6,1,0.01,0.3,0.5,0.001,3.93538,2.41912
16,6,1,0.01,0.3,0.5,0.001,3.97557,2.48459
17,6,1,0.01,0.3,0.5,0.001,3.98236,2.46063
18,6,1,0.01,0.3,0.5,0.001,3.86151,2.28882
19,6,1,0.01,0.3,0.5,0.001,3.95454,2.39867
20,6,1,0.01,0.3,0.5,0.001,4.06014,2.59162
21,6,1,0.01,0.3,0.5,0.001,4.11749,2.67268
22,6,1,0.01,0.3,0.5,0.001,3.80537,2.18425
23,6,1,0.01,0.3,0.5,0.001,4.06946,2.62732
24,6,1,0.01,0.3,0.5,0.001,3.89547,2.3541
25,6,1,0.01,0.3,0.5,0.001,3.94537,2.4055
26,6,1,0.01,0.3,0.5,0.001,3.83296,2.25479
27,6,1,0.01,0.3,0.5,0.001,3.993,2.51917
28,6,1,0.01,0.3,0.5,0.001,3.98806,2.49949
29,6,1,0.01,0.3,0.5,0.001,4.01653,2.54372
30,6,1,0.01,0.3,0.5,0.001,4.0431,2.56841
31,6,1,0.01,0.3,0.5,0.001,3.94366,2.40122
32,6,1,0.01,0.3,0.5,0.001,3.88226,2.31298
33,6,1,0.01,0.3,0.5,0.001,3.94524,2.40221
34,6,1,0.01,0.3,0.5,0.001,3.95894,2.43841
35,6,1,0.01,0.3,0.5,0.001,3.87143,2.31113
36,6,1,0.01,0.3,0.5,0.001,3.91026,2.36045
37,6,1,0.01,0.3,0.5,0.001,3.88698,2.36631
38,6,1,0.01,0.3,0.5,0.001,3.94613,2.43743
39,6,1,0.01,0.3,0.5,0.001,4.06386,2.60514
40,6,1,0.01,0.3,0.5,0.001,3.94613,2.42278
41,6,1,0.01,0.3,0.5,0.001,3.94009,2.40499
42,6,1,0.01,0.3,0.5,0.001,3.96565,2.43628
43,6,1,0.01,0.3,0.5,0.001,3.97362,2.46952
44,6,1,0.01,0.3,0.5,0.001,3.93572,2.40197
45,6,1,0.01,0.3,0.5,0.001,3.89589,2.37963
46,6,1,0.01,0.3,0.5,0.001,3.82933,2.2296
47,6,1,0.01,0.3,0.5,0.001,3.7728,2.15007
48,6,1,0.01,0.3,0.5,0.001,3.79625,2.18039
49,6,1,0.01,0.3,0.5,0.001,3.97605,2.44787
50,6,1,0.01,0.3,0.5,0.001,3.95041,2.47772
51,6,1,0.01,0.3,0.5,0.001,3.91814,2.40527
52,6,1,0.01,0.3,0.5,0.001,3.88841,2.34778
53,6,1,0.01,0.3,0.5,0.001,3.88092,2.31646
54,6,1,0.01,0.3,0.5,0.001,4.02622,2.55328
55,6,1,0.01,0.3,0.5,0.001,3.96187,2.43738
56,6,1,0.01,0.3,0.5,0.001,3.93666,2.43486
57,6,1,0.01,0.3,0.5,0.001,4.11692,2.69407
58,6,1,0.01,0.3,0.5,0.001,3.95473,2.41787
59,6,1,0.01,0.3,0.5,0.001,3.85334,2.23995
60,6,1,0.01,0.3,0.5,0.001,4.0742,2.61065
61,6,1,0.01,0.3,0.5,0.001,3.86126,2.28802
62,6,1,0.01,0.3,0.5,0.001,3.87914,2.32123
63,6,1,0.01,0.3,0.5,0.001,4.01065,2.56401
64,6,1,0.01,0.3,0.5,0.001,3.92618,2.38967
65,6,1,0.01,0.3,0.5,0.001,3.86575,2.29345
66,6,1,0.01,0.3,0.5,0.001,4.34263,3.02252
67,6,1,0.01,0.3,0.5,0.001,4.03458,2.56007
68,6,1,0.01,0.3,0.5,0.001,3.9379,2.40124
69,6,1,0.01,0.3,0.5,0.001,3.94188,2.42623
70,6,1,0.01,0.3,0.5,0.001,3.89555,2.3732
71,6,1,0.01,0.3,0.5,0.001,3.95973,2.43808
72,6,1,0.01,0.3,0.5,0.001,4.15657,2.75943
73,6,1,0.01,0.3,0.5,0.001,3.89268,2.3386
74,6,1,0.01,0.3,0.5,0.001,3.93236,2.4024
75,6,1,0.01,0.3,0.5,0.001,3.94899,2.43679
76,6,1,0.01,0.3,0.5,0.001,4.13797,2.71983
77,6,1,0.01,0.3,0.5,0.001,4.15915,2.75801
78,6,1,0.01,0.3,0.5,0.001,3.89331,2.37275
79,6,1,0.01,0.3,0.5,0.001,3.92486,2.37813
80,6,1,0.01,0.3,0.5,0.001,3.89213,2.33087
81,6,1,0.01,0.3,0.5,0.001,4.0576,2.60734
82,6,1,0.01,0.3,0.5,0.001,3.92101,2.38692
83,6,1,0.01,0.3,0.5,0.001,3.88118,2.32822
84,6,1,0.01,0.3,0.5,0.001,3.70558,2.03342
85,6,1,0.01,0.3,0.5,0.001,3.91407,2.38454
86,6,1,0.01,0.3,0.5,0.001,4.15443,2.73809
87,6,1,0.01,0.3,0.5,0.001,3.93258,2.40648
88,6,1,0.01,0.3,0.5,0.001,3.95422,2.43105
89,6,1,0.01,0.3,0.5,0.001,4.04367,2.57886
90,6,1,0.01,0.3,0.5,0.001,3.77962,2.16098
91,6,1,0.01,0.3,0.5,0.001,3.97193,2.48451
92,6,1,0.01,0.3,0.5,0.001,3.96419,2.45414
93,6,1,0.01,0.3,0.5,0.001,3.90463,2.35304
94,6,1,0.01,0.3,0.5,0.001,3.96117,2.46464
95,6,1,0.01,0.3,0.5,0.001,4.01695,2.5244
96,6,1,0.01,0.3,0.5,0.001,3.93846,2.40388
97,6,1,0.01,0.3,0.5,0.001,3.96829,2.46803
98,6,1,0.01,0.3,0.5,0.001,3.88561,2.33792
99,6,1,0.01,0.3,0.5,0.001,4.39021,3.08022
0,7,1,0.01,0.3,0.5,0.01,3.66476,1.04542
1,7,1,0.01,0.3,0.5,0.01,3.73235,1.32825
2,7,1,0.01,0.3,0.5,0.01,3.75186,1.368
3,7,1,0.01,0.3,0.5,0.01,3.68969,1.16789
4,7,1,0.01,0.3,0.5,0.01,3.78589,1.45325
5,7,1,0.01,0.3,0.5,0.01,3.64756,1.0688
6,7,1,0.01,0.3,0.5,0.01,3.79364,1.46231
7,7,1,0.01,0.3,0.5,0.01,3.6051,0.9349
8,7,1,0.01,0.3,0.5,0.01,3.68291,1.18752
9,7,1,0.01,0.3,0.5,0.01,3.64699,1.00389
10,7,1,0.01,0.3,0.5,0.01,3.6025,0.86197
11,7,1,0.01,0.3,0.5,0.01,3.65808,1.11654
12,7,1,0.01,0.3,0.5,0.01,3.61677,0.93879
13,7,1,0.01,0.3,0.5,0.01,3.6813,1.24095
14,7,1,0.01,0.3,0.5,0.01,3.72729,1.30641
15,7,1,0.01,0.3,0.5,0.01,3.73369,1.35897
16,7,1,0.01,0.3,0.5,0.01,3.71664,1.26546
17,7,1,0.01,0.3,0.5,0.01,3.66215,1.05772
18,7,1,0.01,0.3,0.5,0.01,3.72832,1.30765
19,7,1,0.01,0.3,0.5,0.01,3.56981,0.86475
20,7,1,0.01,0.3,0.5,0.01,3.69951,1.24236
21,7,1,0.01,0.3,0.5,0.01,3.73086,1.25421
22,7,1,0.01,0.3,0.5,0.01,3.58455,0.82977
23,7,1,0.01,0.3,0.5,0.01,3.63287,0.90488
24,7,1,0.01,0.3,0.5,0.01,3.70518,1.23611
25,7,1,0.01,0.3,0.5,0.01,3.60765,0.99696
26,7,1,0.01,0.3,0.5,0.01,3.66281,1.06564
27,7,1,0.01,0.3,0.5,0.01,3.59436,0.85291
28,7,1,0.01,0.3,0.5,0.01,3.77634,1.37747
29,7,1,0.01,0.3,0.5,0.01,3.68635,1.04169
30,7,1,0.01,0.3,0.5,0.01,3.69848,1.14654
31,7,1,0.01,0.3,0.5,0.01,3.60094,0.98169
32,7,1,0.01,0.3,0.5,0.01,3.66059,1.12656
33,7,1,0.01,0.3,0.5,0.01,3.74121,1.37184
34,7,1,0.01,0.3,0.5,0.01,3.78503,1.4034
35,7,1,0.01,0.3,0.5,0.01,3.62408,0.99536
36,7,1,0.01,0.3,0.5,0.01,3.73187,1.26118
37,7,1,0.01,0.3,0.5,0.01,3.58264,0.86335
38,7,1,0.01,0.3,0.5,0.01,3.72634,1.26808
39,7,1,0.01,0.3,0.5,0.01,3.66444,1.05199
40,7,1,0.01,0.3,0.5,0.01,3.97609,1.94735
41,7,1,0.01,0.3,0.5,0.01,3.69377,1.16505
42,7,1,0.01,0.3,0.5,0.01,3.74083,1.29434
43,7,1,0.01,0.3,0.5,0.01,3.68406,1.24852
44,7,1,0.01,0.3,0.5,0.01,3.67282,1.14519
45,7,1,0.01,0.3,0.5,0.01,3.75411,1.40726
46,7,1,0.01,0.3,0.5,0.01,3.6606,1.03948
47,7,1,0.01,0.3,0.5,0.01,3.63684,1.04949
48,7,1,0.01,0.3,0.5,0.01,3.60328,0.9114
49,7,1,0.01,0.3,0.5,0.01,3.67188,1.22508
50,7,1,0.01,0.3,0.5,0.01,3.62156,0.95184
51,7,1,0.01,0.3,0.5,0.01,3.5911,0.8616
52,7,1,0.01,0.3,0.5,0.01,3.73522,1.33574
53,7,1,0.01,0.3,0.5,0.01,3.6578,1.15358
54,7,1,0.01,0.3,0.5,0.01,3.85769,1.67019
55,7,1,0.01,0.3,0.5,0.01,3.66111,1.20827
56,7,1,0.01,0.3,0.5,0.01,3.57494,0.80134
57,7,1,0.01,0.3,0.5,0.01,3.78959,1.50589
58,7,1,0.01,0.3,0.5,0.01,3.67813,1.18982
59,7,1,0.01,0.3,0.5,0.01,3.62743,1.02151
60,7,1,0.01,0.3,0.5,0.01,3.96076,1.88423
61,7,1,0.01,0.3,0.5,0.01,3.68185,1.14214
62,7,1,0.01,0.3,0.5,0.01,3.65053,0.99101
63,7,1,0.01,0.3,0.5,0.01,3.79999,1.43756
64,7,1,0.01,0.3,0.5,0.01,3.66785,1.20587
65,7,1,0.01,0.3,0.5,0.01,3.69493,1.08766
66,7,1,0.01,0.3,0.5,0.01,3.56586,0.79605
67,7,1,0.01,0.3,0.5,0.01,3.60885,1.03678
68,7,1,0.01,0.3,0.5,0.01,3.60481,0.97857
69,7,1,0.01,0.3,0.5,0.01,3.72107,1.37416
70,7,1,0.01,0.3,0.5,0.01,3.66654,1.09912
71,7,1,0.01,0.3,0.5,0.01,3.65939,1.00884
72,7,1,0.01,0.3,0.5,0.01,3.74084,1.32693
73,7,1,0.01,0.3,0.5,0.01,3.70978,1.1517
74,7,1,0.01,0.3,0.5,0.01,3.6941,1.20591
75,7,1,0.01,0.3,0.5,0.01,3.71486,1.19195
76,7,1,0.01,0.3,0.5,0.01,3.79098,1.48271
77,7,1,0.01,0.3,0.5,0.01,3.65824,1.02611
78,7,1,0.01,0.3,0.5,0.01,3.79906,1.4664
79,7,1,0.01,0.3,0.5,0.01,3.55526,0.69876
80,7,1,0.01,0.3,0.5,0.01,3.62229,1.00181
81,7,1,0.01,0.3,0.5,0.01,3.65387,1.02736
82,7,1,0.01,0.3,0.5,0.01,3.70814,1.19436
83,7,1,0.01,0.3,0.5,0.01,3.60935,1.07403
84,7,1,0.01,0.3,0.5,0.01,3.59565,0.88388
85,7,1,0.01,0.3,0.5,0.01,3.80049,1.50905
86,7,1,0.01,0.3,0.5,0.01,4.05251,2.08786
87,7,1,0.01,0.3,0.5,0.01,3.66977,1.0056
88,7,1,0.01,0.3,0.5,0.01,3.73759,1.32217
89,7,1,0.01,0.3,0.5,0.01,3.67761,1.1241
90,7,1,0.01,0.3,0.5,0.01,3.63665,1.08804
91,7,1,0.01,0.3,0.5,0.01,3.73113,1.33022
92,7,1,0.01,0.3,0.5,0.01,3.80786,1.442
93,7,1,0.01,0.3,0.5,0.01,3.64564,1.09493
94,7,1,0.01,0.3,0.5,0.01,3.66089,1.12813
95,7,1,0.01,0.3,0.5,0.01,3.74754,1.40698
96,7,1,0.01,0.3,0.5,0.01,3.59757,0.93481
97,7,1,0.01,0.3,0.5,0.01,3.7513,1.30261
98,7,1,0.01,0.3,0.5,0.01,3.57305,0.84098
99,7,1,0.01,0.3,0.5,0.01,3.73929,1.29585
0,7,1,0.01,0.3,0.5,0.0025,3.90042,2.00532
1,7,1,0.01,0.3,0.5,0.0025,3.94135,2.12147
2,7,1,0.01,0.3,0.5,0.0025,3.92304,2.11228
3,7,1,0.01,0.3,0.5,0.0025,3.86682,1.9459
4,7,1,0.01,0.3,0.5,0.0025,4.02357,2.28086
5,7,1,0.01,0.3,0.5,0.0025,3.82621,1.9052
6,7,1,0.01,0.3,0.5,0.0025,4.02168,2.26238
7,7,1,0.01,0.3,0.5,0.0025,3.70225,1.68955
8,7,1,0.01,0.3,0.5,0.0025,3.75731,1.80973
9,7,1,0.01,0.3,0.5,0.0025,3.8111,1.9059
10,7,1,0.01,0.3,0.5,0.0025,3.7446,1.79705
11,7,1,0.01,0.3,0.5,0.0025,3.84926,1.99
12,7,1,0.01,0.3,0.5,0.0025,3.78342,1.82861
13,7,1,0.01,0.3,0.5,0.0025,3.90719,2.10074
14,7,1,0.01,0.3,0.5,0.0025,3.84765,1.93283
15,7,1,0.01,0.3,0.5,0.0025,4.00101,2.23949
16,7,1,0.01,0.3,0.5,0.0025,3.86022,2.00159
17,7,1,0.01,0.3,0.5,0.0025,3.91596,2.04297
18,7,1,0.01,0.3,0.5,0.0025,3.85598,1.99125
19,7,1,0.01,0.3,0.5,0.0025,3.69648,1.70285
20,7,1,0.01,0.3,0.5,0.0025,3.89298,2.03333
21,7,1,0.01,0.3,0.5,0.0025,3.95943,2.1275
22,7,1,0.01,0.3,0.5,0.0025,3.67308,1.5532
23,7,1,0.01,0.3,0.5,0.0025,3.85703,1.92713
24,7,1,0.01,0.3,0.5,0.0025,3.96,2.13657
25,7,1,0.01,0.3,0.5,0.0025,3.79104,1.87946
26,7,1,0.01,0.3,0.5,0.0025,3.88528,2.02079
27,7,1,0.01,0.3,0.5,0.0025,3.72787,1.73592
28,7,1,0.01,0.3,0.5,0.0025,4.05071,2.29122
29,7,1,0.01,0.3,0.5,0.0025,4.02465,2.17781
30,7,1,0.01,0.3,0.5,0.0025,3.9942,2.18283
31,7,1,0.01,0.3,0.5,0.0025,3.7738,1.86976
32,7,1,0.01,0.3,0.5,0.0025,3.81518,1.91643
33,7,1,0.01,0.3,0.5,0.0025,3.88686,2.01184
34,7,1,0.01,0.3,0.5,0.0025,4.00928,2.23488
35,7,1,0.01,0.3,0.5,0.0025,3.75979,1.7834
36,7,1,0.01,0.3,0.5,0.0025,4.00449,2.21174
37,7,1,0.01,0.3,0.5,0.0025,3.72252,1.73418
38,7,1,0.01,0.3,0.5,0.0025,3.87059,2.02106
39,7,1,0.01,0.3,0.5,0.0025,3.88817,2.00008
40,7,1,0.01,0.3,0.5,0.0025,4.11147,2.46883
41,7,1,0.01,0.3,0.5,0.0025,3.80909,1.9094
42,7,1,0.01,0.3,0.5,0.0025,3.87457,1.99804
43,7,1,0.01,0.3,0.5,0.0025,3.83465,1.95216
44,7,1,0.01,0.3,0.5,0.0025,3.88854,2.0265
45,7,1,0.01,0.3,0.5,0.0025,3.97991,2.17963
46,7,1,0.01,0.3,0.5,0.0025,3.88189,1.97524
47,7,1,0.01,0.3,0.5,0.0025,3.84762,1.98068
48,7,1,0.01,0.3,0.5,0.0025,3.79622,1.84976
49,7,1,0.01,0.3,0.5,0.0025,3.85429,2.05891
50,7,1,0.01,0.3,0.5,0.0025,3.85032,1.96412
51,7,1,0.01,0.3,0.5,0.0025,3.68419,1.66331
52,7,1,0.01,0.3,0.5,0.0025,3.97482,2.19693
53,7,1,0.01,0.3,0.5,0.0025,3.84564,1.96735
54,7,1,0.01,0.3,0.5,0.0025,4.2245,2.60791
55,7,1,0.01,0.3,0.5,0.0025,3.8229,1.98424
56,7,1,0.01,0.3,0.5,0.0025,3.66079,1.58936
57,7,1,0.01,0.3,0.5,0.0025,3.98393,2.21203
58,7,1,0.01,0.3,0.5,0.0025,3.88587,2.05244
59,7,1,0.01,0.3,0.5,0.0025,3.78508,1.85777
60,7,1,0.01,0.3,0.5,0.0025,4.05456,2.33707
61,7,1,0.01,0.3,0.5,0.0025,3.881,2.01055
62,7,1,0.01,0.3,0.5,0.0025,3.80263,1.84811
63,7,1,0.01,0.3,0.5,0.0025,4.00812,2.22623
64,7,1,0.01,0.3,0.5,0.0025,3.75952,1.84127
65,7,1,0.01,0.3,0.5,0.0025,3.76427,1.74548
66,7,1,0.01,0.3,0.5,0.0025,3.64414,1.54309
67,7,1,0.01,0.3,0.5,0.0025,3.75717,1.85321
68,7,1,0.01,0.3,0.5,0.0025,3.80049,1.88936
69,7,1,0.01,0.3,0.5,0.0025,3.84597,2.04825
70,7,1,0.01,0.3,0.5,0.0025,3.8549,1.98194
71,7,1,0.01,0.3,0.5,0.0025,3.76436,1.7598
72,7,1,0.01,0.3,0.5,0.0025,3.84846,1.96499
73,7,1,0.01,0.3,0.5,0.0025,3.96863,2.10522
74,7,1,0.01,0.3,0.5,0.0025,3.90584,2.05619
75,7,1,0.01,0.3,0.5,0.0025,3.84292,1.89192
76,7,1,0.01,0.3,0.5,0.0025,3.9898,2.21529
77,7,1,0.01,0.3,0.5,0.0025,3.78298,1.76019
78,7,1,0.01,0.3,0.5,0.0025,4.06276,2.32214
79,7,1,0.01,0.3,0.5,0.0025,3.68384,1.60842
80,7,1,0.01,0.3,0.5,0.0025,3.74272,1.80702
81,7,1,0.01,0.3,0.5,0.0025,3.85191,1.9189
82,7,1,0.01,0.3,0.5,0.0025,3.91638,2.07153
83,7,1,0.01,0.3,0.5,0.0025,3.75058,1.88965
84,7,1,0.01,0.3,0.5,0.0025,3.70849,1.71223
85,7,1,0.01,0.3,0.5,0.0025,4.02616,2.27519
86,7,1,0.01,0.3,0.5,0.0025,4.25628,2.68662
87,7,1,0.01,0.3,0.5,0.0025,3.89162,1.96497
88,7,1,0.01,0.3,0.5,0.0025,3.85752,1.95523
89,7,1,0.01,0.3,0.5,0.0025,3.87162,2.02328
90,7,1,0.01,0.3,0.5,0.0025,3.83364,1.95573
91,7,1,0.01,0.3,0.5,0.0025,3.89692,2.08121
92,7,1,0.01,0.3,0.5,0.0025,4.00781,2.23213
93,7,1,0.01,0.3,0.5,0.0025,3.80572,1.9007
94,7,1,0.01,0.3,0.5,0.0025,3.89097,2.02772
95,7,1,0.01,0.3,0.5,0.0025,3.9289,2.15371
96,7,1,0.01,0.3,0.5,0.0025,3.711,1.72376
97,7,1,0.01,0.3,0.5,0.0025,3.94572,2.09533
98,7,1,0.01,0.3,0.5,0.0025,3.71072,1.71813
99,7,1,0.01,0.3,0.5,0.0025,3.94777,2.1218
0,7,1,0.01,0.3,0.5,0.001,3.99752,2.49875
1,7,1,0.01,0.3,0.5,0.001,4.02895,2.56548
2,7,1,0.01,0.3,0.5,0.001,4.00967,2.54076
3,7,1,0.01,0.3,0.5,0.001,3.94478,2.40874
4,7,1,0.01,0.3,0.5,0.001,4.11449,2.71049
5,7,1,0.01,0.3,0.5,0.001,3.91944,2.39303
6,7,1,0.01,0.3,0.5,0.001,4.10123,2.67451
7,7,1,0.01,0.3,0.5,0.001,3.78465,2.19722
8,7,1,0.01,0.3,0.5,0.001,3.80377,2.24045
9,7,1,0.01,0.3,0.5,0.001,3.88525,2.3684
10,7,1,0.01,0.3,0.5,0.001,3.86142,2.34134
11,7,1,0.01,0.3,0.5,0.001,3.93805,2.43956
12,7,1,0.01,0.3,0.5,0.001,3.87562,2.32583
13,7,1,0.01,0.3,0.5,0.001,4.00472,2.53717
14,7,1,0.01,0.3,0.5,0.001,3.9291,2.39141
15,7,1,0.01,0.3,0.5,0.001,4.0978,2.66412
16,7,1,0.01,0.3,0.5,0.001,3.93191,2.42965
17,7,1,0.01,0.3,0.5,0.001,4.00542,2.51307
18,7,1,0.01,0.3,0.5,0.001,3.94206,2.44855
19,7,1,0.01,0.3,0.5,0.001,3.82164,2.25043
20,7,1,0.01,0.3,0.5,0.001,3.97673,2.48042
21,7,1,0.01,0.3,0.5,0.001,4.03872,2.56912
22,7,1,0.01,0.3,0.5,0.001,3.79257,2.15079
23,7,1,0.01,0.3,0.5,0.001,3.97464,2.47298
24,7,1,0.01,0.3,0.5,0.001,4.06146,2.59216
25,7,1,0.01,0.3,0.5,0.001,3.88898,2.34937
26,7,1,0.01,0.3,0.5,0.001,4.02172,2.56855
27,7,1,0.01,0.3,0.5,0.001,3.83144,2.27676
28,7,1,0.01,0.3,0.5,0.001,4.17457,2.77893
29,7,1,0.01,0.3,0.5,0.001,4.14271,2.69596
30,7,1,0.01,0.3,0.5,0.001,4.11417,2.69395
31,7,1,0.01,0.3,0.5,0.001,3.90613,2.39525
32,7,1,0.01,0.3,0.5,0.001,3.91959,2.41701
33,7,1,0.01,0.3,0.5,0.001,3.96434,2.45052
34,7,1,0.01,0.3,0.5,0.001,4.08392,2.64813
35,7,1,0.01,0.3,0.5,0.001,3.81975,2.24125
36,7,1,0.01,0.3,0.5,0.001,4.09962,2.66431
37,7,1,0.01,0.3,0.5,0.001,3.82988,2.26381
38,7,1,0.01,0.3,0.5,0.001,3.92921,2.43432
39,7,1,0.01,0.3,0.5,0.001,3.98984,2.4979
40,7,1,0.01,0.3,0.5,0.001,4.1416,2.77596
41,7,1,0.01,0.3,0.5,0.001,3.88797,2.38368
42,7,1,0.01,0.3,0.5,0.001,3.95893,2.46212
43,7,1,0.01,0.3,0.5,0.001,3.92189,2.39983
44,7,1,0.01,0.3,0.5,0.001,3.97425,2.49355
45,7,1,0.01,0.3,0.5,0.001,4.07503,2.61654
46,7,1,0.01,0.3,0.5,0.001,4.02693,2.54942
47,7,1,0.01,0.3,0.5,0.001,3.96125,2.47428
48,7,1,0.01,0.3,0.5,0.001,3.94895,2.42919
49,7,1,0.01,0.3,0.5,0.001,3.94717,2.4875
50,7,1,0.01,0.3,0.5,0.001,3.97406,2.47664
51,7,1,0.01,0.3,0.5,0.001,3.77402,2.18153
52,7,1,0.01,0.3,0.5,0.001,4.05688,2.61837
53,7,1,0.01,0.3,0.5,0.001,3.94216,2.42376
54,7,1,0.01,0.3,0.5,0.001,4.31788,2.99561
55,7,1,0.01,0.3,0.5,0.001,3.89913,2.41165
56,7,1,0.01,0.3,0.5,0.001,3.75933,2.1453
57,7,1,0.01,0.3,0.5,0.001,4.02653,2.57141
58,7,1,0.01,0.3,0.5,0.001,3.9893,2.52339
59,7,1,0.01,0.3,0.5,0.001,3.9044,2.38016
60,7,1,0.01,0.3,0.5,0.001,4.10735,2.69561
61,7,1,0.01,0.3,0.5,0.001,3.98788,2.50012
62,7,1,0.01,0.3,0.5,0.001,3.91708,2.38508
63,7,1,0.01,0.3,0.5,0.001,4.05799,2.6004
64,7,1,0.01,0.3,0.5,0.001,3.85506,2.319
65,7,1,0.01,0.3,0.5,0.001,3.83446,2.24137
66,7,1,0.01,0.3,0.5,0.001,3.74419,2.09582
67,7,1,0.01,0.3,0.5,0.001,3.86385,2.33449
68,7,1,0.01,0.3,0.5,0.001,3.93437,2.42615
69,7,1,0.01,0.3,0.5,0.001,3.94893,2.49704
70,7,1,0.01,0.3,0.5,0.001,3.94495,2.44813
71,7,1,0.01,0.3,0.5,0.001,3.84585,2.26912
72,7,1,0.01,0.3,0.5,0.001,3.89863,2.37064
73,7,1,0.01,0.3,0.5,0.001,4.11345,2.6677
74,7,1,0.01,0.3,0.5,0.001,4.00525,2.52146
75,7,1,0.01,0.3,0.5,0.001,4.01337,2.52706
76,7,1,0.01,0.3,0.5,0.001,4.07022,2.63812
77,7,1,0.01,0.3,0.5,0.001,3.93045,2.38126
78,7,1,0.01,0.3,0.5,0.001,4.14114,2.73261
79,7,1,0.01,0.3,0.5,0.001,3.82775,2.23606
80,7,1,0.01,0.3,0.5,0.001,3.79543,2.23343
81,7,1,0.01,0.3,0.5,0.001,3.97158,2.4713
82,7,1,0.01,0.3,0.5,0.001,4.02283,2.55051
83,7,1,0.01,0.3,0.5,0.001,3.84653,2.33297
84,7,1,0.01,0.3,0.5,0.001,3.82974,2.26265
85,7,1,0.01,0.3,0.5,0.001,4.1031,2.67304
86,7,1,0.01,0.3,0.5,0.001,4.31705,3.01791
87,7,1,0.01,0.3,0.5,0.001,4.00664,2.5162
88,7,1,0.01,0.3,0.5,0.001,3.916,2.39208
89,7,1,0.01,0.3,0.5,0.001,3.95621,2.48562
90,7,1,0.01,0.3,0.5,0.001,3.95949,2.45377
91,7,1,0.01,0.3,0.5,0.001,3.97999,2.51494
92,7,1,0.01,0.3,0.5,0.001,4.08784,2.66064
93,7,1,0.01,0.3,0.5,0.001,3.89005,2.3676
94,7,1,0.01,0.3,0.5,0.001,3.99045,2.49854
95,7,1,0.01,0.3,0.5,0.001,3.99846,2.5477
96,7,1,0.01,0.3,0.5,0.001,3.83665,2.28624
97,7,1,0.01,0.3,0.5,0.001,4.03588,2.57677
98,7,1,0.01,0.3,0.5,0.001,3.81188,2.23194
99,7,1,0.01,0.3,0.5,0.001,4.02387,2.55054
0,8,1,0.01,0.3,0.5,0.01,3.58958,0.76565
1,8,1,0.01,0.3,0.5,0.01,3.64267,1.04512
2,8,1,0.01,0.3,0.5,0.01,3.6191,0.95464
3,8,1,0.01,0.3,0.5,0.01,3.73131,1.32689
4,8,1,0.01,0.3,0.5,0.01,3.73812,1.40381
5,8,1,0.01,0.3,0.5,0.01,3.68634,1.11665
6,8,1,0.01,0.3,0.5,0.01,3.70472,1.38057
7,8,1,0.01,0.3,0.5,0.01,3.70469,1.30326
8,8,1,0.01,0.3,0.5,0.01,3.60329,1.00364
9,8,1,0.01,0.3,0.5,0.01,3.85647,1.65077
10,8,1,0.01,0.3,0.5,0.01,3.72838,1.32365
11,8,1,0.01,0.3,0.5,0.01,3.59419,0.97857
12,8,1,0.01,0.3,0.5,0.01,3.6188,1.0196
13,8,1,0.01,0.3,0.5,0.01,3.56158,0.8581
14,8,1,0.01,0.3,0.5,0.01,3.79219,1.54061
15,8,1,0.01,0.3,0.5,0.01,3.73023,1.26744
16,8,1,0.01,0.3,0.5,0.01,3.6386,1.02217
17,8,1,0.01,0.3,0.5,0.01,3.62675,0.93753
18,8,1,0.01,0.3,0.5,0.01,3.63646,1.05036
19,8,1,0.01,0.3,0.5,0.01,3.65856,1.15391
20,8,1,0.01,0.3,0.5,0.01,3.67033,1.14032
21,8,1,0.01,0.3,0.5,0.01,3.68965,1.25734
22,8,1,0.01,0.3,0.5,0.01,3.63183,1.07621
23,8,1,0.01,0.3,0.5,0.01,3.86224,1.62878
24,8,1,0.01,0.3,0.5,0.01,3.58339,0.95247
25,8,1,0.01,0.3,0.5,0.01,3.60734,1.02609
26,8,1,0.01,0.3,0.5,0.01,3.57628,0.83211
27,8,1,0.01,0.3,0.5,0.01,3.62938,1.04765
28,8,1,0.01,0.3,0.5,0.01,3.69266,1.19177
29,8,1,0.01,0.3,0.5,0.01,3.63701,1.04268
30,8,1,0.01,0.3,0.5,0.01,3.61783,0.99126
31,8,1,0.01,0.3,0.5,0.01,3.84833,1.53868
32,8,1,0.01,0.3,0.5,0.01,3.56444,0.89835
33,8,1,0.01,0.3,0.5,0.01,3.66474,1.11306
34,8,1,0.01,0.3,0.5,0.01,3.73592,1.29002
35,8,1,0.01,0.3,0.5,0.01,3.59687,0.80221
36,8,1,0.01,0.3,0.5,0.01,3.6038,0.9147
37,8,1,0.01,0.3,0.5,0.01,3.6413,0.89976
38,8,1,0.01,0.3,0.5,0.01,3.67283,1.05808
39,8,1,0.01,0.3,0.5,0.01,3.55642,0.69034
40,8,1,0.01,0.3,0.5,0.01,3.66015,1.06487
41,8,1,0.01,0.3,0.5,0.01,3.61626,1.14177
42,8,1,0.01,0.3,0.5,0.01,3.62573,1.0795
43,8,1,0.01,0.3,0.5,0.01,3.79479,1.52784
44,8,1,0.01,0.3,0.5,0.01,3.83079,1.62229
45,8,1,0.01,0.3,0.5,0.01,3.6674,1.05163
46,8,1,0.01,0.3,0.5,0.01,3.62839,1.09787
47,8,1,0.01,0.3,0.5,0.01,3.66228,1.0895
48,8,1,0.01,0.3,0.5,0.01,3.725,1.23974
49,8,1,0.01,0.3,0.5,0.01,3.86439,1.58864
50,8,1,0.01,0.3,0.5,0.01,3.62768,1.07284
51,8,1,0.01,0.3,0.5,0.01,3.68621,1.36062
52,8,1,0.01,0.3,0.5,0.01,3.67283,1.09137
53,8,1,0.01,0.3,0.5,0.01,3.59164,1.05173
54,8,1,0.01,0.3,0.5,0.01,3.6008,0.87595
55,8,1,0.01,0.3,0.5,0.01,3.66338,1.12748
56,8,1,0.01,0.3,0.5,0.01,3.78001,1.38412
57,8,1,0.01,0.3,0.5,0.01,3.62024,0.96577
58,8,1,0.01,0.3,0.5,0.01,3.6448,1.12398
59,8,1,0.01,0.3,0.5,0.01,3.71193,1.23536
60,8,1,0.01,0.3,0.5,0.01,3.67679,1.09774
61,8,1,0.01,0.3,0.5,0.01,3.61171,0.95964
62,8,1,0.01,0.3,0.5,0.01,3.87041,1.7019
63,8,1,0.01,0.3,0.5,0.01,3.57337,0.91145
64,8,1,0.01,0.3,0.5,0.01,3.59103,0.9265
65,8,1,0.01,0.3,0.5,0.01,3.72768,1.30358
66,8,1,0.01,0.3,0.5,0.01,3.61461,0.87082
67,8,1,0.01,0.3,0.5,0.01,3.69211,1.14489
68,8,1,0.01,0.3,0.5,0.01,3.59567,1.01784
69,8,1,0.01,0.3,0.5,0.01,3.65913,1.23473
70,8,1,0.01,0.3,0.5,0.01,3.83629,1.53983
71,8,1,0.01,0.3,0.5,0.01,3.6026,0.97786
72,8,1,0.01,0.3,0.5,0.01,3.64901,1.0171
73,8,1,0.01,0.3,0.5,0.01,3.64451,1.03192
74,8,1,0.01,0.3,0.5,0.01,3.68981,1.23991
75,8,1,0.01,0.3,0.5,0.01,3.73602,1.39205
76,8,1,0.01,0.3,0.5,0.01,3.56235,0.78161
77,8,1,0.01,0.3,0.5,0.01,3.58678,0.82995
78,8,1,0.01,0.3,0.5,0.01,3.61376,1.09037
79,8,1,0.01,0.3,0.5,0.01,3.61101,1.08085
80,8,1,0.01,0.3,0.5,0.01,3.73293,1.45498
81,8,1,0.01,0.3,0.5,0.01,3.601,0.94016
82,8,1,0.01,0.3,0.5,0.01,3.70165,1.24746
83,8,1,0.01,0.3,0.5,0.01,3.72972,1.33931
84,8,1,0.01,0.3,0.5,0.01,3.54266,0.72806
85,8,1,0.01,0.3,0.5,0.01,3.69351,1.21796
86,8,1,0.01,0.3,0.5,0.01,3.57335,0.90873
87,8,1,0.01,0.3,0.5,0.01,3.7079,1.18199
88,8,1,0.01,0.3,0.5,0.01,3.70321,1.25216
89,8,1,0.01,0.3,0.5,0.01,3.64765,1.00383
90,8,1,0.01,0.3,0.5,0.01,3.5659,0.94038
91,8,1,0.01,0.3,0.5,0.01,3.71532,1.17199
92,8,1,0.01,0.3,0.5,0.01,3.553,0.86277
93,8,1,0.01,0.3,0.5,0.01,3.61035,0.9484
94,8,1,0.01,0.3,0.5,0.01,3.59432,0.88933
95,8,1,0.01,0.3,0.5,0.01,3.55904,0.68749
96,8,1,0.01,0.3,0.5,0.01,3.81204,1.47654
97,8,1,0.01,0.3,0.5,0.01,3.66646,1.16253
98,8,1,0.01,0.3,0.5,0.01,3.57188,0.90574
99,8,1,0.01,0.3,0.5,0.01,3.57685,0.82772
0,8,1,0.01,0.3,0.5,0.0025,3.82248,1.89806
1,8,1,0.01,0.3,0.5,0.0025,3.80636,1.93977
2,8,1,0.01,0.3,0.5,0.0025,3.80863,1.94867
3,8,1,0.01,0.3,0.5,0.0025,3.93117,2.12316
4,8,1,0.01,0.3,0.5,0.0025,3.97992,2.27806
5,8,1,0.01,0.3,0.5,0.0025,3.92836,2.08571
6,8,1,0.01,0.3,0.5,0.0025,3.84853,2.11193
7,8,1,0.01,0.3,0.5,0.0025,3.93977,2.16357
8,8,1,0.01,0.3,0.5,0.0025,3.80561,1.95221
9,8,1,0.01,0.3,0.5,0.0025,4.02289,2.27888
10,8,1,0.01,0.3,0.5,0.0025,3.94117,2.15905
11,8,1,0.01,0.3,0.5,0.0025,3.80833,1.94138
12,8,1,0.01,0.3,0.5,0.0025,3.73283,1.82231
13,8,1,0.01,0.3,0.5,0.0025,3.64862,1.61723
14,8,1,0.01,0.3,0.5,0.0025,4.04747,2.38011
15,8,1,0.01,0.3,0.5,0.0025,3.92139,2.10919
16,8,1,0.01,0.3,0.5,0.0025,3.78749,1.86779
17,8,1,0.01,0.3,0.5,0.0025,3.81675,1.86451
18,8,1,0.01,0.3,0.5,0.0025,3.85812,1.97583
19,8,1,0.01,0.3,0.5,0.0025,3.87606,2.02961
20,8,1,0.01,0.3,0.5,0.0025,3.91924,2.09544
21,8,1,0.01,0.3,0.5,0.0025,3.81838,1.93452
22,8,1,0.01,0.3,0.5,0.0025,3.7288,1.79891
23,8,1,0.01,0.3,0.5,0.0025,4.12743,2.44581
24,8,1,0.01,0.3,0.5,0.0025,3.76083,1.82935
25,8,1,0.01,0.3,0.5,0.0025,3.71223,1.75982
26,8,1,0.01,0.3,0.5,0.0025,3.73871,1.74351
27,8,1,0.01,0.3,0.5,0.0025,3.81322,1.94165
28,8,1,0.01,0.3,0.5,0.0025,3.90432,2.08944
29,8,1,0.01,0.3,0.5,0.0025,3.7807,1.90629
30,8,1,0.01,0.3,0.5,0.0025,3.77102,1.82825
31,8,1,0.01,0.3,0.5,0.0025,4.22014,2.58936
32,8,1,0.01,0.3,0.5,0.0025,3.7151,1.75625
33,8,1,0.01,0.3,0.5,0.0025,3.78412,1.87301
34,8,1,0.01,0.3,0.5,0.0025,4.04394,2.29891
35,8,1,0.01,0.3,0.5,0.0025,3.77771,1.80943
36,8,1,0.01,0.3,0.5,0.0025,3.73694,1.73007
37,8,1,0.01,0.3,0.5,0.0025,3.87808,1.95297
38,8,1,0.01,0.3,0.5,0.0025,4.01317,2.18542
39,8,1,0.01,0.3,0.5,0.0025,3.66695,1.58289
40,8,1,0.01,0.3,0.5,0.0025,3.93854,2.13417
41,8,1,0.01,0.3,0.5,0.0025,3.75662,1.95089
42,8,1,0.01,0.3,0.5,0.0025,3.855,2.0223
43,8,1,0.01,0.3,0.5,0.0025,3.9316,2.12505
44,8,1,0.01,0.3,0.5,0.0025,4.02689,2.32031
45,8,1,0.01,0.3,0.5,0.0025,3.82807,1.92399
46,8,1,0.01,0.3,0.5,0.0025,3.805,1.97321
47,8,1,0.01,0.3,0.5,0.0025,3.83657,1.92098
48,8,1,0.01,0.3,0.5,0.0025,3.94304,2.15556
49,8,1,0.01,0.3,0.5,0.0025,4.22921,2.58736
50,8,1,0.01,0.3,0.5,0.0025,3.75161,1.84738
51,8,1,0.01,0.3,0.5,0.0025,3.80909,2.06572
52,8,1,0.01,0.3,0.5,0.0025,3.99472,2.20289
53,8,1,0.01,0.3,0.5,0.0025,3.69304,1.79078
54,8,1,0.01,0.3,0.5,0.0025,3.71711,1.70308
55,8,1,0.01,0.3,0.5,0.0025,3.89519,2.08792
56,8,1,0.01,0.3,0.5,0.0025,4.10233,2.42495
57,8,1,0.01,0.3,0.5,0.0025,3.8335,1.97332
58,8,1,0.01,0.3,0.5,0.0025,3.79709,1.90601
59,8,1,0.01,0.3,0.5,0.0025,3.94464,2.15573
60,8,1,0.01,0.3,0.5,0.0025,3.96699,2.19191
61,8,1,0.01,0.3,0.5,0.0025,3.84806,1.98246
62,8,1,0.01,0.3,0.5,0.0025,4.0606,2.34599
63,8,1,0.01,0.3,0.5,0.0025,3.71195,1.75684
64,8,1,0.01,0.3,0.5,0.0025,3.71233,1.72024
65,8,1,0.01,0.3,0.5,0.0025,3.89516,2.05189
66,8,1,0.01,0.3,0.5,0.0025,3.78954,1.80328
67,8,1,0.01,0.3,0.5,0.0025,3.9343,2.11948
68,8,1,0.01,0.3,0.5,0.0025,3.79445,1.94256
69,8,1,0.01,0.3,0.5,0.0025,3.82802,2.02815
70,8,1,0.01,0.3,0.5,0.0025,4.10742,2.41057
71,8,1,0.01,0.3,0.5,0.0025,3.73639,1.79846
72,8,1,0.01,0.3,0.5,0.0025,3.85109,1.96717
73,8,1,0.01,0.3,0.5,0.0025,3.79472,1.85932
74,8,1,0.01,0.3,0.5,0.0025,3.94262,2.18182
75,8,1,0.01,0.3,0.5,0.0025,3.95576,2.21786
76,8,1,0.01,0.3,0.5,0.0025,3.70953,1.72756
77,8,1,0.01,0.3,0.5,0.0025,3.71623,1.73185
78,8,1,0.01,0.3,0.5,0.0025,3.69416,1.79036
79,8,1,0.01,0.3,0.5,0.0025,3.71058,1.85714
80,8,1,0.01,0.3,0.5,0.0025,3.85342,2.09134
81,8,1,0.01,0.3,0.5,0.0025,3.85019,1.95461
82,8,1,0.01,0.3,0.5,0.0025,4.04167,2.33362
83,8,1,0.01,0.3,0.5,0.0025,4.01851,2.29315
84,8,1,0.01,0.3,0.5,0.0025,3.62844,1.61102
85,8,1,0.01,0.3,0.5,0.0025,3.97253,2.20857
86,8,1,0.01,0.3,0.5,0.0025,3.70457,1.77124
87,8,1,0.01,0.3,0.5,0.0025,3.95681,2.14252
88,8,1,0.01,0.3,0.5,0.0025,3.91991,2.12125
89,8,1,0.01,0.3,0.5,0.0025,3.86311,1.96172
90,8,1,0.01,0.3,0.5,0.0025,3.71452,1.83702
91,8,1,0.01,0.3,0.5,0.0025,3.87128,1.94368
92,8,1,0.01,0.3,0.5,0.0025,3.70118,1.76114
93,8,1,0.01,0.3,0.5,0.0025,3.79036,1.89332
94,8,1,0.01,0.3,0.5,0.0025,3.62581,1.57717
95,8,1,0.01,0.3,0.5,0.0025,3.7895,1.81947
96,8,1,0.01,0.3,0.5,0.0025,4.07081,2.37153
97,8,1,0.01,0.3,0.5,0.0025,3.84268,1.98673
98,8,1,0.01,0.3,0.5,0.0025,3.82274,1.95061
99,8,1,0.01,0.3,0.5,0.0025,3.79598,1.90125
0,8,1,0.01,0.3,0.5,0.001,4.02095,2.55844
1,8,1,0.01,0.3,0.5,0.001,3.93715,2.48732
2,8,1,0.01,0.3,0.5,0.001,3.93886,2.47635
3,8,1,0.01,0.3,0.5,0.001,4.02728,2.5682
4,8,1,0.01,0.3,0.5,0.001,4.06954,2.6856
5,8,1,0.01,0.3,0.5,0.001,4.0685,2.63474
6,8,1,0.01,0.3,0.5,0.001,3.94152,2.51921
7,8,1,0.01,0.3,0.5,0.001,4.03019,2.58908
8,8,1,0.01,0.3,0.5,0.001,3.94552,2.47409
9,8,1,0.01,0.3,0.5,0.001,4.11013,2.69959
10,8,1,0.01,0.3,0.5,0.001,4.03617,2.60624
11,8,1,0.01,0.3,0.5,0.001,3.92104,2.42395
12,8,1,0.01,0.3,0.5,0.001,3.85144,2.35292
13,8,1,0.01,0.3,0.5,0.001,3.79268,2.21934
14,8,1,0.01,0.3,0.5,0.001,4.1364,2.77858
15,8,1,0.01,0.3,0.5,0.001,4.02718,2.59261
16,8,1,0.01,0.3,0.5,0.001,3.85292,2.3148
17,8,1,0.01,0.3,0.5,0.001,4.01016,2.53652
18,8,1,0.01,0.3,0.5,0.001,3.98939,2.49577
19,8,1,0.01,0.3,0.5,0.001,4.01603,2.56478
20,8,1,0.01,0.3,0.5,0.001,4.06152,2.63192
21,8,1,0.01,0.3,0.5,0.001,3.9054,2.38126
22,8,1,0.01,0.3,0.5,0.001,3.82013,2.28781
23,8,1,0.01,0.3,0.5,0.001,4.2125,2.85098
24,8,1,0.01,0.3,0.5,0.001,3.94104,2.43473
25,8,1,0.01,0.3,0.5,0.001,3.8285,2.27934
26,8,1,0.01,0.3,0.5,0.001,3.86846,2.30893
27,8,1,0.01,0.3,0.5,0.001,3.95164,2.47263
28,8,1,0.01,0.3,0.5,0.001,3.9854,2.52482
29,8,1,0.01,0.3,0.5,0.001,3.93354,2.47728
30,8,1,0.01,0.3,0.5,0.001,3.92813,2.43213
31,8,1,0.01,0.3,0.5,0.001,4.33906,3.02287
32,8,1,0.01,0.3,0.5,0.001,3.86724,2.33143
33,8,1,0.01,0.3,0.5,0.001,3.87849,2.36457
34,8,1,0.01,0.3,0.5,0.001,4.14755,2.74751
35,8,1,0.01,0.3,0.5,0.001,3.93036,2.43071
36,8,1,0.01,0.3,0.5,0.001,3.81308,2.21819
37,8,1,0.01,0.3,0.5,0.001,4.05542,2.58815
38,8,1,0.01,0.3,0.5,0.001,4.19515,2.79982
39,8,1,0.01,0.3,0.5,0.001,3.78048,2.1693
40,8,1,0.01,0.3,0.5,0.001,4.07111,2.64539
41,8,1,0.01,0.3,0.5,0.001,3.85232,2.39505
42,8,1,0.01,0.3,0.5,0.001,4.00987,2.55202
43,8,1,0.01,0.3,0.5,0.001,4.02464,2.56508
44,8,1,0.01,0.3,0.5,0.001,4.10506,2.71584
45,8,1,0.01,0.3,0.5,0.001,3.93137,2.44051
46,8,1,0.01,0.3,0.5,0.001,3.916,2.44218
47,8,1,0.01,0.3,0.5,0.001,4.02206,2.55461
48,8,1,0.01,0.3,0.5,0.001,4.03922,2.62215
49,8,1,0.01,0.3,0.5,0.001,4.31948,2.99108
50,8,1,0.01,0.3,0.5,0.001,3.84939,2.33709
51,8,1,0.01,0.3,0.5,0.001,3.87507,2.44544
52,8,1,0.01,0.3,0.5,0.001,4.16376,2.77454
53,8,1,0.01,0.3,0.5,0.001,3.80513,2.28263
54,8,1,0.01,0.3,0.5,0.001,3.82713,2.25381
55,8,1,0.01,0.3,0.5,0.001,4.02486,2.59243
56,8,1,0.01,0.3,0.5,0.001,4.19712,2.84721
57,8,1,0.01,0.3,0.5,0.001,3.96594,2.50476
58,8,1,0.01,0.3,0.5,0.001,3.88181,2.36404
59,8,1,0.01,0.3,0.5,0.001,4.0551,2.62205
60,8,1,0.01,0.3,0.5,0.001,4.08316,2.66965
61,8,1,0.01,0.3,0.5,0.001,3.95998,2.48183
62,8,1,0.01,0.3,0.5,0.001,4.15677,2.75897
63,8,1,0.01,0.3,0.5,0.001,3.89903,2.38194
64,8,1,0.01,0.3,0.5,0.001,3.87371,2.34278
65,8,1,0.01,0.3,0.5,0.001,4.03655,2.57352
66,8,1,0.01,0.3,0.5,0.001,3.88984,2.33731
67,8,1,0.01,0.3,0.5,0.001,4.06677,2.631
68,8,1,0.01,0.3,0.5,0.001,3.93334,2.44063
69,8,1,0.01,0.3,0.5,0.001,3.92463,2.47693
70,8,1,0.01,0.3,0.5,0.001,4.23182,2.8833
71,8,1,0.01,0.3,0.5,0.001,3.8574,2.33031
72,8,1,0.01,0.3,0.5,0.001,3.98347,2.50618
73,8,1,0.01,0.3,0.5,0.001,3.92977,2.44488
74,8,1,0.01,0.3,0.5,0.001,4.0422,2.63843
75,8,1,0.01,0.3,0.5,0.001,4.04725,2.65904
76,8,1,0.01,0.3,0.5,0.001,3.8288,2.26451
77,8,1,0.01,0.3,0.5,0.001,3.83981,2.29834
78,8,1,0.01,0.3,0.5,0.001,3.77637,2.25602
79,8,1,0.01,0.3,0.5,0.001,3.8169,2.3311
80,8,1,0.01,0.3,0.5,0.001,3.93572,2.48599
81,8,1,0.01,0.3,0.5,0.001,3.9963,2.50412
82,8,1,0.01,0.3,0.5,0.001,4.15833,2.78238
83,8,1,0.01,0.3,0.5,0.001,4.13928,2.756
84,8,1,0.01,0.3,0.5,0.001,3.72549,2.12577
85,8,1,0.01,0.3,0.5,0.001,4.08594,2.68412
86,8,1,0.01,0.3,0.5,0.001,3.8301,2.30178
87,8,1,0.01,0.3,0.5,0.001,4.08247,2.64843
88,8,1,0.01,0.3,0.5,0.001,4.06423,2.64806
89,8,1,0.01,0.3,0.5,0.001,4.00861,2.54081
90,8,1,0.01,0.3,0.5,0.001,3.82979,2.32338
91,8,1,0.01,0.3,0.5,0.001,4.06346,2.61931
92,8,1,0.01,0.3,0.5,0.001,3.83634,2.29479
93,8,1,0.01,0.3,0.5,0.001,3.87083,2.36167
94,8,1,0.01,0.3,0.5,0.001,3.7118,2.10957
95,8,1,0.01,0.3,0.5,0.001,3.94942,2.43984
96,8,1,0.01,0.3,0.5,0.001,4.15146,2.78388
97,8,1,0.01,0.3,0.5,0.001,3.93393,2.45392
98,8,1,0.01,0.3,0.5,0.001,3.97667,2.49579
99,8,1,0.01,0.3,0.5,0.001,3.94848,2.47462
0,10,1,0.01,0.3,0.5,0.01,3.67408,1.12219
1,10,1,0.01,0.3,0.5,0.01,3.78042,1.50448
2,10,1,0.01,0.3,0.5,0.01,3.59819,1.00151
3,10,1,0.01,0.3,0.5,0.01,3.65023,1.0583
4,10,1,0.01,0.3,0.5,0.01,3.64401,1.0891
5,10,1,0.01,0.3,0.5,0.01,3.59327,1.02584
6,10,1,0.01,0.3,0.5,0.01,3.63674,0.97588
7,10,1,0.01,0.3,0.5,0.01,3.57213,0.94734
8,10,1,0.01,0.3,0.5,0.01,3.60398,0.99478
9,10,1,0.01,0.3,0.5,0.01,3.62393,0.94375
10,10,1,0.01,0.3,0.5,0.01,3.56177,0.78489
11,10,1,0.01,0.3,0.5,0.01,3.77475,1.48591
12,10,1,0.01,0.3,0.5,0.01,3.57623,0.97565
13,10,1,0.01,0.3,0.5,0.01,3.59819,1.01662
14,10,1,0.01,0.3,0.5,0.01,3.60066,0.90952
15,10,1,0.01,0.3,0.5,0.01,3.55946,0.76915
16,10,1,0.01,0.3,0.5,0.01,3.60961,0.91863
17,10,1,0.01,0.3,0.5,0.01,3.62128,1.01929
18,10,1,0.01,0.3,0.5,0.01,3.62084,1.01672
19,10,1,0.01,0.3,0.5,0.01,3.53044,0.79544
20,10,1,0.01,0.3,0.5,0.01,3.68243,1.18571
21,10,1,0.01,0.3,0.5,0.01,3.63796,1.07576
22,10,1,0.01,0.3,0.5,0.01,3.55814,0.94763
23,10,1,0.01,0.3,0.5,0.01,3.5553,0.79645
24,10,1,0.01,0.3,0.5,0.01,3.58418,0.83259
25,10,1,0.01,0.3,0.5,0.01,3.86804,1.6195
26,10,1,0.01,0.3,0.5,0.01,3.61957,0.98411
27,10,1,0.01,0.3,0.5,0.01,3.58895,0.95991
28,10,1,0.01,0.3,0.5,0.01,3.78376,1.47331
29,10,1,0.01,0.3,0.5,0.01,3.63297,0.98064
30,10,1,0.01,0.3,0.5,0.01,3.66746,1.09292
31,10,1,0.01,0.3,0.5,0.01,3.65077,1.13847
32,10,1,0.01,0.3,0.5,0.01,3.92242,1.79137
33,10,1,0.01,0.3,0.5,0.01,3.65381,1.21515
34,10,1,0.01,0.3,0.5,0.01,3.56534,0.86221
35,10,1,0.01,0.3,0.5,0.01,3.61193,1.14788
36,10,1,0.01,0.3,0.5,0.01,3.53388,0.83317
37,10,1,0.01,0.3,0.5,0.01,3.73922,1.32452
38,10,1,0.01,0.3,0.5,0.01,3.72413,1.42817
39,10,1,0.01,0.3,0.5,0.01,3.60046,0.90343
40,10,1,0.01,0.3,0.5,0.01,3.60978,0.92253
41,10,1,0.01,0.3,0.5,0.01,3.5189,0.70731
42,10,1,0.01,0.3,0.5,0.01,3.59111,0.925
43,10,1,0.01,0.3,0.5,0.01,3.59663,1.0213
44,10,1,0.01,0.3,0.5,0.01,3.55048,0.84227
45,10,1,0.01,0.3,0.5,0.01,4.00416,2.02108
46,10,1,0.01,0.3,0.5,0.01,3.58526,1.01931
47,10,1,0.01,0.3,0.5,0.01,3.52193,0.73326
48,10,1,0.01,0.3,0.5,0.01,3.58965,0.80164
49,10,1,0.01,0.3,0.5,0.01,3.58924,1.08162
50,10,1,0.01,0.3,0.5,0.01,3.58636,0.83897
51,10,1,0.01,0.3,0.5,0.01,3.57129,0.71252
52,10,1,0.01,0.3,0.5,0.01,3.60655,1.05704
53,10,1,0.01,0.3,0.5,0.01,3.94828,1.79543
54,10,1,0.01,0.3,0.5,0.01,3.74696,1.36617
55,10,1,0.01,0.3,0.5,0.01,3.74673,1.38617
56,10,1,0.01,0.3,0.5,0.01,3.73075,1.39379
57,10,1,0.01,0.3,0.5,0.01,3.67112,1.22436
58,10,1,0.01,0.3,0.5,0.01,3.64829,1.17586
59,10,1,0.01,0.3,0.5,0.01,3.65901,1.15206
60,10,1,0.01,0.3,0.5,0.01,3.61568,0.99196
61,10,1,0.01,0.3,0.5,0.01,3.5815,0.8098
62,10,1,0.01,0.3,0.5,0.01,4.07076,2.08622
63,10,1,0.01,0.3,0.5,0.01,3.67223,1.2364
64,10,1,0.01,0.3,0.5,0.01,3.56509,0.84969
65,10,1,0.01,0.3,0.5,0.01,3.64646,1.14004
66,10,1,0.01,0.3,0.5,0.01,3.89246,1.80006
67,10,1,0.01,0.3,0.5,0.01,3.57534,0.79383
68,10,1,0.01,0.3,0.5,0.01,3.66995,1.25696
69,10,1,0.01,0.3,0.5,0.01,3.57789,0.92253
70,10,1,0.01,0.3,0.5,0.01,3.56718,0.72521
71,10,1,0.01,0.3,0.5,0.01,3.56077,0.86546
72,10,1,0.01,0.3,0.5,0.01,3.68205,1.39403
73,10,1,0.01,0.3,0.5,0.01,3.62724,1.1787
74,10,1,0.01,0.3,0.5,0.01,3.55495,0.8678
75,10,1,0.01,0.3,0.5,0.01,3.58962,1.05867
76,10,1,0.01,0.3,0.5,0.01,3.51004,0.68139
77,10,1,0.01,0.3,0.5,0.01,3.63316,1.06268
78,10,1,0.01,0.3,0.5,0.01,3.56044,0.93603
79,10,1,0.01,0.3,0.5,0.01,3.52566,0.81594
80,10,1,0.01,0.3,0.5,0.01,3.79222,1.4551
81,10,1,0.01,0.3,0.5,0.01,3.96261,1.85333
82,10,1,0.01,0.3,0.5,0.01,3.59135,0.8826
83,10,1,0.01,0.3,0.5,0.01,3.63359,1.08277
84,10,1,0.01,0.3,0.5,0.01,3.64349,1.13313
85,10,1,0.01,0.3,0.5,0.01,3.67819,1.24637
86,10,1,0.01,0.3,0.5,0.01,3.70367,1.16627
87,10,1,0.01,0.3,0.5,0.01,3.69109,1.34532
88,10,1,0.01,0.3,0.5,0.01,3.61403,1.00475
89,10,1,0.01,0.3,0.5,0.01,3.55692,0.88516
90,10,1,0.01,0.3,0.5,0.01,3.59197,1.00686
91,10,1,0.01,0.3,0.5,0.01,3.93037,1.77759
92,10,1,0.01,0.3,0.5,0.01,3.65008,1.18955
93,10,1,0.01,0.3,0.5,0.01,3.69153,1.37016
94,10,1,0.01,0.3,0.5,0.01,3.53871,0.84722
95,10,1,0.01,0.3,0.5,0.01,4.06186,2.07774
96,10,1,0.01,0.3,0.5,0.01,3.53006,0.82847
97,10,1,0.01,0.3,0.5,0.01,3.74898,1.45458
98,10,1,0.01,0.3,0.5,0.01,3.61308,0.90777
99,10,1,0.01,0.3,0.5,0.01,3.78564,1.41629
0,10,1,0.01,0.3,0.5,0.0025,3.96141,2.21643
1,10,1,0.01,0.3,0.5,0.0025,4.08343,2.42072
2,10,1,0.01,0.3,0.5,0.0025,3.77906,1.95819
3,10,1,0.01,0.3,0.5,0.0025,3.86042,2.05856
4,10,1,0.01,0.3,0.5,0.0025,3.82528,2.00994
5,10,1,0.01,0.3,0.5,0.0025,3.76478,1.93217
6,10,1,0.01,0.3,0.5,0.0025,3.87685,2.05803
7,10,1,0.01,0.3,0.5,0.0025,3.77656,1.91016
8,10,1,0.01,0.3,0.5,0.0025,3.77972,1.91078
9,10,1,0.01,0.3,0.5,0.0025,3.85973,1.99796
10,10,1,0.01,0.3,0.5,0.0025,3.71766,1.77278
11,10,1,0.01,0.3,0.5,0.0025,4.12912,2.53178
12,10,1,0.01,0.3,0.5,0.0025,3.77157,1.95144
13,10,1,0.01,0.3,0.5,0.0025,3.73527,1.83277
14,10,1,0.01,0.3,0.5,0.0025,3.92406,2.13046
15,10,1,0.01,0.3,0.5,0.0025,3.85716,2.02083
16,10,1,0.01,0.3,0.5,0.0025,3.75938,1.77964
17,10,1,0.01,0.3,0.5,0.0025,3.8037,1.90886
18,10,1,0.01,0.3,0.5,0.0025,3.91456,2.10824
19,10,1,0.01,0.3,0.5,0.0025,3.66104,1.71535
20,10,1,0.01,0.3,0.5,0.0025,3.79785,1.8949
21,10,1,0.01,0.3,0.5,0.0025,3.88917,2.10106
22,10,1,0.01,0.3,0.5,0.0025,3.74513,1.96097
23,10,1,0.01,0.3,0.5,0.0025,3.6754,1.76099
24,10,1,0.01,0.3,0.5,0.0025,3.7298,1.75856
25,10,1,0.01,0.3,0.5,0.0025,4.26487,2.62721
26,10,1,0.01,0.3,0.5,0.0025,3.68865,1.6688
27,10,1,0.01,0.3,0.5,0.0025,3.80814,1.95764
28,10,1,0.01,0.3,0.5,0.0025,4.07369,2.40927
29,10,1,0.01,0.3,0.5,0.0025,3.89911,2.09888
30,10,1,0.01,0.3,0.5,0.0025,3.96984,2.19179
31,10,1,0.01,0.3,0.5,0.0025,4.00942,2.30589
32,10,1,0.01,0.3,0.5,0.0025,4.14819,2.49966
33,10,1,0.01,0.3,0.5,0.0025,3.81027,1.99349
34,10,1,0.01,0.3,0.5,0.0025,3.7104,1.7972
35,10,1,0.01,0.3,0.5,0.0025,3.8112,2.0875
36,10,1,0.01,0.3,0.5,0.0025,3.65517,1.81929
37,10,1,0.01,0.3,0.5,0.0025,4.03145,2.3248
38,10,1,0.01,0.3,0.5,0.0025,3.86161,2.13044
39,10,1,0.01,0.3,0.5,0.0025,3.74688,1.83215
40,10,1,0.01,0.3,0.5,0.0025,3.75739,1.84642
41,10,1,0.01,0.3,0.5,0.0025,3.668,1.74531
42,10,1,0.01,0.3,0.5,0.0025,3.78489,1.9494
43,10,1,0.01,0.3,0.5,0.0025,3.87994,2.10387
44,10,1,0.01,0.3,0.5,0.0025,3.65648,1.68754
45,10,1,0.01,0.3,0.5,0.0025,4.36123,2.88118
46,10,1,0.01,0.3,0.5,0.0025,3.71159,1.85688
47,10,1,0.01,0.3,0.5,0.0025,3.7261,1.86038
48,10,1,0.01,0.3,0.5,0.0025,3.81991,1.9034
49,10,1,0.01,0.3,0.5,0.0025,3.63334,1.83019
50,10,1,0.01,0.3,0.5,0.0025,3.74954,1.80049
51,10,1,0.01,0.3,0.5,0.0025,3.82437,1.97412
52,10,1,0.01,0.3,0.5,0.0025,3.74005,1.89708
53,10,1,0.01,0.3,0.5,0.0025,4.22778,2.60291
54,10,1,0.01,0.3,0.5,0.0025,4.14715,2.51146
55,10,1,0.01,0.3,0.5,0.0025,4.11113,2.47292
56,10,1,0.01,0.3,0.5,0.0025,3.9382,2.21275
57,10,1,0.01,0.3,0.5,0.0025,3.92019,2.18616
58,10,1,0.01,0.3,0.5,0.0025,3.87587,2.07064
59,10,1,0.01,0.3,0.5,0.0025,3.90875,2.11689
60,10,1,0.01,0.3,0.5,0.0025,3.73132,1.82926
61,10,1,0.01,0.3,0.5,0.0025,3.75182,1.80018
62,10,1,0.01,0.3,0.5,0.0025,4.2826,2.71463
63,10,1,0.01,0.3,0.5,0.0025,3.8513,2.05614
64,10,1,0.01,0.3,0.5,0.0025,3.71727,1.81435
65,10,1,0.01,0.3,0.5,0.0025,3.78553,1.91211
66,10,1,0.01,0.3,0.5,0.0025,4.1697,2.59232
67,10,1,0.01,0.3,0.5,0.0025,3.67819,1.65078
68,10,1,0.01,0.3,0.5,0.0025,3.82992,2.07979
69,10,1,0.01,0.3,0.5,0.0025,3.73373,1.86241
70,10,1,0.01,0.3,0.5,0.0025,3.70735,1.72666
71,10,1,0.01,0.3,0.5,0.0025,3.71535,1.79454
72,10,1,0.01,0.3,0.5,0.0025,3.99579,2.42804
73,10,1,0.01,0.3,0.5,0.0025,3.76814,2.00171
74,10,1,0.01,0.3,0.5,0.0025,3.64315,1.71813
75,10,1,0.01,0.3,0.5,0.0025,3.6977,1.84746
76,10,1,0.01,0.3,0.5,0.0025,3.63311,1.66391
77,10,1,0.01,0.3,0.5,0.0025,3.9481,2.2127
78,10,1,0.01,0.3,0.5,0.0025,3.65409,1.69945
79,10,1,0.01,0.3,0.5,0.0025,3.61504,1.68837
80,10,1,0.01,0.3,0.5,0.0025,4.10652,2.4581
81,10,1,0.01,0.3,0.5,0.0025,4.10566,2.455
82,10,1,0.01,0.3,0.5,0.0025,3.77007,1.84505
83,10,1,0.01,0.3,0.5,0.0025,3.91268,2.16755
84,10,1,0.01,0.3,0.5,0.0025,3.84618,2.04251
85,10,1,0.01,0.3,0.5,0.0025,3.94229,2.17752
86,10,1,0.01,0.3,0.5,0.0025,3.98642,2.22355
87,10,1,0.01,0.3,0.5,0.0025,3.94099,2.21895
88,10,1,0.01,0.3,0.5,0.0025,3.84424,2.05419
89,10,1,0.01,0.3,0.5,0.0025,3.71899,1.88278
90,10,1,0.01,0.3,0.5,0.0025,3.68094,1.78931
91,10,1,0.01,0.3,0.5,0.0025,4.30231,2.73859
92,10,1,0.01,0.3,0.5,0.0025,3.83582,2.02774
93,10,1,0.01,0.3,0.5,0.0025,4.00217,2.35432
94,10,1,0.01,0.3,0.5,0.0025,3.70258,1.79663
95,10,1,0.01,0.3,0.5,0.0025,4.1816,2.5828
96,10,1,0.01,0.3,0.5,0.0025,3.59513,1.68595
97,10,1,0.01,0.3,0.5,0.0025,4.04335,2.408
98,10,1,0.01,0.3,0.5,0.0025,3.9452,2.1575
99,10,1,0.01,0.3,0.5,0.0025,4.10765,2.44113
0,10,1,0.01,0.3,0.5,0.001,4.09113,2.71585
1,10,1,0.01,0.3,0.5,0.001,4.21734,2.87095
2,10,1,0.01,0.3,0.5,0.001,3.96363,2.55812
3,10,1,0.01,0.3,0.5,0.001,4.01604,2.63042
4,10,1,0.01,0.3,0.5,0.001,3.99181,2.58535
5,10,1,0.01,0.3,0.5,0.001,3.89374,2.43055
6,10,1,0.01,0.3,0.5,0.001,4.04984,2.65366
7,10,1,0.01,0.3,0.5,0.001,4.01173,2.58484
8,10,1,0.01,0.3,0.5,0.001,3.95641,2.52265
9,10,1,0.01,0.3,0.5,0.001,4.04074,2.62552
10,10,1,0.01,0.3,0.5,0.001,3.92783,2.46859
11,10,1,0.01,0.3,0.5,0.001,4.24185,2.94738
12,10,1,0.01,0.3,0.5,0.001,3.99774,2.58111
13,10,1,0.01,0.3,0.5,0.001,3.9019,2.41162
14,10,1,0.01,0.3,0.5,0.001,4.08507,2.67825
15,10,1,0.01,0.3,0.5,0.001,4.10204,2.71637
16,10,1,0.01,0.3,0.5,0.001,3.89742,2.37296
17,10,1,0.01,0.3,0.5,0.001,3.97773,2.52751
18,10,1,0.01,0.3,0.5,0.001,4.09682,2.67947
19,10,1,0.01,0.3,0.5,0.001,3.86358,2.35901
20,10,1,0.01,0.3,0.5,0.001,3.99483,2.5516
21,10,1,0.01,0.3,0.5,0.001,4.0927,2.71045
22,10,1,0.01,0.3,0.5,0.001,3.90433,2.48455
23,10,1,0.01,0.3,0.5,0.001,3.79631,2.29927
24,10,1,0.01,0.3,0.5,0.001,3.90859,2.42101
25,10,1,0.01,0.3,0.5,0.001,4.38548,3.07881
26,10,1,0.01,0.3,0.5,0.001,3.78328,2.20283
27,10,1,0.01,0.3,0.5,0.001,3.93038,2.44879
28,10,1,0.01,0.3,0.5,0.001,4.21985,2.90163
29,10,1,0.01,0.3,0.5,0.001,4.05199,2.65698
30,10,1,0.01,0.3,0.5,0.001,4.20489,2.85174
31,10,1,0.01,0.3,0.5,0.001,4.19376,2.84302
32,10,1,0.01,0.3,0.5,0.001,4.26878,2.93942
33,10,1,0.01,0.3,0.5,0.001,3.95546,2.50917
34,10,1,0.01,0.3,0.5,0.001,3.9075,2.44814
35,10,1,0.01,0.3,0.5,0.001,3.96073,2.57305
36,10,1,0.01,0.3,0.5,0.001,3.81905,2.3793
37,10,1,0.01,0.3,0.5,0.001,4.22186,2.8857
38,10,1,0.01,0.3,0.5,0.001,3.98224,2.59137
39,10,1,0.01,0.3,0.5,0.001,3.90108,2.44659
40,10,1,0.01,0.3,0.5,0.001,3.95006,2.51038
41,10,1,0.01,0.3,0.5,0.001,3.89292,2.43594
42,10,1,0.01,0.3,0.5,0.001,4.05431,2.67799
43,10,1,0.01,0.3,0.5,0.001,4.05906,2.66138
44,10,1,0.01,0.3,0.5,0.001,3.8208,2.30708
45,10,1,0.01,0.3,0.5,0.001,4.44033,3.2195
46,10,1,0.01,0.3,0.5,0.001,3.85909,2.40181
47,10,1,0.01,0.3,0.5,0.001,3.96019,2.54084
48,10,1,0.01,0.3,0.5,0.001,4.0952,2.6791
49,10,1,0.01,0.3,0.5,0.001,3.75222,2.30978
50,10,1,0.01,0.3,0.5,0.001,3.87035,2.34618
51,10,1,0.01,0.3,0.5,0.001,4.12488,2.77336
52,10,1,0.01,0.3,0.5,0.001,3.87112,2.41639
53,10,1,0.01,0.3,0.5,0.001,4.32814,3.03103
54,10,1,0.01,0.3,0.5,0.001,4.32375,3.01849
55,10,1,0.01,0.3,0.5,0.001,4.22825,2.91747
56,10,1,0.01,0.3,0.5,0.001,4.06994,2.69397
57,10,1,0.01,0.3,0.5,0.001,4.12439,2.77242
58,10,1,0.01,0.3,0.5,0.001,4.0294,2.6033
59,10,1,0.01,0.3,0.5,0.001,4.13358,2.76407
60,10,1,0.01,0.3,0.5,0.001,3.89844,2.44812
61,10,1,0.01,0.3,0.5,0.001,3.92693,2.43891
62,10,1,0.01,0.3,0.5,0.001,4.3872,3.11677
63,10,1,0.01,0.3,0.5,0.001,3.96974,2.54199
64,10,1,0.01,0.3,0.5,0.001,3.89342,2.43513
65,10,1,0.01,0.3,0.5,0.001,3.86204,2.34963
66,10,1,0.01,0.3,0.5,0.001,4.27398,2.98526
67,10,1,0.01,0.3,0.5,0.001,3.83299,2.30284
68,10,1,0.01,0.3,0.5,0.001,3.93945,2.54673
69,10,1,0.01,0.3,0.5,0.001,3.924,2.47908
70,10,1,0.01,0.3,0.5,0.001,3.88436,2.38721
71,10,1,0.01,0.3,0.5,0.001,3.92247,2.46208
72,10,1,0.01,0.3,0.5,0.001,4.14419,2.8562
73,10,1,0.01,0.3,0.5,0.001,3.89102,2.46533
74,10,1,0.01,0.3,0.5,0.001,3.83502,2.36336
75,10,1,0.01,0.3,0.5,0.001,3.84032,2.36672
76,10,1,0.01,0.3,0.5,0.001,3.8351,2.35648
77,10,1,0.01,0.3,0.5,0.001,4.13527,2.78203
78,10,1,0.01,0.3,0.5,0.001,3.78417,2.23815
79,10,1,0.01,0.3,0.5,0.001,3.79875,2.30858
80,10,1,0.01,0.3,0.5,0.001,4.2923,2.99757
81,10,1,0.01,0.3,0.5,0.001,4.17719,2.85563
82,10,1,0.01,0.3,0.5,0.001,3.90213,2.39341
83,10,1,0.01,0.3,0.5,0.001,4.10208,2.73242
84,10,1,0.01,0.3,0.5,0.001,4.00521,2.60012
85,10,1,0.01,0.3,0.5,0.001,4.07765,2.66875
86,10,1,0.01,0.3,0.5,0.001,4.18012,2.83208
87,10,1,0.01,0.3,0.5,0.001,4.09021,2.70292
88,10,1,0.01,0.3,0.5,0.001,4.04113,2.64594
89,10,1,0.01,0.3,0.5,0.001,3.9089,2.47203
90,10,1,0.01,0.3,0.5,0.001,3.82952,2.33596
91,10,1,0.01,0.3,0.5,0.001,4.45505,3.21037
92,10,1,0.01,0.3,0.5,0.001,3.97049,2.52533
93,10,1,0.01,0.3,0.5,0.001,4.14916,2.79682
94,10,1,0.01,0.3,0.5,0.001,3.92687,2.46675
95,10,1,0.01,0.3,0.5,0.001,4.27339,2.97479
96,10,1,0.01,0.3,0.5,0.001,3.76953,2.27792
97,10,1,0.01,0.3,0.5,0.001,4.17603,2.8573
98,10,1,0.01,0.3,0.5,0.001,4.14135,2.76164
99,10,1,0.01,0.3,0.5,0.001,4.21523,2.87228
0,11,1,0.01,0.3,0.5,0.01,3.62831,1.05756
1,11,1,0.01,0.3,0.5,0.01,3.58707,1.00112
2,11,1,0.01,0.3,0.5,0.01,3.61468,1.11363
3,11,1,0.01,0.3,0.5,0.01,3.54515,0.7831
4,11,1,0.01,0.3,0.5,0.01,3.58266,0.97712
5,11,1,0.01,0.3,0.5,0.01,3.55237,0.79364
6,11,1,0.01,0.3,0.5,0.01,3.69131,1.25346
7,11,1,0.01,0.3,0.5,0.01,3.56552,0.96974
8,11,1,0.01,0.3,0.5,0.01,3.64671,1.08564
9,11,1,0.01,0.3,0.5,0.01,3.61942,1.09629
10,11,1,0.01,0.3,0.5,0.01,3.5522,0.9394
11,11,1,0.01,0.3,0.5,0.01,3.57722,0.85725
12,11,1,0.01,0.3,0.5,0.01,3.67776,1.17742
13,11,1,0.01,0.3,0.5,0.01,3.53285,0.74074
14,11,1,0.01,0.3,0.5,0.01,3.58283,1.02387
15,11,1,0.01,0.3,0.5,0.01,3.61662,1.01466
16,11,1,0.01,0.3,0.5,0.01,3.60045,1.02459
17,11,1,0.01,0.3,0.5,0.01,3.59755,0.94279
18,11,1,0.01,0.3,0.5,0.01,3.58828,0.93857
19,11,1,0.01,0.3,0.5,0.01,3.58015,0.92379
20,11,1,0.01,0.3,0.5,0.01,3.65678,1.05008
21,11,1,0.01,0.3,0.5,0.01,3.53503,0.80489
22,11,1,0.01,0.3,0.5,0.01,3.72485,1.32496
23,11,1,0.01,0.3,0.5,0.01,3.66708,1.07123
24,11,1,0.01,0.3,0.5,0.01,3.69149,1.18697
25,11,1,0.01,0.3,0.5,0.01,3.5785,1.01182
26,11,1,0.01,0.3,0.5,0.01,3.52245,0.79802
27,11,1,0.01,0.3,0.5,0.01,3.60302,0.90117
28,11,1,0.01,0.3,0.5,0.01,3.67209,1.14908
29,11,1,0.01,0.3,0.5,0.01,3.54413,0.77251
30,11,1,0.01,0.3,0.5,0.01,3.53987,0.75836
31,11,1,0.01,0.3,0.5,0.01,3.5861,0.88999
32,11,1,0.01,0.3,0.5,0.01,3.5474,0.83711
33,11,1,0.01,0.3,0.5,0.01,3.54077,0.8192
34,11,1,0.01,0.3,0.5,0.01,3.77361,1.48505
35,11,1,0.01,0.3,0.5,0.01,3.64513,1.19572
36,11,1,0.01,0.3,0.5,0.01,3.91944,1.77056
37,11,1,0.01,0.3,0.5,0.01,3.59817,1.01131
38,11,1,0.01,0.3,0.5,0.01,3.6457,1.13477
39,11,1,0.01,0.3,0.5,0.01,3.61227,0.92989
40,11,1,0.01,0.3,0.5,0.01,3.56565,0.93184
41,11,1,0.01,0.3,0.5,0.01,3.71999,1.33046
42,11,1,0.01,0.3,0.5,0.01,3.63665,1.02542
43,11,1,0.01,0.3,0.5,0.01,3.58973,0.96275
44,11,1,0.01,0.3,0.5,0.01,3.52143,0.78971
45,11,1,0.01,0.3,0.5,0.01,3.5122,0.75477
46,11,1,0.01,0.3,0.5,0.01,3.63855,1.15313
47,11,1,0.01,0.3,0.5,0.01,3.50037,0.65931
48,11,1,0.01,0.3,0.5,0.01,3.53523,0.83498
49,11,1,0.01,0.3,0.5,0.01,3.66699,1.08484
50,11,1,0.01,0.3,0.5,0.01,3.5947,0.8953
51,11,1,0.01,0.3,0.5,0.01,3.54325,0.8349
52,11,1,0.01,0.3,0.5,0.01,3.61995,1.10086
53,11,1,0.01,0.3,0.5,0.01,3.57345,0.95568
54,11,1,0.01,0.3,0.5,0.01,3.51418,0.74823
55,11,1,0.01,0.3,0.5,0.01,3.54028,0.73158
56,11,1,0.01,0.3,0.5,0.01,3.59114,0.99432
57,11,1,0.01,0.3,0.5,0.01,3.65143,1.09994
58,11,1,0.01,0.3,0.5,0.01,3.56597,0.86559
59,11,1,0.01,0.3,0.5,0.01,3.63268,1.13733
60,11,1,0.01,0.3,0.5,0.01,3.59456,0.82224
61,11,1,0.01,0.3,0.5,0.01,3.60727,0.95606
62,11,1,0.01,0.3,0.5,0.01,3.56128,0.78354
63,11,1,0.01,0.3,0.5,0.01,3.53798,0.72257
64,11,1,0.01,0.3,0.5,0.01,3.58547,1.09359
65,11,1,0.01,0.3,0.5,0.01,3.68321,1.2178
66,11,1,0.01,0.3,0.5,0.01,3.53142,0.87704
67,11,1,0.01,0.3,0.5,0.01,3.57909,0.94566
68,11,1,0.01,0.3,0.5,0.01,3.64048,1.08117
69,11,1,0.01,0.3,0.5,0.01,3.6977,1.26534
70,11,1,0.01,0.3,0.5,0.01,3.67053,1.21169
71,11,1,0.01,0.3,0.5,0.01,3.59424,1.02574
72,11,1,0.01,0.3,0.5,0.01,3.67065,1.18443
73,11,1,0.01,0.3,0.5,0.01,3.54071,0.78517
74,11,1,0.01,0.3,0.5,0.01,3.63942,1.24874
75,11,1,0.01,0.3,0.5,0.01,3.69749,1.26531
76,11,1,0.01,0.3,0.5,0.01,3.53313,0.7973
77,11,1,0.01,0.3,0.5,0.01,3.56451,0.97189
78,11,1,0.01,0.3,0.5,0.01,3.58241,0.83262
79,11,1,0.01,0.3,0.5,0.01,3.64184,1.13122
80,11,1,0.01,0.3,0.5,0.01,3.65005,1.11586
81,11,1,0.01,0.3,0.5,0.01,3.73809,1.49959
82,11,1,0.01,0.3,0.5,0.01,3.65785,1.15348
83,11,1,0.01,0.3,0.5,0.01,3.55742,0.83487
84,11,1,0.01,0.3,0.5,0.01,3.53339,0.70407
85,11,1,0.01,0.3,0.5,0.01,3.52285,0.83574
86,11,1,0.01,0.3,0.5,0.01,3.54596,0.87988
87,11,1,0.01,0.3,0.5,0.01,3.53611,0.74941
88,11,1,0.01,0.3,0.5,0.01,4.32507,2.62343
89,11,1,0.01,0.3,0.5,0.01,3.65344,1.21028
90,11,1,0.01,0.3,0.5,0.01,3.62041,0.93914
91,11,1,0.01,0.3,0.5,0.01,3.59561,0.99181
92,11,1,0.01,0.3,0.5,0.01,3.63453,1.04606
93,11,1,0.01,0.3,0.5,0.01,3.64413,1.16687
94,11,1,0.01,0.3,0.5,0.01,3.65638,1.10996
95,11,1,0.01,0.3,0.5,0.01,3.54809,0.95877
96,11,1,0.01,0.3,0.5,0.01,3.95252,1.90998
97,11,1,0.01,0.3,0.5,0.01,3.5843,0.93925
98,11,1,0.01,0.3,0.5,0.01,3.71598,1.38943
99,11,1,0.01,0.3,0.5,0.01,3.53628,0.84649
0,11,1,0.01,0.3,0.5,0.0025,3.87978,2.0821
1,11,1,0.01,0.3,0.5,0.0025,3.7806,2.00001
2,11,1,0.01,0.3,0.5,0.0025,3.85127,2.10698
3,11,1,0.01,0.3,0.5,0.0025,3.67865,1.774
4,11,1,0.01,0.3,0.5,0.0025,3.87524,2.12584
5,11,1,0.01,0.3,0.5,0.0025,3.76284,1.90571
6,11,1,0.01,0.3,0.5,0.0025,3.73563,1.82537
7,11,1,0.01,0.3,0.5,0.0025,3.77482,2.03288
8,11,1,0.01,0.3,0.5,0.0025,3.98083,2.2484
9,11,1,0.01,0.3,0.5,0.0025,3.82636,2.02942
10,11,1,0.01,0.3,0.5,0.0025,3.64665,1.78859
11,11,1,0.01,0.3,0.5,0.0025,3.75643,1.84964
12,11,1,0.01,0.3,0.5,0.0025,4.01935,2.32595
13,11,1,0.01,0.3,0.5,0.0025,3.57166,1.55002
14,11,1,0.01,0.3,0.5,0.0025,3.783,1.97661
15,11,1,0.01,0.3,0.5,0.0025,3.84688,2.02567
16,11,1,0.01,0.3,0.5,0.0025,3.77419,1.94488
17,11,1,0.01,0.3,0.5,0.0025,3.84572,2.02588
18,11,1,0.01,0.3,0.5,0.0025,3.72826,1.79441
19,11,1,0.01,0.3,0.5,0.0025,3.74235,1.94204
20,11,1,0.01,0.3,0.5,0.0025,3.7858,1.82397
21,11,1,0.01,0.3,0.5,0.0025,3.66782,1.77597
22,11,1,0.01,0.3,0.5,0.0025,4.15163,2.51705
23,11,1,0.01,0.3,0.5,0.0025,4.04049,2.29411
24,11,1,0.01,0.3,0.5,0.0025,3.93541,2.16096
25,11,1,0.01,0.3,0.5,0.0025,3.8249,2.16176
26,11,1,0.01,0.3,0.5,0.0025,3.75176,1.92959
27,11,1,0.01,0.3,0.5,0.0025,3.73537,1.8249
28,11,1,0.01,0.3,0.5,0.0025,4.10504,2.47017
29,11,1,0.01,0.3,0.5,0.0025,3.61703,1.57953
30,11,1,0.01,0.3,0.5,0.0025,3.60129,1.64314
31,11,1,0.01,0.3,0.5,0.0025,3.74166,1.84442
32,11,1,0.01,0.3,0.5,0.0025,3.64253,1.70553
33,11,1,0.01,0.3,0.5,0.0025,3.6448,1.75238
34,11,1,0.01,0.3,0.5,0.0025,3.97442,2.31387
35,11,1,0.01,0.3,0.5,0.0025,3.89633,2.21677
36,11,1,0.01,0.3,0.5,0.0025,4.30029,2.76707
37,11,1,0.01,0.3,0.5,0.0025,3.89406,2.14667
38,11,1,0.01,0.3,0.5,0.0025,3.81219,1.98896
39,11,1,0.01,0.3,0.5,0.0025,3.67887,1.66149
40,11,1,0.01,0.3,0.5,0.0025,3.78502,2.00037
41,11,1,0.01,0.3,0.5,0.0025,4.0516,2.39349
42,11,1,0.01,0.3,0.5,0.0025,3.76489,1.80793
43,11,1,0.01,0.3,0.5,0.0025,3.76982,1.91085
44,11,1,0.01,0.3,0.5,0.0025,3.66756,1.80096
45,11,1,0.01,0.3,0.5,0.0025,3.60716,1.59658
46,11,1,0.01,0.3,0.5,0.0025,3.88734,2.18057
47,11,1,0.01,0.3,0.5,0.0025,3.62288,1.68406
48,11,1,0.01,0.3,0.5,0.0025,3.63624,1.68161
49,11,1,0.01,0.3,0.5,0.0025,3.95306,2.18531
50,11,1,0.01,0.3,0.5,0.0025,3.79468,1.88564
51,11,1,0.01,0.3,0.5,0.0025,3.68497,1.7275
52,11,1,0.01,0.3,0.5,0.0025,3.75541,1.92644
53,11,1,0.01,0.3,0.5,0.0025,3.67057,1.80396
54,11,1,0.01,0.3,0.5,0.0025,3.56443,1.62533
55,11,1,0.01,0.3,0.5,0.0025,3.69955,1.7171
56,11,1,0.01,0.3,0.5,0.0025,3.75945,1.9307
57,11,1,0.01,0.3,0.5,0.0025,4.11426,2.46712
58,11,1,0.01,0.3,0.5,0.0025,3.81163,2.03717
59,11,1,0.01,0.3,0.5,0.0025,3.93201,2.18693
60,11,1,0.01,0.3,0.5,0.0025,3.80179,1.90313
61,11,1,0.01,0.3,0.5,0.0025,3.58457,1.53823
62,11,1,0.01,0.3,0.5,0.0025,3.67706,1.72922
63,11,1,0.01,0.3,0.5,0.0025,3.65851,1.6357
64,11,1,0.01,0.3,0.5,0.0025,3.71534,1.98356
65,11,1,0.01,0.3,0.5,0.0025,4.06601,2.39816
66,11,1,0.01,0.3,0.5,0.0025,3.73562,1.95729
67,11,1,0.01,0.3,0.5,0.0025,3.6708,1.75465
68,11,1,0.01,0.3,0.5,0.0025,3.98464,2.30804
69,11,1,0.01,0.3,0.5,0.0025,4.03002,2.37802
70,11,1,0.01,0.3,0.5,0.0025,3.90472,2.12824
71,11,1,0.01,0.3,0.5,0.0025,3.82182,2.08565
72,11,1,0.01,0.3,0.5,0.0025,3.89184,2.09883
73,11,1,0.01,0.3,0.5,0.0025,3.65028,1.71564
74,11,1,0.01,0.3,0.5,0.0025,3.79144,2.05377
75,11,1,0.01,0.3,0.5,0.0025,3.88765,2.08437
76,11,1,0.01,0.3,0.5,0.0025,3.59149,1.60708
77,11,1,0.01,0.3,0.5,0.0025,3.80893,2.04195
78,11,1,0.01,0.3,0.5,0.0025,3.68132,1.70846
79,11,1,0.01,0.3,0.5,0.0025,3.78964,1.92955
80,11,1,0.01,0.3,0.5,0.0025,3.79677,1.9386
81,11,1,0.01,0.3,0.5,0.0025,3.90895,2.29412
82,11,1,0.01,0.3,0.5,0.0025,3.95798,2.24836
83,11,1,0.01,0.3,0.5,0.0025,3.69216,1.74767
84,11,1,0.01,0.3,0.5,0.0025,3.68762,1.75906
85,11,1,0.01,0.3,0.5,0.0025,3.62566,1.7489
86,11,1,0.01,0.3,0.5,0.0025,3.62422,1.67077
87,11,1,0.01,0.3,0.5,0.0025,3.76932,1.93248
88,11,1,0.01,0.3,0.5,0.0025,4.97789,3.76343
89,11,1,0.01,0.3,0.5,0.0025,3.88244,2.12278
90,11,1,0.01,0.3,0.5,0.0025,3.73379,1.78598
91,11,1,0.01,0.3,0.5,0.0025,3.75335,1.92944
92,11,1,0.01,0.3,0.5,0.0025,3.81884,1.91454
93,11,1,0.01,0.3,0.5,0.0025,3.86415,2.09461
94,11,1,0.01,0.3,0.5,0.0025,3.80329,1.9684
95,11,1,0.01,0.3,0.5,0.0025,3.68051,1.92355
96,11,1,0.01,0.3,0.5,0.0025,4.20124,2.61867
97,11,1,0.01,0.3,0.5,0.0025,3.85416,2.06062
98,11,1,0.01,0.3,0.5,0.0025,3.93988,2.20439
99,11,1,0.01,0.3,0.5,0.0025,3.6643,1.7901
0,11,1,0.01,0.3,0.5,0.001,4.09611,2.72544
1,11,1,0.01,0.3,0.5,0.001,3.99699,2.61208
2,11,1,0.01,0.3,0.5,0.001,4.05133,2.71175
3,11,1,0.01,0.3,0.5,0.001,3.85694,2.39664
4,11,1,0.01,0.3,0.5,0.001,4.07323,2.69965
5,11,1,0.01,0.3,0.5,0.001,4.00129,2.61752
6,11,1,0.01,0.3,0.5,0.001,3.7952,2.2921
7,11,1,0.01,0.3,0.5,0.001,3.95664,2.58012
8,11,1,0.01,0.3,0.5,0.001,4.2459,2.94036
9,11,1,0.01,0.3,0.5,0.001,4.02185,2.63012
10,11,1,0.01,0.3,0.5,0.001,3.77922,2.31938
11,11,1,0.01,0.3,0.5,0.001,3.96426,2.55281
12,11,1,0.01,0.3,0.5,0.001,4.20192,2.89175
13,11,1,0.01,0.3,0.5,0.001,3.71595,2.15633
14,11,1,0.01,0.3,0.5,0.001,3.98407,2.58681
15,11,1,0.01,0.3,0.5,0.001,4.02184,2.61456
16,11,1,0.01,0.3,0.5,0.001,3.90503,2.48354
17,11,1,0.01,0.3,0.5,0.001,4.06904,2.68912
18,11,1,0.01,0.3,0.5,0.001,3.9976,2.56103
19,11,1,0.01,0.3,0.5,0.001,3.90092,2.50372
20,11,1,0.01,0.3,0.5,0.001,3.89444,2.37422
21,11,1,0.01,0.3,0.5,0.001,3.86043,2.39119
22,11,1,0.01,0.3,0.5,0.001,4.27531,2.97068
23,11,1,0.01,0.3,0.5,0.001,4.2541,2.91294
24,11,1,0.01,0.3,0.5,0.001,4.073,2.68905
25,11,1,0.01,0.3,0.5,0.001,3.99167,2.67191
26,11,1,0.01,0.3,0.5,0.001,3.97239,2.56572
27,11,1,0.01,0.3,0.5,0.001,3.91417,2.44927
28,11,1,0.01,0.3,0.5,0.001,4.30898,3.04303
29,11,1,0.01,0.3,0.5,0.001,3.79832,2.25038
30,11,1,0.01,0.3,0.5,0.001,3.74979,2.2473
31,11,1,0.01,0.3,0.5,0.001,3.92191,2.46265
32,11,1,0.01,0.3,0.5,0.001,3.79518,2.29317
33,11,1,0.01,0.3,0.5,0.001,3.84124,2.38319
34,11,1,0.01,0.3,0.5,0.001,4.09502,2.77855
35,11,1,0.01,0.3,0.5,0.001,4.11084,2.79964
36,11,1,0.01,0.3,0.5,0.001,4.41129,3.1796
37,11,1,0.01,0.3,0.5,0.001,4.10885,2.7381
38,11,1,0.01,0.3,0.5,0.001,4.02253,2.64315
39,11,1,0.01,0.3,0.5,0.001,3.81292,2.27734
40,11,1,0.01,0.3,0.5,0.001,3.96315,2.548
41,11,1,0.01,0.3,0.5,0.001,4.23408,2.93571
42,11,1,0.01,0.3,0.5,0.001,3.92602,2.42023
43,11,1,0.01,0.3,0.5,0.001,3.94814,2.5372
44,11,1,0.01,0.3,0.5,0.001,3.90254,2.48465
45,11,1,0.01,0.3,0.5,0.001,3.79784,2.24454
46,11,1,0.01,0.3,0.5,0.001,4.05938,2.73361
47,11,1,0.01,0.3,0.5,0.001,3.87163,2.415
48,11,1,0.01,0.3,0.5,0.001,3.82018,2.33237
49,11,1,0.01,0.3,0.5,0.001,4.18329,2.85464
50,11,1,0.01,0.3,0.5,0.001,4.01043,2.58267
51,11,1,0.01,0.3,0.5,0.001,3.88931,2.39953
52,11,1,0.01,0.3,0.5,0.001,3.85927,2.38933
53,11,1,0.01,0.3,0.5,0.001,3.85836,2.41739
54,11,1,0.01,0.3,0.5,0.001,3.76755,2.28266
55,11,1,0.01,0.3,0.5,0.001,3.94306,2.4692
56,11,1,0.01,0.3,0.5,0.001,3.95868,2.55584
57,11,1,0.01,0.3,0.5,0.001,4.33702,3.04517
58,11,1,0.01,0.3,0.5,0.001,4.05276,2.70712
59,11,1,0.01,0.3,0.5,0.001,4.18076,2.82887
60,11,1,0.01,0.3,0.5,0.001,3.97406,2.5152
61,11,1,0.01,0.3,0.5,0.001,3.6642,2.10767
62,11,1,0.01,0.3,0.5,0.001,3.85523,2.37804
63,11,1,0.01,0.3,0.5,0.001,3.81024,2.25737
64,11,1,0.01,0.3,0.5,0.001,3.90536,2.55375
65,11,1,0.01,0.3,0.5,0.001,4.2834,2.98958
66,11,1,0.01,0.3,0.5,0.001,3.98886,2.61952
67,11,1,0.01,0.3,0.5,0.001,3.7989,2.30715
68,11,1,0.01,0.3,0.5,0.001,4.17927,2.86314
69,11,1,0.01,0.3,0.5,0.001,4.22462,2.92096
70,11,1,0.01,0.3,0.5,0.001,4.05724,2.674
71,11,1,0.01,0.3,0.5,0.001,4.03409,2.69306
72,11,1,0.01,0.3,0.5,0.001,3.99339,2.57777
73,11,1,0.01,0.3,0.5,0.001,3.84308,2.37881
74,11,1,0.01,0.3,0.5,0.001,3.95232,2.57201
75,11,1,0.01,0.3,0.5,0.001,4.05301,2.65145
76,11,1,0.01,0.3,0.5,0.001,3.78345,2.26707
77,11,1,0.01,0.3,0.5,0.001,4.01546,2.63366
78,11,1,0.01,0.3,0.5,0.001,3.8183,2.30693
79,11,1,0.01,0.3,0.5,0.001,3.9939,2.57454
80,11,1,0.01,0.3,0.5,0.001,3.98662,2.58477
81,11,1,0.01,0.3,0.5,0.001,4.02831,2.71943
82,11,1,0.01,0.3,0.5,0.001,4.12733,2.78312
83,11,1,0.01,0.3,0.5,0.001,3.8783,2.40077
84,11,1,0.01,0.3,0.5,0.001,3.89314,2.4403
85,11,1,0.01,0.3,0.5,0.001,3.81532,2.37339
86,11,1,0.01,0.3,0.5,0.001,3.76281,2.22262
87,11,1,0.01,0.3,0.5,0.001,4.01062,2.63017
88,11,1,0.01,0.3,0.5,0.001,5.10945,4.11619
89,11,1,0.01,0.3,0.5,0.001,4.07205,2.698
90,11,1,0.01,0.3,0.5,0.001,3.93971,2.4861
91,11,1,0.01,0.3,0.5,0.001,3.97905,2.59956
92,11,1,0.01,0.3,0.5,0.001,4.01073,2.55676
93,11,1,0.01,0.3,0.5,0.001,4.01073,2.61517
94,11,1,0.01,0.3,0.5,0.001,3.94218,2.50112
95,11,1,0.01,0.3,0.5,0.001,3.81827,2.42624
96,11,1,0.01,0.3,0.5,0.001,4.33583,3.06166
97,11,1,0.01,0.3,0.5,0.001,4.10577,2.74422
98,11,1,0.01,0.3,0.5,0.001,4.12992,2.76263
99,11,1,0.01,0.3,0.5,0.001,3.87007,2.42336
0,13,1,0.01,0.3,0.5,0.01,3.6105,1.10781
1,13,1,0.01,0.3,0.5,0.01,3.5665,1.00937
2,13,1,0.01,0.3,0.5,0.01,3.61851,1.16702
3,13,1,0.01,0.3,0.5,0.01,3.5575,0.94885
4,13,1,0.01,0.3,0.5,0.01,3.67541,1.26013
5,13,1,0.01,0.3,0.5,0.01,3.57348,0.92414
6,13,1,0.01,0.3,0.5,0.01,3.59749,1.03909
7,13,1,0.01,0.3,0.5,0.01,3.55293,0.97924
8,13,1,0.01,0.3,0.5,0.01,3.56697,0.9567
9,13,1,0.01,0.3,0.5,0.01,3.51421,0.69687
10,13,1,0.01,0.3,0.5,0.01,3.543,0.93117
11,13,1,0.01,0.3,0.5,0.01,3.5074,0.74631
12,13,1,0.01,0.3,0.5,0.01,3.73601,1.51216
13,13,1,0.01,0.3,0.5,0.01,3.6336,1.02779
14,13,1,0.01,0.3,0.5,0.01,3.58191,0.90081
15,13,1,0.01,0.3,0.5,0.01,3.55797,0.92058
16,13,1,0.01,0.3,0.5,0.01,3.61823,1.11296
17,13,1,0.01,0.3,0.5,0.01,3.55027,0.77111
18,13,1,0.01,0.3,0.5,0.01,3.5762,0.8503
19,13,1,0.01,0.3,0.5,0.01,3.61417,1.01425
20,13,1,0.01,0.3,0.5,0.01,3.88813,1.75657
21,13,1,0.01,0.3,0.5,0.01,3.56452,0.89373
22,13,1,0.01,0.3,0.5,0.01,3.56891,1.01393
23,13,1,0.01,0.3,0.5,0.01,3.51085,0.74787
24,13,1,0.01,0.3,0.5,0.01,3.60145,0.88898
25,13,1,0.01,0.3,0.5,0.01,3.7282,1.38491
26,13,1,0.01,0.3,0.5,0.01,3.67754,1.29029
27,13,1,0.01,0.3,0.5,0.01,3.53696,0.71239
28,13,1,0.01,0.3,0.5,0.01,3.63998,1.19987
29,13,1,0.01,0.3,0.5,0.01,3.56217,0.95318
30,13,1,0.01,0.3,0.5,0.01,3.61346,1.06801
31,13,1,0.01,0.3,0.5,0.01,3.59387,0.98638
32,13,1,0.01,0.3,0.5,0.01,3.59791,1.02481
33,13,1,0.01,0.3,0.5,0.01,3.54789,0.91506
34,13,1,0.01,0.3,0.5,0.01,3.5138,0.76646
35,13,1,0.01,0.3,0.5,0.01,3.55226,0.88425
36,13,1,0.01,0.3,0.5,0.01,3.57039,0.94081
37,13,1,0.01,0.3,0.5,0.01,3.5501,0.84334
38,13,1,0.01,0.3,0.5,0.01,3.53377,0.81997
39,13,1,0.01,0.3,0.5,0.01,3.5876,1.03037
40,13,1,0.01,0.3,0.5,0.01,3.60695,0.95174
41,13,1,0.01,0.3,0.5,0.01,3.62231,1.15924
42,13,1,0.01,0.3,0.5,0.01,3.6521,1.18282
43,13,1,0.01,0.3,0.5,0.01,3.52021,0.74982
44,13,1,0.01,0.3,0.5,0.01,3.55122,0.7455
45,13,1,0.01,0.3,0.5,0.01,3.56478,0.95647
46,13,1,0.01,0.3,0.5,0.01,3.73218,1.40632
47,13,1,0.01,0.3,0.5,0.01,3.55487,0.86837
48,13,1,0.01,0.3,0.5,0.01,3.50648,0.73658
49,13,1,0.01,0.3,0.5,0.01,3.58297,1.04986
50,13,1,0.01,0.3,0.5,0.01,3.8057,1.48226
51,13,1,0.01,0.3,0.5,0.01,3.53389,0.75076
52,13,1,0.01,0.3,0.5,0.01,3.5071,0.67467
53,13,1,0.01,0.3,0.5,0.01,3.8001,1.52326
54,13,1,0.01,0.3,0.5,0.01,3.53332,0.84921
55,13,1,0.01,0.3,0.5,0.01,3.64519,1.15138
56,13,1,0.01,0.3,0.5,0.01,3.70292,1.25921
57,13,1,0.01,0.3,0.5,0.01,3.51337,0.75603
58,13,1,0.01,0.3,0.5,0.01,3.57814,0.93213
59,13,1,0.01,0.3,0.5,0.01,3.51334,0.73733
60,13,1,0.01,0.3,0.5,0.01,3.61286,1.00288
61,13,1,0.01,0.3,0.5,0.01,3.51977,0.73653
62,13,1,0.01,0.3,0.5,0.01,3.61736,0.9934
63,13,1,0.01,0.3,0.5,0.01,3.56473,0.84166
64,13,1,0.01,0.3,0.5,0.01,3.54919,0.83545
65,13,1,0.01,0.3,0.5,0.01,3.57779,1.03968
66,13,1,0.01,0.3,0.5,0.01,3.59967,0.99046
67,13,1,0.01,0.3,0.5,0.01,3.60628,0.89407
68,13,1,0.01,0.3,0.5,0.01,3.54334,0.85088
69,13,1,0.01,0.3,0.5,0.01,3.48687,0.50254
70,13,1,0.01,0.3,0.5,0.01,3.51177,0.73765
71,13,1,0.01,0.3,0.5,0.01,3.54815,0.83737
72,13,1,0.01,0.3,0.5,0.01,3.6173,1.01758
73,13,1,0.01,0.3,0.5,0.01,3.6319,1.0018
74,13,1,0.01,0.3,0.5,0.01,3.51276,0.79094
75,13,1,0.01,0.3,0.5,0.01,3.57015,1.03039
76,13,1,0.01,0.3,0.5,0.01,3.59164,0.90835
77,13,1,0.01,0.3,0.5,0.01,3.56631,0.99597
78,13,1,0.01,0.3,0.5,0.01,3.5486,0.88637
79,13,1,0.01,0.3,0.5,0.01,3.59405,0.89248
80,13,1,0.01,0.3,0.5,0.01,3.73297,1.35894
81,13,1,0.01,0.3,0.5,0.01,3.49954,0.68394
82,13,1,0.01,0.3,0.5,0.01,3.65534,1.24358
83,13,1,0.01,0.3,0.5,0.01,3.51511,0.71138
84,13,1,0.01,0.3,0.5,0.01,3.53564,0.70022
85,13,1,0.01,0.3,0.5,0.01,3.56456,0.95735
86,13,1,0.01,0.3,0.5,0.01,3.54411,0.85953
87,13,1,0.01,0.3,0.5,0.01,3.54523,0.96388
88,13,1,0.01,0.3,0.5,0.01,3.5101,0.75034
89,13,1,0.01,0.3,0.5,0.01,3.56441,0.94009
90,13,1,0.01,0.3,0.5,0.01,3.5941,1.07626
91,13,1,0.01,0.3,0.5,0.01,3.47469,0.5646
92,13,1,0.01,0.3,0.5,0.01,3.50577,0.61548
93,13,1,0.01,0.3,0.5,0.01,3.5675,0.97932
94,13,1,0.01,0.3,0.5,0.01,3.53348,0.71823
95,13,1,0.01,0.3,0.5,0.01,3.66752,1.11572
96,13,1,0.01,0.3,0.5,0.01,3.71589,1.40748
97,13,1,0.01,0.3,0.5,0.01,3.52966,0.85567
98,13,1,0.01,0.3,0.5,0.01,3.59372,0.87704
99,13,1,0.01,0.3,0.5,0.01,3.5143,0.76081
0,13,1,0.01,0.3,0.5,0.0025,4.02907,2.37827
1,13,1,0.01,0.3,0.5,0.0025,3.80609,2.07775
2,13,1,0.01,0.3,0.5,0.0025,3.79982,2.13148
3,13,1,0.01,0.3,0.5,0.0025,3.80626,2.12474
4,13,1,0.01,0.3,0.5,0.0025,3.93844,2.25682
5,13,1,0.01,0.3,0.5,0.0025,3.87907,2.11361
6,13,1,0.01,0.3,0.5,0.0025,3.79583,2.03483
7,13,1,0.01,0.3,0.5,0.0025,3.73594,2.04104
8,13,1,0.01,0.3,0.5,0.0025,3.85636,2.17456
9,13,1,0.01,0.3,0.5,0.0025,3.59689,1.65834
10,13,1,0.01,0.3,0.5,0.0025,3.73251,1.99212
11,13,1,0.01,0.3,0.5,0.0025,3.5432,1.60231
12,13,1,0.01,0.3,0.5,0.0025,3.97279,2.35531
13,13,1,0.01,0.3,0.5,0.0025,3.81526,1.97044
14,13,1,0.01,0.3,0.5,0.0025,3.74398,1.89759
15,13,1,0.01,0.3,0.5,0.0025,3.79659,2.02464
16,13,1,0.01,0.3,0.5,0.0025,3.90947,2.19173
17,13,1,0.01,0.3,0.5,0.0025,3.68153,1.79911
18,13,1,0.01,0.3,0.5,0.0025,3.74397,1.90081
19,13,1,0.01,0.3,0.5,0.0025,3.73084,1.80857
20,13,1,0.01,0.3,0.5,0.0025,4.36423,2.93203
21,13,1,0.01,0.3,0.5,0.0025,3.7824,1.95438
22,13,1,0.01,0.3,0.5,0.0025,3.73606,1.97121
23,13,1,0.01,0.3,0.5,0.0025,3.56725,1.65883
24,13,1,0.01,0.3,0.5,0.0025,3.71068,1.72005
25,13,1,0.01,0.3,0.5,0.0025,4.12657,2.56342
26,13,1,0.01,0.3,0.5,0.0025,3.97868,2.30696
27,13,1,0.01,0.3,0.5,0.0025,3.7085,1.79839
28,13,1,0.01,0.3,0.5,0.0025,3.96713,2.35586
29,13,1,0.01,0.3,0.5,0.0025,3.83639,2.12233
30,13,1,0.01,0.3,0.5,0.0025,3.9339,2.2807
31,13,1,0.01,0.3,0.5,0.0025,3.76561,1.96124
32,13,1,0.01,0.3,0.5,0.0025,3.67086,1.75585
33,13,1,0.01,0.3,0.5,0.0025,3.7512,1.96256
34,13,1,0.01,0.3,0.5,0.0025,3.64763,1.79748
35,13,1,0.01,0.3,0.5,0.0025,3.75593,2.02368
36,13,1,0.01,0.3,0.5,0.0025,3.77385,1.97861
37,13,1,0.01,0.3,0.5,0.0025,3.62689,1.70412
38,13,1,0.01,0.3,0.5,0.0025,3.7556,1.99088
39,13,1,0.01,0.3,0.5,0.0025,3.72544,1.91432
40,13,1,0.01,0.3,0.5,0.0025,3.74124,1.79815
41,13,1,0.01,0.3,0.5,0.0025,4.02555,2.465
42,13,1,0.01,0.3,0.5,0.0025,3.96984,2.28461
43,13,1,0.01,0.3,0.5,0.0025,3.58944,1.65725
44,13,1,0.01,0.3,0.5,0.0025,3.72098,1.83789
45,13,1,0.01,0.3,0.5,0.0025,3.68545,1.86715
46,13,1,0.01,0.3,0.5,0.0025,4.09371,2.47498
47,13,1,0.01,0.3,0.5,0.0025,3.69466,1.84936
48,13,1,0.01,0.3,0.5,0.0025,3.65745,1.73022
49,13,1,0.01,0.3,0.5,0.0025,3.62249,1.80018
50,13,1,0.01,0.3,0.5,0.0025,4.28114,2.77175
51,13,1,0.01,0.3,0.5,0.0025,3.75637,1.92686
52,13,1,0.01,0.3,0.5,0.0025,3.63006,1.6737
53,13,1,0.01,0.3,0.5,0.0025,4.09023,2.44292
54,13,1,0.01,0.3,0.5,0.0025,3.58422,1.62678
55,13,1,0.01,0.3,0.5,0.0025,4.01267,2.36427
56,13,1,0.01,0.3,0.5,0.0025,4.02685,2.35692
57,13,1,0.01,0.3,0.5,0.0025,3.65162,1.8097
58,13,1,0.01,0.3,0.5,0.0025,3.70043,1.78364
59,13,1,0.01,0.3,0.5,0.0025,3.57211,1.58008
60,13,1,0.01,0.3,0.5,0.0025,3.68063,1.79293
61,13,1,0.01,0.3,0.5,0.0025,3.60647,1.61245
62,13,1,0.01,0.3,0.5,0.0025,3.91591,2.199
63,13,1,0.01,0.3,0.5,0.0025,3.83799,2.04345
64,13,1,0.01,0.3,0.5,0.0025,3.59475,1.59208
65,13,1,0.01,0.3,0.5,0.0025,3.7822,2.09479
66,13,1,0.01,0.3,0.5,0.0025,3.7895,1.95761
67,13,1,0.01,0.3,0.5,0.0025,3.77974,1.8959
68,13,1,0.01,0.3,0.5,0.0025,3.62664,1.72767
69,13,1,0.01,0.3,0.5,0.0025,3.58101,1.59226
70,13,1,0.01,0.3,0.5,0.0025,3.61784,1.67724
71,13,1,0.01,0.3,0.5,0.0025,3.63591,1.70994
72,13,1,0.01,0.3,0.5,0.0025,4.03934,2.448
73,13,1,0.01,0.3,0.5,0.0025,3.90404,2.14325
74,13,1,0.01,0.3,0.5,0.0025,3.58608,1.74773
75,13,1,0.01,0.3,0.5,0.0025,3.68248,1.93433
76,13,1,0.01,0.3,0.5,0.0025,3.72216,1.76439
77,13,1,0.01,0.3,0.5,0.0025,3.64733,1.83983
78,13,1,0.01,0.3,0.5,0.0025,3.61349,1.68528
79,13,1,0.01,0.3,0.5,0.0025,3.67087,1.65076
80,13,1,0.01,0.3,0.5,0.0025,4.17838,2.60153
81,13,1,0.01,0.3,0.5,0.0025,3.57498,1.62674
82,13,1,0.01,0.3,0.5,0.0025,3.9229,2.31474
83,13,1,0.01,0.3,0.5,0.0025,3.54775,1.55171
84,13,1,0.01,0.3,0.5,0.0025,3.566,1.5475
85,13,1,0.01,0.3,0.5,0.0025,3.74147,1.94955
86,13,1,0.01,0.3,0.5,0.0025,3.63634,1.74122
87,13,1,0.01,0.3,0.5,0.0025,3.66597,1.90619
88,13,1,0.01,0.3,0.5,0.0025,3.57153,1.66504
89,13,1,0.01,0.3,0.5,0.0025,3.62958,1.71007
90,13,1,0.01,0.3,0.5,0.0025,3.81132,2.01125
91,13,1,0.01,0.3,0.5,0.0025,3.55257,1.60173
92,13,1,0.01,0.3,0.5,0.0025,3.5827,1.58403
93,13,1,0.01,0.3,0.5,0.0025,3.87786,2.24619
94,13,1,0.01,0.3,0.5,0.0025,3.798,1.96312
95,13,1,0.01,0.3,0.5,0.0025,3.86264,2.12842
96,13,1,0.01,0.3,0.5,0.0025,4.04952,2.47291
97,13,1,0.01,0.3,0.5,0.0025,3.68608,1.84621
98,13,1,0.01,0.3,0.5,0.0025,3.70801,1.73798
99,13,1,0.01,0.3,0.5,0.0025,3.65788,1.81346
0,13,1,0.01,0.3,0.5,0.001,4.31099,3.01093
1,13,1,0.01,0.3,0.5,0.001,4.08889,2.76568
2,13,1,0.01,0.3,0.5,0.001,4.01016,2.71483
3,13,1,0.01,0.3,0.5,0.001,4.10268,2.8297
4,13,1,0.01,0.3,0.5,0.001,4.01267,2.65073
5,13,1,0.01,0.3,0.5,0.001,4.22449,2.9117
6,13,1,0.01,0.3,0.5,0.001,3.96224,2.58618
7,13,1,0.01,0.3,0.5,0.001,3.88589,2.55087
8,13,1,0.01,0.3,0.5,0.001,4.08583,2.80035
9,13,1,0.01,0.3,0.5,0.001,3.81894,2.39724
10,13,1,0.01,0.3,0.5,0.001,3.95611,2.63081
11,13,1,0.01,0.3,0.5,0.001,3.81916,2.39636
12,13,1,0.01,0.3,0.5,0.001,4.15152,2.85773
13,13,1,0.01,0.3,0.5,0.001,4.08659,2.75083
14,13,1,0.01,0.3,0.5,0.001,3.96357,2.55232
15,13,1,0.01,0.3,0.5,0.001,4.03286,2.66128
16,13,1,0.01,0.3,0.5,0.001,4.19697,2.87931
17,13,1,0.01,0.3,0.5,0.001,3.88835,2.47796
18,13,1,0.01,0.3,0.5,0.001,3.95511,2.59022
19,13,1,0.01,0.3,0.5,0.001,3.78914,2.27492
20,13,1,0.01,0.3,0.5,0.001,4.53541,3.40274
21,13,1,0.01,0.3,0.5,0.001,4.00061,2.59269
22,13,1,0.01,0.3,0.5,0.001,3.90932,2.51481
23,13,1,0.01,0.3,0.5,0.001,3.77402,2.34696
24,13,1,0.01,0.3,0.5,0.001,3.93491,2.48653
25,13,1,0.01,0.3,0.5,0.001,4.33709,3.10945
26,13,1,0.01,0.3,0.5,0.001,4.29217,3.01636
27,13,1,0.01,0.3,0.5,0.001,3.93467,2.52613
28,13,1,0.01,0.3,0.5,0.001,4.20083,2.93952
29,13,1,0.01,0.3,0.5,0.001,4.01664,2.66599
30,13,1,0.01,0.3,0.5,0.001,4.1156,2.81237
31,13,1,0.01,0.3,0.5,0.001,3.93757,2.54572
32,13,1,0.01,0.3,0.5,0.001,3.84262,2.37649
33,13,1,0.01,0.3,0.5,0.001,4.03386,2.69263
34,13,1,0.01,0.3,0.5,0.001,3.9004,2.50899
35,13,1,0.01,0.3,0.5,0.001,3.93984,2.59252
36,13,1,0.01,0.3,0.5,0.001,4.03625,2.68011
37,13,1,0.01,0.3,0.5,0.001,3.85009,2.42281
38,13,1,0.01,0.3,0.5,0.001,3.8902,2.48503
39,13,1,0.01,0.3,0.5,0.001,3.9027,2.48243
40,13,1,0.01,0.3,0.5,0.001,3.85746,2.3519
41,13,1,0.01,0.3,0.5,0.001,4.29823,3.09791
42,13,1,0.01,0.3,0.5,0.001,4.21286,2.91583
43,13,1,0.01,0.3,0.5,0.001,3.81413,2.38062
44,13,1,0.01,0.3,0.5,0.001,3.95397,2.55526
45,13,1,0.01,0.3,0.5,0.001,3.85173,2.4354
46,13,1,0.01,0.3,0.5,0.001,4.33043,3.08906
47,13,1,0.01,0.3,0.5,0.001,3.8636,2.46979
48,13,1,0.01,0.3,0.5,0.001,3.83907,2.34437
49,13,1,0.01,0.3,0.5,0.001,3.79034,2.4028
50,13,1,0.01,0.3,0.5,0.001,4.47452,3.29967
51,13,1,0.01,0.3,0.5,0.001,4.06083,2.70828
52,13,1,0.01,0.3,0.5,0.001,3.89438,2.4318
53,13,1,0.01,0.3,0.5,0.001,4.18913,2.8759
54,13,1,0.01,0.3,0.5,0.001,3.76716,2.29636
55,13,1,0.01,0.3,0.5,0.001,4.1768,2.88333
56,13,1,0.01,0.3,0.5,0.001,4.32894,3.09544
57,13,1,0.01,0.3,0.5,0.001,3.86819,2.45755
58,13,1,0.01,0.3,0.5,0.001,3.92396,2.49427
59,13,1,0.01,0.3,0.5,0.001,3.81653,2.36027
60,13,1,0.01,0.3,0.5,0.001,3.8588,2.4323
61,13,1,0.01,0.3,0.5,0.001,3.85588,2.39602
62,13,1,0.01,0.3,0.5,0.001,4.14444,2.85416
63,13,1,0.01,0.3,0.5,0.001,4.13878,2.80059
64,13,1,0.01,0.3,0.5,0.001,3.75362,2.22
65,13,1,0.01,0.3,0.5,0.001,3.98471,2.67329
66,13,1,0.01,0.3,0.5,0.001,4.11889,2.78248
67,13,1,0.01,0.3,0.5,0.001,3.92921,2.50002
68,13,1,0.01,0.3,0.5,0.001,3.79807,2.3532
69,13,1,0.01,0.3,0.5,0.001,3.8984,2.48321
70,13,1,0.01,0.3,0.5,0.001,3.89476,2.47355
71,13,1,0.01,0.3,0.5,0.001,3.87915,2.46553
72,13,1,0.01,0.3,0.5,0.001,4.32646,3.11102
73,13,1,0.01,0.3,0.5,0.001,4.14625,2.83101
74,13,1,0.01,0.3,0.5,0.001,3.7843,2.41013
75,13,1,0.01,0.3,0.5,0.001,3.84957,2.48634
76,13,1,0.01,0.3,0.5,0.001,3.91693,2.45228
77,13,1,0.01,0.3,0.5,0.001,3.85981,2.47274
78,13,1,0.01,0.3,0.5,0.001,3.88765,2.48903
79,13,1,0.01,0.3,0.5,0.001,3.82719,2.30488
80,13,1,0.01,0.3,0.5,0.001,4.39736,3.17544
81,13,1,0.01,0.3,0.5,0.001,3.85565,2.40317
82,13,1,0.01,0.3,0.5,0.001,4.10301,2.86271
83,13,1,0.01,0.3,0.5,0.001,3.80537,2.34911
84,13,1,0.01,0.3,0.5,0.001,3.72345,2.22181
85,13,1,0.01,0.3,0.5,0.001,3.97456,2.61017
86,13,1,0.01,0.3,0.5,0.001,3.84828,2.44445
87,13,1,0.01,0.3,0.5,0.001,3.84887,2.49038
88,13,1,0.01,0.3,0.5,0.001,3.82208,2.41425
89,13,1,0.01,0.3,0.5,0.001,3.81975,2.33812
90,13,1,0.01,0.3,0.5,0.001,4.02578,2.63574
91,13,1,0.01,0.3,0.5,0.001,3.81481,2.3975
92,13,1,0.01,0.3,0.5,0.001,3.79804,2.32212
93,13,1,0.01,0.3,0.5,0.001,4.14693,2.8879
94,13,1,0.01,0.3,0.5,0.001,4.18331,2.86056
95,13,1,0.01,0.3,0.5,0.001,4.04377,2.74782
96,13,1,0.01,0.3,0.5,0.001,4.20753,2.95715
97,13,1,0.01,0.3,0.5,0.001,3.91209,2.52411
98,13,1,0.01,0.3,0.5,0.001,3.95768,2.52859
99,13,1,0.01,0.3,0.5,0.001,3.95921,2.59049
0,16,1,0.01,0.3,0.5,0.01,3.46387,0.52582
1,16,1,0.01,0.3,0.5,0.01,3.47873,0.61352
2,16,1,0.01,0.3,0.5,0.01,3.5509,0.82145
3,16,1,0.01,0.3,0.5,0.01,3.54073,0.92634
4,16,1,0.01,0.3,0.5,0.01,3.57297,1.02143
5,16,1,0.01,0.3,0.5,0.01,4.05744,2.10657
6,16,1,0.01,0.3,0.5,0.01,3.63994,1.04493
7,16,1,0.01,0.3,0.5,0.01,3.54672,0.92106
8,16,1,0.01,0.3,0.5,0.01,3.58082,0.90335
9,16,1,0.01,0.3,0.5,0.01,3.47791,0.61843
10,16,1,0.01,0.3,0.5,0.01,3.50099,0.62842
11,16,1,0.01,0.3,0.5,0.01,3.51039,0.71274
12,16,1,0.01,0.3,0.5,0.01,3.59672,1.08211
13,16,1,0.01,0.3,0.5,0.01,3.46028,0.44311
14,16,1,0.01,0.3,0.5,0.01,3.51912,0.75488
15,16,1,0.01,0.3,0.5,0.01,3.49117,0.59359
16,16,1,0.01,0.3,0.5,0.01,3.54489,0.72946
17,16,1,0.01,0.3,0.5,0.01,3.57859,1.09866
18,16,1,0.01,0.3,0.5,0.01,3.58912,1.05651
19,16,1,0.01,0.3,0.5,0.01,3.66225,1.16066
20,16,1,0.01,0.3,0.5,0.01,3.48083,0.63253
21,16,1,0.01,0.3,0.5,0.01,3.55171,0.88408
22,16,1,0.01,0.3,0.5,0.01,3.48269,0.65176
23,16,1,0.01,0.3,0.5,0.01,3.55517,0.86297
24,16,1,0.01,0.3,0.5,0.01,3.5286,0.79941
25,16,1,0.01,0.3,0.5,0.01,3.48714,0.64365
26,16,1,0.01,0.3,0.5,0.01,3.6004,1.13673
27,16,1,0.01,0.3,0.5,0.01,3.60825,1.12049
28,16,1,0.01,0.3,0.5,0.01,3.52072,0.80448
29,16,1,0.01,0.3,0.5,0.01,3.54234,0.82742
30,16,1,0.01,0.3,0.5,0.01,3.51599,0.75031
31,16,1,0.01,0.3,0.5,0.01,3.51088,0.73805
32,16,1,0.01,0.3,0.5,0.01,3.55162,0.88349
33,16,1,0.01,0.3,0.5,0.01,3.4825,0.60715
34,16,1,0.01,0.3,0.5,0.01,3.55927,0.93288
35,16,1,0.01,0.3,0.5,0.01,3.52559,0.82203
36,16,1,0.01,0.3,0.5,0.01,3.57824,0.9909
37,16,1,0.01,0.3,0.5,0.01,3.55496,0.80943
38,16,1,0.01,0.3,0.5,0.01,3.65004,1.16861
39,16,1,0.01,0.3,0.5,0.01,3.46336,0.45909
40,16,1,0.01,0.3,0.5,0.01,3.50741,0.64031
41,16,1,0.01,0.3,0.5,0.01,3.66929,1.27636
42,16,1,0.01,0.3,0.5,0.01,3.56387,0.80218
43,16,1,0.01,0.3,0.5,0.01,3.69306,1.25671
44,16,1,0.01,0.3,0.5,0.01,3.56109,0.83428
45,16,1,0.01,0.3,0.5,0.01,3.56766,1.03933
46,16,1,0.01,0.3,0.5,0.01,3.57805,0.94328
47,16,1,0.01,0.3,0.5,0.01,3.77839,1.52192
48,16,1,0.01,0.3,0.5,0.01,3.48524,0.65647
49,16,1,0.01,0.3,0.5,0.01,3.54607,0.90224
50,16,1,0.01,0.3,0.5,0.01,3.52159,0.69781
51,16,1,0.01,0.3,0.5,0.01,3.50792,0.81352
52,16,1,0.01,0.3,0.5,0.01,3.49582,0.68113
53,16,1,0.01,0.3,0.5,0.01,3.47576,0.6366
54,16,1,0.01,0.3,0.5,0.01,3.56433,0.94877
55,16,1,0.01,0.3,0.5,0.01,3.51862,0.77483
56,16,1,0.01,0.3,0.5,0.01,3.58763,1.05077
57,16,1,0.01,0.3,0.5,0.01,3.49939,0.60428
58,16,1,0.01,0.3,0.5,0.01,3.65636,1.27369
59,16,1,0.01,0.3,0.5,0.01,3.52423,0.81301
60,16,1,0.01,0.3,0.5,0.01,3.73593,1.47934
61,16,1,0.01,0.3,0.5,0.01,3.55082,0.83862
62,16,1,0.01,0.3,0.5,0.01,3.684,1.40832
63,16,1,0.01,0.3,0.5,0.01,3.59622,1.04928
64,16,1,0.01,0.3,0.5,0.01,3.50287,0.78242
65,16,1,0.01,0.3,0.5,0.01,3.55271,0.96461
66,16,1,0.01,0.3,0.5,0.01,3.662,1.25126
67,16,1,0.01,0.3,0.5,0.01,3.51968,0.81001
68,16,1,0.01,0.3,0.5,0.01,3.72197,1.40038
69,16,1,0.01,0.3,0.5,0.01,3.54644,0.91237
70,16,1,0.01,0.3,0.5,0.01,3.49527,0.68973
71,16,1,0.01,0.3,0.5,0.01,4.20368,2.43675
72,16,1,0.01,0.3,0.5,0.01,3.48301,0.65402
73,16,1,0.01,0.3,0.5,0.01,3.49451,0.65968
74,16,1,0.01,0.3,0.5,0.01,3.5447,0.84425
75,16,1,0.01,0.3,0.5,0.01,3.58058,1.06733
76,16,1,0.01,0.3,0.5,0.01,3.60964,1.03609
77,16,1,0.01,0.3,0.5,0.01,3.54914,0.79748
78,16,1,0.01,0.3,0.5,0.01,3.56883,0.91975
79,16,1,0.01,0.3,0.5,0.01,3.46826,0.55938
80,16,1,0.01,0.3,0.5,0.01,3.62978,1.21353
81,16,1,0.01,0.3,0.5,0.01,3.6123,0.9795
82,16,1,0.01,0.3,0.5,0.01,3.6201,1.22743
83,16,1,0.01,0.3,0.5,0.01,3.57594,1.088
84,16,1,0.01,0.3,0.5,0.01,4.87676,3.38589
85,16,1,0.01,0.3,0.5,0.01,3.55577,0.81006
86,16,1,0.01,0.3,0.5,0.01,3.55278,0.85251
87,16,1,0.01,0.3,0.5,0.01,3.48738,0.59051
88,16,1,0.01,0.3,0.5,0.01,3.51331,0.70777
89,16,1,0.01,0.3,0.5,0.01,3.67705,1.41037
90,16,1,0.01,0.3,0.5,0.01,3.61742,1.09989
91,16,1,0.01,0.3,0.5,0.01,3.47814,0.61033
92,16,1,0.01,0.3,0.5,0.01,3.5384,0.8939
93,16,1,0.01,0.3,0.5,0.01,3.72817,1.41681
94,16,1,0.01,0.3,0.5,0.01,3.53392,0.73467
95,16,1,0.01,0.3,0.5,0.01,3.52727,0.74615
96,16,1,0.01,0.3,0.5,0.01,3.53964,0.84848
97,16,1,0.01,0.3,0.5,0.01,3.49856,0.61722
98,16,1,0.01,0.3,0.5,0.01,3.67612,1.36709
99,16,1,0.01,0.3,0.5,0.01,3.49402,0.66822
0,16,1,0.01,0.3,0.5,0.0025,3.50104,1.58273
1,16,1,0.01,0.3,0.5,0.0025,3.55494,1.61848
2,16,1,0.01,0.3,0.5,0.0025,3.74117,2.00567
3,16,1,0.01,0.3,0.5,0.0025,3.90268,2.2534
4,16,1,0.01,0.3,0.5,0.0025,3.79892,2.14198
5,16,1,0.01,0.3,0.5,0.0025,4.6461,3.2882
6,16,1,0.01,0.3,0.5,0.0025,3.68028,1.68252
7,16,1,0.01,0.3,0.5,0.0025,3.71616,1.97018
8,16,1,0.01,0.3,0.5,0.0025,3.77074,1.92841
9,16,1,0.01,0.3,0.5,0.0025,3.48737,1.58295
10,16,1,0.01,0.3,0.5,0.0025,3.65571,1.76549
11,16,1,0.01,0.3,0.5,0.0025,3.47007,1.47239
12,16,1,0.01,0.3,0.5,0.0025,3.73817,1.97962
13,16,1,0.01,0.3,0.5,0.0025,3.41454,1.26715
14,16,1,0.01,0.3,0.5,0.0025,3.74152,1.96738
15,16,1,0.01,0.3,0.5,0.0025,3.55498,1.60131
16,16,1,0.01,0.3,0.5,0.0025,3.64315,1.65374
17,16,1,0.01,0.3,0.5,0.0025,3.87977,2.27833
18,16,1,0.01,0.3,0.5,0.0025,3.74416,2.0652
19,16,1,0.01,0.3,0.5,0.0025,3.92762,2.21819
20,16,1,0.01,0.3,0.5,0.0025,3.55269,1.66668
21,16,1,0.01,0.3,0.5,0.0025,3.85721,2.13766
22,16,1,0.01,0.3,0.5,0.0025,3.4144,1.36839
23,16,1,0.01,0.3,0.5,0.0025,3.87685,2.16326
24,16,1,0.01,0.3,0.5,0.0025,3.57421,1.64173
25,16,1,0.01,0.3,0.5,0.0025,3.48944,1.51539
26,16,1,0.01,0.3,0.5,0.0025,3.75541,2.11454
27,16,1,0.01,0.3,0.5,0.0025,4.06898,2.46578
28,16,1,0.01,0.3,0.5,0.0025,3.59956,1.7183
29,16,1,0.01,0.3,0.5,0.0025,3.61455,1.66019
30,16,1,0.01,0.3,0.5,0.0025,3.69399,1.89181
31,16,1,0.01,0.3,0.5,0.0025,3.68825,1.89557
32,16,1,0.01,0.3,0.5,0.0025,3.86981,2.19927
33,16,1,0.01,0.3,0.5,0.0025,3.61499,1.72794
34,16,1,0.01,0.3,0.5,0.0025,3.72963,2.01938
35,16,1,0.01,0.3,0.5,0.0025,3.55856,1.61543
36,16,1,0.01,0.3,0.5,0.0025,3.88463,2.20688
37,16,1,0.01,0.3,0.5,0.0025,3.65589,1.77454
38,16,1,0.01,0.3,0.5,0.0025,3.98068,2.32708
39,16,1,0.01,0.3,0.5,0.0025,3.4209,1.31728
40,16,1,0.01,0.3,0.5,0.0025,3.59028,1.69178
41,16,1,0.01,0.3,0.5,0.0025,3.97982,2.42908
42,16,1,0.01,0.3,0.5,0.0025,3.86812,2.11511
43,16,1,0.01,0.3,0.5,0.0025,4.15878,2.6266
44,16,1,0.01,0.3,0.5,0.0025,3.60022,1.6335
45,16,1,0.01,0.3,0.5,0.0025,3.79745,2.18453
46,16,1,0.01,0.3,0.5,0.0025,3.66593,1.77012
47,16,1,0.01,0.3,0.5,0.0025,4.28406,2.84679
48,16,1,0.01,0.3,0.5,0.0025,3.57201,1.71698
49,16,1,0.01,0.3,0.5,0.0025,3.72243,1.94408
50,16,1,0.01,0.3,0.5,0.0025,3.67132,1.778
51,16,1,0.01,0.3,0.5,0.0025,3.58906,1.78039
52,16,1,0.01,0.3,0.5,0.0025,3.52644,1.60092
53,16,1,0.01,0.3,0.5,0.0025,3.57453,1.65623
54,16,1,0.01,0.3,0.5,0.0025,3.81054,2.10918
55,16,1,0.01,0.3,0.5,0.0025,3.67284,1.87853
56,16,1,0.01,0.3,0.5,0.0025,3.97642,2.35722
57,16,1,0.01,0.3,0.5,0.0025,3.53303,1.50657
58,16,1,0.01,0.3,0.5,0.0025,4.10823,2.58521
59,16,1,0.01,0.3,0.5,0.0025,3.62036,1.80566
60,16,1,0.01,0.3,0.5,0.0025,4.35173,2.96651
61,16,1,0.01,0.3,0.5,0.0025,3.64157,1.77132
62,16,1,0.01,0.3,0.5,0.0025,4.01486,2.50701
63,16,1,0.01,0.3,0.5,0.0025,3.67283,1.82185
64,16,1,0.01,0.3,0.5,0.0025,3.57091,1.83654
65,16,1,0.01,0.3,0.5,0.0025,3.95867,2.37129
66,16,1,0.01,0.3,0.5,0.0025,4.12763,2.64255
67,16,1,0.01,0.3,0.5,0.0025,3.61181,1.77278
68,16,1,0.01,0.3,0.5,0.0025,4.11333,2.56949
69,16,1,0.01,0.3,0.5,0.0025,3.70633,1.91841
70,16,1,0.01,0.3,0.5,0.0025,3.58268,1.71167
71,16,1,0.01,0.3,0.5,0.0025,4.79929,3.55392
72,16,1,0.01,0.3,0.5,0.0025,3.6376,1.82756
73,16,1,0.01,0.3,0.5,0.0025,3.53667,1.58617
74,16,1,0.01,0.3,0.5,0.0025,3.64755,1.81576
75,16,1,0.01,0.3,0.5,0.0025,3.94278,2.38899
76,16,1,0.01,0.3,0.5,0.0025,4.12153,2.51534
77,16,1,0.01,0.3,0.5,0.0025,3.76156,1.96869
78,16,1,0.01,0.3,0.5,0.0025,3.83673,2.09779
79,16,1,0.01,0.3,0.5,0.0025,3.44667,1.44293
80,16,1,0.01,0.3,0.5,0.0025,3.92557,2.32617
81,16,1,0.01,0.3,0.5,0.0025,3.7162,1.85733
82,16,1,0.01,0.3,0.5,0.0025,3.80068,2.21448
83,16,1,0.01,0.3,0.5,0.0025,3.87464,2.29897
84,16,1,0.01,0.3,0.5,0.0025,5.82872,4.8151
85,16,1,0.01,0.3,0.5,0.0025,3.63969,1.7338
86,16,1,0.01,0.3,0.5,0.0025,3.60908,1.72246
87,16,1,0.01,0.3,0.5,0.0025,3.58438,1.68148
88,16,1,0.01,0.3,0.5,0.0025,3.50138,1.38977
89,16,1,0.01,0.3,0.5,0.0025,3.9957,2.45587
90,16,1,0.01,0.3,0.5,0.0025,3.87853,2.18083
91,16,1,0.01,0.3,0.5,0.0025,3.57777,1.65833
92,16,1,0.01,0.3,0.5,0.0025,3.79584,2.13341
93,16,1,0.01,0.3,0.5,0.0025,4.46065,3.09198
94,16,1,0.01,0.3,0.5,0.0025,3.54726,1.52597
95,16,1,0.01,0.3,0.5,0.0025,3.60749,1.6832
96,16,1,0.01,0.3,0.5,0.0025,3.63167,1.71144
97,16,1,0.01,0.3,0.5,0.0025,3.5655,1.61915
98,16,1,0.01,0.3,0.5,0.0025,3.99858,2.48445
99,16,1,0.01,0.3,0.5,0.0025,3.5758,1.68755
0,16,1,0.01,0.3,0.5,0.001,3.77154,2.36534
1,16,1,0.01,0.3,0.5,0.001,3.80573,2.38132
2,16,1,0.01,0.3,0.5,0.001,4.01385,2.74215
3,16,1,0.01,0.3,0.5,0.001,4.21862,2.95372
4,16,1,0.01,0.3,0.5,0.001,4.04073,2.79149
5,16,1,0.01,0.3,0.5,0.001,4.84059,3.75765
6,16,1,0.01,0.3,0.5,0.001,3.71265,2.17826
7,16,1,0.01,0.3,0.5,0.001,3.9399,2.63695
8,16,1,0.01,0.3,0.5,0.001,3.93411,2.54607
9,16,1,0.01,0.3,0.5,0.001,3.74616,2.39588
10,16,1,0.01,0.3,0.5,0.001,3.89921,2.49954
11,16,1,0.01,0.3,0.5,0.001,3.63326,2.1723
12,16,1,0.01,0.3,0.5,0.001,4.0415,2.73976
13,16,1,0.01,0.3,0.5,0.001,3.56908,1.99074
14,16,1,0.01,0.3,0.5,0.001,4.00927,2.69855
15,16,1,0.01,0.3,0.5,0.001,3.80615,2.40504
16,16,1,0.01,0.3,0.5,0.001,3.82214,2.35056
17,16,1,0.01,0.3,0.5,0.001,4.18862,2.9688
18,16,1,0.01,0.3,0.5,0.001,4.05524,2.80476
19,16,1,0.01,0.3,0.5,0.001,4.11071,2.77829
20,16,1,0.01,0.3,0.5,0.001,3.86673,2.52386
21,16,1,0.01,0.3,0.5,0.001,4.13552,2.83449
22,16,1,0.01,0.3,0.5,0.001,3.65987,2.20145
23,16,1,0.01,0.3,0.5,0.001,4.08576,2.74328
24,16,1,0.01,0.3,0.5,0.001,3.72987,2.27924
25,16,1,0.01,0.3,0.5,0.001,3.74998,2.34896
26,16,1,0.01,0.3,0.5,0.001,3.88038,2.62
27,16,1,0.01,0.3,0.5,0.001,4.52883,3.35074
28,16,1,0.01,0.3,0.5,0.001,3.88719,2.528
29,16,1,0.01,0.3,0.5,0.001,3.82496,2.37585
30,16,1,0.01,0.3,0.5,0.001,4.02387,2.74397
31,16,1,0.01,0.3,0.5,0.001,3.95627,2.63974
32,16,1,0.01,0.3,0.5,0.001,4.22639,2.98197
33,16,1,0.01,0.3,0.5,0.001,3.9071,2.54286
34,16,1,0.01,0.3,0.5,0.001,3.95966,2.68771
35,16,1,0.01,0.3,0.5,0.001,3.75473,2.30845
36,16,1,0.01,0.3,0.5,0.001,4.07596,2.7739
37,16,1,0.01,0.3,0.5,0.001,3.82427,2.39958
38,16,1,0.01,0.3,0.5,0.001,4.19739,2.92795
39,16,1,0.01,0.3,0.5,0.001,3.62285,2.12904
40,16,1,0.01,0.3,0.5,0.001,3.8406,2.49957
41,16,1,0.01,0.3,0.5,0.001,4.23912,3.05891
42,16,1,0.01,0.3,0.5,0.001,4.30854,3.1014
43,16,1,0.01,0.3,0.5,0.001,4.39683,3.22948
44,16,1,0.01,0.3,0.5,0.001,3.83238,2.43881
45,16,1,0.01,0.3,0.5,0.001,3.95805,2.70017
46,16,1,0.01,0.3,0.5,0.001,3.87505,2.46462
47,16,1,0.01,0.3,0.5,0.001,4.58486,3.48976
48,16,1,0.01,0.3,0.5,0.001,3.89104,2.58284
49,16,1,0.01,0.3,0.5,0.001,4.0237,2.72257
50,16,1,0.01,0.3,0.5,0.001,3.91385,2.54479
51,16,1,0.01,0.3,0.5,0.001,3.83166,2.48701
52,16,1,0.01,0.3,0.5,0.001,3.75613,2.38658
53,16,1,0.01,0.3,0.5,0.001,3.84043,2.41154
54,16,1,0.01,0.3,0.5,0.001,4.07557,2.81146
55,16,1,0.01,0.3,0.5,0.001,3.96792,2.67686
56,16,1,0.01,0.3,0.5,0.001,4.37817,3.17278
57,16,1,0.01,0.3,0.5,0.001,3.70174,2.20029
58,16,1,0.01,0.3,0.5,0.001,4.29585,3.09016
59,16,1,0.01,0.3,0.5,0.001,3.89382,2.54908
60,16,1,0.01,0.3,0.5,0.001,4.6851,3.6121
61,16,1,0.01,0.3,0.5,0.001,3.86252,2.48043
62,16,1,0.01,0.3,0.5,0.001,4.26151,3.11247
63,16,1,0.01,0.3,0.5,0.001,3.84635,2.44668
64,16,1,0.01,0.3,0.5,0.001,3.81635,2.54679
65,16,1,0.01,0.3,0.5,0.001,4.30656,3.14122
66,16,1,0.01,0.3,0.5,0.001,4.3384,3.18636
67,16,1,0.01,0.3,0.5,0.001,3.95421,2.64095
68,16,1,0.01,0.3,0.5,0.001,4.34163,3.14797
69,16,1,0.01,0.3,0.5,0.001,3.84668,2.44028
70,16,1,0.01,0.3,0.5,0.001,3.75554,2.32768
71,16,1,0.01,0.3,0.5,0.001,4.9818,3.96694
72,16,1,0.01,0.3,0.5,0.001,3.89391,2.54149
73,16,1,0.01,0.3,0.5,0.001,3.74638,2.30011
74,16,1,0.01,0.3,0.5,0.001,3.87824,2.53442
75,16,1,0.01,0.3,0.5,0.001,4.23289,3.05229
76,16,1,0.01,0.3,0.5,0.001,4.47,3.25471
77,16,1,0.01,0.3,0.5,0.001,4.08226,2.77549
78,16,1,0.01,0.3,0.5,0.001,4.11621,2.828
79,16,1,0.01,0.3,0.5,0.001,3.74683,2.35319
80,16,1,0.01,0.3,0.5,0.001,4.15293,2.90593
81,16,1,0.01,0.3,0.5,0.001,4.03661,2.74349
82,16,1,0.01,0.3,0.5,0.001,4.02572,2.80422
83,16,1,0.01,0.3,0.5,0.001,4.14466,2.93066
84,16,1,0.01,0.3,0.5,0.001,6.0476,5.23955
85,16,1,0.01,0.3,0.5,0.001,3.82625,2.42325
86,16,1,0.01,0.3,0.5,0.001,3.92141,2.61516
87,16,1,0.01,0.3,0.5,0.001,3.9511,2.62861
88,16,1,0.01,0.3,0.5,0.001,3.59467,1.95788
89,16,1,0.01,0.3,0.5,0.001,4.16521,2.9122
90,16,1,0.01,0.3,0.5,0.001,4.13577,2.86521
91,16,1,0.01,0.3,0.5,0.001,3.86685,2.49882
92,16,1,0.01,0.3,0.5,0.001,4.09092,2.83325
93,16,1,0.01,0.3,0.5,0.001,4.76873,3.70929
94,16,1,0.01,0.3,0.5,0.001,3.70137,2.21626
95,16,1,0.01,0.3,0.5,0.001,3.81411,2.39835
96,16,1,0.01,0.3,0.5,0.001,3.89095,2.49053
97,16,1,0.01,0.3,0.5,0.001,3.77628,2.35382
98,16,1,0.01,0.3,0.5,0.001,4.28754,3.12021
99,16,1,0.01,0.3,0.5,0.001,3.83897,2.46582
0,19,1,0.01,0.3,0.5,0.01,3.49363,0.66199
1,19,1,0.01,0.3,0.5,0.01,3.49641,0.66758
2,19,1,0.01,0.3,0.5,0.01,3.52738,0.81945
3,19,1,0.01,0.3,0.5,0.01,3.58601,1.01248
4,19,1,0.01,0.3,0.5,0.01,3.46307,0.60624
5,19,1,0.01,0.3,0.5,0.01,3.49285,0.62078
6,19,1,0.01,0.3,0.5,0.01,3.67533,1.37205
7,19,1,0.01,0.3,0.5,0.01,3.45996,0.52367
8,19,1,0.01,0.3,0.5,0.01,3.51146,0.72583
9,19,1,0.01,0.3,0.5,0.01,3.49272,0.59638
10,19,1,0.01,0.3,0.5,0.01,3.48298,0.68587
11,19,1,0.01,0.3,0.5,0.01,3.49066,0.70447
12,19,1,0.01,0.3,0.5,0.01,3.57712,1.0615
13,19,1,0.01,0.3,0.5,0.01,4.15151,2.32962
14,19,1,0.01,0.3,0.5,0.01,3.49232,0.70564
15,19,1,0.01,0.3,0.5,0.01,3.49874,0.68549
16,19,1,0.01,0.3,0.5,0.01,3.50177,0.72694
17,19,1,0.01,0.3,0.5,0.01,3.73759,1.56149
18,19,1,0.01,0.3,0.5,0.01,3.48843,0.59648
19,19,1,0.01,0.3,0.5,0.01,3.52601,0.82544
20,19,1,0.01,0.3,0.5,0.01,3.53158,0.7978
21,19,1,0.01,0.3,0.5,0.01,3.50866,0.64785
22,19,1,0.01,0.3,0.5,0.01,3.50864,0.79183
23,19,1,0.01,0.3,0.5,0.01,3.47899,0.65299
24,19,1,0.01,0.3,0.5,0.01,3.50389,0.79099
25,19,1,0.01,0.3,0.5,0.01,3.46992,0.55885
26,19,1,0.01,0.3,0.5,0.01,3.53802,0.88172
27,19,1,0.01,0.3,0.5,0.01,3.62873,1.22237
28,19,1,0.01,0.3,0.5,0.01,3.53058,0.81735
29,19,1,0.01,0.3,0.5,0.01,3.49331,0.63984
30,19,1,0.01,0.3,0.5,0.01,3.52365,0.85895
31,19,1,0.01,0.3,0.5,0.01,3.53692,0.86714
32,19,1,0.01,0.3,0.5,0.01,3.46917,0.49986
33,19,1,0.01,0.3,0.5,0.01,3.52632,0.80709
34,19,1,0.01,0.3,0.5,0.01,3.48654,0.642
35,19,1,0.01,0.3,0.5,0.01,3.54143,0.88184
36,19,1,0.01,0.3,0.5,0.01,3.4758,0.57422
37,19,1,0.01,0.3,0.5,0.01,3.50243,0.64906
38,19,1,0.01,0.3,0.5,0.01,3.5898,0.99581
39,19,1,0.01,0.3,0.5,0.01,3.52077,0.71294
40,19,1,0.01,0.3,0.5,0.01,3.64962,1.30607
41,19,1,0.01,0.3,0.5,0.01,3.48857,0.63521
42,19,1,0.01,0.3,0.5,0.01,3.48328,0.67351
43,19,1,0.01,0.3,0.5,0.01,3.54402,0.81307
44,19,1,0.01,0.3,0.5,0.01,3.616,0.92687
45,19,1,0.01,0.3,0.5,0.01,3.48665,0.64598
46,19,1,0.01,0.3,0.5,0.01,3.50923,0.80137
47,19,1,0.01,0.3,0.5,0.01,3.52723,0.88024
48,19,1,0.01,0.3,0.5,0.01,3.58984,1.10478
49,19,1,0.01,0.3,0.5,0.01,3.54886,0.93115
50,19,1,0.01,0.3,0.5,0.01,3.52097,0.75053
51,19,1,0.01,0.3,0.5,0.01,3.55804,0.96998
52,19,1,0.01,0.3,0.5,0.01,3.46283,0.57579
53,19,1,0.01,0.3,0.5,0.01,3.53495,0.84047
54,19,1,0.01,0.3,0.5,0.01,3.51434,0.77982
55,19,1,0.01,0.3,0.5,0.01,3.47762,0.63448
56,19,1,0.01,0.3,0.5,0.01,3.4595,0.49061
57,19,1,0.01,0.3,0.5,0.01,3.48051,0.58453
58,19,1,0.01,0.3,0.5,0.01,3.46035,0.4731
59,19,1,0.01,0.3,0.5,0.01,3.4988,0.66209
60,19,1,0.01,0.3,0.5,0.01,3.47112,0.60315
61,19,1,0.01,0.3,0.5,0.01,3.50286,0.59857
62,19,1,0.01,0.3,0.5,0.01,3.55092,0.94101
63,19,1,0.01,0.3,0.5,0.01,3.66784,1.31057
64,19,1,0.01,0.3,0.5,0.01,3.93127,1.98005
65,19,1,0.01,0.3,0.5,0.01,3.50005,0.69138
66,19,1,0.01,0.3,0.5,0.01,3.56259,0.88073
67,19,1,0.01,0.3,0.5,0.01,3.53299,0.76698
68,19,1,0.01,0.3,0.5,0.01,3.50975,0.72989
69,19,1,0.01,0.3,0.5,0.01,3.47303,0.53235
70,19,1,0.01,0.3,0.5,0.01,3.50857,0.74375
71,19,1,0.01,0.3,0.5,0.01,3.52493,0.8263
72,19,1,0.01,0.3,0.5,0.01,3.44356,0.38452
73,19,1,0.01,0.3,0.5,0.01,3.58199,0.94324
74,19,1,0.01,0.3,0.5,0.01,3.57075,1.05634
75,19,1,0.01,0.3,0.5,0.01,3.56721,0.9988
76,19,1,0.01,0.3,0.5,0.01,3.48847,0.70926
77,19,1,0.01,0.3,0.5,0.01,3.49708,0.67684
78,19,1,0.01,0.3,0.5,0.01,3.52522,0.77081
79,19,1,0.01,0.3,0.5,0.01,3.46012,0.50152
80,19,1,0.01,0.3,0.5,0.01,3.73444,1.5106
81,19,1,0.01,0.3,0.5,0.01,3.55155,0.85072
82,19,1,0.01,0.3,0.5,0.01,3.5186,0.73451
83,19,1,0.01,0.3,0.5,0.01,3.58819,1.10932
84,19,1,0.01,0.3,0.5,0.01,3.49778,0.63843
85,19,1,0.01,0.3,0.5,0.01,3.53191,0.77103
86,19,1,0.01,0.3,0.5,0.01,3.46614,0.53426
87,19,1,0.01,0.3,0.5,0.01,3.50031,0.68948
88,19,1,0.01,0.3,0.5,0.01,3.47511,0.58072
89,19,1,0.01,0.3,0.5,0.01,3.47431,0.5836
90,19,1,0.01,0.3,0.5,0.01,3.49183,0.65883
91,19,1,0.01,0.3,0.5,0.01,3.47445,0.50441
92,19,1,0.01,0.3,0.5,0.01,3.50943,0.65156
93,19,1,0.01,0.3,0.5,0.01,3.49183,0.70083
94,19,1,0.01,0.3,0.5,0.01,3.49052,0.6665
95,19,1,0.01,0.3,0.5,0.01,3.46663,0.48696
96,19,1,0.01,0.3,0.5,0.01,3.48664,0.6688
97,19,1,0.01,0.3,0.5,0.01,3.47549,0.60762
98,19,1,0.01,0.3,0.5,0.01,3.52175,0.7936
99,19,1,0.01,0.3,0.5,0.01,3.62952,1.13536
0,19,1,0.01,0.3,0.5,0.0025,3.36446,1.27314
1,19,1,0.01,0.3,0.5,0.0025,3.69035,1.94456
2,19,1,0.01,0.3,0.5,0.0025,3.53372,1.57809
3,19,1,0.01,0.3,0.5,0.0025,3.8161,2.11168
4,19,1,0.01,0.3,0.5,0.0025,3.5745,1.7806
5,19,1,0.01,0.3,0.5,0.0025,3.51465,1.56412
6,19,1,0.01,0.3,0.5,0.0025,3.97061,2.46641
7,19,1,0.01,0.3,0.5,0.0025,3.36544,1.35187
8,19,1,0.01,0.3,0.5,0.0025,3.66533,1.8916
9,19,1,0.01,0.3,0.5,0.0025,3.4861,1.4356
10,19,1,0.01,0.3,0.5,0.0025,3.61363,1.87136
11,19,1,0.01,0.3,0.5,0.0025,3.57246,1.78101
12,19,1,0.01,0.3,0.5,0.0025,3.75078,2.07662
13,19,1,0.01,0.3,0.5,0.0025,4.92806,3.77721
14,19,1,0.01,0.3,0.5,0.0025,3.77681,2.193
15,19,1,0.01,0.3,0.5,0.0025,3.51767,1.62061
16,19,1,0.01,0.3,0.5,0.0025,3.69881,1.93391
17,19,1,0.01,0.3,0.5,0.0025,4.32464,2.95615
18,19,1,0.01,0.3,0.5,0.0025,3.71644,1.92139
19,19,1,0.01,0.3,0.5,0.0025,3.62998,1.89014
20,19,1,0.01,0.3,0.5,0.0025,3.6176,1.73046
21,19,1,0.01,0.3,0.5,0.0025,3.56401,1.61189
22,19,1,0.01,0.3,0.5,0.0025,3.56209,1.77055
23,19,1,0.01,0.3,0.5,0.0025,3.52811,1.65993
24,19,1,0.01,0.3,0.5,0.0025,3.57423,1.7084
25,19,1,0.01,0.3,0.5,0.0025,3.43204,1.50866
26,19,1,0.01,0.3,0.5,0.0025,3.63925,1.8909
27,19,1,0.01,0.3,0.5,0.0025,4.03772,2.53395
28,19,1,0.01,0.3,0.5,0.0025,3.73311,2.03429
29,19,1,0.01,0.3,0.5,0.0025,3.58476,1.68587
30,19,1,0.01,0.3,0.5,0.0025,3.9084,2.36687
31,19,1,0.01,0.3,0.5,0.0025,3.53178,1.67082
32,19,1,0.01,0.3,0.5,0.0025,3.42723,1.34961
33,19,1,0.01,0.3,0.5,0.0025,3.57093,1.58152
34,19,1,0.01,0.3,0.5,0.0025,3.56915,1.73937
35,19,1,0.01,0.3,0.5,0.0025,3.70738,1.99257
36,19,1,0.01,0.3,0.5,0.0025,3.48385,1.54101
37,19,1,0.01,0.3,0.5,0.0025,3.59153,1.71184
38,19,1,0.01,0.3,0.5,0.0025,3.77289,2.027
39,19,1,0.01,0.3,0.5,0.0025,3.72292,1.93852
40,19,1,0.01,0.3,0.5,0.0025,4.02036,2.54046
41,19,1,0.01,0.3,0.5,0.0025,3.46463,1.47168
42,19,1,0.01,0.3,0.5,0.0025,3.49705,1.62331
43,19,1,0.01,0.3,0.5,0.0025,3.59232,1.62167
44,19,1,0.01,0.3,0.5,0.0025,3.76153,1.90865
45,19,1,0.01,0.3,0.5,0.0025,3.55274,1.64268
46,19,1,0.01,0.3,0.5,0.0025,3.61902,1.86997
47,19,1,0.01,0.3,0.5,0.0025,3.69412,2.00817
48,19,1,0.01,0.3,0.5,0.0025,3.89841,2.32073
49,19,1,0.01,0.3,0.5,0.0025,3.87076,2.30351
50,19,1,0.01,0.3,0.5,0.0025,3.54885,1.65722
51,19,1,0.01,0.3,0.5,0.0025,3.87542,2.26534
52,19,1,0.01,0.3,0.5,0.0025,3.48349,1.60167
53,19,1,0.01,0.3,0.5,0.0025,3.65913,1.85877
54,19,1,0.01,0.3,0.5,0.0025,3.5273,1.67516
55,19,1,0.01,0.3,0.5,0.0025,3.44582,1.50927
56,19,1,0.01,0.3,0.5,0.0025,3.40487,1.31895
57,19,1,0.01,0.3,0.5,0.0025,3.55715,1.72602
58,19,1,0.01,0.3,0.5,0.0025,3.3725,1.24127
59,19,1,0.01,0.3,0.5,0.0025,3.55094,1.68244
60,19,1,0.01,0.3,0.5,0.0025,3.44113,1.50169
61,19,1,0.01,0.3,0.5,0.0025,3.6895,1.8565
62,19,1,0.01,0.3,0.5,0.0025,3.64071,1.90689
63,19,1,0.01,0.3,0.5,0.0025,3.8696,2.25383
64,19,1,0.01,0.3,0.5,0.0025,4.39968,3.05146
65,19,1,0.01,0.3,0.5,0.0025,3.7043,1.96768
66,19,1,0.01,0.3,0.5,0.0025,3.56875,1.57881
67,19,1,0.01,0.3,0.5,0.0025,3.60658,1.76267
68,19,1,0.01,0.3,0.5,0.0025,3.64504,1.79859
69,19,1,0.01,0.3,0.5,0.0025,3.50166,1.57015
70,19,1,0.01,0.3,0.5,0.0025,3.80271,2.17823
71,19,1,0.01,0.3,0.5,0.0025,3.58019,1.75005
72,19,1,0.01,0.3,0.5,0.0025,3.44664,1.48566
73,19,1,0.01,0.3,0.5,0.0025,3.71882,1.92618
74,19,1,0.01,0.3,0.5,0.0025,3.68626,2.04042
75,19,1,0.01,0.3,0.5,0.0025,3.87148,2.30007
76,19,1,0.01,0.3,0.5,0.0025,3.56971,1.80953
77,19,1,0.01,0.3,0.5,0.0025,3.45069,1.37885
78,19,1,0.01,0.3,0.5,0.0025,3.63274,1.81305
79,19,1,0.01,0.3,0.5,0.0025,3.43291,1.49635
80,19,1,0.01,0.3,0.5,0.0025,4.35573,3.02441
81,19,1,0.01,0.3,0.5,0.0025,3.69687,1.90607
82,19,1,0.01,0.3,0.5,0.0025,3.47318,1.43603
83,19,1,0.01,0.3,0.5,0.0025,3.79592,2.20422
84,19,1,0.01,0.3,0.5,0.0025,3.4748,1.50168
85,19,1,0.01,0.3,0.5,0.0025,3.55221,1.59969
86,19,1,0.01,0.3,0.5,0.0025,3.4572,1.46969
87,19,1,0.01,0.3,0.5,0.0025,3.50899,1.49832
88,19,1,0.01,0.3,0.5,0.0025,3.54807,1.60782
89,19,1,0.01,0.3,0.5,0.0025,3.47341,1.5657
90,19,1,0.01,0.3,0.5,0.0025,3.63261,1.78258
91,19,1,0.01,0.3,0.5,0.0025,3.45643,1.38751
92,19,1,0.01,0.3,0.5,0.0025,3.57356,1.60213
93,19,1,0.01,0.3,0.5,0.0025,3.57583,1.75094
94,19,1,0.01,0.3,0.5,0.0025,3.59803,1.75696
95,19,1,0.01,0.3,0.5,0.0025,3.57208,1.6947
96,19,1,0.01,0.3,0.5,0.0025,3.45513,1.49367
97,19,1,0.01,0.3,0.5,0.0025,3.39424,1.42086
98,19,1,0.01,0.3,0.5,0.0025,3.50374,1.52855
99,19,1,0.01,0.3,0.5,0.0025,4.01718,2.46942
0,19,1,0.01,0.3,0.5,0.001,3.44803,1.92932
1,19,1,0.01,0.3,0.5,0.001,4.01814,2.76426
2,19,1,0.01,0.3,0.5,0.001,3.7716,2.34171
3,19,1,0.01,0.3,0.5,0.001,4.08846,2.8463
4,19,1,0.01,0.3,0.5,0.001,3.87732,2.5775
5,19,1,0.01,0.3,0.5,0.001,3.68197,2.25169
6,19,1,0.01,0.3,0.5,0.001,4.28033,3.14007
7,19,1,0.01,0.3,0.5,0.001,3.5317,2.12567
8,19,1,0.01,0.3,0.5,0.001,3.92442,2.59279
9,19,1,0.01,0.3,0.5,0.001,3.80875,2.3959
10,19,1,0.01,0.3,0.5,0.001,3.91476,2.66133
11,19,1,0.01,0.3,0.5,0.001,3.89185,2.6158
12,19,1,0.01,0.3,0.5,0.001,4.11542,2.9281
13,19,1,0.01,0.3,0.5,0.001,5.19503,4.30287
14,19,1,0.01,0.3,0.5,0.001,4.15488,3.0212
15,19,1,0.01,0.3,0.5,0.001,3.73399,2.36937
16,19,1,0.01,0.3,0.5,0.001,4.15651,2.95921
17,19,1,0.01,0.3,0.5,0.001,4.76685,3.70614
18,19,1,0.01,0.3,0.5,0.001,4.04313,2.7513
19,19,1,0.01,0.3,0.5,0.001,3.95224,2.72103
20,19,1,0.01,0.3,0.5,0.001,3.89476,2.56133
21,19,1,0.01,0.3,0.5,0.001,3.85131,2.46737
22,19,1,0.01,0.3,0.5,0.001,3.80263,2.48732
23,19,1,0.01,0.3,0.5,0.001,3.78011,2.43346
24,19,1,0.01,0.3,0.5,0.001,3.78024,2.40804
25,19,1,0.01,0.3,0.5,0.001,3.65085,2.29746
26,19,1,0.01,0.3,0.5,0.001,3.88439,2.58041
27,19,1,0.01,0.3,0.5,0.001,4.24102,3.08927
28,19,1,0.01,0.3,0.5,0.001,4.05601,2.8298
29,19,1,0.01,0.3,0.5,0.001,3.86109,2.4822
30,19,1,0.01,0.3,0.5,0.001,4.31502,3.18684
31,19,1,0.01,0.3,0.5,0.001,3.77322,2.49366
32,19,1,0.01,0.3,0.5,0.001,3.6303,2.16147
33,19,1,0.01,0.3,0.5,0.001,3.68959,2.1855
34,19,1,0.01,0.3,0.5,0.001,3.90509,2.62847
35,19,1,0.01,0.3,0.5,0.001,3.99876,2.768
36,19,1,0.01,0.3,0.5,0.001,3.81682,2.47581
37,19,1,0.01,0.3,0.5,0.001,3.95844,2.68532
38,19,1,0.01,0.3,0.5,0.001,4.10925,2.877
39,19,1,0.01,0.3,0.5,0.001,4.16366,2.92664
40,19,1,0.01,0.3,0.5,0.001,4.22776,3.09683
41,19,1,0.01,0.3,0.5,0.001,3.71952,2.34093
42,19,1,0.01,0.3,0.5,0.001,3.72493,2.36553
43,19,1,0.01,0.3,0.5,0.001,3.86759,2.46942
44,19,1,0.01,0.3,0.5,0.001,4.05492,2.74466
45,19,1,0.01,0.3,0.5,0.001,3.88825,2.52329
46,19,1,0.01,0.3,0.5,0.001,3.88291,2.60347
47,19,1,0.01,0.3,0.5,0.001,4.03178,2.83828
48,19,1,0.01,0.3,0.5,0.001,4.18952,2.99745
49,19,1,0.01,0.3,0.5,0.001,4.12575,2.94034
50,19,1,0.01,0.3,0.5,0.001,3.68214,2.24749
51,19,1,0.01,0.3,0.5,0.001,4.17416,2.97838
52,19,1,0.01,0.3,0.5,0.001,3.82914,2.51698
53,19,1,0.01,0.3,0.5,0.001,3.82036,2.45917
54,19,1,0.01,0.3,0.5,0.001,3.80516,2.51487
55,19,1,0.01,0.3,0.5,0.001,3.73403,2.36007
56,19,1,0.01,0.3,0.5,0.001,3.62957,2.16331
57,19,1,0.01,0.3,0.5,0.001,3.92325,2.67884
58,19,1,0.01,0.3,0.5,0.001,3.54411,2.06536
59,19,1,0.01,0.3,0.5,0.001,3.79195,2.42688
60,19,1,0.01,0.3,0.5,0.001,3.7372,2.37963
61,19,1,0.01,0.3,0.5,0.001,4.07529,2.79169
62,19,1,0.01,0.3,0.5,0.001,3.84418,2.57885
63,19,1,0.01,0.3,0.5,0.001,4.27614,3.1333
64,19,1,0.01,0.3,0.5,0.001,4.6247,3.53682
65,19,1,0.01,0.3,0.5,0.001,4.13614,2.9204
66,19,1,0.01,0.3,0.5,0.001,3.76161,2.35625
67,19,1,0.01,0.3,0.5,0.001,3.84252,2.54165
68,19,1,0.01,0.3,0.5,0.001,4.03198,2.73814
69,19,1,0.01,0.3,0.5,0.001,3.73989,2.37771
70,19,1,0.01,0.3,0.5,0.001,4.13181,2.95399
71,19,1,0.01,0.3,0.5,0.001,3.79321,2.43811
72,19,1,0.01,0.3,0.5,0.001,3.81161,2.48759
73,19,1,0.01,0.3,0.5,0.001,3.9201,2.62242
74,19,1,0.01,0.3,0.5,0.001,4.05462,2.86105
75,19,1,0.01,0.3,0.5,0.001,4.16109,3.00414
76,19,1,0.01,0.3,0.5,0.001,3.88664,2.65553
77,19,1,0.01,0.3,0.5,0.001,3.63974,2.14958
78,19,1,0.01,0.3,0.5,0.001,4.00566,2.7596
79,19,1,0.01,0.3,0.5,0.001,3.75166,2.47125
80,19,1,0.01,0.3,0.5,0.001,4.71767,3.6946
81,19,1,0.01,0.3,0.5,0.001,3.92192,2.61244
82,19,1,0.01,0.3,0.5,0.001,3.64827,2.18171
83,19,1,0.01,0.3,0.5,0.001,4.00852,2.81729
84,19,1,0.01,0.3,0.5,0.001,3.68821,2.29354
85,19,1,0.01,0.3,0.5,0.001,3.73684,2.34148
86,19,1,0.01,0.3,0.5,0.001,3.70426,2.31208
87,19,1,0.01,0.3,0.5,0.001,3.66934,2.18694
88,19,1,0.01,0.3,0.5,0.001,3.85556,2.47232
89,19,1,0.01,0.3,0.5,0.001,3.74193,2.36229
90,19,1,0.01,0.3,0.5,0.001,4.06007,2.78786
91,19,1,0.01,0.3,0.5,0.001,3.58481,2.02841
92,19,1,0.01,0.3,0.5,0.001,3.78139,2.32986
93,19,1,0.01,0.3,0.5,0.001,3.89631,2.58296
94,19,1,0.01,0.3,0.5,0.001,3.97388,2.71073
95,19,1,0.01,0.3,0.5,0.001,3.97245,2.68008
96,19,1,0.01,0.3,0.5,0.001,3.70349,2.29838
97,19,1,0.01,0.3,0.5,0.001,3.64342,2.28654
98,19,1,0.01,0.3,0.5,0.001,3.74481,2.34339
99,19,1,0.01,0.3,0.5,0.001,4.44631,3.34729
0,22,1,0.01,0.3,0.5,0.01,3.45229,0.52522
1,22,1,0.01,0.3,0.5,0.01,3.52323,0.79944
2,22,1,0.01,0.3,0.5,0.01,3.46837,0.51967
3,22,1,0.01,0.3,0.5,0.01,3.47614,0.62719
4,22,1,0.01,0.3,0.5,0.01,3.47288,0.60404
5,22,1,0.01,0.3,0.5,0.01,3.50608,0.72309
6,22,1,0.01,0.3,0.5,0.01,3.48048,0.68872
7,22,1,0.01,0.3,0.5,0.01,3.44374,0.47549
8,22,1,0.01,0.3,0.5,0.01,3.46752,0.60127
9,22,1,0.01,0.3,0.5,0.01,3.53061,0.85248
10,22,1,0.01,0.3,0.5,0.01,3.49868,0.77107
11,22,1,0.01,0.3,0.5,0.01,3.44369,0.41432
12,22,1,0.01,0.3,0.5,0.01,3.80024,1.70734
13,22,1,0.01,0.3,0.5,0.01,3.53311,0.72881
14,22,1,0.01,0.3,0.5,0.01,3.46553,0.57438
15,22,1,0.01,0.3,0.5,0.01,3.57078,1.07036
16,22,1,0.01,0.3,0.5,0.01,3.46869,0.53167
17,22,1,0.01,0.3,0.5,0.01,3.50043,0.7697
18,22,1,0.01,0.3,0.5,0.01,3.54773,0.96562
19,22,1,0.01,0.3,0.5,0.01,3.44648,0.4036
20,22,1,0.01,0.3,0.5,0.01,3.50047,0.72776
21,22,1,0.01,0.3,0.5,0.01,3.48066,0.68006
22,22,1,0.01,0.3,0.5,0.01,3.50334,0.75524
23,22,1,0.01,0.3,0.5,0.01,3.45877,0.51409
24,22,1,0.01,0.3,0.5,0.01,3.46651,0.5963
25,22,1,0.01,0.3,0.5,0.01,3.45943,0.54146
26,22,1,0.01,0.3,0.5,0.01,3.6454,1.06198
27,22,1,0.01,0.3,0.5,0.01,3.51107,0.76978
28,22,1,0.01,0.3,0.5,0.01,3.50094,0.74626
29,22,1,0.01,0.3,0.5,0.01,3.58044,1.11579
30,22,1,0.01,0.3,0.5,0.01,3.48635,0.73189
31,22,1,0.01,0.3,0.5,0.01,3.52306,0.73552
32,22,1,0.01,0.3,0.5,0.01,3.50026,0.73357
33,22,1,0.01,0.3,0.5,0.01,3.46481,0.56212
34,22,1,0.01,0.3,0.5,0.01,3.55416,0.83891
35,22,1,0.01,0.3,0.5,0.01,3.51813,0.79708
36,22,1,0.01,0.3,0.5,0.01,3.5302,0.92098
37,22,1,0.01,0.3,0.5,0.01,3.47404,0.6339
38,22,1,0.01,0.3,0.5,0.01,3.71337,1.4865
39,22,1,0.01,0.3,0.5,0.01,3.59953,1.18426
40,22,1,0.01,0.3,0.5,0.01,3.58036,1.0868
41,22,1,0.01,0.3,0.5,0.01,3.58597,1.1163
42,22,1,0.01,0.3,0.5,0.01,3.52409,0.77554
43,22,1,0.01,0.3,0.5,0.01,3.46749,0.56852
44,22,1,0.01,0.3,0.5,0.01,3.47891,0.68665
45,22,1,0.01,0.3,0.5,0.01,3.51191,0.72411
46,22,1,0.01,0.3,0.5,0.01,3.72556,1.39998
47,22,1,0.01,0.3,0.5,0.01,3.55082,0.9223
48,22,1,0.01,0.3,0.5,0.01,3.48706,0.63504
49,22,1,0.01,0.3,0.5,0.01,3.48059,0.67288
50,22,1,0.01,0.3,0.5,0.01,3.49151,0.74084
51,22,1,0.01,0.3,0.5,0.01,3.50904,0.76271
52,22,1,0.01,0.3,0.5,0.01,3.49117,0.67235
53,22,1,0.01,0.3,0.5,0.01,3.45864,0.6004
54,22,1,0.01,0.3,0.5,0.01,3.47685,0.64702
55,22,1,0.01,0.3,0.5,0.01,3.73984,1.52206
56,22,1,0.01,0.3,0.5,0.01,3.51195,0.7838
57,22,1,0.01,0.3,0.5,0.01,3.54049,0.79511
58,22,1,0.01,0.3,0.5,0.01,3.50704,0.81004
59,22,1,0.01,0.3,0.5,0.01,3.56509,1.04992
60,22,1,0.01,0.3,0.5,0.01,3.52045,0.68931
61,22,1,0.01,0.3,0.5,0.01,3.49653,0.73624
62,22,1,0.01,0.3,0.5,0.01,3.44416,0.43598
63,22,1,0.01,0.3,0.5,0.01,3.47391,0.60273
64,22,1,0.01,0.3,0.5,0.01,3.48994,0.69564
65,22,1,0.01,0.3,0.5,0.01,3.48555,0.71398
66,22,1,0.01,0.3,0.5,0.01,3.49348,0.75445
67,22,1,0.01,0.3,0.5,0.01,3.50124,0.74258
68,22,1,0.01,0.3,0.5,0.01,3.47936,0.62828
69,22,1,0.01,0.3,0.5,0.01,3.54076,0.80697
70,22,1,0.01,0.3,0.5,0.01,3.4785,0.65523
71,22,1,0.01,0.3,0.5,0.01,3.45577,0.50069
72,22,1,0.01,0.3,0.5,0.01,3.48181,0.60602
73,22,1,0.01,0.3,0.5,0.01,3.56189,0.95862
74,22,1,0.01,0.3,0.5,0.01,3.58535,1.04229
75,22,1,0.01,0.3,0.5,0.01,3.47797,0.5488
76,22,1,0.01,0.3,0.5,0.01,3.68715,1.42986
77,22,1,0.01,0.3,0.5,0.01,3.50473,0.81671
78,22,1,0.01,0.3,0.5,0.01,3.50937,0.7037
79,22,1,0.01,0.3,0.5,0.01,3.5098,0.73928
80,22,1,0.01,0.3,0.5,0.01,3.51887,0.89378
81,22,1,0.01,0.3,0.5,0.01,3.51381,0.71064
82,22,1,0.01,0.3,0.5,0.01,3.47595,0.59445
83,22,1,0.01,0.3,0.5,0.01,3.58991,1.11693
84,22,1,0.01,0.3,0.5,0.01,3.50494,0.77034
85,22,1,0.01,0.3,0.5,0.01,3.49724,0.70888
86,22,1,0.01,0.3,0.5,0.01,3.51791,0.84047
87,22,1,0.01,0.3,0.5,0.01,3.47395,0.61329
88,22,1,0.01,0.3,0.5,0.01,3.49292,0.53996
89,22,1,0.01,0.3,0.5,0.01,3.59223,0.96444
90,22,1,0.01,0.3,0.5,0.01,3.45782,0.50065
91,22,1,0.01,0.3,0.5,0.01,3.50101,0.66005
92,22,1,0.01,0.3,0.5,0.01,3.48787,0.63081
93,22,1,0.01,0.3,0.5,0.01,3.47573,0.60097
94,22,1,0.01,0.3,0.5,0.01,3.4777,0.58352
95,22,1,0.01,0.3,0.5,0.01,3.54884,0.90727
96,22,1,0.01,0.3,0.5,0.01,3.4896,0.59322
97,22,1,0.01,0.3,0.5,0.01,3.46444,0.55064
98,22,1,0.01,0.3,0.5,0.01,3.5178,0.84112
99,22,1,0.01,0.3,0.5,0.01,3.46586,0.54984
0,22,1,0.01,0.3,0.5,0.0025,3.60374,1.84837
1,22,1,0.01,0.3,0.5,0.0025,3.63581,1.80757
2,22,1,0.01,0.3,0.5,0.0025,3.42814,1.43886
3,22,1,0.01,0.3,0.5,0.0025,3.44691,1.56732
4,22,1,0.01,0.3,0.5,0.0025,3.51874,1.69183
5,22,1,0.01,0.3,0.5,0.0025,3.49662,1.47913
6,22,1,0.01,0.3,0.5,0.0025,3.67845,1.97025
7,22,1,0.01,0.3,0.5,0.0025,3.35232,1.30139
8,22,1,0.01,0.3,0.5,0.0025,3.43526,1.58895
9,22,1,0.01,0.3,0.5,0.0025,3.58503,1.73011
10,22,1,0.01,0.3,0.5,0.0025,3.61747,1.92681
11,22,1,0.01,0.3,0.5,0.0025,3.37094,1.41079
12,22,1,0.01,0.3,0.5,0.0025,4.42469,3.17717
13,22,1,0.01,0.3,0.5,0.0025,3.62176,1.69693
14,22,1,0.01,0.3,0.5,0.0025,3.77962,2.18674
15,22,1,0.01,0.3,0.5,0.0025,3.86431,2.31711
16,22,1,0.01,0.3,0.5,0.0025,3.44251,1.46835
17,22,1,0.01,0.3,0.5,0.0025,3.55781,1.80096
18,22,1,0.01,0.3,0.5,0.0025,3.57025,1.73097
19,22,1,0.01,0.3,0.5,0.0025,3.39884,1.39781
20,22,1,0.01,0.3,0.5,0.0025,3.52947,1.58117
21,22,1,0.01,0.3,0.5,0.0025,3.39718,1.41958
22,22,1,0.01,0.3,0.5,0.0025,3.58096,1.76866
23,22,1,0.01,0.3,0.5,0.0025,3.33169,1.2408
24,22,1,0.01,0.3,0.5,0.0025,3.56908,1.79567
25,22,1,0.01,0.3,0.5,0.0025,3.4161,1.46283
26,22,1,0.01,0.3,0.5,0.0025,3.94752,2.33592
27,22,1,0.01,0.3,0.5,0.0025,3.69241,2.01497
28,22,1,0.01,0.3,0.5,0.0025,3.47157,1.52826
29,22,1,0.01,0.3,0.5,0.0025,4.08457,2.66739
30,22,1,0.01,0.3,0.5,0.0025,3.54955,1.78018
31,22,1,0.01,0.3,0.5,0.0025,3.58202,1.68725
32,22,1,0.01,0.3,0.5,0.0025,3.54942,1.69431
33,22,1,0.01,0.3,0.5,0.0025,3.39467,1.46214
34,22,1,0.01,0.3,0.5,0.0025,3.80746,2.10866
35,22,1,0.01,0.3,0.5,0.0025,3.62396,1.80407
36,22,1,0.01,0.3,0.5,0.0025,3.62994,1.81973
37,22,1,0.01,0.3,0.5,0.0025,3.44611,1.48627
38,22,1,0.01,0.3,0.5,0.0025,4.16376,2.73009
39,22,1,0.01,0.3,0.5,0.0025,3.92937,2.45551
40,22,1,0.01,0.3,0.5,0.0025,4.15018,2.74787
41,22,1,0.01,0.3,0.5,0.0025,3.82231,2.25345
42,22,1,0.01,0.3,0.5,0.0025,3.70738,1.99892
43,22,1,0.01,0.3,0.5,0.0025,3.43973,1.43532
44,22,1,0.01,0.3,0.5,0.0025,3.49658,1.70143
45,22,1,0.01,0.3,0.5,0.0025,3.60188,1.72683
46,22,1,0.01,0.3,0.5,0.0025,4.21708,2.71917
47,22,1,0.01,0.3,0.5,0.0025,3.81642,2.24414
48,22,1,0.01,0.3,0.5,0.0025,3.57737,1.6699
49,22,1,0.01,0.3,0.5,0.0025,3.47914,1.53345
50,22,1,0.01,0.3,0.5,0.0025,3.62545,1.9231
51,22,1,0.01,0.3,0.5,0.0025,3.62479,1.89356
52,22,1,0.01,0.3,0.5,0.0025,3.52503,1.73742
53,22,1,0.01,0.3,0.5,0.0025,3.48293,1.6796
54,22,1,0.01,0.3,0.5,0.0025,3.38125,1.32582
55,22,1,0.01,0.3,0.5,0.0025,3.87233,2.24355
56,22,1,0.01,0.3,0.5,0.0025,3.66716,1.92793
57,22,1,0.01,0.3,0.5,0.0025,3.76627,2.03593
58,22,1,0.01,0.3,0.5,0.0025,3.60385,1.78288
59,22,1,0.01,0.3,0.5,0.0025,4.07776,2.69784
60,22,1,0.01,0.3,0.5,0.0025,3.54937,1.5811
61,22,1,0.01,0.3,0.5,0.0025,3.70727,2.02786
62,22,1,0.01,0.3,0.5,0.0025,3.39362,1.42365
63,22,1,0.01,0.3,0.5,0.0025,3.40211,1.38401
64,22,1,0.01,0.3,0.5,0.0025,3.54669,1.758
65,22,1,0.01,0.3,0.5,0.0025,3.44974,1.53318
66,22,1,0.01,0.3,0.5,0.0025,3.4982,1.67265
67,22,1,0.01,0.3,0.5,0.0025,3.59983,1.87704
68,22,1,0.01,0.3,0.5,0.0025,3.46572,1.5178
69,22,1,0.01,0.3,0.5,0.0025,3.52402,1.61044
70,22,1,0.01,0.3,0.5,0.0025,3.55164,1.7864
71,22,1,0.01,0.3,0.5,0.0025,3.58046,1.78728
72,22,1,0.01,0.3,0.5,0.0025,3.56334,1.72246
73,22,1,0.01,0.3,0.5,0.0025,3.64466,1.81249
74,22,1,0.01,0.3,0.5,0.0025,3.75843,2.04533
75,22,1,0.01,0.3,0.5,0.0025,3.46958,1.44393
76,22,1,0.01,0.3,0.5,0.0025,4.28427,2.96187
77,22,1,0.01,0.3,0.5,0.0025,3.59563,1.88622
78,22,1,0.01,0.3,0.5,0.0025,3.61718,1.77683
79,22,1,0.01,0.3,0.5,0.0025,3.72408,1.96605
80,22,1,0.01,0.3,0.5,0.0025,3.67988,2.03215
81,22,1,0.01,0.3,0.5,0.0025,3.664,1.86064
82,22,1,0.01,0.3,0.5,0.0025,3.50424,1.56417
83,22,1,0.01,0.3,0.5,0.0025,3.93147,2.39407
84,22,1,0.01,0.3,0.5,0.0025,3.58581,1.73929
85,22,1,0.01,0.3,0.5,0.0025,3.57819,1.7148
86,22,1,0.01,0.3,0.5,0.0025,3.80082,2.23013
87,22,1,0.01,0.3,0.5,0.0025,3.51349,1.69669
88,22,1,0.01,0.3,0.5,0.0025,3.48467,1.4862
89,22,1,0.01,0.3,0.5,0.0025,3.87156,2.23282
90,22,1,0.01,0.3,0.5,0.0025,3.30576,1.18007
91,22,1,0.01,0.3,0.5,0.0025,3.59072,1.70958
92,22,1,0.01,0.3,0.5,0.0025,3.38636,1.33721
93,22,1,0.01,0.3,0.5,0.0025,3.54765,1.75336
94,22,1,0.01,0.3,0.5,0.0025,3.4066,1.35418
95,22,1,0.01,0.3,0.5,0.0025,3.81751,2.18407
96,22,1,0.01,0.3,0.5,0.0025,3.60026,1.7357
97,22,1,0.01,0.3,0.5,0.0025,3.44349,1.47715
98,22,1,0.01,0.3,0.5,0.0025,3.82274,2.13374
99,22,1,0.01,0.3,0.5,0.0025,3.35521,1.28508
0,22,1,0.01,0.3,0.5,0.001,4.08575,2.93977
1,22,1,0.01,0.3,0.5,0.001,3.96743,2.68297
2,22,1,0.01,0.3,0.5,0.001,3.70659,2.36115
3,22,1,0.01,0.3,0.5,0.001,3.71945,2.45559
4,22,1,0.01,0.3,0.5,0.001,3.84304,2.60991
5,22,1,0.01,0.3,0.5,0.001,3.58459,2.04434
6,22,1,0.01,0.3,0.5,0.001,4.12292,2.97717
7,22,1,0.01,0.3,0.5,0.001,3.57046,2.16528
8,22,1,0.01,0.3,0.5,0.001,3.75674,2.54761
9,22,1,0.01,0.3,0.5,0.001,3.77628,2.43297
10,22,1,0.01,0.3,0.5,0.001,3.99681,2.84892
11,22,1,0.01,0.3,0.5,0.001,3.61838,2.32433
12,22,1,0.01,0.3,0.5,0.001,4.72331,3.74462
13,22,1,0.01,0.3,0.5,0.001,3.88245,2.5363
14,22,1,0.01,0.3,0.5,0.001,4.32264,3.22168
15,22,1,0.01,0.3,0.5,0.001,4.18902,3.05572
16,22,1,0.01,0.3,0.5,0.001,3.70278,2.34451
17,22,1,0.01,0.3,0.5,0.001,3.8818,2.67951
18,22,1,0.01,0.3,0.5,0.001,3.7313,2.36059
19,22,1,0.01,0.3,0.5,0.001,3.77704,2.47712
20,22,1,0.01,0.3,0.5,0.001,3.74515,2.30209
21,22,1,0.01,0.3,0.5,0.001,3.65971,2.31372
22,22,1,0.01,0.3,0.5,0.001,3.85171,2.56164
23,22,1,0.01,0.3,0.5,0.001,3.48862,2.06048
24,22,1,0.01,0.3,0.5,0.001,3.93308,2.72205
25,22,1,0.01,0.3,0.5,0.001,3.69338,2.35565
26,22,1,0.01,0.3,0.5,0.001,4.38914,3.28986
27,22,1,0.01,0.3,0.5,0.001,4.25194,3.14046
28,22,1,0.01,0.3,0.5,0.001,3.6387,2.23415
29,22,1,0.01,0.3,0.5,0.001,4.48405,3.44233
30,22,1,0.01,0.3,0.5,0.001,3.89047,2.67288
31,22,1,0.01,0.3,0.5,0.001,3.81673,2.50777
32,22,1,0.01,0.3,0.5,0.001,3.89794,2.59932
33,22,1,0.01,0.3,0.5,0.001,3.60379,2.23925
34,22,1,0.01,0.3,0.5,0.001,4.15413,2.97909
35,22,1,0.01,0.3,0.5,0.001,4.05875,2.84429
36,22,1,0.01,0.3,0.5,0.001,3.88504,2.56443
37,22,1,0.01,0.3,0.5,0.001,3.8546,2.59653
38,22,1,0.01,0.3,0.5,0.001,4.58471,3.50563
39,22,1,0.01,0.3,0.5,0.001,4.24065,3.14759
40,22,1,0.01,0.3,0.5,0.001,4.71677,3.68616
41,22,1,0.01,0.3,0.5,0.001,4.271,3.16172
42,22,1,0.01,0.3,0.5,0.001,4.15929,3.03153
43,22,1,0.01,0.3,0.5,0.001,3.75435,2.3746
44,22,1,0.01,0.3,0.5,0.001,3.76911,2.52242
45,22,1,0.01,0.3,0.5,0.001,4.00188,2.73461
46,22,1,0.01,0.3,0.5,0.001,4.66172,3.61838
47,22,1,0.01,0.3,0.5,0.001,4.2875,3.1659
48,22,1,0.01,0.3,0.5,0.001,3.96298,2.65223
49,22,1,0.01,0.3,0.5,0.001,3.69544,2.2882
50,22,1,0.01,0.3,0.5,0.001,3.91513,2.68335
51,22,1,0.01,0.3,0.5,0.001,3.8857,2.65546
52,22,1,0.01,0.3,0.5,0.001,3.83537,2.60669
53,22,1,0.01,0.3,0.5,0.001,3.94799,2.70937
54,22,1,0.01,0.3,0.5,0.001,3.49966,2.03408
55,22,1,0.01,0.3,0.5,0.001,4.05057,2.80754
56,22,1,0.01,0.3,0.5,0.001,4.01337,2.7741
57,22,1,0.01,0.3,0.5,0.001,4.28291,3.12976
58,22,1,0.01,0.3,0.5,0.001,3.89085,2.53498
59,22,1,0.01,0.3,0.5,0.001,4.5227,3.54445
60,22,1,0.01,0.3,0.5,0.001,3.70388,2.31149
61,22,1,0.01,0.3,0.5,0.001,4.03103,2.82334
62,22,1,0.01,0.3,0.5,0.001,3.66244,2.34267
63,22,1,0.01,0.3,0.5,0.001,3.70654,2.36243
64,22,1,0.01,0.3,0.5,0.001,3.90275,2.70554
65,22,1,0.01,0.3,0.5,0.001,3.5724,2.14334
66,22,1,0.01,0.3,0.5,0.001,3.77348,2.51742
67,22,1,0.01,0.3,0.5,0.001,3.97094,2.77247
68,22,1,0.01,0.3,0.5,0.001,3.66684,2.28582
69,22,1,0.01,0.3,0.5,0.001,3.6615,2.27199
70,22,1,0.01,0.3,0.5,0.001,3.89205,2.67596
71,22,1,0.01,0.3,0.5,0.001,3.97132,2.7415
72,22,1,0.01,0.3,0.5,0.001,3.81795,2.50147
73,22,1,0.01,0.3,0.5,0.001,3.84544,2.50962
74,22,1,0.01,0.3,0.5,0.001,4.10919,2.91164
75,22,1,0.01,0.3,0.5,0.001,3.77004,2.42331
76,22,1,0.01,0.3,0.5,0.001,4.51638,3.47027
77,22,1,0.01,0.3,0.5,0.001,3.92846,2.73704
78,22,1,0.01,0.3,0.5,0.001,4.11361,2.89857
79,22,1,0.01,0.3,0.5,0.001,3.99384,2.72398
80,22,1,0.01,0.3,0.5,0.001,4.00366,2.84671
81,22,1,0.01,0.3,0.5,0.001,3.91457,2.631
82,22,1,0.01,0.3,0.5,0.001,3.81921,2.47555
83,22,1,0.01,0.3,0.5,0.001,4.15918,2.98337
84,22,1,0.01,0.3,0.5,0.001,3.82527,2.47611
85,22,1,0.01,0.3,0.5,0.001,3.86093,2.54778
86,22,1,0.01,0.3,0.5,0.001,4.19376,3.09788
87,22,1,0.01,0.3,0.5,0.001,3.77185,2.50416
88,22,1,0.01,0.3,0.5,0.001,3.70936,2.30864
89,22,1,0.01,0.3,0.5,0.001,4.2481,3.10063
90,22,1,0.01,0.3,0.5,0.001,3.43136,1.96676
91,22,1,0.01,0.3,0.5,0.001,3.85079,2.53008
92,22,1,0.01,0.3,0.5,0.001,3.49429,2.02789
93,22,1,0.01,0.3,0.5,0.001,3.95394,2.73737
94,22,1,0.01,0.3,0.5,0.001,3.56878,2.09001
95,22,1,0.01,0.3,0.5,0.001,4.47981,3.41386
96,22,1,0.01,0.3,0.5,0.001,4.00537,2.74174
97,22,1,0.01,0.3,0.5,0.001,3.7332,2.37255
98,22,1,0.01,0.3,0.5,0.001,4.28978,3.11364
99,22,1,0.01,0.3,0.5,0.001,3.52004,2.08138
0,26,1,0.01,0.3,0.5,0.01,3.53259,0.74185
1,26,1,0.01,0.3,0.5,0.01,3.46224,0.50849
2,26,1,0.01,0.3,0.5,0.01,3.43853,0.3952
3,26,1,0.01,0.3,0.5,0.01,3.49023,0.67862
4,26,1,0.01,0.3,0.5,0.01,3.49651,0.71271
5,26,1,0.01,0.3,0.5,0.01,3.46126,0.52416
6,26,1,0.01,0.3,0.5,0.01,3.51688,0.78302
7,26,1,0.01,0.3,0.5,0.01,3.4505,0.42833
8,26,1,0.01,0.3,0.5,0.01,3.45175,0.5276
9,26,1,0.01,0.3,0.5,0.01,3.45853,0.53914
10,26,1,0.01,0.3,0.5,0.01,3.47014,0.61522
11,26,1,0.01,0.3,0.5,0.01,3.44138,0.38869
12,26,1,0.01,0.3,0.5,0.01,3.52784,0.88806
13,26,1,0.01,0.3,0.5,0.01,3.4728,0.61764
14,26,1,0.01,0.3,0.5,0.01,3.46145,0.53774
15,26,1,0.01,0.3,0.5,0.01,3.44522,0.42598
16,26,1,0.01,0.3,0.5,0.01,3.48511,0.69846
17,26,1,0.01,0.3,0.5,0.01,3.44654,0.5338
18,26,1,0.01,0.3,0.5,0.01,3.47193,0.664
19,26,1,0.01,0.3,0.5,0.01,3.56947,1.0655
20,26,1,0.01,0.3,0.5,0.01,3.48033,0.70187
21,26,1,0.01,0.3,0.5,0.01,3.46735,0.61562
22,26,1,0.01,0.3,0.5,0.01,3.51078,0.80102
23,26,1,0.01,0.3,0.5,0.01,3.46796,0.52479
24,26,1,0.01,0.3,0.5,0.01,3.47579,0.56852
25,26,1,0.01,0.3,0.5,0.01,3.50122,0.77397
26,26,1,0.01,0.3,0.5,0.01,3.49159,0.72394
27,26,1,0.01,0.3,0.5,0.01,3.43511,0.36987
28,26,1,0.01,0.3,0.5,0.01,3.45169,0.51968
29,26,1,0.01,0.3,0.5,0.01,3.45553,0.51501
30,26,1,0.01,0.3,0.5,0.01,3.46608,0.57648
31,26,1,0.01,0.3,0.5,0.01,3.5015,0.82239
32,26,1,0.01,0.3,0.5,0.01,3.50452,0.80376
33,26,1,0.01,0.3,0.5,0.01,3.46999,0.61911
34,26,1,0.01,0.3,0.5,0.01,3.48025,0.68331
35,26,1,0.01,0.3,0.5,0.01,3.53418,0.82008
36,26,1,0.01,0.3,0.5,0.01,3.43788,0.39865
37,26,1,0.01,0.3,0.5,0.01,3.42649,0.36154
38,26,1,0.01,0.3,0.5,0.01,3.47199,0.6517
39,26,1,0.01,0.3,0.5,0.01,3.45388,0.53894
40,26,1,0.01,0.3,0.5,0.01,3.44252,0.43533
41,26,1,0.01,0.3,0.5,0.01,3.42313,0.25438
42,26,1,0.01,0.3,0.5,0.01,3.48416,0.61473
43,26,1,0.01,0.3,0.5,0.01,3.45708,0.47708
44,26,1,0.01,0.3,0.5,0.01,3.52393,0.8987
45,26,1,0.01,0.3,0.5,0.01,3.50299,0.78665
46,26,1,0.01,0.3,0.5,0.01,3.51479,0.82809
47,26,1,0.01,0.3,0.5,0.01,3.48711,0.66854
48,26,1,0.01,0.3,0.5,0.01,3.47368,0.5829
49,26,1,0.01,0.3,0.5,0.01,3.46766,0.5648
50,26,1,0.01,0.3,0.5,0.01,3.53167,0.83218
51,26,1,0.01,0.3,0.5,0.01,3.45094,0.51619
52,26,1,0.01,0.3,0.5,0.01,3.49324,0.6569
53,26,1,0.01,0.3,0.5,0.01,3.56994,1.1114
54,26,1,0.01,0.3,0.5,0.01,3.47314,0.67509
55,26,1,0.01,0.3,0.5,0.01,3.44593,0.43246
56,26,1,0.01,0.3,0.5,0.01,3.47297,0.56734
57,26,1,0.01,0.3,0.5,0.01,3.43961,0.43347
58,26,1,0.01,0.3,0.5,0.01,3.48563,0.73431
59,26,1,0.01,0.3,0.5,0.01,3.43456,0.37442
60,26,1,0.01,0.3,0.5,0.01,3.49306,0.72472
61,26,1,0.01,0.3,0.5,0.01,3.45568,0.56243
62,26,1,0.01,0.3,0.5,0.01,3.45323,0.47016
63,26,1,0.01,0.3,0.5,0.01,3.4937,0.75171
64,26,1,0.01,0.3,0.5,0.01,3.65646,1.3189
65,26,1,0.01,0.3,0.5,0.01,3.50888,0.62168
66,26,1,0.01,0.3,0.5,0.01,3.45093,0.50863
67,26,1,0.01,0.3,0.5,0.01,3.46638,0.59808
68,26,1,0.01,0.3,0.5,0.01,3.46553,0.61602
69,26,1,0.01,0.3,0.5,0.01,3.44175,0.44552
70,26,1,0.01,0.3,0.5,0.01,3.46247,0.60845
71,26,1,0.01,0.3,0.5,0.01,3.43645,0.42288
72,26,1,0.01,0.3,0.5,0.01,3.45488,0.51422
73,26,1,0.01,0.3,0.5,0.01,3.44465,0.44265
74,26,1,0.01,0.3,0.5,0.01,3.54674,1.00411
75,26,1,0.01,0.3,0.5,0.01,3.50024,0.68872
76,26,1,0.01,0.3,0.5,0.01,3.4549,0.5362
77,26,1,0.01,0.3,0.5,0.01,3.46362,0.55966
78,26,1,0.01,0.3,0.5,0.01,3.43542,0.39254
79,26,1,0.01,0.3,0.5,0.01,3.48482,0.69994
80,26,1,0.01,0.3,0.5,0.01,3.49431,0.79839
81,26,1,0.01,0.3,0.5,0.01,3.51184,0.82723
82,26,1,0.01,0.3,0.5,0.01,3.52767,0.88205
83,26,1,0.01,0.3,0.5,0.01,3.47847,0.64484
84,26,1,0.01,0.3,0.5,0.01,3.47597,0.62708
85,26,1,0.01,0.3,0.5,0.01,3.57008,1.06595
86,26,1,0.01,0.3,0.5,0.01,3.45545,0.51339
87,26,1,0.01,0.3,0.5,0.01,3.50646,0.84388
88,26,1,0.01,0.3,0.5,0.01,3.44246,0.42778
89,26,1,0.01,0.3,0.5,0.01,3.48956,0.56377
90,26,1,0.01,0.3,0.5,0.01,3.45119,0.50408
91,26,1,0.01,0.3,0.5,0.01,3.51093,0.82751
92,26,1,0.01,0.3,0.5,0.01,3.48767,0.74756
93,26,1,0.01,0.3,0.5,0.01,3.48705,0.72102
94,26,1,0.01,0.3,0.5,0.01,3.49667,0.71594
95,26,1,0.01,0.3,0.5,0.01,3.47381,0.58624
96,26,1,0.01,0.3,0.5,0.01,3.4837,0.62533
97,26,1,0.01,0.3,0.5,0.01,3.43576,0.40406
98,26,1,0.01,0.3,0.5,0.01,3.47216,0.64223
99,26,1,0.01,0.3,0.5,0.01,3.48742,0.73325
0,26,1,0.01,0.3,0.5,0.0025,3.64556,1.828
1,26,1,0.01,0.3,0.5,0.0025,3.39071,1.3834
2,26,1,0.01,0.3,0.5,0.0025,3.248,1.04182
3,26,1,0.01,0.3,0.5,0.0025,3.57815,1.76762
4,26,1,0.01,0.3,0.5,0.0025,3.51792,1.58268
5,26,1,0.01,0.3,0.5,0.0025,3.34679,1.23541
6,26,1,0.01,0.3,0.5,0.0025,3.39038,1.36851
7,26,1,0.01,0.3,0.5,0.0025,3.3331,1.1819
8,26,1,0.01,0.3,0.5,0.0025,3.49866,1.68047
9,26,1,0.01,0.3,0.5,0.0025,3.30348,1.20636
10,26,1,0.01,0.3,0.5,0.0025,3.63226,1.94484
11,26,1,0.01,0.3,0.5,0.0025,3.2926,1.23801
12,26,1,0.01,0.3,0.5,0.0025,3.59843,1.88233
13,26,1,0.01,0.3,0.5,0.0025,3.52375,1.71541
14,26,1,0.01,0.3,0.5,0.0025,3.38431,1.40616
15,26,1,0.01,0.3,0.5,0.0025,3.29213,1.16298
16,26,1,0.01,0.3,0.5,0.0025,3.53669,1.71386
17,26,1,0.01,0.3,0.5,0.0025,3.54955,1.86263
18,26,1,0.01,0.3,0.5,0.0025,3.39006,1.52446
19,26,1,0.01,0.3,0.5,0.0025,4.02014,2.62701
20,26,1,0.01,0.3,0.5,0.0025,3.40938,1.51613
21,26,1,0.01,0.3,0.5,0.0025,3.46629,1.6335
22,26,1,0.01,0.3,0.5,0.0025,3.65736,1.98126
23,26,1,0.01,0.3,0.5,0.0025,3.46196,1.51891
24,26,1,0.01,0.3,0.5,0.0025,3.47411,1.46117
25,26,1,0.01,0.3,0.5,0.0025,3.49875,1.68046
26,26,1,0.01,0.3,0.5,0.0025,3.6496,1.97465
27,26,1,0.01,0.3,0.5,0.0025,3.28748,1.23149
28,26,1,0.01,0.3,0.5,0.0025,3.42533,1.56516
29,26,1,0.01,0.3,0.5,0.0025,3.42763,1.53344
30,26,1,0.01,0.3,0.5,0.0025,3.57138,1.81353
31,26,1,0.01,0.3,0.5,0.0025,3.83167,2.31881
32,26,1,0.01,0.3,0.5,0.0025,3.80741,2.24495
33,26,1,0.01,0.3,0.5,0.0025,3.38721,1.44872
34,26,1,0.01,0.3,0.5,0.0025,3.50709,1.73127
35,26,1,0.01,0.3,0.5,0.0025,3.49078,1.52042
36,26,1,0.01,0.3,0.5,0.0025,3.27131,1.154
37,26,1,0.01,0.3,0.5,0.0025,3.30298,1.24483
38,26,1,0.01,0.3,0.5,0.0025,3.65559,2.00355
39,26,1,0.01,0.3,0.5,0.0025,3.43612,1.52604
40,26,1,0.01,0.3,0.5,0.0025,3.37537,1.43729
41,26,1,0.01,0.3,0.5,0.0025,3.17309,0.92365
42,26,1,0.01,0.3,0.5,0.0025,3.41283,1.3416
43,26,1,0.01,0.3,0.5,0.0025,3.47979,1.56963
44,26,1,0.01,0.3,0.5,0.0025,3.54884,1.79538
45,26,1,0.01,0.3,0.5,0.0025,3.40184,1.48391
46,26,1,0.01,0.3,0.5,0.0025,3.84394,2.30891
47,26,1,0.01,0.3,0.5,0.0025,3.47224,1.54684
48,26,1,0.01,0.3,0.5,0.0025,3.39566,1.35991
49,26,1,0.01,0.3,0.5,0.0025,3.32605,1.26876
50,26,1,0.01,0.3,0.5,0.0025,3.59178,1.68483
51,26,1,0.01,0.3,0.5,0.0025,3.44907,1.55738
52,26,1,0.01,0.3,0.5,0.0025,3.58594,1.71195
53,26,1,0.01,0.3,0.5,0.0025,4.04368,2.6521
54,26,1,0.01,0.3,0.5,0.0025,3.88636,2.45621
55,26,1,0.01,0.3,0.5,0.0025,3.28965,1.18605
56,26,1,0.01,0.3,0.5,0.0025,3.38579,1.33839
57,26,1,0.01,0.3,0.5,0.0025,3.2553,1.13387
58,26,1,0.01,0.3,0.5,0.0025,3.77678,2.18449
59,26,1,0.01,0.3,0.5,0.0025,3.31602,1.23171
60,26,1,0.01,0.3,0.5,0.0025,3.49193,1.69307
61,26,1,0.01,0.3,0.5,0.0025,3.50825,1.67988
62,26,1,0.01,0.3,0.5,0.0025,3.37279,1.31302
63,26,1,0.01,0.3,0.5,0.0025,3.6092,1.93489
64,26,1,0.01,0.3,0.5,0.0025,4.23955,2.86393
65,26,1,0.01,0.3,0.5,0.0025,3.49298,1.39182
66,26,1,0.01,0.3,0.5,0.0025,3.40978,1.54835
67,26,1,0.01,0.3,0.5,0.0025,3.45866,1.5714
68,26,1,0.01,0.3,0.5,0.0025,3.37349,1.39127
69,26,1,0.01,0.3,0.5,0.0025,3.33951,1.29603
70,26,1,0.01,0.3,0.5,0.0025,3.37441,1.34318
71,26,1,0.01,0.3,0.5,0.0025,3.40199,1.46922
72,26,1,0.01,0.3,0.5,0.0025,3.42741,1.55834
73,26,1,0.01,0.3,0.5,0.0025,3.29701,1.18685
74,26,1,0.01,0.3,0.5,0.0025,3.72962,2.16748
75,26,1,0.01,0.3,0.5,0.0025,3.50904,1.61976
76,26,1,0.01,0.3,0.5,0.0025,3.32574,1.18845
77,26,1,0.01,0.3,0.5,0.0025,3.33538,1.3229
78,26,1,0.01,0.3,0.5,0.0025,3.32666,1.3574
79,26,1,0.01,0.3,0.5,0.0025,3.47992,1.72153
80,26,1,0.01,0.3,0.5,0.0025,3.79559,2.2804
81,26,1,0.01,0.3,0.5,0.0025,3.53555,1.79562
82,26,1,0.01,0.3,0.5,0.0025,3.4791,1.59708
83,26,1,0.01,0.3,0.5,0.0025,3.38092,1.38129
84,26,1,0.01,0.3,0.5,0.0025,3.34558,1.25609
85,26,1,0.01,0.3,0.5,0.0025,4.16621,2.80278
86,26,1,0.01,0.3,0.5,0.0025,3.32816,1.25197
87,26,1,0.01,0.3,0.5,0.0025,3.52124,1.83678
88,26,1,0.01,0.3,0.5,0.0025,3.34109,1.25306
89,26,1,0.01,0.3,0.5,0.0025,3.4421,1.42206
90,26,1,0.01,0.3,0.5,0.0025,3.44609,1.51534
91,26,1,0.01,0.3,0.5,0.0025,3.60549,1.93389
92,26,1,0.01,0.3,0.5,0.0025,3.60936,1.9196
93,26,1,0.01,0.3,0.5,0.0025,3.4251,1.57193
94,26,1,0.01,0.3,0.5,0.0025,3.38485,1.3554
95,26,1,0.01,0.3,0.5,0.0025,3.5688,1.71645
96,26,1,0.01,0.3,0.5,0.0025,3.4145,1.42139
97,26,1,0.01,0.3,0.5,0.0025,3.52167,1.70688
98,26,1,0.01,0.3,0.5,0.0025,3.43856,1.4898
99,26,1,0.01,0.3,0.5,0.0025,3.61854,1.90408
0,26,1,0.01,0.3,0.5,0.001,3.97376,2.75081
1,26,1,0.01,0.3,0.5,0.001,3.68869,2.38315
2,26,1,0.01,0.3,0.5,0.001,3.34727,1.8711
3,26,1,0.01,0.3,0.5,0.001,4.01245,2.80806
4,26,1,0.01,0.3,0.5,0.001,3.83659,2.49892
5,26,1,0.01,0.3,0.5,0.001,3.48921,2.02594
6,26,1,0.01,0.3,0.5,0.001,3.47194,2.03207
7,26,1,0.01,0.3,0.5,0.001,3.51066,2.04394
8,26,1,0.01,0.3,0.5,0.001,3.86994,2.62468
9,26,1,0.01,0.3,0.5,0.001,3.5464,2.16259
10,26,1,0.01,0.3,0.5,0.001,4.01108,2.86911
11,26,1,0.01,0.3,0.5,0.001,3.53302,2.24972
12,26,1,0.01,0.3,0.5,0.001,3.8596,2.65512
13,26,1,0.01,0.3,0.5,0.001,3.81447,2.542
14,26,1,0.01,0.3,0.5,0.001,3.63653,2.33263
15,26,1,0.01,0.3,0.5,0.001,3.39718,1.87829
16,26,1,0.01,0.3,0.5,0.001,3.82544,2.56002
17,26,1,0.01,0.3,0.5,0.001,3.84003,2.656
18,26,1,0.01,0.3,0.5,0.001,3.6416,2.4991
19,26,1,0.01,0.3,0.5,0.001,4.33366,3.31601
20,26,1,0.01,0.3,0.5,0.001,3.63486,2.35141
21,26,1,0.01,0.3,0.5,0.001,3.77391,2.56146
22,26,1,0.01,0.3,0.5,0.001,3.96799,2.77816
23,26,1,0.01,0.3,0.5,0.001,3.8116,2.54341
24,26,1,0.01,0.3,0.5,0.001,3.74027,2.37613
25,26,1,0.01,0.3,0.5,0.001,3.91379,2.72226
26,26,1,0.01,0.3,0.5,0.001,4.06322,2.96032
27,26,1,0.01,0.3,0.5,0.001,3.55844,2.25538
28,26,1,0.01,0.3,0.5,0.001,3.72803,2.51777
29,26,1,0.01,0.3,0.5,0.001,3.73403,2.51441
30,26,1,0.01,0.3,0.5,0.001,3.93923,2.76995
31,26,1,0.01,0.3,0.5,0.001,4.41829,3.40707
32,26,1,0.01,0.3,0.5,0.001,4.20611,3.13011
33,26,1,0.01,0.3,0.5,0.001,3.69082,2.45763
34,26,1,0.01,0.3,0.5,0.001,3.88642,2.70087
35,26,1,0.01,0.3,0.5,0.001,3.6614,2.30206
36,26,1,0.01,0.3,0.5,0.001,3.32996,1.91708
37,26,1,0.01,0.3,0.5,0.001,3.66036,2.37515
38,26,1,0.01,0.3,0.5,0.001,4.04789,2.9118
39,26,1,0.01,0.3,0.5,0.001,3.7237,2.40354
40,26,1,0.01,0.3,0.5,0.001,3.61139,2.33129
41,26,1,0.01,0.3,0.5,0.001,3.22237,1.76317
42,26,1,0.01,0.3,0.5,0.001,3.53821,2.06639
43,26,1,0.01,0.3,0.5,0.001,3.80048,2.52929
44,26,1,0.01,0.3,0.5,0.001,3.79383,2.59128
45,26,1,0.01,0.3,0.5,0.001,3.53093,2.15852
46,26,1,0.01,0.3,0.5,0.001,4.30889,3.29598
47,26,1,0.01,0.3,0.5,0.001,3.75852,2.46108
48,26,1,0.01,0.3,0.5,0.001,3.6588,2.29994
49,26,1,0.01,0.3,0.5,0.001,3.36109,1.89146
50,26,1,0.01,0.3,0.5,0.001,3.70238,2.26488
51,26,1,0.01,0.3,0.5,0.001,3.89026,2.67351
52,26,1,0.01,0.3,0.5,0.001,4.06388,2.83307
53,26,1,0.01,0.3,0.5,0.001,4.43367,3.42496
54,26,1,0.01,0.3,0.5,0.001,4.38456,3.41176
55,26,1,0.01,0.3,0.5,0.001,3.40792,1.98587
56,26,1,0.01,0.3,0.5,0.001,3.47133,2.01582
57,26,1,0.01,0.3,0.5,0.001,3.38219,1.96189
58,26,1,0.01,0.3,0.5,0.001,4.26043,3.17846
59,26,1,0.01,0.3,0.5,0.001,3.60487,2.25099
60,26,1,0.01,0.3,0.5,0.001,3.72052,2.50302
61,26,1,0.01,0.3,0.5,0.001,3.81511,2.53868
62,26,1,0.01,0.3,0.5,0.001,3.52598,2.0667
63,26,1,0.01,0.3,0.5,0.001,4.0614,2.9181
64,26,1,0.01,0.3,0.5,0.001,4.67128,3.68305
65,26,1,0.01,0.3,0.5,0.001,3.75211,2.34243
66,26,1,0.01,0.3,0.5,0.001,3.76022,2.56941
67,26,1,0.01,0.3,0.5,0.001,3.8346,2.56049
68,26,1,0.01,0.3,0.5,0.001,3.60919,2.28677
69,26,1,0.01,0.3,0.5,0.001,3.60527,2.27636
70,26,1,0.01,0.3,0.5,0.001,3.49982,2.04851
71,26,1,0.01,0.3,0.5,0.001,3.80699,2.56107
72,26,1,0.01,0.3,0.5,0.001,3.76025,2.56194
73,26,1,0.01,0.3,0.5,0.001,3.44022,2.031
74,26,1,0.01,0.3,0.5,0.001,4.03264,2.94822
75,26,1,0.01,0.3,0.5,0.001,3.79657,2.51602
76,26,1,0.01,0.3,0.5,0.001,3.38168,1.8324
77,26,1,0.01,0.3,0.5,0.001,3.53686,2.2107
78,26,1,0.01,0.3,0.5,0.001,3.60085,2.34924
79,26,1,0.01,0.3,0.5,0.001,3.80358,2.66934
80,26,1,0.01,0.3,0.5,0.001,4.46701,3.47668
81,26,1,0.01,0.3,0.5,0.001,4.00692,2.93448
82,26,1,0.01,0.3,0.5,0.001,3.79165,2.53738
83,26,1,0.01,0.3,0.5,0.001,3.59108,2.22437
84,26,1,0.01,0.3,0.5,0.001,3.5284,2.11452
85,26,1,0.01,0.3,0.5,0.001,4.63038,3.65087
86,26,1,0.01,0.3,0.5,0.001,3.49219,2.08586
87,26,1,0.01,0.3,0.5,0.001,3.79021,2.69945
88,26,1,0.01,0.3,0.5,0.001,3.61125,2.21298
89,26,1,0.01,0.3,0.5,0.001,3.75553,2.42761
90,26,1,0.01,0.3,0.5,0.001,3.88425,2.66674
91,26,1,0.01,0.3,0.5,0.001,3.89807,2.75552
92,26,1,0.01,0.3,0.5,0.001,4.01912,2.86886
93,26,1,0.01,0.3,0.5,0.001,3.58955,2.31082
94,26,1,0.01,0.3,0.5,0.001,3.53457,2.13335
95,26,1,0.01,0.3,0.5,0.001,3.94747,2.70047
96,26,1,0.01,0.3,0.5,0.001,3.58358,2.2077
97,26,1,0.01,0.3,0.5,0.001,4.05491,2.89705
98,26,1,0.01,0.3,0.5,0.001,3.5781,2.16156
99,26,1,0.01,0.3,0.5,0.001,4.01826,2.82603
0,31,1,0.01,0.3,0.5,0.01,3.45357,0.46041
1,31,1,0.01,0.3,0.5,0.01,3.44515,0.41362
2,31,1,0.01,0.3,0.5,0.01,3.52104,0.82615
3,31,1,0.01,0.3,0.5,0.01,3.47774,0.60677
4,31,1,0.01,0.3,0.5,0.01,3.46059,0.59207
5,31,1,0.01,0.3,0.5,0.01,3.49313,0.74501
6,31,1,0.01,0.3,0.5,0.01,3.4567,0.46883
7,31,1,0.01,0.3,0.5,0.01,3.50813,0.83607
8,31,1,0.01,0.3,0.5,0.01,3.47947,0.62394
9,31,1,0.01,0.3,0.5,0.01,3.61498,1.21103
10,31,1,0.01,0.3,0.5,0.01,3.47278,0.56312
11,31,1,0.01,0.3,0.5,0.01,3.44644,0.45089
12,31,1,0.01,0.3,0.5,0.01,3.4687,0.60106
13,31,1,0.01,0.3,0.5,0.01,3.46444,0.5309
14,31,1,0.01,0.3,0.5,0.01,3.45874,0.54154
15,31,1,0.01,0.3,0.5,0.01,3.45345,0.42432
16,31,1,0.01,0.3,0.5,0.01,3.45999,0.51561
17,31,1,0.01,0.3,0.5,0.01,3.44706,0.44762
18,31,1,0.01,0.3,0.5,0.01,3.44354,0.42705
19,31,1,0.01,0.3,0.5,0.01,3.50975,0.79253
20,31,1,0.01,0.3,0.5,0.01,3.46852,0.6391
21,31,1,0.01,0.3,0.5,0.01,3.48345,0.6413
22,31,1,0.01,0.3,0.5,0.01,3.43381,0.36587
23,31,1,0.01,0.3,0.5,0.01,3.47109,0.57675
24,31,1,0.01,0.3,0.5,0.01,3.43523,0.34987
25,31,1,0.01,0.3,0.5,0.01,3.45813,0.50643
26,31,1,0.01,0.3,0.5,0.01,3.45372,0.48443
27,31,1,0.01,0.3,0.5,0.01,3.49218,0.58308
28,31,1,0.01,0.3,0.5,0.01,3.46265,0.55428
29,31,1,0.01,0.3,0.5,0.01,3.48265,0.68322
30,31,1,0.01,0.3,0.5,0.01,3.48133,0.63733
31,31,1,0.01,0.3,0.5,0.01,3.46244,0.50104
32,31,1,0.01,0.3,0.5,0.01,3.44693,0.45085
33,31,1,0.01,0.3,0.5,0.01,3.48048,0.56551
34,31,1,0.01,0.3,0.5,0.01,3.49879,0.76493
35,31,1,0.01,0.3,0.5,0.01,3.47971,0.62959
36,31,1,0.01,0.3,0.5,0.01,3.46021,0.51449
37,31,1,0.01,0.3,0.5,0.01,3.46145,0.53082
38,31,1,0.01,0.3,0.5,0.01,3.45637,0.50563
39,31,1,0.01,0.3,0.5,0.01,3.44384,0.4747
40,31,1,0.01,0.3,0.5,0.01,3.44312,0.39395
41,31,1,0.01,0.3,0.5,0.01,3.43425,0.36183
42,31,1,0.01,0.3,0.5,0.01,3.44936,0.47862
43,31,1,0.01,0.3,0.5,0.01,3.4479,0.44084
44,31,1,0.01,0.3,0.5,0.01,3.47306,0.58963
45,31,1,0.01,0.3,0.5,0.01,3.48107,0.67558
46,31,1,0.01,0.3,0.5,0.01,3.43798,0.37307
47,31,1,0.01,0.3,0.5,0.01,3.45482,0.49986
48,31,1,0.01,0.3,0.5,0.01,3.51584,0.76358
49,31,1,0.01,0.3,0.5,0.01,3.45331,0.50172
50,31,1,0.01,0.3,0.5,0.01,3.49212,0.75301
51,31,1,0.01,0.3,0.5,0.01,3.43704,0.34424
52,31,1,0.01,0.3,0.5,0.01,3.43921,0.36751
53,31,1,0.01,0.3,0.5,0.01,3.51807,0.87977
54,31,1,0.01,0.3,0.5,0.01,3.47048,0.56708
55,31,1,0.01,0.3,0.5,0.01,3.47299,0.59407
56,31,1,0.01,0.3,0.5,0.01,3.50729,0.82188
57,31,1,0.01,0.3,0.5,0.01,3.45507,0.44807
58,31,1,0.01,0.3,0.5,0.01,3.57469,1.07209
59,31,1,0.01,0.3,0.5,0.01,3.48431,0.68274
60,31,1,0.01,0.3,0.5,0.01,3.44975,0.4773
61,31,1,0.01,0.3,0.5,0.01,3.46858,0.63047
62,31,1,0.01,0.3,0.5,0.01,3.49567,0.74057
63,31,1,0.01,0.3,0.5,0.01,3.45608,0.50298
64,31,1,0.01,0.3,0.5,0.01,3.47045,0.43051
65,31,1,0.01,0.3,0.5,0.01,3.43771,0.34422
66,31,1,0.01,0.3,0.5,0.01,3.53885,0.85665
67,31,1,0.01,0.3,0.5,0.01,3.45768,0.46458
68,31,1,0.01,0.3,0.5,0.01,3.43293,0.32638
69,31,1,0.01,0.3,0.5,0.01,3.50295,0.80105
70,31,1,0.01,0.3,0.5,0.01,3.46729,0.51551
71,31,1,0.01,0.3,0.5,0.01,3.48655,0.72182
72,31,1,0.01,0.3,0.5,0.01,3.50396,0.72297
73,31,1,0.01,0.3,0.5,0.01,3.44665,0.46172
74,31,1,0.01,0.3,0.5,0.01,3.51112,0.82122
75,31,1,0.01,0.3,0.5,0.01,3.44262,0.40457
76,31,1,0.01,0.3,0.5,0.01,3.45344,0.45623
77,31,1,0.01,0.3,0.5,0.01,3.49762,0.75315
78,31,1,0.01,0.3,0.5,0.01,3.54966,1.01769
79,31,1,0.01,0.3,0.5,0.01,3.44804,0.4673
80,31,1,0.01,0.3,0.5,0.01,3.45226,0.48173
81,31,1,0.01,0.3,0.5,0.01,3.51866,0.82194
82,31,1,0.01,0.3,0.5,0.01,3.45697,0.50371
83,31,1,0.01,0.3,0.5,0.01,3.47302,0.65892
84,31,1,0.01,0.3,0.5,0.01,3.46744,0.68982
85,31,1,0.01,0.3,0.5,0.01,3.46688,0.56083
86,31,1,0.01,0.3,0.5,0.01,3.45225,0.49931
87,31,1,0.01,0.3,0.5,0.01,3.50146,0.75972
88,31,1,0.01,0.3,0.5,0.01,3.4773,0.70149
89,31,1,0.01,0.3,0.5,0.01,3.45598,0.54156
90,31,1,0.01,0.3,0.5,0.01,3.4376,0.35639
91,31,1,0.01,0.3,0.5,0.01,3.45802,0.4659
92,31,1,0.01,0.3,0.5,0.01,3.57412,1.08095
93,31,1,0.01,0.3,0.5,0.01,3.45999,0.5355
94,31,1,0.01,0.3,0.5,0.01,3.46291,0.55391
95,31,1,0.01,0.3,0.5,0.01,3.48492,0.63376
96,31,1,0.01,0.3,0.5,0.01,3.54461,0.98529
97,31,1,0.01,0.3,0.5,0.01,3.43646,0.327
98,31,1,0.01,0.3,0.5,0.01,3.44363,0.41228
99,31,1,0.01,0.3,0.5,0.01,3.46311,0.48366
0,31,1,0.01,0.3,0.5,0.0025,3.2816,1.12616
1,31,1,0.01,0.3,0.5,0.0025,3.28218,1.16757
2,31,1,0.01,0.3,0.5,0.0025,3.52482,1.67238
3,31,1,0.01,0.3,0.5,0.0025,3.39065,1.36588
4,31,1,0.01,0.3,0.5,0.0025,3.52641,1.8837
5,31,1,0.01,0.3,0.5,0.0025,3.45061,1.63491
6,31,1,0.01,0.3,0.5,0.0025,3.36891,1.32004
7,31,1,0.01,0.3,0.5,0.0025,3.59939,1.95406
8,31,1,0.01,0.3,0.5,0.0025,3.37877,1.40589
9,31,1,0.01,0.3,0.5,0.0025,3.72227,2.10338
10,31,1,0.01,0.3,0.5,0.0025,3.41995,1.40419
11,31,1,0.01,0.3,0.5,0.0025,3.30295,1.31191
12,31,1,0.01,0.3,0.5,0.0025,3.4902,1.64727
13,31,1,0.01,0.3,0.5,0.0025,3.26175,1.06877
14,31,1,0.01,0.3,0.5,0.0025,3.39705,1.55281
15,31,1,0.01,0.3,0.5,0.0025,3.49268,1.67551
16,31,1,0.01,0.3,0.5,0.0025,3.42428,1.61812
17,31,1,0.01,0.3,0.5,0.0025,3.23515,1.0312
18,31,1,0.01,0.3,0.5,0.0025,3.61017,1.93282
19,31,1,0.01,0.3,0.5,0.0025,3.49742,1.70194
20,31,1,0.01,0.3,0.5,0.0025,3.37867,1.53238
21,31,1,0.01,0.3,0.5,0.0025,3.5671,1.72045
22,31,1,0.01,0.3,0.5,0.0025,3.25029,1.11615
23,31,1,0.01,0.3,0.5,0.0025,3.40779,1.41506
24,31,1,0.01,0.3,0.5,0.0025,3.20536,1.02586
25,31,1,0.01,0.3,0.5,0.0025,3.27814,1.17984
26,31,1,0.01,0.3,0.5,0.0025,3.30306,1.26901
27,31,1,0.01,0.3,0.5,0.0025,3.47272,1.43561
28,31,1,0.01,0.3,0.5,0.0025,3.30359,1.22908
29,31,1,0.01,0.3,0.5,0.0025,3.46334,1.64372
30,31,1,0.01,0.3,0.5,0.0025,3.54631,1.75562
31,31,1,0.01,0.3,0.5,0.0025,3.26545,1.11612
32,31,1,0.01,0.3,0.5,0.0025,3.32418,1.25793
33,31,1,0.01,0.3,0.5,0.0025,3.65512,1.89102
34,31,1,0.01,0.3,0.5,0.0025,3.624,1.94889
35,31,1,0.01,0.3,0.5,0.0025,3.35526,1.3744
36,31,1,0.01,0.3,0.5,0.0025,3.40785,1.54246
37,31,1,0.01,0.3,0.5,0.0025,3.36367,1.44422
38,31,1,0.01,0.3,0.5,0.0025,3.55066,1.75271
39,31,1,0.01,0.3,0.5,0.0025,3.27127,1.21866
40,31,1,0.01,0.3,0.5,0.0025,3.36399,1.27316
41,31,1,0.01,0.3,0.5,0.0025,3.31143,1.27817
42,31,1,0.01,0.3,0.5,0.0025,3.33523,1.38634
43,31,1,0.01,0.3,0.5,0.0025,3.2764,1.2
44,31,1,0.01,0.3,0.5,0.0025,3.39702,1.35312
45,31,1,0.01,0.3,0.5,0.0025,3.60606,1.92959
46,31,1,0.01,0.3,0.5,0.0025,3.23501,1.01416
47,31,1,0.01,0.3,0.5,0.0025,3.30571,1.25511
48,31,1,0.01,0.3,0.5,0.0025,3.60588,1.82048
49,31,1,0.01,0.3,0.5,0.0025,3.26058,1.19287
50,31,1,0.01,0.3,0.5,0.0025,3.47597,1.69775
51,31,1,0.01,0.3,0.5,0.0025,3.30132,1.19947
52,31,1,0.01,0.3,0.5,0.0025,3.24126,1.10866
53,31,1,0.01,0.3,0.5,0.0025,4.03666,2.65402
54,31,1,0.01,0.3,0.5,0.0025,3.41449,1.53654
55,31,1,0.01,0.3,0.5,0.0025,3.35233,1.34626
56,31,1,0.01,0.3,0.5,0.0025,3.75369,2.20281
57,31,1,0.01,0.3,0.5,0.0025,3.414,1.37004
58,31,1,0.01,0.3,0.5,0.0025,3.95089,2.49912
59,31,1,0.01,0.3,0.5,0.0025,3.3831,1.49589
60,31,1,0.01,0.3,0.5,0.0025,3.24797,1.09937
61,31,1,0.01,0.3,0.5,0.0025,3.58387,1.84859
62,31,1,0.01,0.3,0.5,0.0025,3.52108,1.76304
63,31,1,0.01,0.3,0.5,0.0025,3.42403,1.61861
64,31,1,0.01,0.3,0.5,0.0025,3.35064,1.17457
65,31,1,0.01,0.3,0.5,0.0025,3.2387,1.02229
66,31,1,0.01,0.3,0.5,0.0025,4.06664,2.56094
67,31,1,0.01,0.3,0.5,0.0025,3.27847,1.13821
68,31,1,0.01,0.3,0.5,0.0025,3.23705,1.08278
69,31,1,0.01,0.3,0.5,0.0025,4.08904,2.73584
70,31,1,0.01,0.3,0.5,0.0025,3.55114,1.73963
71,31,1,0.01,0.3,0.5,0.0025,3.48609,1.72327
72,31,1,0.01,0.3,0.5,0.0025,3.54591,1.76964
73,31,1,0.01,0.3,0.5,0.0025,3.27465,1.15585
74,31,1,0.01,0.3,0.5,0.0025,3.45381,1.54472
75,31,1,0.01,0.3,0.5,0.0025,3.35832,1.37282
76,31,1,0.01,0.3,0.5,0.0025,3.30308,1.17514
77,31,1,0.01,0.3,0.5,0.0025,3.57216,1.86947
78,31,1,0.01,0.3,0.5,0.0025,4.11771,2.80795
79,31,1,0.01,0.3,0.5,0.0025,3.36895,1.35047
80,31,1,0.01,0.3,0.5,0.0025,3.32542,1.29647
81,31,1,0.01,0.3,0.5,0.0025,3.47284,1.62734
82,31,1,0.01,0.3,0.5,0.0025,3.31535,1.26776
83,31,1,0.01,0.3,0.5,0.0025,3.58612,1.94866
84,31,1,0.01,0.3,0.5,0.0025,3.77416,2.24181
85,31,1,0.01,0.3,0.5,0.0025,3.3385,1.33834
86,31,1,0.01,0.3,0.5,0.0025,3.29264,1.18434
87,31,1,0.01,0.3,0.5,0.0025,3.4418,1.54278
88,31,1,0.01,0.3,0.5,0.0025,3.4405,1.65474
89,31,1,0.01,0.3,0.5,0.0025,3.4249,1.61416
90,31,1,0.01,0.3,0.5,0.0025,3.28135,1.15797
91,31,1,0.01,0.3,0.5,0.0025,3.31903,1.21326
92,31,1,0.01,0.3,0.5,0.0025,3.68863,2.12298
93,31,1,0.01,0.3,0.5,0.0025,3.50035,1.63896
94,31,1,0.01,0.3,0.5,0.0025,3.41678,1.53982
95,31,1,0.01,0.3,0.5,0.0025,3.45085,1.51056
96,31,1,0.01,0.3,0.5,0.0025,3.74269,2.23285
97,31,1,0.01,0.3,0.5,0.0025,3.24951,1.02293
98,31,1,0.01,0.3,0.5,0.0025,3.21455,1.07969
99,31,1,0.01,0.3,0.5,0.0025,3.38942,1.34044
0,31,1,0.01,0.3,0.5,0.001,3.31035,1.81257
1,31,1,0.01,0.3,0.5,0.001,3.44692,2.03849
2,31,1,0.01,0.3,0.5,0.001,3.66356,2.33922
3,31,1,0.01,0.3,0.5,0.001,3.54731,2.13199
4,31,1,0.01,0.3,0.5,0.001,3.96407,2.971
5,31,1,0.01,0.3,0.5,0.001,3.6819,2.47139
6,31,1,0.01,0.3,0.5,0.001,3.60701,2.26303
7,31,1,0.01,0.3,0.5,0.001,3.82353,2.70233
8,31,1,0.01,0.3,0.5,0.001,3.60706,2.35226
9,31,1,0.01,0.3,0.5,0.001,4.04697,2.97015
10,31,1,0.01,0.3,0.5,0.001,3.62181,2.25449
11,31,1,0.01,0.3,0.5,0.001,3.50866,2.25344
12,31,1,0.01,0.3,0.5,0.001,3.99079,2.80626
13,31,1,0.01,0.3,0.5,0.001,3.22418,1.6798
14,31,1,0.01,0.3,0.5,0.001,3.64964,2.48226
15,31,1,0.01,0.3,0.5,0.001,3.95822,2.78725
16,31,1,0.01,0.3,0.5,0.001,3.95338,2.8741
17,31,1,0.01,0.3,0.5,0.001,3.36031,1.92075
18,31,1,0.01,0.3,0.5,0.001,4.09597,3.00918
19,31,1,0.01,0.3,0.5,0.001,3.78888,2.59566
20,31,1,0.01,0.3,0.5,0.001,3.63817,2.50548
21,31,1,0.01,0.3,0.5,0.001,3.94513,2.70446
22,31,1,0.01,0.3,0.5,0.001,3.39321,1.97264
23,31,1,0.01,0.3,0.5,0.001,3.60852,2.22555
24,31,1,0.01,0.3,0.5,0.001,3.34386,1.99201
25,31,1,0.01,0.3,0.5,0.001,3.33652,1.90722
26,31,1,0.01,0.3,0.5,0.001,3.467,2.15243
27,31,1,0.01,0.3,0.5,0.001,3.74668,2.40071
28,31,1,0.01,0.3,0.5,0.001,3.36142,1.93503
29,31,1,0.01,0.3,0.5,0.001,3.75299,2.52411
30,31,1,0.01,0.3,0.5,0.001,3.79997,2.60418
31,31,1,0.01,0.3,0.5,0.001,3.38218,1.97268
32,31,1,0.01,0.3,0.5,0.001,3.50076,2.13035
33,31,1,0.01,0.3,0.5,0.001,4.10308,2.90986
34,31,1,0.01,0.3,0.5,0.001,4.23575,3.19501
35,31,1,0.01,0.3,0.5,0.001,3.52252,2.2434
36,31,1,0.01,0.3,0.5,0.001,3.71327,2.53704
37,31,1,0.01,0.3,0.5,0.001,3.63339,2.41222
38,31,1,0.01,0.3,0.5,0.001,3.93357,2.71835
39,31,1,0.01,0.3,0.5,0.001,3.54131,2.2479
40,31,1,0.01,0.3,0.5,0.001,3.71637,2.35459
41,31,1,0.01,0.3,0.5,0.001,3.55298,2.25233
42,31,1,0.01,0.3,0.5,0.001,3.62869,2.42018
43,31,1,0.01,0.3,0.5,0.001,3.4391,2.08569
44,31,1,0.01,0.3,0.5,0.001,3.44644,1.96673
45,31,1,0.01,0.3,0.5,0.001,4.14761,3.08353
46,31,1,0.01,0.3,0.5,0.001,3.27508,1.72825
47,31,1,0.01,0.3,0.5,0.001,3.40122,2.02803
48,31,1,0.01,0.3,0.5,0.001,3.99501,2.796
49,31,1,0.01,0.3,0.5,0.001,3.42278,2.1043
50,31,1,0.01,0.3,0.5,0.001,3.71354,2.55264
51,31,1,0.01,0.3,0.5,0.001,3.48656,2.11024
52,31,1,0.01,0.3,0.5,0.001,3.43006,2.10891
53,31,1,0.01,0.3,0.5,0.001,4.5782,3.61823
54,31,1,0.01,0.3,0.5,0.001,3.78805,2.6283
55,31,1,0.01,0.3,0.5,0.001,3.60425,2.28405
56,31,1,0.01,0.3,0.5,0.001,4.17615,3.1449
57,31,1,0.01,0.3,0.5,0.001,3.80128,2.53236
58,31,1,0.01,0.3,0.5,0.001,4.58697,3.67184
59,31,1,0.01,0.3,0.5,0.001,3.56329,2.34216
60,31,1,0.01,0.3,0.5,0.001,3.35611,1.93129
61,31,1,0.01,0.3,0.5,0.001,4.12259,3.04181
62,31,1,0.01,0.3,0.5,0.001,3.77622,2.61116
63,31,1,0.01,0.3,0.5,0.001,3.80861,2.71099
64,31,1,0.01,0.3,0.5,0.001,3.69357,2.38958
65,31,1,0.01,0.3,0.5,0.001,3.36753,1.91782
66,31,1,0.01,0.3,0.5,0.001,4.57199,3.49422
67,31,1,0.01,0.3,0.5,0.001,3.45639,2.07267
68,31,1,0.01,0.3,0.5,0.001,3.42411,2.12462
69,31,1,0.01,0.3,0.5,0.001,4.55406,3.5939
70,31,1,0.01,0.3,0.5,0.001,4.10258,2.98122
71,31,1,0.01,0.3,0.5,0.001,3.85279,2.7201
72,31,1,0.01,0.3,0.5,0.001,3.91972,2.79443
73,31,1,0.01,0.3,0.5,0.001,3.34587,1.8605
74,31,1,0.01,0.3,0.5,0.001,3.6539,2.29378
75,31,1,0.01,0.3,0.5,0.001,3.68629,2.47913
76,31,1,0.01,0.3,0.5,0.001,3.5186,2.13942
77,31,1,0.01,0.3,0.5,0.001,3.88761,2.73755
78,31,1,0.01,0.3,0.5,0.001,4.54899,3.61725
79,31,1,0.01,0.3,0.5,0.001,3.63057,2.25865
80,31,1,0.01,0.3,0.5,0.001,3.50644,2.18176
81,31,1,0.01,0.3,0.5,0.001,3.71179,2.52866
82,31,1,0.01,0.3,0.5,0.001,3.49931,2.15989
83,31,1,0.01,0.3,0.5,0.001,4.00944,2.95576
84,31,1,0.01,0.3,0.5,0.001,4.26016,3.2182
85,31,1,0.01,0.3,0.5,0.001,3.49161,2.22659
86,31,1,0.01,0.3,0.5,0.001,3.35564,1.94665
87,31,1,0.01,0.3,0.5,0.001,3.79378,2.58612
88,31,1,0.01,0.3,0.5,0.001,3.76263,2.63427
89,31,1,0.01,0.3,0.5,0.001,3.76136,2.63657
90,31,1,0.01,0.3,0.5,0.001,3.45531,1.99684
91,31,1,0.01,0.3,0.5,0.001,3.4811,2.09641
92,31,1,0.01,0.3,0.5,0.001,4.12438,3.11033
93,31,1,0.01,0.3,0.5,0.001,3.86837,2.61904
94,31,1,0.01,0.3,0.5,0.001,3.94083,2.87924
95,31,1,0.01,0.3,0.5,0.001,3.85184,2.58702
96,31,1,0.01,0.3,0.5,0.001,4.023,2.98804
97,31,1,0.01,0.3,0.5,0.001,3.436,1.99416
98,31,1,0.01,0.3,0.5,0.001,3.3613,2.06384
99,31,1,0.01,0.3,0.5,0.001,3.65516,2.29241
0,37,1,0.01,0.3,0.5,0.01,3.43793,0.37781
1,37,1,0.01,0.3,0.5,0.01,3.50856,0.84462
2,37,1,0.01,0.3,0.5,0.01,3.44528,0.41333
3,37,1,0.01,0.3,0.5,0.01,3.45651,0.49135
4,37,1,0.01,0.3,0.5,0.01,3.45034,0.47419
5,37,1,0.01,0.3,0.5,0.01,3.41997,0.20302
6,37,1,0.01,0.3,0.5,0.01,3.44655,0.45463
7,37,1,0.01,0.3,0.5,0.01,3.51705,0.8659
8,37,1,0.01,0.3,0.5,0.01,3.45919,0.60412
9,37,1,0.01,0.3,0.5,0.01,3.45861,0.56152
10,37,1,0.01,0.3,0.5,0.01,3.4542,0.47592
11,37,1,0.01,0.3,0.5,0.01,3.44882,0.45434
12,37,1,0.01,0.3,0.5,0.01,3.42538,0.33842
13,37,1,0.01,0.3,0.5,0.01,3.44508,0.45129
14,37,1,0.01,0.3,0.5,0.01,3.43947,0.43508
15,37,1,0.01,0.3,0.5,0.01,3.45504,0.54856
16,37,1,0.01,0.3,0.5,0.01,3.44475,0.44408
17,37,1,0.01,0.3,0.5,0.01,3.45952,0.53056
18,37,1,0.01,0.3,0.5,0.01,3.43085,0.40872
19,37,1,0.01,0.3,0.5,0.01,3.43295,0.31998
20,37,1,0.01,0.3,0.5,0.01,3.45603,0.48784
21,37,1,0.01,0.3,0.5,0.01,3.4443,0.47205
22,37,1,0.01,0.3,0.5,0.01,3.4583,0.51745
23,37,1,0.01,0.3,0.5,0.01,3.43998,0.41733
24,37,1,0.01,0.3,0.5,0.01,3.44064,0.37812
25,37,1,0.01,0.3,0.5,0.01,3.51197,0.83029
26,37,1,0.01,0.3,0.5,0.01,3.4435,0.44172
27,37,1,0.01,0.3,0.5,0.01,3.45095,0.4457
28,37,1,0.01,0.3,0.5,0.01,3.43849,0.36065
29,37,1,0.01,0.3,0.5,0.01,3.46477,0.61064
30,37,1,0.01,0.3,0.5,0.01,3.47465,0.63274
31,37,1,0.01,0.3,0.5,0.01,3.463,0.57252
32,37,1,0.01,0.3,0.5,0.01,3.47107,0.59748
33,37,1,0.01,0.3,0.5,0.01,3.45548,0.51677
34,37,1,0.01,0.3,0.5,0.01,3.45272,0.44011
35,37,1,0.01,0.3,0.5,0.01,3.44619,0.45393
36,37,1,0.01,0.3,0.5,0.01,3.44919,0.48328
37,37,1,0.01,0.3,0.5,0.01,3.53576,0.94632
38,37,1,0.01,0.3,0.5,0.01,3.44683,0.43481
39,37,1,0.01,0.3,0.5,0.01,3.46827,0.60951
40,37,1,0.01,0.3,0.5,0.01,3.43838,0.4197
41,37,1,0.01,0.3,0.5,0.01,3.46483,0.59045
42,37,1,0.01,0.3,0.5,0.01,3.47173,0.62375
43,37,1,0.01,0.3,0.5,0.01,3.46351,0.5725
44,37,1,0.01,0.3,0.5,0.01,3.45203,0.45401
45,37,1,0.01,0.3,0.5,0.01,3.47373,0.66405
46,37,1,0.01,0.3,0.5,0.01,3.43561,0.36937
47,37,1,0.01,0.3,0.5,0.01,3.4408,0.41197
48,37,1,0.01,0.3,0.5,0.01,3.44363,0.36817
49,37,1,0.01,0.3,0.5,0.01,3.45317,0.51292
50,37,1,0.01,0.3,0.5,0.01,3.44636,0.43568
51,37,1,0.01,0.3,0.5,0.01,3.44621,0.47356
52,37,1,0.01,0.3,0.5,0.01,3.4449,0.45275
53,37,1,0.01,0.3,0.5,0.01,3.43936,0.40007
54,37,1,0.01,0.3,0.5,0.01,3.43762,0.41062
55,37,1,0.01,0.3,0.5,0.01,3.44228,0.42049
56,37,1,0.01,0.3,0.5,0.01,3.45562,0.52216
57,37,1,0.01,0.3,0.5,0.01,3.44585,0.43616
58,37,1,0.01,0.3,0.5,0.01,3.46399,0.5994
59,37,1,0.01,0.3,0.5,0.01,3.43825,0.4099
60,37,1,0.01,0.3,0.5,0.01,3.44854,0.4679
61,37,1,0.01,0.3,0.5,0.01,3.44754,0.46529
62,37,1,0.01,0.3,0.5,0.01,3.4523,0.49812
63,37,1,0.01,0.3,0.5,0.01,3.44626,0.47552
64,37,1,0.01,0.3,0.5,0.01,3.42508,0.27629
65,37,1,0.01,0.3,0.5,0.01,3.44114,0.42906
66,37,1,0.01,0.3,0.5,0.01,3.4367,0.45828
67,37,1,0.01,0.3,0.5,0.01,3.45306,0.50212
68,37,1,0.01,0.3,0.5,0.01,3.47475,0.62711
69,37,1,0.01,0.3,0.5,0.01,3.45888,0.56143
70,37,1,0.01,0.3,0.5,0.01,3.44646,0.44918
71,37,1,0.01,0.3,0.5,0.01,3.45186,0.46485
72,37,1,0.01,0.3,0.5,0.01,3.49162,0.72985
73,37,1,0.01,0.3,0.5,0.01,3.45024,0.48564
74,37,1,0.01,0.3,0.5,0.01,3.49527,0.70768
75,37,1,0.01,0.3,0.5,0.01,3.43273,0.30906
76,37,1,0.01,0.3,0.5,0.01,3.4953,0.69168
77,37,1,0.01,0.3,0.5,0.01,3.44831,0.46958
78,37,1,0.01,0.3,0.5,0.01,3.45203,0.49363
79,37,1,0.01,0.3,0.5,0.01,3.4443,0.45261
80,37,1,0.01,0.3,0.5,0.01,3.43306,0.3307
81,37,1,0.01,0.3,0.5,0.01,3.45104,0.47315
82,37,1,0.01,0.3,0.5,0.01,3.42091,0.24097
83,37,1,0.01,0.3,0.5,0.01,3.43068,0.32915
84,37,1,0.01,0.3,0.5,0.01,3.43602,0.36186
85,37,1,0.01,0.3,0.5,0.01,3.48323,0.66352
86,37,1,0.01,0.3,0.5,0.01,3.44226,0.45564
87,37,1,0.01,0.3,0.5,0.01,3.42482,0.28228
88,37,1,0.01,0.3,0.5,0.01,3.44883,0.48039
89,37,1,0.01,0.3,0.5,0.01,3.43366,0.36126
90,37,1,0.01,0.3,0.5,0.01,3.44154,0.43721
91,37,1,0.01,0.3,0.5,0.01,3.48999,0.54082
92,37,1,0.01,0.3,0.5,0.01,3.4517,0.47371
93,37,1,0.01,0.3,0.5,0.01,3.46429,0.59234
94,37,1,0.01,0.3,0.5,0.01,3.44346,0.34085
95,37,1,0.01,0.3,0.5,0.01,3.44474,0.405
96,37,1,0.01,0.3,0.5,0.01,3.45817,0.53041
97,37,1,0.01,0.3,0.5,0.01,3.46687,0.58591
98,37,1,0.01,0.3,0.5,0.01,3.43089,0.36112
99,37,1,0.01,0.3,0.5,0.01,3.46017,0.58728
0,37,1,0.01,0.3,0.5,0.0025,3.20857,0.95945
1,37,1,0.01,0.3,0.5,0.0025,4.08289,2.72448
2,37,1,0.01,0.3,0.5,0.0025,3.30702,1.19569
3,37,1,0.01,0.3,0.5,0.0025,3.29857,1.1753
4,37,1,0.01,0.3,0.5,0.0025,3.28091,1.20639
5,37,1,0.01,0.3,0.5,0.0025,3.1778,0.99609
6,37,1,0.01,0.3,0.5,0.0025,3.28769,1.25454
7,37,1,0.01,0.3,0.5,0.0025,3.63375,1.97995
8,37,1,0.01,0.3,0.5,0.0025,3.31966,1.38777
9,37,1,0.01,0.3,0.5,0.0025,3.32876,1.3177
10,37,1,0.01,0.3,0.5,0.0025,3.3131,1.28158
11,37,1,0.01,0.3,0.5,0.0025,3.28066,1.16052
12,37,1,0.01,0.3,0.5,0.0025,3.16917,0.90384
13,37,1,0.01,0.3,0.5,0.0025,3.28768,1.24149
14,37,1,0.01,0.3,0.5,0.0025,3.21652,0.98998
15,37,1,0.01,0.3,0.5,0.0025,3.28401,1.20868
16,37,1,0.01,0.3,0.5,0.0025,3.27123,1.22538
17,37,1,0.01,0.3,0.5,0.0025,3.27189,1.19869
18,37,1,0.01,0.3,0.5,0.0025,3.25716,1.20862
19,37,1,0.01,0.3,0.5,0.0025,3.21559,1.05465
20,37,1,0.01,0.3,0.5,0.0025,3.26104,1.13181
21,37,1,0.01,0.3,0.5,0.0025,3.2621,1.26523
22,37,1,0.01,0.3,0.5,0.0025,3.2916,1.07965
23,37,1,0.01,0.3,0.5,0.0025,3.24311,1.12348
24,37,1,0.01,0.3,0.5,0.0025,3.20629,0.99469
25,37,1,0.01,0.3,0.5,0.0025,3.91578,2.41625
26,37,1,0.01,0.3,0.5,0.0025,3.21697,1.01379
27,37,1,0.01,0.3,0.5,0.0025,3.28553,1.1154
28,37,1,0.01,0.3,0.5,0.0025,3.30625,1.33495
29,37,1,0.01,0.3,0.5,0.0025,3.37161,1.4648
30,37,1,0.01,0.3,0.5,0.0025,3.45844,1.63401
31,37,1,0.01,0.3,0.5,0.0025,3.30472,1.24211
32,37,1,0.01,0.3,0.5,0.0025,3.71116,2.10202
33,37,1,0.01,0.3,0.5,0.0025,3.3153,1.31638
34,37,1,0.01,0.3,0.5,0.0025,3.31161,1.24607
35,37,1,0.01,0.3,0.5,0.0025,3.27416,1.16049
36,37,1,0.01,0.3,0.5,0.0025,3.34711,1.41933
37,37,1,0.01,0.3,0.5,0.0025,3.63242,2.00731
38,37,1,0.01,0.3,0.5,0.0025,3.32044,1.29417
39,37,1,0.01,0.3,0.5,0.0025,3.3227,1.38023
40,37,1,0.01,0.3,0.5,0.0025,3.28708,1.24994
41,37,1,0.01,0.3,0.5,0.0025,3.45325,1.66919
42,37,1,0.01,0.3,0.5,0.0025,3.36577,1.42766
43,37,1,0.01,0.3,0.5,0.0025,3.34408,1.42293
44,37,1,0.01,0.3,0.5,0.0025,3.29555,1.1821
45,37,1,0.01,0.3,0.5,0.0025,3.395,1.55615
46,37,1,0.01,0.3,0.5,0.0025,3.21859,1.04731
47,37,1,0.01,0.3,0.5,0.0025,3.38188,1.54391
48,37,1,0.01,0.3,0.5,0.0025,3.26559,1.00332
49,37,1,0.01,0.3,0.5,0.0025,3.30338,1.33827
50,37,1,0.01,0.3,0.5,0.0025,3.32688,1.28746
51,37,1,0.01,0.3,0.5,0.0025,3.28421,1.25428
52,37,1,0.01,0.3,0.5,0.0025,3.2615,1.16582
53,37,1,0.01,0.3,0.5,0.0025,3.29415,1.148
54,37,1,0.01,0.3,0.5,0.0025,3.22133,1.07226
55,37,1,0.01,0.3,0.5,0.0025,3.32702,1.35813
56,37,1,0.01,0.3,0.5,0.0025,3.25803,1.16263
57,37,1,0.01,0.3,0.5,0.0025,3.22179,1.06469
58,37,1,0.01,0.3,0.5,0.0025,3.39066,1.56207
59,37,1,0.01,0.3,0.5,0.0025,3.26595,1.21516
60,37,1,0.01,0.3,0.5,0.0025,3.28145,1.1999
61,37,1,0.01,0.3,0.5,0.0025,3.31361,1.29493
62,37,1,0.01,0.3,0.5,0.0025,3.48315,1.60189
63,37,1,0.01,0.3,0.5,0.0025,3.21885,1.0535
64,37,1,0.01,0.3,0.5,0.0025,3.16189,0.92089
65,37,1,0.01,0.3,0.5,0.0025,3.27347,1.11976
66,37,1,0.01,0.3,0.5,0.0025,3.49325,1.80773
67,37,1,0.01,0.3,0.5,0.0025,3.24558,1.07365
68,37,1,0.01,0.3,0.5,0.0025,3.33534,1.33451
69,37,1,0.01,0.3,0.5,0.0025,3.40218,1.57585
70,37,1,0.01,0.3,0.5,0.0025,3.19718,0.98771
71,37,1,0.01,0.3,0.5,0.0025,3.35814,1.39907
72,37,1,0.01,0.3,0.5,0.0025,3.50484,1.78807
73,37,1,0.01,0.3,0.5,0.0025,3.23447,1.13438
74,37,1,0.01,0.3,0.5,0.0025,3.52626,1.69449
75,37,1,0.01,0.3,0.5,0.0025,3.21648,0.99866
76,37,1,0.01,0.3,0.5,0.0025,3.82482,2.30045
77,37,1,0.01,0.3,0.5,0.0025,3.26808,1.12958
78,37,1,0.01,0.3,0.5,0.0025,3.27692,1.15323
79,37,1,0.01,0.3,0.5,0.0025,3.27912,1.18066
80,37,1,0.01,0.3,0.5,0.0025,3.26024,1.03603
81,37,1,0.01,0.3,0.5,0.0025,3.24291,1.09091
82,37,1,0.01,0.3,0.5,0.0025,3.15921,0.85717
83,37,1,0.01,0.3,0.5,0.0025,3.17356,0.91942
84,37,1,0.01,0.3,0.5,0.0025,3.24141,1.02542
85,37,1,0.01,0.3,0.5,0.0025,3.36153,1.35375
86,37,1,0.01,0.3,0.5,0.0025,3.23833,1.15866
87,37,1,0.01,0.3,0.5,0.0025,3.2262,1.15725
88,37,1,0.01,0.3,0.5,0.0025,3.28743,1.26447
89,37,1,0.01,0.3,0.5,0.0025,3.31641,1.35978
90,37,1,0.01,0.3,0.5,0.0025,3.31508,1.35781
91,37,1,0.01,0.3,0.5,0.0025,3.37999,1.24489
92,37,1,0.01,0.3,0.5,0.0025,3.26827,1.22962
93,37,1,0.01,0.3,0.5,0.0025,3.34756,1.37047
94,37,1,0.01,0.3,0.5,0.0025,3.30554,1.0222
95,37,1,0.01,0.3,0.5,0.0025,3.30638,1.29037
96,37,1,0.01,0.3,0.5,0.0025,3.27852,1.24339
97,37,1,0.01,0.3,0.5,0.0025,3.31208,1.25289
98,37,1,0.01,0.3,0.5,0.0025,3.18172,0.98571
99,37,1,0.01,0.3,0.5,0.0025,3.34996,1.4874
0,37,1,0.01,0.3,0.5,0.001,3.29161,1.80502
1,37,1,0.01,0.3,0.5,0.001,4.54448,3.61149
2,37,1,0.01,0.3,0.5,0.001,3.43891,2.04268
3,37,1,0.01,0.3,0.5,0.001,3.56659,2.23086
4,37,1,0.01,0.3,0.5,0.001,3.28363,1.87932
5,37,1,0.01,0.3,0.5,0.001,3.37479,2.08962
6,37,1,0.01,0.3,0.5,0.001,3.47119,2.21878
7,37,1,0.01,0.3,0.5,0.001,3.91773,2.80994
8,37,1,0.01,0.3,0.5,0.001,3.62319,2.45369
9,37,1,0.01,0.3,0.5,0.001,3.60704,2.36466
10,37,1,0.01,0.3,0.5,0.001,3.73109,2.52285
11,37,1,0.01,0.3,0.5,0.001,3.30547,1.87863
12,37,1,0.01,0.3,0.5,0.001,3.30684,1.88731
13,37,1,0.01,0.3,0.5,0.001,3.40736,2.07016
14,37,1,0.01,0.3,0.5,0.001,3.25016,1.69699
15,37,1,0.01,0.3,0.5,0.001,3.4755,2.12995
16,37,1,0.01,0.3,0.5,0.001,3.54636,2.33003
17,37,1,0.01,0.3,0.5,0.001,3.41517,2.0842
18,37,1,0.01,0.3,0.5,0.001,3.47179,2.18711
19,37,1,0.01,0.3,0.5,0.001,3.34001,1.98233
20,37,1,0.01,0.3,0.5,0.001,3.36044,1.98449
21,37,1,0.01,0.3,0.5,0.001,3.37781,2.13297
22,37,1,0.01,0.3,0.5,0.001,3.36742,1.84512
23,37,1,0.01,0.3,0.5,0.001,3.34911,2.02528
24,37,1,0.01,0.3,0.5,0.001,3.24137,1.80143
25,37,1,0.01,0.3,0.5,0.001,4.4109,3.41262
26,37,1,0.01,0.3,0.5,0.001,3.19341,1.71362
27,37,1,0.01,0.3,0.5,0.001,3.39096,1.95222
28,37,1,0.01,0.3,0.5,0.001,3.56054,2.34772
29,37,1,0.01,0.3,0.5,0.001,3.58589,2.34184
30,37,1,0.01,0.3,0.5,0.001,3.73453,2.53581
31,37,1,0.01,0.3,0.5,0.001,3.33302,1.89081
32,37,1,0.01,0.3,0.5,0.001,4.06465,2.95149
33,37,1,0.01,0.3,0.5,0.001,3.48953,2.17771
34,37,1,0.01,0.3,0.5,0.001,3.42587,2.03559
35,37,1,0.01,0.3,0.5,0.001,3.43322,2.08142
36,37,1,0.01,0.3,0.5,0.001,3.69859,2.57035
37,37,1,0.01,0.3,0.5,0.001,3.99719,3.00159
38,37,1,0.01,0.3,0.5,0.001,3.37683,1.95921
39,37,1,0.01,0.3,0.5,0.001,3.53343,2.36923
40,37,1,0.01,0.3,0.5,0.001,3.54799,2.30173
41,37,1,0.01,0.3,0.5,0.001,3.72371,2.5765
42,37,1,0.01,0.3,0.5,0.001,3.42216,2.08464
43,37,1,0.01,0.3,0.5,0.001,3.53634,2.29596
44,37,1,0.01,0.3,0.5,0.001,3.32081,1.84837
45,37,1,0.01,0.3,0.5,0.001,3.61446,2.46815
46,37,1,0.01,0.3,0.5,0.001,3.26594,1.85958
47,37,1,0.01,0.3,0.5,0.001,3.72238,2.58496
48,37,1,0.01,0.3,0.5,0.001,3.26194,1.67779
49,37,1,0.01,0.3,0.5,0.001,3.52345,2.29978
50,37,1,0.01,0.3,0.5,0.001,3.53406,2.27139
51,37,1,0.01,0.3,0.5,0.001,3.51458,2.28051
52,37,1,0.01,0.3,0.5,0.001,3.46513,2.18955
53,37,1,0.01,0.3,0.5,0.001,3.40445,1.92077
54,37,1,0.01,0.3,0.5,0.001,3.33375,2.00032
55,37,1,0.01,0.3,0.5,0.001,3.50341,2.26442
56,37,1,0.01,0.3,0.5,0.001,3.3263,1.91287
57,37,1,0.01,0.3,0.5,0.001,3.24217,1.83431
58,37,1,0.01,0.3,0.5,0.001,3.60455,2.47594
59,37,1,0.01,0.3,0.5,0.001,3.42911,2.15796
60,37,1,0.01,0.3,0.5,0.001,3.40142,2.01498
61,37,1,0.01,0.3,0.5,0.001,3.38774,2.03994
62,37,1,0.01,0.3,0.5,0.001,3.97395,2.75694
63,37,1,0.01,0.3,0.5,0.001,3.21416,1.76801
64,37,1,0.01,0.3,0.5,0.001,3.23404,1.87873
65,37,1,0.01,0.3,0.5,0.001,3.31292,1.8077
66,37,1,0.01,0.3,0.5,0.001,4.15069,3.20846
67,37,1,0.01,0.3,0.5,0.001,3.28068,1.78651
68,37,1,0.01,0.3,0.5,0.001,3.43331,2.09469
69,37,1,0.01,0.3,0.5,0.001,3.70004,2.59308
70,37,1,0.01,0.3,0.5,0.001,3.18791,1.70366
71,37,1,0.01,0.3,0.5,0.001,3.5494,2.29916
72,37,1,0.01,0.3,0.5,0.001,4.02124,3.01705
73,37,1,0.01,0.3,0.5,0.001,3.39681,2.10662
74,37,1,0.01,0.3,0.5,0.001,3.83638,2.65193
75,37,1,0.01,0.3,0.5,0.001,3.24978,1.77858
76,37,1,0.01,0.3,0.5,0.001,4.45916,3.47831
77,37,1,0.01,0.3,0.5,0.001,3.24108,1.70652
78,37,1,0.01,0.3,0.5,0.001,3.43211,2.07628
79,37,1,0.01,0.3,0.5,0.001,3.42011,2.07764
80,37,1,0.01,0.3,0.5,0.001,3.31697,1.77381
81,37,1,0.01,0.3,0.5,0.001,3.32357,1.90181
82,37,1,0.01,0.3,0.5,0.001,3.19147,1.72563
83,37,1,0.01,0.3,0.5,0.001,3.19676,1.76187
84,37,1,0.01,0.3,0.5,0.001,3.34577,1.86307
85,37,1,0.01,0.3,0.5,0.001,3.63864,2.32335
86,37,1,0.01,0.3,0.5,0.001,3.31084,1.97722
87,37,1,0.01,0.3,0.5,0.001,3.47333,2.28983
88,37,1,0.01,0.3,0.5,0.001,3.45942,2.17627
89,37,1,0.01,0.3,0.5,0.001,3.51556,2.28233
90,37,1,0.01,0.3,0.5,0.001,3.54107,2.27798
91,37,1,0.01,0.3,0.5,0.001,3.4237,1.96869
92,37,1,0.01,0.3,0.5,0.001,3.40963,2.16423
93,37,1,0.01,0.3,0.5,0.001,3.57136,2.31108
94,37,1,0.01,0.3,0.5,0.001,3.4114,1.78588
95,37,1,0.01,0.3,0.5,0.001,3.60355,2.38424
96,37,1,0.01,0.3,0.5,0.001,3.39327,2.10835
97,37,1,0.01,0.3,0.5,0.001,3.35051,1.91399
98,37,1,0.01,0.3,0.5,0.001,3.23732,1.82569
99,37,1,0.01,0.3,0.5,0.001,3.66659,2.56552
0,43,1,0.01,0.3,0.5,0.01,3.45596,0.51768
1,43,1,0.01,0.3,0.5,0.01,3.44472,0.45782
2,43,1,0.01,0.3,0.5,0.01,3.42628,0.23794
3,43,1,0.01,0.3,0.5,0.01,3.47685,0.6753
4,43,1,0.01,0.3,0.5,0.01,3.43924,0.37146
5,43,1,0.01,0.3,0.5,0.01,3.48354,0.72412
6,43,1,0.01,0.3,0.5,0.01,3.45579,0.52216
7,43,1,0.01,0.3,0.5,0.01,3.44406,0.41077
8,43,1,0.01,0.3,0.5,0.01,3.441,0.40568
9,43,1,0.01,0.3,0.5,0.01,3.45201,0.49605
10,43,1,0.01,0.3,0.5,0.01,3.43374,0.35894
11,43,1,0.01,0.3,0.5,0.01,3.45939,0.49832
12,43,1,0.01,0.3,0.5,0.01,3.43911,0.39527
13,43,1,0.01,0.3,0.5,0.01,3.43672,0.33639
14,43,1,0.01,0.3,0.5,0.01,3.43308,0.32815
15,43,1,0.01,0.3,0.5,0.01,3.43082,0.31413
16,43,1,0.01,0.3,0.5,0.01,3.43328,0.33099
17,43,1,0.01,0.3,0.5,0.01,3.43334,0.34066
18,43,1,0.01,0.3,0.5,0.01,3.45437,0.50802
19,43,1,0.01,0.3,0.5,0.01,3.45114,0.50821
20,43,1,0.01,0.3,0.5,0.01,3.4574,0.49746
21,43,1,0.01,0.3,0.5,0.01,3.43919,0.3908
22,43,1,0.01,0.3,0.5,0.01,3.48403,0.64995
23,43,1,0.01,0.3,0.5,0.01,3.44932,0.44444
24,43,1,0.01,0.3,0.5,0.01,3.45455,0.49116
25,43,1,0.01,0.3,0.5,0.01,3.4559,0.51012
26,43,1,0.01,0.3,0.5,0.01,3.42728,0.26272
27,43,1,0.01,0.3,0.5,0.01,3.42723,0.28766
28,43,1,0.01,0.3,0.5,0.01,3.48473,0.72308
29,43,1,0.01,0.3,0.5,0.01,3.44265,0.48094
30,43,1,0.01,0.3,0.5,0.01,3.44837,0.48542
31,43,1,0.01,0.3,0.5,0.01,3.42591,0.27265
32,43,1,0.01,0.3,0.5,0.01,3.45796,0.4691
33,43,1,0.01,0.3,0.5,0.01,3.44591,0.46682
34,43,1,0.01,0.3,0.5,0.01,3.43417,0.39026
35,43,1,0.01,0.3,0.5,0.01,3.44784,0.44861
36,43,1,0.01,0.3,0.5,0.01,3.43305,0.29986
37,43,1,0.01,0.3,0.5,0.01,3.44272,0.42078
38,43,1,0.01,0.3,0.5,0.01,3.43509,0.38039
39,43,1,0.01,0.3,0.5,0.01,3.44676,0.41987
40,43,1,0.01,0.3,0.5,0.01,3.44521,0.43209
41,43,1,0.01,0.3,0.5,0.01,3.45728,0.52665
42,43,1,0.01,0.3,0.5,0.01,3.42889,0.25793
43,43,1,0.01,0.3,0.5,0.01,3.457,0.40934
44,43,1,0.01,0.3,0.5,0.01,3.44816,0.48555
45,43,1,0.01,0.3,0.5,0.01,3.43515,0.35738
46,43,1,0.01,0.3,0.5,0.01,3.47175,0.62261
47,43,1,0.01,0.3,0.5,0.01,3.47607,0.6728
48,43,1,0.01,0.3,0.5,0.01,3.4661,0.53212
49,43,1,0.01,0.3,0.5,0.01,3.45121,0.48829
50,43,1,0.01,0.3,0.5,0.01,3.4456,0.4434
51,43,1,0.01,0.3,0.5,0.01,3.43958,0.366
52,43,1,0.01,0.3,0.5,0.01,3.45611,0.53154
53,43,1,0.01,0.3,0.5,0.01,3.43637,0.33484
54,43,1,0.01,0.3,0.5,0.01,3.42628,0.26586
55,43,1,0.01,0.3,0.5,0.01,3.43709,0.34887
56,43,1,0.01,0.3,0.5,0.01,3.45524,0.55544
57,43,1,0.01,0.3,0.5,0.01,3.4377,0.33974
58,43,1,0.01,0.3,0.5,0.01,3.44499,0.44603
59,43,1,0.01,0.3,0.5,0.01,3.43703,0.40334
60,43,1,0.01,0.3,0.5,0.01,3.51789,0.86194
61,43,1,0.01,0.3,0.5,0.01,3.43869,0.39384
62,43,1,0.01,0.3,0.5,0.01,3.43586,0.38272
63,43,1,0.01,0.3,0.5,0.01,3.45999,0.51564
64,43,1,0.01,0.3,0.5,0.01,3.43258,0.33047
65,43,1,0.01,0.3,0.5,0.01,3.46004,0.46156
66,43,1,0.01,0.3,0.5,0.01,3.46436,0.57377
67,43,1,0.01,0.3,0.5,0.01,3.45821,0.53045
68,43,1,0.01,0.3,0.5,0.01,3.43568,0.38182
69,43,1,0.01,0.3,0.5,0.01,3.43217,0.32398
70,43,1,0.01,0.3,0.5,0.01,3.43602,0.31544
71,43,1,0.01,0.3,0.5,0.01,3.45502,0.55055
72,43,1,0.01,0.3,0.5,0.01,3.44223,0.38502
73,43,1,0.01,0.3,0.5,0.01,3.44327,0.47104
74,43,1,0.01,0.3,0.5,0.01,3.44916,0.50788
75,43,1,0.01,0.3,0.5,0.01,3.43152,0.32873
76,43,1,0.01,0.3,0.5,0.01,3.427,0.25741
77,43,1,0.01,0.3,0.5,0.01,3.43091,0.30279
78,43,1,0.01,0.3,0.5,0.01,3.46466,0.63158
79,43,1,0.01,0.3,0.5,0.01,3.45922,0.5992
80,43,1,0.01,0.3,0.5,0.01,3.45139,0.493
81,43,1,0.01,0.3,0.5,0.01,3.43954,0.39357
82,43,1,0.01,0.3,0.5,0.01,3.47233,0.63519
83,43,1,0.01,0.3,0.5,0.01,3.43683,0.36448
84,43,1,0.01,0.3,0.5,0.01,3.45129,0.46071
85,43,1,0.01,0.3,0.5,0.01,3.43565,0.34747
86,43,1,0.01,0.3,0.5,0.01,3.42877,0.28465
87,43,1,0.01,0.3,0.5,0.01,3.49334,0.75206
88,43,1,0.01,0.3,0.5,0.01,3.4517,0.46287
89,43,1,0.01,0.3,0.5,0.01,3.48517,0.72955
90,43,1,0.01,0.3,0.5,0.01,3.42344,0.2409
91,43,1,0.01,0.3,0.5,0.01,3.44919,0.44047
92,43,1,0.01,0.3,0.5,0.01,3.44152,0.40189
93,43,1,0.01,0.3,0.5,0.01,3.43887,0.41275
94,43,1,0.01,0.3,0.5,0.01,3.44276,0.42085
95,43,1,0.01,0.3,0.5,0.01,3.45178,0.48879
96,43,1,0.01,0.3,0.5,0.01,3.43816,0.38877
97,43,1,0.01,0.3,0.5,0.01,3.44308,0.42323
98,43,1,0.01,0.3,0.5,0.01,3.43437,0.40725
99,43,1,0.01,0.3,0.5,0.01,3.44064,0.40559
0,43,1,0.01,0.3,0.5,0.0025,3.62123,2.01191
1,43,1,0.01,0.3,0.5,0.0025,3.29329,1.22514
2,43,1,0.01,0.3,0.5,0.0025,3.19644,1.00627
3,43,1,0.01,0.3,0.5,0.0025,3.55117,1.811
4,43,1,0.01,0.3,0.5,0.0025,3.18645,0.99828
5,43,1,0.01,0.3,0.5,0.0025,3.46434,1.73944
6,43,1,0.01,0.3,0.5,0.0025,3.30375,1.28879
7,43,1,0.01,0.3,0.5,0.0025,3.20139,0.97554
8,43,1,0.01,0.3,0.5,0.0025,3.21408,1.11387
9,43,1,0.01,0.3,0.5,0.0025,3.20572,0.98258
10,43,1,0.01,0.3,0.5,0.0025,3.22374,1.00604
11,43,1,0.01,0.3,0.5,0.0025,3.32421,1.27286
12,43,1,0.01,0.3,0.5,0.0025,3.19795,1.01353
13,43,1,0.01,0.3,0.5,0.0025,3.29763,1.22912
14,43,1,0.01,0.3,0.5,0.0025,3.214,0.9835
15,43,1,0.01,0.3,0.5,0.0025,3.18528,0.93061
16,43,1,0.01,0.3,0.5,0.0025,3.28447,1.20986
17,43,1,0.01,0.3,0.5,0.0025,3.24826,1.173
18,43,1,0.01,0.3,0.5,0.0025,3.22302,1.09278
19,43,1,0.01,0.3,0.5,0.0025,3.24271,1.11442
20,43,1,0.01,0.3,0.5,0.0025,3.30415,1.22607
21,43,1,0.01,0.3,0.5,0.0025,3.23588,1.11832
22,43,1,0.01,0.3,0.5,0.0025,3.27327,1.14174
23,43,1,0.01,0.3,0.5,0.0025,3.23992,1.13308
24,43,1,0.01,0.3,0.5,0.0025,3.28208,1.12462
25,43,1,0.01,0.3,0.5,0.0025,3.21501,1.03208
26,43,1,0.01,0.3,0.5,0.0025,3.14692,0.75997
27,43,1,0.01,0.3,0.5,0.0025,3.15963,0.87536
28,43,1,0.01,0.3,0.5,0.0025,3.59202,2.01995
29,43,1,0.01,0.3,0.5,0.0025,3.31051,1.39893
30,43,1,0.01,0.3,0.5,0.0025,3.18769,1.02064
31,43,1,0.01,0.3,0.5,0.0025,3.1466,0.85034
32,43,1,0.01,0.3,0.5,0.0025,3.23552,0.98756
33,43,1,0.01,0.3,0.5,0.0025,3.2714,1.17108
34,43,1,0.01,0.3,0.5,0.0025,3.2471,1.16554
35,43,1,0.01,0.3,0.5,0.0025,3.20825,1.01663
36,43,1,0.01,0.3,0.5,0.0025,3.21274,0.92658
37,43,1,0.01,0.3,0.5,0.0025,3.25924,1.18156
38,43,1,0.01,0.3,0.5,0.0025,3.3283,1.42797
39,43,1,0.01,0.3,0.5,0.0025,3.24503,1.12406
40,43,1,0.01,0.3,0.5,0.0025,3.244,1.13038
41,43,1,0.01,0.3,0.5,0.0025,3.24128,1.14631
42,43,1,0.01,0.3,0.5,0.0025,3.22617,1.16952
43,43,1,0.01,0.3,0.5,0.0025,3.32661,1.13015
44,43,1,0.01,0.3,0.5,0.0025,3.24981,1.2122
45,43,1,0.01,0.3,0.5,0.0025,3.15595,0.85834
46,43,1,0.01,0.3,0.5,0.0025,3.30379,1.364
47,43,1,0.01,0.3,0.5,0.0025,3.83449,2.44847
48,43,1,0.01,0.3,0.5,0.0025,3.26514,1.13341
49,43,1,0.01,0.3,0.5,0.0025,3.26071,1.22769
50,43,1,0.01,0.3,0.5,0.0025,3.26938,1.19766
51,43,1,0.01,0.3,0.5,0.0025,3.16143,0.87658
52,43,1,0.01,0.3,0.5,0.0025,3.36049,1.39913
53,43,1,0.01,0.3,0.5,0.0025,3.20564,0.96267
54,43,1,0.01,0.3,0.5,0.0025,3.15531,0.77869
55,43,1,0.01,0.3,0.5,0.0025,3.22214,1.06321
56,43,1,0.01,0.3,0.5,0.0025,3.43283,1.5726
57,43,1,0.01,0.3,0.5,0.0025,3.21202,1.03223
58,43,1,0.01,0.3,0.5,0.0025,3.27881,1.30112
59,43,1,0.01,0.3,0.5,0.0025,3.19514,0.98354
60,43,1,0.01,0.3,0.5,0.0025,3.5251,1.83768
61,43,1,0.01,0.3,0.5,0.0025,3.38244,1.49947
62,43,1,0.01,0.3,0.5,0.0025,3.29047,1.24658
63,43,1,0.01,0.3,0.5,0.0025,3.27261,1.18276
64,43,1,0.01,0.3,0.5,0.0025,3.18227,0.90436
65,43,1,0.01,0.3,0.5,0.0025,3.23632,0.99589
66,43,1,0.01,0.3,0.5,0.0025,3.25718,1.1166
67,43,1,0.01,0.3,0.5,0.0025,3.45402,1.69192
68,43,1,0.01,0.3,0.5,0.0025,3.18998,0.97765
69,43,1,0.01,0.3,0.5,0.0025,3.18525,0.92263
70,43,1,0.01,0.3,0.5,0.0025,3.19431,0.91556
71,43,1,0.01,0.3,0.5,0.0025,3.45797,1.68487
72,43,1,0.01,0.3,0.5,0.0025,3.24314,1.11664
73,43,1,0.01,0.3,0.5,0.0025,3.26929,1.27251
74,43,1,0.01,0.3,0.5,0.0025,3.25122,1.21696
75,43,1,0.01,0.3,0.5,0.0025,3.23592,1.04812
76,43,1,0.01,0.3,0.5,0.0025,3.16728,0.90705
77,43,1,0.01,0.3,0.5,0.0025,3.19121,0.97389
78,43,1,0.01,0.3,0.5,0.0025,3.2836,1.32792
79,43,1,0.01,0.3,0.5,0.0025,3.47948,1.77026
80,43,1,0.01,0.3,0.5,0.0025,3.34083,1.42015
81,43,1,0.01,0.3,0.5,0.0025,3.1853,0.89474
82,43,1,0.01,0.3,0.5,0.0025,3.32922,1.36314
83,43,1,0.01,0.3,0.5,0.0025,3.19,1.01201
84,43,1,0.01,0.3,0.5,0.0025,3.19039,0.93402
85,43,1,0.01,0.3,0.5,0.0025,3.19311,0.93679
86,43,1,0.01,0.3,0.5,0.0025,3.14195,0.77277
87,43,1,0.01,0.3,0.5,0.0025,3.34635,1.46021
88,43,1,0.01,0.3,0.5,0.0025,3.23086,1.03672
89,43,1,0.01,0.3,0.5,0.0025,3.42857,1.63703
90,43,1,0.01,0.3,0.5,0.0025,3.12587,0.7169
91,43,1,0.01,0.3,0.5,0.0025,3.24514,1.11968
92,43,1,0.01,0.3,0.5,0.0025,3.19727,1.01643
93,43,1,0.01,0.3,0.5,0.0025,3.29626,1.29737
94,43,1,0.01,0.3,0.5,0.0025,3.28767,1.16555
95,43,1,0.01,0.3,0.5,0.0025,3.24951,1.13273
96,43,1,0.01,0.3,0.5,0.0025,3.19445,1.01516
97,43,1,0.01,0.3,0.5,0.0025,3.18905,0.97599
98,43,1,0.01,0.3,0.5,0.0025,3.18246,0.95436
99,43,1,0.01,0.3,0.5,0.0025,3.21719,1.02303
0,43,1,0.01,0.3,0.5,0.001,4.17632,3.26105
1,43,1,0.01,0.3,0.5,0.001,3.39662,2.00942
2,43,1,0.01,0.3,0.5,0.001,3.44155,2.18157
3,43,1,0.01,0.3,0.5,0.001,4.08041,2.96164
4,43,1,0.01,0.3,0.5,0.001,3.21478,1.84753
5,43,1,0.01,0.3,0.5,0.001,3.76266,2.69752
6,43,1,0.01,0.3,0.5,0.001,3.46123,2.19714
7,43,1,0.01,0.3,0.5,0.001,3.26478,1.86853
8,43,1,0.01,0.3,0.5,0.001,3.25038,1.9131
9,43,1,0.01,0.3,0.5,0.001,3.1871,1.71709
10,43,1,0.01,0.3,0.5,0.001,3.30134,1.84507
11,43,1,0.01,0.3,0.5,0.001,3.52226,2.18719
12,43,1,0.01,0.3,0.5,0.001,3.17376,1.70881
13,43,1,0.01,0.3,0.5,0.001,3.6939,2.46982
14,43,1,0.01,0.3,0.5,0.001,3.3187,1.90939
15,43,1,0.01,0.3,0.5,0.001,3.27823,1.87131
16,43,1,0.01,0.3,0.5,0.001,3.57243,2.30097
17,43,1,0.01,0.3,0.5,0.001,3.53935,2.33787
18,43,1,0.01,0.3,0.5,0.001,3.26884,1.9032
19,43,1,0.01,0.3,0.5,0.001,3.23229,1.78986
20,43,1,0.01,0.3,0.5,0.001,3.48928,2.10844
21,43,1,0.01,0.3,0.5,0.001,3.42423,2.10314
22,43,1,0.01,0.3,0.5,0.001,3.23284,1.74817
23,43,1,0.01,0.3,0.5,0.001,3.31975,2.00895
24,43,1,0.01,0.3,0.5,0.001,3.21999,1.65168
25,43,1,0.01,0.3,0.5,0.001,3.20403,1.78512
26,43,1,0.01,0.3,0.5,0.001,3.07065,1.46559
27,43,1,0.01,0.3,0.5,0.001,3.16949,1.73999
28,43,1,0.01,0.3,0.5,0.001,4.19692,3.27998
29,43,1,0.01,0.3,0.5,0.001,3.60102,2.42272
30,43,1,0.01,0.3,0.5,0.001,3.10914,1.64186
31,43,1,0.01,0.3,0.5,0.001,3.30753,1.97635
32,43,1,0.01,0.3,0.5,0.001,3.17176,1.63366
33,43,1,0.01,0.3,0.5,0.001,3.4171,2.08637
34,43,1,0.01,0.3,0.5,0.001,3.33538,2.00059
35,43,1,0.01,0.3,0.5,0.001,3.38742,2.03791
36,43,1,0.01,0.3,0.5,0.001,3.20748,1.6327
37,43,1,0.01,0.3,0.5,0.001,3.42262,2.12375
38,43,1,0.01,0.3,0.5,0.001,3.55233,2.35821
39,43,1,0.01,0.3,0.5,0.001,3.36489,2.01316
40,43,1,0.01,0.3,0.5,0.001,3.27188,1.91967
41,43,1,0.01,0.3,0.5,0.001,3.34539,2.01754
42,43,1,0.01,0.3,0.5,0.001,3.54073,2.39802
43,43,1,0.01,0.3,0.5,0.001,3.36693,1.81063
44,43,1,0.01,0.3,0.5,0.001,3.40626,2.18736
45,43,1,0.01,0.3,0.5,0.001,3.21051,1.83693
46,43,1,0.01,0.3,0.5,0.001,3.51451,2.32681
47,43,1,0.01,0.3,0.5,0.001,4.52702,3.70696
48,43,1,0.01,0.3,0.5,0.001,3.28582,1.77172
49,43,1,0.01,0.3,0.5,0.001,3.42101,2.17119
50,43,1,0.01,0.3,0.5,0.001,3.38654,2.11286
51,43,1,0.01,0.3,0.5,0.001,3.11352,1.65187
52,43,1,0.01,0.3,0.5,0.001,3.52509,2.20339
53,43,1,0.01,0.3,0.5,0.001,3.21145,1.70685
54,43,1,0.01,0.3,0.5,0.001,3.11954,1.54421
55,43,1,0.01,0.3,0.5,0.001,3.30741,1.94645
56,43,1,0.01,0.3,0.5,0.001,3.68646,2.44914
57,43,1,0.01,0.3,0.5,0.001,3.44582,2.22031
58,43,1,0.01,0.3,0.5,0.001,3.44717,2.22386
59,43,1,0.01,0.3,0.5,0.001,3.14288,1.65949
60,43,1,0.01,0.3,0.5,0.001,3.85018,2.84263
61,43,1,0.01,0.3,0.5,0.001,3.74943,2.59079
62,43,1,0.01,0.3,0.5,0.001,3.51933,2.25819
63,43,1,0.01,0.3,0.5,0.001,3.3195,1.91248
64,43,1,0.01,0.3,0.5,0.001,3.20384,1.76101
65,43,1,0.01,0.3,0.5,0.001,3.23381,1.70791
66,43,1,0.01,0.3,0.5,0.001,3.22717,1.69235
67,43,1,0.01,0.3,0.5,0.001,3.89688,2.86041
68,43,1,0.01,0.3,0.5,0.001,3.15906,1.70622
69,43,1,0.01,0.3,0.5,0.001,3.24075,1.76098
70,43,1,0.01,0.3,0.5,0.001,3.1759,1.63252
71,43,1,0.01,0.3,0.5,0.001,3.80774,2.70636
72,43,1,0.01,0.3,0.5,0.001,3.33088,1.96871
73,43,1,0.01,0.3,0.5,0.001,3.51632,2.34491
74,43,1,0.01,0.3,0.5,0.001,3.40796,2.215
75,43,1,0.01,0.3,0.5,0.001,3.63214,2.40967
76,43,1,0.01,0.3,0.5,0.001,3.26001,1.89501
77,43,1,0.01,0.3,0.5,0.001,3.39419,2.11342
78,43,1,0.01,0.3,0.5,0.001,3.4846,2.28355
79,43,1,0.01,0.3,0.5,0.001,4.07944,3.1138
80,43,1,0.01,0.3,0.5,0.001,3.66157,2.54871
81,43,1,0.01,0.3,0.5,0.001,3.15116,1.61582
82,43,1,0.01,0.3,0.5,0.001,3.42051,2.10869
83,43,1,0.01,0.3,0.5,0.001,3.25854,1.93492
84,43,1,0.01,0.3,0.5,0.001,3.12932,1.6343
85,43,1,0.01,0.3,0.5,0.001,3.37838,2.05294
86,43,1,0.01,0.3,0.5,0.001,3.09285,1.54653
87,43,1,0.01,0.3,0.5,0.001,3.52563,2.35583
88,43,1,0.01,0.3,0.5,0.001,3.1821,1.64883
89,43,1,0.01,0.3,0.5,0.001,3.89053,2.85252
90,43,1,0.01,0.3,0.5,0.001,3.02966,1.43749
91,43,1,0.01,0.3,0.5,0.001,3.34336,1.96477
92,43,1,0.01,0.3,0.5,0.001,3.20199,1.80682
93,43,1,0.01,0.3,0.5,0.001,3.45104,2.19572
94,43,1,0.01,0.3,0.5,0.001,3.34469,1.88468
95,43,1,0.01,0.3,0.5,0.001,3.31917,1.97518
96,43,1,0.01,0.3,0.5,0.001,3.20936,1.79516
97,43,1,0.01,0.3,0.5,0.001,3.09249,1.54603
98,43,1,0.01,0.3,0.5,0.001,3.21839,1.80716
99,43,1,0.01,0.3,0.5,0.001,3.25096,1.79892
0,51,1,0.01,0.3,0.5,0.01,3.44518,0.45589
1,51,1,0.01,0.3,0.5,0.01,3.43384,0.35074
2,51,1,0.01,0.3,0.5,0.01,3.42641,0.27614
3,51,1,0.01,0.3,0.5,0.01,3.43391,0.33864
4,51,1,0.01,0.3,0.5,0.01,3.42759,0.31894
5,51,1,0.01,0.3,0.5,0.01,3.43183,0.33026
6,51,1,0.01,0.3,0.5,0.01,3.44398,0.43945
7,51,1,0.01,0.3,0.5,0.01,3.42133,0.23481
8,51,1,0.01,0.3,0.5,0.01,3.42752,0.30869
9,51,1,0.01,0.3,0.5,0.01,3.44447,0.40799
10,51,1,0.01,0.3,0.5,0.01,3.44339,0.43783
11,51,1,0.01,0.3,0.5,0.01,3.43807,0.37772
12,51,1,0.01,0.3,0.5,0.01,3.43223,0.30003
13,51,1,0.01,0.3,0.5,0.01,3.45156,0.49575
14,51,1,0.01,0.3,0.5,0.01,3.42828,0.26638
15,51,1,0.01,0.3,0.5,0.01,3.43409,0.33634
16,51,1,0.01,0.3,0.5,0.01,3.43601,0.40939
17,51,1,0.01,0.3,0.5,0.01,3.43894,0.41798
18,51,1,0.01,0.3,0.5,0.01,3.44739,0.45571
19,51,1,0.01,0.3,0.5,0.01,3.43138,0.32682
20,51,1,0.01,0.3,0.5,0.01,3.42889,0.33632
21,51,1,0.01,0.3,0.5,0.01,3.4434,0.38234
22,51,1,0.01,0.3,0.5,0.01,3.43914,0.40825
23,51,1,0.01,0.3,0.5,0.01,3.42893,0.30437
24,51,1,0.01,0.3,0.5,0.01,3.43129,0.29728
25,51,1,0.01,0.3,0.5,0.01,3.43242,0.32799
26,51,1,0.01,0.3,0.5,0.01,3.4433,0.45102
27,51,1,0.01,0.3,0.5,0.01,3.42513,0.26537
28,51,1,0.01,0.3,0.5,0.01,3.43081,0.32926
29,51,1,0.01,0.3,0.5,0.01,3.43112,0.32648
30,51,1,0.01,0.3,0.5,0.01,3.42286,0.27932
31,51,1,0.01,0.3,0.5,0.01,3.46876,0.64425
32,51,1,0.01,0.3,0.5,0.01,3.43075,0.33057
33,51,1,0.01,0.3,0.5,0.01,3.45202,0.47096
34,51,1,0.01,0.3,0.5,0.01,3.44496,0.43005
35,51,1,0.01,0.3,0.5,0.01,3.44868,0.52685
36,51,1,0.01,0.3,0.5,0.01,3.43853,0.40189
37,51,1,0.01,0.3,0.5,0.01,3.4412,0.38833
38,51,1,0.01,0.3,0.5,0.01,3.43935,0.39303
39,51,1,0.01,0.3,0.5,0.01,3.43425,0.35859
40,51,1,0.01,0.3,0.5,0.01,3.4479,0.39805
41,51,1,0.01,0.3,0.5,0.01,3.44631,0.43203
42,51,1,0.01,0.3,0.5,0.01,3.44248,0.46603
43,51,1,0.01,0.3,0.5,0.01,3.42607,0.25728
44,51,1,0.01,0.3,0.5,0.01,3.4436,0.43694
45,51,1,0.01,0.3,0.5,0.01,3.47841,0.66032
46,51,1,0.01,0.3,0.5,0.01,3.43659,0.39861
47,51,1,0.01,0.3,0.5,0.01,3.43567,0.4032
48,51,1,0.01,0.3,0.5,0.01,3.44298,0.4405
49,51,1,0.01,0.3,0.5,0.01,3.43396,0.35117
50,51,1,0.01,0.3,0.5,0.01,3.45599,0.52246
51,51,1,0.01,0.3,0.5,0.01,3.43154,0.32901
52,51,1,0.01,0.3,0.5,0.01,3.43477,0.34757
53,51,1,0.01,0.3,0.5,0.01,3.42943,0.29763
54,51,1,0.01,0.3,0.5,0.01,3.43302,0.32887
55,51,1,0.01,0.3,0.5,0.01,3.43977,0.40094
56,51,1,0.01,0.3,0.5,0.01,3.46707,0.62489
57,51,1,0.01,0.3,0.5,0.01,3.43681,0.38025
58,51,1,0.01,0.3,0.5,0.01,3.42563,0.24842
59,51,1,0.01,0.3,0.5,0.01,3.43705,0.38035
60,51,1,0.01,0.3,0.5,0.01,3.43788,0.3509
61,51,1,0.01,0.3,0.5,0.01,3.43663,0.37228
62,51,1,0.01,0.3,0.5,0.01,3.43252,0.32884
63,51,1,0.01,0.3,0.5,0.01,3.44948,0.42372
64,51,1,0.01,0.3,0.5,0.01,3.48319,0.68377
65,51,1,0.01,0.3,0.5,0.01,3.43178,0.32415
66,51,1,0.01,0.3,0.5,0.01,3.44831,0.53099
67,51,1,0.01,0.3,0.5,0.01,3.43816,0.41366
68,51,1,0.01,0.3,0.5,0.01,3.42973,0.31976
69,51,1,0.01,0.3,0.5,0.01,3.4412,0.38619
70,51,1,0.01,0.3,0.5,0.01,3.45207,0.49404
71,51,1,0.01,0.3,0.5,0.01,3.44169,0.38812
72,51,1,0.01,0.3,0.5,0.01,3.43915,0.3542
73,51,1,0.01,0.3,0.5,0.01,3.43527,0.45001
74,51,1,0.01,0.3,0.5,0.01,3.43824,0.40762
75,51,1,0.01,0.3,0.5,0.01,3.43014,0.32622
76,51,1,0.01,0.3,0.5,0.01,3.43569,0.3867
77,51,1,0.01,0.3,0.5,0.01,3.44306,0.38785
78,51,1,0.01,0.3,0.5,0.01,3.42669,0.25721
79,51,1,0.01,0.3,0.5,0.01,3.4512,0.47842
80,51,1,0.01,0.3,0.5,0.01,3.43854,0.41277
81,51,1,0.01,0.3,0.5,0.01,3.44305,0.42017
82,51,1,0.01,0.3,0.5,0.01,3.4454,0.44981
83,51,1,0.01,0.3,0.5,0.01,3.44291,0.40474
84,51,1,0.01,0.3,0.5,0.01,3.43055,0.33445
85,51,1,0.01,0.3,0.5,0.01,3.44519,0.48675
86,51,1,0.01,0.3,0.5,0.01,3.43958,0.40092
87,51,1,0.01,0.3,0.5,0.01,3.42933,0.33236
88,51,1,0.01,0.3,0.5,0.01,3.42953,0.33053
89,51,1,0.01,0.3,0.5,0.01,3.43312,0.34767
90,51,1,0.01,0.3,0.5,0.01,3.42949,0.28847
91,51,1,0.01,0.3,0.5,0.01,3.43625,0.36742
92,51,1,0.01,0.3,0.5,0.01,3.45312,0.54986
93,51,1,0.01,0.3,0.5,0.01,3.42695,0.26485
94,51,1,0.01,0.3,0.5,0.01,3.47496,0.63657
95,51,1,0.01,0.3,0.5,0.01,3.44378,0.42086
96,51,1,0.01,0.3,0.5,0.01,3.43284,0.37422
97,51,1,0.01,0.3,0.5,0.01,3.44285,0.43852
98,51,1,0.01,0.3,0.5,0.01,3.42297,0.21292
99,51,1,0.01,0.3,0.5,0.01,3.43167,0.32441
0,51,1,0.01,0.3,0.5,0.0025,3.20061,1.1041
1,51,1,0.01,0.3,0.5,0.0025,3.19818,0.99517
2,51,1,0.01,0.3,0.5,0.0025,3.13583,0.77602
3,51,1,0.01,0.3,0.5,0.0025,3.16097,0.86708
4,51,1,0.01,0.3,0.5,0.0025,3.12338,0.76648
5,51,1,0.01,0.3,0.5,0.0025,3.17584,0.96689
6,51,1,0.01,0.3,0.5,0.0025,3.21799,1.0418
7,51,1,0.01,0.3,0.5,0.0025,3.08979,0.69933
8,51,1,0.01,0.3,0.5,0.0025,3.16109,0.88237
9,51,1,0.01,0.3,0.5,0.0025,3.27824,1.27419
10,51,1,0.01,0.3,0.5,0.0025,3.29358,1.36072
11,51,1,0.01,0.3,0.5,0.0025,3.17781,0.89671
12,51,1,0.01,0.3,0.5,0.0025,3.18952,0.95866
13,51,1,0.01,0.3,0.5,0.0025,3.2709,1.25169
14,51,1,0.01,0.3,0.5,0.0025,3.12135,0.71231
15,51,1,0.01,0.3,0.5,0.0025,3.18408,0.90353
16,51,1,0.01,0.3,0.5,0.0025,3.27524,1.24916
17,51,1,0.01,0.3,0.5,0.0025,3.1539,0.94971
18,51,1,0.01,0.3,0.5,0.0025,3.19328,1.025
19,51,1,0.01,0.3,0.5,0.0025,3.14212,0.78821
20,51,1,0.01,0.3,0.5,0.0025,3.17878,0.92329
21,51,1,0.01,0.3,0.5,0.0025,3.2148,1.01632
22,51,1,0.01,0.3,0.5,0.0025,3.17075,0.91735
23,51,1,0.01,0.3,0.5,0.0025,3.16515,0.88224
24,51,1,0.01,0.3,0.5,0.0025,3.13593,0.75691
25,51,1,0.01,0.3,0.5,0.0025,3.18056,1.01287
26,51,1,0.01,0.3,0.5,0.0025,3.22959,1.0193
27,51,1,0.01,0.3,0.5,0.0025,3.11693,0.69936
28,51,1,0.01,0.3,0.5,0.0025,3.20077,0.92254
29,51,1,0.01,0.3,0.5,0.0025,3.19599,0.96396
30,51,1,0.01,0.3,0.5,0.0025,3.20048,1.16544
31,51,1,0.01,0.3,0.5,0.0025,3.33838,1.44276
32,51,1,0.01,0.3,0.5,0.0025,3.14249,0.8047
33,51,1,0.01,0.3,0.5,0.0025,3.21864,0.97856
34,51,1,0.01,0.3,0.5,0.0025,3.24859,1.13542
35,51,1,0.01,0.3,0.5,0.0025,3.31092,1.41896
36,51,1,0.01,0.3,0.5,0.0025,3.1593,0.91708
37,51,1,0.01,0.3,0.5,0.0025,3.22517,1.08894
38,51,1,0.01,0.3,0.5,0.0025,3.17203,0.90205
39,51,1,0.01,0.3,0.5,0.0025,3.17328,0.94095
40,51,1,0.01,0.3,0.5,0.0025,3.32155,1.27984
41,51,1,0.01,0.3,0.5,0.0025,3.27869,1.27772
42,51,1,0.01,0.3,0.5,0.0025,3.19921,1.04863
43,51,1,0.01,0.3,0.5,0.0025,3.12072,0.78135
44,51,1,0.01,0.3,0.5,0.0025,3.23276,1.10542
45,51,1,0.01,0.3,0.5,0.0025,3.38062,1.50364
46,51,1,0.01,0.3,0.5,0.0025,3.24163,1.13211
47,51,1,0.01,0.3,0.5,0.0025,3.16357,0.89922
48,51,1,0.01,0.3,0.5,0.0025,3.20828,1.00369
49,51,1,0.01,0.3,0.5,0.0025,3.18028,0.98494
50,51,1,0.01,0.3,0.5,0.0025,3.23842,1.08008
51,51,1,0.01,0.3,0.5,0.0025,3.14614,0.79673
52,51,1,0.01,0.3,0.5,0.0025,3.29911,1.30564
53,51,1,0.01,0.3,0.5,0.0025,3.1217,0.79408
54,51,1,0.01,0.3,0.5,0.0025,3.23495,1.07853
55,51,1,0.01,0.3,0.5,0.0025,3.20953,1.06587
56,51,1,0.01,0.3,0.5,0.0025,3.30566,1.33203
57,51,1,0.01,0.3,0.5,0.0025,3.14878,0.87632
58,51,1,0.01,0.3,0.5,0.0025,3.1469,0.86439
59,51,1,0.01,0.3,0.5,0.0025,3.15685,0.85901
60,51,1,0.01,0.3,0.5,0.0025,3.17343,0.87362
61,51,1,0.01,0.3,0.5,0.0025,3.20483,1.03717
62,51,1,0.01,0.3,0.5,0.0025,3.17112,0.85234
63,51,1,0.01,0.3,0.5,0.0025,3.22017,0.97839
64,51,1,0.01,0.3,0.5,0.0025,3.34617,1.42963
65,51,1,0.01,0.3,0.5,0.0025,3.14182,0.83535
66,51,1,0.01,0.3,0.5,0.0025,3.33946,1.45243
67,51,1,0.01,0.3,0.5,0.0025,3.226,1.14411
68,51,1,0.01,0.3,0.5,0.0025,3.15585,0.816
69,51,1,0.01,0.3,0.5,0.0025,3.2262,1.02433
70,51,1,0.01,0.3,0.5,0.0025,3.19897,0.97923
71,51,1,0.01,0.3,0.5,0.0025,3.16881,0.88279
72,51,1,0.01,0.3,0.5,0.0025,3.19916,0.91347
73,51,1,0.01,0.3,0.5,0.0025,3.19755,1.05533
74,51,1,0.01,0.3,0.5,0.0025,3.2503,1.18628
75,51,1,0.01,0.3,0.5,0.0025,3.13067,0.80585
76,51,1,0.01,0.3,0.5,0.0025,3.19073,0.99459
77,51,1,0.01,0.3,0.5,0.0025,3.21236,1.0288
78,51,1,0.01,0.3,0.5,0.0025,3.15007,0.84546
79,51,1,0.01,0.3,0.5,0.0025,3.21313,1.01058
80,51,1,0.01,0.3,0.5,0.0025,3.28356,1.3191
81,51,1,0.01,0.3,0.5,0.0025,3.239,1.09773
82,51,1,0.01,0.3,0.5,0.0025,3.28658,1.23847
83,51,1,0.01,0.3,0.5,0.0025,3.23404,1.13957
84,51,1,0.01,0.3,0.5,0.0025,3.17965,0.99455
85,51,1,0.01,0.3,0.5,0.0025,3.36569,1.57036
86,51,1,0.01,0.3,0.5,0.0025,3.18696,0.99419
87,51,1,0.01,0.3,0.5,0.0025,3.19703,1.06849
88,51,1,0.01,0.3,0.5,0.0025,3.19359,1.03899
89,51,1,0.01,0.3,0.5,0.0025,3.21374,1.07294
90,51,1,0.01,0.3,0.5,0.0025,3.15473,0.85176
91,51,1,0.01,0.3,0.5,0.0025,3.15343,0.84984
92,51,1,0.01,0.3,0.5,0.0025,3.28886,1.27013
93,51,1,0.01,0.3,0.5,0.0025,3.15093,0.81355
94,51,1,0.01,0.3,0.5,0.0025,3.2511,1.15459
95,51,1,0.01,0.3,0.5,0.0025,3.24806,1.09181
96,51,1,0.01,0.3,0.5,0.0025,3.22795,1.15012
97,51,1,0.01,0.3,0.5,0.0025,3.23455,1.12035
98,51,1,0.01,0.3,0.5,0.0025,3.13856,0.73634
99,51,1,0.01,0.3,0.5,0.0025,3.1775,0.88664
0,51,1,0.01,0.3,0.5,0.001,3.36063,2.13783
1,51,1,0.01,0.3,0.5,0.001,3.31653,2.00453
2,51,1,0.01,0.3,0.5,0.001,3.03765,1.45887
3,51,1,0.01,0.3,0.5,0.001,3.11931,1.68784
4,51,1,0.01,0.3,0.5,0.001,3.01834,1.46594
5,51,1,0.01,0.3,0.5,0.001,3.1245,1.71266
6,51,1,0.01,0.3,0.5,0.001,3.25398,1.8967
7,51,1,0.01,0.3,0.5,0.001,2.99857,1.47953
8,51,1,0.01,0.3,0.5,0.001,3.29527,1.9782
9,51,1,0.01,0.3,0.5,0.001,3.48112,2.2853
10,51,1,0.01,0.3,0.5,0.001,3.58742,2.49658
11,51,1,0.01,0.3,0.5,0.001,3.17723,1.70158
12,51,1,0.01,0.3,0.5,0.001,3.29663,1.96405
13,51,1,0.01,0.3,0.5,0.001,3.48804,2.29181
14,51,1,0.01,0.3,0.5,0.001,2.9994,1.41021
15,51,1,0.01,0.3,0.5,0.001,3.1461,1.63365
16,51,1,0.01,0.3,0.5,0.001,3.32732,1.99239
17,51,1,0.01,0.3,0.5,0.001,3.15396,1.79606
18,51,1,0.01,0.3,0.5,0.001,3.2248,1.90888
19,51,1,0.01,0.3,0.5,0.001,3.05422,1.46276
20,51,1,0.01,0.3,0.5,0.001,3.17182,1.71835
21,51,1,0.01,0.3,0.5,0.001,3.52638,2.2946
22,51,1,0.01,0.3,0.5,0.001,3.03213,1.45416
23,51,1,0.01,0.3,0.5,0.001,3.06994,1.50008
24,51,1,0.01,0.3,0.5,0.001,3.15376,1.66483
25,51,1,0.01,0.3,0.5,0.001,3.23005,1.90376
26,51,1,0.01,0.3,0.5,0.001,3.15465,1.57128
27,51,1,0.01,0.3,0.5,0.001,2.9689,1.29512
28,51,1,0.01,0.3,0.5,0.001,3.27316,1.77412
29,51,1,0.01,0.3,0.5,0.001,3.12657,1.62539
30,51,1,0.01,0.3,0.5,0.001,3.42722,2.28007
31,51,1,0.01,0.3,0.5,0.001,3.37348,2.0737
32,51,1,0.01,0.3,0.5,0.001,3.05925,1.51592
33,51,1,0.01,0.3,0.5,0.001,3.22232,1.6955
34,51,1,0.01,0.3,0.5,0.001,3.26898,1.84148
35,51,1,0.01,0.3,0.5,0.001,3.62979,2.48363
36,51,1,0.01,0.3,0.5,0.001,3.15733,1.79902
37,51,1,0.01,0.3,0.5,0.001,3.47257,2.21115
38,51,1,0.01,0.3,0.5,0.001,3.10921,1.59087
39,51,1,0.01,0.3,0.5,0.001,3.08734,1.56527
40,51,1,0.01,0.3,0.5,0.001,3.7358,2.60304
41,51,1,0.01,0.3,0.5,0.001,3.61338,2.47437
42,51,1,0.01,0.3,0.5,0.001,3.39951,2.13255
43,51,1,0.01,0.3,0.5,0.001,3.12512,1.72576
44,51,1,0.01,0.3,0.5,0.001,3.45324,2.18491
45,51,1,0.01,0.3,0.5,0.001,3.79828,2.70059
46,51,1,0.01,0.3,0.5,0.001,3.56681,2.34641
47,51,1,0.01,0.3,0.5,0.001,3.10737,1.619
48,51,1,0.01,0.3,0.5,0.001,3.12806,1.6014
49,51,1,0.01,0.3,0.5,0.001,3.29301,1.99855
50,51,1,0.01,0.3,0.5,0.001,3.19364,1.72096
51,51,1,0.01,0.3,0.5,0.001,2.992,1.3766
52,51,1,0.01,0.3,0.5,0.001,3.64634,2.48409
53,51,1,0.01,0.3,0.5,0.001,3.02173,1.51697
54,51,1,0.01,0.3,0.5,0.001,3.31384,1.95014
55,51,1,0.01,0.3,0.5,0.001,3.3101,2.00954
56,51,1,0.01,0.3,0.5,0.001,3.5235,2.30221
57,51,1,0.01,0.3,0.5,0.001,3.09777,1.62057
58,51,1,0.01,0.3,0.5,0.001,3.17945,1.78375
59,51,1,0.01,0.3,0.5,0.001,3.13039,1.59916
60,51,1,0.01,0.3,0.5,0.001,3.0908,1.57147
61,51,1,0.01,0.3,0.5,0.001,3.29044,1.96339
62,51,1,0.01,0.3,0.5,0.001,3.10367,1.51512
63,51,1,0.01,0.3,0.5,0.001,3.20484,1.67491
64,51,1,0.01,0.3,0.5,0.001,3.49599,2.294
65,51,1,0.01,0.3,0.5,0.001,3.10172,1.6809
66,51,1,0.01,0.3,0.5,0.001,3.52872,2.36562
67,51,1,0.01,0.3,0.5,0.001,3.24608,1.87078
68,51,1,0.01,0.3,0.5,0.001,3.02191,1.35139
69,51,1,0.01,0.3,0.5,0.001,3.23058,1.74252
70,51,1,0.01,0.3,0.5,0.001,3.06267,1.54541
71,51,1,0.01,0.3,0.5,0.001,3.17742,1.71848
72,51,1,0.01,0.3,0.5,0.001,3.30362,1.91827
73,51,1,0.01,0.3,0.5,0.001,3.29933,1.96608
74,51,1,0.01,0.3,0.5,0.001,3.27726,1.93615
75,51,1,0.01,0.3,0.5,0.001,3.02486,1.45768
76,51,1,0.01,0.3,0.5,0.001,3.19306,1.73933
77,51,1,0.01,0.3,0.5,0.001,3.25324,1.82324
78,51,1,0.01,0.3,0.5,0.001,3.15218,1.67996
79,51,1,0.01,0.3,0.5,0.001,3.09825,1.57943
80,51,1,0.01,0.3,0.5,0.001,3.64119,2.54544
81,51,1,0.01,0.3,0.5,0.001,3.26321,1.78965
82,51,1,0.01,0.3,0.5,0.001,3.53129,2.291
83,51,1,0.01,0.3,0.5,0.001,3.2977,1.98325
84,51,1,0.01,0.3,0.5,0.001,3.20879,1.83905
85,51,1,0.01,0.3,0.5,0.001,3.63388,2.58044
86,51,1,0.01,0.3,0.5,0.001,3.26777,1.9918
87,51,1,0.01,0.3,0.5,0.001,3.26628,1.99422
88,51,1,0.01,0.3,0.5,0.001,3.21399,1.87354
89,51,1,0.01,0.3,0.5,0.001,3.25563,1.89164
90,51,1,0.01,0.3,0.5,0.001,3.19585,1.75365
91,51,1,0.01,0.3,0.5,0.001,3.12134,1.697
92,51,1,0.01,0.3,0.5,0.001,3.42316,2.11271
93,51,1,0.01,0.3,0.5,0.001,3.29574,1.93714
94,51,1,0.01,0.3,0.5,0.001,3.17744,1.73323
95,51,1,0.01,0.3,0.5,0.001,3.33333,1.94452
96,51,1,0.01,0.3,0.5,0.001,3.34033,2.07144
97,51,1,0.01,0.3,0.5,0.001,3.24588,1.8894
98,51,1,0.01,0.3,0.5,0.001,3.08424,1.495
99,51,1,0.01,0.3,0.5,0.001,3.16845,1.69335
0,61,1,0.01,0.3,0.5,0.01,3.44237,0.47547
1,61,1,0.01,0.3,0.5,0.01,3.43618,0.33131
2,61,1,0.01,0.3,0.5,0.01,3.43768,0.41651
3,61,1,0.01,0.3,0.5,0.01,3.43026,0.31582
4,61,1,0.01,0.3,0.5,0.01,3.43069,0.31381
5,61,1,0.01,0.3,0.5,0.01,3.44831,0.48931
6,61,1,0.01,0.3,0.5,0.01,3.43271,0.35943
7,61,1,0.01,0.3,0.5,0.01,3.4311,0.3201
8,61,1,0.01,0.3,0.5,0.01,3.42673,0.24882
9,61,1,0.01,0.3,0.5,0.01,3.43149,0.31011
10,61,1,0.01,0.3,0.5,0.01,3.43651,0.3451
11,61,1,0.01,0.3,0.5,0.01,3.43004,0.36138
12,61,1,0.01,0.3,0.5,0.01,3.42642,0.26722
13,61,1,0.01,0.3,0.5,0.01,3.43929,0.45859
14,61,1,0.01,0.3,0.5,0.01,3.43075,0.32411
15,61,1,0.01,0.3,0.5,0.01,3.43917,0.39934
16,61,1,0.01,0.3,0.5,0.01,3.4423,0.45106
17,61,1,0.01,0.3,0.5,0.01,3.43011,0.31552
18,61,1,0.01,0.3,0.5,0.01,3.43584,0.36447
19,61,1,0.01,0.3,0.5,0.01,3.42753,0.30366
20,61,1,0.01,0.3,0.5,0.01,3.43333,0.32191
21,61,1,0.01,0.3,0.5,0.01,3.43817,0.43944
22,61,1,0.01,0.3,0.5,0.01,3.43382,0.38991
23,61,1,0.01,0.3,0.5,0.01,3.43328,0.32685
24,61,1,0.01,0.3,0.5,0.01,3.45097,0.4488
25,61,1,0.01,0.3,0.5,0.01,3.43215,0.34326
26,61,1,0.01,0.3,0.5,0.01,3.4312,0.30551
27,61,1,0.01,0.3,0.5,0.01,3.42522,0.21385
28,61,1,0.01,0.3,0.5,0.01,3.42654,0.27337
29,61,1,0.01,0.3,0.5,0.01,3.42169,0.24663
30,61,1,0.01,0.3,0.5,0.01,3.42689,0.26762
31,61,1,0.01,0.3,0.5,0.01,3.46163,0.48162
32,61,1,0.01,0.3,0.5,0.01,3.43256,0.31528
33,61,1,0.01,0.3,0.5,0.01,3.43311,0.31385
34,61,1,0.01,0.3,0.5,0.01,3.43064,0.29102
35,61,1,0.01,0.3,0.5,0.01,3.43336,0.34133
36,61,1,0.01,0.3,0.5,0.01,3.42208,0.19984
37,61,1,0.01,0.3,0.5,0.01,3.41896,0.1934
38,61,1,0.01,0.3,0.5,0.01,3.43223,0.35498
39,61,1,0.01,0.3,0.5,0.01,3.44283,0.4214
40,61,1,0.01,0.3,0.5,0.01,3.42636,0.26917
41,61,1,0.01,0.3,0.5,0.01,3.42801,0.29393
42,61,1,0.01,0.3,0.5,0.01,3.42679,0.27244
43,61,1,0.01,0.3,0.5,0.01,3.44633,0.42982
44,61,1,0.01,0.3,0.5,0.01,3.42159,0.20782
45,61,1,0.01,0.3,0.5,0.01,3.43894,0.39528
46,61,1,0.01,0.3,0.5,0.01,3.42614,0.27589
47,61,1,0.01,0.3,0.5,0.01,3.43365,0.3532
48,61,1,0.01,0.3,0.5,0.01,3.43157,0.35868
49,61,1,0.01,0.3,0.5,0.01,3.42886,0.306
50,61,1,0.01,0.3,0.5,0.01,3.45538,0.50854
51,61,1,0.01,0.3,0.5,0.01,3.45022,0.41833
52,61,1,0.01,0.3,0.5,0.01,3.4264,0.27856
53,61,1,0.01,0.3,0.5,0.01,3.48224,0.68174
54,61,1,0.01,0.3,0.5,0.01,3.44429,0.43206
55,61,1,0.01,0.3,0.5,0.01,3.44944,0.51121
56,61,1,0.01,0.3,0.5,0.01,3.43782,0.40467
57,61,1,0.01,0.3,0.5,0.01,3.43372,0.34543
58,61,1,0.01,0.3,0.5,0.01,3.44253,0.43018
59,61,1,0.01,0.3,0.5,0.01,3.43686,0.37423
60,61,1,0.01,0.3,0.5,0.01,3.43621,0.37206
61,61,1,0.01,0.3,0.5,0.01,3.446,0.47748
62,61,1,0.01,0.3,0.5,0.01,3.42694,0.29495
63,61,1,0.01,0.3,0.5,0.01,3.4469,0.43143
64,61,1,0.01,0.3,0.5,0.01,3.43457,0.34186
65,61,1,0.01,0.3,0.5,0.01,3.42916,0.32834
66,61,1,0.01,0.3,0.5,0.01,3.45536,0.52005
67,61,1,0.01,0.3,0.5,0.01,3.43392,0.34063
68,61,1,0.01,0.3,0.5,0.01,3.42148,0.19247
69,61,1,0.01,0.3,0.5,0.01,3.43932,0.37486
70,61,1,0.01,0.3,0.5,0.01,3.42048,0.22303
71,61,1,0.01,0.3,0.5,0.01,3.42771,0.30404
72,61,1,0.01,0.3,0.5,0.01,3.43488,0.34405
73,61,1,0.01,0.3,0.5,0.01,3.44365,0.42603
74,61,1,0.01,0.3,0.5,0.01,3.42563,0.26876
75,61,1,0.01,0.3,0.5,0.01,3.42609,0.26257
76,61,1,0.01,0.3,0.5,0.01,3.44081,0.41137
77,61,1,0.01,0.3,0.5,0.01,3.42767,0.27946
78,61,1,0.01,0.3,0.5,0.01,3.4302,0.28578
79,61,1,0.01,0.3,0.5,0.01,3.4595,0.51384
80,61,1,0.01,0.3,0.5,0.01,3.44157,0.44015
81,61,1,0.01,0.3,0.5,0.01,3.42618,0.26216
82,61,1,0.01,0.3,0.5,0.01,3.44116,0.4161
83,61,1,0.01,0.3,0.5,0.01,3.43864,0.36102
84,61,1,0.01,0.3,0.5,0.01,3.43915,0.38727
85,61,1,0.01,0.3,0.5,0.01,3.43085,0.28288
86,61,1,0.01,0.3,0.5,0.01,3.43674,0.37498
87,61,1,0.01,0.3,0.5,0.01,3.43916,0.42679
88,61,1,0.01,0.3,0.5,0.01,3.4332,0.31756
89,61,1,0.01,0.3,0.5,0.01,3.44836,0.45945
90,61,1,0.01,0.3,0.5,0.01,3.43093,0.35514
91,61,1,0.01,0.3,0.5,0.01,3.42059,0.25056
92,61,1,0.01,0.3,0.5,0.01,3.42401,0.23532
93,61,1,0.01,0.3,0.5,0.01,3.43308,0.37502
94,61,1,0.01,0.3,0.5,0.01,3.42377,0.28251
95,61,1,0.01,0.3,0.5,0.01,3.43904,0.38165
96,61,1,0.01,0.3,0.5,0.01,3.44372,0.44407
97,61,1,0.01,0.3,0.5,0.01,3.43617,0.35886
98,61,1,0.01,0.3,0.5,0.01,3.42586,0.27025
99,61,1,0.01,0.3,0.5,0.01,3.43437,0.36492
0,61,1,0.01,0.3,0.5,0.0025,3.29299,1.35704
1,61,1,0.01,0.3,0.5,0.0025,3.12361,0.72556
2,61,1,0.01,0.3,0.5,0.0025,3.21997,1.15098
3,61,1,0.01,0.3,0.5,0.0025,3.15541,0.78477
4,61,1,0.01,0.3,0.5,0.0025,3.12357,0.82312
5,61,1,0.01,0.3,0.5,0.0025,3.22515,1.10529
6,61,1,0.01,0.3,0.5,0.0025,3.1319,0.76791
7,61,1,0.01,0.3,0.5,0.0025,3.14549,0.80732
8,61,1,0.01,0.3,0.5,0.0025,3.10567,0.63409
9,61,1,0.01,0.3,0.5,0.0025,3.13246,0.78066
10,61,1,0.01,0.3,0.5,0.0025,3.16857,0.82055
11,61,1,0.01,0.3,0.5,0.0025,3.12833,0.82169
12,61,1,0.01,0.3,0.5,0.0025,3.1232,0.6691
13,61,1,0.01,0.3,0.5,0.0025,3.22388,1.13166
14,61,1,0.01,0.3,0.5,0.0025,3.16422,0.84952
15,61,1,0.01,0.3,0.5,0.0025,3.21118,1.0723
16,61,1,0.01,0.3,0.5,0.0025,3.25598,1.23092
17,61,1,0.01,0.3,0.5,0.0025,3.16345,0.92191
18,61,1,0.01,0.3,0.5,0.0025,3.19614,1.00164
19,61,1,0.01,0.3,0.5,0.0025,3.11678,0.75299
20,61,1,0.01,0.3,0.5,0.0025,3.19808,0.94659
21,61,1,0.01,0.3,0.5,0.0025,3.21322,1.13571
22,61,1,0.01,0.3,0.5,0.0025,3.15407,0.91956
23,61,1,0.01,0.3,0.5,0.0025,3.16513,0.81356
24,61,1,0.01,0.3,0.5,0.0025,3.26008,1.14694
25,61,1,0.01,0.3,0.5,0.0025,3.14448,0.88638
26,61,1,0.01,0.3,0.5,0.0025,3.15913,0.86753
27,61,1,0.01,0.3,0.5,0.0025,3.09758,0.66307
28,61,1,0.01,0.3,0.5,0.0025,3.1294,0.72728
29,61,1,0.01,0.3,0.5,0.0025,3.13052,0.84648
30,61,1,0.01,0.3,0.5,0.0025,3.124,0.68985
31,61,1,0.01,0.3,0.5,0.0025,3.30242,1.17163
32,61,1,0.01,0.3,0.5,0.0025,3.13835,0.80685
33,61,1,0.01,0.3,0.5,0.0025,3.15239,0.85957
34,61,1,0.01,0.3,0.5,0.0025,3.20058,1.03322
35,61,1,0.01,0.3,0.5,0.0025,3.13629,0.79396
36,61,1,0.01,0.3,0.5,0.0025,3.08628,0.56595
37,61,1,0.01,0.3,0.5,0.0025,3.10088,0.65605
38,61,1,0.01,0.3,0.5,0.0025,3.18439,0.96796
39,61,1,0.01,0.3,0.5,0.0025,3.19795,1.0505
40,61,1,0.01,0.3,0.5,0.0025,3.12698,0.73345
41,61,1,0.01,0.3,0.5,0.0025,3.14554,0.79315
42,61,1,0.01,0.3,0.5,0.0025,3.09799,0.63509
43,61,1,0.01,0.3,0.5,0.0025,3.23434,1.07167
44,61,1,0.01,0.3,0.5,0.0025,3.08424,0.58487
45,61,1,0.01,0.3,0.5,0.0025,3.18538,0.98855
46,61,1,0.01,0.3,0.5,0.0025,3.1902,1.04206
47,61,1,0.01,0.3,0.5,0.0025,3.15365,0.85626
48,61,1,0.01,0.3,0.5,0.0025,3.1423,0.83076
49,61,1,0.01,0.3,0.5,0.0025,3.12618,0.7944
50,61,1,0.01,0.3,0.5,0.0025,3.25531,1.16974
51,61,1,0.01,0.3,0.5,0.0025,3.22122,1.00119
52,61,1,0.01,0.3,0.5,0.0025,3.12327,0.82253
53,61,1,0.01,0.3,0.5,0.0025,3.33861,1.3935
54,61,1,0.01,0.3,0.5,0.0025,3.17259,0.86468
55,61,1,0.01,0.3,0.5,0.0025,3.52982,1.8422
56,61,1,0.01,0.3,0.5,0.0025,3.16359,0.84649
57,61,1,0.01,0.3,0.5,0.0025,3.19686,1.02157
58,61,1,0.01,0.3,0.5,0.0025,3.1683,0.90874
59,61,1,0.01,0.3,0.5,0.0025,3.16385,0.82845
60,61,1,0.01,0.3,0.5,0.0025,3.22849,1.11358
61,61,1,0.01,0.3,0.5,0.0025,3.18617,1.01068
62,61,1,0.01,0.3,0.5,0.0025,3.09804,0.63951
63,61,1,0.01,0.3,0.5,0.0025,3.20232,0.98273
64,61,1,0.01,0.3,0.5,0.0025,3.16822,0.91184
65,61,1,0.01,0.3,0.5,0.0025,3.13457,0.82793
66,61,1,0.01,0.3,0.5,0.0025,3.26765,1.22991
67,61,1,0.01,0.3,0.5,0.0025,3.12641,0.74844
68,61,1,0.01,0.3,0.5,0.0025,3.1005,0.5889
69,61,1,0.01,0.3,0.5,0.0025,3.12807,0.7242
70,61,1,0.01,0.3,0.5,0.0025,3.12966,0.85376
71,61,1,0.01,0.3,0.5,0.0025,3.16443,0.91727
72,61,1,0.01,0.3,0.5,0.0025,3.12348,0.7386
73,61,1,0.01,0.3,0.5,0.0025,3.16731,0.88491
74,61,1,0.01,0.3,0.5,0.0025,3.10681,0.74592
75,61,1,0.01,0.3,0.5,0.0025,3.11647,0.67128
76,61,1,0.01,0.3,0.5,0.0025,3.22076,1.16629
77,61,1,0.01,0.3,0.5,0.0025,3.12608,0.75937
78,61,1,0.01,0.3,0.5,0.0025,3.10955,0.66448
79,61,1,0.01,0.3,0.5,0.0025,3.40685,1.52183
80,61,1,0.01,0.3,0.5,0.0025,3.15975,0.92248
81,61,1,0.01,0.3,0.5,0.0025,3.11433,0.71273
82,61,1,0.01,0.3,0.5,0.0025,3.16941,0.88885
83,61,1,0.01,0.3,0.5,0.0025,3.17162,0.85883
84,61,1,0.01,0.3,0.5,0.0025,3.1619,0.87851
85,61,1,0.01,0.3,0.5,0.0025,3.10905,0.65701
86,61,1,0.01,0.3,0.5,0.0025,3.13521,0.77577
87,61,1,0.01,0.3,0.5,0.0025,3.1695,0.99429
88,61,1,0.01,0.3,0.5,0.0025,3.34948,1.47609
89,61,1,0.01,0.3,0.5,0.0025,3.17566,0.96428
90,61,1,0.01,0.3,0.5,0.0025,3.22137,1.18224
91,61,1,0.01,0.3,0.5,0.0025,3.07847,0.61073
92,61,1,0.01,0.3,0.5,0.0025,3.1109,0.65894
93,61,1,0.01,0.3,0.5,0.0025,3.21391,1.05167
94,61,1,0.01,0.3,0.5,0.0025,3.29346,1.36758
95,61,1,0.01,0.3,0.5,0.0025,3.18542,0.95529
96,61,1,0.01,0.3,0.5,0.0025,3.16493,0.9286
97,61,1,0.01,0.3,0.5,0.0025,3.17174,0.86803
98,61,1,0.01,0.3,0.5,0.0025,3.16451,0.86185
99,61,1,0.01,0.3,0.5,0.0025,3.175,0.92191
0,61,1,0.01,0.3,0.5,0.001,3.50688,2.3719
1,61,1,0.01,0.3,0.5,0.001,2.93675,1.28855
2,61,1,0.01,0.3,0.5,0.001,3.45978,2.28878
3,61,1,0.01,0.3,0.5,0.001,2.98616,1.34524
4,61,1,0.01,0.3,0.5,0.001,3.14258,1.80396
5,61,1,0.01,0.3,0.5,0.001,3.18627,1.77327
6,61,1,0.01,0.3,0.5,0.001,2.95486,1.32059
7,61,1,0.01,0.3,0.5,0.001,3.01793,1.44996
8,61,1,0.01,0.3,0.5,0.001,2.88943,1.19161
9,61,1,0.01,0.3,0.5,0.001,3.13271,1.68517
10,61,1,0.01,0.3,0.5,0.001,3.04493,1.45487
11,61,1,0.01,0.3,0.5,0.001,2.96793,1.42524
12,61,1,0.01,0.3,0.5,0.001,2.93176,1.20502
13,61,1,0.01,0.3,0.5,0.001,3.2771,1.93791
14,61,1,0.01,0.3,0.5,0.001,3.06406,1.51804
15,61,1,0.01,0.3,0.5,0.001,3.21237,1.8764
16,61,1,0.01,0.3,0.5,0.001,3.45308,2.28051
17,61,1,0.01,0.3,0.5,0.001,3.12334,1.66903
18,61,1,0.01,0.3,0.5,0.001,3.18347,1.73022
19,61,1,0.01,0.3,0.5,0.001,2.96084,1.38921
20,61,1,0.01,0.3,0.5,0.001,3.19479,1.72044
21,61,1,0.01,0.3,0.5,0.001,3.26795,1.98294
22,61,1,0.01,0.3,0.5,0.001,3.02552,1.52746
23,61,1,0.01,0.3,0.5,0.001,3.1718,1.66767
24,61,1,0.01,0.3,0.5,0.001,3.31109,1.97885
25,61,1,0.01,0.3,0.5,0.001,3.11416,1.71304
26,61,1,0.01,0.3,0.5,0.001,3.1049,1.60256
27,61,1,0.01,0.3,0.5,0.001,2.97444,1.43639
28,61,1,0.01,0.3,0.5,0.001,3.03071,1.3803
29,61,1,0.01,0.3,0.5,0.001,3.14281,1.74929
30,61,1,0.01,0.3,0.5,0.001,2.96493,1.31984
31,61,1,0.01,0.3,0.5,0.001,3.40088,2.00397
32,61,1,0.01,0.3,0.5,0.001,3.05098,1.55852
33,61,1,0.01,0.3,0.5,0.001,3.06267,1.57471
34,61,1,0.01,0.3,0.5,0.001,3.41033,2.20567
35,61,1,0.01,0.3,0.5,0.001,3.0007,1.44639
36,61,1,0.01,0.3,0.5,0.001,2.85541,1.08185
37,61,1,0.01,0.3,0.5,0.001,2.97938,1.40585
38,61,1,0.01,0.3,0.5,0.001,3.22995,1.82433
39,61,1,0.01,0.3,0.5,0.001,3.21542,1.90995
40,61,1,0.01,0.3,0.5,0.001,2.98841,1.42477
41,61,1,0.01,0.3,0.5,0.001,3.06698,1.47741
42,61,1,0.01,0.3,0.5,0.001,2.92966,1.28075
43,61,1,0.01,0.3,0.5,0.001,3.15366,1.61777
44,61,1,0.01,0.3,0.5,0.001,2.90361,1.227
45,61,1,0.01,0.3,0.5,0.001,3.14699,1.75812
46,61,1,0.01,0.3,0.5,0.001,3.21181,1.87783
47,61,1,0.01,0.3,0.5,0.001,3.0659,1.57198
48,61,1,0.01,0.3,0.5,0.001,3.1243,1.67234
49,61,1,0.01,0.3,0.5,0.001,3.02142,1.52357
50,61,1,0.01,0.3,0.5,0.001,3.27473,1.8972
51,61,1,0.01,0.3,0.5,0.001,3.2492,1.84698
52,61,1,0.01,0.3,0.5,0.001,3.26166,1.97786
53,61,1,0.01,0.3,0.5,0.001,3.59059,2.44658
54,61,1,0.01,0.3,0.5,0.001,3.06335,1.53162
55,61,1,0.01,0.3,0.5,0.001,4.0565,3.06462
56,61,1,0.01,0.3,0.5,0.001,3.20703,1.77888
57,61,1,0.01,0.3,0.5,0.001,3.28749,1.96174
58,61,1,0.01,0.3,0.5,0.001,3.12044,1.61619
59,61,1,0.01,0.3,0.5,0.001,2.98875,1.31245
60,61,1,0.01,0.3,0.5,0.001,3.23212,1.89788
61,61,1,0.01,0.3,0.5,0.001,3.04458,1.54179
62,61,1,0.01,0.3,0.5,0.001,2.88719,1.19411
63,61,1,0.01,0.3,0.5,0.001,3.14129,1.60595
64,61,1,0.01,0.3,0.5,0.001,3.10266,1.64987
65,61,1,0.01,0.3,0.5,0.001,3.11766,1.7196
66,61,1,0.01,0.3,0.5,0.001,3.37612,2.06469
67,61,1,0.01,0.3,0.5,0.001,2.93825,1.30145
68,61,1,0.01,0.3,0.5,0.001,2.91951,1.15183
69,61,1,0.01,0.3,0.5,0.001,3.00887,1.45319
70,61,1,0.01,0.3,0.5,0.001,3.07578,1.62808
71,61,1,0.01,0.3,0.5,0.001,3.27673,1.96621
72,61,1,0.01,0.3,0.5,0.001,2.94049,1.30408
73,61,1,0.01,0.3,0.5,0.001,3.03566,1.49982
74,61,1,0.01,0.3,0.5,0.001,2.98758,1.45373
75,61,1,0.01,0.3,0.5,0.001,2.96662,1.34083
76,61,1,0.01,0.3,0.5,0.001,3.3979,2.19768
77,61,1,0.01,0.3,0.5,0.001,2.98524,1.40965
78,61,1,0.01,0.3,0.5,0.001,2.91537,1.24804
79,61,1,0.01,0.3,0.5,0.001,3.66673,2.47331
80,61,1,0.01,0.3,0.5,0.001,3.048,1.58659
81,61,1,0.01,0.3,0.5,0.001,3.15507,1.74278
82,61,1,0.01,0.3,0.5,0.001,3.12819,1.66274
83,61,1,0.01,0.3,0.5,0.001,3.1532,1.65739
84,61,1,0.01,0.3,0.5,0.001,3.15347,1.72743
85,61,1,0.01,0.3,0.5,0.001,3.03881,1.53357
86,61,1,0.01,0.3,0.5,0.001,3.01124,1.40622
87,61,1,0.01,0.3,0.5,0.001,3.17216,1.86125
88,61,1,0.01,0.3,0.5,0.001,3.81852,2.79938
89,61,1,0.01,0.3,0.5,0.001,3.13325,1.72144
90,61,1,0.01,0.3,0.5,0.001,3.37602,2.19852
91,61,1,0.01,0.3,0.5,0.001,2.94513,1.45956
92,61,1,0.01,0.3,0.5,0.001,2.9205,1.24173
93,61,1,0.01,0.3,0.5,0.001,3.40348,2.09101
94,61,1,0.01,0.3,0.5,0.001,3.72729,2.67383
95,61,1,0.01,0.3,0.5,0.001,3.16811,1.7313
96,61,1,0.01,0.3,0.5,0.001,3.06889,1.59664
97,61,1,0.01,0.3,0.5,0.001,3.16141,1.68197
98,61,1,0.01,0.3,0.5,0.001,3.05489,1.48783
99,61,1,0.01,0.3,0.5,0.001,3.09424,1.54806
0,71,1,0.01,0.3,0.5,0.01,3.42405,0.2641
1,71,1,0.01,0.3,0.5,0.01,3.44587,0.47881
2,71,1,0.01,0.3,0.5,0.01,3.4293,0.32934
3,71,1,0.01,0.3,0.5,0.01,3.42286,0.2592
4,71,1,0.01,0.3,0.5,0.01,3.42262,0.23087
5,71,1,0.01,0.3,0.5,0.01,3.42074,0.20355
6,71,1,0.01,0.3,0.5,0.01,3.42812,0.30629
7,71,1,0.01,0.3,0.5,0.01,3.42604,0.28655
8,71,1,0.01,0.3,0.5,0.01,3.4211,0.19778
9,71,1,0.01,0.3,0.5,0.01,3.4226,0.25883
10,71,1,0.01,0.3,0.5,0.01,3.42863,0.30166
11,71,1,0.01,0.3,0.5,0.01,3.4332,0.36271
12,71,1,0.01,0.3,0.5,0.01,3.44115,0.40189
13,71,1,0.01,0.3,0.5,0.01,3.44455,0.45932
14,71,1,0.01,0.3,0.5,0.01,3.43257,0.33567
15,71,1,0.01,0.3,0.5,0.01,3.43988,0.3879
16,71,1,0.01,0.3,0.5,0.01,3.43179,0.31419
17,71,1,0.01,0.3,0.5,0.01,3.43293,0.34285
18,71,1,0.01,0.3,0.5,0.01,3.42597,0.26339
19,71,1,0.01,0.3,0.5,0.01,3.43384,0.37173
20,71,1,0.01,0.3,0.5,0.01,3.43446,0.34798
21,71,1,0.01,0.3,0.5,0.01,3.42577,0.26777
22,71,1,0.01,0.3,0.5,0.01,3.42661,0.31774
23,71,1,0.01,0.3,0.5,0.01,3.43012,0.29084
24,71,1,0.01,0.3,0.5,0.01,3.43486,0.34948
25,71,1,0.01,0.3,0.5,0.01,3.42925,0.30909
26,71,1,0.01,0.3,0.5,0.01,3.42522,0.29648
27,71,1,0.01,0.3,0.5,0.01,3.42925,0.2897
28,71,1,0.01,0.3,0.5,0.01,3.42335,0.24674
29,71,1,0.01,0.3,0.5,0.01,3.43436,0.34184
30,71,1,0.01,0.3,0.5,0.01,3.42697,0.25535
31,71,1,0.01,0.3,0.5,0.01,3.43245,0.3467
32,71,1,0.01,0.3,0.5,0.01,3.43389,0.37896
33,71,1,0.01,0.3,0.5,0.01,3.42658,0.30009
34,71,1,0.01,0.3,0.5,0.01,3.44472,0.45558
35,71,1,0.01,0.3,0.5,0.01,3.43524,0.36408
36,71,1,0.01,0.3,0.5,0.01,3.43921,0.41661
37,71,1,0.01,0.3,0.5,0.01,3.42661,0.31898
38,71,1,0.01,0.3,0.5,0.01,3.42649,0.31608
39,71,1,0.01,0.3,0.5,0.01,3.42374,0.22745
40,71,1,0.01,0.3,0.5,0.01,3.42458,0.23989
41,71,1,0.01,0.3,0.5,0.01,3.43052,0.33326
42,71,1,0.01,0.3,0.5,0.01,3.42948,0.34503
43,71,1,0.01,0.3,0.5,0.01,3.4382,0.39806
44,71,1,0.01,0.3,0.5,0.01,3.42749,0.31087
45,71,1,0.01,0.3,0.5,0.01,3.43431,0.34535
46,71,1,0.01,0.3,0.5,0.01,3.42214,0.19231
47,71,1,0.01,0.3,0.5,0.01,3.43043,0.34061
48,71,1,0.01,0.3,0.5,0.01,3.42801,0.30271
49,71,1,0.01,0.3,0.5,0.01,3.4224,0.22996
50,71,1,0.01,0.3,0.5,0.01,3.43623,0.3883
51,71,1,0.01,0.3,0.5,0.01,3.44197,0.44145
52,71,1,0.01,0.3,0.5,0.01,3.43966,0.41627
53,71,1,0.01,0.3,0.5,0.01,3.43146,0.3214
54,71,1,0.01,0.3,0.5,0.01,3.41931,0.22675
55,71,1,0.01,0.3,0.5,0.01,3.42406,0.27375
56,71,1,0.01,0.3,0.5,0.01,3.42054,0.24491
57,71,1,0.01,0.3,0.5,0.01,3.43331,0.37136
58,71,1,0.01,0.3,0.5,0.01,3.42856,0.28341
59,71,1,0.01,0.3,0.5,0.01,3.4285,0.32839
60,71,1,0.01,0.3,0.5,0.01,3.42535,0.27783
61,71,1,0.01,0.3,0.5,0.01,3.42415,0.25317
62,71,1,0.01,0.3,0.5,0.01,3.4276,0.29136
63,71,1,0.01,0.3,0.5,0.01,3.41846,0.24239
64,71,1,0.01,0.3,0.5,0.01,3.42349,0.28385
65,71,1,0.01,0.3,0.5,0.01,3.44982,0.44843
66,71,1,0.01,0.3,0.5,0.01,3.42409,0.29309
67,71,1,0.01,0.3,0.5,0.01,3.43463,0.37719
68,71,1,0.01,0.3,0.5,0.01,3.42967,0.33032
69,71,1,0.01,0.3,0.5,0.01,3.44451,0.5025
70,71,1,0.01,0.3,0.5,0.01,3.4261,0.27233
71,71,1,0.01,0.3,0.5,0.01,3.42615,0.26839
72,71,1,0.01,0.3,0.5,0.01,3.43546,0.36414
73,71,1,0.01,0.3,0.5,0.01,3.41977,0.21191
74,71,1,0.01,0.3,0.5,0.01,3.42323,0.23303
75,71,1,0.01,0.3,0.5,0.01,3.449,0.46532
76,71,1,0.01,0.3,0.5,0.01,3.42772,0.27827
77,71,1,0.01,0.3,0.5,0.01,3.42286,0.22853
78,71,1,0.01,0.3,0.5,0.01,3.4406,0.43253
79,71,1,0.01,0.3,0.5,0.01,3.42647,0.2674
80,71,1,0.01,0.3,0.5,0.01,3.42507,0.29951
81,71,1,0.01,0.3,0.5,0.01,3.42899,0.37177
82,71,1,0.01,0.3,0.5,0.01,3.43075,0.31282
83,71,1,0.01,0.3,0.5,0.01,3.44296,0.45152
84,71,1,0.01,0.3,0.5,0.01,3.42351,0.24603
85,71,1,0.01,0.3,0.5,0.01,3.44109,0.38661
86,71,1,0.01,0.3,0.5,0.01,3.43872,0.38753
87,71,1,0.01,0.3,0.5,0.01,3.42305,0.26171
88,71,1,0.01,0.3,0.5,0.01,3.4253,0.27509
89,71,1,0.01,0.3,0.5,0.01,3.4388,0.40821
90,71,1,0.01,0.3,0.5,0.01,3.4295,0.3063
91,71,1,0.01,0.3,0.5,0.01,3.44462,0.51409
92,71,1,0.01,0.3,0.5,0.01,3.43124,0.32847
93,71,1,0.01,0.3,0.5,0.01,3.42158,0.22382
94,71,1,0.01,0.3,0.5,0.01,3.42683,0.33064
95,71,1,0.01,0.3,0.5,0.01,3.43268,0.32255
96,71,1,0.01,0.3,0.5,0.01,3.43581,0.38164
97,71,1,0.01,0.3,0.5,0.01,3.44978,0.4894
98,71,1,0.01,0.3,0.5,0.01,3.42699,0.31936
99,71,1,0.01,0.3,0.5,0.01,3.43849,0.39371
0,71,1,0.01,0.3,0.5,0.0025,3.16287,0.96012
1,71,1,0.01,0.3,0.5,0.0025,3.17903,1.00519
2,71,1,0.01,0.3,0.5,0.0025,3.14976,0.89562
3,71,1,0.01,0.3,0.5,0.0025,3.10339,0.66032
4,71,1,0.01,0.3,0.5,0.0025,3.11325,0.68095
5,71,1,0.01,0.3,0.5,0.0025,3.09705,0.57669
6,71,1,0.01,0.3,0.5,0.0025,3.13743,0.79997
7,71,1,0.01,0.3,0.5,0.0025,3.12183,0.79673
8,71,1,0.01,0.3,0.5,0.0025,3.10253,0.60345
9,71,1,0.01,0.3,0.5,0.0025,3.09621,0.66379
10,71,1,0.01,0.3,0.5,0.0025,3.13079,0.76701
11,71,1,0.01,0.3,0.5,0.0025,3.15713,0.90925
12,71,1,0.01,0.3,0.5,0.0025,3.15333,0.86389
13,71,1,0.01,0.3,0.5,0.0025,3.15816,0.91325
14,71,1,0.01,0.3,0.5,0.0025,3.19147,1.11245
15,71,1,0.01,0.3,0.5,0.0025,3.16508,0.86806
16,71,1,0.01,0.3,0.5,0.0025,3.14552,0.81338
17,71,1,0.01,0.3,0.5,0.0025,3.19951,1.01671
18,71,1,0.01,0.3,0.5,0.0025,3.10555,0.66102
19,71,1,0.01,0.3,0.5,0.0025,3.15435,0.90716
20,71,1,0.01,0.3,0.5,0.0025,3.18111,0.92468
21,71,1,0.01,0.3,0.5,0.0025,3.09205,0.56179
22,71,1,0.01,0.3,0.5,0.0025,3.09715,0.69703
23,71,1,0.01,0.3,0.5,0.0025,3.18044,0.84444
24,71,1,0.01,0.3,0.5,0.0025,3.11465,0.77447
25,71,1,0.01,0.3,0.5,0.0025,3.12042,0.73286
26,71,1,0.01,0.3,0.5,0.0025,3.14676,0.89068
27,71,1,0.01,0.3,0.5,0.0025,3.14771,0.8716
28,71,1,0.01,0.3,0.5,0.0025,3.09787,0.63002
29,71,1,0.01,0.3,0.5,0.0025,3.16481,0.91164
30,71,1,0.01,0.3,0.5,0.0025,3.11276,0.68596
31,71,1,0.01,0.3,0.5,0.0025,3.21672,1.13888
32,71,1,0.01,0.3,0.5,0.0025,3.14651,0.86303
33,71,1,0.01,0.3,0.5,0.0025,3.10928,0.7217
34,71,1,0.01,0.3,0.5,0.0025,3.21129,1.01842
35,71,1,0.01,0.3,0.5,0.0025,3.13665,0.78547
36,71,1,0.01,0.3,0.5,0.0025,3.18957,1.06733
37,71,1,0.01,0.3,0.5,0.0025,3.13615,0.88555
38,71,1,0.01,0.3,0.5,0.0025,3.11567,0.77114
39,71,1,0.01,0.3,0.5,0.0025,3.08259,0.6048
40,71,1,0.01,0.3,0.5,0.0025,3.08624,0.57206
41,71,1,0.01,0.3,0.5,0.0025,3.14016,0.87739
42,71,1,0.01,0.3,0.5,0.0025,3.14407,0.868
43,71,1,0.01,0.3,0.5,0.0025,3.1743,0.9001
44,71,1,0.01,0.3,0.5,0.0025,3.17407,1.04185
45,71,1,0.01,0.3,0.5,0.0025,3.14881,0.79795
46,71,1,0.01,0.3,0.5,0.0025,3.09662,0.66698
47,71,1,0.01,0.3,0.5,0.0025,3.1318,0.76248
48,71,1,0.01,0.3,0.5,0.0025,3.10576,0.64542
49,71,1,0.01,0.3,0.5,0.0025,3.10966,0.70243
50,71,1,0.01,0.3,0.5,0.0025,3.16936,0.92166
51,71,1,0.01,0.3,0.5,0.0025,3.18011,0.96871
52,71,1,0.01,0.3,0.5,0.0025,3.13244,0.78593
53,71,1,0.01,0.3,0.5,0.0025,3.15346,0.85555
54,71,1,0.01,0.3,0.5,0.0025,3.08266,0.62835
55,71,1,0.01,0.3,0.5,0.0025,3.1175,0.75329
56,71,1,0.01,0.3,0.5,0.0025,3.08865,0.61333
57,71,1,0.01,0.3,0.5,0.0025,3.15213,0.87654
58,71,1,0.01,0.3,0.5,0.0025,3.08973,0.55725
59,71,1,0.01,0.3,0.5,0.0025,3.13774,0.90014
60,71,1,0.01,0.3,0.5,0.0025,3.08804,0.59692
61,71,1,0.01,0.3,0.5,0.0025,3.1059,0.68427
62,71,1,0.01,0.3,0.5,0.0025,3.15244,0.84077
63,71,1,0.01,0.3,0.5,0.0025,3.09749,0.65621
64,71,1,0.01,0.3,0.5,0.0025,3.12622,0.77921
65,71,1,0.01,0.3,0.5,0.0025,3.2083,1.00287
66,71,1,0.01,0.3,0.5,0.0025,3.13541,0.8771
67,71,1,0.01,0.3,0.5,0.0025,3.12563,0.78085
68,71,1,0.01,0.3,0.5,0.0025,3.11425,0.77763
69,71,1,0.01,0.3,0.5,0.0025,3.18937,1.09465
70,71,1,0.01,0.3,0.5,0.0025,3.12348,0.66488
71,71,1,0.01,0.3,0.5,0.0025,3.09745,0.65064
72,71,1,0.01,0.3,0.5,0.0025,3.19941,0.982
73,71,1,0.01,0.3,0.5,0.0025,3.07577,0.5266
74,71,1,0.01,0.3,0.5,0.0025,3.10068,0.55669
75,71,1,0.01,0.3,0.5,0.0025,3.1818,0.93312
76,71,1,0.01,0.3,0.5,0.0025,3.13435,0.80133
77,71,1,0.01,0.3,0.5,0.0025,3.08145,0.53484
78,71,1,0.01,0.3,0.5,0.0025,3.17441,0.96485
79,71,1,0.01,0.3,0.5,0.0025,3.13097,0.77498
80,71,1,0.01,0.3,0.5,0.0025,3.15011,0.81496
81,71,1,0.01,0.3,0.5,0.0025,3.15258,0.93711
82,71,1,0.01,0.3,0.5,0.0025,3.1149,0.74297
83,71,1,0.01,0.3,0.5,0.0025,3.21529,1.13624
84,71,1,0.01,0.3,0.5,0.0025,3.12669,0.77537
85,71,1,0.01,0.3,0.5,0.0025,3.16571,0.87562
86,71,1,0.01,0.3,0.5,0.0025,3.14608,0.79592
87,71,1,0.01,0.3,0.5,0.0025,3.12919,0.81858
88,71,1,0.01,0.3,0.5,0.0025,3.12989,0.77303
89,71,1,0.01,0.3,0.5,0.0025,3.16137,0.90297
90,71,1,0.01,0.3,0.5,0.0025,3.1159,0.7121
91,71,1,0.01,0.3,0.5,0.0025,3.22722,1.22497
92,71,1,0.01,0.3,0.5,0.0025,3.14935,0.83997
93,71,1,0.01,0.3,0.5,0.0025,3.11532,0.79606
94,71,1,0.01,0.3,0.5,0.0025,3.12181,0.80244
95,71,1,0.01,0.3,0.5,0.0025,3.16777,0.85649
96,71,1,0.01,0.3,0.5,0.0025,3.16698,0.92825
97,71,1,0.01,0.3,0.5,0.0025,3.2187,1.08414
98,71,1,0.01,0.3,0.5,0.0025,3.1211,0.81082
99,71,1,0.01,0.3,0.5,0.0025,3.1475,0.81416
0,71,1,0.01,0.3,0.5,0.001,3.32794,2.12829
1,71,1,0.01,0.3,0.5,0.001,3.23286,1.89379
2,71,1,0.01,0.3,0.5,0.001,3.06332,1.60672
3,71,1,0.01,0.3,0.5,0.001,2.93693,1.28599
4,71,1,0.01,0.3,0.5,0.001,3.01474,1.4841
5,71,1,0.01,0.3,0.5,0.001,2.88569,1.15736
6,71,1,0.01,0.3,0.5,0.001,3.02858,1.46415
7,71,1,0.01,0.3,0.5,0.001,3.03877,1.59585
8,71,1,0.01,0.3,0.5,0.001,2.92176,1.20173
9,71,1,0.01,0.3,0.5,0.001,2.87178,1.21528
10,71,1,0.01,0.3,0.5,0.001,2.96861,1.39113
11,71,1,0.01,0.3,0.5,0.001,3.12993,1.7448
12,71,1,0.01,0.3,0.5,0.001,3.04905,1.56157
13,71,1,0.01,0.3,0.5,0.001,3.05906,1.60393
14,71,1,0.01,0.3,0.5,0.001,3.26767,2.05627
15,71,1,0.01,0.3,0.5,0.001,2.95554,1.3069
16,71,1,0.01,0.3,0.5,0.001,2.98312,1.39201
17,71,1,0.01,0.3,0.5,0.001,3.31499,1.96586
18,71,1,0.01,0.3,0.5,0.001,2.93709,1.32016
19,71,1,0.01,0.3,0.5,0.001,3.03464,1.53303
20,71,1,0.01,0.3,0.5,0.001,3.03471,1.45809
21,71,1,0.01,0.3,0.5,0.001,2.84478,1.07011
22,71,1,0.01,0.3,0.5,0.001,2.88258,1.27735
23,71,1,0.01,0.3,0.5,0.001,3.14552,1.63145
24,71,1,0.01,0.3,0.5,0.001,2.99127,1.50426
25,71,1,0.01,0.3,0.5,0.001,2.88262,1.20054
26,71,1,0.01,0.3,0.5,0.001,3.11682,1.72209
27,71,1,0.01,0.3,0.5,0.001,3.09913,1.67323
28,71,1,0.01,0.3,0.5,0.001,2.87766,1.23283
29,71,1,0.01,0.3,0.5,0.001,3.20437,1.85323
30,71,1,0.01,0.3,0.5,0.001,2.95622,1.35583
31,71,1,0.01,0.3,0.5,0.001,3.81749,2.84372
32,71,1,0.01,0.3,0.5,0.001,3.11277,1.7144
33,71,1,0.01,0.3,0.5,0.001,2.90511,1.28886
34,71,1,0.01,0.3,0.5,0.001,3.08251,1.51163
35,71,1,0.01,0.3,0.5,0.001,2.97068,1.37092
36,71,1,0.01,0.3,0.5,0.001,3.19961,1.86392
37,71,1,0.01,0.3,0.5,0.001,3.07755,1.68917
38,71,1,0.01,0.3,0.5,0.001,2.99309,1.49184
39,71,1,0.01,0.3,0.5,0.001,2.87617,1.27386
40,71,1,0.01,0.3,0.5,0.001,2.85543,1.11319
41,71,1,0.01,0.3,0.5,0.001,3.19847,1.92652
42,71,1,0.01,0.3,0.5,0.001,3.01762,1.48609
43,71,1,0.01,0.3,0.5,0.001,3.12813,1.6306
44,71,1,0.01,0.3,0.5,0.001,3.32426,2.13757
45,71,1,0.01,0.3,0.5,0.001,3.01567,1.42761
46,71,1,0.01,0.3,0.5,0.001,3.00046,1.44703
47,71,1,0.01,0.3,0.5,0.001,2.95976,1.30205
48,71,1,0.01,0.3,0.5,0.001,2.92025,1.22672
49,71,1,0.01,0.3,0.5,0.001,2.9386,1.31675
50,71,1,0.01,0.3,0.5,0.001,3.15299,1.7132
51,71,1,0.01,0.3,0.5,0.001,3.10263,1.64933
52,71,1,0.01,0.3,0.5,0.001,2.93114,1.2921
53,71,1,0.01,0.3,0.5,0.001,3.01969,1.45805
54,71,1,0.01,0.3,0.5,0.001,2.94732,1.44555
55,71,1,0.01,0.3,0.5,0.001,2.94404,1.38024
56,71,1,0.01,0.3,0.5,0.001,2.94986,1.3412
57,71,1,0.01,0.3,0.5,0.001,3.10182,1.6029
58,71,1,0.01,0.3,0.5,0.001,2.84847,1.11878
59,71,1,0.01,0.3,0.5,0.001,3.04277,1.60778
60,71,1,0.01,0.3,0.5,0.001,2.88854,1.25172
61,71,1,0.01,0.3,0.5,0.001,2.9567,1.36051
62,71,1,0.01,0.3,0.5,0.001,3.03146,1.50519
63,71,1,0.01,0.3,0.5,0.001,2.90438,1.24066
64,71,1,0.01,0.3,0.5,0.001,2.90575,1.27371
65,71,1,0.01,0.3,0.5,0.001,3.12016,1.56516
66,71,1,0.01,0.3,0.5,0.001,3.40944,2.27685
67,71,1,0.01,0.3,0.5,0.001,2.90116,1.26342
68,71,1,0.01,0.3,0.5,0.001,3.05176,1.65723
69,71,1,0.01,0.3,0.5,0.001,3.18713,1.9214
70,71,1,0.01,0.3,0.5,0.001,2.97853,1.30224
71,71,1,0.01,0.3,0.5,0.001,2.91961,1.32503
72,71,1,0.01,0.3,0.5,0.001,3.12782,1.65093
73,71,1,0.01,0.3,0.5,0.001,2.87357,1.19407
74,71,1,0.01,0.3,0.5,0.001,2.89489,1.14198
75,71,1,0.01,0.3,0.5,0.001,3.04851,1.47776
76,71,1,0.01,0.3,0.5,0.001,3.04644,1.52776
77,71,1,0.01,0.3,0.5,0.001,2.80882,1.00103
78,71,1,0.01,0.3,0.5,0.001,3.13358,1.72605
79,71,1,0.01,0.3,0.5,0.001,3.11848,1.72186
80,71,1,0.01,0.3,0.5,0.001,3.05796,1.41366
81,71,1,0.01,0.3,0.5,0.001,3.09376,1.67175
82,71,1,0.01,0.3,0.5,0.001,2.89249,1.29717
83,71,1,0.01,0.3,0.5,0.001,3.26153,2.04551
84,71,1,0.01,0.3,0.5,0.001,3.14353,1.7234
85,71,1,0.01,0.3,0.5,0.001,3.02454,1.51819
86,71,1,0.01,0.3,0.5,0.001,2.98581,1.37731
87,71,1,0.01,0.3,0.5,0.001,3.10129,1.68092
88,71,1,0.01,0.3,0.5,0.001,2.99972,1.40436
89,71,1,0.01,0.3,0.5,0.001,3.04669,1.5163
90,71,1,0.01,0.3,0.5,0.001,2.94303,1.33888
91,71,1,0.01,0.3,0.5,0.001,3.31126,2.13343
92,71,1,0.01,0.3,0.5,0.001,2.98409,1.37932
93,71,1,0.01,0.3,0.5,0.001,3.26058,1.98697
94,71,1,0.01,0.3,0.5,0.001,3.00099,1.45326
95,71,1,0.01,0.3,0.5,0.001,3.15943,1.63271
96,71,1,0.01,0.3,0.5,0.001,3.09165,1.6596
97,71,1,0.01,0.3,0.5,0.001,3.28042,1.91465
98,71,1,0.01,0.3,0.5,0.001,3.01516,1.50896
99,71,1,0.01,0.3,0.5,0.001,2.9487,1.35507
0,84,1,0.01,0.3,0.5,0.01,3.42405,0.27545
1,84,1,0.01,0.3,0.5,0.01,3.42474,0.28588
2,84,1,0.01,0.3,0.5,0.01,3.42049,0.20325
3,84,1,0.01,0.3,0.5,0.01,3.42792,0.28541
4,84,1,0.01,0.3,0.5,0.01,3.42459,0.25626
5,84,1,0.01,0.3,0.5,0.01,3.4247,0.27742
6,84,1,0.01,0.3,0.5,0.01,3.42745,0.31591
7,84,1,0.01,0.3,0.5,0.01,3.41983,0.2162
8,84,1,0.01,0.3,0.5,0.01,3.42046,0.25144
9,84,1,0.01,0.3,0.5,0.01,3.4258,0.27885
10,84,1,0.01,0.3,0.5,0.01,3.41955,0.1953
11,84,1,0.01,0.3,0.5,0.01,3.42458,0.26468
12,84,1,0.01,0.3,0.5,0.01,3.42587,0.27927
13,84,1,0.01,0.3,0.5,0.01,3.42015,0.18803
14,84,1,0.01,0.3,0.5,0.01,3.42542,0.27347
15,84,1,0.01,0.3,0.5,0.01,3.44014,0.3809
16,84,1,0.01,0.3,0.5,0.01,3.42212,0.2342
17,84,1,0.01,0.3,0.5,0.01,3.43172,0.32966
18,84,1,0.01,0.3,0.5,0.01,3.42821,0.30281
19,84,1,0.01,0.3,0.5,0.01,3.42726,0.33384
20,84,1,0.01,0.3,0.5,0.01,3.4433,0.44576
21,84,1,0.01,0.3,0.5,0.01,3.43093,0.32815
22,84,1,0.01,0.3,0.5,0.01,3.4232,0.25643
23,84,1,0.01,0.3,0.5,0.01,3.42328,0.2657
24,84,1,0.01,0.3,0.5,0.01,3.43031,0.31931
25,84,1,0.01,0.3,0.5,0.01,3.42282,0.23396
26,84,1,0.01,0.3,0.5,0.01,3.4272,0.28889
27,84,1,0.01,0.3,0.5,0.01,3.42352,0.2771
28,84,1,0.01,0.3,0.5,0.01,3.42748,0.26485
29,84,1,0.01,0.3,0.5,0.01,3.42762,0.28865
30,84,1,0.01,0.3,0.5,0.01,3.42787,0.29176
31,84,1,0.01,0.3,0.5,0.01,3.43044,0.3447
32,84,1,0.01,0.3,0.5,0.01,3.42264,0.22934
33,84,1,0.01,0.3,0.5,0.01,3.43077,0.30796
34,84,1,0.01,0.3,0.5,0.01,3.4303,0.32564
35,84,1,0.01,0.3,0.5,0.01,3.42496,0.27026
36,84,1,0.01,0.3,0.5,0.01,3.42657,0.28745
37,84,1,0.01,0.3,0.5,0.01,3.43088,0.30863
38,84,1,0.01,0.3,0.5,0.01,3.42502,0.25132
39,84,1,0.01,0.3,0.5,0.01,3.42196,0.25005
40,84,1,0.01,0.3,0.5,0.01,3.4246,0.24026
41,84,1,0.01,0.3,0.5,0.01,3.41871,0.16521
42,84,1,0.01,0.3,0.5,0.01,3.42496,0.20284
43,84,1,0.01,0.3,0.5,0.01,3.42673,0.29429
44,84,1,0.01,0.3,0.5,0.01,3.42339,0.24817
45,84,1,0.01,0.3,0.5,0.01,3.42471,0.25909
46,84,1,0.01,0.3,0.5,0.01,3.42095,0.20636
47,84,1,0.01,0.3,0.5,0.01,3.41785,0.17844
48,84,1,0.01,0.3,0.5,0.01,3.42536,0.28671
49,84,1,0.01,0.3,0.5,0.01,3.43108,0.35374
50,84,1,0.01,0.3,0.5,0.01,3.42391,0.22091
51,84,1,0.01,0.3,0.5,0.01,3.43745,0.43719
52,84,1,0.01,0.3,0.5,0.01,3.42132,0.18098
53,84,1,0.01,0.3,0.5,0.01,3.42265,0.24162
54,84,1,0.01,0.3,0.5,0.01,3.42796,0.2885
55,84,1,0.01,0.3,0.5,0.01,3.42559,0.3228
56,84,1,0.01,0.3,0.5,0.01,3.42752,0.31418
57,84,1,0.01,0.3,0.5,0.01,3.42276,0.24649
58,84,1,0.01,0.3,0.5,0.01,3.42499,0.26376
59,84,1,0.01,0.3,0.5,0.01,3.41906,0.19513
60,84,1,0.01,0.3,0.5,0.01,3.42819,0.29425
61,84,1,0.01,0.3,0.5,0.01,3.4188,0.1633
62,84,1,0.01,0.3,0.5,0.01,3.4269,0.2721
63,84,1,0.01,0.3,0.5,0.01,3.43082,0.34553
64,84,1,0.01,0.3,0.5,0.01,3.4302,0.306
65,84,1,0.01,0.3,0.5,0.01,3.44019,0.41057
66,84,1,0.01,0.3,0.5,0.01,3.429,0.29556
67,84,1,0.01,0.3,0.5,0.01,3.4213,0.24162
68,84,1,0.01,0.3,0.5,0.01,3.42336,0.24226
69,84,1,0.01,0.3,0.5,0.01,3.42702,0.285
70,84,1,0.01,0.3,0.5,0.01,3.43728,0.34867
71,84,1,0.01,0.3,0.5,0.01,3.43303,0.37421
72,84,1,0.01,0.3,0.5,0.01,3.43077,0.32902
73,84,1,0.01,0.3,0.5,0.01,3.42385,0.28256
74,84,1,0.01,0.3,0.5,0.01,3.42236,0.22089
75,84,1,0.01,0.3,0.5,0.01,3.42312,0.21591
76,84,1,0.01,0.3,0.5,0.01,3.43443,0.36317
77,84,1,0.01,0.3,0.5,0.01,3.42002,0.19074
78,84,1,0.01,0.3,0.5,0.01,3.42693,0.2647
79,84,1,0.01,0.3,0.5,0.01,3.43233,0.35356
80,84,1,0.01,0.3,0.5,0.01,3.42997,0.31012
81,84,1,0.01,0.3,0.5,0.01,3.42625,0.29785
82,84,1,0.01,0.3,0.5,0.01,3.42629,0.2992
83,84,1,0.01,0.3,0.5,0.01,3.43207,0.32058
84,84,1,0.01,0.3,0.5,0.01,3.42841,0.3695
85,84,1,0.01,0.3,0.5,0.01,3.42014,0.20347
86,84,1,0.01,0.3,0.5,0.01,3.43098,0.32741
87,84,1,0.01,0.3,0.5,0.01,3.43364,0.35407
88,84,1,0.01,0.3,0.5,0.01,3.42437,0.25836
89,84,1,0.01,0.3,0.5,0.01,3.42561,0.29646
90,84,1,0.01,0.3,0.5,0.01,3.42462,0.23497
91,84,1,0.01,0.3,0.5,0.01,3.42224,0.23611
92,84,1,0.01,0.3,0.5,0.01,3.43159,0.35484
93,84,1,0.01,0.3,0.5,0.01,3.43393,0.3831
94,84,1,0.01,0.3,0.5,0.01,3.43001,0.29824
95,84,1,0.01,0.3,0.5,0.01,3.42541,0.26117
96,84,1,0.01,0.3,0.5,0.01,3.43519,0.35817
97,84,1,0.01,0.3,0.5,0.01,3.42892,0.31363
98,84,1,0.01,0.3,0.5,0.01,3.42456,0.26983
99,84,1,0.01,0.3,0.5,0.01,3.4279,0.2977
0,84,1,0.01,0.3,0.5,0.0025,3.10651,0.63584
1,84,1,0.01,0.3,0.5,0.0025,3.14852,0.91384
2,84,1,0.01,0.3,0.5,0.0025,3.07701,0.51794
3,84,1,0.01,0.3,0.5,0.0025,3.11365,0.7456
4,84,1,0.01,0.3,0.5,0.0025,3.11052,0.73268
5,84,1,0.01,0.3,0.5,0.0025,3.11744,0.71422
6,84,1,0.01,0.3,0.5,0.0025,3.1315,0.79226
7,84,1,0.01,0.3,0.5,0.0025,3.08127,0.58412
8,84,1,0.01,0.3,0.5,0.0025,3.09088,0.73975
9,84,1,0.01,0.3,0.5,0.0025,3.07817,0.57781
10,84,1,0.01,0.3,0.5,0.0025,3.08002,0.5948
11,84,1,0.01,0.3,0.5,0.0025,3.10774,0.71753
12,84,1,0.01,0.3,0.5,0.0025,3.10269,0.65976
13,84,1,0.01,0.3,0.5,0.0025,3.07813,0.55672
14,84,1,0.01,0.3,0.5,0.0025,3.13125,0.77839
15,84,1,0.01,0.3,0.5,0.0025,3.20012,0.91564
16,84,1,0.01,0.3,0.5,0.0025,3.08812,0.61184
17,84,1,0.01,0.3,0.5,0.0025,3.09105,0.64103
18,84,1,0.01,0.3,0.5,0.0025,3.1508,0.88878
19,84,1,0.01,0.3,0.5,0.0025,3.19038,1.09545
20,84,1,0.01,0.3,0.5,0.0025,3.16246,0.897
21,84,1,0.01,0.3,0.5,0.0025,3.10337,0.65694
22,84,1,0.01,0.3,0.5,0.0025,3.09682,0.64596
23,84,1,0.01,0.3,0.5,0.0025,3.07151,0.58697
24,84,1,0.01,0.3,0.5,0.0025,3.12259,0.75138
25,84,1,0.01,0.3,0.5,0.0025,3.07558,0.53936
26,84,1,0.01,0.3,0.5,0.0025,3.11385,0.71259
27,84,1,0.01,0.3,0.5,0.0025,3.09028,0.67716
28,84,1,0.01,0.3,0.5,0.0025,3.09257,0.61727
29,84,1,0.01,0.3,0.5,0.0025,3.10723,0.67961
30,84,1,0.01,0.3,0.5,0.0025,3.11789,0.71566
31,84,1,0.01,0.3,0.5,0.0025,3.14318,0.88319
32,84,1,0.01,0.3,0.5,0.0025,3.10371,0.71183
33,84,1,0.01,0.3,0.5,0.0025,3.11726,0.69824
34,84,1,0.01,0.3,0.5,0.0025,3.10465,0.67181
35,84,1,0.01,0.3,0.5,0.0025,3.08963,0.66288
36,84,1,0.01,0.3,0.5,0.0025,3.13409,0.84182
37,84,1,0.01,0.3,0.5,0.0025,3.09969,0.68068
38,84,1,0.01,0.3,0.5,0.0025,3.10582,0.686
39,84,1,0.01,0.3,0.5,0.0025,3.09632,0.61232
40,84,1,0.01,0.3,0.5,0.0025,3.107,0.64629
41,84,1,0.01,0.3,0.5,0.0025,3.06618,0.46719
42,84,1,0.01,0.3,0.5,0.0025,3.09991,0.58805
43,84,1,0.01,0.3,0.5,0.0025,3.10734,0.67018
44,84,1,0.01,0.3,0.5,0.0025,3.13466,0.77749
45,84,1,0.01,0.3,0.5,0.0025,3.07938,0.57681
46,84,1,0.01,0.3,0.5,0.0025,3.07137,0.4989
47,84,1,0.01,0.3,0.5,0.0025,3.0859,0.61153
48,84,1,0.01,0.3,0.5,0.0025,3.08318,0.62413
49,84,1,0.01,0.3,0.5,0.0025,3.09982,0.67188
50,84,1,0.01,0.3,0.5,0.0025,3.08816,0.57731
51,84,1,0.01,0.3,0.5,0.0025,3.15627,0.91918
52,84,1,0.01,0.3,0.5,0.0025,3.08492,0.58565
53,84,1,0.01,0.3,0.5,0.0025,3.09055,0.6626
54,84,1,0.01,0.3,0.5,0.0025,3.11736,0.71219
55,84,1,0.01,0.3,0.5,0.0025,3.10029,0.70997
56,84,1,0.01,0.3,0.5,0.0025,3.10567,0.74396
57,84,1,0.01,0.3,0.5,0.0025,3.07713,0.53164
58,84,1,0.01,0.3,0.5,0.0025,3.12579,0.71773
59,84,1,0.01,0.3,0.5,0.0025,3.07814,0.56234
60,84,1,0.01,0.3,0.5,0.0025,3.09188,0.61464
61,84,1,0.01,0.3,0.5,0.0025,3.06346,0.45058
62,84,1,0.01,0.3,0.5,0.0025,3.10217,0.64669
63,84,1,0.01,0.3,0.5,0.0025,3.11138,0.73469
64,84,1,0.01,0.3,0.5,0.0025,3.08517,0.55773
65,84,1,0.01,0.3,0.5,0.0025,3.16468,0.91507
66,84,1,0.01,0.3,0.5,0.0025,3.1142,0.74603
67,84,1,0.01,0.3,0.5,0.0025,3.17516,1.02679
68,84,1,0.01,0.3,0.5,0.0025,3.10916,0.70781
69,84,1,0.01,0.3,0.5,0.0025,3.10088,0.61472
70,84,1,0.01,0.3,0.5,0.0025,3.18622,0.95068
71,84,1,0.01,0.3,0.5,0.0025,3.123,0.78685
72,84,1,0.01,0.3,0.5,0.0025,3.11763,0.78574
73,84,1,0.01,0.3,0.5,0.0025,3.0973,0.65469
74,84,1,0.01,0.3,0.5,0.0025,3.10083,0.65486
75,84,1,0.01,0.3,0.5,0.0025,3.0876,0.61618
76,84,1,0.01,0.3,0.5,0.0025,3.12647,0.78642
77,84,1,0.01,0.3,0.5,0.0025,3.08084,0.52928
78,84,1,0.01,0.3,0.5,0.0025,3.10153,0.62591
79,84,1,0.01,0.3,0.5,0.0025,3.14543,0.85954
80,84,1,0.01,0.3,0.5,0.0025,3.11706,0.72158
81,84,1,0.01,0.3,0.5,0.0025,3.11255,0.71152
82,84,1,0.01,0.3,0.5,0.0025,3.11618,0.7712
83,84,1,0.01,0.3,0.5,0.0025,3.12372,0.69751
84,84,1,0.01,0.3,0.5,0.0025,3.11223,0.78147
85,84,1,0.01,0.3,0.5,0.0025,3.0937,0.62178
86,84,1,0.01,0.3,0.5,0.0025,3.15642,0.9876
87,84,1,0.01,0.3,0.5,0.0025,3.13145,0.79388
88,84,1,0.01,0.3,0.5,0.0025,3.09487,0.62588
89,84,1,0.01,0.3,0.5,0.0025,3.1075,0.72705
90,84,1,0.01,0.3,0.5,0.0025,3.08841,0.58448
91,84,1,0.01,0.3,0.5,0.0025,3.0928,0.66009
92,84,1,0.01,0.3,0.5,0.0025,3.13037,0.81637
93,84,1,0.01,0.3,0.5,0.0025,3.13549,0.82451
94,84,1,0.01,0.3,0.5,0.0025,3.10071,0.65592
95,84,1,0.01,0.3,0.5,0.0025,3.09712,0.67229
96,84,1,0.01,0.3,0.5,0.0025,3.11331,0.67767
97,84,1,0.01,0.3,0.5,0.0025,3.15343,0.89007
98,84,1,0.01,0.3,0.5,0.0025,3.14319,0.86887
99,84,1,0.01,0.3,0.5,0.0025,3.12892,0.74092
0,84,1,0.01,0.3,0.5,0.001,2.91721,1.2624
1,84,1,0.01,0.3,0.5,0.001,3.10835,1.67357
2,84,1,0.01,0.3,0.5,0.001,2.79952,1.0066
3,84,1,0.01,0.3,0.5,0.001,3.01075,1.48713
4,84,1,0.01,0.3,0.5,0.001,2.9916,1.43238
5,84,1,0.01,0.3,0.5,0.001,2.91316,1.27351
6,84,1,0.01,0.3,0.5,0.001,3.0355,1.50878
7,84,1,0.01,0.3,0.5,0.001,2.91192,1.34674
8,84,1,0.01,0.3,0.5,0.001,2.92066,1.43528
9,84,1,0.01,0.3,0.5,0.001,2.83563,1.15855
10,84,1,0.01,0.3,0.5,0.001,2.84496,1.15843
11,84,1,0.01,0.3,0.5,0.001,2.87445,1.25432
12,84,1,0.01,0.3,0.5,0.001,2.87209,1.20405
13,84,1,0.01,0.3,0.5,0.001,2.87014,1.15475
14,84,1,0.01,0.3,0.5,0.001,2.94096,1.33955
15,84,1,0.01,0.3,0.5,0.001,3.08552,1.51535
16,84,1,0.01,0.3,0.5,0.001,2.85037,1.15863
17,84,1,0.01,0.3,0.5,0.001,2.92193,1.39921
18,84,1,0.01,0.3,0.5,0.001,3.0985,1.69467
19,84,1,0.01,0.3,0.5,0.001,3.58259,2.53076
20,84,1,0.01,0.3,0.5,0.001,3.04138,1.53598
21,84,1,0.01,0.3,0.5,0.001,2.89222,1.20737
22,84,1,0.01,0.3,0.5,0.001,2.90997,1.30768
23,84,1,0.01,0.3,0.5,0.001,2.79071,1.04547
24,84,1,0.01,0.3,0.5,0.001,2.93816,1.32397
25,84,1,0.01,0.3,0.5,0.001,2.8172,1.05533
26,84,1,0.01,0.3,0.5,0.001,2.88781,1.23514
27,84,1,0.01,0.3,0.5,0.001,2.86258,1.20075
28,84,1,0.01,0.3,0.5,0.001,2.8581,1.16595
29,84,1,0.01,0.3,0.5,0.001,2.88887,1.23502
30,84,1,0.01,0.3,0.5,0.001,2.85755,1.14058
31,84,1,0.01,0.3,0.5,0.001,3.14131,1.78029
32,84,1,0.01,0.3,0.5,0.001,2.92878,1.34382
33,84,1,0.01,0.3,0.5,0.001,2.8802,1.16432
34,84,1,0.01,0.3,0.5,0.001,2.91925,1.32194
35,84,1,0.01,0.3,0.5,0.001,2.87173,1.28126
36,84,1,0.01,0.3,0.5,0.001,3.04071,1.56318
37,84,1,0.01,0.3,0.5,0.001,2.95048,1.3832
38,84,1,0.01,0.3,0.5,0.001,2.91703,1.31698
39,84,1,0.01,0.3,0.5,0.001,2.91602,1.16374
40,84,1,0.01,0.3,0.5,0.001,2.87265,1.14875
41,84,1,0.01,0.3,0.5,0.001,2.79984,0.96441
42,84,1,0.01,0.3,0.5,0.001,2.93934,1.26017
43,84,1,0.01,0.3,0.5,0.001,2.90434,1.23801
44,84,1,0.01,0.3,0.5,0.001,2.98909,1.39645
45,84,1,0.01,0.3,0.5,0.001,2.84112,1.10995
46,84,1,0.01,0.3,0.5,0.001,2.78909,0.93015
47,84,1,0.01,0.3,0.5,0.001,2.89863,1.24548
48,84,1,0.01,0.3,0.5,0.001,2.87138,1.23884
49,84,1,0.01,0.3,0.5,0.001,2.86465,1.20674
50,84,1,0.01,0.3,0.5,0.001,2.83296,1.08487
51,84,1,0.01,0.3,0.5,0.001,2.99694,1.4583
52,84,1,0.01,0.3,0.5,0.001,3.01423,1.49067
53,84,1,0.01,0.3,0.5,0.001,2.88378,1.29951
54,84,1,0.01,0.3,0.5,0.001,2.9482,1.37103
55,84,1,0.01,0.3,0.5,0.001,2.88924,1.24547
56,84,1,0.01,0.3,0.5,0.001,2.8754,1.29044
57,84,1,0.01,0.3,0.5,0.001,2.84201,1.08884
58,84,1,0.01,0.3,0.5,0.001,2.95233,1.23757
59,84,1,0.01,0.3,0.5,0.001,2.8441,1.1261
60,84,1,0.01,0.3,0.5,0.001,2.80575,1.07032
61,84,1,0.01,0.3,0.5,0.001,2.76392,0.90533
62,84,1,0.01,0.3,0.5,0.001,2.90174,1.23747
63,84,1,0.01,0.3,0.5,0.001,2.97702,1.46331
64,84,1,0.01,0.3,0.5,0.001,2.80644,0.99719
65,84,1,0.01,0.3,0.5,0.001,3.05108,1.55326
66,84,1,0.01,0.3,0.5,0.001,2.879,1.23999
67,84,1,0.01,0.3,0.5,0.001,3.37851,2.21905
68,84,1,0.01,0.3,0.5,0.001,2.96507,1.39801
69,84,1,0.01,0.3,0.5,0.001,2.85158,1.12933
70,84,1,0.01,0.3,0.5,0.001,3.14135,1.65601
71,84,1,0.01,0.3,0.5,0.001,2.94447,1.37228
72,84,1,0.01,0.3,0.5,0.001,2.97313,1.49184
73,84,1,0.01,0.3,0.5,0.001,2.84769,1.12701
74,84,1,0.01,0.3,0.5,0.001,2.84651,1.11967
75,84,1,0.01,0.3,0.5,0.001,2.90976,1.26483
76,84,1,0.01,0.3,0.5,0.001,2.92663,1.36145
77,84,1,0.01,0.3,0.5,0.001,2.88749,1.14627
78,84,1,0.01,0.3,0.5,0.001,2.84955,1.14421
79,84,1,0.01,0.3,0.5,0.001,3.13507,1.75152
80,84,1,0.01,0.3,0.5,0.001,2.90522,1.26206
81,84,1,0.01,0.3,0.5,0.001,2.96975,1.40186
82,84,1,0.01,0.3,0.5,0.001,2.94281,1.38457
83,84,1,0.01,0.3,0.5,0.001,2.94315,1.30091
84,84,1,0.01,0.3,0.5,0.001,2.9713,1.40977
85,84,1,0.01,0.3,0.5,0.001,2.87405,1.1355
86,84,1,0.01,0.3,0.5,0.001,3.20242,1.98952
87,84,1,0.01,0.3,0.5,0.001,2.95299,1.37139
88,84,1,0.01,0.3,0.5,0.001,2.8651,1.17589
89,84,1,0.01,0.3,0.5,0.001,2.88825,1.28785
90,84,1,0.01,0.3,0.5,0.001,2.8518,1.13876
91,84,1,0.01,0.3,0.5,0.001,2.90194,1.30987
92,84,1,0.01,0.3,0.5,0.001,2.99957,1.50442
93,84,1,0.01,0.3,0.5,0.001,2.93913,1.37134
94,84,1,0.01,0.3,0.5,0.001,2.87611,1.19502
95,84,1,0.01,0.3,0.5,0.001,2.85897,1.22741
96,84,1,0.01,0.3,0.5,0.001,2.89777,1.19877
97,84,1,0.01,0.3,0.5,0.001,3.02606,1.53539
98,84,1,0.01,0.3,0.5,0.001,3.0565,1.59988
99,84,1,0.01,0.3,0.5,0.001,2.89258,1.16202
0,100,1,0.01,0.3,0.5,0.01,3.42467,0.2364
1,100,1,0.01,0.3,0.5,0.01,3.42265,0.23342
2,100,1,0.01,0.3,0.5,0.01,3.42033,0.20879
3,100,1,0.01,0.3,0.5,0.01,3.42288,0.2294
4,100,1,0.01,0.3,0.5,0.01,3.43879,0.39989
5,100,1,0.01,0.3,0.5,0.01,3.42624,0.28689
6,100,1,0.01,0.3,0.5,0.01,3.42143,0.22048
7,100,1,0.01,0.3,0.5,0.01,3.42518,0.28406
8,100,1,0.01,0.3,0.5,0.01,3.42541,0.28146
9,100,1,0.01,0.3,0.5,0.01,3.41998,0.1829
10,100,1,0.01,0.3,0.5,0.01,3.42223,0.20247
11,100,1,0.01,0.3,0.5,0.01,3.42655,0.25237
12,100,1,0.01,0.3,0.5,0.01,3.43571,0.35519
13,100,1,0.01,0.3,0.5,0.01,3.42651,0.27917
14,100,1,0.01,0.3,0.5,0.01,3.42589,0.28839
15,100,1,0.01,0.3,0.5,0.01,3.42386,0.22683
16,100,1,0.01,0.3,0.5,0.01,3.42665,0.28882
17,100,1,0.01,0.3,0.5,0.01,3.42331,0.21919
18,100,1,0.01,0.3,0.5,0.01,3.42859,0.2735
19,100,1,0.01,0.3,0.5,0.01,3.42206,0.216
20,100,1,0.01,0.3,0.5,0.01,3.41906,0.17826
21,100,1,0.01,0.3,0.5,0.01,3.4227,0.24643
22,100,1,0.01,0.3,0.5,0.01,3.42053,0.21111
23,100,1,0.01,0.3,0.5,0.01,3.42018,0.18164
24,100,1,0.01,0.3,0.5,0.01,3.42097,0.20497
25,100,1,0.01,0.3,0.5,0.01,3.42501,0.2512
26,100,1,0.01,0.3,0.5,0.01,3.42413,0.23064
27,100,1,0.01,0.3,0.5,0.01,3.42702,0.27731
28,100,1,0.01,0.3,0.5,0.01,3.43518,0.41636
29,100,1,0.01,0.3,0.5,0.01,3.41815,0.17883
30,100,1,0.01,0.3,0.5,0.01,3.42231,0.23455
31,100,1,0.01,0.3,0.5,0.01,3.42326,0.24874
32,100,1,0.01,0.3,0.5,0.01,3.43452,0.34282
33,100,1,0.01,0.3,0.5,0.01,3.42408,0.2423
34,100,1,0.01,0.3,0.5,0.01,3.42356,0.2219
35,100,1,0.01,0.3,0.5,0.01,3.4302,0.31174
36,100,1,0.01,0.3,0.5,0.01,3.42203,0.20784
37,100,1,0.01,0.3,0.5,0.01,3.43099,0.32467
38,100,1,0.01,0.3,0.5,0.01,3.43149,0.34549
39,100,1,0.01,0.3,0.5,0.01,3.42477,0.21708
40,100,1,0.01,0.3,0.5,0.01,3.43966,0.41744
41,100,1,0.01,0.3,0.5,0.01,3.41953,0.19941
42,100,1,0.01,0.3,0.5,0.01,3.42972,0.28515
43,100,1,0.01,0.3,0.5,0.01,3.42594,0.29042
44,100,1,0.01,0.3,0.5,0.01,3.43432,0.35715
45,100,1,0.01,0.3,0.5,0.01,3.42185,0.19982
46,100,1,0.01,0.3,0.5,0.01,3.43009,0.30752
47,100,1,0.01,0.3,0.5,0.01,3.42283,0.2511
48,100,1,0.01,0.3,0.5,0.01,3.42368,0.22162
49,100,1,0.01,0.3,0.5,0.01,3.42248,0.21942
50,100,1,0.01,0.3,0.5,0.01,3.43493,0.39529
51,100,1,0.01,0.3,0.5,0.01,3.4257,0.23863
52,100,1,0.01,0.3,0.5,0.01,3.42251,0.23309
53,100,1,0.01,0.3,0.5,0.01,3.42473,0.23984
54,100,1,0.01,0.3,0.5,0.01,3.42332,0.25113
55,100,1,0.01,0.3,0.5,0.01,3.42183,0.23653
56,100,1,0.01,0.3,0.5,0.01,3.42028,0.21042
57,100,1,0.01,0.3,0.5,0.01,3.4339,0.40857
58,100,1,0.01,0.3,0.5,0.01,3.42063,0.22698
59,100,1,0.01,0.3,0.5,0.01,3.42104,0.20861
60,100,1,0.01,0.3,0.5,0.01,3.43139,0.31622
61,100,1,0.01,0.3,0.5,0.01,3.41843,0.19204
62,100,1,0.01,0.3,0.5,0.01,3.43012,0.28508
63,100,1,0.01,0.3,0.5,0.01,3.41865,0.18351
64,100,1,0.01,0.3,0.5,0.01,3.42148,0.20167
65,100,1,0.01,0.3,0.5,0.01,3.42261,0.22524
66,100,1,0.01,0.3,0.5,0.01,3.42007,0.17753
67,100,1,0.01,0.3,0.5,0.01,3.42385,0.2442
68,100,1,0.01,0.3,0.5,0.01,3.42646,0.31635
69,100,1,0.01,0.3,0.5,0.01,3.42618,0.28971
70,100,1,0.01,0.3,0.5,0.01,3.42076,0.19794
71,100,1,0.01,0.3,0.5,0.01,3.42334,0.24284
72,100,1,0.01,0.3,0.5,0.01,3.42372,0.253
73,100,1,0.01,0.3,0.5,0.01,3.42513,0.23419
74,100,1,0.01,0.3,0.5,0.01,3.42278,0.21674
75,100,1,0.01,0.3,0.5,0.01,3.44827,0.51102
76,100,1,0.01,0.3,0.5,0.01,3.42027,0.22001
77,100,1,0.01,0.3,0.5,0.01,3.42471,0.26238
78,100,1,0.01,0.3,0.5,0.01,3.4227,0.23044
79,100,1,0.01,0.3,0.5,0.01,3.42419,0.26144
80,100,1,0.01,0.3,0.5,0.01,3.42425,0.25618
81,100,1,0.01,0.3,0.5,0.01,3.42205,0.26198
82,100,1,0.01,0.3,0.5,0.01,3.42156,0.23724
83,100,1,0.01,0.3,0.5,0.01,3.42032,0.24907
84,100,1,0.01,0.3,0.5,0.01,3.42374,0.26374
85,100,1,0.01,0.3,0.5,0.01,3.4303,0.31288
86,100,1,0.01,0.3,0.5,0.01,3.41898,0.21247
87,100,1,0.01,0.3,0.5,0.01,3.42428,0.24756
88,100,1,0.01,0.3,0.5,0.01,3.42486,0.24543
89,100,1,0.01,0.3,0.5,0.01,3.42054,0.17545
90,100,1,0.01,0.3,0.5,0.01,3.41704,0.13347
91,100,1,0.01,0.3,0.5,0.01,3.42867,0.29033
92,100,1,0.01,0.3,0.5,0.01,3.42738,0.27828
93,100,1,0.01,0.3,0.5,0.01,3.42182,0.20634
94,100,1,0.01,0.3,0.5,0.01,3.4185,0.1757
95,100,1,0.01,0.3,0.5,0.01,3.41876,0.18912
96,100,1,0.01,0.3,0.5,0.01,3.42175,0.26586
97,100,1,0.01,0.3,0.5,0.01,3.42797,0.31147
98,100,1,0.01,0.3,0.5,0.01,3.41717,0.16959
99,100,1,0.01,0.3,0.5,0.01,3.42688,0.28967
0,100,1,0.01,0.3,0.5,0.0025,3.06845,0.4918
1,100,1,0.01,0.3,0.5,0.0025,3.09212,0.64844
2,100,1,0.01,0.3,0.5,0.0025,3.10954,0.73025
3,100,1,0.01,0.3,0.5,0.0025,3.08275,0.5878
4,100,1,0.01,0.3,0.5,0.0025,3.1367,0.8006
5,100,1,0.01,0.3,0.5,0.0025,3.10817,0.6789
6,100,1,0.01,0.3,0.5,0.0025,3.08645,0.56884
7,100,1,0.01,0.3,0.5,0.0025,3.07879,0.63907
8,100,1,0.01,0.3,0.5,0.0025,3.10322,0.68771
9,100,1,0.01,0.3,0.5,0.0025,3.09303,0.55241
10,100,1,0.01,0.3,0.5,0.0025,3.07593,0.44741
11,100,1,0.01,0.3,0.5,0.0025,3.11604,0.70924
12,100,1,0.01,0.3,0.5,0.0025,3.16136,0.9234
13,100,1,0.01,0.3,0.5,0.0025,3.08416,0.56236
14,100,1,0.01,0.3,0.5,0.0025,3.09093,0.6158
15,100,1,0.01,0.3,0.5,0.0025,3.09065,0.59046
16,100,1,0.01,0.3,0.5,0.0025,3.08596,0.59969
17,100,1,0.01,0.3,0.5,0.0025,3.09599,0.60123
18,100,1,0.01,0.3,0.5,0.0025,3.1211,0.72755
19,100,1,0.01,0.3,0.5,0.0025,3.06953,0.5248
20,100,1,0.01,0.3,0.5,0.0025,3.0648,0.48324
21,100,1,0.01,0.3,0.5,0.0025,3.07474,0.60457
22,100,1,0.01,0.3,0.5,0.0025,3.0742,0.53439
23,100,1,0.01,0.3,0.5,0.0025,3.06932,0.46966
24,100,1,0.01,0.3,0.5,0.0025,3.06151,0.46028
25,100,1,0.01,0.3,0.5,0.0025,3.0777,0.51159
26,100,1,0.01,0.3,0.5,0.0025,3.08909,0.56831
27,100,1,0.01,0.3,0.5,0.0025,3.08634,0.58445
28,100,1,0.01,0.3,0.5,0.0025,3.20676,1.12108
29,100,1,0.01,0.3,0.5,0.0025,3.07973,0.56623
30,100,1,0.01,0.3,0.5,0.0025,3.0727,0.51
31,100,1,0.01,0.3,0.5,0.0025,3.08268,0.58296
32,100,1,0.01,0.3,0.5,0.0025,3.10529,0.66902
33,100,1,0.01,0.3,0.5,0.0025,3.07234,0.51895
34,100,1,0.01,0.3,0.5,0.0025,3.09569,0.64006
35,100,1,0.01,0.3,0.5,0.0025,3.10015,0.6587
36,100,1,0.01,0.3,0.5,0.0025,3.07678,0.53745
37,100,1,0.01,0.3,0.5,0.0025,3.11581,0.72732
38,100,1,0.01,0.3,0.5,0.0025,3.18991,1.07047
39,100,1,0.01,0.3,0.5,0.0025,3.06556,0.44799
40,100,1,0.01,0.3,0.5,0.0025,3.15581,0.90363
41,100,1,0.01,0.3,0.5,0.0025,3.0777,0.58043
42,100,1,0.01,0.3,0.5,0.0025,3.10174,0.654
43,100,1,0.01,0.3,0.5,0.0025,3.09119,0.64611
44,100,1,0.01,0.3,0.5,0.0025,3.13227,0.86043
45,100,1,0.01,0.3,0.5,0.0025,3.08963,0.55748
46,100,1,0.01,0.3,0.5,0.0025,3.12387,0.7447
47,100,1,0.01,0.3,0.5,0.0025,3.08679,0.63819
48,100,1,0.01,0.3,0.5,0.0025,3.07452,0.54234
49,100,1,0.01,0.3,0.5,0.0025,3.07731,0.52595
50,100,1,0.01,0.3,0.5,0.0025,3.24257,1.22872
51,100,1,0.01,0.3,0.5,0.0025,3.10045,0.61583
52,100,1,0.01,0.3,0.5,0.0025,3.06448,0.45549
53,100,1,0.01,0.3,0.5,0.0025,3.10017,0.69635
54,100,1,0.01,0.3,0.5,0.0025,3.08122,0.57017
55,100,1,0.01,0.3,0.5,0.0025,3.06437,0.49059
56,100,1,0.01,0.3,0.5,0.0025,3.0801,0.6514
57,100,1,0.01,0.3,0.5,0.0025,3.12111,0.8245
58,100,1,0.01,0.3,0.5,0.0025,3.06711,0.51842
59,100,1,0.01,0.3,0.5,0.0025,3.07139,0.49928
60,100,1,0.01,0.3,0.5,0.0025,3.10554,0.73138
61,100,1,0.01,0.3,0.5,0.0025,3.07086,0.53876
62,100,1,0.01,0.3,0.5,0.0025,3.1001,0.59515
63,100,1,0.01,0.3,0.5,0.0025,3.06157,0.44842
64,100,1,0.01,0.3,0.5,0.0025,3.08233,0.5216
65,100,1,0.01,0.3,0.5,0.0025,3.06321,0.4657
66,100,1,0.01,0.3,0.5,0.0025,3.08264,0.56202
67,100,1,0.01,0.3,0.5,0.0025,3.08594,0.59322
68,100,1,0.01,0.3,0.5,0.0025,3.11752,0.78179
69,100,1,0.01,0.3,0.5,0.0025,3.09015,0.60531
70,100,1,0.01,0.3,0.5,0.0025,3.07049,0.49107
71,100,1,0.01,0.3,0.5,0.0025,3.10854,0.7609
72,100,1,0.01,0.3,0.5,0.0025,3.07685,0.52081
73,100,1,0.01,0.3,0.5,0.0025,3.09926,0.6078
74,100,1,0.01,0.3,0.5,0.0025,3.08128,0.5074
75,100,1,0.01,0.3,0.5,0.0025,3.15647,0.92852
76,100,1,0.01,0.3,0.5,0.0025,3.08654,0.65774
77,100,1,0.01,0.3,0.5,0.0025,3.09617,0.62882
78,100,1,0.01,0.3,0.5,0.0025,3.09013,0.59982
79,100,1,0.01,0.3,0.5,0.0025,3.08732,0.62491
80,100,1,0.01,0.3,0.5,0.0025,3.08569,0.5685
81,100,1,0.01,0.3,0.5,0.0025,3.09852,0.72459
82,100,1,0.01,0.3,0.5,0.0025,3.09497,0.65982
83,100,1,0.01,0.3,0.5,0.0025,3.09854,0.72494
84,100,1,0.01,0.3,0.5,0.0025,3.09295,0.59518
85,100,1,0.01,0.3,0.5,0.0025,3.09661,0.58657
86,100,1,0.01,0.3,0.5,0.0025,3.07178,0.51517
87,100,1,0.01,0.3,0.5,0.0025,3.06849,0.56503
88,100,1,0.01,0.3,0.5,0.0025,3.1201,0.72905
89,100,1,0.01,0.3,0.5,0.0025,3.08484,0.51893
90,100,1,0.01,0.3,0.5,0.0025,3.05549,0.42855
91,100,1,0.01,0.3,0.5,0.0025,3.12332,0.75684
92,100,1,0.01,0.3,0.5,0.0025,3.10319,0.62198
93,100,1,0.01,0.3,0.5,0.0025,3.07791,0.58122
94,100,1,0.01,0.3,0.5,0.0025,3.08478,0.60797
95,100,1,0.01,0.3,0.5,0.0025,3.05736,0.47149
96,100,1,0.01,0.3,0.5,0.0025,3.12633,0.8853
97,100,1,0.01,0.3,0.5,0.0025,3.07883,0.60663
98,100,1,0.01,0.3,0.5,0.0025,3.0625,0.48643
99,100,1,0.01,0.3,0.5,0.0025,3.10011,0.633
0,100,1,0.01,0.3,0.5,0.001,2.77205,0.97576
1,100,1,0.01,0.3,0.5,0.001,2.85999,1.18213
2,100,1,0.01,0.3,0.5,0.001,3.0147,1.48598
3,100,1,0.01,0.3,0.5,0.001,2.794,1.04567
4,100,1,0.01,0.3,0.5,0.001,2.91941,1.31756
5,100,1,0.01,0.3,0.5,0.001,2.87125,1.19397
6,100,1,0.01,0.3,0.5,0.001,2.84725,1.0941
7,100,1,0.01,0.3,0.5,0.001,2.87025,1.28234
8,100,1,0.01,0.3,0.5,0.001,2.88113,1.20165
9,100,1,0.01,0.3,0.5,0.001,2.85417,1.07663
10,100,1,0.01,0.3,0.5,0.001,2.78374,0.83398
11,100,1,0.01,0.3,0.5,0.001,2.98495,1.40771
12,100,1,0.01,0.3,0.5,0.001,3.22884,1.96402
13,100,1,0.01,0.3,0.5,0.001,2.82753,1.0601
14,100,1,0.01,0.3,0.5,0.001,2.80017,1.00824
15,100,1,0.01,0.3,0.5,0.001,2.80599,1.00965
16,100,1,0.01,0.3,0.5,0.001,2.80957,1.03561
17,100,1,0.01,0.3,0.5,0.001,2.91734,1.28756
18,100,1,0.01,0.3,0.5,0.001,2.90141,1.23969
19,100,1,0.01,0.3,0.5,0.001,2.80013,1.06257
20,100,1,0.01,0.3,0.5,0.001,2.74091,0.87918
21,100,1,0.01,0.3,0.5,0.001,2.78516,1.06242
22,100,1,0.01,0.3,0.5,0.001,2.78053,0.99372
23,100,1,0.01,0.3,0.5,0.001,2.762,0.87084
24,100,1,0.01,0.3,0.5,0.001,2.73803,0.88549
25,100,1,0.01,0.3,0.5,0.001,2.7569,0.85534
26,100,1,0.01,0.3,0.5,0.001,2.826,1.03195
27,100,1,0.01,0.3,0.5,0.001,2.82253,1.09752
28,100,1,0.01,0.3,0.5,0.001,3.327,2.12256
29,100,1,0.01,0.3,0.5,0.001,2.8067,1.04251
30,100,1,0.01,0.3,0.5,0.001,2.78393,0.96395
31,100,1,0.01,0.3,0.5,0.001,2.83969,1.09663
32,100,1,0.01,0.3,0.5,0.001,2.85499,1.13564
33,100,1,0.01,0.3,0.5,0.001,2.77826,0.97382
34,100,1,0.01,0.3,0.5,0.001,2.89053,1.26689
35,100,1,0.01,0.3,0.5,0.001,2.90421,1.25162
36,100,1,0.01,0.3,0.5,0.001,2.85304,1.24726
37,100,1,0.01,0.3,0.5,0.001,2.92526,1.32465
38,100,1,0.01,0.3,0.5,0.001,3.18264,1.88462
39,100,1,0.01,0.3,0.5,0.001,2.77328,0.95325
40,100,1,0.01,0.3,0.5,0.001,2.96817,1.48646
41,100,1,0.01,0.3,0.5,0.001,2.83178,1.1986
42,100,1,0.01,0.3,0.5,0.001,2.87457,1.20381
43,100,1,0.01,0.3,0.5,0.001,2.81759,1.11539
44,100,1,0.01,0.3,0.5,0.001,2.98384,1.51219
45,100,1,0.01,0.3,0.5,0.001,2.88572,1.20092
46,100,1,0.01,0.3,0.5,0.001,2.91275,1.25645
47,100,1,0.01,0.3,0.5,0.001,2.83179,1.13061
48,100,1,0.01,0.3,0.5,0.001,2.80644,1.04087
49,100,1,0.01,0.3,0.5,0.001,2.81298,1.0179
50,100,1,0.01,0.3,0.5,0.001,3.35306,2.12707
51,100,1,0.01,0.3,0.5,0.001,2.82422,1.01011
52,100,1,0.01,0.3,0.5,0.001,2.74942,0.87605
53,100,1,0.01,0.3,0.5,0.001,2.90679,1.26921
54,100,1,0.01,0.3,0.5,0.001,2.76793,0.93911
55,100,1,0.01,0.3,0.5,0.001,2.75747,0.94638
56,100,1,0.01,0.3,0.5,0.001,2.89389,1.3485
57,100,1,0.01,0.3,0.5,0.001,2.88033,1.2941
58,100,1,0.01,0.3,0.5,0.001,2.76615,0.93738
59,100,1,0.01,0.3,0.5,0.001,2.7854,0.9447
60,100,1,0.01,0.3,0.5,0.001,2.90092,1.31564
61,100,1,0.01,0.3,0.5,0.001,2.79187,1.04437
62,100,1,0.01,0.3,0.5,0.001,2.84882,1.04468
63,100,1,0.01,0.3,0.5,0.001,2.76934,0.94021
64,100,1,0.01,0.3,0.5,0.001,2.79407,0.92696
65,100,1,0.01,0.3,0.5,0.001,2.74866,0.86524
66,100,1,0.01,0.3,0.5,0.001,2.862,1.15606
67,100,1,0.01,0.3,0.5,0.001,2.83956,1.13514
68,100,1,0.01,0.3,0.5,0.001,2.91055,1.28083
69,100,1,0.01,0.3,0.5,0.001,2.85599,1.16665
70,100,1,0.01,0.3,0.5,0.001,2.74843,0.92456
71,100,1,0.01,0.3,0.5,0.001,2.92556,1.37527
72,100,1,0.01,0.3,0.5,0.001,2.76766,0.88994
73,100,1,0.01,0.3,0.5,0.001,2.84668,1.06128
74,100,1,0.01,0.3,0.5,0.001,2.80276,1.00767
75,100,1,0.01,0.3,0.5,0.001,2.99653,1.50868
76,100,1,0.01,0.3,0.5,0.001,2.83655,1.19683
77,100,1,0.01,0.3,0.5,0.001,2.86001,1.16426
78,100,1,0.01,0.3,0.5,0.001,2.85677,1.09743
79,100,1,0.01,0.3,0.5,0.001,2.8182,1.07582
80,100,1,0.01,0.3,0.5,0.001,2.85623,1.14289
81,100,1,0.01,0.3,0.5,0.001,2.88552,1.30468
82,100,1,0.01,0.3,0.5,0.001,2.89028,1.28102
83,100,1,0.01,0.3,0.5,0.001,3.02942,1.58148
84,100,1,0.01,0.3,0.5,0.001,2.83808,1.09227
85,100,1,0.01,0.3,0.5,0.001,2.82983,1.07315
86,100,1,0.01,0.3,0.5,0.001,2.80866,1.05462
87,100,1,0.01,0.3,0.5,0.001,2.78849,1.03489
88,100,1,0.01,0.3,0.5,0.001,2.97222,1.39879
89,100,1,0.01,0.3,0.5,0.001,2.82624,0.96758
90,100,1,0.01,0.3,0.5,0.001,2.74978,0.90861
91,100,1,0.01,0.3,0.5,0.001,2.98946,1.43532
92,100,1,0.01,0.3,0.5,0.001,2.82253,1.01626
93,100,1,0.01,0.3,0.5,0.001,2.88263,1.25879
94,100,1,0.01,0.3,0.5,0.001,2.87311,1.20591
95,100,1,0.01,0.3,0.5,0.001,2.76734,0.98611
96,100,1,0.01,0.3,0.5,0.001,2.99497,1.57267
97,100,1,0.01,0.3,0.5,0.001,2.77037,1.00425
98,100,1,0.01,0.3,0.5,0.001,2.77571,1.03222
99,100,1,0.01,0.3,0.5,0.001,2.82854,1.04184
0,117,1,0.01,0.3,0.5,0.01,3.41982,0.24603
1,117,1,0.01,0.3,0.5,0.01,3.42253,0.25052
2,117,1,0.01,0.3,0.5,0.01,3.41742,0.21076
3,117,1,0.01,0.3,0.5,0.01,3.41857,0.1907
4,117,1,0.01,0.3,0.5,0.01,3.41989,0.2057
5,117,1,0.01,0.3,0.5,0.01,3.42013,0.22117
6,117,1,0.01,0.3,0.5,0.01,3.42282,0.26149
7,117,1,0.01,0.3,0.5,0.01,3.41933,0.22255
8,117,1,0.01,0.3,0.5,0.01,3.42213,0.22789
9,117,1,0.01,0.3,0.5,0.01,3.43527,0.38676
10,117,1,0.01,0.3,0.5,0.01,3.41647,0.15457
11,117,1,0.01,0.3,0.5,0.01,3.417,0.1928
12,117,1,0.01,0.3,0.5,0.01,3.42215,0.22003
13,117,1,0.01,0.3,0.5,0.01,3.41923,0.18596
14,117,1,0.01,0.3,0.5,0.01,3.43119,0.34848
15,117,1,0.01,0.3,0.5,0.01,3.41911,0.2046
16,117,1,0.01,0.3,0.5,0.01,3.42707,0.30857
17,117,1,0.01,0.3,0.5,0.01,3.42352,0.24225
18,117,1,0.01,0.3,0.5,0.01,3.41591,0.13034
19,117,1,0.01,0.3,0.5,0.01,3.42981,0.34568
20,117,1,0.01,0.3,0.5,0.01,3.41817,0.18311
21,117,1,0.01,0.3,0.5,0.01,3.42763,0.30946
22,117,1,0.01,0.3,0.5,0.01,3.4261,0.27853
23,117,1,0.01,0.3,0.5,0.01,3.42003,0.20427
24,117,1,0.01,0.3,0.5,0.01,3.42932,0.36003
25,117,1,0.01,0.3,0.5,0.01,3.42013,0.20805
26,117,1,0.01,0.3,0.5,0.01,3.42005,0.24004
27,117,1,0.01,0.3,0.5,0.01,3.41934,0.22672
28,117,1,0.01,0.3,0.5,0.01,3.42354,0.26442
29,117,1,0.01,0.3,0.5,0.01,3.43179,0.35274
30,117,1,0.01,0.3,0.5,0.01,3.42351,0.23872
31,117,1,0.01,0.3,0.5,0.01,3.41829,0.17141
32,117,1,0.01,0.3,0.5,0.01,3.41816,0.19202
33,117,1,0.01,0.3,0.5,0.01,3.41911,0.21385
34,117,1,0.01,0.3,0.5,0.01,3.42377,0.23927
35,117,1,0.01,0.3,0.5,0.01,3.4203,0.22997
36,117,1,0.01,0.3,0.5,0.01,3.4194,0.20683
37,117,1,0.01,0.3,0.5,0.01,3.41686,0.14303
38,117,1,0.01,0.3,0.5,0.01,3.42478,0.27413
39,117,1,0.01,0.3,0.5,0.01,3.42302,0.24991
40,117,1,0.01,0.3,0.5,0.01,3.42204,0.2312
41,117,1,0.01,0.3,0.5,0.01,3.41874,0.20789
42,117,1,0.01,0.3,0.5,0.01,3.41659,0.17889
43,117,1,0.01,0.3,0.5,0.01,3.41782,0.19708
44,117,1,0.01,0.3,0.5,0.01,3.42183,0.22523
45,117,1,0.01,0.3,0.5,0.01,3.4277,0.301
46,117,1,0.01,0.3,0.5,0.01,3.42872,0.32941
47,117,1,0.01,0.3,0.5,0.01,3.43248,0.35063
48,117,1,0.01,0.3,0.5,0.01,3.41558,0.13901
49,117,1,0.01,0.3,0.5,0.01,3.421,0.20156
50,117,1,0.01,0.3,0.5,0.01,3.42068,0.23777
51,117,1,0.01,0.3,0.5,0.01,3.42479,0.26382
52,117,1,0.01,0.3,0.5,0.01,3.41909,0.20333
53,117,1,0.01,0.3,0.5,0.01,3.41998,0.20273
54,117,1,0.01,0.3,0.5,0.01,3.42262,0.25563
55,117,1,0.01,0.3,0.5,0.01,3.42239,0.23358
56,117,1,0.01,0.3,0.5,0.01,3.42374,0.24377
57,117,1,0.01,0.3,0.5,0.01,3.42236,0.2467
58,117,1,0.01,0.3,0.5,0.01,3.42129,0.235
59,117,1,0.01,0.3,0.5,0.01,3.41797,0.17365
60,117,1,0.01,0.3,0.5,0.01,3.4199,0.26167
61,117,1,0.01,0.3,0.5,0.01,3.41789,0.18572
62,117,1,0.01,0.3,0.5,0.01,3.42301,0.24974
63,117,1,0.01,0.3,0.5,0.01,3.42138,0.22792
64,117,1,0.01,0.3,0.5,0.01,3.4185,0.20987
65,117,1,0.01,0.3,0.5,0.01,3.4315,0.34799
66,117,1,0.01,0.3,0.5,0.01,3.41919,0.19278
67,117,1,0.01,0.3,0.5,0.01,3.42276,0.27706
68,117,1,0.01,0.3,0.5,0.01,3.42095,0.24247
69,117,1,0.01,0.3,0.5,0.01,3.41953,0.2029
70,117,1,0.01,0.3,0.5,0.01,3.4289,0.29623
71,117,1,0.01,0.3,0.5,0.01,3.42189,0.24476
72,117,1,0.01,0.3,0.5,0.01,3.41642,0.23478
73,117,1,0.01,0.3,0.5,0.01,3.41641,0.1778
74,117,1,0.01,0.3,0.5,0.01,3.41804,0.17706
75,117,1,0.01,0.3,0.5,0.01,3.42205,0.23928
76,117,1,0.01,0.3,0.5,0.01,3.42678,0.31983
77,117,1,0.01,0.3,0.5,0.01,3.41775,0.16234
78,117,1,0.01,0.3,0.5,0.01,3.41762,0.15903
79,117,1,0.01,0.3,0.5,0.01,3.41576,0.13111
80,117,1,0.01,0.3,0.5,0.01,3.42242,0.25823
81,117,1,0.01,0.3,0.5,0.01,3.41822,0.19478
82,117,1,0.01,0.3,0.5,0.01,3.42428,0.2936
83,117,1,0.01,0.3,0.5,0.01,3.41847,0.23361
84,117,1,0.01,0.3,0.5,0.01,3.42407,0.29566
85,117,1,0.01,0.3,0.5,0.01,3.42104,0.23443
86,117,1,0.01,0.3,0.5,0.01,3.42127,0.24743
87,117,1,0.01,0.3,0.5,0.01,3.42372,0.2626
88,117,1,0.01,0.3,0.5,0.01,3.42346,0.24125
89,117,1,0.01,0.3,0.5,0.01,3.41866,0.19911
90,117,1,0.01,0.3,0.5,0.01,3.41892,0.21949
91,117,1,0.01,0.3,0.5,0.01,3.41733,0.15915
92,117,1,0.01,0.3,0.5,0.01,3.421,0.21809
93,117,1,0.01,0.3,0.5,0.01,3.41995,0.21673
94,117,1,0.01,0.3,0.5,0.01,3.42925,0.35385
95,117,1,0.01,0.3,0.5,0.01,3.41713,0.17552
96,117,1,0.01,0.3,0.5,0.01,3.41681,0.19369
97,117,1,0.01,0.3,0.5,0.01,3.41766,0.20062
98,117,1,0.01,0.3,0.5,0.01,3.42368,0.23448
99,117,1,0.01,0.3,0.5,0.01,3.42252,0.2543
0,117,1,0.01,0.3,0.5,0.0025,3.06813,0.52523
1,117,1,0.01,0.3,0.5,0.0025,3.10855,0.70087
2,117,1,0.01,0.3,0.5,0.0025,3.08956,0.66724
3,117,1,0.01,0.3,0.5,0.0025,3.06643,0.49081
4,117,1,0.01,0.3,0.5,0.0025,3.05827,0.39998
5,117,1,0.01,0.3,0.5,0.0025,3.07268,0.53398
6,117,1,0.01,0.3,0.5,0.0025,3.0797,0.58573
7,117,1,0.01,0.3,0.5,0.0025,3.0702,0.51411
8,117,1,0.01,0.3,0.5,0.0025,3.07498,0.50065
9,117,1,0.01,0.3,0.5,0.0025,3.1401,0.80604
10,117,1,0.01,0.3,0.5,0.0025,3.06418,0.52141
11,117,1,0.01,0.3,0.5,0.0025,3.06684,0.53685
12,117,1,0.01,0.3,0.5,0.0025,3.07323,0.51257
13,117,1,0.01,0.3,0.5,0.0025,3.07571,0.6069
14,117,1,0.01,0.3,0.5,0.0025,3.12366,0.76642
15,117,1,0.01,0.3,0.5,0.0025,3.06496,0.45247
16,117,1,0.01,0.3,0.5,0.0025,3.11441,0.73838
17,117,1,0.01,0.3,0.5,0.0025,3.08185,0.55762
18,117,1,0.01,0.3,0.5,0.0025,3.05113,0.34968
19,117,1,0.01,0.3,0.5,0.0025,3.09321,0.63829
20,117,1,0.01,0.3,0.5,0.0025,3.073,0.54886
21,117,1,0.01,0.3,0.5,0.0025,3.10881,0.74053
22,117,1,0.01,0.3,0.5,0.0025,3.09445,0.65863
23,117,1,0.01,0.3,0.5,0.0025,3.06973,0.46537
24,117,1,0.01,0.3,0.5,0.0025,3.10975,0.73471
25,117,1,0.01,0.3,0.5,0.0025,3.08083,0.53209
26,117,1,0.01,0.3,0.5,0.0025,3.07798,0.59381
27,117,1,0.01,0.3,0.5,0.0025,3.10261,0.79937
28,117,1,0.01,0.3,0.5,0.0025,3.09232,0.64741
29,117,1,0.01,0.3,0.5,0.0025,3.08987,0.61835
30,117,1,0.01,0.3,0.5,0.0025,3.07503,0.52991
31,117,1,0.01,0.3,0.5,0.0025,3.07097,0.4909
32,117,1,0.01,0.3,0.5,0.0025,3.05651,0.43359
33,117,1,0.01,0.3,0.5,0.0025,3.06054,0.51436
34,117,1,0.01,0.3,0.5,0.0025,3.1067,0.74285
35,117,1,0.01,0.3,0.5,0.0025,3.07528,0.54067
36,117,1,0.01,0.3,0.5,0.0025,3.07265,0.55236
37,117,1,0.01,0.3,0.5,0.0025,3.06117,0.43572
38,117,1,0.01,0.3,0.5,0.0025,3.09906,0.69327
39,117,1,0.01,0.3,0.5,0.0025,3.08438,0.55965
40,117,1,0.01,0.3,0.5,0.0025,3.07661,0.51493
41,117,1,0.01,0.3,0.5,0.0025,3.07923,0.58503
42,117,1,0.01,0.3,0.5,0.0025,3.06331,0.45424
43,117,1,0.01,0.3,0.5,0.0025,3.06862,0.50205
44,117,1,0.01,0.3,0.5,0.0025,3.06885,0.47968
45,117,1,0.01,0.3,0.5,0.0025,3.10329,0.6906
46,117,1,0.01,0.3,0.5,0.0025,3.11448,0.73854
47,117,1,0.01,0.3,0.5,0.0025,3.11685,0.74527
48,117,1,0.01,0.3,0.5,0.0025,3.04721,0.35648
49,117,1,0.01,0.3,0.5,0.0025,3.0739,0.52825
50,117,1,0.01,0.3,0.5,0.0025,3.07368,0.52722
51,117,1,0.01,0.3,0.5,0.0025,3.08875,0.58382
52,117,1,0.01,0.3,0.5,0.0025,3.06493,0.46622
53,117,1,0.01,0.3,0.5,0.0025,3.07112,0.53758
54,117,1,0.01,0.3,0.5,0.0025,3.07863,0.5319
55,117,1,0.01,0.3,0.5,0.0025,3.09452,0.59756
56,117,1,0.01,0.3,0.5,0.0025,3.07131,0.49821
57,117,1,0.01,0.3,0.5,0.0025,3.07081,0.48898
58,117,1,0.01,0.3,0.5,0.0025,3.07455,0.50433
59,117,1,0.01,0.3,0.5,0.0025,3.07288,0.51939
60,117,1,0.01,0.3,0.5,0.0025,3.07765,0.60961
61,117,1,0.01,0.3,0.5,0.0025,3.07702,0.53423
62,117,1,0.01,0.3,0.5,0.0025,3.10045,0.69306
63,117,1,0.01,0.3,0.5,0.0025,3.06302,0.4777
64,117,1,0.01,0.3,0.5,0.0025,3.07097,0.53517
65,117,1,0.01,0.3,0.5,0.0025,3.13349,0.8738
66,117,1,0.01,0.3,0.5,0.0025,3.07894,0.51956
67,117,1,0.01,0.3,0.5,0.0025,3.08077,0.58214
68,117,1,0.01,0.3,0.5,0.0025,3.08659,0.5981
69,117,1,0.01,0.3,0.5,0.0025,3.06515,0.46171
70,117,1,0.01,0.3,0.5,0.0025,3.08262,0.57728
71,117,1,0.01,0.3,0.5,0.0025,3.08802,0.61915
72,117,1,0.01,0.3,0.5,0.0025,3.06399,0.62571
73,117,1,0.01,0.3,0.5,0.0025,3.05632,0.45419
74,117,1,0.01,0.3,0.5,0.0025,3.0567,0.41833
75,117,1,0.01,0.3,0.5,0.0025,3.06748,0.49578
76,117,1,0.01,0.3,0.5,0.0025,3.11858,0.82
77,117,1,0.01,0.3,0.5,0.0025,3.04759,0.36442
78,117,1,0.01,0.3,0.5,0.0025,3.0633,0.4759
79,117,1,0.01,0.3,0.5,0.0025,3.06349,0.43672
80,117,1,0.01,0.3,0.5,0.0025,3.10644,0.67502
81,117,1,0.01,0.3,0.5,0.0025,3.05258,0.4319
82,117,1,0.01,0.3,0.5,0.0025,3.1041,0.69626
83,117,1,0.01,0.3,0.5,0.0025,3.10257,0.70584
84,117,1,0.01,0.3,0.5,0.0025,3.10896,0.76329
85,117,1,0.01,0.3,0.5,0.0025,3.09063,0.61637
86,117,1,0.01,0.3,0.5,0.0025,3.09838,0.65857
87,117,1,0.01,0.3,0.5,0.0025,3.10308,0.69273
88,117,1,0.01,0.3,0.5,0.0025,3.08826,0.54654
89,117,1,0.01,0.3,0.5,0.0025,3.07846,0.61479
90,117,1,0.01,0.3,0.5,0.0025,3.06332,0.47397
91,117,1,0.01,0.3,0.5,0.0025,3.06118,0.41837
92,117,1,0.01,0.3,0.5,0.0025,3.05988,0.43997
93,117,1,0.01,0.3,0.5,0.0025,3.07442,0.51531
94,117,1,0.01,0.3,0.5,0.0025,3.09185,0.65716
95,117,1,0.01,0.3,0.5,0.0025,3.06025,0.49257
96,117,1,0.01,0.3,0.5,0.0025,3.05418,0.42095
97,117,1,0.01,0.3,0.5,0.0025,3.09825,0.74554
98,117,1,0.01,0.3,0.5,0.0025,3.07817,0.54249
99,117,1,0.01,0.3,0.5,0.0025,3.07359,0.56757
0,117,1,0.01,0.3,0.5,0.001,2.78512,0.99344
1,117,1,0.01,0.3,0.5,0.001,2.88538,1.26623
2,117,1,0.01,0.3,0.5,0.001,2.88082,1.29612
3,117,1,0.01,0.3,0.5,0.001,2.86396,1.19098
4,117,1,0.01,0.3,0.5,0.001,2.72284,0.76204
5,117,1,0.01,0.3,0.5,0.001,2.79451,1.04671
6,117,1,0.01,0.3,0.5,0.001,2.81636,1.10575
7,117,1,0.01,0.3,0.5,0.001,2.79453,1.00011
8,117,1,0.01,0.3,0.5,0.001,2.77397,0.90971
9,117,1,0.01,0.3,0.5,0.001,2.93401,1.30362
10,117,1,0.01,0.3,0.5,0.001,2.80741,1.05016
11,117,1,0.01,0.3,0.5,0.001,2.78466,1.03458
12,117,1,0.01,0.3,0.5,0.001,2.8172,1.0799
13,117,1,0.01,0.3,0.5,0.001,2.82196,1.09727
14,117,1,0.01,0.3,0.5,0.001,2.88285,1.23084
15,117,1,0.01,0.3,0.5,0.001,2.74777,0.84045
16,117,1,0.01,0.3,0.5,0.001,2.86483,1.17992
17,117,1,0.01,0.3,0.5,0.001,2.79519,0.9986
18,117,1,0.01,0.3,0.5,0.001,2.71377,0.7151
19,117,1,0.01,0.3,0.5,0.001,2.82457,1.06242
20,117,1,0.01,0.3,0.5,0.001,2.79939,1.01718
21,117,1,0.01,0.3,0.5,0.001,2.88245,1.22847
22,117,1,0.01,0.3,0.5,0.001,2.83712,1.10807
23,117,1,0.01,0.3,0.5,0.001,2.73143,0.7575
24,117,1,0.01,0.3,0.5,0.001,2.85953,1.17027
25,117,1,0.01,0.3,0.5,0.001,2.81295,1.0266
26,117,1,0.01,0.3,0.5,0.001,2.79162,1.05012
27,117,1,0.01,0.3,0.5,0.001,2.96321,1.52295
28,117,1,0.01,0.3,0.5,0.001,2.82897,1.11638
29,117,1,0.01,0.3,0.5,0.001,2.77536,0.99577
30,117,1,0.01,0.3,0.5,0.001,2.75538,0.89935
31,117,1,0.01,0.3,0.5,0.001,2.76109,0.89822
32,117,1,0.01,0.3,0.5,0.001,2.71047,0.7532
33,117,1,0.01,0.3,0.5,0.001,2.80271,1.14066
34,117,1,0.01,0.3,0.5,0.001,2.91173,1.33698
35,117,1,0.01,0.3,0.5,0.001,2.76285,0.92463
36,117,1,0.01,0.3,0.5,0.001,2.7746,0.98245
37,117,1,0.01,0.3,0.5,0.001,2.75862,0.86759
38,117,1,0.01,0.3,0.5,0.001,2.83581,1.13836
39,117,1,0.01,0.3,0.5,0.001,2.79188,0.95307
40,117,1,0.01,0.3,0.5,0.001,2.78603,0.9472
41,117,1,0.01,0.3,0.5,0.001,2.83591,1.14032
42,117,1,0.01,0.3,0.5,0.001,2.768,0.93994
43,117,1,0.01,0.3,0.5,0.001,2.77258,0.92478
44,117,1,0.01,0.3,0.5,0.001,2.73956,0.82009
45,117,1,0.01,0.3,0.5,0.001,2.82166,1.09668
46,117,1,0.01,0.3,0.5,0.001,2.88487,1.25828
47,117,1,0.01,0.3,0.5,0.001,2.92941,1.3291
48,117,1,0.01,0.3,0.5,0.001,2.68195,0.6867
49,117,1,0.01,0.3,0.5,0.001,2.85999,1.18278
50,117,1,0.01,0.3,0.5,0.001,2.75293,0.87067
51,117,1,0.01,0.3,0.5,0.001,2.86077,1.18734
52,117,1,0.01,0.3,0.5,0.001,2.74417,0.87499
53,117,1,0.01,0.3,0.5,0.001,2.90766,1.33625
54,117,1,0.01,0.3,0.5,0.001,2.77071,0.9285
55,117,1,0.01,0.3,0.5,0.001,2.85408,1.13047
56,117,1,0.01,0.3,0.5,0.001,2.73872,0.81344
57,117,1,0.01,0.3,0.5,0.001,2.73845,0.79292
58,117,1,0.01,0.3,0.5,0.001,2.74591,0.82784
59,117,1,0.01,0.3,0.5,0.001,2.86418,1.21267
60,117,1,0.01,0.3,0.5,0.001,2.81405,1.11045
61,117,1,0.01,0.3,0.5,0.001,2.79504,1.00153
62,117,1,0.01,0.3,0.5,0.001,2.87639,1.27553
63,117,1,0.01,0.3,0.5,0.001,2.7581,0.93305
64,117,1,0.01,0.3,0.5,0.001,2.81404,1.08602
65,117,1,0.01,0.3,0.5,0.001,3.14064,1.78389
66,117,1,0.01,0.3,0.5,0.001,2.85868,1.13502
67,117,1,0.01,0.3,0.5,0.001,2.78638,1.00741
68,117,1,0.01,0.3,0.5,0.001,2.81768,1.10052
69,117,1,0.01,0.3,0.5,0.001,2.72346,0.8053
70,117,1,0.01,0.3,0.5,0.001,2.81951,1.0901
71,117,1,0.01,0.3,0.5,0.001,2.81407,1.08373
72,117,1,0.01,0.3,0.5,0.001,2.80845,1.14825
73,117,1,0.01,0.3,0.5,0.001,2.71877,0.79723
74,117,1,0.01,0.3,0.5,0.001,2.72887,0.82267
75,117,1,0.01,0.3,0.5,0.001,2.73854,0.82962
76,117,1,0.01,0.3,0.5,0.001,2.97472,1.5195
77,117,1,0.01,0.3,0.5,0.001,2.70948,0.7573
78,117,1,0.01,0.3,0.5,0.001,2.75606,0.90138
79,117,1,0.01,0.3,0.5,0.001,2.73362,0.79021
80,117,1,0.01,0.3,0.5,0.001,2.86927,1.19092
81,117,1,0.01,0.3,0.5,0.001,2.72648,0.86038
82,117,1,0.01,0.3,0.5,0.001,2.87127,1.21491
83,117,1,0.01,0.3,0.5,0.001,2.8959,1.27427
84,117,1,0.01,0.3,0.5,0.001,2.91383,1.33715
85,117,1,0.01,0.3,0.5,0.001,2.83048,1.0743
86,117,1,0.01,0.3,0.5,0.001,2.89284,1.25817
87,117,1,0.01,0.3,0.5,0.001,2.90928,1.30839
88,117,1,0.01,0.3,0.5,0.001,2.79208,0.93589
89,117,1,0.01,0.3,0.5,0.001,3.00275,1.54111
90,117,1,0.01,0.3,0.5,0.001,2.73031,0.84369
91,117,1,0.01,0.3,0.5,0.001,2.72978,0.7853
92,117,1,0.01,0.3,0.5,0.001,2.70859,0.74926
93,117,1,0.01,0.3,0.5,0.001,2.78772,0.95963
94,117,1,0.01,0.3,0.5,0.001,2.79511,1.02208
95,117,1,0.01,0.3,0.5,0.001,2.75046,0.92216
96,117,1,0.01,0.3,0.5,0.001,2.7326,0.87282
97,117,1,0.01,0.3,0.5,0.001,2.95894,1.47569
98,117,1,0.01,0.3,0.5,0.001,2.7931,0.98899
99,117,1,0.01,0.3,0.5,0.001,2.80625,1.10272
0,138,1,0.01,0.3,0.5,0.01,3.42198,0.20731
1,138,1,0.01,0.3,0.5,0.01,3.4204,0.18361
2,138,1,0.01,0.3,0.5,0.01,3.41744,0.14682
3,138,1,0.01,0.3,0.5,0.01,3.41949,0.16899
4,138,1,0.01,0.3,0.5,0.01,3.41651,0.13832
5,138,1,0.01,0.3,0.5,0.01,3.43939,0.39611
6,138,1,0.01,0.3,0.5,0.01,3.42758,0.28603
7,138,1,0.01,0.3,0.5,0.01,3.41866,0.17619
8,138,1,0.01,0.3,0.5,0.01,3.42642,0.27044
9,138,1,0.01,0.3,0.5,0.01,3.42279,0.24004
10,138,1,0.01,0.3,0.5,0.01,3.41833,0.15019
11,138,1,0.01,0.3,0.5,0.01,3.41865,0.19566
12,138,1,0.01,0.3,0.5,0.01,3.42285,0.2015
13,138,1,0.01,0.3,0.5,0.01,3.42267,0.22024
14,138,1,0.01,0.3,0.5,0.01,3.42438,0.24127
15,138,1,0.01,0.3,0.5,0.01,3.42307,0.24256
16,138,1,0.01,0.3,0.5,0.01,3.41948,0.19404
17,138,1,0.01,0.3,0.5,0.01,3.41962,0.20102
18,138,1,0.01,0.3,0.5,0.01,3.41973,0.17874
19,138,1,0.01,0.3,0.5,0.01,3.42688,0.27176
20,138,1,0.01,0.3,0.5,0.01,3.42054,0.21672
21,138,1,0.01,0.3,0.5,0.01,3.427,0.27524
22,138,1,0.01,0.3,0.5,0.01,3.41868,0.17366
23,138,1,0.01,0.3,0.5,0.01,3.42193,0.21848
24,138,1,0.01,0.3,0.5,0.01,3.42515,0.25359
25,138,1,0.01,0.3,0.5,0.01,3.41966,0.19095
26,138,1,0.01,0.3,0.5,0.01,3.41792,0.19184
27,138,1,0.01,0.3,0.5,0.01,3.41789,0.13967
28,138,1,0.01,0.3,0.5,0.01,3.42111,0.23265
29,138,1,0.01,0.3,0.5,0.01,3.42281,0.22584
30,138,1,0.01,0.3,0.5,0.01,3.42071,0.20144
31,138,1,0.01,0.3,0.5,0.01,3.41734,0.16466
32,138,1,0.01,0.3,0.5,0.01,3.42509,0.28046
33,138,1,0.01,0.3,0.5,0.01,3.42271,0.23572
34,138,1,0.01,0.3,0.5,0.01,3.41987,0.17896
35,138,1,0.01,0.3,0.5,0.01,3.42279,0.22469
36,138,1,0.01,0.3,0.5,0.01,3.42261,0.23119
37,138,1,0.01,0.3,0.5,0.01,3.42526,0.25698
38,138,1,0.01,0.3,0.5,0.01,3.41747,0.13815
39,138,1,0.01,0.3,0.5,0.01,3.42038,0.22422
40,138,1,0.01,0.3,0.5,0.01,3.41978,0.14332
41,138,1,0.01,0.3,0.5,0.01,3.42403,0.25204
42,138,1,0.01,0.3,0.5,0.01,3.42125,0.22445
43,138,1,0.01,0.3,0.5,0.01,3.4251,0.26664
44,138,1,0.01,0.3,0.5,0.01,3.42306,0.23705
45,138,1,0.01,0.3,0.5,0.01,3.42049,0.16678
46,138,1,0.01,0.3,0.5,0.01,3.42159,0.23165
47,138,1,0.01,0.3,0.5,0.01,3.41999,0.20047
48,138,1,0.01,0.3,0.5,0.01,3.42538,0.26913
49,138,1,0.01,0.3,0.5,0.01,3.42448,0.26089
50,138,1,0.01,0.3,0.5,0.01,3.41591,0.12867
51,138,1,0.01,0.3,0.5,0.01,3.41881,0.18044
52,138,1,0.01,0.3,0.5,0.01,3.42383,0.26247
53,138,1,0.01,0.3,0.5,0.01,3.42445,0.26202
54,138,1,0.01,0.3,0.5,0.01,3.42052,0.18666
55,138,1,0.01,0.3,0.5,0.01,3.42242,0.23569
56,138,1,0.01,0.3,0.5,0.01,3.42017,0.21665
57,138,1,0.01,0.3,0.5,0.01,3.4186,0.20127
58,138,1,0.01,0.3,0.5,0.01,3.42407,0.2588
59,138,1,0.01,0.3,0.5,0.01,3.42099,0.21399
60,138,1,0.01,0.3,0.5,0.01,3.42399,0.24551
61,138,1,0.01,0.3,0.5,0.01,3.41915,0.17506
62,138,1,0.01,0.3,0.5,0.01,3.4194,0.1989
63,138,1,0.01,0.3,0.5,0.01,3.42493,0.26745
64,138,1,0.01,0.3,0.5,0.01,3.42255,0.2274
65,138,1,0.01,0.3,0.5,0.01,3.4189,0.17791
66,138,1,0.01,0.3,0.5,0.01,3.42681,0.27745
67,138,1,0.01,0.3,0.5,0.01,3.43057,0.32966
68,138,1,0.01,0.3,0.5,0.01,3.41971,0.20205
69,138,1,0.01,0.3,0.5,0.01,3.42032,0.187
70,138,1,0.01,0.3,0.5,0.01,3.41893,0.17024
71,138,1,0.01,0.3,0.5,0.01,3.41999,0.20245
72,138,1,0.01,0.3,0.5,0.01,3.42172,0.22229
73,138,1,0.01,0.3,0.5,0.01,3.42023,0.20981
74,138,1,0.01,0.3,0.5,0.01,3.4214,0.21206
75,138,1,0.01,0.3,0.5,0.01,3.41865,0.20035
76,138,1,0.01,0.3,0.5,0.01,3.42355,0.21626
77,138,1,0.01,0.3,0.5,0.01,3.42427,0.23857
78,138,1,0.01,0.3,0.5,0.01,3.42036,0.2139
79,138,1,0.01,0.3,0.5,0.01,3.42147,0.22143
80,138,1,0.01,0.3,0.5,0.01,3.42347,0.21908
81,138,1,0.01,0.3,0.5,0.01,3.42771,0.29499
82,138,1,0.01,0.3,0.5,0.01,3.43459,0.34943
83,138,1,0.01,0.3,0.5,0.01,3.42191,0.24302
84,138,1,0.01,0.3,0.5,0.01,3.41979,0.19641
85,138,1,0.01,0.3,0.5,0.01,3.42322,0.23591
86,138,1,0.01,0.3,0.5,0.01,3.42717,0.29266
87,138,1,0.01,0.3,0.5,0.01,3.41848,0.15837
88,138,1,0.01,0.3,0.5,0.01,3.42103,0.21266
89,138,1,0.01,0.3,0.5,0.01,3.42233,0.23492
90,138,1,0.01,0.3,0.5,0.01,3.42012,0.18706
91,138,1,0.01,0.3,0.5,0.01,3.41914,0.18698
92,138,1,0.01,0.3,0.5,0.01,3.42173,0.24125
93,138,1,0.01,0.3,0.5,0.01,3.42245,0.24879
94,138,1,0.01,0.3,0.5,0.01,3.41995,0.18574
95,138,1,0.01,0.3,0.5,0.01,3.42031,0.18691
96,138,1,0.01,0.3,0.5,0.01,3.41958,0.20299
97,138,1,0.01,0.3,0.5,0.01,3.42176,0.20981
98,138,1,0.01,0.3,0.5,0.01,3.41645,0.1249
99,138,1,0.01,0.3,0.5,0.01,3.4205,0.18958
0,138,1,0.01,0.3,0.5,0.0025,3.0672,0.49744
1,138,1,0.01,0.3,0.5,0.0025,3.06173,0.3949
2,138,1,0.01,0.3,0.5,0.0025,3.05436,0.38711
3,138,1,0.01,0.3,0.5,0.0025,3.0649,0.43723
4,138,1,0.01,0.3,0.5,0.0025,3.054,0.41581
5,138,1,0.01,0.3,0.5,0.0025,3.14445,0.82081
6,138,1,0.01,0.3,0.5,0.0025,3.09535,0.6284
7,138,1,0.01,0.3,0.5,0.0025,3.06086,0.46862
8,138,1,0.01,0.3,0.5,0.0025,3.08692,0.58509
9,138,1,0.01,0.3,0.5,0.0025,3.08269,0.57701
10,138,1,0.01,0.3,0.5,0.0025,3.06018,0.43362
11,138,1,0.01,0.3,0.5,0.0025,3.05908,0.48908
12,138,1,0.01,0.3,0.5,0.0025,3.07295,0.47203
13,138,1,0.01,0.3,0.5,0.0025,3.07933,0.50676
14,138,1,0.01,0.3,0.5,0.0025,3.07463,0.52774
15,138,1,0.01,0.3,0.5,0.0025,3.07548,0.54725
16,138,1,0.01,0.3,0.5,0.0025,3.06638,0.47295
17,138,1,0.01,0.3,0.5,0.0025,3.06614,0.50056
18,138,1,0.01,0.3,0.5,0.0025,3.07264,0.4929
19,138,1,0.01,0.3,0.5,0.0025,3.08107,0.55836
20,138,1,0.01,0.3,0.5,0.0025,3.07393,0.50887
21,138,1,0.01,0.3,0.5,0.0025,3.08982,0.63404
22,138,1,0.01,0.3,0.5,0.0025,3.05504,0.40926
23,138,1,0.01,0.3,0.5,0.0025,3.06413,0.45153
24,138,1,0.01,0.3,0.5,0.0025,3.06397,0.44455
25,138,1,0.01,0.3,0.5,0.0025,3.05293,0.39806
26,138,1,0.01,0.3,0.5,0.0025,3.07798,0.63031
27,138,1,0.01,0.3,0.5,0.0025,3.05712,0.40225
28,138,1,0.01,0.3,0.5,0.0025,3.08413,0.60411
29,138,1,0.01,0.3,0.5,0.0025,3.06955,0.45229
30,138,1,0.01,0.3,0.5,0.0025,3.0679,0.50773
31,138,1,0.01,0.3,0.5,0.0025,3.05499,0.43929
32,138,1,0.01,0.3,0.5,0.0025,3.07365,0.54357
33,138,1,0.01,0.3,0.5,0.0025,3.0603,0.45079
34,138,1,0.01,0.3,0.5,0.0025,3.05845,0.37573
35,138,1,0.01,0.3,0.5,0.0025,3.07445,0.56079
36,138,1,0.01,0.3,0.5,0.0025,3.06498,0.49475
37,138,1,0.01,0.3,0.5,0.0025,3.08859,0.63195
38,138,1,0.01,0.3,0.5,0.0025,3.05722,0.39053
39,138,1,0.01,0.3,0.5,0.0025,3.06788,0.51562
40,138,1,0.01,0.3,0.5,0.0025,3.05582,0.33107
41,138,1,0.01,0.3,0.5,0.0025,3.08582,0.57483
42,138,1,0.01,0.3,0.5,0.0025,3.0688,0.54841
43,138,1,0.01,0.3,0.5,0.0025,3.07652,0.51242
44,138,1,0.01,0.3,0.5,0.0025,3.07146,0.49917
45,138,1,0.01,0.3,0.5,0.0025,3.06165,0.38144
46,138,1,0.01,0.3,0.5,0.0025,3.09332,0.62957
47,138,1,0.01,0.3,0.5,0.0025,3.06195,0.49325
48,138,1,0.01,0.3,0.5,0.0025,3.07174,0.49443
49,138,1,0.01,0.3,0.5,0.0025,3.06224,0.52475
50,138,1,0.01,0.3,0.5,0.0025,3.04356,0.31151
51,138,1,0.01,0.3,0.5,0.0025,3.06687,0.48358
52,138,1,0.01,0.3,0.5,0.0025,3.08102,0.5715
53,138,1,0.01,0.3,0.5,0.0025,3.06528,0.48344
54,138,1,0.01,0.3,0.5,0.0025,3.05853,0.4482
55,138,1,0.01,0.3,0.5,0.0025,3.06352,0.44176
56,138,1,0.01,0.3,0.5,0.0025,3.05325,0.43021
57,138,1,0.01,0.3,0.5,0.0025,3.0803,0.67082
58,138,1,0.01,0.3,0.5,0.0025,3.08419,0.57524
59,138,1,0.01,0.3,0.5,0.0025,3.08582,0.61591
60,138,1,0.01,0.3,0.5,0.0025,3.07665,0.54252
61,138,1,0.01,0.3,0.5,0.0025,3.05742,0.40683
62,138,1,0.01,0.3,0.5,0.0025,3.07435,0.55467
63,138,1,0.01,0.3,0.5,0.0025,3.0702,0.52872
64,138,1,0.01,0.3,0.5,0.0025,3.0676,0.50569
65,138,1,0.01,0.3,0.5,0.0025,3.0603,0.49673
66,138,1,0.01,0.3,0.5,0.0025,3.09411,0.61878
67,138,1,0.01,0.3,0.5,0.0025,3.09841,0.633
68,138,1,0.01,0.3,0.5,0.0025,3.06256,0.4631
69,138,1,0.01,0.3,0.5,0.0025,3.06116,0.40688
70,138,1,0.01,0.3,0.5,0.0025,3.05256,0.38798
71,138,1,0.01,0.3,0.5,0.0025,3.05556,0.40638
72,138,1,0.01,0.3,0.5,0.0025,3.06426,0.4956
73,138,1,0.01,0.3,0.5,0.0025,3.06992,0.50337
74,138,1,0.01,0.3,0.5,0.0025,3.06929,0.51554
75,138,1,0.01,0.3,0.5,0.0025,3.06702,0.5098
76,138,1,0.01,0.3,0.5,0.0025,3.07189,0.48119
77,138,1,0.01,0.3,0.5,0.0025,3.084,0.5949
78,138,1,0.01,0.3,0.5,0.0025,3.06345,0.43006
79,138,1,0.01,0.3,0.5,0.0025,3.05607,0.45533
80,138,1,0.01,0.3,0.5,0.0025,3.08895,0.59344
81,138,1,0.01,0.3,0.5,0.0025,3.1018,0.64817
82,138,1,0.01,0.3,0.5,0.0025,3.12076,0.70255
83,138,1,0.01,0.3,0.5,0.0025,3.08142,0.61165
84,138,1,0.01,0.3,0.5,0.0025,3.05781,0.4223
85,138,1,0.01,0.3,0.5,0.0025,3.07653,0.55494
86,138,1,0.01,0.3,0.5,0.0025,3.0809,0.56637
87,138,1,0.01,0.3,0.5,0.0025,3.05732,0.45293
88,138,1,0.01,0.3,0.5,0.0025,3.07178,0.49525
89,138,1,0.01,0.3,0.5,0.0025,3.06985,0.48553
90,138,1,0.01,0.3,0.5,0.0025,3.06385,0.45541
91,138,1,0.01,0.3,0.5,0.0025,3.0571,0.45965
92,138,1,0.01,0.3,0.5,0.0025,3.06497,0.48723
93,138,1,0.01,0.3,0.5,0.0025,3.06832,0.53402
94,138,1,0.01,0.3,0.5,0.0025,3.07161,0.47787
95,138,1,0.01,0.3,0.5,0.0025,3.06515,0.44767
96,138,1,0.01,0.3,0.5,0.0025,3.05904,0.43345
97,138,1,0.01,0.3,0.5,0.0025,3.07645,0.50519
98,138,1,0.01,0.3,0.5,0.0025,3.04924,0.35973
99,138,1,0.01,0.3,0.5,0.0025,3.06667,0.44011
0,138,1,0.01,0.3,0.5,0.001,2.75852,0.92957
1,138,1,0.01,0.3,0.5,0.001,2.73916,0.79571
2,138,1,0.01,0.3,0.5,0.001,2.71959,0.81593
3,138,1,0.01,0.3,0.5,0.001,2.747,0.82342
4,138,1,0.01,0.3,0.5,0.001,2.73452,0.82043
5,138,1,0.01,0.3,0.5,0.001,2.8898,1.21307
6,138,1,0.01,0.3,0.5,0.001,2.81773,1.06899
7,138,1,0.01,0.3,0.5,0.001,2.75258,0.89597
8,138,1,0.01,0.3,0.5,0.001,2.81895,1.06846
9,138,1,0.01,0.3,0.5,0.001,2.78997,0.9864
10,138,1,0.01,0.3,0.5,0.001,2.74698,0.85683
11,138,1,0.01,0.3,0.5,0.001,2.73667,0.90176
12,138,1,0.01,0.3,0.5,0.001,2.74097,0.80561
13,138,1,0.01,0.3,0.5,0.001,2.7614,0.83698
14,138,1,0.01,0.3,0.5,0.001,2.77364,0.93518
15,138,1,0.01,0.3,0.5,0.001,2.77966,0.99001
16,138,1,0.01,0.3,0.5,0.001,2.73273,0.79175
17,138,1,0.01,0.3,0.5,0.001,2.76374,0.96781
18,138,1,0.01,0.3,0.5,0.001,2.78821,0.95153
19,138,1,0.01,0.3,0.5,0.001,2.7703,0.92841
20,138,1,0.01,0.3,0.5,0.001,2.76384,0.86794
21,138,1,0.01,0.3,0.5,0.001,2.82077,1.10156
22,138,1,0.01,0.3,0.5,0.001,2.70964,0.78855
23,138,1,0.01,0.3,0.5,0.001,2.71052,0.75884
24,138,1,0.01,0.3,0.5,0.001,2.7011,0.70256
25,138,1,0.01,0.3,0.5,0.001,2.68721,0.69795
26,138,1,0.01,0.3,0.5,0.001,2.80476,1.12102
27,138,1,0.01,0.3,0.5,0.001,2.72892,0.7793
28,138,1,0.01,0.3,0.5,0.001,2.83574,1.10758
29,138,1,0.01,0.3,0.5,0.001,2.75449,0.82065
30,138,1,0.01,0.3,0.5,0.001,2.73767,0.85339
31,138,1,0.01,0.3,0.5,0.001,2.72611,0.82486
32,138,1,0.01,0.3,0.5,0.001,2.77619,0.95957
33,138,1,0.01,0.3,0.5,0.001,2.73425,0.84412
34,138,1,0.01,0.3,0.5,0.001,2.70965,0.68134
35,138,1,0.01,0.3,0.5,0.001,2.78752,1.02014
36,138,1,0.01,0.3,0.5,0.001,2.74054,0.91911
37,138,1,0.01,0.3,0.5,0.001,2.82124,1.11018
38,138,1,0.01,0.3,0.5,0.001,2.71907,0.75736
39,138,1,0.01,0.3,0.5,0.001,2.77175,0.99184
40,138,1,0.01,0.3,0.5,0.001,2.70273,0.64945
41,138,1,0.01,0.3,0.5,0.001,2.8057,1.02525
42,138,1,0.01,0.3,0.5,0.001,2.75777,0.94619
43,138,1,0.01,0.3,0.5,0.001,2.75008,0.85783
44,138,1,0.01,0.3,0.5,0.001,2.75384,0.88137
45,138,1,0.01,0.3,0.5,0.001,2.73482,0.75289
46,138,1,0.01,0.3,0.5,0.001,2.85469,1.16068
47,138,1,0.01,0.3,0.5,0.001,2.74032,0.87892
48,138,1,0.01,0.3,0.5,0.001,2.76484,0.88443
49,138,1,0.01,0.3,0.5,0.001,2.75563,0.97205
50,138,1,0.01,0.3,0.5,0.001,2.6794,0.62413
51,138,1,0.01,0.3,0.5,0.001,2.76652,0.9512
52,138,1,0.01,0.3,0.5,0.001,2.7591,0.875
53,138,1,0.01,0.3,0.5,0.001,2.7227,0.79108
54,138,1,0.01,0.3,0.5,0.001,2.73737,0.87021
55,138,1,0.01,0.3,0.5,0.001,2.7068,0.68641
56,138,1,0.01,0.3,0.5,0.001,2.71247,0.78904
57,138,1,0.01,0.3,0.5,0.001,2.88592,1.36047
58,138,1,0.01,0.3,0.5,0.001,2.77021,0.90975
59,138,1,0.01,0.3,0.5,0.001,2.79609,1.03487
60,138,1,0.01,0.3,0.5,0.001,2.77075,0.93975
61,138,1,0.01,0.3,0.5,0.001,2.72808,0.82043
62,138,1,0.01,0.3,0.5,0.001,2.79393,1.02553
63,138,1,0.01,0.3,0.5,0.001,2.75299,0.92964
64,138,1,0.01,0.3,0.5,0.001,2.74192,0.87644
65,138,1,0.01,0.3,0.5,0.001,2.76089,0.98352
66,138,1,0.01,0.3,0.5,0.001,2.81496,1.05876
67,138,1,0.01,0.3,0.5,0.001,2.79502,0.97312
68,138,1,0.01,0.3,0.5,0.001,2.73107,0.85739
69,138,1,0.01,0.3,0.5,0.001,2.7099,0.71686
70,138,1,0.01,0.3,0.5,0.001,2.70596,0.72532
71,138,1,0.01,0.3,0.5,0.001,2.72963,0.79762
72,138,1,0.01,0.3,0.5,0.001,2.72277,0.82758
73,138,1,0.01,0.3,0.5,0.001,2.75975,0.87993
74,138,1,0.01,0.3,0.5,0.001,2.77295,0.99468
75,138,1,0.01,0.3,0.5,0.001,2.75976,0.9357
76,138,1,0.01,0.3,0.5,0.001,2.76213,0.884
77,138,1,0.01,0.3,0.5,0.001,2.79431,1.01849
78,138,1,0.01,0.3,0.5,0.001,2.75185,0.81837
79,138,1,0.01,0.3,0.5,0.001,2.70986,0.85175
80,138,1,0.01,0.3,0.5,0.001,2.84143,1.11052
81,138,1,0.01,0.3,0.5,0.001,2.79571,0.98314
82,138,1,0.01,0.3,0.5,0.001,2.84471,1.05642
83,138,1,0.01,0.3,0.5,0.001,2.79497,1.05017
84,138,1,0.01,0.3,0.5,0.001,2.73518,0.8826
85,138,1,0.01,0.3,0.5,0.001,2.76405,0.95678
86,138,1,0.01,0.3,0.5,0.001,2.74643,0.90916
87,138,1,0.01,0.3,0.5,0.001,2.77438,0.96782
88,138,1,0.01,0.3,0.5,0.001,2.75906,0.88295
89,138,1,0.01,0.3,0.5,0.001,2.73106,0.79826
90,138,1,0.01,0.3,0.5,0.001,2.76218,0.90345
91,138,1,0.01,0.3,0.5,0.001,2.74276,0.88806
92,138,1,0.01,0.3,0.5,0.001,2.74903,0.89049
93,138,1,0.01,0.3,0.5,0.001,2.74961,0.9603
94,138,1,0.01,0.3,0.5,0.001,2.77558,0.90938
95,138,1,0.01,0.3,0.5,0.001,2.73341,0.80541
96,138,1,0.01,0.3,0.5,0.001,2.73317,0.81387
97,138,1,0.01,0.3,0.5,0.001,2.76335,0.87443
98,138,1,0.01,0.3,0.5,0.001,2.70213,0.70524
99,138,1,0.01,0.3,0.5,0.001,2.72129,0.74418
0,163,1,0.01,0.3,0.5,0.01,3.42667,0.28445
1,163,1,0.01,0.3,0.5,0.01,3.41907,0.19645
2,163,1,0.01,0.3,0.5,0.01,3.42421,0.24971
3,163,1,0.01,0.3,0.5,0.01,3.41968,0.21126
4,163,1,0.01,0.3,0.5,0.01,3.41882,0.19987
5,163,1,0.01,0.3,0.5,0.01,3.42275,0.24769
6,163,1,0.01,0.3,0.5,0.01,3.42014,0.20526
7,163,1,0.01,0.3,0.5,0.01,3.41972,0.19438
8,163,1,0.01,0.3,0.5,0.01,3.41956,0.20195
9,163,1,0.01,0.3,0.5,0.01,3.42286,0.22576
10,163,1,0.01,0.3,0.5,0.01,3.41822,0.15845
11,163,1,0.01,0.3,0.5,0.01,3.42414,0.2434
12,163,1,0.01,0.3,0.5,0.01,3.41906,0.18281
13,163,1,0.01,0.3,0.5,0.01,3.42499,0.26686
14,163,1,0.01,0.3,0.5,0.01,3.41867,0.19295
15,163,1,0.01,0.3,0.5,0.01,3.42024,0.2124
16,163,1,0.01,0.3,0.5,0.01,3.41908,0.19436
17,163,1,0.01,0.3,0.5,0.01,3.41947,0.20541
18,163,1,0.01,0.3,0.5,0.01,3.41675,0.11847
19,163,1,0.01,0.3,0.5,0.01,3.41977,0.20188
20,163,1,0.01,0.3,0.5,0.01,3.42032,0.17441
21,163,1,0.01,0.3,0.5,0.01,3.41872,0.17758
22,163,1,0.01,0.3,0.5,0.01,3.41844,0.18641
23,163,1,0.01,0.3,0.5,0.01,3.41985,0.2122
24,163,1,0.01,0.3,0.5,0.01,3.41945,0.18398
25,163,1,0.01,0.3,0.5,0.01,3.42174,0.20728
26,163,1,0.01,0.3,0.5,0.01,3.4174,0.15433
27,163,1,0.01,0.3,0.5,0.01,3.43259,0.34996
28,163,1,0.01,0.3,0.5,0.01,3.419,0.18031
29,163,1,0.01,0.3,0.5,0.01,3.42025,0.19981
30,163,1,0.01,0.3,0.5,0.01,3.41819,0.1574
31,163,1,0.01,0.3,0.5,0.01,3.43212,0.33902
32,163,1,0.01,0.3,0.5,0.01,3.42316,0.25697
33,163,1,0.01,0.3,0.5,0.01,3.41787,0.15247
34,163,1,0.01,0.3,0.5,0.01,3.42163,0.20926
35,163,1,0.01,0.3,0.5,0.01,3.43657,0.39754
36,163,1,0.01,0.3,0.5,0.01,3.41994,0.2125
37,163,1,0.01,0.3,0.5,0.01,3.42071,0.20334
38,163,1,0.01,0.3,0.5,0.01,3.41636,0.17049
39,163,1,0.01,0.3,0.5,0.01,3.41648,0.133
40,163,1,0.01,0.3,0.5,0.01,3.41917,0.19467
41,163,1,0.01,0.3,0.5,0.01,3.41967,0.22115
42,163,1,0.01,0.3,0.5,0.01,3.42002,0.17865
43,163,1,0.01,0.3,0.5,0.01,3.41805,0.16144
44,163,1,0.01,0.3,0.5,0.01,3.42222,0.26999
45,163,1,0.01,0.3,0.5,0.01,3.4202,0.18445
46,163,1,0.01,0.3,0.5,0.01,3.42208,0.21363
47,163,1,0.01,0.3,0.5,0.01,3.41767,0.14957
48,163,1,0.01,0.3,0.5,0.01,3.42196,0.25533
49,163,1,0.01,0.3,0.5,0.01,3.4168,0.13711
50,163,1,0.01,0.3,0.5,0.01,3.4203,0.2034
51,163,1,0.01,0.3,0.5,0.01,3.41746,0.17076
52,163,1,0.01,0.3,0.5,0.01,3.41992,0.1842
53,163,1,0.01,0.3,0.5,0.01,3.42699,0.29974
54,163,1,0.01,0.3,0.5,0.01,3.41652,0.17031
55,163,1,0.01,0.3,0.5,0.01,3.42806,0.29438
56,163,1,0.01,0.3,0.5,0.01,3.41761,0.1499
57,163,1,0.01,0.3,0.5,0.01,3.41865,0.19147
58,163,1,0.01,0.3,0.5,0.01,3.41916,0.1744
59,163,1,0.01,0.3,0.5,0.01,3.42031,0.18306
60,163,1,0.01,0.3,0.5,0.01,3.41583,0.15345
61,163,1,0.01,0.3,0.5,0.01,3.41901,0.19205
62,163,1,0.01,0.3,0.5,0.01,3.42158,0.24608
63,163,1,0.01,0.3,0.5,0.01,3.41888,0.18091
64,163,1,0.01,0.3,0.5,0.01,3.42215,0.25543
65,163,1,0.01,0.3,0.5,0.01,3.41794,0.16135
66,163,1,0.01,0.3,0.5,0.01,3.41842,0.15359
67,163,1,0.01,0.3,0.5,0.01,3.42006,0.18903
68,163,1,0.01,0.3,0.5,0.01,3.41917,0.18164
69,163,1,0.01,0.3,0.5,0.01,3.41878,0.16535
70,163,1,0.01,0.3,0.5,0.01,3.41765,0.15172
71,163,1,0.01,0.3,0.5,0.01,3.42045,0.23204
72,163,1,0.01,0.3,0.5,0.01,3.41866,0.15949
73,163,1,0.01,0.3,0.5,0.01,3.41934,0.21013
74,163,1,0.01,0.3,0.5,0.01,3.42504,0.254
75,163,1,0.01,0.3,0.5,0.01,3.42348,0.25431
76,163,1,0.01,0.3,0.5,0.01,3.41539,0.13748
77,163,1,0.01,0.3,0.5,0.01,3.41848,0.1587
78,163,1,0.01,0.3,0.5,0.01,3.41774,0.14405
79,163,1,0.01,0.3,0.5,0.01,3.42418,0.29558
80,163,1,0.01,0.3,0.5,0.01,3.41919,0.18888
81,163,1,0.01,0.3,0.5,0.01,3.41912,0.17489
82,163,1,0.01,0.3,0.5,0.01,3.41784,0.15133
83,163,1,0.01,0.3,0.5,0.01,3.42312,0.24473
84,163,1,0.01,0.3,0.5,0.01,3.41735,0.1629
85,163,1,0.01,0.3,0.5,0.01,3.41862,0.14839
86,163,1,0.01,0.3,0.5,0.01,3.4202,0.19306
87,163,1,0.01,0.3,0.5,0.01,3.4197,0.18032
88,163,1,0.01,0.3,0.5,0.01,3.42141,0.22132
89,163,1,0.01,0.3,0.5,0.01,3.42178,0.22321
90,163,1,0.01,0.3,0.5,0.01,3.41692,0.1245
91,163,1,0.01,0.3,0.5,0.01,3.41747,0.18187
92,163,1,0.01,0.3,0.5,0.01,3.42027,0.18867
93,163,1,0.01,0.3,0.5,0.01,3.42281,0.24401
94,163,1,0.01,0.3,0.5,0.01,3.41863,0.20994
95,163,1,0.01,0.3,0.5,0.01,3.41805,0.16594
96,163,1,0.01,0.3,0.5,0.01,3.42055,0.20617
97,163,1,0.01,0.3,0.5,0.01,3.41557,0.10469
98,163,1,0.01,0.3,0.5,0.01,3.42244,0.21876
99,163,1,0.01,0.3,0.5,0.01,3.4178,0.14955
0,163,1,0.01,0.3,0.5,0.0025,3.08351,0.54479
1,163,1,0.01,0.3,0.5,0.0025,3.05864,0.41857
2,163,1,0.01,0.3,0.5,0.0025,3.07305,0.4984
3,163,1,0.01,0.3,0.5,0.0025,3.08077,0.5782
4,163,1,0.01,0.3,0.5,0.0025,3.06621,0.4926
5,163,1,0.01,0.3,0.5,0.0025,3.06174,0.49602
6,163,1,0.01,0.3,0.5,0.0025,3.0777,0.53606
7,163,1,0.01,0.3,0.5,0.0025,3.06407,0.45363
8,163,1,0.01,0.3,0.5,0.0025,3.06069,0.44717
9,163,1,0.01,0.3,0.5,0.0025,3.06528,0.45582
10,163,1,0.01,0.3,0.5,0.0025,3.04671,0.31144
11,163,1,0.01,0.3,0.5,0.0025,3.07458,0.50777
12,163,1,0.01,0.3,0.5,0.0025,3.05518,0.3829
13,163,1,0.01,0.3,0.5,0.0025,3.07485,0.51521
14,163,1,0.01,0.3,0.5,0.0025,3.06892,0.51422
15,163,1,0.01,0.3,0.5,0.0025,3.06495,0.50567
16,163,1,0.01,0.3,0.5,0.0025,3.06316,0.46035
17,163,1,0.01,0.3,0.5,0.0025,3.05712,0.43089
18,163,1,0.01,0.3,0.5,0.0025,3.04877,0.30609
19,163,1,0.01,0.3,0.5,0.0025,3.0678,0.46012
20,163,1,0.01,0.3,0.5,0.0025,3.06029,0.41558
21,163,1,0.01,0.3,0.5,0.0025,3.06041,0.42542
22,163,1,0.01,0.3,0.5,0.0025,3.06133,0.50627
23,163,1,0.01,0.3,0.5,0.0025,3.05866,0.48254
24,163,1,0.01,0.3,0.5,0.0025,3.07065,0.45046
25,163,1,0.01,0.3,0.5,0.0025,3.06166,0.41273
26,163,1,0.01,0.3,0.5,0.0025,3.05224,0.36226
27,163,1,0.01,0.3,0.5,0.0025,3.09469,0.61496
28,163,1,0.01,0.3,0.5,0.0025,3.06181,0.40236
29,163,1,0.01,0.3,0.5,0.0025,3.06422,0.46993
30,163,1,0.01,0.3,0.5,0.0025,3.04989,0.41167
31,163,1,0.01,0.3,0.5,0.0025,3.10037,0.65324
32,163,1,0.01,0.3,0.5,0.0025,3.07101,0.52227
33,163,1,0.01,0.3,0.5,0.0025,3.0511,0.3554
34,163,1,0.01,0.3,0.5,0.0025,3.07067,0.47733
35,163,1,0.01,0.3,0.5,0.0025,3.12658,0.77908
36,163,1,0.01,0.3,0.5,0.0025,3.05769,0.44782
37,163,1,0.01,0.3,0.5,0.0025,3.06539,0.4692
38,163,1,0.01,0.3,0.5,0.0025,3.04771,0.40649
39,163,1,0.01,0.3,0.5,0.0025,3.04302,0.32417
40,163,1,0.01,0.3,0.5,0.0025,3.05336,0.40672
41,163,1,0.01,0.3,0.5,0.0025,3.06031,0.46604
42,163,1,0.01,0.3,0.5,0.0025,3.05538,0.41966
43,163,1,0.01,0.3,0.5,0.0025,3.04456,0.32568
44,163,1,0.01,0.3,0.5,0.0025,3.09092,0.66376
45,163,1,0.01,0.3,0.5,0.0025,3.05996,0.40243
46,163,1,0.01,0.3,0.5,0.0025,3.0861,0.55119
47,163,1,0.01,0.3,0.5,0.0025,3.043,0.33024
48,163,1,0.01,0.3,0.5,0.0025,3.08028,0.57032
49,163,1,0.01,0.3,0.5,0.0025,3.05231,0.42843
50,163,1,0.01,0.3,0.5,0.0025,3.05638,0.46685
51,163,1,0.01,0.3,0.5,0.0025,3.04476,0.34192
52,163,1,0.01,0.3,0.5,0.0025,3.05972,0.41804
53,163,1,0.01,0.3,0.5,0.0025,3.07733,0.58815
54,163,1,0.01,0.3,0.5,0.0025,3.05431,0.39824
55,163,1,0.01,0.3,0.5,0.0025,3.10672,0.69808
56,163,1,0.01,0.3,0.5,0.0025,3.05494,0.3868
57,163,1,0.01,0.3,0.5,0.0025,3.06257,0.50663
58,163,1,0.01,0.3,0.5,0.0025,3.06007,0.40864
59,163,1,0.01,0.3,0.5,0.0025,3.06545,0.44787
60,163,1,0.01,0.3,0.5,0.0025,3.03998,0.32501
61,163,1,0.01,0.3,0.5,0.0025,3.05186,0.40437
62,163,1,0.01,0.3,0.5,0.0025,3.07339,0.55452
63,163,1,0.01,0.3,0.5,0.0025,3.05785,0.44338
64,163,1,0.01,0.3,0.5,0.0025,3.05414,0.43855
65,163,1,0.01,0.3,0.5,0.0025,3.0574,0.39395
66,163,1,0.01,0.3,0.5,0.0025,3.05038,0.41044
67,163,1,0.01,0.3,0.5,0.0025,3.05295,0.35583
68,163,1,0.01,0.3,0.5,0.0025,3.05629,0.39655
69,163,1,0.01,0.3,0.5,0.0025,3.07129,0.4913
70,163,1,0.01,0.3,0.5,0.0025,3.04847,0.34899
71,163,1,0.01,0.3,0.5,0.0025,3.07823,0.53313
72,163,1,0.01,0.3,0.5,0.0025,3.06299,0.43447
73,163,1,0.01,0.3,0.5,0.0025,3.05199,0.41045
74,163,1,0.01,0.3,0.5,0.0025,3.06627,0.46912
75,163,1,0.01,0.3,0.5,0.0025,3.07515,0.4981
76,163,1,0.01,0.3,0.5,0.0025,3.04721,0.43279
77,163,1,0.01,0.3,0.5,0.0025,3.05691,0.37193
78,163,1,0.01,0.3,0.5,0.0025,3.06045,0.40841
79,163,1,0.01,0.3,0.5,0.0025,3.08018,0.59418
80,163,1,0.01,0.3,0.5,0.0025,3.06852,0.48657
81,163,1,0.01,0.3,0.5,0.0025,3.06075,0.40756
82,163,1,0.01,0.3,0.5,0.0025,3.04779,0.36444
83,163,1,0.01,0.3,0.5,0.0025,3.06469,0.48459
84,163,1,0.01,0.3,0.5,0.0025,3.05211,0.39415
85,163,1,0.01,0.3,0.5,0.0025,3.05157,0.34416
86,163,1,0.01,0.3,0.5,0.0025,3.06149,0.46242
87,163,1,0.01,0.3,0.5,0.0025,3.05559,0.38899
88,163,1,0.01,0.3,0.5,0.0025,3.06505,0.45505
89,163,1,0.01,0.3,0.5,0.0025,3.05752,0.4752
90,163,1,0.01,0.3,0.5,0.0025,3.05141,0.38058
91,163,1,0.01,0.3,0.5,0.0025,3.04989,0.40794
92,163,1,0.01,0.3,0.5,0.0025,3.06513,0.42516
93,163,1,0.01,0.3,0.5,0.0025,3.06723,0.48025
94,163,1,0.01,0.3,0.5,0.0025,3.07007,0.55438
95,163,1,0.01,0.3,0.5,0.0025,3.05371,0.36596
96,163,1,0.01,0.3,0.5,0.0025,3.06131,0.42109
97,163,1,0.01,0.3,0.5,0.0025,3.04829,0.33128
98,163,1,0.01,0.3,0.5,0.0025,3.05861,0.43365
99,163,1,0.01,0.3,0.5,0.0025,3.05274,0.38501
0,163,1,0.01,0.3,0.5,0.001,2.74174,0.83068
1,163,1,0.01,0.3,0.5,0.001,2.72982,0.78997
2,163,1,0.01,0.3,0.5,0.001,2.72626,0.77156
3,163,1,0.01,0.3,0.5,0.001,2.7918,0.97951
4,163,1,0.01,0.3,0.5,0.001,2.71799,0.8048
5,163,1,0.01,0.3,0.5,0.001,2.74937,0.9356
6,163,1,0.01,0.3,0.5,0.001,2.77951,0.97921
7,163,1,0.01,0.3,0.5,0.001,2.72908,0.7937
8,163,1,0.01,0.3,0.5,0.001,2.72261,0.81086
9,163,1,0.01,0.3,0.5,0.001,2.71494,0.72898
10,163,1,0.01,0.3,0.5,0.001,2.67659,0.57332
11,163,1,0.01,0.3,0.5,0.001,2.73638,0.81925
12,163,1,0.01,0.3,0.5,0.001,2.69551,0.64569
13,163,1,0.01,0.3,0.5,0.001,2.74475,0.85228
14,163,1,0.01,0.3,0.5,0.001,2.74899,0.87781
15,163,1,0.01,0.3,0.5,0.001,2.75507,0.91135
16,163,1,0.01,0.3,0.5,0.001,2.72807,0.83315
17,163,1,0.01,0.3,0.5,0.001,2.71454,0.75345
18,163,1,0.01,0.3,0.5,0.001,2.70779,0.67116
19,163,1,0.01,0.3,0.5,0.001,2.72738,0.7846
20,163,1,0.01,0.3,0.5,0.001,2.73011,0.76433
21,163,1,0.01,0.3,0.5,0.001,2.72612,0.76796
22,163,1,0.01,0.3,0.5,0.001,2.72687,0.87843
23,163,1,0.01,0.3,0.5,0.001,2.71456,0.81413
24,163,1,0.01,0.3,0.5,0.001,2.73938,0.75227
25,163,1,0.01,0.3,0.5,0.001,2.71268,0.73315
26,163,1,0.01,0.3,0.5,0.001,2.69688,0.63634
27,163,1,0.01,0.3,0.5,0.001,2.76481,0.88846
28,163,1,0.01,0.3,0.5,0.001,2.74035,0.8468
29,163,1,0.01,0.3,0.5,0.001,2.73187,0.81857
30,163,1,0.01,0.3,0.5,0.001,2.70842,0.77783
31,163,1,0.01,0.3,0.5,0.001,2.82463,1.07736
32,163,1,0.01,0.3,0.5,0.001,2.76583,0.91492
33,163,1,0.01,0.3,0.5,0.001,2.69294,0.65261
34,163,1,0.01,0.3,0.5,0.001,2.74469,0.81304
35,163,1,0.01,0.3,0.5,0.001,2.85483,1.15886
36,163,1,0.01,0.3,0.5,0.001,2.71241,0.78633
37,163,1,0.01,0.3,0.5,0.001,2.7221,0.76686
38,163,1,0.01,0.3,0.5,0.001,2.70289,0.78418
39,163,1,0.01,0.3,0.5,0.001,2.67367,0.62107
40,163,1,0.01,0.3,0.5,0.001,2.70797,0.7324
41,163,1,0.01,0.3,0.5,0.001,2.71272,0.78635
42,163,1,0.01,0.3,0.5,0.001,2.71325,0.79775
43,163,1,0.01,0.3,0.5,0.001,2.66094,0.58138
44,163,1,0.01,0.3,0.5,0.001,2.82126,1.10102
45,163,1,0.01,0.3,0.5,0.001,2.71641,0.74111
46,163,1,0.01,0.3,0.5,0.001,2.78083,0.95359
47,163,1,0.01,0.3,0.5,0.001,2.65982,0.58893
48,163,1,0.01,0.3,0.5,0.001,2.77934,0.93471
49,163,1,0.01,0.3,0.5,0.001,2.70976,0.76136
50,163,1,0.01,0.3,0.5,0.001,2.70154,0.8082
51,163,1,0.01,0.3,0.5,0.001,2.67561,0.6387
52,163,1,0.01,0.3,0.5,0.001,2.72758,0.82571
53,163,1,0.01,0.3,0.5,0.001,2.75539,0.94025
54,163,1,0.01,0.3,0.5,0.001,2.70215,0.71429
55,163,1,0.01,0.3,0.5,0.001,2.83924,1.12242
56,163,1,0.01,0.3,0.5,0.001,2.71388,0.77249
57,163,1,0.01,0.3,0.5,0.001,2.75636,0.95158
58,163,1,0.01,0.3,0.5,0.001,2.71525,0.73678
59,163,1,0.01,0.3,0.5,0.001,2.7353,0.79572
60,163,1,0.01,0.3,0.5,0.001,2.66282,0.6211
61,163,1,0.01,0.3,0.5,0.001,2.69704,0.75201
62,163,1,0.01,0.3,0.5,0.001,2.76706,0.97068
63,163,1,0.01,0.3,0.5,0.001,2.71455,0.76143
64,163,1,0.01,0.3,0.5,0.001,2.68683,0.71028
65,163,1,0.01,0.3,0.5,0.001,2.69268,0.63116
66,163,1,0.01,0.3,0.5,0.001,2.72071,0.78611
67,163,1,0.01,0.3,0.5,0.001,2.6958,0.73495
68,163,1,0.01,0.3,0.5,0.001,2.70622,0.70636
69,163,1,0.01,0.3,0.5,0.001,2.78818,0.95866
70,163,1,0.01,0.3,0.5,0.001,2.6746,0.64507
71,163,1,0.01,0.3,0.5,0.001,2.77225,0.91929
72,163,1,0.01,0.3,0.5,0.001,2.72696,0.76932
73,163,1,0.01,0.3,0.5,0.001,2.69681,0.7161
74,163,1,0.01,0.3,0.5,0.001,2.72575,0.78002
75,163,1,0.01,0.3,0.5,0.001,2.75009,0.80983
76,163,1,0.01,0.3,0.5,0.001,2.70067,0.83104
77,163,1,0.01,0.3,0.5,0.001,2.71084,0.67565
78,163,1,0.01,0.3,0.5,0.001,2.72529,0.7657
79,163,1,0.01,0.3,0.5,0.001,2.75285,0.92428
80,163,1,0.01,0.3,0.5,0.001,2.74072,0.84549
81,163,1,0.01,0.3,0.5,0.001,2.72908,0.78084
82,163,1,0.01,0.3,0.5,0.001,2.69155,0.70413
83,163,1,0.01,0.3,0.5,0.001,2.71925,0.81
84,163,1,0.01,0.3,0.5,0.001,2.70888,0.7411
85,163,1,0.01,0.3,0.5,0.001,2.70469,0.69873
86,163,1,0.01,0.3,0.5,0.001,2.71852,0.78654
87,163,1,0.01,0.3,0.5,0.001,2.72336,0.7642
88,163,1,0.01,0.3,0.5,0.001,2.72235,0.75889
89,163,1,0.01,0.3,0.5,0.001,2.72379,0.87203
90,163,1,0.01,0.3,0.5,0.001,2.70254,0.69746
91,163,1,0.01,0.3,0.5,0.001,2.711,0.76543
92,163,1,0.01,0.3,0.5,0.001,2.70222,0.66299
93,163,1,0.01,0.3,0.5,0.001,2.73547,0.8304
94,163,1,0.01,0.3,0.5,0.001,2.78049,1.03172
95,163,1,0.01,0.3,0.5,0.001,2.68884,0.63632
96,163,1,0.01,0.3,0.5,0.001,2.69716,0.67582
97,163,1,0.01,0.3,0.5,0.001,2.69122,0.64055
98,163,1,0.01,0.3,0.5,0.001,2.70789,0.76389
99,163,1,0.01,0.3,0.5,0.001,2.71345,0.76827
0,193,1,0.01,0.3,0.5,0.01,3.41457,0.12606
1,193,1,0.01,0.3,0.5,0.01,3.42614,0.31698
2,193,1,0.01,0.3,0.5,0.01,3.41681,0.19434
3,193,1,0.01,0.3,0.5,0.01,3.4151,0.18108
4,193,1,0.01,0.3,0.5,0.01,3.41496,0.15002
5,193,1,0.01,0.3,0.5,0.01,3.41433,0.17768
6,193,1,0.01,0.3,0.5,0.01,3.41327,0.13457
7,193,1,0.01,0.3,0.5,0.01,3.41994,0.26166
8,193,1,0.01,0.3,0.5,0.01,3.41431,0.14227
9,193,1,0.01,0.3,0.5,0.01,3.4155,0.18251
10,193,1,0.01,0.3,0.5,0.01,3.41733,0.18253
11,193,1,0.01,0.3,0.5,0.01,3.4145,0.13818
12,193,1,0.01,0.3,0.5,0.01,3.42023,0.25754
13,193,1,0.01,0.3,0.5,0.01,3.41729,0.17962
14,193,1,0.01,0.3,0.5,0.01,3.41766,0.24397
15,193,1,0.01,0.3,0.5,0.01,3.41686,0.20583
16,193,1,0.01,0.3,0.5,0.01,3.41861,0.22405
17,193,1,0.01,0.3,0.5,0.01,3.41683,0.17476
18,193,1,0.01,0.3,0.5,0.01,3.41423,0.15901
19,193,1,0.01,0.3,0.5,0.01,3.41808,0.20358
20,193,1,0.01,0.3,0.5,0.01,3.41424,0.15196
21,193,1,0.01,0.3,0.5,0.01,3.41446,0.13397
22,193,1,0.01,0.3,0.5,0.01,3.41683,0.18783
23,193,1,0.01,0.3,0.5,0.01,3.41426,0.16012
24,193,1,0.01,0.3,0.5,0.01,3.41551,0.15927
25,193,1,0.01,0.3,0.5,0.01,3.41419,0.16132
26,193,1,0.01,0.3,0.5,0.01,3.41614,0.19095
27,193,1,0.01,0.3,0.5,0.01,3.41583,0.15936
28,193,1,0.01,0.3,0.5,0.01,3.41518,0.15529
29,193,1,0.01,0.3,0.5,0.01,3.41652,0.18479
30,193,1,0.01,0.3,0.5,0.01,3.41725,0.19926
31,193,1,0.01,0.3,0.5,0.01,3.41786,0.19682
32,193,1,0.01,0.3,0.5,0.01,3.41582,0.14795
33,193,1,0.01,0.3,0.5,0.01,3.41303,0.16309
34,193,1,0.01,0.3,0.5,0.01,3.41429,0.1235
35,193,1,0.01,0.3,0.5,0.01,3.41403,0.12403
36,193,1,0.01,0.3,0.5,0.01,3.42152,0.25098
37,193,1,0.01,0.3,0.5,0.01,3.41342,0.11385
38,193,1,0.01,0.3,0.5,0.01,3.41254,0.1039
39,193,1,0.01,0.3,0.5,0.01,3.42188,0.23486
40,193,1,0.01,0.3,0.5,0.01,3.41361,0.14503
41,193,1,0.01,0.3,0.5,0.01,3.41727,0.19704
42,193,1,0.01,0.3,0.5,0.01,3.41845,0.22586
43,193,1,0.01,0.3,0.5,0.01,3.41518,0.15497
44,193,1,0.01,0.3,0.5,0.01,3.41735,0.22244
45,193,1,0.01,0.3,0.5,0.01,3.41443,0.13043
46,193,1,0.01,0.3,0.5,0.01,3.41549,0.16699
47,193,1,0.01,0.3,0.5,0.01,3.41631,0.17744
48,193,1,0.01,0.3,0.5,0.01,3.41614,0.15708
49,193,1,0.01,0.3,0.5,0.01,3.41496,0.16611
50,193,1,0.01,0.3,0.5,0.01,3.4209,0.22904
51,193,1,0.01,0.3,0.5,0.01,3.41437,0.15252
52,193,1,0.01,0.3,0.5,0.01,3.41401,0.13508
53,193,1,0.01,0.3,0.5,0.01,3.41556,0.18146
54,193,1,0.01,0.3,0.5,0.01,3.41429,0.15981
55,193,1,0.01,0.3,0.5,0.01,3.41659,0.2019
56,193,1,0.01,0.3,0.5,0.01,3.41314,0.10215
57,193,1,0.01,0.3,0.5,0.01,3.41479,0.17813
58,193,1,0.01,0.3,0.5,0.01,3.41788,0.19071
59,193,1,0.01,0.3,0.5,0.01,3.41421,0.13367
60,193,1,0.01,0.3,0.5,0.01,3.41581,0.18481
61,193,1,0.01,0.3,0.5,0.01,3.41629,0.17988
62,193,1,0.01,0.3,0.5,0.01,3.41563,0.16421
63,193,1,0.01,0.3,0.5,0.01,3.41566,0.17418
64,193,1,0.01,0.3,0.5,0.01,3.41919,0.22737
65,193,1,0.01,0.3,0.5,0.01,3.42042,0.24371
66,193,1,0.01,0.3,0.5,0.01,3.42155,0.27273
67,193,1,0.01,0.3,0.5,0.01,3.41514,0.16485
68,193,1,0.01,0.3,0.5,0.01,3.41678,0.17732
69,193,1,0.01,0.3,0.5,0.01,3.41675,0.22304
70,193,1,0.01,0.3,0.5,0.01,3.41821,0.22451
71,193,1,0.01,0.3,0.5,0.01,3.41453,0.13766
72,193,1,0.01,0.3,0.5,0.01,3.41293,0.09668
73,193,1,0.01,0.3,0.5,0.01,3.41485,0.16668
74,193,1,0.01,0.3,0.5,0.01,3.41565,0.16832
75,193,1,0.01,0.3,0.5,0.01,3.41688,0.20677
76,193,1,0.01,0.3,0.5,0.01,3.41582,0.17412
77,193,1,0.01,0.3,0.5,0.01,3.41585,0.15827
78,193,1,0.01,0.3,0.5,0.01,3.41496,0.17434
79,193,1,0.01,0.3,0.5,0.01,3.41716,0.19016
80,193,1,0.01,0.3,0.5,0.01,3.42196,0.26402
81,193,1,0.01,0.3,0.5,0.01,3.41358,0.1109
82,193,1,0.01,0.3,0.5,0.01,3.41638,0.18713
83,193,1,0.01,0.3,0.5,0.01,3.41827,0.21137
84,193,1,0.01,0.3,0.5,0.01,3.41857,0.19355
85,193,1,0.01,0.3,0.5,0.01,3.41526,0.15805
86,193,1,0.01,0.3,0.5,0.01,3.41528,0.16835
87,193,1,0.01,0.3,0.5,0.01,3.41376,0.11834
88,193,1,0.01,0.3,0.5,0.01,3.4135,0.12187
89,193,1,0.01,0.3,0.5,0.01,3.41686,0.19327
90,193,1,0.01,0.3,0.5,0.01,3.421,0.24349
91,193,1,0.01,0.3,0.5,0.01,3.41899,0.21933
92,193,1,0.01,0.3,0.5,0.01,3.41511,0.19647
93,193,1,0.01,0.3,0.5,0.01,3.41699,0.18863
94,193,1,0.01,0.3,0.5,0.01,3.41677,0.2273
95,193,1,0.01,0.3,0.5,0.01,3.42149,0.25144
96,193,1,0.01,0.3,0.5,0.01,3.41387,0.13902
97,193,1,0.01,0.3,0.5,0.01,3.41707,0.19857
98,193,1,0.01,0.3,0.5,0.01,3.41467,0.1318
99,193,1,0.01,0.3,0.5,0.01,3.41788,0.22363
0,193,1,0.01,0.3,0.5,0.0025,3.04412,0.29781
1,193,1,0.01,0.3,0.5,0.0025,3.09761,0.64557
2,193,1,0.01,0.3,0.5,0.0025,3.05969,0.44319
3,193,1,0.01,0.3,0.5,0.0025,3.04742,0.36508
4,193,1,0.01,0.3,0.5,0.0025,3.05206,0.40289
5,193,1,0.01,0.3,0.5,0.0025,3.04093,0.3556
6,193,1,0.01,0.3,0.5,0.0025,3.05244,0.42401
7,193,1,0.01,0.3,0.5,0.0025,3.09594,0.70446
8,193,1,0.01,0.3,0.5,0.0025,3.04833,0.36213
9,193,1,0.01,0.3,0.5,0.0025,3.05713,0.41663
10,193,1,0.01,0.3,0.5,0.0025,3.05309,0.44197
11,193,1,0.01,0.3,0.5,0.0025,3.04484,0.33296
12,193,1,0.01,0.3,0.5,0.0025,3.06167,0.50214
13,193,1,0.01,0.3,0.5,0.0025,3.05846,0.41009
14,193,1,0.01,0.3,0.5,0.0025,3.06197,0.51246
15,193,1,0.01,0.3,0.5,0.0025,3.062,0.49778
16,193,1,0.01,0.3,0.5,0.0025,3.05352,0.40627
17,193,1,0.01,0.3,0.5,0.0025,3.05721,0.42551
18,193,1,0.01,0.3,0.5,0.0025,3.0504,0.4159
19,193,1,0.01,0.3,0.5,0.0025,3.05451,0.38959
20,193,1,0.01,0.3,0.5,0.0025,3.04891,0.35996
21,193,1,0.01,0.3,0.5,0.0025,3.04387,0.2946
22,193,1,0.01,0.3,0.5,0.0025,3.04934,0.36505
23,193,1,0.01,0.3,0.5,0.0025,3.04663,0.40618
24,193,1,0.01,0.3,0.5,0.0025,3.04896,0.34847
25,193,1,0.01,0.3,0.5,0.0025,3.05127,0.4566
26,193,1,0.01,0.3,0.5,0.0025,3.04939,0.40811
27,193,1,0.01,0.3,0.5,0.0025,3.05388,0.37575
28,193,1,0.01,0.3,0.5,0.0025,3.0471,0.35383
29,193,1,0.01,0.3,0.5,0.0025,3.07281,0.52695
30,193,1,0.01,0.3,0.5,0.0025,3.05119,0.38403
31,193,1,0.01,0.3,0.5,0.0025,3.0715,0.52265
32,193,1,0.01,0.3,0.5,0.0025,3.0479,0.33474
33,193,1,0.01,0.3,0.5,0.0025,3.04347,0.3722
34,193,1,0.01,0.3,0.5,0.0025,3.0533,0.36903
35,193,1,0.01,0.3,0.5,0.0025,3.04821,0.33884
36,193,1,0.01,0.3,0.5,0.0025,3.06469,0.45934
37,193,1,0.01,0.3,0.5,0.0025,3.04299,0.30903
38,193,1,0.01,0.3,0.5,0.0025,3.04355,0.30147
39,193,1,0.01,0.3,0.5,0.0025,3.07021,0.46267
40,193,1,0.01,0.3,0.5,0.0025,3.05528,0.44844
41,193,1,0.01,0.3,0.5,0.0025,3.05641,0.46219
42,193,1,0.01,0.3,0.5,0.0025,3.06193,0.47076
43,193,1,0.01,0.3,0.5,0.0025,3.05107,0.38945
44,193,1,0.01,0.3,0.5,0.0025,3.05118,0.43777
45,193,1,0.01,0.3,0.5,0.0025,3.04224,0.29237
46,193,1,0.01,0.3,0.5,0.0025,3.05414,0.42182
47,193,1,0.01,0.3,0.5,0.0025,3.04459,0.33771
48,193,1,0.01,0.3,0.5,0.0025,3.05172,0.37115
49,193,1,0.01,0.3,0.5,0.0025,3.05092,0.40772
50,193,1,0.01,0.3,0.5,0.0025,3.08116,0.53099
51,193,1,0.01,0.3,0.5,0.0025,3.0506,0.42683
52,193,1,0.01,0.3,0.5,0.0025,3.04582,0.32682
53,193,1,0.01,0.3,0.5,0.0025,3.04797,0.37053
54,193,1,0.01,0.3,0.5,0.0025,3.04736,0.39343
55,193,1,0.01,0.3,0.5,0.0025,3.04934,0.3859
56,193,1,0.01,0.3,0.5,0.0025,3.04371,0.28183
57,193,1,0.01,0.3,0.5,0.0025,3.04568,0.40186
58,193,1,0.01,0.3,0.5,0.0025,3.06467,0.44298
59,193,1,0.01,0.3,0.5,0.0025,3.04644,0.35199
60,193,1,0.01,0.3,0.5,0.0025,3.05604,0.42036
61,193,1,0.01,0.3,0.5,0.0025,3.04984,0.34777
62,193,1,0.01,0.3,0.5,0.0025,3.04781,0.39425
63,193,1,0.01,0.3,0.5,0.0025,3.04768,0.41124
64,193,1,0.01,0.3,0.5,0.0025,3.05348,0.46428
65,193,1,0.01,0.3,0.5,0.0025,3.05869,0.44501
66,193,1,0.01,0.3,0.5,0.0025,3.08721,0.63707
67,193,1,0.01,0.3,0.5,0.0025,3.04569,0.33343
68,193,1,0.01,0.3,0.5,0.0025,3.05951,0.43079
69,193,1,0.01,0.3,0.5,0.0025,3.05539,0.45487
70,193,1,0.01,0.3,0.5,0.0025,3.0605,0.45423
71,193,1,0.01,0.3,0.5,0.0025,3.04892,0.37535
72,193,1,0.01,0.3,0.5,0.0025,3.04073,0.32586
73,193,1,0.01,0.3,0.5,0.0025,3.04466,0.35094
74,193,1,0.01,0.3,0.5,0.0025,3.05188,0.40231
75,193,1,0.01,0.3,0.5,0.0025,3.05285,0.44527
76,193,1,0.01,0.3,0.5,0.0025,3.05393,0.39716
77,193,1,0.01,0.3,0.5,0.0025,3.05168,0.38203
78,193,1,0.01,0.3,0.5,0.0025,3.05242,0.42741
79,193,1,0.01,0.3,0.5,0.0025,3.0556,0.39842
80,193,1,0.01,0.3,0.5,0.0025,3.07056,0.51954
81,193,1,0.01,0.3,0.5,0.0025,3.04923,0.33401
82,193,1,0.01,0.3,0.5,0.0025,3.05576,0.48871
83,193,1,0.01,0.3,0.5,0.0025,3.06384,0.44102
84,193,1,0.01,0.3,0.5,0.0025,3.05854,0.39669
85,193,1,0.01,0.3,0.5,0.0025,3.05207,0.38465
86,193,1,0.01,0.3,0.5,0.0025,3.05284,0.39831
87,193,1,0.01,0.3,0.5,0.0025,3.03998,0.28915
88,193,1,0.01,0.3,0.5,0.0025,3.05049,0.36515
89,193,1,0.01,0.3,0.5,0.0025,3.04967,0.37784
90,193,1,0.01,0.3,0.5,0.0025,3.06557,0.47832
91,193,1,0.01,0.3,0.5,0.0025,3.06068,0.46493
92,193,1,0.01,0.3,0.5,0.0025,3.04947,0.39654
93,193,1,0.01,0.3,0.5,0.0025,3.05196,0.38102
94,193,1,0.01,0.3,0.5,0.0025,3.05167,0.43119
95,193,1,0.01,0.3,0.5,0.0025,3.06163,0.44348
96,193,1,0.01,0.3,0.5,0.0025,3.04762,0.39161
97,193,1,0.01,0.3,0.5,0.0025,3.05978,0.45973
98,193,1,0.01,0.3,0.5,0.0025,3.04939,0.31391
99,193,1,0.01,0.3,0.5,0.0025,3.06204,0.49612
0,193,1,0.01,0.3,0.5,0.001,2.67017,0.56944
1,193,1,0.01,0.3,0.5,0.001,2.78509,0.95655
2,193,1,0.01,0.3,0.5,0.001,2.7097,0.72792
3,193,1,0.01,0.3,0.5,0.001,2.68512,0.62555
4,193,1,0.01,0.3,0.5,0.001,2.70492,0.74458
5,193,1,0.01,0.3,0.5,0.001,2.65864,0.59033
6,193,1,0.01,0.3,0.5,0.001,2.71419,0.80647
7,193,1,0.01,0.3,0.5,0.001,2.82585,1.14852
8,193,1,0.01,0.3,0.5,0.001,2.6775,0.62576
9,193,1,0.01,0.3,0.5,0.001,2.69514,0.67229
10,193,1,0.01,0.3,0.5,0.001,2.70262,0.76226
11,193,1,0.01,0.3,0.5,0.001,2.66557,0.56353
12,193,1,0.01,0.3,0.5,0.001,2.72632,0.84756
13,193,1,0.01,0.3,0.5,0.001,2.70294,0.6931
14,193,1,0.01,0.3,0.5,0.001,2.73225,0.85963
15,193,1,0.01,0.3,0.5,0.001,2.75824,0.92746
16,193,1,0.01,0.3,0.5,0.001,2.70228,0.72782
17,193,1,0.01,0.3,0.5,0.001,2.69863,0.72375
18,193,1,0.01,0.3,0.5,0.001,2.7111,0.78795
19,193,1,0.01,0.3,0.5,0.001,2.67853,0.60855
20,193,1,0.01,0.3,0.5,0.001,2.67882,0.61424
21,193,1,0.01,0.3,0.5,0.001,2.66991,0.57205
22,193,1,0.01,0.3,0.5,0.001,2.68347,0.63335
23,193,1,0.01,0.3,0.5,0.001,2.69605,0.73073
24,193,1,0.01,0.3,0.5,0.001,2.67655,0.60255
25,193,1,0.01,0.3,0.5,0.001,2.71183,0.8127
26,193,1,0.01,0.3,0.5,0.001,2.67769,0.65608
27,193,1,0.01,0.3,0.5,0.001,2.69725,0.6479
28,193,1,0.01,0.3,0.5,0.001,2.69584,0.69575
29,193,1,0.01,0.3,0.5,0.001,2.77097,0.91524
30,193,1,0.01,0.3,0.5,0.001,2.69413,0.67224
31,193,1,0.01,0.3,0.5,0.001,2.73921,0.83586
32,193,1,0.01,0.3,0.5,0.001,2.67691,0.58782
33,193,1,0.01,0.3,0.5,0.001,2.68213,0.63377
34,193,1,0.01,0.3,0.5,0.001,2.68964,0.66966
35,193,1,0.01,0.3,0.5,0.001,2.68772,0.6611
36,193,1,0.01,0.3,0.5,0.001,2.71962,0.74693
37,193,1,0.01,0.3,0.5,0.001,2.67493,0.5865
38,193,1,0.01,0.3,0.5,0.001,2.69389,0.63758
39,193,1,0.01,0.3,0.5,0.001,2.73606,0.76307
40,193,1,0.01,0.3,0.5,0.001,2.70764,0.76468
41,193,1,0.01,0.3,0.5,0.001,2.69731,0.74548
42,193,1,0.01,0.3,0.5,0.001,2.71992,0.78483
43,193,1,0.01,0.3,0.5,0.001,2.71217,0.75754
44,193,1,0.01,0.3,0.5,0.001,2.68409,0.747
45,193,1,0.01,0.3,0.5,0.001,2.66474,0.56928
46,193,1,0.01,0.3,0.5,0.001,2.72737,0.82789
47,193,1,0.01,0.3,0.5,0.001,2.67168,0.63675
48,193,1,0.01,0.3,0.5,0.001,2.68695,0.66337
49,193,1,0.01,0.3,0.5,0.001,2.6871,0.70019
50,193,1,0.01,0.3,0.5,0.001,2.77183,0.89096
51,193,1,0.01,0.3,0.5,0.001,2.70592,0.7799
52,193,1,0.01,0.3,0.5,0.001,2.68939,0.69408
53,193,1,0.01,0.3,0.5,0.001,2.6822,0.61846
54,193,1,0.01,0.3,0.5,0.001,2.68344,0.68021
55,193,1,0.01,0.3,0.5,0.001,2.67522,0.61767
56,193,1,0.01,0.3,0.5,0.001,2.68603,0.58543
57,193,1,0.01,0.3,0.5,0.001,2.68206,0.69342
58,193,1,0.01,0.3,0.5,0.001,2.72183,0.75865
59,193,1,0.01,0.3,0.5,0.001,2.6821,0.65054
60,193,1,0.01,0.3,0.5,0.001,2.69696,0.71198
61,193,1,0.01,0.3,0.5,0.001,2.68342,0.60295
62,193,1,0.01,0.3,0.5,0.001,2.68812,0.698
63,193,1,0.01,0.3,0.5,0.001,2.70634,0.79042
64,193,1,0.01,0.3,0.5,0.001,2.70003,0.77022
65,193,1,0.01,0.3,0.5,0.001,2.69367,0.71721
66,193,1,0.01,0.3,0.5,0.001,2.78321,1.00441
67,193,1,0.01,0.3,0.5,0.001,2.66824,0.54511
68,193,1,0.01,0.3,0.5,0.001,2.71581,0.74831
69,193,1,0.01,0.3,0.5,0.001,2.69058,0.73792
70,193,1,0.01,0.3,0.5,0.001,2.70398,0.71992
71,193,1,0.01,0.3,0.5,0.001,2.68769,0.64703
72,193,1,0.01,0.3,0.5,0.001,2.68448,0.68827
73,193,1,0.01,0.3,0.5,0.001,2.6852,0.64063
74,193,1,0.01,0.3,0.5,0.001,2.70409,0.76466
75,193,1,0.01,0.3,0.5,0.001,2.69795,0.77564
76,193,1,0.01,0.3,0.5,0.001,2.68808,0.67027
77,193,1,0.01,0.3,0.5,0.001,2.6963,0.69891
78,193,1,0.01,0.3,0.5,0.001,2.72094,0.80056
79,193,1,0.01,0.3,0.5,0.001,2.71952,0.74296
80,193,1,0.01,0.3,0.5,0.001,2.71304,0.78501
81,193,1,0.01,0.3,0.5,0.001,2.69248,0.63156
82,193,1,0.01,0.3,0.5,0.001,2.7244,0.82124
83,193,1,0.01,0.3,0.5,0.001,2.72486,0.75333
84,193,1,0.01,0.3,0.5,0.001,2.70471,0.68475
85,193,1,0.01,0.3,0.5,0.001,2.69798,0.68889
86,193,1,0.01,0.3,0.5,0.001,2.70109,0.6955
87,193,1,0.01,0.3,0.5,0.001,2.65738,0.54569
88,193,1,0.01,0.3,0.5,0.001,2.70288,0.68395
89,193,1,0.01,0.3,0.5,0.001,2.67976,0.63254
90,193,1,0.01,0.3,0.5,0.001,2.71751,0.75942
91,193,1,0.01,0.3,0.5,0.001,2.71974,0.77812
92,193,1,0.01,0.3,0.5,0.001,2.68873,0.68307
93,193,1,0.01,0.3,0.5,0.001,2.71274,0.74271
94,193,1,0.01,0.3,0.5,0.001,2.67913,0.69993
95,193,1,0.01,0.3,0.5,0.001,2.70556,0.71948
96,193,1,0.01,0.3,0.5,0.001,2.67821,0.64627
97,193,1,0.01,0.3,0.5,0.001,2.72004,0.77321
98,193,1,0.01,0.3,0.5,0.001,2.69079,0.60703
99,193,1,0.01,0.3,0.5,0.001,2.76128,0.97005
0,227,1,0.01,0.3,0.5,0.01,3.41558,0.16502
1,227,1,0.01,0.3,0.5,0.01,3.41811,0.20075
2,227,1,0.01,0.3,0.5,0.01,3.41974,0.25735
3,227,1,0.01,0.3,0.5,0.01,3.41611,0.19186
4,227,1,0.01,0.3,0.5,0.01,3.42179,0.25798
5,227,1,0.01,0.3,0.5,0.01,3.41596,0.23586
6,227,1,0.01,0.3,0.5,0.01,3.41345,0.13864
7,227,1,0.01,0.3,0.5,0.01,3.4137,0.13147
8,227,1,0.01,0.3,0.5,0.01,3.41417,0.12327
9,227,1,0.01,0.3,0.5,0.01,3.4156,0.18505
10,227,1,0.01,0.3,0.5,0.01,3.41578,0.19352
11,227,1,0.01,0.3,0.5,0.01,3.41538,0.15474
12,227,1,0.01,0.3,0.5,0.01,3.41553,0.18524
13,227,1,0.01,0.3,0.5,0.01,3.41737,0.21206
14,227,1,0.01,0.3,0.5,0.01,3.41343,0.13436
15,227,1,0.01,0.3,0.5,0.01,3.41413,0.11948
16,227,1,0.01,0.3,0.5,0.01,3.41507,0.15666
17,227,1,0.01,0.3,0.5,0.01,3.41836,0.21662
18,227,1,0.01,0.3,0.5,0.01,3.41563,0.17441
19,227,1,0.01,0.3,0.5,0.01,3.4169,0.18881
20,227,1,0.01,0.3,0.5,0.01,3.41438,0.1605
21,227,1,0.01,0.3,0.5,0.01,3.41539,0.17846
22,227,1,0.01,0.3,0.5,0.01,3.41587,0.17624
23,227,1,0.01,0.3,0.5,0.01,3.41614,0.20172
24,227,1,0.01,0.3,0.5,0.01,3.42152,0.26995
25,227,1,0.01,0.3,0.5,0.01,3.41376,0.13665
26,227,1,0.01,0.3,0.5,0.01,3.41664,0.18374
27,227,1,0.01,0.3,0.5,0.01,3.41385,0.14785
28,227,1,0.01,0.3,0.5,0.01,3.41479,0.15463
29,227,1,0.01,0.3,0.5,0.01,3.41595,0.18284
30,227,1,0.01,0.3,0.5,0.01,3.41444,0.13707
31,227,1,0.01,0.3,0.5,0.01,3.41449,0.17631
32,227,1,0.01,0.3,0.5,0.01,3.41414,0.1488
33,227,1,0.01,0.3,0.5,0.01,3.41343,0.12986
34,227,1,0.01,0.3,0.5,0.01,3.41676,0.20146
35,227,1,0.01,0.3,0.5,0.01,3.41699,0.22349
36,227,1,0.01,0.3,0.5,0.01,3.41531,0.15374
37,227,1,0.01,0.3,0.5,0.01,3.41504,0.14555
38,227,1,0.01,0.3,0.5,0.01,3.41479,0.16853
39,227,1,0.01,0.3,0.5,0.01,3.41346,0.11379
40,227,1,0.01,0.3,0.5,0.01,3.414,0.14689
41,227,1,0.01,0.3,0.5,0.01,3.41773,0.19086
42,227,1,0.01,0.3,0.5,0.01,3.41462,0.19407
43,227,1,0.01,0.3,0.5,0.01,3.41747,0.19294
44,227,1,0.01,0.3,0.5,0.01,3.4133,0.15217
45,227,1,0.01,0.3,0.5,0.01,3.41735,0.19875
46,227,1,0.01,0.3,0.5,0.01,3.41678,0.20273
47,227,1,0.01,0.3,0.5,0.01,3.41382,0.12891
48,227,1,0.01,0.3,0.5,0.01,3.4135,0.12916
49,227,1,0.01,0.3,0.5,0.01,3.41594,0.15837
50,227,1,0.01,0.3,0.5,0.01,3.41613,0.17335
51,227,1,0.01,0.3,0.5,0.01,3.41454,0.16274
52,227,1,0.01,0.3,0.5,0.01,3.41348,0.12716
53,227,1,0.01,0.3,0.5,0.01,3.41854,0.22235
54,227,1,0.01,0.3,0.5,0.01,3.41377,0.15319
55,227,1,0.01,0.3,0.5,0.01,3.417,0.20018
56,227,1,0.01,0.3,0.5,0.01,3.41598,0.17732
57,227,1,0.01,0.3,0.5,0.01,3.41414,0.13578
58,227,1,0.01,0.3,0.5,0.01,3.41543,0.1593
59,227,1,0.01,0.3,0.5,0.01,3.41509,0.1733
60,227,1,0.01,0.3,0.5,0.01,3.41422,0.14
61,227,1,0.01,0.3,0.5,0.01,3.41612,0.19705
62,227,1,0.01,0.3,0.5,0.01,3.42157,0.24743
63,227,1,0.01,0.3,0.5,0.01,3.41675,0.18383
64,227,1,0.01,0.3,0.5,0.01,3.41736,0.18733
65,227,1,0.01,0.3,0.5,0.01,3.41338,0.12581
66,227,1,0.01,0.3,0.5,0.01,3.41283,0.11581
67,227,1,0.01,0.3,0.5,0.01,3.41642,0.18465
68,227,1,0.01,0.3,0.5,0.01,3.41361,0.15234
69,227,1,0.01,0.3,0.5,0.01,3.4157,0.17132
70,227,1,0.01,0.3,0.5,0.01,3.41497,0.15456
71,227,1,0.01,0.3,0.5,0.01,3.41488,0.14596
72,227,1,0.01,0.3,0.5,0.01,3.41505,0.13972
73,227,1,0.01,0.3,0.5,0.01,3.4151,0.15206
74,227,1,0.01,0.3,0.5,0.01,3.41613,0.1712
75,227,1,0.01,0.3,0.5,0.01,3.41349,0.1168
76,227,1,0.01,0.3,0.5,0.01,3.42047,0.24
77,227,1,0.01,0.3,0.5,0.01,3.41783,0.20387
78,227,1,0.01,0.3,0.5,0.01,3.41301,0.10753
79,227,1,0.01,0.3,0.5,0.01,3.41464,0.18914
80,227,1,0.01,0.3,0.5,0.01,3.4159,0.1913
81,227,1,0.01,0.3,0.5,0.01,3.41441,0.15161
82,227,1,0.01,0.3,0.5,0.01,3.41275,0.10424
83,227,1,0.01,0.3,0.5,0.01,3.41515,0.14894
84,227,1,0.01,0.3,0.5,0.01,3.41702,0.20412
85,227,1,0.01,0.3,0.5,0.01,3.41418,0.127
86,227,1,0.01,0.3,0.5,0.01,3.41264,0.11752
87,227,1,0.01,0.3,0.5,0.01,3.41489,0.16746
88,227,1,0.01,0.3,0.5,0.01,3.41639,0.17712
89,227,1,0.01,0.3,0.5,0.01,3.41407,0.14752
90,227,1,0.01,0.3,0.5,0.01,3.41628,0.19845
91,227,1,0.01,0.3,0.5,0.01,3.41358,0.14571
92,227,1,0.01,0.3,0.5,0.01,3.41356,0.13787
93,227,1,0.01,0.3,0.5,0.01,3.41658,0.20119
94,227,1,0.01,0.3,0.5,0.01,3.41385,0.13505
95,227,1,0.01,0.3,0.5,0.01,3.41879,0.23161
96,227,1,0.01,0.3,0.5,0.01,3.41348,0.11899
97,227,1,0.01,0.3,0.5,0.01,3.41688,0.19488
98,227,1,0.01,0.3,0.5,0.01,3.41775,0.18184
99,227,1,0.01,0.3,0.5,0.01,3.4147,0.16119
0,227,1,0.01,0.3,0.5,0.0025,3.04776,0.37131
1,227,1,0.01,0.3,0.5,0.0025,3.05272,0.40253
2,227,1,0.01,0.3,0.5,0.0025,3.06744,0.51683
3,227,1,0.01,0.3,0.5,0.0025,3.05299,0.43586
4,227,1,0.01,0.3,0.5,0.0025,3.07054,0.50551
5,227,1,0.01,0.3,0.5,0.0025,3.0563,0.50409
6,227,1,0.01,0.3,0.5,0.0025,3.04896,0.35876
7,227,1,0.01,0.3,0.5,0.0025,3.04537,0.2995
8,227,1,0.01,0.3,0.5,0.0025,3.04537,0.33591
9,227,1,0.01,0.3,0.5,0.0025,3.05116,0.37453
10,227,1,0.01,0.3,0.5,0.0025,3.05817,0.42929
11,227,1,0.01,0.3,0.5,0.0025,3.04814,0.38863
12,227,1,0.01,0.3,0.5,0.0025,3.04573,0.36654
13,227,1,0.01,0.3,0.5,0.0025,3.05052,0.39511
14,227,1,0.01,0.3,0.5,0.0025,3.0402,0.31059
15,227,1,0.01,0.3,0.5,0.0025,3.04337,0.26984
16,227,1,0.01,0.3,0.5,0.0025,3.04572,0.32532
17,227,1,0.01,0.3,0.5,0.0025,3.05261,0.39556
18,227,1,0.01,0.3,0.5,0.0025,3.05268,0.39577
19,227,1,0.01,0.3,0.5,0.0025,3.05077,0.37487
20,227,1,0.01,0.3,0.5,0.0025,3.04622,0.32857
21,227,1,0.01,0.3,0.5,0.0025,3.04784,0.36224
22,227,1,0.01,0.3,0.5,0.0025,3.05105,0.38776
23,227,1,0.01,0.3,0.5,0.0025,3.05587,0.42348
24,227,1,0.01,0.3,0.5,0.0025,3.07017,0.53682
25,227,1,0.01,0.3,0.5,0.0025,3.04027,0.32533
26,227,1,0.01,0.3,0.5,0.0025,3.06196,0.46655
27,227,1,0.01,0.3,0.5,0.0025,3.04431,0.37367
28,227,1,0.01,0.3,0.5,0.0025,3.04678,0.3603
29,227,1,0.01,0.3,0.5,0.0025,3.04787,0.3691
30,227,1,0.01,0.3,0.5,0.0025,3.04276,0.30105
31,227,1,0.01,0.3,0.5,0.0025,3.03919,0.31936
32,227,1,0.01,0.3,0.5,0.0025,3.04396,0.37281
33,227,1,0.01,0.3,0.5,0.0025,3.04431,0.36534
34,227,1,0.01,0.3,0.5,0.0025,3.05325,0.43294
35,227,1,0.01,0.3,0.5,0.0025,3.05572,0.48784
36,227,1,0.01,0.3,0.5,0.0025,3.048,0.41512
37,227,1,0.01,0.3,0.5,0.0025,3.04414,0.31542
38,227,1,0.01,0.3,0.5,0.0025,3.04651,0.40334
39,227,1,0.01,0.3,0.5,0.0025,3.039,0.26758
40,227,1,0.01,0.3,0.5,0.0025,3.04909,0.39736
41,227,1,0.01,0.3,0.5,0.0025,3.05146,0.3749
42,227,1,0.01,0.3,0.5,0.0025,3.05616,0.48861
43,227,1,0.01,0.3,0.5,0.0025,3.06413,0.44502
44,227,1,0.01,0.3,0.5,0.0025,3.04213,0.32677
45,227,1,0.01,0.3,0.5,0.0025,3.05223,0.40854
46,227,1,0.01,0.3,0.5,0.0025,3.05161,0.45454
47,227,1,0.01,0.3,0.5,0.0025,3.04245,0.32337
48,227,1,0.01,0.3,0.5,0.0025,3.04011,0.30363
49,227,1,0.01,0.3,0.5,0.0025,3.04863,0.33647
50,227,1,0.01,0.3,0.5,0.0025,3.05837,0.43144
51,227,1,0.01,0.3,0.5,0.0025,3.05341,0.50656
52,227,1,0.01,0.3,0.5,0.0025,3.04205,0.32983
53,227,1,0.01,0.3,0.5,0.0025,3.05486,0.46878
54,227,1,0.01,0.3,0.5,0.0025,3.05315,0.47145
55,227,1,0.01,0.3,0.5,0.0025,3.05527,0.4466
56,227,1,0.01,0.3,0.5,0.0025,3.05132,0.38904
57,227,1,0.01,0.3,0.5,0.0025,3.04629,0.37184
58,227,1,0.01,0.3,0.5,0.0025,3.05236,0.37868
59,227,1,0.01,0.3,0.5,0.0025,3.04576,0.38404
60,227,1,0.01,0.3,0.5,0.0025,3.04574,0.35086
61,227,1,0.01,0.3,0.5,0.0025,3.05555,0.40589
62,227,1,0.01,0.3,0.5,0.0025,3.06808,0.46539
63,227,1,0.01,0.3,0.5,0.0025,3.05532,0.40426
64,227,1,0.01,0.3,0.5,0.0025,3.05003,0.3604
65,227,1,0.01,0.3,0.5,0.0025,3.04131,0.28783
66,227,1,0.01,0.3,0.5,0.0025,3.03953,0.26982
67,227,1,0.01,0.3,0.5,0.0025,3.05782,0.4178
68,227,1,0.01,0.3,0.5,0.0025,3.0388,0.30034
69,227,1,0.01,0.3,0.5,0.0025,3.05797,0.43618
70,227,1,0.01,0.3,0.5,0.0025,3.04645,0.35511
71,227,1,0.01,0.3,0.5,0.0025,3.04783,0.3646
72,227,1,0.01,0.3,0.5,0.0025,3.05263,0.37177
73,227,1,0.01,0.3,0.5,0.0025,3.05157,0.36641
74,227,1,0.01,0.3,0.5,0.0025,3.06213,0.4659
75,227,1,0.01,0.3,0.5,0.0025,3.04651,0.34329
76,227,1,0.01,0.3,0.5,0.0025,3.06773,0.48384
77,227,1,0.01,0.3,0.5,0.0025,3.05947,0.4242
78,227,1,0.01,0.3,0.5,0.0025,3.03997,0.28936
79,227,1,0.01,0.3,0.5,0.0025,3.05291,0.44571
80,227,1,0.01,0.3,0.5,0.0025,3.05183,0.38875
81,227,1,0.01,0.3,0.5,0.0025,3.04148,0.3167
82,227,1,0.01,0.3,0.5,0.0025,3.04807,0.33294
83,227,1,0.01,0.3,0.5,0.0025,3.04959,0.33514
84,227,1,0.01,0.3,0.5,0.0025,3.04407,0.3593
85,227,1,0.01,0.3,0.5,0.0025,3.04356,0.26643
86,227,1,0.01,0.3,0.5,0.0025,3.0404,0.26654
87,227,1,0.01,0.3,0.5,0.0025,3.05435,0.41015
88,227,1,0.01,0.3,0.5,0.0025,3.05504,0.42663
89,227,1,0.01,0.3,0.5,0.0025,3.04631,0.33505
90,227,1,0.01,0.3,0.5,0.0025,3.05348,0.41718
91,227,1,0.01,0.3,0.5,0.0025,3.04269,0.36022
92,227,1,0.01,0.3,0.5,0.0025,3.04161,0.35399
93,227,1,0.01,0.3,0.5,0.0025,3.04987,0.378
94,227,1,0.01,0.3,0.5,0.0025,3.04555,0.36324
95,227,1,0.01,0.3,0.5,0.0025,3.06473,0.50052
96,227,1,0.01,0.3,0.5,0.0025,3.04741,0.36981
97,227,1,0.01,0.3,0.5,0.0025,3.05453,0.40721
98,227,1,0.01,0.3,0.5,0.0025,3.05782,0.40659
99,227,1,0.01,0.3,0.5,0.0025,3.04712,0.37531
0,227,1,0.01,0.3,0.5,0.001,2.67986,0.64053
1,227,1,0.01,0.3,0.5,0.001,2.68855,0.66809
2,227,1,0.01,0.3,0.5,0.001,2.72869,0.84172
3,227,1,0.01,0.3,0.5,0.001,2.68049,0.67759
4,227,1,0.01,0.3,0.5,0.001,2.73367,0.79393
5,227,1,0.01,0.3,0.5,0.001,2.72585,0.8587
6,227,1,0.01,0.3,0.5,0.001,2.68997,0.66818
7,227,1,0.01,0.3,0.5,0.001,2.67993,0.56904
8,227,1,0.01,0.3,0.5,0.001,2.69059,0.66164
9,227,1,0.01,0.3,0.5,0.001,2.67956,0.59605
10,227,1,0.01,0.3,0.5,0.001,2.7177,0.75321
11,227,1,0.01,0.3,0.5,0.001,2.68221,0.63943
12,227,1,0.01,0.3,0.5,0.001,2.67013,0.59734
13,227,1,0.01,0.3,0.5,0.001,2.67053,0.6098
14,227,1,0.01,0.3,0.5,0.001,2.66378,0.57526
15,227,1,0.01,0.3,0.5,0.001,2.67607,0.57018
16,227,1,0.01,0.3,0.5,0.001,2.67207,0.5651
17,227,1,0.01,0.3,0.5,0.001,2.67437,0.60461
18,227,1,0.01,0.3,0.5,0.001,2.68994,0.66763
19,227,1,0.01,0.3,0.5,0.001,2.67187,0.58439
20,227,1,0.01,0.3,0.5,0.001,2.67534,0.60971
21,227,1,0.01,0.3,0.5,0.001,2.67919,0.60388
22,227,1,0.01,0.3,0.5,0.001,2.69173,0.69932
23,227,1,0.01,0.3,0.5,0.001,2.70548,0.71194
24,227,1,0.01,0.3,0.5,0.001,2.76436,0.95568
25,227,1,0.01,0.3,0.5,0.001,2.66403,0.58717
26,227,1,0.01,0.3,0.5,0.001,2.70832,0.73955
27,227,1,0.01,0.3,0.5,0.001,2.67873,0.67523
28,227,1,0.01,0.3,0.5,0.001,2.68581,0.65613
29,227,1,0.01,0.3,0.5,0.001,2.67018,0.60849
30,227,1,0.01,0.3,0.5,0.001,2.66085,0.51276
31,227,1,0.01,0.3,0.5,0.001,2.65164,0.52769
32,227,1,0.01,0.3,0.5,0.001,2.67347,0.65948
33,227,1,0.01,0.3,0.5,0.001,2.67365,0.64893
34,227,1,0.01,0.3,0.5,0.001,2.68947,0.71847
35,227,1,0.01,0.3,0.5,0.001,2.70975,0.79796
36,227,1,0.01,0.3,0.5,0.001,2.68079,0.7178
37,227,1,0.01,0.3,0.5,0.001,2.67235,0.58394
38,227,1,0.01,0.3,0.5,0.001,2.69606,0.75363
39,227,1,0.01,0.3,0.5,0.001,2.66162,0.5297
40,227,1,0.01,0.3,0.5,0.001,2.68767,0.71111
41,227,1,0.01,0.3,0.5,0.001,2.67677,0.62889
42,227,1,0.01,0.3,0.5,0.001,2.73185,0.86339
43,227,1,0.01,0.3,0.5,0.001,2.72069,0.73342
44,227,1,0.01,0.3,0.5,0.001,2.66686,0.59984
45,227,1,0.01,0.3,0.5,0.001,2.6758,0.63679
46,227,1,0.01,0.3,0.5,0.001,2.69347,0.78879
47,227,1,0.01,0.3,0.5,0.001,2.67591,0.63236
48,227,1,0.01,0.3,0.5,0.001,2.65352,0.52581
49,227,1,0.01,0.3,0.5,0.001,2.67997,0.58095
50,227,1,0.01,0.3,0.5,0.001,2.72816,0.79295
51,227,1,0.01,0.3,0.5,0.001,2.72513,0.92403
52,227,1,0.01,0.3,0.5,0.001,2.66815,0.57942
53,227,1,0.01,0.3,0.5,0.001,2.70869,0.81808
54,227,1,0.01,0.3,0.5,0.001,2.71603,0.81502
55,227,1,0.01,0.3,0.5,0.001,2.73539,0.84336
56,227,1,0.01,0.3,0.5,0.001,2.6851,0.66042
57,227,1,0.01,0.3,0.5,0.001,2.68629,0.68832
58,227,1,0.01,0.3,0.5,0.001,2.69295,0.65924
59,227,1,0.01,0.3,0.5,0.001,2.67043,0.62917
60,227,1,0.01,0.3,0.5,0.001,2.67492,0.5822
61,227,1,0.01,0.3,0.5,0.001,2.6943,0.63908
62,227,1,0.01,0.3,0.5,0.001,2.72293,0.77399
63,227,1,0.01,0.3,0.5,0.001,2.69395,0.69251
64,227,1,0.01,0.3,0.5,0.001,2.68614,0.62344
65,227,1,0.01,0.3,0.5,0.001,2.67258,0.56276
66,227,1,0.01,0.3,0.5,0.001,2.65125,0.47596
67,227,1,0.01,0.3,0.5,0.001,2.69046,0.66529
68,227,1,0.01,0.3,0.5,0.001,2.65976,0.59095
69,227,1,0.01,0.3,0.5,0.001,2.70638,0.72427
70,227,1,0.01,0.3,0.5,0.001,2.68026,0.63934
71,227,1,0.01,0.3,0.5,0.001,2.71372,0.76342
72,227,1,0.01,0.3,0.5,0.001,2.70853,0.70022
73,227,1,0.01,0.3,0.5,0.001,2.68169,0.59923
74,227,1,0.01,0.3,0.5,0.001,2.71455,0.77957
75,227,1,0.01,0.3,0.5,0.001,2.68621,0.66448
76,227,1,0.01,0.3,0.5,0.001,2.71825,0.75083
77,227,1,0.01,0.3,0.5,0.001,2.68844,0.63959
78,227,1,0.01,0.3,0.5,0.001,2.66409,0.55186
79,227,1,0.01,0.3,0.5,0.001,2.72525,0.79401
80,227,1,0.01,0.3,0.5,0.001,2.6775,0.61474
81,227,1,0.01,0.3,0.5,0.001,2.65852,0.546
82,227,1,0.01,0.3,0.5,0.001,2.70134,0.65892
83,227,1,0.01,0.3,0.5,0.001,2.68944,0.62547
84,227,1,0.01,0.3,0.5,0.001,2.65944,0.5914
85,227,1,0.01,0.3,0.5,0.001,2.66726,0.51043
86,227,1,0.01,0.3,0.5,0.001,2.66673,0.52779
87,227,1,0.01,0.3,0.5,0.001,2.70258,0.72315
88,227,1,0.01,0.3,0.5,0.001,2.70734,0.81238
89,227,1,0.01,0.3,0.5,0.001,2.68103,0.58741
90,227,1,0.01,0.3,0.5,0.001,2.68806,0.6614
91,227,1,0.01,0.3,0.5,0.001,2.67096,0.62378
92,227,1,0.01,0.3,0.5,0.001,2.67177,0.63523
93,227,1,0.01,0.3,0.5,0.001,2.68062,0.63301
94,227,1,0.01,0.3,0.5,0.001,2.67549,0.62733
95,227,1,0.01,0.3,0.5,0.001,2.72217,0.8225
96,227,1,0.01,0.3,0.5,0.001,2.69619,0.71369
97,227,1,0.01,0.3,0.5,0.001,2.69024,0.66146
98,227,1,0.01,0.3,0.5,0.001,2.70843,0.68803
99,227,1,0.01,0.3,0.5,0.001,2.68136,0.65004
0,268,1,0.01,0.3,0.5,0.01,3.41843,0.14981
1,268,1,0.01,0.3,0.5,0.01,3.42033,0.15144
2,268,1,0.01,0.3,0.5,0.01,3.41808,0.11813
3,268,1,0.01,0.3,0.5,0.01,3.42011,0.15529
4,268,1,0.01,0.3,0.5,0.01,3.41914,0.12059
5,268,1,0.01,0.3,0.5,0.01,3.42064,0.18088
6,268,1,0.01,0.3,0.5,0.01,3.41904,0.12572
7,268,1,0.01,0.3,0.5,0.01,3.41996,0.15022
8,268,1,0.01,0.3,0.5,0.01,3.42023,0.14155
9,268,1,0.01,0.3,0.5,0.01,3.41884,0.13572
10,268,1,0.01,0.3,0.5,0.01,3.41826,0.13479
11,268,1,0.01,0.3,0.5,0.01,3.42018,0.16432
12,268,1,0.01,0.3,0.5,0.01,3.42367,0.22376
13,268,1,0.01,0.3,0.5,0.01,3.42112,0.17005
14,268,1,0.01,0.3,0.5,0.01,3.41997,0.1525
15,268,1,0.01,0.3,0.5,0.01,3.41928,0.14059
16,268,1,0.01,0.3,0.5,0.01,3.42093,0.15853
17,268,1,0.01,0.3,0.5,0.01,3.42263,0.18062
18,268,1,0.01,0.3,0.5,0.01,3.41951,0.14529
19,268,1,0.01,0.3,0.5,0.01,3.41948,0.13463
20,268,1,0.01,0.3,0.5,0.01,3.41898,0.13975
21,268,1,0.01,0.3,0.5,0.01,3.42077,0.15725
22,268,1,0.01,0.3,0.5,0.01,3.41875,0.11628
23,268,1,0.01,0.3,0.5,0.01,3.41937,0.14975
24,268,1,0.01,0.3,0.5,0.01,3.41921,0.1544
25,268,1,0.01,0.3,0.5,0.01,3.42089,0.15668
26,268,1,0.01,0.3,0.5,0.01,3.4231,0.20389
27,268,1,0.01,0.3,0.5,0.01,3.41856,0.12637
28,268,1,0.01,0.3,0.5,0.01,3.42045,0.15883
29,268,1,0.01,0.3,0.5,0.01,3.42116,0.1688
30,268,1,0.01,0.3,0.5,0.01,3.42023,0.1589
31,268,1,0.01,0.3,0.5,0.01,3.42394,0.21665
32,268,1,0.01,0.3,0.5,0.01,3.4188,0.13474
33,268,1,0.01,0.3,0.5,0.01,3.42026,0.18583
34,268,1,0.01,0.3,0.5,0.01,3.41881,0.12308
35,268,1,0.01,0.3,0.5,0.01,3.41874,0.15461
36,268,1,0.01,0.3,0.5,0.01,3.42101,0.18383
37,268,1,0.01,0.3,0.5,0.01,3.42766,0.25765
38,268,1,0.01,0.3,0.5,0.01,3.41806,0.10517
39,268,1,0.01,0.3,0.5,0.01,3.42003,0.13492
40,268,1,0.01,0.3,0.5,0.01,3.42353,0.21493
41,268,1,0.01,0.3,0.5,0.01,3.41903,0.13449
42,268,1,0.01,0.3,0.5,0.01,3.42318,0.21471
43,268,1,0.01,0.3,0.5,0.01,3.4181,0.10917
44,268,1,0.01,0.3,0.5,0.01,3.41841,0.13396
45,268,1,0.01,0.3,0.5,0.01,3.41758,0.11515
46,268,1,0.01,0.3,0.5,0.01,3.42274,0.21461
47,268,1,0.01,0.3,0.5,0.01,3.42066,0.16418
48,268,1,0.01,0.3,0.5,0.01,3.41904,0.11978
49,268,1,0.01,0.3,0.5,0.01,3.41956,0.15114
50,268,1,0.01,0.3,0.5,0.01,3.421,0.14976
51,268,1,0.01,0.3,0.5,0.01,3.42579,0.24391
52,268,1,0.01,0.3,0.5,0.01,3.42079,0.17377
53,268,1,0.01,0.3,0.5,0.01,3.42052,0.17217
54,268,1,0.01,0.3,0.5,0.01,3.41829,0.11358
55,268,1,0.01,0.3,0.5,0.01,3.41994,0.13662
56,268,1,0.01,0.3,0.5,0.01,3.41978,0.14663
57,268,1,0.01,0.3,0.5,0.01,3.41831,0.13526
58,268,1,0.01,0.3,0.5,0.01,3.41966,0.14909
59,268,1,0.01,0.3,0.5,0.01,3.41945,0.15311
60,268,1,0.01,0.3,0.5,0.01,3.42292,0.20701
61,268,1,0.01,0.3,0.5,0.01,3.41933,0.13933
62,268,1,0.01,0.3,0.5,0.01,3.41917,0.13301
63,268,1,0.01,0.3,0.5,0.01,3.42078,0.17002
64,268,1,0.01,0.3,0.5,0.01,3.41836,0.14148
65,268,1,0.01,0.3,0.5,0.01,3.41837,0.1185
66,268,1,0.01,0.3,0.5,0.01,3.41855,0.12161
67,268,1,0.01,0.3,0.5,0.01,3.42175,0.1723
68,268,1,0.01,0.3,0.5,0.01,3.41927,0.13064
69,268,1,0.01,0.3,0.5,0.01,3.42022,0.13513
70,268,1,0.01,0.3,0.5,0.01,3.42092,0.17796
71,268,1,0.01,0.3,0.5,0.01,3.4194,0.15569
72,268,1,0.01,0.3,0.5,0.01,3.42133,0.17688
73,268,1,0.01,0.3,0.5,0.01,3.42228,0.22609
74,268,1,0.01,0.3,0.5,0.01,3.42421,0.25533
75,268,1,0.01,0.3,0.5,0.01,3.42023,0.16652
76,268,1,0.01,0.3,0.5,0.01,3.41808,0.10458
77,268,1,0.01,0.3,0.5,0.01,3.42044,0.16167
78,268,1,0.01,0.3,0.5,0.01,3.41907,0.1359
79,268,1,0.01,0.3,0.5,0.01,3.42078,0.16411
80,268,1,0.01,0.3,0.5,0.01,3.42071,0.16748
81,268,1,0.01,0.3,0.5,0.01,3.42206,0.17857
82,268,1,0.01,0.3,0.5,0.01,3.41904,0.14337
83,268,1,0.01,0.3,0.5,0.01,3.41993,0.15994
84,268,1,0.01,0.3,0.5,0.01,3.41786,0.09155
85,268,1,0.01,0.3,0.5,0.01,3.41894,0.14756
86,268,1,0.01,0.3,0.5,0.01,3.41933,0.13774
87,268,1,0.01,0.3,0.5,0.01,3.41968,0.15021
88,268,1,0.01,0.3,0.5,0.01,3.42042,0.13038
89,268,1,0.01,0.3,0.5,0.01,3.4249,0.24394
90,268,1,0.01,0.3,0.5,0.01,3.4197,0.14369
91,268,1,0.01,0.3,0.5,0.01,3.41991,0.12955
92,268,1,0.01,0.3,0.5,0.01,3.41798,0.14793
93,268,1,0.01,0.3,0.5,0.01,3.41973,0.14834
94,268,1,0.01,0.3,0.5,0.01,3.41964,0.143
95,268,1,0.01,0.3,0.5,0.01,3.42012,0.18
96,268,1,0.01,0.3,0.5,0.01,3.42037,0.14951
97,268,1,0.01,0.3,0.5,0.01,3.42404,0.22562
98,268,1,0.01,0.3,0.5,0.01,3.41874,0.12447
99,268,1,0.01,0.3,0.5,0.01,3.42336,0.18674
0,268,1,0.01,0.3,0.5,0.0025,3.04914,0.33987
1,268,1,0.01,0.3,0.5,0.0025,3.05083,0.32168
2,268,1,0.01,0.3,0.5,0.0025,3.04059,0.26237
3,268,1,0.01,0.3,0.5,0.0025,3.05338,0.36077
4,268,1,0.01,0.3,0.5,0.0025,3.04408,0.26171
5,268,1,0.01,0.3,0.5,0.0025,3.05274,0.36492
6,268,1,0.01,0.3,0.5,0.0025,3.0433,0.25033
7,268,1,0.01,0.3,0.5,0.0025,3.05373,0.38408
8,268,1,0.01,0.3,0.5,0.0025,3.04846,0.32605
9,268,1,0.01,0.3,0.5,0.0025,3.0492,0.34581
10,268,1,0.01,0.3,0.5,0.0025,3.04237,0.28848
11,268,1,0.01,0.3,0.5,0.0025,3.06015,0.40809
12,268,1,0.01,0.3,0.5,0.0025,3.06709,0.46918
13,268,1,0.01,0.3,0.5,0.0025,3.04753,0.34516
14,268,1,0.01,0.3,0.5,0.0025,3.05343,0.35854
15,268,1,0.01,0.3,0.5,0.0025,3.04946,0.38579
16,268,1,0.01,0.3,0.5,0.0025,3.05235,0.34547
17,268,1,0.01,0.3,0.5,0.0025,3.05816,0.40262
18,268,1,0.01,0.3,0.5,0.0025,3.04584,0.30732
19,268,1,0.01,0.3,0.5,0.0025,3.04723,0.3107
20,268,1,0.01,0.3,0.5,0.0025,3.05003,0.32867
21,268,1,0.01,0.3,0.5,0.0025,3.05295,0.34899
22,268,1,0.01,0.3,0.5,0.0025,3.04577,0.26685
23,268,1,0.01,0.3,0.5,0.0025,3.05147,0.33913
24,268,1,0.01,0.3,0.5,0.0025,3.04541,0.35135
25,268,1,0.01,0.3,0.5,0.0025,3.04999,0.33419
26,268,1,0.01,0.3,0.5,0.0025,3.06105,0.39939
27,268,1,0.01,0.3,0.5,0.0025,3.04716,0.31888
28,268,1,0.01,0.3,0.5,0.0025,3.05292,0.35975
29,268,1,0.01,0.3,0.5,0.0025,3.05028,0.35178
30,268,1,0.01,0.3,0.5,0.0025,3.04947,0.31634
31,268,1,0.01,0.3,0.5,0.0025,3.05988,0.42109
32,268,1,0.01,0.3,0.5,0.0025,3.04015,0.31667
33,268,1,0.01,0.3,0.5,0.0025,3.05344,0.40955
34,268,1,0.01,0.3,0.5,0.0025,3.04313,0.2768
35,268,1,0.01,0.3,0.5,0.0025,3.04806,0.33427
36,268,1,0.01,0.3,0.5,0.0025,3.05167,0.35978
37,268,1,0.01,0.3,0.5,0.0025,3.0715,0.45421
38,268,1,0.01,0.3,0.5,0.0025,3.04346,0.29309
39,268,1,0.01,0.3,0.5,0.0025,3.04816,0.29528
40,268,1,0.01,0.3,0.5,0.0025,3.07893,0.54885
41,268,1,0.01,0.3,0.5,0.0025,3.04638,0.31017
42,268,1,0.01,0.3,0.5,0.0025,3.05543,0.42416
43,268,1,0.01,0.3,0.5,0.0025,3.04565,0.28324
44,268,1,0.01,0.3,0.5,0.0025,3.04535,0.30433
45,268,1,0.01,0.3,0.5,0.0025,3.04045,0.2689
46,268,1,0.01,0.3,0.5,0.0025,3.05639,0.40371
47,268,1,0.01,0.3,0.5,0.0025,3.0503,0.32915
48,268,1,0.01,0.3,0.5,0.0025,3.04597,0.27992
49,268,1,0.01,0.3,0.5,0.0025,3.04798,0.31472
50,268,1,0.01,0.3,0.5,0.0025,3.05122,0.32009
51,268,1,0.01,0.3,0.5,0.0025,3.06036,0.41159
52,268,1,0.01,0.3,0.5,0.0025,3.05197,0.39102
53,268,1,0.01,0.3,0.5,0.0025,3.05277,0.36186
54,268,1,0.01,0.3,0.5,0.0025,3.04368,0.27031
55,268,1,0.01,0.3,0.5,0.0025,3.05458,0.35546
56,268,1,0.01,0.3,0.5,0.0025,3.05057,0.3348
57,268,1,0.01,0.3,0.5,0.0025,3.04238,0.30218
58,268,1,0.01,0.3,0.5,0.0025,3.05037,0.33892
59,268,1,0.01,0.3,0.5,0.0025,3.04992,0.37103
60,268,1,0.01,0.3,0.5,0.0025,3.05924,0.4427
61,268,1,0.01,0.3,0.5,0.0025,3.04879,0.30987
62,268,1,0.01,0.3,0.5,0.0025,3.04439,0.27462
63,268,1,0.01,0.3,0.5,0.0025,3.05931,0.40416
64,268,1,0.01,0.3,0.5,0.0025,3.0439,0.27762
65,268,1,0.01,0.3,0.5,0.0025,3.04578,0.29314
66,268,1,0.01,0.3,0.5,0.0025,3.04257,0.27606
67,268,1,0.01,0.3,0.5,0.0025,3.05242,0.32202
68,268,1,0.01,0.3,0.5,0.0025,3.04687,0.30346
69,268,1,0.01,0.3,0.5,0.0025,3.04694,0.29967
70,268,1,0.01,0.3,0.5,0.0025,3.05436,0.3768
71,268,1,0.01,0.3,0.5,0.0025,3.04864,0.3423
72,268,1,0.01,0.3,0.5,0.0025,3.05016,0.33382
73,268,1,0.01,0.3,0.5,0.0025,3.05866,0.42417
74,268,1,0.01,0.3,0.5,0.0025,3.068,0.50815
75,268,1,0.01,0.3,0.5,0.0025,3.05237,0.37207
76,268,1,0.01,0.3,0.5,0.0025,3.04589,0.32194
77,268,1,0.01,0.3,0.5,0.0025,3.05351,0.33792
78,268,1,0.01,0.3,0.5,0.0025,3.0458,0.28235
79,268,1,0.01,0.3,0.5,0.0025,3.05923,0.39622
80,268,1,0.01,0.3,0.5,0.0025,3.0537,0.35299
81,268,1,0.01,0.3,0.5,0.0025,3.05647,0.37771
82,268,1,0.01,0.3,0.5,0.0025,3.04571,0.331
83,268,1,0.01,0.3,0.5,0.0025,3.05145,0.3635
84,268,1,0.01,0.3,0.5,0.0025,3.04082,0.22926
85,268,1,0.01,0.3,0.5,0.0025,3.04701,0.31403
86,268,1,0.01,0.3,0.5,0.0025,3.0436,0.28261
87,268,1,0.01,0.3,0.5,0.0025,3.05242,0.38488
88,268,1,0.01,0.3,0.5,0.0025,3.05279,0.31924
89,268,1,0.01,0.3,0.5,0.0025,3.07012,0.47318
90,268,1,0.01,0.3,0.5,0.0025,3.05672,0.38827
91,268,1,0.01,0.3,0.5,0.0025,3.05129,0.28783
92,268,1,0.01,0.3,0.5,0.0025,3.0471,0.39105
93,268,1,0.01,0.3,0.5,0.0025,3.05067,0.32669
94,268,1,0.01,0.3,0.5,0.0025,3.05068,0.33152
95,268,1,0.01,0.3,0.5,0.0025,3.05515,0.39899
96,268,1,0.01,0.3,0.5,0.0025,3.05628,0.39009
97,268,1,0.01,0.3,0.5,0.0025,3.05534,0.38294
98,268,1,0.01,0.3,0.5,0.0025,3.04318,0.31424
99,268,1,0.01,0.3,0.5,0.0025,3.05601,0.34578
0,268,1,0.01,0.3,0.5,0.001,2.67534,0.58384
1,268,1,0.01,0.3,0.5,0.001,2.66589,0.53515
2,268,1,0.01,0.3,0.5,0.001,2.64866,0.46195
3,268,1,0.01,0.3,0.5,0.001,2.69605,0.64755
4,268,1,0.01,0.3,0.5,0.001,2.66072,0.46783
5,268,1,0.01,0.3,0.5,0.001,2.69045,0.61947
6,268,1,0.01,0.3,0.5,0.001,2.64847,0.42334
7,268,1,0.01,0.3,0.5,0.001,2.68261,0.63027
8,268,1,0.01,0.3,0.5,0.001,2.66624,0.53831
9,268,1,0.01,0.3,0.5,0.001,2.68062,0.59563
10,268,1,0.01,0.3,0.5,0.001,2.65377,0.51786
11,268,1,0.01,0.3,0.5,0.001,2.70742,0.70289
12,268,1,0.01,0.3,0.5,0.001,2.70152,0.71265
13,268,1,0.01,0.3,0.5,0.001,2.67092,0.618
14,268,1,0.01,0.3,0.5,0.001,2.67036,0.58364
15,268,1,0.01,0.3,0.5,0.001,2.67989,0.65726
16,268,1,0.01,0.3,0.5,0.001,2.68286,0.62534
17,268,1,0.01,0.3,0.5,0.001,2.68289,0.62639
18,268,1,0.01,0.3,0.5,0.001,2.65836,0.54192
19,268,1,0.01,0.3,0.5,0.001,2.66828,0.54014
20,268,1,0.01,0.3,0.5,0.001,2.67313,0.55656
21,268,1,0.01,0.3,0.5,0.001,2.68256,0.60974
22,268,1,0.01,0.3,0.5,0.001,2.66947,0.49905
23,268,1,0.01,0.3,0.5,0.001,2.67838,0.59982
24,268,1,0.01,0.3,0.5,0.001,2.66121,0.61167
25,268,1,0.01,0.3,0.5,0.001,2.68388,0.61791
26,268,1,0.01,0.3,0.5,0.001,2.70188,0.64268
27,268,1,0.01,0.3,0.5,0.001,2.67041,0.57331
28,268,1,0.01,0.3,0.5,0.001,2.68666,0.60539
29,268,1,0.01,0.3,0.5,0.001,2.67269,0.6038
30,268,1,0.01,0.3,0.5,0.001,2.66675,0.53517
31,268,1,0.01,0.3,0.5,0.001,2.68645,0.63739
32,268,1,0.01,0.3,0.5,0.001,2.65067,0.57894
33,268,1,0.01,0.3,0.5,0.001,2.68112,0.66593
34,268,1,0.01,0.3,0.5,0.001,2.64926,0.47127
35,268,1,0.01,0.3,0.5,0.001,2.66474,0.57577
36,268,1,0.01,0.3,0.5,0.001,2.67344,0.59296
37,268,1,0.01,0.3,0.5,0.001,2.70214,0.6476
38,268,1,0.01,0.3,0.5,0.001,2.66485,0.55588
39,268,1,0.01,0.3,0.5,0.001,2.66523,0.5154
40,268,1,0.01,0.3,0.5,0.001,2.75984,0.9147
41,268,1,0.01,0.3,0.5,0.001,2.65636,0.51831
42,268,1,0.01,0.3,0.5,0.001,2.69001,0.69546
43,268,1,0.01,0.3,0.5,0.001,2.66934,0.54003
44,268,1,0.01,0.3,0.5,0.001,2.66722,0.54997
45,268,1,0.01,0.3,0.5,0.001,2.64785,0.48566
46,268,1,0.01,0.3,0.5,0.001,2.6785,0.6061
47,268,1,0.01,0.3,0.5,0.001,2.6731,0.55029
48,268,1,0.01,0.3,0.5,0.001,2.66479,0.51921
49,268,1,0.01,0.3,0.5,0.001,2.66097,0.52136
50,268,1,0.01,0.3,0.5,0.001,2.66669,0.52445
51,268,1,0.01,0.3,0.5,0.001,2.68169,0.59646
52,268,1,0.01,0.3,0.5,0.001,2.71437,0.81107
53,268,1,0.01,0.3,0.5,0.001,2.68551,0.60402
54,268,1,0.01,0.3,0.5,0.001,2.66074,0.51928
55,268,1,0.01,0.3,0.5,0.001,2.7073,0.68245
56,268,1,0.01,0.3,0.5,0.001,2.67005,0.55374
57,268,1,0.01,0.3,0.5,0.001,2.64645,0.51905
58,268,1,0.01,0.3,0.5,0.001,2.67098,0.55898
59,268,1,0.01,0.3,0.5,0.001,2.67858,0.60335
60,268,1,0.01,0.3,0.5,0.001,2.69202,0.71746
61,268,1,0.01,0.3,0.5,0.001,2.66558,0.51334
62,268,1,0.01,0.3,0.5,0.001,2.66366,0.52519
63,268,1,0.01,0.3,0.5,0.001,2.70397,0.6966
64,268,1,0.01,0.3,0.5,0.001,2.6672,0.5232
65,268,1,0.01,0.3,0.5,0.001,2.66565,0.53909
66,268,1,0.01,0.3,0.5,0.001,2.65572,0.50955
67,268,1,0.01,0.3,0.5,0.001,2.67349,0.52142
68,268,1,0.01,0.3,0.5,0.001,2.67062,0.5594
69,268,1,0.01,0.3,0.5,0.001,2.66204,0.51553
70,268,1,0.01,0.3,0.5,0.001,2.68376,0.62886
71,268,1,0.01,0.3,0.5,0.001,2.66414,0.58532
72,268,1,0.01,0.3,0.5,0.001,2.66357,0.51401
73,268,1,0.01,0.3,0.5,0.001,2.68716,0.63898
74,268,1,0.01,0.3,0.5,0.001,2.71944,0.78033
75,268,1,0.01,0.3,0.5,0.001,2.68544,0.62375
76,268,1,0.01,0.3,0.5,0.001,2.67895,0.62506
77,268,1,0.01,0.3,0.5,0.001,2.68335,0.5802
78,268,1,0.01,0.3,0.5,0.001,2.66253,0.5058
79,268,1,0.01,0.3,0.5,0.001,2.70483,0.69456
80,268,1,0.01,0.3,0.5,0.001,2.68462,0.60593
81,268,1,0.01,0.3,0.5,0.001,2.69269,0.62685
82,268,1,0.01,0.3,0.5,0.001,2.66221,0.57042
83,268,1,0.01,0.3,0.5,0.001,2.69461,0.68903
84,268,1,0.01,0.3,0.5,0.001,2.65156,0.47337
85,268,1,0.01,0.3,0.5,0.001,2.65879,0.51452
86,268,1,0.01,0.3,0.5,0.001,2.65543,0.49541
87,268,1,0.01,0.3,0.5,0.001,2.68837,0.66879
88,268,1,0.01,0.3,0.5,0.001,2.67898,0.5686
89,268,1,0.01,0.3,0.5,0.001,2.71586,0.74236
90,268,1,0.01,0.3,0.5,0.001,2.68575,0.61877
91,268,1,0.01,0.3,0.5,0.001,2.6796,0.51573
92,268,1,0.01,0.3,0.5,0.001,2.67821,0.67346
93,268,1,0.01,0.3,0.5,0.001,2.67887,0.5607
94,268,1,0.01,0.3,0.5,0.001,2.67677,0.59509
95,268,1,0.01,0.3,0.5,0.001,2.68563,0.64736
96,268,1,0.01,0.3,0.5,0.001,2.69725,0.65867
97,268,1,0.01,0.3,0.5,0.001,2.67708,0.63455
98,268,1,0.01,0.3,0.5,0.001,2.65946,0.57626
99,268,1,0.01,0.3,0.5,0.001,2.67412,0.5445
0,316,1,0.01,0.3,0.5,0.01,3.41672,0.13581
1,316,1,0.01,0.3,0.5,0.01,3.41568,0.13062
2,316,1,0.01,0.3,0.5,0.01,3.41702,0.15234
3,316,1,0.01,0.3,0.5,0.01,3.41542,0.12452
4,316,1,0.01,0.3,0.5,0.01,3.41667,0.14297
5,316,1,0.01,0.3,0.5,0.01,3.41813,0.16842
6,316,1,0.01,0.3,0.5,0.01,3.41546,0.11864
7,316,1,0.01,0.3,0.5,0.01,3.41491,0.10921
8,316,1,0.01,0.3,0.5,0.01,3.41458,0.11126
9,316,1,0.01,0.3,0.5,0.01,3.41537,0.11585
10,316,1,0.01,0.3,0.5,0.01,3.41742,0.19084
11,316,1,0.01,0.3,0.5,0.01,3.4161,0.1469
12,316,1,0.01,0.3,0.5,0.01,3.4163,0.14107
13,316,1,0.01,0.3,0.5,0.01,3.41542,0.12092
14,316,1,0.01,0.3,0.5,0.01,3.41621,0.13261
15,316,1,0.01,0.3,0.5,0.01,3.41549,0.11115
16,316,1,0.01,0.3,0.5,0.01,3.41729,0.14447
17,316,1,0.01,0.3,0.5,0.01,3.4156,0.12026
18,316,1,0.01,0.3,0.5,0.01,3.41644,0.12876
19,316,1,0.01,0.3,0.5,0.01,3.41867,0.17425
20,316,1,0.01,0.3,0.5,0.01,3.41608,0.14253
21,316,1,0.01,0.3,0.5,0.01,3.41504,0.09769
22,316,1,0.01,0.3,0.5,0.01,3.4156,0.1338
23,316,1,0.01,0.3,0.5,0.01,3.41652,0.13951
24,316,1,0.01,0.3,0.5,0.01,3.41455,0.09023
25,316,1,0.01,0.3,0.5,0.01,3.41507,0.11782
26,316,1,0.01,0.3,0.5,0.01,3.41757,0.15481
27,316,1,0.01,0.3,0.5,0.01,3.4164,0.14442
28,316,1,0.01,0.3,0.5,0.01,3.41537,0.1125
29,316,1,0.01,0.3,0.5,0.01,3.41585,0.13085
30,316,1,0.01,0.3,0.5,0.01,3.41454,0.10877
31,316,1,0.01,0.3,0.5,0.01,3.41693,0.1558
32,316,1,0.01,0.3,0.5,0.01,3.41808,0.16982
33,316,1,0.01,0.3,0.5,0.01,3.41696,0.1353
34,316,1,0.01,0.3,0.5,0.01,3.41721,0.1656
35,316,1,0.01,0.3,0.5,0.01,3.41665,0.13517
36,316,1,0.01,0.3,0.5,0.01,3.41463,0.11949
37,316,1,0.01,0.3,0.5,0.01,3.41617,0.14085
38,316,1,0.01,0.3,0.5,0.01,3.41886,0.21503
39,316,1,0.01,0.3,0.5,0.01,3.41731,0.1708
40,316,1,0.01,0.3,0.5,0.01,3.41615,0.15916
41,316,1,0.01,0.3,0.5,0.01,3.41872,0.17095
42,316,1,0.01,0.3,0.5,0.01,3.41503,0.10567
43,316,1,0.01,0.3,0.5,0.01,3.41721,0.16322
44,316,1,0.01,0.3,0.5,0.01,3.41805,0.17602
45,316,1,0.01,0.3,0.5,0.01,3.41748,0.15549
46,316,1,0.01,0.3,0.5,0.01,3.41619,0.13953
47,316,1,0.01,0.3,0.5,0.01,3.41566,0.11079
48,316,1,0.01,0.3,0.5,0.01,3.41636,0.14255
49,316,1,0.01,0.3,0.5,0.01,3.4181,0.16904
50,316,1,0.01,0.3,0.5,0.01,3.41559,0.1058
51,316,1,0.01,0.3,0.5,0.01,3.41588,0.13928
52,316,1,0.01,0.3,0.5,0.01,3.41781,0.17545
53,316,1,0.01,0.3,0.5,0.01,3.41604,0.13843
54,316,1,0.01,0.3,0.5,0.01,3.41647,0.13266
55,316,1,0.01,0.3,0.5,0.01,3.41644,0.11736
56,316,1,0.01,0.3,0.5,0.01,3.41724,0.14192
57,316,1,0.01,0.3,0.5,0.01,3.41677,0.12096
58,316,1,0.01,0.3,0.5,0.01,3.41478,0.1039
59,316,1,0.01,0.3,0.5,0.01,3.41788,0.16382
60,316,1,0.01,0.3,0.5,0.01,3.41557,0.11983
61,316,1,0.01,0.3,0.5,0.01,3.4169,0.12174
62,316,1,0.01,0.3,0.5,0.01,3.41457,0.10649
63,316,1,0.01,0.3,0.5,0.01,3.41472,0.10965
64,316,1,0.01,0.3,0.5,0.01,3.41614,0.12605
65,316,1,0.01,0.3,0.5,0.01,3.416,0.1385
66,316,1,0.01,0.3,0.5,0.01,3.41918,0.19554
67,316,1,0.01,0.3,0.5,0.01,3.41544,0.12805
68,316,1,0.01,0.3,0.5,0.01,3.41903,0.17322
69,316,1,0.01,0.3,0.5,0.01,3.41526,0.10517
70,316,1,0.01,0.3,0.5,0.01,3.41529,0.12555
71,316,1,0.01,0.3,0.5,0.01,3.41577,0.14788
72,316,1,0.01,0.3,0.5,0.01,3.41657,0.151
73,316,1,0.01,0.3,0.5,0.01,3.41491,0.10779
74,316,1,0.01,0.3,0.5,0.01,3.41431,0.13177
75,316,1,0.01,0.3,0.5,0.01,3.41597,0.11806
76,316,1,0.01,0.3,0.5,0.01,3.41985,0.19749
77,316,1,0.01,0.3,0.5,0.01,3.41524,0.12827
78,316,1,0.01,0.3,0.5,0.01,3.41478,0.09748
79,316,1,0.01,0.3,0.5,0.01,3.41607,0.13884
80,316,1,0.01,0.3,0.5,0.01,3.41534,0.1031
81,316,1,0.01,0.3,0.5,0.01,3.41534,0.11051
82,316,1,0.01,0.3,0.5,0.01,3.41547,0.12664
83,316,1,0.01,0.3,0.5,0.01,3.41515,0.12041
84,316,1,0.01,0.3,0.5,0.01,3.41751,0.16463
85,316,1,0.01,0.3,0.5,0.01,3.4161,0.12595
86,316,1,0.01,0.3,0.5,0.01,3.41725,0.14271
87,316,1,0.01,0.3,0.5,0.01,3.4146,0.0925
88,316,1,0.01,0.3,0.5,0.01,3.41416,0.10164
89,316,1,0.01,0.3,0.5,0.01,3.41485,0.12645
90,316,1,0.01,0.3,0.5,0.01,3.4152,0.09278
91,316,1,0.01,0.3,0.5,0.01,3.41562,0.13566
92,316,1,0.01,0.3,0.5,0.01,3.41764,0.17541
93,316,1,0.01,0.3,0.5,0.01,3.41526,0.0992
94,316,1,0.01,0.3,0.5,0.01,3.41598,0.15029
95,316,1,0.01,0.3,0.5,0.01,3.41617,0.14346
96,316,1,0.01,0.3,0.5,0.01,3.41817,0.17428
97,316,1,0.01,0.3,0.5,0.01,3.41585,0.12444
98,316,1,0.01,0.3,0.5,0.01,3.4163,0.13845
99,316,1,0.01,0.3,0.5,0.01,3.41796,0.16666
0,316,1,0.01,0.3,0.5,0.0025,3.04624,0.32615
1,316,1,0.01,0.3,0.5,0.0025,3.03958,0.261
2,316,1,0.01,0.3,0.5,0.0025,3.04355,0.2875
3,316,1,0.01,0.3,0.5,0.0025,3.04001,0.25043
4,316,1,0.01,0.3,0.5,0.0025,3.04209,0.28169
5,316,1,0.01,0.3,0.5,0.0025,3.04552,0.31067
6,316,1,0.01,0.3,0.5,0.0025,3.04759,0.31126
7,316,1,0.01,0.3,0.5,0.0025,3.04719,0.29028
8,316,1,0.01,0.3,0.5,0.0025,3.03547,0.28337
9,316,1,0.01,0.3,0.5,0.0025,3.04378,0.29783
10,316,1,0.01,0.3,0.5,0.0025,3.0612,0.49992
11,316,1,0.01,0.3,0.5,0.0025,3.04523,0.31121
12,316,1,0.01,0.3,0.5,0.0025,3.04537,0.30802
13,316,1,0.01,0.3,0.5,0.0025,3.03836,0.2483
14,316,1,0.01,0.3,0.5,0.0025,3.04557,0.30251
15,316,1,0.01,0.3,0.5,0.0025,3.04462,0.29091
16,316,1,0.01,0.3,0.5,0.0025,3.04497,0.28605
17,316,1,0.01,0.3,0.5,0.0025,3.04246,0.28791
18,316,1,0.01,0.3,0.5,0.0025,3.04498,0.29846
19,316,1,0.01,0.3,0.5,0.0025,3.05003,0.32402
20,316,1,0.01,0.3,0.5,0.0025,3.04388,0.32198
21,316,1,0.01,0.3,0.5,0.0025,3.04045,0.263
22,316,1,0.01,0.3,0.5,0.0025,3.04285,0.33071
23,316,1,0.01,0.3,0.5,0.0025,3.0455,0.2999
24,316,1,0.01,0.3,0.5,0.0025,3.03752,0.25034
25,316,1,0.01,0.3,0.5,0.0025,3.04492,0.35409
26,316,1,0.01,0.3,0.5,0.0025,3.05076,0.3463
27,316,1,0.01,0.3,0.5,0.0025,3.04627,0.31179
28,316,1,0.01,0.3,0.5,0.0025,3.03921,0.25119
29,316,1,0.01,0.3,0.5,0.0025,3.03929,0.26276
30,316,1,0.01,0.3,0.5,0.0025,3.03678,0.26067
31,316,1,0.01,0.3,0.5,0.0025,3.04723,0.32744
32,316,1,0.01,0.3,0.5,0.0025,3.05304,0.37194
33,316,1,0.01,0.3,0.5,0.0025,3.04433,0.28828
34,316,1,0.01,0.3,0.5,0.0025,3.04683,0.32438
35,316,1,0.01,0.3,0.5,0.0025,3.04632,0.29572
36,316,1,0.01,0.3,0.5,0.0025,3.04101,0.2781
37,316,1,0.01,0.3,0.5,0.0025,3.04746,0.31587
38,316,1,0.01,0.3,0.5,0.0025,3.05627,0.44877
39,316,1,0.01,0.3,0.5,0.0025,3.04614,0.35483
40,316,1,0.01,0.3,0.5,0.0025,3.04623,0.42537
41,316,1,0.01,0.3,0.5,0.0025,3.04976,0.32974
42,316,1,0.01,0.3,0.5,0.0025,3.03956,0.2388
43,316,1,0.01,0.3,0.5,0.0025,3.04654,0.35443
44,316,1,0.01,0.3,0.5,0.0025,3.05065,0.37584
45,316,1,0.01,0.3,0.5,0.0025,3.05331,0.36837
46,316,1,0.01,0.3,0.5,0.0025,3.03911,0.27185
47,316,1,0.01,0.3,0.5,0.0025,3.04132,0.25212
48,316,1,0.01,0.3,0.5,0.0025,3.04669,0.30621
49,316,1,0.01,0.3,0.5,0.0025,3.04904,0.34829
50,316,1,0.01,0.3,0.5,0.0025,3.0404,0.23241
51,316,1,0.01,0.3,0.5,0.0025,3.04132,0.27779
52,316,1,0.01,0.3,0.5,0.0025,3.04936,0.35398
53,316,1,0.01,0.3,0.5,0.0025,3.0441,0.28932
54,316,1,0.01,0.3,0.5,0.0025,3.05181,0.32375
55,316,1,0.01,0.3,0.5,0.0025,3.0425,0.26154
56,316,1,0.01,0.3,0.5,0.0025,3.0482,0.31795
57,316,1,0.01,0.3,0.5,0.0025,3.04687,0.28259
58,316,1,0.01,0.3,0.5,0.0025,3.04086,0.27019
59,316,1,0.01,0.3,0.5,0.0025,3.04896,0.33809
60,316,1,0.01,0.3,0.5,0.0025,3.04548,0.2975
61,316,1,0.01,0.3,0.5,0.0025,3.04262,0.27476
62,316,1,0.01,0.3,0.5,0.0025,3.03669,0.28742
63,316,1,0.01,0.3,0.5,0.0025,3.04125,0.27418
64,316,1,0.01,0.3,0.5,0.0025,3.04181,0.26929
65,316,1,0.01,0.3,0.5,0.0025,3.04126,0.29357
66,316,1,0.01,0.3,0.5,0.0025,3.05529,0.37743
67,316,1,0.01,0.3,0.5,0.0025,3.04502,0.31869
68,316,1,0.01,0.3,0.5,0.0025,3.05131,0.32572
69,316,1,0.01,0.3,0.5,0.0025,3.03952,0.26245
70,316,1,0.01,0.3,0.5,0.0025,3.04366,0.30188
71,316,1,0.01,0.3,0.5,0.0025,3.04149,0.28753
72,316,1,0.01,0.3,0.5,0.0025,3.04418,0.29662
73,316,1,0.01,0.3,0.5,0.0025,3.041,0.22814
74,316,1,0.01,0.3,0.5,0.0025,3.04105,0.38477
75,316,1,0.01,0.3,0.5,0.0025,3.04056,0.2859
76,316,1,0.01,0.3,0.5,0.0025,3.05316,0.36035
77,316,1,0.01,0.3,0.5,0.0025,3.04143,0.28705
78,316,1,0.01,0.3,0.5,0.0025,3.03775,0.24445
79,316,1,0.01,0.3,0.5,0.0025,3.04429,0.30526
80,316,1,0.01,0.3,0.5,0.0025,3.04286,0.29784
81,316,1,0.01,0.3,0.5,0.0025,3.04457,0.29236
82,316,1,0.01,0.3,0.5,0.0025,3.03858,0.27707
83,316,1,0.01,0.3,0.5,0.0025,3.04075,0.25729
84,316,1,0.01,0.3,0.5,0.0025,3.04872,0.3226
85,316,1,0.01,0.3,0.5,0.0025,3.04574,0.31695
86,316,1,0.01,0.3,0.5,0.0025,3.05026,0.31137
87,316,1,0.01,0.3,0.5,0.0025,3.03999,0.27063
88,316,1,0.01,0.3,0.5,0.0025,3.03789,0.26421
89,316,1,0.01,0.3,0.5,0.0025,3.04252,0.29136
90,316,1,0.01,0.3,0.5,0.0025,3.0382,0.2354
91,316,1,0.01,0.3,0.5,0.0025,3.04534,0.3211
92,316,1,0.01,0.3,0.5,0.0025,3.05435,0.38813
93,316,1,0.01,0.3,0.5,0.0025,3.0387,0.24634
94,316,1,0.01,0.3,0.5,0.0025,3.04401,0.3552
95,316,1,0.01,0.3,0.5,0.0025,3.04043,0.34836
96,316,1,0.01,0.3,0.5,0.0025,3.04793,0.32457
97,316,1,0.01,0.3,0.5,0.0025,3.0408,0.3076
98,316,1,0.01,0.3,0.5,0.0025,3.04614,0.30851
99,316,1,0.01,0.3,0.5,0.0025,3.05136,0.39919
0,316,1,0.01,0.3,0.5,0.001,2.67592,0.59073
1,316,1,0.01,0.3,0.5,0.001,2.64287,0.45208
2,316,1,0.01,0.3,0.5,0.001,2.66065,0.51062
3,316,1,0.01,0.3,0.5,0.001,2.64351,0.43039
4,316,1,0.01,0.3,0.5,0.001,2.6469,0.4525
5,316,1,0.01,0.3,0.5,0.001,2.65698,0.54493
6,316,1,0.01,0.3,0.5,0.001,2.66775,0.52845
7,316,1,0.01,0.3,0.5,0.001,2.6741,0.54153
8,316,1,0.01,0.3,0.5,0.001,2.63455,0.46825
9,316,1,0.01,0.3,0.5,0.001,2.6592,0.50927
10,316,1,0.01,0.3,0.5,0.001,2.70958,0.78829
11,316,1,0.01,0.3,0.5,0.001,2.65287,0.51644
12,316,1,0.01,0.3,0.5,0.001,2.66158,0.5091
13,316,1,0.01,0.3,0.5,0.001,2.64308,0.43559
14,316,1,0.01,0.3,0.5,0.001,2.66734,0.54328
15,316,1,0.01,0.3,0.5,0.001,2.6658,0.51523
16,316,1,0.01,0.3,0.5,0.001,2.65249,0.45498
17,316,1,0.01,0.3,0.5,0.001,2.66321,0.51405
18,316,1,0.01,0.3,0.5,0.001,2.65837,0.48554
19,316,1,0.01,0.3,0.5,0.001,2.66482,0.49611
20,316,1,0.01,0.3,0.5,0.001,2.66208,0.55348
21,316,1,0.01,0.3,0.5,0.001,2.65531,0.497
22,316,1,0.01,0.3,0.5,0.001,2.66411,0.59358
23,316,1,0.01,0.3,0.5,0.001,2.66047,0.49594
24,316,1,0.01,0.3,0.5,0.001,2.6525,0.5168
25,316,1,0.01,0.3,0.5,0.001,2.67273,0.61987
26,316,1,0.01,0.3,0.5,0.001,2.67192,0.55637
27,316,1,0.01,0.3,0.5,0.001,2.65735,0.48656
28,316,1,0.01,0.3,0.5,0.001,2.64361,0.42121
29,316,1,0.01,0.3,0.5,0.001,2.64107,0.44046
30,316,1,0.01,0.3,0.5,0.001,2.64313,0.45916
31,316,1,0.01,0.3,0.5,0.001,2.65672,0.52932
32,316,1,0.01,0.3,0.5,0.001,2.68339,0.60763
33,316,1,0.01,0.3,0.5,0.001,2.65171,0.45258
34,316,1,0.01,0.3,0.5,0.001,2.66107,0.50542
35,316,1,0.01,0.3,0.5,0.001,2.65678,0.49331
36,316,1,0.01,0.3,0.5,0.001,2.6486,0.4588
37,316,1,0.01,0.3,0.5,0.001,2.67003,0.54678
38,316,1,0.01,0.3,0.5,0.001,2.69038,0.70479
39,316,1,0.01,0.3,0.5,0.001,2.67076,0.59756
40,316,1,0.01,0.3,0.5,0.001,2.68541,0.7371
41,316,1,0.01,0.3,0.5,0.001,2.67016,0.54211
42,316,1,0.01,0.3,0.5,0.001,2.64692,0.4436
43,316,1,0.01,0.3,0.5,0.001,2.67131,0.645
44,316,1,0.01,0.3,0.5,0.001,2.67749,0.61427
45,316,1,0.01,0.3,0.5,0.001,2.67473,0.57962
46,316,1,0.01,0.3,0.5,0.001,2.63731,0.43435
47,316,1,0.01,0.3,0.5,0.001,2.65309,0.45406
48,316,1,0.01,0.3,0.5,0.001,2.66079,0.4926
49,316,1,0.01,0.3,0.5,0.001,2.67412,0.58241
50,316,1,0.01,0.3,0.5,0.001,2.64448,0.39613
51,316,1,0.01,0.3,0.5,0.001,2.65457,0.46323
52,316,1,0.01,0.3,0.5,0.001,2.66038,0.53254
53,316,1,0.01,0.3,0.5,0.001,2.66423,0.51801
54,316,1,0.01,0.3,0.5,0.001,2.67697,0.54552
55,316,1,0.01,0.3,0.5,0.001,2.65584,0.46156
56,316,1,0.01,0.3,0.5,0.001,2.67584,0.55716
57,316,1,0.01,0.3,0.5,0.001,2.66522,0.47108
58,316,1,0.01,0.3,0.5,0.001,2.65206,0.49995
59,316,1,0.01,0.3,0.5,0.001,2.66839,0.55102
60,316,1,0.01,0.3,0.5,0.001,2.66933,0.50426
61,316,1,0.01,0.3,0.5,0.001,2.6529,0.48203
62,316,1,0.01,0.3,0.5,0.001,2.64373,0.53672
63,316,1,0.01,0.3,0.5,0.001,2.66311,0.52908
64,316,1,0.01,0.3,0.5,0.001,2.64981,0.45469
65,316,1,0.01,0.3,0.5,0.001,2.65002,0.48711
66,316,1,0.01,0.3,0.5,0.001,2.67439,0.56358
67,316,1,0.01,0.3,0.5,0.001,2.66042,0.52798
68,316,1,0.01,0.3,0.5,0.001,2.66768,0.5131
69,316,1,0.01,0.3,0.5,0.001,2.64892,0.50107
70,316,1,0.01,0.3,0.5,0.001,2.65534,0.4946
71,316,1,0.01,0.3,0.5,0.001,2.64973,0.46082
72,316,1,0.01,0.3,0.5,0.001,2.65525,0.47166
73,316,1,0.01,0.3,0.5,0.001,2.64826,0.41751
74,316,1,0.01,0.3,0.5,0.001,2.6658,0.65243
75,316,1,0.01,0.3,0.5,0.001,2.65347,0.48746
76,316,1,0.01,0.3,0.5,0.001,2.66768,0.55877
77,316,1,0.01,0.3,0.5,0.001,2.65161,0.48496
78,316,1,0.01,0.3,0.5,0.001,2.64634,0.45454
79,316,1,0.01,0.3,0.5,0.001,2.65968,0.49103
80,316,1,0.01,0.3,0.5,0.001,2.66042,0.52301
81,316,1,0.01,0.3,0.5,0.001,2.65692,0.52132
82,316,1,0.01,0.3,0.5,0.001,2.64709,0.50088
83,316,1,0.01,0.3,0.5,0.001,2.65237,0.45348
84,316,1,0.01,0.3,0.5,0.001,2.6696,0.52153
85,316,1,0.01,0.3,0.5,0.001,2.66916,0.5536
86,316,1,0.01,0.3,0.5,0.001,2.68713,0.58043
87,316,1,0.01,0.3,0.5,0.001,2.66042,0.51402
88,316,1,0.01,0.3,0.5,0.001,2.64685,0.47835
89,316,1,0.01,0.3,0.5,0.001,2.65697,0.49239
90,316,1,0.01,0.3,0.5,0.001,2.64845,0.4342
91,316,1,0.01,0.3,0.5,0.001,2.6576,0.5354
92,316,1,0.01,0.3,0.5,0.001,2.67988,0.61855
93,316,1,0.01,0.3,0.5,0.001,2.64183,0.427
94,316,1,0.01,0.3,0.5,0.001,2.66961,0.6025
95,316,1,0.01,0.3,0.5,0.001,2.66366,0.60049
96,316,1,0.01,0.3,0.5,0.001,2.66063,0.49055
97,316,1,0.01,0.3,0.5,0.001,2.65193,0.53041
98,316,1,0.01,0.3,0.5,0.001,2.65794,0.50932
99,316,1,0.01,0.3,0.5,0.001,2.69332,0.69
0,372,1,0.01,0.3,0.5,0.01,3.41623,0.12145
1,372,1,0.01,0.3,0.5,0.01,3.4174,0.1633
2,372,1,0.01,0.3,0.5,0.01,3.4168,0.11407
3,372,1,0.01,0.3,0.5,0.01,3.41587,0.10361
4,372,1,0.01,0.3,0.5,0.01,3.4169,0.12959
5,372,1,0.01,0.3,0.5,0.01,3.4166,0.1126
6,372,1,0.01,0.3,0.5,0.01,3.41763,0.15366
7,372,1,0.01,0.3,0.5,0.01,3.41765,0.15073
8,372,1,0.01,0.3,0.5,0.01,3.41698,0.13846
9,372,1,0.01,0.3,0.5,0.01,3.41562,0.09644
10,372,1,0.01,0.3,0.5,0.01,3.41637,0.12874
11,372,1,0.01,0.3,0.5,0.01,3.41632,0.09547
12,372,1,0.01,0.3,0.5,0.01,3.41891,0.14744
13,372,1,0.01,0.3,0.5,0.01,3.4189,0.18976
14,372,1,0.01,0.3,0.5,0.01,3.41769,0.15264
15,372,1,0.01,0.3,0.5,0.01,3.41653,0.12922
16,372,1,0.01,0.3,0.5,0.01,3.41704,0.11551
17,372,1,0.01,0.3,0.5,0.01,3.41824,0.16428
18,372,1,0.01,0.3,0.5,0.01,3.41601,0.10085
19,372,1,0.01,0.3,0.5,0.01,3.41764,0.13563
20,372,1,0.01,0.3,0.5,0.01,3.41601,0.10735
21,372,1,0.01,0.3,0.5,0.01,3.41637,0.10583
22,372,1,0.01,0.3,0.5,0.01,3.41775,0.16003
23,372,1,0.01,0.3,0.5,0.01,3.41806,0.13969
24,372,1,0.01,0.3,0.5,0.01,3.41705,0.12139
25,372,1,0.01,0.3,0.5,0.01,3.41897,0.17313
26,372,1,0.01,0.3,0.5,0.01,3.41631,0.12625
27,372,1,0.01,0.3,0.5,0.01,3.41758,0.13672
28,372,1,0.01,0.3,0.5,0.01,3.41612,0.11521
29,372,1,0.01,0.3,0.5,0.01,3.41691,0.118
30,372,1,0.01,0.3,0.5,0.01,3.4161,0.11487
31,372,1,0.01,0.3,0.5,0.01,3.41672,0.11759
32,372,1,0.01,0.3,0.5,0.01,3.41577,0.09999
33,372,1,0.01,0.3,0.5,0.01,3.41768,0.13163
34,372,1,0.01,0.3,0.5,0.01,3.41706,0.13762
35,372,1,0.01,0.3,0.5,0.01,3.41654,0.10664
36,372,1,0.01,0.3,0.5,0.01,3.41866,0.15312
37,372,1,0.01,0.3,0.5,0.01,3.41672,0.10924
38,372,1,0.01,0.3,0.5,0.01,3.41701,0.11185
39,372,1,0.01,0.3,0.5,0.01,3.41645,0.12259
40,372,1,0.01,0.3,0.5,0.01,3.41657,0.12636
41,372,1,0.01,0.3,0.5,0.01,3.41739,0.12996
42,372,1,0.01,0.3,0.5,0.01,3.4159,0.10473
43,372,1,0.01,0.3,0.5,0.01,3.41694,0.11714
44,372,1,0.01,0.3,0.5,0.01,3.41882,0.16957
45,372,1,0.01,0.3,0.5,0.01,3.41499,0.08884
46,372,1,0.01,0.3,0.5,0.01,3.41822,0.13613
47,372,1,0.01,0.3,0.5,0.01,3.41834,0.15414
48,372,1,0.01,0.3,0.5,0.01,3.41655,0.10712
49,372,1,0.01,0.3,0.5,0.01,3.41576,0.08581
50,372,1,0.01,0.3,0.5,0.01,3.4206,0.18004
51,372,1,0.01,0.3,0.5,0.01,3.41622,0.10353
52,372,1,0.01,0.3,0.5,0.01,3.41626,0.10926
53,372,1,0.01,0.3,0.5,0.01,3.41816,0.16064
54,372,1,0.01,0.3,0.5,0.01,3.4172,0.11845
55,372,1,0.01,0.3,0.5,0.01,3.41719,0.12889
56,372,1,0.01,0.3,0.5,0.01,3.41596,0.0937
57,372,1,0.01,0.3,0.5,0.01,3.41765,0.14859
58,372,1,0.01,0.3,0.5,0.01,3.416,0.12237
59,372,1,0.01,0.3,0.5,0.01,3.41691,0.1238
60,372,1,0.01,0.3,0.5,0.01,3.41869,0.15162
61,372,1,0.01,0.3,0.5,0.01,3.4166,0.10792
62,372,1,0.01,0.3,0.5,0.01,3.4159,0.11076
63,372,1,0.01,0.3,0.5,0.01,3.41784,0.14846
64,372,1,0.01,0.3,0.5,0.01,3.41818,0.144
65,372,1,0.01,0.3,0.5,0.01,3.41653,0.09444
66,372,1,0.01,0.3,0.5,0.01,3.41536,0.11575
67,372,1,0.01,0.3,0.5,0.01,3.41742,0.14376
68,372,1,0.01,0.3,0.5,0.01,3.41732,0.1299
69,372,1,0.01,0.3,0.5,0.01,3.41638,0.09659
70,372,1,0.01,0.3,0.5,0.01,3.41497,0.06893
71,372,1,0.01,0.3,0.5,0.01,3.41865,0.16468
72,372,1,0.01,0.3,0.5,0.01,3.41763,0.1301
73,372,1,0.01,0.3,0.5,0.01,3.41584,0.08149
74,372,1,0.01,0.3,0.5,0.01,3.41609,0.11101
75,372,1,0.01,0.3,0.5,0.01,3.41717,0.13318
76,372,1,0.01,0.3,0.5,0.01,3.41767,0.14145
77,372,1,0.01,0.3,0.5,0.01,3.4161,0.12238
78,372,1,0.01,0.3,0.5,0.01,3.41486,0.10102
79,372,1,0.01,0.3,0.5,0.01,3.41762,0.15738
80,372,1,0.01,0.3,0.5,0.01,3.41611,0.09061
81,372,1,0.01,0.3,0.5,0.01,3.41674,0.14898
82,372,1,0.01,0.3,0.5,0.01,3.41635,0.10657
83,372,1,0.01,0.3,0.5,0.01,3.41737,0.12226
84,372,1,0.01,0.3,0.5,0.01,3.41586,0.108
85,372,1,0.01,0.3,0.5,0.01,3.41661,0.11648
86,372,1,0.01,0.3,0.5,0.01,3.41615,0.10272
87,372,1,0.01,0.3,0.5,0.01,3.41769,0.14309
88,372,1,0.01,0.3,0.5,0.01,3.41518,0.07406
89,372,1,0.01,0.3,0.5,0.01,3.41719,0.12848
90,372,1,0.01,0.3,0.5,0.01,3.416,0.08018
91,372,1,0.01,0.3,0.5,0.01,3.41731,0.11959
92,372,1,0.01,0.3,0.5,0.01,3.4172,0.12507
93,372,1,0.01,0.3,0.5,0.01,3.41757,0.14194
94,372,1,0.01,0.3,0.5,0.01,3.41658,0.11391
95,372,1,0.01,0.3,0.5,0.01,3.41801,0.15318
96,372,1,0.01,0.3,0.5,0.01,3.41721,0.12724
97,372,1,0.01,0.3,0.5,0.01,3.41705,0.12672
98,372,1,0.01,0.3,0.5,0.01,3.41822,0.14131
99,372,1,0.01,0.3,0.5,0.01,3.41623,0.11919
0,372,1,0.01,0.3,0.5,0.0025,3.04289,0.30433
1,372,1,0.01,0.3,0.5,0.0025,3.04666,0.34258
2,372,1,0.01,0.3,0.5,0.0025,3.0431,0.27435
3,372,1,0.01,0.3,0.5,0.0025,3.03994,0.25162
4,372,1,0.01,0.3,0.5,0.0025,3.04181,0.29339
5,372,1,0.01,0.3,0.5,0.0025,3.04637,0.28572
6,372,1,0.01,0.3,0.5,0.0025,3.05224,0.3634
7,372,1,0.01,0.3,0.5,0.0025,3.04255,0.30525
8,372,1,0.01,0.3,0.5,0.0025,3.04417,0.31764
9,372,1,0.01,0.3,0.5,0.0025,3.03855,0.27475
10,372,1,0.01,0.3,0.5,0.0025,3.03838,0.26485
11,372,1,0.01,0.3,0.5,0.0025,3.04191,0.23057
12,372,1,0.01,0.3,0.5,0.0025,3.04947,0.33682
13,372,1,0.01,0.3,0.5,0.0025,3.04957,0.35784
14,372,1,0.01,0.3,0.5,0.0025,3.04569,0.32817
15,372,1,0.01,0.3,0.5,0.0025,3.04378,0.30333
16,372,1,0.01,0.3,0.5,0.0025,3.04503,0.27372
17,372,1,0.01,0.3,0.5,0.0025,3.04753,0.32843
18,372,1,0.01,0.3,0.5,0.0025,3.04353,0.27156
19,372,1,0.01,0.3,0.5,0.0025,3.04649,0.28485
20,372,1,0.01,0.3,0.5,0.0025,3.04143,0.25937
21,372,1,0.01,0.3,0.5,0.0025,3.04003,0.23239
22,372,1,0.01,0.3,0.5,0.0025,3.04784,0.34304
23,372,1,0.01,0.3,0.5,0.0025,3.0444,0.26639
24,372,1,0.01,0.3,0.5,0.0025,3.04646,0.28501
25,372,1,0.01,0.3,0.5,0.0025,3.04985,0.34836
26,372,1,0.01,0.3,0.5,0.0025,3.04111,0.29352
27,372,1,0.01,0.3,0.5,0.0025,3.04506,0.27478
28,372,1,0.01,0.3,0.5,0.0025,3.041,0.2859
29,372,1,0.01,0.3,0.5,0.0025,3.04007,0.24675
30,372,1,0.01,0.3,0.5,0.0025,3.04068,0.27945
31,372,1,0.01,0.3,0.5,0.0025,3.04285,0.25507
32,372,1,0.01,0.3,0.5,0.0025,3.03766,0.23415
33,372,1,0.01,0.3,0.5,0.0025,3.04288,0.27759
34,372,1,0.01,0.3,0.5,0.0025,3.04215,0.30973
35,372,1,0.01,0.3,0.5,0.0025,3.04425,0.27011
36,372,1,0.01,0.3,0.5,0.0025,3.04544,0.2865
37,372,1,0.01,0.3,0.5,0.0025,3.04363,0.24885
38,372,1,0.01,0.3,0.5,0.0025,3.04065,0.22907
39,372,1,0.01,0.3,0.5,0.0025,3.03944,0.27021
40,372,1,0.01,0.3,0.5,0.0025,3.04047,0.25278
41,372,1,0.01,0.3,0.5,0.0025,3.04706,0.29046
42,372,1,0.01,0.3,0.5,0.0025,3.04323,0.25827
43,372,1,0.01,0.3,0.5,0.0025,3.04175,0.25312
44,372,1,0.01,0.3,0.5,0.0025,3.05268,0.373
45,372,1,0.01,0.3,0.5,0.0025,3.04151,0.2615
46,372,1,0.01,0.3,0.5,0.0025,3.04575,0.3137
47,372,1,0.01,0.3,0.5,0.0025,3.0459,0.32333
48,372,1,0.01,0.3,0.5,0.0025,3.04115,0.26441
49,372,1,0.01,0.3,0.5,0.0025,3.04242,0.26256
50,372,1,0.01,0.3,0.5,0.0025,3.05349,0.33222
51,372,1,0.01,0.3,0.5,0.0025,3.03841,0.23183
52,372,1,0.01,0.3,0.5,0.0025,3.04285,0.27187
53,372,1,0.01,0.3,0.5,0.0025,3.04674,0.30785
54,372,1,0.01,0.3,0.5,0.0025,3.04563,0.26909
55,372,1,0.01,0.3,0.5,0.0025,3.04132,0.25661
56,372,1,0.01,0.3,0.5,0.0025,3.03969,0.20945
57,372,1,0.01,0.3,0.5,0.0025,3.04491,0.29451
58,372,1,0.01,0.3,0.5,0.0025,3.0401,0.31333
59,372,1,0.01,0.3,0.5,0.0025,3.04463,0.28296
60,372,1,0.01,0.3,0.5,0.0025,3.05108,0.31593
61,372,1,0.01,0.3,0.5,0.0025,3.0418,0.24311
62,372,1,0.01,0.3,0.5,0.0025,3.03783,0.24144
63,372,1,0.01,0.3,0.5,0.0025,3.04799,0.31813
64,372,1,0.01,0.3,0.5,0.0025,3.04954,0.35103
65,372,1,0.01,0.3,0.5,0.0025,3.04093,0.23396
66,372,1,0.01,0.3,0.5,0.0025,3.03691,0.24932
67,372,1,0.01,0.3,0.5,0.0025,3.04555,0.2875
68,372,1,0.01,0.3,0.5,0.0025,3.04804,0.31861
69,372,1,0.01,0.3,0.5,0.0025,3.04268,0.2509
70,372,1,0.01,0.3,0.5,0.0025,3.03521,0.1783
71,372,1,0.01,0.3,0.5,0.0025,3.04262,0.29568
72,372,1,0.01,0.3,0.5,0.0025,3.04332,0.27872
73,372,1,0.01,0.3,0.5,0.0025,3.0378,0.21443
74,372,1,0.01,0.3,0.5,0.0025,3.03969,0.22938
75,372,1,0.01,0.3,0.5,0.0025,3.04866,0.34923
76,372,1,0.01,0.3,0.5,0.0025,3.04917,0.33875
77,372,1,0.01,0.3,0.5,0.0025,3.04039,0.25674
78,372,1,0.01,0.3,0.5,0.0025,3.03559,0.32106
79,372,1,0.01,0.3,0.5,0.0025,3.04423,0.30261
80,372,1,0.01,0.3,0.5,0.0025,3.03786,0.21844
81,372,1,0.01,0.3,0.5,0.0025,3.04616,0.39335
82,372,1,0.01,0.3,0.5,0.0025,3.03876,0.25133
83,372,1,0.01,0.3,0.5,0.0025,3.04533,0.27878
84,372,1,0.01,0.3,0.5,0.0025,3.03965,0.24626
85,372,1,0.01,0.3,0.5,0.0025,3.03919,0.23444
86,372,1,0.01,0.3,0.5,0.0025,3.04025,0.24575
87,372,1,0.01,0.3,0.5,0.0025,3.04735,0.33612
88,372,1,0.01,0.3,0.5,0.0025,3.03949,0.20848
89,372,1,0.01,0.3,0.5,0.0025,3.04258,0.24954
90,372,1,0.01,0.3,0.5,0.0025,3.0403,0.22307
91,372,1,0.01,0.3,0.5,0.0025,3.04247,0.27333
92,372,1,0.01,0.3,0.5,0.0025,3.04217,0.24819
93,372,1,0.01,0.3,0.5,0.0025,3.04814,0.34143
94,372,1,0.01,0.3,0.5,0.0025,3.04297,0.24957
95,372,1,0.01,0.3,0.5,0.0025,3.04787,0.33411
96,372,1,0.01,0.3,0.5,0.0025,3.04429,0.30278
97,372,1,0.01,0.3,0.5,0.0025,3.04433,0.30035
98,372,1,0.01,0.3,0.5,0.0025,3.0497,0.28948
99,372,1,0.01,0.3,0.5,0.0025,3.03801,0.23854
0,372,1,0.01,0.3,0.5,0.001,2.65759,0.52503
1,372,1,0.01,0.3,0.5,0.001,2.65825,0.54586
2,372,1,0.01,0.3,0.5,0.001,2.65261,0.46789
3,372,1,0.01,0.3,0.5,0.001,2.65314,0.45521
4,372,1,0.01,0.3,0.5,0.001,2.65053,0.51108
5,372,1,0.01,0.3,0.5,0.001,2.66074,0.4757
6,372,1,0.01,0.3,0.5,0.001,2.67531,0.57116
7,372,1,0.01,0.3,0.5,0.001,2.65344,0.48765
8,372,1,0.01,0.3,0.5,0.001,2.66053,0.54147
9,372,1,0.01,0.3,0.5,0.001,2.64768,0.49797
10,372,1,0.01,0.3,0.5,0.001,2.64153,0.45182
11,372,1,0.01,0.3,0.5,0.001,2.6536,0.41933
12,372,1,0.01,0.3,0.5,0.001,2.66915,0.52693
13,372,1,0.01,0.3,0.5,0.001,2.66495,0.55461
14,372,1,0.01,0.3,0.5,0.001,2.65114,0.50952
15,372,1,0.01,0.3,0.5,0.001,2.65497,0.51543
16,372,1,0.01,0.3,0.5,0.001,2.65558,0.47742
17,372,1,0.01,0.3,0.5,0.001,2.6657,0.53383
18,372,1,0.01,0.3,0.5,0.001,2.66581,0.50517
19,372,1,0.01,0.3,0.5,0.001,2.65191,0.44584
20,372,1,0.01,0.3,0.5,0.001,2.64893,0.44302
21,372,1,0.01,0.3,0.5,0.001,2.64207,0.39587
22,372,1,0.01,0.3,0.5,0.001,2.66957,0.5701
23,372,1,0.01,0.3,0.5,0.001,2.65278,0.41729
24,372,1,0.01,0.3,0.5,0.001,2.66047,0.46285
25,372,1,0.01,0.3,0.5,0.001,2.66462,0.55627
26,372,1,0.01,0.3,0.5,0.001,2.64615,0.49704
27,372,1,0.01,0.3,0.5,0.001,2.65529,0.45582
28,372,1,0.01,0.3,0.5,0.001,2.65221,0.51384
29,372,1,0.01,0.3,0.5,0.001,2.64606,0.43415
30,372,1,0.01,0.3,0.5,0.001,2.64953,0.50251
31,372,1,0.01,0.3,0.5,0.001,2.64792,0.42184
32,372,1,0.01,0.3,0.5,0.001,2.63719,0.38752
33,372,1,0.01,0.3,0.5,0.001,2.6434,0.44983
34,372,1,0.01,0.3,0.5,0.001,2.65872,0.52467
35,372,1,0.01,0.3,0.5,0.001,2.65525,0.46096
36,372,1,0.01,0.3,0.5,0.001,2.65083,0.49225
37,372,1,0.01,0.3,0.5,0.001,2.65198,0.42294
38,372,1,0.01,0.3,0.5,0.001,2.6477,0.41855
39,372,1,0.01,0.3,0.5,0.001,2.64256,0.46339
40,372,1,0.01,0.3,0.5,0.001,2.64418,0.41176
41,372,1,0.01,0.3,0.5,0.001,2.66766,0.49462
42,372,1,0.01,0.3,0.5,0.001,2.65906,0.45595
43,372,1,0.01,0.3,0.5,0.001,2.65025,0.45177
44,372,1,0.01,0.3,0.5,0.001,2.66955,0.58791
45,372,1,0.01,0.3,0.5,0.001,2.65545,0.48949
46,372,1,0.01,0.3,0.5,0.001,2.66384,0.52054
47,372,1,0.01,0.3,0.5,0.001,2.652,0.50543
48,372,1,0.01,0.3,0.5,0.001,2.65181,0.46828
49,372,1,0.01,0.3,0.5,0.001,2.65611,0.47322
50,372,1,0.01,0.3,0.5,0.001,2.67167,0.51672
51,372,1,0.01,0.3,0.5,0.001,2.63993,0.41301
52,372,1,0.01,0.3,0.5,0.001,2.65363,0.46201
53,372,1,0.01,0.3,0.5,0.001,2.65676,0.49698
54,372,1,0.01,0.3,0.5,0.001,2.66229,0.45443
55,372,1,0.01,0.3,0.5,0.001,2.64448,0.44617
56,372,1,0.01,0.3,0.5,0.001,2.64103,0.35836
57,372,1,0.01,0.3,0.5,0.001,2.6534,0.46442
58,372,1,0.01,0.3,0.5,0.001,2.65114,0.51939
59,372,1,0.01,0.3,0.5,0.001,2.6608,0.49517
60,372,1,0.01,0.3,0.5,0.001,2.67392,0.51242
61,372,1,0.01,0.3,0.5,0.001,2.64807,0.41469
62,372,1,0.01,0.3,0.5,0.001,2.64308,0.43868
63,372,1,0.01,0.3,0.5,0.001,2.66236,0.50331
64,372,1,0.01,0.3,0.5,0.001,2.68676,0.61352
65,372,1,0.01,0.3,0.5,0.001,2.65153,0.44763
66,372,1,0.01,0.3,0.5,0.001,2.6414,0.4417
67,372,1,0.01,0.3,0.5,0.001,2.65804,0.46303
68,372,1,0.01,0.3,0.5,0.001,2.66449,0.50858
69,372,1,0.01,0.3,0.5,0.001,2.65457,0.45151
70,372,1,0.01,0.3,0.5,0.001,2.63428,0.36802
71,372,1,0.01,0.3,0.5,0.001,2.64755,0.4712
72,372,1,0.01,0.3,0.5,0.001,2.64807,0.44604
73,372,1,0.01,0.3,0.5,0.001,2.64226,0.40852
74,372,1,0.01,0.3,0.5,0.001,2.65091,0.443
75,372,1,0.01,0.3,0.5,0.001,2.67047,0.57495
76,372,1,0.01,0.3,0.5,0.001,2.66132,0.53947
77,372,1,0.01,0.3,0.5,0.001,2.64227,0.40551
78,372,1,0.01,0.3,0.5,0.001,2.64656,0.54282
79,372,1,0.01,0.3,0.5,0.001,2.65614,0.48607
80,372,1,0.01,0.3,0.5,0.001,2.64548,0.42139
81,372,1,0.01,0.3,0.5,0.001,2.66312,0.60275
82,372,1,0.01,0.3,0.5,0.001,2.6422,0.45015
83,372,1,0.01,0.3,0.5,0.001,2.65923,0.47509
84,372,1,0.01,0.3,0.5,0.001,2.63852,0.39936
85,372,1,0.01,0.3,0.5,0.001,2.64109,0.40703
86,372,1,0.01,0.3,0.5,0.001,2.64545,0.43212
87,372,1,0.01,0.3,0.5,0.001,2.67636,0.59636
88,372,1,0.01,0.3,0.5,0.001,2.64285,0.37612
89,372,1,0.01,0.3,0.5,0.001,2.65054,0.43843
90,372,1,0.01,0.3,0.5,0.001,2.65282,0.4332
91,372,1,0.01,0.3,0.5,0.001,2.65237,0.47941
92,372,1,0.01,0.3,0.5,0.001,2.6432,0.40962
93,372,1,0.01,0.3,0.5,0.001,2.66397,0.56403
94,372,1,0.01,0.3,0.5,0.001,2.65385,0.43341
95,372,1,0.01,0.3,0.5,0.001,2.66025,0.53551
96,372,1,0.01,0.3,0.5,0.001,2.65302,0.48874
97,372,1,0.01,0.3,0.5,0.001,2.65557,0.50035
98,372,1,0.01,0.3,0.5,0.001,2.6619,0.44475
99,372,1,0.01,0.3,0.5,0.001,2.63636,0.42574
0,439,1,0.01,0.3,0.5,0.01,3.41683,0.10061
1,439,1,0.01,0.3,0.5,0.01,3.41703,0.09139
2,439,1,0.01,0.3,0.5,0.01,3.41744,0.1274
3,439,1,0.01,0.3,0.5,0.01,3.42269,0.22745
4,439,1,0.01,0.3,0.5,0.01,3.41766,0.12448
5,439,1,0.01,0.3,0.5,0.01,3.41809,0.12473
6,439,1,0.01,0.3,0.5,0.01,3.41721,0.11647
7,439,1,0.01,0.3,0.5,0.01,3.41639,0.09706
8,439,1,0.01,0.3,0.5,0.01,3.41656,0.08309
9,439,1,0.01,0.3,0.5,0.01,3.41666,0.09366
10,439,1,0.01,0.3,0.5,0.01,3.41667,0.09347
11,439,1,0.01,0.3,0.5,0.01,3.41782,0.11733
12,439,1,0.01,0.3,0.5,0.01,3.41682,0.09306
13,439,1,0.01,0.3,0.5,0.01,3.41697,0.10192
14,439,1,0.01,0.3,0.5,0.01,3.41744,0.1252
15,439,1,0.01,0.3,0.5,0.01,3.41763,0.12717
16,439,1,0.01,0.3,0.5,0.01,3.41705,0.08644
17,439,1,0.01,0.3,0.5,0.01,3.4172,0.12574
18,439,1,0.01,0.3,0.5,0.01,3.41732,0.1265
19,439,1,0.01,0.3,0.5,0.01,3.41821,0.14346
20,439,1,0.01,0.3,0.5,0.01,3.41844,0.13467
21,439,1,0.01,0.3,0.5,0.01,3.41771,0.11867
22,439,1,0.01,0.3,0.5,0.01,3.41645,0.05893
23,439,1,0.01,0.3,0.5,0.01,3.41747,0.10172
24,439,1,0.01,0.3,0.5,0.01,3.41667,0.07514
25,439,1,0.01,0.3,0.5,0.01,3.41743,0.14438
26,439,1,0.01,0.3,0.5,0.01,3.41752,0.11907
27,439,1,0.01,0.3,0.5,0.01,3.41715,0.1013
28,439,1,0.01,0.3,0.5,0.01,3.41617,0.09359
29,439,1,0.01,0.3,0.5,0.01,3.41661,0.09632
30,439,1,0.01,0.3,0.5,0.01,3.41802,0.13151
31,439,1,0.01,0.3,0.5,0.01,3.41661,0.09046
32,439,1,0.01,0.3,0.5,0.01,3.41827,0.13964
33,439,1,0.01,0.3,0.5,0.01,3.41796,0.12675
34,439,1,0.01,0.3,0.5,0.01,3.41763,0.11918
35,439,1,0.01,0.3,0.5,0.01,3.41679,0.08448
36,439,1,0.01,0.3,0.5,0.01,3.4169,0.09014
37,439,1,0.01,0.3,0.5,0.01,3.41953,0.15984
38,439,1,0.01,0.3,0.5,0.01,3.41721,0.10989
39,439,1,0.01,0.3,0.5,0.01,3.41843,0.14014
40,439,1,0.01,0.3,0.5,0.01,3.41657,0.09926
41,439,1,0.01,0.3,0.5,0.01,3.41713,0.10285
42,439,1,0.01,0.3,0.5,0.01,3.41732,0.10761
43,439,1,0.01,0.3,0.5,0.01,3.41804,0.12072
44,439,1,0.01,0.3,0.5,0.01,3.41742,0.10895
45,439,1,0.01,0.3,0.5,0.01,3.41664,0.10605
46,439,1,0.01,0.3,0.5,0.01,3.41685,0.0988
47,439,1,0.01,0.3,0.5,0.01,3.41815,0.15424
48,439,1,0.01,0.3,0.5,0.01,3.41788,0.11378
49,439,1,0.01,0.3,0.5,0.01,3.41727,0.1038
50,439,1,0.01,0.3,0.5,0.01,3.41769,0.12261
51,439,1,0.01,0.3,0.5,0.01,3.41664,0.10949
52,439,1,0.01,0.3,0.5,0.01,3.41576,0.07164
53,439,1,0.01,0.3,0.5,0.01,3.41677,0.10015
54,439,1,0.01,0.3,0.5,0.01,3.41775,0.13793
55,439,1,0.01,0.3,0.5,0.01,3.41744,0.12123
56,439,1,0.01,0.3,0.5,0.01,3.41995,0.17131
57,439,1,0.01,0.3,0.5,0.01,3.41715,0.09814
58,439,1,0.01,0.3,0.5,0.01,3.41864,0.14288
59,439,1,0.01,0.3,0.5,0.01,3.41793,0.11249
60,439,1,0.01,0.3,0.5,0.01,3.41698,0.12239
61,439,1,0.01,0.3,0.5,0.01,3.41824,0.12008
62,439,1,0.01,0.3,0.5,0.01,3.41758,0.12497
63,439,1,0.01,0.3,0.5,0.01,3.41825,0.13152
64,439,1,0.01,0.3,0.5,0.01,3.41745,0.13354
65,439,1,0.01,0.3,0.5,0.01,3.4175,0.11162
66,439,1,0.01,0.3,0.5,0.01,3.41902,0.15384
67,439,1,0.01,0.3,0.5,0.01,3.41626,0.12329
68,439,1,0.01,0.3,0.5,0.01,3.41668,0.09264
69,439,1,0.01,0.3,0.5,0.01,3.41697,0.09777
70,439,1,0.01,0.3,0.5,0.01,3.41759,0.12336
71,439,1,0.01,0.3,0.5,0.01,3.41642,0.09472
72,439,1,0.01,0.3,0.5,0.01,3.41597,0.10497
73,439,1,0.01,0.3,0.5,0.01,3.41689,0.10227
74,439,1,0.01,0.3,0.5,0.01,3.4172,0.10174
75,439,1,0.01,0.3,0.5,0.01,3.41714,0.0902
76,439,1,0.01,0.3,0.5,0.01,3.41978,0.17063
77,439,1,0.01,0.3,0.5,0.01,3.41786,0.13675
78,439,1,0.01,0.3,0.5,0.01,3.41855,0.1275
79,439,1,0.01,0.3,0.5,0.01,3.4182,0.1274
80,439,1,0.01,0.3,0.5,0.01,3.4176,0.14816
81,439,1,0.01,0.3,0.5,0.01,3.4171,0.09191
82,439,1,0.01,0.3,0.5,0.01,3.41668,0.09128
83,439,1,0.01,0.3,0.5,0.01,3.4163,0.08786
84,439,1,0.01,0.3,0.5,0.01,3.41697,0.0956
85,439,1,0.01,0.3,0.5,0.01,3.41978,0.16558
86,439,1,0.01,0.3,0.5,0.01,3.41629,0.11205
87,439,1,0.01,0.3,0.5,0.01,3.42061,0.1876
88,439,1,0.01,0.3,0.5,0.01,3.41769,0.12614
89,439,1,0.01,0.3,0.5,0.01,3.41674,0.08766
90,439,1,0.01,0.3,0.5,0.01,3.41745,0.10191
91,439,1,0.01,0.3,0.5,0.01,3.41664,0.11122
92,439,1,0.01,0.3,0.5,0.01,3.41667,0.07604
93,439,1,0.01,0.3,0.5,0.01,3.41612,0.06907
94,439,1,0.01,0.3,0.5,0.01,3.41647,0.08718
95,439,1,0.01,0.3,0.5,0.01,3.41979,0.16464
96,439,1,0.01,0.3,0.5,0.01,3.41694,0.1143
97,439,1,0.01,0.3,0.5,0.01,3.41772,0.12779
98,439,1,0.01,0.3,0.5,0.01,3.41715,0.10927
99,439,1,0.01,0.3,0.5,0.01,3.41687,0.09237
0,439,1,0.01,0.3,0.5,0.0025,3.03846,0.24585
1,439,1,0.01,0.3,0.5,0.0025,3.04102,0.23363
2,439,1,0.01,0.3,0.5,0.0025,3.04496,0.26312
3,439,1,0.01,0.3,0.5,0.0025,3.05221,0.39573
4,439,1,0.01,0.3,0.5,0.0025,3.04176,0.25753
5,439,1,0.01,0.3,0.5,0.0025,3.04158,0.24688
6,439,1,0.01,0.3,0.5,0.0025,3.04377,0.2593
7,439,1,0.01,0.3,0.5,0.0025,3.04118,0.25915
8,439,1,0.01,0.3,0.5,0.0025,3.03986,0.24688
9,439,1,0.01,0.3,0.5,0.0025,3.0398,0.22669
10,439,1,0.01,0.3,0.5,0.0025,3.03951,0.22631
11,439,1,0.01,0.3,0.5,0.0025,3.04414,0.25412
12,439,1,0.01,0.3,0.5,0.0025,3.04012,0.22665
13,439,1,0.01,0.3,0.5,0.0025,3.03776,0.21316
14,439,1,0.01,0.3,0.5,0.0025,3.0408,0.27099
15,439,1,0.01,0.3,0.5,0.0025,3.04342,0.27537
16,439,1,0.01,0.3,0.5,0.0025,3.03983,0.20911
17,439,1,0.01,0.3,0.5,0.0025,3.04091,0.26581
18,439,1,0.01,0.3,0.5,0.0025,3.04085,0.27119
19,439,1,0.01,0.3,0.5,0.0025,3.04457,0.29814
20,439,1,0.01,0.3,0.5,0.0025,3.04977,0.31354
21,439,1,0.01,0.3,0.5,0.0025,3.04146,0.25636
22,439,1,0.01,0.3,0.5,0.0025,3.03707,0.17892
23,439,1,0.01,0.3,0.5,0.0025,3.04021,0.25095
24,439,1,0.01,0.3,0.5,0.0025,3.03703,0.18712
25,439,1,0.01,0.3,0.5,0.0025,3.04184,0.32133
26,439,1,0.01,0.3,0.5,0.0025,3.04403,0.29971
27,439,1,0.01,0.3,0.5,0.0025,3.0408,0.21015
28,439,1,0.01,0.3,0.5,0.0025,3.03981,0.20639
29,439,1,0.01,0.3,0.5,0.0025,3.04037,0.24212
30,439,1,0.01,0.3,0.5,0.0025,3.03953,0.25239
31,439,1,0.01,0.3,0.5,0.0025,3.03857,0.20689
32,439,1,0.01,0.3,0.5,0.0025,3.04186,0.25541
33,439,1,0.01,0.3,0.5,0.0025,3.04088,0.27147
34,439,1,0.01,0.3,0.5,0.0025,3.04443,0.26537
35,439,1,0.01,0.3,0.5,0.0025,3.03751,0.17901
36,439,1,0.01,0.3,0.5,0.0025,3.0398,0.232
37,439,1,0.01,0.3,0.5,0.0025,3.04485,0.29346
38,439,1,0.01,0.3,0.5,0.0025,3.04223,0.27595
39,439,1,0.01,0.3,0.5,0.0025,3.04343,0.28529
40,439,1,0.01,0.3,0.5,0.0025,3.03856,0.22754
41,439,1,0.01,0.3,0.5,0.0025,3.03965,0.24149
42,439,1,0.01,0.3,0.5,0.0025,3.04154,0.24118
43,439,1,0.01,0.3,0.5,0.0025,3.04443,0.27316
44,439,1,0.01,0.3,0.5,0.0025,3.04017,0.2399
45,439,1,0.01,0.3,0.5,0.0025,3.03932,0.23418
46,439,1,0.01,0.3,0.5,0.0025,3.04567,0.28145
47,439,1,0.01,0.3,0.5,0.0025,3.04275,0.27766
48,439,1,0.01,0.3,0.5,0.0025,3.04177,0.26142
49,439,1,0.01,0.3,0.5,0.0025,3.03937,0.22107
50,439,1,0.01,0.3,0.5,0.0025,3.04118,0.25519
51,439,1,0.01,0.3,0.5,0.0025,3.04124,0.27649
52,439,1,0.01,0.3,0.5,0.0025,3.03973,0.22462
53,439,1,0.01,0.3,0.5,0.0025,3.03961,0.24797
54,439,1,0.01,0.3,0.5,0.0025,3.0398,0.27589
55,439,1,0.01,0.3,0.5,0.0025,3.04053,0.28788
56,439,1,0.01,0.3,0.5,0.0025,3.04915,0.32097
57,439,1,0.01,0.3,0.5,0.0025,3.04152,0.23803
58,439,1,0.01,0.3,0.5,0.0025,3.04433,0.28974
59,439,1,0.01,0.3,0.5,0.0025,3.04489,0.24597
60,439,1,0.01,0.3,0.5,0.0025,3.0413,0.29084
61,439,1,0.01,0.3,0.5,0.0025,3.0442,0.29866
62,439,1,0.01,0.3,0.5,0.0025,3.04242,0.28324
63,439,1,0.01,0.3,0.5,0.0025,3.04317,0.27619
64,439,1,0.01,0.3,0.5,0.0025,3.04092,0.27309
65,439,1,0.01,0.3,0.5,0.0025,3.04424,0.26317
66,439,1,0.01,0.3,0.5,0.0025,3.04407,0.28516
67,439,1,0.01,0.3,0.5,0.0025,3.03968,0.27844
68,439,1,0.01,0.3,0.5,0.0025,3.03804,0.23927
69,439,1,0.01,0.3,0.5,0.0025,3.04077,0.22729
70,439,1,0.01,0.3,0.5,0.0025,3.0391,0.23583
71,439,1,0.01,0.3,0.5,0.0025,3.03978,0.23914
72,439,1,0.01,0.3,0.5,0.0025,3.03699,0.23308
73,439,1,0.01,0.3,0.5,0.0025,3.03974,0.21893
74,439,1,0.01,0.3,0.5,0.0025,3.03822,0.19978
75,439,1,0.01,0.3,0.5,0.0025,3.04145,0.23283
76,439,1,0.01,0.3,0.5,0.0025,3.04739,0.31688
77,439,1,0.01,0.3,0.5,0.0025,3.04496,0.27678
78,439,1,0.01,0.3,0.5,0.0025,3.0488,0.29467
79,439,1,0.01,0.3,0.5,0.0025,3.04347,0.26339
80,439,1,0.01,0.3,0.5,0.0025,3.04455,0.32504
81,439,1,0.01,0.3,0.5,0.0025,3.03937,0.19656
82,439,1,0.01,0.3,0.5,0.0025,3.04105,0.23391
83,439,1,0.01,0.3,0.5,0.0025,3.03737,0.21609
84,439,1,0.01,0.3,0.5,0.0025,3.03966,0.23574
85,439,1,0.01,0.3,0.5,0.0025,3.04819,0.31164
86,439,1,0.01,0.3,0.5,0.0025,3.03777,0.2392
87,439,1,0.01,0.3,0.5,0.0025,3.05346,0.37107
88,439,1,0.01,0.3,0.5,0.0025,3.04282,0.25028
89,439,1,0.01,0.3,0.5,0.0025,3.04038,0.22714
90,439,1,0.01,0.3,0.5,0.0025,3.04202,0.24596
91,439,1,0.01,0.3,0.5,0.0025,3.04038,0.27364
92,439,1,0.01,0.3,0.5,0.0025,3.03956,0.21607
93,439,1,0.01,0.3,0.5,0.0025,3.03825,0.19128
94,439,1,0.01,0.3,0.5,0.0025,3.03918,0.19582
95,439,1,0.01,0.3,0.5,0.0025,3.04389,0.29458
96,439,1,0.01,0.3,0.5,0.0025,3.04266,0.30942
97,439,1,0.01,0.3,0.5,0.0025,3.04388,0.29638
98,439,1,0.01,0.3,0.5,0.0025,3.03969,0.24496
99,439,1,0.01,0.3,0.5,0.0025,3.04366,0.23203
0,439,1,0.01,0.3,0.5,0.001,2.63935,0.42685
1,439,1,0.01,0.3,0.5,0.001,2.64816,0.42147
2,439,1,0.01,0.3,0.5,0.001,2.65643,0.4441
3,439,1,0.01,0.3,0.5,0.001,2.66136,0.56619
4,439,1,0.01,0.3,0.5,0.001,2.64475,0.4223
5,439,1,0.01,0.3,0.5,0.001,2.64421,0.40921
6,439,1,0.01,0.3,0.5,0.001,2.65537,0.44465
7,439,1,0.01,0.3,0.5,0.001,2.65245,0.47785
8,439,1,0.01,0.3,0.5,0.001,2.64395,0.45489
9,439,1,0.01,0.3,0.5,0.001,2.64185,0.39742
10,439,1,0.01,0.3,0.5,0.001,2.63791,0.37558
11,439,1,0.01,0.3,0.5,0.001,2.64686,0.40913
12,439,1,0.01,0.3,0.5,0.001,2.63606,0.36933
13,439,1,0.01,0.3,0.5,0.001,2.63768,0.36426
14,439,1,0.01,0.3,0.5,0.001,2.6435,0.45611
15,439,1,0.01,0.3,0.5,0.001,2.64936,0.4368
16,439,1,0.01,0.3,0.5,0.001,2.64175,0.38474
17,439,1,0.01,0.3,0.5,0.001,2.64693,0.45371
18,439,1,0.01,0.3,0.5,0.001,2.64214,0.45208
19,439,1,0.01,0.3,0.5,0.001,2.65509,0.496
20,439,1,0.01,0.3,0.5,0.001,2.67253,0.54361
21,439,1,0.01,0.3,0.5,0.001,2.64424,0.41739
22,439,1,0.01,0.3,0.5,0.001,2.63633,0.3513
23,439,1,0.01,0.3,0.5,0.001,2.64234,0.42928
24,439,1,0.01,0.3,0.5,0.001,2.63238,0.34438
25,439,1,0.01,0.3,0.5,0.001,2.65426,0.5147
26,439,1,0.01,0.3,0.5,0.001,2.66164,0.53945
27,439,1,0.01,0.3,0.5,0.001,2.64384,0.36992
28,439,1,0.01,0.3,0.5,0.001,2.6452,0.36721
29,439,1,0.01,0.3,0.5,0.001,2.64616,0.44439
30,439,1,0.01,0.3,0.5,0.001,2.63604,0.39665
31,439,1,0.01,0.3,0.5,0.001,2.63754,0.34951
32,439,1,0.01,0.3,0.5,0.001,2.64341,0.41715
33,439,1,0.01,0.3,0.5,0.001,2.64383,0.44009
34,439,1,0.01,0.3,0.5,0.001,2.6525,0.43118
35,439,1,0.01,0.3,0.5,0.001,2.62939,0.29816
36,439,1,0.01,0.3,0.5,0.001,2.65054,0.45582
37,439,1,0.01,0.3,0.5,0.001,2.64541,0.44754
38,439,1,0.01,0.3,0.5,0.001,2.65498,0.50222
39,439,1,0.01,0.3,0.5,0.001,2.6504,0.47935
40,439,1,0.01,0.3,0.5,0.001,2.64363,0.42593
41,439,1,0.01,0.3,0.5,0.001,2.64083,0.40227
42,439,1,0.01,0.3,0.5,0.001,2.64323,0.40625
43,439,1,0.01,0.3,0.5,0.001,2.65534,0.46562
44,439,1,0.01,0.3,0.5,0.001,2.63937,0.41405
45,439,1,0.01,0.3,0.5,0.001,2.6397,0.40818
46,439,1,0.01,0.3,0.5,0.001,2.66405,0.51604
47,439,1,0.01,0.3,0.5,0.001,2.64732,0.43213
48,439,1,0.01,0.3,0.5,0.001,2.64582,0.43562
49,439,1,0.01,0.3,0.5,0.001,2.64124,0.40336
50,439,1,0.01,0.3,0.5,0.001,2.64302,0.4403
51,439,1,0.01,0.3,0.5,0.001,2.64706,0.47462
52,439,1,0.01,0.3,0.5,0.001,2.64698,0.41132
53,439,1,0.01,0.3,0.5,0.001,2.64036,0.42976
54,439,1,0.01,0.3,0.5,0.001,2.64811,0.48944
55,439,1,0.01,0.3,0.5,0.001,2.64056,0.46948
56,439,1,0.01,0.3,0.5,0.001,2.66151,0.49064
57,439,1,0.01,0.3,0.5,0.001,2.64989,0.40836
58,439,1,0.01,0.3,0.5,0.001,2.6448,0.45447
59,439,1,0.01,0.3,0.5,0.001,2.65435,0.41789
60,439,1,0.01,0.3,0.5,0.001,2.64761,0.47424
61,439,1,0.01,0.3,0.5,0.001,2.65844,0.52255
62,439,1,0.01,0.3,0.5,0.001,2.64379,0.44866
63,439,1,0.01,0.3,0.5,0.001,2.6459,0.42615
64,439,1,0.01,0.3,0.5,0.001,2.65193,0.48433
65,439,1,0.01,0.3,0.5,0.001,2.65674,0.45721
66,439,1,0.01,0.3,0.5,0.001,2.64271,0.41832
67,439,1,0.01,0.3,0.5,0.001,2.64395,0.4647
68,439,1,0.01,0.3,0.5,0.001,2.63604,0.42185
69,439,1,0.01,0.3,0.5,0.001,2.64289,0.39588
70,439,1,0.01,0.3,0.5,0.001,2.63749,0.39111
71,439,1,0.01,0.3,0.5,0.001,2.63844,0.39561
72,439,1,0.01,0.3,0.5,0.001,2.63317,0.38635
73,439,1,0.01,0.3,0.5,0.001,2.63861,0.371
74,439,1,0.01,0.3,0.5,0.001,2.6374,0.35562
75,439,1,0.01,0.3,0.5,0.001,2.64762,0.4135
76,439,1,0.01,0.3,0.5,0.001,2.65575,0.46843
77,439,1,0.01,0.3,0.5,0.001,2.6496,0.4096
78,439,1,0.01,0.3,0.5,0.001,2.66191,0.47593
79,439,1,0.01,0.3,0.5,0.001,2.64427,0.41944
80,439,1,0.01,0.3,0.5,0.001,2.65636,0.54699
81,439,1,0.01,0.3,0.5,0.001,2.63814,0.32535
82,439,1,0.01,0.3,0.5,0.001,2.64679,0.4161
83,439,1,0.01,0.3,0.5,0.001,2.6405,0.38757
84,439,1,0.01,0.3,0.5,0.001,2.64483,0.43315
85,439,1,0.01,0.3,0.5,0.001,2.65717,0.49036
86,439,1,0.01,0.3,0.5,0.001,2.63722,0.40406
87,439,1,0.01,0.3,0.5,0.001,2.67808,0.57645
88,439,1,0.01,0.3,0.5,0.001,2.64778,0.40746
89,439,1,0.01,0.3,0.5,0.001,2.64443,0.43739
90,439,1,0.01,0.3,0.5,0.001,2.64604,0.41108
91,439,1,0.01,0.3,0.5,0.001,2.64419,0.46822
92,439,1,0.01,0.3,0.5,0.001,2.64617,0.41167
93,439,1,0.01,0.3,0.5,0.001,2.64412,0.39528
94,439,1,0.01,0.3,0.5,0.001,2.63904,0.3634
95,439,1,0.01,0.3,0.5,0.001,2.64541,0.46646
96,439,1,0.01,0.3,0.5,0.001,2.64512,0.50724
97,439,1,0.01,0.3,0.5,0.001,2.65257,0.4842
98,439,1,0.01,0.3,0.5,0.001,2.64721,0.43014
99,439,1,0.01,0.3,0.5,0.001,2.65056,0.38945
0,517,1,0.01,0.3,0.5,0.01,3.4187,0.14971
1,517,1,0.01,0.3,0.5,0.01,3.41549,0.08869
2,517,1,0.01,0.3,0.5,0.01,3.41545,0.08946
3,517,1,0.01,0.3,0.5,0.01,3.41688,0.11036
4,517,1,0.01,0.3,0.5,0.01,3.41717,0.12893
5,517,1,0.01,0.3,0.5,0.01,3.41758,0.12779
6,517,1,0.01,0.3,0.5,0.01,3.41639,0.09859
7,517,1,0.01,0.3,0.5,0.01,3.41567,0.10513
8,517,1,0.01,0.3,0.5,0.01,3.41649,0.09035
9,517,1,0.01,0.3,0.5,0.01,3.41719,0.13078
10,517,1,0.01,0.3,0.5,0.01,3.41615,0.10002
11,517,1,0.01,0.3,0.5,0.01,3.41672,0.14094
12,517,1,0.01,0.3,0.5,0.01,3.41687,0.10219
13,517,1,0.01,0.3,0.5,0.01,3.41643,0.08386
14,517,1,0.01,0.3,0.5,0.01,3.41775,0.10922
15,517,1,0.01,0.3,0.5,0.01,3.41701,0.11022
16,517,1,0.01,0.3,0.5,0.01,3.41704,0.11193
17,517,1,0.01,0.3,0.5,0.01,3.41988,0.17813
18,517,1,0.01,0.3,0.5,0.01,3.4177,0.13422
19,517,1,0.01,0.3,0.5,0.01,3.41872,0.14381
20,517,1,0.01,0.3,0.5,0.01,3.4172,0.09506
21,517,1,0.01,0.3,0.5,0.01,3.41794,0.1352
22,517,1,0.01,0.3,0.5,0.01,3.41655,0.08285
23,517,1,0.01,0.3,0.5,0.01,3.41733,0.13161
24,517,1,0.01,0.3,0.5,0.01,3.416,0.0655
25,517,1,0.01,0.3,0.5,0.01,3.41614,0.0801
26,517,1,0.01,0.3,0.5,0.01,3.41621,0.09457
27,517,1,0.01,0.3,0.5,0.01,3.41554,0.06563
28,517,1,0.01,0.3,0.5,0.01,3.41716,0.0965
29,517,1,0.01,0.3,0.5,0.01,3.41601,0.07124
30,517,1,0.01,0.3,0.5,0.01,3.41581,0.06835
31,517,1,0.01,0.3,0.5,0.01,3.41588,0.09185
32,517,1,0.01,0.3,0.5,0.01,3.41758,0.14278
33,517,1,0.01,0.3,0.5,0.01,3.41659,0.10438
34,517,1,0.01,0.3,0.5,0.01,3.41604,0.08869
35,517,1,0.01,0.3,0.5,0.01,3.41813,0.15031
36,517,1,0.01,0.3,0.5,0.01,3.41617,0.08676
37,517,1,0.01,0.3,0.5,0.01,3.41651,0.10978
38,517,1,0.01,0.3,0.5,0.01,3.41623,0.08003
39,517,1,0.01,0.3,0.5,0.01,3.41839,0.13888
40,517,1,0.01,0.3,0.5,0.01,3.41646,0.11171
41,517,1,0.01,0.3,0.5,0.01,3.41681,0.11598
42,517,1,0.01,0.3,0.5,0.01,3.41598,0.08881
43,517,1,0.01,0.3,0.5,0.01,3.41594,0.08443
44,517,1,0.01,0.3,0.5,0.01,3.41693,0.12056
45,517,1,0.01,0.3,0.5,0.01,3.41611,0.09503
46,517,1,0.01,0.3,0.5,0.01,3.41638,0.11889
47,517,1,0.01,0.3,0.5,0.01,3.4189,0.16298
48,517,1,0.01,0.3,0.5,0.01,3.41633,0.0784
49,517,1,0.01,0.3,0.5,0.01,3.41595,0.06993
50,517,1,0.01,0.3,0.5,0.01,3.41715,0.09647
51,517,1,0.01,0.3,0.5,0.01,3.41642,0.09202
52,517,1,0.01,0.3,0.5,0.01,3.41661,0.09927
53,517,1,0.01,0.3,0.5,0.01,3.41776,0.12834
54,517,1,0.01,0.3,0.5,0.01,3.41585,0.09624
55,517,1,0.01,0.3,0.5,0.01,3.41679,0.09912
56,517,1,0.01,0.3,0.5,0.01,3.41702,0.09909
57,517,1,0.01,0.3,0.5,0.01,3.41719,0.1169
58,517,1,0.01,0.3,0.5,0.01,3.41583,0.09
59,517,1,0.01,0.3,0.5,0.01,3.41627,0.09088
60,517,1,0.01,0.3,0.5,0.01,3.41743,0.11581
61,517,1,0.01,0.3,0.5,0.01,3.4167,0.1096
62,517,1,0.01,0.3,0.5,0.01,3.41647,0.10238
63,517,1,0.01,0.3,0.5,0.01,3.41677,0.11915
64,517,1,0.01,0.3,0.5,0.01,3.41543,0.08981
65,517,1,0.01,0.3,0.5,0.01,3.41561,0.08873
66,517,1,0.01,0.3,0.5,0.01,3.41565,0.0613
67,517,1,0.01,0.3,0.5,0.01,3.41628,0.09054
68,517,1,0.01,0.3,0.5,0.01,3.41577,0.09406
69,517,1,0.01,0.3,0.5,0.01,3.41598,0.11848
70,517,1,0.01,0.3,0.5,0.01,3.41782,0.1234
71,517,1,0.01,0.3,0.5,0.01,3.41595,0.10544
72,517,1,0.01,0.3,0.5,0.01,3.41636,0.08964
73,517,1,0.01,0.3,0.5,0.01,3.41619,0.08292
74,517,1,0.01,0.3,0.5,0.01,3.41769,0.13046
75,517,1,0.01,0.3,0.5,0.01,3.41608,0.0774
76,517,1,0.01,0.3,0.5,0.01,3.41649,0.11252
77,517,1,0.01,0.3,0.5,0.01,3.41731,0.11646
78,517,1,0.01,0.3,0.5,0.01,3.41681,0.10459
79,517,1,0.01,0.3,0.5,0.01,3.41673,0.11637
80,517,1,0.01,0.3,0.5,0.01,3.41602,0.10055
81,517,1,0.01,0.3,0.5,0.01,3.41669,0.11998
82,517,1,0.01,0.3,0.5,0.01,3.41782,0.1375
83,517,1,0.01,0.3,0.5,0.01,3.41651,0.09466
84,517,1,0.01,0.3,0.5,0.01,3.4172,0.11628
85,517,1,0.01,0.3,0.5,0.01,3.41629,0.09443
86,517,1,0.01,0.3,0.5,0.01,3.41693,0.10388
87,517,1,0.01,0.3,0.5,0.01,3.41786,0.14021
88,517,1,0.01,0.3,0.5,0.01,3.41715,0.1194
89,517,1,0.01,0.3,0.5,0.01,3.41718,0.13019
90,517,1,0.01,0.3,0.5,0.01,3.41899,0.16103
91,517,1,0.01,0.3,0.5,0.01,3.4175,0.11276
92,517,1,0.01,0.3,0.5,0.01,3.4185,0.12961
93,517,1,0.01,0.3,0.5,0.01,3.41712,0.1088
94,517,1,0.01,0.3,0.5,0.01,3.41538,0.06894
95,517,1,0.01,0.3,0.5,0.01,3.41732,0.12459
96,517,1,0.01,0.3,0.5,0.01,3.4159,0.08734
97,517,1,0.01,0.3,0.5,0.01,3.41669,0.1123
98,517,1,0.01,0.3,0.5,0.01,3.41788,0.12691
99,517,1,0.01,0.3,0.5,0.01,3.41626,0.10634
0,517,1,0.01,0.3,0.5,0.0025,3.04535,0.26834
1,517,1,0.01,0.3,0.5,0.0025,3.03595,0.22122
2,517,1,0.01,0.3,0.5,0.0025,3.03632,0.21479
3,517,1,0.01,0.3,0.5,0.0025,3.04084,0.25929
4,517,1,0.01,0.3,0.5,0.0025,3.04128,0.27147
5,517,1,0.01,0.3,0.5,0.0025,3.04287,0.26111
6,517,1,0.01,0.3,0.5,0.0025,3.03847,0.21015
7,517,1,0.01,0.3,0.5,0.0025,3.0376,0.2294
8,517,1,0.01,0.3,0.5,0.0025,3.0389,0.20872
9,517,1,0.01,0.3,0.5,0.0025,3.04416,0.28521
10,517,1,0.01,0.3,0.5,0.0025,3.03903,0.23391
11,517,1,0.01,0.3,0.5,0.0025,3.04027,0.2635
12,517,1,0.01,0.3,0.5,0.0025,3.0394,0.23551
13,517,1,0.01,0.3,0.5,0.0025,3.03655,0.17359
14,517,1,0.01,0.3,0.5,0.0025,3.0434,0.23094
15,517,1,0.01,0.3,0.5,0.0025,3.04158,0.22931
16,517,1,0.01,0.3,0.5,0.0025,3.04473,0.25537
17,517,1,0.01,0.3,0.5,0.0025,3.0477,0.32011
18,517,1,0.01,0.3,0.5,0.0025,3.04141,0.29484
19,517,1,0.01,0.3,0.5,0.0025,3.04366,0.27215
20,517,1,0.01,0.3,0.5,0.0025,3.03972,0.20707
21,517,1,0.01,0.3,0.5,0.0025,3.04717,0.30134
22,517,1,0.01,0.3,0.5,0.0025,3.04027,0.20426
23,517,1,0.01,0.3,0.5,0.0025,3.04053,0.26121
24,517,1,0.01,0.3,0.5,0.0025,3.03694,0.16508
25,517,1,0.01,0.3,0.5,0.0025,3.0386,0.19068
26,517,1,0.01,0.3,0.5,0.0025,3.03897,0.19045
27,517,1,0.01,0.3,0.5,0.0025,3.03538,0.16448
28,517,1,0.01,0.3,0.5,0.0025,3.03968,0.24763
29,517,1,0.01,0.3,0.5,0.0025,3.0369,0.16962
30,517,1,0.01,0.3,0.5,0.0025,3.03653,0.15108
31,517,1,0.01,0.3,0.5,0.0025,3.03885,0.21053
32,517,1,0.01,0.3,0.5,0.0025,3.04244,0.27445
33,517,1,0.01,0.3,0.5,0.0025,3.03978,0.22252
34,517,1,0.01,0.3,0.5,0.0025,3.03716,0.18384
35,517,1,0.01,0.3,0.5,0.0025,3.0465,0.29719
36,517,1,0.01,0.3,0.5,0.0025,3.03819,0.2193
37,517,1,0.01,0.3,0.5,0.0025,3.03829,0.21996
38,517,1,0.01,0.3,0.5,0.0025,3.03739,0.17249
39,517,1,0.01,0.3,0.5,0.0025,3.04548,0.28397
40,517,1,0.01,0.3,0.5,0.0025,3.03834,0.25643
41,517,1,0.01,0.3,0.5,0.0025,3.03731,0.22986
42,517,1,0.01,0.3,0.5,0.0025,3.03704,0.18817
43,517,1,0.01,0.3,0.5,0.0025,3.03772,0.19236
44,517,1,0.01,0.3,0.5,0.0025,3.04266,0.2676
45,517,1,0.01,0.3,0.5,0.0025,3.04084,0.26312
46,517,1,0.01,0.3,0.5,0.0025,3.0391,0.24196
47,517,1,0.01,0.3,0.5,0.0025,3.05073,0.36839
48,517,1,0.01,0.3,0.5,0.0025,3.03775,0.20877
49,517,1,0.01,0.3,0.5,0.0025,3.03823,0.19656
50,517,1,0.01,0.3,0.5,0.0025,3.03944,0.20673
51,517,1,0.01,0.3,0.5,0.0025,3.03951,0.24244
52,517,1,0.01,0.3,0.5,0.0025,3.03973,0.21413
53,517,1,0.01,0.3,0.5,0.0025,3.04571,0.26668
54,517,1,0.01,0.3,0.5,0.0025,3.03586,0.21301
55,517,1,0.01,0.3,0.5,0.0025,3.04179,0.24236
56,517,1,0.01,0.3,0.5,0.0025,3.04114,0.2339
57,517,1,0.01,0.3,0.5,0.0025,3.04184,0.24339
58,517,1,0.01,0.3,0.5,0.0025,3.03575,0.19954
59,517,1,0.01,0.3,0.5,0.0025,3.03852,0.20009
60,517,1,0.01,0.3,0.5,0.0025,3.04395,0.26479
61,517,1,0.01,0.3,0.5,0.0025,3.03963,0.23583
62,517,1,0.01,0.3,0.5,0.0025,3.04498,0.28879
63,517,1,0.01,0.3,0.5,0.0025,3.04052,0.24637
64,517,1,0.01,0.3,0.5,0.0025,3.03575,0.23736
65,517,1,0.01,0.3,0.5,0.0025,3.03559,0.20527
66,517,1,0.01,0.3,0.5,0.0025,3.03808,0.18191
67,517,1,0.01,0.3,0.5,0.0025,3.03879,0.21486
68,517,1,0.01,0.3,0.5,0.0025,3.03595,0.20658
69,517,1,0.01,0.3,0.5,0.0025,3.03905,0.24407
70,517,1,0.01,0.3,0.5,0.0025,3.04143,0.24542
71,517,1,0.01,0.3,0.5,0.0025,3.03769,0.22174
72,517,1,0.01,0.3,0.5,0.0025,3.03759,0.20568
73,517,1,0.01,0.3,0.5,0.0025,3.04087,0.21654
74,517,1,0.01,0.3,0.5,0.0025,3.04312,0.25728
75,517,1,0.01,0.3,0.5,0.0025,3.04014,0.17866
76,517,1,0.01,0.3,0.5,0.0025,3.04068,0.23208
77,517,1,0.01,0.3,0.5,0.0025,3.04056,0.22532
78,517,1,0.01,0.3,0.5,0.0025,3.03875,0.20656
79,517,1,0.01,0.3,0.5,0.0025,3.03954,0.22017
80,517,1,0.01,0.3,0.5,0.0025,3.03989,0.21748
81,517,1,0.01,0.3,0.5,0.0025,3.04028,0.26454
82,517,1,0.01,0.3,0.5,0.0025,3.04482,0.31682
83,517,1,0.01,0.3,0.5,0.0025,3.03878,0.20028
84,517,1,0.01,0.3,0.5,0.0025,3.04078,0.255
85,517,1,0.01,0.3,0.5,0.0025,3.03682,0.21308
86,517,1,0.01,0.3,0.5,0.0025,3.04089,0.23754
87,517,1,0.01,0.3,0.5,0.0025,3.04097,0.25238
88,517,1,0.01,0.3,0.5,0.0025,3.04055,0.22705
89,517,1,0.01,0.3,0.5,0.0025,3.04193,0.27371
90,517,1,0.01,0.3,0.5,0.0025,3.04649,0.29599
91,517,1,0.01,0.3,0.5,0.0025,3.04399,0.26414
92,517,1,0.01,0.3,0.5,0.0025,3.04581,0.27624
93,517,1,0.01,0.3,0.5,0.0025,3.04185,0.24536
94,517,1,0.01,0.3,0.5,0.0025,3.0347,0.14913
95,517,1,0.01,0.3,0.5,0.0025,3.04602,0.26777
96,517,1,0.01,0.3,0.5,0.0025,3.03756,0.19699
97,517,1,0.01,0.3,0.5,0.0025,3.04034,0.25381
98,517,1,0.01,0.3,0.5,0.0025,3.04169,0.24941
99,517,1,0.01,0.3,0.5,0.0025,3.03857,0.25639
0,517,1,0.01,0.3,0.5,0.001,2.64778,0.41131
1,517,1,0.01,0.3,0.5,0.001,2.62602,0.38263
2,517,1,0.01,0.3,0.5,0.001,2.63261,0.36823
3,517,1,0.01,0.3,0.5,0.001,2.64694,0.44511
4,517,1,0.01,0.3,0.5,0.001,2.64348,0.4436
5,517,1,0.01,0.3,0.5,0.001,2.65135,0.42941
6,517,1,0.01,0.3,0.5,0.001,2.63431,0.34099
7,517,1,0.01,0.3,0.5,0.001,2.63929,0.39364
8,517,1,0.01,0.3,0.5,0.001,2.63475,0.3464
9,517,1,0.01,0.3,0.5,0.001,2.65077,0.46244
10,517,1,0.01,0.3,0.5,0.001,2.63957,0.40013
11,517,1,0.01,0.3,0.5,0.001,2.64249,0.41082
12,517,1,0.01,0.3,0.5,0.001,2.63689,0.38852
13,517,1,0.01,0.3,0.5,0.001,2.63135,0.31622
14,517,1,0.01,0.3,0.5,0.001,2.65191,0.39601
15,517,1,0.01,0.3,0.5,0.001,2.63815,0.35663
16,517,1,0.01,0.3,0.5,0.001,2.65258,0.41161
17,517,1,0.01,0.3,0.5,0.001,2.65881,0.48973
18,517,1,0.01,0.3,0.5,0.001,2.65175,0.49286
19,517,1,0.01,0.3,0.5,0.001,2.64807,0.43284
20,517,1,0.01,0.3,0.5,0.001,2.64075,0.37499
21,517,1,0.01,0.3,0.5,0.001,2.661,0.50979
22,517,1,0.01,0.3,0.5,0.001,2.64423,0.36169
23,517,1,0.01,0.3,0.5,0.001,2.6379,0.40127
24,517,1,0.01,0.3,0.5,0.001,2.63612,0.31105
25,517,1,0.01,0.3,0.5,0.001,2.63607,0.33395
26,517,1,0.01,0.3,0.5,0.001,2.63479,0.31521
27,517,1,0.01,0.3,0.5,0.001,2.62806,0.30619
28,517,1,0.01,0.3,0.5,0.001,2.63934,0.41958
29,517,1,0.01,0.3,0.5,0.001,2.63354,0.32469
30,517,1,0.01,0.3,0.5,0.001,2.63266,0.29564
31,517,1,0.01,0.3,0.5,0.001,2.63695,0.34593
32,517,1,0.01,0.3,0.5,0.001,2.64765,0.42542
33,517,1,0.01,0.3,0.5,0.001,2.63916,0.37376
34,517,1,0.01,0.3,0.5,0.001,2.633,0.35239
35,517,1,0.01,0.3,0.5,0.001,2.6523,0.44556
36,517,1,0.01,0.3,0.5,0.001,2.63577,0.38029
37,517,1,0.01,0.3,0.5,0.001,2.63795,0.36589
38,517,1,0.01,0.3,0.5,0.001,2.6361,0.33277
39,517,1,0.01,0.3,0.5,0.001,2.65306,0.44821
40,517,1,0.01,0.3,0.5,0.001,2.63695,0.4106
41,517,1,0.01,0.3,0.5,0.001,2.63174,0.37173
42,517,1,0.01,0.3,0.5,0.001,2.63344,0.32077
43,517,1,0.01,0.3,0.5,0.001,2.63616,0.33341
44,517,1,0.01,0.3,0.5,0.001,2.64823,0.43744
45,517,1,0.01,0.3,0.5,0.001,2.64336,0.43525
46,517,1,0.01,0.3,0.5,0.001,2.64201,0.40611
47,517,1,0.01,0.3,0.5,0.001,2.66867,0.58668
48,517,1,0.01,0.3,0.5,0.001,2.63893,0.38819
49,517,1,0.01,0.3,0.5,0.001,2.63801,0.33455
50,517,1,0.01,0.3,0.5,0.001,2.63948,0.35235
51,517,1,0.01,0.3,0.5,0.001,2.64017,0.39845
52,517,1,0.01,0.3,0.5,0.001,2.64133,0.37223
53,517,1,0.01,0.3,0.5,0.001,2.65456,0.43276
54,517,1,0.01,0.3,0.5,0.001,2.62614,0.3668
55,517,1,0.01,0.3,0.5,0.001,2.64503,0.40055
56,517,1,0.01,0.3,0.5,0.001,2.64405,0.39388
57,517,1,0.01,0.3,0.5,0.001,2.64341,0.38894
58,517,1,0.01,0.3,0.5,0.001,2.63491,0.39293
59,517,1,0.01,0.3,0.5,0.001,2.63035,0.3215
60,517,1,0.01,0.3,0.5,0.001,2.6437,0.41387
61,517,1,0.01,0.3,0.5,0.001,2.63649,0.38484
62,517,1,0.01,0.3,0.5,0.001,2.65381,0.47309
63,517,1,0.01,0.3,0.5,0.001,2.64369,0.40736
64,517,1,0.01,0.3,0.5,0.001,2.63504,0.40237
65,517,1,0.01,0.3,0.5,0.001,2.63143,0.35529
66,517,1,0.01,0.3,0.5,0.001,2.63768,0.32132
67,517,1,0.01,0.3,0.5,0.001,2.63508,0.35299
68,517,1,0.01,0.3,0.5,0.001,2.62787,0.33764
69,517,1,0.01,0.3,0.5,0.001,2.63766,0.41013
70,517,1,0.01,0.3,0.5,0.001,2.64553,0.39674
71,517,1,0.01,0.3,0.5,0.001,2.63904,0.38871
72,517,1,0.01,0.3,0.5,0.001,2.63696,0.37081
73,517,1,0.01,0.3,0.5,0.001,2.64441,0.38906
74,517,1,0.01,0.3,0.5,0.001,2.64606,0.39336
75,517,1,0.01,0.3,0.5,0.001,2.64325,0.33948
76,517,1,0.01,0.3,0.5,0.001,2.6456,0.39764
77,517,1,0.01,0.3,0.5,0.001,2.64059,0.37124
78,517,1,0.01,0.3,0.5,0.001,2.63564,0.33751
79,517,1,0.01,0.3,0.5,0.001,2.64073,0.35562
80,517,1,0.01,0.3,0.5,0.001,2.63764,0.36008
81,517,1,0.01,0.3,0.5,0.001,2.64149,0.42184
82,517,1,0.01,0.3,0.5,0.001,2.6568,0.51641
83,517,1,0.01,0.3,0.5,0.001,2.63316,0.3204
84,517,1,0.01,0.3,0.5,0.001,2.64199,0.42722
85,517,1,0.01,0.3,0.5,0.001,2.62903,0.36147
86,517,1,0.01,0.3,0.5,0.001,2.64035,0.39947
87,517,1,0.01,0.3,0.5,0.001,2.63794,0.37809
88,517,1,0.01,0.3,0.5,0.001,2.64128,0.36825
89,517,1,0.01,0.3,0.5,0.001,2.64506,0.43026
90,517,1,0.01,0.3,0.5,0.001,2.64828,0.43904
91,517,1,0.01,0.3,0.5,0.001,2.65138,0.43469
92,517,1,0.01,0.3,0.5,0.001,2.65655,0.45112
93,517,1,0.01,0.3,0.5,0.001,2.64089,0.38703
94,517,1,0.01,0.3,0.5,0.001,2.62495,0.27461
95,517,1,0.01,0.3,0.5,0.001,2.65832,0.43506
96,517,1,0.01,0.3,0.5,0.001,2.63066,0.34257
97,517,1,0.01,0.3,0.5,0.001,2.64426,0.43428
98,517,1,0.01,0.3,0.5,0.001,2.64446,0.39823
99,517,1,0.01,0.3,0.5,0.001,2.63994,0.43206
0,610,1,0.01,0.3,0.5,0.01,3.41826,0.1179
1,610,1,0.01,0.3,0.5,0.01,3.4169,0.08706
2,610,1,0.01,0.3,0.5,0.01,3.41755,0.10762
3,610,1,0.01,0.3,0.5,0.01,3.41616,0.07359
4,610,1,0.01,0.3,0.5,0.01,3.41679,0.08639
5,610,1,0.01,0.3,0.5,0.01,3.41715,0.07457
6,610,1,0.01,0.3,0.5,0.01,3.41748,0.10933
7,610,1,0.01,0.3,0.5,0.01,3.41746,0.08967
8,610,1,0.01,0.3,0.5,0.01,3.41621,0.05822
9,610,1,0.01,0.3,0.5,0.01,3.41764,0.10178
10,610,1,0.01,0.3,0.5,0.01,3.41862,0.11976
11,610,1,0.01,0.3,0.5,0.01,3.41793,0.11804
12,610,1,0.01,0.3,0.5,0.01,3.41634,0.07551
13,610,1,0.01,0.3,0.5,0.01,3.41789,0.10183
14,610,1,0.01,0.3,0.5,0.01,3.41754,0.07974
15,610,1,0.01,0.3,0.5,0.01,3.41773,0.10999
16,610,1,0.01,0.3,0.5,0.01,3.41682,0.09224
17,610,1,0.01,0.3,0.5,0.01,3.41685,0.07459
18,610,1,0.01,0.3,0.5,0.01,3.4175,0.09738
19,610,1,0.01,0.3,0.5,0.01,3.4166,0.09123
20,610,1,0.01,0.3,0.5,0.01,3.41851,0.13003
21,610,1,0.01,0.3,0.5,0.01,3.41657,0.08507
22,610,1,0.01,0.3,0.5,0.01,3.41681,0.07839
23,610,1,0.01,0.3,0.5,0.01,3.4177,0.10971
24,610,1,0.01,0.3,0.5,0.01,3.41691,0.09712
25,610,1,0.01,0.3,0.5,0.01,3.41712,0.09361
26,610,1,0.01,0.3,0.5,0.01,3.41663,0.07915
27,610,1,0.01,0.3,0.5,0.01,3.41785,0.12155
28,610,1,0.01,0.3,0.5,0.01,3.41707,0.0754
29,610,1,0.01,0.3,0.5,0.01,3.41724,0.0987
30,610,1,0.01,0.3,0.5,0.01,3.41689,0.0855
31,610,1,0.01,0.3,0.5,0.01,3.41624,0.0903
32,610,1,0.01,0.3,0.5,0.01,3.41733,0.09422
33,610,1,0.01,0.3,0.5,0.01,3.41688,0.08187
34,610,1,0.01,0.3,0.5,0.01,3.41734,0.09739
35,610,1,0.01,0.3,0.5,0.01,3.41759,0.11215
36,610,1,0.01,0.3,0.5,0.01,3.41775,0.10208
37,610,1,0.01,0.3,0.5,0.01,3.41854,0.12077
38,610,1,0.01,0.3,0.5,0.01,3.41643,0.0489
39,610,1,0.01,0.3,0.5,0.01,3.41695,0.09044
40,610,1,0.01,0.3,0.5,0.01,3.41637,0.06491
41,610,1,0.01,0.3,0.5,0.01,3.41742,0.10191
42,610,1,0.01,0.3,0.5,0.01,3.41655,0.09324
43,610,1,0.01,0.3,0.5,0.01,3.4178,0.1073
44,610,1,0.01,0.3,0.5,0.01,3.41869,0.14203
45,610,1,0.01,0.3,0.5,0.01,3.41767,0.10374
46,610,1,0.01,0.3,0.5,0.01,3.41787,0.10035
47,610,1,0.01,0.3,0.5,0.01,3.41641,0.06795
48,610,1,0.01,0.3,0.5,0.01,3.41702,0.0993
49,610,1,0.01,0.3,0.5,0.01,3.41691,0.09941
50,610,1,0.01,0.3,0.5,0.01,3.41663,0.06603
51,610,1,0.01,0.3,0.5,0.01,3.41795,0.11786
52,610,1,0.01,0.3,0.5,0.01,3.41726,0.104
53,610,1,0.01,0.3,0.5,0.01,3.41734,0.08833
54,610,1,0.01,0.3,0.5,0.01,3.41697,0.07993
55,610,1,0.01,0.3,0.5,0.01,3.41751,0.10777
56,610,1,0.01,0.3,0.5,0.01,3.41672,0.09152
57,610,1,0.01,0.3,0.5,0.01,3.41702,0.06965
58,610,1,0.01,0.3,0.5,0.01,3.4169,0.07218
59,610,1,0.01,0.3,0.5,0.01,3.41655,0.07461
60,610,1,0.01,0.3,0.5,0.01,3.41714,0.08839
61,610,1,0.01,0.3,0.5,0.01,3.41658,0.06856
62,610,1,0.01,0.3,0.5,0.01,3.41681,0.08531
63,610,1,0.01,0.3,0.5,0.01,3.41703,0.08223
64,610,1,0.01,0.3,0.5,0.01,3.41672,0.07481
65,610,1,0.01,0.3,0.5,0.01,3.41703,0.08698
66,610,1,0.01,0.3,0.5,0.01,3.41814,0.13012
67,610,1,0.01,0.3,0.5,0.01,3.41736,0.10729
68,610,1,0.01,0.3,0.5,0.01,3.41729,0.09732
69,610,1,0.01,0.3,0.5,0.01,3.41741,0.10054
70,610,1,0.01,0.3,0.5,0.01,3.41816,0.11337
71,610,1,0.01,0.3,0.5,0.01,3.4169,0.07704
72,610,1,0.01,0.3,0.5,0.01,3.4169,0.09667
73,610,1,0.01,0.3,0.5,0.01,3.41705,0.08596
74,610,1,0.01,0.3,0.5,0.01,3.417,0.11055
75,610,1,0.01,0.3,0.5,0.01,3.41795,0.11893
76,610,1,0.01,0.3,0.5,0.01,3.41669,0.08901
77,610,1,0.01,0.3,0.5,0.01,3.4181,0.11923
78,610,1,0.01,0.3,0.5,0.01,3.4169,0.07639
79,610,1,0.01,0.3,0.5,0.01,3.41784,0.10501
80,610,1,0.01,0.3,0.5,0.01,3.41731,0.07655
81,610,1,0.01,0.3,0.5,0.01,3.41696,0.09698
82,610,1,0.01,0.3,0.5,0.01,3.41791,0.122
83,610,1,0.01,0.3,0.5,0.01,3.41622,0.06761
84,610,1,0.01,0.3,0.5,0.01,3.41643,0.06511
85,610,1,0.01,0.3,0.5,0.01,3.41653,0.06628
86,610,1,0.01,0.3,0.5,0.01,3.41754,0.09456
87,610,1,0.01,0.3,0.5,0.01,3.41658,0.08715
88,610,1,0.01,0.3,0.5,0.01,3.41769,0.11567
89,610,1,0.01,0.3,0.5,0.01,3.41593,0.08149
90,610,1,0.01,0.3,0.5,0.01,3.41656,0.08629
91,610,1,0.01,0.3,0.5,0.01,3.41684,0.10029
92,610,1,0.01,0.3,0.5,0.01,3.41741,0.10916
93,610,1,0.01,0.3,0.5,0.01,3.41658,0.07092
94,610,1,0.01,0.3,0.5,0.01,3.41796,0.12348
95,610,1,0.01,0.3,0.5,0.01,3.41808,0.12092
96,610,1,0.01,0.3,0.5,0.01,3.41659,0.10177
97,610,1,0.01,0.3,0.5,0.01,3.41747,0.11232
98,610,1,0.01,0.3,0.5,0.01,3.41718,0.08572
99,610,1,0.01,0.3,0.5,0.01,3.41683,0.09698
0,610,1,0.01,0.3,0.5,0.0025,3.0428,0.23216
1,610,1,0.01,0.3,0.5,0.0025,3.04,0.21237
2,610,1,0.01,0.3,0.5,0.0025,3.03883,0.19823
3,610,1,0.01,0.3,0.5,0.0025,3.03758,0.19732
4,610,1,0.01,0.3,0.5,0.0025,3.04119,0.21439
5,610,1,0.01,0.3,0.5,0.0025,3.03755,0.15926
6,610,1,0.01,0.3,0.5,0.0025,3.03994,0.22636
7,610,1,0.01,0.3,0.5,0.0025,3.04139,0.2099
8,610,1,0.01,0.3,0.5,0.0025,3.03449,0.17574
9,610,1,0.01,0.3,0.5,0.0025,3.03958,0.20547
10,610,1,0.01,0.3,0.5,0.0025,3.04507,0.2474
11,610,1,0.01,0.3,0.5,0.0025,3.0442,0.2526
12,610,1,0.01,0.3,0.5,0.0025,3.04114,0.23722
13,610,1,0.01,0.3,0.5,0.0025,3.0425,0.2472
14,610,1,0.01,0.3,0.5,0.0025,3.0404,0.1846
15,610,1,0.01,0.3,0.5,0.0025,3.03917,0.21355
16,610,1,0.01,0.3,0.5,0.0025,3.03789,0.20685
17,610,1,0.01,0.3,0.5,0.0025,3.03809,0.17695
18,610,1,0.01,0.3,0.5,0.0025,3.04085,0.18874
19,610,1,0.01,0.3,0.5,0.0025,3.03697,0.19793
20,610,1,0.01,0.3,0.5,0.0025,3.04288,0.24236
21,610,1,0.01,0.3,0.5,0.0025,3.03701,0.20728
22,610,1,0.01,0.3,0.5,0.0025,3.03727,0.19274
23,610,1,0.01,0.3,0.5,0.0025,3.04052,0.22607
24,610,1,0.01,0.3,0.5,0.0025,3.03566,0.20935
25,610,1,0.01,0.3,0.5,0.0025,3.03885,0.19017
26,610,1,0.01,0.3,0.5,0.0025,3.03628,0.17976
27,610,1,0.01,0.3,0.5,0.0025,3.04047,0.22941
28,610,1,0.01,0.3,0.5,0.0025,3.03992,0.20274
29,610,1,0.01,0.3,0.5,0.0025,3.03815,0.20496
30,610,1,0.01,0.3,0.5,0.0025,3.03788,0.18889
31,610,1,0.01,0.3,0.5,0.0025,3.03827,0.2063
32,610,1,0.01,0.3,0.5,0.0025,3.04165,0.24428
33,610,1,0.01,0.3,0.5,0.0025,3.04034,0.20371
34,610,1,0.01,0.3,0.5,0.0025,3.0394,0.20765
35,610,1,0.01,0.3,0.5,0.0025,3.04105,0.24881
36,610,1,0.01,0.3,0.5,0.0025,3.0418,0.21788
37,610,1,0.01,0.3,0.5,0.0025,3.04397,0.27402
38,610,1,0.01,0.3,0.5,0.0025,3.03814,0.15588
39,610,1,0.01,0.3,0.5,0.0025,3.03631,0.17827
40,610,1,0.01,0.3,0.5,0.0025,3.03648,0.16673
41,610,1,0.01,0.3,0.5,0.0025,3.03844,0.20949
42,610,1,0.01,0.3,0.5,0.0025,3.03808,0.19515
43,610,1,0.01,0.3,0.5,0.0025,3.04076,0.26005
44,610,1,0.01,0.3,0.5,0.0025,3.04351,0.25697
45,610,1,0.01,0.3,0.5,0.0025,3.03977,0.20965
46,610,1,0.01,0.3,0.5,0.0025,3.0414,0.19283
47,610,1,0.01,0.3,0.5,0.0025,3.03845,0.1707
48,610,1,0.01,0.3,0.5,0.0025,3.03938,0.21132
49,610,1,0.01,0.3,0.5,0.0025,3.03836,0.20803
50,610,1,0.01,0.3,0.5,0.0025,3.03836,0.15944
51,610,1,0.01,0.3,0.5,0.0025,3.04169,0.23299
52,610,1,0.01,0.3,0.5,0.0025,3.03966,0.21902
53,610,1,0.01,0.3,0.5,0.0025,3.0384,0.19184
54,610,1,0.01,0.3,0.5,0.0025,3.03724,0.17665
55,610,1,0.01,0.3,0.5,0.0025,3.04121,0.22569
56,610,1,0.01,0.3,0.5,0.0025,3.0363,0.18567
57,610,1,0.01,0.3,0.5,0.0025,3.04008,0.18058
58,610,1,0.01,0.3,0.5,0.0025,3.03866,0.19398
59,610,1,0.01,0.3,0.5,0.0025,3.03586,0.15543
60,610,1,0.01,0.3,0.5,0.0025,3.04142,0.20598
61,610,1,0.01,0.3,0.5,0.0025,3.03922,0.19328
62,610,1,0.01,0.3,0.5,0.0025,3.03738,0.18704
63,610,1,0.01,0.3,0.5,0.0025,3.04255,0.22084
64,610,1,0.01,0.3,0.5,0.0025,3.03942,0.18929
65,610,1,0.01,0.3,0.5,0.0025,3.03766,0.18301
66,610,1,0.01,0.3,0.5,0.0025,3.0435,0.25305
67,610,1,0.01,0.3,0.5,0.0025,3.04036,0.22345
68,610,1,0.01,0.3,0.5,0.0025,3.04004,0.21138
69,610,1,0.01,0.3,0.5,0.0025,3.03759,0.18555
70,610,1,0.01,0.3,0.5,0.0025,3.04208,0.23785
71,610,1,0.01,0.3,0.5,0.0025,3.04115,0.2241
72,610,1,0.01,0.3,0.5,0.0025,3.03968,0.20659
73,610,1,0.01,0.3,0.5,0.0025,3.03843,0.17177
74,610,1,0.01,0.3,0.5,0.0025,3.0399,0.22411
75,610,1,0.01,0.3,0.5,0.0025,3.04263,0.24558
76,610,1,0.01,0.3,0.5,0.0025,3.03719,0.18351
77,610,1,0.01,0.3,0.5,0.0025,3.04178,0.25232
78,610,1,0.01,0.3,0.5,0.0025,3.03753,0.19637
79,610,1,0.01,0.3,0.5,0.0025,3.04257,0.24246
80,610,1,0.01,0.3,0.5,0.0025,3.03734,0.17251
81,610,1,0.01,0.3,0.5,0.0025,3.03954,0.21081
82,610,1,0.01,0.3,0.5,0.0025,3.03856,0.2274
83,610,1,0.01,0.3,0.5,0.0025,3.0362,0.17732
84,610,1,0.01,0.3,0.5,0.0025,3.03687,0.16397
85,610,1,0.01,0.3,0.5,0.0025,3.03738,0.17987
86,610,1,0.01,0.3,0.5,0.0025,3.04074,0.21254
87,610,1,0.01,0.3,0.5,0.0025,3.03842,0.25604
88,610,1,0.01,0.3,0.5,0.0025,3.04087,0.22208
89,610,1,0.01,0.3,0.5,0.0025,3.03722,0.21274
90,610,1,0.01,0.3,0.5,0.0025,3.03766,0.19275
91,610,1,0.01,0.3,0.5,0.0025,3.03695,0.20242
92,610,1,0.01,0.3,0.5,0.0025,3.03745,0.21639
93,610,1,0.01,0.3,0.5,0.0025,3.03849,0.22318
94,610,1,0.01,0.3,0.5,0.0025,3.04163,0.24387
95,610,1,0.01,0.3,0.5,0.0025,3.04248,0.24973
96,610,1,0.01,0.3,0.5,0.0025,3.03798,0.2357
97,610,1,0.01,0.3,0.5,0.0025,3.0427,0.27467
98,610,1,0.01,0.3,0.5,0.0025,3.03847,0.18057
99,610,1,0.01,0.3,0.5,0.0025,3.04036,0.23441
0,610,1,0.01,0.3,0.5,0.001,2.64761,0.38792
1,610,1,0.01,0.3,0.5,0.001,2.64147,0.3683
2,610,1,0.01,0.3,0.5,0.001,2.6326,0.30008
3,610,1,0.01,0.3,0.5,0.001,2.63018,0.3616
4,610,1,0.01,0.3,0.5,0.001,2.64681,0.37381
5,610,1,0.01,0.3,0.5,0.001,2.63005,0.27874
6,610,1,0.01,0.3,0.5,0.001,2.63658,0.34912
7,610,1,0.01,0.3,0.5,0.001,2.64355,0.36996
8,610,1,0.01,0.3,0.5,0.001,2.62608,0.33151
9,610,1,0.01,0.3,0.5,0.001,2.63749,0.33905
10,610,1,0.01,0.3,0.5,0.001,2.65081,0.39578
11,610,1,0.01,0.3,0.5,0.001,2.64517,0.39253
12,610,1,0.01,0.3,0.5,0.001,2.64913,0.42559
13,610,1,0.01,0.3,0.5,0.001,2.64554,0.4083
14,610,1,0.01,0.3,0.5,0.001,2.64392,0.35046
15,610,1,0.01,0.3,0.5,0.001,2.63171,0.33698
16,610,1,0.01,0.3,0.5,0.001,2.63739,0.36442
17,610,1,0.01,0.3,0.5,0.001,2.63517,0.34079
18,610,1,0.01,0.3,0.5,0.001,2.63822,0.29907
19,610,1,0.01,0.3,0.5,0.001,2.62845,0.32674
20,610,1,0.01,0.3,0.5,0.001,2.64391,0.37303
21,610,1,0.01,0.3,0.5,0.001,2.62767,0.3341
22,610,1,0.01,0.3,0.5,0.001,2.63222,0.32424
23,610,1,0.01,0.3,0.5,0.001,2.63685,0.35963
24,610,1,0.01,0.3,0.5,0.001,2.62554,0.34454
25,610,1,0.01,0.3,0.5,0.001,2.63716,0.32048
26,610,1,0.01,0.3,0.5,0.001,2.6291,0.30747
27,610,1,0.01,0.3,0.5,0.001,2.63862,0.34916
28,610,1,0.01,0.3,0.5,0.001,2.64044,0.34006
29,610,1,0.01,0.3,0.5,0.001,2.63318,0.34455
30,610,1,0.01,0.3,0.5,0.001,2.63309,0.31871
31,610,1,0.01,0.3,0.5,0.001,2.63679,0.36331
32,610,1,0.01,0.3,0.5,0.001,2.64239,0.40848
33,610,1,0.01,0.3,0.5,0.001,2.64403,0.37157
34,610,1,0.01,0.3,0.5,0.001,2.63693,0.35487
35,610,1,0.01,0.3,0.5,0.001,2.63785,0.38576
36,610,1,0.01,0.3,0.5,0.001,2.64486,0.37344
37,610,1,0.01,0.3,0.5,0.001,2.64862,0.44326
38,610,1,0.01,0.3,0.5,0.001,2.64204,0.32537
39,610,1,0.01,0.3,0.5,0.001,2.62745,0.31092
40,610,1,0.01,0.3,0.5,0.001,2.63049,0.32119
41,610,1,0.01,0.3,0.5,0.001,2.63031,0.34253
42,610,1,0.01,0.3,0.5,0.001,2.63423,0.3257
43,610,1,0.01,0.3,0.5,0.001,2.64332,0.42504
44,610,1,0.01,0.3,0.5,0.001,2.64217,0.38979
45,610,1,0.01,0.3,0.5,0.001,2.63626,0.35071
46,610,1,0.01,0.3,0.5,0.001,2.64646,0.35008
47,610,1,0.01,0.3,0.5,0.001,2.6355,0.30875
48,610,1,0.01,0.3,0.5,0.001,2.63424,0.34976
49,610,1,0.01,0.3,0.5,0.001,2.63757,0.36759
50,610,1,0.01,0.3,0.5,0.001,2.6386,0.30436
51,610,1,0.01,0.3,0.5,0.001,2.63972,0.35898
52,610,1,0.01,0.3,0.5,0.001,2.63814,0.36085
53,610,1,0.01,0.3,0.5,0.001,2.63389,0.33298
54,610,1,0.01,0.3,0.5,0.001,2.63249,0.30643
55,610,1,0.01,0.3,0.5,0.001,2.64131,0.3727
56,610,1,0.01,0.3,0.5,0.001,2.63017,0.31997
57,610,1,0.01,0.3,0.5,0.001,2.64044,0.30842
58,610,1,0.01,0.3,0.5,0.001,2.63907,0.36516
59,610,1,0.01,0.3,0.5,0.001,2.62759,0.2978
60,610,1,0.01,0.3,0.5,0.001,2.64576,0.33868
61,610,1,0.01,0.3,0.5,0.001,2.63975,0.34499
62,610,1,0.01,0.3,0.5,0.001,2.63025,0.33089
63,610,1,0.01,0.3,0.5,0.001,2.64599,0.36848
64,610,1,0.01,0.3,0.5,0.001,2.63744,0.31263
65,610,1,0.01,0.3,0.5,0.001,2.63307,0.30912
66,610,1,0.01,0.3,0.5,0.001,2.64517,0.38453
67,610,1,0.01,0.3,0.5,0.001,2.63581,0.35431
68,610,1,0.01,0.3,0.5,0.001,2.64218,0.37259
69,610,1,0.01,0.3,0.5,0.001,2.62804,0.29494
70,610,1,0.01,0.3,0.5,0.001,2.64525,0.4002
71,610,1,0.01,0.3,0.5,0.001,2.64652,0.41495
72,610,1,0.01,0.3,0.5,0.001,2.637,0.34156
73,610,1,0.01,0.3,0.5,0.001,2.63155,0.28364
74,610,1,0.01,0.3,0.5,0.001,2.63941,0.38339
75,610,1,0.01,0.3,0.5,0.001,2.64178,0.37011
76,610,1,0.01,0.3,0.5,0.001,2.63,0.30518
77,610,1,0.01,0.3,0.5,0.001,2.64044,0.41273
78,610,1,0.01,0.3,0.5,0.001,2.63577,0.35577
79,610,1,0.01,0.3,0.5,0.001,2.64831,0.40776
80,610,1,0.01,0.3,0.5,0.001,2.63187,0.30988
81,610,1,0.01,0.3,0.5,0.001,2.63675,0.3361
82,610,1,0.01,0.3,0.5,0.001,2.6331,0.36665
83,610,1,0.01,0.3,0.5,0.001,2.62965,0.32291
84,610,1,0.01,0.3,0.5,0.001,2.6286,0.30875
85,610,1,0.01,0.3,0.5,0.001,2.63366,0.32916
86,610,1,0.01,0.3,0.5,0.001,2.63929,0.34379
87,610,1,0.01,0.3,0.5,0.001,2.64001,0.44154
88,610,1,0.01,0.3,0.5,0.001,2.64216,0.36509
89,610,1,0.01,0.3,0.5,0.001,2.63204,0.34735
90,610,1,0.01,0.3,0.5,0.001,2.63136,0.32356
91,610,1,0.01,0.3,0.5,0.001,2.63024,0.33555
92,610,1,0.01,0.3,0.5,0.001,2.62762,0.33734
93,610,1,0.01,0.3,0.5,0.001,2.63879,0.39783
94,610,1,0.01,0.3,0.5,0.001,2.63834,0.37368
95,610,1,0.01,0.3,0.5,0.001,2.65145,0.42581
96,610,1,0.01,0.3,0.5,0.001,2.63332,0.37346
97,610,1,0.01,0.3,0.5,0.001,2.6445,0.43019
98,610,1,0.01,0.3,0.5,0.001,2.63599,0.30097
99,610,1,0.01,0.3,0.5,0.001,2.64159,0.3842
0,719,1,0.01,0.3,0.5,0.01,3.41551,0.08112
1,719,1,0.01,0.3,0.5,0.01,3.41541,0.08839
2,719,1,0.01,0.3,0.5,0.01,3.41515,0.0654
3,719,1,0.01,0.3,0.5,0.01,3.41483,0.06908
4,719,1,0.01,0.3,0.5,0.01,3.4152,0.08922
5,719,1,0.01,0.3,0.5,0.01,3.41537,0.07752
6,719,1,0.01,0.3,0.5,0.01,3.4157,0.11152
7,719,1,0.01,0.3,0.5,0.01,3.41613,0.10191
8,719,1,0.01,0.3,0.5,0.01,3.41567,0.08609
9,719,1,0.01,0.3,0.5,0.01,3.41534,0.07375
10,719,1,0.01,0.3,0.5,0.01,3.41571,0.0686
11,719,1,0.01,0.3,0.5,0.01,3.41609,0.1062
12,719,1,0.01,0.3,0.5,0.01,3.41791,0.15055
13,719,1,0.01,0.3,0.5,0.01,3.41646,0.12299
14,719,1,0.01,0.3,0.5,0.01,3.41608,0.11154
15,719,1,0.01,0.3,0.5,0.01,3.41628,0.10904
16,719,1,0.01,0.3,0.5,0.01,3.416,0.0833
17,719,1,0.01,0.3,0.5,0.01,3.41542,0.07359
18,719,1,0.01,0.3,0.5,0.01,3.41559,0.09483
19,719,1,0.01,0.3,0.5,0.01,3.41515,0.06988
20,719,1,0.01,0.3,0.5,0.01,3.41623,0.10813
21,719,1,0.01,0.3,0.5,0.01,3.41555,0.09458
22,719,1,0.01,0.3,0.5,0.01,3.41636,0.10047
23,719,1,0.01,0.3,0.5,0.01,3.41517,0.07373
24,719,1,0.01,0.3,0.5,0.01,3.41595,0.08291
25,719,1,0.01,0.3,0.5,0.01,3.4156,0.10316
26,719,1,0.01,0.3,0.5,0.01,3.41605,0.11494
27,719,1,0.01,0.3,0.5,0.01,3.41547,0.0807
28,719,1,0.01,0.3,0.5,0.01,3.41609,0.09358
29,719,1,0.01,0.3,0.5,0.01,3.41693,0.11588
30,719,1,0.01,0.3,0.5,0.01,3.4161,0.09223
31,719,1,0.01,0.3,0.5,0.01,3.4153,0.10459
32,719,1,0.01,0.3,0.5,0.01,3.41622,0.09704
33,719,1,0.01,0.3,0.5,0.01,3.41652,0.1201
34,719,1,0.01,0.3,0.5,0.01,3.41543,0.07924
35,719,1,0.01,0.3,0.5,0.01,3.4163,0.11122
36,719,1,0.01,0.3,0.5,0.01,3.41543,0.08477
37,719,1,0.01,0.3,0.5,0.01,3.41489,0.07084
38,719,1,0.01,0.3,0.5,0.01,3.41541,0.07311
39,719,1,0.01,0.3,0.5,0.01,3.41524,0.06502
40,719,1,0.01,0.3,0.5,0.01,3.41583,0.09745
41,719,1,0.01,0.3,0.5,0.01,3.41641,0.11084
42,719,1,0.01,0.3,0.5,0.01,3.41636,0.11929
43,719,1,0.01,0.3,0.5,0.01,3.41562,0.08743
44,719,1,0.01,0.3,0.5,0.01,3.41522,0.07458
45,719,1,0.01,0.3,0.5,0.01,3.41577,0.09144
46,719,1,0.01,0.3,0.5,0.01,3.41485,0.07302
47,719,1,0.01,0.3,0.5,0.01,3.4155,0.08729
48,719,1,0.01,0.3,0.5,0.01,3.41575,0.10171
49,719,1,0.01,0.3,0.5,0.01,3.41562,0.0903
50,719,1,0.01,0.3,0.5,0.01,3.41502,0.07507
51,719,1,0.01,0.3,0.5,0.01,3.4158,0.10107
52,719,1,0.01,0.3,0.5,0.01,3.41519,0.08546
53,719,1,0.01,0.3,0.5,0.01,3.41534,0.08106
54,719,1,0.01,0.3,0.5,0.01,3.41603,0.08247
55,719,1,0.01,0.3,0.5,0.01,3.41479,0.0806
56,719,1,0.01,0.3,0.5,0.01,3.41587,0.09247
57,719,1,0.01,0.3,0.5,0.01,3.41529,0.06868
58,719,1,0.01,0.3,0.5,0.01,3.4152,0.08853
59,719,1,0.01,0.3,0.5,0.01,3.41576,0.08687
60,719,1,0.01,0.3,0.5,0.01,3.41603,0.09399
61,719,1,0.01,0.3,0.5,0.01,3.41692,0.12203
62,719,1,0.01,0.3,0.5,0.01,3.41499,0.07226
63,719,1,0.01,0.3,0.5,0.01,3.41546,0.08432
64,719,1,0.01,0.3,0.5,0.01,3.41547,0.08206
65,719,1,0.01,0.3,0.5,0.01,3.41544,0.07627
66,719,1,0.01,0.3,0.5,0.01,3.41508,0.07023
67,719,1,0.01,0.3,0.5,0.01,3.41504,0.08414
68,719,1,0.01,0.3,0.5,0.01,3.41586,0.09828
69,719,1,0.01,0.3,0.5,0.01,3.41548,0.09314
70,719,1,0.01,0.3,0.5,0.01,3.41566,0.10342
71,719,1,0.01,0.3,0.5,0.01,3.41535,0.08606
72,719,1,0.01,0.3,0.5,0.01,3.41555,0.09382
73,719,1,0.01,0.3,0.5,0.01,3.41614,0.08787
74,719,1,0.01,0.3,0.5,0.01,3.41536,0.08698
75,719,1,0.01,0.3,0.5,0.01,3.4153,0.07116
76,719,1,0.01,0.3,0.5,0.01,3.41572,0.09322
77,719,1,0.01,0.3,0.5,0.01,3.41573,0.08784
78,719,1,0.01,0.3,0.5,0.01,3.41622,0.11231
79,719,1,0.01,0.3,0.5,0.01,3.41569,0.08886
80,719,1,0.01,0.3,0.5,0.01,3.41632,0.10599
81,719,1,0.01,0.3,0.5,0.01,3.41552,0.09494
82,719,1,0.01,0.3,0.5,0.01,3.41599,0.1185
83,719,1,0.01,0.3,0.5,0.01,3.41569,0.0954
84,719,1,0.01,0.3,0.5,0.01,3.41611,0.09984
85,719,1,0.01,0.3,0.5,0.01,3.41503,0.0607
86,719,1,0.01,0.3,0.5,0.01,3.41497,0.06889
87,719,1,0.01,0.3,0.5,0.01,3.41534,0.08554
88,719,1,0.01,0.3,0.5,0.01,3.41546,0.09203
89,719,1,0.01,0.3,0.5,0.01,3.41632,0.11396
90,719,1,0.01,0.3,0.5,0.01,3.41558,0.07514
91,719,1,0.01,0.3,0.5,0.01,3.41569,0.09184
92,719,1,0.01,0.3,0.5,0.01,3.41529,0.09285
93,719,1,0.01,0.3,0.5,0.01,3.41618,0.09096
94,719,1,0.01,0.3,0.5,0.01,3.41621,0.10205
95,719,1,0.01,0.3,0.5,0.01,3.41631,0.13123
96,719,1,0.01,0.3,0.5,0.01,3.41543,0.08253
97,719,1,0.01,0.3,0.5,0.01,3.41572,0.09622
98,719,1,0.01,0.3,0.5,0.01,3.41569,0.08552
99,719,1,0.01,0.3,0.5,0.01,3.41478,0.0548
0,719,1,0.01,0.3,0.5,0.0025,3.03559,0.16165
1,719,1,0.01,0.3,0.5,0.0025,3.03785,0.19782
2,719,1,0.01,0.3,0.5,0.0025,3.03653,0.1732
3,719,1,0.01,0.3,0.5,0.0025,3.03439,0.15861
4,719,1,0.01,0.3,0.5,0.0025,3.03474,0.20017
5,719,1,0.01,0.3,0.5,0.0025,3.03677,0.19711
6,719,1,0.01,0.3,0.5,0.0025,3.03649,0.23687
7,719,1,0.01,0.3,0.5,0.0025,3.03714,0.18542
8,719,1,0.01,0.3,0.5,0.0025,3.03896,0.1898
9,719,1,0.01,0.3,0.5,0.0025,3.03767,0.20235
10,719,1,0.01,0.3,0.5,0.0025,3.03654,0.15911
11,719,1,0.01,0.3,0.5,0.0025,3.0374,0.20956
12,719,1,0.01,0.3,0.5,0.0025,3.04336,0.27789
13,719,1,0.01,0.3,0.5,0.0025,3.04246,0.25416
14,719,1,0.01,0.3,0.5,0.0025,3.03899,0.22169
15,719,1,0.01,0.3,0.5,0.0025,3.04266,0.24234
16,719,1,0.01,0.3,0.5,0.0025,3.04121,0.19345
17,719,1,0.01,0.3,0.5,0.0025,3.03667,0.17186
18,719,1,0.01,0.3,0.5,0.0025,3.03595,0.19353
19,719,1,0.01,0.3,0.5,0.0025,3.0358,0.16061
20,719,1,0.01,0.3,0.5,0.0025,3.03714,0.21293
21,719,1,0.01,0.3,0.5,0.0025,3.03819,0.23595
22,719,1,0.01,0.3,0.5,0.0025,3.03959,0.21966
23,719,1,0.01,0.3,0.5,0.0025,3.03792,0.18769
24,719,1,0.01,0.3,0.5,0.0025,3.03786,0.20183
25,719,1,0.01,0.3,0.5,0.0025,3.03638,0.19106
26,719,1,0.01,0.3,0.5,0.0025,3.0379,0.20299
27,719,1,0.01,0.3,0.5,0.0025,3.03908,0.19765
28,719,1,0.01,0.3,0.5,0.0025,3.03756,0.18571
29,719,1,0.01,0.3,0.5,0.0025,3.04117,0.22845
30,719,1,0.01,0.3,0.5,0.0025,3.03771,0.18057
31,719,1,0.01,0.3,0.5,0.0025,3.03487,0.18795
32,719,1,0.01,0.3,0.5,0.0025,3.04045,0.22223
33,719,1,0.01,0.3,0.5,0.0025,3.04147,0.23101
34,719,1,0.01,0.3,0.5,0.0025,3.0389,0.18135
35,719,1,0.01,0.3,0.5,0.0025,3.04089,0.25151
36,719,1,0.01,0.3,0.5,0.0025,3.03555,0.22272
37,719,1,0.01,0.3,0.5,0.0025,3.03443,0.15918
38,719,1,0.01,0.3,0.5,0.0025,3.0364,0.15152
39,719,1,0.01,0.3,0.5,0.0025,3.03618,0.15956
40,719,1,0.01,0.3,0.5,0.0025,3.03809,0.1991
41,719,1,0.01,0.3,0.5,0.0025,3.0406,0.21852
42,719,1,0.01,0.3,0.5,0.0025,3.04004,0.24347
43,719,1,0.01,0.3,0.5,0.0025,3.03748,0.18847
44,719,1,0.01,0.3,0.5,0.0025,3.03517,0.18331
45,719,1,0.01,0.3,0.5,0.0025,3.03614,0.1832
46,719,1,0.01,0.3,0.5,0.0025,3.03462,0.17076
47,719,1,0.01,0.3,0.5,0.0025,3.03751,0.17411
48,719,1,0.01,0.3,0.5,0.0025,3.03864,0.22166
49,719,1,0.01,0.3,0.5,0.0025,3.03515,0.17723
50,719,1,0.01,0.3,0.5,0.0025,3.03628,0.15979
51,719,1,0.01,0.3,0.5,0.0025,3.03727,0.20972
52,719,1,0.01,0.3,0.5,0.0025,3.03535,0.17474
53,719,1,0.01,0.3,0.5,0.0025,3.03755,0.18294
54,719,1,0.01,0.3,0.5,0.0025,3.03637,0.17439
55,719,1,0.01,0.3,0.5,0.0025,3.0371,0.20863
56,719,1,0.01,0.3,0.5,0.0025,3.03624,0.20636
57,719,1,0.01,0.3,0.5,0.0025,3.0342,0.18124
58,719,1,0.01,0.3,0.5,0.0025,3.03787,0.21798
59,719,1,0.01,0.3,0.5,0.0025,3.03864,0.18453
60,719,1,0.01,0.3,0.5,0.0025,3.03979,0.21762
61,719,1,0.01,0.3,0.5,0.0025,3.04531,0.27078
62,719,1,0.01,0.3,0.5,0.0025,3.03406,0.20002
63,719,1,0.01,0.3,0.5,0.0025,3.0364,0.18209
64,719,1,0.01,0.3,0.5,0.0025,3.03706,0.19011
65,719,1,0.01,0.3,0.5,0.0025,3.03586,0.17048
66,719,1,0.01,0.3,0.5,0.0025,3.03573,0.14996
67,719,1,0.01,0.3,0.5,0.0025,3.03506,0.17051
68,719,1,0.01,0.3,0.5,0.0025,3.03924,0.21631
69,719,1,0.01,0.3,0.5,0.0025,3.03697,0.19462
70,719,1,0.01,0.3,0.5,0.0025,3.0381,0.21455
71,719,1,0.01,0.3,0.5,0.0025,3.03792,0.21185
72,719,1,0.01,0.3,0.5,0.0025,3.0389,0.21301
73,719,1,0.01,0.3,0.5,0.0025,3.03985,0.21191
74,719,1,0.01,0.3,0.5,0.0025,3.03665,0.18266
75,719,1,0.01,0.3,0.5,0.0025,3.035,0.18398
76,719,1,0.01,0.3,0.5,0.0025,3.04115,0.23403
77,719,1,0.01,0.3,0.5,0.0025,3.03631,0.1817
78,719,1,0.01,0.3,0.5,0.0025,3.03808,0.21089
79,719,1,0.01,0.3,0.5,0.0025,3.03587,0.21089
80,719,1,0.01,0.3,0.5,0.0025,3.03939,0.20142
81,719,1,0.01,0.3,0.5,0.0025,3.03838,0.21379
82,719,1,0.01,0.3,0.5,0.0025,3.03737,0.22214
83,719,1,0.01,0.3,0.5,0.0025,3.03986,0.23268
84,719,1,0.01,0.3,0.5,0.0025,3.03891,0.19749
85,719,1,0.01,0.3,0.5,0.0025,3.03598,0.17107
86,719,1,0.01,0.3,0.5,0.0025,3.03667,0.19045
87,719,1,0.01,0.3,0.5,0.0025,3.03604,0.18459
88,719,1,0.01,0.3,0.5,0.0025,3.03842,0.20364
89,719,1,0.01,0.3,0.5,0.0025,3.04184,0.23023
90,719,1,0.01,0.3,0.5,0.0025,3.03689,0.16805
91,719,1,0.01,0.3,0.5,0.0025,3.03891,0.19223
92,719,1,0.01,0.3,0.5,0.0025,3.03804,0.20018
93,719,1,0.01,0.3,0.5,0.0025,3.03948,0.2099
94,719,1,0.01,0.3,0.5,0.0025,3.03736,0.19558
95,719,1,0.01,0.3,0.5,0.0025,3.03961,0.23973
96,719,1,0.01,0.3,0.5,0.0025,3.03644,0.1763
97,719,1,0.01,0.3,0.5,0.0025,3.03959,0.21077
98,719,1,0.01,0.3,0.5,0.0025,3.03687,0.18366
99,719,1,0.01,0.3,0.5,0.0025,3.03548,0.15529
0,719,1,0.01,0.3,0.5,0.001,2.62873,0.27449
1,719,1,0.01,0.3,0.5,0.001,2.63327,0.3269
2,719,1,0.01,0.3,0.5,0.001,2.63184,0.29306
3,719,1,0.01,0.3,0.5,0.001,2.62533,0.27106
4,719,1,0.01,0.3,0.5,0.001,2.63153,0.36105
5,719,1,0.01,0.3,0.5,0.001,2.63341,0.3532
6,719,1,0.01,0.3,0.5,0.001,2.6318,0.37384
7,719,1,0.01,0.3,0.5,0.001,2.6296,0.30259
8,719,1,0.01,0.3,0.5,0.001,2.63837,0.32243
9,719,1,0.01,0.3,0.5,0.001,2.63783,0.34752
10,719,1,0.01,0.3,0.5,0.001,2.63333,0.29722
11,719,1,0.01,0.3,0.5,0.001,2.6326,0.33873
12,719,1,0.01,0.3,0.5,0.001,2.64243,0.40259
13,719,1,0.01,0.3,0.5,0.001,2.64469,0.39196
14,719,1,0.01,0.3,0.5,0.001,2.63398,0.34003
15,719,1,0.01,0.3,0.5,0.001,2.64519,0.37923
16,719,1,0.01,0.3,0.5,0.001,2.64575,0.33175
17,719,1,0.01,0.3,0.5,0.001,2.63141,0.2847
18,719,1,0.01,0.3,0.5,0.001,2.62858,0.32663
19,719,1,0.01,0.3,0.5,0.001,2.62913,0.29186
20,719,1,0.01,0.3,0.5,0.001,2.63261,0.36628
21,719,1,0.01,0.3,0.5,0.001,2.64106,0.4285
22,719,1,0.01,0.3,0.5,0.001,2.63796,0.35831
23,719,1,0.01,0.3,0.5,0.001,2.63624,0.3328
24,719,1,0.01,0.3,0.5,0.001,2.63401,0.32855
25,719,1,0.01,0.3,0.5,0.001,2.627,0.30205
26,719,1,0.01,0.3,0.5,0.001,2.63314,0.32681
27,719,1,0.01,0.3,0.5,0.001,2.64132,0.33281
28,719,1,0.01,0.3,0.5,0.001,2.63401,0.30859
29,719,1,0.01,0.3,0.5,0.001,2.63914,0.35741
30,719,1,0.01,0.3,0.5,0.001,2.63395,0.30237
31,719,1,0.01,0.3,0.5,0.001,2.62373,0.3009
32,719,1,0.01,0.3,0.5,0.001,2.64248,0.36337
33,719,1,0.01,0.3,0.5,0.001,2.64136,0.35067
34,719,1,0.01,0.3,0.5,0.001,2.63899,0.30561
35,719,1,0.01,0.3,0.5,0.001,2.64443,0.41509
36,719,1,0.01,0.3,0.5,0.001,2.62917,0.38171
37,719,1,0.01,0.3,0.5,0.001,2.62609,0.2872
38,719,1,0.01,0.3,0.5,0.001,2.6295,0.25409
39,719,1,0.01,0.3,0.5,0.001,2.63336,0.30477
40,719,1,0.01,0.3,0.5,0.001,2.63633,0.32166
41,719,1,0.01,0.3,0.5,0.001,2.63915,0.34194
42,719,1,0.01,0.3,0.5,0.001,2.63675,0.37318
43,719,1,0.01,0.3,0.5,0.001,2.63331,0.30621
44,719,1,0.01,0.3,0.5,0.001,2.62761,0.30014
45,719,1,0.01,0.3,0.5,0.001,2.62956,0.32104
46,719,1,0.01,0.3,0.5,0.001,2.62843,0.31475
47,719,1,0.01,0.3,0.5,0.001,2.63427,0.29277
48,719,1,0.01,0.3,0.5,0.001,2.6384,0.3542
49,719,1,0.01,0.3,0.5,0.001,2.62859,0.31348
50,719,1,0.01,0.3,0.5,0.001,2.63131,0.27969
51,719,1,0.01,0.3,0.5,0.001,2.63058,0.34315
52,719,1,0.01,0.3,0.5,0.001,2.62786,0.2952
53,719,1,0.01,0.3,0.5,0.001,2.63268,0.29799
54,719,1,0.01,0.3,0.5,0.001,2.63089,0.30024
55,719,1,0.01,0.3,0.5,0.001,2.63537,0.35581
56,719,1,0.01,0.3,0.5,0.001,2.62814,0.32536
57,719,1,0.01,0.3,0.5,0.001,2.6273,0.32859
58,719,1,0.01,0.3,0.5,0.001,2.63536,0.36606
59,719,1,0.01,0.3,0.5,0.001,2.63845,0.31905
60,719,1,0.01,0.3,0.5,0.001,2.63881,0.37911
61,719,1,0.01,0.3,0.5,0.001,2.65333,0.42364
62,719,1,0.01,0.3,0.5,0.001,2.62414,0.34422
63,719,1,0.01,0.3,0.5,0.001,2.62973,0.29046
64,719,1,0.01,0.3,0.5,0.001,2.62976,0.30569
65,719,1,0.01,0.3,0.5,0.001,2.62824,0.28752
66,719,1,0.01,0.3,0.5,0.001,2.62987,0.27286
67,719,1,0.01,0.3,0.5,0.001,2.62708,0.2958
68,719,1,0.01,0.3,0.5,0.001,2.63572,0.33908
69,719,1,0.01,0.3,0.5,0.001,2.63467,0.33747
70,719,1,0.01,0.3,0.5,0.001,2.6342,0.33564
71,719,1,0.01,0.3,0.5,0.001,2.6348,0.34386
72,719,1,0.01,0.3,0.5,0.001,2.64026,0.35925
73,719,1,0.01,0.3,0.5,0.001,2.64242,0.36126
74,719,1,0.01,0.3,0.5,0.001,2.62941,0.29216
75,719,1,0.01,0.3,0.5,0.001,2.62793,0.32727
76,719,1,0.01,0.3,0.5,0.001,2.63955,0.37284
77,719,1,0.01,0.3,0.5,0.001,2.62969,0.29233
78,719,1,0.01,0.3,0.5,0.001,2.63505,0.33197
79,719,1,0.01,0.3,0.5,0.001,2.62895,0.35264
80,719,1,0.01,0.3,0.5,0.001,2.63874,0.32229
81,719,1,0.01,0.3,0.5,0.001,2.63538,0.33078
82,719,1,0.01,0.3,0.5,0.001,2.63135,0.34564
83,719,1,0.01,0.3,0.5,0.001,2.64154,0.3779
84,719,1,0.01,0.3,0.5,0.001,2.63368,0.30696
85,719,1,0.01,0.3,0.5,0.001,2.63247,0.29391
86,719,1,0.01,0.3,0.5,0.001,2.63376,0.32995
87,719,1,0.01,0.3,0.5,0.001,2.63051,0.31829
88,719,1,0.01,0.3,0.5,0.001,2.64,0.36507
89,719,1,0.01,0.3,0.5,0.001,2.64318,0.36224
90,719,1,0.01,0.3,0.5,0.001,2.63401,0.29861
91,719,1,0.01,0.3,0.5,0.001,2.63714,0.30751
92,719,1,0.01,0.3,0.5,0.001,2.63471,0.32935
93,719,1,0.01,0.3,0.5,0.001,2.63749,0.33657
94,719,1,0.01,0.3,0.5,0.001,2.63249,0.31577
95,719,1,0.01,0.3,0.5,0.001,2.64048,0.36736
96,719,1,0.01,0.3,0.5,0.001,2.62895,0.28827
97,719,1,0.01,0.3,0.5,0.001,2.63842,0.34181
98,719,1,0.01,0.3,0.5,0.001,2.63093,0.29801
99,719,1,0.01,0.3,0.5,0.001,2.63301,0.3094
0,848,1,0.01,0.3,0.5,0.01,3.41613,0.07986
1,848,1,0.01,0.3,0.5,0.01,3.41571,0.06468
2,848,1,0.01,0.3,0.5,0.01,3.41643,0.0938
3,848,1,0.01,0.3,0.5,0.01,3.4162,0.0698
4,848,1,0.01,0.3,0.5,0.01,3.41593,0.07548
5,848,1,0.01,0.3,0.5,0.01,3.41685,0.10799
6,848,1,0.01,0.3,0.5,0.01,3.41689,0.09834
7,848,1,0.01,0.3,0.5,0.01,3.41637,0.08186
8,848,1,0.01,0.3,0.5,0.01,3.41611,0.06112
9,848,1,0.01,0.3,0.5,0.01,3.41666,0.08663
10,848,1,0.01,0.3,0.5,0.01,3.41693,0.0978
11,848,1,0.01,0.3,0.5,0.01,3.41606,0.06514
12,848,1,0.01,0.3,0.5,0.01,3.41697,0.10465
13,848,1,0.01,0.3,0.5,0.01,3.41597,0.06321
14,848,1,0.01,0.3,0.5,0.01,3.41588,0.05186
15,848,1,0.01,0.3,0.5,0.01,3.41641,0.07807
16,848,1,0.01,0.3,0.5,0.01,3.41609,0.0667
17,848,1,0.01,0.3,0.5,0.01,3.41653,0.08252
18,848,1,0.01,0.3,0.5,0.01,3.41572,0.06225
19,848,1,0.01,0.3,0.5,0.01,3.41613,0.09318
20,848,1,0.01,0.3,0.5,0.01,3.416,0.07418
21,848,1,0.01,0.3,0.5,0.01,3.41626,0.08947
22,848,1,0.01,0.3,0.5,0.01,3.41693,0.07762
23,848,1,0.01,0.3,0.5,0.01,3.41651,0.07769
24,848,1,0.01,0.3,0.5,0.01,3.41678,0.09659
25,848,1,0.01,0.3,0.5,0.01,3.41568,0.05084
26,848,1,0.01,0.3,0.5,0.01,3.41671,0.09015
27,848,1,0.01,0.3,0.5,0.01,3.41592,0.07516
28,848,1,0.01,0.3,0.5,0.01,3.41594,0.07872
29,848,1,0.01,0.3,0.5,0.01,3.41589,0.05438
30,848,1,0.01,0.3,0.5,0.01,3.41669,0.08058
31,848,1,0.01,0.3,0.5,0.01,3.41595,0.0694
32,848,1,0.01,0.3,0.5,0.01,3.41587,0.07025
33,848,1,0.01,0.3,0.5,0.01,3.41644,0.0802
34,848,1,0.01,0.3,0.5,0.01,3.41621,0.06818
35,848,1,0.01,0.3,0.5,0.01,3.41657,0.08537
36,848,1,0.01,0.3,0.5,0.01,3.41651,0.07955
37,848,1,0.01,0.3,0.5,0.01,3.41563,0.06058
38,848,1,0.01,0.3,0.5,0.01,3.41708,0.11547
39,848,1,0.01,0.3,0.5,0.01,3.41737,0.10395
40,848,1,0.01,0.3,0.5,0.01,3.4159,0.05693
41,848,1,0.01,0.3,0.5,0.01,3.41692,0.08274
42,848,1,0.01,0.3,0.5,0.01,3.41699,0.10513
43,848,1,0.01,0.3,0.5,0.01,3.41618,0.06828
44,848,1,0.01,0.3,0.5,0.01,3.41603,0.07496
45,848,1,0.01,0.3,0.5,0.01,3.41662,0.09824
46,848,1,0.01,0.3,0.5,0.01,3.41624,0.08178
47,848,1,0.01,0.3,0.5,0.01,3.41665,0.09643
48,848,1,0.01,0.3,0.5,0.01,3.41758,0.11814
49,848,1,0.01,0.3,0.5,0.01,3.41636,0.08065
50,848,1,0.01,0.3,0.5,0.01,3.41656,0.07911
51,848,1,0.01,0.3,0.5,0.01,3.4162,0.07419
52,848,1,0.01,0.3,0.5,0.01,3.41646,0.06241
53,848,1,0.01,0.3,0.5,0.01,3.41648,0.07822
54,848,1,0.01,0.3,0.5,0.01,3.41629,0.07609
55,848,1,0.01,0.3,0.5,0.01,3.41689,0.07831
56,848,1,0.01,0.3,0.5,0.01,3.41747,0.11548
57,848,1,0.01,0.3,0.5,0.01,3.41639,0.08836
58,848,1,0.01,0.3,0.5,0.01,3.41752,0.11279
59,848,1,0.01,0.3,0.5,0.01,3.41657,0.07024
60,848,1,0.01,0.3,0.5,0.01,3.41631,0.07843
61,848,1,0.01,0.3,0.5,0.01,3.4161,0.06835
62,848,1,0.01,0.3,0.5,0.01,3.41612,0.06656
63,848,1,0.01,0.3,0.5,0.01,3.41722,0.08849
64,848,1,0.01,0.3,0.5,0.01,3.41578,0.068
65,848,1,0.01,0.3,0.5,0.01,3.4165,0.09056
66,848,1,0.01,0.3,0.5,0.01,3.41624,0.06335
67,848,1,0.01,0.3,0.5,0.01,3.41682,0.10625
68,848,1,0.01,0.3,0.5,0.01,3.41694,0.08842
69,848,1,0.01,0.3,0.5,0.01,3.41817,0.12547
70,848,1,0.01,0.3,0.5,0.01,3.41601,0.08917
71,848,1,0.01,0.3,0.5,0.01,3.41709,0.10199
72,848,1,0.01,0.3,0.5,0.01,3.41626,0.09321
73,848,1,0.01,0.3,0.5,0.01,3.41761,0.12643
74,848,1,0.01,0.3,0.5,0.01,3.41753,0.10214
75,848,1,0.01,0.3,0.5,0.01,3.41607,0.06889
76,848,1,0.01,0.3,0.5,0.01,3.41589,0.07688
77,848,1,0.01,0.3,0.5,0.01,3.4163,0.0847
78,848,1,0.01,0.3,0.5,0.01,3.41582,0.05675
79,848,1,0.01,0.3,0.5,0.01,3.41652,0.08883
80,848,1,0.01,0.3,0.5,0.01,3.41669,0.0875
81,848,1,0.01,0.3,0.5,0.01,3.4163,0.0791
82,848,1,0.01,0.3,0.5,0.01,3.41603,0.06324
83,848,1,0.01,0.3,0.5,0.01,3.4165,0.0776
84,848,1,0.01,0.3,0.5,0.01,3.41648,0.08176
85,848,1,0.01,0.3,0.5,0.01,3.41641,0.07569
86,848,1,0.01,0.3,0.5,0.01,3.41699,0.09792
87,848,1,0.01,0.3,0.5,0.01,3.41663,0.09093
88,848,1,0.01,0.3,0.5,0.01,3.41691,0.08789
89,848,1,0.01,0.3,0.5,0.01,3.41607,0.07146
90,848,1,0.01,0.3,0.5,0.01,3.41609,0.08061
91,848,1,0.01,0.3,0.5,0.01,3.41679,0.09642
92,848,1,0.01,0.3,0.5,0.01,3.41628,0.07655
93,848,1,0.01,0.3,0.5,0.01,3.41605,0.07058
94,848,1,0.01,0.3,0.5,0.01,3.41653,0.07955
95,848,1,0.01,0.3,0.5,0.01,3.41599,0.0697
96,848,1,0.01,0.3,0.5,0.01,3.41665,0.09882
97,848,1,0.01,0.3,0.5,0.01,3.41651,0.07629
98,848,1,0.01,0.3,0.5,0.01,3.41637,0.07326
99,848,1,0.01,0.3,0.5,0.01,3.41644,0.0765
0,848,1,0.01,0.3,0.5,0.0025,3.03577,0.17855
1,848,1,0.01,0.3,0.5,0.0025,3.03595,0.16372
2,848,1,0.01,0.3,0.5,0.0025,3.03714,0.17986
3,848,1,0.01,0.3,0.5,0.0025,3.03699,0.17178
4,848,1,0.01,0.3,0.5,0.0025,3.03599,0.16144
5,848,1,0.01,0.3,0.5,0.0025,3.0391,0.22155
6,848,1,0.01,0.3,0.5,0.0025,3.03932,0.1976
7,848,1,0.01,0.3,0.5,0.0025,3.03868,0.18219
8,848,1,0.01,0.3,0.5,0.0025,3.0354,0.14153
9,848,1,0.01,0.3,0.5,0.0025,3.03782,0.17808
10,848,1,0.01,0.3,0.5,0.0025,3.03888,0.19405
11,848,1,0.01,0.3,0.5,0.0025,3.03646,0.17085
12,848,1,0.01,0.3,0.5,0.0025,3.04002,0.21046
13,848,1,0.01,0.3,0.5,0.0025,3.03625,0.1423
14,848,1,0.01,0.3,0.5,0.0025,3.03431,0.13613
15,848,1,0.01,0.3,0.5,0.0025,3.03673,0.16687
16,848,1,0.01,0.3,0.5,0.0025,3.03727,0.17579
17,848,1,0.01,0.3,0.5,0.0025,3.03771,0.21308
18,848,1,0.01,0.3,0.5,0.0025,3.03397,0.14546
19,848,1,0.01,0.3,0.5,0.0025,3.0374,0.18236
20,848,1,0.01,0.3,0.5,0.0025,3.03663,0.17688
21,848,1,0.01,0.3,0.5,0.0025,3.0377,0.20024
22,848,1,0.01,0.3,0.5,0.0025,3.03944,0.17229
23,848,1,0.01,0.3,0.5,0.0025,3.03736,0.16692
24,848,1,0.01,0.3,0.5,0.0025,3.03889,0.20602
25,848,1,0.01,0.3,0.5,0.0025,3.03473,0.12432
26,848,1,0.01,0.3,0.5,0.0025,3.03758,0.16205
27,848,1,0.01,0.3,0.5,0.0025,3.03679,0.18047
28,848,1,0.01,0.3,0.5,0.0025,3.03634,0.17063
29,848,1,0.01,0.3,0.5,0.0025,3.03364,0.14
30,848,1,0.01,0.3,0.5,0.0025,3.03775,0.17772
31,848,1,0.01,0.3,0.5,0.0025,3.03744,0.18377
32,848,1,0.01,0.3,0.5,0.0025,3.0359,0.18062
33,848,1,0.01,0.3,0.5,0.0025,3.03872,0.17855
34,848,1,0.01,0.3,0.5,0.0025,3.03699,0.15395
35,848,1,0.01,0.3,0.5,0.0025,3.03855,0.19099
36,848,1,0.01,0.3,0.5,0.0025,3.03737,0.16297
37,848,1,0.01,0.3,0.5,0.0025,3.03593,0.16946
38,848,1,0.01,0.3,0.5,0.0025,3.03891,0.22837
39,848,1,0.01,0.3,0.5,0.0025,3.03901,0.2002
40,848,1,0.01,0.3,0.5,0.0025,3.03468,0.14056
41,848,1,0.01,0.3,0.5,0.0025,3.03951,0.1838
42,848,1,0.01,0.3,0.5,0.0025,3.03966,0.19334
43,848,1,0.01,0.3,0.5,0.0025,3.03611,0.15105
44,848,1,0.01,0.3,0.5,0.0025,3.03558,0.17392
45,848,1,0.01,0.3,0.5,0.0025,3.03868,0.20614
46,848,1,0.01,0.3,0.5,0.0025,3.03652,0.20268
47,848,1,0.01,0.3,0.5,0.0025,3.03719,0.19301
48,848,1,0.01,0.3,0.5,0.0025,3.03942,0.23682
49,848,1,0.01,0.3,0.5,0.0025,3.03562,0.19208
50,848,1,0.01,0.3,0.5,0.0025,3.03655,0.17748
51,848,1,0.01,0.3,0.5,0.0025,3.03733,0.1696
52,848,1,0.01,0.3,0.5,0.0025,3.03602,0.1279
53,848,1,0.01,0.3,0.5,0.0025,3.03674,0.1564
54,848,1,0.01,0.3,0.5,0.0025,3.03748,0.18267
55,848,1,0.01,0.3,0.5,0.0025,3.03893,0.16464
56,848,1,0.01,0.3,0.5,0.0025,3.04144,0.2382
57,848,1,0.01,0.3,0.5,0.0025,3.0362,0.17559
58,848,1,0.01,0.3,0.5,0.0025,3.03957,0.20278
59,848,1,0.01,0.3,0.5,0.0025,3.03765,0.18657
60,848,1,0.01,0.3,0.5,0.0025,3.03656,0.18262
61,848,1,0.01,0.3,0.5,0.0025,3.03767,0.17372
62,848,1,0.01,0.3,0.5,0.0025,3.03661,0.17067
63,848,1,0.01,0.3,0.5,0.0025,3.0392,0.18984
64,848,1,0.01,0.3,0.5,0.0025,3.03454,0.17607
65,848,1,0.01,0.3,0.5,0.0025,3.03674,0.18507
66,848,1,0.01,0.3,0.5,0.0025,3.03478,0.13872
67,848,1,0.01,0.3,0.5,0.0025,3.03725,0.23345
68,848,1,0.01,0.3,0.5,0.0025,3.03718,0.17707
69,848,1,0.01,0.3,0.5,0.0025,3.0413,0.22668
70,848,1,0.01,0.3,0.5,0.0025,3.03796,0.2169
71,848,1,0.01,0.3,0.5,0.0025,3.03797,0.17997
72,848,1,0.01,0.3,0.5,0.0025,3.03641,0.18153
73,848,1,0.01,0.3,0.5,0.0025,3.04233,0.25936
74,848,1,0.01,0.3,0.5,0.0025,3.03973,0.18177
75,848,1,0.01,0.3,0.5,0.0025,3.03642,0.16234
76,848,1,0.01,0.3,0.5,0.0025,3.03622,0.17363
77,848,1,0.01,0.3,0.5,0.0025,3.03697,0.17358
78,848,1,0.01,0.3,0.5,0.0025,3.0335,0.11268
79,848,1,0.01,0.3,0.5,0.0025,3.03825,0.19476
80,848,1,0.01,0.3,0.5,0.0025,3.03745,0.18289
81,848,1,0.01,0.3,0.5,0.0025,3.03572,0.16823
82,848,1,0.01,0.3,0.5,0.0025,3.03521,0.15129
83,848,1,0.01,0.3,0.5,0.0025,3.03659,0.1769
84,848,1,0.01,0.3,0.5,0.0025,3.03651,0.17367
85,848,1,0.01,0.3,0.5,0.0025,3.03645,0.17108
86,848,1,0.01,0.3,0.5,0.0025,3.03889,0.22253
87,848,1,0.01,0.3,0.5,0.0025,3.03864,0.19118
88,848,1,0.01,0.3,0.5,0.0025,3.03919,0.19808
89,848,1,0.01,0.3,0.5,0.0025,3.03676,0.1909
90,848,1,0.01,0.3,0.5,0.0025,3.03564,0.18921
91,848,1,0.01,0.3,0.5,0.0025,3.03933,0.19759
92,848,1,0.01,0.3,0.5,0.0025,3.03612,0.15439
93,848,1,0.01,0.3,0.5,0.0025,3.03727,0.1723
94,848,1,0.01,0.3,0.5,0.0025,3.03745,0.16097
95,848,1,0.01,0.3,0.5,0.0025,3.03667,0.17533
96,848,1,0.01,0.3,0.5,0.0025,3.03744,0.22567
97,848,1,0.01,0.3,0.5,0.0025,3.03625,0.16501
98,848,1,0.01,0.3,0.5,0.0025,3.03725,0.1842
99,848,1,0.01,0.3,0.5,0.0025,3.03659,0.16552
0,848,1,0.01,0.3,0.5,0.001,2.62467,0.29392
1,848,1,0.01,0.3,0.5,0.001,2.62895,0.29485
2,848,1,0.01,0.3,0.5,0.001,2.628,0.2874
3,848,1,0.01,0.3,0.5,0.001,2.63125,0.29065
4,848,1,0.01,0.3,0.5,0.001,2.62798,0.27208
5,848,1,0.01,0.3,0.5,0.001,2.63828,0.35623
6,848,1,0.01,0.3,0.5,0.001,2.63619,0.31882
7,848,1,0.01,0.3,0.5,0.001,2.6363,0.3018
8,848,1,0.01,0.3,0.5,0.001,2.62446,0.24038
9,848,1,0.01,0.3,0.5,0.001,2.63292,0.29582
10,848,1,0.01,0.3,0.5,0.001,2.63516,0.32213
11,848,1,0.01,0.3,0.5,0.001,2.63096,0.30394
12,848,1,0.01,0.3,0.5,0.001,2.637,0.32475
13,848,1,0.01,0.3,0.5,0.001,2.62949,0.26394
14,848,1,0.01,0.3,0.5,0.001,2.62369,0.23696
15,848,1,0.01,0.3,0.5,0.001,2.62664,0.26449
16,848,1,0.01,0.3,0.5,0.001,2.63208,0.30848
17,848,1,0.01,0.3,0.5,0.001,2.63429,0.36674
18,848,1,0.01,0.3,0.5,0.001,2.6218,0.26649
19,848,1,0.01,0.3,0.5,0.001,2.63413,0.30263
20,848,1,0.01,0.3,0.5,0.001,2.62692,0.28437
21,848,1,0.01,0.3,0.5,0.001,2.63397,0.33233
22,848,1,0.01,0.3,0.5,0.001,2.63454,0.26772
23,848,1,0.01,0.3,0.5,0.001,2.62994,0.27631
24,848,1,0.01,0.3,0.5,0.001,2.63461,0.32597
25,848,1,0.01,0.3,0.5,0.001,2.62458,0.23305
26,848,1,0.01,0.3,0.5,0.001,2.63064,0.24999
27,848,1,0.01,0.3,0.5,0.001,2.63079,0.30439
28,848,1,0.01,0.3,0.5,0.001,2.6298,0.2911
29,848,1,0.01,0.3,0.5,0.001,2.6178,0.23051
30,848,1,0.01,0.3,0.5,0.001,2.63349,0.31338
31,848,1,0.01,0.3,0.5,0.001,2.62862,0.30373
32,848,1,0.01,0.3,0.5,0.001,2.62796,0.29867
33,848,1,0.01,0.3,0.5,0.001,2.63599,0.30331
34,848,1,0.01,0.3,0.5,0.001,2.63115,0.26606
35,848,1,0.01,0.3,0.5,0.001,2.63297,0.30428
36,848,1,0.01,0.3,0.5,0.001,2.63521,0.29056
37,848,1,0.01,0.3,0.5,0.001,2.62664,0.28178
38,848,1,0.01,0.3,0.5,0.001,2.63411,0.37116
39,848,1,0.01,0.3,0.5,0.001,2.6338,0.31287
40,848,1,0.01,0.3,0.5,0.001,2.62352,0.25584
41,848,1,0.01,0.3,0.5,0.001,2.6382,0.31837
42,848,1,0.01,0.3,0.5,0.001,2.63387,0.29749
43,848,1,0.01,0.3,0.5,0.001,2.62951,0.27082
44,848,1,0.01,0.3,0.5,0.001,2.62902,0.32237
45,848,1,0.01,0.3,0.5,0.001,2.63537,0.3307
46,848,1,0.01,0.3,0.5,0.001,2.63117,0.33512
47,848,1,0.01,0.3,0.5,0.001,2.62793,0.30122
48,848,1,0.01,0.3,0.5,0.001,2.63295,0.36403
49,848,1,0.01,0.3,0.5,0.001,2.62524,0.30724
50,848,1,0.01,0.3,0.5,0.001,2.62941,0.30619
51,848,1,0.01,0.3,0.5,0.001,2.63265,0.28678
52,848,1,0.01,0.3,0.5,0.001,2.62659,0.23904
53,848,1,0.01,0.3,0.5,0.001,2.62817,0.25454
54,848,1,0.01,0.3,0.5,0.001,2.6309,0.29594
55,848,1,0.01,0.3,0.5,0.001,2.63628,0.27919
56,848,1,0.01,0.3,0.5,0.001,2.64002,0.3714
57,848,1,0.01,0.3,0.5,0.001,2.62512,0.28089
58,848,1,0.01,0.3,0.5,0.001,2.63425,0.30535
59,848,1,0.01,0.3,0.5,0.001,2.63383,0.32506
60,848,1,0.01,0.3,0.5,0.001,2.63089,0.31565
61,848,1,0.01,0.3,0.5,0.001,2.6335,0.30354
62,848,1,0.01,0.3,0.5,0.001,2.62901,0.29537
63,848,1,0.01,0.3,0.5,0.001,2.63794,0.32512
64,848,1,0.01,0.3,0.5,0.001,2.62698,0.31519
65,848,1,0.01,0.3,0.5,0.001,2.6315,0.32387
66,848,1,0.01,0.3,0.5,0.001,2.62478,0.2535
67,848,1,0.01,0.3,0.5,0.001,2.63382,0.3835
68,848,1,0.01,0.3,0.5,0.001,2.62956,0.30884
69,848,1,0.01,0.3,0.5,0.001,2.63889,0.36013
70,848,1,0.01,0.3,0.5,0.001,2.63334,0.35509
71,848,1,0.01,0.3,0.5,0.001,2.63411,0.30456
72,848,1,0.01,0.3,0.5,0.001,2.62772,0.28943
73,848,1,0.01,0.3,0.5,0.001,2.64347,0.3857
74,848,1,0.01,0.3,0.5,0.001,2.63681,0.29432
75,848,1,0.01,0.3,0.5,0.001,2.62763,0.29255
76,848,1,0.01,0.3,0.5,0.001,2.62971,0.29513
77,848,1,0.01,0.3,0.5,0.001,2.6348,0.31852
78,848,1,0.01,0.3,0.5,0.001,2.61947,0.20435
79,848,1,0.01,0.3,0.5,0.001,2.63224,0.31388
80,848,1,0.01,0.3,0.5,0.001,2.63046,0.29619
81,848,1,0.01,0.3,0.5,0.001,2.62575,0.28669
82,848,1,0.01,0.3,0.5,0.001,2.62416,0.28002
83,848,1,0.01,0.3,0.5,0.001,2.62996,0.30337
84,848,1,0.01,0.3,0.5,0.001,2.62856,0.29098
85,848,1,0.01,0.3,0.5,0.001,2.62859,0.30523
86,848,1,0.01,0.3,0.5,0.001,2.63605,0.36058
87,848,1,0.01,0.3,0.5,0.001,2.63421,0.31745
88,848,1,0.01,0.3,0.5,0.001,2.63572,0.32201
89,848,1,0.01,0.3,0.5,0.001,2.62925,0.31206
90,848,1,0.01,0.3,0.5,0.001,2.62753,0.31833
91,848,1,0.01,0.3,0.5,0.001,2.63316,0.31751
92,848,1,0.01,0.3,0.5,0.001,2.62823,0.25948
93,848,1,0.01,0.3,0.5,0.001,2.62889,0.2922
94,848,1,0.01,0.3,0.5,0.001,2.63285,0.27649
95,848,1,0.01,0.3,0.5,0.001,2.62919,0.28695
96,848,1,0.01,0.3,0.5,0.001,2.63273,0.37443
97,848,1,0.01,0.3,0.5,0.001,2.62825,0.29052
98,848,1,0.01,0.3,0.5,0.001,2.63028,0.29796
99,848,1,0.01,0.3,0.5,0.001,2.62771,0.28512
0,1000,1,0.01,0.3,0.5,0.01,3.41435,0.08981
1,1000,1,0.01,0.3,0.5,0.01,3.41439,0.08017
2,1000,1,0.01,0.3,0.5,0.01,3.41398,0.06748
3,1000,1,0.01,0.3,0.5,0.01,3.41433,0.07247
4,1000,1,0.01,0.3,0.5,0.01,3.41505,0.10042
5,1000,1,0.01,0.3,0.5,0.01,3.415,0.09766
6,1000,1,0.01,0.3,0.5,0.01,3.41502,0.10606
7,1000,1,0.01,0.3,0.5,0.01,3.41396,0.06643
8,1000,1,0.01,0.3,0.5,0.01,3.41442,0.07659
9,1000,1,0.01,0.3,0.5,0.01,3.41386,0.04938
10,1000,1,0.01,0.3,0.5,0.01,3.41438,0.0787
11,1000,1,0.01,0.3,0.5,0.01,3.41457,0.0823
12,1000,1,0.01,0.3,0.5,0.01,3.41434,0.07285
13,1000,1,0.01,0.3,0.5,0.01,3.41395,0.07247
14,1000,1,0.01,0.3,0.5,0.01,3.41514,0.0987
15,1000,1,0.01,0.3,0.5,0.01,3.41522,0.10362
16,1000,1,0.01,0.3,0.5,0.01,3.41456,0.08877
17,1000,1,0.01,0.3,0.5,0.01,3.41428,0.07231
18,1000,1,0.01,0.3,0.5,0.01,3.41455,0.0683
19,1000,1,0.01,0.3,0.5,0.01,3.41408,0.06237
20,1000,1,0.01,0.3,0.5,0.01,3.41434,0.07887
21,1000,1,0.01,0.3,0.5,0.01,3.41493,0.0945
22,1000,1,0.01,0.3,0.5,0.01,3.41417,0.07918
23,1000,1,0.01,0.3,0.5,0.01,3.41419,0.05343
24,1000,1,0.01,0.3,0.5,0.01,3.4145,0.06778
25,1000,1,0.01,0.3,0.5,0.01,3.41418,0.06475
26,1000,1,0.01,0.3,0.5,0.01,3.41433,0.07438
27,1000,1,0.01,0.3,0.5,0.01,3.4138,0.05809
28,1000,1,0.01,0.3,0.5,0.01,3.41412,0.06003
29,1000,1,0.01,0.3,0.5,0.01,3.41455,0.08711
30,1000,1,0.01,0.3,0.5,0.01,3.41426,0.07822
31,1000,1,0.01,0.3,0.5,0.01,3.41405,0.06038
32,1000,1,0.01,0.3,0.5,0.01,3.41472,0.08071
33,1000,1,0.01,0.3,0.5,0.01,3.41407,0.0752
34,1000,1,0.01,0.3,0.5,0.01,3.41428,0.0746
35,1000,1,0.01,0.3,0.5,0.01,3.41458,0.08111
36,1000,1,0.01,0.3,0.5,0.01,3.41391,0.06521
37,1000,1,0.01,0.3,0.5,0.01,3.41414,0.07613
38,1000,1,0.01,0.3,0.5,0.01,3.41349,0.05328
39,1000,1,0.01,0.3,0.5,0.01,3.41363,0.06201
40,1000,1,0.01,0.3,0.5,0.01,3.41389,0.05278
41,1000,1,0.01,0.3,0.5,0.01,3.41459,0.07556
42,1000,1,0.01,0.3,0.5,0.01,3.41476,0.08159
43,1000,1,0.01,0.3,0.5,0.01,3.41448,0.07071
44,1000,1,0.01,0.3,0.5,0.01,3.41443,0.07027
45,1000,1,0.01,0.3,0.5,0.01,3.41422,0.08111
46,1000,1,0.01,0.3,0.5,0.01,3.41456,0.07613
47,1000,1,0.01,0.3,0.5,0.01,3.41457,0.08349
48,1000,1,0.01,0.3,0.5,0.01,3.4142,0.0644
49,1000,1,0.01,0.3,0.5,0.01,3.41435,0.09821
50,1000,1,0.01,0.3,0.5,0.01,3.41398,0.06699
51,1000,1,0.01,0.3,0.5,0.01,3.41407,0.05852
52,1000,1,0.01,0.3,0.5,0.01,3.41412,0.08675
53,1000,1,0.01,0.3,0.5,0.01,3.41409,0.08783
54,1000,1,0.01,0.3,0.5,0.01,3.4137,0.04861
55,1000,1,0.01,0.3,0.5,0.01,3.41416,0.06193
56,1000,1,0.01,0.3,0.5,0.01,3.41521,0.11328
57,1000,1,0.01,0.3,0.5,0.01,3.41513,0.09393
58,1000,1,0.01,0.3,0.5,0.01,3.41424,0.06214
59,1000,1,0.01,0.3,0.5,0.01,3.41423,0.07619
60,1000,1,0.01,0.3,0.5,0.01,3.41421,0.0657
61,1000,1,0.01,0.3,0.5,0.01,3.4141,0.05071
62,1000,1,0.01,0.3,0.5,0.01,3.4139,0.05372
63,1000,1,0.01,0.3,0.5,0.01,3.41369,0.04227
64,1000,1,0.01,0.3,0.5,0.01,3.41427,0.06615
65,1000,1,0.01,0.3,0.5,0.01,3.41431,0.06916
66,1000,1,0.01,0.3,0.5,0.01,3.41448,0.07831
67,1000,1,0.01,0.3,0.5,0.01,3.41402,0.06633
68,1000,1,0.01,0.3,0.5,0.01,3.41396,0.06152
69,1000,1,0.01,0.3,0.5,0.01,3.41395,0.06934
70,1000,1,0.01,0.3,0.5,0.01,3.41481,0.08632
71,1000,1,0.01,0.3,0.5,0.01,3.41488,0.09569
72,1000,1,0.01,0.3,0.5,0.01,3.41454,0.06418
73,1000,1,0.01,0.3,0.5,0.01,3.41451,0.079
74,1000,1,0.01,0.3,0.5,0.01,3.41498,0.09828
75,1000,1,0.01,0.3,0.5,0.01,3.41386,0.04305
76,1000,1,0.01,0.3,0.5,0.01,3.41456,0.06608
77,1000,1,0.01,0.3,0.5,0.01,3.41422,0.06906
78,1000,1,0.01,0.3,0.5,0.01,3.41392,0.05526
79,1000,1,0.01,0.3,0.5,0.01,3.41488,0.09754
80,1000,1,0.01,0.3,0.5,0.01,3.41412,0.07847
81,1000,1,0.01,0.3,0.5,0.01,3.41446,0.08668
82,1000,1,0.01,0.3,0.5,0.01,3.4148,0.0807
83,1000,1,0.01,0.3,0.5,0.01,3.41415,0.06585
84,1000,1,0.01,0.3,0.5,0.01,3.4148,0.07726
85,1000,1,0.01,0.3,0.5,0.01,3.41356,0.04397
86,1000,1,0.01,0.3,0.5,0.01,3.41455,0.08384
87,1000,1,0.01,0.3,0.5,0.01,3.41396,0.05343
88,1000,1,0.01,0.3,0.5,0.01,3.41415,0.0624
89,1000,1,0.01,0.3,0.5,0.01,3.41439,0.07643
90,1000,1,0.01,0.3,0.5,0.01,3.41511,0.0986
91,1000,1,0.01,0.3,0.5,0.01,3.4149,0.11027
92,1000,1,0.01,0.3,0.5,0.01,3.41464,0.09472
93,1000,1,0.01,0.3,0.5,0.01,3.4145,0.07847
94,1000,1,0.01,0.3,0.5,0.01,3.41443,0.0883
95,1000,1,0.01,0.3,0.5,0.01,3.41459,0.08034
96,1000,1,0.01,0.3,0.5,0.01,3.4141,0.06956
97,1000,1,0.01,0.3,0.5,0.01,3.41382,0.0528
98,1000,1,0.01,0.3,0.5,0.01,3.41464,0.0909
99,1000,1,0.01,0.3,0.5,0.01,3.41403,0.05494
0,1000,1,0.01,0.3,0.5,0.0025,3.03665,0.17814
1,1000,1,0.01,0.3,0.5,0.0025,3.03533,0.17518
2,1000,1,0.01,0.3,0.5,0.0025,3.03296,0.1364
3,1000,1,0.01,0.3,0.5,0.0025,3.03656,0.18146
4,1000,1,0.01,0.3,0.5,0.0025,3.03541,0.18387
5,1000,1,0.01,0.3,0.5,0.0025,3.03705,0.20195
6,1000,1,0.01,0.3,0.5,0.0025,3.03659,0.22361
7,1000,1,0.01,0.3,0.5,0.0025,3.033,0.15488
8,1000,1,0.01,0.3,0.5,0.0025,3.03552,0.15892
9,1000,1,0.01,0.3,0.5,0.0025,3.03275,0.12571
10,1000,1,0.01,0.3,0.5,0.0025,3.03483,0.16226
11,1000,1,0.01,0.3,0.5,0.0025,3.03527,0.16965
12,1000,1,0.01,0.3,0.5,0.0025,3.03566,0.15481
13,1000,1,0.01,0.3,0.5,0.0025,3.03293,0.16189
14,1000,1,0.01,0.3,0.5,0.0025,3.03742,0.18665
15,1000,1,0.01,0.3,0.5,0.0025,3.03738,0.21719
16,1000,1,0.01,0.3,0.5,0.0025,3.03504,0.18859
17,1000,1,0.01,0.3,0.5,0.0025,3.03574,0.16388
18,1000,1,0.01,0.3,0.5,0.0025,3.03518,0.15331
19,1000,1,0.01,0.3,0.5,0.0025,3.03557,0.15014
20,1000,1,0.01,0.3,0.5,0.0025,3.03487,0.15721
21,1000,1,0.01,0.3,0.5,0.0025,3.03583,0.17843
22,1000,1,0.01,0.3,0.5,0.0025,3.03373,0.16274
23,1000,1,0.01,0.3,0.5,0.0025,3.03549,0.14922
24,1000,1,0.01,0.3,0.5,0.0025,3.03453,0.15915
25,1000,1,0.01,0.3,0.5,0.0025,3.03336,0.14761
26,1000,1,0.01,0.3,0.5,0.0025,3.03466,0.15791
27,1000,1,0.01,0.3,0.5,0.0025,3.03209,0.12819
28,1000,1,0.01,0.3,0.5,0.0025,3.03457,0.15152
29,1000,1,0.01,0.3,0.5,0.0025,3.03554,0.18488
30,1000,1,0.01,0.3,0.5,0.0025,3.03399,0.17265
31,1000,1,0.01,0.3,0.5,0.0025,3.03385,0.1311
32,1000,1,0.01,0.3,0.5,0.0025,3.03571,0.16749
33,1000,1,0.01,0.3,0.5,0.0025,3.03501,0.16576
34,1000,1,0.01,0.3,0.5,0.0025,3.03526,0.16384
35,1000,1,0.01,0.3,0.5,0.0025,3.03567,0.15448
36,1000,1,0.01,0.3,0.5,0.0025,3.03349,0.16189
37,1000,1,0.01,0.3,0.5,0.0025,3.03543,0.17653
38,1000,1,0.01,0.3,0.5,0.0025,3.03188,0.11881
39,1000,1,0.01,0.3,0.5,0.0025,3.03256,0.18086
40,1000,1,0.01,0.3,0.5,0.0025,3.03372,0.12225
41,1000,1,0.01,0.3,0.5,0.0025,3.03517,0.16277
42,1000,1,0.01,0.3,0.5,0.0025,3.03536,0.1716
43,1000,1,0.01,0.3,0.5,0.0025,3.0352,0.16549
44,1000,1,0.01,0.3,0.5,0.0025,3.03489,0.15034
45,1000,1,0.01,0.3,0.5,0.0025,3.03511,0.18535
46,1000,1,0.01,0.3,0.5,0.0025,3.03614,0.15257
47,1000,1,0.01,0.3,0.5,0.0025,3.03584,0.16244
48,1000,1,0.01,0.3,0.5,0.0025,3.03697,0.16153
49,1000,1,0.01,0.3,0.5,0.0025,3.0349,0.18143
50,1000,1,0.01,0.3,0.5,0.0025,3.03336,0.14494
51,1000,1,0.01,0.3,0.5,0.0025,3.0346,0.14258
52,1000,1,0.01,0.3,0.5,0.0025,3.03516,0.19741
53,1000,1,0.01,0.3,0.5,0.0025,3.03392,0.19511
54,1000,1,0.01,0.3,0.5,0.0025,3.03284,0.13621
55,1000,1,0.01,0.3,0.5,0.0025,3.03404,0.16075
56,1000,1,0.01,0.3,0.5,0.0025,3.03938,0.2301
57,1000,1,0.01,0.3,0.5,0.0025,3.03676,0.18976
58,1000,1,0.01,0.3,0.5,0.0025,3.03385,0.13954
59,1000,1,0.01,0.3,0.5,0.0025,3.03468,0.16557
60,1000,1,0.01,0.3,0.5,0.0025,3.0346,0.14508
61,1000,1,0.01,0.3,0.5,0.0025,3.03327,0.11703
62,1000,1,0.01,0.3,0.5,0.0025,3.0325,0.13609
63,1000,1,0.01,0.3,0.5,0.0025,3.03382,0.12419
64,1000,1,0.01,0.3,0.5,0.0025,3.0338,0.13717
65,1000,1,0.01,0.3,0.5,0.0025,3.03366,0.14758
66,1000,1,0.01,0.3,0.5,0.0025,3.03579,0.16502
67,1000,1,0.01,0.3,0.5,0.0025,3.033,0.13872
68,1000,1,0.01,0.3,0.5,0.0025,3.03179,0.1338
69,1000,1,0.01,0.3,0.5,0.0025,3.03515,0.17488
70,1000,1,0.01,0.3,0.5,0.0025,3.03671,0.1836
71,1000,1,0.01,0.3,0.5,0.0025,3.03765,0.19864
72,1000,1,0.01,0.3,0.5,0.0025,3.03571,0.16306
73,1000,1,0.01,0.3,0.5,0.0025,3.03381,0.15454
74,1000,1,0.01,0.3,0.5,0.0025,3.03704,0.20544
75,1000,1,0.01,0.3,0.5,0.0025,3.03599,0.15929
76,1000,1,0.01,0.3,0.5,0.0025,3.03575,0.15285
77,1000,1,0.01,0.3,0.5,0.0025,3.03565,0.16601
78,1000,1,0.01,0.3,0.5,0.0025,3.03324,0.15768
79,1000,1,0.01,0.3,0.5,0.0025,3.03986,0.21047
80,1000,1,0.01,0.3,0.5,0.0025,3.03423,0.15305
81,1000,1,0.01,0.3,0.5,0.0025,3.03442,0.17474
82,1000,1,0.01,0.3,0.5,0.0025,3.03717,0.16579
83,1000,1,0.01,0.3,0.5,0.0025,3.03448,0.15878
84,1000,1,0.01,0.3,0.5,0.0025,3.03666,0.18177
85,1000,1,0.01,0.3,0.5,0.0025,3.03148,0.11706
86,1000,1,0.01,0.3,0.5,0.0025,3.0355,0.17907
87,1000,1,0.01,0.3,0.5,0.0025,3.0334,0.11574
88,1000,1,0.01,0.3,0.5,0.0025,3.03355,0.15137
89,1000,1,0.01,0.3,0.5,0.0025,3.03385,0.16061
90,1000,1,0.01,0.3,0.5,0.0025,3.03579,0.17835
91,1000,1,0.01,0.3,0.5,0.0025,3.03465,0.20497
92,1000,1,0.01,0.3,0.5,0.0025,3.03462,0.18486
93,1000,1,0.01,0.3,0.5,0.0025,3.0341,0.14887
94,1000,1,0.01,0.3,0.5,0.0025,3.03605,0.19872
95,1000,1,0.01,0.3,0.5,0.0025,3.03542,0.17871
96,1000,1,0.01,0.3,0.5,0.0025,3.03327,0.1428
97,1000,1,0.01,0.3,0.5,0.0025,3.03335,0.11574
98,1000,1,0.01,0.3,0.5,0.0025,3.03428,0.16412
99,1000,1,0.01,0.3,0.5,0.0025,3.03402,0.13778
0,1000,1,0.01,0.3,0.5,0.001,2.63362,0.28108
1,1000,1,0.01,0.3,0.5,0.001,2.62818,0.29079
2,1000,1,0.01,0.3,0.5,0.001,2.62167,0.24154
3,1000,1,0.01,0.3,0.5,0.001,2.63194,0.29404
4,1000,1,0.01,0.3,0.5,0.001,2.62492,0.29091
5,1000,1,0.01,0.3,0.5,0.001,2.63012,0.30857
6,1000,1,0.01,0.3,0.5,0.001,2.63334,0.35985
7,1000,1,0.01,0.3,0.5,0.001,2.62196,0.25766
8,1000,1,0.01,0.3,0.5,0.001,2.62969,0.26355
9,1000,1,0.01,0.3,0.5,0.001,2.62191,0.24032
10,1000,1,0.01,0.3,0.5,0.001,2.62813,0.27657
11,1000,1,0.01,0.3,0.5,0.001,2.6302,0.28597
12,1000,1,0.01,0.3,0.5,0.001,2.6305,0.26876
13,1000,1,0.01,0.3,0.5,0.001,2.62299,0.29009
14,1000,1,0.01,0.3,0.5,0.001,2.63179,0.28299
15,1000,1,0.01,0.3,0.5,0.001,2.6319,0.3339
16,1000,1,0.01,0.3,0.5,0.001,2.62534,0.29572
17,1000,1,0.01,0.3,0.5,0.001,2.62921,0.26645
18,1000,1,0.01,0.3,0.5,0.001,2.62692,0.2407
19,1000,1,0.01,0.3,0.5,0.001,2.63239,0.2731
20,1000,1,0.01,0.3,0.5,0.001,2.62498,0.2559
21,1000,1,0.01,0.3,0.5,0.001,2.62788,0.27663
22,1000,1,0.01,0.3,0.5,0.001,2.62391,0.27775
23,1000,1,0.01,0.3,0.5,0.001,2.63093,0.2583
24,1000,1,0.01,0.3,0.5,0.001,2.62768,0.27767
25,1000,1,0.01,0.3,0.5,0.001,2.62529,0.26963
26,1000,1,0.01,0.3,0.5,0.001,2.62689,0.2648
27,1000,1,0.01,0.3,0.5,0.001,2.61848,0.21351
28,1000,1,0.01,0.3,0.5,0.001,2.62706,0.26572
29,1000,1,0.01,0.3,0.5,0.001,2.62913,0.29854
30,1000,1,0.01,0.3,0.5,0.001,2.62605,0.30123
31,1000,1,0.01,0.3,0.5,0.001,2.62346,0.2294
32,1000,1,0.01,0.3,0.5,0.001,2.62878,0.27864
33,1000,1,0.01,0.3,0.5,0.001,2.62671,0.26961
34,1000,1,0.01,0.3,0.5,0.001,2.62802,0.27668
35,1000,1,0.01,0.3,0.5,0.001,2.62769,0.25021
36,1000,1,0.01,0.3,0.5,0.001,2.62555,0.2717
37,1000,1,0.01,0.3,0.5,0.001,2.62825,0.29125
38,1000,1,0.01,0.3,0.5,0.001,2.61909,0.22534
39,1000,1,0.01,0.3,0.5,0.001,2.62563,0.30379
40,1000,1,0.01,0.3,0.5,0.001,2.62404,0.22336
41,1000,1,0.01,0.3,0.5,0.001,2.62604,0.27599
42,1000,1,0.01,0.3,0.5,0.001,2.62872,0.28249
43,1000,1,0.01,0.3,0.5,0.001,2.62659,0.26852
44,1000,1,0.01,0.3,0.5,0.001,2.62819,0.25371
45,1000,1,0.01,0.3,0.5,0.001,2.62857,0.29883
46,1000,1,0.01,0.3,0.5,0.001,2.63041,0.25734
47,1000,1,0.01,0.3,0.5,0.001,2.63008,0.25733
48,1000,1,0.01,0.3,0.5,0.001,2.63546,0.27119
49,1000,1,0.01,0.3,0.5,0.001,2.62855,0.28837
50,1000,1,0.01,0.3,0.5,0.001,2.62178,0.24247
51,1000,1,0.01,0.3,0.5,0.001,2.62724,0.2415
52,1000,1,0.01,0.3,0.5,0.001,2.62975,0.33105
53,1000,1,0.01,0.3,0.5,0.001,2.62556,0.309
54,1000,1,0.01,0.3,0.5,0.001,2.62444,0.25907
55,1000,1,0.01,0.3,0.5,0.001,2.62628,0.27974
56,1000,1,0.01,0.3,0.5,0.001,2.63634,0.3475
57,1000,1,0.01,0.3,0.5,0.001,2.63419,0.3263
58,1000,1,0.01,0.3,0.5,0.001,2.62244,0.24213
59,1000,1,0.01,0.3,0.5,0.001,2.62581,0.26816
60,1000,1,0.01,0.3,0.5,0.001,2.626,0.25248
61,1000,1,0.01,0.3,0.5,0.001,2.6235,0.2154
62,1000,1,0.01,0.3,0.5,0.001,2.62009,0.24032
63,1000,1,0.01,0.3,0.5,0.001,2.62643,0.24014
64,1000,1,0.01,0.3,0.5,0.001,2.62381,0.24037
65,1000,1,0.01,0.3,0.5,0.001,2.62334,0.25061
66,1000,1,0.01,0.3,0.5,0.001,2.62876,0.26019
67,1000,1,0.01,0.3,0.5,0.001,2.62089,0.23884
68,1000,1,0.01,0.3,0.5,0.001,2.6176,0.23205
69,1000,1,0.01,0.3,0.5,0.001,2.62906,0.28163
70,1000,1,0.01,0.3,0.5,0.001,2.6319,0.28873
71,1000,1,0.01,0.3,0.5,0.001,2.63238,0.31159
72,1000,1,0.01,0.3,0.5,0.001,2.63006,0.28504
73,1000,1,0.01,0.3,0.5,0.001,2.62475,0.25564
74,1000,1,0.01,0.3,0.5,0.001,2.63162,0.30703
75,1000,1,0.01,0.3,0.5,0.001,2.63147,0.28161
76,1000,1,0.01,0.3,0.5,0.001,2.63041,0.25947
77,1000,1,0.01,0.3,0.5,0.001,2.62963,0.26648
78,1000,1,0.01,0.3,0.5,0.001,2.62192,0.25844
79,1000,1,0.01,0.3,0.5,0.001,2.6391,0.32545
80,1000,1,0.01,0.3,0.5,0.001,2.62469,0.26267
81,1000,1,0.01,0.3,0.5,0.001,2.62508,0.2981
82,1000,1,0.01,0.3,0.5,0.001,2.63237,0.26847
83,1000,1,0.01,0.3,0.5,0.001,2.62619,0.26825
84,1000,1,0.01,0.3,0.5,0.001,2.63224,0.29151
85,1000,1,0.01,0.3,0.5,0.001,2.61841,0.22125
86,1000,1,0.01,0.3,0.5,0.001,2.63026,0.30816
87,1000,1,0.01,0.3,0.5,0.001,2.62253,0.19409
88,1000,1,0.01,0.3,0.5,0.001,2.62348,0.27042
89,1000,1,0.01,0.3,0.5,0.001,2.62499,0.26846
90,1000,1,0.01,0.3,0.5,0.001,2.62626,0.26871
91,1000,1,0.01,0.3,0.5,0.001,2.62503,0.30765
92,1000,1,0.01,0.3,0.5,0.001,2.62554,0.30504
93,1000,1,0.01,0.3,0.5,0.001,2.62487,0.24999
94,1000,1,0.01,0.3,0.5,0.001,2.62985,0.33268
95,1000,1,0.01,0.3,0.5,0.001,2.6261,0.28981
96,1000,1,0.01,0.3,0.5,0.001,2.62423,0.25245
97,1000,1,0.01,0.3,0.5,0.001,2.62312,0.20878
98,1000,1,0.01,0.3,0.5,0.001,2.6243,0.27466
99,1000,1,0.01,0.3,0.5,0.001,2.6254,0.23758
0,1178,1,0.01,0.3,0.5,0.01,3.41698,0.06075
1,1178,1,0.01,0.3,0.5,0.01,3.41716,0.07179
2,1178,1,0.01,0.3,0.5,0.01,3.41668,0.04873
3,1178,1,0.01,0.3,0.5,0.01,3.41713,0.06272
4,1178,1,0.01,0.3,0.5,0.01,3.41671,0.05432
5,1178,1,0.01,0.3,0.5,0.01,3.41698,0.0632
6,1178,1,0.01,0.3,0.5,0.01,3.41716,0.06668
7,1178,1,0.01,0.3,0.5,0.01,3.41681,0.05229
8,1178,1,0.01,0.3,0.5,0.01,3.41688,0.0585
9,1178,1,0.01,0.3,0.5,0.01,3.41737,0.07596
10,1178,1,0.01,0.3,0.5,0.01,3.41721,0.07671
11,1178,1,0.01,0.3,0.5,0.01,3.41726,0.08027
12,1178,1,0.01,0.3,0.5,0.01,3.41789,0.1069
13,1178,1,0.01,0.3,0.5,0.01,3.41769,0.08425
14,1178,1,0.01,0.3,0.5,0.01,3.41691,0.06591
15,1178,1,0.01,0.3,0.5,0.01,3.41721,0.08003
16,1178,1,0.01,0.3,0.5,0.01,3.41725,0.07432
17,1178,1,0.01,0.3,0.5,0.01,3.41692,0.05588
18,1178,1,0.01,0.3,0.5,0.01,3.41767,0.08178
19,1178,1,0.01,0.3,0.5,0.01,3.41746,0.08072
20,1178,1,0.01,0.3,0.5,0.01,3.41677,0.05865
21,1178,1,0.01,0.3,0.5,0.01,3.4175,0.08542
22,1178,1,0.01,0.3,0.5,0.01,3.41647,0.05585
23,1178,1,0.01,0.3,0.5,0.01,3.4182,0.11073
24,1178,1,0.01,0.3,0.5,0.01,3.41723,0.07187
25,1178,1,0.01,0.3,0.5,0.01,3.41729,0.06778
26,1178,1,0.01,0.3,0.5,0.01,3.41741,0.08088
27,1178,1,0.01,0.3,0.5,0.01,3.41666,0.04872
28,1178,1,0.01,0.3,0.5,0.01,3.41807,0.09555
29,1178,1,0.01,0.3,0.5,0.01,3.41681,0.05607
30,1178,1,0.01,0.3,0.5,0.01,3.41684,0.06224
31,1178,1,0.01,0.3,0.5,0.01,3.41682,0.06549
32,1178,1,0.01,0.3,0.5,0.01,3.41684,0.07708
33,1178,1,0.01,0.3,0.5,0.01,3.41714,0.0739
34,1178,1,0.01,0.3,0.5,0.01,3.41696,0.06446
35,1178,1,0.01,0.3,0.5,0.01,3.41695,0.05749
36,1178,1,0.01,0.3,0.5,0.01,3.41733,0.07627
37,1178,1,0.01,0.3,0.5,0.01,3.41721,0.07903
38,1178,1,0.01,0.3,0.5,0.01,3.41653,0.03633
39,1178,1,0.01,0.3,0.5,0.01,3.417,0.06921
40,1178,1,0.01,0.3,0.5,0.01,3.41682,0.05327
41,1178,1,0.01,0.3,0.5,0.01,3.41706,0.06653
42,1178,1,0.01,0.3,0.5,0.01,3.41772,0.07846
43,1178,1,0.01,0.3,0.5,0.01,3.41679,0.05807
44,1178,1,0.01,0.3,0.5,0.01,3.41738,0.09339
45,1178,1,0.01,0.3,0.5,0.01,3.41701,0.07065
46,1178,1,0.01,0.3,0.5,0.01,3.41752,0.07682
47,1178,1,0.01,0.3,0.5,0.01,3.41752,0.08134
48,1178,1,0.01,0.3,0.5,0.01,3.41697,0.06362
49,1178,1,0.01,0.3,0.5,0.01,3.41696,0.07105
50,1178,1,0.01,0.3,0.5,0.01,3.41793,0.09111
51,1178,1,0.01,0.3,0.5,0.01,3.41683,0.06258
52,1178,1,0.01,0.3,0.5,0.01,3.41693,0.06057
53,1178,1,0.01,0.3,0.5,0.01,3.4175,0.08187
54,1178,1,0.01,0.3,0.5,0.01,3.41676,0.06945
55,1178,1,0.01,0.3,0.5,0.01,3.41683,0.06832
56,1178,1,0.01,0.3,0.5,0.01,3.41743,0.06923
57,1178,1,0.01,0.3,0.5,0.01,3.41691,0.06062
58,1178,1,0.01,0.3,0.5,0.01,3.41739,0.06862
59,1178,1,0.01,0.3,0.5,0.01,3.41713,0.08818
60,1178,1,0.01,0.3,0.5,0.01,3.41689,0.06033
61,1178,1,0.01,0.3,0.5,0.01,3.41671,0.05976
62,1178,1,0.01,0.3,0.5,0.01,3.41655,0.05133
63,1178,1,0.01,0.3,0.5,0.01,3.41679,0.05614
64,1178,1,0.01,0.3,0.5,0.01,3.41654,0.0462
65,1178,1,0.01,0.3,0.5,0.01,3.41762,0.07724
66,1178,1,0.01,0.3,0.5,0.01,3.41702,0.07107
67,1178,1,0.01,0.3,0.5,0.01,3.41696,0.07255
68,1178,1,0.01,0.3,0.5,0.01,3.41721,0.05327
69,1178,1,0.01,0.3,0.5,0.01,3.41766,0.09684
70,1178,1,0.01,0.3,0.5,0.01,3.41668,0.04284
71,1178,1,0.01,0.3,0.5,0.01,3.4178,0.08543
72,1178,1,0.01,0.3,0.5,0.01,3.41702,0.07101
73,1178,1,0.01,0.3,0.5,0.01,3.41654,0.05327
74,1178,1,0.01,0.3,0.5,0.01,3.4168,0.05493
75,1178,1,0.01,0.3,0.5,0.01,3.41707,0.06394
76,1178,1,0.01,0.3,0.5,0.01,3.4168,0.06267
77,1178,1,0.01,0.3,0.5,0.01,3.417,0.06273
78,1178,1,0.01,0.3,0.5,0.01,3.41683,0.06203
79,1178,1,0.01,0.3,0.5,0.01,3.41701,0.06951
80,1178,1,0.01,0.3,0.5,0.01,3.41715,0.06816
81,1178,1,0.01,0.3,0.5,0.01,3.41717,0.07852
82,1178,1,0.01,0.3,0.5,0.01,3.41764,0.08845
83,1178,1,0.01,0.3,0.5,0.01,3.41808,0.10605
84,1178,1,0.01,0.3,0.5,0.01,3.41676,0.04979
85,1178,1,0.01,0.3,0.5,0.01,3.41696,0.07776
86,1178,1,0.01,0.3,0.5,0.01,3.41724,0.08338
87,1178,1,0.01,0.3,0.5,0.01,3.41685,0.06702
88,1178,1,0.01,0.3,0.5,0.01,3.41682,0.06822
89,1178,1,0.01,0.3,0.5,0.01,3.41738,0.08529
90,1178,1,0.01,0.3,0.5,0.01,3.41727,0.08281
91,1178,1,0.01,0.3,0.5,0.01,3.41709,0.0933
92,1178,1,0.01,0.3,0.5,0.01,3.41701,0.05945
93,1178,1,0.01,0.3,0.5,0.01,3.41701,0.06306
94,1178,1,0.01,0.3,0.5,0.01,3.41707,0.07893
95,1178,1,0.01,0.3,0.5,0.01,3.41681,0.05937
96,1178,1,0.01,0.3,0.5,0.01,3.41722,0.06628
97,1178,1,0.01,0.3,0.5,0.01,3.41664,0.04921
98,1178,1,0.01,0.3,0.5,0.01,3.41717,0.0735
99,1178,1,0.01,0.3,0.5,0.01,3.41714,0.06087
0,1178,1,0.01,0.3,0.5,0.0025,3.03614,0.13428
1,1178,1,0.01,0.3,0.5,0.0025,3.03607,0.14178
2,1178,1,0.01,0.3,0.5,0.0025,3.03603,0.1169
3,1178,1,0.01,0.3,0.5,0.0025,3.03667,0.13498
4,1178,1,0.01,0.3,0.5,0.0025,3.0363,0.12215
5,1178,1,0.01,0.3,0.5,0.0025,3.03581,0.13052
6,1178,1,0.01,0.3,0.5,0.0025,3.03675,0.14437
7,1178,1,0.01,0.3,0.5,0.0025,3.03595,0.13598
8,1178,1,0.01,0.3,0.5,0.0025,3.03534,0.13861
9,1178,1,0.01,0.3,0.5,0.0025,3.03723,0.15602
10,1178,1,0.01,0.3,0.5,0.0025,3.03786,0.15347
11,1178,1,0.01,0.3,0.5,0.0025,3.03799,0.18044
12,1178,1,0.01,0.3,0.5,0.0025,3.03974,0.19078
13,1178,1,0.01,0.3,0.5,0.0025,3.03951,0.16594
14,1178,1,0.01,0.3,0.5,0.0025,3.03771,0.15281
15,1178,1,0.01,0.3,0.5,0.0025,3.03695,0.17125
16,1178,1,0.01,0.3,0.5,0.0025,3.03697,0.13868
17,1178,1,0.01,0.3,0.5,0.0025,3.03522,0.13016
18,1178,1,0.01,0.3,0.5,0.0025,3.03737,0.1679
19,1178,1,0.01,0.3,0.5,0.0025,3.0377,0.17029
20,1178,1,0.01,0.3,0.5,0.0025,3.03518,0.12169
21,1178,1,0.01,0.3,0.5,0.0025,3.03762,0.17775
22,1178,1,0.01,0.3,0.5,0.0025,3.03509,0.13269
23,1178,1,0.01,0.3,0.5,0.0025,3.03945,0.22158
24,1178,1,0.01,0.3,0.5,0.0025,3.0371,0.14459
25,1178,1,0.01,0.3,0.5,0.0025,3.03716,0.15062
26,1178,1,0.01,0.3,0.5,0.0025,3.03746,0.17447
27,1178,1,0.01,0.3,0.5,0.0025,3.03747,0.16718
28,1178,1,0.01,0.3,0.5,0.0025,3.0392,0.18747
29,1178,1,0.01,0.3,0.5,0.0025,3.03539,0.12425
30,1178,1,0.01,0.3,0.5,0.0025,3.03552,0.12788
31,1178,1,0.01,0.3,0.5,0.0025,3.03555,0.13044
32,1178,1,0.01,0.3,0.5,0.0025,3.03593,0.17196
33,1178,1,0.01,0.3,0.5,0.0025,3.03717,0.1615
34,1178,1,0.01,0.3,0.5,0.0025,3.0356,0.14577
35,1178,1,0.01,0.3,0.5,0.0025,3.03745,0.15699
36,1178,1,0.01,0.3,0.5,0.0025,3.03844,0.15611
37,1178,1,0.01,0.3,0.5,0.0025,3.03729,0.18078
38,1178,1,0.01,0.3,0.5,0.0025,3.03396,0.09359
39,1178,1,0.01,0.3,0.5,0.0025,3.03688,0.15152
40,1178,1,0.01,0.3,0.5,0.0025,3.03682,0.13894
41,1178,1,0.01,0.3,0.5,0.0025,3.03632,0.14779
42,1178,1,0.01,0.3,0.5,0.0025,3.03893,0.16361
43,1178,1,0.01,0.3,0.5,0.0025,3.03673,0.15441
44,1178,1,0.01,0.3,0.5,0.0025,3.03752,0.20009
45,1178,1,0.01,0.3,0.5,0.0025,3.03629,0.14108
46,1178,1,0.01,0.3,0.5,0.0025,3.03647,0.15612
47,1178,1,0.01,0.3,0.5,0.0025,3.03761,0.16269
48,1178,1,0.01,0.3,0.5,0.0025,3.03633,0.14994
49,1178,1,0.01,0.3,0.5,0.0025,3.0364,0.15846
50,1178,1,0.01,0.3,0.5,0.0025,3.03956,0.176
51,1178,1,0.01,0.3,0.5,0.0025,3.03548,0.1294
52,1178,1,0.01,0.3,0.5,0.0025,3.03674,0.15999
53,1178,1,0.01,0.3,0.5,0.0025,3.03742,0.15926
54,1178,1,0.01,0.3,0.5,0.0025,3.03639,0.17917
55,1178,1,0.01,0.3,0.5,0.0025,3.03713,0.15705
56,1178,1,0.01,0.3,0.5,0.0025,3.03699,0.14942
57,1178,1,0.01,0.3,0.5,0.0025,3.03693,0.14346
58,1178,1,0.01,0.3,0.5,0.0025,3.03662,0.14871
59,1178,1,0.01,0.3,0.5,0.0025,3.03715,0.1783
60,1178,1,0.01,0.3,0.5,0.0025,3.03667,0.14794
61,1178,1,0.01,0.3,0.5,0.0025,3.03673,0.13413
62,1178,1,0.01,0.3,0.5,0.0025,3.03656,0.12804
63,1178,1,0.01,0.3,0.5,0.0025,3.03502,0.12527
64,1178,1,0.01,0.3,0.5,0.0025,3.03533,0.13242
65,1178,1,0.01,0.3,0.5,0.0025,3.03868,0.15857
66,1178,1,0.01,0.3,0.5,0.0025,3.03651,0.1503
67,1178,1,0.01,0.3,0.5,0.0025,3.03604,0.14533
68,1178,1,0.01,0.3,0.5,0.0025,3.03658,0.12102
69,1178,1,0.01,0.3,0.5,0.0025,3.03697,0.18405
70,1178,1,0.01,0.3,0.5,0.0025,3.03571,0.11237
71,1178,1,0.01,0.3,0.5,0.0025,3.03806,0.16182
72,1178,1,0.01,0.3,0.5,0.0025,3.03553,0.14443
73,1178,1,0.01,0.3,0.5,0.0025,3.03474,0.11349
74,1178,1,0.01,0.3,0.5,0.0025,3.03546,0.12107
75,1178,1,0.01,0.3,0.5,0.0025,3.03531,0.1277
76,1178,1,0.01,0.3,0.5,0.0025,3.03565,0.14258
77,1178,1,0.01,0.3,0.5,0.0025,3.03773,0.158
78,1178,1,0.01,0.3,0.5,0.0025,3.03597,0.13465
79,1178,1,0.01,0.3,0.5,0.0025,3.03702,0.15515
80,1178,1,0.01,0.3,0.5,0.0025,3.0373,0.15535
81,1178,1,0.01,0.3,0.5,0.0025,3.03855,0.17802
82,1178,1,0.01,0.3,0.5,0.0025,3.03762,0.16662
83,1178,1,0.01,0.3,0.5,0.0025,3.03925,0.19367
84,1178,1,0.01,0.3,0.5,0.0025,3.03457,0.12533
85,1178,1,0.01,0.3,0.5,0.0025,3.03578,0.14815
86,1178,1,0.01,0.3,0.5,0.0025,3.03832,0.17519
87,1178,1,0.01,0.3,0.5,0.0025,3.03449,0.13003
88,1178,1,0.01,0.3,0.5,0.0025,3.03615,0.14421
89,1178,1,0.01,0.3,0.5,0.0025,3.03744,0.16431
90,1178,1,0.01,0.3,0.5,0.0025,3.03856,0.16821
91,1178,1,0.01,0.3,0.5,0.0025,3.03711,0.17003
92,1178,1,0.01,0.3,0.5,0.0025,3.03617,0.13573
93,1178,1,0.01,0.3,0.5,0.0025,3.03701,0.13517
94,1178,1,0.01,0.3,0.5,0.0025,3.03738,0.16574
95,1178,1,0.01,0.3,0.5,0.0025,3.03592,0.14247
96,1178,1,0.01,0.3,0.5,0.0025,3.03707,0.13898
97,1178,1,0.01,0.3,0.5,0.0025,3.0364,0.14138
98,1178,1,0.01,0.3,0.5,0.0025,3.03653,0.15778
99,1178,1,0.01,0.3,0.5,0.0025,3.03724,0.13944
0,1178,1,0.01,0.3,0.5,0.001,2.62498,0.22453
1,1178,1,0.01,0.3,0.5,0.001,2.62343,0.24416
2,1178,1,0.01,0.3,0.5,0.001,2.626,0.20985
3,1178,1,0.01,0.3,0.5,0.001,2.62705,0.22522
4,1178,1,0.01,0.3,0.5,0.001,2.6267,0.21512
5,1178,1,0.01,0.3,0.5,0.001,2.62496,0.23491
6,1178,1,0.01,0.3,0.5,0.001,2.62749,0.25637
7,1178,1,0.01,0.3,0.5,0.001,2.62465,0.24136
8,1178,1,0.01,0.3,0.5,0.001,2.62234,0.21687
9,1178,1,0.01,0.3,0.5,0.001,2.62828,0.25064
10,1178,1,0.01,0.3,0.5,0.001,2.62881,0.24289
11,1178,1,0.01,0.3,0.5,0.001,2.63188,0.29364
12,1178,1,0.01,0.3,0.5,0.001,2.6353,0.28721
13,1178,1,0.01,0.3,0.5,0.001,2.63474,0.25154
14,1178,1,0.01,0.3,0.5,0.001,2.63017,0.25279
15,1178,1,0.01,0.3,0.5,0.001,2.62568,0.27198
16,1178,1,0.01,0.3,0.5,0.001,2.62738,0.22298
17,1178,1,0.01,0.3,0.5,0.001,2.62329,0.22947
18,1178,1,0.01,0.3,0.5,0.001,2.62807,0.28378
19,1178,1,0.01,0.3,0.5,0.001,2.63097,0.27551
20,1178,1,0.01,0.3,0.5,0.001,2.62311,0.2113
21,1178,1,0.01,0.3,0.5,0.001,2.62917,0.28295
22,1178,1,0.01,0.3,0.5,0.001,2.62222,0.22775
23,1178,1,0.01,0.3,0.5,0.001,2.63157,0.32319
24,1178,1,0.01,0.3,0.5,0.001,2.62598,0.22753
25,1178,1,0.01,0.3,0.5,0.001,2.62814,0.24587
26,1178,1,0.01,0.3,0.5,0.001,2.62858,0.28893
27,1178,1,0.01,0.3,0.5,0.001,2.63358,0.31569
28,1178,1,0.01,0.3,0.5,0.001,2.63207,0.28622
29,1178,1,0.01,0.3,0.5,0.001,2.62348,0.22613
30,1178,1,0.01,0.3,0.5,0.001,2.62498,0.22702
31,1178,1,0.01,0.3,0.5,0.001,2.62294,0.21424
32,1178,1,0.01,0.3,0.5,0.001,2.62638,0.28635
33,1178,1,0.01,0.3,0.5,0.001,2.62773,0.26157
34,1178,1,0.01,0.3,0.5,0.001,2.62422,0.2499
35,1178,1,0.01,0.3,0.5,0.001,2.6315,0.27614
36,1178,1,0.01,0.3,0.5,0.001,2.63267,0.26082
37,1178,1,0.01,0.3,0.5,0.001,2.62998,0.30196
38,1178,1,0.01,0.3,0.5,0.001,2.61948,0.19225
39,1178,1,0.01,0.3,0.5,0.001,2.62654,0.24616
40,1178,1,0.01,0.3,0.5,0.001,2.62914,0.23646
41,1178,1,0.01,0.3,0.5,0.001,2.62796,0.26729
42,1178,1,0.01,0.3,0.5,0.001,2.63473,0.26984
43,1178,1,0.01,0.3,0.5,0.001,2.62691,0.27623
44,1178,1,0.01,0.3,0.5,0.001,2.63248,0.34092
45,1178,1,0.01,0.3,0.5,0.001,2.62384,0.22811
46,1178,1,0.01,0.3,0.5,0.001,2.62424,0.24674
47,1178,1,0.01,0.3,0.5,0.001,2.62907,0.26105
48,1178,1,0.01,0.3,0.5,0.001,2.626,0.26289
49,1178,1,0.01,0.3,0.5,0.001,2.62749,0.26537
50,1178,1,0.01,0.3,0.5,0.001,2.63416,0.26847
51,1178,1,0.01,0.3,0.5,0.001,2.62309,0.21613
52,1178,1,0.01,0.3,0.5,0.001,2.63053,0.27669
53,1178,1,0.01,0.3,0.5,0.001,2.62959,0.27303
54,1178,1,0.01,0.3,0.5,0.001,2.62701,0.29813
55,1178,1,0.01,0.3,0.5,0.001,2.62597,0.25496
56,1178,1,0.01,0.3,0.5,0.001,2.62822,0.25296
57,1178,1,0.01,0.3,0.5,0.001,2.6283,0.24753
58,1178,1,0.01,0.3,0.5,0.001,2.62665,0.24686
59,1178,1,0.01,0.3,0.5,0.001,2.62778,0.29042
60,1178,1,0.01,0.3,0.5,0.001,2.62964,0.2508
61,1178,1,0.01,0.3,0.5,0.001,2.62861,0.24926
62,1178,1,0.01,0.3,0.5,0.001,2.62935,0.24557
63,1178,1,0.01,0.3,0.5,0.001,2.62369,0.23114
64,1178,1,0.01,0.3,0.5,0.001,2.62711,0.24225
65,1178,1,0.01,0.3,0.5,0.001,2.63199,0.25375
66,1178,1,0.01,0.3,0.5,0.001,2.62573,0.23725
67,1178,1,0.01,0.3,0.5,0.001,2.62455,0.24563
68,1178,1,0.01,0.3,0.5,0.001,2.62717,0.2113
69,1178,1,0.01,0.3,0.5,0.001,2.62628,0.28004
70,1178,1,0.01,0.3,0.5,0.001,2.62657,0.22162
71,1178,1,0.01,0.3,0.5,0.001,2.62884,0.2453
72,1178,1,0.01,0.3,0.5,0.001,2.62481,0.23786
73,1178,1,0.01,0.3,0.5,0.001,2.62206,0.19974
74,1178,1,0.01,0.3,0.5,0.001,2.62244,0.21161
75,1178,1,0.01,0.3,0.5,0.001,2.62216,0.20553
76,1178,1,0.01,0.3,0.5,0.001,2.62557,0.24278
77,1178,1,0.01,0.3,0.5,0.001,2.63035,0.26786
78,1178,1,0.01,0.3,0.5,0.001,2.626,0.23846
79,1178,1,0.01,0.3,0.5,0.001,2.62959,0.26617
80,1178,1,0.01,0.3,0.5,0.001,2.6285,0.27207
81,1178,1,0.01,0.3,0.5,0.001,2.63204,0.28295
82,1178,1,0.01,0.3,0.5,0.001,2.62988,0.26733
83,1178,1,0.01,0.3,0.5,0.001,2.63132,0.28756
84,1178,1,0.01,0.3,0.5,0.001,2.62066,0.22436
85,1178,1,0.01,0.3,0.5,0.001,2.62464,0.23223
86,1178,1,0.01,0.3,0.5,0.001,2.63089,0.27571
87,1178,1,0.01,0.3,0.5,0.001,2.62022,0.21733
88,1178,1,0.01,0.3,0.5,0.001,2.625,0.24372
89,1178,1,0.01,0.3,0.5,0.001,2.62752,0.25607
90,1178,1,0.01,0.3,0.5,0.001,2.63064,0.26466
91,1178,1,0.01,0.3,0.5,0.001,2.62802,0.2708
92,1178,1,0.01,0.3,0.5,0.001,2.62666,0.22767
93,1178,1,0.01,0.3,0.5,0.001,2.62822,0.23025
94,1178,1,0.01,0.3,0.5,0.001,2.6273,0.25433
95,1178,1,0.01,0.3,0.5,0.001,2.6245,0.24211
96,1178,1,0.01,0.3,0.5,0.001,2.62936,0.22927
97,1178,1,0.01,0.3,0.5,0.001,2.628,0.23766
98,1178,1,0.01,0.3,0.5,0.001,2.62547,0.26965
99,1178,1,0.01,0.3,0.5,0.001,2.62881,0.22979
0,1389,1,0.01,0.3,0.5,0.01,3.41478,0.06277
1,1389,1,0.01,0.3,0.5,0.01,3.41436,0.0577
2,1389,1,0.01,0.3,0.5,0.01,3.41469,0.07864
3,1389,1,0.01,0.3,0.5,0.01,3.4149,0.07878
4,1389,1,0.01,0.3,0.5,0.01,3.4143,0.05522
5,1389,1,0.01,0.3,0.5,0.01,3.41447,0.05692
6,1389,1,0.01,0.3,0.5,0.01,3.41447,0.05881
7,1389,1,0.01,0.3,0.5,0.01,3.41452,0.06743
8,1389,1,0.01,0.3,0.5,0.01,3.41443,0.0475
9,1389,1,0.01,0.3,0.5,0.01,3.41416,0.04696
10,1389,1,0.01,0.3,0.5,0.01,3.41443,0.05873
11,1389,1,0.01,0.3,0.5,0.01,3.41443,0.04788
12,1389,1,0.01,0.3,0.5,0.01,3.41466,0.05956
13,1389,1,0.01,0.3,0.5,0.01,3.41475,0.07315
14,1389,1,0.01,0.3,0.5,0.01,3.41497,0.07199
15,1389,1,0.01,0.3,0.5,0.01,3.41422,0.05785
16,1389,1,0.01,0.3,0.5,0.01,3.41473,0.08054
17,1389,1,0.01,0.3,0.5,0.01,3.41452,0.05701
18,1389,1,0.01,0.3,0.5,0.01,3.4139,0.04158
19,1389,1,0.01,0.3,0.5,0.01,3.41411,0.05016
20,1389,1,0.01,0.3,0.5,0.01,3.41448,0.06844
21,1389,1,0.01,0.3,0.5,0.01,3.41492,0.07406
22,1389,1,0.01,0.3,0.5,0.01,3.41452,0.06372
23,1389,1,0.01,0.3,0.5,0.01,3.41425,0.0573
24,1389,1,0.01,0.3,0.5,0.01,3.41485,0.07906
25,1389,1,0.01,0.3,0.5,0.01,3.41485,0.0785
26,1389,1,0.01,0.3,0.5,0.01,3.41445,0.04681
27,1389,1,0.01,0.3,0.5,0.01,3.41453,0.05994
28,1389,1,0.01,0.3,0.5,0.01,3.41455,0.06881
29,1389,1,0.01,0.3,0.5,0.01,3.4145,0.06246
30,1389,1,0.01,0.3,0.5,0.01,3.41476,0.0722
31,1389,1,0.01,0.3,0.5,0.01,3.41434,0.05056
32,1389,1,0.01,0.3,0.5,0.01,3.41464,0.06841
33,1389,1,0.01,0.3,0.5,0.01,3.41415,0.04733
34,1389,1,0.01,0.3,0.5,0.01,3.41448,0.05657
35,1389,1,0.01,0.3,0.5,0.01,3.41475,0.08662
36,1389,1,0.01,0.3,0.5,0.01,3.41467,0.07239
37,1389,1,0.01,0.3,0.5,0.01,3.41447,0.07747
38,1389,1,0.01,0.3,0.5,0.01,3.41444,0.06237
39,1389,1,0.01,0.3,0.5,0.01,3.41454,0.06794
40,1389,1,0.01,0.3,0.5,0.01,3.41449,0.06892
41,1389,1,0.01,0.3,0.5,0.01,3.41459,0.05588
42,1389,1,0.01,0.3,0.5,0.01,3.41496,0.08189
43,1389,1,0.01,0.3,0.5,0.01,3.41463,0.07063
44,1389,1,0.01,0.3,0.5,0.01,3.41476,0.06427
45,1389,1,0.01,0.3,0.5,0.01,3.41489,0.08624
46,1389,1,0.01,0.3,0.5,0.01,3.41451,0.07764
47,1389,1,0.01,0.3,0.5,0.01,3.4142,0.0498
48,1389,1,0.01,0.3,0.5,0.01,3.41456,0.06472
49,1389,1,0.01,0.3,0.5,0.01,3.41479,0.05419
50,1389,1,0.01,0.3,0.5,0.01,3.41503,0.08171
51,1389,1,0.01,0.3,0.5,0.01,3.41419,0.056
52,1389,1,0.01,0.3,0.5,0.01,3.41426,0.05029
53,1389,1,0.01,0.3,0.5,0.01,3.41495,0.08586
54,1389,1,0.01,0.3,0.5,0.01,3.41436,0.05216
55,1389,1,0.01,0.3,0.5,0.01,3.41461,0.06906
56,1389,1,0.01,0.3,0.5,0.01,3.41434,0.04845
57,1389,1,0.01,0.3,0.5,0.01,3.41437,0.0632
58,1389,1,0.01,0.3,0.5,0.01,3.41423,0.05379
59,1389,1,0.01,0.3,0.5,0.01,3.41458,0.07084
60,1389,1,0.01,0.3,0.5,0.01,3.41432,0.04675
61,1389,1,0.01,0.3,0.5,0.01,3.41473,0.07294
62,1389,1,0.01,0.3,0.5,0.01,3.41441,0.05073
63,1389,1,0.01,0.3,0.5,0.01,3.41423,0.06445
64,1389,1,0.01,0.3,0.5,0.01,3.41468,0.06975
65,1389,1,0.01,0.3,0.5,0.01,3.41436,0.07087
66,1389,1,0.01,0.3,0.5,0.01,3.4145,0.05695
67,1389,1,0.01,0.3,0.5,0.01,3.41513,0.08057
68,1389,1,0.01,0.3,0.5,0.01,3.41451,0.0608
69,1389,1,0.01,0.3,0.5,0.01,3.41529,0.09749
70,1389,1,0.01,0.3,0.5,0.01,3.41421,0.04949
71,1389,1,0.01,0.3,0.5,0.01,3.41424,0.0616
72,1389,1,0.01,0.3,0.5,0.01,3.41476,0.06482
73,1389,1,0.01,0.3,0.5,0.01,3.41444,0.0608
74,1389,1,0.01,0.3,0.5,0.01,3.41479,0.0822
75,1389,1,0.01,0.3,0.5,0.01,3.41453,0.05009
76,1389,1,0.01,0.3,0.5,0.01,3.41431,0.05866
77,1389,1,0.01,0.3,0.5,0.01,3.41447,0.05768
78,1389,1,0.01,0.3,0.5,0.01,3.41431,0.05599
79,1389,1,0.01,0.3,0.5,0.01,3.4145,0.06286
80,1389,1,0.01,0.3,0.5,0.01,3.41536,0.10629
81,1389,1,0.01,0.3,0.5,0.01,3.41471,0.06494
82,1389,1,0.01,0.3,0.5,0.01,3.41445,0.0576
83,1389,1,0.01,0.3,0.5,0.01,3.41442,0.05383
84,1389,1,0.01,0.3,0.5,0.01,3.4146,0.06604
85,1389,1,0.01,0.3,0.5,0.01,3.41509,0.08104
86,1389,1,0.01,0.3,0.5,0.01,3.41485,0.07617
87,1389,1,0.01,0.3,0.5,0.01,3.41433,0.06006
88,1389,1,0.01,0.3,0.5,0.01,3.41467,0.08017
89,1389,1,0.01,0.3,0.5,0.01,3.41451,0.07625
90,1389,1,0.01,0.3,0.5,0.01,3.41433,0.07178
91,1389,1,0.01,0.3,0.5,0.01,3.41422,0.06497
92,1389,1,0.01,0.3,0.5,0.01,3.41509,0.07775
93,1389,1,0.01,0.3,0.5,0.01,3.41516,0.08401
94,1389,1,0.01,0.3,0.5,0.01,3.41463,0.07127
95,1389,1,0.01,0.3,0.5,0.01,3.41425,0.06393
96,1389,1,0.01,0.3,0.5,0.01,3.41428,0.0545
97,1389,1,0.01,0.3,0.5,0.01,3.41447,0.08225
98,1389,1,0.01,0.3,0.5,0.01,3.41438,0.05298
99,1389,1,0.01,0.3,0.5,0.01,3.41449,0.06665
0,1389,1,0.01,0.3,0.5,0.0025,3.0347,0.1427
1,1389,1,0.01,0.3,0.5,0.0025,3.03354,0.12178
2,1389,1,0.01,0.3,0.5,0.0025,3.03442,0.15974
3,1389,1,0.01,0.3,0.5,0.0025,3.03476,0.15851
4,1389,1,0.01,0.3,0.5,0.0025,3.03326,0.12538
5,1389,1,0.01,0.3,0.5,0.0025,3.03517,0.1334
6,1389,1,0.01,0.3,0.5,0.0025,3.03444,0.12812
7,1389,1,0.01,0.3,0.5,0.0025,3.03546,0.15341
8,1389,1,0.01,0.3,0.5,0.0025,3.03295,0.12299
9,1389,1,0.01,0.3,0.5,0.0025,3.03218,0.12185
10,1389,1,0.01,0.3,0.5,0.0025,3.03489,0.13522
11,1389,1,0.01,0.3,0.5,0.0025,3.03447,0.14299
12,1389,1,0.01,0.3,0.5,0.0025,3.03483,0.14289
13,1389,1,0.01,0.3,0.5,0.0025,3.03526,0.17181
14,1389,1,0.01,0.3,0.5,0.0025,3.03484,0.14255
15,1389,1,0.01,0.3,0.5,0.0025,3.03273,0.13375
16,1389,1,0.01,0.3,0.5,0.0025,3.03422,0.15496
17,1389,1,0.01,0.3,0.5,0.0025,3.03374,0.1292
18,1389,1,0.01,0.3,0.5,0.0025,3.03282,0.11821
19,1389,1,0.01,0.3,0.5,0.0025,3.03331,0.11464
20,1389,1,0.01,0.3,0.5,0.0025,3.03363,0.14327
21,1389,1,0.01,0.3,0.5,0.0025,3.03659,0.16014
22,1389,1,0.01,0.3,0.5,0.0025,3.03361,0.13278
23,1389,1,0.01,0.3,0.5,0.0025,3.03362,0.12118
24,1389,1,0.01,0.3,0.5,0.0025,3.03555,0.15967
25,1389,1,0.01,0.3,0.5,0.0025,3.03518,0.15684
26,1389,1,0.01,0.3,0.5,0.0025,3.03368,0.11557
27,1389,1,0.01,0.3,0.5,0.0025,3.03397,0.12561
28,1389,1,0.01,0.3,0.5,0.0025,3.03313,0.13476
29,1389,1,0.01,0.3,0.5,0.0025,3.03285,0.12656
30,1389,1,0.01,0.3,0.5,0.0025,3.03428,0.13662
31,1389,1,0.01,0.3,0.5,0.0025,3.03399,0.11216
32,1389,1,0.01,0.3,0.5,0.0025,3.03583,0.159
33,1389,1,0.01,0.3,0.5,0.0025,3.03429,0.12066
34,1389,1,0.01,0.3,0.5,0.0025,3.03387,0.13014
35,1389,1,0.01,0.3,0.5,0.0025,3.03518,0.1781
36,1389,1,0.01,0.3,0.5,0.0025,3.03426,0.14654
37,1389,1,0.01,0.3,0.5,0.0025,3.03449,0.17202
38,1389,1,0.01,0.3,0.5,0.0025,3.03302,0.13142
39,1389,1,0.01,0.3,0.5,0.0025,3.03345,0.15584
40,1389,1,0.01,0.3,0.5,0.0025,3.03435,0.15513
41,1389,1,0.01,0.3,0.5,0.0025,3.03326,0.1229
42,1389,1,0.01,0.3,0.5,0.0025,3.03599,0.15267
43,1389,1,0.01,0.3,0.5,0.0025,3.03442,0.15606
44,1389,1,0.01,0.3,0.5,0.0025,3.03383,0.11901
45,1389,1,0.01,0.3,0.5,0.0025,3.03532,0.16437
46,1389,1,0.01,0.3,0.5,0.0025,3.03429,0.15192
47,1389,1,0.01,0.3,0.5,0.0025,3.03271,0.11406
48,1389,1,0.01,0.3,0.5,0.0025,3.03487,0.12742
49,1389,1,0.01,0.3,0.5,0.0025,3.03532,0.14061
50,1389,1,0.01,0.3,0.5,0.0025,3.03519,0.15579
51,1389,1,0.01,0.3,0.5,0.0025,3.03263,0.14363
52,1389,1,0.01,0.3,0.5,0.0025,3.03293,0.12202
53,1389,1,0.01,0.3,0.5,0.0025,3.03396,0.15799
54,1389,1,0.01,0.3,0.5,0.0025,3.03419,0.12218
55,1389,1,0.01,0.3,0.5,0.0025,3.03363,0.13236
56,1389,1,0.01,0.3,0.5,0.0025,3.03379,0.12976
57,1389,1,0.01,0.3,0.5,0.0025,3.03507,0.15089
58,1389,1,0.01,0.3,0.5,0.0025,3.03367,0.11661
59,1389,1,0.01,0.3,0.5,0.0025,3.03413,0.15435
60,1389,1,0.01,0.3,0.5,0.0025,3.03328,0.10593
61,1389,1,0.01,0.3,0.5,0.0025,3.03432,0.13324
62,1389,1,0.01,0.3,0.5,0.0025,3.03448,0.11684
63,1389,1,0.01,0.3,0.5,0.0025,3.03217,0.14648
64,1389,1,0.01,0.3,0.5,0.0025,3.03481,0.14519
65,1389,1,0.01,0.3,0.5,0.0025,3.03326,0.14538
66,1389,1,0.01,0.3,0.5,0.0025,3.03362,0.12294
67,1389,1,0.01,0.3,0.5,0.0025,3.03614,0.16229
68,1389,1,0.01,0.3,0.5,0.0025,3.03335,0.13154
69,1389,1,0.01,0.3,0.5,0.0025,3.0368,0.18155
70,1389,1,0.01,0.3,0.5,0.0025,3.03356,0.11359
71,1389,1,0.01,0.3,0.5,0.0025,3.03349,0.14107
72,1389,1,0.01,0.3,0.5,0.0025,3.03418,0.13081
73,1389,1,0.01,0.3,0.5,0.0025,3.03309,0.12979
74,1389,1,0.01,0.3,0.5,0.0025,3.03483,0.1669
75,1389,1,0.01,0.3,0.5,0.0025,3.03265,0.12978
76,1389,1,0.01,0.3,0.5,0.0025,3.03416,0.13964
77,1389,1,0.01,0.3,0.5,0.0025,3.03313,0.12378
78,1389,1,0.01,0.3,0.5,0.0025,3.03378,0.11724
79,1389,1,0.01,0.3,0.5,0.0025,3.03435,0.14537
80,1389,1,0.01,0.3,0.5,0.0025,3.03798,0.20561
81,1389,1,0.01,0.3,0.5,0.0025,3.03475,0.14189
82,1389,1,0.01,0.3,0.5,0.0025,3.03362,0.12622
83,1389,1,0.01,0.3,0.5,0.0025,3.03371,0.14798
84,1389,1,0.01,0.3,0.5,0.0025,3.03448,0.15125
85,1389,1,0.01,0.3,0.5,0.0025,3.03485,0.15915
86,1389,1,0.01,0.3,0.5,0.0025,3.03432,0.13928
87,1389,1,0.01,0.3,0.5,0.0025,3.03311,0.13563
88,1389,1,0.01,0.3,0.5,0.0025,3.03466,0.15841
89,1389,1,0.01,0.3,0.5,0.0025,3.03527,0.16604
90,1389,1,0.01,0.3,0.5,0.0025,3.03313,0.14412
91,1389,1,0.01,0.3,0.5,0.0025,3.03473,0.15424
92,1389,1,0.01,0.3,0.5,0.0025,3.03539,0.14578
93,1389,1,0.01,0.3,0.5,0.0025,3.03482,0.15761
94,1389,1,0.01,0.3,0.5,0.0025,3.03465,0.14761
95,1389,1,0.01,0.3,0.5,0.0025,3.03358,0.14217
96,1389,1,0.01,0.3,0.5,0.0025,3.03307,0.12313
97,1389,1,0.01,0.3,0.5,0.0025,3.03302,0.14963
98,1389,1,0.01,0.3,0.5,0.0025,3.03362,0.11817
99,1389,1,0.01,0.3,0.5,0.0025,3.03369,0.12974
0,1389,1,0.01,0.3,0.5,0.001,2.62689,0.24429
1,1389,1,0.01,0.3,0.5,0.001,2.62189,0.21199
2,1389,1,0.01,0.3,0.5,0.001,2.62443,0.25184
3,1389,1,0.01,0.3,0.5,0.001,2.62424,0.24458
4,1389,1,0.01,0.3,0.5,0.001,2.62115,0.21238
5,1389,1,0.01,0.3,0.5,0.001,2.62817,0.22802
6,1389,1,0.01,0.3,0.5,0.001,2.62522,0.21666
7,1389,1,0.01,0.3,0.5,0.001,2.62858,0.25428
8,1389,1,0.01,0.3,0.5,0.001,2.62123,0.21433
9,1389,1,0.01,0.3,0.5,0.001,2.61809,0.21172
10,1389,1,0.01,0.3,0.5,0.001,2.62387,0.21106
11,1389,1,0.01,0.3,0.5,0.001,2.62841,0.25307
12,1389,1,0.01,0.3,0.5,0.001,2.62836,0.25123
13,1389,1,0.01,0.3,0.5,0.001,2.62651,0.27142
14,1389,1,0.01,0.3,0.5,0.001,2.62612,0.2338
15,1389,1,0.01,0.3,0.5,0.001,2.62209,0.24048
16,1389,1,0.01,0.3,0.5,0.001,2.62247,0.24269
17,1389,1,0.01,0.3,0.5,0.001,2.62228,0.22032
18,1389,1,0.01,0.3,0.5,0.001,2.62062,0.21124
19,1389,1,0.01,0.3,0.5,0.001,2.62294,0.21239
20,1389,1,0.01,0.3,0.5,0.001,2.62478,0.23046
21,1389,1,0.01,0.3,0.5,0.001,2.63132,0.25834
22,1389,1,0.01,0.3,0.5,0.001,2.6214,0.20919
23,1389,1,0.01,0.3,0.5,0.001,2.62092,0.202
24,1389,1,0.01,0.3,0.5,0.001,2.62667,0.24748
25,1389,1,0.01,0.3,0.5,0.001,2.62625,0.25075
26,1389,1,0.01,0.3,0.5,0.001,2.62362,0.19453
27,1389,1,0.01,0.3,0.5,0.001,2.62341,0.21184
28,1389,1,0.01,0.3,0.5,0.001,2.62074,0.22456
29,1389,1,0.01,0.3,0.5,0.001,2.62105,0.21128
30,1389,1,0.01,0.3,0.5,0.001,2.62301,0.2154
31,1389,1,0.01,0.3,0.5,0.001,2.62298,0.20025
32,1389,1,0.01,0.3,0.5,0.001,2.62731,0.24997
33,1389,1,0.01,0.3,0.5,0.001,2.62504,0.20874
34,1389,1,0.01,0.3,0.5,0.001,2.62297,0.2184
35,1389,1,0.01,0.3,0.5,0.001,2.62556,0.28509
36,1389,1,0.01,0.3,0.5,0.001,2.62319,0.231
37,1389,1,0.01,0.3,0.5,0.001,2.6264,0.2728
38,1389,1,0.01,0.3,0.5,0.001,2.62054,0.21449
39,1389,1,0.01,0.3,0.5,0.001,2.62214,0.25433
40,1389,1,0.01,0.3,0.5,0.001,2.62544,0.26003
41,1389,1,0.01,0.3,0.5,0.001,2.62373,0.21463
42,1389,1,0.01,0.3,0.5,0.001,2.62756,0.23329
43,1389,1,0.01,0.3,0.5,0.001,2.62549,0.25956
44,1389,1,0.01,0.3,0.5,0.001,2.62366,0.20715
45,1389,1,0.01,0.3,0.5,0.001,2.62627,0.25572
46,1389,1,0.01,0.3,0.5,0.001,2.62386,0.24151
47,1389,1,0.01,0.3,0.5,0.001,2.6207,0.2015
48,1389,1,0.01,0.3,0.5,0.001,2.62397,0.19811
49,1389,1,0.01,0.3,0.5,0.001,2.62797,0.23643
50,1389,1,0.01,0.3,0.5,0.001,2.62414,0.23727
51,1389,1,0.01,0.3,0.5,0.001,2.61961,0.22963
52,1389,1,0.01,0.3,0.5,0.001,2.62126,0.21565
53,1389,1,0.01,0.3,0.5,0.001,2.6226,0.25095
54,1389,1,0.01,0.3,0.5,0.001,2.62448,0.21056
55,1389,1,0.01,0.3,0.5,0.001,2.62082,0.21382
56,1389,1,0.01,0.3,0.5,0.001,2.62547,0.23224
57,1389,1,0.01,0.3,0.5,0.001,2.62652,0.24624
58,1389,1,0.01,0.3,0.5,0.001,2.62209,0.19106
59,1389,1,0.01,0.3,0.5,0.001,2.62351,0.25342
60,1389,1,0.01,0.3,0.5,0.001,2.622,0.18517
61,1389,1,0.01,0.3,0.5,0.001,2.62328,0.20215
62,1389,1,0.01,0.3,0.5,0.001,2.62448,0.20148
63,1389,1,0.01,0.3,0.5,0.001,2.61855,0.24024
64,1389,1,0.01,0.3,0.5,0.001,2.62494,0.23382
65,1389,1,0.01,0.3,0.5,0.001,2.6222,0.23609
66,1389,1,0.01,0.3,0.5,0.001,2.62176,0.20796
67,1389,1,0.01,0.3,0.5,0.001,2.62949,0.25566
68,1389,1,0.01,0.3,0.5,0.001,2.62038,0.20999
69,1389,1,0.01,0.3,0.5,0.001,2.63004,0.27645
70,1389,1,0.01,0.3,0.5,0.001,2.62166,0.19603
71,1389,1,0.01,0.3,0.5,0.001,2.62158,0.23217
72,1389,1,0.01,0.3,0.5,0.001,2.6233,0.22283
73,1389,1,0.01,0.3,0.5,0.001,2.6207,0.22297
74,1389,1,0.01,0.3,0.5,0.001,2.62568,0.2522
75,1389,1,0.01,0.3,0.5,0.001,2.62142,0.23172
76,1389,1,0.01,0.3,0.5,0.001,2.62584,0.23351
77,1389,1,0.01,0.3,0.5,0.001,2.62326,0.21816
78,1389,1,0.01,0.3,0.5,0.001,2.62338,0.19915
79,1389,1,0.01,0.3,0.5,0.001,2.6233,0.23765
80,1389,1,0.01,0.3,0.5,0.001,2.63183,0.31426
81,1389,1,0.01,0.3,0.5,0.001,2.62695,0.23442
82,1389,1,0.01,0.3,0.5,0.001,2.62036,0.20079
83,1389,1,0.01,0.3,0.5,0.001,2.62192,0.24813
84,1389,1,0.01,0.3,0.5,0.001,2.62372,0.246
85,1389,1,0.01,0.3,0.5,0.001,2.62432,0.24734
86,1389,1,0.01,0.3,0.5,0.001,2.62145,0.22232
87,1389,1,0.01,0.3,0.5,0.001,2.62014,0.23526
88,1389,1,0.01,0.3,0.5,0.001,2.62478,0.24614
89,1389,1,0.01,0.3,0.5,0.001,2.62547,0.26229
90,1389,1,0.01,0.3,0.5,0.001,2.6216,0.23879
91,1389,1,0.01,0.3,0.5,0.001,2.62606,0.25061
92,1389,1,0.01,0.3,0.5,0.001,2.62489,0.22831
93,1389,1,0.01,0.3,0.5,0.001,2.62329,0.23942
94,1389,1,0.01,0.3,0.5,0.001,2.62508,0.23603
95,1389,1,0.01,0.3,0.5,0.001,2.62289,0.24936
96,1389,1,0.01,0.3,0.5,0.001,2.62089,0.2052
97,1389,1,0.01,0.3,0.5,0.001,2.62021,0.23549
98,1389,1,0.01,0.3,0.5,0.001,2.62278,0.20347
99,1389,1,0.01,0.3,0.5,0.001,2.62273,0.21587
0,1637,1,0.01,0.3,0.5,0.01,3.41497,0.06713
1,1637,1,0.01,0.3,0.5,0.01,3.415,0.05101
2,1637,1,0.01,0.3,0.5,0.01,3.41543,0.08622
3,1637,1,0.01,0.3,0.5,0.01,3.41547,0.08121
4,1637,1,0.01,0.3,0.5,0.01,3.41484,0.04577
5,1637,1,0.01,0.3,0.5,0.01,3.41464,0.05591
6,1637,1,0.01,0.3,0.5,0.01,3.41504,0.06232
7,1637,1,0.01,0.3,0.5,0.01,3.41529,0.06002
8,1637,1,0.01,0.3,0.5,0.01,3.41478,0.04199
9,1637,1,0.01,0.3,0.5,0.01,3.41476,0.04494
10,1637,1,0.01,0.3,0.5,0.01,3.41518,0.07808
11,1637,1,0.01,0.3,0.5,0.01,3.41461,0.04413
12,1637,1,0.01,0.3,0.5,0.01,3.41472,0.04906
13,1637,1,0.01,0.3,0.5,0.01,3.41518,0.06932
14,1637,1,0.01,0.3,0.5,0.01,3.41468,0.05282
15,1637,1,0.01,0.3,0.5,0.01,3.4153,0.06114
16,1637,1,0.01,0.3,0.5,0.01,3.41502,0.05336
17,1637,1,0.01,0.3,0.5,0.01,3.41498,0.07064
18,1637,1,0.01,0.3,0.5,0.01,3.41518,0.06034
19,1637,1,0.01,0.3,0.5,0.01,3.41473,0.05586
20,1637,1,0.01,0.3,0.5,0.01,3.41497,0.06396
21,1637,1,0.01,0.3,0.5,0.01,3.41451,0.04297
22,1637,1,0.01,0.3,0.5,0.01,3.41526,0.08096
23,1637,1,0.01,0.3,0.5,0.01,3.41507,0.06789
24,1637,1,0.01,0.3,0.5,0.01,3.41522,0.07553
25,1637,1,0.01,0.3,0.5,0.01,3.41515,0.06111
26,1637,1,0.01,0.3,0.5,0.01,3.41513,0.05067
27,1637,1,0.01,0.3,0.5,0.01,3.41496,0.05654
28,1637,1,0.01,0.3,0.5,0.01,3.41533,0.071
29,1637,1,0.01,0.3,0.5,0.01,3.4146,0.04727
30,1637,1,0.01,0.3,0.5,0.01,3.41657,0.12021
31,1637,1,0.01,0.3,0.5,0.01,3.41502,0.05602
32,1637,1,0.01,0.3,0.5,0.01,3.41489,0.07167
33,1637,1,0.01,0.3,0.5,0.01,3.4149,0.06176
34,1637,1,0.01,0.3,0.5,0.01,3.41512,0.05018
35,1637,1,0.01,0.3,0.5,0.01,3.415,0.06543
36,1637,1,0.01,0.3,0.5,0.01,3.4147,0.05059
37,1637,1,0.01,0.3,0.5,0.01,3.41484,0.04275
38,1637,1,0.01,0.3,0.5,0.01,3.41477,0.04678
39,1637,1,0.01,0.3,0.5,0.01,3.41509,0.07307
40,1637,1,0.01,0.3,0.5,0.01,3.41506,0.05983
41,1637,1,0.01,0.3,0.5,0.01,3.41546,0.07672
42,1637,1,0.01,0.3,0.5,0.01,3.41472,0.05252
43,1637,1,0.01,0.3,0.5,0.01,3.4146,0.05348
44,1637,1,0.01,0.3,0.5,0.01,3.41455,0.05773
45,1637,1,0.01,0.3,0.5,0.01,3.41482,0.05948
46,1637,1,0.01,0.3,0.5,0.01,3.41458,0.03766
47,1637,1,0.01,0.3,0.5,0.01,3.41513,0.06761
48,1637,1,0.01,0.3,0.5,0.01,3.41476,0.05197
49,1637,1,0.01,0.3,0.5,0.01,3.41476,0.06411
50,1637,1,0.01,0.3,0.5,0.01,3.41505,0.06252
51,1637,1,0.01,0.3,0.5,0.01,3.41475,0.04424
52,1637,1,0.01,0.3,0.5,0.01,3.41514,0.06768
53,1637,1,0.01,0.3,0.5,0.01,3.41495,0.06164
54,1637,1,0.01,0.3,0.5,0.01,3.41522,0.08138
55,1637,1,0.01,0.3,0.5,0.01,3.41516,0.0587
56,1637,1,0.01,0.3,0.5,0.01,3.41516,0.06932
57,1637,1,0.01,0.3,0.5,0.01,3.41544,0.07199
58,1637,1,0.01,0.3,0.5,0.01,3.415,0.05917
59,1637,1,0.01,0.3,0.5,0.01,3.41479,0.04278
60,1637,1,0.01,0.3,0.5,0.01,3.41489,0.06199
61,1637,1,0.01,0.3,0.5,0.01,3.41465,0.05778
62,1637,1,0.01,0.3,0.5,0.01,3.41519,0.07521
63,1637,1,0.01,0.3,0.5,0.01,3.41509,0.05848
64,1637,1,0.01,0.3,0.5,0.01,3.4149,0.06194
65,1637,1,0.01,0.3,0.5,0.01,3.41485,0.052
66,1637,1,0.01,0.3,0.5,0.01,3.41495,0.05768
67,1637,1,0.01,0.3,0.5,0.01,3.41494,0.05523
68,1637,1,0.01,0.3,0.5,0.01,3.41557,0.09376
69,1637,1,0.01,0.3,0.5,0.01,3.41522,0.06055
70,1637,1,0.01,0.3,0.5,0.01,3.4148,0.05465
71,1637,1,0.01,0.3,0.5,0.01,3.41493,0.05552
72,1637,1,0.01,0.3,0.5,0.01,3.41563,0.08609
73,1637,1,0.01,0.3,0.5,0.01,3.41539,0.07241
74,1637,1,0.01,0.3,0.5,0.01,3.41477,0.04136
75,1637,1,0.01,0.3,0.5,0.01,3.41482,0.05237
76,1637,1,0.01,0.3,0.5,0.01,3.41511,0.06255
77,1637,1,0.01,0.3,0.5,0.01,3.41521,0.07178
78,1637,1,0.01,0.3,0.5,0.01,3.41481,0.05866
79,1637,1,0.01,0.3,0.5,0.01,3.41507,0.04744
80,1637,1,0.01,0.3,0.5,0.01,3.41495,0.06447
81,1637,1,0.01,0.3,0.5,0.01,3.41541,0.06619
82,1637,1,0.01,0.3,0.5,0.01,3.41523,0.067
83,1637,1,0.01,0.3,0.5,0.01,3.41511,0.06362
84,1637,1,0.01,0.3,0.5,0.01,3.41484,0.03811
85,1637,1,0.01,0.3,0.5,0.01,3.4149,0.05492
86,1637,1,0.01,0.3,0.5,0.01,3.4151,0.06481
87,1637,1,0.01,0.3,0.5,0.01,3.41494,0.04601
88,1637,1,0.01,0.3,0.5,0.01,3.41526,0.06787
89,1637,1,0.01,0.3,0.5,0.01,3.41507,0.06204
90,1637,1,0.01,0.3,0.5,0.01,3.41487,0.04784
91,1637,1,0.01,0.3,0.5,0.01,3.41499,0.05989
92,1637,1,0.01,0.3,0.5,0.01,3.41504,0.07272
93,1637,1,0.01,0.3,0.5,0.01,3.41553,0.08676
94,1637,1,0.01,0.3,0.5,0.01,3.41492,0.04593
95,1637,1,0.01,0.3,0.5,0.01,3.41483,0.05347
96,1637,1,0.01,0.3,0.5,0.01,3.41485,0.06625
97,1637,1,0.01,0.3,0.5,0.01,3.41496,0.05606
98,1637,1,0.01,0.3,0.5,0.01,3.41511,0.05711
99,1637,1,0.01,0.3,0.5,0.01,3.41513,0.05435
0,1637,1,0.01,0.3,0.5,0.0025,3.03335,0.14235
1,1637,1,0.01,0.3,0.5,0.0025,3.03478,0.12773
2,1637,1,0.01,0.3,0.5,0.0025,3.03516,0.16456
3,1637,1,0.01,0.3,0.5,0.0025,3.03553,0.15776
4,1637,1,0.01,0.3,0.5,0.0025,3.03329,0.12205
5,1637,1,0.01,0.3,0.5,0.0025,3.03243,0.13549
6,1637,1,0.01,0.3,0.5,0.0025,3.03482,0.1369
7,1637,1,0.01,0.3,0.5,0.0025,3.03508,0.12629
8,1637,1,0.01,0.3,0.5,0.0025,3.03336,0.11725
9,1637,1,0.01,0.3,0.5,0.0025,3.03369,0.10033
10,1637,1,0.01,0.3,0.5,0.0025,3.03448,0.13836
11,1637,1,0.01,0.3,0.5,0.0025,3.03308,0.13342
12,1637,1,0.01,0.3,0.5,0.0025,3.03377,0.11448
13,1637,1,0.01,0.3,0.5,0.0025,3.03552,0.14207
14,1637,1,0.01,0.3,0.5,0.0025,3.03369,0.12932
15,1637,1,0.01,0.3,0.5,0.0025,3.0337,0.12365
16,1637,1,0.01,0.3,0.5,0.0025,3.03437,0.13104
17,1637,1,0.01,0.3,0.5,0.0025,3.03371,0.14675
18,1637,1,0.01,0.3,0.5,0.0025,3.03424,0.13199
19,1637,1,0.01,0.3,0.5,0.0025,3.03361,0.11483
20,1637,1,0.01,0.3,0.5,0.0025,3.03564,0.12693
21,1637,1,0.01,0.3,0.5,0.0025,3.03292,0.10188
22,1637,1,0.01,0.3,0.5,0.0025,3.03483,0.16765
23,1637,1,0.01,0.3,0.5,0.0025,3.0337,0.13116
24,1637,1,0.01,0.3,0.5,0.0025,3.03546,0.14646
25,1637,1,0.01,0.3,0.5,0.0025,3.03471,0.12902
26,1637,1,0.01,0.3,0.5,0.0025,3.0334,0.11204
27,1637,1,0.01,0.3,0.5,0.0025,3.03466,0.11975
28,1637,1,0.01,0.3,0.5,0.0025,3.03547,0.14653
29,1637,1,0.01,0.3,0.5,0.0025,3.03314,0.10283
30,1637,1,0.01,0.3,0.5,0.0025,3.03842,0.20462
31,1637,1,0.01,0.3,0.5,0.0025,3.0341,0.12595
32,1637,1,0.01,0.3,0.5,0.0025,3.0345,0.15168
33,1637,1,0.01,0.3,0.5,0.0025,3.03338,0.12414
34,1637,1,0.01,0.3,0.5,0.0025,3.0338,0.10406
35,1637,1,0.01,0.3,0.5,0.0025,3.03352,0.13025
36,1637,1,0.01,0.3,0.5,0.0025,3.03317,0.11931
37,1637,1,0.01,0.3,0.5,0.0025,3.03295,0.1039
38,1637,1,0.01,0.3,0.5,0.0025,3.03246,0.09621
39,1637,1,0.01,0.3,0.5,0.0025,3.03415,0.14811
40,1637,1,0.01,0.3,0.5,0.0025,3.03505,0.13511
41,1637,1,0.01,0.3,0.5,0.0025,3.03444,0.14722
42,1637,1,0.01,0.3,0.5,0.0025,3.0322,0.09704
43,1637,1,0.01,0.3,0.5,0.0025,3.03285,0.12904
44,1637,1,0.01,0.3,0.5,0.0025,3.03287,0.12521
45,1637,1,0.01,0.3,0.5,0.0025,3.03316,0.12034
46,1637,1,0.01,0.3,0.5,0.0025,3.03299,0.09824
47,1637,1,0.01,0.3,0.5,0.0025,3.03527,0.13924
48,1637,1,0.01,0.3,0.5,0.0025,3.03336,0.11224
49,1637,1,0.01,0.3,0.5,0.0025,3.03343,0.15418
50,1637,1,0.01,0.3,0.5,0.0025,3.03431,0.13741
51,1637,1,0.01,0.3,0.5,0.0025,3.03382,0.09862
52,1637,1,0.01,0.3,0.5,0.0025,3.03396,0.14299
53,1637,1,0.01,0.3,0.5,0.0025,3.03417,0.15468
54,1637,1,0.01,0.3,0.5,0.0025,3.03549,0.16868
55,1637,1,0.01,0.3,0.5,0.0025,3.03429,0.13507
56,1637,1,0.01,0.3,0.5,0.0025,3.03566,0.151
57,1637,1,0.01,0.3,0.5,0.0025,3.03522,0.14843
58,1637,1,0.01,0.3,0.5,0.0025,3.035,0.14047
59,1637,1,0.01,0.3,0.5,0.0025,3.03391,0.11695
60,1637,1,0.01,0.3,0.5,0.0025,3.03395,0.14
61,1637,1,0.01,0.3,0.5,0.0025,3.03336,0.12612
62,1637,1,0.01,0.3,0.5,0.0025,3.03501,0.15196
63,1637,1,0.01,0.3,0.5,0.0025,3.03392,0.14021
64,1637,1,0.01,0.3,0.5,0.0025,3.03406,0.12369
65,1637,1,0.01,0.3,0.5,0.0025,3.03419,0.11321
66,1637,1,0.01,0.3,0.5,0.0025,3.03464,0.12313
67,1637,1,0.01,0.3,0.5,0.0025,3.03311,0.12368
68,1637,1,0.01,0.3,0.5,0.0025,3.03628,0.16509
69,1637,1,0.01,0.3,0.5,0.0025,3.03563,0.13548
70,1637,1,0.01,0.3,0.5,0.0025,3.03319,0.12179
71,1637,1,0.01,0.3,0.5,0.0025,3.0338,0.12454
72,1637,1,0.01,0.3,0.5,0.0025,3.0373,0.18204
73,1637,1,0.01,0.3,0.5,0.0025,3.03568,0.14476
74,1637,1,0.01,0.3,0.5,0.0025,3.03362,0.10032
75,1637,1,0.01,0.3,0.5,0.0025,3.03484,0.12619
76,1637,1,0.01,0.3,0.5,0.0025,3.03406,0.12358
77,1637,1,0.01,0.3,0.5,0.0025,3.03434,0.14349
78,1637,1,0.01,0.3,0.5,0.0025,3.03259,0.11598
79,1637,1,0.01,0.3,0.5,0.0025,3.03385,0.12292
80,1637,1,0.01,0.3,0.5,0.0025,3.03417,0.13729
81,1637,1,0.01,0.3,0.5,0.0025,3.03483,0.13665
82,1637,1,0.01,0.3,0.5,0.0025,3.03431,0.12987
83,1637,1,0.01,0.3,0.5,0.0025,3.03538,0.14971
84,1637,1,0.01,0.3,0.5,0.0025,3.03374,0.09016
85,1637,1,0.01,0.3,0.5,0.0025,3.03305,0.12985
86,1637,1,0.01,0.3,0.5,0.0025,3.03404,0.1345
87,1637,1,0.01,0.3,0.5,0.0025,3.0329,0.10999
88,1637,1,0.01,0.3,0.5,0.0025,3.03496,0.13666
89,1637,1,0.01,0.3,0.5,0.0025,3.03427,0.12138
90,1637,1,0.01,0.3,0.5,0.0025,3.03392,0.11622
91,1637,1,0.01,0.3,0.5,0.0025,3.03412,0.11363
92,1637,1,0.01,0.3,0.5,0.0025,3.03488,0.17421
93,1637,1,0.01,0.3,0.5,0.0025,3.03708,0.19533
94,1637,1,0.01,0.3,0.5,0.0025,3.03342,0.10204
95,1637,1,0.01,0.3,0.5,0.0025,3.0342,0.12762
96,1637,1,0.01,0.3,0.5,0.0025,3.0337,0.12905
97,1637,1,0.01,0.3,0.5,0.0025,3.03359,0.11557
98,1637,1,0.01,0.3,0.5,0.0025,3.0347,0.13864
99,1637,1,0.01,0.3,0.5,0.0025,3.03447,0.12
0,1637,1,0.01,0.3,0.5,0.001,2.61699,0.22101
1,1637,1,0.01,0.3,0.5,0.001,2.62532,0.20934
2,1637,1,0.01,0.3,0.5,0.001,2.6235,0.24465
3,1637,1,0.01,0.3,0.5,0.001,2.62482,0.2366
4,1637,1,0.01,0.3,0.5,0.001,2.62129,0.20983
5,1637,1,0.01,0.3,0.5,0.001,2.6194,0.22811
6,1637,1,0.01,0.3,0.5,0.001,2.6245,0.22715
7,1637,1,0.01,0.3,0.5,0.001,2.62577,0.20722
8,1637,1,0.01,0.3,0.5,0.001,2.62105,0.20879
9,1637,1,0.01,0.3,0.5,0.001,2.62174,0.17787
10,1637,1,0.01,0.3,0.5,0.001,2.62159,0.20864
11,1637,1,0.01,0.3,0.5,0.001,2.62271,0.23016
12,1637,1,0.01,0.3,0.5,0.001,2.62231,0.19806
13,1637,1,0.01,0.3,0.5,0.001,2.62746,0.22443
14,1637,1,0.01,0.3,0.5,0.001,2.62296,0.22052
15,1637,1,0.01,0.3,0.5,0.001,2.62326,0.2134
16,1637,1,0.01,0.3,0.5,0.001,2.62373,0.21666
17,1637,1,0.01,0.3,0.5,0.001,2.61981,0.23461
18,1637,1,0.01,0.3,0.5,0.001,2.62406,0.22912
19,1637,1,0.01,0.3,0.5,0.001,2.62145,0.1892
20,1637,1,0.01,0.3,0.5,0.001,2.6274,0.20309
21,1637,1,0.01,0.3,0.5,0.001,2.61924,0.1784
22,1637,1,0.01,0.3,0.5,0.001,2.62079,0.25406
23,1637,1,0.01,0.3,0.5,0.001,2.62107,0.22167
24,1637,1,0.01,0.3,0.5,0.001,2.62559,0.22374
25,1637,1,0.01,0.3,0.5,0.001,2.62458,0.20561
26,1637,1,0.01,0.3,0.5,0.001,2.62057,0.19624
27,1637,1,0.01,0.3,0.5,0.001,2.62584,0.20937
28,1637,1,0.01,0.3,0.5,0.001,2.62754,0.24006
29,1637,1,0.01,0.3,0.5,0.001,2.61978,0.17365
30,1637,1,0.01,0.3,0.5,0.001,2.63153,0.2906
31,1637,1,0.01,0.3,0.5,0.001,2.62287,0.20985
32,1637,1,0.01,0.3,0.5,0.001,2.62454,0.24727
33,1637,1,0.01,0.3,0.5,0.001,2.62152,0.20196
34,1637,1,0.01,0.3,0.5,0.001,2.62017,0.17331
35,1637,1,0.01,0.3,0.5,0.001,2.62011,0.21077
36,1637,1,0.01,0.3,0.5,0.001,2.62044,0.20403
37,1637,1,0.01,0.3,0.5,0.001,2.61901,0.18984
38,1637,1,0.01,0.3,0.5,0.001,2.61772,0.16424
39,1637,1,0.01,0.3,0.5,0.001,2.62119,0.22478
40,1637,1,0.01,0.3,0.5,0.001,2.62418,0.22177
41,1637,1,0.01,0.3,0.5,0.001,2.62103,0.22583
42,1637,1,0.01,0.3,0.5,0.001,2.61783,0.1734
43,1637,1,0.01,0.3,0.5,0.001,2.61855,0.20497
44,1637,1,0.01,0.3,0.5,0.001,2.61876,0.20842
45,1637,1,0.01,0.3,0.5,0.001,2.61986,0.19961
46,1637,1,0.01,0.3,0.5,0.001,2.62005,0.17942
47,1637,1,0.01,0.3,0.5,0.001,2.62603,0.22491
48,1637,1,0.01,0.3,0.5,0.001,2.62053,0.19345
49,1637,1,0.01,0.3,0.5,0.001,2.62118,0.26257
50,1637,1,0.01,0.3,0.5,0.001,2.62335,0.22803
51,1637,1,0.01,0.3,0.5,0.001,2.62229,0.16545
52,1637,1,0.01,0.3,0.5,0.001,2.62107,0.23184
53,1637,1,0.01,0.3,0.5,0.001,2.6226,0.24577
54,1637,1,0.01,0.3,0.5,0.001,2.62584,0.25723
55,1637,1,0.01,0.3,0.5,0.001,2.62388,0.23375
56,1637,1,0.01,0.3,0.5,0.001,2.62721,0.23216
57,1637,1,0.01,0.3,0.5,0.001,2.62643,0.24635
58,1637,1,0.01,0.3,0.5,0.001,2.62452,0.23084
59,1637,1,0.01,0.3,0.5,0.001,2.62248,0.20487
60,1637,1,0.01,0.3,0.5,0.001,2.62323,0.24191
61,1637,1,0.01,0.3,0.5,0.001,2.62042,0.21146
62,1637,1,0.01,0.3,0.5,0.001,2.62307,0.236
63,1637,1,0.01,0.3,0.5,0.001,2.62195,0.23466
64,1637,1,0.01,0.3,0.5,0.001,2.6208,0.20296
65,1637,1,0.01,0.3,0.5,0.001,2.62299,0.18571
66,1637,1,0.01,0.3,0.5,0.001,2.62437,0.20493
67,1637,1,0.01,0.3,0.5,0.001,2.61956,0.21098
68,1637,1,0.01,0.3,0.5,0.001,2.62801,0.25283
69,1637,1,0.01,0.3,0.5,0.001,2.62752,0.22346
70,1637,1,0.01,0.3,0.5,0.001,2.6204,0.19907
71,1637,1,0.01,0.3,0.5,0.001,2.62246,0.21244
72,1637,1,0.01,0.3,0.5,0.001,2.62865,0.27542
73,1637,1,0.01,0.3,0.5,0.001,2.62838,0.22953
74,1637,1,0.01,0.3,0.5,0.001,2.62189,0.17316
75,1637,1,0.01,0.3,0.5,0.001,2.62726,0.23004
76,1637,1,0.01,0.3,0.5,0.001,2.62276,0.2014
77,1637,1,0.01,0.3,0.5,0.001,2.62187,0.21808
78,1637,1,0.01,0.3,0.5,0.001,2.61836,0.20671
79,1637,1,0.01,0.3,0.5,0.001,2.6243,0.21675
80,1637,1,0.01,0.3,0.5,0.001,2.62289,0.21672
81,1637,1,0.01,0.3,0.5,0.001,2.62337,0.21465
82,1637,1,0.01,0.3,0.5,0.001,2.62268,0.21065
83,1637,1,0.01,0.3,0.5,0.001,2.62815,0.25725
84,1637,1,0.01,0.3,0.5,0.001,2.62116,0.16477
85,1637,1,0.01,0.3,0.5,0.001,2.61959,0.21536
86,1637,1,0.01,0.3,0.5,0.001,2.62339,0.23034
87,1637,1,0.01,0.3,0.5,0.001,2.62011,0.19642
88,1637,1,0.01,0.3,0.5,0.001,2.6235,0.2172
89,1637,1,0.01,0.3,0.5,0.001,2.62358,0.19725
90,1637,1,0.01,0.3,0.5,0.001,2.62344,0.20085
91,1637,1,0.01,0.3,0.5,0.001,2.62308,0.19857
92,1637,1,0.01,0.3,0.5,0.001,2.62515,0.27918
93,1637,1,0.01,0.3,0.5,0.001,2.62997,0.29627
94,1637,1,0.01,0.3,0.5,0.001,2.62078,0.17399
95,1637,1,0.01,0.3,0.5,0.001,2.62175,0.21545
96,1637,1,0.01,0.3,0.5,0.001,2.61977,0.20279
97,1637,1,0.01,0.3,0.5,0.001,2.62059,0.19148
98,1637,1,0.01,0.3,0.5,0.001,2.62514,0.23535
99,1637,1,0.01,0.3,0.5,0.001,2.62374,0.20291
0,1930,1,0.01,0.3,0.5,0.01,3.41832,0.05772
1,1930,1,0.01,0.3,0.5,0.01,3.41842,0.04675
2,1930,1,0.01,0.3,0.5,0.01,3.4181,0.05236
3,1930,1,0.01,0.3,0.5,0.01,3.4182,0.04177
4,1930,1,0.01,0.3,0.5,0.01,3.41838,0.04347
5,1930,1,0.01,0.3,0.5,0.01,3.41851,0.05915
6,1930,1,0.01,0.3,0.5,0.01,3.41829,0.05612
7,1930,1,0.01,0.3,0.5,0.01,3.41813,0.04032
8,1930,1,0.01,0.3,0.5,0.01,3.41812,0.04071
9,1930,1,0.01,0.3,0.5,0.01,3.41824,0.06139
10,1930,1,0.01,0.3,0.5,0.01,3.41843,0.05681
11,1930,1,0.01,0.3,0.5,0.01,3.41808,0.03528
12,1930,1,0.01,0.3,0.5,0.01,3.41838,0.05716
13,1930,1,0.01,0.3,0.5,0.01,3.41886,0.07173
14,1930,1,0.01,0.3,0.5,0.01,3.41818,0.03707
15,1930,1,0.01,0.3,0.5,0.01,3.41844,0.05586
16,1930,1,0.01,0.3,0.5,0.01,3.41871,0.06461
17,1930,1,0.01,0.3,0.5,0.01,3.41844,0.04782
18,1930,1,0.01,0.3,0.5,0.01,3.41836,0.05736
19,1930,1,0.01,0.3,0.5,0.01,3.41831,0.04309
20,1930,1,0.01,0.3,0.5,0.01,3.41865,0.06254
21,1930,1,0.01,0.3,0.5,0.01,3.4184,0.04467
22,1930,1,0.01,0.3,0.5,0.01,3.41873,0.06532
23,1930,1,0.01,0.3,0.5,0.01,3.41827,0.05022
24,1930,1,0.01,0.3,0.5,0.01,3.41868,0.063
25,1930,1,0.01,0.3,0.5,0.01,3.41865,0.06271
26,1930,1,0.01,0.3,0.5,0.01,3.41853,0.05607
27,1930,1,0.01,0.3,0.5,0.01,3.41853,0.05887
28,1930,1,0.01,0.3,0.5,0.01,3.41839,0.05606
29,1930,1,0.01,0.3,0.5,0.01,3.41855,0.0538
30,1930,1,0.01,0.3,0.5,0.01,3.41847,0.05198
31,1930,1,0.01,0.3,0.5,0.01,3.41813,0.03922
32,1930,1,0.01,0.3,0.5,0.01,3.41868,0.0619
33,1930,1,0.01,0.3,0.5,0.01,3.41841,0.06214
34,1930,1,0.01,0.3,0.5,0.01,3.41831,0.04055
35,1930,1,0.01,0.3,0.5,0.01,3.41865,0.06085
36,1930,1,0.01,0.3,0.5,0.01,3.419,0.09216
37,1930,1,0.01,0.3,0.5,0.01,3.4179,0.0407
38,1930,1,0.01,0.3,0.5,0.01,3.4184,0.04744
39,1930,1,0.01,0.3,0.5,0.01,3.41852,0.04828
40,1930,1,0.01,0.3,0.5,0.01,3.41853,0.0657
41,1930,1,0.01,0.3,0.5,0.01,3.41801,0.0516
42,1930,1,0.01,0.3,0.5,0.01,3.41847,0.04875
43,1930,1,0.01,0.3,0.5,0.01,3.41808,0.04822
44,1930,1,0.01,0.3,0.5,0.01,3.4189,0.07963
45,1930,1,0.01,0.3,0.5,0.01,3.41814,0.03491
46,1930,1,0.01,0.3,0.5,0.01,3.41853,0.0544
47,1930,1,0.01,0.3,0.5,0.01,3.41879,0.07721
48,1930,1,0.01,0.3,0.5,0.01,3.41808,0.03935
49,1930,1,0.01,0.3,0.5,0.01,3.41861,0.05902
50,1930,1,0.01,0.3,0.5,0.01,3.41822,0.03705
51,1930,1,0.01,0.3,0.5,0.01,3.41829,0.06386
52,1930,1,0.01,0.3,0.5,0.01,3.41829,0.0554
53,1930,1,0.01,0.3,0.5,0.01,3.41855,0.0593
54,1930,1,0.01,0.3,0.5,0.01,3.41815,0.04743
55,1930,1,0.01,0.3,0.5,0.01,3.41845,0.05203
56,1930,1,0.01,0.3,0.5,0.01,3.41819,0.0407
57,1930,1,0.01,0.3,0.5,0.01,3.41852,0.05473
58,1930,1,0.01,0.3,0.5,0.01,3.41845,0.0479
59,1930,1,0.01,0.3,0.5,0.01,3.41858,0.06585
60,1930,1,0.01,0.3,0.5,0.01,3.41816,0.04567
61,1930,1,0.01,0.3,0.5,0.01,3.41842,0.05734
62,1930,1,0.01,0.3,0.5,0.01,3.4181,0.0566
63,1930,1,0.01,0.3,0.5,0.01,3.41836,0.0468
64,1930,1,0.01,0.3,0.5,0.01,3.41882,0.08157
65,1930,1,0.01,0.3,0.5,0.01,3.4192,0.08783
66,1930,1,0.01,0.3,0.5,0.01,3.41809,0.03874
67,1930,1,0.01,0.3,0.5,0.01,3.4182,0.03534
68,1930,1,0.01,0.3,0.5,0.01,3.41847,0.05635
69,1930,1,0.01,0.3,0.5,0.01,3.41804,0.03625
70,1930,1,0.01,0.3,0.5,0.01,3.41851,0.0619
71,1930,1,0.01,0.3,0.5,0.01,3.4181,0.0422
72,1930,1,0.01,0.3,0.5,0.01,3.41812,0.04439
73,1930,1,0.01,0.3,0.5,0.01,3.41826,0.04394
74,1930,1,0.01,0.3,0.5,0.01,3.41848,0.05731
75,1930,1,0.01,0.3,0.5,0.01,3.41836,0.05522
76,1930,1,0.01,0.3,0.5,0.01,3.41832,0.06076
77,1930,1,0.01,0.3,0.5,0.01,3.41789,0.04151
78,1930,1,0.01,0.3,0.5,0.01,3.41837,0.05658
79,1930,1,0.01,0.3,0.5,0.01,3.41816,0.03708
80,1930,1,0.01,0.3,0.5,0.01,3.41832,0.06044
81,1930,1,0.01,0.3,0.5,0.01,3.41825,0.04753
82,1930,1,0.01,0.3,0.5,0.01,3.41832,0.04703
83,1930,1,0.01,0.3,0.5,0.01,3.41828,0.04643
84,1930,1,0.01,0.3,0.5,0.01,3.41825,0.05079
85,1930,1,0.01,0.3,0.5,0.01,3.41849,0.06524
86,1930,1,0.01,0.3,0.5,0.01,3.41852,0.06156
87,1930,1,0.01,0.3,0.5,0.01,3.41837,0.05914
88,1930,1,0.01,0.3,0.5,0.01,3.4181,0.04084
89,1930,1,0.01,0.3,0.5,0.01,3.41818,0.04823
90,1930,1,0.01,0.3,0.5,0.01,3.41846,0.05229
91,1930,1,0.01,0.3,0.5,0.01,3.41899,0.07516
92,1930,1,0.01,0.3,0.5,0.01,3.41839,0.0573
93,1930,1,0.01,0.3,0.5,0.01,3.41852,0.06484
94,1930,1,0.01,0.3,0.5,0.01,3.41807,0.04089
95,1930,1,0.01,0.3,0.5,0.01,3.41822,0.04202
96,1930,1,0.01,0.3,0.5,0.01,3.41875,0.0692
97,1930,1,0.01,0.3,0.5,0.01,3.41829,0.05621
98,1930,1,0.01,0.3,0.5,0.01,3.41796,0.03121
99,1930,1,0.01,0.3,0.5,0.01,3.41865,0.06615
0,1930,1,0.01,0.3,0.5,0.0025,3.03794,0.14182
1,1930,1,0.01,0.3,0.5,0.0025,3.03604,0.09414
2,1930,1,0.01,0.3,0.5,0.0025,3.0366,0.13374
3,1930,1,0.01,0.3,0.5,0.0025,3.03576,0.10242
4,1930,1,0.01,0.3,0.5,0.0025,3.03642,0.10677
5,1930,1,0.01,0.3,0.5,0.0025,3.03737,0.12506
6,1930,1,0.01,0.3,0.5,0.0025,3.03699,0.12033
7,1930,1,0.01,0.3,0.5,0.0025,3.03661,0.10741
8,1930,1,0.01,0.3,0.5,0.0025,3.03658,0.0992
9,1930,1,0.01,0.3,0.5,0.0025,3.03847,0.14983
10,1930,1,0.01,0.3,0.5,0.0025,3.037,0.10332
11,1930,1,0.01,0.3,0.5,0.0025,3.03626,0.09959
12,1930,1,0.01,0.3,0.5,0.0025,3.03728,0.12224
13,1930,1,0.01,0.3,0.5,0.0025,3.0393,0.13798
14,1930,1,0.01,0.3,0.5,0.0025,3.03546,0.08555
15,1930,1,0.01,0.3,0.5,0.0025,3.03605,0.13081
16,1930,1,0.01,0.3,0.5,0.0025,3.03762,0.12832
17,1930,1,0.01,0.3,0.5,0.0025,3.03664,0.09874
18,1930,1,0.01,0.3,0.5,0.0025,3.03724,0.11661
19,1930,1,0.01,0.3,0.5,0.0025,3.03664,0.10696
20,1930,1,0.01,0.3,0.5,0.0025,3.0376,0.12771
21,1930,1,0.01,0.3,0.5,0.0025,3.03586,0.10238
22,1930,1,0.01,0.3,0.5,0.0025,3.03745,0.11718
23,1930,1,0.01,0.3,0.5,0.0025,3.03621,0.10109
24,1930,1,0.01,0.3,0.5,0.0025,3.03913,0.13686
25,1930,1,0.01,0.3,0.5,0.0025,3.03795,0.13688
26,1930,1,0.01,0.3,0.5,0.0025,3.03744,0.1289
27,1930,1,0.01,0.3,0.5,0.0025,3.03656,0.1219
28,1930,1,0.01,0.3,0.5,0.0025,3.03625,0.11078
29,1930,1,0.01,0.3,0.5,0.0025,3.03775,0.12094
30,1930,1,0.01,0.3,0.5,0.0025,3.03789,0.13115
31,1930,1,0.01,0.3,0.5,0.0025,3.03596,0.09974
32,1930,1,0.01,0.3,0.5,0.0025,3.03754,0.13014
33,1930,1,0.01,0.3,0.5,0.0025,3.03696,0.12788
34,1930,1,0.01,0.3,0.5,0.0025,3.0373,0.11076
35,1930,1,0.01,0.3,0.5,0.0025,3.0369,0.12035
36,1930,1,0.01,0.3,0.5,0.0025,3.03778,0.17852
37,1930,1,0.01,0.3,0.5,0.0025,3.03512,0.10083
38,1930,1,0.01,0.3,0.5,0.0025,3.03707,0.11471
39,1930,1,0.01,0.3,0.5,0.0025,3.037,0.11613
40,1930,1,0.01,0.3,0.5,0.0025,3.03778,0.12707
41,1930,1,0.01,0.3,0.5,0.0025,3.03571,0.10384
42,1930,1,0.01,0.3,0.5,0.0025,3.03639,0.10645
43,1930,1,0.01,0.3,0.5,0.0025,3.03522,0.09934
44,1930,1,0.01,0.3,0.5,0.0025,3.03828,0.1436
45,1930,1,0.01,0.3,0.5,0.0025,3.03604,0.08567
46,1930,1,0.01,0.3,0.5,0.0025,3.03754,0.13443
47,1930,1,0.01,0.3,0.5,0.0025,3.03811,0.15949
48,1930,1,0.01,0.3,0.5,0.0025,3.03646,0.10628
49,1930,1,0.01,0.3,0.5,0.0025,3.03737,0.13237
50,1930,1,0.01,0.3,0.5,0.0025,3.03694,0.09994
51,1930,1,0.01,0.3,0.5,0.0025,3.037,0.11574
52,1930,1,0.01,0.3,0.5,0.0025,3.03656,0.11429
53,1930,1,0.01,0.3,0.5,0.0025,3.03722,0.11947
54,1930,1,0.01,0.3,0.5,0.0025,3.03561,0.11673
55,1930,1,0.01,0.3,0.5,0.0025,3.03664,0.13893
56,1930,1,0.01,0.3,0.5,0.0025,3.03565,0.11009
57,1930,1,0.01,0.3,0.5,0.0025,3.03708,0.10095
58,1930,1,0.01,0.3,0.5,0.0025,3.03591,0.10528
59,1930,1,0.01,0.3,0.5,0.0025,3.03723,0.13043
60,1930,1,0.01,0.3,0.5,0.0025,3.03582,0.1133
61,1930,1,0.01,0.3,0.5,0.0025,3.03639,0.1137
62,1930,1,0.01,0.3,0.5,0.0025,3.03632,0.10949
63,1930,1,0.01,0.3,0.5,0.0025,3.03686,0.11402
64,1930,1,0.01,0.3,0.5,0.0025,3.03839,0.16414
65,1930,1,0.01,0.3,0.5,0.0025,3.03801,0.14745
66,1930,1,0.01,0.3,0.5,0.0025,3.0348,0.08605
67,1930,1,0.01,0.3,0.5,0.0025,3.0363,0.09197
68,1930,1,0.01,0.3,0.5,0.0025,3.03677,0.11886
69,1930,1,0.01,0.3,0.5,0.0025,3.03668,0.09346
70,1930,1,0.01,0.3,0.5,0.0025,3.03695,0.13084
71,1930,1,0.01,0.3,0.5,0.0025,3.03676,0.11119
72,1930,1,0.01,0.3,0.5,0.0025,3.03478,0.09248
73,1930,1,0.01,0.3,0.5,0.0025,3.03653,0.121
74,1930,1,0.01,0.3,0.5,0.0025,3.03744,0.13316
75,1930,1,0.01,0.3,0.5,0.0025,3.03614,0.10959
76,1930,1,0.01,0.3,0.5,0.0025,3.03755,0.13375
77,1930,1,0.01,0.3,0.5,0.0025,3.03633,0.09377
78,1930,1,0.01,0.3,0.5,0.0025,3.03641,0.11173
79,1930,1,0.01,0.3,0.5,0.0025,3.03579,0.10995
80,1930,1,0.01,0.3,0.5,0.0025,3.03711,0.13459
81,1930,1,0.01,0.3,0.5,0.0025,3.03633,0.10646
82,1930,1,0.01,0.3,0.5,0.0025,3.036,0.09502
83,1930,1,0.01,0.3,0.5,0.0025,3.03668,0.09589
84,1930,1,0.01,0.3,0.5,0.0025,3.0353,0.09994
85,1930,1,0.01,0.3,0.5,0.0025,3.03741,0.13502
86,1930,1,0.01,0.3,0.5,0.0025,3.03846,0.12289
87,1930,1,0.01,0.3,0.5,0.0025,3.03755,0.13329
88,1930,1,0.01,0.3,0.5,0.0025,3.03635,0.10324
89,1930,1,0.01,0.3,0.5,0.0025,3.03612,0.10975
90,1930,1,0.01,0.3,0.5,0.0025,3.03775,0.11767
91,1930,1,0.01,0.3,0.5,0.0025,3.03914,0.16609
92,1930,1,0.01,0.3,0.5,0.0025,3.03794,0.1472
93,1930,1,0.01,0.3,0.5,0.0025,3.03684,0.1181
94,1930,1,0.01,0.3,0.5,0.0025,3.03583,0.11288
95,1930,1,0.01,0.3,0.5,0.0025,3.03647,0.08911
96,1930,1,0.01,0.3,0.5,0.0025,3.03824,0.13634
97,1930,1,0.01,0.3,0.5,0.0025,3.03645,0.12548
98,1930,1,0.01,0.3,0.5,0.0025,3.03545,0.10098
99,1930,1,0.01,0.3,0.5,0.0025,3.03666,0.11809
0,1930,1,0.01,0.3,0.5,0.001,2.62819,0.23339
1,1930,1,0.01,0.3,0.5,0.001,2.62245,0.17718
2,1930,1,0.01,0.3,0.5,0.001,2.62332,0.22366
3,1930,1,0.01,0.3,0.5,0.001,2.6195,0.17217
4,1930,1,0.01,0.3,0.5,0.001,2.62389,0.1968
5,1930,1,0.01,0.3,0.5,0.001,2.62489,0.1976
6,1930,1,0.01,0.3,0.5,0.001,2.62464,0.20403
7,1930,1,0.01,0.3,0.5,0.001,2.62536,0.20114
8,1930,1,0.01,0.3,0.5,0.001,2.62452,0.18938
9,1930,1,0.01,0.3,0.5,0.001,2.62964,0.2452
10,1930,1,0.01,0.3,0.5,0.001,2.62453,0.17302
11,1930,1,0.01,0.3,0.5,0.001,2.62343,0.17649
12,1930,1,0.01,0.3,0.5,0.001,2.62508,0.19
13,1930,1,0.01,0.3,0.5,0.001,2.63102,0.21675
14,1930,1,0.01,0.3,0.5,0.001,2.62007,0.15601
15,1930,1,0.01,0.3,0.5,0.001,2.62142,0.21901
16,1930,1,0.01,0.3,0.5,0.001,2.62634,0.1983
17,1930,1,0.01,0.3,0.5,0.001,2.62337,0.16688
18,1930,1,0.01,0.3,0.5,0.001,2.62427,0.18964
19,1930,1,0.01,0.3,0.5,0.001,2.62391,0.18651
20,1930,1,0.01,0.3,0.5,0.001,2.62531,0.20427
21,1930,1,0.01,0.3,0.5,0.001,2.62096,0.1706
22,1930,1,0.01,0.3,0.5,0.001,2.62507,0.18147
23,1930,1,0.01,0.3,0.5,0.001,2.62192,0.17254
24,1930,1,0.01,0.3,0.5,0.001,2.62957,0.21222
25,1930,1,0.01,0.3,0.5,0.001,2.62753,0.218
26,1930,1,0.01,0.3,0.5,0.001,2.62585,0.20969
27,1930,1,0.01,0.3,0.5,0.001,2.6221,0.1897
28,1930,1,0.01,0.3,0.5,0.001,2.62286,0.18749
29,1930,1,0.01,0.3,0.5,0.001,2.62689,0.19207
30,1930,1,0.01,0.3,0.5,0.001,2.62761,0.22119
31,1930,1,0.01,0.3,0.5,0.001,2.62306,0.18104
32,1930,1,0.01,0.3,0.5,0.001,2.62534,0.20901
33,1930,1,0.01,0.3,0.5,0.001,2.62408,0.20532
34,1930,1,0.01,0.3,0.5,0.001,2.6261,0.18918
35,1930,1,0.01,0.3,0.5,0.001,2.62524,0.2024
36,1930,1,0.01,0.3,0.5,0.001,2.62361,0.25743
37,1930,1,0.01,0.3,0.5,0.001,2.61982,0.18676
38,1930,1,0.01,0.3,0.5,0.001,2.62582,0.19754
39,1930,1,0.01,0.3,0.5,0.001,2.62394,0.19223
40,1930,1,0.01,0.3,0.5,0.001,2.62597,0.19494
41,1930,1,0.01,0.3,0.5,0.001,2.61975,0.16862
42,1930,1,0.01,0.3,0.5,0.001,2.62276,0.1822
43,1930,1,0.01,0.3,0.5,0.001,2.62022,0.18296
44,1930,1,0.01,0.3,0.5,0.001,2.62679,0.21534
45,1930,1,0.01,0.3,0.5,0.001,2.62191,0.14822
46,1930,1,0.01,0.3,0.5,0.001,2.62734,0.22853
47,1930,1,0.01,0.3,0.5,0.001,2.62784,0.25129
48,1930,1,0.01,0.3,0.5,0.001,2.62432,0.18776
49,1930,1,0.01,0.3,0.5,0.001,2.62509,0.20817
50,1930,1,0.01,0.3,0.5,0.001,2.62662,0.19235
51,1930,1,0.01,0.3,0.5,0.001,2.62407,0.18634
52,1930,1,0.01,0.3,0.5,0.001,2.62282,0.18219
53,1930,1,0.01,0.3,0.5,0.001,2.62519,0.20034
54,1930,1,0.01,0.3,0.5,0.001,2.62249,0.20504
55,1930,1,0.01,0.3,0.5,0.001,2.62464,0.22485
56,1930,1,0.01,0.3,0.5,0.001,2.62099,0.19743
57,1930,1,0.01,0.3,0.5,0.001,2.62479,0.16971
58,1930,1,0.01,0.3,0.5,0.001,2.62167,0.18213
59,1930,1,0.01,0.3,0.5,0.001,2.62549,0.2106
60,1930,1,0.01,0.3,0.5,0.001,2.62112,0.19635
61,1930,1,0.01,0.3,0.5,0.001,2.6225,0.18631
62,1930,1,0.01,0.3,0.5,0.001,2.62362,0.17965
63,1930,1,0.01,0.3,0.5,0.001,2.62437,0.18848
64,1930,1,0.01,0.3,0.5,0.001,2.62792,0.25167
65,1930,1,0.01,0.3,0.5,0.001,2.62549,0.21616
66,1930,1,0.01,0.3,0.5,0.001,2.61787,0.14594
67,1930,1,0.01,0.3,0.5,0.001,2.62212,0.16103
68,1930,1,0.01,0.3,0.5,0.001,2.6238,0.18898
69,1930,1,0.01,0.3,0.5,0.001,2.6251,0.1681
70,1930,1,0.01,0.3,0.5,0.001,2.62358,0.20711
71,1930,1,0.01,0.3,0.5,0.001,2.62568,0.19182
72,1930,1,0.01,0.3,0.5,0.001,2.61727,0.15933
73,1930,1,0.01,0.3,0.5,0.001,2.62374,0.2057
74,1930,1,0.01,0.3,0.5,0.001,2.62472,0.21321
75,1930,1,0.01,0.3,0.5,0.001,2.62175,0.17942
76,1930,1,0.01,0.3,0.5,0.001,2.62673,0.22102
77,1930,1,0.01,0.3,0.5,0.001,2.62444,0.18036
78,1930,1,0.01,0.3,0.5,0.001,2.62352,0.18457
79,1930,1,0.01,0.3,0.5,0.001,2.62087,0.18462
80,1930,1,0.01,0.3,0.5,0.001,2.62568,0.21817
81,1930,1,0.01,0.3,0.5,0.001,2.6231,0.17941
82,1930,1,0.01,0.3,0.5,0.001,2.62168,0.1651
83,1930,1,0.01,0.3,0.5,0.001,2.62378,0.16337
84,1930,1,0.01,0.3,0.5,0.001,2.61928,0.1724
85,1930,1,0.01,0.3,0.5,0.001,2.62631,0.21549
86,1930,1,0.01,0.3,0.5,0.001,2.62945,0.21134
87,1930,1,0.01,0.3,0.5,0.001,2.62617,0.21886
88,1930,1,0.01,0.3,0.5,0.001,2.62383,0.1768
89,1930,1,0.01,0.3,0.5,0.001,2.62152,0.17821
90,1930,1,0.01,0.3,0.5,0.001,2.62791,0.20591
91,1930,1,0.01,0.3,0.5,0.001,2.63073,0.25957
92,1930,1,0.01,0.3,0.5,0.001,2.62919,0.24034
93,1930,1,0.01,0.3,0.5,0.001,2.62247,0.18257
94,1930,1,0.01,0.3,0.5,0.001,2.62232,0.19664
95,1930,1,0.01,0.3,0.5,0.001,2.62374,0.15968
96,1930,1,0.01,0.3,0.5,0.001,2.62729,0.2115
97,1930,1,0.01,0.3,0.5,0.001,2.62163,0.19505
98,1930,1,0.01,0.3,0.5,0.001,2.62149,0.19577
99,1930,1,0.01,0.3,0.5,0.001,2.62221,0.18908
0,2275,1,0.01,0.3,0.5,0.01,3.41036,0.05446
1,2275,1,0.01,0.3,0.5,0.01,3.41015,0.0483
2,2275,1,0.01,0.3,0.5,0.01,3.41014,0.06395
3,2275,1,0.01,0.3,0.5,0.01,3.41022,0.05709
4,2275,1,0.01,0.3,0.5,0.01,3.41005,0.05169
5,2275,1,0.01,0.3,0.5,0.01,3.41039,0.05323
6,2275,1,0.01,0.3,0.5,0.01,3.41037,0.06657
7,2275,1,0.01,0.3,0.5,0.01,3.41021,0.04429
8,2275,1,0.01,0.3,0.5,0.01,3.41005,0.03574
9,2275,1,0.01,0.3,0.5,0.01,3.41025,0.06698
10,2275,1,0.01,0.3,0.5,0.01,3.41008,0.05273
11,2275,1,0.01,0.3,0.5,0.01,3.41035,0.05577
12,2275,1,0.01,0.3,0.5,0.01,3.41002,0.0562
13,2275,1,0.01,0.3,0.5,0.01,3.40994,0.03183
14,2275,1,0.01,0.3,0.5,0.01,3.41,0.0463
15,2275,1,0.01,0.3,0.5,0.01,3.41031,0.05573
16,2275,1,0.01,0.3,0.5,0.01,3.41002,0.05368
17,2275,1,0.01,0.3,0.5,0.01,3.4103,0.05991
18,2275,1,0.01,0.3,0.5,0.01,3.41034,0.07494
19,2275,1,0.01,0.3,0.5,0.01,3.41049,0.0633
20,2275,1,0.01,0.3,0.5,0.01,3.41001,0.03862
21,2275,1,0.01,0.3,0.5,0.01,3.41029,0.05685
22,2275,1,0.01,0.3,0.5,0.01,3.41014,0.05457
23,2275,1,0.01,0.3,0.5,0.01,3.41085,0.08194
24,2275,1,0.01,0.3,0.5,0.01,3.41021,0.05688
25,2275,1,0.01,0.3,0.5,0.01,3.41003,0.04414
26,2275,1,0.01,0.3,0.5,0.01,3.40997,0.03951
27,2275,1,0.01,0.3,0.5,0.01,3.41009,0.0458
28,2275,1,0.01,0.3,0.5,0.01,3.40992,0.04628
29,2275,1,0.01,0.3,0.5,0.01,3.40996,0.04236
30,2275,1,0.01,0.3,0.5,0.01,3.41025,0.04457
31,2275,1,0.01,0.3,0.5,0.01,3.41005,0.05368
32,2275,1,0.01,0.3,0.5,0.01,3.41025,0.05691
33,2275,1,0.01,0.3,0.5,0.01,3.4099,0.0362
34,2275,1,0.01,0.3,0.5,0.01,3.40982,0.03762
35,2275,1,0.01,0.3,0.5,0.01,3.40999,0.04129
36,2275,1,0.01,0.3,0.5,0.01,3.41012,0.06296
37,2275,1,0.01,0.3,0.5,0.01,3.41004,0.05709
38,2275,1,0.01,0.3,0.5,0.01,3.40986,0.05421
39,2275,1,0.01,0.3,0.5,0.01,3.41041,0.06152
40,2275,1,0.01,0.3,0.5,0.01,3.4102,0.04244
41,2275,1,0.01,0.3,0.5,0.01,3.41031,0.05631
42,2275,1,0.01,0.3,0.5,0.01,3.40992,0.03659
43,2275,1,0.01,0.3,0.5,0.01,3.41015,0.05052
44,2275,1,0.01,0.3,0.5,0.01,3.41027,0.05987
45,2275,1,0.01,0.3,0.5,0.01,3.41002,0.04882
46,2275,1,0.01,0.3,0.5,0.01,3.4102,0.06262
47,2275,1,0.01,0.3,0.5,0.01,3.40998,0.06349
48,2275,1,0.01,0.3,0.5,0.01,3.41008,0.05053
49,2275,1,0.01,0.3,0.5,0.01,3.41009,0.04928
50,2275,1,0.01,0.3,0.5,0.01,3.41021,0.04274
51,2275,1,0.01,0.3,0.5,0.01,3.41021,0.05095
52,2275,1,0.01,0.3,0.5,0.01,3.40991,0.03884
53,2275,1,0.01,0.3,0.5,0.01,3.41008,0.04878
54,2275,1,0.01,0.3,0.5,0.01,3.4098,0.03003
55,2275,1,0.01,0.3,0.5,0.01,3.41017,0.05832
56,2275,1,0.01,0.3,0.5,0.01,3.41016,0.04676
57,2275,1,0.01,0.3,0.5,0.01,3.41005,0.04263
58,2275,1,0.01,0.3,0.5,0.01,3.41002,0.04652
59,2275,1,0.01,0.3,0.5,0.01,3.41026,0.04667
60,2275,1,0.01,0.3,0.5,0.01,3.41009,0.06388
61,2275,1,0.01,0.3,0.5,0.01,3.40982,0.04455
62,2275,1,0.01,0.3,0.5,0.01,3.41007,0.03141
63,2275,1,0.01,0.3,0.5,0.01,3.41025,0.05833
64,2275,1,0.01,0.3,0.5,0.01,3.40991,0.03852
65,2275,1,0.01,0.3,0.5,0.01,3.40995,0.04037
66,2275,1,0.01,0.3,0.5,0.01,3.41082,0.07448
67,2275,1,0.01,0.3,0.5,0.01,3.41048,0.06209
68,2275,1,0.01,0.3,0.5,0.01,3.41028,0.05688
69,2275,1,0.01,0.3,0.5,0.01,3.40986,0.03497
70,2275,1,0.01,0.3,0.5,0.01,3.40985,0.03612
71,2275,1,0.01,0.3,0.5,0.01,3.41011,0.0494
72,2275,1,0.01,0.3,0.5,0.01,3.41024,0.05827
73,2275,1,0.01,0.3,0.5,0.01,3.41011,0.04848
74,2275,1,0.01,0.3,0.5,0.01,3.41006,0.0524
75,2275,1,0.01,0.3,0.5,0.01,3.41017,0.04812
76,2275,1,0.01,0.3,0.5,0.01,3.4104,0.0687
77,2275,1,0.01,0.3,0.5,0.01,3.41017,0.06711
78,2275,1,0.01,0.3,0.5,0.01,3.41001,0.04347
79,2275,1,0.01,0.3,0.5,0.01,3.40992,0.03957
80,2275,1,0.01,0.3,0.5,0.01,3.41025,0.05545
81,2275,1,0.01,0.3,0.5,0.01,3.41014,0.05028
82,2275,1,0.01,0.3,0.5,0.01,3.40998,0.05187
83,2275,1,0.01,0.3,0.5,0.01,3.41006,0.03949
84,2275,1,0.01,0.3,0.5,0.01,3.4104,0.05981
85,2275,1,0.01,0.3,0.5,0.01,3.41042,0.07534
86,2275,1,0.01,0.3,0.5,0.01,3.41011,0.06368
87,2275,1,0.01,0.3,0.5,0.01,3.40998,0.04499
88,2275,1,0.01,0.3,0.5,0.01,3.41029,0.05461
89,2275,1,0.01,0.3,0.5,0.01,3.41009,0.03725
90,2275,1,0.01,0.3,0.5,0.01,3.41005,0.06087
91,2275,1,0.01,0.3,0.5,0.01,3.41039,0.0695
92,2275,1,0.01,0.3,0.5,0.01,3.40977,0.04488
93,2275,1,0.01,0.3,0.5,0.01,3.41026,0.04865
94,2275,1,0.01,0.3,0.5,0.01,3.41017,0.05327
95,2275,1,0.01,0.3,0.5,0.01,3.41046,0.06431
96,2275,1,0.01,0.3,0.5,0.01,3.41006,0.0472
97,2275,1,0.01,0.3,0.5,0.01,3.41057,0.07135
98,2275,1,0.01,0.3,0.5,0.01,3.41006,0.05136
99,2275,1,0.01,0.3,0.5,0.01,3.41023,0.05691
0,2275,1,0.01,0.3,0.5,0.0025,3.0294,0.10876
1,2275,1,0.01,0.3,0.5,0.0025,3.02945,0.12335
2,2275,1,0.01,0.3,0.5,0.0025,3.02913,0.12534
3,2275,1,0.01,0.3,0.5,0.0025,3.02963,0.11711
4,2275,1,0.01,0.3,0.5,0.0025,3.02861,0.12897
5,2275,1,0.01,0.3,0.5,0.0025,3.02958,0.12085
6,2275,1,0.01,0.3,0.5,0.0025,3.02972,0.13143
7,2275,1,0.01,0.3,0.5,0.0025,3.02945,0.10041
8,2275,1,0.01,0.3,0.5,0.0025,3.02954,0.08375
9,2275,1,0.01,0.3,0.5,0.0025,3.02955,0.14666
10,2275,1,0.01,0.3,0.5,0.0025,3.02926,0.11333
11,2275,1,0.01,0.3,0.5,0.0025,3.03011,0.12315
12,2275,1,0.01,0.3,0.5,0.0025,3.02819,0.1088
13,2275,1,0.01,0.3,0.5,0.0025,3.02808,0.07664
14,2275,1,0.01,0.3,0.5,0.0025,3.0291,0.1057
15,2275,1,0.01,0.3,0.5,0.0025,3.03019,0.11029
16,2275,1,0.01,0.3,0.5,0.0025,3.02958,0.12664
17,2275,1,0.01,0.3,0.5,0.0025,3.02953,0.12779
18,2275,1,0.01,0.3,0.5,0.0025,3.02994,0.18281
19,2275,1,0.01,0.3,0.5,0.0025,3.03053,0.14109
20,2275,1,0.01,0.3,0.5,0.0025,3.02837,0.07851
21,2275,1,0.01,0.3,0.5,0.0025,3.02982,0.12485
22,2275,1,0.01,0.3,0.5,0.0025,3.02905,0.11436
23,2275,1,0.01,0.3,0.5,0.0025,3.03157,0.16218
24,2275,1,0.01,0.3,0.5,0.0025,3.0294,0.12339
25,2275,1,0.01,0.3,0.5,0.0025,3.02909,0.09942
26,2275,1,0.01,0.3,0.5,0.0025,3.02891,0.091
27,2275,1,0.01,0.3,0.5,0.0025,3.0292,0.10468
28,2275,1,0.01,0.3,0.5,0.0025,3.02842,0.09868
29,2275,1,0.01,0.3,0.5,0.0025,3.02914,0.09125
30,2275,1,0.01,0.3,0.5,0.0025,3.02964,0.10038
31,2275,1,0.01,0.3,0.5,0.0025,3.02923,0.1122
32,2275,1,0.01,0.3,0.5,0.0025,3.0301,0.12559
33,2275,1,0.01,0.3,0.5,0.0025,3.02893,0.08415
34,2275,1,0.01,0.3,0.5,0.0025,3.02784,0.0876
35,2275,1,0.01,0.3,0.5,0.0025,3.02821,0.0753
36,2275,1,0.01,0.3,0.5,0.0025,3.02948,0.11887
37,2275,1,0.01,0.3,0.5,0.0025,3.02939,0.12638
38,2275,1,0.01,0.3,0.5,0.0025,3.02893,0.11069
39,2275,1,0.01,0.3,0.5,0.0025,3.03062,0.11842
40,2275,1,0.01,0.3,0.5,0.0025,3.02888,0.08216
41,2275,1,0.01,0.3,0.5,0.0025,3.03064,0.13272
42,2275,1,0.01,0.3,0.5,0.0025,3.02892,0.09236
43,2275,1,0.01,0.3,0.5,0.0025,3.03057,0.12089
44,2275,1,0.01,0.3,0.5,0.0025,3.03004,0.12484
45,2275,1,0.01,0.3,0.5,0.0025,3.02847,0.11802
46,2275,1,0.01,0.3,0.5,0.0025,3.03016,0.14098
47,2275,1,0.01,0.3,0.5,0.0025,3.02844,0.11931
48,2275,1,0.01,0.3,0.5,0.0025,3.02984,0.11758
49,2275,1,0.01,0.3,0.5,0.0025,3.02867,0.09754
50,2275,1,0.01,0.3,0.5,0.0025,3.02906,0.10472
51,2275,1,0.01,0.3,0.5,0.0025,3.02891,0.12898
52,2275,1,0.01,0.3,0.5,0.0025,3.02794,0.10277
53,2275,1,0.01,0.3,0.5,0.0025,3.02947,0.1094
54,2275,1,0.01,0.3,0.5,0.0025,3.02878,0.09412
55,2275,1,0.01,0.3,0.5,0.0025,3.03057,0.13865
56,2275,1,0.01,0.3,0.5,0.0025,3.02999,0.11133
57,2275,1,0.01,0.3,0.5,0.0025,3.0295,0.11135
58,2275,1,0.01,0.3,0.5,0.0025,3.0287,0.09803
59,2275,1,0.01,0.3,0.5,0.0025,3.03008,0.10761
60,2275,1,0.01,0.3,0.5,0.0025,3.02961,0.1272
61,2275,1,0.01,0.3,0.5,0.0025,3.02887,0.11889
62,2275,1,0.01,0.3,0.5,0.0025,3.02894,0.07984
63,2275,1,0.01,0.3,0.5,0.0025,3.0302,0.1097
64,2275,1,0.01,0.3,0.5,0.0025,3.02919,0.10738
65,2275,1,0.01,0.3,0.5,0.0025,3.02858,0.08542
66,2275,1,0.01,0.3,0.5,0.0025,3.03043,0.13631
67,2275,1,0.01,0.3,0.5,0.0025,3.0307,0.12859
68,2275,1,0.01,0.3,0.5,0.0025,3.02941,0.10768
69,2275,1,0.01,0.3,0.5,0.0025,3.02849,0.07711
70,2275,1,0.01,0.3,0.5,0.0025,3.02952,0.09638
71,2275,1,0.01,0.3,0.5,0.0025,3.02953,0.10934
72,2275,1,0.01,0.3,0.5,0.0025,3.02994,0.12537
73,2275,1,0.01,0.3,0.5,0.0025,3.02905,0.11229
74,2275,1,0.01,0.3,0.5,0.0025,3.02954,0.12014
75,2275,1,0.01,0.3,0.5,0.0025,3.02961,0.10316
76,2275,1,0.01,0.3,0.5,0.0025,3.03015,0.12712
77,2275,1,0.01,0.3,0.5,0.0025,3.0301,0.13783
78,2275,1,0.01,0.3,0.5,0.0025,3.02947,0.10882
79,2275,1,0.01,0.3,0.5,0.0025,3.03023,0.11207
80,2275,1,0.01,0.3,0.5,0.0025,3.02932,0.10663
81,2275,1,0.01,0.3,0.5,0.0025,3.02929,0.11144
82,2275,1,0.01,0.3,0.5,0.0025,3.0291,0.12238
83,2275,1,0.01,0.3,0.5,0.0025,3.02884,0.09488
84,2275,1,0.01,0.3,0.5,0.0025,3.03124,0.13091
85,2275,1,0.01,0.3,0.5,0.0025,3.03004,0.13375
86,2275,1,0.01,0.3,0.5,0.0025,3.02961,0.12257
87,2275,1,0.01,0.3,0.5,0.0025,3.02903,0.09998
88,2275,1,0.01,0.3,0.5,0.0025,3.02879,0.11436
89,2275,1,0.01,0.3,0.5,0.0025,3.02909,0.09234
90,2275,1,0.01,0.3,0.5,0.0025,3.02889,0.12199
91,2275,1,0.01,0.3,0.5,0.0025,3.03071,0.1393
92,2275,1,0.01,0.3,0.5,0.0025,3.02868,0.10377
93,2275,1,0.01,0.3,0.5,0.0025,3.02974,0.11508
94,2275,1,0.01,0.3,0.5,0.0025,3.02868,0.09734
95,2275,1,0.01,0.3,0.5,0.0025,3.03015,0.11258
96,2275,1,0.01,0.3,0.5,0.0025,3.02882,0.10445
97,2275,1,0.01,0.3,0.5,0.0025,3.02953,0.11763
98,2275,1,0.01,0.3,0.5,0.0025,3.02933,0.12568
99,2275,1,0.01,0.3,0.5,0.0025,3.03014,0.1259
0,2275,1,0.01,0.3,0.5,0.001,2.61655,0.17371
1,2275,1,0.01,0.3,0.5,0.001,2.61699,0.20041
2,2275,1,0.01,0.3,0.5,0.001,2.61543,0.19771
3,2275,1,0.01,0.3,0.5,0.001,2.61789,0.18384
4,2275,1,0.01,0.3,0.5,0.001,2.61412,0.20121
5,2275,1,0.01,0.3,0.5,0.001,2.61799,0.19826
6,2275,1,0.01,0.3,0.5,0.001,2.61695,0.20321
7,2275,1,0.01,0.3,0.5,0.001,2.61907,0.17737
8,2275,1,0.01,0.3,0.5,0.001,2.61895,0.14651
9,2275,1,0.01,0.3,0.5,0.001,2.61784,0.22405
10,2275,1,0.01,0.3,0.5,0.001,2.61739,0.19483
11,2275,1,0.01,0.3,0.5,0.001,2.61891,0.19544
12,2275,1,0.01,0.3,0.5,0.001,2.61427,0.1837
13,2275,1,0.01,0.3,0.5,0.001,2.6139,0.15073
14,2275,1,0.01,0.3,0.5,0.001,2.61645,0.17696
15,2275,1,0.01,0.3,0.5,0.001,2.61854,0.17013
16,2275,1,0.01,0.3,0.5,0.001,2.61702,0.19818
17,2275,1,0.01,0.3,0.5,0.001,2.61865,0.20823
18,2275,1,0.01,0.3,0.5,0.001,2.62082,0.28452
19,2275,1,0.01,0.3,0.5,0.001,2.62146,0.22837
20,2275,1,0.01,0.3,0.5,0.001,2.61357,0.12846
21,2275,1,0.01,0.3,0.5,0.001,2.61835,0.20537
22,2275,1,0.01,0.3,0.5,0.001,2.61592,0.19991
23,2275,1,0.01,0.3,0.5,0.001,2.62235,0.24875
24,2275,1,0.01,0.3,0.5,0.001,2.6172,0.19581
25,2275,1,0.01,0.3,0.5,0.001,2.61694,0.16928
26,2275,1,0.01,0.3,0.5,0.001,2.61657,0.15571
27,2275,1,0.01,0.3,0.5,0.001,2.61712,0.17444
28,2275,1,0.01,0.3,0.5,0.001,2.61394,0.15772
29,2275,1,0.01,0.3,0.5,0.001,2.61761,0.16103
30,2275,1,0.01,0.3,0.5,0.001,2.61942,0.1744
31,2275,1,0.01,0.3,0.5,0.001,2.6173,0.18134
32,2275,1,0.01,0.3,0.5,0.001,2.61969,0.20987
33,2275,1,0.01,0.3,0.5,0.001,2.61593,0.1426
34,2275,1,0.01,0.3,0.5,0.001,2.61197,0.15153
35,2275,1,0.01,0.3,0.5,0.001,2.61379,0.13529
36,2275,1,0.01,0.3,0.5,0.001,2.61826,0.19678
37,2275,1,0.01,0.3,0.5,0.001,2.61703,0.20416
38,2275,1,0.01,0.3,0.5,0.001,2.61709,0.18079
39,2275,1,0.01,0.3,0.5,0.001,2.62058,0.18866
40,2275,1,0.01,0.3,0.5,0.001,2.61655,0.1444
41,2275,1,0.01,0.3,0.5,0.001,2.62049,0.20884
42,2275,1,0.01,0.3,0.5,0.001,2.61748,0.16703
43,2275,1,0.01,0.3,0.5,0.001,2.62164,0.20963
44,2275,1,0.01,0.3,0.5,0.001,2.61838,0.19739
45,2275,1,0.01,0.3,0.5,0.001,2.61476,0.194
46,2275,1,0.01,0.3,0.5,0.001,2.61944,0.22729
47,2275,1,0.01,0.3,0.5,0.001,2.61502,0.19222
48,2275,1,0.01,0.3,0.5,0.001,2.61898,0.19352
49,2275,1,0.01,0.3,0.5,0.001,2.61492,0.16111
50,2275,1,0.01,0.3,0.5,0.001,2.61753,0.17503
51,2275,1,0.01,0.3,0.5,0.001,2.61587,0.21187
52,2275,1,0.01,0.3,0.5,0.001,2.61313,0.17279
53,2275,1,0.01,0.3,0.5,0.001,2.617,0.18102
54,2275,1,0.01,0.3,0.5,0.001,2.61589,0.16809
55,2275,1,0.01,0.3,0.5,0.001,2.62237,0.23159
56,2275,1,0.01,0.3,0.5,0.001,2.61947,0.17694
57,2275,1,0.01,0.3,0.5,0.001,2.61763,0.17986
58,2275,1,0.01,0.3,0.5,0.001,2.61545,0.17071
59,2275,1,0.01,0.3,0.5,0.001,2.62061,0.18821
60,2275,1,0.01,0.3,0.5,0.001,2.61686,0.20227
61,2275,1,0.01,0.3,0.5,0.001,2.61736,0.20357
62,2275,1,0.01,0.3,0.5,0.001,2.61699,0.149
63,2275,1,0.01,0.3,0.5,0.001,2.61769,0.16818
64,2275,1,0.01,0.3,0.5,0.001,2.61825,0.19223
65,2275,1,0.01,0.3,0.5,0.001,2.61462,0.14512
66,2275,1,0.01,0.3,0.5,0.001,2.61831,0.20595
67,2275,1,0.01,0.3,0.5,0.001,2.6202,0.19161
68,2275,1,0.01,0.3,0.5,0.001,2.61607,0.17106
69,2275,1,0.01,0.3,0.5,0.001,2.61475,0.13928
70,2275,1,0.01,0.3,0.5,0.001,2.61833,0.16404
71,2275,1,0.01,0.3,0.5,0.001,2.61758,0.18124
72,2275,1,0.01,0.3,0.5,0.001,2.61725,0.19739
73,2275,1,0.01,0.3,0.5,0.001,2.6169,0.18466
74,2275,1,0.01,0.3,0.5,0.001,2.61822,0.19688
75,2275,1,0.01,0.3,0.5,0.001,2.61794,0.16437
76,2275,1,0.01,0.3,0.5,0.001,2.61804,0.19121
77,2275,1,0.01,0.3,0.5,0.001,2.61994,0.22245
78,2275,1,0.01,0.3,0.5,0.001,2.61787,0.17911
79,2275,1,0.01,0.3,0.5,0.001,2.62006,0.19065
80,2275,1,0.01,0.3,0.5,0.001,2.61672,0.16802
81,2275,1,0.01,0.3,0.5,0.001,2.61603,0.17399
82,2275,1,0.01,0.3,0.5,0.001,2.61691,0.20186
83,2275,1,0.01,0.3,0.5,0.001,2.6167,0.18049
84,2275,1,0.01,0.3,0.5,0.001,2.62181,0.20044
85,2275,1,0.01,0.3,0.5,0.001,2.61769,0.19619
86,2275,1,0.01,0.3,0.5,0.001,2.6179,0.18789
87,2275,1,0.01,0.3,0.5,0.001,2.61558,0.16072
88,2275,1,0.01,0.3,0.5,0.001,2.61403,0.17694
89,2275,1,0.01,0.3,0.5,0.001,2.61686,0.16021
90,2275,1,0.01,0.3,0.5,0.001,2.61496,0.18694
91,2275,1,0.01,0.3,0.5,0.001,2.62146,0.22457
92,2275,1,0.01,0.3,0.5,0.001,2.61611,0.18229
93,2275,1,0.01,0.3,0.5,0.001,2.61928,0.19086
94,2275,1,0.01,0.3,0.5,0.001,2.61427,0.15625
95,2275,1,0.01,0.3,0.5,0.001,2.6188,0.16815
96,2275,1,0.01,0.3,0.5,0.001,2.61633,0.17561
97,2275,1,0.01,0.3,0.5,0.001,2.61664,0.18044
98,2275,1,0.01,0.3,0.5,0.001,2.61771,0.20964
99,2275,1,0.01,0.3,0.5,0.001,2.61875,0.19034
0,2682,1,0.01,0.3,0.5,0.01,3.41607,0.04558
1,2682,1,0.01,0.3,0.5,0.01,3.41589,0.04021
2,2682,1,0.01,0.3,0.5,0.01,3.41605,0.04944
3,2682,1,0.01,0.3,0.5,0.01,3.41598,0.05395
4,2682,1,0.01,0.3,0.5,0.01,3.41606,0.04473
5,2682,1,0.01,0.3,0.5,0.01,3.4159,0.05058
6,2682,1,0.01,0.3,0.5,0.01,3.4157,0.02901
7,2682,1,0.01,0.3,0.5,0.01,3.41597,0.04344
8,2682,1,0.01,0.3,0.5,0.01,3.4157,0.04023
9,2682,1,0.01,0.3,0.5,0.01,3.41593,0.03688
10,2682,1,0.01,0.3,0.5,0.01,3.41594,0.04107
11,2682,1,0.01,0.3,0.5,0.01,3.416,0.04967
12,2682,1,0.01,0.3,0.5,0.01,3.41604,0.05306
13,2682,1,0.01,0.3,0.5,0.01,3.41582,0.03933
14,2682,1,0.01,0.3,0.5,0.01,3.41608,0.04911
15,2682,1,0.01,0.3,0.5,0.01,3.4158,0.0464
16,2682,1,0.01,0.3,0.5,0.01,3.41622,0.05036
17,2682,1,0.01,0.3,0.5,0.01,3.4159,0.03756
18,2682,1,0.01,0.3,0.5,0.01,3.41581,0.0451
19,2682,1,0.01,0.3,0.5,0.01,3.41573,0.03555
20,2682,1,0.01,0.3,0.5,0.01,3.41589,0.03173
21,2682,1,0.01,0.3,0.5,0.01,3.41584,0.03135
22,2682,1,0.01,0.3,0.5,0.01,3.41586,0.03638
23,2682,1,0.01,0.3,0.5,0.01,3.41582,0.04392
24,2682,1,0.01,0.3,0.5,0.01,3.41586,0.04033
25,2682,1,0.01,0.3,0.5,0.01,3.41597,0.04509
26,2682,1,0.01,0.3,0.5,0.01,3.41574,0.02792
27,2682,1,0.01,0.3,0.5,0.01,3.41559,0.03437
28,2682,1,0.01,0.3,0.5,0.01,3.41616,0.04783
29,2682,1,0.01,0.3,0.5,0.01,3.41581,0.03052
30,2682,1,0.01,0.3,0.5,0.01,3.41599,0.05505
31,2682,1,0.01,0.3,0.5,0.01,3.41605,0.04526
32,2682,1,0.01,0.3,0.5,0.01,3.41625,0.0561
33,2682,1,0.01,0.3,0.5,0.01,3.41608,0.05174
34,2682,1,0.01,0.3,0.5,0.01,3.41608,0.05691
35,2682,1,0.01,0.3,0.5,0.01,3.41583,0.02729
36,2682,1,0.01,0.3,0.5,0.01,3.41574,0.04055
37,2682,1,0.01,0.3,0.5,0.01,3.41608,0.05043
38,2682,1,0.01,0.3,0.5,0.01,3.41584,0.02884
39,2682,1,0.01,0.3,0.5,0.01,3.41575,0.03467
40,2682,1,0.01,0.3,0.5,0.01,3.41607,0.05429
41,2682,1,0.01,0.3,0.5,0.01,3.41606,0.05184
42,2682,1,0.01,0.3,0.5,0.01,3.41654,0.07685
43,2682,1,0.01,0.3,0.5,0.01,3.41587,0.03229
44,2682,1,0.01,0.3,0.5,0.01,3.41605,0.0556
45,2682,1,0.01,0.3,0.5,0.01,3.41588,0.04434
46,2682,1,0.01,0.3,0.5,0.01,3.4158,0.04187
47,2682,1,0.01,0.3,0.5,0.01,3.41619,0.05731
48,2682,1,0.01,0.3,0.5,0.01,3.41583,0.03445
49,2682,1,0.01,0.3,0.5,0.01,3.41589,0.04631
50,2682,1,0.01,0.3,0.5,0.01,3.41606,0.05891
51,2682,1,0.01,0.3,0.5,0.01,3.41597,0.03823
52,2682,1,0.01,0.3,0.5,0.01,3.41614,0.05566
53,2682,1,0.01,0.3,0.5,0.01,3.41587,0.03764
54,2682,1,0.01,0.3,0.5,0.01,3.41608,0.04297
55,2682,1,0.01,0.3,0.5,0.01,3.41604,0.03917
56,2682,1,0.01,0.3,0.5,0.01,3.41602,0.04418
57,2682,1,0.01,0.3,0.5,0.01,3.41596,0.04086
58,2682,1,0.01,0.3,0.5,0.01,3.41589,0.0492
59,2682,1,0.01,0.3,0.5,0.01,3.41591,0.05038
60,2682,1,0.01,0.3,0.5,0.01,3.41597,0.05183
61,2682,1,0.01,0.3,0.5,0.01,3.41581,0.05299
62,2682,1,0.01,0.3,0.5,0.01,3.41594,0.04022
63,2682,1,0.01,0.3,0.5,0.01,3.41602,0.05049
64,2682,1,0.01,0.3,0.5,0.01,3.4158,0.04244
65,2682,1,0.01,0.3,0.5,0.01,3.41579,0.04049
66,2682,1,0.01,0.3,0.5,0.01,3.41585,0.03889
67,2682,1,0.01,0.3,0.5,0.01,3.41584,0.03618
68,2682,1,0.01,0.3,0.5,0.01,3.41574,0.0445
69,2682,1,0.01,0.3,0.5,0.01,3.41593,0.03609
70,2682,1,0.01,0.3,0.5,0.01,3.41593,0.04878
71,2682,1,0.01,0.3,0.5,0.01,3.4163,0.05477
72,2682,1,0.01,0.3,0.5,0.01,3.41606,0.04871
73,2682,1,0.01,0.3,0.5,0.01,3.41571,0.0288
74,2682,1,0.01,0.3,0.5,0.01,3.41602,0.05899
75,2682,1,0.01,0.3,0.5,0.01,3.41585,0.03545
76,2682,1,0.01,0.3,0.5,0.01,3.41603,0.03359
77,2682,1,0.01,0.3,0.5,0.01,3.41607,0.04911
78,2682,1,0.01,0.3,0.5,0.01,3.41589,0.03709
79,2682,1,0.01,0.3,0.5,0.01,3.41591,0.03354
80,2682,1,0.01,0.3,0.5,0.01,3.41596,0.04159
81,2682,1,0.01,0.3,0.5,0.01,3.41606,0.0378
82,2682,1,0.01,0.3,0.5,0.01,3.41589,0.0434
83,2682,1,0.01,0.3,0.5,0.01,3.41579,0.03218
84,2682,1,0.01,0.3,0.5,0.01,3.41585,0.03667
85,2682,1,0.01,0.3,0.5,0.01,3.41593,0.03693
0,2682,1,0.01,0.3,0.5,0.0025,3.03414,0.09313
1,2682,1,0.01,0.3,0.5,0.0025,3.03353,0.08958
2,2682,1,0.01,0.3,0.5,0.0025,3.03416,0.10885
3,2682,1,0.01,0.3,0.5,0.0025,3.03325,0.10758
4,2682,1,0.01,0.3,0.5,0.0025,3.03403,0.09171
5,2682,1,0.01,0.3,0.5,0.0025,3.03428,0.09308
6,2682,1,0.01,0.3,0.5,0.0025,3.03343,0.0627
7,2682,1,0.01,0.3,0.5,0.0025,3.03375,0.09099
8,2682,1,0.01,0.3,0.5,0.0025,3.03344,0.08913
9,2682,1,0.01,0.3,0.5,0.0025,3.03461,0.07911
10,2682,1,0.01,0.3,0.5,0.0025,3.03428,0.10385
11,2682,1,0.01,0.3,0.5,0.0025,3.03397,0.1063
12,2682,1,0.01,0.3,0.5,0.0025,3.03408,0.10741
13,2682,1,0.01,0.3,0.5,0.0025,3.03445,0.09658
14,2682,1,0.01,0.3,0.5,0.0025,3.03466,0.10887
15,2682,1,0.01,0.3,0.5,0.0025,3.03368,0.10052
16,2682,1,0.01,0.3,0.5,0.0025,3.03415,0.10285
17,2682,1,0.01,0.3,0.5,0.0025,3.03439,0.10511
18,2682,1,0.01,0.3,0.5,0.0025,3.0336,0.09691
19,2682,1,0.01,0.3,0.5,0.0025,3.03306,0.08297
20,2682,1,0.01,0.3,0.5,0.0025,3.03361,0.07878
21,2682,1,0.01,0.3,0.5,0.0025,3.03443,0.07954
22,2682,1,0.01,0.3,0.5,0.0025,3.03351,0.09651
23,2682,1,0.01,0.3,0.5,0.0025,3.03427,0.10975
24,2682,1,0.01,0.3,0.5,0.0025,3.03395,0.08994
25,2682,1,0.01,0.3,0.5,0.0025,3.03379,0.08806
26,2682,1,0.01,0.3,0.5,0.0025,3.0331,0.07298
27,2682,1,0.01,0.3,0.5,0.0025,3.03339,0.09877
28,2682,1,0.01,0.3,0.5,0.0025,3.03471,0.11297
29,2682,1,0.01,0.3,0.5,0.0025,3.03395,0.08971
30,2682,1,0.01,0.3,0.5,0.0025,3.03442,0.11966
31,2682,1,0.01,0.3,0.5,0.0025,3.03398,0.09661
32,2682,1,0.01,0.3,0.5,0.0025,3.03494,0.1137
33,2682,1,0.01,0.3,0.5,0.0025,3.03439,0.10368
34,2682,1,0.01,0.3,0.5,0.0025,3.03484,0.1107
35,2682,1,0.01,0.3,0.5,0.0025,3.03369,0.07276
36,2682,1,0.01,0.3,0.5,0.0025,3.03269,0.09529
37,2682,1,0.01,0.3,0.5,0.0025,3.03494,0.10926
38,2682,1,0.01,0.3,0.5,0.0025,3.03396,0.08357
39,2682,1,0.01,0.3,0.5,0.0025,3.03339,0.08077
40,2682,1,0.01,0.3,0.5,0.0025,3.03426,0.11227
41,2682,1,0.01,0.3,0.5,0.0025,3.03482,0.12072
42,2682,1,0.01,0.3,0.5,0.0025,3.03559,0.13724
43,2682,1,0.01,0.3,0.5,0.0025,3.03342,0.07632
44,2682,1,0.01,0.3,0.5,0.0025,3.03503,0.11548
45,2682,1,0.01,0.3,0.5,0.0025,3.03434,0.11368
46,2682,1,0.01,0.3,0.5,0.0025,3.03352,0.08754
47,2682,1,0.01,0.3,0.5,0.0025,3.03489,0.1219
48,2682,1,0.01,0.3,0.5,0.0025,3.03404,0.09851
49,2682,1,0.01,0.3,0.5,0.0025,3.03441,0.11167
50,2682,1,0.01,0.3,0.5,0.0025,3.0342,0.11236
51,2682,1,0.01,0.3,0.5,0.0025,3.03416,0.09198
52,2682,1,0.01,0.3,0.5,0.0025,3.03491,0.11351
53,2682,1,0.01,0.3,0.5,0.0025,3.03361,0.08484
54,2682,1,0.01,0.3,0.5,0.0025,3.03414,0.08869
55,2682,1,0.01,0.3,0.5,0.0025,3.03407,0.09099
56,2682,1,0.01,0.3,0.5,0.0025,3.03417,0.10106
57,2682,1,0.01,0.3,0.5,0.0025,3.03415,0.10075
58,2682,1,0.01,0.3,0.5,0.0025,3.0345,0.10696
59,2682,1,0.01,0.3,0.5,0.0025,3.03446,0.10455
60,2682,1,0.01,0.3,0.5,0.0025,3.03401,0.098
61,2682,1,0.01,0.3,0.5,0.0025,3.03421,0.11929
62,2682,1,0.01,0.3,0.5,0.0025,3.03384,0.09652
63,2682,1,0.01,0.3,0.5,0.0025,3.03494,0.1235
64,2682,1,0.01,0.3,0.5,0.0025,3.03419,0.10437
65,2682,1,0.01,0.3,0.5,0.0025,3.03457,0.09367
66,2682,1,0.01,0.3,0.5,0.0025,3.03349,0.08828
67,2682,1,0.01,0.3,0.5,0.0025,3.03418,0.10228
68,2682,1,0.01,0.3,0.5,0.0025,3.03355,0.10005
69,2682,1,0.01,0.3,0.5,0.0025,3.03379,0.08357
70,2682,1,0.01,0.3,0.5,0.0025,3.03352,0.10024
71,2682,1,0.01,0.3,0.5,0.0025,3.03492,0.12312
72,2682,1,0.01,0.3,0.5,0.0025,3.03466,0.10352
73,2682,1,0.01,0.3,0.5,0.0025,3.03338,0.07223
74,2682,1,0.01,0.3,0.5,0.0025,3.03398,0.11104
75,2682,1,0.01,0.3,0.5,0.0025,3.03307,0.0813
76,2682,1,0.01,0.3,0.5,0.0025,3.0331,0.07838
77,2682,1,0.01,0.3,0.5,0.0025,3.03385,0.09558
78,2682,1,0.01,0.3,0.5,0.0025,3.03408,0.07673
79,2682,1,0.01,0.3,0.5,0.0025,3.0336,0.08049
80,2682,1,0.01,0.3,0.5,0.0025,3.03448,0.10481
81,2682,1,0.01,0.3,0.5,0.0025,3.03457,0.09754
82,2682,1,0.01,0.3,0.5,0.0025,3.03387,0.0916
83,2682,1,0.01,0.3,0.5,0.0025,3.03352,0.07456
84,2682,1,0.01,0.3,0.5,0.0025,3.03351,0.07741
85,2682,1,0.01,0.3,0.5,0.0025,3.0333,0.0854
0,2682,1,0.01,0.3,0.5,0.001,2.62006,0.15799
1,2682,1,0.01,0.3,0.5,0.001,2.61962,0.1642
2,2682,1,0.01,0.3,0.5,0.001,2.61927,0.17336
3,2682,1,0.01,0.3,0.5,0.001,2.61687,0.17342
4,2682,1,0.01,0.3,0.5,0.001,2.6204,0.15665
5,2682,1,0.01,0.3,0.5,0.001,2.62092,0.15706
6,2682,1,0.01,0.3,0.5,0.001,2.61806,0.10771
7,2682,1,0.01,0.3,0.5,0.001,2.6194,0.15576
8,2682,1,0.01,0.3,0.5,0.001,2.61773,0.1441
9,2682,1,0.01,0.3,0.5,0.001,2.6223,0.13175
10,2682,1,0.01,0.3,0.5,0.001,2.62128,0.17307
11,2682,1,0.01,0.3,0.5,0.001,2.61947,0.17405
12,2682,1,0.01,0.3,0.5,0.001,2.62131,0.1773
13,2682,1,0.01,0.3,0.5,0.001,2.62145,0.16182
14,2682,1,0.01,0.3,0.5,0.001,2.62159,0.16721
15,2682,1,0.01,0.3,0.5,0.001,2.61874,0.16142
16,2682,1,0.01,0.3,0.5,0.001,2.61957,0.16232
17,2682,1,0.01,0.3,0.5,0.001,2.6218,0.17898
18,2682,1,0.01,0.3,0.5,0.001,2.61834,0.16091
19,2682,1,0.01,0.3,0.5,0.001,2.61785,0.15097
20,2682,1,0.01,0.3,0.5,0.001,2.61982,0.15903
21,2682,1,0.01,0.3,0.5,0.001,2.62214,0.1471
22,2682,1,0.01,0.3,0.5,0.001,2.61911,0.17957
23,2682,1,0.01,0.3,0.5,0.001,2.62161,0.18379
24,2682,1,0.01,0.3,0.5,0.001,2.61954,0.15443
25,2682,1,0.01,0.3,0.5,0.001,2.6195,0.15188
26,2682,1,0.01,0.3,0.5,0.001,2.61824,0.14507
27,2682,1,0.01,0.3,0.5,0.001,2.61927,0.18209
28,2682,1,0.01,0.3,0.5,0.001,2.62195,0.17655
29,2682,1,0.01,0.3,0.5,0.001,2.61994,0.15964
30,2682,1,0.01,0.3,0.5,0.001,2.62146,0.19175
31,2682,1,0.01,0.3,0.5,0.001,2.61987,0.16339
32,2682,1,0.01,0.3,0.5,0.001,2.62255,0.17787
33,2682,1,0.01,0.3,0.5,0.001,2.62094,0.16428
34,2682,1,0.01,0.3,0.5,0.001,2.62155,0.17244
35,2682,1,0.01,0.3,0.5,0.001,2.62061,0.13777
36,2682,1,0.01,0.3,0.5,0.001,2.61567,0.15942
37,2682,1,0.01,0.3,0.5,0.001,2.62206,0.17062
38,2682,1,0.01,0.3,0.5,0.001,2.62067,0.15676
39,2682,1,0.01,0.3,0.5,0.001,2.61843,0.13747
40,2682,1,0.01,0.3,0.5,0.001,2.62064,0.17786
41,2682,1,0.01,0.3,0.5,0.001,2.62361,0.19295
42,2682,1,0.01,0.3,0.5,0.001,2.62269,0.20461
43,2682,1,0.01,0.3,0.5,0.001,2.61861,0.13157
44,2682,1,0.01,0.3,0.5,0.001,2.62291,0.18841
45,2682,1,0.01,0.3,0.5,0.001,2.62027,0.17321
46,2682,1,0.01,0.3,0.5,0.001,2.61882,0.1587
47,2682,1,0.01,0.3,0.5,0.001,2.62191,0.19275
48,2682,1,0.01,0.3,0.5,0.001,2.62148,0.17976
49,2682,1,0.01,0.3,0.5,0.001,2.62243,0.19554
50,2682,1,0.01,0.3,0.5,0.001,2.61955,0.17319
51,2682,1,0.01,0.3,0.5,0.001,2.61948,0.15967
52,2682,1,0.01,0.3,0.5,0.001,2.62333,0.18657
53,2682,1,0.01,0.3,0.5,0.001,2.61822,0.14467
54,2682,1,0.01,0.3,0.5,0.001,2.62058,0.14821
55,2682,1,0.01,0.3,0.5,0.001,2.62122,0.15265
56,2682,1,0.01,0.3,0.5,0.001,2.62161,0.17535
57,2682,1,0.01,0.3,0.5,0.001,2.62023,0.16693
58,2682,1,0.01,0.3,0.5,0.001,2.62193,0.17979
59,2682,1,0.01,0.3,0.5,0.001,2.62178,0.17569
60,2682,1,0.01,0.3,0.5,0.001,2.61983,0.16766
61,2682,1,0.01,0.3,0.5,0.001,2.62024,0.18855
62,2682,1,0.01,0.3,0.5,0.001,2.61954,0.16764
63,2682,1,0.01,0.3,0.5,0.001,2.6237,0.19139
64,2682,1,0.01,0.3,0.5,0.001,2.6199,0.17189
65,2682,1,0.01,0.3,0.5,0.001,2.62234,0.15876
66,2682,1,0.01,0.3,0.5,0.001,2.61844,0.14777
67,2682,1,0.01,0.3,0.5,0.001,2.62138,0.17671
68,2682,1,0.01,0.3,0.5,0.001,2.61832,0.16614
69,2682,1,0.01,0.3,0.5,0.001,2.61958,0.14596
70,2682,1,0.01,0.3,0.5,0.001,2.61802,0.16337
71,2682,1,0.01,0.3,0.5,0.001,2.62063,0.19411
72,2682,1,0.01,0.3,0.5,0.001,2.62224,0.16491
73,2682,1,0.01,0.3,0.5,0.001,2.61857,0.13224
74,2682,1,0.01,0.3,0.5,0.001,2.61887,0.16838
75,2682,1,0.01,0.3,0.5,0.001,2.61721,0.14231
76,2682,1,0.01,0.3,0.5,0.001,2.61709,0.13828
77,2682,1,0.01,0.3,0.5,0.001,2.61988,0.1538
78,2682,1,0.01,0.3,0.5,0.001,2.62004,0.12562
79,2682,1,0.01,0.3,0.5,0.001,2.62019,0.14717
80,2682,1,0.01,0.3,0.5,0.001,2.62192,0.18194
81,2682,1,0.01,0.3,0.5,0.001,2.62236,0.16511
82,2682,1,0.01,0.3,0.5,0.001,2.61908,0.14586
83,2682,1,0.01,0.3,0.5,0.001,2.61898,0.13338
84,2682,1,0.01,0.3,0.5,0.001,2.61799,0.13221
85,2682,1,0.01,0.3,0.5,0.001,2.61884,0.14969
0,2682,1,0.01,0.3,0.5,0.01,3.41374,0.03714
1,2682,1,0.01,0.3,0.5,0.01,3.41378,0.03954
2,2682,1,0.01,0.3,0.5,0.01,3.41381,0.04265
3,2682,1,0.01,0.3,0.5,0.01,3.41417,0.05171
4,2682,1,0.01,0.3,0.5,0.01,3.414,0.06929
5,2682,1,0.01,0.3,0.5,0.01,3.41379,0.04321
6,2682,1,0.01,0.3,0.5,0.01,3.414,0.04646
7,2682,1,0.01,0.3,0.5,0.01,3.41383,0.03823
8,2682,1,0.01,0.3,0.5,0.01,3.41346,0.0269
9,2682,1,0.01,0.3,0.5,0.01,3.41357,0.03938
10,2682,1,0.01,0.3,0.5,0.01,3.41399,0.06038
11,2682,1,0.01,0.3,0.5,0.01,3.41369,0.05379
12,2682,1,0.01,0.3,0.5,0.01,3.41385,0.0499
13,2682,1,0.01,0.3,0.5,0.01,3.41409,0.05668
0,2682,1,0.01,0.3,0.5,0.0025,3.03219,0.0894
1,2682,1,0.01,0.3,0.5,0.0025,3.03246,0.0939
2,2682,1,0.01,0.3,0.5,0.0025,3.03351,0.11176
3,2682,1,0.01,0.3,0.5,0.0025,3.03242,0.10282
4,2682,1,0.01,0.3,0.5,0.0025,3.03363,0.13812
5,2682,1,0.01,0.3,0.5,0.0025,3.03252,0.08997
6,2682,1,0.01,0.3,0.5,0.0025,3.03241,0.10512
7,2682,1,0.01,0.3,0.5,0.0025,3.03173,0.07973
8,2682,1,0.01,0.3,0.5,0.0025,3.03138,0.07288
9,2682,1,0.01,0.3,0.5,0.0025,3.03222,0.09691
10,2682,1,0.01,0.3,0.5,0.0025,3.03282,0.12585
11,2682,1,0.01,0.3,0.5,0.0025,3.03277,0.11779
12,2682,1,0.01,0.3,0.5,0.0025,3.03314,0.11327
13,2682,1,0.01,0.3,0.5,0.0025,3.0335,0.12465
0,2682,1,0.01,0.3,0.5,0.001,2.61875,0.15914
1,2682,1,0.01,0.3,0.5,0.001,2.62095,0.17226
2,2682,1,0.01,0.3,0.5,0.001,2.62384,0.18513
3,2682,1,0.01,0.3,0.5,0.001,2.61943,0.17262
4,2682,1,0.01,0.3,0.5,0.001,2.6226,0.21677
5,2682,1,0.01,0.3,0.5,0.001,2.6198,0.14987
6,2682,1,0.01,0.3,0.5,0.001,2.61928,0.17513
7,2682,1,0.01,0.3,0.5,0.001,2.61715,0.13426
8,2682,1,0.01,0.3,0.5,0.001,2.61696,0.12847
9,2682,1,0.01,0.3,0.5,0.001,2.61975,0.16453
10,2682,1,0.01,0.3,0.5,0.001,2.61989,0.20362
11,2682,1,0.01,0.3,0.5,0.001,2.62106,0.18567
12,2682,1,0.01,0.3,0.5,0.001,2.62101,0.17976
13,2682,1,0.01,0.3,0.5,0.001,2.62235,0.20046
0,3162,1,0.01,0.3,0.5,0.01,3.41591,0.04656
1,3162,1,0.01,0.3,0.5,0.01,3.41572,0.03792
2,3162,1,0.01,0.3,0.5,0.01,3.4158,0.03805
3,3162,1,0.01,0.3,0.5,0.01,3.41588,0.05006
4,3162,1,0.01,0.3,0.5,0.01,3.41567,0.0346
5,3162,1,0.01,0.3,0.5,0.01,3.41585,0.04632
6,3162,1,0.01,0.3,0.5,0.01,3.41616,0.05762
7,3162,1,0.01,0.3,0.5,0.01,3.41577,0.04237
8,3162,1,0.01,0.3,0.5,0.01,3.41574,0.04359
9,3162,1,0.01,0.3,0.5,0.01,3.41564,0.0372
10,3162,1,0.01,0.3,0.5,0.01,3.41579,0.0395
11,3162,1,0.01,0.3,0.5,0.01,3.41585,0.03275
12,3162,1,0.01,0.3,0.5,0.01,3.41566,0.0379
13,3162,1,0.01,0.3,0.5,0.01,3.41567,0.03145
14,3162,1,0.01,0.3,0.5,0.01,3.41605,0.05171
15,3162,1,0.01,0.3,0.5,0.01,3.41571,0.03955
16,3162,1,0.01,0.3,0.5,0.01,3.41561,0.04115
17,3162,1,0.01,0.3,0.5,0.01,3.41601,0.04734
18,3162,1,0.01,0.3,0.5,0.01,3.41566,0.03383
19,3162,1,0.01,0.3,0.5,0.01,3.41613,0.05683
20,3162,1,0.01,0.3,0.5,0.01,3.41587,0.04671
21,3162,1,0.01,0.3,0.5,0.01,3.41612,0.04244
22,3162,1,0.01,0.3,0.5,0.01,3.41567,0.04178
23,3162,1,0.01,0.3,0.5,0.01,3.41584,0.04057
24,3162,1,0.01,0.3,0.5,0.01,3.41583,0.04139
25,3162,1,0.01,0.3,0.5,0.01,3.41569,0.04681
26,3162,1,0.01,0.3,0.5,0.01,3.41579,0.05357
27,3162,1,0.01,0.3,0.5,0.01,3.41583,0.03697
28,3162,1,0.01,0.3,0.5,0.01,3.41559,0.04128
29,3162,1,0.01,0.3,0.5,0.01,3.41559,0.03687
30,3162,1,0.01,0.3,0.5,0.01,3.41569,0.03779
31,3162,1,0.01,0.3,0.5,0.01,3.41582,0.03678
32,3162,1,0.01,0.3,0.5,0.01,3.41587,0.04656
33,3162,1,0.01,0.3,0.5,0.01,3.41582,0.04465
34,3162,1,0.01,0.3,0.5,0.01,3.41594,0.04577
35,3162,1,0.01,0.3,0.5,0.01,3.41568,0.03888
36,3162,1,0.01,0.3,0.5,0.01,3.41584,0.04377
37,3162,1,0.01,0.3,0.5,0.01,3.41588,0.04479
38,3162,1,0.01,0.3,0.5,0.01,3.41563,0.03733
39,3162,1,0.01,0.3,0.5,0.01,3.41624,0.06526
40,3162,1,0.01,0.3,0.5,0.01,3.41615,0.05445
41,3162,1,0.01,0.3,0.5,0.01,3.41566,0.04558
42,3162,1,0.01,0.3,0.5,0.01,3.41577,0.02565
43,3162,1,0.01,0.3,0.5,0.01,3.41579,0.03481
44,3162,1,0.01,0.3,0.5,0.01,3.41609,0.05879
45,3162,1,0.01,0.3,0.5,0.01,3.41604,0.0569
46,3162,1,0.01,0.3,0.5,0.01,3.41579,0.04948
47,3162,1,0.01,0.3,0.5,0.01,3.41561,0.04217
48,3162,1,0.01,0.3,0.5,0.01,3.41579,0.03634
49,3162,1,0.01,0.3,0.5,0.01,3.41597,0.05057
50,3162,1,0.01,0.3,0.5,0.01,3.41585,0.04713
51,3162,1,0.01,0.3,0.5,0.01,3.41574,0.0428
52,3162,1,0.01,0.3,0.5,0.01,3.41577,0.03745
53,3162,1,0.01,0.3,0.5,0.01,3.41585,0.04494
54,3162,1,0.01,0.3,0.5,0.01,3.41577,0.04673
55,3162,1,0.01,0.3,0.5,0.01,3.41594,0.05091
56,3162,1,0.01,0.3,0.5,0.01,3.41591,0.0465
57,3162,1,0.01,0.3,0.5,0.01,3.4158,0.04066
58,3162,1,0.01,0.3,0.5,0.01,3.41618,0.06079
59,3162,1,0.01,0.3,0.5,0.01,3.41569,0.03546
60,3162,1,0.01,0.3,0.5,0.01,3.41603,0.05009
61,3162,1,0.01,0.3,0.5,0.01,3.41594,0.04094
0,3162,1,0.01,0.3,0.5,0.0025,3.03394,0.09729
1,3162,1,0.01,0.3,0.5,0.0025,3.03343,0.07767
2,3162,1,0.01,0.3,0.5,0.0025,3.03356,0.07559
3,3162,1,0.01,0.3,0.5,0.0025,3.03448,0.10423
4,3162,1,0.01,0.3,0.5,0.0025,3.03415,0.09371
5,3162,1,0.01,0.3,0.5,0.0025,3.03434,0.10748
6,3162,1,0.01,0.3,0.5,0.0025,3.03448,0.1096
7,3162,1,0.01,0.3,0.5,0.0025,3.03363,0.0891
8,3162,1,0.01,0.3,0.5,0.0025,3.03406,0.09248
9,3162,1,0.01,0.3,0.5,0.0025,3.03425,0.08063
10,3162,1,0.01,0.3,0.5,0.0025,3.03343,0.08569
11,3162,1,0.01,0.3,0.5,0.0025,3.03358,0.06395
12,3162,1,0.01,0.3,0.5,0.0025,3.03392,0.07628
13,3162,1,0.01,0.3,0.5,0.0025,3.03377,0.07756
14,3162,1,0.01,0.3,0.5,0.0025,3.03337,0.09273
15,3162,1,0.01,0.3,0.5,0.0025,3.03386,0.08794
16,3162,1,0.01,0.3,0.5,0.0025,3.03302,0.10128
17,3162,1,0.01,0.3,0.5,0.0025,3.03415,0.09733
18,3162,1,0.01,0.3,0.5,0.0025,3.03391,0.07657
19,3162,1,0.01,0.3,0.5,0.0025,3.03599,0.12173
20,3162,1,0.01,0.3,0.5,0.0025,3.03401,0.09952
21,3162,1,0.01,0.3,0.5,0.0025,3.03473,0.08445
22,3162,1,0.01,0.3,0.5,0.0025,3.03416,0.09037
23,3162,1,0.01,0.3,0.5,0.0025,3.03393,0.09059
24,3162,1,0.01,0.3,0.5,0.0025,3.03404,0.0972
25,3162,1,0.01,0.3,0.5,0.0025,3.03412,0.09663
26,3162,1,0.01,0.3,0.5,0.0025,3.03385,0.10504
27,3162,1,0.01,0.3,0.5,0.0025,3.03337,0.07029
28,3162,1,0.01,0.3,0.5,0.0025,3.03338,0.0834
29,3162,1,0.01,0.3,0.5,0.0025,3.03303,0.10746
30,3162,1,0.01,0.3,0.5,0.0025,3.03313,0.07574
31,3162,1,0.01,0.3,0.5,0.0025,3.03477,0.09856
32,3162,1,0.01,0.3,0.5,0.0025,3.0344,0.1031
33,3162,1,0.01,0.3,0.5,0.0025,3.03386,0.09539
34,3162,1,0.01,0.3,0.5,0.0025,3.03487,0.10718
35,3162,1,0.01,0.3,0.5,0.0025,3.03379,0.09129
36,3162,1,0.01,0.3,0.5,0.0025,3.03469,0.09753
37,3162,1,0.01,0.3,0.5,0.0025,3.03502,0.11548
38,3162,1,0.01,0.3,0.5,0.0025,3.03304,0.08058
39,3162,1,0.01,0.3,0.5,0.0025,3.03571,0.12318
40,3162,1,0.01,0.3,0.5,0.0025,3.03449,0.10422
41,3162,1,0.01,0.3,0.5,0.0025,3.03381,0.10411
42,3162,1,0.01,0.3,0.5,0.0025,3.03431,0.06776
43,3162,1,0.01,0.3,0.5,0.0025,3.03345,0.08653
44,3162,1,0.01,0.3,0.5,0.0025,3.03528,0.11242
45,3162,1,0.01,0.3,0.5,0.0025,3.03471,0.11315
46,3162,1,0.01,0.3,0.5,0.0025,3.03392,0.0995
47,3162,1,0.01,0.3,0.5,0.0025,3.03398,0.09335
48,3162,1,0.01,0.3,0.5,0.0025,3.0333,0.08511
49,3162,1,0.01,0.3,0.5,0.0025,3.03393,0.10627
50,3162,1,0.01,0.3,0.5,0.0025,3.03447,0.11105
51,3162,1,0.01,0.3,0.5,0.0025,3.03342,0.08191
52,3162,1,0.01,0.3,0.5,0.0025,3.0333,0.07908
53,3162,1,0.01,0.3,0.5,0.0025,3.03421,0.0845
54,3162,1,0.01,0.3,0.5,0.0025,3.03409,0.09799
55,3162,1,0.01,0.3,0.5,0.0025,3.03422,0.10074
56,3162,1,0.01,0.3,0.5,0.0025,3.03455,0.10184
57,3162,1,0.01,0.3,0.5,0.0025,3.03422,0.09035
58,3162,1,0.01,0.3,0.5,0.0025,3.03433,0.10545
59,3162,1,0.01,0.3,0.5,0.0025,3.03379,0.07486
60,3162,1,0.01,0.3,0.5,0.0025,3.03399,0.0927
61,3162,1,0.01,0.3,0.5,0.0025,3.03451,0.10204
0,3162,1,0.01,0.3,0.5,0.001,2.61897,0.16362
1,3162,1,0.01,0.3,0.5,0.001,2.61794,0.13264
2,3162,1,0.01,0.3,0.5,0.001,2.61885,0.13031
3,3162,1,0.01,0.3,0.5,0.001,2.62189,0.16869
4,3162,1,0.01,0.3,0.5,0.001,2.6213,0.17361
5,3162,1,0.01,0.3,0.5,0.001,2.62153,0.17906
6,3162,1,0.01,0.3,0.5,0.001,2.61982,0.16183
7,3162,1,0.01,0.3,0.5,0.001,2.61866,0.14777
8,3162,1,0.01,0.3,0.5,0.001,2.62137,0.15348
9,3162,1,0.01,0.3,0.5,0.001,2.62049,0.13569
10,3162,1,0.01,0.3,0.5,0.001,2.61804,0.14784
11,3162,1,0.01,0.3,0.5,0.001,2.61827,0.10604
12,3162,1,0.01,0.3,0.5,0.001,2.61975,0.12924
13,3162,1,0.01,0.3,0.5,0.001,2.61904,0.13307
14,3162,1,0.01,0.3,0.5,0.001,2.61681,0.14292
15,3162,1,0.01,0.3,0.5,0.001,2.61831,0.13854
16,3162,1,0.01,0.3,0.5,0.001,2.61807,0.17132
17,3162,1,0.01,0.3,0.5,0.001,2.62013,0.16346
18,3162,1,0.01,0.3,0.5,0.001,2.61888,0.12589
19,3162,1,0.01,0.3,0.5,0.001,2.62535,0.18675
20,3162,1,0.01,0.3,0.5,0.001,2.61894,0.15772
21,3162,1,0.01,0.3,0.5,0.001,2.62265,0.13752
22,3162,1,0.01,0.3,0.5,0.001,2.61995,0.14411
23,3162,1,0.01,0.3,0.5,0.001,2.62021,0.15763
24,3162,1,0.01,0.3,0.5,0.001,2.61992,0.15567
25,3162,1,0.01,0.3,0.5,0.001,2.62016,0.15484
26,3162,1,0.01,0.3,0.5,0.001,2.61875,0.16253
27,3162,1,0.01,0.3,0.5,0.001,2.61759,0.11724
28,3162,1,0.01,0.3,0.5,0.001,2.61864,0.14173
29,3162,1,0.01,0.3,0.5,0.001,2.61654,0.17598
30,3162,1,0.01,0.3,0.5,0.001,2.61724,0.13035
31,3162,1,0.01,0.3,0.5,0.001,2.62297,0.16275
32,3162,1,0.01,0.3,0.5,0.001,2.62007,0.15851
33,3162,1,0.01,0.3,0.5,0.001,2.61931,0.15484
34,3162,1,0.01,0.3,0.5,0.001,2.62311,0.1766
35,3162,1,0.01,0.3,0.5,0.001,2.61899,0.14594
36,3162,1,0.01,0.3,0.5,0.001,2.62267,0.16243
37,3162,1,0.01,0.3,0.5,0.001,2.62345,0.19174
38,3162,1,0.01,0.3,0.5,0.001,2.61721,0.1413
39,3162,1,0.01,0.3,0.5,0.001,2.62479,0.18891
40,3162,1,0.01,0.3,0.5,0.001,2.62112,0.16161
41,3162,1,0.01,0.3,0.5,0.001,2.62047,0.1647
42,3162,1,0.01,0.3,0.5,0.001,2.62264,0.13326
43,3162,1,0.01,0.3,0.5,0.001,2.61917,0.14599
44,3162,1,0.01,0.3,0.5,0.001,2.62255,0.17518
45,3162,1,0.01,0.3,0.5,0.001,2.62253,0.18206
46,3162,1,0.01,0.3,0.5,0.001,2.61939,0.16002
47,3162,1,0.01,0.3,0.5,0.001,2.61993,0.15465
48,3162,1,0.01,0.3,0.5,0.001,2.61736,0.147
49,3162,1,0.01,0.3,0.5,0.001,2.61959,0.1718
50,3162,1,0.01,0.3,0.5,0.001,2.62115,0.18357
51,3162,1,0.01,0.3,0.5,0.001,2.61748,0.13529
52,3162,1,0.01,0.3,0.5,0.001,2.61708,0.12723
53,3162,1,0.01,0.3,0.5,0.001,2.62067,0.1401
54,3162,1,0.01,0.3,0.5,0.001,2.61979,0.16034
55,3162,1,0.01,0.3,0.5,0.001,2.62062,0.15835
56,3162,1,0.01,0.3,0.5,0.001,2.62161,0.17079
57,3162,1,0.01,0.3,0.5,0.001,2.62043,0.14853
58,3162,1,0.01,0.3,0.5,0.001,2.61991,0.16146
59,3162,1,0.01,0.3,0.5,0.001,2.61906,0.12111
60,3162,1,0.01,0.3,0.5,0.001,2.6201,0.14371
61,3162,1,0.01,0.3,0.5,0.001,2.62164,0.17203
0,3162,1,0.01,0.3,0.5,0.01,3.41691,0.0549
1,3162,1,0.01,0.3,0.5,0.01,3.4168,0.037
2,3162,1,0.01,0.3,0.5,0.01,3.41704,0.05131
3,3162,1,0.01,0.3,0.5,0.01,3.41695,0.04879
4,3162,1,0.01,0.3,0.5,0.01,3.4167,0.03476
5,3162,1,0.01,0.3,0.5,0.01,3.41669,0.03597
6,3162,1,0.01,0.3,0.5,0.01,3.41688,0.03916
7,3162,1,0.01,0.3,0.5,0.01,3.4168,0.05125
8,3162,1,0.01,0.3,0.5,0.01,3.417,0.04624
9,3162,1,0.01,0.3,0.5,0.01,3.41689,0.04048
10,3162,1,0.01,0.3,0.5,0.01,3.41678,0.04203
11,3162,1,0.01,0.3,0.5,0.01,3.41663,0.03595
12,3162,1,0.01,0.3,0.5,0.01,3.41687,0.05071
13,3162,1,0.01,0.3,0.5,0.01,3.41692,0.04883
14,3162,1,0.01,0.3,0.5,0.01,3.41688,0.05827
15,3162,1,0.01,0.3,0.5,0.01,3.41673,0.03954
16,3162,1,0.01,0.3,0.5,0.01,3.41688,0.05373
17,3162,1,0.01,0.3,0.5,0.01,3.41675,0.03496
18,3162,1,0.01,0.3,0.5,0.01,3.41704,0.04942
19,3162,1,0.01,0.3,0.5,0.01,3.41713,0.05791
20,3162,1,0.01,0.3,0.5,0.01,3.41672,0.03744
21,3162,1,0.01,0.3,0.5,0.01,3.41681,0.04977
22,3162,1,0.01,0.3,0.5,0.01,3.41719,0.06177
23,3162,1,0.01,0.3,0.5,0.01,3.41681,0.05319
24,3162,1,0.01,0.3,0.5,0.01,3.41683,0.04151
25,3162,1,0.01,0.3,0.5,0.01,3.4167,0.03386
26,3162,1,0.01,0.3,0.5,0.01,3.41675,0.03987
27,3162,1,0.01,0.3,0.5,0.01,3.41668,0.03708
28,3162,1,0.01,0.3,0.5,0.01,3.4167,0.03406
29,3162,1,0.01,0.3,0.5,0.01,3.41702,0.0598
30,3162,1,0.01,0.3,0.5,0.01,3.41658,0.03321
31,3162,1,0.01,0.3,0.5,0.01,3.41696,0.05223
32,3162,1,0.01,0.3,0.5,0.01,3.41705,0.04522
33,3162,1,0.01,0.3,0.5,0.01,3.41662,0.03204
34,3162,1,0.01,0.3,0.5,0.01,3.4168,0.04375
35,3162,1,0.01,0.3,0.5,0.01,3.4167,0.04427
36,3162,1,0.01,0.3,0.5,0.01,3.41668,0.025
37,3162,1,0.01,0.3,0.5,0.01,3.41706,0.05285
0,3162,1,0.01,0.3,0.5,0.0025,3.03503,0.10908
1,3162,1,0.01,0.3,0.5,0.0025,3.03507,0.0852
2,3162,1,0.01,0.3,0.5,0.0025,3.03512,0.09965
3,3162,1,0.01,0.3,0.5,0.0025,3.03534,0.11136
4,3162,1,0.01,0.3,0.5,0.0025,3.03368,0.07287
5,3162,1,0.01,0.3,0.5,0.0025,3.03459,0.08209
6,3162,1,0.01,0.3,0.5,0.0025,3.03537,0.09383
7,3162,1,0.01,0.3,0.5,0.0025,3.0349,0.10049
8,3162,1,0.01,0.3,0.5,0.0025,3.03535,0.1059
9,3162,1,0.01,0.3,0.5,0.0025,3.03481,0.09738
10,3162,1,0.01,0.3,0.5,0.0025,3.03515,0.08325
11,3162,1,0.01,0.3,0.5,0.0025,3.03423,0.09065
12,3162,1,0.01,0.3,0.5,0.0025,3.03494,0.08918
13,3162,1,0.01,0.3,0.5,0.0025,3.03563,0.09752
14,3162,1,0.01,0.3,0.5,0.0025,3.0349,0.11558
15,3162,1,0.01,0.3,0.5,0.0025,3.03423,0.08592
16,3162,1,0.01,0.3,0.5,0.0025,3.03496,0.11273
17,3162,1,0.01,0.3,0.5,0.0025,3.03455,0.08075
18,3162,1,0.01,0.3,0.5,0.0025,3.03573,0.10505
19,3162,1,0.01,0.3,0.5,0.0025,3.03523,0.10492
20,3162,1,0.01,0.3,0.5,0.0025,3.0341,0.08231
21,3162,1,0.01,0.3,0.5,0.0025,3.03494,0.10062
22,3162,1,0.01,0.3,0.5,0.0025,3.03547,0.11529
23,3162,1,0.01,0.3,0.5,0.0025,3.03477,0.10908
24,3162,1,0.01,0.3,0.5,0.0025,3.03503,0.09145
25,3162,1,0.01,0.3,0.5,0.0025,3.03422,0.07844
26,3162,1,0.01,0.3,0.5,0.0025,3.03424,0.08595
27,3162,1,0.01,0.3,0.5,0.0025,3.03462,0.10881
28,3162,1,0.01,0.3,0.5,0.0025,3.03399,0.07417
29,3162,1,0.01,0.3,0.5,0.0025,3.03573,0.11623
30,3162,1,0.01,0.3,0.5,0.0025,3.03372,0.07681
31,3162,1,0.01,0.3,0.5,0.0025,3.03485,0.10151
32,3162,1,0.01,0.3,0.5,0.0025,3.03577,0.10574
33,3162,1,0.01,0.3,0.5,0.0025,3.03381,0.0801
34,3162,1,0.01,0.3,0.5,0.0025,3.0351,0.10079
35,3162,1,0.01,0.3,0.5,0.0025,3.03481,0.08639
36,3162,1,0.01,0.3,0.5,0.0025,3.03406,0.07867
37,3162,1,0.01,0.3,0.5,0.0025,3.03498,0.10263
0,3162,1,0.01,0.3,0.5,0.001,2.62083,0.16239
1,3162,1,0.01,0.3,0.5,0.001,2.62166,0.1408
2,3162,1,0.01,0.3,0.5,0.001,2.62097,0.15897
3,3162,1,0.01,0.3,0.5,0.001,2.62179,0.16849
4,3162,1,0.01,0.3,0.5,0.001,2.61762,0.12871
5,3162,1,0.01,0.3,0.5,0.001,2.62007,0.13091
6,3162,1,0.01,0.3,0.5,0.001,2.62373,0.16806
7,3162,1,0.01,0.3,0.5,0.001,2.6199,0.15788
8,3162,1,0.01,0.3,0.5,0.001,2.62104,0.17022
9,3162,1,0.01,0.3,0.5,0.001,2.62136,0.16557
10,3162,1,0.01,0.3,0.5,0.001,2.62191,0.13975
11,3162,1,0.01,0.3,0.5,0.001,2.61916,0.15351
12,3162,1,0.01,0.3,0.5,0.001,2.62097,0.14441
13,3162,1,0.01,0.3,0.5,0.001,2.62323,0.14908
14,3162,1,0.01,0.3,0.5,0.001,2.62052,0.18395
15,3162,1,0.01,0.3,0.5,0.001,2.6196,0.15226
16,3162,1,0.01,0.3,0.5,0.001,2.6207,0.18075
17,3162,1,0.01,0.3,0.5,0.001,2.62012,0.13824
18,3162,1,0.01,0.3,0.5,0.001,2.62331,0.1645
19,3162,1,0.01,0.3,0.5,0.001,2.62086,0.16353
20,3162,1,0.01,0.3,0.5,0.001,2.61825,0.13136
21,3162,1,0.01,0.3,0.5,0.001,2.6216,0.16164
22,3162,1,0.01,0.3,0.5,0.001,2.61979,0.16778
23,3162,1,0.01,0.3,0.5,0.001,2.62094,0.17523
24,3162,1,0.01,0.3,0.5,0.001,2.62116,0.14933
25,3162,1,0.01,0.3,0.5,0.001,2.61968,0.13853
26,3162,1,0.01,0.3,0.5,0.001,2.61896,0.14871
27,3162,1,0.01,0.3,0.5,0.001,2.62128,0.18086
28,3162,1,0.01,0.3,0.5,0.001,2.61817,0.13049
29,3162,1,0.01,0.3,0.5,0.001,2.62328,0.1818
30,3162,1,0.01,0.3,0.5,0.001,2.6176,0.13066
31,3162,1,0.01,0.3,0.5,0.001,2.62031,0.15351
32,3162,1,0.01,0.3,0.5,0.001,2.62295,0.16833
33,3162,1,0.01,0.3,0.5,0.001,2.61797,0.13696
34,3162,1,0.01,0.3,0.5,0.001,2.62232,0.17181
35,3162,1,0.01,0.3,0.5,0.001,2.62085,0.14013
36,3162,1,0.01,0.3,0.5,0.001,2.61914,0.14052
37,3162,1,0.01,0.3,0.5,0.001,2.62029,0.15842
