,L2,L2_true,N,std,jump,jump_prob,ve,dim
0,1.7546361475346723,1.7744762899254922,37,0.05,0.3,0.5,0.001,1
