,L2,L2_true,N,std,jump,jump_prob,ve,dim
0,4.013308774717695,1.89086391872658,5,0.01,0.3,0.5,0.01,3
