,L2,L2_true,N,std,jump,jump_prob,ve,dim
0,12.382820676928473,11.9546072871824,439,0.01,0.3,0.5,0.0025,3
