,L2,L2_true,N,std,jump,jump_prob,ve,dim
0,2.46342327793849,2.4227890125627747,10,0.05,0.3,0.5,0.001,1
