,L2,L2_true,N,std,jump,jump_prob,ve,dim
0,0.32154489572176226,0.22919208142397662,1930,0.05,0.3,0.5,0.001,1
