,L2,L2_true,N,std,jump,jump_prob,ve,dim
0,1.583794384842996,1.5559504880055328,51,0.05,0.3,0.5,0.001,1
