,L2,L2_true,N,std,jump,jump_prob,ve,dim
0,3.4553357664525897,0.5143132577795463,719,0.01,0.3,0.5,0.01,2
