,L2,L2_true,N,std,jump,jump_prob,ve,dim
0,1.7556948715889436,1.6279348112095302,3,0.05,0.3,0.5,0.001,1
