,L2,L2_true,N,std,jump,jump_prob,ve,dim
0,4.968601185435189,3.589086417536067,268,0.01,0.3,0.5,0.01,3
