,L2,L2_true,N,std,jump,jump_prob,ve,dim
0,3.7597653190913536,1.539333662082588,117,0.01,0.3,0.5,0.01,2
