,L2,L2_true,N,std,jump,jump_prob,ve,dim
0,4.014280304840553,1.9198093513317716,11,0.01,0.3,0.5,0.01,2
