,L2,L2_true,N,std,jump,jump_prob,ve,dim
0,2.867406950026904,1.2276797282395018,100,0.01,0.3,0.5,0.001,1
