,L2,L2_true,N,std,jump,jump_prob,ve,dim
0,8.109617705386597,7.61630881703855,372,0.01,0.3,0.5,0.001,2
