,L2,L2_true,N,std,jump,jump_prob,ve,dim
0,3.709080804857482,1.4297800916011478,138,0.01,0.3,0.5,0.01,2
