,L2,L2_true,N,std,jump,jump_prob,ve,dim
0,5.095858536429049,4.039336121414134,227,0.01,0.3,0.5,0.0025,2
