,L2,L2_true,N,std,jump,jump_prob,ve,dim
0,2.6461646623515342,0.5011865705354622,517,0.01,0.3,0.5,0.001,1
