,L2,L2_true,N,std,jump,jump_prob,ve,dim
0,2.5360203743315277,2.5356675937334012,16,0.2,0.3,0.5,0.001,1
