,L2,L2_true,N,std,jump,jump_prob,ve,dim
0,5.666071179300594,4.453127601991425,84,0.01,0.3,0.5,0.01,3
