,L2,L2_true,N,std,jump,jump_prob,ve,dim
0,12.516394190541464,12.096302216765478,517,0.01,0.3,0.5,0.0025,3
