,L2,L2_true,N,std,jump,jump_prob,ve,dim
0,2.617088331205187,0.15253000661271404,3162,0.01,0.3,0.5,0.001,1
