,L2,L2_true,N,std,jump,jump_prob,ve,dim
0,4.434651637139358,3.119272904123678,8,0.01,0.3,0.5,0.001,2
