,L2,L2_true,N,std,jump,jump_prob,ve,dim
0,0.33610913787793484,0.33596405301490556,1389,0.2,0.3,0.5,0.001,1
