,L2,L2_true,N,std,jump,jump_prob,ve,dim
0,3.693318373282363,1.4121582049430152,138,0.01,0.3,0.5,0.01,2
