,L2,L2_true,N,std,jump,jump_prob,ve,dim
0,3.836840086357022,2.2697606983408294,6,0.01,0.3,0.5,0.001,1
