,L2,L2_true,N,std,jump,jump_prob,ve,dim
0,4.631914130040839,3.1992767149907113,13,0.01,0.3,0.5,0.0025,2
