,L2,L2_true,N,std,jump,jump_prob,ve,dim
0,3.855871189233373,1.5319889592117455,4,0.01,0.3,0.5,0.01,2
