,L2,L2_true,N,std,jump,jump_prob,ve,dim
0,3.473636341955964,0.64178970631122,37,0.01,0.3,0.5,0.01,1
