,L2,L2_true,N,std,jump,jump_prob,ve,dim
0,2.6561994055664644,2.657553895460063,19,0.2,0.3,0.5,0.001,1
