,L2,L2_true,N,std,jump,jump_prob,ve,dim
0,3.654354733370706,0.954266786509526,3,0.01,0.3,0.5,0.01,1
