,L2,L2_true,N,std,jump,jump_prob,ve,dim
0,0.41479945594484796,0.4148970275650287,719,0.2,0.3,0.5,0.001,1
