,L2,L2_true,N,std,jump,jump_prob,ve,dim
0,7.749947568357063,7.128180600026486,84,0.01,0.3,0.5,0.001,2
