,L2,L2_true,N,std,jump,jump_prob,ve,dim
0,4.523903768494199,3.032502408531767,11,0.01,0.3,0.5,0.0025,2
