,L2,L2_true,N,std,jump,jump_prob,ve,dim
0,5.459517369713586,4.183243424109528,61,0.01,0.3,0.5,0.01,3
