,L2,L2_true,N,std,jump,jump_prob,ve,dim
0,3.08018476475869,0.5959381702091657,117,0.01,0.3,0.5,0.0025,1
