,L2,L2_true,N,std,jump,jump_prob,ve,dim
0,2.4993740406309635,2.4546813712715494,16,0.05,0.3,0.5,0.001,1
