,L2,L2_true,N,std,jump,jump_prob,ve,dim
0,3.6963405524801787,1.39200672076327,138,0.01,0.3,0.5,0.01,2
