,L2,L2_true,N,std,jump,jump_prob,ve,dim
0,3.6253750428088747,1.328143385347756,1,0.01,0.3,0.5,0.0025,1
