,L2,L2_true,N,std,jump,jump_prob,ve,dim
0,5.1915806782427145,3.868094023886598,193,0.01,0.3,0.5,0.01,3
