,L2,L2_true,N,std,jump,jump_prob,ve,dim
0,0.3335025805371109,0.22154873456007793,2275,0.05,0.3,0.5,0.001,1
