,L2,L2_true,N,std,jump,jump_prob,ve,dim
0,2.3308204040228104,2.3302811092622258,26,0.2,0.3,0.5,0.001,1
