,L2,L2_true,N,std,jump,jump_prob,ve,dim
0,12.470658982692894,12.04877839369911,517,0.01,0.3,0.5,0.0025,3
