,L2,L2_true,N,std,jump,jump_prob,ve,dim
0,11.695262724012583,11.279555858415373,163,0.01,0.3,0.5,0.001,3
