,L2,L2_true,N,std,jump,jump_prob,ve,dim
0,20.910602686459413,20.69591058338294,848,0.01,0.3,0.5,0.001,3
