,L2,L2_true,N,std,jump,jump_prob,ve,dim
0,1.1678782942930517,1.163249474927874,2,0.2,0.3,0.5,0.001,1
