,L2,L2_true,N,std,jump,jump_prob,ve,dim
0,4.255253097380707,2.87828488408172,8,0.01,0.3,0.5,0.001,2
