,L2,L2_true,N,std,jump,jump_prob,ve,dim
0,3.0419689214313275,0.11727765665126423,2682,0.01,0.3,0.5,0.0025,1
