,L2,L2_true,N,std,jump,jump_prob,ve,dim
0,5.31514194293773,4.123090098758484,19,0.01,0.3,0.5,0.0025,3
