,L2,L2_true,N,std,jump,jump_prob,ve,dim
0,1.8835206817381207,1.8830248002584453,61,0.2,0.3,0.5,0.001,1
