,L2,L2_true,N,std,jump,jump_prob,ve,dim
0,1.6743938366433841,1.6714095181387252,5,0.2,0.3,0.5,0.001,1
