,L2,L2_true,N,std,jump,jump_prob,ve,dim
0,2.8069518783468412,2.8068539233145855,37,0.2,0.3,0.5,0.001,1
