,L2,L2_true,N,std,jump,jump_prob,ve,dim
0,1.3287121438282223,1.3147561939148689,100,0.05,0.3,0.5,0.001,1
