,L2,L2_true,N,std,jump,jump_prob,ve,dim
0,3.2953114760153883,1.3051195793159989,37,0.01,0.3,0.5,0.0025,1
