,L2,L2_true,N,std,jump,jump_prob,ve,dim
0,0.19590498426092998,0.19684077499364888,3162,0.2,0.3,0.5,0.001,1
