,L2,L2_true,N,std,jump,jump_prob,ve,dim
0,3.7034159489042064,1.4287534322662716,1930,0.01,0.3,0.5,0.01,3
