,L2,L2_true,N,std,jump,jump_prob,ve,dim
0,4.751145306539315,3.625484607073138,372,0.01,0.3,0.5,0.0025,2
