,L2,L2_true,N,std,jump,jump_prob,ve,dim
0,0.43395505677467106,0.43457129404992606,610,0.2,0.3,0.5,0.001,1
