,L2,L2_true,N,std,jump,jump_prob,ve,dim
0,2.6202321020788126,0.23439376933186576,1389,0.01,0.3,0.5,0.001,1
