,L2,L2_true,N,std,jump,jump_prob,ve,dim
0,5.260074488437063,4.239358458679705,227,0.01,0.3,0.5,0.0025,2
