,L2,L2_true,N,std,jump,jump_prob,ve,dim
0,3.457855158932997,0.5204244329444482,719,0.01,0.3,0.5,0.01,2
