,L2,L2_true,N,std,jump,jump_prob,ve,dim
0,2.628730811344788,2.6288122586612808,22,0.2,0.3,0.5,0.001,1
