,L2,L2_true,N,std,jump,jump_prob,ve,dim
0,1.2438478134410431,1.2284659463113738,100,0.05,0.3,0.5,0.001,1
