,L2,L2_true,N,std,jump,jump_prob,ve,dim
0,0.3355294163642915,0.21296411827644252,2275,0.05,0.3,0.5,0.001,1
