,L2,L2_true,N,std,jump,jump_prob,ve,dim
0,4.877173211835787,3.461910435182764,316,0.01,0.3,0.5,0.01,3
