,L2,L2_true,N,std,jump,jump_prob,ve,dim
0,0.6430922931466514,0.6426251046459079,316,0.2,0.3,0.5,0.001,1
