,L2,L2_true,N,std,jump,jump_prob,ve,dim
0,1.7837660905095019,1.7836298381891773,61,0.2,0.3,0.5,0.001,1
