,L2,L2_true,N,std,jump,jump_prob,ve,dim
0,3.419541748054922,0.1505418232718434,316,0.01,0.3,0.5,0.01,1
