,L2,L2_true,N,std,jump,jump_prob,ve,dim
0,3.4250098767629376,0.07069327434822817,848,0.01,0.3,0.5,0.01,1
