,L2,L2_true,N,std,jump,jump_prob,ve,dim
0,17.305559855387273,17.034987897502386,439,0.01,0.3,0.5,0.001,3
