,L2,L2_true,N,std,jump,jump_prob,ve,dim
0,19.07919724643023,18.839465545836877,610,0.01,0.3,0.5,0.001,3
