,L2,L2_true,N,std,jump,jump_prob,ve,dim
0,2.6183070029547264,0.2106304270498865,1930,0.01,0.3,0.5,0.001,1
