,L2,L2_true,N,std,jump,jump_prob,ve,dim
0,5.56686044211962,4.612312321133884,193,0.01,0.3,0.5,0.0025,2
