,L2,L2_true,N,std,jump,jump_prob,ve,dim
0,4.736474820769291,3.5919983310199606,316,0.01,0.3,0.5,0.0025,2
