,L2,L2_true,N,std,jump,jump_prob,ve,dim
0,25.170859945391843,25.009883529529624,2275,0.01,0.3,0.5,0.001,3
