,L2,L2_true,N,std,jump,jump_prob,ve,dim
0,3.6541854683261596,1.4490556230201208,2,0.01,0.3,0.5,0.0025,1
