,L2,L2_true,N,std,jump,jump_prob,ve,dim
0,4.056333221604017,2.170105295996808,51,0.01,0.3,0.5,0.01,2
