,L2,L2_true,N,std,jump,jump_prob,ve,dim
0,2.623995209486282,0.269768209442604,848,0.01,0.3,0.5,0.001,1
