,L2,L2_true,N,std,jump,jump_prob,ve,dim
0,4.913503558798124,3.49649550683603,268,0.01,0.3,0.5,0.01,3
