,L2,L2_true,N,std,jump,jump_prob,ve,dim
0,6.029989721549984,5.4110266886741805,1000,0.01,0.3,0.5,0.001,2
