,L2,L2_true,N,std,jump,jump_prob,ve,dim
0,6.684942962122731,5.923378791457561,43,0.01,0.3,0.5,0.001,2
