,L2,L2_true,N,std,jump,jump_prob,ve,dim
0,5.448680620506487,4.182491511935754,51,0.01,0.3,0.5,0.01,3
