,L2,L2_true,N,std,jump,jump_prob,ve,dim
0,9.356275597216309,8.744117968079756,117,0.01,0.3,0.5,0.0025,3
