,L2,L2_true,N,std,jump,jump_prob,ve,dim
0,5.5346909602582,4.317823682828941,163,0.01,0.3,0.5,0.01,3
