,L2,L2_true,N,std,jump,jump_prob,ve,dim
0,3.0293855210875855,0.14494699304049,1000,0.01,0.3,0.5,0.0025,1
