,L2,L2_true,N,std,jump,jump_prob,ve,dim
0,2.617881168217143,0.22603247166411647,1930,0.01,0.3,0.5,0.001,1
