,L2,L2_true,N,std,jump,jump_prob,ve,dim
0,4.767792823168517,3.2149294668400006,26,0.01,0.3,0.5,0.01,3
