,L2,L2_true,N,std,jump,jump_prob,ve,dim
0,2.6131708622647647,0.1529697564469425,2682,0.01,0.3,0.5,0.001,1
