,L2,L2_true,N,std,jump,jump_prob,ve,dim
0,2.618141892363194,0.1787914195717948,3162,0.01,0.3,0.5,0.001,1
