,L2,L2_true,N,std,jump,jump_prob,ve,dim
0,3.5042528346946993,0.7611013621627545,439,0.01,0.3,0.5,0.01,2
