,L2,L2_true,N,std,jump,jump_prob,ve,dim
0,4.050028312476488,2.0106900354506196,6,0.01,0.3,0.5,0.01,2
