,L2,L2_true,N,std,jump,jump_prob,ve,dim
0,23.842913919446968,23.667112498969363,1389,0.01,0.3,0.5,0.001,3
