,L2,L2_true,N,std,jump,jump_prob,ve,dim
0,3.6908183707124196,1.3745276250827196,138,0.01,0.3,0.5,0.01,2
