,L2,L2_true,N,std,jump,jump_prob,ve,dim
0,3.6464771939372236,1.8760314310012483,2,0.01,0.3,0.5,0.001,1
