,L2,L2_true,N,std,jump,jump_prob,ve,dim
0,3.439812461513247,0.30439375523884743,43,0.01,0.3,0.5,0.01,1
