,L2,L2_true,N,std,jump,jump_prob,ve,dim
0,3.896031841549002,1.9744128961371519,4,0.01,0.3,0.5,0.0025,2
