,L2,L2_true,N,std,jump,jump_prob,ve,dim
0,5.906557276679022,4.906526680747302,43,0.01,0.3,0.5,0.0025,2
