,L2,L2_true,N,std,jump,jump_prob,ve,dim
0,5.0330585926116065,3.773500569370193,22,0.01,0.3,0.5,0.0025,2
