,L2,L2_true,N,std,jump,jump_prob,ve,dim
0,7.61846375787,7.125027597537845,517,0.01,0.3,0.5,0.001,2
