,L2,L2_true,N,std,jump,jump_prob,ve,dim
0,7.160663037295846,6.3273949597984025,51,0.01,0.3,0.5,0.0025,3
