,L2,L2_true,N,std,jump,jump_prob,ve,dim
0,3.9606132667241147,1.792421768225156,6,0.01,0.3,0.5,0.01,2
