,L2,L2_true,N,std,jump,jump_prob,ve,dim
0,1.3766320341682121,1.3523251645051488,84,0.05,0.3,0.5,0.001,1
