,L2,L2_true,N,std,jump,jump_prob,ve,dim
0,3.632252815509026,1.8025754997336239,1,0.01,0.3,0.5,0.001,1
