,L2,L2_true,N,std,jump,jump_prob,ve,dim
0,4.319005767351417,2.494490019199561,10,0.01,0.3,0.5,0.01,3
