,L2,L2_true,N,std,jump,jump_prob,ve,dim
0,25.414647252907276,25.2658912532481,3000,0.01,0.3,0.5,0.001,3
