,L2,L2_true,N,std,jump,jump_prob,ve,dim
0,3.9515404252885844,1.9994740588103477,1000,0.01,0.3,0.5,0.01,3
