,L2,L2_true,N,std,jump,jump_prob,ve,dim
0,9.94414352316104,9.371300395690037,138,0.01,0.3,0.5,0.0025,3
