,L2,L2_true,N,std,jump,jump_prob,ve,dim
0,3.1598824556634906,1.6383654487495745,43,0.01,0.3,0.5,0.001,1
