,L2,L2_true,N,std,jump,jump_prob,ve,dim
0,3.6618220128754153,1.8948728604319143,2,0.01,0.3,0.5,0.001,1
