,L2,L2_true,N,std,jump,jump_prob,ve,dim
0,3.6240948580672145,0.7452262805262054,1,0.01,0.3,0.5,0.01,1
