,L2,L2_true,N,std,jump,jump_prob,ve,dim
0,5.47852445385321,4.208390608779416,71,0.01,0.3,0.5,0.01,3
