,L2,L2_true,N,std,jump,jump_prob,ve,dim
0,3.4067515573260367,0.16437862821664428,316,0.01,0.3,0.5,0.01,1
