,L2,L2_true,N,std,jump,jump_prob,ve,dim
0,5.110276667236667,3.8506462183595036,16,0.01,0.3,0.5,0.0025,3
