,L2,L2_true,N,std,jump,jump_prob,ve,dim
0,3.524360205116151,0.7164522910364896,16,0.01,0.3,0.5,0.01,1
