,L2,L2_true,N,std,jump,jump_prob,ve,dim
0,4.925635141295605,3.6218365082980055,16,0.01,0.3,0.5,0.0025,2
