,L2,L2_true,N,std,jump,jump_prob,ve,dim
0,3.626570377453208,0.7450276585307106,1,0.01,0.3,0.5,0.01,1
