,L2,L2_true,N,std,jump,jump_prob,ve,dim
0,5.275049753653582,4.070768075035679,19,0.01,0.3,0.5,0.0025,3
