,L2,L2_true,N,std,jump,jump_prob,ve,dim
0,1.8496320878391697,1.8487405377314736,5,0.2,0.3,0.5,0.001,1
