,L2,L2_true,N,std,jump,jump_prob,ve,dim
0,17.21524811108083,16.9434596052341,439,0.01,0.3,0.5,0.001,3
