,L2,L2_true,N,std,jump,jump_prob,ve,dim
0,7.014098882376853,6.295486461461259,51,0.01,0.3,0.5,0.001,2
