,L2,L2_true,N,std,jump,jump_prob,ve,dim
0,0.31115582684874293,0.21658958567091993,1930,0.05,0.3,0.5,0.001,1
