,L2,L2_true,N,std,jump,jump_prob,ve,dim
0,3.0478597319096496,0.35634114234959763,268,0.01,0.3,0.5,0.0025,1
