,L2,L2_true,N,std,jump,jump_prob,ve,dim
0,3.506550863422946,0.8066347720544597,22,0.01,0.3,0.5,0.01,1
