,L2,L2_true,N,std,jump,jump_prob,ve,dim
0,1.727704178771855,1.6043854915901852,3,0.05,0.3,0.5,0.001,1
