,L2,L2_true,N,std,jump,jump_prob,ve,dim
0,0.3850874419488693,0.3857571553181166,848,0.2,0.3,0.5,0.001,1
