,L2,L2_true,N,std,jump,jump_prob,ve,dim
0,5.464634579669152,4.2215506845096185,138,0.01,0.3,0.5,0.01,3
