,L2,L2_true,N,std,jump,jump_prob,ve,dim
0,3.5018517660851463,0.7481153364234691,19,0.01,0.3,0.5,0.01,1
