,L2,L2_true,N,std,jump,jump_prob,ve,dim
0,3.437751961053185,0.39628606252014187,43,0.01,0.3,0.5,0.01,1
