,L2,L2_true,N,std,jump,jump_prob,ve,dim
0,3.4339297561708046,0.41649128942156755,1178,0.01,0.3,0.5,0.01,2
