,L2,L2_true,N,std,jump,jump_prob,ve,dim
0,5.793316499485477,4.716101345790514,26,0.01,0.3,0.5,0.0025,3
