,L2,L2_true,N,std,jump,jump_prob,ve,dim
0,3.9914983417268433,2.0199998158395394,61,0.01,0.3,0.5,0.01,2
