,L2,L2_true,N,std,jump,jump_prob,ve,dim
0,0.37722916301037074,0.3767346719940387,1000,0.2,0.3,0.5,0.001,1
