,L2,L2_true,N,std,jump,jump_prob,ve,dim
0,0.8160921467288441,0.8028253553586874,193,0.05,0.3,0.5,0.001,1
