,L2,L2_true,N,std,jump,jump_prob,ve,dim
0,0.48180579321670575,0.418395331461927,517,0.05,0.3,0.5,0.001,1
