,L2,L2_true,N,std,jump,jump_prob,ve,dim
0,6.137148486108643,5.2028235053311835,71,0.01,0.3,0.5,0.0025,2
