,L2,L2_true,N,std,jump,jump_prob,ve,dim
0,2.0072070747370714,1.9979617054981111,43,0.05,0.3,0.5,0.001,1
