,L2,L2_true,N,std,jump,jump_prob,ve,dim
0,24.561722944892512,24.398705888400094,3000,0.01,0.3,0.5,0.001,3
