,L2,L2_true,N,std,jump,jump_prob,ve,dim
0,4.141430573898858,2.290097928948782,37,0.01,0.3,0.5,0.01,2
