,L2,L2_true,N,std,jump,jump_prob,ve,dim
0,11.46852987636057,10.988263666008516,268,0.01,0.3,0.5,0.0025,3
