,L2,L2_true,N,std,jump,jump_prob,ve,dim
0,3.4730257140166256,0.6427816310004655,31,0.01,0.3,0.5,0.01,1
