,L2,L2_true,N,std,jump,jump_prob,ve,dim
0,3.790155826055364,1.7957117218004504,10,0.01,0.3,0.5,0.0025,1
