,L2,L2_true,N,std,jump,jump_prob,ve,dim
0,2.310550477368439,2.3097798286372364,43,0.2,0.3,0.5,0.001,1
