,L2,L2_true,N,std,jump,jump_prob,ve,dim
0,5.37651882801984,4.113149925909341,163,0.01,0.3,0.5,0.01,3
