,L2,L2_true,N,std,jump,jump_prob,ve,dim
0,8.647935544512993,8.063264874791708,71,0.01,0.3,0.5,0.001,3
