,L2,L2_true,N,std,jump,jump_prob,ve,dim
0,4.706191127762282,3.1148871101228472,19,0.01,0.3,0.5,0.01,3
