,L2,L2_true,N,std,jump,jump_prob,ve,dim
0,10.798480972705008,10.288570776224294,193,0.01,0.3,0.5,0.0025,3
