,L2,L2_true,N,std,jump,jump_prob,ve,dim
0,20.096810431694873,19.879940555607174,719,0.01,0.3,0.5,0.001,3
