,L2,L2_true,N,std,jump,jump_prob,ve,dim
0,3.6244834686152574,1.8024853212352137,1,0.01,0.3,0.5,0.001,2
