,L2,L2_true,N,std,jump,jump_prob,ve,dim
0,3.8266093149514933,1.7005345330140809,1389,0.01,0.3,0.5,0.01,3
