,L2,L2_true,N,std,jump,jump_prob,ve,dim
0,4.378156405245255,2.6495150248219352,26,0.01,0.3,0.5,0.01,2
