,L2,L2_true,N,std,jump,jump_prob,ve,dim
0,0.30999021758213446,0.19117654569598438,3162,0.05,0.3,0.5,0.001,1
