,L2,L2_true,N,std,jump,jump_prob,ve,dim
0,5.1199608976047255,3.7882437398822595,227,0.01,0.3,0.5,0.01,3
