,L2,L2_true,N,std,jump,jump_prob,ve,dim
0,3.8766923588398727,2.381380183710723,719,0.01,0.3,0.5,0.0025,2
