,L2,L2_true,N,std,jump,jump_prob,ve,dim
0,5.452482506837277,4.300075618329871,22,0.01,0.3,0.5,0.0025,3
