,L2,L2_true,N,std,jump,jump_prob,ve,dim
0,4.666882127721619,3.2316374736398825,11,0.01,0.3,0.5,0.0025,3
