,L2,L2_true,N,std,jump,jump_prob,ve,dim
0,1.0471041963695422,1.0474131979216934,138,0.2,0.3,0.5,0.001,1
