,L2,L2_true,N,std,jump,jump_prob,ve,dim
0,2.336138355390084,2.335174477252861,26,0.05,0.3,0.5,0.001,1
