,L2,L2_true,N,std,jump,jump_prob,ve,dim
0,2.5621878805544265,2.4924904886758865,10,0.05,0.3,0.5,0.001,1
