,L2,L2_true,N,std,jump,jump_prob,ve,dim
0,9.222115980014102,8.6696511667372,84,0.01,0.3,0.5,0.001,3
