,L2,L2_true,N,std,jump,jump_prob,ve,dim
0,4.1097959869441665,2.1312313402907757,11,0.01,0.3,0.5,0.01,2
