,L2,L2_true,N,std,jump,jump_prob,ve,dim
0,3.439882767064882,0.4274282175585073,1178,0.01,0.3,0.5,0.01,2
