,L2,L2_true,N,std,jump,jump_prob,ve,dim
0,4.642403803987765,3.8138353631126907,1930,0.01,0.3,0.5,0.001,2
