,L2,L2_true,N,std,jump,jump_prob,ve,dim
0,3.421943873321147,0.07884804725526111,1637,0.01,0.3,0.5,0.01,1
