,L2,L2_true,N,std,jump,jump_prob,ve,dim
0,3.4262207941377048,0.10176301356627232,719,0.01,0.3,0.5,0.01,1
