,L2,L2_true,N,std,jump,jump_prob,ve,dim
0,3.653166863823543,1.895519423356747,2,0.01,0.3,0.5,0.001,1
