,L2,L2_true,N,std,jump,jump_prob,ve,dim
0,3.743358801649926,1.6429082334671672,2,0.01,0.3,0.5,0.0025,2
