,L2,L2_true,N,std,jump,jump_prob,ve,dim
0,2.809620917279909,1.0962941417089351,117,0.01,0.3,0.5,0.001,1
