,L2,L2_true,N,std,jump,jump_prob,ve,dim
0,3.4905662115328435,0.666548325555386,13,0.01,0.3,0.5,0.01,1
