,L2,L2_true,N,std,jump,jump_prob,ve,dim
0,4.252592281873415,2.3926359550738225,10,0.01,0.3,0.5,0.01,3
