,L2,L2_true,N,std,jump,jump_prob,ve,dim
0,3.9222863140025326,2.3415193133243926,26,0.01,0.3,0.5,0.0025,1
