,L2,L2_true,N,std,jump,jump_prob,ve,dim
0,3.4316728515040467,0.3415044318930937,138,0.01,0.3,0.5,0.01,1
