,L2,L2_true,N,std,jump,jump_prob,ve,dim
0,3.8773544291891087,2.3435792144277316,7,0.01,0.3,0.5,0.001,1
