,L2,L2_true,N,std,jump,jump_prob,ve,dim
0,8.140688145512089,7.661832718756964,439,0.01,0.3,0.5,0.001,2
