,L2,L2_true,N,std,jump,jump_prob,ve,dim
0,9.20456741422591,8.65963070652632,84,0.01,0.3,0.5,0.001,3
