,L2,L2_true,N,std,jump,jump_prob,ve,dim
0,3.4118752304475857,0.10093246938397797,517,0.01,0.3,0.5,0.01,1
