,L2,L2_true,N,std,jump,jump_prob,ve,dim
0,3.7678475576234773,1.818618586886237,5,0.01,0.3,0.5,0.0025,1
