,L2,L2_true,N,std,jump,jump_prob,ve,dim
0,3.10530574162496,0.6813569213529929,84,0.01,0.3,0.5,0.0025,1
