,L2,L2_true,N,std,jump,jump_prob,ve,dim
0,6.695515076466589,6.129053365748969,719,0.01,0.3,0.5,0.001,2
