,L2,L2_true,N,std,jump,jump_prob,ve,dim
0,6.77676872588477,6.007927269404081,37,0.01,0.3,0.5,0.001,3
