,L2,L2_true,N,std,jump,jump_prob,ve,dim
0,4.541947509343412,3.2958525454314187,10,0.01,0.3,0.5,0.001,2
