,L2,L2_true,N,std,jump,jump_prob,ve,dim
0,3.9673370718250194,1.8091789401228828,6,0.01,0.3,0.5,0.01,2
