,L2,L2_true,N,std,jump,jump_prob,ve,dim
0,11.24403909687528,10.816249959155023,138,0.01,0.3,0.5,0.001,3
