,L2,L2_true,N,std,jump,jump_prob,ve,dim
0,3.4340236194323897,0.3025523709181108,2000,0.01,0.3,0.5,0.01,2
