,L2,L2_true,N,std,jump,jump_prob,ve,dim
0,4.969605329721897,3.87550910246053,16,0.01,0.3,0.5,0.001,2
