,L2,L2_true,N,std,jump,jump_prob,ve,dim
0,3.6891419733789808,1.3628573112663802,117,0.01,0.3,0.5,0.01,2
