,L2,L2_true,N,std,jump,jump_prob,ve,dim
0,4.460647117920238,2.9585170098273803,10,0.01,0.3,0.5,0.0025,2
