,L2,L2_true,N,std,jump,jump_prob,ve,dim
0,5.447785344688505,4.289643181191694,22,0.01,0.3,0.5,0.0025,3
