,L2,L2_true,N,std,jump,jump_prob,ve,dim
0,3.412298608024997,0.12205492200234445,227,0.01,0.3,0.5,0.01,1
