,L2,L2_true,N,std,jump,jump_prob,ve,dim
0,3.4300740566976025,0.3238941372242718,1930,0.01,0.3,0.5,0.01,2
