,L2,L2_true,N,std,jump,jump_prob,ve,dim
0,3.9666504880588715,2.431164182382104,4,0.01,0.3,0.5,0.001,3
