,L2,L2_true,N,std,jump,jump_prob,ve,dim
0,3.471151027821428,0.5657459952015071,37,0.01,0.3,0.5,0.01,1
