,L2,L2_true,N,std,jump,jump_prob,ve,dim
0,4.423241413683189,2.7987020477574305,517,0.01,0.3,0.5,0.01,3
