,L2,L2_true,N,std,jump,jump_prob,ve,dim
0,5.330097420173156,4.010875072434597,37,0.01,0.3,0.5,0.01,3
