,L2,L2_true,N,std,jump,jump_prob,ve,dim
0,3.430592670264178,0.30458821876813125,2275,0.01,0.3,0.5,0.01,2
