,L2,L2_true,N,std,jump,jump_prob,ve,dim
0,4.125949655735946,2.1741152299325797,13,0.01,0.3,0.5,0.01,2
