,L2,L2_true,N,std,jump,jump_prob,ve,dim
0,8.750331824876064,8.097866922403993,100,0.01,0.3,0.5,0.0025,3
