,L2,L2_true,N,std,jump,jump_prob,ve,dim
0,3.700654815469504,1.216145165904075,6,0.01,0.3,0.5,0.01,1
