,L2,L2_true,N,std,jump,jump_prob,ve,dim
0,8.36360915897584,7.878636857139489,372,0.01,0.3,0.5,0.001,2
