,L2,L2_true,N,std,jump,jump_prob,ve,dim
0,4.131895756932485,2.419303321471256,6,0.01,0.3,0.5,0.0025,2
