,L2,L2_true,N,std,jump,jump_prob,ve,dim
0,4.837318000077721,3.4973298484070003,16,0.01,0.3,0.5,0.0025,2
