,L2,L2_true,N,std,jump,jump_prob,ve,dim
0,2.621597692580369,0.2310956207098742,1637,0.01,0.3,0.5,0.001,1
