,L2,L2_true,N,std,jump,jump_prob,ve,dim
0,3.8774807586319326,1.7885242217805286,84,0.01,0.3,0.5,0.01,2
