,L2,L2_true,N,std,jump,jump_prob,ve,dim
0,3.9652354589371646,2.4319058141443737,4,0.01,0.3,0.5,0.001,3
