,L2,L2_true,N,std,jump,jump_prob,ve,dim
0,4.553014432906887,3.073735939508949,10,0.01,0.3,0.5,0.0025,3
