,L2,L2_true,N,std,jump,jump_prob,ve,dim
0,1.9004549750912818,1.7868683111994867,4,0.05,0.3,0.5,0.001,1
