,L2,L2_true,N,std,jump,jump_prob,ve,dim
0,3.035149457330492,0.20170954147162956,719,0.01,0.3,0.5,0.0025,1
