,L2,L2_true,N,std,jump,jump_prob,ve,dim
0,4.423982701828573,2.796076441336191,517,0.01,0.3,0.5,0.01,3
