,L2,L2_true,N,std,jump,jump_prob,ve,dim
0,0.47753141813750566,0.4414824670488214,517,0.05,0.3,0.5,0.001,1
