,L2,L2_true,N,std,jump,jump_prob,ve,dim
0,10.241891523886892,9.686959867730563,163,0.01,0.3,0.5,0.0025,3
