,L2,L2_true,N,std,jump,jump_prob,ve,dim
0,3.5659499412119984,1.746210530250338,31,0.01,0.3,0.5,0.0025,1
