,L2,L2_true,N,std,jump,jump_prob,ve,dim
0,8.57023334429582,7.983555203213492,71,0.01,0.3,0.5,0.001,3
