,L2,L2_true,N,std,jump,jump_prob,ve,dim
0,5.121686702483513,3.861957294485614,19,0.01,0.3,0.5,0.0025,2
