,L2,L2_true,N,std,jump,jump_prob,ve,dim
0,7.664460533531461,7.047342158613364,100,0.01,0.3,0.5,0.001,2
