,L2,L2_true,N,std,jump,jump_prob,ve,dim
0,5.974425832277243,5.0053858957859925,61,0.01,0.3,0.5,0.0025,2
