,L2,L2_true,N,std,jump,jump_prob,ve,dim
0,8.361649232221753,7.6678176945338645,84,0.01,0.3,0.5,0.0025,3
