,L2,L2_true,N,std,jump,jump_prob,ve,dim
0,5.015778096347959,3.72786304522441,16,0.01,0.3,0.5,0.0025,3
