,L2,L2_true,N,std,jump,jump_prob,ve,dim
0,11.63451258713167,11.163689092568465,268,0.01,0.3,0.5,0.0025,3
