,L2,L2_true,N,std,jump,jump_prob,ve,dim
0,10.163726478322513,9.605238810988745,163,0.01,0.3,0.5,0.0025,3
