,L2,L2_true,N,std,jump,jump_prob,ve,dim
0,2.91803499191603,1.3615822443741026,84,0.01,0.3,0.5,0.001,1
