,L2,L2_true,N,std,jump,jump_prob,ve,dim
0,4.677289756894027,3.2421344597472057,13,0.01,0.3,0.5,0.0025,2
