,L2,L2_true,N,std,jump,jump_prob,ve,dim
0,1.3023107822145934,1.30371902582942,100,0.2,0.3,0.5,0.001,1
