,L2,L2_true,N,std,jump,jump_prob,ve,dim
0,0.22692503420073395,0.2270084306651242,2275,0.2,0.3,0.5,0.001,1
