,L2,L2_true,N,std,jump,jump_prob,ve,dim
0,10.386950967031176,9.907453895562119,117,0.01,0.3,0.5,0.001,3
