,L2,L2_true,N,std,jump,jump_prob,ve,dim
0,3.6206531620241362,0.8007011095233384,2,0.01,0.3,0.5,0.01,1
