,L2,L2_true,N,std,jump,jump_prob,ve,dim
0,4.977833353415529,4.2327268149625725,1637,0.01,0.3,0.5,0.001,2
