,L2,L2_true,N,std,jump,jump_prob,ve,dim
0,2.756337645077441,0.9066055381075769,138,0.01,0.3,0.5,0.001,1
