,L2,L2_true,N,std,jump,jump_prob,ve,dim
0,7.160141116868498,6.3359605360210836,51,0.01,0.3,0.5,0.0025,3
