,L2,L2_true,N,std,jump,jump_prob,ve,dim
0,8.442133158378883,7.954614131692569,316,0.01,0.3,0.5,0.001,2
