,L2,L2_true,N,std,jump,jump_prob,ve,dim
0,0.312549711436933,0.3127902407131589,1178,0.2,0.3,0.5,0.001,1
