,L2,L2_true,N,std,jump,jump_prob,ve,dim
0,3.4301766412588086,0.3357814493220432,31,0.01,0.3,0.5,0.01,1
