,L2,L2_true,N,std,jump,jump_prob,ve,dim
0,3.040804158455814,0.23190213969040427,610,0.01,0.3,0.5,0.0025,1
