,L2,L2_true,N,std,jump,jump_prob,ve,dim
0,6.572598173894734,5.784603527342156,37,0.01,0.3,0.5,0.001,2
