,L2,L2_true,N,std,jump,jump_prob,ve,dim
0,11.62468260490655,11.204121073961312,1637,0.01,0.3,0.5,0.0025,3
