,L2,L2_true,N,std,jump,jump_prob,ve,dim
0,3.5393611734726838,0.9068987301005149,268,0.01,0.3,0.5,0.01,2
