,L2,L2_true,N,std,jump,jump_prob,ve,dim
0,8.331328110198736,7.7807701532815825,138,0.01,0.3,0.5,0.001,2
