,L2,L2_true,N,std,jump,jump_prob,ve,dim
0,3.0454776508275763,0.24033336562169366,372,0.01,0.3,0.5,0.0025,1
