,L2,L2_true,N,std,jump,jump_prob,ve,dim
0,4.3525575183541,3.2664606899898794,19,0.01,0.3,0.5,0.001,1
