,L2,L2_true,N,std,jump,jump_prob,ve,dim
0,2.192674134910829,2.1791682696410524,61,0.05,0.3,0.5,0.001,1
