,L2,L2_true,N,std,jump,jump_prob,ve,dim
0,3.041851257041189,0.34881682184783874,316,0.01,0.3,0.5,0.0025,1
