,L2,L2_true,N,std,jump,jump_prob,ve,dim
0,6.044802992227578,5.427949721437077,1000,0.01,0.3,0.5,0.001,2
