,L2,L2_true,N,std,jump,jump_prob,ve,dim
0,7.690756626212588,7.021704912300154,51,0.01,0.3,0.5,0.001,3
