,L2,L2_true,N,std,jump,jump_prob,ve,dim
0,8.882986088296589,8.402409032204401,227,0.01,0.3,0.5,0.001,2
