,L2,L2_true,N,std,jump,jump_prob,ve,dim
0,3.4319681830607442,1.591628506968457,1637,0.01,0.3,0.5,0.0025,2
