,L2,L2_true,N,std,jump,jump_prob,ve,dim
0,0.924471824981219,0.89489791122373,227,0.05,0.3,0.5,0.001,1
