,L2,L2_true,N,std,jump,jump_prob,ve,dim
0,3.446532089518546,2.20045115035009,43,0.01,0.3,0.5,0.001,1
