,L2,L2_true,N,std,jump,jump_prob,ve,dim
0,1.413852049260107,1.2518686486954305,2,0.05,0.3,0.5,0.001,1
