,L2,L2_true,N,std,jump,jump_prob,ve,dim
0,0.8147497117326014,0.8159288172847209,2,0.2,0.3,0.5,0.001,1
