,L2,L2_true,N,std,jump,jump_prob,ve,dim
0,8.36276513633766,7.848450715223619,227,0.01,0.3,0.5,0.001,2
