,L2,L2_true,N,std,jump,jump_prob,ve,dim
0,4.341045952900944,2.525369292181249,10,0.01,0.3,0.5,0.01,3
