,L2,L2_true,N,std,jump,jump_prob,ve,dim
0,1.3125058395218527,1.272215162075615,100,0.05,0.3,0.5,0.001,1
