,L2,L2_true,N,std,jump,jump_prob,ve,dim
0,3.963695843360218,1.9995113176122723,1000,0.01,0.3,0.5,0.01,3
