,L2,L2_true,N,std,jump,jump_prob,ve,dim
0,0.23923341044403065,0.2399992223614169,2275,0.2,0.3,0.5,0.001,1
