,L2,L2_true,N,std,jump,jump_prob,ve,dim
0,2.3491144614654607,2.350779929531827,7,0.2,0.3,0.5,0.001,1
