,L2,L2_true,N,std,jump,jump_prob,ve,dim
0,0.687124903189378,0.6868821512167879,316,0.2,0.3,0.5,0.001,1
