,L2,L2_true,N,std,jump,jump_prob,ve,dim
0,3.3460667809060185,1.4863399414713419,37,0.01,0.3,0.5,0.0025,1
