,L2,L2_true,N,std,jump,jump_prob,ve,dim
0,5.351520911654749,4.098349931907167,193,0.01,0.3,0.5,0.01,3
