,L2,L2_true,N,std,jump,jump_prob,ve,dim
0,3.144432010052837,0.8086447707338248,71,0.01,0.3,0.5,0.0025,1
