,L2,L2_true,N,std,jump,jump_prob,ve,dim
0,1.9168020381908066,1.918280977815542,8,0.2,0.3,0.5,0.001,1
