,L2,L2_true,N,std,jump,jump_prob,ve,dim
0,0.3160481544800077,0.20982277707542954,2682,0.05,0.3,0.5,0.001,1
