,L2,L2_true,N,std,jump,jump_prob,ve,dim
0,3.4239047358360253,0.28622454178930984,2275,0.01,0.3,0.5,0.01,2
