,L2,L2_true,N,std,jump,jump_prob,ve,dim
0,4.330032276765143,2.747127382499399,8,0.01,0.3,0.5,0.0025,3
