,L2,L2_true,N,std,jump,jump_prob,ve,dim
0,3.468226197982018,0.6263442535093089,517,0.01,0.3,0.5,0.01,2
