,L2,L2_true,N,std,jump,jump_prob,ve,dim
0,0.2757666562876161,0.2749895552481608,1930,0.2,0.3,0.5,0.001,1
