,L2,L2_true,N,std,jump,jump_prob,ve,dim
0,0.5590979589436416,0.5234909681435053,268,0.05,0.3,0.5,0.001,1
