,L2,L2_true,N,std,jump,jump_prob,ve,dim
0,5.940224033835715,4.936426277464532,43,0.01,0.3,0.5,0.0025,2
