,L2,L2_true,N,std,jump,jump_prob,ve,dim
0,0.6472508695922639,0.6169727206901908,316,0.05,0.3,0.5,0.001,1
