,L2,L2_true,N,std,jump,jump_prob,ve,dim
0,4.102085595485995,2.6983450380537763,8,0.01,0.3,0.5,0.001,1
