,L2,L2_true,N,std,jump,jump_prob,ve,dim
0,5.3544465351057795,4.035126170543387,51,0.01,0.3,0.5,0.01,3
