,L2,L2_true,N,std,jump,jump_prob,ve,dim
0,3.6436511263909344,1.3861327713630143,2,0.01,0.3,0.5,0.0025,1
