,L2,L2_true,N,std,jump,jump_prob,ve,dim
0,3.4664897013845657,0.5508084854926061,37,0.01,0.3,0.5,0.01,1
