,L2,L2_true,N,std,jump,jump_prob,ve,dim
0,3.0267755110538492,0.23032416314912346,439,0.01,0.3,0.5,0.0025,1
