,L2,L2_true,N,std,jump,jump_prob,ve,dim
0,9.496413503077003,8.912911324587032,138,0.01,0.3,0.5,0.0025,3
