,L2,L2_true,N,std,jump,jump_prob,ve,dim
0,0.6044840538815317,0.5738096483115168,372,0.05,0.3,0.5,0.001,1
