,L2,L2_true,N,std,jump,jump_prob,ve,dim
0,2.441738975722608,2.442389975621091,22,0.2,0.3,0.5,0.001,1
