,L2,L2_true,N,std,jump,jump_prob,ve,dim
0,4.158445702887451,2.4553528062951417,6,0.01,0.3,0.5,0.0025,3
