,L2,L2_true,N,std,jump,jump_prob,ve,dim
0,3.5913210057329543,1.0611545676240612,227,0.01,0.3,0.5,0.01,2
