,L2,L2_true,N,std,jump,jump_prob,ve,dim
0,3.7295422582300537,2.0067598113652974,2,0.01,0.3,0.5,0.001,2
