,L2,L2_true,N,std,jump,jump_prob,ve,dim
0,3.0384071195294404,0.24381674616340016,439,0.01,0.3,0.5,0.0025,1
