,L2,L2_true,N,std,jump,jump_prob,ve,dim
0,4.0156542367867365,1.9174210755794794,6,0.01,0.3,0.5,0.01,3
