,L2,L2_true,N,std,jump,jump_prob,ve,dim
0,5.370425948065081,4.071378174339666,71,0.01,0.3,0.5,0.01,3
