,L2,L2_true,N,std,jump,jump_prob,ve,dim
0,3.0389531775759084,0.12406302857204457,848,0.01,0.3,0.5,0.0025,1
