,L2,L2_true,N,std,jump,jump_prob,ve,dim
0,1.258467775723852,1.2611908845635225,3,0.2,0.3,0.5,0.001,1
