,L2,L2_true,N,std,jump,jump_prob,ve,dim
0,11.332142901166298,10.895234375315946,138,0.01,0.3,0.5,0.001,3
