,L2,L2_true,N,std,jump,jump_prob,ve,dim
0,3.7910473477022806,1.4248190315345075,5,0.01,0.3,0.5,0.01,1
