,L2,L2_true,N,std,jump,jump_prob,ve,dim
0,1.733121297972343,1.7330268985429773,6,0.2,0.3,0.5,0.001,1
