,L2,L2_true,N,std,jump,jump_prob,ve,dim
0,3.1760882879106718,1.7325297806157054,61,0.01,0.3,0.5,0.001,1
