,L2,L2_true,N,std,jump,jump_prob,ve,dim
0,3.8975233542605094,2.752976004609246,26,0.01,0.3,0.5,0.001,1
