,L2,L2_true,N,std,jump,jump_prob,ve,dim
0,1.347637036046487,1.176833460589784,1,0.05,0.3,0.5,0.001,1
