,L2,L2_true,N,std,jump,jump_prob,ve,dim
0,0.34744686968879507,0.24421298990008725,1930,0.05,0.3,0.5,0.001,1
