,L2,L2_true,N,std,jump,jump_prob,ve,dim
0,0.27471081641897327,0.2744015590933859,1930,0.2,0.3,0.5,0.001,1
