,L2,L2_true,N,std,jump,jump_prob,ve,dim
0,4.1859843559650995,2.7804582442870007,6,0.01,0.3,0.5,0.001,3
