,L2,L2_true,N,std,jump,jump_prob,ve,dim
0,1.3328680726556077,1.3320459809898817,3,0.2,0.3,0.5,0.001,1
