,L2,L2_true,N,std,jump,jump_prob,ve,dim
0,5.048257601926165,3.779764109944286,22,0.01,0.3,0.5,0.0025,2
