,L2,L2_true,N,std,jump,jump_prob,ve,dim
0,1.3337561574712664,1.3339039877006365,100,0.2,0.3,0.5,0.001,1
