,L2,L2_true,N,std,jump,jump_prob,ve,dim
0,3.6192325390552167,0.7446952281543654,1,0.01,0.3,0.5,0.01,1
