,L2,L2_true,N,std,jump,jump_prob,ve,dim
0,3.4319991403292356,0.34932365041429664,1637,0.01,0.3,0.5,0.01,2
