,L2,L2_true,N,std,jump,jump_prob,ve,dim
0,6.15039598357844,5.144097809501473,31,0.01,0.3,0.5,0.0025,3
