,L2,L2_true,N,std,jump,jump_prob,ve,dim
0,4.821419049078205,3.4487817971620434,13,0.01,0.3,0.5,0.0025,3
