,L2,L2_true,N,std,jump,jump_prob,ve,dim
0,3.7910493030395807,1.4078081835038396,3,0.01,0.3,0.5,0.01,3
