,L2,L2_true,N,std,jump,jump_prob,ve,dim
0,10.135497209377737,9.572834290925844,163,0.01,0.3,0.5,0.0025,3
