,L2,L2_true,N,std,jump,jump_prob,ve,dim
0,6.0020857276784065,5.041633582836356,51,0.01,0.3,0.5,0.0025,2
