,L2,L2_true,N,std,jump,jump_prob,ve,dim
0,3.936516960119217,2.478409216285608,10,0.01,0.3,0.5,0.001,1
