,L2,L2_true,N,std,jump,jump_prob,ve,dim
0,3.4443022549445907,0.33144189874026564,61,0.01,0.3,0.5,0.01,1
