,L2,L2_true,N,std,jump,jump_prob,ve,dim
0,6.394523067152239,5.436835479331321,37,0.01,0.3,0.5,0.0025,3
