,L2,L2_true,N,std,jump,jump_prob,ve,dim
0,10.077439183958571,9.52068470052173,163,0.01,0.3,0.5,0.0025,3
