,L2,L2_true,N,std,jump,jump_prob,ve,dim
0,3.5000087789339864,2.1656813987209262,31,0.01,0.3,0.5,0.001,1
