,L2,L2_true,N,std,jump,jump_prob,ve,dim
0,2.738068625469416,0.8739071846482238,227,0.01,0.3,0.5,0.001,1
