,L2,L2_true,N,std,jump,jump_prob,ve,dim
0,4.198474523384522,2.4943966057485567,7,0.01,0.3,0.5,0.0025,2
