,L2,L2_true,N,std,jump,jump_prob,ve,dim
0,11.766511642633244,11.347551891228763,1389,0.01,0.3,0.5,0.0025,3
