,L2,L2_true,N,std,jump,jump_prob,ve,dim
0,3.659545806467227,1.0665036380397086,5,0.01,0.3,0.5,0.01,1
