,L2,L2_true,N,std,jump,jump_prob,ve,dim
0,3.9838623466885488,2.9039884747741924,31,0.01,0.3,0.5,0.001,1
