,L2,L2_true,N,std,jump,jump_prob,ve,dim
0,4.723851624246643,3.53051048458872,11,0.01,0.3,0.5,0.001,3
