,L2,L2_true,N,std,jump,jump_prob,ve,dim
0,2.62862916538509,0.22884221237061275,1637,0.01,0.3,0.5,0.001,1
