,L2,L2_true,N,std,jump,jump_prob,ve,dim
0,2.378321979760903,2.378150031487216,22,0.2,0.3,0.5,0.001,1
