,L2,L2_true,N,std,jump,jump_prob,ve,dim
0,5.841257395932672,4.837358507586327,43,0.01,0.3,0.5,0.0025,2
