,L2,L2_true,N,std,jump,jump_prob,ve,dim
0,1.6020293497613527,1.600774059735323,4,0.2,0.3,0.5,0.001,1
