,L2,L2_true,N,std,jump,jump_prob,ve,dim
0,0.4208142697131689,0.36924970958027503,848,0.05,0.3,0.5,0.001,1
