,L2,L2_true,N,std,jump,jump_prob,ve,dim
0,3.4451159388001247,0.4494810822782866,1000,0.01,0.3,0.5,0.01,2
