,L2,L2_true,N,std,jump,jump_prob,ve,dim
0,3.6435884275080705,0.9538509487027554,2,0.01,0.3,0.5,0.01,1
