,L2,L2_true,N,std,jump,jump_prob,ve,dim
0,4.907413023232332,3.7829218097570325,13,0.01,0.3,0.5,0.001,2
