,L2,L2_true,N,std,jump,jump_prob,ve,dim
0,3.8307859322224544,1.7267416151400308,1389,0.01,0.3,0.5,0.01,3
