,L2,L2_true,N,std,jump,jump_prob,ve,dim
0,6.3544683510620255,5.4990192595557925,100,0.01,0.3,0.5,0.0025,2
