,L2,L2_true,N,std,jump,jump_prob,ve,dim
0,2.6288913724294876,0.23812676628344667,1389,0.01,0.3,0.5,0.001,1
