,L2,L2_true,N,std,jump,jump_prob,ve,dim
0,10.417342223801365,9.941800732851965,117,0.01,0.3,0.5,0.001,3
