,L2,L2_true,N,std,jump,jump_prob,ve,dim
0,5.835835295614716,4.849973356105684,61,0.01,0.3,0.5,0.0025,2
