,L2,L2_true,N,std,jump,jump_prob,ve,dim
0,6.546873812406594,5.771468412647563,43,0.01,0.3,0.5,0.001,2
