,L2,L2_true,N,std,jump,jump_prob,ve,dim
0,5.901149572307712,4.966424384667161,117,0.01,0.3,0.5,0.0025,2
