,L2,L2_true,N,std,jump,jump_prob,ve,dim
0,0.42759236799003075,0.3356128125406812,1178,0.05,0.3,0.5,0.001,1
