,L2,L2_true,N,std,jump,jump_prob,ve,dim
0,5.413491260365451,4.169448665916978,193,0.01,0.3,0.5,0.01,3
