,L2,L2_true,N,std,jump,jump_prob,ve,dim
0,1.091452704601028,1.0881451760925807,3,0.2,0.3,0.5,0.001,1
