,L2,L2_true,N,std,jump,jump_prob,ve,dim
0,3.4177131217122168,0.11927357493840478,227,0.01,0.3,0.5,0.01,1
