,L2,L2_true,N,std,jump,jump_prob,ve,dim
0,22.84136209234282,22.657793427245824,1389,0.01,0.3,0.5,0.001,3
