,L2,L2_true,N,std,jump,jump_prob,ve,dim
0,3.0922041772544326,0.6127826277526454,117,0.01,0.3,0.5,0.0025,1
