,L2,L2_true,N,std,jump,jump_prob,ve,dim
0,12.730463150637306,12.331985751641982,610,0.01,0.3,0.5,0.0025,3
