,L2,L2_true,N,std,jump,jump_prob,ve,dim
0,9.870986614735385,9.383706447590805,3000,0.01,0.3,0.5,0.0025,3
