,L2,L2_true,N,std,jump,jump_prob,ve,dim
0,4.06777061712661,2.401933919595962,10,0.01,0.3,0.5,0.0025,1
