,L2,L2_true,N,std,jump,jump_prob,ve,dim
0,3.4353476232726505,0.3182207217602869,61,0.01,0.3,0.5,0.01,1
