,L2,L2_true,N,std,jump,jump_prob,ve,dim
0,17.187617497266377,16.9206393979769,439,0.01,0.3,0.5,0.001,3
