,L2,L2_true,N,std,jump,jump_prob,ve,dim
0,12.485870677708103,12.090234826296324,1178,0.01,0.3,0.5,0.0025,3
