,L2,L2_true,N,std,jump,jump_prob,ve,dim
0,6.217107331078903,5.396577830707463,37,0.01,0.3,0.5,0.001,2
