,L2,L2_true,N,std,jump,jump_prob,ve,dim
0,2.5821211675974887,2.583365453279328,10,0.2,0.3,0.5,0.001,1
