,L2,L2_true,N,std,jump,jump_prob,ve,dim
0,3.419881179407539,0.0664466177055918,2275,0.01,0.3,0.5,0.01,1
