,L2,L2_true,N,std,jump,jump_prob,ve,dim
0,3.071917497034447,0.49514592170727273,163,0.01,0.3,0.5,0.0025,1
