,L2,L2_true,N,std,jump,jump_prob,ve,dim
0,8.671035318746421,8.184394835308987,227,0.01,0.3,0.5,0.001,2
