,L2,L2_true,N,std,jump,jump_prob,ve,dim
0,0.7006450028721871,0.7010097661129038,268,0.2,0.3,0.5,0.001,1
