,L2,L2_true,N,std,jump,jump_prob,ve,dim
0,2.1039455839235237,2.104112079387522,8,0.2,0.3,0.5,0.001,1
