,L2,L2_true,N,std,jump,jump_prob,ve,dim
0,11.119662066306038,10.621446005953155,227,0.01,0.3,0.5,0.0025,3
