,L2,L2_true,N,std,jump,jump_prob,ve,dim
0,3.636765430622522,0.9501933738628068,2,0.01,0.3,0.5,0.01,1
