,L2,L2_true,N,std,jump,jump_prob,ve,dim
0,3.4241797295571486,0.31834490617589223,2000,0.01,0.3,0.5,0.01,2
