,L2,L2_true,N,std,jump,jump_prob,ve,dim
0,5.296563429170837,4.003830151202294,138,0.01,0.3,0.5,0.01,3
