,L2,L2_true,N,std,jump,jump_prob,ve,dim
0,3.480211706131159,1.7101934095706146,1389,0.01,0.3,0.5,0.0025,2
