,L2,L2_true,N,std,jump,jump_prob,ve,dim
0,8.235091022715896,7.682603788178235,138,0.01,0.3,0.5,0.001,2
