,L2,L2_true,N,std,jump,jump_prob,ve,dim
0,3.4287459752814127,0.31832429780290933,1930,0.01,0.3,0.5,0.01,2
