,L2,L2_true,N,std,jump,jump_prob,ve,dim
0,3.4736192544036606,0.666816299323019,517,0.01,0.3,0.5,0.01,2
