,L2,L2_true,N,std,jump,jump_prob,ve,dim
0,4.798513142413394,3.678545750662265,316,0.01,0.3,0.5,0.0025,2
