,L2,L2_true,N,std,jump,jump_prob,ve,dim
0,5.444033145861658,4.448318016861461,19,0.01,0.3,0.5,0.001,3
