,L2,L2_true,N,std,jump,jump_prob,ve,dim
0,6.331377497044955,5.51607514252935,37,0.01,0.3,0.5,0.001,2
