,L2,L2_true,N,std,jump,jump_prob,ve,dim
0,8.067803655335515,7.589386987459362,439,0.01,0.3,0.5,0.001,2
