,L2,L2_true,N,std,jump,jump_prob,ve,dim
0,0.36508676213533686,0.3653023092406355,1000,0.2,0.3,0.5,0.001,1
