,L2,L2_true,N,std,jump,jump_prob,ve,dim
0,2.434029696143313,2.384926171244313,11,0.05,0.3,0.5,0.001,1
