,L2,L2_true,N,std,jump,jump_prob,ve,dim
0,7.052835867463663,6.346302114718135,61,0.01,0.3,0.5,0.001,2
