,L2,L2_true,N,std,jump,jump_prob,ve,dim
0,0.4374816773999248,0.35510045743336077,848,0.05,0.3,0.5,0.001,1
