,L2,L2_true,N,std,jump,jump_prob,ve,dim
0,3.806632655213493,1.4129887744062464,3,0.01,0.3,0.5,0.01,3
