,L2,L2_true,N,std,jump,jump_prob,ve,dim
0,5.221238049897676,4.208571369371811,268,0.01,0.3,0.5,0.0025,2
