,L2,L2_true,N,std,jump,jump_prob,ve,dim
0,0.6164817840199247,0.579653898991755,439,0.05,0.3,0.5,0.001,1
