,L2,L2_true,N,std,jump,jump_prob,ve,dim
0,5.559592018824159,4.586436505937128,19,0.01,0.3,0.5,0.001,2
