,L2,L2_true,N,std,jump,jump_prob,ve,dim
0,5.357179351416653,4.04055706649421,43,0.01,0.3,0.5,0.01,3
