,L2,L2_true,N,std,jump,jump_prob,ve,dim
0,4.310679628511746,3.231416239574754,26,0.01,0.3,0.5,0.001,1
