,L2,L2_true,N,std,jump,jump_prob,ve,dim
0,3.674318202061396,2.3707268707660956,26,0.01,0.3,0.5,0.001,1
