,L2,L2_true,N,std,jump,jump_prob,ve,dim
0,5.231721183822084,4.040490033209025,22,0.01,0.3,0.5,0.0025,2
