,L2,L2_true,N,std,jump,jump_prob,ve,dim
0,3.6115041918668234,1.328420009992872,1,0.01,0.3,0.5,0.0025,1
