,L2,L2_true,N,std,jump,jump_prob,ve,dim
0,0.9619240197538633,0.9609936969733132,2,0.2,0.3,0.5,0.001,1
