,L2,L2_true,N,std,jump,jump_prob,ve,dim
0,3.836332551520035,2.2745379332427054,5,0.01,0.3,0.5,0.001,1
