,L2,L2_true,N,std,jump,jump_prob,ve,dim
0,0.38678898016548546,0.3864742898192798,848,0.2,0.3,0.5,0.001,1
