,L2,L2_true,N,std,jump,jump_prob,ve,dim
0,11.694144285114383,11.229760526960794,316,0.01,0.3,0.5,0.0025,3
