,L2,L2_true,N,std,jump,jump_prob,ve,dim
0,3.3422982458655435,2.1063299418884416,61,0.01,0.3,0.5,0.001,1
