,L2,L2_true,N,std,jump,jump_prob,ve,dim
0,3.4228499716359213,0.161609084801864,193,0.01,0.3,0.5,0.01,1
