,L2,L2_true,N,std,jump,jump_prob,ve,dim
0,4.366014389832683,3.117897823252114,439,0.01,0.3,0.5,0.0025,2
