,L2,L2_true,N,std,jump,jump_prob,ve,dim
0,4.853380670332802,3.4335887910626015,316,0.01,0.3,0.5,0.01,3
