,L2,L2_true,N,std,jump,jump_prob,ve,dim
0,4.025386291389382,2.5162674547190877,4,0.01,0.3,0.5,0.001,2
