,L2,L2_true,N,std,jump,jump_prob,ve,dim
0,3.7210409341043964,1.2289895904948502,4,0.01,0.3,0.5,0.01,1
