,L2,L2_true,N,std,jump,jump_prob,ve,dim
0,3.432297078769501,0.3114932417206065,138,0.01,0.3,0.5,0.01,1
