,L2,L2_true,N,std,jump,jump_prob,ve,dim
0,3.810868844737571,1.7952978253386624,4,0.01,0.3,0.5,0.0025,1
