,L2,L2_true,N,std,jump,jump_prob,ve,dim
0,4.692772142809403,3.4831133824044485,11,0.01,0.3,0.5,0.001,2
