,L2,L2_true,N,std,jump,jump_prob,ve,dim
0,5.294793040013422,4.272005180815344,19,0.01,0.3,0.5,0.001,2
