,L2,L2_true,N,std,jump,jump_prob,ve,dim
0,14.516961224764609,14.183338271200022,268,0.01,0.3,0.5,0.001,3
