,L2,L2_true,N,std,jump,jump_prob,ve,dim
0,7.023878285613619,6.3167391512801565,61,0.01,0.3,0.5,0.001,2
