,L2,L2_true,N,std,jump,jump_prob,ve,dim
0,3.04490565518375,0.25367909489796675,372,0.01,0.3,0.5,0.0025,1
