,L2,L2_true,N,std,jump,jump_prob,ve,dim
0,4.4380971560065126,2.6692731029719137,11,0.01,0.3,0.5,0.01,3
