,L2,L2_true,N,std,jump,jump_prob,ve,dim
0,6.803096401167171,5.918602984558717,43,0.01,0.3,0.5,0.0025,3
