,L2,L2_true,N,std,jump,jump_prob,ve,dim
0,4.494508668435435,2.9961645188753674,10,0.01,0.3,0.5,0.0025,2
