,L2,L2_true,N,std,jump,jump_prob,ve,dim
0,3.01864711508812,2.9680449295963767,13,0.05,0.3,0.5,0.001,1
