,L2,L2_true,N,std,jump,jump_prob,ve,dim
0,3.7216265869842067,1.4793930833601092,138,0.01,0.3,0.5,0.01,2
