,L2,L2_true,N,std,jump,jump_prob,ve,dim
0,3.3411335205445374,1.3965554041878179,2000,0.01,0.3,0.5,0.0025,2
