,L2,L2_true,N,std,jump,jump_prob,ve,dim
0,0.49722281492139303,0.4701628549144625,439,0.05,0.3,0.5,0.001,1
