,L2,L2_true,N,std,jump,jump_prob,ve,dim
0,3.037486856499297,0.1128788155273404,2682,0.01,0.3,0.5,0.0025,1
