,L2,L2_true,N,std,jump,jump_prob,ve,dim
0,4.711952355358836,3.3088664525582776,13,0.01,0.3,0.5,0.0025,2
