,L2,L2_true,N,std,jump,jump_prob,ve,dim
0,4.672733723000375,3.468654490935414,11,0.01,0.3,0.5,0.001,3
