,L2,L2_true,N,std,jump,jump_prob,ve,dim
0,3.5561502731071464,0.8112636042397403,11,0.01,0.3,0.5,0.01,1
