,L2,L2_true,N,std,jump,jump_prob,ve,dim
0,22.870575112660617,22.673285981176257,1178,0.01,0.3,0.5,0.001,3
