,L2,L2_true,N,std,jump,jump_prob,ve,dim
0,0.37801868574022385,0.3705787949308254,1,0.2,0.3,0.5,0.001,1
