,L2,L2_true,N,std,jump,jump_prob,ve,dim
0,0.9599115238108619,0.9593092165133239,163,0.2,0.3,0.5,0.001,1
