,L2,L2_true,N,std,jump,jump_prob,ve,dim
0,1.6364249466267198,1.4996950766809543,3,0.05,0.3,0.5,0.001,1
