,L2,L2_true,N,std,jump,jump_prob,ve,dim
0,3.436358238098244,0.4752678184767112,1000,0.01,0.3,0.5,0.01,2
