,L2,L2_true,N,std,jump,jump_prob,ve,dim
0,5.395731471081915,4.143532405137872,138,0.01,0.3,0.5,0.01,3
