,L2,L2_true,N,std,jump,jump_prob,ve,dim
0,4.501692186488017,2.8119928930898612,13,0.01,0.3,0.5,0.01,3
