,L2,L2_true,N,std,jump,jump_prob,ve,dim
0,6.226142268081629,5.392450072450694,37,0.01,0.3,0.5,0.001,2
