,L2,L2_true,N,std,jump,jump_prob,ve,dim
0,3.828620677810189,1.7305002054284484,1389,0.01,0.3,0.5,0.01,3
