,L2,L2_true,N,std,jump,jump_prob,ve,dim
0,3.0540245347665866,0.3785058456219844,227,0.01,0.3,0.5,0.0025,1
