,L2,L2_true,N,std,jump,jump_prob,ve,dim
0,0.8295697814409454,0.8312966212772868,2,0.2,0.3,0.5,0.001,1
