,L2,L2_true,N,std,jump,jump_prob,ve,dim
0,3.6919167995531486,2.249184467751378,16,0.01,0.3,0.5,0.001,1
