,L2,L2_true,N,std,jump,jump_prob,ve,dim
0,3.6747668327488774,2.063146163271742,1000,0.01,0.3,0.5,0.0025,2
