,L2,L2_true,N,std,jump,jump_prob,ve,dim
0,0.9607202876425425,0.9614777647849876,163,0.2,0.3,0.5,0.001,1
