,L2,L2_true,N,std,jump,jump_prob,ve,dim
0,3.4265160377171715,0.12958912837442338,268,0.01,0.3,0.5,0.01,1
