,L2,L2_true,N,std,jump,jump_prob,ve,dim
0,2.619856035767485,0.19771894573264953,1930,0.01,0.3,0.5,0.001,1
