,L2,L2_true,N,std,jump,jump_prob,ve,dim
0,3.9295395733704095,2.01903240335609,4,0.01,0.3,0.5,0.0025,2
