,L2,L2_true,N,std,jump,jump_prob,ve,dim
0,3.4419205554427124,0.4057445021103445,1178,0.01,0.3,0.5,0.01,2
