,L2,L2_true,N,std,jump,jump_prob,ve,dim
0,3.415609230014973,0.22105945615212977,163,0.01,0.3,0.5,0.01,1
