,L2,L2_true,N,std,jump,jump_prob,ve,dim
0,5.704879707074129,4.768387064890361,163,0.01,0.3,0.5,0.0025,2
