,L2,L2_true,N,std,jump,jump_prob,ve,dim
0,1.8850880298033106,1.7698295774140387,4,0.05,0.3,0.5,0.001,1
