,L2,L2_true,N,std,jump,jump_prob,ve,dim
0,2.984626615046098,1.4064659448469572,71,0.01,0.3,0.5,0.001,1
