,L2,L2_true,N,std,jump,jump_prob,ve,dim
0,2.7688833269767072,2.708807942889538,13,0.05,0.3,0.5,0.001,1
