,L2,L2_true,N,std,jump,jump_prob,ve,dim
0,9.079950864418949,8.59980414311515,193,0.01,0.3,0.5,0.001,2
