,L2,L2_true,N,std,jump,jump_prob,ve,dim
0,4.909781601737435,3.5847311586895807,16,0.01,0.3,0.5,0.0025,2
