,L2,L2_true,N,std,jump,jump_prob,ve,dim
0,20.94679016434214,20.723259691392,848,0.01,0.3,0.5,0.001,3
