,L2,L2_true,N,std,jump,jump_prob,ve,dim
0,5.835400848140039,4.81258396895012,43,0.01,0.3,0.5,0.0025,2
