,L2,L2_true,N,std,jump,jump_prob,ve,dim
0,4.193292024974014,2.7784906644054566,6,0.01,0.3,0.5,0.001,3
