,L2,L2_true,N,std,jump,jump_prob,ve,dim
0,3.4253481429788715,0.11439205319831809,610,0.01,0.3,0.5,0.01,1
