,L2,L2_true,N,std,jump,jump_prob,ve,dim
0,2.2095618502461223,2.1699821432702366,26,0.05,0.3,0.5,0.001,1
