,L2,L2_true,N,std,jump,jump_prob,ve,dim
0,3.4120366239039166,0.05285849858261101,1930,0.01,0.3,0.5,0.01,1
