,L2,L2_true,N,std,jump,jump_prob,ve,dim
0,3.415173624165385,0.06869487758554221,719,0.01,0.3,0.5,0.01,1
