,L2,L2_true,N,std,jump,jump_prob,ve,dim
0,4.2988282004191385,2.937395943777799,7,0.01,0.3,0.5,0.001,3
