,L2,L2_true,N,std,jump,jump_prob,ve,dim
0,3.7449556166541234,1.925780577340267,11,0.01,0.3,0.5,0.0025,1
