,L2,L2_true,N,std,jump,jump_prob,ve,dim
0,3.636522367357646,1.850610316510949,2,0.01,0.3,0.5,0.001,1
