,L2,L2_true,N,std,jump,jump_prob,ve,dim
0,3.8576550640028335,2.4798412167546844,16,0.01,0.3,0.5,0.001,1
