,L2,L2_true,N,std,jump,jump_prob,ve,dim
0,3.3035613670195425,1.2960688687420758,2275,0.01,0.3,0.5,0.0025,2
