,L2,L2_true,N,std,jump,jump_prob,ve,dim
0,7.166573201871267,6.439592546079742,43,0.01,0.3,0.5,0.001,3
