,L2,L2_true,N,std,jump,jump_prob,ve,dim
0,11.374142357294282,10.890704684892345,268,0.01,0.3,0.5,0.0025,3
