,L2,L2_true,N,std,jump,jump_prob,ve,dim
0,0.41021609216625227,0.411218904634738,848,0.2,0.3,0.5,0.001,1
