,L2,L2_true,N,std,jump,jump_prob,ve,dim
0,4.706082902733221,3.2135056546848997,372,0.01,0.3,0.5,0.01,3
