,L2,L2_true,N,std,jump,jump_prob,ve,dim
0,2.024477626710033,1.9169047036031133,3,0.05,0.3,0.5,0.001,1
