,L2,L2_true,N,std,jump,jump_prob,ve,dim
0,0.3687101626182294,0.2977099059042319,1389,0.05,0.3,0.5,0.001,1
