,L2,L2_true,N,std,jump,jump_prob,ve,dim
0,5.497328764178829,4.386063188056486,31,0.01,0.3,0.5,0.0025,2
