,L2,L2_true,N,std,jump,jump_prob,ve,dim
0,3.5951553188283785,0.6801535708188294,2,0.01,0.3,0.5,0.01,1
