,L2,L2_true,N,std,jump,jump_prob,ve,dim
0,7.125838896162345,6.430173542621252,61,0.01,0.3,0.5,0.001,2
