,L2,L2_true,N,std,jump,jump_prob,ve,dim
0,15.089392831332251,14.7753668300505,316,0.01,0.3,0.5,0.001,3
