,L2,L2_true,N,std,jump,jump_prob,ve,dim
0,7.510651388680995,6.853785583301467,84,0.01,0.3,0.5,0.001,2
