,L2,L2_true,N,std,jump,jump_prob,ve,dim
0,7.490984161725395,6.698365887760167,61,0.01,0.3,0.5,0.0025,3
