,L2,L2_true,N,std,jump,jump_prob,ve,dim
0,3.4594680927561328,0.49769958736451836,848,0.01,0.3,0.5,0.01,2
