,L2,L2_true,N,std,jump,jump_prob,ve,dim
0,2.618715457705224,0.17446559327373606,2275,0.01,0.3,0.5,0.001,1
