,L2,L2_true,N,std,jump,jump_prob,ve,dim
0,7.20142370744223,6.681727753747576,610,0.01,0.3,0.5,0.001,2
