,L2,L2_true,N,std,jump,jump_prob,ve,dim
0,9.245827180706273,8.626413168275187,117,0.01,0.3,0.5,0.0025,3
