,L2,L2_true,N,std,jump,jump_prob,ve,dim
0,0.38757144057211823,0.38656014945869094,848,0.2,0.3,0.5,0.001,1
