,L2,L2_true,N,std,jump,jump_prob,ve,dim
0,3.228019258592814,1.1060511125471726,3000,0.01,0.3,0.5,0.0025,2
