,L2,L2_true,N,std,jump,jump_prob,ve,dim
0,12.597440212296691,12.20835484097462,193,0.01,0.3,0.5,0.001,3
