,L2,L2_true,N,std,jump,jump_prob,ve,dim
0,4.106311047448386,2.1216552523652306,7,0.01,0.3,0.5,0.01,3
