,L2,L2_true,N,std,jump,jump_prob,ve,dim
0,3.5118038356843835,0.843035014533764,316,0.01,0.3,0.5,0.01,2
