,L2,L2_true,N,std,jump,jump_prob,ve,dim
0,4.721462744936459,3.535441332753431,13,0.01,0.3,0.5,0.001,2
