,L2,L2_true,N,std,jump,jump_prob,ve,dim
0,0.3464281628284639,0.27706569638775386,1389,0.05,0.3,0.5,0.001,1
