,L2,L2_true,N,std,jump,jump_prob,ve,dim
0,0.6695969770627428,0.6698606836609412,268,0.2,0.3,0.5,0.001,1
