,L2,L2_true,N,std,jump,jump_prob,ve,dim
0,3.8391552676537355,2.3353040616765206,11,0.01,0.3,0.5,0.001,1
