,L2,L2_true,N,std,jump,jump_prob,ve,dim
0,2.8210310910621135,0.9642868157473755,100,0.01,0.3,0.5,0.001,1
