,L2,L2_true,N,std,jump,jump_prob,ve,dim
0,8.503752512082388,7.978448472280359,163,0.01,0.3,0.5,0.001,2
