,L2,L2_true,N,std,jump,jump_prob,ve,dim
0,12.050161499972232,11.65575747344868,1637,0.01,0.3,0.5,0.0025,3
