,L2,L2_true,N,std,jump,jump_prob,ve,dim
0,3.549480608958062,1.8350007752748774,1178,0.01,0.3,0.5,0.0025,2
