,L2,L2_true,N,std,jump,jump_prob,ve,dim
0,4.708387990920662,3.505535194467815,11,0.01,0.3,0.5,0.001,3
