,L2,L2_true,N,std,jump,jump_prob,ve,dim
0,3.885032488027445,2.0016369410610615,6,0.01,0.3,0.5,0.0025,1
