,L2,L2_true,N,std,jump,jump_prob,ve,dim
0,0.323891514202057,0.22239624967018315,2275,0.05,0.3,0.5,0.001,1
