,L2,L2_true,N,std,jump,jump_prob,ve,dim
0,3.4594565609020203,0.5690253958481838,610,0.01,0.3,0.5,0.01,2
