,L2,L2_true,N,std,jump,jump_prob,ve,dim
0,3.65318456622011,1.1122488753390185,5,0.01,0.3,0.5,0.01,1
