,L2,L2_true,N,std,jump,jump_prob,ve,dim
0,3.89792648174904,2.3701528776546805,8,0.01,0.3,0.5,0.001,1
