,L2,L2_true,N,std,jump,jump_prob,ve,dim
0,3.9737616881476576,1.860959253789626,6,0.01,0.3,0.5,0.01,2
