,L2,L2_true,N,std,jump,jump_prob,ve,dim
0,2.7817942604070973,2.7822294259923908,10,0.2,0.3,0.5,0.001,1
