,L2,L2_true,N,std,jump,jump_prob,ve,dim
0,25.25895480470613,25.107520794349035,3000,0.01,0.3,0.5,0.001,3
