,L2,L2_true,N,std,jump,jump_prob,ve,dim
0,3.0422325404838,0.20899208129615227,848,0.01,0.3,0.5,0.0025,1
