,L2,L2_true,N,std,jump,jump_prob,ve,dim
0,5.642795401668912,4.698981025163372,22,0.01,0.3,0.5,0.001,3
