,L2,L2_true,N,std,jump,jump_prob,ve,dim
0,4.357880472036033,2.5637770903734696,13,0.01,0.3,0.5,0.01,2
