,L2,L2_true,N,std,jump,jump_prob,ve,dim
0,5.573840114011489,4.611370938243267,22,0.01,0.3,0.5,0.001,3
