,L2,L2_true,N,std,jump,jump_prob,ve,dim
0,24.464007048175766,24.302806297194905,3000,0.01,0.3,0.5,0.001,3
