,L2,L2_true,N,std,jump,jump_prob,ve,dim
0,11.780974723931315,11.361022309557368,1389,0.01,0.3,0.5,0.0025,3
