,L2,L2_true,N,std,jump,jump_prob,ve,dim
0,3.9730960465127017,1.843618181124126,7,0.01,0.3,0.5,0.01,2
