,L2,L2_true,N,std,jump,jump_prob,ve,dim
0,2.3236314895654595,2.2456845999556165,8,0.05,0.3,0.5,0.001,1
