,L2,L2_true,N,std,jump,jump_prob,ve,dim
0,5.268164704288805,4.076576994566745,22,0.01,0.3,0.5,0.0025,2
