,L2,L2_true,N,std,jump,jump_prob,ve,dim
0,5.9159900275701816,5.285295352117891,1000,0.01,0.3,0.5,0.001,2
