,L2,L2_true,N,std,jump,jump_prob,ve,dim
0,3.41799891099958,0.09689686763343455,517,0.01,0.3,0.5,0.01,1
