,L2,L2_true,N,std,jump,jump_prob,ve,dim
0,3.663907695049847,1.063563469102708,8,0.01,0.3,0.5,0.01,1
