,L2,L2_true,N,std,jump,jump_prob,ve,dim
0,3.7689321626132077,1.715003123956872,3,0.01,0.3,0.5,0.0025,1
