,L2,L2_true,N,std,jump,jump_prob,ve,dim
0,6.626572226942618,5.863202274013622,43,0.01,0.3,0.5,0.001,2
