,L2,L2_true,N,std,jump,jump_prob,ve,dim
0,4.137864357355522,2.2100165374806124,16,0.01,0.3,0.5,0.01,2
