,L2,L2_true,N,std,jump,jump_prob,ve,dim
0,3.410346872414774,0.06513552365928992,1178,0.01,0.3,0.5,0.01,1
