,L2,L2_true,N,std,jump,jump_prob,ve,dim
0,13.63271060052803,13.279234285394683,227,0.01,0.3,0.5,0.001,3
