,L2,L2_true,N,std,jump,jump_prob,ve,dim
0,3.7610856555178658,1.6650108508119583,2,0.01,0.3,0.5,0.0025,2
