,L2,L2_true,N,std,jump,jump_prob,ve,dim
0,0.3899584238661939,0.39175720269633263,848,0.2,0.3,0.5,0.001,1
