,L2,L2_true,N,std,jump,jump_prob,ve,dim
0,3.6503646880284926,2.0374894593085418,1000,0.01,0.3,0.5,0.0025,2
