,L2,L2_true,N,std,jump,jump_prob,ve,dim
0,4.193561262290943,2.7737629802097032,6,0.01,0.3,0.5,0.001,3
