,L2,L2_true,N,std,jump,jump_prob,ve,dim
0,6.642857866385745,5.731514291493971,43,0.01,0.3,0.5,0.0025,3
