,L2,L2_true,N,std,jump,jump_prob,ve,dim
0,7.61526099130233,6.976492451954948,84,0.01,0.3,0.5,0.001,2
