,L2,L2_true,N,std,jump,jump_prob,ve,dim
0,2.7937565658933803,2.793964348079587,16,0.2,0.3,0.5,0.001,1
