,L2,L2_true,N,std,jump,jump_prob,ve,dim
0,6.699416447223884,5.9468587991461055,43,0.01,0.3,0.5,0.001,2
