,L2,L2_true,N,std,jump,jump_prob,ve,dim
0,3.079301482859655,0.5389088103170103,100,0.01,0.3,0.5,0.0025,1
