,L2,L2_true,N,std,jump,jump_prob,ve,dim
0,0.5947548174001193,0.5945208913304831,372,0.2,0.3,0.5,0.001,1
