,L2,L2_true,N,std,jump,jump_prob,ve,dim
0,5.928990471921492,5.015663132010749,138,0.01,0.3,0.5,0.0025,2
