,L2,L2_true,N,std,jump,jump_prob,ve,dim
0,4.637479882255794,3.5009720309742054,372,0.01,0.3,0.5,0.0025,2
