,L2,L2_true,N,std,jump,jump_prob,ve,dim
0,8.423606872523564,7.880204130272981,117,0.01,0.3,0.5,0.001,2
