,L2,L2_true,N,std,jump,jump_prob,ve,dim
0,5.8763127614865756,4.989842853037119,26,0.01,0.3,0.5,0.001,2
