,L2,L2_true,N,std,jump,jump_prob,ve,dim
0,4.928394841538666,4.162764725216806,1637,0.01,0.3,0.5,0.001,2
