,L2,L2_true,N,std,jump,jump_prob,ve,dim
0,2.3338616439383753,2.333308048375595,26,0.2,0.3,0.5,0.001,1
