,L2,L2_true,N,std,jump,jump_prob,ve,dim
0,4.11626820245585,2.266957469922822,61,0.01,0.3,0.5,0.01,2
