,L2,L2_true,N,std,jump,jump_prob,ve,dim
0,6.5115790633222,5.93263451278206,848,0.01,0.3,0.5,0.001,2
