,L2,L2_true,N,std,jump,jump_prob,ve,dim
0,3.0809689221406513,3.0809169202012865,16,0.2,0.3,0.5,0.001,1
