,L2,L2_true,N,std,jump,jump_prob,ve,dim
0,2.528575922266931,2.5295692090327666,10,0.2,0.3,0.5,0.001,1
