,L2,L2_true,N,std,jump,jump_prob,ve,dim
0,3.054976862768848,1.5194616723410772,43,0.01,0.3,0.5,0.001,1
