,L2,L2_true,N,std,jump,jump_prob,ve,dim
0,2.666512174710051,0.6192184505102896,268,0.01,0.3,0.5,0.001,1
