,L2,L2_true,N,std,jump,jump_prob,ve,dim
0,12.506764544596248,12.10973447295584,1389,0.01,0.3,0.5,0.0025,3
