,L2,L2_true,N,std,jump,jump_prob,ve,dim
0,3.7587898083578297,1.8664663234621504,11,0.01,0.3,0.5,0.0025,1
