,L2,L2_true,N,std,jump,jump_prob,ve,dim
0,11.948657767858917,11.536684046510278,163,0.01,0.3,0.5,0.001,3
