,L2,L2_true,N,std,jump,jump_prob,ve,dim
0,9.261874327874057,8.640619898939335,117,0.01,0.3,0.5,0.0025,3
