,L2,L2_true,N,std,jump,jump_prob,ve,dim
0,4.872334753055141,3.7816633263850634,316,0.01,0.3,0.5,0.0025,2
