,L2,L2_true,N,std,jump,jump_prob,ve,dim
0,3.27026952206073,3.2707643930130534,26,0.2,0.3,0.5,0.001,1
