,L2,L2_true,N,std,jump,jump_prob,ve,dim
0,8.172930090407146,7.6042847746353415,100,0.01,0.3,0.5,0.001,2
