,L2,L2_true,N,std,jump,jump_prob,ve,dim
0,0.3542170859403485,0.2723053422294177,1389,0.05,0.3,0.5,0.001,1
