,L2,L2_true,N,std,jump,jump_prob,ve,dim
0,4.6863260121819925,3.1792974993740883,372,0.01,0.3,0.5,0.01,3
