,L2,L2_true,N,std,jump,jump_prob,ve,dim
0,2.7364408045022963,0.8530318857615533,163,0.01,0.3,0.5,0.001,1
