,L2,L2_true,N,std,jump,jump_prob,ve,dim
0,2.632821629666459,0.30411368792049726,719,0.01,0.3,0.5,0.001,1
