,L2,L2_true,N,std,jump,jump_prob,ve,dim
0,1.4145315825718126,1.2532123802946977,2,0.05,0.3,0.5,0.001,1
