,L2,L2_true,N,std,jump,jump_prob,ve,dim
0,2.993969171891302,1.37200168451346,51,0.01,0.3,0.5,0.001,1
