,L2,L2_true,N,std,jump,jump_prob,ve,dim
0,4.2646015218987445,2.9412084715559774,10,0.01,0.3,0.5,0.001,1
