,L2,L2_true,N,std,jump,jump_prob,ve,dim
0,0.6286691630996956,0.6290170796237765,372,0.2,0.3,0.5,0.001,1
