,L2,L2_true,N,std,jump,jump_prob,ve,dim
0,1.9144690508975808,1.8966687576085717,71,0.05,0.3,0.5,0.001,1
