,L2,L2_true,N,std,jump,jump_prob,ve,dim
0,9.309270062553852,8.697811210561182,117,0.01,0.3,0.5,0.0025,3
