,L2,L2_true,N,std,jump,jump_prob,ve,dim
0,5.415987427669163,4.4106360717568345,19,0.01,0.3,0.5,0.001,3
