,L2,L2_true,N,std,jump,jump_prob,ve,dim
0,2.6159297628610636,0.1879844908054468,1930,0.01,0.3,0.5,0.001,1
