,L2,L2_true,N,std,jump,jump_prob,ve,dim
0,0.4407640807359326,0.44089353449441926,848,0.2,0.3,0.5,0.001,1
