,L2,L2_true,N,std,jump,jump_prob,ve,dim
0,4.772194224676578,3.588806734525551,13,0.01,0.3,0.5,0.001,2
