,L2,L2_true,N,std,jump,jump_prob,ve,dim
0,4.651650843002286,3.433682523211767,11,0.01,0.3,0.5,0.001,2
