,L2,L2_true,N,std,jump,jump_prob,ve,dim
0,6.812814411871538,6.07365291046858,51,0.01,0.3,0.5,0.001,2
