,L2,L2_true,N,std,jump,jump_prob,ve,dim
0,4.164050661680495,2.3159942239556135,31,0.01,0.3,0.5,0.01,2
