,L2,L2_true,N,std,jump,jump_prob,ve,dim
0,1.2094833372127838,1.209422630799693,117,0.2,0.3,0.5,0.001,1
