,L2,L2_true,N,std,jump,jump_prob,ve,dim
0,3.4714545932901624,0.5902815627966905,610,0.01,0.3,0.5,0.01,2
