,L2,L2_true,N,std,jump,jump_prob,ve,dim
0,3.778659644859489,2.226758961090446,848,0.01,0.3,0.5,0.0025,2
