,L2,L2_true,N,std,jump,jump_prob,ve,dim
0,2.6516353931949346,0.45589302855906677,439,0.01,0.3,0.5,0.001,1
