,L2,L2_true,N,std,jump,jump_prob,ve,dim
0,5.095074652004137,3.694588127517548,31,0.01,0.3,0.5,0.01,3
