,L2,L2_true,N,std,jump,jump_prob,ve,dim
0,3.828491033238928,1.8319528170409818,3,0.01,0.3,0.5,0.0025,3
