,L2,L2_true,N,std,jump,jump_prob,ve,dim
0,3.040259811560723,0.26114144920139,439,0.01,0.3,0.5,0.0025,1
