,L2,L2_true,N,std,jump,jump_prob,ve,dim
0,2.2314326746493514,2.2329140490536012,7,0.2,0.3,0.5,0.001,1
