,L2,L2_true,N,std,jump,jump_prob,ve,dim
0,3.297055004109811,1.3883790602725472,71,0.01,0.3,0.5,0.0025,1
