,L2,L2_true,N,std,jump,jump_prob,ve,dim
0,18.284117447821195,18.03359082573718,517,0.01,0.3,0.5,0.001,3
