,L2,L2_true,N,std,jump,jump_prob,ve,dim
0,3.663624250699643,2.03508762420354,1000,0.01,0.3,0.5,0.0025,2
