,L2,L2_true,N,std,jump,jump_prob,ve,dim
0,0.4329239525158344,0.37768153852125175,719,0.05,0.3,0.5,0.001,1
