,L2,L2_true,N,std,jump,jump_prob,ve,dim
0,3.4553174233150115,0.5597551886616381,719,0.01,0.3,0.5,0.01,2
