,L2,L2_true,N,std,jump,jump_prob,ve,dim
0,3.6707432603295556,1.297361825595189,138,0.01,0.3,0.5,0.01,2
