,L2,L2_true,N,std,jump,jump_prob,ve,dim
0,6.701131622988343,5.938783692894891,43,0.01,0.3,0.5,0.001,2
