,L2,L2_true,N,std,jump,jump_prob,ve,dim
0,3.04174003907397,0.11986113075872012,2275,0.01,0.3,0.5,0.0025,1
