,L2,L2_true,N,std,jump,jump_prob,ve,dim
0,1.4089928052812506,1.40891170666694,84,0.2,0.3,0.5,0.001,1
