,L2,L2_true,N,std,jump,jump_prob,ve,dim
0,3.0204480885070764,0.1634044889598806,848,0.01,0.3,0.5,0.0025,1
