,L2,L2_true,N,std,jump,jump_prob,ve,dim
0,1.637489447317719,1.6160539250798942,71,0.05,0.3,0.5,0.001,1
