,L2,L2_true,N,std,jump,jump_prob,ve,dim
0,3.5813929388214016,1.0601064407230203,193,0.01,0.3,0.5,0.01,2
