,L2,L2_true,N,std,jump,jump_prob,ve,dim
0,0.899196831244848,0.8998646137060086,193,0.2,0.3,0.5,0.001,1
