,L2,L2_true,N,std,jump,jump_prob,ve,dim
0,3.6172239349634676,1.803463150206376,1,0.01,0.3,0.5,0.001,1
