,L2,L2_true,N,std,jump,jump_prob,ve,dim
0,0.25948479235292526,0.2591624950375973,1930,0.2,0.3,0.5,0.001,1
