,L2,L2_true,N,std,jump,jump_prob,ve,dim
0,3.990036991331784,2.5270928521617986,5,0.01,0.3,0.5,0.001,1
