,L2,L2_true,N,std,jump,jump_prob,ve,dim
0,0.49819179403466207,0.4979387673437592,517,0.2,0.3,0.5,0.001,1
