,L2,L2_true,N,std,jump,jump_prob,ve,dim
0,2.1299101285942843,2.1305402281010153,26,0.2,0.3,0.5,0.001,1
