,L2,L2_true,N,std,jump,jump_prob,ve,dim
0,2.0659570193394687,2.0653137679523654,26,0.2,0.3,0.5,0.001,1
