,L2,L2_true,N,std,jump,jump_prob,ve,dim
0,2.6240124149373556,0.22338661815971927,1389,0.01,0.3,0.5,0.001,1
