,L2,L2_true,N,std,jump,jump_prob,ve,dim
0,3.7372457934031837,1.2854795695080403,4,0.01,0.3,0.5,0.01,1
