,L2,L2_true,N,std,jump,jump_prob,ve,dim
0,3.9247452974375445,1.723266327039152,7,0.01,0.3,0.5,0.01,2
