,L2,L2_true,N,std,jump,jump_prob,ve,dim
0,4.0944814655377595,2.088239278273369,13,0.01,0.3,0.5,0.01,2
