,L2,L2_true,N,std,jump,jump_prob,ve,dim
0,7.58242349371054,6.930589985931635,71,0.01,0.3,0.5,0.001,2
