,L2,L2_true,N,std,jump,jump_prob,ve,dim
0,3.0325340726093764,0.13693534285648143,1000,0.01,0.3,0.5,0.0025,1
