,L2,L2_true,N,std,jump,jump_prob,ve,dim
0,8.180250886244663,7.627284315363014,138,0.01,0.3,0.5,0.001,2
