,L2,L2_true,N,std,jump,jump_prob,ve,dim
0,3.0429158255008155,0.2899810903905148,227,0.01,0.3,0.5,0.0025,1
