,L2,L2_true,N,std,jump,jump_prob,ve,dim
0,3.4129037478514523,0.09803591742218455,372,0.01,0.3,0.5,0.01,1
