,L2,L2_true,N,std,jump,jump_prob,ve,dim
0,3.4275714004964652,0.19118398558079408,117,0.01,0.3,0.5,0.01,1
