,L2,L2_true,N,std,jump,jump_prob,ve,dim
0,8.124888915687695,7.567662507313781,138,0.01,0.3,0.5,0.001,2
