,L2,L2_true,N,std,jump,jump_prob,ve,dim
0,3.9336539140181004,2.3816872912202647,4,0.01,0.3,0.5,0.001,2
