,L2,L2_true,N,std,jump,jump_prob,ve,dim
0,7.393553426759442,6.7003429707339714,51,0.01,0.3,0.5,0.001,3
