,L2,L2_true,N,std,jump,jump_prob,ve,dim
0,12.94878167407546,12.562251606046397,1000,0.01,0.3,0.5,0.0025,3
