,L2,L2_true,N,std,jump,jump_prob,ve,dim
0,12.080342846221358,11.64289339847387,372,0.01,0.3,0.5,0.0025,3
