,L2,L2_true,N,std,jump,jump_prob,ve,dim
0,2.2148927186096916,2.2156777546974387,31,0.2,0.3,0.5,0.001,1
