,L2,L2_true,N,std,jump,jump_prob,ve,dim
0,0.2624220413179227,0.26253089687178993,1930,0.2,0.3,0.5,0.001,1
