,L2,L2_true,N,std,jump,jump_prob,ve,dim
0,5.312008558344049,4.003633184287035,51,0.01,0.3,0.5,0.01,3
