,L2,L2_true,N,std,jump,jump_prob,ve,dim
0,6.754591083185421,6.0071608477393825,43,0.01,0.3,0.5,0.001,2
