,L2,L2_true,N,std,jump,jump_prob,ve,dim
0,4.053902712363982,2.181778251532059,848,0.01,0.3,0.5,0.01,3
