,L2,L2_true,N,std,jump,jump_prob,ve,dim
0,4.199482193945671,2.5066067682423347,6,0.01,0.3,0.5,0.0025,3
