,L2,L2_true,N,std,jump,jump_prob,ve,dim
0,3.0435407391565863,0.24419254522961148,316,0.01,0.3,0.5,0.0025,1
