,L2,L2_true,N,std,jump,jump_prob,ve,dim
0,6.037859636690925,5.420497339220546,1000,0.01,0.3,0.5,0.001,2
