,L2,L2_true,N,std,jump,jump_prob,ve,dim
0,1.1355561666702434,1.1316585982734142,2,0.2,0.3,0.5,0.001,1
