,L2,L2_true,N,std,jump,jump_prob,ve,dim
0,5.404558995156327,4.132671285128866,84,0.01,0.3,0.5,0.01,3
