,L2,L2_true,N,std,jump,jump_prob,ve,dim
0,5.516476312449412,4.376411128313901,22,0.01,0.3,0.5,0.0025,3
