,L2,L2_true,N,std,jump,jump_prob,ve,dim
0,0.43549791567780255,0.4355515036105877,719,0.2,0.3,0.5,0.001,1
