,L2,L2_true,N,std,jump,jump_prob,ve,dim
0,0.7668675557549826,0.7099132743433978,227,0.05,0.3,0.5,0.001,1
