,L2,L2_true,N,std,jump,jump_prob,ve,dim
0,3.461231443350842,0.5453674814587864,719,0.01,0.3,0.5,0.01,2
