,L2,L2_true,N,std,jump,jump_prob,ve,dim
0,3.0268580512391985,0.13212317749932917,1930,0.01,0.3,0.5,0.0025,1
