,L2,L2_true,N,std,jump,jump_prob,ve,dim
0,3.417366127243591,0.04725120833098098,1637,0.01,0.3,0.5,0.01,1
