,L2,L2_true,N,std,jump,jump_prob,ve,dim
0,8.21398101420198,7.6730190455644145,193,0.01,0.3,0.5,0.001,2
