,L2,L2_true,N,std,jump,jump_prob,ve,dim
0,3.981687183672461,2.1538328016982264,4,0.01,0.3,0.5,0.0025,1
