,L2,L2_true,N,std,jump,jump_prob,ve,dim
0,5.10012356336281,3.69609962474883,31,0.01,0.3,0.5,0.01,3
