,L2,L2_true,N,std,jump,jump_prob,ve,dim
0,3.9888143453509106,1.852277131198675,5,0.01,0.3,0.5,0.01,3
