,L2,L2_true,N,std,jump,jump_prob,ve,dim
0,4.137961686294983,2.187248048805428,10,0.01,0.3,0.5,0.01,2
