,L2,L2_true,N,std,jump,jump_prob,ve,dim
0,4.35805334985411,2.773588147982243,8,0.01,0.3,0.5,0.0025,3
