,L2,L2_true,N,std,jump,jump_prob,ve,dim
0,5.097382415551174,3.683726478484761,37,0.01,0.3,0.5,0.01,3
