,L2,L2_true,N,std,jump,jump_prob,ve,dim
0,3.110533931628764,0.747396472162741,117,0.01,0.3,0.5,0.0025,1
