,L2,L2_true,N,std,jump,jump_prob,ve,dim
0,2.765710251783701,0.8916817111339432,84,0.01,0.3,0.5,0.001,1
