,L2,L2_true,N,std,jump,jump_prob,ve,dim
0,5.290764655420863,3.9989608880548877,163,0.01,0.3,0.5,0.01,3
