,L2,L2_true,N,std,jump,jump_prob,ve,dim
0,0.3223268841501007,0.3224410995022476,1389,0.2,0.3,0.5,0.001,1
