,L2,L2_true,N,std,jump,jump_prob,ve,dim
0,10.457168587897337,9.986923354049047,117,0.01,0.3,0.5,0.001,3
