,L2,L2_true,N,std,jump,jump_prob,ve,dim
0,8.693672108448842,8.028627890235105,100,0.01,0.3,0.5,0.0025,3
