,L2,L2_true,N,std,jump,jump_prob,ve,dim
0,4.094411847585641,2.3818473975703505,11,0.01,0.3,0.5,0.0025,1
