,L2,L2_true,N,std,jump,jump_prob,ve,dim
0,12.822778339649046,12.431622439252779,1000,0.01,0.3,0.5,0.0025,3
