,L2,L2_true,N,std,jump,jump_prob,ve,dim
0,2.675101642189934,0.5934501704627427,372,0.01,0.3,0.5,0.001,1
