,L2,L2_true,N,std,jump,jump_prob,ve,dim
0,1.0312164452977215,1.030854380390681,163,0.05,0.3,0.5,0.001,1
