,L2,L2_true,N,std,jump,jump_prob,ve,dim
0,19.695392181038724,19.464445918818214,719,0.01,0.3,0.5,0.001,3
