,L2,L2_true,N,std,jump,jump_prob,ve,dim
0,3.1109782173416436,0.7078988610689679,100,0.01,0.3,0.5,0.0025,1
