,L2,L2_true,N,std,jump,jump_prob,ve,dim
0,5.198747589974943,4.141386189044363,16,0.01,0.3,0.5,0.001,3
