,L2,L2_true,N,std,jump,jump_prob,ve,dim
0,2.715545757970981,0.7145538683813314,163,0.01,0.3,0.5,0.001,1
