,L2,L2_true,N,std,jump,jump_prob,ve,dim
0,4.269686669696956,2.4432431884322114,13,0.01,0.3,0.5,0.01,2
