,L2,L2_true,N,std,jump,jump_prob,ve,dim
0,4.392989369305503,3.1564525868274673,439,0.01,0.3,0.5,0.0025,2
