,L2,L2_true,N,std,jump,jump_prob,ve,dim
0,0.8771133958338172,0.8429767456393247,163,0.05,0.3,0.5,0.001,1
