,L2,L2_true,N,std,jump,jump_prob,ve,dim
0,3.123315631544712,0.7613119606623985,61,0.01,0.3,0.5,0.0025,1
