,L2,L2_true,N,std,jump,jump_prob,ve,dim
0,5.036712908061569,3.7830865286135107,19,0.01,0.3,0.5,0.0025,2
