,L2,L2_true,N,std,jump,jump_prob,ve,dim
0,2.2199163410538145,2.2188530621585008,6,0.2,0.3,0.5,0.001,1
