,L2,L2_true,N,std,jump,jump_prob,ve,dim
0,2.0752893543451325,2.075800867196096,43,0.2,0.3,0.5,0.001,1
