,L2,L2_true,N,std,jump,jump_prob,ve,dim
0,5.762005499965422,4.842713106276165,163,0.01,0.3,0.5,0.0025,2
