,L2,L2_true,N,std,jump,jump_prob,ve,dim
0,0.30675971972083876,0.30627436698046456,1637,0.2,0.3,0.5,0.001,1
