,L2,L2_true,N,std,jump,jump_prob,ve,dim
0,5.118184680014121,4.05809773067466,16,0.01,0.3,0.5,0.001,2
