,L2,L2_true,N,std,jump,jump_prob,ve,dim
0,3.426680807452583,0.3139782688315186,2275,0.01,0.3,0.5,0.01,2
