,L2,L2_true,N,std,jump,jump_prob,ve,dim
0,3.6079734657508746,1.1688947866348012,163,0.01,0.3,0.5,0.01,2
