,L2,L2_true,N,std,jump,jump_prob,ve,dim
0,3.958722311595376,1.8063105991798476,7,0.01,0.3,0.5,0.01,2
