,L2,L2_true,N,std,jump,jump_prob,ve,dim
0,7.722308273737325,7.119153150463969,100,0.01,0.3,0.5,0.001,2
