,L2,L2_true,N,std,jump,jump_prob,ve,dim
0,10.051174349623016,9.50394220308094,163,0.01,0.3,0.5,0.0025,3
