,L2,L2_true,N,std,jump,jump_prob,ve,dim
0,4.88815480036155,3.4788827610967004,316,0.01,0.3,0.5,0.01,3
