,L2,L2_true,N,std,jump,jump_prob,ve,dim
0,3.5941072720844605,1.895701408022171,1178,0.01,0.3,0.5,0.0025,2
