,L2,L2_true,N,std,jump,jump_prob,ve,dim
0,3.7053760227193555,1.9754225618532495,3,0.01,0.3,0.5,0.001,1
