,L2,L2_true,N,std,jump,jump_prob,ve,dim
0,23.148907016311828,22.961927551885285,1389,0.01,0.3,0.5,0.001,3
