,L2,L2_true,N,std,jump,jump_prob,ve,dim
0,5.0911893459554545,3.697449824395532,31,0.01,0.3,0.5,0.01,3
