,L2,L2_true,N,std,jump,jump_prob,ve,dim
0,4.0182164020672335,2.6816505420354293,11,0.01,0.3,0.5,0.001,1
