,L2,L2_true,N,std,jump,jump_prob,ve,dim
0,3.647252951053523,1.4424232336546832,2,0.01,0.3,0.5,0.0025,1
