,L2,L2_true,N,std,jump,jump_prob,ve,dim
0,2.542335118486167,2.5333489111168803,31,0.05,0.3,0.5,0.001,1
