,L2,L2_true,N,std,jump,jump_prob,ve,dim
0,3.6330684070292802,1.3840672755861907,2,0.01,0.3,0.5,0.0025,1
