,L2,L2_true,N,std,jump,jump_prob,ve,dim
0,11.973579325138086,11.559733763871726,163,0.01,0.3,0.5,0.001,3
