,L2,L2_true,N,std,jump,jump_prob,ve,dim
0,3.7078046906698714,1.6218078916931629,3,0.01,0.3,0.5,0.0025,1
