,L2,L2_true,N,std,jump,jump_prob,ve,dim
0,7.010665387396233,6.154441429178615,51,0.01,0.3,0.5,0.0025,3
