,L2,L2_true,N,std,jump,jump_prob,ve,dim
0,2.9509359894995892,2.9516126075028355,22,0.2,0.3,0.5,0.001,1
