,L2,L2_true,N,std,jump,jump_prob,ve,dim
0,3.1345656119685126,0.7856858744641951,100,0.01,0.3,0.5,0.0025,1
