,L2,L2_true,N,std,jump,jump_prob,ve,dim
0,1.4215087709225225,1.265593505994928,2,0.05,0.3,0.5,0.001,1
