,L2,L2_true,N,std,jump,jump_prob,ve,dim
0,3.0395412067976766,0.20225895576185346,848,0.01,0.3,0.5,0.0025,1
