,L2,L2_true,N,std,jump,jump_prob,ve,dim
0,4.563806943543831,3.091615926196438,10,0.01,0.3,0.5,0.0025,3
