,L2,L2_true,N,std,jump,jump_prob,ve,dim
0,1.3513986855111448,1.1795307369603838,1,0.05,0.3,0.5,0.001,1
