,L2,L2_true,N,std,jump,jump_prob,ve,dim
0,4.037833806097051,2.304837166978062,13,0.01,0.3,0.5,0.0025,1
