,L2,L2_true,N,std,jump,jump_prob,ve,dim
0,0.3405950478302114,0.34100388672043075,1178,0.2,0.3,0.5,0.001,1
