,L2,L2_true,N,std,jump,jump_prob,ve,dim
0,3.6123851266016436,1.3284486165797282,1,0.01,0.3,0.5,0.0025,1
