,L2,L2_true,N,std,jump,jump_prob,ve,dim
0,3.622504136464443,0.7449786560839042,1,0.01,0.3,0.5,0.01,1
