,L2,L2_true,N,std,jump,jump_prob,ve,dim
0,9.370492714855647,8.833518912560812,84,0.01,0.3,0.5,0.001,3
