,L2,L2_true,N,std,jump,jump_prob,ve,dim
0,2.65443886261314,0.5001790349049537,372,0.01,0.3,0.5,0.001,1
