,L2,L2_true,N,std,jump,jump_prob,ve,dim
0,0.40172688552600894,0.33915318180909626,848,0.05,0.3,0.5,0.001,1
