,L2,L2_true,N,std,jump,jump_prob,ve,dim
0,1.0802090389265722,1.0960954882868894,100,0.05,0.3,0.5,0.001,1
