,L2,L2_true,N,std,jump,jump_prob,ve,dim
0,12.005624172133855,11.593702532303258,163,0.01,0.3,0.5,0.001,3
