,L2,L2_true,N,std,jump,jump_prob,ve,dim
0,1.7792813407140917,1.7787573063528106,51,0.2,0.3,0.5,0.001,1
