,L2,L2_true,N,std,jump,jump_prob,ve,dim
0,3.5039269433188127,0.7278501512034956,19,0.01,0.3,0.5,0.01,1
