,L2,L2_true,N,std,jump,jump_prob,ve,dim
0,5.223095945315207,4.197617254878376,227,0.01,0.3,0.5,0.0025,2
