,L2,L2_true,N,std,jump,jump_prob,ve,dim
0,4.090559737486602,2.3382572246105884,6,0.01,0.3,0.5,0.0025,2
