,L2,L2_true,N,std,jump,jump_prob,ve,dim
0,3.843180433786166,1.482954958767658,3,0.01,0.3,0.5,0.01,2
