,L2,L2_true,N,std,jump,jump_prob,ve,dim
0,8.392667685209512,7.897023028044886,316,0.01,0.3,0.5,0.001,2
