,L2,L2_true,N,std,jump,jump_prob,ve,dim
0,3.4395304240393707,0.4591694731957411,1000,0.01,0.3,0.5,0.01,2
