,L2,L2_true,N,std,jump,jump_prob,ve,dim
0,10.459850698757982,9.981123834276465,117,0.01,0.3,0.5,0.001,3
