,L2,L2_true,N,std,jump,jump_prob,ve,dim
0,3.533099298678055,0.845640290463469,316,0.01,0.3,0.5,0.01,2
