,L2,L2_true,N,std,jump,jump_prob,ve,dim
0,12.069330328672201,11.61982650701278,316,0.01,0.3,0.5,0.0025,3
