,L2,L2_true,N,std,jump,jump_prob,ve,dim
0,2.0628157271978544,2.0641684520590777,7,0.2,0.3,0.5,0.001,1
