,L2,L2_true,N,std,jump,jump_prob,ve,dim
0,3.7311245104909148,1.4742803738640777,117,0.01,0.3,0.5,0.01,2
