,L2,L2_true,N,std,jump,jump_prob,ve,dim
0,4.677446559823893,3.0782247392826343,16,0.01,0.3,0.5,0.01,3
