,L2,L2_true,N,std,jump,jump_prob,ve,dim
0,0.4796732728725279,0.4802563100412996,610,0.2,0.3,0.5,0.001,1
