,L2,L2_true,N,std,jump,jump_prob,ve,dim
0,3.611031318590435,1.3279383902236321,1,0.01,0.3,0.5,0.0025,2
