,L2,L2_true,N,std,jump,jump_prob,ve,dim
0,2.1192024250219164,2.0860546829234807,16,0.05,0.3,0.5,0.001,1
