,L2,L2_true,N,std,jump,jump_prob,ve,dim
0,4.123290583122736,2.6669685310696223,5,0.01,0.3,0.5,0.001,3
