,L2,L2_true,N,std,jump,jump_prob,ve,dim
0,3.61380164364589,1.8016931646484204,1,0.01,0.3,0.5,0.001,1
