,L2,L2_true,N,std,jump,jump_prob,ve,dim
0,11.954103905860308,11.54641712818,1178,0.01,0.3,0.5,0.0025,3
