,L2,L2_true,N,std,jump,jump_prob,ve,dim
0,4.878246459227639,3.4700915488602155,316,0.01,0.3,0.5,0.01,3
