,L2,L2_true,N,std,jump,jump_prob,ve,dim
0,4.705273549871989,3.205093905092925,372,0.01,0.3,0.5,0.01,3
