,L2,L2_true,N,std,jump,jump_prob,ve,dim
0,3.6190756561608834,1.802943364932917,1,0.01,0.3,0.5,0.001,1
