,L2,L2_true,N,std,jump,jump_prob,ve,dim
0,0.22633088593832681,0.2256935305336844,2682,0.2,0.3,0.5,0.001,1
