,L2,L2_true,N,std,jump,jump_prob,ve,dim
0,2.297547106965427,2.2985624732678462,8,0.2,0.3,0.5,0.001,1
