,L2,L2_true,N,std,jump,jump_prob,ve,dim
0,4.097859955760455,2.052926399697195,6,0.01,0.3,0.5,0.01,3
