,L2,L2_true,N,std,jump,jump_prob,ve,dim
0,2.6104889914227214,0.12769787323891882,2682,0.01,0.3,0.5,0.001,1
