,L2,L2_true,N,std,jump,jump_prob,ve,dim
0,4.755501492548442,3.1815110104374806,19,0.01,0.3,0.5,0.01,3
