,L2,L2_true,N,std,jump,jump_prob,ve,dim
0,3.045177212639969,0.35342743572272917,227,0.01,0.3,0.5,0.0025,1
