,L2,L2_true,N,std,jump,jump_prob,ve,dim
0,5.253375534791993,3.9491268435416496,193,0.01,0.3,0.5,0.01,3
