,L2,L2_true,N,std,jump,jump_prob,ve,dim
0,0.9357291891812235,0.9353747299026959,193,0.2,0.3,0.5,0.001,1
