,L2,L2_true,N,std,jump,jump_prob,ve,dim
0,2.400427692100784,2.4000029468474198,7,0.2,0.3,0.5,0.001,1
