,L2,L2_true,N,std,jump,jump_prob,ve,dim
0,3.404947272656425,0.12396307834816983,227,0.01,0.3,0.5,0.01,1
