,L2,L2_true,N,std,jump,jump_prob,ve,dim
0,2.713736191694288,2.712901045835002,19,0.2,0.3,0.5,0.001,1
