,L2,L2_true,N,std,jump,jump_prob,ve,dim
0,3.4159511527720863,0.073055118786496,719,0.01,0.3,0.5,0.01,1
