,L2,L2_true,N,std,jump,jump_prob,ve,dim
0,3.0442509341441157,0.3421768089158491,227,0.01,0.3,0.5,0.0025,1
