,L2,L2_true,N,std,jump,jump_prob,ve,dim
0,8.711216497460873,8.213014915023608,193,0.01,0.3,0.5,0.001,2
