,L2,L2_true,N,std,jump,jump_prob,ve,dim
0,1.8617497544137032,1.8616241324830392,61,0.2,0.3,0.5,0.001,1
