,L2,L2_true,N,std,jump,jump_prob,ve,dim
0,2.6304187165698836,2.5606147553495355,10,0.05,0.3,0.5,0.001,1
