,L2,L2_true,N,std,jump,jump_prob,ve,dim
0,3.844486056656199,1.8818412102527105,3,0.01,0.3,0.5,0.0025,3
