,L2,L2_true,N,std,jump,jump_prob,ve,dim
0,3.8221657659456265,1.7022322146927729,1389,0.01,0.3,0.5,0.01,3
