,L2,L2_true,N,std,jump,jump_prob,ve,dim
0,3.6059870949370048,0.999161914280545,10,0.01,0.3,0.5,0.01,1
