,L2,L2_true,N,std,jump,jump_prob,ve,dim
0,2.2118024330051465,2.2121790852201637,37,0.2,0.3,0.5,0.001,1
