,L2,L2_true,N,std,jump,jump_prob,ve,dim
0,5.3860523263687,4.422276601624601,268,0.01,0.3,0.5,0.0025,2
