,L2,L2_true,N,std,jump,jump_prob,ve,dim
0,1.4153265819088776,1.2537834406472532,2,0.05,0.3,0.5,0.001,1
