,L2,L2_true,N,std,jump,jump_prob,ve,dim
0,3.626583653092034,1.3793450309177906,2,0.01,0.3,0.5,0.0025,1
