,L2,L2_true,N,std,jump,jump_prob,ve,dim
0,1.4428945945085827,1.4035597100795312,100,0.05,0.3,0.5,0.001,1
