,L2,L2_true,N,std,jump,jump_prob,ve,dim
0,3.6376705499583273,2.2890717919256733,22,0.01,0.3,0.5,0.001,1
