,L2,L2_true,N,std,jump,jump_prob,ve,dim
0,3.417333923804796,0.037584898668558436,2275,0.01,0.3,0.5,0.01,1
