,L2,L2_true,N,std,jump,jump_prob,ve,dim
0,4.253371242101905,2.4661507370404756,43,0.01,0.3,0.5,0.01,2
