,L2,L2_true,N,std,jump,jump_prob,ve,dim
0,17.107890834215198,16.83427867426134,439,0.01,0.3,0.5,0.001,3
