,L2,L2_true,N,std,jump,jump_prob,ve,dim
0,3.7083202906794286,1.569720528467602,2,0.01,0.3,0.5,0.0025,3
