,L2,L2_true,N,std,jump,jump_prob,ve,dim
0,4.471114776698158,2.736801103155176,13,0.01,0.3,0.5,0.01,3
