,L2,L2_true,N,std,jump,jump_prob,ve,dim
0,9.828204982348254,9.258325058906593,138,0.01,0.3,0.5,0.0025,3
