,L2,L2_true,N,std,jump,jump_prob,ve,dim
0,2.201188667313831,2.200685641317648,11,0.2,0.3,0.5,0.001,1
