,L2,L2_true,N,std,jump,jump_prob,ve,dim
0,3.9379580416220596,2.4502526208395983,8,0.01,0.3,0.5,0.001,1
