,L2,L2_true,N,std,jump,jump_prob,ve,dim
0,5.904086502148506,5.009696665823236,31,0.01,0.3,0.5,0.001,2
