,L2,L2_true,N,std,jump,jump_prob,ve,dim
0,22.452479752990193,22.257633428594136,1178,0.01,0.3,0.5,0.001,3
