,L2,L2_true,N,std,jump,jump_prob,ve,dim
0,0.3322341056850571,0.3327835689486014,1178,0.2,0.3,0.5,0.001,1
