,L2,L2_true,N,std,jump,jump_prob,ve,dim
0,2.6352401930288343,2.5781566961210167,16,0.05,0.3,0.5,0.001,1
