,L2,L2_true,N,std,jump,jump_prob,ve,dim
0,8.999075140148884,8.517736093687066,193,0.01,0.3,0.5,0.001,2
