,L2,L2_true,N,std,jump,jump_prob,ve,dim
0,5.140843830650723,4.067923644437742,16,0.01,0.3,0.5,0.001,3
