,L2,L2_true,N,std,jump,jump_prob,ve,dim
0,3.452532025601884,0.4223083316583851,61,0.01,0.3,0.5,0.01,1
