,L2,L2_true,N,std,jump,jump_prob,ve,dim
0,20.200091218199084,19.969919395172955,719,0.01,0.3,0.5,0.001,3
