,L2,L2_true,N,std,jump,jump_prob,ve,dim
0,7.001061480109268,6.289954086422258,51,0.01,0.3,0.5,0.001,2
