,L2,L2_true,N,std,jump,jump_prob,ve,dim
0,3.424757020994182,0.36017455601292,71,0.01,0.3,0.5,0.01,1
