,L2,L2_true,N,std,jump,jump_prob,ve,dim
0,10.59857190391413,10.132157815074603,117,0.01,0.3,0.5,0.001,3
