,L2,L2_true,N,std,jump,jump_prob,ve,dim
0,3.6261390620554246,1.8041817760344812,1,0.01,0.3,0.5,0.001,2
