,L2,L2_true,N,std,jump,jump_prob,ve,dim
0,3.310028614083012,1.3014948724245095,2275,0.01,0.3,0.5,0.0025,2
