,L2,L2_true,N,std,jump,jump_prob,ve,dim
0,3.417223193434809,0.05525674821257635,1389,0.01,0.3,0.5,0.01,1
