,L2,L2_true,N,std,jump,jump_prob,ve,dim
0,6.858906206223872,5.979237692651769,43,0.01,0.3,0.5,0.0025,3
