,L2,L2_true,N,std,jump,jump_prob,ve,dim
0,3.6230167112702336,1.2092577367566162,193,0.01,0.3,0.5,0.01,2
