,L2,L2_true,N,std,jump,jump_prob,ve,dim
0,0.314484836062533,0.21161174312867556,1930,0.05,0.3,0.5,0.001,1
