,L2,L2_true,N,std,jump,jump_prob,ve,dim
0,3.4019747051289757,0.1014108345401395,848,0.01,0.3,0.5,0.01,1
