,L2,L2_true,N,std,jump,jump_prob,ve,dim
0,4.085426498039076,2.732184627673259,610,0.01,0.3,0.5,0.0025,2
