,L2,L2_true,N,std,jump,jump_prob,ve,dim
0,3.4573421112366107,0.5394614731680426,719,0.01,0.3,0.5,0.01,2
