,L2,L2_true,N,std,jump,jump_prob,ve,dim
0,4.1994384659083615,2.8056201465287036,6,0.01,0.3,0.5,0.001,3
