,L2,L2_true,N,std,jump,jump_prob,ve,dim
0,5.320574572221429,4.0338615254261425,163,0.01,0.3,0.5,0.01,3
