,L2,L2_true,N,std,jump,jump_prob,ve,dim
0,2.634249484644973,0.2529618552784778,1389,0.01,0.3,0.5,0.001,1
