,L2,L2_true,N,std,jump,jump_prob,ve,dim
0,3.1072535396720693,0.6775967463361919,100,0.01,0.3,0.5,0.0025,1
