,L2,L2_true,N,std,jump,jump_prob,ve,dim
0,4.177493464780922,2.274978764346415,19,0.01,0.3,0.5,0.01,2
