,L2,L2_true,N,std,jump,jump_prob,ve,dim
0,4.822482757179446,3.3021557277599682,19,0.01,0.3,0.5,0.01,3
