,L2,L2_true,N,std,jump,jump_prob,ve,dim
0,11.89606069909029,11.481124507513185,163,0.01,0.3,0.5,0.001,3
