,L2,L2_true,N,std,jump,jump_prob,ve,dim
0,12.49501484352869,12.07524610572615,517,0.01,0.3,0.5,0.0025,3
