,L2,L2_true,N,std,jump,jump_prob,ve,dim
0,0.9214348063712064,0.9213668382865411,2,0.2,0.3,0.5,0.001,1
