,L2,L2_true,N,std,jump,jump_prob,ve,dim
0,3.9623807526061623,2.4784560767818373,7,0.01,0.3,0.5,0.001,1
