,L2,L2_true,N,std,jump,jump_prob,ve,dim
0,5.647725921663795,4.590454974732407,43,0.01,0.3,0.5,0.0025,2
