,L2,L2_true,N,std,jump,jump_prob,ve,dim
0,3.0284586974189804,0.09668857828182507,2682,0.01,0.3,0.5,0.0025,1
