,L2,L2_true,N,std,jump,jump_prob,ve,dim
0,9.215558155493746,8.601359184754681,117,0.01,0.3,0.5,0.0025,3
