,L2,L2_true,N,std,jump,jump_prob,ve,dim
0,3.620889818030328,0.7447091600119398,1,0.01,0.3,0.5,0.01,3
