,L2,L2_true,N,std,jump,jump_prob,ve,dim
0,3.70397375557264,1.1605219960419633,6,0.01,0.3,0.5,0.01,1
