,L2,L2_true,N,std,jump,jump_prob,ve,dim
0,3.616479332974236,0.7445335130598155,1,0.01,0.3,0.5,0.01,1
