,L2,L2_true,N,std,jump,jump_prob,ve,dim
0,6.385014524531819,5.558791722020194,31,0.01,0.3,0.5,0.001,3
