,L2,L2_true,N,std,jump,jump_prob,ve,dim
0,4.135347329362629,2.6983654282706513,6,0.01,0.3,0.5,0.001,2
