,L2,L2_true,N,std,jump,jump_prob,ve,dim
0,3.6564127254499326,1.878731391020026,2,0.01,0.3,0.5,0.001,1
