,L2,L2_true,N,std,jump,jump_prob,ve,dim
0,3.7647397992944978,2.2255486899562564,848,0.01,0.3,0.5,0.0025,2
