,L2,L2_true,N,std,jump,jump_prob,ve,dim
0,3.0452509550429836,0.2908399817795014,268,0.01,0.3,0.5,0.0025,1
