,L2,L2_true,N,std,jump,jump_prob,ve,dim
0,11.062998087224717,10.558484790624131,227,0.01,0.3,0.5,0.0025,3
