,L2,L2_true,N,std,jump,jump_prob,ve,dim
0,3.8371434361915755,2.363034260208199,11,0.01,0.3,0.5,0.001,1
