,L2,L2_true,N,std,jump,jump_prob,ve,dim
0,7.552275527930313,6.915915833182938,84,0.01,0.3,0.5,0.001,2
