,L2,L2_true,N,std,jump,jump_prob,ve,dim
0,3.048236460835194,0.27302994956887927,439,0.01,0.3,0.5,0.0025,1
