,L2,L2_true,N,std,jump,jump_prob,ve,dim
0,3.430132486370747,0.3439495565584137,84,0.01,0.3,0.5,0.01,1
