,L2,L2_true,N,std,jump,jump_prob,ve,dim
0,12.412204423719567,12.000198586438218,610,0.01,0.3,0.5,0.0025,3
