,L2,L2_true,N,std,jump,jump_prob,ve,dim
0,10.678840983764005,10.159047076614735,193,0.01,0.3,0.5,0.0025,3
