,L2,L2_true,N,std,jump,jump_prob,ve,dim
0,3.035358910131496,0.15718875219640663,848,0.01,0.3,0.5,0.0025,1
