,L2,L2_true,N,std,jump,jump_prob,ve,dim
0,3.429433081899495,0.38787996644901146,61,0.01,0.3,0.5,0.01,1
