,L2,L2_true,N,std,jump,jump_prob,ve,dim
0,3.416297007586455,1.4083170603664836,16,0.01,0.3,0.5,0.0025,1
