,L2,L2_true,N,std,jump,jump_prob,ve,dim
0,3.6635731137450542,1.3316764129761909,163,0.01,0.3,0.5,0.01,2
