,L2,L2_true,N,std,jump,jump_prob,ve,dim
0,3.038744698873678,0.29442852625266197,316,0.01,0.3,0.5,0.0025,1
