,L2,L2_true,N,std,jump,jump_prob,ve,dim
0,0.37026057277525903,0.26528268473137157,1389,0.05,0.3,0.5,0.001,1
