,L2,L2_true,N,std,jump,jump_prob,ve,dim
0,3.753687279737729,1.2897371189069489,3,0.01,0.3,0.5,0.01,2
