,L2,L2_true,N,std,jump,jump_prob,ve,dim
0,0.9160772638957179,0.9160864400698381,2,0.2,0.3,0.5,0.001,1
