,L2,L2_true,N,std,jump,jump_prob,ve,dim
0,4.59816746293067,3.140632436430371,10,0.01,0.3,0.5,0.0025,3
