,L2,L2_true,N,std,jump,jump_prob,ve,dim
0,1.351067790975719,1.1792679174826992,1,0.05,0.3,0.5,0.001,1
