,L2,L2_true,N,std,jump,jump_prob,ve,dim
0,12.45529605152739,12.027652273017264,517,0.01,0.3,0.5,0.0025,3
