,L2,L2_true,N,std,jump,jump_prob,ve,dim
0,2.6540189918416517,2.6222948131313317,16,0.05,0.3,0.5,0.001,1
