,L2,L2_true,N,std,jump,jump_prob,ve,dim
0,3.277648447849204,1.126201058308091,37,0.01,0.3,0.5,0.0025,1
