,L2,L2_true,N,std,jump,jump_prob,ve,dim
0,3.292008143519522,1.2787567045881727,26,0.01,0.3,0.5,0.0025,1
