,L2,L2_true,N,std,jump,jump_prob,ve,dim
0,0.34677133747093625,0.2527470365470277,1930,0.05,0.3,0.5,0.001,1
