,L2,L2_true,N,std,jump,jump_prob,ve,dim
0,6.460472621014866,5.519977666607507,37,0.01,0.3,0.5,0.0025,3
