,L2,L2_true,N,std,jump,jump_prob,ve,dim
0,0.554625256524065,0.5553308755635401,372,0.2,0.3,0.5,0.001,1
