,L2,L2_true,N,std,jump,jump_prob,ve,dim
0,4.124466234981574,2.1354448564790687,7,0.01,0.3,0.5,0.01,2
