,L2,L2_true,N,std,jump,jump_prob,ve,dim
0,3.6179037931563025,1.8047026215295405,1,0.01,0.3,0.5,0.001,1
