,L2,L2_true,N,std,jump,jump_prob,ve,dim
0,1.5463428468843217,1.5426950796919594,3,0.2,0.3,0.5,0.001,1
