,L2,L2_true,N,std,jump,jump_prob,ve,dim
0,3.424891699445741,0.24315178950290858,100,0.01,0.3,0.5,0.01,1
