,L2,L2_true,N,std,jump,jump_prob,ve,dim
0,4.196806993383512,2.301451544398689,16,0.01,0.3,0.5,0.01,2
