,L2,L2_true,N,std,jump,jump_prob,ve,dim
0,4.560898805219875,3.307685861839526,10,0.01,0.3,0.5,0.001,3
