,L2,L2_true,N,std,jump,jump_prob,ve,dim
0,11.62240257902716,11.15526639582163,268,0.01,0.3,0.5,0.0025,3
