,L2,L2_true,N,std,jump,jump_prob,ve,dim
0,3.0390619398115484,0.15393550282324497,1637,0.01,0.3,0.5,0.0025,1
