,L2,L2_true,N,std,jump,jump_prob,ve,dim
0,3.474630219320859,0.6348138665174766,26,0.01,0.3,0.5,0.01,1
