,L2,L2_true,N,std,jump,jump_prob,ve,dim
0,3.7627769743878963,1.5679090849954178,100,0.01,0.3,0.5,0.01,2
