,L2,L2_true,N,std,jump,jump_prob,ve,dim
0,2.6579577534074055,0.5274704248618464,439,0.01,0.3,0.5,0.001,1
