,L2,L2_true,N,std,jump,jump_prob,ve,dim
0,12.638050045362537,12.230673232761049,610,0.01,0.3,0.5,0.0025,3
