,L2,L2_true,N,std,jump,jump_prob,ve,dim
0,5.191088892999091,3.8804327548389477,227,0.01,0.3,0.5,0.01,3
