,L2,L2_true,N,std,jump,jump_prob,ve,dim
0,3.7757563374533634,1.8494779320673065,8,0.01,0.3,0.5,0.0025,1
