,L2,L2_true,N,std,jump,jump_prob,ve,dim
0,5.366856753705085,4.3826563708702055,227,0.01,0.3,0.5,0.0025,2
