,L2,L2_true,N,std,jump,jump_prob,ve,dim
0,3.4680214430884306,0.4888019018530961,26,0.01,0.3,0.5,0.01,1
