,L2,L2_true,N,std,jump,jump_prob,ve,dim
0,1.885670277577828,1.8860070316583821,51,0.2,0.3,0.5,0.001,1
