,L2,L2_true,N,std,jump,jump_prob,ve,dim
0,4.340751836961831,2.5242738396021105,10,0.01,0.3,0.5,0.01,3
