,L2,L2_true,N,std,jump,jump_prob,ve,dim
0,8.439026575422242,7.931135840367976,193,0.01,0.3,0.5,0.001,2
