,L2,L2_true,N,std,jump,jump_prob,ve,dim
0,2.6241452161409513,0.2079917960004024,1637,0.01,0.3,0.5,0.001,1
