,L2,L2_true,N,std,jump,jump_prob,ve,dim
0,5.899871889625091,5.275275998403256,1000,0.01,0.3,0.5,0.001,2
