,L2,L2_true,N,std,jump,jump_prob,ve,dim
0,2.843697757122193,1.160847502084479,84,0.01,0.3,0.5,0.001,1
