,L2,L2_true,N,std,jump,jump_prob,ve,dim
0,3.616496640018661,1.2048965889124905,163,0.01,0.3,0.5,0.01,2
