,L2,L2_true,N,std,jump,jump_prob,ve,dim
0,3.044952787367647,0.19158986840264838,1000,0.01,0.3,0.5,0.0025,1
