,L2,L2_true,N,std,jump,jump_prob,ve,dim
0,2.632336901789898,0.2745636197066206,1000,0.01,0.3,0.5,0.001,1
