,L2,L2_true,N,std,jump,jump_prob,ve,dim
0,3.4109593950638395,0.1213163345953963,372,0.01,0.3,0.5,0.01,1
