,L2,L2_true,N,std,jump,jump_prob,ve,dim
0,7.878380664980466,7.283485654483661,117,0.01,0.3,0.5,0.001,2
