,L2,L2_true,N,std,jump,jump_prob,ve,dim
0,3.6258347246043665,1.331030951070178,1,0.01,0.3,0.5,0.0025,2
