,L2,L2_true,N,std,jump,jump_prob,ve,dim
0,4.894505951347422,3.406854466855933,22,0.01,0.3,0.5,0.01,3
