,L2,L2_true,N,std,jump,jump_prob,ve,dim
0,13.439515465111816,13.079484285207807,227,0.01,0.3,0.5,0.001,3
