,L2,L2_true,N,std,jump,jump_prob,ve,dim
0,3.726408757720661,2.023933046519358,19,0.01,0.3,0.5,0.0025,1
