,L2,L2_true,N,std,jump,jump_prob,ve,dim
0,4.52805845766172,3.0280659707952857,11,0.01,0.3,0.5,0.0025,2
