,L2,L2_true,N,std,jump,jump_prob,ve,dim
0,6.795526197584928,6.246402100434335,719,0.01,0.3,0.5,0.001,2
