,L2,L2_true,N,std,jump,jump_prob,ve,dim
0,7.144963199494022,6.45034374510694,61,0.01,0.3,0.5,0.001,2
