,L2,L2_true,N,std,jump,jump_prob,ve,dim
0,4.2406822545248914,2.3925572112809137,19,0.01,0.3,0.5,0.01,2
