,L2,L2_true,N,std,jump,jump_prob,ve,dim
0,4.3310483752047455,2.7394756701729115,8,0.01,0.3,0.5,0.0025,2
