,L2,L2_true,N,std,jump,jump_prob,ve,dim
0,3.4172781540702206,0.03881405999610155,1389,0.01,0.3,0.5,0.01,1
