,L2,L2_true,N,std,jump,jump_prob,ve,dim
0,2.108043420357571,2.107302180894834,16,0.2,0.3,0.5,0.001,1
