,L2,L2_true,N,std,jump,jump_prob,ve,dim
0,0.45588733220080724,0.3624039913450216,848,0.05,0.3,0.5,0.001,1
