,L2,L2_true,N,std,jump,jump_prob,ve,dim
0,3.03642204490407,0.20203216138307561,719,0.01,0.3,0.5,0.0025,1
