,L2,L2_true,N,std,jump,jump_prob,ve,dim
0,3.427245868881578,0.33159117476027306,71,0.01,0.3,0.5,0.01,1
