,L2,L2_true,N,std,jump,jump_prob,ve,dim
0,5.778085395941419,4.864834717843435,163,0.01,0.3,0.5,0.0025,2
