,L2,L2_true,N,std,jump,jump_prob,ve,dim
0,4.620583609212934,3.1015453740763514,372,0.01,0.3,0.5,0.01,3
