,L2,L2_true,N,std,jump,jump_prob,ve,dim
0,25.15181128384958,24.995043301135052,1930,0.01,0.3,0.5,0.001,3
