,L2,L2_true,N,std,jump,jump_prob,ve,dim
0,2.6363783357871275,0.4294295594762059,316,0.01,0.3,0.5,0.001,1
