,L2,L2_true,N,std,jump,jump_prob,ve,dim
0,4.715853888694324,3.510984435095627,11,0.01,0.3,0.5,0.001,2
