,L2,L2_true,N,std,jump,jump_prob,ve,dim
0,0.7574084244430376,0.75719507747163,268,0.2,0.3,0.5,0.001,1
