,L2,L2_true,N,std,jump,jump_prob,ve,dim
0,3.8526211002953317,2.240968191768813,2,0.01,0.3,0.5,0.001,1
