,L2,L2_true,N,std,jump,jump_prob,ve,dim
0,5.066530325163028,3.6347744206645194,31,0.01,0.3,0.5,0.01,3
