,L2,L2_true,N,std,jump,jump_prob,ve,dim
0,3.0767400499631536,0.560689989210458,138,0.01,0.3,0.5,0.0025,1
