,L2,L2_true,N,std,jump,jump_prob,ve,dim
0,3.8395699363767903,2.2216751458749893,3,0.01,0.3,0.5,0.001,3
