,L2,L2_true,N,std,jump,jump_prob,ve,dim
0,2.1502043056011053,2.079008977275458,8,0.05,0.3,0.5,0.001,1
