,L2,L2_true,N,std,jump,jump_prob,ve,dim
0,6.330530792468191,5.52644887371633,37,0.01,0.3,0.5,0.001,2
