,L2,L2_true,N,std,jump,jump_prob,ve,dim
0,3.46038208759308,0.5914830542757705,610,0.01,0.3,0.5,0.01,2
