,L2,L2_true,N,std,jump,jump_prob,ve,dim
0,1.9920311560317487,1.9089369079260088,6,0.05,0.3,0.5,0.001,1
