,L2,L2_true,N,std,jump,jump_prob,ve,dim
0,5.373208367515726,4.688073015821605,1389,0.01,0.3,0.5,0.001,2
