,L2,L2_true,N,std,jump,jump_prob,ve,dim
0,4.324103453721467,2.7156087984985664,8,0.01,0.3,0.5,0.0025,3
