,L2,L2_true,N,std,jump,jump_prob,ve,dim
0,3.428618532796326,0.035331595875661814,1637,0.01,0.3,0.5,0.01,1
