,L2,L2_true,N,std,jump,jump_prob,ve,dim
0,3.9459761469580172,2.1402718228124398,7,0.01,0.3,0.5,0.0025,1
