,L2,L2_true,N,std,jump,jump_prob,ve,dim
0,3.398578303971399,2.0805239073165254,37,0.01,0.3,0.5,0.001,1
