,L2,L2_true,N,std,jump,jump_prob,ve,dim
0,25.416035053676506,25.25650909871415,3000,0.01,0.3,0.5,0.001,3
