,L2,L2_true,N,std,jump,jump_prob,ve,dim
0,3.6535905664563324,1.0155594007391657,4,0.01,0.3,0.5,0.01,1
