,L2,L2_true,N,std,jump,jump_prob,ve,dim
0,5.102688442038977,3.759307861381022,227,0.01,0.3,0.5,0.01,3
