,L2,L2_true,N,std,jump,jump_prob,ve,dim
0,5.268932936896364,3.983582057599195,193,0.01,0.3,0.5,0.01,3
