,L2,L2_true,N,std,jump,jump_prob,ve,dim
0,1.5051298063802,1.501884229501756,3,0.2,0.3,0.5,0.001,1
