,L2,L2_true,N,std,jump,jump_prob,ve,dim
0,3.607379779027087,1.1190911129866348,193,0.01,0.3,0.5,0.01,2
