,L2,L2_true,N,std,jump,jump_prob,ve,dim
0,4.343637834307337,2.7477974548615967,8,0.01,0.3,0.5,0.0025,3
