,L2,L2_true,N,std,jump,jump_prob,ve,dim
0,4.146390580542313,2.199389033609036,13,0.01,0.3,0.5,0.01,2
