,L2,L2_true,N,std,jump,jump_prob,ve,dim
0,9.514582374017387,9.013260287109294,3000,0.01,0.3,0.5,0.0025,3
