,L2,L2_true,N,std,jump,jump_prob,ve,dim
0,3.7903084946652186,1.377312912119978,3,0.01,0.3,0.5,0.01,3
