,L2,L2_true,N,std,jump,jump_prob,ve,dim
0,4.973681738432604,4.217010018167298,1637,0.01,0.3,0.5,0.001,2
