,L2,L2_true,N,std,jump,jump_prob,ve,dim
0,17.358505229921377,17.08296158625312,439,0.01,0.3,0.5,0.001,3
