,L2,L2_true,N,std,jump,jump_prob,ve,dim
0,2.6179908065718926,0.13847220905355204,3162,0.01,0.3,0.5,0.001,1
