,L2,L2_true,N,std,jump,jump_prob,ve,dim
0,4.0517729358845145,2.007270522489471,13,0.01,0.3,0.5,0.01,2
