,L2,L2_true,N,std,jump,jump_prob,ve,dim
0,4.620862682702584,3.810101564135078,1930,0.01,0.3,0.5,0.001,2
