,L2,L2_true,N,std,jump,jump_prob,ve,dim
0,3.7313835385244647,2.0058989893463326,2,0.01,0.3,0.5,0.001,2
