,L2,L2_true,N,std,jump,jump_prob,ve,dim
0,8.643646708906108,8.100596899296077,117,0.01,0.3,0.5,0.001,2
