,L2,L2_true,N,std,jump,jump_prob,ve,dim
0,2.020251981247054,2.0185064108622672,5,0.2,0.3,0.5,0.001,1
