,L2,L2_true,N,std,jump,jump_prob,ve,dim
0,4.292835156446972,2.5926339826846037,610,0.01,0.3,0.5,0.01,3
