,L2,L2_true,N,std,jump,jump_prob,ve,dim
0,3.0487423092274226,0.3185021139842287,372,0.01,0.3,0.5,0.0025,1
