,L2,L2_true,N,std,jump,jump_prob,ve,dim
0,5.575821453921952,4.59392064112499,138,0.01,0.3,0.5,0.0025,2
