,L2,L2_true,N,std,jump,jump_prob,ve,dim
0,0.4479470602565263,0.3797535064765328,719,0.05,0.3,0.5,0.001,1
