,L2,L2_true,N,std,jump,jump_prob,ve,dim
0,2.774294660176975,0.9455294419514769,138,0.01,0.3,0.5,0.001,1
