,L2,L2_true,N,std,jump,jump_prob,ve,dim
0,3.415707697558386,0.2322491761664217,117,0.01,0.3,0.5,0.01,1
