,L2,L2_true,N,std,jump,jump_prob,ve,dim
0,2.7809345372788803,2.781192980347368,16,0.2,0.3,0.5,0.001,1
