,L2,L2_true,N,std,jump,jump_prob,ve,dim
0,5.679366884427759,4.747753546302755,26,0.01,0.3,0.5,0.001,2
