,L2,L2_true,N,std,jump,jump_prob,ve,dim
0,0.47579244441376545,0.41174416489963656,719,0.05,0.3,0.5,0.001,1
