,L2,L2_true,N,std,jump,jump_prob,ve,dim
0,4.076390839843839,2.2221948259618842,848,0.01,0.3,0.5,0.01,3
