,L2,L2_true,N,std,jump,jump_prob,ve,dim
0,3.414805776180164,0.2400967857153132,193,0.01,0.3,0.5,0.01,1
