,L2,L2_true,N,std,jump,jump_prob,ve,dim
0,2.059728506628029,1.9804733644085926,8,0.05,0.3,0.5,0.001,1
