,L2,L2_true,N,std,jump,jump_prob,ve,dim
0,3.946151326494392,2.445985038858593,6,0.01,0.3,0.5,0.001,1
