,L2,L2_true,N,std,jump,jump_prob,ve,dim
0,4.142038389620938,2.4272249743530434,6,0.01,0.3,0.5,0.0025,3
