,L2,L2_true,N,std,jump,jump_prob,ve,dim
0,3.039925157456614,0.0883229360052839,2682,0.01,0.3,0.5,0.0025,1
