,L2,L2_true,N,std,jump,jump_prob,ve,dim
0,7.992868861378127,7.406593109298703,100,0.01,0.3,0.5,0.001,2
