,L2,L2_true,N,std,jump,jump_prob,ve,dim
0,9.169847337696094,8.620700077183445,84,0.01,0.3,0.5,0.001,3
