,L2,L2_true,N,std,jump,jump_prob,ve,dim
0,3.5552634721339373,0.9306607425736071,268,0.01,0.3,0.5,0.01,2
