,L2,L2_true,N,std,jump,jump_prob,ve,dim
0,1.543369384358253,1.5438771512086888,71,0.2,0.3,0.5,0.001,1
