,L2,L2_true,N,std,jump,jump_prob,ve,dim
0,4.397854319266293,2.8234569829857636,8,0.01,0.3,0.5,0.0025,3
