,L2,L2_true,N,std,jump,jump_prob,ve,dim
0,3.64654007149327,1.8602291010744134,2,0.01,0.3,0.5,0.001,1
