,L2,L2_true,N,std,jump,jump_prob,ve,dim
0,3.076502481023354,0.5746774322101423,163,0.01,0.3,0.5,0.0025,1
