,L2,L2_true,N,std,jump,jump_prob,ve,dim
0,9.27382891757171,8.659771471804534,117,0.01,0.3,0.5,0.0025,3
