,L2,L2_true,N,std,jump,jump_prob,ve,dim
0,1.988060394304213,1.9885102016397633,61,0.2,0.3,0.5,0.001,1
