,L2,L2_true,N,std,jump,jump_prob,ve,dim
0,3.4055145025062146,0.1012766884597913,439,0.01,0.3,0.5,0.01,1
