,L2,L2_true,N,std,jump,jump_prob,ve,dim
0,3.576907031846903,1.1206028696412678,19,0.01,0.3,0.5,0.01,1
