,L2,L2_true,N,std,jump,jump_prob,ve,dim
0,3.7339663837266164,1.307922422499359,5,0.01,0.3,0.5,0.01,1
