,L2,L2_true,N,std,jump,jump_prob,ve,dim
0,3.7528279714136126,1.4123427479161281,5,0.01,0.3,0.5,0.01,1
