,L2,L2_true,N,std,jump,jump_prob,ve,dim
0,3.415579512534581,0.08214419303657967,719,0.01,0.3,0.5,0.01,1
