,L2,L2_true,N,std,jump,jump_prob,ve,dim
0,3.607914841134273,0.7362962659487837,2,0.01,0.3,0.5,0.01,1
