,L2,L2_true,N,std,jump,jump_prob,ve,dim
0,2.8355684429863484,1.0944348232197854,84,0.01,0.3,0.5,0.001,1
