,L2,L2_true,N,std,jump,jump_prob,ve,dim
0,2.064586549974894,2.054870286701566,26,0.05,0.3,0.5,0.001,1
