,L2,L2_true,N,std,jump,jump_prob,ve,dim
0,2.1691825478989504,2.170607412892376,8,0.2,0.3,0.5,0.001,1
