,L2,L2_true,N,std,jump,jump_prob,ve,dim
0,2.486254146353223,2.4850561661139183,19,0.2,0.3,0.5,0.001,1
