,L2,L2_true,N,std,jump,jump_prob,ve,dim
0,3.716731307509603,1.1332753152398072,2,0.01,0.3,0.5,0.01,3
