,L2,L2_true,N,std,jump,jump_prob,ve,dim
0,11.594485311793225,11.176086399286394,1637,0.01,0.3,0.5,0.0025,3
