,L2,L2_true,N,std,jump,jump_prob,ve,dim
0,7.251200831598318,6.719849155577779,610,0.01,0.3,0.5,0.001,2
