,L2,L2_true,N,std,jump,jump_prob,ve,dim
0,3.4076003171144027,0.03896979047319483,3162,0.01,0.3,0.5,0.01,1
