,L2,L2_true,N,std,jump,jump_prob,ve,dim
0,3.0421474366277415,0.37312401801563816,268,0.01,0.3,0.5,0.0025,1
