,L2,L2_true,N,std,jump,jump_prob,ve,dim
0,2.7388855847084774,0.898583247086312,138,0.01,0.3,0.5,0.001,1
