,L2,L2_true,N,std,jump,jump_prob,ve,dim
0,4.110157267585664,2.4092681629232797,10,0.01,0.3,0.5,0.0025,1
