,L2,L2_true,N,std,jump,jump_prob,ve,dim
0,5.473110341922149,4.486487229269532,193,0.01,0.3,0.5,0.0025,2
