,L2,L2_true,N,std,jump,jump_prob,ve,dim
0,5.16385160588343,4.114753088498264,16,0.01,0.3,0.5,0.001,3
