,L2,L2_true,N,std,jump,jump_prob,ve,dim
0,3.4135683992937427,0.09553388177014782,1178,0.01,0.3,0.5,0.01,1
