,L2,L2_true,N,std,jump,jump_prob,ve,dim
0,5.492463807562918,4.526564928994225,193,0.01,0.3,0.5,0.0025,2
