,L2,L2_true,N,std,jump,jump_prob,ve,dim
0,4.174507837622012,2.281714931438162,19,0.01,0.3,0.5,0.01,2
