,L2,L2_true,N,std,jump,jump_prob,ve,dim
0,8.613403991825919,8.112561316599399,193,0.01,0.3,0.5,0.001,2
