,L2,L2_true,N,std,jump,jump_prob,ve,dim
0,8.389274732220942,7.908677740051343,316,0.01,0.3,0.5,0.001,2
