,L2,L2_true,N,std,jump,jump_prob,ve,dim
0,12.437035271310531,12.010005588840112,439,0.01,0.3,0.5,0.0025,3
