,L2,L2_true,N,std,jump,jump_prob,ve,dim
0,4.262602408766418,2.4539064439069795,22,0.01,0.3,0.5,0.01,2
