,L2,L2_true,N,std,jump,jump_prob,ve,dim
0,4.291427021734784,2.9464864003052025,7,0.01,0.3,0.5,0.001,3
