,L2,L2_true,N,std,jump,jump_prob,ve,dim
0,8.247117776254065,7.765627469023489,316,0.01,0.3,0.5,0.001,2
