,L2,L2_true,N,std,jump,jump_prob,ve,dim
0,3.69135285022638,1.9504832809056944,2,0.01,0.3,0.5,0.001,2
