,L2,L2_true,N,std,jump,jump_prob,ve,dim
0,3.6497044293675303,2.0482931270161733,1000,0.01,0.3,0.5,0.0025,2
