,L2,L2_true,N,std,jump,jump_prob,ve,dim
0,3.431893757367917,0.30304760091660393,2275,0.01,0.3,0.5,0.01,2
