,L2,L2_true,N,std,jump,jump_prob,ve,dim
0,3.5324761308853496,0.9130659202014487,19,0.01,0.3,0.5,0.01,1
