,L2,L2_true,N,std,jump,jump_prob,ve,dim
0,4.553243381333504,3.0582466428583306,10,0.01,0.3,0.5,0.0025,3
