,L2,L2_true,N,std,jump,jump_prob,ve,dim
0,2.379095603121326,2.362934201316246,22,0.05,0.3,0.5,0.001,1
