,L2,L2_true,N,std,jump,jump_prob,ve,dim
0,3.755445485730839,1.530275588213684,117,0.01,0.3,0.5,0.01,2
