,L2,L2_true,N,std,jump,jump_prob,ve,dim
0,2.3233528690865395,2.2491977244161405,7,0.05,0.3,0.5,0.001,1
