,L2,L2_true,N,std,jump,jump_prob,ve,dim
0,7.6504885870693755,7.1541011188077235,517,0.01,0.3,0.5,0.001,2
