,L2,L2_true,N,std,jump,jump_prob,ve,dim
0,0.6731438393801872,0.6240531804243534,372,0.05,0.3,0.5,0.001,1
