,L2,L2_true,N,std,jump,jump_prob,ve,dim
0,2.5490384073628056,2.5121052976010585,16,0.05,0.3,0.5,0.001,1
