,L2,L2_true,N,std,jump,jump_prob,ve,dim
0,4.963432076882974,3.4979387292207824,26,0.01,0.3,0.5,0.01,3
