,L2,L2_true,N,std,jump,jump_prob,ve,dim
0,5.935083850186518,5.015554120795428,117,0.01,0.3,0.5,0.0025,2
