,L2,L2_true,N,std,jump,jump_prob,ve,dim
0,3.305899660126061,1.290553910896169,2275,0.01,0.3,0.5,0.0025,2
