,L2,L2_true,N,std,jump,jump_prob,ve,dim
0,11.390058722994844,10.95308120987227,1637,0.01,0.3,0.5,0.0025,3
