,L2,L2_true,N,std,jump,jump_prob,ve,dim
0,7.670148070030409,7.167832904459176,610,0.01,0.3,0.5,0.001,2
