,L2,L2_true,N,std,jump,jump_prob,ve,dim
0,3.4066908494663912,0.10771988822230308,439,0.01,0.3,0.5,0.01,1
