,L2,L2_true,N,std,jump,jump_prob,ve,dim
0,0.46989886476029763,0.4703444036713135,610,0.2,0.3,0.5,0.001,1
