,L2,L2_true,N,std,jump,jump_prob,ve,dim
0,2.623738677252803,0.1951377274978257,1637,0.01,0.3,0.5,0.001,1
