,L2,L2_true,N,std,jump,jump_prob,ve,dim
0,8.855886934094272,8.20853880698799,100,0.01,0.3,0.5,0.0025,3
