,L2,L2_true,N,std,jump,jump_prob,ve,dim
0,2.647144315095433,2.647805128375165,16,0.2,0.3,0.5,0.001,1
