,L2,L2_true,N,std,jump,jump_prob,ve,dim
0,13.14679474758059,12.762977778479573,848,0.01,0.3,0.5,0.0025,3
