,L2,L2_true,N,std,jump,jump_prob,ve,dim
0,5.967008224411516,5.0862855120846024,26,0.01,0.3,0.5,0.001,3
