,L2,L2_true,N,std,jump,jump_prob,ve,dim
0,3.5526375886064954,2.1482674702496345,31,0.01,0.3,0.5,0.001,1
