,L2,L2_true,N,std,jump,jump_prob,ve,dim
0,2.62155163560973,0.181879069349301,1930,0.01,0.3,0.5,0.001,1
