,L2,L2_true,N,std,jump,jump_prob,ve,dim
0,3.645964176314787,1.2723368779501163,163,0.01,0.3,0.5,0.01,2
