,L2,L2_true,N,std,jump,jump_prob,ve,dim
0,6.951244641410201,6.414395886457656,719,0.01,0.3,0.5,0.001,2
