,L2,L2_true,N,std,jump,jump_prob,ve,dim
0,1.590257445020923,1.5517331604884124,61,0.05,0.3,0.5,0.001,1
