,L2,L2_true,N,std,jump,jump_prob,ve,dim
0,3.207897919389828,1.0755477505633602,51,0.01,0.3,0.5,0.0025,1
