,L2,L2_true,N,std,jump,jump_prob,ve,dim
0,6.060095015346038,5.18107697513509,138,0.01,0.3,0.5,0.0025,2
