,L2,L2_true,N,std,jump,jump_prob,ve,dim
0,8.316672877288495,7.849079614564239,372,0.01,0.3,0.5,0.001,2
