,L2,L2_true,N,std,jump,jump_prob,ve,dim
0,12.472538776140107,12.057805082388924,517,0.01,0.3,0.5,0.0025,3
