,L2,L2_true,N,std,jump,jump_prob,ve,dim
0,6.262495446759415,5.426243343425484,31,0.01,0.3,0.5,0.001,3
