,L2,L2_true,N,std,jump,jump_prob,ve,dim
0,2.466567049306591,2.4817127284130254,37,0.05,0.3,0.5,0.001,1
