,L2,L2_true,N,std,jump,jump_prob,ve,dim
0,5.3334065503975285,4.329502864771296,19,0.01,0.3,0.5,0.001,2
