,L2,L2_true,N,std,jump,jump_prob,ve,dim
0,3.240061824734148,1.123100724141144,3000,0.01,0.3,0.5,0.0025,2
