,L2,L2_true,N,std,jump,jump_prob,ve,dim
0,2.235071463148741,2.176725665221797,8,0.05,0.3,0.5,0.001,1
