,L2,L2_true,N,std,jump,jump_prob,ve,dim
0,3.708459591417885,1.5490881890853123,2,0.01,0.3,0.5,0.0025,2
