,L2,L2_true,N,std,jump,jump_prob,ve,dim
0,3.3403117016013186,1.4019272267318077,2000,0.01,0.3,0.5,0.0025,2
