,L2,L2_true,N,std,jump,jump_prob,ve,dim
0,6.843849717920677,6.08418938624604,37,0.01,0.3,0.5,0.001,3
