,L2,L2_true,N,std,jump,jump_prob,ve,dim
0,2.3830511726337122,2.3352050788777503,8,0.05,0.3,0.5,0.001,1
