,L2,L2_true,N,std,jump,jump_prob,ve,dim
0,3.7013824754942037,1.405701002249009,117,0.01,0.3,0.5,0.01,2
