,L2,L2_true,N,std,jump,jump_prob,ve,dim
0,2.497009390486189,2.4975871308188347,10,0.2,0.3,0.5,0.001,1
