,L2,L2_true,N,std,jump,jump_prob,ve,dim
0,4.927375751041472,4.158188420333542,1637,0.01,0.3,0.5,0.001,2
