,L2,L2_true,N,std,jump,jump_prob,ve,dim
0,6.0388725893167985,5.1722669372764924,31,0.01,0.3,0.5,0.001,2
