,L2,L2_true,N,std,jump,jump_prob,ve,dim
0,1.8342746604130389,1.833768312349622,7,0.2,0.3,0.5,0.001,1
