,L2,L2_true,N,std,jump,jump_prob,ve,dim
0,3.8089352587969127,1.3700577623819659,2,0.01,0.3,0.5,0.01,2
