,L2,L2_true,N,std,jump,jump_prob,ve,dim
0,7.457556038926036,6.661690228693405,61,0.01,0.3,0.5,0.0025,3
