,L2,L2_true,N,std,jump,jump_prob,ve,dim
0,6.003726071455815,5.108806274061975,26,0.01,0.3,0.5,0.001,3
