,L2,L2_true,N,std,jump,jump_prob,ve,dim
0,4.822397455024428,3.6683968235263986,13,0.01,0.3,0.5,0.001,2
