,L2,L2_true,N,std,jump,jump_prob,ve,dim
0,1.6420406688598392,1.6489780577898174,84,0.05,0.3,0.5,0.001,1
