,L2,L2_true,N,std,jump,jump_prob,ve,dim
0,6.793852774901125,5.90506392918936,43,0.01,0.3,0.5,0.0025,3
