,L2,L2_true,N,std,jump,jump_prob,ve,dim
0,3.5602301261231144,0.9998866604047936,227,0.01,0.3,0.5,0.01,2
