,L2,L2_true,N,std,jump,jump_prob,ve,dim
0,3.917872304883783,1.8794272666001088,71,0.01,0.3,0.5,0.01,2
