,L2,L2_true,N,std,jump,jump_prob,ve,dim
0,3.4061067716819746,0.1382849761158031,372,0.01,0.3,0.5,0.01,1
