,L2,L2_true,N,std,jump,jump_prob,ve,dim
0,3.4986882072384935,0.782328545798845,372,0.01,0.3,0.5,0.01,2
