,L2,L2_true,N,std,jump,jump_prob,ve,dim
0,3.665028826703144,1.4517712563613614,2,0.01,0.3,0.5,0.0025,1
