,L2,L2_true,N,std,jump,jump_prob,ve,dim
0,9.691032621947413,9.197470523557733,3000,0.01,0.3,0.5,0.0025,3
