,L2,L2_true,N,std,jump,jump_prob,ve,dim
0,6.7090665762364,5.95193009292788,51,0.01,0.3,0.5,0.001,2
