,L2,L2_true,N,std,jump,jump_prob,ve,dim
0,3.7609371512612806,1.5796936904278753,1637,0.01,0.3,0.5,0.01,3
