,L2,L2_true,N,std,jump,jump_prob,ve,dim
0,2.6254228589404023,0.22041754311215556,1930,0.01,0.3,0.5,0.001,1
