,L2,L2_true,N,std,jump,jump_prob,ve,dim
0,0.7043005549252473,0.6516392711673402,316,0.05,0.3,0.5,0.001,1
