,L2,L2_true,N,std,jump,jump_prob,ve,dim
0,4.605320153903372,3.165616445627429,13,0.01,0.3,0.5,0.0025,2
