,L2,L2_true,N,std,jump,jump_prob,ve,dim
0,3.6803562426299528,1.021356725466782,2,0.01,0.3,0.5,0.01,2
