,L2,L2_true,N,std,jump,jump_prob,ve,dim
0,2.7295891151829816,0.8412815835283328,227,0.01,0.3,0.5,0.001,1
