,L2,L2_true,N,std,jump,jump_prob,ve,dim
0,3.155566167044619,0.898824324337155,61,0.01,0.3,0.5,0.0025,1
