,L2,L2_true,N,std,jump,jump_prob,ve,dim
0,1.854236584394057,1.8534089569669154,5,0.2,0.3,0.5,0.001,1
