,L2,L2_true,N,std,jump,jump_prob,ve,dim
0,4.276396469179481,2.9028887471528138,7,0.01,0.3,0.5,0.001,3
