,L2,L2_true,N,std,jump,jump_prob,ve,dim
0,2.269018975072917,2.194011004688657,6,0.05,0.3,0.5,0.001,1
