,L2,L2_true,N,std,jump,jump_prob,ve,dim
0,3.046703155334569,0.255120783659824,517,0.01,0.3,0.5,0.0025,1
