,L2,L2_true,N,std,jump,jump_prob,ve,dim
0,2.6506100448311,0.4053336226092293,439,0.01,0.3,0.5,0.001,1
