,L2,L2_true,N,std,jump,jump_prob,ve,dim
0,3.514722838278052,0.699493039788875,19,0.01,0.3,0.5,0.01,1
