,L2,L2_true,N,std,jump,jump_prob,ve,dim
0,3.9743705460752548,2.4570530643074857,5,0.01,0.3,0.5,0.001,1
