,L2,L2_true,N,std,jump,jump_prob,ve,dim
0,1.3492042481810762,1.1778972595485528,1,0.05,0.3,0.5,0.001,1
