,L2,L2_true,N,std,jump,jump_prob,ve,dim
0,11.235943159467556,10.804332422069871,1930,0.01,0.3,0.5,0.0025,3
