,L2,L2_true,N,std,jump,jump_prob,ve,dim
0,4.283243065374873,3.0074263247470543,10,0.01,0.3,0.5,0.001,1
