,L2,L2_true,N,std,jump,jump_prob,ve,dim
0,3.425026552304629,0.2238226958645237,138,0.01,0.3,0.5,0.01,1
