,L2,L2_true,N,std,jump,jump_prob,ve,dim
0,12.571866588965559,12.1796393197257,1000,0.01,0.3,0.5,0.0025,3
