,L2,L2_true,N,std,jump,jump_prob,ve,dim
0,3.964674835940834,2.473733760342948,6,0.01,0.3,0.5,0.001,1
