,L2,L2_true,N,std,jump,jump_prob,ve,dim
0,3.4312078342744154,0.2738106304840654,84,0.01,0.3,0.5,0.01,1
