,L2,L2_true,N,std,jump,jump_prob,ve,dim
0,2.678263750396973,0.5982077888243857,268,0.01,0.3,0.5,0.001,1
