,L2,L2_true,N,std,jump,jump_prob,ve,dim
0,3.4097688027727577,1.5872226506049796,43,0.01,0.3,0.5,0.0025,1
