,L2,L2_true,N,std,jump,jump_prob,ve,dim
0,3.515468645455553,0.8309869919462534,316,0.01,0.3,0.5,0.01,2
