,L2,L2_true,N,std,jump,jump_prob,ve,dim
0,3.6625651643872574,2.0214624370858845,1000,0.01,0.3,0.5,0.0025,2
