,L2,L2_true,N,std,jump,jump_prob,ve,dim
0,6.08867868884485,5.478284089430965,1000,0.01,0.3,0.5,0.001,2
