,L2,L2_true,N,std,jump,jump_prob,ve,dim
0,2.7361272350413466,0.9384298634496079,117,0.01,0.3,0.5,0.001,1
