,L2,L2_true,N,std,jump,jump_prob,ve,dim
0,3.89368020368639,2.490106312069069,13,0.01,0.3,0.5,0.001,1
