,L2,L2_true,N,std,jump,jump_prob,ve,dim
0,2.6502341806084107,0.4407542804775674,372,0.01,0.3,0.5,0.001,1
