,L2,L2_true,N,std,jump,jump_prob,ve,dim
0,5.6531536918191225,4.714973642292645,163,0.01,0.3,0.5,0.0025,2
