,L2,L2_true,N,std,jump,jump_prob,ve,dim
0,7.083882038549371,6.3520697376781285,43,0.01,0.3,0.5,0.001,3
