,L2,L2_true,N,std,jump,jump_prob,ve,dim
0,2.4456106680263576,2.4445586978135596,11,0.2,0.3,0.5,0.001,1
