,L2,L2_true,N,std,jump,jump_prob,ve,dim
0,3.5750790928290277,2.321843442255218,37,0.01,0.3,0.5,0.001,1
