,L2,L2_true,N,std,jump,jump_prob,ve,dim
0,0.4037419616567819,0.3095530085840887,1178,0.05,0.3,0.5,0.001,1
