,L2,L2_true,N,std,jump,jump_prob,ve,dim
0,3.0442207662606506,0.40058041728889815,163,0.01,0.3,0.5,0.0025,1
