,L2,L2_true,N,std,jump,jump_prob,ve,dim
0,3.8358095416286244,1.745582203332912,1389,0.01,0.3,0.5,0.01,3
