,L2,L2_true,N,std,jump,jump_prob,ve,dim
0,3.07116511838851,0.4395351102538251,138,0.01,0.3,0.5,0.0025,1
