,L2,L2_true,N,std,jump,jump_prob,ve,dim
0,3.422940298839172,0.2680153227716981,3000,0.01,0.3,0.5,0.01,2
