,L2,L2_true,N,std,jump,jump_prob,ve,dim
0,2.0770159045281016,2.0768830096721027,6,0.2,0.3,0.5,0.001,1
