,L2,L2_true,N,std,jump,jump_prob,ve,dim
0,10.755269312998706,10.244822239684453,193,0.01,0.3,0.5,0.0025,3
