,L2,L2_true,N,std,jump,jump_prob,ve,dim
0,3.0247925174022865,0.0939271160515691,3162,0.01,0.3,0.5,0.0025,1
