,L2,L2_true,N,std,jump,jump_prob,ve,dim
0,1.2469904306136665,1.2474535843538008,100,0.2,0.3,0.5,0.001,1
