,L2,L2_true,N,std,jump,jump_prob,ve,dim
0,0.47237137982067307,0.472864479520353,610,0.2,0.3,0.5,0.001,1
