,L2,L2_true,N,std,jump,jump_prob,ve,dim
0,6.681218578892169,5.905926134158209,37,0.01,0.3,0.5,0.001,2
