,L2,L2_true,N,std,jump,jump_prob,ve,dim
0,19.793700310039064,19.565156234605226,719,0.01,0.3,0.5,0.001,3
