,L2,L2_true,N,std,jump,jump_prob,ve,dim
0,2.748765108705408,2.750018547623761,13,0.2,0.3,0.5,0.001,1
