,L2,L2_true,N,std,jump,jump_prob,ve,dim
0,3.0737638420671036,0.50363064222197,138,0.01,0.3,0.5,0.0025,1
