,L2,L2_true,N,std,jump,jump_prob,ve,dim
0,3.030770167725161,0.19312161411605988,848,0.01,0.3,0.5,0.0025,1
