,L2,L2_true,N,std,jump,jump_prob,ve,dim
0,1.173778324750909,1.149963680807455,117,0.05,0.3,0.5,0.001,1
