,L2,L2_true,N,std,jump,jump_prob,ve,dim
0,1.9611122641863117,1.9604164328806086,61,0.05,0.3,0.5,0.001,1
