,L2,L2_true,N,std,jump,jump_prob,ve,dim
0,3.421187328031226,0.07334180459569367,1000,0.01,0.3,0.5,0.01,1
