,L2,L2_true,N,std,jump,jump_prob,ve,dim
0,9.68643647529223,9.103402055995986,138,0.01,0.3,0.5,0.0025,3
