,L2,L2_true,N,std,jump,jump_prob,ve,dim
0,3.959935767407828,2.4265949472278145,4,0.01,0.3,0.5,0.001,3
