,L2,L2_true,N,std,jump,jump_prob,ve,dim
0,4.024881430699852,2.5618494877896585,7,0.01,0.3,0.5,0.001,1
