,L2,L2_true,N,std,jump,jump_prob,ve,dim
0,3.8971472164870167,1.6242171457149168,5,0.01,0.3,0.5,0.01,2
