,L2,L2_true,N,std,jump,jump_prob,ve,dim
0,3.4185314956331183,0.12019342141351357,372,0.01,0.3,0.5,0.01,1
