,L2,L2_true,N,std,jump,jump_prob,ve,dim
0,3.2254362425026124,3.1680955701872615,19,0.05,0.3,0.5,0.001,1
