,L2,L2_true,N,std,jump,jump_prob,ve,dim
0,10.609032665566694,10.080292733882477,193,0.01,0.3,0.5,0.0025,3
