,L2,L2_true,N,std,jump,jump_prob,ve,dim
0,3.4024419795029277,0.04009994418756234,2682,0.01,0.3,0.5,0.01,1
