,L2,L2_true,N,std,jump,jump_prob,ve,dim
0,3.425007178720357,0.19591402350045684,117,0.01,0.3,0.5,0.01,1
