,L2,L2_true,N,std,jump,jump_prob,ve,dim
0,3.047626608906282,0.3194405755448706,316,0.01,0.3,0.5,0.0025,1
