,L2,L2_true,N,std,jump,jump_prob,ve,dim
0,3.776551076602708,1.352935944204155,3,0.01,0.3,0.5,0.01,2
