,L2,L2_true,N,std,jump,jump_prob,ve,dim
0,11.368927243919797,10.928938951094265,1637,0.01,0.3,0.5,0.0025,3
