,L2,L2_true,N,std,jump,jump_prob,ve,dim
0,3.6207015422770734,1.8046942891480282,1,0.01,0.3,0.5,0.001,1
