,L2,L2_true,N,std,jump,jump_prob,ve,dim
0,1.2648158370216034,1.2649625789223988,117,0.2,0.3,0.5,0.001,1
