,L2,L2_true,N,std,jump,jump_prob,ve,dim
0,3.6310360327018647,1.2290127536228266,163,0.01,0.3,0.5,0.01,2
