,L2,L2_true,N,std,jump,jump_prob,ve,dim
0,0.4403393729883288,0.44015104999648735,719,0.2,0.3,0.5,0.001,1
