,L2,L2_true,N,std,jump,jump_prob,ve,dim
0,3.4271726613011033,0.2987576893054121,2275,0.01,0.3,0.5,0.01,2
