,L2,L2_true,N,std,jump,jump_prob,ve,dim
0,3.6160967520002485,0.7447246744231472,1,0.01,0.3,0.5,0.01,3
