,L2,L2_true,N,std,jump,jump_prob,ve,dim
0,3.828730340512868,2.329295731820084,11,0.01,0.3,0.5,0.001,1
