,L2,L2_true,N,std,jump,jump_prob,ve,dim
0,7.896373435037458,7.4093882275196545,517,0.01,0.3,0.5,0.001,2
