,L2,L2_true,N,std,jump,jump_prob,ve,dim
0,7.845626869666086,7.345930096965389,439,0.01,0.3,0.5,0.001,2
