,L2,L2_true,N,std,jump,jump_prob,ve,dim
0,2.0396214574206413,2.005195574505745,22,0.05,0.3,0.5,0.001,1
