,L2,L2_true,N,std,jump,jump_prob,ve,dim
0,4.625609419925031,3.392806007921252,10,0.01,0.3,0.5,0.001,3
