,L2,L2_true,N,std,jump,jump_prob,ve,dim
0,4.876907802799569,3.7189720352766575,13,0.01,0.3,0.5,0.001,3
