,L2,L2_true,N,std,jump,jump_prob,ve,dim
0,0.5895161135182772,0.5332295644991906,517,0.05,0.3,0.5,0.001,1
