,L2,L2_true,N,std,jump,jump_prob,ve,dim
0,3.800884542685958,2.1536874954917065,3,0.01,0.3,0.5,0.001,1
