,L2,L2_true,N,std,jump,jump_prob,ve,dim
0,4.017741731060607,2.7125694780470915,19,0.01,0.3,0.5,0.001,1
