,L2,L2_true,N,std,jump,jump_prob,ve,dim
0,0.37797625055377004,0.37053682158436485,1,0.2,0.3,0.5,0.001,1
