,L2,L2_true,N,std,jump,jump_prob,ve,dim
0,5.746177739039401,4.8292738338112615,26,0.01,0.3,0.5,0.001,2
