,L2,L2_true,N,std,jump,jump_prob,ve,dim
0,2.840791295621887,2.8112925269786455,11,0.05,0.3,0.5,0.001,1
