,L2,L2_true,N,std,jump,jump_prob,ve,dim
0,0.5962741146106354,0.5965191753349564,372,0.2,0.3,0.5,0.001,1
