,L2,L2_true,N,std,jump,jump_prob,ve,dim
0,3.6461867036089677,1.0535804898275016,8,0.01,0.3,0.5,0.01,1
