,L2,L2_true,N,std,jump,jump_prob,ve,dim
0,18.951525770721123,18.71417597523173,610,0.01,0.3,0.5,0.001,3
