,L2,L2_true,N,std,jump,jump_prob,ve,dim
0,3.5548632343016466,0.9690542604616946,227,0.01,0.3,0.5,0.01,2
