,L2,L2_true,N,std,jump,jump_prob,ve,dim
0,22.136675124682093,21.937022962721613,1178,0.01,0.3,0.5,0.001,3
