,L2,L2_true,N,std,jump,jump_prob,ve,dim
0,4.038303018603241,2.753597801542322,19,0.01,0.3,0.5,0.001,1
