,L2,L2_true,N,std,jump,jump_prob,ve,dim
0,1.3979269846989668,1.232680669819739,2,0.05,0.3,0.5,0.001,1
