,L2,L2_true,N,std,jump,jump_prob,ve,dim
0,12.561352275808618,12.1530554032063,848,0.01,0.3,0.5,0.0025,3
