,L2,L2_true,N,std,jump,jump_prob,ve,dim
0,2.622255165656983,0.31003934182548626,719,0.01,0.3,0.5,0.001,1
