,L2,L2_true,N,std,jump,jump_prob,ve,dim
0,0.3799110101517161,0.3802196150998956,848,0.2,0.3,0.5,0.001,1
