,L2,L2_true,N,std,jump,jump_prob,ve,dim
0,5.585145969192408,4.366611760474307,100,0.01,0.3,0.5,0.01,3
