,L2,L2_true,N,std,jump,jump_prob,ve,dim
0,8.33479455150708,7.781136026078882,117,0.01,0.3,0.5,0.001,2
