,L2,L2_true,N,std,jump,jump_prob,ve,dim
0,3.710094915880069,1.4300381656014554,1930,0.01,0.3,0.5,0.01,3
