,L2,L2_true,N,std,jump,jump_prob,ve,dim
0,3.8134649469339847,1.77623435143015,3,0.01,0.3,0.5,0.0025,1
