,L2,L2_true,N,std,jump,jump_prob,ve,dim
0,3.4100904328819097,0.15148591821514537,439,0.01,0.3,0.5,0.01,1
