,L2,L2_true,N,std,jump,jump_prob,ve,dim
0,1.4951670492537597,1.49778179280033,4,0.2,0.3,0.5,0.001,1
