,L2,L2_true,N,std,jump,jump_prob,ve,dim
0,5.4361492239860985,4.172326269253706,100,0.01,0.3,0.5,0.01,3
