,L2,L2_true,N,std,jump,jump_prob,ve,dim
0,23.46242656901001,23.270925324860873,1637,0.01,0.3,0.5,0.001,3
