,L2,L2_true,N,std,jump,jump_prob,ve,dim
0,4.575707026727145,3.749676537873743,2000,0.01,0.3,0.5,0.001,2
