,L2,L2_true,N,std,jump,jump_prob,ve,dim
0,2.617765659418351,0.20790936785714348,1637,0.01,0.3,0.5,0.001,1
