,L2,L2_true,N,std,jump,jump_prob,ve,dim
0,2.9588171457769583,1.3523057623410921,61,0.01,0.3,0.5,0.001,1
