,L2,L2_true,N,std,jump,jump_prob,ve,dim
0,3.205784204984693,1.8536035025473614,51,0.01,0.3,0.5,0.001,1
