,L2,L2_true,N,std,jump,jump_prob,ve,dim
0,3.0274126027352675,0.09320683107686202,3162,0.01,0.3,0.5,0.0025,1
