,L2,L2_true,N,std,jump,jump_prob,ve,dim
0,4.486601018006098,2.9924520974499553,11,0.01,0.3,0.5,0.0025,2
