,L2,L2_true,N,std,jump,jump_prob,ve,dim
0,1.9433808579017577,1.8444138289392498,5,0.05,0.3,0.5,0.001,1
