,L2,L2_true,N,std,jump,jump_prob,ve,dim
0,3.6830191568203925,1.3669213284280521,117,0.01,0.3,0.5,0.01,2
