,L2,L2_true,N,std,jump,jump_prob,ve,dim
0,3.7656866493105565,1.3109292190248594,4,0.01,0.3,0.5,0.01,1
