,L2,L2_true,N,std,jump,jump_prob,ve,dim
0,2.2949027036068563,2.260419308631401,16,0.05,0.3,0.5,0.001,1
