,L2,L2_true,N,std,jump,jump_prob,ve,dim
0,1.457172502429207,1.438539683108252,84,0.05,0.3,0.5,0.001,1
