,L2,L2_true,N,std,jump,jump_prob,ve,dim
0,3.619139620258885,1.3290298734272015,1,0.01,0.3,0.5,0.0025,1
