,L2,L2_true,N,std,jump,jump_prob,ve,dim
0,5.111879873288634,3.862503727816452,19,0.01,0.3,0.5,0.0025,2
