,L2,L2_true,N,std,jump,jump_prob,ve,dim
0,4.149627941974937,2.4487662335559492,6,0.01,0.3,0.5,0.0025,3
