,L2,L2_true,N,std,jump,jump_prob,ve,dim
0,3.0506888896698303,0.38337775584381717,138,0.01,0.3,0.5,0.0025,1
