,L2,L2_true,N,std,jump,jump_prob,ve,dim
0,4.165749180566331,2.4787297924729486,6,0.01,0.3,0.5,0.0025,3
