,L2,L2_true,N,std,jump,jump_prob,ve,dim
0,22.762625696140194,22.558776926690456,1178,0.01,0.3,0.5,0.001,3
