,L2,L2_true,N,std,jump,jump_prob,ve,dim
0,6.729957302640569,5.957505377234012,37,0.01,0.3,0.5,0.001,3
