,L2,L2_true,N,std,jump,jump_prob,ve,dim
0,2.356553913977031,2.355995595029308,19,0.2,0.3,0.5,0.001,1
