,L2,L2_true,N,std,jump,jump_prob,ve,dim
0,3.8297817330549964,1.7229670432719804,1389,0.01,0.3,0.5,0.01,3
