,L2,L2_true,N,std,jump,jump_prob,ve,dim
0,6.44422846789049,5.659850429087384,37,0.01,0.3,0.5,0.001,2
