,L2,L2_true,N,std,jump,jump_prob,ve,dim
0,8.386916475843622,7.8873814029418154,227,0.01,0.3,0.5,0.001,2
