,L2,L2_true,N,std,jump,jump_prob,ve,dim
0,0.522495609576979,0.4570376304887805,610,0.05,0.3,0.5,0.001,1
