,L2,L2_true,N,std,jump,jump_prob,ve,dim
0,1.5820202396970091,1.5821423372377361,4,0.2,0.3,0.5,0.001,1
