,L2,L2_true,N,std,jump,jump_prob,ve,dim
0,4.192641961757307,2.3792948683324706,37,0.01,0.3,0.5,0.01,2
