,L2,L2_true,N,std,jump,jump_prob,ve,dim
0,8.430966654326653,7.883817605344803,117,0.01,0.3,0.5,0.001,2
