,L2,L2_true,N,std,jump,jump_prob,ve,dim
0,11.887735916583097,11.439141501138765,372,0.01,0.3,0.5,0.0025,3
