,L2,L2_true,N,std,jump,jump_prob,ve,dim
0,3.9650670772068946,2.4217314331100632,4,0.01,0.3,0.5,0.001,2
