,L2,L2_true,N,std,jump,jump_prob,ve,dim
0,5.047469736360426,3.774042140934235,16,0.01,0.3,0.5,0.0025,3
