,L2,L2_true,N,std,jump,jump_prob,ve,dim
0,1.837696332297335,1.7221003723923813,4,0.05,0.3,0.5,0.001,1
