,L2,L2_true,N,std,jump,jump_prob,ve,dim
0,2.665592529728165,0.5338795922373034,316,0.01,0.3,0.5,0.001,1
