,L2,L2_true,N,std,jump,jump_prob,ve,dim
0,3.4359652565192476,0.31744710287033917,71,0.01,0.3,0.5,0.01,1
