,L2,L2_true,N,std,jump,jump_prob,ve,dim
0,3.2425190472277237,1.1348282292034384,43,0.01,0.3,0.5,0.0025,1
