,L2,L2_true,N,std,jump,jump_prob,ve,dim
0,3.4567782073375177,0.48391729265908007,848,0.01,0.3,0.5,0.01,2
