,L2,L2_true,N,std,jump,jump_prob,ve,dim
0,3.771315171646953,1.7060174855512202,4,0.01,0.3,0.5,0.0025,1
