,L2,L2_true,N,std,jump,jump_prob,ve,dim
0,0.7414952931910535,0.719971507525743,193,0.05,0.3,0.5,0.001,1
