,L2,L2_true,N,std,jump,jump_prob,ve,dim
0,2.7689529285040178,0.874596564088076,163,0.01,0.3,0.5,0.001,1
