,L2,L2_true,N,std,jump,jump_prob,ve,dim
0,2.669635711660283,0.5916756399755148,163,0.01,0.3,0.5,0.001,1
