,L2,L2_true,N,std,jump,jump_prob,ve,dim
0,3.9952521490087136,1.8752328203763016,6,0.01,0.3,0.5,0.01,2
