,L2,L2_true,N,std,jump,jump_prob,ve,dim
0,5.615303819750017,4.389150711133938,61,0.01,0.3,0.5,0.01,3
