,L2,L2_true,N,std,jump,jump_prob,ve,dim
0,4.356118929562849,3.470561249476263,2275,0.01,0.3,0.5,0.001,2
