,L2,L2_true,N,std,jump,jump_prob,ve,dim
0,6.102551840469215,5.481695805486045,1000,0.01,0.3,0.5,0.001,2
