,L2,L2_true,N,std,jump,jump_prob,ve,dim
0,3.613841600531474,0.7203765994680958,2,0.01,0.3,0.5,0.01,1
