,L2,L2_true,N,std,jump,jump_prob,ve,dim
0,3.576210082415394,1.8603327362830688,1178,0.01,0.3,0.5,0.0025,2
