,L2,L2_true,N,std,jump,jump_prob,ve,dim
0,3.296084723126703,1.2437676864789602,37,0.01,0.3,0.5,0.0025,1
