,L2,L2_true,N,std,jump,jump_prob,ve,dim
0,1.4497719102550248,1.4431281406056633,84,0.05,0.3,0.5,0.001,1
