,L2,L2_true,N,std,jump,jump_prob,ve,dim
0,0.427815716376011,0.4266284495882004,848,0.2,0.3,0.5,0.001,1
