,L2,L2_true,N,std,jump,jump_prob,ve,dim
0,3.956251343879504,2.4075319430306474,4,0.01,0.3,0.5,0.001,3
