,L2,L2_true,N,std,jump,jump_prob,ve,dim
0,1.11651590072325,1.1162968921492753,138,0.2,0.3,0.5,0.001,1
