,L2,L2_true,N,std,jump,jump_prob,ve,dim
0,4.97235556441973,3.9096729146856566,316,0.01,0.3,0.5,0.0025,2
