,L2,L2_true,N,std,jump,jump_prob,ve,dim
0,5.629070043100717,4.665347807500611,138,0.01,0.3,0.5,0.0025,2
