,L2,L2_true,N,std,jump,jump_prob,ve,dim
0,4.009786904485222,2.5507298714126776,7,0.01,0.3,0.5,0.001,1
