,L2,L2_true,N,std,jump,jump_prob,ve,dim
0,4.33982842916941,3.460478272316174,2275,0.01,0.3,0.5,0.001,2
