,L2,L2_true,N,std,jump,jump_prob,ve,dim
0,11.053729381886926,10.60640956333192,138,0.01,0.3,0.5,0.001,3
