,L2,L2_true,N,std,jump,jump_prob,ve,dim
0,8.515970225977071,7.925921898909849,71,0.01,0.3,0.5,0.001,3
