,L2,L2_true,N,std,jump,jump_prob,ve,dim
0,6.346060670717651,5.530496961636584,37,0.01,0.3,0.5,0.001,2
