,L2,L2_true,N,std,jump,jump_prob,ve,dim
0,3.410827888821436,0.08705126423498277,610,0.01,0.3,0.5,0.01,1
