,L2,L2_true,N,std,jump,jump_prob,ve,dim
0,4.050510891087348,2.446365393769776,11,0.01,0.3,0.5,0.0025,1
