,L2,L2_true,N,std,jump,jump_prob,ve,dim
0,6.999150612457136,6.292652969844292,61,0.01,0.3,0.5,0.001,2
