,L2,L2_true,N,std,jump,jump_prob,ve,dim
0,1.1972350659637352,1.199896501187769,3,0.2,0.3,0.5,0.001,1
