,L2,L2_true,N,std,jump,jump_prob,ve,dim
0,0.35126907501879423,0.24044910581528986,1637,0.05,0.3,0.5,0.001,1
