,L2,L2_true,N,std,jump,jump_prob,ve,dim
0,2.6518061768803642,0.48258039739845576,517,0.01,0.3,0.5,0.001,1
