,L2,L2_true,N,std,jump,jump_prob,ve,dim
0,3.7142949204185154,1.5988537079216874,4,0.01,0.3,0.5,0.0025,1
