,L2,L2_true,N,std,jump,jump_prob,ve,dim
0,3.689677982719116,1.3775280878798877,138,0.01,0.3,0.5,0.01,2
