,L2,L2_true,N,std,jump,jump_prob,ve,dim
0,2.1337497966180194,2.098943010244168,11,0.05,0.3,0.5,0.001,1
