,L2,L2_true,N,std,jump,jump_prob,ve,dim
0,0.21733760626141324,0.21619090272108232,2682,0.2,0.3,0.5,0.001,1
