,L2,L2_true,N,std,jump,jump_prob,ve,dim
0,2.6218271868941057,0.16414666724683225,1930,0.01,0.3,0.5,0.001,1
