,L2,L2_true,N,std,jump,jump_prob,ve,dim
0,0.3935762110214626,0.3937543296608273,848,0.2,0.3,0.5,0.001,1
