,L2,L2_true,N,std,jump,jump_prob,ve,dim
0,3.5391511328004026,0.93653312437042,268,0.01,0.3,0.5,0.01,2
