,L2,L2_true,N,std,jump,jump_prob,ve,dim
0,3.632204834121835,0.7889037373009885,2,0.01,0.3,0.5,0.01,1
