,L2,L2_true,N,std,jump,jump_prob,ve,dim
0,3.4467388153255585,0.44155661450255973,1000,0.01,0.3,0.5,0.01,2
