,L2,L2_true,N,std,jump,jump_prob,ve,dim
0,5.4632955554417,4.328344576443566,26,0.01,0.3,0.5,0.0025,2
