,L2,L2_true,N,std,jump,jump_prob,ve,dim
0,2.655685997510118,0.4747845633286903,439,0.01,0.3,0.5,0.001,1
