,L2,L2_true,N,std,jump,jump_prob,ve,dim
0,3.4337565015302958,0.32746748130865977,61,0.01,0.3,0.5,0.01,1
