,L2,L2_true,N,std,jump,jump_prob,ve,dim
0,3.9686723772466235,2.0144819884423915,1000,0.01,0.3,0.5,0.01,3
