,L2,L2_true,N,std,jump,jump_prob,ve,dim
0,5.087821909521766,4.022137849326829,16,0.01,0.3,0.5,0.001,2
