,L2,L2_true,N,std,jump,jump_prob,ve,dim
0,0.7376111946636356,0.7114620042940162,316,0.05,0.3,0.5,0.001,1
