,L2,L2_true,N,std,jump,jump_prob,ve,dim
0,3.611961810099712,3.6201711580447093,19,0.05,0.3,0.5,0.001,1
