,L2,L2_true,N,std,jump,jump_prob,ve,dim
0,1.3506963266098804,1.1789912528702722,1,0.05,0.3,0.5,0.001,1
