,L2,L2_true,N,std,jump,jump_prob,ve,dim
0,5.241037349847751,4.529036023589105,1389,0.01,0.3,0.5,0.001,2
