,L2,L2_true,N,std,jump,jump_prob,ve,dim
0,5.812591615769822,4.880835956962894,163,0.01,0.3,0.5,0.0025,2
