,L2,L2_true,N,std,jump,jump_prob,ve,dim
0,24.567541109479226,24.389654992435634,1637,0.01,0.3,0.5,0.001,3
