,L2,L2_true,N,std,jump,jump_prob,ve,dim
0,3.452803339082532,0.49146140656252485,37,0.01,0.3,0.5,0.01,1
