,L2,L2_true,N,std,jump,jump_prob,ve,dim
0,3.066227879400011,0.5505800535394578,84,0.01,0.3,0.5,0.0025,1
