,L2,L2_true,N,std,jump,jump_prob,ve,dim
0,21.604410416594032,21.396796470438186,1000,0.01,0.3,0.5,0.001,3
