,L2,L2_true,N,std,jump,jump_prob,ve,dim
0,3.2353091790150885,1.1129284612883066,3000,0.01,0.3,0.5,0.0025,2
