,L2,L2_true,N,std,jump,jump_prob,ve,dim
0,5.462522331293032,4.316659583759515,22,0.01,0.3,0.5,0.0025,3
