,L2,L2_true,N,std,jump,jump_prob,ve,dim
0,3.423665198355217,0.05198932807055471,1930,0.01,0.3,0.5,0.01,1
