,L2,L2_true,N,std,jump,jump_prob,ve,dim
0,1.4410203737162213,1.440352164691232,71,0.2,0.3,0.5,0.001,1
