,L2,L2_true,N,std,jump,jump_prob,ve,dim
0,3.3279058383020796,1.3704820050657989,2000,0.01,0.3,0.5,0.0025,2
