,L2,L2_true,N,std,jump,jump_prob,ve,dim
0,3.4153471467168495,1.3502876897794627,19,0.01,0.3,0.5,0.0025,1
