,L2,L2_true,N,std,jump,jump_prob,ve,dim
0,7.42157647324413,6.908158627410776,610,0.01,0.3,0.5,0.001,2
