,L2,L2_true,N,std,jump,jump_prob,ve,dim
0,3.9673482346863773,2.9690996953611166,3000,0.01,0.3,0.5,0.001,2
