,L2,L2_true,N,std,jump,jump_prob,ve,dim
0,0.9307521479452042,0.9306191977536694,193,0.2,0.3,0.5,0.001,1
