,L2,L2_true,N,std,jump,jump_prob,ve,dim
0,4.884059063419242,3.3869334315877775,22,0.01,0.3,0.5,0.01,3
