,L2,L2_true,N,std,jump,jump_prob,ve,dim
0,3.616274311627632,0.744941093186348,1,0.01,0.3,0.5,0.01,1
