,L2,L2_true,N,std,jump,jump_prob,ve,dim
0,5.232102165786807,4.0443305968052465,26,0.01,0.3,0.5,0.0025,2
