,L2,L2_true,N,std,jump,jump_prob,ve,dim
0,3.396087222356921,0.05190181079132207,1389,0.01,0.3,0.5,0.01,1
