,L2,L2_true,N,std,jump,jump_prob,ve,dim
0,12.672950594074985,12.28733054685239,193,0.01,0.3,0.5,0.001,3
