,L2,L2_true,N,std,jump,jump_prob,ve,dim
0,12.386690213021941,11.96590495355634,517,0.01,0.3,0.5,0.0025,3
