,L2,L2_true,N,std,jump,jump_prob,ve,dim
0,2.71641515469586,2.6729572473963574,19,0.05,0.3,0.5,0.001,1
