,L2,L2_true,N,std,jump,jump_prob,ve,dim
0,3.4164327916494694,0.07571368159858123,1389,0.01,0.3,0.5,0.01,1
