,L2,L2_true,N,std,jump,jump_prob,ve,dim
0,2.676625957253667,0.5760354493958568,268,0.01,0.3,0.5,0.001,1
