,L2,L2_true,N,std,jump,jump_prob,ve,dim
0,5.972941731115455,5.041287634573088,117,0.01,0.3,0.5,0.0025,2
