,L2,L2_true,N,std,jump,jump_prob,ve,dim
0,4.148504971687011,2.2039968926346876,10,0.01,0.3,0.5,0.01,2
