,L2,L2_true,N,std,jump,jump_prob,ve,dim
0,3.827048632705475,1.6864488831109714,84,0.01,0.3,0.5,0.01,2
