,L2,L2_true,N,std,jump,jump_prob,ve,dim
0,2.1745724555507833,2.174607355604334,11,0.2,0.3,0.5,0.001,1
