,L2,L2_true,N,std,jump,jump_prob,ve,dim
0,1.8978955262261474,1.7999295424609543,6,0.05,0.3,0.5,0.001,1
