,L2,L2_true,N,std,jump,jump_prob,ve,dim
0,4.666053500865191,3.455577183455191,10,0.01,0.3,0.5,0.001,2
