,L2,L2_true,N,std,jump,jump_prob,ve,dim
0,1.3889351227110878,1.3878658594609892,100,0.2,0.3,0.5,0.001,1
