,L2,L2_true,N,std,jump,jump_prob,ve,dim
0,4.682924439109511,3.4787845770495647,11,0.01,0.3,0.5,0.001,2
