,L2,L2_true,N,std,jump,jump_prob,ve,dim
0,4.2131933747304915,2.3516778144159067,16,0.01,0.3,0.5,0.01,2
