,L2,L2_true,N,std,jump,jump_prob,ve,dim
0,3.430110960921032,0.11932324835640282,268,0.01,0.3,0.5,0.01,1
