,L2,L2_true,N,std,jump,jump_prob,ve,dim
0,5.4304244527922005,4.1593404485031265,71,0.01,0.3,0.5,0.01,3
