,L2,L2_true,N,std,jump,jump_prob,ve,dim
0,4.209550535481274,2.3491985387246404,26,0.01,0.3,0.5,0.01,2
