,L2,L2_true,N,std,jump,jump_prob,ve,dim
0,3.4136135416458018,0.03644633161042191,2682,0.01,0.3,0.5,0.01,1
