,L2,L2_true,N,std,jump,jump_prob,ve,dim
0,3.543736950682464,0.851978040195855,13,0.01,0.3,0.5,0.01,1
