,L2,L2_true,N,std,jump,jump_prob,ve,dim
0,4.368244311257492,2.7824077996923524,8,0.01,0.3,0.5,0.0025,3
