,L2,L2_true,N,std,jump,jump_prob,ve,dim
0,2.6344253614099973,0.3639412259137106,719,0.01,0.3,0.5,0.001,1
