,L2,L2_true,N,std,jump,jump_prob,ve,dim
0,3.6980201186014163,1.8437740440085961,13,0.01,0.3,0.5,0.0025,1
