,L2,L2_true,N,std,jump,jump_prob,ve,dim
0,7.186971174918854,6.3691567009390315,51,0.01,0.3,0.5,0.0025,3
