,L2,L2_true,N,std,jump,jump_prob,ve,dim
0,2.867098224382356,2.8548784027149567,16,0.05,0.3,0.5,0.001,1
