,L2,L2_true,N,std,jump,jump_prob,ve,dim
0,3.0724408582751206,0.4519573998702647,100,0.01,0.3,0.5,0.0025,1
