,L2,L2_true,N,std,jump,jump_prob,ve,dim
0,3.4283896758302945,0.11747105420041189,439,0.01,0.3,0.5,0.01,1
