,L2,L2_true,N,std,jump,jump_prob,ve,dim
0,3.7823850085559383,1.7747721926370268,6,0.01,0.3,0.5,0.0025,1
