,L2,L2_true,N,std,jump,jump_prob,ve,dim
0,0.3612474309937288,0.36191078169276075,1178,0.2,0.3,0.5,0.001,1
