,L2,L2_true,N,std,jump,jump_prob,ve,dim
0,3.9727431545334135,2.0379923653892593,1000,0.01,0.3,0.5,0.01,3
