,L2,L2_true,N,std,jump,jump_prob,ve,dim
0,6.330678313394802,5.739162394789706,848,0.01,0.3,0.5,0.001,2
