,L2,L2_true,N,std,jump,jump_prob,ve,dim
0,3.0374505970451584,0.1844825155704541,719,0.01,0.3,0.5,0.0025,1
