,L2,L2_true,N,std,jump,jump_prob,ve,dim
0,1.1287434307731352,1.1288233968066606,138,0.2,0.3,0.5,0.001,1
