,L2,L2_true,N,std,jump,jump_prob,ve,dim
0,11.120614511036313,10.677550582757288,138,0.01,0.3,0.5,0.001,3
