,L2,L2_true,N,std,jump,jump_prob,ve,dim
0,8.7378966954901,8.254914769563884,268,0.01,0.3,0.5,0.001,2
