,L2,L2_true,N,std,jump,jump_prob,ve,dim
0,11.730704964229808,11.326478033436258,1637,0.01,0.3,0.5,0.0025,3
