,L2,L2_true,N,std,jump,jump_prob,ve,dim
0,5.39321356390225,4.251284131521561,31,0.01,0.3,0.5,0.0025,2
