,L2,L2_true,N,std,jump,jump_prob,ve,dim
0,3.440797880536195,2.0814291489416004,51,0.01,0.3,0.5,0.001,1
