,L2,L2_true,N,std,jump,jump_prob,ve,dim
0,2.89573724571184,2.849797411095681,19,0.05,0.3,0.5,0.001,1
