,L2,L2_true,N,std,jump,jump_prob,ve,dim
0,8.246243086665766,7.750569938362616,316,0.01,0.3,0.5,0.001,2
