,L2,L2_true,N,std,jump,jump_prob,ve,dim
0,2.038346969557937,1.9786853589878501,10,0.05,0.3,0.5,0.001,1
