,L2,L2_true,N,std,jump,jump_prob,ve,dim
0,1.2858519803311321,1.2852831317603362,100,0.2,0.3,0.5,0.001,1
