,L2,L2_true,N,std,jump,jump_prob,ve,dim
0,4.064577308626748,2.0373369193238924,11,0.01,0.3,0.5,0.01,2
