,L2,L2_true,N,std,jump,jump_prob,ve,dim
0,9.84600282637392,9.334336407332128,100,0.01,0.3,0.5,0.001,3
