,L2,L2_true,N,std,jump,jump_prob,ve,dim
0,3.473174826317714,0.5859883885213386,51,0.01,0.3,0.5,0.01,1
