,L2,L2_true,N,std,jump,jump_prob,ve,dim
0,8.471850550551638,7.984735619575507,268,0.01,0.3,0.5,0.001,2
