,L2,L2_true,N,std,jump,jump_prob,ve,dim
0,3.547853970273305,1.6514075574453964,16,0.01,0.3,0.5,0.0025,1
