,L2,L2_true,N,std,jump,jump_prob,ve,dim
0,3.67221907178551,1.0549510892535316,2,0.01,0.3,0.5,0.01,3
