,L2,L2_true,N,std,jump,jump_prob,ve,dim
0,3.6840758923669217,1.733286191790834,8,0.01,0.3,0.5,0.0025,1
