,L2,L2_true,N,std,jump,jump_prob,ve,dim
0,2.841494566899164,2.8047460025092716,22,0.05,0.3,0.5,0.001,1
