,L2,L2_true,N,std,jump,jump_prob,ve,dim
0,2.0566753384001424,2.024944558661743,51,0.05,0.3,0.5,0.001,1
