,L2,L2_true,N,std,jump,jump_prob,ve,dim
0,3.418652907817223,0.08941105811504735,372,0.01,0.3,0.5,0.01,1
