,L2,L2_true,N,std,jump,jump_prob,ve,dim
0,1.5943846665040127,1.456294569632177,2,0.05,0.3,0.5,0.001,1
