,L2,L2_true,N,std,jump,jump_prob,ve,dim
0,2.1551776731829557,2.1550612355780934,13,0.2,0.3,0.5,0.001,1
