,L2,L2_true,N,std,jump,jump_prob,ve,dim
0,13.044154921387229,12.681352890726485,193,0.01,0.3,0.5,0.001,3
