,L2,L2_true,N,std,jump,jump_prob,ve,dim
0,3.0297051024851935,0.17303849076968927,1000,0.01,0.3,0.5,0.0025,1
