,L2,L2_true,N,std,jump,jump_prob,ve,dim
0,5.647726226193271,4.698270620566828,138,0.01,0.3,0.5,0.0025,2
