,L2,L2_true,N,std,jump,jump_prob,ve,dim
0,4.13665862317568,2.1755877806293356,10,0.01,0.3,0.5,0.01,2
