,L2,L2_true,N,std,jump,jump_prob,ve,dim
0,3.44365024605499,0.3609415147498747,43,0.01,0.3,0.5,0.01,1
