,L2,L2_true,N,std,jump,jump_prob,ve,dim
0,2.3934867058556026,2.318339565243627,7,0.05,0.3,0.5,0.001,1
