,L2,L2_true,N,std,jump,jump_prob,ve,dim
0,3.0603151428718456,0.43669128619646425,227,0.01,0.3,0.5,0.0025,1
