,L2,L2_true,N,std,jump,jump_prob,ve,dim
0,0.9681782412079767,0.9303409455784409,163,0.05,0.3,0.5,0.001,1
