,L2,L2_true,N,std,jump,jump_prob,ve,dim
0,3.0511769495197862,0.3368800838794687,268,0.01,0.3,0.5,0.0025,1
