,L2,L2_true,N,std,jump,jump_prob,ve,dim
0,5.753303258182459,4.819488140989699,163,0.01,0.3,0.5,0.0025,2
