,L2,L2_true,N,std,jump,jump_prob,ve,dim
0,3.366777974842528,1.5040569287008392,31,0.01,0.3,0.5,0.0025,1
