,L2,L2_true,N,std,jump,jump_prob,ve,dim
0,4.988812563447222,4.22553801092675,1637,0.01,0.3,0.5,0.001,2
