,L2,L2_true,N,std,jump,jump_prob,ve,dim
0,3.710123325496802,1.4314016067375288,1930,0.01,0.3,0.5,0.01,3
