,L2,L2_true,N,std,jump,jump_prob,ve,dim
0,4.267047292718582,2.9663154646865837,517,0.01,0.3,0.5,0.0025,2
