,L2,L2_true,N,std,jump,jump_prob,ve,dim
0,3.4302448907308833,0.24866293103763912,84,0.01,0.3,0.5,0.01,1
