,L2,L2_true,N,std,jump,jump_prob,ve,dim
0,1.8457954129499408,1.7268073215574653,5,0.05,0.3,0.5,0.001,1
