,L2,L2_true,N,std,jump,jump_prob,ve,dim
0,2.129054447890914,2.0447737437762146,7,0.05,0.3,0.5,0.001,1
