,L2,L2_true,N,std,jump,jump_prob,ve,dim
0,0.38814292362620484,0.314401044832094,1178,0.05,0.3,0.5,0.001,1
