,L2,L2_true,N,std,jump,jump_prob,ve,dim
0,3.433523730248199,0.18845755896894908,163,0.01,0.3,0.5,0.01,1
