,L2,L2_true,N,std,jump,jump_prob,ve,dim
0,5.094001061653908,3.678927587365719,31,0.01,0.3,0.5,0.01,3
