,L2,L2_true,N,std,jump,jump_prob,ve,dim
0,3.427019653079677,0.41828368573196884,51,0.01,0.3,0.5,0.01,1
