,L2,L2_true,N,std,jump,jump_prob,ve,dim
0,8.427049008457134,7.888215839233201,138,0.01,0.3,0.5,0.001,2
