,L2,L2_true,N,std,jump,jump_prob,ve,dim
0,1.495974795445343,1.491499767078034,3,0.2,0.3,0.5,0.001,1
