,L2,L2_true,N,std,jump,jump_prob,ve,dim
0,4.089097360730259,2.372785966859889,7,0.01,0.3,0.5,0.0025,1
