,L2,L2_true,N,std,jump,jump_prob,ve,dim
0,3.4332205702611884,0.24647400762245558,117,0.01,0.3,0.5,0.01,1
