,L2,L2_true,N,std,jump,jump_prob,ve,dim
0,7.48797302104483,6.703081600702956,61,0.01,0.3,0.5,0.0025,3
