,L2,L2_true,N,std,jump,jump_prob,ve,dim
0,0.7383944210324037,0.7030499223535337,227,0.05,0.3,0.5,0.001,1
