,L2,L2_true,N,std,jump,jump_prob,ve,dim
0,5.277372709634559,4.573147856883093,1389,0.01,0.3,0.5,0.001,2
