,L2,L2_true,N,std,jump,jump_prob,ve,dim
0,0.9062712278672844,0.9100764232150466,193,0.05,0.3,0.5,0.001,1
