,L2,L2_true,N,std,jump,jump_prob,ve,dim
0,5.773165088418043,4.8636639955192695,163,0.01,0.3,0.5,0.0025,2
