,L2,L2_true,N,std,jump,jump_prob,ve,dim
0,4.159238759588768,2.281773535466512,22,0.01,0.3,0.5,0.01,2
