,L2,L2_true,N,std,jump,jump_prob,ve,dim
0,6.863674525204516,6.319133919930801,719,0.01,0.3,0.5,0.001,2
