,L2,L2_true,N,std,jump,jump_prob,ve,dim
0,19.865709113728787,19.63278245649214,719,0.01,0.3,0.5,0.001,3
