,L2,L2_true,N,std,jump,jump_prob,ve,dim
0,3.8379204730156324,1.8668646196042906,2,0.01,0.3,0.5,0.0025,1
