,L2,L2_true,N,std,jump,jump_prob,ve,dim
0,5.061978188103993,3.999842852825152,268,0.01,0.3,0.5,0.0025,2
