,L2,L2_true,N,std,jump,jump_prob,ve,dim
0,0.5839766163530936,0.4942509160259055,439,0.05,0.3,0.5,0.001,1
