,L2,L2_true,N,std,jump,jump_prob,ve,dim
0,12.798728591580037,12.414372572093518,193,0.01,0.3,0.5,0.001,3
