,L2,L2_true,N,std,jump,jump_prob,ve,dim
0,3.566607838366373,2.3170732020809117,37,0.01,0.3,0.5,0.001,1
