,L2,L2_true,N,std,jump,jump_prob,ve,dim
0,4.046784237382789,2.182570283456166,848,0.01,0.3,0.5,0.01,3
