,L2,L2_true,N,std,jump,jump_prob,ve,dim
0,2.8939046072813754,1.2745232767904389,117,0.01,0.3,0.5,0.001,1
