,L2,L2_true,N,std,jump,jump_prob,ve,dim
0,5.415738748728892,4.24533350131302,19,0.01,0.3,0.5,0.0025,3
