,L2,L2_true,N,std,jump,jump_prob,ve,dim
0,3.905135159953524,2.0008339237451866,4,0.01,0.3,0.5,0.0025,2
