,L2,L2_true,N,std,jump,jump_prob,ve,dim
0,2.5019200441461718,2.501666422116027,8,0.2,0.3,0.5,0.001,1
