,L2,L2_true,N,std,jump,jump_prob,ve,dim
0,3.4451656818497813,1.4330894035056745,16,0.01,0.3,0.5,0.0025,1
