,L2,L2_true,N,std,jump,jump_prob,ve,dim
0,3.2435724869235067,1.129021860469464,3000,0.01,0.3,0.5,0.0025,2
