,L2,L2_true,N,std,jump,jump_prob,ve,dim
0,6.369791174629281,5.565254088433918,43,0.01,0.3,0.5,0.001,2
