,L2,L2_true,N,std,jump,jump_prob,ve,dim
0,6.0331817702587225,5.155548349731774,26,0.01,0.3,0.5,0.001,3
