,L2,L2_true,N,std,jump,jump_prob,ve,dim
0,0.7613242239301179,0.7171232354586053,227,0.05,0.3,0.5,0.001,1
