,L2,L2_true,N,std,jump,jump_prob,ve,dim
0,5.950827363285848,5.042232246397535,117,0.01,0.3,0.5,0.0025,2
