,L2,L2_true,N,std,jump,jump_prob,ve,dim
0,2.7061897178937078,2.6955815025903282,22,0.05,0.3,0.5,0.001,1
