,L2,L2_true,N,std,jump,jump_prob,ve,dim
0,3.4160123883385896,0.10948371847665733,372,0.01,0.3,0.5,0.01,1
