,L2,L2_true,N,std,jump,jump_prob,ve,dim
0,4.1673508495086615,2.2673358872158147,19,0.01,0.3,0.5,0.01,2
