,L2,L2_true,N,std,jump,jump_prob,ve,dim
0,2.964925181205663,1.4474316139318362,61,0.01,0.3,0.5,0.001,1
