,L2,L2_true,N,std,jump,jump_prob,ve,dim
0,3.4217746469366737,1.578760267013888,1637,0.01,0.3,0.5,0.0025,2
