,L2,L2_true,N,std,jump,jump_prob,ve,dim
0,3.6336660304532264,2.1562197249715345,16,0.01,0.3,0.5,0.001,1
