,L2,L2_true,N,std,jump,jump_prob,ve,dim
0,3.765072898130641,1.5419904241383522,100,0.01,0.3,0.5,0.01,2
