,L2,L2_true,N,std,jump,jump_prob,ve,dim
0,11.913916918257137,11.505815570365035,163,0.01,0.3,0.5,0.001,3
