,L2,L2_true,N,std,jump,jump_prob,ve,dim
0,1.8357198774207577,1.8338872565162632,7,0.2,0.3,0.5,0.001,1
