,L2,L2_true,N,std,jump,jump_prob,ve,dim
0,3.8623256337319565,1.7708525390507623,100,0.01,0.3,0.5,0.01,2
