,L2,L2_true,N,std,jump,jump_prob,ve,dim
0,0.3118914404942182,0.3119143877439407,1389,0.2,0.3,0.5,0.001,1
