,L2,L2_true,N,std,jump,jump_prob,ve,dim
0,4.3082889163419535,2.6889474854237454,8,0.01,0.3,0.5,0.0025,2
