,L2,L2_true,N,std,jump,jump_prob,ve,dim
0,8.838925816212303,8.339174453968823,163,0.01,0.3,0.5,0.001,2
