,L2,L2_true,N,std,jump,jump_prob,ve,dim
0,3.815531644571607,1.6741116829039973,84,0.01,0.3,0.5,0.01,2
