,L2,L2_true,N,std,jump,jump_prob,ve,dim
0,7.6079465376673285,7.095605487394418,517,0.01,0.3,0.5,0.001,2
