,L2,L2_true,N,std,jump,jump_prob,ve,dim
0,2.656160173255891,0.5310972236844094,227,0.01,0.3,0.5,0.001,1
