,L2,L2_true,N,std,jump,jump_prob,ve,dim
0,2.617573521898439,0.21498615672240787,1389,0.01,0.3,0.5,0.001,1
