,L2,L2_true,N,std,jump,jump_prob,ve,dim
0,4.283023785481554,2.6561075369959184,7,0.01,0.3,0.5,0.0025,3
