,L2,L2_true,N,std,jump,jump_prob,ve,dim
0,9.474835637901165,8.871582282499299,117,0.01,0.3,0.5,0.0025,3
