,L2,L2_true,N,std,jump,jump_prob,ve,dim
0,12.190532124006943,11.749090890367441,372,0.01,0.3,0.5,0.0025,3
