,L2,L2_true,N,std,jump,jump_prob,ve,dim
0,8.116239992118615,7.541892956728574,117,0.01,0.3,0.5,0.001,2
