,L2,L2_true,N,std,jump,jump_prob,ve,dim
0,14.236915974878903,13.909591622435018,268,0.01,0.3,0.5,0.001,3
