,L2,L2_true,N,std,jump,jump_prob,ve,dim
0,5.323125232840823,4.065006558523171,163,0.01,0.3,0.5,0.01,3
