,L2,L2_true,N,std,jump,jump_prob,ve,dim
0,5.188590571902345,4.129994994157892,16,0.01,0.3,0.5,0.001,3
