,L2,L2_true,N,std,jump,jump_prob,ve,dim
0,1.703573493912254,1.7033194332998725,61,0.2,0.3,0.5,0.001,1
