,L2,L2_true,N,std,jump,jump_prob,ve,dim
0,2.4287176698431,2.3836113830129464,26,0.05,0.3,0.5,0.001,1
