,L2,L2_true,N,std,jump,jump_prob,ve,dim
0,5.557667004004966,4.596462565700744,193,0.01,0.3,0.5,0.0025,2
