,L2,L2_true,N,std,jump,jump_prob,ve,dim
0,4.08113198162214,2.1888526660773286,848,0.01,0.3,0.5,0.01,3
