,L2,L2_true,N,std,jump,jump_prob,ve,dim
0,4.105584926075549,2.116638648446612,13,0.01,0.3,0.5,0.01,2
