,L2,L2_true,N,std,jump,jump_prob,ve,dim
0,2.686252977522691,2.684471352935434,11,0.2,0.3,0.5,0.001,1
