,L2,L2_true,N,std,jump,jump_prob,ve,dim
0,2.6386788028686734,0.23656979908096806,1389,0.01,0.3,0.5,0.001,1
