,L2,L2_true,N,std,jump,jump_prob,ve,dim
0,3.0468671486611396,0.304370556542598,227,0.01,0.3,0.5,0.0025,1
