,L2,L2_true,N,std,jump,jump_prob,ve,dim
0,3.5422184471418756,0.9611176285236572,19,0.01,0.3,0.5,0.01,1
