,L2,L2_true,N,std,jump,jump_prob,ve,dim
0,1.643176731197898,1.6452499561945049,4,0.2,0.3,0.5,0.001,1
