,L2,L2_true,N,std,jump,jump_prob,ve,dim
0,1.6788833262500893,1.679322577809753,61,0.2,0.3,0.5,0.001,1
