,L2,L2_true,N,std,jump,jump_prob,ve,dim
0,10.47050508200516,9.994710191824108,117,0.01,0.3,0.5,0.001,3
