,L2,L2_true,N,std,jump,jump_prob,ve,dim
0,11.85619822346188,11.43425870154938,163,0.01,0.3,0.5,0.001,3
