,L2,L2_true,N,std,jump,jump_prob,ve,dim
0,7.161037466251183,6.437580768409852,43,0.01,0.3,0.5,0.001,3
