,L2,L2_true,N,std,jump,jump_prob,ve,dim
0,4.271668996421191,2.912003924931387,7,0.01,0.3,0.5,0.001,2
