,L2,L2_true,N,std,jump,jump_prob,ve,dim
0,22.006796345564393,21.801922168094542,1000,0.01,0.3,0.5,0.001,3
