,L2,L2_true,N,std,jump,jump_prob,ve,dim
0,0.4801560230449826,0.48137231067058384,719,0.2,0.3,0.5,0.001,1
