,L2,L2_true,N,std,jump,jump_prob,ve,dim
0,11.166960499911083,10.726397653236157,1930,0.01,0.3,0.5,0.0025,3
