,L2,L2_true,N,std,jump,jump_prob,ve,dim
0,6.240788445262847,5.378701836552645,117,0.01,0.3,0.5,0.0025,2
