,L2,L2_true,N,std,jump,jump_prob,ve,dim
0,4.169969896367387,2.8444034962935327,517,0.01,0.3,0.5,0.0025,2
