,L2,L2_true,N,std,jump,jump_prob,ve,dim
0,2.9739835810012014,2.973264479973402,16,0.2,0.3,0.5,0.001,1
