,L2,L2_true,N,std,jump,jump_prob,ve,dim
0,4.008130800818638,2.482419000228909,5,0.01,0.3,0.5,0.001,2
