,L2,L2_true,N,std,jump,jump_prob,ve,dim
0,1.4890947886126888,1.4897459117159753,4,0.2,0.3,0.5,0.001,1
