,L2,L2_true,N,std,jump,jump_prob,ve,dim
0,15.226076977375243,14.913838369629485,316,0.01,0.3,0.5,0.001,3
