,L2,L2_true,N,std,jump,jump_prob,ve,dim
0,3.4432651045326153,0.29557961649612385,71,0.01,0.3,0.5,0.01,1
