,L2,L2_true,N,std,jump,jump_prob,ve,dim
0,1.3499852554401128,1.1784865787615209,1,0.05,0.3,0.5,0.001,1
