,L2,L2_true,N,std,jump,jump_prob,ve,dim
0,3.1234007162609196,0.7315223881002623,71,0.01,0.3,0.5,0.0025,1
