,L2,L2_true,N,std,jump,jump_prob,ve,dim
0,5.993184747012174,5.368797942884452,1000,0.01,0.3,0.5,0.001,2
