,L2,L2_true,N,std,jump,jump_prob,ve,dim
0,0.2829129701392614,0.2837915977386094,1637,0.2,0.3,0.5,0.001,1
