,L2,L2_true,N,std,jump,jump_prob,ve,dim
0,3.3954424710438924,1.548224147474457,1637,0.01,0.3,0.5,0.0025,2
