,L2,L2_true,N,std,jump,jump_prob,ve,dim
0,8.705765622809727,8.20167432374007,193,0.01,0.3,0.5,0.001,2
