,L2,L2_true,N,std,jump,jump_prob,ve,dim
0,3.717486689359223,1.1360096903396395,2,0.01,0.3,0.5,0.01,3
