,L2,L2_true,N,std,jump,jump_prob,ve,dim
0,9.783100746588076,9.271954669598964,100,0.01,0.3,0.5,0.001,3
