,L2,L2_true,N,std,jump,jump_prob,ve,dim
0,3.072214191878525,0.5479659950023614,138,0.01,0.3,0.5,0.0025,1
