,L2,L2_true,N,std,jump,jump_prob,ve,dim
0,2.1400653802725724,2.053535747522049,6,0.05,0.3,0.5,0.001,1
