,L2,L2_true,N,std,jump,jump_prob,ve,dim
0,2.610314847482865,2.6080349270419574,26,0.2,0.3,0.5,0.001,1
