,L2,L2_true,N,std,jump,jump_prob,ve,dim
0,3.998539213796287,2.0672508993472563,1000,0.01,0.3,0.5,0.01,3
