,L2,L2_true,N,std,jump,jump_prob,ve,dim
0,4.233143985474493,2.4333520808761584,37,0.01,0.3,0.5,0.01,2
