,L2,L2_true,N,std,jump,jump_prob,ve,dim
0,0.3781222076628544,0.3706806106730524,1,0.2,0.3,0.5,0.001,1
