,L2,L2_true,N,std,jump,jump_prob,ve,dim
0,1.3480697314774257,1.1771648228311438,1,0.05,0.3,0.5,0.001,1
