,L2,L2_true,N,std,jump,jump_prob,ve,dim
0,5.432486432736389,4.174399250076315,117,0.01,0.3,0.5,0.01,3
