,L2,L2_true,N,std,jump,jump_prob,ve,dim
0,3.695385360896307,1.2208113707374795,5,0.01,0.3,0.5,0.01,1
