,L2,L2_true,N,std,jump,jump_prob,ve,dim
0,3.0239599811762754,0.27353917925389226,372,0.01,0.3,0.5,0.0025,1
