,L2,L2_true,N,std,jump,jump_prob,ve,dim
0,24.53161390364935,24.356918538490024,2275,0.01,0.3,0.5,0.001,3
