,L2,L2_true,N,std,jump,jump_prob,ve,dim
0,4.611842205138997,3.385423055160622,10,0.01,0.3,0.5,0.001,3
