,L2,L2_true,N,std,jump,jump_prob,ve,dim
0,11.538192596285997,11.068934291965249,268,0.01,0.3,0.5,0.0025,3
