,L2,L2_true,N,std,jump,jump_prob,ve,dim
0,3.4725934627634416,0.5904669828067448,610,0.01,0.3,0.5,0.01,2
