,L2,L2_true,N,std,jump,jump_prob,ve,dim
0,1.1361208782041938,1.1319856889773037,2,0.2,0.3,0.5,0.001,1
