,L2,L2_true,N,std,jump,jump_prob,ve,dim
0,3.0367744471243867,0.12051911337791998,1637,0.01,0.3,0.5,0.0025,1
