,L2,L2_true,N,std,jump,jump_prob,ve,dim
0,3.412958897065703,0.05037261415121306,1930,0.01,0.3,0.5,0.01,1
