,L2,L2_true,N,std,jump,jump_prob,ve,dim
0,10.294834336128025,9.753849943827207,163,0.01,0.3,0.5,0.0025,3
