,L2,L2_true,N,std,jump,jump_prob,ve,dim
0,1.922190812255595,1.9022524840371016,51,0.05,0.3,0.5,0.001,1
