,L2,L2_true,N,std,jump,jump_prob,ve,dim
0,3.6090550882104844,0.7450261844559176,1,0.01,0.3,0.5,0.01,1
