,L2,L2_true,N,std,jump,jump_prob,ve,dim
0,3.646566613764931,0.990877898987465,5,0.01,0.3,0.5,0.01,1
