,L2,L2_true,N,std,jump,jump_prob,ve,dim
0,3.6360783120067395,0.9636115806161992,2,0.01,0.3,0.5,0.01,1
