,L2,L2_true,N,std,jump,jump_prob,ve,dim
0,6.442057464935366,5.566935140875406,61,0.01,0.3,0.5,0.0025,2
