,L2,L2_true,N,std,jump,jump_prob,ve,dim
0,2.2151984110875946,2.1295927819863145,6,0.05,0.3,0.5,0.001,1
