,L2,L2_true,N,std,jump,jump_prob,ve,dim
0,4.14260297134751,2.16162441263941,10,0.01,0.3,0.5,0.01,2
