,L2,L2_true,N,std,jump,jump_prob,ve,dim
0,4.5847203851104945,3.3434071863124992,10,0.01,0.3,0.5,0.001,3
