,L2,L2_true,N,std,jump,jump_prob,ve,dim
0,3.4140775793008324,0.047610963577848976,1930,0.01,0.3,0.5,0.01,1
