,L2,L2_true,N,std,jump,jump_prob,ve,dim
0,3.7174205703679575,1.269471576702361,4,0.01,0.3,0.5,0.01,1
