,L2,L2_true,N,std,jump,jump_prob,ve,dim
0,2.4901709402691345,2.4196984235129277,19,0.05,0.3,0.5,0.001,1
