,L2,L2_true,N,std,jump,jump_prob,ve,dim
0,3.7085681108829402,1.3988327090761856,117,0.01,0.3,0.5,0.01,2
