,L2,L2_true,N,std,jump,jump_prob,ve,dim
0,2.0044472014799575,2.0051957479556726,16,0.2,0.3,0.5,0.001,1
