,L2,L2_true,N,std,jump,jump_prob,ve,dim
0,2.81432494869628,1.0410055847679236,84,0.01,0.3,0.5,0.001,1
