,L2,L2_true,N,std,jump,jump_prob,ve,dim
0,3.469294996378556,0.49647730273262164,26,0.01,0.3,0.5,0.01,1
