,L2,L2_true,N,std,jump,jump_prob,ve,dim
0,2.9244137806601382,1.3628163805427373,84,0.01,0.3,0.5,0.001,1
