,L2,L2_true,N,std,jump,jump_prob,ve,dim
0,4.007859898580433,2.1611793018687004,5,0.01,0.3,0.5,0.0025,2
