,L2,L2_true,N,std,jump,jump_prob,ve,dim
0,4.661731690874015,3.5009433447285305,372,0.01,0.3,0.5,0.0025,2
