,L2,L2_true,N,std,jump,jump_prob,ve,dim
0,8.35409391705703,7.8446840907320485,227,0.01,0.3,0.5,0.001,2
