,L2,L2_true,N,std,jump,jump_prob,ve,dim
0,4.127022118410379,2.6956855341526027,6,0.01,0.3,0.5,0.001,2
