,L2,L2_true,N,std,jump,jump_prob,ve,dim
0,0.2855927589828874,0.2223137048052124,1930,0.05,0.3,0.5,0.001,1
