,L2,L2_true,N,std,jump,jump_prob,ve,dim
0,4.200399663620331,2.2893318773480353,11,0.01,0.3,0.5,0.01,2
