,L2,L2_true,N,std,jump,jump_prob,ve,dim
0,4.434203765485222,2.905346859480681,10,0.01,0.3,0.5,0.0025,2
