,L2,L2_true,N,std,jump,jump_prob,ve,dim
0,3.633784974433144,1.8077107851859884,1,0.01,0.3,0.5,0.001,2
