,L2,L2_true,N,std,jump,jump_prob,ve,dim
0,3.4910016966618795,0.6755071261658098,19,0.01,0.3,0.5,0.01,1
