,L2,L2_true,N,std,jump,jump_prob,ve,dim
0,4.062496590970469,2.585295265616874,5,0.01,0.3,0.5,0.001,2
