,L2,L2_true,N,std,jump,jump_prob,ve,dim
0,2.3382906724344705,2.339037925013066,11,0.2,0.3,0.5,0.001,1
