,L2,L2_true,N,std,jump,jump_prob,ve,dim
0,12.662161952506652,12.259287086747769,1000,0.01,0.3,0.5,0.0025,3
