,L2,L2_true,N,std,jump,jump_prob,ve,dim
0,4.17290899048625,2.3681038862692474,719,0.01,0.3,0.5,0.01,3
