,L2,L2_true,N,std,jump,jump_prob,ve,dim
0,2.6306882579203514,0.32857267827602865,848,0.01,0.3,0.5,0.001,1
