,L2,L2_true,N,std,jump,jump_prob,ve,dim
0,3.527359037724555,0.8924474483505265,268,0.01,0.3,0.5,0.01,2
