,L2,L2_true,N,std,jump,jump_prob,ve,dim
0,3.284334904393197,1.2055155940832651,43,0.01,0.3,0.5,0.0025,1
