,L2,L2_true,N,std,jump,jump_prob,ve,dim
0,8.882835230688201,8.373889131219892,163,0.01,0.3,0.5,0.001,2
