,L2,L2_true,N,std,jump,jump_prob,ve,dim
0,5.870129174275365,4.965749932914852,163,0.01,0.3,0.5,0.0025,2
