,L2,L2_true,N,std,jump,jump_prob,ve,dim
0,3.4208234073572386,0.16208201883247594,372,0.01,0.3,0.5,0.01,1
