,L2,L2_true,N,std,jump,jump_prob,ve,dim
0,1.2080034810574394,1.2085461818268584,100,0.2,0.3,0.5,0.001,1
