,L2,L2_true,N,std,jump,jump_prob,ve,dim
0,3.0308471823434404,0.22319941306220084,610,0.01,0.3,0.5,0.0025,1
