,L2,L2_true,N,std,jump,jump_prob,ve,dim
0,2.7855165995561095,2.780722569582103,61,0.05,0.3,0.5,0.001,1
