,L2,L2_true,N,std,jump,jump_prob,ve,dim
0,3.6750407115737804,1.3353666886819033,138,0.01,0.3,0.5,0.01,2
