,L2,L2_true,N,std,jump,jump_prob,ve,dim
0,3.04071281643612,0.09436643887644144,3162,0.01,0.3,0.5,0.0025,1
