,L2,L2_true,N,std,jump,jump_prob,ve,dim
0,3.4314415607817486,0.3033169938687653,61,0.01,0.3,0.5,0.01,1
