,L2,L2_true,N,std,jump,jump_prob,ve,dim
0,3.627224054655305,0.9069569805593778,3,0.01,0.3,0.5,0.01,1
