,L2,L2_true,N,std,jump,jump_prob,ve,dim
0,14.414767611170308,14.080377256234053,268,0.01,0.3,0.5,0.001,3
