,L2,L2_true,N,std,jump,jump_prob,ve,dim
0,5.890426359412229,5.006871113245868,193,0.01,0.3,0.5,0.0025,2
