,L2,L2_true,N,std,jump,jump_prob,ve,dim
0,5.100661198006134,3.752036046430982,227,0.01,0.3,0.5,0.01,3
