,L2,L2_true,N,std,jump,jump_prob,ve,dim
0,8.126459897246903,7.503195720709797,61,0.01,0.3,0.5,0.001,3
