,L2,L2_true,N,std,jump,jump_prob,ve,dim
0,2.849469393024593,1.15300678363676,100,0.01,0.3,0.5,0.001,1
