,L2,L2_true,N,std,jump,jump_prob,ve,dim
0,8.096547076299396,7.510174518251265,100,0.01,0.3,0.5,0.001,2
