,L2,L2_true,N,std,jump,jump_prob,ve,dim
0,3.4422316637233092,0.35730411263784395,37,0.01,0.3,0.5,0.01,1
