,L2,L2_true,N,std,jump,jump_prob,ve,dim
0,3.8544774687663668,2.4473408221509088,16,0.01,0.3,0.5,0.001,1
