,L2,L2_true,N,std,jump,jump_prob,ve,dim
0,5.071461210858153,3.6532017551386797,31,0.01,0.3,0.5,0.01,3
