,L2,L2_true,N,std,jump,jump_prob,ve,dim
0,5.594639682739602,4.9277891305165715,1178,0.01,0.3,0.5,0.001,2
