,L2,L2_true,N,std,jump,jump_prob,ve,dim
0,1.7707892936677758,1.6515305113969887,3,0.05,0.3,0.5,0.001,1
