,L2,L2_true,N,std,jump,jump_prob,ve,dim
0,5.317660478854244,4.297842269370342,19,0.01,0.3,0.5,0.001,2
