,L2,L2_true,N,std,jump,jump_prob,ve,dim
0,3.632319284626909,1.32930469963728,1,0.01,0.3,0.5,0.0025,1
