,L2,L2_true,N,std,jump,jump_prob,ve,dim
0,24.59511399777526,24.418503877924014,2275,0.01,0.3,0.5,0.001,3
