,L2,L2_true,N,std,jump,jump_prob,ve,dim
0,2.6601139313405664,0.4920312453199816,372,0.01,0.3,0.5,0.001,1
