,L2,L2_true,N,std,jump,jump_prob,ve,dim
0,5.455620524303076,4.207078820745675,138,0.01,0.3,0.5,0.01,3
