,L2,L2_true,N,std,jump,jump_prob,ve,dim
0,3.462866729148974,0.604653254198858,610,0.01,0.3,0.5,0.01,2
