,L2,L2_true,N,std,jump,jump_prob,ve,dim
0,1.4505876343973956,1.3039600312794952,2,0.05,0.3,0.5,0.001,1
