,L2,L2_true,N,std,jump,jump_prob,ve,dim
0,4.250657439690071,2.4542197071391607,31,0.01,0.3,0.5,0.01,2
