,L2,L2_true,N,std,jump,jump_prob,ve,dim
0,2.626542294676437,0.20928953015342416,1637,0.01,0.3,0.5,0.001,1
