,L2,L2_true,N,std,jump,jump_prob,ve,dim
0,5.149897153817686,3.834605088642424,227,0.01,0.3,0.5,0.01,3
