,L2,L2_true,N,std,jump,jump_prob,ve,dim
0,3.0475828595373504,0.3075298092599416,268,0.01,0.3,0.5,0.0025,1
