,L2,L2_true,N,std,jump,jump_prob,ve,dim
0,2.584858646028081,2.541099464620672,10,0.05,0.3,0.5,0.001,1
