,L2,L2_true,N,std,jump,jump_prob,ve,dim
0,25.281952650052624,25.13446863805939,3000,0.01,0.3,0.5,0.001,3
