,L2,L2_true,N,std,jump,jump_prob,ve,dim
0,4.050521081566378,2.008502341314318,19,0.01,0.3,0.5,0.01,2
