,L2,L2_true,N,std,jump,jump_prob,ve,dim
0,0.20557339490850776,0.20604515446710048,3162,0.2,0.3,0.5,0.001,1
