,L2,L2_true,N,std,jump,jump_prob,ve,dim
0,4.249561160882481,2.3763252586397994,10,0.01,0.3,0.5,0.01,3
