,L2,L2_true,N,std,jump,jump_prob,ve,dim
0,3.509506489972748,0.7830563592924105,372,0.01,0.3,0.5,0.01,2
