,L2,L2_true,N,std,jump,jump_prob,ve,dim
0,3.9519558512223374,1.9759734241316442,71,0.01,0.3,0.5,0.01,2
