,L2,L2_true,N,std,jump,jump_prob,ve,dim
0,19.356989001063432,19.129614399152985,610,0.01,0.3,0.5,0.001,3
