,L2,L2_true,N,std,jump,jump_prob,ve,dim
0,3.660779618341833,0.9793845414224697,3,0.01,0.3,0.5,0.01,1
