,L2,L2_true,N,std,jump,jump_prob,ve,dim
0,3.237651143787564,1.1298738218714812,3000,0.01,0.3,0.5,0.0025,2
