,L2,L2_true,N,std,jump,jump_prob,ve,dim
0,3.755349985885327,1.403444990627977,5,0.01,0.3,0.5,0.01,1
