,L2,L2_true,N,std,jump,jump_prob,ve,dim
0,3.0759084239737513,0.49072671729434547,163,0.01,0.3,0.5,0.0025,1
