,L2,L2_true,N,std,jump,jump_prob,ve,dim
0,1.092383599724824,1.0931556025627236,138,0.2,0.3,0.5,0.001,1
