,L2,L2_true,N,std,jump,jump_prob,ve,dim
0,2.389088761900868,2.385280658791805,6,0.2,0.3,0.5,0.001,1
