,L2,L2_true,N,std,jump,jump_prob,ve,dim
0,2.7178518809129346,0.7175859498591161,193,0.01,0.3,0.5,0.001,1
