,L2,L2_true,N,std,jump,jump_prob,ve,dim
0,4.5705324407789725,3.0117558336028187,439,0.01,0.3,0.5,0.01,3
