,L2,L2_true,N,std,jump,jump_prob,ve,dim
0,3.055809785667133,0.3401398507146548,372,0.01,0.3,0.5,0.0025,1
