,L2,L2_true,N,std,jump,jump_prob,ve,dim
0,18.321903907500968,18.06045379102557,610,0.01,0.3,0.5,0.001,3
