,L2,L2_true,N,std,jump,jump_prob,ve,dim
0,4.426095535103473,2.8085430127533457,517,0.01,0.3,0.5,0.01,3
