,L2,L2_true,N,std,jump,jump_prob,ve,dim
0,3.448870777377814,1.6196736943901295,31,0.01,0.3,0.5,0.0025,1
