,L2,L2_true,N,std,jump,jump_prob,ve,dim
0,0.875281055509216,0.8753216633414919,193,0.2,0.3,0.5,0.001,1
