,L2,L2_true,N,std,jump,jump_prob,ve,dim
0,0.2996303655959508,0.19926332331951802,2682,0.05,0.3,0.5,0.001,1
