,L2,L2_true,N,std,jump,jump_prob,ve,dim
0,3.4126361360929334,0.06906939589115431,2682,0.01,0.3,0.5,0.01,1
