,L2,L2_true,N,std,jump,jump_prob,ve,dim
0,1.7607969400473054,1.7608757577390324,51,0.2,0.3,0.5,0.001,1
