,L2,L2_true,N,std,jump,jump_prob,ve,dim
0,2.4889178685080093,2.4894730502471107,13,0.2,0.3,0.5,0.001,1
