,L2,L2_true,N,std,jump,jump_prob,ve,dim
0,1.5216825979472979,1.5025919242178767,84,0.05,0.3,0.5,0.001,1
