,L2,L2_true,N,std,jump,jump_prob,ve,dim
0,12.621827169720616,12.227331243191433,1389,0.01,0.3,0.5,0.0025,3
