,L2,L2_true,N,std,jump,jump_prob,ve,dim
0,4.196065237280068,2.503035538485204,6,0.01,0.3,0.5,0.0025,3
