,L2,L2_true,N,std,jump,jump_prob,ve,dim
0,4.392463134395291,2.8221465015478837,8,0.01,0.3,0.5,0.0025,3
