,L2,L2_true,N,std,jump,jump_prob,ve,dim
0,0.38045104308011884,0.28848266143394846,1178,0.05,0.3,0.5,0.001,1
