,L2,L2_true,N,std,jump,jump_prob,ve,dim
0,0.32754948522936383,0.3280438285201084,1000,0.2,0.3,0.5,0.001,1
