,L2,L2_true,N,std,jump,jump_prob,ve,dim
0,12.175533646378039,11.764314122038742,1178,0.01,0.3,0.5,0.0025,3
