,L2,L2_true,N,std,jump,jump_prob,ve,dim
0,5.395667145150863,4.131486994274821,163,0.01,0.3,0.5,0.01,3
