,L2,L2_true,N,std,jump,jump_prob,ve,dim
0,5.118606913988233,3.905301548667422,26,0.01,0.3,0.5,0.0025,2
