,L2,L2_true,N,std,jump,jump_prob,ve,dim
0,10.612841398769442,10.089448268231157,193,0.01,0.3,0.5,0.0025,3
