,L2,L2_true,N,std,jump,jump_prob,ve,dim
0,3.6213846038696325,1.3286969554209271,1,0.01,0.3,0.5,0.0025,1
