,L2,L2_true,N,std,jump,jump_prob,ve,dim
0,4.267504043307884,2.6517479332282625,7,0.01,0.3,0.5,0.0025,1
