,L2,L2_true,N,std,jump,jump_prob,ve,dim
0,3.418488059381889,0.27737544442102346,100,0.01,0.3,0.5,0.01,1
