,L2,L2_true,N,std,jump,jump_prob,ve,dim
0,4.822600443636086,3.7177366371939993,316,0.01,0.3,0.5,0.0025,2
