,L2,L2_true,N,std,jump,jump_prob,ve,dim
0,5.027420586219257,3.735823314644893,16,0.01,0.3,0.5,0.0025,3
