,L2,L2_true,N,std,jump,jump_prob,ve,dim
0,3.768495812196521,1.5415211596043483,100,0.01,0.3,0.5,0.01,2
