,L2,L2_true,N,std,jump,jump_prob,ve,dim
0,3.6706789658518284,2.04460535689122,1000,0.01,0.3,0.5,0.0025,2
