,L2,L2_true,N,std,jump,jump_prob,ve,dim
0,3.985210386998965,2.032657197615353,1000,0.01,0.3,0.5,0.01,3
