,L2,L2_true,N,std,jump,jump_prob,ve,dim
0,10.796977923958327,10.279350842653255,193,0.01,0.3,0.5,0.0025,3
