,L2,L2_true,N,std,jump,jump_prob,ve,dim
0,1.1871908679733096,1.1884634057945356,3,0.2,0.3,0.5,0.001,1
