,L2,L2_true,N,std,jump,jump_prob,ve,dim
0,5.169547437701437,3.7989829429422857,43,0.01,0.3,0.5,0.01,3
