,L2,L2_true,N,std,jump,jump_prob,ve,dim
0,3.8002267339182154,1.3078404196914577,2,0.01,0.3,0.5,0.01,1
