,L2,L2_true,N,std,jump,jump_prob,ve,dim
0,3.547760747649955,1.5068014655342261,16,0.01,0.3,0.5,0.0025,1
