,L2,L2_true,N,std,jump,jump_prob,ve,dim
0,3.2156345711170404,1.0475248297812663,43,0.01,0.3,0.5,0.0025,1
