,L2,L2_true,N,std,jump,jump_prob,ve,dim
0,8.255282819653946,7.678416205489252,100,0.01,0.3,0.5,0.001,2
