,L2,L2_true,N,std,jump,jump_prob,ve,dim
0,2.582348415975093,2.5715863306758857,19,0.05,0.3,0.5,0.001,1
