,L2,L2_true,N,std,jump,jump_prob,ve,dim
0,11.001109261460195,10.553905538079286,138,0.01,0.3,0.5,0.001,3
