,L2,L2_true,N,std,jump,jump_prob,ve,dim
0,3.4446816267625646,2.094537182568806,43,0.01,0.3,0.5,0.001,1
