,L2,L2_true,N,std,jump,jump_prob,ve,dim
0,3.637189039608716,1.0216067952777332,7,0.01,0.3,0.5,0.01,1
