,L2,L2_true,N,std,jump,jump_prob,ve,dim
0,5.014872962385797,3.579003988482458,26,0.01,0.3,0.5,0.01,3
