,L2,L2_true,N,std,jump,jump_prob,ve,dim
0,0.6695120321053715,0.6701713275056269,316,0.2,0.3,0.5,0.001,1
