,L2,L2_true,N,std,jump,jump_prob,ve,dim
0,6.062481570072739,5.43838138420707,1000,0.01,0.3,0.5,0.001,2
