,L2,L2_true,N,std,jump,jump_prob,ve,dim
0,3.8844158322990685,1.6247396919800678,4,0.01,0.3,0.5,0.01,3
