,L2,L2_true,N,std,jump,jump_prob,ve,dim
0,7.5614363283045725,6.880779661859486,51,0.01,0.3,0.5,0.001,3
