,L2,L2_true,N,std,jump,jump_prob,ve,dim
0,7.5570738090093,6.875160697481196,51,0.01,0.3,0.5,0.001,3
