,L2,L2_true,N,std,jump,jump_prob,ve,dim
0,6.7530723752126,6.000539757612347,51,0.01,0.3,0.5,0.001,2
