,L2,L2_true,N,std,jump,jump_prob,ve,dim
0,2.4999621698041623,2.450495442005023,8,0.05,0.3,0.5,0.001,1
