,L2,L2_true,N,std,jump,jump_prob,ve,dim
0,6.035416134676219,5.085076822602461,51,0.01,0.3,0.5,0.0025,2
