,L2,L2_true,N,std,jump,jump_prob,ve,dim
0,0.5213386176528553,0.49823407386570934,517,0.05,0.3,0.5,0.001,1
