,L2,L2_true,N,std,jump,jump_prob,ve,dim
0,3.481879673481513,0.693729843961235,31,0.01,0.3,0.5,0.01,1
