,L2,L2_true,N,std,jump,jump_prob,ve,dim
0,3.6445075903061186,1.4436667186772694,2,0.01,0.3,0.5,0.0025,1
