,L2,L2_true,N,std,jump,jump_prob,ve,dim
0,3.4083248683037857,0.14589770033191798,193,0.01,0.3,0.5,0.01,1
