,L2,L2_true,N,std,jump,jump_prob,ve,dim
0,3.960239476629572,2.0132787602610276,1000,0.01,0.3,0.5,0.01,3
