,L2,L2_true,N,std,jump,jump_prob,ve,dim
0,3.702766018829289,1.3896677606258852,138,0.01,0.3,0.5,0.01,2
