,L2,L2_true,N,std,jump,jump_prob,ve,dim
0,4.181546804870016,2.2417660805829356,8,0.01,0.3,0.5,0.01,3
