,L2,L2_true,N,std,jump,jump_prob,ve,dim
0,9.780345402024563,9.274019448475128,100,0.01,0.3,0.5,0.001,3
