,L2,L2_true,N,std,jump,jump_prob,ve,dim
0,2.6121729791888373,0.21706693259653467,1178,0.01,0.3,0.5,0.001,1
