,L2,L2_true,N,std,jump,jump_prob,ve,dim
0,3.6990993950189064,1.414738891335682,2000,0.01,0.3,0.5,0.01,3
