,L2,L2_true,N,std,jump,jump_prob,ve,dim
0,3.802501723936142,1.5955252180796353,100,0.01,0.3,0.5,0.01,2
