,L2,L2_true,N,std,jump,jump_prob,ve,dim
0,0.6945631497933223,0.6940568205746199,316,0.2,0.3,0.5,0.001,1
