,L2,L2_true,N,std,jump,jump_prob,ve,dim
0,3.405706996491725,0.12821616360239038,719,0.01,0.3,0.5,0.01,1
