,L2,L2_true,N,std,jump,jump_prob,ve,dim
0,5.692100544206425,4.752178981157927,22,0.01,0.3,0.5,0.001,2
