,L2,L2_true,N,std,jump,jump_prob,ve,dim
0,4.272947981064466,2.446562808460136,19,0.01,0.3,0.5,0.01,2
