,L2,L2_true,N,std,jump,jump_prob,ve,dim
0,3.0352459891524335,0.15379523199691725,1389,0.01,0.3,0.5,0.0025,1
