,L2,L2_true,N,std,jump,jump_prob,ve,dim
0,3.8088473315383884,2.298135719058089,848,0.01,0.3,0.5,0.0025,2
