,L2,L2_true,N,std,jump,jump_prob,ve,dim
0,5.815429491957422,4.821969846288539,61,0.01,0.3,0.5,0.0025,2
