,L2,L2_true,N,std,jump,jump_prob,ve,dim
0,0.7412948319293614,0.7099978534995757,227,0.05,0.3,0.5,0.001,1
