,L2,L2_true,N,std,jump,jump_prob,ve,dim
0,12.55911161093182,12.170855763465498,193,0.01,0.3,0.5,0.001,3
