,L2,L2_true,N,std,jump,jump_prob,ve,dim
0,0.728317350992166,0.6912604597368386,227,0.05,0.3,0.5,0.001,1
