,L2,L2_true,N,std,jump,jump_prob,ve,dim
0,2.6147965074783253,0.24215292311850894,1000,0.01,0.3,0.5,0.001,1
