,L2,L2_true,N,std,jump,jump_prob,ve,dim
0,5.534136986634483,4.320568174363551,138,0.01,0.3,0.5,0.01,3
