,L2,L2_true,N,std,jump,jump_prob,ve,dim
0,4.361379484504863,2.5844096918381987,11,0.01,0.3,0.5,0.01,3
