,L2,L2_true,N,std,jump,jump_prob,ve,dim
0,3.5995210874030006,2.1923217193020483,22,0.01,0.3,0.5,0.001,1
