,L2,L2_true,N,std,jump,jump_prob,ve,dim
0,3.446572674023148,0.4690703969210805,1000,0.01,0.3,0.5,0.01,2
