,L2,L2_true,N,std,jump,jump_prob,ve,dim
0,4.596502365962783,3.369862180951192,10,0.01,0.3,0.5,0.001,2
