,L2,L2_true,N,std,jump,jump_prob,ve,dim
0,2.655238135737954,0.46600766734565247,268,0.01,0.3,0.5,0.001,1
