,L2,L2_true,N,std,jump,jump_prob,ve,dim
0,2.5651813769310388,2.5270241379282576,11,0.05,0.3,0.5,0.001,1
