,L2,L2_true,N,std,jump,jump_prob,ve,dim
0,4.298298373265104,2.5952784174014405,610,0.01,0.3,0.5,0.01,3
