,L2,L2_true,N,std,jump,jump_prob,ve,dim
0,3.551980614689811,0.8900867040774181,22,0.01,0.3,0.5,0.01,1
