,L2,L2_true,N,std,jump,jump_prob,ve,dim
0,3.6749279140283475,1.3405309929068356,138,0.01,0.3,0.5,0.01,2
