,L2,L2_true,N,std,jump,jump_prob,ve,dim
0,1.3496592484694985,1.1782127177932706,1,0.05,0.3,0.5,0.001,1
