,L2,L2_true,N,std,jump,jump_prob,ve,dim
0,12.278487561666626,11.872790487300756,1000,0.01,0.3,0.5,0.0025,3
