,L2,L2_true,N,std,jump,jump_prob,ve,dim
0,5.244403795657006,4.206359165231637,19,0.01,0.3,0.5,0.001,2
