,L2,L2_true,N,std,jump,jump_prob,ve,dim
0,3.491106559897283,1.5663940812753332,26,0.01,0.3,0.5,0.0025,1
