,L2,L2_true,N,std,jump,jump_prob,ve,dim
0,3.42092479048053,0.04641390571891363,848,0.01,0.3,0.5,0.01,1
