,L2,L2_true,N,std,jump,jump_prob,ve,dim
0,1.968235152862269,1.8630277638235793,4,0.05,0.3,0.5,0.001,1
