,L2,L2_true,N,std,jump,jump_prob,ve,dim
0,5.707404653192634,4.755195628192519,117,0.01,0.3,0.5,0.0025,2
