,L2,L2_true,N,std,jump,jump_prob,ve,dim
0,2.7032208287643362,2.643748178284895,10,0.05,0.3,0.5,0.001,1
