,L2,L2_true,N,std,jump,jump_prob,ve,dim
0,0.9971098393678403,0.995597505945031,2,0.2,0.3,0.5,0.001,1
