,L2,L2_true,N,std,jump,jump_prob,ve,dim
0,5.943762667267312,4.990463482801914,61,0.01,0.3,0.5,0.0025,2
