,L2,L2_true,N,std,jump,jump_prob,ve,dim
0,21.59262193132656,21.38412081186693,1000,0.01,0.3,0.5,0.001,3
