,L2,L2_true,N,std,jump,jump_prob,ve,dim
0,3.6218463181208005,1.804074863572567,1,0.01,0.3,0.5,0.001,2
