,L2,L2_true,N,std,jump,jump_prob,ve,dim
0,3.7474161966278574,2.07353359705091,3,0.01,0.3,0.5,0.001,1
