,L2,L2_true,N,std,jump,jump_prob,ve,dim
0,3.8937768882484516,2.3102682741245375,3,0.01,0.3,0.5,0.001,3
