,L2,L2_true,N,std,jump,jump_prob,ve,dim
0,4.2359084471778825,2.8455042506153876,7,0.01,0.3,0.5,0.001,2
