,L2,L2_true,N,std,jump,jump_prob,ve,dim
0,5.426714469367122,4.141214856828258,61,0.01,0.3,0.5,0.01,3
