,L2,L2_true,N,std,jump,jump_prob,ve,dim
0,11.186451778638789,10.743212951295755,138,0.01,0.3,0.5,0.001,3
