,L2,L2_true,N,std,jump,jump_prob,ve,dim
0,1.6443563049541865,1.644231489281248,71,0.2,0.3,0.5,0.001,1
