,L2,L2_true,N,std,jump,jump_prob,ve,dim
0,24.810196769486605,24.644491478017837,2000,0.01,0.3,0.5,0.001,3
