,L2,L2_true,N,std,jump,jump_prob,ve,dim
0,2.129266627896263,2.0560464120520843,10,0.05,0.3,0.5,0.001,1
