,L2,L2_true,N,std,jump,jump_prob,ve,dim
0,3.9773051831045954,1.9655855893763188,51,0.01,0.3,0.5,0.01,2
