,L2,L2_true,N,std,jump,jump_prob,ve,dim
0,12.763185969489887,12.363091499466716,719,0.01,0.3,0.5,0.0025,3
