,L2,L2_true,N,std,jump,jump_prob,ve,dim
0,21.4969188435961,21.29193552203305,1000,0.01,0.3,0.5,0.001,3
