,L2,L2_true,N,std,jump,jump_prob,ve,dim
0,1.7684917795546788,1.7744844385208767,51,0.05,0.3,0.5,0.001,1
