,L2,L2_true,N,std,jump,jump_prob,ve,dim
0,4.249902554923257,2.6009771325075843,7,0.01,0.3,0.5,0.0025,3
