,L2,L2_true,N,std,jump,jump_prob,ve,dim
0,5.473293423859028,4.225499048311327,117,0.01,0.3,0.5,0.01,3
