,L2,L2_true,N,std,jump,jump_prob,ve,dim
0,3.4363124087442998,0.43520555808580097,1000,0.01,0.3,0.5,0.01,2
