,L2,L2_true,N,std,jump,jump_prob,ve,dim
0,6.03405427982617,5.156674343450806,26,0.01,0.3,0.5,0.001,3
