,L2,L2_true,N,std,jump,jump_prob,ve,dim
0,4.305895269460276,2.9665791715817997,8,0.01,0.3,0.5,0.001,1
