,L2,L2_true,N,std,jump,jump_prob,ve,dim
0,3.8309712860662684,2.227533538195251,5,0.01,0.3,0.5,0.001,1
