,L2,L2_true,N,std,jump,jump_prob,ve,dim
0,8.353787942746203,7.881833102011313,372,0.01,0.3,0.5,0.001,2
