,L2,L2_true,N,std,jump,jump_prob,ve,dim
0,1.3496388459268254,1.1781153712637955,1,0.05,0.3,0.5,0.001,1
