,L2,L2_true,N,std,jump,jump_prob,ve,dim
0,2.3048093108684653,2.2327793389228843,6,0.05,0.3,0.5,0.001,1
