,L2,L2_true,N,std,jump,jump_prob,ve,dim
0,5.265110220976993,4.235304596554949,19,0.01,0.3,0.5,0.001,2
