,L2,L2_true,N,std,jump,jump_prob,ve,dim
0,8.37214094641569,7.8900044751992136,372,0.01,0.3,0.5,0.001,2
