,L2,L2_true,N,std,jump,jump_prob,ve,dim
0,3.6471467342987953,1.7889925137703342,13,0.01,0.3,0.5,0.0025,1
