,L2,L2_true,N,std,jump,jump_prob,ve,dim
0,3.041832320002983,0.2924672523479156,316,0.01,0.3,0.5,0.0025,1
