,L2,L2_true,N,std,jump,jump_prob,ve,dim
0,4.286695234294032,2.91035071096803,7,0.01,0.3,0.5,0.001,2
