,L2,L2_true,N,std,jump,jump_prob,ve,dim
0,3.961571168627336,2.827435852002198,37,0.01,0.3,0.5,0.001,1
