,L2,L2_true,N,std,jump,jump_prob,ve,dim
0,2.635875816539954,2.58846257072126,16,0.05,0.3,0.5,0.001,1
