,L2,L2_true,N,std,jump,jump_prob,ve,dim
0,7.030288981178305,6.298304996357991,43,0.01,0.3,0.5,0.001,3
