,L2,L2_true,N,std,jump,jump_prob,ve,dim
0,3.886946604544237,2.0466266409334795,10,0.01,0.3,0.5,0.0025,1
