,L2,L2_true,N,std,jump,jump_prob,ve,dim
0,3.3057478051127016,1.8617080594671689,31,0.01,0.3,0.5,0.001,1
