,L2,L2_true,N,std,jump,jump_prob,ve,dim
0,3.420193597992138,0.05146064600969146,1637,0.01,0.3,0.5,0.01,1
