,L2,L2_true,N,std,jump,jump_prob,ve,dim
0,2.841307512344357,2.815107446166266,26,0.05,0.3,0.5,0.001,1
