,L2,L2_true,N,std,jump,jump_prob,ve,dim
0,0.990003416951352,0.990111138433663,163,0.2,0.3,0.5,0.001,1
