,L2,L2_true,N,std,jump,jump_prob,ve,dim
0,4.404216193884359,2.6352427248895918,10,0.01,0.3,0.5,0.01,3
