,L2,L2_true,N,std,jump,jump_prob,ve,dim
0,4.6279490269362675,3.109980823035371,439,0.01,0.3,0.5,0.01,3
