,L2,L2_true,N,std,jump,jump_prob,ve,dim
0,5.57079419810153,4.331034453338534,61,0.01,0.3,0.5,0.01,3
