,L2,L2_true,N,std,jump,jump_prob,ve,dim
0,10.39089627988479,9.910052339747658,117,0.01,0.3,0.5,0.001,3
