,L2,L2_true,N,std,jump,jump_prob,ve,dim
0,7.604959398912373,6.975972351606785,84,0.01,0.3,0.5,0.001,2
