,L2,L2_true,N,std,jump,jump_prob,ve,dim
0,8.007864500449967,7.275167871195377,71,0.01,0.3,0.5,0.0025,3
