,L2,L2_true,N,std,jump,jump_prob,ve,dim
0,2.616961389100297,2.544991348318237,13,0.05,0.3,0.5,0.001,1
