,L2,L2_true,N,std,jump,jump_prob,ve,dim
0,6.144281102415845,5.148055981021786,31,0.01,0.3,0.5,0.0025,3
