,L2,L2_true,N,std,jump,jump_prob,ve,dim
0,2.5898707038859223,2.596440344199584,19,0.05,0.3,0.5,0.001,1
