,L2,L2_true,N,std,jump,jump_prob,ve,dim
0,4.259639611290583,2.873321085544792,7,0.01,0.3,0.5,0.001,2
