,L2,L2_true,N,std,jump,jump_prob,ve,dim
0,10.608256130558251,10.084095049354074,193,0.01,0.3,0.5,0.0025,3
