,L2,L2_true,N,std,jump,jump_prob,ve,dim
0,3.52612726913518,0.7544646958415757,16,0.01,0.3,0.5,0.01,1
