,L2,L2_true,N,std,jump,jump_prob,ve,dim
0,5.106131617715968,3.859234402860976,19,0.01,0.3,0.5,0.0025,2
