,L2,L2_true,N,std,jump,jump_prob,ve,dim
0,5.005236536376648,3.564668279224163,26,0.01,0.3,0.5,0.01,3
