,L2,L2_true,N,std,jump,jump_prob,ve,dim
0,3.647361848757988,2.0279218199707887,1000,0.01,0.3,0.5,0.0025,2
