,L2,L2_true,N,std,jump,jump_prob,ve,dim
0,5.7018040827083105,4.761854278618477,22,0.01,0.3,0.5,0.001,3
