,L2,L2_true,N,std,jump,jump_prob,ve,dim
0,5.011748273340316,3.921951625294313,16,0.01,0.3,0.5,0.001,2
