,L2,L2_true,N,std,jump,jump_prob,ve,dim
0,3.7700841094594346,2.139611980557635,7,0.01,0.3,0.5,0.001,1
