,L2,L2_true,N,std,jump,jump_prob,ve,dim
0,4.047517612228827,2.233473564469053,5,0.01,0.3,0.5,0.0025,3
