,L2,L2_true,N,std,jump,jump_prob,ve,dim
0,7.621650995261334,6.945847210685891,51,0.01,0.3,0.5,0.001,3
