,L2,L2_true,N,std,jump,jump_prob,ve,dim
0,3.426945855265446,0.2781080487764013,100,0.01,0.3,0.5,0.01,1
