,L2,L2_true,N,std,jump,jump_prob,ve,dim
0,7.645494834158026,7.013969002776619,84,0.01,0.3,0.5,0.001,2
