,L2,L2_true,N,std,jump,jump_prob,ve,dim
0,12.803672187434843,12.416513076662017,193,0.01,0.3,0.5,0.001,3
