,L2,L2_true,N,std,jump,jump_prob,ve,dim
0,0.5267179706778586,0.5066015153150363,372,0.05,0.3,0.5,0.001,1
