,L2,L2_true,N,std,jump,jump_prob,ve,dim
0,8.558081214044355,8.03950891761735,163,0.01,0.3,0.5,0.001,2
