,L2,L2_true,N,std,jump,jump_prob,ve,dim
0,3.416607996440415,0.09162900501614094,719,0.01,0.3,0.5,0.01,1
