,L2,L2_true,N,std,jump,jump_prob,ve,dim
0,9.312672447018924,8.70652058957823,117,0.01,0.3,0.5,0.0025,3
