,L2,L2_true,N,std,jump,jump_prob,ve,dim
0,3.040855026663772,0.09643704133422593,2682,0.01,0.3,0.5,0.0025,1
