,L2,L2_true,N,std,jump,jump_prob,ve,dim
0,4.444247835220076,2.908670588575898,10,0.01,0.3,0.5,0.0025,2
