,L2,L2_true,N,std,jump,jump_prob,ve,dim
0,0.3036374134485144,0.2005368846488341,2275,0.05,0.3,0.5,0.001,1
