,L2,L2_true,N,std,jump,jump_prob,ve,dim
0,4.581373789158889,3.7554016001604476,2000,0.01,0.3,0.5,0.001,2
