,L2,L2_true,N,std,jump,jump_prob,ve,dim
0,2.6327365944560563,0.26480540591963125,848,0.01,0.3,0.5,0.001,1
