,L2,L2_true,N,std,jump,jump_prob,ve,dim
0,4.080647561711631,2.7097294268689187,610,0.01,0.3,0.5,0.0025,2
