,L2,L2_true,N,std,jump,jump_prob,ve,dim
0,9.983853863231372,9.503993760556723,3000,0.01,0.3,0.5,0.0025,3
