,L2,L2_true,N,std,jump,jump_prob,ve,dim
0,3.429439475624434,0.298306320803873,2275,0.01,0.3,0.5,0.01,2
