,L2,L2_true,N,std,jump,jump_prob,ve,dim
0,0.2578092922532154,0.25757347819421933,1930,0.2,0.3,0.5,0.001,1
