,L2,L2_true,N,std,jump,jump_prob,ve,dim
0,4.009774138515731,1.9235802492439416,6,0.01,0.3,0.5,0.01,3
