,L2,L2_true,N,std,jump,jump_prob,ve,dim
0,3.807354713645732,1.6069635715635422,84,0.01,0.3,0.5,0.01,2
