,L2,L2_true,N,std,jump,jump_prob,ve,dim
0,3.9235934500266056,2.3873488627904917,5,0.01,0.3,0.5,0.001,1
