,L2,L2_true,N,std,jump,jump_prob,ve,dim
0,11.991561929483275,11.577617452398801,1637,0.01,0.3,0.5,0.0025,3
