,L2,L2_true,N,std,jump,jump_prob,ve,dim
0,5.488253363616957,4.250485026407335,100,0.01,0.3,0.5,0.01,3
