,L2,L2_true,N,std,jump,jump_prob,ve,dim
0,3.0499319267261873,0.2947475222575305,372,0.01,0.3,0.5,0.0025,1
