,L2,L2_true,N,std,jump,jump_prob,ve,dim
0,5.419702435924076,4.431398055398174,19,0.01,0.3,0.5,0.001,3
