,L2,L2_true,N,std,jump,jump_prob,ve,dim
0,2.408463254037497,2.3388465830282317,26,0.05,0.3,0.5,0.001,1
