,L2,L2_true,N,std,jump,jump_prob,ve,dim
0,4.652752118803149,3.448928769029205,11,0.01,0.3,0.5,0.001,3
