,L2,L2_true,N,std,jump,jump_prob,ve,dim
0,2.2886354375384577,2.289574453119827,6,0.2,0.3,0.5,0.001,1
