,L2,L2_true,N,std,jump,jump_prob,ve,dim
0,2.6117770433818395,0.19036771065322583,1930,0.01,0.3,0.5,0.001,1
