,L2,L2_true,N,std,jump,jump_prob,ve,dim
0,3.755704875504331,1.671258323352316,2,0.01,0.3,0.5,0.0025,2
