,L2,L2_true,N,std,jump,jump_prob,ve,dim
0,3.423834273942807,0.15136890271491063,268,0.01,0.3,0.5,0.01,1
