,L2,L2_true,N,std,jump,jump_prob,ve,dim
0,3.6667134217546797,1.023096769200465,2,0.01,0.3,0.5,0.01,2
