,L2,L2_true,N,std,jump,jump_prob,ve,dim
0,8.148113142837945,7.584772035859501,117,0.01,0.3,0.5,0.001,2
