,L2,L2_true,N,std,jump,jump_prob,ve,dim
0,3.7085346667281613,1.9748038826311207,3,0.01,0.3,0.5,0.001,1
