,L2,L2_true,N,std,jump,jump_prob,ve,dim
0,0.5525886666937635,0.5215287540221408,439,0.05,0.3,0.5,0.001,1
