,L2,L2_true,N,std,jump,jump_prob,ve,dim
0,20.192638078485874,19.966077246630288,719,0.01,0.3,0.5,0.001,3
