,L2,L2_true,N,std,jump,jump_prob,ve,dim
0,8.715685255142658,8.204904171428701,163,0.01,0.3,0.5,0.001,2
