,L2,L2_true,N,std,jump,jump_prob,ve,dim
0,3.705469353471076,1.440311962336941,1930,0.01,0.3,0.5,0.01,3
