,L2,L2_true,N,std,jump,jump_prob,ve,dim
0,7.189868232192977,6.36168673135478,51,0.01,0.3,0.5,0.0025,3
