,L2,L2_true,N,std,jump,jump_prob,ve,dim
0,0.5677850129684808,0.5142323190206166,372,0.05,0.3,0.5,0.001,1
