,L2,L2_true,N,std,jump,jump_prob,ve,dim
0,2.6227724483909403,0.27905698913925603,719,0.01,0.3,0.5,0.001,1
