,L2,L2_true,N,std,jump,jump_prob,ve,dim
0,4.024174116632393,2.221714877330245,5,0.01,0.3,0.5,0.0025,2
