,L2,L2_true,N,std,jump,jump_prob,ve,dim
0,2.6094179372544346,2.543878217935033,11,0.05,0.3,0.5,0.001,1
