,L2,L2_true,N,std,jump,jump_prob,ve,dim
0,4.089674649747563,2.2289654039087807,848,0.01,0.3,0.5,0.01,3
