,L2,L2_true,N,std,jump,jump_prob,ve,dim
0,4.574295906803395,3.3471524475593557,10,0.01,0.3,0.5,0.001,2
