,L2,L2_true,N,std,jump,jump_prob,ve,dim
0,2.8287039819736615,2.7462840381546556,10,0.05,0.3,0.5,0.001,1
