,L2,L2_true,N,std,jump,jump_prob,ve,dim
0,2.101861603780543,2.1035502272633524,7,0.2,0.3,0.5,0.001,1
