,L2,L2_true,N,std,jump,jump_prob,ve,dim
0,3.614200142210745,1.8006663756334276,1,0.01,0.3,0.5,0.001,1
