,L2,L2_true,N,std,jump,jump_prob,ve,dim
0,6.481093098616429,5.911605964715734,848,0.01,0.3,0.5,0.001,2
