,L2,L2_true,N,std,jump,jump_prob,ve,dim
0,3.5191081140205878,0.7166897202813922,22,0.01,0.3,0.5,0.01,1
