,L2,L2_true,N,std,jump,jump_prob,ve,dim
0,5.063012064106568,3.707941905655061,227,0.01,0.3,0.5,0.01,3
