,L2,L2_true,N,std,jump,jump_prob,ve,dim
0,2.61534303646685,0.19751046412656692,1930,0.01,0.3,0.5,0.001,1
