,L2,L2_true,N,std,jump,jump_prob,ve,dim
0,3.037331111449767,0.2655685229313749,517,0.01,0.3,0.5,0.0025,1
