,L2,L2_true,N,std,jump,jump_prob,ve,dim
0,3.423687123111901,0.3587667487860439,71,0.01,0.3,0.5,0.01,1
