,L2,L2_true,N,std,jump,jump_prob,ve,dim
0,4.1825631193985995,2.483565585927457,6,0.01,0.3,0.5,0.0025,3
