,L2,L2_true,N,std,jump,jump_prob,ve,dim
0,3.91942547823112,1.7020846207172957,6,0.01,0.3,0.5,0.01,2
