,L2,L2_true,N,std,jump,jump_prob,ve,dim
0,2.6200120808230363,0.18418923866709216,1637,0.01,0.3,0.5,0.001,1
