,L2,L2_true,N,std,jump,jump_prob,ve,dim
0,2.4214408589137366,2.4214361339013477,19,0.2,0.3,0.5,0.001,1
