,L2,L2_true,N,std,jump,jump_prob,ve,dim
0,2.652091214902987,2.5955466055150063,11,0.05,0.3,0.5,0.001,1
