,L2,L2_true,N,std,jump,jump_prob,ve,dim
0,3.03665364028785,0.26090434492616826,439,0.01,0.3,0.5,0.0025,1
