,L2,L2_true,N,std,jump,jump_prob,ve,dim
0,4.412330538082008,2.848459021506888,8,0.01,0.3,0.5,0.0025,3
