,L2,L2_true,N,std,jump,jump_prob,ve,dim
0,1.5395772247722255,1.5397995962325528,71,0.2,0.3,0.5,0.001,1
