,L2,L2_true,N,std,jump,jump_prob,ve,dim
0,3.0401033568513736,0.14134132719908155,2275,0.01,0.3,0.5,0.0025,1
