,L2,L2_true,N,std,jump,jump_prob,ve,dim
0,2.7027505436402977,0.7012342885313865,227,0.01,0.3,0.5,0.001,1
