,L2,L2_true,N,std,jump,jump_prob,ve,dim
0,0.3110223888526012,0.24347975321756923,1930,0.05,0.3,0.5,0.001,1
