,L2,L2_true,N,std,jump,jump_prob,ve,dim
0,4.293132850891497,2.458661458836497,10,0.01,0.3,0.5,0.01,3
