,L2,L2_true,N,std,jump,jump_prob,ve,dim
0,3.420448696559083,0.06583078321818078,1000,0.01,0.3,0.5,0.01,1
