,L2,L2_true,N,std,jump,jump_prob,ve,dim
0,2.3681662398576857,2.3671943293663977,26,0.2,0.3,0.5,0.001,1
