,L2,L2_true,N,std,jump,jump_prob,ve,dim
0,11.842183946356691,11.439215944235258,163,0.01,0.3,0.5,0.001,3
