,L2,L2_true,N,std,jump,jump_prob,ve,dim
0,3.246233929145484,1.1489971082783614,3000,0.01,0.3,0.5,0.0025,2
