,L2,L2_true,N,std,jump,jump_prob,ve,dim
0,5.626123691120851,4.42726590472585,138,0.01,0.3,0.5,0.01,3
