,L2,L2_true,N,std,jump,jump_prob,ve,dim
0,3.706400913314325,1.4368612594062526,1930,0.01,0.3,0.5,0.01,3
