,L2,L2_true,N,std,jump,jump_prob,ve,dim
0,3.6384824517936702,1.2585406715030765,163,0.01,0.3,0.5,0.01,2
