,L2,L2_true,N,std,jump,jump_prob,ve,dim
0,3.7573468753164434,2.0767112984870235,2,0.01,0.3,0.5,0.001,2
