,L2,L2_true,N,std,jump,jump_prob,ve,dim
0,2.6241552584240813,0.2070740792732683,1637,0.01,0.3,0.5,0.001,1
