,L2,L2_true,N,std,jump,jump_prob,ve,dim
0,0.3779698990969222,0.37052992147348,1,0.2,0.3,0.5,0.001,1
