,L2,L2_true,N,std,jump,jump_prob,ve,dim
0,4.4931827374072695,3.2199953400163426,10,0.01,0.3,0.5,0.001,2
