,L2,L2_true,N,std,jump,jump_prob,ve,dim
0,3.5362339084456558,0.9127556355074333,268,0.01,0.3,0.5,0.01,2
