,L2,L2_true,N,std,jump,jump_prob,ve,dim
0,0.4041948610102238,0.32885624343186526,1000,0.05,0.3,0.5,0.001,1
