,L2,L2_true,N,std,jump,jump_prob,ve,dim
0,1.611641090922945,1.611892146881504,71,0.2,0.3,0.5,0.001,1
