,L2,L2_true,N,std,jump,jump_prob,ve,dim
0,2.642533585646893,0.36370204200372946,719,0.01,0.3,0.5,0.001,1
