,L2,L2_true,N,std,jump,jump_prob,ve,dim
0,2.116983235860175,2.1177108481300695,19,0.2,0.3,0.5,0.001,1
