,L2,L2_true,N,std,jump,jump_prob,ve,dim
0,1.34866636092284,1.3478724709846615,3,0.2,0.3,0.5,0.001,1
