,L2,L2_true,N,std,jump,jump_prob,ve,dim
0,14.434410589580711,14.104164921137546,268,0.01,0.3,0.5,0.001,3
