,L2,L2_true,N,std,jump,jump_prob,ve,dim
0,3.042338891418088,0.189842602075055,719,0.01,0.3,0.5,0.0025,1
