,L2,L2_true,N,std,jump,jump_prob,ve,dim
0,3.896098724875152,2.441013771615451,719,0.01,0.3,0.5,0.0025,2
