,L2,L2_true,N,std,jump,jump_prob,ve,dim
0,0.42677571609360837,0.426230174762438,848,0.2,0.3,0.5,0.001,1
