,L2,L2_true,N,std,jump,jump_prob,ve,dim
0,3.4159365399030515,0.14863329620709223,163,0.01,0.3,0.5,0.01,1
