,L2,L2_true,N,std,jump,jump_prob,ve,dim
0,3.4651063379301013,0.5657652344191846,31,0.01,0.3,0.5,0.01,1
