,L2,L2_true,N,std,jump,jump_prob,ve,dim
0,2.1058593548530236,2.1067882695113824,22,0.2,0.3,0.5,0.001,1
