,L2,L2_true,N,std,jump,jump_prob,ve,dim
0,4.682064494584623,3.483158651740938,11,0.01,0.3,0.5,0.001,2
