,L2,L2_true,N,std,jump,jump_prob,ve,dim
0,3.4886805893570174,0.7105375784004614,22,0.01,0.3,0.5,0.01,1
