,L2,L2_true,N,std,jump,jump_prob,ve,dim
0,5.7877595799256385,4.812419584179507,71,0.01,0.3,0.5,0.0025,2
