,L2,L2_true,N,std,jump,jump_prob,ve,dim
0,4.101879322106351,2.652527918109988,5,0.01,0.3,0.5,0.001,3
