,L2,L2_true,N,std,jump,jump_prob,ve,dim
0,8.308489435387955,7.759473126071208,117,0.01,0.3,0.5,0.001,2
