,L2,L2_true,N,std,jump,jump_prob,ve,dim
0,5.563164698629673,4.356360212616506,138,0.01,0.3,0.5,0.01,3
