,L2,L2_true,N,std,jump,jump_prob,ve,dim
0,17.805209377207284,17.538817700480724,517,0.01,0.3,0.5,0.001,3
