,L2,L2_true,N,std,jump,jump_prob,ve,dim
0,4.178168085394032,2.8344635482383667,11,0.01,0.3,0.5,0.001,1
