,L2,L2_true,N,std,jump,jump_prob,ve,dim
0,2.8064547624434346,2.7713970648299395,26,0.05,0.3,0.5,0.001,1
