,L2,L2_true,N,std,jump,jump_prob,ve,dim
0,4.299632120682563,3.01127207139507,439,0.01,0.3,0.5,0.0025,2
