,L2,L2_true,N,std,jump,jump_prob,ve,dim
0,4.832348245938806,3.2995591084684333,22,0.01,0.3,0.5,0.01,3
