,L2,L2_true,N,std,jump,jump_prob,ve,dim
0,3.444445961048597,0.4037883306097027,1389,0.01,0.3,0.5,0.01,2
