,L2,L2_true,N,std,jump,jump_prob,ve,dim
0,3.8679514374239417,2.462969998586797,11,0.01,0.3,0.5,0.001,1
