,L2,L2_true,N,std,jump,jump_prob,ve,dim
0,4.997225448628801,3.62774988976257,268,0.01,0.3,0.5,0.01,3
