,L2,L2_true,N,std,jump,jump_prob,ve,dim
0,5.324131011169762,4.0009584485782845,37,0.01,0.3,0.5,0.01,3
