,L2,L2_true,N,std,jump,jump_prob,ve,dim
0,4.579132861824385,3.756833626759746,2000,0.01,0.3,0.5,0.001,2
