,L2,L2_true,N,std,jump,jump_prob,ve,dim
0,14.28258207014272,13.94563482398514,268,0.01,0.3,0.5,0.001,3
