,L2,L2_true,N,std,jump,jump_prob,ve,dim
0,0.424852563758636,0.328250729122076,1000,0.05,0.3,0.5,0.001,1
