,L2,L2_true,N,std,jump,jump_prob,ve,dim
0,3.7237349298938764,2.002970527721584,2,0.01,0.3,0.5,0.001,2
