,L2,L2_true,N,std,jump,jump_prob,ve,dim
0,3.4307731928066065,0.13120562616887677,439,0.01,0.3,0.5,0.01,1
