,L2,L2_true,N,std,jump,jump_prob,ve,dim
0,5.6265901294802045,4.51094256030479,22,0.01,0.3,0.5,0.0025,3
