,L2,L2_true,N,std,jump,jump_prob,ve,dim
0,3.954460500546115,2.0904084198021518,5,0.01,0.3,0.5,0.0025,2
