,L2,L2_true,N,std,jump,jump_prob,ve,dim
0,6.389702953796582,5.428358225989661,37,0.01,0.3,0.5,0.0025,3
