,L2,L2_true,N,std,jump,jump_prob,ve,dim
0,3.6175658963873287,1.3297967371626975,1,0.01,0.3,0.5,0.0025,1
