,L2,L2_true,N,std,jump,jump_prob,ve,dim
0,4.201859075478213,2.2806738837529204,8,0.01,0.3,0.5,0.01,3
