,L2,L2_true,N,std,jump,jump_prob,ve,dim
0,3.055120235455748,0.3646941925230989,163,0.01,0.3,0.5,0.0025,1
