,L2,L2_true,N,std,jump,jump_prob,ve,dim
0,2.6484525661955565,0.49043472611015165,316,0.01,0.3,0.5,0.001,1
