,L2,L2_true,N,std,jump,jump_prob,ve,dim
0,3.607658190166926,1.802889531413181,1,0.01,0.3,0.5,0.001,1
