,L2,L2_true,N,std,jump,jump_prob,ve,dim
0,10.509875269289711,10.037685841485702,117,0.01,0.3,0.5,0.001,3
