,L2,L2_true,N,std,jump,jump_prob,ve,dim
0,4.64802794967015,3.222675616996216,11,0.01,0.3,0.5,0.0025,2
