,L2,L2_true,N,std,jump,jump_prob,ve,dim
0,8.367390997327938,7.669232306029531,84,0.01,0.3,0.5,0.0025,3
