,L2,L2_true,N,std,jump,jump_prob,ve,dim
0,2.1534975787276203,2.051123348133165,6,0.05,0.3,0.5,0.001,1
