,L2,L2_true,N,std,jump,jump_prob,ve,dim
0,3.651061455828169,1.4580462893383819,2,0.01,0.3,0.5,0.0025,1
