,L2,L2_true,N,std,jump,jump_prob,ve,dim
0,4.303071786075899,2.6983404664121498,8,0.01,0.3,0.5,0.0025,2
