,L2,L2_true,N,std,jump,jump_prob,ve,dim
0,18.29191871312335,18.03595798988125,517,0.01,0.3,0.5,0.001,3
