,L2,L2_true,N,std,jump,jump_prob,ve,dim
0,3.6040993261683782,1.8011389449370139,1,0.01,0.3,0.5,0.001,1
