,L2,L2_true,N,std,jump,jump_prob,ve,dim
0,0.37808394476845614,0.3706417468344299,1,0.2,0.3,0.5,0.001,1
