,L2,L2_true,N,std,jump,jump_prob,ve,dim
0,3.8034846963326396,1.8459938941243885,5,0.01,0.3,0.5,0.0025,1
