,L2,L2_true,N,std,jump,jump_prob,ve,dim
0,10.309929112084776,9.766552088271649,163,0.01,0.3,0.5,0.0025,3
