,L2,L2_true,N,std,jump,jump_prob,ve,dim
0,3.800349923273776,1.3811002856143617,3,0.01,0.3,0.5,0.01,3
