,L2,L2_true,N,std,jump,jump_prob,ve,dim
0,5.329964753852691,4.313709015018513,19,0.01,0.3,0.5,0.001,2
