,L2,L2_true,N,std,jump,jump_prob,ve,dim
0,3.475935434251631,0.5848130485107199,610,0.01,0.3,0.5,0.01,2
