,L2,L2_true,N,std,jump,jump_prob,ve,dim
0,4.194972733527179,2.3119527892055696,19,0.01,0.3,0.5,0.01,2
