,L2,L2_true,N,std,jump,jump_prob,ve,dim
0,3.696333179278962,1.4151762511686385,2000,0.01,0.3,0.5,0.01,3
