,L2,L2_true,N,std,jump,jump_prob,ve,dim
0,1.1545453041843157,1.1533729030681363,117,0.2,0.3,0.5,0.001,1
