,L2,L2_true,N,std,jump,jump_prob,ve,dim
0,0.3193965127539469,0.2539934299303065,1930,0.05,0.3,0.5,0.001,1
