,L2,L2_true,N,std,jump,jump_prob,ve,dim
0,5.506742431282333,4.366842371903591,22,0.01,0.3,0.5,0.0025,3
