,L2,L2_true,N,std,jump,jump_prob,ve,dim
0,3.4161581134812105,1.547929988908961,1637,0.01,0.3,0.5,0.0025,2
