,L2,L2_true,N,std,jump,jump_prob,ve,dim
0,7.182981639127016,6.470563854442614,43,0.01,0.3,0.5,0.001,3
