,L2,L2_true,N,std,jump,jump_prob,ve,dim
0,3.9957293346840452,1.9716491876042426,43,0.01,0.3,0.5,0.01,2
