,L2,L2_true,N,std,jump,jump_prob,ve,dim
0,4.182538662666192,2.2676409890241547,8,0.01,0.3,0.5,0.01,3
