,L2,L2_true,N,std,jump,jump_prob,ve,dim
0,4.070219594902028,2.2026386621259184,848,0.01,0.3,0.5,0.01,3
