,L2,L2_true,N,std,jump,jump_prob,ve,dim
0,17.900063837666256,17.6359442726859,517,0.01,0.3,0.5,0.001,3
