,L2,L2_true,N,std,jump,jump_prob,ve,dim
0,3.045345280744724,0.2919607779255692,227,0.01,0.3,0.5,0.0025,1
