,L2,L2_true,N,std,jump,jump_prob,ve,dim
0,5.393589470648146,4.137517492627588,138,0.01,0.3,0.5,0.01,3
