,L2,L2_true,N,std,jump,jump_prob,ve,dim
0,8.059106011652377,7.483201214274385,117,0.01,0.3,0.5,0.001,2
