,L2,L2_true,N,std,jump,jump_prob,ve,dim
0,2.06819082172308,1.9726884343072026,5,0.05,0.3,0.5,0.001,1
