,L2,L2_true,N,std,jump,jump_prob,ve,dim
0,10.779616110142088,10.269627168223435,193,0.01,0.3,0.5,0.0025,3
