,L2,L2_true,N,std,jump,jump_prob,ve,dim
0,7.749996071237738,7.129246435609273,100,0.01,0.3,0.5,0.001,2
