,L2,L2_true,N,std,jump,jump_prob,ve,dim
0,2.547417281630455,2.5182257273488613,13,0.05,0.3,0.5,0.001,1
