,L2,L2_true,N,std,jump,jump_prob,ve,dim
0,3.211882891349907,1.0619515173489407,51,0.01,0.3,0.5,0.0025,1
