,L2,L2_true,N,std,jump,jump_prob,ve,dim
0,2.4168768300503523,2.3481975943332203,10,0.05,0.3,0.5,0.001,1
