,L2,L2_true,N,std,jump,jump_prob,ve,dim
0,4.406611373891033,2.6920152882484674,22,0.01,0.3,0.5,0.01,2
