,L2,L2_true,N,std,jump,jump_prob,ve,dim
0,6.95466743015173,6.236632996565809,61,0.01,0.3,0.5,0.001,2
