,L2,L2_true,N,std,jump,jump_prob,ve,dim
0,3.051005961686877,0.3287355292999068,316,0.01,0.3,0.5,0.0025,1
