,L2,L2_true,N,std,jump,jump_prob,ve,dim
0,4.050407152689018,2.382057538815301,8,0.01,0.3,0.5,0.0025,1
