,L2,L2_true,N,std,jump,jump_prob,ve,dim
0,3.8194626425749765,2.166581091672244,3,0.01,0.3,0.5,0.001,1
