,L2,L2_true,N,std,jump,jump_prob,ve,dim
0,2.6023665606836657,2.6007406692956145,11,0.2,0.3,0.5,0.001,1
