,L2,L2_true,N,std,jump,jump_prob,ve,dim
0,4.003830108412846,2.1757731229779607,5,0.01,0.3,0.5,0.0025,2
