,L2,L2_true,N,std,jump,jump_prob,ve,dim
0,4.221797267927063,2.563012375111289,7,0.01,0.3,0.5,0.0025,2
