,L2,L2_true,N,std,jump,jump_prob,ve,dim
0,10.932122996582647,10.430079113278225,227,0.01,0.3,0.5,0.0025,3
