,L2,L2_true,N,std,jump,jump_prob,ve,dim
0,3.6159342653553983,1.7513735938885893,11,0.01,0.3,0.5,0.0025,1
