,L2,L2_true,N,std,jump,jump_prob,ve,dim
0,3.7058976215766344,1.1400770062490164,2,0.01,0.3,0.5,0.01,3
