,L2,L2_true,N,std,jump,jump_prob,ve,dim
0,3.6664064227106086,1.3216327473853566,163,0.01,0.3,0.5,0.01,2
