,L2,L2_true,N,std,jump,jump_prob,ve,dim
0,11.664782584752531,11.239702248729655,1389,0.01,0.3,0.5,0.0025,3
