,L2,L2_true,N,std,jump,jump_prob,ve,dim
0,2.5096032000417705,2.5080340593743085,10,0.2,0.3,0.5,0.001,1
