,L2,L2_true,N,std,jump,jump_prob,ve,dim
0,3.422079821565201,0.3224590610117514,1930,0.01,0.3,0.5,0.01,2
