,L2,L2_true,N,std,jump,jump_prob,ve,dim
0,3.66137201873495,1.2100510390593864,8,0.01,0.3,0.5,0.01,1
