,L2,L2_true,N,std,jump,jump_prob,ve,dim
0,2.3009959584165762,2.223146666441125,10,0.05,0.3,0.5,0.001,1
