,L2,L2_true,N,std,jump,jump_prob,ve,dim
0,3.4653633806349307,0.5961658942080622,26,0.01,0.3,0.5,0.01,1
