,L2,L2_true,N,std,jump,jump_prob,ve,dim
0,2.2720826543157226,2.1810648334458906,5,0.05,0.3,0.5,0.001,1
