,L2,L2_true,N,std,jump,jump_prob,ve,dim
0,5.374974352864448,4.394199921540662,19,0.01,0.3,0.5,0.001,2
