,L2,L2_true,N,std,jump,jump_prob,ve,dim
0,3.4135467186546538,0.07260335398864237,1637,0.01,0.3,0.5,0.01,1
