,L2,L2_true,N,std,jump,jump_prob,ve,dim
0,3.9286494082269714,1.9252371612484365,71,0.01,0.3,0.5,0.01,2
