,L2,L2_true,N,std,jump,jump_prob,ve,dim
0,3.438181802539794,0.26976317821977136,3000,0.01,0.3,0.5,0.01,2
