,L2,L2_true,N,std,jump,jump_prob,ve,dim
0,7.106949124461674,6.3860854688211655,43,0.01,0.3,0.5,0.001,3
