,L2,L2_true,N,std,jump,jump_prob,ve,dim
0,3.4747426431226938,0.5598504853926153,13,0.01,0.3,0.5,0.01,1
