,L2,L2_true,N,std,jump,jump_prob,ve,dim
0,3.5906918590862005,0.8841319884413835,13,0.01,0.3,0.5,0.01,1
