,L2,L2_true,N,std,jump,jump_prob,ve,dim
0,5.685353696304821,4.491233886104943,71,0.01,0.3,0.5,0.01,3
