,L2,L2_true,N,std,jump,jump_prob,ve,dim
0,12.358607706013942,11.94018305828461,610,0.01,0.3,0.5,0.0025,3
