,L2,L2_true,N,std,jump,jump_prob,ve,dim
0,3.5061368390275276,1.6643425776480958,31,0.01,0.3,0.5,0.0025,1
