,L2,L2_true,N,std,jump,jump_prob,ve,dim
0,7.480542558891162,6.693446629134571,61,0.01,0.3,0.5,0.0025,3
