,L2,L2_true,N,std,jump,jump_prob,ve,dim
0,12.57663826007074,12.188318886719452,1178,0.01,0.3,0.5,0.0025,3
