,L2,L2_true,N,std,jump,jump_prob,ve,dim
0,2.6015611305169144,2.599684722456307,11,0.2,0.3,0.5,0.001,1
