,L2,L2_true,N,std,jump,jump_prob,ve,dim
0,8.244606353089761,7.690780664442088,163,0.01,0.3,0.5,0.001,2
