,L2,L2_true,N,std,jump,jump_prob,ve,dim
0,12.11871744364179,11.674077973426249,372,0.01,0.3,0.5,0.0025,3
