,L2,L2_true,N,std,jump,jump_prob,ve,dim
0,2.4575493566558926,2.416592991685432,13,0.05,0.3,0.5,0.001,1
