,L2,L2_true,N,std,jump,jump_prob,ve,dim
0,12.907006789403368,12.505389040257565,848,0.01,0.3,0.5,0.0025,3
