,L2,L2_true,N,std,jump,jump_prob,ve,dim
0,0.3446994096363117,0.2444061915945729,1930,0.05,0.3,0.5,0.001,1
