,L2,L2_true,N,std,jump,jump_prob,ve,dim
0,6.8900091457394135,6.158670321224834,51,0.01,0.3,0.5,0.001,2
