,L2,L2_true,N,std,jump,jump_prob,ve,dim
0,2.6470346818137105,2.6464967157083823,22,0.2,0.3,0.5,0.001,1
