,L2,L2_true,N,std,jump,jump_prob,ve,dim
0,8.249954801896289,7.7036389781495975,138,0.01,0.3,0.5,0.001,2
