,L2,L2_true,N,std,jump,jump_prob,ve,dim
0,2.3555582153932324,2.2957617950783202,10,0.05,0.3,0.5,0.001,1
