,L2,L2_true,N,std,jump,jump_prob,ve,dim
0,2.0940363385410605,2.0871236418022128,26,0.05,0.3,0.5,0.001,1
