,L2,L2_true,N,std,jump,jump_prob,ve,dim
0,10.789325036897637,10.339858189934901,2000,0.01,0.3,0.5,0.0025,3
