,L2,L2_true,N,std,jump,jump_prob,ve,dim
0,1.9120128744956641,1.9108262444184394,7,0.2,0.3,0.5,0.001,1
