,L2,L2_true,N,std,jump,jump_prob,ve,dim
0,1.28776823266146,1.313627975007294,100,0.05,0.3,0.5,0.001,1
