,L2,L2_true,N,std,jump,jump_prob,ve,dim
0,11.116393400052258,10.6648184928657,138,0.01,0.3,0.5,0.001,3
