,L2,L2_true,N,std,jump,jump_prob,ve,dim
0,2.7818149200935713,2.7576400523151348,22,0.05,0.3,0.5,0.001,1
