,L2,L2_true,N,std,jump,jump_prob,ve,dim
0,3.9390166772990223,2.4364025972140615,7,0.01,0.3,0.5,0.001,1
