,L2,L2_true,N,std,jump,jump_prob,ve,dim
0,0.514227787483279,0.5143156325305063,517,0.2,0.3,0.5,0.001,1
