,L2,L2_true,N,std,jump,jump_prob,ve,dim
0,4.6004130942827866,3.1391326366199523,11,0.01,0.3,0.5,0.0025,3
