,L2,L2_true,N,std,jump,jump_prob,ve,dim
0,6.066204509752786,5.168437188149375,117,0.01,0.3,0.5,0.0025,2
