,L2,L2_true,N,std,jump,jump_prob,ve,dim
0,5.137839715768964,3.8807492695284957,16,0.01,0.3,0.5,0.0025,3
