,L2,L2_true,N,std,jump,jump_prob,ve,dim
0,7.150205269671423,6.625302656147981,610,0.01,0.3,0.5,0.001,2
