,L2,L2_true,N,std,jump,jump_prob,ve,dim
0,3.0389194842307936,0.2331898223779026,517,0.01,0.3,0.5,0.0025,1
