,L2,L2_true,N,std,jump,jump_prob,ve,dim
0,7.529074792172133,6.739941513910348,61,0.01,0.3,0.5,0.0025,3
