,L2,L2_true,N,std,jump,jump_prob,ve,dim
0,3.7104319855121055,2.0267401547237456,3,0.01,0.3,0.5,0.001,1
