,L2,L2_true,N,std,jump,jump_prob,ve,dim
0,2.620723504446721,0.16497127352220786,1930,0.01,0.3,0.5,0.001,1
