,L2,L2_true,N,std,jump,jump_prob,ve,dim
0,3.415679759988454,0.187984525002385,227,0.01,0.3,0.5,0.01,1
