,L2,L2_true,N,std,jump,jump_prob,ve,dim
0,10.723719564727293,10.19688770265319,193,0.01,0.3,0.5,0.0025,3
