,L2,L2_true,N,std,jump,jump_prob,ve,dim
0,3.4260679448464653,0.3981638337926142,51,0.01,0.3,0.5,0.01,1
