,L2,L2_true,N,std,jump,jump_prob,ve,dim
0,1.4599271739946345,1.4688741587629741,71,0.05,0.3,0.5,0.001,1
