,L2,L2_true,N,std,jump,jump_prob,ve,dim
0,3.069549527265686,0.36895370234392855,117,0.01,0.3,0.5,0.0025,1
