,L2,L2_true,N,std,jump,jump_prob,ve,dim
0,12.6843387219803,12.30042481298562,1000,0.01,0.3,0.5,0.0025,3
