,L2,L2_true,N,std,jump,jump_prob,ve,dim
0,9.589426534713137,9.089162949048475,3000,0.01,0.3,0.5,0.0025,3
