,L2,L2_true,N,std,jump,jump_prob,ve,dim
0,0.27711397205260585,0.2763646764768312,1637,0.2,0.3,0.5,0.001,1
