,L2,L2_true,N,std,jump,jump_prob,ve,dim
0,4.14882383870193,2.234846033498308,22,0.01,0.3,0.5,0.01,2
