,L2,L2_true,N,std,jump,jump_prob,ve,dim
0,3.62667132363825,1.3292186588759571,1,0.01,0.3,0.5,0.0025,2
