,L2,L2_true,N,std,jump,jump_prob,ve,dim
0,3.7162276366496196,1.5724323870899912,2,0.01,0.3,0.5,0.0025,2
