,L2,L2_true,N,std,jump,jump_prob,ve,dim
0,4.429784028790655,2.6923141107492836,11,0.01,0.3,0.5,0.01,2
