,L2,L2_true,N,std,jump,jump_prob,ve,dim
0,3.415306642239387,0.12096185961103396,610,0.01,0.3,0.5,0.01,1
