,L2,L2_true,N,std,jump,jump_prob,ve,dim
0,6.07904229650746,5.195545626720696,117,0.01,0.3,0.5,0.0025,2
