,L2,L2_true,N,std,jump,jump_prob,ve,dim
0,2.4268381724824275,2.406269051505159,22,0.05,0.3,0.5,0.001,1
