,L2,L2_true,N,std,jump,jump_prob,ve,dim
0,12.810347022183734,12.408753560146032,848,0.01,0.3,0.5,0.0025,3
