,L2,L2_true,N,std,jump,jump_prob,ve,dim
0,5.632742599344163,4.436864004338009,84,0.01,0.3,0.5,0.01,3
