,L2,L2_true,N,std,jump,jump_prob,ve,dim
0,8.018104824213097,7.528631095557048,439,0.01,0.3,0.5,0.001,2
