,L2,L2_true,N,std,jump,jump_prob,ve,dim
0,5.850768427853379,4.869594348407782,71,0.01,0.3,0.5,0.0025,2
