,L2,L2_true,N,std,jump,jump_prob,ve,dim
0,3.410551394948593,0.053443622020781824,1389,0.01,0.3,0.5,0.01,1
