,L2,L2_true,N,std,jump,jump_prob,ve,dim
0,3.6465169117690834,1.8500114729758985,2,0.01,0.3,0.5,0.001,1
