,L2,L2_true,N,std,jump,jump_prob,ve,dim
0,2.627361682168965,0.33492969209716744,848,0.01,0.3,0.5,0.001,1
