,L2,L2_true,N,std,jump,jump_prob,ve,dim
0,3.6998079114096876,1.13771604699085,4,0.01,0.3,0.5,0.01,1
