,L2,L2_true,N,std,jump,jump_prob,ve,dim
0,3.4134023200948693,0.045542379153204963,2682,0.01,0.3,0.5,0.01,1
