,L2,L2_true,N,std,jump,jump_prob,ve,dim
0,1.6546851631933992,1.654945229051009,5,0.2,0.3,0.5,0.001,1
