,L2,L2_true,N,std,jump,jump_prob,ve,dim
0,21.919523548364754,21.707659073449843,1000,0.01,0.3,0.5,0.001,3
