,L2,L2_true,N,std,jump,jump_prob,ve,dim
0,1.1889028599326532,1.1841796145195433,2,0.2,0.3,0.5,0.001,1
