,L2,L2_true,N,std,jump,jump_prob,ve,dim
0,3.478070676090399,0.633915473823364,517,0.01,0.3,0.5,0.01,2
