,L2,L2_true,N,std,jump,jump_prob,ve,dim
0,0.42298110152347995,0.42310878503168825,848,0.2,0.3,0.5,0.001,1
