,L2,L2_true,N,std,jump,jump_prob,ve,dim
0,4.83148394209802,3.6806360250020744,13,0.01,0.3,0.5,0.001,2
