,L2,L2_true,N,std,jump,jump_prob,ve,dim
0,3.9145733303650743,1.8487798556113406,84,0.01,0.3,0.5,0.01,2
