,L2,L2_true,N,std,jump,jump_prob,ve,dim
0,5.94082127941454,5.001938113670692,71,0.01,0.3,0.5,0.0025,2
