,L2,L2_true,N,std,jump,jump_prob,ve,dim
0,3.8630210350357235,1.7502525722044338,84,0.01,0.3,0.5,0.01,2
