,L2,L2_true,N,std,jump,jump_prob,ve,dim
0,2.6260673345067658,0.16749653038760706,2682,0.01,0.3,0.5,0.001,1
