,L2,L2_true,N,std,jump,jump_prob,ve,dim
0,1.029299251871283,1.0296496157548294,138,0.2,0.3,0.5,0.001,1
