,L2,L2_true,N,std,jump,jump_prob,ve,dim
0,6.045338031648015,5.115863112820986,71,0.01,0.3,0.5,0.0025,2
