,L2,L2_true,N,std,jump,jump_prob,ve,dim
0,0.5811869519657957,0.581141470132594,372,0.2,0.3,0.5,0.001,1
