,L2,L2_true,N,std,jump,jump_prob,ve,dim
0,5.631096905468531,4.684212065991004,22,0.01,0.3,0.5,0.001,2
