,L2,L2_true,N,std,jump,jump_prob,ve,dim
0,8.649376975383232,8.126385456301975,138,0.01,0.3,0.5,0.001,2
