,L2,L2_true,N,std,jump,jump_prob,ve,dim
0,3.755214538812906,1.8446852067722181,10,0.01,0.3,0.5,0.0025,1
