,L2,L2_true,N,std,jump,jump_prob,ve,dim
0,4.132882712077966,2.6877000795787986,6,0.01,0.3,0.5,0.001,2
