,L2,L2_true,N,std,jump,jump_prob,ve,dim
0,4.361135138117072,3.4764804197653465,2275,0.01,0.3,0.5,0.001,2
