,L2,L2_true,N,std,jump,jump_prob,ve,dim
0,2.5341807420450877,2.533651308126889,16,0.2,0.3,0.5,0.001,1
