,L2,L2_true,N,std,jump,jump_prob,ve,dim
0,5.1066821651716054,4.071638207432083,268,0.01,0.3,0.5,0.0025,2
