,L2,L2_true,N,std,jump,jump_prob,ve,dim
0,3.593925287031157,0.7079289128674165,2,0.01,0.3,0.5,0.01,1
