,L2,L2_true,N,std,jump,jump_prob,ve,dim
0,2.6839000796367984,0.6189633982530099,193,0.01,0.3,0.5,0.001,1
