,L2,L2_true,N,std,jump,jump_prob,ve,dim
0,20.175191491219437,19.954725051049856,719,0.01,0.3,0.5,0.001,3
