,L2,L2_true,N,std,jump,jump_prob,ve,dim
0,6.876932186863568,6.012969370287413,43,0.01,0.3,0.5,0.0025,3
