,L2,L2_true,N,std,jump,jump_prob,ve,dim
0,6.75855584929789,5.98941038574715,37,0.01,0.3,0.5,0.001,3
