,L2,L2_true,N,std,jump,jump_prob,ve,dim
0,2.0081250344449897,2.0072757021536365,37,0.05,0.3,0.5,0.001,1
