,L2,L2_true,N,std,jump,jump_prob,ve,dim
0,6.297639870081422,5.480289472506186,31,0.01,0.3,0.5,0.001,2
