,L2,L2_true,N,std,jump,jump_prob,ve,dim
0,0.4943581613175937,0.4933806073410539,517,0.2,0.3,0.5,0.001,1
