,L2,L2_true,N,std,jump,jump_prob,ve,dim
0,2.6303217537551085,0.3943815591251544,439,0.01,0.3,0.5,0.001,1
