,L2,L2_true,N,std,jump,jump_prob,ve,dim
0,5.2596177271728415,3.965578718527401,163,0.01,0.3,0.5,0.01,3
