,L2,L2_true,N,std,jump,jump_prob,ve,dim
0,1.7923488387011584,1.6776415569057124,4,0.05,0.3,0.5,0.001,1
