,L2,L2_true,N,std,jump,jump_prob,ve,dim
0,3.57186575941423,1.084601448816043,22,0.01,0.3,0.5,0.01,1
