,L2,L2_true,N,std,jump,jump_prob,ve,dim
0,0.30794161578559426,0.18563219577904094,2682,0.05,0.3,0.5,0.001,1
