,L2,L2_true,N,std,jump,jump_prob,ve,dim
0,0.4085180372562567,0.4088314853081757,719,0.2,0.3,0.5,0.001,1
