,L2,L2_true,N,std,jump,jump_prob,ve,dim
0,4.196700111773774,2.870839560370038,517,0.01,0.3,0.5,0.0025,2
