,L2,L2_true,N,std,jump,jump_prob,ve,dim
0,4.007141606782143,2.187234074496316,7,0.01,0.3,0.5,0.0025,1
