,L2,L2_true,N,std,jump,jump_prob,ve,dim
0,0.4671715156200611,0.4383113376004095,517,0.05,0.3,0.5,0.001,1
