,L2,L2_true,N,std,jump,jump_prob,ve,dim
0,12.564370327020757,12.179531578035592,193,0.01,0.3,0.5,0.001,3
