,L2,L2_true,N,std,jump,jump_prob,ve,dim
0,3.972372329873555,1.8392620788983016,7,0.01,0.3,0.5,0.01,2
