,L2,L2_true,N,std,jump,jump_prob,ve,dim
0,6.058949675471467,5.037167625049679,31,0.01,0.3,0.5,0.0025,3
