,L2,L2_true,N,std,jump,jump_prob,ve,dim
0,9.823346059128701,9.333742663190197,3000,0.01,0.3,0.5,0.0025,3
