,L2,L2_true,N,std,jump,jump_prob,ve,dim
0,12.140549594837205,11.727246615604697,1389,0.01,0.3,0.5,0.0025,3
