,L2,L2_true,N,std,jump,jump_prob,ve,dim
0,12.495195922569852,12.100859184481829,1178,0.01,0.3,0.5,0.0025,3
