,L2,L2_true,N,std,jump,jump_prob,ve,dim
0,5.250099657909259,3.9202148199581215,43,0.01,0.3,0.5,0.01,3
