,L2,L2_true,N,std,jump,jump_prob,ve,dim
0,3.42546769507468,0.2683086577284169,3000,0.01,0.3,0.5,0.01,2
