,L2,L2_true,N,std,jump,jump_prob,ve,dim
0,1.3500245145835321,1.1785607761914594,1,0.05,0.3,0.5,0.001,1
