,L2,L2_true,N,std,jump,jump_prob,ve,dim
0,3.079248825650063,0.6052223479345177,117,0.01,0.3,0.5,0.0025,1
