,L2,L2_true,N,std,jump,jump_prob,ve,dim
0,8.798831551490286,8.319440692976938,227,0.01,0.3,0.5,0.001,2
