,L2,L2_true,N,std,jump,jump_prob,ve,dim
0,0.3479544715840476,0.26027476620684253,1637,0.05,0.3,0.5,0.001,1
