,L2,L2_true,N,std,jump,jump_prob,ve,dim
0,0.4407454398910155,0.36852892973393386,848,0.05,0.3,0.5,0.001,1
