,L2,L2_true,N,std,jump,jump_prob,ve,dim
0,16.982993920275923,16.71084765744002,439,0.01,0.3,0.5,0.001,3
