,L2,L2_true,N,std,jump,jump_prob,ve,dim
0,5.034604759622552,3.7530627414593685,19,0.01,0.3,0.5,0.0025,2
