,L2,L2_true,N,std,jump,jump_prob,ve,dim
0,3.039085981436408,0.16756707855376415,719,0.01,0.3,0.5,0.0025,1
