,L2,L2_true,N,std,jump,jump_prob,ve,dim
0,0.3406969754579009,0.24182047181015154,1930,0.05,0.3,0.5,0.001,1
