,L2,L2_true,N,std,jump,jump_prob,ve,dim
0,3.4875893159202427,1.7216097420627698,1389,0.01,0.3,0.5,0.0025,2
