,L2,L2_true,N,std,jump,jump_prob,ve,dim
0,5.133359392700629,4.063238377152517,16,0.01,0.3,0.5,0.001,3
