,L2,L2_true,N,std,jump,jump_prob,ve,dim
0,2.0940961524550583,2.0801297186286134,61,0.05,0.3,0.5,0.001,1
