,L2,L2_true,N,std,jump,jump_prob,ve,dim
0,11.818741609287468,11.399682026572512,163,0.01,0.3,0.5,0.001,3
