,L2,L2_true,N,std,jump,jump_prob,ve,dim
0,4.582651521998071,3.1225164326188186,10,0.01,0.3,0.5,0.0025,3
