,L2,L2_true,N,std,jump,jump_prob,ve,dim
0,2.627042022229778,0.24902110715858397,1178,0.01,0.3,0.5,0.001,1
