,L2,L2_true,N,std,jump,jump_prob,ve,dim
0,3.6539522402611575,1.8810318997993147,2,0.01,0.3,0.5,0.001,1
