,L2,L2_true,N,std,jump,jump_prob,ve,dim
0,0.7431872135917789,0.7438084564830356,268,0.2,0.3,0.5,0.001,1
