,L2,L2_true,N,std,jump,jump_prob,ve,dim
0,2.6222641236985007,0.14498776360739854,2682,0.01,0.3,0.5,0.001,1
