,L2,L2_true,N,std,jump,jump_prob,ve,dim
0,6.011776618541675,5.066041918129429,71,0.01,0.3,0.5,0.0025,2
