,L2,L2_true,N,std,jump,jump_prob,ve,dim
0,2.262154682019472,2.2622243091684378,8,0.2,0.3,0.5,0.001,1
