,L2,L2_true,N,std,jump,jump_prob,ve,dim
0,2.8102862872434247,1.1001529966965418,84,0.01,0.3,0.5,0.001,1
