,L2,L2_true,N,std,jump,jump_prob,ve,dim
0,3.636421918930619,1.0576404869346703,11,0.01,0.3,0.5,0.01,1
