,L2,L2_true,N,std,jump,jump_prob,ve,dim
0,3.0253885570190278,0.08024353804496862,2275,0.01,0.3,0.5,0.0025,1
