,L2,L2_true,N,std,jump,jump_prob,ve,dim
0,3.5275896789285226,2.255345594041654,31,0.01,0.3,0.5,0.001,1
