,L2,L2_true,N,std,jump,jump_prob,ve,dim
0,3.4543043400666975,0.45780560624999556,1000,0.01,0.3,0.5,0.01,2
