,L2,L2_true,N,std,jump,jump_prob,ve,dim
0,3.051936160756076,0.33047284013107214,372,0.01,0.3,0.5,0.0025,1
