,L2,L2_true,N,std,jump,jump_prob,ve,dim
0,3.9909761769356495,2.467706661703489,6,0.01,0.3,0.5,0.001,1
