,L2,L2_true,N,std,jump,jump_prob,ve,dim
0,4.040582411621462,2.1127930256308614,51,0.01,0.3,0.5,0.01,2
