,L2,L2_true,N,std,jump,jump_prob,ve,dim
0,3.417559902690534,0.03316851121869895,3162,0.01,0.3,0.5,0.01,1
