,L2,L2_true,N,std,jump,jump_prob,ve,dim
0,8.733290603762285,8.073431634068669,100,0.01,0.3,0.5,0.0025,3
