,L2,L2_true,N,std,jump,jump_prob,ve,dim
0,0.22226784604624442,0.22227291860267828,3162,0.2,0.3,0.5,0.001,1
