,L2,L2_true,N,std,jump,jump_prob,ve,dim
0,10.264656346825046,9.715483128743983,163,0.01,0.3,0.5,0.0025,3
