,L2,L2_true,N,std,jump,jump_prob,ve,dim
0,3.759815626287017,1.2970978344701802,3,0.01,0.3,0.5,0.01,2
