,L2,L2_true,N,std,jump,jump_prob,ve,dim
0,4.278508668843799,2.5825075255496017,610,0.01,0.3,0.5,0.01,3
