,L2,L2_true,N,std,jump,jump_prob,ve,dim
0,4.590559902748794,2.940216236831173,16,0.01,0.3,0.5,0.01,3
