,L2,L2_true,N,std,jump,jump_prob,ve,dim
0,2.767345049384679,0.9522605962816002,138,0.01,0.3,0.5,0.001,1
