,L2,L2_true,N,std,jump,jump_prob,ve,dim
0,0.3940653165158708,0.3021955068503052,1178,0.05,0.3,0.5,0.001,1
