,L2,L2_true,N,std,jump,jump_prob,ve,dim
0,3.825460514567118,1.7994379129988403,2,0.01,0.3,0.5,0.0025,1
