,L2,L2_true,N,std,jump,jump_prob,ve,dim
0,3.7940420600200113,1.7630556694432387,3,0.01,0.3,0.5,0.0025,2
