,L2,L2_true,N,std,jump,jump_prob,ve,dim
0,3.7142696452773665,1.2064852410486255,6,0.01,0.3,0.5,0.01,1
