,L2,L2_true,N,std,jump,jump_prob,ve,dim
0,0.30688142094303644,0.21491105669973265,1637,0.05,0.3,0.5,0.001,1
