,L2,L2_true,N,std,jump,jump_prob,ve,dim
0,0.7525530122725198,0.7109940326502875,227,0.05,0.3,0.5,0.001,1
