,L2,L2_true,N,std,jump,jump_prob,ve,dim
0,3.628908102816758,1.3297845652412574,1,0.01,0.3,0.5,0.0025,1
