,L2,L2_true,N,std,jump,jump_prob,ve,dim
0,2.736903401720031,0.7541277829892259,138,0.01,0.3,0.5,0.001,1
