,L2,L2_true,N,std,jump,jump_prob,ve,dim
0,8.237963749360295,7.68437821718153,117,0.01,0.3,0.5,0.001,2
