,L2,L2_true,N,std,jump,jump_prob,ve,dim
0,3.620547770112204,1.8036148914662375,1,0.01,0.3,0.5,0.001,1
