,L2,L2_true,N,std,jump,jump_prob,ve,dim
0,5.171182538556112,3.788065386791774,37,0.01,0.3,0.5,0.01,3
