,L2,L2_true,N,std,jump,jump_prob,ve,dim
0,6.1652548637775615,5.55274978671736,1000,0.01,0.3,0.5,0.001,2
