,L2,L2_true,N,std,jump,jump_prob,ve,dim
0,0.557056321499467,0.5567429913501573,439,0.2,0.3,0.5,0.001,1
