,L2,L2_true,N,std,jump,jump_prob,ve,dim
0,4.6788779361,3.254197449776222,13,0.01,0.3,0.5,0.0025,2
