,L2,L2_true,N,std,jump,jump_prob,ve,dim
0,4.415512319901041,2.780558820883555,517,0.01,0.3,0.5,0.01,3
