,L2,L2_true,N,std,jump,jump_prob,ve,dim
0,2.643119365869399,0.32568838967187896,610,0.01,0.3,0.5,0.001,1
