,L2,L2_true,N,std,jump,jump_prob,ve,dim
0,4.881248416615109,3.794844439824185,316,0.01,0.3,0.5,0.0025,2
