,L2,L2_true,N,std,jump,jump_prob,ve,dim
0,10.876918210966387,10.4170300573836,138,0.01,0.3,0.5,0.001,3
