,L2,L2_true,N,std,jump,jump_prob,ve,dim
0,0.8985561974023902,0.8401881050407457,227,0.05,0.3,0.5,0.001,1
