,L2,L2_true,N,std,jump,jump_prob,ve,dim
0,0.37814375609429984,0.3706993436481239,1,0.2,0.3,0.5,0.001,1
