,L2,L2_true,N,std,jump,jump_prob,ve,dim
0,3.719697754452922,1.588012136335111,2,0.01,0.3,0.5,0.0025,3
