,L2,L2_true,N,std,jump,jump_prob,ve,dim
0,3.6327056368638755,1.1910813831941531,163,0.01,0.3,0.5,0.01,2
