,L2,L2_true,N,std,jump,jump_prob,ve,dim
0,5.5582442362153275,4.5702287617381705,138,0.01,0.3,0.5,0.0025,2
