,L2,L2_true,N,std,jump,jump_prob,ve,dim
0,5.704277359021945,4.625361396356689,26,0.01,0.3,0.5,0.0025,3
