,L2,L2_true,N,std,jump,jump_prob,ve,dim
0,3.65620789923842,1.2856507397419554,138,0.01,0.3,0.5,0.01,2
