,L2,L2_true,N,std,jump,jump_prob,ve,dim
0,7.917484296222888,7.1713703473655235,71,0.01,0.3,0.5,0.0025,3
