,L2,L2_true,N,std,jump,jump_prob,ve,dim
0,11.043092082047266,10.596015313087118,138,0.01,0.3,0.5,0.001,3
