,L2,L2_true,N,std,jump,jump_prob,ve,dim
0,8.729969185556566,8.062503788607987,100,0.01,0.3,0.5,0.0025,3
