,L2,L2_true,N,std,jump,jump_prob,ve,dim
0,3.9474898930879005,2.9489983231693575,3000,0.01,0.3,0.5,0.001,2
