,L2,L2_true,N,std,jump,jump_prob,ve,dim
0,5.393672155527118,4.248427429145623,31,0.01,0.3,0.5,0.0025,2
