,L2,L2_true,N,std,jump,jump_prob,ve,dim
0,3.2842834190248253,1.2609220588012477,43,0.01,0.3,0.5,0.0025,1
