,L2,L2_true,N,std,jump,jump_prob,ve,dim
0,3.611747497445522,0.7444193049239421,1,0.01,0.3,0.5,0.01,1
