,L2,L2_true,N,std,jump,jump_prob,ve,dim
0,5.281708328207217,3.994732298300447,163,0.01,0.3,0.5,0.01,3
