,L2,L2_true,N,std,jump,jump_prob,ve,dim
0,4.091075295750038,2.106409924521791,11,0.01,0.3,0.5,0.01,2
