,L2,L2_true,N,std,jump,jump_prob,ve,dim
0,4.196605965414809,2.3707102407623504,43,0.01,0.3,0.5,0.01,2
