,L2,L2_true,N,std,jump,jump_prob,ve,dim
0,3.7526907419164837,2.047241081804343,2,0.01,0.3,0.5,0.001,3
