,L2,L2_true,N,std,jump,jump_prob,ve,dim
0,3.901062677864677,2.34179171719555,5,0.01,0.3,0.5,0.001,1
