,L2,L2_true,N,std,jump,jump_prob,ve,dim
0,4.055245399865892,2.0001213743982964,6,0.01,0.3,0.5,0.01,3
