,L2,L2_true,N,std,jump,jump_prob,ve,dim
0,4.211135354742677,2.8411310663093228,10,0.01,0.3,0.5,0.001,1
