,L2,L2_true,N,std,jump,jump_prob,ve,dim
0,3.6793181433527886,1.4049304947586252,2000,0.01,0.3,0.5,0.01,3
