,L2,L2_true,N,std,jump,jump_prob,ve,dim
0,3.5726378596878883,1.5104588168855306,16,0.01,0.3,0.5,0.0025,1
