,L2,L2_true,N,std,jump,jump_prob,ve,dim
0,1.4309685724077081,1.4312140191682403,84,0.2,0.3,0.5,0.001,1
