,L2,L2_true,N,std,jump,jump_prob,ve,dim
0,1.939623723412253,1.8463241758792812,4,0.05,0.3,0.5,0.001,1
