,L2,L2_true,N,std,jump,jump_prob,ve,dim
0,5.152935441566564,4.075693043728947,16,0.01,0.3,0.5,0.001,2
