,L2,L2_true,N,std,jump,jump_prob,ve,dim
0,3.663043214599986,1.2997163662329536,138,0.01,0.3,0.5,0.01,2
