,L2,L2_true,N,std,jump,jump_prob,ve,dim
0,2.7650919608852638,2.7648154996076775,16,0.2,0.3,0.5,0.001,1
