,L2,L2_true,N,std,jump,jump_prob,ve,dim
0,2.7150465975908786,0.7659292492622278,163,0.01,0.3,0.5,0.001,1
