,L2,L2_true,N,std,jump,jump_prob,ve,dim
0,5.492000601825768,4.2502822718704785,100,0.01,0.3,0.5,0.01,3
