,L2,L2_true,N,std,jump,jump_prob,ve,dim
0,1.4029241303453812,1.3778576120544077,84,0.05,0.3,0.5,0.001,1
