,L2,L2_true,N,std,jump,jump_prob,ve,dim
0,3.618159384888324,0.7446206297290276,1,0.01,0.3,0.5,0.01,1
