,L2,L2_true,N,std,jump,jump_prob,ve,dim
0,1.7094273181939192,1.7081318720778107,4,0.2,0.3,0.5,0.001,1
