,L2,L2_true,N,std,jump,jump_prob,ve,dim
0,4.0424716102826554,2.2293959420992615,5,0.01,0.3,0.5,0.0025,2
