,L2,L2_true,N,std,jump,jump_prob,ve,dim
0,0.600028081164264,0.6006953287699791,372,0.2,0.3,0.5,0.001,1
