,L2,L2_true,N,std,jump,jump_prob,ve,dim
0,7.780817658349234,7.291995315302847,517,0.01,0.3,0.5,0.001,2
