,L2,L2_true,N,std,jump,jump_prob,ve,dim
0,3.0888846073021217,3.0661082476049697,16,0.05,0.3,0.5,0.001,1
