,L2,L2_true,N,std,jump,jump_prob,ve,dim
0,2.6467317845791203,0.4500635039860245,439,0.01,0.3,0.5,0.001,1
