,L2,L2_true,N,std,jump,jump_prob,ve,dim
0,0.43863268920517234,0.3702315126625252,848,0.05,0.3,0.5,0.001,1
