,L2,L2_true,N,std,jump,jump_prob,ve,dim
0,3.849076286685022,2.3590959801367672,848,0.01,0.3,0.5,0.0025,2
