,L2,L2_true,N,std,jump,jump_prob,ve,dim
0,3.4127248295193167,0.15595882234725153,227,0.01,0.3,0.5,0.01,1
