,L2,L2_true,N,std,jump,jump_prob,ve,dim
0,3.2388775898260933,1.1324801478469135,3000,0.01,0.3,0.5,0.0025,2
