,L2,L2_true,N,std,jump,jump_prob,ve,dim
0,4.152727074749734,2.3144277474849777,51,0.01,0.3,0.5,0.01,2
