,L2,L2_true,N,std,jump,jump_prob,ve,dim
0,24.62271423933623,24.44701752263367,2000,0.01,0.3,0.5,0.001,3
