,L2,L2_true,N,std,jump,jump_prob,ve,dim
0,9.78571101591625,9.215590293182196,138,0.01,0.3,0.5,0.0025,3
