,L2,L2_true,N,std,jump,jump_prob,ve,dim
0,4.225736421390587,2.914586095619205,517,0.01,0.3,0.5,0.0025,2
