,L2,L2_true,N,std,jump,jump_prob,ve,dim
0,9.280788657121743,8.664040863111774,117,0.01,0.3,0.5,0.0025,3
