,L2,L2_true,N,std,jump,jump_prob,ve,dim
0,3.8805101546934506,1.5969212238235877,4,0.01,0.3,0.5,0.01,3
