,L2,L2_true,N,std,jump,jump_prob,ve,dim
0,3.7374948247764554,1.5460314964174795,1637,0.01,0.3,0.5,0.01,3
