,L2,L2_true,N,std,jump,jump_prob,ve,dim
0,5.060062994722654,3.6322552325560857,31,0.01,0.3,0.5,0.01,3
