,L2,L2_true,N,std,jump,jump_prob,ve,dim
0,3.9056683851368375,1.8990593473510342,1178,0.01,0.3,0.5,0.01,3
