,L2,L2_true,N,std,jump,jump_prob,ve,dim
0,4.60330672224211,3.1442412009012175,13,0.01,0.3,0.5,0.0025,2
