,L2,L2_true,N,std,jump,jump_prob,ve,dim
0,4.024705365138536,2.0331124557499543,37,0.01,0.3,0.5,0.01,2
