,L2,L2_true,N,std,jump,jump_prob,ve,dim
0,3.676731444291805,2.059747009345257,1000,0.01,0.3,0.5,0.0025,2
