,L2,L2_true,N,std,jump,jump_prob,ve,dim
0,0.5491396698782036,0.48371994706604843,517,0.05,0.3,0.5,0.001,1
