,L2,L2_true,N,std,jump,jump_prob,ve,dim
0,3.5820236604631925,1.091722351609941,193,0.01,0.3,0.5,0.01,2
