,L2,L2_true,N,std,jump,jump_prob,ve,dim
0,3.6184368910182974,1.329293798701931,1,0.01,0.3,0.5,0.0025,1
