,L2,L2_true,N,std,jump,jump_prob,ve,dim
0,3.4294240559734077,0.061293355375257395,2682,0.01,0.3,0.5,0.01,1
