,L2,L2_true,N,std,jump,jump_prob,ve,dim
0,0.22099423304475713,0.2201325803191264,2682,0.2,0.3,0.5,0.001,1
