,L2,L2_true,N,std,jump,jump_prob,ve,dim
0,3.8629235113162816,2.309478273206919,7,0.01,0.3,0.5,0.001,1
