,L2,L2_true,N,std,jump,jump_prob,ve,dim
0,3.6444325617393245,2.013569217157597,1000,0.01,0.3,0.5,0.0025,2
