,L2,L2_true,N,std,jump,jump_prob,ve,dim
0,16.759788900014687,16.47026464845882,439,0.01,0.3,0.5,0.001,3
