,L2,L2_true,N,std,jump,jump_prob,ve,dim
0,1.3500904872055892,1.178679824994242,1,0.05,0.3,0.5,0.001,1
