,L2,L2_true,N,std,jump,jump_prob,ve,dim
0,3.6964306424115025,1.0943604934329263,2,0.01,0.3,0.5,0.01,2
