,L2,L2_true,N,std,jump,jump_prob,ve,dim
0,4.368462859957038,2.7857635594004058,8,0.01,0.3,0.5,0.0025,3
