,L2,L2_true,N,std,jump,jump_prob,ve,dim
0,3.029638046145522,0.2190050265981652,439,0.01,0.3,0.5,0.0025,1
