,L2,L2_true,N,std,jump,jump_prob,ve,dim
0,3.7304448494449214,1.599581773655381,2,0.01,0.3,0.5,0.0025,2
