,L2,L2_true,N,std,jump,jump_prob,ve,dim
0,10.219467901926457,9.669356632451558,163,0.01,0.3,0.5,0.0025,3
