,L2,L2_true,N,std,jump,jump_prob,ve,dim
0,8.239535823809426,7.619589540036388,61,0.01,0.3,0.5,0.001,3
