,L2,L2_true,N,std,jump,jump_prob,ve,dim
0,2.6230127966855936,0.1531859837559085,2682,0.01,0.3,0.5,0.001,1
