,L2,L2_true,N,std,jump,jump_prob,ve,dim
0,6.648702044260468,5.891860931500034,51,0.01,0.3,0.5,0.001,2
