,L2,L2_true,N,std,jump,jump_prob,ve,dim
0,5.677251500980078,4.664135873743567,84,0.01,0.3,0.5,0.0025,2
