,L2,L2_true,N,std,jump,jump_prob,ve,dim
0,10.640533350090829,10.177793759055687,2000,0.01,0.3,0.5,0.0025,3
