,L2,L2_true,N,std,jump,jump_prob,ve,dim
0,2.6299718492388116,0.31674834712080036,848,0.01,0.3,0.5,0.001,1
