,L2,L2_true,N,std,jump,jump_prob,ve,dim
0,3.895584050758176,2.4164645218915424,26,0.01,0.3,0.5,0.0025,1
