,L2,L2_true,N,std,jump,jump_prob,ve,dim
0,9.835620448103498,9.346633176940422,3000,0.01,0.3,0.5,0.0025,3
