,L2,L2_true,N,std,jump,jump_prob,ve,dim
0,3.114521948127711,0.7143680763564069,71,0.01,0.3,0.5,0.0025,1
