,L2,L2_true,N,std,jump,jump_prob,ve,dim
0,2.595838990925995,2.5601991697566198,11,0.05,0.3,0.5,0.001,1
