,L2,L2_true,N,std,jump,jump_prob,ve,dim
0,2.624644910202266,0.317372370835956,610,0.01,0.3,0.5,0.001,1
