,L2,L2_true,N,std,jump,jump_prob,ve,dim
0,3.418780229651963,0.1404654319537964,372,0.01,0.3,0.5,0.01,1
