,L2,L2_true,N,std,jump,jump_prob,ve,dim
0,10.387656832785117,9.913879847741136,117,0.01,0.3,0.5,0.001,3
