,L2,L2_true,N,std,jump,jump_prob,ve,dim
0,4.559656389675977,2.9970099461793906,439,0.01,0.3,0.5,0.01,3
