,L2,L2_true,N,std,jump,jump_prob,ve,dim
0,3.505781918265833,0.5985429360152094,19,0.01,0.3,0.5,0.01,1
