,L2,L2_true,N,std,jump,jump_prob,ve,dim
0,3.402445521270479,1.5301957104933237,31,0.01,0.3,0.5,0.0025,1
