,L2,L2_true,N,std,jump,jump_prob,ve,dim
0,2.6471195846206705,0.38607346910031093,517,0.01,0.3,0.5,0.001,1
