,L2,L2_true,N,std,jump,jump_prob,ve,dim
0,4.269846392249235,2.6362792197121943,10,0.01,0.3,0.5,0.0025,2
