,L2,L2_true,N,std,jump,jump_prob,ve,dim
0,3.20296676505487,1.7238304649311607,51,0.01,0.3,0.5,0.001,1
