,L2,L2_true,N,std,jump,jump_prob,ve,dim
0,6.003776982384153,5.085457486925484,71,0.01,0.3,0.5,0.0025,2
