,L2,L2_true,N,std,jump,jump_prob,ve,dim
0,3.9551077806709722,2.51636962324671,719,0.01,0.3,0.5,0.0025,2
