,L2,L2_true,N,std,jump,jump_prob,ve,dim
0,3.738985210339415,1.2273611140687901,5,0.01,0.3,0.5,0.01,1
