,L2,L2_true,N,std,jump,jump_prob,ve,dim
0,3.0269580753225815,0.10683304952416728,1637,0.01,0.3,0.5,0.0025,1
