,L2,L2_true,N,std,jump,jump_prob,ve,dim
0,4.1551692474146105,2.2170126519799185,8,0.01,0.3,0.5,0.01,2
