,L2,L2_true,N,std,jump,jump_prob,ve,dim
0,5.5218831303818074,4.4269524828244755,31,0.01,0.3,0.5,0.0025,2
