,L2,L2_true,N,std,jump,jump_prob,ve,dim
0,3.899768951210172,1.8335901289918066,71,0.01,0.3,0.5,0.01,2
