,L2,L2_true,N,std,jump,jump_prob,ve,dim
0,3.6763989256311445,1.015563333427031,2,0.01,0.3,0.5,0.01,2
