,L2,L2_true,N,std,jump,jump_prob,ve,dim
0,11.689522086524482,11.267615752318049,1637,0.01,0.3,0.5,0.0025,3
