,L2,L2_true,N,std,jump,jump_prob,ve,dim
0,3.623314996341505,1.3292442732711212,1,0.01,0.3,0.5,0.0025,2
