,L2,L2_true,N,std,jump,jump_prob,ve,dim
0,0.5967433696202249,0.5343428281764191,517,0.05,0.3,0.5,0.001,1
