,L2,L2_true,N,std,jump,jump_prob,ve,dim
0,9.317279569753326,8.775637214933896,84,0.01,0.3,0.5,0.001,3
