,L2,L2_true,N,std,jump,jump_prob,ve,dim
0,11.19908633590658,10.752878058612541,138,0.01,0.3,0.5,0.001,3
