,L2,L2_true,N,std,jump,jump_prob,ve,dim
0,1.781981915013465,1.66240606806398,3,0.05,0.3,0.5,0.001,1
