,L2,L2_true,N,std,jump,jump_prob,ve,dim
0,2.1847886231367766,2.131786385916961,7,0.05,0.3,0.5,0.001,1
