,L2,L2_true,N,std,jump,jump_prob,ve,dim
0,3.4508845033723405,0.4420635740173785,1000,0.01,0.3,0.5,0.01,2
