,L2,L2_true,N,std,jump,jump_prob,ve,dim
0,5.899947138390588,5.001035968355999,26,0.01,0.3,0.5,0.001,3
