,L2,L2_true,N,std,jump,jump_prob,ve,dim
0,5.414652971162494,4.256445722465502,22,0.01,0.3,0.5,0.0025,3
