,L2,L2_true,N,std,jump,jump_prob,ve,dim
0,0.19017106982636162,0.1899789169791386,3162,0.2,0.3,0.5,0.001,1
