,L2,L2_true,N,std,jump,jump_prob,ve,dim
0,2.348110465963974,2.348544586527831,8,0.2,0.3,0.5,0.001,1
