,L2,L2_true,N,std,jump,jump_prob,ve,dim
0,0.35283990840521084,0.251147719751319,1637,0.05,0.3,0.5,0.001,1
