,L2,L2_true,N,std,jump,jump_prob,ve,dim
0,9.739251716688246,9.155890834411395,138,0.01,0.3,0.5,0.0025,3
