,L2,L2_true,N,std,jump,jump_prob,ve,dim
0,9.717549000960698,9.13403005790334,138,0.01,0.3,0.5,0.0025,3
