,L2,L2_true,N,std,jump,jump_prob,ve,dim
0,1.7969119704999679,1.796689689806408,5,0.2,0.3,0.5,0.001,1
