,L2,L2_true,N,std,jump,jump_prob,ve,dim
0,4.093870115669277,2.946049873450871,19,0.01,0.3,0.5,0.001,1
