,L2,L2_true,N,std,jump,jump_prob,ve,dim
0,3.7254699642526807,1.6071975641846792,4,0.01,0.3,0.5,0.0025,1
