,L2,L2_true,N,std,jump,jump_prob,ve,dim
0,4.224722309012611,2.3100329439563185,8,0.01,0.3,0.5,0.01,3
