,L2,L2_true,N,std,jump,jump_prob,ve,dim
0,4.311141407727571,2.9621297558952793,7,0.01,0.3,0.5,0.001,3
