,L2,L2_true,N,std,jump,jump_prob,ve,dim
0,3.429094162092855,0.16584740470201784,117,0.01,0.3,0.5,0.01,1
