,L2,L2_true,N,std,jump,jump_prob,ve,dim
0,6.22040537413479,5.332070348099636,100,0.01,0.3,0.5,0.0025,2
