,L2,L2_true,N,std,jump,jump_prob,ve,dim
0,0.9105069950802716,0.8783627512616754,193,0.05,0.3,0.5,0.001,1
