,L2,L2_true,N,std,jump,jump_prob,ve,dim
0,3.8473971421599598,1.7227703532875958,84,0.01,0.3,0.5,0.01,2
