,L2,L2_true,N,std,jump,jump_prob,ve,dim
0,0.282480216163009,0.28313910967110606,1637,0.2,0.3,0.5,0.001,1
