,L2,L2_true,N,std,jump,jump_prob,ve,dim
0,3.061053190708903,0.3330410174314667,227,0.01,0.3,0.5,0.0025,1
