,L2,L2_true,N,std,jump,jump_prob,ve,dim
0,3.5051365818548943,0.7806513812160454,372,0.01,0.3,0.5,0.01,2
