,L2,L2_true,N,std,jump,jump_prob,ve,dim
0,4.773017931867796,3.5997927566788546,13,0.01,0.3,0.5,0.001,2
