,L2,L2_true,N,std,jump,jump_prob,ve,dim
0,0.36868586000600484,0.2886458875541578,1178,0.05,0.3,0.5,0.001,1
