,L2,L2_true,N,std,jump,jump_prob,ve,dim
0,6.674741036928255,5.910557637152832,43,0.01,0.3,0.5,0.001,2
