,L2,L2_true,N,std,jump,jump_prob,ve,dim
0,5.064526351397914,3.649690351182948,43,0.01,0.3,0.5,0.01,3
