,L2,L2_true,N,std,jump,jump_prob,ve,dim
0,4.911204503373446,4.138882599878298,1637,0.01,0.3,0.5,0.001,2
