,L2,L2_true,N,std,jump,jump_prob,ve,dim
0,7.034202970629667,6.291628094200131,43,0.01,0.3,0.5,0.001,3
