,L2,L2_true,N,std,jump,jump_prob,ve,dim
0,3.6523275524156564,0.9768075230790716,2,0.01,0.3,0.5,0.01,1
