,L2,L2_true,N,std,jump,jump_prob,ve,dim
0,3.4483686564919913,2.267061141794692,61,0.01,0.3,0.5,0.001,1
