,L2,L2_true,N,std,jump,jump_prob,ve,dim
0,1.829418234584537,1.729216582131462,5,0.05,0.3,0.5,0.001,1
