,L2,L2_true,N,std,jump,jump_prob,ve,dim
0,0.6041698372280517,0.6049574308766985,372,0.2,0.3,0.5,0.001,1
