,L2,L2_true,N,std,jump,jump_prob,ve,dim
0,3.0385806810948246,0.26876742913515916,372,0.01,0.3,0.5,0.0025,1
