,L2,L2_true,N,std,jump,jump_prob,ve,dim
0,4.941831413199624,3.8206761004638037,16,0.01,0.3,0.5,0.001,2
