,L2,L2_true,N,std,jump,jump_prob,ve,dim
0,4.583856110071287,3.1265926128739494,13,0.01,0.3,0.5,0.0025,2
