,L2,L2_true,N,std,jump,jump_prob,ve,dim
0,4.238242921585417,2.381447688808177,13,0.01,0.3,0.5,0.01,2
