,L2,L2_true,N,std,jump,jump_prob,ve,dim
0,2.6810698716532264,0.6240120660225612,227,0.01,0.3,0.5,0.001,1
