,L2,L2_true,N,std,jump,jump_prob,ve,dim
0,2.4474259713687587,2.4481429687965774,13,0.2,0.3,0.5,0.001,1
