,L2,L2_true,N,std,jump,jump_prob,ve,dim
0,7.124707263007991,6.294887281755172,51,0.01,0.3,0.5,0.0025,3
