,L2,L2_true,N,std,jump,jump_prob,ve,dim
0,6.092747074292943,5.201688918217044,117,0.01,0.3,0.5,0.0025,2
