,L2,L2_true,N,std,jump,jump_prob,ve,dim
0,2.6320853712940973,0.2689030055641354,1637,0.01,0.3,0.5,0.001,1
