,L2,L2_true,N,std,jump,jump_prob,ve,dim
0,0.2226200276499324,0.22269430133621992,2275,0.2,0.3,0.5,0.001,1
