,L2,L2_true,N,std,jump,jump_prob,ve,dim
0,10.198335925057043,9.648030323337974,163,0.01,0.3,0.5,0.0025,3
