,L2,L2_true,N,std,jump,jump_prob,ve,dim
0,5.692769034779688,4.744362277548681,22,0.01,0.3,0.5,0.001,3
