,L2,L2_true,N,std,jump,jump_prob,ve,dim
0,3.4808488837239575,1.6968953004492522,1389,0.01,0.3,0.5,0.0025,2
