,L2,L2_true,N,std,jump,jump_prob,ve,dim
0,4.7661517243038976,3.3908254043805854,16,0.01,0.3,0.5,0.0025,2
