,L2,L2_true,N,std,jump,jump_prob,ve,dim
0,3.59325585208395,1.8387340367403184,22,0.01,0.3,0.5,0.0025,1
