,L2,L2_true,N,std,jump,jump_prob,ve,dim
0,3.8411341956624034,2.290030489669545,7,0.01,0.3,0.5,0.001,1
