,L2,L2_true,N,std,jump,jump_prob,ve,dim
0,3.4733744797262336,1.436026483865974,19,0.01,0.3,0.5,0.0025,1
