,L2,L2_true,N,std,jump,jump_prob,ve,dim
0,0.41937501285469847,0.32991604201130326,1000,0.05,0.3,0.5,0.001,1
