,L2,L2_true,N,std,jump,jump_prob,ve,dim
0,1.4691457379141226,1.3248529177185289,2,0.05,0.3,0.5,0.001,1
