,L2,L2_true,N,std,jump,jump_prob,ve,dim
0,4.022130287347023,2.2252961281846138,5,0.01,0.3,0.5,0.0025,3
