,L2,L2_true,N,std,jump,jump_prob,ve,dim
0,3.492822517092322,1.7292838288727725,1389,0.01,0.3,0.5,0.0025,2
