,L2,L2_true,N,std,jump,jump_prob,ve,dim
0,10.867639648840814,10.416983541135554,2000,0.01,0.3,0.5,0.0025,3
