,L2,L2_true,N,std,jump,jump_prob,ve,dim
0,3.6290863080959936,0.7877766375079213,2,0.01,0.3,0.5,0.01,1
