,L2,L2_true,N,std,jump,jump_prob,ve,dim
0,5.491099902113707,4.237602311017722,84,0.01,0.3,0.5,0.01,3
