,L2,L2_true,N,std,jump,jump_prob,ve,dim
0,3.559005456753403,1.8502890941181223,1178,0.01,0.3,0.5,0.0025,2
