,L2,L2_true,N,std,jump,jump_prob,ve,dim
0,24.497199352360127,24.31809177575135,1637,0.01,0.3,0.5,0.001,3
