,L2,L2_true,N,std,jump,jump_prob,ve,dim
0,5.394813838850107,4.1140267287629335,117,0.01,0.3,0.5,0.01,3
