,L2,L2_true,N,std,jump,jump_prob,ve,dim
0,6.456220334565129,5.659328980179562,43,0.01,0.3,0.5,0.001,2
