,L2,L2_true,N,std,jump,jump_prob,ve,dim
0,0.3275450932495364,0.20901540168074417,2682,0.05,0.3,0.5,0.001,1
