,L2,L2_true,N,std,jump,jump_prob,ve,dim
0,2.5478380272810135,2.5098265094573793,10,0.05,0.3,0.5,0.001,1
