,L2,L2_true,N,std,jump,jump_prob,ve,dim
0,2.107276068054539,2.1061744974486327,6,0.2,0.3,0.5,0.001,1
