,L2,L2_true,N,std,jump,jump_prob,ve,dim
0,5.632723667501805,4.955994996897074,1178,0.01,0.3,0.5,0.001,2
