,L2,L2_true,N,std,jump,jump_prob,ve,dim
0,5.2817417546797065,4.097851227775828,22,0.01,0.3,0.5,0.0025,2
