,L2,L2_true,N,std,jump,jump_prob,ve,dim
0,3.8561533069124274,2.233900432910843,3,0.01,0.3,0.5,0.001,3
