,L2,L2_true,N,std,jump,jump_prob,ve,dim
0,3.044685426502858,0.2232724767385344,439,0.01,0.3,0.5,0.0025,1
