,L2,L2_true,N,std,jump,jump_prob,ve,dim
0,3.0649534307389166,0.4609610913342047,227,0.01,0.3,0.5,0.0025,1
