,L2,L2_true,N,std,jump,jump_prob,ve,dim
0,2.188914987019105,2.201655433481081,37,0.05,0.3,0.5,0.001,1
