,L2,L2_true,N,std,jump,jump_prob,ve,dim
0,8.718629163340518,8.218481434951606,193,0.01,0.3,0.5,0.001,2
