,L2,L2_true,N,std,jump,jump_prob,ve,dim
0,3.470351965107678,0.6440092400334898,26,0.01,0.3,0.5,0.01,1
