,L2,L2_true,N,std,jump,jump_prob,ve,dim
0,2.5815553763462114,2.507017434857538,8,0.05,0.3,0.5,0.001,1
