,L2,L2_true,N,std,jump,jump_prob,ve,dim
0,0.47289462885811073,0.41852314274898333,610,0.05,0.3,0.5,0.001,1
