,L2,L2_true,N,std,jump,jump_prob,ve,dim
0,12.577200056325848,12.184414895011832,1178,0.01,0.3,0.5,0.0025,3
