,L2,L2_true,N,std,jump,jump_prob,ve,dim
0,6.560635170224224,5.991580681408197,848,0.01,0.3,0.5,0.001,2
