,L2,L2_true,N,std,jump,jump_prob,ve,dim
0,2.625419132594164,0.21896504918607854,1000,0.01,0.3,0.5,0.001,1
