,L2,L2_true,N,std,jump,jump_prob,ve,dim
0,4.890956511664147,3.744171240799123,13,0.01,0.3,0.5,0.001,3
