,L2,L2_true,N,std,jump,jump_prob,ve,dim
0,2.7820787075069937,0.9928186542153431,138,0.01,0.3,0.5,0.001,1
