,L2,L2_true,N,std,jump,jump_prob,ve,dim
0,2.6444834461610123,0.42826594863808015,439,0.01,0.3,0.5,0.001,1
