,L2,L2_true,N,std,jump,jump_prob,ve,dim
0,7.242508964793278,6.423938355263314,51,0.01,0.3,0.5,0.0025,3
