,L2,L2_true,N,std,jump,jump_prob,ve,dim
0,3.8307081325874024,2.740128738356267,37,0.01,0.3,0.5,0.001,1
