,L2,L2_true,N,std,jump,jump_prob,ve,dim
0,10.351037514285526,9.867834089703553,117,0.01,0.3,0.5,0.001,3
