,L2,L2_true,N,std,jump,jump_prob,ve,dim
0,4.1389448014733095,2.178207204370658,11,0.01,0.3,0.5,0.01,2
