,L2,L2_true,N,std,jump,jump_prob,ve,dim
0,2.333264279423636,2.331877203126326,8,0.2,0.3,0.5,0.001,1
