,L2,L2_true,N,std,jump,jump_prob,ve,dim
0,3.686792489625019,1.3490736501384895,138,0.01,0.3,0.5,0.01,2
