,L2,L2_true,N,std,jump,jump_prob,ve,dim
0,1.6020178841475918,1.6220706114092285,43,0.05,0.3,0.5,0.001,1
