,L2,L2_true,N,std,jump,jump_prob,ve,dim
0,0.3669951364726589,0.36694358940564636,1000,0.2,0.3,0.5,0.001,1
