,L2,L2_true,N,std,jump,jump_prob,ve,dim
0,1.9687980530592912,1.8683600107601464,4,0.05,0.3,0.5,0.001,1
