,L2,L2_true,N,std,jump,jump_prob,ve,dim
0,2.111831421515877,2.0121906736414443,5,0.05,0.3,0.5,0.001,1
