,L2,L2_true,N,std,jump,jump_prob,ve,dim
0,3.03802564102673,0.1405707321044164,1000,0.01,0.3,0.5,0.0025,1
