,L2,L2_true,N,std,jump,jump_prob,ve,dim
0,4.934761997050998,3.6145252597435857,16,0.01,0.3,0.5,0.0025,2
