,L2,L2_true,N,std,jump,jump_prob,ve,dim
0,0.37331008504428376,0.2897797731247011,1389,0.05,0.3,0.5,0.001,1
