,L2,L2_true,N,std,jump,jump_prob,ve,dim
0,2.029630708280643,1.96367641110844,10,0.05,0.3,0.5,0.001,1
