,L2,L2_true,N,std,jump,jump_prob,ve,dim
0,5.130733631929308,3.735975438774556,37,0.01,0.3,0.5,0.01,3
