,L2,L2_true,N,std,jump,jump_prob,ve,dim
0,3.4333482257469337,0.1240447462963967,719,0.01,0.3,0.5,0.01,1
