,L2,L2_true,N,std,jump,jump_prob,ve,dim
0,2.3561744596416694,2.3571831668790666,11,0.2,0.3,0.5,0.001,1
