,L2,L2_true,N,std,jump,jump_prob,ve,dim
0,3.6905078628269044,1.5069809256137263,2,0.01,0.3,0.5,0.0025,2
