,L2,L2_true,N,std,jump,jump_prob,ve,dim
0,2.897954083337455,1.2060696175332133,84,0.01,0.3,0.5,0.001,1
