,L2,L2_true,N,std,jump,jump_prob,ve,dim
0,3.449554160990324,0.45709261842423277,1000,0.01,0.3,0.5,0.01,2
