,L2,L2_true,N,std,jump,jump_prob,ve,dim
0,4.908525492792598,3.504109500648449,316,0.01,0.3,0.5,0.01,3
