,L2,L2_true,N,std,jump,jump_prob,ve,dim
0,3.8535249548786132,2.4383818919988203,16,0.01,0.3,0.5,0.001,1
