,L2,L2_true,N,std,jump,jump_prob,ve,dim
0,0.42562994680088834,0.36361485120877945,719,0.05,0.3,0.5,0.001,1
