,L2,L2_true,N,std,jump,jump_prob,ve,dim
0,3.8794258174440923,1.6007224235748791,4,0.01,0.3,0.5,0.01,2
