,L2,L2_true,N,std,jump,jump_prob,ve,dim
0,0.8741590585521504,0.8750273633180539,2,0.2,0.3,0.5,0.001,1
