,L2,L2_true,N,std,jump,jump_prob,ve,dim
0,3.4242095500563328,0.11169242777022427,848,0.01,0.3,0.5,0.01,1
