,L2,L2_true,N,std,jump,jump_prob,ve,dim
0,4.827524058861862,3.4021631229337306,316,0.01,0.3,0.5,0.01,3
