,L2,L2_true,N,std,jump,jump_prob,ve,dim
0,4.385675877341063,2.614874566640585,11,0.01,0.3,0.5,0.01,3
