,L2,L2_true,N,std,jump,jump_prob,ve,dim
0,2.6247843873830017,0.2402429754730716,1389,0.01,0.3,0.5,0.001,1
