,L2,L2_true,N,std,jump,jump_prob,ve,dim
0,3.40881875994191,0.1507295004505654,193,0.01,0.3,0.5,0.01,1
