,L2,L2_true,N,std,jump,jump_prob,ve,dim
0,3.5252983235818567,1.6102365809296495,19,0.01,0.3,0.5,0.0025,1
