,L2,L2_true,N,std,jump,jump_prob,ve,dim
0,3.8412088844528958,2.2186118886826147,3,0.01,0.3,0.5,0.001,3
