,L2,L2_true,N,std,jump,jump_prob,ve,dim
0,1.9952698765639172,1.8938443213943257,6,0.05,0.3,0.5,0.001,1
