,L2,L2_true,N,std,jump,jump_prob,ve,dim
0,3.634652735478963,0.9081422235603408,2,0.01,0.3,0.5,0.01,1
