,L2,L2_true,N,std,jump,jump_prob,ve,dim
0,2.7158191475125393,2.6578526812389,10,0.05,0.3,0.5,0.001,1
