,L2,L2_true,N,std,jump,jump_prob,ve,dim
0,1.5663191388388982,1.4274956514669395,2,0.05,0.3,0.5,0.001,1
