,L2,L2_true,N,std,jump,jump_prob,ve,dim
0,3.4514229912382888,0.5355364841649459,610,0.01,0.3,0.5,0.01,2
