,L2,L2_true,N,std,jump,jump_prob,ve,dim
0,3.792405461050864,2.5810021084157007,26,0.01,0.3,0.5,0.001,1
