,L2,L2_true,N,std,jump,jump_prob,ve,dim
0,3.9347639443242755,2.3629071413895035,4,0.01,0.3,0.5,0.001,2
