,L2,L2_true,N,std,jump,jump_prob,ve,dim
0,8.068955983353684,7.494967465043535,100,0.01,0.3,0.5,0.001,2
