,L2,L2_true,N,std,jump,jump_prob,ve,dim
0,0.7744146810331924,0.7392301849362197,227,0.05,0.3,0.5,0.001,1
