,L2,L2_true,N,std,jump,jump_prob,ve,dim
0,4.635947511544172,2.9962291520799775,16,0.01,0.3,0.5,0.01,3
