,L2,L2_true,N,std,jump,jump_prob,ve,dim
0,3.6231040697870958,1.3295472702990903,1,0.01,0.3,0.5,0.0025,3
