,L2,L2_true,N,std,jump,jump_prob,ve,dim
0,3.7812335202670426,1.7382397099329934,4,0.01,0.3,0.5,0.0025,1
