,L2,L2_true,N,std,jump,jump_prob,ve,dim
0,4.237866248188348,2.579513314858285,7,0.01,0.3,0.5,0.0025,2
