,L2,L2_true,N,std,jump,jump_prob,ve,dim
0,2.1329576044526517,2.1336788655237475,43,0.2,0.3,0.5,0.001,1
