,L2,L2_true,N,std,jump,jump_prob,ve,dim
0,10.165371093949112,9.610314354037834,163,0.01,0.3,0.5,0.0025,3
