,L2,L2_true,N,std,jump,jump_prob,ve,dim
0,3.7146136670201555,1.1403084792372131,5,0.01,0.3,0.5,0.01,1
