,L2,L2_true,N,std,jump,jump_prob,ve,dim
0,3.9710782554202044,2.130536287415146,4,0.01,0.3,0.5,0.0025,2
