,L2,L2_true,N,std,jump,jump_prob,ve,dim
0,3.8020149631746114,2.1625773705564364,4,0.01,0.3,0.5,0.001,1
