,L2,L2_true,N,std,jump,jump_prob,ve,dim
0,3.4278379577568296,0.23063857776075225,100,0.01,0.3,0.5,0.01,1
