,L2,L2_true,N,std,jump,jump_prob,ve,dim
0,3.6579658164390385,2.0350010708915387,1000,0.01,0.3,0.5,0.0025,2
