,L2,L2_true,N,std,jump,jump_prob,ve,dim
0,8.201407810523204,7.646308068782564,138,0.01,0.3,0.5,0.001,2
