,L2,L2_true,N,std,jump,jump_prob,ve,dim
0,2.746740020226982,2.7229725790494457,26,0.05,0.3,0.5,0.001,1
