,L2,L2_true,N,std,jump,jump_prob,ve,dim
0,0.28127690514033454,0.28110784983692977,1389,0.2,0.3,0.5,0.001,1
