,L2,L2_true,N,std,jump,jump_prob,ve,dim
0,5.9507994792965535,5.323603184501597,1000,0.01,0.3,0.5,0.001,2
