,L2,L2_true,N,std,jump,jump_prob,ve,dim
0,3.6120862405297696,0.7360334112277751,2,0.01,0.3,0.5,0.01,1
