,L2,L2_true,N,std,jump,jump_prob,ve,dim
0,3.626659595871278,0.7448061737724554,1,0.01,0.3,0.5,0.01,3
