,L2,L2_true,N,std,jump,jump_prob,ve,dim
0,0.3761015838710359,0.2959668960372963,1389,0.05,0.3,0.5,0.001,1
