,L2,L2_true,N,std,jump,jump_prob,ve,dim
0,3.3669562250138965,1.4283975517959357,2000,0.01,0.3,0.5,0.0025,2
