,L2,L2_true,N,std,jump,jump_prob,ve,dim
0,12.002205704615436,11.600633489276433,163,0.01,0.3,0.5,0.001,3
