,L2,L2_true,N,std,jump,jump_prob,ve,dim
0,5.004723271998591,3.7119669243764832,16,0.01,0.3,0.5,0.0025,2
