,L2,L2_true,N,std,jump,jump_prob,ve,dim
0,0.32336333026978203,0.24069553550038245,1930,0.05,0.3,0.5,0.001,1
