,L2,L2_true,N,std,jump,jump_prob,ve,dim
0,4.055543960156748,2.2706884772654954,6,0.01,0.3,0.5,0.0025,2
