,L2,L2_true,N,std,jump,jump_prob,ve,dim
0,3.666848101414166,1.0520558858391327,6,0.01,0.3,0.5,0.01,1
