,L2,L2_true,N,std,jump,jump_prob,ve,dim
0,3.700341193499201,2.009479872518275,3,0.01,0.3,0.5,0.001,1
