,L2,L2_true,N,std,jump,jump_prob,ve,dim
0,3.0333356077829747,0.0847894140067629,3162,0.01,0.3,0.5,0.0025,1
