,L2,L2_true,N,std,jump,jump_prob,ve,dim
0,1.8880975007772147,1.7686189176447258,2,0.05,0.3,0.5,0.001,1
