,L2,L2_true,N,std,jump,jump_prob,ve,dim
0,6.028519717708439,5.098062401536726,100,0.01,0.3,0.5,0.0025,2
