,L2,L2_true,N,std,jump,jump_prob,ve,dim
0,0.3801603474508717,0.3241619434135224,848,0.05,0.3,0.5,0.001,1
