,L2,L2_true,N,std,jump,jump_prob,ve,dim
0,3.653997928990626,0.9923603296571744,2,0.01,0.3,0.5,0.01,2
