,L2,L2_true,N,std,jump,jump_prob,ve,dim
0,0.24492279178999588,0.24471437076035696,2275,0.2,0.3,0.5,0.001,1
