,L2,L2_true,N,std,jump,jump_prob,ve,dim
0,4.389880910863293,3.070564471101137,8,0.01,0.3,0.5,0.001,3
