,L2,L2_true,N,std,jump,jump_prob,ve,dim
0,3.75231406500636,1.5614557232498285,1637,0.01,0.3,0.5,0.01,3
