,L2,L2_true,N,std,jump,jump_prob,ve,dim
0,11.963428911736825,11.550684837464594,1637,0.01,0.3,0.5,0.0025,3
