,L2,L2_true,N,std,jump,jump_prob,ve,dim
0,3.6406568537598623,1.3867232031864776,2,0.01,0.3,0.5,0.0025,1
