,L2,L2_true,N,std,jump,jump_prob,ve,dim
0,5.195435173360977,4.158210262507824,227,0.01,0.3,0.5,0.0025,2
