,L2,L2_true,N,std,jump,jump_prob,ve,dim
0,12.440683991213382,12.010397135329836,439,0.01,0.3,0.5,0.0025,3
