,L2,L2_true,N,std,jump,jump_prob,ve,dim
0,10.983422082695352,10.544844129710198,1930,0.01,0.3,0.5,0.0025,3
