,L2,L2_true,N,std,jump,jump_prob,ve,dim
0,4.8844219357958885,3.47258795423805,316,0.01,0.3,0.5,0.01,3
