,L2,L2_true,N,std,jump,jump_prob,ve,dim
0,3.5850704514879883,1.0333701034597447,227,0.01,0.3,0.5,0.01,2
