,L2,L2_true,N,std,jump,jump_prob,ve,dim
0,12.102154445516618,11.673306934920882,439,0.01,0.3,0.5,0.0025,3
