,L2,L2_true,N,std,jump,jump_prob,ve,dim
0,2.340075171299565,2.3398903106787015,37,0.2,0.3,0.5,0.001,1
