,L2,L2_true,N,std,jump,jump_prob,ve,dim
0,2.7772416928897474,0.8963378127245131,117,0.01,0.3,0.5,0.001,1
