,L2,L2_true,N,std,jump,jump_prob,ve,dim
0,4.060416414276032,2.27464797686159,5,0.01,0.3,0.5,0.0025,2
