,L2,L2_true,N,std,jump,jump_prob,ve,dim
0,4.611693572093904,3.3720363162891114,11,0.01,0.3,0.5,0.001,2
