,L2,L2_true,N,std,jump,jump_prob,ve,dim
0,3.611377376967973,1.8004224129585193,1,0.01,0.3,0.5,0.001,1
