,L2,L2_true,N,std,jump,jump_prob,ve,dim
0,12.459430751427448,12.02445183907905,439,0.01,0.3,0.5,0.0025,3
