,L2,L2_true,N,std,jump,jump_prob,ve,dim
0,1.846652287631321,1.8452629127286533,5,0.2,0.3,0.5,0.001,1
