,L2,L2_true,N,std,jump,jump_prob,ve,dim
0,4.391121266929822,3.5158586375320975,2275,0.01,0.3,0.5,0.001,2
