,L2,L2_true,N,std,jump,jump_prob,ve,dim
0,3.729927528319798,1.4401418287962664,1930,0.01,0.3,0.5,0.01,3
