,L2,L2_true,N,std,jump,jump_prob,ve,dim
0,3.6256540449880617,1.3297869104267055,1,0.01,0.3,0.5,0.0025,1
