,L2,L2_true,N,std,jump,jump_prob,ve,dim
0,10.166606145562536,9.614464437303196,163,0.01,0.3,0.5,0.0025,3
