,L2,L2_true,N,std,jump,jump_prob,ve,dim
0,1.3504737802451325,1.1787569485395242,1,0.05,0.3,0.5,0.001,1
