,L2,L2_true,N,std,jump,jump_prob,ve,dim
0,3.95719284740178,1.7636717432586302,5,0.01,0.3,0.5,0.01,2
