,L2,L2_true,N,std,jump,jump_prob,ve,dim
0,11.328532897639453,10.90142679178306,1930,0.01,0.3,0.5,0.0025,3
