,L2,L2_true,N,std,jump,jump_prob,ve,dim
0,2.429411337604459,2.4275009462172497,8,0.2,0.3,0.5,0.001,1
