,L2,L2_true,N,std,jump,jump_prob,ve,dim
0,2.0811322180150635,2.062025965566163,61,0.05,0.3,0.5,0.001,1
