,L2,L2_true,N,std,jump,jump_prob,ve,dim
0,3.6663912900805116,1.7716927428331832,16,0.01,0.3,0.5,0.0025,1
