,L2,L2_true,N,std,jump,jump_prob,ve,dim
0,2.7692665566652455,0.9637651995809859,117,0.01,0.3,0.5,0.001,1
