,L2,L2_true,N,std,jump,jump_prob,ve,dim
0,3.6146282175724065,1.327235805454923,1,0.01,0.3,0.5,0.0025,1
