,L2,L2_true,N,std,jump,jump_prob,ve,dim
0,3.554972030570707,0.8008052768527537,10,0.01,0.3,0.5,0.01,1
