,L2,L2_true,N,std,jump,jump_prob,ve,dim
0,3.4727515190019784,0.5939670613354482,37,0.01,0.3,0.5,0.01,1
