,L2,L2_true,N,std,jump,jump_prob,ve,dim
0,11.051939340164736,10.612415238983187,1930,0.01,0.3,0.5,0.0025,3
