,L2,L2_true,N,std,jump,jump_prob,ve,dim
0,0.7583919868222415,0.7306262459546123,227,0.05,0.3,0.5,0.001,1
