,L2,L2_true,N,std,jump,jump_prob,ve,dim
0,3.8007850073570464,1.4735773070194589,7,0.01,0.3,0.5,0.01,1
