,L2,L2_true,N,std,jump,jump_prob,ve,dim
0,25.715921073683823,25.561379036372877,2275,0.01,0.3,0.5,0.001,3
