,L2,L2_true,N,std,jump,jump_prob,ve,dim
0,3.0677761138934847,3.066032787613112,19,0.2,0.3,0.5,0.001,1
