,L2,L2_true,N,std,jump,jump_prob,ve,dim
0,3.409329244304199,0.057205121988277756,1000,0.01,0.3,0.5,0.01,1
