,L2,L2_true,N,std,jump,jump_prob,ve,dim
0,4.284320079633217,2.4923553204830924,19,0.01,0.3,0.5,0.01,2
