,L2,L2_true,N,std,jump,jump_prob,ve,dim
0,2.2408066320925655,2.240417155150791,22,0.2,0.3,0.5,0.001,1
