,L2,L2_true,N,std,jump,jump_prob,ve,dim
0,3.040530441568404,0.2474581826110036,439,0.01,0.3,0.5,0.0025,1
