,L2,L2_true,N,std,jump,jump_prob,ve,dim
0,3.8066283806950922,1.677600963645542,117,0.01,0.3,0.5,0.01,2
