,L2,L2_true,N,std,jump,jump_prob,ve,dim
0,3.0985534016934153,1.5320933607971554,61,0.01,0.3,0.5,0.001,1
