,L2,L2_true,N,std,jump,jump_prob,ve,dim
0,21.02593719247317,20.809524306851323,848,0.01,0.3,0.5,0.001,3
