,L2,L2_true,N,std,jump,jump_prob,ve,dim
0,5.733105252586655,4.7983954595018705,163,0.01,0.3,0.5,0.0025,2
