,L2,L2_true,N,std,jump,jump_prob,ve,dim
0,1.9049946916516594,1.905277358759833,5,0.2,0.3,0.5,0.001,1
