,L2,L2_true,N,std,jump,jump_prob,ve,dim
0,12.806700839462819,12.439071339148882,193,0.01,0.3,0.5,0.001,3
