,L2,L2_true,N,std,jump,jump_prob,ve,dim
0,8.983509111080696,8.339369393955616,100,0.01,0.3,0.5,0.0025,3
