,L2,L2_true,N,std,jump,jump_prob,ve,dim
0,2.708187249038812,0.8074761886552057,268,0.01,0.3,0.5,0.001,1
