,L2,L2_true,N,std,jump,jump_prob,ve,dim
0,5.525668055920075,4.380048799966415,22,0.01,0.3,0.5,0.0025,3
