,L2,L2_true,N,std,jump,jump_prob,ve,dim
0,4.173532955331796,2.240198138987091,10,0.01,0.3,0.5,0.01,2
