,L2,L2_true,N,std,jump,jump_prob,ve,dim
0,2.2138563943870375,2.214800924741155,7,0.2,0.3,0.5,0.001,1
