,L2,L2_true,N,std,jump,jump_prob,ve,dim
0,8.795131918562868,8.138981613438656,100,0.01,0.3,0.5,0.0025,3
