,L2,L2_true,N,std,jump,jump_prob,ve,dim
0,4.254258658437236,2.6022086703463567,7,0.01,0.3,0.5,0.0025,2
