,L2,L2_true,N,std,jump,jump_prob,ve,dim
0,3.0522599981459075,0.15691501860324386,1637,0.01,0.3,0.5,0.0025,1
