,L2,L2_true,N,std,jump,jump_prob,ve,dim
0,6.932647203721389,6.176571451543188,43,0.01,0.3,0.5,0.001,3
