,L2,L2_true,N,std,jump,jump_prob,ve,dim
0,3.6771146870603086,1.1112246720084902,3,0.01,0.3,0.5,0.01,1
