,L2,L2_true,N,std,jump,jump_prob,ve,dim
0,3.9078131986768456,1.6778366419121704,5,0.01,0.3,0.5,0.01,2
