,L2,L2_true,N,std,jump,jump_prob,ve,dim
0,3.4116103466069756,0.19530913395944402,100,0.01,0.3,0.5,0.01,1
