,L2,L2_true,N,std,jump,jump_prob,ve,dim
0,1.543852083647975,1.527033309377709,84,0.05,0.3,0.5,0.001,1
