,L2,L2_true,N,std,jump,jump_prob,ve,dim
0,8.843513236922416,8.354681988707732,227,0.01,0.3,0.5,0.001,2
