,L2,L2_true,N,std,jump,jump_prob,ve,dim
0,2.103576159809686,2.0091763312479136,4,0.05,0.3,0.5,0.001,1
