,L2,L2_true,N,std,jump,jump_prob,ve,dim
0,3.781786259355689,1.8081315838408567,6,0.01,0.3,0.5,0.0025,1
