,L2,L2_true,N,std,jump,jump_prob,ve,dim
0,5.311337313476154,3.9727967429101496,51,0.01,0.3,0.5,0.01,3
