,L2,L2_true,N,std,jump,jump_prob,ve,dim
0,2.406899612845484,2.368192541674299,19,0.05,0.3,0.5,0.001,1
