,L2,L2_true,N,std,jump,jump_prob,ve,dim
0,3.611384278785734,1.8038210038878064,1,0.01,0.3,0.5,0.001,2
