,L2,L2_true,N,std,jump,jump_prob,ve,dim
0,2.639535822982168,0.3928258378770798,439,0.01,0.3,0.5,0.001,1
