,L2,L2_true,N,std,jump,jump_prob,ve,dim
0,0.4757722913247401,0.4103023438863957,719,0.05,0.3,0.5,0.001,1
