,L2,L2_true,N,std,jump,jump_prob,ve,dim
0,0.7321649227627224,0.6866890860270098,268,0.05,0.3,0.5,0.001,1
