,L2,L2_true,N,std,jump,jump_prob,ve,dim
0,2.6466335350533052,0.4647848614451936,372,0.01,0.3,0.5,0.001,1
