,L2,L2_true,N,std,jump,jump_prob,ve,dim
0,1.761765023525441,1.6414032941428571,3,0.05,0.3,0.5,0.001,1
