,L2,L2_true,N,std,jump,jump_prob,ve,dim
0,0.4307774646569445,0.43059458334985706,610,0.2,0.3,0.5,0.001,1
