,L2,L2_true,N,std,jump,jump_prob,ve,dim
0,4.583150535447035,3.1150238420511043,13,0.01,0.3,0.5,0.0025,2
