,L2,L2_true,N,std,jump,jump_prob,ve,dim
0,5.025325529486606,3.9242637232875572,16,0.01,0.3,0.5,0.001,2
