,L2,L2_true,N,std,jump,jump_prob,ve,dim
0,0.8461265963152598,0.8463245256030489,227,0.2,0.3,0.5,0.001,1
