,L2,L2_true,N,std,jump,jump_prob,ve,dim
0,4.059034495933105,2.1939913298314906,848,0.01,0.3,0.5,0.01,3
