,L2,L2_true,N,std,jump,jump_prob,ve,dim
0,3.4344831830061517,0.4301327310233118,1178,0.01,0.3,0.5,0.01,2
