,L2,L2_true,N,std,jump,jump_prob,ve,dim
0,9.85957493049068,9.355728417443865,100,0.01,0.3,0.5,0.001,3
