,L2,L2_true,N,std,jump,jump_prob,ve,dim
0,2.6247497468579972,0.16342746153211302,3162,0.01,0.3,0.5,0.001,1
