,L2,L2_true,N,std,jump,jump_prob,ve,dim
0,10.535948704999823,10.063824676617818,117,0.01,0.3,0.5,0.001,3
