,L2,L2_true,N,std,jump,jump_prob,ve,dim
0,5.1615705594731605,4.434861285479733,1389,0.01,0.3,0.5,0.001,2
