,L2,L2_true,N,std,jump,jump_prob,ve,dim
0,12.348093965638519,11.918580521517793,439,0.01,0.3,0.5,0.0025,3
