,L2,L2_true,N,std,jump,jump_prob,ve,dim
0,0.9045963025245595,0.9047262923630499,2,0.2,0.3,0.5,0.001,1
