,L2,L2_true,N,std,jump,jump_prob,ve,dim
0,3.998758205745596,2.173498734611882,5,0.01,0.3,0.5,0.0025,2
