,L2,L2_true,N,std,jump,jump_prob,ve,dim
0,3.432587484392636,0.3451157464397008,1637,0.01,0.3,0.5,0.01,2
