,L2,L2_true,N,std,jump,jump_prob,ve,dim
0,4.257492229690161,2.6127250654447884,7,0.01,0.3,0.5,0.0025,3
