,L2,L2_true,N,std,jump,jump_prob,ve,dim
0,3.6371055370858967,3.638934686261805,16,0.2,0.3,0.5,0.001,1
