,L2,L2_true,N,std,jump,jump_prob,ve,dim
0,3.5078071684359813,0.8117806426699449,19,0.01,0.3,0.5,0.01,1
