,L2,L2_true,N,std,jump,jump_prob,ve,dim
0,2.099475550213569,1.9941763159815102,5,0.05,0.3,0.5,0.001,1
