,L2,L2_true,N,std,jump,jump_prob,ve,dim
0,2.67327781089239,2.672253400130686,19,0.2,0.3,0.5,0.001,1
