,L2,L2_true,N,std,jump,jump_prob,ve,dim
0,3.590636109067869,1.5904105750730941,13,0.01,0.3,0.5,0.0025,1
