,L2,L2_true,N,std,jump,jump_prob,ve,dim
0,1.9713577803444025,1.9708407556274352,6,0.2,0.3,0.5,0.001,1
