,L2,L2_true,N,std,jump,jump_prob,ve,dim
0,3.4251844689978217,0.06876081941670487,1178,0.01,0.3,0.5,0.01,1
