,L2,L2_true,N,std,jump,jump_prob,ve,dim
0,1.350689532509335,1.1788952755151914,1,0.05,0.3,0.5,0.001,1
