,L2,L2_true,N,std,jump,jump_prob,ve,dim
0,3.4154457627027153,0.03888958814028313,2275,0.01,0.3,0.5,0.01,1
