,L2,L2_true,N,std,jump,jump_prob,ve,dim
0,8.732856700157065,8.066475955684009,100,0.01,0.3,0.5,0.0025,3
