,L2,L2_true,N,std,jump,jump_prob,ve,dim
0,0.3779997472082465,0.3705596744868613,1,0.2,0.3,0.5,0.001,1
