,L2,L2_true,N,std,jump,jump_prob,ve,dim
0,3.2723557344689853,1.796501071890901,31,0.01,0.3,0.5,0.001,1
