,L2,L2_true,N,std,jump,jump_prob,ve,dim
0,1.0526454873942754,1.0519969853430708,163,0.2,0.3,0.5,0.001,1
