,L2,L2_true,N,std,jump,jump_prob,ve,dim
0,5.138558141245855,3.739510922566314,26,0.01,0.3,0.5,0.01,3
