,L2,L2_true,N,std,jump,jump_prob,ve,dim
0,22.841034141993212,22.6598795785655,1389,0.01,0.3,0.5,0.001,3
