,L2,L2_true,N,std,jump,jump_prob,ve,dim
0,3.7275908702070604,1.5014630140411152,13,0.01,0.3,0.5,0.01,1
