,L2,L2_true,N,std,jump,jump_prob,ve,dim
0,6.066901005045077,5.149217012955479,100,0.01,0.3,0.5,0.0025,2
