,L2,L2_true,N,std,jump,jump_prob,ve,dim
0,3.028642275892388,0.2334374800084058,372,0.01,0.3,0.5,0.0025,1
