,L2,L2_true,N,std,jump,jump_prob,ve,dim
0,3.688281228364312,1.2412761752851562,10,0.01,0.3,0.5,0.01,1
