,L2,L2_true,N,std,jump,jump_prob,ve,dim
0,10.32426003413856,9.841606000237238,117,0.01,0.3,0.5,0.001,3
