,L2,L2_true,N,std,jump,jump_prob,ve,dim
0,2.2673176891839057,2.2245416130488946,11,0.05,0.3,0.5,0.001,1
