,L2,L2_true,N,std,jump,jump_prob,ve,dim
0,3.7244869679151176,2.0259778468726886,3,0.01,0.3,0.5,0.001,1
