,L2,L2_true,N,std,jump,jump_prob,ve,dim
0,5.362483950589854,4.094590349089062,163,0.01,0.3,0.5,0.01,3
