,L2,L2_true,N,std,jump,jump_prob,ve,dim
0,0.33442590320596444,0.25143570708173674,1930,0.05,0.3,0.5,0.001,1
