,L2,L2_true,N,std,jump,jump_prob,ve,dim
0,3.9489215211557602,1.7831265511126357,6,0.01,0.3,0.5,0.01,2
