,L2,L2_true,N,std,jump,jump_prob,ve,dim
0,1.3430790761040197,1.3436500998192504,71,0.05,0.3,0.5,0.001,1
