,L2,L2_true,N,std,jump,jump_prob,ve,dim
0,3.641439917935191,1.4230248615456849,2,0.01,0.3,0.5,0.0025,1
