,L2,L2_true,N,std,jump,jump_prob,ve,dim
0,3.676729937030287,1.1980423761252428,6,0.01,0.3,0.5,0.01,1
