,L2,L2_true,N,std,jump,jump_prob,ve,dim
0,12.982692528991707,12.587880717971407,610,0.01,0.3,0.5,0.0025,3
