,L2,L2_true,N,std,jump,jump_prob,ve,dim
0,3.467878513427926,0.5592197028416123,610,0.01,0.3,0.5,0.01,2
