,L2,L2_true,N,std,jump,jump_prob,ve,dim
0,2.9631057693254186,2.9361125947828817,16,0.05,0.3,0.5,0.001,1
