,L2,L2_true,N,std,jump,jump_prob,ve,dim
0,5.624287872750751,4.418581801313722,71,0.01,0.3,0.5,0.01,3
