,L2,L2_true,N,std,jump,jump_prob,ve,dim
0,4.1002753997419275,2.3378607848191852,6,0.01,0.3,0.5,0.0025,2
