,L2,L2_true,N,std,jump,jump_prob,ve,dim
0,2.9955682850325944,1.4506452495916804,71,0.01,0.3,0.5,0.001,1
