,L2,L2_true,N,std,jump,jump_prob,ve,dim
0,3.4437916365851278,0.4323833543921704,1000,0.01,0.3,0.5,0.01,2
