,L2,L2_true,N,std,jump,jump_prob,ve,dim
0,2.17458778478282,2.092812720675099,6,0.05,0.3,0.5,0.001,1
