,L2,L2_true,N,std,jump,jump_prob,ve,dim
0,0.7861261524239542,0.759984512317068,227,0.05,0.3,0.5,0.001,1
