,L2,L2_true,N,std,jump,jump_prob,ve,dim
0,8.78992978051968,8.280052658633652,163,0.01,0.3,0.5,0.001,2
