,L2,L2_true,N,std,jump,jump_prob,ve,dim
0,3.5298347402920447,0.7897959822769207,13,0.01,0.3,0.5,0.01,1
