,L2,L2_true,N,std,jump,jump_prob,ve,dim
0,3.7356506932657743,1.3330303390654172,5,0.01,0.3,0.5,0.01,1
