,L2,L2_true,N,std,jump,jump_prob,ve,dim
0,3.6501137766153198,1.3807879420708828,2,0.01,0.3,0.5,0.0025,1
