,L2,L2_true,N,std,jump,jump_prob,ve,dim
0,3.6542168056845825,0.9890145613581472,5,0.01,0.3,0.5,0.01,1
