,L2,L2_true,N,std,jump,jump_prob,ve,dim
0,4.442401343581919,2.7685853100109807,22,0.01,0.3,0.5,0.01,2
