,L2,L2_true,N,std,jump,jump_prob,ve,dim
0,8.5045711435593,8.013387852412084,268,0.01,0.3,0.5,0.001,2
