,L2,L2_true,N,std,jump,jump_prob,ve,dim
0,3.839513278069441,1.9029505936505628,6,0.01,0.3,0.5,0.0025,1
