,L2,L2_true,N,std,jump,jump_prob,ve,dim
0,3.6286940524386915,1.3291869710398667,1,0.01,0.3,0.5,0.0025,1
