,L2,L2_true,N,std,jump,jump_prob,ve,dim
0,0.2223827034953819,0.22237948416783973,2682,0.2,0.3,0.5,0.001,1
