,L2,L2_true,N,std,jump,jump_prob,ve,dim
0,7.031523047259985,6.500859878056413,719,0.01,0.3,0.5,0.001,2
