,L2,L2_true,N,std,jump,jump_prob,ve,dim
0,2.1561341308268736,2.0910953124231435,16,0.05,0.3,0.5,0.001,1
