,L2,L2_true,N,std,jump,jump_prob,ve,dim
0,15.98903546417585,15.699820404895354,372,0.01,0.3,0.5,0.001,3
