,L2,L2_true,N,std,jump,jump_prob,ve,dim
0,9.157686510490983,8.605963811810101,84,0.01,0.3,0.5,0.001,3
