,L2,L2_true,N,std,jump,jump_prob,ve,dim
0,3.2893153303736735,1.9916745098101836,51,0.01,0.3,0.5,0.001,1
