,L2,L2_true,N,std,jump,jump_prob,ve,dim
0,5.200839197241403,3.823778888834893,31,0.01,0.3,0.5,0.01,3
