,L2,L2_true,N,std,jump,jump_prob,ve,dim
0,3.6218295569745282,1.8033020544711789,1,0.01,0.3,0.5,0.001,1
