,L2,L2_true,N,std,jump,jump_prob,ve,dim
0,14.140339529880038,13.797086460913036,268,0.01,0.3,0.5,0.001,3
