,L2,L2_true,N,std,jump,jump_prob,ve,dim
0,3.443355186151736,0.36110160338371805,43,0.01,0.3,0.5,0.01,1
