,L2,L2_true,N,std,jump,jump_prob,ve,dim
0,3.407509708097965,0.07499699382559895,719,0.01,0.3,0.5,0.01,1
