,L2,L2_true,N,std,jump,jump_prob,ve,dim
0,9.221457105523886,8.600495769005827,117,0.01,0.3,0.5,0.0025,3
