,L2,L2_true,N,std,jump,jump_prob,ve,dim
0,3.888684023080095,1.8553666752261435,1178,0.01,0.3,0.5,0.01,3
