,L2,L2_true,N,std,jump,jump_prob,ve,dim
0,1.5725599547166944,1.5754874916576267,4,0.2,0.3,0.5,0.001,1
