,L2,L2_true,N,std,jump,jump_prob,ve,dim
0,2.6182386396032773,0.16335929547347544,1930,0.01,0.3,0.5,0.001,1
