,L2,L2_true,N,std,jump,jump_prob,ve,dim
0,2.1054760210997525,2.1066941798102192,8,0.2,0.3,0.5,0.001,1
