,L2,L2_true,N,std,jump,jump_prob,ve,dim
0,2.670417081223307,0.6195231040690057,268,0.01,0.3,0.5,0.001,1
