,L2,L2_true,N,std,jump,jump_prob,ve,dim
0,2.982824091432876,2.9837513879185127,16,0.2,0.3,0.5,0.001,1
