,L2,L2_true,N,std,jump,jump_prob,ve,dim
0,3.9645220528523675,1.790572120596745,5,0.01,0.3,0.5,0.01,3
