,L2,L2_true,N,std,jump,jump_prob,ve,dim
0,12.905106470262634,12.49637392545792,610,0.01,0.3,0.5,0.0025,3
