,L2,L2_true,N,std,jump,jump_prob,ve,dim
0,3.6222184418733505,0.744715756756992,1,0.01,0.3,0.5,0.01,3
