,L2,L2_true,N,std,jump,jump_prob,ve,dim
0,11.272173611438202,10.836135966142944,138,0.01,0.3,0.5,0.001,3
