,L2,L2_true,N,std,jump,jump_prob,ve,dim
0,4.233023596387776,2.9287190235115386,517,0.01,0.3,0.5,0.0025,2
