,L2,L2_true,N,std,jump,jump_prob,ve,dim
0,3.421985995489081,0.22523585273527788,138,0.01,0.3,0.5,0.01,1
