,L2,L2_true,N,std,jump,jump_prob,ve,dim
0,5.0987995981217065,3.7480751152655585,227,0.01,0.3,0.5,0.01,3
