,L2,L2_true,N,std,jump,jump_prob,ve,dim
0,6.366265612419137,5.537082161213428,31,0.01,0.3,0.5,0.001,3
