,L2,L2_true,N,std,jump,jump_prob,ve,dim
0,6.15912263474305,5.155639357009584,31,0.01,0.3,0.5,0.0025,3
