,L2,L2_true,N,std,jump,jump_prob,ve,dim
0,3.083971740138685,0.5772814344223923,193,0.01,0.3,0.5,0.0025,1
