,L2,L2_true,N,std,jump,jump_prob,ve,dim
0,3.8943788735429834,1.610080099692776,4,0.01,0.3,0.5,0.01,3
