,L2,L2_true,N,std,jump,jump_prob,ve,dim
0,3.433883761567892,0.3477950089251207,1637,0.01,0.3,0.5,0.01,2
