,L2,L2_true,N,std,jump,jump_prob,ve,dim
0,4.170824430117969,2.2339182784218328,10,0.01,0.3,0.5,0.01,2
