,L2,L2_true,N,std,jump,jump_prob,ve,dim
0,3.0343781831852343,0.17070626782588158,1178,0.01,0.3,0.5,0.0025,1
