,L2,L2_true,N,std,jump,jump_prob,ve,dim
0,5.668773751439943,4.727297161185835,163,0.01,0.3,0.5,0.0025,2
