,L2,L2_true,N,std,jump,jump_prob,ve,dim
0,5.419776692403299,4.440188757415674,193,0.01,0.3,0.5,0.0025,2
