,L2,L2_true,N,std,jump,jump_prob,ve,dim
0,3.0865172233646114,0.6419948438311542,117,0.01,0.3,0.5,0.0025,1
