,L2,L2_true,N,std,jump,jump_prob,ve,dim
0,2.404073962976264,2.3246745704972227,7,0.05,0.3,0.5,0.001,1
