,L2,L2_true,N,std,jump,jump_prob,ve,dim
0,4.168150868203892,2.684386195687672,13,0.01,0.3,0.5,0.0025,1
