,L2,L2_true,N,std,jump,jump_prob,ve,dim
0,8.64431330316217,8.17340494074698,268,0.01,0.3,0.5,0.001,2
