,L2,L2_true,N,std,jump,jump_prob,ve,dim
0,2.2029639834575225,2.2051227608815442,8,0.2,0.3,0.5,0.001,1
