,L2,L2_true,N,std,jump,jump_prob,ve,dim
0,3.5082903567080135,0.7300443973875084,13,0.01,0.3,0.5,0.01,1
