,L2,L2_true,N,std,jump,jump_prob,ve,dim
0,3.212177668845828,1.019039346945248,51,0.01,0.3,0.5,0.0025,1
