,L2,L2_true,N,std,jump,jump_prob,ve,dim
0,3.437699899473063,0.3516882478723294,1637,0.01,0.3,0.5,0.01,2
