,L2,L2_true,N,std,jump,jump_prob,ve,dim
0,11.476284229767098,11.0616226407535,1637,0.01,0.3,0.5,0.0025,3
