,L2,L2_true,N,std,jump,jump_prob,ve,dim
0,5.421997050256621,4.418284178551969,19,0.01,0.3,0.5,0.001,3
