,L2,L2_true,N,std,jump,jump_prob,ve,dim
0,12.715864389928269,12.313885475620296,848,0.01,0.3,0.5,0.0025,3
