,L2,L2_true,N,std,jump,jump_prob,ve,dim
0,3.6094201987601378,1.8017138530317425,1,0.01,0.3,0.5,0.001,2
