,L2,L2_true,N,std,jump,jump_prob,ve,dim
0,5.310209319648018,4.134974690748081,26,0.01,0.3,0.5,0.0025,2
