,L2,L2_true,N,std,jump,jump_prob,ve,dim
0,4.546444848111967,3.2930320076925876,10,0.01,0.3,0.5,0.001,2
