,L2,L2_true,N,std,jump,jump_prob,ve,dim
0,3.7117426969107874,1.565228990579546,2,0.01,0.3,0.5,0.0025,2
