,L2,L2_true,N,std,jump,jump_prob,ve,dim
0,0.5424307368728285,0.5419983003226597,517,0.2,0.3,0.5,0.001,1
