,L2,L2_true,N,std,jump,jump_prob,ve,dim
0,5.702781482057074,4.766817051133371,22,0.01,0.3,0.5,0.001,3
