,L2,L2_true,N,std,jump,jump_prob,ve,dim
0,5.753967725030885,4.752542969080684,61,0.01,0.3,0.5,0.0025,2
