,L2,L2_true,N,std,jump,jump_prob,ve,dim
0,3.605142814253547,0.7444021186295515,1,0.01,0.3,0.5,0.01,2
