,L2,L2_true,N,std,jump,jump_prob,ve,dim
0,4.864565048177917,3.516571615245473,19,0.01,0.3,0.5,0.0025,2
