,L2,L2_true,N,std,jump,jump_prob,ve,dim
0,25.02799278116659,24.86558985505496,1930,0.01,0.3,0.5,0.001,3
