,L2,L2_true,N,std,jump,jump_prob,ve,dim
0,15.364182528554403,15.051138604803283,316,0.01,0.3,0.5,0.001,3
