,L2,L2_true,N,std,jump,jump_prob,ve,dim
0,2.5119088075309395,2.5128395837446775,10,0.2,0.3,0.5,0.001,1
