,L2,L2_true,N,std,jump,jump_prob,ve,dim
0,3.447312958845851,0.4356452748240278,84,0.01,0.3,0.5,0.01,1
