,L2,L2_true,N,std,jump,jump_prob,ve,dim
0,8.042415224727096,7.453034430245195,117,0.01,0.3,0.5,0.001,2
