,L2,L2_true,N,std,jump,jump_prob,ve,dim
0,3.6217308603048304,0.7449471362415373,1,0.01,0.3,0.5,0.01,3
