,L2,L2_true,N,std,jump,jump_prob,ve,dim
0,3.987308584503668,2.0316018170679238,1000,0.01,0.3,0.5,0.01,3
