,L2,L2_true,N,std,jump,jump_prob,ve,dim
0,1.1737253117407547,1.1762223376102905,3,0.2,0.3,0.5,0.001,1
