,L2,L2_true,N,std,jump,jump_prob,ve,dim
0,12.022011177348574,11.579990266547272,316,0.01,0.3,0.5,0.0025,3
