,L2,L2_true,N,std,jump,jump_prob,ve,dim
0,2.1691176803208214,2.169892953473281,19,0.2,0.3,0.5,0.001,1
