,L2,L2_true,N,std,jump,jump_prob,ve,dim
0,3.4133984707072837,1.547465726304148,1637,0.01,0.3,0.5,0.0025,2
