,L2,L2_true,N,std,jump,jump_prob,ve,dim
0,3.707298763213675,1.4372343370821845,1930,0.01,0.3,0.5,0.01,3
