,L2,L2_true,N,std,jump,jump_prob,ve,dim
0,0.21096112294300126,0.2105489883223187,3162,0.2,0.3,0.5,0.001,1
