,L2,L2_true,N,std,jump,jump_prob,ve,dim
0,3.4173989366743873,0.31370780077446153,2000,0.01,0.3,0.5,0.01,2
