,L2,L2_true,N,std,jump,jump_prob,ve,dim
0,2.658163980275614,0.4704004851199553,372,0.01,0.3,0.5,0.001,1
