,L2,L2_true,N,std,jump,jump_prob,ve,dim
0,0.7218895055114419,0.7220981283093283,316,0.2,0.3,0.5,0.001,1
