,L2,L2_true,N,std,jump,jump_prob,ve,dim
0,4.547624132610746,3.0609073934685864,10,0.01,0.3,0.5,0.0025,2
