,L2,L2_true,N,std,jump,jump_prob,ve,dim
0,3.7980898310522573,1.3634815073586992,3,0.01,0.3,0.5,0.01,2
