,L2,L2_true,N,std,jump,jump_prob,ve,dim
0,5.767762002077869,4.767723994376674,61,0.01,0.3,0.5,0.0025,2
