,L2,L2_true,N,std,jump,jump_prob,ve,dim
0,1.415187119097838,1.2554295126252726,2,0.05,0.3,0.5,0.001,1
