,L2,L2_true,N,std,jump,jump_prob,ve,dim
0,4.05069388011056,2.569818796757594,5,0.01,0.3,0.5,0.001,2
