,L2,L2_true,N,std,jump,jump_prob,ve,dim
0,3.6334512670838244,1.8496157454881916,2,0.01,0.3,0.5,0.001,1
