,L2,L2_true,N,std,jump,jump_prob,ve,dim
0,3.046146165238022,0.1514463366564499,848,0.01,0.3,0.5,0.0025,1
