,L2,L2_true,N,std,jump,jump_prob,ve,dim
0,3.6583901850172826,1.4323574032352606,2,0.01,0.3,0.5,0.0025,2
