,L2,L2_true,N,std,jump,jump_prob,ve,dim
0,5.441008894464587,4.453770753550442,22,0.01,0.3,0.5,0.001,2
