,L2,L2_true,N,std,jump,jump_prob,ve,dim
0,1.3555377106743862,1.3555100162679332,3,0.2,0.3,0.5,0.001,1
