,L2,L2_true,N,std,jump,jump_prob,ve,dim
0,3.490012693683446,0.6497509187592158,517,0.01,0.3,0.5,0.01,2
