,L2,L2_true,N,std,jump,jump_prob,ve,dim
0,0.635640946866866,0.6356576973561437,316,0.2,0.3,0.5,0.001,1
