,L2,L2_true,N,std,jump,jump_prob,ve,dim
0,3.4417070174157263,0.37776168026686274,61,0.01,0.3,0.5,0.01,1
