,L2,L2_true,N,std,jump,jump_prob,ve,dim
0,1.8522641229877477,1.7358275668590497,4,0.05,0.3,0.5,0.001,1
