,L2,L2_true,N,std,jump,jump_prob,ve,dim
0,5.181265774262016,4.128449175545293,16,0.01,0.3,0.5,0.001,3
