,L2,L2_true,N,std,jump,jump_prob,ve,dim
0,3.4149085356488555,0.1211307520871536,316,0.01,0.3,0.5,0.01,1
