,L2,L2_true,N,std,jump,jump_prob,ve,dim
0,5.429265662330675,4.190608692752222,163,0.01,0.3,0.5,0.01,3
