,L2,L2_true,N,std,jump,jump_prob,ve,dim
0,1.6008661085947058,1.6029049544272633,4,0.2,0.3,0.5,0.001,1
