,L2,L2_true,N,std,jump,jump_prob,ve,dim
0,1.167395618606459,1.1664997806049762,117,0.2,0.3,0.5,0.001,1
