,L2,L2_true,N,std,jump,jump_prob,ve,dim
0,2.019232385037836,1.914143402298692,5,0.05,0.3,0.5,0.001,1
