,L2,L2_true,N,std,jump,jump_prob,ve,dim
0,3.4331512895034155,0.30127191611746135,71,0.01,0.3,0.5,0.01,1
