,L2,L2_true,N,std,jump,jump_prob,ve,dim
0,17.717945407705443,17.44600743720218,517,0.01,0.3,0.5,0.001,3
