,L2,L2_true,N,std,jump,jump_prob,ve,dim
0,4.19718954072408,2.8589148946930885,10,0.01,0.3,0.5,0.001,1
