,L2,L2_true,N,std,jump,jump_prob,ve,dim
0,3.046369802261385,0.23098620201811937,372,0.01,0.3,0.5,0.0025,1
