,L2,L2_true,N,std,jump,jump_prob,ve,dim
0,5.386836240065046,4.696188733351126,1389,0.01,0.3,0.5,0.001,2
