,L2,L2_true,N,std,jump,jump_prob,ve,dim
0,3.595690634463009,1.1041666168041793,193,0.01,0.3,0.5,0.01,2
