,L2,L2_true,N,std,jump,jump_prob,ve,dim
0,3.903594240580715,1.6312629457967531,4,0.01,0.3,0.5,0.01,3
