,L2,L2_true,N,std,jump,jump_prob,ve,dim
0,3.5669438206528046,0.9863914093450443,268,0.01,0.3,0.5,0.01,2
