,L2,L2_true,N,std,jump,jump_prob,ve,dim
0,1.068530926468796,1.0680557622395412,138,0.2,0.3,0.5,0.001,1
