,L2,L2_true,N,std,jump,jump_prob,ve,dim
0,3.411505318029896,0.22228009035692017,138,0.01,0.3,0.5,0.01,1
