,L2,L2_true,N,std,jump,jump_prob,ve,dim
0,1.7857057293385927,1.7739591338934704,51,0.05,0.3,0.5,0.001,1
