,L2,L2_true,N,std,jump,jump_prob,ve,dim
0,20.53241646441236,20.303695091734934,719,0.01,0.3,0.5,0.001,3
