,L2,L2_true,N,std,jump,jump_prob,ve,dim
0,3.8970683159127564,1.9984150584798372,4,0.01,0.3,0.5,0.0025,2
