,L2,L2_true,N,std,jump,jump_prob,ve,dim
0,12.516227902765642,12.102348028328747,517,0.01,0.3,0.5,0.0025,3
