,L2,L2_true,N,std,jump,jump_prob,ve,dim
0,3.7380290313804982,1.6380045647063135,2,0.01,0.3,0.5,0.0025,2
