,L2,L2_true,N,std,jump,jump_prob,ve,dim
0,0.3105704818006858,0.21772815841813456,1930,0.05,0.3,0.5,0.001,1
