,L2,L2_true,N,std,jump,jump_prob,ve,dim
0,3.9605183052417545,2.011961754211909,1000,0.01,0.3,0.5,0.01,3
