,L2,L2_true,N,std,jump,jump_prob,ve,dim
0,0.37776231027395346,0.37032780666754855,1,0.2,0.3,0.5,0.001,1
