,L2,L2_true,N,std,jump,jump_prob,ve,dim
0,3.297692660793653,1.7930793820973625,31,0.01,0.3,0.5,0.001,1
