,L2,L2_true,N,std,jump,jump_prob,ve,dim
0,2.505957127783843,2.506120131697591,26,0.2,0.3,0.5,0.001,1
