,L2,L2_true,N,std,jump,jump_prob,ve,dim
0,7.080160286034334,6.539645806380336,610,0.01,0.3,0.5,0.001,2
