,L2,L2_true,N,std,jump,jump_prob,ve,dim
0,9.799743724494784,9.296052927266645,100,0.01,0.3,0.5,0.001,3
