,L2,L2_true,N,std,jump,jump_prob,ve,dim
0,6.4588791430695665,5.5177162230371675,37,0.01,0.3,0.5,0.0025,3
