,L2,L2_true,N,std,jump,jump_prob,ve,dim
0,4.100960602779909,2.0896743837219693,10,0.01,0.3,0.5,0.01,2
