,L2,L2_true,N,std,jump,jump_prob,ve,dim
0,0.9660941427185006,0.9638212256463287,138,0.05,0.3,0.5,0.001,1
