,L2,L2_true,N,std,jump,jump_prob,ve,dim
0,4.0682742985677605,2.2774217124654825,5,0.01,0.3,0.5,0.0025,3
