,L2,L2_true,N,std,jump,jump_prob,ve,dim
0,2.6422074231947907,2.622893134082147,16,0.05,0.3,0.5,0.001,1
