,L2,L2_true,N,std,jump,jump_prob,ve,dim
0,4.083826415190715,2.6061584733694763,5,0.01,0.3,0.5,0.001,3
