,L2,L2_true,N,std,jump,jump_prob,ve,dim
0,0.8842234640921088,0.8846532249645792,2,0.2,0.3,0.5,0.001,1
