,L2,L2_true,N,std,jump,jump_prob,ve,dim
0,3.935838420508607,1.7749836247534228,5,0.01,0.3,0.5,0.01,3
