,L2,L2_true,N,std,jump,jump_prob,ve,dim
0,1.7907691061646998,1.6746993199464704,4,0.05,0.3,0.5,0.001,1
