,L2,L2_true,N,std,jump,jump_prob,ve,dim
0,0.3895089842127874,0.30605321166269245,1178,0.05,0.3,0.5,0.001,1
