,L2,L2_true,N,std,jump,jump_prob,ve,dim
0,4.531926832769628,2.9778485249488043,439,0.01,0.3,0.5,0.01,3
