,L2,L2_true,N,std,jump,jump_prob,ve,dim
0,10.249363802959392,9.705256238644541,163,0.01,0.3,0.5,0.0025,3
