,L2,L2_true,N,std,jump,jump_prob,ve,dim
0,3.4374257063299014,0.32049750236745755,1930,0.01,0.3,0.5,0.01,2
