,L2,L2_true,N,std,jump,jump_prob,ve,dim
0,5.303552431022818,4.009368894709017,193,0.01,0.3,0.5,0.01,3
