,L2,L2_true,N,std,jump,jump_prob,ve,dim
0,3.8836068618064514,1.8126705103539111,61,0.01,0.3,0.5,0.01,2
