,L2,L2_true,N,std,jump,jump_prob,ve,dim
0,1.9161130214931703,1.8119215123362358,5,0.05,0.3,0.5,0.001,1
