,L2,L2_true,N,std,jump,jump_prob,ve,dim
0,3.082582286991814,1.549458468803103,51,0.01,0.3,0.5,0.001,1
