,L2,L2_true,N,std,jump,jump_prob,ve,dim
0,5.597165905752139,4.6431727999007295,163,0.01,0.3,0.5,0.0025,2
