,L2,L2_true,N,std,jump,jump_prob,ve,dim
0,0.838493543478937,0.8398684130438109,2,0.2,0.3,0.5,0.001,1
