,L2,L2_true,N,std,jump,jump_prob,ve,dim
0,4.009342276541379,1.870238067254468,5,0.01,0.3,0.5,0.01,3
