,L2,L2_true,N,std,jump,jump_prob,ve,dim
0,8.512456556436723,8.045128014228284,372,0.01,0.3,0.5,0.001,2
