,L2,L2_true,N,std,jump,jump_prob,ve,dim
0,5.818599215188542,4.894856222699767,117,0.01,0.3,0.5,0.0025,2
