,L2,L2_true,N,std,jump,jump_prob,ve,dim
0,5.464385734909293,4.223264838625511,117,0.01,0.3,0.5,0.01,3
