,L2,L2_true,N,std,jump,jump_prob,ve,dim
0,3.543341018062122,1.850892563370393,1178,0.01,0.3,0.5,0.0025,2
