,L2,L2_true,N,std,jump,jump_prob,ve,dim
0,3.544006292208578,0.930305087600204,268,0.01,0.3,0.5,0.01,2
