,L2,L2_true,N,std,jump,jump_prob,ve,dim
0,5.889349692756327,4.888333622285585,51,0.01,0.3,0.5,0.0025,2
