,L2,L2_true,N,std,jump,jump_prob,ve,dim
0,1.5499945999461968,1.550492943979786,5,0.2,0.3,0.5,0.001,1
