,L2,L2_true,N,std,jump,jump_prob,ve,dim
0,3.978024558631061,1.8302853613283485,7,0.01,0.3,0.5,0.01,2
