,L2,L2_true,N,std,jump,jump_prob,ve,dim
0,4.498108043555799,2.799179081906093,13,0.01,0.3,0.5,0.01,3
