,L2,L2_true,N,std,jump,jump_prob,ve,dim
0,8.750757730354492,8.24369678811209,163,0.01,0.3,0.5,0.001,2
