,L2,L2_true,N,std,jump,jump_prob,ve,dim
0,3.7887847250707125,1.7340420649146573,2,0.01,0.3,0.5,0.0025,3
