,L2,L2_true,N,std,jump,jump_prob,ve,dim
0,3.6201239210913965,1.329515602201334,1,0.01,0.3,0.5,0.0025,1
