,L2,L2_true,N,std,jump,jump_prob,ve,dim
0,5.044469100615043,3.962304803104641,16,0.01,0.3,0.5,0.001,2
