,L2,L2_true,N,std,jump,jump_prob,ve,dim
0,4.5966131057371475,3.0682951510900813,439,0.01,0.3,0.5,0.01,3
