,L2,L2_true,N,std,jump,jump_prob,ve,dim
0,0.37758792320606244,0.370156262730172,1,0.2,0.3,0.5,0.001,1
