,L2,L2_true,N,std,jump,jump_prob,ve,dim
0,3.494813191144585,1.6186566609811623,22,0.01,0.3,0.5,0.0025,1
