,L2,L2_true,N,std,jump,jump_prob,ve,dim
0,3.0416802471395776,0.09141947772116629,2682,0.01,0.3,0.5,0.0025,1
