,L2,L2_true,N,std,jump,jump_prob,ve,dim
0,3.8192976529923763,2.194889555411719,3,0.01,0.3,0.5,0.001,3
