,L2,L2_true,N,std,jump,jump_prob,ve,dim
0,4.002808891451771,2.049132437416574,61,0.01,0.3,0.5,0.01,2
