,L2,L2_true,N,std,jump,jump_prob,ve,dim
0,3.036492448841951,0.09045841726977351,2682,0.01,0.3,0.5,0.0025,1
