,L2,L2_true,N,std,jump,jump_prob,ve,dim
0,3.9495224707882017,2.6514970044488133,19,0.01,0.3,0.5,0.001,1
