,L2,L2_true,N,std,jump,jump_prob,ve,dim
0,3.6684109521497574,1.4559776134226563,2,0.01,0.3,0.5,0.0025,2
