,L2,L2_true,N,std,jump,jump_prob,ve,dim
0,5.407918472294296,4.402861881673853,19,0.01,0.3,0.5,0.001,3
