,L2,L2_true,N,std,jump,jump_prob,ve,dim
0,4.310720389597694,3.0264121139820315,11,0.01,0.3,0.5,0.001,1
