,L2,L2_true,N,std,jump,jump_prob,ve,dim
0,3.839123410642616,2.2073412471810157,3,0.01,0.3,0.5,0.001,3
