,L2,L2_true,N,std,jump,jump_prob,ve,dim
0,3.6954555248988448,1.3894599414035762,117,0.01,0.3,0.5,0.01,2
