,L2,L2_true,N,std,jump,jump_prob,ve,dim
0,10.459621751563615,9.98584582029401,117,0.01,0.3,0.5,0.001,3
