,L2,L2_true,N,std,jump,jump_prob,ve,dim
0,3.4502443114044783,0.45459083490147745,1000,0.01,0.3,0.5,0.01,2
