,L2,L2_true,N,std,jump,jump_prob,ve,dim
0,3.987479045485664,1.977246161285632,51,0.01,0.3,0.5,0.01,2
