,L2,L2_true,N,std,jump,jump_prob,ve,dim
0,3.4859378191552532,3.45543695992476,19,0.05,0.3,0.5,0.001,1
