,L2,L2_true,N,std,jump,jump_prob,ve,dim
0,2.333887089784993,2.3342972049488377,8,0.2,0.3,0.5,0.001,1
