,L2,L2_true,N,std,jump,jump_prob,ve,dim
0,3.9956226678236066,2.16151705827339,4,0.01,0.3,0.5,0.0025,3
