,L2,L2_true,N,std,jump,jump_prob,ve,dim
0,9.042509103180066,8.564323729687814,193,0.01,0.3,0.5,0.001,2
