,L2,L2_true,N,std,jump,jump_prob,ve,dim
0,4.158939500188356,2.822488430854545,610,0.01,0.3,0.5,0.0025,2
