,L2,L2_true,N,std,jump,jump_prob,ve,dim
0,4.144184909891561,2.7051444004316623,6,0.01,0.3,0.5,0.001,2
