,L2,L2_true,N,std,jump,jump_prob,ve,dim
0,1.2823872691659137,1.2710287809637697,84,0.05,0.3,0.5,0.001,1
