,L2,L2_true,N,std,jump,jump_prob,ve,dim
0,1.9095063163426906,1.9099488533837952,71,0.2,0.3,0.5,0.001,1
