,L2,L2_true,N,std,jump,jump_prob,ve,dim
0,0.37767595984373864,0.3702426150298394,1,0.2,0.3,0.5,0.001,1
