,L2,L2_true,N,std,jump,jump_prob,ve,dim
0,2.4352508926639787,2.435615994629228,11,0.2,0.3,0.5,0.001,1
