,L2,L2_true,N,std,jump,jump_prob,ve,dim
0,4.066280859190188,2.3017814830287686,6,0.01,0.3,0.5,0.0025,2
