,L2,L2_true,N,std,jump,jump_prob,ve,dim
0,12.408213879122908,11.996818676368282,848,0.01,0.3,0.5,0.0025,3
