,L2,L2_true,N,std,jump,jump_prob,ve,dim
0,3.5198742599451025,0.872518719376033,316,0.01,0.3,0.5,0.01,2
