,L2,L2_true,N,std,jump,jump_prob,ve,dim
0,3.0367350250308824,0.1902017942023078,610,0.01,0.3,0.5,0.0025,1
