,L2,L2_true,N,std,jump,jump_prob,ve,dim
0,3.0240110310603234,0.08755444087193853,2682,0.01,0.3,0.5,0.0025,1
