,L2,L2_true,N,std,jump,jump_prob,ve,dim
0,1.1567287615438526,1.1592268463465187,3,0.2,0.3,0.5,0.001,1
