,L2,L2_true,N,std,jump,jump_prob,ve,dim
0,3.427018684187246,0.06345167405654621,1178,0.01,0.3,0.5,0.01,1
