,L2,L2_true,N,std,jump,jump_prob,ve,dim
0,1.4726914986439281,1.4681236446174941,3,0.2,0.3,0.5,0.001,1
