,L2,L2_true,N,std,jump,jump_prob,ve,dim
0,12.67313769206548,12.282981648734008,1000,0.01,0.3,0.5,0.0025,3
