,L2,L2_true,N,std,jump,jump_prob,ve,dim
0,3.620207111829895,0.744616084791507,1,0.01,0.3,0.5,0.01,2
