,L2,L2_true,N,std,jump,jump_prob,ve,dim
0,2.628100218061158,0.2511201247681874,1178,0.01,0.3,0.5,0.001,1
