,L2,L2_true,N,std,jump,jump_prob,ve,dim
0,0.29234793046635155,0.17521288212070338,3162,0.05,0.3,0.5,0.001,1
