,L2,L2_true,N,std,jump,jump_prob,ve,dim
0,3.656021387221219,1.7071556778074994,10,0.01,0.3,0.5,0.0025,1
