,L2,L2_true,N,std,jump,jump_prob,ve,dim
0,3.620356639970851,1.3293420617739917,1,0.01,0.3,0.5,0.0025,2
