,L2,L2_true,N,std,jump,jump_prob,ve,dim
0,7.660934959322431,7.0371154324885765,84,0.01,0.3,0.5,0.001,2
