,L2,L2_true,N,std,jump,jump_prob,ve,dim
0,3.595747059036295,0.953700371465638,13,0.01,0.3,0.5,0.01,1
