,L2,L2_true,N,std,jump,jump_prob,ve,dim
0,3.4521978436597007,0.49078757404121676,848,0.01,0.3,0.5,0.01,2
