,L2,L2_true,N,std,jump,jump_prob,ve,dim
0,3.628100747228666,0.7452882636529473,1,0.01,0.3,0.5,0.01,1
