,L2,L2_true,N,std,jump,jump_prob,ve,dim
0,7.234495752348253,6.551220978718727,61,0.01,0.3,0.5,0.001,2
