,L2,L2_true,N,std,jump,jump_prob,ve,dim
0,0.5210260226846809,0.4693072983442786,372,0.05,0.3,0.5,0.001,1
