,L2,L2_true,N,std,jump,jump_prob,ve,dim
0,1.425970480381894,1.272637377884555,2,0.05,0.3,0.5,0.001,1
