,L2,L2_true,N,std,jump,jump_prob,ve,dim
0,5.8942399009358954,4.971681567654522,138,0.01,0.3,0.5,0.0025,2
