,L2,L2_true,N,std,jump,jump_prob,ve,dim
0,11.96682222117739,11.554168499561856,163,0.01,0.3,0.5,0.001,3
