,L2,L2_true,N,std,jump,jump_prob,ve,dim
0,4.040464468587639,2.2134112630531546,5,0.01,0.3,0.5,0.0025,2
