,L2,L2_true,N,std,jump,jump_prob,ve,dim
0,4.342761438676211,2.9986680653947695,8,0.01,0.3,0.5,0.001,2
