,L2,L2_true,N,std,jump,jump_prob,ve,dim
0,2.758588261417442,2.740031144398805,19,0.05,0.3,0.5,0.001,1
