,L2,L2_true,N,std,jump,jump_prob,ve,dim
0,0.4711294866827597,0.4703296742018023,610,0.2,0.3,0.5,0.001,1
