,L2,L2_true,N,std,jump,jump_prob,ve,dim
0,11.204148542512852,10.756683561972274,138,0.01,0.3,0.5,0.001,3
