,L2,L2_true,N,std,jump,jump_prob,ve,dim
0,3.6499316668619346,2.0196892123276897,1000,0.01,0.3,0.5,0.0025,2
