,L2,L2_true,N,std,jump,jump_prob,ve,dim
0,7.098008464442309,6.260193914325993,51,0.01,0.3,0.5,0.0025,3
