,L2,L2_true,N,std,jump,jump_prob,ve,dim
0,3.092283975774657,1.5789054878803173,61,0.01,0.3,0.5,0.001,1
