,L2,L2_true,N,std,jump,jump_prob,ve,dim
0,4.8354074708558015,3.728467288878946,316,0.01,0.3,0.5,0.0025,2
