,L2,L2_true,N,std,jump,jump_prob,ve,dim
0,4.011960693336072,1.880000858188834,5,0.01,0.3,0.5,0.01,3
