,L2,L2_true,N,std,jump,jump_prob,ve,dim
0,4.666214387437938,3.4590836960187294,11,0.01,0.3,0.5,0.001,2
