,L2,L2_true,N,std,jump,jump_prob,ve,dim
0,2.9708363871460834,1.347071820363861,71,0.01,0.3,0.5,0.001,1
