,L2,L2_true,N,std,jump,jump_prob,ve,dim
0,3.4429988100318663,0.3764439332597679,1389,0.01,0.3,0.5,0.01,2
