,L2,L2_true,N,std,jump,jump_prob,ve,dim
0,3.8674773420842037,1.6666345748781555,6,0.01,0.3,0.5,0.01,1
