,L2,L2_true,N,std,jump,jump_prob,ve,dim
0,4.234459952842106,2.4331639113783106,37,0.01,0.3,0.5,0.01,2
