,L2,L2_true,N,std,jump,jump_prob,ve,dim
0,0.4241105925121119,0.34686381148513995,848,0.05,0.3,0.5,0.001,1
