,L2,L2_true,N,std,jump,jump_prob,ve,dim
0,4.102688772694882,2.1084907974962146,11,0.01,0.3,0.5,0.01,2
