,L2,L2_true,N,std,jump,jump_prob,ve,dim
0,3.9472692684051656,2.5115916645807417,11,0.01,0.3,0.5,0.001,1
