,L2,L2_true,N,std,jump,jump_prob,ve,dim
0,8.12456450059952,7.533126957203786,100,0.01,0.3,0.5,0.001,2
