,L2,L2_true,N,std,jump,jump_prob,ve,dim
0,2.626661289452699,0.19069278700368156,1930,0.01,0.3,0.5,0.001,1
