,L2,L2_true,N,std,jump,jump_prob,ve,dim
0,3.406324625504506,0.05717167937782194,1637,0.01,0.3,0.5,0.01,1
