,L2,L2_true,N,std,jump,jump_prob,ve,dim
0,8.434998958578973,7.893766956794404,138,0.01,0.3,0.5,0.001,2
