,L2,L2_true,N,std,jump,jump_prob,ve,dim
0,5.9206507805585025,5.2846542956254385,1000,0.01,0.3,0.5,0.001,2
