,L2,L2_true,N,std,jump,jump_prob,ve,dim
0,2.265942738145902,2.2357618007805082,22,0.05,0.3,0.5,0.001,1
