,L2,L2_true,N,std,jump,jump_prob,ve,dim
0,3.618898518400424,0.7448611900944866,1,0.01,0.3,0.5,0.01,1
