,L2,L2_true,N,std,jump,jump_prob,ve,dim
0,3.529203698544454,0.8837454939329255,19,0.01,0.3,0.5,0.01,1
