,L2,L2_true,N,std,jump,jump_prob,ve,dim
0,2.6339641855396576,0.28152727235623,1000,0.01,0.3,0.5,0.001,1
