,L2,L2_true,N,std,jump,jump_prob,ve,dim
0,6.7798067193197475,5.887158904586616,43,0.01,0.3,0.5,0.0025,3
