,L2,L2_true,N,std,jump,jump_prob,ve,dim
0,7.052025764888599,6.345236382874359,51,0.01,0.3,0.5,0.001,2
