,L2,L2_true,N,std,jump,jump_prob,ve,dim
0,4.515702898181186,3.674720845945153,2000,0.01,0.3,0.5,0.001,2
