,L2,L2_true,N,std,jump,jump_prob,ve,dim
0,5.264675334356811,4.085181671531683,26,0.01,0.3,0.5,0.0025,2
