,L2,L2_true,N,std,jump,jump_prob,ve,dim
0,0.3870002117688232,0.32115770751209194,848,0.05,0.3,0.5,0.001,1
