,L2,L2_true,N,std,jump,jump_prob,ve,dim
0,18.62718309394832,18.379418396274147,610,0.01,0.3,0.5,0.001,3
