,L2,L2_true,N,std,jump,jump_prob,ve,dim
0,3.597467190289385,1.907951250543396,1178,0.01,0.3,0.5,0.0025,2
