,L2,L2_true,N,std,jump,jump_prob,ve,dim
0,2.7919283145981515,2.7836414629024606,13,0.05,0.3,0.5,0.001,1
