,L2,L2_true,N,std,jump,jump_prob,ve,dim
0,2.790187333013909,2.7901960568180604,43,0.2,0.3,0.5,0.001,1
