,L2,L2_true,N,std,jump,jump_prob,ve,dim
0,6.244750872809994,5.407761811348713,31,0.01,0.3,0.5,0.001,2
