,L2,L2_true,N,std,jump,jump_prob,ve,dim
0,3.8122157132106347,1.4009427395913752,3,0.01,0.3,0.5,0.01,3
