,L2,L2_true,N,std,jump,jump_prob,ve,dim
0,4.273885439545784,3.1294674211660505,19,0.01,0.3,0.5,0.001,1
