,L2,L2_true,N,std,jump,jump_prob,ve,dim
0,3.8485437868842434,1.7588480227939443,100,0.01,0.3,0.5,0.01,2
