,L2,L2_true,N,std,jump,jump_prob,ve,dim
0,1.24908014999324,1.2081057788902774,117,0.05,0.3,0.5,0.001,1
