,L2,L2_true,N,std,jump,jump_prob,ve,dim
0,2.6191458499110714,0.15351211979059184,2682,0.01,0.3,0.5,0.001,1
