,L2,L2_true,N,std,jump,jump_prob,ve,dim
0,4.221707848220548,2.8383339417995423,6,0.01,0.3,0.5,0.001,3
