,L2,L2_true,N,std,jump,jump_prob,ve,dim
0,3.6338975053429694,0.7453490101917226,1,0.01,0.3,0.5,0.01,1
