,L2,L2_true,N,std,jump,jump_prob,ve,dim
0,4.101387587813325,2.8868807598047637,22,0.01,0.3,0.5,0.001,1
