,L2,L2_true,N,std,jump,jump_prob,ve,dim
0,4.622087036071697,3.173987197877974,13,0.01,0.3,0.5,0.0025,2
