,L2,L2_true,N,std,jump,jump_prob,ve,dim
0,2.5816601956781002,2.582259521340909,11,0.2,0.3,0.5,0.001,1
