,L2,L2_true,N,std,jump,jump_prob,ve,dim
0,2.6383619495523893,0.32597430776077746,610,0.01,0.3,0.5,0.001,1
