,L2,L2_true,N,std,jump,jump_prob,ve,dim
0,3.4930689180619283,0.6778884473824132,517,0.01,0.3,0.5,0.01,2
