,L2,L2_true,N,std,jump,jump_prob,ve,dim
0,0.36309168672419806,0.2838032319614172,1178,0.05,0.3,0.5,0.001,1
