,L2,L2_true,N,std,jump,jump_prob,ve,dim
0,3.620462975610725,1.3280876661623395,1,0.01,0.3,0.5,0.0025,2
