,L2,L2_true,N,std,jump,jump_prob,ve,dim
0,4.3925406948494,2.7486563044318073,517,0.01,0.3,0.5,0.01,3
