,L2,L2_true,N,std,jump,jump_prob,ve,dim
0,1.012059566124795,0.9806330569799214,117,0.05,0.3,0.5,0.001,1
