,L2,L2_true,N,std,jump,jump_prob,ve,dim
0,3.832255785363725,2.3254754757711678,10,0.01,0.3,0.5,0.001,1
