,L2,L2_true,N,std,jump,jump_prob,ve,dim
0,18.245694811476795,17.99285959561862,517,0.01,0.3,0.5,0.001,3
