,L2,L2_true,N,std,jump,jump_prob,ve,dim
0,3.0858015744698037,0.6275947286549548,84,0.01,0.3,0.5,0.0025,1
