,L2,L2_true,N,std,jump,jump_prob,ve,dim
0,7.836670596364404,7.229382182998205,84,0.01,0.3,0.5,0.001,2
