,L2,L2_true,N,std,jump,jump_prob,ve,dim
0,5.302253982263554,4.282917991534896,19,0.01,0.3,0.5,0.001,2
