,L2,L2_true,N,std,jump,jump_prob,ve,dim
0,25.195861716005858,25.02790481381488,1930,0.01,0.3,0.5,0.001,3
