,L2,L2_true,N,std,jump,jump_prob,ve,dim
0,2.218514030059607,2.2181882522038827,43,0.2,0.3,0.5,0.001,1
