,L2,L2_true,N,std,jump,jump_prob,ve,dim
0,6.809930202496394,6.074025899794407,51,0.01,0.3,0.5,0.001,2
