,L2,L2_true,N,std,jump,jump_prob,ve,dim
0,1.3489853120289343,1.177766875553896,1,0.05,0.3,0.5,0.001,1
