,L2,L2_true,N,std,jump,jump_prob,ve,dim
0,2.6167934214924733,2.6158938861948906,16,0.2,0.3,0.5,0.001,1
