,L2,L2_true,N,std,jump,jump_prob,ve,dim
0,0.33950927639864104,0.22617231884063327,1930,0.05,0.3,0.5,0.001,1
