,L2,L2_true,N,std,jump,jump_prob,ve,dim
0,6.084974922932387,5.072561390763305,31,0.01,0.3,0.5,0.0025,3
