,L2,L2_true,N,std,jump,jump_prob,ve,dim
0,4.312096303253158,2.4730273485614074,11,0.01,0.3,0.5,0.01,3
