,L2,L2_true,N,std,jump,jump_prob,ve,dim
0,3.4111737906488018,0.05495957671321672,1637,0.01,0.3,0.5,0.01,1
