,L2,L2_true,N,std,jump,jump_prob,ve,dim
0,2.2352957987057196,2.2335389850441802,6,0.2,0.3,0.5,0.001,1
