,L2,L2_true,N,std,jump,jump_prob,ve,dim
0,3.636539890774906,1.8506259757658066,2,0.01,0.3,0.5,0.001,1
