,L2,L2_true,N,std,jump,jump_prob,ve,dim
0,2.902662976400773,1.2860597761959618,100,0.01,0.3,0.5,0.001,1
