,L2,L2_true,N,std,jump,jump_prob,ve,dim
0,3.0402974481813114,0.24821475859932665,610,0.01,0.3,0.5,0.0025,1
