,L2,L2_true,N,std,jump,jump_prob,ve,dim
0,12.596416486609645,12.178608520825291,439,0.01,0.3,0.5,0.0025,3
