,L2,L2_true,N,std,jump,jump_prob,ve,dim
0,3.8462724850232215,1.8954427267994918,5,0.01,0.3,0.5,0.0025,1
