,L2,L2_true,N,std,jump,jump_prob,ve,dim
0,4.396456717635692,2.7520026630220245,517,0.01,0.3,0.5,0.01,3
