,L2,L2_true,N,std,jump,jump_prob,ve,dim
0,3.7585928279966923,1.5439433313389719,117,0.01,0.3,0.5,0.01,2
