,L2,L2_true,N,std,jump,jump_prob,ve,dim
0,3.0491618588730294,0.3497174740025772,372,0.01,0.3,0.5,0.0025,1
