,L2,L2_true,N,std,jump,jump_prob,ve,dim
0,2.855603184958348,1.2020161555709563,100,0.01,0.3,0.5,0.001,1
