,L2,L2_true,N,std,jump,jump_prob,ve,dim
0,4.0276072845814195,2.0739806663023534,71,0.01,0.3,0.5,0.01,2
