,L2,L2_true,N,std,jump,jump_prob,ve,dim
0,3.8366456046964705,2.202605242018163,3,0.01,0.3,0.5,0.001,3
