,L2,L2_true,N,std,jump,jump_prob,ve,dim
0,24.591135293675315,24.418514429711642,3000,0.01,0.3,0.5,0.001,3
