,L2,L2_true,N,std,jump,jump_prob,ve,dim
0,3.458593558920109,0.5811821355532222,43,0.01,0.3,0.5,0.01,1
