,L2,L2_true,N,std,jump,jump_prob,ve,dim
0,3.7957718831425376,1.4511062678663886,4,0.01,0.3,0.5,0.01,2
