,L2,L2_true,N,std,jump,jump_prob,ve,dim
0,2.1632007065677086,2.161960074210024,31,0.2,0.3,0.5,0.001,1
