,L2,L2_true,N,std,jump,jump_prob,ve,dim
0,6.003720652827446,5.401865121763907,1000,0.01,0.3,0.5,0.001,2
