,L2,L2_true,N,std,jump,jump_prob,ve,dim
0,3.6385445589949645,0.9532659215733826,2,0.01,0.3,0.5,0.01,1
