,L2,L2_true,N,std,jump,jump_prob,ve,dim
0,8.861158161167443,8.377023264830385,193,0.01,0.3,0.5,0.001,2
