,L2,L2_true,N,std,jump,jump_prob,ve,dim
0,9.595731647572244,9.070724631316368,100,0.01,0.3,0.5,0.001,3
