,L2,L2_true,N,std,jump,jump_prob,ve,dim
0,23.78493004261084,23.604075763135647,2000,0.01,0.3,0.5,0.001,3
