,L2,L2_true,N,std,jump,jump_prob,ve,dim
0,15.382439545088271,15.076588897265049,316,0.01,0.3,0.5,0.001,3
