,L2,L2_true,N,std,jump,jump_prob,ve,dim
0,2.2648887233962043,2.2633926334784986,7,0.2,0.3,0.5,0.001,1
