,L2,L2_true,N,std,jump,jump_prob,ve,dim
0,5.27276641738394,3.9309350585603027,37,0.01,0.3,0.5,0.01,3
