,L2,L2_true,N,std,jump,jump_prob,ve,dim
0,17.8698282705548,17.612667363523766,517,0.01,0.3,0.5,0.001,3
