,L2,L2_true,N,std,jump,jump_prob,ve,dim
0,11.151142319817898,10.707281132231266,138,0.01,0.3,0.5,0.001,3
