,L2,L2_true,N,std,jump,jump_prob,ve,dim
0,3.5918646880627243,1.0749640669068397,193,0.01,0.3,0.5,0.01,2
