,L2,L2_true,N,std,jump,jump_prob,ve,dim
0,4.142638667154446,2.199691592543073,11,0.01,0.3,0.5,0.01,2
