,L2,L2_true,N,std,jump,jump_prob,ve,dim
0,3.4311847319237487,0.4336633708123859,26,0.01,0.3,0.5,0.01,1
