,L2,L2_true,N,std,jump,jump_prob,ve,dim
0,3.8723160353194426,1.9758189626883527,6,0.01,0.3,0.5,0.0025,1
