,L2,L2_true,N,std,jump,jump_prob,ve,dim
0,23.336485125733113,23.149889965831818,1389,0.01,0.3,0.5,0.001,3
