,L2,L2_true,N,std,jump,jump_prob,ve,dim
0,2.470853363036453,2.4708920074352014,19,0.2,0.3,0.5,0.001,1
