,L2,L2_true,N,std,jump,jump_prob,ve,dim
0,3.9703003828821912,2.4721060578682685,5,0.01,0.3,0.5,0.001,1
