,L2,L2_true,N,std,jump,jump_prob,ve,dim
0,0.4706624564407507,0.4706885300732029,610,0.2,0.3,0.5,0.001,1
