,L2,L2_true,N,std,jump,jump_prob,ve,dim
0,3.4689107566467414,0.5806954039242763,37,0.01,0.3,0.5,0.01,1
