,L2,L2_true,N,std,jump,jump_prob,ve,dim
0,4.372136642147368,3.0489130984918402,8,0.01,0.3,0.5,0.001,2
