,L2,L2_true,N,std,jump,jump_prob,ve,dim
0,4.0558975517088545,2.2988946531543637,7,0.01,0.3,0.5,0.0025,1
