,L2,L2_true,N,std,jump,jump_prob,ve,dim
0,3.489486682444503,0.6590577156962621,517,0.01,0.3,0.5,0.01,2
