,L2,L2_true,N,std,jump,jump_prob,ve,dim
0,0.4979010418022008,0.4484705325560445,517,0.05,0.3,0.5,0.001,1
