,L2,L2_true,N,std,jump,jump_prob,ve,dim
0,3.580133650669178,0.8800791293436908,8,0.01,0.3,0.5,0.01,1
