,L2,L2_true,N,std,jump,jump_prob,ve,dim
0,2.3507017886811994,2.2714319026968686,13,0.05,0.3,0.5,0.001,1
