,L2,L2_true,N,std,jump,jump_prob,ve,dim
0,3.4400917344765682,0.43205115501146646,22,0.01,0.3,0.5,0.01,1
