,L2,L2_true,N,std,jump,jump_prob,ve,dim
0,2.51765699196175,2.5186978181237256,13,0.2,0.3,0.5,0.001,1
