,L2,L2_true,N,std,jump,jump_prob,ve,dim
0,3.751584180339742,1.64644333881989,2,0.01,0.3,0.5,0.0025,3
