,L2,L2_true,N,std,jump,jump_prob,ve,dim
0,3.6659048866816066,2.042364607500429,1000,0.01,0.3,0.5,0.0025,2
