,L2,L2_true,N,std,jump,jump_prob,ve,dim
0,4.037320606582951,2.0928971792305084,61,0.01,0.3,0.5,0.01,2
