,L2,L2_true,N,std,jump,jump_prob,ve,dim
0,5.916440550446971,4.996614027246832,117,0.01,0.3,0.5,0.0025,2
