,L2,L2_true,N,std,jump,jump_prob,ve,dim
0,3.0436127770339274,0.31343240395819616,268,0.01,0.3,0.5,0.0025,1
