,L2,L2_true,N,std,jump,jump_prob,ve,dim
0,2.8225903626493083,2.79159572244297,13,0.05,0.3,0.5,0.001,1
