,L2,L2_true,N,std,jump,jump_prob,ve,dim
0,3.4127906417767746,0.06156048466098487,1178,0.01,0.3,0.5,0.01,1
