,L2,L2_true,N,std,jump,jump_prob,ve,dim
0,3.6467153544032476,1.3770793893694606,2,0.01,0.3,0.5,0.0025,1
