,L2,L2_true,N,std,jump,jump_prob,ve,dim
0,12.047416302221253,11.604287131416726,372,0.01,0.3,0.5,0.0025,3
