,L2,L2_true,N,std,jump,jump_prob,ve,dim
0,8.146416236402585,7.66933785132079,439,0.01,0.3,0.5,0.001,2
