,L2,L2_true,N,std,jump,jump_prob,ve,dim
0,0.4647754827451327,0.42448721599174605,610,0.05,0.3,0.5,0.001,1
