,L2,L2_true,N,std,jump,jump_prob,ve,dim
0,1.5594006083178684,1.5597366277196216,71,0.2,0.3,0.5,0.001,1
