,L2,L2_true,N,std,jump,jump_prob,ve,dim
0,2.476762319469378,2.476259028501005,7,0.2,0.3,0.5,0.001,1
