,L2,L2_true,N,std,jump,jump_prob,ve,dim
0,4.850441560646319,3.4359192656206434,316,0.01,0.3,0.5,0.01,3
