,L2,L2_true,N,std,jump,jump_prob,ve,dim
0,8.348192419052825,7.794204953445168,117,0.01,0.3,0.5,0.001,2
