,L2,L2_true,N,std,jump,jump_prob,ve,dim
0,4.181932405645572,2.7786618908709397,6,0.01,0.3,0.5,0.001,3
