,L2,L2_true,N,std,jump,jump_prob,ve,dim
0,3.4859871582845545,3.48554206159639,26,0.2,0.3,0.5,0.001,1
