,L2,L2_true,N,std,jump,jump_prob,ve,dim
0,0.8196231721667651,0.8200181030272731,227,0.2,0.3,0.5,0.001,1
