,L2,L2_true,N,std,jump,jump_prob,ve,dim
0,3.478538785221377,0.6887209500985435,43,0.01,0.3,0.5,0.01,1
