,L2,L2_true,N,std,jump,jump_prob,ve,dim
0,0.6269534362529826,0.6275403099265717,372,0.2,0.3,0.5,0.001,1
