,L2,L2_true,N,std,jump,jump_prob,ve,dim
0,0.7968589829974865,0.7706686472538465,193,0.05,0.3,0.5,0.001,1
