,L2,L2_true,N,std,jump,jump_prob,ve,dim
0,4.124184293760441,2.2166502213090573,37,0.01,0.3,0.5,0.01,2
