,L2,L2_true,N,std,jump,jump_prob,ve,dim
0,3.7886925246526597,1.5636099267525825,10,0.01,0.3,0.5,0.01,1
