,L2,L2_true,N,std,jump,jump_prob,ve,dim
0,2.5090974352075457,2.4346256778755633,13,0.05,0.3,0.5,0.001,1
