,L2,L2_true,N,std,jump,jump_prob,ve,dim
0,4.45282867892565,2.9259980757605417,10,0.01,0.3,0.5,0.0025,2
