,L2,L2_true,N,std,jump,jump_prob,ve,dim
0,0.6444805630133983,0.6444072611562411,372,0.2,0.3,0.5,0.001,1
