,L2,L2_true,N,std,jump,jump_prob,ve,dim
0,3.7007422822735703,2.231384480231918,26,0.01,0.3,0.5,0.001,1
