,L2,L2_true,N,std,jump,jump_prob,ve,dim
0,3.4341906661747315,0.280392576794381,71,0.01,0.3,0.5,0.01,1
