,L2,L2_true,N,std,jump,jump_prob,ve,dim
0,5.605453737222836,4.650909438607211,22,0.01,0.3,0.5,0.001,3
