,L2,L2_true,N,std,jump,jump_prob,ve,dim
0,1.0768965474402539,1.0726772058431262,117,0.05,0.3,0.5,0.001,1
