,L2,L2_true,N,std,jump,jump_prob,ve,dim
0,0.37778289741009724,0.37034626379139746,1,0.2,0.3,0.5,0.001,1
