,L2,L2_true,N,std,jump,jump_prob,ve,dim
0,23.452793476570186,23.276452782927667,1389,0.01,0.3,0.5,0.001,3
