,L2,L2_true,N,std,jump,jump_prob,ve,dim
0,0.5613155380565003,0.5621619265627662,517,0.2,0.3,0.5,0.001,1
