,L2,L2_true,N,std,jump,jump_prob,ve,dim
0,0.33820311740469683,0.3384712977446315,1178,0.2,0.3,0.5,0.001,1
