,L2,L2_true,N,std,jump,jump_prob,ve,dim
0,3.4522669289721635,0.5430290298891564,719,0.01,0.3,0.5,0.01,2
