,L2,L2_true,N,std,jump,jump_prob,ve,dim
0,3.579127752866091,1.0422405121819718,227,0.01,0.3,0.5,0.01,2
