,L2,L2_true,N,std,jump,jump_prob,ve,dim
0,3.4493774120279146,0.4807380204370664,1000,0.01,0.3,0.5,0.01,2
