,L2,L2_true,N,std,jump,jump_prob,ve,dim
0,5.640098285460509,4.983993630334473,1178,0.01,0.3,0.5,0.001,2
