,L2,L2_true,N,std,jump,jump_prob,ve,dim
0,3.479390150641258,0.711876775802696,37,0.01,0.3,0.5,0.01,1
