,L2,L2_true,N,std,jump,jump_prob,ve,dim
0,5.426522064205496,4.127292148571242,43,0.01,0.3,0.5,0.01,3
