,L2,L2_true,N,std,jump,jump_prob,ve,dim
0,2.684118388847536,2.6719392953174705,31,0.05,0.3,0.5,0.001,1
