,L2,L2_true,N,std,jump,jump_prob,ve,dim
0,3.618715146243697,1.8041143726984012,1,0.01,0.3,0.5,0.001,2
