,L2,L2_true,N,std,jump,jump_prob,ve,dim
0,3.650084950307876,0.9879366372689582,2,0.01,0.3,0.5,0.01,1
