,L2,L2_true,N,std,jump,jump_prob,ve,dim
0,1.3504914032285278,1.1788819146272054,1,0.05,0.3,0.5,0.001,1
