,L2,L2_true,N,std,jump,jump_prob,ve,dim
0,0.41583921115348343,0.4163652217413022,848,0.2,0.3,0.5,0.001,1
