,L2,L2_true,N,std,jump,jump_prob,ve,dim
0,6.761830039474718,6.217610122060596,719,0.01,0.3,0.5,0.001,2
