,L2,L2_true,N,std,jump,jump_prob,ve,dim
0,2.567433517612115,2.565532645495844,19,0.2,0.3,0.5,0.001,1
