,L2,L2_true,N,std,jump,jump_prob,ve,dim
0,5.811761768447858,4.824470536011701,71,0.01,0.3,0.5,0.0025,2
