,L2,L2_true,N,std,jump,jump_prob,ve,dim
0,1.3081392485625771,1.3083814441529094,117,0.2,0.3,0.5,0.001,1
