,L2,L2_true,N,std,jump,jump_prob,ve,dim
0,4.55823928987958,3.0795850484884646,11,0.01,0.3,0.5,0.0025,2
