,L2,L2_true,N,std,jump,jump_prob,ve,dim
0,3.42559973697715,0.08985402194139946,1389,0.01,0.3,0.5,0.01,1
