,L2,L2_true,N,std,jump,jump_prob,ve,dim
0,1.4660518790468606,1.4652014949275998,84,0.2,0.3,0.5,0.001,1
