,L2,L2_true,N,std,jump,jump_prob,ve,dim
0,3.5776784715527326,1.007836151717,13,0.01,0.3,0.5,0.01,1
