,L2,L2_true,N,std,jump,jump_prob,ve,dim
0,5.111227645531226,3.77988144425841,227,0.01,0.3,0.5,0.01,3
