,L2,L2_true,N,std,jump,jump_prob,ve,dim
0,2.2033371926238847,2.2029584101189594,7,0.2,0.3,0.5,0.001,1
