,L2,L2_true,N,std,jump,jump_prob,ve,dim
0,5.08665961102873,3.7444497565454213,227,0.01,0.3,0.5,0.01,3
