,L2,L2_true,N,std,jump,jump_prob,ve,dim
0,12.17382439587144,11.728409880450954,372,0.01,0.3,0.5,0.0025,3
