,L2,L2_true,N,std,jump,jump_prob,ve,dim
0,5.782261599946529,4.8519777424480255,138,0.01,0.3,0.5,0.0025,2
