,L2,L2_true,N,std,jump,jump_prob,ve,dim
0,3.801602930530171,1.7913169982506236,5,0.01,0.3,0.5,0.0025,1
