,L2,L2_true,N,std,jump,jump_prob,ve,dim
0,5.114659609025738,4.094386122400468,316,0.01,0.3,0.5,0.0025,2
