,L2,L2_true,N,std,jump,jump_prob,ve,dim
0,3.0450208836606847,0.32294558207039825,268,0.01,0.3,0.5,0.0025,1
