,L2,L2_true,N,std,jump,jump_prob,ve,dim
0,3.845554828375708,1.5129969736012778,3,0.01,0.3,0.5,0.01,3
