,L2,L2_true,N,std,jump,jump_prob,ve,dim
0,3.690470894868962,2.078055211615676,1000,0.01,0.3,0.5,0.0025,2
