,L2,L2_true,N,std,jump,jump_prob,ve,dim
0,6.006015097531396,5.11782735529414,138,0.01,0.3,0.5,0.0025,2
