,L2,L2_true,N,std,jump,jump_prob,ve,dim
0,0.9745398072936028,0.9618430090450919,163,0.05,0.3,0.5,0.001,1
