,L2,L2_true,N,std,jump,jump_prob,ve,dim
0,3.6157323268634984,0.7914678159822252,2,0.01,0.3,0.5,0.01,1
