,L2,L2_true,N,std,jump,jump_prob,ve,dim
0,3.6621107722209465,2.05486200468665,1000,0.01,0.3,0.5,0.0025,2
