,L2,L2_true,N,std,jump,jump_prob,ve,dim
0,2.1638359249143524,2.165484882973634,13,0.2,0.3,0.5,0.001,1
