,L2,L2_true,N,std,jump,jump_prob,ve,dim
0,3.3692667732074617,2.0853313683998924,43,0.01,0.3,0.5,0.001,1
