,L2,L2_true,N,std,jump,jump_prob,ve,dim
0,3.7083583457495926,1.4241815843399255,1930,0.01,0.3,0.5,0.01,3
