,L2,L2_true,N,std,jump,jump_prob,ve,dim
0,6.679346494699927,5.774780174126717,43,0.01,0.3,0.5,0.0025,3
