,L2,L2_true,N,std,jump,jump_prob,ve,dim
0,3.1322183842937155,0.7846489803065875,61,0.01,0.3,0.5,0.0025,1
