,L2,L2_true,N,std,jump,jump_prob,ve,dim
0,4.447679781817387,2.7081354249169642,13,0.01,0.3,0.5,0.01,3
