,L2,L2_true,N,std,jump,jump_prob,ve,dim
0,11.009944597178794,10.55945421162624,138,0.01,0.3,0.5,0.001,3
