,L2,L2_true,N,std,jump,jump_prob,ve,dim
0,11.986706675059505,11.587218334688355,163,0.01,0.3,0.5,0.001,3
