,L2,L2_true,N,std,jump,jump_prob,ve,dim
0,3.4924955459162135,1.716242590863737,1389,0.01,0.3,0.5,0.0025,2
