,L2,L2_true,N,std,jump,jump_prob,ve,dim
0,3.732262197958433,1.6027266737480936,2,0.01,0.3,0.5,0.0025,1
