,L2,L2_true,N,std,jump,jump_prob,ve,dim
0,3.4372963217044625,0.300903742085283,2275,0.01,0.3,0.5,0.01,2
