,L2,L2_true,N,std,jump,jump_prob,ve,dim
0,2.465008300830845,2.4291999219120455,19,0.05,0.3,0.5,0.001,1
