,L2,L2_true,N,std,jump,jump_prob,ve,dim
0,10.683807262339622,10.15855028189976,193,0.01,0.3,0.5,0.0025,3
