,L2,L2_true,N,std,jump,jump_prob,ve,dim
0,2.8726953727274718,2.854507770675022,22,0.05,0.3,0.5,0.001,1
