,L2,L2_true,N,std,jump,jump_prob,ve,dim
0,5.777996620872361,4.781510147028929,61,0.01,0.3,0.5,0.0025,2
