,L2,L2_true,N,std,jump,jump_prob,ve,dim
0,3.049221765722999,0.3806597012073865,227,0.01,0.3,0.5,0.0025,1
