,L2,L2_true,N,std,jump,jump_prob,ve,dim
0,3.401604941168602,0.04113046709326029,2682,0.01,0.3,0.5,0.01,1
