,L2,L2_true,N,std,jump,jump_prob,ve,dim
0,4.1928506716479665,2.7803888641530525,7,0.01,0.3,0.5,0.001,1
