,L2,L2_true,N,std,jump,jump_prob,ve,dim
0,0.36418715346829494,0.3634252821365413,1000,0.2,0.3,0.5,0.001,1
