,L2,L2_true,N,std,jump,jump_prob,ve,dim
0,2.749269818097671,0.880753449163333,163,0.01,0.3,0.5,0.001,1
