,L2,L2_true,N,std,jump,jump_prob,ve,dim
0,8.351873809475109,7.837981067612803,268,0.01,0.3,0.5,0.001,2
