,L2,L2_true,N,std,jump,jump_prob,ve,dim
0,3.4156410646489483,0.1433346870774654,268,0.01,0.3,0.5,0.01,1
