,L2,L2_true,N,std,jump,jump_prob,ve,dim
0,0.40985879898570554,0.4102547596519751,719,0.2,0.3,0.5,0.001,1
