,L2,L2_true,N,std,jump,jump_prob,ve,dim
0,3.660516059069907,2.0478719485776335,1000,0.01,0.3,0.5,0.0025,2
