,L2,L2_true,N,std,jump,jump_prob,ve,dim
0,3.4570171174706057,0.4475263185309374,1000,0.01,0.3,0.5,0.01,2
