,L2,L2_true,N,std,jump,jump_prob,ve,dim
0,3.617265825030646,1.8034173203939052,1,0.01,0.3,0.5,0.001,1
