,L2,L2_true,N,std,jump,jump_prob,ve,dim
0,3.0399187612906493,0.24464912057357716,610,0.01,0.3,0.5,0.0025,1
