,L2,L2_true,N,std,jump,jump_prob,ve,dim
0,3.688262332425649,1.0811840844837939,2,0.01,0.3,0.5,0.01,3
