,L2,L2_true,N,std,jump,jump_prob,ve,dim
0,3.0446990442443562,0.10643026164545878,2682,0.01,0.3,0.5,0.0025,1
