,L2,L2_true,N,std,jump,jump_prob,ve,dim
0,1.229440279133311,1.2240951247378784,2,0.2,0.3,0.5,0.001,1
