,L2,L2_true,N,std,jump,jump_prob,ve,dim
0,3.2812750776909025,1.372884610830814,51,0.01,0.3,0.5,0.0025,1
