,L2,L2_true,N,std,jump,jump_prob,ve,dim
0,3.9670305679081155,2.0056850227609395,1000,0.01,0.3,0.5,0.01,3
