,L2,L2_true,N,std,jump,jump_prob,ve,dim
0,3.116095514385272,0.7264141072218918,84,0.01,0.3,0.5,0.0025,1
