,L2,L2_true,N,std,jump,jump_prob,ve,dim
0,0.37808042504426065,0.3090521246469074,1637,0.05,0.3,0.5,0.001,1
