,L2,L2_true,N,std,jump,jump_prob,ve,dim
0,3.3933118758985996,2.002070635623698,31,0.01,0.3,0.5,0.001,1
