,L2,L2_true,N,std,jump,jump_prob,ve,dim
0,4.272940456546324,2.6437788434354936,7,0.01,0.3,0.5,0.0025,3
