,L2,L2_true,N,std,jump,jump_prob,ve,dim
0,3.9041486501686777,1.9958712980534028,3,0.01,0.3,0.5,0.0025,1
