,L2,L2_true,N,std,jump,jump_prob,ve,dim
0,0.2840378335157299,0.28407333256008666,1637,0.2,0.3,0.5,0.001,1
