,L2,L2_true,N,std,jump,jump_prob,ve,dim
0,2.769206433699304,0.9344829734967787,138,0.01,0.3,0.5,0.001,1
