,L2,L2_true,N,std,jump,jump_prob,ve,dim
0,3.441976390914507,0.40232652901553656,84,0.01,0.3,0.5,0.01,1
