,L2,L2_true,N,std,jump,jump_prob,ve,dim
0,0.9952417056813632,0.9743170039855472,163,0.05,0.3,0.5,0.001,1
