,L2,L2_true,N,std,jump,jump_prob,ve,dim
0,2.6218649704537387,0.1224020988833281,3162,0.01,0.3,0.5,0.001,1
