,L2,L2_true,N,std,jump,jump_prob,ve,dim
0,5.878453255792789,4.8868820266599755,61,0.01,0.3,0.5,0.0025,2
