,L2,L2_true,N,std,jump,jump_prob,ve,dim
0,12.512946546697272,12.114830182440292,1000,0.01,0.3,0.5,0.0025,3
