,L2,L2_true,N,std,jump,jump_prob,ve,dim
0,4.186465643410729,3.056533342032129,26,0.01,0.3,0.5,0.001,1
