,L2,L2_true,N,std,jump,jump_prob,ve,dim
0,0.3028304674099997,0.19571608315302588,2682,0.05,0.3,0.5,0.001,1
