,L2,L2_true,N,std,jump,jump_prob,ve,dim
0,12.781951794973084,12.402699686198714,193,0.01,0.3,0.5,0.001,3
