,L2,L2_true,N,std,jump,jump_prob,ve,dim
0,11.312108669715633,10.878291911464029,138,0.01,0.3,0.5,0.001,3
