,L2,L2_true,N,std,jump,jump_prob,ve,dim
0,0.42502225259154214,0.32248245672832265,1178,0.05,0.3,0.5,0.001,1
