,L2,L2_true,N,std,jump,jump_prob,ve,dim
0,7.5462551040212755,6.8978085853346585,71,0.01,0.3,0.5,0.001,2
