,L2,L2_true,N,std,jump,jump_prob,ve,dim
0,3.289565296384768,2.0262079679692078,51,0.01,0.3,0.5,0.001,1
