,L2,L2_true,N,std,jump,jump_prob,ve,dim
0,3.607397265651361,1.7992982836945666,1,0.01,0.3,0.5,0.001,1
