,L2,L2_true,N,std,jump,jump_prob,ve,dim
0,3.97141426181054,2.966935698366201,3000,0.01,0.3,0.5,0.001,2
