,L2,L2_true,N,std,jump,jump_prob,ve,dim
0,4.205196307099305,2.2799000176375412,8,0.01,0.3,0.5,0.01,3
