,L2,L2_true,N,std,jump,jump_prob,ve,dim
0,3.464900417328435,0.4949209941415124,61,0.01,0.3,0.5,0.01,1
