,L2,L2_true,N,std,jump,jump_prob,ve,dim
0,7.93525262479079,7.186786334965609,71,0.01,0.3,0.5,0.0025,3
