,L2,L2_true,N,std,jump,jump_prob,ve,dim
0,3.4186068820809297,0.29665518443494415,2275,0.01,0.3,0.5,0.01,2
