,L2,L2_true,N,std,jump,jump_prob,ve,dim
0,4.303273815518694,2.9413825721642914,7,0.01,0.3,0.5,0.001,2
