,L2,L2_true,N,std,jump,jump_prob,ve,dim
0,8.836119375731574,8.180473599760163,100,0.01,0.3,0.5,0.0025,3
