,L2,L2_true,N,std,jump,jump_prob,ve,dim
0,0.2392361274077416,0.23996168050435498,2682,0.2,0.3,0.5,0.001,1
