,L2,L2_true,N,std,jump,jump_prob,ve,dim
0,2.6287861238193866,0.23042989330886499,1637,0.01,0.3,0.5,0.001,1
