,L2,L2_true,N,std,jump,jump_prob,ve,dim
0,4.330353999445825,2.5849010795972407,37,0.01,0.3,0.5,0.01,2
