,L2,L2_true,N,std,jump,jump_prob,ve,dim
0,4.9023970543319955,3.7703288825040246,13,0.01,0.3,0.5,0.001,3
