,L2,L2_true,N,std,jump,jump_prob,ve,dim
0,4.618585661899557,3.078044153558455,439,0.01,0.3,0.5,0.01,3
