,L2,L2_true,N,std,jump,jump_prob,ve,dim
0,0.37770025023949216,0.3702656252204288,1,0.2,0.3,0.5,0.001,1
