,L2,L2_true,N,std,jump,jump_prob,ve,dim
0,3.044351446651456,0.2747440088017355,439,0.01,0.3,0.5,0.0025,1
