,L2,L2_true,N,std,jump,jump_prob,ve,dim
0,3.5795172239973154,1.6501089694563684,19,0.01,0.3,0.5,0.0025,1
