,L2,L2_true,N,std,jump,jump_prob,ve,dim
0,5.742936592010259,4.695426410270027,43,0.01,0.3,0.5,0.0025,2
