,L2,L2_true,N,std,jump,jump_prob,ve,dim
0,3.4276779136900846,0.24350103049532762,193,0.01,0.3,0.5,0.01,1
