,L2,L2_true,N,std,jump,jump_prob,ve,dim
0,3.883863898998517,2.290303083084949,4,0.01,0.3,0.5,0.001,2
