,L2,L2_true,N,std,jump,jump_prob,ve,dim
0,12.068805010474328,11.656347537237142,1178,0.01,0.3,0.5,0.0025,3
