,L2,L2_true,N,std,jump,jump_prob,ve,dim
0,5.430664213713194,4.184695500563229,163,0.01,0.3,0.5,0.01,3
