,L2,L2_true,N,std,jump,jump_prob,ve,dim
0,0.33069344850665444,0.22749784009933155,2275,0.05,0.3,0.5,0.001,1
