,L2,L2_true,N,std,jump,jump_prob,ve,dim
0,12.592580363612369,12.194961295209067,1000,0.01,0.3,0.5,0.0025,3
