,L2,L2_true,N,std,jump,jump_prob,ve,dim
0,3.7352794184158205,2.1127188708536297,26,0.01,0.3,0.5,0.0025,1
