,L2,L2_true,N,std,jump,jump_prob,ve,dim
0,3.431554802955086,0.08213939622041867,1178,0.01,0.3,0.5,0.01,1
