,L2,L2_true,N,std,jump,jump_prob,ve,dim
0,0.7856337482783656,0.7836213478974123,193,0.05,0.3,0.5,0.001,1
