,L2,L2_true,N,std,jump,jump_prob,ve,dim
0,3.8106973737219763,1.3754142918097079,3,0.01,0.3,0.5,0.01,3
