,L2,L2_true,N,std,jump,jump_prob,ve,dim
0,3.609040750681667,1.8007011225166445,1,0.01,0.3,0.5,0.001,1
