,L2,L2_true,N,std,jump,jump_prob,ve,dim
0,3.423345449680873,0.13697045003647546,610,0.01,0.3,0.5,0.01,1
