,L2,L2_true,N,std,jump,jump_prob,ve,dim
0,2.050433093572785,2.026105384394018,19,0.05,0.3,0.5,0.001,1
