,L2,L2_true,N,std,jump,jump_prob,ve,dim
0,4.4845934799403775,2.981371410863389,10,0.01,0.3,0.5,0.0025,2
