,L2,L2_true,N,std,jump,jump_prob,ve,dim
0,0.36715744252659804,0.36204462068409,2,0.2,0.3,0.5,0.001,1
