,L2,L2_true,N,std,jump,jump_prob,ve,dim
0,3.6287462378012427,1.3301941614234003,1,0.01,0.3,0.5,0.0025,1
