,L2,L2_true,N,std,jump,jump_prob,ve,dim
0,4.006818067298796,2.264547159922645,8,0.01,0.3,0.5,0.0025,1
