,L2,L2_true,N,std,jump,jump_prob,ve,dim
0,2.618218857551332,2.567250198582414,13,0.05,0.3,0.5,0.001,1
