,L2,L2_true,N,std,jump,jump_prob,ve,dim
0,3.4439765420695916,0.4496396321906222,1000,0.01,0.3,0.5,0.01,2
