,L2,L2_true,N,std,jump,jump_prob,ve,dim
0,3.039547075205585,0.11018280706785896,1637,0.01,0.3,0.5,0.0025,1
