,L2,L2_true,N,std,jump,jump_prob,ve,dim
0,19.406050877441977,19.17542132569664,610,0.01,0.3,0.5,0.001,3
