,L2,L2_true,N,std,jump,jump_prob,ve,dim
0,11.24629470948094,10.812256000961105,1930,0.01,0.3,0.5,0.0025,3
