,L2,L2_true,N,std,jump,jump_prob,ve,dim
0,3.139710785356209,0.7611204223413948,71,0.01,0.3,0.5,0.0025,1
