,L2,L2_true,N,std,jump,jump_prob,ve,dim
0,3.6284429663748274,1.805044458125588,1,0.01,0.3,0.5,0.001,2
