,L2,L2_true,N,std,jump,jump_prob,ve,dim
0,10.348137835022394,9.804310569724452,163,0.01,0.3,0.5,0.0025,3
