,L2,L2_true,N,std,jump,jump_prob,ve,dim
0,1.6142726988040668,1.6173607758182056,5,0.2,0.3,0.5,0.001,1
