,L2,L2_true,N,std,jump,jump_prob,ve,dim
0,3.4477118806268625,0.4300749557023541,71,0.01,0.3,0.5,0.01,1
