,L2,L2_true,N,std,jump,jump_prob,ve,dim
0,3.709267636700698,2.29763036683242,16,0.01,0.3,0.5,0.001,1
