,L2,L2_true,N,std,jump,jump_prob,ve,dim
0,3.820551928676356,1.6977649384672886,1389,0.01,0.3,0.5,0.01,3
