,L2,L2_true,N,std,jump,jump_prob,ve,dim
0,8.727145276038408,8.248713838582777,268,0.01,0.3,0.5,0.001,2
