,L2,L2_true,N,std,jump,jump_prob,ve,dim
0,0.37770419516855924,0.37026823851110596,1,0.2,0.3,0.5,0.001,1
