,L2,L2_true,N,std,jump,jump_prob,ve,dim
0,3.052175018300955,0.19727389407538454,517,0.01,0.3,0.5,0.0025,1
