,L2,L2_true,N,std,jump,jump_prob,ve,dim
0,9.253347961185506,8.630803101161101,117,0.01,0.3,0.5,0.0025,3
