,L2,L2_true,N,std,jump,jump_prob,ve,dim
0,3.377321505944258,3.3553228268936355,13,0.05,0.3,0.5,0.001,1
