,L2,L2_true,N,std,jump,jump_prob,ve,dim
0,3.0308700221550944,0.08003498125413158,3162,0.01,0.3,0.5,0.0025,1
