,L2,L2_true,N,std,jump,jump_prob,ve,dim
0,3.4972335582888894,0.8271981029303951,316,0.01,0.3,0.5,0.01,2
