,L2,L2_true,N,std,jump,jump_prob,ve,dim
0,1.466247171871813,1.321517529389653,2,0.05,0.3,0.5,0.001,1
