,L2,L2_true,N,std,jump,jump_prob,ve,dim
0,3.0308888314516733,0.1416904868172013,1389,0.01,0.3,0.5,0.0025,1
