,L2,L2_true,N,std,jump,jump_prob,ve,dim
0,4.629817789655564,3.185110553949012,10,0.01,0.3,0.5,0.0025,3
