,L2,L2_true,N,std,jump,jump_prob,ve,dim
0,5.665777882166179,4.682035141796378,117,0.01,0.3,0.5,0.0025,2
