,L2,L2_true,N,std,jump,jump_prob,ve,dim
0,4.899592961958488,3.421188318279892,22,0.01,0.3,0.5,0.01,3
