,L2,L2_true,N,std,jump,jump_prob,ve,dim
0,4.635625891705,3.190374428005746,11,0.01,0.3,0.5,0.0025,3
