,L2,L2_true,N,std,jump,jump_prob,ve,dim
0,3.9874973224730543,2.4583549288036766,5,0.01,0.3,0.5,0.001,2
