,L2,L2_true,N,std,jump,jump_prob,ve,dim
0,3.917363861296311,1.6689299359272487,4,0.01,0.3,0.5,0.01,3
