,L2,L2_true,N,std,jump,jump_prob,ve,dim
0,3.720899300269775,1.7389307349700454,8,0.01,0.3,0.5,0.0025,1
