,L2,L2_true,N,std,jump,jump_prob,ve,dim
0,3.968385388183849,1.9192077398039085,43,0.01,0.3,0.5,0.01,2
