,L2,L2_true,N,std,jump,jump_prob,ve,dim
0,5.144399127426741,3.7618563979739124,37,0.01,0.3,0.5,0.01,3
