,L2,L2_true,N,std,jump,jump_prob,ve,dim
0,3.032947744288321,0.21613298935306743,316,0.01,0.3,0.5,0.0025,1
