,L2,L2_true,N,std,jump,jump_prob,ve,dim
0,3.029698615887077,0.1791231594148861,848,0.01,0.3,0.5,0.0025,1
