,L2,L2_true,N,std,jump,jump_prob,ve,dim
0,4.5643033715013654,3.7402317399681997,2000,0.01,0.3,0.5,0.001,2
