,L2,L2_true,N,std,jump,jump_prob,ve,dim
0,4.668835600617048,3.465917740683742,11,0.01,0.3,0.5,0.001,3
