,L2,L2_true,N,std,jump,jump_prob,ve,dim
0,3.1326119081924175,1.5990743557765719,51,0.01,0.3,0.5,0.001,1
