,L2,L2_true,N,std,jump,jump_prob,ve,dim
0,4.949639510532087,4.197459604675125,1637,0.01,0.3,0.5,0.001,2
