,L2,L2_true,N,std,jump,jump_prob,ve,dim
0,3.0491152464154925,0.3312407179061512,268,0.01,0.3,0.5,0.0025,1
