,L2,L2_true,N,std,jump,jump_prob,ve,dim
0,9.308590602897695,8.691607235479355,117,0.01,0.3,0.5,0.0025,3
