,L2,L2_true,N,std,jump,jump_prob,ve,dim
0,3.612701327370983,1.328870234809136,1,0.01,0.3,0.5,0.0025,1
