,L2,L2_true,N,std,jump,jump_prob,ve,dim
0,0.5694989268219494,0.56996586794993,439,0.2,0.3,0.5,0.001,1
