,L2,L2_true,N,std,jump,jump_prob,ve,dim
0,3.7249617275936524,1.1709370886606374,2,0.01,0.3,0.5,0.01,3
