,L2,L2_true,N,std,jump,jump_prob,ve,dim
0,3.8368579865111836,2.1905744139394816,3,0.01,0.3,0.5,0.001,3
