,L2,L2_true,N,std,jump,jump_prob,ve,dim
0,2.028202624782824,1.9501955375889537,8,0.05,0.3,0.5,0.001,1
