,L2,L2_true,N,std,jump,jump_prob,ve,dim
0,2.6997165836235757,2.700083849759611,19,0.2,0.3,0.5,0.001,1
