,L2,L2_true,N,std,jump,jump_prob,ve,dim
0,2.446485912846499,2.4459991515533153,13,0.2,0.3,0.5,0.001,1
