,L2,L2_true,N,std,jump,jump_prob,ve,dim
0,1.1003189904701798,1.083903116348991,138,0.05,0.3,0.5,0.001,1
