,L2,L2_true,N,std,jump,jump_prob,ve,dim
0,5.618550675837336,4.659845935750923,163,0.01,0.3,0.5,0.0025,2
