,L2,L2_true,N,std,jump,jump_prob,ve,dim
0,4.60729800497549,3.37877570119587,11,0.01,0.3,0.5,0.001,2
