,L2,L2_true,N,std,jump,jump_prob,ve,dim
0,3.9082329061548835,1.8466027080143794,84,0.01,0.3,0.5,0.01,2
