,L2,L2_true,N,std,jump,jump_prob,ve,dim
0,3.471083716989302,0.5753791265237553,51,0.01,0.3,0.5,0.01,1
