,L2,L2_true,N,std,jump,jump_prob,ve,dim
0,24.82086737067679,24.6565790535686,2275,0.01,0.3,0.5,0.001,3
