,L2,L2_true,N,std,jump,jump_prob,ve,dim
0,3.612554377288239,1.3287467113432314,1,0.01,0.3,0.5,0.0025,1
