,L2,L2_true,N,std,jump,jump_prob,ve,dim
0,2.6106225503903837,2.5624725737699836,11,0.05,0.3,0.5,0.001,1
