,L2,L2_true,N,std,jump,jump_prob,ve,dim
0,2.6250493477247376,2.624953730848719,10,0.2,0.3,0.5,0.001,1
