,L2,L2_true,N,std,jump,jump_prob,ve,dim
0,5.244036625474583,4.066372505777405,26,0.01,0.3,0.5,0.0025,2
