,L2,L2_true,N,std,jump,jump_prob,ve,dim
0,6.091741913235628,5.48938090111005,1000,0.01,0.3,0.5,0.001,2
