,L2,L2_true,N,std,jump,jump_prob,ve,dim
0,3.659151111807939,1.4641270535303192,2,0.01,0.3,0.5,0.0025,2
