,L2,L2_true,N,std,jump,jump_prob,ve,dim
0,1.3817717835792263,1.3875395129753598,100,0.05,0.3,0.5,0.001,1
