,L2,L2_true,N,std,jump,jump_prob,ve,dim
0,6.260894320935625,5.417769657665347,138,0.01,0.3,0.5,0.0025,2
