,L2,L2_true,N,std,jump,jump_prob,ve,dim
0,2.8973041433484115,1.1957717901042877,71,0.01,0.3,0.5,0.001,1
