,L2,L2_true,N,std,jump,jump_prob,ve,dim
0,3.6241703661273603,0.7443896641351642,1,0.01,0.3,0.5,0.01,1
