,L2,L2_true,N,std,jump,jump_prob,ve,dim
0,4.444681474716495,2.9009824310520207,10,0.01,0.3,0.5,0.0025,2
