,L2,L2_true,N,std,jump,jump_prob,ve,dim
0,12.628140076708279,12.24166125871925,193,0.01,0.3,0.5,0.001,3
