,L2,L2_true,N,std,jump,jump_prob,ve,dim
0,7.951013077288509,7.212867794744423,71,0.01,0.3,0.5,0.0025,3
