,L2,L2_true,N,std,jump,jump_prob,ve,dim
0,5.385661995742475,4.382012514027383,19,0.01,0.3,0.5,0.001,3
