,L2,L2_true,N,std,jump,jump_prob,ve,dim
0,1.6386982968817478,1.6376265922113922,5,0.2,0.3,0.5,0.001,1
