,L2,L2_true,N,std,jump,jump_prob,ve,dim
0,5.432163968442497,4.454536067302818,22,0.01,0.3,0.5,0.001,2
