,L2,L2_true,N,std,jump,jump_prob,ve,dim
0,7.758242933481743,7.267652862648065,517,0.01,0.3,0.5,0.001,2
