,L2,L2_true,N,std,jump,jump_prob,ve,dim
0,0.4692349120738735,0.46962309933535623,610,0.2,0.3,0.5,0.001,1
