,L2,L2_true,N,std,jump,jump_prob,ve,dim
0,1.4924645786694581,1.3502529998445338,2,0.05,0.3,0.5,0.001,1
