,L2,L2_true,N,std,jump,jump_prob,ve,dim
0,4.171390749609567,2.4024558419226576,719,0.01,0.3,0.5,0.01,3
