,L2,L2_true,N,std,jump,jump_prob,ve,dim
0,2.391739000480768,2.3528594678349477,31,0.05,0.3,0.5,0.001,1
