,L2,L2_true,N,std,jump,jump_prob,ve,dim
0,4.24058072097622,2.4664695765966096,51,0.01,0.3,0.5,0.01,2
