,L2,L2_true,N,std,jump,jump_prob,ve,dim
0,4.86761064183694,3.4404571795120207,316,0.01,0.3,0.5,0.01,3
