,L2,L2_true,N,std,jump,jump_prob,ve,dim
0,4.134872895028849,2.696178941430219,6,0.01,0.3,0.5,0.001,2
