,L2,L2_true,N,std,jump,jump_prob,ve,dim
0,2.158482858088857,2.1538998601152866,5,0.2,0.3,0.5,0.001,1
