,L2,L2_true,N,std,jump,jump_prob,ve,dim
0,5.363869059675911,4.352639726146392,19,0.01,0.3,0.5,0.001,3
