,L2,L2_true,N,std,jump,jump_prob,ve,dim
0,3.666109939432685,1.3207581851181494,138,0.01,0.3,0.5,0.01,2
