,L2,L2_true,N,std,jump,jump_prob,ve,dim
0,0.2962601957832491,0.1857691003368701,3162,0.05,0.3,0.5,0.001,1
