,L2,L2_true,N,std,jump,jump_prob,ve,dim
0,4.623552240693525,3.792396155605996,1930,0.01,0.3,0.5,0.001,2
