,L2,L2_true,N,std,jump,jump_prob,ve,dim
0,3.7317592009774354,2.059687988906181,31,0.01,0.3,0.5,0.0025,1
