,L2,L2_true,N,std,jump,jump_prob,ve,dim
0,4.307275166298489,2.728384798611612,8,0.01,0.3,0.5,0.0025,2
