,L2,L2_true,N,std,jump,jump_prob,ve,dim
0,7.951633343348229,7.353078195019772,100,0.01,0.3,0.5,0.001,2
