,L2,L2_true,N,std,jump,jump_prob,ve,dim
0,4.3477779489082335,2.756782846839761,8,0.01,0.3,0.5,0.0025,3
