,L2,L2_true,N,std,jump,jump_prob,ve,dim
0,4.6476400180095405,3.214841144720842,13,0.01,0.3,0.5,0.0025,2
