,L2,L2_true,N,std,jump,jump_prob,ve,dim
0,3.810596710486289,2.1511396203231223,3,0.01,0.3,0.5,0.001,1
