,L2,L2_true,N,std,jump,jump_prob,ve,dim
0,4.27473506146953,2.908794316606727,7,0.01,0.3,0.5,0.001,3
