,L2,L2_true,N,std,jump,jump_prob,ve,dim
0,12.584062433998284,12.163611495366958,517,0.01,0.3,0.5,0.0025,3
