,L2,L2_true,N,std,jump,jump_prob,ve,dim
0,10.373944886306852,9.84374675649792,193,0.01,0.3,0.5,0.0025,3
