,L2,L2_true,N,std,jump,jump_prob,ve,dim
0,3.613174348725361,1.3284471615444486,1,0.01,0.3,0.5,0.0025,1
