,L2,L2_true,N,std,jump,jump_prob,ve,dim
0,1.4619591936659548,1.4030059370346335,84,0.05,0.3,0.5,0.001,1
