,L2,L2_true,N,std,jump,jump_prob,ve,dim
0,2.235847165725856,2.2368765183347192,11,0.2,0.3,0.5,0.001,1
