,L2,L2_true,N,std,jump,jump_prob,ve,dim
0,1.7040489577920028,1.5714790069022455,3,0.05,0.3,0.5,0.001,1
