,L2,L2_true,N,std,jump,jump_prob,ve,dim
0,7.554679114446674,6.768793902849105,61,0.01,0.3,0.5,0.0025,3
