,L2,L2_true,N,std,jump,jump_prob,ve,dim
0,2.182943263432422,2.18369603876539,43,0.2,0.3,0.5,0.001,1
