,L2,L2_true,N,std,jump,jump_prob,ve,dim
0,3.7605162973921376,2.21284267857071,848,0.01,0.3,0.5,0.0025,2
