,L2,L2_true,N,std,jump,jump_prob,ve,dim
0,3.759914391078581,1.565203841879247,1637,0.01,0.3,0.5,0.01,3
