,L2,L2_true,N,std,jump,jump_prob,ve,dim
0,1.8578881443918926,1.865001060804198,31,0.05,0.3,0.5,0.001,1
