,L2,L2_true,N,std,jump,jump_prob,ve,dim
0,4.232841292462987,2.3890186219436664,22,0.01,0.3,0.5,0.01,2
