,L2,L2_true,N,std,jump,jump_prob,ve,dim
0,3.8336215931836253,1.9350382053863546,6,0.01,0.3,0.5,0.0025,1
