,L2,L2_true,N,std,jump,jump_prob,ve,dim
0,2.376638990635452,2.3356500247287477,10,0.05,0.3,0.5,0.001,1
