,L2,L2_true,N,std,jump,jump_prob,ve,dim
0,4.968224487162648,3.882949509278145,268,0.01,0.3,0.5,0.0025,2
