,L2,L2_true,N,std,jump,jump_prob,ve,dim
0,3.486350396847841,2.0461702561187205,31,0.01,0.3,0.5,0.001,1
