,L2,L2_true,N,std,jump,jump_prob,ve,dim
0,3.932644427827382,1.7295991734645595,6,0.01,0.3,0.5,0.01,2
