,L2,L2_true,N,std,jump,jump_prob,ve,dim
0,4.286814622670194,2.649964221070722,8,0.01,0.3,0.5,0.0025,2
