,L2,L2_true,N,std,jump,jump_prob,ve,dim
0,3.427117367342347,0.45787428979722844,1000,0.01,0.3,0.5,0.01,2
