,L2,L2_true,N,std,jump,jump_prob,ve,dim
0,3.3061523881664243,1.851266230148062,43,0.01,0.3,0.5,0.001,1
