,L2,L2_true,N,std,jump,jump_prob,ve,dim
0,4.996713579987879,4.247981997562582,1637,0.01,0.3,0.5,0.001,2
