,L2,L2_true,N,std,jump,jump_prob,ve,dim
0,1.0258071982426544,1.0260389734725184,138,0.2,0.3,0.5,0.001,1
