,L2,L2_true,N,std,jump,jump_prob,ve,dim
0,3.9730265497429325,2.001335271080285,1000,0.01,0.3,0.5,0.01,3
