,L2,L2_true,N,std,jump,jump_prob,ve,dim
0,2.6234986302152277,0.2252663290383107,1637,0.01,0.3,0.5,0.001,1
