,L2,L2_true,N,std,jump,jump_prob,ve,dim
0,4.197196061251926,2.3366502504328115,26,0.01,0.3,0.5,0.01,2
