,L2,L2_true,N,std,jump,jump_prob,ve,dim
0,0.6342964930095049,0.610012461610446,372,0.05,0.3,0.5,0.001,1
