,L2,L2_true,N,std,jump,jump_prob,ve,dim
0,2.2420582218742955,2.2242440573610445,19,0.05,0.3,0.5,0.001,1
