,L2,L2_true,N,std,jump,jump_prob,ve,dim
0,1.9285839385021937,1.8559357117934074,8,0.05,0.3,0.5,0.001,1
