,L2,L2_true,N,std,jump,jump_prob,ve,dim
0,12.906347102250129,12.508527400135598,719,0.01,0.3,0.5,0.0025,3
