,L2,L2_true,N,std,jump,jump_prob,ve,dim
0,3.654465673258861,1.8319635403065087,13,0.01,0.3,0.5,0.0025,1
