,L2,L2_true,N,std,jump,jump_prob,ve,dim
0,0.5109549006879474,0.5125398204078294,610,0.2,0.3,0.5,0.001,1
