,L2,L2_true,N,std,jump,jump_prob,ve,dim
0,4.1711054093944355,2.206232252146309,7,0.01,0.3,0.5,0.01,3
