,L2,L2_true,N,std,jump,jump_prob,ve,dim
0,10.992845285989182,10.493137491649534,227,0.01,0.3,0.5,0.0025,3
