,L2,L2_true,N,std,jump,jump_prob,ve,dim
0,5.265352510386333,4.089030634472509,26,0.01,0.3,0.5,0.0025,2
