,L2,L2_true,N,std,jump,jump_prob,ve,dim
0,2.614556756752582,0.15228953132698958,2682,0.01,0.3,0.5,0.001,1
