,L2,L2_true,N,std,jump,jump_prob,ve,dim
0,3.344640783598722,1.382600031611672,43,0.01,0.3,0.5,0.0025,1
