,L2,L2_true,N,std,jump,jump_prob,ve,dim
0,3.2876732917635305,1.1981329101023486,43,0.01,0.3,0.5,0.0025,1
