,L2,L2_true,N,std,jump,jump_prob,ve,dim
0,3.4161992084326753,0.14884048960500565,439,0.01,0.3,0.5,0.01,1
