,L2,L2_true,N,std,jump,jump_prob,ve,dim
0,2.863455781157628,2.8052938576468436,13,0.05,0.3,0.5,0.001,1
