,L2,L2_true,N,std,jump,jump_prob,ve,dim
0,2.617326031751645,0.1470909638386549,2682,0.01,0.3,0.5,0.001,1
