,L2,L2_true,N,std,jump,jump_prob,ve,dim
0,0.3653138407575916,0.36587643807344566,1178,0.2,0.3,0.5,0.001,1
