,L2,L2_true,N,std,jump,jump_prob,ve,dim
0,4.162518956615035,2.4637600680918794,7,0.01,0.3,0.5,0.0025,2
