,L2,L2_true,N,std,jump,jump_prob,ve,dim
0,4.958281897417162,3.670286819205807,19,0.01,0.3,0.5,0.0025,2
