,L2,L2_true,N,std,jump,jump_prob,ve,dim
0,2.7801926048939176,0.9158033099494419,117,0.01,0.3,0.5,0.001,1
