,L2,L2_true,N,std,jump,jump_prob,ve,dim
0,3.6462197483178778,1.8813121204040293,2,0.01,0.3,0.5,0.001,1
