,L2,L2_true,N,std,jump,jump_prob,ve,dim
0,4.283088198996813,2.6489181553368097,8,0.01,0.3,0.5,0.0025,2
