,L2,L2_true,N,std,jump,jump_prob,ve,dim
0,3.0417955116035285,0.2375606153400136,439,0.01,0.3,0.5,0.0025,1
