,L2,L2_true,N,std,jump,jump_prob,ve,dim
0,4.464561643274471,2.959412143642549,10,0.01,0.3,0.5,0.0025,2
