,L2,L2_true,N,std,jump,jump_prob,ve,dim
0,3.095567822749398,0.7007639523914724,100,0.01,0.3,0.5,0.0025,1
