,L2,L2_true,N,std,jump,jump_prob,ve,dim
0,9.77049358161513,9.26010654026836,100,0.01,0.3,0.5,0.001,3
