,L2,L2_true,N,std,jump,jump_prob,ve,dim
0,7.049285707718124,6.329896654706731,51,0.01,0.3,0.5,0.001,2
