,L2,L2_true,N,std,jump,jump_prob,ve,dim
0,20.330956756237068,20.10306231616733,719,0.01,0.3,0.5,0.001,3
