,L2,L2_true,N,std,jump,jump_prob,ve,dim
0,3.0520661261202013,0.29023734047764277,316,0.01,0.3,0.5,0.0025,1
