,L2,L2_true,N,std,jump,jump_prob,ve,dim
0,2.778406896383763,2.7784893468020364,19,0.2,0.3,0.5,0.001,1
