,L2,L2_true,N,std,jump,jump_prob,ve,dim
0,4.638743230720096,3.39799509659326,10,0.01,0.3,0.5,0.001,3
