,L2,L2_true,N,std,jump,jump_prob,ve,dim
0,0.3708834146906989,0.37057209012694725,1000,0.2,0.3,0.5,0.001,1
