,L2,L2_true,N,std,jump,jump_prob,ve,dim
0,3.54808493171083,1.858728466952447,31,0.01,0.3,0.5,0.0025,1
