,L2,L2_true,N,std,jump,jump_prob,ve,dim
0,4.043576151494675,2.550384663849937,4,0.01,0.3,0.5,0.001,2
