,L2,L2_true,N,std,jump,jump_prob,ve,dim
0,0.5293871580207717,0.4572010088254441,719,0.05,0.3,0.5,0.001,1
