,L2,L2_true,N,std,jump,jump_prob,ve,dim
0,2.706469645067833,0.704992550400348,268,0.01,0.3,0.5,0.001,1
