,L2,L2_true,N,std,jump,jump_prob,ve,dim
0,3.9536324341513627,2.178450061072906,7,0.01,0.3,0.5,0.0025,1
