,L2,L2_true,N,std,jump,jump_prob,ve,dim
0,10.576943665651592,10.109874615918343,117,0.01,0.3,0.5,0.001,3
