,L2,L2_true,N,std,jump,jump_prob,ve,dim
0,3.5992206890642167,1.148564076739413,193,0.01,0.3,0.5,0.01,2
