,L2,L2_true,N,std,jump,jump_prob,ve,dim
0,3.1187746643941647,0.758004893053527,71,0.01,0.3,0.5,0.0025,1
