,L2,L2_true,N,std,jump,jump_prob,ve,dim
0,3.2557061802646685,3.199458661018634,10,0.05,0.3,0.5,0.001,1
