,L2,L2_true,N,std,jump,jump_prob,ve,dim
0,4.37820047866426,3.059811701759892,8,0.01,0.3,0.5,0.001,2
