,L2,L2_true,N,std,jump,jump_prob,ve,dim
0,4.256437166982497,2.6044577148306938,7,0.01,0.3,0.5,0.0025,3
