,L2,L2_true,N,std,jump,jump_prob,ve,dim
0,3.349091829017852,1.4245765236577792,2000,0.01,0.3,0.5,0.0025,2
