,L2,L2_true,N,std,jump,jump_prob,ve,dim
0,1.7444701394799655,1.6294253879201386,5,0.05,0.3,0.5,0.001,1
