,L2,L2_true,N,std,jump,jump_prob,ve,dim
0,3.610134243316899,0.7450791337786214,1,0.01,0.3,0.5,0.01,1
