,L2,L2_true,N,std,jump,jump_prob,ve,dim
0,5.25886034993402,3.9612793631570606,193,0.01,0.3,0.5,0.01,3
