,L2,L2_true,N,std,jump,jump_prob,ve,dim
0,4.722848075748886,3.5238993705842168,11,0.01,0.3,0.5,0.001,3
