,L2,L2_true,N,std,jump,jump_prob,ve,dim
0,7.986028490632981,7.350639771444642,61,0.01,0.3,0.5,0.001,3
