,L2,L2_true,N,std,jump,jump_prob,ve,dim
0,2.2649071876514677,2.2649278153781887,51,0.2,0.3,0.5,0.001,1
