,L2,L2_true,N,std,jump,jump_prob,ve,dim
0,3.5876328265460837,1.9074615537760735,1178,0.01,0.3,0.5,0.0025,2
