,L2,L2_true,N,std,jump,jump_prob,ve,dim
0,8.28818784665313,7.72535779751942,138,0.01,0.3,0.5,0.001,2
