,L2,L2_true,N,std,jump,jump_prob,ve,dim
0,12.097657946438927,11.694912514173843,163,0.01,0.3,0.5,0.001,3
