,L2,L2_true,N,std,jump,jump_prob,ve,dim
0,5.312843467449016,4.117755478258979,19,0.01,0.3,0.5,0.0025,3
