,L2,L2_true,N,std,jump,jump_prob,ve,dim
0,2.194698652261552,2.106554667029449,5,0.05,0.3,0.5,0.001,1
