,L2,L2_true,N,std,jump,jump_prob,ve,dim
0,3.9996994893813014,2.010225615555323,61,0.01,0.3,0.5,0.01,2
