,L2,L2_true,N,std,jump,jump_prob,ve,dim
0,5.5195527409734355,4.266884639364796,61,0.01,0.3,0.5,0.01,3
