,L2,L2_true,N,std,jump,jump_prob,ve,dim
0,3.334636980277502,1.3907472811447728,2000,0.01,0.3,0.5,0.0025,2
