,L2,L2_true,N,std,jump,jump_prob,ve,dim
0,3.6574953274303983,1.1392103861463123,8,0.01,0.3,0.5,0.01,1
