,L2,L2_true,N,std,jump,jump_prob,ve,dim
0,3.4407796371988404,1.9545197703756765,26,0.01,0.3,0.5,0.001,1
