,L2,L2_true,N,std,jump,jump_prob,ve,dim
0,1.660002850493951,1.5389964990795633,3,0.05,0.3,0.5,0.001,1
