,L2,L2_true,N,std,jump,jump_prob,ve,dim
0,3.364570175792793,1.4584048101606728,1930,0.01,0.3,0.5,0.0025,2
