,L2,L2_true,N,std,jump,jump_prob,ve,dim
0,6.665729562044882,5.906224497381324,43,0.01,0.3,0.5,0.001,2
