,L2,L2_true,N,std,jump,jump_prob,ve,dim
0,0.2760169728441898,0.27569437988705436,1637,0.2,0.3,0.5,0.001,1
