,L2,L2_true,N,std,jump,jump_prob,ve,dim
0,4.296226806234848,2.5799472078026677,610,0.01,0.3,0.5,0.01,3
