,L2,L2_true,N,std,jump,jump_prob,ve,dim
0,5.278671194613525,4.071970712984,16,0.01,0.3,0.5,0.0025,3
