,L2,L2_true,N,std,jump,jump_prob,ve,dim
0,1.1436324440246766,1.1437553919952557,117,0.2,0.3,0.5,0.001,1
