,L2,L2_true,N,std,jump,jump_prob,ve,dim
0,7.887537829829897,7.304923606180485,117,0.01,0.3,0.5,0.001,2
