,L2,L2_true,N,std,jump,jump_prob,ve,dim
0,0.6933354965707198,0.6817027942482549,316,0.05,0.3,0.5,0.001,1
