,L2,L2_true,N,std,jump,jump_prob,ve,dim
0,1.0791356852197207,1.0491801722269882,117,0.05,0.3,0.5,0.001,1
