,L2,L2_true,N,std,jump,jump_prob,ve,dim
0,1.1180955533166355,1.1172544538188998,117,0.2,0.3,0.5,0.001,1
