,L2,L2_true,N,std,jump,jump_prob,ve,dim
0,4.173874641257491,2.7535277825872577,6,0.01,0.3,0.5,0.001,2
