,L2,L2_true,N,std,jump,jump_prob,ve,dim
0,3.7185541526581942,2.013414116167876,2,0.01,0.3,0.5,0.001,2
