,L2,L2_true,N,std,jump,jump_prob,ve,dim
0,3.751873582457778,2.3028092942422105,13,0.01,0.3,0.5,0.001,1
