,L2,L2_true,N,std,jump,jump_prob,ve,dim
0,8.430455109884539,7.933166306273244,268,0.01,0.3,0.5,0.001,2
