,L2,L2_true,N,std,jump,jump_prob,ve,dim
0,3.414602990614289,0.04899528229960351,1389,0.01,0.3,0.5,0.01,1
