,L2,L2_true,N,std,jump,jump_prob,ve,dim
0,4.436320669118837,2.907584897927317,10,0.01,0.3,0.5,0.0025,2
