,L2,L2_true,N,std,jump,jump_prob,ve,dim
0,4.302519581157008,2.495836798482434,13,0.01,0.3,0.5,0.01,2
