,L2,L2_true,N,std,jump,jump_prob,ve,dim
0,2.005463203600039,1.8988809809992777,5,0.05,0.3,0.5,0.001,1
