,L2,L2_true,N,std,jump,jump_prob,ve,dim
0,5.089203230864861,4.000106266279024,16,0.01,0.3,0.5,0.001,2
