,L2,L2_true,N,std,jump,jump_prob,ve,dim
0,4.904867160873106,3.4106523188827182,22,0.01,0.3,0.5,0.01,3
