,L2,L2_true,N,std,jump,jump_prob,ve,dim
0,5.331928233092784,4.135116464561222,19,0.01,0.3,0.5,0.0025,3
