,L2,L2_true,N,std,jump,jump_prob,ve,dim
0,3.7967878570991878,1.7551985513909607,3,0.01,0.3,0.5,0.0025,2
