,L2,L2_true,N,std,jump,jump_prob,ve,dim
0,4.750777690937329,3.9540887928213557,2000,0.01,0.3,0.5,0.001,2
