,L2,L2_true,N,std,jump,jump_prob,ve,dim
0,2.2793104419377443,2.194258950200738,5,0.05,0.3,0.5,0.001,1
