,L2,L2_true,N,std,jump,jump_prob,ve,dim
0,3.684990645748172,1.3785364725843559,138,0.01,0.3,0.5,0.01,2
