,L2,L2_true,N,std,jump,jump_prob,ve,dim
0,10.671660348976843,10.150245531881545,193,0.01,0.3,0.5,0.0025,3
