,L2,L2_true,N,std,jump,jump_prob,ve,dim
0,8.09527584201971,7.5255305717157475,138,0.01,0.3,0.5,0.001,2
