,L2,L2_true,N,std,jump,jump_prob,ve,dim
0,2.864344192502062,2.8257046500262697,16,0.05,0.3,0.5,0.001,1
