,L2,L2_true,N,std,jump,jump_prob,ve,dim
0,2.3004134528224074,2.301756826961422,19,0.2,0.3,0.5,0.001,1
