,L2,L2_true,N,std,jump,jump_prob,ve,dim
0,3.423455705536678,0.2024087250032439,100,0.01,0.3,0.5,0.01,1
