,L2,L2_true,N,std,jump,jump_prob,ve,dim
0,0.8655788643345066,0.8174382559323811,193,0.05,0.3,0.5,0.001,1
