,L2,L2_true,N,std,jump,jump_prob,ve,dim
0,1.3435121897353253,1.3440680799819003,100,0.2,0.3,0.5,0.001,1
