,L2,L2_true,N,std,jump,jump_prob,ve,dim
0,3.90374206086087,2.4456173356455633,719,0.01,0.3,0.5,0.0025,2
