,L2,L2_true,N,std,jump,jump_prob,ve,dim
0,12.065042289741706,11.62076106253164,372,0.01,0.3,0.5,0.0025,3
