,L2,L2_true,N,std,jump,jump_prob,ve,dim
0,3.78625198684588,1.334945503135709,3,0.01,0.3,0.5,0.01,2
