,L2,L2_true,N,std,jump,jump_prob,ve,dim
0,7.18362841444394,6.465954272458344,43,0.01,0.3,0.5,0.001,3
