,L2,L2_true,N,std,jump,jump_prob,ve,dim
0,1.6268781255855065,1.625886361250447,5,0.2,0.3,0.5,0.001,1
