,L2,L2_true,N,std,jump,jump_prob,ve,dim
0,0.6030502309788103,0.5564744940342726,439,0.05,0.3,0.5,0.001,1
