,L2,L2_true,N,std,jump,jump_prob,ve,dim
0,11.957486555834333,11.551913581244218,163,0.01,0.3,0.5,0.001,3
