,L2,L2_true,N,std,jump,jump_prob,ve,dim
0,3.4325070778663664,0.2575299467577882,3000,0.01,0.3,0.5,0.01,2
