,L2,L2_true,N,std,jump,jump_prob,ve,dim
0,0.9571204812632333,0.956275009596059,2,0.2,0.3,0.5,0.001,1
