,L2,L2_true,N,std,jump,jump_prob,ve,dim
0,24.1404869838973,23.978980592748222,2000,0.01,0.3,0.5,0.001,3
