,L2,L2_true,N,std,jump,jump_prob,ve,dim
0,5.6016961879234515,4.528493461252552,43,0.01,0.3,0.5,0.0025,2
