,L2,L2_true,N,std,jump,jump_prob,ve,dim
0,6.513486933416839,5.742968508204125,43,0.01,0.3,0.5,0.001,2
