,L2,L2_true,N,std,jump,jump_prob,ve,dim
0,3.850491133592252,1.8746127277367541,3,0.01,0.3,0.5,0.0025,2
