,L2,L2_true,N,std,jump,jump_prob,ve,dim
0,17.232213249081124,16.96329622235662,439,0.01,0.3,0.5,0.001,3
