,L2,L2_true,N,std,jump,jump_prob,ve,dim
0,3.4264539097405127,0.13990171210734284,439,0.01,0.3,0.5,0.01,1
