,L2,L2_true,N,std,jump,jump_prob,ve,dim
0,3.6655110049359125,1.099565678336304,8,0.01,0.3,0.5,0.01,1
