,L2,L2_true,N,std,jump,jump_prob,ve,dim
0,4.064570265048021,2.024206244950546,7,0.01,0.3,0.5,0.01,2
