,L2,L2_true,N,std,jump,jump_prob,ve,dim
0,3.4435944974904786,1.5717304297506847,22,0.01,0.3,0.5,0.0025,1
