,L2,L2_true,N,std,jump,jump_prob,ve,dim
0,3.74389371347849,1.6337099516860116,2,0.01,0.3,0.5,0.0025,2
