,L2,L2_true,N,std,jump,jump_prob,ve,dim
0,3.8286556546589026,1.5156756639290438,4,0.01,0.3,0.5,0.01,2
