,L2,L2_true,N,std,jump,jump_prob,ve,dim
0,0.5799472810643741,0.5380275830039674,372,0.05,0.3,0.5,0.001,1
