,L2,L2_true,N,std,jump,jump_prob,ve,dim
0,3.8320513028862893,1.8784992096481012,4,0.01,0.3,0.5,0.0025,1
