,L2,L2_true,N,std,jump,jump_prob,ve,dim
0,4.017476608123678,2.613539040795969,610,0.01,0.3,0.5,0.0025,2
