,L2,L2_true,N,std,jump,jump_prob,ve,dim
0,3.700689271446366,1.1242175231080886,2,0.01,0.3,0.5,0.01,3
