,L2,L2_true,N,std,jump,jump_prob,ve,dim
0,5.583110883589858,4.626364584372012,22,0.01,0.3,0.5,0.001,2
