,L2,L2_true,N,std,jump,jump_prob,ve,dim
0,3.938252447974644,2.3764753733762474,4,0.01,0.3,0.5,0.001,2
