,L2,L2_true,N,std,jump,jump_prob,ve,dim
0,2.6828172764171687,0.6144123659555328,227,0.01,0.3,0.5,0.001,1
