,L2,L2_true,N,std,jump,jump_prob,ve,dim
0,4.338629999955993,3.000813575790196,8,0.01,0.3,0.5,0.001,2
