,L2,L2_true,N,std,jump,jump_prob,ve,dim
0,2.4070531618572084,2.393792738821709,37,0.05,0.3,0.5,0.001,1
