,L2,L2_true,N,std,jump,jump_prob,ve,dim
0,4.413100436108983,2.8829814973475143,10,0.01,0.3,0.5,0.0025,2
