,L2,L2_true,N,std,jump,jump_prob,ve,dim
0,4.762388469005467,3.201092526635825,19,0.01,0.3,0.5,0.01,3
