,L2,L2_true,N,std,jump,jump_prob,ve,dim
0,4.9430921924119415,3.874134451766846,316,0.01,0.3,0.5,0.0025,2
