,L2,L2_true,N,std,jump,jump_prob,ve,dim
0,2.509906729779739,2.500700876914087,26,0.05,0.3,0.5,0.001,1
