,L2,L2_true,N,std,jump,jump_prob,ve,dim
0,4.582085106308569,3.3381905163598233,11,0.01,0.3,0.5,0.001,2
