,L2,L2_true,N,std,jump,jump_prob,ve,dim
0,3.4893919670571973,0.7236717414548137,439,0.01,0.3,0.5,0.01,2
