,L2,L2_true,N,std,jump,jump_prob,ve,dim
0,6.394150778852409,5.590549819418036,37,0.01,0.3,0.5,0.001,2
