,L2,L2_true,N,std,jump,jump_prob,ve,dim
0,4.6037672956009175,3.381776856622787,11,0.01,0.3,0.5,0.001,3
