,L2,L2_true,N,std,jump,jump_prob,ve,dim
0,3.6333412649385854,1.3294593448082643,1,0.01,0.3,0.5,0.0025,1
