,L2,L2_true,N,std,jump,jump_prob,ve,dim
0,3.9850373605207583,1.8857681781829005,6,0.01,0.3,0.5,0.01,2
