,L2,L2_true,N,std,jump,jump_prob,ve,dim
0,3.432356061771107,0.3210734785538143,2000,0.01,0.3,0.5,0.01,2
