,L2,L2_true,N,std,jump,jump_prob,ve,dim
0,11.916676960277728,11.496466890872812,1389,0.01,0.3,0.5,0.0025,3
