,L2,L2_true,N,std,jump,jump_prob,ve,dim
0,6.824091563845084,6.061224114391158,37,0.01,0.3,0.5,0.001,3
