,L2,L2_true,N,std,jump,jump_prob,ve,dim
0,2.317446661279594,2.3181694862879323,10,0.2,0.3,0.5,0.001,1
