,L2,L2_true,N,std,jump,jump_prob,ve,dim
0,3.6494363980789846,2.014643411610326,1000,0.01,0.3,0.5,0.0025,2
