,L2,L2_true,N,std,jump,jump_prob,ve,dim
0,1.1010428866826205,1.0279465173269688,117,0.05,0.3,0.5,0.001,1
