,L2,L2_true,N,std,jump,jump_prob,ve,dim
0,3.691473606645253,1.9372511257590777,2,0.01,0.3,0.5,0.001,2
