,L2,L2_true,N,std,jump,jump_prob,ve,dim
0,0.2936174240023051,0.29338533714818504,1389,0.2,0.3,0.5,0.001,1
