,L2,L2_true,N,std,jump,jump_prob,ve,dim
0,3.024848477568659,0.15134477530845378,1000,0.01,0.3,0.5,0.0025,1
