,L2,L2_true,N,std,jump,jump_prob,ve,dim
0,0.954253747241055,0.9487248802581555,2,0.2,0.3,0.5,0.001,1
