,L2,L2_true,N,std,jump,jump_prob,ve,dim
0,23.4815778427668,23.300084219106036,1389,0.01,0.3,0.5,0.001,3
