,L2,L2_true,N,std,jump,jump_prob,ve,dim
0,4.130358835754773,2.4125923260648032,6,0.01,0.3,0.5,0.0025,3
