,L2,L2_true,N,std,jump,jump_prob,ve,dim
0,8.459607155194178,7.9847250160532015,372,0.01,0.3,0.5,0.001,2
