,L2,L2_true,N,std,jump,jump_prob,ve,dim
0,3.698009280634042,1.0381859240468594,2,0.01,0.3,0.5,0.01,2
