,L2,L2_true,N,std,jump,jump_prob,ve,dim
0,3.342470709481631,1.4006234450446293,2000,0.01,0.3,0.5,0.0025,2
