,L2,L2_true,N,std,jump,jump_prob,ve,dim
0,3.0699609197888718,0.5080374115326595,71,0.01,0.3,0.5,0.0025,1
