,L2,L2_true,N,std,jump,jump_prob,ve,dim
0,1.5682141416142863,1.4284738517596298,3,0.05,0.3,0.5,0.001,1
