,L2,L2_true,N,std,jump,jump_prob,ve,dim
0,3.421629628270202,0.2279286385607286,84,0.01,0.3,0.5,0.01,1
