,L2,L2_true,N,std,jump,jump_prob,ve,dim
0,3.4248379963749405,0.17598661064806437,268,0.01,0.3,0.5,0.01,1
