,L2,L2_true,N,std,jump,jump_prob,ve,dim
0,4.869063921518573,3.512495893370009,13,0.01,0.3,0.5,0.0025,3
