,L2,L2_true,N,std,jump,jump_prob,ve,dim
0,5.404131469242605,4.155965705206775,138,0.01,0.3,0.5,0.01,3
