,L2,L2_true,N,std,jump,jump_prob,ve,dim
0,2.782947445584007,2.740380726979415,22,0.05,0.3,0.5,0.001,1
