,L2,L2_true,N,std,jump,jump_prob,ve,dim
0,4.2327526979637815,3.2423983945695567,37,0.01,0.3,0.5,0.001,1
