,L2,L2_true,N,std,jump,jump_prob,ve,dim
0,2.7057449578228603,0.7609907295362961,193,0.01,0.3,0.5,0.001,1
