,L2,L2_true,N,std,jump,jump_prob,ve,dim
0,2.991391463293649,2.964869252300366,19,0.05,0.3,0.5,0.001,1
