,L2,L2_true,N,std,jump,jump_prob,ve,dim
0,4.579873716103506,3.1141431244914974,10,0.01,0.3,0.5,0.0025,3
