,L2,L2_true,N,std,jump,jump_prob,ve,dim
0,2.629198600865147,0.29170779093775545,719,0.01,0.3,0.5,0.001,1
