,L2,L2_true,N,std,jump,jump_prob,ve,dim
0,2.63676310514629,0.25891646755784725,1389,0.01,0.3,0.5,0.001,1
