,L2,L2_true,N,std,jump,jump_prob,ve,dim
0,5.523774864515909,4.83564129644696,1178,0.01,0.3,0.5,0.001,2
