,L2,L2_true,N,std,jump,jump_prob,ve,dim
0,4.350104855361246,3.037840082254889,7,0.01,0.3,0.5,0.001,1
