,L2,L2_true,N,std,jump,jump_prob,ve,dim
0,4.271241014126042,2.423309234773024,13,0.01,0.3,0.5,0.01,2
