,L2,L2_true,N,std,jump,jump_prob,ve,dim
0,3.625874605820008,1.38164939199445,2,0.01,0.3,0.5,0.0025,1
