,L2,L2_true,N,std,jump,jump_prob,ve,dim
0,12.486618104808269,12.085889291223364,1000,0.01,0.3,0.5,0.0025,3
