,L2,L2_true,N,std,jump,jump_prob,ve,dim
0,3.8353185009333264,1.4039359041551152,2,0.01,0.3,0.5,0.01,1
