,L2,L2_true,N,std,jump,jump_prob,ve,dim
0,5.0162076236095725,3.956202286296188,316,0.01,0.3,0.5,0.0025,2
