,L2,L2_true,N,std,jump,jump_prob,ve,dim
0,8.189668503361688,7.699467103493007,372,0.01,0.3,0.5,0.001,2
