,L2,L2_true,N,std,jump,jump_prob,ve,dim
0,0.7403249358377664,0.7414003275583143,268,0.2,0.3,0.5,0.001,1
