,L2,L2_true,N,std,jump,jump_prob,ve,dim
0,3.4434078443705474,0.41307928408498706,1178,0.01,0.3,0.5,0.01,2
