,L2,L2_true,N,std,jump,jump_prob,ve,dim
0,2.208552395846146,2.209195160771953,10,0.2,0.3,0.5,0.001,1
