,L2,L2_true,N,std,jump,jump_prob,ve,dim
0,2.2836347302273037,2.188432009550678,5,0.05,0.3,0.5,0.001,1
