,L2,L2_true,N,std,jump,jump_prob,ve,dim
0,4.598443803795083,3.356818588423645,10,0.01,0.3,0.5,0.001,3
