,L2,L2_true,N,std,jump,jump_prob,ve,dim
0,3.4253656811568702,0.06813590368135426,1637,0.01,0.3,0.5,0.01,1
