,L2,L2_true,N,std,jump,jump_prob,ve,dim
0,4.898537800231267,3.7667935299019586,13,0.01,0.3,0.5,0.001,3
