,L2,L2_true,N,std,jump,jump_prob,ve,dim
0,2.6526411973597424,0.5369726269222574,372,0.01,0.3,0.5,0.001,1
