,L2,L2_true,N,std,jump,jump_prob,ve,dim
0,4.2564475947672085,2.6035673969247783,8,0.01,0.3,0.5,0.0025,2
