,L2,L2_true,N,std,jump,jump_prob,ve,dim
0,2.559058925460438,2.504550415195629,13,0.05,0.3,0.5,0.001,1
