,L2,L2_true,N,std,jump,jump_prob,ve,dim
0,3.9301857924475763,2.3526132734704084,4,0.01,0.3,0.5,0.001,2
