,L2,L2_true,N,std,jump,jump_prob,ve,dim
0,1.8084180541215242,1.689973801760301,3,0.05,0.3,0.5,0.001,1
