,L2,L2_true,N,std,jump,jump_prob,ve,dim
0,12.837206289946858,12.457863190270501,193,0.01,0.3,0.5,0.001,3
