,L2,L2_true,N,std,jump,jump_prob,ve,dim
0,3.7506811796840545,2.199209355220069,848,0.01,0.3,0.5,0.0025,2
