,L2,L2_true,N,std,jump,jump_prob,ve,dim
0,0.31920862516105447,0.2037835939039164,2682,0.05,0.3,0.5,0.001,1
