,L2,L2_true,N,std,jump,jump_prob,ve,dim
0,8.908330779934778,8.442617273435406,227,0.01,0.3,0.5,0.001,2
