,L2,L2_true,N,std,jump,jump_prob,ve,dim
0,4.465803241773385,3.2575858000001277,439,0.01,0.3,0.5,0.0025,2
