,L2,L2_true,N,std,jump,jump_prob,ve,dim
0,12.02036520933853,11.607594921940153,1389,0.01,0.3,0.5,0.0025,3
