,L2,L2_true,N,std,jump,jump_prob,ve,dim
0,4.074737449843047,2.0634164447457155,10,0.01,0.3,0.5,0.01,2
