,L2,L2_true,N,std,jump,jump_prob,ve,dim
0,3.4498711444589203,0.44523221660239487,1000,0.01,0.3,0.5,0.01,2
