,L2,L2_true,N,std,jump,jump_prob,ve,dim
0,6.044131423215171,5.073106236745585,51,0.01,0.3,0.5,0.0025,2
