,L2,L2_true,N,std,jump,jump_prob,ve,dim
0,0.6845840222552333,0.6332448463899665,268,0.05,0.3,0.5,0.001,1
