,L2,L2_true,N,std,jump,jump_prob,ve,dim
0,8.244362571918128,7.684216223548151,100,0.01,0.3,0.5,0.001,2
