,L2,L2_true,N,std,jump,jump_prob,ve,dim
0,0.5021364032406266,0.43831866521081886,610,0.05,0.3,0.5,0.001,1
