,L2,L2_true,N,std,jump,jump_prob,ve,dim
0,8.485150464589148,7.8872044277387126,71,0.01,0.3,0.5,0.001,3
