,L2,L2_true,N,std,jump,jump_prob,ve,dim
0,3.6983154449641407,1.9665223053440886,2,0.01,0.3,0.5,0.001,2
