,L2,L2_true,N,std,jump,jump_prob,ve,dim
0,3.6611801577367937,0.9126264401522122,2,0.01,0.3,0.5,0.01,1
