,L2,L2_true,N,std,jump,jump_prob,ve,dim
0,7.721086511681232,7.102846634175358,84,0.01,0.3,0.5,0.001,2
