,L2,L2_true,N,std,jump,jump_prob,ve,dim
0,8.252726044478884,7.681706536110935,117,0.01,0.3,0.5,0.001,2
