,L2,L2_true,N,std,jump,jump_prob,ve,dim
0,3.7668294981213317,2.207315600584062,848,0.01,0.3,0.5,0.0025,2
