,L2,L2_true,N,std,jump,jump_prob,ve,dim
0,12.457716598513363,12.045679088990557,439,0.01,0.3,0.5,0.0025,3
