,L2,L2_true,N,std,jump,jump_prob,ve,dim
0,2.652972996945537,0.4680883864631981,268,0.01,0.3,0.5,0.001,1
