,L2,L2_true,N,std,jump,jump_prob,ve,dim
0,4.560955183062584,3.014791145484891,439,0.01,0.3,0.5,0.01,3
