,L2,L2_true,N,std,jump,jump_prob,ve,dim
0,3.416046208968221,0.1521696615754147,517,0.01,0.3,0.5,0.01,1
