,L2,L2_true,N,std,jump,jump_prob,ve,dim
0,1.8888178398186606,1.7691495946508926,2,0.05,0.3,0.5,0.001,1
