,L2,L2_true,N,std,jump,jump_prob,ve,dim
0,4.1283309276426445,2.1668366329592015,13,0.01,0.3,0.5,0.01,2
