,L2,L2_true,N,std,jump,jump_prob,ve,dim
0,1.5845574571504029,1.4483432531532334,3,0.05,0.3,0.5,0.001,1
