,L2,L2_true,N,std,jump,jump_prob,ve,dim
0,0.30978302469984487,0.20785007544943276,2682,0.05,0.3,0.5,0.001,1
