,L2,L2_true,N,std,jump,jump_prob,ve,dim
0,5.2448546910836376,4.217084906809967,19,0.01,0.3,0.5,0.001,2
