,L2,L2_true,N,std,jump,jump_prob,ve,dim
0,3.9045152818357676,1.9739906768576818,4,0.01,0.3,0.5,0.0025,2
