,L2,L2_true,N,std,jump,jump_prob,ve,dim
0,2.374399826564271,2.373854643342377,8,0.2,0.3,0.5,0.001,1
