,L2,L2_true,N,std,jump,jump_prob,ve,dim
0,1.3271765113526195,1.325960415568395,100,0.2,0.3,0.5,0.001,1
