,L2,L2_true,N,std,jump,jump_prob,ve,dim
0,2.6966818015481993,0.6582474368927717,193,0.01,0.3,0.5,0.001,1
