,L2,L2_true,N,std,jump,jump_prob,ve,dim
0,8.314232868991299,7.80031426250673,268,0.01,0.3,0.5,0.001,2
