,L2,L2_true,N,std,jump,jump_prob,ve,dim
0,3.655531153781653,2.033421734711101,1000,0.01,0.3,0.5,0.0025,2
