,L2,L2_true,N,std,jump,jump_prob,ve,dim
0,4.213810178850755,2.801338623660165,6,0.01,0.3,0.5,0.001,3
