,L2,L2_true,N,std,jump,jump_prob,ve,dim
0,3.9671619823619504,2.419753665839763,4,0.01,0.3,0.5,0.001,2
