,L2,L2_true,N,std,jump,jump_prob,ve,dim
0,0.3299220421282042,0.24132148475165657,1930,0.05,0.3,0.5,0.001,1
