,L2,L2_true,N,std,jump,jump_prob,ve,dim
0,10.41518951799464,9.932902594597682,117,0.01,0.3,0.5,0.001,3
