,L2,L2_true,N,std,jump,jump_prob,ve,dim
0,8.823869577308304,8.323084121105126,163,0.01,0.3,0.5,0.001,2
