,L2,L2_true,N,std,jump,jump_prob,ve,dim
0,6.898996979142741,6.017362108163358,43,0.01,0.3,0.5,0.0025,3
