,L2,L2_true,N,std,jump,jump_prob,ve,dim
0,5.4610944365434735,4.203169360995557,84,0.01,0.3,0.5,0.01,3
