,L2,L2_true,N,std,jump,jump_prob,ve,dim
0,3.4591977135755605,0.5332411407378389,719,0.01,0.3,0.5,0.01,2
