,L2,L2_true,N,std,jump,jump_prob,ve,dim
0,15.165967767229333,14.859003285093301,316,0.01,0.3,0.5,0.001,3
