,L2,L2_true,N,std,jump,jump_prob,ve,dim
0,11.343635970260335,10.862294976784087,268,0.01,0.3,0.5,0.0025,3
