,L2,L2_true,N,std,jump,jump_prob,ve,dim
0,0.46401827928852074,0.4637913540548691,610,0.2,0.3,0.5,0.001,1
