,L2,L2_true,N,std,jump,jump_prob,ve,dim
0,0.3005579570627998,0.300285668132804,1178,0.2,0.3,0.5,0.001,1
