,L2,L2_true,N,std,jump,jump_prob,ve,dim
0,3.4362125974617914,0.31919615335007673,2000,0.01,0.3,0.5,0.01,2
