,L2,L2_true,N,std,jump,jump_prob,ve,dim
0,7.294338959091464,6.602378239178194,61,0.01,0.3,0.5,0.001,2
