,L2,L2_true,N,std,jump,jump_prob,ve,dim
0,5.4236383845117135,4.151341489519374,61,0.01,0.3,0.5,0.01,3
