,L2,L2_true,N,std,jump,jump_prob,ve,dim
0,2.947245245582645,1.3332692440790177,117,0.01,0.3,0.5,0.001,1
