,L2,L2_true,N,std,jump,jump_prob,ve,dim
0,2.058741271235254,1.9497759364795189,4,0.05,0.3,0.5,0.001,1
