,L2,L2_true,N,std,jump,jump_prob,ve,dim
0,5.608411644346888,4.396395978179399,117,0.01,0.3,0.5,0.01,3
