,L2,L2_true,N,std,jump,jump_prob,ve,dim
0,6.307294276614724,5.473930387588,31,0.01,0.3,0.5,0.001,3
