,L2,L2_true,N,std,jump,jump_prob,ve,dim
0,0.3181914733674601,0.31866470076004444,1178,0.2,0.3,0.5,0.001,1
