,L2,L2_true,N,std,jump,jump_prob,ve,dim
0,3.042585436690174,0.1606125605194615,1178,0.01,0.3,0.5,0.0025,1
