,L2,L2_true,N,std,jump,jump_prob,ve,dim
0,3.0353303119285675,0.08790261925566215,2682,0.01,0.3,0.5,0.0025,1
