,L2,L2_true,N,std,jump,jump_prob,ve,dim
0,3.0314025519521075,0.1365417688694486,1389,0.01,0.3,0.5,0.0025,1
