,L2,L2_true,N,std,jump,jump_prob,ve,dim
0,5.526909164585037,4.37586109396506,22,0.01,0.3,0.5,0.0025,3
