,L2,L2_true,N,std,jump,jump_prob,ve,dim
0,1.891883570201917,1.8885037255831045,51,0.05,0.3,0.5,0.001,1
