,L2,L2_true,N,std,jump,jump_prob,ve,dim
0,3.1506307433689513,0.7995278500856839,43,0.01,0.3,0.5,0.0025,1
