,L2,L2_true,N,std,jump,jump_prob,ve,dim
0,3.7579384062743957,1.7761234090455544,8,0.01,0.3,0.5,0.0025,1
