,L2,L2_true,N,std,jump,jump_prob,ve,dim
0,3.9003472388692075,2.0527591020108433,8,0.01,0.3,0.5,0.0025,1
