,L2,L2_true,N,std,jump,jump_prob,ve,dim
0,2.6211476697065725,0.19752788055427473,1930,0.01,0.3,0.5,0.001,1
