,L2,L2_true,N,std,jump,jump_prob,ve,dim
0,13.524746782594006,13.16474604413031,227,0.01,0.3,0.5,0.001,3
