,L2,L2_true,N,std,jump,jump_prob,ve,dim
0,3.483808052964423,0.6278169298708235,22,0.01,0.3,0.5,0.01,1
