,L2,L2_true,N,std,jump,jump_prob,ve,dim
0,4.036103475361696,2.644732225699519,719,0.01,0.3,0.5,0.0025,2
