,L2,L2_true,N,std,jump,jump_prob,ve,dim
0,4.68207715969687,3.085960749931289,16,0.01,0.3,0.5,0.01,3
