,L2,L2_true,N,std,jump,jump_prob,ve,dim
0,1.9626617826308128,1.8591311661893573,4,0.05,0.3,0.5,0.001,1
