,L2,L2_true,N,std,jump,jump_prob,ve,dim
0,4.526945189384882,3.0084146171449837,10,0.01,0.3,0.5,0.0025,2
