,L2,L2_true,N,std,jump,jump_prob,ve,dim
0,6.5821130024219325,5.7831757944045,37,0.01,0.3,0.5,0.001,3
