,L2,L2_true,N,std,jump,jump_prob,ve,dim
0,3.0398178572902848,0.10112405389666275,2275,0.01,0.3,0.5,0.0025,1
