,L2,L2_true,N,std,jump,jump_prob,ve,dim
0,12.25606130240636,11.824368756815204,316,0.01,0.3,0.5,0.0025,3
