,L2,L2_true,N,std,jump,jump_prob,ve,dim
0,4.690977059680936,3.2065506788851854,372,0.01,0.3,0.5,0.01,3
