,L2,L2_true,N,std,jump,jump_prob,ve,dim
0,2.5022961087295723,2.5015035873909874,13,0.2,0.3,0.5,0.001,1
