,L2,L2_true,N,std,jump,jump_prob,ve,dim
0,1.296764453717033,1.2975998185167748,100,0.2,0.3,0.5,0.001,1
