,L2,L2_true,N,std,jump,jump_prob,ve,dim
0,4.760692093594916,3.2987418117497316,372,0.01,0.3,0.5,0.01,3
