,L2,L2_true,N,std,jump,jump_prob,ve,dim
0,3.6784217509126176,2.157603193745872,19,0.01,0.3,0.5,0.001,1
