,L2,L2_true,N,std,jump,jump_prob,ve,dim
0,2.335417013094128,2.31282309293231,26,0.05,0.3,0.5,0.001,1
