,L2,L2_true,N,std,jump,jump_prob,ve,dim
0,1.451657276535218,1.4510822558170735,100,0.2,0.3,0.5,0.001,1
