,L2,L2_true,N,std,jump,jump_prob,ve,dim
0,4.311726043707268,2.498314941363713,16,0.01,0.3,0.5,0.01,2
