,L2,L2_true,N,std,jump,jump_prob,ve,dim
0,0.844666886705154,0.8461455329397293,2,0.2,0.3,0.5,0.001,1
