,L2,L2_true,N,std,jump,jump_prob,ve,dim
0,2.440186039220188,2.4010563739006927,10,0.05,0.3,0.5,0.001,1
