,L2,L2_true,N,std,jump,jump_prob,ve,dim
0,2.6261938911964053,0.19981016205294702,1930,0.01,0.3,0.5,0.001,1
