,L2,L2_true,N,std,jump,jump_prob,ve,dim
0,3.626831399504105,0.7973708936782081,2,0.01,0.3,0.5,0.01,1
