,L2,L2_true,N,std,jump,jump_prob,ve,dim
0,3.4338352304222055,0.40369937790174704,51,0.01,0.3,0.5,0.01,1
