,L2,L2_true,N,std,jump,jump_prob,ve,dim
0,4.036400364762046,2.1222029220175718,51,0.01,0.3,0.5,0.01,2
