,L2,L2_true,N,std,jump,jump_prob,ve,dim
0,7.0107430502577825,6.306504969956149,51,0.01,0.3,0.5,0.001,2
