,L2,L2_true,N,std,jump,jump_prob,ve,dim
0,5.808153021104691,4.889846763803833,163,0.01,0.3,0.5,0.0025,2
