,L2,L2_true,N,std,jump,jump_prob,ve,dim
0,3.4284192682637187,0.2980273129907659,84,0.01,0.3,0.5,0.01,1
