,L2,L2_true,N,std,jump,jump_prob,ve,dim
0,3.822644900739661,1.8044698892423707,3,0.01,0.3,0.5,0.0025,2
