,L2,L2_true,N,std,jump,jump_prob,ve,dim
0,0.3467208977713711,0.3467538791971188,1178,0.2,0.3,0.5,0.001,1
