,L2,L2_true,N,std,jump,jump_prob,ve,dim
0,3.4217066461395143,0.21605640351888283,100,0.01,0.3,0.5,0.01,1
