,L2,L2_true,N,std,jump,jump_prob,ve,dim
0,3.408825912475362,0.04001695304862333,3162,0.01,0.3,0.5,0.01,1
