,L2,L2_true,N,std,jump,jump_prob,ve,dim
0,2.5511159438092177,2.5499832411158745,16,0.2,0.3,0.5,0.001,1
