,L2,L2_true,N,std,jump,jump_prob,ve,dim
0,4.645008726488265,3.8262889311996076,1930,0.01,0.3,0.5,0.001,2
