,L2,L2_true,N,std,jump,jump_prob,ve,dim
0,4.248678356947208,2.577934017265022,7,0.01,0.3,0.5,0.0025,3
