,L2,L2_true,N,std,jump,jump_prob,ve,dim
0,9.682419009277536,9.164277988710664,100,0.01,0.3,0.5,0.001,3
