,L2,L2_true,N,std,jump,jump_prob,ve,dim
0,3.7352371174488006,1.509051716090142,100,0.01,0.3,0.5,0.01,2
