,L2,L2_true,N,std,jump,jump_prob,ve,dim
0,0.7088413315177698,0.7086317475206335,268,0.2,0.3,0.5,0.001,1
