,L2,L2_true,N,std,jump,jump_prob,ve,dim
0,3.7111593008495753,1.4348451622437095,1930,0.01,0.3,0.5,0.01,3
