,L2,L2_true,N,std,jump,jump_prob,ve,dim
0,0.9742236108756908,0.9745639187005948,138,0.05,0.3,0.5,0.001,1
