,L2,L2_true,N,std,jump,jump_prob,ve,dim
0,2.361775389384084,2.3622220802899907,26,0.2,0.3,0.5,0.001,1
