,L2,L2_true,N,std,jump,jump_prob,ve,dim
0,2.6847526322545727,0.6677229700360218,193,0.01,0.3,0.5,0.001,1
