,L2,L2_true,N,std,jump,jump_prob,ve,dim
0,3.6139686157060744,1.8015048128938511,1,0.01,0.3,0.5,0.001,1
