,L2,L2_true,N,std,jump,jump_prob,ve,dim
0,3.082091664117788,0.6145696528480613,117,0.01,0.3,0.5,0.0025,1
