,L2,L2_true,N,std,jump,jump_prob,ve,dim
0,4.3064274865408,2.9551503118513884,7,0.01,0.3,0.5,0.001,2
