,L2,L2_true,N,std,jump,jump_prob,ve,dim
0,10.309644929452885,9.768613023807209,163,0.01,0.3,0.5,0.0025,3
