,L2,L2_true,N,std,jump,jump_prob,ve,dim
0,4.022704993319738,1.9573126645706813,8,0.01,0.3,0.5,0.01,2
