,L2,L2_true,N,std,jump,jump_prob,ve,dim
0,3.7004333532382234,1.4271539378033582,1930,0.01,0.3,0.5,0.01,3
