,L2,L2_true,N,std,jump,jump_prob,ve,dim
0,25.55897695543939,25.40725564408645,3000,0.01,0.3,0.5,0.001,3
