,L2,L2_true,N,std,jump,jump_prob,ve,dim
0,3.4221992892716067,0.3324464312335606,1637,0.01,0.3,0.5,0.01,2
