,L2,L2_true,N,std,jump,jump_prob,ve,dim
0,3.0956239075792826,0.6376571842176249,61,0.01,0.3,0.5,0.0025,1
