,L2,L2_true,N,std,jump,jump_prob,ve,dim
0,5.4212075431742015,4.161876943748198,117,0.01,0.3,0.5,0.01,3
