,L2,L2_true,N,std,jump,jump_prob,ve,dim
0,1.9818949066077327,1.8903187227328284,7,0.05,0.3,0.5,0.001,1
