,L2,L2_true,N,std,jump,jump_prob,ve,dim
0,4.855486192120743,3.71253887804994,13,0.01,0.3,0.5,0.001,2
