,L2,L2_true,N,std,jump,jump_prob,ve,dim
0,3.536101272613189,1.5637669974392243,19,0.01,0.3,0.5,0.0025,1
