,L2,L2_true,N,std,jump,jump_prob,ve,dim
0,5.8146300615155795,4.892014341780787,22,0.01,0.3,0.5,0.001,3
