,L2,L2_true,N,std,jump,jump_prob,ve,dim
0,21.45804635346318,21.25254598185634,1000,0.01,0.3,0.5,0.001,3
