,L2,L2_true,N,std,jump,jump_prob,ve,dim
0,3.712283388268798,1.9886841101838935,2,0.01,0.3,0.5,0.001,3
