,L2,L2_true,N,std,jump,jump_prob,ve,dim
0,5.495297059998739,4.525371732079293,22,0.01,0.3,0.5,0.001,2
