,L2,L2_true,N,std,jump,jump_prob,ve,dim
0,4.369510630329432,2.6685429525281346,31,0.01,0.3,0.5,0.01,2
