,L2,L2_true,N,std,jump,jump_prob,ve,dim
0,11.004468124383475,10.551644277314827,138,0.01,0.3,0.5,0.001,3
