,L2,L2_true,N,std,jump,jump_prob,ve,dim
0,4.441264591597432,2.9007099842556956,11,0.01,0.3,0.5,0.0025,2
