,L2,L2_true,N,std,jump,jump_prob,ve,dim
0,1.3497396490769975,1.1782391538742651,1,0.05,0.3,0.5,0.001,1
