,L2,L2_true,N,std,jump,jump_prob,ve,dim
0,3.5727456721094315,1.038132760639273,227,0.01,0.3,0.5,0.01,2
