,L2,L2_true,N,std,jump,jump_prob,ve,dim
0,25.175922730476582,25.005255682102966,1637,0.01,0.3,0.5,0.001,3
