,L2,L2_true,N,std,jump,jump_prob,ve,dim
0,0.590737691050716,0.590442735092028,372,0.2,0.3,0.5,0.001,1
