,L2,L2_true,N,std,jump,jump_prob,ve,dim
0,0.5409018876403033,0.5407877898143804,517,0.2,0.3,0.5,0.001,1
