,L2,L2_true,N,std,jump,jump_prob,ve,dim
0,0.5500885824399802,0.5496801562406821,439,0.2,0.3,0.5,0.001,1
