,L2,L2_true,N,std,jump,jump_prob,ve,dim
0,5.641693801605451,4.679486834555558,163,0.01,0.3,0.5,0.0025,2
