,L2,L2_true,N,std,jump,jump_prob,ve,dim
0,0.34058959459375526,0.24632433223239833,1930,0.05,0.3,0.5,0.001,1
