,L2,L2_true,N,std,jump,jump_prob,ve,dim
0,3.69834142658227,1.0724665566128784,2,0.01,0.3,0.5,0.01,2
