,L2,L2_true,N,std,jump,jump_prob,ve,dim
0,0.3274837575004486,0.3268608672568404,1000,0.2,0.3,0.5,0.001,1
