,L2,L2_true,N,std,jump,jump_prob,ve,dim
0,3.5017125041593458,0.7661012734763109,372,0.01,0.3,0.5,0.01,2
