,L2,L2_true,N,std,jump,jump_prob,ve,dim
0,4.72137806551738,3.3151614256704245,16,0.01,0.3,0.5,0.0025,2
