,L2,L2_true,N,std,jump,jump_prob,ve,dim
0,22.01218088222616,21.819043822663755,1000,0.01,0.3,0.5,0.001,3
