,L2,L2_true,N,std,jump,jump_prob,ve,dim
0,1.6533700277884271,1.6539390891439165,61,0.2,0.3,0.5,0.001,1
