,L2,L2_true,N,std,jump,jump_prob,ve,dim
0,3.148143164153315,0.8633042926781447,61,0.01,0.3,0.5,0.0025,1
