,L2,L2_true,N,std,jump,jump_prob,ve,dim
0,3.0599181278082814,3.0439727064159827,22,0.05,0.3,0.5,0.001,1
