,L2,L2_true,N,std,jump,jump_prob,ve,dim
0,5.275825643229821,3.982325881206112,163,0.01,0.3,0.5,0.01,3
