,L2,L2_true,N,std,jump,jump_prob,ve,dim
0,4.292622728758452,2.578418305416415,610,0.01,0.3,0.5,0.01,3
