,L2,L2_true,N,std,jump,jump_prob,ve,dim
0,0.9278636986272456,0.9279049711427364,163,0.2,0.3,0.5,0.001,1
