,L2,L2_true,N,std,jump,jump_prob,ve,dim
0,1.7200026327669444,1.7201175143579013,71,0.2,0.3,0.5,0.001,1
