,L2,L2_true,N,std,jump,jump_prob,ve,dim
0,5.948306998674069,5.312238034019235,1000,0.01,0.3,0.5,0.001,2
