,L2,L2_true,N,std,jump,jump_prob,ve,dim
0,0.3410391163495332,0.22613862596832657,2682,0.05,0.3,0.5,0.001,1
