,L2,L2_true,N,std,jump,jump_prob,ve,dim
0,2.620147344776398,2.62022649897932,16,0.2,0.3,0.5,0.001,1
