,L2,L2_true,N,std,jump,jump_prob,ve,dim
0,3.9381527309362845,1.7496103137944659,6,0.01,0.3,0.5,0.01,2
