,L2,L2_true,N,std,jump,jump_prob,ve,dim
0,8.225278535027828,7.74783102849357,372,0.01,0.3,0.5,0.001,2
