,L2,L2_true,N,std,jump,jump_prob,ve,dim
0,4.220952170383425,2.847025985904134,7,0.01,0.3,0.5,0.001,1
