,L2,L2_true,N,std,jump,jump_prob,ve,dim
0,4.623126154335925,3.3780266315874186,10,0.01,0.3,0.5,0.001,3
