,L2,L2_true,N,std,jump,jump_prob,ve,dim
0,5.308111292772145,4.023075734184136,138,0.01,0.3,0.5,0.01,3
