,L2,L2_true,N,std,jump,jump_prob,ve,dim
0,3.0922465024661916,1.5669068889751983,51,0.01,0.3,0.5,0.001,1
