,L2,L2_true,N,std,jump,jump_prob,ve,dim
0,3.0395114622930737,0.24687346115265363,517,0.01,0.3,0.5,0.0025,1
