,L2,L2_true,N,std,jump,jump_prob,ve,dim
0,12.558491341970269,12.182196603099054,193,0.01,0.3,0.5,0.001,3
