,L2,L2_true,N,std,jump,jump_prob,ve,dim
0,5.5671649969360315,4.609316067011259,22,0.01,0.3,0.5,0.001,2
