,L2,L2_true,N,std,jump,jump_prob,ve,dim
0,3.7360952211935508,1.620214224387835,2,0.01,0.3,0.5,0.0025,2
