,L2,L2_true,N,std,jump,jump_prob,ve,dim
0,2.414827215226332,2.3471085392357485,11,0.05,0.3,0.5,0.001,1
