,L2,L2_true,N,std,jump,jump_prob,ve,dim
0,3.6835336653141826,2.0660881589825584,1000,0.01,0.3,0.5,0.0025,2
