,L2,L2_true,N,std,jump,jump_prob,ve,dim
0,2.5839106508367613,2.49955551880378,13,0.05,0.3,0.5,0.001,1
