,L2,L2_true,N,std,jump,jump_prob,ve,dim
0,3.4983790929503082,0.7099342379771418,372,0.01,0.3,0.5,0.01,2
