,L2,L2_true,N,std,jump,jump_prob,ve,dim
0,13.389042935968687,13.032020012421304,227,0.01,0.3,0.5,0.001,3
