,L2,L2_true,N,std,jump,jump_prob,ve,dim
0,5.526318811898126,4.38731089485902,22,0.01,0.3,0.5,0.0025,3
