,L2,L2_true,N,std,jump,jump_prob,ve,dim
0,3.6030924526182284,1.137892829959042,193,0.01,0.3,0.5,0.01,2
