,L2,L2_true,N,std,jump,jump_prob,ve,dim
0,12.963053796252447,12.571560832584861,848,0.01,0.3,0.5,0.0025,3
