,L2,L2_true,N,std,jump,jump_prob,ve,dim
0,3.943975424878972,2.397622151520036,4,0.01,0.3,0.5,0.001,2
