,L2,L2_true,N,std,jump,jump_prob,ve,dim
0,5.878453544896137,4.960727737991572,138,0.01,0.3,0.5,0.0025,2
