,L2,L2_true,N,std,jump,jump_prob,ve,dim
0,10.630980700179334,10.10676323281464,193,0.01,0.3,0.5,0.0025,3
