,L2,L2_true,N,std,jump,jump_prob,ve,dim
0,5.876622686391428,4.88854710948039,43,0.01,0.3,0.5,0.0025,2
