,L2,L2_true,N,std,jump,jump_prob,ve,dim
0,19.440669095888808,19.218163590822527,719,0.01,0.3,0.5,0.001,3
