,L2,L2_true,N,std,jump,jump_prob,ve,dim
0,6.01277061457883,5.1426077432075665,31,0.01,0.3,0.5,0.001,2
