,L2,L2_true,N,std,jump,jump_prob,ve,dim
0,5.220218267988485,4.168645712228582,19,0.01,0.3,0.5,0.001,2
