,L2,L2_true,N,std,jump,jump_prob,ve,dim
0,4.888134542921225,3.4909444804582304,316,0.01,0.3,0.5,0.01,3
