,L2,L2_true,N,std,jump,jump_prob,ve,dim
0,3.4802341399410945,0.66810518905272,517,0.01,0.3,0.5,0.01,2
