,L2,L2_true,N,std,jump,jump_prob,ve,dim
0,23.46137946203621,23.281016304455413,1389,0.01,0.3,0.5,0.001,3
