,L2,L2_true,N,std,jump,jump_prob,ve,dim
0,2.1994868686989677,2.1197214414986063,8,0.05,0.3,0.5,0.001,1
