,L2,L2_true,N,std,jump,jump_prob,ve,dim
0,3.4860885503110457,0.6937013258133626,26,0.01,0.3,0.5,0.01,1
