,L2,L2_true,N,std,jump,jump_prob,ve,dim
0,5.9791025364159145,5.073532619039483,100,0.01,0.3,0.5,0.0025,2
