,L2,L2_true,N,std,jump,jump_prob,ve,dim
0,3.715851968127957,1.4646286556342711,117,0.01,0.3,0.5,0.01,2
