,L2,L2_true,N,std,jump,jump_prob,ve,dim
0,0.3776887901360565,0.37025448194675115,1,0.2,0.3,0.5,0.001,1
