,L2,L2_true,N,std,jump,jump_prob,ve,dim
0,4.9895785511108555,3.5983289649398578,268,0.01,0.3,0.5,0.01,3
