,L2,L2_true,N,std,jump,jump_prob,ve,dim
0,2.703041665285019,2.703393991148072,31,0.2,0.3,0.5,0.001,1
