,L2,L2_true,N,std,jump,jump_prob,ve,dim
0,3.5914045794716336,0.6794024869487502,2,0.01,0.3,0.5,0.01,1
