,L2,L2_true,N,std,jump,jump_prob,ve,dim
0,2.8252719581010886,2.7778025904046464,13,0.05,0.3,0.5,0.001,1
