,L2,L2_true,N,std,jump,jump_prob,ve,dim
0,4.293447946225567,2.447754568922797,10,0.01,0.3,0.5,0.01,3
