,L2,L2_true,N,std,jump,jump_prob,ve,dim
0,3.863415778063739,2.104850346038766,11,0.01,0.3,0.5,0.0025,1
