,L2,L2_true,N,std,jump,jump_prob,ve,dim
0,0.9662490064722,0.9367564360889646,193,0.05,0.3,0.5,0.001,1
