,L2,L2_true,N,std,jump,jump_prob,ve,dim
0,0.2421292547913834,0.24229716057790088,2275,0.2,0.3,0.5,0.001,1
