,L2,L2_true,N,std,jump,jump_prob,ve,dim
0,5.408215122450255,4.417120988974584,22,0.01,0.3,0.5,0.001,2
