,L2,L2_true,N,std,jump,jump_prob,ve,dim
0,3.1079412953835477,0.6765736135476388,51,0.01,0.3,0.5,0.0025,1
