,L2,L2_true,N,std,jump,jump_prob,ve,dim
0,2.0683817513601594,2.069981653269575,7,0.2,0.3,0.5,0.001,1
