,L2,L2_true,N,std,jump,jump_prob,ve,dim
0,5.594463174247466,4.628194044332798,22,0.01,0.3,0.5,0.001,3
