,L2,L2_true,N,std,jump,jump_prob,ve,dim
0,3.511818995462546,0.7120241451557094,19,0.01,0.3,0.5,0.01,1
