,L2,L2_true,N,std,jump,jump_prob,ve,dim
0,3.573164240688592,1.8053615843563857,22,0.01,0.3,0.5,0.0025,1
