,L2,L2_true,N,std,jump,jump_prob,ve,dim
0,3.713368510709823,1.983080527821225,2,0.01,0.3,0.5,0.001,3
