,L2,L2_true,N,std,jump,jump_prob,ve,dim
0,3.7654356200809858,1.3537932238004688,6,0.01,0.3,0.5,0.01,1
