,L2,L2_true,N,std,jump,jump_prob,ve,dim
0,3.567502305319198,1.8521895730578108,1178,0.01,0.3,0.5,0.0025,2
