,L2,L2_true,N,std,jump,jump_prob,ve,dim
0,8.622532977744466,8.131894714298056,227,0.01,0.3,0.5,0.001,2
