,L2,L2_true,N,std,jump,jump_prob,ve,dim
0,2.6133365443816876,2.6111232900833268,13,0.2,0.3,0.5,0.001,1
