,L2,L2_true,N,std,jump,jump_prob,ve,dim
0,3.417556045262457,0.3189820948141808,2275,0.01,0.3,0.5,0.01,2
