,L2,L2_true,N,std,jump,jump_prob,ve,dim
0,10.65401177818241,10.195688459577772,117,0.01,0.3,0.5,0.001,3
