,L2,L2_true,N,std,jump,jump_prob,ve,dim
0,9.767191558814005,9.258432060594524,100,0.01,0.3,0.5,0.001,3
