,L2,L2_true,N,std,jump,jump_prob,ve,dim
0,3.77027154083004,1.7122435224903112,4,0.01,0.3,0.5,0.0025,1
