,L2,L2_true,N,std,jump,jump_prob,ve,dim
0,3.433751610819189,0.3336560142428846,1930,0.01,0.3,0.5,0.01,2
