,L2,L2_true,N,std,jump,jump_prob,ve,dim
0,1.7874431418258412,1.8117596009274486,61,0.05,0.3,0.5,0.001,1
