,L2,L2_true,N,std,jump,jump_prob,ve,dim
0,1.9702825239638722,1.971069493859041,8,0.2,0.3,0.5,0.001,1
