,L2,L2_true,N,std,jump,jump_prob,ve,dim
0,3.807671857165492,1.4310928766610678,4,0.01,0.3,0.5,0.01,1
