,L2,L2_true,N,std,jump,jump_prob,ve,dim
0,12.5812568431994,12.190206254727032,193,0.01,0.3,0.5,0.001,3
