,L2,L2_true,N,std,jump,jump_prob,ve,dim
0,12.759080528902134,12.34550855150559,610,0.01,0.3,0.5,0.0025,3
