,L2,L2_true,N,std,jump,jump_prob,ve,dim
0,12.70623893453036,12.29187350452285,848,0.01,0.3,0.5,0.0025,3
