,L2,L2_true,N,std,jump,jump_prob,ve,dim
0,4.670350077638375,3.4724927246066333,11,0.01,0.3,0.5,0.001,3
