,L2,L2_true,N,std,jump,jump_prob,ve,dim
0,3.03527657908809,0.15845573107607505,1178,0.01,0.3,0.5,0.0025,1
