,L2,L2_true,N,std,jump,jump_prob,ve,dim
0,7.042410548405794,6.198248384302389,51,0.01,0.3,0.5,0.0025,3
