,L2,L2_true,N,std,jump,jump_prob,ve,dim
0,0.591064785197307,0.5308124175704882,439,0.05,0.3,0.5,0.001,1
