,L2,L2_true,N,std,jump,jump_prob,ve,dim
0,0.26359356331633876,0.2634052954405338,1930,0.2,0.3,0.5,0.001,1
