,L2,L2_true,N,std,jump,jump_prob,ve,dim
0,3.9625084517956624,1.7858736037502532,5,0.01,0.3,0.5,0.01,3
