,L2,L2_true,N,std,jump,jump_prob,ve,dim
0,3.6095842390709834,0.7443245885241047,1,0.01,0.3,0.5,0.01,2
