,L2,L2_true,N,std,jump,jump_prob,ve,dim
0,3.85483145999528,1.5559421277016987,4,0.01,0.3,0.5,0.01,2
