,L2,L2_true,N,std,jump,jump_prob,ve,dim
0,8.493003989179797,8.019164059092725,316,0.01,0.3,0.5,0.001,2
