,L2,L2_true,N,std,jump,jump_prob,ve,dim
0,0.22285227480351222,0.2222496157881377,2682,0.2,0.3,0.5,0.001,1
