,L2,L2_true,N,std,jump,jump_prob,ve,dim
0,3.700299801398218,1.4155388072896136,117,0.01,0.3,0.5,0.01,2
