,L2,L2_true,N,std,jump,jump_prob,ve,dim
0,4.03404476654745,2.244390610514306,5,0.01,0.3,0.5,0.0025,3
