,L2,L2_true,N,std,jump,jump_prob,ve,dim
0,3.7110086810322276,1.0941105188392093,2,0.01,0.3,0.5,0.01,3
