,L2,L2_true,N,std,jump,jump_prob,ve,dim
0,5.38665786536584,4.121907831870898,138,0.01,0.3,0.5,0.01,3
