,L2,L2_true,N,std,jump,jump_prob,ve,dim
0,0.4625954510671231,0.4624520346386816,610,0.2,0.3,0.5,0.001,1
