,L2,L2_true,N,std,jump,jump_prob,ve,dim
0,27.087820499220488,26.949284881150255,3000,0.01,0.3,0.5,0.001,3
