,L2,L2_true,N,std,jump,jump_prob,ve,dim
0,2.4431629474525898,2.4420323164094597,19,0.2,0.3,0.5,0.001,1
