,L2,L2_true,N,std,jump,jump_prob,ve,dim
0,3.41675822839828,0.04749126450809178,2682,0.01,0.3,0.5,0.01,1
