,L2,L2_true,N,std,jump,jump_prob,ve,dim
0,3.9035177359206363,2.3772932164194875,7,0.01,0.3,0.5,0.001,1
