,L2,L2_true,N,std,jump,jump_prob,ve,dim
0,3.4549256425274124,0.5072848927844732,51,0.01,0.3,0.5,0.01,1
