,L2,L2_true,N,std,jump,jump_prob,ve,dim
0,3.7026069541844193,1.4153720129595122,2000,0.01,0.3,0.5,0.01,3
