,L2,L2_true,N,std,jump,jump_prob,ve,dim
0,2.065528899216279,2.0400585158191276,43,0.05,0.3,0.5,0.001,1
