,L2,L2_true,N,std,jump,jump_prob,ve,dim
0,4.051251037179981,2.5811517975509326,6,0.01,0.3,0.5,0.001,1
