,L2,L2_true,N,std,jump,jump_prob,ve,dim
0,8.366823920823075,7.809224269943157,117,0.01,0.3,0.5,0.001,2
