,L2,L2_true,N,std,jump,jump_prob,ve,dim
0,3.4325394533435114,0.16430277432448653,227,0.01,0.3,0.5,0.01,1
