,L2,L2_true,N,std,jump,jump_prob,ve,dim
0,16.262027199520386,15.964019760803424,372,0.01,0.3,0.5,0.001,3
