,L2,L2_true,N,std,jump,jump_prob,ve,dim
0,0.257287213287517,0.25738195642283607,1930,0.2,0.3,0.5,0.001,1
