,L2,L2_true,N,std,jump,jump_prob,ve,dim
0,12.020432372088337,11.614184091137266,163,0.01,0.3,0.5,0.001,3
