,L2,L2_true,N,std,jump,jump_prob,ve,dim
0,8.471189604685188,7.9967404794877055,316,0.01,0.3,0.5,0.001,2
