,L2,L2_true,N,std,jump,jump_prob,ve,dim
0,4.2556066296456585,3.2841588056679414,31,0.01,0.3,0.5,0.001,1
