,L2,L2_true,N,std,jump,jump_prob,ve,dim
0,5.521291701701198,4.287772622154272,100,0.01,0.3,0.5,0.01,3
