,L2,L2_true,N,std,jump,jump_prob,ve,dim
0,2.8035477744027246,1.0325530928535285,117,0.01,0.3,0.5,0.001,1
