,L2,L2_true,N,std,jump,jump_prob,ve,dim
0,3.833350559515894,2.093998608680248,13,0.01,0.3,0.5,0.0025,1
