,L2,L2_true,N,std,jump,jump_prob,ve,dim
0,3.1557495822620734,0.8399938346016289,51,0.01,0.3,0.5,0.0025,1
