,L2,L2_true,N,std,jump,jump_prob,ve,dim
0,3.452092614657609,0.4977479415392619,1000,0.01,0.3,0.5,0.01,2
