,L2,L2_true,N,std,jump,jump_prob,ve,dim
0,0.4242089093923165,0.42275034897507857,848,0.2,0.3,0.5,0.001,1
