,L2,L2_true,N,std,jump,jump_prob,ve,dim
0,6.027665117853781,5.144529226397869,26,0.01,0.3,0.5,0.001,3
