,L2,L2_true,N,std,jump,jump_prob,ve,dim
0,2.624033639286087,2.624546397192768,16,0.2,0.3,0.5,0.001,1
