,L2,L2_true,N,std,jump,jump_prob,ve,dim
0,5.640148733384791,4.433471445640156,100,0.01,0.3,0.5,0.01,3
