,L2,L2_true,N,std,jump,jump_prob,ve,dim
0,2.755659634854514,2.7546043024551006,10,0.2,0.3,0.5,0.001,1
