,L2,L2_true,N,std,jump,jump_prob,ve,dim
0,3.42245898146355,0.1764853748646063,268,0.01,0.3,0.5,0.01,1
