,L2,L2_true,N,std,jump,jump_prob,ve,dim
0,2.46292799573747,2.447360884484426,26,0.05,0.3,0.5,0.001,1
