,L2,L2_true,N,std,jump,jump_prob,ve,dim
0,3.532394160154976,0.8871439995953723,16,0.01,0.3,0.5,0.01,1
