,L2,L2_true,N,std,jump,jump_prob,ve,dim
0,3.4677498374771747,1.689757203952604,1389,0.01,0.3,0.5,0.0025,2
