,L2,L2_true,N,std,jump,jump_prob,ve,dim
0,3.684227481632273,2.060655672859931,1000,0.01,0.3,0.5,0.0025,2
