,L2,L2_true,N,std,jump,jump_prob,ve,dim
0,9.86565640797131,9.36393459481715,100,0.01,0.3,0.5,0.001,3
