,L2,L2_true,N,std,jump,jump_prob,ve,dim
0,3.5327322950613267,0.7181003911974577,13,0.01,0.3,0.5,0.01,1
