,L2,L2_true,N,std,jump,jump_prob,ve,dim
0,5.695504810518104,4.760731831137087,163,0.01,0.3,0.5,0.0025,2
