,L2,L2_true,N,std,jump,jump_prob,ve,dim
0,5.480268958496919,4.362643034614177,43,0.01,0.3,0.5,0.0025,2
