,L2,L2_true,N,std,jump,jump_prob,ve,dim
0,3.6250557802595904,1.8039991359321628,1,0.01,0.3,0.5,0.001,1
