,L2,L2_true,N,std,jump,jump_prob,ve,dim
0,2.2737788087429047,2.2732464742276606,7,0.2,0.3,0.5,0.001,1
