,L2,L2_true,N,std,jump,jump_prob,ve,dim
0,5.822605540522461,4.826371745562055,61,0.01,0.3,0.5,0.0025,2
