,L2,L2_true,N,std,jump,jump_prob,ve,dim
0,8.18700388795265,7.6087825165113845,117,0.01,0.3,0.5,0.001,2
