,L2,L2_true,N,std,jump,jump_prob,ve,dim
0,3.619620435109852,1.3290210336004635,1,0.01,0.3,0.5,0.0025,1
