,L2,L2_true,N,std,jump,jump_prob,ve,dim
0,0.694402933663644,0.6696187075055436,268,0.05,0.3,0.5,0.001,1
