,L2,L2_true,N,std,jump,jump_prob,ve,dim
0,4.646141623210011,3.035572092079168,16,0.01,0.3,0.5,0.01,3
