,L2,L2_true,N,std,jump,jump_prob,ve,dim
0,4.2690469045147434,2.8946032205033396,7,0.01,0.3,0.5,0.001,2
