,L2,L2_true,N,std,jump,jump_prob,ve,dim
0,4.2934343535056545,2.6724068299169326,8,0.01,0.3,0.5,0.0025,2
