,L2,L2_true,N,std,jump,jump_prob,ve,dim
0,3.62323689622332,0.9094809404996798,2,0.01,0.3,0.5,0.01,1
