,L2,L2_true,N,std,jump,jump_prob,ve,dim
0,7.129941800518273,6.400290310655599,43,0.01,0.3,0.5,0.001,3
