,L2,L2_true,N,std,jump,jump_prob,ve,dim
0,4.381138972200337,3.0577495343472925,8,0.01,0.3,0.5,0.001,3
