,L2,L2_true,N,std,jump,jump_prob,ve,dim
0,3.638775612380179,0.9946806631209045,8,0.01,0.3,0.5,0.01,1
