,L2,L2_true,N,std,jump,jump_prob,ve,dim
0,3.4848135772490254,0.6677786346981203,517,0.01,0.3,0.5,0.01,2
