,L2,L2_true,N,std,jump,jump_prob,ve,dim
0,4.095856937950991,2.6985000554069556,10,0.01,0.3,0.5,0.001,1
