,L2,L2_true,N,std,jump,jump_prob,ve,dim
0,3.6066119151726315,0.744857603339987,1,0.01,0.3,0.5,0.01,1
