,L2,L2_true,N,std,jump,jump_prob,ve,dim
0,4.5747329016502345,3.1056229268093714,10,0.01,0.3,0.5,0.0025,3
