,L2,L2_true,N,std,jump,jump_prob,ve,dim
0,3.418354991120247,0.11630206263712893,372,0.01,0.3,0.5,0.01,1
