,L2,L2_true,N,std,jump,jump_prob,ve,dim
0,2.4239117797671934,2.4240067263456577,11,0.2,0.3,0.5,0.001,1
