,L2,L2_true,N,std,jump,jump_prob,ve,dim
0,3.0364740299700483,0.2532765865621628,719,0.01,0.3,0.5,0.0025,1
