,L2,L2_true,N,std,jump,jump_prob,ve,dim
0,0.5076875441523875,0.4132533302669289,610,0.05,0.3,0.5,0.001,1
