,L2,L2_true,N,std,jump,jump_prob,ve,dim
0,5.924594150139421,4.873969772921917,26,0.01,0.3,0.5,0.0025,3
