,L2,L2_true,N,std,jump,jump_prob,ve,dim
0,3.481828827949633,0.6819625398453001,439,0.01,0.3,0.5,0.01,2
