,L2,L2_true,N,std,jump,jump_prob,ve,dim
0,9.253431311304166,8.631129175302698,117,0.01,0.3,0.5,0.0025,3
