,L2,L2_true,N,std,jump,jump_prob,ve,dim
0,5.423150050851319,4.158539453616744,117,0.01,0.3,0.5,0.01,3
