,L2,L2_true,N,std,jump,jump_prob,ve,dim
0,3.766618257295011,2.229072987314024,10,0.01,0.3,0.5,0.001,1
