,L2,L2_true,N,std,jump,jump_prob,ve,dim
0,1.3498433347475547,1.1783955440854608,1,0.05,0.3,0.5,0.001,1
