,L2,L2_true,N,std,jump,jump_prob,ve,dim
0,2.607997961706863,0.18511312911936742,1930,0.01,0.3,0.5,0.001,1
