,L2,L2_true,N,std,jump,jump_prob,ve,dim
0,3.2687615141612816,3.267426672663676,22,0.05,0.3,0.5,0.001,1
