,L2,L2_true,N,std,jump,jump_prob,ve,dim
0,4.382114083853697,3.507582808451422,2275,0.01,0.3,0.5,0.001,2
