,L2,L2_true,N,std,jump,jump_prob,ve,dim
0,3.7355388240181586,1.6260756051369698,2,0.01,0.3,0.5,0.0025,2
