,L2,L2_true,N,std,jump,jump_prob,ve,dim
0,4.264516903426983,2.882526014706617,7,0.01,0.3,0.5,0.001,3
