,L2,L2_true,N,std,jump,jump_prob,ve,dim
0,8.596132875142994,8.000700681401847,71,0.01,0.3,0.5,0.001,3
