,L2,L2_true,N,std,jump,jump_prob,ve,dim
0,3.980776959648624,2.557907345380846,719,0.01,0.3,0.5,0.0025,2
