,L2,L2_true,N,std,jump,jump_prob,ve,dim
0,0.2262465409869339,0.22531655423498756,2275,0.2,0.3,0.5,0.001,1
