,L2,L2_true,N,std,jump,jump_prob,ve,dim
0,3.615342176721001,1.8024985692774218,1,0.01,0.3,0.5,0.001,2
