,L2,L2_true,N,std,jump,jump_prob,ve,dim
0,0.4582235457784363,0.36683950403200094,719,0.05,0.3,0.5,0.001,1
