,L2,L2_true,N,std,jump,jump_prob,ve,dim
0,3.3641120496877552,1.4263451951040338,37,0.01,0.3,0.5,0.0025,1
