,L2,L2_true,N,std,jump,jump_prob,ve,dim
0,2.1199023710372167,2.1189808364939218,6,0.2,0.3,0.5,0.001,1
