,L2,L2_true,N,std,jump,jump_prob,ve,dim
0,5.031418300958587,3.5938340613593804,31,0.01,0.3,0.5,0.01,3
