,L2,L2_true,N,std,jump,jump_prob,ve,dim
0,3.1263393561052433,0.7078311709978451,61,0.01,0.3,0.5,0.0025,1
