,L2,L2_true,N,std,jump,jump_prob,ve,dim
0,12.707516489507038,12.289467074411968,439,0.01,0.3,0.5,0.0025,3
