,L2,L2_true,N,std,jump,jump_prob,ve,dim
0,23.86091492735896,23.687567091488823,2275,0.01,0.3,0.5,0.001,3
