,L2,L2_true,N,std,jump,jump_prob,ve,dim
0,3.782663188207081,1.5936463146298532,100,0.01,0.3,0.5,0.01,2
