,L2,L2_true,N,std,jump,jump_prob,ve,dim
0,20.84187116125987,20.61762156643107,848,0.01,0.3,0.5,0.001,3
