,L2,L2_true,N,std,jump,jump_prob,ve,dim
0,0.1948232177310756,0.19494954107797402,3162,0.2,0.3,0.5,0.001,1
