,L2,L2_true,N,std,jump,jump_prob,ve,dim
0,1.775751643089561,1.7757661340425497,6,0.2,0.3,0.5,0.001,1
