,L2,L2_true,N,std,jump,jump_prob,ve,dim
0,2.68408406125137,0.6296664921082572,227,0.01,0.3,0.5,0.001,1
