,L2,L2_true,N,std,jump,jump_prob,ve,dim
0,3.0419003684773074,0.3602561662837185,193,0.01,0.3,0.5,0.0025,1
