,L2,L2_true,N,std,jump,jump_prob,ve,dim
0,3.374298089080747,1.9371941447420093,26,0.01,0.3,0.5,0.001,1
