,L2,L2_true,N,std,jump,jump_prob,ve,dim
0,3.8092450004023504,2.27979751497755,848,0.01,0.3,0.5,0.0025,2
