,L2,L2_true,N,std,jump,jump_prob,ve,dim
0,4.174851168757942,2.4632537726772807,6,0.01,0.3,0.5,0.0025,3
