,L2,L2_true,N,std,jump,jump_prob,ve,dim
0,2.6382755254608683,0.3882150661599259,517,0.01,0.3,0.5,0.001,1
