,L2,L2_true,N,std,jump,jump_prob,ve,dim
0,3.3161405857229256,1.2358248422930502,31,0.01,0.3,0.5,0.0025,1
