,L2,L2_true,N,std,jump,jump_prob,ve,dim
0,3.139924201829437,0.8057325368027549,71,0.01,0.3,0.5,0.0025,1
