,L2,L2_true,N,std,jump,jump_prob,ve,dim
0,3.4112262002392053,0.049397903005394636,1637,0.01,0.3,0.5,0.01,1
