,L2,L2_true,N,std,jump,jump_prob,ve,dim
0,7.246096245296529,6.718451564389449,610,0.01,0.3,0.5,0.001,2
