,L2,L2_true,N,std,jump,jump_prob,ve,dim
0,8.707328174585452,8.209541616969267,193,0.01,0.3,0.5,0.001,2
