,L2,L2_true,N,std,jump,jump_prob,ve,dim
0,9.980655260201644,9.414545108441683,163,0.01,0.3,0.5,0.0025,3
