,L2,L2_true,N,std,jump,jump_prob,ve,dim
0,3.9439935819134044,1.7352034961259772,6,0.01,0.3,0.5,0.01,2
