,L2,L2_true,N,std,jump,jump_prob,ve,dim
0,2.645103647923013,0.4910487304543155,227,0.01,0.3,0.5,0.001,1
