,L2,L2_true,N,std,jump,jump_prob,ve,dim
0,3.2231421065179284,1.1228281572862513,3000,0.01,0.3,0.5,0.0025,2
