,L2,L2_true,N,std,jump,jump_prob,ve,dim
0,0.2653057291287438,0.26534061822067667,1930,0.2,0.3,0.5,0.001,1
