,L2,L2_true,N,std,jump,jump_prob,ve,dim
0,3.5252906003906,1.765236148571626,26,0.01,0.3,0.5,0.0025,1
