,L2,L2_true,N,std,jump,jump_prob,ve,dim
0,5.290183291796517,4.009686842718548,193,0.01,0.3,0.5,0.01,3
