,L2,L2_true,N,std,jump,jump_prob,ve,dim
0,3.636010030718425,1.8533858778933108,2,0.01,0.3,0.5,0.001,1
