,L2,L2_true,N,std,jump,jump_prob,ve,dim
0,2.77127649602333,0.9835338498469741,138,0.01,0.3,0.5,0.001,1
