,L2,L2_true,N,std,jump,jump_prob,ve,dim
0,10.003649078472044,9.444821929153312,138,0.01,0.3,0.5,0.0025,3
