,L2,L2_true,N,std,jump,jump_prob,ve,dim
0,7.802481077932447,7.205010726479823,100,0.01,0.3,0.5,0.001,2
