,L2,L2_true,N,std,jump,jump_prob,ve,dim
0,10.287186212114015,9.808624836434253,117,0.01,0.3,0.5,0.001,3
