,L2,L2_true,N,std,jump,jump_prob,ve,dim
0,3.459068176159112,0.539204998080645,16,0.01,0.3,0.5,0.01,1
