,L2,L2_true,N,std,jump,jump_prob,ve,dim
0,4.759963402173832,3.2961438306562947,372,0.01,0.3,0.5,0.01,3
