,L2,L2_true,N,std,jump,jump_prob,ve,dim
0,10.555114762115824,10.078115565066835,117,0.01,0.3,0.5,0.001,3
