,L2,L2_true,N,std,jump,jump_prob,ve,dim
0,3.9722642837638733,2.023292604337895,1000,0.01,0.3,0.5,0.01,3
