,L2,L2_true,N,std,jump,jump_prob,ve,dim
0,1.902086834714977,1.9023382328558982,31,0.2,0.3,0.5,0.001,1
