,L2,L2_true,N,std,jump,jump_prob,ve,dim
0,5.119203338844161,3.7870153943954232,193,0.01,0.3,0.5,0.01,3
