,L2,L2_true,N,std,jump,jump_prob,ve,dim
0,0.41896813470302363,0.3318487733101911,1000,0.05,0.3,0.5,0.001,1
