,L2,L2_true,N,std,jump,jump_prob,ve,dim
0,3.026060217808577,0.07658838464301305,3162,0.01,0.3,0.5,0.0025,1
