,L2,L2_true,N,std,jump,jump_prob,ve,dim
0,4.064022461306161,2.283224445649474,5,0.01,0.3,0.5,0.0025,3
