,L2,L2_true,N,std,jump,jump_prob,ve,dim
0,4.686718223158921,3.4753841041916016,11,0.01,0.3,0.5,0.001,3
