,L2,L2_true,N,std,jump,jump_prob,ve,dim
0,3.4971896910580234,0.7592248223489209,439,0.01,0.3,0.5,0.01,2
