,L2,L2_true,N,std,jump,jump_prob,ve,dim
0,2.511236830542113,2.5120401902831384,22,0.2,0.3,0.5,0.001,1
