,L2,L2_true,N,std,jump,jump_prob,ve,dim
0,3.441892099865809,0.35008778844688243,51,0.01,0.3,0.5,0.01,1
