,L2,L2_true,N,std,jump,jump_prob,ve,dim
0,4.169961981663946,2.253314396723228,16,0.01,0.3,0.5,0.01,2
