,L2,L2_true,N,std,jump,jump_prob,ve,dim
0,3.2358037283370606,1.1337641278097514,3000,0.01,0.3,0.5,0.0025,2
