,L2,L2_true,N,std,jump,jump_prob,ve,dim
0,3.9906621865125897,2.0433344487740004,1000,0.01,0.3,0.5,0.01,3
