,L2,L2_true,N,std,jump,jump_prob,ve,dim
0,3.290823155264677,1.1374081688267357,26,0.01,0.3,0.5,0.0025,1
