,L2,L2_true,N,std,jump,jump_prob,ve,dim
0,2.4070878122295922,2.3681992172523922,13,0.05,0.3,0.5,0.001,1
