,L2,L2_true,N,std,jump,jump_prob,ve,dim
0,20.752036801559875,20.536697508028237,848,0.01,0.3,0.5,0.001,3
