,L2,L2_true,N,std,jump,jump_prob,ve,dim
0,3.960153515288392,2.4120186055020447,4,0.01,0.3,0.5,0.001,3
