,L2,L2_true,N,std,jump,jump_prob,ve,dim
0,3.5851559700719573,0.9543271724098089,13,0.01,0.3,0.5,0.01,1
