,L2,L2_true,N,std,jump,jump_prob,ve,dim
0,3.422280633113832,0.20131743023205736,268,0.01,0.3,0.5,0.01,1
