,L2,L2_true,N,std,jump,jump_prob,ve,dim
0,0.39066184625486916,0.39119580227088796,848,0.2,0.3,0.5,0.001,1
