,L2,L2_true,N,std,jump,jump_prob,ve,dim
0,5.504506779177595,4.239164735923494,51,0.01,0.3,0.5,0.01,3
