,L2,L2_true,N,std,jump,jump_prob,ve,dim
0,5.744138242737441,4.738647803077912,61,0.01,0.3,0.5,0.0025,2
