,L2,L2_true,N,std,jump,jump_prob,ve,dim
0,3.527992867528698,0.7634687518926409,22,0.01,0.3,0.5,0.01,1
