,L2,L2_true,N,std,jump,jump_prob,ve,dim
0,0.264561885263061,0.2643257521202566,1930,0.2,0.3,0.5,0.001,1
