,L2,L2_true,N,std,jump,jump_prob,ve,dim
0,3.085501476668201,1.4527767765824569,51,0.01,0.3,0.5,0.001,1
