,L2,L2_true,N,std,jump,jump_prob,ve,dim
0,3.42779914272393,0.08297605624742048,1930,0.01,0.3,0.5,0.01,1
