,L2,L2_true,N,std,jump,jump_prob,ve,dim
0,9.79529403697113,9.286689547621958,100,0.01,0.3,0.5,0.001,3
