,L2,L2_true,N,std,jump,jump_prob,ve,dim
0,3.879064736715732,1.7867767929263485,71,0.01,0.3,0.5,0.01,2
