,L2,L2_true,N,std,jump,jump_prob,ve,dim
0,2.0513320278320624,2.051519971862481,37,0.2,0.3,0.5,0.001,1
