,L2,L2_true,N,std,jump,jump_prob,ve,dim
0,11.217608559017453,10.776430223185892,138,0.01,0.3,0.5,0.001,3
