,L2,L2_true,N,std,jump,jump_prob,ve,dim
0,3.61473639349007,1.3287418432526805,1,0.01,0.3,0.5,0.0025,3
