,L2,L2_true,N,std,jump,jump_prob,ve,dim
0,3.8084641315521566,2.148013908640608,3,0.01,0.3,0.5,0.001,1
