,L2,L2_true,N,std,jump,jump_prob,ve,dim
0,6.384604296915732,5.562423620205323,31,0.01,0.3,0.5,0.001,3
