,L2,L2_true,N,std,jump,jump_prob,ve,dim
0,3.777804379477552,1.7656004430176055,5,0.01,0.3,0.5,0.0025,1
