,L2,L2_true,N,std,jump,jump_prob,ve,dim
0,3.547465294619798,0.9534024406506947,268,0.01,0.3,0.5,0.01,2
