,L2,L2_true,N,std,jump,jump_prob,ve,dim
0,1.7326665278768012,1.6960841803124849,51,0.05,0.3,0.5,0.001,1
