,L2,L2_true,N,std,jump,jump_prob,ve,dim
0,4.918888879500416,3.595204489492812,13,0.01,0.3,0.5,0.0025,3
