,L2,L2_true,N,std,jump,jump_prob,ve,dim
0,3.431719904951185,0.38470087867759534,1389,0.01,0.3,0.5,0.01,2
