,L2,L2_true,N,std,jump,jump_prob,ve,dim
0,0.8812303449550303,0.8810791510233847,193,0.2,0.3,0.5,0.001,1
