,L2,L2_true,N,std,jump,jump_prob,ve,dim
0,5.904941923672918,4.998870663465182,117,0.01,0.3,0.5,0.0025,2
