,L2,L2_true,N,std,jump,jump_prob,ve,dim
0,2.7857163330412265,0.8582878792674067,117,0.01,0.3,0.5,0.001,1
