,L2,L2_true,N,std,jump,jump_prob,ve,dim
0,4.454302564796579,3.232451049776871,439,0.01,0.3,0.5,0.0025,2
