,L2,L2_true,N,std,jump,jump_prob,ve,dim
0,3.7394367597180227,2.0508618081038814,3,0.01,0.3,0.5,0.001,1
