,L2,L2_true,N,std,jump,jump_prob,ve,dim
0,10.356072819705359,9.871155549049746,117,0.01,0.3,0.5,0.001,3
