,L2,L2_true,N,std,jump,jump_prob,ve,dim
0,5.478069149523569,4.35173236957265,31,0.01,0.3,0.5,0.0025,2
