,L2,L2_true,N,std,jump,jump_prob,ve,dim
0,4.102784355362438,2.6484006704166854,6,0.01,0.3,0.5,0.001,2
