,L2,L2_true,N,std,jump,jump_prob,ve,dim
0,3.1080018324450824,1.6570175670867107,61,0.01,0.3,0.5,0.001,1
