,L2,L2_true,N,std,jump,jump_prob,ve,dim
0,3.4997905396046476,0.8381647098040402,316,0.01,0.3,0.5,0.01,2
