,L2,L2_true,N,std,jump,jump_prob,ve,dim
0,12.510552873873412,12.096955176798934,517,0.01,0.3,0.5,0.0025,3
