,L2,L2_true,N,std,jump,jump_prob,ve,dim
0,3.7313032528396977,1.1859688700175228,2,0.01,0.3,0.5,0.01,2
