,L2,L2_true,N,std,jump,jump_prob,ve,dim
0,3.911972208640011,2.355701201837763,5,0.01,0.3,0.5,0.001,1
