,L2,L2_true,N,std,jump,jump_prob,ve,dim
0,4.585598729460741,3.348519864336834,10,0.01,0.3,0.5,0.001,3
