,L2,L2_true,N,std,jump,jump_prob,ve,dim
0,3.7866020930887765,1.7952759553022928,4,0.01,0.3,0.5,0.0025,1
