,L2,L2_true,N,std,jump,jump_prob,ve,dim
0,2.500425909983589,2.500558305343797,10,0.2,0.3,0.5,0.001,1
