,L2,L2_true,N,std,jump,jump_prob,ve,dim
0,3.5638151120069717,1.8638358750639377,1178,0.01,0.3,0.5,0.0025,2
