,L2,L2_true,N,std,jump,jump_prob,ve,dim
0,1.5821955374450953,1.5662986735386832,61,0.05,0.3,0.5,0.001,1
