,L2,L2_true,N,std,jump,jump_prob,ve,dim
0,5.611869653766746,4.399555097764533,84,0.01,0.3,0.5,0.01,3
