,L2,L2_true,N,std,jump,jump_prob,ve,dim
0,2.3002249038347147,2.2992493811436705,10,0.2,0.3,0.5,0.001,1
