,L2,L2_true,N,std,jump,jump_prob,ve,dim
0,4.378364749987597,2.778352986430881,8,0.01,0.3,0.5,0.0025,3
