,L2,L2_true,N,std,jump,jump_prob,ve,dim
0,6.039470644620898,5.142694243635039,117,0.01,0.3,0.5,0.0025,2
