,L2,L2_true,N,std,jump,jump_prob,ve,dim
0,22.102859138639847,21.905391019779966,1178,0.01,0.3,0.5,0.001,3
