,L2,L2_true,N,std,jump,jump_prob,ve,dim
0,4.097086600383691,2.1873531888822515,43,0.01,0.3,0.5,0.01,2
