,L2,L2_true,N,std,jump,jump_prob,ve,dim
0,3.422452827481824,0.04579209458529606,2275,0.01,0.3,0.5,0.01,1
