,L2,L2_true,N,std,jump,jump_prob,ve,dim
0,0.741108840244891,0.7080449779380217,227,0.05,0.3,0.5,0.001,1
