,L2,L2_true,N,std,jump,jump_prob,ve,dim
0,2.4840708558425635,2.4856070615089685,11,0.2,0.3,0.5,0.001,1
