,L2,L2_true,N,std,jump,jump_prob,ve,dim
0,2.693460804208027,2.649118013814674,19,0.05,0.3,0.5,0.001,1
