,L2,L2_true,N,std,jump,jump_prob,ve,dim
0,4.217750380830056,2.897797752560069,8,0.01,0.3,0.5,0.001,1
