,L2,L2_true,N,std,jump,jump_prob,ve,dim
0,20.815270106191747,20.59815836427772,848,0.01,0.3,0.5,0.001,3
