,L2,L2_true,N,std,jump,jump_prob,ve,dim
0,2.553867407644987,2.496656943539914,10,0.05,0.3,0.5,0.001,1
