,L2,L2_true,N,std,jump,jump_prob,ve,dim
0,9.737463374561347,9.156851446455502,138,0.01,0.3,0.5,0.0025,3
