,L2,L2_true,N,std,jump,jump_prob,ve,dim
0,5.1162608824498195,3.770594817487667,227,0.01,0.3,0.5,0.01,3
