,L2,L2_true,N,std,jump,jump_prob,ve,dim
0,4.663946010211518,3.1551603622153714,372,0.01,0.3,0.5,0.01,3
