,L2,L2_true,N,std,jump,jump_prob,ve,dim
0,5.943256495222278,5.318651377308855,1000,0.01,0.3,0.5,0.001,2
