,L2,L2_true,N,std,jump,jump_prob,ve,dim
0,2.494347067442252,2.492216278662488,13,0.2,0.3,0.5,0.001,1
