,L2,L2_true,N,std,jump,jump_prob,ve,dim
0,3.9178360514737323,1.697742718318641,4,0.01,0.3,0.5,0.01,3
