,L2,L2_true,N,std,jump,jump_prob,ve,dim
0,3.6292747616889294,1.2031393264671104,163,0.01,0.3,0.5,0.01,2
