,L2,L2_true,N,std,jump,jump_prob,ve,dim
0,2.625172425962577,0.13691906205013965,2682,0.01,0.3,0.5,0.001,1
