,L2,L2_true,N,std,jump,jump_prob,ve,dim
0,3.484940229355535,0.7162677836102691,439,0.01,0.3,0.5,0.01,2
