,L2,L2_true,N,std,jump,jump_prob,ve,dim
0,7.920212105999044,7.193337202800317,71,0.01,0.3,0.5,0.0025,3
