,L2,L2_true,N,std,jump,jump_prob,ve,dim
0,5.3283151354625415,4.323206271921189,193,0.01,0.3,0.5,0.0025,2
