,L2,L2_true,N,std,jump,jump_prob,ve,dim
0,8.383928052368347,7.693861755844624,84,0.01,0.3,0.5,0.0025,3
