,L2,L2_true,N,std,jump,jump_prob,ve,dim
0,2.1734928288448363,2.173627976085205,16,0.2,0.3,0.5,0.001,1
