,L2,L2_true,N,std,jump,jump_prob,ve,dim
0,3.955523018871713,2.4118290149451034,4,0.01,0.3,0.5,0.001,3
