,L2,L2_true,N,std,jump,jump_prob,ve,dim
0,0.46445165025869023,0.41896221834991226,517,0.05,0.3,0.5,0.001,1
