,L2,L2_true,N,std,jump,jump_prob,ve,dim
0,0.40321740881377827,0.32565598903452975,1178,0.05,0.3,0.5,0.001,1
