,L2,L2_true,N,std,jump,jump_prob,ve,dim
0,3.0752170311578673,0.5793634827155205,100,0.01,0.3,0.5,0.0025,1
