,L2,L2_true,N,std,jump,jump_prob,ve,dim
0,0.4544869067513679,0.3850952993954973,719,0.05,0.3,0.5,0.001,1
