,L2,L2_true,N,std,jump,jump_prob,ve,dim
0,8.320507148308492,7.767510774754879,117,0.01,0.3,0.5,0.001,2
