,L2,L2_true,N,std,jump,jump_prob,ve,dim
0,4.293831326534405,2.4850102886747534,19,0.01,0.3,0.5,0.01,2
