,L2,L2_true,N,std,jump,jump_prob,ve,dim
0,3.63094328801216,0.911414476025673,3,0.01,0.3,0.5,0.01,1
