,L2,L2_true,N,std,jump,jump_prob,ve,dim
0,4.912806877645181,4.148155853490008,1637,0.01,0.3,0.5,0.001,2
