,L2,L2_true,N,std,jump,jump_prob,ve,dim
0,16.533700653139796,16.247016145029736,372,0.01,0.3,0.5,0.001,3
