,L2,L2_true,N,std,jump,jump_prob,ve,dim
0,3.4211589386650774,0.12236629966530296,268,0.01,0.3,0.5,0.01,1
