,L2,L2_true,N,std,jump,jump_prob,ve,dim
0,4.224830071320345,2.81859948899436,6,0.01,0.3,0.5,0.001,3
