,L2,L2_true,N,std,jump,jump_prob,ve,dim
0,3.94960522340941,2.3943530321834365,4,0.01,0.3,0.5,0.001,3
