,L2,L2_true,N,std,jump,jump_prob,ve,dim
0,4.014009532654496,1.9629585115324142,8,0.01,0.3,0.5,0.01,1
