,L2,L2_true,N,std,jump,jump_prob,ve,dim
0,4.9862891504346765,3.526180667307873,26,0.01,0.3,0.5,0.01,3
