,L2,L2_true,N,std,jump,jump_prob,ve,dim
0,11.50946708705136,11.0981340247887,1930,0.01,0.3,0.5,0.0025,3
