,L2,L2_true,N,std,jump,jump_prob,ve,dim
0,3.964837347210952,2.972127041860219,3000,0.01,0.3,0.5,0.001,2
