,L2,L2_true,N,std,jump,jump_prob,ve,dim
0,4.033832886828917,2.676580726125708,11,0.01,0.3,0.5,0.001,1
