,L2,L2_true,N,std,jump,jump_prob,ve,dim
0,3.0779626261968316,0.48830438406012733,100,0.01,0.3,0.5,0.0025,1
