,L2,L2_true,N,std,jump,jump_prob,ve,dim
0,5.322016789611476,4.114319868179253,19,0.01,0.3,0.5,0.0025,3
