,L2,L2_true,N,std,jump,jump_prob,ve,dim
0,3.424952696576762,0.32614474554711903,1930,0.01,0.3,0.5,0.01,2
