,L2,L2_true,N,std,jump,jump_prob,ve,dim
0,3.416224579983254,0.14711472784471338,268,0.01,0.3,0.5,0.01,1
