,L2,L2_true,N,std,jump,jump_prob,ve,dim
0,4.451718355977866,2.852957234559068,517,0.01,0.3,0.5,0.01,3
