,L2,L2_true,N,std,jump,jump_prob,ve,dim
0,4.140319191456698,2.6967382286511397,6,0.01,0.3,0.5,0.001,2
