,L2,L2_true,N,std,jump,jump_prob,ve,dim
0,11.16362655084569,10.719387563601746,138,0.01,0.3,0.5,0.001,3
