,L2,L2_true,N,std,jump,jump_prob,ve,dim
0,2.207783679664851,2.126288540888759,7,0.05,0.3,0.5,0.001,1
