,L2,L2_true,N,std,jump,jump_prob,ve,dim
0,2.6550255725735217,0.40624596576176764,439,0.01,0.3,0.5,0.001,1
