,L2,L2_true,N,std,jump,jump_prob,ve,dim
0,3.630706160978655,0.7453047447268304,1,0.01,0.3,0.5,0.01,2
