,L2,L2_true,N,std,jump,jump_prob,ve,dim
0,0.5726107349677325,0.5062268965703732,517,0.05,0.3,0.5,0.001,1
