,L2,L2_true,N,std,jump,jump_prob,ve,dim
0,1.7667675555586517,1.7647383658339217,6,0.2,0.3,0.5,0.001,1
