,L2,L2_true,N,std,jump,jump_prob,ve,dim
0,2.8347804694703838,1.0633391584200726,71,0.01,0.3,0.5,0.001,1
