,L2,L2_true,N,std,jump,jump_prob,ve,dim
0,3.0588294343462707,0.37333906961958807,138,0.01,0.3,0.5,0.0025,1
