,L2,L2_true,N,std,jump,jump_prob,ve,dim
0,8.883711765577225,8.230003558182343,100,0.01,0.3,0.5,0.0025,3
