,L2,L2_true,N,std,jump,jump_prob,ve,dim
0,5.627480596536613,4.950883209251996,1178,0.01,0.3,0.5,0.001,2
