,L2,L2_true,N,std,jump,jump_prob,ve,dim
0,3.530216136326889,0.8776717651566335,316,0.01,0.3,0.5,0.01,2
