,L2,L2_true,N,std,jump,jump_prob,ve,dim
0,3.756703356919471,1.5541017730129718,100,0.01,0.3,0.5,0.01,2
