,L2,L2_true,N,std,jump,jump_prob,ve,dim
0,8.640537808354516,8.056275154332598,71,0.01,0.3,0.5,0.001,3
