,L2,L2_true,N,std,jump,jump_prob,ve,dim
0,3.4322707567015867,0.40383233039942595,1178,0.01,0.3,0.5,0.01,2
