,L2,L2_true,N,std,jump,jump_prob,ve,dim
0,3.4570087854251583,0.48551005236309275,71,0.01,0.3,0.5,0.01,1
