,L2,L2_true,N,std,jump,jump_prob,ve,dim
0,1.4233939174033403,1.3942054062007998,71,0.05,0.3,0.5,0.001,1
