,L2,L2_true,N,std,jump,jump_prob,ve,dim
0,6.166583484190167,5.565908608584111,1000,0.01,0.3,0.5,0.001,2
