,L2,L2_true,N,std,jump,jump_prob,ve,dim
0,4.322300903530822,2.4962953470242892,10,0.01,0.3,0.5,0.01,3
