,L2,L2_true,N,std,jump,jump_prob,ve,dim
0,13.095039115967685,12.70149030572426,719,0.01,0.3,0.5,0.0025,3
