,L2,L2_true,N,std,jump,jump_prob,ve,dim
0,9.045939521086328,8.569175433485519,193,0.01,0.3,0.5,0.001,2
