,L2,L2_true,N,std,jump,jump_prob,ve,dim
0,3.6996731106306147,1.4411801398521615,1930,0.01,0.3,0.5,0.01,3
