,L2,L2_true,N,std,jump,jump_prob,ve,dim
0,3.6599713145301025,1.1270559966563007,7,0.01,0.3,0.5,0.01,1
