,L2,L2_true,N,std,jump,jump_prob,ve,dim
0,5.431022832286667,4.159064587749955,61,0.01,0.3,0.5,0.01,3
