,L2,L2_true,N,std,jump,jump_prob,ve,dim
0,3.6231189870018703,1.8038643697556749,1,0.01,0.3,0.5,0.001,2
