,L2,L2_true,N,std,jump,jump_prob,ve,dim
0,0.3899069068259465,0.33167059014676475,848,0.05,0.3,0.5,0.001,1
