,L2,L2_true,N,std,jump,jump_prob,ve,dim
0,4.599596858597216,3.3560856737547717,11,0.01,0.3,0.5,0.001,2
