,L2,L2_true,N,std,jump,jump_prob,ve,dim
0,3.781843048454013,1.508005335411805,10,0.01,0.3,0.5,0.01,1
