,L2,L2_true,N,std,jump,jump_prob,ve,dim
0,3.411502963252412,0.08001631386139829,610,0.01,0.3,0.5,0.01,1
