,L2,L2_true,N,std,jump,jump_prob,ve,dim
0,5.90237413292082,4.923980204791484,61,0.01,0.3,0.5,0.0025,2
