,L2,L2_true,N,std,jump,jump_prob,ve,dim
0,5.515994164206026,4.267236802298146,61,0.01,0.3,0.5,0.01,3
