,L2,L2_true,N,std,jump,jump_prob,ve,dim
0,11.83040459323836,11.367828554913304,316,0.01,0.3,0.5,0.0025,3
