,L2,L2_true,N,std,jump,jump_prob,ve,dim
0,2.2167067971347723,2.2169991186890603,37,0.2,0.3,0.5,0.001,1
