,L2,L2_true,N,std,jump,jump_prob,ve,dim
0,5.832420260624346,4.929061178066379,31,0.01,0.3,0.5,0.001,2
