,L2,L2_true,N,std,jump,jump_prob,ve,dim
0,3.66177399463921,2.0540145241978,1000,0.01,0.3,0.5,0.0025,2
