,L2,L2_true,N,std,jump,jump_prob,ve,dim
0,2.407344566477131,2.383246988674655,16,0.05,0.3,0.5,0.001,1
