,L2,L2_true,N,std,jump,jump_prob,ve,dim
0,12.738970420685877,12.355273550856772,1000,0.01,0.3,0.5,0.0025,3
