,L2,L2_true,N,std,jump,jump_prob,ve,dim
0,4.357560664922673,2.7763743834005408,8,0.01,0.3,0.5,0.0025,3
