,L2,L2_true,N,std,jump,jump_prob,ve,dim
0,3.474157122848126,0.6050755638982074,610,0.01,0.3,0.5,0.01,2
