,L2,L2_true,N,std,jump,jump_prob,ve,dim
0,3.6969269032537184,1.426542301591903,2000,0.01,0.3,0.5,0.01,3
