,L2,L2_true,N,std,jump,jump_prob,ve,dim
0,3.9128143573177336,1.7051996927082502,6,0.01,0.3,0.5,0.01,2
