,L2,L2_true,N,std,jump,jump_prob,ve,dim
0,6.427493583529475,5.602690029874896,31,0.01,0.3,0.5,0.001,3
