,L2,L2_true,N,std,jump,jump_prob,ve,dim
0,3.044034054615244,0.2584967833635148,610,0.01,0.3,0.5,0.0025,1
