,L2,L2_true,N,std,jump,jump_prob,ve,dim
0,2.622117350463566,0.21711659618416557,1178,0.01,0.3,0.5,0.001,1
