,L2,L2_true,N,std,jump,jump_prob,ve,dim
0,0.4108965568061658,0.31092635049345285,1178,0.05,0.3,0.5,0.001,1
