,L2,L2_true,N,std,jump,jump_prob,ve,dim
0,10.466760918580388,9.997226935460132,117,0.01,0.3,0.5,0.001,3
