,L2,L2_true,N,std,jump,jump_prob,ve,dim
0,5.783754980375629,4.856095848267534,163,0.01,0.3,0.5,0.0025,2
