,L2,L2_true,N,std,jump,jump_prob,ve,dim
0,0.21768653570942526,0.21740843558147366,2682,0.2,0.3,0.5,0.001,1
