,L2,L2_true,N,std,jump,jump_prob,ve,dim
0,5.737700591724699,4.648735339543439,26,0.01,0.3,0.5,0.0025,3
