,L2,L2_true,N,std,jump,jump_prob,ve,dim
0,2.27392479991146,2.2222391459435777,19,0.05,0.3,0.5,0.001,1
