,L2,L2_true,N,std,jump,jump_prob,ve,dim
0,5.70322843671217,4.752995789155693,138,0.01,0.3,0.5,0.0025,2
