,L2,L2_true,N,std,jump,jump_prob,ve,dim
0,2.681407442788595,2.6227857398345478,16,0.05,0.3,0.5,0.001,1
