,L2,L2_true,N,std,jump,jump_prob,ve,dim
0,9.80682824379905,9.295622896063442,100,0.01,0.3,0.5,0.001,3
