,L2,L2_true,N,std,jump,jump_prob,ve,dim
0,5.778738163094945,4.775545698364651,61,0.01,0.3,0.5,0.0025,2
