,L2,L2_true,N,std,jump,jump_prob,ve,dim
0,5.840864884873037,4.9443291294371425,163,0.01,0.3,0.5,0.0025,2
