,L2,L2_true,N,std,jump,jump_prob,ve,dim
0,3.6124080358895365,1.328518958026463,1,0.01,0.3,0.5,0.0025,1
