,L2,L2_true,N,std,jump,jump_prob,ve,dim
0,3.4658326680014087,0.6225358819186787,517,0.01,0.3,0.5,0.01,2
