,L2,L2_true,N,std,jump,jump_prob,ve,dim
0,6.771919608125296,6.03505024168297,51,0.01,0.3,0.5,0.001,2
