,L2,L2_true,N,std,jump,jump_prob,ve,dim
0,8.398408561043043,7.853158581983344,138,0.01,0.3,0.5,0.001,2
