,L2,L2_true,N,std,jump,jump_prob,ve,dim
0,8.126165026314322,7.64593132562657,439,0.01,0.3,0.5,0.001,2
