,L2,L2_true,N,std,jump,jump_prob,ve,dim
0,3.0353672487642536,1.5787047823547897,71,0.01,0.3,0.5,0.001,1
