,L2,L2_true,N,std,jump,jump_prob,ve,dim
0,8.135001936797135,7.511786655953725,61,0.01,0.3,0.5,0.001,3
