,L2,L2_true,N,std,jump,jump_prob,ve,dim
0,3.317795644444885,3.311315995098238,51,0.05,0.3,0.5,0.001,1
