,L2,L2_true,N,std,jump,jump_prob,ve,dim
0,3.6213511231469315,1.3754894523591166,2,0.01,0.3,0.5,0.0025,1
