,L2,L2_true,N,std,jump,jump_prob,ve,dim
0,3.0330161367831936,0.13297406182646052,1389,0.01,0.3,0.5,0.0025,1
