,L2,L2_true,N,std,jump,jump_prob,ve,dim
0,3.33218989466267,1.394290253855191,2000,0.01,0.3,0.5,0.0025,2
