,L2,L2_true,N,std,jump,jump_prob,ve,dim
0,6.7806614128434095,6.02011098830212,37,0.01,0.3,0.5,0.001,3
