,L2,L2_true,N,std,jump,jump_prob,ve,dim
0,8.774242472057407,8.27018310768748,163,0.01,0.3,0.5,0.001,2
