,L2,L2_true,N,std,jump,jump_prob,ve,dim
0,3.578643068036333,1.071904989775095,193,0.01,0.3,0.5,0.01,2
