,L2,L2_true,N,std,jump,jump_prob,ve,dim
0,9.127923205666969,8.680429006781488,316,0.01,0.3,0.5,0.001,2
