,L2,L2_true,N,std,jump,jump_prob,ve,dim
0,4.147916172379244,2.19383773227164,10,0.01,0.3,0.5,0.01,2
