,L2,L2_true,N,std,jump,jump_prob,ve,dim
0,8.88611209970602,8.414195538151478,227,0.01,0.3,0.5,0.001,2
