,L2,L2_true,N,std,jump,jump_prob,ve,dim
0,5.6816568878979785,4.7308479868956965,138,0.01,0.3,0.5,0.0025,2
