,L2,L2_true,N,std,jump,jump_prob,ve,dim
0,2.9249433329529233,2.896932047601274,22,0.05,0.3,0.5,0.001,1
