,L2,L2_true,N,std,jump,jump_prob,ve,dim
0,5.495625730531129,4.243401440412285,61,0.01,0.3,0.5,0.01,3
