,L2,L2_true,N,std,jump,jump_prob,ve,dim
0,3.621005501223468,0.7448086116179674,1,0.01,0.3,0.5,0.01,2
