,L2,L2_true,N,std,jump,jump_prob,ve,dim
0,12.52139493982584,12.105309905960993,517,0.01,0.3,0.5,0.0025,3
