,L2,L2_true,N,std,jump,jump_prob,ve,dim
0,4.314264286838489,3.4112974252522497,2275,0.01,0.3,0.5,0.001,2
