,L2,L2_true,N,std,jump,jump_prob,ve,dim
0,3.3292742909634505,1.8981417321571872,31,0.01,0.3,0.5,0.001,1
