,L2,L2_true,N,std,jump,jump_prob,ve,dim
0,4.603059289175024,3.7801125458227434,1930,0.01,0.3,0.5,0.001,2
