,L2,L2_true,N,std,jump,jump_prob,ve,dim
0,3.4713203241614616,1.6901749688953343,1389,0.01,0.3,0.5,0.0025,2
