,L2,L2_true,N,std,jump,jump_prob,ve,dim
0,4.049379971535034,2.573331877035476,5,0.01,0.3,0.5,0.001,3
