,L2,L2_true,N,std,jump,jump_prob,ve,dim
0,2.7273210092897835,2.727037514936407,22,0.2,0.3,0.5,0.001,1
