,L2,L2_true,N,std,jump,jump_prob,ve,dim
0,3.428907865024279,0.3197288906933463,2000,0.01,0.3,0.5,0.01,2
