,L2,L2_true,N,std,jump,jump_prob,ve,dim
0,3.414252090888663,0.16909147086525775,163,0.01,0.3,0.5,0.01,1
