,L2,L2_true,N,std,jump,jump_prob,ve,dim
0,0.5694206605868493,0.5173988028699124,439,0.05,0.3,0.5,0.001,1
