,L2,L2_true,N,std,jump,jump_prob,ve,dim
0,4.178631083221497,2.8603948482315547,517,0.01,0.3,0.5,0.0025,2
