,L2,L2_true,N,std,jump,jump_prob,ve,dim
0,3.7858403023874727,2.136134380992651,3,0.01,0.3,0.5,0.001,2
