,L2,L2_true,N,std,jump,jump_prob,ve,dim
0,1.703265533193138,1.578740092068213,4,0.05,0.3,0.5,0.001,1
