,L2,L2_true,N,std,jump,jump_prob,ve,dim
0,0.33810220972136307,0.22315159715076632,1930,0.05,0.3,0.5,0.001,1
