,L2,L2_true,N,std,jump,jump_prob,ve,dim
0,22.82207961914157,22.63285654358373,1000,0.01,0.3,0.5,0.001,3
