,L2,L2_true,N,std,jump,jump_prob,ve,dim
0,4.556535566597488,3.0080331224257155,439,0.01,0.3,0.5,0.01,3
