,L2,L2_true,N,std,jump,jump_prob,ve,dim
0,3.0351266950268285,0.12472720623175881,1930,0.01,0.3,0.5,0.0025,1
