,L2,L2_true,N,std,jump,jump_prob,ve,dim
0,16.716251575541467,16.43901806639427,439,0.01,0.3,0.5,0.001,3
