,L2,L2_true,N,std,jump,jump_prob,ve,dim
0,5.410386592758335,4.133099826583285,51,0.01,0.3,0.5,0.01,3
