,L2,L2_true,N,std,jump,jump_prob,ve,dim
0,5.398133355737335,4.232267298754714,19,0.01,0.3,0.5,0.0025,3
