,L2,L2_true,N,std,jump,jump_prob,ve,dim
0,3.724448475534096,1.866059635136143,11,0.01,0.3,0.5,0.0025,1
