,L2,L2_true,N,std,jump,jump_prob,ve,dim
0,2.7438599778437127,2.7441907435202424,19,0.2,0.3,0.5,0.001,1
