,L2,L2_true,N,std,jump,jump_prob,ve,dim
0,5.985429768501396,5.356156520562133,1000,0.01,0.3,0.5,0.001,2
