,L2,L2_true,N,std,jump,jump_prob,ve,dim
0,0.33877946327702135,0.2184161072333213,2682,0.05,0.3,0.5,0.001,1
