,L2,L2_true,N,std,jump,jump_prob,ve,dim
0,2.9625550765210966,1.3484289456191676,84,0.01,0.3,0.5,0.001,1
