,L2,L2_true,N,std,jump,jump_prob,ve,dim
0,6.456401148208258,5.520862386990514,37,0.01,0.3,0.5,0.0025,3
