,L2,L2_true,N,std,jump,jump_prob,ve,dim
0,3.093127033395237,0.6163935504683741,117,0.01,0.3,0.5,0.0025,1
