,L2,L2_true,N,std,jump,jump_prob,ve,dim
0,4.025405038435696,2.515916872847341,5,0.01,0.3,0.5,0.001,2
