,L2,L2_true,N,std,jump,jump_prob,ve,dim
0,5.532692573405053,4.557319683738571,193,0.01,0.3,0.5,0.0025,2
