,L2,L2_true,N,std,jump,jump_prob,ve,dim
0,4.073930083119574,2.1205600894463665,43,0.01,0.3,0.5,0.01,2
