,L2,L2_true,N,std,jump,jump_prob,ve,dim
0,1.1222203541622595,1.0862634880057573,100,0.05,0.3,0.5,0.001,1
