,L2,L2_true,N,std,jump,jump_prob,ve,dim
0,2.122894666368093,2.0741523506042645,13,0.05,0.3,0.5,0.001,1
