,L2,L2_true,N,std,jump,jump_prob,ve,dim
0,3.6117202586509345,0.7450676904301713,1,0.01,0.3,0.5,0.01,1
