,L2,L2_true,N,std,jump,jump_prob,ve,dim
0,7.549320525776604,7.0403883731380805,517,0.01,0.3,0.5,0.001,2
