,L2,L2_true,N,std,jump,jump_prob,ve,dim
0,3.908875942333883,2.0203152310640853,10,0.01,0.3,0.5,0.0025,1
