,L2,L2_true,N,std,jump,jump_prob,ve,dim
0,2.9233740021542656,1.272677887775392,117,0.01,0.3,0.5,0.001,1
