,L2,L2_true,N,std,jump,jump_prob,ve,dim
0,1.8137022850107878,1.7050248739285632,4,0.05,0.3,0.5,0.001,1
