,L2,L2_true,N,std,jump,jump_prob,ve,dim
0,5.390939509065284,4.106617219431238,61,0.01,0.3,0.5,0.01,3
