,L2,L2_true,N,std,jump,jump_prob,ve,dim
0,2.5532553772162907,2.549476343890817,7,0.2,0.3,0.5,0.001,1
