,L2,L2_true,N,std,jump,jump_prob,ve,dim
0,3.020358625969049,0.1151399467722876,2682,0.01,0.3,0.5,0.0025,1
