,L2,L2_true,N,std,jump,jump_prob,ve,dim
0,3.7645262345119654,1.295343582097832,3,0.01,0.3,0.5,0.01,2
