,L2,L2_true,N,std,jump,jump_prob,ve,dim
0,3.4334984595147615,0.3904044992598762,1389,0.01,0.3,0.5,0.01,2
