,L2,L2_true,N,std,jump,jump_prob,ve,dim
0,7.954393700705836,7.371697271476061,100,0.01,0.3,0.5,0.001,2
