,L2,L2_true,N,std,jump,jump_prob,ve,dim
0,2.6200981717050604,0.18074026099072416,2682,0.01,0.3,0.5,0.001,1
