,L2,L2_true,N,std,jump,jump_prob,ve,dim
0,2.1769917617563332,2.1764630281294166,37,0.2,0.3,0.5,0.001,1
