,L2,L2_true,N,std,jump,jump_prob,ve,dim
0,0.33101509186608075,0.3315113965328576,1178,0.2,0.3,0.5,0.001,1
