,L2,L2_true,N,std,jump,jump_prob,ve,dim
0,11.013754438422666,10.58149171070494,2000,0.01,0.3,0.5,0.0025,3
