,L2,L2_true,N,std,jump,jump_prob,ve,dim
0,1.0798102393947007,1.0768243531215882,2,0.2,0.3,0.5,0.001,1
