,L2,L2_true,N,std,jump,jump_prob,ve,dim
0,2.584130080372818,2.518343267608085,8,0.05,0.3,0.5,0.001,1
