,L2,L2_true,N,std,jump,jump_prob,ve,dim
0,23.85390789714658,23.677000643666513,1930,0.01,0.3,0.5,0.001,3
