,L2,L2_true,N,std,jump,jump_prob,ve,dim
0,3.6269616094906065,1.3300995764032912,1,0.01,0.3,0.5,0.0025,2
