,L2,L2_true,N,std,jump,jump_prob,ve,dim
0,3.644750423972954,0.9756405424717581,2,0.01,0.3,0.5,0.01,1
