,L2,L2_true,N,std,jump,jump_prob,ve,dim
0,9.172826813124571,8.623113496949863,84,0.01,0.3,0.5,0.001,3
