,L2,L2_true,N,std,jump,jump_prob,ve,dim
0,4.583910447570586,3.341799734610431,10,0.01,0.3,0.5,0.001,3
