,L2,L2_true,N,std,jump,jump_prob,ve,dim
0,1.4084694039650625,1.246232169713867,2,0.05,0.3,0.5,0.001,1
