,L2,L2_true,N,std,jump,jump_prob,ve,dim
0,3.4285876812458853,0.17687711603793316,163,0.01,0.3,0.5,0.01,1
