,L2,L2_true,N,std,jump,jump_prob,ve,dim
0,3.8284164016567646,1.6980279345425229,1389,0.01,0.3,0.5,0.01,3
