,L2,L2_true,N,std,jump,jump_prob,ve,dim
0,4.227550124441585,2.3819706344662452,26,0.01,0.3,0.5,0.01,2
