,L2,L2_true,N,std,jump,jump_prob,ve,dim
0,4.231599230351879,2.3620514381404405,19,0.01,0.3,0.5,0.01,2
