,L2,L2_true,N,std,jump,jump_prob,ve,dim
0,1.7638884649817603,1.7582784790985686,37,0.05,0.3,0.5,0.001,1
