,L2,L2_true,N,std,jump,jump_prob,ve,dim
0,3.4091660877664296,0.08859221167755602,517,0.01,0.3,0.5,0.01,1
