,L2,L2_true,N,std,jump,jump_prob,ve,dim
0,2.164138668863252,2.1647637906027533,19,0.2,0.3,0.5,0.001,1
