,L2,L2_true,N,std,jump,jump_prob,ve,dim
0,5.146703866802796,3.7578968161680937,31,0.01,0.3,0.5,0.01,3
