,L2,L2_true,N,std,jump,jump_prob,ve,dim
0,5.689465858453605,4.739512370901906,22,0.01,0.3,0.5,0.001,3
