,L2,L2_true,N,std,jump,jump_prob,ve,dim
0,3.8482604346286187,1.91123517241473,5,0.01,0.3,0.5,0.0025,1
