,L2,L2_true,N,std,jump,jump_prob,ve,dim
0,3.879869647880445,1.812057311845376,71,0.01,0.3,0.5,0.01,2
