,L2,L2_true,N,std,jump,jump_prob,ve,dim
0,1.2572538921000085,1.255752953885166,138,0.05,0.3,0.5,0.001,1
