,L2,L2_true,N,std,jump,jump_prob,ve,dim
0,1.4033783718979291,1.3687135243303648,100,0.05,0.3,0.5,0.001,1
