,L2,L2_true,N,std,jump,jump_prob,ve,dim
0,3.9913182168972434,2.4725713430259577,4,0.01,0.3,0.5,0.001,3
