,L2,L2_true,N,std,jump,jump_prob,ve,dim
0,4.552502832099575,3.2998239275258405,10,0.01,0.3,0.5,0.001,2
