,L2,L2_true,N,std,jump,jump_prob,ve,dim
0,3.0905932735352213,0.6844490781299708,100,0.01,0.3,0.5,0.0025,1
