,L2,L2_true,N,std,jump,jump_prob,ve,dim
0,16.338379507976747,16.045206129152557,372,0.01,0.3,0.5,0.001,3
