,L2,L2_true,N,std,jump,jump_prob,ve,dim
0,3.4342563760447296,0.35429984604510656,1637,0.01,0.3,0.5,0.01,2
