,L2,L2_true,N,std,jump,jump_prob,ve,dim
0,4.098811116865903,2.413219896594477,7,0.01,0.3,0.5,0.0025,1
