,L2,L2_true,N,std,jump,jump_prob,ve,dim
0,3.3489764998357723,1.4226329204236565,1930,0.01,0.3,0.5,0.0025,2
