,L2,L2_true,N,std,jump,jump_prob,ve,dim
0,4.263093696167198,2.390854244633662,8,0.01,0.3,0.5,0.01,3
