,L2,L2_true,N,std,jump,jump_prob,ve,dim
0,3.3339585785797,1.3879421892379777,2000,0.01,0.3,0.5,0.0025,2
