,L2,L2_true,N,std,jump,jump_prob,ve,dim
0,13.307124638614097,12.936009182993178,227,0.01,0.3,0.5,0.001,3
