,L2,L2_true,N,std,jump,jump_prob,ve,dim
0,0.6218291194724367,0.5486754286560311,439,0.05,0.3,0.5,0.001,1
