,L2,L2_true,N,std,jump,jump_prob,ve,dim
0,0.8482522151528844,0.8486287341420036,227,0.2,0.3,0.5,0.001,1
