,L2,L2_true,N,std,jump,jump_prob,ve,dim
0,22.14939323067366,21.945358678076484,1178,0.01,0.3,0.5,0.001,3
