,L2,L2_true,N,std,jump,jump_prob,ve,dim
0,3.4129291597831,0.051447617429099826,1930,0.01,0.3,0.5,0.01,1
