,L2,L2_true,N,std,jump,jump_prob,ve,dim
0,2.2454580923265093,2.245444117566304,26,0.2,0.3,0.5,0.001,1
