,L2,L2_true,N,std,jump,jump_prob,ve,dim
0,3.628960510229071,1.3288645911190364,1,0.01,0.3,0.5,0.0025,1
