,L2,L2_true,N,std,jump,jump_prob,ve,dim
0,12.70881512206595,12.310265881812036,848,0.01,0.3,0.5,0.0025,3
