,L2,L2_true,N,std,jump,jump_prob,ve,dim
0,6.363869124062544,5.531049785563199,31,0.01,0.3,0.5,0.001,3
