,L2,L2_true,N,std,jump,jump_prob,ve,dim
0,3.934631392686772,1.879697706550695,51,0.01,0.3,0.5,0.01,2
