,L2,L2_true,N,std,jump,jump_prob,ve,dim
0,6.8066998454432905,6.259483565131008,719,0.01,0.3,0.5,0.001,2
