,L2,L2_true,N,std,jump,jump_prob,ve,dim
0,2.8136119699740343,2.755137695652418,16,0.05,0.3,0.5,0.001,1
