,L2,L2_true,N,std,jump,jump_prob,ve,dim
0,3.935515607870308,1.8930265755897342,71,0.01,0.3,0.5,0.01,2
