,L2,L2_true,N,std,jump,jump_prob,ve,dim
0,4.777766621277414,3.222990411161065,19,0.01,0.3,0.5,0.01,3
