,L2,L2_true,N,std,jump,jump_prob,ve,dim
0,4.477369735467449,2.76536435754861,13,0.01,0.3,0.5,0.01,3
