,L2,L2_true,N,std,jump,jump_prob,ve,dim
0,3.307923632158741,1.3015149490104843,2275,0.01,0.3,0.5,0.0025,2
