,L2,L2_true,N,std,jump,jump_prob,ve,dim
0,0.4461309081390167,0.44640357338773506,719,0.2,0.3,0.5,0.001,1
