,L2,L2_true,N,std,jump,jump_prob,ve,dim
0,2.9449759690369812,2.945194948796975,22,0.2,0.3,0.5,0.001,1
