,L2,L2_true,N,std,jump,jump_prob,ve,dim
0,2.4239285791091008,2.4244106251585373,51,0.2,0.3,0.5,0.001,1
