,L2,L2_true,N,std,jump,jump_prob,ve,dim
0,4.23076851717922,2.416661027985952,43,0.01,0.3,0.5,0.01,2
