,L2,L2_true,N,std,jump,jump_prob,ve,dim
0,4.345271439029509,2.739982300131558,8,0.01,0.3,0.5,0.0025,2
