,L2,L2_true,N,std,jump,jump_prob,ve,dim
0,5.482314131884676,4.245875520180859,138,0.01,0.3,0.5,0.01,3
