,L2,L2_true,N,std,jump,jump_prob,ve,dim
0,5.446650236439124,4.170563117872297,100,0.01,0.3,0.5,0.01,3
