,L2,L2_true,N,std,jump,jump_prob,ve,dim
0,3.7400544688857527,1.254018336900544,3,0.01,0.3,0.5,0.01,2
