,L2,L2_true,N,std,jump,jump_prob,ve,dim
0,0.24318143008261606,0.24272903336766868,2275,0.2,0.3,0.5,0.001,1
