,L2,L2_true,N,std,jump,jump_prob,ve,dim
0,3.6259071226521775,0.7452015295139297,1,0.01,0.3,0.5,0.01,1
