,L2,L2_true,N,std,jump,jump_prob,ve,dim
0,4.250470547368612,2.5914689425714976,7,0.01,0.3,0.5,0.0025,3
