,L2,L2_true,N,std,jump,jump_prob,ve,dim
0,2.273786894283956,2.2741722199311027,31,0.2,0.3,0.5,0.001,1
