,L2,L2_true,N,std,jump,jump_prob,ve,dim
0,2.2065891155731223,2.169254568780076,26,0.05,0.3,0.5,0.001,1
