,L2,L2_true,N,std,jump,jump_prob,ve,dim
0,3.787690712728973,1.4766354403214366,8,0.01,0.3,0.5,0.01,1
