,L2,L2_true,N,std,jump,jump_prob,ve,dim
0,3.596770449020901,2.2037080099171478,22,0.01,0.3,0.5,0.001,1
