,L2,L2_true,N,std,jump,jump_prob,ve,dim
0,6.352115860478854,5.544043486783591,37,0.01,0.3,0.5,0.001,2
