,L2,L2_true,N,std,jump,jump_prob,ve,dim
0,4.062174643663309,2.5706667394292273,5,0.01,0.3,0.5,0.001,2
