,L2,L2_true,N,std,jump,jump_prob,ve,dim
0,0.37649936248175575,0.2696148401852226,1389,0.05,0.3,0.5,0.001,1
