,L2,L2_true,N,std,jump,jump_prob,ve,dim
0,3.1752314502890853,0.9731729959034139,71,0.01,0.3,0.5,0.0025,1
