,L2,L2_true,N,std,jump,jump_prob,ve,dim
0,9.639120366167727,9.119398109218102,100,0.01,0.3,0.5,0.001,3
