,L2,L2_true,N,std,jump,jump_prob,ve,dim
0,0.3777853383127904,0.3703492266974809,1,0.2,0.3,0.5,0.001,1
