,L2,L2_true,N,std,jump,jump_prob,ve,dim
0,0.3130915413734377,0.3137472696227702,1389,0.2,0.3,0.5,0.001,1
