,L2,L2_true,N,std,jump,jump_prob,ve,dim
0,6.222523405314228,5.3535622952042035,117,0.01,0.3,0.5,0.0025,2
