,L2,L2_true,N,std,jump,jump_prob,ve,dim
0,3.426073695833679,0.15786524668612073,316,0.01,0.3,0.5,0.01,1
