,L2,L2_true,N,std,jump,jump_prob,ve,dim
0,0.24812583522151413,0.24827691095260684,2275,0.2,0.3,0.5,0.001,1
