,L2,L2_true,N,std,jump,jump_prob,ve,dim
0,0.3119237088601764,0.3115470800975919,1178,0.2,0.3,0.5,0.001,1
