,L2,L2_true,N,std,jump,jump_prob,ve,dim
0,2.207575617959274,2.207871072625346,26,0.2,0.3,0.5,0.001,1
