,L2,L2_true,N,std,jump,jump_prob,ve,dim
0,5.269562862689722,4.243098283718298,19,0.01,0.3,0.5,0.001,2
