,L2,L2_true,N,std,jump,jump_prob,ve,dim
0,4.3402973946939785,2.579441296430857,19,0.01,0.3,0.5,0.01,2
