,L2,L2_true,N,std,jump,jump_prob,ve,dim
0,3.6224854235655104,1.8039823038565679,1,0.01,0.3,0.5,0.001,1
