,L2,L2_true,N,std,jump,jump_prob,ve,dim
0,3.169074329198207,1.7318478693998223,51,0.01,0.3,0.5,0.001,1
