,L2,L2_true,N,std,jump,jump_prob,ve,dim
0,5.890349126590765,4.9860848161523,138,0.01,0.3,0.5,0.0025,2
