,L2,L2_true,N,std,jump,jump_prob,ve,dim
0,0.9789978836751825,0.9791469144177674,163,0.2,0.3,0.5,0.001,1
