,L2,L2_true,N,std,jump,jump_prob,ve,dim
0,4.566223767398299,3.0910943407811735,10,0.01,0.3,0.5,0.0025,3
