,L2,L2_true,N,std,jump,jump_prob,ve,dim
0,5.083028621469814,3.7395623672721072,227,0.01,0.3,0.5,0.01,3
