,L2,L2_true,N,std,jump,jump_prob,ve,dim
0,3.844899007294468,1.4922594330865253,4,0.01,0.3,0.5,0.01,2
