,L2,L2_true,N,std,jump,jump_prob,ve,dim
0,5.296864065187383,4.0141947709974435,163,0.01,0.3,0.5,0.01,3
