,L2,L2_true,N,std,jump,jump_prob,ve,dim
0,2.156515627232115,2.1109030037096628,43,0.05,0.3,0.5,0.001,1
