,L2,L2_true,N,std,jump,jump_prob,ve,dim
0,1.7645668162773591,1.7435997861572357,84,0.05,0.3,0.5,0.001,1
