,L2,L2_true,N,std,jump,jump_prob,ve,dim
0,8.940709625408818,8.467670299041565,268,0.01,0.3,0.5,0.001,2
