,L2,L2_true,N,std,jump,jump_prob,ve,dim
0,3.5476474726997895,0.9941694440592997,227,0.01,0.3,0.5,0.01,2
