,L2,L2_true,N,std,jump,jump_prob,ve,dim
0,6.073788910287259,5.161202117615295,84,0.01,0.3,0.5,0.0025,2
