,L2,L2_true,N,std,jump,jump_prob,ve,dim
0,8.130087800869921,7.410915970951717,84,0.01,0.3,0.5,0.0025,3
