,L2,L2_true,N,std,jump,jump_prob,ve,dim
0,2.163173965119742,2.152223347684289,43,0.05,0.3,0.5,0.001,1
