,L2,L2_true,N,std,jump,jump_prob,ve,dim
0,4.396596808772317,3.094354501558098,8,0.01,0.3,0.5,0.001,3
