,L2,L2_true,N,std,jump,jump_prob,ve,dim
0,7.081704633962049,6.548004328786627,610,0.01,0.3,0.5,0.001,2
