,L2,L2_true,N,std,jump,jump_prob,ve,dim
0,4.065006839018761,2.1672731204817053,61,0.01,0.3,0.5,0.01,2
