,L2,L2_true,N,std,jump,jump_prob,ve,dim
0,5.380468037431778,4.379029588125054,19,0.01,0.3,0.5,0.001,3
