,L2,L2_true,N,std,jump,jump_prob,ve,dim
0,3.287354497056602,1.8426427553487643,43,0.01,0.3,0.5,0.001,1
