,L2,L2_true,N,std,jump,jump_prob,ve,dim
0,21.861119604421592,21.652474274639577,1000,0.01,0.3,0.5,0.001,3
