,L2,L2_true,N,std,jump,jump_prob,ve,dim
0,4.8154409025050064,3.44829592547994,13,0.01,0.3,0.5,0.0025,2
