,L2,L2_true,N,std,jump,jump_prob,ve,dim
0,2.384006207418062,2.3846900059247713,22,0.2,0.3,0.5,0.001,1
