,L2,L2_true,N,std,jump,jump_prob,ve,dim
0,1.9682812690581053,1.967738619890199,7,0.2,0.3,0.5,0.001,1
