,L2,L2_true,N,std,jump,jump_prob,ve,dim
0,4.636791055539464,3.422601855254734,11,0.01,0.3,0.5,0.001,2
