,L2,L2_true,N,std,jump,jump_prob,ve,dim
0,4.460515952072508,3.247081052770759,439,0.01,0.3,0.5,0.0025,2
