,L2,L2_true,N,std,jump,jump_prob,ve,dim
0,2.0406990864897576,2.0400845042891853,19,0.2,0.3,0.5,0.001,1
