,L2,L2_true,N,std,jump,jump_prob,ve,dim
0,3.59421791701133,1.1106175199711044,193,0.01,0.3,0.5,0.01,2
