,L2,L2_true,N,std,jump,jump_prob,ve,dim
0,3.5406115346141984,0.8882600820441088,268,0.01,0.3,0.5,0.01,2
