,L2,L2_true,N,std,jump,jump_prob,ve,dim
0,3.6910351896298352,2.1601733897345534,22,0.01,0.3,0.5,0.001,1
