,L2,L2_true,N,std,jump,jump_prob,ve,dim
0,3.4210599867193294,0.0758224226816054,848,0.01,0.3,0.5,0.01,1
