,L2,L2_true,N,std,jump,jump_prob,ve,dim
0,4.250140707878857,2.3591899386879125,8,0.01,0.3,0.5,0.01,3
