,L2,L2_true,N,std,jump,jump_prob,ve,dim
0,10.031630234191413,9.477903598622554,163,0.01,0.3,0.5,0.0025,3
