,L2,L2_true,N,std,jump,jump_prob,ve,dim
0,8.570199874149209,8.04143443685226,138,0.01,0.3,0.5,0.001,2
