,L2,L2_true,N,std,jump,jump_prob,ve,dim
0,3.4207986850106877,0.17077301009945672,227,0.01,0.3,0.5,0.01,1
