,L2,L2_true,N,std,jump,jump_prob,ve,dim
0,0.738080722556107,0.7381849881841953,227,0.2,0.3,0.5,0.001,1
