,L2,L2_true,N,std,jump,jump_prob,ve,dim
0,1.8697408872826433,1.8693672308169529,51,0.2,0.3,0.5,0.001,1
