,L2,L2_true,N,std,jump,jump_prob,ve,dim
0,3.3609710695822916,1.4423840704747035,1930,0.01,0.3,0.5,0.0025,2
