,L2,L2_true,N,std,jump,jump_prob,ve,dim
0,8.422869310040456,7.93627496627946,316,0.01,0.3,0.5,0.001,2
