,L2,L2_true,N,std,jump,jump_prob,ve,dim
0,3.0496662718814807,0.2594285821433641,610,0.01,0.3,0.5,0.0025,1
