,L2,L2_true,N,std,jump,jump_prob,ve,dim
0,4.845469254715735,3.6837407151770685,13,0.01,0.3,0.5,0.001,2
