,L2,L2_true,N,std,jump,jump_prob,ve,dim
0,3.7054628594773247,1.9929517400856518,3,0.01,0.3,0.5,0.001,1
