,L2,L2_true,N,std,jump,jump_prob,ve,dim
0,3.821374036130211,1.7041361070472265,1389,0.01,0.3,0.5,0.01,3
