,L2,L2_true,N,std,jump,jump_prob,ve,dim
0,3.03710531343032,0.20387720440624185,719,0.01,0.3,0.5,0.0025,1
