,L2,L2_true,N,std,jump,jump_prob,ve,dim
0,6.356834696070706,5.539465805996992,31,0.01,0.3,0.5,0.001,2
