,L2,L2_true,N,std,jump,jump_prob,ve,dim
0,1.3529418662764685,1.352482708962998,100,0.2,0.3,0.5,0.001,1
