,L2,L2_true,N,std,jump,jump_prob,ve,dim
0,3.452000577015128,0.5549909256431412,31,0.01,0.3,0.5,0.01,1
