,L2,L2_true,N,std,jump,jump_prob,ve,dim
0,3.485788808405398,0.6053762793792767,26,0.01,0.3,0.5,0.01,1
