,L2,L2_true,N,std,jump,jump_prob,ve,dim
0,3.4179789097000466,0.06388868704674434,2682,0.01,0.3,0.5,0.01,1
