,L2,L2_true,N,std,jump,jump_prob,ve,dim
0,3.413313871675953,0.144528171281935,316,0.01,0.3,0.5,0.01,1
