,L2,L2_true,N,std,jump,jump_prob,ve,dim
0,5.712084824962643,4.657611305843765,37,0.01,0.3,0.5,0.0025,2
