,L2,L2_true,N,std,jump,jump_prob,ve,dim
0,3.8336558119442428,1.861780101975503,2,0.01,0.3,0.5,0.0025,1
