,L2,L2_true,N,std,jump,jump_prob,ve,dim
0,3.6283949167555267,0.8066894895703435,2,0.01,0.3,0.5,0.01,1
