,L2,L2_true,N,std,jump,jump_prob,ve,dim
0,4.118606459949487,2.1432651599024712,10,0.01,0.3,0.5,0.01,2
