,L2,L2_true,N,std,jump,jump_prob,ve,dim
0,3.5562566273997174,0.7878357612240008,11,0.01,0.3,0.5,0.01,1
