,L2,L2_true,N,std,jump,jump_prob,ve,dim
0,3.0400616847800204,0.27223311683572055,372,0.01,0.3,0.5,0.0025,1
