,L2,L2_true,N,std,jump,jump_prob,ve,dim
0,10.129849400576134,9.579871071004797,163,0.01,0.3,0.5,0.0025,3
