,L2,L2_true,N,std,jump,jump_prob,ve,dim
0,3.269961780446548,1.2280321645309973,43,0.01,0.3,0.5,0.0025,1
