,L2,L2_true,N,std,jump,jump_prob,ve,dim
0,4.930621141857893,3.44729126177732,22,0.01,0.3,0.5,0.01,3
