,L2,L2_true,N,std,jump,jump_prob,ve,dim
0,3.4459128577406286,0.44529000577835176,1000,0.01,0.3,0.5,0.01,2
