,L2,L2_true,N,std,jump,jump_prob,ve,dim
0,3.550963407009999,0.9346458635474866,268,0.01,0.3,0.5,0.01,2
