,L2,L2_true,N,std,jump,jump_prob,ve,dim
0,0.9003520251788664,0.8773441442085778,163,0.05,0.3,0.5,0.001,1
