,L2,L2_true,N,std,jump,jump_prob,ve,dim
0,3.4297005260949,0.36139978892153735,37,0.01,0.3,0.5,0.01,1
