,L2,L2_true,N,std,jump,jump_prob,ve,dim
0,3.3235936145103078,1.4194114963053583,61,0.01,0.3,0.5,0.0025,1
