,L2,L2_true,N,std,jump,jump_prob,ve,dim
0,2.783553704411996,2.777807041055078,16,0.05,0.3,0.5,0.001,1
