,L2,L2_true,N,std,jump,jump_prob,ve,dim
0,4.064059004108076,2.0290438333632874,10,0.01,0.3,0.5,0.01,2
