,L2,L2_true,N,std,jump,jump_prob,ve,dim
0,5.461030420330769,4.211351791739958,138,0.01,0.3,0.5,0.01,3
