,L2,L2_true,N,std,jump,jump_prob,ve,dim
0,4.133386596503317,2.322408020191676,719,0.01,0.3,0.5,0.01,3
