,L2,L2_true,N,std,jump,jump_prob,ve,dim
0,3.623482552487537,1.3299089530374926,1,0.01,0.3,0.5,0.0025,1
