,L2,L2_true,N,std,jump,jump_prob,ve,dim
0,2.6456233345519444,0.47652929193673155,316,0.01,0.3,0.5,0.001,1
