,L2,L2_true,N,std,jump,jump_prob,ve,dim
0,0.35242756829491345,0.29189440729229826,1389,0.05,0.3,0.5,0.001,1
