,L2,L2_true,N,std,jump,jump_prob,ve,dim
0,5.427625005875233,4.147312926041586,84,0.01,0.3,0.5,0.01,3
