,L2,L2_true,N,std,jump,jump_prob,ve,dim
0,3.0296495021360648,0.1578134915565603,1000,0.01,0.3,0.5,0.0025,1
