,L2,L2_true,N,std,jump,jump_prob,ve,dim
0,2.6405363777598887,0.24288491792306102,1000,0.01,0.3,0.5,0.001,1
