,L2,L2_true,N,std,jump,jump_prob,ve,dim
0,3.4696970279742128,1.690157889101055,1389,0.01,0.3,0.5,0.0025,2
