,L2,L2_true,N,std,jump,jump_prob,ve,dim
0,4.758688101540411,3.629400487581772,372,0.01,0.3,0.5,0.0025,2
