,L2,L2_true,N,std,jump,jump_prob,ve,dim
0,2.6578942731294886,2.656516734488481,16,0.2,0.3,0.5,0.001,1
