,L2,L2_true,N,std,jump,jump_prob,ve,dim
0,6.115840026009692,5.499029564508493,1000,0.01,0.3,0.5,0.001,2
