,L2,L2_true,N,std,jump,jump_prob,ve,dim
0,3.768657356729399,2.07292781822641,2,0.01,0.3,0.5,0.001,2
