,L2,L2_true,N,std,jump,jump_prob,ve,dim
0,4.1122723317754355,2.8226324368152493,16,0.01,0.3,0.5,0.001,1
