,L2,L2_true,N,std,jump,jump_prob,ve,dim
0,11.19683271353799,10.714885847310208,227,0.01,0.3,0.5,0.0025,3
