,L2,L2_true,N,std,jump,jump_prob,ve,dim
0,5.293711072822108,4.2764921797327355,19,0.01,0.3,0.5,0.001,2
