,L2,L2_true,N,std,jump,jump_prob,ve,dim
0,2.6530204008978986,0.3484981584413278,848,0.01,0.3,0.5,0.001,1
