,L2,L2_true,N,std,jump,jump_prob,ve,dim
0,4.241757026806624,2.8526872761753275,7,0.01,0.3,0.5,0.001,2
