,L2,L2_true,N,std,jump,jump_prob,ve,dim
0,1.9160565188631178,1.9185067180143835,6,0.2,0.3,0.5,0.001,1
