,L2,L2_true,N,std,jump,jump_prob,ve,dim
0,0.45050114540067243,0.40537985920244635,719,0.05,0.3,0.5,0.001,1
