,L2,L2_true,N,std,jump,jump_prob,ve,dim
0,4.118166984188975,2.654351696562031,6,0.01,0.3,0.5,0.001,2
