,L2,L2_true,N,std,jump,jump_prob,ve,dim
0,5.403300590782031,4.1157639988834145,61,0.01,0.3,0.5,0.01,3
