,L2,L2_true,N,std,jump,jump_prob,ve,dim
0,2.6737615641841113,0.5685903744908567,268,0.01,0.3,0.5,0.001,1
