,L2,L2_true,N,std,jump,jump_prob,ve,dim
0,3.4589612126590557,0.5757046134577717,719,0.01,0.3,0.5,0.01,2
