,L2,L2_true,N,std,jump,jump_prob,ve,dim
0,14.95426375265432,14.638056001782768,316,0.01,0.3,0.5,0.001,3
