,L2,L2_true,N,std,jump,jump_prob,ve,dim
0,1.7411786278041257,1.618575908663702,3,0.05,0.3,0.5,0.001,1
