,L2,L2_true,N,std,jump,jump_prob,ve,dim
0,4.189812111148738,2.3415352580079416,31,0.01,0.3,0.5,0.01,2
