,L2,L2_true,N,std,jump,jump_prob,ve,dim
0,2.6182970307256523,0.1620824480034575,3162,0.01,0.3,0.5,0.001,1
