,L2,L2_true,N,std,jump,jump_prob,ve,dim
0,5.407561088929082,4.1544074485380715,163,0.01,0.3,0.5,0.01,3
