,L2,L2_true,N,std,jump,jump_prob,ve,dim
0,1.759719952179481,1.7606697290567879,5,0.2,0.3,0.5,0.001,1
