,L2,L2_true,N,std,jump,jump_prob,ve,dim
0,1.776164828119088,1.7776317459599609,71,0.2,0.3,0.5,0.001,1
