,L2,L2_true,N,std,jump,jump_prob,ve,dim
0,22.51914654908578,22.32394271650317,1178,0.01,0.3,0.5,0.001,3
