,L2,L2_true,N,std,jump,jump_prob,ve,dim
0,3.4186339377699517,0.0951149616754517,517,0.01,0.3,0.5,0.01,1
