,L2,L2_true,N,std,jump,jump_prob,ve,dim
0,10.130078480927343,9.574243443986484,163,0.01,0.3,0.5,0.0025,3
