,L2,L2_true,N,std,jump,jump_prob,ve,dim
0,4.636388441973531,3.193879497033197,11,0.01,0.3,0.5,0.0025,3
