,L2,L2_true,N,std,jump,jump_prob,ve,dim
0,3.457631644145879,0.5933292526216941,610,0.01,0.3,0.5,0.01,2
