,L2,L2_true,N,std,jump,jump_prob,ve,dim
0,3.9423210531788264,2.06274230838425,4,0.01,0.3,0.5,0.0025,2
