,L2,L2_true,N,std,jump,jump_prob,ve,dim
0,3.6192767608562098,0.7975691470413954,2,0.01,0.3,0.5,0.01,1
