,L2,L2_true,N,std,jump,jump_prob,ve,dim
0,3.6282654909297256,1.3297969674708052,1,0.01,0.3,0.5,0.0025,1
