,L2,L2_true,N,std,jump,jump_prob,ve,dim
0,3.8006724040954603,1.4148877965830613,3,0.01,0.3,0.5,0.01,2
