,L2,L2_true,N,std,jump,jump_prob,ve,dim
0,6.195140331742263,5.580413199795421,848,0.01,0.3,0.5,0.001,2
