,L2,L2_true,N,std,jump,jump_prob,ve,dim
0,3.6024915624855516,1.131071880633889,193,0.01,0.3,0.5,0.01,2
