,L2,L2_true,N,std,jump,jump_prob,ve,dim
0,1.3489592352436413,1.1776518332975048,1,0.05,0.3,0.5,0.001,1
