,L2,L2_true,N,std,jump,jump_prob,ve,dim
0,3.4487299044881987,0.49667844115689097,22,0.01,0.3,0.5,0.01,1
