,L2,L2_true,N,std,jump,jump_prob,ve,dim
0,3.419346566901701,0.2160061449553395,138,0.01,0.3,0.5,0.01,1
