,L2,L2_true,N,std,jump,jump_prob,ve,dim
0,0.36304023938276475,0.3630683234515459,848,0.2,0.3,0.5,0.001,1
