,L2,L2_true,N,std,jump,jump_prob,ve,dim
0,7.816328602543138,7.20142423050796,84,0.01,0.3,0.5,0.001,2
