,L2,L2_true,N,std,jump,jump_prob,ve,dim
0,4.826416911947753,3.490918005461402,19,0.01,0.3,0.5,0.0025,2
