,L2,L2_true,N,std,jump,jump_prob,ve,dim
0,8.535897346351886,7.948443532831993,71,0.01,0.3,0.5,0.001,3
