,L2,L2_true,N,std,jump,jump_prob,ve,dim
0,7.904050513870606,7.295169428933083,84,0.01,0.3,0.5,0.001,2
