,L2,L2_true,N,std,jump,jump_prob,ve,dim
0,2.1218325633515702,2.1222830207202734,26,0.2,0.3,0.5,0.001,1
