,L2,L2_true,N,std,jump,jump_prob,ve,dim
0,7.940057343143976,7.354671900311088,117,0.01,0.3,0.5,0.001,2
