,L2,L2_true,N,std,jump,jump_prob,ve,dim
0,11.845704254800937,11.440823273370597,163,0.01,0.3,0.5,0.001,3
