,L2,L2_true,N,std,jump,jump_prob,ve,dim
0,4.932158047296485,3.461062012589364,26,0.01,0.3,0.5,0.01,3
