,L2,L2_true,N,std,jump,jump_prob,ve,dim
0,0.5600110990258262,0.5117441043758526,439,0.05,0.3,0.5,0.001,1
