,L2,L2_true,N,std,jump,jump_prob,ve,dim
0,3.456271058304044,2.0691121269518393,22,0.01,0.3,0.5,0.001,1
