,L2,L2_true,N,std,jump,jump_prob,ve,dim
0,3.6812840344130326,2.3495797319373573,26,0.01,0.3,0.5,0.001,1
