,L2,L2_true,N,std,jump,jump_prob,ve,dim
0,3.4222797724828236,0.25890402546393293,61,0.01,0.3,0.5,0.01,1
