,L2,L2_true,N,std,jump,jump_prob,ve,dim
0,3.8734634610181073,1.9134231107385151,3,0.01,0.3,0.5,0.0025,2
