,L2,L2_true,N,std,jump,jump_prob,ve,dim
0,7.959648060585635,7.2165838168398055,71,0.01,0.3,0.5,0.0025,3
