,L2,L2_true,N,std,jump,jump_prob,ve,dim
0,3.9945211465024273,2.1903656343765823,7,0.01,0.3,0.5,0.0025,1
