,L2,L2_true,N,std,jump,jump_prob,ve,dim
0,5.741215607578377,4.822269887723868,26,0.01,0.3,0.5,0.001,2
