,L2,L2_true,N,std,jump,jump_prob,ve,dim
0,2.3387513393082306,2.3384913953620647,10,0.2,0.3,0.5,0.001,1
