,L2,L2_true,N,std,jump,jump_prob,ve,dim
0,3.975980311956022,2.022974639066846,1000,0.01,0.3,0.5,0.01,3
