,L2,L2_true,N,std,jump,jump_prob,ve,dim
0,12.219502992324701,11.819539662491087,1389,0.01,0.3,0.5,0.0025,3
