,L2,L2_true,N,std,jump,jump_prob,ve,dim
0,3.8142194705553143,2.167830510840364,3,0.01,0.3,0.5,0.001,1
