,L2,L2_true,N,std,jump,jump_prob,ve,dim
0,9.333142062344013,8.727155186262642,117,0.01,0.3,0.5,0.0025,3
