,L2,L2_true,N,std,jump,jump_prob,ve,dim
0,16.482110848720286,16.20099316867612,372,0.01,0.3,0.5,0.001,3
