,L2,L2_true,N,std,jump,jump_prob,ve,dim
0,3.2939073439304365,1.2968553175894126,2275,0.01,0.3,0.5,0.0025,2
