,L2,L2_true,N,std,jump,jump_prob,ve,dim
0,2.9662265259953045,2.9653048181200248,26,0.2,0.3,0.5,0.001,1
