,L2,L2_true,N,std,jump,jump_prob,ve,dim
0,1.526820353949773,1.5125849400548246,71,0.05,0.3,0.5,0.001,1
