,L2,L2_true,N,std,jump,jump_prob,ve,dim
0,2.6333559659604293,0.27424880657047024,517,0.01,0.3,0.5,0.001,1
