,L2,L2_true,N,std,jump,jump_prob,ve,dim
0,4.609172960016765,3.766401215098247,1930,0.01,0.3,0.5,0.001,2
