,L2,L2_true,N,std,jump,jump_prob,ve,dim
0,4.304305217980234,2.499602891021394,22,0.01,0.3,0.5,0.01,2
