,L2,L2_true,N,std,jump,jump_prob,ve,dim
0,2.023950322773459,1.9164830422628327,3,0.05,0.3,0.5,0.001,1
