,L2,L2_true,N,std,jump,jump_prob,ve,dim
0,3.2076186343466646,1.1375005427011025,51,0.01,0.3,0.5,0.0025,1
