,L2,L2_true,N,std,jump,jump_prob,ve,dim
0,3.9031548749302973,1.874313780391252,1178,0.01,0.3,0.5,0.01,3
