,L2,L2_true,N,std,jump,jump_prob,ve,dim
0,12.02173555774447,11.583731053236702,316,0.01,0.3,0.5,0.0025,3
