,L2,L2_true,N,std,jump,jump_prob,ve,dim
0,0.3358533429140992,0.2694553472294249,1389,0.05,0.3,0.5,0.001,1
