,L2,L2_true,N,std,jump,jump_prob,ve,dim
0,7.2313716838717506,6.5177642981516515,43,0.01,0.3,0.5,0.001,3
