,L2,L2_true,N,std,jump,jump_prob,ve,dim
0,7.037262734430672,6.332266491018714,61,0.01,0.3,0.5,0.001,2
