,L2,L2_true,N,std,jump,jump_prob,ve,dim
0,3.708731113192743,1.6216211215979528,3,0.01,0.3,0.5,0.0025,1
