,L2,L2_true,N,std,jump,jump_prob,ve,dim
0,2.152018360380531,2.0729474908759684,6,0.05,0.3,0.5,0.001,1
