,L2,L2_true,N,std,jump,jump_prob,ve,dim
0,21.6478144907925,21.44989148061229,1000,0.01,0.3,0.5,0.001,3
