,L2,L2_true,N,std,jump,jump_prob,ve,dim
0,6.701266472680768,5.924284563805053,37,0.01,0.3,0.5,0.001,3
