,L2,L2_true,N,std,jump,jump_prob,ve,dim
0,3.4267301989941625,0.17401659540652556,268,0.01,0.3,0.5,0.01,1
