,L2,L2_true,N,std,jump,jump_prob,ve,dim
0,3.4466287232529345,1.9266640769663042,26,0.01,0.3,0.5,0.001,1
