,L2,L2_true,N,std,jump,jump_prob,ve,dim
0,3.5429532772768977,1.5561719213671588,16,0.01,0.3,0.5,0.0025,1
