,L2,L2_true,N,std,jump,jump_prob,ve,dim
0,3.641059136025016,0.9622925728420482,2,0.01,0.3,0.5,0.01,1
