,L2,L2_true,N,std,jump,jump_prob,ve,dim
0,3.0925075635277612,0.5278397366462514,163,0.01,0.3,0.5,0.0025,1
