,L2,L2_true,N,std,jump,jump_prob,ve,dim
0,3.4045335999970088,0.1056974303376544,316,0.01,0.3,0.5,0.01,1
