,L2,L2_true,N,std,jump,jump_prob,ve,dim
0,9.818991542608607,9.250018606715923,138,0.01,0.3,0.5,0.0025,3
