,L2,L2_true,N,std,jump,jump_prob,ve,dim
0,4.172653573465092,2.602719128559292,11,0.01,0.3,0.5,0.0025,1
