,L2,L2_true,N,std,jump,jump_prob,ve,dim
0,8.294859433517,7.760218946312355,193,0.01,0.3,0.5,0.001,2
