,L2,L2_true,N,std,jump,jump_prob,ve,dim
0,3.6977630765873575,1.9189413689348087,19,0.01,0.3,0.5,0.0025,1
