,L2,L2_true,N,std,jump,jump_prob,ve,dim
0,3.6877464274437095,1.1948772024327836,8,0.01,0.3,0.5,0.01,1
