,L2,L2_true,N,std,jump,jump_prob,ve,dim
0,4.0641142524427645,2.5905133055918155,5,0.01,0.3,0.5,0.001,3
