,L2,L2_true,N,std,jump,jump_prob,ve,dim
0,3.4201030747974097,0.22829793382429717,84,0.01,0.3,0.5,0.01,1
