,L2,L2_true,N,std,jump,jump_prob,ve,dim
0,3.885657043841092,1.8918076913044726,3,0.01,0.3,0.5,0.0025,3
