,L2,L2_true,N,std,jump,jump_prob,ve,dim
0,3.899782167744386,1.8331833141091105,100,0.01,0.3,0.5,0.01,2
