,L2,L2_true,N,std,jump,jump_prob,ve,dim
0,6.398693289948979,5.5377331754638375,100,0.01,0.3,0.5,0.0025,2
