,L2,L2_true,N,std,jump,jump_prob,ve,dim
0,11.845680103323,11.432223147309214,1389,0.01,0.3,0.5,0.0025,3
