,L2,L2_true,N,std,jump,jump_prob,ve,dim
0,4.512408274888602,3.3107030780084346,372,0.01,0.3,0.5,0.0025,2
