,L2,L2_true,N,std,jump,jump_prob,ve,dim
0,10.54071854573076,10.005296295379967,193,0.01,0.3,0.5,0.0025,3
