,L2,L2_true,N,std,jump,jump_prob,ve,dim
0,9.74722529410839,9.23116559358584,100,0.01,0.3,0.5,0.001,3
