,L2,L2_true,N,std,jump,jump_prob,ve,dim
0,4.112892544191785,2.654206045118198,5,0.01,0.3,0.5,0.001,3
