,L2,L2_true,N,std,jump,jump_prob,ve,dim
0,2.8382958493271673,1.1798538998178014,163,0.01,0.3,0.5,0.001,1
