,L2,L2_true,N,std,jump,jump_prob,ve,dim
0,2.0938788856591057,2.093232292333976,26,0.2,0.3,0.5,0.001,1
