,L2,L2_true,N,std,jump,jump_prob,ve,dim
0,5.383879713707147,4.395190728247118,227,0.01,0.3,0.5,0.0025,2
