,L2,L2_true,N,std,jump,jump_prob,ve,dim
0,3.6428817218997405,1.9924881380773598,26,0.01,0.3,0.5,0.0025,1
