,L2,L2_true,N,std,jump,jump_prob,ve,dim
0,9.01298774588666,8.536395457399506,227,0.01,0.3,0.5,0.001,2
