,L2,L2_true,N,std,jump,jump_prob,ve,dim
0,5.507879507739305,4.3694193049132135,22,0.01,0.3,0.5,0.0025,3
