,L2,L2_true,N,std,jump,jump_prob,ve,dim
0,3.17322262989529,1.0406744662073513,51,0.01,0.3,0.5,0.0025,1
