,L2,L2_true,N,std,jump,jump_prob,ve,dim
0,5.483018775520559,4.2503988206361125,138,0.01,0.3,0.5,0.01,3
