,L2,L2_true,N,std,jump,jump_prob,ve,dim
0,3.6691487310975868,2.071444576327945,1000,0.01,0.3,0.5,0.0025,2
