,L2,L2_true,N,std,jump,jump_prob,ve,dim
0,0.23738859064937792,0.2379545335212106,2682,0.2,0.3,0.5,0.001,1
