,L2,L2_true,N,std,jump,jump_prob,ve,dim
0,3.499544453873154,0.715893233683476,439,0.01,0.3,0.5,0.01,2
