,L2,L2_true,N,std,jump,jump_prob,ve,dim
0,3.619944074832509,1.8037453156393084,1,0.01,0.3,0.5,0.001,1
