,L2,L2_true,N,std,jump,jump_prob,ve,dim
0,3.8848962162077045,2.2886136468063296,3,0.01,0.3,0.5,0.001,3
