,L2,L2_true,N,std,jump,jump_prob,ve,dim
0,5.425864517653667,4.172229186700701,100,0.01,0.3,0.5,0.01,3
