,L2,L2_true,N,std,jump,jump_prob,ve,dim
0,2.616780971110065,2.5586696730903777,19,0.05,0.3,0.5,0.001,1
