,L2,L2_true,N,std,jump,jump_prob,ve,dim
0,3.8278744827184465,1.8289487786416303,3,0.01,0.3,0.5,0.0025,3
