,L2,L2_true,N,std,jump,jump_prob,ve,dim
0,2.618687405542596,0.2037961975200163,1178,0.01,0.3,0.5,0.001,1
