,L2,L2_true,N,std,jump,jump_prob,ve,dim
0,4.0729960426391365,1.9986518782554898,7,0.01,0.3,0.5,0.01,2
