,L2,L2_true,N,std,jump,jump_prob,ve,dim
0,11.036031684881495,10.578011625480539,1930,0.01,0.3,0.5,0.0025,3
