,L2,L2_true,N,std,jump,jump_prob,ve,dim
0,5.373225810874532,4.120879574644691,163,0.01,0.3,0.5,0.01,3
