,L2,L2_true,N,std,jump,jump_prob,ve,dim
0,8.210353018734347,7.594970920206868,61,0.01,0.3,0.5,0.001,3
