,L2,L2_true,N,std,jump,jump_prob,ve,dim
0,3.493741453424553,1.6497645256931945,26,0.01,0.3,0.5,0.0025,1
