,L2,L2_true,N,std,jump,jump_prob,ve,dim
0,8.54004297260044,8.018521420594814,138,0.01,0.3,0.5,0.001,2
