,L2,L2_true,N,std,jump,jump_prob,ve,dim
0,4.659412881491156,3.8410075732429094,1930,0.01,0.3,0.5,0.001,2
