,L2,L2_true,N,std,jump,jump_prob,ve,dim
0,0.23779694213772862,0.2368745028983463,2682,0.2,0.3,0.5,0.001,1
