,L2,L2_true,N,std,jump,jump_prob,ve,dim
0,5.892454449107273,4.970206819696332,117,0.01,0.3,0.5,0.0025,2
