,L2,L2_true,N,std,jump,jump_prob,ve,dim
0,4.506036560242903,2.8027612521533523,13,0.01,0.3,0.5,0.01,3
