,L2,L2_true,N,std,jump,jump_prob,ve,dim
0,2.628955335873437,0.1886866770650291,1930,0.01,0.3,0.5,0.001,1
