,L2,L2_true,N,std,jump,jump_prob,ve,dim
0,4.41517627506248,3.1164888164132747,8,0.01,0.3,0.5,0.001,2
