,L2,L2_true,N,std,jump,jump_prob,ve,dim
0,2.615459333805995,2.615137391163051,22,0.2,0.3,0.5,0.001,1
