,L2,L2_true,N,std,jump,jump_prob,ve,dim
0,24.87710236126923,24.70775139701627,1930,0.01,0.3,0.5,0.001,3
