,L2,L2_true,N,std,jump,jump_prob,ve,dim
0,0.23863626017448863,0.23790047490715907,2682,0.2,0.3,0.5,0.001,1
