,L2,L2_true,N,std,jump,jump_prob,ve,dim
0,8.245155371694402,7.685572450118831,138,0.01,0.3,0.5,0.001,2
