,L2,L2_true,N,std,jump,jump_prob,ve,dim
0,3.6350935974044587,1.222734938211223,163,0.01,0.3,0.5,0.01,2
