,L2,L2_true,N,std,jump,jump_prob,ve,dim
0,4.499851481793639,3.003976929405385,10,0.01,0.3,0.5,0.0025,3
