,L2,L2_true,N,std,jump,jump_prob,ve,dim
0,2.346443393927954,2.346304556650086,16,0.05,0.3,0.5,0.001,1
