,L2,L2_true,N,std,jump,jump_prob,ve,dim
0,4.08218939826681,2.037881003813966,6,0.01,0.3,0.5,0.01,3
