,L2,L2_true,N,std,jump,jump_prob,ve,dim
0,3.6246608091324037,0.7449209199698011,1,0.01,0.3,0.5,0.01,3
