,L2,L2_true,N,std,jump,jump_prob,ve,dim
0,3.7259529514036247,1.2129903185762816,4,0.01,0.3,0.5,0.01,1
