,L2,L2_true,N,std,jump,jump_prob,ve,dim
0,4.41097765011551,3.107858314679036,8,0.01,0.3,0.5,0.001,3
