,L2,L2_true,N,std,jump,jump_prob,ve,dim
0,3.058606509283543,0.3488272887542255,268,0.01,0.3,0.5,0.0025,1
