,L2,L2_true,N,std,jump,jump_prob,ve,dim
0,5.1279518306269365,3.7343183560929676,31,0.01,0.3,0.5,0.01,3
