,L2,L2_true,N,std,jump,jump_prob,ve,dim
0,3.6243043495992606,0.7445267925698547,1,0.01,0.3,0.5,0.01,1
