,L2,L2_true,N,std,jump,jump_prob,ve,dim
0,5.344659139262607,4.053045850095238,117,0.01,0.3,0.5,0.01,3
