,L2,L2_true,N,std,jump,jump_prob,ve,dim
0,4.651942617311703,3.027442195349571,16,0.01,0.3,0.5,0.01,3
