,L2,L2_true,N,std,jump,jump_prob,ve,dim
0,3.823027978521747,1.658611404375577,84,0.01,0.3,0.5,0.01,2
