,L2,L2_true,N,std,jump,jump_prob,ve,dim
0,0.31738231708529246,0.23724766648160442,1930,0.05,0.3,0.5,0.001,1
