,L2,L2_true,N,std,jump,jump_prob,ve,dim
0,3.0495512118599524,0.3149963745641913,372,0.01,0.3,0.5,0.0025,1
