,L2,L2_true,N,std,jump,jump_prob,ve,dim
0,3.0340139125785033,0.3227739143551667,316,0.01,0.3,0.5,0.0025,1
