,L2,L2_true,N,std,jump,jump_prob,ve,dim
0,8.393909830748292,7.867603982611111,163,0.01,0.3,0.5,0.001,2
