,L2,L2_true,N,std,jump,jump_prob,ve,dim
0,21.28189920513827,21.072446877924403,1000,0.01,0.3,0.5,0.001,3
