,L2,L2_true,N,std,jump,jump_prob,ve,dim
0,2.3332798359387117,2.3165316313079867,19,0.05,0.3,0.5,0.001,1
