,L2,L2_true,N,std,jump,jump_prob,ve,dim
0,4.0327362404994105,2.017707634517311,31,0.01,0.3,0.5,0.01,2
