,L2,L2_true,N,std,jump,jump_prob,ve,dim
0,5.229496073402001,3.88738279914692,37,0.01,0.3,0.5,0.01,3
