,L2,L2_true,N,std,jump,jump_prob,ve,dim
0,3.4456805337408887,0.5223668465196011,848,0.01,0.3,0.5,0.01,2
