,L2,L2_true,N,std,jump,jump_prob,ve,dim
0,5.402504418544153,4.412696060247943,193,0.01,0.3,0.5,0.0025,2
