,L2,L2_true,N,std,jump,jump_prob,ve,dim
0,12.756556296045792,12.359723789249703,719,0.01,0.3,0.5,0.0025,3
