,L2,L2_true,N,std,jump,jump_prob,ve,dim
0,2.9711941611152164,1.4364789031364533,61,0.01,0.3,0.5,0.001,1
