,L2,L2_true,N,std,jump,jump_prob,ve,dim
0,3.0439784680427975,0.23924485894839914,517,0.01,0.3,0.5,0.0025,1
