,L2,L2_true,N,std,jump,jump_prob,ve,dim
0,3.7142598067561994,1.400287694065499,138,0.01,0.3,0.5,0.01,2
