,L2,L2_true,N,std,jump,jump_prob,ve,dim
0,4.197446666897483,2.2970531313463876,13,0.01,0.3,0.5,0.01,2
