,L2,L2_true,N,std,jump,jump_prob,ve,dim
0,2.635018002570436,0.4443760551667399,372,0.01,0.3,0.5,0.001,1
