,L2,L2_true,N,std,jump,jump_prob,ve,dim
0,3.5548473675165546,1.8332021654378243,1178,0.01,0.3,0.5,0.0025,2
