,L2,L2_true,N,std,jump,jump_prob,ve,dim
0,3.679480279704825,2.322358922378258,26,0.01,0.3,0.5,0.001,1
