,L2,L2_true,N,std,jump,jump_prob,ve,dim
0,8.184624968456012,7.712397247222527,439,0.01,0.3,0.5,0.001,2
