,L2,L2_true,N,std,jump,jump_prob,ve,dim
0,1.1727735951175253,1.172132160721083,117,0.2,0.3,0.5,0.001,1
