,L2,L2_true,N,std,jump,jump_prob,ve,dim
0,5.1161606328692955,3.77833608215031,227,0.01,0.3,0.5,0.01,3
