,L2,L2_true,N,std,jump,jump_prob,ve,dim
0,9.162008369686275,8.60479215858126,84,0.01,0.3,0.5,0.001,3
