,L2,L2_true,N,std,jump,jump_prob,ve,dim
0,2.082194880246707,2.08263587914135,43,0.2,0.3,0.5,0.001,1
