,L2,L2_true,N,std,jump,jump_prob,ve,dim
0,5.691315265688236,4.739137116117931,163,0.01,0.3,0.5,0.0025,2
