,L2,L2_true,N,std,jump,jump_prob,ve,dim
0,1.3363602494620324,1.334218201886469,3,0.2,0.3,0.5,0.001,1
