,L2,L2_true,N,std,jump,jump_prob,ve,dim
0,11.712208502132103,11.292977256975664,1637,0.01,0.3,0.5,0.0025,3
