,L2,L2_true,N,std,jump,jump_prob,ve,dim
0,5.568962350475056,4.356936070586683,117,0.01,0.3,0.5,0.01,3
