,L2,L2_true,N,std,jump,jump_prob,ve,dim
0,3.44318927740171,0.3265531262829868,37,0.01,0.3,0.5,0.01,1
