,L2,L2_true,N,std,jump,jump_prob,ve,dim
0,10.726075356668122,10.209046718500867,193,0.01,0.3,0.5,0.0025,3
