,L2,L2_true,N,std,jump,jump_prob,ve,dim
0,2.623755086921444,0.13906965962731485,3162,0.01,0.3,0.5,0.001,1
