,L2,L2_true,N,std,jump,jump_prob,ve,dim
0,3.3498997203668432,1.29882673259973,31,0.01,0.3,0.5,0.0025,1
