,L2,L2_true,N,std,jump,jump_prob,ve,dim
0,3.4301019839073232,0.21577848407424585,100,0.01,0.3,0.5,0.01,1
