,L2,L2_true,N,std,jump,jump_prob,ve,dim
0,5.239979347188318,4.0121862284064616,19,0.01,0.3,0.5,0.0025,3
