,L2,L2_true,N,std,jump,jump_prob,ve,dim
0,2.855515564035046,1.178962612495102,84,0.01,0.3,0.5,0.001,1
