,L2,L2_true,N,std,jump,jump_prob,ve,dim
0,5.834841773354823,4.927323017437821,138,0.01,0.3,0.5,0.0025,2
