,L2,L2_true,N,std,jump,jump_prob,ve,dim
0,3.819990402595251,1.7976310543311582,3,0.01,0.3,0.5,0.0025,3
