,L2,L2_true,N,std,jump,jump_prob,ve,dim
0,2.535231522361016,2.534306058051814,10,0.2,0.3,0.5,0.001,1
