,L2,L2_true,N,std,jump,jump_prob,ve,dim
0,2.419172759171947,2.419066027491629,26,0.2,0.3,0.5,0.001,1
