,L2,L2_true,N,std,jump,jump_prob,ve,dim
0,3.6465301874286142,1.8661830279019658,2,0.01,0.3,0.5,0.001,1
