,L2,L2_true,N,std,jump,jump_prob,ve,dim
0,1.9230960943944697,1.918270970397761,4,0.2,0.3,0.5,0.001,1
