,L2,L2_true,N,std,jump,jump_prob,ve,dim
0,0.31410406409923575,0.20477910315730108,3162,0.05,0.3,0.5,0.001,1
