,L2,L2_true,N,std,jump,jump_prob,ve,dim
0,5.281308614788381,3.9900607241115575,193,0.01,0.3,0.5,0.01,3
