,L2,L2_true,N,std,jump,jump_prob,ve,dim
0,4.844638142362007,3.4133455725518065,316,0.01,0.3,0.5,0.01,3
