,L2,L2_true,N,std,jump,jump_prob,ve,dim
0,3.5244165940820573,0.8722710816058129,316,0.01,0.3,0.5,0.01,2
