,L2,L2_true,N,std,jump,jump_prob,ve,dim
0,5.663529237373862,4.730282007589999,163,0.01,0.3,0.5,0.0025,2
