,L2,L2_true,N,std,jump,jump_prob,ve,dim
0,5.395918488138929,4.141658830845514,117,0.01,0.3,0.5,0.01,3
