,L2,L2_true,N,std,jump,jump_prob,ve,dim
0,8.601006643574383,8.078893803726448,163,0.01,0.3,0.5,0.001,2
