,L2,L2_true,N,std,jump,jump_prob,ve,dim
0,4.216363823093421,2.388136869386766,31,0.01,0.3,0.5,0.01,2
