,L2,L2_true,N,std,jump,jump_prob,ve,dim
0,4.203198480408934,2.279324254111853,8,0.01,0.3,0.5,0.01,3
