,L2,L2_true,N,std,jump,jump_prob,ve,dim
0,3.5841406311633217,0.9511451860949502,10,0.01,0.3,0.5,0.01,1
