,L2,L2_true,N,std,jump,jump_prob,ve,dim
0,0.3780460970254133,0.3706054657377897,1,0.2,0.3,0.5,0.001,1
