,L2,L2_true,N,std,jump,jump_prob,ve,dim
0,7.114154886894792,6.581460307296937,719,0.01,0.3,0.5,0.001,2
