,L2,L2_true,N,std,jump,jump_prob,ve,dim
0,7.9250815987406495,7.41997637684445,439,0.01,0.3,0.5,0.001,2
