,L2,L2_true,N,std,jump,jump_prob,ve,dim
0,3.689077322837141,1.0729709013960784,2,0.01,0.3,0.5,0.01,2
