,L2,L2_true,N,std,jump,jump_prob,ve,dim
0,3.4068822138843613,0.08102558528557999,372,0.01,0.3,0.5,0.01,1
