,L2,L2_true,N,std,jump,jump_prob,ve,dim
0,5.620944612766547,4.674249873813591,22,0.01,0.3,0.5,0.001,2
