,L2,L2_true,N,std,jump,jump_prob,ve,dim
0,4.021161576749416,2.565672480430384,8,0.01,0.3,0.5,0.001,1
