,L2,L2_true,N,std,jump,jump_prob,ve,dim
0,4.574381256242276,3.7370686864981675,2000,0.01,0.3,0.5,0.001,2
