,L2,L2_true,N,std,jump,jump_prob,ve,dim
0,3.4717104100455076,0.6236837233977558,43,0.01,0.3,0.5,0.01,1
