,L2,L2_true,N,std,jump,jump_prob,ve,dim
0,5.1697807683225525,4.111664002279505,16,0.01,0.3,0.5,0.001,2
