,L2,L2_true,N,std,jump,jump_prob,ve,dim
0,9.08490746951167,8.618815243424304,193,0.01,0.3,0.5,0.001,2
