,L2,L2_true,N,std,jump,jump_prob,ve,dim
0,21.209504588105453,20.999388503947767,848,0.01,0.3,0.5,0.001,3
