,L2,L2_true,N,std,jump,jump_prob,ve,dim
0,3.1028646227192245,0.6527024973256641,117,0.01,0.3,0.5,0.0025,1
