,L2,L2_true,N,std,jump,jump_prob,ve,dim
0,3.5922624761382993,0.9133705527258433,8,0.01,0.3,0.5,0.01,1
