,L2,L2_true,N,std,jump,jump_prob,ve,dim
0,4.052577972324748,2.015798624556247,11,0.01,0.3,0.5,0.01,2
