,L2,L2_true,N,std,jump,jump_prob,ve,dim
0,3.636304505389784,0.9269529987088945,2,0.01,0.3,0.5,0.01,1
