,L2,L2_true,N,std,jump,jump_prob,ve,dim
0,9.773481201352805,9.205563800911053,138,0.01,0.3,0.5,0.0025,3
