,L2,L2_true,N,std,jump,jump_prob,ve,dim
0,3.038305719124886,0.11436717323069727,2682,0.01,0.3,0.5,0.0025,1
