,L2,L2_true,N,std,jump,jump_prob,ve,dim
0,2.130758332525444,2.038748021986769,7,0.05,0.3,0.5,0.001,1
