,L2,L2_true,N,std,jump,jump_prob,ve,dim
0,3.6519778167716934,1.8793347454195413,2,0.01,0.3,0.5,0.001,1
