,L2,L2_true,N,std,jump,jump_prob,ve,dim
0,5.306745447404029,3.9849695180863662,43,0.01,0.3,0.5,0.01,3
