,L2,L2_true,N,std,jump,jump_prob,ve,dim
0,4.29343167589256,2.9354833286614284,7,0.01,0.3,0.5,0.001,3
