,L2,L2_true,N,std,jump,jump_prob,ve,dim
0,1.7026284162005612,1.7026204295944072,5,0.2,0.3,0.5,0.001,1
