,L2,L2_true,N,std,jump,jump_prob,ve,dim
0,0.4877957444223117,0.48696473542887203,610,0.2,0.3,0.5,0.001,1
