,L2,L2_true,N,std,jump,jump_prob,ve,dim
0,5.062404129394996,3.8082932681470125,22,0.01,0.3,0.5,0.0025,2
