,L2,L2_true,N,std,jump,jump_prob,ve,dim
0,0.3777537864625706,0.37031664187060903,1,0.2,0.3,0.5,0.001,1
