,L2,L2_true,N,std,jump,jump_prob,ve,dim
0,3.4544871264091244,2.2417917072205276,71,0.01,0.3,0.5,0.001,1
