,L2,L2_true,N,std,jump,jump_prob,ve,dim
0,2.0295227366935578,2.029744470721979,22,0.2,0.3,0.5,0.001,1
