,L2,L2_true,N,std,jump,jump_prob,ve,dim
0,3.998049230155798,2.5015817276837122,8,0.01,0.3,0.5,0.001,1
