,L2,L2_true,N,std,jump,jump_prob,ve,dim
0,3.958824455050027,1.787364587334443,8,0.01,0.3,0.5,0.01,2
