,L2,L2_true,N,std,jump,jump_prob,ve,dim
0,5.919444180063336,5.037910579704527,31,0.01,0.3,0.5,0.001,2
