,L2,L2_true,N,std,jump,jump_prob,ve,dim
0,4.937800015092609,3.81161111043294,16,0.01,0.3,0.5,0.001,2
