,L2,L2_true,N,std,jump,jump_prob,ve,dim
0,0.3475943973319542,0.3471794055644614,1178,0.2,0.3,0.5,0.001,1
