,L2,L2_true,N,std,jump,jump_prob,ve,dim
0,1.1381639609643335,1.1075470836508305,100,0.05,0.3,0.5,0.001,1
