,L2,L2_true,N,std,jump,jump_prob,ve,dim
0,3.430948555485323,0.35283118983122946,1637,0.01,0.3,0.5,0.01,2
