,L2,L2_true,N,std,jump,jump_prob,ve,dim
0,0.3840158022134995,0.26105079129958675,1930,0.05,0.3,0.5,0.001,1
