,L2,L2_true,N,std,jump,jump_prob,ve,dim
0,1.9511135697560078,1.9486333995147556,5,0.2,0.3,0.5,0.001,1
