,L2,L2_true,N,std,jump,jump_prob,ve,dim
0,3.408103049477077,1.5368055428193732,1637,0.01,0.3,0.5,0.0025,2
