,L2,L2_true,N,std,jump,jump_prob,ve,dim
0,12.06632971033617,11.654659688798073,1389,0.01,0.3,0.5,0.0025,3
