,L2,L2_true,N,std,jump,jump_prob,ve,dim
0,4.295404319777697,2.932702903348632,7,0.01,0.3,0.5,0.001,3
