,L2,L2_true,N,std,jump,jump_prob,ve,dim
0,2.8077659898098624,0.947826600020649,100,0.01,0.3,0.5,0.001,1
