,L2,L2_true,N,std,jump,jump_prob,ve,dim
0,3.089534946061824,0.5822849365459447,117,0.01,0.3,0.5,0.0025,1
