,L2,L2_true,N,std,jump,jump_prob,ve,dim
0,3.6106977926052966,0.7555622217171637,2,0.01,0.3,0.5,0.01,1
