,L2,L2_true,N,std,jump,jump_prob,ve,dim
0,3.4030113990059174,0.047335634590408016,1637,0.01,0.3,0.5,0.01,1
