,L2,L2_true,N,std,jump,jump_prob,ve,dim
0,0.19443351285837096,0.1942321507643396,3162,0.2,0.3,0.5,0.001,1
