,L2,L2_true,N,std,jump,jump_prob,ve,dim
0,3.5355311170958257,0.7995411465347706,13,0.01,0.3,0.5,0.01,1
