,L2,L2_true,N,std,jump,jump_prob,ve,dim
0,5.003175589411471,3.729865524694479,19,0.01,0.3,0.5,0.0025,2
