,L2,L2_true,N,std,jump,jump_prob,ve,dim
0,3.8949920644348603,2.4714757951908055,11,0.01,0.3,0.5,0.001,1
