,L2,L2_true,N,std,jump,jump_prob,ve,dim
0,0.29353324791756236,0.29237714540156745,1637,0.2,0.3,0.5,0.001,1
