,L2,L2_true,N,std,jump,jump_prob,ve,dim
0,3.4338445834129527,0.45400127120235934,1000,0.01,0.3,0.5,0.01,2
