,L2,L2_true,N,std,jump,jump_prob,ve,dim
0,5.311330312897559,4.028657960698709,193,0.01,0.3,0.5,0.01,3
