,L2,L2_true,N,std,jump,jump_prob,ve,dim
0,3.747861891992983,1.6606722420444568,2,0.01,0.3,0.5,0.0025,3
