,L2,L2_true,N,std,jump,jump_prob,ve,dim
0,3.9916661582247857,2.0217456340410944,61,0.01,0.3,0.5,0.01,2
