,L2,L2_true,N,std,jump,jump_prob,ve,dim
0,4.3366043354780865,2.9805768952292135,7,0.01,0.3,0.5,0.001,3
