,L2,L2_true,N,std,jump,jump_prob,ve,dim
0,0.6656461889576683,0.6054848498386308,372,0.05,0.3,0.5,0.001,1
