,L2,L2_true,N,std,jump,jump_prob,ve,dim
0,6.596630390810819,5.819415780002141,43,0.01,0.3,0.5,0.001,2
