,L2,L2_true,N,std,jump,jump_prob,ve,dim
0,3.713973143708248,1.9801624290535822,2,0.01,0.3,0.5,0.001,2
