,L2,L2_true,N,std,jump,jump_prob,ve,dim
0,3.412228373147347,0.25509616149650627,138,0.01,0.3,0.5,0.01,1
