,L2,L2_true,N,std,jump,jump_prob,ve,dim
0,4.610867317813881,3.7850150299675125,1930,0.01,0.3,0.5,0.001,2
