,L2,L2_true,N,std,jump,jump_prob,ve,dim
0,7.4564105942091174,6.763782593138031,51,0.01,0.3,0.5,0.001,3
