,L2,L2_true,N,std,jump,jump_prob,ve,dim
0,24.281622084287832,24.10050454007817,1930,0.01,0.3,0.5,0.001,3
