,L2,L2_true,N,std,jump,jump_prob,ve,dim
0,3.592219284557823,0.9808867821169657,8,0.01,0.3,0.5,0.01,1
