,L2,L2_true,N,std,jump,jump_prob,ve,dim
0,0.24818959428343862,0.24818468236833138,2275,0.2,0.3,0.5,0.001,1
