,L2,L2_true,N,std,jump,jump_prob,ve,dim
0,4.211273994699434,2.3130650369038634,11,0.01,0.3,0.5,0.01,2
