,L2,L2_true,N,std,jump,jump_prob,ve,dim
0,3.572191298257576,1.0131838362490635,227,0.01,0.3,0.5,0.01,2
