,L2,L2_true,N,std,jump,jump_prob,ve,dim
0,0.37803829927030747,0.3705987553244374,1,0.2,0.3,0.5,0.001,1
