,L2,L2_true,N,std,jump,jump_prob,ve,dim
0,4.39987121403301,2.8465333700745803,10,0.01,0.3,0.5,0.0025,2
