,L2,L2_true,N,std,jump,jump_prob,ve,dim
0,3.4239837486030655,0.24916327827980425,51,0.01,0.3,0.5,0.01,1
