,L2,L2_true,N,std,jump,jump_prob,ve,dim
0,3.561721538904442,1.8996622843617095,31,0.01,0.3,0.5,0.0025,1
