,L2,L2_true,N,std,jump,jump_prob,ve,dim
0,3.057300863479083,0.48140542048131146,163,0.01,0.3,0.5,0.0025,1
