,L2,L2_true,N,std,jump,jump_prob,ve,dim
0,3.6087726360354426,1.3283939995477503,1,0.01,0.3,0.5,0.0025,2
