,L2,L2_true,N,std,jump,jump_prob,ve,dim
0,2.2987838507361817,2.299465468063193,31,0.05,0.3,0.5,0.001,1
