,L2,L2_true,N,std,jump,jump_prob,ve,dim
0,4.764462693379955,3.5944698534782704,13,0.01,0.3,0.5,0.001,2
