,L2,L2_true,N,std,jump,jump_prob,ve,dim
0,1.9545623788725244,1.9540476448197397,6,0.2,0.3,0.5,0.001,1
