,L2,L2_true,N,std,jump,jump_prob,ve,dim
0,5.543161398043273,4.30477925508585,100,0.01,0.3,0.5,0.01,3
