,L2,L2_true,N,std,jump,jump_prob,ve,dim
0,4.1175903940531935,2.1504797067875447,16,0.01,0.3,0.5,0.01,2
