,L2,L2_true,N,std,jump,jump_prob,ve,dim
0,3.650198007348404,1.8531134551223367,2,0.01,0.3,0.5,0.001,1
