,L2,L2_true,N,std,jump,jump_prob,ve,dim
0,2.0465804512413244,2.046769056324825,10,0.2,0.3,0.5,0.001,1
