,L2,L2_true,N,std,jump,jump_prob,ve,dim
0,0.44789902387672265,0.4096840955229905,719,0.05,0.3,0.5,0.001,1
