,L2,L2_true,N,std,jump,jump_prob,ve,dim
0,3.210918334031408,1.8475523469220079,51,0.01,0.3,0.5,0.001,1
