,L2,L2_true,N,std,jump,jump_prob,ve,dim
0,6.360853943393451,5.552161791308611,37,0.01,0.3,0.5,0.001,2
