,L2,L2_true,N,std,jump,jump_prob,ve,dim
0,2.7563041737247667,0.8980191525344692,163,0.01,0.3,0.5,0.001,1
