,L2,L2_true,N,std,jump,jump_prob,ve,dim
0,4.340668407735466,3.0081883375556537,8,0.01,0.3,0.5,0.001,2
