,L2,L2_true,N,std,jump,jump_prob,ve,dim
0,5.201498506011631,3.8798357532721734,193,0.01,0.3,0.5,0.01,3
