,L2,L2_true,N,std,jump,jump_prob,ve,dim
0,3.7251842921045504,2.0182507700901255,3,0.01,0.3,0.5,0.001,1
