,L2,L2_true,N,std,jump,jump_prob,ve,dim
0,3.6450192659420297,1.889988630237705,2,0.01,0.3,0.5,0.001,1
