,L2,L2_true,N,std,jump,jump_prob,ve,dim
0,3.0836087009431563,0.5554375286707732,71,0.01,0.3,0.5,0.0025,1
