,L2,L2_true,N,std,jump,jump_prob,ve,dim
0,3.3633681568508735,1.2823601023015871,31,0.01,0.3,0.5,0.0025,1
