,L2,L2_true,N,std,jump,jump_prob,ve,dim
0,3.663464272149384,1.282143127603917,138,0.01,0.3,0.5,0.01,2
