,L2,L2_true,N,std,jump,jump_prob,ve,dim
0,2.521354498550759,2.4592542242659357,8,0.05,0.3,0.5,0.001,1
