,L2,L2_true,N,std,jump,jump_prob,ve,dim
0,4.162696720118633,2.449171104263695,6,0.01,0.3,0.5,0.0025,3
