,L2,L2_true,N,std,jump,jump_prob,ve,dim
0,3.7164107149294723,1.720819479302597,11,0.01,0.3,0.5,0.0025,1
