,L2,L2_true,N,std,jump,jump_prob,ve,dim
0,5.283054403880241,3.9559301133420304,43,0.01,0.3,0.5,0.01,3
