,L2,L2_true,N,std,jump,jump_prob,ve,dim
0,3.6419617804867768,1.438165161093533,2,0.01,0.3,0.5,0.0025,1
