,L2,L2_true,N,std,jump,jump_prob,ve,dim
0,11.406060801732727,10.990056645471414,2000,0.01,0.3,0.5,0.0025,3
