,L2,L2_true,N,std,jump,jump_prob,ve,dim
0,3.5472040546870707,0.9522501078642572,268,0.01,0.3,0.5,0.01,2
