,L2,L2_true,N,std,jump,jump_prob,ve,dim
0,4.75209998212122,3.1891903998635116,19,0.01,0.3,0.5,0.01,3
