,L2,L2_true,N,std,jump,jump_prob,ve,dim
0,11.271131147258709,10.83684726671426,138,0.01,0.3,0.5,0.001,3
