,L2,L2_true,N,std,jump,jump_prob,ve,dim
0,3.6195099957468373,1.3295984187029464,1,0.01,0.3,0.5,0.0025,2
