,L2,L2_true,N,std,jump,jump_prob,ve,dim
0,0.7748216399700333,0.7751441391837283,227,0.2,0.3,0.5,0.001,1
