,L2,L2_true,N,std,jump,jump_prob,ve,dim
0,3.6358025555064115,1.3854904875100371,2,0.01,0.3,0.5,0.0025,1
