,L2,L2_true,N,std,jump,jump_prob,ve,dim
0,3.4783630492119584,0.6740292974016286,51,0.01,0.3,0.5,0.01,1
