,L2,L2_true,N,std,jump,jump_prob,ve,dim
0,18.477462872720555,18.225402726393273,610,0.01,0.3,0.5,0.001,3
