,L2,L2_true,N,std,jump,jump_prob,ve,dim
0,3.0496054527898693,0.41835905256169476,138,0.01,0.3,0.5,0.0025,1
