,L2,L2_true,N,std,jump,jump_prob,ve,dim
0,8.14564852816199,7.515638109688539,61,0.01,0.3,0.5,0.001,3
