,L2,L2_true,N,std,jump,jump_prob,ve,dim
0,2.492876618614562,2.4283214633734618,11,0.05,0.3,0.5,0.001,1
