,L2,L2_true,N,std,jump,jump_prob,ve,dim
0,3.6260578616025954,1.3301220162512548,1,0.01,0.3,0.5,0.0025,1
