,L2,L2_true,N,std,jump,jump_prob,ve,dim
0,2.459790083525924,2.4603953439569386,16,0.2,0.3,0.5,0.001,1
