,L2,L2_true,N,std,jump,jump_prob,ve,dim
0,1.866735688362148,1.7506116241859595,4,0.05,0.3,0.5,0.001,1
