,L2,L2_true,N,std,jump,jump_prob,ve,dim
0,23.880238223846963,23.696705607508502,1389,0.01,0.3,0.5,0.001,3
