,L2,L2_true,N,std,jump,jump_prob,ve,dim
0,4.964936757184596,3.495291175489019,31,0.01,0.3,0.5,0.01,3
