,L2,L2_true,N,std,jump,jump_prob,ve,dim
0,8.032749610066178,7.293724646762629,71,0.01,0.3,0.5,0.0025,3
