,L2,L2_true,N,std,jump,jump_prob,ve,dim
0,8.008530387816279,7.277369877667114,71,0.01,0.3,0.5,0.0025,3
