,L2,L2_true,N,std,jump,jump_prob,ve,dim
0,3.608954502563607,0.7449025585791486,1,0.01,0.3,0.5,0.01,1
