,L2,L2_true,N,std,jump,jump_prob,ve,dim
0,2.0706119163670644,2.0709827977695854,26,0.2,0.3,0.5,0.001,1
