,L2,L2_true,N,std,jump,jump_prob,ve,dim
0,3.4027368730042724,0.12639419586460196,517,0.01,0.3,0.5,0.01,1
