,L2,L2_true,N,std,jump,jump_prob,ve,dim
0,3.6281769314389916,1.3305282929348001,1,0.01,0.3,0.5,0.0025,1
