,L2,L2_true,N,std,jump,jump_prob,ve,dim
0,4.578873988527871,3.11707696195693,10,0.01,0.3,0.5,0.0025,3
