,L2,L2_true,N,std,jump,jump_prob,ve,dim
0,0.8655242414125563,0.8290873762693023,193,0.05,0.3,0.5,0.001,1
