,L2,L2_true,N,std,jump,jump_prob,ve,dim
0,3.7479102628019167,1.7474378698908721,4,0.01,0.3,0.5,0.0025,1
