,L2,L2_true,N,std,jump,jump_prob,ve,dim
0,3.7548365117690095,1.5610955247330724,1637,0.01,0.3,0.5,0.01,3
