,L2,L2_true,N,std,jump,jump_prob,ve,dim
0,3.619825023069336,0.7446740761057967,1,0.01,0.3,0.5,0.01,3
