,L2,L2_true,N,std,jump,jump_prob,ve,dim
0,5.584442662176158,4.362490826262834,84,0.01,0.3,0.5,0.01,3
