,L2,L2_true,N,std,jump,jump_prob,ve,dim
0,3.4441464683178284,0.3862749016571532,71,0.01,0.3,0.5,0.01,1
