,L2,L2_true,N,std,jump,jump_prob,ve,dim
0,3.586615107785909,2.3757101576110315,43,0.01,0.3,0.5,0.001,1
