,L2,L2_true,N,std,jump,jump_prob,ve,dim
0,2.2995880174627357,2.2180975201740525,7,0.05,0.3,0.5,0.001,1
