,L2,L2_true,N,std,jump,jump_prob,ve,dim
0,4.795912528141241,3.4312483209077316,16,0.01,0.3,0.5,0.0025,2
