,L2,L2_true,N,std,jump,jump_prob,ve,dim
0,3.662929598749931,1.2555942503159818,11,0.01,0.3,0.5,0.01,1
