,L2,L2_true,N,std,jump,jump_prob,ve,dim
0,3.7781770319678776,1.735852536194578,3,0.01,0.3,0.5,0.0025,2
