,L2,L2_true,N,std,jump,jump_prob,ve,dim
0,3.5621685766174545,0.9478923743037535,268,0.01,0.3,0.5,0.01,2
