,L2,L2_true,N,std,jump,jump_prob,ve,dim
0,11.825572804910518,11.408714879097529,163,0.01,0.3,0.5,0.001,3
