,L2,L2_true,N,std,jump,jump_prob,ve,dim
0,20.936073080188603,20.717796071338135,848,0.01,0.3,0.5,0.001,3
