,L2,L2_true,N,std,jump,jump_prob,ve,dim
0,3.4224699529047493,0.30210484899948786,51,0.01,0.3,0.5,0.01,1
