,L2,L2_true,N,std,jump,jump_prob,ve,dim
0,3.794299335303829,1.8041074872378586,4,0.01,0.3,0.5,0.0025,1
