,L2,L2_true,N,std,jump,jump_prob,ve,dim
0,3.922013226884135,2.370890533283851,3,0.01,0.3,0.5,0.001,1
