,L2,L2_true,N,std,jump,jump_prob,ve,dim
0,2.638568467608264,0.40025899440614743,439,0.01,0.3,0.5,0.001,1
