,L2,L2_true,N,std,jump,jump_prob,ve,dim
0,5.15845459337028,3.8994062738386583,16,0.01,0.3,0.5,0.0025,3
