,L2,L2_true,N,std,jump,jump_prob,ve,dim
0,2.2806061339228862,2.223486433004725,11,0.05,0.3,0.5,0.001,1
