,L2,L2_true,N,std,jump,jump_prob,ve,dim
0,12.185749542655708,11.784208231872077,1178,0.01,0.3,0.5,0.0025,3
