,L2,L2_true,N,std,jump,jump_prob,ve,dim
0,3.045812772019701,0.13963892012824553,848,0.01,0.3,0.5,0.0025,1
