,L2,L2_true,N,std,jump,jump_prob,ve,dim
0,3.033528613503656,0.22635664075412612,517,0.01,0.3,0.5,0.0025,1
