,L2,L2_true,N,std,jump,jump_prob,ve,dim
0,3.8730799357132915,1.5974689997890443,5,0.01,0.3,0.5,0.01,2
