,L2,L2_true,N,std,jump,jump_prob,ve,dim
0,4.531419379616151,3.7028903141203227,2000,0.01,0.3,0.5,0.001,2
