,L2,L2_true,N,std,jump,jump_prob,ve,dim
0,3.1125604581506683,0.7123954594239541,100,0.01,0.3,0.5,0.0025,1
