,L2,L2_true,N,std,jump,jump_prob,ve,dim
0,0.785490900297065,0.7847222857748188,268,0.2,0.3,0.5,0.001,1
