,L2,L2_true,N,std,jump,jump_prob,ve,dim
0,4.978489440443606,3.5945177851167784,227,0.01,0.3,0.5,0.01,3
