,L2,L2_true,N,std,jump,jump_prob,ve,dim
0,3.7433984158078464,1.1868167455796927,2,0.01,0.3,0.5,0.01,2
