,L2,L2_true,N,std,jump,jump_prob,ve,dim
0,5.119610905307048,3.7384673646438844,31,0.01,0.3,0.5,0.01,3
