,L2,L2_true,N,std,jump,jump_prob,ve,dim
0,8.073533098316949,7.446670232163485,61,0.01,0.3,0.5,0.001,3
