,L2,L2_true,N,std,jump,jump_prob,ve,dim
0,3.6217448354936663,1.8028126994512088,1,0.01,0.3,0.5,0.001,1
