,L2,L2_true,N,std,jump,jump_prob,ve,dim
0,4.653481921091492,3.8181010198564764,1930,0.01,0.3,0.5,0.001,2
