,L2,L2_true,N,std,jump,jump_prob,ve,dim
0,4.951057971409314,3.8795435242761105,316,0.01,0.3,0.5,0.0025,2
