,L2,L2_true,N,std,jump,jump_prob,ve,dim
0,11.526477132042983,11.054273026046383,268,0.01,0.3,0.5,0.0025,3
