,L2,L2_true,N,std,jump,jump_prob,ve,dim
0,2.039033691308796,1.9315090084577473,3,0.05,0.3,0.5,0.001,1
