,L2,L2_true,N,std,jump,jump_prob,ve,dim
0,3.4665762009029595,0.6163727708319824,16,0.01,0.3,0.5,0.01,1
