,L2,L2_true,N,std,jump,jump_prob,ve,dim
0,4.321458405631082,2.4890096198951035,10,0.01,0.3,0.5,0.01,3
