,L2,L2_true,N,std,jump,jump_prob,ve,dim
0,8.582430694497484,7.996335494308704,71,0.01,0.3,0.5,0.001,3
