,L2,L2_true,N,std,jump,jump_prob,ve,dim
0,7.099031291690903,6.40723768207916,61,0.01,0.3,0.5,0.001,2
