,L2,L2_true,N,std,jump,jump_prob,ve,dim
0,10.645140762844843,10.12330946644214,193,0.01,0.3,0.5,0.0025,3
