,L2,L2_true,N,std,jump,jump_prob,ve,dim
0,12.008300055465961,11.60581006240849,1637,0.01,0.3,0.5,0.0025,3
