,L2,L2_true,N,std,jump,jump_prob,ve,dim
0,0.2702908365298032,0.27035457919314526,1930,0.2,0.3,0.5,0.001,1
