,L2,L2_true,N,std,jump,jump_prob,ve,dim
0,3.4702249134881296,0.5981662494863536,719,0.01,0.3,0.5,0.01,2
