,L2,L2_true,N,std,jump,jump_prob,ve,dim
0,2.663310477204158,0.5168095190050634,439,0.01,0.3,0.5,0.001,1
