,L2,L2_true,N,std,jump,jump_prob,ve,dim
0,0.907240176046804,0.9214898102312451,163,0.05,0.3,0.5,0.001,1
