,L2,L2_true,N,std,jump,jump_prob,ve,dim
0,3.0433674742744836,0.30184767163380055,439,0.01,0.3,0.5,0.0025,1
