,L2,L2_true,N,std,jump,jump_prob,ve,dim
0,2.613935381331128,0.16744054017914675,2275,0.01,0.3,0.5,0.001,1
