,L2,L2_true,N,std,jump,jump_prob,ve,dim
0,5.957573623705604,5.326387639430933,1000,0.01,0.3,0.5,0.001,2
