,L2,L2_true,N,std,jump,jump_prob,ve,dim
0,3.8818121736490174,1.8301791538776147,1178,0.01,0.3,0.5,0.01,3
