,L2,L2_true,N,std,jump,jump_prob,ve,dim
0,11.882659660557922,11.428051588573716,316,0.01,0.3,0.5,0.0025,3
