,L2,L2_true,N,std,jump,jump_prob,ve,dim
0,3.189819369601234,3.1814252833149697,22,0.05,0.3,0.5,0.001,1
