,L2,L2_true,N,std,jump,jump_prob,ve,dim
0,3.466584377217558,0.5906758183231502,610,0.01,0.3,0.5,0.01,2
