,L2,L2_true,N,std,jump,jump_prob,ve,dim
0,3.624870409018723,1.806054571676513,1,0.01,0.3,0.5,0.001,1
