,L2,L2_true,N,std,jump,jump_prob,ve,dim
0,12.771085274788724,12.373146681499636,1000,0.01,0.3,0.5,0.0025,3
