,L2,L2_true,N,std,jump,jump_prob,ve,dim
0,3.0434249968832745,1.5209157425462263,51,0.01,0.3,0.5,0.001,1
