,L2,L2_true,N,std,jump,jump_prob,ve,dim
0,4.3981007635306835,2.63002679341854,11,0.01,0.3,0.5,0.01,3
