,L2,L2_true,N,std,jump,jump_prob,ve,dim
0,3.8336009642544226,2.2036271202107174,3,0.01,0.3,0.5,0.001,2
