,L2,L2_true,N,std,jump,jump_prob,ve,dim
0,4.2962635009136925,2.506047737222563,22,0.01,0.3,0.5,0.01,2
