,L2,L2_true,N,std,jump,jump_prob,ve,dim
0,3.6789136215938147,1.0349856468428849,4,0.01,0.3,0.5,0.01,1
