,L2,L2_true,N,std,jump,jump_prob,ve,dim
0,6.739692383694395,5.956207550425896,37,0.01,0.3,0.5,0.001,3
