,L2,L2_true,N,std,jump,jump_prob,ve,dim
0,3.4312601934268865,0.31306092382284795,2000,0.01,0.3,0.5,0.01,2
