,L2,L2_true,N,std,jump,jump_prob,ve,dim
0,4.0307380185833255,2.725110591529404,13,0.01,0.3,0.5,0.001,1
