,L2,L2_true,N,std,jump,jump_prob,ve,dim
0,0.8414143776594651,0.8410741437898183,193,0.2,0.3,0.5,0.001,1
