,L2,L2_true,N,std,jump,jump_prob,ve,dim
0,2.434054487699461,2.4342576602439383,22,0.2,0.3,0.5,0.001,1
