,L2,L2_true,N,std,jump,jump_prob,ve,dim
0,3.4494668715363344,2.0377867675938726,22,0.01,0.3,0.5,0.001,1
