,L2,L2_true,N,std,jump,jump_prob,ve,dim
0,22.83431087603571,22.641759351561667,1389,0.01,0.3,0.5,0.001,3
