,L2,L2_true,N,std,jump,jump_prob,ve,dim
0,19.119258150911868,18.881104018791756,610,0.01,0.3,0.5,0.001,3
