,L2,L2_true,N,std,jump,jump_prob,ve,dim
0,20.13276321023237,19.90356353597405,719,0.01,0.3,0.5,0.001,3
