,L2,L2_true,N,std,jump,jump_prob,ve,dim
0,4.151536819981092,2.7175259485710503,6,0.01,0.3,0.5,0.001,3
