,L2,L2_true,N,std,jump,jump_prob,ve,dim
0,10.245245669217121,9.707675592201173,163,0.01,0.3,0.5,0.0025,3
