,L2,L2_true,N,std,jump,jump_prob,ve,dim
0,4.140007013678762,2.2189774537625437,16,0.01,0.3,0.5,0.01,2
