,L2,L2_true,N,std,jump,jump_prob,ve,dim
0,2.4085019173040125,2.367990444418838,10,0.05,0.3,0.5,0.001,1
