,L2,L2_true,N,std,jump,jump_prob,ve,dim
0,12.147624533934684,11.749228084657558,1637,0.01,0.3,0.5,0.0025,3
