,L2,L2_true,N,std,jump,jump_prob,ve,dim
0,5.47879452435894,4.230979604954652,71,0.01,0.3,0.5,0.01,3
