,L2,L2_true,N,std,jump,jump_prob,ve,dim
0,4.2214855530854045,2.3333530617214233,19,0.01,0.3,0.5,0.01,2
