,L2,L2_true,N,std,jump,jump_prob,ve,dim
0,3.8975001885744067,2.053602024455704,8,0.01,0.3,0.5,0.0025,1
