,L2,L2_true,N,std,jump,jump_prob,ve,dim
0,3.7438941005518704,1.346033215159107,7,0.01,0.3,0.5,0.01,1
