,L2,L2_true,N,std,jump,jump_prob,ve,dim
0,3.4367832791014896,0.39291517461286374,84,0.01,0.3,0.5,0.01,1
