,L2,L2_true,N,std,jump,jump_prob,ve,dim
0,4.132992904211502,2.7877266859112977,10,0.01,0.3,0.5,0.001,1
