,L2,L2_true,N,std,jump,jump_prob,ve,dim
0,4.834492333043516,3.4922171776854194,13,0.01,0.3,0.5,0.0025,2
