,L2,L2_true,N,std,jump,jump_prob,ve,dim
0,2.6236843975377986,0.18175859141329098,1930,0.01,0.3,0.5,0.001,1
