,L2,L2_true,N,std,jump,jump_prob,ve,dim
0,3.5331021267256486,0.8859921371658736,316,0.01,0.3,0.5,0.01,2
