,L2,L2_true,N,std,jump,jump_prob,ve,dim
0,5.349706991365064,4.0851969349263335,138,0.01,0.3,0.5,0.01,3
