,L2,L2_true,N,std,jump,jump_prob,ve,dim
0,5.4436156862087195,4.171722306020852,61,0.01,0.3,0.5,0.01,3
