,L2,L2_true,N,std,jump,jump_prob,ve,dim
0,4.907486722068238,4.1474941835766534,1637,0.01,0.3,0.5,0.001,2
