,L2,L2_true,N,std,jump,jump_prob,ve,dim
0,7.8652871289246695,7.2621087795601325,100,0.01,0.3,0.5,0.001,2
