,L2,L2_true,N,std,jump,jump_prob,ve,dim
0,5.796000874592516,4.877755670833016,26,0.01,0.3,0.5,0.001,2
