,L2,L2_true,N,std,jump,jump_prob,ve,dim
0,11.156749899632537,10.669418456791632,227,0.01,0.3,0.5,0.0025,3
