,L2,L2_true,N,std,jump,jump_prob,ve,dim
0,3.805024590898751,2.588261432758193,31,0.01,0.3,0.5,0.001,1
