,L2,L2_true,N,std,jump,jump_prob,ve,dim
0,4.174806766102532,2.846773576629683,517,0.01,0.3,0.5,0.0025,2
