,L2,L2_true,N,std,jump,jump_prob,ve,dim
0,3.7677717030588638,2.2018291265150975,848,0.01,0.3,0.5,0.0025,2
