,L2,L2_true,N,std,jump,jump_prob,ve,dim
0,3.5807682599323463,1.0404373367970912,193,0.01,0.3,0.5,0.01,2
