,L2,L2_true,N,std,jump,jump_prob,ve,dim
0,22.516526132205815,22.333663196550916,1178,0.01,0.3,0.5,0.001,3
