,L2,L2_true,N,std,jump,jump_prob,ve,dim
0,5.4989874809347965,4.516625769413652,163,0.01,0.3,0.5,0.0025,2
