,L2,L2_true,N,std,jump,jump_prob,ve,dim
0,6.0501427286094,5.0981934136051965,71,0.01,0.3,0.5,0.0025,2
