,L2,L2_true,N,std,jump,jump_prob,ve,dim
0,2.7713438910450865,0.9158956467836498,138,0.01,0.3,0.5,0.001,1
