,L2,L2_true,N,std,jump,jump_prob,ve,dim
0,5.32734862137152,4.069680732494483,193,0.01,0.3,0.5,0.01,3
