,L2,L2_true,N,std,jump,jump_prob,ve,dim
0,3.993514611058058,1.8632196954788582,5,0.01,0.3,0.5,0.01,3
