,L2,L2_true,N,std,jump,jump_prob,ve,dim
0,3.7055782775830224,1.4320519168168768,117,0.01,0.3,0.5,0.01,2
