,L2,L2_true,N,std,jump,jump_prob,ve,dim
0,1.4088077027357395,1.2470301740724419,2,0.05,0.3,0.5,0.001,1
