,L2,L2_true,N,std,jump,jump_prob,ve,dim
0,2.469905020709462,2.469386872074726,8,0.2,0.3,0.5,0.001,1
