,L2,L2_true,N,std,jump,jump_prob,ve,dim
0,4.374198459761459,2.795649024002969,8,0.01,0.3,0.5,0.0025,3
