,L2,L2_true,N,std,jump,jump_prob,ve,dim
0,5.233330990785923,4.1961050916038305,16,0.01,0.3,0.5,0.001,3
