,L2,L2_true,N,std,jump,jump_prob,ve,dim
0,24.517790635549396,24.35177840493282,2000,0.01,0.3,0.5,0.001,3
