,L2,L2_true,N,std,jump,jump_prob,ve,dim
0,3.419883485456055,0.05232284684912773,3162,0.01,0.3,0.5,0.01,1
