,L2,L2_true,N,std,jump,jump_prob,ve,dim
0,3.712006434844812,1.2704168287243898,6,0.01,0.3,0.5,0.01,1
