,L2,L2_true,N,std,jump,jump_prob,ve,dim
0,3.9742465366960182,2.555907182168961,10,0.01,0.3,0.5,0.001,1
