,L2,L2_true,N,std,jump,jump_prob,ve,dim
0,8.796796995478877,8.143568501184527,100,0.01,0.3,0.5,0.0025,3
