,L2,L2_true,N,std,jump,jump_prob,ve,dim
0,2.5463584256447604,2.524831795802874,31,0.05,0.3,0.5,0.001,1
