,L2,L2_true,N,std,jump,jump_prob,ve,dim
0,3.56461078944633,2.174877047669766,22,0.01,0.3,0.5,0.001,1
