,L2,L2_true,N,std,jump,jump_prob,ve,dim
0,1.639349797860497,1.5035759943750853,3,0.05,0.3,0.5,0.001,1
