,L2,L2_true,N,std,jump,jump_prob,ve,dim
0,3.6120175750281773,0.804883119484326,3,0.01,0.3,0.5,0.01,1
