,L2,L2_true,N,std,jump,jump_prob,ve,dim
0,1.6351881791995615,1.5024311398316335,3,0.05,0.3,0.5,0.001,1
