,L2,L2_true,N,std,jump,jump_prob,ve,dim
0,5.414179211870071,4.1329355241279915,51,0.01,0.3,0.5,0.01,3
