,L2,L2_true,N,std,jump,jump_prob,ve,dim
0,22.407070380266408,22.20906538910765,1000,0.01,0.3,0.5,0.001,3
