,L2,L2_true,N,std,jump,jump_prob,ve,dim
0,3.61604324109863,1.8033681253578369,1,0.01,0.3,0.5,0.001,2
