,L2,L2_true,N,std,jump,jump_prob,ve,dim
0,3.7950964541789745,1.4058516241094057,3,0.01,0.3,0.5,0.01,3
