,L2,L2_true,N,std,jump,jump_prob,ve,dim
0,5.259622207347511,3.903033081557291,37,0.01,0.3,0.5,0.01,3
