,L2,L2_true,N,std,jump,jump_prob,ve,dim
0,3.0507895879268334,0.42579358989755656,117,0.01,0.3,0.5,0.0025,1
