,L2,L2_true,N,std,jump,jump_prob,ve,dim
0,0.3833937128267119,0.2783383013526497,1389,0.05,0.3,0.5,0.001,1
