,L2,L2_true,N,std,jump,jump_prob,ve,dim
0,5.750564688316499,4.789424935069235,117,0.01,0.3,0.5,0.0025,2
