,L2,L2_true,N,std,jump,jump_prob,ve,dim
0,8.140885904835875,7.6542285989590475,372,0.01,0.3,0.5,0.001,2
