,L2,L2_true,N,std,jump,jump_prob,ve,dim
0,3.4423321115426337,0.15700691080513093,316,0.01,0.3,0.5,0.01,1
