,L2,L2_true,N,std,jump,jump_prob,ve,dim
0,4.523561886350291,2.8326147055246658,13,0.01,0.3,0.5,0.01,3
