,L2,L2_true,N,std,jump,jump_prob,ve,dim
0,11.55246927251453,11.0840542641784,268,0.01,0.3,0.5,0.0025,3
