,L2,L2_true,N,std,jump,jump_prob,ve,dim
0,3.615725368513164,0.7447172445698702,1,0.01,0.3,0.5,0.01,3
