,L2,L2_true,N,std,jump,jump_prob,ve,dim
0,8.32690134371059,7.7915302508823805,163,0.01,0.3,0.5,0.001,2
