,L2,L2_true,N,std,jump,jump_prob,ve,dim
0,3.43189854284918,0.32919337927858733,84,0.01,0.3,0.5,0.01,1
