,L2,L2_true,N,std,jump,jump_prob,ve,dim
0,3.620795183864658,1.3298740003539082,1,0.01,0.3,0.5,0.0025,1
