,L2,L2_true,N,std,jump,jump_prob,ve,dim
0,3.9195395067578183,1.6542993584956853,4,0.01,0.3,0.5,0.01,3
