,L2,L2_true,N,std,jump,jump_prob,ve,dim
0,1.1378499403635765,1.1385955698731094,117,0.2,0.3,0.5,0.001,1
