,L2,L2_true,N,std,jump,jump_prob,ve,dim
0,4.029851246058981,2.2268178128708684,6,0.01,0.3,0.5,0.0025,2
