,L2,L2_true,N,std,jump,jump_prob,ve,dim
0,5.563032954734951,4.335945293139609,100,0.01,0.3,0.5,0.01,3
