,L2,L2_true,N,std,jump,jump_prob,ve,dim
0,3.585994609921496,1.7621408040913942,22,0.01,0.3,0.5,0.0025,1
