,L2,L2_true,N,std,jump,jump_prob,ve,dim
0,3.718715106727866,1.7895536433873784,16,0.01,0.3,0.5,0.0025,1
