,L2,L2_true,N,std,jump,jump_prob,ve,dim
0,4.091806323044053,2.7749454889082643,13,0.01,0.3,0.5,0.001,1
