,L2,L2_true,N,std,jump,jump_prob,ve,dim
0,8.700714655932545,8.186419053950639,138,0.01,0.3,0.5,0.001,2
