,L2,L2_true,N,std,jump,jump_prob,ve,dim
0,3.6212500543769415,1.8049014712925606,1,0.01,0.3,0.5,0.001,1
