,L2,L2_true,N,std,jump,jump_prob,ve,dim
0,3.431251043956199,0.43645930408976674,37,0.01,0.3,0.5,0.01,1
