,L2,L2_true,N,std,jump,jump_prob,ve,dim
0,5.4627707362941464,4.476722866787391,19,0.01,0.3,0.5,0.001,3
