,L2,L2_true,N,std,jump,jump_prob,ve,dim
0,0.3532387213410539,0.3537889519994628,1178,0.2,0.3,0.5,0.001,1
