,L2,L2_true,N,std,jump,jump_prob,ve,dim
0,3.7960954580847184,2.269563684406763,10,0.01,0.3,0.5,0.001,1
