,L2,L2_true,N,std,jump,jump_prob,ve,dim
0,8.131320458364,7.563205317563687,138,0.01,0.3,0.5,0.001,2
