,L2,L2_true,N,std,jump,jump_prob,ve,dim
0,3.664472388745258,0.9636028179834202,2,0.01,0.3,0.5,0.01,2
