,L2,L2_true,N,std,jump,jump_prob,ve,dim
0,5.604520316477684,4.636651992302419,138,0.01,0.3,0.5,0.0025,2
