,L2,L2_true,N,std,jump,jump_prob,ve,dim
0,2.3785397218743953,2.378515364492951,13,0.2,0.3,0.5,0.001,1
