,L2,L2_true,N,std,jump,jump_prob,ve,dim
0,3.4100934501475626,0.10136872401246964,1000,0.01,0.3,0.5,0.01,1
