,L2,L2_true,N,std,jump,jump_prob,ve,dim
0,4.066782254948482,2.6465558989980353,8,0.01,0.3,0.5,0.001,1
