,L2,L2_true,N,std,jump,jump_prob,ve,dim
0,3.289110634718173,1.278454521428803,2275,0.01,0.3,0.5,0.0025,2
