,L2,L2_true,N,std,jump,jump_prob,ve,dim
0,1.436743904439976,1.4361357760536309,100,0.2,0.3,0.5,0.001,1
