,L2,L2_true,N,std,jump,jump_prob,ve,dim
0,12.80542055791888,12.428204909313042,193,0.01,0.3,0.5,0.001,3
