,L2,L2_true,N,std,jump,jump_prob,ve,dim
0,5.312464248655332,4.135281785506894,26,0.01,0.3,0.5,0.0025,2
