,L2,L2_true,N,std,jump,jump_prob,ve,dim
0,12.10451013607234,11.690345237894325,1178,0.01,0.3,0.5,0.0025,3
