,L2,L2_true,N,std,jump,jump_prob,ve,dim
0,3.6785421978962205,1.0621322506664255,4,0.01,0.3,0.5,0.01,1
