,L2,L2_true,N,std,jump,jump_prob,ve,dim
0,5.508202502981176,4.534912643930305,163,0.01,0.3,0.5,0.0025,2
