,L2,L2_true,N,std,jump,jump_prob,ve,dim
0,3.845288044057112,1.6567462141878262,11,0.01,0.3,0.5,0.01,1
