,L2,L2_true,N,std,jump,jump_prob,ve,dim
0,7.389199467927239,6.722207859444567,61,0.01,0.3,0.5,0.001,2
