,L2,L2_true,N,std,jump,jump_prob,ve,dim
0,4.497408667809651,2.793911762354613,13,0.01,0.3,0.5,0.01,3
