,L2,L2_true,N,std,jump,jump_prob,ve,dim
0,0.6258391023253554,0.5855725488665564,268,0.05,0.3,0.5,0.001,1
