,L2,L2_true,N,std,jump,jump_prob,ve,dim
0,3.0575594968221758,0.4248644612912672,193,0.01,0.3,0.5,0.0025,1
