,L2,L2_true,N,std,jump,jump_prob,ve,dim
0,2.7005349133271976,0.7405121342521189,163,0.01,0.3,0.5,0.001,1
