,L2,L2_true,N,std,jump,jump_prob,ve,dim
0,3.5819275034717712,1.0669037061848057,193,0.01,0.3,0.5,0.01,2
