,L2,L2_true,N,std,jump,jump_prob,ve,dim
0,5.637165463360992,4.6908394829296,193,0.01,0.3,0.5,0.0025,2
