,L2,L2_true,N,std,jump,jump_prob,ve,dim
0,5.454515693752814,4.470910511223413,193,0.01,0.3,0.5,0.0025,2
