,L2,L2_true,N,std,jump,jump_prob,ve,dim
0,4.102078025123536,2.0744614012974463,8,0.01,0.3,0.5,0.01,2
