,L2,L2_true,N,std,jump,jump_prob,ve,dim
0,3.0581573384084493,0.5719882931916807,193,0.01,0.3,0.5,0.0025,1
