,L2,L2_true,N,std,jump,jump_prob,ve,dim
0,2.7003392812257756,0.6914966983687423,163,0.01,0.3,0.5,0.001,1
