,L2,L2_true,N,std,jump,jump_prob,ve,dim
0,3.69396262879154,1.8274259622535034,13,0.01,0.3,0.5,0.0025,1
