,L2,L2_true,N,std,jump,jump_prob,ve,dim
0,8.91865220705486,8.453276183550894,268,0.01,0.3,0.5,0.001,2
