,L2,L2_true,N,std,jump,jump_prob,ve,dim
0,4.446964783145846,2.935534340399778,13,0.01,0.3,0.5,0.0025,1
