,L2,L2_true,N,std,jump,jump_prob,ve,dim
0,5.024909197838227,3.599837414163549,26,0.01,0.3,0.5,0.01,3
