,L2,L2_true,N,std,jump,jump_prob,ve,dim
0,8.028400719357666,7.448198919579647,117,0.01,0.3,0.5,0.001,2
