,L2,L2_true,N,std,jump,jump_prob,ve,dim
0,12.54695101710801,12.156810388492701,193,0.01,0.3,0.5,0.001,3
