,L2,L2_true,N,std,jump,jump_prob,ve,dim
0,21.56105620627873,21.35920246903477,1000,0.01,0.3,0.5,0.001,3
