,L2,L2_true,N,std,jump,jump_prob,ve,dim
0,2.9939575040687756,2.994891413780936,19,0.2,0.3,0.5,0.001,1
