,L2,L2_true,N,std,jump,jump_prob,ve,dim
0,8.6740985302552,8.096101082186319,71,0.01,0.3,0.5,0.001,3
