,L2,L2_true,N,std,jump,jump_prob,ve,dim
0,2.194544820661046,2.1636225943807084,16,0.05,0.3,0.5,0.001,1
