,L2,L2_true,N,std,jump,jump_prob,ve,dim
0,2.6347135877402574,0.2906247025546307,848,0.01,0.3,0.5,0.001,1
