,L2,L2_true,N,std,jump,jump_prob,ve,dim
0,3.416706645879327,0.2403674625174054,268,0.01,0.3,0.5,0.01,1
