,L2,L2_true,N,std,jump,jump_prob,ve,dim
0,5.27673874582583,3.9684823211365354,193,0.01,0.3,0.5,0.01,3
