,L2,L2_true,N,std,jump,jump_prob,ve,dim
0,3.169889103373097,0.9266724321724588,84,0.01,0.3,0.5,0.0025,1
