,L2,L2_true,N,std,jump,jump_prob,ve,dim
0,4.201757591093222,2.796248179392024,6,0.01,0.3,0.5,0.001,3
