,L2,L2_true,N,std,jump,jump_prob,ve,dim
0,12.816456510948301,12.421059332829776,610,0.01,0.3,0.5,0.0025,3
