,L2,L2_true,N,std,jump,jump_prob,ve,dim
0,1.7311136032245202,1.7168599096485666,61,0.05,0.3,0.5,0.001,1
