,L2,L2_true,N,std,jump,jump_prob,ve,dim
0,3.6165708395370277,0.8026881874322317,2,0.01,0.3,0.5,0.01,1
