,L2,L2_true,N,std,jump,jump_prob,ve,dim
0,2.0786726251864476,2.0541343920927275,37,0.05,0.3,0.5,0.001,1
