,L2,L2_true,N,std,jump,jump_prob,ve,dim
0,5.049031190969749,3.77470379592494,16,0.01,0.3,0.5,0.0025,3
