,L2,L2_true,N,std,jump,jump_prob,ve,dim
0,1.4142431684906818,1.2529072013785731,2,0.05,0.3,0.5,0.001,1
