,L2,L2_true,N,std,jump,jump_prob,ve,dim
0,3.775422815994581,1.4671638885377687,7,0.01,0.3,0.5,0.01,1
