,L2,L2_true,N,std,jump,jump_prob,ve,dim
0,3.738863271080559,1.2203040808145655,3,0.01,0.3,0.5,0.01,1
