,L2,L2_true,N,std,jump,jump_prob,ve,dim
0,21.676195384598984,21.476813070174625,1000,0.01,0.3,0.5,0.001,3
