,L2,L2_true,N,std,jump,jump_prob,ve,dim
0,3.9614229689458442,2.0872418729422177,4,0.01,0.3,0.5,0.0025,3
