,L2,L2_true,N,std,jump,jump_prob,ve,dim
0,0.6572721112610033,0.6072983885759691,316,0.05,0.3,0.5,0.001,1
