,L2,L2_true,N,std,jump,jump_prob,ve,dim
0,3.9740822383769694,2.4663406907078587,6,0.01,0.3,0.5,0.001,1
