,L2,L2_true,N,std,jump,jump_prob,ve,dim
0,2.6068591834157147,2.6079237448501744,16,0.2,0.3,0.5,0.001,1
