,L2,L2_true,N,std,jump,jump_prob,ve,dim
0,3.660734368908311,1.8866813978998944,2,0.01,0.3,0.5,0.001,1
