,L2,L2_true,N,std,jump,jump_prob,ve,dim
0,5.451470331251392,4.344937815101873,37,0.01,0.3,0.5,0.0025,2
