,L2,L2_true,N,std,jump,jump_prob,ve,dim
0,8.471960456694703,7.784033677367846,84,0.01,0.3,0.5,0.0025,3
