,L2,L2_true,N,std,jump,jump_prob,ve,dim
0,1.5329071783468098,1.5330257788312984,71,0.2,0.3,0.5,0.001,1
