,L2,L2_true,N,std,jump,jump_prob,ve,dim
0,0.38828113489457194,0.31386120380325083,1178,0.05,0.3,0.5,0.001,1
