,L2,L2_true,N,std,jump,jump_prob,ve,dim
0,9.65971499417733,9.082807493969423,138,0.01,0.3,0.5,0.0025,3
