,L2,L2_true,N,std,jump,jump_prob,ve,dim
0,2.170673062149611,2.169959903381915,31,0.2,0.3,0.5,0.001,1
