,L2,L2_true,N,std,jump,jump_prob,ve,dim
0,10.15909382875623,9.609144454301086,163,0.01,0.3,0.5,0.0025,3
