,L2,L2_true,N,std,jump,jump_prob,ve,dim
0,3.0262758857410743,0.1196576876529466,2275,0.01,0.3,0.5,0.0025,1
