,L2,L2_true,N,std,jump,jump_prob,ve,dim
0,1.6129650414976926,1.6078804149303711,3,0.2,0.3,0.5,0.001,1
