,L2,L2_true,N,std,jump,jump_prob,ve,dim
0,3.428426910298772,0.18504319368459565,100,0.01,0.3,0.5,0.01,1
