,L2,L2_true,N,std,jump,jump_prob,ve,dim
0,0.30376656370130883,0.21388556663156408,2275,0.05,0.3,0.5,0.001,1
