,L2,L2_true,N,std,jump,jump_prob,ve,dim
0,4.598537182967843,2.939542985888098,16,0.01,0.3,0.5,0.01,3
