,L2,L2_true,N,std,jump,jump_prob,ve,dim
0,7.875012895607192,7.384647296757667,517,0.01,0.3,0.5,0.001,2
