,L2,L2_true,N,std,jump,jump_prob,ve,dim
0,3.4147022548503463,0.1745952331000116,268,0.01,0.3,0.5,0.01,1
