,L2,L2_true,N,std,jump,jump_prob,ve,dim
0,3.8961854708455683,2.61514876521965,16,0.01,0.3,0.5,0.001,1
