,L2,L2_true,N,std,jump,jump_prob,ve,dim
0,3.895874321346745,1.6229859934266868,5,0.01,0.3,0.5,0.01,1
