,L2,L2_true,N,std,jump,jump_prob,ve,dim
0,3.4020973996383725,0.06243311843810887,1930,0.01,0.3,0.5,0.01,1
