,L2,L2_true,N,std,jump,jump_prob,ve,dim
0,3.0405240043110378,0.3088414091333302,163,0.01,0.3,0.5,0.0025,1
