,L2,L2_true,N,std,jump,jump_prob,ve,dim
0,3.76405493651876,1.5559079736777301,1637,0.01,0.3,0.5,0.01,3
