,L2,L2_true,N,std,jump,jump_prob,ve,dim
0,2.0210333731434096,2.0202704395867537,6,0.2,0.3,0.5,0.001,1
