,L2,L2_true,N,std,jump,jump_prob,ve,dim
0,5.920836069745293,4.979835787456278,100,0.01,0.3,0.5,0.0025,2
