,L2,L2_true,N,std,jump,jump_prob,ve,dim
0,3.5280812414925036,0.8157707506175792,19,0.01,0.3,0.5,0.01,1
