,L2,L2_true,N,std,jump,jump_prob,ve,dim
0,5.833307014899935,4.916080434997257,138,0.01,0.3,0.5,0.0025,2
