,L2,L2_true,N,std,jump,jump_prob,ve,dim
0,0.41206848671901525,0.33339045773627324,1000,0.05,0.3,0.5,0.001,1
