,L2,L2_true,N,std,jump,jump_prob,ve,dim
0,9.7248762344021,9.129885827710424,138,0.01,0.3,0.5,0.0025,3
