,L2,L2_true,N,std,jump,jump_prob,ve,dim
0,3.1140391978059827,1.599848557364309,61,0.01,0.3,0.5,0.001,1
