,L2,L2_true,N,std,jump,jump_prob,ve,dim
0,4.117185989407813,2.114114194204832,7,0.01,0.3,0.5,0.01,3
