,L2,L2_true,N,std,jump,jump_prob,ve,dim
0,3.0730910534902356,0.5563798989552926,84,0.01,0.3,0.5,0.0025,1
