,L2,L2_true,N,std,jump,jump_prob,ve,dim
0,6.290920710935905,5.457822491167261,31,0.01,0.3,0.5,0.001,3
