,L2,L2_true,N,std,jump,jump_prob,ve,dim
0,0.9648158581788673,0.9137855840802718,163,0.05,0.3,0.5,0.001,1
