,L2,L2_true,N,std,jump,jump_prob,ve,dim
0,2.7131269944949934,0.7175807078993892,193,0.01,0.3,0.5,0.001,1
