,L2,L2_true,N,std,jump,jump_prob,ve,dim
0,5.285897748423834,4.278170276529183,227,0.01,0.3,0.5,0.0025,2
