,L2,L2_true,N,std,jump,jump_prob,ve,dim
0,1.1931619632849664,1.1879405475168354,2,0.2,0.3,0.5,0.001,1
