,L2,L2_true,N,std,jump,jump_prob,ve,dim
0,6.125874475243945,5.204379868050255,71,0.01,0.3,0.5,0.0025,2
