,L2,L2_true,N,std,jump,jump_prob,ve,dim
0,3.474376549712494,1.6917220052600537,1389,0.01,0.3,0.5,0.0025,2
