,L2,L2_true,N,std,jump,jump_prob,ve,dim
0,4.883239451735901,3.7461194447941906,13,0.01,0.3,0.5,0.001,3
