,L2,L2_true,N,std,jump,jump_prob,ve,dim
0,3.459835663413518,0.6124166866153098,610,0.01,0.3,0.5,0.01,2
