,L2,L2_true,N,std,jump,jump_prob,ve,dim
0,7.133329699748847,6.291278519286375,51,0.01,0.3,0.5,0.0025,3
