,L2,L2_true,N,std,jump,jump_prob,ve,dim
0,7.629818775013548,7.130396264504089,517,0.01,0.3,0.5,0.001,2
