,L2,L2_true,N,std,jump,jump_prob,ve,dim
0,3.8031463336467857,2.1450850448800596,3,0.01,0.3,0.5,0.001,1
