,L2,L2_true,N,std,jump,jump_prob,ve,dim
0,0.8438747164425604,0.8147150615698133,193,0.05,0.3,0.5,0.001,1
