,L2,L2_true,N,std,jump,jump_prob,ve,dim
0,2.1495820265892753,2.1472665292284105,5,0.2,0.3,0.5,0.001,1
