,L2,L2_true,N,std,jump,jump_prob,ve,dim
0,3.4715917906826532,1.688961087343926,31,0.01,0.3,0.5,0.0025,1
