,L2,L2_true,N,std,jump,jump_prob,ve,dim
0,2.8609656249445625,1.2060322477427388,100,0.01,0.3,0.5,0.001,1
