,L2,L2_true,N,std,jump,jump_prob,ve,dim
0,1.350957693237636,1.1790668367680208,1,0.05,0.3,0.5,0.001,1
