,L2,L2_true,N,std,jump,jump_prob,ve,dim
0,1.900039818012002,1.8775871268837214,37,0.05,0.3,0.5,0.001,1
