,L2,L2_true,N,std,jump,jump_prob,ve,dim
0,3.7262351690939464,1.6178750565140014,2,0.01,0.3,0.5,0.0025,2
