,L2,L2_true,N,std,jump,jump_prob,ve,dim
0,5.485934597169164,4.2532279360913074,163,0.01,0.3,0.5,0.01,3
