,L2,L2_true,N,std,jump,jump_prob,ve,dim
0,4.361081674282471,2.782150820378851,8,0.01,0.3,0.5,0.0025,3
