,L2,L2_true,N,std,jump,jump_prob,ve,dim
0,3.723958146322288,2.038069870002409,3,0.01,0.3,0.5,0.001,1
