,L2,L2_true,N,std,jump,jump_prob,ve,dim
0,5.106767387031231,4.077887177500019,316,0.01,0.3,0.5,0.0025,2
