,L2,L2_true,N,std,jump,jump_prob,ve,dim
0,3.6218101871333412,2.3072301053528963,22,0.01,0.3,0.5,0.001,1
