,L2,L2_true,N,std,jump,jump_prob,ve,dim
0,3.9721974271425715,2.504588636452993,8,0.01,0.3,0.5,0.001,1
