,L2,L2_true,N,std,jump,jump_prob,ve,dim
0,0.5592228658238867,0.5017235778756841,439,0.05,0.3,0.5,0.001,1
