,L2,L2_true,N,std,jump,jump_prob,ve,dim
0,9.161387989595172,8.535912855465446,117,0.01,0.3,0.5,0.0025,3
