,L2,L2_true,N,std,jump,jump_prob,ve,dim
0,3.6705571309403218,1.3215730002907806,138,0.01,0.3,0.5,0.01,2
