,L2,L2_true,N,std,jump,jump_prob,ve,dim
0,2.0943350431086962,1.9914467174462738,7,0.05,0.3,0.5,0.001,1
