,L2,L2_true,N,std,jump,jump_prob,ve,dim
0,3.950624032999623,2.004160994506333,1000,0.01,0.3,0.5,0.01,3
