,L2,L2_true,N,std,jump,jump_prob,ve,dim
0,2.3216348995392395,2.3037205585652876,22,0.05,0.3,0.5,0.001,1
