,L2,L2_true,N,std,jump,jump_prob,ve,dim
0,4.096195156784322,2.0834431695618565,7,0.01,0.3,0.5,0.01,3
