,L2,L2_true,N,std,jump,jump_prob,ve,dim
0,0.6164743739382775,0.616683777044207,372,0.2,0.3,0.5,0.001,1
