,L2,L2_true,N,std,jump,jump_prob,ve,dim
0,2.4834350533918426,2.44988430955337,16,0.05,0.3,0.5,0.001,1
