,L2,L2_true,N,std,jump,jump_prob,ve,dim
0,3.497669892043949,0.7332881556573969,22,0.01,0.3,0.5,0.01,1
