,L2,L2_true,N,std,jump,jump_prob,ve,dim
0,3.5882695227354673,2.3675934538361285,37,0.01,0.3,0.5,0.001,1
