,L2,L2_true,N,std,jump,jump_prob,ve,dim
0,3.8972692340188226,1.8449638868832843,1178,0.01,0.3,0.5,0.01,3
