,L2,L2_true,N,std,jump,jump_prob,ve,dim
0,4.3227008034634435,2.7198397826868566,8,0.01,0.3,0.5,0.0025,3
