,L2,L2_true,N,std,jump,jump_prob,ve,dim
0,3.0670081399572298,0.4464760856343315,138,0.01,0.3,0.5,0.0025,1
