,L2,L2_true,N,std,jump,jump_prob,ve,dim
0,4.177136575436949,2.4921981530717185,7,0.01,0.3,0.5,0.0025,2
