,L2,L2_true,N,std,jump,jump_prob,ve,dim
0,3.4139629227198545,0.07869218275129593,1389,0.01,0.3,0.5,0.01,1
