,L2,L2_true,N,std,jump,jump_prob,ve,dim
0,3.6474373595164438,1.44182263130897,2,0.01,0.3,0.5,0.0025,1
