,L2,L2_true,N,std,jump,jump_prob,ve,dim
0,11.923118594643086,11.476527951624085,316,0.01,0.3,0.5,0.0025,3
