,L2,L2_true,N,std,jump,jump_prob,ve,dim
0,3.931001384130654,2.4739606034078316,719,0.01,0.3,0.5,0.0025,2
