,L2,L2_true,N,std,jump,jump_prob,ve,dim
0,0.3063254555002327,0.20048906372556824,2275,0.05,0.3,0.5,0.001,1
