,L2,L2_true,N,std,jump,jump_prob,ve,dim
0,6.071476451793556,5.157192067709549,100,0.01,0.3,0.5,0.0025,2
