,L2,L2_true,N,std,jump,jump_prob,ve,dim
0,0.3471876851967801,0.27821916731850865,1178,0.05,0.3,0.5,0.001,1
