,L2,L2_true,N,std,jump,jump_prob,ve,dim
0,17.147792324198324,16.876047703488275,439,0.01,0.3,0.5,0.001,3
