,L2,L2_true,N,std,jump,jump_prob,ve,dim
0,1.1346931374910896,1.1346513417892572,138,0.2,0.3,0.5,0.001,1
