,L2,L2_true,N,std,jump,jump_prob,ve,dim
0,2.546704454585893,2.520370580378321,22,0.05,0.3,0.5,0.001,1
