,L2,L2_true,N,std,jump,jump_prob,ve,dim
0,2.2132407172168267,2.21438837543982,10,0.2,0.3,0.5,0.001,1
