,L2,L2_true,N,std,jump,jump_prob,ve,dim
0,2.1459056080083085,2.060398422789084,7,0.05,0.3,0.5,0.001,1
