,L2,L2_true,N,std,jump,jump_prob,ve,dim
0,3.837364611132153,2.3415771786082336,13,0.01,0.3,0.5,0.001,1
