,L2,L2_true,N,std,jump,jump_prob,ve,dim
0,0.6589349210716664,0.659358683135898,372,0.2,0.3,0.5,0.001,1
