,L2,L2_true,N,std,jump,jump_prob,ve,dim
0,3.7833594499080285,1.7346119278959526,3,0.01,0.3,0.5,0.0025,2
