,L2,L2_true,N,std,jump,jump_prob,ve,dim
0,2.286528880247622,2.2590785155473987,11,0.05,0.3,0.5,0.001,1
