,L2,L2_true,N,std,jump,jump_prob,ve,dim
0,12.424429890737542,11.993225148677785,439,0.01,0.3,0.5,0.0025,3
