,L2,L2_true,N,std,jump,jump_prob,ve,dim
0,3.4157251895752814,0.15906296495377653,316,0.01,0.3,0.5,0.01,1
