,L2,L2_true,N,std,jump,jump_prob,ve,dim
0,4.21871526537171,2.5654042967075017,8,0.01,0.3,0.5,0.0025,2
