,L2,L2_true,N,std,jump,jump_prob,ve,dim
0,3.4168129054264655,0.15782517171477697,316,0.01,0.3,0.5,0.01,1
