,L2,L2_true,N,std,jump,jump_prob,ve,dim
0,3.414065903450389,0.06133400693783502,1930,0.01,0.3,0.5,0.01,1
