,L2,L2_true,N,std,jump,jump_prob,ve,dim
0,3.8064256318929233,2.2919312199346997,848,0.01,0.3,0.5,0.0025,2
