,L2,L2_true,N,std,jump,jump_prob,ve,dim
0,6.300879805512611,5.49042259202775,37,0.01,0.3,0.5,0.001,2
