,L2,L2_true,N,std,jump,jump_prob,ve,dim
0,5.250878937384621,4.535631948340145,1389,0.01,0.3,0.5,0.001,2
