,L2,L2_true,N,std,jump,jump_prob,ve,dim
0,3.6144335600458075,1.8021148480012077,1,0.01,0.3,0.5,0.001,1
