,L2,L2_true,N,std,jump,jump_prob,ve,dim
0,12.501162991968398,12.072746067112481,517,0.01,0.3,0.5,0.0025,3
