,L2,L2_true,N,std,jump,jump_prob,ve,dim
0,2.3841394072502933,2.331821768358692,10,0.05,0.3,0.5,0.001,1
