,L2,L2_true,N,std,jump,jump_prob,ve,dim
0,5.396174001768442,4.141659767772808,163,0.01,0.3,0.5,0.01,3
