,L2,L2_true,N,std,jump,jump_prob,ve,dim
0,5.563302918298435,4.333305901702603,84,0.01,0.3,0.5,0.01,3
