,L2,L2_true,N,std,jump,jump_prob,ve,dim
0,2.6196600877749523,2.5934613600814322,10,0.05,0.3,0.5,0.001,1
