,L2,L2_true,N,std,jump,jump_prob,ve,dim
0,3.538297038559421,0.9198578035829973,268,0.01,0.3,0.5,0.01,2
