,L2,L2_true,N,std,jump,jump_prob,ve,dim
0,12.582769501884655,12.189610500402717,193,0.01,0.3,0.5,0.001,3
