,L2,L2_true,N,std,jump,jump_prob,ve,dim
0,1.31707554872775,1.3169625662032465,100,0.2,0.3,0.5,0.001,1
