,L2,L2_true,N,std,jump,jump_prob,ve,dim
0,13.513751718285082,13.157956896019678,227,0.01,0.3,0.5,0.001,3
