,L2,L2_true,N,std,jump,jump_prob,ve,dim
0,3.8647410566935934,2.2364079730626,3,0.01,0.3,0.5,0.001,3
