,L2,L2_true,N,std,jump,jump_prob,ve,dim
0,2.6265925476673626,0.18023038553572554,2275,0.01,0.3,0.5,0.001,1
