,L2,L2_true,N,std,jump,jump_prob,ve,dim
0,3.407285972049366,0.09199149772638485,517,0.01,0.3,0.5,0.01,1
