,L2,L2_true,N,std,jump,jump_prob,ve,dim
0,3.3244334118458894,1.212608309601946,37,0.01,0.3,0.5,0.0025,1
