,L2,L2_true,N,std,jump,jump_prob,ve,dim
0,8.55134208566232,8.025847116989699,163,0.01,0.3,0.5,0.001,2
