,L2,L2_true,N,std,jump,jump_prob,ve,dim
0,12.36583062165661,11.950455298318387,517,0.01,0.3,0.5,0.0025,3
