,L2,L2_true,N,std,jump,jump_prob,ve,dim
0,4.574252561072797,3.3412300866947837,11,0.01,0.3,0.5,0.001,2
