,L2,L2_true,N,std,jump,jump_prob,ve,dim
0,8.489023481442507,7.992198997823229,227,0.01,0.3,0.5,0.001,2
