,L2,L2_true,N,std,jump,jump_prob,ve,dim
0,3.960370894364019,2.079903038708241,4,0.01,0.3,0.5,0.0025,3
