,L2,L2_true,N,std,jump,jump_prob,ve,dim
0,3.038984329171431,0.11806249282856013,2275,0.01,0.3,0.5,0.0025,1
