,L2,L2_true,N,std,jump,jump_prob,ve,dim
0,5.315955562581393,4.617411109079469,1389,0.01,0.3,0.5,0.001,2
