,L2,L2_true,N,std,jump,jump_prob,ve,dim
0,2.1961469320617177,2.195722835709939,16,0.2,0.3,0.5,0.001,1
