,L2,L2_true,N,std,jump,jump_prob,ve,dim
0,3.4433691101364587,0.46586601875283484,1000,0.01,0.3,0.5,0.01,2
