,L2,L2_true,N,std,jump,jump_prob,ve,dim
0,2.6172973779564797,0.24032537385111183,1178,0.01,0.3,0.5,0.001,1
