,L2,L2_true,N,std,jump,jump_prob,ve,dim
0,0.7968465992957683,0.7808142486627565,227,0.05,0.3,0.5,0.001,1
