,L2,L2_true,N,std,jump,jump_prob,ve,dim
0,3.450111137258335,0.47194746725977177,1000,0.01,0.3,0.5,0.01,2
