,L2,L2_true,N,std,jump,jump_prob,ve,dim
0,4.40481984304928,3.07477993925569,8,0.01,0.3,0.5,0.001,3
