,L2,L2_true,N,std,jump,jump_prob,ve,dim
0,6.92121204814887,6.374126999178634,719,0.01,0.3,0.5,0.001,2
