,L2,L2_true,N,std,jump,jump_prob,ve,dim
0,0.5394055567274693,0.4909612554725832,610,0.05,0.3,0.5,0.001,1
