,L2,L2_true,N,std,jump,jump_prob,ve,dim
0,4.019450733837576,1.9446528871018849,7,0.01,0.3,0.5,0.01,2
