,L2,L2_true,N,std,jump,jump_prob,ve,dim
0,2.2230645096405603,2.237746754720166,51,0.05,0.3,0.5,0.001,1
