,L2,L2_true,N,std,jump,jump_prob,ve,dim
0,11.15052920239787,10.708822970813777,138,0.01,0.3,0.5,0.001,3
