,L2,L2_true,N,std,jump,jump_prob,ve,dim
0,2.6787619096303277,2.678141595665169,19,0.2,0.3,0.5,0.001,1
