,L2,L2_true,N,std,jump,jump_prob,ve,dim
0,3.4479647534485895,0.5001478777553791,51,0.01,0.3,0.5,0.01,1
