,L2,L2_true,N,std,jump,jump_prob,ve,dim
0,3.5487122623144476,1.834665191751487,1178,0.01,0.3,0.5,0.0025,2
