,L2,L2_true,N,std,jump,jump_prob,ve,dim
0,2.6254906887489815,0.19851142976855957,1930,0.01,0.3,0.5,0.001,1
