,L2,L2_true,N,std,jump,jump_prob,ve,dim
0,3.5153952492611706,1.7444600432408084,1389,0.01,0.3,0.5,0.0025,2
