,L2,L2_true,N,std,jump,jump_prob,ve,dim
0,6.019570493852489,5.108944610490052,117,0.01,0.3,0.5,0.0025,2
