,L2,L2_true,N,std,jump,jump_prob,ve,dim
0,4.6208160859669825,3.4090149288700786,10,0.01,0.3,0.5,0.001,3
