,L2,L2_true,N,std,jump,jump_prob,ve,dim
0,3.4172851611366033,0.0584046229483599,1637,0.01,0.3,0.5,0.01,1
