,L2,L2_true,N,std,jump,jump_prob,ve,dim
0,4.096398929306023,2.631834432128446,5,0.01,0.3,0.5,0.001,3
