,L2,L2_true,N,std,jump,jump_prob,ve,dim
0,1.8061010115335163,1.8063077372910359,71,0.2,0.3,0.5,0.001,1
