,L2,L2_true,N,std,jump,jump_prob,ve,dim
0,3.2702449037163825,2.015165065540059,84,0.01,0.3,0.5,0.001,1
