,L2,L2_true,N,std,jump,jump_prob,ve,dim
0,0.9871927272720321,0.9872823197342557,163,0.2,0.3,0.5,0.001,1
