,L2,L2_true,N,std,jump,jump_prob,ve,dim
0,6.099900358179432,5.169815305726429,71,0.01,0.3,0.5,0.0025,2
