,L2,L2_true,N,std,jump,jump_prob,ve,dim
0,3.03769639880165,0.11126148203446595,2682,0.01,0.3,0.5,0.0025,1
