,L2,L2_true,N,std,jump,jump_prob,ve,dim
0,3.6388697183340573,1.7232254825650046,13,0.01,0.3,0.5,0.0025,1
