,L2,L2_true,N,std,jump,jump_prob,ve,dim
0,3.0265258468169236,0.083139127337475,3162,0.01,0.3,0.5,0.0025,1
