,L2,L2_true,N,std,jump,jump_prob,ve,dim
0,8.970693974981376,8.502912421922431,227,0.01,0.3,0.5,0.001,2
