,L2,L2_true,N,std,jump,jump_prob,ve,dim
0,3.7398822456167427,2.181130843885098,848,0.01,0.3,0.5,0.0025,2
