,L2,L2_true,N,std,jump,jump_prob,ve,dim
0,4.081633460885575,2.6054674439539562,5,0.01,0.3,0.5,0.001,3
