,L2,L2_true,N,std,jump,jump_prob,ve,dim
0,3.0358772902001183,0.2773718265764298,439,0.01,0.3,0.5,0.0025,1
