,L2,L2_true,N,std,jump,jump_prob,ve,dim
0,4.032679157151221,2.655392965417973,10,0.01,0.3,0.5,0.001,1
