,L2,L2_true,N,std,jump,jump_prob,ve,dim
0,3.90481863188178,1.857576154496661,1178,0.01,0.3,0.5,0.01,3
