,L2,L2_true,N,std,jump,jump_prob,ve,dim
0,3.974655041377278,2.0391000904686383,1000,0.01,0.3,0.5,0.01,3
