,L2,L2_true,N,std,jump,jump_prob,ve,dim
0,3.8054296097001994,2.3028366899028305,848,0.01,0.3,0.5,0.0025,2
