,L2,L2_true,N,std,jump,jump_prob,ve,dim
0,5.004899862316592,3.735985445961829,22,0.01,0.3,0.5,0.0025,2
