,L2,L2_true,N,std,jump,jump_prob,ve,dim
0,4.683795785869032,3.257062605659721,13,0.01,0.3,0.5,0.0025,2
