,L2,L2_true,N,std,jump,jump_prob,ve,dim
0,2.237221020807015,2.237149379145939,7,0.2,0.3,0.5,0.001,1
