,L2,L2_true,N,std,jump,jump_prob,ve,dim
0,11.978142598986473,11.563011737869507,1178,0.01,0.3,0.5,0.0025,3
