,L2,L2_true,N,std,jump,jump_prob,ve,dim
0,12.395714206356457,11.988156344857986,848,0.01,0.3,0.5,0.0025,3
