,L2,L2_true,N,std,jump,jump_prob,ve,dim
0,5.20165178355544,3.8430108732223376,37,0.01,0.3,0.5,0.01,3
