,L2,L2_true,N,std,jump,jump_prob,ve,dim
0,24.059027932500037,23.875329179629713,2275,0.01,0.3,0.5,0.001,3
