,L2,L2_true,N,std,jump,jump_prob,ve,dim
0,3.4455672024909862,0.45104945072086616,1000,0.01,0.3,0.5,0.01,2
