,L2,L2_true,N,std,jump,jump_prob,ve,dim
0,5.594298576662872,4.368306518530829,100,0.01,0.3,0.5,0.01,3
