,L2,L2_true,N,std,jump,jump_prob,ve,dim
0,3.249315964103114,1.1349917919664865,3000,0.01,0.3,0.5,0.0025,2
