,L2,L2_true,N,std,jump,jump_prob,ve,dim
0,5.815516895319005,4.872888127500263,138,0.01,0.3,0.5,0.0025,2
