,L2,L2_true,N,std,jump,jump_prob,ve,dim
0,3.3675942300270627,1.438480641294144,1930,0.01,0.3,0.5,0.0025,2
