,L2,L2_true,N,std,jump,jump_prob,ve,dim
0,3.634676879557236,0.7448170447623941,1,0.01,0.3,0.5,0.01,1
