,L2,L2_true,N,std,jump,jump_prob,ve,dim
0,4.568492852989467,3.3158252356616322,10,0.01,0.3,0.5,0.001,2
