,L2,L2_true,N,std,jump,jump_prob,ve,dim
0,0.8909162086039626,0.8504121014523355,193,0.05,0.3,0.5,0.001,1
