,L2,L2_true,N,std,jump,jump_prob,ve,dim
0,6.144538966000736,5.251142735153627,84,0.01,0.3,0.5,0.0025,2
