,L2,L2_true,N,std,jump,jump_prob,ve,dim
0,5.490339169825619,4.233763558859586,71,0.01,0.3,0.5,0.01,3
