,L2,L2_true,N,std,jump,jump_prob,ve,dim
0,3.5497244759997,0.9257766109770614,268,0.01,0.3,0.5,0.01,2
