,L2,L2_true,N,std,jump,jump_prob,ve,dim
0,1.2072681613045348,1.207254913839303,100,0.2,0.3,0.5,0.001,1
