,L2,L2_true,N,std,jump,jump_prob,ve,dim
0,3.893673081211973,1.8686032643454296,1178,0.01,0.3,0.5,0.01,3
