,L2,L2_true,N,std,jump,jump_prob,ve,dim
0,21.96604021451121,21.767382105747078,1000,0.01,0.3,0.5,0.001,3
