,L2,L2_true,N,std,jump,jump_prob,ve,dim
0,3.7446280985853604,1.7748030736545095,7,0.01,0.3,0.5,0.0025,1
