,L2,L2_true,N,std,jump,jump_prob,ve,dim
0,0.4927831874503412,0.40268705929963555,719,0.05,0.3,0.5,0.001,1
