,L2,L2_true,N,std,jump,jump_prob,ve,dim
0,6.156615791678702,5.154879924289867,31,0.01,0.3,0.5,0.0025,3
