,L2,L2_true,N,std,jump,jump_prob,ve,dim
0,3.0333462392108137,0.22574761847234098,517,0.01,0.3,0.5,0.0025,1
