,L2,L2_true,N,std,jump,jump_prob,ve,dim
0,5.39946407032256,4.129605179023166,117,0.01,0.3,0.5,0.01,3
