,L2,L2_true,N,std,jump,jump_prob,ve,dim
0,4.662201431873236,3.1547667745760153,372,0.01,0.3,0.5,0.01,3
