,L2,L2_true,N,std,jump,jump_prob,ve,dim
0,10.5047742684611,10.036346162026483,117,0.01,0.3,0.5,0.001,3
