,L2,L2_true,N,std,jump,jump_prob,ve,dim
0,3.5187370740616037,0.8322276290657112,316,0.01,0.3,0.5,0.01,2
