,L2,L2_true,N,std,jump,jump_prob,ve,dim
0,3.4455588425166885,0.44568640918691854,31,0.01,0.3,0.5,0.01,1
