,L2,L2_true,N,std,jump,jump_prob,ve,dim
0,5.85129895627904,4.79610150606914,26,0.01,0.3,0.5,0.0025,3
