,L2,L2_true,N,std,jump,jump_prob,ve,dim
0,2.636883947054631,0.3098633323899127,1000,0.01,0.3,0.5,0.001,1
