,L2,L2_true,N,std,jump,jump_prob,ve,dim
0,5.217137767024633,4.511997436481997,1389,0.01,0.3,0.5,0.001,2
