,L2,L2_true,N,std,jump,jump_prob,ve,dim
0,3.5548963592671945,0.8325379104854271,11,0.01,0.3,0.5,0.01,1
