,L2,L2_true,N,std,jump,jump_prob,ve,dim
0,4.071664573534689,2.602510070453072,5,0.01,0.3,0.5,0.001,2
