,L2,L2_true,N,std,jump,jump_prob,ve,dim
0,11.009848343257156,10.573173639695673,1930,0.01,0.3,0.5,0.0025,3
