,L2,L2_true,N,std,jump,jump_prob,ve,dim
0,5.949037526269057,5.066992325266153,31,0.01,0.3,0.5,0.001,2
