,L2,L2_true,N,std,jump,jump_prob,ve,dim
0,3.748558310237945,2.3422500953811762,22,0.01,0.3,0.5,0.001,1
