,L2,L2_true,N,std,jump,jump_prob,ve,dim
0,7.056830714131746,6.3217280006662255,43,0.01,0.3,0.5,0.001,3
