,L2,L2_true,N,std,jump,jump_prob,ve,dim
0,4.7654951656265405,3.629555019906225,316,0.01,0.3,0.5,0.0025,2
