,L2,L2_true,N,std,jump,jump_prob,ve,dim
0,2.4637708445753344,2.4649395070394595,22,0.2,0.3,0.5,0.001,1
