,L2,L2_true,N,std,jump,jump_prob,ve,dim
0,2.618755040168456,0.20027102778985184,2275,0.01,0.3,0.5,0.001,1
