,L2,L2_true,N,std,jump,jump_prob,ve,dim
0,3.48219100746638,2.1597698918245563,37,0.01,0.3,0.5,0.001,1
