,L2,L2_true,N,std,jump,jump_prob,ve,dim
0,3.7713397198421292,1.5755421982281324,117,0.01,0.3,0.5,0.01,2
