,L2,L2_true,N,std,jump,jump_prob,ve,dim
0,11.084865951834301,10.642375055419576,1930,0.01,0.3,0.5,0.0025,3
