,L2,L2_true,N,std,jump,jump_prob,ve,dim
0,3.4050848035787995,0.09729908487390058,517,0.01,0.3,0.5,0.01,1
