,L2,L2_true,N,std,jump,jump_prob,ve,dim
0,21.166711450119475,20.95627550510467,848,0.01,0.3,0.5,0.001,3
