,L2,L2_true,N,std,jump,jump_prob,ve,dim
0,3.981838642736045,1.8692978501838615,11,0.01,0.3,0.5,0.01,1
