,L2,L2_true,N,std,jump,jump_prob,ve,dim
0,6.9499406354681765,6.385741107585255,610,0.01,0.3,0.5,0.001,2
