,L2,L2_true,N,std,jump,jump_prob,ve,dim
0,3.980172553831335,2.018409306954019,1000,0.01,0.3,0.5,0.01,3
