,L2,L2_true,N,std,jump,jump_prob,ve,dim
0,2.2798947576792856,2.2789756804395593,22,0.2,0.3,0.5,0.001,1
