,L2,L2_true,N,std,jump,jump_prob,ve,dim
0,5.340975438226071,4.3158269127704045,19,0.01,0.3,0.5,0.001,2
