,L2,L2_true,N,std,jump,jump_prob,ve,dim
0,8.035686976341179,7.3107900654247215,71,0.01,0.3,0.5,0.0025,3
