,L2,L2_true,N,std,jump,jump_prob,ve,dim
0,3.9703873314974243,2.4355871992324136,4,0.01,0.3,0.5,0.001,3
