,L2,L2_true,N,std,jump,jump_prob,ve,dim
0,18.289125809632246,18.04202196166244,517,0.01,0.3,0.5,0.001,3
