,L2,L2_true,N,std,jump,jump_prob,ve,dim
0,3.716896103297022,1.9996627544125014,2,0.01,0.3,0.5,0.001,3
