,L2,L2_true,N,std,jump,jump_prob,ve,dim
0,2.4267060300087686,2.4263435212276354,16,0.2,0.3,0.5,0.001,1
