,L2,L2_true,N,std,jump,jump_prob,ve,dim
0,3.526625429655609,0.8665878831601175,13,0.01,0.3,0.5,0.01,1
