,L2,L2_true,N,std,jump,jump_prob,ve,dim
0,0.5956367787980681,0.5437580584368679,439,0.05,0.3,0.5,0.001,1
