,L2,L2_true,N,std,jump,jump_prob,ve,dim
0,2.7797126170160076,2.778809408196301,19,0.2,0.3,0.5,0.001,1
