,L2,L2_true,N,std,jump,jump_prob,ve,dim
0,2.878465267367543,1.2762594146550266,100,0.01,0.3,0.5,0.001,1
