,L2,L2_true,N,std,jump,jump_prob,ve,dim
0,3.7053483242103233,1.6123278777916146,11,0.01,0.3,0.5,0.0025,1
