,L2,L2_true,N,std,jump,jump_prob,ve,dim
0,0.5060402016110251,0.44530527672402276,517,0.05,0.3,0.5,0.001,1
