,L2,L2_true,N,std,jump,jump_prob,ve,dim
0,0.7440414799173402,0.6852017856700865,268,0.05,0.3,0.5,0.001,1
