,L2,L2_true,N,std,jump,jump_prob,ve,dim
0,3.043691442889633,0.23064465490609645,848,0.01,0.3,0.5,0.0025,1
