,L2,L2_true,N,std,jump,jump_prob,ve,dim
0,4.582029454467167,3.0952244568201204,10,0.01,0.3,0.5,0.0025,3
