,L2,L2_true,N,std,jump,jump_prob,ve,dim
0,4.104456142722474,2.33543735381775,5,0.01,0.3,0.5,0.0025,3
