,L2,L2_true,N,std,jump,jump_prob,ve,dim
0,3.2842443666875036,1.2471367981142523,51,0.01,0.3,0.5,0.0025,1
