,L2,L2_true,N,std,jump,jump_prob,ve,dim
0,3.9469721529853654,2.4121465572836653,4,0.01,0.3,0.5,0.001,2
