,L2,L2_true,N,std,jump,jump_prob,ve,dim
0,3.4321146547892503,0.41375346737417285,37,0.01,0.3,0.5,0.01,1
