,L2,L2_true,N,std,jump,jump_prob,ve,dim
0,0.5672864953596599,0.5303592134601894,372,0.05,0.3,0.5,0.001,1
