,L2,L2_true,N,std,jump,jump_prob,ve,dim
0,3.4866231242082835,0.6523952889347107,517,0.01,0.3,0.5,0.01,2
