,L2,L2_true,N,std,jump,jump_prob,ve,dim
0,5.561496588975145,4.894698347055946,1178,0.01,0.3,0.5,0.001,2
