,L2,L2_true,N,std,jump,jump_prob,ve,dim
0,3.7994083486570185,2.7269037150123,43,0.01,0.3,0.5,0.001,1
