,L2,L2_true,N,std,jump,jump_prob,ve,dim
0,9.219855069730693,8.604238676240477,117,0.01,0.3,0.5,0.0025,3
