,L2,L2_true,N,std,jump,jump_prob,ve,dim
0,3.0343190664395525,0.17920209494926978,1000,0.01,0.3,0.5,0.0025,1
