,L2,L2_true,N,std,jump,jump_prob,ve,dim
0,3.8355186021085,1.4800833916014464,4,0.01,0.3,0.5,0.01,2
