,L2,L2_true,N,std,jump,jump_prob,ve,dim
0,4.340418455137796,2.6556315415612444,610,0.01,0.3,0.5,0.01,3
