,L2,L2_true,N,std,jump,jump_prob,ve,dim
0,1.7115109442564274,1.5869909777963678,4,0.05,0.3,0.5,0.001,1
