,L2,L2_true,N,std,jump,jump_prob,ve,dim
0,4.811755173264064,3.358326326395355,316,0.01,0.3,0.5,0.01,3
