,L2,L2_true,N,std,jump,jump_prob,ve,dim
0,4.1793258432414095,2.3953382020753513,719,0.01,0.3,0.5,0.01,3
