,L2,L2_true,N,std,jump,jump_prob,ve,dim
0,1.6862059444210735,1.6271625434452202,61,0.05,0.3,0.5,0.001,1
