,L2,L2_true,N,std,jump,jump_prob,ve,dim
0,3.5083349360237133,0.8223699244381122,19,0.01,0.3,0.5,0.01,1
