,L2,L2_true,N,std,jump,jump_prob,ve,dim
0,2.7445177639389335,0.7960140619505108,138,0.01,0.3,0.5,0.001,1
