,L2,L2_true,N,std,jump,jump_prob,ve,dim
0,3.9618514650845307,2.0855769892503524,4,0.01,0.3,0.5,0.0025,3
