,L2,L2_true,N,std,jump,jump_prob,ve,dim
0,3.41783492975007,0.1786054998283806,193,0.01,0.3,0.5,0.01,1
