,L2,L2_true,N,std,jump,jump_prob,ve,dim
0,0.4526567322645323,0.4514599942997952,610,0.05,0.3,0.5,0.001,1
