,L2,L2_true,N,std,jump,jump_prob,ve,dim
0,1.3487693686351507,1.177503470464916,1,0.05,0.3,0.5,0.001,1
