,L2,L2_true,N,std,jump,jump_prob,ve,dim
0,9.12826552055438,8.506590678409555,117,0.01,0.3,0.5,0.0025,3
