,L2,L2_true,N,std,jump,jump_prob,ve,dim
0,3.549626364193026,0.8649936400743709,22,0.01,0.3,0.5,0.01,1
