,L2,L2_true,N,std,jump,jump_prob,ve,dim
0,5.315243274772475,4.050485719666027,163,0.01,0.3,0.5,0.01,3
