,L2,L2_true,N,std,jump,jump_prob,ve,dim
0,4.5637927990962455,3.0686215441214983,10,0.01,0.3,0.5,0.0025,3
