,L2,L2_true,N,std,jump,jump_prob,ve,dim
0,3.79583292812329,1.5565820540718296,7,0.01,0.3,0.5,0.01,1
