,L2,L2_true,N,std,jump,jump_prob,ve,dim
0,3.8194828462133357,1.8216942394859066,3,0.01,0.3,0.5,0.0025,2
