,L2,L2_true,N,std,jump,jump_prob,ve,dim
0,0.35998483136040144,0.2971841041482762,1389,0.05,0.3,0.5,0.001,1
