,L2,L2_true,N,std,jump,jump_prob,ve,dim
0,3.973878682457093,2.4374671147406426,4,0.01,0.3,0.5,0.001,3
