,L2,L2_true,N,std,jump,jump_prob,ve,dim
0,3.024218686585598,0.08840215317752152,2275,0.01,0.3,0.5,0.0025,1
