,L2,L2_true,N,std,jump,jump_prob,ve,dim
0,3.0310480358858376,0.1486887969478438,1178,0.01,0.3,0.5,0.0025,1
