,L2,L2_true,N,std,jump,jump_prob,ve,dim
0,0.33624507658188385,0.33591973780383527,1178,0.2,0.3,0.5,0.001,1
