,L2,L2_true,N,std,jump,jump_prob,ve,dim
0,2.2183244144915024,2.217158385884376,10,0.2,0.3,0.5,0.001,1
