,L2,L2_true,N,std,jump,jump_prob,ve,dim
0,0.344100306724101,0.2615294466331599,1637,0.05,0.3,0.5,0.001,1
