,L2,L2_true,N,std,jump,jump_prob,ve,dim
0,3.666848916511652,1.3118264986830264,138,0.01,0.3,0.5,0.01,2
