,L2,L2_true,N,std,jump,jump_prob,ve,dim
0,3.642327535514014,0.9363418274468847,6,0.01,0.3,0.5,0.01,1
