,L2,L2_true,N,std,jump,jump_prob,ve,dim
0,3.4336927042088257,0.4001365536634557,1178,0.01,0.3,0.5,0.01,2
