,L2,L2_true,N,std,jump,jump_prob,ve,dim
0,12.254336679588144,11.861514699296997,1389,0.01,0.3,0.5,0.0025,3
