,L2,L2_true,N,std,jump,jump_prob,ve,dim
0,3.6129027263199545,1.801791933524482,1,0.01,0.3,0.5,0.001,1
