,L2,L2_true,N,std,jump,jump_prob,ve,dim
0,1.8575404109776048,1.7403355701166052,3,0.05,0.3,0.5,0.001,1
