,L2,L2_true,N,std,jump,jump_prob,ve,dim
0,5.670521339250236,4.7290248700567235,22,0.01,0.3,0.5,0.001,3
