,L2,L2_true,N,std,jump,jump_prob,ve,dim
0,2.6208547794509434,0.29043866929740486,719,0.01,0.3,0.5,0.001,1
