,L2,L2_true,N,std,jump,jump_prob,ve,dim
0,4.263574414733958,2.4607306921872443,26,0.01,0.3,0.5,0.01,2
