,L2,L2_true,N,std,jump,jump_prob,ve,dim
0,5.300014983317606,4.00910813922437,138,0.01,0.3,0.5,0.01,3
