,L2,L2_true,N,std,jump,jump_prob,ve,dim
0,3.648405369409992,1.855536446845304,2,0.01,0.3,0.5,0.001,1
