,L2,L2_true,N,std,jump,jump_prob,ve,dim
0,11.177704631736274,10.737430706777646,138,0.01,0.3,0.5,0.001,3
