,L2,L2_true,N,std,jump,jump_prob,ve,dim
0,1.532468275784107,1.3925295757974632,2,0.05,0.3,0.5,0.001,1
