,L2,L2_true,N,std,jump,jump_prob,ve,dim
0,3.627133109456529,1.0068290493292928,6,0.01,0.3,0.5,0.01,1
