,L2,L2_true,N,std,jump,jump_prob,ve,dim
0,4.018624835644383,2.6419672831524625,13,0.01,0.3,0.5,0.001,1
