,L2,L2_true,N,std,jump,jump_prob,ve,dim
0,5.106659518606673,3.773688106427346,227,0.01,0.3,0.5,0.01,3
