,L2,L2_true,N,std,jump,jump_prob,ve,dim
0,13.0571841435542,12.674186468601025,610,0.01,0.3,0.5,0.0025,3
