,L2,L2_true,N,std,jump,jump_prob,ve,dim
0,1.6054014090923734,1.4681535158645223,3,0.05,0.3,0.5,0.001,1
