,L2,L2_true,N,std,jump,jump_prob,ve,dim
0,7.246088793454895,6.539583601280047,43,0.01,0.3,0.5,0.001,3
