,L2,L2_true,N,std,jump,jump_prob,ve,dim
0,3.840092939924486,2.2195720185531957,3,0.01,0.3,0.5,0.001,2
