,L2,L2_true,N,std,jump,jump_prob,ve,dim
0,2.1178779932294884,2.118190125203488,43,0.2,0.3,0.5,0.001,1
