,L2,L2_true,N,std,jump,jump_prob,ve,dim
0,4.441893530565211,3.229073479891613,439,0.01,0.3,0.5,0.0025,2
