,L2,L2_true,N,std,jump,jump_prob,ve,dim
0,4.928440886538636,3.7856370305149665,13,0.01,0.3,0.5,0.001,3
