,L2,L2_true,N,std,jump,jump_prob,ve,dim
0,2.567472907668337,2.5680880859259525,22,0.2,0.3,0.5,0.001,1
