,L2,L2_true,N,std,jump,jump_prob,ve,dim
0,3.4641017078409715,0.5864975420485214,610,0.01,0.3,0.5,0.01,2
