,L2,L2_true,N,std,jump,jump_prob,ve,dim
0,7.98196371614064,7.253195241958396,71,0.01,0.3,0.5,0.0025,3
