,L2,L2_true,N,std,jump,jump_prob,ve,dim
0,4.906041627199848,3.417264937635249,26,0.01,0.3,0.5,0.01,3
