,L2,L2_true,N,std,jump,jump_prob,ve,dim
0,3.1235564021833575,0.7852013522708072,61,0.01,0.3,0.5,0.0025,1
