,L2,L2_true,N,std,jump,jump_prob,ve,dim
0,8.597374292790086,8.076389020698004,163,0.01,0.3,0.5,0.001,2
