,L2,L2_true,N,std,jump,jump_prob,ve,dim
0,2.681064470562919,0.6257855895062414,268,0.01,0.3,0.5,0.001,1
