,L2,L2_true,N,std,jump,jump_prob,ve,dim
0,5.467023552308775,4.233105634079128,138,0.01,0.3,0.5,0.01,3
