,L2,L2_true,N,std,jump,jump_prob,ve,dim
0,10.6525139722689,10.129932522684518,193,0.01,0.3,0.5,0.0025,3
