,L2,L2_true,N,std,jump,jump_prob,ve,dim
0,2.6398251689747525,0.34807113603587875,610,0.01,0.3,0.5,0.001,1
