,L2,L2_true,N,std,jump,jump_prob,ve,dim
0,3.025029990566508,0.165014635476814,1178,0.01,0.3,0.5,0.0025,1
