,L2,L2_true,N,std,jump,jump_prob,ve,dim
0,3.0680551515577337,0.5052569848213321,163,0.01,0.3,0.5,0.0025,1
