,L2,L2_true,N,std,jump,jump_prob,ve,dim
0,5.7700838020694425,5.133444393202617,1178,0.01,0.3,0.5,0.001,2
