,L2,L2_true,N,std,jump,jump_prob,ve,dim
0,12.605843256068635,12.205032833400686,848,0.01,0.3,0.5,0.0025,3
