,L2,L2_true,N,std,jump,jump_prob,ve,dim
0,3.9068351110328527,1.9863316486333809,4,0.01,0.3,0.5,0.0025,2
