,L2,L2_true,N,std,jump,jump_prob,ve,dim
0,3.4155049899417325,0.08435571262076413,610,0.01,0.3,0.5,0.01,1
