,L2,L2_true,N,std,jump,jump_prob,ve,dim
0,4.062263588074035,2.383611508085114,11,0.01,0.3,0.5,0.0025,1
