,L2,L2_true,N,std,jump,jump_prob,ve,dim
0,4.224506165730222,2.315976714438669,7,0.01,0.3,0.5,0.01,3
