,L2,L2_true,N,std,jump,jump_prob,ve,dim
0,12.030180444507593,11.619784305530892,163,0.01,0.3,0.5,0.001,3
