,L2,L2_true,N,std,jump,jump_prob,ve,dim
0,5.887960396117261,5.244949614444733,1000,0.01,0.3,0.5,0.001,2
