,L2,L2_true,N,std,jump,jump_prob,ve,dim
0,3.815933337825418,1.7057572128167293,1389,0.01,0.3,0.5,0.01,3
