,L2,L2_true,N,std,jump,jump_prob,ve,dim
0,2.6180043819527485,0.27892505360918374,1000,0.01,0.3,0.5,0.001,1
