,L2,L2_true,N,std,jump,jump_prob,ve,dim
0,3.442260390298795,0.3856884833154601,71,0.01,0.3,0.5,0.01,1
