,L2,L2_true,N,std,jump,jump_prob,ve,dim
0,4.03854350290701,2.5365158901563003,5,0.01,0.3,0.5,0.001,2
