,L2,L2_true,N,std,jump,jump_prob,ve,dim
0,5.771808277436709,4.864713434578488,163,0.01,0.3,0.5,0.0025,2
