,L2,L2_true,N,std,jump,jump_prob,ve,dim
0,9.030113968709362,8.471571680302121,84,0.01,0.3,0.5,0.001,3
