,L2,L2_true,N,std,jump,jump_prob,ve,dim
0,3.042899038586813,0.10257007860637567,2275,0.01,0.3,0.5,0.0025,1
