,L2,L2_true,N,std,jump,jump_prob,ve,dim
0,3.4131629812510518,0.07087014290806568,517,0.01,0.3,0.5,0.01,1
