,L2,L2_true,N,std,jump,jump_prob,ve,dim
0,2.0744447940424395,2.07439173777099,26,0.2,0.3,0.5,0.001,1
