,L2,L2_true,N,std,jump,jump_prob,ve,dim
0,3.4207713175780308,0.12957138679845434,227,0.01,0.3,0.5,0.01,1
