,L2,L2_true,N,std,jump,jump_prob,ve,dim
0,3.419757849631686,0.05367682419610023,1930,0.01,0.3,0.5,0.01,1
