,L2,L2_true,N,std,jump,jump_prob,ve,dim
0,2.131101748798393,2.046811664339154,6,0.05,0.3,0.5,0.001,1
