,L2,L2_true,N,std,jump,jump_prob,ve,dim
0,0.7140006212295984,0.714981276790625,268,0.2,0.3,0.5,0.001,1
