,L2,L2_true,N,std,jump,jump_prob,ve,dim
0,0.43772874988979876,0.3790434533786762,848,0.05,0.3,0.5,0.001,1
