,L2,L2_true,N,std,jump,jump_prob,ve,dim
0,4.058463306501733,2.016597990614619,13,0.01,0.3,0.5,0.01,2
