,L2,L2_true,N,std,jump,jump_prob,ve,dim
0,3.5996222832919087,0.999567741539499,13,0.01,0.3,0.5,0.01,1
