,L2,L2_true,N,std,jump,jump_prob,ve,dim
0,3.4484168015091905,0.4403725514888556,61,0.01,0.3,0.5,0.01,1
