,L2,L2_true,N,std,jump,jump_prob,ve,dim
0,9.484988644718046,8.876139341214435,117,0.01,0.3,0.5,0.0025,3
