,L2,L2_true,N,std,jump,jump_prob,ve,dim
0,6.702541823596392,5.800459122955068,43,0.01,0.3,0.5,0.0025,3
