,L2,L2_true,N,std,jump,jump_prob,ve,dim
0,5.688456629588638,4.628232683103665,37,0.01,0.3,0.5,0.0025,2
