,L2,L2_true,N,std,jump,jump_prob,ve,dim
0,24.67974236260713,24.52481145039227,3000,0.01,0.3,0.5,0.001,3
