,L2,L2_true,N,std,jump,jump_prob,ve,dim
0,3.710775620589177,1.4383786620124575,1930,0.01,0.3,0.5,0.01,3
