,L2,L2_true,N,std,jump,jump_prob,ve,dim
0,5.497332179586187,4.276331166505193,163,0.01,0.3,0.5,0.01,3
