,L2,L2_true,N,std,jump,jump_prob,ve,dim
0,3.8198555183641205,2.1997486488281544,3,0.01,0.3,0.5,0.001,2
