,L2,L2_true,N,std,jump,jump_prob,ve,dim
0,4.695441908700315,3.283275042433548,13,0.01,0.3,0.5,0.0025,2
