,L2,L2_true,N,std,jump,jump_prob,ve,dim
0,3.6345597891513326,1.3301808513059288,1,0.01,0.3,0.5,0.0025,1
