,L2,L2_true,N,std,jump,jump_prob,ve,dim
0,5.2845506904731945,4.000500679926418,193,0.01,0.3,0.5,0.01,3
