,L2,L2_true,N,std,jump,jump_prob,ve,dim
0,2.351756785244688,2.2872531396882736,7,0.05,0.3,0.5,0.001,1
