,L2,L2_true,N,std,jump,jump_prob,ve,dim
0,2.132569062966565,2.13219076078199,37,0.2,0.3,0.5,0.001,1
