,L2,L2_true,N,std,jump,jump_prob,ve,dim
0,2.6214046920147385,0.3311732705198797,610,0.01,0.3,0.5,0.001,1
