,L2,L2_true,N,std,jump,jump_prob,ve,dim
0,3.7133093997826205,1.9804680574088225,3,0.01,0.3,0.5,0.001,1
