,L2,L2_true,N,std,jump,jump_prob,ve,dim
0,3.5106021561049174,0.934497107298696,26,0.01,0.3,0.5,0.01,1
