,L2,L2_true,N,std,jump,jump_prob,ve,dim
0,2.6910151925288126,0.6964091430639437,193,0.01,0.3,0.5,0.001,1
