,L2,L2_true,N,std,jump,jump_prob,ve,dim
0,3.9001167565154407,1.6340150953696542,4,0.01,0.3,0.5,0.01,3
