,L2,L2_true,N,std,jump,jump_prob,ve,dim
0,1.452087560042858,1.439688197525106,84,0.05,0.3,0.5,0.001,1
