,L2,L2_true,N,std,jump,jump_prob,ve,dim
0,4.392802869151273,2.6064099994387098,10,0.01,0.3,0.5,0.01,3
