,L2,L2_true,N,std,jump,jump_prob,ve,dim
0,4.388603240347448,2.619077991875669,11,0.01,0.3,0.5,0.01,3
