,L2,L2_true,N,std,jump,jump_prob,ve,dim
0,5.6329426477763525,4.691761947996682,163,0.01,0.3,0.5,0.0025,2
