,L2,L2_true,N,std,jump,jump_prob,ve,dim
0,3.9153787038238184,1.9723042872342809,4,0.01,0.3,0.5,0.0025,2
