,L2,L2_true,N,std,jump,jump_prob,ve,dim
0,3.5497190513868304,2.2697009261681536,37,0.01,0.3,0.5,0.001,1
