,L2,L2_true,N,std,jump,jump_prob,ve,dim
0,7.1139393365522245,6.384662131043653,43,0.01,0.3,0.5,0.001,3
