,L2,L2_true,N,std,jump,jump_prob,ve,dim
0,0.37778481645406453,0.37034981127715966,1,0.2,0.3,0.5,0.001,1
