,L2,L2_true,N,std,jump,jump_prob,ve,dim
0,1.2463486348648594,1.2457339988436822,117,0.2,0.3,0.5,0.001,1
