,L2,L2_true,N,std,jump,jump_prob,ve,dim
0,5.355399344011384,4.054255811504018,61,0.01,0.3,0.5,0.01,3
