,L2,L2_true,N,std,jump,jump_prob,ve,dim
0,4.733287579213207,3.548687820380043,11,0.01,0.3,0.5,0.001,3
