,L2,L2_true,N,std,jump,jump_prob,ve,dim
0,3.3704787875314177,3.3328104277974346,22,0.05,0.3,0.5,0.001,1
