,L2,L2_true,N,std,jump,jump_prob,ve,dim
0,11.155058172620349,10.716238919963926,1930,0.01,0.3,0.5,0.0025,3
