,L2,L2_true,N,std,jump,jump_prob,ve,dim
0,2.6423542493403867,0.4762346574138676,439,0.01,0.3,0.5,0.001,1
