,L2,L2_true,N,std,jump,jump_prob,ve,dim
0,4.2093935214522755,2.5223734281951606,7,0.01,0.3,0.5,0.0025,2
