,L2,L2_true,N,std,jump,jump_prob,ve,dim
0,3.4189519766567233,0.1386108525498438,316,0.01,0.3,0.5,0.01,1
