,L2,L2_true,N,std,jump,jump_prob,ve,dim
0,3.0580362972470985,0.4318512461347308,163,0.01,0.3,0.5,0.0025,1
