,L2,L2_true,N,std,jump,jump_prob,ve,dim
0,6.003550434562005,4.980736539960366,31,0.01,0.3,0.5,0.0025,3
