,L2,L2_true,N,std,jump,jump_prob,ve,dim
0,0.8974024382315573,0.8768653094145878,163,0.05,0.3,0.5,0.001,1
