,L2,L2_true,N,std,jump,jump_prob,ve,dim
0,5.451246562762988,4.477353379746164,22,0.01,0.3,0.5,0.001,2
