,L2,L2_true,N,std,jump,jump_prob,ve,dim
0,3.0487773495595367,0.39213196966534103,268,0.01,0.3,0.5,0.0025,1
