,L2,L2_true,N,std,jump,jump_prob,ve,dim
0,3.7128762529831545,1.6102367306933785,3,0.01,0.3,0.5,0.0025,1
