,L2,L2_true,N,std,jump,jump_prob,ve,dim
0,3.631749805353565,0.9380049804253859,2,0.01,0.3,0.5,0.01,1
