,L2,L2_true,N,std,jump,jump_prob,ve,dim
0,3.082695525154798,0.6516113692233534,100,0.01,0.3,0.5,0.0025,1
