,L2,L2_true,N,std,jump,jump_prob,ve,dim
0,4.155113783672856,2.164483309706375,7,0.01,0.3,0.5,0.01,3
