,L2,L2_true,N,std,jump,jump_prob,ve,dim
0,4.898107601384173,3.7521839504502292,13,0.01,0.3,0.5,0.001,3
