,L2,L2_true,N,std,jump,jump_prob,ve,dim
0,3.423774451892838,0.21255278817210194,138,0.01,0.3,0.5,0.01,1
