,L2,L2_true,N,std,jump,jump_prob,ve,dim
0,0.2810448670911886,0.20510120852672928,1930,0.05,0.3,0.5,0.001,1
