,L2,L2_true,N,std,jump,jump_prob,ve,dim
0,1.0592975129984463,1.057726256221673,117,0.05,0.3,0.5,0.001,1
