,L2,L2_true,N,std,jump,jump_prob,ve,dim
0,3.0451314132405165,0.3573696875040698,193,0.01,0.3,0.5,0.0025,1
