,L2,L2_true,N,std,jump,jump_prob,ve,dim
0,3.8010273413829916,1.7619325035207258,3,0.01,0.3,0.5,0.0025,1
