,L2,L2_true,N,std,jump,jump_prob,ve,dim
0,0.662627667476353,0.6302876539613808,316,0.05,0.3,0.5,0.001,1
