,L2,L2_true,N,std,jump,jump_prob,ve,dim
0,3.470252112980927,1.6849055979136318,51,0.01,0.3,0.5,0.0025,1
