,L2,L2_true,N,std,jump,jump_prob,ve,dim
0,0.2295337577029954,0.22899568712559495,2682,0.2,0.3,0.5,0.001,1
