,L2,L2_true,N,std,jump,jump_prob,ve,dim
0,3.621856088626528,0.7446491270617509,1,0.01,0.3,0.5,0.01,1
