,L2,L2_true,N,std,jump,jump_prob,ve,dim
0,0.399054139496506,0.3988965196725657,848,0.2,0.3,0.5,0.001,1
