,L2,L2_true,N,std,jump,jump_prob,ve,dim
0,1.7233536034065904,1.5910609614303899,3,0.05,0.3,0.5,0.001,1
