,L2,L2_true,N,std,jump,jump_prob,ve,dim
0,2.462703719765619,2.4816822236750755,22,0.05,0.3,0.5,0.001,1
