,L2,L2_true,N,std,jump,jump_prob,ve,dim
0,2.7404717993617105,0.8313622490569803,163,0.01,0.3,0.5,0.001,1
