,L2,L2_true,N,std,jump,jump_prob,ve,dim
0,3.5944480841146054,3.5959874070497113,26,0.05,0.3,0.5,0.001,1
