,L2,L2_true,N,std,jump,jump_prob,ve,dim
0,3.648727982733111,1.8492018574151894,2,0.01,0.3,0.5,0.001,1
