,L2,L2_true,N,std,jump,jump_prob,ve,dim
0,7.86331315247945,7.2548425664306055,100,0.01,0.3,0.5,0.001,2
