,L2,L2_true,N,std,jump,jump_prob,ve,dim
0,3.531249212037926,2.164118845031608,43,0.01,0.3,0.5,0.001,1
