,L2,L2_true,N,std,jump,jump_prob,ve,dim
0,11.092980656462487,10.648707107899689,138,0.01,0.3,0.5,0.001,3
