,L2,L2_true,N,std,jump,jump_prob,ve,dim
0,4.475572365645668,2.9491865239269255,10,0.01,0.3,0.5,0.0025,2
