,L2,L2_true,N,std,jump,jump_prob,ve,dim
0,24.10361273722663,23.93443593775208,2000,0.01,0.3,0.5,0.001,3
