,L2,L2_true,N,std,jump,jump_prob,ve,dim
0,3.0403857934016294,0.349922924193627,268,0.01,0.3,0.5,0.0025,1
