,L2,L2_true,N,std,jump,jump_prob,ve,dim
0,4.6492611682333855,3.8345117272141107,2000,0.01,0.3,0.5,0.001,2
