,L2,L2_true,N,std,jump,jump_prob,ve,dim
0,6.090664032969658,5.226946513856763,163,0.01,0.3,0.5,0.0025,2
