,L2,L2_true,N,std,jump,jump_prob,ve,dim
0,3.615421095370864,0.8922823994613778,8,0.01,0.3,0.5,0.01,1
