,L2,L2_true,N,std,jump,jump_prob,ve,dim
0,8.154942986485434,7.599713893651787,138,0.01,0.3,0.5,0.001,2
