,L2,L2_true,N,std,jump,jump_prob,ve,dim
0,3.78500235512606,2.1640277938710546,4,0.01,0.3,0.5,0.001,1
