,L2,L2_true,N,std,jump,jump_prob,ve,dim
0,3.628901727153467,1.8053845225919165,1,0.01,0.3,0.5,0.001,1
