,L2,L2_true,N,std,jump,jump_prob,ve,dim
0,1.9489027687852345,1.9264546594462035,51,0.05,0.3,0.5,0.001,1
