,L2,L2_true,N,std,jump,jump_prob,ve,dim
0,3.6869938069509356,2.0810647735130625,1000,0.01,0.3,0.5,0.0025,2
