,L2,L2_true,N,std,jump,jump_prob,ve,dim
0,3.4988698637557967,0.79728702195024,19,0.01,0.3,0.5,0.01,1
