,L2,L2_true,N,std,jump,jump_prob,ve,dim
0,2.6209704344721074,0.21606203710511301,1930,0.01,0.3,0.5,0.001,1
