,L2,L2_true,N,std,jump,jump_prob,ve,dim
0,4.2793168443907215,2.9531460405475776,7,0.01,0.3,0.5,0.001,1
