,L2,L2_true,N,std,jump,jump_prob,ve,dim
0,3.8765240648937103,2.2488823875826984,3,0.01,0.3,0.5,0.001,2
