,L2,L2_true,N,std,jump,jump_prob,ve,dim
0,2.6160210382642095,0.2151728701296455,1637,0.01,0.3,0.5,0.001,1
