,L2,L2_true,N,std,jump,jump_prob,ve,dim
0,2.629744602900788,0.3167589099970181,719,0.01,0.3,0.5,0.001,1
