,L2,L2_true,N,std,jump,jump_prob,ve,dim
0,2.6160892458615495,0.15579131670704666,3162,0.01,0.3,0.5,0.001,1
