,L2,L2_true,N,std,jump,jump_prob,ve,dim
0,3.4204324442683753,0.04490623551084057,2682,0.01,0.3,0.5,0.01,1
