,L2,L2_true,N,std,jump,jump_prob,ve,dim
0,3.845242665344377,1.8687101829796517,2,0.01,0.3,0.5,0.0025,1
