,L2,L2_true,N,std,jump,jump_prob,ve,dim
0,10.242363495547643,9.699561632252818,163,0.01,0.3,0.5,0.0025,3
