,L2,L2_true,N,std,jump,jump_prob,ve,dim
0,5.640866418584525,4.680525279034353,22,0.01,0.3,0.5,0.001,3
