,L2,L2_true,N,std,jump,jump_prob,ve,dim
0,2.980284119328352,2.980723263319139,16,0.2,0.3,0.5,0.001,1
