,L2,L2_true,N,std,jump,jump_prob,ve,dim
0,2.4760580282534725,2.4754382650649775,19,0.2,0.3,0.5,0.001,1
