,L2,L2_true,N,std,jump,jump_prob,ve,dim
0,8.754405318955765,8.239621199192076,163,0.01,0.3,0.5,0.001,2
