,L2,L2_true,N,std,jump,jump_prob,ve,dim
0,4.89462200221071,3.746409269187848,13,0.01,0.3,0.5,0.001,3
