,L2,L2_true,N,std,jump,jump_prob,ve,dim
0,3.9349122447707954,2.4096503511799314,5,0.01,0.3,0.5,0.001,1
