,L2,L2_true,N,std,jump,jump_prob,ve,dim
0,0.5627254867784532,0.5447332117167093,439,0.05,0.3,0.5,0.001,1
