,L2,L2_true,N,std,jump,jump_prob,ve,dim
0,6.287759348432318,5.426682799812278,117,0.01,0.3,0.5,0.0025,2
