,L2,L2_true,N,std,jump,jump_prob,ve,dim
0,3.969346775279008,1.836140389553556,5,0.01,0.3,0.5,0.01,3
