,L2,L2_true,N,std,jump,jump_prob,ve,dim
0,3.416217344024888,0.1308641770798494,517,0.01,0.3,0.5,0.01,1
