,L2,L2_true,N,std,jump,jump_prob,ve,dim
0,3.5713156823445105,1.0298471877086155,19,0.01,0.3,0.5,0.01,1
