,L2,L2_true,N,std,jump,jump_prob,ve,dim
0,0.43253760157210597,0.35033821909628465,848,0.05,0.3,0.5,0.001,1
