,L2,L2_true,N,std,jump,jump_prob,ve,dim
0,3.6405060142366703,1.1182927431603367,6,0.01,0.3,0.5,0.01,1
