,L2,L2_true,N,std,jump,jump_prob,ve,dim
0,0.7481649571048,0.7168305832944488,268,0.05,0.3,0.5,0.001,1
