,L2,L2_true,N,std,jump,jump_prob,ve,dim
0,8.873089584597766,8.232480190307115,100,0.01,0.3,0.5,0.0025,3
