,L2,L2_true,N,std,jump,jump_prob,ve,dim
0,3.6156138146151466,1.167072876483935,193,0.01,0.3,0.5,0.01,2
