,L2,L2_true,N,std,jump,jump_prob,ve,dim
0,2.343673578864826,2.294132441008039,16,0.05,0.3,0.5,0.001,1
