,L2,L2_true,N,std,jump,jump_prob,ve,dim
0,8.80891041409777,8.316547298252743,163,0.01,0.3,0.5,0.001,2
