,L2,L2_true,N,std,jump,jump_prob,ve,dim
0,2.7433909659354643,2.7395845606496905,22,0.05,0.3,0.5,0.001,1
