,L2,L2_true,N,std,jump,jump_prob,ve,dim
0,3.7640845549415425,1.5662619019313657,1637,0.01,0.3,0.5,0.01,3
