,L2,L2_true,N,std,jump,jump_prob,ve,dim
0,3.4115618409813266,0.08082735096019206,848,0.01,0.3,0.5,0.01,1
