,L2,L2_true,N,std,jump,jump_prob,ve,dim
0,10.474799712842211,10.006695676638415,117,0.01,0.3,0.5,0.001,3
