,L2,L2_true,N,std,jump,jump_prob,ve,dim
0,10.993719663957554,10.488673239084466,227,0.01,0.3,0.5,0.0025,3
