,L2,L2_true,N,std,jump,jump_prob,ve,dim
0,1.3197208188917426,1.2971039130139115,84,0.05,0.3,0.5,0.001,1
