,L2,L2_true,N,std,jump,jump_prob,ve,dim
0,0.7479051889551145,0.7476158492788402,268,0.2,0.3,0.5,0.001,1
