,L2,L2_true,N,std,jump,jump_prob,ve,dim
0,2.86706474729951,1.1341554732105394,138,0.01,0.3,0.5,0.001,1
