,L2,L2_true,N,std,jump,jump_prob,ve,dim
0,0.7567048326605035,0.7257058785764477,268,0.05,0.3,0.5,0.001,1
