,L2,L2_true,N,std,jump,jump_prob,ve,dim
0,3.4484469297842275,0.5465319816437321,719,0.01,0.3,0.5,0.01,2
