,L2,L2_true,N,std,jump,jump_prob,ve,dim
0,0.7395602419723466,0.7209024642890365,268,0.05,0.3,0.5,0.001,1
