,L2,L2_true,N,std,jump,jump_prob,ve,dim
0,5.256720187255462,4.2369606068116274,227,0.01,0.3,0.5,0.0025,2
