,L2,L2_true,N,std,jump,jump_prob,ve,dim
0,0.32213491193453037,0.3223156889594189,1178,0.2,0.3,0.5,0.001,1
