,L2,L2_true,N,std,jump,jump_prob,ve,dim
0,2.5858372095454483,2.5564956183271383,19,0.05,0.3,0.5,0.001,1
