,L2,L2_true,N,std,jump,jump_prob,ve,dim
0,5.544828157690546,4.308746905332127,117,0.01,0.3,0.5,0.01,3
