,L2,L2_true,N,std,jump,jump_prob,ve,dim
0,3.514060708326424,0.7767403457039599,372,0.01,0.3,0.5,0.01,2
