,L2,L2_true,N,std,jump,jump_prob,ve,dim
0,11.020889459864202,10.573837036275563,1930,0.01,0.3,0.5,0.0025,3
