,L2,L2_true,N,std,jump,jump_prob,ve,dim
0,6.561783472075324,5.997314181000155,848,0.01,0.3,0.5,0.001,2
