,L2,L2_true,N,std,jump,jump_prob,ve,dim
0,3.033036716393231,0.11220098546906238,1637,0.01,0.3,0.5,0.0025,1
