,L2,L2_true,N,std,jump,jump_prob,ve,dim
0,3.9814081727050668,2.0170089947624152,1000,0.01,0.3,0.5,0.01,3
