,L2,L2_true,N,std,jump,jump_prob,ve,dim
0,3.86632548980644,1.5930381735637271,4,0.01,0.3,0.5,0.01,3
