,L2,L2_true,N,std,jump,jump_prob,ve,dim
0,6.014396381512386,5.0908452232375705,100,0.01,0.3,0.5,0.0025,2
