,L2,L2_true,N,std,jump,jump_prob,ve,dim
0,3.4603431563457434,0.5707677494175998,610,0.01,0.3,0.5,0.01,2
