,L2,L2_true,N,std,jump,jump_prob,ve,dim
0,3.893555575350429,2.3290490237434303,6,0.01,0.3,0.5,0.001,1
