,L2,L2_true,N,std,jump,jump_prob,ve,dim
0,3.977533425675641,2.1255378483356724,4,0.01,0.3,0.5,0.0025,3
