,L2,L2_true,N,std,jump,jump_prob,ve,dim
0,4.536520317021824,3.684008668693982,2000,0.01,0.3,0.5,0.001,2
