,L2,L2_true,N,std,jump,jump_prob,ve,dim
0,1.0667883828362432,1.0640124028847118,2,0.2,0.3,0.5,0.001,1
