,L2,L2_true,N,std,jump,jump_prob,ve,dim
0,6.013078528974521,5.079031531772467,84,0.01,0.3,0.5,0.0025,2
