,L2,L2_true,N,std,jump,jump_prob,ve,dim
0,4.902481005241805,3.8196625393211163,316,0.01,0.3,0.5,0.0025,2
