,L2,L2_true,N,std,jump,jump_prob,ve,dim
0,8.247905654714913,7.710845276513857,193,0.01,0.3,0.5,0.001,2
