,L2,L2_true,N,std,jump,jump_prob,ve,dim
0,4.1655784322243985,2.453922299406246,6,0.01,0.3,0.5,0.0025,2
