,L2,L2_true,N,std,jump,jump_prob,ve,dim
0,12.064622348892335,11.658003232238638,163,0.01,0.3,0.5,0.001,3
