,L2,L2_true,N,std,jump,jump_prob,ve,dim
0,6.174177243685264,5.187680884704131,31,0.01,0.3,0.5,0.0025,3
