,L2,L2_true,N,std,jump,jump_prob,ve,dim
0,4.0828567674035305,2.604174077662145,5,0.01,0.3,0.5,0.001,3
