,L2,L2_true,N,std,jump,jump_prob,ve,dim
0,2.824164055157658,1.0747805388463925,100,0.01,0.3,0.5,0.001,1
