,L2,L2_true,N,std,jump,jump_prob,ve,dim
0,5.163388519733611,4.096655100619577,16,0.01,0.3,0.5,0.001,3
