,L2,L2_true,N,std,jump,jump_prob,ve,dim
0,3.912489530566611,1.9977475955840347,4,0.01,0.3,0.5,0.0025,2
