,L2,L2_true,N,std,jump,jump_prob,ve,dim
0,12.283555000052097,11.873939815753436,1000,0.01,0.3,0.5,0.0025,3
