,L2,L2_true,N,std,jump,jump_prob,ve,dim
0,4.367880567167035,2.7882825695926616,8,0.01,0.3,0.5,0.0025,2
