,L2,L2_true,N,std,jump,jump_prob,ve,dim
0,2.8767480440726034,2.878388153142136,11,0.2,0.3,0.5,0.001,1
