,L2,L2_true,N,std,jump,jump_prob,ve,dim
0,2.5605329775249626,2.560206271333674,13,0.2,0.3,0.5,0.001,1
