,L2,L2_true,N,std,jump,jump_prob,ve,dim
0,1.5789971383237342,1.5781514095949323,11,0.2,0.3,0.5,0.001,1
