,L2,L2_true,N,std,jump,jump_prob,ve,dim
0,11.21790060919875,10.777086468408136,138,0.01,0.3,0.5,0.001,3
