,L2,L2_true,N,std,jump,jump_prob,ve,dim
0,3.496825801266682,0.769820843356314,26,0.01,0.3,0.5,0.01,1
