,L2,L2_true,N,std,jump,jump_prob,ve,dim
0,1.03608528488444,1.001172216643827,117,0.05,0.3,0.5,0.001,1
