,L2,L2_true,N,std,jump,jump_prob,ve,dim
0,5.80353148514789,4.790332176171933,51,0.01,0.3,0.5,0.0025,2
