,L2,L2_true,N,std,jump,jump_prob,ve,dim
0,5.585918890732728,4.630613526424374,193,0.01,0.3,0.5,0.0025,2
