,L2,L2_true,N,std,jump,jump_prob,ve,dim
0,5.314469069541122,4.292580489933198,22,0.01,0.3,0.5,0.001,2
