,L2,L2_true,N,std,jump,jump_prob,ve,dim
0,7.553426169877156,6.883316778505377,51,0.01,0.3,0.5,0.001,3
