,L2,L2_true,N,std,jump,jump_prob,ve,dim
0,1.5540194757852812,1.5514588571755799,4,0.2,0.3,0.5,0.001,1
