,L2,L2_true,N,std,jump,jump_prob,ve,dim
0,0.3943149338913254,0.3941173494083079,1000,0.2,0.3,0.5,0.001,1
