,L2,L2_true,N,std,jump,jump_prob,ve,dim
0,0.9148928248356016,0.9146768515974623,193,0.2,0.3,0.5,0.001,1
