,L2,L2_true,N,std,jump,jump_prob,ve,dim
0,3.0352736609366717,0.19114710602044985,1000,0.01,0.3,0.5,0.0025,1
