,L2,L2_true,N,std,jump,jump_prob,ve,dim
0,3.609482162637448,0.8671733657132242,3,0.01,0.3,0.5,0.01,1
