,L2,L2_true,N,std,jump,jump_prob,ve,dim
0,3.2988552322721687,1.286950704783087,2275,0.01,0.3,0.5,0.0025,2
