,L2,L2_true,N,std,jump,jump_prob,ve,dim
0,3.8070878617492574,1.7764862557342915,3,0.01,0.3,0.5,0.0025,1
