,L2,L2_true,N,std,jump,jump_prob,ve,dim
0,3.7000155260087766,1.418689643763685,2000,0.01,0.3,0.5,0.01,3
