,L2,L2_true,N,std,jump,jump_prob,ve,dim
0,11.308643059365187,10.878683487021732,138,0.01,0.3,0.5,0.001,3
