,L2,L2_true,N,std,jump,jump_prob,ve,dim
0,3.979914924871982,1.979301424650513,61,0.01,0.3,0.5,0.01,2
