,L2,L2_true,N,std,jump,jump_prob,ve,dim
0,6.198026874818333,5.3065548440341015,117,0.01,0.3,0.5,0.0025,2
