,L2,L2_true,N,std,jump,jump_prob,ve,dim
0,0.5630071428980562,0.5022435909549136,372,0.05,0.3,0.5,0.001,1
