,L2,L2_true,N,std,jump,jump_prob,ve,dim
0,3.6982573887862524,1.4121754160028486,2000,0.01,0.3,0.5,0.01,3
