,L2,L2_true,N,std,jump,jump_prob,ve,dim
0,3.416361685223468,0.19772939009684465,227,0.01,0.3,0.5,0.01,1
