,L2,L2_true,N,std,jump,jump_prob,ve,dim
0,3.692027148737791,2.0670448907102603,1000,0.01,0.3,0.5,0.0025,2
