,L2,L2_true,N,std,jump,jump_prob,ve,dim
0,4.026001390827521,2.2790687072415765,8,0.01,0.3,0.5,0.0025,1
