,L2,L2_true,N,std,jump,jump_prob,ve,dim
0,5.94455856094786,4.905795454305441,26,0.01,0.3,0.5,0.0025,3
