,L2,L2_true,N,std,jump,jump_prob,ve,dim
0,3.9703696803084356,2.2527544554576,13,0.01,0.3,0.5,0.0025,1
