,L2,L2_true,N,std,jump,jump_prob,ve,dim
0,4.198428392341186,2.7742576405445933,6,0.01,0.3,0.5,0.001,3
