,L2,L2_true,N,std,jump,jump_prob,ve,dim
0,18.87670310649975,18.633107220994475,610,0.01,0.3,0.5,0.001,3
