,L2,L2_true,N,std,jump,jump_prob,ve,dim
0,0.32747898369026546,0.20922456156650324,2275,0.05,0.3,0.5,0.001,1
