,L2,L2_true,N,std,jump,jump_prob,ve,dim
0,1.8213611370725638,1.7003617950975225,5,0.05,0.3,0.5,0.001,1
