,L2,L2_true,N,std,jump,jump_prob,ve,dim
0,2.6233914289440343,0.2693046439903854,1389,0.01,0.3,0.5,0.001,1
