,L2,L2_true,N,std,jump,jump_prob,ve,dim
0,4.227148335131864,2.5487340792868656,7,0.01,0.3,0.5,0.0025,2
