,L2,L2_true,N,std,jump,jump_prob,ve,dim
0,12.343293042851908,11.935054651352198,1000,0.01,0.3,0.5,0.0025,3
