,L2,L2_true,N,std,jump,jump_prob,ve,dim
0,2.4200865990649967,2.3641867527889797,10,0.05,0.3,0.5,0.001,1
