,L2,L2_true,N,std,jump,jump_prob,ve,dim
0,3.9120723941697753,1.681442273531786,4,0.01,0.3,0.5,0.01,3
