,L2,L2_true,N,std,jump,jump_prob,ve,dim
0,3.614013224418071,1.1891083698645943,193,0.01,0.3,0.5,0.01,2
