,L2,L2_true,N,std,jump,jump_prob,ve,dim
0,3.60949763124362,1.1338270536884296,227,0.01,0.3,0.5,0.01,2
