,L2,L2_true,N,std,jump,jump_prob,ve,dim
0,3.981610438869736,2.0451199981679697,1000,0.01,0.3,0.5,0.01,3
