,L2,L2_true,N,std,jump,jump_prob,ve,dim
0,3.4915022211359856,0.7210732170347641,439,0.01,0.3,0.5,0.01,2
