,L2,L2_true,N,std,jump,jump_prob,ve,dim
0,2.222810990326229,2.2234278877588567,7,0.2,0.3,0.5,0.001,1
