,L2,L2_true,N,std,jump,jump_prob,ve,dim
0,4.944603564161629,3.6527866182802735,22,0.01,0.3,0.5,0.0025,2
