,L2,L2_true,N,std,jump,jump_prob,ve,dim
0,5.5927795279050185,4.362203367824474,71,0.01,0.3,0.5,0.01,3
