,L2,L2_true,N,std,jump,jump_prob,ve,dim
0,8.436615431957948,7.922742024749187,193,0.01,0.3,0.5,0.001,2
