,L2,L2_true,N,std,jump,jump_prob,ve,dim
0,4.208195963464665,2.806620025241001,6,0.01,0.3,0.5,0.001,2
