,L2,L2_true,N,std,jump,jump_prob,ve,dim
0,5.546799007667632,4.310688191187568,84,0.01,0.3,0.5,0.01,3
