,L2,L2_true,N,std,jump,jump_prob,ve,dim
0,11.845286993460952,11.422878533097357,1389,0.01,0.3,0.5,0.0025,3
