,L2,L2_true,N,std,jump,jump_prob,ve,dim
0,3.3476339832265882,1.3117592593763956,37,0.01,0.3,0.5,0.0025,1
