,L2,L2_true,N,std,jump,jump_prob,ve,dim
0,4.309221423842808,2.5064551928504533,19,0.01,0.3,0.5,0.01,2
