,L2,L2_true,N,std,jump,jump_prob,ve,dim
0,12.615720277755603,12.209993042270053,610,0.01,0.3,0.5,0.0025,3
