,L2,L2_true,N,std,jump,jump_prob,ve,dim
0,9.144721643691996,8.670857827653068,193,0.01,0.3,0.5,0.001,2
