,L2,L2_true,N,std,jump,jump_prob,ve,dim
0,3.641933333746262,1.3299840855539198,1,0.01,0.3,0.5,0.0025,1
