,L2,L2_true,N,std,jump,jump_prob,ve,dim
0,3.0510101517807438,0.38013021798975116,316,0.01,0.3,0.5,0.0025,1
