,L2,L2_true,N,std,jump,jump_prob,ve,dim
0,0.32150216769574674,0.2353056555307509,1930,0.05,0.3,0.5,0.001,1
