,L2,L2_true,N,std,jump,jump_prob,ve,dim
0,3.9066937233390795,1.8582012563303236,71,0.01,0.3,0.5,0.01,2
