,L2,L2_true,N,std,jump,jump_prob,ve,dim
0,2.8299888630706413,2.8169755812125477,16,0.05,0.3,0.5,0.001,1
