,L2,L2_true,N,std,jump,jump_prob,ve,dim
0,3.693074006564037,1.5340395783116179,3,0.01,0.3,0.5,0.0025,1
