,L2,L2_true,N,std,jump,jump_prob,ve,dim
0,3.3515915033870614,2.1112694710006097,61,0.01,0.3,0.5,0.001,1
