,L2,L2_true,N,std,jump,jump_prob,ve,dim
0,3.0598420729894684,0.449954365471244,138,0.01,0.3,0.5,0.0025,1
