,L2,L2_true,N,std,jump,jump_prob,ve,dim
0,9.212955162095746,8.587497403289008,117,0.01,0.3,0.5,0.0025,3
