,L2,L2_true,N,std,jump,jump_prob,ve,dim
0,1.9791293065885105,1.8728860646564784,5,0.05,0.3,0.5,0.001,1
