,L2,L2_true,N,std,jump,jump_prob,ve,dim
0,5.867348899898872,4.914797767173795,84,0.01,0.3,0.5,0.0025,2
