,L2,L2_true,N,std,jump,jump_prob,ve,dim
0,3.4224247735343303,0.30246622249434546,51,0.01,0.3,0.5,0.01,1
