,L2,L2_true,N,std,jump,jump_prob,ve,dim
0,0.7294073826639651,0.7007659565068638,268,0.05,0.3,0.5,0.001,1
