,L2,L2_true,N,std,jump,jump_prob,ve,dim
0,0.38905788030777805,0.38842869129060026,1000,0.2,0.3,0.5,0.001,1
