,L2,L2_true,N,std,jump,jump_prob,ve,dim
0,10.563403604077612,10.033033254099552,193,0.01,0.3,0.5,0.0025,3
