,L2,L2_true,N,std,jump,jump_prob,ve,dim
0,3.4121030006249833,0.07385423934897464,1178,0.01,0.3,0.5,0.01,1
