,L2,L2_true,N,std,jump,jump_prob,ve,dim
0,5.38972170223888,4.257562395046802,26,0.01,0.3,0.5,0.0025,2
