,L2,L2_true,N,std,jump,jump_prob,ve,dim
0,3.789391287770489,1.6191348096433893,100,0.01,0.3,0.5,0.01,2
