,L2,L2_true,N,std,jump,jump_prob,ve,dim
0,3.4130625851366014,0.04816273787718918,2275,0.01,0.3,0.5,0.01,1
