,L2,L2_true,N,std,jump,jump_prob,ve,dim
0,1.4379113605997038,1.2884922708768827,2,0.05,0.3,0.5,0.001,1
