,L2,L2_true,N,std,jump,jump_prob,ve,dim
0,5.441631952036224,4.1668678964464325,61,0.01,0.3,0.5,0.01,3
