,L2,L2_true,N,std,jump,jump_prob,ve,dim
0,3.91472442196565,1.7200216278611502,6,0.01,0.3,0.5,0.01,2
