,L2,L2_true,N,std,jump,jump_prob,ve,dim
0,12.054166521594984,11.604985808067099,372,0.01,0.3,0.5,0.0025,3
