,L2,L2_true,N,std,jump,jump_prob,ve,dim
0,5.451619144897937,4.471009689218299,193,0.01,0.3,0.5,0.0025,2
