,L2,L2_true,N,std,jump,jump_prob,ve,dim
0,3.668184513659815,1.0543019013992765,7,0.01,0.3,0.5,0.01,1
