,L2,L2_true,N,std,jump,jump_prob,ve,dim
0,3.4078614966993346,0.1610723175709335,117,0.01,0.3,0.5,0.01,1
