,L2,L2_true,N,std,jump,jump_prob,ve,dim
0,3.6181289050711345,1.162180481815621,193,0.01,0.3,0.5,0.01,2
