,L2,L2_true,N,std,jump,jump_prob,ve,dim
0,1.349303417496273,1.1780549598019672,1,0.05,0.3,0.5,0.001,1
