,L2,L2_true,N,std,jump,jump_prob,ve,dim
0,5.556103949735749,4.32853228623074,84,0.01,0.3,0.5,0.01,3
