,L2,L2_true,N,std,jump,jump_prob,ve,dim
0,3.9397021125692913,2.5160561677149813,11,0.01,0.3,0.5,0.001,1
