,L2,L2_true,N,std,jump,jump_prob,ve,dim
0,4.490281177477727,3.221067658598335,10,0.01,0.3,0.5,0.001,2
