,L2,L2_true,N,std,jump,jump_prob,ve,dim
0,3.0345979062908426,0.12045129686591781,1930,0.01,0.3,0.5,0.0025,1
