,L2,L2_true,N,std,jump,jump_prob,ve,dim
0,2.6212706080281722,0.1241234985466369,3162,0.01,0.3,0.5,0.001,1
