,L2,L2_true,N,std,jump,jump_prob,ve,dim
0,0.46309346619103947,0.462969668493324,610,0.2,0.3,0.5,0.001,1
