,L2,L2_true,N,std,jump,jump_prob,ve,dim
0,3.5384419010685386,0.7708053306067852,16,0.01,0.3,0.5,0.01,1
