,L2,L2_true,N,std,jump,jump_prob,ve,dim
0,3.9880743554460705,2.6581834978308487,13,0.01,0.3,0.5,0.001,1
