,L2,L2_true,N,std,jump,jump_prob,ve,dim
0,0.44773767072961695,0.35591431661858963,1178,0.05,0.3,0.5,0.001,1
