,L2,L2_true,N,std,jump,jump_prob,ve,dim
0,3.89616852844673,2.3034778778668596,3,0.01,0.3,0.5,0.001,2
