,L2,L2_true,N,std,jump,jump_prob,ve,dim
0,6.121468992098853,5.110618238272976,31,0.01,0.3,0.5,0.0025,3
