,L2,L2_true,N,std,jump,jump_prob,ve,dim
0,3.387311936827664,2.0104103761156327,37,0.01,0.3,0.5,0.001,1
