,L2,L2_true,N,std,jump,jump_prob,ve,dim
0,3.650170269951811,1.3720861661442632,2,0.01,0.3,0.5,0.0025,1
