,L2,L2_true,N,std,jump,jump_prob,ve,dim
0,4.243608947245305,2.412943060561158,19,0.01,0.3,0.5,0.01,2
