,L2,L2_true,N,std,jump,jump_prob,ve,dim
0,3.1539950106292713,1.7423935578409944,71,0.01,0.3,0.5,0.001,1
