,L2,L2_true,N,std,jump,jump_prob,ve,dim
0,3.666974125893488,1.1641391719130978,6,0.01,0.3,0.5,0.01,1
