,L2,L2_true,N,std,jump,jump_prob,ve,dim
0,13.09403360999851,12.699613232380857,610,0.01,0.3,0.5,0.0025,3
