,L2,L2_true,N,std,jump,jump_prob,ve,dim
0,3.6156366025144004,1.8016872009619962,1,0.01,0.3,0.5,0.001,1
