,L2,L2_true,N,std,jump,jump_prob,ve,dim
0,3.689160090529072,1.4197608627433573,2000,0.01,0.3,0.5,0.01,3
