,L2,L2_true,N,std,jump,jump_prob,ve,dim
0,3.975547168014632,2.119170759254252,5,0.01,0.3,0.5,0.0025,2
