,L2,L2_true,N,std,jump,jump_prob,ve,dim
0,5.483016937466543,4.4897261895713125,19,0.01,0.3,0.5,0.001,3
