,L2,L2_true,N,std,jump,jump_prob,ve,dim
0,5.980593903179512,5.092933346688632,26,0.01,0.3,0.5,0.001,3
