,L2,L2_true,N,std,jump,jump_prob,ve,dim
0,3.7861134832470023,1.522585663838649,6,0.01,0.3,0.5,0.01,1
