,L2,L2_true,N,std,jump,jump_prob,ve,dim
0,4.379789438578633,3.0643565754497484,8,0.01,0.3,0.5,0.001,3
