,L2,L2_true,N,std,jump,jump_prob,ve,dim
0,2.020412394807594,1.9288858894315641,5,0.05,0.3,0.5,0.001,1
