,L2,L2_true,N,std,jump,jump_prob,ve,dim
0,4.908232781344259,4.143983081451175,1637,0.01,0.3,0.5,0.001,2
