,L2,L2_true,N,std,jump,jump_prob,ve,dim
0,4.793549137956506,3.405171069234437,13,0.01,0.3,0.5,0.0025,3
