,L2,L2_true,N,std,jump,jump_prob,ve,dim
0,3.6154643780554965,0.7447054884692762,1,0.01,0.3,0.5,0.01,2
