,L2,L2_true,N,std,jump,jump_prob,ve,dim
0,4.22010529744632,2.320703164394484,8,0.01,0.3,0.5,0.01,3
