,L2,L2_true,N,std,jump,jump_prob,ve,dim
0,3.0334283181490056,0.11674151608048094,2682,0.01,0.3,0.5,0.0025,1
