,L2,L2_true,N,std,jump,jump_prob,ve,dim
0,3.6280597221289344,0.9181067416750599,2,0.01,0.3,0.5,0.01,1
