,L2,L2_true,N,std,jump,jump_prob,ve,dim
0,3.4251475584239763,0.10405097801930994,517,0.01,0.3,0.5,0.01,1
