,L2,L2_true,N,std,jump,jump_prob,ve,dim
0,3.9458996091584075,1.787824388207627,6,0.01,0.3,0.5,0.01,2
