,L2,L2_true,N,std,jump,jump_prob,ve,dim
0,5.317303166426748,4.035679245256992,138,0.01,0.3,0.5,0.01,3
