,L2,L2_true,N,std,jump,jump_prob,ve,dim
0,3.873624161721236,2.2623292479329193,3,0.01,0.3,0.5,0.001,3
