,L2,L2_true,N,std,jump,jump_prob,ve,dim
0,3.0342854968669966,0.14301532764699565,1178,0.01,0.3,0.5,0.0025,1
