,L2,L2_true,N,std,jump,jump_prob,ve,dim
0,3.7000398305772655,1.3966632065456188,117,0.01,0.3,0.5,0.01,2
