,L2,L2_true,N,std,jump,jump_prob,ve,dim
0,5.244960611728421,3.882603690673098,37,0.01,0.3,0.5,0.01,3
