,L2,L2_true,N,std,jump,jump_prob,ve,dim
0,4.813242642129352,3.6433607876399305,13,0.01,0.3,0.5,0.001,2
