,L2,L2_true,N,std,jump,jump_prob,ve,dim
0,4.58928139266665,3.0492050701283646,439,0.01,0.3,0.5,0.01,3
