,L2,L2_true,N,std,jump,jump_prob,ve,dim
0,3.4626510992005435,0.5877594578175181,610,0.01,0.3,0.5,0.01,2
