,L2,L2_true,N,std,jump,jump_prob,ve,dim
0,2.1191912171693166,2.1189618985901872,13,0.2,0.3,0.5,0.001,1
