,L2,L2_true,N,std,jump,jump_prob,ve,dim
0,3.419053367339976,0.08920020355602037,517,0.01,0.3,0.5,0.01,1
