,L2,L2_true,N,std,jump,jump_prob,ve,dim
0,3.7488840406367223,2.0703062177002125,2,0.01,0.3,0.5,0.001,2
