,L2,L2_true,N,std,jump,jump_prob,ve,dim
0,3.7097552608867166,1.4124768906523923,2000,0.01,0.3,0.5,0.01,3
