,L2,L2_true,N,std,jump,jump_prob,ve,dim
0,3.558148974300069,2.167992123766318,26,0.01,0.3,0.5,0.001,1
