,L2,L2_true,N,std,jump,jump_prob,ve,dim
0,3.741418186784197,2.0221547842423804,3,0.01,0.3,0.5,0.001,1
