,L2,L2_true,N,std,jump,jump_prob,ve,dim
0,0.41363917355498114,0.3421185100377124,848,0.05,0.3,0.5,0.001,1
