,L2,L2_true,N,std,jump,jump_prob,ve,dim
0,3.622154711310737,0.744555164062163,1,0.01,0.3,0.5,0.01,1
