,L2,L2_true,N,std,jump,jump_prob,ve,dim
0,3.5573185814723853,0.9788768015789145,268,0.01,0.3,0.5,0.01,2
