,L2,L2_true,N,std,jump,jump_prob,ve,dim
0,11.154487707641348,10.720627291641554,2000,0.01,0.3,0.5,0.0025,3
