,L2,L2_true,N,std,jump,jump_prob,ve,dim
0,4.9870567162928685,4.235018477991264,1637,0.01,0.3,0.5,0.001,2
