,L2,L2_true,N,std,jump,jump_prob,ve,dim
0,0.6225180186257134,0.5407351619445513,439,0.05,0.3,0.5,0.001,1
