,L2,L2_true,N,std,jump,jump_prob,ve,dim
0,8.079566274739488,7.506489876891797,100,0.01,0.3,0.5,0.001,2
