,L2,L2_true,N,std,jump,jump_prob,ve,dim
0,3.0406595298092114,0.09445934286669477,2275,0.01,0.3,0.5,0.0025,1
