,L2,L2_true,N,std,jump,jump_prob,ve,dim
0,3.6978279717125053,1.621552607541873,3,0.01,0.3,0.5,0.0025,1
