,L2,L2_true,N,std,jump,jump_prob,ve,dim
0,6.099376787430777,5.0873357999612,31,0.01,0.3,0.5,0.0025,3
