,L2,L2_true,N,std,jump,jump_prob,ve,dim
0,8.013781812055603,7.509500131340014,372,0.01,0.3,0.5,0.001,2
