,L2,L2_true,N,std,jump,jump_prob,ve,dim
0,1.67862242626223,1.6781423129235329,4,0.2,0.3,0.5,0.001,1
