,L2,L2_true,N,std,jump,jump_prob,ve,dim
0,2.2567947755919007,2.2554991079814886,26,0.2,0.3,0.5,0.001,1
