,L2,L2_true,N,std,jump,jump_prob,ve,dim
0,3.0413136651511494,0.20427414631509047,848,0.01,0.3,0.5,0.0025,1
