,L2,L2_true,N,std,jump,jump_prob,ve,dim
0,0.7247157089240611,0.6740854345823573,316,0.05,0.3,0.5,0.001,1
