,L2,L2_true,N,std,jump,jump_prob,ve,dim
0,0.5049537607298975,0.5043193786476994,517,0.2,0.3,0.5,0.001,1
