,L2,L2_true,N,std,jump,jump_prob,ve,dim
0,2.6204593625205765,0.20209797680872818,2275,0.01,0.3,0.5,0.001,1
