,L2,L2_true,N,std,jump,jump_prob,ve,dim
0,12.949055271103642,12.544050956204977,610,0.01,0.3,0.5,0.0025,3
