,L2,L2_true,N,std,jump,jump_prob,ve,dim
0,1.0858962360512516,1.0858052888530867,138,0.2,0.3,0.5,0.001,1
