,L2,L2_true,N,std,jump,jump_prob,ve,dim
0,3.4454280751013253,0.4268739687261928,1178,0.01,0.3,0.5,0.01,2
