,L2,L2_true,N,std,jump,jump_prob,ve,dim
0,1.826416673033867,1.8247165704366453,5,0.2,0.3,0.5,0.001,1
