,L2,L2_true,N,std,jump,jump_prob,ve,dim
0,3.3759755045831583,1.369109762813592,26,0.01,0.3,0.5,0.0025,1
