,L2,L2_true,N,std,jump,jump_prob,ve,dim
0,5.816503863318619,5.174872256437371,1000,0.01,0.3,0.5,0.001,2
