,L2,L2_true,N,std,jump,jump_prob,ve,dim
0,4.1571102022116655,2.1814675203642273,7,0.01,0.3,0.5,0.01,3
