,L2,L2_true,N,std,jump,jump_prob,ve,dim
0,8.962393320736664,8.394781656723653,84,0.01,0.3,0.5,0.001,3
