,L2,L2_true,N,std,jump,jump_prob,ve,dim
0,3.935837924012858,1.7639768551003778,8,0.01,0.3,0.5,0.01,2
