,L2,L2_true,N,std,jump,jump_prob,ve,dim
0,2.6137807101164072,0.14622571227374187,2682,0.01,0.3,0.5,0.001,1
