,L2,L2_true,N,std,jump,jump_prob,ve,dim
0,3.413331469848642,0.0624727624297165,1930,0.01,0.3,0.5,0.01,1
