,L2,L2_true,N,std,jump,jump_prob,ve,dim
0,4.008088149675879,1.8963649433713896,7,0.01,0.3,0.5,0.01,2
