,L2,L2_true,N,std,jump,jump_prob,ve,dim
0,6.541542444211083,5.617606443923814,37,0.01,0.3,0.5,0.0025,3
