,L2,L2_true,N,std,jump,jump_prob,ve,dim
0,3.1092203884832443,0.7236217854884025,61,0.01,0.3,0.5,0.0025,1
