,L2,L2_true,N,std,jump,jump_prob,ve,dim
0,3.138820713536554,0.9085631677825698,71,0.01,0.3,0.5,0.0025,1
