,L2,L2_true,N,std,jump,jump_prob,ve,dim
0,4.080710396046621,2.321855533463313,5,0.01,0.3,0.5,0.0025,3
