,L2,L2_true,N,std,jump,jump_prob,ve,dim
0,3.027275869544533,0.11976300052870696,2682,0.01,0.3,0.5,0.0025,1
