,L2,L2_true,N,std,jump,jump_prob,ve,dim
0,3.216029602441188,1.7448122654859342,43,0.01,0.3,0.5,0.001,1
