,L2,L2_true,N,std,jump,jump_prob,ve,dim
0,4.801121293184853,3.271961035500089,19,0.01,0.3,0.5,0.01,3
