,L2,L2_true,N,std,jump,jump_prob,ve,dim
0,22.820487433221288,22.62744812375919,1389,0.01,0.3,0.5,0.001,3
