,L2,L2_true,N,std,jump,jump_prob,ve,dim
0,21.2883173842053,21.073925462685743,848,0.01,0.3,0.5,0.001,3
