,L2,L2_true,N,std,jump,jump_prob,ve,dim
0,3.8360279811121627,1.857885804585253,3,0.01,0.3,0.5,0.0025,3
