,L2,L2_true,N,std,jump,jump_prob,ve,dim
0,11.105538622328678,10.614560614665473,227,0.01,0.3,0.5,0.0025,3
