,L2,L2_true,N,std,jump,jump_prob,ve,dim
0,3.6044578305051154,1.123103536252684,193,0.01,0.3,0.5,0.01,2
