,L2,L2_true,N,std,jump,jump_prob,ve,dim
0,3.568468976414894,0.8809815977555696,16,0.01,0.3,0.5,0.01,1
