,L2,L2_true,N,std,jump,jump_prob,ve,dim
0,5.40517081848032,4.14696113272758,163,0.01,0.3,0.5,0.01,3
