,L2,L2_true,N,std,jump,jump_prob,ve,dim
0,1.891433205813615,1.8909194828764821,71,0.2,0.3,0.5,0.001,1
