,L2,L2_true,N,std,jump,jump_prob,ve,dim
0,2.6235367219924273,0.17037677721608707,2682,0.01,0.3,0.5,0.001,1
