,L2,L2_true,N,std,jump,jump_prob,ve,dim
0,3.4260642201708613,0.30139051345663387,2275,0.01,0.3,0.5,0.01,2
