,L2,L2_true,N,std,jump,jump_prob,ve,dim
0,3.566275764385926,1.0788053479732869,16,0.01,0.3,0.5,0.01,1
