,L2,L2_true,N,std,jump,jump_prob,ve,dim
0,1.3233955674200195,1.3241283023128743,3,0.2,0.3,0.5,0.001,1
