,L2,L2_true,N,std,jump,jump_prob,ve,dim
0,4.955819649681067,3.843931488610416,13,0.01,0.3,0.5,0.001,3
