,L2,L2_true,N,std,jump,jump_prob,ve,dim
0,4.891680942488672,3.746812972892758,13,0.01,0.3,0.5,0.001,3
