,L2,L2_true,N,std,jump,jump_prob,ve,dim
0,4.095367700628839,2.7213108344133903,610,0.01,0.3,0.5,0.0025,2
