,L2,L2_true,N,std,jump,jump_prob,ve,dim
0,5.30230000968458,4.129653498524021,31,0.01,0.3,0.5,0.0025,2
