,L2,L2_true,N,std,jump,jump_prob,ve,dim
0,8.939302929522292,8.460141870770766,227,0.01,0.3,0.5,0.001,2
