,L2,L2_true,N,std,jump,jump_prob,ve,dim
0,3.4314589821705708,0.4565797195736527,61,0.01,0.3,0.5,0.01,1
