,L2,L2_true,N,std,jump,jump_prob,ve,dim
0,1.9144861394217114,1.9148972651193616,37,0.2,0.3,0.5,0.001,1
