,L2,L2_true,N,std,jump,jump_prob,ve,dim
0,3.858713427413448,2.3466003518296072,11,0.01,0.3,0.5,0.001,1
