,L2,L2_true,N,std,jump,jump_prob,ve,dim
0,8.259277609030793,7.7684103833445475,316,0.01,0.3,0.5,0.001,2
