,L2,L2_true,N,std,jump,jump_prob,ve,dim
0,0.8392049109534866,0.8407810586849205,2,0.2,0.3,0.5,0.001,1
