,L2,L2_true,N,std,jump,jump_prob,ve,dim
0,6.12074441026105,5.218469263984154,84,0.01,0.3,0.5,0.0025,2
