,L2,L2_true,N,std,jump,jump_prob,ve,dim
0,3.7882148197607566,1.507275198637046,6,0.01,0.3,0.5,0.01,1
