,L2,L2_true,N,std,jump,jump_prob,ve,dim
0,7.22423143348722,6.6930158928323165,610,0.01,0.3,0.5,0.001,2
