,L2,L2_true,N,std,jump,jump_prob,ve,dim
0,0.4152436885662704,0.41507931842628537,719,0.2,0.3,0.5,0.001,1
