,L2,L2_true,N,std,jump,jump_prob,ve,dim
0,4.102628223302825,2.11236801834059,11,0.01,0.3,0.5,0.01,2
