,L2,L2_true,N,std,jump,jump_prob,ve,dim
0,3.692000569399886,1.4086316686989666,2000,0.01,0.3,0.5,0.01,3
