,L2,L2_true,N,std,jump,jump_prob,ve,dim
0,4.280294076358793,2.9129441960043474,7,0.01,0.3,0.5,0.001,2
