,L2,L2_true,N,std,jump,jump_prob,ve,dim
0,3.427691190943766,0.06508586153504173,1930,0.01,0.3,0.5,0.01,1
