,L2,L2_true,N,std,jump,jump_prob,ve,dim
0,2.0385916310857706,2.0071063759479215,51,0.05,0.3,0.5,0.001,1
