,L2,L2_true,N,std,jump,jump_prob,ve,dim
0,1.9461153056102136,1.9452039733388446,6,0.2,0.3,0.5,0.001,1
