,L2,L2_true,N,std,jump,jump_prob,ve,dim
0,3.424768032652888,0.3122568512121562,2000,0.01,0.3,0.5,0.01,2
