,L2,L2_true,N,std,jump,jump_prob,ve,dim
0,3.422887985012749,0.3147752209773366,2275,0.01,0.3,0.5,0.01,2
