,L2,L2_true,N,std,jump,jump_prob,ve,dim
0,8.057626130537319,7.576492445857678,439,0.01,0.3,0.5,0.001,2
