,L2,L2_true,N,std,jump,jump_prob,ve,dim
0,8.192252037122369,7.63781726840296,138,0.01,0.3,0.5,0.001,2
