,L2,L2_true,N,std,jump,jump_prob,ve,dim
0,3.468500409938196,0.5405804897235262,610,0.01,0.3,0.5,0.01,2
