,L2,L2_true,N,std,jump,jump_prob,ve,dim
0,7.0240449330276284,6.3112316594816384,51,0.01,0.3,0.5,0.001,2
