,L2,L2_true,N,std,jump,jump_prob,ve,dim
0,3.3636920541543422,2.031319506841795,51,0.01,0.3,0.5,0.001,1
