,L2,L2_true,N,std,jump,jump_prob,ve,dim
0,3.7291604127083735,2.018495946104267,3,0.01,0.3,0.5,0.001,1
