,L2,L2_true,N,std,jump,jump_prob,ve,dim
0,5.870040911987056,5.233660132598372,1000,0.01,0.3,0.5,0.001,2
