,L2,L2_true,N,std,jump,jump_prob,ve,dim
0,3.416602320681312,0.036950246874604555,3162,0.01,0.3,0.5,0.01,1
