,L2,L2_true,N,std,jump,jump_prob,ve,dim
0,4.355202467500896,3.025764506960279,8,0.01,0.3,0.5,0.001,2
