,L2,L2_true,N,std,jump,jump_prob,ve,dim
0,3.454372052976339,0.3906492753914034,1389,0.01,0.3,0.5,0.01,2
