,L2,L2_true,N,std,jump,jump_prob,ve,dim
0,4.3698874517056465,2.6395438914555456,22,0.01,0.3,0.5,0.01,2
