,L2,L2_true,N,std,jump,jump_prob,ve,dim
0,21.977809485076634,21.77258259340773,1000,0.01,0.3,0.5,0.001,3
