,L2,L2_true,N,std,jump,jump_prob,ve,dim
0,22.79295972987482,22.601221412355937,1389,0.01,0.3,0.5,0.001,3
