,L2,L2_true,N,std,jump,jump_prob,ve,dim
0,12.567162060210286,12.161820821736368,719,0.01,0.3,0.5,0.0025,3
