,L2,L2_true,N,std,jump,jump_prob,ve,dim
0,1.6711633101088597,1.5416667500108727,3,0.05,0.3,0.5,0.001,1
