,L2,L2_true,N,std,jump,jump_prob,ve,dim
0,23.908465217437406,23.73187954404057,1930,0.01,0.3,0.5,0.001,3
