,L2,L2_true,N,std,jump,jump_prob,ve,dim
0,3.61885362195313,1.3279445892960378,1,0.01,0.3,0.5,0.0025,1
