,L2,L2_true,N,std,jump,jump_prob,ve,dim
0,2.6401198986994374,0.22401900909628927,1389,0.01,0.3,0.5,0.001,1
