,L2,L2_true,N,std,jump,jump_prob,ve,dim
0,2.629779833161158,0.3207774290824984,1000,0.01,0.3,0.5,0.001,1
