,L2,L2_true,N,std,jump,jump_prob,ve,dim
0,3.102398196585131,0.6474987424255942,117,0.01,0.3,0.5,0.0025,1
