,L2,L2_true,N,std,jump,jump_prob,ve,dim
0,3.783549024121292,2.1722209435777975,6,0.01,0.3,0.5,0.001,1
