,L2,L2_true,N,std,jump,jump_prob,ve,dim
0,1.796974703177088,1.7972151757557944,71,0.2,0.3,0.5,0.001,1
