,L2,L2_true,N,std,jump,jump_prob,ve,dim
0,2.870323947857949,2.868641255358387,19,0.2,0.3,0.5,0.001,1
