,L2,L2_true,N,std,jump,jump_prob,ve,dim
0,4.3651309085578225,3.0288130038417798,8,0.01,0.3,0.5,0.001,2
