,L2,L2_true,N,std,jump,jump_prob,ve,dim
0,10.532910440450399,10.063422431483815,117,0.01,0.3,0.5,0.001,3
