,L2,L2_true,N,std,jump,jump_prob,ve,dim
0,3.039617707382683,0.24326234047837028,227,0.01,0.3,0.5,0.0025,1
