,L2,L2_true,N,std,jump,jump_prob,ve,dim
0,1.903314984329876,1.9046942953563644,13,0.2,0.3,0.5,0.001,1
