,L2,L2_true,N,std,jump,jump_prob,ve,dim
0,3.7935503804086923,1.9011317814715483,8,0.01,0.3,0.5,0.0025,1
