,L2,L2_true,N,std,jump,jump_prob,ve,dim
0,3.4504402170900104,0.4418986620915989,1178,0.01,0.3,0.5,0.01,2
