,L2,L2_true,N,std,jump,jump_prob,ve,dim
0,3.9895176038515925,2.007462585992749,51,0.01,0.3,0.5,0.01,2
