,L2,L2_true,N,std,jump,jump_prob,ve,dim
0,1.5000683965751676,1.4997808969323605,71,0.2,0.3,0.5,0.001,1
