,L2,L2_true,N,std,jump,jump_prob,ve,dim
0,3.734049175634138,1.3146255344580815,6,0.01,0.3,0.5,0.01,1
