,L2,L2_true,N,std,jump,jump_prob,ve,dim
0,3.8463586319966905,2.2388363056928586,2,0.01,0.3,0.5,0.001,1
