,L2,L2_true,N,std,jump,jump_prob,ve,dim
0,3.05262102650578,1.577781759224326,71,0.01,0.3,0.5,0.001,1
