,L2,L2_true,N,std,jump,jump_prob,ve,dim
0,3.04682518892304,0.2995236239560504,316,0.01,0.3,0.5,0.0025,1
