,L2,L2_true,N,std,jump,jump_prob,ve,dim
0,23.569132361028096,23.381418366345784,1178,0.01,0.3,0.5,0.001,3
