,L2,L2_true,N,std,jump,jump_prob,ve,dim
0,3.8415534532449565,1.8439429793675635,3,0.01,0.3,0.5,0.0025,3
