,L2,L2_true,N,std,jump,jump_prob,ve,dim
0,11.951223694994077,11.53063716394033,163,0.01,0.3,0.5,0.001,3
