,L2,L2_true,N,std,jump,jump_prob,ve,dim
0,5.84063059575942,4.905250827359694,117,0.01,0.3,0.5,0.0025,2
