,L2,L2_true,N,std,jump,jump_prob,ve,dim
0,2.181203517348586,2.1617834645209393,26,0.05,0.3,0.5,0.001,1
