,L2,L2_true,N,std,jump,jump_prob,ve,dim
0,3.66911236982176,1.6827243178567304,10,0.01,0.3,0.5,0.0025,1
