,L2,L2_true,N,std,jump,jump_prob,ve,dim
0,12.700128106052361,12.307529681518321,719,0.01,0.3,0.5,0.0025,3
