,L2,L2_true,N,std,jump,jump_prob,ve,dim
0,3.7118011828472404,1.1012160299451301,4,0.01,0.3,0.5,0.01,1
