,L2,L2_true,N,std,jump,jump_prob,ve,dim
0,4.226324618348063,2.3361861721304478,16,0.01,0.3,0.5,0.01,2
