,L2,L2_true,N,std,jump,jump_prob,ve,dim
0,3.8989176434766257,1.8872763846864211,1178,0.01,0.3,0.5,0.01,3
