,L2,L2_true,N,std,jump,jump_prob,ve,dim
0,0.21512474550454974,0.21563033811755772,3162,0.2,0.3,0.5,0.001,1
