,L2,L2_true,N,std,jump,jump_prob,ve,dim
0,3.70632868174892,2.6930562999862193,61,0.01,0.3,0.5,0.001,1
