,L2,L2_true,N,std,jump,jump_prob,ve,dim
0,4.718368979181055,3.5285572844095356,11,0.01,0.3,0.5,0.001,3
