,L2,L2_true,N,std,jump,jump_prob,ve,dim
0,12.092728255454224,11.653743494025234,316,0.01,0.3,0.5,0.0025,3
