,L2,L2_true,N,std,jump,jump_prob,ve,dim
0,3.8587349865540874,2.241092870603993,2,0.01,0.3,0.5,0.001,1
