,L2,L2_true,N,std,jump,jump_prob,ve,dim
0,4.213107125432551,2.7934478750327925,7,0.01,0.3,0.5,0.001,2
