,L2,L2_true,N,std,jump,jump_prob,ve,dim
0,3.4238273752649886,0.26695391950475317,3000,0.01,0.3,0.5,0.01,2
