,L2,L2_true,N,std,jump,jump_prob,ve,dim
0,3.6533465581926663,1.8615030663775516,2,0.01,0.3,0.5,0.001,1
