,L2,L2_true,N,std,jump,jump_prob,ve,dim
0,3.045237004317625,0.3291154098456202,316,0.01,0.3,0.5,0.0025,1
