,L2,L2_true,N,std,jump,jump_prob,ve,dim
0,4.6459472681270055,3.1998500101124803,11,0.01,0.3,0.5,0.0025,3
