,L2,L2_true,N,std,jump,jump_prob,ve,dim
0,3.9516249812722086,2.051419892564748,4,0.01,0.3,0.5,0.0025,2
