,L2,L2_true,N,std,jump,jump_prob,ve,dim
0,5.891225849718423,4.927649863510362,71,0.01,0.3,0.5,0.0025,2
