,L2,L2_true,N,std,jump,jump_prob,ve,dim
0,4.359490970277029,2.559895721926573,10,0.01,0.3,0.5,0.01,3
