,L2,L2_true,N,std,jump,jump_prob,ve,dim
0,1.9678249037213842,1.9683266549203955,61,0.2,0.3,0.5,0.001,1
