,L2,L2_true,N,std,jump,jump_prob,ve,dim
0,3.67128580263787,1.3620362895046765,138,0.01,0.3,0.5,0.01,2
