,L2,L2_true,N,std,jump,jump_prob,ve,dim
0,3.6580460727656536,1.898177692285823,2,0.01,0.3,0.5,0.001,1
