,L2,L2_true,N,std,jump,jump_prob,ve,dim
0,12.876019477626729,12.480183634540547,848,0.01,0.3,0.5,0.0025,3
