,L2,L2_true,N,std,jump,jump_prob,ve,dim
0,5.333363999742651,4.062906853725978,163,0.01,0.3,0.5,0.01,3
