,L2,L2_true,N,std,jump,jump_prob,ve,dim
0,3.1241409120855184,0.7696265776500222,84,0.01,0.3,0.5,0.0025,1
