,L2,L2_true,N,std,jump,jump_prob,ve,dim
0,11.395671116624099,10.923359906098296,268,0.01,0.3,0.5,0.0025,3
