,L2,L2_true,N,std,jump,jump_prob,ve,dim
0,3.984977933149685,2.05327654262951,1000,0.01,0.3,0.5,0.01,3
