,L2,L2_true,N,std,jump,jump_prob,ve,dim
0,7.683271189064754,7.038173425233252,71,0.01,0.3,0.5,0.001,2
