,L2,L2_true,N,std,jump,jump_prob,ve,dim
0,4.527733759559767,3.6796971492172186,2000,0.01,0.3,0.5,0.001,2
