,L2,L2_true,N,std,jump,jump_prob,ve,dim
0,1.3400181491504102,1.3398554963876932,84,0.2,0.3,0.5,0.001,1
