,L2,L2_true,N,std,jump,jump_prob,ve,dim
0,3.043811447789992,0.2859601825713354,439,0.01,0.3,0.5,0.0025,1
