,L2,L2_true,N,std,jump,jump_prob,ve,dim
0,2.215891695307925,2.2160218382124564,26,0.2,0.3,0.5,0.001,1
