,L2,L2_true,N,std,jump,jump_prob,ve,dim
0,4.52152069806157,2.9475852208875897,439,0.01,0.3,0.5,0.01,3
