,L2,L2_true,N,std,jump,jump_prob,ve,dim
0,4.137467934014381,2.7524376657525025,8,0.01,0.3,0.5,0.001,1
