,L2,L2_true,N,std,jump,jump_prob,ve,dim
0,4.93514105098732,3.627192322640039,16,0.01,0.3,0.5,0.0025,2
