,L2,L2_true,N,std,jump,jump_prob,ve,dim
0,3.1597825433067785,0.9768743424068491,100,0.01,0.3,0.5,0.0025,1
