,L2,L2_true,N,std,jump,jump_prob,ve,dim
0,1.3666633218502366,1.366734338951942,100,0.2,0.3,0.5,0.001,1
