,L2,L2_true,N,std,jump,jump_prob,ve,dim
0,3.4442244014831074,0.388211211636206,51,0.01,0.3,0.5,0.01,1
