,L2,L2_true,N,std,jump,jump_prob,ve,dim
0,4.167587762695531,2.2654504069897574,31,0.01,0.3,0.5,0.01,2
