,L2,L2_true,N,std,jump,jump_prob,ve,dim
0,3.639326775477305,0.9658682109280582,2,0.01,0.3,0.5,0.01,1
