,L2,L2_true,N,std,jump,jump_prob,ve,dim
0,3.4322260674908875,0.30961412538110683,2275,0.01,0.3,0.5,0.01,2
