,L2,L2_true,N,std,jump,jump_prob,ve,dim
0,3.7200506235940862,1.1968552007067483,3,0.01,0.3,0.5,0.01,1
