,L2,L2_true,N,std,jump,jump_prob,ve,dim
0,9.724427054185147,9.22204467728709,3000,0.01,0.3,0.5,0.0025,3
