,L2,L2_true,N,std,jump,jump_prob,ve,dim
0,3.9271574307158104,2.350481790954731,4,0.01,0.3,0.5,0.001,2
