,L2,L2_true,N,std,jump,jump_prob,ve,dim
0,3.676011770388773,1.0637206868953595,4,0.01,0.3,0.5,0.01,1
