,L2,L2_true,N,std,jump,jump_prob,ve,dim
0,1.7206347744819406,1.5985951474238915,3,0.05,0.3,0.5,0.001,1
