,L2,L2_true,N,std,jump,jump_prob,ve,dim
0,1.9445024381048428,1.9348358967270864,43,0.05,0.3,0.5,0.001,1
