,L2,L2_true,N,std,jump,jump_prob,ve,dim
0,8.378274774845988,7.849333719588547,163,0.01,0.3,0.5,0.001,2
