,L2,L2_true,N,std,jump,jump_prob,ve,dim
0,5.0722721467252,3.9919560345632896,16,0.01,0.3,0.5,0.001,2
