,L2,L2_true,N,std,jump,jump_prob,ve,dim
0,3.834821191831558,1.8528788959412235,3,0.01,0.3,0.5,0.0025,2
