,L2,L2_true,N,std,jump,jump_prob,ve,dim
0,5.300101369869334,3.9717899698881745,31,0.01,0.3,0.5,0.01,3
