,L2,L2_true,N,std,jump,jump_prob,ve,dim
0,2.578659793091487,2.5784111220997126,11,0.2,0.3,0.5,0.001,1
