,L2,L2_true,N,std,jump,jump_prob,ve,dim
0,2.7276468010247408,2.7097162092794838,11,0.05,0.3,0.5,0.001,1
