,L2,L2_true,N,std,jump,jump_prob,ve,dim
0,3.957518454167616,2.6381303018721445,19,0.01,0.3,0.5,0.001,1
