,L2,L2_true,N,std,jump,jump_prob,ve,dim
0,1.3674040897430295,1.3682124673253755,4,0.2,0.3,0.5,0.001,1
