,L2,L2_true,N,std,jump,jump_prob,ve,dim
0,3.529007793139649,0.9162774573308475,268,0.01,0.3,0.5,0.01,2
