,L2,L2_true,N,std,jump,jump_prob,ve,dim
0,2.8730880490361237,2.8769818180562106,22,0.05,0.3,0.5,0.001,1
