,L2,L2_true,N,std,jump,jump_prob,ve,dim
0,6.367274947790546,5.556534015910917,37,0.01,0.3,0.5,0.001,2
