,L2,L2_true,N,std,jump,jump_prob,ve,dim
0,2.6944747165575698,2.6932920543723173,10,0.2,0.3,0.5,0.001,1
