,L2,L2_true,N,std,jump,jump_prob,ve,dim
0,9.284200812535707,8.738268480300093,84,0.01,0.3,0.5,0.001,3
