,L2,L2_true,N,std,jump,jump_prob,ve,dim
0,3.6120224607106857,0.8956857257116996,5,0.01,0.3,0.5,0.01,1
