,L2,L2_true,N,std,jump,jump_prob,ve,dim
0,4.849591204671424,3.4722773110984098,13,0.01,0.3,0.5,0.0025,3
