,L2,L2_true,N,std,jump,jump_prob,ve,dim
0,4.589158963209926,3.356037975179209,11,0.01,0.3,0.5,0.001,2
