,L2,L2_true,N,std,jump,jump_prob,ve,dim
0,6.036696387120971,5.133927328871015,117,0.01,0.3,0.5,0.0025,2
