,L2,L2_true,N,std,jump,jump_prob,ve,dim
0,3.099896716187381,3.087252241999289,19,0.05,0.3,0.5,0.001,1
