,L2,L2_true,N,std,jump,jump_prob,ve,dim
0,4.077026856704497,2.4485278156290566,7,0.01,0.3,0.5,0.0025,1
