,L2,L2_true,N,std,jump,jump_prob,ve,dim
0,0.20972151415800142,0.20946261898888005,3162,0.2,0.3,0.5,0.001,1
