,L2,L2_true,N,std,jump,jump_prob,ve,dim
0,3.8205292712371355,1.9294877967684179,7,0.01,0.3,0.5,0.0025,1
