,L2,L2_true,N,std,jump,jump_prob,ve,dim
0,3.615509067047794,1.3291524462854212,1,0.01,0.3,0.5,0.0025,2
