,L2,L2_true,N,std,jump,jump_prob,ve,dim
0,7.80292617197933,7.172239447828737,71,0.01,0.3,0.5,0.001,2
