,L2,L2_true,N,std,jump,jump_prob,ve,dim
0,0.49754321127300144,0.498162448142872,517,0.2,0.3,0.5,0.001,1
