,L2,L2_true,N,std,jump,jump_prob,ve,dim
0,4.6251296139882045,3.3967434243920893,10,0.01,0.3,0.5,0.001,3
