,L2,L2_true,N,std,jump,jump_prob,ve,dim
0,3.7190111036675573,2.007999396499686,2,0.01,0.3,0.5,0.001,2
