,L2,L2_true,N,std,jump,jump_prob,ve,dim
0,3.067576139367322,0.4605916519586678,138,0.01,0.3,0.5,0.0025,1
