,L2,L2_true,N,std,jump,jump_prob,ve,dim
0,6.04179973260292,5.164744172186616,26,0.01,0.3,0.5,0.001,3
