,L2,L2_true,N,std,jump,jump_prob,ve,dim
0,3.704104966135972,1.438558275154437,1930,0.01,0.3,0.5,0.01,3
