,L2,L2_true,N,std,jump,jump_prob,ve,dim
0,4.393381031031015,3.0664210225055855,8,0.01,0.3,0.5,0.001,3
