,L2,L2_true,N,std,jump,jump_prob,ve,dim
0,8.35686800029754,7.805569582780256,138,0.01,0.3,0.5,0.001,2
