,L2,L2_true,N,std,jump,jump_prob,ve,dim
0,4.351438668123321,2.6700611939274803,610,0.01,0.3,0.5,0.01,3
