,L2,L2_true,N,std,jump,jump_prob,ve,dim
0,3.72571292426818,1.5882049991128633,2,0.01,0.3,0.5,0.0025,3
