,L2,L2_true,N,std,jump,jump_prob,ve,dim
0,3.462961228561501,0.554709527352952,719,0.01,0.3,0.5,0.01,2
