,L2,L2_true,N,std,jump,jump_prob,ve,dim
0,10.607484144792625,10.087146247050812,193,0.01,0.3,0.5,0.0025,3
