,L2,L2_true,N,std,jump,jump_prob,ve,dim
0,2.62538440728505,0.17916387507539763,1637,0.01,0.3,0.5,0.001,1
