,L2,L2_true,N,std,jump,jump_prob,ve,dim
0,2.630802577822947,0.34587213154861535,610,0.01,0.3,0.5,0.001,1
