,L2,L2_true,N,std,jump,jump_prob,ve,dim
0,4.020862311887661,2.211328538606549,5,0.01,0.3,0.5,0.0025,2
