,L2,L2_true,N,std,jump,jump_prob,ve,dim
0,0.43442318030352206,0.38002425735922124,719,0.05,0.3,0.5,0.001,1
