,L2,L2_true,N,std,jump,jump_prob,ve,dim
0,3.981292895682143,1.8376732647772789,5,0.01,0.3,0.5,0.01,3
