,L2,L2_true,N,std,jump,jump_prob,ve,dim
0,1.4417144417850967,1.441331214024312,84,0.2,0.3,0.5,0.001,1
