,L2,L2_true,N,std,jump,jump_prob,ve,dim
0,3.7986014511780155,2.1908994574409966,5,0.01,0.3,0.5,0.001,1
