,L2,L2_true,N,std,jump,jump_prob,ve,dim
0,2.6787005070606176,2.6801061773975934,13,0.2,0.3,0.5,0.001,1
