,L2,L2_true,N,std,jump,jump_prob,ve,dim
0,4.02153252334811,2.069147747997928,51,0.01,0.3,0.5,0.01,2
