,L2,L2_true,N,std,jump,jump_prob,ve,dim
0,5.517647730382196,4.289627202197038,117,0.01,0.3,0.5,0.01,3
