,L2,L2_true,N,std,jump,jump_prob,ve,dim
0,4.362753018777444,2.637734186674394,31,0.01,0.3,0.5,0.01,2
