,L2,L2_true,N,std,jump,jump_prob,ve,dim
0,3.053686508350327,0.31973936746959064,372,0.01,0.3,0.5,0.0025,1
