,L2,L2_true,N,std,jump,jump_prob,ve,dim
0,5.384496712493472,4.393089373044871,22,0.01,0.3,0.5,0.001,2
