,L2,L2_true,N,std,jump,jump_prob,ve,dim
0,0.452129431692605,0.3787942946025344,848,0.05,0.3,0.5,0.001,1
