,L2,L2_true,N,std,jump,jump_prob,ve,dim
0,4.670253408320478,3.4676481526266323,11,0.01,0.3,0.5,0.001,2
