,L2,L2_true,N,std,jump,jump_prob,ve,dim
0,3.488055650844206,0.7395926542433202,26,0.01,0.3,0.5,0.01,1
