,L2,L2_true,N,std,jump,jump_prob,ve,dim
0,3.0456002228940937,0.24169374885718062,372,0.01,0.3,0.5,0.0025,1
