,L2,L2_true,N,std,jump,jump_prob,ve,dim
0,3.35162962552004,1.3048371377498857,43,0.01,0.3,0.5,0.0025,1
