,L2,L2_true,N,std,jump,jump_prob,ve,dim
0,3.621212527293639,1.329404070061045,1,0.01,0.3,0.5,0.0025,1
