,L2,L2_true,N,std,jump,jump_prob,ve,dim
0,7.018669643356577,6.151339829774057,43,0.01,0.3,0.5,0.0025,3
