,L2,L2_true,N,std,jump,jump_prob,ve,dim
0,2.374145715322547,2.2988007754818325,8,0.05,0.3,0.5,0.001,1
