,L2,L2_true,N,std,jump,jump_prob,ve,dim
0,4.28721831932544,2.5904868457387606,610,0.01,0.3,0.5,0.01,3
