,L2,L2_true,N,std,jump,jump_prob,ve,dim
0,3.716360609213967,1.4254399234897763,117,0.01,0.3,0.5,0.01,2
