,L2,L2_true,N,std,jump,jump_prob,ve,dim
0,5.073816463637216,3.8103740165753734,16,0.01,0.3,0.5,0.0025,3
