,L2,L2_true,N,std,jump,jump_prob,ve,dim
0,1.4547813736344153,1.3085274874058848,2,0.05,0.3,0.5,0.001,1
