,L2,L2_true,N,std,jump,jump_prob,ve,dim
0,0.9107292632663758,0.9108305171132105,2,0.2,0.3,0.5,0.001,1
