,L2,L2_true,N,std,jump,jump_prob,ve,dim
0,12.670457984994885,12.263901294095506,517,0.01,0.3,0.5,0.0025,3
