,L2,L2_true,N,std,jump,jump_prob,ve,dim
0,2.2886675760005755,2.254100051667816,26,0.05,0.3,0.5,0.001,1
