,L2,L2_true,N,std,jump,jump_prob,ve,dim
0,3.922962028224991,1.849203055536434,71,0.01,0.3,0.5,0.01,2
