,L2,L2_true,N,std,jump,jump_prob,ve,dim
0,3.4616636136993537,0.5493635932771719,719,0.01,0.3,0.5,0.01,2
