,L2,L2_true,N,std,jump,jump_prob,ve,dim
0,3.87970457079706,2.4730101986712807,13,0.01,0.3,0.5,0.001,1
