,L2,L2_true,N,std,jump,jump_prob,ve,dim
0,5.19064755703686,3.867089496503773,227,0.01,0.3,0.5,0.01,3
