,L2,L2_true,N,std,jump,jump_prob,ve,dim
0,3.922856033139116,2.3716288063970694,3,0.01,0.3,0.5,0.001,1
