,L2,L2_true,N,std,jump,jump_prob,ve,dim
0,3.427869763778499,0.25170288598252916,100,0.01,0.3,0.5,0.01,1
