,L2,L2_true,N,std,jump,jump_prob,ve,dim
0,2.00945196020715,1.9067409468958316,5,0.05,0.3,0.5,0.001,1
