,L2,L2_true,N,std,jump,jump_prob,ve,dim
0,3.814469084653387,1.4742078807825787,5,0.01,0.3,0.5,0.01,1
