,L2,L2_true,N,std,jump,jump_prob,ve,dim
0,1.4502564694083844,1.303239642643105,2,0.05,0.3,0.5,0.001,1
