,L2,L2_true,N,std,jump,jump_prob,ve,dim
0,7.489873586716248,6.805351329559448,51,0.01,0.3,0.5,0.001,3
