,L2,L2_true,N,std,jump,jump_prob,ve,dim
0,2.027119856629572,2.026454156635547,7,0.2,0.3,0.5,0.001,1
