,L2,L2_true,N,std,jump,jump_prob,ve,dim
0,3.9731694889406444,2.038631713448399,1000,0.01,0.3,0.5,0.01,3
