,L2,L2_true,N,std,jump,jump_prob,ve,dim
0,4.339120053188342,2.754894948267683,8,0.01,0.3,0.5,0.0025,3
