,L2,L2_true,N,std,jump,jump_prob,ve,dim
0,4.341961682256351,2.753220682854332,8,0.01,0.3,0.5,0.0025,3
