,L2,L2_true,N,std,jump,jump_prob,ve,dim
0,6.077807563498,5.462379464443621,1000,0.01,0.3,0.5,0.001,2
