,L2,L2_true,N,std,jump,jump_prob,ve,dim
0,4.444484305098625,2.913581544871701,10,0.01,0.3,0.5,0.0025,2
