,L2,L2_true,N,std,jump,jump_prob,ve,dim
0,6.111515501744352,5.229197488049615,117,0.01,0.3,0.5,0.0025,2
