,L2,L2_true,N,std,jump,jump_prob,ve,dim
0,2.1412886053501237,2.1418412864463248,8,0.2,0.3,0.5,0.001,1
