,L2,L2_true,N,std,jump,jump_prob,ve,dim
0,3.6759112610762865,2.055854836133041,1000,0.01,0.3,0.5,0.0025,2
