,L2,L2_true,N,std,jump,jump_prob,ve,dim
0,3.722494080150869,2.04115190493555,3,0.01,0.3,0.5,0.001,1
