,L2,L2_true,N,std,jump,jump_prob,ve,dim
0,3.948544355676045,2.9466590778419985,3000,0.01,0.3,0.5,0.001,2
