,L2,L2_true,N,std,jump,jump_prob,ve,dim
0,4.7721262452303135,3.3931789879696606,13,0.01,0.3,0.5,0.0025,3
