,L2,L2_true,N,std,jump,jump_prob,ve,dim
0,5.996978781232932,5.043686299538755,61,0.01,0.3,0.5,0.0025,2
