,L2,L2_true,N,std,jump,jump_prob,ve,dim
0,1.3510354439889645,1.1791620476955538,1,0.05,0.3,0.5,0.001,1
