,L2,L2_true,N,std,jump,jump_prob,ve,dim
0,6.226263338199861,5.375833619538459,31,0.01,0.3,0.5,0.001,3
