,L2,L2_true,N,std,jump,jump_prob,ve,dim
0,3.406083648323733,0.07759543445881074,848,0.01,0.3,0.5,0.01,1
