,L2,L2_true,N,std,jump,jump_prob,ve,dim
0,2.2239751705154487,2.19572266822764,31,0.05,0.3,0.5,0.001,1
