,L2,L2_true,N,std,jump,jump_prob,ve,dim
0,4.44088955655843,2.8190156036199885,517,0.01,0.3,0.5,0.01,3
