,L2,L2_true,N,std,jump,jump_prob,ve,dim
0,3.577258060828447,2.0256592116116536,16,0.01,0.3,0.5,0.001,1
