,L2,L2_true,N,std,jump,jump_prob,ve,dim
0,3.605084583963952,1.1738976757437636,193,0.01,0.3,0.5,0.01,2
