,L2,L2_true,N,std,jump,jump_prob,ve,dim
0,3.70931649436797,1.4375138158931384,1930,0.01,0.3,0.5,0.01,3
