,L2,L2_true,N,std,jump,jump_prob,ve,dim
0,2.8422148396249445,2.842897930661104,16,0.2,0.3,0.5,0.001,1
