,L2,L2_true,N,std,jump,jump_prob,ve,dim
0,0.6134168883388921,0.6148249587987057,372,0.2,0.3,0.5,0.001,1
