,L2,L2_true,N,std,jump,jump_prob,ve,dim
0,4.857727186425962,3.3542398012207486,22,0.01,0.3,0.5,0.01,3
