,L2,L2_true,N,std,jump,jump_prob,ve,dim
0,3.8748676549978116,2.32129812347813,5,0.01,0.3,0.5,0.001,1
