,L2,L2_true,N,std,jump,jump_prob,ve,dim
0,3.417347784918286,0.24436896228883015,61,0.01,0.3,0.5,0.01,1
