,L2,L2_true,N,std,jump,jump_prob,ve,dim
0,2.041656424430583,1.9421277857936503,4,0.05,0.3,0.5,0.001,1
