,L2,L2_true,N,std,jump,jump_prob,ve,dim
0,1.3666130695612242,1.365261081798547,3,0.2,0.3,0.5,0.001,1
