,L2,L2_true,N,std,jump,jump_prob,ve,dim
0,2.2470297818554075,2.1740094047670553,10,0.05,0.3,0.5,0.001,1
