,L2,L2_true,N,std,jump,jump_prob,ve,dim
0,2.0022040933989684,1.9114762987879275,5,0.05,0.3,0.5,0.001,1
