,L2,L2_true,N,std,jump,jump_prob,ve,dim
0,3.438300301416885,0.37260525080495754,1389,0.01,0.3,0.5,0.01,2
