,L2,L2_true,N,std,jump,jump_prob,ve,dim
0,4.162490234644153,2.829254771142899,11,0.01,0.3,0.5,0.001,1
