,L2,L2_true,N,std,jump,jump_prob,ve,dim
0,4.065866945883201,2.6218554758773145,7,0.01,0.3,0.5,0.001,1
