,L2,L2_true,N,std,jump,jump_prob,ve,dim
0,3.034415627334842,0.10683372031308382,2682,0.01,0.3,0.5,0.0025,1
