,L2,L2_true,N,std,jump,jump_prob,ve,dim
0,4.597489763182637,3.063343641622247,439,0.01,0.3,0.5,0.01,3
