,L2,L2_true,N,std,jump,jump_prob,ve,dim
0,3.487799000762157,1.716907440949319,1389,0.01,0.3,0.5,0.0025,2
