,L2,L2_true,N,std,jump,jump_prob,ve,dim
0,3.989971725246927,2.462739045961085,4,0.01,0.3,0.5,0.001,3
