,L2,L2_true,N,std,jump,jump_prob,ve,dim
0,11.372856892105178,10.943874170873066,2000,0.01,0.3,0.5,0.0025,3
