,L2,L2_true,N,std,jump,jump_prob,ve,dim
0,12.796603457186661,12.392388524516818,610,0.01,0.3,0.5,0.0025,3
