,L2,L2_true,N,std,jump,jump_prob,ve,dim
0,0.9124228650959101,0.9124433117529492,2,0.2,0.3,0.5,0.001,1
