,L2,L2_true,N,std,jump,jump_prob,ve,dim
0,2.742872204438448,2.7177522401383274,16,0.05,0.3,0.5,0.001,1
