,L2,L2_true,N,std,jump,jump_prob,ve,dim
0,3.4538063843404796,0.5233934455521576,848,0.01,0.3,0.5,0.01,2
