,L2,L2_true,N,std,jump,jump_prob,ve,dim
0,3.447848354995719,2.0996889877093667,31,0.01,0.3,0.5,0.001,1
