,L2,L2_true,N,std,jump,jump_prob,ve,dim
0,3.0441890924477533,0.24821869490451032,848,0.01,0.3,0.5,0.0025,1
