,L2,L2_true,N,std,jump,jump_prob,ve,dim
0,5.586803398040382,4.589903926214,100,0.01,0.3,0.5,0.0025,2
