,L2,L2_true,N,std,jump,jump_prob,ve,dim
0,1.63400068088903,1.4990402847427184,3,0.05,0.3,0.5,0.001,1
