,L2,L2_true,N,std,jump,jump_prob,ve,dim
0,3.614665438337814,0.7449250731872046,1,0.01,0.3,0.5,0.01,1
