,L2,L2_true,N,std,jump,jump_prob,ve,dim
0,0.4793863848970299,0.4798373851853832,610,0.2,0.3,0.5,0.001,1
