,L2,L2_true,N,std,jump,jump_prob,ve,dim
0,7.19115101377459,6.661137290532943,610,0.01,0.3,0.5,0.001,2
