,L2,L2_true,N,std,jump,jump_prob,ve,dim
0,3.7605817626411513,1.3220691118892758,3,0.01,0.3,0.5,0.01,2
