,L2,L2_true,N,std,jump,jump_prob,ve,dim
0,4.501190235117828,2.7860952972417334,13,0.01,0.3,0.5,0.01,3
