,L2,L2_true,N,std,jump,jump_prob,ve,dim
0,2.6753196910464685,0.5772632258990851,268,0.01,0.3,0.5,0.001,1
