,L2,L2_true,N,std,jump,jump_prob,ve,dim
0,4.0314997157051415,2.268414964328743,6,0.01,0.3,0.5,0.0025,1
