,L2,L2_true,N,std,jump,jump_prob,ve,dim
0,4.405172751318217,3.168390335283446,439,0.01,0.3,0.5,0.0025,2
