,L2,L2_true,N,std,jump,jump_prob,ve,dim
0,8.317771483627693,7.7870497136126735,193,0.01,0.3,0.5,0.001,2
