,L2,L2_true,N,std,jump,jump_prob,ve,dim
0,5.198156031754162,3.833740682711424,31,0.01,0.3,0.5,0.01,3
