,L2,L2_true,N,std,jump,jump_prob,ve,dim
0,3.075082240303664,0.5654543839693204,163,0.01,0.3,0.5,0.0025,1
