,L2,L2_true,N,std,jump,jump_prob,ve,dim
0,0.6912073656906943,0.6910406786069013,268,0.2,0.3,0.5,0.001,1
