,L2,L2_true,N,std,jump,jump_prob,ve,dim
0,7.930667200322531,7.190311208701841,71,0.01,0.3,0.5,0.0025,3
