,L2,L2_true,N,std,jump,jump_prob,ve,dim
0,4.2883402368015915,2.4259339928846173,10,0.01,0.3,0.5,0.01,3
