,L2,L2_true,N,std,jump,jump_prob,ve,dim
0,4.091238072449917,2.3342632074236853,6,0.01,0.3,0.5,0.0025,2
