,L2,L2_true,N,std,jump,jump_prob,ve,dim
0,3.7069655055185566,1.6239007257775968,3,0.01,0.3,0.5,0.0025,1
