,L2,L2_true,N,std,jump,jump_prob,ve,dim
0,7.306395316091485,6.635111052507715,71,0.01,0.3,0.5,0.001,2
