,L2,L2_true,N,std,jump,jump_prob,ve,dim
0,2.5967901383878704,2.5629927346916945,16,0.05,0.3,0.5,0.001,1
