,L2,L2_true,N,std,jump,jump_prob,ve,dim
0,7.02464022481205,6.288822927437185,43,0.01,0.3,0.5,0.001,3
