,L2,L2_true,N,std,jump,jump_prob,ve,dim
0,3.415084733919971,0.05591418827703803,1178,0.01,0.3,0.5,0.01,1
