,L2,L2_true,N,std,jump,jump_prob,ve,dim
0,4.730884980707542,3.338149982660012,13,0.01,0.3,0.5,0.0025,2
