,L2,L2_true,N,std,jump,jump_prob,ve,dim
0,2.6673572270204464,0.5427460269831788,372,0.01,0.3,0.5,0.001,1
