,L2,L2_true,N,std,jump,jump_prob,ve,dim
0,4.0775582573375315,2.177343038286638,51,0.01,0.3,0.5,0.01,2
