,L2,L2_true,N,std,jump,jump_prob,ve,dim
0,3.4798122509242155,0.6432048920367999,517,0.01,0.3,0.5,0.01,2
