,L2,L2_true,N,std,jump,jump_prob,ve,dim
0,3.7244657401777963,2.0408738147322243,3,0.01,0.3,0.5,0.001,1
