,L2,L2_true,N,std,jump,jump_prob,ve,dim
0,3.612784506795175,1.0768709857139294,11,0.01,0.3,0.5,0.01,1
