,L2,L2_true,N,std,jump,jump_prob,ve,dim
0,2.35026821652083,2.3512002511973753,19,0.2,0.3,0.5,0.001,1
