,L2,L2_true,N,std,jump,jump_prob,ve,dim
0,3.9053152858490945,1.6560930869303687,4,0.01,0.3,0.5,0.01,3
