,L2,L2_true,N,std,jump,jump_prob,ve,dim
0,6.4134158895082445,5.474499494717862,37,0.01,0.3,0.5,0.0025,3
