,L2,L2_true,N,std,jump,jump_prob,ve,dim
0,5.454744129098436,4.4570974427076795,19,0.01,0.3,0.5,0.001,3
