,L2,L2_true,N,std,jump,jump_prob,ve,dim
0,2.265271655798241,2.2650912664683873,31,0.2,0.3,0.5,0.001,1
