,L2,L2_true,N,std,jump,jump_prob,ve,dim
0,3.917717777324831,2.061395215501173,6,0.01,0.3,0.5,0.0025,1
