,L2,L2_true,N,std,jump,jump_prob,ve,dim
0,4.533629242765821,2.9605575261079173,439,0.01,0.3,0.5,0.01,3
