,L2,L2_true,N,std,jump,jump_prob,ve,dim
0,11.36970465480958,10.934911606598758,138,0.01,0.3,0.5,0.001,3
