,L2,L2_true,N,std,jump,jump_prob,ve,dim
0,3.0506459158207355,0.28083350101035814,193,0.01,0.3,0.5,0.0025,1
