,L2,L2_true,N,std,jump,jump_prob,ve,dim
0,5.287550938335543,3.99886682714456,138,0.01,0.3,0.5,0.01,3
