,L2,L2_true,N,std,jump,jump_prob,ve,dim
0,5.211241337130724,3.9213044192977606,227,0.01,0.3,0.5,0.01,3
