,L2,L2_true,N,std,jump,jump_prob,ve,dim
0,2.6302576508238915,0.32280115907953755,719,0.01,0.3,0.5,0.001,1
