,L2,L2_true,N,std,jump,jump_prob,ve,dim
0,2.6271314146284426,0.13815471785567035,3162,0.01,0.3,0.5,0.001,1
