,L2,L2_true,N,std,jump,jump_prob,ve,dim
0,0.743973916872292,0.6913625002318046,316,0.05,0.3,0.5,0.001,1
