,L2,L2_true,N,std,jump,jump_prob,ve,dim
0,3.48609750764458,0.6822382564143807,517,0.01,0.3,0.5,0.01,2
