,L2,L2_true,N,std,jump,jump_prob,ve,dim
0,3.8718321265324795,1.9106554422992788,3,0.01,0.3,0.5,0.0025,3
