,L2,L2_true,N,std,jump,jump_prob,ve,dim
0,2.48061181404644,2.455736080671513,26,0.05,0.3,0.5,0.001,1
