,L2,L2_true,N,std,jump,jump_prob,ve,dim
0,2.6591514677039263,0.4850698766370967,268,0.01,0.3,0.5,0.001,1
