,L2,L2_true,N,std,jump,jump_prob,ve,dim
0,3.061583780700889,0.45323922568798836,138,0.01,0.3,0.5,0.0025,1
