,L2,L2_true,N,std,jump,jump_prob,ve,dim
0,5.915145147174959,5.0129674936265545,117,0.01,0.3,0.5,0.0025,2
