,L2,L2_true,N,std,jump,jump_prob,ve,dim
0,3.798414191568202,1.438204781295781,4,0.01,0.3,0.5,0.01,2
