,L2,L2_true,N,std,jump,jump_prob,ve,dim
0,4.863778465384648,3.5134879549813305,13,0.01,0.3,0.5,0.0025,3
