,L2,L2_true,N,std,jump,jump_prob,ve,dim
0,3.365241852071478,1.4305482242948129,1930,0.01,0.3,0.5,0.0025,2
