,L2,L2_true,N,std,jump,jump_prob,ve,dim
0,3.6054542240441836,1.328286439036054,1,0.01,0.3,0.5,0.0025,1
