,L2,L2_true,N,std,jump,jump_prob,ve,dim
0,3.4364921087163967,0.43326633921683355,37,0.01,0.3,0.5,0.01,1
