,L2,L2_true,N,std,jump,jump_prob,ve,dim
0,3.6253040184269802,1.222743183437964,163,0.01,0.3,0.5,0.01,2
