,L2,L2_true,N,std,jump,jump_prob,ve,dim
0,9.254852287340285,8.64106047050721,117,0.01,0.3,0.5,0.0025,3
