,L2,L2_true,N,std,jump,jump_prob,ve,dim
0,0.46592104955907,0.46634287228860505,719,0.2,0.3,0.5,0.001,1
