,L2,L2_true,N,std,jump,jump_prob,ve,dim
0,3.6165346698336855,1.3286527592559714,1,0.01,0.3,0.5,0.0025,1
