,L2,L2_true,N,std,jump,jump_prob,ve,dim
0,4.873219076203434,3.5106597601636222,13,0.01,0.3,0.5,0.0025,3
