,L2,L2_true,N,std,jump,jump_prob,ve,dim
0,4.872391936655377,3.7777680344879316,316,0.01,0.3,0.5,0.0025,2
