,L2,L2_true,N,std,jump,jump_prob,ve,dim
0,4.606103415598268,3.3741555339248483,10,0.01,0.3,0.5,0.001,3
