,L2,L2_true,N,std,jump,jump_prob,ve,dim
0,10.26092611038551,9.725222420886674,163,0.01,0.3,0.5,0.0025,3
