,L2,L2_true,N,std,jump,jump_prob,ve,dim
0,0.27861479726122607,0.2793359288140671,1637,0.2,0.3,0.5,0.001,1
