,L2,L2_true,N,std,jump,jump_prob,ve,dim
0,0.6246703769793854,0.6050966940152962,316,0.05,0.3,0.5,0.001,1
