,L2,L2_true,N,std,jump,jump_prob,ve,dim
0,3.7317964552476464,1.2262526836879615,3,0.01,0.3,0.5,0.01,1
