,L2,L2_true,N,std,jump,jump_prob,ve,dim
0,4.3698388285763725,2.784828807531762,8,0.01,0.3,0.5,0.0025,3
