,L2,L2_true,N,std,jump,jump_prob,ve,dim
0,23.45025364458782,23.27213034600152,1389,0.01,0.3,0.5,0.001,3
