,L2,L2_true,N,std,jump,jump_prob,ve,dim
0,4.646577895416109,3.2105370043795776,11,0.01,0.3,0.5,0.0025,3
