,L2,L2_true,N,std,jump,jump_prob,ve,dim
0,3.41162865696611,0.08344724673656558,1178,0.01,0.3,0.5,0.01,1
