,L2,L2_true,N,std,jump,jump_prob,ve,dim
0,9.621270385658537,9.111313353290651,3000,0.01,0.3,0.5,0.0025,3
