,L2,L2_true,N,std,jump,jump_prob,ve,dim
0,3.460406231363072,0.5063716738245584,848,0.01,0.3,0.5,0.01,2
