,L2,L2_true,N,std,jump,jump_prob,ve,dim
0,0.3683324132927451,0.36764571939016705,1000,0.2,0.3,0.5,0.001,1
