,L2,L2_true,N,std,jump,jump_prob,ve,dim
0,23.344643181316552,23.16157050920081,1178,0.01,0.3,0.5,0.001,3
