,L2,L2_true,N,std,jump,jump_prob,ve,dim
0,3.424399714340072,0.33542865089570106,1930,0.01,0.3,0.5,0.01,2
