,L2,L2_true,N,std,jump,jump_prob,ve,dim
0,11.96278943904747,11.551514596418322,1389,0.01,0.3,0.5,0.0025,3
