,L2,L2_true,N,std,jump,jump_prob,ve,dim
0,3.0288256881862665,3.0271871311506766,16,0.2,0.3,0.5,0.001,1
