,L2,L2_true,N,std,jump,jump_prob,ve,dim
0,5.514037154016529,4.5410371113795645,163,0.01,0.3,0.5,0.0025,2
