,L2,L2_true,N,std,jump,jump_prob,ve,dim
0,1.4117845086399379,1.3921586933180108,71,0.05,0.3,0.5,0.001,1
