,L2,L2_true,N,std,jump,jump_prob,ve,dim
0,4.272063134018394,2.628998344414243,7,0.01,0.3,0.5,0.0025,3
