,L2,L2_true,N,std,jump,jump_prob,ve,dim
0,0.30800386173321725,0.19573963687111556,2682,0.05,0.3,0.5,0.001,1
