,L2,L2_true,N,std,jump,jump_prob,ve,dim
0,3.7097964119394677,1.5587713474504976,2,0.01,0.3,0.5,0.0025,2
