,L2,L2_true,N,std,jump,jump_prob,ve,dim
0,2.6268872421550293,0.29663706932814365,1178,0.01,0.3,0.5,0.001,1
