,L2,L2_true,N,std,jump,jump_prob,ve,dim
0,1.615032797226268,1.4786651485920124,3,0.05,0.3,0.5,0.001,1
