,L2,L2_true,N,std,jump,jump_prob,ve,dim
0,3.61809333153528,0.7449047738025325,1,0.01,0.3,0.5,0.01,2
