,L2,L2_true,N,std,jump,jump_prob,ve,dim
0,5.896662534116707,5.265727249658813,1000,0.01,0.3,0.5,0.001,2
