,L2,L2_true,N,std,jump,jump_prob,ve,dim
0,2.5289045316953334,2.481439832946142,10,0.05,0.3,0.5,0.001,1
