,L2,L2_true,N,std,jump,jump_prob,ve,dim
0,4.736491062892474,3.1641602115289107,19,0.01,0.3,0.5,0.01,3
