,L2,L2_true,N,std,jump,jump_prob,ve,dim
0,4.87970200701554,3.397774390223934,19,0.01,0.3,0.5,0.01,3
