,L2,L2_true,N,std,jump,jump_prob,ve,dim
0,4.254929488148854,2.604897558811577,8,0.01,0.3,0.5,0.0025,2
