,L2,L2_true,N,std,jump,jump_prob,ve,dim
0,4.558447858959808,3.0701491037678057,10,0.01,0.3,0.5,0.0025,3
