,L2,L2_true,N,std,jump,jump_prob,ve,dim
0,3.1632076729093273,0.9232486066611466,61,0.01,0.3,0.5,0.0025,1
