,L2,L2_true,N,std,jump,jump_prob,ve,dim
0,3.4334521669055795,0.1299516388786707,268,0.01,0.3,0.5,0.01,1
