,L2,L2_true,N,std,jump,jump_prob,ve,dim
0,1.7640968081446093,1.7643394062799687,51,0.2,0.3,0.5,0.001,1
