,L2,L2_true,N,std,jump,jump_prob,ve,dim
0,3.8738814549238856,1.8304114768761774,1178,0.01,0.3,0.5,0.01,3
