,L2,L2_true,N,std,jump,jump_prob,ve,dim
0,3.4158364156666448,0.054483154930948206,1930,0.01,0.3,0.5,0.01,1
