,L2,L2_true,N,std,jump,jump_prob,ve,dim
0,13.510679000737056,13.147582513038543,227,0.01,0.3,0.5,0.001,3
