,L2,L2_true,N,std,jump,jump_prob,ve,dim
0,22.100840203219818,21.90346019556776,1000,0.01,0.3,0.5,0.001,3
