,L2,L2_true,N,std,jump,jump_prob,ve,dim
0,3.0359863382423264,0.26917843405627007,439,0.01,0.3,0.5,0.0025,1
