,L2,L2_true,N,std,jump,jump_prob,ve,dim
0,3.8088416119024853,1.6355430846491998,84,0.01,0.3,0.5,0.01,2
