,L2,L2_true,N,std,jump,jump_prob,ve,dim
0,3.689971828085387,1.1341623391207327,5,0.01,0.3,0.5,0.01,1
