,L2,L2_true,N,std,jump,jump_prob,ve,dim
0,21.87141980947282,21.663175766518428,1000,0.01,0.3,0.5,0.001,3
