,L2,L2_true,N,std,jump,jump_prob,ve,dim
0,4.966939829909713,3.6753993341632967,19,0.01,0.3,0.5,0.0025,2
