,L2,L2_true,N,std,jump,jump_prob,ve,dim
0,1.756222523153408,1.634271909162687,3,0.05,0.3,0.5,0.001,1
