,L2,L2_true,N,std,jump,jump_prob,ve,dim
0,4.434334127215358,3.125838230285268,8,0.01,0.3,0.5,0.001,3
