,L2,L2_true,N,std,jump,jump_prob,ve,dim
0,3.627443522447811,0.7921501975498498,4,0.01,0.3,0.5,0.01,1
