,L2,L2_true,N,std,jump,jump_prob,ve,dim
0,5.311988820422998,4.033472542446092,163,0.01,0.3,0.5,0.01,3
