,L2,L2_true,N,std,jump,jump_prob,ve,dim
0,0.3105784713042122,0.30994754950432474,1389,0.2,0.3,0.5,0.001,1
