,L2,L2_true,N,std,jump,jump_prob,ve,dim
0,3.955172464920182,2.4181285737123055,4,0.01,0.3,0.5,0.001,2
