,L2,L2_true,N,std,jump,jump_prob,ve,dim
0,4.177186923987945,2.843440390733163,517,0.01,0.3,0.5,0.0025,2
