,L2,L2_true,N,std,jump,jump_prob,ve,dim
0,3.4335348500795364,0.3491904865430534,1930,0.01,0.3,0.5,0.01,2
