,L2,L2_true,N,std,jump,jump_prob,ve,dim
0,0.8049092081581608,0.7445235908160311,316,0.05,0.3,0.5,0.001,1
