,L2,L2_true,N,std,jump,jump_prob,ve,dim
0,3.4458605299492753,0.3951299036762462,51,0.01,0.3,0.5,0.01,1
