,L2,L2_true,N,std,jump,jump_prob,ve,dim
0,5.13368628339324,3.7529932550038683,31,0.01,0.3,0.5,0.01,3
