,L2,L2_true,N,std,jump,jump_prob,ve,dim
0,3.03966113163388,0.22292567137325406,439,0.01,0.3,0.5,0.0025,1
