,L2,L2_true,N,std,jump,jump_prob,ve,dim
0,4.42043776170659,2.6630277152441177,13,0.01,0.3,0.5,0.01,3
