,L2,L2_true,N,std,jump,jump_prob,ve,dim
0,7.909499952506908,7.394053601833091,372,0.01,0.3,0.5,0.001,2
