,L2,L2_true,N,std,jump,jump_prob,ve,dim
0,1.7349070142937477,1.7060355658877044,51,0.05,0.3,0.5,0.001,1
