,L2,L2_true,N,std,jump,jump_prob,ve,dim
0,6.803943259802375,5.914361637127787,43,0.01,0.3,0.5,0.0025,3
