,L2,L2_true,N,std,jump,jump_prob,ve,dim
0,1.6810602452729304,1.67964709171991,5,0.2,0.3,0.5,0.001,1
