,L2,L2_true,N,std,jump,jump_prob,ve,dim
0,2.58441776077153,2.584401602730555,22,0.2,0.3,0.5,0.001,1
