,L2,L2_true,N,std,jump,jump_prob,ve,dim
0,9.098602062563677,8.545020118022835,84,0.01,0.3,0.5,0.001,3
