,L2,L2_true,N,std,jump,jump_prob,ve,dim
0,3.0321172878467935,0.14629520536520887,2275,0.01,0.3,0.5,0.0025,1
