,L2,L2_true,N,std,jump,jump_prob,ve,dim
0,5.937834696778284,5.300049636257986,1000,0.01,0.3,0.5,0.001,2
