,L2,L2_true,N,std,jump,jump_prob,ve,dim
0,0.7580780101408543,0.7279784035213263,193,0.05,0.3,0.5,0.001,1
