,L2,L2_true,N,std,jump,jump_prob,ve,dim
0,1.9900349700187805,1.9901873240695347,43,0.2,0.3,0.5,0.001,1
