,L2,L2_true,N,std,jump,jump_prob,ve,dim
0,11.069110974075453,10.575079390803356,227,0.01,0.3,0.5,0.0025,3
