,L2,L2_true,N,std,jump,jump_prob,ve,dim
0,3.036895219594892,0.16828843981896305,848,0.01,0.3,0.5,0.0025,1
