,L2,L2_true,N,std,jump,jump_prob,ve,dim
0,3.032532968934076,0.10100574340757668,3162,0.01,0.3,0.5,0.0025,1
