,L2,L2_true,N,std,jump,jump_prob,ve,dim
0,3.4295005482494996,1.5957925222039808,1637,0.01,0.3,0.5,0.0025,2
