,L2,L2_true,N,std,jump,jump_prob,ve,dim
0,1.770604742563329,1.7643271042748843,51,0.05,0.3,0.5,0.001,1
