,L2,L2_true,N,std,jump,jump_prob,ve,dim
0,3.353728704811762,1.4283871481552004,1930,0.01,0.3,0.5,0.0025,2
