,L2,L2_true,N,std,jump,jump_prob,ve,dim
0,0.40874067391954355,0.4076375308977457,1000,0.2,0.3,0.5,0.001,1
