,L2,L2_true,N,std,jump,jump_prob,ve,dim
0,3.7511238218303324,2.0562245521157485,2,0.01,0.3,0.5,0.001,3
