,L2,L2_true,N,std,jump,jump_prob,ve,dim
0,3.4149589895717902,0.11916218547874377,439,0.01,0.3,0.5,0.01,1
