,L2,L2_true,N,std,jump,jump_prob,ve,dim
0,1.9729177542053868,1.8806307455825886,5,0.05,0.3,0.5,0.001,1
