,L2,L2_true,N,std,jump,jump_prob,ve,dim
0,4.2186540703584425,2.3954518641852403,37,0.01,0.3,0.5,0.01,2
