,L2,L2_true,N,std,jump,jump_prob,ve,dim
0,4.5904375696101205,3.1167447804747264,11,0.01,0.3,0.5,0.0025,2
