,L2,L2_true,N,std,jump,jump_prob,ve,dim
0,3.429658806835714,0.2256726578842087,138,0.01,0.3,0.5,0.01,1
