,L2,L2_true,N,std,jump,jump_prob,ve,dim
0,3.6182096105052812,1.3277598799613446,1,0.01,0.3,0.5,0.0025,3
