,L2,L2_true,N,std,jump,jump_prob,ve,dim
0,10.72041984171406,10.195424109716825,193,0.01,0.3,0.5,0.0025,3
