,L2,L2_true,N,std,jump,jump_prob,ve,dim
0,6.357306660652395,5.537540049918899,31,0.01,0.3,0.5,0.001,2
