,L2,L2_true,N,std,jump,jump_prob,ve,dim
0,5.334550744832232,4.059205646274834,163,0.01,0.3,0.5,0.01,3
