,L2,L2_true,N,std,jump,jump_prob,ve,dim
0,3.447916802503975,2.0018519414680793,31,0.01,0.3,0.5,0.001,1
