,L2,L2_true,N,std,jump,jump_prob,ve,dim
0,4.003568576360052,2.027155252654307,51,0.01,0.3,0.5,0.01,2
