,L2,L2_true,N,std,jump,jump_prob,ve,dim
0,3.9401363447898,2.0308799428031112,4,0.01,0.3,0.5,0.0025,2
