,L2,L2_true,N,std,jump,jump_prob,ve,dim
0,4.5660504135525475,3.7373746328823647,1930,0.01,0.3,0.5,0.001,2
