,L2,L2_true,N,std,jump,jump_prob,ve,dim
0,4.141610978351277,2.7044667488301264,6,0.01,0.3,0.5,0.001,2
