,L2,L2_true,N,std,jump,jump_prob,ve,dim
0,4.015307638617166,1.9175346444750963,7,0.01,0.3,0.5,0.01,2
