,L2,L2_true,N,std,jump,jump_prob,ve,dim
0,3.525537193046041,1.9250081155097771,43,0.01,0.3,0.5,0.0025,1
