,L2,L2_true,N,std,jump,jump_prob,ve,dim
0,3.6830571915067583,1.3914418432313007,138,0.01,0.3,0.5,0.01,2
