,L2,L2_true,N,std,jump,jump_prob,ve,dim
0,3.1029878291403623,0.6954625575800395,100,0.01,0.3,0.5,0.0025,1
