,L2,L2_true,N,std,jump,jump_prob,ve,dim
0,5.533530870129088,4.301942352261021,117,0.01,0.3,0.5,0.01,3
