,L2,L2_true,N,std,jump,jump_prob,ve,dim
0,3.6144396462182367,0.7446124251795952,1,0.01,0.3,0.5,0.01,1
