,L2,L2_true,N,std,jump,jump_prob,ve,dim
0,3.189910340855843,0.9878163393297971,71,0.01,0.3,0.5,0.0025,1
