,L2,L2_true,N,std,jump,jump_prob,ve,dim
0,3.6499752786022426,1.2767207384370807,163,0.01,0.3,0.5,0.01,2
