,L2,L2_true,N,std,jump,jump_prob,ve,dim
0,3.5092491412862534,2.091356662151134,26,0.01,0.3,0.5,0.001,1
