,L2,L2_true,N,std,jump,jump_prob,ve,dim
0,6.441282288221385,5.503403611053091,37,0.01,0.3,0.5,0.0025,3
