,L2,L2_true,N,std,jump,jump_prob,ve,dim
0,3.6279108398538877,1.805694196083817,1,0.01,0.3,0.5,0.001,2
