,L2,L2_true,N,std,jump,jump_prob,ve,dim
0,0.6541773183975791,0.625799250480717,316,0.05,0.3,0.5,0.001,1
