,L2,L2_true,N,std,jump,jump_prob,ve,dim
0,22.074132496325017,21.875827431860696,1000,0.01,0.3,0.5,0.001,3
