,L2,L2_true,N,std,jump,jump_prob,ve,dim
0,10.513805806925252,10.04062008607562,117,0.01,0.3,0.5,0.001,3
