,L2,L2_true,N,std,jump,jump_prob,ve,dim
0,5.003709245796697,3.638771071190066,268,0.01,0.3,0.5,0.01,3
