,L2,L2_true,N,std,jump,jump_prob,ve,dim
0,4.014576585771495,1.9460871688091792,7,0.01,0.3,0.5,0.01,2
