,L2,L2_true,N,std,jump,jump_prob,ve,dim
0,5.278530226206728,3.935683861316621,37,0.01,0.3,0.5,0.01,3
