,L2,L2_true,N,std,jump,jump_prob,ve,dim
0,3.4561839216539605,0.45329310033518744,1000,0.01,0.3,0.5,0.01,2
