,L2,L2_true,N,std,jump,jump_prob,ve,dim
0,6.040985023581707,5.079252084710967,51,0.01,0.3,0.5,0.0025,2
