,L2,L2_true,N,std,jump,jump_prob,ve,dim
0,2.1622464363593346,2.0860738422154794,6,0.05,0.3,0.5,0.001,1
