,L2,L2_true,N,std,jump,jump_prob,ve,dim
0,3.9835959588178214,2.229796888711658,13,0.01,0.3,0.5,0.0025,1
