,L2,L2_true,N,std,jump,jump_prob,ve,dim
0,5.189125016843615,3.8856276972943253,227,0.01,0.3,0.5,0.01,3
