,L2,L2_true,N,std,jump,jump_prob,ve,dim
0,6.289702733499317,5.4516608543081135,31,0.01,0.3,0.5,0.001,3
