,L2,L2_true,N,std,jump,jump_prob,ve,dim
0,4.275118622025879,2.637914034214327,7,0.01,0.3,0.5,0.0025,3
