,L2,L2_true,N,std,jump,jump_prob,ve,dim
0,3.410044023189342,0.12347049907158529,316,0.01,0.3,0.5,0.01,1
