,L2,L2_true,N,std,jump,jump_prob,ve,dim
0,0.9245758199789212,0.9251608602252912,163,0.2,0.3,0.5,0.001,1
