,L2,L2_true,N,std,jump,jump_prob,ve,dim
0,3.447944252695661,0.4134147794556482,31,0.01,0.3,0.5,0.01,1
