,L2,L2_true,N,std,jump,jump_prob,ve,dim
0,5.6489459041034475,4.653700942407218,100,0.01,0.3,0.5,0.0025,2
