,L2,L2_true,N,std,jump,jump_prob,ve,dim
0,5.797763480824161,4.80436959271887,51,0.01,0.3,0.5,0.0025,2
