,L2,L2_true,N,std,jump,jump_prob,ve,dim
0,5.548211996596011,4.301985007823126,61,0.01,0.3,0.5,0.01,3
