,L2,L2_true,N,std,jump,jump_prob,ve,dim
0,6.4453999545547465,5.559218136794924,71,0.01,0.3,0.5,0.0025,2
