,L2,L2_true,N,std,jump,jump_prob,ve,dim
0,3.6541300124236096,1.8841023573692575,2,0.01,0.3,0.5,0.001,1
