,L2,L2_true,N,std,jump,jump_prob,ve,dim
0,3.7163805221962383,1.1335668185642283,2,0.01,0.3,0.5,0.01,2
