,L2,L2_true,N,std,jump,jump_prob,ve,dim
0,4.134048294732154,2.1552510605096087,7,0.01,0.3,0.5,0.01,3
