,L2,L2_true,N,std,jump,jump_prob,ve,dim
0,3.97301830772883,2.0063050066564507,1000,0.01,0.3,0.5,0.01,3
