,L2,L2_true,N,std,jump,jump_prob,ve,dim
0,4.2755025078005096,2.9156464568529823,7,0.01,0.3,0.5,0.001,3
