,L2,L2_true,N,std,jump,jump_prob,ve,dim
0,5.133530238656365,3.7262401459753067,31,0.01,0.3,0.5,0.01,3
