,L2,L2_true,N,std,jump,jump_prob,ve,dim
0,4.223198960376641,2.5378659907552388,6,0.01,0.3,0.5,0.0025,3
