,L2,L2_true,N,std,jump,jump_prob,ve,dim
0,3.8931443010192104,2.4968342051655035,11,0.01,0.3,0.5,0.001,1
