,L2,L2_true,N,std,jump,jump_prob,ve,dim
0,3.834051754204606,1.5847018989089088,7,0.01,0.3,0.5,0.01,1
