,L2,L2_true,N,std,jump,jump_prob,ve,dim
0,3.4360176035780716,0.20023628432024668,117,0.01,0.3,0.5,0.01,1
