,L2,L2_true,N,std,jump,jump_prob,ve,dim
0,5.7529905034952655,4.7483164114548835,71,0.01,0.3,0.5,0.0025,2
