,L2,L2_true,N,std,jump,jump_prob,ve,dim
0,3.4944057006720977,1.7320067563574775,1389,0.01,0.3,0.5,0.0025,2
