,L2,L2_true,N,std,jump,jump_prob,ve,dim
0,14.641519389936214,14.311161486591692,268,0.01,0.3,0.5,0.001,3
