,L2,L2_true,N,std,jump,jump_prob,ve,dim
0,11.991378186032978,11.577205981592893,1389,0.01,0.3,0.5,0.0025,3
