,L2,L2_true,N,std,jump,jump_prob,ve,dim
0,4.526856697153634,3.6768587656037557,2000,0.01,0.3,0.5,0.001,2
