,L2,L2_true,N,std,jump,jump_prob,ve,dim
0,5.357231625121596,4.189831668195675,26,0.01,0.3,0.5,0.0025,2
