,L2,L2_true,N,std,jump,jump_prob,ve,dim
0,3.946141400151646,2.4912506191587953,719,0.01,0.3,0.5,0.0025,2
