,L2,L2_true,N,std,jump,jump_prob,ve,dim
0,5.997118346209009,5.107106286399924,138,0.01,0.3,0.5,0.0025,2
