,L2,L2_true,N,std,jump,jump_prob,ve,dim
0,8.163987939172753,7.533712166985022,61,0.01,0.3,0.5,0.001,3
