,L2,L2_true,N,std,jump,jump_prob,ve,dim
0,3.7579484540459984,1.693812895490192,2,0.01,0.3,0.5,0.0025,3
