,L2,L2_true,N,std,jump,jump_prob,ve,dim
0,4.4068762847542216,3.180558189710212,439,0.01,0.3,0.5,0.0025,2
