,L2,L2_true,N,std,jump,jump_prob,ve,dim
0,4.031620630028913,2.0706812919770656,51,0.01,0.3,0.5,0.01,2
