,L2,L2_true,N,std,jump,jump_prob,ve,dim
0,8.194771134529693,7.646380188797571,138,0.01,0.3,0.5,0.001,2
