,L2,L2_true,N,std,jump,jump_prob,ve,dim
0,5.999939433212647,5.12369047196097,26,0.01,0.3,0.5,0.001,3
