,L2,L2_true,N,std,jump,jump_prob,ve,dim
0,3.1606078795104424,0.96258548707194,71,0.01,0.3,0.5,0.0025,1
