,L2,L2_true,N,std,jump,jump_prob,ve,dim
0,3.639563888010714,1.4258420282549633,2,0.01,0.3,0.5,0.0025,1
