,L2,L2_true,N,std,jump,jump_prob,ve,dim
0,3.4368109305198575,0.2889970877940968,117,0.01,0.3,0.5,0.01,1
