,L2,L2_true,N,std,jump,jump_prob,ve,dim
0,21.43684431514306,21.23101973387896,1000,0.01,0.3,0.5,0.001,3
