,L2,L2_true,N,std,jump,jump_prob,ve,dim
0,4.5684403313281,3.0000697237794545,439,0.01,0.3,0.5,0.01,3
