,L2,L2_true,N,std,jump,jump_prob,ve,dim
0,4.254096859727297,2.6039664493272205,7,0.01,0.3,0.5,0.0025,2
