,L2,L2_true,N,std,jump,jump_prob,ve,dim
0,3.4217859404511577,0.20924860033222176,138,0.01,0.3,0.5,0.01,1
