,L2,L2_true,N,std,jump,jump_prob,ve,dim
0,2.4679149176887987,2.4684171602308753,26,0.2,0.3,0.5,0.001,1
