,L2,L2_true,N,std,jump,jump_prob,ve,dim
0,3.0710140913095225,0.4858528512744528,193,0.01,0.3,0.5,0.0025,1
