,L2,L2_true,N,std,jump,jump_prob,ve,dim
0,3.6113608831227966,1.1479833321834838,193,0.01,0.3,0.5,0.01,2
