,L2,L2_true,N,std,jump,jump_prob,ve,dim
0,4.513124215257688,2.935965327521693,439,0.01,0.3,0.5,0.01,3
