,L2,L2_true,N,std,jump,jump_prob,ve,dim
0,5.960393187443852,5.332574512905503,1000,0.01,0.3,0.5,0.001,2
