,L2,L2_true,N,std,jump,jump_prob,ve,dim
0,11.873346992846828,11.412622810291332,316,0.01,0.3,0.5,0.0025,3
