,L2,L2_true,N,std,jump,jump_prob,ve,dim
0,3.709601846249774,1.9953101776742224,3,0.01,0.3,0.5,0.001,1
