,L2,L2_true,N,std,jump,jump_prob,ve,dim
0,3.0258100069135394,0.12337320757475218,1930,0.01,0.3,0.5,0.0025,1
