,L2,L2_true,N,std,jump,jump_prob,ve,dim
0,2.662021312815885,2.6006328491136594,10,0.05,0.3,0.5,0.001,1
