,L2,L2_true,N,std,jump,jump_prob,ve,dim
0,0.2702498697839411,0.27044748173759986,1930,0.2,0.3,0.5,0.001,1
