,L2,L2_true,N,std,jump,jump_prob,ve,dim
0,17.143178228475303,16.86786480925985,439,0.01,0.3,0.5,0.001,3
