,L2,L2_true,N,std,jump,jump_prob,ve,dim
0,3.03455258170832,0.10259839690322212,2275,0.01,0.3,0.5,0.0025,1
