,L2,L2_true,N,std,jump,jump_prob,ve,dim
0,0.8309029661873271,0.8308724171790229,193,0.2,0.3,0.5,0.001,1
