,L2,L2_true,N,std,jump,jump_prob,ve,dim
0,4.66439064245932,3.24535490948521,11,0.01,0.3,0.5,0.0025,3
