,L2,L2_true,N,std,jump,jump_prob,ve,dim
0,18.235199001893072,17.98731083300996,517,0.01,0.3,0.5,0.001,3
