,L2,L2_true,N,std,jump,jump_prob,ve,dim
0,5.111105926559681,4.014450013393087,16,0.01,0.3,0.5,0.001,3
