,L2,L2_true,N,std,jump,jump_prob,ve,dim
0,3.982676201817331,2.4490858556504707,4,0.01,0.3,0.5,0.001,2
