,L2,L2_true,N,std,jump,jump_prob,ve,dim
0,2.1331017290048706,2.112290657978047,31,0.05,0.3,0.5,0.001,1
