,L2,L2_true,N,std,jump,jump_prob,ve,dim
0,1.8961771466281103,1.8810108292733858,84,0.05,0.3,0.5,0.001,1
