,L2,L2_true,N,std,jump,jump_prob,ve,dim
0,5.384429737526156,4.123948435438114,163,0.01,0.3,0.5,0.01,3
