,L2,L2_true,N,std,jump,jump_prob,ve,dim
0,2.839708725346637,2.840415542697322,22,0.2,0.3,0.5,0.001,1
