,L2,L2_true,N,std,jump,jump_prob,ve,dim
0,4.861911321628455,3.4258473207860254,316,0.01,0.3,0.5,0.01,3
