,L2,L2_true,N,std,jump,jump_prob,ve,dim
0,0.6035631716240386,0.5804913934350802,372,0.05,0.3,0.5,0.001,1
