,L2,L2_true,N,std,jump,jump_prob,ve,dim
0,17.280746547971923,17.01251257970449,439,0.01,0.3,0.5,0.001,3
