,L2,L2_true,N,std,jump,jump_prob,ve,dim
0,3.4233190439749204,0.30550031498773195,100,0.01,0.3,0.5,0.01,1
