,L2,L2_true,N,std,jump,jump_prob,ve,dim
0,4.124257021999006,2.116338257684422,7,0.01,0.3,0.5,0.01,3
