,L2,L2_true,N,std,jump,jump_prob,ve,dim
0,5.3073038717213095,4.284100640378623,19,0.01,0.3,0.5,0.001,2
