,L2,L2_true,N,std,jump,jump_prob,ve,dim
0,3.0334241198037684,0.15870749189354044,719,0.01,0.3,0.5,0.0025,1
