,L2,L2_true,N,std,jump,jump_prob,ve,dim
0,3.649721221503097,1.87431424130797,2,0.01,0.3,0.5,0.001,1
