,L2,L2_true,N,std,jump,jump_prob,ve,dim
0,6.541752451793734,5.949826947706708,719,0.01,0.3,0.5,0.001,2
