,L2,L2_true,N,std,jump,jump_prob,ve,dim
0,7.72297922850412,7.064504567857483,51,0.01,0.3,0.5,0.001,3
