,L2,L2_true,N,std,jump,jump_prob,ve,dim
0,1.5349637547049169,1.3936912747369774,3,0.05,0.3,0.5,0.001,1
