,L2,L2_true,N,std,jump,jump_prob,ve,dim
0,2.27239968707351,2.2459511151626224,31,0.05,0.3,0.5,0.001,1
