,L2,L2_true,N,std,jump,jump_prob,ve,dim
0,2.7976839221006684,2.779698342778848,16,0.05,0.3,0.5,0.001,1
