,L2,L2_true,N,std,jump,jump_prob,ve,dim
0,9.775183017279945,9.192659198960323,138,0.01,0.3,0.5,0.0025,3
