,L2,L2_true,N,std,jump,jump_prob,ve,dim
0,5.182019688151094,4.117045084757084,16,0.01,0.3,0.5,0.001,3
