,L2,L2_true,N,std,jump,jump_prob,ve,dim
0,5.7906892225939695,4.795412565811058,61,0.01,0.3,0.5,0.0025,2
