,L2,L2_true,N,std,jump,jump_prob,ve,dim
0,10.772207513529764,10.311288918235318,2000,0.01,0.3,0.5,0.0025,3
