,L2,L2_true,N,std,jump,jump_prob,ve,dim
0,9.81765852404356,9.254562688235428,138,0.01,0.3,0.5,0.0025,3
