,L2,L2_true,N,std,jump,jump_prob,ve,dim
0,4.200613280298786,2.2857509529062656,8,0.01,0.3,0.5,0.01,3
