,L2,L2_true,N,std,jump,jump_prob,ve,dim
0,4.563481353138979,3.3091615301826924,10,0.01,0.3,0.5,0.001,3
