,L2,L2_true,N,std,jump,jump_prob,ve,dim
0,3.0535136512192222,0.34836929629148417,372,0.01,0.3,0.5,0.0025,1
