,L2,L2_true,N,std,jump,jump_prob,ve,dim
0,10.943109706091967,10.493823715746958,2000,0.01,0.3,0.5,0.0025,3
