,L2,L2_true,N,std,jump,jump_prob,ve,dim
0,4.154166173656751,2.1698074666295426,8,0.01,0.3,0.5,0.01,3
