,L2,L2_true,N,std,jump,jump_prob,ve,dim
0,5.55951565350224,4.3159288468662815,61,0.01,0.3,0.5,0.01,3
