,L2,L2_true,N,std,jump,jump_prob,ve,dim
0,3.7095617073420915,1.1373207772151646,2,0.01,0.3,0.5,0.01,3
