,L2,L2_true,N,std,jump,jump_prob,ve,dim
0,2.8537982516600446,2.824008645582973,31,0.05,0.3,0.5,0.001,1
