,L2,L2_true,N,std,jump,jump_prob,ve,dim
0,24.979591110281415,24.828358946747034,3000,0.01,0.3,0.5,0.001,3
