,L2,L2_true,N,std,jump,jump_prob,ve,dim
0,4.592175977699763,3.777616884118636,2000,0.01,0.3,0.5,0.001,2
