,L2,L2_true,N,std,jump,jump_prob,ve,dim
0,3.037770078832171,1.5880089571208225,84,0.01,0.3,0.5,0.001,1
