,L2,L2_true,N,std,jump,jump_prob,ve,dim
0,5.610949966013056,4.394928510960473,84,0.01,0.3,0.5,0.01,3
