,L2,L2_true,N,std,jump,jump_prob,ve,dim
0,1.2158351090238262,1.2103181875990292,2,0.2,0.3,0.5,0.001,1
