,L2,L2_true,N,std,jump,jump_prob,ve,dim
0,3.894915337703284,2.5526821525088534,16,0.01,0.3,0.5,0.001,1
