,L2,L2_true,N,std,jump,jump_prob,ve,dim
0,3.934961756623274,2.063082330786488,4,0.01,0.3,0.5,0.0025,2
