,L2,L2_true,N,std,jump,jump_prob,ve,dim
0,5.90355316593373,4.998603638607952,26,0.01,0.3,0.5,0.001,3
