,L2,L2_true,N,std,jump,jump_prob,ve,dim
0,4.359567274205774,3.481633268244013,2275,0.01,0.3,0.5,0.001,2
