,L2,L2_true,N,std,jump,jump_prob,ve,dim
0,6.4872315624687715,5.701113183230181,43,0.01,0.3,0.5,0.001,2
