,L2,L2_true,N,std,jump,jump_prob,ve,dim
0,4.858491930280092,3.7119227350011172,13,0.01,0.3,0.5,0.001,3
