,L2,L2_true,N,std,jump,jump_prob,ve,dim
0,2.6293874283072896,0.28989169095200124,719,0.01,0.3,0.5,0.001,1
