,L2,L2_true,N,std,jump,jump_prob,ve,dim
0,0.8013633159736027,0.8006104839848461,227,0.2,0.3,0.5,0.001,1
