,L2,L2_true,N,std,jump,jump_prob,ve,dim
0,5.225694110246135,3.924991431415109,227,0.01,0.3,0.5,0.01,3
