,L2,L2_true,N,std,jump,jump_prob,ve,dim
0,3.4099942070789244,0.15536025730532965,227,0.01,0.3,0.5,0.01,1
