,L2,L2_true,N,std,jump,jump_prob,ve,dim
0,3.714939734298091,1.5522822918831913,2,0.01,0.3,0.5,0.0025,2
