,L2,L2_true,N,std,jump,jump_prob,ve,dim
0,7.161744174150927,6.4658790820762455,61,0.01,0.3,0.5,0.001,2
