,L2,L2_true,N,std,jump,jump_prob,ve,dim
0,3.41520334228206,0.25334031347181474,117,0.01,0.3,0.5,0.01,1
