,L2,L2_true,N,std,jump,jump_prob,ve,dim
0,3.61031879286035,0.747975492362044,2,0.01,0.3,0.5,0.01,1
