,L2,L2_true,N,std,jump,jump_prob,ve,dim
0,3.6919934921597695,1.414046012022782,2000,0.01,0.3,0.5,0.01,3
