,L2,L2_true,N,std,jump,jump_prob,ve,dim
0,8.401055295995874,7.868682583008074,163,0.01,0.3,0.5,0.001,2
