,L2,L2_true,N,std,jump,jump_prob,ve,dim
0,9.340841466221148,8.808466318129698,84,0.01,0.3,0.5,0.001,3
