,L2,L2_true,N,std,jump,jump_prob,ve,dim
0,3.4665196251873263,0.6026882756952396,610,0.01,0.3,0.5,0.01,2
