,L2,L2_true,N,std,jump,jump_prob,ve,dim
0,4.022911469837054,2.2090101863687024,5,0.01,0.3,0.5,0.0025,2
