,L2,L2_true,N,std,jump,jump_prob,ve,dim
0,5.492168736426472,4.533872578853706,193,0.01,0.3,0.5,0.0025,2
