,L2,L2_true,N,std,jump,jump_prob,ve,dim
0,4.122736797331073,2.1982443102187963,31,0.01,0.3,0.5,0.01,2
