,L2,L2_true,N,std,jump,jump_prob,ve,dim
0,3.6156956497851924,1.8041815073791585,1,0.01,0.3,0.5,0.001,2
