,L2,L2_true,N,std,jump,jump_prob,ve,dim
0,4.204546674535555,2.5471430393842507,7,0.01,0.3,0.5,0.0025,2
