,L2,L2_true,N,std,jump,jump_prob,ve,dim
0,2.580106631519885,2.5801490959281552,11,0.2,0.3,0.5,0.001,1
