,L2,L2_true,N,std,jump,jump_prob,ve,dim
0,3.760042797931609,1.567837460468637,1637,0.01,0.3,0.5,0.01,3
