,L2,L2_true,N,std,jump,jump_prob,ve,dim
0,3.7729490406472856,1.567634941901662,1637,0.01,0.3,0.5,0.01,3
