,L2,L2_true,N,std,jump,jump_prob,ve,dim
0,3.4401948522095656,0.3341076183582801,61,0.01,0.3,0.5,0.01,1
