,L2,L2_true,N,std,jump,jump_prob,ve,dim
0,3.788723452953811,2.55170594725767,26,0.01,0.3,0.5,0.001,1
