,L2,L2_true,N,std,jump,jump_prob,ve,dim
0,5.282157248789554,4.108112554554651,26,0.01,0.3,0.5,0.0025,2
