,L2,L2_true,N,std,jump,jump_prob,ve,dim
0,2.9572573813895167,1.4201747977875587,71,0.01,0.3,0.5,0.001,1
