,L2,L2_true,N,std,jump,jump_prob,ve,dim
0,5.223138174475858,4.513574079647907,1389,0.01,0.3,0.5,0.001,2
