,L2,L2_true,N,std,jump,jump_prob,ve,dim
0,3.4874759169730076,0.6976284494345588,26,0.01,0.3,0.5,0.01,1
