,L2,L2_true,N,std,jump,jump_prob,ve,dim
0,3.85109246105107,2.751576154077635,43,0.01,0.3,0.5,0.001,1
