,L2,L2_true,N,std,jump,jump_prob,ve,dim
0,9.226929429280576,8.606959730740586,117,0.01,0.3,0.5,0.0025,3
