,L2,L2_true,N,std,jump,jump_prob,ve,dim
0,0.2598468931715863,0.2598714383766035,2275,0.2,0.3,0.5,0.001,1
