,L2,L2_true,N,std,jump,jump_prob,ve,dim
0,3.439087776526185,0.3338042447250586,1930,0.01,0.3,0.5,0.01,2
