,L2,L2_true,N,std,jump,jump_prob,ve,dim
0,3.6439958580306215,0.9589359632668667,2,0.01,0.3,0.5,0.01,1
