,L2,L2_true,N,std,jump,jump_prob,ve,dim
0,4.150174309934821,2.1754940519712647,8,0.01,0.3,0.5,0.01,2
