,L2,L2_true,N,std,jump,jump_prob,ve,dim
0,1.8953772374105904,1.777020250973107,2,0.05,0.3,0.5,0.001,1
