,L2,L2_true,N,std,jump,jump_prob,ve,dim
0,8.112640619306449,7.388248464132251,71,0.01,0.3,0.5,0.0025,3
