,L2,L2_true,N,std,jump,jump_prob,ve,dim
0,0.5898014885185378,0.5892408146344332,439,0.2,0.3,0.5,0.001,1
