,L2,L2_true,N,std,jump,jump_prob,ve,dim
0,4.110300470436559,3.1102805122862724,43,0.01,0.3,0.5,0.001,1
