,L2,L2_true,N,std,jump,jump_prob,ve,dim
0,9.384716863297038,8.775286389634536,117,0.01,0.3,0.5,0.0025,3
