,L2,L2_true,N,std,jump,jump_prob,ve,dim
0,1.710988476744782,1.7110339745462249,8,0.2,0.3,0.5,0.001,1
