,L2,L2_true,N,std,jump,jump_prob,ve,dim
0,3.5513110025625694,0.7374307946705092,13,0.01,0.3,0.5,0.01,1
