,L2,L2_true,N,std,jump,jump_prob,ve,dim
0,5.685712698298092,4.647247149024776,43,0.01,0.3,0.5,0.0025,2
