,L2,L2_true,N,std,jump,jump_prob,ve,dim
0,3.8527302920409654,1.9007743925076586,4,0.01,0.3,0.5,0.0025,1
