,L2,L2_true,N,std,jump,jump_prob,ve,dim
0,3.0361624070949262,0.19394182575260957,517,0.01,0.3,0.5,0.0025,1
