,L2,L2_true,N,std,jump,jump_prob,ve,dim
0,4.255205546520896,2.3836261348328964,10,0.01,0.3,0.5,0.01,3
