,L2,L2_true,N,std,jump,jump_prob,ve,dim
0,2.6280966986738714,0.24051584443575325,1178,0.01,0.3,0.5,0.001,1
