,L2,L2_true,N,std,jump,jump_prob,ve,dim
0,5.3257347147772105,4.038840866416125,163,0.01,0.3,0.5,0.01,3
