,L2,L2_true,N,std,jump,jump_prob,ve,dim
0,3.3669329453617998,1.42275007805372,1930,0.01,0.3,0.5,0.0025,2
