,L2,L2_true,N,std,jump,jump_prob,ve,dim
0,0.3798330561922685,0.30878106076567596,1178,0.05,0.3,0.5,0.001,1
