,L2,L2_true,N,std,jump,jump_prob,ve,dim
0,4.435569299321349,3.216590221209523,439,0.01,0.3,0.5,0.0025,2
