,L2,L2_true,N,std,jump,jump_prob,ve,dim
0,13.497151373598008,13.132007496253424,227,0.01,0.3,0.5,0.001,3
