,L2,L2_true,N,std,jump,jump_prob,ve,dim
0,3.3530071098754637,1.4230567493771762,1930,0.01,0.3,0.5,0.0025,2
