,L2,L2_true,N,std,jump,jump_prob,ve,dim
0,3.4161182987591108,0.07803236840846973,848,0.01,0.3,0.5,0.01,1
