,L2,L2_true,N,std,jump,jump_prob,ve,dim
0,3.659453625290644,2.0504306257069103,1000,0.01,0.3,0.5,0.0025,2
