,L2,L2_true,N,std,jump,jump_prob,ve,dim
0,2.677617596014294,0.5742535684784249,316,0.01,0.3,0.5,0.001,1
