,L2,L2_true,N,std,jump,jump_prob,ve,dim
0,3.421971882584999,0.3410761139427332,61,0.01,0.3,0.5,0.01,1
