,L2,L2_true,N,std,jump,jump_prob,ve,dim
0,2.6430853221571287,0.3366641428163921,439,0.01,0.3,0.5,0.001,1
