,L2,L2_true,N,std,jump,jump_prob,ve,dim
0,3.23730570385531,1.138308735789722,3000,0.01,0.3,0.5,0.0025,2
