,L2,L2_true,N,std,jump,jump_prob,ve,dim
0,18.23602603825382,17.973456117124112,517,0.01,0.3,0.5,0.001,3
