,L2,L2_true,N,std,jump,jump_prob,ve,dim
0,4.659709222471632,3.444628298217565,10,0.01,0.3,0.5,0.001,2
