,L2,L2_true,N,std,jump,jump_prob,ve,dim
0,0.43851771741502266,0.4387535489792437,610,0.2,0.3,0.5,0.001,1
