,L2,L2_true,N,std,jump,jump_prob,ve,dim
0,3.463552891334459,0.5585044175022926,719,0.01,0.3,0.5,0.01,2
