,L2,L2_true,N,std,jump,jump_prob,ve,dim
0,2.3865446669343644,2.300800161656948,8,0.05,0.3,0.5,0.001,1
