,L2,L2_true,N,std,jump,jump_prob,ve,dim
0,6.057159771568974,5.159783819401198,117,0.01,0.3,0.5,0.0025,2
