,L2,L2_true,N,std,jump,jump_prob,ve,dim
0,2.0696433497339144,2.064103474968284,22,0.05,0.3,0.5,0.001,1
