,L2,L2_true,N,std,jump,jump_prob,ve,dim
0,3.186496026774277,0.9197351289489407,51,0.01,0.3,0.5,0.0025,1
