,L2,L2_true,N,std,jump,jump_prob,ve,dim
0,3.7998629934316797,1.6227293063654622,84,0.01,0.3,0.5,0.01,2
