,L2,L2_true,N,std,jump,jump_prob,ve,dim
0,11.826492848917376,11.413800539531605,163,0.01,0.3,0.5,0.001,3
