,L2,L2_true,N,std,jump,jump_prob,ve,dim
0,0.4136946838632609,0.4140575478711646,848,0.2,0.3,0.5,0.001,1
