,L2,L2_true,N,std,jump,jump_prob,ve,dim
0,10.425220756599124,9.89279519387089,163,0.01,0.3,0.5,0.0025,3
