,L2,L2_true,N,std,jump,jump_prob,ve,dim
0,2.25119720152582,2.251149791304101,19,0.2,0.3,0.5,0.001,1
