,L2,L2_true,N,std,jump,jump_prob,ve,dim
0,12.716864820492075,12.301812461262541,517,0.01,0.3,0.5,0.0025,3
