,L2,L2_true,N,std,jump,jump_prob,ve,dim
0,3.6237575415146384,0.7450241322639595,1,0.01,0.3,0.5,0.01,2
