,L2,L2_true,N,std,jump,jump_prob,ve,dim
0,10.902791703677323,10.453094528109437,2000,0.01,0.3,0.5,0.0025,3
