,L2,L2_true,N,std,jump,jump_prob,ve,dim
0,8.076045339521166,7.499568574710875,117,0.01,0.3,0.5,0.001,2
