,L2,L2_true,N,std,jump,jump_prob,ve,dim
0,0.4569931007606597,0.4177083184620516,517,0.05,0.3,0.5,0.001,1
