,L2,L2_true,N,std,jump,jump_prob,ve,dim
0,4.439194761863543,3.501296807883589,31,0.01,0.3,0.5,0.001,1
