,L2,L2_true,N,std,jump,jump_prob,ve,dim
0,5.280013152272175,3.9900759237355126,163,0.01,0.3,0.5,0.01,3
