,L2,L2_true,N,std,jump,jump_prob,ve,dim
0,5.646043972027817,4.702468448043556,26,0.01,0.3,0.5,0.001,2
