,L2,L2_true,N,std,jump,jump_prob,ve,dim
0,3.426524894218535,0.33570764722371127,84,0.01,0.3,0.5,0.01,1
