,L2,L2_true,N,std,jump,jump_prob,ve,dim
0,3.658377910943214,2.0313360744214384,1000,0.01,0.3,0.5,0.0025,2
