,L2,L2_true,N,std,jump,jump_prob,ve,dim
0,4.413809707212744,2.784052361183484,517,0.01,0.3,0.5,0.01,3
