,L2,L2_true,N,std,jump,jump_prob,ve,dim
0,4.174684629507492,2.2876038761603548,37,0.01,0.3,0.5,0.01,2
