,L2,L2_true,N,std,jump,jump_prob,ve,dim
0,3.6308061403559124,1.2278847650793339,163,0.01,0.3,0.5,0.01,2
