,L2,L2_true,N,std,jump,jump_prob,ve,dim
0,5.163412515723705,4.135780343577605,227,0.01,0.3,0.5,0.0025,2
