,L2,L2_true,N,std,jump,jump_prob,ve,dim
0,12.594620873203484,12.204090391188108,193,0.01,0.3,0.5,0.001,3
