,L2,L2_true,N,std,jump,jump_prob,ve,dim
0,3.631292827688634,0.7447741137537175,1,0.01,0.3,0.5,0.01,1
