,L2,L2_true,N,std,jump,jump_prob,ve,dim
0,2.6241834056129507,0.24938016192040632,1178,0.01,0.3,0.5,0.001,1
