,L2,L2_true,N,std,jump,jump_prob,ve,dim
0,3.669389466251654,1.0033763905296198,2,0.01,0.3,0.5,0.01,2
