,L2,L2_true,N,std,jump,jump_prob,ve,dim
0,3.7406290510314717,2.34476978253777,19,0.01,0.3,0.5,0.001,1
