,L2,L2_true,N,std,jump,jump_prob,ve,dim
0,3.6364742243734742,0.9327520576225333,2,0.01,0.3,0.5,0.01,1
