,L2,L2_true,N,std,jump,jump_prob,ve,dim
0,5.153643461423143,4.102792251741671,19,0.01,0.3,0.5,0.001,2
