,L2,L2_true,N,std,jump,jump_prob,ve,dim
0,3.801102962077746,1.4347561140922784,4,0.01,0.3,0.5,0.01,2
