,L2,L2_true,N,std,jump,jump_prob,ve,dim
0,12.784135535084246,12.39586674501083,610,0.01,0.3,0.5,0.0025,3
