,L2,L2_true,N,std,jump,jump_prob,ve,dim
0,1.3499559127672887,1.1784991761094983,1,0.05,0.3,0.5,0.001,1
