,L2,L2_true,N,std,jump,jump_prob,ve,dim
0,0.4971088875551899,0.4415926819283171,719,0.05,0.3,0.5,0.001,1
