,L2,L2_true,N,std,jump,jump_prob,ve,dim
0,2.769781808842932,0.9598715497030054,193,0.01,0.3,0.5,0.001,1
