,L2,L2_true,N,std,jump,jump_prob,ve,dim
0,5.541400924561407,4.580618460684466,26,0.01,0.3,0.5,0.001,2
