,L2,L2_true,N,std,jump,jump_prob,ve,dim
0,3.4793002857539124,0.5624095479918476,31,0.01,0.3,0.5,0.01,1
