,L2,L2_true,N,std,jump,jump_prob,ve,dim
0,2.7582117699474304,2.7141594319348625,22,0.05,0.3,0.5,0.001,1
