,L2,L2_true,N,std,jump,jump_prob,ve,dim
0,24.614030770778683,24.43629652515972,1930,0.01,0.3,0.5,0.001,3
