,L2,L2_true,N,std,jump,jump_prob,ve,dim
0,5.233852535319826,3.9142759077906857,163,0.01,0.3,0.5,0.01,3
