,L2,L2_true,N,std,jump,jump_prob,ve,dim
0,4.215699215985793,2.8206398405523383,6,0.01,0.3,0.5,0.001,3
