,L2,L2_true,N,std,jump,jump_prob,ve,dim
0,0.5639122567997233,0.5082396326768738,439,0.05,0.3,0.5,0.001,1
