,L2,L2_true,N,std,jump,jump_prob,ve,dim
0,5.155870607158498,4.08115852719543,16,0.01,0.3,0.5,0.001,3
