,L2,L2_true,N,std,jump,jump_prob,ve,dim
0,3.3376350175343514,1.3665431434354582,37,0.01,0.3,0.5,0.0025,1
