,L2,L2_true,N,std,jump,jump_prob,ve,dim
0,5.2841422747287154,4.015285214414313,193,0.01,0.3,0.5,0.01,3
