,L2,L2_true,N,std,jump,jump_prob,ve,dim
0,0.4090504006144568,0.3150891952694372,1178,0.05,0.3,0.5,0.001,1
