,L2,L2_true,N,std,jump,jump_prob,ve,dim
0,3.7960770695568358,1.8531068685735874,6,0.01,0.3,0.5,0.0025,1
