,L2,L2_true,N,std,jump,jump_prob,ve,dim
0,4.17909541689804,2.258154825462712,16,0.01,0.3,0.5,0.01,2
