,L2,L2_true,N,std,jump,jump_prob,ve,dim
0,2.17752153559229,2.0883910929257383,5,0.05,0.3,0.5,0.001,1
