,L2,L2_true,N,std,jump,jump_prob,ve,dim
0,3.037004732282147,0.20953577063699858,610,0.01,0.3,0.5,0.0025,1
