,L2,L2_true,N,std,jump,jump_prob,ve,dim
0,3.0372160416590903,0.10063677198689036,1930,0.01,0.3,0.5,0.0025,1
