,L2,L2_true,N,std,jump,jump_prob,ve,dim
0,3.5204834221621506,0.8490257947865061,316,0.01,0.3,0.5,0.01,2
