,L2,L2_true,N,std,jump,jump_prob,ve,dim
0,2.6320342626691904,0.30959104186078396,610,0.01,0.3,0.5,0.001,1
