,L2,L2_true,N,std,jump,jump_prob,ve,dim
0,2.6085976600610397,0.17158131364864218,2682,0.01,0.3,0.5,0.001,1
