,L2,L2_true,N,std,jump,jump_prob,ve,dim
0,3.709076304676632,1.996023363288226,3,0.01,0.3,0.5,0.001,1
