,L2,L2_true,N,std,jump,jump_prob,ve,dim
0,3.8161787283712627,1.7082060914001564,1389,0.01,0.3,0.5,0.01,3
