,L2,L2_true,N,std,jump,jump_prob,ve,dim
0,3.8941610073228605,1.9734040169252585,4,0.01,0.3,0.5,0.0025,2
