,L2,L2_true,N,std,jump,jump_prob,ve,dim
0,2.5756771904035736,2.5203036070786693,8,0.05,0.3,0.5,0.001,1
