,L2,L2_true,N,std,jump,jump_prob,ve,dim
0,3.05877008883041,3.0579991311315196,26,0.2,0.3,0.5,0.001,1
