,L2,L2_true,N,std,jump,jump_prob,ve,dim
0,4.244135582959991,2.43824448174811,31,0.01,0.3,0.5,0.01,2
