,L2,L2_true,N,std,jump,jump_prob,ve,dim
0,4.7964454124043785,3.6349908589133015,13,0.01,0.3,0.5,0.001,2
