,L2,L2_true,N,std,jump,jump_prob,ve,dim
0,2.758223007778398,0.8742872840055479,163,0.01,0.3,0.5,0.001,1
