,L2,L2_true,N,std,jump,jump_prob,ve,dim
0,3.158791698279317,0.8423962997317908,43,0.01,0.3,0.5,0.0025,1
