,L2,L2_true,N,std,jump,jump_prob,ve,dim
0,11.843058117434671,11.431460001168093,163,0.01,0.3,0.5,0.001,3
