,L2,L2_true,N,std,jump,jump_prob,ve,dim
0,3.8507267439805357,1.8499438287098868,2,0.01,0.3,0.5,0.0025,1
