,L2,L2_true,N,std,jump,jump_prob,ve,dim
0,3.9474905611531703,2.520916729594547,719,0.01,0.3,0.5,0.0025,2
