,L2,L2_true,N,std,jump,jump_prob,ve,dim
0,5.182164581838709,4.447274389490972,1389,0.01,0.3,0.5,0.001,2
