,L2,L2_true,N,std,jump,jump_prob,ve,dim
0,3.6093116434424513,1.1158988657017899,193,0.01,0.3,0.5,0.01,2
