,L2,L2_true,N,std,jump,jump_prob,ve,dim
0,9.093397526810325,8.546524072746257,84,0.01,0.3,0.5,0.001,3
