,L2,L2_true,N,std,jump,jump_prob,ve,dim
0,17.29108106941175,17.01229431358567,439,0.01,0.3,0.5,0.001,3
