,L2,L2_true,N,std,jump,jump_prob,ve,dim
0,2.2046951694592356,2.202921126464328,8,0.2,0.3,0.5,0.001,1
