,L2,L2_true,N,std,jump,jump_prob,ve,dim
0,4.9578893448786925,3.9077030687659464,316,0.01,0.3,0.5,0.0025,2
