,L2,L2_true,N,std,jump,jump_prob,ve,dim
0,5.411764869299096,4.143379871919609,84,0.01,0.3,0.5,0.01,3
