,L2,L2_true,N,std,jump,jump_prob,ve,dim
0,3.093515155210276,0.5625143421262931,117,0.01,0.3,0.5,0.0025,1
