,L2,L2_true,N,std,jump,jump_prob,ve,dim
0,4.8916505238192824,3.7556985449430043,13,0.01,0.3,0.5,0.001,3
