,L2,L2_true,N,std,jump,jump_prob,ve,dim
0,4.61880096858321,3.39262946270476,10,0.01,0.3,0.5,0.001,2
