,L2,L2_true,N,std,jump,jump_prob,ve,dim
0,2.6540351578534263,0.4751823846145054,372,0.01,0.3,0.5,0.001,1
