,L2,L2_true,N,std,jump,jump_prob,ve,dim
0,5.2646105768361835,3.9136647705680665,43,0.01,0.3,0.5,0.01,3
