,L2,L2_true,N,std,jump,jump_prob,ve,dim
0,9.125364882353713,8.573726255633975,84,0.01,0.3,0.5,0.001,3
