,L2,L2_true,N,std,jump,jump_prob,ve,dim
0,2.5616257839541885,2.5486227727175965,16,0.05,0.3,0.5,0.001,1
