,L2,L2_true,N,std,jump,jump_prob,ve,dim
0,3.4300428669990133,0.07236501627489966,848,0.01,0.3,0.5,0.01,1
