,L2,L2_true,N,std,jump,jump_prob,ve,dim
0,4.632849708097592,3.4056084412942322,10,0.01,0.3,0.5,0.001,3
