,L2,L2_true,N,std,jump,jump_prob,ve,dim
0,0.37797599241739055,0.3705338538608367,1,0.2,0.3,0.5,0.001,1
