,L2,L2_true,N,std,jump,jump_prob,ve,dim
0,3.8243568143336573,1.6310088300599774,84,0.01,0.3,0.5,0.01,2
