,L2,L2_true,N,std,jump,jump_prob,ve,dim
0,3.6741298698185627,1.322615352832432,138,0.01,0.3,0.5,0.01,2
