,L2,L2_true,N,std,jump,jump_prob,ve,dim
0,7.066302224103625,6.33022546009421,43,0.01,0.3,0.5,0.001,3
