,L2,L2_true,N,std,jump,jump_prob,ve,dim
0,0.49797504989565144,0.44497561079659387,517,0.05,0.3,0.5,0.001,1
