,L2,L2_true,N,std,jump,jump_prob,ve,dim
0,8.77397569580704,8.272613503185545,193,0.01,0.3,0.5,0.001,2
