,L2,L2_true,N,std,jump,jump_prob,ve,dim
0,2.122783837180108,2.0779994028058333,31,0.05,0.3,0.5,0.001,1
