,L2,L2_true,N,std,jump,jump_prob,ve,dim
0,11.731282963183007,11.266016648562253,316,0.01,0.3,0.5,0.0025,3
