,L2,L2_true,N,std,jump,jump_prob,ve,dim
0,0.8875291439151567,0.8869067632966239,227,0.2,0.3,0.5,0.001,1
