,L2,L2_true,N,std,jump,jump_prob,ve,dim
0,5.429105912169122,4.177382150479424,138,0.01,0.3,0.5,0.01,3
