,L2,L2_true,N,std,jump,jump_prob,ve,dim
0,3.468361051353297,1.666957821205074,1389,0.01,0.3,0.5,0.0025,2
