,L2,L2_true,N,std,jump,jump_prob,ve,dim
0,2.620972201431803,2.534714194511241,5,0.05,0.3,0.5,0.001,1
