,L2,L2_true,N,std,jump,jump_prob,ve,dim
0,4.86637559125507,3.524889245886593,16,0.01,0.3,0.5,0.0025,2
