,L2,L2_true,N,std,jump,jump_prob,ve,dim
0,2.8331101609133365,2.832703757733418,22,0.2,0.3,0.5,0.001,1
