,L2,L2_true,N,std,jump,jump_prob,ve,dim
0,4.5363127294351555,2.9551987111543347,439,0.01,0.3,0.5,0.01,3
