,L2,L2_true,N,std,jump,jump_prob,ve,dim
0,19.063432045201242,18.828377816550592,610,0.01,0.3,0.5,0.001,3
