,L2,L2_true,N,std,jump,jump_prob,ve,dim
0,7.2929362110800655,6.611649093896124,61,0.01,0.3,0.5,0.001,2
