,L2,L2_true,N,std,jump,jump_prob,ve,dim
0,4.869012655947861,3.7339099973313536,13,0.01,0.3,0.5,0.001,2
