,L2,L2_true,N,std,jump,jump_prob,ve,dim
0,3.166578402868305,0.9323230950606205,61,0.01,0.3,0.5,0.0025,1
