,L2,L2_true,N,std,jump,jump_prob,ve,dim
0,0.3726829398612557,0.3028436105698562,1389,0.05,0.3,0.5,0.001,1
