,L2,L2_true,N,std,jump,jump_prob,ve,dim
0,3.92399453181473,2.366802030523435,4,0.01,0.3,0.5,0.001,1
