,L2,L2_true,N,std,jump,jump_prob,ve,dim
0,4.0301884161763875,1.9474681860071206,8,0.01,0.3,0.5,0.01,2
