,L2,L2_true,N,std,jump,jump_prob,ve,dim
0,3.423371799510012,0.1748767424894664,227,0.01,0.3,0.5,0.01,1
