,L2,L2_true,N,std,jump,jump_prob,ve,dim
0,4.974434983432586,4.2162996465418985,1637,0.01,0.3,0.5,0.001,2
