,L2,L2_true,N,std,jump,jump_prob,ve,dim
0,3.9578146721877485,2.9557560242254683,3000,0.01,0.3,0.5,0.001,2
