,L2,L2_true,N,std,jump,jump_prob,ve,dim
0,0.7200956722619138,0.7204203170621912,227,0.2,0.3,0.5,0.001,1
