,L2,L2_true,N,std,jump,jump_prob,ve,dim
0,7.640885598583628,6.967946395480869,51,0.01,0.3,0.5,0.001,3
