,L2,L2_true,N,std,jump,jump_prob,ve,dim
0,2.1191889247570797,2.117496189237747,7,0.2,0.3,0.5,0.001,1
