,L2,L2_true,N,std,jump,jump_prob,ve,dim
0,0.34049223620599883,0.23890875648879342,1930,0.05,0.3,0.5,0.001,1
