,L2,L2_true,N,std,jump,jump_prob,ve,dim
0,3.5422913485443135,2.2633557512223352,43,0.01,0.3,0.5,0.001,1
