,L2,L2_true,N,std,jump,jump_prob,ve,dim
0,3.625640211756218,1.3297069498366465,1,0.01,0.3,0.5,0.0025,2
