,L2,L2_true,N,std,jump,jump_prob,ve,dim
0,5.254022526314506,3.963369889189034,163,0.01,0.3,0.5,0.01,3
