,L2,L2_true,N,std,jump,jump_prob,ve,dim
0,3.886882512391596,2.3867103867363593,8,0.01,0.3,0.5,0.001,1
