,L2,L2_true,N,std,jump,jump_prob,ve,dim
0,2.2927602225359927,2.2353936255380993,19,0.05,0.3,0.5,0.001,1
