,L2,L2_true,N,std,jump,jump_prob,ve,dim
0,4.266376186771343,2.898315876669526,7,0.01,0.3,0.5,0.001,2
