,L2,L2_true,N,std,jump,jump_prob,ve,dim
0,3.457961011390843,2.1195499175499197,31,0.01,0.3,0.5,0.001,1
