,L2,L2_true,N,std,jump,jump_prob,ve,dim
0,2.623401108223245,0.23188428634170094,1389,0.01,0.3,0.5,0.001,1
