,L2,L2_true,N,std,jump,jump_prob,ve,dim
0,3.904962712019042,2.3919739569109217,6,0.01,0.3,0.5,0.001,1
