,L2,L2_true,N,std,jump,jump_prob,ve,dim
0,10.565750244056737,10.04977672137457,193,0.01,0.3,0.5,0.0025,3
