,L2,L2_true,N,std,jump,jump_prob,ve,dim
0,3.819718842953509,1.855806769636232,5,0.01,0.3,0.5,0.0025,1
