,L2,L2_true,N,std,jump,jump_prob,ve,dim
0,2.622102023957229,0.19781573129506952,1930,0.01,0.3,0.5,0.001,1
