,L2,L2_true,N,std,jump,jump_prob,ve,dim
0,10.1957706759497,9.65408632139772,163,0.01,0.3,0.5,0.0025,3
