,L2,L2_true,N,std,jump,jump_prob,ve,dim
0,4.761506946995783,3.196938316807873,19,0.01,0.3,0.5,0.01,3
