,L2,L2_true,N,std,jump,jump_prob,ve,dim
0,5.641522292186849,4.693384395396233,193,0.01,0.3,0.5,0.0025,2
