,L2,L2_true,N,std,jump,jump_prob,ve,dim
0,3.6299136004078085,1.0028416408110543,11,0.01,0.3,0.5,0.01,1
