,L2,L2_true,N,std,jump,jump_prob,ve,dim
0,7.175788708147255,6.502009603552751,71,0.01,0.3,0.5,0.001,2
