,L2,L2_true,N,std,jump,jump_prob,ve,dim
0,7.5385157322491425,6.749973048587299,61,0.01,0.3,0.5,0.0025,3
