,L2,L2_true,N,std,jump,jump_prob,ve,dim
0,10.403679353878653,9.924149297645823,117,0.01,0.3,0.5,0.001,3
