,L2,L2_true,N,std,jump,jump_prob,ve,dim
0,3.6627910680754665,2.2379362421077893,26,0.01,0.3,0.5,0.001,1
