,L2,L2_true,N,std,jump,jump_prob,ve,dim
0,3.693518060308134,1.0796327544076616,2,0.01,0.3,0.5,0.01,2
