,L2,L2_true,N,std,jump,jump_prob,ve,dim
0,3.4386340805066884,0.4303605088163842,1178,0.01,0.3,0.5,0.01,2
