,L2,L2_true,N,std,jump,jump_prob,ve,dim
0,0.30842720217110897,0.3080585387687311,1389,0.2,0.3,0.5,0.001,1
