,L2,L2_true,N,std,jump,jump_prob,ve,dim
0,5.411074142097139,4.40812534751665,19,0.01,0.3,0.5,0.001,3
