,L2,L2_true,N,std,jump,jump_prob,ve,dim
0,8.40367372127558,7.847339809408604,117,0.01,0.3,0.5,0.001,2
