,L2,L2_true,N,std,jump,jump_prob,ve,dim
0,8.414299093984797,7.869273211720143,138,0.01,0.3,0.5,0.001,2
