,L2,L2_true,N,std,jump,jump_prob,ve,dim
0,4.025756081236642,2.627016368901866,610,0.01,0.3,0.5,0.0025,2
