,L2,L2_true,N,std,jump,jump_prob,ve,dim
0,3.627515410509315,1.5648185845219575,8,0.01,0.3,0.5,0.0025,1
