,L2,L2_true,N,std,jump,jump_prob,ve,dim
0,1.8800794098675162,1.8813748973243507,5,0.2,0.3,0.5,0.001,1
