,L2,L2_true,N,std,jump,jump_prob,ve,dim
0,3.7180270826422785,1.152400806783705,2,0.01,0.3,0.5,0.01,3
