,L2,L2_true,N,std,jump,jump_prob,ve,dim
0,3.9949940834906745,2.6238063844285793,11,0.01,0.3,0.5,0.001,1
