,L2,L2_true,N,std,jump,jump_prob,ve,dim
0,11.818516294344201,11.414206980472546,1389,0.01,0.3,0.5,0.0025,3
