,L2,L2_true,N,std,jump,jump_prob,ve,dim
0,2.4699976781155266,2.4702917083454246,13,0.2,0.3,0.5,0.001,1
