,L2,L2_true,N,std,jump,jump_prob,ve,dim
0,9.303833260594383,8.761444337747946,84,0.01,0.3,0.5,0.001,3
