,L2,L2_true,N,std,jump,jump_prob,ve,dim
0,3.6604334911961756,1.457815091423651,3,0.01,0.3,0.5,0.0025,1
