,L2,L2_true,N,std,jump,jump_prob,ve,dim
0,5.5026300145621825,4.260909819072014,100,0.01,0.3,0.5,0.01,3
