,L2,L2_true,N,std,jump,jump_prob,ve,dim
0,4.639300149043025,3.2064678153700137,11,0.01,0.3,0.5,0.0025,3
