,L2,L2_true,N,std,jump,jump_prob,ve,dim
0,5.144547001382306,3.811395111124183,193,0.01,0.3,0.5,0.01,3
