,L2,L2_true,N,std,jump,jump_prob,ve,dim
0,3.0603918815715616,0.5511919517750362,163,0.01,0.3,0.5,0.0025,1
