,L2,L2_true,N,std,jump,jump_prob,ve,dim
0,16.803961682385836,16.524246263556034,439,0.01,0.3,0.5,0.001,3
