,L2,L2_true,N,std,jump,jump_prob,ve,dim
0,5.254535004334216,4.212982094867613,16,0.01,0.3,0.5,0.001,3
