,L2,L2_true,N,std,jump,jump_prob,ve,dim
0,2.8323933755996538,2.8310291712156985,19,0.2,0.3,0.5,0.001,1
