,L2,L2_true,N,std,jump,jump_prob,ve,dim
0,8.526565461951634,8.001166754828818,138,0.01,0.3,0.5,0.001,2
