,L2,L2_true,N,std,jump,jump_prob,ve,dim
0,3.2307288815679907,1.0578939581667006,51,0.01,0.3,0.5,0.0025,1
