,L2,L2_true,N,std,jump,jump_prob,ve,dim
0,4.852535852437384,3.757925739208746,316,0.01,0.3,0.5,0.0025,2
