,L2,L2_true,N,std,jump,jump_prob,ve,dim
0,3.4210174529068476,0.07044733340864322,1000,0.01,0.3,0.5,0.01,1
