,L2,L2_true,N,std,jump,jump_prob,ve,dim
0,1.7565640052760638,1.6331466837413813,3,0.05,0.3,0.5,0.001,1
