,L2,L2_true,N,std,jump,jump_prob,ve,dim
0,4.598726777464491,2.9516155254853857,16,0.01,0.3,0.5,0.01,3
