,L2,L2_true,N,std,jump,jump_prob,ve,dim
0,2.081395217106964,2.0812835186694,37,0.2,0.3,0.5,0.001,1
