,L2,L2_true,N,std,jump,jump_prob,ve,dim
0,3.5415174146990167,0.775881627344308,13,0.01,0.3,0.5,0.01,1
