,L2,L2_true,N,std,jump,jump_prob,ve,dim
0,3.5898863279190283,1.6902996656454994,26,0.01,0.3,0.5,0.0025,1
