,L2,L2_true,N,std,jump,jump_prob,ve,dim
0,3.563818556819981,1.8742846191858522,1178,0.01,0.3,0.5,0.0025,2
