,L2,L2_true,N,std,jump,jump_prob,ve,dim
0,1.7750988880630971,1.773133287126468,5,0.2,0.3,0.5,0.001,1
