,L2,L2_true,N,std,jump,jump_prob,ve,dim
0,2.9014775713588326,2.9014187732764514,13,0.2,0.3,0.5,0.001,1
