,L2,L2_true,N,std,jump,jump_prob,ve,dim
0,6.019230782078506,5.115241355074908,100,0.01,0.3,0.5,0.0025,2
