,L2,L2_true,N,std,jump,jump_prob,ve,dim
0,3.7510934217500997,2.3667982708000928,22,0.01,0.3,0.5,0.001,1
