,L2,L2_true,N,std,jump,jump_prob,ve,dim
0,4.423701377627186,3.1120333490866177,8,0.01,0.3,0.5,0.001,2
