,L2,L2_true,N,std,jump,jump_prob,ve,dim
0,0.48767071157184816,0.4867711890257078,610,0.2,0.3,0.5,0.001,1
