,L2,L2_true,N,std,jump,jump_prob,ve,dim
0,3.148615241759545,3.1174387814684867,19,0.05,0.3,0.5,0.001,1
