,L2,L2_true,N,std,jump,jump_prob,ve,dim
0,12.628979754172097,12.238373338609593,193,0.01,0.3,0.5,0.001,3
