,L2,L2_true,N,std,jump,jump_prob,ve,dim
0,4.940867705156318,4.1705131985339605,1637,0.01,0.3,0.5,0.001,2
