,L2,L2_true,N,std,jump,jump_prob,ve,dim
0,22.211911039097032,22.017255820570924,1178,0.01,0.3,0.5,0.001,3
