,L2,L2_true,N,std,jump,jump_prob,ve,dim
0,3.676872045558922,1.3374147099836013,117,0.01,0.3,0.5,0.01,2
