,L2,L2_true,N,std,jump,jump_prob,ve,dim
0,3.9411870303298118,2.9484854935069564,3000,0.01,0.3,0.5,0.001,2
