,L2,L2_true,N,std,jump,jump_prob,ve,dim
0,10.873157340151769,10.418537249609534,2000,0.01,0.3,0.5,0.0025,3
