,L2,L2_true,N,std,jump,jump_prob,ve,dim
0,3.41194300794624,0.21647925642391702,138,0.01,0.3,0.5,0.01,1
