,L2,L2_true,N,std,jump,jump_prob,ve,dim
0,11.910476938243495,11.503887555663125,1389,0.01,0.3,0.5,0.0025,3
