,L2,L2_true,N,std,jump,jump_prob,ve,dim
0,2.7503041695798918,0.8854574263398612,138,0.01,0.3,0.5,0.001,1
