,L2,L2_true,N,std,jump,jump_prob,ve,dim
0,3.6486610255503646,1.4426323527342966,2,0.01,0.3,0.5,0.0025,1
