,L2,L2_true,N,std,jump,jump_prob,ve,dim
0,8.768411154842257,8.279467070293329,227,0.01,0.3,0.5,0.001,2
