,L2,L2_true,N,std,jump,jump_prob,ve,dim
0,2.250770084021501,2.2491689310542946,7,0.2,0.3,0.5,0.001,1
