,L2,L2_true,N,std,jump,jump_prob,ve,dim
0,8.357266898929483,7.853729586420112,268,0.01,0.3,0.5,0.001,2
