,L2,L2_true,N,std,jump,jump_prob,ve,dim
0,3.73039646536132,1.6030940184821385,2,0.01,0.3,0.5,0.0025,2
