,L2,L2_true,N,std,jump,jump_prob,ve,dim
0,3.621374943517319,0.7448676016286175,1,0.01,0.3,0.5,0.01,1
