,L2,L2_true,N,std,jump,jump_prob,ve,dim
0,3.418197225184973,0.10409464526562637,372,0.01,0.3,0.5,0.01,1
