,L2,L2_true,N,std,jump,jump_prob,ve,dim
0,4.742392940124948,3.351786165230845,13,0.01,0.3,0.5,0.0025,2
