,L2,L2_true,N,std,jump,jump_prob,ve,dim
0,5.524905703235598,4.382346437319483,22,0.01,0.3,0.5,0.0025,3
