,L2,L2_true,N,std,jump,jump_prob,ve,dim
0,8.734834214530649,8.277554662135758,372,0.01,0.3,0.5,0.001,2
