,L2,L2_true,N,std,jump,jump_prob,ve,dim
0,2.8107429858673747,0.9695001776733387,138,0.01,0.3,0.5,0.001,1
