,L2,L2_true,N,std,jump,jump_prob,ve,dim
0,3.6946571985106975,1.8037869274852387,10,0.01,0.3,0.5,0.0025,1
