,L2,L2_true,N,std,jump,jump_prob,ve,dim
0,3.6750165476068077,1.3426027427345393,138,0.01,0.3,0.5,0.01,2
