,L2,L2_true,N,std,jump,jump_prob,ve,dim
0,2.7579043861506465,0.8709513951103011,163,0.01,0.3,0.5,0.001,1
