,L2,L2_true,N,std,jump,jump_prob,ve,dim
0,0.39980431342710016,0.3288477963464353,1000,0.05,0.3,0.5,0.001,1
