,L2,L2_true,N,std,jump,jump_prob,ve,dim
0,2.2659663758645365,2.2664340046535756,10,0.2,0.3,0.5,0.001,1
