,L2,L2_true,N,std,jump,jump_prob,ve,dim
0,3.065951277785904,0.36770480180589893,268,0.01,0.3,0.5,0.0025,1
