,L2,L2_true,N,std,jump,jump_prob,ve,dim
0,2.760669311846709,0.9018903571720805,163,0.01,0.3,0.5,0.001,1
