,L2,L2_true,N,std,jump,jump_prob,ve,dim
0,1.6194834640555296,1.620031547392741,4,0.2,0.3,0.5,0.001,1
