,L2,L2_true,N,std,jump,jump_prob,ve,dim
0,1.6766799230282636,1.5588725927603178,3,0.05,0.3,0.5,0.001,1
