,L2,L2_true,N,std,jump,jump_prob,ve,dim
0,3.536538548734067,0.8701591229297587,10,0.01,0.3,0.5,0.01,1
