,L2,L2_true,N,std,jump,jump_prob,ve,dim
0,3.6166556112253887,1.328040475068491,1,0.01,0.3,0.5,0.0025,2
