,L2,L2_true,N,std,jump,jump_prob,ve,dim
0,3.179650153883446,0.9261866435079181,61,0.01,0.3,0.5,0.0025,1
