,L2,L2_true,N,std,jump,jump_prob,ve,dim
0,2.2840785768851832,2.220033668523621,11,0.05,0.3,0.5,0.001,1
