,L2,L2_true,N,std,jump,jump_prob,ve,dim
0,4.866166698518917,4.090894613225028,1637,0.01,0.3,0.5,0.001,2
