,L2,L2_true,N,std,jump,jump_prob,ve,dim
0,3.078224263979001,0.5210452272576824,138,0.01,0.3,0.5,0.0025,1
