,L2,L2_true,N,std,jump,jump_prob,ve,dim
0,3.0303788517132486,0.23311641370499356,848,0.01,0.3,0.5,0.0025,1
