,L2,L2_true,N,std,jump,jump_prob,ve,dim
0,3.6202603708524546,1.328780281789945,1,0.01,0.3,0.5,0.0025,1
