,L2,L2_true,N,std,jump,jump_prob,ve,dim
0,3.5808429144263276,1.021700027591412,22,0.01,0.3,0.5,0.01,1
