,L2,L2_true,N,std,jump,jump_prob,ve,dim
0,2.2257978629595185,2.2140752107009485,16,0.05,0.3,0.5,0.001,1
