,L2,L2_true,N,std,jump,jump_prob,ve,dim
0,2.621155566494618,0.3062203718481677,848,0.01,0.3,0.5,0.001,1
