,L2,L2_true,N,std,jump,jump_prob,ve,dim
0,3.8027341508972503,1.6820247769100665,1389,0.01,0.3,0.5,0.01,3
