,L2,L2_true,N,std,jump,jump_prob,ve,dim
0,2.6155047767088315,0.14486959156957935,3162,0.01,0.3,0.5,0.001,1
