,L2,L2_true,N,std,jump,jump_prob,ve,dim
0,3.6131176141180923,1.020659971516051,13,0.01,0.3,0.5,0.01,1
