,L2,L2_true,N,std,jump,jump_prob,ve,dim
0,4.954133302793035,4.195880474442823,1637,0.01,0.3,0.5,0.001,2
