,L2,L2_true,N,std,jump,jump_prob,ve,dim
0,1.7953165428214737,1.7973295790653072,7,0.2,0.3,0.5,0.001,1
