,L2,L2_true,N,std,jump,jump_prob,ve,dim
0,3.717941233872283,1.2927995572106634,6,0.01,0.3,0.5,0.01,1
