,L2,L2_true,N,std,jump,jump_prob,ve,dim
0,12.022920653895852,11.62206523984671,1389,0.01,0.3,0.5,0.0025,3
