,L2,L2_true,N,std,jump,jump_prob,ve,dim
0,3.626950168835823,0.9410399981902569,2,0.01,0.3,0.5,0.01,1
