,L2,L2_true,N,std,jump,jump_prob,ve,dim
0,3.0408523939225915,0.16638737282627794,848,0.01,0.3,0.5,0.0025,1
