,L2,L2_true,N,std,jump,jump_prob,ve,dim
0,4.562251908382607,3.3193128649509465,10,0.01,0.3,0.5,0.001,2
