,L2,L2_true,N,std,jump,jump_prob,ve,dim
0,4.625461174328296,3.792436813545134,1930,0.01,0.3,0.5,0.001,2
