,L2,L2_true,N,std,jump,jump_prob,ve,dim
0,5.957633974931096,5.061848836099267,138,0.01,0.3,0.5,0.0025,2
