,L2,L2_true,N,std,jump,jump_prob,ve,dim
0,4.206782630890828,2.377914430432327,31,0.01,0.3,0.5,0.01,2
