,L2,L2_true,N,std,jump,jump_prob,ve,dim
0,1.3488732958986631,1.177551316169792,1,0.05,0.3,0.5,0.001,1
