,L2,L2_true,N,std,jump,jump_prob,ve,dim
0,3.4153566149140047,1.5661475197900403,1637,0.01,0.3,0.5,0.0025,2
