,L2,L2_true,N,std,jump,jump_prob,ve,dim
0,0.44560156358766,0.44373622822443043,719,0.2,0.3,0.5,0.001,1
