,L2,L2_true,N,std,jump,jump_prob,ve,dim
0,2.468307518021238,2.4666815344020185,8,0.2,0.3,0.5,0.001,1
