,L2,L2_true,N,std,jump,jump_prob,ve,dim
0,1.8924056337979316,1.8923015081345973,61,0.2,0.3,0.5,0.001,1
