,L2,L2_true,N,std,jump,jump_prob,ve,dim
0,3.041704878312988,0.1695256298590327,1178,0.01,0.3,0.5,0.0025,1
