,L2,L2_true,N,std,jump,jump_prob,ve,dim
0,2.3173814441118683,2.305642482395398,13,0.05,0.3,0.5,0.001,1
