,L2,L2_true,N,std,jump,jump_prob,ve,dim
0,5.137840644589999,3.7452467821433673,43,0.01,0.3,0.5,0.01,3
