,L2,L2_true,N,std,jump,jump_prob,ve,dim
0,3.773986125525227,1.387709228900157,6,0.01,0.3,0.5,0.01,1
