,L2,L2_true,N,std,jump,jump_prob,ve,dim
0,5.452141098652865,4.305977425392337,22,0.01,0.3,0.5,0.0025,3
