,L2,L2_true,N,std,jump,jump_prob,ve,dim
0,2.361500504678261,2.2840273887770226,8,0.05,0.3,0.5,0.001,1
