,L2,L2_true,N,std,jump,jump_prob,ve,dim
0,1.3224647562301055,1.3093157779213815,71,0.05,0.3,0.5,0.001,1
