,L2,L2_true,N,std,jump,jump_prob,ve,dim
0,5.403916098524134,4.147880758322558,117,0.01,0.3,0.5,0.01,3
