,L2,L2_true,N,std,jump,jump_prob,ve,dim
0,12.781511403495582,12.380033218011434,719,0.01,0.3,0.5,0.0025,3
