,L2,L2_true,N,std,jump,jump_prob,ve,dim
0,3.4919141077902096,0.7590990578986254,372,0.01,0.3,0.5,0.01,2
