,L2,L2_true,N,std,jump,jump_prob,ve,dim
0,2.459333171479204,2.4592465003726556,19,0.2,0.3,0.5,0.001,1
