,L2,L2_true,N,std,jump,jump_prob,ve,dim
0,4.859323320300707,3.762567038897884,316,0.01,0.3,0.5,0.0025,2
