,L2,L2_true,N,std,jump,jump_prob,ve,dim
0,0.25225195822965807,0.25195680353976196,1930,0.2,0.3,0.5,0.001,1
