,L2,L2_true,N,std,jump,jump_prob,ve,dim
0,9.69815404513789,9.21902085086875,3000,0.01,0.3,0.5,0.0025,3
