,L2,L2_true,N,std,jump,jump_prob,ve,dim
0,3.416600113318077,0.10673845881399067,610,0.01,0.3,0.5,0.01,1
