,L2,L2_true,N,std,jump,jump_prob,ve,dim
0,3.8584869676090197,1.7294950027399216,84,0.01,0.3,0.5,0.01,2
