,L2,L2_true,N,std,jump,jump_prob,ve,dim
0,2.686439391374586,0.5464939168735132,372,0.01,0.3,0.5,0.001,1
