,L2,L2_true,N,std,jump,jump_prob,ve,dim
0,0.3942017829114151,0.32138891512357176,1178,0.05,0.3,0.5,0.001,1
