,L2,L2_true,N,std,jump,jump_prob,ve,dim
0,0.3077391346956098,0.19080298450385375,2682,0.05,0.3,0.5,0.001,1
