,L2,L2_true,N,std,jump,jump_prob,ve,dim
0,2.316330300364971,2.3152263678726914,16,0.2,0.3,0.5,0.001,1
