,L2,L2_true,N,std,jump,jump_prob,ve,dim
0,8.757979723358638,8.262215779191541,227,0.01,0.3,0.5,0.001,2
