,L2,L2_true,N,std,jump,jump_prob,ve,dim
0,9.61803958622921,9.03506162030006,138,0.01,0.3,0.5,0.0025,3
