,L2,L2_true,N,std,jump,jump_prob,ve,dim
0,8.353498012278457,7.830323778617833,193,0.01,0.3,0.5,0.001,2
