,L2,L2_true,N,std,jump,jump_prob,ve,dim
0,3.0397748784578975,0.2726714706659383,517,0.01,0.3,0.5,0.0025,1
