,L2,L2_true,N,std,jump,jump_prob,ve,dim
0,3.422970723047744,0.1946927135894332,117,0.01,0.3,0.5,0.01,1
