,L2,L2_true,N,std,jump,jump_prob,ve,dim
0,3.4989802887222807,0.7148101148931533,439,0.01,0.3,0.5,0.01,2
