,L2,L2_true,N,std,jump,jump_prob,ve,dim
0,12.494032541715617,12.073451233275199,517,0.01,0.3,0.5,0.0025,3
