,L2,L2_true,N,std,jump,jump_prob,ve,dim
0,3.0379546536994444,0.10968486424862178,1637,0.01,0.3,0.5,0.0025,1
