,L2,L2_true,N,std,jump,jump_prob,ve,dim
0,1.4890983628662207,1.4740587799067602,61,0.05,0.3,0.5,0.001,1
