,L2,L2_true,N,std,jump,jump_prob,ve,dim
0,8.33144078707218,7.776674910969614,138,0.01,0.3,0.5,0.001,2
