,L2,L2_true,N,std,jump,jump_prob,ve,dim
0,8.590454666599948,7.996260589003491,71,0.01,0.3,0.5,0.001,3
