,L2,L2_true,N,std,jump,jump_prob,ve,dim
0,0.838070092513772,0.8396319702412262,2,0.2,0.3,0.5,0.001,1
