,L2,L2_true,N,std,jump,jump_prob,ve,dim
0,3.8658840479206726,2.674793706684127,31,0.01,0.3,0.5,0.001,1
