,L2,L2_true,N,std,jump,jump_prob,ve,dim
0,1.2103004476549768,1.1996572816708841,117,0.05,0.3,0.5,0.001,1
