,L2,L2_true,N,std,jump,jump_prob,ve,dim
0,24.72182759025806,24.55811198582997,1930,0.01,0.3,0.5,0.001,3
