,L2,L2_true,N,std,jump,jump_prob,ve,dim
0,2.9168573451057545,2.892352329376224,19,0.05,0.3,0.5,0.001,1
