,L2,L2_true,N,std,jump,jump_prob,ve,dim
0,8.931145465335248,8.435612873818508,193,0.01,0.3,0.5,0.001,2
