,L2,L2_true,N,std,jump,jump_prob,ve,dim
0,1.9049546983457462,1.904539825316588,7,0.2,0.3,0.5,0.001,1
