,L2,L2_true,N,std,jump,jump_prob,ve,dim
0,5.739240957315273,4.648480262002262,26,0.01,0.3,0.5,0.0025,3
