,L2,L2_true,N,std,jump,jump_prob,ve,dim
0,3.7320563177667805,2.5628975087357255,43,0.01,0.3,0.5,0.001,1
