,L2,L2_true,N,std,jump,jump_prob,ve,dim
0,19.534115343431736,19.29808173817716,610,0.01,0.3,0.5,0.001,3
