,L2,L2_true,N,std,jump,jump_prob,ve,dim
0,2.8198559073052905,1.0241671692121246,138,0.01,0.3,0.5,0.001,1
