,L2,L2_true,N,std,jump,jump_prob,ve,dim
0,3.8435297757180926,2.2347562377648433,3,0.01,0.3,0.5,0.001,3
