,L2,L2_true,N,std,jump,jump_prob,ve,dim
0,3.9974150123646695,2.601126397740542,610,0.01,0.3,0.5,0.0025,2
