,L2,L2_true,N,std,jump,jump_prob,ve,dim
0,3.5097380609131155,0.7965016406984966,372,0.01,0.3,0.5,0.01,2
