,L2,L2_true,N,std,jump,jump_prob,ve,dim
0,3.9374689436043226,2.5085060235340126,719,0.01,0.3,0.5,0.0025,2
