,L2,L2_true,N,std,jump,jump_prob,ve,dim
0,3.8682021498869674,1.841421230055923,1178,0.01,0.3,0.5,0.01,3
