,L2,L2_true,N,std,jump,jump_prob,ve,dim
0,3.103388109817231,1.763792620298833,61,0.01,0.3,0.5,0.001,1
