,L2,L2_true,N,std,jump,jump_prob,ve,dim
0,0.7508300846761952,0.7502901371812959,268,0.2,0.3,0.5,0.001,1
