,L2,L2_true,N,std,jump,jump_prob,ve,dim
0,3.330569533105866,1.8675998600835542,37,0.01,0.3,0.5,0.001,1
