,L2,L2_true,N,std,jump,jump_prob,ve,dim
0,1.3181519887389206,1.3186044807068396,3,0.2,0.3,0.5,0.001,1
