,L2,L2_true,N,std,jump,jump_prob,ve,dim
0,0.41575386991999214,0.41466463722308183,719,0.2,0.3,0.5,0.001,1
