,L2,L2_true,N,std,jump,jump_prob,ve,dim
0,3.801398159161616,1.768155990706866,3,0.01,0.3,0.5,0.0025,2
