,L2,L2_true,N,std,jump,jump_prob,ve,dim
0,2.6815640248012333,2.668951954262619,26,0.05,0.3,0.5,0.001,1
