,L2,L2_true,N,std,jump,jump_prob,ve,dim
0,4.286065330073181,2.636284338471611,7,0.01,0.3,0.5,0.0025,3
