,L2,L2_true,N,std,jump,jump_prob,ve,dim
0,4.085775680147324,2.61187600877356,5,0.01,0.3,0.5,0.001,2
