,L2,L2_true,N,std,jump,jump_prob,ve,dim
0,4.091110482409973,2.1045880809015363,8,0.01,0.3,0.5,0.01,2
