,L2,L2_true,N,std,jump,jump_prob,ve,dim
0,0.22668765478685138,0.2269603193264425,2275,0.2,0.3,0.5,0.001,1
