,L2,L2_true,N,std,jump,jump_prob,ve,dim
0,2.590558295121027,2.5915766556412216,10,0.2,0.3,0.5,0.001,1
