,L2,L2_true,N,std,jump,jump_prob,ve,dim
0,5.570743180641726,4.615228073916152,22,0.01,0.3,0.5,0.001,2
