,L2,L2_true,N,std,jump,jump_prob,ve,dim
0,7.193305663287524,6.518574494622376,71,0.01,0.3,0.5,0.001,2
