,L2,L2_true,N,std,jump,jump_prob,ve,dim
0,7.804076407144259,7.321156635510271,517,0.01,0.3,0.5,0.001,2
