,L2,L2_true,N,std,jump,jump_prob,ve,dim
0,2.2725498122562544,2.2737905415150665,11,0.2,0.3,0.5,0.001,1
