,L2,L2_true,N,std,jump,jump_prob,ve,dim
0,3.1926068829944056,0.9114990115632836,51,0.01,0.3,0.5,0.0025,1
