,L2,L2_true,N,std,jump,jump_prob,ve,dim
0,8.102950762957608,7.627616369021969,439,0.01,0.3,0.5,0.001,2
