,L2,L2_true,N,std,jump,jump_prob,ve,dim
0,3.4486669951089253,0.5234642188377777,848,0.01,0.3,0.5,0.01,2
