,L2,L2_true,N,std,jump,jump_prob,ve,dim
0,5.083064016818995,3.727702850811441,227,0.01,0.3,0.5,0.01,3
