,L2,L2_true,N,std,jump,jump_prob,ve,dim
0,3.5303973380261304,0.8093239144291317,13,0.01,0.3,0.5,0.01,1
