,L2,L2_true,N,std,jump,jump_prob,ve,dim
0,3.038521255442098,0.2127989968092585,439,0.01,0.3,0.5,0.0025,1
