,L2,L2_true,N,std,jump,jump_prob,ve,dim
0,3.611521392378954,1.8007423296490073,1,0.01,0.3,0.5,0.001,1
