,L2,L2_true,N,std,jump,jump_prob,ve,dim
0,0.6446956653427101,0.5764834791763045,372,0.05,0.3,0.5,0.001,1
