,L2,L2_true,N,std,jump,jump_prob,ve,dim
0,12.572166057962745,12.170859646782967,1000,0.01,0.3,0.5,0.0025,3
