,L2,L2_true,N,std,jump,jump_prob,ve,dim
0,3.0122704361592234,1.4778518953866526,84,0.01,0.3,0.5,0.001,1
