,L2,L2_true,N,std,jump,jump_prob,ve,dim
0,4.052230100273745,1.985811101222061,6,0.01,0.3,0.5,0.01,3
