,L2,L2_true,N,std,jump,jump_prob,ve,dim
0,2.411356210356291,2.4086698925975645,7,0.2,0.3,0.5,0.001,1
