,L2,L2_true,N,std,jump,jump_prob,ve,dim
0,5.031294512014011,3.7438338298536054,16,0.01,0.3,0.5,0.0025,2
