,L2,L2_true,N,std,jump,jump_prob,ve,dim
0,4.113755663453243,2.3839000375342874,6,0.01,0.3,0.5,0.0025,2
