,L2,L2_true,N,std,jump,jump_prob,ve,dim
0,2.8590243276617935,2.858628763646323,19,0.2,0.3,0.5,0.001,1
