,L2,L2_true,N,std,jump,jump_prob,ve,dim
0,4.16890006768025,2.3145488899266393,43,0.01,0.3,0.5,0.01,2
