,L2,L2_true,N,std,jump,jump_prob,ve,dim
0,0.21837420496766496,0.21857217520489228,2682,0.2,0.3,0.5,0.001,1
