,L2,L2_true,N,std,jump,jump_prob,ve,dim
0,0.28271786420907913,0.283057024117991,1389,0.2,0.3,0.5,0.001,1
