,L2,L2_true,N,std,jump,jump_prob,ve,dim
0,1.197623802351864,1.2005476069525263,3,0.2,0.3,0.5,0.001,1
