,L2,L2_true,N,std,jump,jump_prob,ve,dim
0,4.030389787737369,1.9495469876396283,6,0.01,0.3,0.5,0.01,3
