,L2,L2_true,N,std,jump,jump_prob,ve,dim
0,3.574201234505573,1.8968461894734738,1178,0.01,0.3,0.5,0.0025,2
