,L2,L2_true,N,std,jump,jump_prob,ve,dim
0,3.626544081989446,1.206445681875061,193,0.01,0.3,0.5,0.01,2
