,L2,L2_true,N,std,jump,jump_prob,ve,dim
0,9.938872580103494,9.37462859636896,163,0.01,0.3,0.5,0.0025,3
