,L2,L2_true,N,std,jump,jump_prob,ve,dim
0,1.9707467528572,1.9699959497477948,8,0.2,0.3,0.5,0.001,1
