,L2,L2_true,N,std,jump,jump_prob,ve,dim
0,4.580064257972083,3.0371784327730698,439,0.01,0.3,0.5,0.01,3
