,L2,L2_true,N,std,jump,jump_prob,ve,dim
0,1.7272416578323266,1.727790278512325,61,0.2,0.3,0.5,0.001,1
