,L2,L2_true,N,std,jump,jump_prob,ve,dim
0,3.129587118710905,0.7661463428332782,71,0.01,0.3,0.5,0.0025,1
