,L2,L2_true,N,std,jump,jump_prob,ve,dim
0,6.055971611145017,5.138194048700307,100,0.01,0.3,0.5,0.0025,2
