,L2,L2_true,N,std,jump,jump_prob,ve,dim
0,2.4370199786620903,2.4528719030783215,26,0.05,0.3,0.5,0.001,1
