,L2,L2_true,N,std,jump,jump_prob,ve,dim
0,24.782532305322874,24.6226342253259,3000,0.01,0.3,0.5,0.001,3
