,L2,L2_true,N,std,jump,jump_prob,ve,dim
0,5.710210585492143,4.65574824302321,37,0.01,0.3,0.5,0.0025,2
