,L2,L2_true,N,std,jump,jump_prob,ve,dim
0,3.725443798629998,1.590411128175527,2,0.01,0.3,0.5,0.0025,2
