,L2,L2_true,N,std,jump,jump_prob,ve,dim
0,8.30041454638263,7.826477233598685,439,0.01,0.3,0.5,0.001,2
