,L2,L2_true,N,std,jump,jump_prob,ve,dim
0,4.6560937705156515,3.2220036867382045,11,0.01,0.3,0.5,0.0025,3
