,L2,L2_true,N,std,jump,jump_prob,ve,dim
0,3.6849440036725594,1.1314199175866728,7,0.01,0.3,0.5,0.01,1
