,L2,L2_true,N,std,jump,jump_prob,ve,dim
0,2.301603194694953,2.301902361328734,10,0.2,0.3,0.5,0.001,1
