,L2,L2_true,N,std,jump,jump_prob,ve,dim
0,3.416563727418234,0.10581415981327034,268,0.01,0.3,0.5,0.01,1
