,L2,L2_true,N,std,jump,jump_prob,ve,dim
0,3.6296612004072375,0.7451367393414889,1,0.01,0.3,0.5,0.01,2
