,L2,L2_true,N,std,jump,jump_prob,ve,dim
0,0.48673003138510285,0.4166553546468813,719,0.05,0.3,0.5,0.001,1
