,L2,L2_true,N,std,jump,jump_prob,ve,dim
0,2.6409044976534206,0.40385330339030057,372,0.01,0.3,0.5,0.001,1
