,L2,L2_true,N,std,jump,jump_prob,ve,dim
0,3.642754077144752,1.38163706689072,2,0.01,0.3,0.5,0.0025,1
