,L2,L2_true,N,std,jump,jump_prob,ve,dim
0,4.375253164008574,3.1154891512428877,439,0.01,0.3,0.5,0.0025,2
