,L2,L2_true,N,std,jump,jump_prob,ve,dim
0,3.7394488776415966,2.0317721883917033,2,0.01,0.3,0.5,0.001,3
