,L2,L2_true,N,std,jump,jump_prob,ve,dim
0,2.6136352335929707,0.13996074036359,3162,0.01,0.3,0.5,0.001,1
