,L2,L2_true,N,std,jump,jump_prob,ve,dim
0,6.807434815202034,6.074458210055023,51,0.01,0.3,0.5,0.001,2
