,L2,L2_true,N,std,jump,jump_prob,ve,dim
0,1.5643284342983628,1.5670046999687668,5,0.2,0.3,0.5,0.001,1
