,L2,L2_true,N,std,jump,jump_prob,ve,dim
0,2.555409129324264,2.477529492811806,6,0.05,0.3,0.5,0.001,1
