,L2,L2_true,N,std,jump,jump_prob,ve,dim
0,3.052976154185651,0.31581081719917764,193,0.01,0.3,0.5,0.0025,1
