,L2,L2_true,N,std,jump,jump_prob,ve,dim
0,2.028181480994792,2.027541042628903,6,0.2,0.3,0.5,0.001,1
