,L2,L2_true,N,std,jump,jump_prob,ve,dim
0,0.647212973779448,0.6471113386527103,316,0.2,0.3,0.5,0.001,1
