,L2,L2_true,N,std,jump,jump_prob,ve,dim
0,3.4314428868414835,0.3243569429492685,2000,0.01,0.3,0.5,0.01,2
