,L2,L2_true,N,std,jump,jump_prob,ve,dim
0,2.118914645815829,2.118360533157891,7,0.2,0.3,0.5,0.001,1
