,L2,L2_true,N,std,jump,jump_prob,ve,dim
0,3.6807578163188257,1.342300038065196,138,0.01,0.3,0.5,0.01,2
