,L2,L2_true,N,std,jump,jump_prob,ve,dim
0,3.481202542809698,0.5835811467017198,610,0.01,0.3,0.5,0.01,2
