,L2,L2_true,N,std,jump,jump_prob,ve,dim
0,0.6842168147378028,0.6849918902108345,268,0.2,0.3,0.5,0.001,1
