,L2,L2_true,N,std,jump,jump_prob,ve,dim
0,5.636262314871177,4.434742180677618,100,0.01,0.3,0.5,0.01,3
