,L2,L2_true,N,std,jump,jump_prob,ve,dim
0,4.728580407571646,3.5322216715293746,11,0.01,0.3,0.5,0.001,3
