,L2,L2_true,N,std,jump,jump_prob,ve,dim
0,3.953038894375807,2.528871029623268,10,0.01,0.3,0.5,0.001,1
