,L2,L2_true,N,std,jump,jump_prob,ve,dim
0,8.85340408755636,8.208889343815923,100,0.01,0.3,0.5,0.0025,3
