,L2,L2_true,N,std,jump,jump_prob,ve,dim
0,3.6238262276152433,0.7447799634105167,1,0.01,0.3,0.5,0.01,1
