,L2,L2_true,N,std,jump,jump_prob,ve,dim
0,4.38666959591926,3.5014245593371727,2275,0.01,0.3,0.5,0.001,2
