,L2,L2_true,N,std,jump,jump_prob,ve,dim
0,3.704269064365131,1.9778708179138065,2,0.01,0.3,0.5,0.001,2
