,L2,L2_true,N,std,jump,jump_prob,ve,dim
0,5.806273637715038,4.860359143735565,117,0.01,0.3,0.5,0.0025,2
