,L2,L2_true,N,std,jump,jump_prob,ve,dim
0,2.210963526633896,2.1228631024983016,11,0.05,0.3,0.5,0.001,1
