,L2,L2_true,N,std,jump,jump_prob,ve,dim
0,3.421699684020024,0.15747444373514702,193,0.01,0.3,0.5,0.01,1
