,L2,L2_true,N,std,jump,jump_prob,ve,dim
0,4.841011884486403,3.4169426427231766,316,0.01,0.3,0.5,0.01,3
