,L2,L2_true,N,std,jump,jump_prob,ve,dim
0,3.416955973431725,0.09223991023954901,372,0.01,0.3,0.5,0.01,1
