,L2,L2_true,N,std,jump,jump_prob,ve,dim
0,2.657181337232834,0.4838380478607064,268,0.01,0.3,0.5,0.001,1
