,L2,L2_true,N,std,jump,jump_prob,ve,dim
0,4.380575221810981,2.8278988026176477,10,0.01,0.3,0.5,0.0025,2
