,L2,L2_true,N,std,jump,jump_prob,ve,dim
0,7.174819313104504,6.639624224033125,610,0.01,0.3,0.5,0.001,2
