,L2,L2_true,N,std,jump,jump_prob,ve,dim
0,3.8640593190957895,2.2405082991551337,2,0.01,0.3,0.5,0.001,1
