,L2,L2_true,N,std,jump,jump_prob,ve,dim
0,3.621470640099373,2.2495331789965527,26,0.01,0.3,0.5,0.001,1
