,L2,L2_true,N,std,jump,jump_prob,ve,dim
0,20.734743406714124,20.516930194113726,848,0.01,0.3,0.5,0.001,3
