,L2,L2_true,N,std,jump,jump_prob,ve,dim
0,3.116145505160608,0.6947004764982055,100,0.01,0.3,0.5,0.0025,1
