,L2,L2_true,N,std,jump,jump_prob,ve,dim
0,3.4939137938930918,0.6862213142190031,19,0.01,0.3,0.5,0.01,1
