,L2,L2_true,N,std,jump,jump_prob,ve,dim
0,0.5347200627003567,0.48790064170603276,439,0.05,0.3,0.5,0.001,1
