,L2,L2_true,N,std,jump,jump_prob,ve,dim
0,0.7356671474065389,0.7368897370134923,268,0.2,0.3,0.5,0.001,1
