,L2,L2_true,N,std,jump,jump_prob,ve,dim
0,0.30451173470515136,0.20062025794201174,2682,0.05,0.3,0.5,0.001,1
