,L2,L2_true,N,std,jump,jump_prob,ve,dim
0,5.7511204875625035,4.718173927533267,37,0.01,0.3,0.5,0.0025,2
