,L2,L2_true,N,std,jump,jump_prob,ve,dim
0,3.4148029626587015,0.09376922791556376,610,0.01,0.3,0.5,0.01,1
