,L2,L2_true,N,std,jump,jump_prob,ve,dim
0,3.8144088790476407,1.3993208767412446,3,0.01,0.3,0.5,0.01,3
