,L2,L2_true,N,std,jump,jump_prob,ve,dim
0,8.490131192209505,7.983471384641565,227,0.01,0.3,0.5,0.001,2
