,L2,L2_true,N,std,jump,jump_prob,ve,dim
0,2.6218775055622694,0.18719770087046247,1930,0.01,0.3,0.5,0.001,1
