,L2,L2_true,N,std,jump,jump_prob,ve,dim
0,7.58336009166543,6.904638180353652,51,0.01,0.3,0.5,0.001,3
