,L2,L2_true,N,std,jump,jump_prob,ve,dim
0,1.9275087641351016,1.9278340452430922,8,0.2,0.3,0.5,0.001,1
