,L2,L2_true,N,std,jump,jump_prob,ve,dim
0,2.0118520511035913,2.010540193685856,7,0.2,0.3,0.5,0.001,1
