,L2,L2_true,N,std,jump,jump_prob,ve,dim
0,4.934577072736543,3.8159321560164474,13,0.01,0.3,0.5,0.001,2
