,L2,L2_true,N,std,jump,jump_prob,ve,dim
0,2.6211715086695735,0.1335535239401494,3162,0.01,0.3,0.5,0.001,1
