,L2,L2_true,N,std,jump,jump_prob,ve,dim
0,9.216106588194105,8.588804459785493,117,0.01,0.3,0.5,0.0025,3
