,L2,L2_true,N,std,jump,jump_prob,ve,dim
0,3.5656810122346316,1.6965056832625989,16,0.01,0.3,0.5,0.0025,1
