,L2,L2_true,N,std,jump,jump_prob,ve,dim
0,3.4588742103281818,0.563976961265583,610,0.01,0.3,0.5,0.01,2
