,L2,L2_true,N,std,jump,jump_prob,ve,dim
0,3.0900545823084227,1.7302161912329224,71,0.01,0.3,0.5,0.001,1
