,L2,L2_true,N,std,jump,jump_prob,ve,dim
0,12.630577718525872,12.237398159958516,848,0.01,0.3,0.5,0.0025,3
