,L2,L2_true,N,std,jump,jump_prob,ve,dim
0,1.5282203263730754,1.529104418428856,5,0.2,0.3,0.5,0.001,1
