,L2,L2_true,N,std,jump,jump_prob,ve,dim
0,3.034822109325845,0.10782189422569019,2682,0.01,0.3,0.5,0.0025,1
