,L2,L2_true,N,std,jump,jump_prob,ve,dim
0,11.4927761620992,11.069679372022227,2000,0.01,0.3,0.5,0.0025,3
