,L2,L2_true,N,std,jump,jump_prob,ve,dim
0,2.6036993434763005,2.602587907700452,26,0.2,0.3,0.5,0.001,1
