,L2,L2_true,N,std,jump,jump_prob,ve,dim
0,0.42607921780566893,0.3605868141281726,719,0.05,0.3,0.5,0.001,1
