,L2,L2_true,N,std,jump,jump_prob,ve,dim
0,3.0836869689508237,0.6214759745869358,100,0.01,0.3,0.5,0.0025,1
