,L2,L2_true,N,std,jump,jump_prob,ve,dim
0,3.62560159470992,1.3294162385698276,1,0.01,0.3,0.5,0.0025,3
