,L2,L2_true,N,std,jump,jump_prob,ve,dim
0,11.216109546771923,10.782734879845023,1930,0.01,0.3,0.5,0.0025,3
