,L2,L2_true,N,std,jump,jump_prob,ve,dim
0,3.932369719165313,2.073704463244709,6,0.01,0.3,0.5,0.0025,1
