,L2,L2_true,N,std,jump,jump_prob,ve,dim
0,3.59203156548498,1.7248860906122856,22,0.01,0.3,0.5,0.0025,1
