,L2,L2_true,N,std,jump,jump_prob,ve,dim
0,5.59759270430737,4.64615447133473,163,0.01,0.3,0.5,0.0025,2
