,L2,L2_true,N,std,jump,jump_prob,ve,dim
0,3.832259638442897,2.3908650500367075,16,0.01,0.3,0.5,0.001,1
