,L2,L2_true,N,std,jump,jump_prob,ve,dim
0,2.381273072217549,2.3969398057984463,22,0.05,0.3,0.5,0.001,1
