,L2,L2_true,N,std,jump,jump_prob,ve,dim
0,2.1289885359301843,2.129249856645379,7,0.2,0.3,0.5,0.001,1
