,L2,L2_true,N,std,jump,jump_prob,ve,dim
0,7.607869087289125,7.089941982166762,439,0.01,0.3,0.5,0.001,2
