,L2,L2_true,N,std,jump,jump_prob,ve,dim
0,0.22634112497672718,0.22587176256562827,2682,0.2,0.3,0.5,0.001,1
