,L2,L2_true,N,std,jump,jump_prob,ve,dim
0,3.60800735206133,1.3275857787393521,1,0.01,0.3,0.5,0.0025,3
