,L2,L2_true,N,std,jump,jump_prob,ve,dim
0,3.553645841202466,2.3786273543102525,43,0.01,0.3,0.5,0.001,1
