,L2,L2_true,N,std,jump,jump_prob,ve,dim
0,8.389264223309537,7.862679601652873,193,0.01,0.3,0.5,0.001,2
