,L2,L2_true,N,std,jump,jump_prob,ve,dim
0,2.709123317604106,2.6925294650158995,13,0.05,0.3,0.5,0.001,1
