,L2,L2_true,N,std,jump,jump_prob,ve,dim
0,3.5380886119522095,2.2239580605062073,37,0.01,0.3,0.5,0.001,1
