,L2,L2_true,N,std,jump,jump_prob,ve,dim
0,3.6145888642239754,1.8040390401430264,1,0.01,0.3,0.5,0.001,1
