,L2,L2_true,N,std,jump,jump_prob,ve,dim
0,3.7615899433763826,1.53637382789285,100,0.01,0.3,0.5,0.01,2
