,L2,L2_true,N,std,jump,jump_prob,ve,dim
0,13.495606809775802,13.140907938175927,227,0.01,0.3,0.5,0.001,3
