,L2,L2_true,N,std,jump,jump_prob,ve,dim
0,0.34314342313114504,0.3420308480070718,1178,0.2,0.3,0.5,0.001,1
