,L2,L2_true,N,std,jump,jump_prob,ve,dim
0,2.6791811698817134,0.5293783690872513,227,0.01,0.3,0.5,0.001,1
