,L2,L2_true,N,std,jump,jump_prob,ve,dim
0,2.3949310842561222,2.333104828597243,13,0.05,0.3,0.5,0.001,1
