,L2,L2_true,N,std,jump,jump_prob,ve,dim
0,4.098462773454985,2.645790297918159,6,0.01,0.3,0.5,0.001,2
