,L2,L2_true,N,std,jump,jump_prob,ve,dim
0,4.2273548713097115,2.318046471288399,8,0.01,0.3,0.5,0.01,3
