,L2,L2_true,N,std,jump,jump_prob,ve,dim
0,2.396634750820775,2.39600356014524,10,0.2,0.3,0.5,0.001,1
