,L2,L2_true,N,std,jump,jump_prob,ve,dim
0,2.0907924385413352,2.0923265438966148,6,0.2,0.3,0.5,0.001,1
