,L2,L2_true,N,std,jump,jump_prob,ve,dim
0,3.421123662164356,0.155698810662756,268,0.01,0.3,0.5,0.01,1
