,L2,L2_true,N,std,jump,jump_prob,ve,dim
0,3.918545436512241,2.354108080580394,3,0.01,0.3,0.5,0.001,1
