,L2,L2_true,N,std,jump,jump_prob,ve,dim
0,3.621950772318654,1.3296539498332873,1,0.01,0.3,0.5,0.0025,3
