,L2,L2_true,N,std,jump,jump_prob,ve,dim
0,0.80835939489551,0.8096498329734829,2,0.2,0.3,0.5,0.001,1
