,L2,L2_true,N,std,jump,jump_prob,ve,dim
0,24.348370712015953,24.177957460496092,1389,0.01,0.3,0.5,0.001,3
