,L2,L2_true,N,std,jump,jump_prob,ve,dim
0,2.427012273899993,2.3430576191421015,11,0.05,0.3,0.5,0.001,1
