,L2,L2_true,N,std,jump,jump_prob,ve,dim
0,1.5770421870729303,1.5777982954926535,4,0.2,0.3,0.5,0.001,1
