,L2,L2_true,N,std,jump,jump_prob,ve,dim
0,13.502847405340216,13.142977850534992,227,0.01,0.3,0.5,0.001,3
