,L2,L2_true,N,std,jump,jump_prob,ve,dim
0,2.02854614293833,2.0272489145146477,8,0.2,0.3,0.5,0.001,1
