,L2,L2_true,N,std,jump,jump_prob,ve,dim
0,1.943105242550175,1.9422687325378083,71,0.05,0.3,0.5,0.001,1
