,L2,L2_true,N,std,jump,jump_prob,ve,dim
0,3.8290907719365315,1.4686151413840565,3,0.01,0.3,0.5,0.01,3
