,L2,L2_true,N,std,jump,jump_prob,ve,dim
0,3.2250834082351703,1.0990881960433394,43,0.01,0.3,0.5,0.0025,1
