,L2,L2_true,N,std,jump,jump_prob,ve,dim
0,12.834774171717061,12.455487442028131,193,0.01,0.3,0.5,0.001,3
