,L2,L2_true,N,std,jump,jump_prob,ve,dim
0,9.296743993533433,8.67916990259586,117,0.01,0.3,0.5,0.0025,3
