,L2,L2_true,N,std,jump,jump_prob,ve,dim
0,2.560583632474556,2.5598604386983244,13,0.2,0.3,0.5,0.001,1
