,L2,L2_true,N,std,jump,jump_prob,ve,dim
0,0.3199170588159713,0.23615909719970665,2275,0.05,0.3,0.5,0.001,1
