,L2,L2_true,N,std,jump,jump_prob,ve,dim
0,0.5081534684645472,0.4232038403664617,610,0.05,0.3,0.5,0.001,1
