,L2,L2_true,N,std,jump,jump_prob,ve,dim
0,8.991782355307038,8.353356111177458,117,0.01,0.3,0.5,0.0025,3
