,L2,L2_true,N,std,jump,jump_prob,ve,dim
0,0.43261195019437665,0.4329725698709705,719,0.2,0.3,0.5,0.001,1
