,L2,L2_true,N,std,jump,jump_prob,ve,dim
0,3.6260617453390878,1.8027057769445032,1,0.01,0.3,0.5,0.001,1
