,L2,L2_true,N,std,jump,jump_prob,ve,dim
0,3.478552706711092,0.6402628679928614,37,0.01,0.3,0.5,0.01,1
