,L2,L2_true,N,std,jump,jump_prob,ve,dim
0,0.6201145668882533,0.5885098225031478,316,0.05,0.3,0.5,0.001,1
