,L2,L2_true,N,std,jump,jump_prob,ve,dim
0,3.636979438714754,1.2155439631463103,163,0.01,0.3,0.5,0.01,2
