,L2,L2_true,N,std,jump,jump_prob,ve,dim
0,3.4304538061201146,0.31731102462728183,37,0.01,0.3,0.5,0.01,1
