,L2,L2_true,N,std,jump,jump_prob,ve,dim
0,4.3060207892316695,2.5027871853020045,26,0.01,0.3,0.5,0.01,2
