,L2,L2_true,N,std,jump,jump_prob,ve,dim
0,4.111793899857594,2.2041533463257603,43,0.01,0.3,0.5,0.01,2
