,L2,L2_true,N,std,jump,jump_prob,ve,dim
0,4.634150766435352,3.7980036557534724,1930,0.01,0.3,0.5,0.001,2
