,L2,L2_true,N,std,jump,jump_prob,ve,dim
0,3.41416868521804,1.567907967751791,1637,0.01,0.3,0.5,0.0025,2
