,L2,L2_true,N,std,jump,jump_prob,ve,dim
0,3.8074096514135625,1.3919243856066297,3,0.01,0.3,0.5,0.01,3
