,L2,L2_true,N,std,jump,jump_prob,ve,dim
0,5.150965051030154,3.8263233200464986,227,0.01,0.3,0.5,0.01,3
