,L2,L2_true,N,std,jump,jump_prob,ve,dim
0,3.9605508315688462,1.7905649411536806,6,0.01,0.3,0.5,0.01,2
