,L2,L2_true,N,std,jump,jump_prob,ve,dim
0,19.410818393945608,19.18324381204718,719,0.01,0.3,0.5,0.001,3
