,L2,L2_true,N,std,jump,jump_prob,ve,dim
0,0.5925145749270642,0.5241806331214257,439,0.05,0.3,0.5,0.001,1
