,L2,L2_true,N,std,jump,jump_prob,ve,dim
0,12.105215009157968,11.7026513079834,163,0.01,0.3,0.5,0.001,3
