,L2,L2_true,N,std,jump,jump_prob,ve,dim
0,8.418954447929957,7.911489399834744,227,0.01,0.3,0.5,0.001,2
