,L2,L2_true,N,std,jump,jump_prob,ve,dim
0,3.976121721012295,1.8421941925107457,6,0.01,0.3,0.5,0.01,2
