,L2,L2_true,N,std,jump,jump_prob,ve,dim
0,4.387065257146104,2.6352909475043096,11,0.01,0.3,0.5,0.01,3
