,L2,L2_true,N,std,jump,jump_prob,ve,dim
0,12.034066644438589,11.629360673359711,163,0.01,0.3,0.5,0.001,3
