,L2,L2_true,N,std,jump,jump_prob,ve,dim
0,3.42511066057173,0.11802525764251572,268,0.01,0.3,0.5,0.01,1
