,L2,L2_true,N,std,jump,jump_prob,ve,dim
0,4.550682666338174,3.0752246135706423,10,0.01,0.3,0.5,0.0025,3
