,L2,L2_true,N,std,jump,jump_prob,ve,dim
0,3.3567797707783136,1.430921433654289,1930,0.01,0.3,0.5,0.0025,2
