,L2,L2_true,N,std,jump,jump_prob,ve,dim
0,7.062743395063389,6.355380179511077,61,0.01,0.3,0.5,0.001,2
