,L2,L2_true,N,std,jump,jump_prob,ve,dim
0,2.206779447024643,2.206586606681792,31,0.2,0.3,0.5,0.001,1
