,L2,L2_true,N,std,jump,jump_prob,ve,dim
0,11.793553292262503,11.335838709433279,316,0.01,0.3,0.5,0.0025,3
