,L2,L2_true,N,std,jump,jump_prob,ve,dim
0,3.69173859064588,1.523502626708406,2,0.01,0.3,0.5,0.0025,2
