,L2,L2_true,N,std,jump,jump_prob,ve,dim
0,2.2300921055979748,2.1390150860334773,7,0.05,0.3,0.5,0.001,1
