,L2,L2_true,N,std,jump,jump_prob,ve,dim
0,3.707039798642005,1.424363101989725,117,0.01,0.3,0.5,0.01,2
