,L2,L2_true,N,std,jump,jump_prob,ve,dim
0,0.521070900440765,0.5214335321883939,517,0.2,0.3,0.5,0.001,1
