,L2,L2_true,N,std,jump,jump_prob,ve,dim
0,3.5302492744407408,0.8530641920323213,316,0.01,0.3,0.5,0.01,2
