,L2,L2_true,N,std,jump,jump_prob,ve,dim
0,2.6239430723778443,0.19290095541397603,1930,0.01,0.3,0.5,0.001,1
