,L2,L2_true,N,std,jump,jump_prob,ve,dim
0,4.3995514025789495,2.6182446633607586,11,0.01,0.3,0.5,0.01,3
