,L2,L2_true,N,std,jump,jump_prob,ve,dim
0,2.3977420824426945,2.398067016951714,31,0.2,0.3,0.5,0.001,1
