,L2,L2_true,N,std,jump,jump_prob,ve,dim
0,6.36740941194529,5.545808752760292,31,0.01,0.3,0.5,0.001,3
