,L2,L2_true,N,std,jump,jump_prob,ve,dim
0,24.3046372163915,24.129213493161085,1637,0.01,0.3,0.5,0.001,3
