,L2,L2_true,N,std,jump,jump_prob,ve,dim
0,3.438162185783562,0.38684556145576693,1389,0.01,0.3,0.5,0.01,2
