,L2,L2_true,N,std,jump,jump_prob,ve,dim
0,2.072066900948525,2.072167725515825,7,0.2,0.3,0.5,0.001,1
