,L2,L2_true,N,std,jump,jump_prob,ve,dim
0,2.1822594349401525,2.1824703606074736,11,0.2,0.3,0.5,0.001,1
