,L2,L2_true,N,std,jump,jump_prob,ve,dim
0,4.208972168881613,2.3296147434574888,26,0.01,0.3,0.5,0.01,2
