,L2,L2_true,N,std,jump,jump_prob,ve,dim
0,23.175979824952513,22.98614685514497,1389,0.01,0.3,0.5,0.001,3
