,L2,L2_true,N,std,jump,jump_prob,ve,dim
0,0.8156642619385571,0.8160174196926878,227,0.2,0.3,0.5,0.001,1
