,L2,L2_true,N,std,jump,jump_prob,ve,dim
0,3.960033858888385,1.988782405485144,1000,0.01,0.3,0.5,0.01,3
