,L2,L2_true,N,std,jump,jump_prob,ve,dim
0,3.4190064867658134,0.2988613874086302,2275,0.01,0.3,0.5,0.01,2
