,L2,L2_true,N,std,jump,jump_prob,ve,dim
0,23.076885898516075,22.886169512111852,1389,0.01,0.3,0.5,0.001,3
