,L2,L2_true,N,std,jump,jump_prob,ve,dim
0,3.748731414624846,1.5184711979173442,117,0.01,0.3,0.5,0.01,2
