,L2,L2_true,N,std,jump,jump_prob,ve,dim
0,3.1110390676519835,0.6795732281289847,100,0.01,0.3,0.5,0.0025,1
