,L2,L2_true,N,std,jump,jump_prob,ve,dim
0,3.427153628397623,0.3540887643739279,51,0.01,0.3,0.5,0.01,1
