,L2,L2_true,N,std,jump,jump_prob,ve,dim
0,4.33208944548107,3.443968561009279,2275,0.01,0.3,0.5,0.001,2
