,L2,L2_true,N,std,jump,jump_prob,ve,dim
0,24.66287956181497,24.499778580885305,2000,0.01,0.3,0.5,0.001,3
