,L2,L2_true,N,std,jump,jump_prob,ve,dim
0,3.898244504166116,1.8763501994830274,1178,0.01,0.3,0.5,0.01,3
