,L2,L2_true,N,std,jump,jump_prob,ve,dim
0,3.3002065894783095,1.8823500288783976,31,0.01,0.3,0.5,0.001,1
