,L2,L2_true,N,std,jump,jump_prob,ve,dim
0,3.539709440495913,0.9364880220261351,268,0.01,0.3,0.5,0.01,2
