,L2,L2_true,N,std,jump,jump_prob,ve,dim
0,2.499798597294405,2.4560054103104028,10,0.05,0.3,0.5,0.001,1
