,L2,L2_true,N,std,jump,jump_prob,ve,dim
0,3.039875944172125,0.17315130712273924,1389,0.01,0.3,0.5,0.0025,1
