,L2,L2_true,N,std,jump,jump_prob,ve,dim
0,3.4355606951046704,0.3768102316966735,1389,0.01,0.3,0.5,0.01,2
