,L2,L2_true,N,std,jump,jump_prob,ve,dim
0,8.10411242244601,7.481511804444653,61,0.01,0.3,0.5,0.001,3
