,L2,L2_true,N,std,jump,jump_prob,ve,dim
0,0.5411626379942459,0.540924828633619,439,0.2,0.3,0.5,0.001,1
