,L2,L2_true,N,std,jump,jump_prob,ve,dim
0,8.023677567593865,7.538402006561554,439,0.01,0.3,0.5,0.001,2
