,L2,L2_true,N,std,jump,jump_prob,ve,dim
0,2.988181708691297,1.4395483819696155,84,0.01,0.3,0.5,0.001,1
