,L2,L2_true,N,std,jump,jump_prob,ve,dim
0,0.8469154104386228,0.8473275340487929,227,0.2,0.3,0.5,0.001,1
