,L2,L2_true,N,std,jump,jump_prob,ve,dim
0,2.989404911345799,1.4494188783854287,61,0.01,0.3,0.5,0.001,1
