,L2,L2_true,N,std,jump,jump_prob,ve,dim
0,12.435770454368184,12.032688178625596,848,0.01,0.3,0.5,0.0025,3
