,L2,L2_true,N,std,jump,jump_prob,ve,dim
0,4.519187374230151,3.0130313290985042,10,0.01,0.3,0.5,0.0025,3
