,L2,L2_true,N,std,jump,jump_prob,ve,dim
0,3.603799111944732,1.9916742186813354,51,0.01,0.3,0.5,0.0025,1
