,L2,L2_true,N,std,jump,jump_prob,ve,dim
0,1.4645862045466553,1.4627329310960306,4,0.2,0.3,0.5,0.001,1
