,L2,L2_true,N,std,jump,jump_prob,ve,dim
0,4.307182182752841,2.4822021398208918,10,0.01,0.3,0.5,0.01,3
