,L2,L2_true,N,std,jump,jump_prob,ve,dim
0,5.354934238596337,4.074637814796173,138,0.01,0.3,0.5,0.01,3
