,L2,L2_true,N,std,jump,jump_prob,ve,dim
0,3.863193985118602,2.4643291445548483,13,0.01,0.3,0.5,0.001,1
