,L2,L2_true,N,std,jump,jump_prob,ve,dim
0,5.716817027896424,4.767471295471967,22,0.01,0.3,0.5,0.001,3
