,L2,L2_true,N,std,jump,jump_prob,ve,dim
0,2.6366942624589864,0.30833702710719035,848,0.01,0.3,0.5,0.001,1
