,L2,L2_true,N,std,jump,jump_prob,ve,dim
0,3.4240131207826536,0.10229012552843622,517,0.01,0.3,0.5,0.01,1
