,L2,L2_true,N,std,jump,jump_prob,ve,dim
0,3.720253261193871,2.018740833047715,3,0.01,0.3,0.5,0.001,1
