,L2,L2_true,N,std,jump,jump_prob,ve,dim
0,3.6225327800364586,1.3282829669388903,1,0.01,0.3,0.5,0.0025,1
