,L2,L2_true,N,std,jump,jump_prob,ve,dim
0,0.7917076513117997,0.7782631422874667,193,0.05,0.3,0.5,0.001,1
