,L2,L2_true,N,std,jump,jump_prob,ve,dim
0,3.5412952011703416,2.1343057656839752,22,0.01,0.3,0.5,0.001,1
