,L2,L2_true,N,std,jump,jump_prob,ve,dim
0,11.96508825722332,11.52478326018212,372,0.01,0.3,0.5,0.0025,3
