,L2,L2_true,N,std,jump,jump_prob,ve,dim
0,3.4145232292785557,0.1548380408815858,163,0.01,0.3,0.5,0.01,1
