,L2,L2_true,N,std,jump,jump_prob,ve,dim
0,4.8231564593787235,3.453469747439697,13,0.01,0.3,0.5,0.0025,3
