,L2,L2_true,N,std,jump,jump_prob,ve,dim
0,12.617727094641824,12.194538009182999,439,0.01,0.3,0.5,0.0025,3
