,L2,L2_true,N,std,jump,jump_prob,ve,dim
0,1.2198837126525246,1.2146242292909912,2,0.2,0.3,0.5,0.001,1
