,L2,L2_true,N,std,jump,jump_prob,ve,dim
0,3.4257897950351257,0.31546367549786813,2000,0.01,0.3,0.5,0.01,2
