,L2,L2_true,N,std,jump,jump_prob,ve,dim
0,2.6272904922874294,0.20152954593406744,1930,0.01,0.3,0.5,0.001,1
