,L2,L2_true,N,std,jump,jump_prob,ve,dim
0,3.823476732593535,1.8077890608563694,3,0.01,0.3,0.5,0.0025,2
