,L2,L2_true,N,std,jump,jump_prob,ve,dim
0,2.10616119957802,2.0914338029293513,13,0.05,0.3,0.5,0.001,1
