,L2,L2_true,N,std,jump,jump_prob,ve,dim
0,3.442434747852973,0.351003766001779,1930,0.01,0.3,0.5,0.01,2
