,L2,L2_true,N,std,jump,jump_prob,ve,dim
0,5.931669266358653,4.953994598733487,51,0.01,0.3,0.5,0.0025,2
