,L2,L2_true,N,std,jump,jump_prob,ve,dim
0,0.6586225669694584,0.6586416573333158,372,0.2,0.3,0.5,0.001,1
