,L2,L2_true,N,std,jump,jump_prob,ve,dim
0,3.035387008938247,0.2160053475479235,719,0.01,0.3,0.5,0.0025,1
