,L2,L2_true,N,std,jump,jump_prob,ve,dim
0,0.39920241919274857,0.3209804196342616,1178,0.05,0.3,0.5,0.001,1
