,L2,L2_true,N,std,jump,jump_prob,ve,dim
0,3.9478894892957492,2.0659643486532766,4,0.01,0.3,0.5,0.0025,3
