,L2,L2_true,N,std,jump,jump_prob,ve,dim
0,5.698819516856339,4.599735712506487,26,0.01,0.3,0.5,0.0025,3
