,L2,L2_true,N,std,jump,jump_prob,ve,dim
0,3.7139383164058963,1.1927649404841312,3,0.01,0.3,0.5,0.01,1
