,L2,L2_true,N,std,jump,jump_prob,ve,dim
0,3.25008395761961,1.124506137723213,61,0.01,0.3,0.5,0.0025,1
