,L2,L2_true,N,std,jump,jump_prob,ve,dim
0,3.405855292717614,1.5568508535029535,1637,0.01,0.3,0.5,0.0025,2
