,L2,L2_true,N,std,jump,jump_prob,ve,dim
0,3.9691657812207217,2.0927376734542413,4,0.01,0.3,0.5,0.0025,3
