,L2,L2_true,N,std,jump,jump_prob,ve,dim
0,3.7309978931486283,1.6273433589176443,2,0.01,0.3,0.5,0.0025,2
