,L2,L2_true,N,std,jump,jump_prob,ve,dim
0,7.634099223761811,7.128931206722156,517,0.01,0.3,0.5,0.001,2
