,L2,L2_true,N,std,jump,jump_prob,ve,dim
0,3.8167933200309228,2.2061433274593107,4,0.01,0.3,0.5,0.001,1
