,L2,L2_true,N,std,jump,jump_prob,ve,dim
0,2.6203190330142703,0.2975716879094835,719,0.01,0.3,0.5,0.001,1
