,L2,L2_true,N,std,jump,jump_prob,ve,dim
0,3.0607307772345975,0.3705501178606665,193,0.01,0.3,0.5,0.0025,1
