,L2,L2_true,N,std,jump,jump_prob,ve,dim
0,4.307885172686588,2.680000384708145,7,0.01,0.3,0.5,0.0025,3
