,L2,L2_true,N,std,jump,jump_prob,ve,dim
0,3.6076529841201337,1.329285713877871,1,0.01,0.3,0.5,0.0025,3
