,L2,L2_true,N,std,jump,jump_prob,ve,dim
0,3.6013659071394377,1.1282198408917514,193,0.01,0.3,0.5,0.01,2
