,L2,L2_true,N,std,jump,jump_prob,ve,dim
0,3.5011164155837124,0.658091376463491,13,0.01,0.3,0.5,0.01,1
