,L2,L2_true,N,std,jump,jump_prob,ve,dim
0,2.6200098094959086,2.6204732482942172,13,0.2,0.3,0.5,0.001,1
