,L2,L2_true,N,std,jump,jump_prob,ve,dim
0,0.2550435813332087,0.2554920984172015,1637,0.2,0.3,0.5,0.001,1
