,L2,L2_true,N,std,jump,jump_prob,ve,dim
0,3.4316450790403175,0.26428043661216494,3000,0.01,0.3,0.5,0.01,2
