,L2,L2_true,N,std,jump,jump_prob,ve,dim
0,5.951493637654791,5.043829142388815,117,0.01,0.3,0.5,0.0025,2
