,L2,L2_true,N,std,jump,jump_prob,ve,dim
0,3.422749533512237,0.32295001787716343,1930,0.01,0.3,0.5,0.01,2
