,L2,L2_true,N,std,jump,jump_prob,ve,dim
0,22.960792980594928,22.760332298604396,1000,0.01,0.3,0.5,0.001,3
