,L2,L2_true,N,std,jump,jump_prob,ve,dim
0,3.8691092873584694,1.7952665753613615,84,0.01,0.3,0.5,0.01,2
