,L2,L2_true,N,std,jump,jump_prob,ve,dim
0,5.944754953872469,4.946598756626916,43,0.01,0.3,0.5,0.0025,2
