,L2,L2_true,N,std,jump,jump_prob,ve,dim
0,3.711742799828592,2.006498178701212,19,0.01,0.3,0.5,0.0025,1
