,L2,L2_true,N,std,jump,jump_prob,ve,dim
0,4.024322129691028,2.532685444787702,5,0.01,0.3,0.5,0.001,2
