,L2,L2_true,N,std,jump,jump_prob,ve,dim
0,12.450092941203502,12.049100250711582,1178,0.01,0.3,0.5,0.0025,3
