,L2,L2_true,N,std,jump,jump_prob,ve,dim
0,22.46770916933736,22.274369258092204,1178,0.01,0.3,0.5,0.001,3
