,L2,L2_true,N,std,jump,jump_prob,ve,dim
0,4.258629472206447,2.8831110071903656,7,0.01,0.3,0.5,0.001,2
