,L2,L2_true,N,std,jump,jump_prob,ve,dim
0,0.7291540860511674,0.6715138626232501,268,0.05,0.3,0.5,0.001,1
