,L2,L2_true,N,std,jump,jump_prob,ve,dim
0,3.9526310765039256,1.9953020551598228,1000,0.01,0.3,0.5,0.01,3
