,L2,L2_true,N,std,jump,jump_prob,ve,dim
0,12.672861034282189,12.291911324473295,193,0.01,0.3,0.5,0.001,3
