,L2,L2_true,N,std,jump,jump_prob,ve,dim
0,1.738251678670195,1.738301311218665,71,0.2,0.3,0.5,0.001,1
