,L2,L2_true,N,std,jump,jump_prob,ve,dim
0,5.429941243822214,4.144540190603821,51,0.01,0.3,0.5,0.01,3
