,L2,L2_true,N,std,jump,jump_prob,ve,dim
0,4.5821850008228395,3.3352432584789318,10,0.01,0.3,0.5,0.001,3
