,L2,L2_true,N,std,jump,jump_prob,ve,dim
0,3.4263901501212906,0.08185811911657913,719,0.01,0.3,0.5,0.01,1
