,L2,L2_true,N,std,jump,jump_prob,ve,dim
0,3.9052728305975464,1.6303841359689055,4,0.01,0.3,0.5,0.01,3
