,L2,L2_true,N,std,jump,jump_prob,ve,dim
0,6.807549139182387,6.073161900592049,51,0.01,0.3,0.5,0.001,2
