,L2,L2_true,N,std,jump,jump_prob,ve,dim
0,4.365364892015611,2.7848574700111137,8,0.01,0.3,0.5,0.0025,3
