,L2,L2_true,N,std,jump,jump_prob,ve,dim
0,1.6046809437824237,1.600216612261227,3,0.2,0.3,0.5,0.001,1
