,L2,L2_true,N,std,jump,jump_prob,ve,dim
0,2.0624636104441696,2.054861902634109,43,0.05,0.3,0.5,0.001,1
