,L2,L2_true,N,std,jump,jump_prob,ve,dim
0,0.6781714297455437,0.6786535006464188,316,0.2,0.3,0.5,0.001,1
