,L2,L2_true,N,std,jump,jump_prob,ve,dim
0,3.745034036573688,1.5051690719429882,100,0.01,0.3,0.5,0.01,2
