,L2,L2_true,N,std,jump,jump_prob,ve,dim
0,7.544529942304206,6.890404071623426,71,0.01,0.3,0.5,0.001,2
