,L2,L2_true,N,std,jump,jump_prob,ve,dim
0,6.6952819210835015,5.800906885219848,43,0.01,0.3,0.5,0.0025,3
