,L2,L2_true,N,std,jump,jump_prob,ve,dim
0,1.6354926034279351,1.635637288887507,4,0.2,0.3,0.5,0.001,1
