,L2,L2_true,N,std,jump,jump_prob,ve,dim
0,3.6038421639233724,0.7448867513181926,1,0.01,0.3,0.5,0.01,3
