,L2,L2_true,N,std,jump,jump_prob,ve,dim
0,0.6246142087394368,0.588847758319052,372,0.05,0.3,0.5,0.001,1
