,L2,L2_true,N,std,jump,jump_prob,ve,dim
0,1.4140746428108173,1.2525064279780034,2,0.05,0.3,0.5,0.001,1
