,L2,L2_true,N,std,jump,jump_prob,ve,dim
0,11.972109532774578,11.535794269406864,372,0.01,0.3,0.5,0.0025,3
