,L2,L2_true,N,std,jump,jump_prob,ve,dim
0,1.903953752124663,1.887352408426599,51,0.05,0.3,0.5,0.001,1
