,L2,L2_true,N,std,jump,jump_prob,ve,dim
0,2.503471256435681,2.43710547380201,8,0.05,0.3,0.5,0.001,1
