,L2,L2_true,N,std,jump,jump_prob,ve,dim
0,3.621964461941325,1.8022991138273963,1,0.01,0.3,0.5,0.001,1
