,L2,L2_true,N,std,jump,jump_prob,ve,dim
0,3.428695941205526,0.322777824478847,2000,0.01,0.3,0.5,0.01,2
