,L2,L2_true,N,std,jump,jump_prob,ve,dim
0,3.8781181736098818,2.3101749462016152,5,0.01,0.3,0.5,0.001,1
