,L2,L2_true,N,std,jump,jump_prob,ve,dim
0,5.722190607491733,4.6368028165611905,26,0.01,0.3,0.5,0.0025,3
