,L2,L2_true,N,std,jump,jump_prob,ve,dim
0,21.946878769740696,21.742790231581154,1000,0.01,0.3,0.5,0.001,3
