,L2,L2_true,N,std,jump,jump_prob,ve,dim
0,3.486235435231943,0.6589461748731366,22,0.01,0.3,0.5,0.01,1
