,L2,L2_true,N,std,jump,jump_prob,ve,dim
0,3.7086769762835208,1.3936917837375447,117,0.01,0.3,0.5,0.01,2
