,L2,L2_true,N,std,jump,jump_prob,ve,dim
0,3.6679766452000018,2.052890260159335,1000,0.01,0.3,0.5,0.0025,2
