,L2,L2_true,N,std,jump,jump_prob,ve,dim
0,2.1587954215497818,2.158819968271511,61,0.2,0.3,0.5,0.001,1
