,L2,L2_true,N,std,jump,jump_prob,ve,dim
0,5.712015473958659,4.767045643819864,22,0.01,0.3,0.5,0.001,3
