,L2,L2_true,N,std,jump,jump_prob,ve,dim
0,5.440692565060096,4.275119405712629,22,0.01,0.3,0.5,0.0025,3
