,L2,L2_true,N,std,jump,jump_prob,ve,dim
0,6.34080512005876,5.50740787550863,31,0.01,0.3,0.5,0.001,3
