,L2,L2_true,N,std,jump,jump_prob,ve,dim
0,10.569107640794691,10.03937099897361,193,0.01,0.3,0.5,0.0025,3
