,L2,L2_true,N,std,jump,jump_prob,ve,dim
0,4.271820956649965,2.897103064315085,7,0.01,0.3,0.5,0.001,2
