,L2,L2_true,N,std,jump,jump_prob,ve,dim
0,9.847403433303993,9.339085569875975,100,0.01,0.3,0.5,0.001,3
