,L2,L2_true,N,std,jump,jump_prob,ve,dim
0,0.4827295293258961,0.4824587187501359,610,0.2,0.3,0.5,0.001,1
