,L2,L2_true,N,std,jump,jump_prob,ve,dim
0,5.221624815073974,4.173206063947143,16,0.01,0.3,0.5,0.001,3
