,L2,L2_true,N,std,jump,jump_prob,ve,dim
0,5.941053976537881,4.905304915035099,26,0.01,0.3,0.5,0.0025,3
