,L2,L2_true,N,std,jump,jump_prob,ve,dim
0,3.733368949527903,1.16220626729425,2,0.01,0.3,0.5,0.01,3
