,L2,L2_true,N,std,jump,jump_prob,ve,dim
0,3.425857223085655,0.058937378130013394,1930,0.01,0.3,0.5,0.01,1
