,L2,L2_true,N,std,jump,jump_prob,ve,dim
0,3.729910195350538,1.4710103148414067,117,0.01,0.3,0.5,0.01,2
