,L2,L2_true,N,std,jump,jump_prob,ve,dim
0,3.833984471734792,2.2270336874701697,3,0.01,0.3,0.5,0.001,3
