,L2,L2_true,N,std,jump,jump_prob,ve,dim
0,4.951621823774581,3.573630848136266,268,0.01,0.3,0.5,0.01,3
