,L2,L2_true,N,std,jump,jump_prob,ve,dim
0,3.477404916870339,0.6812491616596295,517,0.01,0.3,0.5,0.01,2
