,L2,L2_true,N,std,jump,jump_prob,ve,dim
0,8.161327715834535,7.447430399428017,71,0.01,0.3,0.5,0.0025,3
