,L2,L2_true,N,std,jump,jump_prob,ve,dim
0,5.16785756505348,3.940619898788314,22,0.01,0.3,0.5,0.0025,2
