,L2,L2_true,N,std,jump,jump_prob,ve,dim
0,3.845593722947169,2.218921404496635,3,0.01,0.3,0.5,0.001,3
