,L2,L2_true,N,std,jump,jump_prob,ve,dim
0,3.916283667663906,2.055956626329292,7,0.01,0.3,0.5,0.0025,1
