,L2,L2_true,N,std,jump,jump_prob,ve,dim
0,2.1570406274441485,2.1587322258070336,7,0.2,0.3,0.5,0.001,1
