,L2,L2_true,N,std,jump,jump_prob,ve,dim
0,9.9553570905026,9.447484806024688,100,0.01,0.3,0.5,0.001,3
