,L2,L2_true,N,std,jump,jump_prob,ve,dim
0,1.520630514078812,1.4835938762062308,71,0.05,0.3,0.5,0.001,1
