,L2,L2_true,N,std,jump,jump_prob,ve,dim
0,2.3447162870605522,2.3452863648915736,8,0.2,0.3,0.5,0.001,1
