,L2,L2_true,N,std,jump,jump_prob,ve,dim
0,3.410940255267484,0.1302545076105576,719,0.01,0.3,0.5,0.01,1
