,L2,L2_true,N,std,jump,jump_prob,ve,dim
0,4.0770133026672655,2.0898135902091473,16,0.01,0.3,0.5,0.01,2
