,L2,L2_true,N,std,jump,jump_prob,ve,dim
0,3.7815365153326876,2.0149443253422286,13,0.01,0.3,0.5,0.0025,1
