,L2,L2_true,N,std,jump,jump_prob,ve,dim
0,3.605869775356653,1.491779950895898,8,0.01,0.3,0.5,0.0025,1
