,L2,L2_true,N,std,jump,jump_prob,ve,dim
0,3.214789920182092,3.189889547999282,19,0.05,0.3,0.5,0.001,1
