,L2,L2_true,N,std,jump,jump_prob,ve,dim
0,3.411672207722847,1.564202967612899,1637,0.01,0.3,0.5,0.0025,2
