,L2,L2_true,N,std,jump,jump_prob,ve,dim
0,2.7537543078970694,0.8891141282535631,100,0.01,0.3,0.5,0.001,1
