,L2,L2_true,N,std,jump,jump_prob,ve,dim
0,11.15460851055204,10.729019821017976,2000,0.01,0.3,0.5,0.0025,3
