,L2,L2_true,N,std,jump,jump_prob,ve,dim
0,3.639023401826759,1.3911091596471865,3,0.01,0.3,0.5,0.0025,1
