,L2,L2_true,N,std,jump,jump_prob,ve,dim
0,15.832548837806009,15.534317417918986,372,0.01,0.3,0.5,0.001,3
