,L2,L2_true,N,std,jump,jump_prob,ve,dim
0,3.685309740136838,1.9841776299914688,22,0.01,0.3,0.5,0.0025,1
