,L2,L2_true,N,std,jump,jump_prob,ve,dim
0,4.1389580343903125,2.2585799378744746,37,0.01,0.3,0.5,0.01,2
