,L2,L2_true,N,std,jump,jump_prob,ve,dim
0,0.4259897103709981,0.3345245923510909,1000,0.05,0.3,0.5,0.001,1
