,L2,L2_true,N,std,jump,jump_prob,ve,dim
0,3.6200664480312414,0.7713055701215447,2,0.01,0.3,0.5,0.01,1
