,L2,L2_true,N,std,jump,jump_prob,ve,dim
0,3.416094149154655,0.14267858550382942,268,0.01,0.3,0.5,0.01,1
