,L2,L2_true,N,std,jump,jump_prob,ve,dim
0,9.736444601875416,9.152578162432134,138,0.01,0.3,0.5,0.0025,3
