,L2,L2_true,N,std,jump,jump_prob,ve,dim
0,2.6566408327791593,2.6288106333691243,13,0.05,0.3,0.5,0.001,1
