,L2,L2_true,N,std,jump,jump_prob,ve,dim
0,0.9222042246894524,0.9323445023750611,138,0.05,0.3,0.5,0.001,1
