,L2,L2_true,N,std,jump,jump_prob,ve,dim
0,0.8747803159272596,0.8278545188313846,163,0.05,0.3,0.5,0.001,1
