,L2,L2_true,N,std,jump,jump_prob,ve,dim
0,3.7873584697255143,2.474648356691096,19,0.01,0.3,0.5,0.001,1
