,L2,L2_true,N,std,jump,jump_prob,ve,dim
0,4.062258414480693,2.0853391359338334,10,0.01,0.3,0.5,0.01,1
