,L2,L2_true,N,std,jump,jump_prob,ve,dim
0,4.347754369212687,3.0210167925064164,8,0.01,0.3,0.5,0.001,2
