,L2,L2_true,N,std,jump,jump_prob,ve,dim
0,5.4348356439100165,4.179190787808896,138,0.01,0.3,0.5,0.01,3
