,L2,L2_true,N,std,jump,jump_prob,ve,dim
0,3.4117602355573413,1.5754488184743862,1637,0.01,0.3,0.5,0.0025,2
