,L2,L2_true,N,std,jump,jump_prob,ve,dim
0,3.644244317269366,0.9463500251018216,2,0.01,0.3,0.5,0.01,1
