,L2,L2_true,N,std,jump,jump_prob,ve,dim
0,1.5668947516251364,1.428958453758596,3,0.05,0.3,0.5,0.001,1
