,L2,L2_true,N,std,jump,jump_prob,ve,dim
0,6.24901147427767,5.387681764236908,138,0.01,0.3,0.5,0.0025,2
