,L2,L2_true,N,std,jump,jump_prob,ve,dim
0,3.6231111851674767,0.7954178860454623,2,0.01,0.3,0.5,0.01,1
