,L2,L2_true,N,std,jump,jump_prob,ve,dim
0,4.021630614474944,2.773183523982564,16,0.01,0.3,0.5,0.001,1
