,L2,L2_true,N,std,jump,jump_prob,ve,dim
0,1.4079647476184158,1.2475276998097171,2,0.05,0.3,0.5,0.001,1
