,L2,L2_true,N,std,jump,jump_prob,ve,dim
0,0.6831812481443721,0.6821706098928352,316,0.2,0.3,0.5,0.001,1
