,L2,L2_true,N,std,jump,jump_prob,ve,dim
0,3.989930807695838,2.5188830537609936,7,0.01,0.3,0.5,0.001,1
