,L2,L2_true,N,std,jump,jump_prob,ve,dim
0,3.416140826084539,0.05211591815163237,3162,0.01,0.3,0.5,0.01,1
