,L2,L2_true,N,std,jump,jump_prob,ve,dim
0,3.421445770399072,0.08216195565397684,719,0.01,0.3,0.5,0.01,1
