,L2,L2_true,N,std,jump,jump_prob,ve,dim
0,3.0562002147809215,0.44979114785825214,163,0.01,0.3,0.5,0.0025,1
