,L2,L2_true,N,std,jump,jump_prob,ve,dim
0,6.558506622027824,5.76377840372894,31,0.01,0.3,0.5,0.001,3
