,L2,L2_true,N,std,jump,jump_prob,ve,dim
0,0.37937527834766904,0.30014817809513583,1000,0.05,0.3,0.5,0.001,1
