,L2,L2_true,N,std,jump,jump_prob,ve,dim
0,1.9351833436735173,1.8322183547830608,4,0.05,0.3,0.5,0.001,1
