,L2,L2_true,N,std,jump,jump_prob,ve,dim
0,16.17925509103482,15.880109158462233,372,0.01,0.3,0.5,0.001,3
