,L2,L2_true,N,std,jump,jump_prob,ve,dim
0,3.431390706095587,0.07173353384561569,719,0.01,0.3,0.5,0.01,1
