,L2,L2_true,N,std,jump,jump_prob,ve,dim
0,3.0402051945503876,0.19087601939664622,719,0.01,0.3,0.5,0.0025,1
