,L2,L2_true,N,std,jump,jump_prob,ve,dim
0,7.833331717081064,7.077421674117436,71,0.01,0.3,0.5,0.0025,3
