,L2,L2_true,N,std,jump,jump_prob,ve,dim
0,3.426758904453987,0.3309289244034427,1930,0.01,0.3,0.5,0.01,2
