,L2,L2_true,N,std,jump,jump_prob,ve,dim
0,3.6585487133642824,1.282423593522626,163,0.01,0.3,0.5,0.01,2
