,L2,L2_true,N,std,jump,jump_prob,ve,dim
0,3.2390907465225327,1.1255930126146692,3000,0.01,0.3,0.5,0.0025,2
