,L2,L2_true,N,std,jump,jump_prob,ve,dim
0,4.23468909338628,2.369743546216316,16,0.01,0.3,0.5,0.01,2
