,L2,L2_true,N,std,jump,jump_prob,ve,dim
0,3.778857165830966,2.233045461311694,10,0.01,0.3,0.5,0.001,1
