,L2,L2_true,N,std,jump,jump_prob,ve,dim
0,2.0890064184056314,2.088709392176597,43,0.2,0.3,0.5,0.001,1
