,L2,L2_true,N,std,jump,jump_prob,ve,dim
0,0.7032535806065878,0.6917589133397051,227,0.05,0.3,0.5,0.001,1
