,L2,L2_true,N,std,jump,jump_prob,ve,dim
0,8.452981641542044,7.971980876153133,268,0.01,0.3,0.5,0.001,2
