,L2,L2_true,N,std,jump,jump_prob,ve,dim
0,3.6191069809266048,1.3722362196030582,2,0.01,0.3,0.5,0.0025,1
