,L2,L2_true,N,std,jump,jump_prob,ve,dim
0,5.202516036399505,3.893309300799699,193,0.01,0.3,0.5,0.01,3
