,L2,L2_true,N,std,jump,jump_prob,ve,dim
0,3.0461403662115565,0.36619312303976254,268,0.01,0.3,0.5,0.0025,1
