,L2,L2_true,N,std,jump,jump_prob,ve,dim
0,8.611395261079052,8.110668046724072,193,0.01,0.3,0.5,0.001,2
