,L2,L2_true,N,std,jump,jump_prob,ve,dim
0,3.73546843193467,1.4772993803873689,117,0.01,0.3,0.5,0.01,2
