,L2,L2_true,N,std,jump,jump_prob,ve,dim
0,3.4462297566511655,0.47819330402511756,1000,0.01,0.3,0.5,0.01,2
