,L2,L2_true,N,std,jump,jump_prob,ve,dim
0,3.532596176395398,0.8061495582286987,11,0.01,0.3,0.5,0.01,1
