,L2,L2_true,N,std,jump,jump_prob,ve,dim
0,1.3754674713424702,1.3655166085288264,84,0.05,0.3,0.5,0.001,1
