,L2,L2_true,N,std,jump,jump_prob,ve,dim
0,3.4237769173572095,0.10812549657302069,268,0.01,0.3,0.5,0.01,1
