,L2,L2_true,N,std,jump,jump_prob,ve,dim
0,4.215303023821629,2.916570704999425,517,0.01,0.3,0.5,0.0025,2
