,L2,L2_true,N,std,jump,jump_prob,ve,dim
0,4.302959429007749,3.0237851318056665,10,0.01,0.3,0.5,0.001,1
