,L2,L2_true,N,std,jump,jump_prob,ve,dim
0,13.007241036033934,12.611124193627328,517,0.01,0.3,0.5,0.0025,3
