,L2,L2_true,N,std,jump,jump_prob,ve,dim
0,12.850020047590135,12.436890755066404,719,0.01,0.3,0.5,0.0025,3
