,L2,L2_true,N,std,jump,jump_prob,ve,dim
0,7.122474050292331,6.2809848227531395,51,0.01,0.3,0.5,0.0025,3
