,L2,L2_true,N,std,jump,jump_prob,ve,dim
0,0.8417589098703099,0.8013917939959506,193,0.05,0.3,0.5,0.001,1
