,L2,L2_true,N,std,jump,jump_prob,ve,dim
0,4.239930557308262,2.585171373264351,7,0.01,0.3,0.5,0.0025,3
