,L2,L2_true,N,std,jump,jump_prob,ve,dim
0,0.3034223274997339,0.30386051270935055,1637,0.2,0.3,0.5,0.001,1
