,L2,L2_true,N,std,jump,jump_prob,ve,dim
0,3.419985561674894,0.11149825170462237,372,0.01,0.3,0.5,0.01,1
