,L2,L2_true,N,std,jump,jump_prob,ve,dim
0,5.365550790127159,4.363838474320229,19,0.01,0.3,0.5,0.001,2
