,L2,L2_true,N,std,jump,jump_prob,ve,dim
0,3.5159338392328223,0.8465607554037484,316,0.01,0.3,0.5,0.01,2
