,L2,L2_true,N,std,jump,jump_prob,ve,dim
0,5.314661170610774,4.051800534216794,163,0.01,0.3,0.5,0.01,3
