,L2,L2_true,N,std,jump,jump_prob,ve,dim
0,3.783024752830568,2.023357399743287,16,0.01,0.3,0.5,0.0025,1
