,L2,L2_true,N,std,jump,jump_prob,ve,dim
0,2.7072914079404327,2.707020928231404,16,0.2,0.3,0.5,0.001,1
