,L2,L2_true,N,std,jump,jump_prob,ve,dim
0,3.1192913250764502,0.7376984419242363,71,0.01,0.3,0.5,0.0025,1
