,L2,L2_true,N,std,jump,jump_prob,ve,dim
0,1.088669096763338,1.0890316865713983,117,0.2,0.3,0.5,0.001,1
