,L2,L2_true,N,std,jump,jump_prob,ve,dim
0,3.749982448437822,1.2062868280188606,2,0.01,0.3,0.5,0.01,2
