,L2,L2_true,N,std,jump,jump_prob,ve,dim
0,3.4301226461370597,0.2976485624960983,2275,0.01,0.3,0.5,0.01,2
