,L2,L2_true,N,std,jump,jump_prob,ve,dim
0,3.6450654407745353,2.0176751468419876,1000,0.01,0.3,0.5,0.0025,2
