,L2,L2_true,N,std,jump,jump_prob,ve,dim
0,11.482417074310721,11.047387390064399,1637,0.01,0.3,0.5,0.0025,3
