,L2,L2_true,N,std,jump,jump_prob,ve,dim
0,7.145120739996852,6.304449812306152,51,0.01,0.3,0.5,0.0025,3
