,L2,L2_true,N,std,jump,jump_prob,ve,dim
0,1.4444979592008458,1.4499514590773468,84,0.05,0.3,0.5,0.001,1
