,L2,L2_true,N,std,jump,jump_prob,ve,dim
0,3.412499114150021,0.07415865743838652,1178,0.01,0.3,0.5,0.01,1
