,L2,L2_true,N,std,jump,jump_prob,ve,dim
0,3.658633794906748,1.0573673232454075,4,0.01,0.3,0.5,0.01,1
