,L2,L2_true,N,std,jump,jump_prob,ve,dim
0,0.435837728743724,0.4360836070144068,719,0.2,0.3,0.5,0.001,1
