,L2,L2_true,N,std,jump,jump_prob,ve,dim
0,4.64459584396909,3.207682312158696,11,0.01,0.3,0.5,0.0025,3
