,L2,L2_true,N,std,jump,jump_prob,ve,dim
0,4.534540720644746,2.961025490285033,439,0.01,0.3,0.5,0.01,3
