,L2,L2_true,N,std,jump,jump_prob,ve,dim
0,3.719573563237472,1.5595328912159256,3,0.01,0.3,0.5,0.0025,1
