,L2,L2_true,N,std,jump,jump_prob,ve,dim
0,4.593987773839644,3.412485088245453,372,0.01,0.3,0.5,0.0025,2
