,L2,L2_true,N,std,jump,jump_prob,ve,dim
0,5.4725970710198375,4.234109330130685,117,0.01,0.3,0.5,0.01,3
