,L2,L2_true,N,std,jump,jump_prob,ve,dim
0,11.080282073263295,10.62832226200932,1930,0.01,0.3,0.5,0.0025,3
