,L2,L2_true,N,std,jump,jump_prob,ve,dim
0,3.447576005982311,0.4322957526205589,84,0.01,0.3,0.5,0.01,1
