,L2,L2_true,N,std,jump,jump_prob,ve,dim
0,10.873739171318238,10.417436834148264,1930,0.01,0.3,0.5,0.0025,3
