,L2,L2_true,N,std,jump,jump_prob,ve,dim
0,6.256087685877984,5.430237894517652,37,0.01,0.3,0.5,0.001,2
