,L2,L2_true,N,std,jump,jump_prob,ve,dim
0,3.6521423303320995,0.9696066973419729,2,0.01,0.3,0.5,0.01,2
