,L2,L2_true,N,std,jump,jump_prob,ve,dim
0,4.624073649110296,3.0122675717392458,16,0.01,0.3,0.5,0.01,3
