,L2,L2_true,N,std,jump,jump_prob,ve,dim
0,3.4107801140716565,1.5407029918582333,1637,0.01,0.3,0.5,0.0025,2
