,L2,L2_true,N,std,jump,jump_prob,ve,dim
0,4.573345844155886,3.333467801121762,10,0.01,0.3,0.5,0.001,2
