,L2,L2_true,N,std,jump,jump_prob,ve,dim
0,0.3660283455670927,0.30446913449826407,1178,0.05,0.3,0.5,0.001,1
