,L2,L2_true,N,std,jump,jump_prob,ve,dim
0,4.948738090561357,4.183788031403792,1637,0.01,0.3,0.5,0.001,2
