,L2,L2_true,N,std,jump,jump_prob,ve,dim
0,11.913512314686459,11.504706008294336,163,0.01,0.3,0.5,0.001,3
