,L2,L2_true,N,std,jump,jump_prob,ve,dim
0,6.122200694674069,5.25107236648059,100,0.01,0.3,0.5,0.0025,2
