,L2,L2_true,N,std,jump,jump_prob,ve,dim
0,4.297292156355826,2.4447355540753715,10,0.01,0.3,0.5,0.01,3
