,L2,L2_true,N,std,jump,jump_prob,ve,dim
0,3.42166272446292,0.40764299891808187,43,0.01,0.3,0.5,0.01,1
