,L2,L2_true,N,std,jump,jump_prob,ve,dim
0,11.624992614960242,11.209866481781381,1637,0.01,0.3,0.5,0.0025,3
