,L2,L2_true,N,std,jump,jump_prob,ve,dim
0,6.196373230447506,5.276274929427381,61,0.01,0.3,0.5,0.0025,2
