,L2,L2_true,N,std,jump,jump_prob,ve,dim
0,0.3309181501309385,0.2349208263619737,1930,0.05,0.3,0.5,0.001,1
