,L2,L2_true,N,std,jump,jump_prob,ve,dim
0,1.9748658052903847,1.9767693615445625,6,0.2,0.3,0.5,0.001,1
