,L2,L2_true,N,std,jump,jump_prob,ve,dim
0,5.866787344050911,5.228395444449727,1000,0.01,0.3,0.5,0.001,2
