,L2,L2_true,N,std,jump,jump_prob,ve,dim
0,4.93113651600642,3.451513733313964,26,0.01,0.3,0.5,0.01,3
