,L2,L2_true,N,std,jump,jump_prob,ve,dim
0,4.10494497961749,2.128191758443337,13,0.01,0.3,0.5,0.01,2
