,L2,L2_true,N,std,jump,jump_prob,ve,dim
0,12.743117347652854,12.362028087550485,193,0.01,0.3,0.5,0.001,3
