,L2,L2_true,N,std,jump,jump_prob,ve,dim
0,12.8171062529193,12.404420880134595,517,0.01,0.3,0.5,0.0025,3
