,L2,L2_true,N,std,jump,jump_prob,ve,dim
0,3.1056513143191022,0.773750499537281,51,0.01,0.3,0.5,0.0025,1
