,L2,L2_true,N,std,jump,jump_prob,ve,dim
0,3.7867223551734,2.2677149816018636,848,0.01,0.3,0.5,0.0025,2
