,L2,L2_true,N,std,jump,jump_prob,ve,dim
0,5.496451348310488,4.494406348475634,19,0.01,0.3,0.5,0.001,3
