,L2,L2_true,N,std,jump,jump_prob,ve,dim
0,0.9527247023932452,0.9523836092506277,163,0.2,0.3,0.5,0.001,1
