,L2,L2_true,N,std,jump,jump_prob,ve,dim
0,7.7993873111541605,7.307494425356602,517,0.01,0.3,0.5,0.001,2
