,L2,L2_true,N,std,jump,jump_prob,ve,dim
0,2.2578208033000617,2.257867044211927,31,0.2,0.3,0.5,0.001,1
