,L2,L2_true,N,std,jump,jump_prob,ve,dim
0,6.61430915578138,5.695612200724394,43,0.01,0.3,0.5,0.0025,3
