,L2,L2_true,N,std,jump,jump_prob,ve,dim
0,4.787395890824782,3.241882924070183,19,0.01,0.3,0.5,0.01,3
