,L2,L2_true,N,std,jump,jump_prob,ve,dim
0,0.3104174215047558,0.18730490656842422,2682,0.05,0.3,0.5,0.001,1
