,L2,L2_true,N,std,jump,jump_prob,ve,dim
0,1.1080982945280753,1.0945080549634683,138,0.05,0.3,0.5,0.001,1
