,L2,L2_true,N,std,jump,jump_prob,ve,dim
0,4.222914845932147,2.3667944708919673,22,0.01,0.3,0.5,0.01,2
