,L2,L2_true,N,std,jump,jump_prob,ve,dim
0,1.806450555855327,1.8055602239241095,7,0.2,0.3,0.5,0.001,1
