,L2,L2_true,N,std,jump,jump_prob,ve,dim
0,11.794067158816961,11.379477785638443,163,0.01,0.3,0.5,0.001,3
