,L2,L2_true,N,std,jump,jump_prob,ve,dim
0,3.7923621996179566,1.3624577266602642,3,0.01,0.3,0.5,0.01,2
