,L2,L2_true,N,std,jump,jump_prob,ve,dim
0,7.820104734601131,7.334631621146899,517,0.01,0.3,0.5,0.001,2
