,L2,L2_true,N,std,jump,jump_prob,ve,dim
0,2.6674885224628326,0.4908867839226141,372,0.01,0.3,0.5,0.001,1
