,L2,L2_true,N,std,jump,jump_prob,ve,dim
0,5.159654582645364,4.098404985931679,16,0.01,0.3,0.5,0.001,3
