,L2,L2_true,N,std,jump,jump_prob,ve,dim
0,4.435667557905691,3.1323875425038694,8,0.01,0.3,0.5,0.001,3
