,L2,L2_true,N,std,jump,jump_prob,ve,dim
0,4.625808321899593,3.7916789003257816,1930,0.01,0.3,0.5,0.001,2
