,L2,L2_true,N,std,jump,jump_prob,ve,dim
0,2.9865075794266684,1.361557111994862,61,0.01,0.3,0.5,0.001,1
