,L2,L2_true,N,std,jump,jump_prob,ve,dim
0,1.5294204113683962,1.388922284621869,2,0.05,0.3,0.5,0.001,1
