,L2,L2_true,N,std,jump,jump_prob,ve,dim
0,0.6462667904267174,0.6180204799897061,439,0.05,0.3,0.5,0.001,1
