,L2,L2_true,N,std,jump,jump_prob,ve,dim
0,3.987701072014182,2.4361941600624264,4,0.01,0.3,0.5,0.001,3
