,L2,L2_true,N,std,jump,jump_prob,ve,dim
0,6.497916302845194,5.711622783854408,43,0.01,0.3,0.5,0.001,2
