,L2,L2_true,N,std,jump,jump_prob,ve,dim
0,3.492345093948843,0.6710717690333943,19,0.01,0.3,0.5,0.01,1
