,L2,L2_true,N,std,jump,jump_prob,ve,dim
0,3.425590985495174,0.3336464970035745,84,0.01,0.3,0.5,0.01,1
