,L2,L2_true,N,std,jump,jump_prob,ve,dim
0,3.6241977423838767,0.8951140030748321,3,0.01,0.3,0.5,0.01,1
