,L2,L2_true,N,std,jump,jump_prob,ve,dim
0,2.130195878573246,2.1048577551864485,31,0.05,0.3,0.5,0.001,1
