,L2,L2_true,N,std,jump,jump_prob,ve,dim
0,0.7205146636849521,0.63494394134124,316,0.05,0.3,0.5,0.001,1
