,L2,L2_true,N,std,jump,jump_prob,ve,dim
0,3.0302973575731706,0.09619756157911713,1637,0.01,0.3,0.5,0.0025,1
