,L2,L2_true,N,std,jump,jump_prob,ve,dim
0,1.6153820969921564,1.6152024700582064,61,0.2,0.3,0.5,0.001,1
