,L2,L2_true,N,std,jump,jump_prob,ve,dim
0,5.022268483706087,3.7493929812687528,19,0.01,0.3,0.5,0.0025,2
