,L2,L2_true,N,std,jump,jump_prob,ve,dim
0,2.5303411848954203,2.5007995677728814,13,0.05,0.3,0.5,0.001,1
