,L2,L2_true,N,std,jump,jump_prob,ve,dim
0,1.7931519721676292,1.7899510616502836,4,0.2,0.3,0.5,0.001,1
