,L2,L2_true,N,std,jump,jump_prob,ve,dim
0,3.8363080592414915,1.730004768319828,1389,0.01,0.3,0.5,0.01,3
