,L2,L2_true,N,std,jump,jump_prob,ve,dim
0,5.246973277758543,3.9577740664301,193,0.01,0.3,0.5,0.01,3
