,L2,L2_true,N,std,jump,jump_prob,ve,dim
0,12.112494280933666,11.707150739014482,1389,0.01,0.3,0.5,0.0025,3
