,L2,L2_true,N,std,jump,jump_prob,ve,dim
0,6.080498002968801,5.228322229031723,31,0.01,0.3,0.5,0.001,2
