,L2,L2_true,N,std,jump,jump_prob,ve,dim
0,3.705189034749128,1.4205016949518667,117,0.01,0.3,0.5,0.01,2
