,L2,L2_true,N,std,jump,jump_prob,ve,dim
0,3.3170220105811485,1.3152704851736683,2275,0.01,0.3,0.5,0.0025,2
