,L2,L2_true,N,std,jump,jump_prob,ve,dim
0,5.082883896756284,3.9950853526298062,16,0.01,0.3,0.5,0.001,2
