,L2,L2_true,N,std,jump,jump_prob,ve,dim
0,2.606490737703423,2.6066958818004764,11,0.2,0.3,0.5,0.001,1
