,L2,L2_true,N,std,jump,jump_prob,ve,dim
0,5.692078645681617,4.642914873858661,43,0.01,0.3,0.5,0.0025,2
