,L2,L2_true,N,std,jump,jump_prob,ve,dim
0,3.4408867267520384,0.38474011706220035,1389,0.01,0.3,0.5,0.01,2
