,L2,L2_true,N,std,jump,jump_prob,ve,dim
0,7.6757418254135334,7.168167239276362,517,0.01,0.3,0.5,0.001,2
