,L2,L2_true,N,std,jump,jump_prob,ve,dim
0,2.220375673279055,2.1693202747068456,8,0.05,0.3,0.5,0.001,1
