,L2,L2_true,N,std,jump,jump_prob,ve,dim
0,3.436499835275496,0.3823335225292872,71,0.01,0.3,0.5,0.01,1
