,L2,L2_true,N,std,jump,jump_prob,ve,dim
0,3.619820524719981,1.8032032423382005,1,0.01,0.3,0.5,0.001,1
