,L2,L2_true,N,std,jump,jump_prob,ve,dim
0,2.7969452722352766,2.798160120104102,16,0.2,0.3,0.5,0.001,1
