,L2,L2_true,N,std,jump,jump_prob,ve,dim
0,3.075312333990529,3.034380073594539,11,0.05,0.3,0.5,0.001,1
