,L2,L2_true,N,std,jump,jump_prob,ve,dim
0,11.132245123048612,10.68185102828115,138,0.01,0.3,0.5,0.001,3
