,L2,L2_true,N,std,jump,jump_prob,ve,dim
0,5.782118060481623,4.82777018649535,100,0.01,0.3,0.5,0.0025,2
