,L2,L2_true,N,std,jump,jump_prob,ve,dim
0,5.17653727205287,3.9549599444142816,22,0.01,0.3,0.5,0.0025,2
