,L2,L2_true,N,std,jump,jump_prob,ve,dim
0,3.9675292609078268,1.9478143010604856,51,0.01,0.3,0.5,0.01,2
