,L2,L2_true,N,std,jump,jump_prob,ve,dim
0,2.1655748632172336,2.06226284967915,5,0.05,0.3,0.5,0.001,1
