,L2,L2_true,N,std,jump,jump_prob,ve,dim
0,3.420687696131068,0.13769349113002122,268,0.01,0.3,0.5,0.01,1
