,L2,L2_true,N,std,jump,jump_prob,ve,dim
0,0.5207718904871687,0.4755090558260892,517,0.05,0.3,0.5,0.001,1
