,L2,L2_true,N,std,jump,jump_prob,ve,dim
0,12.01494530255449,11.568587334149345,316,0.01,0.3,0.5,0.0025,3
