,L2,L2_true,N,std,jump,jump_prob,ve,dim
0,3.739683955744194,2.2715168320084795,16,0.01,0.3,0.5,0.001,1
