,L2,L2_true,N,std,jump,jump_prob,ve,dim
0,4.025827780733253,2.5490915102859506,6,0.01,0.3,0.5,0.001,1
