,L2,L2_true,N,std,jump,jump_prob,ve,dim
0,10.437318271584727,9.961162791478113,117,0.01,0.3,0.5,0.001,3
