,L2,L2_true,N,std,jump,jump_prob,ve,dim
0,1.033220914359207,1.030930410152801,2,0.2,0.3,0.5,0.001,1
