,L2,L2_true,N,std,jump,jump_prob,ve,dim
0,7.516487063113171,6.830100172238646,51,0.01,0.3,0.5,0.001,3
