,L2,L2_true,N,std,jump,jump_prob,ve,dim
0,3.4123119228389585,0.032449985052080584,2682,0.01,0.3,0.5,0.01,1
