,L2,L2_true,N,std,jump,jump_prob,ve,dim
0,3.7126903590691125,1.4200018986047869,138,0.01,0.3,0.5,0.01,2
