,L2,L2_true,N,std,jump,jump_prob,ve,dim
0,2.4520662864714504,2.4541662038335375,10,0.2,0.3,0.5,0.001,1
