,L2,L2_true,N,std,jump,jump_prob,ve,dim
0,4.624338648358263,2.9904844421447674,16,0.01,0.3,0.5,0.01,3
