,L2,L2_true,N,std,jump,jump_prob,ve,dim
0,0.39917763276727464,0.3237790001180674,1178,0.05,0.3,0.5,0.001,1
