,L2,L2_true,N,std,jump,jump_prob,ve,dim
0,2.640966778046892,0.31104569550031097,848,0.01,0.3,0.5,0.001,1
