,L2,L2_true,N,std,jump,jump_prob,ve,dim
0,5.558753954475764,4.444612231064199,31,0.01,0.3,0.5,0.0025,2
