,L2,L2_true,N,std,jump,jump_prob,ve,dim
0,13.548781118429273,13.187770683280908,227,0.01,0.3,0.5,0.001,3
