,L2,L2_true,N,std,jump,jump_prob,ve,dim
0,0.30470385502451575,0.304539776417548,1637,0.2,0.3,0.5,0.001,1
