,L2,L2_true,N,std,jump,jump_prob,ve,dim
0,1.8448993006378034,1.728269500745447,3,0.05,0.3,0.5,0.001,1
