,L2,L2_true,N,std,jump,jump_prob,ve,dim
0,3.759579072935575,1.6668429395780893,2,0.01,0.3,0.5,0.0025,3
