,L2,L2_true,N,std,jump,jump_prob,ve,dim
0,4.046710162004323,2.1643590780359596,848,0.01,0.3,0.5,0.01,3
