,L2,L2_true,N,std,jump,jump_prob,ve,dim
0,5.183687878662852,4.193962779708491,316,0.01,0.3,0.5,0.0025,2
