,L2,L2_true,N,std,jump,jump_prob,ve,dim
0,10.31917890616595,9.827964251814807,117,0.01,0.3,0.5,0.001,3
