,L2,L2_true,N,std,jump,jump_prob,ve,dim
0,3.4501987821030435,0.3894944666851984,1389,0.01,0.3,0.5,0.01,2
