,L2,L2_true,N,std,jump,jump_prob,ve,dim
0,3.8314227580637947,2.2033656494949647,3,0.01,0.3,0.5,0.001,3
