,L2,L2_true,N,std,jump,jump_prob,ve,dim
0,4.036001495163101,2.9539339202439123,31,0.01,0.3,0.5,0.001,1
