,L2,L2_true,N,std,jump,jump_prob,ve,dim
0,3.4859623326221976,0.7080288195753315,26,0.01,0.3,0.5,0.01,1
