,L2,L2_true,N,std,jump,jump_prob,ve,dim
0,4.107652899545872,2.2533930961343196,61,0.01,0.3,0.5,0.01,2
