,L2,L2_true,N,std,jump,jump_prob,ve,dim
0,5.455469170492758,4.194844562706806,100,0.01,0.3,0.5,0.01,3
