,L2,L2_true,N,std,jump,jump_prob,ve,dim
0,2.888745060104472,2.888556736952308,13,0.2,0.3,0.5,0.001,1
