,L2,L2_true,N,std,jump,jump_prob,ve,dim
0,2.7173571271808825,2.7182773449326096,26,0.2,0.3,0.5,0.001,1
