,L2,L2_true,N,std,jump,jump_prob,ve,dim
0,5.899270418867065,4.85024189126599,26,0.01,0.3,0.5,0.0025,3
