,L2,L2_true,N,std,jump,jump_prob,ve,dim
0,3.6200827954008328,0.7446220378762524,1,0.01,0.3,0.5,0.01,1
