,L2,L2_true,N,std,jump,jump_prob,ve,dim
0,0.19153089775384677,0.19131781118293528,3162,0.2,0.3,0.5,0.001,1
