,L2,L2_true,N,std,jump,jump_prob,ve,dim
0,3.4147562383567513,0.1303531841041073,268,0.01,0.3,0.5,0.01,1
