,L2,L2_true,N,std,jump,jump_prob,ve,dim
0,4.244658924707637,2.606987651237183,7,0.01,0.3,0.5,0.0025,3
