,L2,L2_true,N,std,jump,jump_prob,ve,dim
0,3.4407416421258694,0.32494807717323754,61,0.01,0.3,0.5,0.01,1
