,L2,L2_true,N,std,jump,jump_prob,ve,dim
0,2.6106485466179885,2.550881190926401,8,0.05,0.3,0.5,0.001,1
