,L2,L2_true,N,std,jump,jump_prob,ve,dim
0,3.906997610438352,2.439117677868272,719,0.01,0.3,0.5,0.0025,2
