,L2,L2_true,N,std,jump,jump_prob,ve,dim
0,1.55030045343341,1.5506752670833084,51,0.2,0.3,0.5,0.001,1
