,L2,L2_true,N,std,jump,jump_prob,ve,dim
0,3.737924824703254,2.258408424673635,13,0.01,0.3,0.5,0.001,1
