,L2,L2_true,N,std,jump,jump_prob,ve,dim
0,12.862381287207935,12.473766702542122,1000,0.01,0.3,0.5,0.0025,3
