,L2,L2_true,N,std,jump,jump_prob,ve,dim
0,0.9223297422037494,0.9230874646059896,193,0.2,0.3,0.5,0.001,1
