,L2,L2_true,N,std,jump,jump_prob,ve,dim
0,3.964262170589183,2.0875212489268766,4,0.01,0.3,0.5,0.0025,3
