,L2,L2_true,N,std,jump,jump_prob,ve,dim
0,3.9081367738978714,2.002077841384337,4,0.01,0.3,0.5,0.0025,2
