,L2,L2_true,N,std,jump,jump_prob,ve,dim
0,0.34130889765364464,0.23752488957499943,2275,0.05,0.3,0.5,0.001,1
