,L2,L2_true,N,std,jump,jump_prob,ve,dim
0,5.1102703682252475,3.702738138575845,31,0.01,0.3,0.5,0.01,3
