,L2,L2_true,N,std,jump,jump_prob,ve,dim
0,0.3779009082440639,0.370465080594357,1,0.2,0.3,0.5,0.001,1
