,L2,L2_true,N,std,jump,jump_prob,ve,dim
0,0.5259295739368103,0.5252966450763934,517,0.2,0.3,0.5,0.001,1
