,L2,L2_true,N,std,jump,jump_prob,ve,dim
0,3.8219323298183077,1.7056632740948445,1389,0.01,0.3,0.5,0.01,3
