,L2,L2_true,N,std,jump,jump_prob,ve,dim
0,3.8418985383931137,1.9671500326489624,7,0.01,0.3,0.5,0.0025,1
