,L2,L2_true,N,std,jump,jump_prob,ve,dim
0,4.147188158629649,2.195427921091762,7,0.01,0.3,0.5,0.01,3
