,L2,L2_true,N,std,jump,jump_prob,ve,dim
0,7.3296075698291405,6.648161794122132,61,0.01,0.3,0.5,0.001,2
