,L2,L2_true,N,std,jump,jump_prob,ve,dim
0,0.5037779548779556,0.4441126817428238,610,0.05,0.3,0.5,0.001,1
