,L2,L2_true,N,std,jump,jump_prob,ve,dim
0,3.564771939788091,0.9939177513175984,227,0.01,0.3,0.5,0.01,2
