,L2,L2_true,N,std,jump,jump_prob,ve,dim
0,3.433724893697064,0.31686926373748486,2000,0.01,0.3,0.5,0.01,2
