,L2,L2_true,N,std,jump,jump_prob,ve,dim
0,2.6059138951547967,2.6071420768129734,11,0.2,0.3,0.5,0.001,1
