,L2,L2_true,N,std,jump,jump_prob,ve,dim
0,5.253579946238951,4.5476418918901125,1389,0.01,0.3,0.5,0.001,2
