,L2,L2_true,N,std,jump,jump_prob,ve,dim
0,2.6550100034802417,0.4552489686057632,517,0.01,0.3,0.5,0.001,1
