,L2,L2_true,N,std,jump,jump_prob,ve,dim
0,0.2797914450116566,0.18828210539281232,3162,0.05,0.3,0.5,0.001,1
