,L2,L2_true,N,std,jump,jump_prob,ve,dim
0,2.2944387662288275,2.2948852675903586,16,0.2,0.3,0.5,0.001,1
