,L2,L2_true,N,std,jump,jump_prob,ve,dim
0,5.975659402299815,5.356092892234793,1000,0.01,0.3,0.5,0.001,2
