,L2,L2_true,N,std,jump,jump_prob,ve,dim
0,5.310608683723039,4.029539370882204,138,0.01,0.3,0.5,0.01,3
