,L2,L2_true,N,std,jump,jump_prob,ve,dim
0,4.577490823266945,3.7539185751678175,2000,0.01,0.3,0.5,0.001,2
