,L2,L2_true,N,std,jump,jump_prob,ve,dim
0,3.80025390954376,2.257681921119269,8,0.01,0.3,0.5,0.001,1
