,L2,L2_true,N,std,jump,jump_prob,ve,dim
0,4.817389146250218,3.4540781723796288,13,0.01,0.3,0.5,0.0025,3
