,L2,L2_true,N,std,jump,jump_prob,ve,dim
0,24.096500758081646,23.925393597611233,2275,0.01,0.3,0.5,0.001,3
