,L2,L2_true,N,std,jump,jump_prob,ve,dim
0,3.5732231786075173,2.088896550820018,26,0.01,0.3,0.5,0.001,1
