,L2,L2_true,N,std,jump,jump_prob,ve,dim
0,3.6798692824770245,1.7672442505381551,10,0.01,0.3,0.5,0.0025,1
