,L2,L2_true,N,std,jump,jump_prob,ve,dim
0,2.8018827539613187,0.9763001124678602,117,0.01,0.3,0.5,0.001,1
