,L2,L2_true,N,std,jump,jump_prob,ve,dim
0,4.162162824975356,2.2293470817312806,16,0.01,0.3,0.5,0.01,2
