,L2,L2_true,N,std,jump,jump_prob,ve,dim
0,3.9709628557901264,2.0156336699682433,1000,0.01,0.3,0.5,0.01,3
