,L2,L2_true,N,std,jump,jump_prob,ve,dim
0,5.1327896386037235,3.8718736992429887,16,0.01,0.3,0.5,0.0025,3
