,L2,L2_true,N,std,jump,jump_prob,ve,dim
0,0.7795144897680045,0.7788262021231419,227,0.2,0.3,0.5,0.001,1
