,L2,L2_true,N,std,jump,jump_prob,ve,dim
0,4.365049652425541,2.787326358088095,8,0.01,0.3,0.5,0.0025,3
