,L2,L2_true,N,std,jump,jump_prob,ve,dim
0,8.365191143991279,7.847991334265256,227,0.01,0.3,0.5,0.001,2
