,L2,L2_true,N,std,jump,jump_prob,ve,dim
0,1.509227514028978,1.5109712037376837,4,0.2,0.3,0.5,0.001,1
