,L2,L2_true,N,std,jump,jump_prob,ve,dim
0,3.077544969418472,0.5894654208044555,100,0.01,0.3,0.5,0.0025,1
