,L2,L2_true,N,std,jump,jump_prob,ve,dim
0,3.613885461914011,0.7447842656255722,1,0.01,0.3,0.5,0.01,1
