,L2,L2_true,N,std,jump,jump_prob,ve,dim
0,3.475417830546171,0.5600989813850015,26,0.01,0.3,0.5,0.01,1
