,L2,L2_true,N,std,jump,jump_prob,ve,dim
0,3.807837995630153,2.173882585807098,4,0.01,0.3,0.5,0.001,1
