,L2,L2_true,N,std,jump,jump_prob,ve,dim
0,3.399553009371599,0.07662644764389805,610,0.01,0.3,0.5,0.01,1
