,L2,L2_true,N,std,jump,jump_prob,ve,dim
0,3.8301890960496574,1.4567018535984442,3,0.01,0.3,0.5,0.01,3
