,L2,L2_true,N,std,jump,jump_prob,ve,dim
0,2.4455556875658453,2.4391803552942015,31,0.05,0.3,0.5,0.001,1
