,L2,L2_true,N,std,jump,jump_prob,ve,dim
0,4.920306744635057,3.5942000417694073,16,0.01,0.3,0.5,0.0025,2
