,L2,L2_true,N,std,jump,jump_prob,ve,dim
0,2.637410098515055,0.3661934622551684,610,0.01,0.3,0.5,0.001,1
