,L2,L2_true,N,std,jump,jump_prob,ve,dim
0,15.272361343151028,14.965425954634636,316,0.01,0.3,0.5,0.001,3
