,L2,L2_true,N,std,jump,jump_prob,ve,dim
0,11.144753144788547,10.704023147809213,138,0.01,0.3,0.5,0.001,3
