,L2,L2_true,N,std,jump,jump_prob,ve,dim
0,3.609373828910085,1.3293081166929197,1,0.01,0.3,0.5,0.0025,2
