,L2,L2_true,N,std,jump,jump_prob,ve,dim
0,4.164510426883667,2.2227985072645877,13,0.01,0.3,0.5,0.01,2
