,L2,L2_true,N,std,jump,jump_prob,ve,dim
0,4.008136653083936,2.5724472315323963,7,0.01,0.3,0.5,0.001,1
