,L2,L2_true,N,std,jump,jump_prob,ve,dim
0,3.0481322385158314,0.3183879584160251,163,0.01,0.3,0.5,0.0025,1
