,L2,L2_true,N,std,jump,jump_prob,ve,dim
0,25.257441275685583,25.096345248476034,1930,0.01,0.3,0.5,0.001,3
