,L2,L2_true,N,std,jump,jump_prob,ve,dim
0,5.277293423417352,3.9442051558624622,37,0.01,0.3,0.5,0.01,3
