,L2,L2_true,N,std,jump,jump_prob,ve,dim
0,5.579058721794975,4.63584017674785,163,0.01,0.3,0.5,0.0025,2
