,L2,L2_true,N,std,jump,jump_prob,ve,dim
0,15.820539668092385,15.52186246241045,372,0.01,0.3,0.5,0.001,3
