,L2,L2_true,N,std,jump,jump_prob,ve,dim
0,3.6185606573390987,0.7450197158238876,1,0.01,0.3,0.5,0.01,1
