,L2,L2_true,N,std,jump,jump_prob,ve,dim
0,5.56095146473735,4.466225714266569,31,0.01,0.3,0.5,0.0025,2
