,L2,L2_true,N,std,jump,jump_prob,ve,dim
0,3.466589983329385,0.575726214915553,31,0.01,0.3,0.5,0.01,1
