,L2,L2_true,N,std,jump,jump_prob,ve,dim
0,0.533448807825967,0.5337394195933866,439,0.2,0.3,0.5,0.001,1
