,L2,L2_true,N,std,jump,jump_prob,ve,dim
0,3.4329369440501156,0.31325766261645577,61,0.01,0.3,0.5,0.01,1
