,L2,L2_true,N,std,jump,jump_prob,ve,dim
0,10.072881304118333,9.511383336557675,163,0.01,0.3,0.5,0.0025,3
