,L2,L2_true,N,std,jump,jump_prob,ve,dim
0,3.6452946201574083,1.8743661411215822,2,0.01,0.3,0.5,0.001,1
