,L2,L2_true,N,std,jump,jump_prob,ve,dim
0,3.813308907083223,1.7089204200460493,1389,0.01,0.3,0.5,0.01,3
