,L2,L2_true,N,std,jump,jump_prob,ve,dim
0,2.416463865016771,2.4164225666184795,16,0.2,0.3,0.5,0.001,1
