,L2,L2_true,N,std,jump,jump_prob,ve,dim
0,3.053449139994709,0.3642034035075321,268,0.01,0.3,0.5,0.0025,1
