,L2,L2_true,N,std,jump,jump_prob,ve,dim
0,0.32193913273701746,0.22196944410280545,2275,0.05,0.3,0.5,0.001,1
