,L2,L2_true,N,std,jump,jump_prob,ve,dim
0,7.113888183277274,6.384785535784859,43,0.01,0.3,0.5,0.001,3
