,L2,L2_true,N,std,jump,jump_prob,ve,dim
0,4.04475195439001,2.2524473271165424,5,0.01,0.3,0.5,0.0025,3
