,L2,L2_true,N,std,jump,jump_prob,ve,dim
0,6.385594729073,5.585105917462554,37,0.01,0.3,0.5,0.001,2
