,L2,L2_true,N,std,jump,jump_prob,ve,dim
0,3.4946441681133233,0.6618450018233923,19,0.01,0.3,0.5,0.01,1
