,L2,L2_true,N,std,jump,jump_prob,ve,dim
0,15.232466850000314,14.92330161094433,316,0.01,0.3,0.5,0.001,3
