,L2,L2_true,N,std,jump,jump_prob,ve,dim
0,3.7469384684749705,2.0474570651443407,2,0.01,0.3,0.5,0.001,2
