,L2,L2_true,N,std,jump,jump_prob,ve,dim
0,8.00519081674386,7.5057791684624915,439,0.01,0.3,0.5,0.001,2
