,L2,L2_true,N,std,jump,jump_prob,ve,dim
0,3.6399370720377564,1.8758408412318452,2,0.01,0.3,0.5,0.001,1
