,L2,L2_true,N,std,jump,jump_prob,ve,dim
0,12.513834686456788,12.112667627693185,1000,0.01,0.3,0.5,0.0025,3
