,L2,L2_true,N,std,jump,jump_prob,ve,dim
0,6.330201561931932,5.516843162512175,37,0.01,0.3,0.5,0.001,2
