,L2,L2_true,N,std,jump,jump_prob,ve,dim
0,2.6197348439759254,0.17155778030222382,1637,0.01,0.3,0.5,0.001,1
