,L2,L2_true,N,std,jump,jump_prob,ve,dim
0,5.908604092946474,4.888575970246119,43,0.01,0.3,0.5,0.0025,2
