,L2,L2_true,N,std,jump,jump_prob,ve,dim
0,3.707088149762308,1.4114302958591984,117,0.01,0.3,0.5,0.01,2
