,L2,L2_true,N,std,jump,jump_prob,ve,dim
0,3.7907670739560078,1.5347522613749056,10,0.01,0.3,0.5,0.01,1
