,L2,L2_true,N,std,jump,jump_prob,ve,dim
0,5.689128247416504,4.695946973832946,84,0.01,0.3,0.5,0.0025,2
