,L2,L2_true,N,std,jump,jump_prob,ve,dim
0,2.3299164203100835,2.329120327502069,10,0.2,0.3,0.5,0.001,1
