,L2,L2_true,N,std,jump,jump_prob,ve,dim
0,23.93047526851425,23.76452343552688,3000,0.01,0.3,0.5,0.001,3
