,L2,L2_true,N,std,jump,jump_prob,ve,dim
0,12.833229516074486,12.450332639018036,193,0.01,0.3,0.5,0.001,3
