,L2,L2_true,N,std,jump,jump_prob,ve,dim
0,5.624999811102763,4.698537703766966,193,0.01,0.3,0.5,0.0025,2
