,L2,L2_true,N,std,jump,jump_prob,ve,dim
0,4.89903187048608,3.7675730512322123,13,0.01,0.3,0.5,0.001,3
