,L2,L2_true,N,std,jump,jump_prob,ve,dim
0,2.40840148322519,2.319235143728268,8,0.05,0.3,0.5,0.001,1
