,L2,L2_true,N,std,jump,jump_prob,ve,dim
0,4.2684791663514146,2.5364597227766796,610,0.01,0.3,0.5,0.01,3
