,L2,L2_true,N,std,jump,jump_prob,ve,dim
0,0.2142535901276637,0.21478658123702474,3162,0.2,0.3,0.5,0.001,1
