,L2,L2_true,N,std,jump,jump_prob,ve,dim
0,9.779005863328301,9.207442328612025,138,0.01,0.3,0.5,0.0025,3
