,L2,L2_true,N,std,jump,jump_prob,ve,dim
0,8.885353601240293,8.423143533765998,268,0.01,0.3,0.5,0.001,2
