,L2,L2_true,N,std,jump,jump_prob,ve,dim
0,4.602273478751745,3.7836043648800124,1930,0.01,0.3,0.5,0.001,2
