,L2,L2_true,N,std,jump,jump_prob,ve,dim
0,8.454460863388784,7.952103059648607,227,0.01,0.3,0.5,0.001,2
