,L2,L2_true,N,std,jump,jump_prob,ve,dim
0,0.3777470968802108,0.37031205284693175,1,0.2,0.3,0.5,0.001,1
