,L2,L2_true,N,std,jump,jump_prob,ve,dim
0,20.06574119554943,19.835572009211628,719,0.01,0.3,0.5,0.001,3
