,L2,L2_true,N,std,jump,jump_prob,ve,dim
0,4.338207392478883,2.6549188061621547,610,0.01,0.3,0.5,0.01,3
