,L2,L2_true,N,std,jump,jump_prob,ve,dim
0,2.5342860265544336,2.5348310847439053,11,0.2,0.3,0.5,0.001,1
