,L2,L2_true,N,std,jump,jump_prob,ve,dim
0,8.733221319617344,8.224073086670128,193,0.01,0.3,0.5,0.001,2
