,L2,L2_true,N,std,jump,jump_prob,ve,dim
0,1.3850873332575147,1.3812908127540902,117,0.05,0.3,0.5,0.001,1
