,L2,L2_true,N,std,jump,jump_prob,ve,dim
0,5.3146816391701615,4.125145923008469,26,0.01,0.3,0.5,0.0025,2
