,L2,L2_true,N,std,jump,jump_prob,ve,dim
0,3.9903011231245347,2.033457829470356,1000,0.01,0.3,0.5,0.01,3
