,L2,L2_true,N,std,jump,jump_prob,ve,dim
0,5.489410466197945,4.372010381187003,31,0.01,0.3,0.5,0.0025,2
