,L2,L2_true,N,std,jump,jump_prob,ve,dim
0,0.4583969530002544,0.37932655871259535,848,0.05,0.3,0.5,0.001,1
