,L2,L2_true,N,std,jump,jump_prob,ve,dim
0,1.8199287144580818,1.8203073533980303,5,0.2,0.3,0.5,0.001,1
