,L2,L2_true,N,std,jump,jump_prob,ve,dim
0,3.520610113250837,0.8710799283605224,316,0.01,0.3,0.5,0.01,2
