,L2,L2_true,N,std,jump,jump_prob,ve,dim
0,3.7889210776381126,1.9338436858857744,8,0.01,0.3,0.5,0.0025,1
