,L2,L2_true,N,std,jump,jump_prob,ve,dim
0,0.4654201496775048,0.46570789916116256,610,0.2,0.3,0.5,0.001,1
