,L2,L2_true,N,std,jump,jump_prob,ve,dim
0,0.29186058335107956,0.18255593160934122,3162,0.05,0.3,0.5,0.001,1
