,L2,L2_true,N,std,jump,jump_prob,ve,dim
0,0.5984208888387559,0.5099691085393675,517,0.05,0.3,0.5,0.001,1
