,L2,L2_true,N,std,jump,jump_prob,ve,dim
0,4.707721483338796,3.5698769968997124,372,0.01,0.3,0.5,0.0025,2
