,L2,L2_true,N,std,jump,jump_prob,ve,dim
0,1.445543391321096,1.2968602440607522,2,0.05,0.3,0.5,0.001,1
