,L2,L2_true,N,std,jump,jump_prob,ve,dim
0,0.2987717597161151,0.2984788898533916,1637,0.2,0.3,0.5,0.001,1
