,L2,L2_true,N,std,jump,jump_prob,ve,dim
0,2.205439855816897,2.2061987173266258,8,0.2,0.3,0.5,0.001,1
