,L2,L2_true,N,std,jump,jump_prob,ve,dim
0,5.431952357575946,4.193114383193861,163,0.01,0.3,0.5,0.01,3
