,L2,L2_true,N,std,jump,jump_prob,ve,dim
0,8.090902550513519,7.605801343188293,372,0.01,0.3,0.5,0.001,2
