,L2,L2_true,N,std,jump,jump_prob,ve,dim
0,5.784489497851345,4.716907137543402,26,0.01,0.3,0.5,0.0025,3
