,L2,L2_true,N,std,jump,jump_prob,ve,dim
0,4.210993837205327,2.3345736975803804,13,0.01,0.3,0.5,0.01,2
