,L2,L2_true,N,std,jump,jump_prob,ve,dim
0,2.920639534818218,2.899571001077238,31,0.05,0.3,0.5,0.001,1
