,L2,L2_true,N,std,jump,jump_prob,ve,dim
0,11.452294104587292,11.017998041290843,1637,0.01,0.3,0.5,0.0025,3
