,L2,L2_true,N,std,jump,jump_prob,ve,dim
0,4.042232340324275,2.2491093074245336,5,0.01,0.3,0.5,0.0025,2
