,L2,L2_true,N,std,jump,jump_prob,ve,dim
0,5.842028897189177,4.934179599997574,138,0.01,0.3,0.5,0.0025,2
