,L2,L2_true,N,std,jump,jump_prob,ve,dim
0,3.697891723861329,1.3839907124170867,138,0.01,0.3,0.5,0.01,2
