,L2,L2_true,N,std,jump,jump_prob,ve,dim
0,0.3093668051230162,0.3097949187173145,1389,0.2,0.3,0.5,0.001,1
