,L2,L2_true,N,std,jump,jump_prob,ve,dim
0,3.6182313116530196,1.328656824773858,1,0.01,0.3,0.5,0.0025,1
