,L2,L2_true,N,std,jump,jump_prob,ve,dim
0,4.290416975507131,2.442608129944753,10,0.01,0.3,0.5,0.01,3
