,L2,L2_true,N,std,jump,jump_prob,ve,dim
0,1.49152798032261,1.4901191995316545,71,0.05,0.3,0.5,0.001,1
