,L2,L2_true,N,std,jump,jump_prob,ve,dim
0,4.037361118481027,2.2431079986215177,5,0.01,0.3,0.5,0.0025,2
