,L2,L2_true,N,std,jump,jump_prob,ve,dim
0,3.0498397465935954,0.24843146876610558,268,0.01,0.3,0.5,0.0025,1
