,L2,L2_true,N,std,jump,jump_prob,ve,dim
0,3.4409573408502414,0.41326404857934645,1178,0.01,0.3,0.5,0.01,2
