,L2,L2_true,N,std,jump,jump_prob,ve,dim
0,5.447710639313208,4.4562897648627775,19,0.01,0.3,0.5,0.001,3
