,L2,L2_true,N,std,jump,jump_prob,ve,dim
0,4.853509088341794,3.42641995278505,316,0.01,0.3,0.5,0.01,3
