,L2,L2_true,N,std,jump,jump_prob,ve,dim
0,8.115930222518662,7.545430306146771,117,0.01,0.3,0.5,0.001,2
