,L2,L2_true,N,std,jump,jump_prob,ve,dim
0,3.9808708282336083,2.9911739783083617,3000,0.01,0.3,0.5,0.001,2
