,L2,L2_true,N,std,jump,jump_prob,ve,dim
0,3.559019749107851,0.9720798903030405,268,0.01,0.3,0.5,0.01,2
