,L2,L2_true,N,std,jump,jump_prob,ve,dim
0,3.882215418432287,2.339329234630363,7,0.01,0.3,0.5,0.001,1
