,L2,L2_true,N,std,jump,jump_prob,ve,dim
0,3.487059619289471,0.6418901363162258,43,0.01,0.3,0.5,0.01,1
