,L2,L2_true,N,std,jump,jump_prob,ve,dim
0,0.2885549088669412,0.28696308005594423,1637,0.2,0.3,0.5,0.001,1
