,L2,L2_true,N,std,jump,jump_prob,ve,dim
0,3.8555809452531626,2.5239507920803628,13,0.01,0.3,0.5,0.001,1
