,L2,L2_true,N,std,jump,jump_prob,ve,dim
0,3.9759683828330896,2.124293341363891,4,0.01,0.3,0.5,0.0025,3
