,L2,L2_true,N,std,jump,jump_prob,ve,dim
0,2.2445151250230975,2.2446543648595068,37,0.2,0.3,0.5,0.001,1
