,L2,L2_true,N,std,jump,jump_prob,ve,dim
0,1.463319353037667,1.4660204614691454,4,0.2,0.3,0.5,0.001,1
