,L2,L2_true,N,std,jump,jump_prob,ve,dim
0,3.7137366761090753,2.0159186084549847,3,0.01,0.3,0.5,0.001,1
