,L2,L2_true,N,std,jump,jump_prob,ve,dim
0,4.018816557903196,1.9812840274043264,16,0.01,0.3,0.5,0.01,2
