,L2,L2_true,N,std,jump,jump_prob,ve,dim
0,0.6133195939615957,0.6132371896463541,372,0.2,0.3,0.5,0.001,1
