,L2,L2_true,N,std,jump,jump_prob,ve,dim
0,3.0902657973963565,0.5808389650039019,100,0.01,0.3,0.5,0.0025,1
