,L2,L2_true,N,std,jump,jump_prob,ve,dim
0,18.054789341471132,17.801030822628757,517,0.01,0.3,0.5,0.001,3
