,L2,L2_true,N,std,jump,jump_prob,ve,dim
0,6.731846011584339,5.960202670727083,37,0.01,0.3,0.5,0.001,3
