,L2,L2_true,N,std,jump,jump_prob,ve,dim
0,5.431929055912121,4.144985623817506,51,0.01,0.3,0.5,0.01,3
