,L2,L2_true,N,std,jump,jump_prob,ve,dim
0,6.386189401482766,5.42862329236519,37,0.01,0.3,0.5,0.0025,3
