,L2,L2_true,N,std,jump,jump_prob,ve,dim
0,4.4049258690984745,3.154731014831711,439,0.01,0.3,0.5,0.0025,2
