,L2,L2_true,N,std,jump,jump_prob,ve,dim
0,3.9795464101609004,2.3884580992469266,13,0.01,0.3,0.5,0.0025,1
