,L2,L2_true,N,std,jump,jump_prob,ve,dim
0,25.473694032717084,25.31441387760169,1930,0.01,0.3,0.5,0.001,3
