,L2,L2_true,N,std,jump,jump_prob,ve,dim
0,3.6333914613723897,1.8068223063629878,1,0.01,0.3,0.5,0.001,1
