,L2,L2_true,N,std,jump,jump_prob,ve,dim
0,4.5486230747942225,3.0552276640478646,10,0.01,0.3,0.5,0.0025,3
