,L2,L2_true,N,std,jump,jump_prob,ve,dim
0,5.904875368769007,4.940078092084672,61,0.01,0.3,0.5,0.0025,2
