,L2,L2_true,N,std,jump,jump_prob,ve,dim
0,9.695274157403855,9.130315764599548,138,0.01,0.3,0.5,0.0025,3
