,L2,L2_true,N,std,jump,jump_prob,ve,dim
0,2.6416737845547456,0.4422442346557971,517,0.01,0.3,0.5,0.001,1
