,L2,L2_true,N,std,jump,jump_prob,ve,dim
0,3.932212632466364,1.7465427577891415,7,0.01,0.3,0.5,0.01,2
