,L2,L2_true,N,std,jump,jump_prob,ve,dim
0,4.252315146988651,2.4003932445690332,11,0.01,0.3,0.5,0.01,2
