,L2,L2_true,N,std,jump,jump_prob,ve,dim
0,5.0406548621348195,3.7778705655483096,22,0.01,0.3,0.5,0.0025,2
