,L2,L2_true,N,std,jump,jump_prob,ve,dim
0,0.9656165379865288,0.9657283371069953,163,0.2,0.3,0.5,0.001,1
