,L2,L2_true,N,std,jump,jump_prob,ve,dim
0,2.259301089079772,2.258260113649813,37,0.2,0.3,0.5,0.001,1
