,L2,L2_true,N,std,jump,jump_prob,ve,dim
0,3.9641192539069547,2.4191501125659034,4,0.01,0.3,0.5,0.001,3
