,L2,L2_true,N,std,jump,jump_prob,ve,dim
0,2.2313506138731327,2.206185744963893,37,0.05,0.3,0.5,0.001,1
