,L2,L2_true,N,std,jump,jump_prob,ve,dim
0,3.845747185863436,2.227925923498636,4,0.01,0.3,0.5,0.001,1
