,L2,L2_true,N,std,jump,jump_prob,ve,dim
0,0.34792604569635205,0.3127989030578298,1178,0.05,0.3,0.5,0.001,1
