,L2,L2_true,N,std,jump,jump_prob,ve,dim
0,0.32017779509684413,0.21942031052417288,1930,0.05,0.3,0.5,0.001,1
