,L2,L2_true,N,std,jump,jump_prob,ve,dim
0,3.4082128249677948,0.10594741773121721,372,0.01,0.3,0.5,0.01,1
