,L2,L2_true,N,std,jump,jump_prob,ve,dim
0,5.448096624534338,4.179562965555588,61,0.01,0.3,0.5,0.01,3
