,L2,L2_true,N,std,jump,jump_prob,ve,dim
0,2.35271662692143,2.274920016660167,8,0.05,0.3,0.5,0.001,1
