,L2,L2_true,N,std,jump,jump_prob,ve,dim
0,3.667119392326717,1.2877549818206222,138,0.01,0.3,0.5,0.01,2
