,L2,L2_true,N,std,jump,jump_prob,ve,dim
0,6.040375151678359,5.425615010382651,1000,0.01,0.3,0.5,0.001,2
