,L2,L2_true,N,std,jump,jump_prob,ve,dim
0,2.6261157740429177,0.18649141789861515,2275,0.01,0.3,0.5,0.001,1
