,L2,L2_true,N,std,jump,jump_prob,ve,dim
0,21.3323565528505,21.116563774176274,1000,0.01,0.3,0.5,0.001,3
