,L2,L2_true,N,std,jump,jump_prob,ve,dim
0,1.415832360095881,1.4130468275595864,7,0.2,0.3,0.5,0.001,1
