,L2,L2_true,N,std,jump,jump_prob,ve,dim
0,5.355052640919251,4.047115788253484,43,0.01,0.3,0.5,0.01,3
