,L2,L2_true,N,std,jump,jump_prob,ve,dim
0,0.5164861377203948,0.45827846696882774,517,0.05,0.3,0.5,0.001,1
