,L2,L2_true,N,std,jump,jump_prob,ve,dim
0,1.0041689637075375,0.9839585698978335,163,0.05,0.3,0.5,0.001,1
