,L2,L2_true,N,std,jump,jump_prob,ve,dim
0,4.0270701813768115,2.2866154706352844,7,0.01,0.3,0.5,0.0025,1
