,L2,L2_true,N,std,jump,jump_prob,ve,dim
0,0.5615532724050426,0.5609200145502754,439,0.2,0.3,0.5,0.001,1
