,L2,L2_true,N,std,jump,jump_prob,ve,dim
0,0.41193540155070396,0.3521772136596639,848,0.05,0.3,0.5,0.001,1
