,L2,L2_true,N,std,jump,jump_prob,ve,dim
0,9.11029453110725,8.554766311952527,84,0.01,0.3,0.5,0.001,3
