,L2,L2_true,N,std,jump,jump_prob,ve,dim
0,4.703206840797564,3.301689434426722,13,0.01,0.3,0.5,0.0025,2
