,L2,L2_true,N,std,jump,jump_prob,ve,dim
0,2.6568774819409753,0.48147921505377456,316,0.01,0.3,0.5,0.001,1
