,L2,L2_true,N,std,jump,jump_prob,ve,dim
0,6.731865681678725,5.956426181152968,37,0.01,0.3,0.5,0.001,3
