,L2,L2_true,N,std,jump,jump_prob,ve,dim
0,3.0569726428589368,0.31607480327281406,316,0.01,0.3,0.5,0.0025,1
