,L2,L2_true,N,std,jump,jump_prob,ve,dim
0,0.9181027380607337,0.9176967296375074,193,0.2,0.3,0.5,0.001,1
