,L2,L2_true,N,std,jump,jump_prob,ve,dim
0,7.464154495570303,6.936354755408248,517,0.01,0.3,0.5,0.001,2
