,L2,L2_true,N,std,jump,jump_prob,ve,dim
0,0.882298806614123,0.8829340629008657,2,0.2,0.3,0.5,0.001,1
