,L2,L2_true,N,std,jump,jump_prob,ve,dim
0,3.6672130780095245,2.043959177983317,1000,0.01,0.3,0.5,0.0025,2
