,L2,L2_true,N,std,jump,jump_prob,ve,dim
0,0.30812251392303186,0.20404298984775093,3162,0.05,0.3,0.5,0.001,1
