,L2,L2_true,N,std,jump,jump_prob,ve,dim
0,1.2207148157626335,1.2196672477600352,3,0.2,0.3,0.5,0.001,1
