,L2,L2_true,N,std,jump,jump_prob,ve,dim
0,6.663709189147144,5.874356763305096,37,0.01,0.3,0.5,0.001,3
