,L2,L2_true,N,std,jump,jump_prob,ve,dim
0,4.285326893773938,2.646636160012427,7,0.01,0.3,0.5,0.0025,3
