,L2,L2_true,N,std,jump,jump_prob,ve,dim
0,6.686180848147649,6.12177385671846,848,0.01,0.3,0.5,0.001,2
