,L2,L2_true,N,std,jump,jump_prob,ve,dim
0,3.1001297655967868,0.8163533813653675,138,0.01,0.3,0.5,0.0025,1
