,L2,L2_true,N,std,jump,jump_prob,ve,dim
0,3.671950752849246,1.2486724148325243,11,0.01,0.3,0.5,0.01,1
