,L2,L2_true,N,std,jump,jump_prob,ve,dim
0,1.9315390359833027,1.9190691919686074,43,0.05,0.3,0.5,0.001,1
