,L2,L2_true,N,std,jump,jump_prob,ve,dim
0,0.5278610115056649,0.5278554254289659,517,0.2,0.3,0.5,0.001,1
