,L2,L2_true,N,std,jump,jump_prob,ve,dim
0,4.590767369423071,3.7639215981199654,1930,0.01,0.3,0.5,0.001,2
