,L2,L2_true,N,std,jump,jump_prob,ve,dim
0,4.0219255706206045,1.920929927687133,8,0.01,0.3,0.5,0.01,2
