,L2,L2_true,N,std,jump,jump_prob,ve,dim
0,3.067817667533941,0.5755582440301207,117,0.01,0.3,0.5,0.0025,1
