,L2,L2_true,N,std,jump,jump_prob,ve,dim
0,4.033590122064181,2.2407521952487786,5,0.01,0.3,0.5,0.0025,3
