,L2,L2_true,N,std,jump,jump_prob,ve,dim
0,3.838277232982244,1.8141017821396614,2,0.01,0.3,0.5,0.0025,1
