,L2,L2_true,N,std,jump,jump_prob,ve,dim
0,3.031445095153535,0.08943997734955053,2275,0.01,0.3,0.5,0.0025,1
