,L2,L2_true,N,std,jump,jump_prob,ve,dim
0,6.739563377887967,5.968481542634026,37,0.01,0.3,0.5,0.001,3
