,L2,L2_true,N,std,jump,jump_prob,ve,dim
0,4.587881542269221,3.137985713064911,11,0.01,0.3,0.5,0.0025,2
