,L2,L2_true,N,std,jump,jump_prob,ve,dim
0,0.5622269294013964,0.5628214611353535,439,0.2,0.3,0.5,0.001,1
