,L2,L2_true,N,std,jump,jump_prob,ve,dim
0,3.747615902527596,1.559415720449479,1637,0.01,0.3,0.5,0.01,3
