,L2,L2_true,N,std,jump,jump_prob,ve,dim
0,2.5131571852224415,2.458736621120612,10,0.05,0.3,0.5,0.001,1
