,L2,L2_true,N,std,jump,jump_prob,ve,dim
0,4.6341841427225985,3.4164842092808883,11,0.01,0.3,0.5,0.001,2
