,L2,L2_true,N,std,jump,jump_prob,ve,dim
0,11.11986647006873,10.687818497251174,2000,0.01,0.3,0.5,0.0025,3
