,L2,L2_true,N,std,jump,jump_prob,ve,dim
0,3.6332055487920467,0.9500767054205657,2,0.01,0.3,0.5,0.01,1
