,L2,L2_true,N,std,jump,jump_prob,ve,dim
0,6.413510821212997,5.601973291705813,31,0.01,0.3,0.5,0.001,3
