,L2,L2_true,N,std,jump,jump_prob,ve,dim
0,0.8082706436667588,0.7526337936395276,227,0.05,0.3,0.5,0.001,1
