,L2,L2_true,N,std,jump,jump_prob,ve,dim
0,1.3899311863450705,1.3593232689073274,84,0.05,0.3,0.5,0.001,1
