,L2,L2_true,N,std,jump,jump_prob,ve,dim
0,1.5969649839525386,1.4625032542832457,3,0.05,0.3,0.5,0.001,1
