,L2,L2_true,N,std,jump,jump_prob,ve,dim
0,3.4174690967918564,0.1850620772703947,268,0.01,0.3,0.5,0.01,1
