,L2,L2_true,N,std,jump,jump_prob,ve,dim
0,3.8784994966250834,1.851995509974869,1178,0.01,0.3,0.5,0.01,3
