,L2,L2_true,N,std,jump,jump_prob,ve,dim
0,3.0263640455308067,0.1548684752673953,1389,0.01,0.3,0.5,0.0025,1
