,L2,L2_true,N,std,jump,jump_prob,ve,dim
0,3.0304650689364037,0.2690858017738207,316,0.01,0.3,0.5,0.0025,1
