,L2,L2_true,N,std,jump,jump_prob,ve,dim
0,0.3825623739065401,0.30076052191510755,1178,0.05,0.3,0.5,0.001,1
