,L2,L2_true,N,std,jump,jump_prob,ve,dim
0,5.178986443054403,4.123658986847272,16,0.01,0.3,0.5,0.001,3
