,L2,L2_true,N,std,jump,jump_prob,ve,dim
0,0.35419633950910695,0.3528211190911815,1000,0.2,0.3,0.5,0.001,1
