,L2,L2_true,N,std,jump,jump_prob,ve,dim
0,3.7829837292700117,1.481133445443794,7,0.01,0.3,0.5,0.01,1
