,L2,L2_true,N,std,jump,jump_prob,ve,dim
0,3.4235308203497334,0.1535129287844515,316,0.01,0.3,0.5,0.01,1
