,L2,L2_true,N,std,jump,jump_prob,ve,dim
0,3.4132837943447383,0.052058154581015745,1930,0.01,0.3,0.5,0.01,1
