,L2,L2_true,N,std,jump,jump_prob,ve,dim
0,3.4133090996554576,0.08636520409888108,1930,0.01,0.3,0.5,0.01,1
