,L2,L2_true,N,std,jump,jump_prob,ve,dim
0,3.0520648162484436,0.2540494535375781,372,0.01,0.3,0.5,0.0025,1
