,L2,L2_true,N,std,jump,jump_prob,ve,dim
0,3.4358783474703634,0.20264401777760352,163,0.01,0.3,0.5,0.01,1
