,L2,L2_true,N,std,jump,jump_prob,ve,dim
0,7.977110155148585,7.24752462812034,71,0.01,0.3,0.5,0.0025,3
