,L2,L2_true,N,std,jump,jump_prob,ve,dim
0,3.663744773257973,1.0240023522714592,4,0.01,0.3,0.5,0.01,1
