,L2,L2_true,N,std,jump,jump_prob,ve,dim
0,8.460980368631896,7.9464057949412545,193,0.01,0.3,0.5,0.001,2
