,L2,L2_true,N,std,jump,jump_prob,ve,dim
0,9.689110882790963,9.107500497598796,138,0.01,0.3,0.5,0.0025,3
