,L2,L2_true,N,std,jump,jump_prob,ve,dim
0,6.10807659317483,5.185257069038045,71,0.01,0.3,0.5,0.0025,2
