,L2,L2_true,N,std,jump,jump_prob,ve,dim
0,2.2132282407780397,2.2148417480934413,8,0.2,0.3,0.5,0.001,1
