,L2,L2_true,N,std,jump,jump_prob,ve,dim
0,11.686379315706061,11.226382859715251,316,0.01,0.3,0.5,0.0025,3
