,L2,L2_true,N,std,jump,jump_prob,ve,dim
0,4.219551093027702,2.8176961583430207,6,0.01,0.3,0.5,0.001,3
