,L2,L2_true,N,std,jump,jump_prob,ve,dim
0,3.7343381855735327,1.5182416838952182,117,0.01,0.3,0.5,0.01,2
