,L2,L2_true,N,std,jump,jump_prob,ve,dim
0,4.005719777925174,2.0131573455351237,51,0.01,0.3,0.5,0.01,2
