,L2,L2_true,N,std,jump,jump_prob,ve,dim
0,5.891171431016644,4.9251754137971,84,0.01,0.3,0.5,0.0025,2
