,L2,L2_true,N,std,jump,jump_prob,ve,dim
0,3.7175338882230657,2.0159643020788485,3,0.01,0.3,0.5,0.001,1
