,L2,L2_true,N,std,jump,jump_prob,ve,dim
0,4.036926260510267,1.9737666867784855,6,0.01,0.3,0.5,0.01,3
