,L2,L2_true,N,std,jump,jump_prob,ve,dim
0,5.353059191274372,4.16714482663922,19,0.01,0.3,0.5,0.0025,3
