,L2,L2_true,N,std,jump,jump_prob,ve,dim
0,2.610856908007963,2.5642931637448965,11,0.05,0.3,0.5,0.001,1
