,L2,L2_true,N,std,jump,jump_prob,ve,dim
0,3.409918039157165,0.04666957875367751,2275,0.01,0.3,0.5,0.01,1
