,L2,L2_true,N,std,jump,jump_prob,ve,dim
0,5.33710918011681,4.013506523566132,51,0.01,0.3,0.5,0.01,3
