,L2,L2_true,N,std,jump,jump_prob,ve,dim
0,8.045071768049585,7.403972299198046,61,0.01,0.3,0.5,0.001,3
