,L2,L2_true,N,std,jump,jump_prob,ve,dim
0,2.9388963838380073,2.908084923904162,26,0.05,0.3,0.5,0.001,1
