,L2,L2_true,N,std,jump,jump_prob,ve,dim
0,8.271660083405454,7.717892308018651,138,0.01,0.3,0.5,0.001,2
