,L2,L2_true,N,std,jump,jump_prob,ve,dim
0,4.203182353075092,2.784672924643015,6,0.01,0.3,0.5,0.001,2
