,L2,L2_true,N,std,jump,jump_prob,ve,dim
0,3.6578717957049847,1.3190543908325296,138,0.01,0.3,0.5,0.01,2
