,L2,L2_true,N,std,jump,jump_prob,ve,dim
0,3.431002935313379,0.3201336555296142,2000,0.01,0.3,0.5,0.01,2
