,L2,L2_true,N,std,jump,jump_prob,ve,dim
0,3.501053746510277,2.3706365901513577,71,0.01,0.3,0.5,0.001,1
