,L2,L2_true,N,std,jump,jump_prob,ve,dim
0,8.313743137396154,7.61710297342982,84,0.01,0.3,0.5,0.0025,3
