,L2,L2_true,N,std,jump,jump_prob,ve,dim
0,3.3376301265491874,1.2354157026228332,26,0.01,0.3,0.5,0.0025,1
