,L2,L2_true,N,std,jump,jump_prob,ve,dim
0,3.4448491338276077,0.42990649689032234,26,0.01,0.3,0.5,0.01,1
