,L2,L2_true,N,std,jump,jump_prob,ve,dim
0,3.407662380757,1.436471596112995,26,0.01,0.3,0.5,0.0025,1
