,L2,L2_true,N,std,jump,jump_prob,ve,dim
0,6.024591127524649,5.085867624645741,71,0.01,0.3,0.5,0.0025,2
