,L2,L2_true,N,std,jump,jump_prob,ve,dim
0,4.456206864563631,2.863063107209649,517,0.01,0.3,0.5,0.01,3
