,L2,L2_true,N,std,jump,jump_prob,ve,dim
0,4.075639490184272,2.0448354747812174,10,0.01,0.3,0.5,0.01,2
