,L2,L2_true,N,std,jump,jump_prob,ve,dim
0,11.591133844526267,11.126319430139947,268,0.01,0.3,0.5,0.0025,3
