,L2,L2_true,N,std,jump,jump_prob,ve,dim
0,8.21630124376554,7.717660414687683,316,0.01,0.3,0.5,0.001,2
