,L2,L2_true,N,std,jump,jump_prob,ve,dim
0,2.7025711663237297,0.7730288568959855,193,0.01,0.3,0.5,0.001,1
