,L2,L2_true,N,std,jump,jump_prob,ve,dim
0,4.753720215743231,3.6418347697490843,372,0.01,0.3,0.5,0.0025,2
