,L2,L2_true,N,std,jump,jump_prob,ve,dim
0,3.7240929687144337,1.9933460014669024,2,0.01,0.3,0.5,0.001,3
