,L2,L2_true,N,std,jump,jump_prob,ve,dim
0,2.51208393295561,2.51127293098672,19,0.2,0.3,0.5,0.001,1
