,L2,L2_true,N,std,jump,jump_prob,ve,dim
0,3.4333396020353475,0.29599875727217473,2275,0.01,0.3,0.5,0.01,2
