,L2,L2_true,N,std,jump,jump_prob,ve,dim
0,2.5994638076168903,2.60087560806939,22,0.05,0.3,0.5,0.001,1
