,L2,L2_true,N,std,jump,jump_prob,ve,dim
0,4.098732561518542,2.6301796496918937,5,0.01,0.3,0.5,0.001,3
