,L2,L2_true,N,std,jump,jump_prob,ve,dim
0,3.495791358731989,0.6860435567949258,13,0.01,0.3,0.5,0.01,1
