,L2,L2_true,N,std,jump,jump_prob,ve,dim
0,2.483561348621993,2.4833183402042316,7,0.2,0.3,0.5,0.001,1
