,L2,L2_true,N,std,jump,jump_prob,ve,dim
0,2.6243294213718897,0.19123315330333376,2682,0.01,0.3,0.5,0.001,1
