,L2,L2_true,N,std,jump,jump_prob,ve,dim
0,3.6223840726142478,1.3294225109462794,1,0.01,0.3,0.5,0.0025,1
