,L2,L2_true,N,std,jump,jump_prob,ve,dim
0,7.199181316888138,6.4817554715265695,43,0.01,0.3,0.5,0.001,3
