,L2,L2_true,N,std,jump,jump_prob,ve,dim
0,3.7054432588701025,1.4143455391413158,2000,0.01,0.3,0.5,0.01,3
