,L2,L2_true,N,std,jump,jump_prob,ve,dim
0,3.0995402927752913,0.5939409865534363,71,0.01,0.3,0.5,0.0025,1
