,L2,L2_true,N,std,jump,jump_prob,ve,dim
0,1.6455843789595777,1.645783934913492,4,0.2,0.3,0.5,0.001,1
