,L2,L2_true,N,std,jump,jump_prob,ve,dim
0,2.3620454108669007,2.2919901741601145,7,0.05,0.3,0.5,0.001,1
