,L2,L2_true,N,std,jump,jump_prob,ve,dim
0,0.38713858579725363,0.2958663886140048,1178,0.05,0.3,0.5,0.001,1
