,L2,L2_true,N,std,jump,jump_prob,ve,dim
0,5.449766434658942,4.176160656655713,61,0.01,0.3,0.5,0.01,3
