,L2,L2_true,N,std,jump,jump_prob,ve,dim
0,2.0454448684864763,2.045612429666168,51,0.2,0.3,0.5,0.001,1
