,L2,L2_true,N,std,jump,jump_prob,ve,dim
0,3.8925062095787037,2.572603958975433,13,0.01,0.3,0.5,0.001,1
