,L2,L2_true,N,std,jump,jump_prob,ve,dim
0,3.627973592834238,1.0465057740605466,8,0.01,0.3,0.5,0.01,1
