,L2,L2_true,N,std,jump,jump_prob,ve,dim
0,1.0325030962154058,1.0322688418720476,163,0.2,0.3,0.5,0.001,1
