,L2,L2_true,N,std,jump,jump_prob,ve,dim
0,16.997545466841082,16.729304288748,439,0.01,0.3,0.5,0.001,3
