,L2,L2_true,N,std,jump,jump_prob,ve,dim
0,4.097481758180042,2.6305778811232647,5,0.01,0.3,0.5,0.001,3
