,L2,L2_true,N,std,jump,jump_prob,ve,dim
0,3.767991020583516,2.233004842693622,848,0.01,0.3,0.5,0.0025,2
