,L2,L2_true,N,std,jump,jump_prob,ve,dim
0,3.026769692201763,0.16073389924977388,719,0.01,0.3,0.5,0.0025,1
