,L2,L2_true,N,std,jump,jump_prob,ve,dim
0,3.42906161616731,1.459518657375317,16,0.01,0.3,0.5,0.0025,1
