,L2,L2_true,N,std,jump,jump_prob,ve,dim
0,3.6254313268638456,0.7446516238287044,1,0.01,0.3,0.5,0.01,2
