,L2,L2_true,N,std,jump,jump_prob,ve,dim
0,4.3365177998038416,3.4432678540769617,2275,0.01,0.3,0.5,0.001,2
