,L2,L2_true,N,std,jump,jump_prob,ve,dim
0,1.3500971449035277,1.1785558782202934,1,0.05,0.3,0.5,0.001,1
