,L2,L2_true,N,std,jump,jump_prob,ve,dim
0,2.0476062733895626,1.9909830084539049,16,0.05,0.3,0.5,0.001,1
