,L2,L2_true,N,std,jump,jump_prob,ve,dim
0,3.855194362634923,1.9756679809576365,8,0.01,0.3,0.5,0.0025,1
