,L2,L2_true,N,std,jump,jump_prob,ve,dim
0,0.35761194696367227,0.2439794192275284,1637,0.05,0.3,0.5,0.001,1
