,L2,L2_true,N,std,jump,jump_prob,ve,dim
0,3.653073123296579,1.125593419283034,13,0.01,0.3,0.5,0.01,1
