,L2,L2_true,N,std,jump,jump_prob,ve,dim
0,2.6171868390676347,0.13890463015785257,3162,0.01,0.3,0.5,0.001,1
