,L2,L2_true,N,std,jump,jump_prob,ve,dim
0,3.1596583904630955,3.1598206916358698,26,0.2,0.3,0.5,0.001,1
