,L2,L2_true,N,std,jump,jump_prob,ve,dim
0,3.4100960879025815,0.05541636098360796,1930,0.01,0.3,0.5,0.01,1
