,L2,L2_true,N,std,jump,jump_prob,ve,dim
0,2.1611037087806646,2.1617602247762893,43,0.2,0.3,0.5,0.001,1
