,L2,L2_true,N,std,jump,jump_prob,ve,dim
0,2.7664472763525225,0.9370348584737732,163,0.01,0.3,0.5,0.001,1
