,L2,L2_true,N,std,jump,jump_prob,ve,dim
0,3.394969121835717,1.52893997689469,1637,0.01,0.3,0.5,0.0025,2
