,L2,L2_true,N,std,jump,jump_prob,ve,dim
0,4.76761519006801,3.3020681144951056,316,0.01,0.3,0.5,0.01,3
