,L2,L2_true,N,std,jump,jump_prob,ve,dim
0,3.4192913323874494,0.14813778938627722,316,0.01,0.3,0.5,0.01,1
