,L2,L2_true,N,std,jump,jump_prob,ve,dim
0,3.7784448165906124,1.7275467311259671,4,0.01,0.3,0.5,0.0025,1
