,L2,L2_true,N,std,jump,jump_prob,ve,dim
0,2.2763674989990315,2.24873551838011,11,0.05,0.3,0.5,0.001,1
