,L2,L2_true,N,std,jump,jump_prob,ve,dim
0,5.32480286072764,4.298417881261879,19,0.01,0.3,0.5,0.001,3
