,L2,L2_true,N,std,jump,jump_prob,ve,dim
0,8.238415745747806,7.664733004851861,117,0.01,0.3,0.5,0.001,2
