,L2,L2_true,N,std,jump,jump_prob,ve,dim
0,3.0368439116963364,0.2778696598269809,517,0.01,0.3,0.5,0.0025,1
