,L2,L2_true,N,std,jump,jump_prob,ve,dim
0,0.2581520535168701,0.2583081396291686,1930,0.2,0.3,0.5,0.001,1
