,L2,L2_true,N,std,jump,jump_prob,ve,dim
0,1.7826940057265648,1.782873585837025,6,0.2,0.3,0.5,0.001,1
