,L2,L2_true,N,std,jump,jump_prob,ve,dim
0,3.0320667195153996,0.29802301250144286,268,0.01,0.3,0.5,0.0025,1
