,L2,L2_true,N,std,jump,jump_prob,ve,dim
0,6.150036875055524,5.151387180585579,31,0.01,0.3,0.5,0.0025,3
