,L2,L2_true,N,std,jump,jump_prob,ve,dim
0,3.5294441774753973,0.6558696395124732,19,0.01,0.3,0.5,0.01,1
