,L2,L2_true,N,std,jump,jump_prob,ve,dim
0,3.3620536838440356,1.8444571371840222,31,0.01,0.3,0.5,0.001,1
