,L2,L2_true,N,std,jump,jump_prob,ve,dim
0,3.8884473071295127,2.391983703928583,22,0.01,0.3,0.5,0.0025,1
