,L2,L2_true,N,std,jump,jump_prob,ve,dim
0,3.7223072912270534,1.4708345608413873,117,0.01,0.3,0.5,0.01,2
