,L2,L2_true,N,std,jump,jump_prob,ve,dim
0,3.6033007152687553,0.9252151882356657,7,0.01,0.3,0.5,0.01,1
