,L2,L2_true,N,std,jump,jump_prob,ve,dim
0,3.624316930723564,0.7445649450123436,1,0.01,0.3,0.5,0.01,3
