,L2,L2_true,N,std,jump,jump_prob,ve,dim
0,4.998916475727959,4.23548102850884,1637,0.01,0.3,0.5,0.001,2
