,L2,L2_true,N,std,jump,jump_prob,ve,dim
0,2.391141689864605,2.391965455300666,37,0.2,0.3,0.5,0.001,1
