,L2,L2_true,N,std,jump,jump_prob,ve,dim
0,4.199015799866097,2.7968561763655804,6,0.01,0.3,0.5,0.001,2
