,L2,L2_true,N,std,jump,jump_prob,ve,dim
0,0.2957148126172555,0.2956207322347535,1637,0.2,0.3,0.5,0.001,1
