,L2,L2_true,N,std,jump,jump_prob,ve,dim
0,12.457082140458729,12.055537698335574,1000,0.01,0.3,0.5,0.0025,3
