,L2,L2_true,N,std,jump,jump_prob,ve,dim
0,4.875116849683385,4.106520794643686,1637,0.01,0.3,0.5,0.001,2
