,L2,L2_true,N,std,jump,jump_prob,ve,dim
0,0.7649874573482845,0.7647523910324538,268,0.2,0.3,0.5,0.001,1
