,L2,L2_true,N,std,jump,jump_prob,ve,dim
0,2.620093198537491,0.1940422636043115,1637,0.01,0.3,0.5,0.001,1
