,L2,L2_true,N,std,jump,jump_prob,ve,dim
0,4.181326904562542,2.251526418146625,10,0.01,0.3,0.5,0.01,2
