,L2,L2_true,N,std,jump,jump_prob,ve,dim
0,12.332479247940789,11.927086643827266,1178,0.01,0.3,0.5,0.0025,3
