,L2,L2_true,N,std,jump,jump_prob,ve,dim
0,5.733606737936269,4.686728120325453,37,0.01,0.3,0.5,0.0025,2
