,L2,L2_true,N,std,jump,jump_prob,ve,dim
0,2.464919035999191,2.3998364153524463,8,0.05,0.3,0.5,0.001,1
