,L2,L2_true,N,std,jump,jump_prob,ve,dim
0,1.8560853578738012,1.8317689345124502,84,0.05,0.3,0.5,0.001,1
