,L2,L2_true,N,std,jump,jump_prob,ve,dim
0,0.35911220831816937,0.3595954191645591,1000,0.2,0.3,0.5,0.001,1
