,L2,L2_true,N,std,jump,jump_prob,ve,dim
0,3.064670713395416,0.36363771416718704,193,0.01,0.3,0.5,0.0025,1
