,L2,L2_true,N,std,jump,jump_prob,ve,dim
0,0.9595612167749675,0.9376842786626682,138,0.05,0.3,0.5,0.001,1
