,L2,L2_true,N,std,jump,jump_prob,ve,dim
0,1.777282198457176,1.6574562856183512,3,0.05,0.3,0.5,0.001,1
