,L2,L2_true,N,std,jump,jump_prob,ve,dim
0,5.823553761530076,4.831216344345698,61,0.01,0.3,0.5,0.0025,2
