,L2,L2_true,N,std,jump,jump_prob,ve,dim
0,1.887644241229947,1.7684208400959927,2,0.05,0.3,0.5,0.001,1
