,L2,L2_true,N,std,jump,jump_prob,ve,dim
0,4.362505565658915,3.1105127321137274,13,0.01,0.3,0.5,0.001,1
