,L2,L2_true,N,std,jump,jump_prob,ve,dim
0,3.6291842056796253,0.7984758915492199,2,0.01,0.3,0.5,0.01,1
