,L2,L2_true,N,std,jump,jump_prob,ve,dim
0,2.103206284358161,2.1029866684183185,51,0.2,0.3,0.5,0.001,1
