,L2,L2_true,N,std,jump,jump_prob,ve,dim
0,3.7031992620506253,2.0096504225828604,3,0.01,0.3,0.5,0.001,1
