,L2,L2_true,N,std,jump,jump_prob,ve,dim
0,3.125546395875308,0.8119042751957123,71,0.01,0.3,0.5,0.0025,1
