,L2,L2_true,N,std,jump,jump_prob,ve,dim
0,3.634544935365959,1.8037902814776208,1,0.01,0.3,0.5,0.001,1
