,L2,L2_true,N,std,jump,jump_prob,ve,dim
0,5.201449109109449,4.479050011263064,1389,0.01,0.3,0.5,0.001,2
