,L2,L2_true,N,std,jump,jump_prob,ve,dim
0,3.863255924455627,2.8054452424963956,61,0.01,0.3,0.5,0.001,1
