,L2,L2_true,N,std,jump,jump_prob,ve,dim
0,23.820279254057073,23.635820400163784,1637,0.01,0.3,0.5,0.001,3
