,L2,L2_true,N,std,jump,jump_prob,ve,dim
0,3.496697421731981,0.6420668307940676,22,0.01,0.3,0.5,0.01,1
