,L2,L2_true,N,std,jump,jump_prob,ve,dim
0,3.417026797204391,0.17509183174206963,316,0.01,0.3,0.5,0.01,1
