,L2,L2_true,N,std,jump,jump_prob,ve,dim
0,6.3104053970182,5.499572883829205,37,0.01,0.3,0.5,0.001,2
