,L2,L2_true,N,std,jump,jump_prob,ve,dim
0,3.044261788468174,0.16985624265498078,1000,0.01,0.3,0.5,0.0025,1
