,L2,L2_true,N,std,jump,jump_prob,ve,dim
0,3.6310164500930515,1.3295438068440097,1,0.01,0.3,0.5,0.0025,1
