,L2,L2_true,N,std,jump,jump_prob,ve,dim
0,2.6828028620915094,2.682378889094681,22,0.05,0.3,0.5,0.001,1
