,L2,L2_true,N,std,jump,jump_prob,ve,dim
0,3.489502597544273,0.6242671496536957,22,0.01,0.3,0.5,0.01,1
