,L2,L2_true,N,std,jump,jump_prob,ve,dim
0,0.8173364424012277,0.7617050581463547,227,0.05,0.3,0.5,0.001,1
