,L2,L2_true,N,std,jump,jump_prob,ve,dim
0,2.101464560599372,2.0556269349034744,22,0.05,0.3,0.5,0.001,1
