,L2,L2_true,N,std,jump,jump_prob,ve,dim
0,3.631585900922893,1.3315109898575264,1,0.01,0.3,0.5,0.0025,1
