,L2,L2_true,N,std,jump,jump_prob,ve,dim
0,2.3519027466447158,2.351924082677043,22,0.2,0.3,0.5,0.001,1
