,L2,L2_true,N,std,jump,jump_prob,ve,dim
0,24.195804443080938,24.035652499200364,2000,0.01,0.3,0.5,0.001,3
