,L2,L2_true,N,std,jump,jump_prob,ve,dim
0,3.649450506958071,1.1696777737787463,10,0.01,0.3,0.5,0.01,1
