,L2,L2_true,N,std,jump,jump_prob,ve,dim
0,4.136213093700391,2.18189663124546,8,0.01,0.3,0.5,0.01,2
