,L2,L2_true,N,std,jump,jump_prob,ve,dim
0,2.1685688242587924,2.1892941385867375,61,0.05,0.3,0.5,0.001,1
