,L2,L2_true,N,std,jump,jump_prob,ve,dim
0,5.612302629615518,4.667328775092892,163,0.01,0.3,0.5,0.0025,2
