,L2,L2_true,N,std,jump,jump_prob,ve,dim
0,1.3781091911846453,1.3784467349784473,117,0.2,0.3,0.5,0.001,1
