,L2,L2_true,N,std,jump,jump_prob,ve,dim
0,3.629387882333775,1.1110729111191313,13,0.01,0.3,0.5,0.01,1
