,L2,L2_true,N,std,jump,jump_prob,ve,dim
0,3.743042496120158,2.017972424070449,2,0.01,0.3,0.5,0.001,3
