,L2,L2_true,N,std,jump,jump_prob,ve,dim
0,3.884046915048335,1.9386789776982847,3,0.01,0.3,0.5,0.0025,3
