,L2,L2_true,N,std,jump,jump_prob,ve,dim
0,4.0865003573962495,2.099571322200474,10,0.01,0.3,0.5,0.01,2
