,L2,L2_true,N,std,jump,jump_prob,ve,dim
0,3.94640225903349,2.9535537930804656,3000,0.01,0.3,0.5,0.001,2
