,L2,L2_true,N,std,jump,jump_prob,ve,dim
0,2.625114548586998,0.16463202779768457,2682,0.01,0.3,0.5,0.001,1
