,L2,L2_true,N,std,jump,jump_prob,ve,dim
0,3.707261669392,1.4213220848011592,117,0.01,0.3,0.5,0.01,2
