,L2,L2_true,N,std,jump,jump_prob,ve,dim
0,10.63415601489507,10.16678906393524,117,0.01,0.3,0.5,0.001,3
