,L2,L2_true,N,std,jump,jump_prob,ve,dim
0,13.374749080730284,13.013951686103278,227,0.01,0.3,0.5,0.001,3
