,L2,L2_true,N,std,jump,jump_prob,ve,dim
0,8.786728984353745,8.300810453176096,227,0.01,0.3,0.5,0.001,2
