,L2,L2_true,N,std,jump,jump_prob,ve,dim
0,0.35503954030667445,0.28651990198273225,1637,0.05,0.3,0.5,0.001,1
