,L2,L2_true,N,std,jump,jump_prob,ve,dim
0,3.9354284994617763,1.8787152220023569,51,0.01,0.3,0.5,0.01,2
