,L2,L2_true,N,std,jump,jump_prob,ve,dim
0,12.540004094528667,12.11696023355873,439,0.01,0.3,0.5,0.0025,3
