,L2,L2_true,N,std,jump,jump_prob,ve,dim
0,4.071149914759202,2.044666564587771,7,0.01,0.3,0.5,0.01,2
