,L2,L2_true,N,std,jump,jump_prob,ve,dim
0,0.7516354817143374,0.7139484827176615,227,0.05,0.3,0.5,0.001,1
