,L2,L2_true,N,std,jump,jump_prob,ve,dim
0,0.42307063406970113,0.42247952200810035,719,0.2,0.3,0.5,0.001,1
