,L2,L2_true,N,std,jump,jump_prob,ve,dim
0,1.3487574643347686,1.1774918092659814,1,0.05,0.3,0.5,0.001,1
