,L2,L2_true,N,std,jump,jump_prob,ve,dim
0,3.8571772845976087,2.240895452639349,2,0.01,0.3,0.5,0.001,1
