,L2,L2_true,N,std,jump,jump_prob,ve,dim
0,2.078197655789682,2.0015596772864437,6,0.05,0.3,0.5,0.001,1
