,L2,L2_true,N,std,jump,jump_prob,ve,dim
0,3.626939451734351,0.7448257644789981,1,0.01,0.3,0.5,0.01,2
