,L2,L2_true,N,std,jump,jump_prob,ve,dim
0,5.1099201080538394,3.7817944530583096,227,0.01,0.3,0.5,0.01,3
