,L2,L2_true,N,std,jump,jump_prob,ve,dim
0,3.927523495583024,1.66929352664498,4,0.01,0.3,0.5,0.01,1
