,L2,L2_true,N,std,jump,jump_prob,ve,dim
0,2.622276654144152,0.12981517140043802,2682,0.01,0.3,0.5,0.001,1
