,L2,L2_true,N,std,jump,jump_prob,ve,dim
0,4.2804896001014665,2.899086292537819,7,0.01,0.3,0.5,0.001,2
