,L2,L2_true,N,std,jump,jump_prob,ve,dim
0,2.6943849151985058,2.622630451197933,7,0.05,0.3,0.5,0.001,1
