,L2,L2_true,N,std,jump,jump_prob,ve,dim
0,2.5612981610631422,2.5418678761829483,26,0.05,0.3,0.5,0.001,1
