,L2,L2_true,N,std,jump,jump_prob,ve,dim
0,0.2779998241006933,0.2783820580349743,1930,0.2,0.3,0.5,0.001,1
