,L2,L2_true,N,std,jump,jump_prob,ve,dim
0,9.018519792355454,8.575388935721382,316,0.01,0.3,0.5,0.001,2
