,L2,L2_true,N,std,jump,jump_prob,ve,dim
0,3.43738148342817,0.41255269058818883,1178,0.01,0.3,0.5,0.01,2
