,L2,L2_true,N,std,jump,jump_prob,ve,dim
0,2.6413203330267914,2.597738416604871,10,0.05,0.3,0.5,0.001,1
