,L2,L2_true,N,std,jump,jump_prob,ve,dim
0,3.895070744378676,1.6640978262804078,5,0.01,0.3,0.5,0.01,2
