,L2,L2_true,N,std,jump,jump_prob,ve,dim
0,11.36673889936502,10.938401564803806,1930,0.01,0.3,0.5,0.0025,3
