,L2,L2_true,N,std,jump,jump_prob,ve,dim
0,3.4090476475332725,0.25126172930345975,84,0.01,0.3,0.5,0.01,1
