,L2,L2_true,N,std,jump,jump_prob,ve,dim
0,2.0288089513043697,2.0291328549325094,37,0.2,0.3,0.5,0.001,1
