,L2,L2_true,N,std,jump,jump_prob,ve,dim
0,5.021881808280101,3.916645893011128,16,0.01,0.3,0.5,0.001,2
