,L2,L2_true,N,std,jump,jump_prob,ve,dim
0,5.408198588656945,4.138260326139637,117,0.01,0.3,0.5,0.01,3
