,L2,L2_true,N,std,jump,jump_prob,ve,dim
0,1.3490356032719129,1.177637570715117,1,0.05,0.3,0.5,0.001,1
