,L2,L2_true,N,std,jump,jump_prob,ve,dim
0,3.869442541077104,1.6020878069532367,4,0.01,0.3,0.5,0.01,2
