,L2,L2_true,N,std,jump,jump_prob,ve,dim
0,7.088486971281441,6.363578679994272,43,0.01,0.3,0.5,0.001,3
