,L2,L2_true,N,std,jump,jump_prob,ve,dim
0,1.0667239794423289,1.0339653491433705,138,0.05,0.3,0.5,0.001,1
