,L2,L2_true,N,std,jump,jump_prob,ve,dim
0,3.7097237227420234,1.9786048284662523,2,0.01,0.3,0.5,0.001,3
