,L2,L2_true,N,std,jump,jump_prob,ve,dim
0,3.4112546985310677,0.267262241253481,3000,0.01,0.3,0.5,0.01,2
