,L2,L2_true,N,std,jump,jump_prob,ve,dim
0,2.256291940370173,2.2557248297734867,19,0.2,0.3,0.5,0.001,1
