,L2,L2_true,N,std,jump,jump_prob,ve,dim
0,3.236251420004105,1.1281682565261888,3000,0.01,0.3,0.5,0.0025,2
