,L2,L2_true,N,std,jump,jump_prob,ve,dim
0,2.065595839750141,1.9724485612600058,6,0.05,0.3,0.5,0.001,1
