,L2,L2_true,N,std,jump,jump_prob,ve,dim
0,5.100719907347879,3.8257893551627373,16,0.01,0.3,0.5,0.0025,3
