,L2,L2_true,N,std,jump,jump_prob,ve,dim
0,1.7800620175749136,1.6689192272669942,4,0.05,0.3,0.5,0.001,1
