,L2,L2_true,N,std,jump,jump_prob,ve,dim
0,5.122634835795439,4.0863286671681145,268,0.01,0.3,0.5,0.0025,2
