,L2,L2_true,N,std,jump,jump_prob,ve,dim
0,2.90325471368458,2.903108153924779,22,0.2,0.3,0.5,0.001,1
