,L2,L2_true,N,std,jump,jump_prob,ve,dim
0,2.3113617358239567,2.2230058052255424,7,0.05,0.3,0.5,0.001,1
