,L2,L2_true,N,std,jump,jump_prob,ve,dim
0,3.8707756993726727,1.9182413420220796,3,0.01,0.3,0.5,0.0025,3
