,L2,L2_true,N,std,jump,jump_prob,ve,dim
0,12.77189438905021,12.361585473648024,610,0.01,0.3,0.5,0.0025,3
