,L2,L2_true,N,std,jump,jump_prob,ve,dim
0,3.3518216411047037,1.435626625795658,1930,0.01,0.3,0.5,0.0025,2
