,L2,L2_true,N,std,jump,jump_prob,ve,dim
0,2.006267089264845,2.00762502932465,7,0.2,0.3,0.5,0.001,1
