,L2,L2_true,N,std,jump,jump_prob,ve,dim
0,4.059151556970891,2.0128547594196817,8,0.01,0.3,0.5,0.01,2
