,L2,L2_true,N,std,jump,jump_prob,ve,dim
0,5.246901847672164,3.944572736932432,227,0.01,0.3,0.5,0.01,3
