,L2,L2_true,N,std,jump,jump_prob,ve,dim
0,17.019580421082342,16.749547606291834,439,0.01,0.3,0.5,0.001,3
