,L2,L2_true,N,std,jump,jump_prob,ve,dim
0,4.499355869360958,3.0053802311803213,11,0.01,0.3,0.5,0.0025,2
