,L2,L2_true,N,std,jump,jump_prob,ve,dim
0,10.914529431595652,10.465727600827089,2000,0.01,0.3,0.5,0.0025,3
