,L2,L2_true,N,std,jump,jump_prob,ve,dim
0,5.5329680703224176,4.855812303921299,1178,0.01,0.3,0.5,0.001,2
