,L2,L2_true,N,std,jump,jump_prob,ve,dim
0,3.4639762428248253,0.4756791322634127,1000,0.01,0.3,0.5,0.01,2
