,L2,L2_true,N,std,jump,jump_prob,ve,dim
0,3.8064968406834967,1.7762589830114164,3,0.01,0.3,0.5,0.0025,2
