,L2,L2_true,N,std,jump,jump_prob,ve,dim
0,3.551951450295815,0.9177705438754379,19,0.01,0.3,0.5,0.01,1
