,L2,L2_true,N,std,jump,jump_prob,ve,dim
0,6.525765053695278,5.602489331240722,37,0.01,0.3,0.5,0.0025,3
