,L2,L2_true,N,std,jump,jump_prob,ve,dim
0,23.303233740802852,23.106282682349597,1389,0.01,0.3,0.5,0.001,3
