,L2,L2_true,N,std,jump,jump_prob,ve,dim
0,3.885129747521257,2.285960548916604,3,0.01,0.3,0.5,0.001,3
