,L2,L2_true,N,std,jump,jump_prob,ve,dim
0,3.9604998574667785,2.0130132343621616,1000,0.01,0.3,0.5,0.01,3
