,L2,L2_true,N,std,jump,jump_prob,ve,dim
0,4.8214361551514,3.6734424369149377,13,0.01,0.3,0.5,0.001,2
