,L2,L2_true,N,std,jump,jump_prob,ve,dim
0,5.424023649109781,4.169716928983921,163,0.01,0.3,0.5,0.01,3
