,L2,L2_true,N,std,jump,jump_prob,ve,dim
0,3.4194414853261255,0.05630171833043104,2275,0.01,0.3,0.5,0.01,1
