,L2,L2_true,N,std,jump,jump_prob,ve,dim
0,5.563207550415383,4.599528811388136,163,0.01,0.3,0.5,0.0025,2
