,L2,L2_true,N,std,jump,jump_prob,ve,dim
0,3.475677968075671,0.5786366646210109,610,0.01,0.3,0.5,0.01,2
