,L2,L2_true,N,std,jump,jump_prob,ve,dim
0,23.196861884246648,23.009754383403045,1389,0.01,0.3,0.5,0.001,3
