,L2,L2_true,N,std,jump,jump_prob,ve,dim
0,4.041463918665214,2.0854328238714053,43,0.01,0.3,0.5,0.01,2
