,L2,L2_true,N,std,jump,jump_prob,ve,dim
0,12.78055497942533,12.386354098851024,719,0.01,0.3,0.5,0.0025,3
