,L2,L2_true,N,std,jump,jump_prob,ve,dim
0,3.4143758791667786,0.09335314299871769,610,0.01,0.3,0.5,0.01,1
