,L2,L2_true,N,std,jump,jump_prob,ve,dim
0,3.187147276022672,3.153279108814811,26,0.05,0.3,0.5,0.001,1
