,L2,L2_true,N,std,jump,jump_prob,ve,dim
0,3.733042921444669,2.0032639316599496,2,0.01,0.3,0.5,0.001,2
