,L2,L2_true,N,std,jump,jump_prob,ve,dim
0,3.990457150340739,1.8808343582197278,6,0.01,0.3,0.5,0.01,2
