,L2,L2_true,N,std,jump,jump_prob,ve,dim
0,3.8578117421274802,1.542304564257427,4,0.01,0.3,0.5,0.01,2
