,L2,L2_true,N,std,jump,jump_prob,ve,dim
0,3.591012604595353,0.9442349704843673,11,0.01,0.3,0.5,0.01,1
