,L2,L2_true,N,std,jump,jump_prob,ve,dim
0,8.312334270277809,7.787356751616238,193,0.01,0.3,0.5,0.001,2
