,L2,L2_true,N,std,jump,jump_prob,ve,dim
0,2.092307495013321,2.091983483639632,43,0.2,0.3,0.5,0.001,1
