,L2,L2_true,N,std,jump,jump_prob,ve,dim
0,0.3931451219888227,0.31190021490977154,1000,0.05,0.3,0.5,0.001,1
