,L2,L2_true,N,std,jump,jump_prob,ve,dim
0,3.4316700106517826,0.37944798798191776,1389,0.01,0.3,0.5,0.01,2
