,L2,L2_true,N,std,jump,jump_prob,ve,dim
0,3.414479054999381,0.08877722472617551,610,0.01,0.3,0.5,0.01,1
