,L2,L2_true,N,std,jump,jump_prob,ve,dim
0,1.2077447021626662,1.1825527384352181,117,0.05,0.3,0.5,0.001,1
