,L2,L2_true,N,std,jump,jump_prob,ve,dim
0,3.6081314606746604,1.1332135801232843,193,0.01,0.3,0.5,0.01,2
