,L2,L2_true,N,std,jump,jump_prob,ve,dim
0,4.8037245337756955,3.633764227886341,13,0.01,0.3,0.5,0.001,2
