,L2,L2_true,N,std,jump,jump_prob,ve,dim
0,3.9930782987504716,2.0509150988236367,1000,0.01,0.3,0.5,0.01,3
