,L2,L2_true,N,std,jump,jump_prob,ve,dim
0,2.421291342556762,2.429309591097612,37,0.05,0.3,0.5,0.001,1
