,L2,L2_true,N,std,jump,jump_prob,ve,dim
0,4.29656799422532,2.5328792349868756,26,0.01,0.3,0.5,0.01,2
