,L2,L2_true,N,std,jump,jump_prob,ve,dim
0,15.37266727561036,15.065400013485629,316,0.01,0.3,0.5,0.001,3
