,L2,L2_true,N,std,jump,jump_prob,ve,dim
0,2.629331399937622,0.36971257463252544,848,0.01,0.3,0.5,0.001,1
