,L2,L2_true,N,std,jump,jump_prob,ve,dim
0,2.9866875351702644,2.9184658842873867,7,0.05,0.3,0.5,0.001,1
