,L2,L2_true,N,std,jump,jump_prob,ve,dim
0,3.648372778764088,1.4442915156818117,2,0.01,0.3,0.5,0.0025,1
