,L2,L2_true,N,std,jump,jump_prob,ve,dim
0,4.303601027010119,2.6917836572480156,8,0.01,0.3,0.5,0.0025,2
