,L2,L2_true,N,std,jump,jump_prob,ve,dim
0,3.7107779311793436,1.4340279858142901,2000,0.01,0.3,0.5,0.01,3
