,L2,L2_true,N,std,jump,jump_prob,ve,dim
0,3.643661253088015,1.8636833882673278,2,0.01,0.3,0.5,0.001,1
