,L2,L2_true,N,std,jump,jump_prob,ve,dim
0,8.53442915999714,8.002977781919013,117,0.01,0.3,0.5,0.001,2
