,L2,L2_true,N,std,jump,jump_prob,ve,dim
0,2.6377652075277545,0.3405251787117143,610,0.01,0.3,0.5,0.001,1
