,L2,L2_true,N,std,jump,jump_prob,ve,dim
0,4.17733167695606,2.7606142286269026,6,0.01,0.3,0.5,0.001,2
