,L2,L2_true,N,std,jump,jump_prob,ve,dim
0,4.345676904121748,3.0853567227471808,439,0.01,0.3,0.5,0.0025,2
