,L2,L2_true,N,std,jump,jump_prob,ve,dim
0,20.415995509975538,20.189865847129404,719,0.01,0.3,0.5,0.001,3
