,L2,L2_true,N,std,jump,jump_prob,ve,dim
0,3.7198077749297678,1.5695860020459542,3,0.01,0.3,0.5,0.0025,1
