,L2,L2_true,N,std,jump,jump_prob,ve,dim
0,3.747542085777999,1.5076274715617066,117,0.01,0.3,0.5,0.01,2
