,L2,L2_true,N,std,jump,jump_prob,ve,dim
0,1.3951346503899704,1.2341023921748444,2,0.05,0.3,0.5,0.001,1
