,L2,L2_true,N,std,jump,jump_prob,ve,dim
0,1.98740805402054,1.9867456476110397,13,0.2,0.3,0.5,0.001,1
