,L2,L2_true,N,std,jump,jump_prob,ve,dim
0,3.0548868888939387,0.45761797541091137,227,0.01,0.3,0.5,0.0025,1
