,L2,L2_true,N,std,jump,jump_prob,ve,dim
0,3.427681075399342,0.2012552303210457,227,0.01,0.3,0.5,0.01,1
