,L2,L2_true,N,std,jump,jump_prob,ve,dim
0,3.0666863664877098,0.5008863133839335,117,0.01,0.3,0.5,0.0025,1
