,L2,L2_true,N,std,jump,jump_prob,ve,dim
0,0.45279890515859206,0.4205662290953368,610,0.05,0.3,0.5,0.001,1
