,L2,L2_true,N,std,jump,jump_prob,ve,dim
0,0.20167817757821896,0.20136679750826592,3162,0.2,0.3,0.5,0.001,1
