,L2,L2_true,N,std,jump,jump_prob,ve,dim
0,10.919154608475013,10.459727556922042,138,0.01,0.3,0.5,0.001,3
