,L2,L2_true,N,std,jump,jump_prob,ve,dim
0,22.83278810446334,22.64777081232516,1389,0.01,0.3,0.5,0.001,3
