,L2,L2_true,N,std,jump,jump_prob,ve,dim
0,5.34318890856283,4.361074477076678,268,0.01,0.3,0.5,0.0025,2
