,L2,L2_true,N,std,jump,jump_prob,ve,dim
0,8.500946049192843,7.824338181060848,84,0.01,0.3,0.5,0.0025,3
