,L2,L2_true,N,std,jump,jump_prob,ve,dim
0,4.416992767844564,3.1033149498077868,8,0.01,0.3,0.5,0.001,3
