,L2,L2_true,N,std,jump,jump_prob,ve,dim
0,3.064515962898705,0.3838473966604781,227,0.01,0.3,0.5,0.0025,1
