,L2,L2_true,N,std,jump,jump_prob,ve,dim
0,3.434514507190923,0.3923422775376143,1389,0.01,0.3,0.5,0.01,2
