,L2,L2_true,N,std,jump,jump_prob,ve,dim
0,3.3180062482452617,3.318419374950005,16,0.2,0.3,0.5,0.001,1
