,L2,L2_true,N,std,jump,jump_prob,ve,dim
0,3.4211755846131116,0.11870644055651484,719,0.01,0.3,0.5,0.01,1
