,L2,L2_true,N,std,jump,jump_prob,ve,dim
0,5.2979564897200975,4.103129038892126,26,0.01,0.3,0.5,0.0025,2
