,L2,L2_true,N,std,jump,jump_prob,ve,dim
0,3.412505120827242,0.15557916406394093,193,0.01,0.3,0.5,0.01,1
