,L2,L2_true,N,std,jump,jump_prob,ve,dim
0,5.489368162941941,4.249688003994001,117,0.01,0.3,0.5,0.01,3
