,L2,L2_true,N,std,jump,jump_prob,ve,dim
0,3.829336142940198,1.8265338788561047,3,0.01,0.3,0.5,0.0025,2
