,L2,L2_true,N,std,jump,jump_prob,ve,dim
0,3.6197551642301757,1.1467665110894385,193,0.01,0.3,0.5,0.01,2
