,L2,L2_true,N,std,jump,jump_prob,ve,dim
0,0.3713982719694072,0.37136161675796375,1000,0.2,0.3,0.5,0.001,1
