,L2,L2_true,N,std,jump,jump_prob,ve,dim
0,3.4344601141745716,0.06903951422798847,1178,0.01,0.3,0.5,0.01,1
