,L2,L2_true,N,std,jump,jump_prob,ve,dim
0,3.7488736340378415,2.415163860068563,22,0.01,0.3,0.5,0.001,1
