,L2,L2_true,N,std,jump,jump_prob,ve,dim
0,2.8062810386958033,2.8022974408832737,16,0.05,0.3,0.5,0.001,1
