,L2,L2_true,N,std,jump,jump_prob,ve,dim
0,1.8257671000880964,1.8256968247108314,61,0.2,0.3,0.5,0.001,1
