,L2,L2_true,N,std,jump,jump_prob,ve,dim
0,3.7928844850352994,1.611614038260879,117,0.01,0.3,0.5,0.01,2
