,L2,L2_true,N,std,jump,jump_prob,ve,dim
0,4.870233245769716,3.7278538856716628,13,0.01,0.3,0.5,0.001,2
