,L2,L2_true,N,std,jump,jump_prob,ve,dim
0,12.54239564383108,12.14049916705508,848,0.01,0.3,0.5,0.0025,3
