,L2,L2_true,N,std,jump,jump_prob,ve,dim
0,3.614531811670533,1.969014337552808,43,0.01,0.3,0.5,0.0025,1
