,L2,L2_true,N,std,jump,jump_prob,ve,dim
0,3.344537538791963,1.417236592826941,1930,0.01,0.3,0.5,0.0025,2
