,L2,L2_true,N,std,jump,jump_prob,ve,dim
0,3.963770678053559,2.4486040902001016,6,0.01,0.3,0.5,0.001,1
