,L2,L2_true,N,std,jump,jump_prob,ve,dim
0,1.2306868870163077,1.225103308810094,2,0.2,0.3,0.5,0.001,1
