,L2,L2_true,N,std,jump,jump_prob,ve,dim
0,3.61263648572143,0.744885918308294,1,0.01,0.3,0.5,0.01,1
