,L2,L2_true,N,std,jump,jump_prob,ve,dim
0,3.882785871285795,2.2945494292593205,4,0.01,0.3,0.5,0.001,1
