,L2,L2_true,N,std,jump,jump_prob,ve,dim
0,3.196482792453972,1.028167916775159,43,0.01,0.3,0.5,0.0025,1
