,L2,L2_true,N,std,jump,jump_prob,ve,dim
0,2.436439585371518,2.3919731364589207,19,0.05,0.3,0.5,0.001,1
