,L2,L2_true,N,std,jump,jump_prob,ve,dim
0,4.978092225712982,3.5241375626535802,26,0.01,0.3,0.5,0.01,3
