,L2,L2_true,N,std,jump,jump_prob,ve,dim
0,3.051610321128051,0.3005696383835268,439,0.01,0.3,0.5,0.0025,1
