,L2,L2_true,N,std,jump,jump_prob,ve,dim
0,4.023799571588866,1.9388578170043171,7,0.01,0.3,0.5,0.01,2
