,L2,L2_true,N,std,jump,jump_prob,ve,dim
0,3.6487443951586798,1.8534754201570145,2,0.01,0.3,0.5,0.001,1
