,L2,L2_true,N,std,jump,jump_prob,ve,dim
0,3.6231069997351644,1.8021175152422837,1,0.01,0.3,0.5,0.001,1
