,L2,L2_true,N,std,jump,jump_prob,ve,dim
0,3.033682137729882,0.185321873718963,1000,0.01,0.3,0.5,0.0025,1
