,L2,L2_true,N,std,jump,jump_prob,ve,dim
0,2.275075130493376,2.2738679610067583,10,0.2,0.3,0.5,0.001,1
