,L2,L2_true,N,std,jump,jump_prob,ve,dim
0,24.354740170195402,24.181179760311952,2000,0.01,0.3,0.5,0.001,3
