,L2,L2_true,N,std,jump,jump_prob,ve,dim
0,16.01675249207969,15.71982492036322,372,0.01,0.3,0.5,0.001,3
