,L2,L2_true,N,std,jump,jump_prob,ve,dim
0,1.8932974420399855,1.8939589865689521,22,0.2,0.3,0.5,0.001,1
