,L2,L2_true,N,std,jump,jump_prob,ve,dim
0,5.322486290287337,3.999649816904064,37,0.01,0.3,0.5,0.01,3
