,L2,L2_true,N,std,jump,jump_prob,ve,dim
0,2.5101491438779315,2.4564768404944197,11,0.05,0.3,0.5,0.001,1
