,L2,L2_true,N,std,jump,jump_prob,ve,dim
0,0.38559048692750697,0.3118570797467518,1637,0.05,0.3,0.5,0.001,1
