,L2,L2_true,N,std,jump,jump_prob,ve,dim
0,4.243150161793519,2.866410476984172,7,0.01,0.3,0.5,0.001,2
