,L2,L2_true,N,std,jump,jump_prob,ve,dim
0,2.559058691060507,2.559275946948838,10,0.2,0.3,0.5,0.001,1
