,L2,L2_true,N,std,jump,jump_prob,ve,dim
0,3.60884048631327,1.1492118043632171,193,0.01,0.3,0.5,0.01,2
