,L2,L2_true,N,std,jump,jump_prob,ve,dim
0,3.0381897154226607,0.0904419207180759,2275,0.01,0.3,0.5,0.0025,1
