,L2,L2_true,N,std,jump,jump_prob,ve,dim
0,3.762675112779322,1.3064155471071233,3,0.01,0.3,0.5,0.01,2
