,L2,L2_true,N,std,jump,jump_prob,ve,dim
0,0.35487099189484844,0.35444698425558874,1178,0.2,0.3,0.5,0.001,1
