,L2,L2_true,N,std,jump,jump_prob,ve,dim
0,3.5125590376568594,0.758094335627484,26,0.01,0.3,0.5,0.01,1
