,L2,L2_true,N,std,jump,jump_prob,ve,dim
0,2.641413156007414,0.3423640641278587,610,0.01,0.3,0.5,0.001,1
