,L2,L2_true,N,std,jump,jump_prob,ve,dim
0,3.740938753984514,1.608896650241444,2,0.01,0.3,0.5,0.0025,3
