,L2,L2_true,N,std,jump,jump_prob,ve,dim
0,4.615359701318999,2.9962463662649848,16,0.01,0.3,0.5,0.01,3
