,L2,L2_true,N,std,jump,jump_prob,ve,dim
0,3.6469900970203266,1.8758351319035673,2,0.01,0.3,0.5,0.001,1
