,L2,L2_true,N,std,jump,jump_prob,ve,dim
0,3.6716938495432783,2.0639510804816372,1000,0.01,0.3,0.5,0.0025,2
