,L2,L2_true,N,std,jump,jump_prob,ve,dim
0,11.535453979055784,11.059867872285851,268,0.01,0.3,0.5,0.0025,3
