,L2,L2_true,N,std,jump,jump_prob,ve,dim
0,2.7441113589264257,0.8823172795268076,138,0.01,0.3,0.5,0.001,1
