,L2,L2_true,N,std,jump,jump_prob,ve,dim
0,4.130331234622204,2.244492707553894,43,0.01,0.3,0.5,0.01,2
