,L2,L2_true,N,std,jump,jump_prob,ve,dim
0,5.51061625654833,4.524639176811896,163,0.01,0.3,0.5,0.0025,2
