,L2,L2_true,N,std,jump,jump_prob,ve,dim
0,5.361613653559205,4.06483566106184,51,0.01,0.3,0.5,0.01,3
