,L2,L2_true,N,std,jump,jump_prob,ve,dim
0,7.5932188097007245,6.916229991512895,51,0.01,0.3,0.5,0.001,3
