,L2,L2_true,N,std,jump,jump_prob,ve,dim
0,0.5640880137374802,0.5641503178820347,439,0.2,0.3,0.5,0.001,1
