,L2,L2_true,N,std,jump,jump_prob,ve,dim
0,6.372384828231338,5.5638793754811005,37,0.01,0.3,0.5,0.001,2
