,L2,L2_true,N,std,jump,jump_prob,ve,dim
0,3.1071860846430166,0.6442899142364112,117,0.01,0.3,0.5,0.0025,1
