,L2,L2_true,N,std,jump,jump_prob,ve,dim
0,3.4080978263345862,0.03562155856624335,1930,0.01,0.3,0.5,0.01,1
