,L2,L2_true,N,std,jump,jump_prob,ve,dim
0,3.4547880029447073,0.5057370703213057,719,0.01,0.3,0.5,0.01,2
