,L2,L2_true,N,std,jump,jump_prob,ve,dim
0,7.866884559940464,7.260692552878588,100,0.01,0.3,0.5,0.001,2
