,L2,L2_true,N,std,jump,jump_prob,ve,dim
0,3.42206388259279,0.31306726419734987,2000,0.01,0.3,0.5,0.01,2
