,L2,L2_true,N,std,jump,jump_prob,ve,dim
0,1.4879777540359425,1.441990493645075,71,0.05,0.3,0.5,0.001,1
