,L2,L2_true,N,std,jump,jump_prob,ve,dim
0,4.569266684705174,3.088366430026482,10,0.01,0.3,0.5,0.0025,3
