,L2,L2_true,N,std,jump,jump_prob,ve,dim
0,5.1129881156196495,4.040069007991742,16,0.01,0.3,0.5,0.001,2
