,L2,L2_true,N,std,jump,jump_prob,ve,dim
0,5.092628770874028,4.028169292785892,16,0.01,0.3,0.5,0.001,2
