,L2,L2_true,N,std,jump,jump_prob,ve,dim
0,3.042070383453941,0.3263984341624938,227,0.01,0.3,0.5,0.0025,1
