,L2,L2_true,N,std,jump,jump_prob,ve,dim
0,4.677736459946022,3.268513482485424,13,0.01,0.3,0.5,0.0025,2
