,L2,L2_true,N,std,jump,jump_prob,ve,dim
0,1.7808038093427379,1.751896630617468,43,0.05,0.3,0.5,0.001,1
