,L2,L2_true,N,std,jump,jump_prob,ve,dim
0,10.027093725310886,9.47144174034347,163,0.01,0.3,0.5,0.0025,3
