,L2,L2_true,N,std,jump,jump_prob,ve,dim
0,3.0391897917072708,0.22732733245878264,610,0.01,0.3,0.5,0.0025,1
