,L2,L2_true,N,std,jump,jump_prob,ve,dim
0,15.208715523552721,14.891960885591057,316,0.01,0.3,0.5,0.001,3
