,L2,L2_true,N,std,jump,jump_prob,ve,dim
0,6.883127928575889,6.009743364855363,43,0.01,0.3,0.5,0.0025,3
