,L2,L2_true,N,std,jump,jump_prob,ve,dim
0,5.028689990815742,3.9276590057227954,16,0.01,0.3,0.5,0.001,2
