,L2,L2_true,N,std,jump,jump_prob,ve,dim
0,3.0790100784365793,1.5982239649578514,61,0.01,0.3,0.5,0.001,1
