,L2,L2_true,N,std,jump,jump_prob,ve,dim
0,4.892970054108443,4.116501434292513,1637,0.01,0.3,0.5,0.001,2
