,L2,L2_true,N,std,jump,jump_prob,ve,dim
0,25.32815910296141,25.163957572358626,2000,0.01,0.3,0.5,0.001,3
