,L2,L2_true,N,std,jump,jump_prob,ve,dim
0,3.9465957633368323,1.788586058269573,6,0.01,0.3,0.5,0.01,2
