,L2,L2_true,N,std,jump,jump_prob,ve,dim
0,3.9558532813547806,1.7954486094524829,5,0.01,0.3,0.5,0.01,3
