,L2,L2_true,N,std,jump,jump_prob,ve,dim
0,4.22618017568463,2.5592365091137563,7,0.01,0.3,0.5,0.0025,2
