,L2,L2_true,N,std,jump,jump_prob,ve,dim
0,3.623244609374393,0.7443261050956035,1,0.01,0.3,0.5,0.01,1
