,L2,L2_true,N,std,jump,jump_prob,ve,dim
0,3.619316847504396,1.3282529705472197,1,0.01,0.3,0.5,0.0025,1
