,L2,L2_true,N,std,jump,jump_prob,ve,dim
0,4.836995276760793,3.746403681204027,372,0.01,0.3,0.5,0.0025,2
