,L2,L2_true,N,std,jump,jump_prob,ve,dim
0,3.7373092234802665,1.506001095493802,11,0.01,0.3,0.5,0.01,1
