,L2,L2_true,N,std,jump,jump_prob,ve,dim
0,2.315493091009354,2.312827613292938,26,0.2,0.3,0.5,0.001,1
