,L2,L2_true,N,std,jump,jump_prob,ve,dim
0,11.79811611190124,11.380293424028862,163,0.01,0.3,0.5,0.001,3
