,L2,L2_true,N,std,jump,jump_prob,ve,dim
0,0.6137542029177004,0.544512693765645,372,0.05,0.3,0.5,0.001,1
