,L2,L2_true,N,std,jump,jump_prob,ve,dim
0,24.62721989272885,24.455077949541785,1930,0.01,0.3,0.5,0.001,3
