,L2,L2_true,N,std,jump,jump_prob,ve,dim
0,14.36961031447795,14.039845182203532,268,0.01,0.3,0.5,0.001,3
