,L2,L2_true,N,std,jump,jump_prob,ve,dim
0,3.0451755398113334,0.24086324566537162,439,0.01,0.3,0.5,0.0025,1
