,L2,L2_true,N,std,jump,jump_prob,ve,dim
0,3.2343169775097103,1.1766877192688199,61,0.01,0.3,0.5,0.0025,1
