,L2,L2_true,N,std,jump,jump_prob,ve,dim
0,0.3164248285282678,0.3158704086557769,1178,0.2,0.3,0.5,0.001,1
