,L2,L2_true,N,std,jump,jump_prob,ve,dim
0,3.049113563132218,0.3662969283753988,268,0.01,0.3,0.5,0.0025,1
