,L2,L2_true,N,std,jump,jump_prob,ve,dim
0,1.0516045774217397,1.0491295633024103,2,0.2,0.3,0.5,0.001,1
