,L2,L2_true,N,std,jump,jump_prob,ve,dim
0,24.105688727963933,23.93576721310056,1389,0.01,0.3,0.5,0.001,3
