,L2,L2_true,N,std,jump,jump_prob,ve,dim
0,11.317721246562144,10.841615038732696,227,0.01,0.3,0.5,0.0025,3
