,L2,L2_true,N,std,jump,jump_prob,ve,dim
0,11.93144147311162,11.519664181355113,163,0.01,0.3,0.5,0.001,3
