,L2,L2_true,N,std,jump,jump_prob,ve,dim
0,3.5822543719175397,0.9505272591493005,11,0.01,0.3,0.5,0.01,1
