,L2,L2_true,N,std,jump,jump_prob,ve,dim
0,3.4330032161385553,0.3297462374416984,84,0.01,0.3,0.5,0.01,1
