,L2,L2_true,N,std,jump,jump_prob,ve,dim
0,0.27105242183755907,0.27149110968421103,1637,0.2,0.3,0.5,0.001,1
