,L2,L2_true,N,std,jump,jump_prob,ve,dim
0,1.9708728738339165,1.9704911955985331,26,0.2,0.3,0.5,0.001,1
