,L2,L2_true,N,std,jump,jump_prob,ve,dim
0,3.0619313673445663,0.42817299459652286,316,0.01,0.3,0.5,0.0025,1
