,L2,L2_true,N,std,jump,jump_prob,ve,dim
0,12.367106042842227,11.935580039590915,372,0.01,0.3,0.5,0.0025,3
