,L2,L2_true,N,std,jump,jump_prob,ve,dim
0,3.629199795708963,1.8056856173216866,1,0.01,0.3,0.5,0.001,1
