,L2,L2_true,N,std,jump,jump_prob,ve,dim
0,3.918666086032411,1.735793090883957,6,0.01,0.3,0.5,0.01,2
