,L2,L2_true,N,std,jump,jump_prob,ve,dim
0,3.9495708482873053,2.4441427537333777,7,0.01,0.3,0.5,0.001,1
