,L2,L2_true,N,std,jump,jump_prob,ve,dim
0,4.556832180308242,3.3143383209684285,10,0.01,0.3,0.5,0.001,2
