,L2,L2_true,N,std,jump,jump_prob,ve,dim
0,3.457673196326068,0.5261971197679157,37,0.01,0.3,0.5,0.01,1
