,L2,L2_true,N,std,jump,jump_prob,ve,dim
0,8.843184857577768,8.33910818246788,193,0.01,0.3,0.5,0.001,2
