,L2,L2_true,N,std,jump,jump_prob,ve,dim
0,3.880603546272511,1.8325779587413795,1178,0.01,0.3,0.5,0.01,3
