,L2,L2_true,N,std,jump,jump_prob,ve,dim
0,4.359012914816085,2.562862833088351,11,0.01,0.3,0.5,0.01,3
