,L2,L2_true,N,std,jump,jump_prob,ve,dim
0,6.026845301286144,5.164413680615303,31,0.01,0.3,0.5,0.001,2
