,L2,L2_true,N,std,jump,jump_prob,ve,dim
0,5.463366276336208,4.21564087609229,138,0.01,0.3,0.5,0.01,3
