,L2,L2_true,N,std,jump,jump_prob,ve,dim
0,4.347193132440346,3.0455290524219913,8,0.01,0.3,0.5,0.001,1
