,L2,L2_true,N,std,jump,jump_prob,ve,dim
0,3.436584283540627,0.3895057695323084,1389,0.01,0.3,0.5,0.01,2
