,L2,L2_true,N,std,jump,jump_prob,ve,dim
0,2.255079259825679,2.2541464590678437,8,0.2,0.3,0.5,0.001,1
