,L2,L2_true,N,std,jump,jump_prob,ve,dim
0,5.375922972573802,4.117881435811679,138,0.01,0.3,0.5,0.01,3
