,L2,L2_true,N,std,jump,jump_prob,ve,dim
0,11.906663362701055,11.490915149775507,1389,0.01,0.3,0.5,0.0025,3
