,L2,L2_true,N,std,jump,jump_prob,ve,dim
0,0.9271727252111173,0.8709247662377765,163,0.05,0.3,0.5,0.001,1
