,L2,L2_true,N,std,jump,jump_prob,ve,dim
0,1.3479234792988113,1.176880167517059,1,0.05,0.3,0.5,0.001,1
