,L2,L2_true,N,std,jump,jump_prob,ve,dim
0,5.335242872574581,4.132458987727804,19,0.01,0.3,0.5,0.0025,3
