,L2,L2_true,N,std,jump,jump_prob,ve,dim
0,5.625940016033402,4.701307873675145,227,0.01,0.3,0.5,0.0025,2
