,L2,L2_true,N,std,jump,jump_prob,ve,dim
0,2.4150459733015284,2.4154865260836345,19,0.2,0.3,0.5,0.001,1
