,L2,L2_true,N,std,jump,jump_prob,ve,dim
0,3.6420532964748022,1.4563061669357373,2,0.01,0.3,0.5,0.0025,1
