,L2,L2_true,N,std,jump,jump_prob,ve,dim
0,5.4895518785277275,4.516258661114473,19,0.01,0.3,0.5,0.001,2
