,L2,L2_true,N,std,jump,jump_prob,ve,dim
0,5.713464190205927,4.658044359002737,37,0.01,0.3,0.5,0.0025,2
