,L2,L2_true,N,std,jump,jump_prob,ve,dim
0,3.4241988965251298,0.04185456923780717,1000,0.01,0.3,0.5,0.01,1
