,L2,L2_true,N,std,jump,jump_prob,ve,dim
0,2.742890343706466,2.7423200936756564,13,0.2,0.3,0.5,0.001,1
