,L2,L2_true,N,std,jump,jump_prob,ve,dim
0,4.533809280484791,3.0414571610175933,11,0.01,0.3,0.5,0.0025,2
