,L2,L2_true,N,std,jump,jump_prob,ve,dim
0,3.637505298262626,0.9186870297763831,2,0.01,0.3,0.5,0.01,1
