,L2,L2_true,N,std,jump,jump_prob,ve,dim
0,10.270805253653768,9.788544879197245,117,0.01,0.3,0.5,0.001,3
