,L2,L2_true,N,std,jump,jump_prob,ve,dim
0,4.3201418921049735,2.9787721776354537,8,0.01,0.3,0.5,0.001,2
