,L2,L2_true,N,std,jump,jump_prob,ve,dim
0,1.6078745974865651,1.4708419173957117,3,0.05,0.3,0.5,0.001,1
