,L2,L2_true,N,std,jump,jump_prob,ve,dim
0,11.342369844761452,10.914223016175562,138,0.01,0.3,0.5,0.001,3
