,L2,L2_true,N,std,jump,jump_prob,ve,dim
0,8.189952241190404,7.704386930582039,372,0.01,0.3,0.5,0.001,2
