,L2,L2_true,N,std,jump,jump_prob,ve,dim
0,3.4502594829818727,1.5002923587897417,31,0.01,0.3,0.5,0.0025,1
