,L2,L2_true,N,std,jump,jump_prob,ve,dim
0,4.932998035814405,3.5323674493744663,316,0.01,0.3,0.5,0.01,3
