,L2,L2_true,N,std,jump,jump_prob,ve,dim
0,3.3274142801479445,3.3278450482952877,16,0.2,0.3,0.5,0.001,1
