,L2,L2_true,N,std,jump,jump_prob,ve,dim
0,4.286028071374716,2.9152074342550254,7,0.01,0.3,0.5,0.001,3
