,L2,L2_true,N,std,jump,jump_prob,ve,dim
0,3.0430939319877264,0.26591647129025586,439,0.01,0.3,0.5,0.0025,1
