,L2,L2_true,N,std,jump,jump_prob,ve,dim
0,3.5303066949702018,0.8597866291909659,19,0.01,0.3,0.5,0.01,1
