,L2,L2_true,N,std,jump,jump_prob,ve,dim
0,3.8878549993118225,2.346954766243628,10,0.01,0.3,0.5,0.001,1
