,L2,L2_true,N,std,jump,jump_prob,ve,dim
0,10.880822013863549,10.379527036987998,227,0.01,0.3,0.5,0.0025,3
