,L2,L2_true,N,std,jump,jump_prob,ve,dim
0,3.7488352601007,2.053958164977329,2,0.01,0.3,0.5,0.001,3
