,L2,L2_true,N,std,jump,jump_prob,ve,dim
0,3.4247418519748853,0.28429258370644905,61,0.01,0.3,0.5,0.01,1
