,L2,L2_true,N,std,jump,jump_prob,ve,dim
0,12.235019090320103,11.815647171255545,610,0.01,0.3,0.5,0.0025,3
