,L2,L2_true,N,std,jump,jump_prob,ve,dim
0,12.985049154652215,12.58719733846222,610,0.01,0.3,0.5,0.0025,3
