,L2,L2_true,N,std,jump,jump_prob,ve,dim
0,0.6558575965639585,0.6557232442307526,316,0.2,0.3,0.5,0.001,1
