,L2,L2_true,N,std,jump,jump_prob,ve,dim
0,3.6556085383153003,0.9765836590411264,2,0.01,0.3,0.5,0.01,2
