,L2,L2_true,N,std,jump,jump_prob,ve,dim
0,8.762346021030158,8.294235490445054,268,0.01,0.3,0.5,0.001,2
