,L2,L2_true,N,std,jump,jump_prob,ve,dim
0,0.43293393646288475,0.43306334129102336,719,0.2,0.3,0.5,0.001,1
