,L2,L2_true,N,std,jump,jump_prob,ve,dim
0,3.9711655269174613,1.8475621029517115,8,0.01,0.3,0.5,0.01,2
