,L2,L2_true,N,std,jump,jump_prob,ve,dim
0,3.694791821224286,1.3714008016909576,138,0.01,0.3,0.5,0.01,2
