,L2,L2_true,N,std,jump,jump_prob,ve,dim
0,12.754640829989444,12.350862773834885,719,0.01,0.3,0.5,0.0025,3
