,L2,L2_true,N,std,jump,jump_prob,ve,dim
0,5.618388557326028,4.650795041073801,22,0.01,0.3,0.5,0.001,3
