,L2,L2_true,N,std,jump,jump_prob,ve,dim
0,5.111666170949324,4.068129214456285,268,0.01,0.3,0.5,0.0025,2
