,L2,L2_true,N,std,jump,jump_prob,ve,dim
0,11.877312808051279,11.467646344066448,163,0.01,0.3,0.5,0.001,3
