,L2,L2_true,N,std,jump,jump_prob,ve,dim
0,3.8957689252739796,1.6346744172169783,4,0.01,0.3,0.5,0.01,3
