,L2,L2_true,N,std,jump,jump_prob,ve,dim
0,5.933150979725391,5.293327574318259,1000,0.01,0.3,0.5,0.001,2
