,L2,L2_true,N,std,jump,jump_prob,ve,dim
0,3.923123589124832,2.016194255750445,4,0.01,0.3,0.5,0.0025,2
