,L2,L2_true,N,std,jump,jump_prob,ve,dim
0,8.526545725626809,7.988170807394385,138,0.01,0.3,0.5,0.001,2
