,L2,L2_true,N,std,jump,jump_prob,ve,dim
0,0.7918816265027147,0.7931144847051663,316,0.2,0.3,0.5,0.001,1
