,L2,L2_true,N,std,jump,jump_prob,ve,dim
0,13.236235013165516,12.845381211482252,610,0.01,0.3,0.5,0.0025,3
