,L2,L2_true,N,std,jump,jump_prob,ve,dim
0,23.620053533112927,23.448775393550417,2000,0.01,0.3,0.5,0.001,3
