,L2,L2_true,N,std,jump,jump_prob,ve,dim
0,3.8236765306587883,2.1951893161735194,3,0.01,0.3,0.5,0.001,2
