,L2,L2_true,N,std,jump,jump_prob,ve,dim
0,3.841745457736241,2.207910571096904,3,0.01,0.3,0.5,0.001,3
