,L2,L2_true,N,std,jump,jump_prob,ve,dim
0,0.4165213461759267,0.3349839601384012,1178,0.05,0.3,0.5,0.001,1
