,L2,L2_true,N,std,jump,jump_prob,ve,dim
0,6.024458005058947,5.048559808843795,43,0.01,0.3,0.5,0.0025,2
