,L2,L2_true,N,std,jump,jump_prob,ve,dim
0,3.0423675858015335,0.11095579015823301,1930,0.01,0.3,0.5,0.0025,1
