,L2,L2_true,N,std,jump,jump_prob,ve,dim
0,4.510268966700975,2.8312856499499612,16,0.01,0.3,0.5,0.01,2
