,L2,L2_true,N,std,jump,jump_prob,ve,dim
0,4.644653762262801,3.197891270376353,11,0.01,0.3,0.5,0.0025,3
