,L2,L2_true,N,std,jump,jump_prob,ve,dim
0,3.6092619941599913,1.32722208966745,1,0.01,0.3,0.5,0.0025,3
