,L2,L2_true,N,std,jump,jump_prob,ve,dim
0,1.4043088582339807,1.2408381208097223,2,0.05,0.3,0.5,0.001,1
