,L2,L2_true,N,std,jump,jump_prob,ve,dim
0,4.724713952961267,3.1671362313602,19,0.01,0.3,0.5,0.01,3
