,L2,L2_true,N,std,jump,jump_prob,ve,dim
0,1.3496167455818753,1.1781512804595111,1,0.05,0.3,0.5,0.001,1
