,L2,L2_true,N,std,jump,jump_prob,ve,dim
0,5.7893315062657615,4.872241799626536,26,0.01,0.3,0.5,0.001,2
