,L2,L2_true,N,std,jump,jump_prob,ve,dim
0,3.0313222047855084,0.08845963496502586,3162,0.01,0.3,0.5,0.0025,1
