,L2,L2_true,N,std,jump,jump_prob,ve,dim
0,16.200922656133535,15.914805653488413,372,0.01,0.3,0.5,0.001,3
