,L2,L2_true,N,std,jump,jump_prob,ve,dim
0,3.9761310484698047,1.9505201235701015,61,0.01,0.3,0.5,0.01,2
