,L2,L2_true,N,std,jump,jump_prob,ve,dim
0,4.750202885845191,3.1766093820440577,16,0.01,0.3,0.5,0.01,3
