,L2,L2_true,N,std,jump,jump_prob,ve,dim
0,4.9584723244982465,3.5651363185545386,268,0.01,0.3,0.5,0.01,3
