,L2,L2_true,N,std,jump,jump_prob,ve,dim
0,23.850482551868712,23.673803103938894,1637,0.01,0.3,0.5,0.001,3
