,L2,L2_true,N,std,jump,jump_prob,ve,dim
0,3.552418640707575,0.9072178297591793,26,0.01,0.3,0.5,0.01,1
