,L2,L2_true,N,std,jump,jump_prob,ve,dim
0,3.629296295899112,1.8065248907453868,1,0.01,0.3,0.5,0.001,1
