,L2,L2_true,N,std,jump,jump_prob,ve,dim
0,5.6047465043967755,4.665175703645027,193,0.01,0.3,0.5,0.0025,2
