,L2,L2_true,N,std,jump,jump_prob,ve,dim
0,5.711130380520773,4.771975389787109,22,0.01,0.3,0.5,0.001,3
