,L2,L2_true,N,std,jump,jump_prob,ve,dim
0,3.8776741745431424,2.3252002445953117,5,0.01,0.3,0.5,0.001,1
