,L2,L2_true,N,std,jump,jump_prob,ve,dim
0,3.749490115213022,1.652705953491834,2,0.01,0.3,0.5,0.0025,3
