,L2,L2_true,N,std,jump,jump_prob,ve,dim
0,5.309099111934471,4.1422036287572785,26,0.01,0.3,0.5,0.0025,2
