,L2,L2_true,N,std,jump,jump_prob,ve,dim
0,5.293986761040514,4.00162100790486,163,0.01,0.3,0.5,0.01,3
