,L2,L2_true,N,std,jump,jump_prob,ve,dim
0,16.436241719398804,16.151972181733655,372,0.01,0.3,0.5,0.001,3
