,L2,L2_true,N,std,jump,jump_prob,ve,dim
0,1.7952938435628805,1.7916181733493062,4,0.2,0.3,0.5,0.001,1
