,L2,L2_true,N,std,jump,jump_prob,ve,dim
0,3.4150816893123523,0.04848724151104558,2682,0.01,0.3,0.5,0.01,1
