,L2,L2_true,N,std,jump,jump_prob,ve,dim
0,6.341996587972563,5.742532101187917,848,0.01,0.3,0.5,0.001,2
