,L2,L2_true,N,std,jump,jump_prob,ve,dim
0,5.435867523622799,4.176458155032759,138,0.01,0.3,0.5,0.01,3
