,L2,L2_true,N,std,jump,jump_prob,ve,dim
0,3.4406904565440968,0.3729056517544867,61,0.01,0.3,0.5,0.01,1
