,L2,L2_true,N,std,jump,jump_prob,ve,dim
0,3.414013691359167,0.08266445776452525,719,0.01,0.3,0.5,0.01,1
