,L2,L2_true,N,std,jump,jump_prob,ve,dim
0,1.746359703805387,1.6219799383142353,3,0.05,0.3,0.5,0.001,1
