,L2,L2_true,N,std,jump,jump_prob,ve,dim
0,3.6118567833703468,0.7448014233166661,1,0.01,0.3,0.5,0.01,1
