,L2,L2_true,N,std,jump,jump_prob,ve,dim
0,12.434067465623638,12.013769455074252,517,0.01,0.3,0.5,0.0025,3
