,L2,L2_true,N,std,jump,jump_prob,ve,dim
0,2.9844778126416216,2.9849385994773976,11,0.2,0.3,0.5,0.001,1
