,L2,L2_true,N,std,jump,jump_prob,ve,dim
0,2.8462949395386294,2.8460629650657165,26,0.2,0.3,0.5,0.001,1
