,L2,L2_true,N,std,jump,jump_prob,ve,dim
0,5.4443233576475505,4.468999635698668,193,0.01,0.3,0.5,0.0025,2
