,L2,L2_true,N,std,jump,jump_prob,ve,dim
0,5.502070146305886,4.273407241490479,117,0.01,0.3,0.5,0.01,3
