,L2,L2_true,N,std,jump,jump_prob,ve,dim
0,5.507432497453752,4.255119918855961,100,0.01,0.3,0.5,0.01,3
