,L2,L2_true,N,std,jump,jump_prob,ve,dim
0,1.4056939589393709,1.3583982122789955,71,0.05,0.3,0.5,0.001,1
