,L2,L2_true,N,std,jump,jump_prob,ve,dim
0,5.354133621302498,4.06085215654338,51,0.01,0.3,0.5,0.01,3
