,L2,L2_true,N,std,jump,jump_prob,ve,dim
0,3.7624184385512742,2.057499494220924,2,0.01,0.3,0.5,0.001,3
