,L2,L2_true,N,std,jump,jump_prob,ve,dim
0,12.457132435250914,12.04379327729642,848,0.01,0.3,0.5,0.0025,3
