,L2,L2_true,N,std,jump,jump_prob,ve,dim
0,3.4602356570944033,0.515515751943522,719,0.01,0.3,0.5,0.01,2
