,L2,L2_true,N,std,jump,jump_prob,ve,dim
0,4.5537035522058025,3.722625999744309,1930,0.01,0.3,0.5,0.001,2
