,L2,L2_true,N,std,jump,jump_prob,ve,dim
0,3.890535081012906,1.8556518255879997,1178,0.01,0.3,0.5,0.01,3
