,L2,L2_true,N,std,jump,jump_prob,ve,dim
0,7.588537913201796,6.964057777254352,84,0.01,0.3,0.5,0.001,2
