,L2,L2_true,N,std,jump,jump_prob,ve,dim
0,17.002651446746487,16.728345567480652,439,0.01,0.3,0.5,0.001,3
