,L2,L2_true,N,std,jump,jump_prob,ve,dim
0,4.322009038927997,2.71333910289238,8,0.01,0.3,0.5,0.0025,3
