,L2,L2_true,N,std,jump,jump_prob,ve,dim
0,0.41343009263144986,0.3216805180610811,1000,0.05,0.3,0.5,0.001,1
