,L2,L2_true,N,std,jump,jump_prob,ve,dim
0,4.446201239816536,3.13538578403768,8,0.01,0.3,0.5,0.001,3
