,L2,L2_true,N,std,jump,jump_prob,ve,dim
0,3.4741592673377717,1.4676442566824028,19,0.01,0.3,0.5,0.0025,1
