,L2,L2_true,N,std,jump,jump_prob,ve,dim
0,3.105502119649223,0.6477592913885607,100,0.01,0.3,0.5,0.0025,1
