,L2,L2_true,N,std,jump,jump_prob,ve,dim
0,4.182744663617915,2.838714720002352,517,0.01,0.3,0.5,0.0025,2
