,L2,L2_true,N,std,jump,jump_prob,ve,dim
0,4.161048469347219,2.2187124990244973,8,0.01,0.3,0.5,0.01,3
