,L2,L2_true,N,std,jump,jump_prob,ve,dim
0,1.5313727371094816,1.500647436129789,71,0.05,0.3,0.5,0.001,1
