,L2,L2_true,N,std,jump,jump_prob,ve,dim
0,4.409833581860803,2.6427216649684504,11,0.01,0.3,0.5,0.01,3
