,L2,L2_true,N,std,jump,jump_prob,ve,dim
0,3.4361362710282695,0.052192976999727726,1637,0.01,0.3,0.5,0.01,1
