,L2,L2_true,N,std,jump,jump_prob,ve,dim
0,9.752642968573214,9.169197640125367,138,0.01,0.3,0.5,0.0025,3
