,L2,L2_true,N,std,jump,jump_prob,ve,dim
0,3.613746554904286,0.7443999622955688,1,0.01,0.3,0.5,0.01,1
