,L2,L2_true,N,std,jump,jump_prob,ve,dim
0,10.259303850591063,9.769944545886005,117,0.01,0.3,0.5,0.001,3
