,L2,L2_true,N,std,jump,jump_prob,ve,dim
0,3.9956652476295873,2.4623471214426687,4,0.01,0.3,0.5,0.001,3
