,L2,L2_true,N,std,jump,jump_prob,ve,dim
0,3.4283220129966,0.07193897263082454,1637,0.01,0.3,0.5,0.01,1
