,L2,L2_true,N,std,jump,jump_prob,ve,dim
0,3.7867408234358417,1.5949717606802065,100,0.01,0.3,0.5,0.01,2
