,L2,L2_true,N,std,jump,jump_prob,ve,dim
0,3.6241828497181103,1.329067948626841,1,0.01,0.3,0.5,0.0025,1
