,L2,L2_true,N,std,jump,jump_prob,ve,dim
0,0.5311847675173933,0.5309720168698077,517,0.2,0.3,0.5,0.001,1
