,L2,L2_true,N,std,jump,jump_prob,ve,dim
0,1.4376114072187396,1.4364894513161541,3,0.2,0.3,0.5,0.001,1
