,L2,L2_true,N,std,jump,jump_prob,ve,dim
0,3.048771975554821,0.3478024638513879,163,0.01,0.3,0.5,0.0025,1
