,L2,L2_true,N,std,jump,jump_prob,ve,dim
0,0.3281311816686745,0.23719286142663853,1930,0.05,0.3,0.5,0.001,1
