,L2,L2_true,N,std,jump,jump_prob,ve,dim
0,10.662662027192267,10.134026971310378,193,0.01,0.3,0.5,0.0025,3
