,L2,L2_true,N,std,jump,jump_prob,ve,dim
0,2.6834839610345504,0.7035770576703219,227,0.01,0.3,0.5,0.001,1
