,L2,L2_true,N,std,jump,jump_prob,ve,dim
0,0.5186759650769257,0.46426385040964047,610,0.05,0.3,0.5,0.001,1
