,L2,L2_true,N,std,jump,jump_prob,ve,dim
0,0.7793257868607307,0.757825834691003,227,0.05,0.3,0.5,0.001,1
