,L2,L2_true,N,std,jump,jump_prob,ve,dim
0,3.4191452465721173,0.1302661306139891,268,0.01,0.3,0.5,0.01,1
