,L2,L2_true,N,std,jump,jump_prob,ve,dim
0,3.038781908869564,0.193571060400182,610,0.01,0.3,0.5,0.0025,1
