,L2,L2_true,N,std,jump,jump_prob,ve,dim
0,3.810786014702995,2.1691124922197735,3,0.01,0.3,0.5,0.001,1
