,L2,L2_true,N,std,jump,jump_prob,ve,dim
0,0.7435163118980227,0.6777629781788148,268,0.05,0.3,0.5,0.001,1
