,L2,L2_true,N,std,jump,jump_prob,ve,dim
0,3.6059023650893445,1.328414258716211,1,0.01,0.3,0.5,0.0025,1
