,L2,L2_true,N,std,jump,jump_prob,ve,dim
0,3.7074855260643584,1.4149893473915627,2000,0.01,0.3,0.5,0.01,3
