,L2,L2_true,N,std,jump,jump_prob,ve,dim
0,2.782419649873005,1.0032329293445257,163,0.01,0.3,0.5,0.001,1
