,L2,L2_true,N,std,jump,jump_prob,ve,dim
0,3.869538773029236,1.5908243730277511,4,0.01,0.3,0.5,0.01,3
