,L2,L2_true,N,std,jump,jump_prob,ve,dim
0,3.789349779381177,2.2493680895123864,848,0.01,0.3,0.5,0.0025,2
