,L2,L2_true,N,std,jump,jump_prob,ve,dim
0,5.585411441065976,4.463939265778791,22,0.01,0.3,0.5,0.0025,3
