,L2,L2_true,N,std,jump,jump_prob,ve,dim
0,3.7056750486904626,1.912302103472684,22,0.01,0.3,0.5,0.0025,1
