,L2,L2_true,N,std,jump,jump_prob,ve,dim
0,3.342245252404019,1.41118986284564,2000,0.01,0.3,0.5,0.0025,2
