,L2,L2_true,N,std,jump,jump_prob,ve,dim
0,4.206032312060502,2.382834147687572,31,0.01,0.3,0.5,0.01,2
