,L2,L2_true,N,std,jump,jump_prob,ve,dim
0,5.876520377717274,4.95262716806562,138,0.01,0.3,0.5,0.0025,2
