,L2,L2_true,N,std,jump,jump_prob,ve,dim
0,3.436240311380805,0.24633527192059285,3000,0.01,0.3,0.5,0.01,2
