,L2,L2_true,N,std,jump,jump_prob,ve,dim
0,5.294847059822142,4.587756782577914,1389,0.01,0.3,0.5,0.001,2
