,L2,L2_true,N,std,jump,jump_prob,ve,dim
0,3.1493280194072915,1.799296759385659,71,0.01,0.3,0.5,0.001,1
