,L2,L2_true,N,std,jump,jump_prob,ve,dim
0,1.8874615011468099,1.7682865258894496,2,0.05,0.3,0.5,0.001,1
