,L2,L2_true,N,std,jump,jump_prob,ve,dim
0,3.7659236598172114,1.272124503327112,2,0.01,0.3,0.5,0.01,1
