,L2,L2_true,N,std,jump,jump_prob,ve,dim
0,1.9326381409982252,1.8460689835346213,11,0.05,0.3,0.5,0.001,1
