,L2,L2_true,N,std,jump,jump_prob,ve,dim
0,4.3406598317895995,3.0039596041370467,8,0.01,0.3,0.5,0.001,2
