,L2,L2_true,N,std,jump,jump_prob,ve,dim
0,2.6330354280287445,0.40531997114726376,517,0.01,0.3,0.5,0.001,1
