,L2,L2_true,N,std,jump,jump_prob,ve,dim
0,2.6175873880932183,2.6183632466485367,10,0.2,0.3,0.5,0.001,1
