,L2,L2_true,N,std,jump,jump_prob,ve,dim
0,3.639371812499509,1.4458602160012626,2,0.01,0.3,0.5,0.0025,1
