,L2,L2_true,N,std,jump,jump_prob,ve,dim
0,6.179917377214486,5.323739396917367,26,0.01,0.3,0.5,0.001,3
