,L2,L2_true,N,std,jump,jump_prob,ve,dim
0,1.774128675536353,1.7761187017371765,6,0.2,0.3,0.5,0.001,1
