,L2,L2_true,N,std,jump,jump_prob,ve,dim
0,3.861513886751831,2.6014509901606737,31,0.01,0.3,0.5,0.001,1
