,L2,L2_true,N,std,jump,jump_prob,ve,dim
0,3.0381020741750855,0.15276698905223754,1000,0.01,0.3,0.5,0.0025,1
