,L2,L2_true,N,std,jump,jump_prob,ve,dim
0,3.5701311224219143,1.794033538977575,19,0.01,0.3,0.5,0.0025,1
