,L2,L2_true,N,std,jump,jump_prob,ve,dim
0,3.8067642893066336,1.6510640966238235,117,0.01,0.3,0.5,0.01,2
