,L2,L2_true,N,std,jump,jump_prob,ve,dim
0,3.925343518874557,2.3585186940621563,5,0.01,0.3,0.5,0.001,1
