,L2,L2_true,N,std,jump,jump_prob,ve,dim
0,6.03068174801632,5.137849495388661,26,0.01,0.3,0.5,0.001,3
