,L2,L2_true,N,std,jump,jump_prob,ve,dim
0,4.61652853636313,3.171208480807685,11,0.01,0.3,0.5,0.0025,3
