,L2,L2_true,N,std,jump,jump_prob,ve,dim
0,3.786936424707658,2.3621784294079258,11,0.01,0.3,0.5,0.001,1
