,L2,L2_true,N,std,jump,jump_prob,ve,dim
0,6.123385257993959,5.238384790965514,84,0.01,0.3,0.5,0.0025,2
