,L2,L2_true,N,std,jump,jump_prob,ve,dim
0,0.539209593905215,0.45309815500130607,517,0.05,0.3,0.5,0.001,1
