,L2,L2_true,N,std,jump,jump_prob,ve,dim
0,3.433100530320703,0.4612120169899872,1000,0.01,0.3,0.5,0.01,2
