,L2,L2_true,N,std,jump,jump_prob,ve,dim
0,2.6121513390853877,0.22401708073807414,1000,0.01,0.3,0.5,0.001,1
