,L2,L2_true,N,std,jump,jump_prob,ve,dim
0,2.5267113361130416,2.506452801303111,11,0.05,0.3,0.5,0.001,1
