,L2,L2_true,N,std,jump,jump_prob,ve,dim
0,1.9804418386381233,1.9795271721666554,5,0.2,0.3,0.5,0.001,1
