,L2,L2_true,N,std,jump,jump_prob,ve,dim
0,3.661606924971636,2.0479058716926137,1000,0.01,0.3,0.5,0.0025,2
