,L2,L2_true,N,std,jump,jump_prob,ve,dim
0,13.345131724430875,12.970062474579745,719,0.01,0.3,0.5,0.0025,3
