,L2,L2_true,N,std,jump,jump_prob,ve,dim
0,23.7505582550136,23.565762225567727,1389,0.01,0.3,0.5,0.001,3
