,L2,L2_true,N,std,jump,jump_prob,ve,dim
0,3.51987956460235,0.8727093399051598,19,0.01,0.3,0.5,0.01,1
