,L2,L2_true,N,std,jump,jump_prob,ve,dim
0,3.4450667507613666,0.3415262976126612,51,0.01,0.3,0.5,0.01,1
