,L2,L2_true,N,std,jump,jump_prob,ve,dim
0,3.793837520963012,1.768848797811391,3,0.01,0.3,0.5,0.0025,3
