,L2,L2_true,N,std,jump,jump_prob,ve,dim
0,8.566406309047105,7.977237696553605,71,0.01,0.3,0.5,0.001,3
