,L2,L2_true,N,std,jump,jump_prob,ve,dim
0,3.6234645801408774,0.9362006457229377,2,0.01,0.3,0.5,0.01,1
