,L2,L2_true,N,std,jump,jump_prob,ve,dim
0,0.24166389374569192,0.24134528178826178,2275,0.2,0.3,0.5,0.001,1
