,L2,L2_true,N,std,jump,jump_prob,ve,dim
0,3.4937501532612942,1.7081034329352562,1389,0.01,0.3,0.5,0.0025,2
