,L2,L2_true,N,std,jump,jump_prob,ve,dim
0,2.6312192390926334,0.398901729546838,610,0.01,0.3,0.5,0.001,1
