,L2,L2_true,N,std,jump,jump_prob,ve,dim
0,5.981346023147158,5.094152351928549,26,0.01,0.3,0.5,0.001,3
