,L2,L2_true,N,std,jump,jump_prob,ve,dim
0,24.42916631831372,24.259921167405636,3000,0.01,0.3,0.5,0.001,3
