,L2,L2_true,N,std,jump,jump_prob,ve,dim
0,5.187965288922527,3.9577409139023376,19,0.01,0.3,0.5,0.0025,2
