,L2,L2_true,N,std,jump,jump_prob,ve,dim
0,0.2650153649311241,0.2644878791255549,1930,0.2,0.3,0.5,0.001,1
