,L2,L2_true,N,std,jump,jump_prob,ve,dim
0,11.842682958790874,11.428861990043192,163,0.01,0.3,0.5,0.001,3
