,L2,L2_true,N,std,jump,jump_prob,ve,dim
0,3.846384445089209,2.2150018972803376,2,0.01,0.3,0.5,0.001,1
