,L2,L2_true,N,std,jump,jump_prob,ve,dim
0,3.490553948851244,0.6717761201352563,517,0.01,0.3,0.5,0.01,2
