,L2,L2_true,N,std,jump,jump_prob,ve,dim
0,4.110633746234639,2.1416679433499493,31,0.01,0.3,0.5,0.01,2
