,L2,L2_true,N,std,jump,jump_prob,ve,dim
0,3.5478034643166083,0.8947536413020077,13,0.01,0.3,0.5,0.01,1
