,L2,L2_true,N,std,jump,jump_prob,ve,dim
0,5.790855205870007,5.150704259086735,1178,0.01,0.3,0.5,0.001,2
