,L2,L2_true,N,std,jump,jump_prob,ve,dim
0,5.575834069149741,4.901305945737612,1178,0.01,0.3,0.5,0.001,2
