,L2,L2_true,N,std,jump,jump_prob,ve,dim
0,0.24708240865167277,0.24738502467629966,2275,0.2,0.3,0.5,0.001,1
