,L2,L2_true,N,std,jump,jump_prob,ve,dim
0,12.53404505355095,12.10962219566724,517,0.01,0.3,0.5,0.0025,3
