,L2,L2_true,N,std,jump,jump_prob,ve,dim
0,3.46483556643182,0.5337294615735713,22,0.01,0.3,0.5,0.01,1
