,L2,L2_true,N,std,jump,jump_prob,ve,dim
0,9.3017629483668,8.691328765039147,117,0.01,0.3,0.5,0.0025,3
