,L2,L2_true,N,std,jump,jump_prob,ve,dim
0,3.20004904297436,1.741942572476954,43,0.01,0.3,0.5,0.001,1
