,L2,L2_true,N,std,jump,jump_prob,ve,dim
0,3.591908715269402,1.7729169522706103,16,0.01,0.3,0.5,0.0025,1
