,L2,L2_true,N,std,jump,jump_prob,ve,dim
0,7.501996009668208,6.997415183827198,610,0.01,0.3,0.5,0.001,2
