,L2,L2_true,N,std,jump,jump_prob,ve,dim
0,4.350277179704644,2.553726526204024,11,0.01,0.3,0.5,0.01,3
