,L2,L2_true,N,std,jump,jump_prob,ve,dim
0,0.6294828378696411,0.5940105745200361,372,0.05,0.3,0.5,0.001,1
