,L2,L2_true,N,std,jump,jump_prob,ve,dim
0,0.3269985620516176,0.3269006167649438,1389,0.2,0.3,0.5,0.001,1
