,L2,L2_true,N,std,jump,jump_prob,ve,dim
0,0.3643288024235485,0.28914278912133135,1389,0.05,0.3,0.5,0.001,1
