,L2,L2_true,N,std,jump,jump_prob,ve,dim
0,7.596330296626227,6.922291155542997,51,0.01,0.3,0.5,0.001,3
