,L2,L2_true,N,std,jump,jump_prob,ve,dim
0,0.9260854209786671,0.9264671213699119,193,0.2,0.3,0.5,0.001,1
