,L2,L2_true,N,std,jump,jump_prob,ve,dim
0,4.097686451915748,2.970836547313905,22,0.01,0.3,0.5,0.001,1
