,L2,L2_true,N,std,jump,jump_prob,ve,dim
0,3.648614887810743,1.8799890227719882,2,0.01,0.3,0.5,0.001,1
