,L2,L2_true,N,std,jump,jump_prob,ve,dim
0,3.9076479751366007,2.511830443216676,19,0.01,0.3,0.5,0.001,1
