,L2,L2_true,N,std,jump,jump_prob,ve,dim
0,5.218612331821491,4.003282524338707,19,0.01,0.3,0.5,0.0025,3
