,L2,L2_true,N,std,jump,jump_prob,ve,dim
0,2.655279831143388,0.4960813686564334,517,0.01,0.3,0.5,0.001,1
