,L2,L2_true,N,std,jump,jump_prob,ve,dim
0,3.419170943988575,0.2985992355794182,138,0.01,0.3,0.5,0.01,1
