,L2,L2_true,N,std,jump,jump_prob,ve,dim
0,12.928466115003982,12.542706884602259,848,0.01,0.3,0.5,0.0025,3
