,L2,L2_true,N,std,jump,jump_prob,ve,dim
0,3.4334291124443683,0.36292010584605494,1389,0.01,0.3,0.5,0.01,2
