,L2,L2_true,N,std,jump,jump_prob,ve,dim
0,1.5153367880298592,1.3741772852277898,2,0.05,0.3,0.5,0.001,1
