,L2,L2_true,N,std,jump,jump_prob,ve,dim
0,1.2456675915539106,1.2400451102181207,2,0.2,0.3,0.5,0.001,1
