,L2,L2_true,N,std,jump,jump_prob,ve,dim
0,5.571459505975971,4.329239104786368,51,0.01,0.3,0.5,0.01,3
