,L2,L2_true,N,std,jump,jump_prob,ve,dim
0,3.6245567641628003,1.805012059078451,1,0.01,0.3,0.5,0.001,1
