,L2,L2_true,N,std,jump,jump_prob,ve,dim
0,1.522793703032903,1.5197653690960282,3,0.2,0.3,0.5,0.001,1
