,L2,L2_true,N,std,jump,jump_prob,ve,dim
0,24.501010438188292,24.338815870501087,2275,0.01,0.3,0.5,0.001,3
