,L2,L2_true,N,std,jump,jump_prob,ve,dim
0,5.1419744965754415,3.810943599213488,193,0.01,0.3,0.5,0.01,3
