,L2,L2_true,N,std,jump,jump_prob,ve,dim
0,5.60803162690396,4.663902414573467,163,0.01,0.3,0.5,0.0025,2
