,L2,L2_true,N,std,jump,jump_prob,ve,dim
0,3.4223396746381276,0.04457191302362929,2275,0.01,0.3,0.5,0.01,1
