,L2,L2_true,N,std,jump,jump_prob,ve,dim
0,3.4852347644055355,0.7326899879056686,439,0.01,0.3,0.5,0.01,2
