,L2,L2_true,N,std,jump,jump_prob,ve,dim
0,3.8846343411105444,2.4956039673892407,13,0.01,0.3,0.5,0.001,1
