,L2,L2_true,N,std,jump,jump_prob,ve,dim
0,0.5630432640574711,0.5153922230393484,439,0.05,0.3,0.5,0.001,1
