,L2,L2_true,N,std,jump,jump_prob,ve,dim
0,3.4901173750067085,0.6854421322470597,26,0.01,0.3,0.5,0.01,1
