,L2,L2_true,N,std,jump,jump_prob,ve,dim
0,3.6106334966959976,1.803216564154085,1,0.01,0.3,0.5,0.001,1
