,L2,L2_true,N,std,jump,jump_prob,ve,dim
0,8.29044637059298,7.596263610732752,84,0.01,0.3,0.5,0.0025,3
