,L2,L2_true,N,std,jump,jump_prob,ve,dim
0,4.006555396511345,2.5086622341092144,5,0.01,0.3,0.5,0.001,1
