,L2,L2_true,N,std,jump,jump_prob,ve,dim
0,0.4307907234774792,0.3512466537393576,1000,0.05,0.3,0.5,0.001,1
