,L2,L2_true,N,std,jump,jump_prob,ve,dim
0,4.1447742133920595,2.2391580144611853,19,0.01,0.3,0.5,0.01,2
