,L2,L2_true,N,std,jump,jump_prob,ve,dim
0,3.441069062010904,0.3997115717947812,1389,0.01,0.3,0.5,0.01,2
