,L2,L2_true,N,std,jump,jump_prob,ve,dim
0,3.845758188287835,1.8544426102447757,2,0.01,0.3,0.5,0.0025,1
