,L2,L2_true,N,std,jump,jump_prob,ve,dim
0,0.7685948173501893,0.7400658922856369,193,0.05,0.3,0.5,0.001,1
