,L2,L2_true,N,std,jump,jump_prob,ve,dim
0,5.216698292233622,4.214382668002716,268,0.01,0.3,0.5,0.0025,2
