,L2,L2_true,N,std,jump,jump_prob,ve,dim
0,0.8869374917584901,0.8515533191258684,193,0.05,0.3,0.5,0.001,1
