,L2,L2_true,N,std,jump,jump_prob,ve,dim
0,3.608959947202124,0.7445549590152732,1,0.01,0.3,0.5,0.01,1
