,L2,L2_true,N,std,jump,jump_prob,ve,dim
0,1.9236227559967858,1.8578242127544928,11,0.05,0.3,0.5,0.001,1
