,L2,L2_true,N,std,jump,jump_prob,ve,dim
0,5.754228317796055,4.839185895731265,163,0.01,0.3,0.5,0.0025,2
