,L2,L2_true,N,std,jump,jump_prob,ve,dim
0,3.624856042765902,1.3306540702117378,1,0.01,0.3,0.5,0.0025,1
