,L2,L2_true,N,std,jump,jump_prob,ve,dim
0,9.017744862364573,8.525036886950703,163,0.01,0.3,0.5,0.001,2
