,L2,L2_true,N,std,jump,jump_prob,ve,dim
0,5.579311992683291,4.341684729695822,71,0.01,0.3,0.5,0.01,3
