,L2,L2_true,N,std,jump,jump_prob,ve,dim
0,23.30177953804541,23.120505191547593,1389,0.01,0.3,0.5,0.001,3
