,L2,L2_true,N,std,jump,jump_prob,ve,dim
0,3.8839504327758974,2.3851364798814476,8,0.01,0.3,0.5,0.001,1
