,L2,L2_true,N,std,jump,jump_prob,ve,dim
0,5.4041040392437925,4.279852674507076,31,0.01,0.3,0.5,0.0025,2
