,L2,L2_true,N,std,jump,jump_prob,ve,dim
0,22.84724420004801,22.654629122257656,1178,0.01,0.3,0.5,0.001,3
