,L2,L2_true,N,std,jump,jump_prob,ve,dim
0,0.61490086985089,0.5292871687686982,439,0.05,0.3,0.5,0.001,1
