,L2,L2_true,N,std,jump,jump_prob,ve,dim
0,3.0387796055055496,0.30358668729795246,372,0.01,0.3,0.5,0.0025,1
