,L2,L2_true,N,std,jump,jump_prob,ve,dim
0,0.7254335969899597,0.6828693432867494,268,0.05,0.3,0.5,0.001,1
