,L2,L2_true,N,std,jump,jump_prob,ve,dim
0,3.4736191237824245,1.4434980055395206,22,0.01,0.3,0.5,0.0025,1
