,L2,L2_true,N,std,jump,jump_prob,ve,dim
0,2.0294291483175817,2.0058461757253454,31,0.05,0.3,0.5,0.001,1
