,L2,L2_true,N,std,jump,jump_prob,ve,dim
0,3.452540406238248,0.5125708555989931,26,0.01,0.3,0.5,0.01,1
