,L2,L2_true,N,std,jump,jump_prob,ve,dim
0,2.714642233047014,0.7532510952102293,163,0.01,0.3,0.5,0.001,1
