,L2,L2_true,N,std,jump,jump_prob,ve,dim
0,7.598899338127926,6.921954798988748,51,0.01,0.3,0.5,0.001,3
