,L2,L2_true,N,std,jump,jump_prob,ve,dim
0,3.752942623478985,1.2912852330895401,3,0.01,0.3,0.5,0.01,2
