,L2,L2_true,N,std,jump,jump_prob,ve,dim
0,0.24004750297342128,0.23975681643044677,2275,0.2,0.3,0.5,0.001,1
