,L2,L2_true,N,std,jump,jump_prob,ve,dim
0,1.9011731547771542,1.7885720546474695,4,0.05,0.3,0.5,0.001,1
