,L2,L2_true,N,std,jump,jump_prob,ve,dim
0,8.203273574884749,7.586395426823878,61,0.01,0.3,0.5,0.001,3
