,L2,L2_true,N,std,jump,jump_prob,ve,dim
0,1.599765149850524,1.5985409932182117,117,0.2,0.3,0.5,0.001,1
