,L2,L2_true,N,std,jump,jump_prob,ve,dim
0,3.309956457828413,1.2965542309373517,2275,0.01,0.3,0.5,0.0025,2
