,L2,L2_true,N,std,jump,jump_prob,ve,dim
0,3.6063658396269367,1.8020293108375627,19,0.01,0.3,0.5,0.0025,1
