,L2,L2_true,N,std,jump,jump_prob,ve,dim
0,4.171244937356354,2.3578095513201465,719,0.01,0.3,0.5,0.01,3
