,L2,L2_true,N,std,jump,jump_prob,ve,dim
0,6.874336962685379,6.0032075275591605,43,0.01,0.3,0.5,0.0025,3
