,L2,L2_true,N,std,jump,jump_prob,ve,dim
0,0.6525996127965947,0.652700099541973,316,0.2,0.3,0.5,0.001,1
