,L2,L2_true,N,std,jump,jump_prob,ve,dim
0,12.672087658306374,12.290923203019766,193,0.01,0.3,0.5,0.001,3
