,L2,L2_true,N,std,jump,jump_prob,ve,dim
0,3.9528257522362855,2.764475939138736,26,0.01,0.3,0.5,0.001,1
