,L2,L2_true,N,std,jump,jump_prob,ve,dim
0,2.0265278301609086,1.916979917691477,4,0.05,0.3,0.5,0.001,1
