,L2,L2_true,N,std,jump,jump_prob,ve,dim
0,3.662753436621995,1.3234023564243946,138,0.01,0.3,0.5,0.01,2
