,L2,L2_true,N,std,jump,jump_prob,ve,dim
0,3.9869717230183346,2.0216783093343857,1000,0.01,0.3,0.5,0.01,3
