,L2,L2_true,N,std,jump,jump_prob,ve,dim
0,5.780995830137207,4.812102398133092,84,0.01,0.3,0.5,0.0025,2
