,L2,L2_true,N,std,jump,jump_prob,ve,dim
0,11.111490096225724,10.66814183882224,138,0.01,0.3,0.5,0.001,3
