,L2,L2_true,N,std,jump,jump_prob,ve,dim
0,12.058463032181796,11.650008861026675,163,0.01,0.3,0.5,0.001,3
