,L2,L2_true,N,std,jump,jump_prob,ve,dim
0,3.8241525180688662,1.4413440528801464,3,0.01,0.3,0.5,0.01,3
