,L2,L2_true,N,std,jump,jump_prob,ve,dim
0,6.749619879874043,6.190142614366804,719,0.01,0.3,0.5,0.001,2
