,L2,L2_true,N,std,jump,jump_prob,ve,dim
0,11.642145887092207,11.227577520075661,1637,0.01,0.3,0.5,0.0025,3
