,L2,L2_true,N,std,jump,jump_prob,ve,dim
0,4.143147421502717,2.1662192686732773,7,0.01,0.3,0.5,0.01,3
