,L2,L2_true,N,std,jump,jump_prob,ve,dim
0,9.859993058804745,9.353299541341109,100,0.01,0.3,0.5,0.001,3
