,L2,L2_true,N,std,jump,jump_prob,ve,dim
0,3.6000760876814217,1.9386709589365665,1178,0.01,0.3,0.5,0.0025,2
