,L2,L2_true,N,std,jump,jump_prob,ve,dim
0,5.177620892131345,3.8100261965717053,37,0.01,0.3,0.5,0.01,3
