,L2,L2_true,N,std,jump,jump_prob,ve,dim
0,1.9972112477641948,1.9832716288190737,31,0.05,0.3,0.5,0.001,1
