,L2,L2_true,N,std,jump,jump_prob,ve,dim
0,0.4075471865081335,0.4071566805428214,848,0.2,0.3,0.5,0.001,1
