,L2,L2_true,N,std,jump,jump_prob,ve,dim
0,8.541251925412745,8.024959772992649,193,0.01,0.3,0.5,0.001,2
