,L2,L2_true,N,std,jump,jump_prob,ve,dim
0,2.5186119291001106,2.5180018660025185,10,0.2,0.3,0.5,0.001,1
