,L2,L2_true,N,std,jump,jump_prob,ve,dim
0,6.821178089224788,5.9479818120300845,43,0.01,0.3,0.5,0.0025,3
