,L2,L2_true,N,std,jump,jump_prob,ve,dim
0,3.628430269852586,0.7451355166176221,1,0.01,0.3,0.5,0.01,1
