,L2,L2_true,N,std,jump,jump_prob,ve,dim
0,3.4321972660581066,0.31855846218297684,71,0.01,0.3,0.5,0.01,1
