,L2,L2_true,N,std,jump,jump_prob,ve,dim
0,3.7305293018809893,2.332836120598833,22,0.01,0.3,0.5,0.001,1
