,L2,L2_true,N,std,jump,jump_prob,ve,dim
0,3.031817599600523,0.14211731382354842,2275,0.01,0.3,0.5,0.0025,1
