,L2,L2_true,N,std,jump,jump_prob,ve,dim
0,1.4071173118664617,1.2522890784669944,2,0.05,0.3,0.5,0.001,1
