,L2,L2_true,N,std,jump,jump_prob,ve,dim
0,0.35028060256745314,0.3506096064544853,1000,0.2,0.3,0.5,0.001,1
