,L2,L2_true,N,std,jump,jump_prob,ve,dim
0,3.040218950029259,0.17124681842361056,848,0.01,0.3,0.5,0.0025,1
