,L2,L2_true,N,std,jump,jump_prob,ve,dim
0,9.625923866540539,9.117238182413544,3000,0.01,0.3,0.5,0.0025,3
