,L2,L2_true,N,std,jump,jump_prob,ve,dim
0,3.6161361324005776,1.32925752744625,1,0.01,0.3,0.5,0.0025,1
