,L2,L2_true,N,std,jump,jump_prob,ve,dim
0,4.255218053350567,2.94481531063567,517,0.01,0.3,0.5,0.0025,2
