,L2,L2_true,N,std,jump,jump_prob,ve,dim
0,6.927413654410052,6.384338967123469,719,0.01,0.3,0.5,0.001,2
