,L2,L2_true,N,std,jump,jump_prob,ve,dim
0,3.6489695983165733,1.8831135067477427,2,0.01,0.3,0.5,0.001,1
