,L2,L2_true,N,std,jump,jump_prob,ve,dim
0,4.077405695593681,2.6001411548584175,5,0.01,0.3,0.5,0.001,2
