,L2,L2_true,N,std,jump,jump_prob,ve,dim
0,3.7218226120133404,1.5902571550918863,3,0.01,0.3,0.5,0.0025,1
