,L2,L2_true,N,std,jump,jump_prob,ve,dim
0,3.331179238565022,3.265132739976655,11,0.05,0.3,0.5,0.001,1
