,L2,L2_true,N,std,jump,jump_prob,ve,dim
0,4.183708369385994,2.648631886227851,13,0.01,0.3,0.5,0.0025,1
