,L2,L2_true,N,std,jump,jump_prob,ve,dim
0,3.3599192059847205,2.0212187237899615,51,0.01,0.3,0.5,0.001,1
