,L2,L2_true,N,std,jump,jump_prob,ve,dim
0,3.6968454767065655,1.5404336343696137,3,0.01,0.3,0.5,0.0025,1
