,L2,L2_true,N,std,jump,jump_prob,ve,dim
0,8.080577794926603,7.577198925508569,372,0.01,0.3,0.5,0.001,2
