,L2,L2_true,N,std,jump,jump_prob,ve,dim
0,2.1848643895378883,2.089266939036073,8,0.05,0.3,0.5,0.001,1
