,L2,L2_true,N,std,jump,jump_prob,ve,dim
0,2.625425956122025,0.2609866737002674,1178,0.01,0.3,0.5,0.001,1
