,L2,L2_true,N,std,jump,jump_prob,ve,dim
0,3.578932097450694,1.0434479739065299,227,0.01,0.3,0.5,0.01,2
