,L2,L2_true,N,std,jump,jump_prob,ve,dim
0,3.4441869885962753,0.44290104014079446,1000,0.01,0.3,0.5,0.01,2
