,L2,L2_true,N,std,jump,jump_prob,ve,dim
0,2.645090877681555,0.45933665024383397,517,0.01,0.3,0.5,0.001,1
