,L2,L2_true,N,std,jump,jump_prob,ve,dim
0,1.349791567697721,1.1784554957139193,1,0.05,0.3,0.5,0.001,1
