,L2,L2_true,N,std,jump,jump_prob,ve,dim
0,3.764905421450959,1.6731915850582488,3,0.01,0.3,0.5,0.0025,2
