,L2,L2_true,N,std,jump,jump_prob,ve,dim
0,3.847984653735423,2.502615756568621,16,0.01,0.3,0.5,0.001,1
