,L2,L2_true,N,std,jump,jump_prob,ve,dim
0,5.349723758807396,4.097052072716224,193,0.01,0.3,0.5,0.01,3
