,L2,L2_true,N,std,jump,jump_prob,ve,dim
0,3.457648546209195,0.548993794763509,16,0.01,0.3,0.5,0.01,1
