,L2,L2_true,N,std,jump,jump_prob,ve,dim
0,3.4367549105865156,0.3968396608262275,31,0.01,0.3,0.5,0.01,1
