,L2,L2_true,N,std,jump,jump_prob,ve,dim
0,3.8010102200363964,2.305486573933259,43,0.01,0.3,0.5,0.0025,1
