,L2,L2_true,N,std,jump,jump_prob,ve,dim
0,9.755785673936833,9.269319916580583,3000,0.01,0.3,0.5,0.0025,3
