,L2,L2_true,N,std,jump,jump_prob,ve,dim
0,5.296261232828482,4.309885547752444,268,0.01,0.3,0.5,0.0025,2
