,L2,L2_true,N,std,jump,jump_prob,ve,dim
0,4.003010328807282,2.0258843144296454,51,0.01,0.3,0.5,0.01,2
