,L2,L2_true,N,std,jump,jump_prob,ve,dim
0,6.408877455825396,5.615306099127712,37,0.01,0.3,0.5,0.001,2
