,L2,L2_true,N,std,jump,jump_prob,ve,dim
0,3.2825960922933364,1.3047422501381163,51,0.01,0.3,0.5,0.0025,1
