,L2,L2_true,N,std,jump,jump_prob,ve,dim
0,3.040042508563618,0.23578514473622741,610,0.01,0.3,0.5,0.0025,1
