,L2,L2_true,N,std,jump,jump_prob,ve,dim
0,5.587296858142194,4.9116039777386575,1178,0.01,0.3,0.5,0.001,2
