,L2,L2_true,N,std,jump,jump_prob,ve,dim
0,3.5868258727994253,1.092432837349765,193,0.01,0.3,0.5,0.01,2
