,L2,L2_true,N,std,jump,jump_prob,ve,dim
0,4.413258175412907,3.103226605000558,8,0.01,0.3,0.5,0.001,3
