,L2,L2_true,N,std,jump,jump_prob,ve,dim
0,2.9049307984110455,1.2099177485519288,100,0.01,0.3,0.5,0.001,1
