,L2,L2_true,N,std,jump,jump_prob,ve,dim
0,4.915438098699548,3.527112567282994,268,0.01,0.3,0.5,0.01,3
