,L2,L2_true,N,std,jump,jump_prob,ve,dim
0,5.2940836097574655,3.9766618906910045,43,0.01,0.3,0.5,0.01,3
