,L2,L2_true,N,std,jump,jump_prob,ve,dim
0,2.258716150242475,2.260060500128707,7,0.2,0.3,0.5,0.001,1
