,L2,L2_true,N,std,jump,jump_prob,ve,dim
0,16.14244994016704,15.8439652363157,372,0.01,0.3,0.5,0.001,3
