,L2,L2_true,N,std,jump,jump_prob,ve,dim
0,5.442414589815367,4.457808018835617,193,0.01,0.3,0.5,0.0025,2
