,L2,L2_true,N,std,jump,jump_prob,ve,dim
0,3.631820344114501,1.806461343389998,1,0.01,0.3,0.5,0.001,1
