,L2,L2_true,N,std,jump,jump_prob,ve,dim
0,12.682574839359571,12.274249838779136,719,0.01,0.3,0.5,0.0025,3
