,L2,L2_true,N,std,jump,jump_prob,ve,dim
0,5.609970547847691,4.6550725812147915,163,0.01,0.3,0.5,0.0025,2
