,L2,L2_true,N,std,jump,jump_prob,ve,dim
0,3.134809712892867,0.7889465887576959,84,0.01,0.3,0.5,0.0025,1
