,L2,L2_true,N,std,jump,jump_prob,ve,dim
0,2.466263265047217,2.4271304470620407,11,0.05,0.3,0.5,0.001,1
