,L2,L2_true,N,std,jump,jump_prob,ve,dim
0,0.23705417385100278,0.23705808739258435,2682,0.2,0.3,0.5,0.001,1
