,L2,L2_true,N,std,jump,jump_prob,ve,dim
0,18.344597424121936,18.09416632397755,517,0.01,0.3,0.5,0.001,3
