,L2,L2_true,N,std,jump,jump_prob,ve,dim
0,2.62195745758303,0.21577164072928234,1637,0.01,0.3,0.5,0.001,1
