,L2,L2_true,N,std,jump,jump_prob,ve,dim
0,0.3185260718104846,0.19069167169825127,3162,0.05,0.3,0.5,0.001,1
