,L2,L2_true,N,std,jump,jump_prob,ve,dim
0,3.620103161948922,1.3289358195175738,1,0.01,0.3,0.5,0.0025,1
