,L2,L2_true,N,std,jump,jump_prob,ve,dim
0,2.1825233994624185,2.182984938823238,19,0.2,0.3,0.5,0.001,1
