,L2,L2_true,N,std,jump,jump_prob,ve,dim
0,21.4146797928059,21.210345059882737,1000,0.01,0.3,0.5,0.001,3
