,L2,L2_true,N,std,jump,jump_prob,ve,dim
0,3.959469856781211,2.5251595067313257,10,0.01,0.3,0.5,0.001,1
