,L2,L2_true,N,std,jump,jump_prob,ve,dim
0,2.640046963117712,0.41244259796425886,517,0.01,0.3,0.5,0.001,1
