,L2,L2_true,N,std,jump,jump_prob,ve,dim
0,12.305172297557165,11.910784573205053,1389,0.01,0.3,0.5,0.0025,3
