,L2,L2_true,N,std,jump,jump_prob,ve,dim
0,17.72412136637743,17.45932955687138,517,0.01,0.3,0.5,0.001,3
