,L2,L2_true,N,std,jump,jump_prob,ve,dim
0,3.8460235553320867,2.0378925680882833,11,0.01,0.3,0.5,0.0025,1
