,L2,L2_true,N,std,jump,jump_prob,ve,dim
0,3.4749148258812435,0.592918291068478,51,0.01,0.3,0.5,0.01,1
