,L2,L2_true,N,std,jump,jump_prob,ve,dim
0,5.591631702501092,4.380785195415712,84,0.01,0.3,0.5,0.01,3
