,L2,L2_true,N,std,jump,jump_prob,ve,dim
0,8.417085939550544,7.726439939895571,84,0.01,0.3,0.5,0.0025,3
