,L2,L2_true,N,std,jump,jump_prob,ve,dim
0,4.1091915119136555,2.129026846174075,10,0.01,0.3,0.5,0.01,2
