,L2,L2_true,N,std,jump,jump_prob,ve,dim
0,6.756561342334959,5.868669268368391,43,0.01,0.3,0.5,0.0025,3
