,L2,L2_true,N,std,jump,jump_prob,ve,dim
0,5.650669008644583,4.708046103496567,26,0.01,0.3,0.5,0.001,2
