,L2,L2_true,N,std,jump,jump_prob,ve,dim
0,3.644075986121355,1.3898764194033193,2,0.01,0.3,0.5,0.0025,1
