,L2,L2_true,N,std,jump,jump_prob,ve,dim
0,3.4385188047153488,0.3182595536993345,1930,0.01,0.3,0.5,0.01,2
