,L2,L2_true,N,std,jump,jump_prob,ve,dim
0,3.985951634727262,2.4495321771602603,4,0.01,0.3,0.5,0.001,3
