,L2,L2_true,N,std,jump,jump_prob,ve,dim
0,3.5413090596213728,0.9259148224700966,268,0.01,0.3,0.5,0.01,2
