,L2,L2_true,N,std,jump,jump_prob,ve,dim
0,3.0393508692226887,0.25479055343109275,316,0.01,0.3,0.5,0.0025,1
