,L2,L2_true,N,std,jump,jump_prob,ve,dim
0,1.9368584939945157,1.9383220581673049,7,0.2,0.3,0.5,0.001,1
