,L2,L2_true,N,std,jump,jump_prob,ve,dim
0,8.713565440924015,8.058689740803635,100,0.01,0.3,0.5,0.0025,3
