,L2,L2_true,N,std,jump,jump_prob,ve,dim
0,3.639394904657297,0.9622254434784742,4,0.01,0.3,0.5,0.01,1
