,L2,L2_true,N,std,jump,jump_prob,ve,dim
0,3.7595109049803925,1.6808822102858603,2,0.01,0.3,0.5,0.0025,3
