,L2,L2_true,N,std,jump,jump_prob,ve,dim
0,3.820143521526052,1.719799038754221,1389,0.01,0.3,0.5,0.01,3
