,L2,L2_true,N,std,jump,jump_prob,ve,dim
0,3.824123441232037,1.7031775938412155,84,0.01,0.3,0.5,0.01,2
