,L2,L2_true,N,std,jump,jump_prob,ve,dim
0,5.625245870693579,4.680590195313654,193,0.01,0.3,0.5,0.0025,2
