,L2,L2_true,N,std,jump,jump_prob,ve,dim
0,0.24315722063242576,0.2431415157466173,2275,0.2,0.3,0.5,0.001,1
