,L2,L2_true,N,std,jump,jump_prob,ve,dim
0,3.426428241497128,0.30465730536357777,2275,0.01,0.3,0.5,0.01,2
