,L2,L2_true,N,std,jump,jump_prob,ve,dim
0,2.6269737837229945,0.271668218528948,1000,0.01,0.3,0.5,0.001,1
