,L2,L2_true,N,std,jump,jump_prob,ve,dim
0,3.832507834690717,1.7292726291079554,1389,0.01,0.3,0.5,0.01,3
