,L2,L2_true,N,std,jump,jump_prob,ve,dim
0,2.036176817971808,1.9293499482072771,5,0.05,0.3,0.5,0.001,1
