,L2,L2_true,N,std,jump,jump_prob,ve,dim
0,3.8708978313243936,1.7854166161353489,84,0.01,0.3,0.5,0.01,2
