,L2,L2_true,N,std,jump,jump_prob,ve,dim
0,3.785238048854528,1.807763177684574,4,0.01,0.3,0.5,0.0025,1
