,L2,L2_true,N,std,jump,jump_prob,ve,dim
0,1.346185626142993,1.3458990840090201,100,0.2,0.3,0.5,0.001,1
