,L2,L2_true,N,std,jump,jump_prob,ve,dim
0,3.3846170624725858,1.4640402555633454,37,0.01,0.3,0.5,0.0025,1
