,L2,L2_true,N,std,jump,jump_prob,ve,dim
0,1.8695464879192984,1.8691908877983592,37,0.2,0.3,0.5,0.001,1
