,L2,L2_true,N,std,jump,jump_prob,ve,dim
0,8.359004791963889,7.80520948070798,138,0.01,0.3,0.5,0.001,2
