,L2,L2_true,N,std,jump,jump_prob,ve,dim
0,5.484572476598799,4.507017100452055,22,0.01,0.3,0.5,0.001,2
