,L2,L2_true,N,std,jump,jump_prob,ve,dim
0,3.80502675980789,1.7890170813075372,5,0.01,0.3,0.5,0.0025,1
