,L2,L2_true,N,std,jump,jump_prob,ve,dim
0,0.3042807678040701,0.16915695150956045,3162,0.05,0.3,0.5,0.001,1
