,L2,L2_true,N,std,jump,jump_prob,ve,dim
0,3.7788512931299105,1.7267328534664323,3,0.01,0.3,0.5,0.0025,1
