,L2,L2_true,N,std,jump,jump_prob,ve,dim
0,3.4075841222154137,0.07013752630449349,1178,0.01,0.3,0.5,0.01,1
