,L2,L2_true,N,std,jump,jump_prob,ve,dim
0,4.822931736812194,3.298272447419299,19,0.01,0.3,0.5,0.01,3
