,L2,L2_true,N,std,jump,jump_prob,ve,dim
0,11.887799297675858,11.437879835437458,372,0.01,0.3,0.5,0.0025,3
