,L2,L2_true,N,std,jump,jump_prob,ve,dim
0,3.8293977031615736,1.4125345216511342,2,0.01,0.3,0.5,0.01,1
