,L2,L2_true,N,std,jump,jump_prob,ve,dim
0,4.935079661796859,3.865131278955823,316,0.01,0.3,0.5,0.0025,2
