,L2,L2_true,N,std,jump,jump_prob,ve,dim
0,3.93671874484081,1.7656287608985874,6,0.01,0.3,0.5,0.01,2
