,L2,L2_true,N,std,jump,jump_prob,ve,dim
0,0.3130642324198959,0.19645054100993198,3162,0.05,0.3,0.5,0.001,1
