,L2,L2_true,N,std,jump,jump_prob,ve,dim
0,3.0391101130489733,0.23401513815888453,316,0.01,0.3,0.5,0.0025,1
