,L2,L2_true,N,std,jump,jump_prob,ve,dim
0,3.4296902407228127,0.1081344289913679,193,0.01,0.3,0.5,0.01,1
