,L2,L2_true,N,std,jump,jump_prob,ve,dim
0,5.019194219216259,3.9164139769090216,16,0.01,0.3,0.5,0.001,2
