,L2,L2_true,N,std,jump,jump_prob,ve,dim
0,20.08312037353431,19.855977958600675,848,0.01,0.3,0.5,0.001,3
