,L2,L2_true,N,std,jump,jump_prob,ve,dim
0,7.95798435551248,7.229535046633923,71,0.01,0.3,0.5,0.0025,3
