,L2,L2_true,N,std,jump,jump_prob,ve,dim
0,5.618327616223676,4.661294700050696,22,0.01,0.3,0.5,0.001,3
