,L2,L2_true,N,std,jump,jump_prob,ve,dim
0,3.8281216106906575,2.318819806882862,10,0.01,0.3,0.5,0.001,1
