,L2,L2_true,N,std,jump,jump_prob,ve,dim
0,5.360795750750479,4.044328729331606,71,0.01,0.3,0.5,0.01,3
