,L2,L2_true,N,std,jump,jump_prob,ve,dim
0,0.8077799860682734,0.7979443944601031,227,0.05,0.3,0.5,0.001,1
