,L2,L2_true,N,std,jump,jump_prob,ve,dim
0,3.883014877140793,1.6308990135101953,4,0.01,0.3,0.5,0.01,3
