,L2,L2_true,N,std,jump,jump_prob,ve,dim
0,0.5126765597959049,0.45997576377542154,610,0.05,0.3,0.5,0.001,1
