,L2,L2_true,N,std,jump,jump_prob,ve,dim
0,2.6189094824201846,0.26293732739461456,1000,0.01,0.3,0.5,0.001,1
