,L2,L2_true,N,std,jump,jump_prob,ve,dim
0,7.259894922721924,6.713648919770493,610,0.01,0.3,0.5,0.001,2
