,L2,L2_true,N,std,jump,jump_prob,ve,dim
0,3.442152608563447,0.48619257609380784,848,0.01,0.3,0.5,0.01,2
