,L2,L2_true,N,std,jump,jump_prob,ve,dim
0,10.49592713417625,10.024916757530537,117,0.01,0.3,0.5,0.001,3
