,L2,L2_true,N,std,jump,jump_prob,ve,dim
0,12.211299191417252,11.800702676945189,1000,0.01,0.3,0.5,0.0025,3
