,L2,L2_true,N,std,jump,jump_prob,ve,dim
0,4.541662288460203,3.279989631673994,11,0.01,0.3,0.5,0.001,2
