,L2,L2_true,N,std,jump,jump_prob,ve,dim
0,1.795466688743533,1.7948466558102703,6,0.2,0.3,0.5,0.001,1
