,L2,L2_true,N,std,jump,jump_prob,ve,dim
0,7.814678568758764,7.3091018118704945,439,0.01,0.3,0.5,0.001,2
