,L2,L2_true,N,std,jump,jump_prob,ve,dim
0,1.1803883380560478,1.1795112966692478,3,0.2,0.3,0.5,0.001,1
