,L2,L2_true,N,std,jump,jump_prob,ve,dim
0,3.0354308341744742,0.09018331708346676,1930,0.01,0.3,0.5,0.0025,1
