,L2,L2_true,N,std,jump,jump_prob,ve,dim
0,4.294287196753889,2.9316019385520726,7,0.01,0.3,0.5,0.001,3
