,L2,L2_true,N,std,jump,jump_prob,ve,dim
0,2.625243099032206,0.31885580026094945,1178,0.01,0.3,0.5,0.001,1
