,L2,L2_true,N,std,jump,jump_prob,ve,dim
0,5.245334261486472,3.946586040290585,193,0.01,0.3,0.5,0.01,3
