,L2,L2_true,N,std,jump,jump_prob,ve,dim
0,3.8456906465486402,1.8657895819835084,2,0.01,0.3,0.5,0.0025,1
