,L2,L2_true,N,std,jump,jump_prob,ve,dim
0,3.7066007404734123,1.996796695474354,3,0.01,0.3,0.5,0.001,1
