,L2,L2_true,N,std,jump,jump_prob,ve,dim
0,3.7079248151884987,1.425978537779924,1930,0.01,0.3,0.5,0.01,3
