,L2,L2_true,N,std,jump,jump_prob,ve,dim
0,3.4104907192216944,0.04528931873737319,1637,0.01,0.3,0.5,0.01,1
