,L2,L2_true,N,std,jump,jump_prob,ve,dim
0,2.645080778163319,0.44575229591514576,610,0.01,0.3,0.5,0.001,1
