,L2,L2_true,N,std,jump,jump_prob,ve,dim
0,0.6619883858118935,0.6296484270267719,316,0.05,0.3,0.5,0.001,1
