,L2,L2_true,N,std,jump,jump_prob,ve,dim
0,5.037935976157567,3.7827702772282903,22,0.01,0.3,0.5,0.0025,2
