,L2,L2_true,N,std,jump,jump_prob,ve,dim
0,5.393512344342601,4.1408726930343365,163,0.01,0.3,0.5,0.01,3
