,L2,L2_true,N,std,jump,jump_prob,ve,dim
0,11.029171595208329,10.580269939103838,138,0.01,0.3,0.5,0.001,3
