,L2,L2_true,N,std,jump,jump_prob,ve,dim
0,3.4146072903609763,0.15120328112061635,163,0.01,0.3,0.5,0.01,1
