,L2,L2_true,N,std,jump,jump_prob,ve,dim
0,5.955059599942531,5.052333537294689,117,0.01,0.3,0.5,0.0025,2
