,L2,L2_true,N,std,jump,jump_prob,ve,dim
0,3.7092645884467563,1.1070086017191982,2,0.01,0.3,0.5,0.01,2
