,L2,L2_true,N,std,jump,jump_prob,ve,dim
0,4.771342667288231,3.2198701816331705,19,0.01,0.3,0.5,0.01,3
