,L2,L2_true,N,std,jump,jump_prob,ve,dim
0,22.084003994945043,21.87855177186956,1000,0.01,0.3,0.5,0.001,3
