,L2,L2_true,N,std,jump,jump_prob,ve,dim
0,11.03955157593216,10.547471714567694,227,0.01,0.3,0.5,0.0025,3
