,L2,L2_true,N,std,jump,jump_prob,ve,dim
0,3.901156680580139,1.8484166914757387,84,0.01,0.3,0.5,0.01,2
