,L2,L2_true,N,std,jump,jump_prob,ve,dim
0,4.3528169150825455,3.4612770583873576,2275,0.01,0.3,0.5,0.001,2
