,L2,L2_true,N,std,jump,jump_prob,ve,dim
0,3.416092047624626,0.15624189208068273,268,0.01,0.3,0.5,0.01,1
