,L2,L2_true,N,std,jump,jump_prob,ve,dim
0,6.30553180459451,5.473144078087613,31,0.01,0.3,0.5,0.001,3
