,L2,L2_true,N,std,jump,jump_prob,ve,dim
0,4.667976924152022,3.0623419137118955,19,0.01,0.3,0.5,0.01,3
