,L2,L2_true,N,std,jump,jump_prob,ve,dim
0,3.4502129819877405,0.4592371598833547,1000,0.01,0.3,0.5,0.01,2
