,L2,L2_true,N,std,jump,jump_prob,ve,dim
0,0.3325700933730645,0.20096872895906145,2682,0.05,0.3,0.5,0.001,1
