,L2,L2_true,N,std,jump,jump_prob,ve,dim
0,3.213101356332698,1.0728085451414677,51,0.01,0.3,0.5,0.0025,1
