,L2,L2_true,N,std,jump,jump_prob,ve,dim
0,5.9763232169519265,5.0896890467697355,138,0.01,0.3,0.5,0.0025,2
