,L2,L2_true,N,std,jump,jump_prob,ve,dim
0,3.8523664632837407,2.4108247847165583,13,0.01,0.3,0.5,0.001,1
