,L2,L2_true,N,std,jump,jump_prob,ve,dim
0,1.1332220337107561,1.0686121919006388,117,0.05,0.3,0.5,0.001,1
