,L2,L2_true,N,std,jump,jump_prob,ve,dim
0,0.6722392212714311,0.6718947465427558,316,0.2,0.3,0.5,0.001,1
