,L2,L2_true,N,std,jump,jump_prob,ve,dim
0,0.3257644301144472,0.23515044784390438,1930,0.05,0.3,0.5,0.001,1
