,L2,L2_true,N,std,jump,jump_prob,ve,dim
0,2.0920326275877996,2.093279025625259,7,0.2,0.3,0.5,0.001,1
