,L2,L2_true,N,std,jump,jump_prob,ve,dim
0,4.323837585646459,2.59165337717797,37,0.01,0.3,0.5,0.01,2
