,L2,L2_true,N,std,jump,jump_prob,ve,dim
0,1.0468623061249926,1.0442224251142012,2,0.2,0.3,0.5,0.001,1
