,L2,L2_true,N,std,jump,jump_prob,ve,dim
0,6.017395836121501,5.065209805355368,61,0.01,0.3,0.5,0.0025,2
