,L2,L2_true,N,std,jump,jump_prob,ve,dim
0,6.144232800072977,5.143777044594993,31,0.01,0.3,0.5,0.0025,3
