,L2,L2_true,N,std,jump,jump_prob,ve,dim
0,3.9819451969781716,1.8507789798913215,6,0.01,0.3,0.5,0.01,2
