,L2,L2_true,N,std,jump,jump_prob,ve,dim
0,4.86259686274096,3.3549349346985777,22,0.01,0.3,0.5,0.01,3
