,L2,L2_true,N,std,jump,jump_prob,ve,dim
0,0.3781327677185412,0.3706913087778946,1,0.2,0.3,0.5,0.001,1
