,L2,L2_true,N,std,jump,jump_prob,ve,dim
0,2.8479537945088307,2.849257479466308,11,0.2,0.3,0.5,0.001,1
