,L2,L2_true,N,std,jump,jump_prob,ve,dim
0,3.0943354071575664,0.5623980557995711,138,0.01,0.3,0.5,0.0025,1
