,L2,L2_true,N,std,jump,jump_prob,ve,dim
0,4.948426922949941,3.5371464010447053,227,0.01,0.3,0.5,0.01,3
