,L2,L2_true,N,std,jump,jump_prob,ve,dim
0,3.979189129879583,2.2014923422339367,5,0.01,0.3,0.5,0.0025,1
