,L2,L2_true,N,std,jump,jump_prob,ve,dim
0,6.7659344264668375,6.016316134434618,51,0.01,0.3,0.5,0.001,2
