,L2,L2_true,N,std,jump,jump_prob,ve,dim
0,4.820259629621377,3.6773583359963005,13,0.01,0.3,0.5,0.001,3
