,L2,L2_true,N,std,jump,jump_prob,ve,dim
0,4.0947936674605065,2.0896120808229415,10,0.01,0.3,0.5,0.01,2
