,L2,L2_true,N,std,jump,jump_prob,ve,dim
0,18.475709118250162,18.221886668047123,517,0.01,0.3,0.5,0.001,3
