,L2,L2_true,N,std,jump,jump_prob,ve,dim
0,0.37767611652960736,0.3702421640423084,1,0.2,0.3,0.5,0.001,1
