,L2,L2_true,N,std,jump,jump_prob,ve,dim
0,0.9189653990879293,0.8669584567653457,138,0.05,0.3,0.5,0.001,1
