,L2,L2_true,N,std,jump,jump_prob,ve,dim
0,2.3214337419054627,2.2495069783168518,6,0.05,0.3,0.5,0.001,1
