,L2,L2_true,N,std,jump,jump_prob,ve,dim
0,0.4258356689667372,0.33194171787758375,1000,0.05,0.3,0.5,0.001,1
