,L2,L2_true,N,std,jump,jump_prob,ve,dim
0,3.906387298369423,2.3658358240392494,5,0.01,0.3,0.5,0.001,1
