,L2,L2_true,N,std,jump,jump_prob,ve,dim
0,3.044528176979829,0.3234887160565423,268,0.01,0.3,0.5,0.0025,1
