,L2,L2_true,N,std,jump,jump_prob,ve,dim
0,1.1600148623747366,1.1375624769258996,100,0.05,0.3,0.5,0.001,1
