,L2,L2_true,N,std,jump,jump_prob,ve,dim
0,5.88379083902558,4.939381627813088,100,0.01,0.3,0.5,0.0025,2
