,L2,L2_true,N,std,jump,jump_prob,ve,dim
0,4.271016237361777,2.9054027804163365,7,0.01,0.3,0.5,0.001,2
