,L2,L2_true,N,std,jump,jump_prob,ve,dim
0,3.4754111322571597,0.6200983599677543,517,0.01,0.3,0.5,0.01,2
