,L2,L2_true,N,std,jump,jump_prob,ve,dim
0,3.41243636614343,0.053040095936670334,1178,0.01,0.3,0.5,0.01,1
