,L2,L2_true,N,std,jump,jump_prob,ve,dim
0,3.1811736002520554,0.9685335373835464,61,0.01,0.3,0.5,0.0025,1
