,L2,L2_true,N,std,jump,jump_prob,ve,dim
0,0.605948528293329,0.6053365125182818,439,0.2,0.3,0.5,0.001,1
