,L2,L2_true,N,std,jump,jump_prob,ve,dim
0,7.1500459871725885,6.611703804912335,610,0.01,0.3,0.5,0.001,2
