,L2,L2_true,N,std,jump,jump_prob,ve,dim
0,3.635451456437751,0.9661895989889682,2,0.01,0.3,0.5,0.01,1
