,L2,L2_true,N,std,jump,jump_prob,ve,dim
0,12.627969394511686,12.219858693503332,517,0.01,0.3,0.5,0.0025,3
