,L2,L2_true,N,std,jump,jump_prob,ve,dim
0,2.031586237252304,1.9378811688017379,6,0.05,0.3,0.5,0.001,1
