,L2,L2_true,N,std,jump,jump_prob,ve,dim
0,3.407143314675237,0.11885449269311112,517,0.01,0.3,0.5,0.01,1
