,L2,L2_true,N,std,jump,jump_prob,ve,dim
0,3.586606828897912,0.7579659296684539,6,0.01,0.3,0.5,0.01,1
