,L2,L2_true,N,std,jump,jump_prob,ve,dim
0,2.6152548916692027,0.2228832095688359,1637,0.01,0.3,0.5,0.001,1
