,L2,L2_true,N,std,jump,jump_prob,ve,dim
0,3.429793591098606,0.2798131241446191,71,0.01,0.3,0.5,0.01,1
