,L2,L2_true,N,std,jump,jump_prob,ve,dim
0,5.200323879641768,4.141384053679094,16,0.01,0.3,0.5,0.001,2
