,L2,L2_true,N,std,jump,jump_prob,ve,dim
0,7.89041571932458,7.294542526219868,100,0.01,0.3,0.5,0.001,2
