,L2,L2_true,N,std,jump,jump_prob,ve,dim
0,3.6170729199239915,0.8633136142536411,2,0.01,0.3,0.5,0.01,1
