,L2,L2_true,N,std,jump,jump_prob,ve,dim
0,15.377833062481821,15.077529977019116,316,0.01,0.3,0.5,0.001,3
