,L2,L2_true,N,std,jump,jump_prob,ve,dim
0,0.24477567722178972,0.244715435426305,2275,0.2,0.3,0.5,0.001,1
