,L2,L2_true,N,std,jump,jump_prob,ve,dim
0,2.1282418445032674,2.0978581432842325,37,0.05,0.3,0.5,0.001,1
