,L2,L2_true,N,std,jump,jump_prob,ve,dim
0,4.128166430927709,2.7963640279885262,610,0.01,0.3,0.5,0.0025,2
