,L2,L2_true,N,std,jump,jump_prob,ve,dim
0,4.907734097049535,3.5641495829234704,13,0.01,0.3,0.5,0.0025,3
