,L2,L2_true,N,std,jump,jump_prob,ve,dim
0,6.335610129739686,5.369280845381568,37,0.01,0.3,0.5,0.0025,3
