,L2,L2_true,N,std,jump,jump_prob,ve,dim
0,3.8806362496486315,1.9316684654490444,3,0.01,0.3,0.5,0.0025,3
