,L2,L2_true,N,std,jump,jump_prob,ve,dim
0,4.023889150265203,2.5590174293634553,7,0.01,0.3,0.5,0.001,1
