,L2,L2_true,N,std,jump,jump_prob,ve,dim
0,4.671876017045374,3.045511267735536,16,0.01,0.3,0.5,0.01,3
