,L2,L2_true,N,std,jump,jump_prob,ve,dim
0,2.753543428359108,0.9016543252850182,117,0.01,0.3,0.5,0.001,1
