,L2,L2_true,N,std,jump,jump_prob,ve,dim
0,10.545624027692142,10.028668087504546,193,0.01,0.3,0.5,0.0025,3
