,L2,L2_true,N,std,jump,jump_prob,ve,dim
0,3.045623548181551,0.21277515282931125,848,0.01,0.3,0.5,0.0025,1
