,L2,L2_true,N,std,jump,jump_prob,ve,dim
0,3.6751422867799968,1.46010360253631,2,0.01,0.3,0.5,0.0025,2
