,L2,L2_true,N,std,jump,jump_prob,ve,dim
0,12.32704853467664,11.935660459932189,1389,0.01,0.3,0.5,0.0025,3
