,L2,L2_true,N,std,jump,jump_prob,ve,dim
0,3.335211215725983,1.418477727602871,43,0.01,0.3,0.5,0.0025,1
