,L2,L2_true,N,std,jump,jump_prob,ve,dim
0,3.741147978153844,1.449144858001512,117,0.01,0.3,0.5,0.01,2
