,L2,L2_true,N,std,jump,jump_prob,ve,dim
0,2.500516363435997,2.497291296556359,8,0.2,0.3,0.5,0.001,1
