,L2,L2_true,N,std,jump,jump_prob,ve,dim
0,5.880328571080343,4.9220446122385075,84,0.01,0.3,0.5,0.0025,2
