,L2,L2_true,N,std,jump,jump_prob,ve,dim
0,3.4245508324436056,0.06347511061136085,1178,0.01,0.3,0.5,0.01,1
