,L2,L2_true,N,std,jump,jump_prob,ve,dim
0,2.555830457875022,2.5319341357496565,19,0.05,0.3,0.5,0.001,1
