,L2,L2_true,N,std,jump,jump_prob,ve,dim
0,9.164191833657943,8.614000429288762,84,0.01,0.3,0.5,0.001,3
