,L2,L2_true,N,std,jump,jump_prob,ve,dim
0,4.627558199895525,3.1947194925686313,13,0.01,0.3,0.5,0.0025,2
