,L2,L2_true,N,std,jump,jump_prob,ve,dim
0,5.136745806317131,4.162415539757255,19,0.01,0.3,0.5,0.001,1
