,L2,L2_true,N,std,jump,jump_prob,ve,dim
0,0.5170575343155585,0.5183736702836302,610,0.2,0.3,0.5,0.001,1
