,L2,L2_true,N,std,jump,jump_prob,ve,dim
0,3.670239825779093,1.298503908172191,138,0.01,0.3,0.5,0.01,2
