,L2,L2_true,N,std,jump,jump_prob,ve,dim
0,4.763744611676919,3.2085228509196106,19,0.01,0.3,0.5,0.01,3
