,L2,L2_true,N,std,jump,jump_prob,ve,dim
0,4.411290701252002,2.8599962543104223,10,0.01,0.3,0.5,0.0025,2
