,L2,L2_true,N,std,jump,jump_prob,ve,dim
0,3.700132088659333,1.1604126727284652,4,0.01,0.3,0.5,0.01,1
