,L2,L2_true,N,std,jump,jump_prob,ve,dim
0,5.131709339125353,3.8762984269261103,16,0.01,0.3,0.5,0.0025,3
