,L2,L2_true,N,std,jump,jump_prob,ve,dim
0,12.056308936231979,11.656032565184326,1389,0.01,0.3,0.5,0.0025,3
