,L2,L2_true,N,std,jump,jump_prob,ve,dim
0,1.6542048440184556,1.5129107470715262,3,0.05,0.3,0.5,0.001,1
