,L2,L2_true,N,std,jump,jump_prob,ve,dim
0,3.503294109304976,0.7903685956847464,372,0.01,0.3,0.5,0.01,2
