,L2,L2_true,N,std,jump,jump_prob,ve,dim
0,3.818854816020562,2.2355838061121767,4,0.01,0.3,0.5,0.001,1
