,L2,L2_true,N,std,jump,jump_prob,ve,dim
0,3.7060251211946906,1.6087479769206279,3,0.01,0.3,0.5,0.0025,1
