,L2,L2_true,N,std,jump,jump_prob,ve,dim
0,3.4169498583111833,0.10496725991046493,610,0.01,0.3,0.5,0.01,1
