,L2,L2_true,N,std,jump,jump_prob,ve,dim
0,0.3234721374517689,0.1987735568419812,2682,0.05,0.3,0.5,0.001,1
