,L2,L2_true,N,std,jump,jump_prob,ve,dim
0,0.41485853845088105,0.4143121145153964,719,0.2,0.3,0.5,0.001,1
