,L2,L2_true,N,std,jump,jump_prob,ve,dim
0,3.756894257138515,1.558805660668906,1637,0.01,0.3,0.5,0.01,3
