,L2,L2_true,N,std,jump,jump_prob,ve,dim
0,3.4417058367420856,0.37739127456854543,51,0.01,0.3,0.5,0.01,1
