,L2,L2_true,N,std,jump,jump_prob,ve,dim
0,4.289913670585467,3.0058083581259645,517,0.01,0.3,0.5,0.0025,2
