,L2,L2_true,N,std,jump,jump_prob,ve,dim
0,16.18403409647016,15.884523105270599,372,0.01,0.3,0.5,0.001,3
