,L2,L2_true,N,std,jump,jump_prob,ve,dim
0,3.090708528807783,3.0737904406328402,16,0.05,0.3,0.5,0.001,1
