,L2,L2_true,N,std,jump,jump_prob,ve,dim
0,8.901504034892811,8.261728691258382,100,0.01,0.3,0.5,0.0025,3
