,L2,L2_true,N,std,jump,jump_prob,ve,dim
0,7.984803388273741,7.254989721151636,71,0.01,0.3,0.5,0.0025,3
