,L2,L2_true,N,std,jump,jump_prob,ve,dim
0,3.625280404979699,1.8052005846169463,1,0.01,0.3,0.5,0.001,1
