,L2,L2_true,N,std,jump,jump_prob,ve,dim
0,4.420711900309386,3.108891696536788,8,0.01,0.3,0.5,0.001,3
