,L2,L2_true,N,std,jump,jump_prob,ve,dim
0,4.758666246301485,3.643819232373193,372,0.01,0.3,0.5,0.0025,2
