,L2,L2_true,N,std,jump,jump_prob,ve,dim
0,3.0525945721217282,0.300386714923179,268,0.01,0.3,0.5,0.0025,1
