,L2,L2_true,N,std,jump,jump_prob,ve,dim
0,2.139602301367821,2.1393950899990837,7,0.2,0.3,0.5,0.001,1
