,L2,L2_true,N,std,jump,jump_prob,ve,dim
0,5.953138208715994,5.077115340645092,31,0.01,0.3,0.5,0.001,2
