,L2,L2_true,N,std,jump,jump_prob,ve,dim
0,8.881803752096712,8.410100508787014,268,0.01,0.3,0.5,0.001,2
