,L2,L2_true,N,std,jump,jump_prob,ve,dim
0,2.691756772706135,0.6486375431216858,227,0.01,0.3,0.5,0.001,1
