,L2,L2_true,N,std,jump,jump_prob,ve,dim
0,4.8334441642958375,3.3152164480588957,22,0.01,0.3,0.5,0.01,3
