,L2,L2_true,N,std,jump,jump_prob,ve,dim
0,3.63099139862512,1.3299160997161974,1,0.01,0.3,0.5,0.0025,3
