,L2,L2_true,N,std,jump,jump_prob,ve,dim
0,8.03364118083608,7.457137492113916,117,0.01,0.3,0.5,0.001,2
