,L2,L2_true,N,std,jump,jump_prob,ve,dim
0,3.679044485924282,1.1883026286326268,8,0.01,0.3,0.5,0.01,1
