,L2,L2_true,N,std,jump,jump_prob,ve,dim
0,5.482137682965545,4.220853424244372,51,0.01,0.3,0.5,0.01,3
