,L2,L2_true,N,std,jump,jump_prob,ve,dim
0,6.32758304297664,5.73574224067692,848,0.01,0.3,0.5,0.001,2
