,L2,L2_true,N,std,jump,jump_prob,ve,dim
0,6.667227677624668,5.750460082950027,43,0.01,0.3,0.5,0.0025,3
