,L2,L2_true,N,std,jump,jump_prob,ve,dim
0,3.0487087654068836,0.2173020414818958,719,0.01,0.3,0.5,0.0025,1
