,L2,L2_true,N,std,jump,jump_prob,ve,dim
0,2.8981724464461522,2.877442080582476,16,0.05,0.3,0.5,0.001,1
