,L2,L2_true,N,std,jump,jump_prob,ve,dim
0,5.529258758088693,4.385314670569554,22,0.01,0.3,0.5,0.0025,3
