,L2,L2_true,N,std,jump,jump_prob,ve,dim
0,2.415357420310334,2.412079838340425,7,0.2,0.3,0.5,0.001,1
