,L2,L2_true,N,std,jump,jump_prob,ve,dim
0,3.6614091042864163,1.7061945663472502,10,0.01,0.3,0.5,0.0025,1
