,L2,L2_true,N,std,jump,jump_prob,ve,dim
0,7.169055009843346,6.442613463616225,43,0.01,0.3,0.5,0.001,3
