,L2,L2_true,N,std,jump,jump_prob,ve,dim
0,3.0474566198901174,0.2542361035639604,372,0.01,0.3,0.5,0.0025,1
