,L2,L2_true,N,std,jump,jump_prob,ve,dim
0,3.8737143421908242,2.1532172236791665,11,0.01,0.3,0.5,0.0025,1
