,L2,L2_true,N,std,jump,jump_prob,ve,dim
0,3.4354356090543194,0.3508870382636703,71,0.01,0.3,0.5,0.01,1
