,L2,L2_true,N,std,jump,jump_prob,ve,dim
0,4.173178272398918,2.2968105984686304,31,0.01,0.3,0.5,0.01,2
