,L2,L2_true,N,std,jump,jump_prob,ve,dim
0,5.151550235965902,3.8310384929476706,193,0.01,0.3,0.5,0.01,3
