,L2,L2_true,N,std,jump,jump_prob,ve,dim
0,4.2492811031461075,2.949369743263214,517,0.01,0.3,0.5,0.0025,2
