,L2,L2_true,N,std,jump,jump_prob,ve,dim
0,11.57442276591905,11.10707381353431,268,0.01,0.3,0.5,0.0025,3
