,L2,L2_true,N,std,jump,jump_prob,ve,dim
0,3.5842918845208547,0.9273109755408441,19,0.01,0.3,0.5,0.01,1
