,L2,L2_true,N,std,jump,jump_prob,ve,dim
0,3.871274651337801,1.7848778421786995,71,0.01,0.3,0.5,0.01,2
