,L2,L2_true,N,std,jump,jump_prob,ve,dim
0,8.488270449185423,7.938458442301878,117,0.01,0.3,0.5,0.001,2
