,L2,L2_true,N,std,jump,jump_prob,ve,dim
0,3.912709163765208,1.8736081671081797,71,0.01,0.3,0.5,0.01,2
