,L2,L2_true,N,std,jump,jump_prob,ve,dim
0,5.34183269302935,4.073684684903253,163,0.01,0.3,0.5,0.01,3
