,L2,L2_true,N,std,jump,jump_prob,ve,dim
0,3.3145001338295943,1.3146150503419631,2275,0.01,0.3,0.5,0.0025,2
