,L2,L2_true,N,std,jump,jump_prob,ve,dim
0,2.3939142130178537,2.3156943052472183,8,0.05,0.3,0.5,0.001,1
