,L2,L2_true,N,std,jump,jump_prob,ve,dim
0,3.7946008264451687,1.6020896345313285,84,0.01,0.3,0.5,0.01,2
