,L2,L2_true,N,std,jump,jump_prob,ve,dim
0,3.6168387737779,0.7446204467899039,1,0.01,0.3,0.5,0.01,1
