,L2,L2_true,N,std,jump,jump_prob,ve,dim
0,4.063365655040027,2.586836990970015,5,0.01,0.3,0.5,0.001,3
