,L2,L2_true,N,std,jump,jump_prob,ve,dim
0,3.9654283369884413,2.202304214163816,8,0.01,0.3,0.5,0.0025,1
