,L2,L2_true,N,std,jump,jump_prob,ve,dim
0,3.6175510765135224,0.74466669647024,1,0.01,0.3,0.5,0.01,1
