,L2,L2_true,N,std,jump,jump_prob,ve,dim
0,11.854500602106665,11.411059638449547,316,0.01,0.3,0.5,0.0025,3
