,L2,L2_true,N,std,jump,jump_prob,ve,dim
0,21.44698779890973,21.231984227318435,1000,0.01,0.3,0.5,0.001,3
