,L2,L2_true,N,std,jump,jump_prob,ve,dim
0,21.524098245629116,21.327051982823942,1000,0.01,0.3,0.5,0.001,3
