,L2,L2_true,N,std,jump,jump_prob,ve,dim
0,21.606466408133787,21.40444942260063,1000,0.01,0.3,0.5,0.001,3
