,L2,L2_true,N,std,jump,jump_prob,ve,dim
0,3.424401501041898,0.08842750226796468,1389,0.01,0.3,0.5,0.01,1
