,L2,L2_true,N,std,jump,jump_prob,ve,dim
0,3.670726883049874,2.057396898971768,1000,0.01,0.3,0.5,0.0025,2
