,L2,L2_true,N,std,jump,jump_prob,ve,dim
0,2.6802040083959753,0.6703344129415597,268,0.01,0.3,0.5,0.001,1
