,L2,L2_true,N,std,jump,jump_prob,ve,dim
0,4.012239773855627,2.5086060271310373,5,0.01,0.3,0.5,0.001,2
