,L2,L2_true,N,std,jump,jump_prob,ve,dim
0,4.391795176017898,2.833138219872373,10,0.01,0.3,0.5,0.0025,2
