,L2,L2_true,N,std,jump,jump_prob,ve,dim
0,8.306328858566975,7.791546110774052,227,0.01,0.3,0.5,0.001,2
