,L2,L2_true,N,std,jump,jump_prob,ve,dim
0,0.37200804764556045,0.279572762729616,1389,0.05,0.3,0.5,0.001,1
