,L2,L2_true,N,std,jump,jump_prob,ve,dim
0,8.542828403245425,8.064752868939452,316,0.01,0.3,0.5,0.001,2
