,L2,L2_true,N,std,jump,jump_prob,ve,dim
0,1.4751345489831433,1.475002364675789,71,0.2,0.3,0.5,0.001,1
