,L2,L2_true,N,std,jump,jump_prob,ve,dim
0,3.638859620436497,2.166119963555116,16,0.01,0.3,0.5,0.001,1
