,L2,L2_true,N,std,jump,jump_prob,ve,dim
0,2.293875472746995,2.199868903579544,5,0.05,0.3,0.5,0.001,1
