,L2,L2_true,N,std,jump,jump_prob,ve,dim
0,2.4673529646829366,2.40706191629282,13,0.05,0.3,0.5,0.001,1
