,L2,L2_true,N,std,jump,jump_prob,ve,dim
0,3.675181026217186,1.8950165938745664,2,0.01,0.3,0.5,0.001,2
