,L2,L2_true,N,std,jump,jump_prob,ve,dim
0,2.0831649359339464,1.9823520111924005,6,0.05,0.3,0.5,0.001,1
