,L2,L2_true,N,std,jump,jump_prob,ve,dim
0,3.424870896553523,0.1569755019732943,372,0.01,0.3,0.5,0.01,1
