,L2,L2_true,N,std,jump,jump_prob,ve,dim
0,4.1259663772467,2.1464530251298832,10,0.01,0.3,0.5,0.01,2
