,L2,L2_true,N,std,jump,jump_prob,ve,dim
0,8.52917097651782,8.043911327168134,268,0.01,0.3,0.5,0.001,2
