,L2,L2_true,N,std,jump,jump_prob,ve,dim
0,3.5301798142882563,0.9149869422540349,268,0.01,0.3,0.5,0.01,2
