,L2,L2_true,N,std,jump,jump_prob,ve,dim
0,5.145887184058151,4.135530103022254,268,0.01,0.3,0.5,0.0025,2
