,L2,L2_true,N,std,jump,jump_prob,ve,dim
0,3.744380791416407,1.636735449657764,2,0.01,0.3,0.5,0.0025,3
