,L2,L2_true,N,std,jump,jump_prob,ve,dim
0,6.733998553003071,5.8427889894575085,43,0.01,0.3,0.5,0.0025,3
