,L2,L2_true,N,std,jump,jump_prob,ve,dim
0,3.7354531830062205,1.49780216658792,100,0.01,0.3,0.5,0.01,2
