,L2,L2_true,N,std,jump,jump_prob,ve,dim
0,5.32499827953027,4.002157574071767,61,0.01,0.3,0.5,0.01,3
