,L2,L2_true,N,std,jump,jump_prob,ve,dim
0,22.124713370924713,21.92121434314249,1000,0.01,0.3,0.5,0.001,3
