,L2,L2_true,N,std,jump,jump_prob,ve,dim
0,3.9032152239068605,2.4096064695561368,6,0.01,0.3,0.5,0.001,1
