,L2,L2_true,N,std,jump,jump_prob,ve,dim
0,4.876693756949977,3.5377196946881475,16,0.01,0.3,0.5,0.0025,2
