,L2,L2_true,N,std,jump,jump_prob,ve,dim
0,3.4293575014196502,0.31941591085693827,2000,0.01,0.3,0.5,0.01,2
