,L2,L2_true,N,std,jump,jump_prob,ve,dim
0,3.832436758982814,1.5211054907372574,4,0.01,0.3,0.5,0.01,2
