,L2,L2_true,N,std,jump,jump_prob,ve,dim
0,5.862011691428967,4.935079926790478,138,0.01,0.3,0.5,0.0025,2
