,L2,L2_true,N,std,jump,jump_prob,ve,dim
0,1.8519016420443313,1.7353535318888087,3,0.05,0.3,0.5,0.001,1
