,L2,L2_true,N,std,jump,jump_prob,ve,dim
0,3.4377225514379557,0.3723757620902285,43,0.01,0.3,0.5,0.01,1
