,L2,L2_true,N,std,jump,jump_prob,ve,dim
0,2.325295233423316,2.244037409520348,7,0.05,0.3,0.5,0.001,1
