,L2,L2_true,N,std,jump,jump_prob,ve,dim
0,1.9036940840476926,1.7876714560206481,4,0.05,0.3,0.5,0.001,1
