,L2,L2_true,N,std,jump,jump_prob,ve,dim
0,2.387356916538521,2.387922646157813,16,0.2,0.3,0.5,0.001,1
