,L2,L2_true,N,std,jump,jump_prob,ve,dim
0,5.502523442315055,4.397283657090479,31,0.01,0.3,0.5,0.0025,2
