,L2,L2_true,N,std,jump,jump_prob,ve,dim
0,1.523952904445065,1.5257886805040084,4,0.2,0.3,0.5,0.001,1
