,L2,L2_true,N,std,jump,jump_prob,ve,dim
0,4.999357996520603,3.6953207393523604,16,0.01,0.3,0.5,0.0025,3
