,L2,L2_true,N,std,jump,jump_prob,ve,dim
0,2.384916798791994,2.387062863267525,10,0.2,0.3,0.5,0.001,1
