,L2,L2_true,N,std,jump,jump_prob,ve,dim
0,6.030988797080155,5.153682724983794,26,0.01,0.3,0.5,0.001,3
