,L2,L2_true,N,std,jump,jump_prob,ve,dim
0,5.572668579050373,4.617476033956574,163,0.01,0.3,0.5,0.0025,2
