,L2,L2_true,N,std,jump,jump_prob,ve,dim
0,4.824263950154363,3.6749367087667646,13,0.01,0.3,0.5,0.001,3
