,L2,L2_true,N,std,jump,jump_prob,ve,dim
0,3.675246696817358,1.7893147477297975,11,0.01,0.3,0.5,0.0025,1
