,L2,L2_true,N,std,jump,jump_prob,ve,dim
0,1.4239206632027945,1.422019301003759,3,0.2,0.3,0.5,0.001,1
