,L2,L2_true,N,std,jump,jump_prob,ve,dim
0,8.490567752543921,7.976551230291297,193,0.01,0.3,0.5,0.001,2
