,L2,L2_true,N,std,jump,jump_prob,ve,dim
0,4.141979979197465,2.712660216230661,6,0.01,0.3,0.5,0.001,3
