,L2,L2_true,N,std,jump,jump_prob,ve,dim
0,3.845310162514593,2.2305236816444896,3,0.01,0.3,0.5,0.001,2
