,L2,L2_true,N,std,jump,jump_prob,ve,dim
0,3.7638162529103583,1.6697264370656506,2,0.01,0.3,0.5,0.0025,3
