,L2,L2_true,N,std,jump,jump_prob,ve,dim
0,1.2376976472778007,1.2511625365728751,117,0.05,0.3,0.5,0.001,1
