,L2,L2_true,N,std,jump,jump_prob,ve,dim
0,4.498552837064863,3.286113140508601,372,0.01,0.3,0.5,0.0025,2
