,L2,L2_true,N,std,jump,jump_prob,ve,dim
0,1.4932066061926388,1.4802153740813195,84,0.05,0.3,0.5,0.001,1
