,L2,L2_true,N,std,jump,jump_prob,ve,dim
0,5.859265751922261,4.962023782752011,163,0.01,0.3,0.5,0.0025,2
