,L2,L2_true,N,std,jump,jump_prob,ve,dim
0,2.2890679234006246,2.205339640046934,6,0.05,0.3,0.5,0.001,1
