,L2,L2_true,N,std,jump,jump_prob,ve,dim
0,3.3474056811352355,1.4016594390104544,2000,0.01,0.3,0.5,0.0025,2
