,L2,L2_true,N,std,jump,jump_prob,ve,dim
0,3.575635799839288,1.0102811468955777,227,0.01,0.3,0.5,0.01,2
