,L2,L2_true,N,std,jump,jump_prob,ve,dim
0,8.12400666537141,7.611536075768586,268,0.01,0.3,0.5,0.001,2
