,L2,L2_true,N,std,jump,jump_prob,ve,dim
0,4.109848713982175,2.229063044993735,37,0.01,0.3,0.5,0.01,2
