,L2,L2_true,N,std,jump,jump_prob,ve,dim
0,3.524863558452446,0.8438904678915832,11,0.01,0.3,0.5,0.01,1
