,L2,L2_true,N,std,jump,jump_prob,ve,dim
0,7.114515941376655,6.574466909043324,610,0.01,0.3,0.5,0.001,2
