,L2,L2_true,N,std,jump,jump_prob,ve,dim
0,3.5540399137130883,0.8772189732962076,10,0.01,0.3,0.5,0.01,1
