,L2,L2_true,N,std,jump,jump_prob,ve,dim
0,3.494777794034668,0.7305565860643308,372,0.01,0.3,0.5,0.01,2
