,L2,L2_true,N,std,jump,jump_prob,ve,dim
0,7.8450044924019275,7.103226616823443,71,0.01,0.3,0.5,0.0025,3
