,L2,L2_true,N,std,jump,jump_prob,ve,dim
0,3.0425357736020437,0.1769915699510613,1178,0.01,0.3,0.5,0.0025,1
