,L2,L2_true,N,std,jump,jump_prob,ve,dim
0,6.794686609363026,6.248220162521256,719,0.01,0.3,0.5,0.001,2
