,L2,L2_true,N,std,jump,jump_prob,ve,dim
0,10.01220242071761,9.543516922085718,3000,0.01,0.3,0.5,0.0025,3
