,L2,L2_true,N,std,jump,jump_prob,ve,dim
0,3.944899806546501,2.104417289276906,7,0.01,0.3,0.5,0.0025,1
