,L2,L2_true,N,std,jump,jump_prob,ve,dim
0,2.626147574790186,0.19211914994875798,2682,0.01,0.3,0.5,0.001,1
