,L2,L2_true,N,std,jump,jump_prob,ve,dim
0,4.234440167737645,2.568298312624289,7,0.01,0.3,0.5,0.0025,2
