,L2,L2_true,N,std,jump,jump_prob,ve,dim
0,12.663541558523672,12.287002313927877,193,0.01,0.3,0.5,0.001,3
