,L2,L2_true,N,std,jump,jump_prob,ve,dim
0,3.6155995907864096,0.7449644978663427,1,0.01,0.3,0.5,0.01,2
