,L2,L2_true,N,std,jump,jump_prob,ve,dim
0,4.115746464226648,2.669274866490031,6,0.01,0.3,0.5,0.001,2
