,L2,L2_true,N,std,jump,jump_prob,ve,dim
0,3.6943141360699667,1.5377653750254945,2,0.01,0.3,0.5,0.0025,2
