,L2,L2_true,N,std,jump,jump_prob,ve,dim
0,3.485562260352474,0.778568180030856,372,0.01,0.3,0.5,0.01,2
