,L2,L2_true,N,std,jump,jump_prob,ve,dim
0,0.7672036526091247,0.7413707360862676,227,0.05,0.3,0.5,0.001,1
