,L2,L2_true,N,std,jump,jump_prob,ve,dim
0,4.151025596956358,2.2383702891463217,13,0.01,0.3,0.5,0.01,2
