,L2,L2_true,N,std,jump,jump_prob,ve,dim
0,3.35680567244101,1.4452481955592493,1930,0.01,0.3,0.5,0.0025,2
