,L2,L2_true,N,std,jump,jump_prob,ve,dim
0,3.4067287150666727,0.16421842584854518,163,0.01,0.3,0.5,0.01,1
