,L2,L2_true,N,std,jump,jump_prob,ve,dim
0,3.7562625573063424,2.3849297854540876,19,0.01,0.3,0.5,0.001,1
