,L2,L2_true,N,std,jump,jump_prob,ve,dim
0,3.45129490901571,0.473153407170035,37,0.01,0.3,0.5,0.01,1
