,L2,L2_true,N,std,jump,jump_prob,ve,dim
0,3.0426060038259086,0.21747253560971497,610,0.01,0.3,0.5,0.0025,1
