,L2,L2_true,N,std,jump,jump_prob,ve,dim
0,4.3174774047846665,2.6142567492780273,610,0.01,0.3,0.5,0.01,3
