,L2,L2_true,N,std,jump,jump_prob,ve,dim
0,3.0520995023318522,0.2039340320669604,719,0.01,0.3,0.5,0.0025,1
