,L2,L2_true,N,std,jump,jump_prob,ve,dim
0,3.404856504777888,0.04065941712438935,3162,0.01,0.3,0.5,0.01,1
