,L2,L2_true,N,std,jump,jump_prob,ve,dim
0,4.544621728990838,3.2851587586844317,10,0.01,0.3,0.5,0.001,2
