,L2,L2_true,N,std,jump,jump_prob,ve,dim
0,3.617045327754109,1.3286167794125587,1,0.01,0.3,0.5,0.0025,1
