,L2,L2_true,N,std,jump,jump_prob,ve,dim
0,3.4282861031002008,0.16830225709762034,193,0.01,0.3,0.5,0.01,1
