,L2,L2_true,N,std,jump,jump_prob,ve,dim
0,3.044611613564161,0.2666301435368275,610,0.01,0.3,0.5,0.0025,1
