,L2,L2_true,N,std,jump,jump_prob,ve,dim
0,1.3486704929835356,1.1774908749914932,1,0.05,0.3,0.5,0.001,1
