,L2,L2_true,N,std,jump,jump_prob,ve,dim
0,4.077004849240076,2.3682868463350792,6,0.01,0.3,0.5,0.0025,1
