,L2,L2_true,N,std,jump,jump_prob,ve,dim
0,0.40997174849114165,0.32847572271354286,1000,0.05,0.3,0.5,0.001,1
