,L2,L2_true,N,std,jump,jump_prob,ve,dim
0,6.09354556354951,5.187137807164435,84,0.01,0.3,0.5,0.0025,2
