,L2,L2_true,N,std,jump,jump_prob,ve,dim
0,19.597052613076137,19.362332206103854,610,0.01,0.3,0.5,0.001,3
