,L2,L2_true,N,std,jump,jump_prob,ve,dim
0,3.45880189702081,0.4789851850028973,84,0.01,0.3,0.5,0.01,1
