,L2,L2_true,N,std,jump,jump_prob,ve,dim
0,11.953041625260983,11.542106299583317,163,0.01,0.3,0.5,0.001,3
