,L2,L2_true,N,std,jump,jump_prob,ve,dim
0,3.4315621374767624,0.2767549695800989,3000,0.01,0.3,0.5,0.01,2
