,L2,L2_true,N,std,jump,jump_prob,ve,dim
0,4.060606036583788,2.2767253027298806,5,0.01,0.3,0.5,0.0025,3
