,L2,L2_true,N,std,jump,jump_prob,ve,dim
0,3.6948138354601263,1.4403118946387559,2000,0.01,0.3,0.5,0.01,3
