,L2,L2_true,N,std,jump,jump_prob,ve,dim
0,3.761711072519362,1.6698131600566488,2,0.01,0.3,0.5,0.0025,3
