,L2,L2_true,N,std,jump,jump_prob,ve,dim
0,5.4648439235087904,4.33686597441477,31,0.01,0.3,0.5,0.0025,2
