,L2,L2_true,N,std,jump,jump_prob,ve,dim
0,4.924430552316649,3.783545635217284,13,0.01,0.3,0.5,0.001,3
