,L2,L2_true,N,std,jump,jump_prob,ve,dim
0,12.782993714890091,12.395887413154304,1000,0.01,0.3,0.5,0.0025,3
