,L2,L2_true,N,std,jump,jump_prob,ve,dim
0,2.7737944822602176,2.7747511599721157,22,0.2,0.3,0.5,0.001,1
