,L2,L2_true,N,std,jump,jump_prob,ve,dim
0,5.084972496916183,3.8165392899766855,16,0.01,0.3,0.5,0.0025,3
