,L2,L2_true,N,std,jump,jump_prob,ve,dim
0,5.909214819807236,5.020057155056315,163,0.01,0.3,0.5,0.0025,2
