,L2,L2_true,N,std,jump,jump_prob,ve,dim
0,8.026888145370082,7.438810323271625,100,0.01,0.3,0.5,0.001,2
