,L2,L2_true,N,std,jump,jump_prob,ve,dim
0,4.976462936546883,3.9214487984990587,268,0.01,0.3,0.5,0.0025,2
