,L2,L2_true,N,std,jump,jump_prob,ve,dim
0,4.84819002820924,3.3259794097340003,19,0.01,0.3,0.5,0.01,3
