,L2,L2_true,N,std,jump,jump_prob,ve,dim
0,0.2831625689546406,0.18562693998649388,3162,0.05,0.3,0.5,0.001,1
