,L2,L2_true,N,std,jump,jump_prob,ve,dim
0,5.722362956924941,5.09062563363437,1178,0.01,0.3,0.5,0.001,2
