,L2,L2_true,N,std,jump,jump_prob,ve,dim
0,3.8632644824347175,1.8895463426142973,3,0.01,0.3,0.5,0.0025,3
