,L2,L2_true,N,std,jump,jump_prob,ve,dim
0,3.4301449499996366,0.26389552228125174,3000,0.01,0.3,0.5,0.01,2
