,L2,L2_true,N,std,jump,jump_prob,ve,dim
0,1.350937783100821,1.1791943669820057,1,0.05,0.3,0.5,0.001,1
