,L2,L2_true,N,std,jump,jump_prob,ve,dim
0,4.545921079888813,3.30437602260808,10,0.01,0.3,0.5,0.001,2
