,L2,L2_true,N,std,jump,jump_prob,ve,dim
0,2.3728621575517286,2.3289212556608345,19,0.05,0.3,0.5,0.001,1
