,L2,L2_true,N,std,jump,jump_prob,ve,dim
0,3.525991627057149,0.8429259909247878,316,0.01,0.3,0.5,0.01,2
