,L2,L2_true,N,std,jump,jump_prob,ve,dim
0,3.0337460514182406,0.2348094388195689,610,0.01,0.3,0.5,0.0025,1
