,L2,L2_true,N,std,jump,jump_prob,ve,dim
0,3.827316264822741,1.4887273264233645,4,0.01,0.3,0.5,0.01,2
