,L2,L2_true,N,std,jump,jump_prob,ve,dim
0,0.4939482851029682,0.4934483493332133,517,0.2,0.3,0.5,0.001,1
