,L2,L2_true,N,std,jump,jump_prob,ve,dim
0,6.882366136944619,6.15327200693211,51,0.01,0.3,0.5,0.001,2
