,L2,L2_true,N,std,jump,jump_prob,ve,dim
0,11.47606961055432,11.055537176131466,1637,0.01,0.3,0.5,0.0025,3
