,L2,L2_true,N,std,jump,jump_prob,ve,dim
0,3.6995418353778273,2.0119037990062307,3,0.01,0.3,0.5,0.001,1
