,L2,L2_true,N,std,jump,jump_prob,ve,dim
0,2.353943710347602,2.268438272797971,6,0.05,0.3,0.5,0.001,1
