,L2,L2_true,N,std,jump,jump_prob,ve,dim
0,3.4173050520428383,0.22014103884827488,100,0.01,0.3,0.5,0.01,1
