,L2,L2_true,N,std,jump,jump_prob,ve,dim
0,3.5040539177103702,0.7765369092220032,22,0.01,0.3,0.5,0.01,1
