,L2,L2_true,N,std,jump,jump_prob,ve,dim
0,2.6652510664744846,0.5188062702297748,227,0.01,0.3,0.5,0.001,1
