,L2,L2_true,N,std,jump,jump_prob,ve,dim
0,3.254869471682277,1.9401537372510216,43,0.01,0.3,0.5,0.001,1
