,L2,L2_true,N,std,jump,jump_prob,ve,dim
0,2.741085650468956,0.8064968153546856,163,0.01,0.3,0.5,0.001,1
