,L2,L2_true,N,std,jump,jump_prob,ve,dim
0,6.896423221795662,6.017652268930803,43,0.01,0.3,0.5,0.0025,3
