,L2,L2_true,N,std,jump,jump_prob,ve,dim
0,3.4175991488653974,0.06543877440872317,1178,0.01,0.3,0.5,0.01,1
