,L2,L2_true,N,std,jump,jump_prob,ve,dim
0,12.644273633206634,12.271642744357514,193,0.01,0.3,0.5,0.001,3
