,L2,L2_true,N,std,jump,jump_prob,ve,dim
0,5.561053419076676,4.8808626503325305,1178,0.01,0.3,0.5,0.001,2
