,L2,L2_true,N,std,jump,jump_prob,ve,dim
0,2.676923801169856,0.6062929751865832,227,0.01,0.3,0.5,0.001,1
