,L2,L2_true,N,std,jump,jump_prob,ve,dim
0,0.34096380218454847,0.24391158819195313,1637,0.05,0.3,0.5,0.001,1
