,L2,L2_true,N,std,jump,jump_prob,ve,dim
0,2.583181641722345,2.5842465030951183,13,0.2,0.3,0.5,0.001,1
