,L2,L2_true,N,std,jump,jump_prob,ve,dim
0,3.616858151240564,1.8041947359547665,1,0.01,0.3,0.5,0.001,1
