,L2,L2_true,N,std,jump,jump_prob,ve,dim
0,3.6179655754778004,1.803060077852382,1,0.01,0.3,0.5,0.001,1
