,L2,L2_true,N,std,jump,jump_prob,ve,dim
0,3.8230539457747685,2.1805349186971417,3,0.01,0.3,0.5,0.001,2
