,L2,L2_true,N,std,jump,jump_prob,ve,dim
0,4.686710254017904,3.5044019331142353,11,0.01,0.3,0.5,0.001,2
