,L2,L2_true,N,std,jump,jump_prob,ve,dim
0,1.201910941192258,1.2044373602087717,3,0.2,0.3,0.5,0.001,1
