,L2,L2_true,N,std,jump,jump_prob,ve,dim
0,3.6435418261682297,0.9467762895837476,2,0.01,0.3,0.5,0.01,1
