,L2,L2_true,N,std,jump,jump_prob,ve,dim
0,23.065667532094924,22.872046386637113,1178,0.01,0.3,0.5,0.001,3
