,L2,L2_true,N,std,jump,jump_prob,ve,dim
0,3.505965457998669,0.7279570188538725,439,0.01,0.3,0.5,0.01,2
