,L2,L2_true,N,std,jump,jump_prob,ve,dim
0,18.216737547836033,17.953344618817408,517,0.01,0.3,0.5,0.001,3
