,L2,L2_true,N,std,jump,jump_prob,ve,dim
0,12.667183720689113,12.273181236571446,1178,0.01,0.3,0.5,0.0025,3
