,L2,L2_true,N,std,jump,jump_prob,ve,dim
0,4.672941973714479,3.0829066148375097,16,0.01,0.3,0.5,0.01,3
