,L2,L2_true,N,std,jump,jump_prob,ve,dim
0,3.3271898729854184,1.867752539015446,31,0.01,0.3,0.5,0.001,1
