,L2,L2_true,N,std,jump,jump_prob,ve,dim
0,3.7742431990727936,1.7584907578039735,4,0.01,0.3,0.5,0.0025,1
