,L2,L2_true,N,std,jump,jump_prob,ve,dim
0,3.4292670272845602,0.18236691701482882,138,0.01,0.3,0.5,0.01,1
