,L2,L2_true,N,std,jump,jump_prob,ve,dim
0,1.9792658590336234,1.9782234881902911,51,0.2,0.3,0.5,0.001,1
