,L2,L2_true,N,std,jump,jump_prob,ve,dim
0,6.862815481682824,6.120554986594057,37,0.01,0.3,0.5,0.001,2
