,L2,L2_true,N,std,jump,jump_prob,ve,dim
0,4.644802631146507,3.424037912354072,10,0.01,0.3,0.5,0.001,3
