,L2,L2_true,N,std,jump,jump_prob,ve,dim
0,8.726271639981103,8.144043652897125,71,0.01,0.3,0.5,0.001,3
