,L2,L2_true,N,std,jump,jump_prob,ve,dim
0,5.829725534314731,4.8367226997846595,61,0.01,0.3,0.5,0.0025,2
