,L2,L2_true,N,std,jump,jump_prob,ve,dim
0,1.348328848387734,1.1772859157599411,1,0.05,0.3,0.5,0.001,1
