,L2,L2_true,N,std,jump,jump_prob,ve,dim
0,3.6567515766792753,2.026774996325406,1000,0.01,0.3,0.5,0.0025,2
