,L2,L2_true,N,std,jump,jump_prob,ve,dim
0,2.493568843582744,2.4904517991451147,7,0.2,0.3,0.5,0.001,1
