,L2,L2_true,N,std,jump,jump_prob,ve,dim
0,8.580990582505688,8.110554045244388,372,0.01,0.3,0.5,0.001,2
