,L2,L2_true,N,std,jump,jump_prob,ve,dim
0,3.4219757640760764,0.16943080842756356,372,0.01,0.3,0.5,0.01,1
