,L2,L2_true,N,std,jump,jump_prob,ve,dim
0,9.197702478302313,8.569749730692113,117,0.01,0.3,0.5,0.0025,3
