,L2,L2_true,N,std,jump,jump_prob,ve,dim
0,4.906829028035566,4.144355480943357,1637,0.01,0.3,0.5,0.001,2
