,L2,L2_true,N,std,jump,jump_prob,ve,dim
0,0.5086100189399838,0.4720015443041208,517,0.05,0.3,0.5,0.001,1
