,L2,L2_true,N,std,jump,jump_prob,ve,dim
0,1.02543287758775,1.0095358519904032,138,0.05,0.3,0.5,0.001,1
