,L2,L2_true,N,std,jump,jump_prob,ve,dim
0,3.034921555287551,0.10167905324801678,2275,0.01,0.3,0.5,0.0025,1
