,L2,L2_true,N,std,jump,jump_prob,ve,dim
0,3.4155527320109815,0.08441827302273,719,0.01,0.3,0.5,0.01,1
