,L2,L2_true,N,std,jump,jump_prob,ve,dim
0,2.1929987358073375,2.130088972626646,8,0.05,0.3,0.5,0.001,1
