,L2,L2_true,N,std,jump,jump_prob,ve,dim
0,3.067614706144581,0.5614683022828448,117,0.01,0.3,0.5,0.0025,1
