,L2,L2_true,N,std,jump,jump_prob,ve,dim
0,7.2837966952587285,6.751058710738513,610,0.01,0.3,0.5,0.001,2
