,L2,L2_true,N,std,jump,jump_prob,ve,dim
0,3.976730559416344,2.112193652699613,4,0.01,0.3,0.5,0.0025,2
