,L2,L2_true,N,std,jump,jump_prob,ve,dim
0,4.288594586714888,2.4762320339434627,16,0.01,0.3,0.5,0.01,2
