,L2,L2_true,N,std,jump,jump_prob,ve,dim
0,8.294009163042258,7.735495305367457,138,0.01,0.3,0.5,0.001,2
