,L2,L2_true,N,std,jump,jump_prob,ve,dim
0,3.601688231564625,0.9503889678356057,8,0.01,0.3,0.5,0.01,1
