,L2,L2_true,N,std,jump,jump_prob,ve,dim
0,3.360311648602531,3.3077250150467723,22,0.05,0.3,0.5,0.001,1
