,L2,L2_true,N,std,jump,jump_prob,ve,dim
0,2.1396207357475587,2.1395212532009587,10,0.2,0.3,0.5,0.001,1
