,L2,L2_true,N,std,jump,jump_prob,ve,dim
0,2.6459790336631834,0.319111240395422,719,0.01,0.3,0.5,0.001,1
