,L2,L2_true,N,std,jump,jump_prob,ve,dim
0,3.4225425400733833,0.11875465215858945,517,0.01,0.3,0.5,0.01,1
