,L2,L2_true,N,std,jump,jump_prob,ve,dim
0,3.6193799944539204,1.3305669113087322,1,0.01,0.3,0.5,0.0025,3
