,L2,L2_true,N,std,jump,jump_prob,ve,dim
0,4.4841090822642515,2.759347076603525,13,0.01,0.3,0.5,0.01,3
