,L2,L2_true,N,std,jump,jump_prob,ve,dim
0,0.5984909855392121,0.5985439939348935,439,0.2,0.3,0.5,0.001,1
