,L2,L2_true,N,std,jump,jump_prob,ve,dim
0,4.803022640118469,3.645175298764881,11,0.01,0.3,0.5,0.001,3
