,L2,L2_true,N,std,jump,jump_prob,ve,dim
0,3.7545694649336783,1.5342303590717592,100,0.01,0.3,0.5,0.01,2
