,L2,L2_true,N,std,jump,jump_prob,ve,dim
0,5.449548181074261,4.1954266595434335,138,0.01,0.3,0.5,0.01,3
