,L2,L2_true,N,std,jump,jump_prob,ve,dim
0,6.01036001879506,5.119379357612174,26,0.01,0.3,0.5,0.001,3
