,L2,L2_true,N,std,jump,jump_prob,ve,dim
0,3.802569738606073,1.7815079395563633,3,0.01,0.3,0.5,0.0025,2
