,L2,L2_true,N,std,jump,jump_prob,ve,dim
0,5.876682560833357,5.23464019054327,1000,0.01,0.3,0.5,0.001,2
