,L2,L2_true,N,std,jump,jump_prob,ve,dim
0,3.632864359360748,1.6335937927898827,10,0.01,0.3,0.5,0.0025,1
