,L2,L2_true,N,std,jump,jump_prob,ve,dim
0,11.120154470485346,10.687353552834944,1930,0.01,0.3,0.5,0.0025,3
