,L2,L2_true,N,std,jump,jump_prob,ve,dim
0,0.20103604304356984,0.2003357064865799,3162,0.2,0.3,0.5,0.001,1
