,L2,L2_true,N,std,jump,jump_prob,ve,dim
0,0.34131154556279153,0.21089161197780826,2275,0.05,0.3,0.5,0.001,1
