,L2,L2_true,N,std,jump,jump_prob,ve,dim
0,3.6006511442804476,1.3270213669563675,1,0.01,0.3,0.5,0.0025,2
