,L2,L2_true,N,std,jump,jump_prob,ve,dim
0,2.582547727609139,2.5819272519926186,22,0.05,0.3,0.5,0.001,1
