,L2,L2_true,N,std,jump,jump_prob,ve,dim
0,3.556015265380452,0.9974802784302256,227,0.01,0.3,0.5,0.01,2
