,L2,L2_true,N,std,jump,jump_prob,ve,dim
0,7.2014782703922195,6.671854136800988,610,0.01,0.3,0.5,0.001,2
