,L2,L2_true,N,std,jump,jump_prob,ve,dim
0,3.4436667506229903,0.4545465689117944,1000,0.01,0.3,0.5,0.01,2
