,L2,L2_true,N,std,jump,jump_prob,ve,dim
0,3.778776658679082,1.7282445251883622,4,0.01,0.3,0.5,0.0025,1
