,L2,L2_true,N,std,jump,jump_prob,ve,dim
0,3.909962369287653,2.5496506360425304,13,0.01,0.3,0.5,0.001,1
