,L2,L2_true,N,std,jump,jump_prob,ve,dim
0,0.3779205305342796,0.3704826926061208,1,0.2,0.3,0.5,0.001,1
