,L2,L2_true,N,std,jump,jump_prob,ve,dim
0,10.542343573993726,10.069599670708598,117,0.01,0.3,0.5,0.001,3
