,L2,L2_true,N,std,jump,jump_prob,ve,dim
0,2.140626693352095,2.140644576862968,8,0.2,0.3,0.5,0.001,1
