,L2,L2_true,N,std,jump,jump_prob,ve,dim
0,8.555239371889572,7.960338577488769,71,0.01,0.3,0.5,0.001,3
