,L2,L2_true,N,std,jump,jump_prob,ve,dim
0,3.416609722845816,1.5681290002000525,1637,0.01,0.3,0.5,0.0025,2
