,L2,L2_true,N,std,jump,jump_prob,ve,dim
0,4.269323815724173,2.4416032656119957,16,0.01,0.3,0.5,0.01,2
