,L2,L2_true,N,std,jump,jump_prob,ve,dim
0,0.9060650755360812,0.8807226004062059,193,0.05,0.3,0.5,0.001,1
