,L2,L2_true,N,std,jump,jump_prob,ve,dim
0,3.6238206926020577,0.7447751682867674,1,0.01,0.3,0.5,0.01,2
