,L2,L2_true,N,std,jump,jump_prob,ve,dim
0,4.627516664388899,3.019875285253262,16,0.01,0.3,0.5,0.01,3
