,L2,L2_true,N,std,jump,jump_prob,ve,dim
0,3.5079385398126046,0.7597765485029098,16,0.01,0.3,0.5,0.01,1
