,L2,L2_true,N,std,jump,jump_prob,ve,dim
0,21.63340977610548,21.42582951349593,1000,0.01,0.3,0.5,0.001,3
