,L2,L2_true,N,std,jump,jump_prob,ve,dim
0,2.386250787601114,2.387342542296993,43,0.2,0.3,0.5,0.001,1
