,L2,L2_true,N,std,jump,jump_prob,ve,dim
0,4.499638082797643,3.011536963129753,13,0.01,0.3,0.5,0.0025,2
