,L2,L2_true,N,std,jump,jump_prob,ve,dim
0,5.932573858132328,5.023973550611902,117,0.01,0.3,0.5,0.0025,2
