,L2,L2_true,N,std,jump,jump_prob,ve,dim
0,2.7866206879874853,0.9464418688149997,138,0.01,0.3,0.5,0.001,1
