,L2,L2_true,N,std,jump,jump_prob,ve,dim
0,4.29690350944414,2.6726084473815597,8,0.01,0.3,0.5,0.0025,2
