,L2,L2_true,N,std,jump,jump_prob,ve,dim
0,3.4128759525496193,0.15052571771826462,193,0.01,0.3,0.5,0.01,1
