,L2,L2_true,N,std,jump,jump_prob,ve,dim
0,4.178773962752896,2.3202148812534062,26,0.01,0.3,0.5,0.01,2
