,L2,L2_true,N,std,jump,jump_prob,ve,dim
0,3.029937887638846,0.15441219810168297,1000,0.01,0.3,0.5,0.0025,1
