,L2,L2_true,N,std,jump,jump_prob,ve,dim
0,3.4395291574615303,0.4248412194520547,1178,0.01,0.3,0.5,0.01,2
