,L2,L2_true,N,std,jump,jump_prob,ve,dim
0,13.5474455394944,13.184809938969389,227,0.01,0.3,0.5,0.001,3
