,L2,L2_true,N,std,jump,jump_prob,ve,dim
0,4.9680820857982155,3.886975453558679,268,0.01,0.3,0.5,0.0025,2
