,L2,L2_true,N,std,jump,jump_prob,ve,dim
0,6.280913144049238,5.426874345922112,117,0.01,0.3,0.5,0.0025,2
