,L2,L2_true,N,std,jump,jump_prob,ve,dim
0,10.909587364360108,10.398054497814623,227,0.01,0.3,0.5,0.0025,3
