,L2,L2_true,N,std,jump,jump_prob,ve,dim
0,12.016914941656104,11.568199856290134,372,0.01,0.3,0.5,0.0025,3
