,L2,L2_true,N,std,jump,jump_prob,ve,dim
0,4.380707738253225,2.5927899394711673,10,0.01,0.3,0.5,0.01,3
