,L2,L2_true,N,std,jump,jump_prob,ve,dim
0,2.6404654372346874,0.3417897604477341,372,0.01,0.3,0.5,0.001,1
