,L2,L2_true,N,std,jump,jump_prob,ve,dim
0,3.8940625174176713,1.8711086383585498,1178,0.01,0.3,0.5,0.01,3
