,L2,L2_true,N,std,jump,jump_prob,ve,dim
0,0.6325155686174612,0.5930371270483533,372,0.05,0.3,0.5,0.001,1
