,L2,L2_true,N,std,jump,jump_prob,ve,dim
0,2.458448191451246,2.4585551048540757,10,0.2,0.3,0.5,0.001,1
