,L2,L2_true,N,std,jump,jump_prob,ve,dim
0,4.955498148089143,3.846073573424413,16,0.01,0.3,0.5,0.001,2
