,L2,L2_true,N,std,jump,jump_prob,ve,dim
0,0.35819139139830153,0.26591479618056435,1930,0.05,0.3,0.5,0.001,1
