,L2,L2_true,N,std,jump,jump_prob,ve,dim
0,3.9381670577705825,2.467290730579726,719,0.01,0.3,0.5,0.0025,2
