,L2,L2_true,N,std,jump,jump_prob,ve,dim
0,8.055889129481294,7.330797477440207,71,0.01,0.3,0.5,0.0025,3
