,L2,L2_true,N,std,jump,jump_prob,ve,dim
0,2.1263009695716386,2.047665340502527,8,0.05,0.3,0.5,0.001,1
