,L2,L2_true,N,std,jump,jump_prob,ve,dim
0,2.2114072349120573,2.1846369361090816,26,0.05,0.3,0.5,0.001,1
