,L2,L2_true,N,std,jump,jump_prob,ve,dim
0,0.30820085329484853,0.196051631259738,3162,0.05,0.3,0.5,0.001,1
