,L2,L2_true,N,std,jump,jump_prob,ve,dim
0,25.368341812084058,25.19026264503759,2275,0.01,0.3,0.5,0.001,3
