,L2,L2_true,N,std,jump,jump_prob,ve,dim
0,4.103835430013198,2.0846875542843692,7,0.01,0.3,0.5,0.01,3
