,L2,L2_true,N,std,jump,jump_prob,ve,dim
0,3.416710691575553,0.07428868973768883,1178,0.01,0.3,0.5,0.01,1
