,L2,L2_true,N,std,jump,jump_prob,ve,dim
0,1.9998223797743129,1.9160908173939928,6,0.05,0.3,0.5,0.001,1
