,L2,L2_true,N,std,jump,jump_prob,ve,dim
0,18.26284779154476,18.011602293537024,517,0.01,0.3,0.5,0.001,3
