,L2,L2_true,N,std,jump,jump_prob,ve,dim
0,3.6216121653622704,0.7452145328216293,1,0.01,0.3,0.5,0.01,1
