,L2,L2_true,N,std,jump,jump_prob,ve,dim
0,3.4229673679713852,0.1573099509057059,372,0.01,0.3,0.5,0.01,1
