,L2,L2_true,N,std,jump,jump_prob,ve,dim
0,5.492680950914491,4.524966216122511,22,0.01,0.3,0.5,0.001,2
