,L2,L2_true,N,std,jump,jump_prob,ve,dim
0,7.919140727174905,7.271348041483677,61,0.01,0.3,0.5,0.001,3
