,L2,L2_true,N,std,jump,jump_prob,ve,dim
0,6.291408373847519,5.446974662446791,31,0.01,0.3,0.5,0.001,3
