,L2,L2_true,N,std,jump,jump_prob,ve,dim
0,2.391731706652501,2.352206946559456,19,0.05,0.3,0.5,0.001,1
