,L2,L2_true,N,std,jump,jump_prob,ve,dim
0,0.5420124809534298,0.5419813304655537,517,0.2,0.3,0.5,0.001,1
