,L2,L2_true,N,std,jump,jump_prob,ve,dim
0,4.130643807166891,2.244544182089319,43,0.01,0.3,0.5,0.01,2
