,L2,L2_true,N,std,jump,jump_prob,ve,dim
0,22.259256550608523,22.064402844501068,1000,0.01,0.3,0.5,0.001,3
