,L2,L2_true,N,std,jump,jump_prob,ve,dim
0,3.427005030475003,0.08626584542646079,719,0.01,0.3,0.5,0.01,1
