,L2,L2_true,N,std,jump,jump_prob,ve,dim
0,3.608754489450603,1.1242653432815441,193,0.01,0.3,0.5,0.01,2
