,L2,L2_true,N,std,jump,jump_prob,ve,dim
0,0.9631494909530859,0.9630690715819406,163,0.2,0.3,0.5,0.001,1
