,L2,L2_true,N,std,jump,jump_prob,ve,dim
0,4.182392836334548,2.3123910302649215,16,0.01,0.3,0.5,0.01,2
