,L2,L2_true,N,std,jump,jump_prob,ve,dim
0,3.9046674361991673,1.862977883520234,71,0.01,0.3,0.5,0.01,2
