,L2,L2_true,N,std,jump,jump_prob,ve,dim
0,5.124852480135287,3.786244028691307,227,0.01,0.3,0.5,0.01,3
