,L2,L2_true,N,std,jump,jump_prob,ve,dim
0,3.4294718521502636,0.3329273390572888,84,0.01,0.3,0.5,0.01,1
