,L2,L2_true,N,std,jump,jump_prob,ve,dim
0,3.6064332125263343,0.7525161326754167,2,0.01,0.3,0.5,0.01,1
