,L2,L2_true,N,std,jump,jump_prob,ve,dim
0,0.377887242493512,0.37045047456188857,1,0.2,0.3,0.5,0.001,1
