,L2,L2_true,N,std,jump,jump_prob,ve,dim
0,2.7766514309591024,0.926004024755715,100,0.01,0.3,0.5,0.001,1
