,L2,L2_true,N,std,jump,jump_prob,ve,dim
0,22.145145522949136,21.94034680431834,1000,0.01,0.3,0.5,0.001,3
