,L2,L2_true,N,std,jump,jump_prob,ve,dim
0,5.517337898241171,4.264473284316248,51,0.01,0.3,0.5,0.01,3
