,L2,L2_true,N,std,jump,jump_prob,ve,dim
0,3.815002343752947,2.172523616911904,3,0.01,0.3,0.5,0.001,1
