,L2,L2_true,N,std,jump,jump_prob,ve,dim
0,5.281308065176154,3.933928894298416,43,0.01,0.3,0.5,0.01,3
