,L2,L2_true,N,std,jump,jump_prob,ve,dim
0,3.9446195621529263,2.0682762434538304,4,0.01,0.3,0.5,0.0025,2
