,L2,L2_true,N,std,jump,jump_prob,ve,dim
0,3.8207292544838487,2.182234388394401,3,0.01,0.3,0.5,0.001,2
