,L2,L2_true,N,std,jump,jump_prob,ve,dim
0,5.100606121819783,3.698591608528572,31,0.01,0.3,0.5,0.01,3
