,L2,L2_true,N,std,jump,jump_prob,ve,dim
0,6.465323339932402,5.5215903478151604,37,0.01,0.3,0.5,0.0025,3
