,L2,L2_true,N,std,jump,jump_prob,ve,dim
0,8.27347221253822,7.794322887165005,372,0.01,0.3,0.5,0.001,2
