,L2,L2_true,N,std,jump,jump_prob,ve,dim
0,2.0943927966974205,2.004018684704386,7,0.05,0.3,0.5,0.001,1
