,L2,L2_true,N,std,jump,jump_prob,ve,dim
0,4.8894215597883255,3.5757390059854965,16,0.01,0.3,0.5,0.0025,2
