,L2,L2_true,N,std,jump,jump_prob,ve,dim
0,1.915052134394566,1.799796782729397,4,0.05,0.3,0.5,0.001,1
