,L2,L2_true,N,std,jump,jump_prob,ve,dim
0,3.409057515621767,0.12340495124119105,268,0.01,0.3,0.5,0.01,1
