,L2,L2_true,N,std,jump,jump_prob,ve,dim
0,1.435422100258348,1.4142031141274118,71,0.05,0.3,0.5,0.001,1
