,L2,L2_true,N,std,jump,jump_prob,ve,dim
0,0.858523998215337,0.8582736592528742,193,0.2,0.3,0.5,0.001,1
