,L2,L2_true,N,std,jump,jump_prob,ve,dim
0,5.70472747342665,4.787828488625819,26,0.01,0.3,0.5,0.001,2
