,L2,L2_true,N,std,jump,jump_prob,ve,dim
0,3.611767084174972,1.1576623042560266,163,0.01,0.3,0.5,0.01,2
