,L2,L2_true,N,std,jump,jump_prob,ve,dim
0,0.5073927153846586,0.4535521089277245,517,0.05,0.3,0.5,0.001,1
