,L2,L2_true,N,std,jump,jump_prob,ve,dim
0,1.3160264674483582,1.3172003904206702,84,0.2,0.3,0.5,0.001,1
