,L2,L2_true,N,std,jump,jump_prob,ve,dim
0,3.6787194134901395,1.08846843898692,4,0.01,0.3,0.5,0.01,1
