,L2,L2_true,N,std,jump,jump_prob,ve,dim
0,6.123015166318996,5.241825330934556,117,0.01,0.3,0.5,0.0025,2
