,L2,L2_true,N,std,jump,jump_prob,ve,dim
0,3.0506550330604276,0.33067183618004026,268,0.01,0.3,0.5,0.0025,1
