,L2,L2_true,N,std,jump,jump_prob,ve,dim
0,3.935639569403658,1.8871899719788483,61,0.01,0.3,0.5,0.01,2
