,L2,L2_true,N,std,jump,jump_prob,ve,dim
0,3.4124190962455865,0.20908509304044184,71,0.01,0.3,0.5,0.01,1
