,L2,L2_true,N,std,jump,jump_prob,ve,dim
0,4.1878462894443995,2.7792890144326496,6,0.01,0.3,0.5,0.001,3
