,L2,L2_true,N,std,jump,jump_prob,ve,dim
0,22.160600322999063,21.965363886102377,1000,0.01,0.3,0.5,0.001,3
