,L2,L2_true,N,std,jump,jump_prob,ve,dim
0,3.438173493805017,0.43812240787328627,1000,0.01,0.3,0.5,0.01,2
