,L2,L2_true,N,std,jump,jump_prob,ve,dim
0,3.852298563258696,2.2342455561603587,3,0.01,0.3,0.5,0.001,2
