,L2,L2_true,N,std,jump,jump_prob,ve,dim
0,3.434810111982002,0.416045138183162,61,0.01,0.3,0.5,0.01,1
