,L2,L2_true,N,std,jump,jump_prob,ve,dim
0,2.6505434344774517,0.4792026555075306,439,0.01,0.3,0.5,0.001,1
