,L2,L2_true,N,std,jump,jump_prob,ve,dim
0,3.622925644404641,1.328316081603551,1,0.01,0.3,0.5,0.0025,1
