,L2,L2_true,N,std,jump,jump_prob,ve,dim
0,0.4097182616015972,0.4091478336536938,719,0.2,0.3,0.5,0.001,1
