,L2,L2_true,N,std,jump,jump_prob,ve,dim
0,2.1552456933397637,2.1556204200874958,16,0.2,0.3,0.5,0.001,1
