,L2,L2_true,N,std,jump,jump_prob,ve,dim
0,0.5695357010497194,0.5179973508287168,517,0.05,0.3,0.5,0.001,1
