,L2,L2_true,N,std,jump,jump_prob,ve,dim
0,0.8114341258811785,0.8114674778064113,227,0.2,0.3,0.5,0.001,1
