,L2,L2_true,N,std,jump,jump_prob,ve,dim
0,3.6873783094116854,1.3676203263534505,138,0.01,0.3,0.5,0.01,2
