,L2,L2_true,N,std,jump,jump_prob,ve,dim
0,2.378786577295789,2.380185058927092,10,0.2,0.3,0.5,0.001,1
