,L2,L2_true,N,std,jump,jump_prob,ve,dim
0,1.07249744775103,1.0719434708386235,117,0.2,0.3,0.5,0.001,1
