,L2,L2_true,N,std,jump,jump_prob,ve,dim
0,0.45067435609122225,0.45055680142368737,610,0.2,0.3,0.5,0.001,1
