,L2,L2_true,N,std,jump,jump_prob,ve,dim
0,5.558026721636001,4.344259072283008,138,0.01,0.3,0.5,0.01,3
