,L2,L2_true,N,std,jump,jump_prob,ve,dim
0,2.4811497657957946,2.4087897335192103,8,0.05,0.3,0.5,0.001,1
