,L2,L2_true,N,std,jump,jump_prob,ve,dim
0,3.4307343104231998,0.3488139851556748,1637,0.01,0.3,0.5,0.01,2
