,L2,L2_true,N,std,jump,jump_prob,ve,dim
0,3.688066717405616,1.0015394372831004,5,0.01,0.3,0.5,0.01,1
