,L2,L2_true,N,std,jump,jump_prob,ve,dim
0,4.9408042374524825,3.6341394375068625,22,0.01,0.3,0.5,0.0025,2
