,L2,L2_true,N,std,jump,jump_prob,ve,dim
0,3.8535513049618126,1.7546867117951122,71,0.01,0.3,0.5,0.01,2
