,L2,L2_true,N,std,jump,jump_prob,ve,dim
0,6.004701463858209,5.375961649329394,1000,0.01,0.3,0.5,0.001,2
