,L2,L2_true,N,std,jump,jump_prob,ve,dim
0,2.9115753338578627,1.2632346352832182,71,0.01,0.3,0.5,0.001,1
