,L2,L2_true,N,std,jump,jump_prob,ve,dim
0,12.696180862636439,12.297076914632457,719,0.01,0.3,0.5,0.0025,3
