,L2,L2_true,N,std,jump,jump_prob,ve,dim
0,3.9259614278855,2.3765550783956186,3,0.01,0.3,0.5,0.001,1
