,L2,L2_true,N,std,jump,jump_prob,ve,dim
0,3.7767592019480056,1.73237847936076,3,0.01,0.3,0.5,0.0025,1
