,L2,L2_true,N,std,jump,jump_prob,ve,dim
0,2.7001217538126983,0.669477697410493,193,0.01,0.3,0.5,0.001,1
