,L2,L2_true,N,std,jump,jump_prob,ve,dim
0,3.846067902406226,2.0615392322403676,13,0.01,0.3,0.5,0.0025,1
