,L2,L2_true,N,std,jump,jump_prob,ve,dim
0,3.7836265893651095,2.1234259635679047,4,0.01,0.3,0.5,0.001,1
