,L2,L2_true,N,std,jump,jump_prob,ve,dim
0,7.566592419254198,6.928300396300019,71,0.01,0.3,0.5,0.001,2
