,L2,L2_true,N,std,jump,jump_prob,ve,dim
0,1.2415385531503211,1.2432979402544737,3,0.2,0.3,0.5,0.001,1
