,L2,L2_true,N,std,jump,jump_prob,ve,dim
0,2.5005526694526097,2.5011958785564317,19,0.2,0.3,0.5,0.001,1
