,L2,L2_true,N,std,jump,jump_prob,ve,dim
0,3.640786265029655,1.2409785101691602,138,0.01,0.3,0.5,0.01,2
