,L2,L2_true,N,std,jump,jump_prob,ve,dim
0,4.846567449729761,3.5117221498962,16,0.01,0.3,0.5,0.0025,2
