,L2,L2_true,N,std,jump,jump_prob,ve,dim
0,2.1750361119450488,2.175632726815436,8,0.2,0.3,0.5,0.001,1
