,L2,L2_true,N,std,jump,jump_prob,ve,dim
0,4.664777417317498,3.4581039712138026,11,0.01,0.3,0.5,0.001,2
