,L2,L2_true,N,std,jump,jump_prob,ve,dim
0,2.2074565620961013,2.1315504832074113,10,0.05,0.3,0.5,0.001,1
