,L2,L2_true,N,std,jump,jump_prob,ve,dim
0,5.723736212070594,4.6892267643538945,51,0.01,0.3,0.5,0.0025,2
