,L2,L2_true,N,std,jump,jump_prob,ve,dim
0,5.909366753599277,4.963258558348281,100,0.01,0.3,0.5,0.0025,2
