,L2,L2_true,N,std,jump,jump_prob,ve,dim
0,3.0614840828095775,0.4862789526633242,138,0.01,0.3,0.5,0.0025,1
