,L2,L2_true,N,std,jump,jump_prob,ve,dim
0,2.1172487486214617,2.0702371711061525,11,0.05,0.3,0.5,0.001,1
