,L2,L2_true,N,std,jump,jump_prob,ve,dim
0,3.7572166335634902,1.9970692263640006,16,0.01,0.3,0.5,0.0025,1
