,L2,L2_true,N,std,jump,jump_prob,ve,dim
0,2.6504385146578358,0.45782940104374625,372,0.01,0.3,0.5,0.001,1
