,L2,L2_true,N,std,jump,jump_prob,ve,dim
0,10.572734651235578,10.098178500345925,117,0.01,0.3,0.5,0.001,3
