,L2,L2_true,N,std,jump,jump_prob,ve,dim
0,4.029814337044302,1.9288574036971926,6,0.01,0.3,0.5,0.01,3
