,L2,L2_true,N,std,jump,jump_prob,ve,dim
0,10.315401769297265,9.774464796882745,163,0.01,0.3,0.5,0.0025,3
