,L2,L2_true,N,std,jump,jump_prob,ve,dim
0,3.451488946150119,0.3865641919571781,1178,0.01,0.3,0.5,0.01,2
