,L2,L2_true,N,std,jump,jump_prob,ve,dim
0,15.427278209293268,15.11867056178329,316,0.01,0.3,0.5,0.001,3
