,L2,L2_true,N,std,jump,jump_prob,ve,dim
0,9.0202208013643,8.567736792402764,268,0.01,0.3,0.5,0.001,2
