,L2,L2_true,N,std,jump,jump_prob,ve,dim
0,3.619969830543063,1.1151100318822231,11,0.01,0.3,0.5,0.01,1
