,L2,L2_true,N,std,jump,jump_prob,ve,dim
0,3.6870792104164702,1.9382982220027887,2,0.01,0.3,0.5,0.001,2
