,L2,L2_true,N,std,jump,jump_prob,ve,dim
0,4.163483600102818,2.443878175655375,6,0.01,0.3,0.5,0.0025,2
