,L2,L2_true,N,std,jump,jump_prob,ve,dim
0,3.4820535969578885,1.438934979400024,19,0.01,0.3,0.5,0.0025,1
