,L2,L2_true,N,std,jump,jump_prob,ve,dim
0,2.822707831514628,2.824194699418227,10,0.2,0.3,0.5,0.001,1
