,L2,L2_true,N,std,jump,jump_prob,ve,dim
0,0.26374387247898906,0.2633363180459002,1930,0.2,0.3,0.5,0.001,1
