,L2,L2_true,N,std,jump,jump_prob,ve,dim
0,3.818476034733607,2.1878963824601096,3,0.01,0.3,0.5,0.001,3
