,L2,L2_true,N,std,jump,jump_prob,ve,dim
0,4.060210733954972,2.6809883173420466,610,0.01,0.3,0.5,0.0025,2
