,L2,L2_true,N,std,jump,jump_prob,ve,dim
0,3.67315554867834,2.0589106643332893,1000,0.01,0.3,0.5,0.0025,2
