,L2,L2_true,N,std,jump,jump_prob,ve,dim
0,3.7941772273413896,2.394433472878512,13,0.01,0.3,0.5,0.001,1
