,L2,L2_true,N,std,jump,jump_prob,ve,dim
0,2.89307177147778,1.226833478709036,84,0.01,0.3,0.5,0.001,1
