,L2,L2_true,N,std,jump,jump_prob,ve,dim
0,0.45649788775481215,0.4559988473295704,610,0.2,0.3,0.5,0.001,1
