,L2,L2_true,N,std,jump,jump_prob,ve,dim
0,2.1028364761167966,2.092660302045998,26,0.05,0.3,0.5,0.001,1
