,L2,L2_true,N,std,jump,jump_prob,ve,dim
0,2.6163090415863435,0.16976050862468686,1930,0.01,0.3,0.5,0.001,1
