,L2,L2_true,N,std,jump,jump_prob,ve,dim
0,3.9812721535350133,1.9916053025950475,61,0.01,0.3,0.5,0.01,2
