,L2,L2_true,N,std,jump,jump_prob,ve,dim
0,4.24128363997467,2.4339866095553333,31,0.01,0.3,0.5,0.01,2
