,L2,L2_true,N,std,jump,jump_prob,ve,dim
0,5.402295802353236,4.4043624147499205,22,0.01,0.3,0.5,0.001,2
