,L2,L2_true,N,std,jump,jump_prob,ve,dim
0,3.4411437846735025,0.3791773236703873,1389,0.01,0.3,0.5,0.01,2
