,L2,L2_true,N,std,jump,jump_prob,ve,dim
0,9.4568113388243,8.94002574608706,3000,0.01,0.3,0.5,0.0025,3
