,L2,L2_true,N,std,jump,jump_prob,ve,dim
0,11.027433954472428,10.575770605964202,138,0.01,0.3,0.5,0.001,3
