,L2,L2_true,N,std,jump,jump_prob,ve,dim
0,10.242772649789611,9.696753734330143,163,0.01,0.3,0.5,0.0025,3
