,L2,L2_true,N,std,jump,jump_prob,ve,dim
0,0.9988650189259038,0.9989130239018981,163,0.2,0.3,0.5,0.001,1
