,L2,L2_true,N,std,jump,jump_prob,ve,dim
0,3.6270880167822206,1.2144194091950906,163,0.01,0.3,0.5,0.01,2
