,L2,L2_true,N,std,jump,jump_prob,ve,dim
0,1.2298960228677773,1.2291669308793787,100,0.2,0.3,0.5,0.001,1
