,L2,L2_true,N,std,jump,jump_prob,ve,dim
0,4.905406939768906,3.496396612598704,316,0.01,0.3,0.5,0.01,3
