,L2,L2_true,N,std,jump,jump_prob,ve,dim
0,4.9196820983653256,4.14463318440855,1637,0.01,0.3,0.5,0.001,2
