,L2,L2_true,N,std,jump,jump_prob,ve,dim
0,3.834379890270647,1.8516518474705048,2,0.01,0.3,0.5,0.0025,1
