,L2,L2_true,N,std,jump,jump_prob,ve,dim
0,2.6218424013276587,0.2676727161509681,1000,0.01,0.3,0.5,0.001,1
