,L2,L2_true,N,std,jump,jump_prob,ve,dim
0,3.617842947904708,0.7449322842244929,1,0.01,0.3,0.5,0.01,3
