,L2,L2_true,N,std,jump,jump_prob,ve,dim
0,2.3461267217925688,2.3390416439108375,26,0.05,0.3,0.5,0.001,1
