,L2,L2_true,N,std,jump,jump_prob,ve,dim
0,3.418684016372905,0.059603318663665354,1930,0.01,0.3,0.5,0.01,1
