,L2,L2_true,N,std,jump,jump_prob,ve,dim
0,1.828346380357856,1.7769086164223182,43,0.05,0.3,0.5,0.001,1
