,L2,L2_true,N,std,jump,jump_prob,ve,dim
0,6.104000510075777,5.167492372629869,71,0.01,0.3,0.5,0.0025,2
