,L2,L2_true,N,std,jump,jump_prob,ve,dim
0,11.069469939915637,10.577213094676651,227,0.01,0.3,0.5,0.0025,3
