,L2,L2_true,N,std,jump,jump_prob,ve,dim
0,3.6212179032489566,0.744891675183467,1,0.01,0.3,0.5,0.01,3
