,L2,L2_true,N,std,jump,jump_prob,ve,dim
0,0.6961306826403884,0.6964151098286461,268,0.2,0.3,0.5,0.001,1
