,L2,L2_true,N,std,jump,jump_prob,ve,dim
0,3.41646200880803,0.08944002309647672,1637,0.01,0.3,0.5,0.01,1
