,L2,L2_true,N,std,jump,jump_prob,ve,dim
0,3.4776626009614677,0.5928270375124932,19,0.01,0.3,0.5,0.01,1
