,L2,L2_true,N,std,jump,jump_prob,ve,dim
0,0.3780780744204051,0.37063749881385233,1,0.2,0.3,0.5,0.001,1
