,L2,L2_true,N,std,jump,jump_prob,ve,dim
0,3.3833046170850927,1.3519570869505861,26,0.01,0.3,0.5,0.0025,1
