,L2,L2_true,N,std,jump,jump_prob,ve,dim
0,3.364916701166746,1.1700185156037004,19,0.01,0.3,0.5,0.0025,1
