,L2,L2_true,N,std,jump,jump_prob,ve,dim
0,3.025610522855909,0.14070825603407291,1000,0.01,0.3,0.5,0.0025,1
