,L2,L2_true,N,std,jump,jump_prob,ve,dim
0,24.411454490800203,24.239952311839343,1930,0.01,0.3,0.5,0.001,3
