,L2,L2_true,N,std,jump,jump_prob,ve,dim
0,2.8550168806872915,1.179870331421957,100,0.01,0.3,0.5,0.001,1
