,L2,L2_true,N,std,jump,jump_prob,ve,dim
0,2.619439062745284,0.26440517146761633,1178,0.01,0.3,0.5,0.001,1
