,L2,L2_true,N,std,jump,jump_prob,ve,dim
0,3.4147498423524763,0.1252640588713271,268,0.01,0.3,0.5,0.01,1
