,L2,L2_true,N,std,jump,jump_prob,ve,dim
0,9.303008589842069,8.68274658717789,117,0.01,0.3,0.5,0.0025,3
