,L2,L2_true,N,std,jump,jump_prob,ve,dim
0,3.645268288197624,2.0009242351946352,1000,0.01,0.3,0.5,0.0025,2
