,L2,L2_true,N,std,jump,jump_prob,ve,dim
0,2.1297000783998756,2.12897433558626,37,0.2,0.3,0.5,0.001,1
