,L2,L2_true,N,std,jump,jump_prob,ve,dim
0,3.4200408473963515,0.08433615497782881,719,0.01,0.3,0.5,0.01,1
