,L2,L2_true,N,std,jump,jump_prob,ve,dim
0,3.9764292361005915,2.035364262857028,1000,0.01,0.3,0.5,0.01,3
