,L2,L2_true,N,std,jump,jump_prob,ve,dim
0,3.904749371777549,2.337953672014597,4,0.01,0.3,0.5,0.001,1
