,L2,L2_true,N,std,jump,jump_prob,ve,dim
0,3.8255155502159215,2.375507949449004,11,0.01,0.3,0.5,0.001,1
