,L2,L2_true,N,std,jump,jump_prob,ve,dim
0,3.7340530254407938,1.6421084729330508,2,0.01,0.3,0.5,0.0025,2
