,L2,L2_true,N,std,jump,jump_prob,ve,dim
0,3.3929756077962057,0.055162432407083156,1389,0.01,0.3,0.5,0.01,1
