,L2,L2_true,N,std,jump,jump_prob,ve,dim
0,2.6364311495272146,0.3334891369233945,610,0.01,0.3,0.5,0.001,1
