,L2,L2_true,N,std,jump,jump_prob,ve,dim
0,2.0644082427157913,2.065044346510669,61,0.2,0.3,0.5,0.001,1
