,L2,L2_true,N,std,jump,jump_prob,ve,dim
0,3.457124911392472,0.46424690499806165,848,0.01,0.3,0.5,0.01,2
