,L2,L2_true,N,std,jump,jump_prob,ve,dim
0,3.417134797389729,0.12792167665386422,439,0.01,0.3,0.5,0.01,1
