,L2,L2_true,N,std,jump,jump_prob,ve,dim
0,5.434787823664502,4.182403286232918,117,0.01,0.3,0.5,0.01,3
