,L2,L2_true,N,std,jump,jump_prob,ve,dim
0,5.09373616128368,4.033387607114035,19,0.01,0.3,0.5,0.001,2
