,L2,L2_true,N,std,jump,jump_prob,ve,dim
0,3.6223592043226525,1.3290569878536027,1,0.01,0.3,0.5,0.0025,1
