,L2,L2_true,N,std,jump,jump_prob,ve,dim
0,4.261285426660482,2.551634025016887,610,0.01,0.3,0.5,0.01,3
