,L2,L2_true,N,std,jump,jump_prob,ve,dim
0,0.1836744599623409,0.18324722166184826,3162,0.2,0.3,0.5,0.001,1
