,L2,L2_true,N,std,jump,jump_prob,ve,dim
0,3.6892750249419737,1.3648454170529645,163,0.01,0.3,0.5,0.01,2
