,L2,L2_true,N,std,jump,jump_prob,ve,dim
0,3.798456466109055,1.3880191162274707,3,0.01,0.3,0.5,0.01,2
