,L2,L2_true,N,std,jump,jump_prob,ve,dim
0,2.6232863090664664,0.14831818495555701,2275,0.01,0.3,0.5,0.001,1
