,L2,L2_true,N,std,jump,jump_prob,ve,dim
0,5.440067338109055,4.458153066310393,22,0.01,0.3,0.5,0.001,2
