,L2,L2_true,N,std,jump,jump_prob,ve,dim
0,12.037443523090245,11.62607993710885,1389,0.01,0.3,0.5,0.0025,3
