,L2,L2_true,N,std,jump,jump_prob,ve,dim
0,5.377856982373063,4.360053518397027,163,0.01,0.3,0.5,0.0025,2
