,L2,L2_true,N,std,jump,jump_prob,ve,dim
0,2.4084452295098324,2.4094587193534185,16,0.2,0.3,0.5,0.001,1
