,L2,L2_true,N,std,jump,jump_prob,ve,dim
0,12.511230465472194,12.126047358506474,193,0.01,0.3,0.5,0.001,3
