,L2,L2_true,N,std,jump,jump_prob,ve,dim
0,3.6222385071948273,1.196047031072215,163,0.01,0.3,0.5,0.01,2
