,L2,L2_true,N,std,jump,jump_prob,ve,dim
0,3.812200933328863,1.886294904897654,7,0.01,0.3,0.5,0.0025,1
