,L2,L2_true,N,std,jump,jump_prob,ve,dim
0,4.349894130669483,3.2851522011571785,31,0.01,0.3,0.5,0.001,1
