,L2,L2_true,N,std,jump,jump_prob,ve,dim
0,2.0059322745371633,2.0071035052563326,6,0.2,0.3,0.5,0.001,1
