,L2,L2_true,N,std,jump,jump_prob,ve,dim
0,4.0937194064050875,2.107641454811702,10,0.01,0.3,0.5,0.01,2
