,L2,L2_true,N,std,jump,jump_prob,ve,dim
0,4.127247734617967,2.6870676183078843,6,0.01,0.3,0.5,0.001,2
