,L2,L2_true,N,std,jump,jump_prob,ve,dim
0,1.1071205065478709,1.1066591776195651,138,0.2,0.3,0.5,0.001,1
