,L2,L2_true,N,std,jump,jump_prob,ve,dim
0,3.453556424023909,0.477672249142835,43,0.01,0.3,0.5,0.01,1
