,L2,L2_true,N,std,jump,jump_prob,ve,dim
0,3.895243990920704,2.5045880065848984,11,0.01,0.3,0.5,0.001,1
