,L2,L2_true,N,std,jump,jump_prob,ve,dim
0,8.57484061093603,8.026261021060737,100,0.01,0.3,0.5,0.001,2
