,L2,L2_true,N,std,jump,jump_prob,ve,dim
0,3.8295868155876964,2.210049425930551,4,0.01,0.3,0.5,0.001,1
