,L2,L2_true,N,std,jump,jump_prob,ve,dim
0,2.339669500468559,2.260765172312803,6,0.05,0.3,0.5,0.001,1
