,L2,L2_true,N,std,jump,jump_prob,ve,dim
0,4.0847461238904765,2.6123066516245013,5,0.01,0.3,0.5,0.001,3
