,L2,L2_true,N,std,jump,jump_prob,ve,dim
0,3.9067313581039653,1.9849585091728392,4,0.01,0.3,0.5,0.0025,2
