,L2,L2_true,N,std,jump,jump_prob,ve,dim
0,3.044793226373304,0.15772299028808232,1178,0.01,0.3,0.5,0.0025,1
