,L2,L2_true,N,std,jump,jump_prob,ve,dim
0,3.5279739410997615,0.8585009414529186,316,0.01,0.3,0.5,0.01,2
