,L2,L2_true,N,std,jump,jump_prob,ve,dim
0,0.3376051944926027,0.33832930623044166,1178,0.2,0.3,0.5,0.001,1
