,L2,L2_true,N,std,jump,jump_prob,ve,dim
0,5.126160312278141,3.7269593170915645,26,0.01,0.3,0.5,0.01,3
