,L2,L2_true,N,std,jump,jump_prob,ve,dim
0,8.246755412970707,7.672957711654881,100,0.01,0.3,0.5,0.001,2
