,L2,L2_true,N,std,jump,jump_prob,ve,dim
0,1.431562238972801,1.4256647569661705,71,0.05,0.3,0.5,0.001,1
