,L2,L2_true,N,std,jump,jump_prob,ve,dim
0,4.709618043603203,3.21971586353632,372,0.01,0.3,0.5,0.01,3
