,L2,L2_true,N,std,jump,jump_prob,ve,dim
0,0.8319404385012384,0.8312801681135547,193,0.2,0.3,0.5,0.001,1
