,L2,L2_true,N,std,jump,jump_prob,ve,dim
0,3.7404763213355405,1.5975687791554156,2,0.01,0.3,0.5,0.0025,3
