,L2,L2_true,N,std,jump,jump_prob,ve,dim
0,3.116456640345164,0.7112734703896584,61,0.01,0.3,0.5,0.0025,1
