,L2,L2_true,N,std,jump,jump_prob,ve,dim
0,3.4564496769388815,0.5547590443308246,719,0.01,0.3,0.5,0.01,2
