,L2,L2_true,N,std,jump,jump_prob,ve,dim
0,3.742292083512107,2.0981387036081256,7,0.01,0.3,0.5,0.001,1
