,L2,L2_true,N,std,jump,jump_prob,ve,dim
0,5.134824231633613,3.8034284027903085,227,0.01,0.3,0.5,0.01,3
