,L2,L2_true,N,std,jump,jump_prob,ve,dim
0,4.10196244341595,2.3440592639649145,6,0.01,0.3,0.5,0.0025,2
