,L2,L2_true,N,std,jump,jump_prob,ve,dim
0,7.1769287871299765,6.480174068155348,71,0.01,0.3,0.5,0.001,2
