,L2,L2_true,N,std,jump,jump_prob,ve,dim
0,4.671019258421491,3.5788966845791195,13,0.01,0.3,0.5,0.001,1
