,L2,L2_true,N,std,jump,jump_prob,ve,dim
0,4.241294037783063,2.872851838795335,7,0.01,0.3,0.5,0.001,2
