,L2,L2_true,N,std,jump,jump_prob,ve,dim
0,11.13368788293595,10.702915449680756,2000,0.01,0.3,0.5,0.0025,3
