,L2,L2_true,N,std,jump,jump_prob,ve,dim
0,3.679031603723045,2.058903223565782,1000,0.01,0.3,0.5,0.0025,2
