,L2,L2_true,N,std,jump,jump_prob,ve,dim
0,3.6171424056789907,1.8018536842965451,1,0.01,0.3,0.5,0.001,1
