,L2,L2_true,N,std,jump,jump_prob,ve,dim
0,0.3336981935035242,0.2677809649337784,1389,0.05,0.3,0.5,0.001,1
