,L2,L2_true,N,std,jump,jump_prob,ve,dim
0,5.312856235849945,4.145490070566583,26,0.01,0.3,0.5,0.0025,2
