,L2,L2_true,N,std,jump,jump_prob,ve,dim
0,0.24433319147137172,0.24493712436115134,1930,0.2,0.3,0.5,0.001,1
