,L2,L2_true,N,std,jump,jump_prob,ve,dim
0,3.61216155363264,1.3293988954940967,1,0.01,0.3,0.5,0.0025,3
