,L2,L2_true,N,std,jump,jump_prob,ve,dim
0,4.203962602552248,2.3374267100742068,16,0.01,0.3,0.5,0.01,2
