,L2,L2_true,N,std,jump,jump_prob,ve,dim
0,3.4221286486744256,0.3153225437577508,71,0.01,0.3,0.5,0.01,1
