,L2,L2_true,N,std,jump,jump_prob,ve,dim
0,7.066171138117914,6.338801406893078,43,0.01,0.3,0.5,0.001,3
