,L2,L2_true,N,std,jump,jump_prob,ve,dim
0,0.3124537501611453,0.31165888068412506,1389,0.2,0.3,0.5,0.001,1
