,L2,L2_true,N,std,jump,jump_prob,ve,dim
0,3.6123568458469384,0.7444531486203013,1,0.01,0.3,0.5,0.01,1
