,L2,L2_true,N,std,jump,jump_prob,ve,dim
0,5.250356890019401,4.545347436096863,1389,0.01,0.3,0.5,0.001,2
