,L2,L2_true,N,std,jump,jump_prob,ve,dim
0,0.9804940292411847,0.9782999775093834,163,0.05,0.3,0.5,0.001,1
