,L2,L2_true,N,std,jump,jump_prob,ve,dim
0,3.5231740541852656,2.343750109634639,51,0.01,0.3,0.5,0.001,1
