,L2,L2_true,N,std,jump,jump_prob,ve,dim
0,9.965923423585316,9.464688879809854,100,0.01,0.3,0.5,0.001,3
