,L2,L2_true,N,std,jump,jump_prob,ve,dim
0,12.659472079302903,12.264448350860354,848,0.01,0.3,0.5,0.0025,3
