,L2,L2_true,N,std,jump,jump_prob,ve,dim
0,4.1105888430091575,2.809920084830605,13,0.01,0.3,0.5,0.001,1
