,L2,L2_true,N,std,jump,jump_prob,ve,dim
0,6.034641202152447,5.1573898743502005,31,0.01,0.3,0.5,0.001,2
