,L2,L2_true,N,std,jump,jump_prob,ve,dim
0,3.5657591071078483,1.0033505085224856,227,0.01,0.3,0.5,0.01,2
