,L2,L2_true,N,std,jump,jump_prob,ve,dim
0,3.6349302000345847,0.7447459676156686,1,0.01,0.3,0.5,0.01,1
