,L2,L2_true,N,std,jump,jump_prob,ve,dim
0,12.054538031148244,11.653246200930669,163,0.01,0.3,0.5,0.001,3
