,L2,L2_true,N,std,jump,jump_prob,ve,dim
0,1.6499377236334811,1.650519501869632,71,0.2,0.3,0.5,0.001,1
