,L2,L2_true,N,std,jump,jump_prob,ve,dim
0,3.4236701645944194,0.2349652650943809,84,0.01,0.3,0.5,0.01,1
