,L2,L2_true,N,std,jump,jump_prob,ve,dim
0,11.177262911565796,10.734916795782597,138,0.01,0.3,0.5,0.001,3
