,L2,L2_true,N,std,jump,jump_prob,ve,dim
0,8.335606841273936,7.792478807009338,138,0.01,0.3,0.5,0.001,2
