,L2,L2_true,N,std,jump,jump_prob,ve,dim
0,3.40297694446356,0.19993018676857896,268,0.01,0.3,0.5,0.01,1
