,L2,L2_true,N,std,jump,jump_prob,ve,dim
0,4.001460253146663,2.1573872243234797,5,0.01,0.3,0.5,0.0025,2
