,L2,L2_true,N,std,jump,jump_prob,ve,dim
0,3.4113663346967176,0.07510802284068868,1000,0.01,0.3,0.5,0.01,1
