,L2,L2_true,N,std,jump,jump_prob,ve,dim
0,4.024056301065733,2.817032656324329,22,0.01,0.3,0.5,0.001,1
