,L2,L2_true,N,std,jump,jump_prob,ve,dim
0,2.640672111988567,0.3176742906062874,719,0.01,0.3,0.5,0.001,1
