,L2,L2_true,N,std,jump,jump_prob,ve,dim
0,0.8207200921336366,0.8056810756894527,193,0.05,0.3,0.5,0.001,1
