,L2,L2_true,N,std,jump,jump_prob,ve,dim
0,0.8964438090055932,0.8963948435458976,193,0.2,0.3,0.5,0.001,1
