,L2,L2_true,N,std,jump,jump_prob,ve,dim
0,1.9137682950135182,1.8123871695619005,5,0.05,0.3,0.5,0.001,1
