,L2,L2_true,N,std,jump,jump_prob,ve,dim
0,5.5667125135220585,4.88601802632133,1178,0.01,0.3,0.5,0.001,2
