,L2,L2_true,N,std,jump,jump_prob,ve,dim
0,4.380402891585151,2.5945213344112688,11,0.01,0.3,0.5,0.01,3
