,L2,L2_true,N,std,jump,jump_prob,ve,dim
0,1.7846763893157869,1.7802649748107033,61,0.05,0.3,0.5,0.001,1
