,L2,L2_true,N,std,jump,jump_prob,ve,dim
0,11.878939178757067,11.429151396240222,316,0.01,0.3,0.5,0.0025,3
