,L2,L2_true,N,std,jump,jump_prob,ve,dim
0,3.443098001593959,0.3997917380031951,43,0.01,0.3,0.5,0.01,1
