,L2,L2_true,N,std,jump,jump_prob,ve,dim
0,6.0292532474301765,5.418445724464299,1000,0.01,0.3,0.5,0.001,2
