,L2,L2_true,N,std,jump,jump_prob,ve,dim
0,3.414429646553498,0.21492450128161458,100,0.01,0.3,0.5,0.01,1
