,L2,L2_true,N,std,jump,jump_prob,ve,dim
0,10.090362580398379,9.535784969175886,163,0.01,0.3,0.5,0.0025,3
