,L2,L2_true,N,std,jump,jump_prob,ve,dim
0,0.4369038680416083,0.4361866815521764,848,0.2,0.3,0.5,0.001,1
