,L2,L2_true,N,std,jump,jump_prob,ve,dim
0,4.7582376677465446,3.198379226512524,19,0.01,0.3,0.5,0.01,3
