,L2,L2_true,N,std,jump,jump_prob,ve,dim
0,3.705103390889357,1.4174323319612103,2000,0.01,0.3,0.5,0.01,3
