,L2,L2_true,N,std,jump,jump_prob,ve,dim
0,4.884425011943769,3.738761246258725,13,0.01,0.3,0.5,0.001,2
