,L2,L2_true,N,std,jump,jump_prob,ve,dim
0,3.619292579397321,1.8025735785096662,1,0.01,0.3,0.5,0.001,1
