,L2,L2_true,N,std,jump,jump_prob,ve,dim
0,0.355138798175793,0.3548010167529205,1000,0.2,0.3,0.5,0.001,1
