,L2,L2_true,N,std,jump,jump_prob,ve,dim
0,0.5027953719189742,0.43461410297756414,610,0.05,0.3,0.5,0.001,1
