,L2,L2_true,N,std,jump,jump_prob,ve,dim
0,3.7357672891481752,2.1297351827276656,7,0.01,0.3,0.5,0.001,1
