,L2,L2_true,N,std,jump,jump_prob,ve,dim
0,2.5431049864210076,2.543544638434119,10,0.2,0.3,0.5,0.001,1
