,L2,L2_true,N,std,jump,jump_prob,ve,dim
0,24.414113295130928,24.249442575986045,1930,0.01,0.3,0.5,0.001,3
