,L2,L2_true,N,std,jump,jump_prob,ve,dim
0,4.471684158677424,3.273961403969697,439,0.01,0.3,0.5,0.0025,2
