,L2,L2_true,N,std,jump,jump_prob,ve,dim
0,1.7288890894035702,1.7286007810810293,61,0.2,0.3,0.5,0.001,1
