,L2,L2_true,N,std,jump,jump_prob,ve,dim
0,3.6133644164510934,0.7446509166760691,1,0.01,0.3,0.5,0.01,1
