,L2,L2_true,N,std,jump,jump_prob,ve,dim
0,5.116823240478984,3.785101889643336,193,0.01,0.3,0.5,0.01,3
