,L2,L2_true,N,std,jump,jump_prob,ve,dim
0,3.689978191609442,3.691630998638017,19,0.2,0.3,0.5,0.001,1
