,L2,L2_true,N,std,jump,jump_prob,ve,dim
0,10.734035762509958,10.222078073582006,193,0.01,0.3,0.5,0.0025,3
