,L2,L2_true,N,std,jump,jump_prob,ve,dim
0,2.621662617330954,0.2395128965582597,1389,0.01,0.3,0.5,0.001,1
