,L2,L2_true,N,std,jump,jump_prob,ve,dim
0,3.192331111324484,0.923767669632481,37,0.01,0.3,0.5,0.0025,1
