,L2,L2_true,N,std,jump,jump_prob,ve,dim
0,3.4448862563611926,0.47292692374769363,848,0.01,0.3,0.5,0.01,2
