,L2,L2_true,N,std,jump,jump_prob,ve,dim
0,1.9907092192863458,1.9896714997950544,61,0.2,0.3,0.5,0.001,1
