,L2,L2_true,N,std,jump,jump_prob,ve,dim
0,3.894422453556487,1.6409944262252538,4,0.01,0.3,0.5,0.01,3
