,L2,L2_true,N,std,jump,jump_prob,ve,dim
0,4.587092892825902,3.0334839096142816,439,0.01,0.3,0.5,0.01,3
