,L2,L2_true,N,std,jump,jump_prob,ve,dim
0,3.708478495072179,1.633603229496277,6,0.01,0.3,0.5,0.0025,1
