,L2,L2_true,N,std,jump,jump_prob,ve,dim
0,3.4287786785643086,0.2633364909506738,3000,0.01,0.3,0.5,0.01,2
