,L2,L2_true,N,std,jump,jump_prob,ve,dim
0,3.743678024587868,1.252148973589029,3,0.01,0.3,0.5,0.01,2
