,L2,L2_true,N,std,jump,jump_prob,ve,dim
0,3.562910989936233,1.012460318659949,227,0.01,0.3,0.5,0.01,2
