,L2,L2_true,N,std,jump,jump_prob,ve,dim
0,3.3355195447615804,1.3199636488957311,37,0.01,0.3,0.5,0.0025,1
