,L2,L2_true,N,std,jump,jump_prob,ve,dim
0,0.32702748687191574,0.3267550843127479,1389,0.2,0.3,0.5,0.001,1
