,L2,L2_true,N,std,jump,jump_prob,ve,dim
0,10.797335793207198,10.288570932388552,193,0.01,0.3,0.5,0.0025,3
