,L2,L2_true,N,std,jump,jump_prob,ve,dim
0,3.625929083317904,0.9721649493601063,11,0.01,0.3,0.5,0.01,1
