,L2,L2_true,N,std,jump,jump_prob,ve,dim
0,0.4735276837823268,0.4229025055511693,610,0.05,0.3,0.5,0.001,1
