,L2,L2_true,N,std,jump,jump_prob,ve,dim
0,4.2022543140317925,2.284256956059872,10,0.01,0.3,0.5,0.01,2
