,L2,L2_true,N,std,jump,jump_prob,ve,dim
0,4.33037513091288,2.990929423492196,7,0.01,0.3,0.5,0.001,3
