,L2,L2_true,N,std,jump,jump_prob,ve,dim
0,0.5153113600839249,0.47450429053394466,517,0.05,0.3,0.5,0.001,1
