,L2,L2_true,N,std,jump,jump_prob,ve,dim
0,0.3778854168849905,0.37044647172068146,1,0.2,0.3,0.5,0.001,1
