,L2,L2_true,N,std,jump,jump_prob,ve,dim
0,3.591446016308088,0.9801774012700184,10,0.01,0.3,0.5,0.01,1
