,L2,L2_true,N,std,jump,jump_prob,ve,dim
0,1.863351051085831,1.7820620755826488,11,0.05,0.3,0.5,0.001,1
