,L2,L2_true,N,std,jump,jump_prob,ve,dim
0,4.266400298347584,2.5462002578891534,610,0.01,0.3,0.5,0.01,3
