,L2,L2_true,N,std,jump,jump_prob,ve,dim
0,2.3559393539301623,2.352616031514021,6,0.2,0.3,0.5,0.001,1
