,L2,L2_true,N,std,jump,jump_prob,ve,dim
0,21.947602569988067,21.74688654921176,1000,0.01,0.3,0.5,0.001,3
