,L2,L2_true,N,std,jump,jump_prob,ve,dim
0,3.401892345983332,0.05135919561596559,3162,0.01,0.3,0.5,0.01,1
