,L2,L2_true,N,std,jump,jump_prob,ve,dim
0,0.30889374983141776,0.18552695313206438,3162,0.05,0.3,0.5,0.001,1
