,L2,L2_true,N,std,jump,jump_prob,ve,dim
0,5.533085665115994,4.306955009843847,138,0.01,0.3,0.5,0.01,3
