,L2,L2_true,N,std,jump,jump_prob,ve,dim
0,4.136824127139697,2.4411491612507144,7,0.01,0.3,0.5,0.0025,2
