,L2,L2_true,N,std,jump,jump_prob,ve,dim
0,3.084528095400928,0.5841310074014806,84,0.01,0.3,0.5,0.0025,1
