,L2,L2_true,N,std,jump,jump_prob,ve,dim
0,4.346509795072428,3.455585665065496,2275,0.01,0.3,0.5,0.001,2
