,L2,L2_true,N,std,jump,jump_prob,ve,dim
0,4.065572882909103,2.1975363693247787,848,0.01,0.3,0.5,0.01,3
