,L2,L2_true,N,std,jump,jump_prob,ve,dim
0,3.4411370267785784,0.4353875103114218,51,0.01,0.3,0.5,0.01,1
