,L2,L2_true,N,std,jump,jump_prob,ve,dim
0,3.8853165524058895,1.843797808721643,1178,0.01,0.3,0.5,0.01,3
