,L2,L2_true,N,std,jump,jump_prob,ve,dim
0,3.053449746682997,0.39888439715392593,163,0.01,0.3,0.5,0.0025,1
