,L2,L2_true,N,std,jump,jump_prob,ve,dim
0,0.6452650500771373,0.5916763488716498,372,0.05,0.3,0.5,0.001,1
