,L2,L2_true,N,std,jump,jump_prob,ve,dim
0,4.002662046652099,2.661125531205126,11,0.01,0.3,0.5,0.001,1
