,L2,L2_true,N,std,jump,jump_prob,ve,dim
0,4.611495902916996,2.9812918861562467,16,0.01,0.3,0.5,0.01,3
