,L2,L2_true,N,std,jump,jump_prob,ve,dim
0,3.848462672461596,1.7586849576275543,84,0.01,0.3,0.5,0.01,2
