,L2,L2_true,N,std,jump,jump_prob,ve,dim
0,4.056247413489434,2.0075300107899174,8,0.01,0.3,0.5,0.01,2
