,L2,L2_true,N,std,jump,jump_prob,ve,dim
0,3.1199875589671406,1.750371750158034,84,0.01,0.3,0.5,0.001,1
