,L2,L2_true,N,std,jump,jump_prob,ve,dim
0,21.894774303274662,21.69408941247769,1000,0.01,0.3,0.5,0.001,3
