,L2,L2_true,N,std,jump,jump_prob,ve,dim
0,6.161999491179208,5.290494386273615,117,0.01,0.3,0.5,0.0025,2
