,L2,L2_true,N,std,jump,jump_prob,ve,dim
0,5.439805382512388,4.193577140042047,163,0.01,0.3,0.5,0.01,3
