,L2,L2_true,N,std,jump,jump_prob,ve,dim
0,3.4205063641030455,0.04665642723589218,2682,0.01,0.3,0.5,0.01,1
