,L2,L2_true,N,std,jump,jump_prob,ve,dim
0,4.682153229896343,3.4755003193184693,11,0.01,0.3,0.5,0.001,3
