,L2,L2_true,N,std,jump,jump_prob,ve,dim
0,4.010084250094685,2.0432561816625685,51,0.01,0.3,0.5,0.01,2
