,L2,L2_true,N,std,jump,jump_prob,ve,dim
0,12.512702046320612,12.114356675113871,193,0.01,0.3,0.5,0.001,3
