,L2,L2_true,N,std,jump,jump_prob,ve,dim
0,3.4616575920712993,1.686228772526491,1389,0.01,0.3,0.5,0.0025,2
