,L2,L2_true,N,std,jump,jump_prob,ve,dim
0,10.614294312846438,10.085558030167512,193,0.01,0.3,0.5,0.0025,3
