,L2,L2_true,N,std,jump,jump_prob,ve,dim
0,10.217505590713339,9.67008293951698,163,0.01,0.3,0.5,0.0025,3
