,L2,L2_true,N,std,jump,jump_prob,ve,dim
0,3.4489720297825652,0.4542490838589225,1000,0.01,0.3,0.5,0.01,2
