,L2,L2_true,N,std,jump,jump_prob,ve,dim
0,4.324794012209478,2.7250608433546737,8,0.01,0.3,0.5,0.0025,2
