,L2,L2_true,N,std,jump,jump_prob,ve,dim
0,5.522568292260254,4.260731028780713,61,0.01,0.3,0.5,0.01,3
