,L2,L2_true,N,std,jump,jump_prob,ve,dim
0,12.44156722216267,12.018952576137707,610,0.01,0.3,0.5,0.0025,3
