,L2,L2_true,N,std,jump,jump_prob,ve,dim
0,7.480535665547328,6.964814100776899,610,0.01,0.3,0.5,0.001,2
