,L2,L2_true,N,std,jump,jump_prob,ve,dim
0,9.243428989282185,8.698001641747332,84,0.01,0.3,0.5,0.001,3
