,L2,L2_true,N,std,jump,jump_prob,ve,dim
0,2.6328642071144013,2.592303669734014,16,0.05,0.3,0.5,0.001,1
