,L2,L2_true,N,std,jump,jump_prob,ve,dim
0,3.0354087347847925,0.1325004772349745,1389,0.01,0.3,0.5,0.0025,1
