,L2,L2_true,N,std,jump,jump_prob,ve,dim
0,2.1321995113240826,2.128081079207375,5,0.2,0.3,0.5,0.001,1
