,L2,L2_true,N,std,jump,jump_prob,ve,dim
0,3.697179957810034,1.411862254570579,2000,0.01,0.3,0.5,0.01,3
