,L2,L2_true,N,std,jump,jump_prob,ve,dim
0,2.1865037433895247,2.0825931626167646,8,0.05,0.3,0.5,0.001,1
