,L2,L2_true,N,std,jump,jump_prob,ve,dim
0,3.663939640431637,2.039650107252192,1000,0.01,0.3,0.5,0.0025,2
