,L2,L2_true,N,std,jump,jump_prob,ve,dim
0,3.657171584709252,0.988123057004141,2,0.01,0.3,0.5,0.01,1
