,L2,L2_true,N,std,jump,jump_prob,ve,dim
0,4.886484177265465,3.749542887390917,13,0.01,0.3,0.5,0.001,3
