,L2,L2_true,N,std,jump,jump_prob,ve,dim
0,8.888504553796874,8.408104274043655,227,0.01,0.3,0.5,0.001,2
