,L2,L2_true,N,std,jump,jump_prob,ve,dim
0,4.3632584575693185,2.7758075790459245,8,0.01,0.3,0.5,0.0025,3
