,L2,L2_true,N,std,jump,jump_prob,ve,dim
0,2.67641100171091,0.6711864346118828,138,0.01,0.3,0.5,0.001,1
