,L2,L2_true,N,std,jump,jump_prob,ve,dim
0,2.7555050361335507,2.754542588835977,8,0.2,0.3,0.5,0.001,1
