,L2,L2_true,N,std,jump,jump_prob,ve,dim
0,0.41328019824531714,0.4139048335521113,848,0.2,0.3,0.5,0.001,1
