,L2,L2_true,N,std,jump,jump_prob,ve,dim
0,18.18528602573076,17.92911542844182,517,0.01,0.3,0.5,0.001,3
