,L2,L2_true,N,std,jump,jump_prob,ve,dim
0,3.624685314580946,1.8055545958109256,1,0.01,0.3,0.5,0.001,1
