,L2,L2_true,N,std,jump,jump_prob,ve,dim
0,0.8617896050565388,0.8628229298164698,2,0.2,0.3,0.5,0.001,1
