,L2,L2_true,N,std,jump,jump_prob,ve,dim
0,3.406683371562421,0.09055536046874525,719,0.01,0.3,0.5,0.01,1
