,L2,L2_true,N,std,jump,jump_prob,ve,dim
0,6.750393421484823,5.972966302386281,37,0.01,0.3,0.5,0.001,3
