,L2,L2_true,N,std,jump,jump_prob,ve,dim
0,7.981365638687115,7.506239797292476,517,0.01,0.3,0.5,0.001,2
