,L2,L2_true,N,std,jump,jump_prob,ve,dim
0,3.716211292841366,1.4479367952838849,1930,0.01,0.3,0.5,0.01,3
