,L2,L2_true,N,std,jump,jump_prob,ve,dim
0,6.4565119449441575,5.520935936402912,37,0.01,0.3,0.5,0.0025,3
