,L2,L2_true,N,std,jump,jump_prob,ve,dim
0,5.3061817337226405,3.9746543975847786,43,0.01,0.3,0.5,0.01,3
