,L2,L2_true,N,std,jump,jump_prob,ve,dim
0,1.0147753915902313,1.014816460910727,163,0.2,0.3,0.5,0.001,1
