,L2,L2_true,N,std,jump,jump_prob,ve,dim
0,1.1301255134664894,1.1262254859279044,2,0.2,0.3,0.5,0.001,1
