,L2,L2_true,N,std,jump,jump_prob,ve,dim
0,6.801211028591274,6.060312734395749,51,0.01,0.3,0.5,0.001,2
