,L2,L2_true,N,std,jump,jump_prob,ve,dim
0,4.570676644668141,3.024505602701481,439,0.01,0.3,0.5,0.01,3
