,L2,L2_true,N,std,jump,jump_prob,ve,dim
0,3.2972419578026284,1.2735783996988568,31,0.01,0.3,0.5,0.0025,1
