,L2,L2_true,N,std,jump,jump_prob,ve,dim
0,5.602054426386976,4.922923397770593,1178,0.01,0.3,0.5,0.001,2
