,L2,L2_true,N,std,jump,jump_prob,ve,dim
0,21.91926066367676,21.717387843653118,1000,0.01,0.3,0.5,0.001,3
