,L2,L2_true,N,std,jump,jump_prob,ve,dim
0,3.5268177797559006,0.8301991565958815,316,0.01,0.3,0.5,0.01,2
