,L2,L2_true,N,std,jump,jump_prob,ve,dim
0,6.121154194734963,5.257397843136761,26,0.01,0.3,0.5,0.001,3
