,L2,L2_true,N,std,jump,jump_prob,ve,dim
0,0.92453430208378,0.9241750515474935,2,0.2,0.3,0.5,0.001,1
