,L2,L2_true,N,std,jump,jump_prob,ve,dim
0,11.789789140329574,11.36962961739361,163,0.01,0.3,0.5,0.001,3
