,L2,L2_true,N,std,jump,jump_prob,ve,dim
0,2.106210834440685,2.105931276703975,22,0.2,0.3,0.5,0.001,1
