,L2,L2_true,N,std,jump,jump_prob,ve,dim
0,1.8892312176839947,1.790748158022543,5,0.05,0.3,0.5,0.001,1
