,L2,L2_true,N,std,jump,jump_prob,ve,dim
0,4.044417348777267,2.241387493961549,6,0.01,0.3,0.5,0.0025,2
