,L2,L2_true,N,std,jump,jump_prob,ve,dim
0,1.3492472663679043,1.1780198696875037,1,0.05,0.3,0.5,0.001,1
