,L2,L2_true,N,std,jump,jump_prob,ve,dim
0,4.153683299823278,2.440908424993331,6,0.01,0.3,0.5,0.0025,2
