,L2,L2_true,N,std,jump,jump_prob,ve,dim
0,3.407506197865945,0.08819304780973718,1389,0.01,0.3,0.5,0.01,1
