,L2,L2_true,N,std,jump,jump_prob,ve,dim
0,3.852897030997944,2.238410971542392,2,0.01,0.3,0.5,0.001,1
