,L2,L2_true,N,std,jump,jump_prob,ve,dim
0,4.24394016944673,2.588623361109732,7,0.01,0.3,0.5,0.0025,3
