,L2,L2_true,N,std,jump,jump_prob,ve,dim
0,3.6221276181762083,1.090234366439404,7,0.01,0.3,0.5,0.01,1
