,L2,L2_true,N,std,jump,jump_prob,ve,dim
0,3.4232002395260324,0.31982245023770006,2000,0.01,0.3,0.5,0.01,2
