,L2,L2_true,N,std,jump,jump_prob,ve,dim
0,3.157653592602769,0.9519662363548717,71,0.01,0.3,0.5,0.0025,1
