,L2,L2_true,N,std,jump,jump_prob,ve,dim
0,9.621226250387839,9.036332738349508,138,0.01,0.3,0.5,0.0025,3
