,L2,L2_true,N,std,jump,jump_prob,ve,dim
0,0.7443421434597236,0.6957600162090891,227,0.05,0.3,0.5,0.001,1
