,L2,L2_true,N,std,jump,jump_prob,ve,dim
0,0.2860839013188662,0.28494866710198463,1637,0.2,0.3,0.5,0.001,1
