,L2,L2_true,N,std,jump,jump_prob,ve,dim
0,11.012148657710307,10.57308171824808,1930,0.01,0.3,0.5,0.0025,3
