,L2,L2_true,N,std,jump,jump_prob,ve,dim
0,12.112439114296317,11.677180640080572,372,0.01,0.3,0.5,0.0025,3
