,L2,L2_true,N,std,jump,jump_prob,ve,dim
0,2.4709087524972073,2.47035363448316,22,0.2,0.3,0.5,0.001,1
