,L2,L2_true,N,std,jump,jump_prob,ve,dim
0,3.9775288377914206,2.572937036443939,8,0.01,0.3,0.5,0.001,1
