,L2,L2_true,N,std,jump,jump_prob,ve,dim
0,2.0522947716727966,2.0525389224120203,8,0.2,0.3,0.5,0.001,1
