,L2,L2_true,N,std,jump,jump_prob,ve,dim
0,4.707152211858286,3.1290092370487113,19,0.01,0.3,0.5,0.01,3
