,L2,L2_true,N,std,jump,jump_prob,ve,dim
0,3.029309624929504,0.09784617600316715,2682,0.01,0.3,0.5,0.0025,1
