,L2,L2_true,N,std,jump,jump_prob,ve,dim
0,4.803025291158864,3.41588182271256,13,0.01,0.3,0.5,0.0025,3
