,L2,L2_true,N,std,jump,jump_prob,ve,dim
0,3.3192542440657418,1.3297742862619002,2275,0.01,0.3,0.5,0.0025,2
