,L2,L2_true,N,std,jump,jump_prob,ve,dim
0,3.0434765929083842,0.12484823658528545,2275,0.01,0.3,0.5,0.0025,1
