,L2,L2_true,N,std,jump,jump_prob,ve,dim
0,10.064957908222754,9.510550584193028,163,0.01,0.3,0.5,0.0025,3
