,L2,L2_true,N,std,jump,jump_prob,ve,dim
0,1.1850984078295501,1.1849395027574492,117,0.2,0.3,0.5,0.001,1
