,L2,L2_true,N,std,jump,jump_prob,ve,dim
0,3.6465200645092115,1.8461921235583298,2,0.01,0.3,0.5,0.001,1
