,L2,L2_true,N,std,jump,jump_prob,ve,dim
0,3.960380028955033,2.6524254287555666,22,0.01,0.3,0.5,0.001,1
