,L2,L2_true,N,std,jump,jump_prob,ve,dim
0,2.377030041632701,2.3078130738317935,13,0.05,0.3,0.5,0.001,1
