,L2,L2_true,N,std,jump,jump_prob,ve,dim
0,3.891680522376951,1.8216647586592376,61,0.01,0.3,0.5,0.01,2
