,L2,L2_true,N,std,jump,jump_prob,ve,dim
0,3.9023828852443954,2.0039041476043664,4,0.01,0.3,0.5,0.0025,2
