,L2,L2_true,N,std,jump,jump_prob,ve,dim
0,2.476890335599837,2.4776033573011103,10,0.2,0.3,0.5,0.001,1
