,L2,L2_true,N,std,jump,jump_prob,ve,dim
0,0.49330153893504575,0.493028087710745,610,0.2,0.3,0.5,0.001,1
