,L2,L2_true,N,std,jump,jump_prob,ve,dim
0,5.416670104949813,4.71991647380277,1389,0.01,0.3,0.5,0.001,2
