,L2,L2_true,N,std,jump,jump_prob,ve,dim
0,4.658968115637514,3.456582251974811,11,0.01,0.3,0.5,0.001,2
