,L2,L2_true,N,std,jump,jump_prob,ve,dim
0,0.37773054279996615,0.3702954081622381,1,0.2,0.3,0.5,0.001,1
