,L2,L2_true,N,std,jump,jump_prob,ve,dim
0,3.043489963378919,0.2327388479928563,439,0.01,0.3,0.5,0.0025,1
