,L2,L2_true,N,std,jump,jump_prob,ve,dim
0,3.930752125613102,1.7446127453081866,5,0.01,0.3,0.5,0.01,2
