,L2,L2_true,N,std,jump,jump_prob,ve,dim
0,3.8730600809626985,2.0782227234200197,16,0.01,0.3,0.5,0.0025,1
