,L2,L2_true,N,std,jump,jump_prob,ve,dim
0,3.823114675792114,1.7186848964370367,1389,0.01,0.3,0.5,0.01,3
