,L2,L2_true,N,std,jump,jump_prob,ve,dim
0,3.6418057122369847,1.8682675123572707,2,0.01,0.3,0.5,0.001,1
