,L2,L2_true,N,std,jump,jump_prob,ve,dim
0,3.6497791144039367,1.4142413389895006,2,0.01,0.3,0.5,0.0025,1
