,L2,L2_true,N,std,jump,jump_prob,ve,dim
0,4.846140443723296,4.0682148163493235,1637,0.01,0.3,0.5,0.001,2
