,L2,L2_true,N,std,jump,jump_prob,ve,dim
0,1.7956252093482525,1.6773275520783546,4,0.05,0.3,0.5,0.001,1
