,L2,L2_true,N,std,jump,jump_prob,ve,dim
0,12.79511152047623,12.39557528032333,610,0.01,0.3,0.5,0.0025,3
