,L2,L2_true,N,std,jump,jump_prob,ve,dim
0,3.8033062500989354,1.3984049510348966,3,0.01,0.3,0.5,0.01,3
