,L2,L2_true,N,std,jump,jump_prob,ve,dim
0,2.650514539385213,0.45740248094706526,268,0.01,0.3,0.5,0.001,1
