,L2,L2_true,N,std,jump,jump_prob,ve,dim
0,2.5161358513073204,2.5164852577697667,26,0.2,0.3,0.5,0.001,1
