,L2,L2_true,N,std,jump,jump_prob,ve,dim
0,3.417715938924031,0.11866642161247942,517,0.01,0.3,0.5,0.01,1
