,L2,L2_true,N,std,jump,jump_prob,ve,dim
0,3.7634966247344943,1.5209455187136554,100,0.01,0.3,0.5,0.01,2
