,L2,L2_true,N,std,jump,jump_prob,ve,dim
0,3.964139739233769,2.0150914125486006,1000,0.01,0.3,0.5,0.01,3
