,L2,L2_true,N,std,jump,jump_prob,ve,dim
0,3.6351709346960552,0.8022444355627261,2,0.01,0.3,0.5,0.01,1
