,L2,L2_true,N,std,jump,jump_prob,ve,dim
0,21.773539642980385,21.576655990401964,1000,0.01,0.3,0.5,0.001,3
