,L2,L2_true,N,std,jump,jump_prob,ve,dim
0,5.287522371752985,4.292308024566592,227,0.01,0.3,0.5,0.0025,2
