,L2,L2_true,N,std,jump,jump_prob,ve,dim
0,3.6124202954934748,2.3258155024565057,31,0.01,0.3,0.5,0.001,1
