,L2,L2_true,N,std,jump,jump_prob,ve,dim
0,3.409156714673566,0.030530055668681794,3162,0.01,0.3,0.5,0.01,1
