,L2,L2_true,N,std,jump,jump_prob,ve,dim
0,12.330741027325287,11.902633596618353,439,0.01,0.3,0.5,0.0025,3
