,L2,L2_true,N,std,jump,jump_prob,ve,dim
0,3.61700479753867,1.8041919418028451,1,0.01,0.3,0.5,0.001,1
