,L2,L2_true,N,std,jump,jump_prob,ve,dim
0,5.403889822706591,4.152754791038922,163,0.01,0.3,0.5,0.01,3
