,L2,L2_true,N,std,jump,jump_prob,ve,dim
0,8.547674895833314,8.04869751445219,227,0.01,0.3,0.5,0.001,2
