,L2,L2_true,N,std,jump,jump_prob,ve,dim
0,0.5198821710918232,0.520123880753886,517,0.2,0.3,0.5,0.001,1
