,L2,L2_true,N,std,jump,jump_prob,ve,dim
0,3.765313773547543,1.7694983447260302,7,0.01,0.3,0.5,0.0025,1
