,L2,L2_true,N,std,jump,jump_prob,ve,dim
0,3.7215193801600455,2.0289528485254107,3,0.01,0.3,0.5,0.001,1
