,L2,L2_true,N,std,jump,jump_prob,ve,dim
0,5.517368577234723,4.5280050080167795,163,0.01,0.3,0.5,0.0025,2
