,L2,L2_true,N,std,jump,jump_prob,ve,dim
0,3.0499618152088424,1.543234637799994,84,0.01,0.3,0.5,0.001,1
