,L2,L2_true,N,std,jump,jump_prob,ve,dim
0,16.278533257040603,15.989999005237978,372,0.01,0.3,0.5,0.001,3
