,L2,L2_true,N,std,jump,jump_prob,ve,dim
0,5.421323130962329,4.4359760790255285,22,0.01,0.3,0.5,0.001,2
