,L2,L2_true,N,std,jump,jump_prob,ve,dim
0,3.3998351481192346,3.4006482222128813,22,0.05,0.3,0.5,0.001,1
