,L2,L2_true,N,std,jump,jump_prob,ve,dim
0,3.038475747221236,0.1454777858569243,2275,0.01,0.3,0.5,0.0025,1
