,L2,L2_true,N,std,jump,jump_prob,ve,dim
0,4.128018203386654,2.855311104291736,13,0.01,0.3,0.5,0.001,1
