,L2,L2_true,N,std,jump,jump_prob,ve,dim
0,5.269743605198273,4.242823432960173,19,0.01,0.3,0.5,0.001,2
