,L2,L2_true,N,std,jump,jump_prob,ve,dim
0,4.427490480144854,2.7385748563608066,26,0.01,0.3,0.5,0.01,2
