,L2,L2_true,N,std,jump,jump_prob,ve,dim
0,5.341638294160254,4.340466114060356,227,0.01,0.3,0.5,0.0025,2
