,L2,L2_true,N,std,jump,jump_prob,ve,dim
0,4.747804996399229,3.6315768249401748,372,0.01,0.3,0.5,0.0025,2
