,L2,L2_true,N,std,jump,jump_prob,ve,dim
0,3.3438503689569896,1.4306652985016923,1930,0.01,0.3,0.5,0.0025,2
