,L2,L2_true,N,std,jump,jump_prob,ve,dim
0,5.86655245297286,4.887372485540346,71,0.01,0.3,0.5,0.0025,2
