,L2,L2_true,N,std,jump,jump_prob,ve,dim
0,3.0569076986936037,0.4221104504625911,227,0.01,0.3,0.5,0.0025,1
