,L2,L2_true,N,std,jump,jump_prob,ve,dim
0,3.4286274104759804,0.19770402958834113,61,0.01,0.3,0.5,0.01,1
