,L2,L2_true,N,std,jump,jump_prob,ve,dim
0,2.0860178367658975,1.9944274572008551,5,0.05,0.3,0.5,0.001,1
