,L2,L2_true,N,std,jump,jump_prob,ve,dim
0,17.970886993598764,17.715609949012297,517,0.01,0.3,0.5,0.001,3
