,L2,L2_true,N,std,jump,jump_prob,ve,dim
0,3.6204092411376294,0.7446380257221795,1,0.01,0.3,0.5,0.01,1
