,L2,L2_true,N,std,jump,jump_prob,ve,dim
0,12.669109949051027,12.288903517143837,193,0.01,0.3,0.5,0.001,3
