,L2,L2_true,N,std,jump,jump_prob,ve,dim
0,2.702977266924652,0.7622096686416008,193,0.01,0.3,0.5,0.001,1
