,L2,L2_true,N,std,jump,jump_prob,ve,dim
0,2.717962929457096,0.7363647055356833,193,0.01,0.3,0.5,0.001,1
