,L2,L2_true,N,std,jump,jump_prob,ve,dim
0,2.0984400261945044,2.0165566441450764,7,0.05,0.3,0.5,0.001,1
