,L2,L2_true,N,std,jump,jump_prob,ve,dim
0,3.4152362492681374,0.24847194464118397,3000,0.01,0.3,0.5,0.01,2
