,L2,L2_true,N,std,jump,jump_prob,ve,dim
0,0.8519301075891274,0.8520136901874344,193,0.2,0.3,0.5,0.001,1
