,L2,L2_true,N,std,jump,jump_prob,ve,dim
0,3.805896317664941,2.1774103315856865,4,0.01,0.3,0.5,0.001,1
