,L2,L2_true,N,std,jump,jump_prob,ve,dim
0,10.565004577621641,10.036554825025124,193,0.01,0.3,0.5,0.0025,3
