,L2,L2_true,N,std,jump,jump_prob,ve,dim
0,0.8358064753441741,0.8374692334100533,2,0.2,0.3,0.5,0.001,1
