,L2,L2_true,N,std,jump,jump_prob,ve,dim
0,5.2370854091501995,4.181327103164855,16,0.01,0.3,0.5,0.001,3
