,L2,L2_true,N,std,jump,jump_prob,ve,dim
0,2.936088481417171,2.859466075684841,16,0.05,0.3,0.5,0.001,1
