,L2,L2_true,N,std,jump,jump_prob,ve,dim
0,12.827178797920812,12.432791601996362,1000,0.01,0.3,0.5,0.0025,3
