,L2,L2_true,N,std,jump,jump_prob,ve,dim
0,3.032107822381969,0.0760152974061952,3162,0.01,0.3,0.5,0.0025,1
