,L2,L2_true,N,std,jump,jump_prob,ve,dim
0,0.4671319771606402,0.4205396115274907,719,0.05,0.3,0.5,0.001,1
