,L2,L2_true,N,std,jump,jump_prob,ve,dim
0,0.26799575083660265,0.2681662618238779,1637,0.2,0.3,0.5,0.001,1
