,L2,L2_true,N,std,jump,jump_prob,ve,dim
0,4.143136150749548,2.203973959871102,26,0.01,0.3,0.5,0.01,2
