,L2,L2_true,N,std,jump,jump_prob,ve,dim
0,10.445713342658093,9.919982146005946,193,0.01,0.3,0.5,0.0025,3
