,L2,L2_true,N,std,jump,jump_prob,ve,dim
0,4.578964253089394,3.539209612162043,19,0.01,0.3,0.5,0.001,1
