,L2,L2_true,N,std,jump,jump_prob,ve,dim
0,2.695186306456821,0.6213254802488395,193,0.01,0.3,0.5,0.001,1
