,L2,L2_true,N,std,jump,jump_prob,ve,dim
0,4.360127080683532,3.4732528737777204,2275,0.01,0.3,0.5,0.001,2
