,L2,L2_true,N,std,jump,jump_prob,ve,dim
0,2.6328166820925243,0.39815745741658765,372,0.01,0.3,0.5,0.001,1
