,L2,L2_true,N,std,jump,jump_prob,ve,dim
0,3.1068018029370976,0.7134356813549393,100,0.01,0.3,0.5,0.0025,1
