,L2,L2_true,N,std,jump,jump_prob,ve,dim
0,1.4740220661803618,1.4730743135504571,4,0.2,0.3,0.5,0.001,1
