,L2,L2_true,N,std,jump,jump_prob,ve,dim
0,4.85328433339798,3.704106222372099,13,0.01,0.3,0.5,0.001,2
