,L2,L2_true,N,std,jump,jump_prob,ve,dim
0,3.0559030238893428,0.4222979086508613,227,0.01,0.3,0.5,0.0025,1
