,L2,L2_true,N,std,jump,jump_prob,ve,dim
0,0.7536290291036425,0.7535392743154281,268,0.2,0.3,0.5,0.001,1
