,L2,L2_true,N,std,jump,jump_prob,ve,dim
0,5.279171602151462,4.251238278243972,19,0.01,0.3,0.5,0.001,2
