,L2,L2_true,N,std,jump,jump_prob,ve,dim
0,5.624820427797756,4.588577245984479,51,0.01,0.3,0.5,0.0025,2
