,L2,L2_true,N,std,jump,jump_prob,ve,dim
0,19.07328522385858,18.834151948888767,610,0.01,0.3,0.5,0.001,3
