,L2,L2_true,N,std,jump,jump_prob,ve,dim
0,9.982580572618254,9.427722969328928,163,0.01,0.3,0.5,0.0025,3
