,L2,L2_true,N,std,jump,jump_prob,ve,dim
0,3.006510754951192,1.5317116038404326,71,0.01,0.3,0.5,0.001,1
