,L2,L2_true,N,std,jump,jump_prob,ve,dim
0,3.4336259678060568,0.1319416438661715,268,0.01,0.3,0.5,0.01,1
