,L2,L2_true,N,std,jump,jump_prob,ve,dim
0,3.5093118766015827,0.7152258782894984,16,0.01,0.3,0.5,0.01,1
