,L2,L2_true,N,std,jump,jump_prob,ve,dim
0,10.00800334205225,9.444292683722532,163,0.01,0.3,0.5,0.0025,3
