,L2,L2_true,N,std,jump,jump_prob,ve,dim
0,3.533488661409517,0.8140710510756188,22,0.01,0.3,0.5,0.01,1
