,L2,L2_true,N,std,jump,jump_prob,ve,dim
0,2.187148437316812,2.184411595548169,51,0.05,0.3,0.5,0.001,1
