,L2,L2_true,N,std,jump,jump_prob,ve,dim
0,3.032498983705764,0.133547873107982,1389,0.01,0.3,0.5,0.0025,1
