,L2,L2_true,N,std,jump,jump_prob,ve,dim
0,0.3971053251508237,0.39724395511734867,848,0.2,0.3,0.5,0.001,1
