,L2,L2_true,N,std,jump,jump_prob,ve,dim
0,10.161185527318555,9.610585783840337,163,0.01,0.3,0.5,0.0025,3
