,L2,L2_true,N,std,jump,jump_prob,ve,dim
0,1.8537713337011434,1.810674534762526,43,0.05,0.3,0.5,0.001,1
