,L2,L2_true,N,std,jump,jump_prob,ve,dim
0,3.4534847179963184,0.4402153886117838,31,0.01,0.3,0.5,0.01,1
