,L2,L2_true,N,std,jump,jump_prob,ve,dim
0,3.611810080354184,1.801326815338792,1,0.01,0.3,0.5,0.001,1
