,L2,L2_true,N,std,jump,jump_prob,ve,dim
0,3.5312275947011655,1.5396706427813376,22,0.01,0.3,0.5,0.0025,1
