,L2,L2_true,N,std,jump,jump_prob,ve,dim
0,3.9660543964731527,2.014182354662486,1000,0.01,0.3,0.5,0.01,3
