,L2,L2_true,N,std,jump,jump_prob,ve,dim
0,3.6513917284148447,0.9587268319700929,3,0.01,0.3,0.5,0.01,1
