,L2,L2_true,N,std,jump,jump_prob,ve,dim
0,11.985235852337583,11.569442152291598,1389,0.01,0.3,0.5,0.0025,3
