,L2,L2_true,N,std,jump,jump_prob,ve,dim
0,2.5443270821288455,2.475972543167729,7,0.05,0.3,0.5,0.001,1
