,L2,L2_true,N,std,jump,jump_prob,ve,dim
0,3.8043512079945736,2.1655952761554347,3,0.01,0.3,0.5,0.001,1
