,L2,L2_true,N,std,jump,jump_prob,ve,dim
0,3.0265186274684095,0.13763246295207887,1637,0.01,0.3,0.5,0.0025,1
