,L2,L2_true,N,std,jump,jump_prob,ve,dim
0,2.5765412994868147,2.5769456288475383,8,0.2,0.3,0.5,0.001,1
