,L2,L2_true,N,std,jump,jump_prob,ve,dim
0,3.7211263400495906,1.6424690194180886,6,0.01,0.3,0.5,0.0025,1
