,L2,L2_true,N,std,jump,jump_prob,ve,dim
0,12.131596522941287,11.729892927247432,1389,0.01,0.3,0.5,0.0025,3
