,L2,L2_true,N,std,jump,jump_prob,ve,dim
0,8.479750586630336,7.96962610164993,193,0.01,0.3,0.5,0.001,2
