,L2,L2_true,N,std,jump,jump_prob,ve,dim
0,3.4231541645914523,0.1938153299137027,138,0.01,0.3,0.5,0.01,1
