,L2,L2_true,N,std,jump,jump_prob,ve,dim
0,2.2615407545617336,2.1784973904401177,19,0.05,0.3,0.5,0.001,1
