,L2,L2_true,N,std,jump,jump_prob,ve,dim
0,3.942519951686195,1.9019579729380949,71,0.01,0.3,0.5,0.01,2
