,L2,L2_true,N,std,jump,jump_prob,ve,dim
0,4.230742616350146,2.3985214938598025,26,0.01,0.3,0.5,0.01,2
