,L2,L2_true,N,std,jump,jump_prob,ve,dim
0,0.5556224233580437,0.5551245274722902,517,0.2,0.3,0.5,0.001,1
