,L2,L2_true,N,std,jump,jump_prob,ve,dim
0,3.032367892181983,0.12836101689331134,1637,0.01,0.3,0.5,0.0025,1
