,L2,L2_true,N,std,jump,jump_prob,ve,dim
0,3.028558623902892,0.11083104353443371,2682,0.01,0.3,0.5,0.0025,1
