,L2,L2_true,N,std,jump,jump_prob,ve,dim
0,4.973265647725242,3.666541958433331,16,0.01,0.3,0.5,0.0025,2
