,L2,L2_true,N,std,jump,jump_prob,ve,dim
0,0.5171461428911387,0.47212983290365423,517,0.05,0.3,0.5,0.001,1
