,L2,L2_true,N,std,jump,jump_prob,ve,dim
0,3.4279599871347264,1.5779605511322887,1637,0.01,0.3,0.5,0.0025,2
