,L2,L2_true,N,std,jump,jump_prob,ve,dim
0,9.551667226020477,9.034153698334373,3000,0.01,0.3,0.5,0.0025,3
