,L2,L2_true,N,std,jump,jump_prob,ve,dim
0,3.6252376099151147,0.7442448690169722,1,0.01,0.3,0.5,0.01,1
