,L2,L2_true,N,std,jump,jump_prob,ve,dim
0,3.719414165555354,1.9885204446345954,2,0.01,0.3,0.5,0.001,2
