,L2,L2_true,N,std,jump,jump_prob,ve,dim
0,2.8554676007790376,1.111078227845638,100,0.01,0.3,0.5,0.001,1
