,L2,L2_true,N,std,jump,jump_prob,ve,dim
0,2.6254792638198685,2.617321969205164,16,0.05,0.3,0.5,0.001,1
