,L2,L2_true,N,std,jump,jump_prob,ve,dim
0,1.8586059325751332,1.8462133907791693,43,0.05,0.3,0.5,0.001,1
