,L2,L2_true,N,std,jump,jump_prob,ve,dim
0,6.064796186840253,5.060147208958276,31,0.01,0.3,0.5,0.0025,3
