,L2,L2_true,N,std,jump,jump_prob,ve,dim
0,10.95657884397765,10.504190450954367,138,0.01,0.3,0.5,0.001,3
