,L2,L2_true,N,std,jump,jump_prob,ve,dim
0,3.7827494098480483,2.2805173842993454,13,0.01,0.3,0.5,0.001,1
