,L2,L2_true,N,std,jump,jump_prob,ve,dim
0,1.912890317133734,1.796437380482735,4,0.05,0.3,0.5,0.001,1
