,L2,L2_true,N,std,jump,jump_prob,ve,dim
0,2.0478850653161613,2.0484846284218636,7,0.2,0.3,0.5,0.001,1
