,L2,L2_true,N,std,jump,jump_prob,ve,dim
0,3.045070338514064,0.08740653840489689,2682,0.01,0.3,0.5,0.0025,1
