,L2,L2_true,N,std,jump,jump_prob,ve,dim
0,3.966373215344499,1.7811463907869096,5,0.01,0.3,0.5,0.01,3
