,L2,L2_true,N,std,jump,jump_prob,ve,dim
0,5.097021857290335,3.7548188566965233,227,0.01,0.3,0.5,0.01,3
