,L2,L2_true,N,std,jump,jump_prob,ve,dim
0,3.5308774029092596,0.7100524238332415,13,0.01,0.3,0.5,0.01,1
