,L2,L2_true,N,std,jump,jump_prob,ve,dim
0,4.304731627796302,2.473524991520334,11,0.01,0.3,0.5,0.01,3
