,L2,L2_true,N,std,jump,jump_prob,ve,dim
0,4.7399673898984656,3.552349917446039,11,0.01,0.3,0.5,0.001,3
