,L2,L2_true,N,std,jump,jump_prob,ve,dim
0,3.0331579826240076,0.09981432567392107,3162,0.01,0.3,0.5,0.0025,1
