,L2,L2_true,N,std,jump,jump_prob,ve,dim
0,3.0399540793460873,0.14823223549879952,1178,0.01,0.3,0.5,0.0025,1
