,L2,L2_true,N,std,jump,jump_prob,ve,dim
0,6.62560535074916,5.853454594161969,43,0.01,0.3,0.5,0.001,2
