,L2,L2_true,N,std,jump,jump_prob,ve,dim
0,18.086330872234363,17.829533785612607,517,0.01,0.3,0.5,0.001,3
