,L2,L2_true,N,std,jump,jump_prob,ve,dim
0,24.926315181933088,24.771498669780588,1930,0.01,0.3,0.5,0.001,3
