,L2,L2_true,N,std,jump,jump_prob,ve,dim
0,20.081422319449786,19.87029337187728,719,0.01,0.3,0.5,0.001,3
