,L2,L2_true,N,std,jump,jump_prob,ve,dim
0,8.459747243140091,7.7734116572135195,84,0.01,0.3,0.5,0.0025,3
