,L2,L2_true,N,std,jump,jump_prob,ve,dim
0,3.4678679785171354,0.5387203142547007,22,0.01,0.3,0.5,0.01,1
