,L2,L2_true,N,std,jump,jump_prob,ve,dim
0,3.416026061168664,0.13742931509793077,439,0.01,0.3,0.5,0.01,1
