,L2,L2_true,N,std,jump,jump_prob,ve,dim
0,4.948223980746907,3.822853605295376,13,0.01,0.3,0.5,0.001,3
