,L2,L2_true,N,std,jump,jump_prob,ve,dim
0,3.9372725409351803,1.9077158378016865,71,0.01,0.3,0.5,0.01,2
