,L2,L2_true,N,std,jump,jump_prob,ve,dim
0,4.381190930239217,2.804721222518607,8,0.01,0.3,0.5,0.0025,3
