,L2,L2_true,N,std,jump,jump_prob,ve,dim
0,3.62189455434055,1.3295782462304826,1,0.01,0.3,0.5,0.0025,2
