,L2,L2_true,N,std,jump,jump_prob,ve,dim
0,4.0427897424065735,2.328501178975044,7,0.01,0.3,0.5,0.0025,1
