,L2,L2_true,N,std,jump,jump_prob,ve,dim
0,2.821123605565486,2.7958682255664282,19,0.05,0.3,0.5,0.001,1
