,L2,L2_true,N,std,jump,jump_prob,ve,dim
0,9.602932662770419,9.015503339212604,138,0.01,0.3,0.5,0.0025,3
