,L2,L2_true,N,std,jump,jump_prob,ve,dim
0,7.672526807238948,7.160295138066729,439,0.01,0.3,0.5,0.001,2
