,L2,L2_true,N,std,jump,jump_prob,ve,dim
0,5.981004181570577,5.042165634107554,84,0.01,0.3,0.5,0.0025,2
