,L2,L2_true,N,std,jump,jump_prob,ve,dim
0,4.3071069548485585,2.7066763504467284,7,0.01,0.3,0.5,0.0025,3
