,L2,L2_true,N,std,jump,jump_prob,ve,dim
0,5.0079517558643065,3.574874076877624,22,0.01,0.3,0.5,0.01,3
