,L2,L2_true,N,std,jump,jump_prob,ve,dim
0,4.21994654008588,2.353313817777366,19,0.01,0.3,0.5,0.01,2
