,L2,L2_true,N,std,jump,jump_prob,ve,dim
0,4.594234914528764,3.358270890006514,11,0.01,0.3,0.5,0.001,2
