,L2,L2_true,N,std,jump,jump_prob,ve,dim
0,3.631343871102607,1.384601940226587,2,0.01,0.3,0.5,0.0025,1
