,L2,L2_true,N,std,jump,jump_prob,ve,dim
0,0.6678610762454125,0.6250831667999007,268,0.05,0.3,0.5,0.001,1
