,L2,L2_true,N,std,jump,jump_prob,ve,dim
0,5.950366201835876,5.05136735603298,26,0.01,0.3,0.5,0.001,3
