,L2,L2_true,N,std,jump,jump_prob,ve,dim
0,3.4915330766223147,0.7110417598940427,37,0.01,0.3,0.5,0.01,1
