,L2,L2_true,N,std,jump,jump_prob,ve,dim
0,3.9410927456192026,2.4909275034803438,719,0.01,0.3,0.5,0.0025,2
