,L2,L2_true,N,std,jump,jump_prob,ve,dim
0,0.333611757830758,0.22599274075698275,2275,0.05,0.3,0.5,0.001,1
