,L2,L2_true,N,std,jump,jump_prob,ve,dim
0,7.0661196384666765,6.2245962410679345,51,0.01,0.3,0.5,0.0025,3
