,L2,L2_true,N,std,jump,jump_prob,ve,dim
0,12.615787804417119,12.194189738433549,517,0.01,0.3,0.5,0.0025,3
