,L2,L2_true,N,std,jump,jump_prob,ve,dim
0,3.823353429162389,1.7063946564564956,1389,0.01,0.3,0.5,0.01,3
