,L2,L2_true,N,std,jump,jump_prob,ve,dim
0,9.285277778097761,8.673760915140939,117,0.01,0.3,0.5,0.0025,3
