,L2,L2_true,N,std,jump,jump_prob,ve,dim
0,3.109476277096784,0.7041696657937795,71,0.01,0.3,0.5,0.0025,1
