,L2,L2_true,N,std,jump,jump_prob,ve,dim
0,4.4212783857927525,2.792943642491488,517,0.01,0.3,0.5,0.01,3
