,L2,L2_true,N,std,jump,jump_prob,ve,dim
0,3.4116850918392565,0.07070510097455511,1178,0.01,0.3,0.5,0.01,1
