,L2,L2_true,N,std,jump,jump_prob,ve,dim
0,1.576782794611864,1.4370711496937718,3,0.05,0.3,0.5,0.001,1
