,L2,L2_true,N,std,jump,jump_prob,ve,dim
0,3.650826676010054,1.889448353891939,2,0.01,0.3,0.5,0.001,1
