,L2,L2_true,N,std,jump,jump_prob,ve,dim
0,1.8730275377757661,1.8718670443494183,7,0.2,0.3,0.5,0.001,1
