,L2,L2_true,N,std,jump,jump_prob,ve,dim
0,5.234360923717603,4.192356466643349,16,0.01,0.3,0.5,0.001,3
