,L2,L2_true,N,std,jump,jump_prob,ve,dim
0,3.416939508429787,0.07924375036753731,517,0.01,0.3,0.5,0.01,1
