,L2,L2_true,N,std,jump,jump_prob,ve,dim
0,3.9491742474288385,2.060021636352974,4,0.01,0.3,0.5,0.0025,3
