,L2,L2_true,N,std,jump,jump_prob,ve,dim
0,11.924150285515418,11.508681455275285,1389,0.01,0.3,0.5,0.0025,3
