,L2,L2_true,N,std,jump,jump_prob,ve,dim
0,0.36602130622193957,0.3662182790132633,1000,0.2,0.3,0.5,0.001,1
