,L2,L2_true,N,std,jump,jump_prob,ve,dim
0,8.117973160492317,7.490558995661241,61,0.01,0.3,0.5,0.001,3
