,L2,L2_true,N,std,jump,jump_prob,ve,dim
0,5.101866105843679,4.06649426805625,268,0.01,0.3,0.5,0.0025,2
