,L2,L2_true,N,std,jump,jump_prob,ve,dim
0,3.6265616436358172,1.3290992786837006,1,0.01,0.3,0.5,0.0025,1
