,L2,L2_true,N,std,jump,jump_prob,ve,dim
0,12.801317910085789,12.421726726381836,193,0.01,0.3,0.5,0.001,3
