,L2,L2_true,N,std,jump,jump_prob,ve,dim
0,5.5146193270031265,4.4185483255984055,37,0.01,0.3,0.5,0.0025,2
