,L2,L2_true,N,std,jump,jump_prob,ve,dim
0,3.4359274977184997,0.30783865528735793,2000,0.01,0.3,0.5,0.01,2
