,L2,L2_true,N,std,jump,jump_prob,ve,dim
0,8.531193817598766,8.013392205061795,163,0.01,0.3,0.5,0.001,2
