,L2,L2_true,N,std,jump,jump_prob,ve,dim
0,3.0364096388083395,0.13188100526844096,1000,0.01,0.3,0.5,0.0025,1
