,L2,L2_true,N,std,jump,jump_prob,ve,dim
0,6.778302109483803,6.021103090002716,37,0.01,0.3,0.5,0.001,2
