,L2,L2_true,N,std,jump,jump_prob,ve,dim
0,1.428626191815569,1.4301098351651873,5,0.2,0.3,0.5,0.001,1
