,L2,L2_true,N,std,jump,jump_prob,ve,dim
0,25.572127788248327,25.417612403971567,3000,0.01,0.3,0.5,0.001,3
