,L2,L2_true,N,std,jump,jump_prob,ve,dim
0,3.856792138879599,2.277424327454,5,0.01,0.3,0.5,0.001,1
