,L2,L2_true,N,std,jump,jump_prob,ve,dim
0,5.298501235466837,4.577698187673518,1389,0.01,0.3,0.5,0.001,2
