,L2,L2_true,N,std,jump,jump_prob,ve,dim
0,3.465406368387228,0.6230544141659552,610,0.01,0.3,0.5,0.01,2
