,L2,L2_true,N,std,jump,jump_prob,ve,dim
0,4.086135633024329,2.068851802611895,11,0.01,0.3,0.5,0.01,2
