,L2,L2_true,N,std,jump,jump_prob,ve,dim
0,7.621183001903505,6.9456727269432275,51,0.01,0.3,0.5,0.001,3
