,L2,L2_true,N,std,jump,jump_prob,ve,dim
0,2.1281002785478655,2.0567127745353813,13,0.05,0.3,0.5,0.001,1
