,L2,L2_true,N,std,jump,jump_prob,ve,dim
0,12.017502768065022,11.571519725879764,372,0.01,0.3,0.5,0.0025,3
