,L2,L2_true,N,std,jump,jump_prob,ve,dim
0,12.791966354261575,12.407778601594764,193,0.01,0.3,0.5,0.001,3
