,L2,L2_true,N,std,jump,jump_prob,ve,dim
0,3.831539868787684,1.8312446087323422,3,0.01,0.3,0.5,0.0025,3
