,L2,L2_true,N,std,jump,jump_prob,ve,dim
0,3.8240127560017716,2.166407134927068,5,0.01,0.3,0.5,0.001,1
