,L2,L2_true,N,std,jump,jump_prob,ve,dim
0,3.5213952238966355,0.8471775110322198,316,0.01,0.3,0.5,0.01,2
