,L2,L2_true,N,std,jump,jump_prob,ve,dim
0,3.621584882586655,1.3289440003881248,1,0.01,0.3,0.5,0.0025,1
