,L2,L2_true,N,std,jump,jump_prob,ve,dim
0,6.605783510346006,5.692152303516774,43,0.01,0.3,0.5,0.0025,3
