,L2,L2_true,N,std,jump,jump_prob,ve,dim
0,20.767315374948453,20.543739887452638,719,0.01,0.3,0.5,0.001,3
