,L2,L2_true,N,std,jump,jump_prob,ve,dim
0,5.633126172105712,4.573689352889836,43,0.01,0.3,0.5,0.0025,2
