,L2,L2_true,N,std,jump,jump_prob,ve,dim
0,6.661884856418576,6.10172608701904,719,0.01,0.3,0.5,0.001,2
