,L2,L2_true,N,std,jump,jump_prob,ve,dim
0,6.002406166368486,5.066229252001208,71,0.01,0.3,0.5,0.0025,2
