,L2,L2_true,N,std,jump,jump_prob,ve,dim
0,1.4034801095398657,1.404596223061573,5,0.2,0.3,0.5,0.001,1
