,L2,L2_true,N,std,jump,jump_prob,ve,dim
0,1.454878981151344,1.3084334267857154,2,0.05,0.3,0.5,0.001,1
