,L2,L2_true,N,std,jump,jump_prob,ve,dim
0,0.7966237254503695,0.7963205407543884,227,0.2,0.3,0.5,0.001,1
