,L2,L2_true,N,std,jump,jump_prob,ve,dim
0,4.862725677506624,4.076593215811735,1637,0.01,0.3,0.5,0.001,2
