,L2,L2_true,N,std,jump,jump_prob,ve,dim
0,5.253884287490747,4.06828222709141,22,0.01,0.3,0.5,0.0025,2
