,L2,L2_true,N,std,jump,jump_prob,ve,dim
0,8.436655973742889,7.7483640331753465,84,0.01,0.3,0.5,0.0025,3
