,L2,L2_true,N,std,jump,jump_prob,ve,dim
0,9.06091308413535,8.421870039280458,100,0.01,0.3,0.5,0.0025,3
