,L2,L2_true,N,std,jump,jump_prob,ve,dim
0,3.6891604878877957,1.0594065267571955,3,0.01,0.3,0.5,0.01,1
