,L2,L2_true,N,std,jump,jump_prob,ve,dim
0,2.074383881517686,2.0437834770786334,19,0.05,0.3,0.5,0.001,1
