,L2,L2_true,N,std,jump,jump_prob,ve,dim
0,3.4221296881495524,0.28717542935361845,2275,0.01,0.3,0.5,0.01,2
