,L2,L2_true,N,std,jump,jump_prob,ve,dim
0,0.49546716554067716,0.4296357383269336,610,0.05,0.3,0.5,0.001,1
