,L2,L2_true,N,std,jump,jump_prob,ve,dim
0,5.361664128131574,4.081193212550314,117,0.01,0.3,0.5,0.01,3
