,L2,L2_true,N,std,jump,jump_prob,ve,dim
0,3.6227321443709646,0.7448745983182025,1,0.01,0.3,0.5,0.01,1
