,L2,L2_true,N,std,jump,jump_prob,ve,dim
0,4.39656621306796,3.1665187989100767,439,0.01,0.3,0.5,0.0025,2
