,L2,L2_true,N,std,jump,jump_prob,ve,dim
0,4.640221472590364,3.424410085490372,11,0.01,0.3,0.5,0.001,2
