,L2,L2_true,N,std,jump,jump_prob,ve,dim
0,4.300481158653541,2.6784355090796175,8,0.01,0.3,0.5,0.0025,2
