,L2,L2_true,N,std,jump,jump_prob,ve,dim
0,8.647867739670371,8.137779764014422,193,0.01,0.3,0.5,0.001,2
