,L2,L2_true,N,std,jump,jump_prob,ve,dim
0,4.2247829984031755,2.321342686979801,8,0.01,0.3,0.5,0.01,3
