,L2,L2_true,N,std,jump,jump_prob,ve,dim
0,5.607763453742409,4.6573168727024985,163,0.01,0.3,0.5,0.0025,2
