,L2,L2_true,N,std,jump,jump_prob,ve,dim
0,6.49668520399182,5.567421670906632,37,0.01,0.3,0.5,0.0025,3
