,L2,L2_true,N,std,jump,jump_prob,ve,dim
0,5.570781702753293,4.45601858959885,22,0.01,0.3,0.5,0.0025,3
