,L2,L2_true,N,std,jump,jump_prob,ve,dim
0,15.826628476578321,15.528917825828339,372,0.01,0.3,0.5,0.001,3
