,L2,L2_true,N,std,jump,jump_prob,ve,dim
0,21.21665418813928,20.99934103064051,1000,0.01,0.3,0.5,0.001,3
