,L2,L2_true,N,std,jump,jump_prob,ve,dim
0,4.403467792852504,2.83436945229203,10,0.01,0.3,0.5,0.0025,2
