,L2,L2_true,N,std,jump,jump_prob,ve,dim
0,2.064574651354641,2.0639162866661347,19,0.2,0.3,0.5,0.001,1
