,L2,L2_true,N,std,jump,jump_prob,ve,dim
0,5.525519559368899,4.543427107534168,22,0.01,0.3,0.5,0.001,2
