,L2,L2_true,N,std,jump,jump_prob,ve,dim
0,2.736526644373614,2.7364203821866306,43,0.2,0.3,0.5,0.001,1
