,L2,L2_true,N,std,jump,jump_prob,ve,dim
0,5.8802936895540725,4.99009903488984,31,0.01,0.3,0.5,0.001,2
