,L2,L2_true,N,std,jump,jump_prob,ve,dim
0,0.833043579822705,0.8347540195636998,2,0.2,0.3,0.5,0.001,1
