,L2,L2_true,N,std,jump,jump_prob,ve,dim
0,2.6541771228583477,0.36706219162746967,517,0.01,0.3,0.5,0.001,1
