,L2,L2_true,N,std,jump,jump_prob,ve,dim
0,3.600551883563388,1.3276153176517973,1,0.01,0.3,0.5,0.0025,2
