,L2,L2_true,N,std,jump,jump_prob,ve,dim
0,4.444197389042646,3.2232538290638284,439,0.01,0.3,0.5,0.0025,2
