,L2,L2_true,N,std,jump,jump_prob,ve,dim
0,8.596138228964849,8.011351623887771,71,0.01,0.3,0.5,0.001,3
