,L2,L2_true,N,std,jump,jump_prob,ve,dim
0,0.5385229683272422,0.49097596524945053,517,0.05,0.3,0.5,0.001,1
