,L2,L2_true,N,std,jump,jump_prob,ve,dim
0,3.6705364288239695,1.245673942158126,10,0.01,0.3,0.5,0.01,1
