,L2,L2_true,N,std,jump,jump_prob,ve,dim
0,3.807496836986649,2.155032598917759,3,0.01,0.3,0.5,0.001,1
