,L2,L2_true,N,std,jump,jump_prob,ve,dim
0,2.646491140016756,0.3516916242613102,848,0.01,0.3,0.5,0.001,1
