,L2,L2_true,N,std,jump,jump_prob,ve,dim
0,5.84755664005273,4.949239922635142,138,0.01,0.3,0.5,0.0025,2
