,L2,L2_true,N,std,jump,jump_prob,ve,dim
0,11.249056673118742,10.811471623674887,138,0.01,0.3,0.5,0.001,3
