,L2,L2_true,N,std,jump,jump_prob,ve,dim
0,8.071721202849204,7.509662477857641,138,0.01,0.3,0.5,0.001,2
