,L2,L2_true,N,std,jump,jump_prob,ve,dim
0,8.99913469159897,8.518818285145576,193,0.01,0.3,0.5,0.001,2
