,L2,L2_true,N,std,jump,jump_prob,ve,dim
0,0.3590829264566061,0.262610517660523,1389,0.05,0.3,0.5,0.001,1
