,L2,L2_true,N,std,jump,jump_prob,ve,dim
0,2.6889685625616377,0.6217194722630135,227,0.01,0.3,0.5,0.001,1
