,L2,L2_true,N,std,jump,jump_prob,ve,dim
0,8.032548347387165,7.3073723472236365,71,0.01,0.3,0.5,0.0025,3
