,L2,L2_true,N,std,jump,jump_prob,ve,dim
0,3.4156042162178846,0.049434820407371974,1637,0.01,0.3,0.5,0.01,1
