,L2,L2_true,N,std,jump,jump_prob,ve,dim
0,9.890852059665717,9.317831992371442,138,0.01,0.3,0.5,0.0025,3
