,L2,L2_true,N,std,jump,jump_prob,ve,dim
0,5.496089970990191,4.531243588905961,163,0.01,0.3,0.5,0.0025,2
