,L2,L2_true,N,std,jump,jump_prob,ve,dim
0,3.4222442822999826,0.06936720380976048,719,0.01,0.3,0.5,0.01,1
