,L2,L2_true,N,std,jump,jump_prob,ve,dim
0,0.3003239640321619,0.2993242728666014,1637,0.2,0.3,0.5,0.001,1
