,L2,L2_true,N,std,jump,jump_prob,ve,dim
0,4.008126865014776,2.1767794026913663,5,0.01,0.3,0.5,0.0025,2
