,L2,L2_true,N,std,jump,jump_prob,ve,dim
0,0.3317066021053844,0.23132514677699706,2275,0.05,0.3,0.5,0.001,1
