,L2,L2_true,N,std,jump,jump_prob,ve,dim
0,4.177328329485051,2.4737509379847307,6,0.01,0.3,0.5,0.0025,3
