,L2,L2_true,N,std,jump,jump_prob,ve,dim
0,3.6038663599747536,1.0018017541393538,10,0.01,0.3,0.5,0.01,1
