,L2,L2_true,N,std,jump,jump_prob,ve,dim
0,3.178922132547818,1.6762449573601148,51,0.01,0.3,0.5,0.001,1
