,L2,L2_true,N,std,jump,jump_prob,ve,dim
0,3.622045458614414,0.7445053410676576,1,0.01,0.3,0.5,0.01,1
