,L2,L2_true,N,std,jump,jump_prob,ve,dim
0,3.3447998837777213,1.399358947913183,2000,0.01,0.3,0.5,0.0025,2
