,L2,L2_true,N,std,jump,jump_prob,ve,dim
0,3.427130122590288,0.05062422103484099,3162,0.01,0.3,0.5,0.01,1
