,L2,L2_true,N,std,jump,jump_prob,ve,dim
0,4.0282744377706585,2.2368898074864365,5,0.01,0.3,0.5,0.0025,3
