,L2,L2_true,N,std,jump,jump_prob,ve,dim
0,2.7688892646287306,0.9223750838982799,138,0.01,0.3,0.5,0.001,1
