,L2,L2_true,N,std,jump,jump_prob,ve,dim
0,2.864163056526439,1.1931870526314867,117,0.01,0.3,0.5,0.001,1
