,L2,L2_true,N,std,jump,jump_prob,ve,dim
0,5.166361708720215,4.0955100536089315,16,0.01,0.3,0.5,0.001,3
