,L2,L2_true,N,std,jump,jump_prob,ve,dim
0,3.8074990638419575,1.7668904634062645,3,0.01,0.3,0.5,0.0025,2
