,L2,L2_true,N,std,jump,jump_prob,ve,dim
0,3.1010370581172855,0.6450558940041032,163,0.01,0.3,0.5,0.0025,1
