,L2,L2_true,N,std,jump,jump_prob,ve,dim
0,3.4091574722857696,0.08313781956822204,848,0.01,0.3,0.5,0.01,1
