,L2,L2_true,N,std,jump,jump_prob,ve,dim
0,3.6300344864438236,0.7448166687522106,1,0.01,0.3,0.5,0.01,1
