,L2,L2_true,N,std,jump,jump_prob,ve,dim
0,3.3360359483563404,1.40210359050915,2000,0.01,0.3,0.5,0.0025,2
