,L2,L2_true,N,std,jump,jump_prob,ve,dim
0,3.0454768611709153,0.21836990176342716,719,0.01,0.3,0.5,0.0025,1
