,L2,L2_true,N,std,jump,jump_prob,ve,dim
0,4.285273435864581,2.479648383971152,19,0.01,0.3,0.5,0.01,2
