,L2,L2_true,N,std,jump,jump_prob,ve,dim
0,3.642529526484409,1.8504442502943719,2,0.01,0.3,0.5,0.001,1
