,L2,L2_true,N,std,jump,jump_prob,ve,dim
0,5.10382270144455,3.6957265143393676,31,0.01,0.3,0.5,0.01,3
