,L2,L2_true,N,std,jump,jump_prob,ve,dim
0,3.351010578887082,1.413255929461489,2000,0.01,0.3,0.5,0.0025,2
