,L2,L2_true,N,std,jump,jump_prob,ve,dim
0,4.683915702903249,3.09695292021123,19,0.01,0.3,0.5,0.01,3
