,L2,L2_true,N,std,jump,jump_prob,ve,dim
0,3.045009336246116,0.29629232190963267,268,0.01,0.3,0.5,0.0025,1
