,L2,L2_true,N,std,jump,jump_prob,ve,dim
0,3.2400155575255822,1.1324726073215083,3000,0.01,0.3,0.5,0.0025,2
