,L2,L2_true,N,std,jump,jump_prob,ve,dim
0,3.42442754495055,0.07755837841892746,1000,0.01,0.3,0.5,0.01,1
