,L2,L2_true,N,std,jump,jump_prob,ve,dim
0,3.7144648753812994,1.1515409792059474,2,0.01,0.3,0.5,0.01,2
