,L2,L2_true,N,std,jump,jump_prob,ve,dim
0,12.924847671199043,12.520658677094707,517,0.01,0.3,0.5,0.0025,3
