,L2,L2_true,N,std,jump,jump_prob,ve,dim
0,2.9772314687371257,2.922465227059455,10,0.05,0.3,0.5,0.001,1
