,L2,L2_true,N,std,jump,jump_prob,ve,dim
0,5.850008977420036,4.966672783071486,31,0.01,0.3,0.5,0.001,2
