,L2,L2_true,N,std,jump,jump_prob,ve,dim
0,4.123182657648665,2.6507824914691436,5,0.01,0.3,0.5,0.001,3
