,L2,L2_true,N,std,jump,jump_prob,ve,dim
0,3.664979253034052,1.4649446066765426,2,0.01,0.3,0.5,0.0025,1
