,L2,L2_true,N,std,jump,jump_prob,ve,dim
0,2.6399428902335433,0.31752652289436645,848,0.01,0.3,0.5,0.001,1
