,L2,L2_true,N,std,jump,jump_prob,ve,dim
0,5.41146672514966,4.155009542138683,138,0.01,0.3,0.5,0.01,3
