,L2,L2_true,N,std,jump,jump_prob,ve,dim
0,6.775731456809917,6.002751212390637,37,0.01,0.3,0.5,0.001,3
