,L2,L2_true,N,std,jump,jump_prob,ve,dim
0,5.608067096357162,4.5444547259223995,37,0.01,0.3,0.5,0.0025,2
