,L2,L2_true,N,std,jump,jump_prob,ve,dim
0,3.6378203557721145,1.2006139212886193,163,0.01,0.3,0.5,0.01,2
