,L2,L2_true,N,std,jump,jump_prob,ve,dim
0,3.7979228523692057,1.7880453718416816,4,0.01,0.3,0.5,0.0025,1
