,L2,L2_true,N,std,jump,jump_prob,ve,dim
0,10.574961959186131,10.062379683084913,193,0.01,0.3,0.5,0.0025,3
