,L2,L2_true,N,std,jump,jump_prob,ve,dim
0,1.0015114017727738,1.0018736948533065,163,0.2,0.3,0.5,0.001,1
