,L2,L2_true,N,std,jump,jump_prob,ve,dim
0,3.726025642587373,1.9839124006691191,3,0.01,0.3,0.5,0.001,1
