,L2,L2_true,N,std,jump,jump_prob,ve,dim
0,1.7867298470724546,1.7861186601450096,7,0.2,0.3,0.5,0.001,1
