,L2,L2_true,N,std,jump,jump_prob,ve,dim
0,0.6048847119960731,0.5574276379294233,372,0.05,0.3,0.5,0.001,1
