,L2,L2_true,N,std,jump,jump_prob,ve,dim
0,4.148532037872414,2.885013673566503,16,0.01,0.3,0.5,0.001,1
