,L2,L2_true,N,std,jump,jump_prob,ve,dim
0,3.0322687217172075,0.1375451377957115,1389,0.01,0.3,0.5,0.0025,1
