,L2,L2_true,N,std,jump,jump_prob,ve,dim
0,1.8140821770449436,1.7628197361283084,71,0.05,0.3,0.5,0.001,1
