,L2,L2_true,N,std,jump,jump_prob,ve,dim
0,0.9688157419526684,0.9266175389297143,163,0.05,0.3,0.5,0.001,1
