,L2,L2_true,N,std,jump,jump_prob,ve,dim
0,5.438128029759981,4.172086903483661,51,0.01,0.3,0.5,0.01,3
