,L2,L2_true,N,std,jump,jump_prob,ve,dim
0,3.6152503698244263,0.7447544498861018,1,0.01,0.3,0.5,0.01,2
