,L2,L2_true,N,std,jump,jump_prob,ve,dim
0,5.985256014339753,4.992156132189331,51,0.01,0.3,0.5,0.0025,2
