,L2,L2_true,N,std,jump,jump_prob,ve,dim
0,3.437721591429663,0.2774971935015067,51,0.01,0.3,0.5,0.01,1
