,L2,L2_true,N,std,jump,jump_prob,ve,dim
0,3.6137071429641217,1.327940895809553,1,0.01,0.3,0.5,0.0025,1
