,L2,L2_true,N,std,jump,jump_prob,ve,dim
0,5.965431280150146,5.031394725136137,117,0.01,0.3,0.5,0.0025,2
