,L2,L2_true,N,std,jump,jump_prob,ve,dim
0,7.886523762271565,7.138330213963162,71,0.01,0.3,0.5,0.0025,3
