,L2,L2_true,N,std,jump,jump_prob,ve,dim
0,0.37790527168245974,0.3704670114798475,1,0.2,0.3,0.5,0.001,1
