,L2,L2_true,N,std,jump,jump_prob,ve,dim
0,0.898205066678801,0.8984981811645837,2,0.2,0.3,0.5,0.001,1
