,L2,L2_true,N,std,jump,jump_prob,ve,dim
0,4.331036710612839,2.7231798457355363,8,0.01,0.3,0.5,0.0025,2
