,L2,L2_true,N,std,jump,jump_prob,ve,dim
0,3.345364916645783,1.4126944259897878,2000,0.01,0.3,0.5,0.0025,2
