,L2,L2_true,N,std,jump,jump_prob,ve,dim
0,5.356151035769083,4.086897977507532,138,0.01,0.3,0.5,0.01,3
