,L2,L2_true,N,std,jump,jump_prob,ve,dim
0,0.30110632099805773,0.30074425174696734,1389,0.2,0.3,0.5,0.001,1
