,L2,L2_true,N,std,jump,jump_prob,ve,dim
0,3.1283575166569637,0.7734399228796381,43,0.01,0.3,0.5,0.0025,1
