,L2,L2_true,N,std,jump,jump_prob,ve,dim
0,2.8430607174394127,1.0732615531284613,84,0.01,0.3,0.5,0.001,1
