,L2,L2_true,N,std,jump,jump_prob,ve,dim
0,5.246089093022689,4.2033676381804534,22,0.01,0.3,0.5,0.001,2
