,L2,L2_true,N,std,jump,jump_prob,ve,dim
0,3.6872139780554316,1.0710645404671446,2,0.01,0.3,0.5,0.01,2
