,L2,L2_true,N,std,jump,jump_prob,ve,dim
0,4.574980432090438,3.333104617066538,10,0.01,0.3,0.5,0.001,3
