,L2,L2_true,N,std,jump,jump_prob,ve,dim
0,6.1629183215785694,5.1652582094010535,31,0.01,0.3,0.5,0.0025,3
