,L2,L2_true,N,std,jump,jump_prob,ve,dim
0,2.1509314677606137,2.060789982423574,5,0.05,0.3,0.5,0.001,1
