,L2,L2_true,N,std,jump,jump_prob,ve,dim
0,1.565856474569163,1.5634954902990594,71,0.05,0.3,0.5,0.001,1
