,L2,L2_true,N,std,jump,jump_prob,ve,dim
0,0.7795860508339467,0.7569084076432819,268,0.05,0.3,0.5,0.001,1
