,L2,L2_true,N,std,jump,jump_prob,ve,dim
0,2.799651140011415,0.9687021488487066,117,0.01,0.3,0.5,0.001,1
