,L2,L2_true,N,std,jump,jump_prob,ve,dim
0,3.4155742088629624,0.07048350265546482,1389,0.01,0.3,0.5,0.01,1
