,L2,L2_true,N,std,jump,jump_prob,ve,dim
0,3.652539138003898,0.9468037775980428,3,0.01,0.3,0.5,0.01,1
