,L2,L2_true,N,std,jump,jump_prob,ve,dim
0,25.639726528218674,25.48882151189577,3000,0.01,0.3,0.5,0.001,3
