,L2,L2_true,N,std,jump,jump_prob,ve,dim
0,3.069463560308593,0.46583140170547976,163,0.01,0.3,0.5,0.0025,1
