,L2,L2_true,N,std,jump,jump_prob,ve,dim
0,2.170703113791947,2.0919361786288633,7,0.05,0.3,0.5,0.001,1
