,L2,L2_true,N,std,jump,jump_prob,ve,dim
0,3.4341433415952176,0.3787123811043552,43,0.01,0.3,0.5,0.01,1
