,L2,L2_true,N,std,jump,jump_prob,ve,dim
0,2.5984142098925505,2.5823240306972,16,0.05,0.3,0.5,0.001,1
