,L2,L2_true,N,std,jump,jump_prob,ve,dim
0,6.2866235908117565,5.4502651107535875,31,0.01,0.3,0.5,0.001,3
