,L2,L2_true,N,std,jump,jump_prob,ve,dim
0,4.347915772364143,3.0668954813601674,10,0.01,0.3,0.5,0.001,1
