,L2,L2_true,N,std,jump,jump_prob,ve,dim
0,3.962780112338322,1.9874205995634673,1000,0.01,0.3,0.5,0.01,3
