,L2,L2_true,N,std,jump,jump_prob,ve,dim
0,8.667613297252245,8.169130725762155,193,0.01,0.3,0.5,0.001,2
