,L2,L2_true,N,std,jump,jump_prob,ve,dim
0,18.8994050854133,18.65649103983309,610,0.01,0.3,0.5,0.001,3
