,L2,L2_true,N,std,jump,jump_prob,ve,dim
0,4.719525032548404,3.2371617431614816,372,0.01,0.3,0.5,0.01,3
