,L2,L2_true,N,std,jump,jump_prob,ve,dim
0,4.321446194499564,3.054430300429046,517,0.01,0.3,0.5,0.0025,2
