,L2,L2_true,N,std,jump,jump_prob,ve,dim
0,3.808264449018411,2.198646585905196,6,0.01,0.3,0.5,0.001,1
