,L2,L2_true,N,std,jump,jump_prob,ve,dim
0,3.5700774140760654,1.0417995304637315,16,0.01,0.3,0.5,0.01,1
