,L2,L2_true,N,std,jump,jump_prob,ve,dim
0,0.20187116689126716,0.2018600512199817,2682,0.2,0.3,0.5,0.001,1
