,L2,L2_true,N,std,jump,jump_prob,ve,dim
0,3.6629494168003833,2.0583828205473798,1000,0.01,0.3,0.5,0.0025,2
