,L2,L2_true,N,std,jump,jump_prob,ve,dim
0,1.8871845911177956,1.888737079137342,6,0.2,0.3,0.5,0.001,1
