,L2,L2_true,N,std,jump,jump_prob,ve,dim
0,3.2731751839025396,1.0388709561319482,37,0.01,0.3,0.5,0.0025,1
