,L2,L2_true,N,std,jump,jump_prob,ve,dim
0,2.239629555651215,2.2386348553192295,8,0.2,0.3,0.5,0.001,1
