,L2,L2_true,N,std,jump,jump_prob,ve,dim
0,4.032618854887349,1.9706933745287893,6,0.01,0.3,0.5,0.01,3
