,L2,L2_true,N,std,jump,jump_prob,ve,dim
0,0.48169023395784505,0.4807292594142558,610,0.2,0.3,0.5,0.001,1
