,L2,L2_true,N,std,jump,jump_prob,ve,dim
0,4.528636390513913,3.0244239423008916,10,0.01,0.3,0.5,0.0025,3
