,L2,L2_true,N,std,jump,jump_prob,ve,dim
0,7.147852978442402,6.421073229084425,43,0.01,0.3,0.5,0.001,3
