,L2,L2_true,N,std,jump,jump_prob,ve,dim
0,4.856315322872013,3.335445646607975,22,0.01,0.3,0.5,0.01,3
