,L2,L2_true,N,std,jump,jump_prob,ve,dim
0,1.1441754974765663,1.14413945916579,138,0.2,0.3,0.5,0.001,1
