,L2,L2_true,N,std,jump,jump_prob,ve,dim
0,4.076601044335508,2.1595225603554034,43,0.01,0.3,0.5,0.01,2
