,L2,L2_true,N,std,jump,jump_prob,ve,dim
0,10.455892916041298,9.977615403508251,117,0.01,0.3,0.5,0.001,3
