,L2,L2_true,N,std,jump,jump_prob,ve,dim
0,4.670825716657757,3.0632027720123203,16,0.01,0.3,0.5,0.01,3
