,L2,L2_true,N,std,jump,jump_prob,ve,dim
0,4.403055615138729,2.7121744297111525,31,0.01,0.3,0.5,0.01,2
