,L2,L2_true,N,std,jump,jump_prob,ve,dim
0,3.7981675970961626,2.466470100464788,26,0.01,0.3,0.5,0.001,1
