,L2,L2_true,N,std,jump,jump_prob,ve,dim
0,4.262320576253946,2.6094908611026675,7,0.01,0.3,0.5,0.0025,3
