,L2,L2_true,N,std,jump,jump_prob,ve,dim
0,7.557366287875014,6.9175262880458215,84,0.01,0.3,0.5,0.001,2
