,L2,L2_true,N,std,jump,jump_prob,ve,dim
0,5.058501080331012,3.7033204209363095,227,0.01,0.3,0.5,0.01,3
