,L2,L2_true,N,std,jump,jump_prob,ve,dim
0,4.062161142751001,2.267165303670624,5,0.01,0.3,0.5,0.0025,3
