,L2,L2_true,N,std,jump,jump_prob,ve,dim
0,1.3493383624178001,1.1780730957000847,1,0.05,0.3,0.5,0.001,1
