,L2,L2_true,N,std,jump,jump_prob,ve,dim
0,5.441859555195197,4.181898709826542,71,0.01,0.3,0.5,0.01,3
