,L2,L2_true,N,std,jump,jump_prob,ve,dim
0,3.6399532575350717,1.8739732408338714,2,0.01,0.3,0.5,0.001,2
