,L2,L2_true,N,std,jump,jump_prob,ve,dim
0,4.036974541624796,2.2964821501075887,7,0.01,0.3,0.5,0.0025,1
