,L2,L2_true,N,std,jump,jump_prob,ve,dim
0,0.3717079378667094,0.3723084757735866,1000,0.2,0.3,0.5,0.001,1
