,L2,L2_true,N,std,jump,jump_prob,ve,dim
0,3.0323847823894545,0.18059641725667616,1000,0.01,0.3,0.5,0.0025,1
