,L2,L2_true,N,std,jump,jump_prob,ve,dim
0,4.1334373370110375,2.19016467229058,11,0.01,0.3,0.5,0.01,2
