,L2,L2_true,N,std,jump,jump_prob,ve,dim
0,4.224228620074674,2.3923925437497093,26,0.01,0.3,0.5,0.01,2
