,L2,L2_true,N,std,jump,jump_prob,ve,dim
0,6.5290743745236455,5.589730857741137,37,0.01,0.3,0.5,0.0025,3
