,L2,L2_true,N,std,jump,jump_prob,ve,dim
0,3.489431393299383,1.7054729255369558,1389,0.01,0.3,0.5,0.0025,2
