,L2,L2_true,N,std,jump,jump_prob,ve,dim
0,3.0789241468803774,0.4834720252917065,163,0.01,0.3,0.5,0.0025,1
