,L2,L2_true,N,std,jump,jump_prob,ve,dim
0,2.2898167028515157,2.236065782073438,22,0.05,0.3,0.5,0.001,1
