,L2,L2_true,N,std,jump,jump_prob,ve,dim
0,6.796516947876902,6.226470553515017,719,0.01,0.3,0.5,0.001,2
