,L2,L2_true,N,std,jump,jump_prob,ve,dim
0,3.7094768528866724,1.9750193022680178,2,0.01,0.3,0.5,0.001,3
