,L2,L2_true,N,std,jump,jump_prob,ve,dim
0,3.6256913868356433,0.745072019012676,1,0.01,0.3,0.5,0.01,3
