,L2,L2_true,N,std,jump,jump_prob,ve,dim
0,8.03322060100727,7.2967919857998425,71,0.01,0.3,0.5,0.0025,3
