,L2,L2_true,N,std,jump,jump_prob,ve,dim
0,2.6181186679476354,2.5859130908600485,19,0.05,0.3,0.5,0.001,1
