,L2,L2_true,N,std,jump,jump_prob,ve,dim
0,0.5060985910706244,0.4529097030144368,610,0.05,0.3,0.5,0.001,1
