,L2,L2_true,N,std,jump,jump_prob,ve,dim
0,5.122860902759144,3.8630455556992858,16,0.01,0.3,0.5,0.0025,3
