,L2,L2_true,N,std,jump,jump_prob,ve,dim
0,3.8189215486448593,2.1966817734066586,4,0.01,0.3,0.5,0.001,1
