,L2,L2_true,N,std,jump,jump_prob,ve,dim
0,8.674074696706711,8.180608770197871,193,0.01,0.3,0.5,0.001,2
