,L2,L2_true,N,std,jump,jump_prob,ve,dim
0,4.129833964245032,2.404589786707852,7,0.01,0.3,0.5,0.0025,2
