,L2,L2_true,N,std,jump,jump_prob,ve,dim
0,2.97868181231383,1.4105205243152592,71,0.01,0.3,0.5,0.001,1
