,L2,L2_true,N,std,jump,jump_prob,ve,dim
0,3.653523095537914,1.8749751982736604,2,0.01,0.3,0.5,0.001,1
