,L2,L2_true,N,std,jump,jump_prob,ve,dim
0,4.140046618185514,2.2223853759870265,31,0.01,0.3,0.5,0.01,2
