,L2,L2_true,N,std,jump,jump_prob,ve,dim
0,3.752825235889262,1.534635420610518,100,0.01,0.3,0.5,0.01,2
