,L2,L2_true,N,std,jump,jump_prob,ve,dim
0,2.9631719822145395,2.938627539472144,13,0.05,0.3,0.5,0.001,1
