,L2,L2_true,N,std,jump,jump_prob,ve,dim
0,3.7039261580930107,1.4249335385367266,117,0.01,0.3,0.5,0.01,2
