,L2,L2_true,N,std,jump,jump_prob,ve,dim
0,3.232839273894106,1.8527137510426361,43,0.01,0.3,0.5,0.001,1
