,L2,L2_true,N,std,jump,jump_prob,ve,dim
0,5.454087815699076,4.178298794403143,61,0.01,0.3,0.5,0.01,3
