,L2,L2_true,N,std,jump,jump_prob,ve,dim
0,3.68158453466973,1.3269696328692304,138,0.01,0.3,0.5,0.01,2
