,L2,L2_true,N,std,jump,jump_prob,ve,dim
0,3.9952576752253317,2.5020989173380292,7,0.01,0.3,0.5,0.001,1
