,L2,L2_true,N,std,jump,jump_prob,ve,dim
0,3.4207620545463593,0.048538989651268925,1930,0.01,0.3,0.5,0.01,1
