,L2,L2_true,N,std,jump,jump_prob,ve,dim
0,0.3954904969693381,0.35604628926353465,719,0.05,0.3,0.5,0.001,1
