,L2,L2_true,N,std,jump,jump_prob,ve,dim
0,4.236827673432655,2.3834865363363624,19,0.01,0.3,0.5,0.01,2
