,L2,L2_true,N,std,jump,jump_prob,ve,dim
0,2.9821140462120233,2.9054930782188744,7,0.05,0.3,0.5,0.001,1
