,L2,L2_true,N,std,jump,jump_prob,ve,dim
0,4.213974740658289,2.8291621269198983,6,0.01,0.3,0.5,0.001,2
