,L2,L2_true,N,std,jump,jump_prob,ve,dim
0,3.1822961438777884,0.9661652712551766,71,0.01,0.3,0.5,0.0025,1
