,L2,L2_true,N,std,jump,jump_prob,ve,dim
0,8.178092308320668,7.699137444234412,439,0.01,0.3,0.5,0.001,2
