,L2,L2_true,N,std,jump,jump_prob,ve,dim
0,0.31322439435219407,0.19988161931464973,2682,0.05,0.3,0.5,0.001,1
