,L2,L2_true,N,std,jump,jump_prob,ve,dim
0,4.961733065474168,3.5619529019999887,268,0.01,0.3,0.5,0.01,3
