,L2,L2_true,N,std,jump,jump_prob,ve,dim
0,3.4170740522254692,0.1653778807505816,227,0.01,0.3,0.5,0.01,1
