,L2,L2_true,N,std,jump,jump_prob,ve,dim
0,0.8973084226980009,0.8989587650543202,227,0.05,0.3,0.5,0.001,1
