,L2,L2_true,N,std,jump,jump_prob,ve,dim
0,2.2939808108604205,2.294038865413015,13,0.2,0.3,0.5,0.001,1
