,L2,L2_true,N,std,jump,jump_prob,ve,dim
0,7.195069952867321,6.363964033062167,51,0.01,0.3,0.5,0.0025,3
