,L2,L2_true,N,std,jump,jump_prob,ve,dim
0,21.942123739260133,21.745070382159813,1000,0.01,0.3,0.5,0.001,3
