,L2,L2_true,N,std,jump,jump_prob,ve,dim
0,5.848061978883287,4.84380950502851,43,0.01,0.3,0.5,0.0025,2
