,L2,L2_true,N,std,jump,jump_prob,ve,dim
0,2.207439490000911,2.207056237741088,7,0.2,0.3,0.5,0.001,1
