,L2,L2_true,N,std,jump,jump_prob,ve,dim
0,5.259677911142498,4.070329341613827,26,0.01,0.3,0.5,0.0025,2
