,L2,L2_true,N,std,jump,jump_prob,ve,dim
0,2.7572901178823974,0.8589107880271939,117,0.01,0.3,0.5,0.001,1
