,L2,L2_true,N,std,jump,jump_prob,ve,dim
0,3.4897723108936067,0.678149276419645,19,0.01,0.3,0.5,0.01,1
