,L2,L2_true,N,std,jump,jump_prob,ve,dim
0,0.8298098984363452,0.8315382938011363,2,0.2,0.3,0.5,0.001,1
