,L2,L2_true,N,std,jump,jump_prob,ve,dim
0,5.320350276024447,4.040695542259644,163,0.01,0.3,0.5,0.01,3
