,L2,L2_true,N,std,jump,jump_prob,ve,dim
0,4.042955050354927,2.1665159142029506,848,0.01,0.3,0.5,0.01,3
