,L2,L2_true,N,std,jump,jump_prob,ve,dim
0,3.9752622557772184,1.9483780805102622,51,0.01,0.3,0.5,0.01,2
