,L2,L2_true,N,std,jump,jump_prob,ve,dim
0,3.705056028641023,1.3400374188356259,11,0.01,0.3,0.5,0.01,1
