,L2,L2_true,N,std,jump,jump_prob,ve,dim
0,3.609596921263714,0.7451315255956122,1,0.01,0.3,0.5,0.01,1
