,L2,L2_true,N,std,jump,jump_prob,ve,dim
0,1.443867854910781,1.4441925741895392,71,0.2,0.3,0.5,0.001,1
