,L2,L2_true,N,std,jump,jump_prob,ve,dim
0,3.421588580786797,0.1159763060331644,372,0.01,0.3,0.5,0.01,1
