,L2,L2_true,N,std,jump,jump_prob,ve,dim
0,5.510845518606781,4.268725226549394,117,0.01,0.3,0.5,0.01,3
