,L2,L2_true,N,std,jump,jump_prob,ve,dim
0,2.6322443415682617,0.4347772197550603,316,0.01,0.3,0.5,0.001,1
