,L2,L2_true,N,std,jump,jump_prob,ve,dim
0,1.864648004076247,1.74795846501443,3,0.05,0.3,0.5,0.001,1
