,L2,L2_true,N,std,jump,jump_prob,ve,dim
0,4.183048261805005,2.764752842773763,6,0.01,0.3,0.5,0.001,3
