,L2,L2_true,N,std,jump,jump_prob,ve,dim
0,2.869907778750145,1.2195802001750828,100,0.01,0.3,0.5,0.001,1
