,L2,L2_true,N,std,jump,jump_prob,ve,dim
0,7.220400163159013,6.38913504954072,51,0.01,0.3,0.5,0.0025,3
