,L2,L2_true,N,std,jump,jump_prob,ve,dim
0,2.6606716544475675,2.6604742424245997,31,0.2,0.3,0.5,0.001,1
