,L2,L2_true,N,std,jump,jump_prob,ve,dim
0,3.497135891993648,0.7628417200156062,26,0.01,0.3,0.5,0.01,1
