,L2,L2_true,N,std,jump,jump_prob,ve,dim
0,4.668948267005454,3.2499934011767455,11,0.01,0.3,0.5,0.0025,3
