,L2,L2_true,N,std,jump,jump_prob,ve,dim
0,3.6393655252430537,1.3093860929416499,16,0.01,0.3,0.5,0.01,1
