,L2,L2_true,N,std,jump,jump_prob,ve,dim
0,3.6258157769601573,1.3291017147262845,1,0.01,0.3,0.5,0.0025,3
