,L2,L2_true,N,std,jump,jump_prob,ve,dim
0,3.719024050629358,1.3193801821873177,6,0.01,0.3,0.5,0.01,1
