,L2,L2_true,N,std,jump,jump_prob,ve,dim
0,5.061126424621472,3.694736309846776,227,0.01,0.3,0.5,0.01,3
