,L2,L2_true,N,std,jump,jump_prob,ve,dim
0,1.0713683859315868,1.0341498873005248,138,0.05,0.3,0.5,0.001,1
