,L2,L2_true,N,std,jump,jump_prob,ve,dim
0,3.3640448043186204,1.9334137022154791,26,0.01,0.3,0.5,0.001,1
