,L2,L2_true,N,std,jump,jump_prob,ve,dim
0,3.790208436168057,1.859358729477724,8,0.01,0.3,0.5,0.0025,1
