,L2,L2_true,N,std,jump,jump_prob,ve,dim
0,4.541111564783243,3.0472898446706065,11,0.01,0.3,0.5,0.0025,2
