,L2,L2_true,N,std,jump,jump_prob,ve,dim
0,7.52240305246906,6.728848764717731,61,0.01,0.3,0.5,0.0025,3
