,L2,L2_true,N,std,jump,jump_prob,ve,dim
0,0.33680176047287413,0.23588625812717665,1930,0.05,0.3,0.5,0.001,1
