,L2,L2_true,N,std,jump,jump_prob,ve,dim
0,7.386589581493096,6.721869819891431,61,0.01,0.3,0.5,0.001,2
