,L2,L2_true,N,std,jump,jump_prob,ve,dim
0,4.320350870767696,2.506267960056021,11,0.01,0.3,0.5,0.01,3
