,L2,L2_true,N,std,jump,jump_prob,ve,dim
0,4.476032628253378,2.7568059539063285,11,0.01,0.3,0.5,0.01,3
