,L2,L2_true,N,std,jump,jump_prob,ve,dim
0,12.615400248292824,12.20096609293051,517,0.01,0.3,0.5,0.0025,3
