,L2,L2_true,N,std,jump,jump_prob,ve,dim
0,3.73379625578642,2.052012400256198,26,0.01,0.3,0.5,0.0025,1
