,L2,L2_true,N,std,jump,jump_prob,ve,dim
0,4.418751693006528,2.789199038553366,517,0.01,0.3,0.5,0.01,3
