,L2,L2_true,N,std,jump,jump_prob,ve,dim
0,3.419911314934212,0.0519611427340872,1389,0.01,0.3,0.5,0.01,1
