,L2,L2_true,N,std,jump,jump_prob,ve,dim
0,3.0696813775184166,0.5256361237000112,227,0.01,0.3,0.5,0.0025,1
