,L2,L2_true,N,std,jump,jump_prob,ve,dim
0,5.430890949544543,4.270873066897562,22,0.01,0.3,0.5,0.0025,3
