,L2,L2_true,N,std,jump,jump_prob,ve,dim
0,5.5959657139316805,4.378431148446526,71,0.01,0.3,0.5,0.01,3
