,L2,L2_true,N,std,jump,jump_prob,ve,dim
0,3.6253836782461364,0.9362884226070206,2,0.01,0.3,0.5,0.01,1
