,L2,L2_true,N,std,jump,jump_prob,ve,dim
0,3.490079205654512,0.7114775810900659,43,0.01,0.3,0.5,0.01,1
