,L2,L2_true,N,std,jump,jump_prob,ve,dim
0,3.7275892996566196,1.1837026630800305,2,0.01,0.3,0.5,0.01,2
