,L2,L2_true,N,std,jump,jump_prob,ve,dim
0,5.945201168188851,5.0415014037375006,138,0.01,0.3,0.5,0.0025,2
