,L2,L2_true,N,std,jump,jump_prob,ve,dim
0,3.9272094677896936,2.03735991768797,4,0.01,0.3,0.5,0.0025,3
