,L2,L2_true,N,std,jump,jump_prob,ve,dim
0,3.5240884347611696,0.767173219179387,26,0.01,0.3,0.5,0.01,1
