,L2,L2_true,N,std,jump,jump_prob,ve,dim
0,0.459804038751999,0.37245438739048575,848,0.05,0.3,0.5,0.001,1
