,L2,L2_true,N,std,jump,jump_prob,ve,dim
0,3.6538721297010186,1.2730170326393786,163,0.01,0.3,0.5,0.01,2
