,L2,L2_true,N,std,jump,jump_prob,ve,dim
0,3.1213096864381744,0.6345715887895675,71,0.01,0.3,0.5,0.0025,1
