,L2,L2_true,N,std,jump,jump_prob,ve,dim
0,3.247335959787622,1.1703842459911247,43,0.01,0.3,0.5,0.0025,1
