,L2,L2_true,N,std,jump,jump_prob,ve,dim
0,5.328835127010953,4.026876792106945,138,0.01,0.3,0.5,0.01,3
