,L2,L2_true,N,std,jump,jump_prob,ve,dim
0,5.708584715923747,4.757129994644837,138,0.01,0.3,0.5,0.0025,2
