,L2,L2_true,N,std,jump,jump_prob,ve,dim
0,4.126484523267661,2.938515521978041,16,0.01,0.3,0.5,0.001,1
