,L2,L2_true,N,std,jump,jump_prob,ve,dim
0,4.5590490373504835,3.0756375612599407,10,0.01,0.3,0.5,0.0025,3
