,L2,L2_true,N,std,jump,jump_prob,ve,dim
0,3.4326257461699496,0.3021129540094446,61,0.01,0.3,0.5,0.01,1
