,L2,L2_true,N,std,jump,jump_prob,ve,dim
0,3.8774729052656283,1.7612389814096743,71,0.01,0.3,0.5,0.01,2
