,L2,L2_true,N,std,jump,jump_prob,ve,dim
0,3.423646379163798,0.3015802398692324,2275,0.01,0.3,0.5,0.01,2
