,L2,L2_true,N,std,jump,jump_prob,ve,dim
0,3.847319004864077,1.85984861895034,3,0.01,0.3,0.5,0.0025,2
