,L2,L2_true,N,std,jump,jump_prob,ve,dim
0,11.772521241794523,11.352999301122603,163,0.01,0.3,0.5,0.001,3
