,L2,L2_true,N,std,jump,jump_prob,ve,dim
0,1.9079571590851072,1.793452133146338,4,0.05,0.3,0.5,0.001,1
