,L2,L2_true,N,std,jump,jump_prob,ve,dim
0,4.560383248162108,3.3701436846838493,372,0.01,0.3,0.5,0.0025,2
