,L2,L2_true,N,std,jump,jump_prob,ve,dim
0,2.633400310656672,0.37463106689487197,719,0.01,0.3,0.5,0.001,1
