,L2,L2_true,N,std,jump,jump_prob,ve,dim
0,5.838767345387962,4.779279945679401,26,0.01,0.3,0.5,0.0025,3
