,L2,L2_true,N,std,jump,jump_prob,ve,dim
0,2.933054434315338,1.3612331354101883,71,0.01,0.3,0.5,0.001,1
