,L2,L2_true,N,std,jump,jump_prob,ve,dim
0,4.121198975334933,2.8315285579387504,16,0.01,0.3,0.5,0.001,1
