,L2,L2_true,N,std,jump,jump_prob,ve,dim
0,4.454168176969901,2.9357992791604346,10,0.01,0.3,0.5,0.0025,2
