,L2,L2_true,N,std,jump,jump_prob,ve,dim
0,2.688712493393341,2.690515747077267,26,0.05,0.3,0.5,0.001,1
