,L2,L2_true,N,std,jump,jump_prob,ve,dim
0,3.9287300826004095,2.38474849021144,6,0.01,0.3,0.5,0.001,1
