,L2,L2_true,N,std,jump,jump_prob,ve,dim
0,3.7286813799391525,1.777850938830548,11,0.01,0.3,0.5,0.0025,1
