,L2,L2_true,N,std,jump,jump_prob,ve,dim
0,5.468519685347216,4.309401709049686,22,0.01,0.3,0.5,0.0025,3
