,L2,L2_true,N,std,jump,jump_prob,ve,dim
0,5.086242735592638,3.6813577614333415,37,0.01,0.3,0.5,0.01,3
