,L2,L2_true,N,std,jump,jump_prob,ve,dim
0,3.6433255891252947,1.3670793939701447,2,0.01,0.3,0.5,0.0025,1
