,L2,L2_true,N,std,jump,jump_prob,ve,dim
0,1.076409222667306,1.0814693260257218,138,0.05,0.3,0.5,0.001,1
