,L2,L2_true,N,std,jump,jump_prob,ve,dim
0,1.1470977692610502,1.106216886872805,117,0.05,0.3,0.5,0.001,1
