,L2,L2_true,N,std,jump,jump_prob,ve,dim
0,3.4416926965733436,1.5266848506111568,26,0.01,0.3,0.5,0.0025,1
