,L2,L2_true,N,std,jump,jump_prob,ve,dim
0,5.103212946981406,3.8426972567245383,16,0.01,0.3,0.5,0.0025,2
