,L2,L2_true,N,std,jump,jump_prob,ve,dim
0,23.04046706939405,22.8542429604331,1389,0.01,0.3,0.5,0.001,3
