,L2,L2_true,N,std,jump,jump_prob,ve,dim
0,9.749117184911416,9.168191352673343,138,0.01,0.3,0.5,0.0025,3
