,L2,L2_true,N,std,jump,jump_prob,ve,dim
0,5.604644143383994,4.401633060987314,138,0.01,0.3,0.5,0.01,3
