,L2,L2_true,N,std,jump,jump_prob,ve,dim
0,4.500705624991341,3.2270963847262224,10,0.01,0.3,0.5,0.001,2
