,L2,L2_true,N,std,jump,jump_prob,ve,dim
0,3.83237931324851,2.066236042879586,11,0.01,0.3,0.5,0.0025,1
