,L2,L2_true,N,std,jump,jump_prob,ve,dim
0,2.1052007078510053,2.0197087840690755,5,0.05,0.3,0.5,0.001,1
