,L2,L2_true,N,std,jump,jump_prob,ve,dim
0,3.710119338423217,2.093481157826875,10,0.01,0.3,0.5,0.001,1
