,L2,L2_true,N,std,jump,jump_prob,ve,dim
0,3.4401474484628483,0.4158187140783712,1178,0.01,0.3,0.5,0.01,2
