,L2,L2_true,N,std,jump,jump_prob,ve,dim
0,12.77718992825309,12.392857222611653,193,0.01,0.3,0.5,0.001,3
