,L2,L2_true,N,std,jump,jump_prob,ve,dim
0,5.16152317820511,3.951476210561212,26,0.01,0.3,0.5,0.0025,2
