,L2,L2_true,N,std,jump,jump_prob,ve,dim
0,4.309720108169265,2.4761023931495183,10,0.01,0.3,0.5,0.01,3
