,L2,L2_true,N,std,jump,jump_prob,ve,dim
0,3.6663213525845313,2.0390981739293874,1000,0.01,0.3,0.5,0.0025,2
