,L2,L2_true,N,std,jump,jump_prob,ve,dim
0,4.368805152172386,2.603700837376306,19,0.01,0.3,0.5,0.01,2
