,L2,L2_true,N,std,jump,jump_prob,ve,dim
0,4.905060758998773,3.4176200920517124,26,0.01,0.3,0.5,0.01,3
