,L2,L2_true,N,std,jump,jump_prob,ve,dim
0,8.81338707876172,8.322818047399261,193,0.01,0.3,0.5,0.001,2
