,L2,L2_true,N,std,jump,jump_prob,ve,dim
0,5.643768925894834,4.682949301023141,22,0.01,0.3,0.5,0.001,3
