,L2,L2_true,N,std,jump,jump_prob,ve,dim
0,0.6348864790433817,0.6342450333910415,372,0.2,0.3,0.5,0.001,1
