,L2,L2_true,N,std,jump,jump_prob,ve,dim
0,0.4094412609300651,0.4090676718305829,848,0.2,0.3,0.5,0.001,1
