,L2,L2_true,N,std,jump,jump_prob,ve,dim
0,8.934184435031092,8.36959114343887,84,0.01,0.3,0.5,0.001,3
