,L2,L2_true,N,std,jump,jump_prob,ve,dim
0,5.827787239023757,4.893003151723176,138,0.01,0.3,0.5,0.0025,2
