,L2,L2_true,N,std,jump,jump_prob,ve,dim
0,12.5945798617044,12.211287888164698,193,0.01,0.3,0.5,0.001,3
