,L2,L2_true,N,std,jump,jump_prob,ve,dim
0,5.012897756117148,3.7416547463775056,16,0.01,0.3,0.5,0.0025,2
