,L2,L2_true,N,std,jump,jump_prob,ve,dim
0,2.250565152215373,2.18098649053013,8,0.05,0.3,0.5,0.001,1
