,L2,L2_true,N,std,jump,jump_prob,ve,dim
0,7.177701828232677,6.340449344436341,51,0.01,0.3,0.5,0.0025,3
