,L2,L2_true,N,std,jump,jump_prob,ve,dim
0,2.6563543728255725,0.40555021659274804,610,0.01,0.3,0.5,0.001,1
