,L2,L2_true,N,std,jump,jump_prob,ve,dim
0,4.1534083218794455,2.5467272237398673,7,0.01,0.3,0.5,0.0025,1
