,L2,L2_true,N,std,jump,jump_prob,ve,dim
0,9.673867975108456,9.08782732624596,138,0.01,0.3,0.5,0.0025,3
