,L2,L2_true,N,std,jump,jump_prob,ve,dim
0,3.8356404354169342,2.21934091868761,3,0.01,0.3,0.5,0.001,2
