,L2,L2_true,N,std,jump,jump_prob,ve,dim
0,0.35519235353811385,0.2869750849964716,1389,0.05,0.3,0.5,0.001,1
