,L2,L2_true,N,std,jump,jump_prob,ve,dim
0,4.055414859156004,2.1716359866668475,848,0.01,0.3,0.5,0.01,3
