,L2,L2_true,N,std,jump,jump_prob,ve,dim
0,4.303350312904924,2.9461449492280445,7,0.01,0.3,0.5,0.001,3
