,L2,L2_true,N,std,jump,jump_prob,ve,dim
0,3.6069992178977204,0.7794521770209139,2,0.01,0.3,0.5,0.01,1
