,L2,L2_true,N,std,jump,jump_prob,ve,dim
0,20.39956187300414,20.17809956492504,719,0.01,0.3,0.5,0.001,3
