,L2,L2_true,N,std,jump,jump_prob,ve,dim
0,2.6249946963278834,2.6245421863603506,13,0.2,0.3,0.5,0.001,1
