,L2,L2_true,N,std,jump,jump_prob,ve,dim
0,0.6566681851067376,0.6194560848218627,372,0.05,0.3,0.5,0.001,1
