,L2,L2_true,N,std,jump,jump_prob,ve,dim
0,3.510579164525364,0.7904429300329555,372,0.01,0.3,0.5,0.01,2
