,L2,L2_true,N,std,jump,jump_prob,ve,dim
0,3.686580086389526,2.0746198448467297,1000,0.01,0.3,0.5,0.0025,2
