,L2,L2_true,N,std,jump,jump_prob,ve,dim
0,1.931127369680484,1.8355952089228955,4,0.05,0.3,0.5,0.001,1
