,L2,L2_true,N,std,jump,jump_prob,ve,dim
0,3.4580472192821476,0.5702657777152851,610,0.01,0.3,0.5,0.01,2
