,L2,L2_true,N,std,jump,jump_prob,ve,dim
0,4.063384301245994,3.0119685440164417,31,0.01,0.3,0.5,0.001,1
