,L2,L2_true,N,std,jump,jump_prob,ve,dim
0,3.47685101001794,0.5965902194980788,37,0.01,0.3,0.5,0.01,1
