,L2,L2_true,N,std,jump,jump_prob,ve,dim
0,2.6292960787223727,0.2728331652683153,1178,0.01,0.3,0.5,0.001,1
