,L2,L2_true,N,std,jump,jump_prob,ve,dim
0,4.080711178731677,2.052675261273757,10,0.01,0.3,0.5,0.01,2
