,L2,L2_true,N,std,jump,jump_prob,ve,dim
0,0.32213345983127967,0.24071172901025897,1637,0.05,0.3,0.5,0.001,1
