,L2,L2_true,N,std,jump,jump_prob,ve,dim
0,3.762542957719571,1.5120710129604662,13,0.01,0.3,0.5,0.01,1
