,L2,L2_true,N,std,jump,jump_prob,ve,dim
0,0.5820584329232399,0.5197369710351348,372,0.05,0.3,0.5,0.001,1
