,L2,L2_true,N,std,jump,jump_prob,ve,dim
0,3.4296998347672734,0.1956538691174211,163,0.01,0.3,0.5,0.01,1
