,L2,L2_true,N,std,jump,jump_prob,ve,dim
0,5.204880998765973,4.497620556009279,1389,0.01,0.3,0.5,0.001,2
