,L2,L2_true,N,std,jump,jump_prob,ve,dim
0,3.417611483160655,0.07844416673099987,1389,0.01,0.3,0.5,0.01,1
