,L2,L2_true,N,std,jump,jump_prob,ve,dim
0,5.610574877494055,4.377553388289392,71,0.01,0.3,0.5,0.01,3
