,L2,L2_true,N,std,jump,jump_prob,ve,dim
0,3.429666247499696,0.1495901061794854,610,0.01,0.3,0.5,0.01,1
