,L2,L2_true,N,std,jump,jump_prob,ve,dim
0,3.3720545641563024,1.3429187510997933,37,0.01,0.3,0.5,0.0025,1
