,L2,L2_true,N,std,jump,jump_prob,ve,dim
0,8.067214456143684,7.5724981117785495,372,0.01,0.3,0.5,0.001,2
