,L2,L2_true,N,std,jump,jump_prob,ve,dim
0,3.536786975792718,0.914961154582472,16,0.01,0.3,0.5,0.01,1
