,L2,L2_true,N,std,jump,jump_prob,ve,dim
0,0.3080877832143987,0.3089963462948601,1389,0.2,0.3,0.5,0.001,1
