,L2,L2_true,N,std,jump,jump_prob,ve,dim
0,3.027380408992615,0.14372485859566145,1637,0.01,0.3,0.5,0.0025,1
