,L2,L2_true,N,std,jump,jump_prob,ve,dim
0,4.118408838381122,2.111372263734732,7,0.01,0.3,0.5,0.01,3
