,L2,L2_true,N,std,jump,jump_prob,ve,dim
0,2.0936018898983924,1.9927969373289969,6,0.05,0.3,0.5,0.001,1
