,L2,L2_true,N,std,jump,jump_prob,ve,dim
0,4.115276750856541,2.22660957197856,43,0.01,0.3,0.5,0.01,2
