,L2,L2_true,N,std,jump,jump_prob,ve,dim
0,3.6181465769080514,1.8022336233590897,1,0.01,0.3,0.5,0.001,1
