,L2,L2_true,N,std,jump,jump_prob,ve,dim
0,12.246936992845077,11.808101329887355,372,0.01,0.3,0.5,0.0025,3
