,L2,L2_true,N,std,jump,jump_prob,ve,dim
0,3.025976067186203,0.13354997400977547,1930,0.01,0.3,0.5,0.0025,1
