,L2,L2_true,N,std,jump,jump_prob,ve,dim
0,4.150120661634028,2.1991059936140127,13,0.01,0.3,0.5,0.01,2
