,L2,L2_true,N,std,jump,jump_prob,ve,dim
0,3.0530733167683834,1.488676527871135,51,0.01,0.3,0.5,0.001,1
