,L2,L2_true,N,std,jump,jump_prob,ve,dim
0,3.683158982856113,1.3533989149572554,138,0.01,0.3,0.5,0.01,2
