,L2,L2_true,N,std,jump,jump_prob,ve,dim
0,4.068646640372743,2.283745653993041,5,0.01,0.3,0.5,0.0025,3
