,L2,L2_true,N,std,jump,jump_prob,ve,dim
0,3.4198394073860623,0.05583969152240156,2682,0.01,0.3,0.5,0.01,1
