,L2,L2_true,N,std,jump,jump_prob,ve,dim
0,4.91677665324009,3.5139804010425117,268,0.01,0.3,0.5,0.01,3
