,L2,L2_true,N,std,jump,jump_prob,ve,dim
0,5.341601170719505,4.016561102669855,43,0.01,0.3,0.5,0.01,3
