,L2,L2_true,N,std,jump,jump_prob,ve,dim
0,5.02990028278779,3.5989337469483518,31,0.01,0.3,0.5,0.01,3
