,L2,L2_true,N,std,jump,jump_prob,ve,dim
0,6.124487701124323,5.198653561358134,84,0.01,0.3,0.5,0.0025,2
