,L2,L2_true,N,std,jump,jump_prob,ve,dim
0,1.8919958279291798,1.8532001935211773,37,0.05,0.3,0.5,0.001,1
