,L2,L2_true,N,std,jump,jump_prob,ve,dim
0,4.078270669733893,2.3148487420999775,5,0.01,0.3,0.5,0.0025,3
