,L2,L2_true,N,std,jump,jump_prob,ve,dim
0,1.4987127872983037,1.4954611669184739,4,0.2,0.3,0.5,0.001,1
