,L2,L2_true,N,std,jump,jump_prob,ve,dim
0,5.322708175765184,4.038489102433089,163,0.01,0.3,0.5,0.01,3
