,L2,L2_true,N,std,jump,jump_prob,ve,dim
0,3.8898497949239,2.3230441429044606,5,0.01,0.3,0.5,0.001,1
