,L2,L2_true,N,std,jump,jump_prob,ve,dim
0,6.48797375826927,5.549646837353441,37,0.01,0.3,0.5,0.0025,3
