,L2,L2_true,N,std,jump,jump_prob,ve,dim
0,7.999354238476873,7.409684340436456,100,0.01,0.3,0.5,0.001,2
