,L2,L2_true,N,std,jump,jump_prob,ve,dim
0,2.6506198816543,0.5086207381425539,316,0.01,0.3,0.5,0.001,1
