,L2,L2_true,N,std,jump,jump_prob,ve,dim
0,10.96452890920332,10.518934894937512,138,0.01,0.3,0.5,0.001,3
