,L2,L2_true,N,std,jump,jump_prob,ve,dim
0,12.548581420489663,12.13767466806665,517,0.01,0.3,0.5,0.0025,3
