,L2,L2_true,N,std,jump,jump_prob,ve,dim
0,9.708640133009231,9.125929579962774,138,0.01,0.3,0.5,0.0025,3
