,L2,L2_true,N,std,jump,jump_prob,ve,dim
0,3.415829102146101,0.05934308101371141,3162,0.01,0.3,0.5,0.01,1
