,L2,L2_true,N,std,jump,jump_prob,ve,dim
0,3.850414763948831,1.5419357522563646,4,0.01,0.3,0.5,0.01,3
