,L2,L2_true,N,std,jump,jump_prob,ve,dim
0,3.4249817428718377,0.048446207743797876,1637,0.01,0.3,0.5,0.01,1
