,L2,L2_true,N,std,jump,jump_prob,ve,dim
0,3.662751913345481,1.307599605055081,138,0.01,0.3,0.5,0.01,2
