,L2,L2_true,N,std,jump,jump_prob,ve,dim
0,0.4880535360073497,0.48771992505982764,517,0.2,0.3,0.5,0.001,1
