,L2,L2_true,N,std,jump,jump_prob,ve,dim
0,4.549340046874285,3.0693515383456527,11,0.01,0.3,0.5,0.0025,2
