,L2,L2_true,N,std,jump,jump_prob,ve,dim
0,4.050492936883131,1.9862282825026265,6,0.01,0.3,0.5,0.01,3
