,L2,L2_true,N,std,jump,jump_prob,ve,dim
0,3.6417381594501848,0.9575614236856778,2,0.01,0.3,0.5,0.01,1
