,L2,L2_true,N,std,jump,jump_prob,ve,dim
0,0.3779490327536105,0.37050980120832283,1,0.2,0.3,0.5,0.001,1
