,L2,L2_true,N,std,jump,jump_prob,ve,dim
0,3.0524053304679604,0.39443684218894154,117,0.01,0.3,0.5,0.0025,1
