,L2,L2_true,N,std,jump,jump_prob,ve,dim
0,3.6576031976572847,1.8554622882826002,2,0.01,0.3,0.5,0.001,1
