,L2,L2_true,N,std,jump,jump_prob,ve,dim
0,2.6422740004083565,0.3788390336661037,610,0.01,0.3,0.5,0.001,1
