,L2,L2_true,N,std,jump,jump_prob,ve,dim
0,5.72382510175997,4.681951203093209,43,0.01,0.3,0.5,0.0025,2
