,L2,L2_true,N,std,jump,jump_prob,ve,dim
0,23.3374481467042,23.147601899159152,1178,0.01,0.3,0.5,0.001,3
