,L2,L2_true,N,std,jump,jump_prob,ve,dim
0,12.200845647421847,11.79094743273578,1389,0.01,0.3,0.5,0.0025,3
