,L2,L2_true,N,std,jump,jump_prob,ve,dim
0,10.442580477726219,9.970474793736084,117,0.01,0.3,0.5,0.001,3
