,L2,L2_true,N,std,jump,jump_prob,ve,dim
0,2.3917333787821446,2.392547673129949,31,0.2,0.3,0.5,0.001,1
