,L2,L2_true,N,std,jump,jump_prob,ve,dim
0,3.414669464354005,0.07260221909502071,1000,0.01,0.3,0.5,0.01,1
