,L2,L2_true,N,std,jump,jump_prob,ve,dim
0,2.595711103647053,2.517135858702664,8,0.05,0.3,0.5,0.001,1
