,L2,L2_true,N,std,jump,jump_prob,ve,dim
0,7.877462403666478,7.381923694270093,372,0.01,0.3,0.5,0.001,2
