,L2,L2_true,N,std,jump,jump_prob,ve,dim
0,11.845311598002402,11.429124430273566,1389,0.01,0.3,0.5,0.0025,3
