,L2,L2_true,N,std,jump,jump_prob,ve,dim
0,0.4672532831026684,0.4674432453064224,719,0.2,0.3,0.5,0.001,1
