,L2,L2_true,N,std,jump,jump_prob,ve,dim
0,0.5634201976777319,0.5633412182038605,439,0.2,0.3,0.5,0.001,1
