,L2,L2_true,N,std,jump,jump_prob,ve,dim
0,1.0221324448290998,1.0001816211186607,138,0.05,0.3,0.5,0.001,1
