,L2,L2_true,N,std,jump,jump_prob,ve,dim
0,0.37779988526393504,0.3703646682378003,1,0.2,0.3,0.5,0.001,1
