,L2,L2_true,N,std,jump,jump_prob,ve,dim
0,3.944121746788512,2.0723158374432575,4,0.01,0.3,0.5,0.0025,3
