,L2,L2_true,N,std,jump,jump_prob,ve,dim
0,3.0310475788604663,0.1512906033067684,848,0.01,0.3,0.5,0.0025,1
