,L2,L2_true,N,std,jump,jump_prob,ve,dim
0,4.086509617891746,2.112514740581768,26,0.01,0.3,0.5,0.01,2
