,L2,L2_true,N,std,jump,jump_prob,ve,dim
0,2.6369125924679118,0.3354154908558104,1000,0.01,0.3,0.5,0.001,1
