,L2,L2_true,N,std,jump,jump_prob,ve,dim
0,3.5063016103722044,1.7488807083278837,1389,0.01,0.3,0.5,0.0025,2
