,L2,L2_true,N,std,jump,jump_prob,ve,dim
0,1.7342680337643024,1.733456542693631,71,0.2,0.3,0.5,0.001,1
