,L2,L2_true,N,std,jump,jump_prob,ve,dim
0,3.0377186480211114,0.12763407976449137,1389,0.01,0.3,0.5,0.0025,1
