,L2,L2_true,N,std,jump,jump_prob,ve,dim
0,7.940459637862478,7.345731341939803,100,0.01,0.3,0.5,0.001,2
