,L2,L2_true,N,std,jump,jump_prob,ve,dim
0,3.9219725653106114,2.3260161926831864,16,0.01,0.3,0.5,0.0025,1
