,L2,L2_true,N,std,jump,jump_prob,ve,dim
0,4.176259569260931,2.865163394129884,610,0.01,0.3,0.5,0.0025,2
