,L2,L2_true,N,std,jump,jump_prob,ve,dim
0,0.7665809355470756,0.708655571768611,227,0.05,0.3,0.5,0.001,1
