,L2,L2_true,N,std,jump,jump_prob,ve,dim
0,0.45185866232484245,0.45187755710367133,719,0.2,0.3,0.5,0.001,1
