,L2,L2_true,N,std,jump,jump_prob,ve,dim
0,3.419967614058898,0.068201592517944,2682,0.01,0.3,0.5,0.01,1
