,L2,L2_true,N,std,jump,jump_prob,ve,dim
0,8.325622483814382,7.779968752387632,138,0.01,0.3,0.5,0.001,2
