,L2,L2_true,N,std,jump,jump_prob,ve,dim
0,5.836331180219232,4.807704742167845,43,0.01,0.3,0.5,0.0025,2
