,L2,L2_true,N,std,jump,jump_prob,ve,dim
0,9.97107776937623,9.496812900893849,3000,0.01,0.3,0.5,0.0025,3
