,L2,L2_true,N,std,jump,jump_prob,ve,dim
0,2.8457179589036428,1.1537698794855704,193,0.01,0.3,0.5,0.001,1
