,L2,L2_true,N,std,jump,jump_prob,ve,dim
0,2.622628104819411,0.18695510352335884,1637,0.01,0.3,0.5,0.001,1
