,L2,L2_true,N,std,jump,jump_prob,ve,dim
0,2.1733553864970365,2.128885242178741,26,0.05,0.3,0.5,0.001,1
