,L2,L2_true,N,std,jump,jump_prob,ve,dim
0,0.41053746300261923,0.41020466187162485,848,0.2,0.3,0.5,0.001,1
