,L2,L2_true,N,std,jump,jump_prob,ve,dim
0,2.449580137220776,2.3797001169371366,22,0.05,0.3,0.5,0.001,1
