,L2,L2_true,N,std,jump,jump_prob,ve,dim
0,2.6388594090519684,0.2845615898797676,719,0.01,0.3,0.5,0.001,1
