,L2,L2_true,N,std,jump,jump_prob,ve,dim
0,7.813839925648439,7.071847779732113,71,0.01,0.3,0.5,0.0025,3
