,L2,L2_true,N,std,jump,jump_prob,ve,dim
0,3.6440862852279574,1.8806334037592405,2,0.01,0.3,0.5,0.001,1
