,L2,L2_true,N,std,jump,jump_prob,ve,dim
0,3.4288662926995204,0.35290020191566834,1637,0.01,0.3,0.5,0.01,2
