,L2,L2_true,N,std,jump,jump_prob,ve,dim
0,3.4797125270787266,1.5758108882149962,31,0.01,0.3,0.5,0.0025,1
