,L2,L2_true,N,std,jump,jump_prob,ve,dim
0,9.734622768937024,9.148454391116065,138,0.01,0.3,0.5,0.0025,3
