,L2,L2_true,N,std,jump,jump_prob,ve,dim
0,6.159479465241048,5.247017686526077,71,0.01,0.3,0.5,0.0025,2
