,L2,L2_true,N,std,jump,jump_prob,ve,dim
0,3.489071217268983,0.6755570579116085,22,0.01,0.3,0.5,0.01,1
