,L2,L2_true,N,std,jump,jump_prob,ve,dim
0,4.158449072886012,2.4527128741810857,6,0.01,0.3,0.5,0.0025,2
