,L2,L2_true,N,std,jump,jump_prob,ve,dim
0,12.117737511184043,11.684949133398016,372,0.01,0.3,0.5,0.0025,3
