,L2,L2_true,N,std,jump,jump_prob,ve,dim
0,11.580474230404947,11.14598594017187,1637,0.01,0.3,0.5,0.0025,3
