,L2,L2_true,N,std,jump,jump_prob,ve,dim
0,4.992266763548755,3.7027145274233657,16,0.01,0.3,0.5,0.0025,2
