,L2,L2_true,N,std,jump,jump_prob,ve,dim
0,3.7058524008790683,1.4331652533556742,1930,0.01,0.3,0.5,0.01,3
