,L2,L2_true,N,std,jump,jump_prob,ve,dim
0,3.685643703411764,2.080769586699133,1000,0.01,0.3,0.5,0.0025,2
