,L2,L2_true,N,std,jump,jump_prob,ve,dim
0,10.450939309018006,9.917664617173923,193,0.01,0.3,0.5,0.0025,3
