,L2,L2_true,N,std,jump,jump_prob,ve,dim
0,8.666713676694515,8.198923060189701,316,0.01,0.3,0.5,0.001,2
