,L2,L2_true,N,std,jump,jump_prob,ve,dim
0,4.1391894568994925,2.186500538408556,8,0.01,0.3,0.5,0.01,3
