,L2,L2_true,N,std,jump,jump_prob,ve,dim
0,3.622626386545383,1.3304965077749105,1,0.01,0.3,0.5,0.0025,2
