,L2,L2_true,N,std,jump,jump_prob,ve,dim
0,6.068930003819183,5.0562388097833795,31,0.01,0.3,0.5,0.0025,3
