,L2,L2_true,N,std,jump,jump_prob,ve,dim
0,23.00194064593993,22.81090912991435,1178,0.01,0.3,0.5,0.001,3
