,L2,L2_true,N,std,jump,jump_prob,ve,dim
0,3.4176827532601473,0.05601097605823685,2682,0.01,0.3,0.5,0.01,1
