,L2,L2_true,N,std,jump,jump_prob,ve,dim
0,3.6261756599774984,1.329174096471714,1,0.01,0.3,0.5,0.0025,2
