,L2,L2_true,N,std,jump,jump_prob,ve,dim
0,0.46287778068264684,0.4635491427704087,719,0.2,0.3,0.5,0.001,1
