,L2,L2_true,N,std,jump,jump_prob,ve,dim
0,6.3707218544322295,5.779389083964463,848,0.01,0.3,0.5,0.001,2
