,L2,L2_true,N,std,jump,jump_prob,ve,dim
0,3.0360421740728882,0.11200759453181562,3162,0.01,0.3,0.5,0.0025,1
