,L2,L2_true,N,std,jump,jump_prob,ve,dim
0,3.4970673419790117,3.498059579165135,16,0.2,0.3,0.5,0.001,1
