,L2,L2_true,N,std,jump,jump_prob,ve,dim
0,5.801570144400903,4.880344870719297,138,0.01,0.3,0.5,0.0025,2
