,L2,L2_true,N,std,jump,jump_prob,ve,dim
0,2.6339196316694804,0.24484913888415594,1000,0.01,0.3,0.5,0.001,1
