,L2,L2_true,N,std,jump,jump_prob,ve,dim
0,1.4266998250836844,1.2734551089379937,2,0.05,0.3,0.5,0.001,1
