,L2,L2_true,N,std,jump,jump_prob,ve,dim
0,0.2799977543845447,0.28020702441829903,1637,0.2,0.3,0.5,0.001,1
