,L2,L2_true,N,std,jump,jump_prob,ve,dim
0,2.8312304649062763,1.0975333528969646,138,0.01,0.3,0.5,0.001,1
