,L2,L2_true,N,std,jump,jump_prob,ve,dim
0,4.030513546460686,2.2241318525095233,5,0.01,0.3,0.5,0.0025,3
