,L2,L2_true,N,std,jump,jump_prob,ve,dim
0,4.607746912389246,3.377408328784847,10,0.01,0.3,0.5,0.001,3
