,L2,L2_true,N,std,jump,jump_prob,ve,dim
0,1.3504680307531374,1.1788709870189635,1,0.05,0.3,0.5,0.001,1
