,L2,L2_true,N,std,jump,jump_prob,ve,dim
0,2.189697442800447,2.19017551476918,51,0.2,0.3,0.5,0.001,1
