,L2,L2_true,N,std,jump,jump_prob,ve,dim
0,5.1743537352955835,3.9433171268632132,19,0.01,0.3,0.5,0.0025,2
