,L2,L2_true,N,std,jump,jump_prob,ve,dim
0,10.420936890485292,9.946238931769564,117,0.01,0.3,0.5,0.001,3
