,L2,L2_true,N,std,jump,jump_prob,ve,dim
0,0.7003026702731843,0.6994020009368065,316,0.2,0.3,0.5,0.001,1
