,L2,L2_true,N,std,jump,jump_prob,ve,dim
0,3.476921506184525,0.609117885635809,610,0.01,0.3,0.5,0.01,2
