,L2,L2_true,N,std,jump,jump_prob,ve,dim
0,3.9969398130877183,1.8987728524899938,6,0.01,0.3,0.5,0.01,2
