,L2,L2_true,N,std,jump,jump_prob,ve,dim
0,3.034452356242255,0.20342241703257938,439,0.01,0.3,0.5,0.0025,1
