,L2,L2_true,N,std,jump,jump_prob,ve,dim
0,3.0396956174198686,0.2866422416174562,316,0.01,0.3,0.5,0.0025,1
