,L2,L2_true,N,std,jump,jump_prob,ve,dim
0,12.719406716428322,12.304734306810476,517,0.01,0.3,0.5,0.0025,3
