,L2,L2_true,N,std,jump,jump_prob,ve,dim
0,4.941643152380901,4.16105196002858,1637,0.01,0.3,0.5,0.001,2
