,L2,L2_true,N,std,jump,jump_prob,ve,dim
0,2.8042628861409487,2.738701754608318,11,0.05,0.3,0.5,0.001,1
