,L2,L2_true,N,std,jump,jump_prob,ve,dim
0,5.649419891661749,4.60959860289402,51,0.01,0.3,0.5,0.0025,2
