,L2,L2_true,N,std,jump,jump_prob,ve,dim
0,3.712549778711404,2.442033429003379,26,0.01,0.3,0.5,0.001,1
