,L2,L2_true,N,std,jump,jump_prob,ve,dim
0,8.386851891333995,7.90791197159567,316,0.01,0.3,0.5,0.001,2
