,L2,L2_true,N,std,jump,jump_prob,ve,dim
0,6.018063608406557,5.057934441086929,51,0.01,0.3,0.5,0.0025,2
