,L2,L2_true,N,std,jump,jump_prob,ve,dim
0,5.250754761912475,4.5413532659711215,1389,0.01,0.3,0.5,0.001,2
