,L2,L2_true,N,std,jump,jump_prob,ve,dim
0,4.136586788078867,2.1802856394610086,10,0.01,0.3,0.5,0.01,2
