,L2,L2_true,N,std,jump,jump_prob,ve,dim
0,3.426863351327142,0.2645450545265828,117,0.01,0.3,0.5,0.01,1
