,L2,L2_true,N,std,jump,jump_prob,ve,dim
0,3.324255627694081,1.8274739948275667,31,0.01,0.3,0.5,0.001,1
