,L2,L2_true,N,std,jump,jump_prob,ve,dim
0,4.175929076052917,2.47639223443837,6,0.01,0.3,0.5,0.0025,3
