,L2,L2_true,N,std,jump,jump_prob,ve,dim
0,3.4176419332410397,0.21824435556549945,117,0.01,0.3,0.5,0.01,1
