,L2,L2_true,N,std,jump,jump_prob,ve,dim
0,3.995615875506224,2.2107525356881417,7,0.01,0.3,0.5,0.0025,1
