,L2,L2_true,N,std,jump,jump_prob,ve,dim
0,7.031679685068386,6.487377100672474,610,0.01,0.3,0.5,0.001,2
