,L2,L2_true,N,std,jump,jump_prob,ve,dim
0,5.457634266187561,4.298488060466533,22,0.01,0.3,0.5,0.0025,3
