,L2,L2_true,N,std,jump,jump_prob,ve,dim
0,3.4323122947978733,0.4091868506849349,1178,0.01,0.3,0.5,0.01,2
