,L2,L2_true,N,std,jump,jump_prob,ve,dim
0,6.9515388886870735,6.22812202579048,61,0.01,0.3,0.5,0.001,2
