,L2,L2_true,N,std,jump,jump_prob,ve,dim
0,3.032862308370234,0.2721985211904863,610,0.01,0.3,0.5,0.0025,1
