,L2,L2_true,N,std,jump,jump_prob,ve,dim
0,9.02812686660431,8.390964583541665,117,0.01,0.3,0.5,0.0025,3
