,L2,L2_true,N,std,jump,jump_prob,ve,dim
0,1.5376331927061966,1.5200908990897979,84,0.05,0.3,0.5,0.001,1
