,L2,L2_true,N,std,jump,jump_prob,ve,dim
0,1.3482726393285878,1.1772698961729797,1,0.05,0.3,0.5,0.001,1
