,L2,L2_true,N,std,jump,jump_prob,ve,dim
0,8.481139366817697,7.9440687913504355,138,0.01,0.3,0.5,0.001,2
