,L2,L2_true,N,std,jump,jump_prob,ve,dim
0,3.6508810144679775,1.441277262317995,2,0.01,0.3,0.5,0.0025,1
