,L2,L2_true,N,std,jump,jump_prob,ve,dim
0,23.601364621046397,23.43023871089727,1637,0.01,0.3,0.5,0.001,3
