,L2,L2_true,N,std,jump,jump_prob,ve,dim
0,1.420272423148971,1.4198798615875885,84,0.2,0.3,0.5,0.001,1
