,L2,L2_true,N,std,jump,jump_prob,ve,dim
0,23.936690631257623,23.75699679844739,1930,0.01,0.3,0.5,0.001,3
