,L2,L2_true,N,std,jump,jump_prob,ve,dim
0,0.6632279938445426,0.6632280622611405,316,0.2,0.3,0.5,0.001,1
