,L2,L2_true,N,std,jump,jump_prob,ve,dim
0,2.1467756098984565,2.1460375080791794,8,0.2,0.3,0.5,0.001,1
