,L2,L2_true,N,std,jump,jump_prob,ve,dim
0,1.8255661530822187,1.8262402560907085,6,0.2,0.3,0.5,0.001,1
