,L2,L2_true,N,std,jump,jump_prob,ve,dim
0,3.6509127252977147,1.2624513734627116,163,0.01,0.3,0.5,0.01,2
