,L2,L2_true,N,std,jump,jump_prob,ve,dim
0,4.084955620297829,2.6031349324258786,5,0.01,0.3,0.5,0.001,3
