,L2,L2_true,N,std,jump,jump_prob,ve,dim
0,4.004297951414157,2.1754890733211445,5,0.01,0.3,0.5,0.0025,2
