,L2,L2_true,N,std,jump,jump_prob,ve,dim
0,1.5155575573319382,1.5160611691320036,61,0.2,0.3,0.5,0.001,1
