,L2,L2_true,N,std,jump,jump_prob,ve,dim
0,2.0327768102504913,2.0352120620257086,6,0.2,0.3,0.5,0.001,1
