,L2,L2_true,N,std,jump,jump_prob,ve,dim
0,4.960390766560637,3.65284187223183,16,0.01,0.3,0.5,0.0025,2
