,L2,L2_true,N,std,jump,jump_prob,ve,dim
0,1.1869076740973221,1.1869870354112408,138,0.2,0.3,0.5,0.001,1
