,L2,L2_true,N,std,jump,jump_prob,ve,dim
0,5.210381982252605,4.156360137468764,16,0.01,0.3,0.5,0.001,3
