,L2,L2_true,N,std,jump,jump_prob,ve,dim
0,4.9116330884942085,3.765038922301866,13,0.01,0.3,0.5,0.001,3
