,L2,L2_true,N,std,jump,jump_prob,ve,dim
0,5.062396293607918,3.98801102818519,16,0.01,0.3,0.5,0.001,2
