,L2,L2_true,N,std,jump,jump_prob,ve,dim
0,3.511991145077462,0.8083394308658169,372,0.01,0.3,0.5,0.01,2
