,L2,L2_true,N,std,jump,jump_prob,ve,dim
0,4.381330314605672,2.737932034789873,517,0.01,0.3,0.5,0.01,3
