,L2,L2_true,N,std,jump,jump_prob,ve,dim
0,1.6489185913207354,1.6491647523254878,51,0.2,0.3,0.5,0.001,1
