,L2,L2_true,N,std,jump,jump_prob,ve,dim
0,3.640765490555448,1.41351303942679,2,0.01,0.3,0.5,0.0025,1
