,L2,L2_true,N,std,jump,jump_prob,ve,dim
0,5.826993932253899,4.753790604913256,26,0.01,0.3,0.5,0.0025,3
