,L2,L2_true,N,std,jump,jump_prob,ve,dim
0,1.5644488666742498,1.5399600444858705,71,0.05,0.3,0.5,0.001,1
