,L2,L2_true,N,std,jump,jump_prob,ve,dim
0,0.28511797611491807,0.28490155434428827,1637,0.2,0.3,0.5,0.001,1
