,L2,L2_true,N,std,jump,jump_prob,ve,dim
0,1.6016002084433298,1.6021314786226841,4,0.2,0.3,0.5,0.001,1
