,L2,L2_true,N,std,jump,jump_prob,ve,dim
0,3.771158885988948,1.5778555769412093,1637,0.01,0.3,0.5,0.01,3
