,L2,L2_true,N,std,jump,jump_prob,ve,dim
0,6.721662086036636,6.157123494569578,719,0.01,0.3,0.5,0.001,2
