,L2,L2_true,N,std,jump,jump_prob,ve,dim
0,3.4318455049758776,0.3878011128334047,1389,0.01,0.3,0.5,0.01,2
