,L2,L2_true,N,std,jump,jump_prob,ve,dim
0,3.0472633665161792,0.3329268497800649,227,0.01,0.3,0.5,0.0025,1
