,L2,L2_true,N,std,jump,jump_prob,ve,dim
0,5.394507245622412,4.1429808450267815,163,0.01,0.3,0.5,0.01,3
