,L2,L2_true,N,std,jump,jump_prob,ve,dim
0,3.812056236810666,2.4417732969402346,16,0.01,0.3,0.5,0.001,1
