,L2,L2_true,N,std,jump,jump_prob,ve,dim
0,1.5146415332754366,1.5167082076155949,4,0.2,0.3,0.5,0.001,1
