,L2,L2_true,N,std,jump,jump_prob,ve,dim
0,3.6937301775535,1.4076224229542862,2000,0.01,0.3,0.5,0.01,3
