,L2,L2_true,N,std,jump,jump_prob,ve,dim
0,11.057988230530336,10.608178555244354,138,0.01,0.3,0.5,0.001,3
