,L2,L2_true,N,std,jump,jump_prob,ve,dim
0,3.7069293556726937,1.4399412584431261,1930,0.01,0.3,0.5,0.01,3
