,L2,L2_true,N,std,jump,jump_prob,ve,dim
0,3.4381423799567257,0.30641371845559356,43,0.01,0.3,0.5,0.01,1
