,L2,L2_true,N,std,jump,jump_prob,ve,dim
0,12.15187468035202,11.753114035378408,163,0.01,0.3,0.5,0.001,3
