,L2,L2_true,N,std,jump,jump_prob,ve,dim
0,8.163167983792295,7.539426797564031,61,0.01,0.3,0.5,0.001,3
