,L2,L2_true,N,std,jump,jump_prob,ve,dim
0,5.266165066985642,3.937031621972533,43,0.01,0.3,0.5,0.01,3
