,L2,L2_true,N,std,jump,jump_prob,ve,dim
0,3.0479608950158585,0.1596598031678749,719,0.01,0.3,0.5,0.0025,1
