,L2,L2_true,N,std,jump,jump_prob,ve,dim
0,4.261744051288444,2.440622972064208,31,0.01,0.3,0.5,0.01,2
