,L2,L2_true,N,std,jump,jump_prob,ve,dim
0,3.7988575208191557,1.814104990116219,4,0.01,0.3,0.5,0.0025,1
