,L2,L2_true,N,std,jump,jump_prob,ve,dim
0,3.579031501261869,1.068187284446775,193,0.01,0.3,0.5,0.01,2
