,L2,L2_true,N,std,jump,jump_prob,ve,dim
0,0.37795718285774704,0.3705175829845799,1,0.2,0.3,0.5,0.001,1
