,L2,L2_true,N,std,jump,jump_prob,ve,dim
0,5.383199535607082,4.083872773714336,43,0.01,0.3,0.5,0.01,3
