,L2,L2_true,N,std,jump,jump_prob,ve,dim
0,3.476088949151396,0.6676920051309622,517,0.01,0.3,0.5,0.01,2
