,L2,L2_true,N,std,jump,jump_prob,ve,dim
0,3.6990299204393082,1.9720091098002612,2,0.01,0.3,0.5,0.001,2
