,L2,L2_true,N,std,jump,jump_prob,ve,dim
0,3.413549374944653,0.03808383818939111,3162,0.01,0.3,0.5,0.01,1
