,L2,L2_true,N,std,jump,jump_prob,ve,dim
0,1.438325519682427,1.434481200146316,5,0.2,0.3,0.5,0.001,1
