,L2,L2_true,N,std,jump,jump_prob,ve,dim
0,3.4357484786175756,0.35700596704683163,84,0.01,0.3,0.5,0.01,1
