,L2,L2_true,N,std,jump,jump_prob,ve,dim
0,3.6217752364182987,1.3306843429200643,1,0.01,0.3,0.5,0.0025,3
