,L2,L2_true,N,std,jump,jump_prob,ve,dim
0,3.6229215669321717,0.7448848111199347,1,0.01,0.3,0.5,0.01,3
