,L2,L2_true,N,std,jump,jump_prob,ve,dim
0,4.042877020006237,2.2411855254313626,5,0.01,0.3,0.5,0.0025,3
