,L2,L2_true,N,std,jump,jump_prob,ve,dim
0,5.2512194329258834,3.945977876135005,163,0.01,0.3,0.5,0.01,3
