,L2,L2_true,N,std,jump,jump_prob,ve,dim
0,5.164409421884391,3.8337516577531554,193,0.01,0.3,0.5,0.01,3
