,L2,L2_true,N,std,jump,jump_prob,ve,dim
0,11.905221350054942,11.490515537808516,163,0.01,0.3,0.5,0.001,3
