,L2,L2_true,N,std,jump,jump_prob,ve,dim
0,5.509142420910084,4.2490675669201865,71,0.01,0.3,0.5,0.01,3
