,L2,L2_true,N,std,jump,jump_prob,ve,dim
0,1.8755523068486943,1.8640462129007571,61,0.05,0.3,0.5,0.001,1
