,L2,L2_true,N,std,jump,jump_prob,ve,dim
0,3.711135621957702,2.4330226365735834,22,0.01,0.3,0.5,0.001,1
