,L2,L2_true,N,std,jump,jump_prob,ve,dim
0,10.854038059288232,10.405548464191824,1930,0.01,0.3,0.5,0.0025,3
