,L2,L2_true,N,std,jump,jump_prob,ve,dim
0,0.7203859561437739,0.7200227777796175,268,0.2,0.3,0.5,0.001,1
