,L2,L2_true,N,std,jump,jump_prob,ve,dim
0,6.854144683709764,6.303604826410403,719,0.01,0.3,0.5,0.001,2
