,L2,L2_true,N,std,jump,jump_prob,ve,dim
0,3.7471860742802794,1.2489568459834717,3,0.01,0.3,0.5,0.01,1
