,L2,L2_true,N,std,jump,jump_prob,ve,dim
0,5.269894189883116,4.257767035081133,227,0.01,0.3,0.5,0.0025,2
