,L2,L2_true,N,std,jump,jump_prob,ve,dim
0,3.7423100900818915,1.511013202207603,100,0.01,0.3,0.5,0.01,2
