,L2,L2_true,N,std,jump,jump_prob,ve,dim
0,3.631502286351213,0.7451100987889439,1,0.01,0.3,0.5,0.01,3
