,L2,L2_true,N,std,jump,jump_prob,ve,dim
0,10.402820179568922,9.865246957256847,193,0.01,0.3,0.5,0.0025,3
