,L2,L2_true,N,std,jump,jump_prob,ve,dim
0,7.55654355378772,6.771825335031615,61,0.01,0.3,0.5,0.0025,3
