,L2,L2_true,N,std,jump,jump_prob,ve,dim
0,6.767105918351392,5.884569780499225,43,0.01,0.3,0.5,0.0025,3
