,L2,L2_true,N,std,jump,jump_prob,ve,dim
0,5.09199595072338,3.8238612101400173,16,0.01,0.3,0.5,0.0025,3
