,L2,L2_true,N,std,jump,jump_prob,ve,dim
0,4.022398660398219,1.9398326356381104,11,0.01,0.3,0.5,0.01,2
