,L2,L2_true,N,std,jump,jump_prob,ve,dim
0,11.17231177454181,10.734375556901737,138,0.01,0.3,0.5,0.001,3
