,L2,L2_true,N,std,jump,jump_prob,ve,dim
0,2.629184527152315,0.21302458554338793,1389,0.01,0.3,0.5,0.001,1
