,L2,L2_true,N,std,jump,jump_prob,ve,dim
0,1.234147418975109,1.2286056636535108,2,0.2,0.3,0.5,0.001,1
