,L2,L2_true,N,std,jump,jump_prob,ve,dim
0,5.777109428342573,4.707198471412614,26,0.01,0.3,0.5,0.0025,3
