,L2,L2_true,N,std,jump,jump_prob,ve,dim
0,10.049213475116892,9.482713323444573,163,0.01,0.3,0.5,0.0025,3
