,L2,L2_true,N,std,jump,jump_prob,ve,dim
0,2.370388723187559,2.371163902554393,51,0.2,0.3,0.5,0.001,1
