,L2,L2_true,N,std,jump,jump_prob,ve,dim
0,3.990130656519494,3.0129457456488553,3000,0.01,0.3,0.5,0.001,2
