,L2,L2_true,N,std,jump,jump_prob,ve,dim
0,0.5366749638306162,0.5364612263112263,517,0.2,0.3,0.5,0.001,1
