,L2,L2_true,N,std,jump,jump_prob,ve,dim
0,4.043633452875739,2.2581988449669623,5,0.01,0.3,0.5,0.0025,3
