,L2,L2_true,N,std,jump,jump_prob,ve,dim
0,3.9808919222889076,3.0153798670879044,3000,0.01,0.3,0.5,0.001,2
