,L2,L2_true,N,std,jump,jump_prob,ve,dim
0,3.9808938842291703,1.8841090640308706,8,0.01,0.3,0.5,0.01,2
