,L2,L2_true,N,std,jump,jump_prob,ve,dim
0,3.920091725473083,2.377703387022588,8,0.01,0.3,0.5,0.001,1
