,L2,L2_true,N,std,jump,jump_prob,ve,dim
0,6.828338827501633,6.072960321812024,37,0.01,0.3,0.5,0.001,3
