,L2,L2_true,N,std,jump,jump_prob,ve,dim
0,2.6250787877844206,0.20680748078426298,1389,0.01,0.3,0.5,0.001,1
