,L2,L2_true,N,std,jump,jump_prob,ve,dim
0,2.214174842287265,2.112105117234837,8,0.05,0.3,0.5,0.001,1
