,L2,L2_true,N,std,jump,jump_prob,ve,dim
0,3.828529225971811,1.6777645715961038,84,0.01,0.3,0.5,0.01,2
