,L2,L2_true,N,std,jump,jump_prob,ve,dim
0,4.635374304894499,3.016845153743446,16,0.01,0.3,0.5,0.01,3
