,L2,L2_true,N,std,jump,jump_prob,ve,dim
0,8.119862328750747,7.49457604831876,61,0.01,0.3,0.5,0.001,3
