,L2,L2_true,N,std,jump,jump_prob,ve,dim
0,3.7922504086275644,2.4116665845014555,19,0.01,0.3,0.5,0.001,1
