,L2,L2_true,N,std,jump,jump_prob,ve,dim
0,3.6394727738121495,1.8517091402798191,2,0.01,0.3,0.5,0.001,1
