,L2,L2_true,N,std,jump,jump_prob,ve,dim
0,7.6161556028243,6.847768480265555,61,0.01,0.3,0.5,0.0025,3
