,L2,L2_true,N,std,jump,jump_prob,ve,dim
0,17.18780357556278,16.924572247262837,439,0.01,0.3,0.5,0.001,3
