,L2,L2_true,N,std,jump,jump_prob,ve,dim
0,3.620963904836207,1.329436489738964,1,0.01,0.3,0.5,0.0025,1
