,L2,L2_true,N,std,jump,jump_prob,ve,dim
0,4.602874166846471,3.7721790975166596,1930,0.01,0.3,0.5,0.001,2
