,L2,L2_true,N,std,jump,jump_prob,ve,dim
0,2.8027324630874495,2.7579967675509494,11,0.05,0.3,0.5,0.001,1
