,L2,L2_true,N,std,jump,jump_prob,ve,dim
0,1.9731293641497551,1.984574981206953,61,0.05,0.3,0.5,0.001,1
