,L2,L2_true,N,std,jump,jump_prob,ve,dim
0,3.0301838839828945,0.07215565164877785,2682,0.01,0.3,0.5,0.0025,1
