,L2,L2_true,N,std,jump,jump_prob,ve,dim
0,3.869350545472758,2.351478996584097,7,0.01,0.3,0.5,0.001,1
