,L2,L2_true,N,std,jump,jump_prob,ve,dim
0,2.4122373734255915,2.3678149513082767,31,0.05,0.3,0.5,0.001,1
