,L2,L2_true,N,std,jump,jump_prob,ve,dim
0,3.422777190225571,0.3005884676375384,61,0.01,0.3,0.5,0.01,1
