,L2,L2_true,N,std,jump,jump_prob,ve,dim
0,4.000776818589313,2.4832647615382997,4,0.01,0.3,0.5,0.001,3
