,L2,L2_true,N,std,jump,jump_prob,ve,dim
0,0.8107013043383535,0.8120937056497819,2,0.2,0.3,0.5,0.001,1
