,L2,L2_true,N,std,jump,jump_prob,ve,dim
0,0.6623281375022687,0.6158485297106887,316,0.05,0.3,0.5,0.001,1
