,L2,L2_true,N,std,jump,jump_prob,ve,dim
0,21.551710235823172,21.350058001159624,1000,0.01,0.3,0.5,0.001,3
