,L2,L2_true,N,std,jump,jump_prob,ve,dim
0,4.220187818716537,2.920423213159685,517,0.01,0.3,0.5,0.0025,2
