,L2,L2_true,N,std,jump,jump_prob,ve,dim
0,3.0386610605864437,0.27268297635545335,316,0.01,0.3,0.5,0.0025,1
