,L2,L2_true,N,std,jump,jump_prob,ve,dim
0,4.541509624641799,3.2911514882880355,10,0.01,0.3,0.5,0.001,2
