,L2,L2_true,N,std,jump,jump_prob,ve,dim
0,4.01628377944345,2.74355267122574,22,0.01,0.3,0.5,0.001,1
