,L2,L2_true,N,std,jump,jump_prob,ve,dim
0,5.38372546235524,4.113424539875801,138,0.01,0.3,0.5,0.01,3
