,L2,L2_true,N,std,jump,jump_prob,ve,dim
0,1.834201945505661,1.8333029151768012,61,0.2,0.3,0.5,0.001,1
