,L2,L2_true,N,std,jump,jump_prob,ve,dim
0,4.6197180640427,3.7981190297612675,2000,0.01,0.3,0.5,0.001,2
