,L2,L2_true,N,std,jump,jump_prob,ve,dim
0,2.6657268004704755,0.5272887865633641,268,0.01,0.3,0.5,0.001,1
