,L2,L2_true,N,std,jump,jump_prob,ve,dim
0,5.423453663508277,4.299581601563981,31,0.01,0.3,0.5,0.0025,2
