,L2,L2_true,N,std,jump,jump_prob,ve,dim
0,2.4717789011825126,2.469473524375947,11,0.2,0.3,0.5,0.001,1
