,L2,L2_true,N,std,jump,jump_prob,ve,dim
0,4.7699790264679205,3.650552229922419,372,0.01,0.3,0.5,0.0025,2
