,L2,L2_true,N,std,jump,jump_prob,ve,dim
0,0.49805687453959474,0.49759816086772796,517,0.2,0.3,0.5,0.001,1
