,L2,L2_true,N,std,jump,jump_prob,ve,dim
0,3.71883080162821,2.0075982360090623,3,0.01,0.3,0.5,0.001,1
