,L2,L2_true,N,std,jump,jump_prob,ve,dim
0,3.598749009399099,0.8298632219137565,7,0.01,0.3,0.5,0.01,1
