,L2,L2_true,N,std,jump,jump_prob,ve,dim
0,3.41894390613674,0.18422278538185546,117,0.01,0.3,0.5,0.01,1
