,L2,L2_true,N,std,jump,jump_prob,ve,dim
0,0.21838348353371637,0.2174557693662664,2682,0.2,0.3,0.5,0.001,1
