,L2,L2_true,N,std,jump,jump_prob,ve,dim
0,3.726369335517782,1.9974605420185396,2,0.01,0.3,0.5,0.001,2
