,L2,L2_true,N,std,jump,jump_prob,ve,dim
0,6.669549056723327,5.7719601595674215,43,0.01,0.3,0.5,0.0025,3
