,L2,L2_true,N,std,jump,jump_prob,ve,dim
0,7.049950501843445,6.319290732858456,43,0.01,0.3,0.5,0.001,3
