,L2,L2_true,N,std,jump,jump_prob,ve,dim
0,3.7389818721721024,1.2399239019790917,4,0.01,0.3,0.5,0.01,1
