,L2,L2_true,N,std,jump,jump_prob,ve,dim
0,2.624038143982979,0.2413603602251949,1000,0.01,0.3,0.5,0.001,1
