,L2,L2_true,N,std,jump,jump_prob,ve,dim
0,3.4310087188879583,0.06025500744690403,2682,0.01,0.3,0.5,0.01,1
