,L2,L2_true,N,std,jump,jump_prob,ve,dim
0,3.4266558883903313,0.3279093444364245,1930,0.01,0.3,0.5,0.01,2
