,L2,L2_true,N,std,jump,jump_prob,ve,dim
0,4.190233970084251,2.3524063582456556,31,0.01,0.3,0.5,0.01,2
