,L2,L2_true,N,std,jump,jump_prob,ve,dim
0,5.777274991539125,4.696080914658821,26,0.01,0.3,0.5,0.0025,3
