,L2,L2_true,N,std,jump,jump_prob,ve,dim
0,8.584633144705291,8.05993175858944,138,0.01,0.3,0.5,0.001,2
