,L2,L2_true,N,std,jump,jump_prob,ve,dim
0,2.3632693447705244,2.3672289534572397,26,0.05,0.3,0.5,0.001,1
