,L2,L2_true,N,std,jump,jump_prob,ve,dim
0,7.501227567891966,6.716293805256991,61,0.01,0.3,0.5,0.0025,3
