,L2,L2_true,N,std,jump,jump_prob,ve,dim
0,2.9556097660162957,1.3458427155800283,71,0.01,0.3,0.5,0.001,1
