,L2,L2_true,N,std,jump,jump_prob,ve,dim
0,2.611793747590764,2.612044908143953,11,0.2,0.3,0.5,0.001,1
