,L2,L2_true,N,std,jump,jump_prob,ve,dim
0,4.154268288413626,2.4265396207763175,6,0.01,0.3,0.5,0.0025,3
