,L2,L2_true,N,std,jump,jump_prob,ve,dim
0,3.656732861420415,2.0469432662316005,1000,0.01,0.3,0.5,0.0025,2
