,L2,L2_true,N,std,jump,jump_prob,ve,dim
0,4.1838916683104115,2.8340958785029597,8,0.01,0.3,0.5,0.001,1
