,L2,L2_true,N,std,jump,jump_prob,ve,dim
0,3.047978524731622,0.3309232284256521,268,0.01,0.3,0.5,0.0025,1
