,L2,L2_true,N,std,jump,jump_prob,ve,dim
0,4.8135279761264975,3.6584586081116974,13,0.01,0.3,0.5,0.001,2
