,L2,L2_true,N,std,jump,jump_prob,ve,dim
0,6.511488692704064,5.582559605007999,37,0.01,0.3,0.5,0.0025,3
