,L2,L2_true,N,std,jump,jump_prob,ve,dim
0,0.48675375100691864,0.43595982288146984,719,0.05,0.3,0.5,0.001,1
