,L2,L2_true,N,std,jump,jump_prob,ve,dim
0,3.719510438840387,1.7451103783820163,7,0.01,0.3,0.5,0.0025,1
