,L2,L2_true,N,std,jump,jump_prob,ve,dim
0,2.565078521431658,2.4774009812290965,5,0.05,0.3,0.5,0.001,1
