,L2,L2_true,N,std,jump,jump_prob,ve,dim
0,2.557624061452432,2.542752999030597,19,0.05,0.3,0.5,0.001,1
