,L2,L2_true,N,std,jump,jump_prob,ve,dim
0,2.042017835903905,2.042071087612757,10,0.2,0.3,0.5,0.001,1
