,L2,L2_true,N,std,jump,jump_prob,ve,dim
0,4.637190397787274,3.121448222514804,372,0.01,0.3,0.5,0.01,3
