,L2,L2_true,N,std,jump,jump_prob,ve,dim
0,11.128270516370534,10.688636672948741,138,0.01,0.3,0.5,0.001,3
