,L2,L2_true,N,std,jump,jump_prob,ve,dim
0,0.410301599433689,0.3467309741616978,848,0.05,0.3,0.5,0.001,1
