,L2,L2_true,N,std,jump,jump_prob,ve,dim
0,3.7176972031342084,2.0198698304612215,3,0.01,0.3,0.5,0.001,1
