,L2,L2_true,N,std,jump,jump_prob,ve,dim
0,2.514076778560433,2.4721662389381245,19,0.05,0.3,0.5,0.001,1
