,L2,L2_true,N,std,jump,jump_prob,ve,dim
0,2.64737080774711,0.41222818079835594,316,0.01,0.3,0.5,0.001,1
