,L2,L2_true,N,std,jump,jump_prob,ve,dim
0,7.10934081540033,6.415586255594998,61,0.01,0.3,0.5,0.001,2
