,L2,L2_true,N,std,jump,jump_prob,ve,dim
0,3.3778379145297177,2.1309298308548934,37,0.01,0.3,0.5,0.001,1
