,L2,L2_true,N,std,jump,jump_prob,ve,dim
0,3.771427761412983,2.106301425951535,3,0.01,0.3,0.5,0.001,2
