,L2,L2_true,N,std,jump,jump_prob,ve,dim
0,4.329115062407188,2.632901011103726,610,0.01,0.3,0.5,0.01,3
