,L2,L2_true,N,std,jump,jump_prob,ve,dim
0,0.4142134702629806,0.3489932133176941,848,0.05,0.3,0.5,0.001,1
