,L2,L2_true,N,std,jump,jump_prob,ve,dim
0,5.737094742372387,4.720043930333241,61,0.01,0.3,0.5,0.0025,2
