,L2,L2_true,N,std,jump,jump_prob,ve,dim
0,12.709496361791176,12.305984275216025,719,0.01,0.3,0.5,0.0025,3
