,L2,L2_true,N,std,jump,jump_prob,ve,dim
0,4.82379678978804,3.665971339972239,13,0.01,0.3,0.5,0.001,2
