,L2,L2_true,N,std,jump,jump_prob,ve,dim
0,5.10842807438602,4.0721548905089655,227,0.01,0.3,0.5,0.0025,2
