,L2,L2_true,N,std,jump,jump_prob,ve,dim
0,2.207435132283818,2.2127927255565654,26,0.05,0.3,0.5,0.001,1
