,L2,L2_true,N,std,jump,jump_prob,ve,dim
0,1.9766495441230685,1.9494532462535958,43,0.05,0.3,0.5,0.001,1
