,L2,L2_true,N,std,jump,jump_prob,ve,dim
0,4.306056837308193,2.5831608800220396,43,0.01,0.3,0.5,0.01,2
