,L2,L2_true,N,std,jump,jump_prob,ve,dim
0,3.7110116063169962,1.204982278838176,8,0.01,0.3,0.5,0.01,1
