,L2,L2_true,N,std,jump,jump_prob,ve,dim
0,4.117843067286181,2.380402591129607,6,0.01,0.3,0.5,0.0025,2
