,L2,L2_true,N,std,jump,jump_prob,ve,dim
0,5.287990177276066,4.104574731034867,26,0.01,0.3,0.5,0.0025,2
