,L2,L2_true,N,std,jump,jump_prob,ve,dim
0,8.959743723355112,8.46195268102133,163,0.01,0.3,0.5,0.001,2
