,L2,L2_true,N,std,jump,jump_prob,ve,dim
0,7.326874239955545,6.513632355758562,51,0.01,0.3,0.5,0.0025,3
