,L2,L2_true,N,std,jump,jump_prob,ve,dim
0,8.558224785238727,8.055391684237726,193,0.01,0.3,0.5,0.001,2
