,L2,L2_true,N,std,jump,jump_prob,ve,dim
0,12.751813476531318,12.338018701106321,439,0.01,0.3,0.5,0.0025,3
