,L2,L2_true,N,std,jump,jump_prob,ve,dim
0,3.456440775092143,2.0108256572987417,26,0.01,0.3,0.5,0.001,1
