,L2,L2_true,N,std,jump,jump_prob,ve,dim
0,1.7728976951702398,1.7742292553411583,5,0.2,0.3,0.5,0.001,1
