,L2,L2_true,N,std,jump,jump_prob,ve,dim
0,0.8583905637557248,0.8123354580519236,193,0.05,0.3,0.5,0.001,1
