,L2,L2_true,N,std,jump,jump_prob,ve,dim
0,4.327600940422204,2.504331965403381,10,0.01,0.3,0.5,0.01,3
