,L2,L2_true,N,std,jump,jump_prob,ve,dim
0,2.618821460184644,0.2392719683620693,1637,0.01,0.3,0.5,0.001,1
