,L2,L2_true,N,std,jump,jump_prob,ve,dim
0,0.3407768303365809,0.25540472823554866,1637,0.05,0.3,0.5,0.001,1
