,L2,L2_true,N,std,jump,jump_prob,ve,dim
0,3.038635615172139,0.296762288390898,439,0.01,0.3,0.5,0.0025,1
