,L2,L2_true,N,std,jump,jump_prob,ve,dim
0,5.235864564549475,4.044412629925942,26,0.01,0.3,0.5,0.0025,2
