,L2,L2_true,N,std,jump,jump_prob,ve,dim
0,3.5773718805496246,1.0772069503097834,193,0.01,0.3,0.5,0.01,2
