,L2,L2_true,N,std,jump,jump_prob,ve,dim
0,2.7593347857672086,0.9524575463379614,138,0.01,0.3,0.5,0.001,1
