,L2,L2_true,N,std,jump,jump_prob,ve,dim
0,4.515710456520747,2.8258816877487423,13,0.01,0.3,0.5,0.01,3
