,L2,L2_true,N,std,jump,jump_prob,ve,dim
0,7.56677445310279,6.916388882108897,71,0.01,0.3,0.5,0.001,2
