,L2,L2_true,N,std,jump,jump_prob,ve,dim
0,0.3299147889965822,0.3302962911129912,1389,0.2,0.3,0.5,0.001,1
