,L2,L2_true,N,std,jump,jump_prob,ve,dim
0,3.0545443497296176,0.34191836964896194,316,0.01,0.3,0.5,0.0025,1
