,L2,L2_true,N,std,jump,jump_prob,ve,dim
0,2.6522465028193447,0.49728242848036697,316,0.01,0.3,0.5,0.001,1
