,L2,L2_true,N,std,jump,jump_prob,ve,dim
0,3.9139019542770486,2.470588938496645,719,0.01,0.3,0.5,0.0025,2
