,L2,L2_true,N,std,jump,jump_prob,ve,dim
0,3.848794760096154,1.5377482356893222,4,0.01,0.3,0.5,0.01,3
