,L2,L2_true,N,std,jump,jump_prob,ve,dim
0,3.923292186591554,2.77250689431644,26,0.01,0.3,0.5,0.001,1
