,L2,L2_true,N,std,jump,jump_prob,ve,dim
0,3.749116153249978,1.6769429707196284,2,0.01,0.3,0.5,0.0025,2
