,L2,L2_true,N,std,jump,jump_prob,ve,dim
0,8.132827616078877,7.563132115409736,117,0.01,0.3,0.5,0.001,2
