,L2,L2_true,N,std,jump,jump_prob,ve,dim
0,5.483116907583883,4.365236168750535,31,0.01,0.3,0.5,0.0025,2
