,L2,L2_true,N,std,jump,jump_prob,ve,dim
0,3.0319057523243877,0.14691496382142122,1930,0.01,0.3,0.5,0.0025,1
