,L2,L2_true,N,std,jump,jump_prob,ve,dim
0,3.467922044818855,0.5224343946385213,37,0.01,0.3,0.5,0.01,1
