,L2,L2_true,N,std,jump,jump_prob,ve,dim
0,1.1991955676950556,1.1989402199333543,117,0.2,0.3,0.5,0.001,1
