,L2,L2_true,N,std,jump,jump_prob,ve,dim
0,0.328920441218069,0.21844804507709675,2275,0.05,0.3,0.5,0.001,1
