,L2,L2_true,N,std,jump,jump_prob,ve,dim
0,3.737875626308893,1.6326064765090496,2,0.01,0.3,0.5,0.0025,3
