,L2,L2_true,N,std,jump,jump_prob,ve,dim
0,3.9898990802010568,1.8420855544699724,6,0.01,0.3,0.5,0.01,2
