,L2,L2_true,N,std,jump,jump_prob,ve,dim
0,5.424710937872597,4.446322272796394,193,0.01,0.3,0.5,0.0025,2
