,L2,L2_true,N,std,jump,jump_prob,ve,dim
0,4.3828073520365285,3.0511444186650896,8,0.01,0.3,0.5,0.001,2
