,L2,L2_true,N,std,jump,jump_prob,ve,dim
0,3.8024398541456876,2.0485325665793708,11,0.01,0.3,0.5,0.0025,1
