,L2,L2_true,N,std,jump,jump_prob,ve,dim
0,2.572407593895836,2.57193754362329,22,0.2,0.3,0.5,0.001,1
