,L2,L2_true,N,std,jump,jump_prob,ve,dim
0,4.216977002111372,2.5421412009665025,8,0.01,0.3,0.5,0.0025,2
