,L2,L2_true,N,std,jump,jump_prob,ve,dim
0,3.0161202527287214,0.10049130940695894,2275,0.01,0.3,0.5,0.0025,1
