,L2,L2_true,N,std,jump,jump_prob,ve,dim
0,2.231302222701503,2.2312778560681963,11,0.2,0.3,0.5,0.001,1
