,L2,L2_true,N,std,jump,jump_prob,ve,dim
0,3.248906138160612,1.1185427989701593,37,0.01,0.3,0.5,0.0025,1
