,L2,L2_true,N,std,jump,jump_prob,ve,dim
0,3.714679369665537,1.9885788616668651,2,0.01,0.3,0.5,0.001,2
