,L2,L2_true,N,std,jump,jump_prob,ve,dim
0,0.2242536780376001,0.2240219698096265,2682,0.2,0.3,0.5,0.001,1
