,L2,L2_true,N,std,jump,jump_prob,ve,dim
0,3.876804444470064,1.9066003582607893,3,0.01,0.3,0.5,0.0025,3
