,L2,L2_true,N,std,jump,jump_prob,ve,dim
0,6.342850811954341,5.516364377350712,31,0.01,0.3,0.5,0.001,3
