,L2,L2_true,N,std,jump,jump_prob,ve,dim
0,3.42242705048881,0.32820011714952413,1930,0.01,0.3,0.5,0.01,2
