,L2,L2_true,N,std,jump,jump_prob,ve,dim
0,3.315829250765496,3.313202713334237,26,0.05,0.3,0.5,0.001,1
