,L2,L2_true,N,std,jump,jump_prob,ve,dim
0,4.857104110509946,3.5069444678277626,13,0.01,0.3,0.5,0.0025,3
