,L2,L2_true,N,std,jump,jump_prob,ve,dim
0,3.420365007379322,0.08923151378458,848,0.01,0.3,0.5,0.01,1
