,L2,L2_true,N,std,jump,jump_prob,ve,dim
0,3.398753299363934,0.05290679365833448,1000,0.01,0.3,0.5,0.01,1
