,L2,L2_true,N,std,jump,jump_prob,ve,dim
0,2.2519628837400933,2.2478449070673077,6,0.2,0.3,0.5,0.001,1
