,L2,L2_true,N,std,jump,jump_prob,ve,dim
0,1.0917822173256282,1.0613423678660523,138,0.05,0.3,0.5,0.001,1
