,L2,L2_true,N,std,jump,jump_prob,ve,dim
0,3.6391714727506286,1.2208058205282364,163,0.01,0.3,0.5,0.01,2
