,L2,L2_true,N,std,jump,jump_prob,ve,dim
0,4.204795941087004,2.8980484091151975,517,0.01,0.3,0.5,0.0025,2
