,L2,L2_true,N,std,jump,jump_prob,ve,dim
0,4.518536177260009,3.3354017644633593,13,0.01,0.3,0.5,0.001,1
