,L2,L2_true,N,std,jump,jump_prob,ve,dim
0,3.7321047803311846,2.028029218665903,2,0.01,0.3,0.5,0.001,2
