,L2,L2_true,N,std,jump,jump_prob,ve,dim
0,3.633017663322855,1.0024533468393844,6,0.01,0.3,0.5,0.01,1
