,L2,L2_true,N,std,jump,jump_prob,ve,dim
0,3.7598043161420067,1.2753862897341834,3,0.01,0.3,0.5,0.01,1
