,L2,L2_true,N,std,jump,jump_prob,ve,dim
0,6.066149309082608,5.119676862671396,61,0.01,0.3,0.5,0.0025,2
