,L2,L2_true,N,std,jump,jump_prob,ve,dim
0,12.282521255015471,11.879293039533815,1000,0.01,0.3,0.5,0.0025,3
