,L2,L2_true,N,std,jump,jump_prob,ve,dim
0,2.4997334259766397,2.4901624368908886,19,0.05,0.3,0.5,0.001,1
