,L2,L2_true,N,std,jump,jump_prob,ve,dim
0,3.811468880286556,1.6913597647597114,1389,0.01,0.3,0.5,0.01,3
