,L2,L2_true,N,std,jump,jump_prob,ve,dim
0,4.077131486834569,2.2081892664996876,848,0.01,0.3,0.5,0.01,3
