,L2,L2_true,N,std,jump,jump_prob,ve,dim
0,5.400169064746934,4.242123039628377,22,0.01,0.3,0.5,0.0025,2
