,L2,L2_true,N,std,jump,jump_prob,ve,dim
0,4.106874703068733,2.127689882108807,13,0.01,0.3,0.5,0.01,2
