,L2,L2_true,N,std,jump,jump_prob,ve,dim
0,8.528274840130216,7.989912888198194,138,0.01,0.3,0.5,0.001,2
