,L2,L2_true,N,std,jump,jump_prob,ve,dim
0,0.29812628670950003,0.1826346498582507,2682,0.05,0.3,0.5,0.001,1
