,L2,L2_true,N,std,jump,jump_prob,ve,dim
0,4.430456496435794,3.564208777886437,43,0.01,0.3,0.5,0.001,1
