,L2,L2_true,N,std,jump,jump_prob,ve,dim
0,4.190114204519713,2.8766730383978962,517,0.01,0.3,0.5,0.0025,2
