,L2,L2_true,N,std,jump,jump_prob,ve,dim
0,4.97154235817245,3.5955087684736444,268,0.01,0.3,0.5,0.01,3
