,L2,L2_true,N,std,jump,jump_prob,ve,dim
0,1.7456451402480775,1.7456797663062107,31,0.2,0.3,0.5,0.001,1
