,L2,L2_true,N,std,jump,jump_prob,ve,dim
0,3.4203424216335354,0.2655922617659018,84,0.01,0.3,0.5,0.01,1
