,L2,L2_true,N,std,jump,jump_prob,ve,dim
0,3.3978644371668265,0.10346178721158275,848,0.01,0.3,0.5,0.01,1
