,L2,L2_true,N,std,jump,jump_prob,ve,dim
0,4.337148379436064,2.5723584577817102,26,0.01,0.3,0.5,0.01,2
