,L2,L2_true,N,std,jump,jump_prob,ve,dim
0,3.4166154512084352,0.16116489969601316,193,0.01,0.3,0.5,0.01,1
