,L2,L2_true,N,std,jump,jump_prob,ve,dim
0,4.653972092134145,3.4447761105624743,11,0.01,0.3,0.5,0.001,2
