,L2,L2_true,N,std,jump,jump_prob,ve,dim
0,7.638323822488531,7.008470733069497,84,0.01,0.3,0.5,0.001,2
