,L2,L2_true,N,std,jump,jump_prob,ve,dim
0,3.0433598275904097,0.27361198739371523,517,0.01,0.3,0.5,0.0025,1
