,L2,L2_true,N,std,jump,jump_prob,ve,dim
0,5.387179651456718,4.0897184732349015,61,0.01,0.3,0.5,0.01,3
