,L2,L2_true,N,std,jump,jump_prob,ve,dim
0,2.287640575482886,2.2435160106846355,13,0.05,0.3,0.5,0.001,1
