,L2,L2_true,N,std,jump,jump_prob,ve,dim
0,5.394280389071401,4.130642001629254,163,0.01,0.3,0.5,0.01,3
