,L2,L2_true,N,std,jump,jump_prob,ve,dim
0,2.026441913049465,2.032162339100108,51,0.05,0.3,0.5,0.001,1
