,L2,L2_true,N,std,jump,jump_prob,ve,dim
0,3.0410144511838912,0.22043125794854945,517,0.01,0.3,0.5,0.0025,1
