,L2,L2_true,N,std,jump,jump_prob,ve,dim
0,3.913244507254682,2.3503659063482862,4,0.01,0.3,0.5,0.001,2
