,L2,L2_true,N,std,jump,jump_prob,ve,dim
0,4.2031266982193305,2.44606996524469,719,0.01,0.3,0.5,0.01,3
