,L2,L2_true,N,std,jump,jump_prob,ve,dim
0,2.249440579548494,2.2492136775715563,8,0.2,0.3,0.5,0.001,1
