,L2,L2_true,N,std,jump,jump_prob,ve,dim
0,4.322354853451495,2.540889981354602,26,0.01,0.3,0.5,0.01,2
