,L2,L2_true,N,std,jump,jump_prob,ve,dim
0,1.636103731546737,1.6257958858232735,84,0.05,0.3,0.5,0.001,1
