,L2,L2_true,N,std,jump,jump_prob,ve,dim
0,3.621814223224285,0.7451752337835102,1,0.01,0.3,0.5,0.01,1
