,L2,L2_true,N,std,jump,jump_prob,ve,dim
0,7.612667510666923,7.119264874368523,517,0.01,0.3,0.5,0.001,2
