,L2,L2_true,N,std,jump,jump_prob,ve,dim
0,20.07110494559477,19.848067648140482,719,0.01,0.3,0.5,0.001,3
