,L2,L2_true,N,std,jump,jump_prob,ve,dim
0,3.6053798860956863,0.7446723373842309,1,0.01,0.3,0.5,0.01,1
