,L2,L2_true,N,std,jump,jump_prob,ve,dim
0,3.3044939866595993,1.3215961773184566,2275,0.01,0.3,0.5,0.0025,2
