,L2,L2_true,N,std,jump,jump_prob,ve,dim
0,3.323130526112302,1.9110818231617663,37,0.01,0.3,0.5,0.001,1
