,L2,L2_true,N,std,jump,jump_prob,ve,dim
0,5.522293747630735,4.436820526157849,43,0.01,0.3,0.5,0.0025,2
