,L2,L2_true,N,std,jump,jump_prob,ve,dim
0,4.3374708188086695,2.979796502272181,8,0.01,0.3,0.5,0.001,2
