,L2,L2_true,N,std,jump,jump_prob,ve,dim
0,21.966136515268133,21.761515389622843,1000,0.01,0.3,0.5,0.001,3
