,L2,L2_true,N,std,jump,jump_prob,ve,dim
0,13.698617290370933,13.334460177114435,227,0.01,0.3,0.5,0.001,3
