,L2,L2_true,N,std,jump,jump_prob,ve,dim
0,24.686472734756137,24.5252496050379,2275,0.01,0.3,0.5,0.001,3
