,L2,L2_true,N,std,jump,jump_prob,ve,dim
0,2.4298787522276615,2.430557405034569,16,0.2,0.3,0.5,0.001,1
