,L2,L2_true,N,std,jump,jump_prob,ve,dim
0,3.6479695712074682,1.2470637024589992,11,0.01,0.3,0.5,0.01,1
