,L2,L2_true,N,std,jump,jump_prob,ve,dim
0,2.295910984763693,2.2209819188233446,6,0.05,0.3,0.5,0.001,1
