,L2,L2_true,N,std,jump,jump_prob,ve,dim
0,3.6201125873770583,1.804076919000609,1,0.01,0.3,0.5,0.001,1
