,L2,L2_true,N,std,jump,jump_prob,ve,dim
0,4.0065383660298055,2.6309330759334726,10,0.01,0.3,0.5,0.001,1
