,L2,L2_true,N,std,jump,jump_prob,ve,dim
0,10.954391991221396,10.450129259858626,227,0.01,0.3,0.5,0.0025,3
