,L2,L2_true,N,std,jump,jump_prob,ve,dim
0,8.431855903850519,7.896779564473942,193,0.01,0.3,0.5,0.001,2
