,L2,L2_true,N,std,jump,jump_prob,ve,dim
0,8.584525846591538,8.058024958550668,163,0.01,0.3,0.5,0.001,2
