,L2,L2_true,N,std,jump,jump_prob,ve,dim
0,15.999176055447808,15.702526635921592,372,0.01,0.3,0.5,0.001,3
