,L2,L2_true,N,std,jump,jump_prob,ve,dim
0,2.820615689407952,2.77393290341683,16,0.05,0.3,0.5,0.001,1
