,L2,L2_true,N,std,jump,jump_prob,ve,dim
0,2.276448368324551,2.2765694950877093,31,0.2,0.3,0.5,0.001,1
