,L2,L2_true,N,std,jump,jump_prob,ve,dim
0,8.537930293431458,7.948805085791075,71,0.01,0.3,0.5,0.001,3
