,L2,L2_true,N,std,jump,jump_prob,ve,dim
0,3.4304169027642173,0.13107030782381995,517,0.01,0.3,0.5,0.01,1
