,L2,L2_true,N,std,jump,jump_prob,ve,dim
0,2.458436827208889,2.4591510467015527,31,0.2,0.3,0.5,0.001,1
