,L2,L2_true,N,std,jump,jump_prob,ve,dim
0,4.1371307991693325,2.225026161094926,31,0.01,0.3,0.5,0.01,2
