,L2,L2_true,N,std,jump,jump_prob,ve,dim
0,3.51578150657566,0.8565306655398611,316,0.01,0.3,0.5,0.01,2
