,L2,L2_true,N,std,jump,jump_prob,ve,dim
0,4.1558666546069425,2.36224502361334,719,0.01,0.3,0.5,0.01,3
