,L2,L2_true,N,std,jump,jump_prob,ve,dim
0,2.362347817365757,2.301637290784465,8,0.05,0.3,0.5,0.001,1
