,L2,L2_true,N,std,jump,jump_prob,ve,dim
0,6.007710182358365,5.381836951161381,1000,0.01,0.3,0.5,0.001,2
