,L2,L2_true,N,std,jump,jump_prob,ve,dim
0,3.785710290203298,2.2436503531719714,848,0.01,0.3,0.5,0.0025,2
