,L2,L2_true,N,std,jump,jump_prob,ve,dim
0,2.6710875831022114,2.6268820249017617,10,0.05,0.3,0.5,0.001,1
