,L2,L2_true,N,std,jump,jump_prob,ve,dim
0,4.600349988232721,3.14382367365483,11,0.01,0.3,0.5,0.0025,2
