,L2,L2_true,N,std,jump,jump_prob,ve,dim
0,0.5749185675573408,0.5748418763099372,439,0.2,0.3,0.5,0.001,1
