,L2,L2_true,N,std,jump,jump_prob,ve,dim
0,3.445078374973421,0.4565420639026596,1000,0.01,0.3,0.5,0.01,2
