,L2,L2_true,N,std,jump,jump_prob,ve,dim
0,2.6179163968254455,0.1459021936724299,2682,0.01,0.3,0.5,0.001,1
