,L2,L2_true,N,std,jump,jump_prob,ve,dim
0,2.677468980261621,0.6258793596996255,193,0.01,0.3,0.5,0.001,1
