,L2,L2_true,N,std,jump,jump_prob,ve,dim
0,5.264630311686955,3.9246558575378363,37,0.01,0.3,0.5,0.01,3
