,L2,L2_true,N,std,jump,jump_prob,ve,dim
0,7.429835660156043,6.762496649146378,71,0.01,0.3,0.5,0.001,2
