,L2,L2_true,N,std,jump,jump_prob,ve,dim
0,3.10570497576415,3.1061619650300383,26,0.2,0.3,0.5,0.001,1
