,L2,L2_true,N,std,jump,jump_prob,ve,dim
0,18.18986165836709,17.932016229273632,517,0.01,0.3,0.5,0.001,3
