,L2,L2_true,N,std,jump,jump_prob,ve,dim
0,4.800443860112706,3.4345351546182217,13,0.01,0.3,0.5,0.0025,3
