,L2,L2_true,N,std,jump,jump_prob,ve,dim
0,0.8889483692606803,0.8626846629077833,138,0.05,0.3,0.5,0.001,1
