,L2,L2_true,N,std,jump,jump_prob,ve,dim
0,10.522336635449784,10.050070596721355,117,0.01,0.3,0.5,0.001,3
