,L2,L2_true,N,std,jump,jump_prob,ve,dim
0,4.745295241729049,3.164134472825618,19,0.01,0.3,0.5,0.01,3
