,L2,L2_true,N,std,jump,jump_prob,ve,dim
0,3.456397098312449,0.4576722307986224,37,0.01,0.3,0.5,0.01,1
