,L2,L2_true,N,std,jump,jump_prob,ve,dim
0,3.801550862138557,2.0016630062164693,10,0.01,0.3,0.5,0.0025,1
