,L2,L2_true,N,std,jump,jump_prob,ve,dim
0,3.4161974813796703,0.05867314875717848,2682,0.01,0.3,0.5,0.01,1
