,L2,L2_true,N,std,jump,jump_prob,ve,dim
0,3.6380338294712846,1.4301940456051019,2,0.01,0.3,0.5,0.0025,1
