,L2,L2_true,N,std,jump,jump_prob,ve,dim
0,3.4306428278955914,0.3247948898806319,1930,0.01,0.3,0.5,0.01,2
