,L2,L2_true,N,std,jump,jump_prob,ve,dim
0,11.219333158780048,10.776827932669024,138,0.01,0.3,0.5,0.001,3
