,L2,L2_true,N,std,jump,jump_prob,ve,dim
0,4.86647636100419,3.5160824160898376,13,0.01,0.3,0.5,0.0025,2
