,L2,L2_true,N,std,jump,jump_prob,ve,dim
0,4.176895451927138,2.375962057811558,719,0.01,0.3,0.5,0.01,3
