,L2,L2_true,N,std,jump,jump_prob,ve,dim
0,3.6471305217195535,1.2743458266929797,138,0.01,0.3,0.5,0.01,2
