,L2,L2_true,N,std,jump,jump_prob,ve,dim
0,4.351296289552855,3.0164986158082234,7,0.01,0.3,0.5,0.001,3
