,L2,L2_true,N,std,jump,jump_prob,ve,dim
0,3.5005004815433947,1.6642530954895223,22,0.01,0.3,0.5,0.0025,1
