,L2,L2_true,N,std,jump,jump_prob,ve,dim
0,0.8177573515510296,0.8360798468373527,163,0.05,0.3,0.5,0.001,1
