,L2,L2_true,N,std,jump,jump_prob,ve,dim
0,4.0706331444481405,2.1827560963474166,848,0.01,0.3,0.5,0.01,3
