,L2,L2_true,N,std,jump,jump_prob,ve,dim
0,4.400816643503895,3.1477241356614623,439,0.01,0.3,0.5,0.0025,2
