,L2,L2_true,N,std,jump,jump_prob,ve,dim
0,5.934439638173755,5.055540163468598,193,0.01,0.3,0.5,0.0025,2
