,L2,L2_true,N,std,jump,jump_prob,ve,dim
0,8.47979531984609,7.789704009387284,84,0.01,0.3,0.5,0.0025,3
