,L2,L2_true,N,std,jump,jump_prob,ve,dim
0,6.106195783299452,5.160570914418401,61,0.01,0.3,0.5,0.0025,2
