,L2,L2_true,N,std,jump,jump_prob,ve,dim
0,3.8414254207586533,2.2298172986665126,3,0.01,0.3,0.5,0.001,2
