,L2,L2_true,N,std,jump,jump_prob,ve,dim
0,5.507279654521769,4.263520973214697,100,0.01,0.3,0.5,0.01,3
