,L2,L2_true,N,std,jump,jump_prob,ve,dim
0,10.540969381937336,10.026865331719653,193,0.01,0.3,0.5,0.0025,3
