,L2,L2_true,N,std,jump,jump_prob,ve,dim
0,3.902194289948757,1.6450528448893702,4,0.01,0.3,0.5,0.01,3
