,L2,L2_true,N,std,jump,jump_prob,ve,dim
0,3.0479932724101295,0.09683803939801536,3162,0.01,0.3,0.5,0.0025,1
