,L2,L2_true,N,std,jump,jump_prob,ve,dim
0,2.013102790689689,1.9278299676912223,16,0.05,0.3,0.5,0.001,1
