,L2,L2_true,N,std,jump,jump_prob,ve,dim
0,3.4424493432092715,0.42135256406309163,1178,0.01,0.3,0.5,0.01,2
