,L2,L2_true,N,std,jump,jump_prob,ve,dim
0,3.4398144833970368,0.45242460344056207,43,0.01,0.3,0.5,0.01,1
