,L2,L2_true,N,std,jump,jump_prob,ve,dim
0,1.3532701802395841,1.3528957758528888,3,0.2,0.3,0.5,0.001,1
