,L2,L2_true,N,std,jump,jump_prob,ve,dim
0,3.407123507440233,0.09418168451612771,610,0.01,0.3,0.5,0.01,1
