,L2,L2_true,N,std,jump,jump_prob,ve,dim
0,7.8128642143712295,7.0585772956833,71,0.01,0.3,0.5,0.0025,3
