,L2,L2_true,N,std,jump,jump_prob,ve,dim
0,2.6682775067861857,0.5748457433005021,316,0.01,0.3,0.5,0.001,1
