,L2,L2_true,N,std,jump,jump_prob,ve,dim
0,3.7807101927286157,2.4269152153129907,26,0.01,0.3,0.5,0.001,1
