,L2,L2_true,N,std,jump,jump_prob,ve,dim
0,8.571871749882183,8.049863014387883,163,0.01,0.3,0.5,0.001,2
