,L2,L2_true,N,std,jump,jump_prob,ve,dim
0,8.537212262014453,8.008364259009255,138,0.01,0.3,0.5,0.001,2
