,L2,L2_true,N,std,jump,jump_prob,ve,dim
0,4.213843764989855,2.8239982579258593,7,0.01,0.3,0.5,0.001,2
