,L2,L2_true,N,std,jump,jump_prob,ve,dim
0,0.5532354467854107,0.5530219569134521,517,0.2,0.3,0.5,0.001,1
