,L2,L2_true,N,std,jump,jump_prob,ve,dim
0,10.973544555749573,10.520808244075202,138,0.01,0.3,0.5,0.001,3
