,L2,L2_true,N,std,jump,jump_prob,ve,dim
0,12.86854520773645,12.4697089060848,848,0.01,0.3,0.5,0.0025,3
