,L2,L2_true,N,std,jump,jump_prob,ve,dim
0,5.727460566276705,4.696940636101814,43,0.01,0.3,0.5,0.0025,2
