,L2,L2_true,N,std,jump,jump_prob,ve,dim
0,8.597775907289476,8.10786167692859,227,0.01,0.3,0.5,0.001,2
