,L2,L2_true,N,std,jump,jump_prob,ve,dim
0,3.7032339484633545,2.320073597756824,22,0.01,0.3,0.5,0.001,1
