,L2,L2_true,N,std,jump,jump_prob,ve,dim
0,2.41241699834014,2.3859861635613586,10,0.05,0.3,0.5,0.001,1
