,L2,L2_true,N,std,jump,jump_prob,ve,dim
0,3.0593878039323963,0.4535704529448573,117,0.01,0.3,0.5,0.0025,1
