,L2,L2_true,N,std,jump,jump_prob,ve,dim
0,3.4231838824673346,0.14896332667443582,138,0.01,0.3,0.5,0.01,1
