,L2,L2_true,N,std,jump,jump_prob,ve,dim
0,1.5895411256530885,1.5879414401783356,4,0.2,0.3,0.5,0.001,1
