,L2,L2_true,N,std,jump,jump_prob,ve,dim
0,0.3288544045428677,0.2247981227102729,2275,0.05,0.3,0.5,0.001,1
