,L2,L2_true,N,std,jump,jump_prob,ve,dim
0,3.6049223484453528,0.7446642501426446,1,0.01,0.3,0.5,0.01,1
