,L2,L2_true,N,std,jump,jump_prob,ve,dim
0,3.0325453470697568,0.13910066267078994,1000,0.01,0.3,0.5,0.0025,1
