,L2,L2_true,N,std,jump,jump_prob,ve,dim
0,4.175141191007895,2.4648672814638584,6,0.01,0.3,0.5,0.0025,3
