,L2,L2_true,N,std,jump,jump_prob,ve,dim
0,2.0577499905231154,2.0578193470508115,31,0.2,0.3,0.5,0.001,1
