,L2,L2_true,N,std,jump,jump_prob,ve,dim
0,3.975492401882234,2.0362425064358973,1000,0.01,0.3,0.5,0.01,3
