,L2,L2_true,N,std,jump,jump_prob,ve,dim
0,5.948480393914842,5.3224441477135676,1000,0.01,0.3,0.5,0.001,2
