,L2,L2_true,N,std,jump,jump_prob,ve,dim
0,4.223756699708033,2.39191121665692,26,0.01,0.3,0.5,0.01,2
