,L2,L2_true,N,std,jump,jump_prob,ve,dim
0,1.0324111194137968,1.0327913233722175,193,0.2,0.3,0.5,0.001,1
