,L2,L2_true,N,std,jump,jump_prob,ve,dim
0,0.8495162889397568,0.8393795394237621,268,0.05,0.3,0.5,0.001,1
