,L2,L2_true,N,std,jump,jump_prob,ve,dim
0,4.352830225902221,2.535475372304689,11,0.01,0.3,0.5,0.01,3
