,L2,L2_true,N,std,jump,jump_prob,ve,dim
0,4.584593249792671,3.3368004925479293,11,0.01,0.3,0.5,0.001,2
