,L2,L2_true,N,std,jump,jump_prob,ve,dim
0,4.479975712758365,2.9604874863554627,11,0.01,0.3,0.5,0.0025,2
