,L2,L2_true,N,std,jump,jump_prob,ve,dim
0,2.4896606193116853,2.4903842126423203,16,0.2,0.3,0.5,0.001,1
