,L2,L2_true,N,std,jump,jump_prob,ve,dim
0,10.049134511524102,9.504455905937318,163,0.01,0.3,0.5,0.0025,3
