,L2,L2_true,N,std,jump,jump_prob,ve,dim
0,2.5212866582659363,2.433609722642011,11,0.05,0.3,0.5,0.001,1
