,L2,L2_true,N,std,jump,jump_prob,ve,dim
0,0.5214565287489088,0.4429734084664139,517,0.05,0.3,0.5,0.001,1
