,L2,L2_true,N,std,jump,jump_prob,ve,dim
0,3.437895243556506,0.4044188272157657,1178,0.01,0.3,0.5,0.01,2
