,L2,L2_true,N,std,jump,jump_prob,ve,dim
0,3.7911078899376984,2.1936963814144836,7,0.01,0.3,0.5,0.001,1
