,L2,L2_true,N,std,jump,jump_prob,ve,dim
0,1.504165510013797,1.5052933348556958,4,0.2,0.3,0.5,0.001,1
