,L2,L2_true,N,std,jump,jump_prob,ve,dim
0,3.507776061052491,0.7443483451758854,372,0.01,0.3,0.5,0.01,2
