,L2,L2_true,N,std,jump,jump_prob,ve,dim
0,12.731843521737146,12.333022821092294,1000,0.01,0.3,0.5,0.0025,3
