,L2,L2_true,N,std,jump,jump_prob,ve,dim
0,2.3389013777485945,2.2629375430421916,8,0.05,0.3,0.5,0.001,1
