,L2,L2_true,N,std,jump,jump_prob,ve,dim
0,2.534826993128546,2.439740194255643,7,0.05,0.3,0.5,0.001,1
