,L2,L2_true,N,std,jump,jump_prob,ve,dim
0,7.692302916437234,7.028608354967212,51,0.01,0.3,0.5,0.001,3
