,L2,L2_true,N,std,jump,jump_prob,ve,dim
0,3.027053955445895,1.4754018460888263,61,0.01,0.3,0.5,0.001,1
