,L2,L2_true,N,std,jump,jump_prob,ve,dim
0,3.7777751691267327,2.135673737827741,4,0.01,0.3,0.5,0.001,1
