,L2,L2_true,N,std,jump,jump_prob,ve,dim
0,3.6457081525088673,2.0284093589817145,1000,0.01,0.3,0.5,0.0025,2
