,L2,L2_true,N,std,jump,jump_prob,ve,dim
0,3.6074100000669223,1.799702300431102,1,0.01,0.3,0.5,0.001,1
