,L2,L2_true,N,std,jump,jump_prob,ve,dim
0,3.424384156900238,0.15992973884360523,316,0.01,0.3,0.5,0.01,1
