,L2,L2_true,N,std,jump,jump_prob,ve,dim
0,11.084724905520613,10.653184995445553,2000,0.01,0.3,0.5,0.0025,3
