,L2,L2_true,N,std,jump,jump_prob,ve,dim
0,8.55273781059582,8.044553555487509,193,0.01,0.3,0.5,0.001,2
