,L2,L2_true,N,std,jump,jump_prob,ve,dim
0,7.233969615091675,6.559515794447013,71,0.01,0.3,0.5,0.001,2
