,L2,L2_true,N,std,jump,jump_prob,ve,dim
0,8.570748422351832,8.08247791992365,268,0.01,0.3,0.5,0.001,2
