,L2,L2_true,N,std,jump,jump_prob,ve,dim
0,3.0384588478537493,0.13641820151821538,1930,0.01,0.3,0.5,0.0025,1
