,L2,L2_true,N,std,jump,jump_prob,ve,dim
0,3.4368443530378943,0.3347177718803612,2000,0.01,0.3,0.5,0.01,2
