,L2,L2_true,N,std,jump,jump_prob,ve,dim
0,3.4176589919231475,0.172926999755048,163,0.01,0.3,0.5,0.01,1
