,L2,L2_true,N,std,jump,jump_prob,ve,dim
0,3.465352652283382,0.4894072887100578,848,0.01,0.3,0.5,0.01,2
