,L2,L2_true,N,std,jump,jump_prob,ve,dim
0,5.766338526946317,4.808319801102129,117,0.01,0.3,0.5,0.0025,2
