,L2,L2_true,N,std,jump,jump_prob,ve,dim
0,25.650372971919438,25.495169978525468,1930,0.01,0.3,0.5,0.001,3
