,L2,L2_true,N,std,jump,jump_prob,ve,dim
0,3.849947251581153,1.8354450916788658,3,0.01,0.3,0.5,0.0025,2
