,L2,L2_true,N,std,jump,jump_prob,ve,dim
0,2.4690851806503296,2.469920804024817,37,0.2,0.3,0.5,0.001,1
