,L2,L2_true,N,std,jump,jump_prob,ve,dim
0,3.628097349990481,1.8051152033115039,1,0.01,0.3,0.5,0.001,1
