,L2,L2_true,N,std,jump,jump_prob,ve,dim
0,0.7364735353106501,0.6503598753203984,316,0.05,0.3,0.5,0.001,1
