,L2,L2_true,N,std,jump,jump_prob,ve,dim
0,3.622783789982236,0.7448777937898252,1,0.01,0.3,0.5,0.01,1
