,L2,L2_true,N,std,jump,jump_prob,ve,dim
0,1.2288220552445475,1.2311110890697678,3,0.2,0.3,0.5,0.001,1
