,L2,L2_true,N,std,jump,jump_prob,ve,dim
0,8.446299048996824,7.928352423256869,163,0.01,0.3,0.5,0.001,2
