,L2,L2_true,N,std,jump,jump_prob,ve,dim
0,7.534060788558628,6.896361134276383,84,0.01,0.3,0.5,0.001,2
