,L2,L2_true,N,std,jump,jump_prob,ve,dim
0,3.86420564676893,1.5777429903190794,4,0.01,0.3,0.5,0.01,3
