,L2,L2_true,N,std,jump,jump_prob,ve,dim
0,9.927147758910387,9.364617010356907,138,0.01,0.3,0.5,0.0025,3
