,L2,L2_true,N,std,jump,jump_prob,ve,dim
0,3.431530462313702,0.18301350626107135,100,0.01,0.3,0.5,0.01,1
