,L2,L2_true,N,std,jump,jump_prob,ve,dim
0,0.6731690515657599,0.646961871235093,316,0.05,0.3,0.5,0.001,1
