,L2,L2_true,N,std,jump,jump_prob,ve,dim
0,10.52240807362831,9.99236531243412,193,0.01,0.3,0.5,0.0025,3
