,L2,L2_true,N,std,jump,jump_prob,ve,dim
0,5.4359733451552605,4.172596072675727,117,0.01,0.3,0.5,0.01,3
