,L2,L2_true,N,std,jump,jump_prob,ve,dim
0,4.210888314566292,2.3288517938969466,13,0.01,0.3,0.5,0.01,2
