,L2,L2_true,N,std,jump,jump_prob,ve,dim
0,3.4352982599919994,0.294841322319879,2275,0.01,0.3,0.5,0.01,2
