,L2,L2_true,N,std,jump,jump_prob,ve,dim
0,4.1959597645137245,2.3243685086093384,31,0.01,0.3,0.5,0.01,2
