,L2,L2_true,N,std,jump,jump_prob,ve,dim
0,4.898541173367062,3.8239936645484254,316,0.01,0.3,0.5,0.0025,2
