,L2,L2_true,N,std,jump,jump_prob,ve,dim
0,2.3087234947123627,2.2123547850435443,4,0.05,0.3,0.5,0.001,1
