,L2,L2_true,N,std,jump,jump_prob,ve,dim
0,2.845893980719066,2.801927477720363,22,0.05,0.3,0.5,0.001,1
