,L2,L2_true,N,std,jump,jump_prob,ve,dim
0,4.019767475987364,2.215978748251256,5,0.01,0.3,0.5,0.0025,2
