,L2,L2_true,N,std,jump,jump_prob,ve,dim
0,3.677610765945107,2.0629336049567644,1000,0.01,0.3,0.5,0.0025,2
