,L2,L2_true,N,std,jump,jump_prob,ve,dim
0,1.3520649370523838,1.3487231590060724,3,0.2,0.3,0.5,0.001,1
