,L2,L2_true,N,std,jump,jump_prob,ve,dim
0,3.613190493513781,1.2067714967933698,163,0.01,0.3,0.5,0.01,2
