,L2,L2_true,N,std,jump,jump_prob,ve,dim
0,4.364455810688861,2.6281718540527574,22,0.01,0.3,0.5,0.01,2
