,L2,L2_true,N,std,jump,jump_prob,ve,dim
0,1.874615508842687,1.759896062325345,4,0.05,0.3,0.5,0.001,1
