,L2,L2_true,N,std,jump,jump_prob,ve,dim
0,24.23772787383068,24.06621581804047,1930,0.01,0.3,0.5,0.001,3
