,L2,L2_true,N,std,jump,jump_prob,ve,dim
0,2.629884866411964,0.2582899597970818,1000,0.01,0.3,0.5,0.001,1
