,L2,L2_true,N,std,jump,jump_prob,ve,dim
0,1.3660962378993504,1.3656965681697153,3,0.2,0.3,0.5,0.001,1
