,L2,L2_true,N,std,jump,jump_prob,ve,dim
0,10.41129588177993,9.942988079851196,117,0.01,0.3,0.5,0.001,3
