,L2,L2_true,N,std,jump,jump_prob,ve,dim
0,6.000640137049059,5.067524061086236,84,0.01,0.3,0.5,0.0025,2
