,L2,L2_true,N,std,jump,jump_prob,ve,dim
0,8.715763699643064,8.193423628822586,138,0.01,0.3,0.5,0.001,2
