,L2,L2_true,N,std,jump,jump_prob,ve,dim
0,3.6230186137999594,1.3287243481190245,1,0.01,0.3,0.5,0.0025,2
