,L2,L2_true,N,std,jump,jump_prob,ve,dim
0,3.8033120660547355,1.7003240234722259,1389,0.01,0.3,0.5,0.01,3
