,L2,L2_true,N,std,jump,jump_prob,ve,dim
0,3.7806391349581663,2.1266947797112503,4,0.01,0.3,0.5,0.001,1
