,L2,L2_true,N,std,jump,jump_prob,ve,dim
0,0.378829204281674,0.27894451834274114,1637,0.05,0.3,0.5,0.001,1
