,L2,L2_true,N,std,jump,jump_prob,ve,dim
0,12.251765696535553,11.846637785593796,1000,0.01,0.3,0.5,0.0025,3
