,L2,L2_true,N,std,jump,jump_prob,ve,dim
0,18.020245887646443,17.757583883299738,517,0.01,0.3,0.5,0.001,3
