,L2,L2_true,N,std,jump,jump_prob,ve,dim
0,4.441418444855479,3.144863130079171,8,0.01,0.3,0.5,0.001,3
