,L2,L2_true,N,std,jump,jump_prob,ve,dim
0,3.4131473472823806,0.06556184630824403,1389,0.01,0.3,0.5,0.01,1
