,L2,L2_true,N,std,jump,jump_prob,ve,dim
0,4.891388799496856,3.783748910835138,268,0.01,0.3,0.5,0.0025,2
