,L2,L2_true,N,std,jump,jump_prob,ve,dim
0,2.410294570705722,2.392213748891852,31,0.05,0.3,0.5,0.001,1
