,L2,L2_true,N,std,jump,jump_prob,ve,dim
0,3.82640135565677,1.6913258307162327,84,0.01,0.3,0.5,0.01,2
