,L2,L2_true,N,std,jump,jump_prob,ve,dim
0,4.648821485596508,3.832028357241621,1930,0.01,0.3,0.5,0.001,2
