,L2,L2_true,N,std,jump,jump_prob,ve,dim
0,4.34744835253729,2.5724170277374667,16,0.01,0.3,0.5,0.01,2
