,L2,L2_true,N,std,jump,jump_prob,ve,dim
0,8.63451659789892,8.142401255408464,227,0.01,0.3,0.5,0.001,2
