,L2,L2_true,N,std,jump,jump_prob,ve,dim
0,5.332289267984826,4.306990023547139,19,0.01,0.3,0.5,0.001,3
