,L2,L2_true,N,std,jump,jump_prob,ve,dim
0,4.3782106282859505,2.586824387930773,10,0.01,0.3,0.5,0.01,3
