,L2,L2_true,N,std,jump,jump_prob,ve,dim
0,4.45114625900692,2.7222959844327708,13,0.01,0.3,0.5,0.01,3
