,L2,L2_true,N,std,jump,jump_prob,ve,dim
0,3.422155595262937,0.20490571388713907,316,0.01,0.3,0.5,0.01,1
