,L2,L2_true,N,std,jump,jump_prob,ve,dim
0,3.7923354928810205,2.1324987224467833,3,0.01,0.3,0.5,0.001,1
