,L2,L2_true,N,std,jump,jump_prob,ve,dim
0,5.511751267162216,4.562456827425818,193,0.01,0.3,0.5,0.0025,2
