,L2,L2_true,N,std,jump,jump_prob,ve,dim
0,2.8169212000830437,1.0041695060597238,84,0.01,0.3,0.5,0.001,1
