,L2,L2_true,N,std,jump,jump_prob,ve,dim
0,3.7224820668003926,2.522539261768782,31,0.01,0.3,0.5,0.001,1
