,L2,L2_true,N,std,jump,jump_prob,ve,dim
0,2.835422175009834,1.047415770023981,117,0.01,0.3,0.5,0.001,1
