,L2,L2_true,N,std,jump,jump_prob,ve,dim
0,1.0872665718565688,1.084138931776549,2,0.2,0.3,0.5,0.001,1
