,L2,L2_true,N,std,jump,jump_prob,ve,dim
0,4.034908435839837,2.2288105269430956,5,0.01,0.3,0.5,0.0025,2
