,L2,L2_true,N,std,jump,jump_prob,ve,dim
0,2.431719870639731,2.352861964151619,8,0.05,0.3,0.5,0.001,1
