,L2,L2_true,N,std,jump,jump_prob,ve,dim
0,3.418304072448196,0.06248178907409378,1389,0.01,0.3,0.5,0.01,1
