,L2,L2_true,N,std,jump,jump_prob,ve,dim
0,2.3378100759118614,2.3253622435088013,37,0.05,0.3,0.5,0.001,1
