,L2,L2_true,N,std,jump,jump_prob,ve,dim
0,3.0815596956033917,0.6455216733215504,71,0.01,0.3,0.5,0.0025,1
