,L2,L2_true,N,std,jump,jump_prob,ve,dim
0,5.0369086610203055,3.9420780280859207,16,0.01,0.3,0.5,0.001,2
