,L2,L2_true,N,std,jump,jump_prob,ve,dim
0,5.216857012509822,4.500005870933215,1389,0.01,0.3,0.5,0.001,2
