,L2,L2_true,N,std,jump,jump_prob,ve,dim
0,2.6633635187520572,0.54486558260445,268,0.01,0.3,0.5,0.001,1
