,L2,L2_true,N,std,jump,jump_prob,ve,dim
0,12.52929635453017,12.129122593920362,1000,0.01,0.3,0.5,0.0025,3
