,L2,L2_true,N,std,jump,jump_prob,ve,dim
0,6.1502779745733775,5.558106014004659,1000,0.01,0.3,0.5,0.001,2
