,L2,L2_true,N,std,jump,jump_prob,ve,dim
0,2.649731965100512,0.47163414627883216,268,0.01,0.3,0.5,0.001,1
