,L2,L2_true,N,std,jump,jump_prob,ve,dim
0,3.4334750802263687,0.3753708735382025,1389,0.01,0.3,0.5,0.01,2
