,L2,L2_true,N,std,jump,jump_prob,ve,dim
0,9.137701902015484,8.505108356641575,117,0.01,0.3,0.5,0.0025,3
