,L2,L2_true,N,std,jump,jump_prob,ve,dim
0,3.0320934667391604,0.13592258208533653,2275,0.01,0.3,0.5,0.0025,1
