,L2,L2_true,N,std,jump,jump_prob,ve,dim
0,1.8749754072518452,1.8758107663502108,8,0.2,0.3,0.5,0.001,1
