,L2,L2_true,N,std,jump,jump_prob,ve,dim
0,3.034246013848277,0.2880011396165074,439,0.01,0.3,0.5,0.0025,1
