,L2,L2_true,N,std,jump,jump_prob,ve,dim
0,2.6947917026701145,0.721292789215408,193,0.01,0.3,0.5,0.001,1
