,L2,L2_true,N,std,jump,jump_prob,ve,dim
0,3.8360634468810515,2.219893402857857,5,0.01,0.3,0.5,0.001,1
