,L2,L2_true,N,std,jump,jump_prob,ve,dim
0,0.3299103239504979,0.33008893726516014,1178,0.2,0.3,0.5,0.001,1
