,L2,L2_true,N,std,jump,jump_prob,ve,dim
0,3.731426544495633,1.3152355781503042,10,0.01,0.3,0.5,0.01,1
