,L2,L2_true,N,std,jump,jump_prob,ve,dim
0,8.426905342718175,7.8740277205947615,117,0.01,0.3,0.5,0.001,2
