,L2,L2_true,N,std,jump,jump_prob,ve,dim
0,3.7599167050969835,1.3118786746684272,5,0.01,0.3,0.5,0.01,1
