,L2,L2_true,N,std,jump,jump_prob,ve,dim
0,4.466118276605152,2.7488895845147527,13,0.01,0.3,0.5,0.01,3
