,L2,L2_true,N,std,jump,jump_prob,ve,dim
0,3.723293818758763,1.151605776881429,2,0.01,0.3,0.5,0.01,2
