,L2,L2_true,N,std,jump,jump_prob,ve,dim
0,3.4233153103462164,0.25241429467025667,3000,0.01,0.3,0.5,0.01,2
