,L2,L2_true,N,std,jump,jump_prob,ve,dim
0,3.715662753302524,1.3496186582974798,7,0.01,0.3,0.5,0.01,1
