,L2,L2_true,N,std,jump,jump_prob,ve,dim
0,3.4511004296317895,0.5147017324882521,61,0.01,0.3,0.5,0.01,1
