,L2,L2_true,N,std,jump,jump_prob,ve,dim
0,1.0536308368321696,1.0533819132806586,138,0.2,0.3,0.5,0.001,1
