,L2,L2_true,N,std,jump,jump_prob,ve,dim
0,1.083857630157755,1.0827791482075761,138,0.2,0.3,0.5,0.001,1
