,L2,L2_true,N,std,jump,jump_prob,ve,dim
0,5.018920522215328,3.5852273516744724,26,0.01,0.3,0.5,0.01,3
