,L2,L2_true,N,std,jump,jump_prob,ve,dim
0,3.715323896876625,1.9880316015097736,3,0.01,0.3,0.5,0.001,1
