,L2,L2_true,N,std,jump,jump_prob,ve,dim
0,3.6112281727651485,1.8018766710582699,1,0.01,0.3,0.5,0.001,1
