,L2,L2_true,N,std,jump,jump_prob,ve,dim
0,2.737076490306064,2.7318488772740976,26,0.05,0.3,0.5,0.001,1
