,L2,L2_true,N,std,jump,jump_prob,ve,dim
0,2.6499480055752116,2.6492595609078773,16,0.2,0.3,0.5,0.001,1
