,L2,L2_true,N,std,jump,jump_prob,ve,dim
0,4.276969107288852,2.5696019238414936,610,0.01,0.3,0.5,0.01,3
