,L2,L2_true,N,std,jump,jump_prob,ve,dim
0,2.416830041929508,2.3858400772811383,13,0.05,0.3,0.5,0.001,1
