,L2,L2_true,N,std,jump,jump_prob,ve,dim
0,5.707649996193778,4.674178025534906,43,0.01,0.3,0.5,0.0025,2
