,L2,L2_true,N,std,jump,jump_prob,ve,dim
0,4.345416247923728,3.478383487672799,2275,0.01,0.3,0.5,0.001,2
