,L2,L2_true,N,std,jump,jump_prob,ve,dim
0,3.4165796380599023,0.08045952331599177,1000,0.01,0.3,0.5,0.01,1
