,L2,L2_true,N,std,jump,jump_prob,ve,dim
0,2.8306633014803437,2.787337108952831,26,0.05,0.3,0.5,0.001,1
