,L2,L2_true,N,std,jump,jump_prob,ve,dim
0,6.639925634815922,5.850148858399973,37,0.01,0.3,0.5,0.001,3
