,L2,L2_true,N,std,jump,jump_prob,ve,dim
0,5.279395300998423,4.076702281035221,19,0.01,0.3,0.5,0.0025,3
