,L2,L2_true,N,std,jump,jump_prob,ve,dim
0,10.649983377151267,10.186382238298783,117,0.01,0.3,0.5,0.001,3
