,L2,L2_true,N,std,jump,jump_prob,ve,dim
0,3.3468044821070375,1.4152275777964705,2000,0.01,0.3,0.5,0.0025,2
