,L2,L2_true,N,std,jump,jump_prob,ve,dim
0,3.462332894855143,0.6101060209685848,610,0.01,0.3,0.5,0.01,2
