,L2,L2_true,N,std,jump,jump_prob,ve,dim
0,3.2443172942638485,1.1334848403433393,3000,0.01,0.3,0.5,0.0025,2
