,L2,L2_true,N,std,jump,jump_prob,ve,dim
0,5.223741376101869,3.9191499355366926,193,0.01,0.3,0.5,0.01,3
