,L2,L2_true,N,std,jump,jump_prob,ve,dim
0,5.393932102120682,4.091888820261636,51,0.01,0.3,0.5,0.01,3
