,L2,L2_true,N,std,jump,jump_prob,ve,dim
0,3.9689215915363287,2.421611981226654,4,0.01,0.3,0.5,0.001,2
