,L2,L2_true,N,std,jump,jump_prob,ve,dim
0,4.300002730447417,3.2928232761938494,26,0.01,0.3,0.5,0.001,1
