,L2,L2_true,N,std,jump,jump_prob,ve,dim
0,0.7705803897103322,0.7686677491196339,2,0.2,0.3,0.5,0.001,1
