,L2,L2_true,N,std,jump,jump_prob,ve,dim
0,3.0278738445759728,0.11679751098632433,2682,0.01,0.3,0.5,0.0025,1
