,L2,L2_true,N,std,jump,jump_prob,ve,dim
0,3.4640067149284763,0.5342567312159997,719,0.01,0.3,0.5,0.01,2
