,L2,L2_true,N,std,jump,jump_prob,ve,dim
0,4.21264846454539,2.383240424610847,31,0.01,0.3,0.5,0.01,2
