,L2,L2_true,N,std,jump,jump_prob,ve,dim
0,0.529911924355033,0.48883079411311064,517,0.05,0.3,0.5,0.001,1
