,L2,L2_true,N,std,jump,jump_prob,ve,dim
0,3.03577860658802,0.10496155382098056,1930,0.01,0.3,0.5,0.0025,1
