,L2,L2_true,N,std,jump,jump_prob,ve,dim
0,2.8317760779691494,2.788539708390947,13,0.05,0.3,0.5,0.001,1
