,L2,L2_true,N,std,jump,jump_prob,ve,dim
0,2.885757247053877,1.1908248534582966,100,0.01,0.3,0.5,0.001,1
