,L2,L2_true,N,std,jump,jump_prob,ve,dim
0,7.637890622291574,7.129677779935483,517,0.01,0.3,0.5,0.001,2
