,L2,L2_true,N,std,jump,jump_prob,ve,dim
0,3.6692789482060895,2.5139054615513334,37,0.01,0.3,0.5,0.001,1
