,L2,L2_true,N,std,jump,jump_prob,ve,dim
0,4.3291131526912645,2.5263292281105074,16,0.01,0.3,0.5,0.01,2
