,L2,L2_true,N,std,jump,jump_prob,ve,dim
0,3.4421056398766963,0.3764452097733678,61,0.01,0.3,0.5,0.01,1
