,L2,L2_true,N,std,jump,jump_prob,ve,dim
0,3.7251431955129926,1.6258985106305632,2,0.01,0.3,0.5,0.0025,2
