,L2,L2_true,N,std,jump,jump_prob,ve,dim
0,2.084847756213408,1.9941529174915418,5,0.05,0.3,0.5,0.001,1
