,L2,L2_true,N,std,jump,jump_prob,ve,dim
0,3.0487023551868515,0.33961655350641134,372,0.01,0.3,0.5,0.0025,1
