,L2,L2_true,N,std,jump,jump_prob,ve,dim
0,6.428778051031607,5.601806542463601,31,0.01,0.3,0.5,0.001,3
