,L2,L2_true,N,std,jump,jump_prob,ve,dim
0,5.399053209438849,4.103979907769578,51,0.01,0.3,0.5,0.01,3
