,L2,L2_true,N,std,jump,jump_prob,ve,dim
0,3.763784165241292,2.2208530437414704,848,0.01,0.3,0.5,0.0025,2
