,L2,L2_true,N,std,jump,jump_prob,ve,dim
0,2.237845947151537,2.238215002060954,22,0.2,0.3,0.5,0.001,1
