,L2,L2_true,N,std,jump,jump_prob,ve,dim
0,2.1652347742199356,2.1625511677683376,6,0.2,0.3,0.5,0.001,1
