,L2,L2_true,N,std,jump,jump_prob,ve,dim
0,4.109273612055617,2.2192013697073536,51,0.01,0.3,0.5,0.01,2
