,L2,L2_true,N,std,jump,jump_prob,ve,dim
0,12.667551154839268,12.28419185897943,1000,0.01,0.3,0.5,0.0025,3
