,L2,L2_true,N,std,jump,jump_prob,ve,dim
0,3.9448796437196765,1.749354904915757,5,0.01,0.3,0.5,0.01,2
