,L2,L2_true,N,std,jump,jump_prob,ve,dim
0,3.4255450115005908,0.07055299379458861,1178,0.01,0.3,0.5,0.01,1
