,L2,L2_true,N,std,jump,jump_prob,ve,dim
0,9.592574710045978,9.001625435223133,138,0.01,0.3,0.5,0.0025,3
