,L2,L2_true,N,std,jump,jump_prob,ve,dim
0,5.765322095517766,4.866490595971017,193,0.01,0.3,0.5,0.0025,2
