,L2,L2_true,N,std,jump,jump_prob,ve,dim
0,5.386832703882594,4.256237391183948,31,0.01,0.3,0.5,0.0025,2
