,L2,L2_true,N,std,jump,jump_prob,ve,dim
0,0.8081107867499179,0.8078477044488426,227,0.2,0.3,0.5,0.001,1
