,L2,L2_true,N,std,jump,jump_prob,ve,dim
0,14.386459364689513,14.060197789231921,268,0.01,0.3,0.5,0.001,3
