,L2,L2_true,N,std,jump,jump_prob,ve,dim
0,12.447758537771369,12.033199734785175,1000,0.01,0.3,0.5,0.0025,3
