,L2,L2_true,N,std,jump,jump_prob,ve,dim
0,2.434119096109795,2.4353062883828973,16,0.2,0.3,0.5,0.001,1
