,L2,L2_true,N,std,jump,jump_prob,ve,dim
0,4.8296310255095,3.3859856201436487,372,0.01,0.3,0.5,0.01,3
