,L2,L2_true,N,std,jump,jump_prob,ve,dim
0,5.2622539586660535,3.921935358362844,37,0.01,0.3,0.5,0.01,3
