,L2,L2_true,N,std,jump,jump_prob,ve,dim
0,10.640033584784366,10.121246325842334,193,0.01,0.3,0.5,0.0025,3
