,L2,L2_true,N,std,jump,jump_prob,ve,dim
0,3.802346728832181,2.2981112340519814,848,0.01,0.3,0.5,0.0025,2
