,L2,L2_true,N,std,jump,jump_prob,ve,dim
0,3.606621108712084,1.1292759705229578,193,0.01,0.3,0.5,0.01,2
