,L2,L2_true,N,std,jump,jump_prob,ve,dim
0,8.41502489638705,7.719698509401283,84,0.01,0.3,0.5,0.0025,3
