,L2,L2_true,N,std,jump,jump_prob,ve,dim
0,3.991277786639594,2.5256517095698516,7,0.01,0.3,0.5,0.001,1
