,L2,L2_true,N,std,jump,jump_prob,ve,dim
0,5.479784354722494,4.226361484741409,84,0.01,0.3,0.5,0.01,3
