,L2,L2_true,N,std,jump,jump_prob,ve,dim
0,3.970311385510916,2.6072921071609465,11,0.01,0.3,0.5,0.001,1
