,L2,L2_true,N,std,jump,jump_prob,ve,dim
0,5.451616730972754,4.477104465905898,26,0.01,0.3,0.5,0.001,2
