,L2,L2_true,N,std,jump,jump_prob,ve,dim
0,3.510824113810174,0.7434951720624015,372,0.01,0.3,0.5,0.01,2
