,L2,L2_true,N,std,jump,jump_prob,ve,dim
0,5.484376101853636,4.218201083881955,51,0.01,0.3,0.5,0.01,3
