,L2,L2_true,N,std,jump,jump_prob,ve,dim
0,3.415090387357808,0.055007071423288485,1389,0.01,0.3,0.5,0.01,1
