,L2,L2_true,N,std,jump,jump_prob,ve,dim
0,3.4199130626322516,0.20128871253758526,193,0.01,0.3,0.5,0.01,1
