,L2,L2_true,N,std,jump,jump_prob,ve,dim
0,3.7319541026438316,2.022254271680651,3,0.01,0.3,0.5,0.001,1
