,L2,L2_true,N,std,jump,jump_prob,ve,dim
0,3.6732570080607214,2.06330323753409,1000,0.01,0.3,0.5,0.0025,2
