,L2,L2_true,N,std,jump,jump_prob,ve,dim
0,2.6046172559229452,2.595303393700551,19,0.05,0.3,0.5,0.001,1
