,L2,L2_true,N,std,jump,jump_prob,ve,dim
0,8.443029429239925,7.954720679178043,316,0.01,0.3,0.5,0.001,2
