,L2,L2_true,N,std,jump,jump_prob,ve,dim
0,5.558794501132632,4.31542432644574,61,0.01,0.3,0.5,0.01,3
