,L2,L2_true,N,std,jump,jump_prob,ve,dim
0,2.316573797965761,2.2369974762255893,7,0.05,0.3,0.5,0.001,1
