,L2,L2_true,N,std,jump,jump_prob,ve,dim
0,2.298239312504443,2.297494851078329,8,0.2,0.3,0.5,0.001,1
