,L2,L2_true,N,std,jump,jump_prob,ve,dim
0,3.4833838472083323,0.663207910711918,517,0.01,0.3,0.5,0.01,2
