,L2,L2_true,N,std,jump,jump_prob,ve,dim
0,3.423870298267018,0.07916632590409249,1000,0.01,0.3,0.5,0.01,1
