,L2,L2_true,N,std,jump,jump_prob,ve,dim
0,1.8149016809800615,1.8079463097750317,71,0.05,0.3,0.5,0.001,1
