,L2,L2_true,N,std,jump,jump_prob,ve,dim
0,3.254174155564653,1.2439929401494727,51,0.01,0.3,0.5,0.0025,1
