,L2,L2_true,N,std,jump,jump_prob,ve,dim
0,0.8487666163102899,0.8499473732847581,2,0.2,0.3,0.5,0.001,1
