,L2,L2_true,N,std,jump,jump_prob,ve,dim
0,3.979951125853247,2.0247082538118106,1000,0.01,0.3,0.5,0.01,3
