,L2,L2_true,N,std,jump,jump_prob,ve,dim
0,3.3097100305254035,1.3216093389897021,2275,0.01,0.3,0.5,0.0025,2
