,L2,L2_true,N,std,jump,jump_prob,ve,dim
0,0.5756411757468988,0.5752799552712331,439,0.2,0.3,0.5,0.001,1
