,L2,L2_true,N,std,jump,jump_prob,ve,dim
0,7.633415431563513,7.13472789944114,517,0.01,0.3,0.5,0.001,2
