,L2,L2_true,N,std,jump,jump_prob,ve,dim
0,3.9586822577229563,2.4967248686893555,10,0.01,0.3,0.5,0.001,1
