,L2,L2_true,N,std,jump,jump_prob,ve,dim
0,3.414044366984611,0.053723362520134293,1178,0.01,0.3,0.5,0.01,1
