,L2,L2_true,N,std,jump,jump_prob,ve,dim
0,2.8056132440120543,2.8073775413594193,13,0.2,0.3,0.5,0.001,1
