,L2,L2_true,N,std,jump,jump_prob,ve,dim
0,3.4417184471363163,0.557598675525668,719,0.01,0.3,0.5,0.01,2
