,L2,L2_true,N,std,jump,jump_prob,ve,dim
0,1.3801743332450036,1.3777833803586375,3,0.2,0.3,0.5,0.001,1
