,L2,L2_true,N,std,jump,jump_prob,ve,dim
0,4.664767775695684,3.1515119759943593,372,0.01,0.3,0.5,0.01,3
