,L2,L2_true,N,std,jump,jump_prob,ve,dim
0,0.342001640078722,0.3425743744387325,1178,0.2,0.3,0.5,0.001,1
