,L2,L2_true,N,std,jump,jump_prob,ve,dim
0,3.851165793295943,1.9200055360291555,5,0.01,0.3,0.5,0.0025,1
