,L2,L2_true,N,std,jump,jump_prob,ve,dim
0,1.0568406285795802,1.046768166020082,100,0.05,0.3,0.5,0.001,1
