,L2,L2_true,N,std,jump,jump_prob,ve,dim
0,5.507626717097344,4.408252813553615,31,0.01,0.3,0.5,0.0025,2
