,L2,L2_true,N,std,jump,jump_prob,ve,dim
0,0.7342490601270616,0.7344022107855693,268,0.2,0.3,0.5,0.001,1
