,L2,L2_true,N,std,jump,jump_prob,ve,dim
0,2.8977633474454314,2.8457623202753726,22,0.05,0.3,0.5,0.001,1
