,L2,L2_true,N,std,jump,jump_prob,ve,dim
0,0.6049229806143223,0.5536740355209173,316,0.05,0.3,0.5,0.001,1
