,L2,L2_true,N,std,jump,jump_prob,ve,dim
0,4.668406545906237,3.1558191306038106,372,0.01,0.3,0.5,0.01,3
