,L2,L2_true,N,std,jump,jump_prob,ve,dim
0,2.7070049713915445,2.7065976281693427,22,0.2,0.3,0.5,0.001,1
