,L2,L2_true,N,std,jump,jump_prob,ve,dim
0,3.650522428411714,1.8540153989454518,2,0.01,0.3,0.5,0.001,1
