,L2,L2_true,N,std,jump,jump_prob,ve,dim
0,12.923913649714653,12.536530734132574,848,0.01,0.3,0.5,0.0025,3
