,L2,L2_true,N,std,jump,jump_prob,ve,dim
0,5.67901349180723,4.637975498206819,43,0.01,0.3,0.5,0.0025,2
