,L2,L2_true,N,std,jump,jump_prob,ve,dim
0,2.6662457968767916,2.6677522436673757,16,0.2,0.3,0.5,0.001,1
