,L2,L2_true,N,std,jump,jump_prob,ve,dim
0,4.49038707249472,2.786616590169369,13,0.01,0.3,0.5,0.01,3
