,L2,L2_true,N,std,jump,jump_prob,ve,dim
0,6.123109810438271,5.255703598644605,138,0.01,0.3,0.5,0.0025,2
