,L2,L2_true,N,std,jump,jump_prob,ve,dim
0,1.4432148480608173,1.294327162040657,2,0.05,0.3,0.5,0.001,1
