,L2,L2_true,N,std,jump,jump_prob,ve,dim
0,6.019305200486471,5.06121927405647,61,0.01,0.3,0.5,0.0025,2
