,L2,L2_true,N,std,jump,jump_prob,ve,dim
0,5.755520871531206,5.110741506361683,1178,0.01,0.3,0.5,0.001,2
