,L2,L2_true,N,std,jump,jump_prob,ve,dim
0,3.4233583094829045,0.3098526451173514,2000,0.01,0.3,0.5,0.01,2
