,L2,L2_true,N,std,jump,jump_prob,ve,dim
0,3.64836213737996,1.1002066192917732,5,0.01,0.3,0.5,0.01,1
