,L2,L2_true,N,std,jump,jump_prob,ve,dim
0,10.099464244641673,9.54381070434646,163,0.01,0.3,0.5,0.0025,3
