,L2,L2_true,N,std,jump,jump_prob,ve,dim
0,4.313489234824102,2.6292452934530717,610,0.01,0.3,0.5,0.01,3
