,L2,L2_true,N,std,jump,jump_prob,ve,dim
0,7.651068988774648,7.149704754844044,517,0.01,0.3,0.5,0.001,2
