,L2,L2_true,N,std,jump,jump_prob,ve,dim
0,2.6268759834344015,0.17467512486874184,2682,0.01,0.3,0.5,0.001,1
