,L2,L2_true,N,std,jump,jump_prob,ve,dim
0,0.36704296678539405,0.2986113959073177,1178,0.05,0.3,0.5,0.001,1
