,L2,L2_true,N,std,jump,jump_prob,ve,dim
0,3.4726206931641332,0.5558219450823219,61,0.01,0.3,0.5,0.01,1
