,L2,L2_true,N,std,jump,jump_prob,ve,dim
0,2.695084188153524,0.671315394379261,193,0.01,0.3,0.5,0.001,1
