,L2,L2_true,N,std,jump,jump_prob,ve,dim
0,19.042543069161486,18.8037215542317,610,0.01,0.3,0.5,0.001,3
