,L2,L2_true,N,std,jump,jump_prob,ve,dim
0,8.035337365857297,7.548624151417664,439,0.01,0.3,0.5,0.001,2
