,L2,L2_true,N,std,jump,jump_prob,ve,dim
0,12.671015841955423,12.287505495320923,193,0.01,0.3,0.5,0.001,3
