,L2,L2_true,N,std,jump,jump_prob,ve,dim
0,13.073570097079925,12.67853268225181,719,0.01,0.3,0.5,0.0025,3
