,L2,L2_true,N,std,jump,jump_prob,ve,dim
0,5.032448589981723,3.7474361582696525,16,0.01,0.3,0.5,0.0025,3
