,L2,L2_true,N,std,jump,jump_prob,ve,dim
0,5.373208954893761,4.106055277616425,163,0.01,0.3,0.5,0.01,3
