,L2,L2_true,N,std,jump,jump_prob,ve,dim
0,5.714418126695355,4.80198248699776,193,0.01,0.3,0.5,0.0025,2
