,L2,L2_true,N,std,jump,jump_prob,ve,dim
0,3.4268623665160503,0.06371590744875033,439,0.01,0.3,0.5,0.01,1
