,L2,L2_true,N,std,jump,jump_prob,ve,dim
0,2.348615416458927,2.3477178656707256,8,0.2,0.3,0.5,0.001,1
