,L2,L2_true,N,std,jump,jump_prob,ve,dim
0,2.54850501132082,2.5479642731217815,11,0.2,0.3,0.5,0.001,1
