,L2,L2_true,N,std,jump,jump_prob,ve,dim
0,5.498632212336531,4.539975614728907,193,0.01,0.3,0.5,0.0025,2
