,L2,L2_true,N,std,jump,jump_prob,ve,dim
0,8.665185716446608,8.076747522078174,71,0.01,0.3,0.5,0.001,3
