,L2,L2_true,N,std,jump,jump_prob,ve,dim
0,5.754680922327378,4.678438478763114,26,0.01,0.3,0.5,0.0025,3
