,L2,L2_true,N,std,jump,jump_prob,ve,dim
0,3.4461721620099026,0.4665845086771811,1000,0.01,0.3,0.5,0.01,2
