,L2,L2_true,N,std,jump,jump_prob,ve,dim
0,4.13283945302478,2.178994186635753,10,0.01,0.3,0.5,0.01,2
