,L2,L2_true,N,std,jump,jump_prob,ve,dim
0,4.122791938425662,2.234635296761553,37,0.01,0.3,0.5,0.01,2
