,L2,L2_true,N,std,jump,jump_prob,ve,dim
0,3.369926231209457,1.4264047872166319,1930,0.01,0.3,0.5,0.0025,2
