,L2,L2_true,N,std,jump,jump_prob,ve,dim
0,2.646577198983917,0.47592842519564516,316,0.01,0.3,0.5,0.001,1
