,L2,L2_true,N,std,jump,jump_prob,ve,dim
0,6.43943612089501,5.651031257192645,43,0.01,0.3,0.5,0.001,2
