,L2,L2_true,N,std,jump,jump_prob,ve,dim
0,3.7148082472802098,1.7461344021149638,8,0.01,0.3,0.5,0.0025,1
