,L2,L2_true,N,std,jump,jump_prob,ve,dim
0,7.3542565177982535,6.681771654255489,71,0.01,0.3,0.5,0.001,2
