,L2,L2_true,N,std,jump,jump_prob,ve,dim
0,6.0500001218455015,5.186965013157933,31,0.01,0.3,0.5,0.001,2
