,L2,L2_true,N,std,jump,jump_prob,ve,dim
0,5.898800893711092,5.012803225047845,31,0.01,0.3,0.5,0.001,2
