,L2,L2_true,N,std,jump,jump_prob,ve,dim
0,0.6837767901454501,0.6250383918900095,316,0.05,0.3,0.5,0.001,1
