,L2,L2_true,N,std,jump,jump_prob,ve,dim
0,3.0627470524435414,0.35843525550590183,372,0.01,0.3,0.5,0.0025,1
