,L2,L2_true,N,std,jump,jump_prob,ve,dim
0,0.6743437592720889,0.6472791873187009,268,0.05,0.3,0.5,0.001,1
