,L2,L2_true,N,std,jump,jump_prob,ve,dim
0,0.34865662486318566,0.2626706662275263,1637,0.05,0.3,0.5,0.001,1
