,L2,L2_true,N,std,jump,jump_prob,ve,dim
0,4.679465270147806,3.261151832299076,13,0.01,0.3,0.5,0.0025,2
