,L2,L2_true,N,std,jump,jump_prob,ve,dim
0,5.319358659020559,3.9974454759885294,43,0.01,0.3,0.5,0.01,3
