,L2,L2_true,N,std,jump,jump_prob,ve,dim
0,3.8621982915604627,2.2365394561781415,2,0.01,0.3,0.5,0.001,1
