,L2,L2_true,N,std,jump,jump_prob,ve,dim
0,6.2723952445442075,5.441733663008,31,0.01,0.3,0.5,0.001,2
