,L2,L2_true,N,std,jump,jump_prob,ve,dim
0,4.070697793374267,2.061186836292444,7,0.01,0.3,0.5,0.01,2
