,L2,L2_true,N,std,jump,jump_prob,ve,dim
0,4.0541492809944994,2.116074154735195,51,0.01,0.3,0.5,0.01,2
