,L2,L2_true,N,std,jump,jump_prob,ve,dim
0,3.4260686831712577,0.05100626474636997,2275,0.01,0.3,0.5,0.01,1
