,L2,L2_true,N,std,jump,jump_prob,ve,dim
0,5.145047671492739,4.085875350146675,16,0.01,0.3,0.5,0.001,3
