,L2,L2_true,N,std,jump,jump_prob,ve,dim
0,21.590516980103917,21.38353621475437,1000,0.01,0.3,0.5,0.001,3
