,L2,L2_true,N,std,jump,jump_prob,ve,dim
0,3.0321272913198043,0.09883629323878154,3162,0.01,0.3,0.5,0.0025,1
