,L2,L2_true,N,std,jump,jump_prob,ve,dim
0,3.6150491237667803,1.3280355537691981,1,0.01,0.3,0.5,0.0025,1
