,L2,L2_true,N,std,jump,jump_prob,ve,dim
0,5.950074822066876,5.0462454016008635,26,0.01,0.3,0.5,0.001,3
