,L2,L2_true,N,std,jump,jump_prob,ve,dim
0,4.92362152225293,4.161978554460311,1637,0.01,0.3,0.5,0.001,2
