,L2,L2_true,N,std,jump,jump_prob,ve,dim
0,0.2794590645060965,0.20818476905765337,2275,0.05,0.3,0.5,0.001,1
