,L2,L2_true,N,std,jump,jump_prob,ve,dim
0,4.075158336357579,2.5978230477833417,5,0.01,0.3,0.5,0.001,3
