,L2,L2_true,N,std,jump,jump_prob,ve,dim
0,3.7054915751977404,1.4283926906444404,2000,0.01,0.3,0.5,0.01,3
