,L2,L2_true,N,std,jump,jump_prob,ve,dim
0,3.029869033959257,0.09543813496463058,3162,0.01,0.3,0.5,0.0025,1
