,L2,L2_true,N,std,jump,jump_prob,ve,dim
0,2.893518618900728,1.2193315614387183,71,0.01,0.3,0.5,0.001,1
