,L2,L2_true,N,std,jump,jump_prob,ve,dim
0,3.435568631076875,0.3760665748577922,1637,0.01,0.3,0.5,0.01,2
