,L2,L2_true,N,std,jump,jump_prob,ve,dim
0,4.655717347943921,3.837522031819221,1930,0.01,0.3,0.5,0.001,2
