,L2,L2_true,N,std,jump,jump_prob,ve,dim
0,3.889742263825001,2.4245976692173232,719,0.01,0.3,0.5,0.0025,2
