,L2,L2_true,N,std,jump,jump_prob,ve,dim
0,4.069617592316231,2.314199168106333,6,0.01,0.3,0.5,0.0025,2
