,L2,L2_true,N,std,jump,jump_prob,ve,dim
0,5.448228988174864,4.19683993697678,138,0.01,0.3,0.5,0.01,3
