,L2,L2_true,N,std,jump,jump_prob,ve,dim
0,3.0726376147401115,0.573006948132052,84,0.01,0.3,0.5,0.0025,1
