,L2,L2_true,N,std,jump,jump_prob,ve,dim
0,5.324977781956281,4.125811185982713,19,0.01,0.3,0.5,0.0025,3
