,L2,L2_true,N,std,jump,jump_prob,ve,dim
0,3.0400584390598535,0.12402555839741322,2682,0.01,0.3,0.5,0.0025,1
