,L2,L2_true,N,std,jump,jump_prob,ve,dim
0,4.301844769155312,2.936807808841774,7,0.01,0.3,0.5,0.001,3
