,L2,L2_true,N,std,jump,jump_prob,ve,dim
0,3.2092344294917083,1.11736218386215,84,0.01,0.3,0.5,0.0025,1
