,L2,L2_true,N,std,jump,jump_prob,ve,dim
0,12.189022820064405,11.748768955524085,372,0.01,0.3,0.5,0.0025,3
