,L2,L2_true,N,std,jump,jump_prob,ve,dim
0,24.591340393866783,24.42220470652894,3000,0.01,0.3,0.5,0.001,3
