,L2,L2_true,N,std,jump,jump_prob,ve,dim
0,18.780525085143587,18.538977111515397,610,0.01,0.3,0.5,0.001,3
