,L2,L2_true,N,std,jump,jump_prob,ve,dim
0,3.758185944812436,1.3070034678938007,3,0.01,0.3,0.5,0.01,2
