,L2,L2_true,N,std,jump,jump_prob,ve,dim
0,2.643825038477324,0.34489731088978254,1178,0.01,0.3,0.5,0.001,1
