,L2,L2_true,N,std,jump,jump_prob,ve,dim
0,3.6612172136603776,1.887254737384422,2,0.01,0.3,0.5,0.001,1
