,L2,L2_true,N,std,jump,jump_prob,ve,dim
0,6.778459858760778,6.017085997250648,37,0.01,0.3,0.5,0.001,3
