,L2,L2_true,N,std,jump,jump_prob,ve,dim
0,2.7036522226243913,2.703201445790617,11,0.2,0.3,0.5,0.001,1
