,L2,L2_true,N,std,jump,jump_prob,ve,dim
0,3.7001180535451863,1.4362252237344681,117,0.01,0.3,0.5,0.01,2
