,L2,L2_true,N,std,jump,jump_prob,ve,dim
0,12.635253480859925,12.253343785811007,193,0.01,0.3,0.5,0.001,3
