,L2,L2_true,N,std,jump,jump_prob,ve,dim
0,4.281819262982836,2.6509383509793216,7,0.01,0.3,0.5,0.0025,3
