,L2,L2_true,N,std,jump,jump_prob,ve,dim
0,5.320726168361594,4.045165731672319,163,0.01,0.3,0.5,0.01,3
