,L2,L2_true,N,std,jump,jump_prob,ve,dim
0,3.453265808344173,0.47933373427130516,1000,0.01,0.3,0.5,0.01,2
