,L2,L2_true,N,std,jump,jump_prob,ve,dim
0,25.548686330667916,25.391830527989757,3000,0.01,0.3,0.5,0.001,3
