,L2,L2_true,N,std,jump,jump_prob,ve,dim
0,8.34475683323481,7.651613826987084,84,0.01,0.3,0.5,0.0025,3
