,L2,L2_true,N,std,jump,jump_prob,ve,dim
0,4.2613507474874615,2.604042790831915,7,0.01,0.3,0.5,0.0025,2
