,L2,L2_true,N,std,jump,jump_prob,ve,dim
0,3.884596281871958,2.460686453006765,10,0.01,0.3,0.5,0.001,1
