,L2,L2_true,N,std,jump,jump_prob,ve,dim
0,5.428570818332524,4.301578790976243,37,0.01,0.3,0.5,0.0025,2
