,L2,L2_true,N,std,jump,jump_prob,ve,dim
0,0.35824322418150983,0.2962194598217025,1389,0.05,0.3,0.5,0.001,1
