,L2,L2_true,N,std,jump,jump_prob,ve,dim
0,3.6133163065268903,0.749922384746585,2,0.01,0.3,0.5,0.01,1
