,L2,L2_true,N,std,jump,jump_prob,ve,dim
0,4.744592762683858,3.168856076447247,19,0.01,0.3,0.5,0.01,3
