,L2,L2_true,N,std,jump,jump_prob,ve,dim
0,1.4404739841874215,1.4202425470900804,71,0.05,0.3,0.5,0.001,1
