,L2,L2_true,N,std,jump,jump_prob,ve,dim
0,5.253653223924692,4.249607061861109,227,0.01,0.3,0.5,0.0025,2
