,L2,L2_true,N,std,jump,jump_prob,ve,dim
0,3.6337639019939956,1.2399115344371003,16,0.01,0.3,0.5,0.01,1
