,L2,L2_true,N,std,jump,jump_prob,ve,dim
0,3.4512659008096587,0.440430860863948,1000,0.01,0.3,0.5,0.01,2
