,L2,L2_true,N,std,jump,jump_prob,ve,dim
0,10.474968931270672,10.007322516950024,117,0.01,0.3,0.5,0.001,3
