,L2,L2_true,N,std,jump,jump_prob,ve,dim
0,11.153451746692374,10.709025141540534,138,0.01,0.3,0.5,0.001,3
