,L2,L2_true,N,std,jump,jump_prob,ve,dim
0,24.9831128618608,24.81771686881913,2000,0.01,0.3,0.5,0.001,3
