,L2,L2_true,N,std,jump,jump_prob,ve,dim
0,3.0588171122956003,0.42134068791142126,163,0.01,0.3,0.5,0.0025,1
