,L2,L2_true,N,std,jump,jump_prob,ve,dim
0,2.2673701601472493,2.1867727450642396,10,0.05,0.3,0.5,0.001,1
