,L2,L2_true,N,std,jump,jump_prob,ve,dim
0,2.798929133628726,1.0389534366129585,117,0.01,0.3,0.5,0.001,1
