,L2,L2_true,N,std,jump,jump_prob,ve,dim
0,12.397744377975014,11.993260662282678,1178,0.01,0.3,0.5,0.0025,3
