,L2,L2_true,N,std,jump,jump_prob,ve,dim
0,5.355118695374729,4.085736922003476,163,0.01,0.3,0.5,0.01,3
