,L2,L2_true,N,std,jump,jump_prob,ve,dim
0,6.342356471446209,5.742017372290556,848,0.01,0.3,0.5,0.001,2
