,L2,L2_true,N,std,jump,jump_prob,ve,dim
0,3.605514147400262,0.7445705195232416,1,0.01,0.3,0.5,0.01,2
