,L2,L2_true,N,std,jump,jump_prob,ve,dim
0,3.0435748941626137,0.23240238217549783,517,0.01,0.3,0.5,0.0025,1
