,L2,L2_true,N,std,jump,jump_prob,ve,dim
0,3.8319232295597057,2.2047765823289898,22,0.01,0.3,0.5,0.0025,1
