,L2,L2_true,N,std,jump,jump_prob,ve,dim
0,4.783001040163128,3.2307479098760683,26,0.01,0.3,0.5,0.01,3
