,L2,L2_true,N,std,jump,jump_prob,ve,dim
0,2.11986471541458,2.1185172331529616,6,0.2,0.3,0.5,0.001,1
