,L2,L2_true,N,std,jump,jump_prob,ve,dim
0,3.467190060681644,0.6218989944379896,517,0.01,0.3,0.5,0.01,2
