,L2,L2_true,N,std,jump,jump_prob,ve,dim
0,0.33937603336691535,0.21482901679349117,2682,0.05,0.3,0.5,0.001,1
