,L2,L2_true,N,std,jump,jump_prob,ve,dim
0,24.4506535237003,24.27547827414065,2000,0.01,0.3,0.5,0.001,3
