,L2,L2_true,N,std,jump,jump_prob,ve,dim
0,3.9717541126625964,2.440135183741249,5,0.01,0.3,0.5,0.001,2
