,L2,L2_true,N,std,jump,jump_prob,ve,dim
0,3.621964583849448,1.8049889363815208,1,0.01,0.3,0.5,0.001,1
