,L2,L2_true,N,std,jump,jump_prob,ve,dim
0,2.3297946517150745,2.3287527321190282,37,0.2,0.3,0.5,0.001,1
