,L2,L2_true,N,std,jump,jump_prob,ve,dim
0,3.4228809400635973,0.06036080379691736,1637,0.01,0.3,0.5,0.01,1
