,L2,L2_true,N,std,jump,jump_prob,ve,dim
0,4.215800091160321,2.9156726776657402,517,0.01,0.3,0.5,0.0025,2
