,L2,L2_true,N,std,jump,jump_prob,ve,dim
0,2.625034850045352,0.33280643466694587,719,0.01,0.3,0.5,0.001,1
