,L2,L2_true,N,std,jump,jump_prob,ve,dim
0,3.8362146608223813,1.855386932944729,3,0.01,0.3,0.5,0.0025,3
