,L2,L2_true,N,std,jump,jump_prob,ve,dim
0,12.661620647764751,12.263310425772545,1000,0.01,0.3,0.5,0.0025,3
