,L2,L2_true,N,std,jump,jump_prob,ve,dim
0,0.2950811337427206,0.2948247582396637,1637,0.2,0.3,0.5,0.001,1
