,L2,L2_true,N,std,jump,jump_prob,ve,dim
0,2.1774947570152743,2.113658316869318,10,0.05,0.3,0.5,0.001,1
