,L2,L2_true,N,std,jump,jump_prob,ve,dim
0,8.315775782351691,7.807858581081867,227,0.01,0.3,0.5,0.001,2
