,L2,L2_true,N,std,jump,jump_prob,ve,dim
0,3.4098340883793954,0.09105745273740062,517,0.01,0.3,0.5,0.01,1
