,L2,L2_true,N,std,jump,jump_prob,ve,dim
0,1.5729372190762552,1.5733202499479524,84,0.2,0.3,0.5,0.001,1
