,L2,L2_true,N,std,jump,jump_prob,ve,dim
0,6.856063150613351,6.303052445652065,719,0.01,0.3,0.5,0.001,2
