,L2,L2_true,N,std,jump,jump_prob,ve,dim
0,6.431996710778501,5.48488294332749,37,0.01,0.3,0.5,0.0025,3
