,L2,L2_true,N,std,jump,jump_prob,ve,dim
0,0.6732371332132736,0.6731120551936081,316,0.2,0.3,0.5,0.001,1
