,L2,L2_true,N,std,jump,jump_prob,ve,dim
0,9.192369925862605,8.638163258048067,84,0.01,0.3,0.5,0.001,3
