,L2,L2_true,N,std,jump,jump_prob,ve,dim
0,4.007680424282593,3.0040827602783673,3000,0.01,0.3,0.5,0.001,2
