,L2,L2_true,N,std,jump,jump_prob,ve,dim
0,2.0217948099804217,2.0343560025199783,37,0.05,0.3,0.5,0.001,1
