,L2,L2_true,N,std,jump,jump_prob,ve,dim
0,5.562824117417029,4.346165855952196,117,0.01,0.3,0.5,0.01,3
