,L2,L2_true,N,std,jump,jump_prob,ve,dim
0,4.252651779160146,2.9779977422012625,517,0.01,0.3,0.5,0.0025,2
