,L2,L2_true,N,std,jump,jump_prob,ve,dim
0,5.2389926512789815,4.024478038465571,19,0.01,0.3,0.5,0.0025,3
