,L2,L2_true,N,std,jump,jump_prob,ve,dim
0,3.411583363537944,0.09768848478067317,848,0.01,0.3,0.5,0.01,1
