,L2,L2_true,N,std,jump,jump_prob,ve,dim
0,1.5046046755092237,1.4809309162614255,61,0.05,0.3,0.5,0.001,1
