,L2,L2_true,N,std,jump,jump_prob,ve,dim
0,2.7551606956879584,0.9333250673081716,117,0.01,0.3,0.5,0.001,1
