,L2,L2_true,N,std,jump,jump_prob,ve,dim
0,2.5230778886149006,2.52164622949564,11,0.2,0.3,0.5,0.001,1
