,L2,L2_true,N,std,jump,jump_prob,ve,dim
0,3.409823454315314,0.05918221410897543,1000,0.01,0.3,0.5,0.01,1
