,L2,L2_true,N,std,jump,jump_prob,ve,dim
0,3.5691112224060775,1.0566005779828034,11,0.01,0.3,0.5,0.01,1
