,L2,L2_true,N,std,jump,jump_prob,ve,dim
0,3.6373084559309374,1.4398678179081654,2,0.01,0.3,0.5,0.0025,1
