,L2,L2_true,N,std,jump,jump_prob,ve,dim
0,4.104910183054292,2.0900126153126344,7,0.01,0.3,0.5,0.01,3
