,L2,L2_true,N,std,jump,jump_prob,ve,dim
0,4.834656342041474,3.499960077760709,19,0.01,0.3,0.5,0.0025,2
