,L2,L2_true,N,std,jump,jump_prob,ve,dim
0,22.308684683787025,22.107867275619025,1000,0.01,0.3,0.5,0.001,3
