,L2,L2_true,N,std,jump,jump_prob,ve,dim
0,5.658739691899222,4.7004122899854615,22,0.01,0.3,0.5,0.001,3
