,L2,L2_true,N,std,jump,jump_prob,ve,dim
0,0.37799995235363787,0.3705603121033486,1,0.2,0.3,0.5,0.001,1
