,L2,L2_true,N,std,jump,jump_prob,ve,dim
0,3.728943425337891,1.2199297559012146,3,0.01,0.3,0.5,0.01,2
