,L2,L2_true,N,std,jump,jump_prob,ve,dim
0,12.191917616371756,11.764791087284653,439,0.01,0.3,0.5,0.0025,3
