,L2,L2_true,N,std,jump,jump_prob,ve,dim
0,0.42899593712892686,0.31467285392027294,1178,0.05,0.3,0.5,0.001,1
