,L2,L2_true,N,std,jump,jump_prob,ve,dim
0,0.5769490329154889,0.5765646518223809,372,0.2,0.3,0.5,0.001,1
