,L2,L2_true,N,std,jump,jump_prob,ve,dim
0,5.109838140534459,3.700683871849792,31,0.01,0.3,0.5,0.01,3
