,L2,L2_true,N,std,jump,jump_prob,ve,dim
0,12.798312040233695,12.403789243207175,848,0.01,0.3,0.5,0.0025,3
