,L2,L2_true,N,std,jump,jump_prob,ve,dim
0,3.1338038968426463,1.77538275253154,84,0.01,0.3,0.5,0.001,1
