,L2,L2_true,N,std,jump,jump_prob,ve,dim
0,3.419978675356695,0.18200474909778033,163,0.01,0.3,0.5,0.01,1
