,L2,L2_true,N,std,jump,jump_prob,ve,dim
0,3.0442094981343892,0.11743770468529426,1930,0.01,0.3,0.5,0.0025,1
