,L2,L2_true,N,std,jump,jump_prob,ve,dim
0,8.464012869715964,7.868678211591861,71,0.01,0.3,0.5,0.001,3
