,L2,L2_true,N,std,jump,jump_prob,ve,dim
0,15.489622579914164,15.180926196687672,316,0.01,0.3,0.5,0.001,3
