,L2,L2_true,N,std,jump,jump_prob,ve,dim
0,12.769379586127492,12.373517230602424,1000,0.01,0.3,0.5,0.0025,3
