,L2,L2_true,N,std,jump,jump_prob,ve,dim
0,4.270437354325427,2.9052053557013857,7,0.01,0.3,0.5,0.001,2
