,L2,L2_true,N,std,jump,jump_prob,ve,dim
0,3.989914126961889,1.8531928970381373,6,0.01,0.3,0.5,0.01,2
