,L2,L2_true,N,std,jump,jump_prob,ve,dim
0,2.707253837061732,0.6903774486859287,227,0.01,0.3,0.5,0.001,1
