,L2,L2_true,N,std,jump,jump_prob,ve,dim
0,1.9327828278732542,1.8292619605164073,5,0.05,0.3,0.5,0.001,1
