,L2,L2_true,N,std,jump,jump_prob,ve,dim
0,3.0391664947882115,0.24529340856486773,610,0.01,0.3,0.5,0.0025,1
