,L2,L2_true,N,std,jump,jump_prob,ve,dim
0,3.456599524499997,0.49681625876898466,848,0.01,0.3,0.5,0.01,2
