,L2,L2_true,N,std,jump,jump_prob,ve,dim
0,3.427966247152638,0.23607125650403782,100,0.01,0.3,0.5,0.01,1
