,L2,L2_true,N,std,jump,jump_prob,ve,dim
0,7.447013258486589,6.934829563650583,610,0.01,0.3,0.5,0.001,2
