,L2,L2_true,N,std,jump,jump_prob,ve,dim
0,0.8098797942548664,0.7823748299064924,227,0.05,0.3,0.5,0.001,1
