,L2,L2_true,N,std,jump,jump_prob,ve,dim
0,3.9115097971198285,2.0163142652147594,4,0.01,0.3,0.5,0.0025,2
