,L2,L2_true,N,std,jump,jump_prob,ve,dim
0,17.37794880016476,17.11381432443414,439,0.01,0.3,0.5,0.001,3
