,L2,L2_true,N,std,jump,jump_prob,ve,dim
0,0.39515270571603217,0.3243244563279855,1000,0.05,0.3,0.5,0.001,1
