,L2,L2_true,N,std,jump,jump_prob,ve,dim
0,3.4419054084731866,0.4586395898887509,1000,0.01,0.3,0.5,0.01,2
