,L2,L2_true,N,std,jump,jump_prob,ve,dim
0,3.167645442290505,0.7701184650972271,51,0.01,0.3,0.5,0.0025,1
