,L2,L2_true,N,std,jump,jump_prob,ve,dim
0,2.642424683747409,0.40636694586121963,517,0.01,0.3,0.5,0.001,1
