,L2,L2_true,N,std,jump,jump_prob,ve,dim
0,4.566870258300545,3.0819842452414665,10,0.01,0.3,0.5,0.0025,3
