,L2,L2_true,N,std,jump,jump_prob,ve,dim
0,2.926088733910964,1.2457300531354314,61,0.01,0.3,0.5,0.001,1
