,L2,L2_true,N,std,jump,jump_prob,ve,dim
0,4.030661459929386,2.221672273394638,5,0.01,0.3,0.5,0.0025,2
