,L2,L2_true,N,std,jump,jump_prob,ve,dim
0,0.9789475425250677,0.9777797848095626,2,0.2,0.3,0.5,0.001,1
