,L2,L2_true,N,std,jump,jump_prob,ve,dim
0,2.7927671929834874,0.9661978770629119,117,0.01,0.3,0.5,0.001,1
