,L2,L2_true,N,std,jump,jump_prob,ve,dim
0,3.8275332788986582,1.827431464765992,3,0.01,0.3,0.5,0.0025,3
