,L2,L2_true,N,std,jump,jump_prob,ve,dim
0,4.072289073275871,2.041157125157296,8,0.01,0.3,0.5,0.01,2
