,L2,L2_true,N,std,jump,jump_prob,ve,dim
0,6.02880547891548,5.414666492209943,1000,0.01,0.3,0.5,0.001,2
