,L2,L2_true,N,std,jump,jump_prob,ve,dim
0,1.4167007979527766,1.255297103665042,2,0.05,0.3,0.5,0.001,1
