,L2,L2_true,N,std,jump,jump_prob,ve,dim
0,3.601914559438031,0.7443938282148284,1,0.01,0.3,0.5,0.01,3
