,L2,L2_true,N,std,jump,jump_prob,ve,dim
0,3.4383610587004094,0.35761115455122916,61,0.01,0.3,0.5,0.01,1
