,L2,L2_true,N,std,jump,jump_prob,ve,dim
0,2.545771393002841,2.4872867248702413,13,0.05,0.3,0.5,0.001,1
