,L2,L2_true,N,std,jump,jump_prob,ve,dim
0,4.194129053596866,2.3666369587413474,31,0.01,0.3,0.5,0.01,2
