,L2,L2_true,N,std,jump,jump_prob,ve,dim
0,3.425670586737057,0.09942832698677609,1000,0.01,0.3,0.5,0.01,1
