,L2,L2_true,N,std,jump,jump_prob,ve,dim
0,3.9441032225038635,2.361895572873033,5,0.01,0.3,0.5,0.001,1
