,L2,L2_true,N,std,jump,jump_prob,ve,dim
0,12.116989073346746,11.681840097513124,372,0.01,0.3,0.5,0.0025,3
