,L2,L2_true,N,std,jump,jump_prob,ve,dim
0,3.6288152710364656,1.3835814701211102,2,0.01,0.3,0.5,0.0025,1
