,L2,L2_true,N,std,jump,jump_prob,ve,dim
0,6.228686536863675,5.6151953567941355,848,0.01,0.3,0.5,0.001,2
