,L2,L2_true,N,std,jump,jump_prob,ve,dim
0,0.3783347057361014,0.3779517575261078,848,0.2,0.3,0.5,0.001,1
