,L2,L2_true,N,std,jump,jump_prob,ve,dim
0,2.68638706399133,0.5881135049872199,268,0.01,0.3,0.5,0.001,1
