,L2,L2_true,N,std,jump,jump_prob,ve,dim
0,3.6757846716847298,1.9863519777816516,31,0.01,0.3,0.5,0.0025,1
