,L2,L2_true,N,std,jump,jump_prob,ve,dim
0,3.6435085721609295,0.920560983361754,2,0.01,0.3,0.5,0.01,2
