,L2,L2_true,N,std,jump,jump_prob,ve,dim
0,4.058379878104145,2.6490509585064146,8,0.01,0.3,0.5,0.001,1
