,L2,L2_true,N,std,jump,jump_prob,ve,dim
0,3.8956311907011876,2.3518178720332292,6,0.01,0.3,0.5,0.001,1
