,L2,L2_true,N,std,jump,jump_prob,ve,dim
0,5.5990838904867655,4.665569267746693,227,0.01,0.3,0.5,0.0025,2
