,L2,L2_true,N,std,jump,jump_prob,ve,dim
0,2.6435006935159833,0.387101726960772,610,0.01,0.3,0.5,0.001,1
