,L2,L2_true,N,std,jump,jump_prob,ve,dim
0,11.949448656615123,11.541840222747423,163,0.01,0.3,0.5,0.001,3
