,L2,L2_true,N,std,jump,jump_prob,ve,dim
0,5.920859023204488,4.999172803070178,117,0.01,0.3,0.5,0.0025,2
