,L2,L2_true,N,std,jump,jump_prob,ve,dim
0,1.218856865242529,1.1985634607867102,100,0.05,0.3,0.5,0.001,1
