,L2,L2_true,N,std,jump,jump_prob,ve,dim
0,3.616313794717439,1.3284432714992236,1,0.01,0.3,0.5,0.0025,1
