,L2,L2_true,N,std,jump,jump_prob,ve,dim
0,3.8355143374612224,1.8589204019959802,2,0.01,0.3,0.5,0.0025,1
