,L2,L2_true,N,std,jump,jump_prob,ve,dim
0,1.8503972175088361,1.8513645411508592,51,0.2,0.3,0.5,0.001,1
