,L2,L2_true,N,std,jump,jump_prob,ve,dim
0,8.635085561154638,8.052385426811652,71,0.01,0.3,0.5,0.001,3
