,L2,L2_true,N,std,jump,jump_prob,ve,dim
0,8.451390910032634,7.950136452772238,316,0.01,0.3,0.5,0.001,2
