,L2,L2_true,N,std,jump,jump_prob,ve,dim
0,3.409149205643396,1.5386190907881738,1637,0.01,0.3,0.5,0.0025,2
