,L2,L2_true,N,std,jump,jump_prob,ve,dim
0,3.9144644968282454,2.429566539131968,31,0.01,0.3,0.5,0.0025,1
