,L2,L2_true,N,std,jump,jump_prob,ve,dim
0,5.566775969160878,4.338228570336511,84,0.01,0.3,0.5,0.01,3
