,L2,L2_true,N,std,jump,jump_prob,ve,dim
0,1.3508292341416082,1.1790639206820233,1,0.05,0.3,0.5,0.001,1
