,L2,L2_true,N,std,jump,jump_prob,ve,dim
0,1.163105643925915,1.1637422514861842,138,0.2,0.3,0.5,0.001,1
