,L2,L2_true,N,std,jump,jump_prob,ve,dim
0,3.6185318479915964,1.3291400370522712,1,0.01,0.3,0.5,0.0025,3
