,L2,L2_true,N,std,jump,jump_prob,ve,dim
0,3.5343478399565837,1.83438645766338,1178,0.01,0.3,0.5,0.0025,2
