,L2,L2_true,N,std,jump,jump_prob,ve,dim
0,12.929305837251889,12.537703865186678,848,0.01,0.3,0.5,0.0025,3
