,L2,L2_true,N,std,jump,jump_prob,ve,dim
0,5.176140314202677,4.1208271959572516,19,0.01,0.3,0.5,0.001,2
