,L2,L2_true,N,std,jump,jump_prob,ve,dim
0,2.198950809611513,2.199299790762332,26,0.2,0.3,0.5,0.001,1
