,L2,L2_true,N,std,jump,jump_prob,ve,dim
0,3.645017933536643,0.9798638885995,2,0.01,0.3,0.5,0.01,1
