,L2,L2_true,N,std,jump,jump_prob,ve,dim
0,6.380317308090383,5.573841455824805,37,0.01,0.3,0.5,0.001,2
