,L2,L2_true,N,std,jump,jump_prob,ve,dim
0,2.6240903921969414,0.3324144797450546,719,0.01,0.3,0.5,0.001,1
