,L2,L2_true,N,std,jump,jump_prob,ve,dim
0,0.2479509976961618,0.24790468916599376,2275,0.2,0.3,0.5,0.001,1
