,L2,L2_true,N,std,jump,jump_prob,ve,dim
0,3.6202811165614244,1.0812354872159446,7,0.01,0.3,0.5,0.01,1
