,L2,L2_true,N,std,jump,jump_prob,ve,dim
0,4.269071184675934,2.4520241813721717,19,0.01,0.3,0.5,0.01,2
