,L2,L2_true,N,std,jump,jump_prob,ve,dim
0,0.9770592686658046,0.9730333555913007,138,0.05,0.3,0.5,0.001,1
