,L2,L2_true,N,std,jump,jump_prob,ve,dim
0,3.029831323811668,1.5204939168909957,61,0.01,0.3,0.5,0.001,1
