,L2,L2_true,N,std,jump,jump_prob,ve,dim
0,10.401900404606922,9.866421702019712,163,0.01,0.3,0.5,0.0025,3
