,L2,L2_true,N,std,jump,jump_prob,ve,dim
0,12.40562166121249,11.9982606649755,848,0.01,0.3,0.5,0.0025,3
