,L2,L2_true,N,std,jump,jump_prob,ve,dim
0,6.312549747155974,5.34556208863483,37,0.01,0.3,0.5,0.0025,3
