,L2,L2_true,N,std,jump,jump_prob,ve,dim
0,3.033188419325724,0.18517319710356428,719,0.01,0.3,0.5,0.0025,1
