,L2,L2_true,N,std,jump,jump_prob,ve,dim
0,2.4397936815435455,2.3922066092171823,43,0.05,0.3,0.5,0.001,1
