,L2,L2_true,N,std,jump,jump_prob,ve,dim
0,1.3301432776452775,1.3304949227925846,100,0.2,0.3,0.5,0.001,1
