,L2,L2_true,N,std,jump,jump_prob,ve,dim
0,10.332353520964514,9.858064516199832,117,0.01,0.3,0.5,0.001,3
