,L2,L2_true,N,std,jump,jump_prob,ve,dim
0,3.431862127377907,0.34367093554538825,61,0.01,0.3,0.5,0.01,1
