,L2,L2_true,N,std,jump,jump_prob,ve,dim
0,3.9074051959368163,1.880220249519019,1178,0.01,0.3,0.5,0.01,3
