,L2,L2_true,N,std,jump,jump_prob,ve,dim
0,2.314012223821244,2.267532752921947,19,0.05,0.3,0.5,0.001,1
