,L2,L2_true,N,std,jump,jump_prob,ve,dim
0,2.7308189186797596,2.7312810549870603,16,0.2,0.3,0.5,0.001,1
