,L2,L2_true,N,std,jump,jump_prob,ve,dim
0,4.632512582391837,3.000938356745411,16,0.01,0.3,0.5,0.01,3
