,L2,L2_true,N,std,jump,jump_prob,ve,dim
0,3.5274350346052765,0.694839655689774,13,0.01,0.3,0.5,0.01,1
