,L2,L2_true,N,std,jump,jump_prob,ve,dim
0,3.8652606026088394,1.590934365366977,4,0.01,0.3,0.5,0.01,3
