,L2,L2_true,N,std,jump,jump_prob,ve,dim
0,5.975886404547098,5.0914462117821,26,0.01,0.3,0.5,0.001,3
