,L2,L2_true,N,std,jump,jump_prob,ve,dim
0,12.352827335676086,11.937948047973222,439,0.01,0.3,0.5,0.0025,3
