,L2,L2_true,N,std,jump,jump_prob,ve,dim
0,5.040845208802517,3.669460321945926,268,0.01,0.3,0.5,0.01,3
