,L2,L2_true,N,std,jump,jump_prob,ve,dim
0,4.037818100999193,2.6872997537540018,13,0.01,0.3,0.5,0.001,1
