,L2,L2_true,N,std,jump,jump_prob,ve,dim
0,3.3613134090314647,1.4140785843915347,1930,0.01,0.3,0.5,0.0025,2
