,L2,L2_true,N,std,jump,jump_prob,ve,dim
0,3.8092539178322062,1.4466511348754296,4,0.01,0.3,0.5,0.01,2
