,L2,L2_true,N,std,jump,jump_prob,ve,dim
0,4.310210538035913,2.9518053332032355,7,0.01,0.3,0.5,0.001,3
