,L2,L2_true,N,std,jump,jump_prob,ve,dim
0,2.7379780530868563,0.7620195534134794,163,0.01,0.3,0.5,0.001,1
