,L2,L2_true,N,std,jump,jump_prob,ve,dim
0,1.8638778245822394,1.8626264851942327,8,0.2,0.3,0.5,0.001,1
