,L2,L2_true,N,std,jump,jump_prob,ve,dim
0,2.6262382981579884,0.275059697176635,1389,0.01,0.3,0.5,0.001,1
