,L2,L2_true,N,std,jump,jump_prob,ve,dim
0,2.0924930655510057,2.092068152171751,31,0.2,0.3,0.5,0.001,1
