,L2,L2_true,N,std,jump,jump_prob,ve,dim
0,9.507765562282907,8.914793122263431,117,0.01,0.3,0.5,0.0025,3
