,L2,L2_true,N,std,jump,jump_prob,ve,dim
0,10.379918434242157,9.843916964211537,163,0.01,0.3,0.5,0.0025,3
