,L2,L2_true,N,std,jump,jump_prob,ve,dim
0,6.183595890988155,5.257645741521429,61,0.01,0.3,0.5,0.0025,2
