,L2,L2_true,N,std,jump,jump_prob,ve,dim
0,1.3483970042187152,1.1773241830863264,1,0.05,0.3,0.5,0.001,1
