,L2,L2_true,N,std,jump,jump_prob,ve,dim
0,4.71950389735244,3.314182711208175,16,0.01,0.3,0.5,0.0025,2
