,L2,L2_true,N,std,jump,jump_prob,ve,dim
0,2.6152414580791654,0.14988279881859273,2682,0.01,0.3,0.5,0.001,1
