,L2,L2_true,N,std,jump,jump_prob,ve,dim
0,5.449970141016834,4.459626526090628,22,0.01,0.3,0.5,0.001,2
