,L2,L2_true,N,std,jump,jump_prob,ve,dim
0,1.5248216075897971,1.5255486930965216,4,0.2,0.3,0.5,0.001,1
