,L2,L2_true,N,std,jump,jump_prob,ve,dim
0,7.507882745421537,6.823736988241884,51,0.01,0.3,0.5,0.001,3
