,L2,L2_true,N,std,jump,jump_prob,ve,dim
0,3.41589759302924,0.1600646990334168,193,0.01,0.3,0.5,0.01,1
