,L2,L2_true,N,std,jump,jump_prob,ve,dim
0,3.0421787673430254,0.22741429801927016,610,0.01,0.3,0.5,0.0025,1
