,L2,L2_true,N,std,jump,jump_prob,ve,dim
0,5.767471120229024,4.726156684072556,37,0.01,0.3,0.5,0.0025,2
