,L2,L2_true,N,std,jump,jump_prob,ve,dim
0,3.047840783582405,0.2125964773564729,439,0.01,0.3,0.5,0.0025,1
