,L2,L2_true,N,std,jump,jump_prob,ve,dim
0,12.65770304261016,12.260962024066691,848,0.01,0.3,0.5,0.0025,3
