,L2,L2_true,N,std,jump,jump_prob,ve,dim
0,4.059426455404722,2.583284590211422,5,0.01,0.3,0.5,0.001,2
