,L2,L2_true,N,std,jump,jump_prob,ve,dim
0,5.983298101687132,5.12269521084093,31,0.01,0.3,0.5,0.001,2
