,L2,L2_true,N,std,jump,jump_prob,ve,dim
0,5.327116238087,4.147747985017914,22,0.01,0.3,0.5,0.0025,2
