,L2,L2_true,N,std,jump,jump_prob,ve,dim
0,2.629390362985224,0.18142750233650884,2275,0.01,0.3,0.5,0.001,1
