,L2,L2_true,N,std,jump,jump_prob,ve,dim
0,3.7475016886686414,1.5642942813791993,1637,0.01,0.3,0.5,0.01,3
