,L2,L2_true,N,std,jump,jump_prob,ve,dim
0,6.172711609385379,5.567978088801609,1000,0.01,0.3,0.5,0.001,2
