,L2,L2_true,N,std,jump,jump_prob,ve,dim
0,6.263984701959746,5.417586667119664,117,0.01,0.3,0.5,0.0025,2
