,L2,L2_true,N,std,jump,jump_prob,ve,dim
0,3.71656075435056,1.4609006520716286,1930,0.01,0.3,0.5,0.01,3
