,L2,L2_true,N,std,jump,jump_prob,ve,dim
0,2.6295354587350492,0.19045583161786442,1930,0.01,0.3,0.5,0.001,1
