,L2,L2_true,N,std,jump,jump_prob,ve,dim
0,6.186780933969428,5.5832393251410135,1000,0.01,0.3,0.5,0.001,2
