,L2,L2_true,N,std,jump,jump_prob,ve,dim
0,3.0466939582613835,0.22119604345869034,517,0.01,0.3,0.5,0.0025,1
