,L2,L2_true,N,std,jump,jump_prob,ve,dim
0,1.3498733197182007,1.1785454775389126,1,0.05,0.3,0.5,0.001,1
