,L2,L2_true,N,std,jump,jump_prob,ve,dim
0,5.5022526125804125,4.5108977603487475,163,0.01,0.3,0.5,0.0025,2
