,L2,L2_true,N,std,jump,jump_prob,ve,dim
0,12.034807957014044,11.62427017764623,163,0.01,0.3,0.5,0.001,3
