,L2,L2_true,N,std,jump,jump_prob,ve,dim
0,3.428884713815501,0.29797075237620513,71,0.01,0.3,0.5,0.01,1
