,L2,L2_true,N,std,jump,jump_prob,ve,dim
0,3.0286854200946176,0.16496421401794029,848,0.01,0.3,0.5,0.0025,1
