,L2,L2_true,N,std,jump,jump_prob,ve,dim
0,4.428848097906318,3.105055777804273,8,0.01,0.3,0.5,0.001,3
