,L2,L2_true,N,std,jump,jump_prob,ve,dim
0,4.0542512287362324,2.004701803867894,6,0.01,0.3,0.5,0.01,3
