,L2,L2_true,N,std,jump,jump_prob,ve,dim
0,4.389971677447786,3.0741030685508255,8,0.01,0.3,0.5,0.001,3
