,L2,L2_true,N,std,jump,jump_prob,ve,dim
0,10.18647344018473,9.6339904132794,163,0.01,0.3,0.5,0.0025,3
