,L2,L2_true,N,std,jump,jump_prob,ve,dim
0,3.0270983721802445,0.2351192157099717,439,0.01,0.3,0.5,0.0025,1
