,L2,L2_true,N,std,jump,jump_prob,ve,dim
0,3.34984172181933,1.4136734791268595,2000,0.01,0.3,0.5,0.0025,2
