,L2,L2_true,N,std,jump,jump_prob,ve,dim
0,5.25113240894429,3.9160152153228465,43,0.01,0.3,0.5,0.01,3
