,L2,L2_true,N,std,jump,jump_prob,ve,dim
0,1.3501390113751879,1.1786297745174104,1,0.05,0.3,0.5,0.001,1
