,L2,L2_true,N,std,jump,jump_prob,ve,dim
0,4.896699499627219,4.125086341748856,1637,0.01,0.3,0.5,0.001,2
