,L2,L2_true,N,std,jump,jump_prob,ve,dim
0,7.805102363402344,7.055346783336712,71,0.01,0.3,0.5,0.0025,3
