,L2,L2_true,N,std,jump,jump_prob,ve,dim
0,3.625229086424437,0.744819554833679,1,0.01,0.3,0.5,0.01,1
