,L2,L2_true,N,std,jump,jump_prob,ve,dim
0,11.894043934425714,11.482139472045512,1389,0.01,0.3,0.5,0.0025,3
