,L2,L2_true,N,std,jump,jump_prob,ve,dim
0,5.805724575250474,4.797108786430253,61,0.01,0.3,0.5,0.0025,2
