,L2,L2_true,N,std,jump,jump_prob,ve,dim
0,0.44926329965087897,0.3661454249003343,1000,0.05,0.3,0.5,0.001,1
