,L2,L2_true,N,std,jump,jump_prob,ve,dim
0,2.1893186949535677,2.1884551712051827,8,0.2,0.3,0.5,0.001,1
