,L2,L2_true,N,std,jump,jump_prob,ve,dim
0,4.166378626401624,2.4581916258631478,6,0.01,0.3,0.5,0.0025,3
