,L2,L2_true,N,std,jump,jump_prob,ve,dim
0,4.131756418304269,2.1760491808173454,10,0.01,0.3,0.5,0.01,2
