,L2,L2_true,N,std,jump,jump_prob,ve,dim
0,3.358965369867138,1.303792595995292,19,0.01,0.3,0.5,0.0025,1
