,L2,L2_true,N,std,jump,jump_prob,ve,dim
0,4.002329333638858,2.482841550862017,5,0.01,0.3,0.5,0.001,2
