,L2,L2_true,N,std,jump,jump_prob,ve,dim
0,3.62075564376094,1.8039393211880184,1,0.01,0.3,0.5,0.001,2
