,L2,L2_true,N,std,jump,jump_prob,ve,dim
0,5.153542071574171,3.8220323653896635,193,0.01,0.3,0.5,0.01,3
