,L2,L2_true,N,std,jump,jump_prob,ve,dim
0,2.635446800187069,0.26227412312491294,1000,0.01,0.3,0.5,0.001,1
