,L2,L2_true,N,std,jump,jump_prob,ve,dim
0,3.414853749617056,1.5239680117966032,22,0.01,0.3,0.5,0.0025,1
