,L2,L2_true,N,std,jump,jump_prob,ve,dim
0,6.646057378776144,5.888155277521035,43,0.01,0.3,0.5,0.001,2
