,L2,L2_true,N,std,jump,jump_prob,ve,dim
0,3.634444522801858,1.4367360699283707,2,0.01,0.3,0.5,0.0025,1
