,L2,L2_true,N,std,jump,jump_prob,ve,dim
0,25.234757955499916,25.07766099536602,1637,0.01,0.3,0.5,0.001,3
