,L2,L2_true,N,std,jump,jump_prob,ve,dim
0,3.7159096841255357,1.5608199679139778,2,0.01,0.3,0.5,0.0025,1
