,L2,L2_true,N,std,jump,jump_prob,ve,dim
0,3.6936977973092184,2.0915848947329465,1000,0.01,0.3,0.5,0.0025,2
