,L2,L2_true,N,std,jump,jump_prob,ve,dim
0,3.693000179683582,1.1844684365552338,6,0.01,0.3,0.5,0.01,1
