,L2,L2_true,N,std,jump,jump_prob,ve,dim
0,4.58021229342345,3.0984379819174075,10,0.01,0.3,0.5,0.0025,3
