,L2,L2_true,N,std,jump,jump_prob,ve,dim
0,5.471358331006612,4.21606298773396,61,0.01,0.3,0.5,0.01,3
