,L2,L2_true,N,std,jump,jump_prob,ve,dim
0,4.483229495856285,2.9615694710540943,10,0.01,0.3,0.5,0.0025,2
