,L2,L2_true,N,std,jump,jump_prob,ve,dim
0,11.754736240282236,11.298808671009988,316,0.01,0.3,0.5,0.0025,3
