,L2,L2_true,N,std,jump,jump_prob,ve,dim
0,8.06746785614667,7.574932581446526,372,0.01,0.3,0.5,0.001,2
