,L2,L2_true,N,std,jump,jump_prob,ve,dim
0,0.6294961460155091,0.6292143333332203,372,0.2,0.3,0.5,0.001,1
