,L2,L2_true,N,std,jump,jump_prob,ve,dim
0,5.023519756855545,3.916238262231326,16,0.01,0.3,0.5,0.001,2
