,L2,L2_true,N,std,jump,jump_prob,ve,dim
0,3.6223554929551214,1.328244682532153,1,0.01,0.3,0.5,0.0025,1
