,L2,L2_true,N,std,jump,jump_prob,ve,dim
0,1.8852863491259786,1.8846322479444044,71,0.2,0.3,0.5,0.001,1
