,L2,L2_true,N,std,jump,jump_prob,ve,dim
0,3.4315570157842408,0.3262303281906879,1930,0.01,0.3,0.5,0.01,2
