,L2,L2_true,N,std,jump,jump_prob,ve,dim
0,2.3997967012246666,2.3991320443388293,13,0.2,0.3,0.5,0.001,1
