,L2,L2_true,N,std,jump,jump_prob,ve,dim
0,3.4205151981678057,0.03394070396405729,3162,0.01,0.3,0.5,0.01,1
