,L2,L2_true,N,std,jump,jump_prob,ve,dim
0,2.7342361362792027,0.7855821194743355,138,0.01,0.3,0.5,0.001,1
