,L2,L2_true,N,std,jump,jump_prob,ve,dim
0,3.465081237393408,0.5814515391433869,610,0.01,0.3,0.5,0.01,2
