,L2,L2_true,N,std,jump,jump_prob,ve,dim
0,1.486723848583338,1.344010353419871,2,0.05,0.3,0.5,0.001,1
