,L2,L2_true,N,std,jump,jump_prob,ve,dim
0,4.1479825683983815,2.8138286085631323,610,0.01,0.3,0.5,0.0025,2
