,L2,L2_true,N,std,jump,jump_prob,ve,dim
0,2.424567929946867,2.3643562567542054,11,0.05,0.3,0.5,0.001,1
