,L2,L2_true,N,std,jump,jump_prob,ve,dim
0,3.9546641178809665,1.9329778041498105,71,0.01,0.3,0.5,0.01,2
