,L2,L2_true,N,std,jump,jump_prob,ve,dim
0,7.105660925031322,6.570512773468264,610,0.01,0.3,0.5,0.001,2
