,L2,L2_true,N,std,jump,jump_prob,ve,dim
0,6.256120314856835,5.41761077098188,31,0.01,0.3,0.5,0.001,3
