,L2,L2_true,N,std,jump,jump_prob,ve,dim
0,2.2396573664888755,2.239919471640268,26,0.2,0.3,0.5,0.001,1
