,L2,L2_true,N,std,jump,jump_prob,ve,dim
0,6.2426717495100705,5.415809713913192,37,0.01,0.3,0.5,0.001,2
