,L2,L2_true,N,std,jump,jump_prob,ve,dim
0,3.675504850365145,2.3834101792739766,31,0.01,0.3,0.5,0.001,1
