,L2,L2_true,N,std,jump,jump_prob,ve,dim
0,1.2348294539336748,1.2046124407675771,100,0.05,0.3,0.5,0.001,1
