,L2,L2_true,N,std,jump,jump_prob,ve,dim
0,3.454741085806805,0.41126467735857647,1178,0.01,0.3,0.5,0.01,2
