,L2,L2_true,N,std,jump,jump_prob,ve,dim
0,3.404234510554205,0.06308854173322448,1637,0.01,0.3,0.5,0.01,1
