,L2,L2_true,N,std,jump,jump_prob,ve,dim
0,1.198832174177593,1.1991445314960874,100,0.2,0.3,0.5,0.001,1
