,L2,L2_true,N,std,jump,jump_prob,ve,dim
0,4.0874414014611355,2.036800520578308,6,0.01,0.3,0.5,0.01,3
