,L2,L2_true,N,std,jump,jump_prob,ve,dim
0,2.62800560794188,0.3003809670254685,1000,0.01,0.3,0.5,0.001,1
