,L2,L2_true,N,std,jump,jump_prob,ve,dim
0,3.505762646123955,0.781887162597936,372,0.01,0.3,0.5,0.01,2
