,L2,L2_true,N,std,jump,jump_prob,ve,dim
0,3.497210799122716,0.7544312418025698,372,0.01,0.3,0.5,0.01,2
