,L2,L2_true,N,std,jump,jump_prob,ve,dim
0,4.245912289837718,3.1956369473086847,22,0.01,0.3,0.5,0.001,1
