,L2,L2_true,N,std,jump,jump_prob,ve,dim
0,3.2037361651672818,3.1944339120819696,19,0.05,0.3,0.5,0.001,1
