,L2,L2_true,N,std,jump,jump_prob,ve,dim
0,2.9891463858547405,2.9935594315012,31,0.05,0.3,0.5,0.001,1
