,L2,L2_true,N,std,jump,jump_prob,ve,dim
0,4.094896751566235,2.6253216899237213,5,0.01,0.3,0.5,0.001,3
