,L2,L2_true,N,std,jump,jump_prob,ve,dim
0,3.622535170283405,0.7443345129785259,1,0.01,0.3,0.5,0.01,1
