,L2,L2_true,N,std,jump,jump_prob,ve,dim
0,2.2639008005711965,2.264199520662169,13,0.2,0.3,0.5,0.001,1
