,L2,L2_true,N,std,jump,jump_prob,ve,dim
0,3.9364110711373006,2.3779987982474404,4,0.01,0.3,0.5,0.001,2
