,L2,L2_true,N,std,jump,jump_prob,ve,dim
0,8.791582047070003,8.292428887079765,138,0.01,0.3,0.5,0.001,2
