,L2,L2_true,N,std,jump,jump_prob,ve,dim
0,0.8810439506056711,0.8813835545800192,193,0.2,0.3,0.5,0.001,1
