,L2,L2_true,N,std,jump,jump_prob,ve,dim
0,3.4407886481212215,0.33852857774979606,61,0.01,0.3,0.5,0.01,1
