,L2,L2_true,N,std,jump,jump_prob,ve,dim
0,5.470122426902645,4.243912387130342,117,0.01,0.3,0.5,0.01,3
