,L2,L2_true,N,std,jump,jump_prob,ve,dim
0,3.6209820606296828,1.3292722115043658,1,0.01,0.3,0.5,0.0025,1
