,L2,L2_true,N,std,jump,jump_prob,ve,dim
0,3.625258210439113,1.1992260044295844,163,0.01,0.3,0.5,0.01,2
