,L2,L2_true,N,std,jump,jump_prob,ve,dim
0,19.107581507476908,18.867003983000526,610,0.01,0.3,0.5,0.001,3
