,L2,L2_true,N,std,jump,jump_prob,ve,dim
0,5.334681088932617,4.145583628983419,19,0.01,0.3,0.5,0.0025,3
