,L2,L2_true,N,std,jump,jump_prob,ve,dim
0,5.312194315731928,4.026733170943081,117,0.01,0.3,0.5,0.01,3
