,L2,L2_true,N,std,jump,jump_prob,ve,dim
0,3.491997656390817,0.6941521767991488,439,0.01,0.3,0.5,0.01,2
