,L2,L2_true,N,std,jump,jump_prob,ve,dim
0,0.9205483299006452,0.904817672161855,163,0.05,0.3,0.5,0.001,1
