,L2,L2_true,N,std,jump,jump_prob,ve,dim
0,0.8256396573027361,0.825862308150951,193,0.2,0.3,0.5,0.001,1
