,L2,L2_true,N,std,jump,jump_prob,ve,dim
0,5.272493203220277,3.937484901625399,37,0.01,0.3,0.5,0.01,3
