,L2,L2_true,N,std,jump,jump_prob,ve,dim
0,1.0694886962511527,1.1086192501737178,138,0.05,0.3,0.5,0.001,1
