,L2,L2_true,N,std,jump,jump_prob,ve,dim
0,3.6201572944000793,0.7446110317642862,1,0.01,0.3,0.5,0.01,1
