,L2,L2_true,N,std,jump,jump_prob,ve,dim
0,7.918503439892499,7.322331637588463,100,0.01,0.3,0.5,0.001,2
