,L2,L2_true,N,std,jump,jump_prob,ve,dim
0,4.176431429960695,2.6342164888176676,13,0.01,0.3,0.5,0.0025,1
