,L2,L2_true,N,std,jump,jump_prob,ve,dim
0,1.540936178025503,1.5408488265959612,84,0.2,0.3,0.5,0.001,1
