,L2,L2_true,N,std,jump,jump_prob,ve,dim
0,4.481557037116606,3.281155665570774,439,0.01,0.3,0.5,0.0025,2
