,L2,L2_true,N,std,jump,jump_prob,ve,dim
0,1.887060785522767,1.8840618650457384,8,0.2,0.3,0.5,0.001,1
