,L2,L2_true,N,std,jump,jump_prob,ve,dim
0,5.765563037198546,4.675172188609297,26,0.01,0.3,0.5,0.0025,3
