,L2,L2_true,N,std,jump,jump_prob,ve,dim
0,5.4976857523916385,4.265503706328202,138,0.01,0.3,0.5,0.01,3
