,L2,L2_true,N,std,jump,jump_prob,ve,dim
0,3.454984030043197,0.4878709182701807,848,0.01,0.3,0.5,0.01,2
