,L2,L2_true,N,std,jump,jump_prob,ve,dim
0,0.30953647227019365,0.30808636948650614,1637,0.2,0.3,0.5,0.001,1
