,L2,L2_true,N,std,jump,jump_prob,ve,dim
0,4.3698880984603266,2.8158805985523085,10,0.01,0.3,0.5,0.0025,2
