,L2,L2_true,N,std,jump,jump_prob,ve,dim
0,8.53316505209782,8.056748800501573,316,0.01,0.3,0.5,0.001,2
