,L2,L2_true,N,std,jump,jump_prob,ve,dim
0,0.3587054464974894,0.2616103207577567,1389,0.05,0.3,0.5,0.001,1
