,L2,L2_true,N,std,jump,jump_prob,ve,dim
0,2.3202946533247033,2.289967688381283,37,0.05,0.3,0.5,0.001,1
