,L2,L2_true,N,std,jump,jump_prob,ve,dim
0,3.0399971128354273,0.28088073313750117,439,0.01,0.3,0.5,0.0025,1
