,L2,L2_true,N,std,jump,jump_prob,ve,dim
0,2.7141449931107355,0.744530265753816,163,0.01,0.3,0.5,0.001,1
