,L2,L2_true,N,std,jump,jump_prob,ve,dim
0,4.166944112013181,2.468212091721984,6,0.01,0.3,0.5,0.0025,3
