,L2,L2_true,N,std,jump,jump_prob,ve,dim
0,0.31004454174071483,0.3091304517858964,1637,0.2,0.3,0.5,0.001,1
