,L2,L2_true,N,std,jump,jump_prob,ve,dim
0,0.9599470442284336,0.9594828489374013,193,0.2,0.3,0.5,0.001,1
