,L2,L2_true,N,std,jump,jump_prob,ve,dim
0,22.674285230209307,22.473509384163044,1000,0.01,0.3,0.5,0.001,3
