,L2,L2_true,N,std,jump,jump_prob,ve,dim
0,2.3718329473046356,2.315452361363229,26,0.05,0.3,0.5,0.001,1
