,L2,L2_true,N,std,jump,jump_prob,ve,dim
0,3.4290359591830573,0.40355768747720455,71,0.01,0.3,0.5,0.01,1
