,L2,L2_true,N,std,jump,jump_prob,ve,dim
0,8.204293543097522,7.582714881142018,61,0.01,0.3,0.5,0.001,3
