,L2,L2_true,N,std,jump,jump_prob,ve,dim
0,4.013339902068344,2.213407888378437,5,0.01,0.3,0.5,0.0025,2
