,L2,L2_true,N,std,jump,jump_prob,ve,dim
0,4.590069421991817,3.349359195513988,10,0.01,0.3,0.5,0.001,3
