,L2,L2_true,N,std,jump,jump_prob,ve,dim
0,3.342556418857532,1.2845988631149956,31,0.01,0.3,0.5,0.0025,1
