,L2,L2_true,N,std,jump,jump_prob,ve,dim
0,3.7643497402024804,1.7215578242268128,5,0.01,0.3,0.5,0.0025,1
