,L2,L2_true,N,std,jump,jump_prob,ve,dim
0,8.548898607220497,8.03625700569756,193,0.01,0.3,0.5,0.001,2
