,L2,L2_true,N,std,jump,jump_prob,ve,dim
0,3.3109150936989247,1.3049629014706134,2275,0.01,0.3,0.5,0.0025,2
