,L2,L2_true,N,std,jump,jump_prob,ve,dim
0,3.332317340417432,1.2531728849308814,37,0.01,0.3,0.5,0.0025,1
