,L2,L2_true,N,std,jump,jump_prob,ve,dim
0,3.408536269472484,0.08049870255105614,610,0.01,0.3,0.5,0.01,1
