,L2,L2_true,N,std,jump,jump_prob,ve,dim
0,22.984106816822724,22.795101738854108,1178,0.01,0.3,0.5,0.001,3
