,L2,L2_true,N,std,jump,jump_prob,ve,dim
0,25.023280713096533,24.858402263970355,2000,0.01,0.3,0.5,0.001,3
