,L2,L2_true,N,std,jump,jump_prob,ve,dim
0,2.0359846500839724,2.0362706603647394,43,0.2,0.3,0.5,0.001,1
