,L2,L2_true,N,std,jump,jump_prob,ve,dim
0,3.0419515670023296,0.1327808435022669,1389,0.01,0.3,0.5,0.0025,1
