,L2,L2_true,N,std,jump,jump_prob,ve,dim
0,3.6728613244670334,2.056454562296674,1000,0.01,0.3,0.5,0.0025,2
