,L2,L2_true,N,std,jump,jump_prob,ve,dim
0,2.638350312597695,0.17746926148750053,3162,0.01,0.3,0.5,0.001,1
