,L2,L2_true,N,std,jump,jump_prob,ve,dim
0,3.490020767566192,0.626646723780123,19,0.01,0.3,0.5,0.01,1
