,L2,L2_true,N,std,jump,jump_prob,ve,dim
0,3.5275162168051284,2.218436134588611,37,0.01,0.3,0.5,0.001,1
