,L2,L2_true,N,std,jump,jump_prob,ve,dim
0,0.5700583357045205,0.535832199698684,372,0.05,0.3,0.5,0.001,1
