,L2,L2_true,N,std,jump,jump_prob,ve,dim
0,3.6138243063751445,0.7447275858434731,1,0.01,0.3,0.5,0.01,3
