,L2,L2_true,N,std,jump,jump_prob,ve,dim
0,3.0485111057232026,0.2534178826202511,268,0.01,0.3,0.5,0.0025,1
