,L2,L2_true,N,std,jump,jump_prob,ve,dim
0,0.8493375623753002,0.8035596250033681,163,0.05,0.3,0.5,0.001,1
