,L2,L2_true,N,std,jump,jump_prob,ve,dim
0,5.70631020575124,4.778920029418562,138,0.01,0.3,0.5,0.0025,2
