,L2,L2_true,N,std,jump,jump_prob,ve,dim
0,0.7777304456553805,0.7319047009904026,268,0.05,0.3,0.5,0.001,1
