,L2,L2_true,N,std,jump,jump_prob,ve,dim
0,2.6020215231717994,2.5706749567481935,16,0.05,0.3,0.5,0.001,1
