,L2,L2_true,N,std,jump,jump_prob,ve,dim
0,3.438107778352355,0.432040594462127,37,0.01,0.3,0.5,0.01,1
