,L2,L2_true,N,std,jump,jump_prob,ve,dim
0,0.6226316011176299,0.5991645662285134,316,0.05,0.3,0.5,0.001,1
