,L2,L2_true,N,std,jump,jump_prob,ve,dim
0,0.3380878852571218,0.2521973315905106,1930,0.05,0.3,0.5,0.001,1
