,L2,L2_true,N,std,jump,jump_prob,ve,dim
0,4.9919943961757705,3.612259071944609,268,0.01,0.3,0.5,0.01,3
