,L2,L2_true,N,std,jump,jump_prob,ve,dim
0,19.731489480994668,19.500938293529924,719,0.01,0.3,0.5,0.001,3
