,L2,L2_true,N,std,jump,jump_prob,ve,dim
0,3.830224089712001,2.2047881829046174,3,0.01,0.3,0.5,0.001,2
