,L2,L2_true,N,std,jump,jump_prob,ve,dim
0,0.24854152841224222,0.24884897407659265,2275,0.2,0.3,0.5,0.001,1
