,L2,L2_true,N,std,jump,jump_prob,ve,dim
0,3.7431521323241896,1.4955234619233415,100,0.01,0.3,0.5,0.01,2
