,L2,L2_true,N,std,jump,jump_prob,ve,dim
0,3.686952890822222,2.2023938060162505,19,0.01,0.3,0.5,0.001,1
