,L2,L2_true,N,std,jump,jump_prob,ve,dim
0,0.5256964892433453,0.473575844207373,517,0.05,0.3,0.5,0.001,1
