,L2,L2_true,N,std,jump,jump_prob,ve,dim
0,1.349422274669936,1.1778929936668294,1,0.05,0.3,0.5,0.001,1
