,L2,L2_true,N,std,jump,jump_prob,ve,dim
0,23.952582535340305,23.776244566197562,1389,0.01,0.3,0.5,0.001,3
