,L2,L2_true,N,std,jump,jump_prob,ve,dim
0,4.610840560143035,3.384936811697124,10,0.01,0.3,0.5,0.001,2
