,L2,L2_true,N,std,jump,jump_prob,ve,dim
0,3.892930420198967,1.86286810475233,1178,0.01,0.3,0.5,0.01,3
