,L2,L2_true,N,std,jump,jump_prob,ve,dim
0,3.99007763737679,1.8454857349735847,6,0.01,0.3,0.5,0.01,2
