,L2,L2_true,N,std,jump,jump_prob,ve,dim
0,3.589029233820003,1.891895127383487,1178,0.01,0.3,0.5,0.0025,2
