,L2,L2_true,N,std,jump,jump_prob,ve,dim
0,2.649437079528788,0.5122955253836802,439,0.01,0.3,0.5,0.001,1
