,L2,L2_true,N,std,jump,jump_prob,ve,dim
0,5.128864941853549,4.062086330653745,16,0.01,0.3,0.5,0.001,2
