,L2,L2_true,N,std,jump,jump_prob,ve,dim
0,3.431553361230174,0.3457185899161309,1637,0.01,0.3,0.5,0.01,2
