,L2,L2_true,N,std,jump,jump_prob,ve,dim
0,2.146801624434531,2.1469509590954896,11,0.2,0.3,0.5,0.001,1
