,L2,L2_true,N,std,jump,jump_prob,ve,dim
0,3.06429659895798,0.4929291174694502,227,0.01,0.3,0.5,0.0025,1
