,L2,L2_true,N,std,jump,jump_prob,ve,dim
0,3.669245597266552,1.0225596579266962,2,0.01,0.3,0.5,0.01,2
