,L2,L2_true,N,std,jump,jump_prob,ve,dim
0,7.673872817838394,7.164666826475089,517,0.01,0.3,0.5,0.001,2
