,L2,L2_true,N,std,jump,jump_prob,ve,dim
0,1.3497780959948562,1.178359945613364,1,0.05,0.3,0.5,0.001,1
