,L2,L2_true,N,std,jump,jump_prob,ve,dim
0,4.5877873093040265,3.357616063207395,10,0.01,0.3,0.5,0.001,2
