,L2,L2_true,N,std,jump,jump_prob,ve,dim
0,3.884182563230496,1.7483608302636906,7,0.01,0.3,0.5,0.01,1
