,L2,L2_true,N,std,jump,jump_prob,ve,dim
0,1.0870166677977997,1.0647140365463097,117,0.05,0.3,0.5,0.001,1
