,L2,L2_true,N,std,jump,jump_prob,ve,dim
0,5.361500725257216,4.169061489566078,19,0.01,0.3,0.5,0.0025,3
