,L2,L2_true,N,std,jump,jump_prob,ve,dim
0,0.3916503276457335,0.39101325156455974,848,0.2,0.3,0.5,0.001,1
