,L2,L2_true,N,std,jump,jump_prob,ve,dim
0,2.0095495456031998,2.007637509922838,8,0.2,0.3,0.5,0.001,1
