,L2,L2_true,N,std,jump,jump_prob,ve,dim
0,1.6898960822276612,1.6881767852855094,37,0.05,0.3,0.5,0.001,1
