,L2,L2_true,N,std,jump,jump_prob,ve,dim
0,3.6161337108019107,0.7447244726441752,1,0.01,0.3,0.5,0.01,2
