,L2,L2_true,N,std,jump,jump_prob,ve,dim
0,3.5902043423965417,0.9208949315654342,8,0.01,0.3,0.5,0.01,1
