,L2,L2_true,N,std,jump,jump_prob,ve,dim
0,4.057636636565231,2.5742169354900977,5,0.01,0.3,0.5,0.001,2
