,L2,L2_true,N,std,jump,jump_prob,ve,dim
0,12.385818840456844,11.96826515601106,848,0.01,0.3,0.5,0.0025,3
