,L2,L2_true,N,std,jump,jump_prob,ve,dim
0,3.947188694434539,2.2909765090188317,13,0.01,0.3,0.5,0.0025,1
