,L2,L2_true,N,std,jump,jump_prob,ve,dim
0,5.649953118490367,4.707673738122637,22,0.01,0.3,0.5,0.001,3
