,L2,L2_true,N,std,jump,jump_prob,ve,dim
0,4.889288392205738,4.116278931394376,1637,0.01,0.3,0.5,0.001,2
