,L2,L2_true,N,std,jump,jump_prob,ve,dim
0,3.975281640369621,1.8357207168036784,6,0.01,0.3,0.5,0.01,1
