,L2,L2_true,N,std,jump,jump_prob,ve,dim
0,3.8934168501481166,1.863850419095688,1178,0.01,0.3,0.5,0.01,3
