,L2,L2_true,N,std,jump,jump_prob,ve,dim
0,3.645529995701255,1.872773159375233,2,0.01,0.3,0.5,0.001,1
