,L2,L2_true,N,std,jump,jump_prob,ve,dim
0,5.967689516609999,5.029818688427149,84,0.01,0.3,0.5,0.0025,2
