,L2,L2_true,N,std,jump,jump_prob,ve,dim
0,3.9281601026662996,1.8939130815078977,71,0.01,0.3,0.5,0.01,2
