,L2,L2_true,N,std,jump,jump_prob,ve,dim
0,8.592747136540545,8.078725337285723,163,0.01,0.3,0.5,0.001,2
