,L2,L2_true,N,std,jump,jump_prob,ve,dim
0,12.10206809662139,11.654978169247233,439,0.01,0.3,0.5,0.0025,3
