,L2,L2_true,N,std,jump,jump_prob,ve,dim
0,1.804354734311302,1.775189824202385,61,0.05,0.3,0.5,0.001,1
