,L2,L2_true,N,std,jump,jump_prob,ve,dim
0,2.6258991801946823,0.2907315805184026,719,0.01,0.3,0.5,0.001,1
