,L2,L2_true,N,std,jump,jump_prob,ve,dim
0,6.08309014918874,5.167637321096911,84,0.01,0.3,0.5,0.0025,2
