,L2,L2_true,N,std,jump,jump_prob,ve,dim
0,3.9810383767727027,2.0344821729882843,1000,0.01,0.3,0.5,0.01,3
