,L2,L2_true,N,std,jump,jump_prob,ve,dim
0,12.028920447233649,11.625056508459338,163,0.01,0.3,0.5,0.001,3
