,L2,L2_true,N,std,jump,jump_prob,ve,dim
0,4.377471958126736,3.0539877669975866,8,0.01,0.3,0.5,0.001,2
