,L2,L2_true,N,std,jump,jump_prob,ve,dim
0,1.50945230663315,1.3679003153555565,2,0.05,0.3,0.5,0.001,1
