,L2,L2_true,N,std,jump,jump_prob,ve,dim
0,4.180932054543403,2.3813669580315016,51,0.01,0.3,0.5,0.01,2
