,L2,L2_true,N,std,jump,jump_prob,ve,dim
0,2.008744455237337,1.9253942339144337,7,0.05,0.3,0.5,0.001,1
