,L2,L2_true,N,std,jump,jump_prob,ve,dim
0,3.04180757468411,0.2078944599534747,610,0.01,0.3,0.5,0.0025,1
