,L2,L2_true,N,std,jump,jump_prob,ve,dim
0,3.3434909659082366,1.4122122247241808,1930,0.01,0.3,0.5,0.0025,2
