,L2,L2_true,N,std,jump,jump_prob,ve,dim
0,3.707243753778711,1.4297497950594074,1930,0.01,0.3,0.5,0.01,3
