,L2,L2_true,N,std,jump,jump_prob,ve,dim
0,0.44480487758027587,0.37729663149036813,848,0.05,0.3,0.5,0.001,1
