,L2,L2_true,N,std,jump,jump_prob,ve,dim
0,11.077979139895824,10.639315637436768,1930,0.01,0.3,0.5,0.0025,3
