,L2,L2_true,N,std,jump,jump_prob,ve,dim
0,3.8317869436812595,1.8729039248638164,6,0.01,0.3,0.5,0.0025,1
