,L2,L2_true,N,std,jump,jump_prob,ve,dim
0,0.7278587592368096,0.7087468621111392,227,0.05,0.3,0.5,0.001,1
