,L2,L2_true,N,std,jump,jump_prob,ve,dim
0,2.6154155120308538,0.168036727742623,2682,0.01,0.3,0.5,0.001,1
