,L2,L2_true,N,std,jump,jump_prob,ve,dim
0,2.64061888626669,2.6385715182936598,22,0.2,0.3,0.5,0.001,1
