,L2,L2_true,N,std,jump,jump_prob,ve,dim
0,3.0538974572661037,0.4395471871440253,193,0.01,0.3,0.5,0.0025,1
