,L2,L2_true,N,std,jump,jump_prob,ve,dim
0,16.489728560044927,16.197898319378456,372,0.01,0.3,0.5,0.001,3
