,L2,L2_true,N,std,jump,jump_prob,ve,dim
0,2.4907502610970638,2.3871779184186095,11,0.05,0.3,0.5,0.001,1
