,L2,L2_true,N,std,jump,jump_prob,ve,dim
0,2.6587246963567157,0.48058038120235097,439,0.01,0.3,0.5,0.001,1
