,L2,L2_true,N,std,jump,jump_prob,ve,dim
0,3.6114807051362185,1.153605426638054,193,0.01,0.3,0.5,0.01,2
