,L2,L2_true,N,std,jump,jump_prob,ve,dim
0,2.2739587637170047,2.270519079223237,6,0.2,0.3,0.5,0.001,1
