,L2,L2_true,N,std,jump,jump_prob,ve,dim
0,1.7602297733640881,1.6386591184501,3,0.05,0.3,0.5,0.001,1
