,L2,L2_true,N,std,jump,jump_prob,ve,dim
0,4.283366236366386,2.496894287317746,31,0.01,0.3,0.5,0.01,2
