,L2,L2_true,N,std,jump,jump_prob,ve,dim
0,4.178471987666792,2.479813173672949,6,0.01,0.3,0.5,0.0025,2
