,L2,L2_true,N,std,jump,jump_prob,ve,dim
0,3.768579379414221,1.8585252859764407,8,0.01,0.3,0.5,0.0025,1
