,L2,L2_true,N,std,jump,jump_prob,ve,dim
0,3.605132606467229,0.6907988099626405,2,0.01,0.3,0.5,0.01,1
