,L2,L2_true,N,std,jump,jump_prob,ve,dim
0,5.503882801267394,4.244172967325058,71,0.01,0.3,0.5,0.01,3
