,L2,L2_true,N,std,jump,jump_prob,ve,dim
0,4.892632701152695,3.4834038752654215,316,0.01,0.3,0.5,0.01,3
