,L2,L2_true,N,std,jump,jump_prob,ve,dim
0,5.755124971980091,4.809804181971184,138,0.01,0.3,0.5,0.0025,2
