,L2,L2_true,N,std,jump,jump_prob,ve,dim
0,6.696008649383413,5.937968528772613,43,0.01,0.3,0.5,0.001,2
