,L2,L2_true,N,std,jump,jump_prob,ve,dim
0,3.425550758184456,0.05795899020528526,1930,0.01,0.3,0.5,0.01,1
