,L2,L2_true,N,std,jump,jump_prob,ve,dim
0,2.5914615558223324,2.570885152367257,22,0.05,0.3,0.5,0.001,1
