,L2,L2_true,N,std,jump,jump_prob,ve,dim
0,0.5060281850234255,0.5072804953605712,517,0.2,0.3,0.5,0.001,1
