,L2,L2_true,N,std,jump,jump_prob,ve,dim
0,3.441080526980617,0.4294806753671563,61,0.01,0.3,0.5,0.01,1
