,L2,L2_true,N,std,jump,jump_prob,ve,dim
0,5.2529104571983,3.9121910304122602,43,0.01,0.3,0.5,0.01,3
