,L2,L2_true,N,std,jump,jump_prob,ve,dim
0,8.316443933410204,7.754015811045842,117,0.01,0.3,0.5,0.001,2
