,L2,L2_true,N,std,jump,jump_prob,ve,dim
0,8.50520832574863,7.962918217836409,117,0.01,0.3,0.5,0.001,2
