,L2,L2_true,N,std,jump,jump_prob,ve,dim
0,3.9600915223375543,2.089135356758481,4,0.01,0.3,0.5,0.0025,3
