,L2,L2_true,N,std,jump,jump_prob,ve,dim
0,8.67524781642939,8.196556439684064,227,0.01,0.3,0.5,0.001,2
