,L2,L2_true,N,std,jump,jump_prob,ve,dim
0,0.5828571257722406,0.542254834422788,372,0.05,0.3,0.5,0.001,1
