,L2,L2_true,N,std,jump,jump_prob,ve,dim
0,3.4355141775974443,0.43120569008213855,1178,0.01,0.3,0.5,0.01,2
