,L2,L2_true,N,std,jump,jump_prob,ve,dim
0,1.298056368564013,1.2632322749459444,84,0.05,0.3,0.5,0.001,1
