,L2,L2_true,N,std,jump,jump_prob,ve,dim
0,0.4573580916699025,0.4104429289701999,610,0.05,0.3,0.5,0.001,1
