,L2,L2_true,N,std,jump,jump_prob,ve,dim
0,3.594075583108568,0.8530125267395179,10,0.01,0.3,0.5,0.01,1
