,L2,L2_true,N,std,jump,jump_prob,ve,dim
0,7.960428267047402,7.220672224785299,71,0.01,0.3,0.5,0.0025,3
