,L2,L2_true,N,std,jump,jump_prob,ve,dim
0,6.092276483990745,5.479126888662688,1000,0.01,0.3,0.5,0.001,2
