,L2,L2_true,N,std,jump,jump_prob,ve,dim
0,0.28988043387096596,0.28950723448855215,1637,0.2,0.3,0.5,0.001,1
