,L2,L2_true,N,std,jump,jump_prob,ve,dim
0,3.9425622402868483,2.061890362948405,4,0.01,0.3,0.5,0.0025,3
