,L2,L2_true,N,std,jump,jump_prob,ve,dim
0,6.063316823496776,5.131646652354856,84,0.01,0.3,0.5,0.0025,2
