,L2,L2_true,N,std,jump,jump_prob,ve,dim
0,8.726897133253212,8.237789085450867,227,0.01,0.3,0.5,0.001,2
