,L2,L2_true,N,std,jump,jump_prob,ve,dim
0,12.690708460232383,12.298597849678242,1000,0.01,0.3,0.5,0.0025,3
