,L2,L2_true,N,std,jump,jump_prob,ve,dim
0,8.222984787648315,7.725205180890961,316,0.01,0.3,0.5,0.001,2
