,L2,L2_true,N,std,jump,jump_prob,ve,dim
0,24.24071548809405,24.079217604503892,3000,0.01,0.3,0.5,0.001,3
