,L2,L2_true,N,std,jump,jump_prob,ve,dim
0,22.459984901870307,22.26798433993944,1178,0.01,0.3,0.5,0.001,3
