,L2,L2_true,N,std,jump,jump_prob,ve,dim
0,4.705551343923003,3.519566009421058,11,0.01,0.3,0.5,0.001,2
