,L2,L2_true,N,std,jump,jump_prob,ve,dim
0,3.5527509515844553,0.8777463389817806,11,0.01,0.3,0.5,0.01,1
