,L2,L2_true,N,std,jump,jump_prob,ve,dim
0,3.9561102568550712,2.4092941872447606,4,0.01,0.3,0.5,0.001,2
