,L2,L2_true,N,std,jump,jump_prob,ve,dim
0,3.035453138497556,0.22074554528992096,610,0.01,0.3,0.5,0.0025,1
