,L2,L2_true,N,std,jump,jump_prob,ve,dim
0,7.443886105608105,6.657613917134024,61,0.01,0.3,0.5,0.0025,3
