,L2,L2_true,N,std,jump,jump_prob,ve,dim
0,2.2237470768779883,2.2238216276134715,19,0.2,0.3,0.5,0.001,1
