,L2,L2_true,N,std,jump,jump_prob,ve,dim
0,1.6198945454959126,1.6202510250032507,4,0.2,0.3,0.5,0.001,1
