,L2,L2_true,N,std,jump,jump_prob,ve,dim
0,3.432948132130566,0.13721147968807315,439,0.01,0.3,0.5,0.01,1
