,L2,L2_true,N,std,jump,jump_prob,ve,dim
0,3.4197191766782304,0.24881767758006565,61,0.01,0.3,0.5,0.01,1
