,L2,L2_true,N,std,jump,jump_prob,ve,dim
0,2.621667112781557,0.17546078875728738,2275,0.01,0.3,0.5,0.001,1
