,L2,L2_true,N,std,jump,jump_prob,ve,dim
0,4.654681565506079,3.1443433140804724,372,0.01,0.3,0.5,0.01,3
