,L2,L2_true,N,std,jump,jump_prob,ve,dim
0,12.197478866689746,11.783584828415322,1178,0.01,0.3,0.5,0.0025,3
