,L2,L2_true,N,std,jump,jump_prob,ve,dim
0,3.933468255721764,2.0442509074537765,4,0.01,0.3,0.5,0.0025,3
