,L2,L2_true,N,std,jump,jump_prob,ve,dim
0,10.239556803174919,9.696836471629679,163,0.01,0.3,0.5,0.0025,3
