,L2,L2_true,N,std,jump,jump_prob,ve,dim
0,5.375608622461633,4.110295995411508,138,0.01,0.3,0.5,0.01,3
