,L2,L2_true,N,std,jump,jump_prob,ve,dim
0,3.058815533642411,0.4438445142834244,268,0.01,0.3,0.5,0.0025,1
