,L2,L2_true,N,std,jump,jump_prob,ve,dim
0,1.5448095112713218,1.5447826824981878,71,0.2,0.3,0.5,0.001,1
