,L2,L2_true,N,std,jump,jump_prob,ve,dim
0,0.4338597208069937,0.43443042946034843,719,0.2,0.3,0.5,0.001,1
