,L2,L2_true,N,std,jump,jump_prob,ve,dim
0,2.410403078224813,2.333146764308912,7,0.05,0.3,0.5,0.001,1
