,L2,L2_true,N,std,jump,jump_prob,ve,dim
0,5.599820338688665,4.3927374186657575,100,0.01,0.3,0.5,0.01,3
