,L2,L2_true,N,std,jump,jump_prob,ve,dim
0,5.951717264315977,5.329242184043226,1000,0.01,0.3,0.5,0.001,2
