,L2,L2_true,N,std,jump,jump_prob,ve,dim
0,2.611502821496307,0.15999629486854894,3162,0.01,0.3,0.5,0.001,1
