,L2,L2_true,N,std,jump,jump_prob,ve,dim
0,3.4138530812916814,0.12133690470442285,372,0.01,0.3,0.5,0.01,1
