,L2,L2_true,N,std,jump,jump_prob,ve,dim
0,1.878148154375846,1.757437214345129,2,0.05,0.3,0.5,0.001,1
