,L2,L2_true,N,std,jump,jump_prob,ve,dim
0,3.0492966753277324,0.1481141556079342,1000,0.01,0.3,0.5,0.0025,1
