,L2,L2_true,N,std,jump,jump_prob,ve,dim
0,1.4170801691645603,1.2559411944167205,2,0.05,0.3,0.5,0.001,1
