,L2,L2_true,N,std,jump,jump_prob,ve,dim
0,24.27295619744961,24.101814398904573,1930,0.01,0.3,0.5,0.001,3
