,L2,L2_true,N,std,jump,jump_prob,ve,dim
0,2.3988829591924437,2.3392855998862836,13,0.05,0.3,0.5,0.001,1
