,L2,L2_true,N,std,jump,jump_prob,ve,dim
0,3.030839078682476,0.10545092114717679,1930,0.01,0.3,0.5,0.0025,1
