,L2,L2_true,N,std,jump,jump_prob,ve,dim
0,3.410361760991286,0.05324339141841322,1389,0.01,0.3,0.5,0.01,1
