,L2,L2_true,N,std,jump,jump_prob,ve,dim
0,5.355171702784396,4.047811944435914,43,0.01,0.3,0.5,0.01,3
