,L2,L2_true,N,std,jump,jump_prob,ve,dim
0,2.762772333172197,2.7640948267783427,16,0.2,0.3,0.5,0.001,1
