,L2,L2_true,N,std,jump,jump_prob,ve,dim
0,3.9472291872353154,2.4039153579322545,4,0.01,0.3,0.5,0.001,3
