,L2,L2_true,N,std,jump,jump_prob,ve,dim
0,0.8030906061069998,0.7599778077408416,227,0.05,0.3,0.5,0.001,1
