,L2,L2_true,N,std,jump,jump_prob,ve,dim
0,1.3518600636178486,1.1798458418105335,1,0.05,0.3,0.5,0.001,1
