,L2,L2_true,N,std,jump,jump_prob,ve,dim
0,2.0581441163592813,2.0580477482270108,6,0.2,0.3,0.5,0.001,1
