,L2,L2_true,N,std,jump,jump_prob,ve,dim
0,4.285913839789552,2.9191717723953055,7,0.01,0.3,0.5,0.001,3
