,L2,L2_true,N,std,jump,jump_prob,ve,dim
0,3.404532648213851,1.376706192172473,22,0.01,0.3,0.5,0.0025,1
