,L2,L2_true,N,std,jump,jump_prob,ve,dim
0,4.195262072787022,2.7966326810013604,6,0.01,0.3,0.5,0.001,2
