,L2,L2_true,N,std,jump,jump_prob,ve,dim
0,5.2148430998819215,3.902399098751314,163,0.01,0.3,0.5,0.01,3
