,L2,L2_true,N,std,jump,jump_prob,ve,dim
0,3.7205536390309235,1.568601409746321,2,0.01,0.3,0.5,0.0025,2
