,L2,L2_true,N,std,jump,jump_prob,ve,dim
0,1.8692002849504192,1.8707265344766515,6,0.2,0.3,0.5,0.001,1
