,L2,L2_true,N,std,jump,jump_prob,ve,dim
0,3.8224667457415658,1.486487333058601,4,0.01,0.3,0.5,0.01,2
