,L2,L2_true,N,std,jump,jump_prob,ve,dim
0,4.6354618490192605,3.198668156008386,11,0.01,0.3,0.5,0.0025,2
