,L2,L2_true,N,std,jump,jump_prob,ve,dim
0,3.7098206555711735,1.5865882577010106,2,0.01,0.3,0.5,0.0025,2
