,L2,L2_true,N,std,jump,jump_prob,ve,dim
0,8.320468439008701,7.8179113661221065,268,0.01,0.3,0.5,0.001,2
