,L2,L2_true,N,std,jump,jump_prob,ve,dim
0,19.40200995748179,19.164170160635106,610,0.01,0.3,0.5,0.001,3
