,L2,L2_true,N,std,jump,jump_prob,ve,dim
0,3.4647119075853694,0.6482760999517326,610,0.01,0.3,0.5,0.01,2
