,L2,L2_true,N,std,jump,jump_prob,ve,dim
0,3.624022673840749,1.1769877277440706,193,0.01,0.3,0.5,0.01,2
