,L2,L2_true,N,std,jump,jump_prob,ve,dim
0,0.4762207954111367,0.4761131390752696,610,0.2,0.3,0.5,0.001,1
