,L2,L2_true,N,std,jump,jump_prob,ve,dim
0,3.509086411093897,0.7231779063336246,26,0.01,0.3,0.5,0.01,1
