,L2,L2_true,N,std,jump,jump_prob,ve,dim
0,5.4737949091671645,4.498859633698804,193,0.01,0.3,0.5,0.0025,2
