,L2,L2_true,N,std,jump,jump_prob,ve,dim
0,2.8305570927863677,2.829875358676868,26,0.2,0.3,0.5,0.001,1
