,L2,L2_true,N,std,jump,jump_prob,ve,dim
0,3.799291683461598,1.3609459811017786,2,0.01,0.3,0.5,0.01,1
