,L2,L2_true,N,std,jump,jump_prob,ve,dim
0,5.7881072860199065,4.857405571068325,138,0.01,0.3,0.5,0.0025,2
