,L2,L2_true,N,std,jump,jump_prob,ve,dim
0,2.7846636623061736,2.783777053421824,11,0.2,0.3,0.5,0.001,1
