,L2,L2_true,N,std,jump,jump_prob,ve,dim
0,0.772527599976496,0.741033630138745,227,0.05,0.3,0.5,0.001,1
