,L2,L2_true,N,std,jump,jump_prob,ve,dim
0,0.37903500188262246,0.2933504706520434,1178,0.05,0.3,0.5,0.001,1
