,L2,L2_true,N,std,jump,jump_prob,ve,dim
0,2.308030775386212,2.309224390755056,16,0.2,0.3,0.5,0.001,1
