,L2,L2_true,N,std,jump,jump_prob,ve,dim
0,2.2177153456346934,2.218108714559973,37,0.2,0.3,0.5,0.001,1
