,L2,L2_true,N,std,jump,jump_prob,ve,dim
0,0.6070880030621914,0.6073273483106186,372,0.2,0.3,0.5,0.001,1
