,L2,L2_true,N,std,jump,jump_prob,ve,dim
0,11.918575235661413,11.462750654985342,316,0.01,0.3,0.5,0.0025,3
