,L2,L2_true,N,std,jump,jump_prob,ve,dim
0,3.043235594489504,0.29017775085648134,439,0.01,0.3,0.5,0.0025,1
