,L2,L2_true,N,std,jump,jump_prob,ve,dim
0,24.07392478781064,23.90242705486723,2275,0.01,0.3,0.5,0.001,3
