,L2,L2_true,N,std,jump,jump_prob,ve,dim
0,0.2749286943763233,0.2755439756458392,1637,0.2,0.3,0.5,0.001,1
