,L2,L2_true,N,std,jump,jump_prob,ve,dim
0,3.7925959912506335,1.379346784626926,3,0.01,0.3,0.5,0.01,2
