,L2,L2_true,N,std,jump,jump_prob,ve,dim
0,4.138186113745187,2.2040540366885626,22,0.01,0.3,0.5,0.01,2
