,L2,L2_true,N,std,jump,jump_prob,ve,dim
0,3.7596015111590724,1.739992619025275,5,0.01,0.3,0.5,0.0025,1
