,L2,L2_true,N,std,jump,jump_prob,ve,dim
0,12.458916130956462,12.029548719057514,439,0.01,0.3,0.5,0.0025,3
