,L2,L2_true,N,std,jump,jump_prob,ve,dim
0,3.6293795989091633,1.1825711289675698,163,0.01,0.3,0.5,0.01,2
