,L2,L2_true,N,std,jump,jump_prob,ve,dim
0,1.8377732686353911,1.8356217338959235,5,0.2,0.3,0.5,0.001,1
