,L2,L2_true,N,std,jump,jump_prob,ve,dim
0,8.600617233341648,8.063365288171118,138,0.01,0.3,0.5,0.001,2
