,L2,L2_true,N,std,jump,jump_prob,ve,dim
0,10.161027889767253,9.613008856830314,163,0.01,0.3,0.5,0.0025,3
