,L2,L2_true,N,std,jump,jump_prob,ve,dim
0,4.092025922107828,2.0950580981043934,8,0.01,0.3,0.5,0.01,2
