,L2,L2_true,N,std,jump,jump_prob,ve,dim
0,3.810308800717669,1.4313471613951962,4,0.01,0.3,0.5,0.01,2
