,L2,L2_true,N,std,jump,jump_prob,ve,dim
0,2.7058696353703424,0.7106698505368095,227,0.01,0.3,0.5,0.001,1
