,L2,L2_true,N,std,jump,jump_prob,ve,dim
0,0.8742310008696152,0.8737633154765935,193,0.2,0.3,0.5,0.001,1
