,L2,L2_true,N,std,jump,jump_prob,ve,dim
0,3.033913048993588,0.1731903429297988,719,0.01,0.3,0.5,0.0025,1
