,L2,L2_true,N,std,jump,jump_prob,ve,dim
0,3.8852454004324875,2.058308437750719,8,0.01,0.3,0.5,0.0025,1
