,L2,L2_true,N,std,jump,jump_prob,ve,dim
0,1.088552017901254,1.0452987046599136,117,0.05,0.3,0.5,0.001,1
