,L2,L2_true,N,std,jump,jump_prob,ve,dim
0,11.91478109622163,11.502204296961914,163,0.01,0.3,0.5,0.001,3
