,L2,L2_true,N,std,jump,jump_prob,ve,dim
0,16.192559697330793,15.903958219361705,372,0.01,0.3,0.5,0.001,3
