,L2,L2_true,N,std,jump,jump_prob,ve,dim
0,4.207597332028897,2.8946306293749875,517,0.01,0.3,0.5,0.0025,2
