,L2,L2_true,N,std,jump,jump_prob,ve,dim
0,4.561284894068162,3.0095281262804097,439,0.01,0.3,0.5,0.01,3
