,L2,L2_true,N,std,jump,jump_prob,ve,dim
0,2.97525256184952,1.408562366364774,100,0.01,0.3,0.5,0.001,1
