,L2,L2_true,N,std,jump,jump_prob,ve,dim
0,3.62156986918941,0.7450293462498975,1,0.01,0.3,0.5,0.01,3
