,L2,L2_true,N,std,jump,jump_prob,ve,dim
0,15.514573955071477,15.211010578162789,316,0.01,0.3,0.5,0.001,3
