,L2,L2_true,N,std,jump,jump_prob,ve,dim
0,5.092352390835916,3.8536225182678305,22,0.01,0.3,0.5,0.0025,2
