,L2,L2_true,N,std,jump,jump_prob,ve,dim
0,12.630120945351296,12.213484861576658,517,0.01,0.3,0.5,0.0025,3
