,L2,L2_true,N,std,jump,jump_prob,ve,dim
0,11.968696914085529,11.558062959913672,1637,0.01,0.3,0.5,0.0025,3
