,L2,L2_true,N,std,jump,jump_prob,ve,dim
0,2.437977086656034,2.4378706331673095,22,0.2,0.3,0.5,0.001,1
