,L2,L2_true,N,std,jump,jump_prob,ve,dim
0,2.0813782288830898,1.9808749293125876,4,0.05,0.3,0.5,0.001,1
