,L2,L2_true,N,std,jump,jump_prob,ve,dim
0,12.051304084463137,11.619692679054127,439,0.01,0.3,0.5,0.0025,3
