,L2,L2_true,N,std,jump,jump_prob,ve,dim
0,5.147258446138207,3.826780987265296,227,0.01,0.3,0.5,0.01,3
