,L2,L2_true,N,std,jump,jump_prob,ve,dim
0,0.25676700356159105,0.25610416238467487,1930,0.2,0.3,0.5,0.001,1
