,L2,L2_true,N,std,jump,jump_prob,ve,dim
0,5.163734601699505,4.111482922906895,16,0.01,0.3,0.5,0.001,3
