,L2,L2_true,N,std,jump,jump_prob,ve,dim
0,11.114788923616556,10.680826334481104,1930,0.01,0.3,0.5,0.0025,3
