,L2,L2_true,N,std,jump,jump_prob,ve,dim
0,18.13031235783575,17.870611952400594,517,0.01,0.3,0.5,0.001,3
