,L2,L2_true,N,std,jump,jump_prob,ve,dim
0,3.4308049683933115,0.25509178739148963,3000,0.01,0.3,0.5,0.01,2
