,L2,L2_true,N,std,jump,jump_prob,ve,dim
0,3.7807289897388263,2.254967288200832,848,0.01,0.3,0.5,0.0025,2
