,L2,L2_true,N,std,jump,jump_prob,ve,dim
0,3.429645267827094,0.19040587866933753,227,0.01,0.3,0.5,0.01,1
