,L2,L2_true,N,std,jump,jump_prob,ve,dim
0,4.108565360652016,2.272232827191366,848,0.01,0.3,0.5,0.01,3
