,L2,L2_true,N,std,jump,jump_prob,ve,dim
0,3.4551143604591923,0.49033450397098166,43,0.01,0.3,0.5,0.01,1
