,L2,L2_true,N,std,jump,jump_prob,ve,dim
0,0.5523435438067886,0.5106754334682058,439,0.05,0.3,0.5,0.001,1
