,L2,L2_true,N,std,jump,jump_prob,ve,dim
0,0.32674089596656897,0.32602123768559,1178,0.2,0.3,0.5,0.001,1
