,L2,L2_true,N,std,jump,jump_prob,ve,dim
0,0.7196889666158925,0.7200929779820544,316,0.2,0.3,0.5,0.001,1
