,L2,L2_true,N,std,jump,jump_prob,ve,dim
0,3.40285537185721,1.4041623841066766,31,0.01,0.3,0.5,0.0025,1
