,L2,L2_true,N,std,jump,jump_prob,ve,dim
0,2.476196136700338,2.429902399929061,16,0.05,0.3,0.5,0.001,1
