,L2,L2_true,N,std,jump,jump_prob,ve,dim
0,0.5189849708413452,0.5186620842306251,517,0.2,0.3,0.5,0.001,1
