,L2,L2_true,N,std,jump,jump_prob,ve,dim
0,3.6755301842408317,1.130144383394681,8,0.01,0.3,0.5,0.01,1
