,L2,L2_true,N,std,jump,jump_prob,ve,dim
0,3.4321471610084875,1.57479331372388,1637,0.01,0.3,0.5,0.0025,2
