,L2,L2_true,N,std,jump,jump_prob,ve,dim
0,1.0146694945550359,1.0141877726517061,163,0.2,0.3,0.5,0.001,1
