,L2,L2_true,N,std,jump,jump_prob,ve,dim
0,3.3509246972765783,1.3897148767322995,37,0.01,0.3,0.5,0.0025,1
