,L2,L2_true,N,std,jump,jump_prob,ve,dim
0,3.483014872860584,0.7130525113437236,439,0.01,0.3,0.5,0.01,2
