,L2,L2_true,N,std,jump,jump_prob,ve,dim
0,3.978204019772016,2.983024689133887,3000,0.01,0.3,0.5,0.001,2
