,L2,L2_true,N,std,jump,jump_prob,ve,dim
0,5.507532960856826,4.539955384229966,193,0.01,0.3,0.5,0.0025,2
