,L2,L2_true,N,std,jump,jump_prob,ve,dim
0,4.1960755682343915,2.511017456440506,6,0.01,0.3,0.5,0.0025,3
