,L2,L2_true,N,std,jump,jump_prob,ve,dim
0,4.024939952650178,2.621895181934675,11,0.01,0.3,0.5,0.001,1
