,L2,L2_true,N,std,jump,jump_prob,ve,dim
0,4.366974363837171,2.7828233210918354,8,0.01,0.3,0.5,0.0025,3
