,L2,L2_true,N,std,jump,jump_prob,ve,dim
0,8.96370119903405,8.484320735079386,163,0.01,0.3,0.5,0.001,2
