,L2,L2_true,N,std,jump,jump_prob,ve,dim
0,12.505538632584118,12.098493882952429,610,0.01,0.3,0.5,0.0025,3
