,L2,L2_true,N,std,jump,jump_prob,ve,dim
0,6.429769329595687,5.851254297961639,848,0.01,0.3,0.5,0.001,2
