,L2,L2_true,N,std,jump,jump_prob,ve,dim
0,3.796433594648515,1.7762667762108333,3,0.01,0.3,0.5,0.0025,2
