,L2,L2_true,N,std,jump,jump_prob,ve,dim
0,3.8749796703032366,1.7823285733195235,71,0.01,0.3,0.5,0.01,2
