,L2,L2_true,N,std,jump,jump_prob,ve,dim
0,4.07080593295932,2.000293725418014,6,0.01,0.3,0.5,0.01,3
