,L2,L2_true,N,std,jump,jump_prob,ve,dim
0,9.878043614739628,9.411875564821045,3000,0.01,0.3,0.5,0.0025,3
