,L2,L2_true,N,std,jump,jump_prob,ve,dim
0,5.321526207008376,4.048891094983536,193,0.01,0.3,0.5,0.01,3
