,L2,L2_true,N,std,jump,jump_prob,ve,dim
0,4.549177421197766,2.907609916957469,26,0.01,0.3,0.5,0.01,2
