,L2,L2_true,N,std,jump,jump_prob,ve,dim
0,3.4294885521682943,0.11676634685430574,316,0.01,0.3,0.5,0.01,1
