,L2,L2_true,N,std,jump,jump_prob,ve,dim
0,3.432843598687462,0.3535301707571883,117,0.01,0.3,0.5,0.01,1
