,L2,L2_true,N,std,jump,jump_prob,ve,dim
0,3.0396702484704057,0.15644345039586083,1637,0.01,0.3,0.5,0.0025,1
