,L2,L2_true,N,std,jump,jump_prob,ve,dim
0,3.1273679553452465,0.708122975004493,61,0.01,0.3,0.5,0.0025,1
