,L2,L2_true,N,std,jump,jump_prob,ve,dim
0,5.512370469926108,4.29071411944743,117,0.01,0.3,0.5,0.01,3
