,L2,L2_true,N,std,jump,jump_prob,ve,dim
0,4.0250191357309,1.955928722408383,7,0.01,0.3,0.5,0.01,2
