,L2,L2_true,N,std,jump,jump_prob,ve,dim
0,2.6648296527765116,0.4878725321802673,316,0.01,0.3,0.5,0.001,1
