,L2,L2_true,N,std,jump,jump_prob,ve,dim
0,1.6978832079327557,1.6971413518817446,5,0.2,0.3,0.5,0.001,1
