,L2,L2_true,N,std,jump,jump_prob,ve,dim
0,4.633522907266817,3.814700636510945,1930,0.01,0.3,0.5,0.001,2
