,L2,L2_true,N,std,jump,jump_prob,ve,dim
0,1.8072992264541592,1.8067762794703783,51,0.2,0.3,0.5,0.001,1
