,L2,L2_true,N,std,jump,jump_prob,ve,dim
0,5.579034099001109,4.611680456395161,163,0.01,0.3,0.5,0.0025,2
