,L2,L2_true,N,std,jump,jump_prob,ve,dim
0,5.254629766504709,3.96488753164446,193,0.01,0.3,0.5,0.01,3
