,L2,L2_true,N,std,jump,jump_prob,ve,dim
0,3.4188455007038967,0.31309392299536365,2275,0.01,0.3,0.5,0.01,2
