,L2,L2_true,N,std,jump,jump_prob,ve,dim
0,4.099935994651149,2.362307210086106,6,0.01,0.3,0.5,0.0025,2
