,L2,L2_true,N,std,jump,jump_prob,ve,dim
0,3.236954906240504,1.1439808436536447,3000,0.01,0.3,0.5,0.0025,2
