,L2,L2_true,N,std,jump,jump_prob,ve,dim
0,12.69806660169458,12.288041363338278,610,0.01,0.3,0.5,0.0025,3
