,L2,L2_true,N,std,jump,jump_prob,ve,dim
0,3.6821466510781042,1.5141287393437957,3,0.01,0.3,0.5,0.0025,1
