,L2,L2_true,N,std,jump,jump_prob,ve,dim
0,7.163287447514142,6.635627010623331,610,0.01,0.3,0.5,0.001,2
