,L2,L2_true,N,std,jump,jump_prob,ve,dim
0,9.925246526896965,9.359837461888489,138,0.01,0.3,0.5,0.0025,3
