,L2,L2_true,N,std,jump,jump_prob,ve,dim
0,4.187613164550989,2.3204802031723823,31,0.01,0.3,0.5,0.01,2
