,L2,L2_true,N,std,jump,jump_prob,ve,dim
0,3.0288110226340805,0.08974087720697604,2682,0.01,0.3,0.5,0.0025,1
