,L2,L2_true,N,std,jump,jump_prob,ve,dim
0,5.525967231919977,4.2909849225725445,84,0.01,0.3,0.5,0.01,3
