,L2,L2_true,N,std,jump,jump_prob,ve,dim
0,1.699866076860411,1.7004366631346308,51,0.2,0.3,0.5,0.001,1
