,L2,L2_true,N,std,jump,jump_prob,ve,dim
0,7.253646359947603,6.568814994070847,61,0.01,0.3,0.5,0.001,2
