,L2,L2_true,N,std,jump,jump_prob,ve,dim
0,0.2847208367348318,0.2848123223489731,1930,0.2,0.3,0.5,0.001,1
