,L2,L2_true,N,std,jump,jump_prob,ve,dim
0,0.26980222409544324,0.2700476037496574,1930,0.2,0.3,0.5,0.001,1
