,L2,L2_true,N,std,jump,jump_prob,ve,dim
0,8.198199941540434,7.703302130399298,316,0.01,0.3,0.5,0.001,2
