,L2,L2_true,N,std,jump,jump_prob,ve,dim
0,10.966123024063448,10.525919374258605,1930,0.01,0.3,0.5,0.0025,3
