,L2,L2_true,N,std,jump,jump_prob,ve,dim
0,3.7448036774747164,1.5190959699676494,117,0.01,0.3,0.5,0.01,2
