,L2,L2_true,N,std,jump,jump_prob,ve,dim
0,3.5632386565092067,0.8834205342816359,16,0.01,0.3,0.5,0.01,1
