,L2,L2_true,N,std,jump,jump_prob,ve,dim
0,0.8551133758405605,0.8551598746025562,227,0.2,0.3,0.5,0.001,1
