,L2,L2_true,N,std,jump,jump_prob,ve,dim
0,3.600952334777061,1.1106960098336138,193,0.01,0.3,0.5,0.01,2
