,L2,L2_true,N,std,jump,jump_prob,ve,dim
0,3.6462293656728266,2.4111415725323226,31,0.01,0.3,0.5,0.001,1
