,L2,L2_true,N,std,jump,jump_prob,ve,dim
0,5.182592386943751,3.9473606816836977,22,0.01,0.3,0.5,0.0025,2
