,L2,L2_true,N,std,jump,jump_prob,ve,dim
0,3.09502944854818,0.627801813259784,61,0.01,0.3,0.5,0.0025,1
