,L2,L2_true,N,std,jump,jump_prob,ve,dim
0,0.32729380745163067,0.24743064206120874,1930,0.05,0.3,0.5,0.001,1
