,L2,L2_true,N,std,jump,jump_prob,ve,dim
0,3.4101654092418987,0.06757024475882713,1389,0.01,0.3,0.5,0.01,1
