,L2,L2_true,N,std,jump,jump_prob,ve,dim
0,4.148623659865785,2.1852876303963176,8,0.01,0.3,0.5,0.01,2
