,L2,L2_true,N,std,jump,jump_prob,ve,dim
0,3.4435679032489417,1.6257437509271435,1637,0.01,0.3,0.5,0.0025,2
