,L2,L2_true,N,std,jump,jump_prob,ve,dim
0,11.90048535713714,11.488795533301253,163,0.01,0.3,0.5,0.001,3
