,L2,L2_true,N,std,jump,jump_prob,ve,dim
0,3.801826113049301,1.791627660394915,3,0.01,0.3,0.5,0.0025,1
