,L2,L2_true,N,std,jump,jump_prob,ve,dim
0,4.5637108920519465,3.7351498716962928,2000,0.01,0.3,0.5,0.001,2
