,L2,L2_true,N,std,jump,jump_prob,ve,dim
0,5.500436098983245,4.259123313920694,100,0.01,0.3,0.5,0.01,3
