,L2,L2_true,N,std,jump,jump_prob,ve,dim
0,5.452322615278321,4.457033231392185,19,0.01,0.3,0.5,0.001,3
