,L2,L2_true,N,std,jump,jump_prob,ve,dim
0,0.36600611648583437,0.3665337312696125,848,0.2,0.3,0.5,0.001,1
