,L2,L2_true,N,std,jump,jump_prob,ve,dim
0,9.729490200415956,9.237344944815842,3000,0.01,0.3,0.5,0.0025,3
