,L2,L2_true,N,std,jump,jump_prob,ve,dim
0,3.942024393091365,2.0519358319230525,4,0.01,0.3,0.5,0.0025,2
