,L2,L2_true,N,std,jump,jump_prob,ve,dim
0,3.819423242147372,1.6883590158623458,100,0.01,0.3,0.5,0.01,2
