,L2,L2_true,N,std,jump,jump_prob,ve,dim
0,6.4158107303613825,5.624560991588539,43,0.01,0.3,0.5,0.001,2
