,L2,L2_true,N,std,jump,jump_prob,ve,dim
0,6.082222019930414,5.463397557375093,1000,0.01,0.3,0.5,0.001,2
