,L2,L2_true,N,std,jump,jump_prob,ve,dim
0,2.6425709472458188,0.4075113429567991,517,0.01,0.3,0.5,0.001,1
