,L2,L2_true,N,std,jump,jump_prob,ve,dim
0,8.683065543960408,8.207133202157818,268,0.01,0.3,0.5,0.001,2
