,L2,L2_true,N,std,jump,jump_prob,ve,dim
0,4.937339889413241,4.184223284436507,1637,0.01,0.3,0.5,0.001,2
