,L2,L2_true,N,std,jump,jump_prob,ve,dim
0,15.339911553679451,15.02438077203804,316,0.01,0.3,0.5,0.001,3
