,L2,L2_true,N,std,jump,jump_prob,ve,dim
0,2.6817058790745216,0.6813646435088392,227,0.01,0.3,0.5,0.001,1
