,L2,L2_true,N,std,jump,jump_prob,ve,dim
0,4.266885761446057,2.9056608674340665,7,0.01,0.3,0.5,0.001,2
