,L2,L2_true,N,std,jump,jump_prob,ve,dim
0,5.306024681591766,4.604003945142576,1389,0.01,0.3,0.5,0.001,2
