,L2,L2_true,N,std,jump,jump_prob,ve,dim
0,5.176345948667117,4.1336317372196065,16,0.01,0.3,0.5,0.001,3
