,L2,L2_true,N,std,jump,jump_prob,ve,dim
0,3.682681974532777,2.053943365986011,1000,0.01,0.3,0.5,0.0025,2
