,L2,L2_true,N,std,jump,jump_prob,ve,dim
0,4.231115647694626,2.3306849323067236,11,0.01,0.3,0.5,0.01,2
