,L2,L2_true,N,std,jump,jump_prob,ve,dim
0,3.418265279184575,0.04573816133435618,3162,0.01,0.3,0.5,0.01,1
