,L2,L2_true,N,std,jump,jump_prob,ve,dim
0,12.551895795133774,12.146910155022427,1000,0.01,0.3,0.5,0.0025,3
