,L2,L2_true,N,std,jump,jump_prob,ve,dim
0,2.732080338206139,2.7321893128444796,10,0.2,0.3,0.5,0.001,1
