,L2,L2_true,N,std,jump,jump_prob,ve,dim
0,11.741860194484357,11.29075397126653,316,0.01,0.3,0.5,0.0025,3
