,L2,L2_true,N,std,jump,jump_prob,ve,dim
0,10.050378447174317,9.491039070477894,163,0.01,0.3,0.5,0.0025,3
