,L2,L2_true,N,std,jump,jump_prob,ve,dim
0,2.597357760305649,2.5979908907708764,13,0.2,0.3,0.5,0.001,1
