,L2,L2_true,N,std,jump,jump_prob,ve,dim
0,4.023132748025345,2.2792782256180786,7,0.01,0.3,0.5,0.0025,1
