,L2,L2_true,N,std,jump,jump_prob,ve,dim
0,0.8341558779777866,0.8334940333987253,193,0.2,0.3,0.5,0.001,1
