,L2,L2_true,N,std,jump,jump_prob,ve,dim
0,13.613730960724503,13.26177691810702,227,0.01,0.3,0.5,0.001,3
