,L2,L2_true,N,std,jump,jump_prob,ve,dim
0,4.492287345160848,2.9776547432970815,10,0.01,0.3,0.5,0.0025,2
