,L2,L2_true,N,std,jump,jump_prob,ve,dim
0,2.124020553921109,2.0926852179139024,26,0.05,0.3,0.5,0.001,1
