,L2,L2_true,N,std,jump,jump_prob,ve,dim
0,0.9114385546917031,0.911386400905152,2,0.2,0.3,0.5,0.001,1
