,L2,L2_true,N,std,jump,jump_prob,ve,dim
0,20.754588985284,20.54142344731698,848,0.01,0.3,0.5,0.001,3
