,L2,L2_true,N,std,jump,jump_prob,ve,dim
0,3.4435282162950336,0.4567393578092512,1000,0.01,0.3,0.5,0.01,2
