,L2,L2_true,N,std,jump,jump_prob,ve,dim
0,6.723177743149277,6.16409061437237,719,0.01,0.3,0.5,0.001,2
