,L2,L2_true,N,std,jump,jump_prob,ve,dim
0,4.148469447146343,2.245258420600858,37,0.01,0.3,0.5,0.01,2
