,L2,L2_true,N,std,jump,jump_prob,ve,dim
0,1.8917277483567376,1.7729272923349209,2,0.05,0.3,0.5,0.001,1
