,L2,L2_true,N,std,jump,jump_prob,ve,dim
0,5.422196655166219,4.141239725987784,117,0.01,0.3,0.5,0.01,3
