,L2,L2_true,N,std,jump,jump_prob,ve,dim
0,2.5751814330685496,2.504118607982319,10,0.05,0.3,0.5,0.001,1
