,L2,L2_true,N,std,jump,jump_prob,ve,dim
0,3.6261906540270767,0.7446260721371443,1,0.01,0.3,0.5,0.01,1
