,L2,L2_true,N,std,jump,jump_prob,ve,dim
0,3.430160811507453,0.15520799661283752,316,0.01,0.3,0.5,0.01,1
