,L2,L2_true,N,std,jump,jump_prob,ve,dim
0,3.4232783451538817,0.16612962350848345,163,0.01,0.3,0.5,0.01,1
