,L2,L2_true,N,std,jump,jump_prob,ve,dim
0,3.97924914129558,2.1276815558869737,4,0.01,0.3,0.5,0.0025,2
