,L2,L2_true,N,std,jump,jump_prob,ve,dim
0,4.5480073052852745,3.705822321408266,2000,0.01,0.3,0.5,0.001,2
