,L2,L2_true,N,std,jump,jump_prob,ve,dim
0,3.4598578289680235,0.5409529842858873,719,0.01,0.3,0.5,0.01,2
