,L2,L2_true,N,std,jump,jump_prob,ve,dim
0,1.8277182717719853,1.7152621302403124,4,0.05,0.3,0.5,0.001,1
