,L2,L2_true,N,std,jump,jump_prob,ve,dim
0,2.679398368973011,2.656823903256817,16,0.05,0.3,0.5,0.001,1
