,L2,L2_true,N,std,jump,jump_prob,ve,dim
0,2.106291801637811,2.106435931191577,37,0.2,0.3,0.5,0.001,1
