,L2,L2_true,N,std,jump,jump_prob,ve,dim
0,3.5236723140446196,0.8812337502510935,316,0.01,0.3,0.5,0.01,2
