,L2,L2_true,N,std,jump,jump_prob,ve,dim
0,3.0382400452700176,0.26116476808344524,268,0.01,0.3,0.5,0.0025,1
