,L2,L2_true,N,std,jump,jump_prob,ve,dim
0,3.143896024407641,0.8574846963575096,71,0.01,0.3,0.5,0.0025,1
