,L2,L2_true,N,std,jump,jump_prob,ve,dim
0,3.9587700288844236,2.4135159738284515,4,0.01,0.3,0.5,0.001,3
