,L2,L2_true,N,std,jump,jump_prob,ve,dim
0,3.6477138799036797,0.9282616846291275,2,0.01,0.3,0.5,0.01,1
