,L2,L2_true,N,std,jump,jump_prob,ve,dim
0,3.7843728686264626,1.603308103384336,117,0.01,0.3,0.5,0.01,2
