,L2,L2_true,N,std,jump,jump_prob,ve,dim
0,4.292552432240952,2.6743015654121343,8,0.01,0.3,0.5,0.0025,2
