,L2,L2_true,N,std,jump,jump_prob,ve,dim
0,6.837269571411873,6.270951297141997,719,0.01,0.3,0.5,0.001,2
