,L2,L2_true,N,std,jump,jump_prob,ve,dim
0,0.18470840791459425,0.18469631195121622,3162,0.2,0.3,0.5,0.001,1
