,L2,L2_true,N,std,jump,jump_prob,ve,dim
0,5.776161917400797,4.732296906479764,31,0.01,0.3,0.5,0.0025,2
