,L2,L2_true,N,std,jump,jump_prob,ve,dim
0,2.8601781124364756,1.2772176911314663,100,0.01,0.3,0.5,0.001,1
