,L2,L2_true,N,std,jump,jump_prob,ve,dim
0,4.077559862760192,2.173173973012432,51,0.01,0.3,0.5,0.01,2
