,L2,L2_true,N,std,jump,jump_prob,ve,dim
0,2.1817651214025315,2.104870541676735,8,0.05,0.3,0.5,0.001,1
