,L2,L2_true,N,std,jump,jump_prob,ve,dim
0,4.766066891517129,3.2122755273255006,19,0.01,0.3,0.5,0.01,3
