,L2,L2_true,N,std,jump,jump_prob,ve,dim
0,4.896653284592189,3.762272225867263,13,0.01,0.3,0.5,0.001,2
