,L2,L2_true,N,std,jump,jump_prob,ve,dim
0,13.224904880863098,12.84658427501675,848,0.01,0.3,0.5,0.0025,3
