,L2,L2_true,N,std,jump,jump_prob,ve,dim
0,3.710690063705803,1.4217861119976876,2000,0.01,0.3,0.5,0.01,3
