,L2,L2_true,N,std,jump,jump_prob,ve,dim
0,3.0392926312618336,0.3408114217200149,316,0.01,0.3,0.5,0.0025,1
