,L2,L2_true,N,std,jump,jump_prob,ve,dim
0,3.4598239971601075,0.5719865527350892,31,0.01,0.3,0.5,0.01,1
