,L2,L2_true,N,std,jump,jump_prob,ve,dim
0,3.7239160183443913,2.024308247951223,3,0.01,0.3,0.5,0.001,1
