,L2,L2_true,N,std,jump,jump_prob,ve,dim
0,4.37648406707177,3.042650149376529,8,0.01,0.3,0.5,0.001,2
