,L2,L2_true,N,std,jump,jump_prob,ve,dim
0,22.66695557901114,22.473200483723307,1389,0.01,0.3,0.5,0.001,3
