,L2,L2_true,N,std,jump,jump_prob,ve,dim
0,4.024625060320849,2.6432077270404437,8,0.01,0.3,0.5,0.001,1
