,L2,L2_true,N,std,jump,jump_prob,ve,dim
0,3.4179577882617114,0.05369145473386244,2682,0.01,0.3,0.5,0.01,1
