,L2,L2_true,N,std,jump,jump_prob,ve,dim
0,1.6013063145751112,1.60152923213197,100,0.2,0.3,0.5,0.001,1
