,L2,L2_true,N,std,jump,jump_prob,ve,dim
0,5.26463988822519,3.973242917559173,163,0.01,0.3,0.5,0.01,3
