,L2,L2_true,N,std,jump,jump_prob,ve,dim
0,3.349120322598104,1.4399564123922157,1930,0.01,0.3,0.5,0.0025,2
