,L2,L2_true,N,std,jump,jump_prob,ve,dim
0,0.2277515026183864,0.2271303646780221,2682,0.2,0.3,0.5,0.001,1
