,L2,L2_true,N,std,jump,jump_prob,ve,dim
0,2.095025791440426,2.002626016427608,5,0.05,0.3,0.5,0.001,1
