,L2,L2_true,N,std,jump,jump_prob,ve,dim
0,2.133908005477041,2.13121663003933,7,0.2,0.3,0.5,0.001,1
