,L2,L2_true,N,std,jump,jump_prob,ve,dim
0,2.1524815556420593,2.1530205591898155,13,0.2,0.3,0.5,0.001,1
