,L2,L2_true,N,std,jump,jump_prob,ve,dim
0,3.8486693471748006,1.5199685901989857,4,0.01,0.3,0.5,0.01,2
