,L2,L2_true,N,std,jump,jump_prob,ve,dim
0,3.0300539669849518,0.13560198470933388,1178,0.01,0.3,0.5,0.0025,1
