,L2,L2_true,N,std,jump,jump_prob,ve,dim
0,3.8122176383974344,1.8275240742821255,3,0.01,0.3,0.5,0.0025,3
