,L2,L2_true,N,std,jump,jump_prob,ve,dim
0,3.4125134776648323,0.08239245728044611,610,0.01,0.3,0.5,0.01,1
