,L2,L2_true,N,std,jump,jump_prob,ve,dim
0,3.9740298194898607,2.017576106136149,1000,0.01,0.3,0.5,0.01,3
