,L2,L2_true,N,std,jump,jump_prob,ve,dim
0,3.7694903168204164,2.2204937382951577,848,0.01,0.3,0.5,0.0025,2
