,L2,L2_true,N,std,jump,jump_prob,ve,dim
0,3.9894908130943367,1.843768534950232,5,0.01,0.3,0.5,0.01,3
