,L2,L2_true,N,std,jump,jump_prob,ve,dim
0,3.414584812552621,0.19444704477267194,193,0.01,0.3,0.5,0.01,1
