,L2,L2_true,N,std,jump,jump_prob,ve,dim
0,4.253722965362652,2.8856731753565543,7,0.01,0.3,0.5,0.001,2
