,L2,L2_true,N,std,jump,jump_prob,ve,dim
0,0.5198802403293129,0.5192544912236762,517,0.2,0.3,0.5,0.001,1
