,L2,L2_true,N,std,jump,jump_prob,ve,dim
0,4.701057402289125,3.4911303625402703,11,0.01,0.3,0.5,0.001,3
