,L2,L2_true,N,std,jump,jump_prob,ve,dim
0,3.8907452978013053,2.008403378339541,7,0.01,0.3,0.5,0.0025,1
