,L2,L2_true,N,std,jump,jump_prob,ve,dim
0,3.413792953591553,0.26148910432450734,3000,0.01,0.3,0.5,0.01,2
