,L2,L2_true,N,std,jump,jump_prob,ve,dim
0,2.071122167333286,2.0547522806646024,19,0.05,0.3,0.5,0.001,1
