,L2,L2_true,N,std,jump,jump_prob,ve,dim
0,3.7924987476549354,1.8348141788684988,5,0.01,0.3,0.5,0.0025,1
