,L2,L2_true,N,std,jump,jump_prob,ve,dim
0,3.4113379353720417,0.14781999344036378,163,0.01,0.3,0.5,0.01,1
