,L2,L2_true,N,std,jump,jump_prob,ve,dim
0,2.604466756887257,2.566533245980161,11,0.05,0.3,0.5,0.001,1
