,L2,L2_true,N,std,jump,jump_prob,ve,dim
0,3.437056724902998,0.4110921540261006,1178,0.01,0.3,0.5,0.01,2
