,L2,L2_true,N,std,jump,jump_prob,ve,dim
0,0.5982602731310902,0.5981491428216142,372,0.2,0.3,0.5,0.001,1
