,L2,L2_true,N,std,jump,jump_prob,ve,dim
0,20.21463929724382,19.992315614218843,719,0.01,0.3,0.5,0.001,3
