,L2,L2_true,N,std,jump,jump_prob,ve,dim
0,6.18962724040777,5.363575385394849,37,0.01,0.3,0.5,0.001,2
