,L2,L2_true,N,std,jump,jump_prob,ve,dim
0,3.4538266973777416,0.5231090963736479,719,0.01,0.3,0.5,0.01,2
