,L2,L2_true,N,std,jump,jump_prob,ve,dim
0,2.6555132662890086,0.5157010901134703,268,0.01,0.3,0.5,0.001,1
