,L2,L2_true,N,std,jump,jump_prob,ve,dim
0,4.390063616379509,3.0843895464640023,8,0.01,0.3,0.5,0.001,3
