,L2,L2_true,N,std,jump,jump_prob,ve,dim
0,3.4284563862225146,0.3048060305445383,2275,0.01,0.3,0.5,0.01,2
