,L2,L2_true,N,std,jump,jump_prob,ve,dim
0,3.336069668209754,2.051126275433545,61,0.01,0.3,0.5,0.001,1
