,L2,L2_true,N,std,jump,jump_prob,ve,dim
0,1.954290737103961,1.8819457690271753,10,0.05,0.3,0.5,0.001,1
