,L2,L2_true,N,std,jump,jump_prob,ve,dim
0,2.327058285785578,2.3250074389359145,11,0.2,0.3,0.5,0.001,1
