,L2,L2_true,N,std,jump,jump_prob,ve,dim
0,3.7865044566743884,1.8733304123471228,13,0.01,0.3,0.5,0.0025,1
