,L2,L2_true,N,std,jump,jump_prob,ve,dim
0,17.31618540576654,17.052804902090973,439,0.01,0.3,0.5,0.001,3
