,L2,L2_true,N,std,jump,jump_prob,ve,dim
0,3.033599937680898,0.20220456815963753,848,0.01,0.3,0.5,0.0025,1
