,L2,L2_true,N,std,jump,jump_prob,ve,dim
0,4.96396249867048,4.208649584425348,1637,0.01,0.3,0.5,0.001,2
