,L2,L2_true,N,std,jump,jump_prob,ve,dim
0,3.4447457988953305,0.49403843547138904,848,0.01,0.3,0.5,0.01,2
