,L2,L2_true,N,std,jump,jump_prob,ve,dim
0,3.4311842803358887,0.31881480290146264,1930,0.01,0.3,0.5,0.01,2
