,L2,L2_true,N,std,jump,jump_prob,ve,dim
0,5.269895958171813,4.285112759232116,268,0.01,0.3,0.5,0.0025,2
