,L2,L2_true,N,std,jump,jump_prob,ve,dim
0,3.0385435331163944,0.11816197047467895,2275,0.01,0.3,0.5,0.0025,1
