,L2,L2_true,N,std,jump,jump_prob,ve,dim
0,2.630110415460796,0.35433481824451885,719,0.01,0.3,0.5,0.001,1
