,L2,L2_true,N,std,jump,jump_prob,ve,dim
0,3.4201947526141696,0.11525456032231296,610,0.01,0.3,0.5,0.01,1
