,L2,L2_true,N,std,jump,jump_prob,ve,dim
0,4.027877855051235,1.967108905566908,10,0.01,0.3,0.5,0.01,2
