,L2,L2_true,N,std,jump,jump_prob,ve,dim
0,4.787263675808396,3.330465925141096,316,0.01,0.3,0.5,0.01,3
