,L2,L2_true,N,std,jump,jump_prob,ve,dim
0,2.641954815471146,0.37293363249657197,610,0.01,0.3,0.5,0.001,1
