,L2,L2_true,N,std,jump,jump_prob,ve,dim
0,14.42249205962092,14.092619437202705,268,0.01,0.3,0.5,0.001,3
