,L2,L2_true,N,std,jump,jump_prob,ve,dim
0,0.31165809259215693,0.20079288407865434,3162,0.05,0.3,0.5,0.001,1
