,L2,L2_true,N,std,jump,jump_prob,ve,dim
0,12.550365459820313,12.167333280468483,193,0.01,0.3,0.5,0.001,3
