,L2,L2_true,N,std,jump,jump_prob,ve,dim
0,1.5361858965168909,1.5356957127698054,61,0.2,0.3,0.5,0.001,1
