,L2,L2_true,N,std,jump,jump_prob,ve,dim
0,3.9615823646977617,2.9649474655005337,3000,0.01,0.3,0.5,0.001,2
