,L2,L2_true,N,std,jump,jump_prob,ve,dim
0,0.27917770639295225,0.1762951962088442,3162,0.05,0.3,0.5,0.001,1
