,L2,L2_true,N,std,jump,jump_prob,ve,dim
0,2.6753498122998263,0.5848299992332321,268,0.01,0.3,0.5,0.001,1
