,L2,L2_true,N,std,jump,jump_prob,ve,dim
0,3.2625017026448364,1.1603831138155642,37,0.01,0.3,0.5,0.0025,1
