,L2,L2_true,N,std,jump,jump_prob,ve,dim
0,1.308344376818344,1.2786228180514652,117,0.05,0.3,0.5,0.001,1
