,L2,L2_true,N,std,jump,jump_prob,ve,dim
0,5.36220277087894,4.085016877810079,163,0.01,0.3,0.5,0.01,3
