,L2,L2_true,N,std,jump,jump_prob,ve,dim
0,4.647665883447674,3.205166028910327,11,0.01,0.3,0.5,0.0025,3
