,L2,L2_true,N,std,jump,jump_prob,ve,dim
0,5.279825892480924,4.277945234698436,227,0.01,0.3,0.5,0.0025,2
