,L2,L2_true,N,std,jump,jump_prob,ve,dim
0,3.6384457976851245,1.3791383690326806,2,0.01,0.3,0.5,0.0025,1
