,L2,L2_true,N,std,jump,jump_prob,ve,dim
0,11.657030761905299,11.248391134136275,1930,0.01,0.3,0.5,0.0025,3
