,L2,L2_true,N,std,jump,jump_prob,ve,dim
0,3.99284566115,2.1693417230521246,7,0.01,0.3,0.5,0.0025,1
