,L2,L2_true,N,std,jump,jump_prob,ve,dim
0,3.5802407593471837,1.9047485434840035,1178,0.01,0.3,0.5,0.0025,2
