,L2,L2_true,N,std,jump,jump_prob,ve,dim
0,2.291040887035039,2.236298232632319,8,0.05,0.3,0.5,0.001,1
