,L2,L2_true,N,std,jump,jump_prob,ve,dim
0,3.4175447719014174,0.062461413535774245,1637,0.01,0.3,0.5,0.01,1
