,L2,L2_true,N,std,jump,jump_prob,ve,dim
0,3.0655098759412374,0.4803835449738085,117,0.01,0.3,0.5,0.0025,1
