,L2,L2_true,N,std,jump,jump_prob,ve,dim
0,4.4797701214251076,2.966955159154804,11,0.01,0.3,0.5,0.0025,2
