,L2,L2_true,N,std,jump,jump_prob,ve,dim
0,24.28782867470589,24.11340449352563,2275,0.01,0.3,0.5,0.001,3
