,L2,L2_true,N,std,jump,jump_prob,ve,dim
0,2.7017900300773725,0.7804707604738237,193,0.01,0.3,0.5,0.001,1
