,L2,L2_true,N,std,jump,jump_prob,ve,dim
0,3.6272644671980143,1.6941422334075473,13,0.01,0.3,0.5,0.0025,1
