,L2,L2_true,N,std,jump,jump_prob,ve,dim
0,3.6315630978607545,0.8965376738669832,3,0.01,0.3,0.5,0.01,1
