,L2,L2_true,N,std,jump,jump_prob,ve,dim
0,5.901961602828803,5.000267640096102,163,0.01,0.3,0.5,0.0025,2
