,L2,L2_true,N,std,jump,jump_prob,ve,dim
0,4.732237934842638,3.1740227652795308,19,0.01,0.3,0.5,0.01,3
