,L2,L2_true,N,std,jump,jump_prob,ve,dim
0,6.456756592598088,5.511852007772051,37,0.01,0.3,0.5,0.0025,3
