,L2,L2_true,N,std,jump,jump_prob,ve,dim
0,5.528075313891044,4.5483351829687715,19,0.01,0.3,0.5,0.001,3
