,L2,L2_true,N,std,jump,jump_prob,ve,dim
0,1.3173059860387462,1.3173707169437372,100,0.2,0.3,0.5,0.001,1
