,L2,L2_true,N,std,jump,jump_prob,ve,dim
0,9.966400934477258,9.411302106140791,163,0.01,0.3,0.5,0.0025,3
