,L2,L2_true,N,std,jump,jump_prob,ve,dim
0,4.710287385295681,3.512585779130621,11,0.01,0.3,0.5,0.001,3
