,L2,L2_true,N,std,jump,jump_prob,ve,dim
0,12.47576267935679,12.085823803314549,1178,0.01,0.3,0.5,0.0025,3
