,L2,L2_true,N,std,jump,jump_prob,ve,dim
0,3.164443803914087,1.8101623730381053,61,0.01,0.3,0.5,0.001,1
