,L2,L2_true,N,std,jump,jump_prob,ve,dim
0,3.063767708693371,0.3919864517545105,163,0.01,0.3,0.5,0.0025,1
