,L2,L2_true,N,std,jump,jump_prob,ve,dim
0,5.398509673977406,4.14922979082166,138,0.01,0.3,0.5,0.01,3
