,L2,L2_true,N,std,jump,jump_prob,ve,dim
0,2.4847192410155667,2.4068517530656126,6,0.05,0.3,0.5,0.001,1
