,L2,L2_true,N,std,jump,jump_prob,ve,dim
0,0.5113134512036337,0.43191142475219,517,0.05,0.3,0.5,0.001,1
