,L2,L2_true,N,std,jump,jump_prob,ve,dim
0,3.032623037186934,0.20962488161428056,610,0.01,0.3,0.5,0.0025,1
