,L2,L2_true,N,std,jump,jump_prob,ve,dim
0,0.25778205273966104,0.2579367676019399,1637,0.2,0.3,0.5,0.001,1
