,L2,L2_true,N,std,jump,jump_prob,ve,dim
0,3.2929866411272037,1.2783922125659846,43,0.01,0.3,0.5,0.0025,1
