,L2,L2_true,N,std,jump,jump_prob,ve,dim
0,1.819100311293141,1.819362437828127,61,0.2,0.3,0.5,0.001,1
