,L2,L2_true,N,std,jump,jump_prob,ve,dim
0,16.027165512717627,15.73318295067777,372,0.01,0.3,0.5,0.001,3
