,L2,L2_true,N,std,jump,jump_prob,ve,dim
0,3.0337464172701987,0.1765018076712268,1000,0.01,0.3,0.5,0.0025,1
