,L2,L2_true,N,std,jump,jump_prob,ve,dim
0,3.4388508885412206,0.44320676632687905,1000,0.01,0.3,0.5,0.01,2
