,L2,L2_true,N,std,jump,jump_prob,ve,dim
0,0.20070855821700087,0.19930904158564824,3162,0.2,0.3,0.5,0.001,1
