,L2,L2_true,N,std,jump,jump_prob,ve,dim
0,3.3277847249327808,1.3602889091803652,31,0.01,0.3,0.5,0.0025,1
