,L2,L2_true,N,std,jump,jump_prob,ve,dim
0,25.07756981699232,24.90296424339172,3000,0.01,0.3,0.5,0.001,3
