,L2,L2_true,N,std,jump,jump_prob,ve,dim
0,0.30456120746253007,0.2102242243255432,2275,0.05,0.3,0.5,0.001,1
