,L2,L2_true,N,std,jump,jump_prob,ve,dim
0,3.6196375311516857,0.7448382617314702,1,0.01,0.3,0.5,0.01,1
