,L2,L2_true,N,std,jump,jump_prob,ve,dim
0,2.587040751119734,2.587687612061157,16,0.2,0.3,0.5,0.001,1
