,L2,L2_true,N,std,jump,jump_prob,ve,dim
0,4.60622040950443,3.375055212514905,10,0.01,0.3,0.5,0.001,3
