,L2,L2_true,N,std,jump,jump_prob,ve,dim
0,18.30177278048155,18.047293180823868,517,0.01,0.3,0.5,0.001,3
