,L2,L2_true,N,std,jump,jump_prob,ve,dim
0,4.074131943731799,2.0578012343391743,10,0.01,0.3,0.5,0.01,2
