,L2,L2_true,N,std,jump,jump_prob,ve,dim
0,1.7820617975974822,1.6660071368730185,4,0.05,0.3,0.5,0.001,1
