,L2,L2_true,N,std,jump,jump_prob,ve,dim
0,2.3891509035310707,2.3898621438150918,22,0.2,0.3,0.5,0.001,1
