,L2,L2_true,N,std,jump,jump_prob,ve,dim
0,8.711790306312356,8.240593501870864,268,0.01,0.3,0.5,0.001,2
