,L2,L2_true,N,std,jump,jump_prob,ve,dim
0,3.9435462970448016,2.627406077222805,16,0.01,0.3,0.5,0.001,1
