,L2,L2_true,N,std,jump,jump_prob,ve,dim
0,5.1473937563644805,3.933605830099077,22,0.01,0.3,0.5,0.0025,2
