,L2,L2_true,N,std,jump,jump_prob,ve,dim
0,3.451304094981455,0.5319265584218358,719,0.01,0.3,0.5,0.01,2
