,L2,L2_true,N,std,jump,jump_prob,ve,dim
0,3.06654358142064,0.4240171722206886,163,0.01,0.3,0.5,0.0025,1
