,L2,L2_true,N,std,jump,jump_prob,ve,dim
0,4.023239030262568,1.9390504516696967,7,0.01,0.3,0.5,0.01,2
