,L2,L2_true,N,std,jump,jump_prob,ve,dim
0,3.884686378697957,1.836523354198245,1178,0.01,0.3,0.5,0.01,3
