,L2,L2_true,N,std,jump,jump_prob,ve,dim
0,5.450513932518627,4.463133273649671,19,0.01,0.3,0.5,0.001,3
