,L2,L2_true,N,std,jump,jump_prob,ve,dim
0,4.642277562468012,3.4292221599822645,11,0.01,0.3,0.5,0.001,2
