,L2,L2_true,N,std,jump,jump_prob,ve,dim
0,4.078144214515097,2.2181030076967594,848,0.01,0.3,0.5,0.01,3
