,L2,L2_true,N,std,jump,jump_prob,ve,dim
0,2.613163313931653,0.14760868561149346,3162,0.01,0.3,0.5,0.001,1
