,L2,L2_true,N,std,jump,jump_prob,ve,dim
0,4.03793605877959,2.2388226280864294,5,0.01,0.3,0.5,0.0025,3
