,L2,L2_true,N,std,jump,jump_prob,ve,dim
0,4.384874438059759,2.7606272698106276,517,0.01,0.3,0.5,0.01,3
