,L2,L2_true,N,std,jump,jump_prob,ve,dim
0,4.80188215251386,3.721767052068691,372,0.01,0.3,0.5,0.0025,2
