,L2,L2_true,N,std,jump,jump_prob,ve,dim
0,3.803033317484613,2.1511923268087783,3,0.01,0.3,0.5,0.001,1
