,L2,L2_true,N,std,jump,jump_prob,ve,dim
0,5.482009139012962,4.508312690223705,22,0.01,0.3,0.5,0.001,2
