,L2,L2_true,N,std,jump,jump_prob,ve,dim
0,5.408158617391317,4.430859476735221,193,0.01,0.3,0.5,0.0025,2
