,L2,L2_true,N,std,jump,jump_prob,ve,dim
0,8.67156283208154,8.149756993766578,138,0.01,0.3,0.5,0.001,2
