,L2,L2_true,N,std,jump,jump_prob,ve,dim
0,3.6292931808145776,1.80501953938402,1,0.01,0.3,0.5,0.001,1
