,L2,L2_true,N,std,jump,jump_prob,ve,dim
0,0.48304680133574374,0.41085218298435966,719,0.05,0.3,0.5,0.001,1
