,L2,L2_true,N,std,jump,jump_prob,ve,dim
0,2.7126634415634694,2.712194316771851,11,0.2,0.3,0.5,0.001,1
