,L2,L2_true,N,std,jump,jump_prob,ve,dim
0,3.0633578379619593,0.5010775339051544,138,0.01,0.3,0.5,0.0025,1
