,L2,L2_true,N,std,jump,jump_prob,ve,dim
0,3.6128428760280107,1.0757272789890802,6,0.01,0.3,0.5,0.01,1
