,L2,L2_true,N,std,jump,jump_prob,ve,dim
0,4.4424003427929835,3.1415106319487727,8,0.01,0.3,0.5,0.001,3
