,L2,L2_true,N,std,jump,jump_prob,ve,dim
0,3.668197684291589,1.8939299226279676,3,0.01,0.3,0.5,0.001,1
