,L2,L2_true,N,std,jump,jump_prob,ve,dim
0,3.9964968676701074,2.1872428136539845,5,0.01,0.3,0.5,0.0025,2
