,L2,L2_true,N,std,jump,jump_prob,ve,dim
0,0.575704141680602,0.5741435493271599,439,0.2,0.3,0.5,0.001,1
