,L2,L2_true,N,std,jump,jump_prob,ve,dim
0,3.427035791514568,3.4020447494194452,31,0.05,0.3,0.5,0.001,1
