,L2,L2_true,N,std,jump,jump_prob,ve,dim
0,3.8643694715426387,1.5661256563147126,4,0.01,0.3,0.5,0.01,2
