,L2,L2_true,N,std,jump,jump_prob,ve,dim
0,3.698333252292557,1.4303757043686254,2000,0.01,0.3,0.5,0.01,3
