,L2,L2_true,N,std,jump,jump_prob,ve,dim
0,5.595717490734045,4.506682266484704,31,0.01,0.3,0.5,0.0025,2
