,L2,L2_true,N,std,jump,jump_prob,ve,dim
0,3.6383072426962775,1.078673892089077,19,0.01,0.3,0.5,0.01,1
