,L2,L2_true,N,std,jump,jump_prob,ve,dim
0,4.836106584534971,3.4661953184434093,13,0.01,0.3,0.5,0.0025,3
