,L2,L2_true,N,std,jump,jump_prob,ve,dim
0,4.600368854987702,3.7790034208229293,1930,0.01,0.3,0.5,0.001,2
