,L2,L2_true,N,std,jump,jump_prob,ve,dim
0,3.845965668335406,1.8540234096659656,3,0.01,0.3,0.5,0.0025,2
