,L2,L2_true,N,std,jump,jump_prob,ve,dim
0,4.440619937355677,3.1394828089503846,8,0.01,0.3,0.5,0.001,2
