,L2,L2_true,N,std,jump,jump_prob,ve,dim
0,3.695419687080204,1.559574405189061,3,0.01,0.3,0.5,0.0025,1
