,L2,L2_true,N,std,jump,jump_prob,ve,dim
0,0.8525699897884729,0.8538370343780738,2,0.2,0.3,0.5,0.001,1
