,L2,L2_true,N,std,jump,jump_prob,ve,dim
0,0.5221445070382802,0.5211410162917789,517,0.2,0.3,0.5,0.001,1
