,L2,L2_true,N,std,jump,jump_prob,ve,dim
0,3.0428266608696672,0.0931037928868409,2275,0.01,0.3,0.5,0.0025,1
