,L2,L2_true,N,std,jump,jump_prob,ve,dim
0,11.68018591879993,11.222294162336278,268,0.01,0.3,0.5,0.0025,3
