,L2,L2_true,N,std,jump,jump_prob,ve,dim
0,2.632461683804961,0.21721768320748394,1178,0.01,0.3,0.5,0.001,1
