,L2,L2_true,N,std,jump,jump_prob,ve,dim
0,3.405220542163581,0.03710246653036912,2682,0.01,0.3,0.5,0.01,1
