,L2,L2_true,N,std,jump,jump_prob,ve,dim
0,3.0361271837660824,0.11321607600965593,2682,0.01,0.3,0.5,0.0025,1
