,L2,L2_true,N,std,jump,jump_prob,ve,dim
0,3.6252213874799066,0.7447658786820672,1,0.01,0.3,0.5,0.01,3
