,L2,L2_true,N,std,jump,jump_prob,ve,dim
0,18.18976176716648,17.929218200005984,517,0.01,0.3,0.5,0.001,3
