,L2,L2_true,N,std,jump,jump_prob,ve,dim
0,2.3790549967094083,2.309682168724707,7,0.05,0.3,0.5,0.001,1
