,L2,L2_true,N,std,jump,jump_prob,ve,dim
0,3.467868564441389,0.5929943983402571,31,0.01,0.3,0.5,0.01,1
