,L2,L2_true,N,std,jump,jump_prob,ve,dim
0,3.807997075066837,1.7843770645296937,3,0.01,0.3,0.5,0.0025,3
