,L2,L2_true,N,std,jump,jump_prob,ve,dim
0,2.9120950820449276,1.2762567936268407,71,0.01,0.3,0.5,0.001,1
