,L2,L2_true,N,std,jump,jump_prob,ve,dim
0,20.709791214249872,20.491455948477697,848,0.01,0.3,0.5,0.001,3
