,L2,L2_true,N,std,jump,jump_prob,ve,dim
0,4.16350253226457,2.392532158320778,719,0.01,0.3,0.5,0.01,3
