,L2,L2_true,N,std,jump,jump_prob,ve,dim
0,8.86008761676617,8.355832510931704,163,0.01,0.3,0.5,0.001,2
