,L2,L2_true,N,std,jump,jump_prob,ve,dim
0,5.2004055088288395,4.161389417420277,16,0.01,0.3,0.5,0.001,3
