,L2,L2_true,N,std,jump,jump_prob,ve,dim
0,4.194965354406826,2.346996630222369,31,0.01,0.3,0.5,0.01,2
