,L2,L2_true,N,std,jump,jump_prob,ve,dim
0,4.179926130079363,2.2353078644739433,11,0.01,0.3,0.5,0.01,2
