,L2,L2_true,N,std,jump,jump_prob,ve,dim
0,3.4817079187484845,0.6436918540065316,517,0.01,0.3,0.5,0.01,2
