,L2,L2_true,N,std,jump,jump_prob,ve,dim
0,3.0360572972869453,0.18882986290501308,517,0.01,0.3,0.5,0.0025,1
