,L2,L2_true,N,std,jump,jump_prob,ve,dim
0,12.872311663788619,12.460159182095497,610,0.01,0.3,0.5,0.0025,3
