,L2,L2_true,N,std,jump,jump_prob,ve,dim
0,5.761179265476746,4.792104387981354,100,0.01,0.3,0.5,0.0025,2
