,L2,L2_true,N,std,jump,jump_prob,ve,dim
0,3.418245728207749,0.23676628205539024,117,0.01,0.3,0.5,0.01,1
