,L2,L2_true,N,std,jump,jump_prob,ve,dim
0,5.489221105830122,4.234752872093995,117,0.01,0.3,0.5,0.01,3
