,L2,L2_true,N,std,jump,jump_prob,ve,dim
0,7.5671972998756365,6.796316402707818,61,0.01,0.3,0.5,0.0025,3
