,L2,L2_true,N,std,jump,jump_prob,ve,dim
0,4.330328609609382,3.1207557558530077,16,0.01,0.3,0.5,0.001,1
