,L2,L2_true,N,std,jump,jump_prob,ve,dim
0,5.150288548119324,3.7845175946334706,43,0.01,0.3,0.5,0.01,3
