,L2,L2_true,N,std,jump,jump_prob,ve,dim
0,3.911895007855931,2.3873745677228135,5,0.01,0.3,0.5,0.001,1
