,L2,L2_true,N,std,jump,jump_prob,ve,dim
0,3.8977966240919604,2.8365705785488973,37,0.01,0.3,0.5,0.001,1
