,L2,L2_true,N,std,jump,jump_prob,ve,dim
0,3.455940910358738,0.4678045424722989,1000,0.01,0.3,0.5,0.01,2
