,L2,L2_true,N,std,jump,jump_prob,ve,dim
0,4.161395550616458,2.2189089435255074,10,0.01,0.3,0.5,0.01,2
