,L2,L2_true,N,std,jump,jump_prob,ve,dim
0,4.160611488176974,3.0298852246308514,22,0.01,0.3,0.5,0.001,1
