,L2,L2_true,N,std,jump,jump_prob,ve,dim
0,11.606765946646346,11.147816966390634,316,0.01,0.3,0.5,0.0025,3
