,L2,L2_true,N,std,jump,jump_prob,ve,dim
0,3.973406274359618,2.0028526780351337,1000,0.01,0.3,0.5,0.01,3
