,L2,L2_true,N,std,jump,jump_prob,ve,dim
0,3.708580804889594,1.4385624188930028,1930,0.01,0.3,0.5,0.01,3
