,L2,L2_true,N,std,jump,jump_prob,ve,dim
0,1.1164925443235516,1.116152846027254,138,0.2,0.3,0.5,0.001,1
