,L2,L2_true,N,std,jump,jump_prob,ve,dim
0,1.348797120368333,1.1776507925856237,1,0.05,0.3,0.5,0.001,1
