,L2,L2_true,N,std,jump,jump_prob,ve,dim
0,0.4613015843676448,0.4606429776378053,610,0.2,0.3,0.5,0.001,1
