,L2,L2_true,N,std,jump,jump_prob,ve,dim
0,4.059445202653254,2.053035682134844,10,0.01,0.3,0.5,0.01,2
