,L2,L2_true,N,std,jump,jump_prob,ve,dim
0,2.8893445739792947,2.8884121037810893,26,0.2,0.3,0.5,0.001,1
