,L2,L2_true,N,std,jump,jump_prob,ve,dim
0,2.44557525038118,2.4457023571410645,37,0.05,0.3,0.5,0.001,1
