,L2,L2_true,N,std,jump,jump_prob,ve,dim
0,3.420655740509868,0.12379877303549836,227,0.01,0.3,0.5,0.01,1
