,L2,L2_true,N,std,jump,jump_prob,ve,dim
0,10.06037336483407,9.492290090382895,163,0.01,0.3,0.5,0.0025,3
