,L2,L2_true,N,std,jump,jump_prob,ve,dim
0,3.0398844578736837,0.10738445114632408,1637,0.01,0.3,0.5,0.0025,1
