,L2,L2_true,N,std,jump,jump_prob,ve,dim
0,1.9021338250611821,1.90212143149013,51,0.2,0.3,0.5,0.001,1
