,L2,L2_true,N,std,jump,jump_prob,ve,dim
0,11.211173272333996,10.78621245957608,2000,0.01,0.3,0.5,0.0025,3
