,L2,L2_true,N,std,jump,jump_prob,ve,dim
0,3.422918913989402,0.2809449998669779,31,0.01,0.3,0.5,0.01,1
