,L2,L2_true,N,std,jump,jump_prob,ve,dim
0,3.4401140427392756,0.5151591768417517,26,0.01,0.3,0.5,0.01,1
