,L2,L2_true,N,std,jump,jump_prob,ve,dim
0,3.7044778986171307,1.1375160985331363,2,0.01,0.3,0.5,0.01,3
