,L2,L2_true,N,std,jump,jump_prob,ve,dim
0,3.5609620545712914,2.3243082300598368,31,0.01,0.3,0.5,0.001,1
