,L2,L2_true,N,std,jump,jump_prob,ve,dim
0,3.0314749781518295,0.2036539218123071,1000,0.01,0.3,0.5,0.0025,1
