,L2,L2_true,N,std,jump,jump_prob,ve,dim
0,2.8626967583143834,2.8616258624599835,11,0.2,0.3,0.5,0.001,1
