,L2,L2_true,N,std,jump,jump_prob,ve,dim
0,5.079163785843125,3.7349604023730967,227,0.01,0.3,0.5,0.01,3
