,L2,L2_true,N,std,jump,jump_prob,ve,dim
0,2.263894568665713,2.2629186817431997,22,0.2,0.3,0.5,0.001,1
