,L2,L2_true,N,std,jump,jump_prob,ve,dim
0,3.4239843296704473,0.2144510951536199,100,0.01,0.3,0.5,0.01,1
