,L2,L2_true,N,std,jump,jump_prob,ve,dim
0,8.35300563375364,7.801480292265172,138,0.01,0.3,0.5,0.001,2
