,L2,L2_true,N,std,jump,jump_prob,ve,dim
0,5.322223215677567,4.046384813284557,193,0.01,0.3,0.5,0.01,3
