,L2,L2_true,N,std,jump,jump_prob,ve,dim
0,0.3066158961618227,0.21110773676900993,2275,0.05,0.3,0.5,0.001,1
