,L2,L2_true,N,std,jump,jump_prob,ve,dim
0,4.146676249356474,2.742431105325609,7,0.01,0.3,0.5,0.001,1
