,L2,L2_true,N,std,jump,jump_prob,ve,dim
0,7.185023117731421,6.658938176629092,610,0.01,0.3,0.5,0.001,2
