,L2,L2_true,N,std,jump,jump_prob,ve,dim
0,2.307378061634205,2.3069834000909015,37,0.2,0.3,0.5,0.001,1
