,L2,L2_true,N,std,jump,jump_prob,ve,dim
0,3.229424942695284,1.123401915116079,3000,0.01,0.3,0.5,0.0025,2
