,L2,L2_true,N,std,jump,jump_prob,ve,dim
0,3.575386748225607,1.0746737290717225,193,0.01,0.3,0.5,0.01,2
