,L2,L2_true,N,std,jump,jump_prob,ve,dim
0,0.3083342211871674,0.30775995178432963,1389,0.2,0.3,0.5,0.001,1
