,L2,L2_true,N,std,jump,jump_prob,ve,dim
0,5.342570019480347,4.197116724784083,26,0.01,0.3,0.5,0.0025,2
