,L2,L2_true,N,std,jump,jump_prob,ve,dim
0,2.937959525955716,2.9174690131402614,16,0.05,0.3,0.5,0.001,1
