,L2,L2_true,N,std,jump,jump_prob,ve,dim
0,8.472516065086314,7.988031061030195,316,0.01,0.3,0.5,0.001,2
