,L2,L2_true,N,std,jump,jump_prob,ve,dim
0,4.685513617949085,3.2739088035662736,16,0.01,0.3,0.5,0.0025,2
