,L2,L2_true,N,std,jump,jump_prob,ve,dim
0,3.9196365896978898,1.9197538943198953,11,0.01,0.3,0.5,0.01,1
