,L2,L2_true,N,std,jump,jump_prob,ve,dim
0,4.0837885503909,2.1420626363391113,37,0.01,0.3,0.5,0.01,2
