,L2,L2_true,N,std,jump,jump_prob,ve,dim
0,3.612249658604279,0.7448331660663925,1,0.01,0.3,0.5,0.01,1
