,L2,L2_true,N,std,jump,jump_prob,ve,dim
0,8.8094552413296,8.15278042365967,100,0.01,0.3,0.5,0.0025,3
