,L2,L2_true,N,std,jump,jump_prob,ve,dim
0,10.151101469286306,9.603278401692284,163,0.01,0.3,0.5,0.0025,3
