,L2,L2_true,N,std,jump,jump_prob,ve,dim
0,3.613434107742826,1.8023340048771297,1,0.01,0.3,0.5,0.001,1
