,L2,L2_true,N,std,jump,jump_prob,ve,dim
0,3.910167086136275,1.6689758346810466,5,0.01,0.3,0.5,0.01,2
