,L2,L2_true,N,std,jump,jump_prob,ve,dim
0,4.285897926478524,2.9373805687152448,7,0.01,0.3,0.5,0.001,2
