,L2,L2_true,N,std,jump,jump_prob,ve,dim
0,8.313202591125798,7.780790270573523,163,0.01,0.3,0.5,0.001,2
