,L2,L2_true,N,std,jump,jump_prob,ve,dim
0,4.202919622249891,2.954802046822641,13,0.01,0.3,0.5,0.001,1
