,L2,L2_true,N,std,jump,jump_prob,ve,dim
0,18.735845395005427,18.479795877540173,610,0.01,0.3,0.5,0.001,3
