,L2,L2_true,N,std,jump,jump_prob,ve,dim
0,19.939076168232745,19.703718857691676,719,0.01,0.3,0.5,0.001,3
