,L2,L2_true,N,std,jump,jump_prob,ve,dim
0,3.306824109769709,1.3159964374508502,2275,0.01,0.3,0.5,0.0025,2
