,L2,L2_true,N,std,jump,jump_prob,ve,dim
0,25.538042216171878,25.380127298026636,3000,0.01,0.3,0.5,0.001,3
