,L2,L2_true,N,std,jump,jump_prob,ve,dim
0,3.797167872247481,1.4016174663361232,3,0.01,0.3,0.5,0.01,3
