,L2,L2_true,N,std,jump,jump_prob,ve,dim
0,0.4584689589278554,0.39279435860078726,610,0.05,0.3,0.5,0.001,1
