,L2,L2_true,N,std,jump,jump_prob,ve,dim
0,3.924584638468047,2.015048282454494,4,0.01,0.3,0.5,0.0025,2
