,L2,L2_true,N,std,jump,jump_prob,ve,dim
0,5.628309462272308,4.4216627731215965,84,0.01,0.3,0.5,0.01,3
