,L2,L2_true,N,std,jump,jump_prob,ve,dim
0,11.847092562321937,11.435031793493685,163,0.01,0.3,0.5,0.001,3
