,L2,L2_true,N,std,jump,jump_prob,ve,dim
0,22.122905083985813,21.90646075258822,1178,0.01,0.3,0.5,0.001,3
