,L2,L2_true,N,std,jump,jump_prob,ve,dim
0,1.7552580747664426,1.7553289530674425,5,0.2,0.3,0.5,0.001,1
