,L2,L2_true,N,std,jump,jump_prob,ve,dim
0,5.623578958987928,4.668478910946547,26,0.01,0.3,0.5,0.001,2
