,L2,L2_true,N,std,jump,jump_prob,ve,dim
0,3.49058730921154,0.6905897348640937,517,0.01,0.3,0.5,0.01,2
