,L2,L2_true,N,std,jump,jump_prob,ve,dim
0,4.410091317668631,3.0931698931843563,8,0.01,0.3,0.5,0.001,3
