,L2,L2_true,N,std,jump,jump_prob,ve,dim
0,5.669535630732836,4.465791417896722,71,0.01,0.3,0.5,0.01,3
