,L2,L2_true,N,std,jump,jump_prob,ve,dim
0,3.9668960255863777,2.953653339673313,3000,0.01,0.3,0.5,0.001,2
