,L2,L2_true,N,std,jump,jump_prob,ve,dim
0,2.5798122955151026,2.580213915128823,16,0.2,0.3,0.5,0.001,1
