,L2,L2_true,N,std,jump,jump_prob,ve,dim
0,5.4319969287200545,4.147373981608775,43,0.01,0.3,0.5,0.01,3
