,L2,L2_true,N,std,jump,jump_prob,ve,dim
0,6.138171415313076,5.534439351720858,1000,0.01,0.3,0.5,0.001,2
