,L2,L2_true,N,std,jump,jump_prob,ve,dim
0,5.250914487553649,4.543161425185113,1389,0.01,0.3,0.5,0.001,2
