,L2,L2_true,N,std,jump,jump_prob,ve,dim
0,1.4264657294363223,1.4222692907799732,3,0.2,0.3,0.5,0.001,1
