,L2,L2_true,N,std,jump,jump_prob,ve,dim
0,4.813496654092388,3.4383446758623584,13,0.01,0.3,0.5,0.0025,3
