,L2,L2_true,N,std,jump,jump_prob,ve,dim
0,5.316351648869465,4.105978977371667,19,0.01,0.3,0.5,0.0025,3
