,L2,L2_true,N,std,jump,jump_prob,ve,dim
0,3.0290793557063926,0.13078782249829501,1637,0.01,0.3,0.5,0.0025,1
