,L2,L2_true,N,std,jump,jump_prob,ve,dim
0,3.1164629088327898,0.692249593841802,61,0.01,0.3,0.5,0.0025,1
