,L2,L2_true,N,std,jump,jump_prob,ve,dim
0,1.4117288968612451,1.4105679025379052,3,0.2,0.3,0.5,0.001,1
