,L2,L2_true,N,std,jump,jump_prob,ve,dim
0,3.4320681057229963,0.2869481827187935,100,0.01,0.3,0.5,0.01,1
