,L2,L2_true,N,std,jump,jump_prob,ve,dim
0,7.176865342853929,6.340590642429427,51,0.01,0.3,0.5,0.0025,3
