,L2,L2_true,N,std,jump,jump_prob,ve,dim
0,4.014660997875656,2.714805829161444,16,0.01,0.3,0.5,0.001,1
