,L2,L2_true,N,std,jump,jump_prob,ve,dim
0,1.364703195377548,1.3647354198620059,84,0.2,0.3,0.5,0.001,1
