,L2,L2_true,N,std,jump,jump_prob,ve,dim
0,4.183817649023509,2.5078840425849154,7,0.01,0.3,0.5,0.0025,2
