,L2,L2_true,N,std,jump,jump_prob,ve,dim
0,4.114729264984581,2.3785564891026527,6,0.01,0.3,0.5,0.0025,2
