,L2,L2_true,N,std,jump,jump_prob,ve,dim
0,3.423894617401352,0.26011456563169005,3000,0.01,0.3,0.5,0.01,2
