,L2,L2_true,N,std,jump,jump_prob,ve,dim
0,4.872970520542778,3.3755736905695457,22,0.01,0.3,0.5,0.01,3
