,L2,L2_true,N,std,jump,jump_prob,ve,dim
0,3.857140402224295,2.316369368993007,8,0.01,0.3,0.5,0.001,1
