,L2,L2_true,N,std,jump,jump_prob,ve,dim
0,1.02836162563976,1.0199742264682918,138,0.05,0.3,0.5,0.001,1
