,L2,L2_true,N,std,jump,jump_prob,ve,dim
0,3.648294408628758,1.8913422790861367,2,0.01,0.3,0.5,0.001,1
