,L2,L2_true,N,std,jump,jump_prob,ve,dim
0,6.537332918781651,5.6169224406525275,37,0.01,0.3,0.5,0.0025,3
