,L2,L2_true,N,std,jump,jump_prob,ve,dim
0,10.53696493189198,10.014318307396428,193,0.01,0.3,0.5,0.0025,3
