,L2,L2_true,N,std,jump,jump_prob,ve,dim
0,2.652299646405027,0.5009714162858059,316,0.01,0.3,0.5,0.001,1
