,L2,L2_true,N,std,jump,jump_prob,ve,dim
0,4.323689356928132,3.4290890658050537,2275,0.01,0.3,0.5,0.001,2
