,L2,L2_true,N,std,jump,jump_prob,ve,dim
0,0.37788333572349464,0.3704455833903488,1,0.2,0.3,0.5,0.001,1
