,L2,L2_true,N,std,jump,jump_prob,ve,dim
0,3.661885324563326,1.8930354089715482,2,0.01,0.3,0.5,0.001,1
