,L2,L2_true,N,std,jump,jump_prob,ve,dim
0,1.7913450074135926,1.7589217169631675,71,0.05,0.3,0.5,0.001,1
