,L2,L2_true,N,std,jump,jump_prob,ve,dim
0,5.59507913023026,4.380053470208366,100,0.01,0.3,0.5,0.01,3
