,L2,L2_true,N,std,jump,jump_prob,ve,dim
0,3.453713093416281,0.5027767919388797,37,0.01,0.3,0.5,0.01,1
