,L2,L2_true,N,std,jump,jump_prob,ve,dim
0,2.621603022824079,2.5841839937412603,16,0.05,0.3,0.5,0.001,1
