,L2,L2_true,N,std,jump,jump_prob,ve,dim
0,9.913042923159166,9.345448204384143,138,0.01,0.3,0.5,0.0025,3
