,L2,L2_true,N,std,jump,jump_prob,ve,dim
0,5.303131112420271,3.9776315405109437,43,0.01,0.3,0.5,0.01,3
