,L2,L2_true,N,std,jump,jump_prob,ve,dim
0,3.7013624925347375,1.4124878764094415,2000,0.01,0.3,0.5,0.01,3
