,L2,L2_true,N,std,jump,jump_prob,ve,dim
0,2.6792437446564437,0.6246185010989077,227,0.01,0.3,0.5,0.001,1
