,L2,L2_true,N,std,jump,jump_prob,ve,dim
0,4.854541818573831,3.347546348172169,22,0.01,0.3,0.5,0.01,3
