,L2,L2_true,N,std,jump,jump_prob,ve,dim
0,0.4002010339509587,0.33270560910891506,848,0.05,0.3,0.5,0.001,1
