,L2,L2_true,N,std,jump,jump_prob,ve,dim
0,3.444855262836518,0.45251760504186855,84,0.01,0.3,0.5,0.01,1
