,L2,L2_true,N,std,jump,jump_prob,ve,dim
0,10.653441090193715,10.134619980579107,193,0.01,0.3,0.5,0.0025,3
