,L2,L2_true,N,std,jump,jump_prob,ve,dim
0,3.4118706598076467,0.12714730692444487,372,0.01,0.3,0.5,0.01,1
