,L2,L2_true,N,std,jump,jump_prob,ve,dim
0,3.6970288133532994,1.5431617458140339,2,0.01,0.3,0.5,0.0025,3
