,L2,L2_true,N,std,jump,jump_prob,ve,dim
0,4.246774061130216,2.9397244444814827,517,0.01,0.3,0.5,0.0025,2
