,L2,L2_true,N,std,jump,jump_prob,ve,dim
0,5.1531673024939595,3.9294292354557925,22,0.01,0.3,0.5,0.0025,2
