,L2,L2_true,N,std,jump,jump_prob,ve,dim
0,3.7222928958037778,1.4507537185883856,117,0.01,0.3,0.5,0.01,2
