,L2,L2_true,N,std,jump,jump_prob,ve,dim
0,1.652074500485316,1.6281216678738974,71,0.05,0.3,0.5,0.001,1
