,L2,L2_true,N,std,jump,jump_prob,ve,dim
0,4.46386098401109,2.733405591461578,13,0.01,0.3,0.5,0.01,3
