,L2,L2_true,N,std,jump,jump_prob,ve,dim
0,5.254939590028345,4.2264952488198855,19,0.01,0.3,0.5,0.001,2
