,L2,L2_true,N,std,jump,jump_prob,ve,dim
0,3.4061411355405404,0.22472216816597523,117,0.01,0.3,0.5,0.01,1
