,L2,L2_true,N,std,jump,jump_prob,ve,dim
0,1.8128400671117872,1.8148068711344898,61,0.05,0.3,0.5,0.001,1
