,L2,L2_true,N,std,jump,jump_prob,ve,dim
0,3.6193190477058597,1.3302077779253947,1,0.01,0.3,0.5,0.0025,1
