,L2,L2_true,N,std,jump,jump_prob,ve,dim
0,5.188763749723056,3.8699627762752717,193,0.01,0.3,0.5,0.01,3
