,L2,L2_true,N,std,jump,jump_prob,ve,dim
0,22.128576091408796,21.927980490943558,1000,0.01,0.3,0.5,0.001,3
