,L2,L2_true,N,std,jump,jump_prob,ve,dim
0,4.200094581092063,2.339114337222303,22,0.01,0.3,0.5,0.01,2
