,L2,L2_true,N,std,jump,jump_prob,ve,dim
0,7.207805385116642,6.681555868593585,610,0.01,0.3,0.5,0.001,2
