,L2,L2_true,N,std,jump,jump_prob,ve,dim
0,7.9813598615757435,7.387167350751973,100,0.01,0.3,0.5,0.001,2
