,L2,L2_true,N,std,jump,jump_prob,ve,dim
0,3.4731882589839755,0.6343760839884043,517,0.01,0.3,0.5,0.01,2
