,L2,L2_true,N,std,jump,jump_prob,ve,dim
0,3.216732003926073,1.1065339254352435,3000,0.01,0.3,0.5,0.0025,2
