,L2,L2_true,N,std,jump,jump_prob,ve,dim
0,3.9447141909996457,2.0626513497516425,4,0.01,0.3,0.5,0.0025,3
