,L2,L2_true,N,std,jump,jump_prob,ve,dim
0,5.195064705086932,4.1310979604769384,16,0.01,0.3,0.5,0.001,2
