,L2,L2_true,N,std,jump,jump_prob,ve,dim
0,3.5098304983212096,0.8079892981020409,316,0.01,0.3,0.5,0.01,2
