,L2,L2_true,N,std,jump,jump_prob,ve,dim
0,5.834715159162704,4.77110884870697,26,0.01,0.3,0.5,0.0025,3
