,L2,L2_true,N,std,jump,jump_prob,ve,dim
0,3.0326194134508238,0.1145983608558606,1930,0.01,0.3,0.5,0.0025,1
