,L2,L2_true,N,std,jump,jump_prob,ve,dim
0,4.048897459815583,2.6684650748498235,610,0.01,0.3,0.5,0.0025,2
