,L2,L2_true,N,std,jump,jump_prob,ve,dim
0,3.6215370972667396,1.8036647710472105,1,0.01,0.3,0.5,0.001,2
