,L2,L2_true,N,std,jump,jump_prob,ve,dim
0,1.7850338177950764,1.6630421940265347,3,0.05,0.3,0.5,0.001,1
