,L2,L2_true,N,std,jump,jump_prob,ve,dim
0,1.0928459070141006,1.0925370130937848,3,0.2,0.3,0.5,0.001,1
