,L2,L2_true,N,std,jump,jump_prob,ve,dim
0,3.664775203058419,1.896898621251605,2,0.01,0.3,0.5,0.001,2
