,L2,L2_true,N,std,jump,jump_prob,ve,dim
0,2.6157153846761014,0.1944311695986313,1930,0.01,0.3,0.5,0.001,1
