,L2,L2_true,N,std,jump,jump_prob,ve,dim
0,3.9685006627865373,2.4260777499251396,4,0.01,0.3,0.5,0.001,3
