,L2,L2_true,N,std,jump,jump_prob,ve,dim
0,4.657191873585061,3.442171511562853,11,0.01,0.3,0.5,0.001,2
