,L2,L2_true,N,std,jump,jump_prob,ve,dim
0,3.8165199045992306,1.810883654985673,3,0.01,0.3,0.5,0.0025,2
