,L2,L2_true,N,std,jump,jump_prob,ve,dim
0,3.0413241155998727,0.28847905308704985,193,0.01,0.3,0.5,0.0025,1
