,L2,L2_true,N,std,jump,jump_prob,ve,dim
0,4.167361564178263,2.278664037771039,22,0.01,0.3,0.5,0.01,2
