,L2,L2_true,N,std,jump,jump_prob,ve,dim
0,4.540550044078575,3.2656892635197012,10,0.01,0.3,0.5,0.001,2
