,L2,L2_true,N,std,jump,jump_prob,ve,dim
0,3.651142878576843,1.8815192531497695,2,0.01,0.3,0.5,0.001,1
