,L2,L2_true,N,std,jump,jump_prob,ve,dim
0,0.32478168991567335,0.23684862431482848,2275,0.05,0.3,0.5,0.001,1
