,L2,L2_true,N,std,jump,jump_prob,ve,dim
0,5.569947901795723,4.364640671008381,138,0.01,0.3,0.5,0.01,3
