,L2,L2_true,N,std,jump,jump_prob,ve,dim
0,4.98602957859458,4.231384480926837,1637,0.01,0.3,0.5,0.001,2
