,L2,L2_true,N,std,jump,jump_prob,ve,dim
0,3.6532871610690343,1.8511738778729792,2,0.01,0.3,0.5,0.001,1
