,L2,L2_true,N,std,jump,jump_prob,ve,dim
0,4.182702288877646,2.476382428670271,6,0.01,0.3,0.5,0.0025,3
