,L2,L2_true,N,std,jump,jump_prob,ve,dim
0,4.308858822807772,3.409893461032718,2275,0.01,0.3,0.5,0.001,2
