,L2,L2_true,N,std,jump,jump_prob,ve,dim
0,1.413629124659806,1.2519073930855333,2,0.05,0.3,0.5,0.001,1
