,L2,L2_true,N,std,jump,jump_prob,ve,dim
0,3.0681044478787687,0.6221939508321302,100,0.01,0.3,0.5,0.0025,1
