,L2,L2_true,N,std,jump,jump_prob,ve,dim
0,0.36108073404715135,0.2798496142455228,1389,0.05,0.3,0.5,0.001,1
