,L2,L2_true,N,std,jump,jump_prob,ve,dim
0,11.732454965439496,11.277247195082328,316,0.01,0.3,0.5,0.0025,3
