,L2,L2_true,N,std,jump,jump_prob,ve,dim
0,4.421185784672029,2.865913000345488,8,0.01,0.3,0.5,0.0025,3
