,L2,L2_true,N,std,jump,jump_prob,ve,dim
0,3.7696473777218613,2.091971515606295,2,0.01,0.3,0.5,0.001,3
