,L2,L2_true,N,std,jump,jump_prob,ve,dim
0,3.603411839806123,0.719883974410306,2,0.01,0.3,0.5,0.01,1
