,L2,L2_true,N,std,jump,jump_prob,ve,dim
0,5.8884438987721825,4.986628199019979,26,0.01,0.3,0.5,0.001,2
