,L2,L2_true,N,std,jump,jump_prob,ve,dim
0,1.4084533314708405,1.2494392161585952,2,0.05,0.3,0.5,0.001,1
