,L2,L2_true,N,std,jump,jump_prob,ve,dim
0,5.580010276856671,4.611094960383539,138,0.01,0.3,0.5,0.0025,2
