,L2,L2_true,N,std,jump,jump_prob,ve,dim
0,10.980710449992868,10.536457742975289,2000,0.01,0.3,0.5,0.0025,3
