,L2,L2_true,N,std,jump,jump_prob,ve,dim
0,2.6469175047082905,0.40087479033324713,610,0.01,0.3,0.5,0.001,1
