,L2,L2_true,N,std,jump,jump_prob,ve,dim
0,2.635260351321885,0.36460454647741536,610,0.01,0.3,0.5,0.001,1
