,L2,L2_true,N,std,jump,jump_prob,ve,dim
0,3.8909278588479705,1.9589132157225104,4,0.01,0.3,0.5,0.0025,2
