,L2,L2_true,N,std,jump,jump_prob,ve,dim
0,3.422509167017098,0.16159350303940367,316,0.01,0.3,0.5,0.01,1
