,L2,L2_true,N,std,jump,jump_prob,ve,dim
0,5.250390803454698,3.959888727508615,193,0.01,0.3,0.5,0.01,3
