,L2,L2_true,N,std,jump,jump_prob,ve,dim
0,3.846466362408509,1.8605731209082974,2,0.01,0.3,0.5,0.0025,1
