,L2,L2_true,N,std,jump,jump_prob,ve,dim
0,5.86739463375254,5.233437586287035,1000,0.01,0.3,0.5,0.001,2
