,L2,L2_true,N,std,jump,jump_prob,ve,dim
0,3.93362665271572,1.7151271663283842,4,0.01,0.3,0.5,0.01,3
