,L2,L2_true,N,std,jump,jump_prob,ve,dim
0,3.0593755982146056,0.40201533996586036,193,0.01,0.3,0.5,0.0025,1
