,L2,L2_true,N,std,jump,jump_prob,ve,dim
0,0.30998717354018485,0.3106562109633569,1389,0.2,0.3,0.5,0.001,1
