,L2,L2_true,N,std,jump,jump_prob,ve,dim
0,12.288972750282378,11.8854662533741,1000,0.01,0.3,0.5,0.0025,3
