,L2,L2_true,N,std,jump,jump_prob,ve,dim
0,3.708157242139032,1.1925861255731256,4,0.01,0.3,0.5,0.01,1
