,L2,L2_true,N,std,jump,jump_prob,ve,dim
0,3.422419427309795,0.17189766889250083,193,0.01,0.3,0.5,0.01,1
