,L2,L2_true,N,std,jump,jump_prob,ve,dim
0,3.4308887552358023,0.3395547428772521,84,0.01,0.3,0.5,0.01,1
