,L2,L2_true,N,std,jump,jump_prob,ve,dim
0,2.6442884976896157,0.45135053471431535,517,0.01,0.3,0.5,0.001,1
