,L2,L2_true,N,std,jump,jump_prob,ve,dim
0,5.653956552218183,4.589001044987706,31,0.01,0.3,0.5,0.0025,2
