,L2,L2_true,N,std,jump,jump_prob,ve,dim
0,5.190658617154619,3.9434182067979657,19,0.01,0.3,0.5,0.0025,3
