,L2,L2_true,N,std,jump,jump_prob,ve,dim
0,6.954230818697266,6.4301764428629395,719,0.01,0.3,0.5,0.001,2
