,L2,L2_true,N,std,jump,jump_prob,ve,dim
0,2.595720926021846,2.5959045259171853,11,0.2,0.3,0.5,0.001,1
