,L2,L2_true,N,std,jump,jump_prob,ve,dim
0,4.8460052885081994,3.4213473565397994,316,0.01,0.3,0.5,0.01,3
