,L2,L2_true,N,std,jump,jump_prob,ve,dim
0,4.885160066136888,3.55702567980731,16,0.01,0.3,0.5,0.0025,2
