,L2,L2_true,N,std,jump,jump_prob,ve,dim
0,3.468215291907074,0.6079432899825246,610,0.01,0.3,0.5,0.01,2
