,L2,L2_true,N,std,jump,jump_prob,ve,dim
0,3.8539957528533177,2.2490294214446376,3,0.01,0.3,0.5,0.001,3
