,L2,L2_true,N,std,jump,jump_prob,ve,dim
0,6.921514798974474,6.373643554596256,719,0.01,0.3,0.5,0.001,2
