,L2,L2_true,N,std,jump,jump_prob,ve,dim
0,4.114206061183776,2.1303111525112253,10,0.01,0.3,0.5,0.01,2
