,L2,L2_true,N,std,jump,jump_prob,ve,dim
0,2.689273673509791,0.7433680710773274,316,0.01,0.3,0.5,0.001,1
