,L2,L2_true,N,std,jump,jump_prob,ve,dim
0,0.6040171150919798,0.6036282150054694,372,0.2,0.3,0.5,0.001,1
