,L2,L2_true,N,std,jump,jump_prob,ve,dim
0,7.1818743810960735,6.487535560334162,61,0.01,0.3,0.5,0.001,2
