,L2,L2_true,N,std,jump,jump_prob,ve,dim
0,2.6341355042998855,2.5702939122791095,8,0.05,0.3,0.5,0.001,1
