,L2,L2_true,N,std,jump,jump_prob,ve,dim
0,2.6230618874058185,0.1895813040960297,1930,0.01,0.3,0.5,0.001,1
