,L2,L2_true,N,std,jump,jump_prob,ve,dim
0,2.7484897654827325,0.9061942982536181,163,0.01,0.3,0.5,0.001,1
