,L2,L2_true,N,std,jump,jump_prob,ve,dim
0,3.486367360913159,0.6512358597194174,517,0.01,0.3,0.5,0.01,2
