,L2,L2_true,N,std,jump,jump_prob,ve,dim
0,3.6541475896096913,2.0357618457765283,1000,0.01,0.3,0.5,0.0025,2
