,L2,L2_true,N,std,jump,jump_prob,ve,dim
0,1.4363244406427986,1.285724692142598,2,0.05,0.3,0.5,0.001,1
