,L2,L2_true,N,std,jump,jump_prob,ve,dim
0,4.189023177588962,3.01083394642469,22,0.01,0.3,0.5,0.001,1
