,L2,L2_true,N,std,jump,jump_prob,ve,dim
0,4.033674748239043,2.247896077784296,5,0.01,0.3,0.5,0.0025,3
