,L2,L2_true,N,std,jump,jump_prob,ve,dim
0,4.888924144747794,3.7443816723013232,13,0.01,0.3,0.5,0.001,3
