,L2,L2_true,N,std,jump,jump_prob,ve,dim
0,8.663226466653299,8.15622579666027,163,0.01,0.3,0.5,0.001,2
