,L2,L2_true,N,std,jump,jump_prob,ve,dim
0,3.014660305001041,1.4653520933812811,84,0.01,0.3,0.5,0.001,1
