,L2,L2_true,N,std,jump,jump_prob,ve,dim
0,3.6165738384195754,1.8025135306668192,1,0.01,0.3,0.5,0.001,2
