,L2,L2_true,N,std,jump,jump_prob,ve,dim
0,2.9408377971831494,2.917424458315777,22,0.05,0.3,0.5,0.001,1
