,L2,L2_true,N,std,jump,jump_prob,ve,dim
0,3.7291205101294183,2.039226179407321,3,0.01,0.3,0.5,0.001,1
