,L2,L2_true,N,std,jump,jump_prob,ve,dim
0,0.37768348212107355,0.3702505255089944,1,0.2,0.3,0.5,0.001,1
