,L2,L2_true,N,std,jump,jump_prob,ve,dim
0,7.215304773963632,6.683719424212409,610,0.01,0.3,0.5,0.001,2
