,L2,L2_true,N,std,jump,jump_prob,ve,dim
0,3.6404819775573087,1.434934394574529,2,0.01,0.3,0.5,0.0025,1
