,L2,L2_true,N,std,jump,jump_prob,ve,dim
0,3.968566320862324,2.4530508969798905,6,0.01,0.3,0.5,0.001,1
