,L2,L2_true,N,std,jump,jump_prob,ve,dim
0,0.6496162572923974,0.5951270960999345,316,0.05,0.3,0.5,0.001,1
