,L2,L2_true,N,std,jump,jump_prob,ve,dim
0,19.822437460672273,19.6006115768451,719,0.01,0.3,0.5,0.001,3
