,L2,L2_true,N,std,jump,jump_prob,ve,dim
0,3.4175919537637194,0.04098897653924377,2682,0.01,0.3,0.5,0.01,1
