,L2,L2_true,N,std,jump,jump_prob,ve,dim
0,3.9114490719541424,2.30319656183677,13,0.01,0.3,0.5,0.0025,1
