,L2,L2_true,N,std,jump,jump_prob,ve,dim
0,11.280499023459686,10.796223898185477,268,0.01,0.3,0.5,0.0025,3
