,L2,L2_true,N,std,jump,jump_prob,ve,dim
0,3.0962546517563525,0.6889274350930211,71,0.01,0.3,0.5,0.0025,1
