,L2,L2_true,N,std,jump,jump_prob,ve,dim
0,0.5443729018511198,0.4895204895883588,610,0.05,0.3,0.5,0.001,1
