,L2,L2_true,N,std,jump,jump_prob,ve,dim
0,3.514804683673154,1.7279832510228286,31,0.01,0.3,0.5,0.0025,1
