,L2,L2_true,N,std,jump,jump_prob,ve,dim
0,5.496375400995458,4.362546649746884,22,0.01,0.3,0.5,0.0025,3
