,L2,L2_true,N,std,jump,jump_prob,ve,dim
0,5.274483436720865,3.9952290200677694,193,0.01,0.3,0.5,0.01,3
