,L2,L2_true,N,std,jump,jump_prob,ve,dim
0,3.4438396130456486,1.596556207785755,22,0.01,0.3,0.5,0.0025,1
