,L2,L2_true,N,std,jump,jump_prob,ve,dim
0,4.858568523694725,3.5061607782515094,13,0.01,0.3,0.5,0.0025,3
