,L2,L2_true,N,std,jump,jump_prob,ve,dim
0,3.6588125952710073,1.2968354938040956,138,0.01,0.3,0.5,0.01,2
