,L2,L2_true,N,std,jump,jump_prob,ve,dim
0,7.0951263287659705,6.257260109889869,51,0.01,0.3,0.5,0.0025,3
