,L2,L2_true,N,std,jump,jump_prob,ve,dim
0,1.2634338577719773,1.23732848483679,117,0.05,0.3,0.5,0.001,1
