,L2,L2_true,N,std,jump,jump_prob,ve,dim
0,3.8531766963524263,2.23228756593993,3,0.01,0.3,0.5,0.001,3
