,L2,L2_true,N,std,jump,jump_prob,ve,dim
0,3.6243044016123043,1.3281458955794312,1,0.01,0.3,0.5,0.0025,2
