,L2,L2_true,N,std,jump,jump_prob,ve,dim
0,0.5536211895782059,0.554010586706365,517,0.2,0.3,0.5,0.001,1
