,L2,L2_true,N,std,jump,jump_prob,ve,dim
0,3.619456729222466,0.7446774647725761,1,0.01,0.3,0.5,0.01,1
