,L2,L2_true,N,std,jump,jump_prob,ve,dim
0,2.700560159557406,0.6837457067428052,316,0.01,0.3,0.5,0.001,1
