,L2,L2_true,N,std,jump,jump_prob,ve,dim
0,3.703587757048679,1.555762820219047,2,0.01,0.3,0.5,0.0025,3
