,L2,L2_true,N,std,jump,jump_prob,ve,dim
0,2.77385534227273,2.7748161454579545,13,0.2,0.3,0.5,0.001,1
