,L2,L2_true,N,std,jump,jump_prob,ve,dim
0,12.032416737884507,11.590304607251795,372,0.01,0.3,0.5,0.0025,3
