,L2,L2_true,N,std,jump,jump_prob,ve,dim
0,1.0340440524645045,0.996915126249639,138,0.05,0.3,0.5,0.001,1
