,L2,L2_true,N,std,jump,jump_prob,ve,dim
0,2.1386057635531164,2.1118546438391648,61,0.05,0.3,0.5,0.001,1
