,L2,L2_true,N,std,jump,jump_prob,ve,dim
0,5.753480841993597,4.670451860565387,26,0.01,0.3,0.5,0.0025,3
