,L2,L2_true,N,std,jump,jump_prob,ve,dim
0,3.91846500089853,2.351039288298504,4,0.01,0.3,0.5,0.001,2
