,L2,L2_true,N,std,jump,jump_prob,ve,dim
0,0.7568357901258043,0.7570922411690356,227,0.2,0.3,0.5,0.001,1
