,L2,L2_true,N,std,jump,jump_prob,ve,dim
0,0.6585590336206875,0.6640524398575268,227,0.05,0.3,0.5,0.001,1
