,L2,L2_true,N,std,jump,jump_prob,ve,dim
0,3.4135642756056126,0.18519562073494064,138,0.01,0.3,0.5,0.01,1
