,L2,L2_true,N,std,jump,jump_prob,ve,dim
0,4.035576681055974,2.354784450721965,10,0.01,0.3,0.5,0.0025,1
