,L2,L2_true,N,std,jump,jump_prob,ve,dim
0,4.536041546528117,3.7014452684739036,1930,0.01,0.3,0.5,0.001,2
