,L2,L2_true,N,std,jump,jump_prob,ve,dim
0,3.610748404443684,0.744373172414836,1,0.01,0.3,0.5,0.01,2
