,L2,L2_true,N,std,jump,jump_prob,ve,dim
0,7.3565786585984325,6.692927679344708,71,0.01,0.3,0.5,0.001,2
