,L2,L2_true,N,std,jump,jump_prob,ve,dim
0,3.717862226350066,2.0222957966460218,3,0.01,0.3,0.5,0.001,1
