,L2,L2_true,N,std,jump,jump_prob,ve,dim
0,5.846762425868009,4.919000971280975,117,0.01,0.3,0.5,0.0025,2
