,L2,L2_true,N,std,jump,jump_prob,ve,dim
0,3.8982339938955737,1.6665866088545849,5,0.01,0.3,0.5,0.01,2
