,L2,L2_true,N,std,jump,jump_prob,ve,dim
0,2.7459991011129223,2.7001512652885737,13,0.05,0.3,0.5,0.001,1
