,L2,L2_true,N,std,jump,jump_prob,ve,dim
0,3.4066222371263315,0.15464241024095013,372,0.01,0.3,0.5,0.01,1
