,L2,L2_true,N,std,jump,jump_prob,ve,dim
0,2.6270504568048207,2.626816985774997,10,0.2,0.3,0.5,0.001,1
