,L2,L2_true,N,std,jump,jump_prob,ve,dim
0,2.634087360156502,0.3049180961513836,1000,0.01,0.3,0.5,0.001,1
