,L2,L2_true,N,std,jump,jump_prob,ve,dim
0,3.665650577107903,1.0488823612740352,4,0.01,0.3,0.5,0.01,1
