,L2,L2_true,N,std,jump,jump_prob,ve,dim
0,3.629757563322155,0.9500790474016734,8,0.01,0.3,0.5,0.01,1
