,L2,L2_true,N,std,jump,jump_prob,ve,dim
0,1.5953676527433776,1.5953901810048596,4,0.2,0.3,0.5,0.001,1
