,L2,L2_true,N,std,jump,jump_prob,ve,dim
0,3.3440604872731905,1.3979069767709396,1930,0.01,0.3,0.5,0.0025,2
