,L2,L2_true,N,std,jump,jump_prob,ve,dim
0,1.3725685459148718,1.3725630211211024,100,0.2,0.3,0.5,0.001,1
