,L2,L2_true,N,std,jump,jump_prob,ve,dim
0,5.6980314867232575,4.749107851367649,22,0.01,0.3,0.5,0.001,3
