,L2,L2_true,N,std,jump,jump_prob,ve,dim
0,8.089151148113695,7.379002863277125,71,0.01,0.3,0.5,0.0025,3
