,L2,L2_true,N,std,jump,jump_prob,ve,dim
0,3.935321928075391,2.367728848891014,4,0.01,0.3,0.5,0.001,2
