,L2,L2_true,N,std,jump,jump_prob,ve,dim
0,12.489002188182429,12.085994653257446,848,0.01,0.3,0.5,0.0025,3
