,L2,L2_true,N,std,jump,jump_prob,ve,dim
0,2.697242225193431,2.686546822365161,19,0.05,0.3,0.5,0.001,1
