,L2,L2_true,N,std,jump,jump_prob,ve,dim
0,3.7789596823837095,1.3500218128404018,3,0.01,0.3,0.5,0.01,2
