,L2,L2_true,N,std,jump,jump_prob,ve,dim
0,4.354701835081092,2.5428922368889126,11,0.01,0.3,0.5,0.01,3
