,L2,L2_true,N,std,jump,jump_prob,ve,dim
0,3.6116745433865094,1.8040968989233213,1,0.01,0.3,0.5,0.001,2
