,L2,L2_true,N,std,jump,jump_prob,ve,dim
0,2.142822703095636,2.1075548335633285,31,0.05,0.3,0.5,0.001,1
