,L2,L2_true,N,std,jump,jump_prob,ve,dim
0,6.346954451675352,5.542850147801207,37,0.01,0.3,0.5,0.001,2
