,L2,L2_true,N,std,jump,jump_prob,ve,dim
0,11.70950746666182,11.250168905221425,316,0.01,0.3,0.5,0.0025,3
