,L2,L2_true,N,std,jump,jump_prob,ve,dim
0,1.1203210353089772,1.1167031165130346,138,0.05,0.3,0.5,0.001,1
