,L2,L2_true,N,std,jump,jump_prob,ve,dim
0,0.598880510203646,0.5443873788904827,372,0.05,0.3,0.5,0.001,1
