,L2,L2_true,N,std,jump,jump_prob,ve,dim
0,3.984201603664427,3.0077106754702863,3000,0.01,0.3,0.5,0.001,2
