,L2,L2_true,N,std,jump,jump_prob,ve,dim
0,4.294509358505474,2.9256607076320122,7,0.01,0.3,0.5,0.001,3
