,L2,L2_true,N,std,jump,jump_prob,ve,dim
0,3.3044605606926045,1.2324074081818328,26,0.01,0.3,0.5,0.0025,1
