,L2,L2_true,N,std,jump,jump_prob,ve,dim
0,5.590439666890204,4.640797424651989,163,0.01,0.3,0.5,0.0025,2
