,L2,L2_true,N,std,jump,jump_prob,ve,dim
0,2.7572854424292172,0.9005883859020867,163,0.01,0.3,0.5,0.001,1
