,L2,L2_true,N,std,jump,jump_prob,ve,dim
0,0.6615788617928383,0.6279679615360696,268,0.05,0.3,0.5,0.001,1
