,L2,L2_true,N,std,jump,jump_prob,ve,dim
0,9.788267520798843,9.277364796027067,100,0.01,0.3,0.5,0.001,3
