,L2,L2_true,N,std,jump,jump_prob,ve,dim
0,7.941005210285194,7.455774160836242,439,0.01,0.3,0.5,0.001,2
