,L2,L2_true,N,std,jump,jump_prob,ve,dim
0,0.556605107378195,0.5038274437922197,439,0.05,0.3,0.5,0.001,1
