,L2,L2_true,N,std,jump,jump_prob,ve,dim
0,12.739177215880769,12.334957210615087,517,0.01,0.3,0.5,0.0025,3
