,L2,L2_true,N,std,jump,jump_prob,ve,dim
0,2.459276796416825,2.4597874187863247,43,0.2,0.3,0.5,0.001,1
