,L2,L2_true,N,std,jump,jump_prob,ve,dim
0,2.7101142991933767,0.694131011770231,193,0.01,0.3,0.5,0.001,1
