,L2,L2_true,N,std,jump,jump_prob,ve,dim
0,3.6133558516325506,0.7448481468354549,1,0.01,0.3,0.5,0.01,2
