,L2,L2_true,N,std,jump,jump_prob,ve,dim
0,1.6109707266320208,1.4734607359772045,3,0.05,0.3,0.5,0.001,1
