,L2,L2_true,N,std,jump,jump_prob,ve,dim
0,3.641295221032491,0.9469772126316458,2,0.01,0.3,0.5,0.01,1
