,L2,L2_true,N,std,jump,jump_prob,ve,dim
0,3.704280228347327,1.5744135411316365,3,0.01,0.3,0.5,0.0025,1
