,L2,L2_true,N,std,jump,jump_prob,ve,dim
0,1.216029245804682,1.2158850285147897,117,0.2,0.3,0.5,0.001,1
