,L2,L2_true,N,std,jump,jump_prob,ve,dim
0,3.418321956826974,0.06985144009935848,1178,0.01,0.3,0.5,0.01,1
