,L2,L2_true,N,std,jump,jump_prob,ve,dim
0,1.8871884043133431,1.7673094600680466,2,0.05,0.3,0.5,0.001,1
