,L2,L2_true,N,std,jump,jump_prob,ve,dim
0,3.6225253848671572,0.7449569732165646,1,0.01,0.3,0.5,0.01,1
