,L2,L2_true,N,std,jump,jump_prob,ve,dim
0,3.863897786535356,1.6025667598627087,5,0.01,0.3,0.5,0.01,2
