,L2,L2_true,N,std,jump,jump_prob,ve,dim
0,3.7461790502975485,1.6444864905510668,2,0.01,0.3,0.5,0.0025,2
