,L2,L2_true,N,std,jump,jump_prob,ve,dim
0,3.6355168102470685,0.8009892397594846,2,0.01,0.3,0.5,0.01,1
