,L2,L2_true,N,std,jump,jump_prob,ve,dim
0,3.4784368342642717,0.6450939432587806,517,0.01,0.3,0.5,0.01,2
