,L2,L2_true,N,std,jump,jump_prob,ve,dim
0,4.416409552891208,2.86116386424518,8,0.01,0.3,0.5,0.0025,3
