,L2,L2_true,N,std,jump,jump_prob,ve,dim
0,4.16139411771365,2.446266045803228,6,0.01,0.3,0.5,0.0025,3
