,L2,L2_true,N,std,jump,jump_prob,ve,dim
0,3.5649811274054493,1.0199694155348153,268,0.01,0.3,0.5,0.01,2
