,L2,L2_true,N,std,jump,jump_prob,ve,dim
0,0.2812199361372855,0.281468878553496,1637,0.2,0.3,0.5,0.001,1
