,L2,L2_true,N,std,jump,jump_prob,ve,dim
0,8.348880318600214,7.8667254615238,316,0.01,0.3,0.5,0.001,2
