,L2,L2_true,N,std,jump,jump_prob,ve,dim
0,8.013915252223143,7.285205678838334,71,0.01,0.3,0.5,0.0025,3
