,L2,L2_true,N,std,jump,jump_prob,ve,dim
0,3.719311736142943,1.8473847839200088,16,0.01,0.3,0.5,0.0025,1
