,L2,L2_true,N,std,jump,jump_prob,ve,dim
0,9.315636567966537,8.70688334270387,117,0.01,0.3,0.5,0.0025,3
