,L2,L2_true,N,std,jump,jump_prob,ve,dim
0,3.4257686652549992,0.24488815209451364,71,0.01,0.3,0.5,0.01,1
