,L2,L2_true,N,std,jump,jump_prob,ve,dim
0,8.072152996509667,7.586021797088656,439,0.01,0.3,0.5,0.001,2
