,L2,L2_true,N,std,jump,jump_prob,ve,dim
0,4.142370076521111,2.2405384966845214,43,0.01,0.3,0.5,0.01,2
