,L2,L2_true,N,std,jump,jump_prob,ve,dim
0,5.5776231736500375,4.34513561330307,84,0.01,0.3,0.5,0.01,3
