,L2,L2_true,N,std,jump,jump_prob,ve,dim
0,1.1640854926483502,1.1642190925335671,138,0.2,0.3,0.5,0.001,1
