,L2,L2_true,N,std,jump,jump_prob,ve,dim
0,5.893371385717959,4.934904751864057,71,0.01,0.3,0.5,0.0025,2
