,L2,L2_true,N,std,jump,jump_prob,ve,dim
0,7.737345318842305,7.232158269741673,517,0.01,0.3,0.5,0.001,2
