,L2,L2_true,N,std,jump,jump_prob,ve,dim
0,18.668507332272984,18.419187512957283,517,0.01,0.3,0.5,0.001,3
