,L2,L2_true,N,std,jump,jump_prob,ve,dim
0,8.449816914465094,7.964423381790461,268,0.01,0.3,0.5,0.001,2
