,L2,L2_true,N,std,jump,jump_prob,ve,dim
0,4.3743477609894965,2.7951627363759086,8,0.01,0.3,0.5,0.0025,3
