,L2,L2_true,N,std,jump,jump_prob,ve,dim
0,3.9114509817434486,2.318164211630053,3,0.01,0.3,0.5,0.001,3
