,L2,L2_true,N,std,jump,jump_prob,ve,dim
0,12.646600597685453,12.227162016021744,439,0.01,0.3,0.5,0.0025,3
