,L2,L2_true,N,std,jump,jump_prob,ve,dim
0,8.490746114885653,7.992618413189834,268,0.01,0.3,0.5,0.001,2
