,L2,L2_true,N,std,jump,jump_prob,ve,dim
0,5.730009475158293,4.807066153208273,26,0.01,0.3,0.5,0.001,2
