,L2,L2_true,N,std,jump,jump_prob,ve,dim
0,5.664284814916259,4.631219300778515,51,0.01,0.3,0.5,0.0025,2
