,L2,L2_true,N,std,jump,jump_prob,ve,dim
0,5.884786018648534,4.893649611678492,61,0.01,0.3,0.5,0.0025,2
