,L2,L2_true,N,std,jump,jump_prob,ve,dim
0,3.82626469936816,1.8218825932518297,3,0.01,0.3,0.5,0.0025,2
