,L2,L2_true,N,std,jump,jump_prob,ve,dim
0,3.36766804267673,1.4400142162256726,2000,0.01,0.3,0.5,0.0025,2
