,L2,L2_true,N,std,jump,jump_prob,ve,dim
0,3.4323124083880785,0.301454133283316,2275,0.01,0.3,0.5,0.01,2
