,L2,L2_true,N,std,jump,jump_prob,ve,dim
0,6.100994492701585,5.216063385565765,138,0.01,0.3,0.5,0.0025,2
