,L2,L2_true,N,std,jump,jump_prob,ve,dim
0,1.697046599491822,1.5752562948840638,3,0.05,0.3,0.5,0.001,1
