,L2,L2_true,N,std,jump,jump_prob,ve,dim
0,5.412228257557302,4.139139220167154,71,0.01,0.3,0.5,0.01,3
