,L2,L2_true,N,std,jump,jump_prob,ve,dim
0,2.1814671279686055,2.116332876308665,7,0.05,0.3,0.5,0.001,1
