,L2,L2_true,N,std,jump,jump_prob,ve,dim
0,4.975129862628076,3.678319861309075,16,0.01,0.3,0.5,0.0025,2
