,L2,L2_true,N,std,jump,jump_prob,ve,dim
0,14.918104583885963,14.597036077872714,316,0.01,0.3,0.5,0.001,3
