,L2,L2_true,N,std,jump,jump_prob,ve,dim
0,1.7208155364799864,1.6075744870747992,3,0.05,0.3,0.5,0.001,1
