,L2,L2_true,N,std,jump,jump_prob,ve,dim
0,12.870273257337974,12.464426889978695,517,0.01,0.3,0.5,0.0025,3
