,L2,L2_true,N,std,jump,jump_prob,ve,dim
0,1.073158219573643,1.0722765667753669,138,0.2,0.3,0.5,0.001,1
