,L2,L2_true,N,std,jump,jump_prob,ve,dim
0,0.49041316255137385,0.49031305658860613,517,0.2,0.3,0.5,0.001,1
