,L2,L2_true,N,std,jump,jump_prob,ve,dim
0,3.701180217196507,1.078472148861396,2,0.01,0.3,0.5,0.01,3
