,L2,L2_true,N,std,jump,jump_prob,ve,dim
0,9.794354277018602,9.318998972927945,3000,0.01,0.3,0.5,0.0025,3
