,L2,L2_true,N,std,jump,jump_prob,ve,dim
0,4.176610519222264,2.7579542471136396,6,0.01,0.3,0.5,0.001,3
