,L2,L2_true,N,std,jump,jump_prob,ve,dim
0,8.511979736955,8.04819173073378,372,0.01,0.3,0.5,0.001,2
