,L2,L2_true,N,std,jump,jump_prob,ve,dim
0,3.9920970514139653,2.5451974856245103,7,0.01,0.3,0.5,0.001,1
