,L2,L2_true,N,std,jump,jump_prob,ve,dim
0,1.1674368139779374,1.1682491685656753,138,0.2,0.3,0.5,0.001,1
