,L2,L2_true,N,std,jump,jump_prob,ve,dim
0,5.547222904083019,4.333682988478507,117,0.01,0.3,0.5,0.01,3
