,L2,L2_true,N,std,jump,jump_prob,ve,dim
0,5.4127502765137185,4.14768253095999,138,0.01,0.3,0.5,0.01,3
