,L2,L2_true,N,std,jump,jump_prob,ve,dim
0,0.36468559150996027,0.3012053656745763,1178,0.05,0.3,0.5,0.001,1
