,L2,L2_true,N,std,jump,jump_prob,ve,dim
0,3.0575846068439683,0.3648703110014314,227,0.01,0.3,0.5,0.0025,1
