,L2,L2_true,N,std,jump,jump_prob,ve,dim
0,4.128318082125716,2.4859475505609505,7,0.01,0.3,0.5,0.0025,1
