,L2,L2_true,N,std,jump,jump_prob,ve,dim
0,5.813455470015644,4.8853340740304265,117,0.01,0.3,0.5,0.0025,2
