,L2,L2_true,N,std,jump,jump_prob,ve,dim
0,6.295331048097116,5.318525978258596,37,0.01,0.3,0.5,0.0025,3
