,L2,L2_true,N,std,jump,jump_prob,ve,dim
0,5.63523806306219,4.584227186018109,51,0.01,0.3,0.5,0.0025,2
