,L2,L2_true,N,std,jump,jump_prob,ve,dim
0,3.4112175387891317,0.04469754696513845,3162,0.01,0.3,0.5,0.01,1
