,L2,L2_true,N,std,jump,jump_prob,ve,dim
0,3.7296968694893726,1.2061361346343054,2,0.01,0.3,0.5,0.01,3
