,L2,L2_true,N,std,jump,jump_prob,ve,dim
0,5.0132061249019015,3.9260509266798627,16,0.01,0.3,0.5,0.001,2
