,L2,L2_true,N,std,jump,jump_prob,ve,dim
0,12.601771395779302,12.198670159798954,1178,0.01,0.3,0.5,0.0025,3
