,L2,L2_true,N,std,jump,jump_prob,ve,dim
0,3.915016389729372,2.3152520098717657,4,0.01,0.3,0.5,0.001,2
