,L2,L2_true,N,std,jump,jump_prob,ve,dim
0,3.636217952264736,0.7447475572228138,1,0.01,0.3,0.5,0.01,1
