,L2,L2_true,N,std,jump,jump_prob,ve,dim
0,5.468578006912567,4.2286319520352995,117,0.01,0.3,0.5,0.01,3
