,L2,L2_true,N,std,jump,jump_prob,ve,dim
0,3.4133846745347576,0.12873557682232847,268,0.01,0.3,0.5,0.01,1
