,L2,L2_true,N,std,jump,jump_prob,ve,dim
0,2.0814040679584718,2.015534107530896,7,0.05,0.3,0.5,0.001,1
