,L2,L2_true,N,std,jump,jump_prob,ve,dim
0,4.041104479143319,2.0887484743331997,61,0.01,0.3,0.5,0.01,2
