,L2,L2_true,N,std,jump,jump_prob,ve,dim
0,5.538921313915232,4.579266353532537,193,0.01,0.3,0.5,0.0025,2
