,L2,L2_true,N,std,jump,jump_prob,ve,dim
0,3.3703651349303194,1.5143890416643853,31,0.01,0.3,0.5,0.0025,1
