,L2,L2_true,N,std,jump,jump_prob,ve,dim
0,4.132390015786138,2.694102417007206,6,0.01,0.3,0.5,0.001,2
