,L2,L2_true,N,std,jump,jump_prob,ve,dim
0,3.4412806696757716,0.3420495717167334,2000,0.01,0.3,0.5,0.01,2
