,L2,L2_true,N,std,jump,jump_prob,ve,dim
0,3.3909722193791403,1.2915228254991875,22,0.01,0.3,0.5,0.0025,1
