,L2,L2_true,N,std,jump,jump_prob,ve,dim
0,4.287659181875035,2.6490847085725195,8,0.01,0.3,0.5,0.0025,2
