,L2,L2_true,N,std,jump,jump_prob,ve,dim
0,2.215588643248493,2.2161859708024085,26,0.2,0.3,0.5,0.001,1
