,L2,L2_true,N,std,jump,jump_prob,ve,dim
0,3.051818478808167,0.3733987689192368,138,0.01,0.3,0.5,0.0025,1
