,L2,L2_true,N,std,jump,jump_prob,ve,dim
0,2.63557901830971,0.3663943441509019,610,0.01,0.3,0.5,0.001,1
