,L2,L2_true,N,std,jump,jump_prob,ve,dim
0,3.5742125055995064,0.9179903457292625,11,0.01,0.3,0.5,0.01,1
