,L2,L2_true,N,std,jump,jump_prob,ve,dim
0,4.017265769668469,2.2026554920445043,5,0.01,0.3,0.5,0.0025,2
