,L2,L2_true,N,std,jump,jump_prob,ve,dim
0,0.6279823212491709,0.6288105462036991,316,0.2,0.3,0.5,0.001,1
