,L2,L2_true,N,std,jump,jump_prob,ve,dim
0,3.175942973860477,3.173746397998032,16,0.2,0.3,0.5,0.001,1
