,L2,L2_true,N,std,jump,jump_prob,ve,dim
0,2.321735021384051,2.299699267987891,22,0.05,0.3,0.5,0.001,1
