,L2,L2_true,N,std,jump,jump_prob,ve,dim
0,0.46750853718343893,0.4096165042300277,848,0.05,0.3,0.5,0.001,1
