,L2,L2_true,N,std,jump,jump_prob,ve,dim
0,0.37775767688720674,0.37032073932016657,1,0.2,0.3,0.5,0.001,1
