,L2,L2_true,N,std,jump,jump_prob,ve,dim
0,0.9377669832969701,0.9373305803862987,2,0.2,0.3,0.5,0.001,1
