,L2,L2_true,N,std,jump,jump_prob,ve,dim
0,3.435244203345642,0.42233513153023466,1178,0.01,0.3,0.5,0.01,2
