,L2,L2_true,N,std,jump,jump_prob,ve,dim
0,9.266015484521935,8.654528419588821,117,0.01,0.3,0.5,0.0025,3
