,L2,L2_true,N,std,jump,jump_prob,ve,dim
0,4.9138389031624605,4.143294347514477,1637,0.01,0.3,0.5,0.001,2
