,L2,L2_true,N,std,jump,jump_prob,ve,dim
0,4.159775331156864,2.2161707167803955,10,0.01,0.3,0.5,0.01,2
