,L2,L2_true,N,std,jump,jump_prob,ve,dim
0,3.422307975051619,0.2824343215929224,138,0.01,0.3,0.5,0.01,1
