,L2,L2_true,N,std,jump,jump_prob,ve,dim
0,1.7843388940675375,1.7851676871788436,51,0.05,0.3,0.5,0.001,1
