,L2,L2_true,N,std,jump,jump_prob,ve,dim
0,0.8765709379030258,0.877235533560948,193,0.2,0.3,0.5,0.001,1
