,L2,L2_true,N,std,jump,jump_prob,ve,dim
0,3.666718805124248,2.043828121253195,1000,0.01,0.3,0.5,0.0025,2
