,L2,L2_true,N,std,jump,jump_prob,ve,dim
0,3.6372070278834103,0.9589007799596714,2,0.01,0.3,0.5,0.01,1
