,L2,L2_true,N,std,jump,jump_prob,ve,dim
0,0.3998503700005104,0.399827213775701,848,0.2,0.3,0.5,0.001,1
