,L2,L2_true,N,std,jump,jump_prob,ve,dim
0,3.9465318684831576,2.51832048220502,10,0.01,0.3,0.5,0.001,1
