,L2,L2_true,N,std,jump,jump_prob,ve,dim
0,10.781670817264306,10.269112351834687,193,0.01,0.3,0.5,0.0025,3
