,L2,L2_true,N,std,jump,jump_prob,ve,dim
0,2.9133627706861907,2.8943066330203897,22,0.05,0.3,0.5,0.001,1
