,L2,L2_true,N,std,jump,jump_prob,ve,dim
0,4.796677931607554,3.6318142463839536,13,0.01,0.3,0.5,0.001,2
