,L2,L2_true,N,std,jump,jump_prob,ve,dim
0,2.531633420857717,2.4596502750747002,8,0.05,0.3,0.5,0.001,1
