,L2,L2_true,N,std,jump,jump_prob,ve,dim
0,2.5257521558636777,2.4864891556545246,16,0.05,0.3,0.5,0.001,1
