,L2,L2_true,N,std,jump,jump_prob,ve,dim
0,2.5317050268687016,2.531630986108423,10,0.2,0.3,0.5,0.001,1
