,L2,L2_true,N,std,jump,jump_prob,ve,dim
0,11.651344630129294,11.188639609324133,316,0.01,0.3,0.5,0.0025,3
