,L2,L2_true,N,std,jump,jump_prob,ve,dim
0,0.44129459586956554,0.3982511452542901,719,0.05,0.3,0.5,0.001,1
