,L2,L2_true,N,std,jump,jump_prob,ve,dim
0,4.624377824241488,3.1733560664361047,11,0.01,0.3,0.5,0.0025,2
