,L2,L2_true,N,std,jump,jump_prob,ve,dim
0,3.60482519752772,0.8895357197336197,10,0.01,0.3,0.5,0.01,1
