,L2,L2_true,N,std,jump,jump_prob,ve,dim
0,3.442719102471201,0.32565230047822635,2000,0.01,0.3,0.5,0.01,2
