,L2,L2_true,N,std,jump,jump_prob,ve,dim
0,3.012466331700495,2.958865675215535,10,0.05,0.3,0.5,0.001,1
