,L2,L2_true,N,std,jump,jump_prob,ve,dim
0,3.7258592788653067,2.0351792346638238,3,0.01,0.3,0.5,0.001,1
