,L2,L2_true,N,std,jump,jump_prob,ve,dim
0,3.5785803073680618,1.1157412377833336,31,0.01,0.3,0.5,0.01,1
