,L2,L2_true,N,std,jump,jump_prob,ve,dim
0,3.9525026212079566,2.085501228816473,4,0.01,0.3,0.5,0.0025,3
