,L2,L2_true,N,std,jump,jump_prob,ve,dim
0,0.5684154380270809,0.485483775073263,517,0.05,0.3,0.5,0.001,1
