,L2,L2_true,N,std,jump,jump_prob,ve,dim
0,3.7989573076362535,2.4687130989003,16,0.01,0.3,0.5,0.001,1
