,L2,L2_true,N,std,jump,jump_prob,ve,dim
0,3.623848915113119,1.3292456389196605,1,0.01,0.3,0.5,0.0025,1
