,L2,L2_true,N,std,jump,jump_prob,ve,dim
0,6.444521229312342,5.8668425040331815,848,0.01,0.3,0.5,0.001,2
