,L2,L2_true,N,std,jump,jump_prob,ve,dim
0,4.349687433553044,2.5512314052305505,11,0.01,0.3,0.5,0.01,3
