,L2,L2_true,N,std,jump,jump_prob,ve,dim
0,24.881561050467944,24.71831470128807,3000,0.01,0.3,0.5,0.001,3
