,L2,L2_true,N,std,jump,jump_prob,ve,dim
0,3.885625913560979,1.8039544382272323,84,0.01,0.3,0.5,0.01,2
