,L2,L2_true,N,std,jump,jump_prob,ve,dim
0,2.6193819483600094,0.1832530457496899,1637,0.01,0.3,0.5,0.001,1
