,L2,L2_true,N,std,jump,jump_prob,ve,dim
0,3.9801609380796714,2.5247139970829973,7,0.01,0.3,0.5,0.001,1
