,L2,L2_true,N,std,jump,jump_prob,ve,dim
0,4.437504108487376,2.9105879078793757,10,0.01,0.3,0.5,0.0025,2
