,L2,L2_true,N,std,jump,jump_prob,ve,dim
0,6.481923203994605,5.901819962743973,848,0.01,0.3,0.5,0.001,2
