,L2,L2_true,N,std,jump,jump_prob,ve,dim
0,3.4393410630770416,0.3440936611663853,1637,0.01,0.3,0.5,0.01,2
