,L2,L2_true,N,std,jump,jump_prob,ve,dim
0,9.975763629287995,9.489112545186687,3000,0.01,0.3,0.5,0.0025,3
