,L2,L2_true,N,std,jump,jump_prob,ve,dim
0,8.382630347956459,7.89395955720218,268,0.01,0.3,0.5,0.001,2
