,L2,L2_true,N,std,jump,jump_prob,ve,dim
0,1.814138271712542,1.8157334627484758,5,0.2,0.3,0.5,0.001,1
