,L2,L2_true,N,std,jump,jump_prob,ve,dim
0,2.6241771451157523,0.2099115191120344,2275,0.01,0.3,0.5,0.001,1
