,L2,L2_true,N,std,jump,jump_prob,ve,dim
0,2.465858766134691,2.4058864845737307,11,0.05,0.3,0.5,0.001,1
