,L2,L2_true,N,std,jump,jump_prob,ve,dim
0,3.043222780475473,0.26318177024068307,719,0.01,0.3,0.5,0.0025,1
