,L2,L2_true,N,std,jump,jump_prob,ve,dim
0,3.413889562264177,0.060161929794316005,1637,0.01,0.3,0.5,0.01,1
