,L2,L2_true,N,std,jump,jump_prob,ve,dim
0,2.2912959077812802,2.291875847647822,43,0.2,0.3,0.5,0.001,1
