,L2,L2_true,N,std,jump,jump_prob,ve,dim
0,3.1324271358590225,1.6464569495135555,71,0.01,0.3,0.5,0.001,1
