,L2,L2_true,N,std,jump,jump_prob,ve,dim
0,4.109070712314217,2.361281613382347,6,0.01,0.3,0.5,0.0025,2
