,L2,L2_true,N,std,jump,jump_prob,ve,dim
0,1.7816004467871083,1.7816018215293816,71,0.2,0.3,0.5,0.001,1
