,L2,L2_true,N,std,jump,jump_prob,ve,dim
0,4.573146308544685,3.731078550644568,2000,0.01,0.3,0.5,0.001,2
