,L2,L2_true,N,std,jump,jump_prob,ve,dim
0,8.342116643944632,7.790277514688596,117,0.01,0.3,0.5,0.001,2
