,L2,L2_true,N,std,jump,jump_prob,ve,dim
0,17.36033832909908,17.090352590690486,439,0.01,0.3,0.5,0.001,3
