,L2,L2_true,N,std,jump,jump_prob,ve,dim
0,2.797718619677327,2.796506364581452,26,0.2,0.3,0.5,0.001,1
