,L2,L2_true,N,std,jump,jump_prob,ve,dim
0,2.8696769212730384,2.867348904084648,19,0.2,0.3,0.5,0.001,1
