,L2,L2_true,N,std,jump,jump_prob,ve,dim
0,3.413576810189862,0.051734276715268084,2275,0.01,0.3,0.5,0.01,1
