,L2,L2_true,N,std,jump,jump_prob,ve,dim
0,1.4736664975476854,1.4739764667008117,84,0.2,0.3,0.5,0.001,1
