,L2,L2_true,N,std,jump,jump_prob,ve,dim
0,0.6440838181549712,0.6443061570778276,372,0.2,0.3,0.5,0.001,1
