,L2,L2_true,N,std,jump,jump_prob,ve,dim
0,5.503159942172684,4.360642974896963,22,0.01,0.3,0.5,0.0025,3
