,L2,L2_true,N,std,jump,jump_prob,ve,dim
0,5.200764011109875,3.835110610466451,37,0.01,0.3,0.5,0.01,3
