,L2,L2_true,N,std,jump,jump_prob,ve,dim
0,4.063339222951048,2.0087211584853035,6,0.01,0.3,0.5,0.01,3
