,L2,L2_true,N,std,jump,jump_prob,ve,dim
0,5.423708999546125,4.165899077712255,117,0.01,0.3,0.5,0.01,3
