,L2,L2_true,N,std,jump,jump_prob,ve,dim
0,0.8415288006065583,0.8414122253955475,227,0.2,0.3,0.5,0.001,1
