,L2,L2_true,N,std,jump,jump_prob,ve,dim
0,4.223525045524903,2.9237694594535006,517,0.01,0.3,0.5,0.0025,2
