,L2,L2_true,N,std,jump,jump_prob,ve,dim
0,4.20675795059209,2.8862158909748903,517,0.01,0.3,0.5,0.0025,2
