,L2,L2_true,N,std,jump,jump_prob,ve,dim
0,1.0647810614492326,1.0648124669897214,138,0.2,0.3,0.5,0.001,1
