,L2,L2_true,N,std,jump,jump_prob,ve,dim
0,5.975260997360635,5.105111411049688,31,0.01,0.3,0.5,0.001,2
