,L2,L2_true,N,std,jump,jump_prob,ve,dim
0,12.280920270197857,11.84890168211947,439,0.01,0.3,0.5,0.0025,3
