,L2,L2_true,N,std,jump,jump_prob,ve,dim
0,3.052073741890388,0.32680794994633366,268,0.01,0.3,0.5,0.0025,1
