,L2,L2_true,N,std,jump,jump_prob,ve,dim
0,5.535134600527554,4.415243229189701,31,0.01,0.3,0.5,0.0025,2
