,L2,L2_true,N,std,jump,jump_prob,ve,dim
0,3.4186045131353304,0.09176192925535347,268,0.01,0.3,0.5,0.01,1
