,L2,L2_true,N,std,jump,jump_prob,ve,dim
0,4.356412933499672,2.769630431238858,8,0.01,0.3,0.5,0.0025,3
