,L2,L2_true,N,std,jump,jump_prob,ve,dim
0,2.625889112376346,2.6114617080942426,13,0.05,0.3,0.5,0.001,1
