,L2,L2_true,N,std,jump,jump_prob,ve,dim
0,3.5775953736788195,1.6320282120903336,13,0.01,0.3,0.5,0.0025,1
