,L2,L2_true,N,std,jump,jump_prob,ve,dim
0,3.4649666016318608,0.4565631776214548,1000,0.01,0.3,0.5,0.01,2
