,L2,L2_true,N,std,jump,jump_prob,ve,dim
0,5.915218846296734,4.923295381282749,43,0.01,0.3,0.5,0.0025,2
