,L2,L2_true,N,std,jump,jump_prob,ve,dim
0,19.90698838331599,19.684583752670765,719,0.01,0.3,0.5,0.001,3
