,L2,L2_true,N,std,jump,jump_prob,ve,dim
0,5.551073570380282,4.313399435471756,61,0.01,0.3,0.5,0.01,3
