,L2,L2_true,N,std,jump,jump_prob,ve,dim
0,1.4870040477306663,1.3436409784195418,2,0.05,0.3,0.5,0.001,1
