,L2,L2_true,N,std,jump,jump_prob,ve,dim
0,2.644525897225182,0.484009965442997,439,0.01,0.3,0.5,0.001,1
