,L2,L2_true,N,std,jump,jump_prob,ve,dim
0,3.434107216945897,2.0450352245215058,31,0.01,0.3,0.5,0.001,1
