,L2,L2_true,N,std,jump,jump_prob,ve,dim
0,3.0229638856963588,0.08204423260016548,2682,0.01,0.3,0.5,0.0025,1
