,L2,L2_true,N,std,jump,jump_prob,ve,dim
0,1.5307460767173298,1.5312080188667556,100,0.2,0.3,0.5,0.001,1
