,L2,L2_true,N,std,jump,jump_prob,ve,dim
0,3.6394105341395684,1.9981366198502495,1000,0.01,0.3,0.5,0.0025,2
