,L2,L2_true,N,std,jump,jump_prob,ve,dim
0,1.3529972566631725,1.3533702002259187,3,0.2,0.3,0.5,0.001,1
