,L2,L2_true,N,std,jump,jump_prob,ve,dim
0,4.184348260644305,2.472419555039549,6,0.01,0.3,0.5,0.0025,3
