,L2,L2_true,N,std,jump,jump_prob,ve,dim
0,0.37578532530136805,0.2563450628388158,1930,0.05,0.3,0.5,0.001,1
