,L2,L2_true,N,std,jump,jump_prob,ve,dim
0,7.95402843450369,7.364207213705771,100,0.01,0.3,0.5,0.001,2
