,L2,L2_true,N,std,jump,jump_prob,ve,dim
0,12.407132645798535,12.015414067041325,193,0.01,0.3,0.5,0.001,3
