,L2,L2_true,N,std,jump,jump_prob,ve,dim
0,3.758980737318132,1.5123766996676304,117,0.01,0.3,0.5,0.01,2
