,L2,L2_true,N,std,jump,jump_prob,ve,dim
0,9.95891822989328,9.448315553293703,100,0.01,0.3,0.5,0.001,3
