,L2,L2_true,N,std,jump,jump_prob,ve,dim
0,2.3572858275262463,2.305710366939548,13,0.05,0.3,0.5,0.001,1
