,L2,L2_true,N,std,jump,jump_prob,ve,dim
0,4.200197163122097,2.804277679792583,6,0.01,0.3,0.5,0.001,3
