,L2,L2_true,N,std,jump,jump_prob,ve,dim
0,8.093891518523977,7.519919157588007,117,0.01,0.3,0.5,0.001,2
