,L2,L2_true,N,std,jump,jump_prob,ve,dim
0,6.433973107954268,5.481620825329521,37,0.01,0.3,0.5,0.0025,3
