,L2,L2_true,N,std,jump,jump_prob,ve,dim
0,10.283134250945167,9.743388699478437,163,0.01,0.3,0.5,0.0025,3
