,L2,L2_true,N,std,jump,jump_prob,ve,dim
0,4.092012265375225,2.218365575696752,51,0.01,0.3,0.5,0.01,2
