,L2,L2_true,N,std,jump,jump_prob,ve,dim
0,3.6181087644136247,1.327639779809112,1,0.01,0.3,0.5,0.0025,3
