,L2,L2_true,N,std,jump,jump_prob,ve,dim
0,1.0547472148199073,1.0187405484324963,117,0.05,0.3,0.5,0.001,1
