,L2,L2_true,N,std,jump,jump_prob,ve,dim
0,1.8130274499114003,1.697373684716027,4,0.05,0.3,0.5,0.001,1
