,L2,L2_true,N,std,jump,jump_prob,ve,dim
0,3.4403917936128083,0.33346673133861254,1930,0.01,0.3,0.5,0.01,2
