,L2,L2_true,N,std,jump,jump_prob,ve,dim
0,4.806205224845312,3.3508026628519683,316,0.01,0.3,0.5,0.01,3
