,L2,L2_true,N,std,jump,jump_prob,ve,dim
0,3.6534163275968545,1.3861480366784231,2,0.01,0.3,0.5,0.0025,1
