,L2,L2_true,N,std,jump,jump_prob,ve,dim
0,6.919311570982675,6.380042579061385,719,0.01,0.3,0.5,0.001,2
