,L2,L2_true,N,std,jump,jump_prob,ve,dim
0,2.668611265409529,0.6092314683522861,227,0.01,0.3,0.5,0.001,1
