,L2,L2_true,N,std,jump,jump_prob,ve,dim
0,3.410012322031777,0.22299268982219522,100,0.01,0.3,0.5,0.01,1
