,L2,L2_true,N,std,jump,jump_prob,ve,dim
0,3.652982428952252,1.0997702683323414,10,0.01,0.3,0.5,0.01,1
