,L2,L2_true,N,std,jump,jump_prob,ve,dim
0,5.672919218592422,4.728793202319455,22,0.01,0.3,0.5,0.001,3
