,L2,L2_true,N,std,jump,jump_prob,ve,dim
0,8.43166194888015,7.9258678850090565,227,0.01,0.3,0.5,0.001,2
