,L2,L2_true,N,std,jump,jump_prob,ve,dim
0,2.533571470898165,2.5265462078294108,19,0.05,0.3,0.5,0.001,1
