,L2,L2_true,N,std,jump,jump_prob,ve,dim
0,4.277028220285542,2.5667296043068535,610,0.01,0.3,0.5,0.01,3
