,L2,L2_true,N,std,jump,jump_prob,ve,dim
0,8.44955738728227,7.981941521765443,372,0.01,0.3,0.5,0.001,2
