,L2,L2_true,N,std,jump,jump_prob,ve,dim
0,3.645054608309117,1.4783468063081653,6,0.01,0.3,0.5,0.0025,1
