,L2,L2_true,N,std,jump,jump_prob,ve,dim
0,5.6417811137816845,4.570246027530398,31,0.01,0.3,0.5,0.0025,2
