,L2,L2_true,N,std,jump,jump_prob,ve,dim
0,4.180652909446459,2.7724192632812588,6,0.01,0.3,0.5,0.001,3
