,L2,L2_true,N,std,jump,jump_prob,ve,dim
0,1.8952382210364886,1.7765905604894263,2,0.05,0.3,0.5,0.001,1
