,L2,L2_true,N,std,jump,jump_prob,ve,dim
0,3.826205898727524,1.8485630634394472,6,0.01,0.3,0.5,0.0025,1
