,L2,L2_true,N,std,jump,jump_prob,ve,dim
0,11.804643164030475,11.387065007528625,163,0.01,0.3,0.5,0.001,3
