,L2,L2_true,N,std,jump,jump_prob,ve,dim
0,18.07977110600879,17.823500311313396,517,0.01,0.3,0.5,0.001,3
