,L2,L2_true,N,std,jump,jump_prob,ve,dim
0,2.5588255973824654,2.5172310261899464,16,0.05,0.3,0.5,0.001,1
