,L2,L2_true,N,std,jump,jump_prob,ve,dim
0,4.526798311322026,3.504748217151521,22,0.01,0.3,0.5,0.001,1
