,L2,L2_true,N,std,jump,jump_prob,ve,dim
0,6.302025549941898,5.473255809075795,31,0.01,0.3,0.5,0.001,3
