,L2,L2_true,N,std,jump,jump_prob,ve,dim
0,3.8496744443795974,1.6481260640436461,8,0.01,0.3,0.5,0.01,1
