,L2,L2_true,N,std,jump,jump_prob,ve,dim
0,2.689594279282759,0.6711502726194531,163,0.01,0.3,0.5,0.001,1
