,L2,L2_true,N,std,jump,jump_prob,ve,dim
0,7.868630277732675,7.131422439567453,71,0.01,0.3,0.5,0.0025,3
