,L2,L2_true,N,std,jump,jump_prob,ve,dim
0,9.922234673734842,9.355337191672229,138,0.01,0.3,0.5,0.0025,3
