,L2,L2_true,N,std,jump,jump_prob,ve,dim
0,4.08628332431986,2.2497053154987303,848,0.01,0.3,0.5,0.01,3
