,L2,L2_true,N,std,jump,jump_prob,ve,dim
0,2.6389579253485187,2.6389366512619197,37,0.2,0.3,0.5,0.001,1
