,L2,L2_true,N,std,jump,jump_prob,ve,dim
0,5.292675034631095,4.59456934946094,1389,0.01,0.3,0.5,0.001,2
