,L2,L2_true,N,std,jump,jump_prob,ve,dim
0,0.9754695377210633,0.9329327386097619,138,0.05,0.3,0.5,0.001,1
