,L2,L2_true,N,std,jump,jump_prob,ve,dim
0,2.354868265344761,2.312331050861148,11,0.05,0.3,0.5,0.001,1
