,L2,L2_true,N,std,jump,jump_prob,ve,dim
0,3.0651943588365844,0.48850969069077355,84,0.01,0.3,0.5,0.0025,1
