,L2,L2_true,N,std,jump,jump_prob,ve,dim
0,3.818576531854705,1.4092114362262966,2,0.01,0.3,0.5,0.01,1
