,L2,L2_true,N,std,jump,jump_prob,ve,dim
0,3.6294152855457074,0.7447220365424568,1,0.01,0.3,0.5,0.01,1
