,L2,L2_true,N,std,jump,jump_prob,ve,dim
0,3.9757696047083804,2.0047111310958723,1000,0.01,0.3,0.5,0.01,3
