,L2,L2_true,N,std,jump,jump_prob,ve,dim
0,4.186918556535973,2.870186889121852,517,0.01,0.3,0.5,0.0025,2
