,L2,L2_true,N,std,jump,jump_prob,ve,dim
0,3.9549572969619833,2.955167840299267,3000,0.01,0.3,0.5,0.001,2
