,L2,L2_true,N,std,jump,jump_prob,ve,dim
0,3.849911870635337,2.213581873437508,3,0.01,0.3,0.5,0.001,2
