,L2,L2_true,N,std,jump,jump_prob,ve,dim
0,0.3777945714545137,0.370357334277321,1,0.2,0.3,0.5,0.001,1
