,L2,L2_true,N,std,jump,jump_prob,ve,dim
0,2.6302531086665817,0.27767805377480836,1637,0.01,0.3,0.5,0.001,1
