,L2,L2_true,N,std,jump,jump_prob,ve,dim
0,12.489409500140813,12.08992256447919,1000,0.01,0.3,0.5,0.0025,3
