,L2,L2_true,N,std,jump,jump_prob,ve,dim
0,4.966392436402065,4.213893688681086,1637,0.01,0.3,0.5,0.001,2
