,L2,L2_true,N,std,jump,jump_prob,ve,dim
0,3.6332803301924645,1.1929830683879126,163,0.01,0.3,0.5,0.01,2
