,L2,L2_true,N,std,jump,jump_prob,ve,dim
0,12.643502574672716,12.234064943933195,517,0.01,0.3,0.5,0.0025,3
