,L2,L2_true,N,std,jump,jump_prob,ve,dim
0,9.27535505160419,8.665202967759102,117,0.01,0.3,0.5,0.0025,3
