,L2,L2_true,N,std,jump,jump_prob,ve,dim
0,3.7670404622540588,1.5274271043637124,8,0.01,0.3,0.5,0.01,1
