,L2,L2_true,N,std,jump,jump_prob,ve,dim
0,3.6262725872179504,1.8046277156894641,1,0.01,0.3,0.5,0.001,1
