,L2,L2_true,N,std,jump,jump_prob,ve,dim
0,0.49729128421030017,0.49683282488790387,517,0.2,0.3,0.5,0.001,1
