,L2,L2_true,N,std,jump,jump_prob,ve,dim
0,3.406005381605238,1.6415941705800956,43,0.01,0.3,0.5,0.0025,1
