,L2,L2_true,N,std,jump,jump_prob,ve,dim
0,2.023419920192048,1.9323559709566318,5,0.05,0.3,0.5,0.001,1
