,L2,L2_true,N,std,jump,jump_prob,ve,dim
0,0.7354868332872116,0.7354458847062736,268,0.2,0.3,0.5,0.001,1
