,L2,L2_true,N,std,jump,jump_prob,ve,dim
0,3.034664387276051,0.09342456135753116,3162,0.01,0.3,0.5,0.0025,1
