,L2,L2_true,N,std,jump,jump_prob,ve,dim
0,12.6360723343317,12.234307985138756,848,0.01,0.3,0.5,0.0025,3
