,L2,L2_true,N,std,jump,jump_prob,ve,dim
0,1.3489860584964843,1.177720165817737,1,0.05,0.3,0.5,0.001,1
