,L2,L2_true,N,std,jump,jump_prob,ve,dim
0,4.226404464054251,2.2921820108939652,8,0.01,0.3,0.5,0.01,3
