,L2,L2_true,N,std,jump,jump_prob,ve,dim
0,3.91057834541606,1.858515237032594,71,0.01,0.3,0.5,0.01,2
