,L2,L2_true,N,std,jump,jump_prob,ve,dim
0,4.76945357605278,3.6513853170364396,316,0.01,0.3,0.5,0.0025,2
