,L2,L2_true,N,std,jump,jump_prob,ve,dim
0,4.158933015702146,2.352403988314704,719,0.01,0.3,0.5,0.01,3
