,L2,L2_true,N,std,jump,jump_prob,ve,dim
0,4.493644707797017,3.3519548276093873,13,0.01,0.3,0.5,0.001,1
