,L2,L2_true,N,std,jump,jump_prob,ve,dim
0,0.26360819650892775,0.2635521742872088,1930,0.2,0.3,0.5,0.001,1
