,L2,L2_true,N,std,jump,jump_prob,ve,dim
0,0.377935536402277,0.37049809010203766,1,0.2,0.3,0.5,0.001,1
