,L2,L2_true,N,std,jump,jump_prob,ve,dim
0,3.541033524150495,0.9291811865416941,268,0.01,0.3,0.5,0.01,2
