,L2,L2_true,N,std,jump,jump_prob,ve,dim
0,3.0302983553477296,0.2707402500448231,316,0.01,0.3,0.5,0.0025,1
