,L2,L2_true,N,std,jump,jump_prob,ve,dim
0,3.4121797676178174,0.07482253449840766,848,0.01,0.3,0.5,0.01,1
