,L2,L2_true,N,std,jump,jump_prob,ve,dim
0,3.4427146534953,2.2069939511266217,37,0.01,0.3,0.5,0.001,1
