,L2,L2_true,N,std,jump,jump_prob,ve,dim
0,3.1071334300737075,0.6953532020428332,84,0.01,0.3,0.5,0.0025,1
