,L2,L2_true,N,std,jump,jump_prob,ve,dim
0,4.115958838136794,2.1994136687331154,37,0.01,0.3,0.5,0.01,2
