,L2,L2_true,N,std,jump,jump_prob,ve,dim
0,3.4272909908691203,0.35588181472228464,61,0.01,0.3,0.5,0.01,1
