,L2,L2_true,N,std,jump,jump_prob,ve,dim
0,3.6181514967751323,1.1585074281097072,193,0.01,0.3,0.5,0.01,2
