,L2,L2_true,N,std,jump,jump_prob,ve,dim
0,3.1150782575930367,0.7574176343028612,71,0.01,0.3,0.5,0.0025,1
