,L2,L2_true,N,std,jump,jump_prob,ve,dim
0,3.7166420838345924,1.9694297368756561,2,0.01,0.3,0.5,0.001,3
