,L2,L2_true,N,std,jump,jump_prob,ve,dim
0,0.3208867197118752,0.21830158571810626,2275,0.05,0.3,0.5,0.001,1
