,L2,L2_true,N,std,jump,jump_prob,ve,dim
0,6.792159346409928,6.018603661865023,37,0.01,0.3,0.5,0.001,3
