,L2,L2_true,N,std,jump,jump_prob,ve,dim
0,3.595410409428833,1.1306581740997979,227,0.01,0.3,0.5,0.01,2
