,L2,L2_true,N,std,jump,jump_prob,ve,dim
0,2.4391532530126145,2.43993111336824,11,0.2,0.3,0.5,0.001,1
