,L2,L2_true,N,std,jump,jump_prob,ve,dim
0,5.264878387749788,4.255584075719623,227,0.01,0.3,0.5,0.0025,2
