,L2,L2_true,N,std,jump,jump_prob,ve,dim
0,0.9693596729195412,0.9622989805489269,138,0.05,0.3,0.5,0.001,1
