,L2,L2_true,N,std,jump,jump_prob,ve,dim
0,3.893270052569806,2.145094691213239,11,0.01,0.3,0.5,0.0025,1
