,L2,L2_true,N,std,jump,jump_prob,ve,dim
0,3.624313178567748,1.329367357605078,1,0.01,0.3,0.5,0.0025,1
