,L2,L2_true,N,std,jump,jump_prob,ve,dim
0,4.230578929125069,2.4397878158182786,43,0.01,0.3,0.5,0.01,2
