,L2,L2_true,N,std,jump,jump_prob,ve,dim
0,9.312062004614507,8.696020851460114,117,0.01,0.3,0.5,0.0025,3
