,L2,L2_true,N,std,jump,jump_prob,ve,dim
0,14.436287445103835,14.093656041694036,268,0.01,0.3,0.5,0.001,3
