,L2,L2_true,N,std,jump,jump_prob,ve,dim
0,4.944486772783841,4.179733888437983,1637,0.01,0.3,0.5,0.001,2
