,L2,L2_true,N,std,jump,jump_prob,ve,dim
0,0.2979216688304517,0.19718892200256738,3162,0.05,0.3,0.5,0.001,1
