,L2,L2_true,N,std,jump,jump_prob,ve,dim
0,4.051733724013389,2.7742847907964685,16,0.01,0.3,0.5,0.001,1
