,L2,L2_true,N,std,jump,jump_prob,ve,dim
0,2.620531091567033,0.187548769283835,1930,0.01,0.3,0.5,0.001,1
