,L2,L2_true,N,std,jump,jump_prob,ve,dim
0,6.902962499867969,6.176089604756171,61,0.01,0.3,0.5,0.001,2
