,L2,L2_true,N,std,jump,jump_prob,ve,dim
0,7.144094748134982,6.315907804170642,51,0.01,0.3,0.5,0.0025,3
