,L2,L2_true,N,std,jump,jump_prob,ve,dim
0,3.172474245768864,0.9451800197392086,61,0.01,0.3,0.5,0.0025,1
