,L2,L2_true,N,std,jump,jump_prob,ve,dim
0,11.535588471237464,11.070988411319346,268,0.01,0.3,0.5,0.0025,3
