,L2,L2_true,N,std,jump,jump_prob,ve,dim
0,3.0489212425678947,0.3455730700918462,316,0.01,0.3,0.5,0.0025,1
