,L2,L2_true,N,std,jump,jump_prob,ve,dim
0,4.054957544376727,2.3177314688034607,6,0.01,0.3,0.5,0.0025,1
