,L2,L2_true,N,std,jump,jump_prob,ve,dim
0,12.495654426137415,12.082229753826425,848,0.01,0.3,0.5,0.0025,3
