,L2,L2_true,N,std,jump,jump_prob,ve,dim
0,4.1876554588665895,2.4058481985285227,719,0.01,0.3,0.5,0.01,3
