,L2,L2_true,N,std,jump,jump_prob,ve,dim
0,24.00071598884268,23.81837191251177,1637,0.01,0.3,0.5,0.001,3
