,L2,L2_true,N,std,jump,jump_prob,ve,dim
0,6.135671325779056,5.138092658202003,31,0.01,0.3,0.5,0.0025,3
