,L2,L2_true,N,std,jump,jump_prob,ve,dim
0,3.566511199753142,0.8707487323522911,10,0.01,0.3,0.5,0.01,1
