,L2,L2_true,N,std,jump,jump_prob,ve,dim
0,2.8329274686709915,1.1364788821702232,163,0.01,0.3,0.5,0.001,1
