,L2,L2_true,N,std,jump,jump_prob,ve,dim
0,6.255155366702036,5.355287302688695,71,0.01,0.3,0.5,0.0025,2
