,L2,L2_true,N,std,jump,jump_prob,ve,dim
0,2.048712621026825,2.0480334825190427,51,0.2,0.3,0.5,0.001,1
