,L2,L2_true,N,std,jump,jump_prob,ve,dim
0,1.5445247275259,1.544627204142764,6,0.2,0.3,0.5,0.001,1
