,L2,L2_true,N,std,jump,jump_prob,ve,dim
0,3.6038278309290908,0.7448988954118458,1,0.01,0.3,0.5,0.01,1
