,L2,L2_true,N,std,jump,jump_prob,ve,dim
0,3.4381667562858977,0.3910946262541918,1389,0.01,0.3,0.5,0.01,2
