,L2,L2_true,N,std,jump,jump_prob,ve,dim
0,9.776671937953585,9.269556278075306,100,0.01,0.3,0.5,0.001,3
