,L2,L2_true,N,std,jump,jump_prob,ve,dim
0,10.554354093023399,10.091133106454667,117,0.01,0.3,0.5,0.001,3
