,L2,L2_true,N,std,jump,jump_prob,ve,dim
0,3.7087928945831643,1.431872887292457,1930,0.01,0.3,0.5,0.01,3
