,L2,L2_true,N,std,jump,jump_prob,ve,dim
0,2.633742221431571,0.4080386462455743,517,0.01,0.3,0.5,0.001,1
