,L2,L2_true,N,std,jump,jump_prob,ve,dim
0,1.4142345349581575,1.2522577219200504,2,0.05,0.3,0.5,0.001,1
