,L2,L2_true,N,std,jump,jump_prob,ve,dim
0,4.451550440736742,2.829055204889753,517,0.01,0.3,0.5,0.01,3
