,L2,L2_true,N,std,jump,jump_prob,ve,dim
0,5.028935994956777,3.986166558552548,268,0.01,0.3,0.5,0.0025,2
