,L2,L2_true,N,std,jump,jump_prob,ve,dim
0,3.0424362716881257,0.15412049765701477,1000,0.01,0.3,0.5,0.0025,1
