,L2,L2_true,N,std,jump,jump_prob,ve,dim
0,4.177620009619118,2.242918135534754,8,0.01,0.3,0.5,0.01,3
