,L2,L2_true,N,std,jump,jump_prob,ve,dim
0,8.67562068264931,8.213246814213472,316,0.01,0.3,0.5,0.001,2
