,L2,L2_true,N,std,jump,jump_prob,ve,dim
0,0.37814400470966947,0.3707006224767021,1,0.2,0.3,0.5,0.001,1
