,L2,L2_true,N,std,jump,jump_prob,ve,dim
0,7.091139758683501,6.399284394992137,61,0.01,0.3,0.5,0.001,2
