,L2,L2_true,N,std,jump,jump_prob,ve,dim
0,0.9836811412553342,0.9824339906689556,2,0.2,0.3,0.5,0.001,1
