,L2,L2_true,N,std,jump,jump_prob,ve,dim
0,3.6323313397825063,2.186475807177648,19,0.01,0.3,0.5,0.001,1
