,L2,L2_true,N,std,jump,jump_prob,ve,dim
0,25.030447653586457,24.86620396987917,2275,0.01,0.3,0.5,0.001,3
