,L2,L2_true,N,std,jump,jump_prob,ve,dim
0,1.39223142843862,1.392045123549993,84,0.2,0.3,0.5,0.001,1
