,L2,L2_true,N,std,jump,jump_prob,ve,dim
0,3.423024693035826,0.036137294433714,3162,0.01,0.3,0.5,0.01,1
