,L2,L2_true,N,std,jump,jump_prob,ve,dim
0,7.699805277493087,7.208929603463028,517,0.01,0.3,0.5,0.001,2
