,L2,L2_true,N,std,jump,jump_prob,ve,dim
0,5.7241536058136075,4.762101295303739,138,0.01,0.3,0.5,0.0025,2
