,L2,L2_true,N,std,jump,jump_prob,ve,dim
0,23.446041810710586,23.26482836385865,1637,0.01,0.3,0.5,0.001,3
