,L2,L2_true,N,std,jump,jump_prob,ve,dim
0,2.2037519445589857,2.204389995192347,10,0.2,0.3,0.5,0.001,1
