,L2,L2_true,N,std,jump,jump_prob,ve,dim
0,3.626921616267549,1.8012125957666616,16,0.01,0.3,0.5,0.0025,1
