,L2,L2_true,N,std,jump,jump_prob,ve,dim
0,6.668891088786093,5.76584124000137,43,0.01,0.3,0.5,0.0025,3
