,L2,L2_true,N,std,jump,jump_prob,ve,dim
0,4.1870812604845,2.3351642435469255,37,0.01,0.3,0.5,0.01,2
