,L2,L2_true,N,std,jump,jump_prob,ve,dim
0,3.4296309862875205,0.25993186657970674,3000,0.01,0.3,0.5,0.01,2
