,L2,L2_true,N,std,jump,jump_prob,ve,dim
0,5.856223459656604,5.195102755775839,1000,0.01,0.3,0.5,0.001,2
