,L2,L2_true,N,std,jump,jump_prob,ve,dim
0,3.4150164845730715,0.05679663473738175,3162,0.01,0.3,0.5,0.01,1
