,L2,L2_true,N,std,jump,jump_prob,ve,dim
0,5.143631756980342,3.823979171810914,193,0.01,0.3,0.5,0.01,3
