,L2,L2_true,N,std,jump,jump_prob,ve,dim
0,5.227003236730819,3.912084669335032,193,0.01,0.3,0.5,0.01,3
