,L2,L2_true,N,std,jump,jump_prob,ve,dim
0,2.6988595224842,0.6866296875860192,193,0.01,0.3,0.5,0.001,1
