,L2,L2_true,N,std,jump,jump_prob,ve,dim
0,6.7748661158827215,5.8822510683497455,43,0.01,0.3,0.5,0.0025,3
