,L2,L2_true,N,std,jump,jump_prob,ve,dim
0,2.760349876018606,2.6973860256645414,10,0.05,0.3,0.5,0.001,1
