,L2,L2_true,N,std,jump,jump_prob,ve,dim
0,1.7758418806639893,1.665881960492715,4,0.05,0.3,0.5,0.001,1
