,L2,L2_true,N,std,jump,jump_prob,ve,dim
0,0.40117072459313546,0.4010884554653379,848,0.2,0.3,0.5,0.001,1
