,L2,L2_true,N,std,jump,jump_prob,ve,dim
0,7.007110415163588,6.4652053797417235,610,0.01,0.3,0.5,0.001,2
