,L2,L2_true,N,std,jump,jump_prob,ve,dim
0,12.047698198473112,11.637578011532066,1389,0.01,0.3,0.5,0.0025,3
