,L2,L2_true,N,std,jump,jump_prob,ve,dim
0,0.5381986826774611,0.4663228162889456,517,0.05,0.3,0.5,0.001,1
