,L2,L2_true,N,std,jump,jump_prob,ve,dim
0,9.82520961640265,9.327574949695723,3000,0.01,0.3,0.5,0.0025,3
