,L2,L2_true,N,std,jump,jump_prob,ve,dim
0,0.7457545816628308,0.7456189222444278,316,0.2,0.3,0.5,0.001,1
