,L2,L2_true,N,std,jump,jump_prob,ve,dim
0,2.430919512241033,2.430872591406721,19,0.2,0.3,0.5,0.001,1
