,L2,L2_true,N,std,jump,jump_prob,ve,dim
0,0.40221657573828246,0.3368607674723457,1000,0.05,0.3,0.5,0.001,1
