,L2,L2_true,N,std,jump,jump_prob,ve,dim
0,2.6873729867082514,2.655054652987811,10,0.05,0.3,0.5,0.001,1
