,L2,L2_true,N,std,jump,jump_prob,ve,dim
0,2.7083799137348565,2.65529697551511,19,0.05,0.3,0.5,0.001,1
