,L2,L2_true,N,std,jump,jump_prob,ve,dim
0,21.914981223977794,21.71921298151398,1000,0.01,0.3,0.5,0.001,3
