,L2,L2_true,N,std,jump,jump_prob,ve,dim
0,18.25207679863329,17.99801172108476,517,0.01,0.3,0.5,0.001,3
