,L2,L2_true,N,std,jump,jump_prob,ve,dim
0,16.239618250537525,15.94591427191907,372,0.01,0.3,0.5,0.001,3
