,L2,L2_true,N,std,jump,jump_prob,ve,dim
0,3.7991966254570264,2.1620261104371767,3,0.01,0.3,0.5,0.001,2
