,L2,L2_true,N,std,jump,jump_prob,ve,dim
0,3.5623572346154804,0.956331715284501,13,0.01,0.3,0.5,0.01,1
