,L2,L2_true,N,std,jump,jump_prob,ve,dim
0,3.815586638587109,1.4171025889473485,3,0.01,0.3,0.5,0.01,3
