,L2,L2_true,N,std,jump,jump_prob,ve,dim
0,0.8929169582458891,0.8797749843395807,138,0.05,0.3,0.5,0.001,1
