,L2,L2_true,N,std,jump,jump_prob,ve,dim
0,5.084629631119692,3.750784524267341,227,0.01,0.3,0.5,0.01,3
