,L2,L2_true,N,std,jump,jump_prob,ve,dim
0,8.48599558447558,7.968150307557161,163,0.01,0.3,0.5,0.001,2
