,L2,L2_true,N,std,jump,jump_prob,ve,dim
0,4.082079301801591,2.306621163759796,5,0.01,0.3,0.5,0.0025,3
