,L2,L2_true,N,std,jump,jump_prob,ve,dim
0,6.67155428835367,5.900116051070579,37,0.01,0.3,0.5,0.001,2
