,L2,L2_true,N,std,jump,jump_prob,ve,dim
0,2.1294560613287348,2.1498486669148575,61,0.05,0.3,0.5,0.001,1
