,L2,L2_true,N,std,jump,jump_prob,ve,dim
0,2.091557366212369,2.0484212778250765,43,0.05,0.3,0.5,0.001,1
