,L2,L2_true,N,std,jump,jump_prob,ve,dim
0,3.0249947404090864,0.10809691135176948,2682,0.01,0.3,0.5,0.0025,1
