,L2,L2_true,N,std,jump,jump_prob,ve,dim
0,0.363438083813379,0.29203285364330356,1389,0.05,0.3,0.5,0.001,1
