,L2,L2_true,N,std,jump,jump_prob,ve,dim
0,2.89245214907478,1.224039407825072,117,0.01,0.3,0.5,0.001,1
