,L2,L2_true,N,std,jump,jump_prob,ve,dim
0,3.5690287802503766,0.7096196400977465,13,0.01,0.3,0.5,0.01,1
