,L2,L2_true,N,std,jump,jump_prob,ve,dim
0,0.3354101299941962,0.33516071731879005,1178,0.2,0.3,0.5,0.001,1
