,L2,L2_true,N,std,jump,jump_prob,ve,dim
0,3.627405890778453,1.8058999625389,1,0.01,0.3,0.5,0.001,1
