,L2,L2_true,N,std,jump,jump_prob,ve,dim
0,3.8466533907256375,1.9245080199530462,5,0.01,0.3,0.5,0.0025,1
