,L2,L2_true,N,std,jump,jump_prob,ve,dim
0,2.6226865706458744,0.17323355425769127,1930,0.01,0.3,0.5,0.001,1
