,L2,L2_true,N,std,jump,jump_prob,ve,dim
0,3.686032029132427,1.1334696678564833,4,0.01,0.3,0.5,0.01,1
