,L2,L2_true,N,std,jump,jump_prob,ve,dim
0,4.166109129476794,2.206975025973125,10,0.01,0.3,0.5,0.01,2
