,L2,L2_true,N,std,jump,jump_prob,ve,dim
0,5.702335862220424,5.053701157463667,1178,0.01,0.3,0.5,0.001,2
