,L2,L2_true,N,std,jump,jump_prob,ve,dim
0,11.865485061084069,11.451363293261803,163,0.01,0.3,0.5,0.001,3
