,L2,L2_true,N,std,jump,jump_prob,ve,dim
0,4.4184442030402105,2.868750746742872,10,0.01,0.3,0.5,0.0025,2
