,L2,L2_true,N,std,jump,jump_prob,ve,dim
0,6.009311455966834,5.106793672574908,117,0.01,0.3,0.5,0.0025,2
