,L2,L2_true,N,std,jump,jump_prob,ve,dim
0,10.385858055486034,9.916291265321044,117,0.01,0.3,0.5,0.001,3
