,L2,L2_true,N,std,jump,jump_prob,ve,dim
0,3.616083884649298,1.329881346453222,1,0.01,0.3,0.5,0.0025,3
