,L2,L2_true,N,std,jump,jump_prob,ve,dim
0,24.146940130889266,23.965408841113938,1637,0.01,0.3,0.5,0.001,3
