,L2,L2_true,N,std,jump,jump_prob,ve,dim
0,4.53062993145659,3.0319975727851176,11,0.01,0.3,0.5,0.0025,2
