,L2,L2_true,N,std,jump,jump_prob,ve,dim
0,2.7190930710326873,0.7413577766570394,163,0.01,0.3,0.5,0.001,1
