,L2,L2_true,N,std,jump,jump_prob,ve,dim
0,5.23214823539085,4.001207215430823,19,0.01,0.3,0.5,0.0025,3
