,L2,L2_true,N,std,jump,jump_prob,ve,dim
0,2.4656199679756297,2.4639863579861427,8,0.2,0.3,0.5,0.001,1
