,L2,L2_true,N,std,jump,jump_prob,ve,dim
0,2.4379906287413085,2.4210570088916374,19,0.05,0.3,0.5,0.001,1
