,L2,L2_true,N,std,jump,jump_prob,ve,dim
0,3.4386776678960795,0.42897590056714896,43,0.01,0.3,0.5,0.01,1
