,L2,L2_true,N,std,jump,jump_prob,ve,dim
0,3.7263548458910565,1.9553249009707774,10,0.01,0.3,0.5,0.0025,1
