,L2,L2_true,N,std,jump,jump_prob,ve,dim
0,2.344252220441674,2.305094098823536,11,0.05,0.3,0.5,0.001,1
