,L2,L2_true,N,std,jump,jump_prob,ve,dim
0,3.4238058957134996,0.10949935562677564,372,0.01,0.3,0.5,0.01,1
