,L2,L2_true,N,std,jump,jump_prob,ve,dim
0,3.4890255064667013,0.6337076924260071,19,0.01,0.3,0.5,0.01,1
