,L2,L2_true,N,std,jump,jump_prob,ve,dim
0,2.343847490069545,2.343463454230421,51,0.05,0.3,0.5,0.001,1
