,L2,L2_true,N,std,jump,jump_prob,ve,dim
0,1.6621582630681389,1.5311130139523377,3,0.05,0.3,0.5,0.001,1
