,L2,L2_true,N,std,jump,jump_prob,ve,dim
0,3.007712809745699,3.007764029592181,13,0.2,0.3,0.5,0.001,1
