,L2,L2_true,N,std,jump,jump_prob,ve,dim
0,0.8451434773897022,0.8441524799756676,193,0.2,0.3,0.5,0.001,1
