,L2,L2_true,N,std,jump,jump_prob,ve,dim
0,5.165156653867733,3.852287806749458,227,0.01,0.3,0.5,0.01,3
