,L2,L2_true,N,std,jump,jump_prob,ve,dim
0,9.849934471537855,9.2778791960265,138,0.01,0.3,0.5,0.0025,3
