,L2,L2_true,N,std,jump,jump_prob,ve,dim
0,3.4186055514051774,0.09285036145031929,848,0.01,0.3,0.5,0.01,1
