,L2,L2_true,N,std,jump,jump_prob,ve,dim
0,3.8103975623226285,1.822640320858135,5,0.01,0.3,0.5,0.0025,1
