,L2,L2_true,N,std,jump,jump_prob,ve,dim
0,5.872797956125333,4.961370275495109,138,0.01,0.3,0.5,0.0025,2
