,L2,L2_true,N,std,jump,jump_prob,ve,dim
0,3.9879862112572937,2.994447176108993,3000,0.01,0.3,0.5,0.001,2
