,L2,L2_true,N,std,jump,jump_prob,ve,dim
0,3.8489918511167933,1.8657534830244422,2,0.01,0.3,0.5,0.0025,1
