,L2,L2_true,N,std,jump,jump_prob,ve,dim
0,3.675801774071803,1.1548850157955606,6,0.01,0.3,0.5,0.01,1
