,L2,L2_true,N,std,jump,jump_prob,ve,dim
0,4.717655969497182,3.523232963859078,11,0.01,0.3,0.5,0.001,3
