,L2,L2_true,N,std,jump,jump_prob,ve,dim
0,3.042225476949903,0.32892444827445005,193,0.01,0.3,0.5,0.0025,1
