,L2,L2_true,N,std,jump,jump_prob,ve,dim
0,3.9262089595894403,1.879267936387494,61,0.01,0.3,0.5,0.01,2
