,L2,L2_true,N,std,jump,jump_prob,ve,dim
0,5.200506880647288,4.150510339430899,16,0.01,0.3,0.5,0.001,3
