,L2,L2_true,N,std,jump,jump_prob,ve,dim
0,2.3370543527540635,2.257639246840943,8,0.05,0.3,0.5,0.001,1
