,L2,L2_true,N,std,jump,jump_prob,ve,dim
0,6.029923183455419,5.095256297494468,84,0.01,0.3,0.5,0.0025,2
