,L2,L2_true,N,std,jump,jump_prob,ve,dim
0,3.4428892029882494,0.4288564499202779,1178,0.01,0.3,0.5,0.01,2
