,L2,L2_true,N,std,jump,jump_prob,ve,dim
0,11.92186393135463,11.502594059682721,163,0.01,0.3,0.5,0.001,3
