,L2,L2_true,N,std,jump,jump_prob,ve,dim
0,5.35763952304855,4.10483283312995,193,0.01,0.3,0.5,0.01,3
