,L2,L2_true,N,std,jump,jump_prob,ve,dim
0,3.42448257810764,0.24653066760300785,100,0.01,0.3,0.5,0.01,1
