,L2,L2_true,N,std,jump,jump_prob,ve,dim
0,2.130095972577445,2.1295569159545527,7,0.2,0.3,0.5,0.001,1
