,L2,L2_true,N,std,jump,jump_prob,ve,dim
0,2.6387443086885827,0.31179405741557387,848,0.01,0.3,0.5,0.001,1
