,L2,L2_true,N,std,jump,jump_prob,ve,dim
0,19.265951146688646,19.01893801709439,610,0.01,0.3,0.5,0.001,3
