,L2,L2_true,N,std,jump,jump_prob,ve,dim
0,3.6170538691864924,1.8034034612411272,1,0.01,0.3,0.5,0.001,1
