,L2,L2_true,N,std,jump,jump_prob,ve,dim
0,2.631132625589276,0.1948061200212429,1389,0.01,0.3,0.5,0.001,1
