,L2,L2_true,N,std,jump,jump_prob,ve,dim
0,2.6237756367493166,0.15795950530938388,2682,0.01,0.3,0.5,0.001,1
