,L2,L2_true,N,std,jump,jump_prob,ve,dim
0,3.6269849211787264,1.4338543854044092,2,0.01,0.3,0.5,0.0025,1
