,L2,L2_true,N,std,jump,jump_prob,ve,dim
0,3.4133866348211543,0.10345520071535885,1178,0.01,0.3,0.5,0.01,1
