,L2,L2_true,N,std,jump,jump_prob,ve,dim
0,3.8697970561262984,1.9330633828758876,6,0.01,0.3,0.5,0.0025,1
