,L2,L2_true,N,std,jump,jump_prob,ve,dim
0,4.132644963689323,2.1538283294269718,11,0.01,0.3,0.5,0.01,2
