,L2,L2_true,N,std,jump,jump_prob,ve,dim
0,6.74438564641108,5.9617938228889455,37,0.01,0.3,0.5,0.001,3
