,L2,L2_true,N,std,jump,jump_prob,ve,dim
0,1.762764213478478,1.761127957733373,4,0.2,0.3,0.5,0.001,1
