,L2,L2_true,N,std,jump,jump_prob,ve,dim
0,3.0873167245084114,0.6178811384007257,138,0.01,0.3,0.5,0.0025,1
