,L2,L2_true,N,std,jump,jump_prob,ve,dim
0,0.40701198741315836,0.3210090901680522,848,0.05,0.3,0.5,0.001,1
