,L2,L2_true,N,std,jump,jump_prob,ve,dim
0,2.632969281077569,0.26643814461438176,848,0.01,0.3,0.5,0.001,1
