,L2,L2_true,N,std,jump,jump_prob,ve,dim
0,4.979858138560086,3.922752067686551,316,0.01,0.3,0.5,0.0025,2
