,L2,L2_true,N,std,jump,jump_prob,ve,dim
0,4.706402603528993,3.5133346404603207,11,0.01,0.3,0.5,0.001,3
