,L2,L2_true,N,std,jump,jump_prob,ve,dim
0,3.3511069966928946,1.2599302478100174,31,0.01,0.3,0.5,0.0025,1
