,L2,L2_true,N,std,jump,jump_prob,ve,dim
0,3.9232419776892185,2.726539391632164,22,0.01,0.3,0.5,0.001,1
