,L2,L2_true,N,std,jump,jump_prob,ve,dim
0,17.208696421404856,16.943200806359766,439,0.01,0.3,0.5,0.001,3
