,L2,L2_true,N,std,jump,jump_prob,ve,dim
0,11.026520549748978,10.578918939150869,1930,0.01,0.3,0.5,0.0025,3
