,L2,L2_true,N,std,jump,jump_prob,ve,dim
0,3.420561745448039,0.23590246654986682,71,0.01,0.3,0.5,0.01,1
