,L2,L2_true,N,std,jump,jump_prob,ve,dim
0,3.0287852350950075,0.12356971308241575,1637,0.01,0.3,0.5,0.0025,1
