,L2,L2_true,N,std,jump,jump_prob,ve,dim
0,14.135018873611392,13.79594638828774,268,0.01,0.3,0.5,0.001,3
