,L2,L2_true,N,std,jump,jump_prob,ve,dim
0,3.6217811167763965,1.32978696211162,1,0.01,0.3,0.5,0.0025,1
