,L2,L2_true,N,std,jump,jump_prob,ve,dim
0,0.4389115690443747,0.4018064991551941,848,0.05,0.3,0.5,0.001,1
