,L2,L2_true,N,std,jump,jump_prob,ve,dim
0,25.01262953010182,24.835401335781896,2275,0.01,0.3,0.5,0.001,3
