,L2,L2_true,N,std,jump,jump_prob,ve,dim
0,2.794961930326082,2.7856610501055434,43,0.05,0.3,0.5,0.001,1
