,L2,L2_true,N,std,jump,jump_prob,ve,dim
0,11.855087049000254,11.44276775883073,163,0.01,0.3,0.5,0.001,3
