,L2,L2_true,N,std,jump,jump_prob,ve,dim
0,3.6305168856104557,1.8055946389209576,1,0.01,0.3,0.5,0.001,1
