,L2,L2_true,N,std,jump,jump_prob,ve,dim
0,3.5715668310680884,1.870357254879476,1178,0.01,0.3,0.5,0.0025,2
