,L2,L2_true,N,std,jump,jump_prob,ve,dim
0,3.0366265212100045,0.16671380202931751,719,0.01,0.3,0.5,0.0025,1
