,L2,L2_true,N,std,jump,jump_prob,ve,dim
0,12.57107892132268,12.162346328501533,1000,0.01,0.3,0.5,0.0025,3
