,L2,L2_true,N,std,jump,jump_prob,ve,dim
0,8.013812831428547,7.417310115806114,84,0.01,0.3,0.5,0.001,2
