,L2,L2_true,N,std,jump,jump_prob,ve,dim
0,4.510829727468328,2.80855779835292,13,0.01,0.3,0.5,0.01,3
