,L2,L2_true,N,std,jump,jump_prob,ve,dim
0,2.2597372377607865,2.1847919255050403,8,0.05,0.3,0.5,0.001,1
