,L2,L2_true,N,std,jump,jump_prob,ve,dim
0,8.343340815878882,7.642147197399277,84,0.01,0.3,0.5,0.0025,3
