,L2,L2_true,N,std,jump,jump_prob,ve,dim
0,3.895617226126191,2.4950825668634935,13,0.01,0.3,0.5,0.001,1
