,L2,L2_true,N,std,jump,jump_prob,ve,dim
0,5.786850897515228,4.770949134380014,51,0.01,0.3,0.5,0.0025,2
