,L2,L2_true,N,std,jump,jump_prob,ve,dim
0,3.0413705411145795,0.26841347006584004,439,0.01,0.3,0.5,0.0025,1
