,L2,L2_true,N,std,jump,jump_prob,ve,dim
0,3.4259359017572724,0.1690729725363278,268,0.01,0.3,0.5,0.01,1
