,L2,L2_true,N,std,jump,jump_prob,ve,dim
0,4.075468516224425,3.018529644217407,37,0.01,0.3,0.5,0.001,1
