,L2,L2_true,N,std,jump,jump_prob,ve,dim
0,4.436077047797342,2.8917045719892847,10,0.01,0.3,0.5,0.0025,2
