,L2,L2_true,N,std,jump,jump_prob,ve,dim
0,3.7400721701553685,1.485360962191726,117,0.01,0.3,0.5,0.01,2
