,L2,L2_true,N,std,jump,jump_prob,ve,dim
0,12.908628354563804,12.52960335286101,193,0.01,0.3,0.5,0.001,3
