,L2,L2_true,N,std,jump,jump_prob,ve,dim
0,2.139905033657153,2.046843549916333,5,0.05,0.3,0.5,0.001,1
