,L2,L2_true,N,std,jump,jump_prob,ve,dim
0,3.086975260854611,0.6724350113431264,100,0.01,0.3,0.5,0.0025,1
