,L2,L2_true,N,std,jump,jump_prob,ve,dim
0,2.350450708069903,2.3507190122076107,11,0.2,0.3,0.5,0.001,1
