,L2,L2_true,N,std,jump,jump_prob,ve,dim
0,1.4921586543043908,1.3493893899964524,2,0.05,0.3,0.5,0.001,1
