,L2,L2_true,N,std,jump,jump_prob,ve,dim
0,2.5718662180906775,2.5210886893451225,19,0.05,0.3,0.5,0.001,1
