,L2,L2_true,N,std,jump,jump_prob,ve,dim
0,2.303899924388576,2.257713587961383,13,0.05,0.3,0.5,0.001,1
