,L2,L2_true,N,std,jump,jump_prob,ve,dim
0,3.03416572722222,0.1494323042086779,1389,0.01,0.3,0.5,0.0025,1
