,L2,L2_true,N,std,jump,jump_prob,ve,dim
0,0.21520951287577245,0.21502183329234614,3162,0.2,0.3,0.5,0.001,1
