,L2,L2_true,N,std,jump,jump_prob,ve,dim
0,1.1958837526092136,1.1961716698799152,117,0.2,0.3,0.5,0.001,1
