,L2,L2_true,N,std,jump,jump_prob,ve,dim
0,4.875264600168436,3.534781192962819,16,0.01,0.3,0.5,0.0025,2
