,L2,L2_true,N,std,jump,jump_prob,ve,dim
0,0.7622611815650979,0.737966177610675,268,0.05,0.3,0.5,0.001,1
