,L2,L2_true,N,std,jump,jump_prob,ve,dim
0,3.7036807554042226,1.1332615163519717,2,0.01,0.3,0.5,0.01,3
