,L2,L2_true,N,std,jump,jump_prob,ve,dim
0,4.748418642334282,3.2818009197792164,372,0.01,0.3,0.5,0.01,3
