,L2,L2_true,N,std,jump,jump_prob,ve,dim
0,2.6615203613345138,2.6275141309852206,19,0.05,0.3,0.5,0.001,1
