,L2,L2_true,N,std,jump,jump_prob,ve,dim
0,3.987807093971105,2.652436860233361,16,0.01,0.3,0.5,0.001,1
