,L2,L2_true,N,std,jump,jump_prob,ve,dim
0,5.167083361521618,3.829851620933543,193,0.01,0.3,0.5,0.01,3
