,L2,L2_true,N,std,jump,jump_prob,ve,dim
0,0.3480244848796884,0.23987733107187112,1930,0.05,0.3,0.5,0.001,1
