,L2,L2_true,N,std,jump,jump_prob,ve,dim
0,5.239126763362633,4.012062768961091,19,0.01,0.3,0.5,0.0025,3
