,L2,L2_true,N,std,jump,jump_prob,ve,dim
0,3.891174089394121,2.2877148044854008,3,0.01,0.3,0.5,0.001,3
