,L2,L2_true,N,std,jump,jump_prob,ve,dim
0,3.514718146730922,0.809997738099961,316,0.01,0.3,0.5,0.01,2
