,L2,L2_true,N,std,jump,jump_prob,ve,dim
0,3.426626617600744,0.3399524120408786,84,0.01,0.3,0.5,0.01,1
