,L2,L2_true,N,std,jump,jump_prob,ve,dim
0,3.758613442574871,1.562473230767417,1637,0.01,0.3,0.5,0.01,3
