,L2,L2_true,N,std,jump,jump_prob,ve,dim
0,0.3628013568979158,0.36333061541167194,848,0.2,0.3,0.5,0.001,1
