,L2,L2_true,N,std,jump,jump_prob,ve,dim
0,3.092583118702542,0.7671313302812619,71,0.01,0.3,0.5,0.0025,1
