,L2,L2_true,N,std,jump,jump_prob,ve,dim
0,23.165398143687334,22.975138621872443,1178,0.01,0.3,0.5,0.001,3
