,L2,L2_true,N,std,jump,jump_prob,ve,dim
0,3.4325909814808186,0.3165028772853541,1930,0.01,0.3,0.5,0.01,2
