,L2,L2_true,N,std,jump,jump_prob,ve,dim
0,3.6231341458554307,1.3289447537290524,1,0.01,0.3,0.5,0.0025,3
