,L2,L2_true,N,std,jump,jump_prob,ve,dim
0,18.747835433401164,18.5032101338111,610,0.01,0.3,0.5,0.001,3
