,L2,L2_true,N,std,jump,jump_prob,ve,dim
0,11.006868821380625,10.504232531744623,227,0.01,0.3,0.5,0.0025,3
