,L2,L2_true,N,std,jump,jump_prob,ve,dim
0,4.898512095813433,3.8288558597791997,316,0.01,0.3,0.5,0.0025,2
