,L2,L2_true,N,std,jump,jump_prob,ve,dim
0,3.423397910687094,0.34682870894580325,71,0.01,0.3,0.5,0.01,1
