,L2,L2_true,N,std,jump,jump_prob,ve,dim
0,9.179608895800856,8.556701828213324,117,0.01,0.3,0.5,0.0025,3
