,L2,L2_true,N,std,jump,jump_prob,ve,dim
0,3.929220957408616,2.4836573952889798,719,0.01,0.3,0.5,0.0025,2
