,L2,L2_true,N,std,jump,jump_prob,ve,dim
0,3.6251847062266545,0.7446244461294148,1,0.01,0.3,0.5,0.01,3
