,L2,L2_true,N,std,jump,jump_prob,ve,dim
0,2.8616350135264494,2.8321516187536067,16,0.05,0.3,0.5,0.001,1
