,L2,L2_true,N,std,jump,jump_prob,ve,dim
0,0.9362323773612095,0.935882104046802,2,0.2,0.3,0.5,0.001,1
