,L2,L2_true,N,std,jump,jump_prob,ve,dim
0,1.3722946565865544,1.3694780771814234,3,0.2,0.3,0.5,0.001,1
