,L2,L2_true,N,std,jump,jump_prob,ve,dim
0,3.984842830353097,2.0368226376394167,1000,0.01,0.3,0.5,0.01,3
