,L2,L2_true,N,std,jump,jump_prob,ve,dim
0,3.62618120528897,0.7450423329102669,1,0.01,0.3,0.5,0.01,1
