,L2,L2_true,N,std,jump,jump_prob,ve,dim
0,3.642853913979138,1.4465540476099243,2,0.01,0.3,0.5,0.0025,1
