,L2,L2_true,N,std,jump,jump_prob,ve,dim
0,5.281975691437475,4.107171517416299,22,0.01,0.3,0.5,0.0025,2
