,L2,L2_true,N,std,jump,jump_prob,ve,dim
0,2.8924102530684688,2.8932054698268432,26,0.2,0.3,0.5,0.001,1
