,L2,L2_true,N,std,jump,jump_prob,ve,dim
0,1.9307713734662422,1.9284449568175996,5,0.2,0.3,0.5,0.001,1
