,L2,L2_true,N,std,jump,jump_prob,ve,dim
0,11.072106476978473,10.626177902378657,138,0.01,0.3,0.5,0.001,3
