,L2,L2_true,N,std,jump,jump_prob,ve,dim
0,2.1506437884826903,2.1508373935150202,22,0.2,0.3,0.5,0.001,1
