,L2,L2_true,N,std,jump,jump_prob,ve,dim
0,2.17287243321557,2.1733058871079773,7,0.2,0.3,0.5,0.001,1
