,L2,L2_true,N,std,jump,jump_prob,ve,dim
0,3.728582547839776,1.5896297745965284,2,0.01,0.3,0.5,0.0025,3
