,L2,L2_true,N,std,jump,jump_prob,ve,dim
0,3.268581281466928,1.9066231580069328,51,0.01,0.3,0.5,0.001,1
