,L2,L2_true,N,std,jump,jump_prob,ve,dim
0,3.4453027999834367,0.5133487996275113,31,0.01,0.3,0.5,0.01,1
