,L2,L2_true,N,std,jump,jump_prob,ve,dim
0,5.241534423269081,4.5157799792222875,1389,0.01,0.3,0.5,0.001,2
