,L2,L2_true,N,std,jump,jump_prob,ve,dim
0,0.3543401220803401,0.271620181821552,1637,0.05,0.3,0.5,0.001,1
