,L2,L2_true,N,std,jump,jump_prob,ve,dim
0,3.4147476720350745,0.10270798669729128,719,0.01,0.3,0.5,0.01,1
