,L2,L2_true,N,std,jump,jump_prob,ve,dim
0,1.498191369185056,1.3550339087864793,2,0.05,0.3,0.5,0.001,1
