,L2,L2_true,N,std,jump,jump_prob,ve,dim
0,8.397757270249045,7.881755576397485,193,0.01,0.3,0.5,0.001,2
