,L2,L2_true,N,std,jump,jump_prob,ve,dim
0,3.639076207801305,1.3749211012351883,2,0.01,0.3,0.5,0.0025,1
