,L2,L2_true,N,std,jump,jump_prob,ve,dim
0,5.314359511186443,4.31745910373834,227,0.01,0.3,0.5,0.0025,2
