,L2,L2_true,N,std,jump,jump_prob,ve,dim
0,3.4151594643491285,0.12028211962337575,138,0.01,0.3,0.5,0.01,1
