,L2,L2_true,N,std,jump,jump_prob,ve,dim
0,3.5451070601244523,1.629394791435638,16,0.01,0.3,0.5,0.0025,1
