,L2,L2_true,N,std,jump,jump_prob,ve,dim
0,4.6274480905086595,3.1937688475421546,11,0.01,0.3,0.5,0.0025,3
