,L2,L2_true,N,std,jump,jump_prob,ve,dim
0,3.8244376548305055,1.803129592801282,2,0.01,0.3,0.5,0.0025,1
