,L2,L2_true,N,std,jump,jump_prob,ve,dim
0,11.960302094417555,11.543689947192863,163,0.01,0.3,0.5,0.001,3
