,L2,L2_true,N,std,jump,jump_prob,ve,dim
0,12.704907307706,12.302023168218067,719,0.01,0.3,0.5,0.0025,3
