,L2,L2_true,N,std,jump,jump_prob,ve,dim
0,1.8639036687081063,1.8635563789706293,5,0.2,0.3,0.5,0.001,1
