,L2,L2_true,N,std,jump,jump_prob,ve,dim
0,2.4077608580888072,2.406757830919777,10,0.2,0.3,0.5,0.001,1
