,L2,L2_true,N,std,jump,jump_prob,ve,dim
0,6.080412219947271,5.203986331597072,26,0.01,0.3,0.5,0.001,3
