,L2,L2_true,N,std,jump,jump_prob,ve,dim
0,3.5446169895577446,1.8315870608538947,1178,0.01,0.3,0.5,0.0025,2
