,L2,L2_true,N,std,jump,jump_prob,ve,dim
0,5.164095881320293,3.9308785011279506,22,0.01,0.3,0.5,0.0025,2
