,L2,L2_true,N,std,jump,jump_prob,ve,dim
0,3.039046356908395,0.20611671172513657,517,0.01,0.3,0.5,0.0025,1
