,L2,L2_true,N,std,jump,jump_prob,ve,dim
0,3.6330591404521275,1.2065012471854923,163,0.01,0.3,0.5,0.01,2
