,L2,L2_true,N,std,jump,jump_prob,ve,dim
0,6.138273962528392,5.136305606811954,31,0.01,0.3,0.5,0.0025,3
