,L2,L2_true,N,std,jump,jump_prob,ve,dim
0,2.2518134840320063,2.1525943157020424,5,0.05,0.3,0.5,0.001,1
