,L2,L2_true,N,std,jump,jump_prob,ve,dim
0,24.700971334464743,24.53977632874848,3000,0.01,0.3,0.5,0.001,3
