,L2,L2_true,N,std,jump,jump_prob,ve,dim
0,5.518798689928447,4.300461095481848,138,0.01,0.3,0.5,0.01,3
