,L2,L2_true,N,std,jump,jump_prob,ve,dim
0,12.98136375899611,12.591611748339393,610,0.01,0.3,0.5,0.0025,3
