,L2,L2_true,N,std,jump,jump_prob,ve,dim
0,10.095444865454041,9.541443852462853,163,0.01,0.3,0.5,0.0025,3
