,L2,L2_true,N,std,jump,jump_prob,ve,dim
0,1.2536562601466634,1.2556655656210554,4,0.2,0.3,0.5,0.001,1
