,L2,L2_true,N,std,jump,jump_prob,ve,dim
0,3.8659906591680295,1.5797541242340962,4,0.01,0.3,0.5,0.01,2
