,L2,L2_true,N,std,jump,jump_prob,ve,dim
0,10.310009383985474,9.776662868535789,163,0.01,0.3,0.5,0.0025,3
