,L2,L2_true,N,std,jump,jump_prob,ve,dim
0,5.478266105460174,4.233521085549575,117,0.01,0.3,0.5,0.01,3
