,L2,L2_true,N,std,jump,jump_prob,ve,dim
0,3.7205067073739424,1.8442052359943002,13,0.01,0.3,0.5,0.0025,1
