,L2,L2_true,N,std,jump,jump_prob,ve,dim
0,3.427063404268993,0.3996032157743737,37,0.01,0.3,0.5,0.01,1
