,L2,L2_true,N,std,jump,jump_prob,ve,dim
0,12.727986392288148,12.343510160047671,193,0.01,0.3,0.5,0.001,3
