,L2,L2_true,N,std,jump,jump_prob,ve,dim
0,6.439357146476859,5.4942640543866474,37,0.01,0.3,0.5,0.0025,3
