,L2,L2_true,N,std,jump,jump_prob,ve,dim
0,3.090093239557228,0.6460034068887672,100,0.01,0.3,0.5,0.0025,1
