,L2,L2_true,N,std,jump,jump_prob,ve,dim
0,5.755496041989091,4.841191673750941,163,0.01,0.3,0.5,0.0025,2
