,L2,L2_true,N,std,jump,jump_prob,ve,dim
0,0.41042871895113814,0.41161695384406705,848,0.2,0.3,0.5,0.001,1
