,L2,L2_true,N,std,jump,jump_prob,ve,dim
0,3.715545781828333,1.439313028869761,117,0.01,0.3,0.5,0.01,2
