,L2,L2_true,N,std,jump,jump_prob,ve,dim
0,3.425415309219005,0.264693540968607,3000,0.01,0.3,0.5,0.01,2
