,L2,L2_true,N,std,jump,jump_prob,ve,dim
0,5.661122012529089,4.716776889678816,22,0.01,0.3,0.5,0.001,3
