,L2,L2_true,N,std,jump,jump_prob,ve,dim
0,3.424552766885235,0.10535477467508006,316,0.01,0.3,0.5,0.01,1
