,L2,L2_true,N,std,jump,jump_prob,ve,dim
0,4.136398704519151,2.234252655977441,31,0.01,0.3,0.5,0.01,2
