,L2,L2_true,N,std,jump,jump_prob,ve,dim
0,3.0550622750079723,0.35425367977644745,227,0.01,0.3,0.5,0.0025,1
