,L2,L2_true,N,std,jump,jump_prob,ve,dim
0,6.633198976207143,6.059804533189978,719,0.01,0.3,0.5,0.001,2
