,L2,L2_true,N,std,jump,jump_prob,ve,dim
0,4.193227606296004,2.381620244329562,43,0.01,0.3,0.5,0.01,2
