,L2,L2_true,N,std,jump,jump_prob,ve,dim
0,3.8143031695549863,2.230677458569006,6,0.01,0.3,0.5,0.001,1
