,L2,L2_true,N,std,jump,jump_prob,ve,dim
0,2.6150899400447414,0.15640935285649565,2275,0.01,0.3,0.5,0.001,1
