,L2,L2_true,N,std,jump,jump_prob,ve,dim
0,5.813555902819322,4.782717759299229,37,0.01,0.3,0.5,0.0025,2
