,L2,L2_true,N,std,jump,jump_prob,ve,dim
0,0.4316766532806845,0.4312989087118158,610,0.2,0.3,0.5,0.001,1
