,L2,L2_true,N,std,jump,jump_prob,ve,dim
0,11.142397398074829,10.697880725718177,138,0.01,0.3,0.5,0.001,3
