,L2,L2_true,N,std,jump,jump_prob,ve,dim
0,4.519534195054373,3.255879009556601,10,0.01,0.3,0.5,0.001,2
