,L2,L2_true,N,std,jump,jump_prob,ve,dim
0,0.8237353233037302,0.7954932588186463,193,0.05,0.3,0.5,0.001,1
