,L2,L2_true,N,std,jump,jump_prob,ve,dim
0,11.168809814664607,10.7338470927264,1930,0.01,0.3,0.5,0.0025,3
