,L2,L2_true,N,std,jump,jump_prob,ve,dim
0,2.337314030448572,2.255172224859429,8,0.05,0.3,0.5,0.001,1
