,L2,L2_true,N,std,jump,jump_prob,ve,dim
0,3.036491586863656,0.11499326902116816,1389,0.01,0.3,0.5,0.0025,1
