,L2,L2_true,N,std,jump,jump_prob,ve,dim
0,3.639438672518622,0.9632441161675009,5,0.01,0.3,0.5,0.01,1
