,L2,L2_true,N,std,jump,jump_prob,ve,dim
0,6.409995443311852,5.544214259400609,100,0.01,0.3,0.5,0.0025,2
