,L2,L2_true,N,std,jump,jump_prob,ve,dim
0,5.555215167057982,4.5964781258220535,193,0.01,0.3,0.5,0.0025,2
