,L2,L2_true,N,std,jump,jump_prob,ve,dim
0,1.5810990582731377,1.5786964330975932,10,0.2,0.3,0.5,0.001,1
