,L2,L2_true,N,std,jump,jump_prob,ve,dim
0,3.922051375151091,2.4686933208198285,719,0.01,0.3,0.5,0.0025,2
