,L2,L2_true,N,std,jump,jump_prob,ve,dim
0,2.1357132555629823,2.076432392209491,26,0.05,0.3,0.5,0.001,1
