,L2,L2_true,N,std,jump,jump_prob,ve,dim
0,8.843264473094267,8.353189621297787,193,0.01,0.3,0.5,0.001,2
