,L2,L2_true,N,std,jump,jump_prob,ve,dim
0,4.2432477996481275,2.3924651933649046,13,0.01,0.3,0.5,0.01,2
