,L2,L2_true,N,std,jump,jump_prob,ve,dim
0,3.40616884744016,1.5538929061360514,1637,0.01,0.3,0.5,0.0025,2
