,L2,L2_true,N,std,jump,jump_prob,ve,dim
0,3.139670472007412,0.8731307534714352,61,0.01,0.3,0.5,0.0025,1
