,L2,L2_true,N,std,jump,jump_prob,ve,dim
0,1.9608067685411008,1.958963561946576,5,0.2,0.3,0.5,0.001,1
