,L2,L2_true,N,std,jump,jump_prob,ve,dim
0,4.019516759486903,2.0602005497330635,61,0.01,0.3,0.5,0.01,2
