,L2,L2_true,N,std,jump,jump_prob,ve,dim
0,2.13493643782244,2.043478045071472,5,0.05,0.3,0.5,0.001,1
