,L2,L2_true,N,std,jump,jump_prob,ve,dim
0,3.5845964897574043,0.9655229591420269,8,0.01,0.3,0.5,0.01,1
