,L2,L2_true,N,std,jump,jump_prob,ve,dim
0,4.56440203843017,3.089881000674447,11,0.01,0.3,0.5,0.0025,2
