,L2,L2_true,N,std,jump,jump_prob,ve,dim
0,3.6273082978799707,1.247321934701428,22,0.01,0.3,0.5,0.01,1
