,L2,L2_true,N,std,jump,jump_prob,ve,dim
0,2.897338209352479,1.2607051243710046,100,0.01,0.3,0.5,0.001,1
