,L2,L2_true,N,std,jump,jump_prob,ve,dim
0,12.14868314096031,11.729810269987347,1178,0.01,0.3,0.5,0.0025,3
