,L2,L2_true,N,std,jump,jump_prob,ve,dim
0,1.3991253953502387,1.3990497090034772,84,0.2,0.3,0.5,0.001,1
