,L2,L2_true,N,std,jump,jump_prob,ve,dim
0,5.842590356333535,4.945837816049391,193,0.01,0.3,0.5,0.0025,2
