,L2,L2_true,N,std,jump,jump_prob,ve,dim
0,2.303229927079903,2.2639919619143254,11,0.05,0.3,0.5,0.001,1
