,L2,L2_true,N,std,jump,jump_prob,ve,dim
0,3.96377242010823,1.7908352696252572,5,0.01,0.3,0.5,0.01,3
