,L2,L2_true,N,std,jump,jump_prob,ve,dim
0,3.6376073858731863,0.9381637569755756,2,0.01,0.3,0.5,0.01,1
