,L2,L2_true,N,std,jump,jump_prob,ve,dim
0,1.6934818723468243,1.6641263252485523,43,0.05,0.3,0.5,0.001,1
