,L2,L2_true,N,std,jump,jump_prob,ve,dim
0,8.63362494482633,8.129999269167993,193,0.01,0.3,0.5,0.001,2
