,L2,L2_true,N,std,jump,jump_prob,ve,dim
0,3.2035748982621874,3.1724203344281605,22,0.05,0.3,0.5,0.001,1
