,L2,L2_true,N,std,jump,jump_prob,ve,dim
0,3.6596182366968804,2.040368648110329,1000,0.01,0.3,0.5,0.0025,2
