,L2,L2_true,N,std,jump,jump_prob,ve,dim
0,4.169687018055058,2.8056731840137497,8,0.01,0.3,0.5,0.001,1
