,L2,L2_true,N,std,jump,jump_prob,ve,dim
0,6.181686954101628,5.295966150262923,117,0.01,0.3,0.5,0.0025,2
