,L2,L2_true,N,std,jump,jump_prob,ve,dim
0,3.435497966995386,0.3611205897213188,1389,0.01,0.3,0.5,0.01,2
