,L2,L2_true,N,std,jump,jump_prob,ve,dim
0,4.798498443187866,3.4269160348604046,13,0.01,0.3,0.5,0.0025,3
