,L2,L2_true,N,std,jump,jump_prob,ve,dim
0,10.608186350675002,10.087140060089629,193,0.01,0.3,0.5,0.0025,3
