,L2,L2_true,N,std,jump,jump_prob,ve,dim
0,3.4104083914570054,0.2232348330676712,227,0.01,0.3,0.5,0.01,1
