,L2,L2_true,N,std,jump,jump_prob,ve,dim
0,1.341263313349789,1.3275105579128446,84,0.05,0.3,0.5,0.001,1
