,L2,L2_true,N,std,jump,jump_prob,ve,dim
0,2.2438727956934623,2.238667476713511,26,0.05,0.3,0.5,0.001,1
