,L2,L2_true,N,std,jump,jump_prob,ve,dim
0,6.114631098438138,5.114218779113237,31,0.01,0.3,0.5,0.0025,3
