,L2,L2_true,N,std,jump,jump_prob,ve,dim
0,8.289522188162609,7.747626606841831,163,0.01,0.3,0.5,0.001,2
