,L2,L2_true,N,std,jump,jump_prob,ve,dim
0,5.459878400110459,4.477953736068748,22,0.01,0.3,0.5,0.001,2
