,L2,L2_true,N,std,jump,jump_prob,ve,dim
0,3.730764937384579,1.7640283974563464,10,0.01,0.3,0.5,0.0025,1
