,L2,L2_true,N,std,jump,jump_prob,ve,dim
0,3.988018000528595,2.0422804098567555,1000,0.01,0.3,0.5,0.01,3
