,L2,L2_true,N,std,jump,jump_prob,ve,dim
0,3.4280042327382367,0.17622309382749765,193,0.01,0.3,0.5,0.01,1
