,L2,L2_true,N,std,jump,jump_prob,ve,dim
0,0.8360728869185542,0.8355208857280937,227,0.2,0.3,0.5,0.001,1
