,L2,L2_true,N,std,jump,jump_prob,ve,dim
0,3.6182424782170624,1.328644948052867,1,0.01,0.3,0.5,0.0025,1
