,L2,L2_true,N,std,jump,jump_prob,ve,dim
0,3.3012570584044756,2.0223840541075635,61,0.01,0.3,0.5,0.001,1
