,L2,L2_true,N,std,jump,jump_prob,ve,dim
0,2.618221952353887,0.19057961534827816,1637,0.01,0.3,0.5,0.001,1
