,L2,L2_true,N,std,jump,jump_prob,ve,dim
0,3.420741365105464,0.4212825315915632,84,0.01,0.3,0.5,0.01,1
