,L2,L2_true,N,std,jump,jump_prob,ve,dim
0,3.9688661540880648,1.8171671702969359,5,0.01,0.3,0.5,0.01,3
