,L2,L2_true,N,std,jump,jump_prob,ve,dim
0,8.199978996288936,7.648002419019566,138,0.01,0.3,0.5,0.001,2
