,L2,L2_true,N,std,jump,jump_prob,ve,dim
0,4.32081875585377,2.972393675294974,7,0.01,0.3,0.5,0.001,2
