,L2,L2_true,N,std,jump,jump_prob,ve,dim
0,0.3482947113771023,0.34796849067897456,1000,0.2,0.3,0.5,0.001,1
