,L2,L2_true,N,std,jump,jump_prob,ve,dim
0,5.282622944978957,4.573609440863451,1389,0.01,0.3,0.5,0.001,2
