,L2,L2_true,N,std,jump,jump_prob,ve,dim
0,3.4341580385272734,0.2573276585725567,3000,0.01,0.3,0.5,0.01,2
