,L2,L2_true,N,std,jump,jump_prob,ve,dim
0,0.8694884104911879,0.870369211772433,2,0.2,0.3,0.5,0.001,1
