,L2,L2_true,N,std,jump,jump_prob,ve,dim
0,5.69069724348654,4.754455179600547,22,0.01,0.3,0.5,0.001,3
