,L2,L2_true,N,std,jump,jump_prob,ve,dim
0,5.296882123192565,4.2686603217380785,19,0.01,0.3,0.5,0.001,2
