,L2,L2_true,N,std,jump,jump_prob,ve,dim
0,3.0319291551401464,0.10258449047929702,1930,0.01,0.3,0.5,0.0025,1
