,L2,L2_true,N,std,jump,jump_prob,ve,dim
0,3.6684571913648223,1.0641342116793875,8,0.01,0.3,0.5,0.01,1
