,L2,L2_true,N,std,jump,jump_prob,ve,dim
0,3.0485212863145636,0.3737536933076167,227,0.01,0.3,0.5,0.0025,1
