,L2,L2_true,N,std,jump,jump_prob,ve,dim
0,3.891857482782617,3.8716347853827062,19,0.05,0.3,0.5,0.001,1
