,L2,L2_true,N,std,jump,jump_prob,ve,dim
0,4.210830000986559,2.269150934756771,8,0.01,0.3,0.5,0.01,3
