,L2,L2_true,N,std,jump,jump_prob,ve,dim
0,2.17583220932203,2.1397370882325935,31,0.05,0.3,0.5,0.001,1
