,L2,L2_true,N,std,jump,jump_prob,ve,dim
0,3.6314429334372225,0.8595206570006569,3,0.01,0.3,0.5,0.01,1
