,L2,L2_true,N,std,jump,jump_prob,ve,dim
0,21.541584219470078,21.325919928468227,1000,0.01,0.3,0.5,0.001,3
