,L2,L2_true,N,std,jump,jump_prob,ve,dim
0,2.060824016043742,1.9598280935697157,5,0.05,0.3,0.5,0.001,1
