,L2,L2_true,N,std,jump,jump_prob,ve,dim
0,3.1179306304943384,3.082361420052748,19,0.05,0.3,0.5,0.001,1
