,L2,L2_true,N,std,jump,jump_prob,ve,dim
0,3.4290409969241664,0.055698895771837516,2275,0.01,0.3,0.5,0.01,1
