,L2,L2_true,N,std,jump,jump_prob,ve,dim
0,0.3973373609193832,0.2998585127525946,1178,0.05,0.3,0.5,0.001,1
