,L2,L2_true,N,std,jump,jump_prob,ve,dim
0,3.3291203112941843,1.2735557130435569,37,0.01,0.3,0.5,0.0025,1
