,L2,L2_true,N,std,jump,jump_prob,ve,dim
0,3.8894377043471815,1.6522019759492277,6,0.01,0.3,0.5,0.01,2
