,L2,L2_true,N,std,jump,jump_prob,ve,dim
0,3.9888190632095295,2.3688263071719833,13,0.01,0.3,0.5,0.0025,1
