,L2,L2_true,N,std,jump,jump_prob,ve,dim
0,1.0768945566152222,1.0737221545483333,2,0.2,0.3,0.5,0.001,1
