,L2,L2_true,N,std,jump,jump_prob,ve,dim
0,5.932080820876019,5.291081021425787,1000,0.01,0.3,0.5,0.001,2
