,L2,L2_true,N,std,jump,jump_prob,ve,dim
0,4.709635260004176,3.3108164615012505,13,0.01,0.3,0.5,0.0025,2
