,L2,L2_true,N,std,jump,jump_prob,ve,dim
0,3.420217837178224,0.25925514583757053,3000,0.01,0.3,0.5,0.01,2
