,L2,L2_true,N,std,jump,jump_prob,ve,dim
0,15.137319288554007,14.82414873398773,316,0.01,0.3,0.5,0.001,3
