,L2,L2_true,N,std,jump,jump_prob,ve,dim
0,3.633902652040311,1.381701439871166,2,0.01,0.3,0.5,0.0025,1
