,L2,L2_true,N,std,jump,jump_prob,ve,dim
0,3.4266812953321493,0.11103341721004535,316,0.01,0.3,0.5,0.01,1
