,L2,L2_true,N,std,jump,jump_prob,ve,dim
0,5.349387979630708,4.084187198137767,163,0.01,0.3,0.5,0.01,3
