,L2,L2_true,N,std,jump,jump_prob,ve,dim
0,5.11653983343495,4.0555430121298786,19,0.01,0.3,0.5,0.001,2
