,L2,L2_true,N,std,jump,jump_prob,ve,dim
0,3.6127701127389567,1.8035697614752408,1,0.01,0.3,0.5,0.001,2
