,L2,L2_true,N,std,jump,jump_prob,ve,dim
0,3.5299835887741717,0.756188346150472,22,0.01,0.3,0.5,0.01,1
