,L2,L2_true,N,std,jump,jump_prob,ve,dim
0,3.689639267252319,1.9225658992548318,2,0.01,0.3,0.5,0.001,2
