,L2,L2_true,N,std,jump,jump_prob,ve,dim
0,6.253645010456241,5.371211631078174,117,0.01,0.3,0.5,0.0025,2
