,L2,L2_true,N,std,jump,jump_prob,ve,dim
0,0.2780181199640703,0.27828335968757345,1930,0.2,0.3,0.5,0.001,1
