,L2,L2_true,N,std,jump,jump_prob,ve,dim
0,2.6263184386138163,0.24547800144710344,1178,0.01,0.3,0.5,0.001,1
