,L2,L2_true,N,std,jump,jump_prob,ve,dim
0,9.837024402631172,9.270056517172353,138,0.01,0.3,0.5,0.0025,3
