,L2,L2_true,N,std,jump,jump_prob,ve,dim
0,3.429803360559944,0.40393542132418964,51,0.01,0.3,0.5,0.01,1
