,L2,L2_true,N,std,jump,jump_prob,ve,dim
0,2.0120335799246223,1.9084567577843992,5,0.05,0.3,0.5,0.001,1
