,L2,L2_true,N,std,jump,jump_prob,ve,dim
0,3.418600685913913,0.0890898383301645,719,0.01,0.3,0.5,0.01,1
