,L2,L2_true,N,std,jump,jump_prob,ve,dim
0,3.409167111512432,0.04172513734728377,2682,0.01,0.3,0.5,0.01,1
