,L2,L2_true,N,std,jump,jump_prob,ve,dim
0,2.9656159750192486,1.3632480870642982,84,0.01,0.3,0.5,0.001,1
