,L2,L2_true,N,std,jump,jump_prob,ve,dim
0,2.1628224354783363,2.1627857667340464,51,0.2,0.3,0.5,0.001,1
