,L2,L2_true,N,std,jump,jump_prob,ve,dim
0,3.412739161543503,0.05138839536967946,719,0.01,0.3,0.5,0.01,1
