,L2,L2_true,N,std,jump,jump_prob,ve,dim
0,2.5048958585826306,2.5054241569352604,7,0.2,0.3,0.5,0.001,1
