,L2,L2_true,N,std,jump,jump_prob,ve,dim
0,3.409741751038045,0.08882003965463023,1178,0.01,0.3,0.5,0.01,1
