,L2,L2_true,N,std,jump,jump_prob,ve,dim
0,3.975316732927894,2.441910926353048,4,0.01,0.3,0.5,0.001,2
