,L2,L2_true,N,std,jump,jump_prob,ve,dim
0,0.3777239198507312,0.3702888990968767,1,0.2,0.3,0.5,0.001,1
