,L2,L2_true,N,std,jump,jump_prob,ve,dim
0,3.880716290785612,1.8525106437462215,1178,0.01,0.3,0.5,0.01,3
