,L2,L2_true,N,std,jump,jump_prob,ve,dim
0,5.2834160419860945,3.9944010379601576,193,0.01,0.3,0.5,0.01,3
