,L2,L2_true,N,std,jump,jump_prob,ve,dim
0,3.596021007967369,1.5654652740472712,11,0.01,0.3,0.5,0.0025,1
