,L2,L2_true,N,std,jump,jump_prob,ve,dim
0,0.31505585893681365,0.21236560411197977,2682,0.05,0.3,0.5,0.001,1
