,L2,L2_true,N,std,jump,jump_prob,ve,dim
0,8.626435080793572,8.035533017588456,71,0.01,0.3,0.5,0.001,3
