,L2,L2_true,N,std,jump,jump_prob,ve,dim
0,11.139514777862194,10.69518500283804,138,0.01,0.3,0.5,0.001,3
