,L2,L2_true,N,std,jump,jump_prob,ve,dim
0,3.6543008059714563,0.9642560152760915,5,0.01,0.3,0.5,0.01,1
