,L2,L2_true,N,std,jump,jump_prob,ve,dim
0,1.4393041959529203,1.4376738869654724,84,0.2,0.3,0.5,0.001,1
