,L2,L2_true,N,std,jump,jump_prob,ve,dim
0,2.527786642493923,2.483925330123039,10,0.05,0.3,0.5,0.001,1
