,L2,L2_true,N,std,jump,jump_prob,ve,dim
0,3.7674977271664294,2.4512029241321622,26,0.01,0.3,0.5,0.001,1
