,L2,L2_true,N,std,jump,jump_prob,ve,dim
0,0.5723454242800451,0.5214673299521014,517,0.05,0.3,0.5,0.001,1
