,L2,L2_true,N,std,jump,jump_prob,ve,dim
0,0.34337735525408275,0.24507940981036153,1637,0.05,0.3,0.5,0.001,1
