,L2,L2_true,N,std,jump,jump_prob,ve,dim
0,4.255906201704866,2.619147096751994,7,0.01,0.3,0.5,0.0025,3
