,L2,L2_true,N,std,jump,jump_prob,ve,dim
0,5.00861343176385,3.70977546194533,19,0.01,0.3,0.5,0.0025,2
