,L2,L2_true,N,std,jump,jump_prob,ve,dim
0,1.7622966639017148,1.639438218962588,3,0.05,0.3,0.5,0.001,1
