,L2,L2_true,N,std,jump,jump_prob,ve,dim
0,5.47458808612652,4.218388305624076,71,0.01,0.3,0.5,0.01,3
