,L2,L2_true,N,std,jump,jump_prob,ve,dim
0,3.4377130932757565,0.3696710836256965,1637,0.01,0.3,0.5,0.01,2
