,L2,L2_true,N,std,jump,jump_prob,ve,dim
0,3.732782348217613,1.1947847681949715,3,0.01,0.3,0.5,0.01,1
