,L2,L2_true,N,std,jump,jump_prob,ve,dim
0,2.4285670063742315,2.4088146825423973,37,0.05,0.3,0.5,0.001,1
