,L2,L2_true,N,std,jump,jump_prob,ve,dim
0,3.414455828903626,0.055904186830212976,2275,0.01,0.3,0.5,0.01,1
