,L2,L2_true,N,std,jump,jump_prob,ve,dim
0,3.4490125918018273,0.3974848380703973,1389,0.01,0.3,0.5,0.01,2
