,L2,L2_true,N,std,jump,jump_prob,ve,dim
0,5.262002674932025,4.552812698826686,1389,0.01,0.3,0.5,0.001,2
