,L2,L2_true,N,std,jump,jump_prob,ve,dim
0,0.9622707442602776,0.9373259303633531,163,0.05,0.3,0.5,0.001,1
