,L2,L2_true,N,std,jump,jump_prob,ve,dim
0,8.433373561635134,7.748050816658361,84,0.01,0.3,0.5,0.0025,3
