,L2,L2_true,N,std,jump,jump_prob,ve,dim
0,2.039956142504102,1.9433268320869659,5,0.05,0.3,0.5,0.001,1
