,L2,L2_true,N,std,jump,jump_prob,ve,dim
0,3.031561715021597,0.14939926141104412,1178,0.01,0.3,0.5,0.0025,1
