,L2,L2_true,N,std,jump,jump_prob,ve,dim
0,10.475041180437897,10.000313708495085,117,0.01,0.3,0.5,0.001,3
