,L2,L2_true,N,std,jump,jump_prob,ve,dim
0,3.623472543779291,1.3284747404225017,1,0.01,0.3,0.5,0.0025,1
