,L2,L2_true,N,std,jump,jump_prob,ve,dim
0,5.824384533241651,4.793981352894808,37,0.01,0.3,0.5,0.0025,2
