,L2,L2_true,N,std,jump,jump_prob,ve,dim
0,4.7390914094148915,3.2594983488375497,372,0.01,0.3,0.5,0.01,3
