,L2,L2_true,N,std,jump,jump_prob,ve,dim
0,11.574405523926048,11.106223499912733,268,0.01,0.3,0.5,0.0025,3
