,L2,L2_true,N,std,jump,jump_prob,ve,dim
0,0.7002282546775558,0.6478003910160013,316,0.05,0.3,0.5,0.001,1
