,L2,L2_true,N,std,jump,jump_prob,ve,dim
0,3.4741360454346744,1.661552981036797,1389,0.01,0.3,0.5,0.0025,2
