,L2,L2_true,N,std,jump,jump_prob,ve,dim
0,4.2542778471209,2.405989078625805,13,0.01,0.3,0.5,0.01,2
