,L2,L2_true,N,std,jump,jump_prob,ve,dim
0,4.103762614632368,2.2118776221309235,37,0.01,0.3,0.5,0.01,2
