,L2,L2_true,N,std,jump,jump_prob,ve,dim
0,3.416869661617611,0.02800449672477124,3162,0.01,0.3,0.5,0.01,1
