,L2,L2_true,N,std,jump,jump_prob,ve,dim
0,5.815238403496465,4.884462409715179,163,0.01,0.3,0.5,0.0025,2
