,L2,L2_true,N,std,jump,jump_prob,ve,dim
0,3.4376529350827263,0.3540082637576136,1930,0.01,0.3,0.5,0.01,2
