,L2,L2_true,N,std,jump,jump_prob,ve,dim
0,3.4237843159363686,0.11166094209263507,316,0.01,0.3,0.5,0.01,1
