,L2,L2_true,N,std,jump,jump_prob,ve,dim
0,4.200580428562508,2.793469410083371,6,0.01,0.3,0.5,0.001,3
