,L2,L2_true,N,std,jump,jump_prob,ve,dim
0,0.6268020291313112,0.5938655725093084,372,0.05,0.3,0.5,0.001,1
