,L2,L2_true,N,std,jump,jump_prob,ve,dim
0,11.042711509277538,10.546894188927457,227,0.01,0.3,0.5,0.0025,3
