,L2,L2_true,N,std,jump,jump_prob,ve,dim
0,3.97463354483772,2.0160585398558752,1000,0.01,0.3,0.5,0.01,3
