,L2,L2_true,N,std,jump,jump_prob,ve,dim
0,3.4671494214042244,0.5709846441793417,610,0.01,0.3,0.5,0.01,2
