,L2,L2_true,N,std,jump,jump_prob,ve,dim
0,6.070334033375967,5.11074699553479,51,0.01,0.3,0.5,0.0025,2
