,L2,L2_true,N,std,jump,jump_prob,ve,dim
0,14.537019148041038,14.202437652353565,268,0.01,0.3,0.5,0.001,3
