,L2,L2_true,N,std,jump,jump_prob,ve,dim
0,3.6057106976607303,0.8147394025811288,2,0.01,0.3,0.5,0.01,1
