,L2,L2_true,N,std,jump,jump_prob,ve,dim
0,2.3582448345399114,2.356345214224994,10,0.2,0.3,0.5,0.001,1
