,L2,L2_true,N,std,jump,jump_prob,ve,dim
0,3.8703248718969445,1.6583063501937299,6,0.01,0.3,0.5,0.01,1
