,L2,L2_true,N,std,jump,jump_prob,ve,dim
0,2.6500466301274397,0.3956528828121158,439,0.01,0.3,0.5,0.001,1
