,L2,L2_true,N,std,jump,jump_prob,ve,dim
0,5.569150146932894,4.345574262083361,84,0.01,0.3,0.5,0.01,3
