,L2,L2_true,N,std,jump,jump_prob,ve,dim
0,3.7294869441111094,1.435414973449439,117,0.01,0.3,0.5,0.01,2
