,L2,L2_true,N,std,jump,jump_prob,ve,dim
0,4.647038922621038,3.213976588515041,11,0.01,0.3,0.5,0.0025,3
