,L2,L2_true,N,std,jump,jump_prob,ve,dim
0,4.206008767517615,2.369037285295581,31,0.01,0.3,0.5,0.01,2
