,L2,L2_true,N,std,jump,jump_prob,ve,dim
0,3.436062160176159,0.3135962508564934,2000,0.01,0.3,0.5,0.01,2
