,L2,L2_true,N,std,jump,jump_prob,ve,dim
0,5.154202822053273,4.077282076446971,16,0.01,0.3,0.5,0.001,3
