,L2,L2_true,N,std,jump,jump_prob,ve,dim
0,5.2545654626065526,3.966728782625937,163,0.01,0.3,0.5,0.01,3
