,L2,L2_true,N,std,jump,jump_prob,ve,dim
0,3.1573387223025633,1.0006740647498542,71,0.01,0.3,0.5,0.0025,1
