,L2,L2_true,N,std,jump,jump_prob,ve,dim
0,3.58807610783271,1.099788755425118,193,0.01,0.3,0.5,0.01,2
