,L2,L2_true,N,std,jump,jump_prob,ve,dim
0,11.965049369407202,11.554495712694123,163,0.01,0.3,0.5,0.001,3
