,L2,L2_true,N,std,jump,jump_prob,ve,dim
0,2.6195764241162305,2.5689619580923075,13,0.05,0.3,0.5,0.001,1
