,L2,L2_true,N,std,jump,jump_prob,ve,dim
0,5.449673937081188,4.175838768357045,61,0.01,0.3,0.5,0.01,3
