,L2,L2_true,N,std,jump,jump_prob,ve,dim
0,3.656247888486072,0.9824855785226008,3,0.01,0.3,0.5,0.01,1
