,L2,L2_true,N,std,jump,jump_prob,ve,dim
0,3.647584865470673,1.8473846643878342,2,0.01,0.3,0.5,0.001,1
