,L2,L2_true,N,std,jump,jump_prob,ve,dim
0,6.0866908121081815,5.074771139902094,31,0.01,0.3,0.5,0.0025,3
