,L2,L2_true,N,std,jump,jump_prob,ve,dim
0,3.7021183302746326,1.4177815322082026,1930,0.01,0.3,0.5,0.01,3
