,L2,L2_true,N,std,jump,jump_prob,ve,dim
0,4.066519840019019,2.1358787545570377,37,0.01,0.3,0.5,0.01,2
