,L2,L2_true,N,std,jump,jump_prob,ve,dim
0,5.937321577674901,4.961626526587186,51,0.01,0.3,0.5,0.0025,2
