,L2,L2_true,N,std,jump,jump_prob,ve,dim
0,8.577047413063056,7.985494482800041,71,0.01,0.3,0.5,0.001,3
