,L2,L2_true,N,std,jump,jump_prob,ve,dim
0,6.233233328369317,5.308982486937743,61,0.01,0.3,0.5,0.0025,2
