,L2,L2_true,N,std,jump,jump_prob,ve,dim
0,2.747897376801852,0.9451711823913457,163,0.01,0.3,0.5,0.001,1
