,L2,L2_true,N,std,jump,jump_prob,ve,dim
0,2.102702673676512,2.1036651063831533,26,0.2,0.3,0.5,0.001,1
