,L2,L2_true,N,std,jump,jump_prob,ve,dim
0,2.718923802376559,2.718608971023225,16,0.2,0.3,0.5,0.001,1
