,L2,L2_true,N,std,jump,jump_prob,ve,dim
0,3.6563058247917786,1.8809418525843262,2,0.01,0.3,0.5,0.001,1
