,L2,L2_true,N,std,jump,jump_prob,ve,dim
0,0.3600381016921155,0.36003537163398025,1178,0.2,0.3,0.5,0.001,1
