,L2,L2_true,N,std,jump,jump_prob,ve,dim
0,3.96720571394488,2.4184580465357297,4,0.01,0.3,0.5,0.001,3
