,L2,L2_true,N,std,jump,jump_prob,ve,dim
0,10.980745541288043,10.548658870087104,2000,0.01,0.3,0.5,0.0025,3
