,L2,L2_true,N,std,jump,jump_prob,ve,dim
0,7.102248730638302,6.5760146834731295,610,0.01,0.3,0.5,0.001,2
