,L2,L2_true,N,std,jump,jump_prob,ve,dim
0,0.6340095901846446,0.5674046525771704,439,0.05,0.3,0.5,0.001,1
