,L2,L2_true,N,std,jump,jump_prob,ve,dim
0,3.406502571467104,0.05285957057955084,1178,0.01,0.3,0.5,0.01,1
