,L2,L2_true,N,std,jump,jump_prob,ve,dim
0,4.692758626166582,3.2735767183165114,11,0.01,0.3,0.5,0.0025,3
