,L2,L2_true,N,std,jump,jump_prob,ve,dim
0,0.26704284101488623,0.2666785310191444,1637,0.2,0.3,0.5,0.001,1
