,L2,L2_true,N,std,jump,jump_prob,ve,dim
0,4.126705643293862,2.2484046476535084,37,0.01,0.3,0.5,0.01,2
