,L2,L2_true,N,std,jump,jump_prob,ve,dim
0,3.619558417260264,1.1785947312987588,19,0.01,0.3,0.5,0.01,1
