,L2,L2_true,N,std,jump,jump_prob,ve,dim
0,3.619653445878295,0.7447534897101462,1,0.01,0.3,0.5,0.01,1
