,L2,L2_true,N,std,jump,jump_prob,ve,dim
0,12.76138125110379,12.36708256298444,1000,0.01,0.3,0.5,0.0025,3
