,L2,L2_true,N,std,jump,jump_prob,ve,dim
0,1.2387437715622198,1.2403270230289904,3,0.2,0.3,0.5,0.001,1
