,L2,L2_true,N,std,jump,jump_prob,ve,dim
0,5.162603811236582,3.7754020862052355,37,0.01,0.3,0.5,0.01,3
