,L2,L2_true,N,std,jump,jump_prob,ve,dim
0,5.305263339824725,4.140257797753071,26,0.01,0.3,0.5,0.0025,2
