,L2,L2_true,N,std,jump,jump_prob,ve,dim
0,6.131622250449199,5.526749409583176,1000,0.01,0.3,0.5,0.001,2
