,L2,L2_true,N,std,jump,jump_prob,ve,dim
0,2.6204919791617733,0.20749769409770083,1637,0.01,0.3,0.5,0.001,1
