,L2,L2_true,N,std,jump,jump_prob,ve,dim
0,6.814662931375038,6.092822526649359,51,0.01,0.3,0.5,0.001,2
