,L2,L2_true,N,std,jump,jump_prob,ve,dim
0,1.349158521242989,1.1777721779687234,1,0.05,0.3,0.5,0.001,1
