,L2,L2_true,N,std,jump,jump_prob,ve,dim
0,3.418198050394333,0.12824188268722425,372,0.01,0.3,0.5,0.01,1
