,L2,L2_true,N,std,jump,jump_prob,ve,dim
0,0.5899891333809616,0.5908092650785157,439,0.2,0.3,0.5,0.001,1
