,L2,L2_true,N,std,jump,jump_prob,ve,dim
0,3.4206503974120444,0.31563417519356146,100,0.01,0.3,0.5,0.01,1
