,L2,L2_true,N,std,jump,jump_prob,ve,dim
0,4.3024543411705665,2.588961254913718,610,0.01,0.3,0.5,0.01,3
