,L2,L2_true,N,std,jump,jump_prob,ve,dim
0,0.3259422754934805,0.2627591699169547,1930,0.05,0.3,0.5,0.001,1
