,L2,L2_true,N,std,jump,jump_prob,ve,dim
0,3.6107898667487155,1.813640043561386,26,0.01,0.3,0.5,0.0025,1
