,L2,L2_true,N,std,jump,jump_prob,ve,dim
0,3.0434986935549246,0.15014775344269773,1178,0.01,0.3,0.5,0.0025,1
