,L2,L2_true,N,std,jump,jump_prob,ve,dim
0,3.5278505390222605,1.4753956496409526,26,0.01,0.3,0.5,0.0025,1
