,L2,L2_true,N,std,jump,jump_prob,ve,dim
0,6.648530870449927,5.740397299669649,43,0.01,0.3,0.5,0.0025,3
