,L2,L2_true,N,std,jump,jump_prob,ve,dim
0,2.646422607854119,0.3924464397365032,439,0.01,0.3,0.5,0.001,1
