,L2,L2_true,N,std,jump,jump_prob,ve,dim
0,5.916467509105854,5.030400702969572,26,0.01,0.3,0.5,0.001,2
