,L2,L2_true,N,std,jump,jump_prob,ve,dim
0,3.0420207009019453,0.1024278036332797,2275,0.01,0.3,0.5,0.0025,1
