,L2,L2_true,N,std,jump,jump_prob,ve,dim
0,3.0614338482760335,0.38697655675671694,138,0.01,0.3,0.5,0.0025,1
