,L2,L2_true,N,std,jump,jump_prob,ve,dim
0,2.205721557246414,2.1638537746849695,13,0.05,0.3,0.5,0.001,1
