,L2,L2_true,N,std,jump,jump_prob,ve,dim
0,4.323210515247833,3.4298290536466647,2275,0.01,0.3,0.5,0.001,2
