,L2,L2_true,N,std,jump,jump_prob,ve,dim
0,12.771170101442994,12.390287906885014,193,0.01,0.3,0.5,0.001,3
