,L2,L2_true,N,std,jump,jump_prob,ve,dim
0,12.357648298111162,11.95758127534275,1178,0.01,0.3,0.5,0.0025,3
