,L2,L2_true,N,std,jump,jump_prob,ve,dim
0,3.7131289338036724,1.6137659230603316,3,0.01,0.3,0.5,0.0025,1
