,L2,L2_true,N,std,jump,jump_prob,ve,dim
0,1.6464103560083718,1.6471390082406865,51,0.2,0.3,0.5,0.001,1
