,L2,L2_true,N,std,jump,jump_prob,ve,dim
0,3.587609989546535,0.9436668490392556,19,0.01,0.3,0.5,0.01,1
