,L2,L2_true,N,std,jump,jump_prob,ve,dim
0,3.288864462534497,1.2890045185018817,2275,0.01,0.3,0.5,0.0025,2
