,L2,L2_true,N,std,jump,jump_prob,ve,dim
0,5.093192172020794,3.8429191464471546,22,0.01,0.3,0.5,0.0025,2
