,L2,L2_true,N,std,jump,jump_prob,ve,dim
0,4.948646974696551,3.881489690859006,316,0.01,0.3,0.5,0.0025,2
