,L2,L2_true,N,std,jump,jump_prob,ve,dim
0,8.368719389356913,7.889315393856123,372,0.01,0.3,0.5,0.001,2
