,L2,L2_true,N,std,jump,jump_prob,ve,dim
0,3.4262279483043376,0.1380875155131233,439,0.01,0.3,0.5,0.01,1
