,L2,L2_true,N,std,jump,jump_prob,ve,dim
0,1.5568999680853397,1.558663082736767,5,0.2,0.3,0.5,0.001,1
