,L2,L2_true,N,std,jump,jump_prob,ve,dim
0,1.2287481724783733,1.228990336485494,117,0.2,0.3,0.5,0.001,1
