,L2,L2_true,N,std,jump,jump_prob,ve,dim
0,3.813237983802539,2.1636787648103435,3,0.01,0.3,0.5,0.001,1
