,L2,L2_true,N,std,jump,jump_prob,ve,dim
0,4.882805705453338,3.545110861089826,13,0.01,0.3,0.5,0.0025,3
