,L2,L2_true,N,std,jump,jump_prob,ve,dim
0,3.463914263733136,0.521650925043735,719,0.01,0.3,0.5,0.01,2
