,L2,L2_true,N,std,jump,jump_prob,ve,dim
0,2.8373002950524895,2.836448279657871,26,0.2,0.3,0.5,0.001,1
