,L2,L2_true,N,std,jump,jump_prob,ve,dim
0,3.6311476436037413,1.6877939875820636,19,0.01,0.3,0.5,0.0025,1
