,L2,L2_true,N,std,jump,jump_prob,ve,dim
0,3.630013150140419,1.803540475519236,1,0.01,0.3,0.5,0.001,1
