,L2,L2_true,N,std,jump,jump_prob,ve,dim
0,16.99322861571931,16.711600995518634,439,0.01,0.3,0.5,0.001,3
