,L2,L2_true,N,std,jump,jump_prob,ve,dim
0,4.00922528936719,2.605205599662536,10,0.01,0.3,0.5,0.001,1
