,L2,L2_true,N,std,jump,jump_prob,ve,dim
0,6.0530375436497845,5.191188654038914,31,0.01,0.3,0.5,0.001,2
