,L2,L2_true,N,std,jump,jump_prob,ve,dim
0,3.963352529683021,1.8057885010364256,5,0.01,0.3,0.5,0.01,3
