,L2,L2_true,N,std,jump,jump_prob,ve,dim
0,3.517194660205187,0.817972546901607,316,0.01,0.3,0.5,0.01,2
