,L2,L2_true,N,std,jump,jump_prob,ve,dim
0,0.3784501636722699,0.2723998739111055,1637,0.05,0.3,0.5,0.001,1
