,L2,L2_true,N,std,jump,jump_prob,ve,dim
0,3.0394085023109274,0.15986798200200336,1000,0.01,0.3,0.5,0.0025,1
