,L2,L2_true,N,std,jump,jump_prob,ve,dim
0,12.699637820786085,12.315342981285948,193,0.01,0.3,0.5,0.001,3
