,L2,L2_true,N,std,jump,jump_prob,ve,dim
0,2.3302948518006965,2.301631271377061,26,0.05,0.3,0.5,0.001,1
