,L2,L2_true,N,std,jump,jump_prob,ve,dim
0,10.823763557893777,10.377615291531452,1930,0.01,0.3,0.5,0.0025,3
