,L2,L2_true,N,std,jump,jump_prob,ve,dim
0,3.0353400241452193,0.0829107622395662,3162,0.01,0.3,0.5,0.0025,1
