,L2,L2_true,N,std,jump,jump_prob,ve,dim
0,4.619991375029048,3.1635561331311215,11,0.01,0.3,0.5,0.0025,2
