,L2,L2_true,N,std,jump,jump_prob,ve,dim
0,3.305773778225614,1.307498449668978,2275,0.01,0.3,0.5,0.0025,2
