,L2,L2_true,N,std,jump,jump_prob,ve,dim
0,4.4316786112985005,2.8048691291472005,517,0.01,0.3,0.5,0.01,3
