,L2,L2_true,N,std,jump,jump_prob,ve,dim
0,4.027355871424559,1.9725098645195391,7,0.01,0.3,0.5,0.01,2
