,L2,L2_true,N,std,jump,jump_prob,ve,dim
0,10.859145680809988,10.344741951053134,227,0.01,0.3,0.5,0.0025,3
