,L2,L2_true,N,std,jump,jump_prob,ve,dim
0,0.26667779650818535,0.26701140850583494,1930,0.2,0.3,0.5,0.001,1
