,L2,L2_true,N,std,jump,jump_prob,ve,dim
0,2.620139229806755,0.1784089514212246,2275,0.01,0.3,0.5,0.001,1
