,L2,L2_true,N,std,jump,jump_prob,ve,dim
0,3.8392035769220456,1.4630492914045787,3,0.01,0.3,0.5,0.01,3
