,L2,L2_true,N,std,jump,jump_prob,ve,dim
0,3.421910446989737,0.043314083527512086,1930,0.01,0.3,0.5,0.01,1
