,L2,L2_true,N,std,jump,jump_prob,ve,dim
0,3.048768782385916,0.36505023201763387,268,0.01,0.3,0.5,0.0025,1
