,L2,L2_true,N,std,jump,jump_prob,ve,dim
0,3.259621989838254,3.2598368483110787,16,0.2,0.3,0.5,0.001,1
