,L2,L2_true,N,std,jump,jump_prob,ve,dim
0,3.02690255304581,0.12197418395133165,1389,0.01,0.3,0.5,0.0025,1
