,L2,L2_true,N,std,jump,jump_prob,ve,dim
0,3.408202054007711,0.08765368416045066,848,0.01,0.3,0.5,0.01,1
