,L2,L2_true,N,std,jump,jump_prob,ve,dim
0,0.5170833028598816,0.5171531403781471,517,0.2,0.3,0.5,0.001,1
