,L2,L2_true,N,std,jump,jump_prob,ve,dim
0,3.594011321888847,2.3227883355295433,26,0.01,0.3,0.5,0.001,1
