,L2,L2_true,N,std,jump,jump_prob,ve,dim
0,3.422255379705702,0.05305620149243418,1930,0.01,0.3,0.5,0.01,1
