,L2,L2_true,N,std,jump,jump_prob,ve,dim
0,4.075559320538275,2.3125398484323814,6,0.01,0.3,0.5,0.0025,2
