,L2,L2_true,N,std,jump,jump_prob,ve,dim
0,4.693627413489999,3.073408401669205,16,0.01,0.3,0.5,0.01,3
