,L2,L2_true,N,std,jump,jump_prob,ve,dim
0,4.372260610543558,3.5063950370422132,2275,0.01,0.3,0.5,0.001,2
