,L2,L2_true,N,std,jump,jump_prob,ve,dim
0,3.4181280408583996,0.10323205854277655,372,0.01,0.3,0.5,0.01,1
