,L2,L2_true,N,std,jump,jump_prob,ve,dim
0,4.461953723840565,2.936108325583709,10,0.01,0.3,0.5,0.0025,2
