,L2,L2_true,N,std,jump,jump_prob,ve,dim
0,5.8123106007978205,4.86520483735726,117,0.01,0.3,0.5,0.0025,2
