,L2,L2_true,N,std,jump,jump_prob,ve,dim
0,12.468695008091927,12.04653021310237,372,0.01,0.3,0.5,0.0025,3
