,L2,L2_true,N,std,jump,jump_prob,ve,dim
0,3.015491685858232,1.569492584969342,117,0.01,0.3,0.5,0.001,1
