,L2,L2_true,N,std,jump,jump_prob,ve,dim
0,3.6245960759288063,1.8040306700026227,1,0.01,0.3,0.5,0.001,2
