,L2,L2_true,N,std,jump,jump_prob,ve,dim
0,6.024521494918918,5.124740913510969,117,0.01,0.3,0.5,0.0025,2
