,L2,L2_true,N,std,jump,jump_prob,ve,dim
0,3.7666692793797223,1.3200908212335516,6,0.01,0.3,0.5,0.01,1
