,L2,L2_true,N,std,jump,jump_prob,ve,dim
0,3.344837093948962,1.4207739080473767,1930,0.01,0.3,0.5,0.0025,2
