,L2,L2_true,N,std,jump,jump_prob,ve,dim
0,5.567153720380269,4.4687342146616436,31,0.01,0.3,0.5,0.0025,2
