,L2,L2_true,N,std,jump,jump_prob,ve,dim
0,12.525148512356465,12.144419837059267,193,0.01,0.3,0.5,0.001,3
