,L2,L2_true,N,std,jump,jump_prob,ve,dim
0,7.388943123611801,6.731110464044322,71,0.01,0.3,0.5,0.001,2
