,L2,L2_true,N,std,jump,jump_prob,ve,dim
0,4.591356256389762,3.3464368455163784,10,0.01,0.3,0.5,0.001,3
