,L2,L2_true,N,std,jump,jump_prob,ve,dim
0,5.369141065418491,4.212162867894311,26,0.01,0.3,0.5,0.0025,2
