,L2,L2_true,N,std,jump,jump_prob,ve,dim
0,0.6661618969207412,0.6204720127600287,316,0.05,0.3,0.5,0.001,1
