,L2,L2_true,N,std,jump,jump_prob,ve,dim
0,3.4343050487502973,0.4367207819387147,1000,0.01,0.3,0.5,0.01,2
