,L2,L2_true,N,std,jump,jump_prob,ve,dim
0,1.9780473051489376,1.9781291892314081,31,0.2,0.3,0.5,0.001,1
