,L2,L2_true,N,std,jump,jump_prob,ve,dim
0,0.6436537227953524,0.6435925172055804,316,0.2,0.3,0.5,0.001,1
