,L2,L2_true,N,std,jump,jump_prob,ve,dim
0,3.618578844650173,1.3283137200967405,1,0.01,0.3,0.5,0.0025,3
