,L2,L2_true,N,std,jump,jump_prob,ve,dim
0,14.379318171491967,14.045015431947563,268,0.01,0.3,0.5,0.001,3
