,L2,L2_true,N,std,jump,jump_prob,ve,dim
0,12.508225708399307,12.101300760526918,1178,0.01,0.3,0.5,0.0025,3
