,L2,L2_true,N,std,jump,jump_prob,ve,dim
0,3.6232720634299818,1.8036945156560311,1,0.01,0.3,0.5,0.001,1
