,L2,L2_true,N,std,jump,jump_prob,ve,dim
0,5.161475653028689,3.8357229167139377,193,0.01,0.3,0.5,0.01,3
