,L2,L2_true,N,std,jump,jump_prob,ve,dim
0,8.655972350888561,8.064603120430299,71,0.01,0.3,0.5,0.001,3
