,L2,L2_true,N,std,jump,jump_prob,ve,dim
0,7.437290211620111,6.780453202020689,71,0.01,0.3,0.5,0.001,2
