,L2,L2_true,N,std,jump,jump_prob,ve,dim
0,4.215696171145691,2.8128673719375317,6,0.01,0.3,0.5,0.001,3
