,L2,L2_true,N,std,jump,jump_prob,ve,dim
0,11.925163642061651,11.475691919309588,372,0.01,0.3,0.5,0.0025,3
