,L2,L2_true,N,std,jump,jump_prob,ve,dim
0,3.0589539296698063,0.29609470398496207,268,0.01,0.3,0.5,0.0025,1
