,L2,L2_true,N,std,jump,jump_prob,ve,dim
0,5.403838648629886,4.2222165236010305,19,0.01,0.3,0.5,0.0025,3
