,L2,L2_true,N,std,jump,jump_prob,ve,dim
0,3.721680597576692,2.3903962279960975,26,0.01,0.3,0.5,0.001,1
