,L2,L2_true,N,std,jump,jump_prob,ve,dim
0,4.502018832428919,3.3212515064892836,10,0.01,0.3,0.5,0.001,1
