,L2,L2_true,N,std,jump,jump_prob,ve,dim
0,2.967361012874761,2.913893224475603,13,0.05,0.3,0.5,0.001,1
