,L2,L2_true,N,std,jump,jump_prob,ve,dim
0,4.544595580805884,2.970922112086152,439,0.01,0.3,0.5,0.01,3
