,L2,L2_true,N,std,jump,jump_prob,ve,dim
0,2.669825578291915,0.5105545049071999,372,0.01,0.3,0.5,0.001,1
