,L2,L2_true,N,std,jump,jump_prob,ve,dim
0,4.190425282727743,2.242097744375458,8,0.01,0.3,0.5,0.01,3
