,L2,L2_true,N,std,jump,jump_prob,ve,dim
0,5.8698229777514115,4.9649006886651925,163,0.01,0.3,0.5,0.0025,2
