,L2,L2_true,N,std,jump,jump_prob,ve,dim
0,1.5448010207283458,1.5161651999676045,61,0.05,0.3,0.5,0.001,1
