,L2,L2_true,N,std,jump,jump_prob,ve,dim
0,2.8609373802202396,2.8416281149736857,22,0.05,0.3,0.5,0.001,1
