,L2,L2_true,N,std,jump,jump_prob,ve,dim
0,4.773802241039353,3.233512538973209,22,0.01,0.3,0.5,0.01,3
