,L2,L2_true,N,std,jump,jump_prob,ve,dim
0,3.057582438292853,0.38520024149759235,316,0.01,0.3,0.5,0.0025,1
