,L2,L2_true,N,std,jump,jump_prob,ve,dim
0,7.051444468282539,6.307314465369484,43,0.01,0.3,0.5,0.001,3
