,L2,L2_true,N,std,jump,jump_prob,ve,dim
0,3.6984178064659017,1.52743608408686,2,0.01,0.3,0.5,0.0025,2
