,L2,L2_true,N,std,jump,jump_prob,ve,dim
0,22.591321598048932,22.397802814640286,1637,0.01,0.3,0.5,0.001,3
