,L2,L2_true,N,std,jump,jump_prob,ve,dim
0,4.346900464847228,2.7655001773746113,8,0.01,0.3,0.5,0.0025,2
