,L2,L2_true,N,std,jump,jump_prob,ve,dim
0,2.7553155398346685,0.953425792586553,138,0.01,0.3,0.5,0.001,1
