,L2,L2_true,N,std,jump,jump_prob,ve,dim
0,3.4096742282556205,0.2745963343508243,138,0.01,0.3,0.5,0.01,1
