,L2,L2_true,N,std,jump,jump_prob,ve,dim
0,3.8304702200314575,2.0696585580494276,10,0.01,0.3,0.5,0.0025,1
