,L2,L2_true,N,std,jump,jump_prob,ve,dim
0,3.417914451223323,0.07541923484450262,1178,0.01,0.3,0.5,0.01,1
