,L2,L2_true,N,std,jump,jump_prob,ve,dim
0,3.7149449036594353,1.7899682256977465,8,0.01,0.3,0.5,0.0025,1
