,L2,L2_true,N,std,jump,jump_prob,ve,dim
0,3.0625432581667655,0.43370835596072954,138,0.01,0.3,0.5,0.0025,1
