,L2,L2_true,N,std,jump,jump_prob,ve,dim
0,3.03172890994442,0.11683753141073867,1637,0.01,0.3,0.5,0.0025,1
