,L2,L2_true,N,std,jump,jump_prob,ve,dim
0,22.638919481298668,22.446636437398197,1178,0.01,0.3,0.5,0.001,3
