,L2,L2_true,N,std,jump,jump_prob,ve,dim
0,3.2480422144330365,1.1292880849239229,3000,0.01,0.3,0.5,0.0025,2
