,L2,L2_true,N,std,jump,jump_prob,ve,dim
0,23.392407819574466,23.21095193915914,1637,0.01,0.3,0.5,0.001,3
