,L2,L2_true,N,std,jump,jump_prob,ve,dim
0,5.628994816212008,4.670475653859598,22,0.01,0.3,0.5,0.001,3
