,L2,L2_true,N,std,jump,jump_prob,ve,dim
0,3.777067639636555,2.1148315278640313,4,0.01,0.3,0.5,0.001,1
