,L2,L2_true,N,std,jump,jump_prob,ve,dim
0,13.564635545367826,13.210460089424457,227,0.01,0.3,0.5,0.001,3
