,L2,L2_true,N,std,jump,jump_prob,ve,dim
0,2.149341039984426,2.052826813693423,6,0.05,0.3,0.5,0.001,1
