,L2,L2_true,N,std,jump,jump_prob,ve,dim
0,3.524350960358328,1.5054004129169622,22,0.01,0.3,0.5,0.0025,1
