,L2,L2_true,N,std,jump,jump_prob,ve,dim
0,1.471252531918669,1.4485586392450707,117,0.05,0.3,0.5,0.001,1
