,L2,L2_true,N,std,jump,jump_prob,ve,dim
0,2.6605401811408416,0.5593196008494803,227,0.01,0.3,0.5,0.001,1
