,L2,L2_true,N,std,jump,jump_prob,ve,dim
0,3.4219004655144842,0.06473092387655675,848,0.01,0.3,0.5,0.01,1
