,L2,L2_true,N,std,jump,jump_prob,ve,dim
0,1.4104499411644447,1.2507590300509097,2,0.05,0.3,0.5,0.001,1
