,L2,L2_true,N,std,jump,jump_prob,ve,dim
0,3.525772363655126,0.8633579310547768,316,0.01,0.3,0.5,0.01,2
