,L2,L2_true,N,std,jump,jump_prob,ve,dim
0,3.499053259367431,0.7559725550008973,372,0.01,0.3,0.5,0.01,2
