,L2,L2_true,N,std,jump,jump_prob,ve,dim
0,3.4270644101629264,0.24304901932149026,100,0.01,0.3,0.5,0.01,1
