,L2,L2_true,N,std,jump,jump_prob,ve,dim
0,4.653673930113053,3.5052179465567357,372,0.01,0.3,0.5,0.0025,2
