,L2,L2_true,N,std,jump,jump_prob,ve,dim
0,4.430802679875733,2.813660180499782,517,0.01,0.3,0.5,0.01,3
