,L2,L2_true,N,std,jump,jump_prob,ve,dim
0,3.9938819839232,2.5529476492986616,7,0.01,0.3,0.5,0.001,1
