,L2,L2_true,N,std,jump,jump_prob,ve,dim
0,2.163832009272635,2.1638699925569864,26,0.2,0.3,0.5,0.001,1
