,L2,L2_true,N,std,jump,jump_prob,ve,dim
0,2.140513069849695,2.037394773008425,6,0.05,0.3,0.5,0.001,1
