,L2,L2_true,N,std,jump,jump_prob,ve,dim
0,3.4213631103989193,0.2084072182982484,193,0.01,0.3,0.5,0.01,1
