,L2,L2_true,N,std,jump,jump_prob,ve,dim
0,4.3001156553111795,2.675690526578829,8,0.01,0.3,0.5,0.0025,2
