,L2,L2_true,N,std,jump,jump_prob,ve,dim
0,1.3498075698153869,1.1782535629917852,1,0.05,0.3,0.5,0.001,1
