,L2,L2_true,N,std,jump,jump_prob,ve,dim
0,0.48882616229818016,0.4438459189384872,610,0.05,0.3,0.5,0.001,1
