,L2,L2_true,N,std,jump,jump_prob,ve,dim
0,4.036951568481885,1.9656049943391487,13,0.01,0.3,0.5,0.01,2
