,L2,L2_true,N,std,jump,jump_prob,ve,dim
0,0.5974068205138527,0.5824467408474958,316,0.05,0.3,0.5,0.001,1
