,L2,L2_true,N,std,jump,jump_prob,ve,dim
0,3.5176838361288834,0.849998806646497,316,0.01,0.3,0.5,0.01,2
