,L2,L2_true,N,std,jump,jump_prob,ve,dim
0,3.4379718828284074,0.33698976867581565,1637,0.01,0.3,0.5,0.01,2
