,L2,L2_true,N,std,jump,jump_prob,ve,dim
0,3.9359104992495855,2.387151576522876,4,0.01,0.3,0.5,0.001,3
