,L2,L2_true,N,std,jump,jump_prob,ve,dim
0,5.309839532648008,4.0487854054109444,193,0.01,0.3,0.5,0.01,3
