,L2,L2_true,N,std,jump,jump_prob,ve,dim
0,12.160001246137885,11.739230229072021,1000,0.01,0.3,0.5,0.0025,3
