,L2,L2_true,N,std,jump,jump_prob,ve,dim
0,2.6320676353985575,0.2873069728777529,1000,0.01,0.3,0.5,0.001,1
