,L2,L2_true,N,std,jump,jump_prob,ve,dim
0,5.574202918350018,4.480988293096934,37,0.01,0.3,0.5,0.0025,2
