,L2,L2_true,N,std,jump,jump_prob,ve,dim
0,3.3400928022894036,1.4031630656946497,2000,0.01,0.3,0.5,0.0025,2
