,L2,L2_true,N,std,jump,jump_prob,ve,dim
0,3.870037605013044,2.246952047714752,16,0.01,0.3,0.5,0.0025,1
