,L2,L2_true,N,std,jump,jump_prob,ve,dim
0,4.090460313626469,2.334777243730825,5,0.01,0.3,0.5,0.0025,3
