,L2,L2_true,N,std,jump,jump_prob,ve,dim
0,5.898764938356621,5.268088281373315,1000,0.01,0.3,0.5,0.001,2
