,L2,L2_true,N,std,jump,jump_prob,ve,dim
0,4.771872635406913,3.2202751790200277,19,0.01,0.3,0.5,0.01,3
