,L2,L2_true,N,std,jump,jump_prob,ve,dim
0,4.322579902576613,2.5766118449103503,31,0.01,0.3,0.5,0.01,2
