,L2,L2_true,N,std,jump,jump_prob,ve,dim
0,3.917990110787592,1.8838639552697485,71,0.01,0.3,0.5,0.01,2
