,L2,L2_true,N,std,jump,jump_prob,ve,dim
0,12.94410350388314,12.553810159050768,719,0.01,0.3,0.5,0.0025,3
