,L2,L2_true,N,std,jump,jump_prob,ve,dim
0,3.6443363693154582,0.8049080011171766,2,0.01,0.3,0.5,0.01,1
