,L2,L2_true,N,std,jump,jump_prob,ve,dim
0,3.705840219106673,1.2274813949962782,6,0.01,0.3,0.5,0.01,1
