,L2,L2_true,N,std,jump,jump_prob,ve,dim
0,0.20626714130470317,0.20483454517734773,3162,0.2,0.3,0.5,0.001,1
