,L2,L2_true,N,std,jump,jump_prob,ve,dim
0,5.5502354836381995,4.316248495069204,84,0.01,0.3,0.5,0.01,3
