,L2,L2_true,N,std,jump,jump_prob,ve,dim
0,7.600617559035591,6.945973028967142,71,0.01,0.3,0.5,0.001,2
