,L2,L2_true,N,std,jump,jump_prob,ve,dim
0,8.121038451945976,7.494584291554789,61,0.01,0.3,0.5,0.001,3
