,L2,L2_true,N,std,jump,jump_prob,ve,dim
0,10.155975431297627,9.60440502783768,163,0.01,0.3,0.5,0.0025,3
