,L2,L2_true,N,std,jump,jump_prob,ve,dim
0,2.5554662303814406,2.5556844449100082,13,0.2,0.3,0.5,0.001,1
