,L2,L2_true,N,std,jump,jump_prob,ve,dim
0,3.416079069936686,0.26105634889106555,227,0.01,0.3,0.5,0.01,1
