,L2,L2_true,N,std,jump,jump_prob,ve,dim
0,6.037774119567634,5.0747928321349605,51,0.01,0.3,0.5,0.0025,2
