,L2,L2_true,N,std,jump,jump_prob,ve,dim
0,4.996172174774314,3.5573036948166483,26,0.01,0.3,0.5,0.01,3
