,L2,L2_true,N,std,jump,jump_prob,ve,dim
0,3.323369110137669,1.2791288841129531,31,0.01,0.3,0.5,0.0025,1
