,L2,L2_true,N,std,jump,jump_prob,ve,dim
0,5.182159909043051,3.818599116030573,37,0.01,0.3,0.5,0.01,3
