,L2,L2_true,N,std,jump,jump_prob,ve,dim
0,3.043886885940409,0.30022140474936254,268,0.01,0.3,0.5,0.0025,1
