,L2,L2_true,N,std,jump,jump_prob,ve,dim
0,3.6558435447188957,2.0548632365957444,1000,0.01,0.3,0.5,0.0025,2
