,L2,L2_true,N,std,jump,jump_prob,ve,dim
0,4.9469390551771575,3.6580071917720294,19,0.01,0.3,0.5,0.0025,2
