,L2,L2_true,N,std,jump,jump_prob,ve,dim
0,3.300907880073719,1.178205980744531,31,0.01,0.3,0.5,0.0025,1
