,L2,L2_true,N,std,jump,jump_prob,ve,dim
0,5.4046190293678045,4.114880822492696,71,0.01,0.3,0.5,0.01,3
