,L2,L2_true,N,std,jump,jump_prob,ve,dim
0,3.6618000930769634,2.016677733752609,1000,0.01,0.3,0.5,0.0025,2
