,L2,L2_true,N,std,jump,jump_prob,ve,dim
0,6.940406959890127,6.401883194517261,719,0.01,0.3,0.5,0.001,2
