,L2,L2_true,N,std,jump,jump_prob,ve,dim
0,3.415404253889686,0.03621822306444659,1389,0.01,0.3,0.5,0.01,1
