,L2,L2_true,N,std,jump,jump_prob,ve,dim
0,3.0359309529787843,0.12724584524232707,1930,0.01,0.3,0.5,0.0025,1
