,L2,L2_true,N,std,jump,jump_prob,ve,dim
0,2.7304671555450257,0.8874422034182585,163,0.01,0.3,0.5,0.001,1
