,L2,L2_true,N,std,jump,jump_prob,ve,dim
0,3.604262226328372,0.7612862814072004,2,0.01,0.3,0.5,0.01,1
