,L2,L2_true,N,std,jump,jump_prob,ve,dim
0,3.670917078991652,1.0345459659822973,2,0.01,0.3,0.5,0.01,2
