,L2,L2_true,N,std,jump,jump_prob,ve,dim
0,1.005919934511819,0.9836501232542304,138,0.05,0.3,0.5,0.001,1
