,L2,L2_true,N,std,jump,jump_prob,ve,dim
0,4.671317878729985,3.2289633395893977,11,0.01,0.3,0.5,0.0025,3
