,L2,L2_true,N,std,jump,jump_prob,ve,dim
0,3.8053848073056984,1.6265563114192012,10,0.01,0.3,0.5,0.01,1
