,L2,L2_true,N,std,jump,jump_prob,ve,dim
0,4.691122638892555,3.4868426717086964,11,0.01,0.3,0.5,0.001,3
