,L2,L2_true,N,std,jump,jump_prob,ve,dim
0,1.411433987429377,1.3811230491041322,84,0.05,0.3,0.5,0.001,1
