,L2,L2_true,N,std,jump,jump_prob,ve,dim
0,3.46778159847043,1.6783992780132688,1389,0.01,0.3,0.5,0.0025,2
