,L2,L2_true,N,std,jump,jump_prob,ve,dim
0,8.850580096149411,8.204509284401018,100,0.01,0.3,0.5,0.0025,3
