,L2,L2_true,N,std,jump,jump_prob,ve,dim
0,8.937813600771726,8.46284386789179,227,0.01,0.3,0.5,0.001,2
