,L2,L2_true,N,std,jump,jump_prob,ve,dim
0,15.47100889892921,15.163191492641158,316,0.01,0.3,0.5,0.001,3
