,L2,L2_true,N,std,jump,jump_prob,ve,dim
0,3.434948019883013,0.38510792260347515,51,0.01,0.3,0.5,0.01,1
