,L2,L2_true,N,std,jump,jump_prob,ve,dim
0,4.560497324807697,3.0804139667673374,10,0.01,0.3,0.5,0.0025,3
