,L2,L2_true,N,std,jump,jump_prob,ve,dim
0,3.8410966352039475,1.8714150845424524,3,0.01,0.3,0.5,0.0025,3
