,L2,L2_true,N,std,jump,jump_prob,ve,dim
0,4.047104878662824,1.9875588119452783,6,0.01,0.3,0.5,0.01,3
