,L2,L2_true,N,std,jump,jump_prob,ve,dim
0,1.4295539395524215,1.4228189658803094,61,0.05,0.3,0.5,0.001,1
