,L2,L2_true,N,std,jump,jump_prob,ve,dim
0,5.765697257809414,4.691138779769406,26,0.01,0.3,0.5,0.0025,3
