,L2,L2_true,N,std,jump,jump_prob,ve,dim
0,0.6014689002382002,0.5687368775557952,372,0.05,0.3,0.5,0.001,1
