,L2,L2_true,N,std,jump,jump_prob,ve,dim
0,1.411546358298879,1.3708397692298173,71,0.05,0.3,0.5,0.001,1
