,L2,L2_true,N,std,jump,jump_prob,ve,dim
0,7.771085458040889,7.267834886526276,517,0.01,0.3,0.5,0.001,2
