,L2,L2_true,N,std,jump,jump_prob,ve,dim
0,3.034946417799508,0.4054638973828147,193,0.01,0.3,0.5,0.0025,1
