,L2,L2_true,N,std,jump,jump_prob,ve,dim
0,5.407173720602203,4.135321202235417,100,0.01,0.3,0.5,0.01,3
