,L2,L2_true,N,std,jump,jump_prob,ve,dim
0,0.21540885646284372,0.2157541690753902,2682,0.2,0.3,0.5,0.001,1
