,L2,L2_true,N,std,jump,jump_prob,ve,dim
0,3.414759885455647,1.5648977851125008,1637,0.01,0.3,0.5,0.0025,2
