,L2,L2_true,N,std,jump,jump_prob,ve,dim
0,3.44401808660874,0.4144131060343077,31,0.01,0.3,0.5,0.01,1
