,L2,L2_true,N,std,jump,jump_prob,ve,dim
0,4.108979490223089,2.114847440825188,7,0.01,0.3,0.5,0.01,3
