,L2,L2_true,N,std,jump,jump_prob,ve,dim
0,1.7130709927974614,1.713978381487019,61,0.2,0.3,0.5,0.001,1
