,L2,L2_true,N,std,jump,jump_prob,ve,dim
0,1.4660094192487376,1.3209360132451338,2,0.05,0.3,0.5,0.001,1
