,L2,L2_true,N,std,jump,jump_prob,ve,dim
0,3.3351097289373643,1.3394979853410172,31,0.01,0.3,0.5,0.0025,1
