,L2,L2_true,N,std,jump,jump_prob,ve,dim
0,5.029919316741815,3.598414486167654,26,0.01,0.3,0.5,0.01,3
