,L2,L2_true,N,std,jump,jump_prob,ve,dim
0,3.817929389313227,2.160373084471483,3,0.01,0.3,0.5,0.001,1
