,L2,L2_true,N,std,jump,jump_prob,ve,dim
0,3.755469619307283,2.013164900024126,19,0.01,0.3,0.5,0.0025,1
