,L2,L2_true,N,std,jump,jump_prob,ve,dim
0,12.667134082374826,12.25248334049723,719,0.01,0.3,0.5,0.0025,3
