,L2,L2_true,N,std,jump,jump_prob,ve,dim
0,5.190796585679904,4.178785917910134,268,0.01,0.3,0.5,0.0025,2
