,L2,L2_true,N,std,jump,jump_prob,ve,dim
0,1.3945536222760941,1.3942246622137113,100,0.2,0.3,0.5,0.001,1
