,L2,L2_true,N,std,jump,jump_prob,ve,dim
0,3.403709683178013,0.0407300751611727,3162,0.01,0.3,0.5,0.01,1
