,L2,L2_true,N,std,jump,jump_prob,ve,dim
0,4.379173047437816,3.068400400670056,8,0.01,0.3,0.5,0.001,3
