,L2,L2_true,N,std,jump,jump_prob,ve,dim
0,2.077141560617167,2.07828660288557,7,0.2,0.3,0.5,0.001,1
