,L2,L2_true,N,std,jump,jump_prob,ve,dim
0,2.619803871128622,0.20678460010976876,1637,0.01,0.3,0.5,0.001,1
