,L2,L2_true,N,std,jump,jump_prob,ve,dim
0,3.466071715437388,0.5909009323566755,610,0.01,0.3,0.5,0.01,2
