,L2,L2_true,N,std,jump,jump_prob,ve,dim
0,0.687126009321973,0.6870549142828409,316,0.2,0.3,0.5,0.001,1
