,L2,L2_true,N,std,jump,jump_prob,ve,dim
0,5.828102439407596,4.927230751012321,26,0.01,0.3,0.5,0.001,2
