,L2,L2_true,N,std,jump,jump_prob,ve,dim
0,0.3555674857467484,0.3552830254124178,1000,0.2,0.3,0.5,0.001,1
