,L2,L2_true,N,std,jump,jump_prob,ve,dim
0,4.980657012978766,3.526759958955056,26,0.01,0.3,0.5,0.01,3
