,L2,L2_true,N,std,jump,jump_prob,ve,dim
0,3.4223690228573305,0.0559690366007286,2275,0.01,0.3,0.5,0.01,1
