,L2,L2_true,N,std,jump,jump_prob,ve,dim
0,2.6247635565602874,2.624704015373404,13,0.2,0.3,0.5,0.001,1
