,L2,L2_true,N,std,jump,jump_prob,ve,dim
0,1.3499945340445676,1.1784237118438987,1,0.05,0.3,0.5,0.001,1
