,L2,L2_true,N,std,jump,jump_prob,ve,dim
0,4.3908572257565925,3.0837125220015484,8,0.01,0.3,0.5,0.001,2
