,L2,L2_true,N,std,jump,jump_prob,ve,dim
0,12.754163483416269,12.372916594963407,193,0.01,0.3,0.5,0.001,3
