,L2,L2_true,N,std,jump,jump_prob,ve,dim
0,2.571733012065104,2.5714733692867804,16,0.2,0.3,0.5,0.001,1
