,L2,L2_true,N,std,jump,jump_prob,ve,dim
0,5.80057590515645,4.7233606013228275,26,0.01,0.3,0.5,0.0025,3
