,L2,L2_true,N,std,jump,jump_prob,ve,dim
0,4.925677190574701,3.7948432752690446,13,0.01,0.3,0.5,0.001,3
