,L2,L2_true,N,std,jump,jump_prob,ve,dim
0,22.231587209256848,22.039654921244708,1178,0.01,0.3,0.5,0.001,3
