,L2,L2_true,N,std,jump,jump_prob,ve,dim
0,3.6273278210169866,0.7448260264592741,1,0.01,0.3,0.5,0.01,1
