,L2,L2_true,N,std,jump,jump_prob,ve,dim
0,3.4251166072160935,0.27828701504405584,117,0.01,0.3,0.5,0.01,1
