,L2,L2_true,N,std,jump,jump_prob,ve,dim
0,1.624997035336328,1.6239086388388442,84,0.2,0.3,0.5,0.001,1
