,L2,L2_true,N,std,jump,jump_prob,ve,dim
0,3.6292074797104834,1.0292369681588704,8,0.01,0.3,0.5,0.01,1
