,L2,L2_true,N,std,jump,jump_prob,ve,dim
0,0.512198355200379,0.4328365872974022,610,0.05,0.3,0.5,0.001,1
