,L2,L2_true,N,std,jump,jump_prob,ve,dim
0,2.699407316080101,0.7359816418971088,193,0.01,0.3,0.5,0.001,1
