,L2,L2_true,N,std,jump,jump_prob,ve,dim
0,3.7254337134425675,2.013462825771741,3,0.01,0.3,0.5,0.001,1
