,L2,L2_true,N,std,jump,jump_prob,ve,dim
0,3.0327804367914277,0.08364247345534158,2682,0.01,0.3,0.5,0.0025,1
