,L2,L2_true,N,std,jump,jump_prob,ve,dim
0,11.84509485051113,11.437151791340817,163,0.01,0.3,0.5,0.001,3
