,L2,L2_true,N,std,jump,jump_prob,ve,dim
0,19.558274542568274,19.318978401200688,719,0.01,0.3,0.5,0.001,3
