,L2,L2_true,N,std,jump,jump_prob,ve,dim
0,3.1014836456868924,0.7210788547141644,138,0.01,0.3,0.5,0.0025,1
