,L2,L2_true,N,std,jump,jump_prob,ve,dim
0,1.8762502786945972,1.774293268619731,4,0.05,0.3,0.5,0.001,1
