,L2,L2_true,N,std,jump,jump_prob,ve,dim
0,8.402223818553585,7.861172218730815,117,0.01,0.3,0.5,0.001,2
