,L2,L2_true,N,std,jump,jump_prob,ve,dim
0,7.347631550327572,6.814025416899627,517,0.01,0.3,0.5,0.001,2
