,L2,L2_true,N,std,jump,jump_prob,ve,dim
0,5.106985026529521,4.027545491308164,16,0.01,0.3,0.5,0.001,2
