,L2,L2_true,N,std,jump,jump_prob,ve,dim
0,11.898904424568022,11.451697459468503,372,0.01,0.3,0.5,0.0025,3
