,L2,L2_true,N,std,jump,jump_prob,ve,dim
0,3.0531078748710394,0.40683764429568414,163,0.01,0.3,0.5,0.0025,1
