,L2,L2_true,N,std,jump,jump_prob,ve,dim
0,3.3193710866099884,2.0504815878881506,84,0.01,0.3,0.5,0.001,1
