,L2,L2_true,N,std,jump,jump_prob,ve,dim
0,5.2743747411736175,4.276770730796382,227,0.01,0.3,0.5,0.0025,2
