,L2,L2_true,N,std,jump,jump_prob,ve,dim
0,4.741881203384382,3.264607854451665,372,0.01,0.3,0.5,0.01,3
