,L2,L2_true,N,std,jump,jump_prob,ve,dim
0,3.714254519355095,1.5635319228851554,3,0.01,0.3,0.5,0.0025,1
