,L2,L2_true,N,std,jump,jump_prob,ve,dim
0,2.6111130462376337,0.24194821556109522,1000,0.01,0.3,0.5,0.001,1
