,L2,L2_true,N,std,jump,jump_prob,ve,dim
0,3.8667785262359993,2.2447277154757197,3,0.01,0.3,0.5,0.001,3
