,L2,L2_true,N,std,jump,jump_prob,ve,dim
0,4.258303226067039,2.446394564969968,22,0.01,0.3,0.5,0.01,2
