,L2,L2_true,N,std,jump,jump_prob,ve,dim
0,3.031434562759797,0.1757730165695476,517,0.01,0.3,0.5,0.0025,1
