,L2,L2_true,N,std,jump,jump_prob,ve,dim
0,5.2476450691582235,3.94352704730007,163,0.01,0.3,0.5,0.01,3
