,L2,L2_true,N,std,jump,jump_prob,ve,dim
0,3.476215221754691,0.6204377602049665,22,0.01,0.3,0.5,0.01,1
