,L2,L2_true,N,std,jump,jump_prob,ve,dim
0,5.3563145619668155,4.353607529062407,19,0.01,0.3,0.5,0.001,3
