,L2,L2_true,N,std,jump,jump_prob,ve,dim
0,2.749072414681756,0.9067752885855901,138,0.01,0.3,0.5,0.001,1
