,L2,L2_true,N,std,jump,jump_prob,ve,dim
0,1.958520479508751,1.9193096143232886,51,0.05,0.3,0.5,0.001,1
