,L2,L2_true,N,std,jump,jump_prob,ve,dim
0,3.625335625402044,1.8210418347814288,2,0.01,0.3,0.5,0.001,1
