,L2,L2_true,N,std,jump,jump_prob,ve,dim
0,0.27564667254815045,0.27550129777111165,1637,0.2,0.3,0.5,0.001,1
