,L2,L2_true,N,std,jump,jump_prob,ve,dim
0,3.61772392231828,1.802282502497565,1,0.01,0.3,0.5,0.001,1
