,L2,L2_true,N,std,jump,jump_prob,ve,dim
0,8.869739531563912,8.37478253564703,193,0.01,0.3,0.5,0.001,2
