,L2,L2_true,N,std,jump,jump_prob,ve,dim
0,3.433156273882048,0.3871926863154565,43,0.01,0.3,0.5,0.01,1
