,L2,L2_true,N,std,jump,jump_prob,ve,dim
0,5.437075776497199,4.14925127330123,51,0.01,0.3,0.5,0.01,3
