,L2,L2_true,N,std,jump,jump_prob,ve,dim
0,2.194375172018914,2.128727036754919,7,0.05,0.3,0.5,0.001,1
