,L2,L2_true,N,std,jump,jump_prob,ve,dim
0,3.7139594765423616,1.4314112471846114,1930,0.01,0.3,0.5,0.01,3
