,L2,L2_true,N,std,jump,jump_prob,ve,dim
0,7.68908026944575,7.066880363714865,84,0.01,0.3,0.5,0.001,2
