,L2,L2_true,N,std,jump,jump_prob,ve,dim
0,4.4722942386341185,2.7456626141193534,13,0.01,0.3,0.5,0.01,3
