,L2,L2_true,N,std,jump,jump_prob,ve,dim
0,3.4324909211082737,0.33735765200392387,31,0.01,0.3,0.5,0.01,1
