,L2,L2_true,N,std,jump,jump_prob,ve,dim
0,3.4508325009348395,0.4677568463106405,51,0.01,0.3,0.5,0.01,1
