,L2,L2_true,N,std,jump,jump_prob,ve,dim
0,3.031351970599894,1.5943093522714,84,0.01,0.3,0.5,0.001,1
