,L2,L2_true,N,std,jump,jump_prob,ve,dim
0,0.43176856302569316,0.43201623749797974,610,0.2,0.3,0.5,0.001,1
