,L2,L2_true,N,std,jump,jump_prob,ve,dim
0,8.192521719715113,7.620976471805549,117,0.01,0.3,0.5,0.001,2
