,L2,L2_true,N,std,jump,jump_prob,ve,dim
0,2.598452664186008,2.5975729409475976,22,0.2,0.3,0.5,0.001,1
