,L2,L2_true,N,std,jump,jump_prob,ve,dim
0,0.3399282079313895,0.22934425291710459,1930,0.05,0.3,0.5,0.001,1
