,L2,L2_true,N,std,jump,jump_prob,ve,dim
0,11.300437982142164,10.864682576143343,138,0.01,0.3,0.5,0.001,3
