,L2,L2_true,N,std,jump,jump_prob,ve,dim
0,2.5854766636478734,2.585401465159853,22,0.2,0.3,0.5,0.001,1
