,L2,L2_true,N,std,jump,jump_prob,ve,dim
0,1.5073196032255403,1.5068686652686,71,0.2,0.3,0.5,0.001,1
