,L2,L2_true,N,std,jump,jump_prob,ve,dim
0,3.982700562111188,1.886285310068454,11,0.01,0.3,0.5,0.01,2
