,L2,L2_true,N,std,jump,jump_prob,ve,dim
0,5.572039046977227,4.45569210490527,22,0.01,0.3,0.5,0.0025,3
