,L2,L2_true,N,std,jump,jump_prob,ve,dim
0,5.276869696678136,3.9539656710362627,43,0.01,0.3,0.5,0.01,3
