,L2,L2_true,N,std,jump,jump_prob,ve,dim
0,0.6998618024520642,0.6581078037707108,268,0.05,0.3,0.5,0.001,1
