,L2,L2_true,N,std,jump,jump_prob,ve,dim
0,2.6449020145188076,0.43825635734091495,316,0.01,0.3,0.5,0.001,1
