,L2,L2_true,N,std,jump,jump_prob,ve,dim
0,5.251287643277408,3.901509890470708,43,0.01,0.3,0.5,0.01,3
