,L2,L2_true,N,std,jump,jump_prob,ve,dim
0,3.7608370443018844,1.5215571077083452,117,0.01,0.3,0.5,0.01,2
