,L2,L2_true,N,std,jump,jump_prob,ve,dim
0,4.50518386804016,3.6505043446926058,2000,0.01,0.3,0.5,0.001,2
