,L2,L2_true,N,std,jump,jump_prob,ve,dim
0,3.0460722945414953,0.34553470252174795,227,0.01,0.3,0.5,0.0025,1
