,L2,L2_true,N,std,jump,jump_prob,ve,dim
0,2.6413587269470247,2.6410133138904492,22,0.2,0.3,0.5,0.001,1
