,L2,L2_true,N,std,jump,jump_prob,ve,dim
0,3.8741933997748,2.6228063846329706,26,0.01,0.3,0.5,0.001,1
