,L2,L2_true,N,std,jump,jump_prob,ve,dim
0,7.510782117627227,6.72275715645506,61,0.01,0.3,0.5,0.0025,3
