,L2,L2_true,N,std,jump,jump_prob,ve,dim
0,2.6223850524646277,0.2087600324339812,2275,0.01,0.3,0.5,0.001,1
