,L2,L2_true,N,std,jump,jump_prob,ve,dim
0,3.7868549594526577,1.3656828860575936,3,0.01,0.3,0.5,0.01,2
