,L2,L2_true,N,std,jump,jump_prob,ve,dim
0,3.7031164432636516,1.3841486593807828,117,0.01,0.3,0.5,0.01,2
