,L2,L2_true,N,std,jump,jump_prob,ve,dim
0,0.3289993334918939,0.3289732531572713,1389,0.2,0.3,0.5,0.001,1
