,L2,L2_true,N,std,jump,jump_prob,ve,dim
0,5.408796932203331,4.13511732497849,100,0.01,0.3,0.5,0.01,3
