,L2,L2_true,N,std,jump,jump_prob,ve,dim
0,4.172254367926298,2.3791946083775084,719,0.01,0.3,0.5,0.01,3
