,L2,L2_true,N,std,jump,jump_prob,ve,dim
0,23.917388902724074,23.75352288895769,2000,0.01,0.3,0.5,0.001,3
