,L2,L2_true,N,std,jump,jump_prob,ve,dim
0,3.622156509384599,1.328984803142859,1,0.01,0.3,0.5,0.0025,1
