,L2,L2_true,N,std,jump,jump_prob,ve,dim
0,4.366864931755345,2.548046726737218,11,0.01,0.3,0.5,0.01,3
