,L2,L2_true,N,std,jump,jump_prob,ve,dim
0,3.6201787158819054,1.1749410229877266,163,0.01,0.3,0.5,0.01,2
