,L2,L2_true,N,std,jump,jump_prob,ve,dim
0,3.905658428598615,2.3193223894843915,3,0.01,0.3,0.5,0.001,2
