,L2,L2_true,N,std,jump,jump_prob,ve,dim
0,0.37736089319700283,0.30544692925975436,1389,0.05,0.3,0.5,0.001,1
