,L2,L2_true,N,std,jump,jump_prob,ve,dim
0,3.88173087663454,1.6119990879214716,4,0.01,0.3,0.5,0.01,3
