,L2,L2_true,N,std,jump,jump_prob,ve,dim
0,0.2693428121212328,0.2683782206284579,1930,0.2,0.3,0.5,0.001,1
