,L2,L2_true,N,std,jump,jump_prob,ve,dim
0,8.348410838225774,7.8436185463230315,227,0.01,0.3,0.5,0.001,2
