,L2,L2_true,N,std,jump,jump_prob,ve,dim
0,1.5685295976429598,1.542544902911986,61,0.05,0.3,0.5,0.001,1
