,L2,L2_true,N,std,jump,jump_prob,ve,dim
0,3.8373309305396788,1.9117759135730268,5,0.01,0.3,0.5,0.0025,1
