,L2,L2_true,N,std,jump,jump_prob,ve,dim
0,4.055097038678558,2.0040662616297307,10,0.01,0.3,0.5,0.01,2
