,L2,L2_true,N,std,jump,jump_prob,ve,dim
0,3.4240272141109553,0.40987922138391863,1178,0.01,0.3,0.5,0.01,2
