,L2,L2_true,N,std,jump,jump_prob,ve,dim
0,3.0388192701818455,0.1749942077134456,848,0.01,0.3,0.5,0.0025,1
