,L2,L2_true,N,std,jump,jump_prob,ve,dim
0,3.6250815183842096,0.7450345731855328,1,0.01,0.3,0.5,0.01,1
