,L2,L2_true,N,std,jump,jump_prob,ve,dim
0,0.8700158303199798,0.8566844252907578,163,0.05,0.3,0.5,0.001,1
