,L2,L2_true,N,std,jump,jump_prob,ve,dim
0,13.438914384485411,13.085944791248298,227,0.01,0.3,0.5,0.001,3
