,L2,L2_true,N,std,jump,jump_prob,ve,dim
0,4.084530472170477,2.7323455703845245,610,0.01,0.3,0.5,0.0025,2
