,L2,L2_true,N,std,jump,jump_prob,ve,dim
0,4.2473949034386616,2.8708488787736743,7,0.01,0.3,0.5,0.001,2
