,L2,L2_true,N,std,jump,jump_prob,ve,dim
0,2.678433299049843,0.6075671484081374,193,0.01,0.3,0.5,0.001,1
