,L2,L2_true,N,std,jump,jump_prob,ve,dim
0,0.3147451593287404,0.31473520330897403,1389,0.2,0.3,0.5,0.001,1
