,L2,L2_true,N,std,jump,jump_prob,ve,dim
0,3.452716406186586,0.479425615893249,1000,0.01,0.3,0.5,0.01,2
