,L2,L2_true,N,std,jump,jump_prob,ve,dim
0,4.816081830318193,3.3726312003908,316,0.01,0.3,0.5,0.01,3
