,L2,L2_true,N,std,jump,jump_prob,ve,dim
0,3.4228052794404342,0.3245383149014023,1930,0.01,0.3,0.5,0.01,2
