,L2,L2_true,N,std,jump,jump_prob,ve,dim
0,24.55980288780464,24.394815967446068,1637,0.01,0.3,0.5,0.001,3
