,L2,L2_true,N,std,jump,jump_prob,ve,dim
0,8.614939887589799,8.149947435769077,316,0.01,0.3,0.5,0.001,2
