,L2,L2_true,N,std,jump,jump_prob,ve,dim
0,20.900597740736224,20.684261276689124,848,0.01,0.3,0.5,0.001,3
