,L2,L2_true,N,std,jump,jump_prob,ve,dim
0,5.404089002917107,4.140757592160764,163,0.01,0.3,0.5,0.01,3
