,L2,L2_true,N,std,jump,jump_prob,ve,dim
0,2.707844060429292,0.721333511701098,193,0.01,0.3,0.5,0.001,1
