,L2,L2_true,N,std,jump,jump_prob,ve,dim
0,5.615243584353243,4.389559083189986,84,0.01,0.3,0.5,0.01,3
