,L2,L2_true,N,std,jump,jump_prob,ve,dim
0,9.898841923151915,9.332180193401223,138,0.01,0.3,0.5,0.0025,3
