,L2,L2_true,N,std,jump,jump_prob,ve,dim
0,3.6419901067260567,0.9384029311826844,2,0.01,0.3,0.5,0.01,1
