,L2,L2_true,N,std,jump,jump_prob,ve,dim
0,0.2496577800840953,0.2497097550680009,1930,0.2,0.3,0.5,0.001,1
