,L2,L2_true,N,std,jump,jump_prob,ve,dim
0,2.7791734431129673,2.7351970212937635,10,0.05,0.3,0.5,0.001,1
