,L2,L2_true,N,std,jump,jump_prob,ve,dim
0,22.003073718093646,21.8150850900996,1000,0.01,0.3,0.5,0.001,3
