,L2,L2_true,N,std,jump,jump_prob,ve,dim
0,0.2412700971748061,0.2413500429421596,1930,0.2,0.3,0.5,0.001,1
