,L2,L2_true,N,std,jump,jump_prob,ve,dim
0,3.742039422116785,1.1779043380502725,2,0.01,0.3,0.5,0.01,3
