,L2,L2_true,N,std,jump,jump_prob,ve,dim
0,3.904904741555947,2.5228285334489318,13,0.01,0.3,0.5,0.001,1
