,L2,L2_true,N,std,jump,jump_prob,ve,dim
0,3.6497935617741812,0.9660506182644776,5,0.01,0.3,0.5,0.01,1
