,L2,L2_true,N,std,jump,jump_prob,ve,dim
0,3.890660727037653,2.4179865996682275,719,0.01,0.3,0.5,0.0025,2
