,L2,L2_true,N,std,jump,jump_prob,ve,dim
0,3.422399551220336,0.103921794519009,517,0.01,0.3,0.5,0.01,1
