,L2,L2_true,N,std,jump,jump_prob,ve,dim
0,7.807870290750866,7.069816164512161,71,0.01,0.3,0.5,0.0025,3
