,L2,L2_true,N,std,jump,jump_prob,ve,dim
0,3.6186140480735056,1.8028154317057883,1,0.01,0.3,0.5,0.001,1
