,L2,L2_true,N,std,jump,jump_prob,ve,dim
0,10.704861925460568,10.241667864771248,117,0.01,0.3,0.5,0.001,3
