,L2,L2_true,N,std,jump,jump_prob,ve,dim
0,2.373863365266247,2.362778403042184,26,0.05,0.3,0.5,0.001,1
