,L2,L2_true,N,std,jump,jump_prob,ve,dim
0,2.0746014023399786,2.0744525916716414,8,0.2,0.3,0.5,0.001,1
