,L2,L2_true,N,std,jump,jump_prob,ve,dim
0,3.4109658375847856,0.05046159447599223,2682,0.01,0.3,0.5,0.01,1
