,L2,L2_true,N,std,jump,jump_prob,ve,dim
0,3.6322764549853863,1.8713050009539618,2,0.01,0.3,0.5,0.001,1
