,L2,L2_true,N,std,jump,jump_prob,ve,dim
0,9.927301316996477,9.425402558629182,100,0.01,0.3,0.5,0.001,3
