,L2,L2_true,N,std,jump,jump_prob,ve,dim
0,2.744601084284308,2.67482581564649,7,0.05,0.3,0.5,0.001,1
