,L2,L2_true,N,std,jump,jump_prob,ve,dim
0,4.708227411273638,3.5071729141369916,11,0.01,0.3,0.5,0.001,3
