,L2,L2_true,N,std,jump,jump_prob,ve,dim
0,0.37790610192600554,0.37046838809244326,1,0.2,0.3,0.5,0.001,1
