,L2,L2_true,N,std,jump,jump_prob,ve,dim
0,8.52114976070738,8.003160632459283,193,0.01,0.3,0.5,0.001,2
