,L2,L2_true,N,std,jump,jump_prob,ve,dim
0,3.7106074125265285,1.433438253745957,117,0.01,0.3,0.5,0.01,2
