,L2,L2_true,N,std,jump,jump_prob,ve,dim
0,5.313366114467894,4.106926585894532,19,0.01,0.3,0.5,0.0025,3
