,L2,L2_true,N,std,jump,jump_prob,ve,dim
0,4.849861781899729,3.7043489417341116,13,0.01,0.3,0.5,0.001,2
