,L2,L2_true,N,std,jump,jump_prob,ve,dim
0,5.552657280761905,4.423669731784801,22,0.01,0.3,0.5,0.0025,3
