,L2,L2_true,N,std,jump,jump_prob,ve,dim
0,3.4276589438096923,0.1265478384983624,439,0.01,0.3,0.5,0.01,1
