,L2,L2_true,N,std,jump,jump_prob,ve,dim
0,1.8393757716673156,1.8397253462663212,5,0.2,0.3,0.5,0.001,1
