,L2,L2_true,N,std,jump,jump_prob,ve,dim
0,18.308218551830674,18.04565675820582,517,0.01,0.3,0.5,0.001,3
