,L2,L2_true,N,std,jump,jump_prob,ve,dim
0,3.820292487878459,2.195986277426502,4,0.01,0.3,0.5,0.001,1
