,L2,L2_true,N,std,jump,jump_prob,ve,dim
0,3.062788240521645,0.42744697234074736,100,0.01,0.3,0.5,0.0025,1
