,L2,L2_true,N,std,jump,jump_prob,ve,dim
0,3.426220553761605,0.2758746858978107,138,0.01,0.3,0.5,0.01,1
