,L2,L2_true,N,std,jump,jump_prob,ve,dim
0,4.132497106266588,2.1412227225607547,7,0.01,0.3,0.5,0.01,3
