,L2,L2_true,N,std,jump,jump_prob,ve,dim
0,2.220396437434212,2.2210832661758406,7,0.2,0.3,0.5,0.001,1
