,L2,L2_true,N,std,jump,jump_prob,ve,dim
0,9.210959431473768,8.592278108311804,117,0.01,0.3,0.5,0.0025,3
