,L2,L2_true,N,std,jump,jump_prob,ve,dim
0,3.923426150669562,2.4896833240164464,13,0.01,0.3,0.5,0.001,1
