,L2,L2_true,N,std,jump,jump_prob,ve,dim
0,22.731689739760842,22.530932457479512,1178,0.01,0.3,0.5,0.001,3
