,L2,L2_true,N,std,jump,jump_prob,ve,dim
0,8.453049014431873,7.932741366391174,163,0.01,0.3,0.5,0.001,2
