,L2,L2_true,N,std,jump,jump_prob,ve,dim
0,1.5741415283125997,1.435454198179856,2,0.05,0.3,0.5,0.001,1
