,L2,L2_true,N,std,jump,jump_prob,ve,dim
0,3.949554946394093,2.402994245865427,4,0.01,0.3,0.5,0.001,3
