,L2,L2_true,N,std,jump,jump_prob,ve,dim
0,1.2415716126307437,1.2359223046961798,2,0.2,0.3,0.5,0.001,1
