,L2,L2_true,N,std,jump,jump_prob,ve,dim
0,4.065850312228847,2.2845074655437663,5,0.01,0.3,0.5,0.0025,3
