,L2,L2_true,N,std,jump,jump_prob,ve,dim
0,3.0526845729211622,0.3363893744561441,372,0.01,0.3,0.5,0.0025,1
