,L2,L2_true,N,std,jump,jump_prob,ve,dim
0,3.9760698150801295,2.5125247318592825,10,0.01,0.3,0.5,0.001,1
