,L2,L2_true,N,std,jump,jump_prob,ve,dim
0,0.4593419233765178,0.40479258533463136,610,0.05,0.3,0.5,0.001,1
