,L2,L2_true,N,std,jump,jump_prob,ve,dim
0,10.029460566190252,9.479426245192158,163,0.01,0.3,0.5,0.0025,3
