,L2,L2_true,N,std,jump,jump_prob,ve,dim
0,0.37794463878483886,0.37050575141804987,1,0.2,0.3,0.5,0.001,1
