,L2,L2_true,N,std,jump,jump_prob,ve,dim
0,2.073893018839232,2.0737073362100897,16,0.2,0.3,0.5,0.001,1
