,L2,L2_true,N,std,jump,jump_prob,ve,dim
0,3.4121744778100247,0.07736770239846023,1637,0.01,0.3,0.5,0.01,1
