,L2,L2_true,N,std,jump,jump_prob,ve,dim
0,3.4207640233778402,0.29710768549667854,84,0.01,0.3,0.5,0.01,1
