,L2,L2_true,N,std,jump,jump_prob,ve,dim
0,2.380333018071176,2.313186635109829,8,0.05,0.3,0.5,0.001,1
