,L2,L2_true,N,std,jump,jump_prob,ve,dim
0,1.0776566001910943,1.0747215203470426,2,0.2,0.3,0.5,0.001,1
