,L2,L2_true,N,std,jump,jump_prob,ve,dim
0,3.4183087721677254,0.09324832531384725,610,0.01,0.3,0.5,0.01,1
