,L2,L2_true,N,std,jump,jump_prob,ve,dim
0,3.507628600250949,0.8255644722322122,316,0.01,0.3,0.5,0.01,2
