,L2,L2_true,N,std,jump,jump_prob,ve,dim
0,4.582374396986997,3.0306509094440006,439,0.01,0.3,0.5,0.01,3
