,L2,L2_true,N,std,jump,jump_prob,ve,dim
0,1.4228539693632458,1.422292074890138,84,0.05,0.3,0.5,0.001,1
