,L2,L2_true,N,std,jump,jump_prob,ve,dim
0,2.5013216632784108,2.500007340671884,16,0.2,0.3,0.5,0.001,1
