,L2,L2_true,N,std,jump,jump_prob,ve,dim
0,3.6228972948527085,0.7449700918321907,1,0.01,0.3,0.5,0.01,1
