,L2,L2_true,N,std,jump,jump_prob,ve,dim
0,2.294338702033073,2.2948741798322176,31,0.2,0.3,0.5,0.001,1
