,L2,L2_true,N,std,jump,jump_prob,ve,dim
0,2.848860641147247,1.1563237350573592,84,0.01,0.3,0.5,0.001,1
