,L2,L2_true,N,std,jump,jump_prob,ve,dim
0,3.449587792095869,1.3881590628886735,19,0.01,0.3,0.5,0.0025,1
