,L2,L2_true,N,std,jump,jump_prob,ve,dim
0,24.60571166241248,24.446176286786173,2000,0.01,0.3,0.5,0.001,3
