,L2,L2_true,N,std,jump,jump_prob,ve,dim
0,5.65989719750666,4.619505648324368,61,0.01,0.3,0.5,0.0025,2
