,L2,L2_true,N,std,jump,jump_prob,ve,dim
0,5.32481279272769,4.619213966305371,1389,0.01,0.3,0.5,0.001,2
