,L2,L2_true,N,std,jump,jump_prob,ve,dim
0,1.348525990509289,1.1774282489544223,1,0.05,0.3,0.5,0.001,1
