,L2,L2_true,N,std,jump,jump_prob,ve,dim
0,0.29784916163118097,0.19507224618281885,3162,0.05,0.3,0.5,0.001,1
