,L2,L2_true,N,std,jump,jump_prob,ve,dim
0,3.934764939224355,2.3905689111934785,4,0.01,0.3,0.5,0.001,3
