,L2,L2_true,N,std,jump,jump_prob,ve,dim
0,4.060606581931447,2.1855963975906008,848,0.01,0.3,0.5,0.01,3
