,L2,L2_true,N,std,jump,jump_prob,ve,dim
0,3.595591760812014,1.118971392971704,193,0.01,0.3,0.5,0.01,2
