,L2,L2_true,N,std,jump,jump_prob,ve,dim
0,3.0425468343473936,0.27493614755959306,316,0.01,0.3,0.5,0.0025,1
