,L2,L2_true,N,std,jump,jump_prob,ve,dim
0,0.18531862763099674,0.18475358223991092,3162,0.2,0.3,0.5,0.001,1
