,L2,L2_true,N,std,jump,jump_prob,ve,dim
0,5.196695032434271,3.895116059857395,193,0.01,0.3,0.5,0.01,3
