,L2,L2_true,N,std,jump,jump_prob,ve,dim
0,2.6221292438541237,0.17265103439989873,2682,0.01,0.3,0.5,0.001,1
