,L2,L2_true,N,std,jump,jump_prob,ve,dim
0,3.6241614783759935,0.8975515628711238,2,0.01,0.3,0.5,0.01,1
