,L2,L2_true,N,std,jump,jump_prob,ve,dim
0,3.447602134339314,0.458931313193311,1000,0.01,0.3,0.5,0.01,2
