,L2,L2_true,N,std,jump,jump_prob,ve,dim
0,3.469432400018647,0.5804504460890632,26,0.01,0.3,0.5,0.01,1
