,L2,L2_true,N,std,jump,jump_prob,ve,dim
0,3.4161845719903727,0.0665503176695462,1930,0.01,0.3,0.5,0.01,1
