,L2,L2_true,N,std,jump,jump_prob,ve,dim
0,3.049399145794553,0.3240155481048767,268,0.01,0.3,0.5,0.0025,1
