,L2,L2_true,N,std,jump,jump_prob,ve,dim
0,3.875868978180082,2.4074512725235193,719,0.01,0.3,0.5,0.0025,2
