,L2,L2_true,N,std,jump,jump_prob,ve,dim
0,3.8826842581754875,3.8828473798131955,22,0.2,0.3,0.5,0.001,1
