,L2,L2_true,N,std,jump,jump_prob,ve,dim
0,8.35695958656669,7.800754898744702,117,0.01,0.3,0.5,0.001,2
