,L2,L2_true,N,std,jump,jump_prob,ve,dim
0,4.727681033927381,3.1622731613632107,19,0.01,0.3,0.5,0.01,3
