,L2,L2_true,N,std,jump,jump_prob,ve,dim
0,3.464909093554945,0.48635415568337925,43,0.01,0.3,0.5,0.01,1
