,L2,L2_true,N,std,jump,jump_prob,ve,dim
0,3.9644889027925094,2.4840636006986583,5,0.01,0.3,0.5,0.001,1
