,L2,L2_true,N,std,jump,jump_prob,ve,dim
0,22.25216163243328,22.051383672067995,1178,0.01,0.3,0.5,0.001,3
