,L2,L2_true,N,std,jump,jump_prob,ve,dim
0,3.6161238181168707,1.801607446189115,1,0.01,0.3,0.5,0.001,2
