,L2,L2_true,N,std,jump,jump_prob,ve,dim
0,3.429274940736423,0.40855206271987465,51,0.01,0.3,0.5,0.01,1
