,L2,L2_true,N,std,jump,jump_prob,ve,dim
0,3.4202902830654,0.08156334266794474,1000,0.01,0.3,0.5,0.01,1
