,L2,L2_true,N,std,jump,jump_prob,ve,dim
0,3.885603998460269,1.6011228705678384,4,0.01,0.3,0.5,0.01,2
