,L2,L2_true,N,std,jump,jump_prob,ve,dim
0,3.5232652264011546,0.8746703320646928,16,0.01,0.3,0.5,0.01,1
