,L2,L2_true,N,std,jump,jump_prob,ve,dim
0,2.012498136574059,1.9170710057664169,5,0.05,0.3,0.5,0.001,1
