,L2,L2_true,N,std,jump,jump_prob,ve,dim
0,1.2089837151221008,1.2089927657871056,117,0.2,0.3,0.5,0.001,1
