,L2,L2_true,N,std,jump,jump_prob,ve,dim
0,3.6126543070998833,1.8033109847317905,1,0.01,0.3,0.5,0.001,1
