,L2,L2_true,N,std,jump,jump_prob,ve,dim
0,10.477601379923675,9.996213674329809,117,0.01,0.3,0.5,0.001,3
