,L2,L2_true,N,std,jump,jump_prob,ve,dim
0,1.367826782237845,1.36762092349789,3,0.2,0.3,0.5,0.001,1
