,L2,L2_true,N,std,jump,jump_prob,ve,dim
0,20.878124212669757,20.660521148105325,848,0.01,0.3,0.5,0.001,3
