,L2,L2_true,N,std,jump,jump_prob,ve,dim
0,5.152394425696216,3.8262053447525113,227,0.01,0.3,0.5,0.01,3
