,L2,L2_true,N,std,jump,jump_prob,ve,dim
0,0.38118574233833924,0.38140320164564917,848,0.2,0.3,0.5,0.001,1
