,L2,L2_true,N,std,jump,jump_prob,ve,dim
0,3.468550210007887,0.5263890586557788,26,0.01,0.3,0.5,0.01,1
