,L2,L2_true,N,std,jump,jump_prob,ve,dim
0,3.4134736486627153,0.04903554211155386,1389,0.01,0.3,0.5,0.01,1
