,L2,L2_true,N,std,jump,jump_prob,ve,dim
0,0.3214672276501116,0.20752620284760503,1930,0.05,0.3,0.5,0.001,1
