,L2,L2_true,N,std,jump,jump_prob,ve,dim
0,1.998904439637326,1.998910784570316,31,0.2,0.3,0.5,0.001,1
