,L2,L2_true,N,std,jump,jump_prob,ve,dim
0,3.2368527164084977,1.1173752407037572,3000,0.01,0.3,0.5,0.0025,2
