,L2,L2_true,N,std,jump,jump_prob,ve,dim
0,4.038768657050993,2.0937072851502805,51,0.01,0.3,0.5,0.01,2
