,L2,L2_true,N,std,jump,jump_prob,ve,dim
0,4.180645953756067,2.406906912275559,719,0.01,0.3,0.5,0.01,3
