,L2,L2_true,N,std,jump,jump_prob,ve,dim
0,4.6972302554716485,3.50558332276814,11,0.01,0.3,0.5,0.001,3
