,L2,L2_true,N,std,jump,jump_prob,ve,dim
0,4.096041448918755,2.3217694587259157,5,0.01,0.3,0.5,0.0025,3
