,L2,L2_true,N,std,jump,jump_prob,ve,dim
0,4.48110900503759,2.783661277572912,13,0.01,0.3,0.5,0.01,3
