,L2,L2_true,N,std,jump,jump_prob,ve,dim
0,2.338208038704538,2.335467013482604,11,0.2,0.3,0.5,0.001,1
