,L2,L2_true,N,std,jump,jump_prob,ve,dim
0,3.3563179567188626,1.2259978000370686,26,0.01,0.3,0.5,0.0025,1
