,L2,L2_true,N,std,jump,jump_prob,ve,dim
0,3.9686182645835233,2.9618871635542128,3000,0.01,0.3,0.5,0.001,2
