,L2,L2_true,N,std,jump,jump_prob,ve,dim
0,4.851403366639914,3.524290832025017,16,0.01,0.3,0.5,0.0025,2
