,L2,L2_true,N,std,jump,jump_prob,ve,dim
0,11.860030974783914,11.409329583213323,316,0.01,0.3,0.5,0.0025,3
