,L2,L2_true,N,std,jump,jump_prob,ve,dim
0,17.30023432481248,17.034413608843625,439,0.01,0.3,0.5,0.001,3
