,L2,L2_true,N,std,jump,jump_prob,ve,dim
0,17.816736436068535,17.55100684653567,517,0.01,0.3,0.5,0.001,3
