,L2,L2_true,N,std,jump,jump_prob,ve,dim
0,3.4190795853514397,0.06210709701763793,2275,0.01,0.3,0.5,0.01,1
