,L2,L2_true,N,std,jump,jump_prob,ve,dim
0,3.8649987324547923,2.3385972196976224,8,0.01,0.3,0.5,0.001,1
