,L2,L2_true,N,std,jump,jump_prob,ve,dim
0,3.397377898246193,1.5299708047812468,1637,0.01,0.3,0.5,0.0025,2
