,L2,L2_true,N,std,jump,jump_prob,ve,dim
0,24.344141238402113,24.168778055844538,1637,0.01,0.3,0.5,0.001,3
