,L2,L2_true,N,std,jump,jump_prob,ve,dim
0,0.6059239582370768,0.5540656750458839,439,0.05,0.3,0.5,0.001,1
