,L2,L2_true,N,std,jump,jump_prob,ve,dim
0,5.607845066513803,4.6587516075590925,163,0.01,0.3,0.5,0.0025,2
