,L2,L2_true,N,std,jump,jump_prob,ve,dim
0,5.224300472992389,3.923605067213219,193,0.01,0.3,0.5,0.01,3
