,L2,L2_true,N,std,jump,jump_prob,ve,dim
0,5.3788446709422635,4.124565074907943,138,0.01,0.3,0.5,0.01,3
