,L2,L2_true,N,std,jump,jump_prob,ve,dim
0,3.5569925378332643,1.8463649311934454,1178,0.01,0.3,0.5,0.0025,2
