,L2,L2_true,N,std,jump,jump_prob,ve,dim
0,1.58069964321517,1.44073036175241,3,0.05,0.3,0.5,0.001,1
