,L2,L2_true,N,std,jump,jump_prob,ve,dim
0,12.480455747450165,12.087923812458227,1178,0.01,0.3,0.5,0.0025,3
