,L2,L2_true,N,std,jump,jump_prob,ve,dim
0,2.186226505828643,2.100567284182549,7,0.05,0.3,0.5,0.001,1
