,L2,L2_true,N,std,jump,jump_prob,ve,dim
0,3.4163530433817546,0.0908811970250719,517,0.01,0.3,0.5,0.01,1
