,L2,L2_true,N,std,jump,jump_prob,ve,dim
0,4.01937888724716,2.226014052450202,5,0.01,0.3,0.5,0.0025,2
