,L2,L2_true,N,std,jump,jump_prob,ve,dim
0,3.2164393072507846,1.0762552634483986,51,0.01,0.3,0.5,0.0025,1
