,L2,L2_true,N,std,jump,jump_prob,ve,dim
0,3.5417302724401574,0.9284657995412696,268,0.01,0.3,0.5,0.01,2
