,L2,L2_true,N,std,jump,jump_prob,ve,dim
0,4.663529764554045,3.2615661075145947,11,0.01,0.3,0.5,0.0025,3
