,L2,L2_true,N,std,jump,jump_prob,ve,dim
0,4.322248124265564,2.5697301534193753,31,0.01,0.3,0.5,0.01,2
