,L2,L2_true,N,std,jump,jump_prob,ve,dim
0,2.6527208673991245,0.4089118135626387,268,0.01,0.3,0.5,0.001,1
