,L2,L2_true,N,std,jump,jump_prob,ve,dim
0,6.72118123936915,5.817905650794543,43,0.01,0.3,0.5,0.0025,3
