,L2,L2_true,N,std,jump,jump_prob,ve,dim
0,3.433427582932097,0.24411946564279266,71,0.01,0.3,0.5,0.01,1
