,L2,L2_true,N,std,jump,jump_prob,ve,dim
0,5.242330053848671,3.8911950248216978,43,0.01,0.3,0.5,0.01,3
