,L2,L2_true,N,std,jump,jump_prob,ve,dim
0,0.3528044617698055,0.35282051601758097,1178,0.2,0.3,0.5,0.001,1
