,L2,L2_true,N,std,jump,jump_prob,ve,dim
0,5.494437812548947,4.242584967763443,51,0.01,0.3,0.5,0.01,3
