,L2,L2_true,N,std,jump,jump_prob,ve,dim
0,1.9004993522027447,1.8786222118715654,71,0.05,0.3,0.5,0.001,1
