,L2,L2_true,N,std,jump,jump_prob,ve,dim
0,11.292139478732807,10.871289274689627,1930,0.01,0.3,0.5,0.0025,3
