,L2,L2_true,N,std,jump,jump_prob,ve,dim
0,3.561981285027217,0.9850504655211069,227,0.01,0.3,0.5,0.01,2
