,L2,L2_true,N,std,jump,jump_prob,ve,dim
0,4.2614922033668705,2.4054671727511248,16,0.01,0.3,0.5,0.01,2
