,L2,L2_true,N,std,jump,jump_prob,ve,dim
0,4.693277553861531,3.493115873389355,11,0.01,0.3,0.5,0.001,3
