,L2,L2_true,N,std,jump,jump_prob,ve,dim
0,3.4445851377266723,0.4738198355782532,1000,0.01,0.3,0.5,0.01,2
