,L2,L2_true,N,std,jump,jump_prob,ve,dim
0,5.118859071857991,3.772647814534438,227,0.01,0.3,0.5,0.01,3
