,L2,L2_true,N,std,jump,jump_prob,ve,dim
0,19.37710857112253,19.131344954493038,610,0.01,0.3,0.5,0.001,3
