,L2,L2_true,N,std,jump,jump_prob,ve,dim
0,2.90664265338924,2.9065342412760926,26,0.2,0.3,0.5,0.001,1
