,L2,L2_true,N,std,jump,jump_prob,ve,dim
0,0.9492923294412096,0.9359378227569305,227,0.05,0.3,0.5,0.001,1
