,L2,L2_true,N,std,jump,jump_prob,ve,dim
0,6.553327570296803,5.9700108756059045,719,0.01,0.3,0.5,0.001,2
