,L2,L2_true,N,std,jump,jump_prob,ve,dim
0,6.003387533407206,5.3753783930521735,1000,0.01,0.3,0.5,0.001,2
