,L2,L2_true,N,std,jump,jump_prob,ve,dim
0,3.027633736898963,0.1335732535345358,2275,0.01,0.3,0.5,0.0025,1
