,L2,L2_true,N,std,jump,jump_prob,ve,dim
0,3.419205497164415,0.13509491455149544,268,0.01,0.3,0.5,0.01,1
