,L2,L2_true,N,std,jump,jump_prob,ve,dim
0,0.24050744818562103,0.2409260056980612,2275,0.2,0.3,0.5,0.001,1
