,L2,L2_true,N,std,jump,jump_prob,ve,dim
0,12.094486327645635,11.676073903344937,1389,0.01,0.3,0.5,0.0025,3
