,L2,L2_true,N,std,jump,jump_prob,ve,dim
0,3.6910966404938637,1.34446456770655,8,0.01,0.3,0.5,0.01,1
