,L2,L2_true,N,std,jump,jump_prob,ve,dim
0,7.149472743668564,6.4300598524302846,43,0.01,0.3,0.5,0.001,3
