,L2,L2_true,N,std,jump,jump_prob,ve,dim
0,3.416421564550977,0.1534972197708437,163,0.01,0.3,0.5,0.01,1
