,L2,L2_true,N,std,jump,jump_prob,ve,dim
0,9.708570610010867,9.131702703714453,138,0.01,0.3,0.5,0.0025,3
