,L2,L2_true,N,std,jump,jump_prob,ve,dim
0,3.614216710554333,0.7447455954019495,1,0.01,0.3,0.5,0.01,2
