,L2,L2_true,N,std,jump,jump_prob,ve,dim
0,6.400517469571312,5.8152340471789286,848,0.01,0.3,0.5,0.001,2
