,L2,L2_true,N,std,jump,jump_prob,ve,dim
0,0.7059120659597914,0.704955118333607,268,0.2,0.3,0.5,0.001,1
