,L2,L2_true,N,std,jump,jump_prob,ve,dim
0,1.4256877453060872,1.4253158367041006,84,0.2,0.3,0.5,0.001,1
