,L2,L2_true,N,std,jump,jump_prob,ve,dim
0,5.714421512115488,4.737632492176609,117,0.01,0.3,0.5,0.0025,2
