,L2,L2_true,N,std,jump,jump_prob,ve,dim
0,5.4500822750071,4.4930272081390425,193,0.01,0.3,0.5,0.0025,2
