,L2,L2_true,N,std,jump,jump_prob,ve,dim
0,4.729666005956447,3.253460699111386,372,0.01,0.3,0.5,0.01,3
