,L2,L2_true,N,std,jump,jump_prob,ve,dim
0,2.6244315385698873,0.19331430320658544,1930,0.01,0.3,0.5,0.001,1
