,L2,L2_true,N,std,jump,jump_prob,ve,dim
0,3.030839938433582,0.10859805945191778,1930,0.01,0.3,0.5,0.0025,1
