,L2,L2_true,N,std,jump,jump_prob,ve,dim
0,3.9645723515364613,2.0855656584159643,4,0.01,0.3,0.5,0.0025,3
