,L2,L2_true,N,std,jump,jump_prob,ve,dim
0,3.722731893099305,1.1331865722315368,2,0.01,0.3,0.5,0.01,3
