,L2,L2_true,N,std,jump,jump_prob,ve,dim
0,4.62292775904279,3.3959500933522286,10,0.01,0.3,0.5,0.001,3
