,L2,L2_true,N,std,jump,jump_prob,ve,dim
0,10.447001462663513,9.915978789942944,193,0.01,0.3,0.5,0.0025,3
