,L2,L2_true,N,std,jump,jump_prob,ve,dim
0,3.405856467515144,0.15423099740862323,268,0.01,0.3,0.5,0.01,1
