,L2,L2_true,N,std,jump,jump_prob,ve,dim
0,2.6431884593967183,2.5758173898070105,13,0.05,0.3,0.5,0.001,1
