,L2,L2_true,N,std,jump,jump_prob,ve,dim
0,0.3032585715556702,0.22413103595073416,1637,0.05,0.3,0.5,0.001,1
