,L2,L2_true,N,std,jump,jump_prob,ve,dim
0,2.1340550215583396,2.1050819852917084,37,0.05,0.3,0.5,0.001,1
