,L2,L2_true,N,std,jump,jump_prob,ve,dim
0,2.6486224049129046,2.584968343292365,7,0.05,0.3,0.5,0.001,1
