,L2,L2_true,N,std,jump,jump_prob,ve,dim
0,3.8318260159958637,1.8508812759927877,3,0.01,0.3,0.5,0.0025,3
