,L2,L2_true,N,std,jump,jump_prob,ve,dim
0,3.814404234427584,1.7140636086333565,1389,0.01,0.3,0.5,0.01,3
