,L2,L2_true,N,std,jump,jump_prob,ve,dim
0,5.637916685271926,4.518166607781492,22,0.01,0.3,0.5,0.0025,3
