,L2,L2_true,N,std,jump,jump_prob,ve,dim
0,5.890250083290689,4.9861342202697205,138,0.01,0.3,0.5,0.0025,2
