,L2,L2_true,N,std,jump,jump_prob,ve,dim
0,1.9284034613716352,1.913639373784023,43,0.05,0.3,0.5,0.001,1
