,L2,L2_true,N,std,jump,jump_prob,ve,dim
0,2.6018335109561614,2.5881326281963744,19,0.05,0.3,0.5,0.001,1
