,L2,L2_true,N,std,jump,jump_prob,ve,dim
0,3.4096088875012325,0.03826119203663791,1930,0.01,0.3,0.5,0.01,1
