,L2,L2_true,N,std,jump,jump_prob,ve,dim
0,3.435257949836752,0.3230552581886373,71,0.01,0.3,0.5,0.01,1
