,L2,L2_true,N,std,jump,jump_prob,ve,dim
0,2.680500008859741,0.6458361204243537,316,0.01,0.3,0.5,0.001,1
