,L2,L2_true,N,std,jump,jump_prob,ve,dim
0,2.780047192931788,0.9959317339771584,138,0.01,0.3,0.5,0.001,1
