,L2,L2_true,N,std,jump,jump_prob,ve,dim
0,9.677017555826316,9.178202197795189,3000,0.01,0.3,0.5,0.0025,3
