,L2,L2_true,N,std,jump,jump_prob,ve,dim
0,3.997918616070593,2.5269235814810167,7,0.01,0.3,0.5,0.001,1
