,L2,L2_true,N,std,jump,jump_prob,ve,dim
0,3.4882748428887944,0.6584626617223609,517,0.01,0.3,0.5,0.01,2
