,L2,L2_true,N,std,jump,jump_prob,ve,dim
0,0.3085446514395129,0.23120720122221428,2682,0.05,0.3,0.5,0.001,1
