,L2,L2_true,N,std,jump,jump_prob,ve,dim
0,7.505640593348372,6.863901378235393,84,0.01,0.3,0.5,0.001,2
