,L2,L2_true,N,std,jump,jump_prob,ve,dim
0,4.252192634269022,2.9743478596829904,517,0.01,0.3,0.5,0.0025,2
