,L2,L2_true,N,std,jump,jump_prob,ve,dim
0,3.823364485111223,2.4792222236247,26,0.01,0.3,0.5,0.001,1
