,L2,L2_true,N,std,jump,jump_prob,ve,dim
0,5.546099456522343,4.321040068433662,117,0.01,0.3,0.5,0.01,3
