,L2,L2_true,N,std,jump,jump_prob,ve,dim
0,5.921169408196606,4.882704291951644,31,0.01,0.3,0.5,0.0025,3
