,L2,L2_true,N,std,jump,jump_prob,ve,dim
0,3.3509107386852404,1.4269806477273004,1930,0.01,0.3,0.5,0.0025,2
