,L2,L2_true,N,std,jump,jump_prob,ve,dim
0,8.48788106717911,7.982348214314719,227,0.01,0.3,0.5,0.001,2
