,L2,L2_true,N,std,jump,jump_prob,ve,dim
0,12.496385065490832,12.083750629214258,610,0.01,0.3,0.5,0.0025,3
