,L2,L2_true,N,std,jump,jump_prob,ve,dim
0,3.499155102745564,1.7369249430363105,1389,0.01,0.3,0.5,0.0025,2
