,L2,L2_true,N,std,jump,jump_prob,ve,dim
0,4.917506861981622,3.780329265455043,13,0.01,0.3,0.5,0.001,3
