,L2,L2_true,N,std,jump,jump_prob,ve,dim
0,5.576098813638509,4.614280651490209,22,0.01,0.3,0.5,0.001,2
