,L2,L2_true,N,std,jump,jump_prob,ve,dim
0,3.588194915086131,0.8117430567674425,8,0.01,0.3,0.5,0.01,1
