,L2,L2_true,N,std,jump,jump_prob,ve,dim
0,2.0319999008451384,1.9248170655006283,3,0.05,0.3,0.5,0.001,1
