,L2,L2_true,N,std,jump,jump_prob,ve,dim
0,3.7647369953918655,1.5495603228467094,1637,0.01,0.3,0.5,0.01,3
