,L2,L2_true,N,std,jump,jump_prob,ve,dim
0,3.429845880386579,0.38508379407052623,37,0.01,0.3,0.5,0.01,1
