,L2,L2_true,N,std,jump,jump_prob,ve,dim
0,3.0596714503320213,0.44239993236238173,163,0.01,0.3,0.5,0.0025,1
