,L2,L2_true,N,std,jump,jump_prob,ve,dim
0,0.6694790372719344,0.6691260140339998,316,0.2,0.3,0.5,0.001,1
