,L2,L2_true,N,std,jump,jump_prob,ve,dim
0,3.7643551594452753,1.5722912371734539,1637,0.01,0.3,0.5,0.01,3
