,L2,L2_true,N,std,jump,jump_prob,ve,dim
0,4.139109052548594,2.207634218972191,19,0.01,0.3,0.5,0.01,2
