,L2,L2_true,N,std,jump,jump_prob,ve,dim
0,2.3458412801598754,2.2816175781797186,16,0.05,0.3,0.5,0.001,1
