,L2,L2_true,N,std,jump,jump_prob,ve,dim
0,5.47574866691312,4.3476442718704185,31,0.01,0.3,0.5,0.0025,2
