,L2,L2_true,N,std,jump,jump_prob,ve,dim
0,2.233655146504907,2.2228529563137784,71,0.05,0.3,0.5,0.001,1
