,L2,L2_true,N,std,jump,jump_prob,ve,dim
0,4.854346243272726,3.3418341729268963,22,0.01,0.3,0.5,0.01,3
