,L2,L2_true,N,std,jump,jump_prob,ve,dim
0,1.0194270452597367,0.989695513449026,138,0.05,0.3,0.5,0.001,1
