,L2,L2_true,N,std,jump,jump_prob,ve,dim
0,3.4056151856361576,0.11157284995695434,439,0.01,0.3,0.5,0.01,1
