,L2,L2_true,N,std,jump,jump_prob,ve,dim
0,3.6180972041845387,0.7933617560733534,2,0.01,0.3,0.5,0.01,1
