,L2,L2_true,N,std,jump,jump_prob,ve,dim
0,3.6863603142535464,1.4055824087130095,2000,0.01,0.3,0.5,0.01,3
