,L2,L2_true,N,std,jump,jump_prob,ve,dim
0,3.686648055323805,2.093151549476636,1000,0.01,0.3,0.5,0.0025,2
