,L2,L2_true,N,std,jump,jump_prob,ve,dim
0,4.058877629332985,2.6863388269989263,610,0.01,0.3,0.5,0.0025,2
