,L2,L2_true,N,std,jump,jump_prob,ve,dim
0,6.84127169164537,6.28473983277638,719,0.01,0.3,0.5,0.001,2
