,L2,L2_true,N,std,jump,jump_prob,ve,dim
0,5.106108559101255,3.7024395970431097,37,0.01,0.3,0.5,0.01,3
