,L2,L2_true,N,std,jump,jump_prob,ve,dim
0,9.878807488470992,9.37227591932426,100,0.01,0.3,0.5,0.001,3
