,L2,L2_true,N,std,jump,jump_prob,ve,dim
0,4.152504125629339,2.2333506475849916,10,0.01,0.3,0.5,0.01,2
