,L2,L2_true,N,std,jump,jump_prob,ve,dim
0,4.546218705024267,3.432972279638162,16,0.01,0.3,0.5,0.001,1
