,L2,L2_true,N,std,jump,jump_prob,ve,dim
0,11.926330656059685,11.488864397641388,316,0.01,0.3,0.5,0.0025,3
