,L2,L2_true,N,std,jump,jump_prob,ve,dim
0,3.415811435447569,0.1325040302269021,227,0.01,0.3,0.5,0.01,1
