,L2,L2_true,N,std,jump,jump_prob,ve,dim
0,4.203968091828882,2.5786027674860543,8,0.01,0.3,0.5,0.0025,1
