,L2,L2_true,N,std,jump,jump_prob,ve,dim
0,3.4469586421822562,0.47879345572842313,1000,0.01,0.3,0.5,0.01,2
