,L2,L2_true,N,std,jump,jump_prob,ve,dim
0,3.6700368298114636,1.186157714691311,4,0.01,0.3,0.5,0.01,1
