,L2,L2_true,N,std,jump,jump_prob,ve,dim
0,2.798840248676194,2.803344572123842,43,0.05,0.3,0.5,0.001,1
