,L2,L2_true,N,std,jump,jump_prob,ve,dim
0,9.329179002104917,8.717499435302553,117,0.01,0.3,0.5,0.0025,3
