,L2,L2_true,N,std,jump,jump_prob,ve,dim
0,3.8137641404910547,1.7921961016739179,3,0.01,0.3,0.5,0.0025,3
