,L2,L2_true,N,std,jump,jump_prob,ve,dim
0,3.4642049666590395,1.4849791410601345,19,0.01,0.3,0.5,0.0025,1
