,L2,L2_true,N,std,jump,jump_prob,ve,dim
0,5.85719332434717,4.7902064398312705,26,0.01,0.3,0.5,0.0025,3
