,L2,L2_true,N,std,jump,jump_prob,ve,dim
0,4.28419983752725,2.657299176292804,7,0.01,0.3,0.5,0.0025,3
