,L2,L2_true,N,std,jump,jump_prob,ve,dim
0,0.4768124898397101,0.40818711539326424,610,0.05,0.3,0.5,0.001,1
