,L2,L2_true,N,std,jump,jump_prob,ve,dim
0,5.561728461198888,4.596633677581303,193,0.01,0.3,0.5,0.0025,2
