,L2,L2_true,N,std,jump,jump_prob,ve,dim
0,1.8281793095871908,1.8023076849284498,26,0.05,0.3,0.5,0.001,1
