,L2,L2_true,N,std,jump,jump_prob,ve,dim
0,5.926873152126179,4.931428030921777,43,0.01,0.3,0.5,0.0025,2
