,L2,L2_true,N,std,jump,jump_prob,ve,dim
0,6.018977266801665,5.054888863425404,61,0.01,0.3,0.5,0.0025,2
