,L2,L2_true,N,std,jump,jump_prob,ve,dim
0,1.1328262533183608,1.1322439757576932,138,0.2,0.3,0.5,0.001,1
