,L2,L2_true,N,std,jump,jump_prob,ve,dim
0,8.662767335052317,8.177392840672866,227,0.01,0.3,0.5,0.001,2
