,L2,L2_true,N,std,jump,jump_prob,ve,dim
0,6.992777815844489,6.1457329123670785,51,0.01,0.3,0.5,0.0025,3
