,L2,L2_true,N,std,jump,jump_prob,ve,dim
0,3.4213852211265565,0.21493623608594029,117,0.01,0.3,0.5,0.01,1
