,L2,L2_true,N,std,jump,jump_prob,ve,dim
0,3.7950208411872586,2.1420530392400936,4,0.01,0.3,0.5,0.001,1
