,L2,L2_true,N,std,jump,jump_prob,ve,dim
0,2.341826507250451,2.3180275044695553,22,0.05,0.3,0.5,0.001,1
