,L2,L2_true,N,std,jump,jump_prob,ve,dim
0,1.9679883536547411,1.966209452333457,5,0.2,0.3,0.5,0.001,1
