,L2,L2_true,N,std,jump,jump_prob,ve,dim
0,2.17279611174723,2.139567265118832,43,0.05,0.3,0.5,0.001,1
