,L2,L2_true,N,std,jump,jump_prob,ve,dim
0,3.708722306090506,1.4433716169407151,1930,0.01,0.3,0.5,0.01,3
