,L2,L2_true,N,std,jump,jump_prob,ve,dim
0,4.424412462764156,3.5577300349752985,2275,0.01,0.3,0.5,0.001,2
