,L2,L2_true,N,std,jump,jump_prob,ve,dim
0,3.605497081308587,1.3282145772433354,1,0.01,0.3,0.5,0.0025,1
