,L2,L2_true,N,std,jump,jump_prob,ve,dim
0,4.255984615757854,2.4188716145182303,26,0.01,0.3,0.5,0.01,2
