,L2,L2_true,N,std,jump,jump_prob,ve,dim
0,0.36046620799042856,0.35937705123256264,1000,0.2,0.3,0.5,0.001,1
