,L2,L2_true,N,std,jump,jump_prob,ve,dim
0,3.4247530653071037,0.07960026928971108,439,0.01,0.3,0.5,0.01,1
