,L2,L2_true,N,std,jump,jump_prob,ve,dim
0,4.344581688588044,3.451815286133083,2275,0.01,0.3,0.5,0.001,2
