,L2,L2_true,N,std,jump,jump_prob,ve,dim
0,25.09200932991712,24.9338811466851,3000,0.01,0.3,0.5,0.001,3
