,L2,L2_true,N,std,jump,jump_prob,ve,dim
0,3.9505746802919592,2.3831542188363604,4,0.01,0.3,0.5,0.001,2
