,L2,L2_true,N,std,jump,jump_prob,ve,dim
0,12.713001288768858,12.308601369043561,1000,0.01,0.3,0.5,0.0025,3
