,L2,L2_true,N,std,jump,jump_prob,ve,dim
0,8.72944389151762,8.249129259467956,268,0.01,0.3,0.5,0.001,2
