,L2,L2_true,N,std,jump,jump_prob,ve,dim
0,3.189386930360554,1.669363230899572,43,0.01,0.3,0.5,0.001,1
