,L2,L2_true,N,std,jump,jump_prob,ve,dim
0,4.896032446706556,4.127121814131398,1637,0.01,0.3,0.5,0.001,2
