,L2,L2_true,N,std,jump,jump_prob,ve,dim
0,3.6286740377265088,0.7450056004335271,1,0.01,0.3,0.5,0.01,1
