,L2,L2_true,N,std,jump,jump_prob,ve,dim
0,2.131000679719493,2.13075487588,6,0.2,0.3,0.5,0.001,1
