,L2,L2_true,N,std,jump,jump_prob,ve,dim
0,3.4290831443891885,0.2837646149999889,100,0.01,0.3,0.5,0.01,1
