,L2,L2_true,N,std,jump,jump_prob,ve,dim
0,4.880550203795338,3.7441289684550587,13,0.01,0.3,0.5,0.001,3
