,L2,L2_true,N,std,jump,jump_prob,ve,dim
0,1.7415597069333912,1.7442920299235714,5,0.2,0.3,0.5,0.001,1
