,L2,L2_true,N,std,jump,jump_prob,ve,dim
0,4.039273920388786,1.9820724591873666,8,0.01,0.3,0.5,0.01,2
