,L2,L2_true,N,std,jump,jump_prob,ve,dim
0,9.054902364424066,8.423643746730386,117,0.01,0.3,0.5,0.0025,3
