,L2,L2_true,N,std,jump,jump_prob,ve,dim
0,3.9457677000894273,2.6068791789870964,19,0.01,0.3,0.5,0.001,1
