,L2,L2_true,N,std,jump,jump_prob,ve,dim
0,4.953007052093024,3.4770163818330273,19,0.01,0.3,0.5,0.01,3
