,L2,L2_true,N,std,jump,jump_prob,ve,dim
0,3.8884428236469906,2.3002753481750133,3,0.01,0.3,0.5,0.001,2
