,L2,L2_true,N,std,jump,jump_prob,ve,dim
0,2.2764135600696673,2.278398490012869,10,0.2,0.3,0.5,0.001,1
