,L2,L2_true,N,std,jump,jump_prob,ve,dim
0,3.4431360659925536,0.4890445280663249,848,0.01,0.3,0.5,0.01,2
