,L2,L2_true,N,std,jump,jump_prob,ve,dim
0,1.4035071060422777,1.2425754710110113,2,0.05,0.3,0.5,0.001,1
