,L2,L2_true,N,std,jump,jump_prob,ve,dim
0,5.439413636922002,4.193796248228262,138,0.01,0.3,0.5,0.01,3
