,L2,L2_true,N,std,jump,jump_prob,ve,dim
0,1.2054381334980198,1.200393338970054,2,0.2,0.3,0.5,0.001,1
