,L2,L2_true,N,std,jump,jump_prob,ve,dim
0,3.363505771507489,1.9852924165268773,43,0.01,0.3,0.5,0.001,1
