,L2,L2_true,N,std,jump,jump_prob,ve,dim
0,6.152077004786913,5.27592233430517,117,0.01,0.3,0.5,0.0025,2
