,L2,L2_true,N,std,jump,jump_prob,ve,dim
0,3.635723828386644,1.3799175862139756,2,0.01,0.3,0.5,0.0025,1
