,L2,L2_true,N,std,jump,jump_prob,ve,dim
0,5.534781547222982,4.550468471954155,163,0.01,0.3,0.5,0.0025,2
