,L2,L2_true,N,std,jump,jump_prob,ve,dim
0,6.059974828092971,5.167259551045022,117,0.01,0.3,0.5,0.0025,2
