,L2,L2_true,N,std,jump,jump_prob,ve,dim
0,12.86976379622435,12.496560017781285,193,0.01,0.3,0.5,0.001,3
