,L2,L2_true,N,std,jump,jump_prob,ve,dim
0,4.782956734856565,3.405209870487919,13,0.01,0.3,0.5,0.0025,3
