,L2,L2_true,N,std,jump,jump_prob,ve,dim
0,1.289074648274262,1.26359730224181,117,0.05,0.3,0.5,0.001,1
