,L2,L2_true,N,std,jump,jump_prob,ve,dim
0,2.1693462163096355,2.1695700038359615,26,0.2,0.3,0.5,0.001,1
