,L2,L2_true,N,std,jump,jump_prob,ve,dim
0,4.985872385332945,3.921643502402914,268,0.01,0.3,0.5,0.0025,2
