,L2,L2_true,N,std,jump,jump_prob,ve,dim
0,3.405641258453794,0.11890349594517718,268,0.01,0.3,0.5,0.01,1
