,L2,L2_true,N,std,jump,jump_prob,ve,dim
0,3.9247658294413132,2.350086132795344,4,0.01,0.3,0.5,0.001,2
