,L2,L2_true,N,std,jump,jump_prob,ve,dim
0,3.423510150550277,0.2950525299033242,2000,0.01,0.3,0.5,0.01,2
