,L2,L2_true,N,std,jump,jump_prob,ve,dim
0,2.451440319032545,2.3961740554800905,8,0.05,0.3,0.5,0.001,1
