,L2,L2_true,N,std,jump,jump_prob,ve,dim
0,0.2922793236791206,0.17822036392008886,3162,0.05,0.3,0.5,0.001,1
