,L2,L2_true,N,std,jump,jump_prob,ve,dim
0,4.017249991717552,2.5626956472987787,8,0.01,0.3,0.5,0.001,1
