,L2,L2_true,N,std,jump,jump_prob,ve,dim
0,3.409185463426134,0.08991168326441829,372,0.01,0.3,0.5,0.01,1
