,L2,L2_true,N,std,jump,jump_prob,ve,dim
0,11.017150035622134,10.517927498739736,193,0.01,0.3,0.5,0.0025,3
