,L2,L2_true,N,std,jump,jump_prob,ve,dim
0,2.4633037903673554,2.4474418178178654,19,0.05,0.3,0.5,0.001,1
