,L2,L2_true,N,std,jump,jump_prob,ve,dim
0,3.0322115380708117,0.09634844006911561,2275,0.01,0.3,0.5,0.0025,1
