,L2,L2_true,N,std,jump,jump_prob,ve,dim
0,6.022448331970371,5.1653692601075045,31,0.01,0.3,0.5,0.001,2
