,L2,L2_true,N,std,jump,jump_prob,ve,dim
0,3.027113250171928,0.08595108060688383,1930,0.01,0.3,0.5,0.0025,1
