,L2,L2_true,N,std,jump,jump_prob,ve,dim
0,0.39787927250203126,0.3664483368953595,719,0.05,0.3,0.5,0.001,1
