,L2,L2_true,N,std,jump,jump_prob,ve,dim
0,2.7112257173386975,2.71151942525264,19,0.2,0.3,0.5,0.001,1
