,L2,L2_true,N,std,jump,jump_prob,ve,dim
0,0.9607914457466781,0.9306540135556909,163,0.05,0.3,0.5,0.001,1
