,L2,L2_true,N,std,jump,jump_prob,ve,dim
0,1.6253078393300149,1.4899673212431068,3,0.05,0.3,0.5,0.001,1
