,L2,L2_true,N,std,jump,jump_prob,ve,dim
0,5.977836668348948,5.083635007920733,26,0.01,0.3,0.5,0.001,3
