,L2,L2_true,N,std,jump,jump_prob,ve,dim
0,6.644499307935193,5.87910258385704,43,0.01,0.3,0.5,0.001,2
