,L2,L2_true,N,std,jump,jump_prob,ve,dim
0,11.141192270107338,10.700939815545972,1930,0.01,0.3,0.5,0.0025,3
