,L2,L2_true,N,std,jump,jump_prob,ve,dim
0,5.856536989980338,4.9601462403512375,163,0.01,0.3,0.5,0.0025,2
