,L2,L2_true,N,std,jump,jump_prob,ve,dim
0,5.630092703478184,4.413439671035749,61,0.01,0.3,0.5,0.01,3
