,L2,L2_true,N,std,jump,jump_prob,ve,dim
0,3.0413531751509004,0.26743369902692415,517,0.01,0.3,0.5,0.0025,1
