,L2,L2_true,N,std,jump,jump_prob,ve,dim
0,3.727181760503321,1.6051899788275448,2,0.01,0.3,0.5,0.0025,3
