,L2,L2_true,N,std,jump,jump_prob,ve,dim
0,7.430469754438252,6.912144823383137,610,0.01,0.3,0.5,0.001,2
