,L2,L2_true,N,std,jump,jump_prob,ve,dim
0,1.6040135575964254,1.6037100814474312,4,0.2,0.3,0.5,0.001,1
