,L2,L2_true,N,std,jump,jump_prob,ve,dim
0,4.181313239237377,2.4691443721486945,7,0.01,0.3,0.5,0.0025,2
