,L2,L2_true,N,std,jump,jump_prob,ve,dim
0,4.170985372018161,2.456969988208788,6,0.01,0.3,0.5,0.0025,3
