,L2,L2_true,N,std,jump,jump_prob,ve,dim
0,2.6630106071338417,0.4726841720709361,316,0.01,0.3,0.5,0.001,1
