,L2,L2_true,N,std,jump,jump_prob,ve,dim
0,8.612536024415826,8.1514384274259,268,0.01,0.3,0.5,0.001,2
