,L2,L2_true,N,std,jump,jump_prob,ve,dim
0,4.36292052850057,2.7086537144610774,517,0.01,0.3,0.5,0.01,3
