,L2,L2_true,N,std,jump,jump_prob,ve,dim
0,1.9860943680617256,1.9853217012724356,8,0.2,0.3,0.5,0.001,1
