,L2,L2_true,N,std,jump,jump_prob,ve,dim
0,3.5359769421465326,0.88352287181538,316,0.01,0.3,0.5,0.01,2
