,L2,L2_true,N,std,jump,jump_prob,ve,dim
0,11.919836299263508,11.516961646467358,163,0.01,0.3,0.5,0.001,3
