,L2,L2_true,N,std,jump,jump_prob,ve,dim
0,2.0909120569333046,2.0919987218760125,7,0.2,0.3,0.5,0.001,1
