,L2,L2_true,N,std,jump,jump_prob,ve,dim
0,3.6047306599255924,1.1342863571435327,193,0.01,0.3,0.5,0.01,2
