,L2,L2_true,N,std,jump,jump_prob,ve,dim
0,0.9956648674572882,0.9741956349954666,117,0.05,0.3,0.5,0.001,1
