,L2,L2_true,N,std,jump,jump_prob,ve,dim
0,3.0569268097775906,0.3062185106803426,372,0.01,0.3,0.5,0.0025,1
