,L2,L2_true,N,std,jump,jump_prob,ve,dim
0,3.9644610082617184,2.024583523934767,1000,0.01,0.3,0.5,0.01,3
