,L2,L2_true,N,std,jump,jump_prob,ve,dim
0,3.671935496269866,2.497019433449165,37,0.01,0.3,0.5,0.001,1
