,L2,L2_true,N,std,jump,jump_prob,ve,dim
0,8.179565904021134,7.6187246492647125,117,0.01,0.3,0.5,0.001,2
