,L2,L2_true,N,std,jump,jump_prob,ve,dim
0,3.7281283875629208,2.0189237105404976,3,0.01,0.3,0.5,0.001,1
