,L2,L2_true,N,std,jump,jump_prob,ve,dim
0,2.110741402196556,2.121182867208802,37,0.05,0.3,0.5,0.001,1
