,L2,L2_true,N,std,jump,jump_prob,ve,dim
0,3.6338151541441412,1.387316854179053,2,0.01,0.3,0.5,0.0025,1
