,L2,L2_true,N,std,jump,jump_prob,ve,dim
0,8.571774890747347,7.984804728598018,71,0.01,0.3,0.5,0.001,3
