,L2,L2_true,N,std,jump,jump_prob,ve,dim
0,11.95653018457266,11.549923062573242,1637,0.01,0.3,0.5,0.0025,3
