,L2,L2_true,N,std,jump,jump_prob,ve,dim
0,4.132976535111219,2.222889751843852,31,0.01,0.3,0.5,0.01,2
