,L2,L2_true,N,std,jump,jump_prob,ve,dim
0,10.958093832717944,10.502459452498561,138,0.01,0.3,0.5,0.001,3
