,L2,L2_true,N,std,jump,jump_prob,ve,dim
0,3.7381673215747497,2.0383877705709983,2,0.01,0.3,0.5,0.001,3
