,L2,L2_true,N,std,jump,jump_prob,ve,dim
0,1.4081254102217338,1.2454177922178784,2,0.05,0.3,0.5,0.001,1
