,L2,L2_true,N,std,jump,jump_prob,ve,dim
0,1.7409625840633844,1.7388411261890526,5,0.2,0.3,0.5,0.001,1
