,L2,L2_true,N,std,jump,jump_prob,ve,dim
0,0.5593003456642628,0.5592190686557621,372,0.2,0.3,0.5,0.001,1
