,L2,L2_true,N,std,jump,jump_prob,ve,dim
0,3.043318023863369,0.2691389259972798,439,0.01,0.3,0.5,0.0025,1
