,L2,L2_true,N,std,jump,jump_prob,ve,dim
0,5.353935653304533,4.650324656736417,1389,0.01,0.3,0.5,0.001,2
