,L2,L2_true,N,std,jump,jump_prob,ve,dim
0,2.613478650695453,0.1443997578005876,2682,0.01,0.3,0.5,0.001,1
