,L2,L2_true,N,std,jump,jump_prob,ve,dim
0,1.5419579392976943,1.5424632191984682,84,0.2,0.3,0.5,0.001,1
