,L2,L2_true,N,std,jump,jump_prob,ve,dim
0,2.6200458721894173,2.5682829931147846,13,0.05,0.3,0.5,0.001,1
