,L2,L2_true,N,std,jump,jump_prob,ve,dim
0,0.5126611751375693,0.51166793201547,610,0.2,0.3,0.5,0.001,1
