,L2,L2_true,N,std,jump,jump_prob,ve,dim
0,22.76770960370246,22.575791541359646,1178,0.01,0.3,0.5,0.001,3
