,L2,L2_true,N,std,jump,jump_prob,ve,dim
0,3.037419744476332,0.22018843979977124,517,0.01,0.3,0.5,0.0025,1
