,L2,L2_true,N,std,jump,jump_prob,ve,dim
0,5.8569920980290835,4.696391205117905,84,0.01,0.3,0.5,0.01,3
