,L2,L2_true,N,std,jump,jump_prob,ve,dim
0,1.6287279081615813,1.6285467310715487,84,0.2,0.3,0.5,0.001,1
