,L2,L2_true,N,std,jump,jump_prob,ve,dim
0,4.776796057016436,3.4047673472202713,16,0.01,0.3,0.5,0.0025,2
