,L2,L2_true,N,std,jump,jump_prob,ve,dim
0,3.6186268703031654,1.8035160448635792,1,0.01,0.3,0.5,0.001,1
