,L2,L2_true,N,std,jump,jump_prob,ve,dim
0,5.544481615816605,4.3121589674814365,100,0.01,0.3,0.5,0.01,3
