,L2,L2_true,N,std,jump,jump_prob,ve,dim
0,3.9999030903862622,1.8796013595966394,7,0.01,0.3,0.5,0.01,2
