,L2,L2_true,N,std,jump,jump_prob,ve,dim
0,4.0304410745600565,1.9458690175069486,6,0.01,0.3,0.5,0.01,3
