,L2,L2_true,N,std,jump,jump_prob,ve,dim
0,4.311812842364211,2.9540349641706873,8,0.01,0.3,0.5,0.001,2
