,L2,L2_true,N,std,jump,jump_prob,ve,dim
0,4.069574417525267,2.9547929260527823,22,0.01,0.3,0.5,0.001,1
