,L2,L2_true,N,std,jump,jump_prob,ve,dim
0,3.6158077760832548,0.7442198357810469,1,0.01,0.3,0.5,0.01,3
