,L2,L2_true,N,std,jump,jump_prob,ve,dim
0,5.464291813016375,4.229646081786725,117,0.01,0.3,0.5,0.01,3
