,L2,L2_true,N,std,jump,jump_prob,ve,dim
0,0.749121913732294,0.7036659658497965,268,0.05,0.3,0.5,0.001,1
