,L2,L2_true,N,std,jump,jump_prob,ve,dim
0,3.9074256732238006,1.8222675977787053,71,0.01,0.3,0.5,0.01,2
