,L2,L2_true,N,std,jump,jump_prob,ve,dim
0,4.078999387868167,2.5976181214852505,5,0.01,0.3,0.5,0.001,3
