,L2,L2_true,N,std,jump,jump_prob,ve,dim
0,3.9784259220097073,1.996639003457462,61,0.01,0.3,0.5,0.01,2
