,L2,L2_true,N,std,jump,jump_prob,ve,dim
0,2.566785961154281,2.5651189017795692,7,0.2,0.3,0.5,0.001,1
