,L2,L2_true,N,std,jump,jump_prob,ve,dim
0,3.5482010738942003,0.866857956765678,16,0.01,0.3,0.5,0.01,1
