,L2,L2_true,N,std,jump,jump_prob,ve,dim
0,3.87797779901518,1.841914097702808,1178,0.01,0.3,0.5,0.01,3
