,L2,L2_true,N,std,jump,jump_prob,ve,dim
0,5.407182849125528,4.138246509682958,100,0.01,0.3,0.5,0.01,3
