,L2,L2_true,N,std,jump,jump_prob,ve,dim
0,3.480007541577642,0.6530404833930813,517,0.01,0.3,0.5,0.01,2
