,L2,L2_true,N,std,jump,jump_prob,ve,dim
0,13.494950206772916,13.132464283205731,227,0.01,0.3,0.5,0.001,3
