,L2,L2_true,N,std,jump,jump_prob,ve,dim
0,3.650761127281935,1.8524677871266566,2,0.01,0.3,0.5,0.001,1
