,L2,L2_true,N,std,jump,jump_prob,ve,dim
0,2.062877479188333,1.9565253080841387,4,0.05,0.3,0.5,0.001,1
