,L2,L2_true,N,std,jump,jump_prob,ve,dim
0,3.703710960360433,1.9944174293068708,2,0.01,0.3,0.5,0.001,3
