,L2,L2_true,N,std,jump,jump_prob,ve,dim
0,4.186969295719397,2.3274772876126555,31,0.01,0.3,0.5,0.01,2
