,L2,L2_true,N,std,jump,jump_prob,ve,dim
0,3.4312166395604464,0.33731379704981335,1930,0.01,0.3,0.5,0.01,2
