,L2,L2_true,N,std,jump,jump_prob,ve,dim
0,3.4451058034622997,0.4631175036709772,1000,0.01,0.3,0.5,0.01,2
