,L2,L2_true,N,std,jump,jump_prob,ve,dim
0,3.417688794465116,0.0883888273208722,848,0.01,0.3,0.5,0.01,1
