,L2,L2_true,N,std,jump,jump_prob,ve,dim
0,3.143557039182525,0.8371678175854288,51,0.01,0.3,0.5,0.0025,1
