,L2,L2_true,N,std,jump,jump_prob,ve,dim
0,4.081223691032168,2.21395966908877,848,0.01,0.3,0.5,0.01,3
