,L2,L2_true,N,std,jump,jump_prob,ve,dim
0,3.1287515350330812,1.622416080947501,51,0.01,0.3,0.5,0.001,1
