,L2,L2_true,N,std,jump,jump_prob,ve,dim
0,3.497600444726036,1.7264193337293523,1389,0.01,0.3,0.5,0.0025,2
