,L2,L2_true,N,std,jump,jump_prob,ve,dim
0,3.5857532375867303,1.8777519052842597,26,0.01,0.3,0.5,0.0025,1
