,L2,L2_true,N,std,jump,jump_prob,ve,dim
0,4.916666455298714,4.144642838442892,1637,0.01,0.3,0.5,0.001,2
