,L2,L2_true,N,std,jump,jump_prob,ve,dim
0,2.615348236659815,0.18862116936377474,2275,0.01,0.3,0.5,0.001,1
