,L2,L2_true,N,std,jump,jump_prob,ve,dim
0,4.526675405030467,2.836691294200182,13,0.01,0.3,0.5,0.01,3
