,L2,L2_true,N,std,jump,jump_prob,ve,dim
0,5.694444426065076,4.59144368900212,26,0.01,0.3,0.5,0.0025,3
