,L2,L2_true,N,std,jump,jump_prob,ve,dim
0,3.9830801290705447,2.0479820032329257,1000,0.01,0.3,0.5,0.01,3
