,L2,L2_true,N,std,jump,jump_prob,ve,dim
0,3.4345170887602885,0.3440598240940216,1930,0.01,0.3,0.5,0.01,2
