,L2,L2_true,N,std,jump,jump_prob,ve,dim
0,3.6578015711564693,0.9840122252290608,8,0.01,0.3,0.5,0.01,1
