,L2,L2_true,N,std,jump,jump_prob,ve,dim
0,3.830212992715643,1.4867405966111067,5,0.01,0.3,0.5,0.01,1
