,L2,L2_true,N,std,jump,jump_prob,ve,dim
0,14.626027411035613,14.311236879962786,268,0.01,0.3,0.5,0.001,3
