,L2,L2_true,N,std,jump,jump_prob,ve,dim
0,2.652235988732068,0.3713566549515947,610,0.01,0.3,0.5,0.001,1
