,L2,L2_true,N,std,jump,jump_prob,ve,dim
0,3.5348522761296333,0.8480032366802436,13,0.01,0.3,0.5,0.01,1
