,L2,L2_true,N,std,jump,jump_prob,ve,dim
0,6.5748802867475185,5.7797475512785805,37,0.01,0.3,0.5,0.001,3
