,L2,L2_true,N,std,jump,jump_prob,ve,dim
0,3.721283636052648,1.4402208903127829,117,0.01,0.3,0.5,0.01,2
