,L2,L2_true,N,std,jump,jump_prob,ve,dim
0,3.8484738610710654,2.2292339117825506,3,0.01,0.3,0.5,0.001,2
