,L2,L2_true,N,std,jump,jump_prob,ve,dim
0,5.502305468339277,4.281152611125157,163,0.01,0.3,0.5,0.01,3
