,L2,L2_true,N,std,jump,jump_prob,ve,dim
0,3.5746348424502075,1.0442912188039326,227,0.01,0.3,0.5,0.01,2
