,L2,L2_true,N,std,jump,jump_prob,ve,dim
0,5.759352405783659,4.827041394310351,138,0.01,0.3,0.5,0.0025,2
