,L2,L2_true,N,std,jump,jump_prob,ve,dim
0,5.059561795556198,3.624885987764158,31,0.01,0.3,0.5,0.01,3
