,L2,L2_true,N,std,jump,jump_prob,ve,dim
0,2.8832411821737858,1.1532440917259281,84,0.01,0.3,0.5,0.001,1
