,L2,L2_true,N,std,jump,jump_prob,ve,dim
0,7.143473934643535,6.618230492205143,719,0.01,0.3,0.5,0.001,2
