,L2,L2_true,N,std,jump,jump_prob,ve,dim
0,5.780970402915142,4.716297891414458,26,0.01,0.3,0.5,0.0025,3
