,L2,L2_true,N,std,jump,jump_prob,ve,dim
0,17.875902156382388,17.616917182434175,517,0.01,0.3,0.5,0.001,3
