,L2,L2_true,N,std,jump,jump_prob,ve,dim
0,6.124768959204741,5.274667347973163,37,0.01,0.3,0.5,0.001,2
