,L2,L2_true,N,std,jump,jump_prob,ve,dim
0,3.032179390422506,0.13699087291778766,1178,0.01,0.3,0.5,0.0025,1
