,L2,L2_true,N,std,jump,jump_prob,ve,dim
0,2.651937463318958,0.49807129973749625,439,0.01,0.3,0.5,0.001,1
