,L2,L2_true,N,std,jump,jump_prob,ve,dim
0,3.416673434478682,0.22945125728610563,193,0.01,0.3,0.5,0.01,1
