,L2,L2_true,N,std,jump,jump_prob,ve,dim
0,4.015772376335948,2.616870687906019,11,0.01,0.3,0.5,0.001,1
