,L2,L2_true,N,std,jump,jump_prob,ve,dim
0,1.8486759385683775,1.8488922434284258,51,0.2,0.3,0.5,0.001,1
