,L2,L2_true,N,std,jump,jump_prob,ve,dim
0,2.681441302471316,0.623449998169769,268,0.01,0.3,0.5,0.001,1
