,L2,L2_true,N,std,jump,jump_prob,ve,dim
0,8.605749001015576,8.067332971406588,117,0.01,0.3,0.5,0.001,2
