,L2,L2_true,N,std,jump,jump_prob,ve,dim
0,3.609464353553306,1.061684736577186,10,0.01,0.3,0.5,0.01,1
