,L2,L2_true,N,std,jump,jump_prob,ve,dim
0,3.9810765926467186,1.8773419205910342,16,0.01,0.3,0.5,0.01,2
