,L2,L2_true,N,std,jump,jump_prob,ve,dim
0,4.29229395483681,2.9476899189064567,19,0.01,0.3,0.5,0.0025,1
