,L2,L2_true,N,std,jump,jump_prob,ve,dim
0,0.28291461906706683,0.16363978579423574,3162,0.05,0.3,0.5,0.001,1
