,L2,L2_true,N,std,jump,jump_prob,ve,dim
0,3.9537158310921723,2.080271971495006,4,0.01,0.3,0.5,0.0025,2
