,L2,L2_true,N,std,jump,jump_prob,ve,dim
0,3.654376849131298,2.0152256050024673,1000,0.01,0.3,0.5,0.0025,2
