,L2,L2_true,N,std,jump,jump_prob,ve,dim
0,3.342900858764834,1.406415412872509,1930,0.01,0.3,0.5,0.0025,2
