,L2,L2_true,N,std,jump,jump_prob,ve,dim
0,3.424275529336206,0.20929013739841326,193,0.01,0.3,0.5,0.01,1
