,L2,L2_true,N,std,jump,jump_prob,ve,dim
0,3.4280362194669185,0.11773523024856933,439,0.01,0.3,0.5,0.01,1
