,L2,L2_true,N,std,jump,jump_prob,ve,dim
0,8.570511034824598,8.057715073600795,193,0.01,0.3,0.5,0.001,2
