,L2,L2_true,N,std,jump,jump_prob,ve,dim
0,3.457482096657211,0.5167849447398786,26,0.01,0.3,0.5,0.01,1
