,L2,L2_true,N,std,jump,jump_prob,ve,dim
0,6.477171476199108,5.907032138758967,848,0.01,0.3,0.5,0.001,2
