,L2,L2_true,N,std,jump,jump_prob,ve,dim
0,7.327974260568117,6.517265107997267,61,0.01,0.3,0.5,0.0025,3
