,L2,L2_true,N,std,jump,jump_prob,ve,dim
0,3.7242522122753363,1.6295509271456832,3,0.01,0.3,0.5,0.0025,1
