,L2,L2_true,N,std,jump,jump_prob,ve,dim
0,4.284134229609051,2.457369616506884,16,0.01,0.3,0.5,0.01,2
