,L2,L2_true,N,std,jump,jump_prob,ve,dim
0,0.7105238573486562,0.658003414207726,268,0.05,0.3,0.5,0.001,1
