,L2,L2_true,N,std,jump,jump_prob,ve,dim
0,0.7492096243718778,0.7358911517252179,268,0.05,0.3,0.5,0.001,1
