,L2,L2_true,N,std,jump,jump_prob,ve,dim
0,3.650244084149182,2.0288570013069434,1000,0.01,0.3,0.5,0.0025,2
