,L2,L2_true,N,std,jump,jump_prob,ve,dim
0,5.5046127765168755,4.257475072330041,61,0.01,0.3,0.5,0.01,3
