,L2,L2_true,N,std,jump,jump_prob,ve,dim
0,2.5469176565805935,2.54721294042606,16,0.2,0.3,0.5,0.001,1
