,L2,L2_true,N,std,jump,jump_prob,ve,dim
0,3.4184186012381006,0.16428384498098772,163,0.01,0.3,0.5,0.01,1
