,L2,L2_true,N,std,jump,jump_prob,ve,dim
0,5.559813259369554,4.332884580400655,117,0.01,0.3,0.5,0.01,3
