,L2,L2_true,N,std,jump,jump_prob,ve,dim
0,0.39169316853372044,0.32930299450734707,1000,0.05,0.3,0.5,0.001,1
