,L2,L2_true,N,std,jump,jump_prob,ve,dim
0,6.004321021472554,5.129510998441688,31,0.01,0.3,0.5,0.001,2
