,L2,L2_true,N,std,jump,jump_prob,ve,dim
0,3.4490484579824994,0.43921157099924596,1178,0.01,0.3,0.5,0.01,2
