,L2,L2_true,N,std,jump,jump_prob,ve,dim
0,4.164883296719205,2.7322799931060584,6,0.01,0.3,0.5,0.001,3
