,L2,L2_true,N,std,jump,jump_prob,ve,dim
0,3.930231752136691,2.3799442809755833,3,0.01,0.3,0.5,0.001,1
