,L2,L2_true,N,std,jump,jump_prob,ve,dim
0,3.943790063061754,1.7619391370111146,6,0.01,0.3,0.5,0.01,2
