,L2,L2_true,N,std,jump,jump_prob,ve,dim
0,22.59199383088117,22.39933939457584,1389,0.01,0.3,0.5,0.001,3
