,L2,L2_true,N,std,jump,jump_prob,ve,dim
0,6.453536397369443,5.507567285479792,37,0.01,0.3,0.5,0.0025,3
