,L2,L2_true,N,std,jump,jump_prob,ve,dim
0,3.618913286441627,0.7445933583280356,1,0.01,0.3,0.5,0.01,2
