,L2,L2_true,N,std,jump,jump_prob,ve,dim
0,2.1377684492230578,2.0747283291682868,6,0.05,0.3,0.5,0.001,1
