,L2,L2_true,N,std,jump,jump_prob,ve,dim
0,2.987675755793103,2.9726874922316515,19,0.05,0.3,0.5,0.001,1
