,L2,L2_true,N,std,jump,jump_prob,ve,dim
0,5.166833299523608,3.7882249198702107,37,0.01,0.3,0.5,0.01,3
