,L2,L2_true,N,std,jump,jump_prob,ve,dim
0,3.084027665111802,0.5363170107680149,227,0.01,0.3,0.5,0.0025,1
