,L2,L2_true,N,std,jump,jump_prob,ve,dim
0,3.416081667611489,0.06622651723875309,1000,0.01,0.3,0.5,0.01,1
