,L2,L2_true,N,std,jump,jump_prob,ve,dim
0,3.62847971866226,1.329822672081478,1,0.01,0.3,0.5,0.0025,3
