,L2,L2_true,N,std,jump,jump_prob,ve,dim
0,3.4234113964859,0.1030916587900932,610,0.01,0.3,0.5,0.01,1
