,L2,L2_true,N,std,jump,jump_prob,ve,dim
0,4.207238209707234,2.4444674947843392,719,0.01,0.3,0.5,0.01,3
