,L2,L2_true,N,std,jump,jump_prob,ve,dim
0,1.9624941412020467,1.963468623275884,26,0.2,0.3,0.5,0.001,1
