,L2,L2_true,N,std,jump,jump_prob,ve,dim
0,4.243644634297494,2.851650198116029,7,0.01,0.3,0.5,0.001,2
