,L2,L2_true,N,std,jump,jump_prob,ve,dim
0,3.484858255393324,1.6979153993776328,1389,0.01,0.3,0.5,0.0025,2
