,L2,L2_true,N,std,jump,jump_prob,ve,dim
0,7.878576426873572,7.3753329410678745,439,0.01,0.3,0.5,0.001,2
