,L2,L2_true,N,std,jump,jump_prob,ve,dim
0,3.7669325290880407,2.221303927250081,848,0.01,0.3,0.5,0.0025,2
