,L2,L2_true,N,std,jump,jump_prob,ve,dim
0,3.7186653694642446,1.590983481707021,2,0.01,0.3,0.5,0.0025,2
