,L2,L2_true,N,std,jump,jump_prob,ve,dim
0,15.20571416810596,14.894315534363706,316,0.01,0.3,0.5,0.001,3
