,L2,L2_true,N,std,jump,jump_prob,ve,dim
0,1.8915217575056689,1.890948075306289,19,0.2,0.3,0.5,0.001,1
