,L2,L2_true,N,std,jump,jump_prob,ve,dim
0,3.4162400330754923,0.08451726570987068,719,0.01,0.3,0.5,0.01,1
