,L2,L2_true,N,std,jump,jump_prob,ve,dim
0,4.630337020088308,3.0179842654883573,16,0.01,0.3,0.5,0.01,3
