,L2,L2_true,N,std,jump,jump_prob,ve,dim
0,0.2917983231427196,0.17599550150424204,3162,0.05,0.3,0.5,0.001,1
