,L2,L2_true,N,std,jump,jump_prob,ve,dim
0,3.949997445628747,2.0672125923392786,4,0.01,0.3,0.5,0.0025,3
