,L2,L2_true,N,std,jump,jump_prob,ve,dim
0,13.397689209376809,13.041670457487363,227,0.01,0.3,0.5,0.001,3
