,L2,L2_true,N,std,jump,jump_prob,ve,dim
0,3.471131227889934,1.5621592793486236,43,0.01,0.3,0.5,0.0025,1
