,L2,L2_true,N,std,jump,jump_prob,ve,dim
0,3.6432236004572003,1.6852699096851718,22,0.01,0.3,0.5,0.0025,1
