,L2,L2_true,N,std,jump,jump_prob,ve,dim
0,3.303937632561093,1.3183982862334067,2275,0.01,0.3,0.5,0.0025,2
