,L2,L2_true,N,std,jump,jump_prob,ve,dim
0,0.6319762729489781,0.6321803070225641,372,0.2,0.3,0.5,0.001,1
