,L2,L2_true,N,std,jump,jump_prob,ve,dim
0,3.0350067063609876,0.24770512631007469,610,0.01,0.3,0.5,0.0025,1
