,L2,L2_true,N,std,jump,jump_prob,ve,dim
0,12.938737475284672,12.547063593808586,848,0.01,0.3,0.5,0.0025,3
