,L2,L2_true,N,std,jump,jump_prob,ve,dim
0,6.298438504758727,5.474183881962488,43,0.01,0.3,0.5,0.001,2
