,L2,L2_true,N,std,jump,jump_prob,ve,dim
0,5.365344625573686,4.2235388225694175,26,0.01,0.3,0.5,0.0025,2
