,L2,L2_true,N,std,jump,jump_prob,ve,dim
0,2.9059899652455607,1.297813545168409,84,0.01,0.3,0.5,0.001,1
