,L2,L2_true,N,std,jump,jump_prob,ve,dim
0,3.826122109444053,1.723195119759279,1389,0.01,0.3,0.5,0.01,3
