,L2,L2_true,N,std,jump,jump_prob,ve,dim
0,0.6440571923204301,0.6164125667288579,268,0.05,0.3,0.5,0.001,1
