,L2,L2_true,N,std,jump,jump_prob,ve,dim
0,4.153817220152393,2.367241863847838,719,0.01,0.3,0.5,0.01,3
