,L2,L2_true,N,std,jump,jump_prob,ve,dim
0,6.010970618993668,4.9858994473051945,31,0.01,0.3,0.5,0.0025,3
