,L2,L2_true,N,std,jump,jump_prob,ve,dim
0,4.062628355099249,2.207784869517733,848,0.01,0.3,0.5,0.01,3
