,L2,L2_true,N,std,jump,jump_prob,ve,dim
0,10.166409493992425,9.608756560053244,163,0.01,0.3,0.5,0.0025,3
