,L2,L2_true,N,std,jump,jump_prob,ve,dim
0,1.3930872897734778,1.39416597644038,84,0.2,0.3,0.5,0.001,1
