,L2,L2_true,N,std,jump,jump_prob,ve,dim
0,4.187986553024135,2.252696208822372,8,0.01,0.3,0.5,0.01,3
