,L2,L2_true,N,std,jump,jump_prob,ve,dim
0,8.644536603197338,8.173133672452593,316,0.01,0.3,0.5,0.001,2
