,L2,L2_true,N,std,jump,jump_prob,ve,dim
0,3.6488776911794853,1.4496764381601837,2,0.01,0.3,0.5,0.0025,1
