,L2,L2_true,N,std,jump,jump_prob,ve,dim
0,3.989802083325498,1.8379909494638678,5,0.01,0.3,0.5,0.01,3
