,L2,L2_true,N,std,jump,jump_prob,ve,dim
0,4.432428239809103,3.2221753624525595,439,0.01,0.3,0.5,0.0025,2
