,L2,L2_true,N,std,jump,jump_prob,ve,dim
0,4.033338298113202,1.994564097701565,7,0.01,0.3,0.5,0.01,1
