,L2,L2_true,N,std,jump,jump_prob,ve,dim
0,0.28387513359786765,0.28374983168179146,1637,0.2,0.3,0.5,0.001,1
