,L2,L2_true,N,std,jump,jump_prob,ve,dim
0,9.735910827677474,9.16120510160706,138,0.01,0.3,0.5,0.0025,3
