,L2,L2_true,N,std,jump,jump_prob,ve,dim
0,4.1558971582336435,2.3059891263249486,37,0.01,0.3,0.5,0.01,2
