,L2,L2_true,N,std,jump,jump_prob,ve,dim
0,4.432392964427136,3.2033540456400424,439,0.01,0.3,0.5,0.0025,2
