,L2,L2_true,N,std,jump,jump_prob,ve,dim
0,0.4530618621574986,0.3645890232315995,1000,0.05,0.3,0.5,0.001,1
