,L2,L2_true,N,std,jump,jump_prob,ve,dim
0,8.355692089673964,7.812485084837412,117,0.01,0.3,0.5,0.001,2
