,L2,L2_true,N,std,jump,jump_prob,ve,dim
0,10.999181098972937,10.503185490973808,227,0.01,0.3,0.5,0.0025,3
