,L2,L2_true,N,std,jump,jump_prob,ve,dim
0,1.7328478112243137,1.7321898061017857,71,0.2,0.3,0.5,0.001,1
