,L2,L2_true,N,std,jump,jump_prob,ve,dim
0,4.570940204353039,3.0173584638910085,439,0.01,0.3,0.5,0.01,3
