,L2,L2_true,N,std,jump,jump_prob,ve,dim
0,4.128336373916035,2.1379397336684036,13,0.01,0.3,0.5,0.01,2
