,L2,L2_true,N,std,jump,jump_prob,ve,dim
0,2.202856921664851,2.1057425036159243,6,0.05,0.3,0.5,0.001,1
