,L2,L2_true,N,std,jump,jump_prob,ve,dim
0,5.406919226985164,4.409667055319368,19,0.01,0.3,0.5,0.001,3
