,L2,L2_true,N,std,jump,jump_prob,ve,dim
0,3.9351569224575065,1.709391307426189,4,0.01,0.3,0.5,0.01,3
