,L2,L2_true,N,std,jump,jump_prob,ve,dim
0,3.7173759251478895,1.5768601292744806,3,0.01,0.3,0.5,0.0025,1
