,L2,L2_true,N,std,jump,jump_prob,ve,dim
0,5.377841852822759,4.387268251312012,193,0.01,0.3,0.5,0.0025,2
