,L2,L2_true,N,std,jump,jump_prob,ve,dim
0,1.4743243657357166,1.4557080146335275,84,0.05,0.3,0.5,0.001,1
