,L2,L2_true,N,std,jump,jump_prob,ve,dim
0,10.910889575467001,10.46626278770305,2000,0.01,0.3,0.5,0.0025,3
