,L2,L2_true,N,std,jump,jump_prob,ve,dim
0,1.752178224334709,1.630405672125584,3,0.05,0.3,0.5,0.001,1
