,L2,L2_true,N,std,jump,jump_prob,ve,dim
0,4.218201081800485,2.8380058773492176,6,0.01,0.3,0.5,0.001,2
