,L2,L2_true,N,std,jump,jump_prob,ve,dim
0,5.352351516880763,4.343946360992873,19,0.01,0.3,0.5,0.001,3
