,L2,L2_true,N,std,jump,jump_prob,ve,dim
0,3.617566224452046,1.8042178960532462,1,0.01,0.3,0.5,0.001,1
