,L2,L2_true,N,std,jump,jump_prob,ve,dim
0,3.2397475773090676,1.1295354034756442,3000,0.01,0.3,0.5,0.0025,2
