,L2,L2_true,N,std,jump,jump_prob,ve,dim
0,8.920997822556199,8.437829427145095,193,0.01,0.3,0.5,0.001,2
