,L2,L2_true,N,std,jump,jump_prob,ve,dim
0,0.20406079890412296,0.20398130984245685,3162,0.2,0.3,0.5,0.001,1
