,L2,L2_true,N,std,jump,jump_prob,ve,dim
0,4.0623530127598295,2.1141937112550853,51,0.01,0.3,0.5,0.01,2
