,L2,L2_true,N,std,jump,jump_prob,ve,dim
0,5.473730502865968,4.3178135589986475,22,0.01,0.3,0.5,0.0025,3
