,L2,L2_true,N,std,jump,jump_prob,ve,dim
0,3.5151276837134997,0.8793581379744229,19,0.01,0.3,0.5,0.01,1
