,L2,L2_true,N,std,jump,jump_prob,ve,dim
0,1.005470657348283,1.0058741215303442,138,0.05,0.3,0.5,0.001,1
