,L2,L2_true,N,std,jump,jump_prob,ve,dim
0,3.4318826089758026,0.3229366362933849,1930,0.01,0.3,0.5,0.01,2
