,L2,L2_true,N,std,jump,jump_prob,ve,dim
0,3.4295727137353227,0.28924106465121036,2275,0.01,0.3,0.5,0.01,2
