,L2,L2_true,N,std,jump,jump_prob,ve,dim
0,2.0146049042510934,2.0142011254182304,51,0.2,0.3,0.5,0.001,1
