,L2,L2_true,N,std,jump,jump_prob,ve,dim
0,3.5811794277822337,0.8526205932023545,10,0.01,0.3,0.5,0.01,1
