,L2,L2_true,N,std,jump,jump_prob,ve,dim
0,4.052586983605931,2.120014480259493,43,0.01,0.3,0.5,0.01,2
