,L2,L2_true,N,std,jump,jump_prob,ve,dim
0,5.5971389807066565,4.4624490683054105,22,0.01,0.3,0.5,0.0025,3
