,L2,L2_true,N,std,jump,jump_prob,ve,dim
0,1.3905089604694438,1.3913473268857088,84,0.2,0.3,0.5,0.001,1
