,L2,L2_true,N,std,jump,jump_prob,ve,dim
0,0.6924502527121191,0.6920075277030848,268,0.2,0.3,0.5,0.001,1
