,L2,L2_true,N,std,jump,jump_prob,ve,dim
0,4.483217959635147,2.7874748222426344,13,0.01,0.3,0.5,0.01,3
