,L2,L2_true,N,std,jump,jump_prob,ve,dim
0,4.287535346802336,2.433653723778204,10,0.01,0.3,0.5,0.01,3
