,L2,L2_true,N,std,jump,jump_prob,ve,dim
0,3.6265108356268474,1.190195643153397,163,0.01,0.3,0.5,0.01,2
