,L2,L2_true,N,std,jump,jump_prob,ve,dim
0,8.577043614781358,8.090153191117759,193,0.01,0.3,0.5,0.001,2
