,L2,L2_true,N,std,jump,jump_prob,ve,dim
0,3.4164572515401974,0.07737786847155682,848,0.01,0.3,0.5,0.01,1
