,L2,L2_true,N,std,jump,jump_prob,ve,dim
0,0.752700904060321,0.7239542827243233,268,0.05,0.3,0.5,0.001,1
