,L2,L2_true,N,std,jump,jump_prob,ve,dim
0,5.208608819499183,4.4832956140033,1389,0.01,0.3,0.5,0.001,2
