,L2,L2_true,N,std,jump,jump_prob,ve,dim
0,1.1174866333173794,1.1166541252053384,138,0.2,0.3,0.5,0.001,1
