,L2,L2_true,N,std,jump,jump_prob,ve,dim
0,10.829747572160235,10.317525547108904,193,0.01,0.3,0.5,0.0025,3
