,L2,L2_true,N,std,jump,jump_prob,ve,dim
0,3.504321544918554,0.7426714171816025,16,0.01,0.3,0.5,0.01,1
