,L2,L2_true,N,std,jump,jump_prob,ve,dim
0,3.6164172042571714,0.7721812347589603,2,0.01,0.3,0.5,0.01,1
