,L2,L2_true,N,std,jump,jump_prob,ve,dim
0,3.930436154182083,1.7077155310650092,5,0.01,0.3,0.5,0.01,2
