,L2,L2_true,N,std,jump,jump_prob,ve,dim
0,4.324466723542022,2.976383610584697,8,0.01,0.3,0.5,0.001,2
