,L2,L2_true,N,std,jump,jump_prob,ve,dim
0,5.561584588357638,4.5973882848833325,163,0.01,0.3,0.5,0.0025,2
