,L2,L2_true,N,std,jump,jump_prob,ve,dim
0,10.579983140283055,10.10629117413606,117,0.01,0.3,0.5,0.001,3
