,L2,L2_true,N,std,jump,jump_prob,ve,dim
0,2.7855873967345257,1.0462082450085617,100,0.01,0.3,0.5,0.001,1
