,L2,L2_true,N,std,jump,jump_prob,ve,dim
0,0.8867170376861894,0.8880307213791778,193,0.2,0.3,0.5,0.001,1
