,L2,L2_true,N,std,jump,jump_prob,ve,dim
0,1.8890658365186108,1.7686781834671617,2,0.05,0.3,0.5,0.001,1
