,L2,L2_true,N,std,jump,jump_prob,ve,dim
0,3.608445473337308,1.8007057083531155,1,0.01,0.3,0.5,0.001,1
