,L2,L2_true,N,std,jump,jump_prob,ve,dim
0,3.027880545844465,0.13538593947766858,1178,0.01,0.3,0.5,0.0025,1
