,L2,L2_true,N,std,jump,jump_prob,ve,dim
0,3.0258738213075675,0.10820803093177599,2275,0.01,0.3,0.5,0.0025,1
