,L2,L2_true,N,std,jump,jump_prob,ve,dim
0,11.19226269312372,10.699262757862838,227,0.01,0.3,0.5,0.0025,3
