,L2,L2_true,N,std,jump,jump_prob,ve,dim
0,1.3684323848572753,1.3674311191330686,3,0.2,0.3,0.5,0.001,1
