,L2,L2_true,N,std,jump,jump_prob,ve,dim
0,2.2628514564227262,2.262012709653476,37,0.2,0.3,0.5,0.001,1
