,L2,L2_true,N,std,jump,jump_prob,ve,dim
0,3.034068372787195,0.12696573327299457,1930,0.01,0.3,0.5,0.0025,1
