,L2,L2_true,N,std,jump,jump_prob,ve,dim
0,2.598183671509627,2.598913155381575,16,0.2,0.3,0.5,0.001,1
