,L2,L2_true,N,std,jump,jump_prob,ve,dim
0,4.26961944633702,2.641847818340339,8,0.01,0.3,0.5,0.0025,2
