,L2,L2_true,N,std,jump,jump_prob,ve,dim
0,0.2896334581724969,0.2899529637093542,1637,0.2,0.3,0.5,0.001,1
