,L2,L2_true,N,std,jump,jump_prob,ve,dim
0,1.4147583630455718,1.2532075139920227,2,0.05,0.3,0.5,0.001,1
