,L2,L2_true,N,std,jump,jump_prob,ve,dim
0,2.070466247213324,2.070722585305213,7,0.2,0.3,0.5,0.001,1
