,L2,L2_true,N,std,jump,jump_prob,ve,dim
0,5.354226043082015,4.341477520029101,193,0.01,0.3,0.5,0.0025,2
