,L2,L2_true,N,std,jump,jump_prob,ve,dim
0,0.4739253885744997,0.3978688778202345,848,0.05,0.3,0.5,0.001,1
