,L2,L2_true,N,std,jump,jump_prob,ve,dim
0,3.420803545949844,0.3023964851700212,2275,0.01,0.3,0.5,0.01,2
