,L2,L2_true,N,std,jump,jump_prob,ve,dim
0,3.6980669888178315,2.2594863798845655,26,0.01,0.3,0.5,0.001,1
