,L2,L2_true,N,std,jump,jump_prob,ve,dim
0,1.1922464961045387,1.1923450102813173,117,0.2,0.3,0.5,0.001,1
