,L2,L2_true,N,std,jump,jump_prob,ve,dim
0,0.8786750902027481,0.8482320084806855,193,0.05,0.3,0.5,0.001,1
