,L2,L2_true,N,std,jump,jump_prob,ve,dim
0,5.2658789089765214,3.970656401082317,193,0.01,0.3,0.5,0.01,3
