,L2,L2_true,N,std,jump,jump_prob,ve,dim
0,2.6936394200771985,0.683189664117126,227,0.01,0.3,0.5,0.001,1
