,L2,L2_true,N,std,jump,jump_prob,ve,dim
0,0.6463832608538537,0.6457853740820184,316,0.2,0.3,0.5,0.001,1
