,L2,L2_true,N,std,jump,jump_prob,ve,dim
0,0.8566801988236724,0.8252910733094146,193,0.05,0.3,0.5,0.001,1
