,L2,L2_true,N,std,jump,jump_prob,ve,dim
0,4.698971461796515,3.5257123103750927,11,0.01,0.3,0.5,0.001,2
