,L2,L2_true,N,std,jump,jump_prob,ve,dim
0,3.710649408761389,1.423809255051309,117,0.01,0.3,0.5,0.01,2
