,L2,L2_true,N,std,jump,jump_prob,ve,dim
0,3.4160743653391763,0.2685682651885708,3000,0.01,0.3,0.5,0.01,2
