,L2,L2_true,N,std,jump,jump_prob,ve,dim
0,4.692471077174481,3.265793515344774,11,0.01,0.3,0.5,0.0025,3
