,L2,L2_true,N,std,jump,jump_prob,ve,dim
0,2.3636769768609462,2.2904535828035297,6,0.05,0.3,0.5,0.001,1
