,L2,L2_true,N,std,jump,jump_prob,ve,dim
0,3.4111567042440987,0.08172718695311319,848,0.01,0.3,0.5,0.01,1
