,L2,L2_true,N,std,jump,jump_prob,ve,dim
0,4.182352115325574,2.236036991817072,8,0.01,0.3,0.5,0.01,3
