,L2,L2_true,N,std,jump,jump_prob,ve,dim
0,3.514953635844003,2.0869897711898067,26,0.01,0.3,0.5,0.001,1
