,L2,L2_true,N,std,jump,jump_prob,ve,dim
0,3.530372260662466,0.8751583321577676,316,0.01,0.3,0.5,0.01,2
