,L2,L2_true,N,std,jump,jump_prob,ve,dim
0,5.2172602608922825,3.9215630722260206,193,0.01,0.3,0.5,0.01,3
