,L2,L2_true,N,std,jump,jump_prob,ve,dim
0,4.191226791071551,2.8972491816640735,16,0.01,0.3,0.5,0.001,1
