,L2,L2_true,N,std,jump,jump_prob,ve,dim
0,0.37751288747038886,0.3700828675811051,1,0.2,0.3,0.5,0.001,1
