,L2,L2_true,N,std,jump,jump_prob,ve,dim
0,21.977717801950465,21.77451010952183,1000,0.01,0.3,0.5,0.001,3
