,L2,L2_true,N,std,jump,jump_prob,ve,dim
0,3.617904395025882,0.745294590972267,1,0.01,0.3,0.5,0.01,1
