,L2,L2_true,N,std,jump,jump_prob,ve,dim
0,9.630167965555007,9.046892655225069,138,0.01,0.3,0.5,0.0025,3
