,L2,L2_true,N,std,jump,jump_prob,ve,dim
0,5.573639653854586,4.630469219724654,193,0.01,0.3,0.5,0.0025,2
