,L2,L2_true,N,std,jump,jump_prob,ve,dim
0,3.479723708930536,1.678844472637705,1389,0.01,0.3,0.5,0.0025,2
