,L2,L2_true,N,std,jump,jump_prob,ve,dim
0,3.989344721507291,2.0302337404051416,1000,0.01,0.3,0.5,0.01,3
