,L2,L2_true,N,std,jump,jump_prob,ve,dim
0,8.402382734959675,7.707422440634867,84,0.01,0.3,0.5,0.0025,3
