,L2,L2_true,N,std,jump,jump_prob,ve,dim
0,3.4358841370249293,3.387453587214429,19,0.05,0.3,0.5,0.001,1
