,L2,L2_true,N,std,jump,jump_prob,ve,dim
0,3.61092768703999,0.7793109340216192,2,0.01,0.3,0.5,0.01,1
