,L2,L2_true,N,std,jump,jump_prob,ve,dim
0,12.357512354163108,11.93820332756594,439,0.01,0.3,0.5,0.0025,3
