,L2,L2_true,N,std,jump,jump_prob,ve,dim
0,4.067598145367896,2.1808781863010345,848,0.01,0.3,0.5,0.01,3
