,L2,L2_true,N,std,jump,jump_prob,ve,dim
0,2.2132901202760236,2.128131671996622,7,0.05,0.3,0.5,0.001,1
