,L2,L2_true,N,std,jump,jump_prob,ve,dim
0,3.9722930883163805,2.0194572527124484,1000,0.01,0.3,0.5,0.01,3
