,L2,L2_true,N,std,jump,jump_prob,ve,dim
0,3.6861648318864666,1.369518838293865,138,0.01,0.3,0.5,0.01,2
