,L2,L2_true,N,std,jump,jump_prob,ve,dim
0,0.4847211819357888,0.485278238481662,610,0.2,0.3,0.5,0.001,1
