,L2,L2_true,N,std,jump,jump_prob,ve,dim
0,10.98549046241475,10.55026787280053,2000,0.01,0.3,0.5,0.0025,3
