,L2,L2_true,N,std,jump,jump_prob,ve,dim
0,3.4072191816768607,0.06833014135533619,1000,0.01,0.3,0.5,0.01,1
