,L2,L2_true,N,std,jump,jump_prob,ve,dim
0,5.97168141064346,5.096248610774964,31,0.01,0.3,0.5,0.001,2
