,L2,L2_true,N,std,jump,jump_prob,ve,dim
0,5.5148568980345996,4.270017846524543,84,0.01,0.3,0.5,0.01,3
