,L2,L2_true,N,std,jump,jump_prob,ve,dim
0,2.5363102547006298,2.4724094338200957,10,0.05,0.3,0.5,0.001,1
