,L2,L2_true,N,std,jump,jump_prob,ve,dim
0,5.58983991283471,4.9319445492647835,1178,0.01,0.3,0.5,0.001,2
