,L2,L2_true,N,std,jump,jump_prob,ve,dim
0,0.3706217888054421,0.29000876617491594,1178,0.05,0.3,0.5,0.001,1
