,L2,L2_true,N,std,jump,jump_prob,ve,dim
0,3.710060738387842,1.4214603580438174,2000,0.01,0.3,0.5,0.01,3
