,L2,L2_true,N,std,jump,jump_prob,ve,dim
0,5.429866422552294,4.158599617440625,51,0.01,0.3,0.5,0.01,3
