,L2,L2_true,N,std,jump,jump_prob,ve,dim
0,3.628777597062568,1.8057752279568438,1,0.01,0.3,0.5,0.001,1
