,L2,L2_true,N,std,jump,jump_prob,ve,dim
0,3.6375927240413635,1.8494838691781565,2,0.01,0.3,0.5,0.001,1
