,L2,L2_true,N,std,jump,jump_prob,ve,dim
0,3.034773763635531,0.0781676432443694,3162,0.01,0.3,0.5,0.0025,1
