,L2,L2_true,N,std,jump,jump_prob,ve,dim
0,19.904075314999876,19.68023236690838,719,0.01,0.3,0.5,0.001,3
