,L2,L2_true,N,std,jump,jump_prob,ve,dim
0,2.87262530663976,2.8209295193888893,13,0.05,0.3,0.5,0.001,1
