,L2,L2_true,N,std,jump,jump_prob,ve,dim
0,10.172797000152444,9.626867020446431,163,0.01,0.3,0.5,0.0025,3
