,L2,L2_true,N,std,jump,jump_prob,ve,dim
0,7.6171341587534735,6.982919969294895,71,0.01,0.3,0.5,0.001,2
