,L2,L2_true,N,std,jump,jump_prob,ve,dim
0,0.3076056896283102,0.30727234966613326,1389,0.2,0.3,0.5,0.001,1
