,L2,L2_true,N,std,jump,jump_prob,ve,dim
0,3.968036203454586,2.685780576786175,13,0.01,0.3,0.5,0.001,1
