,L2,L2_true,N,std,jump,jump_prob,ve,dim
0,3.8014371420603523,1.791264693400765,3,0.01,0.3,0.5,0.0025,2
