,L2,L2_true,N,std,jump,jump_prob,ve,dim
0,1.6483997856114116,1.524712026765739,3,0.05,0.3,0.5,0.001,1
