,L2,L2_true,N,std,jump,jump_prob,ve,dim
0,6.806493619795888,5.916114399318806,43,0.01,0.3,0.5,0.0025,3
