,L2,L2_true,N,std,jump,jump_prob,ve,dim
0,3.9688879531112295,1.9474316930633326,51,0.01,0.3,0.5,0.01,2
