,L2,L2_true,N,std,jump,jump_prob,ve,dim
0,3.6068463932813466,0.8018930217578343,2,0.01,0.3,0.5,0.01,1
