,L2,L2_true,N,std,jump,jump_prob,ve,dim
0,3.998041226473794,2.1883077118219223,5,0.01,0.3,0.5,0.0025,2
