,L2,L2_true,N,std,jump,jump_prob,ve,dim
0,0.22847023723056442,0.2281377598051258,2682,0.2,0.3,0.5,0.001,1
