,L2,L2_true,N,std,jump,jump_prob,ve,dim
0,1.3504646976199972,1.1788173105625714,1,0.05,0.3,0.5,0.001,1
