,L2,L2_true,N,std,jump,jump_prob,ve,dim
0,8.696240770232976,8.200617586267992,193,0.01,0.3,0.5,0.001,2
