,L2,L2_true,N,std,jump,jump_prob,ve,dim
0,3.419978010217671,0.06837025256858842,1000,0.01,0.3,0.5,0.01,1
