,L2,L2_true,N,std,jump,jump_prob,ve,dim
0,3.433377426399286,0.25553580473005,3000,0.01,0.3,0.5,0.01,2
