,L2,L2_true,N,std,jump,jump_prob,ve,dim
0,2.2694155905754547,2.2001505967558894,10,0.05,0.3,0.5,0.001,1
