,L2,L2_true,N,std,jump,jump_prob,ve,dim
0,3.7202404429264235,1.4377710604169693,11,0.01,0.3,0.5,0.01,1
