,L2,L2_true,N,std,jump,jump_prob,ve,dim
0,3.4241566804868007,0.18651882013281135,138,0.01,0.3,0.5,0.01,1
