,L2,L2_true,N,std,jump,jump_prob,ve,dim
0,3.072520138565416,0.4663013045748588,163,0.01,0.3,0.5,0.0025,1
