,L2,L2_true,N,std,jump,jump_prob,ve,dim
0,2.402704370003974,2.399823005501601,22,0.05,0.3,0.5,0.001,1
