,L2,L2_true,N,std,jump,jump_prob,ve,dim
0,3.926531535971244,2.472912065711775,719,0.01,0.3,0.5,0.0025,2
