,L2,L2_true,N,std,jump,jump_prob,ve,dim
0,2.644465352849379,0.3149206277092761,719,0.01,0.3,0.5,0.001,1
