,L2,L2_true,N,std,jump,jump_prob,ve,dim
0,3.9645390021630025,2.005810182041583,1000,0.01,0.3,0.5,0.01,3
