,L2,L2_true,N,std,jump,jump_prob,ve,dim
0,4.1037948844347545,2.095703567810022,7,0.01,0.3,0.5,0.01,3
