,L2,L2_true,N,std,jump,jump_prob,ve,dim
0,1.9991512380614818,1.9691593571625965,31,0.05,0.3,0.5,0.001,1
