,L2,L2_true,N,std,jump,jump_prob,ve,dim
0,6.176390830284503,5.340758196186029,37,0.01,0.3,0.5,0.001,2
