,L2,L2_true,N,std,jump,jump_prob,ve,dim
0,8.730558090161784,8.247058737094463,227,0.01,0.3,0.5,0.001,2
