,L2,L2_true,N,std,jump,jump_prob,ve,dim
0,4.588701787141674,3.362133061108095,11,0.01,0.3,0.5,0.001,2
