,L2,L2_true,N,std,jump,jump_prob,ve,dim
0,5.282684298926998,4.258555248912753,19,0.01,0.3,0.5,0.001,2
