,L2,L2_true,N,std,jump,jump_prob,ve,dim
0,2.612571298343342,0.16677342963861952,3162,0.01,0.3,0.5,0.001,1
