,L2,L2_true,N,std,jump,jump_prob,ve,dim
0,1.4245077017196048,1.2702951395491253,2,0.05,0.3,0.5,0.001,1
