,L2,L2_true,N,std,jump,jump_prob,ve,dim
0,11.150353756403653,10.710305697285087,138,0.01,0.3,0.5,0.001,3
