,L2,L2_true,N,std,jump,jump_prob,ve,dim
0,3.971453055364591,1.8471598502874487,6,0.01,0.3,0.5,0.01,2
