,L2,L2_true,N,std,jump,jump_prob,ve,dim
0,5.3578496588104,4.362442358432207,193,0.01,0.3,0.5,0.0025,2
