,L2,L2_true,N,std,jump,jump_prob,ve,dim
0,3.5065679954279885,0.7831113693753611,22,0.01,0.3,0.5,0.01,1
