,L2,L2_true,N,std,jump,jump_prob,ve,dim
0,4.0097614471093035,2.00146583696514,43,0.01,0.3,0.5,0.01,2
