,L2,L2_true,N,std,jump,jump_prob,ve,dim
0,2.054476517851353,2.0550436518342012,26,0.2,0.3,0.5,0.001,1
