,L2,L2_true,N,std,jump,jump_prob,ve,dim
0,13.382424225372285,13.026964867630925,227,0.01,0.3,0.5,0.001,3
