,L2,L2_true,N,std,jump,jump_prob,ve,dim
0,3.0336354076069165,0.14448629908161245,1000,0.01,0.3,0.5,0.0025,1
