,L2,L2_true,N,std,jump,jump_prob,ve,dim
0,3.8295167927406157,2.5572713430638405,26,0.01,0.3,0.5,0.001,1
