,L2,L2_true,N,std,jump,jump_prob,ve,dim
0,4.01162564904501,1.9379707055800035,8,0.01,0.3,0.5,0.01,2
