,L2,L2_true,N,std,jump,jump_prob,ve,dim
0,3.0715919461132923,0.49348402149394205,193,0.01,0.3,0.5,0.0025,1
