,L2,L2_true,N,std,jump,jump_prob,ve,dim
0,12.36693596269068,11.936990871562438,439,0.01,0.3,0.5,0.0025,3
