,L2,L2_true,N,std,jump,jump_prob,ve,dim
0,3.628358126120158,1.190092345802411,163,0.01,0.3,0.5,0.01,2
