,L2,L2_true,N,std,jump,jump_prob,ve,dim
0,4.3840051870676096,2.814259391170673,8,0.01,0.3,0.5,0.0025,3
