,L2,L2_true,N,std,jump,jump_prob,ve,dim
0,3.8515067347247474,2.1001009588516477,13,0.01,0.3,0.5,0.0025,1
