,L2,L2_true,N,std,jump,jump_prob,ve,dim
0,17.82531233232496,17.558174012981304,517,0.01,0.3,0.5,0.001,3
