,L2,L2_true,N,std,jump,jump_prob,ve,dim
0,0.27428581850569433,0.2741659766614973,1637,0.2,0.3,0.5,0.001,1
