,L2,L2_true,N,std,jump,jump_prob,ve,dim
0,5.579889846804778,4.480811140722552,31,0.01,0.3,0.5,0.0025,2
