,L2,L2_true,N,std,jump,jump_prob,ve,dim
0,0.32937975656432933,0.32990976799288935,1389,0.2,0.3,0.5,0.001,1
