,L2,L2_true,N,std,jump,jump_prob,ve,dim
0,3.6243098531107627,1.0251616201344358,8,0.01,0.3,0.5,0.01,1
