,L2,L2_true,N,std,jump,jump_prob,ve,dim
0,4.155441102292029,2.226064445236957,16,0.01,0.3,0.5,0.01,2
