,L2,L2_true,N,std,jump,jump_prob,ve,dim
0,2.621000462405754,2.57228630608127,13,0.05,0.3,0.5,0.001,1
