,L2,L2_true,N,std,jump,jump_prob,ve,dim
0,5.063995845551835,3.6395450852884346,31,0.01,0.3,0.5,0.01,3
