,L2,L2_true,N,std,jump,jump_prob,ve,dim
0,0.5089720161445382,0.491633829047194,439,0.05,0.3,0.5,0.001,1
