,L2,L2_true,N,std,jump,jump_prob,ve,dim
0,3.5540687172153946,0.7789524060286681,16,0.01,0.3,0.5,0.01,1
