,L2,L2_true,N,std,jump,jump_prob,ve,dim
0,2.6504074338861634,2.651359811892189,13,0.2,0.3,0.5,0.001,1
