,L2,L2_true,N,std,jump,jump_prob,ve,dim
0,0.7113304560127252,0.7115696935790458,268,0.2,0.3,0.5,0.001,1
