,L2,L2_true,N,std,jump,jump_prob,ve,dim
0,3.423969346949386,0.27117892268669297,3000,0.01,0.3,0.5,0.01,2
