,L2,L2_true,N,std,jump,jump_prob,ve,dim
0,3.9197914256954736,1.726774878449003,5,0.01,0.3,0.5,0.01,2
