,L2,L2_true,N,std,jump,jump_prob,ve,dim
0,3.617461316664503,1.1638803391492427,193,0.01,0.3,0.5,0.01,2
