,L2,L2_true,N,std,jump,jump_prob,ve,dim
0,3.641485352919304,2.0193787549940168,1000,0.01,0.3,0.5,0.0025,2
