,L2,L2_true,N,std,jump,jump_prob,ve,dim
0,2.638124800191469,0.3251173496404008,517,0.01,0.3,0.5,0.001,1
