,L2,L2_true,N,std,jump,jump_prob,ve,dim
0,3.433809742966686,0.3370313461551605,1930,0.01,0.3,0.5,0.01,2
