,L2,L2_true,N,std,jump,jump_prob,ve,dim
0,2.098644479389841,2.0841454699493074,19,0.05,0.3,0.5,0.001,1
