,L2,L2_true,N,std,jump,jump_prob,ve,dim
0,3.0373264792917514,0.10177275525147898,2275,0.01,0.3,0.5,0.0025,1
