,L2,L2_true,N,std,jump,jump_prob,ve,dim
0,6.631883020238377,5.870104485031947,43,0.01,0.3,0.5,0.001,2
