,L2,L2_true,N,std,jump,jump_prob,ve,dim
0,3.5579443001212896,0.9292312573954565,268,0.01,0.3,0.5,0.01,2
