,L2,L2_true,N,std,jump,jump_prob,ve,dim
0,3.6162383961244546,1.3283895632669898,1,0.01,0.3,0.5,0.0025,3
