,L2,L2_true,N,std,jump,jump_prob,ve,dim
0,5.4210660305020495,4.279755013022261,26,0.01,0.3,0.5,0.0025,2
