,L2,L2_true,N,std,jump,jump_prob,ve,dim
0,4.636822623916503,3.013150058622534,22,0.01,0.3,0.5,0.01,3
