,L2,L2_true,N,std,jump,jump_prob,ve,dim
0,3.730331500743521,1.6143722180241498,2,0.01,0.3,0.5,0.0025,3
