,L2,L2_true,N,std,jump,jump_prob,ve,dim
0,0.81292453719854,0.7758605388250136,163,0.05,0.3,0.5,0.001,1
