,L2,L2_true,N,std,jump,jump_prob,ve,dim
0,3.631221633234131,0.9685071412385705,10,0.01,0.3,0.5,0.01,1
