,L2,L2_true,N,std,jump,jump_prob,ve,dim
0,3.6188013661229554,1.8042082296681785,1,0.01,0.3,0.5,0.001,1
