,L2,L2_true,N,std,jump,jump_prob,ve,dim
0,3.6039593735306252,2.1651371353884636,16,0.01,0.3,0.5,0.001,1
