,L2,L2_true,N,std,jump,jump_prob,ve,dim
0,3.4780702943451756,0.647508307089774,517,0.01,0.3,0.5,0.01,2
