,L2,L2_true,N,std,jump,jump_prob,ve,dim
0,3.416347074188635,0.052181517847808556,2682,0.01,0.3,0.5,0.01,1
