,L2,L2_true,N,std,jump,jump_prob,ve,dim
0,3.5457211950496865,0.9768354140759558,227,0.01,0.3,0.5,0.01,2
