,L2,L2_true,N,std,jump,jump_prob,ve,dim
0,3.639409735474731,0.9555534973534165,2,0.01,0.3,0.5,0.01,1
