,L2,L2_true,N,std,jump,jump_prob,ve,dim
0,3.6707117445645303,1.6501253799274065,7,0.01,0.3,0.5,0.0025,1
