,L2,L2_true,N,std,jump,jump_prob,ve,dim
0,2.621472754135913,0.17448631752646335,1637,0.01,0.3,0.5,0.001,1
