,L2,L2_true,N,std,jump,jump_prob,ve,dim
0,3.6591891211237426,1.8835399084309845,2,0.01,0.3,0.5,0.001,1
