,L2,L2_true,N,std,jump,jump_prob,ve,dim
0,4.0825624595572005,2.733190769290216,11,0.01,0.3,0.5,0.001,1
