,L2,L2_true,N,std,jump,jump_prob,ve,dim
0,2.839023609925469,1.1866246252620078,100,0.01,0.3,0.5,0.001,1
