,L2,L2_true,N,std,jump,jump_prob,ve,dim
0,6.020466823990209,5.107521106109599,100,0.01,0.3,0.5,0.0025,2
