,L2,L2_true,N,std,jump,jump_prob,ve,dim
0,6.239751658475545,5.265088505885408,31,0.01,0.3,0.5,0.0025,3
