,L2,L2_true,N,std,jump,jump_prob,ve,dim
0,4.902875458529359,3.417781401416603,22,0.01,0.3,0.5,0.01,3
