,L2,L2_true,N,std,jump,jump_prob,ve,dim
0,5.560255282603471,4.335304028615517,117,0.01,0.3,0.5,0.01,3
