,L2,L2_true,N,std,jump,jump_prob,ve,dim
0,3.687943438005264,1.3997815475211348,2000,0.01,0.3,0.5,0.01,3
