,L2,L2_true,N,std,jump,jump_prob,ve,dim
0,3.8918249906295186,1.6041347142768636,4,0.01,0.3,0.5,0.01,2
