,L2,L2_true,N,std,jump,jump_prob,ve,dim
0,3.4028099527346174,0.15551648553004832,372,0.01,0.3,0.5,0.01,1
