,L2,L2_true,N,std,jump,jump_prob,ve,dim
0,3.047447094095045,0.3671981754052979,193,0.01,0.3,0.5,0.0025,1
