,L2,L2_true,N,std,jump,jump_prob,ve,dim
0,12.027519878280433,11.615744308851024,1389,0.01,0.3,0.5,0.0025,3
