,L2,L2_true,N,std,jump,jump_prob,ve,dim
0,3.0387869638702734,0.16257282952050717,848,0.01,0.3,0.5,0.0025,1
