,L2,L2_true,N,std,jump,jump_prob,ve,dim
0,4.254615949984722,2.609823680629212,7,0.01,0.3,0.5,0.0025,2
