,L2,L2_true,N,std,jump,jump_prob,ve,dim
0,2.5224724875165108,2.476765602174787,19,0.05,0.3,0.5,0.001,1
