,L2,L2_true,N,std,jump,jump_prob,ve,dim
0,3.0906393346598073,0.6082634301425978,163,0.01,0.3,0.5,0.0025,1
