,L2,L2_true,N,std,jump,jump_prob,ve,dim
0,5.448433036149839,4.181699731110921,117,0.01,0.3,0.5,0.01,3
