,L2,L2_true,N,std,jump,jump_prob,ve,dim
0,0.2841749183758714,0.28398874601130625,1637,0.2,0.3,0.5,0.001,1
