,L2,L2_true,N,std,jump,jump_prob,ve,dim
0,3.6777378259974483,1.0957607926100275,4,0.01,0.3,0.5,0.01,1
