,L2,L2_true,N,std,jump,jump_prob,ve,dim
0,5.157231912817469,3.8365888328930695,193,0.01,0.3,0.5,0.01,3
