,L2,L2_true,N,std,jump,jump_prob,ve,dim
0,5.78480289050632,4.761340500713987,51,0.01,0.3,0.5,0.0025,2
