,L2,L2_true,N,std,jump,jump_prob,ve,dim
0,3.8736788141609795,2.2997798645247545,5,0.01,0.3,0.5,0.001,1
