,L2,L2_true,N,std,jump,jump_prob,ve,dim
0,3.7259951101672697,1.4774707378090315,117,0.01,0.3,0.5,0.01,2
