,L2,L2_true,N,std,jump,jump_prob,ve,dim
0,4.259318334001769,2.3880389130429287,8,0.01,0.3,0.5,0.01,3
