,L2,L2_true,N,std,jump,jump_prob,ve,dim
0,3.4194221956844446,0.058417960919069006,1637,0.01,0.3,0.5,0.01,1
