,L2,L2_true,N,std,jump,jump_prob,ve,dim
0,3.6291783285588584,1.90138966808887,26,0.01,0.3,0.5,0.0025,1
