,L2,L2_true,N,std,jump,jump_prob,ve,dim
0,3.5746789486203148,1.7099794299814524,22,0.01,0.3,0.5,0.0025,1
