,L2,L2_true,N,std,jump,jump_prob,ve,dim
0,3.3355564317528357,1.3807284370419564,2000,0.01,0.3,0.5,0.0025,2
