,L2,L2_true,N,std,jump,jump_prob,ve,dim
0,8.4471345833252,7.750818820085138,84,0.01,0.3,0.5,0.0025,3
