,L2,L2_true,N,std,jump,jump_prob,ve,dim
0,8.812060294397652,8.333087010057318,227,0.01,0.3,0.5,0.001,2
