,L2,L2_true,N,std,jump,jump_prob,ve,dim
0,8.060989639432618,7.429699088543062,61,0.01,0.3,0.5,0.001,3
