,L2,L2_true,N,std,jump,jump_prob,ve,dim
0,4.16492477889042,2.2160103711906873,8,0.01,0.3,0.5,0.01,3
