,L2,L2_true,N,std,jump,jump_prob,ve,dim
0,3.6154062542461087,0.8632820122178291,2,0.01,0.3,0.5,0.01,1
