,L2,L2_true,N,std,jump,jump_prob,ve,dim
0,3.6112867311468406,0.7451479776623967,1,0.01,0.3,0.5,0.01,1
