,L2,L2_true,N,std,jump,jump_prob,ve,dim
0,8.07294674192683,7.435127046393111,61,0.01,0.3,0.5,0.001,3
