,L2,L2_true,N,std,jump,jump_prob,ve,dim
0,4.085763735936888,2.631762034852353,6,0.01,0.3,0.5,0.001,2
