,L2,L2_true,N,std,jump,jump_prob,ve,dim
0,5.103495179030016,4.039550592155347,16,0.01,0.3,0.5,0.001,3
