,L2,L2_true,N,std,jump,jump_prob,ve,dim
0,11.030240692926167,10.526575781919778,227,0.01,0.3,0.5,0.0025,3
