,L2,L2_true,N,std,jump,jump_prob,ve,dim
0,3.573515819411197,0.8595497651200656,8,0.01,0.3,0.5,0.01,1
