,L2,L2_true,N,std,jump,jump_prob,ve,dim
0,7.096132895254269,6.3684365560974125,43,0.01,0.3,0.5,0.001,3
