,L2,L2_true,N,std,jump,jump_prob,ve,dim
0,1.2071478662415638,1.2019859287179642,2,0.2,0.3,0.5,0.001,1
