,L2,L2_true,N,std,jump,jump_prob,ve,dim
0,3.442482297895431,0.41512153052439593,51,0.01,0.3,0.5,0.01,1
