,L2,L2_true,N,std,jump,jump_prob,ve,dim
0,4.050307365899157,2.2656319229506883,5,0.01,0.3,0.5,0.0025,3
