,L2,L2_true,N,std,jump,jump_prob,ve,dim
0,5.980171650116367,5.362303877913164,1000,0.01,0.3,0.5,0.001,2
