,L2,L2_true,N,std,jump,jump_prob,ve,dim
0,5.0987171997325635,3.85048825966669,19,0.01,0.3,0.5,0.0025,2
