,L2,L2_true,N,std,jump,jump_prob,ve,dim
0,4.018890485569889,2.020392964526251,37,0.01,0.3,0.5,0.01,2
