,L2,L2_true,N,std,jump,jump_prob,ve,dim
0,3.6202832894453296,0.745226963214319,1,0.01,0.3,0.5,0.01,3
