,L2,L2_true,N,std,jump,jump_prob,ve,dim
0,1.7555404112798279,1.6358521102646146,3,0.05,0.3,0.5,0.001,1
