,L2,L2_true,N,std,jump,jump_prob,ve,dim
0,3.263285487961809,1.133711820417866,37,0.01,0.3,0.5,0.0025,1
