,L2,L2_true,N,std,jump,jump_prob,ve,dim
0,12.447901971267326,12.040339634615458,848,0.01,0.3,0.5,0.0025,3
