,L2,L2_true,N,std,jump,jump_prob,ve,dim
0,4.29891379283418,2.507307770065681,26,0.01,0.3,0.5,0.01,2
