,L2,L2_true,N,std,jump,jump_prob,ve,dim
0,11.346462784095186,10.91068011493778,138,0.01,0.3,0.5,0.001,3
