,L2,L2_true,N,std,jump,jump_prob,ve,dim
0,3.699437999289183,1.0644889675901608,2,0.01,0.3,0.5,0.01,1
