,L2,L2_true,N,std,jump,jump_prob,ve,dim
0,14.41905732563144,14.089851069741785,268,0.01,0.3,0.5,0.001,3
