,L2,L2_true,N,std,jump,jump_prob,ve,dim
0,18.510112910408413,18.262032004477508,517,0.01,0.3,0.5,0.001,3
