,L2,L2_true,N,std,jump,jump_prob,ve,dim
0,2.7661939606851513,0.8670223157124808,138,0.01,0.3,0.5,0.001,1
