,L2,L2_true,N,std,jump,jump_prob,ve,dim
0,3.704258810603123,1.5889580518952287,3,0.01,0.3,0.5,0.0025,1
