,L2,L2_true,N,std,jump,jump_prob,ve,dim
0,3.696459592485744,1.4032422538673859,117,0.01,0.3,0.5,0.01,2
