,L2,L2_true,N,std,jump,jump_prob,ve,dim
0,5.500571725875189,4.270493582254004,117,0.01,0.3,0.5,0.01,3
