,L2,L2_true,N,std,jump,jump_prob,ve,dim
0,10.984601665480744,10.529391105141741,138,0.01,0.3,0.5,0.001,3
