,L2,L2_true,N,std,jump,jump_prob,ve,dim
0,4.1599387677450945,2.742605324579075,6,0.01,0.3,0.5,0.001,3
