,L2,L2_true,N,std,jump,jump_prob,ve,dim
0,6.3193261570056665,5.48045869757579,31,0.01,0.3,0.5,0.001,3
