,L2,L2_true,N,std,jump,jump_prob,ve,dim
0,3.424575867439686,0.21951710086927623,163,0.01,0.3,0.5,0.01,1
