,L2,L2_true,N,std,jump,jump_prob,ve,dim
0,5.614383310852595,4.629027630486186,117,0.01,0.3,0.5,0.0025,2
