,L2,L2_true,N,std,jump,jump_prob,ve,dim
0,3.2412617394650236,1.1131048496784335,51,0.01,0.3,0.5,0.0025,1
