,L2,L2_true,N,std,jump,jump_prob,ve,dim
0,3.776171630658144,1.731424285620308,3,0.01,0.3,0.5,0.0025,2
