,L2,L2_true,N,std,jump,jump_prob,ve,dim
0,4.069793390364561,2.5976990719519946,5,0.01,0.3,0.5,0.001,3
