,L2,L2_true,N,std,jump,jump_prob,ve,dim
0,5.9840765581206705,5.043517712774452,71,0.01,0.3,0.5,0.0025,2
