,L2,L2_true,N,std,jump,jump_prob,ve,dim
0,3.795414020461739,2.263770155574875,848,0.01,0.3,0.5,0.0025,2
