,L2,L2_true,N,std,jump,jump_prob,ve,dim
0,3.8781911659654553,1.6062855344630185,4,0.01,0.3,0.5,0.01,3
