,L2,L2_true,N,std,jump,jump_prob,ve,dim
0,12.65854311039921,12.281013730514024,193,0.01,0.3,0.5,0.001,3
