,L2,L2_true,N,std,jump,jump_prob,ve,dim
0,3.9838380362411328,2.029940496884837,1000,0.01,0.3,0.5,0.01,3
