,L2,L2_true,N,std,jump,jump_prob,ve,dim
0,5.096921588567061,3.7527232969362836,227,0.01,0.3,0.5,0.01,3
