,L2,L2_true,N,std,jump,jump_prob,ve,dim
0,8.166019483319632,7.596821372034887,117,0.01,0.3,0.5,0.001,2
