,L2,L2_true,N,std,jump,jump_prob,ve,dim
0,3.9815927707091983,2.2392247457687073,8,0.01,0.3,0.5,0.0025,1
