,L2,L2_true,N,std,jump,jump_prob,ve,dim
0,0.3779865065940745,0.3705480140700406,1,0.2,0.3,0.5,0.001,1
