,L2,L2_true,N,std,jump,jump_prob,ve,dim
0,3.5498813028968175,1.8285436136217248,1178,0.01,0.3,0.5,0.0025,2
