,L2,L2_true,N,std,jump,jump_prob,ve,dim
0,5.420222641325951,4.427078825117427,22,0.01,0.3,0.5,0.001,2
