,L2,L2_true,N,std,jump,jump_prob,ve,dim
0,3.138176241231095,0.841267658725527,71,0.01,0.3,0.5,0.0025,1
