,L2,L2_true,N,std,jump,jump_prob,ve,dim
0,0.6220609058623728,0.589110177273692,268,0.05,0.3,0.5,0.001,1
