,L2,L2_true,N,std,jump,jump_prob,ve,dim
0,4.175543116131572,2.468344181687705,7,0.01,0.3,0.5,0.0025,2
