,L2,L2_true,N,std,jump,jump_prob,ve,dim
0,3.6096400259487567,1.3281942456511586,1,0.01,0.3,0.5,0.0025,1
