,L2,L2_true,N,std,jump,jump_prob,ve,dim
0,5.023103615227928,3.9314239366395025,16,0.01,0.3,0.5,0.001,2
