,L2,L2_true,N,std,jump,jump_prob,ve,dim
0,2.648638085259522,0.3921009319963822,610,0.01,0.3,0.5,0.001,1
