,L2,L2_true,N,std,jump,jump_prob,ve,dim
0,4.534201633698757,2.968746194306146,439,0.01,0.3,0.5,0.01,3
