,L2,L2_true,N,std,jump,jump_prob,ve,dim
0,4.575442585987409,3.327835055270056,10,0.01,0.3,0.5,0.001,2
