,L2,L2_true,N,std,jump,jump_prob,ve,dim
0,1.599565169493623,1.6011681799488238,4,0.2,0.3,0.5,0.001,1
