,L2,L2_true,N,std,jump,jump_prob,ve,dim
0,3.781647031003028,1.3444129435194951,3,0.01,0.3,0.5,0.01,2
