,L2,L2_true,N,std,jump,jump_prob,ve,dim
0,8.907176683649961,8.430058360717233,227,0.01,0.3,0.5,0.001,2
