,L2,L2_true,N,std,jump,jump_prob,ve,dim
0,2.285591532180432,2.2861266193163625,8,0.2,0.3,0.5,0.001,1
