,L2,L2_true,N,std,jump,jump_prob,ve,dim
0,3.07234733470459,0.5227355655449876,71,0.01,0.3,0.5,0.0025,1
