,L2,L2_true,N,std,jump,jump_prob,ve,dim
0,3.4191331715439346,0.055890939363550954,848,0.01,0.3,0.5,0.01,1
