,L2,L2_true,N,std,jump,jump_prob,ve,dim
0,3.413053343309644,0.12933797604999786,268,0.01,0.3,0.5,0.01,1
