,L2,L2_true,N,std,jump,jump_prob,ve,dim
0,5.394227844658377,4.222134154096587,19,0.01,0.3,0.5,0.0025,3
