,L2,L2_true,N,std,jump,jump_prob,ve,dim
0,6.087600470619918,5.178555942905252,100,0.01,0.3,0.5,0.0025,2
