,L2,L2_true,N,std,jump,jump_prob,ve,dim
0,9.085961870205532,8.537714524604786,84,0.01,0.3,0.5,0.001,3
