,L2,L2_true,N,std,jump,jump_prob,ve,dim
0,5.064911218147534,3.6514670119246486,26,0.01,0.3,0.5,0.01,3
