,L2,L2_true,N,std,jump,jump_prob,ve,dim
0,2.6309577418733494,0.21364494044406668,1637,0.01,0.3,0.5,0.001,1
