,L2,L2_true,N,std,jump,jump_prob,ve,dim
0,3.784249394916144,1.5993282832112672,117,0.01,0.3,0.5,0.01,2
