,L2,L2_true,N,std,jump,jump_prob,ve,dim
0,4.132259923727041,2.2866070931975684,51,0.01,0.3,0.5,0.01,2
