,L2,L2_true,N,std,jump,jump_prob,ve,dim
0,4.765113023237218,3.6660039006013183,372,0.01,0.3,0.5,0.0025,2
