,L2,L2_true,N,std,jump,jump_prob,ve,dim
0,3.2134174843734025,1.895486293809098,71,0.01,0.3,0.5,0.001,1
