,L2,L2_true,N,std,jump,jump_prob,ve,dim
0,4.568721427115905,3.094087189408253,11,0.01,0.3,0.5,0.0025,2
