,L2,L2_true,N,std,jump,jump_prob,ve,dim
0,4.165951611959034,2.3423665641645237,43,0.01,0.3,0.5,0.01,2
