,L2,L2_true,N,std,jump,jump_prob,ve,dim
0,3.038667082797456,0.17434958272413106,848,0.01,0.3,0.5,0.0025,1
