,L2,L2_true,N,std,jump,jump_prob,ve,dim
0,3.4722210197262493,0.643407918171657,22,0.01,0.3,0.5,0.01,1
