,L2,L2_true,N,std,jump,jump_prob,ve,dim
0,4.238475717604085,2.860444945053329,6,0.01,0.3,0.5,0.001,2
