,L2,L2_true,N,std,jump,jump_prob,ve,dim
0,3.6353396184500495,1.4403133417164267,2,0.01,0.3,0.5,0.0025,1
