,L2,L2_true,N,std,jump,jump_prob,ve,dim
0,3.6268021431447885,0.7449832159077531,1,0.01,0.3,0.5,0.01,3
