,L2,L2_true,N,std,jump,jump_prob,ve,dim
0,2.658488770273881,0.4782072215345381,610,0.01,0.3,0.5,0.001,1
