,L2,L2_true,N,std,jump,jump_prob,ve,dim
0,4.551655666098776,3.292364163380947,10,0.01,0.3,0.5,0.001,2
