,L2,L2_true,N,std,jump,jump_prob,ve,dim
0,4.399986031002359,2.6164542535228414,10,0.01,0.3,0.5,0.01,3
