,L2,L2_true,N,std,jump,jump_prob,ve,dim
0,3.4318330668419565,0.30074402694335994,37,0.01,0.3,0.5,0.01,1
