,L2,L2_true,N,std,jump,jump_prob,ve,dim
0,5.139529424363291,3.802661520134692,227,0.01,0.3,0.5,0.01,3
