,L2,L2_true,N,std,jump,jump_prob,ve,dim
0,3.689506964945297,1.873600729024185,16,0.01,0.3,0.5,0.0025,1
