,L2,L2_true,N,std,jump,jump_prob,ve,dim
0,3.9350682560040835,2.016473776464298,4,0.01,0.3,0.5,0.0025,2
