,L2,L2_true,N,std,jump,jump_prob,ve,dim
0,3.036291460867076,0.15676924112751267,848,0.01,0.3,0.5,0.0025,1
