,L2,L2_true,N,std,jump,jump_prob,ve,dim
0,2.276344301201157,2.2062829048187647,8,0.05,0.3,0.5,0.001,1
