,L2,L2_true,N,std,jump,jump_prob,ve,dim
0,3.652959556142301,2.0326122428461026,1000,0.01,0.3,0.5,0.0025,2
