,L2,L2_true,N,std,jump,jump_prob,ve,dim
0,3.681748606272402,1.3398916660648872,117,0.01,0.3,0.5,0.01,2
