,L2,L2_true,N,std,jump,jump_prob,ve,dim
0,2.365203952962577,2.2932407650637563,6,0.05,0.3,0.5,0.001,1
