,L2,L2_true,N,std,jump,jump_prob,ve,dim
0,12.062367181788147,11.622059344540908,372,0.01,0.3,0.5,0.0025,3
