,L2,L2_true,N,std,jump,jump_prob,ve,dim
0,2.599971029014697,2.55364792050267,8,0.05,0.3,0.5,0.001,1
