,L2,L2_true,N,std,jump,jump_prob,ve,dim
0,3.610239314246043,1.8019962054770626,1,0.01,0.3,0.5,0.001,1
