,L2,L2_true,N,std,jump,jump_prob,ve,dim
0,1.218538518924443,1.220077624514343,3,0.2,0.3,0.5,0.001,1
