,L2,L2_true,N,std,jump,jump_prob,ve,dim
0,3.953427552573177,2.5655129552388902,11,0.01,0.3,0.5,0.001,1
