,L2,L2_true,N,std,jump,jump_prob,ve,dim
0,5.38869031434706,4.229642068089954,26,0.01,0.3,0.5,0.0025,2
