,L2,L2_true,N,std,jump,jump_prob,ve,dim
0,3.135527085744202,0.9450488272103796,61,0.01,0.3,0.5,0.0025,1
