,L2,L2_true,N,std,jump,jump_prob,ve,dim
0,3.3979661114951294,1.4017279642422174,37,0.01,0.3,0.5,0.0025,1
