,L2,L2_true,N,std,jump,jump_prob,ve,dim
0,4.786012295262858,3.4148239352192293,16,0.01,0.3,0.5,0.0025,2
