,L2,L2_true,N,std,jump,jump_prob,ve,dim
0,5.490087521810139,4.512144475078268,22,0.01,0.3,0.5,0.001,2
