,L2,L2_true,N,std,jump,jump_prob,ve,dim
0,3.943081077993888,2.0402582272906757,4,0.01,0.3,0.5,0.0025,3
