,L2,L2_true,N,std,jump,jump_prob,ve,dim
0,7.214953876106919,6.524899521155062,61,0.01,0.3,0.5,0.001,2
