,L2,L2_true,N,std,jump,jump_prob,ve,dim
0,3.416200717165035,0.088883518905293,848,0.01,0.3,0.5,0.01,1
