,L2,L2_true,N,std,jump,jump_prob,ve,dim
0,10.002441419885002,9.434570949392205,163,0.01,0.3,0.5,0.0025,3
