,L2,L2_true,N,std,jump,jump_prob,ve,dim
0,12.102347401889958,11.697757014479846,163,0.01,0.3,0.5,0.001,3
