,L2,L2_true,N,std,jump,jump_prob,ve,dim
0,3.9324092536707775,1.7785482471663387,5,0.01,0.3,0.5,0.01,2
