,L2,L2_true,N,std,jump,jump_prob,ve,dim
0,4.92925988205007,3.802703544510098,13,0.01,0.3,0.5,0.001,3
