,L2,L2_true,N,std,jump,jump_prob,ve,dim
0,3.5600829358031536,2.4415295737626126,61,0.01,0.3,0.5,0.001,1
