,L2,L2_true,N,std,jump,jump_prob,ve,dim
0,3.430838071853221,0.23688740587020432,193,0.01,0.3,0.5,0.01,1
