,L2,L2_true,N,std,jump,jump_prob,ve,dim
0,2.7039292150607612,0.6886057766085104,138,0.01,0.3,0.5,0.001,1
