,L2,L2_true,N,std,jump,jump_prob,ve,dim
0,4.9058182216564665,3.3991620387345227,22,0.01,0.3,0.5,0.01,3
