,L2,L2_true,N,std,jump,jump_prob,ve,dim
0,3.5559902270061685,1.8424716331358468,1178,0.01,0.3,0.5,0.0025,2
