,L2,L2_true,N,std,jump,jump_prob,ve,dim
0,4.4093783023230575,2.7613722599697446,517,0.01,0.3,0.5,0.01,3
