,L2,L2_true,N,std,jump,jump_prob,ve,dim
0,4.35438125681778,2.775999203797558,8,0.01,0.3,0.5,0.0025,2
