,L2,L2_true,N,std,jump,jump_prob,ve,dim
0,2.6221928671964694,0.17560754401487344,2682,0.01,0.3,0.5,0.001,1
