,L2,L2_true,N,std,jump,jump_prob,ve,dim
0,8.374869010497617,7.829987729297842,117,0.01,0.3,0.5,0.001,2
