,L2,L2_true,N,std,jump,jump_prob,ve,dim
0,4.3622458982366705,2.586717959784732,11,0.01,0.3,0.5,0.01,3
