,L2,L2_true,N,std,jump,jump_prob,ve,dim
0,11.275379692293983,10.85285206856172,1930,0.01,0.3,0.5,0.0025,3
