,L2,L2_true,N,std,jump,jump_prob,ve,dim
0,5.853119193301423,4.911764256760964,138,0.01,0.3,0.5,0.0025,2
