,L2,L2_true,N,std,jump,jump_prob,ve,dim
0,5.307291070259155,4.278636944533108,19,0.01,0.3,0.5,0.001,2
