,L2,L2_true,N,std,jump,jump_prob,ve,dim
0,4.395472329368478,3.078468941658272,8,0.01,0.3,0.5,0.001,3
