,L2,L2_true,N,std,jump,jump_prob,ve,dim
0,8.137049054169694,7.514173855065553,61,0.01,0.3,0.5,0.001,3
