,L2,L2_true,N,std,jump,jump_prob,ve,dim
0,3.63475450573885,1.3841820264980398,2,0.01,0.3,0.5,0.0025,1
