,L2,L2_true,N,std,jump,jump_prob,ve,dim
0,8.304119063648448,7.737097602011539,100,0.01,0.3,0.5,0.001,2
