,L2,L2_true,N,std,jump,jump_prob,ve,dim
0,1.364935969231235,1.361882121038251,4,0.2,0.3,0.5,0.001,1
