,L2,L2_true,N,std,jump,jump_prob,ve,dim
0,11.113745944865729,10.669158465734391,138,0.01,0.3,0.5,0.001,3
