,L2,L2_true,N,std,jump,jump_prob,ve,dim
0,3.5978051790255225,1.1132124731434108,193,0.01,0.3,0.5,0.01,2
