,L2,L2_true,N,std,jump,jump_prob,ve,dim
0,3.136183522829992,0.8752613681459743,71,0.01,0.3,0.5,0.0025,1
