,L2,L2_true,N,std,jump,jump_prob,ve,dim
0,3.0406076315181982,0.19203349869552175,848,0.01,0.3,0.5,0.0025,1
