,L2,L2_true,N,std,jump,jump_prob,ve,dim
0,5.630798811666297,4.677873848957548,163,0.01,0.3,0.5,0.0025,2
