,L2,L2_true,N,std,jump,jump_prob,ve,dim
0,4.862386318704169,3.3452511691046514,22,0.01,0.3,0.5,0.01,3
