,L2,L2_true,N,std,jump,jump_prob,ve,dim
0,6.7066014267677465,6.13470209723852,719,0.01,0.3,0.5,0.001,2
