,L2,L2_true,N,std,jump,jump_prob,ve,dim
0,3.029921115761932,0.10426982058082093,1637,0.01,0.3,0.5,0.0025,1
