,L2,L2_true,N,std,jump,jump_prob,ve,dim
0,3.408364175226432,0.09220411280667475,848,0.01,0.3,0.5,0.01,1
