,L2,L2_true,N,std,jump,jump_prob,ve,dim
0,3.771282618323019,1.318176816815439,3,0.01,0.3,0.5,0.01,2
