,L2,L2_true,N,std,jump,jump_prob,ve,dim
0,3.6008440864866165,0.6740764543602004,2,0.01,0.3,0.5,0.01,1
