,L2,L2_true,N,std,jump,jump_prob,ve,dim
0,5.6829192076171315,4.63592565507087,37,0.01,0.3,0.5,0.0025,2
