,L2,L2_true,N,std,jump,jump_prob,ve,dim
0,3.618717471498301,0.7447404623244428,1,0.01,0.3,0.5,0.01,2
