,L2,L2_true,N,std,jump,jump_prob,ve,dim
0,3.4239859826375105,0.21357497655994087,193,0.01,0.3,0.5,0.01,1
