,L2,L2_true,N,std,jump,jump_prob,ve,dim
0,3.4209699154522544,0.2549383165815396,163,0.01,0.3,0.5,0.01,1
