,L2,L2_true,N,std,jump,jump_prob,ve,dim
0,4.362071680226221,2.7804823997826773,8,0.01,0.3,0.5,0.0025,3
