,L2,L2_true,N,std,jump,jump_prob,ve,dim
0,3.0437917119329327,0.2352626304409044,517,0.01,0.3,0.5,0.0025,1
