,L2,L2_true,N,std,jump,jump_prob,ve,dim
0,3.926205430278549,1.70643521018469,5,0.01,0.3,0.5,0.01,2
