,L2,L2_true,N,std,jump,jump_prob,ve,dim
0,3.7118530488934938,1.595435767989054,2,0.01,0.3,0.5,0.0025,2
