,L2,L2_true,N,std,jump,jump_prob,ve,dim
0,0.6111248944991851,0.6106110453691358,372,0.2,0.3,0.5,0.001,1
