,L2,L2_true,N,std,jump,jump_prob,ve,dim
0,0.4442906194088125,0.3980714804290509,719,0.05,0.3,0.5,0.001,1
