,L2,L2_true,N,std,jump,jump_prob,ve,dim
0,4.840770408774228,3.34671387238782,22,0.01,0.3,0.5,0.01,3
