,L2,L2_true,N,std,jump,jump_prob,ve,dim
0,22.085373969459052,21.88904253081441,1000,0.01,0.3,0.5,0.001,3
