,L2,L2_true,N,std,jump,jump_prob,ve,dim
0,3.8733138274141448,2.171321133454002,10,0.01,0.3,0.5,0.0025,1
