,L2,L2_true,N,std,jump,jump_prob,ve,dim
0,2.548232093201324,2.5104515138222063,13,0.05,0.3,0.5,0.001,1
