,L2,L2_true,N,std,jump,jump_prob,ve,dim
0,4.150425612938787,2.8304463037666623,517,0.01,0.3,0.5,0.0025,2
