,L2,L2_true,N,std,jump,jump_prob,ve,dim
0,4.124137827540643,2.1215351072858875,7,0.01,0.3,0.5,0.01,3
