,L2,L2_true,N,std,jump,jump_prob,ve,dim
0,4.179872005296465,2.2343945601471304,8,0.01,0.3,0.5,0.01,3
