,L2,L2_true,N,std,jump,jump_prob,ve,dim
0,3.970291155098215,1.9923948150243163,1000,0.01,0.3,0.5,0.01,3
