,L2,L2_true,N,std,jump,jump_prob,ve,dim
0,3.5856989859394,1.8770380542706857,1178,0.01,0.3,0.5,0.0025,2
