,L2,L2_true,N,std,jump,jump_prob,ve,dim
0,4.515666557347842,3.670376253333357,2000,0.01,0.3,0.5,0.001,2
