,L2,L2_true,N,std,jump,jump_prob,ve,dim
0,3.8219496114545644,2.4591930988291644,19,0.01,0.3,0.5,0.001,1
