,L2,L2_true,N,std,jump,jump_prob,ve,dim
0,1.90616831318144,1.8668650342959001,31,0.05,0.3,0.5,0.001,1
