,L2,L2_true,N,std,jump,jump_prob,ve,dim
0,3.4633533133514174,0.5800778135542255,719,0.01,0.3,0.5,0.01,2
