,L2,L2_true,N,std,jump,jump_prob,ve,dim
0,2.6602958854865637,2.6104560044282055,13,0.05,0.3,0.5,0.001,1
