,L2,L2_true,N,std,jump,jump_prob,ve,dim
0,2.5264223852455627,2.526006973183094,16,0.2,0.3,0.5,0.001,1
