,L2,L2_true,N,std,jump,jump_prob,ve,dim
0,1.3855359711947317,1.3857002097542208,84,0.2,0.3,0.5,0.001,1
