,L2,L2_true,N,std,jump,jump_prob,ve,dim
0,3.434134852091108,0.3888172449736208,1178,0.01,0.3,0.5,0.01,2
