,L2,L2_true,N,std,jump,jump_prob,ve,dim
0,3.6183327064267634,0.7446362376098605,1,0.01,0.3,0.5,0.01,1
