,L2,L2_true,N,std,jump,jump_prob,ve,dim
0,3.054472593926993,0.34607832971100183,193,0.01,0.3,0.5,0.0025,1
