,L2,L2_true,N,std,jump,jump_prob,ve,dim
0,3.0432231638779585,0.388878346928783,227,0.01,0.3,0.5,0.0025,1
