,L2,L2_true,N,std,jump,jump_prob,ve,dim
0,14.531798905569444,14.196192275125687,268,0.01,0.3,0.5,0.001,3
