,L2,L2_true,N,std,jump,jump_prob,ve,dim
0,4.51711309045328,2.93044418588388,439,0.01,0.3,0.5,0.01,3
