,L2,L2_true,N,std,jump,jump_prob,ve,dim
0,3.497214637309657,0.6733387561370394,16,0.01,0.3,0.5,0.01,1
