,L2,L2_true,N,std,jump,jump_prob,ve,dim
0,1.7004562103052852,1.5809828122240996,3,0.05,0.3,0.5,0.001,1
