,L2,L2_true,N,std,jump,jump_prob,ve,dim
0,3.7074744459404663,1.5730161660405053,2,0.01,0.3,0.5,0.0025,3
