,L2,L2_true,N,std,jump,jump_prob,ve,dim
0,7.88486650167398,7.394466553997317,439,0.01,0.3,0.5,0.001,2
