,L2,L2_true,N,std,jump,jump_prob,ve,dim
0,0.44292028990395416,0.3889934253986073,719,0.05,0.3,0.5,0.001,1
