,L2,L2_true,N,std,jump,jump_prob,ve,dim
0,10.133787388266764,9.586478856358092,163,0.01,0.3,0.5,0.0025,3
