,L2,L2_true,N,std,jump,jump_prob,ve,dim
0,5.0982215902516845,3.6972228307185198,26,0.01,0.3,0.5,0.01,3
