,L2,L2_true,N,std,jump,jump_prob,ve,dim
0,3.635354004904902,1.3302896751810902,1,0.01,0.3,0.5,0.0025,2
