,L2,L2_true,N,std,jump,jump_prob,ve,dim
0,2.7162215206873372,2.6996876597066204,22,0.05,0.3,0.5,0.001,1
