,L2,L2_true,N,std,jump,jump_prob,ve,dim
0,5.312272224843469,4.040828385825376,193,0.01,0.3,0.5,0.01,3
