,L2,L2_true,N,std,jump,jump_prob,ve,dim
0,4.739795638668831,3.5527035175240282,13,0.01,0.3,0.5,0.001,2
