,L2,L2_true,N,std,jump,jump_prob,ve,dim
0,3.429779633370765,0.30665169726304964,51,0.01,0.3,0.5,0.01,1
