,L2,L2_true,N,std,jump,jump_prob,ve,dim
0,2.822089464610694,1.1047810008144772,71,0.01,0.3,0.5,0.001,1
