,L2,L2_true,N,std,jump,jump_prob,ve,dim
0,3.629268499533328,1.8067568574334723,1,0.01,0.3,0.5,0.001,1
