,L2,L2_true,N,std,jump,jump_prob,ve,dim
0,1.2065499961053057,1.2084815369034745,3,0.2,0.3,0.5,0.001,1
