,L2,L2_true,N,std,jump,jump_prob,ve,dim
0,11.204230313998385,10.767281399282998,2000,0.01,0.3,0.5,0.0025,3
