,L2,L2_true,N,std,jump,jump_prob,ve,dim
0,4.727315483068076,3.164136685146187,19,0.01,0.3,0.5,0.01,3
