,L2,L2_true,N,std,jump,jump_prob,ve,dim
0,3.1592476076203084,1.629500771324661,37,0.01,0.3,0.5,0.001,1
