,L2,L2_true,N,std,jump,jump_prob,ve,dim
0,4.931277858310039,4.181765397724281,1637,0.01,0.3,0.5,0.001,2
