,L2,L2_true,N,std,jump,jump_prob,ve,dim
0,4.547639624004429,3.057373941176334,10,0.01,0.3,0.5,0.0025,3
