,L2,L2_true,N,std,jump,jump_prob,ve,dim
0,1.681901478406701,1.6713002157307946,43,0.05,0.3,0.5,0.001,1
