,L2,L2_true,N,std,jump,jump_prob,ve,dim
0,1.7177793549889373,1.6134898109072162,7,0.05,0.3,0.5,0.001,1
