,L2,L2_true,N,std,jump,jump_prob,ve,dim
0,3.6286371955274848,1.3309042055021165,1,0.01,0.3,0.5,0.0025,1
