,L2,L2_true,N,std,jump,jump_prob,ve,dim
0,3.9234924848040906,1.7003959494969574,5,0.01,0.3,0.5,0.01,2
