,L2,L2_true,N,std,jump,jump_prob,ve,dim
0,1.1350724978831095,1.1349196523513232,117,0.2,0.3,0.5,0.001,1
