,L2,L2_true,N,std,jump,jump_prob,ve,dim
0,3.6910880473681833,1.2933457812525322,22,0.01,0.3,0.5,0.01,1
