,L2,L2_true,N,std,jump,jump_prob,ve,dim
0,1.4073149160043448,1.406783005774793,84,0.2,0.3,0.5,0.001,1
