,L2,L2_true,N,std,jump,jump_prob,ve,dim
0,0.3200869615321298,0.31941230088981243,1389,0.2,0.3,0.5,0.001,1
