,L2,L2_true,N,std,jump,jump_prob,ve,dim
0,3.408597844827276,1.5652610245224383,1637,0.01,0.3,0.5,0.0025,2
