,L2,L2_true,N,std,jump,jump_prob,ve,dim
0,3.8452244306822645,2.4922052001018997,22,0.01,0.3,0.5,0.001,1
