,L2,L2_true,N,std,jump,jump_prob,ve,dim
0,3.1317318955994247,0.8426795708759451,61,0.01,0.3,0.5,0.0025,1
