,L2,L2_true,N,std,jump,jump_prob,ve,dim
0,5.813598080826823,4.805280500501355,51,0.01,0.3,0.5,0.0025,2
