,L2,L2_true,N,std,jump,jump_prob,ve,dim
0,0.3778800136836288,0.3704425532654796,1,0.2,0.3,0.5,0.001,1
