,L2,L2_true,N,std,jump,jump_prob,ve,dim
0,19.271568887424674,19.028253256434724,719,0.01,0.3,0.5,0.001,3
