,L2,L2_true,N,std,jump,jump_prob,ve,dim
0,4.884145933950707,3.748853055196389,13,0.01,0.3,0.5,0.001,3
