,L2,L2_true,N,std,jump,jump_prob,ve,dim
0,3.3113597053800343,1.3339103287434129,2275,0.01,0.3,0.5,0.0025,2
