,L2,L2_true,N,std,jump,jump_prob,ve,dim
0,3.6777194616826265,2.069308096881271,1000,0.01,0.3,0.5,0.0025,2
