,L2,L2_true,N,std,jump,jump_prob,ve,dim
0,3.4972092264011896,0.7615220042559043,372,0.01,0.3,0.5,0.01,2
