,L2,L2_true,N,std,jump,jump_prob,ve,dim
0,7.288043888959175,6.607756022349457,61,0.01,0.3,0.5,0.001,2
