,L2,L2_true,N,std,jump,jump_prob,ve,dim
0,4.780288995722282,3.236246117692306,22,0.01,0.3,0.5,0.01,3
