,L2,L2_true,N,std,jump,jump_prob,ve,dim
0,0.29071339859716444,0.290849562516723,1637,0.2,0.3,0.5,0.001,1
