,L2,L2_true,N,std,jump,jump_prob,ve,dim
0,3.421207286971203,0.3169334541536581,2000,0.01,0.3,0.5,0.01,2
