,L2,L2_true,N,std,jump,jump_prob,ve,dim
0,20.057457864676742,19.82470378306378,719,0.01,0.3,0.5,0.001,3
