,L2,L2_true,N,std,jump,jump_prob,ve,dim
0,5.424049713848578,4.152357674694776,51,0.01,0.3,0.5,0.01,3
