,L2,L2_true,N,std,jump,jump_prob,ve,dim
0,5.452811297695499,4.203288309775901,117,0.01,0.3,0.5,0.01,3
