,L2,L2_true,N,std,jump,jump_prob,ve,dim
0,21.976661841631348,21.781919239850936,1178,0.01,0.3,0.5,0.001,3
