,L2,L2_true,N,std,jump,jump_prob,ve,dim
0,3.5194248193582296,2.2649471505808285,37,0.01,0.3,0.5,0.001,1
