,L2,L2_true,N,std,jump,jump_prob,ve,dim
0,3.7560840617469538,1.5185319588878066,100,0.01,0.3,0.5,0.01,2
