,L2,L2_true,N,std,jump,jump_prob,ve,dim
0,10.962815610700344,10.516007799518617,2000,0.01,0.3,0.5,0.0025,3
