,L2,L2_true,N,std,jump,jump_prob,ve,dim
0,19.037790096000936,18.793249199858938,610,0.01,0.3,0.5,0.001,3
