,L2,L2_true,N,std,jump,jump_prob,ve,dim
0,0.45938676677978457,0.4596069713843537,610,0.2,0.3,0.5,0.001,1
