,L2,L2_true,N,std,jump,jump_prob,ve,dim
0,2.8467719204071256,1.1394676174202123,100,0.01,0.3,0.5,0.001,1
