,L2,L2_true,N,std,jump,jump_prob,ve,dim
0,3.6148342429233677,0.7446923794724476,1,0.01,0.3,0.5,0.01,3
