,L2,L2_true,N,std,jump,jump_prob,ve,dim
0,0.37769969031183437,0.3702657628513961,1,0.2,0.3,0.5,0.001,1
