,L2,L2_true,N,std,jump,jump_prob,ve,dim
0,4.65919712219346,3.2303458457874084,11,0.01,0.3,0.5,0.0025,3
