,L2,L2_true,N,std,jump,jump_prob,ve,dim
0,8.562897601830485,8.027914216071533,117,0.01,0.3,0.5,0.001,2
