,L2,L2_true,N,std,jump,jump_prob,ve,dim
0,3.8656167671779165,2.447752252154583,13,0.01,0.3,0.5,0.001,1
