,L2,L2_true,N,std,jump,jump_prob,ve,dim
0,1.925039054351626,1.8167123475857934,4,0.05,0.3,0.5,0.001,1
