,L2,L2_true,N,std,jump,jump_prob,ve,dim
0,4.060011488227984,2.5634609982362777,5,0.01,0.3,0.5,0.001,2
