,L2,L2_true,N,std,jump,jump_prob,ve,dim
0,0.5691058090361879,0.5066939383053592,439,0.05,0.3,0.5,0.001,1
