,L2,L2_true,N,std,jump,jump_prob,ve,dim
0,4.693073476997489,3.5497990964452684,372,0.01,0.3,0.5,0.0025,2
