,L2,L2_true,N,std,jump,jump_prob,ve,dim
0,3.401109590230771,0.06087536060659907,517,0.01,0.3,0.5,0.01,1
