,L2,L2_true,N,std,jump,jump_prob,ve,dim
0,3.3596947998078255,1.4199863208303822,1930,0.01,0.3,0.5,0.0025,2
