,L2,L2_true,N,std,jump,jump_prob,ve,dim
0,3.24502712721757,1.7559985557938496,51,0.01,0.3,0.5,0.001,1
