,L2,L2_true,N,std,jump,jump_prob,ve,dim
0,5.579868278544608,4.456388060065208,22,0.01,0.3,0.5,0.0025,3
