,L2,L2_true,N,std,jump,jump_prob,ve,dim
0,2.238145163072949,2.2045669983517,26,0.05,0.3,0.5,0.001,1
