,L2,L2_true,N,std,jump,jump_prob,ve,dim
0,3.896936222757834,2.430113005282652,719,0.01,0.3,0.5,0.0025,2
