,L2,L2_true,N,std,jump,jump_prob,ve,dim
0,4.92044357299013,3.8228761729047496,268,0.01,0.3,0.5,0.0025,2
