,L2,L2_true,N,std,jump,jump_prob,ve,dim
0,8.311670757057648,7.7685554593283666,138,0.01,0.3,0.5,0.001,2
