,L2,L2_true,N,std,jump,jump_prob,ve,dim
0,3.8184146680957016,1.6945786893075208,1389,0.01,0.3,0.5,0.01,3
