,L2,L2_true,N,std,jump,jump_prob,ve,dim
0,0.9253611045671384,0.9122670516849521,138,0.05,0.3,0.5,0.001,1
