,L2,L2_true,N,std,jump,jump_prob,ve,dim
0,3.046585687707551,0.36591321500481494,193,0.01,0.3,0.5,0.0025,1
