,L2,L2_true,N,std,jump,jump_prob,ve,dim
0,3.9560882202378034,2.4667244047323766,7,0.01,0.3,0.5,0.001,1
