,L2,L2_true,N,std,jump,jump_prob,ve,dim
0,3.420550249260777,0.07988500740583307,848,0.01,0.3,0.5,0.01,1
