,L2,L2_true,N,std,jump,jump_prob,ve,dim
0,3.347953725694784,1.4164501958423237,2000,0.01,0.3,0.5,0.0025,2
