,L2,L2_true,N,std,jump,jump_prob,ve,dim
0,1.326905141669198,1.3288358441848045,4,0.2,0.3,0.5,0.001,1
