,L2,L2_true,N,std,jump,jump_prob,ve,dim
0,3.6517769620458593,1.0349092771625616,10,0.01,0.3,0.5,0.01,1
