,L2,L2_true,N,std,jump,jump_prob,ve,dim
0,2.1006811971301236,2.008096103184056,5,0.05,0.3,0.5,0.001,1
