,L2,L2_true,N,std,jump,jump_prob,ve,dim
0,3.4363192288781117,0.3320443940567897,61,0.01,0.3,0.5,0.01,1
