,L2,L2_true,N,std,jump,jump_prob,ve,dim
0,3.412963638457932,0.05844062679294273,1000,0.01,0.3,0.5,0.01,1
