,L2,L2_true,N,std,jump,jump_prob,ve,dim
0,24.313874078551176,24.137848982976184,2275,0.01,0.3,0.5,0.001,3
