,L2,L2_true,N,std,jump,jump_prob,ve,dim
0,0.35211328123966346,0.3510734875393848,1000,0.2,0.3,0.5,0.001,1
