,L2,L2_true,N,std,jump,jump_prob,ve,dim
0,2.6979027814468366,0.7156125650664313,227,0.01,0.3,0.5,0.001,1
