,L2,L2_true,N,std,jump,jump_prob,ve,dim
0,3.977283557339184,2.0459017075793584,1000,0.01,0.3,0.5,0.01,3
