,L2,L2_true,N,std,jump,jump_prob,ve,dim
0,11.95670627721258,11.54598581047493,1389,0.01,0.3,0.5,0.0025,3
