,L2,L2_true,N,std,jump,jump_prob,ve,dim
0,6.922562968469374,6.36684888923899,719,0.01,0.3,0.5,0.001,2
