,L2,L2_true,N,std,jump,jump_prob,ve,dim
0,3.7364795478556436,2.010351739252746,19,0.01,0.3,0.5,0.0025,1
