,L2,L2_true,N,std,jump,jump_prob,ve,dim
0,4.23379891657288,2.3813524471403413,22,0.01,0.3,0.5,0.01,2
