,L2,L2_true,N,std,jump,jump_prob,ve,dim
0,3.7127184880592443,1.4577299904759158,1930,0.01,0.3,0.5,0.01,3
