,L2,L2_true,N,std,jump,jump_prob,ve,dim
0,5.943986972412278,5.060356759803162,163,0.01,0.3,0.5,0.0025,2
