,L2,L2_true,N,std,jump,jump_prob,ve,dim
0,3.535096124507681,0.9124637149618982,268,0.01,0.3,0.5,0.01,2
