,L2,L2_true,N,std,jump,jump_prob,ve,dim
0,4.214659650865203,2.8399089539434765,8,0.01,0.3,0.5,0.001,1
