,L2,L2_true,N,std,jump,jump_prob,ve,dim
0,1.286267437834013,1.2873762723524775,3,0.2,0.3,0.5,0.001,1
