,L2,L2_true,N,std,jump,jump_prob,ve,dim
0,3.715114002961641,1.3143337115695655,10,0.01,0.3,0.5,0.01,1
