,L2,L2_true,N,std,jump,jump_prob,ve,dim
0,3.0353420173047954,0.16317937321978146,1000,0.01,0.3,0.5,0.0025,1
