,L2,L2_true,N,std,jump,jump_prob,ve,dim
0,3.3573314651701125,1.289883327213203,31,0.01,0.3,0.5,0.0025,1
