,L2,L2_true,N,std,jump,jump_prob,ve,dim
0,4.895249297757333,3.8158465329813955,316,0.01,0.3,0.5,0.0025,2
