,L2,L2_true,N,std,jump,jump_prob,ve,dim
0,4.023607388091407,1.92884093449153,8,0.01,0.3,0.5,0.01,2
