,L2,L2_true,N,std,jump,jump_prob,ve,dim
0,0.8360353445856327,0.8376374031967977,2,0.2,0.3,0.5,0.001,1
