,L2,L2_true,N,std,jump,jump_prob,ve,dim
0,1.879479302093717,1.8781556643808273,51,0.2,0.3,0.5,0.001,1
