,L2,L2_true,N,std,jump,jump_prob,ve,dim
0,1.371636711303004,1.3706222436971822,4,0.2,0.3,0.5,0.001,1
