,L2,L2_true,N,std,jump,jump_prob,ve,dim
0,3.424761579059272,0.22227876005736452,84,0.01,0.3,0.5,0.01,1
