,L2,L2_true,N,std,jump,jump_prob,ve,dim
0,3.470700016942839,0.5328033865035434,22,0.01,0.3,0.5,0.01,1
