,L2,L2_true,N,std,jump,jump_prob,ve,dim
0,0.7287547985925208,0.6648268032438535,268,0.05,0.3,0.5,0.001,1
