,L2,L2_true,N,std,jump,jump_prob,ve,dim
0,3.418172714516819,0.25093286257968145,100,0.01,0.3,0.5,0.01,1
