,L2,L2_true,N,std,jump,jump_prob,ve,dim
0,8.437197425665547,7.960004678190225,372,0.01,0.3,0.5,0.001,2
