,L2,L2_true,N,std,jump,jump_prob,ve,dim
0,4.091306635750921,2.523553866391438,16,0.01,0.3,0.5,0.0025,1
