,L2,L2_true,N,std,jump,jump_prob,ve,dim
0,4.119942599286589,2.680563502754595,6,0.01,0.3,0.5,0.001,2
