,L2,L2_true,N,std,jump,jump_prob,ve,dim
0,5.23252031759015,3.8907340050393038,37,0.01,0.3,0.5,0.01,3
