,L2,L2_true,N,std,jump,jump_prob,ve,dim
0,6.234053658732124,5.4076851839417275,37,0.01,0.3,0.5,0.001,2
