,L2,L2_true,N,std,jump,jump_prob,ve,dim
0,3.960257930148381,1.795280484727734,5,0.01,0.3,0.5,0.01,3
