,L2,L2_true,N,std,jump,jump_prob,ve,dim
0,3.7993682749586495,2.544382994798268,22,0.01,0.3,0.5,0.001,1
