,L2,L2_true,N,std,jump,jump_prob,ve,dim
0,5.03574552178272,3.6054333710324826,31,0.01,0.3,0.5,0.01,3
