,L2,L2_true,N,std,jump,jump_prob,ve,dim
0,2.5141028308118476,2.5140441108165814,19,0.2,0.3,0.5,0.001,1
