,L2,L2_true,N,std,jump,jump_prob,ve,dim
0,20.248472032125164,20.02969743511988,848,0.01,0.3,0.5,0.001,3
