,L2,L2_true,N,std,jump,jump_prob,ve,dim
0,3.612666305195705,1.8138211493969507,37,0.01,0.3,0.5,0.0025,1
