,L2,L2_true,N,std,jump,jump_prob,ve,dim
0,8.805982885776976,8.318448266014478,193,0.01,0.3,0.5,0.001,2
