,L2,L2_true,N,std,jump,jump_prob,ve,dim
0,3.0394123155143915,0.08865024744905153,3162,0.01,0.3,0.5,0.0025,1
