,L2,L2_true,N,std,jump,jump_prob,ve,dim
0,3.0317976346855677,0.08504939288457453,2682,0.01,0.3,0.5,0.0025,1
