,L2,L2_true,N,std,jump,jump_prob,ve,dim
0,4.121647247994724,2.124755011543864,7,0.01,0.3,0.5,0.01,3
