,L2,L2_true,N,std,jump,jump_prob,ve,dim
0,0.32520079514121863,0.1869396957519651,2682,0.05,0.3,0.5,0.001,1
