,L2,L2_true,N,std,jump,jump_prob,ve,dim
0,6.215539269494462,5.373848820721457,31,0.01,0.3,0.5,0.001,3
