,L2,L2_true,N,std,jump,jump_prob,ve,dim
0,4.332152363669234,2.4960740651442044,10,0.01,0.3,0.5,0.01,3
