,L2,L2_true,N,std,jump,jump_prob,ve,dim
0,3.9336142745199525,2.38609987226603,4,0.01,0.3,0.5,0.001,2
