,L2,L2_true,N,std,jump,jump_prob,ve,dim
0,19.559141374419724,19.32487582147015,719,0.01,0.3,0.5,0.001,3
