,L2,L2_true,N,std,jump,jump_prob,ve,dim
0,2.3340847561603457,2.3358250682928854,11,0.2,0.3,0.5,0.001,1
