,L2,L2_true,N,std,jump,jump_prob,ve,dim
0,4.5575454435535026,3.0079837406438656,439,0.01,0.3,0.5,0.01,3
