,L2,L2_true,N,std,jump,jump_prob,ve,dim
0,3.4519838737622144,0.44850066309295017,1000,0.01,0.3,0.5,0.01,2
