,L2,L2_true,N,std,jump,jump_prob,ve,dim
0,10.406163179576323,9.878588381255097,193,0.01,0.3,0.5,0.0025,3
