,L2,L2_true,N,std,jump,jump_prob,ve,dim
0,4.735415436907978,3.6175695479577246,316,0.01,0.3,0.5,0.0025,2
