,L2,L2_true,N,std,jump,jump_prob,ve,dim
0,6.068243003601771,5.449674262758566,1000,0.01,0.3,0.5,0.001,2
