,L2,L2_true,N,std,jump,jump_prob,ve,dim
0,7.79080775399062,7.182873940874885,84,0.01,0.3,0.5,0.001,2
