,L2,L2_true,N,std,jump,jump_prob,ve,dim
0,11.807934871171241,11.395122721051152,163,0.01,0.3,0.5,0.001,3
