,L2,L2_true,N,std,jump,jump_prob,ve,dim
0,5.46027807947119,4.301143694818012,22,0.01,0.3,0.5,0.0025,3
