,L2,L2_true,N,std,jump,jump_prob,ve,dim
0,4.374354969985539,3.0414291001549496,8,0.01,0.3,0.5,0.001,2
