,L2,L2_true,N,std,jump,jump_prob,ve,dim
0,8.783676374453721,8.133868106017228,100,0.01,0.3,0.5,0.0025,3
