,L2,L2_true,N,std,jump,jump_prob,ve,dim
0,3.725985063268815,1.5765345758305709,2,0.01,0.3,0.5,0.0025,2
