,L2,L2_true,N,std,jump,jump_prob,ve,dim
0,1.97339704967661,1.8940529018735297,8,0.05,0.3,0.5,0.001,1
