,L2,L2_true,N,std,jump,jump_prob,ve,dim
0,5.108737979375548,3.7686183535302105,227,0.01,0.3,0.5,0.01,3
