,L2,L2_true,N,std,jump,jump_prob,ve,dim
0,12.13583013690573,11.692076527091498,372,0.01,0.3,0.5,0.0025,3
