,L2,L2_true,N,std,jump,jump_prob,ve,dim
0,3.79887693107443,1.6013632877264372,84,0.01,0.3,0.5,0.01,2
