,L2,L2_true,N,std,jump,jump_prob,ve,dim
0,10.72357570692289,10.259672356488394,2000,0.01,0.3,0.5,0.0025,3
