,L2,L2_true,N,std,jump,jump_prob,ve,dim
0,2.6825211167982848,0.6140578057849213,268,0.01,0.3,0.5,0.001,1
