,L2,L2_true,N,std,jump,jump_prob,ve,dim
0,3.8384264602851346,2.207475589972738,3,0.01,0.3,0.5,0.001,3
