,L2,L2_true,N,std,jump,jump_prob,ve,dim
0,3.7098653233237764,1.6137857727903497,3,0.01,0.3,0.5,0.0025,1
