,L2,L2_true,N,std,jump,jump_prob,ve,dim
0,3.738738131471227,1.1619836655317977,2,0.01,0.3,0.5,0.01,3
