,L2,L2_true,N,std,jump,jump_prob,ve,dim
0,5.517437898632498,4.375110099670258,22,0.01,0.3,0.5,0.0025,3
