,L2,L2_true,N,std,jump,jump_prob,ve,dim
0,2.3294052831763716,2.2591632365948793,8,0.05,0.3,0.5,0.001,1
