,L2,L2_true,N,std,jump,jump_prob,ve,dim
0,4.03136361940265,2.062098197019513,43,0.01,0.3,0.5,0.01,2
