,L2,L2_true,N,std,jump,jump_prob,ve,dim
0,3.4500110327975215,0.4456274703307365,1000,0.01,0.3,0.5,0.01,2
