,L2,L2_true,N,std,jump,jump_prob,ve,dim
0,8.591027501148858,8.006028821793736,71,0.01,0.3,0.5,0.001,3
