,L2,L2_true,N,std,jump,jump_prob,ve,dim
0,3.4970514969750077,0.7264452126416778,31,0.01,0.3,0.5,0.01,1
