,L2,L2_true,N,std,jump,jump_prob,ve,dim
0,3.8343865884912525,1.4752931832799785,3,0.01,0.3,0.5,0.01,3
