,L2,L2_true,N,std,jump,jump_prob,ve,dim
0,3.4310172973371844,0.4688315346102226,61,0.01,0.3,0.5,0.01,1
