,L2,L2_true,N,std,jump,jump_prob,ve,dim
0,0.9719534652325121,0.9707686030108811,163,0.2,0.3,0.5,0.001,1
