,L2,L2_true,N,std,jump,jump_prob,ve,dim
0,2.3248791437768537,2.3257873412714054,13,0.2,0.3,0.5,0.001,1
