,L2,L2_true,N,std,jump,jump_prob,ve,dim
0,3.0885795276826213,0.5625312385906517,100,0.01,0.3,0.5,0.0025,1
