,L2,L2_true,N,std,jump,jump_prob,ve,dim
0,3.0806648462566386,3.081821963511936,19,0.2,0.3,0.5,0.001,1
