,L2,L2_true,N,std,jump,jump_prob,ve,dim
0,5.540287375145659,4.578130528388047,163,0.01,0.3,0.5,0.0025,2
