,L2,L2_true,N,std,jump,jump_prob,ve,dim
0,0.3360180457727761,0.22369396475198325,1637,0.05,0.3,0.5,0.001,1
