,L2,L2_true,N,std,jump,jump_prob,ve,dim
0,3.4136874638251267,0.09635527486629872,719,0.01,0.3,0.5,0.01,1
