,L2,L2_true,N,std,jump,jump_prob,ve,dim
0,3.606776464365392,0.7432876085658803,2,0.01,0.3,0.5,0.01,1
