,L2,L2_true,N,std,jump,jump_prob,ve,dim
0,6.216081475025932,5.38769505023022,37,0.01,0.3,0.5,0.001,2
