,L2,L2_true,N,std,jump,jump_prob,ve,dim
0,3.4750107310218903,0.6847329896531696,37,0.01,0.3,0.5,0.01,1
