,L2,L2_true,N,std,jump,jump_prob,ve,dim
0,2.1375827587330005,2.137468300592839,22,0.2,0.3,0.5,0.001,1
