,L2,L2_true,N,std,jump,jump_prob,ve,dim
0,4.084854779519184,2.1160964384563643,37,0.01,0.3,0.5,0.01,2
