,L2,L2_true,N,std,jump,jump_prob,ve,dim
0,3.9075500812713635,2.5177285212774847,11,0.01,0.3,0.5,0.001,1
