,L2,L2_true,N,std,jump,jump_prob,ve,dim
0,3.636494471950594,1.8059336550955327,1,0.01,0.3,0.5,0.001,1
