,L2,L2_true,N,std,jump,jump_prob,ve,dim
0,5.392224080846695,4.423047697207725,268,0.01,0.3,0.5,0.0025,2
