,L2,L2_true,N,std,jump,jump_prob,ve,dim
0,5.460151465511585,4.206677678270975,100,0.01,0.3,0.5,0.01,3
