,L2,L2_true,N,std,jump,jump_prob,ve,dim
0,24.24721712425021,24.076281807022532,2000,0.01,0.3,0.5,0.001,3
