,L2,L2_true,N,std,jump,jump_prob,ve,dim
0,2.6541464156785533,0.3865436424717246,517,0.01,0.3,0.5,0.001,1
