,L2,L2_true,N,std,jump,jump_prob,ve,dim
0,6.690928306273468,6.1169353396925485,719,0.01,0.3,0.5,0.001,2
