,L2,L2_true,N,std,jump,jump_prob,ve,dim
0,1.5798524477174853,1.5796649243911127,4,0.2,0.3,0.5,0.001,1
