,L2,L2_true,N,std,jump,jump_prob,ve,dim
0,4.589840916769094,3.753361609544256,2000,0.01,0.3,0.5,0.001,2
