,L2,L2_true,N,std,jump,jump_prob,ve,dim
0,3.6764385041844205,1.3472230797081313,138,0.01,0.3,0.5,0.01,2
