,L2,L2_true,N,std,jump,jump_prob,ve,dim
0,3.4092204180785175,0.04490636683462635,2275,0.01,0.3,0.5,0.01,1
