,L2,L2_true,N,std,jump,jump_prob,ve,dim
0,2.3199450181278967,2.317512493737239,22,0.05,0.3,0.5,0.001,1
