,L2,L2_true,N,std,jump,jump_prob,ve,dim
0,10.209716292717005,9.677942276649771,163,0.01,0.3,0.5,0.0025,3
