,L2,L2_true,N,std,jump,jump_prob,ve,dim
0,3.8062789387485334,2.1562492088178393,5,0.01,0.3,0.5,0.001,1
