,L2,L2_true,N,std,jump,jump_prob,ve,dim
0,3.713829167197212,1.4192914962734569,2000,0.01,0.3,0.5,0.01,3
