,L2,L2_true,N,std,jump,jump_prob,ve,dim
0,2.032250817364828,2.031124786341512,8,0.2,0.3,0.5,0.001,1
