,L2,L2_true,N,std,jump,jump_prob,ve,dim
0,12.494456187778685,12.066330467475291,372,0.01,0.3,0.5,0.0025,3
