,L2,L2_true,N,std,jump,jump_prob,ve,dim
0,6.509501250978078,5.583306779676033,37,0.01,0.3,0.5,0.0025,3
