,L2,L2_true,N,std,jump,jump_prob,ve,dim
0,3.9619912037876612,2.51270311515789,719,0.01,0.3,0.5,0.0025,2
