,L2,L2_true,N,std,jump,jump_prob,ve,dim
0,0.3777966740724944,0.37036058577403547,1,0.2,0.3,0.5,0.001,1
