,L2,L2_true,N,std,jump,jump_prob,ve,dim
0,2.3951969182401758,2.3711954237737594,13,0.05,0.3,0.5,0.001,1
