,L2,L2_true,N,std,jump,jump_prob,ve,dim
0,7.980462999958498,7.474863593785351,372,0.01,0.3,0.5,0.001,2
