,L2,L2_true,N,std,jump,jump_prob,ve,dim
0,3.5140500472385585,2.1533415508010982,37,0.01,0.3,0.5,0.001,1
