,L2,L2_true,N,std,jump,jump_prob,ve,dim
0,4.102889700987861,2.636233161875839,5,0.01,0.3,0.5,0.001,3
