,L2,L2_true,N,std,jump,jump_prob,ve,dim
0,2.592958810674249,2.527974042008375,11,0.05,0.3,0.5,0.001,1
