,L2,L2_true,N,std,jump,jump_prob,ve,dim
0,3.4870162583372806,1.722843604656928,1389,0.01,0.3,0.5,0.0025,2
