,L2,L2_true,N,std,jump,jump_prob,ve,dim
0,2.026442802449868,2.0063431687460516,37,0.05,0.3,0.5,0.001,1
