,L2,L2_true,N,std,jump,jump_prob,ve,dim
0,2.201596109309107,2.1233279837791783,7,0.05,0.3,0.5,0.001,1
