,L2,L2_true,N,std,jump,jump_prob,ve,dim
0,4.351004171031985,2.568448582052505,10,0.01,0.3,0.5,0.01,3
