,L2,L2_true,N,std,jump,jump_prob,ve,dim
0,11.854302466223778,11.40382350670815,316,0.01,0.3,0.5,0.0025,3
