,L2,L2_true,N,std,jump,jump_prob,ve,dim
0,5.872266912310699,4.9394165839132045,100,0.01,0.3,0.5,0.0025,2
