,L2,L2_true,N,std,jump,jump_prob,ve,dim
0,8.574025348170824,8.042483022884104,138,0.01,0.3,0.5,0.001,2
