,L2,L2_true,N,std,jump,jump_prob,ve,dim
0,3.552117050861324,0.752617305098505,26,0.01,0.3,0.5,0.01,1
