,L2,L2_true,N,std,jump,jump_prob,ve,dim
0,2.365207488893036,2.3534088644470197,31,0.05,0.3,0.5,0.001,1
