,L2,L2_true,N,std,jump,jump_prob,ve,dim
0,2.6230013084822517,0.15890128406346835,1930,0.01,0.3,0.5,0.001,1
