,L2,L2_true,N,std,jump,jump_prob,ve,dim
0,11.021920262177606,10.574794749627486,138,0.01,0.3,0.5,0.001,3
