,L2,L2_true,N,std,jump,jump_prob,ve,dim
0,2.6318557503076048,0.2983883086776136,1000,0.01,0.3,0.5,0.001,1
