,L2,L2_true,N,std,jump,jump_prob,ve,dim
0,3.0727404808578385,0.5184257951378745,117,0.01,0.3,0.5,0.0025,1
