,L2,L2_true,N,std,jump,jump_prob,ve,dim
0,2.477192603161604,2.4764516821114175,19,0.2,0.3,0.5,0.001,1
