,L2,L2_true,N,std,jump,jump_prob,ve,dim
0,5.326452910740646,4.058144429406293,163,0.01,0.3,0.5,0.01,3
