,L2,L2_true,N,std,jump,jump_prob,ve,dim
0,2.3890520350327344,2.3899119340755335,26,0.2,0.3,0.5,0.001,1
