,L2,L2_true,N,std,jump,jump_prob,ve,dim
0,3.6150002983373524,0.7448701371449531,1,0.01,0.3,0.5,0.01,1
