,L2,L2_true,N,std,jump,jump_prob,ve,dim
0,4.8269147544427655,3.3147698983664804,22,0.01,0.3,0.5,0.01,3
