,L2,L2_true,N,std,jump,jump_prob,ve,dim
0,0.22484883129799893,0.22532450810845586,3162,0.2,0.3,0.5,0.001,1
