,L2,L2_true,N,std,jump,jump_prob,ve,dim
0,3.4110940763139603,0.1534625180434719,372,0.01,0.3,0.5,0.01,1
