,L2,L2_true,N,std,jump,jump_prob,ve,dim
0,3.42867238262078,0.359833005606766,1637,0.01,0.3,0.5,0.01,2
