,L2,L2_true,N,std,jump,jump_prob,ve,dim
0,3.4185741641927025,0.052736538748848226,2275,0.01,0.3,0.5,0.01,1
