,L2,L2_true,N,std,jump,jump_prob,ve,dim
0,3.7039880075634,1.9758141171635617,2,0.01,0.3,0.5,0.001,2
