,L2,L2_true,N,std,jump,jump_prob,ve,dim
0,5.949343886793836,5.328897021225471,1000,0.01,0.3,0.5,0.001,2
