,L2,L2_true,N,std,jump,jump_prob,ve,dim
0,0.4148688748657162,0.34500601078663884,848,0.05,0.3,0.5,0.001,1
