,L2,L2_true,N,std,jump,jump_prob,ve,dim
0,24.042795111043826,23.88177084245824,3000,0.01,0.3,0.5,0.001,3
