,L2,L2_true,N,std,jump,jump_prob,ve,dim
0,0.50396605697379,0.5045060251968057,517,0.2,0.3,0.5,0.001,1
