,L2,L2_true,N,std,jump,jump_prob,ve,dim
0,8.975301853741021,8.339163961915895,100,0.01,0.3,0.5,0.0025,3
