,L2,L2_true,N,std,jump,jump_prob,ve,dim
0,6.217525789656576,5.388575398277392,37,0.01,0.3,0.5,0.001,2
