,L2,L2_true,N,std,jump,jump_prob,ve,dim
0,3.630276804600596,0.7446115582261574,1,0.01,0.3,0.5,0.01,1
