,L2,L2_true,N,std,jump,jump_prob,ve,dim
0,8.44140318176707,7.918994604972082,193,0.01,0.3,0.5,0.001,2
