,L2,L2_true,N,std,jump,jump_prob,ve,dim
0,5.249666110507829,3.911109067573047,43,0.01,0.3,0.5,0.01,3
