,L2,L2_true,N,std,jump,jump_prob,ve,dim
0,5.431455497784634,4.185751316562398,138,0.01,0.3,0.5,0.01,3
