,L2,L2_true,N,std,jump,jump_prob,ve,dim
0,8.561248733371787,8.093746548745493,372,0.01,0.3,0.5,0.001,2
