,L2,L2_true,N,std,jump,jump_prob,ve,dim
0,4.131936892590549,2.9351250933992565,26,0.01,0.3,0.5,0.001,1
