,L2,L2_true,N,std,jump,jump_prob,ve,dim
0,3.7432059183475945,2.0743010547486453,3,0.01,0.3,0.5,0.001,1
