,L2,L2_true,N,std,jump,jump_prob,ve,dim
0,3.423382538960242,0.17129745569750587,163,0.01,0.3,0.5,0.01,1
