,L2,L2_true,N,std,jump,jump_prob,ve,dim
0,4.334429585884665,2.5903983866018923,31,0.01,0.3,0.5,0.01,2
