,L2,L2_true,N,std,jump,jump_prob,ve,dim
0,0.2944163638747584,0.18052005949166453,2682,0.05,0.3,0.5,0.001,1
