,L2,L2_true,N,std,jump,jump_prob,ve,dim
0,3.67461109223422,2.165122308793197,13,0.01,0.3,0.5,0.001,1
