,L2,L2_true,N,std,jump,jump_prob,ve,dim
0,1.9692227495319405,1.8730338644484752,5,0.05,0.3,0.5,0.001,1
