,L2,L2_true,N,std,jump,jump_prob,ve,dim
0,7.007037362069705,6.290490335752974,51,0.01,0.3,0.5,0.001,2
