,L2,L2_true,N,std,jump,jump_prob,ve,dim
0,5.6506956665788435,4.9822075288819265,1178,0.01,0.3,0.5,0.001,2
