,L2,L2_true,N,std,jump,jump_prob,ve,dim
0,3.344218220003669,1.4042904337863182,2000,0.01,0.3,0.5,0.0025,2
