,L2,L2_true,N,std,jump,jump_prob,ve,dim
0,0.44240417267507237,0.4418092883261938,719,0.2,0.3,0.5,0.001,1
