,L2,L2_true,N,std,jump,jump_prob,ve,dim
0,8.55353871483967,8.03284771118156,163,0.01,0.3,0.5,0.001,2
