,L2,L2_true,N,std,jump,jump_prob,ve,dim
0,4.058005589315065,2.6806172760467484,11,0.01,0.3,0.5,0.001,1
