,L2,L2_true,N,std,jump,jump_prob,ve,dim
0,3.4021206500970624,0.1412577234326253,372,0.01,0.3,0.5,0.01,1
