,L2,L2_true,N,std,jump,jump_prob,ve,dim
0,5.79856382051626,4.784499199212181,51,0.01,0.3,0.5,0.0025,2
