,L2,L2_true,N,std,jump,jump_prob,ve,dim
0,3.7246219071653526,1.6143210496146643,2,0.01,0.3,0.5,0.0025,3
