,L2,L2_true,N,std,jump,jump_prob,ve,dim
0,3.052354783153553,0.31687650359146213,372,0.01,0.3,0.5,0.0025,1
