,L2,L2_true,N,std,jump,jump_prob,ve,dim
0,3.167447062862205,0.9218512867929984,71,0.01,0.3,0.5,0.0025,1
