,L2,L2_true,N,std,jump,jump_prob,ve,dim
0,4.847488825917167,3.8107188012451587,16,0.01,0.3,0.5,0.001,1
