,L2,L2_true,N,std,jump,jump_prob,ve,dim
0,3.337485876903806,1.3792665499632062,2000,0.01,0.3,0.5,0.0025,2
