,L2,L2_true,N,std,jump,jump_prob,ve,dim
0,3.449642112137582,0.48145805956937254,1000,0.01,0.3,0.5,0.01,2
