,L2,L2_true,N,std,jump,jump_prob,ve,dim
0,2.6220798000902996,0.1765689762634316,1637,0.01,0.3,0.5,0.001,1
