,L2,L2_true,N,std,jump,jump_prob,ve,dim
0,5.222003921915309,4.007300103767078,19,0.01,0.3,0.5,0.0025,3
