,L2,L2_true,N,std,jump,jump_prob,ve,dim
0,2.978724052668482,2.978262894064278,19,0.2,0.3,0.5,0.001,1
