,L2,L2_true,N,std,jump,jump_prob,ve,dim
0,6.419357002380702,5.578959857282218,100,0.01,0.3,0.5,0.0025,2
