,L2,L2_true,N,std,jump,jump_prob,ve,dim
0,4.816795221483615,3.4500031790888883,13,0.01,0.3,0.5,0.0025,3
