,L2,L2_true,N,std,jump,jump_prob,ve,dim
0,3.434175731596377,0.42390190262150407,1178,0.01,0.3,0.5,0.01,2
