,L2,L2_true,N,std,jump,jump_prob,ve,dim
0,2.073999883810027,2.0396684966572076,26,0.05,0.3,0.5,0.001,1
