,L2,L2_true,N,std,jump,jump_prob,ve,dim
0,2.9274296455743904,2.926290813895968,16,0.2,0.3,0.5,0.001,1
