,L2,L2_true,N,std,jump,jump_prob,ve,dim
0,3.761902275677806,2.2093788664468303,848,0.01,0.3,0.5,0.0025,2
