,L2,L2_true,N,std,jump,jump_prob,ve,dim
0,0.7859685356681326,0.7526741593073395,268,0.05,0.3,0.5,0.001,1
