,L2,L2_true,N,std,jump,jump_prob,ve,dim
0,0.5600325462578711,0.5601068556100961,517,0.2,0.3,0.5,0.001,1
