,L2,L2_true,N,std,jump,jump_prob,ve,dim
0,1.4151856077425176,1.253170991823184,2,0.05,0.3,0.5,0.001,1
