,L2,L2_true,N,std,jump,jump_prob,ve,dim
0,8.102843788316253,7.524581711281314,100,0.01,0.3,0.5,0.001,2
