,L2,L2_true,N,std,jump,jump_prob,ve,dim
0,5.065707545436029,4.023012176199035,316,0.01,0.3,0.5,0.0025,2
