,L2,L2_true,N,std,jump,jump_prob,ve,dim
0,4.354781801779192,2.580738710969036,11,0.01,0.3,0.5,0.01,3
