,L2,L2_true,N,std,jump,jump_prob,ve,dim
0,0.9259198011891193,0.9257539554317654,193,0.2,0.3,0.5,0.001,1
