,L2,L2_true,N,std,jump,jump_prob,ve,dim
0,3.6273859652010745,0.7448513882302241,1,0.01,0.3,0.5,0.01,3
