,L2,L2_true,N,std,jump,jump_prob,ve,dim
0,3.6247212271597564,1.1909980042981207,163,0.01,0.3,0.5,0.01,2
