,L2,L2_true,N,std,jump,jump_prob,ve,dim
0,2.358188567568725,2.3578636575479925,16,0.2,0.3,0.5,0.001,1
