,L2,L2_true,N,std,jump,jump_prob,ve,dim
0,3.041654823534241,0.09772900694036124,2682,0.01,0.3,0.5,0.0025,1
