,L2,L2_true,N,std,jump,jump_prob,ve,dim
0,3.051093668908804,0.3896153727636753,193,0.01,0.3,0.5,0.0025,1
