,L2,L2_true,N,std,jump,jump_prob,ve,dim
0,3.8303422036699324,1.4923332076568836,4,0.01,0.3,0.5,0.01,2
