,L2,L2_true,N,std,jump,jump_prob,ve,dim
0,4.188226466299401,2.2888263712252237,19,0.01,0.3,0.5,0.01,2
