,L2,L2_true,N,std,jump,jump_prob,ve,dim
0,0.4707034506012246,0.47128052437790835,610,0.2,0.3,0.5,0.001,1
