,L2,L2_true,N,std,jump,jump_prob,ve,dim
0,2.1400016242906403,2.1387240859622287,8,0.2,0.3,0.5,0.001,1
