,L2,L2_true,N,std,jump,jump_prob,ve,dim
0,6.534308646574267,5.7564087516885944,43,0.01,0.3,0.5,0.001,2
