,L2,L2_true,N,std,jump,jump_prob,ve,dim
0,4.028679548196663,2.2210491994027945,5,0.01,0.3,0.5,0.0025,2
