,L2,L2_true,N,std,jump,jump_prob,ve,dim
0,10.1773552122898,9.630044313297129,163,0.01,0.3,0.5,0.0025,3
