,L2,L2_true,N,std,jump,jump_prob,ve,dim
0,3.910837704318162,2.3752029183273584,6,0.01,0.3,0.5,0.001,1
