,L2,L2_true,N,std,jump,jump_prob,ve,dim
0,3.6125533448799017,0.7453773406172169,1,0.01,0.3,0.5,0.01,2
