,L2,L2_true,N,std,jump,jump_prob,ve,dim
0,3.873880588921373,2.43151787882747,10,0.01,0.3,0.5,0.001,1
