,L2,L2_true,N,std,jump,jump_prob,ve,dim
0,5.511539300951514,4.276198775464092,117,0.01,0.3,0.5,0.01,3
