,L2,L2_true,N,std,jump,jump_prob,ve,dim
0,3.5886170325483424,0.7539742940338314,2,0.01,0.3,0.5,0.01,1
