,L2,L2_true,N,std,jump,jump_prob,ve,dim
0,0.2463050952872089,0.24590382113970277,2275,0.2,0.3,0.5,0.001,1
