,L2,L2_true,N,std,jump,jump_prob,ve,dim
0,2.08718965246836,2.088716477797834,7,0.2,0.3,0.5,0.001,1
