,L2,L2_true,N,std,jump,jump_prob,ve,dim
0,3.744118781298714,1.32804468772975,10,0.01,0.3,0.5,0.01,1
