,L2,L2_true,N,std,jump,jump_prob,ve,dim
0,3.8381090020851465,2.224209104400511,3,0.01,0.3,0.5,0.001,3
