,L2,L2_true,N,std,jump,jump_prob,ve,dim
0,4.62034431613837,3.4085896400911984,11,0.01,0.3,0.5,0.001,2
