,L2,L2_true,N,std,jump,jump_prob,ve,dim
0,3.968578865093139,2.9794451785838887,3000,0.01,0.3,0.5,0.001,2
