,L2,L2_true,N,std,jump,jump_prob,ve,dim
0,4.456271009237775,3.2348151686099267,439,0.01,0.3,0.5,0.0025,2
