,L2,L2_true,N,std,jump,jump_prob,ve,dim
0,2.733395365660603,2.731841373261807,11,0.2,0.3,0.5,0.001,1
