,L2,L2_true,N,std,jump,jump_prob,ve,dim
0,0.7578792797576623,0.75772649350357,268,0.2,0.3,0.5,0.001,1
