,L2,L2_true,N,std,jump,jump_prob,ve,dim
0,8.808819600949183,8.323944264472683,227,0.01,0.3,0.5,0.001,2
