,L2,L2_true,N,std,jump,jump_prob,ve,dim
0,2.360640530010951,2.3590456382192495,8,0.2,0.3,0.5,0.001,1
