,L2,L2_true,N,std,jump,jump_prob,ve,dim
0,0.33691336083592244,0.22219761005130179,2275,0.05,0.3,0.5,0.001,1
