,L2,L2_true,N,std,jump,jump_prob,ve,dim
0,3.6033999974459525,0.7442123150571853,1,0.01,0.3,0.5,0.01,1
