,L2,L2_true,N,std,jump,jump_prob,ve,dim
0,5.322766042862852,4.043838031020346,138,0.01,0.3,0.5,0.01,3
