,L2,L2_true,N,std,jump,jump_prob,ve,dim
0,4.018940173334685,1.9109884426361756,6,0.01,0.3,0.5,0.01,2
