,L2,L2_true,N,std,jump,jump_prob,ve,dim
0,3.9001271998775935,1.8643070176578453,1178,0.01,0.3,0.5,0.01,3
