,L2,L2_true,N,std,jump,jump_prob,ve,dim
0,10.591926409792368,10.063992399537907,193,0.01,0.3,0.5,0.0025,3
