,L2,L2_true,N,std,jump,jump_prob,ve,dim
0,3.4400665597909725,0.19510339334903842,193,0.01,0.3,0.5,0.01,1
