,L2,L2_true,N,std,jump,jump_prob,ve,dim
0,3.469406412372641,0.6987998786837019,31,0.01,0.3,0.5,0.01,1
