,L2,L2_true,N,std,jump,jump_prob,ve,dim
0,1.8735612286576484,1.8738384270832718,6,0.2,0.3,0.5,0.001,1
