,L2,L2_true,N,std,jump,jump_prob,ve,dim
0,4.557182533235369,2.8957514308550016,16,0.01,0.3,0.5,0.01,3
