,L2,L2_true,N,std,jump,jump_prob,ve,dim
0,0.62726703661745,0.6275584017149137,316,0.2,0.3,0.5,0.001,1
