,L2,L2_true,N,std,jump,jump_prob,ve,dim
0,3.8475263178278043,1.9036437614108563,8,0.01,0.3,0.5,0.0025,1
