,L2,L2_true,N,std,jump,jump_prob,ve,dim
0,4.417959989556205,2.7823406617865833,517,0.01,0.3,0.5,0.01,3
