,L2,L2_true,N,std,jump,jump_prob,ve,dim
0,3.4358943119422047,0.37598489790997347,43,0.01,0.3,0.5,0.01,1
