,L2,L2_true,N,std,jump,jump_prob,ve,dim
0,4.405172453119908,2.839586626287926,8,0.01,0.3,0.5,0.0025,3
