,L2,L2_true,N,std,jump,jump_prob,ve,dim
0,4.886447213432538,3.7620726545989207,13,0.01,0.3,0.5,0.001,2
