,L2,L2_true,N,std,jump,jump_prob,ve,dim
0,3.804482935430188,1.5388316938458442,7,0.01,0.3,0.5,0.01,1
