,L2,L2_true,N,std,jump,jump_prob,ve,dim
0,3.489352220954915,0.6909962117639459,517,0.01,0.3,0.5,0.01,2
