,L2,L2_true,N,std,jump,jump_prob,ve,dim
0,3.0641361833177356,0.4457053622361692,163,0.01,0.3,0.5,0.0025,1
