,L2,L2_true,N,std,jump,jump_prob,ve,dim
0,4.0563894921059385,2.624335710353979,7,0.01,0.3,0.5,0.001,1
