,L2,L2_true,N,std,jump,jump_prob,ve,dim
0,5.36187833038585,4.0753716300266944,100,0.01,0.3,0.5,0.01,3
