,L2,L2_true,N,std,jump,jump_prob,ve,dim
0,0.25828939448296073,0.2591626478979907,1930,0.2,0.3,0.5,0.001,1
