,L2,L2_true,N,std,jump,jump_prob,ve,dim
0,19.16264034462137,18.918929986145994,610,0.01,0.3,0.5,0.001,3
