,L2,L2_true,N,std,jump,jump_prob,ve,dim
0,1.5539314382034957,1.5514700485312434,7,0.2,0.3,0.5,0.001,1
