,L2,L2_true,N,std,jump,jump_prob,ve,dim
0,3.2474775471953947,3.248509425953433,22,0.2,0.3,0.5,0.001,1
