,L2,L2_true,N,std,jump,jump_prob,ve,dim
0,3.03428979367323,0.10035151802842669,2275,0.01,0.3,0.5,0.0025,1
