,L2,L2_true,N,std,jump,jump_prob,ve,dim
0,2.854677474135149,1.191900797454792,100,0.01,0.3,0.5,0.001,1
