,L2,L2_true,N,std,jump,jump_prob,ve,dim
0,12.730860591520566,12.324217569779771,517,0.01,0.3,0.5,0.0025,3
