,L2,L2_true,N,std,jump,jump_prob,ve,dim
0,3.814066076208356,1.6984670480922939,1389,0.01,0.3,0.5,0.01,3
