,L2,L2_true,N,std,jump,jump_prob,ve,dim
0,1.9619579782116856,1.9618515691686338,43,0.2,0.3,0.5,0.001,1
