,L2,L2_true,N,std,jump,jump_prob,ve,dim
0,0.613104310127193,0.6133210226673892,372,0.2,0.3,0.5,0.001,1
