,L2,L2_true,N,std,jump,jump_prob,ve,dim
0,5.6341280003185155,4.694912054415221,26,0.01,0.3,0.5,0.001,2
