,L2,L2_true,N,std,jump,jump_prob,ve,dim
0,4.182357387697127,2.3484449268006027,37,0.01,0.3,0.5,0.01,2
