,L2,L2_true,N,std,jump,jump_prob,ve,dim
0,5.049223490750884,4.011675846671723,268,0.01,0.3,0.5,0.0025,2
