,L2,L2_true,N,std,jump,jump_prob,ve,dim
0,2.247309394136431,2.2490542790146186,16,0.05,0.3,0.5,0.001,1
