,L2,L2_true,N,std,jump,jump_prob,ve,dim
0,3.4591979790707628,1.640743905831772,43,0.01,0.3,0.5,0.0025,1
