,L2,L2_true,N,std,jump,jump_prob,ve,dim
0,3.6410223121697953,1.8789759792685552,2,0.01,0.3,0.5,0.001,1
