,L2,L2_true,N,std,jump,jump_prob,ve,dim
0,2.7047715194620428,2.7054999040674614,13,0.2,0.3,0.5,0.001,1
