,L2,L2_true,N,std,jump,jump_prob,ve,dim
0,0.23883420877274952,0.2387045014621398,2275,0.2,0.3,0.5,0.001,1
