,L2,L2_true,N,std,jump,jump_prob,ve,dim
0,0.38024828679719497,0.28993102403014326,1389,0.05,0.3,0.5,0.001,1
