,L2,L2_true,N,std,jump,jump_prob,ve,dim
0,2.828765239981532,1.159268342271501,117,0.01,0.3,0.5,0.001,1
