,L2,L2_true,N,std,jump,jump_prob,ve,dim
0,4.012708632352601,2.0801802992033007,84,0.01,0.3,0.5,0.01,2
