,L2,L2_true,N,std,jump,jump_prob,ve,dim
0,3.6351515260661076,1.2218937934697442,138,0.01,0.3,0.5,0.01,2
