,L2,L2_true,N,std,jump,jump_prob,ve,dim
0,3.0433119899158383,0.33111059635801227,316,0.01,0.3,0.5,0.0025,1
