,L2,L2_true,N,std,jump,jump_prob,ve,dim
0,4.566595530483102,3.0029818377652933,439,0.01,0.3,0.5,0.01,3
