,L2,L2_true,N,std,jump,jump_prob,ve,dim
0,5.535973423680501,4.292840395880458,71,0.01,0.3,0.5,0.01,3
