,L2,L2_true,N,std,jump,jump_prob,ve,dim
0,1.4420034781271556,1.4413473437202786,84,0.2,0.3,0.5,0.001,1
