,L2,L2_true,N,std,jump,jump_prob,ve,dim
0,3.4313092037559305,0.30815171944204645,2275,0.01,0.3,0.5,0.01,2
