,L2,L2_true,N,std,jump,jump_prob,ve,dim
0,4.14175228720411,2.1635591339403657,7,0.01,0.3,0.5,0.01,3
