,L2,L2_true,N,std,jump,jump_prob,ve,dim
0,5.373429729544804,4.067102544751001,37,0.01,0.3,0.5,0.01,3
