,L2,L2_true,N,std,jump,jump_prob,ve,dim
0,5.065745276349919,3.8137223142939876,22,0.01,0.3,0.5,0.0025,2
