,L2,L2_true,N,std,jump,jump_prob,ve,dim
0,9.250342011338608,8.633079997704371,117,0.01,0.3,0.5,0.0025,3
