,L2,L2_true,N,std,jump,jump_prob,ve,dim
0,12.259506609152675,11.815623831312218,372,0.01,0.3,0.5,0.0025,3
