,L2,L2_true,N,std,jump,jump_prob,ve,dim
0,1.4112067192602393,1.249334341116215,2,0.05,0.3,0.5,0.001,1
