,L2,L2_true,N,std,jump,jump_prob,ve,dim
0,2.630533472804673,0.24627846493689634,848,0.01,0.3,0.5,0.001,1
