,L2,L2_true,N,std,jump,jump_prob,ve,dim
0,0.34954486206066726,0.26511168288028997,1637,0.05,0.3,0.5,0.001,1
