,L2,L2_true,N,std,jump,jump_prob,ve,dim
0,6.162824792825883,5.241092548890442,71,0.01,0.3,0.5,0.0025,2
