,L2,L2_true,N,std,jump,jump_prob,ve,dim
0,24.85654660748377,24.68843756520874,3000,0.01,0.3,0.5,0.001,3
