,L2,L2_true,N,std,jump,jump_prob,ve,dim
0,3.035992123783465,0.22015738400713142,439,0.01,0.3,0.5,0.0025,1
