,L2,L2_true,N,std,jump,jump_prob,ve,dim
0,7.012470879595778,6.1561904751204395,51,0.01,0.3,0.5,0.0025,3
