,L2,L2_true,N,std,jump,jump_prob,ve,dim
0,7.597808270620259,6.969188768426983,84,0.01,0.3,0.5,0.001,2
