,L2,L2_true,N,std,jump,jump_prob,ve,dim
0,3.548497816424985,0.7444401540834653,10,0.01,0.3,0.5,0.01,1
