,L2,L2_true,N,std,jump,jump_prob,ve,dim
0,12.400622505613923,11.99388754523615,1000,0.01,0.3,0.5,0.0025,3
