,L2,L2_true,N,std,jump,jump_prob,ve,dim
0,12.560052446478107,12.153021455946169,1000,0.01,0.3,0.5,0.0025,3
