,L2,L2_true,N,std,jump,jump_prob,ve,dim
0,3.4845603251515422,0.5932278463313511,19,0.01,0.3,0.5,0.01,1
