,L2,L2_true,N,std,jump,jump_prob,ve,dim
0,4.575299954333671,3.7372769807015964,2000,0.01,0.3,0.5,0.001,2
