,L2,L2_true,N,std,jump,jump_prob,ve,dim
0,8.141551208579372,7.658799362317748,372,0.01,0.3,0.5,0.001,2
