,L2,L2_true,N,std,jump,jump_prob,ve,dim
0,0.31051091842378514,0.23019542560350967,1930,0.05,0.3,0.5,0.001,1
