,L2,L2_true,N,std,jump,jump_prob,ve,dim
0,0.29007866516425973,0.17419897980132915,3162,0.05,0.3,0.5,0.001,1
