,L2,L2_true,N,std,jump,jump_prob,ve,dim
0,3.4320279437104437,0.3951113772265872,61,0.01,0.3,0.5,0.01,1
