,L2,L2_true,N,std,jump,jump_prob,ve,dim
0,3.4303499186847093,0.33131467352008,1930,0.01,0.3,0.5,0.01,2
