,L2,L2_true,N,std,jump,jump_prob,ve,dim
0,1.762310582344475,1.7611674485572142,6,0.2,0.3,0.5,0.001,1
