,L2,L2_true,N,std,jump,jump_prob,ve,dim
0,2.643284247564429,0.3907923113360772,517,0.01,0.3,0.5,0.001,1
