,L2,L2_true,N,std,jump,jump_prob,ve,dim
0,3.633109057531916,1.329403200243472,1,0.01,0.3,0.5,0.0025,1
