,L2,L2_true,N,std,jump,jump_prob,ve,dim
0,2.2526886212093613,2.252752154028781,26,0.2,0.3,0.5,0.001,1
