,L2,L2_true,N,std,jump,jump_prob,ve,dim
0,2.192821634353716,2.1052939932881976,6,0.05,0.3,0.5,0.001,1
