,L2,L2_true,N,std,jump,jump_prob,ve,dim
0,2.124179288584731,2.124360964394274,19,0.2,0.3,0.5,0.001,1
