,L2,L2_true,N,std,jump,jump_prob,ve,dim
0,0.5209494961514529,0.5209915239040086,439,0.2,0.3,0.5,0.001,1
