,L2,L2_true,N,std,jump,jump_prob,ve,dim
0,2.7701729244728033,0.8962326586016138,100,0.01,0.3,0.5,0.001,1
