,L2,L2_true,N,std,jump,jump_prob,ve,dim
0,0.8955519416899971,0.8763271279998205,193,0.05,0.3,0.5,0.001,1
