,L2,L2_true,N,std,jump,jump_prob,ve,dim
0,0.27006668841831477,0.26998355500444543,1930,0.2,0.3,0.5,0.001,1
