,L2,L2_true,N,std,jump,jump_prob,ve,dim
0,8.287076674474244,7.727900041326899,138,0.01,0.3,0.5,0.001,2
