,L2,L2_true,N,std,jump,jump_prob,ve,dim
0,9.362324288725713,8.759428285412156,117,0.01,0.3,0.5,0.0025,3
