,L2,L2_true,N,std,jump,jump_prob,ve,dim
0,4.1191963299205065,2.5394987221859453,10,0.01,0.3,0.5,0.0025,1
