,L2,L2_true,N,std,jump,jump_prob,ve,dim
0,3.4952521025141747,0.745467493732176,372,0.01,0.3,0.5,0.01,2
