,L2,L2_true,N,std,jump,jump_prob,ve,dim
0,3.9999551642861495,1.877501669581826,5,0.01,0.3,0.5,0.01,3
