,L2,L2_true,N,std,jump,jump_prob,ve,dim
0,1.9814748662325592,1.9807152957361691,8,0.2,0.3,0.5,0.001,1
