,L2,L2_true,N,std,jump,jump_prob,ve,dim
0,4.319337330588764,2.612671260138722,37,0.01,0.3,0.5,0.01,2
