,L2,L2_true,N,std,jump,jump_prob,ve,dim
0,2.1579119152722184,2.1583098360694306,43,0.2,0.3,0.5,0.001,1
