,L2,L2_true,N,std,jump,jump_prob,ve,dim
0,2.78870161374079,2.788246408278069,19,0.2,0.3,0.5,0.001,1
