,L2,L2_true,N,std,jump,jump_prob,ve,dim
0,5.3366817562416395,4.021071819233876,51,0.01,0.3,0.5,0.01,3
