,L2,L2_true,N,std,jump,jump_prob,ve,dim
0,3.4279398998531048,0.20959523531362192,84,0.01,0.3,0.5,0.01,1
