,L2,L2_true,N,std,jump,jump_prob,ve,dim
0,7.283335469683697,6.752076643457512,610,0.01,0.3,0.5,0.001,2
