,L2,L2_true,N,std,jump,jump_prob,ve,dim
0,4.75877143231958,3.5799014382869303,13,0.01,0.3,0.5,0.001,2
