,L2,L2_true,N,std,jump,jump_prob,ve,dim
0,2.637410375857052,2.5661896369146744,8,0.05,0.3,0.5,0.001,1
