,L2,L2_true,N,std,jump,jump_prob,ve,dim
0,4.5300532512739835,3.6980428994926235,2000,0.01,0.3,0.5,0.001,2
