,L2,L2_true,N,std,jump,jump_prob,ve,dim
0,0.5197770204337632,0.47578195047258953,517,0.05,0.3,0.5,0.001,1
