,L2,L2_true,N,std,jump,jump_prob,ve,dim
0,3.5135833838541886,0.8192071400583535,43,0.01,0.3,0.5,0.01,1
