,L2,L2_true,N,std,jump,jump_prob,ve,dim
0,0.24005729451796637,0.24013942753271428,2275,0.2,0.3,0.5,0.001,1
