,L2,L2_true,N,std,jump,jump_prob,ve,dim
0,3.049402810572419,0.42845921934262443,316,0.01,0.3,0.5,0.0025,1
