,L2,L2_true,N,std,jump,jump_prob,ve,dim
0,3.439229383965825,0.42586591491802683,1178,0.01,0.3,0.5,0.01,2
