,L2,L2_true,N,std,jump,jump_prob,ve,dim
0,1.4088067326574834,1.2461509413808682,2,0.05,0.3,0.5,0.001,1
