,L2,L2_true,N,std,jump,jump_prob,ve,dim
0,4.278766864803832,2.4512215834901623,11,0.01,0.3,0.5,0.01,2
