,L2,L2_true,N,std,jump,jump_prob,ve,dim
0,4.26716617208019,2.43801714697095,22,0.01,0.3,0.5,0.01,2
