,L2,L2_true,N,std,jump,jump_prob,ve,dim
0,3.711834129130202,1.9999045388987167,3,0.01,0.3,0.5,0.001,1
