,L2,L2_true,N,std,jump,jump_prob,ve,dim
0,2.6158625317671,0.2682762774725117,1178,0.01,0.3,0.5,0.001,1
