,L2,L2_true,N,std,jump,jump_prob,ve,dim
0,5.440407462470212,4.446984756590335,22,0.01,0.3,0.5,0.001,2
