,L2,L2_true,N,std,jump,jump_prob,ve,dim
0,5.5347675198206066,4.441627880429259,37,0.01,0.3,0.5,0.0025,2
