,L2,L2_true,N,std,jump,jump_prob,ve,dim
0,4.23730086934484,2.33264688050519,8,0.01,0.3,0.5,0.01,3
