,L2,L2_true,N,std,jump,jump_prob,ve,dim
0,3.444018998569756,0.30443022395142816,1930,0.01,0.3,0.5,0.01,2
