,L2,L2_true,N,std,jump,jump_prob,ve,dim
0,3.627305801503815,1.3298608764567137,1,0.01,0.3,0.5,0.0025,1
