,L2,L2_true,N,std,jump,jump_prob,ve,dim
0,4.331954255041192,2.7377003123695784,8,0.01,0.3,0.5,0.0025,3
