,L2,L2_true,N,std,jump,jump_prob,ve,dim
0,2.6375290813165524,0.31095392251299053,1000,0.01,0.3,0.5,0.001,1
