,L2,L2_true,N,std,jump,jump_prob,ve,dim
0,3.647384335662618,1.871862289871254,2,0.01,0.3,0.5,0.001,1
