,L2,L2_true,N,std,jump,jump_prob,ve,dim
0,1.70255107179332,1.7002971311444048,4,0.2,0.3,0.5,0.001,1
