,L2,L2_true,N,std,jump,jump_prob,ve,dim
0,4.1204484228719265,2.1360303840658474,8,0.01,0.3,0.5,0.01,2
