,L2,L2_true,N,std,jump,jump_prob,ve,dim
0,4.4621294607345385,3.238306613421195,439,0.01,0.3,0.5,0.0025,2
