,L2,L2_true,N,std,jump,jump_prob,ve,dim
0,0.34242946039106087,0.3426206041150659,1178,0.2,0.3,0.5,0.001,1
