,L2,L2_true,N,std,jump,jump_prob,ve,dim
0,5.785407141075045,4.795848379820758,61,0.01,0.3,0.5,0.0025,2
