,L2,L2_true,N,std,jump,jump_prob,ve,dim
0,4.764921217984047,3.635476043827012,316,0.01,0.3,0.5,0.0025,2
