,L2,L2_true,N,std,jump,jump_prob,ve,dim
0,2.3205538599542073,2.3221176970465605,7,0.2,0.3,0.5,0.001,1
