,L2,L2_true,N,std,jump,jump_prob,ve,dim
0,5.730657593723625,4.806114957455695,26,0.01,0.3,0.5,0.001,2
