,L2,L2_true,N,std,jump,jump_prob,ve,dim
0,4.3270297558946655,2.5432175851060377,16,0.01,0.3,0.5,0.01,2
