,L2,L2_true,N,std,jump,jump_prob,ve,dim
0,3.648706922673616,1.4391013440536875,3,0.01,0.3,0.5,0.0025,1
