,L2,L2_true,N,std,jump,jump_prob,ve,dim
0,5.627102760381859,4.560823629618414,43,0.01,0.3,0.5,0.0025,2
