,L2,L2_true,N,std,jump,jump_prob,ve,dim
0,4.610995113051294,3.0753881291820946,439,0.01,0.3,0.5,0.01,3
