,L2,L2_true,N,std,jump,jump_prob,ve,dim
0,3.4221302482679987,0.12657892115626784,193,0.01,0.3,0.5,0.01,1
