,L2,L2_true,N,std,jump,jump_prob,ve,dim
0,1.0493952151387695,1.0496484922292237,138,0.2,0.3,0.5,0.001,1
