,L2,L2_true,N,std,jump,jump_prob,ve,dim
0,4.348653448003822,2.5450586050188653,10,0.01,0.3,0.5,0.01,3
