,L2,L2_true,N,std,jump,jump_prob,ve,dim
0,4.040508514698434,1.9627084131884136,6,0.01,0.3,0.5,0.01,3
