,L2,L2_true,N,std,jump,jump_prob,ve,dim
0,12.586429167072202,12.205135463081586,193,0.01,0.3,0.5,0.001,3
