,L2,L2_true,N,std,jump,jump_prob,ve,dim
0,6.061859365054294,5.193211216971862,163,0.01,0.3,0.5,0.0025,2
