,L2,L2_true,N,std,jump,jump_prob,ve,dim
0,1.0560696090761266,1.0221086586395187,117,0.05,0.3,0.5,0.001,1
