,L2,L2_true,N,std,jump,jump_prob,ve,dim
0,22.399383282216327,22.205906441468972,1178,0.01,0.3,0.5,0.001,3
