,L2,L2_true,N,std,jump,jump_prob,ve,dim
0,3.4073150653113142,0.09404863638761275,848,0.01,0.3,0.5,0.01,1
