,L2,L2_true,N,std,jump,jump_prob,ve,dim
0,2.477939732229436,2.4754579198969315,8,0.2,0.3,0.5,0.001,1
