,L2,L2_true,N,std,jump,jump_prob,ve,dim
0,6.067340297442625,5.187929129771706,117,0.01,0.3,0.5,0.0025,2
