,L2,L2_true,N,std,jump,jump_prob,ve,dim
0,8.25072418828282,7.709152330298081,163,0.01,0.3,0.5,0.001,2
