,L2,L2_true,N,std,jump,jump_prob,ve,dim
0,3.8871669420944563,1.8306500018889835,117,0.01,0.3,0.5,0.01,2
