,L2,L2_true,N,std,jump,jump_prob,ve,dim
0,3.4156135645434276,0.20314780944674052,138,0.01,0.3,0.5,0.01,1
