,L2,L2_true,N,std,jump,jump_prob,ve,dim
0,3.4566629869319807,0.46401939272014325,1000,0.01,0.3,0.5,0.01,2
