,L2,L2_true,N,std,jump,jump_prob,ve,dim
0,4.6990055670986655,3.216687931565824,372,0.01,0.3,0.5,0.01,3
