,L2,L2_true,N,std,jump,jump_prob,ve,dim
0,1.463169337692786,1.3176530590917932,2,0.05,0.3,0.5,0.001,1
