,L2,L2_true,N,std,jump,jump_prob,ve,dim
0,3.847078397909365,2.216757870214471,3,0.01,0.3,0.5,0.001,3
