,L2,L2_true,N,std,jump,jump_prob,ve,dim
0,2.708592006330546,2.708193450516731,10,0.2,0.3,0.5,0.001,1
