,L2,L2_true,N,std,jump,jump_prob,ve,dim
0,3.6123236476434,0.7443976893110203,1,0.01,0.3,0.5,0.01,1
