,L2,L2_true,N,std,jump,jump_prob,ve,dim
0,8.02745612241185,7.516128329864501,316,0.01,0.3,0.5,0.001,2
