,L2,L2_true,N,std,jump,jump_prob,ve,dim
0,3.2256466590914656,1.0531425025139796,31,0.01,0.3,0.5,0.0025,1
