,L2,L2_true,N,std,jump,jump_prob,ve,dim
0,3.422164112149648,0.22778237694389272,100,0.01,0.3,0.5,0.01,1
