,L2,L2_true,N,std,jump,jump_prob,ve,dim
0,2.185821953844486,2.1867913767107194,7,0.2,0.3,0.5,0.001,1
