,L2,L2_true,N,std,jump,jump_prob,ve,dim
0,6.821889823993661,5.930091019335287,43,0.01,0.3,0.5,0.0025,3
