,L2,L2_true,N,std,jump,jump_prob,ve,dim
0,8.64971609499788,8.128448304714828,163,0.01,0.3,0.5,0.001,2
