,L2,L2_true,N,std,jump,jump_prob,ve,dim
0,4.054484875376474,2.558784611634338,5,0.01,0.3,0.5,0.001,2
