,L2,L2_true,N,std,jump,jump_prob,ve,dim
0,4.176574494860614,2.46774673096027,6,0.01,0.3,0.5,0.0025,3
