,L2,L2_true,N,std,jump,jump_prob,ve,dim
0,3.806149940730193,2.503669884759101,19,0.01,0.3,0.5,0.001,1
