,L2,L2_true,N,std,jump,jump_prob,ve,dim
0,0.39023743685346846,0.3260242313078237,1000,0.05,0.3,0.5,0.001,1
