,L2,L2_true,N,std,jump,jump_prob,ve,dim
0,3.7738081228737146,1.5732480104846256,1637,0.01,0.3,0.5,0.01,3
