,L2,L2_true,N,std,jump,jump_prob,ve,dim
0,5.147050793719688,3.7593894258513747,37,0.01,0.3,0.5,0.01,3
