,L2,L2_true,N,std,jump,jump_prob,ve,dim
0,3.048021615063498,0.24893555759789376,372,0.01,0.3,0.5,0.0025,1
