,L2,L2_true,N,std,jump,jump_prob,ve,dim
0,3.9728915954921633,1.998962443370002,1000,0.01,0.3,0.5,0.01,3
