,L2,L2_true,N,std,jump,jump_prob,ve,dim
0,3.4101502573599025,0.06295978299037595,1389,0.01,0.3,0.5,0.01,1
