,L2,L2_true,N,std,jump,jump_prob,ve,dim
0,2.638207241344568,0.4243791973623301,439,0.01,0.3,0.5,0.001,1
