,L2,L2_true,N,std,jump,jump_prob,ve,dim
0,2.9749697711509695,1.4439550906082055,51,0.01,0.3,0.5,0.001,1
