,L2,L2_true,N,std,jump,jump_prob,ve,dim
0,1.1811409156841475,1.1765382000821458,2,0.2,0.3,0.5,0.001,1
