,L2,L2_true,N,std,jump,jump_prob,ve,dim
0,11.710054838773331,11.294837909804736,163,0.01,0.3,0.5,0.001,3
