,L2,L2_true,N,std,jump,jump_prob,ve,dim
0,2.169423481946969,2.1693367472458362,10,0.2,0.3,0.5,0.001,1
