,L2,L2_true,N,std,jump,jump_prob,ve,dim
0,5.474893866292253,4.212338729280373,51,0.01,0.3,0.5,0.01,3
