,L2,L2_true,N,std,jump,jump_prob,ve,dim
0,2.7954826554074628,2.755187307166463,13,0.05,0.3,0.5,0.001,1
