,L2,L2_true,N,std,jump,jump_prob,ve,dim
0,23.34645870223815,23.168154618817546,1389,0.01,0.3,0.5,0.001,3
