,L2,L2_true,N,std,jump,jump_prob,ve,dim
0,3.8090521290850714,2.1562910317764374,2,0.01,0.3,0.5,0.001,2
