,L2,L2_true,N,std,jump,jump_prob,ve,dim
0,2.106605361628573,2.0616267391521133,26,0.05,0.3,0.5,0.001,1
