,L2,L2_true,N,std,jump,jump_prob,ve,dim
0,2.7346155711960116,0.8446153580384157,117,0.01,0.3,0.5,0.001,1
