,L2,L2_true,N,std,jump,jump_prob,ve,dim
0,5.236074069239856,4.531157133810327,1389,0.01,0.3,0.5,0.001,2
