,L2,L2_true,N,std,jump,jump_prob,ve,dim
0,4.920035247837091,3.5909182913637867,16,0.01,0.3,0.5,0.0025,2
