,L2,L2_true,N,std,jump,jump_prob,ve,dim
0,5.315158254835149,4.287752553210056,19,0.01,0.3,0.5,0.001,2
