,L2,L2_true,N,std,jump,jump_prob,ve,dim
0,2.8994525937500066,2.916815439628995,31,0.05,0.3,0.5,0.001,1
