,L2,L2_true,N,std,jump,jump_prob,ve,dim
0,2.6094866821600227,0.16668302572860513,2682,0.01,0.3,0.5,0.001,1
