,L2,L2_true,N,std,jump,jump_prob,ve,dim
0,4.019709605064304,1.9305786896099941,7,0.01,0.3,0.5,0.01,2
