,L2,L2_true,N,std,jump,jump_prob,ve,dim
0,10.53756258268523,10.015715530899858,193,0.01,0.3,0.5,0.0025,3
