,L2,L2_true,N,std,jump,jump_prob,ve,dim
0,5.26185007971345,4.065616975481001,22,0.01,0.3,0.5,0.0025,2
