,L2,L2_true,N,std,jump,jump_prob,ve,dim
0,3.9383194934726165,2.1270891815611392,7,0.01,0.3,0.5,0.0025,1
