,L2,L2_true,N,std,jump,jump_prob,ve,dim
0,3.674715291231531,1.466667487309055,2,0.01,0.3,0.5,0.0025,1
