,L2,L2_true,N,std,jump,jump_prob,ve,dim
0,2.1025176725184647,2.1042570611045055,8,0.2,0.3,0.5,0.001,1
