,L2,L2_true,N,std,jump,jump_prob,ve,dim
0,3.462061608828668,0.5867084773747866,610,0.01,0.3,0.5,0.01,2
