,L2,L2_true,N,std,jump,jump_prob,ve,dim
0,3.006413871730024,1.4543610429673755,71,0.01,0.3,0.5,0.001,1
