,L2,L2_true,N,std,jump,jump_prob,ve,dim
0,4.527153102049798,3.0388571750585682,10,0.01,0.3,0.5,0.0025,2
