,L2,L2_true,N,std,jump,jump_prob,ve,dim
0,3.42159698616058,0.18426986852848481,117,0.01,0.3,0.5,0.01,1
