,L2,L2_true,N,std,jump,jump_prob,ve,dim
0,4.819481310384074,3.455596581730523,13,0.01,0.3,0.5,0.0025,3
