,L2,L2_true,N,std,jump,jump_prob,ve,dim
0,5.487864894239791,4.238461158653029,117,0.01,0.3,0.5,0.01,3
