,L2,L2_true,N,std,jump,jump_prob,ve,dim
0,4.572538278042329,3.0227508991762986,439,0.01,0.3,0.5,0.01,3
