,L2,L2_true,N,std,jump,jump_prob,ve,dim
0,3.858053866751971,1.9354305095229272,7,0.01,0.3,0.5,0.0025,1
