,L2,L2_true,N,std,jump,jump_prob,ve,dim
0,3.8539314425315028,2.239196149518241,2,0.01,0.3,0.5,0.001,1
