,L2,L2_true,N,std,jump,jump_prob,ve,dim
0,3.4899863663419133,0.7584641124775761,372,0.01,0.3,0.5,0.01,2
