,L2,L2_true,N,std,jump,jump_prob,ve,dim
0,5.315190817553108,4.610842749179347,1389,0.01,0.3,0.5,0.001,2
