,L2,L2_true,N,std,jump,jump_prob,ve,dim
0,4.230826705468476,3.095589570333696,22,0.01,0.3,0.5,0.001,1
