,L2,L2_true,N,std,jump,jump_prob,ve,dim
0,6.075304531528083,5.0694886735188645,31,0.01,0.3,0.5,0.0025,3
