,L2,L2_true,N,std,jump,jump_prob,ve,dim
0,7.890418147165626,7.388585104436414,439,0.01,0.3,0.5,0.001,2
