,L2,L2_true,N,std,jump,jump_prob,ve,dim
0,3.417110249334726,0.049918980846282456,1178,0.01,0.3,0.5,0.01,1
