,L2,L2_true,N,std,jump,jump_prob,ve,dim
0,3.4240365032718825,2.0146793162305907,43,0.01,0.3,0.5,0.001,1
