,L2,L2_true,N,std,jump,jump_prob,ve,dim
0,1.6452360264371217,1.5222508004914055,3,0.05,0.3,0.5,0.001,1
