,L2,L2_true,N,std,jump,jump_prob,ve,dim
0,5.740542790417315,5.098094054341698,1178,0.01,0.3,0.5,0.001,2
