,L2,L2_true,N,std,jump,jump_prob,ve,dim
0,5.571516876642697,4.4872253124813675,37,0.01,0.3,0.5,0.0025,2
