,L2,L2_true,N,std,jump,jump_prob,ve,dim
0,3.8893471322572704,1.87879858629652,1178,0.01,0.3,0.5,0.01,3
