,L2,L2_true,N,std,jump,jump_prob,ve,dim
0,1.891952234027156,1.7735497705544747,2,0.05,0.3,0.5,0.001,1
