,L2,L2_true,N,std,jump,jump_prob,ve,dim
0,2.1986730422489194,2.1062238645229376,6,0.05,0.3,0.5,0.001,1
