,L2,L2_true,N,std,jump,jump_prob,ve,dim
0,3.7023277362892357,1.413803188856101,2000,0.01,0.3,0.5,0.01,3
