,L2,L2_true,N,std,jump,jump_prob,ve,dim
0,3.3362315172018215,1.383591448145627,2000,0.01,0.3,0.5,0.0025,2
