,L2,L2_true,N,std,jump,jump_prob,ve,dim
0,3.031532830625147,0.12006407750676307,2275,0.01,0.3,0.5,0.0025,1
