,L2,L2_true,N,std,jump,jump_prob,ve,dim
0,3.4245909377479102,0.3434473233078057,1930,0.01,0.3,0.5,0.01,2
