,L2,L2_true,N,std,jump,jump_prob,ve,dim
0,1.4268223149933796,1.4266905233567966,100,0.2,0.3,0.5,0.001,1
