,L2,L2_true,N,std,jump,jump_prob,ve,dim
0,5.299891642168283,4.0212803643273585,163,0.01,0.3,0.5,0.01,3
