,L2,L2_true,N,std,jump,jump_prob,ve,dim
0,2.5052455688281854,2.4540462073420604,22,0.05,0.3,0.5,0.001,1
