,L2,L2_true,N,std,jump,jump_prob,ve,dim
0,6.772986018141958,6.0055813281189465,37,0.01,0.3,0.5,0.001,3
