,L2,L2_true,N,std,jump,jump_prob,ve,dim
0,4.718469974501759,3.533769717526039,11,0.01,0.3,0.5,0.001,3
