,L2,L2_true,N,std,jump,jump_prob,ve,dim
0,4.313860950380163,2.5098651411021873,16,0.01,0.3,0.5,0.01,2
