,L2,L2_true,N,std,jump,jump_prob,ve,dim
0,9.311440892811614,8.776160710036098,84,0.01,0.3,0.5,0.001,3
