,L2,L2_true,N,std,jump,jump_prob,ve,dim
0,3.4334176552811537,0.44837483607438444,1000,0.01,0.3,0.5,0.01,2
