,L2,L2_true,N,std,jump,jump_prob,ve,dim
0,4.921180994506344,3.812210632166967,16,0.01,0.3,0.5,0.001,2
