,L2,L2_true,N,std,jump,jump_prob,ve,dim
0,1.349012459547218,1.1778071106588015,1,0.05,0.3,0.5,0.001,1
