,L2,L2_true,N,std,jump,jump_prob,ve,dim
0,1.929274923611093,1.814973353537807,4,0.05,0.3,0.5,0.001,1
