,L2,L2_true,N,std,jump,jump_prob,ve,dim
0,3.832075824722537,2.4690752338756714,19,0.01,0.3,0.5,0.001,1
