,L2,L2_true,N,std,jump,jump_prob,ve,dim
0,4.077391985289081,2.2074715256534696,61,0.01,0.3,0.5,0.01,2
