,L2,L2_true,N,std,jump,jump_prob,ve,dim
0,3.120591424039803,0.743380021761508,71,0.01,0.3,0.5,0.0025,1
