,L2,L2_true,N,std,jump,jump_prob,ve,dim
0,2.259327607330696,2.2598531262504857,22,0.2,0.3,0.5,0.001,1
