,L2,L2_true,N,std,jump,jump_prob,ve,dim
0,3.6080313177138046,0.7444156039203174,1,0.01,0.3,0.5,0.01,1
