,L2,L2_true,N,std,jump,jump_prob,ve,dim
0,3.2650041610923535,1.1281634692547884,43,0.01,0.3,0.5,0.0025,1
