,L2,L2_true,N,std,jump,jump_prob,ve,dim
0,5.299630546788728,4.096853748956542,19,0.01,0.3,0.5,0.0025,3
