,L2,L2_true,N,std,jump,jump_prob,ve,dim
0,3.6447777042263487,1.3727021281458165,2,0.01,0.3,0.5,0.0025,1
