,L2,L2_true,N,std,jump,jump_prob,ve,dim
0,3.4971505485521486,0.6532869911437066,16,0.01,0.3,0.5,0.01,1
