,L2,L2_true,N,std,jump,jump_prob,ve,dim
0,2.415043304845682,2.3538193471615387,10,0.05,0.3,0.5,0.001,1
