,L2,L2_true,N,std,jump,jump_prob,ve,dim
0,4.705187696088167,3.303890664884196,13,0.01,0.3,0.5,0.0025,2
