,L2,L2_true,N,std,jump,jump_prob,ve,dim
0,5.0722867659468855,3.80039929851817,16,0.01,0.3,0.5,0.0025,3
