,L2,L2_true,N,std,jump,jump_prob,ve,dim
0,3.0422824541007873,0.15210147905644444,1000,0.01,0.3,0.5,0.0025,1
