,L2,L2_true,N,std,jump,jump_prob,ve,dim
0,5.727827169453922,4.688614178038472,43,0.01,0.3,0.5,0.0025,2
