,L2,L2_true,N,std,jump,jump_prob,ve,dim
0,3.415461614641367,0.20520535894743766,193,0.01,0.3,0.5,0.01,1
