,L2,L2_true,N,std,jump,jump_prob,ve,dim
0,3.442673182753333,0.4324303822005618,1178,0.01,0.3,0.5,0.01,2
