,L2,L2_true,N,std,jump,jump_prob,ve,dim
0,3.699596610131438,1.2374485644577935,7,0.01,0.3,0.5,0.01,1
