,L2,L2_true,N,std,jump,jump_prob,ve,dim
0,4.906712830699139,3.7765750878301314,13,0.01,0.3,0.5,0.001,3
