,L2,L2_true,N,std,jump,jump_prob,ve,dim
0,4.085867326364239,2.6202301218973063,5,0.01,0.3,0.5,0.001,3
