,L2,L2_true,N,std,jump,jump_prob,ve,dim
0,1.5730171848092138,1.4287149624279263,3,0.05,0.3,0.5,0.001,1
