,L2,L2_true,N,std,jump,jump_prob,ve,dim
0,4.3938766892224805,2.8290030321739232,8,0.01,0.3,0.5,0.0025,3
