,L2,L2_true,N,std,jump,jump_prob,ve,dim
0,1.1614025606005576,1.1571251335646837,2,0.2,0.3,0.5,0.001,1
