,L2,L2_true,N,std,jump,jump_prob,ve,dim
0,6.893317979751171,6.170426520852697,51,0.01,0.3,0.5,0.001,2
