,L2,L2_true,N,std,jump,jump_prob,ve,dim
0,3.063609659776607,1.5180918163159884,84,0.01,0.3,0.5,0.001,1
