,L2,L2_true,N,std,jump,jump_prob,ve,dim
0,4.429858243507038,3.202242381559561,439,0.01,0.3,0.5,0.0025,2
