,L2,L2_true,N,std,jump,jump_prob,ve,dim
0,5.578305278716965,4.362135125072865,117,0.01,0.3,0.5,0.01,3
