,L2,L2_true,N,std,jump,jump_prob,ve,dim
0,5.9046763921864045,4.968804915665285,117,0.01,0.3,0.5,0.0025,2
