,L2,L2_true,N,std,jump,jump_prob,ve,dim
0,3.4929197415911992,0.6741887940849142,13,0.01,0.3,0.5,0.01,1
