,L2,L2_true,N,std,jump,jump_prob,ve,dim
0,3.4487703360655297,0.4409849939503292,43,0.01,0.3,0.5,0.01,1
