,L2,L2_true,N,std,jump,jump_prob,ve,dim
0,1.3117305693739159,1.3139806817754216,4,0.2,0.3,0.5,0.001,1
