,L2,L2_true,N,std,jump,jump_prob,ve,dim
0,2.35316553363255,2.2669904646868737,11,0.05,0.3,0.5,0.001,1
