,L2,L2_true,N,std,jump,jump_prob,ve,dim
0,3.0223406537864004,0.19136254444369521,1000,0.01,0.3,0.5,0.0025,1
