,L2,L2_true,N,std,jump,jump_prob,ve,dim
0,4.397314419726107,3.0819177694047193,8,0.01,0.3,0.5,0.001,2
