,L2,L2_true,N,std,jump,jump_prob,ve,dim
0,4.54783021938244,2.869348394469581,16,0.01,0.3,0.5,0.01,3
