,L2,L2_true,N,std,jump,jump_prob,ve,dim
0,3.479410419369358,0.6207996057550984,610,0.01,0.3,0.5,0.01,2
