,L2,L2_true,N,std,jump,jump_prob,ve,dim
0,3.454540686771843,0.4757226381232147,51,0.01,0.3,0.5,0.01,1
