,L2,L2_true,N,std,jump,jump_prob,ve,dim
0,5.76013556568558,4.674986589866603,26,0.01,0.3,0.5,0.0025,3
