,L2,L2_true,N,std,jump,jump_prob,ve,dim
0,3.6973389630362705,1.3962595457363598,117,0.01,0.3,0.5,0.01,2
