,L2,L2_true,N,std,jump,jump_prob,ve,dim
0,3.994107232146382,1.8612026499534056,5,0.01,0.3,0.5,0.01,2
