,L2,L2_true,N,std,jump,jump_prob,ve,dim
0,5.946461884277171,4.963519854012849,61,0.01,0.3,0.5,0.0025,2
