,L2,L2_true,N,std,jump,jump_prob,ve,dim
0,0.7112443470467679,0.6779295264254322,268,0.05,0.3,0.5,0.001,1
