,L2,L2_true,N,std,jump,jump_prob,ve,dim
0,4.026154323824002,2.6386982253472486,610,0.01,0.3,0.5,0.0025,2
