,L2,L2_true,N,std,jump,jump_prob,ve,dim
0,14.514105363774984,14.180989100131713,268,0.01,0.3,0.5,0.001,3
