,L2,L2_true,N,std,jump,jump_prob,ve,dim
0,5.747786558616264,4.817394370761554,22,0.01,0.3,0.5,0.001,3
