,L2,L2_true,N,std,jump,jump_prob,ve,dim
0,4.291985865092702,3.0264934992796477,13,0.01,0.3,0.5,0.001,1
