,L2,L2_true,N,std,jump,jump_prob,ve,dim
0,3.4319914872115396,0.37798286728308284,1389,0.01,0.3,0.5,0.01,2
