,L2,L2_true,N,std,jump,jump_prob,ve,dim
0,5.214534281693376,4.16475540187316,16,0.01,0.3,0.5,0.001,3
