,L2,L2_true,N,std,jump,jump_prob,ve,dim
0,4.254808928206401,2.521152329798498,610,0.01,0.3,0.5,0.01,3
