,L2,L2_true,N,std,jump,jump_prob,ve,dim
0,3.7848791094190055,1.5849443055684012,1637,0.01,0.3,0.5,0.01,3
