,L2,L2_true,N,std,jump,jump_prob,ve,dim
0,3.935663603483304,2.582535189015559,19,0.01,0.3,0.5,0.001,1
