,L2,L2_true,N,std,jump,jump_prob,ve,dim
0,8.511666572283497,7.916677990969816,71,0.01,0.3,0.5,0.001,3
