,L2,L2_true,N,std,jump,jump_prob,ve,dim
0,2.368378734297272,2.367834924509035,10,0.2,0.3,0.5,0.001,1
