,L2,L2_true,N,std,jump,jump_prob,ve,dim
0,6.318003639569609,5.73824853827168,848,0.01,0.3,0.5,0.001,2
