,L2,L2_true,N,std,jump,jump_prob,ve,dim
0,0.4637448866771404,0.41637164994418224,719,0.05,0.3,0.5,0.001,1
