,L2,L2_true,N,std,jump,jump_prob,ve,dim
0,2.6384016210456793,0.43053759746284237,517,0.01,0.3,0.5,0.001,1
