,L2,L2_true,N,std,jump,jump_prob,ve,dim
0,4.285176672032975,2.6519261476580227,8,0.01,0.3,0.5,0.0025,2
