,L2,L2_true,N,std,jump,jump_prob,ve,dim
0,3.9264836153923444,2.007314734026201,4,0.01,0.3,0.5,0.0025,2
