,L2,L2_true,N,std,jump,jump_prob,ve,dim
0,3.4227173752665903,0.2921015443695259,51,0.01,0.3,0.5,0.01,1
