,L2,L2_true,N,std,jump,jump_prob,ve,dim
0,3.897643649111061,1.982442944074478,4,0.01,0.3,0.5,0.0025,2
