,L2,L2_true,N,std,jump,jump_prob,ve,dim
0,3.44579094381122,0.40508784800097125,1389,0.01,0.3,0.5,0.01,2
