,L2,L2_true,N,std,jump,jump_prob,ve,dim
0,5.126834171390617,3.7970471436313082,227,0.01,0.3,0.5,0.01,3
