,L2,L2_true,N,std,jump,jump_prob,ve,dim
0,7.574551552588769,6.790143084236249,61,0.01,0.3,0.5,0.0025,3
