,L2,L2_true,N,std,jump,jump_prob,ve,dim
0,2.007899169956046,2.0070285700570527,43,0.2,0.3,0.5,0.001,1
