,L2,L2_true,N,std,jump,jump_prob,ve,dim
0,3.679639160102634,1.0837914798738078,3,0.01,0.3,0.5,0.01,1
