,L2,L2_true,N,std,jump,jump_prob,ve,dim
0,0.24499626473071798,0.24485191268258416,2275,0.2,0.3,0.5,0.001,1
