,L2,L2_true,N,std,jump,jump_prob,ve,dim
0,6.360732016753753,5.779947842251007,848,0.01,0.3,0.5,0.001,2
