,L2,L2_true,N,std,jump,jump_prob,ve,dim
0,5.563965117423442,4.6082954951575426,22,0.01,0.3,0.5,0.001,2
