,L2,L2_true,N,std,jump,jump_prob,ve,dim
0,3.6761135465298427,1.1379590330339673,3,0.01,0.3,0.5,0.01,1
