,L2,L2_true,N,std,jump,jump_prob,ve,dim
0,2.6201242919755723,0.21506257153031919,1930,0.01,0.3,0.5,0.001,1
