,L2,L2_true,N,std,jump,jump_prob,ve,dim
0,17.742966333989227,17.48712118189718,439,0.01,0.3,0.5,0.001,3
