,L2,L2_true,N,std,jump,jump_prob,ve,dim
0,12.267840918869105,11.857340404878943,1000,0.01,0.3,0.5,0.0025,3
