,L2,L2_true,N,std,jump,jump_prob,ve,dim
0,0.29721644479602216,0.29732151855504224,1637,0.2,0.3,0.5,0.001,1
