,L2,L2_true,N,std,jump,jump_prob,ve,dim
0,5.87474812093615,4.936832027166416,117,0.01,0.3,0.5,0.0025,2
