,L2,L2_true,N,std,jump,jump_prob,ve,dim
0,1.75186803226539,1.7625696461787241,51,0.05,0.3,0.5,0.001,1
