,L2,L2_true,N,std,jump,jump_prob,ve,dim
0,6.417824152158651,5.479639121924972,37,0.01,0.3,0.5,0.0025,3
