,L2,L2_true,N,std,jump,jump_prob,ve,dim
0,0.5460346924273864,0.49784423341287665,517,0.05,0.3,0.5,0.001,1
