,L2,L2_true,N,std,jump,jump_prob,ve,dim
0,1.212324272332507,1.2117339493899049,117,0.2,0.3,0.5,0.001,1
