,L2,L2_true,N,std,jump,jump_prob,ve,dim
0,5.512552468586849,4.243119471083317,43,0.01,0.3,0.5,0.01,3
