,L2,L2_true,N,std,jump,jump_prob,ve,dim
0,3.155962419137633,0.872295955923014,51,0.01,0.3,0.5,0.0025,1
