,L2,L2_true,N,std,jump,jump_prob,ve,dim
0,4.564236122765163,3.0907651608859465,11,0.01,0.3,0.5,0.0025,2
