,L2,L2_true,N,std,jump,jump_prob,ve,dim
0,1.443952212853211,1.4500830032378256,117,0.05,0.3,0.5,0.001,1
