,L2,L2_true,N,std,jump,jump_prob,ve,dim
0,5.44764545189832,4.455143722835078,19,0.01,0.3,0.5,0.001,3
