,L2,L2_true,N,std,jump,jump_prob,ve,dim
0,3.7100597207134958,1.4242904545605917,1930,0.01,0.3,0.5,0.01,3
