,L2,L2_true,N,std,jump,jump_prob,ve,dim
0,3.4125993116499904,0.2384591708750111,138,0.01,0.3,0.5,0.01,1
