,L2,L2_true,N,std,jump,jump_prob,ve,dim
0,4.227420798894274,2.592424699582408,7,0.01,0.3,0.5,0.0025,2
