,L2,L2_true,N,std,jump,jump_prob,ve,dim
0,8.398575861233548,7.709587301262563,84,0.01,0.3,0.5,0.0025,3
