,L2,L2_true,N,std,jump,jump_prob,ve,dim
0,9.850169304386693,9.281352836423508,138,0.01,0.3,0.5,0.0025,3
