,L2,L2_true,N,std,jump,jump_prob,ve,dim
0,4.246073183120507,3.087539745227472,16,0.01,0.3,0.5,0.001,1
