,L2,L2_true,N,std,jump,jump_prob,ve,dim
0,3.4297644970668,0.1286729841944565,316,0.01,0.3,0.5,0.01,1
