,L2,L2_true,N,std,jump,jump_prob,ve,dim
0,7.995024513867546,7.417267346936064,117,0.01,0.3,0.5,0.001,2
