,L2,L2_true,N,std,jump,jump_prob,ve,dim
0,4.146014117088886,2.1703665294390952,7,0.01,0.3,0.5,0.01,3
