,L2,L2_true,N,std,jump,jump_prob,ve,dim
0,3.6772723614073235,0.9592806270739114,3,0.01,0.3,0.5,0.01,1
