,L2,L2_true,N,std,jump,jump_prob,ve,dim
0,5.339192708175132,4.170559016770623,31,0.01,0.3,0.5,0.0025,2
