,L2,L2_true,N,std,jump,jump_prob,ve,dim
0,7.053927113297172,6.318555519184891,43,0.01,0.3,0.5,0.001,3
