,L2,L2_true,N,std,jump,jump_prob,ve,dim
0,2.6422417238618614,0.41354277992124744,372,0.01,0.3,0.5,0.001,1
