,L2,L2_true,N,std,jump,jump_prob,ve,dim
0,1.5621711638933045,1.522123252774889,61,0.05,0.3,0.5,0.001,1
