,L2,L2_true,N,std,jump,jump_prob,ve,dim
0,2.9292910023616665,1.4424442961522226,84,0.01,0.3,0.5,0.001,1
