,L2,L2_true,N,std,jump,jump_prob,ve,dim
0,3.434190315113467,0.34501798508697235,61,0.01,0.3,0.5,0.01,1
