,L2,L2_true,N,std,jump,jump_prob,ve,dim
0,5.638532000937121,4.672736352112156,138,0.01,0.3,0.5,0.0025,2
