,L2,L2_true,N,std,jump,jump_prob,ve,dim
0,1.522519554803315,1.4972850620492417,84,0.05,0.3,0.5,0.001,1
