,L2,L2_true,N,std,jump,jump_prob,ve,dim
0,0.36177689075316705,0.28133419049021846,1000,0.05,0.3,0.5,0.001,1
