,L2,L2_true,N,std,jump,jump_prob,ve,dim
0,4.196341372711095,2.3703413527239694,43,0.01,0.3,0.5,0.01,2
