,L2,L2_true,N,std,jump,jump_prob,ve,dim
0,3.5215143575050827,2.3196621211189075,37,0.01,0.3,0.5,0.001,1
