,L2,L2_true,N,std,jump,jump_prob,ve,dim
0,7.072411637351861,6.344558489386149,43,0.01,0.3,0.5,0.001,3
