,L2,L2_true,N,std,jump,jump_prob,ve,dim
0,1.8052846954897577,1.8017216315157387,4,0.2,0.3,0.5,0.001,1
