,L2,L2_true,N,std,jump,jump_prob,ve,dim
0,3.2113819905923684,1.0226559375267488,71,0.01,0.3,0.5,0.0025,1
