,L2,L2_true,N,std,jump,jump_prob,ve,dim
0,2.3770620231742354,2.3769024386540702,11,0.2,0.3,0.5,0.001,1
