,L2,L2_true,N,std,jump,jump_prob,ve,dim
0,4.0502093938508255,2.1227844834167153,61,0.01,0.3,0.5,0.01,2
