,L2,L2_true,N,std,jump,jump_prob,ve,dim
0,2.05555590041128,2.0333559129301784,37,0.05,0.3,0.5,0.001,1
