,L2,L2_true,N,std,jump,jump_prob,ve,dim
0,5.135869498561413,3.7526740923906483,37,0.01,0.3,0.5,0.01,3
