,L2,L2_true,N,std,jump,jump_prob,ve,dim
0,3.4018536072963665,0.13619488746768962,372,0.01,0.3,0.5,0.01,1
