,L2,L2_true,N,std,jump,jump_prob,ve,dim
0,1.3521382707974383,1.352383764510075,84,0.2,0.3,0.5,0.001,1
