,L2,L2_true,N,std,jump,jump_prob,ve,dim
0,1.871550422303415,1.8724736682770837,43,0.2,0.3,0.5,0.001,1
