,L2,L2_true,N,std,jump,jump_prob,ve,dim
0,3.1534510947085184,1.835945214706761,117,0.01,0.3,0.5,0.001,1
