,L2,L2_true,N,std,jump,jump_prob,ve,dim
0,3.9143886735824487,2.351180480386498,4,0.01,0.3,0.5,0.001,1
