,L2,L2_true,N,std,jump,jump_prob,ve,dim
0,3.931674718909533,2.461911508109745,7,0.01,0.3,0.5,0.001,1
