,L2,L2_true,N,std,jump,jump_prob,ve,dim
0,5.477619489846434,4.237759200837027,138,0.01,0.3,0.5,0.01,3
