,L2,L2_true,N,std,jump,jump_prob,ve,dim
0,3.6646825068512183,1.2872694174796304,138,0.01,0.3,0.5,0.01,2
