,L2,L2_true,N,std,jump,jump_prob,ve,dim
0,3.628974157169324,1.8064852031282737,1,0.01,0.3,0.5,0.001,1
