,L2,L2_true,N,std,jump,jump_prob,ve,dim
0,3.6124780183262186,1.8010262672568642,1,0.01,0.3,0.5,0.001,1
