,L2,L2_true,N,std,jump,jump_prob,ve,dim
0,3.0485846773387184,0.39377443946423396,193,0.01,0.3,0.5,0.0025,1
