,L2,L2_true,N,std,jump,jump_prob,ve,dim
0,5.229595965423022,3.9508827913639935,193,0.01,0.3,0.5,0.01,3
