,L2,L2_true,N,std,jump,jump_prob,ve,dim
0,4.178601911832551,2.4859494676607263,7,0.01,0.3,0.5,0.0025,2
