,L2,L2_true,N,std,jump,jump_prob,ve,dim
0,3.6764854119891694,0.9792594519632889,2,0.01,0.3,0.5,0.01,2
