,L2,L2_true,N,std,jump,jump_prob,ve,dim
0,3.7705307386339597,1.707225515835008,3,0.01,0.3,0.5,0.0025,1
