,L2,L2_true,N,std,jump,jump_prob,ve,dim
0,2.9367313730102946,1.3961710362110207,100,0.01,0.3,0.5,0.001,1
