,L2,L2_true,N,std,jump,jump_prob,ve,dim
0,5.221045924652268,3.998800846574971,19,0.01,0.3,0.5,0.0025,2
