,L2,L2_true,N,std,jump,jump_prob,ve,dim
0,1.115591255925092,1.116068715667973,117,0.2,0.3,0.5,0.001,1
