,L2,L2_true,N,std,jump,jump_prob,ve,dim
0,2.178553807396711,2.0986506825420155,7,0.05,0.3,0.5,0.001,1
