,L2,L2_true,N,std,jump,jump_prob,ve,dim
0,1.9908979131544897,1.9907082115484045,6,0.2,0.3,0.5,0.001,1
