,L2,L2_true,N,std,jump,jump_prob,ve,dim
0,3.63398227220347,0.7452767255981476,1,0.01,0.3,0.5,0.01,1
