,L2,L2_true,N,std,jump,jump_prob,ve,dim
0,4.184302996043622,2.7694290640613337,6,0.01,0.3,0.5,0.001,3
