,L2,L2_true,N,std,jump,jump_prob,ve,dim
0,3.240426972728378,1.8003640801367955,51,0.01,0.3,0.5,0.001,1
