,L2,L2_true,N,std,jump,jump_prob,ve,dim
0,0.4556417001926631,0.37743379577200464,848,0.05,0.3,0.5,0.001,1
