,L2,L2_true,N,std,jump,jump_prob,ve,dim
0,5.512328161571305,4.2820785338496865,117,0.01,0.3,0.5,0.01,3
