,L2,L2_true,N,std,jump,jump_prob,ve,dim
0,3.6248362071080282,0.8032176201646205,2,0.01,0.3,0.5,0.01,1
