,L2,L2_true,N,std,jump,jump_prob,ve,dim
0,1.0362144722773474,1.0370124632383109,163,0.2,0.3,0.5,0.001,1
