,L2,L2_true,N,std,jump,jump_prob,ve,dim
0,2.1178978325825835,2.0435276436108163,6,0.05,0.3,0.5,0.001,1
