,L2,L2_true,N,std,jump,jump_prob,ve,dim
0,4.285835061143598,2.9161597571431708,7,0.01,0.3,0.5,0.001,3
