,L2,L2_true,N,std,jump,jump_prob,ve,dim
0,3.83911848886209,1.8549814896338215,3,0.01,0.3,0.5,0.0025,3
