,L2,L2_true,N,std,jump,jump_prob,ve,dim
0,1.9945171622003621,1.991093989134657,5,0.2,0.3,0.5,0.001,1
