,L2,L2_true,N,std,jump,jump_prob,ve,dim
0,4.041395252029604,1.9765979936647684,6,0.01,0.3,0.5,0.01,3
