,L2,L2_true,N,std,jump,jump_prob,ve,dim
0,10.415379516012438,9.940760424224678,117,0.01,0.3,0.5,0.001,3
