,L2,L2_true,N,std,jump,jump_prob,ve,dim
0,5.266825886726097,4.232277250714577,16,0.01,0.3,0.5,0.001,2
