,L2,L2_true,N,std,jump,jump_prob,ve,dim
0,2.6263103407433945,2.625975824651847,13,0.2,0.3,0.5,0.001,1
