,L2,L2_true,N,std,jump,jump_prob,ve,dim
0,2.0189251420693655,2.0190762547032883,6,0.2,0.3,0.5,0.001,1
