,L2,L2_true,N,std,jump,jump_prob,ve,dim
0,4.456508077588439,2.925994245186939,10,0.01,0.3,0.5,0.0025,2
