,L2,L2_true,N,std,jump,jump_prob,ve,dim
0,4.153811187918634,2.436595394337489,6,0.01,0.3,0.5,0.0025,3
