,L2,L2_true,N,std,jump,jump_prob,ve,dim
0,5.359801283663253,4.34825019174523,19,0.01,0.3,0.5,0.001,2
