,L2,L2_true,N,std,jump,jump_prob,ve,dim
0,4.234373805930971,2.3759724280649777,26,0.01,0.3,0.5,0.01,2
