,L2,L2_true,N,std,jump,jump_prob,ve,dim
0,11.099594754235875,10.652728351053446,138,0.01,0.3,0.5,0.001,3
