,L2,L2_true,N,std,jump,jump_prob,ve,dim
0,4.017507270953213,2.702611879398267,19,0.01,0.3,0.5,0.001,1
