,L2,L2_true,N,std,jump,jump_prob,ve,dim
0,5.545413045607209,4.281062167437755,51,0.01,0.3,0.5,0.01,3
