,L2,L2_true,N,std,jump,jump_prob,ve,dim
0,3.402322817768349,1.5120814072005917,31,0.01,0.3,0.5,0.0025,1
