,L2,L2_true,N,std,jump,jump_prob,ve,dim
0,2.025212016984536,2.0257792610304626,11,0.2,0.3,0.5,0.001,1
