,L2,L2_true,N,std,jump,jump_prob,ve,dim
0,4.875234031262681,3.367383736683047,22,0.01,0.3,0.5,0.01,3
