,L2,L2_true,N,std,jump,jump_prob,ve,dim
0,5.404716409938315,4.432307058881705,193,0.01,0.3,0.5,0.0025,2
