,L2,L2_true,N,std,jump,jump_prob,ve,dim
0,4.7227162493767345,3.3288937264743153,13,0.01,0.3,0.5,0.0025,2
