,L2,L2_true,N,std,jump,jump_prob,ve,dim
0,9.603342816748285,9.095857290231157,3000,0.01,0.3,0.5,0.0025,3
