,L2,L2_true,N,std,jump,jump_prob,ve,dim
0,3.471237903615724,0.6359969829001395,517,0.01,0.3,0.5,0.01,2
