,L2,L2_true,N,std,jump,jump_prob,ve,dim
0,2.622050646705763,0.18812782441485168,2682,0.01,0.3,0.5,0.001,1
