,L2,L2_true,N,std,jump,jump_prob,ve,dim
0,3.6237543715830287,1.8026742282573358,1,0.01,0.3,0.5,0.001,1
