,L2,L2_true,N,std,jump,jump_prob,ve,dim
0,3.628447194209152,1.805281240427065,1,0.01,0.3,0.5,0.001,1
