,L2,L2_true,N,std,jump,jump_prob,ve,dim
0,3.5625859655309635,0.9836651295570547,13,0.01,0.3,0.5,0.01,1
