,L2,L2_true,N,std,jump,jump_prob,ve,dim
0,3.4780662018117843,0.6332403372477798,517,0.01,0.3,0.5,0.01,2
