,L2,L2_true,N,std,jump,jump_prob,ve,dim
0,9.667405685883658,9.174416222327554,3000,0.01,0.3,0.5,0.0025,3
