,L2,L2_true,N,std,jump,jump_prob,ve,dim
0,3.0345591116777855,0.1253113995764226,1637,0.01,0.3,0.5,0.0025,1
