,L2,L2_true,N,std,jump,jump_prob,ve,dim
0,1.8771082277921405,1.7608846791173327,4,0.05,0.3,0.5,0.001,1
