,L2,L2_true,N,std,jump,jump_prob,ve,dim
0,9.28959200494189,8.675489643820143,117,0.01,0.3,0.5,0.0025,3
