,L2,L2_true,N,std,jump,jump_prob,ve,dim
0,2.25456574694535,2.253269597332114,8,0.2,0.3,0.5,0.001,1
