,L2,L2_true,N,std,jump,jump_prob,ve,dim
0,4.276645628094801,2.478103796257682,31,0.01,0.3,0.5,0.01,2
