,L2,L2_true,N,std,jump,jump_prob,ve,dim
0,3.4219859439613387,0.1979171346788475,163,0.01,0.3,0.5,0.01,1
