,L2,L2_true,N,std,jump,jump_prob,ve,dim
0,3.0548624076942725,0.388590860952077,193,0.01,0.3,0.5,0.0025,1
