,L2,L2_true,N,std,jump,jump_prob,ve,dim
0,3.802382765543609,1.603313609132399,11,0.01,0.3,0.5,0.01,1
