,L2,L2_true,N,std,jump,jump_prob,ve,dim
0,2.7002482041381572,0.6712704985061577,138,0.01,0.3,0.5,0.001,1
