,L2,L2_true,N,std,jump,jump_prob,ve,dim
0,3.779169961232596,1.5870213295063227,1637,0.01,0.3,0.5,0.01,3
