,L2,L2_true,N,std,jump,jump_prob,ve,dim
0,3.5196352789431717,0.8236511183683917,316,0.01,0.3,0.5,0.01,2
