,L2,L2_true,N,std,jump,jump_prob,ve,dim
0,3.459173816865164,1.6832699157413948,1389,0.01,0.3,0.5,0.0025,2
