,L2,L2_true,N,std,jump,jump_prob,ve,dim
0,3.4219460014441796,0.1832053949284386,227,0.01,0.3,0.5,0.01,1
