,L2,L2_true,N,std,jump,jump_prob,ve,dim
0,4.859891338838953,3.529407273304431,16,0.01,0.3,0.5,0.0025,2
