,L2,L2_true,N,std,jump,jump_prob,ve,dim
0,22.56314942848239,22.374506729411245,1178,0.01,0.3,0.5,0.001,3
