,L2,L2_true,N,std,jump,jump_prob,ve,dim
0,3.755879651263671,2.071910885515503,2,0.01,0.3,0.5,0.001,3
