,L2,L2_true,N,std,jump,jump_prob,ve,dim
0,6.769377345668482,6.216605205128475,719,0.01,0.3,0.5,0.001,2
