,L2,L2_true,N,std,jump,jump_prob,ve,dim
0,6.442721947746994,5.638077571228076,37,0.01,0.3,0.5,0.001,2
