,L2,L2_true,N,std,jump,jump_prob,ve,dim
0,3.8028973601722806,1.4118122623960572,4,0.01,0.3,0.5,0.01,2
