,L2,L2_true,N,std,jump,jump_prob,ve,dim
0,3.1296933016311574,0.7442774210776857,71,0.01,0.3,0.5,0.0025,1
