,L2,L2_true,N,std,jump,jump_prob,ve,dim
0,0.9674472571511529,0.9245350055376627,138,0.05,0.3,0.5,0.001,1
