,L2,L2_true,N,std,jump,jump_prob,ve,dim
0,7.756485748016473,7.1427967917582205,84,0.01,0.3,0.5,0.001,2
