,L2,L2_true,N,std,jump,jump_prob,ve,dim
0,4.067484062638729,2.0335323345948875,6,0.01,0.3,0.5,0.01,3
