,L2,L2_true,N,std,jump,jump_prob,ve,dim
0,4.923598332419956,3.504234684409894,268,0.01,0.3,0.5,0.01,3
