,L2,L2_true,N,std,jump,jump_prob,ve,dim
0,0.6059402845411709,0.6058902075147772,2,0.2,0.3,0.5,0.001,1
