,L2,L2_true,N,std,jump,jump_prob,ve,dim
0,21.19702445422676,20.98521761909547,848,0.01,0.3,0.5,0.001,3
