,L2,L2_true,N,std,jump,jump_prob,ve,dim
0,3.634333715021774,1.3578092842761107,2,0.01,0.3,0.5,0.0025,1
