,L2,L2_true,N,std,jump,jump_prob,ve,dim
0,3.2564960966699594,1.22393469437579,61,0.01,0.3,0.5,0.0025,1
