,L2,L2_true,N,std,jump,jump_prob,ve,dim
0,1.3034839465019792,1.3033442940294941,100,0.2,0.3,0.5,0.001,1
