,L2,L2_true,N,std,jump,jump_prob,ve,dim
0,3.6273689807983507,1.3296740218178233,1,0.01,0.3,0.5,0.0025,1
