,L2,L2_true,N,std,jump,jump_prob,ve,dim
0,5.439110967929594,4.178110679096886,138,0.01,0.3,0.5,0.01,3
