,L2,L2_true,N,std,jump,jump_prob,ve,dim
0,2.3117592303057104,2.2272809506133706,7,0.05,0.3,0.5,0.001,1
