,L2,L2_true,N,std,jump,jump_prob,ve,dim
0,10.435902298890374,9.956951075525385,117,0.01,0.3,0.5,0.001,3
