,L2,L2_true,N,std,jump,jump_prob,ve,dim
0,3.312706273125355,3.311796420544075,19,0.2,0.3,0.5,0.001,1
