,L2,L2_true,N,std,jump,jump_prob,ve,dim
0,2.2828687969940766,2.23493985120175,19,0.05,0.3,0.5,0.001,1
