,L2,L2_true,N,std,jump,jump_prob,ve,dim
0,3.1564989601376348,0.9291138316259206,71,0.01,0.3,0.5,0.0025,1
