,L2,L2_true,N,std,jump,jump_prob,ve,dim
0,3.797703695510677,1.7607865376452436,3,0.01,0.3,0.5,0.0025,2
