,L2,L2_true,N,std,jump,jump_prob,ve,dim
0,7.100832332637279,6.3639811445857735,43,0.01,0.3,0.5,0.001,3
