,L2,L2_true,N,std,jump,jump_prob,ve,dim
0,3.4187535462219314,1.5658686612352724,1637,0.01,0.3,0.5,0.0025,2
