,L2,L2_true,N,std,jump,jump_prob,ve,dim
0,24.01057940424186,23.833156236097548,2275,0.01,0.3,0.5,0.001,3
