,L2,L2_true,N,std,jump,jump_prob,ve,dim
0,0.42013485116206006,0.41927509796216783,848,0.2,0.3,0.5,0.001,1
