,L2,L2_true,N,std,jump,jump_prob,ve,dim
0,4.668094466723975,3.4563921832782007,10,0.01,0.3,0.5,0.001,3
