,L2,L2_true,N,std,jump,jump_prob,ve,dim
0,10.89537933850665,10.439267622309353,1930,0.01,0.3,0.5,0.0025,3
