,L2,L2_true,N,std,jump,jump_prob,ve,dim
0,5.5537869289783215,4.420513127888636,22,0.01,0.3,0.5,0.0025,3
