,L2,L2_true,N,std,jump,jump_prob,ve,dim
0,3.7121449196978413,1.4125662777408796,117,0.01,0.3,0.5,0.01,2
