,L2,L2_true,N,std,jump,jump_prob,ve,dim
0,11.978743129973012,11.535501329930595,372,0.01,0.3,0.5,0.0025,3
