,L2,L2_true,N,std,jump,jump_prob,ve,dim
0,9.688677459457272,9.18428702778068,3000,0.01,0.3,0.5,0.0025,3
