,L2,L2_true,N,std,jump,jump_prob,ve,dim
0,4.8537932505014245,3.7054395374119222,13,0.01,0.3,0.5,0.001,3
