,L2,L2_true,N,std,jump,jump_prob,ve,dim
0,7.233941685698763,6.694686188530863,610,0.01,0.3,0.5,0.001,2
