,L2,L2_true,N,std,jump,jump_prob,ve,dim
0,3.8125418674668397,1.3981090855339953,2,0.01,0.3,0.5,0.01,1
