,L2,L2_true,N,std,jump,jump_prob,ve,dim
0,5.424960068165127,4.153363919960382,117,0.01,0.3,0.5,0.01,3
