,L2,L2_true,N,std,jump,jump_prob,ve,dim
0,6.733989602451348,5.829114086451273,43,0.01,0.3,0.5,0.0025,3
