,L2,L2_true,N,std,jump,jump_prob,ve,dim
0,0.21498684514082952,0.21587108814794817,3162,0.2,0.3,0.5,0.001,1
