,L2,L2_true,N,std,jump,jump_prob,ve,dim
0,3.647683823585786,1.2297743841879074,163,0.01,0.3,0.5,0.01,2
