,L2,L2_true,N,std,jump,jump_prob,ve,dim
0,3.232326095968834,1.109484268465827,3000,0.01,0.3,0.5,0.0025,2
