,L2,L2_true,N,std,jump,jump_prob,ve,dim
0,5.992293602051741,4.962619406323833,31,0.01,0.3,0.5,0.0025,3
