,L2,L2_true,N,std,jump,jump_prob,ve,dim
0,2.797719349663953,1.002039063148439,84,0.01,0.3,0.5,0.001,1
