,L2,L2_true,N,std,jump,jump_prob,ve,dim
0,5.468547534391105,4.475776378332153,19,0.01,0.3,0.5,0.001,3
