,L2,L2_true,N,std,jump,jump_prob,ve,dim
0,3.428201474551858,0.13738886801253394,372,0.01,0.3,0.5,0.01,1
