,L2,L2_true,N,std,jump,jump_prob,ve,dim
0,0.48006696400607185,0.37415104774506674,719,0.05,0.3,0.5,0.001,1
