,L2,L2_true,N,std,jump,jump_prob,ve,dim
0,5.535940386571122,4.433342237810273,37,0.01,0.3,0.5,0.0025,2
