,L2,L2_true,N,std,jump,jump_prob,ve,dim
0,5.509139444287963,4.263211318205652,84,0.01,0.3,0.5,0.01,3
