,L2,L2_true,N,std,jump,jump_prob,ve,dim
0,5.631682478482819,4.4371781370614505,117,0.01,0.3,0.5,0.01,3
