,L2,L2_true,N,std,jump,jump_prob,ve,dim
0,5.335016513705239,4.07597109143458,163,0.01,0.3,0.5,0.01,3
