,L2,L2_true,N,std,jump,jump_prob,ve,dim
0,3.1494502713914447,1.7378868808363697,43,0.01,0.3,0.5,0.001,1
