,L2,L2_true,N,std,jump,jump_prob,ve,dim
0,3.419762990941479,0.029850282552700797,2682,0.01,0.3,0.5,0.01,1
