,L2,L2_true,N,std,jump,jump_prob,ve,dim
0,3.719671143928232,2.034604710086666,3,0.01,0.3,0.5,0.001,1
