,L2,L2_true,N,std,jump,jump_prob,ve,dim
0,4.160286693142562,2.4415231044027337,6,0.01,0.3,0.5,0.0025,3
