,L2,L2_true,N,std,jump,jump_prob,ve,dim
0,3.4108564193093174,1.565327468276107,1637,0.01,0.3,0.5,0.0025,2
