,L2,L2_true,N,std,jump,jump_prob,ve,dim
0,2.622419828177444,0.18300715618886695,1930,0.01,0.3,0.5,0.001,1
