,L2,L2_true,N,std,jump,jump_prob,ve,dim
0,2.119928733049787,2.0532548940174635,7,0.05,0.3,0.5,0.001,1
