,L2,L2_true,N,std,jump,jump_prob,ve,dim
0,4.403055332900181,2.6361117232698237,11,0.01,0.3,0.5,0.01,3
