,L2,L2_true,N,std,jump,jump_prob,ve,dim
0,1.32898786826271,1.3270707801869523,3,0.2,0.3,0.5,0.001,1
