,L2,L2_true,N,std,jump,jump_prob,ve,dim
0,4.6795567192482475,3.2528140008418363,16,0.01,0.3,0.5,0.0025,2
