,L2,L2_true,N,std,jump,jump_prob,ve,dim
0,8.853615549317936,8.368485070243011,227,0.01,0.3,0.5,0.001,2
