,L2,L2_true,N,std,jump,jump_prob,ve,dim
0,3.685292121269621,1.538044895332382,3,0.01,0.3,0.5,0.0025,1
