,L2,L2_true,N,std,jump,jump_prob,ve,dim
0,2.15178303894563,2.1142349386981887,10,0.05,0.3,0.5,0.001,1
