,L2,L2_true,N,std,jump,jump_prob,ve,dim
0,5.920350571653676,5.022264999818283,26,0.01,0.3,0.5,0.001,3
