,L2,L2_true,N,std,jump,jump_prob,ve,dim
0,4.050198032932081,2.557389864632926,5,0.01,0.3,0.5,0.001,2
