,L2,L2_true,N,std,jump,jump_prob,ve,dim
0,2.208933533367707,2.1606983783515923,11,0.05,0.3,0.5,0.001,1
