,L2,L2_true,N,std,jump,jump_prob,ve,dim
0,9.90562092875649,9.402114907023671,100,0.01,0.3,0.5,0.001,3
