,L2,L2_true,N,std,jump,jump_prob,ve,dim
0,4.259530021150743,2.4024136341737337,13,0.01,0.3,0.5,0.01,2
