,L2,L2_true,N,std,jump,jump_prob,ve,dim
0,3.7044498327192517,1.112950693219035,2,0.01,0.3,0.5,0.01,3
