,L2,L2_true,N,std,jump,jump_prob,ve,dim
0,3.1179460443614193,0.6903510902948263,84,0.01,0.3,0.5,0.0025,1
