,L2,L2_true,N,std,jump,jump_prob,ve,dim
0,12.539245574437402,12.132670222446825,1000,0.01,0.3,0.5,0.0025,3
