,L2,L2_true,N,std,jump,jump_prob,ve,dim
0,2.6221419107464348,0.1997870694474084,1637,0.01,0.3,0.5,0.001,1
