,L2,L2_true,N,std,jump,jump_prob,ve,dim
0,0.8585399136864406,0.830597917290306,193,0.05,0.3,0.5,0.001,1
