,L2,L2_true,N,std,jump,jump_prob,ve,dim
0,2.621077930114139,0.19723761822605568,1637,0.01,0.3,0.5,0.001,1
