,L2,L2_true,N,std,jump,jump_prob,ve,dim
0,3.628337416299904,1.99129710708635,1000,0.01,0.3,0.5,0.0025,2
