,L2,L2_true,N,std,jump,jump_prob,ve,dim
0,2.3855448064206737,2.323855267775731,16,0.05,0.3,0.5,0.001,1
