,L2,L2_true,N,std,jump,jump_prob,ve,dim
0,4.446658134807538,2.924112111039253,10,0.01,0.3,0.5,0.0025,2
