,L2,L2_true,N,std,jump,jump_prob,ve,dim
0,2.6168818910137825,2.5446442424703792,10,0.05,0.3,0.5,0.001,1
