,L2,L2_true,N,std,jump,jump_prob,ve,dim
0,5.831017940023843,4.933419671424083,26,0.01,0.3,0.5,0.001,2
