,L2,L2_true,N,std,jump,jump_prob,ve,dim
0,1.663002111591733,1.6637625087222008,5,0.2,0.3,0.5,0.001,1
