,L2,L2_true,N,std,jump,jump_prob,ve,dim
0,12.70944740300911,12.31660689566207,1000,0.01,0.3,0.5,0.0025,3
