,L2,L2_true,N,std,jump,jump_prob,ve,dim
0,1.3499618652843541,1.1785568512745876,1,0.05,0.3,0.5,0.001,1
