,L2,L2_true,N,std,jump,jump_prob,ve,dim
0,3.434089603703133,0.364253245960221,51,0.01,0.3,0.5,0.01,1
