,L2,L2_true,N,std,jump,jump_prob,ve,dim
0,3.954027841911435,2.1343835039040258,7,0.01,0.3,0.5,0.0025,1
