,L2,L2_true,N,std,jump,jump_prob,ve,dim
0,3.788061266414499,2.253695163370721,848,0.01,0.3,0.5,0.0025,2
