,L2,L2_true,N,std,jump,jump_prob,ve,dim
0,2.625682701180643,0.24197718528339082,848,0.01,0.3,0.5,0.001,1
