,L2,L2_true,N,std,jump,jump_prob,ve,dim
0,3.4101454703222,0.10096287541405714,719,0.01,0.3,0.5,0.01,1
