,L2,L2_true,N,std,jump,jump_prob,ve,dim
0,3.8293639639870607,2.2029850405734277,4,0.01,0.3,0.5,0.001,1
