,L2,L2_true,N,std,jump,jump_prob,ve,dim
0,3.6131236387768038,0.6986240129477526,2,0.01,0.3,0.5,0.01,1
