,L2,L2_true,N,std,jump,jump_prob,ve,dim
0,3.9206748065948633,1.650041219239251,4,0.01,0.3,0.5,0.01,3
