,L2,L2_true,N,std,jump,jump_prob,ve,dim
0,4.477057638781828,2.9421396918837415,10,0.01,0.3,0.5,0.0025,2
