,L2,L2_true,N,std,jump,jump_prob,ve,dim
0,2.224038585616082,2.222982411098056,6,0.2,0.3,0.5,0.001,1
