,L2,L2_true,N,std,jump,jump_prob,ve,dim
0,4.417381747735943,2.640275877192399,11,0.01,0.3,0.5,0.01,3
