,L2,L2_true,N,std,jump,jump_prob,ve,dim
0,3.408657783951636,0.05800599138674435,1930,0.01,0.3,0.5,0.01,1
