,L2,L2_true,N,std,jump,jump_prob,ve,dim
0,5.425775578876606,4.455681638244292,193,0.01,0.3,0.5,0.0025,2
