,L2,L2_true,N,std,jump,jump_prob,ve,dim
0,3.0365794600562888,0.16092380551620525,719,0.01,0.3,0.5,0.0025,1
