,L2,L2_true,N,std,jump,jump_prob,ve,dim
0,2.9441193005536697,1.3037341176770627,71,0.01,0.3,0.5,0.001,1
