,L2,L2_true,N,std,jump,jump_prob,ve,dim
0,3.834096276384663,1.5309633206079656,4,0.01,0.3,0.5,0.01,2
