,L2,L2_true,N,std,jump,jump_prob,ve,dim
0,2.2224760568418573,2.1435662463388154,6,0.05,0.3,0.5,0.001,1
