,L2,L2_true,N,std,jump,jump_prob,ve,dim
0,3.667810272083183,1.34237672484753,138,0.01,0.3,0.5,0.01,2
