,L2,L2_true,N,std,jump,jump_prob,ve,dim
0,5.246738445593669,3.9093240502942592,43,0.01,0.3,0.5,0.01,3
