,L2,L2_true,N,std,jump,jump_prob,ve,dim
0,3.086624867989764,0.541853541821753,100,0.01,0.3,0.5,0.0025,1
