,L2,L2_true,N,std,jump,jump_prob,ve,dim
0,8.347986050472665,7.646515223757488,84,0.01,0.3,0.5,0.0025,3
