,L2,L2_true,N,std,jump,jump_prob,ve,dim
0,0.6563832680024505,0.5870829668789366,372,0.05,0.3,0.5,0.001,1
