,L2,L2_true,N,std,jump,jump_prob,ve,dim
0,3.5977977706345707,2.0178904461023706,16,0.01,0.3,0.5,0.001,1
