,L2,L2_true,N,std,jump,jump_prob,ve,dim
0,3.4062994336435595,0.03821581591551827,2275,0.01,0.3,0.5,0.01,1
