,L2,L2_true,N,std,jump,jump_prob,ve,dim
0,3.9976240391608564,1.8680664448854687,5,0.01,0.3,0.5,0.01,3
