,L2,L2_true,N,std,jump,jump_prob,ve,dim
0,2.5678501178258357,2.5566212236272365,16,0.05,0.3,0.5,0.001,1
