,L2,L2_true,N,std,jump,jump_prob,ve,dim
0,11.852700251983958,11.437585151487458,163,0.01,0.3,0.5,0.001,3
