,L2,L2_true,N,std,jump,jump_prob,ve,dim
0,4.450079881158796,2.9132032873892113,10,0.01,0.3,0.5,0.0025,2
