,L2,L2_true,N,std,jump,jump_prob,ve,dim
0,4.171476922791329,2.3885881998402456,719,0.01,0.3,0.5,0.01,3
