,L2,L2_true,N,std,jump,jump_prob,ve,dim
0,4.351425725167558,3.00931018981216,7,0.01,0.3,0.5,0.001,3
