,L2,L2_true,N,std,jump,jump_prob,ve,dim
0,12.381914778015936,11.96758349630515,1000,0.01,0.3,0.5,0.0025,3
