,L2,L2_true,N,std,jump,jump_prob,ve,dim
0,3.577262228413519,0.8894492701299346,10,0.01,0.3,0.5,0.01,1
