,L2,L2_true,N,std,jump,jump_prob,ve,dim
0,8.09702999235591,7.473115624772273,61,0.01,0.3,0.5,0.001,3
