,L2,L2_true,N,std,jump,jump_prob,ve,dim
0,2.8271935313094847,2.8275443230153554,22,0.2,0.3,0.5,0.001,1
