,L2,L2_true,N,std,jump,jump_prob,ve,dim
0,0.7835503531273076,0.7831830536738892,268,0.2,0.3,0.5,0.001,1
