,L2,L2_true,N,std,jump,jump_prob,ve,dim
0,4.275584750003778,2.641802691677289,8,0.01,0.3,0.5,0.0025,2
