,L2,L2_true,N,std,jump,jump_prob,ve,dim
0,3.6890648942876068,1.3649616735367873,117,0.01,0.3,0.5,0.01,2
