,L2,L2_true,N,std,jump,jump_prob,ve,dim
0,3.925221289854762,2.350415262276514,4,0.01,0.3,0.5,0.001,2
