,L2,L2_true,N,std,jump,jump_prob,ve,dim
0,0.34828429616312534,0.2519116377223951,1930,0.05,0.3,0.5,0.001,1
