,L2,L2_true,N,std,jump,jump_prob,ve,dim
0,0.4689610460809721,0.3792890256593511,610,0.05,0.3,0.5,0.001,1
