,L2,L2_true,N,std,jump,jump_prob,ve,dim
0,0.7461835106173972,0.7463169985999867,268,0.2,0.3,0.5,0.001,1
