,L2,L2_true,N,std,jump,jump_prob,ve,dim
0,11.523268948056785,11.04582516989815,268,0.01,0.3,0.5,0.0025,3
