,L2,L2_true,N,std,jump,jump_prob,ve,dim
0,2.6255676332128277,0.22983544728599867,1000,0.01,0.3,0.5,0.001,1
