,L2,L2_true,N,std,jump,jump_prob,ve,dim
0,2.4224630792667132,2.420291037833857,22,0.05,0.3,0.5,0.001,1
