,L2,L2_true,N,std,jump,jump_prob,ve,dim
0,3.4056619119026426,0.20689915124718075,163,0.01,0.3,0.5,0.01,1
