,L2,L2_true,N,std,jump,jump_prob,ve,dim
0,3.4175961360761176,2.150301772510023,43,0.01,0.3,0.5,0.001,1
