,L2,L2_true,N,std,jump,jump_prob,ve,dim
0,3.47027392040655,1.695365147438824,1389,0.01,0.3,0.5,0.0025,2
