,L2,L2_true,N,std,jump,jump_prob,ve,dim
0,3.9997751035012947,1.8663619101150943,5,0.01,0.3,0.5,0.01,3
