,L2,L2_true,N,std,jump,jump_prob,ve,dim
0,4.655492042480251,3.453842299152286,11,0.01,0.3,0.5,0.001,2
