,L2,L2_true,N,std,jump,jump_prob,ve,dim
0,3.9674937392166982,2.283748319858735,7,0.01,0.3,0.5,0.0025,1
