,L2,L2_true,N,std,jump,jump_prob,ve,dim
0,5.9268232762039466,5.0270878624612365,26,0.01,0.3,0.5,0.001,3
