,L2,L2_true,N,std,jump,jump_prob,ve,dim
0,3.6245227615045725,0.9160308610131961,2,0.01,0.3,0.5,0.01,1
