,L2,L2_true,N,std,jump,jump_prob,ve,dim
0,11.857666057550038,11.402083794719525,316,0.01,0.3,0.5,0.0025,3
