,L2,L2_true,N,std,jump,jump_prob,ve,dim
0,4.667364568367221,3.2267267550040355,11,0.01,0.3,0.5,0.0025,3
