,L2,L2_true,N,std,jump,jump_prob,ve,dim
0,5.032848668977717,4.290915591892523,1637,0.01,0.3,0.5,0.001,2
