,L2,L2_true,N,std,jump,jump_prob,ve,dim
0,3.6309517013394528,0.901808753702142,2,0.01,0.3,0.5,0.01,1
