,L2,L2_true,N,std,jump,jump_prob,ve,dim
0,4.276237114770726,2.9114205084302904,7,0.01,0.3,0.5,0.001,3
