,L2,L2_true,N,std,jump,jump_prob,ve,dim
0,7.757459765631779,7.247886178301795,517,0.01,0.3,0.5,0.001,2
