,L2,L2_true,N,std,jump,jump_prob,ve,dim
0,4.742908464366479,3.552789745704163,11,0.01,0.3,0.5,0.001,3
