,L2,L2_true,N,std,jump,jump_prob,ve,dim
0,3.712022603317941,2.018857055001703,3,0.01,0.3,0.5,0.001,1
