,L2,L2_true,N,std,jump,jump_prob,ve,dim
0,1.4532146673841457,1.307065024034695,2,0.05,0.3,0.5,0.001,1
