,L2,L2_true,N,std,jump,jump_prob,ve,dim
0,11.191876479724844,10.751548766849508,138,0.01,0.3,0.5,0.001,3
