,L2,L2_true,N,std,jump,jump_prob,ve,dim
0,3.0579580416484924,0.45430997164904596,268,0.01,0.3,0.5,0.0025,1
