,L2,L2_true,N,std,jump,jump_prob,ve,dim
0,3.8156552677999724,1.8523226858849722,5,0.01,0.3,0.5,0.0025,1
