,L2,L2_true,N,std,jump,jump_prob,ve,dim
0,2.6287181602178817,2.570982748166477,10,0.05,0.3,0.5,0.001,1
