,L2,L2_true,N,std,jump,jump_prob,ve,dim
0,3.4115398707832796,0.06216608064130966,2275,0.01,0.3,0.5,0.01,1
