,L2,L2_true,N,std,jump,jump_prob,ve,dim
0,2.1743954553231126,2.089198871769923,6,0.05,0.3,0.5,0.001,1
