,L2,L2_true,N,std,jump,jump_prob,ve,dim
0,2.533093925990576,2.488855239923945,10,0.05,0.3,0.5,0.001,1
