,L2,L2_true,N,std,jump,jump_prob,ve,dim
0,12.1301477228608,11.724271212697476,1178,0.01,0.3,0.5,0.0025,3
