,L2,L2_true,N,std,jump,jump_prob,ve,dim
0,24.69530053965468,24.525051359861685,1930,0.01,0.3,0.5,0.001,3
