,L2,L2_true,N,std,jump,jump_prob,ve,dim
0,2.8128644316839533,2.817899772488221,51,0.05,0.3,0.5,0.001,1
