,L2,L2_true,N,std,jump,jump_prob,ve,dim
0,2.6255217564978204,0.1781014417643288,2682,0.01,0.3,0.5,0.001,1
