,L2,L2_true,N,std,jump,jump_prob,ve,dim
0,3.717853690752622,1.4675618348811899,117,0.01,0.3,0.5,0.01,2
