,L2,L2_true,N,std,jump,jump_prob,ve,dim
0,5.492485432694967,4.483137633084366,117,0.01,0.3,0.5,0.0025,2
