,L2,L2_true,N,std,jump,jump_prob,ve,dim
0,6.668987457280059,5.917048674391826,51,0.01,0.3,0.5,0.001,2
