,L2,L2_true,N,std,jump,jump_prob,ve,dim
0,2.3035739781806184,2.3036848568350385,31,0.2,0.3,0.5,0.001,1
