,L2,L2_true,N,std,jump,jump_prob,ve,dim
0,6.395752714269169,5.576802811303072,31,0.01,0.3,0.5,0.001,3
