,L2,L2_true,N,std,jump,jump_prob,ve,dim
0,3.468209951807516,0.6189610364827243,31,0.01,0.3,0.5,0.01,1
