,L2,L2_true,N,std,jump,jump_prob,ve,dim
0,5.266499769611534,4.554303849720336,1389,0.01,0.3,0.5,0.001,2
