,L2,L2_true,N,std,jump,jump_prob,ve,dim
0,3.7559600610935364,1.8841133771550738,10,0.01,0.3,0.5,0.0025,1
