,L2,L2_true,N,std,jump,jump_prob,ve,dim
0,4.267419307517639,2.941021960623294,11,0.01,0.3,0.5,0.001,1
