,L2,L2_true,N,std,jump,jump_prob,ve,dim
0,3.6226009081063033,0.7446313076716459,1,0.01,0.3,0.5,0.01,1
