,L2,L2_true,N,std,jump,jump_prob,ve,dim
0,3.3167418180315456,3.273137181249491,13,0.05,0.3,0.5,0.001,1
