,L2,L2_true,N,std,jump,jump_prob,ve,dim
0,5.212218385837673,3.8941250764738666,193,0.01,0.3,0.5,0.01,3
