,L2,L2_true,N,std,jump,jump_prob,ve,dim
0,4.109748720550177,2.644938885150986,5,0.01,0.3,0.5,0.001,3
