,L2,L2_true,N,std,jump,jump_prob,ve,dim
0,12.114457356811368,11.713115328741386,1389,0.01,0.3,0.5,0.0025,3
