,L2,L2_true,N,std,jump,jump_prob,ve,dim
0,8.54685112783006,8.007107548362548,117,0.01,0.3,0.5,0.001,2
