,L2,L2_true,N,std,jump,jump_prob,ve,dim
0,0.2689255487694476,0.26837839631835936,1930,0.2,0.3,0.5,0.001,1
