,L2,L2_true,N,std,jump,jump_prob,ve,dim
0,5.715082267660237,4.779907300368947,138,0.01,0.3,0.5,0.0025,2
