,L2,L2_true,N,std,jump,jump_prob,ve,dim
0,3.6421165739250156,1.3875479189252065,2,0.01,0.3,0.5,0.0025,1
