,L2,L2_true,N,std,jump,jump_prob,ve,dim
0,4.690573243505329,3.1943215177805913,372,0.01,0.3,0.5,0.01,3
