,L2,L2_true,N,std,jump,jump_prob,ve,dim
0,4.101950591095202,2.2305252588749394,51,0.01,0.3,0.5,0.01,2
