,L2,L2_true,N,std,jump,jump_prob,ve,dim
0,2.7320495104266427,2.7326117919942425,13,0.2,0.3,0.5,0.001,1
