,L2,L2_true,N,std,jump,jump_prob,ve,dim
0,4.908566126268045,4.148653991196309,1637,0.01,0.3,0.5,0.001,2
