,L2,L2_true,N,std,jump,jump_prob,ve,dim
0,15.516112288528678,15.21033557886197,316,0.01,0.3,0.5,0.001,3
