,L2,L2_true,N,std,jump,jump_prob,ve,dim
0,7.277051048865811,6.755012876759942,610,0.01,0.3,0.5,0.001,2
