,L2,L2_true,N,std,jump,jump_prob,ve,dim
0,0.2929496919888776,0.29293520434742165,1637,0.2,0.3,0.5,0.001,1
