,L2,L2_true,N,std,jump,jump_prob,ve,dim
0,0.5709642007267178,0.5306562479138893,372,0.05,0.3,0.5,0.001,1
