,L2,L2_true,N,std,jump,jump_prob,ve,dim
0,3.0542831200522778,0.2714383323251819,439,0.01,0.3,0.5,0.0025,1
