,L2,L2_true,N,std,jump,jump_prob,ve,dim
0,4.046761559667818,2.6120787905991425,7,0.01,0.3,0.5,0.001,1
