,L2,L2_true,N,std,jump,jump_prob,ve,dim
0,3.0326485097595,0.2143952072957813,610,0.01,0.3,0.5,0.0025,1
