,L2,L2_true,N,std,jump,jump_prob,ve,dim
0,7.3492791418323025,6.647841038834979,43,0.01,0.3,0.5,0.001,3
