,L2,L2_true,N,std,jump,jump_prob,ve,dim
0,3.7161157597501684,2.005438293518181,2,0.01,0.3,0.5,0.001,2
