,L2,L2_true,N,std,jump,jump_prob,ve,dim
0,9.840081930784816,9.271765318826523,163,0.01,0.3,0.5,0.0025,3
