,L2,L2_true,N,std,jump,jump_prob,ve,dim
0,3.7051558054165485,2.3321948410028317,22,0.01,0.3,0.5,0.001,1
