,L2,L2_true,N,std,jump,jump_prob,ve,dim
0,8.315638652281068,7.76081587459587,117,0.01,0.3,0.5,0.001,2
