,L2,L2_true,N,std,jump,jump_prob,ve,dim
0,4.140121830528012,3.015222092583241,19,0.01,0.3,0.5,0.001,1
