,L2,L2_true,N,std,jump,jump_prob,ve,dim
0,5.266022476641841,3.931188566290094,43,0.01,0.3,0.5,0.01,3
