,L2,L2_true,N,std,jump,jump_prob,ve,dim
0,8.046827882368698,7.413583737592998,61,0.01,0.3,0.5,0.001,3
