,L2,L2_true,N,std,jump,jump_prob,ve,dim
0,1.3761675637770459,1.376268448399336,100,0.2,0.3,0.5,0.001,1
