,L2,L2_true,N,std,jump,jump_prob,ve,dim
0,3.735009535518293,1.4876005713867657,100,0.01,0.3,0.5,0.01,2
