,L2,L2_true,N,std,jump,jump_prob,ve,dim
0,2.797526625152913,0.9394287136997534,117,0.01,0.3,0.5,0.001,1
