,L2,L2_true,N,std,jump,jump_prob,ve,dim
0,12.558014687054554,12.166479083469872,193,0.01,0.3,0.5,0.001,3
