,L2,L2_true,N,std,jump,jump_prob,ve,dim
0,2.6173441093440744,0.2304999294782037,1389,0.01,0.3,0.5,0.001,1
