,L2,L2_true,N,std,jump,jump_prob,ve,dim
0,4.666625146549204,3.4574361082362306,11,0.01,0.3,0.5,0.001,2
