,L2,L2_true,N,std,jump,jump_prob,ve,dim
0,0.39186252157622686,0.3926071410936694,719,0.2,0.3,0.5,0.001,1
