,L2,L2_true,N,std,jump,jump_prob,ve,dim
0,3.8405990558200873,2.457171937544414,19,0.01,0.3,0.5,0.001,1
