,L2,L2_true,N,std,jump,jump_prob,ve,dim
0,3.7030763856484032,1.819705291826216,11,0.01,0.3,0.5,0.0025,1
