,L2,L2_true,N,std,jump,jump_prob,ve,dim
0,3.6556856903311075,1.0503750090194972,7,0.01,0.3,0.5,0.01,1
