,L2,L2_true,N,std,jump,jump_prob,ve,dim
0,1.0159185033123246,1.016293623653348,163,0.2,0.3,0.5,0.001,1
