,L2,L2_true,N,std,jump,jump_prob,ve,dim
0,1.7180739796284625,1.5950730141694014,4,0.05,0.3,0.5,0.001,1
