,L2,L2_true,N,std,jump,jump_prob,ve,dim
0,2.614375280774974,0.21932484206996067,1637,0.01,0.3,0.5,0.001,1
