,L2,L2_true,N,std,jump,jump_prob,ve,dim
0,3.7645755069908735,1.7881499399442393,4,0.01,0.3,0.5,0.0025,1
