,L2,L2_true,N,std,jump,jump_prob,ve,dim
0,3.307733255028457,1.3267092646089096,51,0.01,0.3,0.5,0.0025,1
