,L2,L2_true,N,std,jump,jump_prob,ve,dim
0,4.743358720775893,3.1685262031275587,19,0.01,0.3,0.5,0.01,3
