,L2,L2_true,N,std,jump,jump_prob,ve,dim
0,3.6171475698681417,1.3299724704129794,1,0.01,0.3,0.5,0.0025,1
