,L2,L2_true,N,std,jump,jump_prob,ve,dim
0,4.273227237787935,2.4250132629176098,16,0.01,0.3,0.5,0.01,2
