,L2,L2_true,N,std,jump,jump_prob,ve,dim
0,4.561149890440226,3.6053494805641737,31,0.01,0.3,0.5,0.001,1
