,L2,L2_true,N,std,jump,jump_prob,ve,dim
0,5.260680927300067,3.955383332073315,193,0.01,0.3,0.5,0.01,3
