,L2,L2_true,N,std,jump,jump_prob,ve,dim
0,1.9310213817926898,1.9317509853459813,7,0.2,0.3,0.5,0.001,1
