,L2,L2_true,N,std,jump,jump_prob,ve,dim
0,5.549809979026108,4.445125614818078,31,0.01,0.3,0.5,0.0025,2
