,L2,L2_true,N,std,jump,jump_prob,ve,dim
0,3.9649971492346268,2.0116751721991246,1000,0.01,0.3,0.5,0.01,3
