,L2,L2_true,N,std,jump,jump_prob,ve,dim
0,0.8993218007331968,0.8762464101960413,163,0.05,0.3,0.5,0.001,1
