,L2,L2_true,N,std,jump,jump_prob,ve,dim
0,4.050570027869637,2.6077594581910017,7,0.01,0.3,0.5,0.001,1
