,L2,L2_true,N,std,jump,jump_prob,ve,dim
0,5.341045173697509,4.157306160311956,19,0.01,0.3,0.5,0.0025,3
