,L2,L2_true,N,std,jump,jump_prob,ve,dim
0,3.0151052761387174,3.030721540980641,22,0.05,0.3,0.5,0.001,1
