,L2,L2_true,N,std,jump,jump_prob,ve,dim
0,0.33126565950221337,0.33146373164868975,1178,0.2,0.3,0.5,0.001,1
