,L2,L2_true,N,std,jump,jump_prob,ve,dim
0,3.521916808946683,0.7728946118005853,10,0.01,0.3,0.5,0.01,1
