,L2,L2_true,N,std,jump,jump_prob,ve,dim
0,2.6101224591715235,0.13697385148098448,3162,0.01,0.3,0.5,0.001,1
