,L2,L2_true,N,std,jump,jump_prob,ve,dim
0,2.08446467997,2.0842621678571547,10,0.2,0.3,0.5,0.001,1
