,L2,L2_true,N,std,jump,jump_prob,ve,dim
0,3.323786156516918,1.3824005352079016,2000,0.01,0.3,0.5,0.0025,2
