,L2,L2_true,N,std,jump,jump_prob,ve,dim
0,5.549318038465674,4.584383580843136,22,0.01,0.3,0.5,0.001,2
