,L2,L2_true,N,std,jump,jump_prob,ve,dim
0,21.726006281947118,21.519546636587624,1000,0.01,0.3,0.5,0.001,3
