,L2,L2_true,N,std,jump,jump_prob,ve,dim
0,5.024151703229958,3.649446975414577,227,0.01,0.3,0.5,0.01,3
