,L2,L2_true,N,std,jump,jump_prob,ve,dim
0,3.4707816186174587,0.5913426041324685,610,0.01,0.3,0.5,0.01,2
