,L2,L2_true,N,std,jump,jump_prob,ve,dim
0,4.0285458478239775,2.619528840251781,610,0.01,0.3,0.5,0.0025,2
