,L2,L2_true,N,std,jump,jump_prob,ve,dim
0,1.5058445427782738,1.4646674291197446,71,0.05,0.3,0.5,0.001,1
