,L2,L2_true,N,std,jump,jump_prob,ve,dim
0,3.2779530127793097,3.274200690157072,26,0.05,0.3,0.5,0.001,1
