,L2,L2_true,N,std,jump,jump_prob,ve,dim
0,3.749878458606951,1.2099303694693029,2,0.01,0.3,0.5,0.01,3
