,L2,L2_true,N,std,jump,jump_prob,ve,dim
0,3.566794487914933,1.0269950338841893,227,0.01,0.3,0.5,0.01,2
