,L2,L2_true,N,std,jump,jump_prob,ve,dim
0,3.6764877273789094,1.4966215267296161,2,0.01,0.3,0.5,0.0025,2
