,L2,L2_true,N,std,jump,jump_prob,ve,dim
0,3.444392253401693,0.564043484803597,719,0.01,0.3,0.5,0.01,2
