,L2,L2_true,N,std,jump,jump_prob,ve,dim
0,3.441849583738639,0.5151847914181382,848,0.01,0.3,0.5,0.01,2
