,L2,L2_true,N,std,jump,jump_prob,ve,dim
0,3.4596609507526894,0.5245075328701699,22,0.01,0.3,0.5,0.01,1
