,L2,L2_true,N,std,jump,jump_prob,ve,dim
0,1.4504002231075255,1.450689511580611,84,0.2,0.3,0.5,0.001,1
