,L2,L2_true,N,std,jump,jump_prob,ve,dim
0,23.91377115102699,23.744357338351577,3000,0.01,0.3,0.5,0.001,3
