,L2,L2_true,N,std,jump,jump_prob,ve,dim
0,8.975271830576727,8.491650076732938,227,0.01,0.3,0.5,0.001,2
