,L2,L2_true,N,std,jump,jump_prob,ve,dim
0,6.139998355200543,5.533338770349533,1000,0.01,0.3,0.5,0.001,2
