,L2,L2_true,N,std,jump,jump_prob,ve,dim
0,3.3317749038435203,1.460703216087882,71,0.01,0.3,0.5,0.0025,1
