,L2,L2_true,N,std,jump,jump_prob,ve,dim
0,4.670088992533666,3.2236484843425965,11,0.01,0.3,0.5,0.0025,3
