,L2,L2_true,N,std,jump,jump_prob,ve,dim
0,5.6748285218502605,4.746023531717265,163,0.01,0.3,0.5,0.0025,2
