,L2,L2_true,N,std,jump,jump_prob,ve,dim
0,4.594822465813433,3.3515617229821304,10,0.01,0.3,0.5,0.001,2
