,L2,L2_true,N,std,jump,jump_prob,ve,dim
0,4.608698310084809,3.1681507153797392,13,0.01,0.3,0.5,0.0025,2
