,L2,L2_true,N,std,jump,jump_prob,ve,dim
0,5.5511983888382135,4.339249134665436,138,0.01,0.3,0.5,0.01,3
