,L2,L2_true,N,std,jump,jump_prob,ve,dim
0,2.0456302058584477,1.9449897226281039,5,0.05,0.3,0.5,0.001,1
