,L2,L2_true,N,std,jump,jump_prob,ve,dim
0,8.726438452255875,8.071711000377569,100,0.01,0.3,0.5,0.0025,3
