,L2,L2_true,N,std,jump,jump_prob,ve,dim
0,6.251657293609621,5.430955663133425,37,0.01,0.3,0.5,0.001,2
