,L2,L2_true,N,std,jump,jump_prob,ve,dim
0,8.541421627724665,7.94918768081248,71,0.01,0.3,0.5,0.001,3
