,L2,L2_true,N,std,jump,jump_prob,ve,dim
0,3.4617867243535523,0.5912838959947279,610,0.01,0.3,0.5,0.01,2
