,L2,L2_true,N,std,jump,jump_prob,ve,dim
0,3.0855892384088093,0.5228428946946617,100,0.01,0.3,0.5,0.0025,1
