,L2,L2_true,N,std,jump,jump_prob,ve,dim
0,0.3171718741910689,0.3175220468412346,1389,0.2,0.3,0.5,0.001,1
