,L2,L2_true,N,std,jump,jump_prob,ve,dim
0,3.8710818478874334,1.600677933604207,5,0.01,0.3,0.5,0.01,2
