,L2,L2_true,N,std,jump,jump_prob,ve,dim
0,2.07628188618733,2.077624667165892,19,0.2,0.3,0.5,0.001,1
