,L2,L2_true,N,std,jump,jump_prob,ve,dim
0,4.811244521367161,3.37235139307376,316,0.01,0.3,0.5,0.01,3
