,L2,L2_true,N,std,jump,jump_prob,ve,dim
0,2.709430620837297,2.681572188382607,16,0.05,0.3,0.5,0.001,1
