,L2,L2_true,N,std,jump,jump_prob,ve,dim
0,3.8800173996669307,2.823760669209661,43,0.01,0.3,0.5,0.001,1
