,L2,L2_true,N,std,jump,jump_prob,ve,dim
0,3.7178680532096005,1.5607788973997165,2,0.01,0.3,0.5,0.0025,2
