,L2,L2_true,N,std,jump,jump_prob,ve,dim
0,4.092995303297306,2.692796304794644,8,0.01,0.3,0.5,0.001,1
