,L2,L2_true,N,std,jump,jump_prob,ve,dim
0,5.749670017950493,4.829633567057706,26,0.01,0.3,0.5,0.001,2
