,L2,L2_true,N,std,jump,jump_prob,ve,dim
0,5.298483329438383,3.973612478324475,43,0.01,0.3,0.5,0.01,3
