,L2,L2_true,N,std,jump,jump_prob,ve,dim
0,5.673011516802873,4.729463188458683,22,0.01,0.3,0.5,0.001,3
