,L2,L2_true,N,std,jump,jump_prob,ve,dim
0,5.7303918739743835,4.677567990612285,43,0.01,0.3,0.5,0.0025,2
