,L2,L2_true,N,std,jump,jump_prob,ve,dim
0,3.4948666769552057,0.7022728968598481,16,0.01,0.3,0.5,0.01,1
