,L2,L2_true,N,std,jump,jump_prob,ve,dim
0,2.1598737619057395,2.157606128066912,10,0.2,0.3,0.5,0.001,1
