,L2,L2_true,N,std,jump,jump_prob,ve,dim
0,3.709273880458618,1.5703576948808975,2,0.01,0.3,0.5,0.0025,2
