,L2,L2_true,N,std,jump,jump_prob,ve,dim
0,2.8149895806915133,1.0410521630288725,117,0.01,0.3,0.5,0.001,1
