,L2,L2_true,N,std,jump,jump_prob,ve,dim
0,3.6731314646554702,2.0703575138968158,1000,0.01,0.3,0.5,0.0025,2
