,L2,L2_true,N,std,jump,jump_prob,ve,dim
0,3.884384667577286,1.8158337925048582,84,0.01,0.3,0.5,0.01,2
