,L2,L2_true,N,std,jump,jump_prob,ve,dim
0,3.9816440797498913,2.037069879789776,1000,0.01,0.3,0.5,0.01,3
