,L2,L2_true,N,std,jump,jump_prob,ve,dim
0,2.6533105299402515,2.653536120016048,19,0.2,0.3,0.5,0.001,1
