,L2,L2_true,N,std,jump,jump_prob,ve,dim
0,4.331114402523545,3.124726818893878,13,0.01,0.3,0.5,0.001,1
