,L2,L2_true,N,std,jump,jump_prob,ve,dim
0,21.0653344241691,20.847763723470553,848,0.01,0.3,0.5,0.001,3
