,L2,L2_true,N,std,jump,jump_prob,ve,dim
0,3.6408236911270713,1.4288354943849106,2,0.01,0.3,0.5,0.0025,1
