,L2,L2_true,N,std,jump,jump_prob,ve,dim
0,8.910509348546062,8.265524069025991,100,0.01,0.3,0.5,0.0025,3
