,L2,L2_true,N,std,jump,jump_prob,ve,dim
0,4.92556128241525,3.81233563401392,16,0.01,0.3,0.5,0.001,2
