,L2,L2_true,N,std,jump,jump_prob,ve,dim
0,18.940691675348816,18.692647389056795,610,0.01,0.3,0.5,0.001,3
