,L2,L2_true,N,std,jump,jump_prob,ve,dim
0,3.358737878779353,1.4208265095847818,1930,0.01,0.3,0.5,0.0025,2
