,L2,L2_true,N,std,jump,jump_prob,ve,dim
0,6.1192080696232285,5.510246172563389,1000,0.01,0.3,0.5,0.001,2
