,L2,L2_true,N,std,jump,jump_prob,ve,dim
0,4.164910368659373,2.2799887965161245,31,0.01,0.3,0.5,0.01,2
