,L2,L2_true,N,std,jump,jump_prob,ve,dim
0,3.4212257145727993,0.12366301368646138,517,0.01,0.3,0.5,0.01,1
