,L2,L2_true,N,std,jump,jump_prob,ve,dim
0,3.8619239427550625,2.454824310824177,16,0.01,0.3,0.5,0.001,1
