,L2,L2_true,N,std,jump,jump_prob,ve,dim
0,2.17435299522246,2.1749753024325935,31,0.2,0.3,0.5,0.001,1
