,L2,L2_true,N,std,jump,jump_prob,ve,dim
0,4.625534115322453,3.1752044660309884,11,0.01,0.3,0.5,0.0025,3
