,L2,L2_true,N,std,jump,jump_prob,ve,dim
0,4.199822420661152,2.3364843515804683,31,0.01,0.3,0.5,0.01,2
