,L2,L2_true,N,std,jump,jump_prob,ve,dim
0,0.6989862625667742,0.6798741335506248,316,0.05,0.3,0.5,0.001,1
