,L2,L2_true,N,std,jump,jump_prob,ve,dim
0,18.148426710781006,17.897254365578288,517,0.01,0.3,0.5,0.001,3
