,L2,L2_true,N,std,jump,jump_prob,ve,dim
0,3.926819411256765,2.3746103914543983,4,0.01,0.3,0.5,0.001,3
