,L2,L2_true,N,std,jump,jump_prob,ve,dim
0,3.770566273291524,1.5829846661295397,100,0.01,0.3,0.5,0.01,2
