,L2,L2_true,N,std,jump,jump_prob,ve,dim
0,3.8875673320562045,1.8340511032251336,84,0.01,0.3,0.5,0.01,2
