,L2,L2_true,N,std,jump,jump_prob,ve,dim
0,1.7510540959963157,1.7539818003507273,61,0.05,0.3,0.5,0.001,1
