,L2,L2_true,N,std,jump,jump_prob,ve,dim
0,3.8076869133956874,1.4126502150659135,3,0.01,0.3,0.5,0.01,3
