,L2,L2_true,N,std,jump,jump_prob,ve,dim
0,2.3629690445012606,2.364134651854633,10,0.2,0.3,0.5,0.001,1
