,L2,L2_true,N,std,jump,jump_prob,ve,dim
0,4.064089963191869,2.5799168093706855,5,0.01,0.3,0.5,0.001,3
