,L2,L2_true,N,std,jump,jump_prob,ve,dim
0,3.6338991608909685,1.8634548586132456,2,0.01,0.3,0.5,0.001,1
