,L2,L2_true,N,std,jump,jump_prob,ve,dim
0,3.610867773741704,1.1686068402775995,163,0.01,0.3,0.5,0.01,2
