,L2,L2_true,N,std,jump,jump_prob,ve,dim
0,3.235648926680897,1.7411962249733668,43,0.01,0.3,0.5,0.001,1
