,L2,L2_true,N,std,jump,jump_prob,ve,dim
0,3.52548575659819,0.7977017593174569,19,0.01,0.3,0.5,0.01,1
