,L2,L2_true,N,std,jump,jump_prob,ve,dim
0,0.9394634560833315,0.9390395981726102,163,0.2,0.3,0.5,0.001,1
