,L2,L2_true,N,std,jump,jump_prob,ve,dim
0,3.054414681822768,0.33977926981944584,227,0.01,0.3,0.5,0.0025,1
