,L2,L2_true,N,std,jump,jump_prob,ve,dim
0,3.413844986790237,0.2691180799357172,100,0.01,0.3,0.5,0.01,1
