,L2,L2_true,N,std,jump,jump_prob,ve,dim
0,4.266754596132177,2.9752410711336723,517,0.01,0.3,0.5,0.0025,2
