,L2,L2_true,N,std,jump,jump_prob,ve,dim
0,23.204990660742226,23.01975759664806,1389,0.01,0.3,0.5,0.001,3
