,L2,L2_true,N,std,jump,jump_prob,ve,dim
0,4.947887321661653,4.172455845873942,1637,0.01,0.3,0.5,0.001,2
