,L2,L2_true,N,std,jump,jump_prob,ve,dim
0,5.409834680243448,4.409921041790312,19,0.01,0.3,0.5,0.001,3
