,L2,L2_true,N,std,jump,jump_prob,ve,dim
0,3.801356473842384,1.638546089411852,100,0.01,0.3,0.5,0.01,2
