,L2,L2_true,N,std,jump,jump_prob,ve,dim
0,10.120162370605975,9.565010734537085,163,0.01,0.3,0.5,0.0025,3
