,L2,L2_true,N,std,jump,jump_prob,ve,dim
0,2.174748732600737,2.091819217943321,6,0.05,0.3,0.5,0.001,1
