,L2,L2_true,N,std,jump,jump_prob,ve,dim
0,3.411077945109182,0.12217304732942537,268,0.01,0.3,0.5,0.01,1
