,L2,L2_true,N,std,jump,jump_prob,ve,dim
0,3.593438667176967,1.6833358263831024,16,0.01,0.3,0.5,0.0025,1
