,L2,L2_true,N,std,jump,jump_prob,ve,dim
0,3.926232885259878,1.7336062351344166,5,0.01,0.3,0.5,0.01,2
