,L2,L2_true,N,std,jump,jump_prob,ve,dim
0,11.612602616559247,11.14710450212475,268,0.01,0.3,0.5,0.0025,3
