,L2,L2_true,N,std,jump,jump_prob,ve,dim
0,3.0470102187566,0.2741922021351713,316,0.01,0.3,0.5,0.0025,1
