,L2,L2_true,N,std,jump,jump_prob,ve,dim
0,3.701049651724969,1.4062587260352972,2000,0.01,0.3,0.5,0.01,3
