,L2,L2_true,N,std,jump,jump_prob,ve,dim
0,8.325424413921915,7.810797978688136,227,0.01,0.3,0.5,0.001,2
