,L2,L2_true,N,std,jump,jump_prob,ve,dim
0,3.1060751062052456,0.7023974188574342,84,0.01,0.3,0.5,0.0025,1
