,L2,L2_true,N,std,jump,jump_prob,ve,dim
0,3.5816620464498827,0.8540264060150905,10,0.01,0.3,0.5,0.01,1
