,L2,L2_true,N,std,jump,jump_prob,ve,dim
0,0.9206209559007943,0.877522636433421,163,0.05,0.3,0.5,0.001,1
