,L2,L2_true,N,std,jump,jump_prob,ve,dim
0,2.3445286636712352,2.344607802357188,19,0.2,0.3,0.5,0.001,1
