,L2,L2_true,N,std,jump,jump_prob,ve,dim
0,8.799117947205742,8.306444088892423,193,0.01,0.3,0.5,0.001,2
