,L2,L2_true,N,std,jump,jump_prob,ve,dim
0,2.109541984618737,2.027208509269707,5,0.05,0.3,0.5,0.001,1
