,L2,L2_true,N,std,jump,jump_prob,ve,dim
0,3.9530441496799744,2.088922355448279,4,0.01,0.3,0.5,0.0025,3
