,L2,L2_true,N,std,jump,jump_prob,ve,dim
0,3.8933011587625947,1.8610423209277054,1178,0.01,0.3,0.5,0.01,3
