,L2,L2_true,N,std,jump,jump_prob,ve,dim
0,24.863621271708638,24.707142458928335,1930,0.01,0.3,0.5,0.001,3
