,L2,L2_true,N,std,jump,jump_prob,ve,dim
0,3.4965748805584105,0.6930980003076559,16,0.01,0.3,0.5,0.01,1
