,L2,L2_true,N,std,jump,jump_prob,ve,dim
0,3.419921035915156,0.03539303351920913,1637,0.01,0.3,0.5,0.01,1
