,L2,L2_true,N,std,jump,jump_prob,ve,dim
0,3.4182579198632665,0.09056233938433111,848,0.01,0.3,0.5,0.01,1
