,L2,L2_true,N,std,jump,jump_prob,ve,dim
0,19.209917512181143,18.976537226836978,610,0.01,0.3,0.5,0.001,3
