,L2,L2_true,N,std,jump,jump_prob,ve,dim
0,3.4719464973190215,0.5025359577332167,848,0.01,0.3,0.5,0.01,2
