,L2,L2_true,N,std,jump,jump_prob,ve,dim
0,2.3601613152096355,2.361985405739436,13,0.2,0.3,0.5,0.001,1
