,L2,L2_true,N,std,jump,jump_prob,ve,dim
0,9.043871628480208,8.573411741687545,227,0.01,0.3,0.5,0.001,2
