,L2,L2_true,N,std,jump,jump_prob,ve,dim
0,6.745650695418282,5.853181217017541,43,0.01,0.3,0.5,0.0025,3
