,L2,L2_true,N,std,jump,jump_prob,ve,dim
0,4.112391993575964,2.759296409118539,11,0.01,0.3,0.5,0.001,1
