,L2,L2_true,N,std,jump,jump_prob,ve,dim
0,3.4114758393175584,0.09028552731112142,517,0.01,0.3,0.5,0.01,1
