,L2,L2_true,N,std,jump,jump_prob,ve,dim
0,3.729235914400582,1.4791443753674978,117,0.01,0.3,0.5,0.01,2
