,L2,L2_true,N,std,jump,jump_prob,ve,dim
0,4.037573123670928,2.0637260490564944,51,0.01,0.3,0.5,0.01,2
