,L2,L2_true,N,std,jump,jump_prob,ve,dim
0,2.4824563602146745,2.4808347365063796,13,0.2,0.3,0.5,0.001,1
