,L2,L2_true,N,std,jump,jump_prob,ve,dim
0,3.1731472896769777,0.9206707394103513,61,0.01,0.3,0.5,0.0025,1
