,L2,L2_true,N,std,jump,jump_prob,ve,dim
0,5.727081380269498,4.811788149318062,193,0.01,0.3,0.5,0.0025,2
