,L2,L2_true,N,std,jump,jump_prob,ve,dim
0,5.547666600449146,4.315584628914773,100,0.01,0.3,0.5,0.01,3
