,L2,L2_true,N,std,jump,jump_prob,ve,dim
0,9.139457709980375,8.58651893162242,84,0.01,0.3,0.5,0.001,3
