,L2,L2_true,N,std,jump,jump_prob,ve,dim
0,2.0873694559008005,2.087196991034105,37,0.2,0.3,0.5,0.001,1
