,L2,L2_true,N,std,jump,jump_prob,ve,dim
0,19.057759889571948,18.815844288989684,610,0.01,0.3,0.5,0.001,3
