,L2,L2_true,N,std,jump,jump_prob,ve,dim
0,3.028010793498824,0.12483222584383488,1637,0.01,0.3,0.5,0.0025,1
