,L2,L2_true,N,std,jump,jump_prob,ve,dim
0,3.740783349431077,3.687509096158722,11,0.05,0.3,0.5,0.001,1
