,L2,L2_true,N,std,jump,jump_prob,ve,dim
0,3.6188220090084497,0.7446853396723232,1,0.01,0.3,0.5,0.01,3
