,L2,L2_true,N,std,jump,jump_prob,ve,dim
0,3.4368929174689127,0.38515653128164234,1389,0.01,0.3,0.5,0.01,2
