,L2,L2_true,N,std,jump,jump_prob,ve,dim
0,1.4331812147663323,1.4092716046694265,84,0.05,0.3,0.5,0.001,1
