,L2,L2_true,N,std,jump,jump_prob,ve,dim
0,4.245559550248378,2.8891187488628054,7,0.01,0.3,0.5,0.001,3
