,L2,L2_true,N,std,jump,jump_prob,ve,dim
0,8.217379726593524,7.641598294896205,117,0.01,0.3,0.5,0.001,2
