,L2,L2_true,N,std,jump,jump_prob,ve,dim
0,3.8089047095399797,1.8943720841021159,7,0.01,0.3,0.5,0.0025,1
