,L2,L2_true,N,std,jump,jump_prob,ve,dim
0,2.6285906579963143,0.21442220138560827,1389,0.01,0.3,0.5,0.001,1
