,L2,L2_true,N,std,jump,jump_prob,ve,dim
0,3.034060488358746,0.41711647661927564,138,0.01,0.3,0.5,0.0025,1
