,L2,L2_true,N,std,jump,jump_prob,ve,dim
0,4.360896022864735,2.764688556528251,8,0.01,0.3,0.5,0.0025,3
