,L2,L2_true,N,std,jump,jump_prob,ve,dim
0,12.774998320997206,12.37430288221958,719,0.01,0.3,0.5,0.0025,3
