,L2,L2_true,N,std,jump,jump_prob,ve,dim
0,3.447936346885386,0.5408981068525187,43,0.01,0.3,0.5,0.01,1
