,L2,L2_true,N,std,jump,jump_prob,ve,dim
0,6.803843271754483,5.918859561961008,43,0.01,0.3,0.5,0.0025,3
