,L2,L2_true,N,std,jump,jump_prob,ve,dim
0,12.316370835596032,11.891484741855175,610,0.01,0.3,0.5,0.0025,3
