,L2,L2_true,N,std,jump,jump_prob,ve,dim
0,3.613644112300036,0.7446145767364609,1,0.01,0.3,0.5,0.01,1
