,L2,L2_true,N,std,jump,jump_prob,ve,dim
0,4.456268568341203,2.6988645960610373,13,0.01,0.3,0.5,0.01,3
