,L2,L2_true,N,std,jump,jump_prob,ve,dim
0,3.5474292538175862,0.9769491473198619,227,0.01,0.3,0.5,0.01,2
