,L2,L2_true,N,std,jump,jump_prob,ve,dim
0,3.59618562600676,1.1137056718834781,193,0.01,0.3,0.5,0.01,2
