,L2,L2_true,N,std,jump,jump_prob,ve,dim
0,3.90078288772623,1.7132044113071394,7,0.01,0.3,0.5,0.01,1
