,L2,L2_true,N,std,jump,jump_prob,ve,dim
0,0.3777534614561784,0.3703167248121418,1,0.2,0.3,0.5,0.001,1
