,L2,L2_true,N,std,jump,jump_prob,ve,dim
0,9.156758586367799,8.604236801666394,84,0.01,0.3,0.5,0.001,3
