,L2,L2_true,N,std,jump,jump_prob,ve,dim
0,2.6410839561888007,0.526357285629334,227,0.01,0.3,0.5,0.001,1
