,L2,L2_true,N,std,jump,jump_prob,ve,dim
0,6.4686937076328865,5.6514430434910405,31,0.01,0.3,0.5,0.001,3
