,L2,L2_true,N,std,jump,jump_prob,ve,dim
0,2.108883628858898,2.1097515124972994,7,0.2,0.3,0.5,0.001,1
