,L2,L2_true,N,std,jump,jump_prob,ve,dim
0,1.843525833982455,1.724421596750621,4,0.05,0.3,0.5,0.001,1
