,L2,L2_true,N,std,jump,jump_prob,ve,dim
0,2.0752627478988335,1.972409567885514,8,0.05,0.3,0.5,0.001,1
