,L2,L2_true,N,std,jump,jump_prob,ve,dim
0,3.8001239600218115,2.3278432613826765,37,0.01,0.3,0.5,0.0025,1
