,L2,L2_true,N,std,jump,jump_prob,ve,dim
0,2.133317604384642,2.047859850904204,5,0.05,0.3,0.5,0.001,1
