,L2,L2_true,N,std,jump,jump_prob,ve,dim
0,1.8726315605685933,1.8785614488545206,51,0.05,0.3,0.5,0.001,1
