,L2,L2_true,N,std,jump,jump_prob,ve,dim
0,4.553683093112788,3.711244251079676,2000,0.01,0.3,0.5,0.001,2
