,L2,L2_true,N,std,jump,jump_prob,ve,dim
0,4.10179316971453,2.3515736589063883,6,0.01,0.3,0.5,0.0025,2
