,L2,L2_true,N,std,jump,jump_prob,ve,dim
0,3.666080804224381,1.3176107424073118,163,0.01,0.3,0.5,0.01,2
