,L2,L2_true,N,std,jump,jump_prob,ve,dim
0,3.031789736544302,0.11368615403898281,2682,0.01,0.3,0.5,0.0025,1
