,L2,L2_true,N,std,jump,jump_prob,ve,dim
0,3.595286566447967,0.771468549705932,2,0.01,0.3,0.5,0.01,1
