,L2,L2_true,N,std,jump,jump_prob,ve,dim
0,4.261982975367447,2.635763811601119,7,0.01,0.3,0.5,0.0025,3
