,L2,L2_true,N,std,jump,jump_prob,ve,dim
0,1.21208898131763,1.2120533472904587,117,0.2,0.3,0.5,0.001,1
