,L2,L2_true,N,std,jump,jump_prob,ve,dim
0,2.398498285368394,2.3991391346791233,16,0.2,0.3,0.5,0.001,1
