,L2,L2_true,N,std,jump,jump_prob,ve,dim
0,2.714946033125326,2.693116077234075,19,0.05,0.3,0.5,0.001,1
