,L2,L2_true,N,std,jump,jump_prob,ve,dim
0,1.4456579759058805,1.2977617626229716,2,0.05,0.3,0.5,0.001,1
