,L2,L2_true,N,std,jump,jump_prob,ve,dim
0,2.6805623439411943,2.610392342770957,10,0.05,0.3,0.5,0.001,1
