,L2,L2_true,N,std,jump,jump_prob,ve,dim
0,8.046189661425538,7.475038677529267,117,0.01,0.3,0.5,0.001,2
