,L2,L2_true,N,std,jump,jump_prob,ve,dim
0,4.589179472659527,3.3449890096581525,10,0.01,0.3,0.5,0.001,3
