,L2,L2_true,N,std,jump,jump_prob,ve,dim
0,6.030504214811712,5.405686758942556,1000,0.01,0.3,0.5,0.001,2
