,L2,L2_true,N,std,jump,jump_prob,ve,dim
0,3.447707343653304,0.4596305622450525,1000,0.01,0.3,0.5,0.01,2
