,L2,L2_true,N,std,jump,jump_prob,ve,dim
0,9.733489266973205,9.21353709472975,100,0.01,0.3,0.5,0.001,3
