,L2,L2_true,N,std,jump,jump_prob,ve,dim
0,4.212907053753504,2.8125030903825663,6,0.01,0.3,0.5,0.001,2
