,L2,L2_true,N,std,jump,jump_prob,ve,dim
0,0.8637828785986975,0.8342507032231136,193,0.05,0.3,0.5,0.001,1
