,L2,L2_true,N,std,jump,jump_prob,ve,dim
0,0.47660378649596447,0.4188012723644028,610,0.05,0.3,0.5,0.001,1
