,L2,L2_true,N,std,jump,jump_prob,ve,dim
0,3.9367923511816887,1.900883063368952,51,0.01,0.3,0.5,0.01,2
