,L2,L2_true,N,std,jump,jump_prob,ve,dim
0,12.340478306346755,11.90934763677624,517,0.01,0.3,0.5,0.0025,3
