,L2,L2_true,N,std,jump,jump_prob,ve,dim
0,2.615579071927755,0.14563542240547112,2682,0.01,0.3,0.5,0.001,1
