,L2,L2_true,N,std,jump,jump_prob,ve,dim
0,3.9319120998601327,2.114537258139941,6,0.01,0.3,0.5,0.0025,1
