,L2,L2_true,N,std,jump,jump_prob,ve,dim
0,0.7406860067980454,0.7350536405173527,227,0.05,0.3,0.5,0.001,1
