,L2,L2_true,N,std,jump,jump_prob,ve,dim
0,2.672026023081055,0.564216984245768,439,0.01,0.3,0.5,0.001,1
