,L2,L2_true,N,std,jump,jump_prob,ve,dim
0,4.283893763263958,2.9275272687867555,7,0.01,0.3,0.5,0.001,3
