,L2,L2_true,N,std,jump,jump_prob,ve,dim
0,3.0394570549484725,0.15045903292366067,1000,0.01,0.3,0.5,0.0025,1
