,L2,L2_true,N,std,jump,jump_prob,ve,dim
0,6.692010895146198,5.904018651567969,37,0.01,0.3,0.5,0.001,3
