,L2,L2_true,N,std,jump,jump_prob,ve,dim
0,1.442854132298389,1.294052235615315,2,0.05,0.3,0.5,0.001,1
