,L2,L2_true,N,std,jump,jump_prob,ve,dim
0,8.377719943359462,7.895968923472715,316,0.01,0.3,0.5,0.001,2
