,L2,L2_true,N,std,jump,jump_prob,ve,dim
0,1.3481385535852668,1.1770672448355073,1,0.05,0.3,0.5,0.001,1
