,L2,L2_true,N,std,jump,jump_prob,ve,dim
0,3.670117191841325,2.0307626583737486,1000,0.01,0.3,0.5,0.0025,2
