,L2,L2_true,N,std,jump,jump_prob,ve,dim
0,3.6201023672024304,1.3293503541548626,1,0.01,0.3,0.5,0.0025,1
