,L2,L2_true,N,std,jump,jump_prob,ve,dim
0,4.18553550410235,2.278383141523153,19,0.01,0.3,0.5,0.01,2
