,L2,L2_true,N,std,jump,jump_prob,ve,dim
0,3.427859429763781,0.3492680192507985,1637,0.01,0.3,0.5,0.01,2
