,L2,L2_true,N,std,jump,jump_prob,ve,dim
0,3.721612468583182,2.001775635288009,3,0.01,0.3,0.5,0.001,1
