,L2,L2_true,N,std,jump,jump_prob,ve,dim
0,24.842158078858542,24.680082235403468,1930,0.01,0.3,0.5,0.001,3
