,L2,L2_true,N,std,jump,jump_prob,ve,dim
0,3.4204196347404525,0.12743073527408114,610,0.01,0.3,0.5,0.01,1
