,L2,L2_true,N,std,jump,jump_prob,ve,dim
0,19.211826544447685,18.969949962989407,610,0.01,0.3,0.5,0.001,3
