,L2,L2_true,N,std,jump,jump_prob,ve,dim
0,1.7711328044034396,1.7713258948816968,51,0.2,0.3,0.5,0.001,1
