,L2,L2_true,N,std,jump,jump_prob,ve,dim
0,1.306674728492236,1.3068802573089917,3,0.2,0.3,0.5,0.001,1
