,L2,L2_true,N,std,jump,jump_prob,ve,dim
0,4.033273331185851,2.2331889850447135,5,0.01,0.3,0.5,0.0025,2
