,L2,L2_true,N,std,jump,jump_prob,ve,dim
0,4.019770220167952,2.5643047350360977,7,0.01,0.3,0.5,0.001,1
