,L2,L2_true,N,std,jump,jump_prob,ve,dim
0,0.5408997310407385,0.5145761720581244,372,0.05,0.3,0.5,0.001,1
