,L2,L2_true,N,std,jump,jump_prob,ve,dim
0,3.5475257919274896,0.9930883704080985,227,0.01,0.3,0.5,0.01,2
