,L2,L2_true,N,std,jump,jump_prob,ve,dim
0,6.2338775752401885,5.254803394524341,31,0.01,0.3,0.5,0.0025,3
