,L2,L2_true,N,std,jump,jump_prob,ve,dim
0,4.231365912137367,2.840620141553726,6,0.01,0.3,0.5,0.001,3
