,L2,L2_true,N,std,jump,jump_prob,ve,dim
0,3.4193030806176083,0.09978834820096287,372,0.01,0.3,0.5,0.01,1
