,L2,L2_true,N,std,jump,jump_prob,ve,dim
0,0.69637897269675,0.6508543788742338,372,0.05,0.3,0.5,0.001,1
