,L2,L2_true,N,std,jump,jump_prob,ve,dim
0,21.373655344305487,21.162811418432902,1000,0.01,0.3,0.5,0.001,3
