,L2,L2_true,N,std,jump,jump_prob,ve,dim
0,6.543791989340157,5.764352351283502,43,0.01,0.3,0.5,0.001,2
