,L2,L2_true,N,std,jump,jump_prob,ve,dim
0,3.1609012217746413,1.8015849487299829,84,0.01,0.3,0.5,0.001,1
