,L2,L2_true,N,std,jump,jump_prob,ve,dim
0,20.044463628778523,19.817087613820824,719,0.01,0.3,0.5,0.001,3
