,L2,L2_true,N,std,jump,jump_prob,ve,dim
0,4.0301031279057105,1.9547904576903423,11,0.01,0.3,0.5,0.01,2
