,L2,L2_true,N,std,jump,jump_prob,ve,dim
0,3.6353280916171156,1.3729573370748833,2,0.01,0.3,0.5,0.0025,1
