,L2,L2_true,N,std,jump,jump_prob,ve,dim
0,5.132198078065398,3.8956891009840113,16,0.01,0.3,0.5,0.0025,3
