,L2,L2_true,N,std,jump,jump_prob,ve,dim
0,3.0294204888519234,0.12675946861951337,1637,0.01,0.3,0.5,0.0025,1
