,L2,L2_true,N,std,jump,jump_prob,ve,dim
0,3.8660342516782937,2.2409938420631295,3,0.01,0.3,0.5,0.001,3
