,L2,L2_true,N,std,jump,jump_prob,ve,dim
0,3.80168485305896,2.2759384019489826,848,0.01,0.3,0.5,0.0025,2
