,L2,L2_true,N,std,jump,jump_prob,ve,dim
0,1.56345392552341,1.5663591498438587,4,0.2,0.3,0.5,0.001,1
