,L2,L2_true,N,std,jump,jump_prob,ve,dim
0,2.5521018898536822,2.5524672391773793,19,0.2,0.3,0.5,0.001,1
