,L2,L2_true,N,std,jump,jump_prob,ve,dim
0,3.8251643548161414,1.81818376905254,3,0.01,0.3,0.5,0.0025,3
