,L2,L2_true,N,std,jump,jump_prob,ve,dim
0,4.328801692538315,3.4421395331962383,2275,0.01,0.3,0.5,0.001,2
