,L2,L2_true,N,std,jump,jump_prob,ve,dim
0,0.5364743280128406,0.4835088840162659,439,0.05,0.3,0.5,0.001,1
