,L2,L2_true,N,std,jump,jump_prob,ve,dim
0,4.554110547734227,3.07624089146769,11,0.01,0.3,0.5,0.0025,2
