,L2,L2_true,N,std,jump,jump_prob,ve,dim
0,3.534580305114565,2.2771968811125984,37,0.01,0.3,0.5,0.001,1
