,L2,L2_true,N,std,jump,jump_prob,ve,dim
0,4.5835442036347125,3.0952656300592594,10,0.01,0.3,0.5,0.0025,3
