,L2,L2_true,N,std,jump,jump_prob,ve,dim
0,5.5100272343694785,4.269306374129356,71,0.01,0.3,0.5,0.01,3
