,L2,L2_true,N,std,jump,jump_prob,ve,dim
0,9.982810716206831,9.432462837372857,163,0.01,0.3,0.5,0.0025,3
