,L2,L2_true,N,std,jump,jump_prob,ve,dim
0,5.516928394065893,4.554473766144624,193,0.01,0.3,0.5,0.0025,2
