,L2,L2_true,N,std,jump,jump_prob,ve,dim
0,4.636423916968549,3.0033821395777243,16,0.01,0.3,0.5,0.01,3
