,L2,L2_true,N,std,jump,jump_prob,ve,dim
0,3.580849183547033,1.069539002494528,11,0.01,0.3,0.5,0.01,1
