,L2,L2_true,N,std,jump,jump_prob,ve,dim
0,3.0983270500703823,0.5376768075981879,138,0.01,0.3,0.5,0.0025,1
