,L2,L2_true,N,std,jump,jump_prob,ve,dim
0,2.3025612033369485,2.211822022783269,8,0.05,0.3,0.5,0.001,1
