,L2,L2_true,N,std,jump,jump_prob,ve,dim
0,3.2800351542786994,3.2582879385977788,22,0.05,0.3,0.5,0.001,1
