,L2,L2_true,N,std,jump,jump_prob,ve,dim
0,23.67114212177946,23.486311180914324,1637,0.01,0.3,0.5,0.001,3
