,L2,L2_true,N,std,jump,jump_prob,ve,dim
0,3.562759579220208,0.9936291594302782,227,0.01,0.3,0.5,0.01,2
