,L2,L2_true,N,std,jump,jump_prob,ve,dim
0,4.060653472668502,2.316345433667295,5,0.01,0.3,0.5,0.0025,3
