,L2,L2_true,N,std,jump,jump_prob,ve,dim
0,12.79125318484678,12.411596857766046,193,0.01,0.3,0.5,0.001,3
