,L2,L2_true,N,std,jump,jump_prob,ve,dim
0,0.6987352813287391,0.6557838933013034,268,0.05,0.3,0.5,0.001,1
