,L2,L2_true,N,std,jump,jump_prob,ve,dim
0,3.5693074824459687,1.0105506176045747,16,0.01,0.3,0.5,0.01,1
