,L2,L2_true,N,std,jump,jump_prob,ve,dim
0,4.00118391998012,1.8564827680848728,5,0.01,0.3,0.5,0.01,3
