,L2,L2_true,N,std,jump,jump_prob,ve,dim
0,4.217208296629494,2.5455112712349077,7,0.01,0.3,0.5,0.0025,2
