,L2,L2_true,N,std,jump,jump_prob,ve,dim
0,3.6734132172723393,1.461357171976984,2,0.01,0.3,0.5,0.0025,2
