,L2,L2_true,N,std,jump,jump_prob,ve,dim
0,3.695827070244209,1.0655598689017565,2,0.01,0.3,0.5,0.01,3
