,L2,L2_true,N,std,jump,jump_prob,ve,dim
0,3.455648121987975,0.5271685426968109,719,0.01,0.3,0.5,0.01,2
