,L2,L2_true,N,std,jump,jump_prob,ve,dim
0,3.6420727710361067,1.2231415435522686,163,0.01,0.3,0.5,0.01,2
