,L2,L2_true,N,std,jump,jump_prob,ve,dim
0,3.8208488784856462,1.842491204377034,4,0.01,0.3,0.5,0.0025,1
