,L2,L2_true,N,std,jump,jump_prob,ve,dim
0,3.6083547673658414,0.7450052206596005,1,0.01,0.3,0.5,0.01,1
