,L2,L2_true,N,std,jump,jump_prob,ve,dim
0,3.845605488218135,2.1288824984919046,13,0.01,0.3,0.5,0.0025,1
