,L2,L2_true,N,std,jump,jump_prob,ve,dim
0,9.721725423892398,9.14124923424157,138,0.01,0.3,0.5,0.0025,3
