,L2,L2_true,N,std,jump,jump_prob,ve,dim
0,5.455870482279214,4.185557139697769,84,0.01,0.3,0.5,0.01,3
