,L2,L2_true,N,std,jump,jump_prob,ve,dim
0,3.3611406326494913,1.4500314819552917,1930,0.01,0.3,0.5,0.0025,2
