,L2,L2_true,N,std,jump,jump_prob,ve,dim
0,3.350173232047989,1.4186732695026776,1930,0.01,0.3,0.5,0.0025,2
