,L2,L2_true,N,std,jump,jump_prob,ve,dim
0,6.066941531018884,5.448978965471351,1000,0.01,0.3,0.5,0.001,2
