,L2,L2_true,N,std,jump,jump_prob,ve,dim
0,3.6854141797250413,1.3782323130117462,138,0.01,0.3,0.5,0.01,2
