,L2,L2_true,N,std,jump,jump_prob,ve,dim
0,3.843506615981856,1.9757055947609257,7,0.01,0.3,0.5,0.0025,1
