,L2,L2_true,N,std,jump,jump_prob,ve,dim
0,4.349876567001984,3.0692375979889173,10,0.01,0.3,0.5,0.001,1
