,L2,L2_true,N,std,jump,jump_prob,ve,dim
0,6.100231128762666,5.489657231503186,1000,0.01,0.3,0.5,0.001,2
