,L2,L2_true,N,std,jump,jump_prob,ve,dim
0,3.9677853238269103,1.8109406765561198,5,0.01,0.3,0.5,0.01,3
