,L2,L2_true,N,std,jump,jump_prob,ve,dim
0,3.0365087248370304,0.24547787263896087,316,0.01,0.3,0.5,0.0025,1
