,L2,L2_true,N,std,jump,jump_prob,ve,dim
0,4.830930396084406,3.4016918997528105,316,0.01,0.3,0.5,0.01,3
