,L2,L2_true,N,std,jump,jump_prob,ve,dim
0,12.811487442303095,12.399562754891441,439,0.01,0.3,0.5,0.0025,3
