,L2,L2_true,N,std,jump,jump_prob,ve,dim
0,3.631791314665577,0.9573378544261714,2,0.01,0.3,0.5,0.01,1
