,L2,L2_true,N,std,jump,jump_prob,ve,dim
0,3.646089757402768,2.0141739974873447,1000,0.01,0.3,0.5,0.0025,2
