,L2,L2_true,N,std,jump,jump_prob,ve,dim
0,3.7325039456036726,1.4692002231347994,117,0.01,0.3,0.5,0.01,2
