,L2,L2_true,N,std,jump,jump_prob,ve,dim
0,5.130275282252064,3.7850649796347775,227,0.01,0.3,0.5,0.01,3
