,L2,L2_true,N,std,jump,jump_prob,ve,dim
0,2.6906063698514524,0.610472246195206,193,0.01,0.3,0.5,0.001,1
