,L2,L2_true,N,std,jump,jump_prob,ve,dim
0,2.66304798833361,2.663340394581631,16,0.2,0.3,0.5,0.001,1
