,L2,L2_true,N,std,jump,jump_prob,ve,dim
0,1.0317979870197427,1.0314731477760557,163,0.2,0.3,0.5,0.001,1
