,L2,L2_true,N,std,jump,jump_prob,ve,dim
0,4.282224501791772,2.9021896637149625,7,0.01,0.3,0.5,0.001,3
