,L2,L2_true,N,std,jump,jump_prob,ve,dim
0,7.242283311712711,6.559441447933839,71,0.01,0.3,0.5,0.001,2
