,L2,L2_true,N,std,jump,jump_prob,ve,dim
0,3.8595497656177233,1.5521012818539768,4,0.01,0.3,0.5,0.01,2
