,L2,L2_true,N,std,jump,jump_prob,ve,dim
0,0.40446377027348873,0.29904926405967397,1178,0.05,0.3,0.5,0.001,1
