,L2,L2_true,N,std,jump,jump_prob,ve,dim
0,5.097766006321568,3.677188184888233,31,0.01,0.3,0.5,0.01,3
