,L2,L2_true,N,std,jump,jump_prob,ve,dim
0,1.6978953711555478,1.698284860486467,5,0.2,0.3,0.5,0.001,1
