,L2,L2_true,N,std,jump,jump_prob,ve,dim
0,4.609076112338042,3.3905857217620734,11,0.01,0.3,0.5,0.001,2
