,L2,L2_true,N,std,jump,jump_prob,ve,dim
0,3.9090087131820326,2.49507877224129,8,0.01,0.3,0.5,0.001,1
