,L2,L2_true,N,std,jump,jump_prob,ve,dim
0,0.415910782004104,0.3430591833657276,1000,0.05,0.3,0.5,0.001,1
