,L2,L2_true,N,std,jump,jump_prob,ve,dim
0,1.5035513049426592,1.4892777260856427,84,0.05,0.3,0.5,0.001,1
