,L2,L2_true,N,std,jump,jump_prob,ve,dim
0,2.864915473170501,2.866092482303052,26,0.2,0.3,0.5,0.001,1
