,L2,L2_true,N,std,jump,jump_prob,ve,dim
0,2.738775129357085,2.713916783880388,19,0.05,0.3,0.5,0.001,1
