,L2,L2_true,N,std,jump,jump_prob,ve,dim
0,11.978283929137936,11.551817806437084,1178,0.01,0.3,0.5,0.0025,3
