,L2,L2_true,N,std,jump,jump_prob,ve,dim
0,13.51305036467553,13.155698053472642,227,0.01,0.3,0.5,0.001,3
