,L2,L2_true,N,std,jump,jump_prob,ve,dim
0,1.1233842488735009,1.1195450898920827,2,0.2,0.3,0.5,0.001,1
