,L2,L2_true,N,std,jump,jump_prob,ve,dim
0,3.6123363403146227,1.8024558587574073,1,0.01,0.3,0.5,0.001,1
