,L2,L2_true,N,std,jump,jump_prob,ve,dim
0,2.75122344534712,0.984104770351835,163,0.01,0.3,0.5,0.001,1
