,L2,L2_true,N,std,jump,jump_prob,ve,dim
0,3.703754260645773,1.3991037777282112,117,0.01,0.3,0.5,0.01,2
