,L2,L2_true,N,std,jump,jump_prob,ve,dim
0,3.864767897055574,2.285237413644097,4,0.01,0.3,0.5,0.001,1
