,L2,L2_true,N,std,jump,jump_prob,ve,dim
0,6.240232695244869,5.385284965921286,117,0.01,0.3,0.5,0.0025,2
