,L2,L2_true,N,std,jump,jump_prob,ve,dim
0,3.858680525458313,2.2394910776556456,3,0.01,0.3,0.5,0.001,3
