,L2,L2_true,N,std,jump,jump_prob,ve,dim
0,5.907398097243404,5.023165089859091,26,0.01,0.3,0.5,0.001,2
