,L2,L2_true,N,std,jump,jump_prob,ve,dim
0,2.6651617820829956,2.5883919179777983,11,0.05,0.3,0.5,0.001,1
