,L2,L2_true,N,std,jump,jump_prob,ve,dim
0,3.1342337256591324,0.7865823553966175,100,0.01,0.3,0.5,0.0025,1
