,L2,L2_true,N,std,jump,jump_prob,ve,dim
0,12.82101323544237,12.423150341140365,517,0.01,0.3,0.5,0.0025,3
