,L2,L2_true,N,std,jump,jump_prob,ve,dim
0,4.922966864067824,3.7921735593573493,13,0.01,0.3,0.5,0.001,3
