,L2,L2_true,N,std,jump,jump_prob,ve,dim
0,2.6332563453339,0.29035513830968107,1000,0.01,0.3,0.5,0.001,1
