,L2,L2_true,N,std,jump,jump_prob,ve,dim
0,5.929838450902891,4.892037374675829,26,0.01,0.3,0.5,0.0025,3
