,L2,L2_true,N,std,jump,jump_prob,ve,dim
0,2.4113969803564426,2.4030686617290486,16,0.05,0.3,0.5,0.001,1
