,L2,L2_true,N,std,jump,jump_prob,ve,dim
0,3.7162808371704594,1.1355178373417074,2,0.01,0.3,0.5,0.01,3
