,L2,L2_true,N,std,jump,jump_prob,ve,dim
0,3.0353979813205187,0.28588293739413706,268,0.01,0.3,0.5,0.0025,1
