,L2,L2_true,N,std,jump,jump_prob,ve,dim
0,2.001842738091066,2.001389438306627,37,0.2,0.3,0.5,0.001,1
