,L2,L2_true,N,std,jump,jump_prob,ve,dim
0,5.074023649873955,4.035096824469863,268,0.01,0.3,0.5,0.0025,2
