,L2,L2_true,N,std,jump,jump_prob,ve,dim
0,0.29142561299088265,0.2918392192969343,1637,0.2,0.3,0.5,0.001,1
