,L2,L2_true,N,std,jump,jump_prob,ve,dim
0,2.59937419890142,2.548553280062182,10,0.05,0.3,0.5,0.001,1
