,L2,L2_true,N,std,jump,jump_prob,ve,dim
0,3.4197371764026374,0.07843258096382785,1637,0.01,0.3,0.5,0.01,1
