,L2,L2_true,N,std,jump,jump_prob,ve,dim
0,5.249942804842457,3.951818356265266,163,0.01,0.3,0.5,0.01,3
