,L2,L2_true,N,std,jump,jump_prob,ve,dim
0,6.264435524058747,5.383159453954957,84,0.01,0.3,0.5,0.0025,2
