,L2,L2_true,N,std,jump,jump_prob,ve,dim
0,3.6215375886131906,0.7447539660603039,1,0.01,0.3,0.5,0.01,3
