,L2,L2_true,N,std,jump,jump_prob,ve,dim
0,3.2619563625935117,1.2081646727094553,43,0.01,0.3,0.5,0.0025,1
