,L2,L2_true,N,std,jump,jump_prob,ve,dim
0,5.029113916628669,3.6665577696545446,227,0.01,0.3,0.5,0.01,3
