,L2,L2_true,N,std,jump,jump_prob,ve,dim
0,1.9531350365304427,1.9528797677940164,7,0.2,0.3,0.5,0.001,1
