,L2,L2_true,N,std,jump,jump_prob,ve,dim
0,2.3936298268320884,2.393566024828572,11,0.2,0.3,0.5,0.001,1
