,L2,L2_true,N,std,jump,jump_prob,ve,dim
0,3.4235680483634385,0.3279239348104025,51,0.01,0.3,0.5,0.01,1
