,L2,L2_true,N,std,jump,jump_prob,ve,dim
0,0.37764807114578625,0.3702136248548793,1,0.2,0.3,0.5,0.001,1
