,L2,L2_true,N,std,jump,jump_prob,ve,dim
0,3.610993022263609,0.7444477871656635,1,0.01,0.3,0.5,0.01,2
