,L2,L2_true,N,std,jump,jump_prob,ve,dim
0,3.559722046706684,0.8599765013585081,10,0.01,0.3,0.5,0.01,1
