,L2,L2_true,N,std,jump,jump_prob,ve,dim
0,0.6519576006628456,0.60178140074505,372,0.05,0.3,0.5,0.001,1
