,L2,L2_true,N,std,jump,jump_prob,ve,dim
0,4.797856480876646,3.3625563413441526,316,0.01,0.3,0.5,0.01,3
