,L2,L2_true,N,std,jump,jump_prob,ve,dim
0,4.159679039376278,2.728920569377588,6,0.01,0.3,0.5,0.001,2
