,L2,L2_true,N,std,jump,jump_prob,ve,dim
0,12.57779876841245,12.155874155968277,439,0.01,0.3,0.5,0.0025,3
