,L2,L2_true,N,std,jump,jump_prob,ve,dim
0,3.616189298470012,1.8020608371041957,1,0.01,0.3,0.5,0.001,1
