,L2,L2_true,N,std,jump,jump_prob,ve,dim
0,1.8785116993228987,1.757439912740409,2,0.05,0.3,0.5,0.001,1
