,L2,L2_true,N,std,jump,jump_prob,ve,dim
0,5.959323352609427,5.052749990004308,117,0.01,0.3,0.5,0.0025,2
