,L2,L2_true,N,std,jump,jump_prob,ve,dim
0,12.829515898789019,12.429415681062297,610,0.01,0.3,0.5,0.0025,3
