,L2,L2_true,N,std,jump,jump_prob,ve,dim
0,4.599677331122638,3.3612597507292468,10,0.01,0.3,0.5,0.001,3
