,L2,L2_true,N,std,jump,jump_prob,ve,dim
0,12.329112882725504,11.88776653352657,372,0.01,0.3,0.5,0.0025,3
