,L2,L2_true,N,std,jump,jump_prob,ve,dim
0,2.632757060001974,0.24537486199392564,1389,0.01,0.3,0.5,0.001,1
