,L2,L2_true,N,std,jump,jump_prob,ve,dim
0,1.230764487305918,1.208717357958811,138,0.05,0.3,0.5,0.001,1
