,L2,L2_true,N,std,jump,jump_prob,ve,dim
0,6.176225475946056,5.285845573007606,84,0.01,0.3,0.5,0.0025,2
