,L2,L2_true,N,std,jump,jump_prob,ve,dim
0,3.6072978208584185,1.8000990722415513,1,0.01,0.3,0.5,0.001,1
