,L2,L2_true,N,std,jump,jump_prob,ve,dim
0,7.6382661384657125,6.999274539528974,71,0.01,0.3,0.5,0.001,2
