,L2,L2_true,N,std,jump,jump_prob,ve,dim
0,3.617343638260767,0.7448397973054034,1,0.01,0.3,0.5,0.01,1
