,L2,L2_true,N,std,jump,jump_prob,ve,dim
0,16.906626455232587,16.63530213462565,439,0.01,0.3,0.5,0.001,3
