,L2,L2_true,N,std,jump,jump_prob,ve,dim
0,3.978146143381507,1.9990742400594699,61,0.01,0.3,0.5,0.01,2
