,L2,L2_true,N,std,jump,jump_prob,ve,dim
0,11.374889736086468,10.890912047785609,268,0.01,0.3,0.5,0.0025,3
