,L2,L2_true,N,std,jump,jump_prob,ve,dim
0,3.5400085004552353,0.9061070819019627,268,0.01,0.3,0.5,0.01,2
