,L2,L2_true,N,std,jump,jump_prob,ve,dim
0,11.817538758791258,11.407442159105434,163,0.01,0.3,0.5,0.001,3
