,L2,L2_true,N,std,jump,jump_prob,ve,dim
0,3.850185153494124,2.2913805953058093,5,0.01,0.3,0.5,0.001,1
