,L2,L2_true,N,std,jump,jump_prob,ve,dim
0,6.184768782364303,5.289004881650696,84,0.01,0.3,0.5,0.0025,2
