,L2,L2_true,N,std,jump,jump_prob,ve,dim
0,3.4172110843033927,0.25152042347275655,84,0.01,0.3,0.5,0.01,1
