,L2,L2_true,N,std,jump,jump_prob,ve,dim
0,4.452570715886967,3.1569446029371964,8,0.01,0.3,0.5,0.001,3
