,L2,L2_true,N,std,jump,jump_prob,ve,dim
0,4.05832954737695,1.9963138620780554,6,0.01,0.3,0.5,0.01,3
