,L2,L2_true,N,std,jump,jump_prob,ve,dim
0,4.089297864011867,2.096206879540703,11,0.01,0.3,0.5,0.01,2
