,L2,L2_true,N,std,jump,jump_prob,ve,dim
0,4.629642583538254,3.1712139101641936,13,0.01,0.3,0.5,0.0025,2
