,L2,L2_true,N,std,jump,jump_prob,ve,dim
0,3.898255711562772,1.6131877847455418,4,0.01,0.3,0.5,0.01,3
