,L2,L2_true,N,std,jump,jump_prob,ve,dim
0,3.025861207205823,0.10098440409007882,2682,0.01,0.3,0.5,0.0025,1
