,L2,L2_true,N,std,jump,jump_prob,ve,dim
0,9.702823480587332,9.202770991704083,3000,0.01,0.3,0.5,0.0025,3
