,L2,L2_true,N,std,jump,jump_prob,ve,dim
0,5.0310301184792205,3.599046312833804,26,0.01,0.3,0.5,0.01,3
