,L2,L2_true,N,std,jump,jump_prob,ve,dim
0,3.8662637967662996,1.5747667695494019,5,0.01,0.3,0.5,0.01,2
