,L2,L2_true,N,std,jump,jump_prob,ve,dim
0,3.5784649969236617,1.0829033586443952,193,0.01,0.3,0.5,0.01,2
