,L2,L2_true,N,std,jump,jump_prob,ve,dim
0,4.4420317558398645,2.750982809258408,26,0.01,0.3,0.5,0.01,2
