,L2,L2_true,N,std,jump,jump_prob,ve,dim
0,3.6182716928244516,1.8037596246936438,1,0.01,0.3,0.5,0.001,1
