,L2,L2_true,N,std,jump,jump_prob,ve,dim
0,4.144449841539432,2.434197531952421,6,0.01,0.3,0.5,0.0025,3
