,L2,L2_true,N,std,jump,jump_prob,ve,dim
0,3.716971935722358,1.153461310615951,2,0.01,0.3,0.5,0.01,3
