,L2,L2_true,N,std,jump,jump_prob,ve,dim
0,4.038448437615468,2.0200735397387133,31,0.01,0.3,0.5,0.01,2
