,L2,L2_true,N,std,jump,jump_prob,ve,dim
0,3.75088361107868,1.32985257525246,6,0.01,0.3,0.5,0.01,1
