,L2,L2_true,N,std,jump,jump_prob,ve,dim
0,4.430175650440043,2.8163846667159835,517,0.01,0.3,0.5,0.01,3
