,L2,L2_true,N,std,jump,jump_prob,ve,dim
0,3.058507751485657,0.3301947800058393,439,0.01,0.3,0.5,0.0025,1
