,L2,L2_true,N,std,jump,jump_prob,ve,dim
0,5.668541914124151,4.60434809202639,51,0.01,0.3,0.5,0.0025,2
