,L2,L2_true,N,std,jump,jump_prob,ve,dim
0,3.407048310525714,0.07180343409421958,1000,0.01,0.3,0.5,0.01,1
