,L2,L2_true,N,std,jump,jump_prob,ve,dim
0,5.9050241088140805,4.9759525423949365,117,0.01,0.3,0.5,0.0025,2
