,L2,L2_true,N,std,jump,jump_prob,ve,dim
0,3.5418248283693012,0.9530118424423837,268,0.01,0.3,0.5,0.01,2
