,L2,L2_true,N,std,jump,jump_prob,ve,dim
0,4.541295898860552,3.7037066838041492,2000,0.01,0.3,0.5,0.001,2
