,L2,L2_true,N,std,jump,jump_prob,ve,dim
0,11.163820460157465,10.72162167750391,138,0.01,0.3,0.5,0.001,3
