,L2,L2_true,N,std,jump,jump_prob,ve,dim
0,0.9509462680344553,0.9503115831321951,2,0.2,0.3,0.5,0.001,1
