,L2,L2_true,N,std,jump,jump_prob,ve,dim
0,3.6092449881212665,1.3287335079224494,1,0.01,0.3,0.5,0.0025,1
