,L2,L2_true,N,std,jump,jump_prob,ve,dim
0,3.6225999869596617,0.7449823777960534,1,0.01,0.3,0.5,0.01,3
