,L2,L2_true,N,std,jump,jump_prob,ve,dim
0,2.409854701342584,2.378265897887843,26,0.05,0.3,0.5,0.001,1
