,L2,L2_true,N,std,jump,jump_prob,ve,dim
0,1.7543929597846282,1.6326890778795884,3,0.05,0.3,0.5,0.001,1
