,L2,L2_true,N,std,jump,jump_prob,ve,dim
0,3.0351290333611716,0.17889339750170144,719,0.01,0.3,0.5,0.0025,1
