,L2,L2_true,N,std,jump,jump_prob,ve,dim
0,3.0368562987291425,0.20735066131841745,719,0.01,0.3,0.5,0.0025,1
