,L2,L2_true,N,std,jump,jump_prob,ve,dim
0,3.504262493846928,0.7668107104360358,439,0.01,0.3,0.5,0.01,2
