,L2,L2_true,N,std,jump,jump_prob,ve,dim
0,2.1847015700478183,2.1194198517578426,8,0.05,0.3,0.5,0.001,1
