,L2,L2_true,N,std,jump,jump_prob,ve,dim
0,4.345858144401477,3.4574744735789924,2275,0.01,0.3,0.5,0.001,2
