,L2,L2_true,N,std,jump,jump_prob,ve,dim
0,12.583552773833272,12.184453945537545,719,0.01,0.3,0.5,0.0025,3
