,L2,L2_true,N,std,jump,jump_prob,ve,dim
0,3.5476064757810897,0.9377399048234337,268,0.01,0.3,0.5,0.01,2
