,L2,L2_true,N,std,jump,jump_prob,ve,dim
0,0.37778022478321677,0.37034397714957823,1,0.2,0.3,0.5,0.001,1
