,L2,L2_true,N,std,jump,jump_prob,ve,dim
0,0.4711317899007952,0.4060165791572691,719,0.05,0.3,0.5,0.001,1
