,L2,L2_true,N,std,jump,jump_prob,ve,dim
0,3.420742873150207,0.048853868012309946,1637,0.01,0.3,0.5,0.01,1
