,L2,L2_true,N,std,jump,jump_prob,ve,dim
0,3.782098299932048,1.4229574477054598,5,0.01,0.3,0.5,0.01,1
