,L2,L2_true,N,std,jump,jump_prob,ve,dim
0,3.437641358711531,0.4162632962488041,43,0.01,0.3,0.5,0.01,1
