,L2,L2_true,N,std,jump,jump_prob,ve,dim
0,3.659562473746328,1.8865551803858287,2,0.01,0.3,0.5,0.001,1
