,L2,L2_true,N,std,jump,jump_prob,ve,dim
0,3.799304963447212,1.8089158644860497,4,0.01,0.3,0.5,0.0025,1
