,L2,L2_true,N,std,jump,jump_prob,ve,dim
0,5.491936189190003,4.3460438170675175,22,0.01,0.3,0.5,0.0025,3
