,L2,L2_true,N,std,jump,jump_prob,ve,dim
0,0.21843003709516948,0.218528816410252,2682,0.2,0.3,0.5,0.001,1
