,L2,L2_true,N,std,jump,jump_prob,ve,dim
0,11.409569323190723,10.980706642342032,2000,0.01,0.3,0.5,0.0025,3
