,L2,L2_true,N,std,jump,jump_prob,ve,dim
0,3.4914982862312174,1.7044364116491104,1389,0.01,0.3,0.5,0.0025,2
