,L2,L2_true,N,std,jump,jump_prob,ve,dim
0,8.452649937196156,7.955409292249323,227,0.01,0.3,0.5,0.001,2
