,L2,L2_true,N,std,jump,jump_prob,ve,dim
0,1.9043204509293161,1.7903905604624877,5,0.05,0.3,0.5,0.001,1
