,L2,L2_true,N,std,jump,jump_prob,ve,dim
0,0.9901600286574327,0.9518964521868174,117,0.05,0.3,0.5,0.001,1
