,L2,L2_true,N,std,jump,jump_prob,ve,dim
0,3.7939257195843603,1.3634167785373248,3,0.01,0.3,0.5,0.01,2
