,L2,L2_true,N,std,jump,jump_prob,ve,dim
0,2.096424757842201,2.0963843777964466,7,0.2,0.3,0.5,0.001,1
