,L2,L2_true,N,std,jump,jump_prob,ve,dim
0,3.837540763750079,1.6785221928831497,71,0.01,0.3,0.5,0.01,2
