,L2,L2_true,N,std,jump,jump_prob,ve,dim
0,0.33699649167309276,0.2301040493128091,1930,0.05,0.3,0.5,0.001,1
