,L2,L2_true,N,std,jump,jump_prob,ve,dim
0,5.631373734225809,4.555947631472696,31,0.01,0.3,0.5,0.0025,2
