,L2,L2_true,N,std,jump,jump_prob,ve,dim
0,3.625298084861301,1.8117316993347006,19,0.01,0.3,0.5,0.0025,1
