,L2,L2_true,N,std,jump,jump_prob,ve,dim
0,3.0302973900546863,0.1654169425205774,1178,0.01,0.3,0.5,0.0025,1
