,L2,L2_true,N,std,jump,jump_prob,ve,dim
0,4.210574316893738,2.534160039065162,7,0.01,0.3,0.5,0.0025,2
