,L2,L2_true,N,std,jump,jump_prob,ve,dim
0,0.5251115652078624,0.5259282609339562,610,0.2,0.3,0.5,0.001,1
