,L2,L2_true,N,std,jump,jump_prob,ve,dim
0,6.867122390915321,6.003173546993432,43,0.01,0.3,0.5,0.0025,3
