,L2,L2_true,N,std,jump,jump_prob,ve,dim
0,11.990949011110004,11.583386052121332,163,0.01,0.3,0.5,0.001,3
