,L2,L2_true,N,std,jump,jump_prob,ve,dim
0,3.3291825145114307,1.5093093920462803,51,0.01,0.3,0.5,0.0025,1
