,L2,L2_true,N,std,jump,jump_prob,ve,dim
0,3.6395626943776134,1.4422714523912723,2,0.01,0.3,0.5,0.0025,1
