,L2,L2_true,N,std,jump,jump_prob,ve,dim
0,1.1621902910929696,1.1578933630013717,2,0.2,0.3,0.5,0.001,1
