,L2,L2_true,N,std,jump,jump_prob,ve,dim
0,0.5212530145174195,0.4604000762786256,610,0.05,0.3,0.5,0.001,1
