,L2,L2_true,N,std,jump,jump_prob,ve,dim
0,10.516688217627474,10.046014153567848,117,0.01,0.3,0.5,0.001,3
