,L2,L2_true,N,std,jump,jump_prob,ve,dim
0,4.730363333933289,3.3360621717342207,13,0.01,0.3,0.5,0.0025,2
