,L2,L2_true,N,std,jump,jump_prob,ve,dim
0,0.26503535137899953,0.2651791125863385,1930,0.2,0.3,0.5,0.001,1
