,L2,L2_true,N,std,jump,jump_prob,ve,dim
0,10.454122309368987,9.978884439024608,117,0.01,0.3,0.5,0.001,3
