,L2,L2_true,N,std,jump,jump_prob,ve,dim
0,5.435305141771992,4.2097666883457,163,0.01,0.3,0.5,0.01,3
