,L2,L2_true,N,std,jump,jump_prob,ve,dim
0,4.345259001760931,2.9948617327596745,8,0.01,0.3,0.5,0.001,2
