,L2,L2_true,N,std,jump,jump_prob,ve,dim
0,5.720195630415742,4.696656996674272,51,0.01,0.3,0.5,0.0025,2
