,L2,L2_true,N,std,jump,jump_prob,ve,dim
0,3.465207544349201,0.5124195980868633,51,0.01,0.3,0.5,0.01,1
