,L2,L2_true,N,std,jump,jump_prob,ve,dim
0,5.6689556540142245,4.71731090889158,163,0.01,0.3,0.5,0.0025,2
