,L2,L2_true,N,std,jump,jump_prob,ve,dim
0,0.3236028707833784,0.3233426375043219,1178,0.2,0.3,0.5,0.001,1
