,L2,L2_true,N,std,jump,jump_prob,ve,dim
0,6.306481562506354,5.4776303129606525,31,0.01,0.3,0.5,0.001,3
