,L2,L2_true,N,std,jump,jump_prob,ve,dim
0,2.380762950540252,2.3582070061417477,37,0.05,0.3,0.5,0.001,1
