,L2,L2_true,N,std,jump,jump_prob,ve,dim
0,5.405274982093836,4.406762243995879,19,0.01,0.3,0.5,0.001,3
