,L2,L2_true,N,std,jump,jump_prob,ve,dim
0,3.0521989536739156,0.26596789302950463,372,0.01,0.3,0.5,0.0025,1
