,L2,L2_true,N,std,jump,jump_prob,ve,dim
0,3.9486179329605307,2.0652371554574382,4,0.01,0.3,0.5,0.0025,3
