,L2,L2_true,N,std,jump,jump_prob,ve,dim
0,1.4247041736378332,1.423686770046806,3,0.2,0.3,0.5,0.001,1
