,L2,L2_true,N,std,jump,jump_prob,ve,dim
0,5.273654365947839,3.9486782287367412,43,0.01,0.3,0.5,0.01,3
