,L2,L2_true,N,std,jump,jump_prob,ve,dim
0,2.2228087920053303,2.2223302667086875,22,0.2,0.3,0.5,0.001,1
