,L2,L2_true,N,std,jump,jump_prob,ve,dim
0,5.3619242434954835,4.183523113861482,19,0.01,0.3,0.5,0.0025,3
