,L2,L2_true,N,std,jump,jump_prob,ve,dim
0,5.710962909128317,4.795105486770322,31,0.01,0.3,0.5,0.001,2
