,L2,L2_true,N,std,jump,jump_prob,ve,dim
0,3.9155460840199185,2.3663014006559075,5,0.01,0.3,0.5,0.001,1
