,L2,L2_true,N,std,jump,jump_prob,ve,dim
0,0.377861344906577,0.3704240861048282,1,0.2,0.3,0.5,0.001,1
