,L2,L2_true,N,std,jump,jump_prob,ve,dim
0,2.7142428112710517,0.724135135791904,163,0.01,0.3,0.5,0.001,1
