,L2,L2_true,N,std,jump,jump_prob,ve,dim
0,3.0471291355722396,0.40538476852231614,163,0.01,0.3,0.5,0.0025,1
