,L2,L2_true,N,std,jump,jump_prob,ve,dim
0,3.815366913544873,1.4350615120302106,3,0.01,0.3,0.5,0.01,3
