,L2,L2_true,N,std,jump,jump_prob,ve,dim
0,0.9021564835192598,0.8479734066989916,193,0.05,0.3,0.5,0.001,1
