,L2,L2_true,N,std,jump,jump_prob,ve,dim
0,1.6582967250453644,1.656728379008261,4,0.2,0.3,0.5,0.001,1
