,L2,L2_true,N,std,jump,jump_prob,ve,dim
0,6.123898683263053,5.222061445007305,100,0.01,0.3,0.5,0.0025,2
