,L2,L2_true,N,std,jump,jump_prob,ve,dim
0,3.6072613916097165,0.7444904466322911,1,0.01,0.3,0.5,0.01,2
