,L2,L2_true,N,std,jump,jump_prob,ve,dim
0,3.981841112987743,2.033562377102329,1000,0.01,0.3,0.5,0.01,3
