,L2,L2_true,N,std,jump,jump_prob,ve,dim
0,0.2438006255015612,0.24316983824034785,2275,0.2,0.3,0.5,0.001,1
