,L2,L2_true,N,std,jump,jump_prob,ve,dim
0,3.41206433491149,0.04098673613212892,2275,0.01,0.3,0.5,0.01,1
