,L2,L2_true,N,std,jump,jump_prob,ve,dim
0,3.2413281971610273,1.163121018243238,51,0.01,0.3,0.5,0.0025,1
