,L2,L2_true,N,std,jump,jump_prob,ve,dim
0,4.170135824143358,2.375931783779875,719,0.01,0.3,0.5,0.01,3
