,L2,L2_true,N,std,jump,jump_prob,ve,dim
0,12.020672924832228,11.577911294046846,316,0.01,0.3,0.5,0.0025,3
