,L2,L2_true,N,std,jump,jump_prob,ve,dim
0,2.6496285979690737,0.4919341502095201,372,0.01,0.3,0.5,0.001,1
