,L2,L2_true,N,std,jump,jump_prob,ve,dim
0,3.4761320952801156,1.6807819315816892,1389,0.01,0.3,0.5,0.0025,2
