,L2,L2_true,N,std,jump,jump_prob,ve,dim
0,2.9597257609297114,2.918173621324288,19,0.05,0.3,0.5,0.001,1
