,L2,L2_true,N,std,jump,jump_prob,ve,dim
0,12.605894212848328,12.202137489065736,719,0.01,0.3,0.5,0.0025,3
