,L2,L2_true,N,std,jump,jump_prob,ve,dim
0,3.417864411708694,0.13433606401540762,227,0.01,0.3,0.5,0.01,1
