,L2,L2_true,N,std,jump,jump_prob,ve,dim
0,0.32114417453375704,0.2235022590791489,1930,0.05,0.3,0.5,0.001,1
