,L2,L2_true,N,std,jump,jump_prob,ve,dim
0,3.9994232222276827,2.3047421011165534,11,0.01,0.3,0.5,0.0025,1
