,L2,L2_true,N,std,jump,jump_prob,ve,dim
0,5.777366005461935,4.840918213763659,138,0.01,0.3,0.5,0.0025,2
