,L2,L2_true,N,std,jump,jump_prob,ve,dim
0,4.284498561520113,2.567291339798918,610,0.01,0.3,0.5,0.01,3
