,L2,L2_true,N,std,jump,jump_prob,ve,dim
0,3.434938886802979,0.4912389455282499,51,0.01,0.3,0.5,0.01,1
