,L2,L2_true,N,std,jump,jump_prob,ve,dim
0,4.710605855140616,3.501728490270489,11,0.01,0.3,0.5,0.001,3
