,L2,L2_true,N,std,jump,jump_prob,ve,dim
0,6.71344140194826,5.816700274120064,43,0.01,0.3,0.5,0.0025,3
