,L2,L2_true,N,std,jump,jump_prob,ve,dim
0,0.3031814341760096,0.18421326860090156,3162,0.05,0.3,0.5,0.001,1
