,L2,L2_true,N,std,jump,jump_prob,ve,dim
0,2.8269641062595148,0.9868676972240022,84,0.01,0.3,0.5,0.001,1
