,L2,L2_true,N,std,jump,jump_prob,ve,dim
0,3.059417967718191,0.4851491044712058,193,0.01,0.3,0.5,0.0025,1
