,L2,L2_true,N,std,jump,jump_prob,ve,dim
0,6.845401446550458,6.104427930021503,51,0.01,0.3,0.5,0.001,2
