,L2,L2_true,N,std,jump,jump_prob,ve,dim
0,3.625165207900022,1.8057259307709745,1,0.01,0.3,0.5,0.001,1
