,L2,L2_true,N,std,jump,jump_prob,ve,dim
0,4.803347993884415,3.250528028713117,22,0.01,0.3,0.5,0.01,3
