,L2,L2_true,N,std,jump,jump_prob,ve,dim
0,6.573283772286894,5.651910869789711,37,0.01,0.3,0.5,0.0025,3
