,L2,L2_true,N,std,jump,jump_prob,ve,dim
0,7.070512568552513,6.336884152873197,43,0.01,0.3,0.5,0.001,3
