,L2,L2_true,N,std,jump,jump_prob,ve,dim
0,3.1866777865441804,1.8671870019382701,61,0.01,0.3,0.5,0.001,1
