,L2,L2_true,N,std,jump,jump_prob,ve,dim
0,3.9182394987074094,2.0004030321837147,4,0.01,0.3,0.5,0.0025,2
