,L2,L2_true,N,std,jump,jump_prob,ve,dim
0,3.4106932433449706,0.07385903523022268,1178,0.01,0.3,0.5,0.01,1
