,L2,L2_true,N,std,jump,jump_prob,ve,dim
0,3.8350089626408397,1.847396726162271,3,0.01,0.3,0.5,0.0025,3
