,L2,L2_true,N,std,jump,jump_prob,ve,dim
0,5.910756704155656,4.99559096744898,138,0.01,0.3,0.5,0.0025,2
