,L2,L2_true,N,std,jump,jump_prob,ve,dim
0,10.520444514054299,9.995507746815893,193,0.01,0.3,0.5,0.0025,3
