,L2,L2_true,N,std,jump,jump_prob,ve,dim
0,4.492242609870107,2.9735296122674284,10,0.01,0.3,0.5,0.0025,2
