,L2,L2_true,N,std,jump,jump_prob,ve,dim
0,8.033808113946675,7.401906025308455,61,0.01,0.3,0.5,0.001,3
