,L2,L2_true,N,std,jump,jump_prob,ve,dim
0,24.28073566972596,24.106068508578527,3000,0.01,0.3,0.5,0.001,3
