,L2,L2_true,N,std,jump,jump_prob,ve,dim
0,2.6277840802207963,0.18382760335529838,1930,0.01,0.3,0.5,0.001,1
