,L2,L2_true,N,std,jump,jump_prob,ve,dim
0,6.012700496971767,5.392639679186392,1000,0.01,0.3,0.5,0.001,2
