,L2,L2_true,N,std,jump,jump_prob,ve,dim
0,2.4502398874919322,2.451533963122766,10,0.2,0.3,0.5,0.001,1
