,L2,L2_true,N,std,jump,jump_prob,ve,dim
0,3.029687581477006,0.14756980519276017,1389,0.01,0.3,0.5,0.0025,1
