,L2,L2_true,N,std,jump,jump_prob,ve,dim
0,3.1286177569942866,0.7811770664656114,71,0.01,0.3,0.5,0.0025,1
