,L2,L2_true,N,std,jump,jump_prob,ve,dim
0,12.940297615908312,12.559261508334473,1000,0.01,0.3,0.5,0.0025,3
