,L2,L2_true,N,std,jump,jump_prob,ve,dim
0,11.045960926115104,10.601714257437575,138,0.01,0.3,0.5,0.001,3
