,L2,L2_true,N,std,jump,jump_prob,ve,dim
0,4.914718070187016,3.8248991766405696,268,0.01,0.3,0.5,0.0025,2
