,L2,L2_true,N,std,jump,jump_prob,ve,dim
0,4.256399022805548,2.6067877313662904,7,0.01,0.3,0.5,0.0025,3
