,L2,L2_true,N,std,jump,jump_prob,ve,dim
0,3.040248530465121,0.1426569730645916,1000,0.01,0.3,0.5,0.0025,1
