,L2,L2_true,N,std,jump,jump_prob,ve,dim
0,5.627683266231997,4.4039088881690365,71,0.01,0.3,0.5,0.01,3
