,L2,L2_true,N,std,jump,jump_prob,ve,dim
0,3.7760569073580634,2.359949358705243,16,0.01,0.3,0.5,0.001,1
