,L2,L2_true,N,std,jump,jump_prob,ve,dim
0,4.200091068521261,2.525183426110081,7,0.01,0.3,0.5,0.0025,2
