,L2,L2_true,N,std,jump,jump_prob,ve,dim
0,3.438039817613284,0.20910591562479333,163,0.01,0.3,0.5,0.01,1
