,L2,L2_true,N,std,jump,jump_prob,ve,dim
0,5.19579136319069,3.8288721841923747,31,0.01,0.3,0.5,0.01,3
