,L2,L2_true,N,std,jump,jump_prob,ve,dim
0,2.4049850463846165,2.415538416083485,22,0.05,0.3,0.5,0.001,1
