,L2,L2_true,N,std,jump,jump_prob,ve,dim
0,4.474470688462116,2.944009548710269,11,0.01,0.3,0.5,0.0025,2
