,L2,L2_true,N,std,jump,jump_prob,ve,dim
0,5.442071973048891,4.141522779800078,37,0.01,0.3,0.5,0.01,3
