,L2,L2_true,N,std,jump,jump_prob,ve,dim
0,3.631646740454414,0.7448402909070836,1,0.01,0.3,0.5,0.01,2
