,L2,L2_true,N,std,jump,jump_prob,ve,dim
0,8.338914345232915,7.831577456738927,227,0.01,0.3,0.5,0.001,2
