,L2,L2_true,N,std,jump,jump_prob,ve,dim
0,3.783380822262946,1.703699120325925,3,0.01,0.3,0.5,0.0025,2
