,L2,L2_true,N,std,jump,jump_prob,ve,dim
0,10.366946511936348,9.878673919600184,117,0.01,0.3,0.5,0.001,3
