,L2,L2_true,N,std,jump,jump_prob,ve,dim
0,1.492580674675921,1.471878905687225,84,0.05,0.3,0.5,0.001,1
