,L2,L2_true,N,std,jump,jump_prob,ve,dim
0,4.158206153336699,2.727977994823805,6,0.01,0.3,0.5,0.001,2
