,L2,L2_true,N,std,jump,jump_prob,ve,dim
0,4.1195523308745,2.5025789606085103,10,0.01,0.3,0.5,0.0025,1
