,L2,L2_true,N,std,jump,jump_prob,ve,dim
0,6.102016694275882,5.241587470222207,31,0.01,0.3,0.5,0.001,2
