,L2,L2_true,N,std,jump,jump_prob,ve,dim
0,3.9661931815383804,2.4331007830342544,4,0.01,0.3,0.5,0.001,3
