,L2,L2_true,N,std,jump,jump_prob,ve,dim
0,3.0940828276393995,0.5943373703382819,138,0.01,0.3,0.5,0.0025,1
