,L2,L2_true,N,std,jump,jump_prob,ve,dim
0,3.0233429876671387,1.46190927079649,84,0.01,0.3,0.5,0.001,1
