,L2,L2_true,N,std,jump,jump_prob,ve,dim
0,5.5037670461727135,4.5173504631447265,163,0.01,0.3,0.5,0.0025,2
