,L2,L2_true,N,std,jump,jump_prob,ve,dim
0,16.878229456818822,16.604837340410942,439,0.01,0.3,0.5,0.001,3
