,L2,L2_true,N,std,jump,jump_prob,ve,dim
0,1.1426297953018134,1.1386074861588318,2,0.2,0.3,0.5,0.001,1
