,L2,L2_true,N,std,jump,jump_prob,ve,dim
0,4.2638076425096285,2.6249151366271937,7,0.01,0.3,0.5,0.0025,3
