,L2,L2_true,N,std,jump,jump_prob,ve,dim
0,3.845213752780552,2.2116825859434863,3,0.01,0.3,0.5,0.001,3
