,L2,L2_true,N,std,jump,jump_prob,ve,dim
0,4.656061950801817,3.2119024646757866,11,0.01,0.3,0.5,0.0025,3
