,L2,L2_true,N,std,jump,jump_prob,ve,dim
0,2.3235275286737322,2.324222692291905,7,0.2,0.3,0.5,0.001,1
