,L2,L2_true,N,std,jump,jump_prob,ve,dim
0,3.0507401087154986,0.3773276320289298,163,0.01,0.3,0.5,0.0025,1
