,L2,L2_true,N,std,jump,jump_prob,ve,dim
0,10.443818648180391,9.975739984612378,117,0.01,0.3,0.5,0.001,3
