,L2,L2_true,N,std,jump,jump_prob,ve,dim
0,8.245104335165431,7.694275153670309,117,0.01,0.3,0.5,0.001,2
