,L2,L2_true,N,std,jump,jump_prob,ve,dim
0,5.478136264639338,4.239937990492953,138,0.01,0.3,0.5,0.01,3
