,L2,L2_true,N,std,jump,jump_prob,ve,dim
0,3.5940173651712954,1.0802310955159924,193,0.01,0.3,0.5,0.01,2
