,L2,L2_true,N,std,jump,jump_prob,ve,dim
0,2.1545964465400047,2.155784505739671,8,0.2,0.3,0.5,0.001,1
