,L2,L2_true,N,std,jump,jump_prob,ve,dim
0,0.3520342741704765,0.2461198789945013,1637,0.05,0.3,0.5,0.001,1
