,L2,L2_true,N,std,jump,jump_prob,ve,dim
0,0.37780135168324347,0.3703628438828301,1,0.2,0.3,0.5,0.001,1
