,L2,L2_true,N,std,jump,jump_prob,ve,dim
0,11.952811425631614,11.508259729818528,372,0.01,0.3,0.5,0.0025,3
