,L2,L2_true,N,std,jump,jump_prob,ve,dim
0,3.347584787758693,3.348179984332363,26,0.2,0.3,0.5,0.001,1
