,L2,L2_true,N,std,jump,jump_prob,ve,dim
0,12.214115389558826,11.773998805466345,439,0.01,0.3,0.5,0.0025,3
