,L2,L2_true,N,std,jump,jump_prob,ve,dim
0,5.179711051581406,3.794656716009767,43,0.01,0.3,0.5,0.01,3
