,L2,L2_true,N,std,jump,jump_prob,ve,dim
0,3.6042791515181087,1.1329072166645102,193,0.01,0.3,0.5,0.01,2
