,L2,L2_true,N,std,jump,jump_prob,ve,dim
0,4.9775035982394895,3.686562423856705,19,0.01,0.3,0.5,0.0025,2
