,L2,L2_true,N,std,jump,jump_prob,ve,dim
0,9.152556081551174,8.602727182569122,84,0.01,0.3,0.5,0.001,3
