,L2,L2_true,N,std,jump,jump_prob,ve,dim
0,14.814805692221091,14.490913491226934,268,0.01,0.3,0.5,0.001,3
