,L2,L2_true,N,std,jump,jump_prob,ve,dim
0,1.5415682643535855,1.5371146230560702,3,0.2,0.3,0.5,0.001,1
