,L2,L2_true,N,std,jump,jump_prob,ve,dim
0,4.120852210762502,2.672968767246073,6,0.01,0.3,0.5,0.001,2
