,L2,L2_true,N,std,jump,jump_prob,ve,dim
0,0.24202863150798612,0.2418002530989079,2275,0.2,0.3,0.5,0.001,1
