,L2,L2_true,N,std,jump,jump_prob,ve,dim
0,0.37060320819085224,0.2831608336828337,1178,0.05,0.3,0.5,0.001,1
