,L2,L2_true,N,std,jump,jump_prob,ve,dim
0,3.5452683263068985,1.6299659349264215,19,0.01,0.3,0.5,0.0025,1
