,L2,L2_true,N,std,jump,jump_prob,ve,dim
0,4.854948647203604,3.327701207761,22,0.01,0.3,0.5,0.01,3
