,L2,L2_true,N,std,jump,jump_prob,ve,dim
0,3.058239760943025,0.3198660667276835,372,0.01,0.3,0.5,0.0025,1
