,L2,L2_true,N,std,jump,jump_prob,ve,dim
0,0.5091636745721935,0.5082538488401996,517,0.2,0.3,0.5,0.001,1
