,L2,L2_true,N,std,jump,jump_prob,ve,dim
0,4.330332427254731,3.428765276229046,2275,0.01,0.3,0.5,0.001,2
