,L2,L2_true,N,std,jump,jump_prob,ve,dim
0,12.761905875750907,12.354002733199973,610,0.01,0.3,0.5,0.0025,3
