,L2,L2_true,N,std,jump,jump_prob,ve,dim
0,6.215832182143093,5.398187903702894,37,0.01,0.3,0.5,0.001,2
