,L2,L2_true,N,std,jump,jump_prob,ve,dim
0,2.075409380447284,2.0767934181440193,11,0.2,0.3,0.5,0.001,1
