,L2,L2_true,N,std,jump,jump_prob,ve,dim
0,3.8852924350841005,1.858749362057115,1178,0.01,0.3,0.5,0.01,3
