,L2,L2_true,N,std,jump,jump_prob,ve,dim
0,4.199000409444475,2.3673396469957813,37,0.01,0.3,0.5,0.01,2
