,L2,L2_true,N,std,jump,jump_prob,ve,dim
0,0.831571037704897,0.8311414600993738,227,0.2,0.3,0.5,0.001,1
