,L2,L2_true,N,std,jump,jump_prob,ve,dim
0,11.649278631226522,11.223979854325089,1637,0.01,0.3,0.5,0.0025,3
