,L2,L2_true,N,std,jump,jump_prob,ve,dim
0,3.883601396603014,1.6464977694016072,4,0.01,0.3,0.5,0.01,3
