,L2,L2_true,N,std,jump,jump_prob,ve,dim
0,3.362745052353223,2.1158470686037476,61,0.01,0.3,0.5,0.001,1
