,L2,L2_true,N,std,jump,jump_prob,ve,dim
0,12.494317577466113,12.078369288984959,517,0.01,0.3,0.5,0.0025,3
