,L2,L2_true,N,std,jump,jump_prob,ve,dim
0,23.20252586836307,23.017294939925286,1637,0.01,0.3,0.5,0.001,3
