,L2,L2_true,N,std,jump,jump_prob,ve,dim
0,6.458925437771512,5.873285705113735,848,0.01,0.3,0.5,0.001,2
