,L2,L2_true,N,std,jump,jump_prob,ve,dim
0,7.596619733748584,6.8344712937664225,61,0.01,0.3,0.5,0.0025,3
