,L2,L2_true,N,std,jump,jump_prob,ve,dim
0,7.10427054441225,6.376717143135409,43,0.01,0.3,0.5,0.001,3
