,L2,L2_true,N,std,jump,jump_prob,ve,dim
0,5.110604200500614,3.857091059495539,16,0.01,0.3,0.5,0.0025,3
