,L2,L2_true,N,std,jump,jump_prob,ve,dim
0,3.9253790880520327,1.8512820088998594,71,0.01,0.3,0.5,0.01,2
