,L2,L2_true,N,std,jump,jump_prob,ve,dim
0,3.4386024849081918,0.3499587652248835,1637,0.01,0.3,0.5,0.01,2
