,L2,L2_true,N,std,jump,jump_prob,ve,dim
0,0.4673563111796456,0.4351660578278019,610,0.05,0.3,0.5,0.001,1
