,L2,L2_true,N,std,jump,jump_prob,ve,dim
0,6.031781603176161,5.416680761761854,1000,0.01,0.3,0.5,0.001,2
