,L2,L2_true,N,std,jump,jump_prob,ve,dim
0,3.4192836364431534,1.3621645405724174,22,0.01,0.3,0.5,0.0025,1
