,L2,L2_true,N,std,jump,jump_prob,ve,dim
0,8.272160822751813,7.705783070865953,117,0.01,0.3,0.5,0.001,2
