,L2,L2_true,N,std,jump,jump_prob,ve,dim
0,0.4283834560038643,0.4281369895284773,610,0.2,0.3,0.5,0.001,1
