,L2,L2_true,N,std,jump,jump_prob,ve,dim
0,2.563376226342368,2.50627147946749,13,0.05,0.3,0.5,0.001,1
