,L2,L2_true,N,std,jump,jump_prob,ve,dim
0,2.1226011624936403,2.1232849957240347,31,0.2,0.3,0.5,0.001,1
