,L2,L2_true,N,std,jump,jump_prob,ve,dim
0,0.5427091238570666,0.47947978880639974,610,0.05,0.3,0.5,0.001,1
