,L2,L2_true,N,std,jump,jump_prob,ve,dim
0,3.4208907348807016,0.037146260829956146,2275,0.01,0.3,0.5,0.01,1
