,L2,L2_true,N,std,jump,jump_prob,ve,dim
0,3.6500797705917303,1.4528142298568387,2,0.01,0.3,0.5,0.0025,1
