,L2,L2_true,N,std,jump,jump_prob,ve,dim
0,4.235255762304631,2.3794679369851783,19,0.01,0.3,0.5,0.01,2
