,L2,L2_true,N,std,jump,jump_prob,ve,dim
0,3.4550127588650397,0.5001934566672812,848,0.01,0.3,0.5,0.01,2
