,L2,L2_true,N,std,jump,jump_prob,ve,dim
0,3.412547950127241,0.10714590928256232,610,0.01,0.3,0.5,0.01,1
