,L2,L2_true,N,std,jump,jump_prob,ve,dim
0,3.6211175238526776,0.7450837900832875,1,0.01,0.3,0.5,0.01,3
