,L2,L2_true,N,std,jump,jump_prob,ve,dim
0,3.6923863509434334,1.3911996221739549,117,0.01,0.3,0.5,0.01,2
