,L2,L2_true,N,std,jump,jump_prob,ve,dim
0,3.041080236760211,0.2167444149034608,848,0.01,0.3,0.5,0.0025,1
