,L2,L2_true,N,std,jump,jump_prob,ve,dim
0,3.62347249306935,1.3301102580684048,1,0.01,0.3,0.5,0.0025,1
