,L2,L2_true,N,std,jump,jump_prob,ve,dim
0,2.1667884712088985,2.065247793955519,7,0.05,0.3,0.5,0.001,1
