,L2,L2_true,N,std,jump,jump_prob,ve,dim
0,3.863550769854071,1.775242122964899,71,0.01,0.3,0.5,0.01,2
