,L2,L2_true,N,std,jump,jump_prob,ve,dim
0,3.768297272348397,1.5869293590859668,1637,0.01,0.3,0.5,0.01,3
