,L2,L2_true,N,std,jump,jump_prob,ve,dim
0,24.968685812605706,24.807546116351666,1930,0.01,0.3,0.5,0.001,3
