,L2,L2_true,N,std,jump,jump_prob,ve,dim
0,3.4315876315054563,0.3303829139726624,2000,0.01,0.3,0.5,0.01,2
