,L2,L2_true,N,std,jump,jump_prob,ve,dim
0,4.181510206265067,2.7701252999373995,6,0.01,0.3,0.5,0.001,2
