,L2,L2_true,N,std,jump,jump_prob,ve,dim
0,3.087175935087114,0.5559912985591592,100,0.01,0.3,0.5,0.0025,1
