,L2,L2_true,N,std,jump,jump_prob,ve,dim
0,12.597553378064626,12.186052860864269,610,0.01,0.3,0.5,0.0025,3
