,L2,L2_true,N,std,jump,jump_prob,ve,dim
0,5.18281581710538,3.817837193443607,37,0.01,0.3,0.5,0.01,3
