,L2,L2_true,N,std,jump,jump_prob,ve,dim
0,8.37766213953424,7.6930442073696135,84,0.01,0.3,0.5,0.0025,3
