,L2,L2_true,N,std,jump,jump_prob,ve,dim
0,4.961599810570997,3.851127807327329,13,0.01,0.3,0.5,0.001,3
