,L2,L2_true,N,std,jump,jump_prob,ve,dim
0,3.2312434221148463,1.133886523871195,3000,0.01,0.3,0.5,0.0025,2
