,L2,L2_true,N,std,jump,jump_prob,ve,dim
0,1.3506707000027862,1.1790274073520184,1,0.05,0.3,0.5,0.001,1
