,L2,L2_true,N,std,jump,jump_prob,ve,dim
0,3.882232215142295,1.6827666368269836,6,0.01,0.3,0.5,0.01,1
