,L2,L2_true,N,std,jump,jump_prob,ve,dim
0,3.741502755350241,2.0240568430525157,3,0.01,0.3,0.5,0.001,1
