,L2,L2_true,N,std,jump,jump_prob,ve,dim
0,3.838183677974382,2.1204983012101466,11,0.01,0.3,0.5,0.0025,1
