,L2,L2_true,N,std,jump,jump_prob,ve,dim
0,0.5529648607733553,0.48608617394776804,439,0.05,0.3,0.5,0.001,1
