,L2,L2_true,N,std,jump,jump_prob,ve,dim
0,6.354226074092233,5.521920014365472,31,0.01,0.3,0.5,0.001,3
