,L2,L2_true,N,std,jump,jump_prob,ve,dim
0,2.8854765634545156,2.8273958368871956,10,0.05,0.3,0.5,0.001,1
