,L2,L2_true,N,std,jump,jump_prob,ve,dim
0,5.657691170475432,4.708431277908372,163,0.01,0.3,0.5,0.0025,2
