,L2,L2_true,N,std,jump,jump_prob,ve,dim
0,2.6433437289091986,0.4908528324574984,372,0.01,0.3,0.5,0.001,1
