,L2,L2_true,N,std,jump,jump_prob,ve,dim
0,2.6650163639619793,0.4623697987602502,372,0.01,0.3,0.5,0.001,1
