,L2,L2_true,N,std,jump,jump_prob,ve,dim
0,3.429338610181232,0.07844122408549682,439,0.01,0.3,0.5,0.01,1
