,L2,L2_true,N,std,jump,jump_prob,ve,dim
0,3.4350769494832076,0.4955674312557216,848,0.01,0.3,0.5,0.01,2
