,L2,L2_true,N,std,jump,jump_prob,ve,dim
0,6.7768053805329975,6.003263852536244,37,0.01,0.3,0.5,0.001,3
