,L2,L2_true,N,std,jump,jump_prob,ve,dim
0,4.093488239678143,2.624302590014567,5,0.01,0.3,0.5,0.001,3
