,L2,L2_true,N,std,jump,jump_prob,ve,dim
0,2.025733628290805,2.0272673678559276,7,0.2,0.3,0.5,0.001,1
