,L2,L2_true,N,std,jump,jump_prob,ve,dim
0,2.3194197131735037,2.318604090034906,11,0.2,0.3,0.5,0.001,1
