,L2,L2_true,N,std,jump,jump_prob,ve,dim
0,10.576861388637111,10.098697596593087,117,0.01,0.3,0.5,0.001,3
