,L2,L2_true,N,std,jump,jump_prob,ve,dim
0,2.424149692145121,2.3617153649900353,11,0.05,0.3,0.5,0.001,1
