,L2,L2_true,N,std,jump,jump_prob,ve,dim
0,3.7755232870856985,2.1471888639821732,4,0.01,0.3,0.5,0.001,1
