,L2,L2_true,N,std,jump,jump_prob,ve,dim
0,2.321678001824343,2.322076344666472,22,0.2,0.3,0.5,0.001,1
