,L2,L2_true,N,std,jump,jump_prob,ve,dim
0,4.054194164039863,2.9120204685676887,26,0.01,0.3,0.5,0.001,1
