,L2,L2_true,N,std,jump,jump_prob,ve,dim
0,23.05357012479898,22.871768344149164,1178,0.01,0.3,0.5,0.001,3
