,L2,L2_true,N,std,jump,jump_prob,ve,dim
0,0.9119351147262118,0.9119179473650312,193,0.2,0.3,0.5,0.001,1
