,L2,L2_true,N,std,jump,jump_prob,ve,dim
0,4.485198510288829,2.965516668446796,10,0.01,0.3,0.5,0.0025,2
