,L2,L2_true,N,std,jump,jump_prob,ve,dim
0,4.661975008920303,3.4498243622697435,11,0.01,0.3,0.5,0.001,3
