,L2,L2_true,N,std,jump,jump_prob,ve,dim
0,6.7196490271149125,5.94998553008116,37,0.01,0.3,0.5,0.001,3
