,L2,L2_true,N,std,jump,jump_prob,ve,dim
0,3.454703369791316,0.543337195009695,26,0.01,0.3,0.5,0.01,1
