,L2,L2_true,N,std,jump,jump_prob,ve,dim
0,5.951306969077698,5.009496195911379,71,0.01,0.3,0.5,0.0025,2
