,L2,L2_true,N,std,jump,jump_prob,ve,dim
0,0.3714027432511792,0.26218525707575085,1637,0.05,0.3,0.5,0.001,1
