,L2,L2_true,N,std,jump,jump_prob,ve,dim
0,4.3654634687317015,3.1152735354133028,439,0.01,0.3,0.5,0.0025,2
