,L2,L2_true,N,std,jump,jump_prob,ve,dim
0,6.172978721821918,5.315994536747249,138,0.01,0.3,0.5,0.0025,2
