,L2,L2_true,N,std,jump,jump_prob,ve,dim
0,3.0864145553815563,0.4749658848882498,138,0.01,0.3,0.5,0.0025,1
