,L2,L2_true,N,std,jump,jump_prob,ve,dim
0,1.9750397344373596,2.00944841370927,61,0.05,0.3,0.5,0.001,1
