,L2,L2_true,N,std,jump,jump_prob,ve,dim
0,3.6362117906993476,1.8506260073879675,2,0.01,0.3,0.5,0.001,1
