,L2,L2_true,N,std,jump,jump_prob,ve,dim
0,6.366272549209875,5.553724187687528,37,0.01,0.3,0.5,0.001,2
