,L2,L2_true,N,std,jump,jump_prob,ve,dim
0,8.168552342221007,7.624775519282148,163,0.01,0.3,0.5,0.001,2
