,L2,L2_true,N,std,jump,jump_prob,ve,dim
0,23.77840959944973,23.589092558710007,1389,0.01,0.3,0.5,0.001,3
