,L2,L2_true,N,std,jump,jump_prob,ve,dim
0,4.6503714950632515,3.1991102332713894,11,0.01,0.3,0.5,0.0025,3
