,L2,L2_true,N,std,jump,jump_prob,ve,dim
0,1.830412234906621,1.7196902394381377,4,0.05,0.3,0.5,0.001,1
