,L2,L2_true,N,std,jump,jump_prob,ve,dim
0,4.243810022335035,2.3772210054628085,10,0.01,0.3,0.5,0.01,2
