,L2,L2_true,N,std,jump,jump_prob,ve,dim
0,0.4532367455519546,0.3874988667815246,719,0.05,0.3,0.5,0.001,1
