,L2,L2_true,N,std,jump,jump_prob,ve,dim
0,12.746520650702976,12.35978299091404,1178,0.01,0.3,0.5,0.0025,3
