,L2,L2_true,N,std,jump,jump_prob,ve,dim
0,3.924976342919862,1.6875366854714295,4,0.01,0.3,0.5,0.01,3
