,L2,L2_true,N,std,jump,jump_prob,ve,dim
0,3.435349034412444,0.4310281991947706,1178,0.01,0.3,0.5,0.01,2
