,L2,L2_true,N,std,jump,jump_prob,ve,dim
0,0.8371037834080977,0.8386803495453558,2,0.2,0.3,0.5,0.001,1
