,L2,L2_true,N,std,jump,jump_prob,ve,dim
0,24.70124173232385,24.534157025091524,3000,0.01,0.3,0.5,0.001,3
