,L2,L2_true,N,std,jump,jump_prob,ve,dim
0,4.658359228724559,3.041115960466278,16,0.01,0.3,0.5,0.01,3
