,L2,L2_true,N,std,jump,jump_prob,ve,dim
0,8.526872220050592,7.994217563110471,138,0.01,0.3,0.5,0.001,2
