,L2,L2_true,N,std,jump,jump_prob,ve,dim
0,11.103681635808792,10.672977802012518,1930,0.01,0.3,0.5,0.0025,3
