,L2,L2_true,N,std,jump,jump_prob,ve,dim
0,0.30331705598251885,0.20422265915079163,2275,0.05,0.3,0.5,0.001,1
