,L2,L2_true,N,std,jump,jump_prob,ve,dim
0,1.413049066246106,1.2511735565756403,2,0.05,0.3,0.5,0.001,1
