,L2,L2_true,N,std,jump,jump_prob,ve,dim
0,3.422591611148208,0.13178206153772248,316,0.01,0.3,0.5,0.01,1
