,L2,L2_true,N,std,jump,jump_prob,ve,dim
0,2.6953542643827197,2.627548268184963,7,0.05,0.3,0.5,0.001,1
