,L2,L2_true,N,std,jump,jump_prob,ve,dim
0,3.4087642210185014,0.042727724219233786,3162,0.01,0.3,0.5,0.01,1
