,L2,L2_true,N,std,jump,jump_prob,ve,dim
0,13.4256099288981,13.068947872218237,227,0.01,0.3,0.5,0.001,3
