,L2,L2_true,N,std,jump,jump_prob,ve,dim
0,2.3992841212984177,2.3961187479745667,26,0.05,0.3,0.5,0.001,1
