,L2,L2_true,N,std,jump,jump_prob,ve,dim
0,3.316035634297958,1.326446537140542,2275,0.01,0.3,0.5,0.0025,2
