,L2,L2_true,N,std,jump,jump_prob,ve,dim
0,4.629753189647982,3.0987815700815777,439,0.01,0.3,0.5,0.01,3
