,L2,L2_true,N,std,jump,jump_prob,ve,dim
0,4.033703144565768,2.22624660310503,5,0.01,0.3,0.5,0.0025,2
