,L2,L2_true,N,std,jump,jump_prob,ve,dim
0,0.9942349407741808,0.9925579492552783,2,0.2,0.3,0.5,0.001,1
