,L2,L2_true,N,std,jump,jump_prob,ve,dim
0,4.016764976416109,2.1042843154002435,84,0.01,0.3,0.5,0.01,2
