,L2,L2_true,N,std,jump,jump_prob,ve,dim
0,3.7085973712461935,1.4079932591484667,117,0.01,0.3,0.5,0.01,2
