,L2,L2_true,N,std,jump,jump_prob,ve,dim
0,0.3000384533500486,0.20603815976189688,2682,0.05,0.3,0.5,0.001,1
