,L2,L2_true,N,std,jump,jump_prob,ve,dim
0,2.109719274183224,2.110216408056606,6,0.2,0.3,0.5,0.001,1
