,L2,L2_true,N,std,jump,jump_prob,ve,dim
0,3.7592931961537075,2.053872446234508,2,0.01,0.3,0.5,0.001,2
