,L2,L2_true,N,std,jump,jump_prob,ve,dim
0,5.4930135272014855,4.259686769498427,100,0.01,0.3,0.5,0.01,3
