,L2,L2_true,N,std,jump,jump_prob,ve,dim
0,5.548285228763855,4.582074031610169,26,0.01,0.3,0.5,0.001,2
