,L2,L2_true,N,std,jump,jump_prob,ve,dim
0,0.5434960780218268,0.54350095530751,439,0.2,0.3,0.5,0.001,1
