,L2,L2_true,N,std,jump,jump_prob,ve,dim
0,5.435936225354008,4.191117284530823,163,0.01,0.3,0.5,0.01,3
