,L2,L2_true,N,std,jump,jump_prob,ve,dim
0,0.23649671921638432,0.23643910545293326,2682,0.2,0.3,0.5,0.001,1
