,L2,L2_true,N,std,jump,jump_prob,ve,dim
0,0.8927621710717794,0.8455443171056402,163,0.05,0.3,0.5,0.001,1
