,L2,L2_true,N,std,jump,jump_prob,ve,dim
0,3.954107345140679,2.63398373075861,19,0.01,0.3,0.5,0.001,1
