,L2,L2_true,N,std,jump,jump_prob,ve,dim
0,8.373338186225137,7.902746164030697,372,0.01,0.3,0.5,0.001,2
