,L2,L2_true,N,std,jump,jump_prob,ve,dim
0,9.37721839224468,8.77537376981023,117,0.01,0.3,0.5,0.0025,3
