,L2,L2_true,N,std,jump,jump_prob,ve,dim
0,8.133693453139738,7.569298420846049,117,0.01,0.3,0.5,0.001,2
