,L2,L2_true,N,std,jump,jump_prob,ve,dim
0,3.443535078849027,0.2557512620718665,3000,0.01,0.3,0.5,0.01,2
