,L2,L2_true,N,std,jump,jump_prob,ve,dim
0,0.43627866217612343,0.37131439662293514,848,0.05,0.3,0.5,0.001,1
