,L2,L2_true,N,std,jump,jump_prob,ve,dim
0,4.1824984806240115,2.2206780441237566,8,0.01,0.3,0.5,0.01,3
