,L2,L2_true,N,std,jump,jump_prob,ve,dim
0,3.6682729022208282,1.4825362836900817,2,0.01,0.3,0.5,0.0025,2
