,L2,L2_true,N,std,jump,jump_prob,ve,dim
0,7.958285205315076,7.47205838906086,439,0.01,0.3,0.5,0.001,2
