,L2,L2_true,N,std,jump,jump_prob,ve,dim
0,5.905355102163055,4.962353764162509,100,0.01,0.3,0.5,0.0025,2
