,L2,L2_true,N,std,jump,jump_prob,ve,dim
0,4.563516959497935,3.711060067084882,1930,0.01,0.3,0.5,0.001,2
