,L2,L2_true,N,std,jump,jump_prob,ve,dim
0,3.0686759596930866,0.4951363818156338,163,0.01,0.3,0.5,0.0025,1
