,L2,L2_true,N,std,jump,jump_prob,ve,dim
0,2.17945900049228,2.0917229627959704,5,0.05,0.3,0.5,0.001,1
