,L2,L2_true,N,std,jump,jump_prob,ve,dim
0,4.692952734122459,3.5624679330088846,372,0.01,0.3,0.5,0.0025,2
