,L2,L2_true,N,std,jump,jump_prob,ve,dim
0,4.789663120192915,3.3437443628159618,316,0.01,0.3,0.5,0.01,3
