,L2,L2_true,N,std,jump,jump_prob,ve,dim
0,3.6845428403333753,1.0429525150083028,2,0.01,0.3,0.5,0.01,2
