,L2,L2_true,N,std,jump,jump_prob,ve,dim
0,3.0441253027413095,0.30129139306668634,193,0.01,0.3,0.5,0.0025,1
