,L2,L2_true,N,std,jump,jump_prob,ve,dim
0,5.999957427106298,5.119569061363722,26,0.01,0.3,0.5,0.001,3
