,L2,L2_true,N,std,jump,jump_prob,ve,dim
0,3.8978287491712824,2.420396161798096,719,0.01,0.3,0.5,0.0025,2
