,L2,L2_true,N,std,jump,jump_prob,ve,dim
0,8.607361362343731,8.015627506279465,71,0.01,0.3,0.5,0.001,3
