,L2,L2_true,N,std,jump,jump_prob,ve,dim
0,3.6871579190572112,2.066908528534038,1000,0.01,0.3,0.5,0.0025,2
