,L2,L2_true,N,std,jump,jump_prob,ve,dim
0,4.454787489654976,2.7037615342492343,13,0.01,0.3,0.5,0.01,3
