,L2,L2_true,N,std,jump,jump_prob,ve,dim
0,7.28666148205312,6.7742067933442565,610,0.01,0.3,0.5,0.001,2
