,L2,L2_true,N,std,jump,jump_prob,ve,dim
0,3.044563811078851,0.257076240707693,517,0.01,0.3,0.5,0.0025,1
