,L2,L2_true,N,std,jump,jump_prob,ve,dim
0,0.4152063889619206,0.3496283084128516,848,0.05,0.3,0.5,0.001,1
