,L2,L2_true,N,std,jump,jump_prob,ve,dim
0,5.326392510874723,4.069574770363413,163,0.01,0.3,0.5,0.01,3
