,L2,L2_true,N,std,jump,jump_prob,ve,dim
0,3.436355149750483,0.47725515363607224,1000,0.01,0.3,0.5,0.01,2
