,L2,L2_true,N,std,jump,jump_prob,ve,dim
0,3.420296015046169,0.161176112001241,193,0.01,0.3,0.5,0.01,1
