,L2,L2_true,N,std,jump,jump_prob,ve,dim
0,3.6117169725371183,0.7439552173757294,1,0.01,0.3,0.5,0.01,1
