,L2,L2_true,N,std,jump,jump_prob,ve,dim
0,3.0283383777857096,0.08450305388454943,3162,0.01,0.3,0.5,0.0025,1
