,L2,L2_true,N,std,jump,jump_prob,ve,dim
0,4.181077597915761,2.8597695575769255,517,0.01,0.3,0.5,0.0025,2
