,L2,L2_true,N,std,jump,jump_prob,ve,dim
0,5.2686496514379435,4.237193163827111,19,0.01,0.3,0.5,0.001,2
