,L2,L2_true,N,std,jump,jump_prob,ve,dim
0,12.483647589916014,12.055339430005848,439,0.01,0.3,0.5,0.0025,3
