,L2,L2_true,N,std,jump,jump_prob,ve,dim
0,2.773661599368658,2.773418872537385,16,0.2,0.3,0.5,0.001,1
