,L2,L2_true,N,std,jump,jump_prob,ve,dim
0,6.090593491223505,5.475981233329313,1000,0.01,0.3,0.5,0.001,2
