,L2,L2_true,N,std,jump,jump_prob,ve,dim
0,1.9389954448441482,1.9374189240645319,5,0.2,0.3,0.5,0.001,1
