,L2,L2_true,N,std,jump,jump_prob,ve,dim
0,1.374777027248755,1.375488201469954,100,0.2,0.3,0.5,0.001,1
