,L2,L2_true,N,std,jump,jump_prob,ve,dim
0,4.9404644554817585,3.4461981062442484,26,0.01,0.3,0.5,0.01,3
