,L2,L2_true,N,std,jump,jump_prob,ve,dim
0,4.156199957383094,2.7179808780957315,6,0.01,0.3,0.5,0.001,2
