,L2,L2_true,N,std,jump,jump_prob,ve,dim
0,3.478833389489929,0.6479762925026702,610,0.01,0.3,0.5,0.01,2
