,L2,L2_true,N,std,jump,jump_prob,ve,dim
0,3.8724171521966153,1.8401865688022625,1178,0.01,0.3,0.5,0.01,3
