,L2,L2_true,N,std,jump,jump_prob,ve,dim
0,10.40307542639292,9.927828589830506,117,0.01,0.3,0.5,0.001,3
