,L2,L2_true,N,std,jump,jump_prob,ve,dim
0,5.238411410307201,3.9284263441395324,193,0.01,0.3,0.5,0.01,3
