,L2,L2_true,N,std,jump,jump_prob,ve,dim
0,4.188172812804365,2.7852745686048985,6,0.01,0.3,0.5,0.001,3
