,L2,L2_true,N,std,jump,jump_prob,ve,dim
0,2.0554475460071546,1.9605361559101004,5,0.05,0.3,0.5,0.001,1
