,L2,L2_true,N,std,jump,jump_prob,ve,dim
0,2.674248712049397,0.5785162264722788,316,0.01,0.3,0.5,0.001,1
