,L2,L2_true,N,std,jump,jump_prob,ve,dim
0,1.044407154986542,1.045037506469422,117,0.2,0.3,0.5,0.001,1
