,L2,L2_true,N,std,jump,jump_prob,ve,dim
0,1.0295583689259482,1.0090612039559472,117,0.05,0.3,0.5,0.001,1
