,L2,L2_true,N,std,jump,jump_prob,ve,dim
0,3.085078757777802,0.5843710599633832,117,0.01,0.3,0.5,0.0025,1
