,L2,L2_true,N,std,jump,jump_prob,ve,dim
0,3.643588125584786,1.2681870366739727,138,0.01,0.3,0.5,0.01,2
