,L2,L2_true,N,std,jump,jump_prob,ve,dim
0,5.888478888949442,4.835397450967604,26,0.01,0.3,0.5,0.0025,3
