,L2,L2_true,N,std,jump,jump_prob,ve,dim
0,2.2763797739919256,2.2765573456463355,13,0.2,0.3,0.5,0.001,1
