,L2,L2_true,N,std,jump,jump_prob,ve,dim
0,0.8367380958001045,0.8383669516116836,2,0.2,0.3,0.5,0.001,1
