,L2,L2_true,N,std,jump,jump_prob,ve,dim
0,6.180475315681465,5.329937508067235,138,0.01,0.3,0.5,0.0025,2
