,L2,L2_true,N,std,jump,jump_prob,ve,dim
0,3.4091198854750377,0.0408649144826159,2682,0.01,0.3,0.5,0.01,1
