,L2,L2_true,N,std,jump,jump_prob,ve,dim
0,3.0411428807346645,0.15476339060509592,1178,0.01,0.3,0.5,0.0025,1
