,L2,L2_true,N,std,jump,jump_prob,ve,dim
0,5.252504587135699,4.058915295777318,22,0.01,0.3,0.5,0.0025,2
