,L2,L2_true,N,std,jump,jump_prob,ve,dim
0,8.543913011119388,8.075553978437823,372,0.01,0.3,0.5,0.001,2
