,L2,L2_true,N,std,jump,jump_prob,ve,dim
0,5.541436224258362,4.314527891461101,117,0.01,0.3,0.5,0.01,3
