,L2,L2_true,N,std,jump,jump_prob,ve,dim
0,3.4230808187783373,0.03878644662114255,2682,0.01,0.3,0.5,0.01,1
