,L2,L2_true,N,std,jump,jump_prob,ve,dim
0,3.5091344787772623,0.7839673719078718,372,0.01,0.3,0.5,0.01,2
