,L2,L2_true,N,std,jump,jump_prob,ve,dim
0,1.4745597831003392,1.4720869336020574,3,0.2,0.3,0.5,0.001,1
