,L2,L2_true,N,std,jump,jump_prob,ve,dim
0,2.619812544640627,0.16240195679887154,2682,0.01,0.3,0.5,0.001,1
