,L2,L2_true,N,std,jump,jump_prob,ve,dim
0,4.116896323187234,2.1838057850684836,22,0.01,0.3,0.5,0.01,2
