,L2,L2_true,N,std,jump,jump_prob,ve,dim
0,7.100313298362047,6.259500278332552,51,0.01,0.3,0.5,0.0025,3
