,L2,L2_true,N,std,jump,jump_prob,ve,dim
0,2.1577633427175806,2.060618152141628,5,0.05,0.3,0.5,0.001,1
