,L2,L2_true,N,std,jump,jump_prob,ve,dim
0,4.924754988838294,3.455804576029049,26,0.01,0.3,0.5,0.01,3
