,L2,L2_true,N,std,jump,jump_prob,ve,dim
0,1.614441281280163,1.613747990857523,4,0.2,0.3,0.5,0.001,1
