,L2,L2_true,N,std,jump,jump_prob,ve,dim
0,0.9174284889124714,0.916018594694578,138,0.05,0.3,0.5,0.001,1
