,L2,L2_true,N,std,jump,jump_prob,ve,dim
0,3.351864227215634,3.351660565386659,19,0.2,0.3,0.5,0.001,1
