,L2,L2_true,N,std,jump,jump_prob,ve,dim
0,3.771059220269522,2.065059432137362,2,0.01,0.3,0.5,0.001,3
