,L2,L2_true,N,std,jump,jump_prob,ve,dim
0,4.177547441575704,2.4774472164397983,7,0.01,0.3,0.5,0.0025,2
