,L2,L2_true,N,std,jump,jump_prob,ve,dim
0,3.8498717692067124,1.8599985970132331,3,0.01,0.3,0.5,0.0025,3
