,L2,L2_true,N,std,jump,jump_prob,ve,dim
0,3.8331230942253933,1.8258621924526606,3,0.01,0.3,0.5,0.0025,3
