,L2,L2_true,N,std,jump,jump_prob,ve,dim
0,3.822427167037919,2.3216433526822597,848,0.01,0.3,0.5,0.0025,2
