,L2,L2_true,N,std,jump,jump_prob,ve,dim
0,1.3500050550872176,1.1784091927818323,1,0.05,0.3,0.5,0.001,1
