,L2,L2_true,N,std,jump,jump_prob,ve,dim
0,4.790378561661327,3.678353681801992,316,0.01,0.3,0.5,0.0025,2
