,L2,L2_true,N,std,jump,jump_prob,ve,dim
0,4.1183407519835935,2.146511452562787,8,0.01,0.3,0.5,0.01,2
