,L2,L2_true,N,std,jump,jump_prob,ve,dim
0,3.625655782529769,1.2072624993781529,193,0.01,0.3,0.5,0.01,2
