,L2,L2_true,N,std,jump,jump_prob,ve,dim
0,1.6315305065184125,1.6300673133408072,4,0.2,0.3,0.5,0.001,1
