,L2,L2_true,N,std,jump,jump_prob,ve,dim
0,2.262916381074264,2.2641592193823135,43,0.05,0.3,0.5,0.001,1
