,L2,L2_true,N,std,jump,jump_prob,ve,dim
0,4.237089740239896,2.3263056703301483,8,0.01,0.3,0.5,0.01,3
