,L2,L2_true,N,std,jump,jump_prob,ve,dim
0,3.03443174648648,0.2860148447228921,439,0.01,0.3,0.5,0.0025,1
