,L2,L2_true,N,std,jump,jump_prob,ve,dim
0,9.638728301950074,9.047874594378833,138,0.01,0.3,0.5,0.0025,3
