,L2,L2_true,N,std,jump,jump_prob,ve,dim
0,4.726530921479025,3.5317320828607124,11,0.01,0.3,0.5,0.001,3
