,L2,L2_true,N,std,jump,jump_prob,ve,dim
0,2.505218659934134,2.503412411873734,10,0.2,0.3,0.5,0.001,1
