,L2,L2_true,N,std,jump,jump_prob,ve,dim
0,13.061973598115586,12.672203939848186,848,0.01,0.3,0.5,0.0025,3
