,L2,L2_true,N,std,jump,jump_prob,ve,dim
0,2.527575242254371,2.4681295771965086,11,0.05,0.3,0.5,0.001,1
