,L2,L2_true,N,std,jump,jump_prob,ve,dim
0,4.5726399469870085,3.74161238022775,2000,0.01,0.3,0.5,0.001,2
