,L2,L2_true,N,std,jump,jump_prob,ve,dim
0,3.7819453680545574,2.153008521806431,4,0.01,0.3,0.5,0.001,1
