,L2,L2_true,N,std,jump,jump_prob,ve,dim
0,4.341816844658941,2.768765018319251,8,0.01,0.3,0.5,0.0025,2
