,L2,L2_true,N,std,jump,jump_prob,ve,dim
0,0.7656920597509005,0.7656707219361149,268,0.2,0.3,0.5,0.001,1
