,L2,L2_true,N,std,jump,jump_prob,ve,dim
0,3.801316840932802,2.178385899596365,4,0.01,0.3,0.5,0.001,1
