,L2,L2_true,N,std,jump,jump_prob,ve,dim
0,23.765487563840075,23.58996429029401,2275,0.01,0.3,0.5,0.001,3
