,L2,L2_true,N,std,jump,jump_prob,ve,dim
0,3.7155439083011577,2.0238934951668037,3,0.01,0.3,0.5,0.001,1
