,L2,L2_true,N,std,jump,jump_prob,ve,dim
0,3.717167426894927,1.433801432425908,117,0.01,0.3,0.5,0.01,2
