,L2,L2_true,N,std,jump,jump_prob,ve,dim
0,6.939054640800139,6.400356712488273,719,0.01,0.3,0.5,0.001,2
