,L2,L2_true,N,std,jump,jump_prob,ve,dim
0,2.8401524455735574,1.1443635932211147,117,0.01,0.3,0.5,0.001,1
