,L2,L2_true,N,std,jump,jump_prob,ve,dim
0,3.423797799640688,0.37014965370536995,1637,0.01,0.3,0.5,0.01,2
