,L2,L2_true,N,std,jump,jump_prob,ve,dim
0,3.0520288594352416,0.38356652965490795,193,0.01,0.3,0.5,0.0025,1
