,L2,L2_true,N,std,jump,jump_prob,ve,dim
0,4.306464526388504,2.593828442329139,610,0.01,0.3,0.5,0.01,3
