,L2,L2_true,N,std,jump,jump_prob,ve,dim
0,11.246462962311458,10.811018401965054,1930,0.01,0.3,0.5,0.0025,3
