,L2,L2_true,N,std,jump,jump_prob,ve,dim
0,5.318485230985161,3.990024387728475,37,0.01,0.3,0.5,0.01,3
