,L2,L2_true,N,std,jump,jump_prob,ve,dim
0,9.780383555768303,9.208027117067202,138,0.01,0.3,0.5,0.0025,3
