,L2,L2_true,N,std,jump,jump_prob,ve,dim
0,2.1553775755605007,2.1557230967714376,7,0.2,0.3,0.5,0.001,1
