,L2,L2_true,N,std,jump,jump_prob,ve,dim
0,2.6323370906122006,0.31241473935543934,1178,0.01,0.3,0.5,0.001,1
