,L2,L2_true,N,std,jump,jump_prob,ve,dim
0,7.540601754467763,6.894689837810261,71,0.01,0.3,0.5,0.001,2
