,L2,L2_true,N,std,jump,jump_prob,ve,dim
0,3.0473322126963125,0.18880758612142223,610,0.01,0.3,0.5,0.0025,1
