,L2,L2_true,N,std,jump,jump_prob,ve,dim
0,3.4197525149457437,0.0912621972356092,1000,0.01,0.3,0.5,0.01,1
