,L2,L2_true,N,std,jump,jump_prob,ve,dim
0,0.993035160546651,0.993481053127004,163,0.2,0.3,0.5,0.001,1
