,L2,L2_true,N,std,jump,jump_prob,ve,dim
0,0.23049444567053112,0.23003880830327017,2682,0.2,0.3,0.5,0.001,1
