,L2,L2_true,N,std,jump,jump_prob,ve,dim
0,0.37777666418409817,0.3703427232954765,1,0.2,0.3,0.5,0.001,1
