,L2,L2_true,N,std,jump,jump_prob,ve,dim
0,1.95041261548858,1.8467227677835658,5,0.05,0.3,0.5,0.001,1
