,L2,L2_true,N,std,jump,jump_prob,ve,dim
0,4.999551639742729,3.5656134043675847,26,0.01,0.3,0.5,0.01,3
