,L2,L2_true,N,std,jump,jump_prob,ve,dim
0,3.0561827571769213,0.31687034226104194,268,0.01,0.3,0.5,0.0025,1
