,L2,L2_true,N,std,jump,jump_prob,ve,dim
0,11.659785072199107,11.232163646296932,1389,0.01,0.3,0.5,0.0025,3
