,L2,L2_true,N,std,jump,jump_prob,ve,dim
0,1.9163122782543192,1.8908267586800334,37,0.05,0.3,0.5,0.001,1
