,L2,L2_true,N,std,jump,jump_prob,ve,dim
0,3.0323445306876153,0.17565806995153946,1000,0.01,0.3,0.5,0.0025,1
