,L2,L2_true,N,std,jump,jump_prob,ve,dim
0,3.4532837712978166,0.46315145586014705,43,0.01,0.3,0.5,0.01,1
