,L2,L2_true,N,std,jump,jump_prob,ve,dim
0,3.6887374442281256,1.079707600106322,3,0.01,0.3,0.5,0.01,1
