,L2,L2_true,N,std,jump,jump_prob,ve,dim
0,3.89696889538517,1.620340201270591,4,0.01,0.3,0.5,0.01,3
