,L2,L2_true,N,std,jump,jump_prob,ve,dim
0,3.4714142045181835,0.6317408714613415,26,0.01,0.3,0.5,0.01,1
