,L2,L2_true,N,std,jump,jump_prob,ve,dim
0,3.4214469501308655,0.04603306788490842,2275,0.01,0.3,0.5,0.01,1
