,L2,L2_true,N,std,jump,jump_prob,ve,dim
0,0.44000290618279847,0.37385185394573356,1000,0.05,0.3,0.5,0.001,1
