,L2,L2_true,N,std,jump,jump_prob,ve,dim
0,3.5882706596089218,1.0638165675625528,193,0.01,0.3,0.5,0.01,2
