,L2,L2_true,N,std,jump,jump_prob,ve,dim
0,7.466811733495846,6.960437109453035,517,0.01,0.3,0.5,0.001,2
