,L2,L2_true,N,std,jump,jump_prob,ve,dim
0,3.9393760105863453,1.921584449515746,71,0.01,0.3,0.5,0.01,2
