,L2,L2_true,N,std,jump,jump_prob,ve,dim
0,10.492568971131917,9.962295440648969,193,0.01,0.3,0.5,0.0025,3
