,L2,L2_true,N,std,jump,jump_prob,ve,dim
0,4.534125293779704,3.34686455390583,372,0.01,0.3,0.5,0.0025,2
