,L2,L2_true,N,std,jump,jump_prob,ve,dim
0,1.3481568322555852,1.1771459261649455,1,0.05,0.3,0.5,0.001,1
