,L2,L2_true,N,std,jump,jump_prob,ve,dim
0,0.8086977857502476,0.7872922876720971,163,0.05,0.3,0.5,0.001,1
