,L2,L2_true,N,std,jump,jump_prob,ve,dim
0,15.24426403789389,14.936097695078734,316,0.01,0.3,0.5,0.001,3
