,L2,L2_true,N,std,jump,jump_prob,ve,dim
0,5.809949817226111,4.8223081049085375,61,0.01,0.3,0.5,0.0025,2
