,L2,L2_true,N,std,jump,jump_prob,ve,dim
0,3.4655338610114566,0.5856173342607517,16,0.01,0.3,0.5,0.01,1
