,L2,L2_true,N,std,jump,jump_prob,ve,dim
0,1.3024019714290491,1.3037343708725475,84,0.2,0.3,0.5,0.001,1
