,L2,L2_true,N,std,jump,jump_prob,ve,dim
0,23.395764706191457,23.209062313086093,1389,0.01,0.3,0.5,0.001,3
