,L2,L2_true,N,std,jump,jump_prob,ve,dim
0,3.050029934651775,0.2776709859601652,517,0.01,0.3,0.5,0.0025,1
