,L2,L2_true,N,std,jump,jump_prob,ve,dim
0,2.8959092892703375,1.1691945580661782,84,0.01,0.3,0.5,0.001,1
