,L2,L2_true,N,std,jump,jump_prob,ve,dim
0,7.106021632322023,6.3874541299339,51,0.01,0.3,0.5,0.001,2
