,L2,L2_true,N,std,jump,jump_prob,ve,dim
0,1.8506057342870688,1.8500410280883133,8,0.2,0.3,0.5,0.001,1
