,L2,L2_true,N,std,jump,jump_prob,ve,dim
0,3.044072280708146,0.14844536959985624,1178,0.01,0.3,0.5,0.0025,1
