,L2,L2_true,N,std,jump,jump_prob,ve,dim
0,9.469972012820623,8.867699575771658,138,0.01,0.3,0.5,0.0025,3
