,L2,L2_true,N,std,jump,jump_prob,ve,dim
0,3.0869859458545545,0.49575833348718623,138,0.01,0.3,0.5,0.0025,1
