,L2,L2_true,N,std,jump,jump_prob,ve,dim
0,3.7007517245773056,1.422892977202772,2000,0.01,0.3,0.5,0.01,3
