,L2,L2_true,N,std,jump,jump_prob,ve,dim
0,6.053524199993446,5.177172725362584,138,0.01,0.3,0.5,0.0025,2
