,L2,L2_true,N,std,jump,jump_prob,ve,dim
0,4.911100691366764,4.137898964269667,1637,0.01,0.3,0.5,0.001,2
