,L2,L2_true,N,std,jump,jump_prob,ve,dim
0,1.1306415293610639,1.1267892214410022,2,0.2,0.3,0.5,0.001,1
