,L2,L2_true,N,std,jump,jump_prob,ve,dim
0,3.7594152010977235,1.3107384842552268,3,0.01,0.3,0.5,0.01,2
