,L2,L2_true,N,std,jump,jump_prob,ve,dim
0,0.9292887893117376,0.9290714809604396,163,0.2,0.3,0.5,0.001,1
