,L2,L2_true,N,std,jump,jump_prob,ve,dim
0,12.232294940823206,11.805199148023673,439,0.01,0.3,0.5,0.0025,3
