,L2,L2_true,N,std,jump,jump_prob,ve,dim
0,6.998458053678641,6.263176211006698,37,0.01,0.3,0.5,0.001,3
