,L2,L2_true,N,std,jump,jump_prob,ve,dim
0,5.665437917466599,4.469054148094078,71,0.01,0.3,0.5,0.01,3
