,L2,L2_true,N,std,jump,jump_prob,ve,dim
0,0.9052440854161787,0.8723027763570235,163,0.05,0.3,0.5,0.001,1
