,L2,L2_true,N,std,jump,jump_prob,ve,dim
0,3.833141637975802,1.8282391336159547,3,0.01,0.3,0.5,0.0025,2
