,L2,L2_true,N,std,jump,jump_prob,ve,dim
0,4.845515756872608,3.491617461263216,13,0.01,0.3,0.5,0.0025,3
