,L2,L2_true,N,std,jump,jump_prob,ve,dim
0,2.089151202941372,2.088149776218476,6,0.2,0.3,0.5,0.001,1
