,L2,L2_true,N,std,jump,jump_prob,ve,dim
0,3.4576215490908973,0.5569060767989721,19,0.01,0.3,0.5,0.01,1
