,L2,L2_true,N,std,jump,jump_prob,ve,dim
0,2.001621302245794,1.909624759084433,6,0.05,0.3,0.5,0.001,1
