,L2,L2_true,N,std,jump,jump_prob,ve,dim
0,3.6242303808976652,1.8029738500660604,1,0.01,0.3,0.5,0.001,1
