,L2,L2_true,N,std,jump,jump_prob,ve,dim
0,3.7788234544861594,1.3659371149920483,3,0.01,0.3,0.5,0.01,3
