,L2,L2_true,N,std,jump,jump_prob,ve,dim
0,3.2181036202598152,1.1535582809954954,61,0.01,0.3,0.5,0.0025,1
