,L2,L2_true,N,std,jump,jump_prob,ve,dim
0,4.073511183803096,2.1468441481227374,37,0.01,0.3,0.5,0.01,2
