,L2,L2_true,N,std,jump,jump_prob,ve,dim
0,3.6202177096627906,1.3285662581021602,1,0.01,0.3,0.5,0.0025,1
