,L2,L2_true,N,std,jump,jump_prob,ve,dim
0,2.4865286907513977,2.4848251092187383,26,0.2,0.3,0.5,0.001,1
