,L2,L2_true,N,std,jump,jump_prob,ve,dim
0,2.0231562754711523,2.032441713007854,43,0.05,0.3,0.5,0.001,1
