,L2,L2_true,N,std,jump,jump_prob,ve,dim
0,3.873678507894507,2.2878703995531238,5,0.01,0.3,0.5,0.001,1
