,L2,L2_true,N,std,jump,jump_prob,ve,dim
0,1.7231008089884938,1.7248756228487263,51,0.05,0.3,0.5,0.001,1
