,L2,L2_true,N,std,jump,jump_prob,ve,dim
0,3.960562436860354,2.0731595532367884,4,0.01,0.3,0.5,0.0025,3
