,L2,L2_true,N,std,jump,jump_prob,ve,dim
0,0.3424236097575278,0.24615154610894835,1930,0.05,0.3,0.5,0.001,1
