,L2,L2_true,N,std,jump,jump_prob,ve,dim
0,3.9869442705377574,2.4833242331086582,6,0.01,0.3,0.5,0.001,1
