,L2,L2_true,N,std,jump,jump_prob,ve,dim
0,2.6235262764781977,0.26615041872517836,1000,0.01,0.3,0.5,0.001,1
