,L2,L2_true,N,std,jump,jump_prob,ve,dim
0,5.421449537521024,4.13894418202914,71,0.01,0.3,0.5,0.01,3
