,L2,L2_true,N,std,jump,jump_prob,ve,dim
0,3.4038934007639616,0.12750634051054432,268,0.01,0.3,0.5,0.01,1
