,L2,L2_true,N,std,jump,jump_prob,ve,dim
0,1.9400975877322562,1.8673152806780262,10,0.05,0.3,0.5,0.001,1
