,L2,L2_true,N,std,jump,jump_prob,ve,dim
0,3.4153444702305378,0.3415098589750328,2000,0.01,0.3,0.5,0.01,2
