,L2,L2_true,N,std,jump,jump_prob,ve,dim
0,5.0219550266093504,3.96635998120852,268,0.01,0.3,0.5,0.0025,2
