,L2,L2_true,N,std,jump,jump_prob,ve,dim
0,3.4591047359979394,0.5707690380659124,43,0.01,0.3,0.5,0.01,1
