,L2,L2_true,N,std,jump,jump_prob,ve,dim
0,2.253356481419783,2.202939023189562,8,0.05,0.3,0.5,0.001,1
