,L2,L2_true,N,std,jump,jump_prob,ve,dim
0,4.244792156362578,2.857890166373153,7,0.01,0.3,0.5,0.001,2
