,L2,L2_true,N,std,jump,jump_prob,ve,dim
0,2.568293466657923,2.5003422826376642,7,0.05,0.3,0.5,0.001,1
