,L2,L2_true,N,std,jump,jump_prob,ve,dim
0,11.923581404919181,11.476688733765073,372,0.01,0.3,0.5,0.0025,3
