,L2,L2_true,N,std,jump,jump_prob,ve,dim
0,4.4975651109194175,3.2236760099015602,10,0.01,0.3,0.5,0.001,2
