,L2,L2_true,N,std,jump,jump_prob,ve,dim
0,1.3502130569276278,1.1784992163391914,1,0.05,0.3,0.5,0.001,1
