,L2,L2_true,N,std,jump,jump_prob,ve,dim
0,5.959001892872023,5.021344618175463,84,0.01,0.3,0.5,0.0025,2
