,L2,L2_true,N,std,jump,jump_prob,ve,dim
0,5.512775987477324,4.26604113643851,71,0.01,0.3,0.5,0.01,3
