,L2,L2_true,N,std,jump,jump_prob,ve,dim
0,6.462036554369157,5.52646518444629,37,0.01,0.3,0.5,0.0025,3
