,L2,L2_true,N,std,jump,jump_prob,ve,dim
0,2.0319477813272613,1.9393460686689772,5,0.05,0.3,0.5,0.001,1
