,L2,L2_true,N,std,jump,jump_prob,ve,dim
0,0.3313129966243583,0.24425873201627873,2275,0.05,0.3,0.5,0.001,1
