,L2,L2_true,N,std,jump,jump_prob,ve,dim
0,6.852751754469116,6.1272317634272095,51,0.01,0.3,0.5,0.001,2
