,L2,L2_true,N,std,jump,jump_prob,ve,dim
0,4.393728282914889,3.1050221217341782,8,0.01,0.3,0.5,0.001,3
