,L2,L2_true,N,std,jump,jump_prob,ve,dim
0,3.9486361375679517,2.9463902255571712,3000,0.01,0.3,0.5,0.001,2
