,L2,L2_true,N,std,jump,jump_prob,ve,dim
0,5.8364697442682525,4.82358346779407,43,0.01,0.3,0.5,0.0025,2
