,L2,L2_true,N,std,jump,jump_prob,ve,dim
0,10.175464721408296,9.627427284516246,163,0.01,0.3,0.5,0.0025,3
