,L2,L2_true,N,std,jump,jump_prob,ve,dim
0,3.9363068385275044,2.9447213914474557,3000,0.01,0.3,0.5,0.001,2
