,L2,L2_true,N,std,jump,jump_prob,ve,dim
0,3.853816314526906,1.7507952907881499,61,0.01,0.3,0.5,0.01,2
