,L2,L2_true,N,std,jump,jump_prob,ve,dim
0,2.224816514290848,2.2252607602509844,8,0.2,0.3,0.5,0.001,1
