,L2,L2_true,N,std,jump,jump_prob,ve,dim
0,4.196055103477083,2.2909459771777447,13,0.01,0.3,0.5,0.01,2
