,L2,L2_true,N,std,jump,jump_prob,ve,dim
0,2.6014398258306626,2.5815831595539436,22,0.05,0.3,0.5,0.001,1
