,L2,L2_true,N,std,jump,jump_prob,ve,dim
0,4.386610768499421,2.748136079372359,517,0.01,0.3,0.5,0.01,3
