,L2,L2_true,N,std,jump,jump_prob,ve,dim
0,11.026819025892307,10.527799411898611,227,0.01,0.3,0.5,0.0025,3
