,L2,L2_true,N,std,jump,jump_prob,ve,dim
0,16.165390926120278,15.88395872949927,372,0.01,0.3,0.5,0.001,3
