,L2,L2_true,N,std,jump,jump_prob,ve,dim
0,3.817942416373418,2.188954863749353,3,0.01,0.3,0.5,0.001,2
