,L2,L2_true,N,std,jump,jump_prob,ve,dim
0,2.091350999709477,1.9832560703371016,5,0.05,0.3,0.5,0.001,1
