,L2,L2_true,N,std,jump,jump_prob,ve,dim
0,7.993443419553552,7.41710841763625,117,0.01,0.3,0.5,0.001,2
