,L2,L2_true,N,std,jump,jump_prob,ve,dim
0,3.296549386007783,1.9972806154223752,43,0.01,0.3,0.5,0.001,1
