,L2,L2_true,N,std,jump,jump_prob,ve,dim
0,3.7674705355478033,2.0916420087152585,3,0.01,0.3,0.5,0.001,2
