,L2,L2_true,N,std,jump,jump_prob,ve,dim
0,3.690010671821603,1.4135367550995255,2000,0.01,0.3,0.5,0.01,3
