,L2,L2_true,N,std,jump,jump_prob,ve,dim
0,5.235693934791778,3.924621263394902,193,0.01,0.3,0.5,0.01,3
