,L2,L2_true,N,std,jump,jump_prob,ve,dim
0,1.3492677842102863,1.1778758689473314,1,0.05,0.3,0.5,0.001,1
