,L2,L2_true,N,std,jump,jump_prob,ve,dim
0,2.6352405935166283,2.575760259019147,11,0.05,0.3,0.5,0.001,1
