,L2,L2_true,N,std,jump,jump_prob,ve,dim
0,2.9648289596345165,2.9664554666454452,10,0.2,0.3,0.5,0.001,1
