,L2,L2_true,N,std,jump,jump_prob,ve,dim
0,3.6168241541138553,1.3285900401885888,1,0.01,0.3,0.5,0.0025,3
