,L2,L2_true,N,std,jump,jump_prob,ve,dim
0,5.364493685028192,4.367911222453398,193,0.01,0.3,0.5,0.0025,2
