,L2,L2_true,N,std,jump,jump_prob,ve,dim
0,4.550613789040652,3.707229238815019,2000,0.01,0.3,0.5,0.001,2
