,L2,L2_true,N,std,jump,jump_prob,ve,dim
0,3.239091289761872,1.1226133057346588,3000,0.01,0.3,0.5,0.0025,2
