,L2,L2_true,N,std,jump,jump_prob,ve,dim
0,0.32131395681599706,0.21374192450187918,2682,0.05,0.3,0.5,0.001,1
