,L2,L2_true,N,std,jump,jump_prob,ve,dim
0,2.56805432207763,2.5680676456205607,22,0.2,0.3,0.5,0.001,1
