,L2,L2_true,N,std,jump,jump_prob,ve,dim
0,4.5486779852590855,3.7114608315744935,2000,0.01,0.3,0.5,0.001,2
