,L2,L2_true,N,std,jump,jump_prob,ve,dim
0,1.7350025627067327,1.734621750070726,5,0.2,0.3,0.5,0.001,1
