,L2,L2_true,N,std,jump,jump_prob,ve,dim
0,0.5695690561688905,0.5688690719835362,517,0.2,0.3,0.5,0.001,1
