,L2,L2_true,N,std,jump,jump_prob,ve,dim
0,16.13733367709851,15.839623777012362,372,0.01,0.3,0.5,0.001,3
