,L2,L2_true,N,std,jump,jump_prob,ve,dim
0,3.0390679889306322,0.30561949601492416,372,0.01,0.3,0.5,0.0025,1
