,L2,L2_true,N,std,jump,jump_prob,ve,dim
0,3.633665809507901,1.3299061874186666,1,0.01,0.3,0.5,0.0025,1
