,L2,L2_true,N,std,jump,jump_prob,ve,dim
0,4.047196522006931,2.664382914966882,610,0.01,0.3,0.5,0.0025,2
