,L2,L2_true,N,std,jump,jump_prob,ve,dim
0,3.0502616440394283,0.3771913425334865,227,0.01,0.3,0.5,0.0025,1
