,L2,L2_true,N,std,jump,jump_prob,ve,dim
0,1.6432382554798977,1.643302181059326,71,0.2,0.3,0.5,0.001,1
