,L2,L2_true,N,std,jump,jump_prob,ve,dim
0,3.7840099571684935,1.7373060546244765,3,0.01,0.3,0.5,0.0025,2
