,L2,L2_true,N,std,jump,jump_prob,ve,dim
0,2.584986591992284,2.544283856311447,16,0.05,0.3,0.5,0.001,1
