,L2,L2_true,N,std,jump,jump_prob,ve,dim
0,3.868943954019515,1.989727081298213,5,0.01,0.3,0.5,0.0025,1
