,L2,L2_true,N,std,jump,jump_prob,ve,dim
0,3.552844414166329,1.865669693258999,1178,0.01,0.3,0.5,0.0025,2
