,L2,L2_true,N,std,jump,jump_prob,ve,dim
0,2.6279115628784937,2.6278233603146917,22,0.2,0.3,0.5,0.001,1
