,L2,L2_true,N,std,jump,jump_prob,ve,dim
0,8.685597048296417,8.186906632421056,193,0.01,0.3,0.5,0.001,2
