,L2,L2_true,N,std,jump,jump_prob,ve,dim
0,5.418519936613517,4.428599893425485,22,0.01,0.3,0.5,0.001,2
