,L2,L2_true,N,std,jump,jump_prob,ve,dim
0,0.33293350962418256,0.2400237511588401,2275,0.05,0.3,0.5,0.001,1
