,L2,L2_true,N,std,jump,jump_prob,ve,dim
0,3.6567428202542085,1.055338511162976,4,0.01,0.3,0.5,0.01,1
