,L2,L2_true,N,std,jump,jump_prob,ve,dim
0,5.439112024754677,4.278839045478597,22,0.01,0.3,0.5,0.0025,3
