,L2,L2_true,N,std,jump,jump_prob,ve,dim
0,6.930552384297482,6.394572012555939,719,0.01,0.3,0.5,0.001,2
