,L2,L2_true,N,std,jump,jump_prob,ve,dim
0,5.112217851610276,4.03159809603898,16,0.01,0.3,0.5,0.001,3
