,L2,L2_true,N,std,jump,jump_prob,ve,dim
0,15.298151056818309,14.980477415052073,316,0.01,0.3,0.5,0.001,3
