,L2,L2_true,N,std,jump,jump_prob,ve,dim
0,3.7945334014343053,2.2744518047437228,848,0.01,0.3,0.5,0.0025,2
