,L2,L2_true,N,std,jump,jump_prob,ve,dim
0,3.0382488866644035,0.13476503714996013,1637,0.01,0.3,0.5,0.0025,1
