,L2,L2_true,N,std,jump,jump_prob,ve,dim
0,3.8094918786142333,2.2817224655641812,848,0.01,0.3,0.5,0.0025,2
