,L2,L2_true,N,std,jump,jump_prob,ve,dim
0,3.101346637281789,0.6887314720047685,71,0.01,0.3,0.5,0.0025,1
