,L2,L2_true,N,std,jump,jump_prob,ve,dim
0,3.7904031383636343,1.44874620450308,7,0.01,0.3,0.5,0.01,1
