,L2,L2_true,N,std,jump,jump_prob,ve,dim
0,4.1053135022351075,2.743093622811729,10,0.01,0.3,0.5,0.001,1
