,L2,L2_true,N,std,jump,jump_prob,ve,dim
0,6.667400430484543,5.887430718584719,37,0.01,0.3,0.5,0.001,3
