,L2,L2_true,N,std,jump,jump_prob,ve,dim
0,4.0775370476352135,2.287710593705712,5,0.01,0.3,0.5,0.0025,3
