,L2,L2_true,N,std,jump,jump_prob,ve,dim
0,2.041688687843475,2.04174240055209,43,0.2,0.3,0.5,0.001,1
