,L2,L2_true,N,std,jump,jump_prob,ve,dim
0,3.9647191809400852,2.482851542909319,6,0.01,0.3,0.5,0.001,1
