,L2,L2_true,N,std,jump,jump_prob,ve,dim
0,2.6876007162743187,2.618436444806272,11,0.05,0.3,0.5,0.001,1
