,L2,L2_true,N,std,jump,jump_prob,ve,dim
0,4.374577073683717,3.0322193947804292,8,0.01,0.3,0.5,0.001,3
