,L2,L2_true,N,std,jump,jump_prob,ve,dim
0,5.403542120080091,4.4152419087862995,193,0.01,0.3,0.5,0.0025,2
