,L2,L2_true,N,std,jump,jump_prob,ve,dim
0,2.626092913145541,0.3880309966149328,439,0.01,0.3,0.5,0.001,1
