,L2,L2_true,N,std,jump,jump_prob,ve,dim
0,2.662699742001898,0.6514299387232085,227,0.01,0.3,0.5,0.001,1
