,L2,L2_true,N,std,jump,jump_prob,ve,dim
0,5.202450371487577,3.831785623458491,37,0.01,0.3,0.5,0.01,3
