,L2,L2_true,N,std,jump,jump_prob,ve,dim
0,6.003559470051796,5.022732632263614,37,0.01,0.3,0.5,0.0025,2
