,L2,L2_true,N,std,jump,jump_prob,ve,dim
0,19.005425746881283,18.764149685143856,610,0.01,0.3,0.5,0.001,3
