,L2,L2_true,N,std,jump,jump_prob,ve,dim
0,3.628640818125317,0.7449146558349092,1,0.01,0.3,0.5,0.01,2
