,L2,L2_true,N,std,jump,jump_prob,ve,dim
0,23.564887226879982,23.377334029091703,1637,0.01,0.3,0.5,0.001,3
