,L2,L2_true,N,std,jump,jump_prob,ve,dim
0,4.647725682740655,3.4293801326359072,10,0.01,0.3,0.5,0.001,3
