,L2,L2_true,N,std,jump,jump_prob,ve,dim
0,2.6376758702601655,0.3628345502050866,610,0.01,0.3,0.5,0.001,1
