,L2,L2_true,N,std,jump,jump_prob,ve,dim
0,4.082965864882675,2.044176628290417,8,0.01,0.3,0.5,0.01,2
