,L2,L2_true,N,std,jump,jump_prob,ve,dim
0,1.6701113961861473,1.669346236484954,4,0.2,0.3,0.5,0.001,1
