,L2,L2_true,N,std,jump,jump_prob,ve,dim
0,3.4563240669832673,0.49915806005046404,848,0.01,0.3,0.5,0.01,2
