,L2,L2_true,N,std,jump,jump_prob,ve,dim
0,3.0474598292272046,0.19938726583493138,719,0.01,0.3,0.5,0.0025,1
