,L2,L2_true,N,std,jump,jump_prob,ve,dim
0,3.3481433096897977,1.422478382259433,2000,0.01,0.3,0.5,0.0025,2
