,L2,L2_true,N,std,jump,jump_prob,ve,dim
0,2.624722444265568,0.1510618618497885,3162,0.01,0.3,0.5,0.001,1
