,L2,L2_true,N,std,jump,jump_prob,ve,dim
0,12.096802570005101,11.692166319051788,1389,0.01,0.3,0.5,0.0025,3
