,L2,L2_true,N,std,jump,jump_prob,ve,dim
0,3.8882905726326484,2.00481328181493,4,0.01,0.3,0.5,0.0025,1
