,L2,L2_true,N,std,jump,jump_prob,ve,dim
0,1.928521909088025,1.9290540816132342,5,0.2,0.3,0.5,0.001,1
