,L2,L2_true,N,std,jump,jump_prob,ve,dim
0,12.03057323487453,11.620842259651797,163,0.01,0.3,0.5,0.001,3
