,L2,L2_true,N,std,jump,jump_prob,ve,dim
0,3.5335867197395863,1.6449228771077375,19,0.01,0.3,0.5,0.0025,1
