,L2,L2_true,N,std,jump,jump_prob,ve,dim
0,3.7093487227860127,1.4166445687004932,138,0.01,0.3,0.5,0.01,2
