,L2,L2_true,N,std,jump,jump_prob,ve,dim
0,12.427447159408237,12.010394291371503,610,0.01,0.3,0.5,0.0025,3
