,L2,L2_true,N,std,jump,jump_prob,ve,dim
0,5.2876857903007,4.006048404814006,193,0.01,0.3,0.5,0.01,3
