,L2,L2_true,N,std,jump,jump_prob,ve,dim
0,4.244671436573425,2.3665456040232855,11,0.01,0.3,0.5,0.01,2
