,L2,L2_true,N,std,jump,jump_prob,ve,dim
0,4.394776019430417,3.5272403640360808,2275,0.01,0.3,0.5,0.001,2
