,L2,L2_true,N,std,jump,jump_prob,ve,dim
0,3.8775694276626775,1.629725368392608,6,0.01,0.3,0.5,0.01,1
