,L2,L2_true,N,std,jump,jump_prob,ve,dim
0,12.576505925601822,12.152986821984461,439,0.01,0.3,0.5,0.0025,3
