,L2,L2_true,N,std,jump,jump_prob,ve,dim
0,3.4312432529961483,2.0317704024548195,26,0.01,0.3,0.5,0.001,1
