,L2,L2_true,N,std,jump,jump_prob,ve,dim
0,1.9675799074766822,1.8563455936132047,3,0.05,0.3,0.5,0.001,1
