,L2,L2_true,N,std,jump,jump_prob,ve,dim
0,3.6447230295339055,1.8866921766489206,2,0.01,0.3,0.5,0.001,1
