,L2,L2_true,N,std,jump,jump_prob,ve,dim
0,3.4859019273354903,0.7069741137315003,439,0.01,0.3,0.5,0.01,2
