,L2,L2_true,N,std,jump,jump_prob,ve,dim
0,24.322509026478905,24.154199979719287,1637,0.01,0.3,0.5,0.001,3
