,L2,L2_true,N,std,jump,jump_prob,ve,dim
0,0.46987891607688803,0.4050751784762061,719,0.05,0.3,0.5,0.001,1
