,L2,L2_true,N,std,jump,jump_prob,ve,dim
0,3.5706383788495066,1.8702387997147152,1178,0.01,0.3,0.5,0.0025,2
