,L2,L2_true,N,std,jump,jump_prob,ve,dim
0,4.00161827462297,2.523967965129807,6,0.01,0.3,0.5,0.001,1
