,L2,L2_true,N,std,jump,jump_prob,ve,dim
0,5.605878352051699,4.649585029668281,22,0.01,0.3,0.5,0.001,3
