,L2,L2_true,N,std,jump,jump_prob,ve,dim
0,4.682940458164544,3.4774392304845203,11,0.01,0.3,0.5,0.001,3
