,L2,L2_true,N,std,jump,jump_prob,ve,dim
0,3.0100453642778624,3.0105831477578953,37,0.2,0.3,0.5,0.001,1
