,L2,L2_true,N,std,jump,jump_prob,ve,dim
0,3.6126293030331897,1.3287028455184173,1,0.01,0.3,0.5,0.0025,3
