,L2,L2_true,N,std,jump,jump_prob,ve,dim
0,2.2465431709833212,2.2094695898346224,22,0.05,0.3,0.5,0.001,1
