,L2,L2_true,N,std,jump,jump_prob,ve,dim
0,3.622617965323109,1.3298340521687002,1,0.01,0.3,0.5,0.0025,1
