,L2,L2_true,N,std,jump,jump_prob,ve,dim
0,3.6310253736349734,0.7444942511917982,1,0.01,0.3,0.5,0.01,2
