,L2,L2_true,N,std,jump,jump_prob,ve,dim
0,4.0330331149106735,2.7103017561365346,13,0.01,0.3,0.5,0.001,1
