,L2,L2_true,N,std,jump,jump_prob,ve,dim
0,5.751919017417051,4.7411812365981545,51,0.01,0.3,0.5,0.0025,2
