,L2,L2_true,N,std,jump,jump_prob,ve,dim
0,4.170569795099648,2.4750140178161426,7,0.01,0.3,0.5,0.0025,2
