,L2,L2_true,N,std,jump,jump_prob,ve,dim
0,8.4734471266525,7.920400125906621,117,0.01,0.3,0.5,0.001,2
