,L2,L2_true,N,std,jump,jump_prob,ve,dim
0,2.1664899864537905,2.0971411959240553,7,0.05,0.3,0.5,0.001,1
