,L2,L2_true,N,std,jump,jump_prob,ve,dim
0,2.1253737729555477,2.1243806699786676,8,0.2,0.3,0.5,0.001,1
