,L2,L2_true,N,std,jump,jump_prob,ve,dim
0,21.763117087157145,21.563043311045874,1000,0.01,0.3,0.5,0.001,3
