,L2,L2_true,N,std,jump,jump_prob,ve,dim
0,3.048306677423182,0.35237405404379807,316,0.01,0.3,0.5,0.0025,1
