,L2,L2_true,N,std,jump,jump_prob,ve,dim
0,3.9477070691647795,2.6094310714072133,19,0.01,0.3,0.5,0.001,1
