,L2,L2_true,N,std,jump,jump_prob,ve,dim
0,11.312043410218672,10.820417575718043,227,0.01,0.3,0.5,0.0025,3
