,L2,L2_true,N,std,jump,jump_prob,ve,dim
0,11.669299191510099,11.20407715923444,316,0.01,0.3,0.5,0.0025,3
