,L2,L2_true,N,std,jump,jump_prob,ve,dim
0,11.03484890333737,10.604245238684054,2000,0.01,0.3,0.5,0.0025,3
