,L2,L2_true,N,std,jump,jump_prob,ve,dim
0,3.713852267691624,1.3600861703582332,7,0.01,0.3,0.5,0.01,1
