,L2,L2_true,N,std,jump,jump_prob,ve,dim
0,3.689279296847345,1.0137389899133828,2,0.01,0.3,0.5,0.01,2
