,L2,L2_true,N,std,jump,jump_prob,ve,dim
0,3.0472289033275075,0.1539491573966842,1389,0.01,0.3,0.5,0.0025,1
