,L2,L2_true,N,std,jump,jump_prob,ve,dim
0,4.3623404538234025,3.0313385443956262,8,0.01,0.3,0.5,0.001,2
