,L2,L2_true,N,std,jump,jump_prob,ve,dim
0,3.421874606354999,0.16297039070999142,316,0.01,0.3,0.5,0.01,1
