,L2,L2_true,N,std,jump,jump_prob,ve,dim
0,4.012803980581655,2.560194284762573,6,0.01,0.3,0.5,0.001,1
