,L2,L2_true,N,std,jump,jump_prob,ve,dim
0,5.246316301795071,3.890049860069964,43,0.01,0.3,0.5,0.01,3
