,L2,L2_true,N,std,jump,jump_prob,ve,dim
0,0.5667435727515394,0.5270279245076605,439,0.05,0.3,0.5,0.001,1
