,L2,L2_true,N,std,jump,jump_prob,ve,dim
0,12.142406630419337,11.732039623280707,1000,0.01,0.3,0.5,0.0025,3
