,L2,L2_true,N,std,jump,jump_prob,ve,dim
0,4.695414887374158,3.2015559181847193,372,0.01,0.3,0.5,0.01,3
