,L2,L2_true,N,std,jump,jump_prob,ve,dim
0,1.7963816979590341,1.6877491575172496,4,0.05,0.3,0.5,0.001,1
