,L2,L2_true,N,std,jump,jump_prob,ve,dim
0,3.597290971610265,0.7037705378073037,2,0.01,0.3,0.5,0.01,1
