,L2,L2_true,N,std,jump,jump_prob,ve,dim
0,2.579021763356216,2.578261559915264,19,0.2,0.3,0.5,0.001,1
