,L2,L2_true,N,std,jump,jump_prob,ve,dim
0,5.373546856395423,4.121909093982273,163,0.01,0.3,0.5,0.01,3
