,L2,L2_true,N,std,jump,jump_prob,ve,dim
0,3.9960559582153543,2.647502092240955,13,0.01,0.3,0.5,0.001,1
