,L2,L2_true,N,std,jump,jump_prob,ve,dim
0,3.749015224814456,1.5597881632734114,1637,0.01,0.3,0.5,0.01,3
