,L2,L2_true,N,std,jump,jump_prob,ve,dim
0,1.953396302075156,1.857990177823071,5,0.05,0.3,0.5,0.001,1
