,L2,L2_true,N,std,jump,jump_prob,ve,dim
0,4.244100207424637,2.364480799118886,11,0.01,0.3,0.5,0.01,2
