,L2,L2_true,N,std,jump,jump_prob,ve,dim
0,8.71104647325103,8.209906429484622,193,0.01,0.3,0.5,0.001,2
