,L2,L2_true,N,std,jump,jump_prob,ve,dim
0,3.4204618889558795,0.13825366767317085,227,0.01,0.3,0.5,0.01,1
