,L2,L2_true,N,std,jump,jump_prob,ve,dim
0,0.8228510442032175,0.7913143635110501,193,0.05,0.3,0.5,0.001,1
