,L2,L2_true,N,std,jump,jump_prob,ve,dim
0,3.7190047186399235,1.4466301750598805,138,0.01,0.3,0.5,0.01,2
