,L2,L2_true,N,std,jump,jump_prob,ve,dim
0,1.5383639699310094,1.5319569816743144,84,0.05,0.3,0.5,0.001,1
