,L2,L2_true,N,std,jump,jump_prob,ve,dim
0,3.053303669848753,0.3501801303975359,372,0.01,0.3,0.5,0.0025,1
