,L2,L2_true,N,std,jump,jump_prob,ve,dim
0,3.0687736082713433,0.4957817131568114,163,0.01,0.3,0.5,0.0025,1
