,L2,L2_true,N,std,jump,jump_prob,ve,dim
0,4.3125856819359445,2.5442334954974046,16,0.01,0.3,0.5,0.01,1
