,L2,L2_true,N,std,jump,jump_prob,ve,dim
0,5.204302261312372,4.000417565380003,22,0.01,0.3,0.5,0.0025,2
