,L2,L2_true,N,std,jump,jump_prob,ve,dim
0,10.227784728585563,9.68117703147133,163,0.01,0.3,0.5,0.0025,3
