,L2,L2_true,N,std,jump,jump_prob,ve,dim
0,3.8172125850013363,1.5121965145704188,6,0.01,0.3,0.5,0.01,1
