,L2,L2_true,N,std,jump,jump_prob,ve,dim
0,0.20322256134568256,0.203840609231223,3162,0.2,0.3,0.5,0.001,1
