,L2,L2_true,N,std,jump,jump_prob,ve,dim
0,4.413057075272028,2.694111951039638,22,0.01,0.3,0.5,0.01,2
