,L2,L2_true,N,std,jump,jump_prob,ve,dim
0,4.247971154939992,2.6007393892883033,7,0.01,0.3,0.5,0.0025,3
