,L2,L2_true,N,std,jump,jump_prob,ve,dim
0,3.425004799620171,0.1891886067073483,84,0.01,0.3,0.5,0.01,1
