,L2,L2_true,N,std,jump,jump_prob,ve,dim
0,12.014417593710617,11.599086014483762,1389,0.01,0.3,0.5,0.0025,3
