,L2,L2_true,N,std,jump,jump_prob,ve,dim
0,8.452519574476518,7.9304260795131825,163,0.01,0.3,0.5,0.001,2
