,L2,L2_true,N,std,jump,jump_prob,ve,dim
0,2.659907389502062,2.6606890174158844,37,0.2,0.3,0.5,0.001,1
