,L2,L2_true,N,std,jump,jump_prob,ve,dim
0,2.828499533323721,2.8284683133591066,22,0.2,0.3,0.5,0.001,1
