,L2,L2_true,N,std,jump,jump_prob,ve,dim
0,4.05017290516398,2.5849661711660414,5,0.01,0.3,0.5,0.001,3
