,L2,L2_true,N,std,jump,jump_prob,ve,dim
0,5.24251042677569,4.0539358530276965,37,0.01,0.3,0.5,0.0025,2
