,L2,L2_true,N,std,jump,jump_prob,ve,dim
0,3.540425395684345,0.8304275019542768,10,0.01,0.3,0.5,0.01,1
