,L2,L2_true,N,std,jump,jump_prob,ve,dim
0,4.275220977784652,2.5596406181772133,610,0.01,0.3,0.5,0.01,3
