,L2,L2_true,N,std,jump,jump_prob,ve,dim
0,4.944750690185128,4.180915430122003,1637,0.01,0.3,0.5,0.001,2
