,L2,L2_true,N,std,jump,jump_prob,ve,dim
0,2.27135188455045,2.272006319979289,37,0.2,0.3,0.5,0.001,1
