,L2,L2_true,N,std,jump,jump_prob,ve,dim
0,2.031064834227711,1.9753244103855305,61,0.05,0.3,0.5,0.001,1
