,L2,L2_true,N,std,jump,jump_prob,ve,dim
0,5.5114697984562095,4.5440812691136,193,0.01,0.3,0.5,0.0025,2
