,L2,L2_true,N,std,jump,jump_prob,ve,dim
0,2.0866214222688195,2.0889457131161473,31,0.05,0.3,0.5,0.001,1
