,L2,L2_true,N,std,jump,jump_prob,ve,dim
0,1.0825003427064308,1.0794993374689692,2,0.2,0.3,0.5,0.001,1
