,L2,L2_true,N,std,jump,jump_prob,ve,dim
0,3.2132331570681076,1.0784998196077118,51,0.01,0.3,0.5,0.0025,1
