,L2,L2_true,N,std,jump,jump_prob,ve,dim
0,6.737667656802859,5.836040948287662,43,0.01,0.3,0.5,0.0025,3
