,L2,L2_true,N,std,jump,jump_prob,ve,dim
0,3.8729131988786074,1.907270856186333,3,0.01,0.3,0.5,0.0025,3
