,L2,L2_true,N,std,jump,jump_prob,ve,dim
0,4.984182430324209,3.537916863382494,26,0.01,0.3,0.5,0.01,3
