,L2,L2_true,N,std,jump,jump_prob,ve,dim
0,11.626245750098809,11.167670853691416,268,0.01,0.3,0.5,0.0025,3
