,L2,L2_true,N,std,jump,jump_prob,ve,dim
0,5.160804431358336,3.9433262222264034,22,0.01,0.3,0.5,0.0025,2
