,L2,L2_true,N,std,jump,jump_prob,ve,dim
0,3.4127486517013725,0.05810123660466452,1930,0.01,0.3,0.5,0.01,1
