,L2,L2_true,N,std,jump,jump_prob,ve,dim
0,3.640053030222366,0.9223724559036268,2,0.01,0.3,0.5,0.01,1
