,L2,L2_true,N,std,jump,jump_prob,ve,dim
0,3.7243407696561954,2.0088291539966927,2,0.01,0.3,0.5,0.001,3
