,L2,L2_true,N,std,jump,jump_prob,ve,dim
0,3.616269090514711,1.8029175918518694,1,0.01,0.3,0.5,0.001,2
