,L2,L2_true,N,std,jump,jump_prob,ve,dim
0,8.61654419999824,8.02538711911144,71,0.01,0.3,0.5,0.001,3
