,L2,L2_true,N,std,jump,jump_prob,ve,dim
0,5.42947364853199,4.1777365025760895,100,0.01,0.3,0.5,0.01,3
