,L2,L2_true,N,std,jump,jump_prob,ve,dim
0,3.745812934018416,2.049192064277886,2,0.01,0.3,0.5,0.001,3
