,L2,L2_true,N,std,jump,jump_prob,ve,dim
0,3.597558847784701,0.6579023094534894,2,0.01,0.3,0.5,0.01,1
