,L2,L2_true,N,std,jump,jump_prob,ve,dim
0,12.766353468569584,12.383394385065877,193,0.01,0.3,0.5,0.001,3
