,L2,L2_true,N,std,jump,jump_prob,ve,dim
0,2.656644159051361,0.48362222311804504,610,0.01,0.3,0.5,0.001,1
