,L2,L2_true,N,std,jump,jump_prob,ve,dim
0,3.6982726352316377,1.9401280825691802,2,0.01,0.3,0.5,0.001,2
