,L2,L2_true,N,std,jump,jump_prob,ve,dim
0,8.322143015075369,7.623202723567284,84,0.01,0.3,0.5,0.0025,3
