,L2,L2_true,N,std,jump,jump_prob,ve,dim
0,2.620850025062046,0.16741300035223197,2682,0.01,0.3,0.5,0.001,1
