,L2,L2_true,N,std,jump,jump_prob,ve,dim
0,3.642672276038815,1.2256978453282652,163,0.01,0.3,0.5,0.01,2
