,L2,L2_true,N,std,jump,jump_prob,ve,dim
0,4.728789725512001,3.5433551079990697,11,0.01,0.3,0.5,0.001,3
