,L2,L2_true,N,std,jump,jump_prob,ve,dim
0,3.154642358390604,0.8686419170571882,84,0.01,0.3,0.5,0.0025,1
