,L2,L2_true,N,std,jump,jump_prob,ve,dim
0,0.9766802772856216,0.9760740648609317,163,0.2,0.3,0.5,0.001,1
