,L2,L2_true,N,std,jump,jump_prob,ve,dim
0,5.150360943971047,4.088493474579788,16,0.01,0.3,0.5,0.001,3
