,L2,L2_true,N,std,jump,jump_prob,ve,dim
0,3.9778313040691784,2.4424134600723284,4,0.01,0.3,0.5,0.001,3
