,L2,L2_true,N,std,jump,jump_prob,ve,dim
0,4.29188175655754,2.9267108797667483,7,0.01,0.3,0.5,0.001,2
