,L2,L2_true,N,std,jump,jump_prob,ve,dim
0,1.803917609060128,1.6843726361354265,3,0.05,0.3,0.5,0.001,1
