,L2,L2_true,N,std,jump,jump_prob,ve,dim
0,5.257863266868179,3.9514410864417173,193,0.01,0.3,0.5,0.01,3
