,L2,L2_true,N,std,jump,jump_prob,ve,dim
0,3.4226285894340593,0.16014361959212944,227,0.01,0.3,0.5,0.01,1
