,L2,L2_true,N,std,jump,jump_prob,ve,dim
0,0.2940576210535159,0.29340567131690837,1389,0.2,0.3,0.5,0.001,1
