,L2,L2_true,N,std,jump,jump_prob,ve,dim
0,1.3493955791030814,1.1779317991795184,1,0.05,0.3,0.5,0.001,1
