,L2,L2_true,N,std,jump,jump_prob,ve,dim
0,3.0347988588925174,0.36221124242388114,193,0.01,0.3,0.5,0.0025,1
