,L2,L2_true,N,std,jump,jump_prob,ve,dim
0,4.316681012362666,2.5164004763814343,19,0.01,0.3,0.5,0.01,2
