,L2,L2_true,N,std,jump,jump_prob,ve,dim
0,5.8261406919533245,4.859032860988772,84,0.01,0.3,0.5,0.0025,2
