,L2,L2_true,N,std,jump,jump_prob,ve,dim
0,5.20046669331672,3.8472955144443524,37,0.01,0.3,0.5,0.01,3
