,L2,L2_true,N,std,jump,jump_prob,ve,dim
0,0.5172984301958338,0.5170405156456412,517,0.2,0.3,0.5,0.001,1
