,L2,L2_true,N,std,jump,jump_prob,ve,dim
0,3.2340509255146648,1.0804390076922628,51,0.01,0.3,0.5,0.0025,1
