,L2,L2_true,N,std,jump,jump_prob,ve,dim
0,0.5972408983565651,0.5755971252724724,372,0.05,0.3,0.5,0.001,1
