,L2,L2_true,N,std,jump,jump_prob,ve,dim
0,2.0683249748213024,2.0688474895199627,10,0.2,0.3,0.5,0.001,1
