,L2,L2_true,N,std,jump,jump_prob,ve,dim
0,7.899276619160997,7.393658663970323,439,0.01,0.3,0.5,0.001,2
