,L2,L2_true,N,std,jump,jump_prob,ve,dim
0,4.63938762969631,3.815826666182461,1930,0.01,0.3,0.5,0.001,2
