,L2,L2_true,N,std,jump,jump_prob,ve,dim
0,2.6264093655626843,0.25852761783623696,1000,0.01,0.3,0.5,0.001,1
