,L2,L2_true,N,std,jump,jump_prob,ve,dim
0,11.915170022651772,11.503325402414672,163,0.01,0.3,0.5,0.001,3
