,L2,L2_true,N,std,jump,jump_prob,ve,dim
0,6.312918049245433,5.473512080795876,31,0.01,0.3,0.5,0.001,3
