,L2,L2_true,N,std,jump,jump_prob,ve,dim
0,3.4109158218379205,1.5695271402176123,1637,0.01,0.3,0.5,0.0025,2
