,L2,L2_true,N,std,jump,jump_prob,ve,dim
0,4.0344754556126885,2.5441119974042925,5,0.01,0.3,0.5,0.001,2
