,L2,L2_true,N,std,jump,jump_prob,ve,dim
0,7.876518444251868,7.2807201878918875,100,0.01,0.3,0.5,0.001,2
