,L2,L2_true,N,std,jump,jump_prob,ve,dim
0,8.020640901372273,7.386076320165945,61,0.01,0.3,0.5,0.001,3
