,L2,L2_true,N,std,jump,jump_prob,ve,dim
0,3.413770208113961,0.0970193078510477,1000,0.01,0.3,0.5,0.01,1
