,L2,L2_true,N,std,jump,jump_prob,ve,dim
0,4.366132646665009,3.1117864284241983,439,0.01,0.3,0.5,0.0025,2
