,L2,L2_true,N,std,jump,jump_prob,ve,dim
0,2.175371219939549,2.1761769012830268,10,0.2,0.3,0.5,0.001,1
