,L2,L2_true,N,std,jump,jump_prob,ve,dim
0,7.885072762126383,7.13574901901714,71,0.01,0.3,0.5,0.0025,3
