,L2,L2_true,N,std,jump,jump_prob,ve,dim
0,2.326696566553562,2.327144279967803,43,0.2,0.3,0.5,0.001,1
