,L2,L2_true,N,std,jump,jump_prob,ve,dim
0,5.837502602042853,5.187978463294615,1000,0.01,0.3,0.5,0.001,2
