,L2,L2_true,N,std,jump,jump_prob,ve,dim
0,3.409696184354091,0.05014818838331353,1637,0.01,0.3,0.5,0.01,1
