,L2,L2_true,N,std,jump,jump_prob,ve,dim
0,3.256607665913083,1.9504605729401319,71,0.01,0.3,0.5,0.001,1
