,L2,L2_true,N,std,jump,jump_prob,ve,dim
0,3.497944236768979,0.63218877035359,517,0.01,0.3,0.5,0.01,2
