,L2,L2_true,N,std,jump,jump_prob,ve,dim
0,3.866727843922643,2.5490654150375347,19,0.01,0.3,0.5,0.001,1
