,L2,L2_true,N,std,jump,jump_prob,ve,dim
0,5.977411452507402,5.350177251167474,1000,0.01,0.3,0.5,0.001,2
