,L2,L2_true,N,std,jump,jump_prob,ve,dim
0,0.3406953767293971,0.2622918174883743,1637,0.05,0.3,0.5,0.001,1
