,L2,L2_true,N,std,jump,jump_prob,ve,dim
0,5.703991123413593,4.759201889740245,138,0.01,0.3,0.5,0.0025,2
