,L2,L2_true,N,std,jump,jump_prob,ve,dim
0,3.6365005554747354,0.9780957003840787,2,0.01,0.3,0.5,0.01,1
