,L2,L2_true,N,std,jump,jump_prob,ve,dim
0,5.6105602700613195,4.6489650904702735,163,0.01,0.3,0.5,0.0025,2
