,L2,L2_true,N,std,jump,jump_prob,ve,dim
0,10.093403542083687,9.606956059654614,100,0.01,0.3,0.5,0.001,3
