,L2,L2_true,N,std,jump,jump_prob,ve,dim
0,22.125986011829102,21.926898674000093,1000,0.01,0.3,0.5,0.001,3
