,L2,L2_true,N,std,jump,jump_prob,ve,dim
0,3.417884892197477,0.06683841584082158,517,0.01,0.3,0.5,0.01,1
