,L2,L2_true,N,std,jump,jump_prob,ve,dim
0,4.274203402670094,2.5099992429055407,37,0.01,0.3,0.5,0.01,2
