,L2,L2_true,N,std,jump,jump_prob,ve,dim
0,5.576003151624935,4.454719958407673,22,0.01,0.3,0.5,0.0025,3
