,L2,L2_true,N,std,jump,jump_prob,ve,dim
0,2.045255975296392,2.0424312802886213,7,0.2,0.3,0.5,0.001,1
