,L2,L2_true,N,std,jump,jump_prob,ve,dim
0,5.6310059866944355,4.5084204590406225,22,0.01,0.3,0.5,0.0025,3
