,L2,L2_true,N,std,jump,jump_prob,ve,dim
0,4.826962055038144,3.3722514065688016,316,0.01,0.3,0.5,0.01,3
