,L2,L2_true,N,std,jump,jump_prob,ve,dim
0,2.0424597692511277,1.977726878358141,7,0.05,0.3,0.5,0.001,1
