,L2,L2_true,N,std,jump,jump_prob,ve,dim
0,3.936000722030329,2.046711846063982,4,0.01,0.3,0.5,0.0025,3
