,L2,L2_true,N,std,jump,jump_prob,ve,dim
0,0.37789417123866786,0.37045700984410973,1,0.2,0.3,0.5,0.001,1
