,L2,L2_true,N,std,jump,jump_prob,ve,dim
0,2.6226051626831883,0.2477933679983408,1389,0.01,0.3,0.5,0.001,1
