,L2,L2_true,N,std,jump,jump_prob,ve,dim
0,5.95069883272171,5.038524502231617,117,0.01,0.3,0.5,0.0025,2
