,L2,L2_true,N,std,jump,jump_prob,ve,dim
0,0.37800084501466635,0.37055992144597893,1,0.2,0.3,0.5,0.001,1
