,L2,L2_true,N,std,jump,jump_prob,ve,dim
0,3.8206196331697853,2.5699730189867647,26,0.01,0.3,0.5,0.001,1
