,L2,L2_true,N,std,jump,jump_prob,ve,dim
0,3.8433700034599587,2.043048178197584,10,0.01,0.3,0.5,0.0025,1
