,L2,L2_true,N,std,jump,jump_prob,ve,dim
0,1.0849381109759582,1.055995576154987,117,0.05,0.3,0.5,0.001,1
