,L2,L2_true,N,std,jump,jump_prob,ve,dim
0,7.14051133099953,6.4275991122617215,51,0.01,0.3,0.5,0.001,2
