,L2,L2_true,N,std,jump,jump_prob,ve,dim
0,10.783644162667487,10.265051507638711,193,0.01,0.3,0.5,0.0025,3
