,L2,L2_true,N,std,jump,jump_prob,ve,dim
0,1.3505662436766737,1.178841349835677,1,0.05,0.3,0.5,0.001,1
