,L2,L2_true,N,std,jump,jump_prob,ve,dim
0,8.40633821307013,7.907819588829005,268,0.01,0.3,0.5,0.001,2
