,L2,L2_true,N,std,jump,jump_prob,ve,dim
0,12.477921713991128,12.091830885553051,193,0.01,0.3,0.5,0.001,3
