,L2,L2_true,N,std,jump,jump_prob,ve,dim
0,11.692464998344658,11.268755127174352,1637,0.01,0.3,0.5,0.0025,3
