,L2,L2_true,N,std,jump,jump_prob,ve,dim
0,3.1941403701374473,0.9057337637079707,43,0.01,0.3,0.5,0.0025,1
