,L2,L2_true,N,std,jump,jump_prob,ve,dim
0,8.544321136339592,8.045560788152779,227,0.01,0.3,0.5,0.001,2
