,L2,L2_true,N,std,jump,jump_prob,ve,dim
0,4.04570690400185,2.6756174973034406,610,0.01,0.3,0.5,0.0025,2
