,L2,L2_true,N,std,jump,jump_prob,ve,dim
0,6.7412489849921595,5.971986433426067,37,0.01,0.3,0.5,0.001,3
