,L2,L2_true,N,std,jump,jump_prob,ve,dim
0,3.0601467816029597,0.582150293026502,100,0.01,0.3,0.5,0.0025,1
