,L2,L2_true,N,std,jump,jump_prob,ve,dim
0,3.838878812143975,2.217983609139552,3,0.01,0.3,0.5,0.001,3
