,L2,L2_true,N,std,jump,jump_prob,ve,dim
0,17.072329094144603,16.806018383617808,439,0.01,0.3,0.5,0.001,3
