,L2,L2_true,N,std,jump,jump_prob,ve,dim
0,3.4499623347702797,0.5401991210582927,719,0.01,0.3,0.5,0.01,2
