,L2,L2_true,N,std,jump,jump_prob,ve,dim
0,3.4290507524100238,0.30315893797975946,2000,0.01,0.3,0.5,0.01,2
