,L2,L2_true,N,std,jump,jump_prob,ve,dim
0,3.6244604858790255,1.400426472344549,2,0.01,0.3,0.5,0.0025,1
