,L2,L2_true,N,std,jump,jump_prob,ve,dim
0,6.297272126633522,5.469440930857155,31,0.01,0.3,0.5,0.001,3
