,L2,L2_true,N,std,jump,jump_prob,ve,dim
0,2.6334938168064412,0.4091149914723832,610,0.01,0.3,0.5,0.001,1
