,L2,L2_true,N,std,jump,jump_prob,ve,dim
0,7.984349230597468,7.400900495023951,100,0.01,0.3,0.5,0.001,2
