,L2,L2_true,N,std,jump,jump_prob,ve,dim
0,3.090398002579866,0.6565985294999939,138,0.01,0.3,0.5,0.0025,1
