,L2,L2_true,N,std,jump,jump_prob,ve,dim
0,3.043699447849548,0.11972760582373461,2275,0.01,0.3,0.5,0.0025,1
