,L2,L2_true,N,std,jump,jump_prob,ve,dim
0,7.829685191026206,7.357255397751894,610,0.01,0.3,0.5,0.001,2
