,L2,L2_true,N,std,jump,jump_prob,ve,dim
0,3.9690584275349687,1.9718174980349692,61,0.01,0.3,0.5,0.01,2
