,L2,L2_true,N,std,jump,jump_prob,ve,dim
0,3.6398309994756968,1.0060724840044706,6,0.01,0.3,0.5,0.01,1
