,L2,L2_true,N,std,jump,jump_prob,ve,dim
0,5.822412063430457,4.7711976167799905,31,0.01,0.3,0.5,0.0025,2
