,L2,L2_true,N,std,jump,jump_prob,ve,dim
0,4.961807325272562,3.679116694131113,19,0.01,0.3,0.5,0.0025,2
