,L2,L2_true,N,std,jump,jump_prob,ve,dim
0,5.145989955474678,3.922172830560713,22,0.01,0.3,0.5,0.0025,2
