,L2,L2_true,N,std,jump,jump_prob,ve,dim
0,3.9183797033424335,2.3489970466413723,4,0.01,0.3,0.5,0.001,2
