,L2,L2_true,N,std,jump,jump_prob,ve,dim
0,13.248513537143456,12.88430096146351,227,0.01,0.3,0.5,0.001,3
