,L2,L2_true,N,std,jump,jump_prob,ve,dim
0,2.1838053751716795,2.1834075866690865,51,0.2,0.3,0.5,0.001,1
