,L2,L2_true,N,std,jump,jump_prob,ve,dim
0,2.034243500578303,1.9404734100093555,6,0.05,0.3,0.5,0.001,1
