,L2,L2_true,N,std,jump,jump_prob,ve,dim
0,7.532292200207798,6.748917471325649,61,0.01,0.3,0.5,0.0025,3
