,L2,L2_true,N,std,jump,jump_prob,ve,dim
0,3.4531408865868216,0.4625523181134839,1000,0.01,0.3,0.5,0.01,2
