,L2,L2_true,N,std,jump,jump_prob,ve,dim
0,8.655853616374191,8.153151514096638,163,0.01,0.3,0.5,0.001,2
