,L2,L2_true,N,std,jump,jump_prob,ve,dim
0,7.029735803109002,6.330174494668088,61,0.01,0.3,0.5,0.001,2
