,L2,L2_true,N,std,jump,jump_prob,ve,dim
0,3.6090575560256264,0.7447182551896652,1,0.01,0.3,0.5,0.01,2
