,L2,L2_true,N,std,jump,jump_prob,ve,dim
0,12.790320892443095,12.389282593821163,719,0.01,0.3,0.5,0.0025,3
