,L2,L2_true,N,std,jump,jump_prob,ve,dim
0,5.9265055718038795,5.030159806425761,26,0.01,0.3,0.5,0.001,3
