,L2,L2_true,N,std,jump,jump_prob,ve,dim
0,13.646817314475486,13.298785334096678,227,0.01,0.3,0.5,0.001,3
