,L2,L2_true,N,std,jump,jump_prob,ve,dim
0,8.789392535739744,8.327925376537175,268,0.01,0.3,0.5,0.001,2
