,L2,L2_true,N,std,jump,jump_prob,ve,dim
0,3.731025242153775,1.5926401464865436,2,0.01,0.3,0.5,0.0025,2
