,L2,L2_true,N,std,jump,jump_prob,ve,dim
0,11.096237267846533,10.65370976666299,1930,0.01,0.3,0.5,0.0025,3
