,L2,L2_true,N,std,jump,jump_prob,ve,dim
0,5.794967107231511,4.904737637450515,163,0.01,0.3,0.5,0.0025,2
