,L2,L2_true,N,std,jump,jump_prob,ve,dim
0,3.477165357640388,0.6923585800200922,439,0.01,0.3,0.5,0.01,2
