,L2,L2_true,N,std,jump,jump_prob,ve,dim
0,4.070345529783776,2.599547143657299,5,0.01,0.3,0.5,0.001,3
