,L2,L2_true,N,std,jump,jump_prob,ve,dim
0,2.646391479102078,2.6459454475490527,19,0.2,0.3,0.5,0.001,1
