,L2,L2_true,N,std,jump,jump_prob,ve,dim
0,2.255234826054114,2.252859661146467,10,0.2,0.3,0.5,0.001,1
