,L2,L2_true,N,std,jump,jump_prob,ve,dim
0,5.614668745943865,4.663064296333083,193,0.01,0.3,0.5,0.0025,2
