,L2,L2_true,N,std,jump,jump_prob,ve,dim
0,2.456135997239382,2.4583886577671827,7,0.2,0.3,0.5,0.001,1
