,L2,L2_true,N,std,jump,jump_prob,ve,dim
0,5.717420964027953,4.702200289063705,51,0.01,0.3,0.5,0.0025,2
