,L2,L2_true,N,std,jump,jump_prob,ve,dim
0,3.641020546738637,1.2503584143589608,163,0.01,0.3,0.5,0.01,2
