,L2,L2_true,N,std,jump,jump_prob,ve,dim
0,2.7269875452627717,2.727696520265542,19,0.2,0.3,0.5,0.001,1
