,L2,L2_true,N,std,jump,jump_prob,ve,dim
0,2.9078586721836457,2.869647946196424,16,0.05,0.3,0.5,0.001,1
