,L2,L2_true,N,std,jump,jump_prob,ve,dim
0,5.286753910297512,4.105717005656852,26,0.01,0.3,0.5,0.0025,2
