,L2,L2_true,N,std,jump,jump_prob,ve,dim
0,8.71880852497465,8.245991756293343,268,0.01,0.3,0.5,0.001,2
