,L2,L2_true,N,std,jump,jump_prob,ve,dim
0,3.567863451616862,1.8474785000431435,1178,0.01,0.3,0.5,0.0025,2
