,L2,L2_true,N,std,jump,jump_prob,ve,dim
0,3.5740594683218,1.8803644210397399,1178,0.01,0.3,0.5,0.0025,2
