,L2,L2_true,N,std,jump,jump_prob,ve,dim
0,4.541424498788386,3.2820425490714698,10,0.01,0.3,0.5,0.001,2
