,L2,L2_true,N,std,jump,jump_prob,ve,dim
0,21.24558232252291,21.034253973989756,848,0.01,0.3,0.5,0.001,3
