,L2,L2_true,N,std,jump,jump_prob,ve,dim
0,5.362283858810914,4.066150771638934,61,0.01,0.3,0.5,0.01,3
