,L2,L2_true,N,std,jump,jump_prob,ve,dim
0,5.3186679435243365,4.338198177395484,227,0.01,0.3,0.5,0.0025,2
