,L2,L2_true,N,std,jump,jump_prob,ve,dim
0,3.427959984680714,0.20740054309074346,163,0.01,0.3,0.5,0.01,1
