,L2,L2_true,N,std,jump,jump_prob,ve,dim
0,2.7003633362420767,2.662820684313241,11,0.05,0.3,0.5,0.001,1
