,L2,L2_true,N,std,jump,jump_prob,ve,dim
0,4.080211962020226,2.6450524927683614,7,0.01,0.3,0.5,0.001,1
