,L2,L2_true,N,std,jump,jump_prob,ve,dim
0,3.030892056374154,0.15138929226633135,1930,0.01,0.3,0.5,0.0025,1
