,L2,L2_true,N,std,jump,jump_prob,ve,dim
0,3.9691188886712903,1.9758693190846282,51,0.01,0.3,0.5,0.01,2
