,L2,L2_true,N,std,jump,jump_prob,ve,dim
0,6.375651692043789,5.548661423201423,31,0.01,0.3,0.5,0.001,3
