,L2,L2_true,N,std,jump,jump_prob,ve,dim
0,5.2371905353491774,4.027433401862294,19,0.01,0.3,0.5,0.0025,3
