,L2,L2_true,N,std,jump,jump_prob,ve,dim
0,8.526250391151878,7.989656258251325,138,0.01,0.3,0.5,0.001,2
