,L2,L2_true,N,std,jump,jump_prob,ve,dim
0,4.273906950310251,2.8958128265421856,7,0.01,0.3,0.5,0.001,2
