,L2,L2_true,N,std,jump,jump_prob,ve,dim
0,2.6577082258816946,0.4352624347849508,372,0.01,0.3,0.5,0.001,1
