,L2,L2_true,N,std,jump,jump_prob,ve,dim
0,8.359953586966896,7.672482120060684,84,0.01,0.3,0.5,0.0025,3
