,L2,L2_true,N,std,jump,jump_prob,ve,dim
0,3.0470090516747756,0.1896065514455182,848,0.01,0.3,0.5,0.0025,1
