,L2,L2_true,N,std,jump,jump_prob,ve,dim
0,0.19136424484446685,0.19246403502742934,3162,0.2,0.3,0.5,0.001,1
