,L2,L2_true,N,std,jump,jump_prob,ve,dim
0,0.5891197084629697,0.5250697472338324,517,0.05,0.3,0.5,0.001,1
