,L2,L2_true,N,std,jump,jump_prob,ve,dim
0,3.033327165329144,0.12751913864259182,1930,0.01,0.3,0.5,0.0025,1
