,L2,L2_true,N,std,jump,jump_prob,ve,dim
0,7.568583527396611,6.9304483732805116,71,0.01,0.3,0.5,0.001,2
