,L2,L2_true,N,std,jump,jump_prob,ve,dim
0,0.513079504448739,0.4350950237800203,517,0.05,0.3,0.5,0.001,1
