,L2,L2_true,N,std,jump,jump_prob,ve,dim
0,0.41786935934675506,0.3857820940727117,610,0.05,0.3,0.5,0.001,1
