,L2,L2_true,N,std,jump,jump_prob,ve,dim
0,0.4760481553994263,0.47665424886839736,610,0.2,0.3,0.5,0.001,1
