,L2,L2_true,N,std,jump,jump_prob,ve,dim
0,11.85193062008655,11.447485223897706,1637,0.01,0.3,0.5,0.0025,3
