,L2,L2_true,N,std,jump,jump_prob,ve,dim
0,3.050916320909239,0.4118938564652251,117,0.01,0.3,0.5,0.0025,1
