,L2,L2_true,N,std,jump,jump_prob,ve,dim
0,3.253202928601345,1.185085186457608,43,0.01,0.3,0.5,0.0025,1
