,L2,L2_true,N,std,jump,jump_prob,ve,dim
0,1.6050836960648385,1.603322427143611,4,0.2,0.3,0.5,0.001,1
