,L2,L2_true,N,std,jump,jump_prob,ve,dim
0,3.616008918779272,1.3281716183643928,1,0.01,0.3,0.5,0.0025,1
