,L2,L2_true,N,std,jump,jump_prob,ve,dim
0,1.3483735108157509,1.1772811133337178,1,0.05,0.3,0.5,0.001,1
