,L2,L2_true,N,std,jump,jump_prob,ve,dim
0,3.6500316319711246,2.3680662124178715,26,0.01,0.3,0.5,0.001,1
