,L2,L2_true,N,std,jump,jump_prob,ve,dim
0,1.667242264683719,1.6656923366592071,4,0.2,0.3,0.5,0.001,1
