,L2,L2_true,N,std,jump,jump_prob,ve,dim
0,12.648869705620697,12.249184448166144,719,0.01,0.3,0.5,0.0025,3
