,L2,L2_true,N,std,jump,jump_prob,ve,dim
0,4.3820113162132674,3.067242838567164,8,0.01,0.3,0.5,0.001,2
