,L2,L2_true,N,std,jump,jump_prob,ve,dim
0,5.363428636940409,4.057158565313151,51,0.01,0.3,0.5,0.01,3
