,L2,L2_true,N,std,jump,jump_prob,ve,dim
0,3.4274955265703486,0.31103609858163683,2000,0.01,0.3,0.5,0.01,2
