,L2,L2_true,N,std,jump,jump_prob,ve,dim
0,8.95359779625847,8.303868552106966,100,0.01,0.3,0.5,0.0025,3
