,L2,L2_true,N,std,jump,jump_prob,ve,dim
0,10.107028242491783,9.548931967779758,163,0.01,0.3,0.5,0.0025,3
