,L2,L2_true,N,std,jump,jump_prob,ve,dim
0,3.718420590417366,1.4397297004702843,117,0.01,0.3,0.5,0.01,2
