,L2,L2_true,N,std,jump,jump_prob,ve,dim
0,3.217080534269639,1.1086884427427028,3000,0.01,0.3,0.5,0.0025,2
