,L2,L2_true,N,std,jump,jump_prob,ve,dim
0,3.4148095398463822,0.2399880585242348,138,0.01,0.3,0.5,0.01,1
