,L2,L2_true,N,std,jump,jump_prob,ve,dim
0,3.0479452846913913,0.28492265938044026,316,0.01,0.3,0.5,0.0025,1
