,L2,L2_true,N,std,jump,jump_prob,ve,dim
0,11.614246521994277,11.192191083377278,1637,0.01,0.3,0.5,0.0025,3
