,L2,L2_true,N,std,jump,jump_prob,ve,dim
0,4.353406075061724,2.6059445941309964,22,0.01,0.3,0.5,0.01,2
