,L2,L2_true,N,std,jump,jump_prob,ve,dim
0,5.94965984947509,5.072931400842169,163,0.01,0.3,0.5,0.0025,2
