,L2,L2_true,N,std,jump,jump_prob,ve,dim
0,19.81171593255631,19.58234534353411,719,0.01,0.3,0.5,0.001,3
