,L2,L2_true,N,std,jump,jump_prob,ve,dim
0,1.9217027400176947,1.9221843237531078,5,0.2,0.3,0.5,0.001,1
