,L2,L2_true,N,std,jump,jump_prob,ve,dim
0,3.4156458926465225,0.20853556534683798,138,0.01,0.3,0.5,0.01,1
