,L2,L2_true,N,std,jump,jump_prob,ve,dim
0,10.630845847781487,10.104269460282332,193,0.01,0.3,0.5,0.0025,3
