,L2,L2_true,N,std,jump,jump_prob,ve,dim
0,4.446161058111547,2.9234286929614925,11,0.01,0.3,0.5,0.0025,2
