,L2,L2_true,N,std,jump,jump_prob,ve,dim
0,3.066868843766414,1.5434912116112256,61,0.01,0.3,0.5,0.001,1
