,L2,L2_true,N,std,jump,jump_prob,ve,dim
0,2.2389089223610963,2.182791904335984,16,0.05,0.3,0.5,0.001,1
