,L2,L2_true,N,std,jump,jump_prob,ve,dim
0,5.597815143838832,4.93938300725393,1178,0.01,0.3,0.5,0.001,2
