,L2,L2_true,N,std,jump,jump_prob,ve,dim
0,3.779022158755218,1.2994973750353531,3,0.01,0.3,0.5,0.01,2
