,L2,L2_true,N,std,jump,jump_prob,ve,dim
0,20.874580098927478,20.661908815959414,848,0.01,0.3,0.5,0.001,3
