,L2,L2_true,N,std,jump,jump_prob,ve,dim
0,3.7301964903384794,1.44711215822073,117,0.01,0.3,0.5,0.01,2
