,L2,L2_true,N,std,jump,jump_prob,ve,dim
0,3.95404812463509,2.0963673557797686,4,0.01,0.3,0.5,0.0025,3
