,L2,L2_true,N,std,jump,jump_prob,ve,dim
0,21.611727447438653,21.40251058827569,848,0.01,0.3,0.5,0.001,3
