,L2,L2_true,N,std,jump,jump_prob,ve,dim
0,0.620508510301265,0.6203732937753598,316,0.2,0.3,0.5,0.001,1
