,L2,L2_true,N,std,jump,jump_prob,ve,dim
0,1.692614110835638,1.692277996484674,5,0.2,0.3,0.5,0.001,1
