,L2,L2_true,N,std,jump,jump_prob,ve,dim
0,6.851180445362205,6.292081891132567,719,0.01,0.3,0.5,0.001,2
