,L2,L2_true,N,std,jump,jump_prob,ve,dim
0,4.436107018079458,2.718721130432584,16,0.01,0.3,0.5,0.01,2
