,L2,L2_true,N,std,jump,jump_prob,ve,dim
0,5.315337357009249,4.041422304593344,193,0.01,0.3,0.5,0.01,3
