,L2,L2_true,N,std,jump,jump_prob,ve,dim
0,3.416589171853727,0.03331287849418397,2682,0.01,0.3,0.5,0.01,1
