,L2,L2_true,N,std,jump,jump_prob,ve,dim
0,3.471025107838894,0.603774698500308,51,0.01,0.3,0.5,0.01,1
