,L2,L2_true,N,std,jump,jump_prob,ve,dim
0,3.764395767845665,1.5578305025688686,100,0.01,0.3,0.5,0.01,2
