,L2,L2_true,N,std,jump,jump_prob,ve,dim
0,3.419580787138809,1.351334907804723,22,0.01,0.3,0.5,0.0025,1
