,L2,L2_true,N,std,jump,jump_prob,ve,dim
0,3.427546977739271,0.04606224489159264,2275,0.01,0.3,0.5,0.01,1
