,L2,L2_true,N,std,jump,jump_prob,ve,dim
0,3.3578526753851397,1.424225927240989,2000,0.01,0.3,0.5,0.0025,2
