,L2,L2_true,N,std,jump,jump_prob,ve,dim
0,12.47086782783258,12.070537401797381,1178,0.01,0.3,0.5,0.0025,3
