,L2,L2_true,N,std,jump,jump_prob,ve,dim
0,2.847711220549276,1.2221095386824132,100,0.01,0.3,0.5,0.001,1
