,L2,L2_true,N,std,jump,jump_prob,ve,dim
0,3.721525377662013,1.594324367849636,2,0.01,0.3,0.5,0.0025,2
