,L2,L2_true,N,std,jump,jump_prob,ve,dim
0,6.458205308428587,5.637622913254896,31,0.01,0.3,0.5,0.001,3
