,L2,L2_true,N,std,jump,jump_prob,ve,dim
0,3.8511486282652005,1.7077113763793066,71,0.01,0.3,0.5,0.01,2
