,L2,L2_true,N,std,jump,jump_prob,ve,dim
0,2.6504688956600977,0.4694047389914804,517,0.01,0.3,0.5,0.001,1
