,L2,L2_true,N,std,jump,jump_prob,ve,dim
0,3.9256045908832915,2.0653192945162044,6,0.01,0.3,0.5,0.0025,1
