,L2,L2_true,N,std,jump,jump_prob,ve,dim
0,1.4129169870367446,1.413344287882552,84,0.2,0.3,0.5,0.001,1
