,L2,L2_true,N,std,jump,jump_prob,ve,dim
0,6.42566786460384,5.475000065675948,37,0.01,0.3,0.5,0.0025,3
