,L2,L2_true,N,std,jump,jump_prob,ve,dim
0,2.787056403472456,0.9490160345705461,138,0.01,0.3,0.5,0.001,1
