,L2,L2_true,N,std,jump,jump_prob,ve,dim
0,3.5944766072607344,0.9155311666921137,7,0.01,0.3,0.5,0.01,1
