,L2,L2_true,N,std,jump,jump_prob,ve,dim
0,2.312383992676384,2.312980387226834,8,0.2,0.3,0.5,0.001,1
