,L2,L2_true,N,std,jump,jump_prob,ve,dim
0,3.7017364710892293,1.3945157852778314,138,0.01,0.3,0.5,0.01,2
