,L2,L2_true,N,std,jump,jump_prob,ve,dim
0,3.498107395573172,0.7455499396821155,439,0.01,0.3,0.5,0.01,2
