,L2,L2_true,N,std,jump,jump_prob,ve,dim
0,3.0390100543551313,0.16339137151346178,1000,0.01,0.3,0.5,0.0025,1
