,L2,L2_true,N,std,jump,jump_prob,ve,dim
0,1.4942901557067882,1.3518034293616763,2,0.05,0.3,0.5,0.001,1
