,L2,L2_true,N,std,jump,jump_prob,ve,dim
0,3.6515072908434676,1.4365989260574543,2,0.01,0.3,0.5,0.0025,1
