,L2,L2_true,N,std,jump,jump_prob,ve,dim
0,2.644285811356573,0.33432284018699737,610,0.01,0.3,0.5,0.001,1
