,L2,L2_true,N,std,jump,jump_prob,ve,dim
0,2.2244488322949914,2.225534034139186,22,0.2,0.3,0.5,0.001,1
