,L2,L2_true,N,std,jump,jump_prob,ve,dim
0,3.9723862605154685,2.4655999742486117,5,0.01,0.3,0.5,0.001,1
