,L2,L2_true,N,std,jump,jump_prob,ve,dim
0,2.8114655129780433,1.0448224159396682,100,0.01,0.3,0.5,0.001,1
