,L2,L2_true,N,std,jump,jump_prob,ve,dim
0,2.621435026154914,0.1671918529836572,2682,0.01,0.3,0.5,0.001,1
