,L2,L2_true,N,std,jump,jump_prob,ve,dim
0,3.7174611315301065,1.2135520468075667,4,0.01,0.3,0.5,0.01,1
