,L2,L2_true,N,std,jump,jump_prob,ve,dim
0,3.4066169428603823,0.05151797820275571,1637,0.01,0.3,0.5,0.01,1
