,L2,L2_true,N,std,jump,jump_prob,ve,dim
0,2.1471713182348413,2.0938690821987205,10,0.05,0.3,0.5,0.001,1
