,L2,L2_true,N,std,jump,jump_prob,ve,dim
0,2.628847198323559,0.24829836727454946,1637,0.01,0.3,0.5,0.001,1
