,L2,L2_true,N,std,jump,jump_prob,ve,dim
0,4.014967843631511,2.1798189728326243,5,0.01,0.3,0.5,0.0025,2
