,L2,L2_true,N,std,jump,jump_prob,ve,dim
0,4.514337301447955,2.82233774196655,13,0.01,0.3,0.5,0.01,3
