,L2,L2_true,N,std,jump,jump_prob,ve,dim
0,2.8614967474751642,1.270301935675615,117,0.01,0.3,0.5,0.001,1
