,L2,L2_true,N,std,jump,jump_prob,ve,dim
0,3.4104555117520503,0.0850321762880306,719,0.01,0.3,0.5,0.01,1
