,L2,L2_true,N,std,jump,jump_prob,ve,dim
0,4.90601151065656,3.515812179455002,316,0.01,0.3,0.5,0.01,3
