,L2,L2_true,N,std,jump,jump_prob,ve,dim
0,3.620024559413259,0.9289186831708564,7,0.01,0.3,0.5,0.01,1
