,L2,L2_true,N,std,jump,jump_prob,ve,dim
0,2.0760554489673075,2.010114183312616,7,0.05,0.3,0.5,0.001,1
