,L2,L2_true,N,std,jump,jump_prob,ve,dim
0,5.502815732291168,4.244790296718649,61,0.01,0.3,0.5,0.01,3
