,L2,L2_true,N,std,jump,jump_prob,ve,dim
0,13.497670375163532,13.139665172384147,227,0.01,0.3,0.5,0.001,3
