,L2,L2_true,N,std,jump,jump_prob,ve,dim
0,0.28564482910514516,0.2860988371816826,1389,0.2,0.3,0.5,0.001,1
