,L2,L2_true,N,std,jump,jump_prob,ve,dim
0,3.5967973681838648,0.7421714410400234,2,0.01,0.3,0.5,0.01,1
