,L2,L2_true,N,std,jump,jump_prob,ve,dim
0,6.78213943966121,5.898343569800811,43,0.01,0.3,0.5,0.0025,3
