,L2,L2_true,N,std,jump,jump_prob,ve,dim
0,1.904836814475341,1.9064500427838653,7,0.2,0.3,0.5,0.001,1
