,L2,L2_true,N,std,jump,jump_prob,ve,dim
0,10.034717032369509,9.481028479322564,163,0.01,0.3,0.5,0.0025,3
