,L2,L2_true,N,std,jump,jump_prob,ve,dim
0,5.566270192857059,4.602447679439607,193,0.01,0.3,0.5,0.0025,2
