,L2,L2_true,N,std,jump,jump_prob,ve,dim
0,3.7750212355495893,1.7448529188732564,4,0.01,0.3,0.5,0.0025,1
