,L2,L2_true,N,std,jump,jump_prob,ve,dim
0,8.214641668629827,7.676656913383655,163,0.01,0.3,0.5,0.001,2
