,L2,L2_true,N,std,jump,jump_prob,ve,dim
0,3.614029284423947,0.7445622442833484,1,0.01,0.3,0.5,0.01,1
