,L2,L2_true,N,std,jump,jump_prob,ve,dim
0,3.690845342620035,1.152543325132517,3,0.01,0.3,0.5,0.01,1
