,L2,L2_true,N,std,jump,jump_prob,ve,dim
0,5.448960288717079,4.1793035249229185,84,0.01,0.3,0.5,0.01,3
