,L2,L2_true,N,std,jump,jump_prob,ve,dim
0,3.6575130906281217,1.8864862848205755,2,0.01,0.3,0.5,0.001,1
