,L2,L2_true,N,std,jump,jump_prob,ve,dim
0,11.86733081393731,11.445615384313394,163,0.01,0.3,0.5,0.001,3
