,L2,L2_true,N,std,jump,jump_prob,ve,dim
0,4.522309470621261,2.8380793699723315,16,0.01,0.3,0.5,0.01,3
