,L2,L2_true,N,std,jump,jump_prob,ve,dim
0,4.246716994240128,2.400746127170416,26,0.01,0.3,0.5,0.01,2
