,L2,L2_true,N,std,jump,jump_prob,ve,dim
0,0.6632222208851807,0.6629761172183971,316,0.2,0.3,0.5,0.001,1
