,L2,L2_true,N,std,jump,jump_prob,ve,dim
0,4.60473583333324,3.1411238343979893,10,0.01,0.3,0.5,0.0025,3
