,L2,L2_true,N,std,jump,jump_prob,ve,dim
0,3.538985931207988,2.2992666148172702,43,0.01,0.3,0.5,0.001,1
