,L2,L2_true,N,std,jump,jump_prob,ve,dim
0,4.272657723480353,2.636935552776902,7,0.01,0.3,0.5,0.0025,3
