,L2,L2_true,N,std,jump,jump_prob,ve,dim
0,0.8985826378909983,0.8989077255092092,193,0.2,0.3,0.5,0.001,1
