,L2,L2_true,N,std,jump,jump_prob,ve,dim
0,3.856524184068635,2.238097490013854,2,0.01,0.3,0.5,0.001,1
