,L2,L2_true,N,std,jump,jump_prob,ve,dim
0,4.071880791274214,2.086965539026836,22,0.01,0.3,0.5,0.01,2
