,L2,L2_true,N,std,jump,jump_prob,ve,dim
0,3.763760201867258,1.5538734713183935,117,0.01,0.3,0.5,0.01,2
