,L2,L2_true,N,std,jump,jump_prob,ve,dim
0,4.0382632445239794,1.967416891147074,7,0.01,0.3,0.5,0.01,2
