,L2,L2_true,N,std,jump,jump_prob,ve,dim
0,2.6143630435840177,0.2307344161405836,1637,0.01,0.3,0.5,0.001,1
