,L2,L2_true,N,std,jump,jump_prob,ve,dim
0,11.94698242409329,11.527768464610173,1389,0.01,0.3,0.5,0.0025,3
