,L2,L2_true,N,std,jump,jump_prob,ve,dim
0,0.5837594407828485,0.5408552753113072,439,0.05,0.3,0.5,0.001,1
