,L2,L2_true,N,std,jump,jump_prob,ve,dim
0,4.653534806612197,3.0462013320832537,16,0.01,0.3,0.5,0.01,3
