,L2,L2_true,N,std,jump,jump_prob,ve,dim
0,3.913964610189921,2.341015607321473,3,0.01,0.3,0.5,0.001,2
