,L2,L2_true,N,std,jump,jump_prob,ve,dim
0,11.38065087445559,10.906638853059455,268,0.01,0.3,0.5,0.0025,3
