,L2,L2_true,N,std,jump,jump_prob,ve,dim
0,10.602016510334293,10.07773182066148,193,0.01,0.3,0.5,0.0025,3
