,L2,L2_true,N,std,jump,jump_prob,ve,dim
0,5.612122453371252,4.675389418579662,193,0.01,0.3,0.5,0.0025,2
