,L2,L2_true,N,std,jump,jump_prob,ve,dim
0,10.378176461835988,9.895728930975425,117,0.01,0.3,0.5,0.001,3
