,L2,L2_true,N,std,jump,jump_prob,ve,dim
0,3.915642568692777,2.365584478954167,7,0.01,0.3,0.5,0.001,1
