,L2,L2_true,N,std,jump,jump_prob,ve,dim
0,3.036011070545507,0.1285592866847173,1389,0.01,0.3,0.5,0.0025,1
