,L2,L2_true,N,std,jump,jump_prob,ve,dim
0,2.1819624846600987,2.118641855166171,13,0.05,0.3,0.5,0.001,1
