,L2,L2_true,N,std,jump,jump_prob,ve,dim
0,3.664604169155013,2.032753162587316,1000,0.01,0.3,0.5,0.0025,2
