,L2,L2_true,N,std,jump,jump_prob,ve,dim
0,1.571039890956972,1.4337339342887028,3,0.05,0.3,0.5,0.001,1
