,L2,L2_true,N,std,jump,jump_prob,ve,dim
0,23.043889381960696,22.850323249840685,1178,0.01,0.3,0.5,0.001,3
