,L2,L2_true,N,std,jump,jump_prob,ve,dim
0,3.2360855050610486,1.1244501519723733,3000,0.01,0.3,0.5,0.0025,2
