,L2,L2_true,N,std,jump,jump_prob,ve,dim
0,2.951439369668845,1.3607203251894506,71,0.01,0.3,0.5,0.001,1
