,L2,L2_true,N,std,jump,jump_prob,ve,dim
0,3.213716202339727,3.2060345553465193,51,0.05,0.3,0.5,0.001,1
