,L2,L2_true,N,std,jump,jump_prob,ve,dim
0,5.181858743775972,3.8238822183405095,37,0.01,0.3,0.5,0.01,3
