,L2,L2_true,N,std,jump,jump_prob,ve,dim
0,0.2810983019270734,0.28164837301858914,1930,0.2,0.3,0.5,0.001,1
