,L2,L2_true,N,std,jump,jump_prob,ve,dim
0,4.455232558423985,2.7153469362554645,11,0.01,0.3,0.5,0.01,3
