,L2,L2_true,N,std,jump,jump_prob,ve,dim
0,5.958485178003007,4.973570153593149,51,0.01,0.3,0.5,0.0025,2
