,L2,L2_true,N,std,jump,jump_prob,ve,dim
0,4.183953137078297,2.300736301271292,22,0.01,0.3,0.5,0.01,2
