,L2,L2_true,N,std,jump,jump_prob,ve,dim
0,3.6585242614517752,1.2904575718955835,138,0.01,0.3,0.5,0.01,2
