,L2,L2_true,N,std,jump,jump_prob,ve,dim
0,3.4366916170426753,0.32157571468084173,117,0.01,0.3,0.5,0.01,1
