,L2,L2_true,N,std,jump,jump_prob,ve,dim
0,2.1046248935378515,2.1046235621395915,43,0.2,0.3,0.5,0.001,1
