,L2,L2_true,N,std,jump,jump_prob,ve,dim
0,2.618125931124772,0.1458987584477036,3162,0.01,0.3,0.5,0.001,1
