,L2,L2_true,N,std,jump,jump_prob,ve,dim
0,12.094161681315578,11.682514437558456,1178,0.01,0.3,0.5,0.0025,3
