,L2,L2_true,N,std,jump,jump_prob,ve,dim
0,3.417272670842587,0.09205643788791541,1178,0.01,0.3,0.5,0.01,1
