,L2,L2_true,N,std,jump,jump_prob,ve,dim
0,5.311596437725784,4.124034366948927,19,0.01,0.3,0.5,0.0025,3
