,L2,L2_true,N,std,jump,jump_prob,ve,dim
0,5.645424220621586,4.710345983429047,26,0.01,0.3,0.5,0.001,2
