,L2,L2_true,N,std,jump,jump_prob,ve,dim
0,10.525059139534664,10.049429064447729,117,0.01,0.3,0.5,0.001,3
