,L2,L2_true,N,std,jump,jump_prob,ve,dim
0,2.7079175154198785,0.6984293901101873,227,0.01,0.3,0.5,0.001,1
