,L2,L2_true,N,std,jump,jump_prob,ve,dim
0,8.509561639192649,8.00596093886265,227,0.01,0.3,0.5,0.001,2
