,L2,L2_true,N,std,jump,jump_prob,ve,dim
0,4.361179427273676,3.4802672496940055,2275,0.01,0.3,0.5,0.001,2
