,L2,L2_true,N,std,jump,jump_prob,ve,dim
0,1.3507697856296474,1.178903955392174,1,0.05,0.3,0.5,0.001,1
