,L2,L2_true,N,std,jump,jump_prob,ve,dim
0,6.002990922760023,5.109588610941596,117,0.01,0.3,0.5,0.0025,2
