,L2,L2_true,N,std,jump,jump_prob,ve,dim
0,5.876976881149188,4.895745116546384,51,0.01,0.3,0.5,0.0025,2
