,L2,L2_true,N,std,jump,jump_prob,ve,dim
0,3.772840878634043,2.3939471612778145,19,0.01,0.3,0.5,0.001,1
