,L2,L2_true,N,std,jump,jump_prob,ve,dim
0,2.622298717176876,0.17287545156008077,3162,0.01,0.3,0.5,0.001,1
