,L2,L2_true,N,std,jump,jump_prob,ve,dim
0,0.4197164870867602,0.35067084515872293,848,0.05,0.3,0.5,0.001,1
