,L2,L2_true,N,std,jump,jump_prob,ve,dim
0,4.662135133449439,3.467182552169018,11,0.01,0.3,0.5,0.001,2
