,L2,L2_true,N,std,jump,jump_prob,ve,dim
0,4.671906937641164,3.2366371408179813,11,0.01,0.3,0.5,0.0025,3
