,L2,L2_true,N,std,jump,jump_prob,ve,dim
0,5.0473684156424055,3.612352415977435,26,0.01,0.3,0.5,0.01,3
