,L2,L2_true,N,std,jump,jump_prob,ve,dim
0,5.385992262923014,4.253482636080405,31,0.01,0.3,0.5,0.0025,2
