,L2,L2_true,N,std,jump,jump_prob,ve,dim
0,4.440774192102801,2.831730786313773,517,0.01,0.3,0.5,0.01,3
