,L2,L2_true,N,std,jump,jump_prob,ve,dim
0,5.073669437556246,4.0274660361230685,268,0.01,0.3,0.5,0.0025,2
