,L2,L2_true,N,std,jump,jump_prob,ve,dim
0,24.89470892890774,24.73377023334461,3000,0.01,0.3,0.5,0.001,3
