,L2,L2_true,N,std,jump,jump_prob,ve,dim
0,23.32898284715995,23.154975612735043,1930,0.01,0.3,0.5,0.001,3
