,L2,L2_true,N,std,jump,jump_prob,ve,dim
0,0.4594157652657695,0.3982258856648529,719,0.05,0.3,0.5,0.001,1
