,L2,L2_true,N,std,jump,jump_prob,ve,dim
0,5.604004979443593,4.632447890931164,138,0.01,0.3,0.5,0.0025,2
