,L2,L2_true,N,std,jump,jump_prob,ve,dim
0,3.065284167465914,0.3612210184001701,193,0.01,0.3,0.5,0.0025,1
