,L2,L2_true,N,std,jump,jump_prob,ve,dim
0,3.496116299037504,1.6678165233033528,31,0.01,0.3,0.5,0.0025,1
