,L2,L2_true,N,std,jump,jump_prob,ve,dim
0,3.6918219318126595,1.418962454349727,2000,0.01,0.3,0.5,0.01,3
