,L2,L2_true,N,std,jump,jump_prob,ve,dim
0,24.83804730647453,24.66414666809472,1637,0.01,0.3,0.5,0.001,3
