,L2,L2_true,N,std,jump,jump_prob,ve,dim
0,3.4985450237834517,0.7744529129937492,372,0.01,0.3,0.5,0.01,2
