,L2,L2_true,N,std,jump,jump_prob,ve,dim
0,6.8280512457002756,6.061057897207287,37,0.01,0.3,0.5,0.001,3
