,L2,L2_true,N,std,jump,jump_prob,ve,dim
0,8.607270985656797,8.132671130343063,316,0.01,0.3,0.5,0.001,2
