,L2,L2_true,N,std,jump,jump_prob,ve,dim
0,15.094715683176181,14.77829572874157,316,0.01,0.3,0.5,0.001,3
