,L2,L2_true,N,std,jump,jump_prob,ve,dim
0,3.076175068302474,0.5197539480458911,138,0.01,0.3,0.5,0.0025,1
