,L2,L2_true,N,std,jump,jump_prob,ve,dim
0,0.3817628441738663,0.30092322053117854,1178,0.05,0.3,0.5,0.001,1
