,L2,L2_true,N,std,jump,jump_prob,ve,dim
0,8.745972496722409,8.234307178575914,138,0.01,0.3,0.5,0.001,2
