,L2,L2_true,N,std,jump,jump_prob,ve,dim
0,3.9660646981525822,2.252014935004281,10,0.01,0.3,0.5,0.0025,1
