,L2,L2_true,N,std,jump,jump_prob,ve,dim
0,3.4238485850412235,0.32632985969827194,2000,0.01,0.3,0.5,0.01,2
