,L2,L2_true,N,std,jump,jump_prob,ve,dim
0,2.6233237557414983,2.587471172619796,11,0.05,0.3,0.5,0.001,1
