,L2,L2_true,N,std,jump,jump_prob,ve,dim
0,3.0420056926544476,0.2290528165382038,517,0.01,0.3,0.5,0.0025,1
