,L2,L2_true,N,std,jump,jump_prob,ve,dim
0,10.78168485436257,10.311011079999224,2000,0.01,0.3,0.5,0.0025,3
