,L2,L2_true,N,std,jump,jump_prob,ve,dim
0,3.4076272587723504,0.12222021593856525,227,0.01,0.3,0.5,0.01,1
