,L2,L2_true,N,std,jump,jump_prob,ve,dim
0,3.414805130413782,0.041123820429085176,2682,0.01,0.3,0.5,0.01,1
