,L2,L2_true,N,std,jump,jump_prob,ve,dim
0,3.1571434610441385,1.6217858069332416,43,0.01,0.3,0.5,0.001,1
