,L2,L2_true,N,std,jump,jump_prob,ve,dim
0,5.933898350172898,4.937948387379913,37,0.01,0.3,0.5,0.0025,2
