,L2,L2_true,N,std,jump,jump_prob,ve,dim
0,3.342451377504519,1.918839353833742,61,0.01,0.3,0.5,0.001,1
