,L2,L2_true,N,std,jump,jump_prob,ve,dim
0,5.441753790502574,4.434896117697713,163,0.01,0.3,0.5,0.0025,2
