,L2,L2_true,N,std,jump,jump_prob,ve,dim
0,8.28869151757525,7.756253302955997,193,0.01,0.3,0.5,0.001,2
