,L2,L2_true,N,std,jump,jump_prob,ve,dim
0,7.860001868553665,7.368489362281817,517,0.01,0.3,0.5,0.001,2
