,L2,L2_true,N,std,jump,jump_prob,ve,dim
0,6.507216693892635,5.575650652534671,37,0.01,0.3,0.5,0.0025,3
