,L2,L2_true,N,std,jump,jump_prob,ve,dim
0,3.6541029668121965,1.8815736477529268,2,0.01,0.3,0.5,0.001,1
