,L2,L2_true,N,std,jump,jump_prob,ve,dim
0,3.9108452226933625,2.4446149941816295,719,0.01,0.3,0.5,0.0025,2
