,L2,L2_true,N,std,jump,jump_prob,ve,dim
0,3.5520637431299544,0.964399363034406,227,0.01,0.3,0.5,0.01,2
