,L2,L2_true,N,std,jump,jump_prob,ve,dim
0,5.468761044519056,4.212231538039066,117,0.01,0.3,0.5,0.01,3
