,L2,L2_true,N,std,jump,jump_prob,ve,dim
0,5.409067387621138,4.1441929382247045,138,0.01,0.3,0.5,0.01,3
