,L2,L2_true,N,std,jump,jump_prob,ve,dim
0,3.4232564219224035,0.063933283598989,1000,0.01,0.3,0.5,0.01,1
