,L2,L2_true,N,std,jump,jump_prob,ve,dim
0,5.559020363458001,4.331576499196806,84,0.01,0.3,0.5,0.01,3
