,L2,L2_true,N,std,jump,jump_prob,ve,dim
0,3.721468324133993,1.8390147795540717,10,0.01,0.3,0.5,0.0025,1
