,L2,L2_true,N,std,jump,jump_prob,ve,dim
0,5.241231436887939,4.237407387537568,268,0.01,0.3,0.5,0.0025,2
