,L2,L2_true,N,std,jump,jump_prob,ve,dim
0,3.6285888854499047,1.8041218208724457,1,0.01,0.3,0.5,0.001,1
