,L2,L2_true,N,std,jump,jump_prob,ve,dim
0,5.380151102306263,4.086300782569942,43,0.01,0.3,0.5,0.01,3
