,L2,L2_true,N,std,jump,jump_prob,ve,dim
0,6.895835601145794,6.1455287872806075,37,0.01,0.3,0.5,0.001,3
