,L2,L2_true,N,std,jump,jump_prob,ve,dim
0,3.032628768440553,0.21462467876651056,517,0.01,0.3,0.5,0.0025,1
