,L2,L2_true,N,std,jump,jump_prob,ve,dim
0,4.013881035718219,2.0961512170799175,84,0.01,0.3,0.5,0.01,2
