,L2,L2_true,N,std,jump,jump_prob,ve,dim
0,6.086194649751,5.233201981340434,37,0.01,0.3,0.5,0.001,2
