,L2,L2_true,N,std,jump,jump_prob,ve,dim
0,3.941265938990793,2.026571165778569,4,0.01,0.3,0.5,0.0025,2
