,L2,L2_true,N,std,jump,jump_prob,ve,dim
0,2.0828991981000664,2.0834337749175713,37,0.2,0.3,0.5,0.001,1
