,L2,L2_true,N,std,jump,jump_prob,ve,dim
0,3.047895606956271,0.2874485782499043,439,0.01,0.3,0.5,0.0025,1
