,L2,L2_true,N,std,jump,jump_prob,ve,dim
0,2.7475246559127484,0.9247638960429089,163,0.01,0.3,0.5,0.001,1
