,L2,L2_true,N,std,jump,jump_prob,ve,dim
0,3.0401541743623772,0.13924763307580726,1930,0.01,0.3,0.5,0.0025,1
