,L2,L2_true,N,std,jump,jump_prob,ve,dim
0,10.288156894286026,9.747280648212518,163,0.01,0.3,0.5,0.0025,3
