,L2,L2_true,N,std,jump,jump_prob,ve,dim
0,5.930359788793802,5.298859540332081,1000,0.01,0.3,0.5,0.001,2
