,L2,L2_true,N,std,jump,jump_prob,ve,dim
0,5.8313048848777,4.881762828512102,100,0.01,0.3,0.5,0.0025,2
