,L2,L2_true,N,std,jump,jump_prob,ve,dim
0,3.04371286475982,0.1716277712907267,610,0.01,0.3,0.5,0.0025,1
