,L2,L2_true,N,std,jump,jump_prob,ve,dim
0,4.99567553510755,3.930348901517311,268,0.01,0.3,0.5,0.0025,2
