,L2,L2_true,N,std,jump,jump_prob,ve,dim
0,4.568011960850107,3.7350249080282545,2000,0.01,0.3,0.5,0.001,2
