,L2,L2_true,N,std,jump,jump_prob,ve,dim
0,3.427258194312855,0.29484265963767065,2275,0.01,0.3,0.5,0.01,2
