,L2,L2_true,N,std,jump,jump_prob,ve,dim
0,0.8537817021414419,0.8106052012603592,193,0.05,0.3,0.5,0.001,1
