,L2,L2_true,N,std,jump,jump_prob,ve,dim
0,3.977857124991254,2.0359101315209567,1000,0.01,0.3,0.5,0.01,3
