,L2,L2_true,N,std,jump,jump_prob,ve,dim
0,2.8153129994931656,2.816115563755956,16,0.2,0.3,0.5,0.001,1
