,L2,L2_true,N,std,jump,jump_prob,ve,dim
0,6.390942756560998,5.566908813269218,31,0.01,0.3,0.5,0.001,3
