,L2,L2_true,N,std,jump,jump_prob,ve,dim
0,12.482292086973242,12.09790927372234,193,0.01,0.3,0.5,0.001,3
