,L2,L2_true,N,std,jump,jump_prob,ve,dim
0,3.765535328423865,1.3062792471699984,3,0.01,0.3,0.5,0.01,2
