,L2,L2_true,N,std,jump,jump_prob,ve,dim
0,21.16203191280087,20.958358418901383,1000,0.01,0.3,0.5,0.001,3
