,L2,L2_true,N,std,jump,jump_prob,ve,dim
0,5.377316204358144,4.234714252113451,26,0.01,0.3,0.5,0.0025,2
