,L2,L2_true,N,std,jump,jump_prob,ve,dim
0,8.941521358772722,8.300580963945936,100,0.01,0.3,0.5,0.0025,3
