,L2,L2_true,N,std,jump,jump_prob,ve,dim
0,3.4350245354900046,0.42263579979503213,61,0.01,0.3,0.5,0.01,1
