,L2,L2_true,N,std,jump,jump_prob,ve,dim
0,6.902314107582284,6.356225280877752,719,0.01,0.3,0.5,0.001,2
