,L2,L2_true,N,std,jump,jump_prob,ve,dim
0,0.2202718882387988,0.219829931802103,2682,0.2,0.3,0.5,0.001,1
