,L2,L2_true,N,std,jump,jump_prob,ve,dim
0,5.401672629349833,4.12007713038359,100,0.01,0.3,0.5,0.01,3
