,L2,L2_true,N,std,jump,jump_prob,ve,dim
0,3.8870557626055438,1.6080365446982345,4,0.01,0.3,0.5,0.01,2
