,L2,L2_true,N,std,jump,jump_prob,ve,dim
0,12.892244071041885,12.514253302602683,193,0.01,0.3,0.5,0.001,3
