,L2,L2_true,N,std,jump,jump_prob,ve,dim
0,0.30954002083612264,0.20027229125844456,2275,0.05,0.3,0.5,0.001,1
