,L2,L2_true,N,std,jump,jump_prob,ve,dim
0,3.1227294226845066,0.732248862375548,61,0.01,0.3,0.5,0.0025,1
