,L2,L2_true,N,std,jump,jump_prob,ve,dim
0,2.6788977933902802,0.5867442181325021,316,0.01,0.3,0.5,0.001,1
