,L2,L2_true,N,std,jump,jump_prob,ve,dim
0,5.064589402298318,3.7999240561027796,16,0.01,0.3,0.5,0.0025,3
