,L2,L2_true,N,std,jump,jump_prob,ve,dim
0,2.284627442353496,2.211976087744583,19,0.05,0.3,0.5,0.001,1
