,L2,L2_true,N,std,jump,jump_prob,ve,dim
0,3.7216454434451567,2.0055544202467104,2,0.01,0.3,0.5,0.001,3
