,L2,L2_true,N,std,jump,jump_prob,ve,dim
0,3.415486252661979,0.1504379653769515,117,0.01,0.3,0.5,0.01,1
