,L2,L2_true,N,std,jump,jump_prob,ve,dim
0,0.4014975932011297,0.3431704048592764,719,0.05,0.3,0.5,0.001,1
