,L2,L2_true,N,std,jump,jump_prob,ve,dim
0,13.456817119638853,13.095618459025161,227,0.01,0.3,0.5,0.001,3
