,L2,L2_true,N,std,jump,jump_prob,ve,dim
0,13.465126758944804,13.106257102999901,227,0.01,0.3,0.5,0.001,3
