,L2,L2_true,N,std,jump,jump_prob,ve,dim
0,0.5362161053942255,0.5370000864110004,517,0.2,0.3,0.5,0.001,1
