,L2,L2_true,N,std,jump,jump_prob,ve,dim
0,3.946342528209519,2.9553724840245006,3000,0.01,0.3,0.5,0.001,2
