,L2,L2_true,N,std,jump,jump_prob,ve,dim
0,3.8509184676982144,2.6405320335307483,26,0.01,0.3,0.5,0.001,1
