,L2,L2_true,N,std,jump,jump_prob,ve,dim
0,3.5754788630361585,1.0322421582380392,227,0.01,0.3,0.5,0.01,2
