,L2,L2_true,N,std,jump,jump_prob,ve,dim
0,21.493079289256308,21.282682249814723,1000,0.01,0.3,0.5,0.001,3
