,L2,L2_true,N,std,jump,jump_prob,ve,dim
0,5.451820067473129,4.475651488385106,193,0.01,0.3,0.5,0.0025,2
