,L2,L2_true,N,std,jump,jump_prob,ve,dim
0,16.674468368498513,16.387031261038878,372,0.01,0.3,0.5,0.001,3
