,L2,L2_true,N,std,jump,jump_prob,ve,dim
0,2.658214417795993,0.5896543728659679,268,0.01,0.3,0.5,0.001,1
