,L2,L2_true,N,std,jump,jump_prob,ve,dim
0,10.073924416964234,9.525640385956539,163,0.01,0.3,0.5,0.0025,3
