,L2,L2_true,N,std,jump,jump_prob,ve,dim
0,5.644392425660561,4.987039799314586,1178,0.01,0.3,0.5,0.001,2
