,L2,L2_true,N,std,jump,jump_prob,ve,dim
0,6.709689404712399,5.96459048707787,43,0.01,0.3,0.5,0.001,2
