,L2,L2_true,N,std,jump,jump_prob,ve,dim
0,3.8076559989414873,2.17094960172387,4,0.01,0.3,0.5,0.001,1
