,L2,L2_true,N,std,jump,jump_prob,ve,dim
0,2.183527457004062,2.18312890699474,10,0.2,0.3,0.5,0.001,1
