,L2,L2_true,N,std,jump,jump_prob,ve,dim
0,12.750494496625763,12.36498040125778,1178,0.01,0.3,0.5,0.0025,3
