,L2,L2_true,N,std,jump,jump_prob,ve,dim
0,4.351798202840809,2.7627578662925742,8,0.01,0.3,0.5,0.0025,3
