,L2,L2_true,N,std,jump,jump_prob,ve,dim
0,21.0195529978955,20.80145326426768,848,0.01,0.3,0.5,0.001,3
