,L2,L2_true,N,std,jump,jump_prob,ve,dim
0,5.29744179792833,4.0936057549155205,19,0.01,0.3,0.5,0.0025,3
