,L2,L2_true,N,std,jump,jump_prob,ve,dim
0,6.0376525322601395,5.425320729336573,1000,0.01,0.3,0.5,0.001,2
