,L2,L2_true,N,std,jump,jump_prob,ve,dim
0,1.564982395880375,1.5658364172951578,4,0.2,0.3,0.5,0.001,1
