,L2,L2_true,N,std,jump,jump_prob,ve,dim
0,3.550359861458917,0.9379593664948489,268,0.01,0.3,0.5,0.01,2
