,L2,L2_true,N,std,jump,jump_prob,ve,dim
0,6.225333378269393,5.327933000468425,71,0.01,0.3,0.5,0.0025,2
