,L2,L2_true,N,std,jump,jump_prob,ve,dim
0,3.915096807815454,2.0124424753438457,4,0.01,0.3,0.5,0.0025,2
