,L2,L2_true,N,std,jump,jump_prob,ve,dim
0,2.236406462559247,2.2098122116895924,11,0.05,0.3,0.5,0.001,1
