,L2,L2_true,N,std,jump,jump_prob,ve,dim
0,2.9195065774552473,2.9189896673229523,16,0.2,0.3,0.5,0.001,1
