,L2,L2_true,N,std,jump,jump_prob,ve,dim
0,3.1122147872066828,0.719152007204616,100,0.01,0.3,0.5,0.0025,1
