,L2,L2_true,N,std,jump,jump_prob,ve,dim
0,3.4330367543884055,0.14141982605444178,316,0.01,0.3,0.5,0.01,1
