,L2,L2_true,N,std,jump,jump_prob,ve,dim
0,6.784108409535991,6.009578269068912,37,0.01,0.3,0.5,0.001,3
