,L2,L2_true,N,std,jump,jump_prob,ve,dim
0,3.419208268907119,0.10628373871506136,372,0.01,0.3,0.5,0.01,1
