,L2,L2_true,N,std,jump,jump_prob,ve,dim
0,0.5083539072278374,0.4382423617332668,610,0.05,0.3,0.5,0.001,1
