,L2,L2_true,N,std,jump,jump_prob,ve,dim
0,26.385451517882565,26.234630084783415,3000,0.01,0.3,0.5,0.001,3
