,L2,L2_true,N,std,jump,jump_prob,ve,dim
0,11.063832579271104,10.612993317837953,138,0.01,0.3,0.5,0.001,3
