,L2,L2_true,N,std,jump,jump_prob,ve,dim
0,8.287430676288675,7.72887252483876,117,0.01,0.3,0.5,0.001,2
