,L2,L2_true,N,std,jump,jump_prob,ve,dim
0,3.837752252437169,1.8388522458479255,5,0.01,0.3,0.5,0.0025,1
