,L2,L2_true,N,std,jump,jump_prob,ve,dim
0,4.854702684860163,3.521479951352871,16,0.01,0.3,0.5,0.0025,2
