,L2,L2_true,N,std,jump,jump_prob,ve,dim
0,3.1298605019504717,0.749143279647903,71,0.01,0.3,0.5,0.0025,1
