,L2,L2_true,N,std,jump,jump_prob,ve,dim
0,3.8345652948174433,1.827590456505402,3,0.01,0.3,0.5,0.0025,3
