,L2,L2_true,N,std,jump,jump_prob,ve,dim
0,3.0285305868565633,0.170466677042763,1637,0.01,0.3,0.5,0.0025,1
