,L2,L2_true,N,std,jump,jump_prob,ve,dim
0,5.198661789030183,3.81893176811826,43,0.01,0.3,0.5,0.01,3
