,L2,L2_true,N,std,jump,jump_prob,ve,dim
0,3.4583395629491784,0.47159511668886656,848,0.01,0.3,0.5,0.01,2
