,L2,L2_true,N,std,jump,jump_prob,ve,dim
0,1.0645078535660053,1.041958203921896,138,0.05,0.3,0.5,0.001,1
