,L2,L2_true,N,std,jump,jump_prob,ve,dim
0,3.5639011834204215,1.0156949000556854,227,0.01,0.3,0.5,0.01,2
