,L2,L2_true,N,std,jump,jump_prob,ve,dim
0,2.300829866814745,2.2939283888123354,31,0.05,0.3,0.5,0.001,1
