,L2,L2_true,N,std,jump,jump_prob,ve,dim
0,7.054683693759399,6.316270699193387,43,0.01,0.3,0.5,0.001,3
