,L2,L2_true,N,std,jump,jump_prob,ve,dim
0,2.5956949176521884,2.5398491960496226,10,0.05,0.3,0.5,0.001,1
