,L2,L2_true,N,std,jump,jump_prob,ve,dim
0,3.6733715150163846,1.3378228843861035,138,0.01,0.3,0.5,0.01,2
