,L2,L2_true,N,std,jump,jump_prob,ve,dim
0,0.4530584768935765,0.45260044084897894,719,0.2,0.3,0.5,0.001,1
