,L2,L2_true,N,std,jump,jump_prob,ve,dim
0,3.5335965185699254,0.8757042856267757,316,0.01,0.3,0.5,0.01,2
