,L2,L2_true,N,std,jump,jump_prob,ve,dim
0,3.508114133442282,0.6866878338640824,19,0.01,0.3,0.5,0.01,1
