,L2,L2_true,N,std,jump,jump_prob,ve,dim
0,5.014976053298297,3.7298924378673246,16,0.01,0.3,0.5,0.0025,3
