,L2,L2_true,N,std,jump,jump_prob,ve,dim
0,3.8258854926294643,1.7260390838860296,1389,0.01,0.3,0.5,0.01,3
