,L2,L2_true,N,std,jump,jump_prob,ve,dim
0,11.261881043467127,10.815816608014815,1930,0.01,0.3,0.5,0.0025,3
