,L2,L2_true,N,std,jump,jump_prob,ve,dim
0,8.557807071211226,8.088157637125414,316,0.01,0.3,0.5,0.001,2
