,L2,L2_true,N,std,jump,jump_prob,ve,dim
0,1.3484386533333639,1.177354086351108,1,0.05,0.3,0.5,0.001,1
