,L2,L2_true,N,std,jump,jump_prob,ve,dim
0,3.847783607087487,2.246438069900311,4,0.01,0.3,0.5,0.001,1
