,L2,L2_true,N,std,jump,jump_prob,ve,dim
0,8.451440195560247,7.993625149156878,372,0.01,0.3,0.5,0.001,2
