,L2,L2_true,N,std,jump,jump_prob,ve,dim
0,1.7930340285498112,1.792880070634356,5,0.2,0.3,0.5,0.001,1
