,L2,L2_true,N,std,jump,jump_prob,ve,dim
0,3.8304071655505507,2.3176778618290506,26,0.01,0.3,0.5,0.0025,1
