,L2,L2_true,N,std,jump,jump_prob,ve,dim
0,4.31892936544759,2.9789511348504982,8,0.01,0.3,0.5,0.001,2
