,L2,L2_true,N,std,jump,jump_prob,ve,dim
0,2.356938210449138,2.3581167591736314,8,0.2,0.3,0.5,0.001,1
