,L2,L2_true,N,std,jump,jump_prob,ve,dim
0,3.8765247325961556,2.0638695561556877,10,0.01,0.3,0.5,0.0025,1
