,L2,L2_true,N,std,jump,jump_prob,ve,dim
0,14.52148147862735,14.195896449716955,268,0.01,0.3,0.5,0.001,3
