,L2,L2_true,N,std,jump,jump_prob,ve,dim
0,12.624706770054017,12.241280308646646,1000,0.01,0.3,0.5,0.0025,3
