,L2,L2_true,N,std,jump,jump_prob,ve,dim
0,3.6311572631070717,0.8968241216202689,2,0.01,0.3,0.5,0.01,1
