,L2,L2_true,N,std,jump,jump_prob,ve,dim
0,6.1012710728555515,5.248966995436544,31,0.01,0.3,0.5,0.001,2
