,L2,L2_true,N,std,jump,jump_prob,ve,dim
0,12.27227175880695,11.841165939802153,439,0.01,0.3,0.5,0.0025,3
