,L2,L2_true,N,std,jump,jump_prob,ve,dim
0,3.0513147279159556,0.29566971975076095,268,0.01,0.3,0.5,0.0025,1
