,L2,L2_true,N,std,jump,jump_prob,ve,dim
0,17.089322655323652,16.820250509621843,439,0.01,0.3,0.5,0.001,3
