,L2,L2_true,N,std,jump,jump_prob,ve,dim
0,3.052716032927064,0.293931878651629,517,0.01,0.3,0.5,0.0025,1
