,L2,L2_true,N,std,jump,jump_prob,ve,dim
0,5.523150383080815,4.295092144264602,84,0.01,0.3,0.5,0.01,3
