,L2,L2_true,N,std,jump,jump_prob,ve,dim
0,2.6241968886871914,0.1607154301997806,3162,0.01,0.3,0.5,0.001,1
