,L2,L2_true,N,std,jump,jump_prob,ve,dim
0,0.25324617345294487,0.2538861546929738,2275,0.2,0.3,0.5,0.001,1
