,L2,L2_true,N,std,jump,jump_prob,ve,dim
0,11.292033261551277,10.865836412478778,1930,0.01,0.3,0.5,0.0025,3
