,L2,L2_true,N,std,jump,jump_prob,ve,dim
0,4.307502605358416,2.9548109325683867,7,0.01,0.3,0.5,0.001,3
