,L2,L2_true,N,std,jump,jump_prob,ve,dim
0,4.71895775548065,3.3321629769944265,16,0.01,0.3,0.5,0.0025,2
