,L2,L2_true,N,std,jump,jump_prob,ve,dim
0,5.877500833118618,4.970947408017532,138,0.01,0.3,0.5,0.0025,2
