,L2,L2_true,N,std,jump,jump_prob,ve,dim
0,0.35100704731942595,0.2561589916932841,1389,0.05,0.3,0.5,0.001,1
