,L2,L2_true,N,std,jump,jump_prob,ve,dim
0,3.806553047975468,1.7751949496478394,4,0.01,0.3,0.5,0.0025,1
