,L2,L2_true,N,std,jump,jump_prob,ve,dim
0,10.576220780180577,10.050395900497485,193,0.01,0.3,0.5,0.0025,3
