,L2,L2_true,N,std,jump,jump_prob,ve,dim
0,3.7639019313721653,2.219604974135682,848,0.01,0.3,0.5,0.0025,2
