,L2,L2_true,N,std,jump,jump_prob,ve,dim
0,9.696079575134497,9.124355056904308,138,0.01,0.3,0.5,0.0025,3
