,L2,L2_true,N,std,jump,jump_prob,ve,dim
0,4.100877358481058,2.721279440647789,610,0.01,0.3,0.5,0.0025,2
