,L2,L2_true,N,std,jump,jump_prob,ve,dim
0,2.780597908339448,0.9048927835192113,138,0.01,0.3,0.5,0.001,1
