,L2,L2_true,N,std,jump,jump_prob,ve,dim
0,4.062639815385833,2.5705406361734067,5,0.01,0.3,0.5,0.001,3
