,L2,L2_true,N,std,jump,jump_prob,ve,dim
0,0.4445881503471997,0.3624862380571056,848,0.05,0.3,0.5,0.001,1
