,L2,L2_true,N,std,jump,jump_prob,ve,dim
0,0.3422453735431344,0.26771674214394237,1389,0.05,0.3,0.5,0.001,1
