,L2,L2_true,N,std,jump,jump_prob,ve,dim
0,5.296394252422733,3.9597416679799724,37,0.01,0.3,0.5,0.01,3
