,L2,L2_true,N,std,jump,jump_prob,ve,dim
0,4.321398062883698,3.0682419052688066,517,0.01,0.3,0.5,0.0025,2
