,L2,L2_true,N,std,jump,jump_prob,ve,dim
0,3.700516784770356,1.0906927918991376,2,0.01,0.3,0.5,0.01,2
