,L2,L2_true,N,std,jump,jump_prob,ve,dim
0,3.4810803182421597,1.6904207354913114,1389,0.01,0.3,0.5,0.0025,2
