,L2,L2_true,N,std,jump,jump_prob,ve,dim
0,5.632829049217341,4.655702453610859,117,0.01,0.3,0.5,0.0025,2
