,L2,L2_true,N,std,jump,jump_prob,ve,dim
0,3.99822580655507,1.8583216459438014,8,0.01,0.3,0.5,0.01,2
