,L2,L2_true,N,std,jump,jump_prob,ve,dim
0,0.35358838944614873,0.24671100126860368,1930,0.05,0.3,0.5,0.001,1
