,L2,L2_true,N,std,jump,jump_prob,ve,dim
0,3.5117775984963515,0.7878777673334943,372,0.01,0.3,0.5,0.01,2
