,L2,L2_true,N,std,jump,jump_prob,ve,dim
0,2.6887472929055605,2.686246589341422,10,0.2,0.3,0.5,0.001,1
