,L2,L2_true,N,std,jump,jump_prob,ve,dim
0,5.566842938714991,4.347252971445704,117,0.01,0.3,0.5,0.01,3
