,L2,L2_true,N,std,jump,jump_prob,ve,dim
0,11.140661582330841,10.698207565713277,138,0.01,0.3,0.5,0.001,3
