,L2,L2_true,N,std,jump,jump_prob,ve,dim
0,3.4373478896859493,0.3382983716018907,1930,0.01,0.3,0.5,0.01,2
