,L2,L2_true,N,std,jump,jump_prob,ve,dim
0,0.6559372631944725,0.6563765841323815,372,0.2,0.3,0.5,0.001,1
