,L2,L2_true,N,std,jump,jump_prob,ve,dim
0,3.9883792559760964,1.8449469547710857,5,0.01,0.3,0.5,0.01,3
