,L2,L2_true,N,std,jump,jump_prob,ve,dim
0,3.108170841729651,0.6563015070171149,117,0.01,0.3,0.5,0.0025,1
