,L2,L2_true,N,std,jump,jump_prob,ve,dim
0,3.9590753084275216,2.4205247693188907,4,0.01,0.3,0.5,0.001,2
