,L2,L2_true,N,std,jump,jump_prob,ve,dim
0,3.332872795505721,1.385899286330003,2000,0.01,0.3,0.5,0.0025,2
