,L2,L2_true,N,std,jump,jump_prob,ve,dim
0,3.932504716471949,2.2224150794574973,11,0.01,0.3,0.5,0.0025,1
