,L2,L2_true,N,std,jump,jump_prob,ve,dim
0,5.864272490926293,4.893428419989813,71,0.01,0.3,0.5,0.0025,2
