,L2,L2_true,N,std,jump,jump_prob,ve,dim
0,0.33927481251396835,0.22080723569337427,1930,0.05,0.3,0.5,0.001,1
