,L2,L2_true,N,std,jump,jump_prob,ve,dim
0,0.6715215026906356,0.5958963616912297,316,0.05,0.3,0.5,0.001,1
