,L2,L2_true,N,std,jump,jump_prob,ve,dim
0,6.5441451525871885,5.973122581011612,848,0.01,0.3,0.5,0.001,2
