,L2,L2_true,N,std,jump,jump_prob,ve,dim
0,3.4101504890568335,0.040669770273843074,1930,0.01,0.3,0.5,0.01,1
