,L2,L2_true,N,std,jump,jump_prob,ve,dim
0,3.703897525413181,1.125808328389938,2,0.01,0.3,0.5,0.01,3
