,L2,L2_true,N,std,jump,jump_prob,ve,dim
0,3.4665772898415237,1.5048267078688498,22,0.01,0.3,0.5,0.0025,1
