,L2,L2_true,N,std,jump,jump_prob,ve,dim
0,4.257360576998253,2.615923136936794,7,0.01,0.3,0.5,0.0025,3
