,L2,L2_true,N,std,jump,jump_prob,ve,dim
0,5.28112062388731,3.9829919583714446,193,0.01,0.3,0.5,0.01,3
