,L2,L2_true,N,std,jump,jump_prob,ve,dim
0,0.3779427989739532,0.3705031862463739,1,0.2,0.3,0.5,0.001,1
