,L2,L2_true,N,std,jump,jump_prob,ve,dim
0,4.316761086698074,2.4858236363592567,10,0.01,0.3,0.5,0.01,3
