,L2,L2_true,N,std,jump,jump_prob,ve,dim
0,3.6170660389011218,0.8472690551761706,2,0.01,0.3,0.5,0.01,1
