,L2,L2_true,N,std,jump,jump_prob,ve,dim
0,3.967016496213166,2.246010808757372,10,0.01,0.3,0.5,0.0025,1
