,L2,L2_true,N,std,jump,jump_prob,ve,dim
0,5.244387469668589,4.044748478540394,26,0.01,0.3,0.5,0.0025,2
