,L2,L2_true,N,std,jump,jump_prob,ve,dim
0,2.1575626988112573,2.158402753934144,8,0.2,0.3,0.5,0.001,1
