,L2,L2_true,N,std,jump,jump_prob,ve,dim
0,4.58410528527209,3.405362322088703,439,0.01,0.3,0.5,0.0025,2
