,L2,L2_true,N,std,jump,jump_prob,ve,dim
0,1.413877576603651,1.2527620821119283,2,0.05,0.3,0.5,0.001,1
