,L2,L2_true,N,std,jump,jump_prob,ve,dim
0,8.503924156277304,7.961328337446893,138,0.01,0.3,0.5,0.001,2
