,L2,L2_true,N,std,jump,jump_prob,ve,dim
0,4.054828213449209,2.2849146995676035,5,0.01,0.3,0.5,0.0025,3
