,L2,L2_true,N,std,jump,jump_prob,ve,dim
0,3.6144772151358695,1.327671585344865,1,0.01,0.3,0.5,0.0025,1
