,L2,L2_true,N,std,jump,jump_prob,ve,dim
0,1.719533017628602,1.695553728855077,51,0.05,0.3,0.5,0.001,1
