,L2,L2_true,N,std,jump,jump_prob,ve,dim
0,5.325994090484432,4.013355940850163,43,0.01,0.3,0.5,0.01,3
