,L2,L2_true,N,std,jump,jump_prob,ve,dim
0,5.08322354278437,4.044436134063575,268,0.01,0.3,0.5,0.0025,2
