,L2,L2_true,N,std,jump,jump_prob,ve,dim
0,3.6136652443656048,1.3288425107517894,1,0.01,0.3,0.5,0.0025,2
