,L2,L2_true,N,std,jump,jump_prob,ve,dim
0,7.996355189147573,7.403595585089733,100,0.01,0.3,0.5,0.001,2
