,L2,L2_true,N,std,jump,jump_prob,ve,dim
0,3.950125223590273,1.8000946823794752,5,0.01,0.3,0.5,0.01,3
