,L2,L2_true,N,std,jump,jump_prob,ve,dim
0,3.4325835389573838,0.341056863462708,71,0.01,0.3,0.5,0.01,1
