,L2,L2_true,N,std,jump,jump_prob,ve,dim
0,1.3489265051735881,1.1777729624406534,1,0.05,0.3,0.5,0.001,1
