,L2,L2_true,N,std,jump,jump_prob,ve,dim
0,3.9931672414764527,1.8726772646177459,6,0.01,0.3,0.5,0.01,2
