,L2,L2_true,N,std,jump,jump_prob,ve,dim
0,2.4371042588643532,2.437677615523399,22,0.2,0.3,0.5,0.001,1
