,L2,L2_true,N,std,jump,jump_prob,ve,dim
0,4.171562075109646,2.3989278588760086,719,0.01,0.3,0.5,0.01,3
