,L2,L2_true,N,std,jump,jump_prob,ve,dim
0,12.185405738187212,11.747831731851274,372,0.01,0.3,0.5,0.0025,3
