,L2,L2_true,N,std,jump,jump_prob,ve,dim
0,4.336651178310302,2.9950424673744,8,0.01,0.3,0.5,0.001,2
