,L2,L2_true,N,std,jump,jump_prob,ve,dim
0,0.8173756422656122,0.8191287160142713,2,0.2,0.3,0.5,0.001,1
