,L2,L2_true,N,std,jump,jump_prob,ve,dim
0,22.969464910417024,22.777155262737477,1178,0.01,0.3,0.5,0.001,3
