,L2,L2_true,N,std,jump,jump_prob,ve,dim
0,4.88074802048125,4.094420665366671,1637,0.01,0.3,0.5,0.001,2
