,L2,L2_true,N,std,jump,jump_prob,ve,dim
0,4.953065327603222,3.5621302028496133,268,0.01,0.3,0.5,0.01,3
