,L2,L2_true,N,std,jump,jump_prob,ve,dim
0,3.4155050508821474,0.11498171857881173,316,0.01,0.3,0.5,0.01,1
