,L2,L2_true,N,std,jump,jump_prob,ve,dim
0,3.6403623725374064,1.4418870196951854,2,0.01,0.3,0.5,0.0025,1
