,L2,L2_true,N,std,jump,jump_prob,ve,dim
0,4.190081152965315,2.8712434695526525,517,0.01,0.3,0.5,0.0025,2
