,L2,L2_true,N,std,jump,jump_prob,ve,dim
0,3.438705078438942,0.3332940453563991,43,0.01,0.3,0.5,0.01,1
