,L2,L2_true,N,std,jump,jump_prob,ve,dim
0,4.010073944977666,2.627508745707163,610,0.01,0.3,0.5,0.0025,2
