,L2,L2_true,N,std,jump,jump_prob,ve,dim
0,3.6209370571308823,0.744662477536119,1,0.01,0.3,0.5,0.01,1
