,L2,L2_true,N,std,jump,jump_prob,ve,dim
0,6.540524486729491,5.607988728107013,37,0.01,0.3,0.5,0.0025,3
