,L2,L2_true,N,std,jump,jump_prob,ve,dim
0,2.628784195481547,0.25826809100129516,848,0.01,0.3,0.5,0.001,1
