,L2,L2_true,N,std,jump,jump_prob,ve,dim
0,5.4684951713130205,4.23280257149329,163,0.01,0.3,0.5,0.01,3
