,L2,L2_true,N,std,jump,jump_prob,ve,dim
0,4.864325881147505,3.7223222176448423,13,0.01,0.3,0.5,0.001,2
