,L2,L2_true,N,std,jump,jump_prob,ve,dim
0,6.095566535428133,5.477225787759321,1000,0.01,0.3,0.5,0.001,2
