,L2,L2_true,N,std,jump,jump_prob,ve,dim
0,3.2899074040477343,1.2831187757121396,37,0.01,0.3,0.5,0.0025,1
