,L2,L2_true,N,std,jump,jump_prob,ve,dim
0,2.19500899658188,2.1950768802303156,31,0.2,0.3,0.5,0.001,1
