,L2,L2_true,N,std,jump,jump_prob,ve,dim
0,2.2559477772166345,2.2562431525268045,37,0.2,0.3,0.5,0.001,1
