,L2,L2_true,N,std,jump,jump_prob,ve,dim
0,3.7042624123148493,1.4362596556163794,1930,0.01,0.3,0.5,0.01,3
