,L2,L2_true,N,std,jump,jump_prob,ve,dim
0,3.6051298515318644,0.7445125718541271,1,0.01,0.3,0.5,0.01,1
