,L2,L2_true,N,std,jump,jump_prob,ve,dim
0,4.266294885103164,2.981950872840337,517,0.01,0.3,0.5,0.0025,2
