,L2,L2_true,N,std,jump,jump_prob,ve,dim
0,3.6291521852195534,1.820932697386729,2,0.01,0.3,0.5,0.001,1
