,L2,L2_true,N,std,jump,jump_prob,ve,dim
0,3.634633251906508,1.0901126321392292,6,0.01,0.3,0.5,0.01,1
