,L2,L2_true,N,std,jump,jump_prob,ve,dim
0,0.5619485869415968,0.5549877447160637,372,0.05,0.3,0.5,0.001,1
