,L2,L2_true,N,std,jump,jump_prob,ve,dim
0,1.3563960841155396,1.3556383740748554,3,0.2,0.3,0.5,0.001,1
