,L2,L2_true,N,std,jump,jump_prob,ve,dim
0,3.41512985725092,0.09778883930015365,163,0.01,0.3,0.5,0.01,1
