,L2,L2_true,N,std,jump,jump_prob,ve,dim
0,1.7387640697870583,1.73647176880433,31,0.05,0.3,0.5,0.001,1
