,L2,L2_true,N,std,jump,jump_prob,ve,dim
0,3.4220528545663176,0.2528997672907563,3000,0.01,0.3,0.5,0.01,2
