,L2,L2_true,N,std,jump,jump_prob,ve,dim
0,3.7169048354686285,1.6185274703366785,3,0.01,0.3,0.5,0.0025,1
