,L2,L2_true,N,std,jump,jump_prob,ve,dim
0,9.234223268683834,8.619386778643479,117,0.01,0.3,0.5,0.0025,3
