,L2,L2_true,N,std,jump,jump_prob,ve,dim
0,3.940858798606723,2.0704131416265796,4,0.01,0.3,0.5,0.0025,3
