,L2,L2_true,N,std,jump,jump_prob,ve,dim
0,2.6270529793839166,0.148572794289537,2275,0.01,0.3,0.5,0.001,1
