,L2,L2_true,N,std,jump,jump_prob,ve,dim
0,3.0413471730682433,0.32393643649752335,193,0.01,0.3,0.5,0.0025,1
