,L2,L2_true,N,std,jump,jump_prob,ve,dim
0,5.722279367327535,4.799993745069014,31,0.01,0.3,0.5,0.001,2
