,L2,L2_true,N,std,jump,jump_prob,ve,dim
0,3.4556236474318776,0.4894445844017483,37,0.01,0.3,0.5,0.01,1
