,L2,L2_true,N,std,jump,jump_prob,ve,dim
0,4.2849648479113425,2.6444296723305643,7,0.01,0.3,0.5,0.0025,2
