,L2,L2_true,N,std,jump,jump_prob,ve,dim
0,3.959565592245918,1.9530041924762482,84,0.01,0.3,0.5,0.01,2
