,L2,L2_true,N,std,jump,jump_prob,ve,dim
0,2.416316961069778,2.4164768036746636,22,0.2,0.3,0.5,0.001,1
