,L2,L2_true,N,std,jump,jump_prob,ve,dim
0,2.198751138431283,2.1609489529599073,22,0.05,0.3,0.5,0.001,1
