,L2,L2_true,N,std,jump,jump_prob,ve,dim
0,6.15993241066165,5.322236476960515,37,0.01,0.3,0.5,0.001,2
