,L2,L2_true,N,std,jump,jump_prob,ve,dim
0,0.20877487316103158,0.20839483403170772,3162,0.2,0.3,0.5,0.001,1
