,L2,L2_true,N,std,jump,jump_prob,ve,dim
0,4.664571087787112,3.22610071774303,11,0.01,0.3,0.5,0.0025,3
