,L2,L2_true,N,std,jump,jump_prob,ve,dim
0,0.6840377295273744,0.636531673881953,316,0.05,0.3,0.5,0.001,1
