,L2,L2_true,N,std,jump,jump_prob,ve,dim
0,11.563148232405375,11.132514289223655,1637,0.01,0.3,0.5,0.0025,3
