,L2,L2_true,N,std,jump,jump_prob,ve,dim
0,3.6237046520943887,0.7445126928499596,1,0.01,0.3,0.5,0.01,2
