,L2,L2_true,N,std,jump,jump_prob,ve,dim
0,3.0561265604316112,0.2919210211038189,517,0.01,0.3,0.5,0.0025,1
