,L2,L2_true,N,std,jump,jump_prob,ve,dim
0,3.891112881456449,2.3007857402712597,4,0.01,0.3,0.5,0.001,1
