,L2,L2_true,N,std,jump,jump_prob,ve,dim
0,1.2797038895688795,1.2812412019408954,3,0.2,0.3,0.5,0.001,1
