,L2,L2_true,N,std,jump,jump_prob,ve,dim
0,5.4950995598912655,4.381852909785207,31,0.01,0.3,0.5,0.0025,2
