,L2,L2_true,N,std,jump,jump_prob,ve,dim
0,3.4037029266015777,1.539347498825475,1637,0.01,0.3,0.5,0.0025,2
