,L2,L2_true,N,std,jump,jump_prob,ve,dim
0,4.601626118015134,3.7561000162275384,1930,0.01,0.3,0.5,0.001,2
