,L2,L2_true,N,std,jump,jump_prob,ve,dim
0,2.1003748047385424,2.0294695892829284,7,0.05,0.3,0.5,0.001,1
