,L2,L2_true,N,std,jump,jump_prob,ve,dim
0,7.056423333094566,6.205413048594721,51,0.01,0.3,0.5,0.0025,3
