,L2,L2_true,N,std,jump,jump_prob,ve,dim
0,0.20997286976974633,0.20965610670988272,3162,0.2,0.3,0.5,0.001,1
