,L2,L2_true,N,std,jump,jump_prob,ve,dim
0,6.467588967404045,5.677420799465773,37,0.01,0.3,0.5,0.001,2
