,L2,L2_true,N,std,jump,jump_prob,ve,dim
0,4.3587990040975795,3.1083384728995296,439,0.01,0.3,0.5,0.0025,2
