,L2,L2_true,N,std,jump,jump_prob,ve,dim
0,4.239782947113231,2.4052953813095908,26,0.01,0.3,0.5,0.01,2
