,L2,L2_true,N,std,jump,jump_prob,ve,dim
0,8.886679785453081,8.378226268942601,163,0.01,0.3,0.5,0.001,2
