,L2,L2_true,N,std,jump,jump_prob,ve,dim
0,3.623176444665489,1.3282810962852534,1,0.01,0.3,0.5,0.0025,3
