,L2,L2_true,N,std,jump,jump_prob,ve,dim
0,3.8749102041659684,2.2608278688474335,3,0.01,0.3,0.5,0.001,3
