,L2,L2_true,N,std,jump,jump_prob,ve,dim
0,5.345115973555769,4.036678257222186,43,0.01,0.3,0.5,0.01,3
