,L2,L2_true,N,std,jump,jump_prob,ve,dim
0,2.8239621435939317,1.04023907145897,84,0.01,0.3,0.5,0.001,1
