,L2,L2_true,N,std,jump,jump_prob,ve,dim
0,3.4053040368708616,0.04676882332148815,3162,0.01,0.3,0.5,0.01,1
