,L2,L2_true,N,std,jump,jump_prob,ve,dim
0,2.9208456023064233,1.3960074515736676,100,0.01,0.3,0.5,0.001,1
