,L2,L2_true,N,std,jump,jump_prob,ve,dim
0,2.9949908700217023,2.995503286844467,26,0.2,0.3,0.5,0.001,1
