,L2,L2_true,N,std,jump,jump_prob,ve,dim
0,11.863557860788234,11.40226646890528,316,0.01,0.3,0.5,0.0025,3
