,L2,L2_true,N,std,jump,jump_prob,ve,dim
0,3.6036944746798993,1.1492969147263248,163,0.01,0.3,0.5,0.01,2
