,L2,L2_true,N,std,jump,jump_prob,ve,dim
0,2.649454273113747,2.6387590208072367,19,0.05,0.3,0.5,0.001,1
