,L2,L2_true,N,std,jump,jump_prob,ve,dim
0,9.535881975401798,8.936972571065361,138,0.01,0.3,0.5,0.0025,3
