,L2,L2_true,N,std,jump,jump_prob,ve,dim
0,3.44316499861908,0.3873483863506311,61,0.01,0.3,0.5,0.01,1
