,L2,L2_true,N,std,jump,jump_prob,ve,dim
0,3.6510742867556565,1.8523403835613246,2,0.01,0.3,0.5,0.001,1
