,L2,L2_true,N,std,jump,jump_prob,ve,dim
0,4.9554109107309845,4.1993273056713685,1637,0.01,0.3,0.5,0.001,2
