,L2,L2_true,N,std,jump,jump_prob,ve,dim
0,4.252330508801688,2.485487035545964,51,0.01,0.3,0.5,0.01,2
