,L2,L2_true,N,std,jump,jump_prob,ve,dim
0,8.129814587264033,7.565047280142316,138,0.01,0.3,0.5,0.001,2
