,L2,L2_true,N,std,jump,jump_prob,ve,dim
0,3.6511046216071463,1.2847109620508805,163,0.01,0.3,0.5,0.01,2
