,L2,L2_true,N,std,jump,jump_prob,ve,dim
0,2.6217040220725645,2.5784350596648125,22,0.05,0.3,0.5,0.001,1
