,L2,L2_true,N,std,jump,jump_prob,ve,dim
0,0.27515128746854767,0.2746526463811565,1637,0.2,0.3,0.5,0.001,1
