,L2,L2_true,N,std,jump,jump_prob,ve,dim
0,3.761485928707303,2.224878903376647,848,0.01,0.3,0.5,0.0025,2
