,L2,L2_true,N,std,jump,jump_prob,ve,dim
0,0.9079471557204813,0.8777208104797294,163,0.05,0.3,0.5,0.001,1
