,L2,L2_true,N,std,jump,jump_prob,ve,dim
0,3.5803640055328283,1.0621520959835578,227,0.01,0.3,0.5,0.01,2
