,L2,L2_true,N,std,jump,jump_prob,ve,dim
0,3.7179465941932097,1.1325120328788183,2,0.01,0.3,0.5,0.01,3
