,L2,L2_true,N,std,jump,jump_prob,ve,dim
0,4.522121460038682,3.3456131553452004,439,0.01,0.3,0.5,0.0025,2
