,L2,L2_true,N,std,jump,jump_prob,ve,dim
0,3.833558716060476,1.8399804493150653,4,0.01,0.3,0.5,0.0025,1
