,L2,L2_true,N,std,jump,jump_prob,ve,dim
0,3.613233590414394,0.781412041975542,2,0.01,0.3,0.5,0.01,1
