,L2,L2_true,N,std,jump,jump_prob,ve,dim
0,5.692473245611781,4.631842117692387,37,0.01,0.3,0.5,0.0025,2
