,L2,L2_true,N,std,jump,jump_prob,ve,dim
0,3.4223512704913586,0.24969180836003135,117,0.01,0.3,0.5,0.01,1
