,L2,L2_true,N,std,jump,jump_prob,ve,dim
0,3.414946655555934,0.06248454417222128,1000,0.01,0.3,0.5,0.01,1
