,L2,L2_true,N,std,jump,jump_prob,ve,dim
0,2.7497832192706912,2.7495407101836755,13,0.2,0.3,0.5,0.001,1
