,L2,L2_true,N,std,jump,jump_prob,ve,dim
0,2.669335940248052,2.5999292774244998,13,0.05,0.3,0.5,0.001,1
