,L2,L2_true,N,std,jump,jump_prob,ve,dim
0,3.441122337098174,0.5229519321075252,848,0.01,0.3,0.5,0.01,2
