,L2,L2_true,N,std,jump,jump_prob,ve,dim
0,11.619677934296977,11.180793716366985,1637,0.01,0.3,0.5,0.0025,3
