,L2,L2_true,N,std,jump,jump_prob,ve,dim
0,5.824942549289767,4.9069391927797295,26,0.01,0.3,0.5,0.001,3
