,L2,L2_true,N,std,jump,jump_prob,ve,dim
0,0.324383216374554,0.2745209935496891,1178,0.05,0.3,0.5,0.001,1
