,L2,L2_true,N,std,jump,jump_prob,ve,dim
0,2.5363751286324865,2.5368338830681605,11,0.2,0.3,0.5,0.001,1
