,L2,L2_true,N,std,jump,jump_prob,ve,dim
0,1.9013303678408313,1.9144303283661146,37,0.05,0.3,0.5,0.001,1
