,L2,L2_true,N,std,jump,jump_prob,ve,dim
0,3.650144867960638,1.8704595343678712,2,0.01,0.3,0.5,0.001,1
