,L2,L2_true,N,std,jump,jump_prob,ve,dim
0,0.578914997635295,0.5184932042797189,517,0.05,0.3,0.5,0.001,1
