,L2,L2_true,N,std,jump,jump_prob,ve,dim
0,3.420899294872765,0.26421484511264437,3000,0.01,0.3,0.5,0.01,2
