,L2,L2_true,N,std,jump,jump_prob,ve,dim
0,0.4059968285772772,0.40610091407035137,848,0.2,0.3,0.5,0.001,1
