,L2,L2_true,N,std,jump,jump_prob,ve,dim
0,3.43773339460997,0.4040130571306279,71,0.01,0.3,0.5,0.01,1
