,L2,L2_true,N,std,jump,jump_prob,ve,dim
0,3.4903445672965523,0.7517521834570058,372,0.01,0.3,0.5,0.01,2
