,L2,L2_true,N,std,jump,jump_prob,ve,dim
0,12.107167362974176,11.662180320890021,372,0.01,0.3,0.5,0.0025,3
