,L2,L2_true,N,std,jump,jump_prob,ve,dim
0,2.7075785373335464,2.7073584597964224,11,0.2,0.3,0.5,0.001,1
