,L2,L2_true,N,std,jump,jump_prob,ve,dim
0,3.9245101535395115,1.7385606967191356,5,0.01,0.3,0.5,0.01,2
