,L2,L2_true,N,std,jump,jump_prob,ve,dim
0,2.994866919656343,1.4142956906284245,51,0.01,0.3,0.5,0.001,1
