,L2,L2_true,N,std,jump,jump_prob,ve,dim
0,4.793102066285556,3.6290197113134552,13,0.01,0.3,0.5,0.001,2
