,L2,L2_true,N,std,jump,jump_prob,ve,dim
0,1.468966732377546,1.4312225242024372,84,0.05,0.3,0.5,0.001,1
