,L2,L2_true,N,std,jump,jump_prob,ve,dim
0,3.4286436028645397,0.2645101371819813,117,0.01,0.3,0.5,0.01,1
