,L2,L2_true,N,std,jump,jump_prob,ve,dim
0,6.246771116113028,5.399439751749194,31,0.01,0.3,0.5,0.001,3
