,L2,L2_true,N,std,jump,jump_prob,ve,dim
0,3.3057348181373656,1.2882743105873964,2275,0.01,0.3,0.5,0.0025,2
