,L2,L2_true,N,std,jump,jump_prob,ve,dim
0,4.2472329959077015,2.863464255105908,7,0.01,0.3,0.5,0.001,2
