,L2,L2_true,N,std,jump,jump_prob,ve,dim
0,5.55266284753531,4.619454962163705,193,0.01,0.3,0.5,0.0025,2
