,L2,L2_true,N,std,jump,jump_prob,ve,dim
0,0.4240229574913561,0.42387221217703125,719,0.2,0.3,0.5,0.001,1
