,L2,L2_true,N,std,jump,jump_prob,ve,dim
0,3.0404062741351794,0.10472906301620576,2275,0.01,0.3,0.5,0.0025,1
