,L2,L2_true,N,std,jump,jump_prob,ve,dim
0,3.75876034129105,1.6790106330318835,2,0.01,0.3,0.5,0.0025,3
