,L2,L2_true,N,std,jump,jump_prob,ve,dim
0,3.7402275266149925,1.6316365581438503,2,0.01,0.3,0.5,0.0025,2
