,L2,L2_true,N,std,jump,jump_prob,ve,dim
0,7.1670265983293175,6.447469243868156,43,0.01,0.3,0.5,0.001,3
