,L2,L2_true,N,std,jump,jump_prob,ve,dim
0,3.980287403871002,1.8957667185267157,7,0.01,0.3,0.5,0.01,1
