,L2,L2_true,N,std,jump,jump_prob,ve,dim
0,1.2403632101161994,1.2347948428032687,2,0.2,0.3,0.5,0.001,1
