,L2,L2_true,N,std,jump,jump_prob,ve,dim
0,3.4083817264298384,1.561469081203099,1637,0.01,0.3,0.5,0.0025,2
