,L2,L2_true,N,std,jump,jump_prob,ve,dim
0,0.5997414290210945,0.599985045086364,372,0.2,0.3,0.5,0.001,1
