,L2,L2_true,N,std,jump,jump_prob,ve,dim
0,2.531937573625935,2.5219166331166876,26,0.05,0.3,0.5,0.001,1
