,L2,L2_true,N,std,jump,jump_prob,ve,dim
0,2.611329193560605,0.1290283499465409,2682,0.01,0.3,0.5,0.001,1
