,L2,L2_true,N,std,jump,jump_prob,ve,dim
0,4.299796355096665,2.5349321653369734,31,0.01,0.3,0.5,0.01,2
