,L2,L2_true,N,std,jump,jump_prob,ve,dim
0,2.3254526961999953,2.227354533113298,4,0.05,0.3,0.5,0.001,1
