,L2,L2_true,N,std,jump,jump_prob,ve,dim
0,0.4515544531844912,0.45178302314344443,610,0.2,0.3,0.5,0.001,1
