,L2,L2_true,N,std,jump,jump_prob,ve,dim
0,5.353283108162589,4.073592017102033,61,0.01,0.3,0.5,0.01,3
