,L2,L2_true,N,std,jump,jump_prob,ve,dim
0,3.6810732210582837,0.9858541743372531,2,0.01,0.3,0.5,0.01,1
