,L2,L2_true,N,std,jump,jump_prob,ve,dim
0,3.300855211925416,3.3022007439455847,26,0.2,0.3,0.5,0.001,1
