,L2,L2_true,N,std,jump,jump_prob,ve,dim
0,1.8086377708539751,1.808712720047836,51,0.2,0.3,0.5,0.001,1
