,L2,L2_true,N,std,jump,jump_prob,ve,dim
0,10.866652978481,10.357791265944021,193,0.01,0.3,0.5,0.0025,3
