,L2,L2_true,N,std,jump,jump_prob,ve,dim
0,4.843074101826908,3.3936483821481285,316,0.01,0.3,0.5,0.01,3
