,L2,L2_true,N,std,jump,jump_prob,ve,dim
0,6.139521303235707,5.224405598557728,84,0.01,0.3,0.5,0.0025,2
