,L2,L2_true,N,std,jump,jump_prob,ve,dim
0,2.366608218234796,2.2997517247805876,8,0.05,0.3,0.5,0.001,1
