,L2,L2_true,N,std,jump,jump_prob,ve,dim
0,3.0342551545912833,0.24152646083063878,719,0.01,0.3,0.5,0.0025,1
