,L2,L2_true,N,std,jump,jump_prob,ve,dim
0,5.50662683773462,4.258431508741653,84,0.01,0.3,0.5,0.01,3
