,L2,L2_true,N,std,jump,jump_prob,ve,dim
0,3.729590423974372,1.153412917652116,2,0.01,0.3,0.5,0.01,3
