,L2,L2_true,N,std,jump,jump_prob,ve,dim
0,0.20624608745829182,0.20552056903983024,3162,0.2,0.3,0.5,0.001,1
