,L2,L2_true,N,std,jump,jump_prob,ve,dim
0,5.674661631205678,4.479997801259997,61,0.01,0.3,0.5,0.01,3
