,L2,L2_true,N,std,jump,jump_prob,ve,dim
0,5.890168500664417,4.9914957069667345,26,0.01,0.3,0.5,0.001,3
