,L2,L2_true,N,std,jump,jump_prob,ve,dim
0,11.059326620452099,10.625395736187018,2000,0.01,0.3,0.5,0.0025,3
