,L2,L2_true,N,std,jump,jump_prob,ve,dim
0,3.4428742945517308,0.3951382709824813,43,0.01,0.3,0.5,0.01,1
