,L2,L2_true,N,std,jump,jump_prob,ve,dim
0,6.780029790582701,6.010635387126537,37,0.01,0.3,0.5,0.001,3
