,L2,L2_true,N,std,jump,jump_prob,ve,dim
0,3.4190899242297297,0.30610092316765636,31,0.01,0.3,0.5,0.01,1
