,L2,L2_true,N,std,jump,jump_prob,ve,dim
0,0.31684029096176214,0.3175540274640525,1389,0.2,0.3,0.5,0.001,1
