,L2,L2_true,N,std,jump,jump_prob,ve,dim
0,2.3620017874982913,2.3614432152337756,7,0.2,0.3,0.5,0.001,1
