,L2,L2_true,N,std,jump,jump_prob,ve,dim
0,2.0385391302189917,2.039082500408627,11,0.2,0.3,0.5,0.001,1
