,L2,L2_true,N,std,jump,jump_prob,ve,dim
0,0.7355184962176755,0.7342338096825536,316,0.2,0.3,0.5,0.001,1
