,L2,L2_true,N,std,jump,jump_prob,ve,dim
0,2.108960655213814,2.0553630589150336,11,0.05,0.3,0.5,0.001,1
