,L2,L2_true,N,std,jump,jump_prob,ve,dim
0,2.6235318063455004,0.24856358043626636,1389,0.01,0.3,0.5,0.001,1
