,L2,L2_true,N,std,jump,jump_prob,ve,dim
0,10.335327016074103,9.860843723456332,117,0.01,0.3,0.5,0.001,3
