,L2,L2_true,N,std,jump,jump_prob,ve,dim
0,3.074519071170681,0.5104434101427161,117,0.01,0.3,0.5,0.0025,1
