,L2,L2_true,N,std,jump,jump_prob,ve,dim
0,3.0315318881655995,0.0995528473757523,3162,0.01,0.3,0.5,0.0025,1
