,L2,L2_true,N,std,jump,jump_prob,ve,dim
0,3.8821554876822306,2.0496433334390676,10,0.01,0.3,0.5,0.0025,1
