,L2,L2_true,N,std,jump,jump_prob,ve,dim
0,7.669521336931087,6.994694208483109,51,0.01,0.3,0.5,0.001,3
