,L2,L2_true,N,std,jump,jump_prob,ve,dim
0,3.6508304488502654,1.8512075860102497,2,0.01,0.3,0.5,0.001,1
