,L2,L2_true,N,std,jump,jump_prob,ve,dim
0,3.4182630405113157,0.03472348276392651,3162,0.01,0.3,0.5,0.01,1
