,L2,L2_true,N,std,jump,jump_prob,ve,dim
0,2.090083553529698,2.090949087016366,7,0.2,0.3,0.5,0.001,1
