,L2,L2_true,N,std,jump,jump_prob,ve,dim
0,3.635473075342391,0.8008270235067696,2,0.01,0.3,0.5,0.01,1
