,L2,L2_true,N,std,jump,jump_prob,ve,dim
0,2.8256109194400096,0.9906547836959959,84,0.01,0.3,0.5,0.001,1
