,L2,L2_true,N,std,jump,jump_prob,ve,dim
0,9.68264768446072,9.171742477958631,100,0.01,0.3,0.5,0.001,3
