,L2,L2_true,N,std,jump,jump_prob,ve,dim
0,3.5014130686400566,0.7376022432612316,16,0.01,0.3,0.5,0.01,1
