,L2,L2_true,N,std,jump,jump_prob,ve,dim
0,3.6246589861362644,1.8052052463091834,1,0.01,0.3,0.5,0.001,1
