,L2,L2_true,N,std,jump,jump_prob,ve,dim
0,4.14135682561506,2.4693139166622005,8,0.01,0.3,0.5,0.0025,1
