,L2,L2_true,N,std,jump,jump_prob,ve,dim
0,3.6863755517487147,1.3839309929827663,138,0.01,0.3,0.5,0.01,2
