,L2,L2_true,N,std,jump,jump_prob,ve,dim
0,3.8188469086327173,1.4680169604936628,4,0.01,0.3,0.5,0.01,2
