,L2,L2_true,N,std,jump,jump_prob,ve,dim
0,3.697325693816192,1.5751402169831354,4,0.01,0.3,0.5,0.0025,1
