,L2,L2_true,N,std,jump,jump_prob,ve,dim
0,12.010205993862375,11.568423844669697,439,0.01,0.3,0.5,0.0025,3
