,L2,L2_true,N,std,jump,jump_prob,ve,dim
0,3.47169656371769,0.6595746449749238,439,0.01,0.3,0.5,0.01,2
