,L2,L2_true,N,std,jump,jump_prob,ve,dim
0,5.564155395997177,4.588385970339874,22,0.01,0.3,0.5,0.001,2
