,L2,L2_true,N,std,jump,jump_prob,ve,dim
0,2.93906617655012,2.939364903513409,19,0.2,0.3,0.5,0.001,1
