,L2,L2_true,N,std,jump,jump_prob,ve,dim
0,4.226143952095717,2.8149252477075875,6,0.01,0.3,0.5,0.001,3
