,L2,L2_true,N,std,jump,jump_prob,ve,dim
0,4.027632912657992,2.245523583136067,8,0.01,0.3,0.5,0.0025,1
