,L2,L2_true,N,std,jump,jump_prob,ve,dim
0,0.6599302187038527,0.5956124203406538,316,0.05,0.3,0.5,0.001,1
