,L2,L2_true,N,std,jump,jump_prob,ve,dim
0,7.605537115682329,7.090537400492779,517,0.01,0.3,0.5,0.001,2
