,L2,L2_true,N,std,jump,jump_prob,ve,dim
0,3.4334500674621484,0.372087401155704,1637,0.01,0.3,0.5,0.01,2
