,L2,L2_true,N,std,jump,jump_prob,ve,dim
0,1.3503881809222829,1.1787260495976157,1,0.05,0.3,0.5,0.001,1
