,L2,L2_true,N,std,jump,jump_prob,ve,dim
0,0.5881736045057497,0.5874522817470144,439,0.2,0.3,0.5,0.001,1
