,L2,L2_true,N,std,jump,jump_prob,ve,dim
0,2.016552050200288,2.017288305973062,6,0.2,0.3,0.5,0.001,1
