,L2,L2_true,N,std,jump,jump_prob,ve,dim
0,3.321014104924722,2.057385470322878,71,0.01,0.3,0.5,0.001,1
