,L2,L2_true,N,std,jump,jump_prob,ve,dim
0,2.619603270523567,2.6229704370155775,31,0.05,0.3,0.5,0.001,1
