,L2,L2_true,N,std,jump,jump_prob,ve,dim
0,4.152373652962492,2.5025838314551754,7,0.01,0.3,0.5,0.0025,1
