,L2,L2_true,N,std,jump,jump_prob,ve,dim
0,5.426385899530819,4.448612365742899,193,0.01,0.3,0.5,0.0025,2
