,L2,L2_true,N,std,jump,jump_prob,ve,dim
0,4.087645703867418,2.0583130864871926,6,0.01,0.3,0.5,0.01,3
