,L2,L2_true,N,std,jump,jump_prob,ve,dim
0,3.6998567684232135,1.39886929935041,2000,0.01,0.3,0.5,0.01,3
