,L2,L2_true,N,std,jump,jump_prob,ve,dim
0,0.6716913461364086,0.6158041871158911,316,0.05,0.3,0.5,0.001,1
