,L2,L2_true,N,std,jump,jump_prob,ve,dim
0,4.785193855141417,3.6709669358691883,316,0.01,0.3,0.5,0.0025,2
