,L2,L2_true,N,std,jump,jump_prob,ve,dim
0,3.4205222939672755,0.20256933534396185,71,0.01,0.3,0.5,0.01,1
