,L2,L2_true,N,std,jump,jump_prob,ve,dim
0,5.1350301207570315,3.798706779330962,193,0.01,0.3,0.5,0.01,3
