,L2,L2_true,N,std,jump,jump_prob,ve,dim
0,3.834461165769892,1.8198145936043746,3,0.01,0.3,0.5,0.0025,3
