,L2,L2_true,N,std,jump,jump_prob,ve,dim
0,3.4172591686315092,0.034595225487481805,2682,0.01,0.3,0.5,0.01,1
