,L2,L2_true,N,std,jump,jump_prob,ve,dim
0,3.6434316614686364,1.2398309282652298,163,0.01,0.3,0.5,0.01,2
