,L2,L2_true,N,std,jump,jump_prob,ve,dim
0,8.696125108655522,8.194514882597723,193,0.01,0.3,0.5,0.001,2
