,L2,L2_true,N,std,jump,jump_prob,ve,dim
0,3.2880474386660636,1.8488093543674604,31,0.01,0.3,0.5,0.001,1
