,L2,L2_true,N,std,jump,jump_prob,ve,dim
0,25.02540422479336,24.868766220318474,2000,0.01,0.3,0.5,0.001,3
