,L2,L2_true,N,std,jump,jump_prob,ve,dim
0,0.8069649042128791,0.7983093789129899,193,0.05,0.3,0.5,0.001,1
