,L2,L2_true,N,std,jump,jump_prob,ve,dim
0,3.139462445881924,0.8441850953288096,117,0.01,0.3,0.5,0.0025,1
