,L2,L2_true,N,std,jump,jump_prob,ve,dim
0,5.7593879827321715,4.777815613864776,84,0.01,0.3,0.5,0.0025,2
