,L2,L2_true,N,std,jump,jump_prob,ve,dim
0,3.871315698911225,1.6023660702448013,4,0.01,0.3,0.5,0.01,3
