,L2,L2_true,N,std,jump,jump_prob,ve,dim
0,8.774084611989483,8.2815953062768,193,0.01,0.3,0.5,0.001,2
