,L2,L2_true,N,std,jump,jump_prob,ve,dim
0,4.851367250769336,3.733084968218795,268,0.01,0.3,0.5,0.0025,2
