,L2,L2_true,N,std,jump,jump_prob,ve,dim
0,0.3700111490587233,0.2762899821275736,1178,0.05,0.3,0.5,0.001,1
