,L2,L2_true,N,std,jump,jump_prob,ve,dim
0,7.6251289177897545,6.9545037342442235,51,0.01,0.3,0.5,0.001,3
