,L2,L2_true,N,std,jump,jump_prob,ve,dim
0,3.043511970597552,0.3337938739119662,316,0.01,0.3,0.5,0.0025,1
