,L2,L2_true,N,std,jump,jump_prob,ve,dim
0,3.821428922209693,1.4310009624935738,3,0.01,0.3,0.5,0.01,3
