,L2,L2_true,N,std,jump,jump_prob,ve,dim
0,8.112690529754149,7.4812668328449625,61,0.01,0.3,0.5,0.001,3
