,L2,L2_true,N,std,jump,jump_prob,ve,dim
0,3.7859201552261363,2.249528205278433,848,0.01,0.3,0.5,0.0025,2
