,L2,L2_true,N,std,jump,jump_prob,ve,dim
0,2.782566839761851,0.9959693396773344,163,0.01,0.3,0.5,0.001,1
