,L2,L2_true,N,std,jump,jump_prob,ve,dim
0,3.4316359998518693,0.07959091150686565,1389,0.01,0.3,0.5,0.01,1
