,L2,L2_true,N,std,jump,jump_prob,ve,dim
0,2.627793581188447,0.2931945348978239,1178,0.01,0.3,0.5,0.001,1
