,L2,L2_true,N,std,jump,jump_prob,ve,dim
0,3.6697114509959974,1.898508125368212,2,0.01,0.3,0.5,0.001,1
