,L2,L2_true,N,std,jump,jump_prob,ve,dim
0,0.20103164096340947,0.20067354626513936,3162,0.2,0.3,0.5,0.001,1
