,L2,L2_true,N,std,jump,jump_prob,ve,dim
0,12.635806326425337,12.237634099307902,1000,0.01,0.3,0.5,0.0025,3
