,L2,L2_true,N,std,jump,jump_prob,ve,dim
0,4.576107524317533,3.024866989388377,439,0.01,0.3,0.5,0.01,3
