,L2,L2_true,N,std,jump,jump_prob,ve,dim
0,6.433796363980833,5.628683976332751,31,0.01,0.3,0.5,0.001,3
