,L2,L2_true,N,std,jump,jump_prob,ve,dim
0,4.211406977921213,2.8845478317250612,517,0.01,0.3,0.5,0.0025,2
