,L2,L2_true,N,std,jump,jump_prob,ve,dim
0,3.710631137856789,1.9870589098710478,3,0.01,0.3,0.5,0.001,1
