,L2,L2_true,N,std,jump,jump_prob,ve,dim
0,3.0530706950088957,0.30556631731003975,227,0.01,0.3,0.5,0.0025,1
