,L2,L2_true,N,std,jump,jump_prob,ve,dim
0,5.223588765333816,3.912751296392536,193,0.01,0.3,0.5,0.01,3
