,L2,L2_true,N,std,jump,jump_prob,ve,dim
0,3.417560402325641,0.2353374949993072,227,0.01,0.3,0.5,0.01,1
