,L2,L2_true,N,std,jump,jump_prob,ve,dim
0,0.4902601435354891,0.44967855300787846,610,0.05,0.3,0.5,0.001,1
