,L2,L2_true,N,std,jump,jump_prob,ve,dim
0,3.067940265116756,0.45955728335657703,138,0.01,0.3,0.5,0.0025,1
