,L2,L2_true,N,std,jump,jump_prob,ve,dim
0,0.6867472800899628,0.687585678164282,316,0.2,0.3,0.5,0.001,1
