,L2,L2_true,N,std,jump,jump_prob,ve,dim
0,10.47795148492761,9.94639352563449,193,0.01,0.3,0.5,0.0025,3
