,L2,L2_true,N,std,jump,jump_prob,ve,dim
0,3.456736500740874,0.5214504978194187,719,0.01,0.3,0.5,0.01,2
