,L2,L2_true,N,std,jump,jump_prob,ve,dim
0,4.812461317397218,3.4495716454306793,19,0.01,0.3,0.5,0.0025,2
