,L2,L2_true,N,std,jump,jump_prob,ve,dim
0,23.02998329207383,22.849934055480954,1389,0.01,0.3,0.5,0.001,3
