,L2,L2_true,N,std,jump,jump_prob,ve,dim
0,3.4478358488014367,0.3924866194374217,61,0.01,0.3,0.5,0.01,1
