,L2,L2_true,N,std,jump,jump_prob,ve,dim
0,6.16902862534611,5.290235927165716,100,0.01,0.3,0.5,0.0025,2
