,L2,L2_true,N,std,jump,jump_prob,ve,dim
0,4.569148726657267,3.0711679885971797,10,0.01,0.3,0.5,0.0025,3
