,L2,L2_true,N,std,jump,jump_prob,ve,dim
0,3.7399304362231485,2.0419605951286575,2,0.01,0.3,0.5,0.001,3
