,L2,L2_true,N,std,jump,jump_prob,ve,dim
0,7.939788589988861,7.441381167230485,439,0.01,0.3,0.5,0.001,2
