,L2,L2_true,N,std,jump,jump_prob,ve,dim
0,19.531490040110597,19.299284694673293,719,0.01,0.3,0.5,0.001,3
