,L2,L2_true,N,std,jump,jump_prob,ve,dim
0,3.649410942862639,1.0131236355200703,4,0.01,0.3,0.5,0.01,1
