,L2,L2_true,N,std,jump,jump_prob,ve,dim
0,3.9470538573099403,2.058878060895879,4,0.01,0.3,0.5,0.0025,2
