,L2,L2_true,N,std,jump,jump_prob,ve,dim
0,3.0474616168128867,0.34796572989357577,227,0.01,0.3,0.5,0.0025,1
