,L2,L2_true,N,std,jump,jump_prob,ve,dim
0,10.53043123319394,10.008592437267735,193,0.01,0.3,0.5,0.0025,3
