,L2,L2_true,N,std,jump,jump_prob,ve,dim
0,4.852822123823575,3.7489705500364314,316,0.01,0.3,0.5,0.0025,2
