,L2,L2_true,N,std,jump,jump_prob,ve,dim
0,0.3321929725167993,0.22039294128494427,1930,0.05,0.3,0.5,0.001,1
