,L2,L2_true,N,std,jump,jump_prob,ve,dim
0,19.09688759463895,18.850618796843733,610,0.01,0.3,0.5,0.001,3
