,L2,L2_true,N,std,jump,jump_prob,ve,dim
0,1.3499392458897679,1.1782803848607044,1,0.05,0.3,0.5,0.001,1
