,L2,L2_true,N,std,jump,jump_prob,ve,dim
0,3.5719397660929415,1.8498261221301187,1178,0.01,0.3,0.5,0.0025,2
