,L2,L2_true,N,std,jump,jump_prob,ve,dim
0,0.30784182294073387,0.21713615544119688,2682,0.05,0.3,0.5,0.001,1
