,L2,L2_true,N,std,jump,jump_prob,ve,dim
0,0.830974486629224,0.77803017554547,193,0.05,0.3,0.5,0.001,1
