,L2,L2_true,N,std,jump,jump_prob,ve,dim
0,3.2912693661018153,1.2715260417075853,43,0.01,0.3,0.5,0.0025,1
