,L2,L2_true,N,std,jump,jump_prob,ve,dim
0,3.6710563629677204,1.3074280365247424,138,0.01,0.3,0.5,0.01,2
