,L2,L2_true,N,std,jump,jump_prob,ve,dim
0,2.12367108450389,2.1251581577338063,8,0.2,0.3,0.5,0.001,1
