,L2,L2_true,N,std,jump,jump_prob,ve,dim
0,2.928777031021634,1.3156258783791575,71,0.01,0.3,0.5,0.001,1
