,L2,L2_true,N,std,jump,jump_prob,ve,dim
0,2.63487051288301,0.33046133094539476,719,0.01,0.3,0.5,0.001,1
