,L2,L2_true,N,std,jump,jump_prob,ve,dim
0,0.3529274645526263,0.24537189907629542,1930,0.05,0.3,0.5,0.001,1
