,L2,L2_true,N,std,jump,jump_prob,ve,dim
0,2.630460108825654,0.2093186493649998,1637,0.01,0.3,0.5,0.001,1
