,L2,L2_true,N,std,jump,jump_prob,ve,dim
0,3.711225128137363,1.9777318276410505,3,0.01,0.3,0.5,0.001,1
