,L2,L2_true,N,std,jump,jump_prob,ve,dim
0,2.6165204136185856,0.12900025674192608,2682,0.01,0.3,0.5,0.001,1
