,L2,L2_true,N,std,jump,jump_prob,ve,dim
0,3.617776245787752,1.009324522304944,8,0.01,0.3,0.5,0.01,1
