,L2,L2_true,N,std,jump,jump_prob,ve,dim
0,0.6410439841436805,0.6038623707970157,316,0.05,0.3,0.5,0.001,1
