,L2,L2_true,N,std,jump,jump_prob,ve,dim
0,12.458582752124594,12.032119204145122,517,0.01,0.3,0.5,0.0025,3
