,L2,L2_true,N,std,jump,jump_prob,ve,dim
0,4.416652992511653,2.8701820369472473,10,0.01,0.3,0.5,0.0025,2
