,L2,L2_true,N,std,jump,jump_prob,ve,dim
0,3.3559671727596565,1.4254631837278031,1930,0.01,0.3,0.5,0.0025,2
