,L2,L2_true,N,std,jump,jump_prob,ve,dim
0,6.676294382527713,6.105150649871893,719,0.01,0.3,0.5,0.001,2
