,L2,L2_true,N,std,jump,jump_prob,ve,dim
0,0.37793098984423745,0.370491374434462,1,0.2,0.3,0.5,0.001,1
