,L2,L2_true,N,std,jump,jump_prob,ve,dim
0,3.6317193787475994,0.939186080021637,2,0.01,0.3,0.5,0.01,1
