,L2,L2_true,N,std,jump,jump_prob,ve,dim
0,0.8793537970411462,0.8801000275207252,2,0.2,0.3,0.5,0.001,1
