,L2,L2_true,N,std,jump,jump_prob,ve,dim
0,4.2703106270924795,2.5666898100293816,610,0.01,0.3,0.5,0.01,3
