,L2,L2_true,N,std,jump,jump_prob,ve,dim
0,2.4107437760224806,2.411162421898468,10,0.2,0.3,0.5,0.001,1
