,L2,L2_true,N,std,jump,jump_prob,ve,dim
0,3.4171025425825383,0.11364990108028945,372,0.01,0.3,0.5,0.01,1
