,L2,L2_true,N,std,jump,jump_prob,ve,dim
0,4.612481838300489,3.1603749615421934,13,0.01,0.3,0.5,0.0025,2
