,L2,L2_true,N,std,jump,jump_prob,ve,dim
0,1.428083555418051,1.2756177459787115,2,0.05,0.3,0.5,0.001,1
