,L2,L2_true,N,std,jump,jump_prob,ve,dim
0,4.8211896459924795,3.467759711843178,13,0.01,0.3,0.5,0.0025,2
