,L2,L2_true,N,std,jump,jump_prob,ve,dim
0,3.033948343901309,0.11928601430498553,1930,0.01,0.3,0.5,0.0025,1
