,L2,L2_true,N,std,jump,jump_prob,ve,dim
0,5.539493993658379,4.581557568730946,193,0.01,0.3,0.5,0.0025,2
