,L2,L2_true,N,std,jump,jump_prob,ve,dim
0,14.518865843597803,14.191825922117907,268,0.01,0.3,0.5,0.001,3
