,L2,L2_true,N,std,jump,jump_prob,ve,dim
0,3.616251987781817,0.7449618818481066,1,0.01,0.3,0.5,0.01,3
