,L2,L2_true,N,std,jump,jump_prob,ve,dim
0,2.6216026732534945,0.16636888018348012,3162,0.01,0.3,0.5,0.001,1
