,L2,L2_true,N,std,jump,jump_prob,ve,dim
0,4.054644820579094,2.108857193651774,43,0.01,0.3,0.5,0.01,2
