,L2,L2_true,N,std,jump,jump_prob,ve,dim
0,1.900047477631926,1.8985206542229014,6,0.2,0.3,0.5,0.001,1
