,L2,L2_true,N,std,jump,jump_prob,ve,dim
0,4.387803941000206,2.7500165049778134,517,0.01,0.3,0.5,0.01,3
