,L2,L2_true,N,std,jump,jump_prob,ve,dim
0,10.17992370971349,9.629686818539458,163,0.01,0.3,0.5,0.0025,3
