,L2,L2_true,N,std,jump,jump_prob,ve,dim
0,0.35173212043455254,0.2402202847980809,1930,0.05,0.3,0.5,0.001,1
