,L2,L2_true,N,std,jump,jump_prob,ve,dim
0,5.317660914214139,4.031111507412828,163,0.01,0.3,0.5,0.01,3
