,L2,L2_true,N,std,jump,jump_prob,ve,dim
0,12.241062554186474,11.83658691243156,163,0.01,0.3,0.5,0.001,3
