,L2,L2_true,N,std,jump,jump_prob,ve,dim
0,10.220961826329399,9.67330879181928,163,0.01,0.3,0.5,0.0025,3
