,L2,L2_true,N,std,jump,jump_prob,ve,dim
0,3.455311824397104,0.459499560091401,1000,0.01,0.3,0.5,0.01,2
