,L2,L2_true,N,std,jump,jump_prob,ve,dim
0,3.899207623976794,2.4860019060469574,11,0.01,0.3,0.5,0.001,1
