,L2,L2_true,N,std,jump,jump_prob,ve,dim
0,3.6163274811356954,0.7445615449855562,1,0.01,0.3,0.5,0.01,1
