,L2,L2_true,N,std,jump,jump_prob,ve,dim
0,3.437908948334891,0.2992434616064675,2000,0.01,0.3,0.5,0.01,2
