,L2,L2_true,N,std,jump,jump_prob,ve,dim
0,1.0500859890142016,1.0500469338090215,163,0.2,0.3,0.5,0.001,1
