,L2,L2_true,N,std,jump,jump_prob,ve,dim
0,4.37190783367385,3.4937089235850625,2275,0.01,0.3,0.5,0.001,2
