,L2,L2_true,N,std,jump,jump_prob,ve,dim
0,4.182500211501371,3.107659188010263,37,0.01,0.3,0.5,0.001,1
