,L2,L2_true,N,std,jump,jump_prob,ve,dim
0,0.2948503104955201,0.20375350518173543,2275,0.05,0.3,0.5,0.001,1
