,L2,L2_true,N,std,jump,jump_prob,ve,dim
0,4.670859607761153,3.454430882750941,11,0.01,0.3,0.5,0.001,3
