,L2,L2_true,N,std,jump,jump_prob,ve,dim
0,0.956920164491006,0.9325664953599307,163,0.05,0.3,0.5,0.001,1
