,L2,L2_true,N,std,jump,jump_prob,ve,dim
0,2.609488462030388,2.602923438474552,26,0.05,0.3,0.5,0.001,1
