,L2,L2_true,N,std,jump,jump_prob,ve,dim
0,0.6012254361038785,0.5388701004460396,316,0.05,0.3,0.5,0.001,1
