,L2,L2_true,N,std,jump,jump_prob,ve,dim
0,4.127145464468709,2.1269279724785006,7,0.01,0.3,0.5,0.01,3
