,L2,L2_true,N,std,jump,jump_prob,ve,dim
0,3.991928147276942,2.017604228789845,61,0.01,0.3,0.5,0.01,2
