,L2,L2_true,N,std,jump,jump_prob,ve,dim
0,5.585580034301708,4.347924783055777,84,0.01,0.3,0.5,0.01,3
