,L2,L2_true,N,std,jump,jump_prob,ve,dim
0,8.707881342607484,8.242836742870042,268,0.01,0.3,0.5,0.001,2
