,L2,L2_true,N,std,jump,jump_prob,ve,dim
0,8.1995231290401,7.70404052886012,372,0.01,0.3,0.5,0.001,2
