,L2,L2_true,N,std,jump,jump_prob,ve,dim
0,3.736169908149147,1.351237300992508,5,0.01,0.3,0.5,0.01,1
