,L2,L2_true,N,std,jump,jump_prob,ve,dim
0,8.107915827267409,7.390427356739939,71,0.01,0.3,0.5,0.0025,3
