,L2,L2_true,N,std,jump,jump_prob,ve,dim
0,4.783566287813493,3.657391983674892,316,0.01,0.3,0.5,0.0025,2
