,L2,L2_true,N,std,jump,jump_prob,ve,dim
0,3.766373248272464,1.568431291534204,117,0.01,0.3,0.5,0.01,2
