,L2,L2_true,N,std,jump,jump_prob,ve,dim
0,7.9415935332867935,7.335458162714261,84,0.01,0.3,0.5,0.001,2
