,L2,L2_true,N,std,jump,jump_prob,ve,dim
0,3.753836249694308,1.3363479370100944,5,0.01,0.3,0.5,0.01,1
