,L2,L2_true,N,std,jump,jump_prob,ve,dim
0,5.354750983286501,4.353900616615329,19,0.01,0.3,0.5,0.001,2
