,L2,L2_true,N,std,jump,jump_prob,ve,dim
0,3.067618813100065,0.4534718120208614,163,0.01,0.3,0.5,0.0025,1
