,L2,L2_true,N,std,jump,jump_prob,ve,dim
0,3.9705550913974474,1.8281289143576966,5,0.01,0.3,0.5,0.01,3
