,L2,L2_true,N,std,jump,jump_prob,ve,dim
0,2.6496554997619315,2.6491038607969655,11,0.2,0.3,0.5,0.001,1
