,L2,L2_true,N,std,jump,jump_prob,ve,dim
0,3.8289878774280175,2.170741091989104,3,0.01,0.3,0.5,0.001,1
