,L2,L2_true,N,std,jump,jump_prob,ve,dim
0,3.6468557420374004,1.4461901141541866,2,0.01,0.3,0.5,0.0025,1
