,L2,L2_true,N,std,jump,jump_prob,ve,dim
0,10.336081405825404,9.849591826573226,117,0.01,0.3,0.5,0.001,3
