,L2,L2_true,N,std,jump,jump_prob,ve,dim
0,20.727228385603937,20.509175452983698,848,0.01,0.3,0.5,0.001,3
