,L2,L2_true,N,std,jump,jump_prob,ve,dim
0,4.212769083665351,2.8096414213078957,7,0.01,0.3,0.5,0.001,2
