,L2,L2_true,N,std,jump,jump_prob,ve,dim
0,3.8689433937780837,2.2421256379017867,2,0.01,0.3,0.5,0.001,1
