,L2,L2_true,N,std,jump,jump_prob,ve,dim
0,4.176528533753458,2.2734448900640163,22,0.01,0.3,0.5,0.01,2
