,L2,L2_true,N,std,jump,jump_prob,ve,dim
0,3.6129437032554064,1.177444965294016,163,0.01,0.3,0.5,0.01,2
