,L2,L2_true,N,std,jump,jump_prob,ve,dim
0,3.968909082152775,2.43001684910625,4,0.01,0.3,0.5,0.001,2
