,L2,L2_true,N,std,jump,jump_prob,ve,dim
0,6.016126752127247,5.130601100345282,26,0.01,0.3,0.5,0.001,3
