,L2,L2_true,N,std,jump,jump_prob,ve,dim
0,3.348046197248595,1.3594172677933303,37,0.01,0.3,0.5,0.0025,1
