,L2,L2_true,N,std,jump,jump_prob,ve,dim
0,3.9816538869967677,1.8415526371240964,7,0.01,0.3,0.5,0.01,2
