,L2,L2_true,N,std,jump,jump_prob,ve,dim
0,6.776660785152418,5.892011415454318,43,0.01,0.3,0.5,0.0025,3
