,L2,L2_true,N,std,jump,jump_prob,ve,dim
0,4.161310388215981,2.28769727174105,26,0.01,0.3,0.5,0.01,2
