,L2,L2_true,N,std,jump,jump_prob,ve,dim
0,3.7760811788233855,1.7386259205187804,4,0.01,0.3,0.5,0.0025,1
