,L2,L2_true,N,std,jump,jump_prob,ve,dim
0,2.8647399234899944,2.8544848423647706,16,0.05,0.3,0.5,0.001,1
