,L2,L2_true,N,std,jump,jump_prob,ve,dim
0,0.22857381135030597,0.22738357816673802,2682,0.2,0.3,0.5,0.001,1
