,L2,L2_true,N,std,jump,jump_prob,ve,dim
0,3.646017184378747,1.194428764178094,11,0.01,0.3,0.5,0.01,1
