,L2,L2_true,N,std,jump,jump_prob,ve,dim
0,2.1094451464777513,2.095518516427688,26,0.05,0.3,0.5,0.001,1
