,L2,L2_true,N,std,jump,jump_prob,ve,dim
0,15.408268940060733,15.099563762553084,316,0.01,0.3,0.5,0.001,3
