,L2,L2_true,N,std,jump,jump_prob,ve,dim
0,4.863697361962346,3.440498603214418,316,0.01,0.3,0.5,0.01,3
