,L2,L2_true,N,std,jump,jump_prob,ve,dim
0,3.435040170135605,0.31350824492950446,61,0.01,0.3,0.5,0.01,1
