,L2,L2_true,N,std,jump,jump_prob,ve,dim
0,4.031045115711334,2.3906312946430868,13,0.01,0.3,0.5,0.0025,1
