,L2,L2_true,N,std,jump,jump_prob,ve,dim
0,5.433477115796095,4.1783642191362755,100,0.01,0.3,0.5,0.01,3
