,L2,L2_true,N,std,jump,jump_prob,ve,dim
0,3.699672555715045,1.3868245537963912,138,0.01,0.3,0.5,0.01,2
