,L2,L2_true,N,std,jump,jump_prob,ve,dim
0,3.42596273459698,1.4897789936060826,31,0.01,0.3,0.5,0.0025,1
