,L2,L2_true,N,std,jump,jump_prob,ve,dim
0,5.146858158430398,3.8914120160775005,16,0.01,0.3,0.5,0.0025,3
