,L2,L2_true,N,std,jump,jump_prob,ve,dim
0,3.4192729173676493,0.19958461340380237,138,0.01,0.3,0.5,0.01,1
