,L2,L2_true,N,std,jump,jump_prob,ve,dim
0,8.428412993171264,7.894082423529429,138,0.01,0.3,0.5,0.001,2
