,L2,L2_true,N,std,jump,jump_prob,ve,dim
0,0.8864133806335379,0.8868994585720088,2,0.2,0.3,0.5,0.001,1
