,L2,L2_true,N,std,jump,jump_prob,ve,dim
0,3.7639707984312882,1.327791105324492,3,0.01,0.3,0.5,0.01,2
