,L2,L2_true,N,std,jump,jump_prob,ve,dim
0,8.565535836459075,8.072993747112067,227,0.01,0.3,0.5,0.001,2
