,L2,L2_true,N,std,jump,jump_prob,ve,dim
0,4.001434530117901,2.628505038514005,13,0.01,0.3,0.5,0.001,1
