,L2,L2_true,N,std,jump,jump_prob,ve,dim
0,3.668740268267687,2.0664342644743745,22,0.01,0.3,0.5,0.0025,1
