,L2,L2_true,N,std,jump,jump_prob,ve,dim
0,3.901144995503653,1.6418801255803335,4,0.01,0.3,0.5,0.01,3
