,L2,L2_true,N,std,jump,jump_prob,ve,dim
0,3.6287720064605145,0.8138874633379807,2,0.01,0.3,0.5,0.01,1
