,L2,L2_true,N,std,jump,jump_prob,ve,dim
0,4.314998379387859,3.0563792874748477,517,0.01,0.3,0.5,0.0025,2
