,L2,L2_true,N,std,jump,jump_prob,ve,dim
0,3.6976130362792174,1.4230386868992668,2000,0.01,0.3,0.5,0.01,3
