,L2,L2_true,N,std,jump,jump_prob,ve,dim
0,3.454287199569789,0.5841821064512366,26,0.01,0.3,0.5,0.01,1
