,L2,L2_true,N,std,jump,jump_prob,ve,dim
0,3.28220880519954,1.1627828637907325,37,0.01,0.3,0.5,0.0025,1
