,L2,L2_true,N,std,jump,jump_prob,ve,dim
0,4.935767641665326,3.627491324317396,19,0.01,0.3,0.5,0.0025,2
