,L2,L2_true,N,std,jump,jump_prob,ve,dim
0,5.884361290662245,4.991484902055772,26,0.01,0.3,0.5,0.001,3
