,L2,L2_true,N,std,jump,jump_prob,ve,dim
0,3.424514784222004,0.3426223774121373,1930,0.01,0.3,0.5,0.01,2
