,L2,L2_true,N,std,jump,jump_prob,ve,dim
0,4.064831170526117,2.301978226471224,5,0.01,0.3,0.5,0.0025,3
