,L2,L2_true,N,std,jump,jump_prob,ve,dim
0,5.328482628892506,4.037307988958521,138,0.01,0.3,0.5,0.01,3
