,L2,L2_true,N,std,jump,jump_prob,ve,dim
0,5.133983669245791,3.8076543686891746,227,0.01,0.3,0.5,0.01,3
