,L2,L2_true,N,std,jump,jump_prob,ve,dim
0,3.4510781692152706,0.5065722332849232,848,0.01,0.3,0.5,0.01,2
