,L2,L2_true,N,std,jump,jump_prob,ve,dim
0,8.408450316731246,7.722739109879848,84,0.01,0.3,0.5,0.0025,3
