,L2,L2_true,N,std,jump,jump_prob,ve,dim
0,5.371009790744288,4.110375763570063,138,0.01,0.3,0.5,0.01,3
