,L2,L2_true,N,std,jump,jump_prob,ve,dim
0,3.279573122435867,1.159330000816342,37,0.01,0.3,0.5,0.0025,1
