,L2,L2_true,N,std,jump,jump_prob,ve,dim
0,0.41868864623535407,0.37876570949933047,848,0.05,0.3,0.5,0.001,1
