,L2,L2_true,N,std,jump,jump_prob,ve,dim
0,3.4420724419286555,0.3941410050021824,1389,0.01,0.3,0.5,0.01,2
