,L2,L2_true,N,std,jump,jump_prob,ve,dim
0,4.633035155017088,3.406419886128462,10,0.01,0.3,0.5,0.001,3
