,L2,L2_true,N,std,jump,jump_prob,ve,dim
0,3.0380306368939456,0.16608312383345603,1178,0.01,0.3,0.5,0.0025,1
