,L2,L2_true,N,std,jump,jump_prob,ve,dim
0,1.5614992222946855,1.562175349915959,71,0.2,0.3,0.5,0.001,1
