,L2,L2_true,N,std,jump,jump_prob,ve,dim
0,10.532029038884241,10.016098866417172,193,0.01,0.3,0.5,0.0025,3
