,L2,L2_true,N,std,jump,jump_prob,ve,dim
0,0.4363465296365894,0.3798469319054823,719,0.05,0.3,0.5,0.001,1
