,L2,L2_true,N,std,jump,jump_prob,ve,dim
0,3.047481939070018,0.18346302622206545,610,0.01,0.3,0.5,0.0025,1
