,L2,L2_true,N,std,jump,jump_prob,ve,dim
0,3.365972689121221,1.4422024076987157,1930,0.01,0.3,0.5,0.0025,2
