,L2,L2_true,N,std,jump,jump_prob,ve,dim
0,3.3537687613018816,1.4265770596117777,1930,0.01,0.3,0.5,0.0025,2
