,L2,L2_true,N,std,jump,jump_prob,ve,dim
0,5.477105800688535,4.48420684856394,19,0.01,0.3,0.5,0.001,3
