,L2,L2_true,N,std,jump,jump_prob,ve,dim
0,5.5380709812882065,4.301056476404292,51,0.01,0.3,0.5,0.01,3
