,L2,L2_true,N,std,jump,jump_prob,ve,dim
0,23.567739176430354,23.37525746737207,1389,0.01,0.3,0.5,0.001,3
