,L2,L2_true,N,std,jump,jump_prob,ve,dim
0,6.291476958029887,5.412340800972768,117,0.01,0.3,0.5,0.0025,2
