,L2,L2_true,N,std,jump,jump_prob,ve,dim
0,8.300568760638154,7.683983702290381,61,0.01,0.3,0.5,0.001,3
