,L2,L2_true,N,std,jump,jump_prob,ve,dim
0,3.5161562132121653,0.8464292028257664,37,0.01,0.3,0.5,0.01,1
