,L2,L2_true,N,std,jump,jump_prob,ve,dim
0,3.763606951844884,1.6694003501020291,2,0.01,0.3,0.5,0.0025,2
