,L2,L2_true,N,std,jump,jump_prob,ve,dim
0,4.410604896775931,2.8637967564066193,11,0.01,0.3,0.5,0.0025,2
