,L2,L2_true,N,std,jump,jump_prob,ve,dim
0,3.616137288205608,1.801742102622181,1,0.01,0.3,0.5,0.001,1
