,L2,L2_true,N,std,jump,jump_prob,ve,dim
0,19.84313101607375,19.622836139496535,719,0.01,0.3,0.5,0.001,3
