,L2,L2_true,N,std,jump,jump_prob,ve,dim
0,3.4102343653681872,0.11725526751262812,610,0.01,0.3,0.5,0.01,1
