,L2,L2_true,N,std,jump,jump_prob,ve,dim
0,2.1211291015378997,2.0696744709730317,19,0.05,0.3,0.5,0.001,1
