,L2,L2_true,N,std,jump,jump_prob,ve,dim
0,3.4217745364948238,0.22210638803706073,117,0.01,0.3,0.5,0.01,1
