,L2,L2_true,N,std,jump,jump_prob,ve,dim
0,14.709651168276393,14.385542359253792,268,0.01,0.3,0.5,0.001,3
