,L2,L2_true,N,std,jump,jump_prob,ve,dim
0,2.9270379285380326,1.390834051984517,71,0.01,0.3,0.5,0.001,1
