,L2,L2_true,N,std,jump,jump_prob,ve,dim
0,12.54480518352657,12.145871592389094,1178,0.01,0.3,0.5,0.0025,3
