,L2,L2_true,N,std,jump,jump_prob,ve,dim
0,4.6546073255993825,3.5228724728864105,372,0.01,0.3,0.5,0.0025,2
