,L2,L2_true,N,std,jump,jump_prob,ve,dim
0,4.93789690881945,3.462639897859031,22,0.01,0.3,0.5,0.01,3
