,L2,L2_true,N,std,jump,jump_prob,ve,dim
0,11.887642773344773,11.475571060121576,163,0.01,0.3,0.5,0.001,3
