,L2,L2_true,N,std,jump,jump_prob,ve,dim
0,3.0093554984139232,2.9926946656712357,22,0.05,0.3,0.5,0.001,1
