,L2,L2_true,N,std,jump,jump_prob,ve,dim
0,2.931786416689463,2.93218574510485,10,0.2,0.3,0.5,0.001,1
