,L2,L2_true,N,std,jump,jump_prob,ve,dim
0,1.2350445853966872,1.2294044755332296,2,0.2,0.3,0.5,0.001,1
