,L2,L2_true,N,std,jump,jump_prob,ve,dim
0,4.994148897875141,3.533460864755504,26,0.01,0.3,0.5,0.01,3
