,L2,L2_true,N,std,jump,jump_prob,ve,dim
0,3.046773613044836,0.23021607925423024,439,0.01,0.3,0.5,0.0025,1
