,L2,L2_true,N,std,jump,jump_prob,ve,dim
0,6.143395876163213,5.29445826639237,37,0.01,0.3,0.5,0.001,2
