,L2,L2_true,N,std,jump,jump_prob,ve,dim
0,3.7641671673887083,2.5336574872450184,26,0.01,0.3,0.5,0.001,1
