,L2,L2_true,N,std,jump,jump_prob,ve,dim
0,17.052956961597776,16.783888090930752,439,0.01,0.3,0.5,0.001,3
