,L2,L2_true,N,std,jump,jump_prob,ve,dim
0,0.31123543640274753,0.20449505372226295,2682,0.05,0.3,0.5,0.001,1
