,L2,L2_true,N,std,jump,jump_prob,ve,dim
0,3.8160187173535993,1.4282474668857432,3,0.01,0.3,0.5,0.01,3
