,L2,L2_true,N,std,jump,jump_prob,ve,dim
0,3.3460977065864834,1.410779657616903,2000,0.01,0.3,0.5,0.0025,2
