,L2,L2_true,N,std,jump,jump_prob,ve,dim
0,3.4331917297161056,0.40630119825723815,1178,0.01,0.3,0.5,0.01,2
