,L2,L2_true,N,std,jump,jump_prob,ve,dim
0,0.3510809056868226,0.2513889364583321,1637,0.05,0.3,0.5,0.001,1
