,L2,L2_true,N,std,jump,jump_prob,ve,dim
0,3.060648215530863,0.4597442092709023,163,0.01,0.3,0.5,0.0025,1
