,L2,L2_true,N,std,jump,jump_prob,ve,dim
0,2.4380191594868106,2.4582171811534836,26,0.05,0.3,0.5,0.001,1
