,L2,L2_true,N,std,jump,jump_prob,ve,dim
0,5.6437233396515785,4.726946813230456,193,0.01,0.3,0.5,0.0025,2
