,L2,L2_true,N,std,jump,jump_prob,ve,dim
0,0.6179440034094921,0.5726972359469317,316,0.05,0.3,0.5,0.001,1
