,L2,L2_true,N,std,jump,jump_prob,ve,dim
0,2.5402211308651115,2.509755664771383,19,0.05,0.3,0.5,0.001,1
