,L2,L2_true,N,std,jump,jump_prob,ve,dim
0,9.210608511167063,8.672430606602443,84,0.01,0.3,0.5,0.001,3
