,L2,L2_true,N,std,jump,jump_prob,ve,dim
0,21.716399755041735,21.51113446723314,1000,0.01,0.3,0.5,0.001,3
