,L2,L2_true,N,std,jump,jump_prob,ve,dim
0,3.566046829102062,2.4205620833045876,43,0.01,0.3,0.5,0.001,1
