,L2,L2_true,N,std,jump,jump_prob,ve,dim
0,10.663791765857804,10.140676577153805,193,0.01,0.3,0.5,0.0025,3
