,L2,L2_true,N,std,jump,jump_prob,ve,dim
0,7.960359427770732,7.219430670450967,71,0.01,0.3,0.5,0.0025,3
