,L2,L2_true,N,std,jump,jump_prob,ve,dim
0,3.116812254851602,0.6724715579772853,84,0.01,0.3,0.5,0.0025,1
