,L2,L2_true,N,std,jump,jump_prob,ve,dim
0,1.4190528601154075,1.2587058073812214,2,0.05,0.3,0.5,0.001,1
