,L2,L2_true,N,std,jump,jump_prob,ve,dim
0,4.481343678598193,2.767654969012474,13,0.01,0.3,0.5,0.01,3
