,L2,L2_true,N,std,jump,jump_prob,ve,dim
0,4.44662294430193,2.830014539961584,517,0.01,0.3,0.5,0.01,3
