,L2,L2_true,N,std,jump,jump_prob,ve,dim
0,2.2528390319210416,2.170598700768106,6,0.05,0.3,0.5,0.001,1
