,L2,L2_true,N,std,jump,jump_prob,ve,dim
0,1.8910545991471848,1.7719105038201768,2,0.05,0.3,0.5,0.001,1
