,L2,L2_true,N,std,jump,jump_prob,ve,dim
0,3.5671846463231427,1.8837015910553574,1178,0.01,0.3,0.5,0.0025,2
