,L2,L2_true,N,std,jump,jump_prob,ve,dim
0,6.893640584308031,6.172619332502068,51,0.01,0.3,0.5,0.001,2
