,L2,L2_true,N,std,jump,jump_prob,ve,dim
0,4.099888762466784,2.6355412084172327,5,0.01,0.3,0.5,0.001,3
