,L2,L2_true,N,std,jump,jump_prob,ve,dim
0,22.609533298424157,22.410641245484317,1178,0.01,0.3,0.5,0.001,3
