,L2,L2_true,N,std,jump,jump_prob,ve,dim
0,2.7145203079840967,0.7087244401726794,163,0.01,0.3,0.5,0.001,1
