,L2,L2_true,N,std,jump,jump_prob,ve,dim
0,4.730066799819845,3.531591250393474,11,0.01,0.3,0.5,0.001,3
