,L2,L2_true,N,std,jump,jump_prob,ve,dim
0,2.523758969747204,2.5249923239741037,10,0.2,0.3,0.5,0.001,1
