,L2,L2_true,N,std,jump,jump_prob,ve,dim
0,2.1145290888356523,2.115426158050311,61,0.2,0.3,0.5,0.001,1
