,L2,L2_true,N,std,jump,jump_prob,ve,dim
0,3.110219307403013,3.110207928864372,22,0.2,0.3,0.5,0.001,1
