,L2,L2_true,N,std,jump,jump_prob,ve,dim
0,3.9450468172720683,2.9516770736278968,3000,0.01,0.3,0.5,0.001,2
