,L2,L2_true,N,std,jump,jump_prob,ve,dim
0,4.033791059781777,2.073241784530745,51,0.01,0.3,0.5,0.01,2
