,L2,L2_true,N,std,jump,jump_prob,ve,dim
0,4.02614875750621,1.9113321928130955,8,0.01,0.3,0.5,0.01,2
