,L2,L2_true,N,std,jump,jump_prob,ve,dim
0,3.0638049532710414,0.4251213845031691,193,0.01,0.3,0.5,0.0025,1
