,L2,L2_true,N,std,jump,jump_prob,ve,dim
0,4.697969024818246,3.4956636009602247,11,0.01,0.3,0.5,0.001,3
