,L2,L2_true,N,std,jump,jump_prob,ve,dim
0,3.62880554506545,2.282778518509663,37,0.01,0.3,0.5,0.001,1
