,L2,L2_true,N,std,jump,jump_prob,ve,dim
0,4.392084522886092,3.1494783712264725,439,0.01,0.3,0.5,0.0025,2
