,L2,L2_true,N,std,jump,jump_prob,ve,dim
0,0.4877648972869884,0.4044887826393262,610,0.05,0.3,0.5,0.001,1
