,L2,L2_true,N,std,jump,jump_prob,ve,dim
0,3.421670303728339,0.08698695140775686,439,0.01,0.3,0.5,0.01,1
