,L2,L2_true,N,std,jump,jump_prob,ve,dim
0,1.1234468508113402,1.0807743800632392,163,0.05,0.3,0.5,0.001,1
