,L2,L2_true,N,std,jump,jump_prob,ve,dim
0,3.423349008533544,0.15000569113696297,316,0.01,0.3,0.5,0.01,1
