,L2,L2_true,N,std,jump,jump_prob,ve,dim
0,3.774271491579558,1.37713753674358,4,0.01,0.3,0.5,0.01,2
