,L2,L2_true,N,std,jump,jump_prob,ve,dim
0,2.6175299377693197,0.15932703470022505,2682,0.01,0.3,0.5,0.001,1
