,L2,L2_true,N,std,jump,jump_prob,ve,dim
0,2.8296362264193906,2.8297327067045037,16,0.2,0.3,0.5,0.001,1
