,L2,L2_true,N,std,jump,jump_prob,ve,dim
0,3.9787418163565422,2.035086267480728,1000,0.01,0.3,0.5,0.01,3
