,L2,L2_true,N,std,jump,jump_prob,ve,dim
0,12.531056525237009,12.115262841891402,439,0.01,0.3,0.5,0.0025,3
