,L2,L2_true,N,std,jump,jump_prob,ve,dim
0,5.493974771539194,4.519188116512653,22,0.01,0.3,0.5,0.001,2
