,L2,L2_true,N,std,jump,jump_prob,ve,dim
0,1.4424287635821722,1.2928777986234468,2,0.05,0.3,0.5,0.001,1
