,L2,L2_true,N,std,jump,jump_prob,ve,dim
0,20.398105783190466,20.17060080163703,719,0.01,0.3,0.5,0.001,3
