,L2,L2_true,N,std,jump,jump_prob,ve,dim
0,5.886280081993493,4.9197365154203565,100,0.01,0.3,0.5,0.0025,2
