,L2,L2_true,N,std,jump,jump_prob,ve,dim
0,2.0643982190351076,2.0611330239768435,6,0.2,0.3,0.5,0.001,1
