,L2,L2_true,N,std,jump,jump_prob,ve,dim
0,3.6403790719004134,1.3824754927826377,2,0.01,0.3,0.5,0.0025,1
