,L2,L2_true,N,std,jump,jump_prob,ve,dim
0,4.375099193420485,2.588698912606186,11,0.01,0.3,0.5,0.01,3
