,L2,L2_true,N,std,jump,jump_prob,ve,dim
0,0.9079362953310636,0.9079593297207103,2,0.2,0.3,0.5,0.001,1
