,L2,L2_true,N,std,jump,jump_prob,ve,dim
0,1.718178357296113,1.7163959379220888,4,0.2,0.3,0.5,0.001,1
