,L2,L2_true,N,std,jump,jump_prob,ve,dim
0,4.065751877240056,2.5827578629510977,5,0.01,0.3,0.5,0.001,3
