,L2,L2_true,N,std,jump,jump_prob,ve,dim
0,2.691172542681801,2.692133430291002,11,0.2,0.3,0.5,0.001,1
