,L2,L2_true,N,std,jump,jump_prob,ve,dim
0,2.8906816604133363,2.8902046646287043,19,0.2,0.3,0.5,0.001,1
