,L2,L2_true,N,std,jump,jump_prob,ve,dim
0,5.381210863497635,4.124109780582325,193,0.01,0.3,0.5,0.01,3
