,L2,L2_true,N,std,jump,jump_prob,ve,dim
0,4.446871937423546,2.8378597630549733,517,0.01,0.3,0.5,0.01,3
