,L2,L2_true,N,std,jump,jump_prob,ve,dim
0,4.757988166613892,3.3760675928041444,13,0.01,0.3,0.5,0.0025,3
