,L2,L2_true,N,std,jump,jump_prob,ve,dim
0,2.586570607796864,2.5857537670786095,11,0.2,0.3,0.5,0.001,1
