,L2,L2_true,N,std,jump,jump_prob,ve,dim
0,1.5178142315872722,1.3673179224149514,2,0.05,0.3,0.5,0.001,1
