,L2,L2_true,N,std,jump,jump_prob,ve,dim
0,0.49368160056391097,0.4571768488496971,517,0.05,0.3,0.5,0.001,1
