,L2,L2_true,N,std,jump,jump_prob,ve,dim
0,5.347245032630451,4.33878313109325,193,0.01,0.3,0.5,0.0025,2
