,L2,L2_true,N,std,jump,jump_prob,ve,dim
0,1.3110388893487426,1.3104371524368708,117,0.2,0.3,0.5,0.001,1
