,L2,L2_true,N,std,jump,jump_prob,ve,dim
0,3.2412449174204543,1.1371093861993193,3000,0.01,0.3,0.5,0.0025,2
