,L2,L2_true,N,std,jump,jump_prob,ve,dim
0,5.023560130837099,3.7548511803454234,19,0.01,0.3,0.5,0.0025,2
