,L2,L2_true,N,std,jump,jump_prob,ve,dim
0,3.488531877935175,1.7208706723385703,1389,0.01,0.3,0.5,0.0025,2
