,L2,L2_true,N,std,jump,jump_prob,ve,dim
0,3.9852133069907705,2.4657629651393043,8,0.01,0.3,0.5,0.001,1
