,L2,L2_true,N,std,jump,jump_prob,ve,dim
0,8.243405729945055,7.694331290671561,138,0.01,0.3,0.5,0.001,2
