,L2,L2_true,N,std,jump,jump_prob,ve,dim
0,1.8057058270177768,1.8039150811593583,7,0.2,0.3,0.5,0.001,1
