,L2,L2_true,N,std,jump,jump_prob,ve,dim
0,4.516310001119262,3.2418172696941348,10,0.01,0.3,0.5,0.001,2
