,L2,L2_true,N,std,jump,jump_prob,ve,dim
0,10.243920103317512,9.696281518853787,163,0.01,0.3,0.5,0.0025,3
