,L2,L2_true,N,std,jump,jump_prob,ve,dim
0,0.375482255132024,0.24784750435484681,1930,0.05,0.3,0.5,0.001,1
