,L2,L2_true,N,std,jump,jump_prob,ve,dim
0,3.410384803937311,1.5623704208303828,1637,0.01,0.3,0.5,0.0025,2
