,L2,L2_true,N,std,jump,jump_prob,ve,dim
0,5.237123253674315,3.9384309830313686,193,0.01,0.3,0.5,0.01,3
