,L2,L2_true,N,std,jump,jump_prob,ve,dim
0,3.4073903235891465,0.14333057959942805,193,0.01,0.3,0.5,0.01,1
