,L2,L2_true,N,std,jump,jump_prob,ve,dim
0,4.126191188008663,2.748140090348518,13,0.01,0.3,0.5,0.001,1
