,L2,L2_true,N,std,jump,jump_prob,ve,dim
0,4.6077508943637575,3.4242189266319274,372,0.01,0.3,0.5,0.0025,2
