,L2,L2_true,N,std,jump,jump_prob,ve,dim
0,2.6602694371105517,0.5253916027377952,372,0.01,0.3,0.5,0.001,1
