,L2,L2_true,N,std,jump,jump_prob,ve,dim
0,3.242295378890286,1.039336639457467,37,0.01,0.3,0.5,0.0025,1
