,L2,L2_true,N,std,jump,jump_prob,ve,dim
0,1.0547634580423906,1.054347310602901,163,0.2,0.3,0.5,0.001,1
