,L2,L2_true,N,std,jump,jump_prob,ve,dim
0,4.157575256120484,2.2380697660036555,19,0.01,0.3,0.5,0.01,2
