,L2,L2_true,N,std,jump,jump_prob,ve,dim
0,1.6704005403291686,1.6691629755726238,4,0.2,0.3,0.5,0.001,1
