,L2,L2_true,N,std,jump,jump_prob,ve,dim
0,5.9237016457213425,4.968802020125709,71,0.01,0.3,0.5,0.0025,2
