,L2,L2_true,N,std,jump,jump_prob,ve,dim
0,12.468389563158928,12.072094322413188,1178,0.01,0.3,0.5,0.0025,3
