,L2,L2_true,N,std,jump,jump_prob,ve,dim
0,8.36517698246383,7.813210674526835,117,0.01,0.3,0.5,0.001,2
