,L2,L2_true,N,std,jump,jump_prob,ve,dim
0,2.258136262076561,2.258745138037123,10,0.2,0.3,0.5,0.001,1
