,L2,L2_true,N,std,jump,jump_prob,ve,dim
0,4.036038232963426,2.543625521415306,5,0.01,0.3,0.5,0.001,2
