,L2,L2_true,N,std,jump,jump_prob,ve,dim
0,4.154578493738213,2.4184335303543216,6,0.01,0.3,0.5,0.0025,2
