,L2,L2_true,N,std,jump,jump_prob,ve,dim
0,3.6263248865288977,0.7448784671994101,1,0.01,0.3,0.5,0.01,1
