,L2,L2_true,N,std,jump,jump_prob,ve,dim
0,4.680935549580315,3.4864625746104405,11,0.01,0.3,0.5,0.001,2
