,L2,L2_true,N,std,jump,jump_prob,ve,dim
0,1.2326815968520324,1.2082786203291196,100,0.05,0.3,0.5,0.001,1
