,L2,L2_true,N,std,jump,jump_prob,ve,dim
0,3.8218148145682505,1.7099930778782126,1389,0.01,0.3,0.5,0.01,3
