,L2,L2_true,N,std,jump,jump_prob,ve,dim
0,1.347897048876878,1.1769557537014903,1,0.05,0.3,0.5,0.001,1
