,L2,L2_true,N,std,jump,jump_prob,ve,dim
0,12.271789207575154,11.839952749161874,372,0.01,0.3,0.5,0.0025,3
