,L2,L2_true,N,std,jump,jump_prob,ve,dim
0,2.618808989950175,2.619472822936968,19,0.2,0.3,0.5,0.001,1
