,L2,L2_true,N,std,jump,jump_prob,ve,dim
0,0.4300999545106267,0.3521896261305735,719,0.05,0.3,0.5,0.001,1
