,L2,L2_true,N,std,jump,jump_prob,ve,dim
0,5.12768344313384,3.789844401374378,193,0.01,0.3,0.5,0.01,3
