,L2,L2_true,N,std,jump,jump_prob,ve,dim
0,0.29195088693443466,0.18348194400007106,3162,0.05,0.3,0.5,0.001,1
