,L2,L2_true,N,std,jump,jump_prob,ve,dim
0,5.50081336468075,4.526549495735279,26,0.01,0.3,0.5,0.001,2
