,L2,L2_true,N,std,jump,jump_prob,ve,dim
0,3.34623372316762,1.4383295169911885,1930,0.01,0.3,0.5,0.0025,2
