,L2,L2_true,N,std,jump,jump_prob,ve,dim
0,4.2783028379071855,2.6498497587747276,7,0.01,0.3,0.5,0.0025,2
