,L2,L2_true,N,std,jump,jump_prob,ve,dim
0,3.5571369447125925,0.945408081517492,268,0.01,0.3,0.5,0.01,2
