,L2,L2_true,N,std,jump,jump_prob,ve,dim
0,3.936808488819993,2.4028613305372715,6,0.01,0.3,0.5,0.001,1
