,L2,L2_true,N,std,jump,jump_prob,ve,dim
0,2.625705218373889,0.21874089145978226,1389,0.01,0.3,0.5,0.001,1
