,L2,L2_true,N,std,jump,jump_prob,ve,dim
0,3.530144047934362,2.151971229789391,37,0.01,0.3,0.5,0.001,1
