,L2,L2_true,N,std,jump,jump_prob,ve,dim
0,3.4160398549269666,0.0469074555649376,2682,0.01,0.3,0.5,0.01,1
