,L2,L2_true,N,std,jump,jump_prob,ve,dim
0,3.7073615318467734,1.4286275765440835,1930,0.01,0.3,0.5,0.01,3
