,L2,L2_true,N,std,jump,jump_prob,ve,dim
0,3.428520239592137,0.3102144925172709,51,0.01,0.3,0.5,0.01,1
