,L2,L2_true,N,std,jump,jump_prob,ve,dim
0,2.626868053769726,0.36297371741569107,517,0.01,0.3,0.5,0.001,1
