,L2,L2_true,N,std,jump,jump_prob,ve,dim
0,3.490988210613641,0.7201017153064535,439,0.01,0.3,0.5,0.01,2
