,L2,L2_true,N,std,jump,jump_prob,ve,dim
0,3.6372881650564555,2.376857226619259,22,0.01,0.3,0.5,0.001,1
