,L2,L2_true,N,std,jump,jump_prob,ve,dim
0,1.9745781998630112,1.873385493727282,4,0.05,0.3,0.5,0.001,1
