,L2,L2_true,N,std,jump,jump_prob,ve,dim
0,1.3565166892951797,1.3570056012357188,100,0.2,0.3,0.5,0.001,1
