,L2,L2_true,N,std,jump,jump_prob,ve,dim
0,3.2393826340526317,1.1654554249754734,61,0.01,0.3,0.5,0.0025,1
