,L2,L2_true,N,std,jump,jump_prob,ve,dim
0,3.032282179294128,0.07796610123675987,2682,0.01,0.3,0.5,0.0025,1
