,L2,L2_true,N,std,jump,jump_prob,ve,dim
0,7.082456885346281,6.3551798320644854,43,0.01,0.3,0.5,0.001,3
