,L2,L2_true,N,std,jump,jump_prob,ve,dim
0,4.040596853328169,2.565923122407474,5,0.01,0.3,0.5,0.001,2
