,L2,L2_true,N,std,jump,jump_prob,ve,dim
0,0.6310138966808228,0.6301941718051528,372,0.2,0.3,0.5,0.001,1
