,L2,L2_true,N,std,jump,jump_prob,ve,dim
0,2.6210307935235195,0.2875843055467968,848,0.01,0.3,0.5,0.001,1
