,L2,L2_true,N,std,jump,jump_prob,ve,dim
0,2.3442506826070817,2.3251518246915794,22,0.05,0.3,0.5,0.001,1
