,L2,L2_true,N,std,jump,jump_prob,ve,dim
0,12.697672319514604,12.294292514373126,610,0.01,0.3,0.5,0.0025,3
