,L2,L2_true,N,std,jump,jump_prob,ve,dim
0,1.5139324787778723,1.5131089745016535,71,0.2,0.3,0.5,0.001,1
