,L2,L2_true,N,std,jump,jump_prob,ve,dim
0,0.3714619064930273,0.3726477161507991,848,0.2,0.3,0.5,0.001,1
