,L2,L2_true,N,std,jump,jump_prob,ve,dim
0,4.172010194299628,2.817766596319331,8,0.01,0.3,0.5,0.001,1
