,L2,L2_true,N,std,jump,jump_prob,ve,dim
0,4.181942021778072,2.2395277111961107,8,0.01,0.3,0.5,0.01,3
