,L2,L2_true,N,std,jump,jump_prob,ve,dim
0,4.929290730181025,3.794035168729621,13,0.01,0.3,0.5,0.001,3
