,L2,L2_true,N,std,jump,jump_prob,ve,dim
0,6.0813715445884435,5.075909117886427,31,0.01,0.3,0.5,0.0025,3
