,L2,L2_true,N,std,jump,jump_prob,ve,dim
0,5.18487771442272,3.8241402855646127,31,0.01,0.3,0.5,0.01,3
