,L2,L2_true,N,std,jump,jump_prob,ve,dim
0,4.571086191520889,3.327661719222102,11,0.01,0.3,0.5,0.001,2
