,L2,L2_true,N,std,jump,jump_prob,ve,dim
0,4.145458563599415,2.436199587648482,6,0.01,0.3,0.5,0.0025,2
