,L2,L2_true,N,std,jump,jump_prob,ve,dim
0,3.0328609546283514,0.09578749965706457,2275,0.01,0.3,0.5,0.0025,1
