,L2,L2_true,N,std,jump,jump_prob,ve,dim
0,3.627705343168066,0.9325944423328659,3,0.01,0.3,0.5,0.01,1
