,L2,L2_true,N,std,jump,jump_prob,ve,dim
0,3.0509395291057655,0.3767827352906863,193,0.01,0.3,0.5,0.0025,1
