,L2,L2_true,N,std,jump,jump_prob,ve,dim
0,3.579232484562825,1.0360819321553583,227,0.01,0.3,0.5,0.01,2
