,L2,L2_true,N,std,jump,jump_prob,ve,dim
0,3.769627910022335,1.572985781283317,1637,0.01,0.3,0.5,0.01,3
