,L2,L2_true,N,std,jump,jump_prob,ve,dim
0,4.159704459105175,2.4457607446134944,6,0.01,0.3,0.5,0.0025,3
