,L2,L2_true,N,std,jump,jump_prob,ve,dim
0,7.642643562235105,7.148342276416425,517,0.01,0.3,0.5,0.001,2
