,L2,L2_true,N,std,jump,jump_prob,ve,dim
0,2.415403475690158,2.3467324811315864,6,0.05,0.3,0.5,0.001,1
