,L2,L2_true,N,std,jump,jump_prob,ve,dim
0,1.122470983479697,1.1226282845034878,117,0.2,0.3,0.5,0.001,1
