,L2,L2_true,N,std,jump,jump_prob,ve,dim
0,3.88764049742611,1.6192613872161294,4,0.01,0.3,0.5,0.01,2
