,L2,L2_true,N,std,jump,jump_prob,ve,dim
0,8.415898188284167,7.893660550284042,193,0.01,0.3,0.5,0.001,2
