,L2,L2_true,N,std,jump,jump_prob,ve,dim
0,4.192840712513652,2.3666853842819267,31,0.01,0.3,0.5,0.01,2
