,L2,L2_true,N,std,jump,jump_prob,ve,dim
0,4.318769865450725,2.609006114615479,610,0.01,0.3,0.5,0.01,3
