,L2,L2_true,N,std,jump,jump_prob,ve,dim
0,3.465700179178475,2.0180157188684205,26,0.01,0.3,0.5,0.001,1
