,L2,L2_true,N,std,jump,jump_prob,ve,dim
0,3.7109633337911725,1.4492449648424055,1930,0.01,0.3,0.5,0.01,3
