,L2,L2_true,N,std,jump,jump_prob,ve,dim
0,4.155171882738165,2.2173410244643206,22,0.01,0.3,0.5,0.01,2
