,L2,L2_true,N,std,jump,jump_prob,ve,dim
0,8.258649244513162,7.707276929866649,138,0.01,0.3,0.5,0.001,2
