,L2,L2_true,N,std,jump,jump_prob,ve,dim
0,3.8189207351542978,1.4347455294011846,3,0.01,0.3,0.5,0.01,2
