,L2,L2_true,N,std,jump,jump_prob,ve,dim
0,2.6715621869731825,2.671984200210848,11,0.2,0.3,0.5,0.001,1
