,L2,L2_true,N,std,jump,jump_prob,ve,dim
0,3.639920273861611,0.7997573648965371,2,0.01,0.3,0.5,0.01,1
