,L2,L2_true,N,std,jump,jump_prob,ve,dim
0,4.1307427236725,2.151535486331351,10,0.01,0.3,0.5,0.01,2
