,L2,L2_true,N,std,jump,jump_prob,ve,dim
0,5.5603561450798695,4.880635772515164,1178,0.01,0.3,0.5,0.001,2
