,L2,L2_true,N,std,jump,jump_prob,ve,dim
0,1.3871440472359045,1.3864035249939322,3,0.2,0.3,0.5,0.001,1
