,L2,L2_true,N,std,jump,jump_prob,ve,dim
0,3.6992659107022194,1.2199612917337967,4,0.01,0.3,0.5,0.01,1
