,L2,L2_true,N,std,jump,jump_prob,ve,dim
0,3.6308301627096173,1.8058977115440158,1,0.01,0.3,0.5,0.001,1
