,L2,L2_true,N,std,jump,jump_prob,ve,dim
0,4.072394206734041,2.297020495997576,5,0.01,0.3,0.5,0.0025,3
