,L2,L2_true,N,std,jump,jump_prob,ve,dim
0,3.4555546428229866,2.049210896460996,26,0.01,0.3,0.5,0.001,1
