,L2,L2_true,N,std,jump,jump_prob,ve,dim
0,19.08736969988565,18.84932038926727,610,0.01,0.3,0.5,0.001,3
