,L2,L2_true,N,std,jump,jump_prob,ve,dim
0,8.299740984290976,7.697518687702992,61,0.01,0.3,0.5,0.001,3
