,L2,L2_true,N,std,jump,jump_prob,ve,dim
0,4.334486227091846,3.447661387351751,2275,0.01,0.3,0.5,0.001,2
