,L2,L2_true,N,std,jump,jump_prob,ve,dim
0,2.64616708479462,0.3797866386802164,610,0.01,0.3,0.5,0.001,1
