,L2,L2_true,N,std,jump,jump_prob,ve,dim
0,0.46644146674131276,0.4135267188503816,719,0.05,0.3,0.5,0.001,1
