,L2,L2_true,N,std,jump,jump_prob,ve,dim
0,6.287181584225107,5.452922027516335,31,0.01,0.3,0.5,0.001,3
