,L2,L2_true,N,std,jump,jump_prob,ve,dim
0,3.564618254123671,1.8620816167541303,1178,0.01,0.3,0.5,0.0025,2
