,L2,L2_true,N,std,jump,jump_prob,ve,dim
0,3.4093890593283303,0.1213851830480269,848,0.01,0.3,0.5,0.01,1
