,L2,L2_true,N,std,jump,jump_prob,ve,dim
0,8.501741043738908,7.9716720085435355,163,0.01,0.3,0.5,0.001,2
