,L2,L2_true,N,std,jump,jump_prob,ve,dim
0,4.13378261994839,2.353434021118695,719,0.01,0.3,0.5,0.01,3
