,L2,L2_true,N,std,jump,jump_prob,ve,dim
0,16.120622572898288,15.829438352789879,372,0.01,0.3,0.5,0.001,3
