,L2,L2_true,N,std,jump,jump_prob,ve,dim
0,0.6797025798764228,0.6799722833109934,316,0.2,0.3,0.5,0.001,1
