,L2,L2_true,N,std,jump,jump_prob,ve,dim
0,9.672303017931817,9.091733348069955,138,0.01,0.3,0.5,0.0025,3
