,L2,L2_true,N,std,jump,jump_prob,ve,dim
0,3.0367070307818325,0.14142640900303463,2275,0.01,0.3,0.5,0.0025,1
