,L2,L2_true,N,std,jump,jump_prob,ve,dim
0,3.2507244205125776,1.9391704892421378,71,0.01,0.3,0.5,0.001,1
