,L2,L2_true,N,std,jump,jump_prob,ve,dim
0,2.4845790100858522,2.4002341777641805,7,0.05,0.3,0.5,0.001,1
