,L2,L2_true,N,std,jump,jump_prob,ve,dim
0,4.209444895305184,2.3767036285084866,31,0.01,0.3,0.5,0.01,2
