,L2,L2_true,N,std,jump,jump_prob,ve,dim
0,3.445500015772206,0.4224645355357099,37,0.01,0.3,0.5,0.01,1
