,L2,L2_true,N,std,jump,jump_prob,ve,dim
0,4.074562466191517,2.5934119682348618,6,0.01,0.3,0.5,0.001,2
