,L2,L2_true,N,std,jump,jump_prob,ve,dim
0,4.213799328387506,2.545470691960925,7,0.01,0.3,0.5,0.0025,2
