,L2,L2_true,N,std,jump,jump_prob,ve,dim
0,6.047842724971787,5.407071041025961,1000,0.01,0.3,0.5,0.001,2
