,L2,L2_true,N,std,jump,jump_prob,ve,dim
0,3.41736973944203,0.31100493985503885,2275,0.01,0.3,0.5,0.01,2
