,L2,L2_true,N,std,jump,jump_prob,ve,dim
0,11.04642196158326,10.600237150934664,1930,0.01,0.3,0.5,0.0025,3
