,L2,L2_true,N,std,jump,jump_prob,ve,dim
0,3.8103175368783804,1.9059962041260967,4,0.01,0.3,0.5,0.0025,1
