,L2,L2_true,N,std,jump,jump_prob,ve,dim
0,6.150069084419486,5.303724613964859,31,0.01,0.3,0.5,0.001,2
