,L2,L2_true,N,std,jump,jump_prob,ve,dim
0,3.5529441249570284,1.0206302093427282,227,0.01,0.3,0.5,0.01,2
