,L2,L2_true,N,std,jump,jump_prob,ve,dim
0,3.5630470878524934,1.86346128896562,1178,0.01,0.3,0.5,0.0025,2
