,L2,L2_true,N,std,jump,jump_prob,ve,dim
0,2.7372897580869733,0.8557272152927777,138,0.01,0.3,0.5,0.001,1
