,L2,L2_true,N,std,jump,jump_prob,ve,dim
0,13.601143745941993,13.24497368288804,227,0.01,0.3,0.5,0.001,3
