,L2,L2_true,N,std,jump,jump_prob,ve,dim
0,1.0106973935634742,1.010217203905536,193,0.2,0.3,0.5,0.001,1
