,L2,L2_true,N,std,jump,jump_prob,ve,dim
0,4.156227706155358,2.738590473606101,6,0.01,0.3,0.5,0.001,2
