,L2,L2_true,N,std,jump,jump_prob,ve,dim
0,5.55024313454398,4.571075715193333,138,0.01,0.3,0.5,0.0025,2
