,L2,L2_true,N,std,jump,jump_prob,ve,dim
0,11.267112952339236,10.77317527536758,268,0.01,0.3,0.5,0.0025,3
