,L2,L2_true,N,std,jump,jump_prob,ve,dim
0,0.4136982913554175,0.3394504076669816,1389,0.05,0.3,0.5,0.001,1
