,L2,L2_true,N,std,jump,jump_prob,ve,dim
0,4.53454400226996,3.2621762701848236,10,0.01,0.3,0.5,0.001,2
