,L2,L2_true,N,std,jump,jump_prob,ve,dim
0,4.393659116416057,2.817450389407316,8,0.01,0.3,0.5,0.0025,3
