,L2,L2_true,N,std,jump,jump_prob,ve,dim
0,2.328914546547202,2.2757382313550667,11,0.05,0.3,0.5,0.001,1
