,L2,L2_true,N,std,jump,jump_prob,ve,dim
0,3.0333990280567957,0.07753540256061538,3162,0.01,0.3,0.5,0.0025,1
