,L2,L2_true,N,std,jump,jump_prob,ve,dim
0,0.4034631161418423,0.31050291075731634,1178,0.05,0.3,0.5,0.001,1
