,L2,L2_true,N,std,jump,jump_prob,ve,dim
0,7.169281567439323,6.448968711047452,43,0.01,0.3,0.5,0.001,3
