,L2,L2_true,N,std,jump,jump_prob,ve,dim
0,3.4002413392606843,0.10329054421227565,316,0.01,0.3,0.5,0.01,1
