,L2,L2_true,N,std,jump,jump_prob,ve,dim
0,4.171414332030796,2.2378613207191282,13,0.01,0.3,0.5,0.01,2
