,L2,L2_true,N,std,jump,jump_prob,ve,dim
0,4.8832631302958145,3.372354704703776,22,0.01,0.3,0.5,0.01,3
