,L2,L2_true,N,std,jump,jump_prob,ve,dim
0,2.6407482947708387,2.5755084346781714,8,0.05,0.3,0.5,0.001,1
