,L2,L2_true,N,std,jump,jump_prob,ve,dim
0,3.02706042206013,2.964461461631111,8,0.05,0.3,0.5,0.001,1
