,L2,L2_true,N,std,jump,jump_prob,ve,dim
0,1.8580562211537897,1.8495185282460225,51,0.05,0.3,0.5,0.001,1
