,L2,L2_true,N,std,jump,jump_prob,ve,dim
0,3.479432821928691,0.6910458020589084,439,0.01,0.3,0.5,0.01,2
