,L2,L2_true,N,std,jump,jump_prob,ve,dim
0,0.9491495680339959,0.9491345222786334,163,0.2,0.3,0.5,0.001,1
