,L2,L2_true,N,std,jump,jump_prob,ve,dim
0,3.7347475364210783,1.4960779959153585,117,0.01,0.3,0.5,0.01,2
