,L2,L2_true,N,std,jump,jump_prob,ve,dim
0,0.5062170803929994,0.47783174996633915,439,0.05,0.3,0.5,0.001,1
