,L2,L2_true,N,std,jump,jump_prob,ve,dim
0,3.946306247033061,1.7754049153575175,5,0.01,0.3,0.5,0.01,3
