,L2,L2_true,N,std,jump,jump_prob,ve,dim
0,3.7834874237340506,1.3576331119802696,3,0.01,0.3,0.5,0.01,3
