,L2,L2_true,N,std,jump,jump_prob,ve,dim
0,2.0391122836401507,1.9516028506158132,7,0.05,0.3,0.5,0.001,1
