,L2,L2_true,N,std,jump,jump_prob,ve,dim
0,3.813641237019629,2.19702612243531,4,0.01,0.3,0.5,0.001,1
