,L2,L2_true,N,std,jump,jump_prob,ve,dim
0,4.385787820516572,2.622326134267304,11,0.01,0.3,0.5,0.01,3
