,L2,L2_true,N,std,jump,jump_prob,ve,dim
0,3.622742567469455,2.290654308878596,31,0.01,0.3,0.5,0.001,1
