,L2,L2_true,N,std,jump,jump_prob,ve,dim
0,3.419423102314851,0.07227140878431479,848,0.01,0.3,0.5,0.01,1
