,L2,L2_true,N,std,jump,jump_prob,ve,dim
0,4.289900785009399,2.922185953366214,7,0.01,0.3,0.5,0.001,3
