,L2,L2_true,N,std,jump,jump_prob,ve,dim
0,3.4217321056793297,0.18529999592624768,163,0.01,0.3,0.5,0.01,1
