,L2,L2_true,N,std,jump,jump_prob,ve,dim
0,2.114130886606708,2.0225514163098635,6,0.05,0.3,0.5,0.001,1
