,L2,L2_true,N,std,jump,jump_prob,ve,dim
0,10.629447444521263,10.110518634607091,193,0.01,0.3,0.5,0.0025,3
