,L2,L2_true,N,std,jump,jump_prob,ve,dim
0,3.614587445287485,1.328368821103022,1,0.01,0.3,0.5,0.0025,2
