,L2,L2_true,N,std,jump,jump_prob,ve,dim
0,2.006491535744388,2.008193633318681,6,0.2,0.3,0.5,0.001,1
