,L2,L2_true,N,std,jump,jump_prob,ve,dim
0,10.50755358344545,10.03520754302705,117,0.01,0.3,0.5,0.001,3
