,L2,L2_true,N,std,jump,jump_prob,ve,dim
0,2.644845213668672,0.34896316152633405,719,0.01,0.3,0.5,0.001,1
