,L2,L2_true,N,std,jump,jump_prob,ve,dim
0,5.54072957961134,4.410175470415735,22,0.01,0.3,0.5,0.0025,3
