,L2,L2_true,N,std,jump,jump_prob,ve,dim
0,2.5676780382971818,2.5713581213419476,31,0.05,0.3,0.5,0.001,1
