,L2,L2_true,N,std,jump,jump_prob,ve,dim
0,0.540865821872652,0.4740555979830158,610,0.05,0.3,0.5,0.001,1
