,L2,L2_true,N,std,jump,jump_prob,ve,dim
0,2.611097920106318,2.55289858978478,8,0.05,0.3,0.5,0.001,1
