,L2,L2_true,N,std,jump,jump_prob,ve,dim
0,0.34445104249483705,0.2279077124771218,1930,0.05,0.3,0.5,0.001,1
