,L2,L2_true,N,std,jump,jump_prob,ve,dim
0,4.192797423107876,2.26461297667151,8,0.01,0.3,0.5,0.01,3
