,L2,L2_true,N,std,jump,jump_prob,ve,dim
0,4.345737556659108,2.5550561366634694,10,0.01,0.3,0.5,0.01,3
