,L2,L2_true,N,std,jump,jump_prob,ve,dim
0,7.749093153336619,7.1439197754830595,100,0.01,0.3,0.5,0.001,2
