,L2,L2_true,N,std,jump,jump_prob,ve,dim
0,11.664836780796822,11.242725216530959,1637,0.01,0.3,0.5,0.0025,3
