,L2,L2_true,N,std,jump,jump_prob,ve,dim
0,0.780835543699245,0.7812208318049676,227,0.2,0.3,0.5,0.001,1
