,L2,L2_true,N,std,jump,jump_prob,ve,dim
0,8.95962036729133,8.322717531680135,100,0.01,0.3,0.5,0.0025,3
