,L2,L2_true,N,std,jump,jump_prob,ve,dim
0,3.615342990465651,1.3296851186839966,1,0.01,0.3,0.5,0.0025,3
