,L2,L2_true,N,std,jump,jump_prob,ve,dim
0,5.9590037932182005,5.056889969596299,117,0.01,0.3,0.5,0.0025,2
