,L2,L2_true,N,std,jump,jump_prob,ve,dim
0,3.0421024237147813,0.24514754686912124,610,0.01,0.3,0.5,0.0025,1
