,L2,L2_true,N,std,jump,jump_prob,ve,dim
0,0.9537634731212755,0.9530366330297989,163,0.2,0.3,0.5,0.001,1
