,L2,L2_true,N,std,jump,jump_prob,ve,dim
0,3.0429614996944454,0.1814035590508441,1000,0.01,0.3,0.5,0.0025,1
