,L2,L2_true,N,std,jump,jump_prob,ve,dim
0,4.367683494314335,2.5660353008860954,11,0.01,0.3,0.5,0.01,3
