,L2,L2_true,N,std,jump,jump_prob,ve,dim
0,4.009225204445892,2.1730838330892825,5,0.01,0.3,0.5,0.0025,2
