,L2,L2_true,N,std,jump,jump_prob,ve,dim
0,24.884299828171198,24.726492795368074,2275,0.01,0.3,0.5,0.001,3
