,L2,L2_true,N,std,jump,jump_prob,ve,dim
0,2.6149316891067227,0.2230300324223428,1637,0.01,0.3,0.5,0.001,1
