,L2,L2_true,N,std,jump,jump_prob,ve,dim
0,2.631492407198802,0.34879773038657635,719,0.01,0.3,0.5,0.001,1
