,L2,L2_true,N,std,jump,jump_prob,ve,dim
0,3.5639701664402854,0.9752759129610773,268,0.01,0.3,0.5,0.01,2
