,L2,L2_true,N,std,jump,jump_prob,ve,dim
0,3.7426382200291104,1.6110727627929837,2,0.01,0.3,0.5,0.0025,2
