,L2,L2_true,N,std,jump,jump_prob,ve,dim
0,3.5508744373863683,0.9511330794054458,268,0.01,0.3,0.5,0.01,2
