,L2,L2_true,N,std,jump,jump_prob,ve,dim
0,3.7009765545091433,1.9291452086089522,13,0.01,0.3,0.5,0.0025,1
