,L2,L2_true,N,std,jump,jump_prob,ve,dim
0,12.378859027116347,11.957547009577796,517,0.01,0.3,0.5,0.0025,3
