,L2,L2_true,N,std,jump,jump_prob,ve,dim
0,4.8879969453539625,3.7531868338124488,13,0.01,0.3,0.5,0.001,3
