,L2,L2_true,N,std,jump,jump_prob,ve,dim
0,4.5285250281667775,3.027899955488861,10,0.01,0.3,0.5,0.0025,2
