,L2,L2_true,N,std,jump,jump_prob,ve,dim
0,2.1255245279603443,2.123436439664562,10,0.2,0.3,0.5,0.001,1
