,L2,L2_true,N,std,jump,jump_prob,ve,dim
0,12.260586059180676,11.861632991946795,1389,0.01,0.3,0.5,0.0025,3
