,L2,L2_true,N,std,jump,jump_prob,ve,dim
0,6.060132836178141,5.055527893370768,31,0.01,0.3,0.5,0.0025,3
