,L2,L2_true,N,std,jump,jump_prob,ve,dim
0,2.45955903919,2.405857999986633,11,0.05,0.3,0.5,0.001,1
