,L2,L2_true,N,std,jump,jump_prob,ve,dim
0,4.036370045127731,2.6381965698437924,610,0.01,0.3,0.5,0.0025,2
