,L2,L2_true,N,std,jump,jump_prob,ve,dim
0,3.9060553498050257,1.8436834827326583,100,0.01,0.3,0.5,0.01,2
