,L2,L2_true,N,std,jump,jump_prob,ve,dim
0,3.6130103328168603,1.327813768694265,1,0.01,0.3,0.5,0.0025,3
