,L2,L2_true,N,std,jump,jump_prob,ve,dim
0,3.7028375915724725,1.5466634165143334,2,0.01,0.3,0.5,0.0025,2
