,L2,L2_true,N,std,jump,jump_prob,ve,dim
0,2.6185303230051673,0.3295172897891548,517,0.01,0.3,0.5,0.001,1
