,L2,L2_true,N,std,jump,jump_prob,ve,dim
0,3.4507778351175755,0.4530759923261506,1000,0.01,0.3,0.5,0.01,2
