,L2,L2_true,N,std,jump,jump_prob,ve,dim
0,3.038540694065157,0.34939431719422775,117,0.01,0.3,0.5,0.0025,1
