,L2,L2_true,N,std,jump,jump_prob,ve,dim
0,3.7644301858098372,1.5622264799952628,1637,0.01,0.3,0.5,0.01,3
