,L2,L2_true,N,std,jump,jump_prob,ve,dim
0,12.64728821662957,12.250956697276147,848,0.01,0.3,0.5,0.0025,3
