,L2,L2_true,N,std,jump,jump_prob,ve,dim
0,5.598140291036728,4.371961100343719,71,0.01,0.3,0.5,0.01,3
