,L2,L2_true,N,std,jump,jump_prob,ve,dim
0,20.103506902970246,19.87427921077007,719,0.01,0.3,0.5,0.001,3
