,L2,L2_true,N,std,jump,jump_prob,ve,dim
0,0.25529544529227133,0.2557134926821807,1930,0.2,0.3,0.5,0.001,1
