,L2,L2_true,N,std,jump,jump_prob,ve,dim
0,7.058028947901337,6.318749309185346,43,0.01,0.3,0.5,0.001,3
