,L2,L2_true,N,std,jump,jump_prob,ve,dim
0,3.4753509100662456,0.5574027273405892,719,0.01,0.3,0.5,0.01,2
