,L2,L2_true,N,std,jump,jump_prob,ve,dim
0,4.354642924881201,2.75805814947109,8,0.01,0.3,0.5,0.0025,3
