,L2,L2_true,N,std,jump,jump_prob,ve,dim
0,4.988849530597883,3.5298746276232844,26,0.01,0.3,0.5,0.01,3
