,L2,L2_true,N,std,jump,jump_prob,ve,dim
0,2.0341850191049278,1.9596718066197476,10,0.05,0.3,0.5,0.001,1
