,L2,L2_true,N,std,jump,jump_prob,ve,dim
0,4.064819391612239,2.5829497998903017,5,0.01,0.3,0.5,0.001,2
