,L2,L2_true,N,std,jump,jump_prob,ve,dim
0,8.224139199894955,7.720110993358942,316,0.01,0.3,0.5,0.001,2
