,L2,L2_true,N,std,jump,jump_prob,ve,dim
0,3.8388349495303076,2.2052880053007526,3,0.01,0.3,0.5,0.001,3
