,L2,L2_true,N,std,jump,jump_prob,ve,dim
0,0.34781764196643433,0.24335838109224994,1930,0.05,0.3,0.5,0.001,1
