,L2,L2_true,N,std,jump,jump_prob,ve,dim
0,2.3407484324608725,2.3264823084523836,22,0.05,0.3,0.5,0.001,1
