,L2,L2_true,N,std,jump,jump_prob,ve,dim
0,2.619550399546816,0.18270629480935388,1930,0.01,0.3,0.5,0.001,1
