,L2,L2_true,N,std,jump,jump_prob,ve,dim
0,2.2738495263618597,2.2054801550761685,8,0.05,0.3,0.5,0.001,1
