,L2,L2_true,N,std,jump,jump_prob,ve,dim
0,3.647184200802208,2.026326265701271,1000,0.01,0.3,0.5,0.0025,2
