,L2,L2_true,N,std,jump,jump_prob,ve,dim
0,12.199966393184138,11.767555807805461,372,0.01,0.3,0.5,0.0025,3
