,L2,L2_true,N,std,jump,jump_prob,ve,dim
0,3.71940246021626,2.003935542536777,3,0.01,0.3,0.5,0.001,1
