,L2,L2_true,N,std,jump,jump_prob,ve,dim
0,3.03573412655186,0.1877160278006843,719,0.01,0.3,0.5,0.0025,1
