,L2,L2_true,N,std,jump,jump_prob,ve,dim
0,3.4559679883534633,0.4995213098170342,22,0.01,0.3,0.5,0.01,1
