,L2,L2_true,N,std,jump,jump_prob,ve,dim
0,3.2631046954783467,1.2518364019396404,43,0.01,0.3,0.5,0.0025,1
