,L2,L2_true,N,std,jump,jump_prob,ve,dim
0,26.212186897252142,26.060518519953867,3000,0.01,0.3,0.5,0.001,3
