,L2,L2_true,N,std,jump,jump_prob,ve,dim
0,1.3499665345583094,1.1785058380409081,1,0.05,0.3,0.5,0.001,1
