,L2,L2_true,N,std,jump,jump_prob,ve,dim
0,1.4164753652906248,1.255073404234295,2,0.05,0.3,0.5,0.001,1
