,L2,L2_true,N,std,jump,jump_prob,ve,dim
0,4.642995782015225,3.42944188097565,11,0.01,0.3,0.5,0.001,2
