,L2,L2_true,N,std,jump,jump_prob,ve,dim
0,10.547571402013919,10.035962039870586,193,0.01,0.3,0.5,0.0025,3
