,L2,L2_true,N,std,jump,jump_prob,ve,dim
0,2.8899547157952887,2.889832056017816,22,0.2,0.3,0.5,0.001,1
