,L2,L2_true,N,std,jump,jump_prob,ve,dim
0,5.834083164963298,4.768325431997301,26,0.01,0.3,0.5,0.0025,3
