,L2,L2_true,N,std,jump,jump_prob,ve,dim
0,18.292012180106976,18.03514881577188,517,0.01,0.3,0.5,0.001,3
