,L2,L2_true,N,std,jump,jump_prob,ve,dim
0,3.6166660515629965,0.7449503679982697,1,0.01,0.3,0.5,0.01,1
