,L2,L2_true,N,std,jump,jump_prob,ve,dim
0,9.033333593584985,8.472011342082046,84,0.01,0.3,0.5,0.001,3
