,L2,L2_true,N,std,jump,jump_prob,ve,dim
0,3.410544761682732,0.04261258861363263,2682,0.01,0.3,0.5,0.01,1
