,L2,L2_true,N,std,jump,jump_prob,ve,dim
0,3.4237071244901545,0.25811940112929427,3000,0.01,0.3,0.5,0.01,2
