,L2,L2_true,N,std,jump,jump_prob,ve,dim
0,3.4363292263924397,0.29265946176806706,117,0.01,0.3,0.5,0.01,1
