,L2,L2_true,N,std,jump,jump_prob,ve,dim
0,6.0639449881337875,5.432905927894,1000,0.01,0.3,0.5,0.001,2
