,L2,L2_true,N,std,jump,jump_prob,ve,dim
0,11.502953315099282,11.025164814823768,268,0.01,0.3,0.5,0.0025,3
