,L2,L2_true,N,std,jump,jump_prob,ve,dim
0,5.663915898454506,4.723846125583372,22,0.01,0.3,0.5,0.001,3
