,L2,L2_true,N,std,jump,jump_prob,ve,dim
0,2.6409757976643387,0.2665175246643076,1178,0.01,0.3,0.5,0.001,1
