,L2,L2_true,N,std,jump,jump_prob,ve,dim
0,4.063108546025081,2.1921760031272792,848,0.01,0.3,0.5,0.01,3
