,L2,L2_true,N,std,jump,jump_prob,ve,dim
0,2.473050814479502,2.4298009261727938,11,0.05,0.3,0.5,0.001,1
