,L2,L2_true,N,std,jump,jump_prob,ve,dim
0,2.629074483401036,0.23032937622521682,1178,0.01,0.3,0.5,0.001,1
