,L2,L2_true,N,std,jump,jump_prob,ve,dim
0,3.4341923209779353,0.5132971826304723,719,0.01,0.3,0.5,0.01,2
