,L2,L2_true,N,std,jump,jump_prob,ve,dim
0,2.2007784048052432,2.136782944380428,10,0.05,0.3,0.5,0.001,1
