,L2,L2_true,N,std,jump,jump_prob,ve,dim
0,3.629997199306215,0.7449623185408714,1,0.01,0.3,0.5,0.01,1
