,L2,L2_true,N,std,jump,jump_prob,ve,dim
0,4.30801689402265,2.689447925100935,7,0.01,0.3,0.5,0.0025,3
