,L2,L2_true,N,std,jump,jump_prob,ve,dim
0,2.3530063320263466,2.3530651618289498,22,0.2,0.3,0.5,0.001,1
