,L2,L2_true,N,std,jump,jump_prob,ve,dim
0,2.641491122937526,0.3904308273607444,517,0.01,0.3,0.5,0.001,1
