,L2,L2_true,N,std,jump,jump_prob,ve,dim
0,4.115215946314784,2.689303026187909,7,0.01,0.3,0.5,0.001,1
