,L2,L2_true,N,std,jump,jump_prob,ve,dim
0,5.8161305692810545,4.911304082187573,26,0.01,0.3,0.5,0.001,2
