,L2,L2_true,N,std,jump,jump_prob,ve,dim
0,5.136915113515686,4.075692721838522,227,0.01,0.3,0.5,0.0025,2
