,L2,L2_true,N,std,jump,jump_prob,ve,dim
0,4.265542688914272,2.536214484137837,610,0.01,0.3,0.5,0.01,3
