,L2,L2_true,N,std,jump,jump_prob,ve,dim
0,2.7411639055043473,2.740946181221534,19,0.2,0.3,0.5,0.001,1
