,L2,L2_true,N,std,jump,jump_prob,ve,dim
0,5.256102812333885,4.063441450982555,22,0.01,0.3,0.5,0.0025,2
