,L2,L2_true,N,std,jump,jump_prob,ve,dim
0,2.203907199103386,2.1236925912539317,6,0.05,0.3,0.5,0.001,1
