,L2,L2_true,N,std,jump,jump_prob,ve,dim
0,3.046241115452353,0.3437605702237719,316,0.01,0.3,0.5,0.0025,1
