,L2,L2_true,N,std,jump,jump_prob,ve,dim
0,3.625962379620876,0.7446371233410212,1,0.01,0.3,0.5,0.01,1
