,L2,L2_true,N,std,jump,jump_prob,ve,dim
0,3.960916664834271,1.7958608246895624,6,0.01,0.3,0.5,0.01,3
