,L2,L2_true,N,std,jump,jump_prob,ve,dim
0,3.6603225515655646,2.027098914792968,1000,0.01,0.3,0.5,0.0025,2
