,L2,L2_true,N,std,jump,jump_prob,ve,dim
0,3.713446565018313,2.0061028795109968,3,0.01,0.3,0.5,0.001,1
