,L2,L2_true,N,std,jump,jump_prob,ve,dim
0,3.62020896485226,1.8050352247195969,1,0.01,0.3,0.5,0.001,1
