,L2,L2_true,N,std,jump,jump_prob,ve,dim
0,6.03023530347035,5.150652926075962,138,0.01,0.3,0.5,0.0025,2
