,L2,L2_true,N,std,jump,jump_prob,ve,dim
0,3.9001972388089197,1.8570165394671152,1178,0.01,0.3,0.5,0.01,3
