,L2,L2_true,N,std,jump,jump_prob,ve,dim
0,5.690158887499488,4.750356711224359,22,0.01,0.3,0.5,0.001,3
