,L2,L2_true,N,std,jump,jump_prob,ve,dim
0,7.876374605298535,7.273450725915914,84,0.01,0.3,0.5,0.001,2
