,L2,L2_true,N,std,jump,jump_prob,ve,dim
0,3.456204340647213,0.5338121038632363,719,0.01,0.3,0.5,0.01,2
