,L2,L2_true,N,std,jump,jump_prob,ve,dim
0,2.7699264438786835,2.771010190116177,16,0.2,0.3,0.5,0.001,1
