,L2,L2_true,N,std,jump,jump_prob,ve,dim
0,3.872493323197186,1.978805122983184,7,0.01,0.3,0.5,0.0025,1
