,L2,L2_true,N,std,jump,jump_prob,ve,dim
0,2.63674697302023,0.2949378317377852,517,0.01,0.3,0.5,0.001,1
