,L2,L2_true,N,std,jump,jump_prob,ve,dim
0,3.0399801818734655,0.2579125870827875,316,0.01,0.3,0.5,0.0025,1
