,L2,L2_true,N,std,jump,jump_prob,ve,dim
0,11.245906077543312,10.81362646333409,2000,0.01,0.3,0.5,0.0025,3
