,L2,L2_true,N,std,jump,jump_prob,ve,dim
0,4.264170000852945,2.8727051946428737,7,0.01,0.3,0.5,0.001,2
