,L2,L2_true,N,std,jump,jump_prob,ve,dim
0,1.6935705632984788,1.691568625345536,4,0.2,0.3,0.5,0.001,1
