,L2,L2_true,N,std,jump,jump_prob,ve,dim
0,3.454359557621521,0.44094183891259775,1000,0.01,0.3,0.5,0.01,2
