,L2,L2_true,N,std,jump,jump_prob,ve,dim
0,3.6281921622517572,0.7446371849165594,1,0.01,0.3,0.5,0.01,1
