,L2,L2_true,N,std,jump,jump_prob,ve,dim
0,12.132312639961725,11.704836629762744,372,0.01,0.3,0.5,0.0025,3
