,L2,L2_true,N,std,jump,jump_prob,ve,dim
0,0.5937048404104124,0.5925963302862829,439,0.2,0.3,0.5,0.001,1
