,L2,L2_true,N,std,jump,jump_prob,ve,dim
0,4.089487747566728,2.3092408134954017,5,0.01,0.3,0.5,0.0025,3
