,L2,L2_true,N,std,jump,jump_prob,ve,dim
0,3.357423655202831,1.4311531705053873,1930,0.01,0.3,0.5,0.0025,2
