,L2,L2_true,N,std,jump,jump_prob,ve,dim
0,5.784882752223344,4.786542420170095,51,0.01,0.3,0.5,0.0025,2
