,L2,L2_true,N,std,jump,jump_prob,ve,dim
0,3.8305289607164585,2.22414240005681,6,0.01,0.3,0.5,0.001,1
