,L2,L2_true,N,std,jump,jump_prob,ve,dim
0,3.4988429051657968,1.7051426574932076,1389,0.01,0.3,0.5,0.0025,2
