,L2,L2_true,N,std,jump,jump_prob,ve,dim
0,0.4649462394808355,0.46562032787083,610,0.2,0.3,0.5,0.001,1
