,L2,L2_true,N,std,jump,jump_prob,ve,dim
0,3.442459114761235,0.44670798618724844,31,0.01,0.3,0.5,0.01,1
