,L2,L2_true,N,std,jump,jump_prob,ve,dim
0,0.502452426744485,0.4320939566356885,517,0.05,0.3,0.5,0.001,1
