,L2,L2_true,N,std,jump,jump_prob,ve,dim
0,0.2267293209151733,0.22705793579108524,2682,0.2,0.3,0.5,0.001,1
