,L2,L2_true,N,std,jump,jump_prob,ve,dim
0,2.6338014721967102,0.4204563399577006,517,0.01,0.3,0.5,0.001,1
