,L2,L2_true,N,std,jump,jump_prob,ve,dim
0,14.391595713240946,14.057940919261519,268,0.01,0.3,0.5,0.001,3
