,L2,L2_true,N,std,jump,jump_prob,ve,dim
0,4.6532484481929,3.0293371339239594,16,0.01,0.3,0.5,0.01,3
