,L2,L2_true,N,std,jump,jump_prob,ve,dim
0,4.343608808774168,2.7632394116742507,8,0.01,0.3,0.5,0.0025,2
