,L2,L2_true,N,std,jump,jump_prob,ve,dim
0,3.609547204277538,1.3288731117244896,1,0.01,0.3,0.5,0.0025,3
