,L2,L2_true,N,std,jump,jump_prob,ve,dim
0,3.0416820624071126,0.26556385108638686,439,0.01,0.3,0.5,0.0025,1
