,L2,L2_true,N,std,jump,jump_prob,ve,dim
0,11.24347802556992,10.802282403119866,138,0.01,0.3,0.5,0.001,3
