,L2,L2_true,N,std,jump,jump_prob,ve,dim
0,2.4653713148297487,2.4255894530270186,11,0.05,0.3,0.5,0.001,1
