,L2,L2_true,N,std,jump,jump_prob,ve,dim
0,2.3253263782667637,2.257492964062324,11,0.05,0.3,0.5,0.001,1
