,L2,L2_true,N,std,jump,jump_prob,ve,dim
0,3.7097937282019195,1.2807950342765289,5,0.01,0.3,0.5,0.01,1
