,L2,L2_true,N,std,jump,jump_prob,ve,dim
0,3.5492889830215026,0.9600810177397547,19,0.01,0.3,0.5,0.01,1
