,L2,L2_true,N,std,jump,jump_prob,ve,dim
0,2.401181116047337,2.4012503275992203,26,0.2,0.3,0.5,0.001,1
