,L2,L2_true,N,std,jump,jump_prob,ve,dim
0,5.353989805385889,4.086020091696643,163,0.01,0.3,0.5,0.01,3
