,L2,L2_true,N,std,jump,jump_prob,ve,dim
0,4.257037771974742,2.6259646225835094,7,0.01,0.3,0.5,0.0025,3
