,L2,L2_true,N,std,jump,jump_prob,ve,dim
0,4.785219721524306,3.438643817875126,16,0.01,0.3,0.5,0.0025,2
