,L2,L2_true,N,std,jump,jump_prob,ve,dim
0,5.083170616862898,4.053342173188928,268,0.01,0.3,0.5,0.0025,2
