,L2,L2_true,N,std,jump,jump_prob,ve,dim
0,3.6666384580625673,3.6543912489033317,22,0.05,0.3,0.5,0.001,1
