,L2,L2_true,N,std,jump,jump_prob,ve,dim
0,9.563721394221787,9.053125680085332,3000,0.01,0.3,0.5,0.0025,3
