,L2,L2_true,N,std,jump,jump_prob,ve,dim
0,1.9375522538373122,1.8357127245099418,4,0.05,0.3,0.5,0.001,1
