,L2,L2_true,N,std,jump,jump_prob,ve,dim
0,1.1328817176815387,1.133175142107627,117,0.2,0.3,0.5,0.001,1
