,L2,L2_true,N,std,jump,jump_prob,ve,dim
0,8.046110996495056,7.467708320505463,117,0.01,0.3,0.5,0.001,2
