,L2,L2_true,N,std,jump,jump_prob,ve,dim
0,5.462309312588086,4.2108169601932035,117,0.01,0.3,0.5,0.01,3
