,L2,L2_true,N,std,jump,jump_prob,ve,dim
0,2.0445182482939432,1.949921731907636,5,0.05,0.3,0.5,0.001,1
