,L2,L2_true,N,std,jump,jump_prob,ve,dim
0,2.058452275413864,1.9582744278726567,4,0.05,0.3,0.5,0.001,1
