,L2,L2_true,N,std,jump,jump_prob,ve,dim
0,1.6768599997007345,1.670012420627142,71,0.05,0.3,0.5,0.001,1
