,L2,L2_true,N,std,jump,jump_prob,ve,dim
0,7.825139490497957,7.229225813897177,100,0.01,0.3,0.5,0.001,2
