,L2,L2_true,N,std,jump,jump_prob,ve,dim
0,4.401976058020774,3.089211622455848,8,0.01,0.3,0.5,0.001,3
