,L2,L2_true,N,std,jump,jump_prob,ve,dim
0,8.705769599192491,8.046945439545174,100,0.01,0.3,0.5,0.0025,3
