,L2,L2_true,N,std,jump,jump_prob,ve,dim
0,5.274551591902672,4.547169239137426,1389,0.01,0.3,0.5,0.001,2
