,L2,L2_true,N,std,jump,jump_prob,ve,dim
0,11.542019488665721,11.119481635305053,1637,0.01,0.3,0.5,0.0025,3
