,L2,L2_true,N,std,jump,jump_prob,ve,dim
0,3.9233472155951232,2.0953271059505925,7,0.01,0.3,0.5,0.0025,1
