,L2,L2_true,N,std,jump,jump_prob,ve,dim
0,0.9024233517871142,0.9022350486211745,227,0.2,0.3,0.5,0.001,1
