,L2,L2_true,N,std,jump,jump_prob,ve,dim
0,8.527209904548783,7.991088338127848,163,0.01,0.3,0.5,0.001,2
