,L2,L2_true,N,std,jump,jump_prob,ve,dim
0,1.147212362195285,1.1473096183715479,117,0.2,0.3,0.5,0.001,1
