,L2,L2_true,N,std,jump,jump_prob,ve,dim
0,0.8758430658589612,0.8758007253779293,227,0.2,0.3,0.5,0.001,1
