,L2,L2_true,N,std,jump,jump_prob,ve,dim
0,2.0163192991183525,2.003552520683146,51,0.05,0.3,0.5,0.001,1
