,L2,L2_true,N,std,jump,jump_prob,ve,dim
0,1.3440824250751124,1.3444043386760602,3,0.2,0.3,0.5,0.001,1
