,L2,L2_true,N,std,jump,jump_prob,ve,dim
0,2.4231818793411497,2.4233204677354427,10,0.2,0.3,0.5,0.001,1
