,L2,L2_true,N,std,jump,jump_prob,ve,dim
0,3.0783467000675704,0.49286674338786607,117,0.01,0.3,0.5,0.0025,1
