,L2,L2_true,N,std,jump,jump_prob,ve,dim
0,3.678736604404663,1.930296457108347,2,0.01,0.3,0.5,0.001,2
