,L2,L2_true,N,std,jump,jump_prob,ve,dim
0,3.4827519696493052,0.7009611567776864,439,0.01,0.3,0.5,0.01,2
