,L2,L2_true,N,std,jump,jump_prob,ve,dim
0,13.914134813717656,13.570572466093182,268,0.01,0.3,0.5,0.001,3
