,L2,L2_true,N,std,jump,jump_prob,ve,dim
0,2.2050732831668323,2.204892482460294,43,0.2,0.3,0.5,0.001,1
