,L2,L2_true,N,std,jump,jump_prob,ve,dim
0,4.591642641161545,3.344577714045073,10,0.01,0.3,0.5,0.001,3
