,L2,L2_true,N,std,jump,jump_prob,ve,dim
0,7.631694590273524,6.95811650463517,51,0.01,0.3,0.5,0.001,3
