,L2,L2_true,N,std,jump,jump_prob,ve,dim
0,0.46617358683310317,0.46639016581612514,610,0.2,0.3,0.5,0.001,1
