,L2,L2_true,N,std,jump,jump_prob,ve,dim
0,3.936279657119411,2.3716588732406882,4,0.01,0.3,0.5,0.001,2
