,L2,L2_true,N,std,jump,jump_prob,ve,dim
0,3.636392850861096,1.8419955206798884,16,0.01,0.3,0.5,0.0025,1
