,L2,L2_true,N,std,jump,jump_prob,ve,dim
0,3.4285558001759657,0.3280217305600955,1930,0.01,0.3,0.5,0.01,2
