,L2,L2_true,N,std,jump,jump_prob,ve,dim
0,3.660603593265187,2.043306366414419,1000,0.01,0.3,0.5,0.0025,2
