,L2,L2_true,N,std,jump,jump_prob,ve,dim
0,2.157695800027376,2.1217291598927117,16,0.05,0.3,0.5,0.001,1
