,L2,L2_true,N,std,jump,jump_prob,ve,dim
0,3.4321845931180692,0.3749134171306015,84,0.01,0.3,0.5,0.01,1
