,L2,L2_true,N,std,jump,jump_prob,ve,dim
0,2.5676990432838203,2.5077140923383143,7,0.05,0.3,0.5,0.001,1
