,L2,L2_true,N,std,jump,jump_prob,ve,dim
0,3.046311433182034,0.3032113252388368,193,0.01,0.3,0.5,0.0025,1
