,L2,L2_true,N,std,jump,jump_prob,ve,dim
0,4.357256850519342,2.591123348746512,22,0.01,0.3,0.5,0.01,2
