,L2,L2_true,N,std,jump,jump_prob,ve,dim
0,3.420564418111219,0.11034765972644361,848,0.01,0.3,0.5,0.01,1
