,L2,L2_true,N,std,jump,jump_prob,ve,dim
0,3.737957014716573,1.4948752722656726,117,0.01,0.3,0.5,0.01,2
