,L2,L2_true,N,std,jump,jump_prob,ve,dim
0,2.835293106603484,2.7869195444632098,16,0.05,0.3,0.5,0.001,1
