,L2,L2_true,N,std,jump,jump_prob,ve,dim
0,5.297721468583898,4.283914077597515,193,0.01,0.3,0.5,0.0025,2
