,L2,L2_true,N,std,jump,jump_prob,ve,dim
0,5.135354710688515,3.7433561211706925,37,0.01,0.3,0.5,0.01,3
