,L2,L2_true,N,std,jump,jump_prob,ve,dim
0,0.7364251682038077,0.6534124412241972,227,0.05,0.3,0.5,0.001,1
