,L2,L2_true,N,std,jump,jump_prob,ve,dim
0,8.40769688606461,7.865508812020299,138,0.01,0.3,0.5,0.001,2
