,L2,L2_true,N,std,jump,jump_prob,ve,dim
0,0.2995740267691861,0.17995010548956966,2682,0.05,0.3,0.5,0.001,1
