,L2,L2_true,N,std,jump,jump_prob,ve,dim
0,3.7763871648807448,1.7286059222485932,3,0.01,0.3,0.5,0.0025,2
