,L2,L2_true,N,std,jump,jump_prob,ve,dim
0,5.435476113904979,4.168726916457801,61,0.01,0.3,0.5,0.01,3
