,L2,L2_true,N,std,jump,jump_prob,ve,dim
0,4.9881764070122125,3.594551508599884,268,0.01,0.3,0.5,0.01,3
