,L2,L2_true,N,std,jump,jump_prob,ve,dim
0,12.545098175521073,12.143989925780495,1178,0.01,0.3,0.5,0.0025,3
