,L2,L2_true,N,std,jump,jump_prob,ve,dim
0,3.758759625405248,2.068651252496431,2,0.01,0.3,0.5,0.001,2
