,L2,L2_true,N,std,jump,jump_prob,ve,dim
0,4.4679646327050015,3.270327418901146,439,0.01,0.3,0.5,0.0025,2
