,L2,L2_true,N,std,jump,jump_prob,ve,dim
0,4.137282797185259,2.7953503273290634,610,0.01,0.3,0.5,0.0025,2
