,L2,L2_true,N,std,jump,jump_prob,ve,dim
0,3.718695297178324,1.242368378726634,7,0.01,0.3,0.5,0.01,1
