,L2,L2_true,N,std,jump,jump_prob,ve,dim
0,4.850793178810638,3.7104428913143535,13,0.01,0.3,0.5,0.001,2
