,L2,L2_true,N,std,jump,jump_prob,ve,dim
0,0.44518487912998495,0.3418265903889387,1178,0.05,0.3,0.5,0.001,1
