,L2,L2_true,N,std,jump,jump_prob,ve,dim
0,2.260188749839167,2.2600363487286,31,0.2,0.3,0.5,0.001,1
