,L2,L2_true,N,std,jump,jump_prob,ve,dim
0,6.056091406157184,5.164071714322202,117,0.01,0.3,0.5,0.0025,2
