,L2,L2_true,N,std,jump,jump_prob,ve,dim
0,2.6463189409429044,2.644387657659169,10,0.2,0.3,0.5,0.001,1
