,L2,L2_true,N,std,jump,jump_prob,ve,dim
0,5.366297061325285,4.054110566779799,51,0.01,0.3,0.5,0.01,3
