,L2,L2_true,N,std,jump,jump_prob,ve,dim
0,0.5166575660729658,0.48473484409478085,439,0.05,0.3,0.5,0.001,1
