,L2,L2_true,N,std,jump,jump_prob,ve,dim
0,6.063355144477719,5.436892521988005,1000,0.01,0.3,0.5,0.001,2
