,L2,L2_true,N,std,jump,jump_prob,ve,dim
0,1.6991886667605132,1.5835411164340865,3,0.05,0.3,0.5,0.001,1
