,L2,L2_true,N,std,jump,jump_prob,ve,dim
0,4.113570282112207,2.207054377248597,37,0.01,0.3,0.5,0.01,2
