,L2,L2_true,N,std,jump,jump_prob,ve,dim
0,5.320046049234681,4.286774682101566,19,0.01,0.3,0.5,0.001,2
