,L2,L2_true,N,std,jump,jump_prob,ve,dim
0,10.627181888113503,10.096683426316417,193,0.01,0.3,0.5,0.0025,3
