,L2,L2_true,N,std,jump,jump_prob,ve,dim
0,3.0310692944602735,0.10304563856247348,3162,0.01,0.3,0.5,0.0025,1
