,L2,L2_true,N,std,jump,jump_prob,ve,dim
0,2.638294495732301,0.3889978463874365,610,0.01,0.3,0.5,0.001,1
