,L2,L2_true,N,std,jump,jump_prob,ve,dim
0,0.3296688129559834,0.23025241810361882,2275,0.05,0.3,0.5,0.001,1
