,L2,L2_true,N,std,jump,jump_prob,ve,dim
0,5.948657454710309,4.960442535229065,51,0.01,0.3,0.5,0.0025,2
