,L2,L2_true,N,std,jump,jump_prob,ve,dim
0,0.37781261562830815,0.3703765320080322,1,0.2,0.3,0.5,0.001,1
