,L2,L2_true,N,std,jump,jump_prob,ve,dim
0,3.4222056177546323,0.16894776432203143,316,0.01,0.3,0.5,0.01,1
