,L2,L2_true,N,std,jump,jump_prob,ve,dim
0,4.818599673010873,3.4526474326621024,13,0.01,0.3,0.5,0.0025,3
