,L2,L2_true,N,std,jump,jump_prob,ve,dim
0,3.6296411016626533,1.329775006193484,1,0.01,0.3,0.5,0.0025,1
