,L2,L2_true,N,std,jump,jump_prob,ve,dim
0,4.7824894368802475,3.6595172512351386,316,0.01,0.3,0.5,0.0025,2
