,L2,L2_true,N,std,jump,jump_prob,ve,dim
0,3.6155952499455712,1.806646513599886,1,0.01,0.3,0.5,0.001,2
