,L2,L2_true,N,std,jump,jump_prob,ve,dim
0,24.36629778447539,24.187336078657154,1637,0.01,0.3,0.5,0.001,3
