,L2,L2_true,N,std,jump,jump_prob,ve,dim
0,5.871202931364811,4.800460738058181,26,0.01,0.3,0.5,0.0025,3
