,L2,L2_true,N,std,jump,jump_prob,ve,dim
0,2.3267783779993745,2.260853462527342,8,0.05,0.3,0.5,0.001,1
