,L2,L2_true,N,std,jump,jump_prob,ve,dim
0,10.882002889352098,10.381629310882818,227,0.01,0.3,0.5,0.0025,3
