,L2,L2_true,N,std,jump,jump_prob,ve,dim
0,11.244459964225912,10.758334604349969,268,0.01,0.3,0.5,0.0025,3
