,L2,L2_true,N,std,jump,jump_prob,ve,dim
0,3.7943953146090905,2.1328764683746146,3,0.01,0.3,0.5,0.001,1
