,L2,L2_true,N,std,jump,jump_prob,ve,dim
0,9.295053078266635,8.676384861604843,117,0.01,0.3,0.5,0.0025,3
