,L2,L2_true,N,std,jump,jump_prob,ve,dim
0,3.0623329977270237,0.4710620357748432,100,0.01,0.3,0.5,0.0025,1
