,L2,L2_true,N,std,jump,jump_prob,ve,dim
0,14.360413572153881,14.019271398427742,268,0.01,0.3,0.5,0.001,3
