,L2,L2_true,N,std,jump,jump_prob,ve,dim
0,3.416720723552961,0.039830539138990304,2682,0.01,0.3,0.5,0.01,1
