,L2,L2_true,N,std,jump,jump_prob,ve,dim
0,3.4828281569130533,0.7191972472415432,16,0.01,0.3,0.5,0.01,1
