,L2,L2_true,N,std,jump,jump_prob,ve,dim
0,3.0336632009296327,0.10853190781376389,1930,0.01,0.3,0.5,0.0025,1
