,L2,L2_true,N,std,jump,jump_prob,ve,dim
0,7.64353725323604,6.871379199855747,61,0.01,0.3,0.5,0.0025,3
