,L2,L2_true,N,std,jump,jump_prob,ve,dim
0,17.335870947499803,17.06330995555091,439,0.01,0.3,0.5,0.001,3
