,L2,L2_true,N,std,jump,jump_prob,ve,dim
0,9.335439150612208,8.79894514892709,84,0.01,0.3,0.5,0.001,3
