,L2,L2_true,N,std,jump,jump_prob,ve,dim
0,4.762503530042219,3.297807537107322,372,0.01,0.3,0.5,0.01,3
