,L2,L2_true,N,std,jump,jump_prob,ve,dim
0,2.1494007848148406,2.1498995884491783,7,0.2,0.3,0.5,0.001,1
