,L2,L2_true,N,std,jump,jump_prob,ve,dim
0,6.797592577799026,5.918857689806733,43,0.01,0.3,0.5,0.0025,3
