,L2,L2_true,N,std,jump,jump_prob,ve,dim
0,5.390617366582421,4.2589014353304835,31,0.01,0.3,0.5,0.0025,2
