,L2,L2_true,N,std,jump,jump_prob,ve,dim
0,3.504061642095788,1.7890083414217297,26,0.01,0.3,0.5,0.0025,1
