,L2,L2_true,N,std,jump,jump_prob,ve,dim
0,4.690778263809415,3.8852929921679014,1930,0.01,0.3,0.5,0.001,2
