,L2,L2_true,N,std,jump,jump_prob,ve,dim
0,6.291348935370167,5.4490668793617605,31,0.01,0.3,0.5,0.001,3
