,L2,L2_true,N,std,jump,jump_prob,ve,dim
0,3.4514320419432685,0.4122491804344916,43,0.01,0.3,0.5,0.01,1
