,L2,L2_true,N,std,jump,jump_prob,ve,dim
0,2.645448438524269,0.39546175918610915,372,0.01,0.3,0.5,0.001,1
