,L2,L2_true,N,std,jump,jump_prob,ve,dim
0,3.037907025991701,0.11632252899030406,1930,0.01,0.3,0.5,0.0025,1
