,L2,L2_true,N,std,jump,jump_prob,ve,dim
0,5.040089433323825,3.7842466512268205,19,0.01,0.3,0.5,0.0025,2
