,L2,L2_true,N,std,jump,jump_prob,ve,dim
0,6.811936479268909,6.088007354200623,61,0.01,0.3,0.5,0.001,2
