,L2,L2_true,N,std,jump,jump_prob,ve,dim
0,17.990713208132426,17.738634964979497,517,0.01,0.3,0.5,0.001,3
