,L2,L2_true,N,std,jump,jump_prob,ve,dim
0,3.0382719054691365,0.07565894810972933,3162,0.01,0.3,0.5,0.0025,1
