,L2,L2_true,N,std,jump,jump_prob,ve,dim
0,0.9740646154813396,0.9728699732557827,2,0.2,0.3,0.5,0.001,1
