,L2,L2_true,N,std,jump,jump_prob,ve,dim
0,3.8940924422892467,2.0238297195149277,6,0.01,0.3,0.5,0.0025,1
