,L2,L2_true,N,std,jump,jump_prob,ve,dim
0,3.4432677151938735,0.45016023822496914,1000,0.01,0.3,0.5,0.01,2
