,L2,L2_true,N,std,jump,jump_prob,ve,dim
0,4.700377940198892,3.5559633227451233,316,0.01,0.3,0.5,0.0025,2
