,L2,L2_true,N,std,jump,jump_prob,ve,dim
0,7.274549540102011,6.739063188230003,517,0.01,0.3,0.5,0.001,2
