,L2,L2_true,N,std,jump,jump_prob,ve,dim
0,3.414994564349698,0.04296811489578568,3162,0.01,0.3,0.5,0.01,1
