,L2,L2_true,N,std,jump,jump_prob,ve,dim
0,0.508528056953068,0.45081821341062245,517,0.05,0.3,0.5,0.001,1
