,L2,L2_true,N,std,jump,jump_prob,ve,dim
0,5.425413609016415,4.184687941606598,138,0.01,0.3,0.5,0.01,3
