,L2,L2_true,N,std,jump,jump_prob,ve,dim
0,0.6152945219056242,0.6156256560256527,372,0.2,0.3,0.5,0.001,1
