,L2,L2_true,N,std,jump,jump_prob,ve,dim
0,3.6104398574509173,1.1497197345654362,193,0.01,0.3,0.5,0.01,2
