,L2,L2_true,N,std,jump,jump_prob,ve,dim
0,4.268727623425934,2.645180468246737,8,0.01,0.3,0.5,0.0025,2
