,L2,L2_true,N,std,jump,jump_prob,ve,dim
0,4.388590026296612,3.0759487819583544,8,0.01,0.3,0.5,0.001,3
