,L2,L2_true,N,std,jump,jump_prob,ve,dim
0,3.606462965343998,2.3039506422387683,26,0.01,0.3,0.5,0.001,1
