,L2,L2_true,N,std,jump,jump_prob,ve,dim
0,2.3675653743736698,2.3665585447677966,16,0.2,0.3,0.5,0.001,1
