,L2,L2_true,N,std,jump,jump_prob,ve,dim
0,5.9649677815420326,5.049189261582314,117,0.01,0.3,0.5,0.0025,2
