,L2,L2_true,N,std,jump,jump_prob,ve,dim
0,5.600703670352423,4.502676992881124,31,0.01,0.3,0.5,0.0025,2
