,L2,L2_true,N,std,jump,jump_prob,ve,dim
0,3.8919277986041605,2.4135156073564934,10,0.01,0.3,0.5,0.001,1
