,L2,L2_true,N,std,jump,jump_prob,ve,dim
0,0.5864395891808206,0.5872125460721644,372,0.2,0.3,0.5,0.001,1
