,L2,L2_true,N,std,jump,jump_prob,ve,dim
0,3.6540894184567105,0.970334010347701,2,0.01,0.3,0.5,0.01,1
