,L2,L2_true,N,std,jump,jump_prob,ve,dim
0,2.3853378484157783,2.305186567033118,8,0.05,0.3,0.5,0.001,1
