,L2,L2_true,N,std,jump,jump_prob,ve,dim
0,5.371073061065184,4.08089537262106,71,0.01,0.3,0.5,0.01,3
