,L2,L2_true,N,std,jump,jump_prob,ve,dim
0,3.4147966294861947,0.10664006774597601,610,0.01,0.3,0.5,0.01,1
