,L2,L2_true,N,std,jump,jump_prob,ve,dim
0,9.785941563774074,9.286617660376105,3000,0.01,0.3,0.5,0.0025,3
