,L2,L2_true,N,std,jump,jump_prob,ve,dim
0,3.6998978582460835,2.3767698354215465,26,0.01,0.3,0.5,0.001,1
