,L2,L2_true,N,std,jump,jump_prob,ve,dim
0,4.1574007793856635,2.1701130544895446,7,0.01,0.3,0.5,0.01,3
