,L2,L2_true,N,std,jump,jump_prob,ve,dim
0,4.6057427893182075,2.955717218990143,16,0.01,0.3,0.5,0.01,3
