,L2,L2_true,N,std,jump,jump_prob,ve,dim
0,4.165421997658497,2.4475849719015197,6,0.01,0.3,0.5,0.0025,3
