,L2,L2_true,N,std,jump,jump_prob,ve,dim
0,3.532956315976549,0.8395814605306023,31,0.01,0.3,0.5,0.01,1
