,L2,L2_true,N,std,jump,jump_prob,ve,dim
0,4.917192556358773,3.508444786147595,316,0.01,0.3,0.5,0.01,3
