,L2,L2_true,N,std,jump,jump_prob,ve,dim
0,7.97605528446986,7.456321290071297,316,0.01,0.3,0.5,0.001,2
