,L2,L2_true,N,std,jump,jump_prob,ve,dim
0,4.114633851308293,2.1696221962782425,31,0.01,0.3,0.5,0.01,2
