,L2,L2_true,N,std,jump,jump_prob,ve,dim
0,3.8948332647436796,1.9949055380939222,5,0.01,0.3,0.5,0.0025,1
