,L2,L2_true,N,std,jump,jump_prob,ve,dim
0,19.84604355305153,19.6148557253809,719,0.01,0.3,0.5,0.001,3
