,L2,L2_true,N,std,jump,jump_prob,ve,dim
0,0.4226281140945052,0.33485830564633945,848,0.05,0.3,0.5,0.001,1
