,L2,L2_true,N,std,jump,jump_prob,ve,dim
0,3.063005672297644,0.550557971891755,100,0.01,0.3,0.5,0.0025,1
