,L2,L2_true,N,std,jump,jump_prob,ve,dim
0,3.029984159493878,0.12328116532901337,1389,0.01,0.3,0.5,0.0025,1
