,L2,L2_true,N,std,jump,jump_prob,ve,dim
0,3.684557607278411,1.9298690046193936,16,0.01,0.3,0.5,0.0025,1
