,L2,L2_true,N,std,jump,jump_prob,ve,dim
0,3.4111200506801067,0.05559220409924322,1637,0.01,0.3,0.5,0.01,1
