,L2,L2_true,N,std,jump,jump_prob,ve,dim
0,4.1097621317092266,2.0910151426801487,7,0.01,0.3,0.5,0.01,3
