,L2,L2_true,N,std,jump,jump_prob,ve,dim
0,5.120918572418466,4.051281930843077,16,0.01,0.3,0.5,0.001,2
