,L2,L2_true,N,std,jump,jump_prob,ve,dim
0,5.318171914607701,4.304711383137154,19,0.01,0.3,0.5,0.001,2
