,L2,L2_true,N,std,jump,jump_prob,ve,dim
0,2.750954105963317,0.9456909034912367,193,0.01,0.3,0.5,0.001,1
