,L2,L2_true,N,std,jump,jump_prob,ve,dim
0,8.637560486460897,8.104349532871769,117,0.01,0.3,0.5,0.001,2
