,L2,L2_true,N,std,jump,jump_prob,ve,dim
0,3.0862424098689476,0.5621769657448343,100,0.01,0.3,0.5,0.0025,1
