,L2,L2_true,N,std,jump,jump_prob,ve,dim
0,1.500445760602859,1.4724904028444652,61,0.05,0.3,0.5,0.001,1
