,L2,L2_true,N,std,jump,jump_prob,ve,dim
0,3.7531034205663265,1.5229726511745718,100,0.01,0.3,0.5,0.01,2
