,L2,L2_true,N,std,jump,jump_prob,ve,dim
0,1.2962285366863446,1.2967868968735379,3,0.2,0.3,0.5,0.001,1
