,L2,L2_true,N,std,jump,jump_prob,ve,dim
0,3.4747759284038384,0.6148539156405551,31,0.01,0.3,0.5,0.01,1
