,L2,L2_true,N,std,jump,jump_prob,ve,dim
0,3.6305150512608435,0.8195151456542927,2,0.01,0.3,0.5,0.01,2
