,L2,L2_true,N,std,jump,jump_prob,ve,dim
0,1.562486472729954,1.5641511326987625,5,0.2,0.3,0.5,0.001,1
