,L2,L2_true,N,std,jump,jump_prob,ve,dim
0,3.819117475564382,1.8397257658424035,5,0.01,0.3,0.5,0.0025,1
