,L2,L2_true,N,std,jump,jump_prob,ve,dim
0,6.751844333130459,5.989689189137735,37,0.01,0.3,0.5,0.001,3
