,L2,L2_true,N,std,jump,jump_prob,ve,dim
0,3.4165853776102924,0.27417744558246393,100,0.01,0.3,0.5,0.01,1
