,L2,L2_true,N,std,jump,jump_prob,ve,dim
0,3.449014056551294,0.47436471111178763,51,0.01,0.3,0.5,0.01,1
