,L2,L2_true,N,std,jump,jump_prob,ve,dim
0,8.284717051558854,7.736967381628637,117,0.01,0.3,0.5,0.001,2
