,L2,L2_true,N,std,jump,jump_prob,ve,dim
0,5.429965640262472,4.160489644694194,117,0.01,0.3,0.5,0.01,3
