,L2,L2_true,N,std,jump,jump_prob,ve,dim
0,1.7683212735490017,1.768214740738875,51,0.2,0.3,0.5,0.001,1
