,L2,L2_true,N,std,jump,jump_prob,ve,dim
0,2.6746306123327304,2.674813490824337,26,0.2,0.3,0.5,0.001,1
