,L2,L2_true,N,std,jump,jump_prob,ve,dim
0,0.37796920140439877,0.3705296936907711,1,0.2,0.3,0.5,0.001,1
