,L2,L2_true,N,std,jump,jump_prob,ve,dim
0,3.6382431029976994,0.7446491763972319,1,0.01,0.3,0.5,0.01,3
