,L2,L2_true,N,std,jump,jump_prob,ve,dim
0,12.396058275646316,11.976254399044832,517,0.01,0.3,0.5,0.0025,3
