,L2,L2_true,N,std,jump,jump_prob,ve,dim
0,2.1871348531375636,2.1075067182309155,7,0.05,0.3,0.5,0.001,1
