,L2,L2_true,N,std,jump,jump_prob,ve,dim
0,2.631358470793569,0.31051671869539094,719,0.01,0.3,0.5,0.001,1
