,L2,L2_true,N,std,jump,jump_prob,ve,dim
0,3.5636513533783836,1.0132775748834144,227,0.01,0.3,0.5,0.01,2
