,L2,L2_true,N,std,jump,jump_prob,ve,dim
0,1.6490455521194,1.6482158956719923,4,0.2,0.3,0.5,0.001,1
