,L2,L2_true,N,std,jump,jump_prob,ve,dim
0,2.3682712822808805,2.3018661180465276,11,0.05,0.3,0.5,0.001,1
