,L2,L2_true,N,std,jump,jump_prob,ve,dim
0,5.527994520899507,4.545161659449771,19,0.01,0.3,0.5,0.001,3
