,L2,L2_true,N,std,jump,jump_prob,ve,dim
0,3.050434103128569,0.18496583522800927,1000,0.01,0.3,0.5,0.0025,1
