,L2,L2_true,N,std,jump,jump_prob,ve,dim
0,3.2151131986715673,1.7335015020024838,43,0.01,0.3,0.5,0.001,1
