,L2,L2_true,N,std,jump,jump_prob,ve,dim
0,3.5254765334812066,0.8561179081261362,316,0.01,0.3,0.5,0.01,2
