,L2,L2_true,N,std,jump,jump_prob,ve,dim
0,4.579969093204746,3.7420768568309235,2000,0.01,0.3,0.5,0.001,2
