,L2,L2_true,N,std,jump,jump_prob,ve,dim
0,16.999718624879744,16.713839231615903,439,0.01,0.3,0.5,0.001,3
