,L2,L2_true,N,std,jump,jump_prob,ve,dim
0,2.339292875405103,2.338912581061527,22,0.2,0.3,0.5,0.001,1
