,L2,L2_true,N,std,jump,jump_prob,ve,dim
0,3.7434078293263373,1.5316058445540344,117,0.01,0.3,0.5,0.01,2
