,L2,L2_true,N,std,jump,jump_prob,ve,dim
0,9.02257765828387,8.47363817317878,84,0.01,0.3,0.5,0.001,3
