,L2,L2_true,N,std,jump,jump_prob,ve,dim
0,5.163140376182754,3.8483209673821457,227,0.01,0.3,0.5,0.01,3
