,L2,L2_true,N,std,jump,jump_prob,ve,dim
0,3.0342282318551255,0.20684421935438238,372,0.01,0.3,0.5,0.0025,1
