,L2,L2_true,N,std,jump,jump_prob,ve,dim
0,0.28448734680967785,0.1878300510565268,2275,0.05,0.3,0.5,0.001,1
