,L2,L2_true,N,std,jump,jump_prob,ve,dim
0,2.051886336372802,2.018495363169612,13,0.05,0.3,0.5,0.001,1
