,L2,L2_true,N,std,jump,jump_prob,ve,dim
0,0.969873199239247,0.94518160918427,193,0.05,0.3,0.5,0.001,1
