,L2,L2_true,N,std,jump,jump_prob,ve,dim
0,3.968918710915529,2.4406446597366838,4,0.01,0.3,0.5,0.001,3
