,L2,L2_true,N,std,jump,jump_prob,ve,dim
0,2.287628974001704,2.2153141651858737,8,0.05,0.3,0.5,0.001,1
