,L2,L2_true,N,std,jump,jump_prob,ve,dim
0,3.4671887802308308,1.6094175164162938,26,0.01,0.3,0.5,0.0025,1
