,L2,L2_true,N,std,jump,jump_prob,ve,dim
0,2.499117818729543,2.4277714244223585,7,0.05,0.3,0.5,0.001,1
