,L2,L2_true,N,std,jump,jump_prob,ve,dim
0,10.239658402023288,9.69067547942345,163,0.01,0.3,0.5,0.0025,3
