,L2,L2_true,N,std,jump,jump_prob,ve,dim
0,11.047108449625991,10.606744522402407,2000,0.01,0.3,0.5,0.0025,3
