,L2,L2_true,N,std,jump,jump_prob,ve,dim
0,3.07301604793386,0.548224756645294,84,0.01,0.3,0.5,0.0025,1
