,L2,L2_true,N,std,jump,jump_prob,ve,dim
0,4.622629832744926,3.7896196238647133,1930,0.01,0.3,0.5,0.001,2
