,L2,L2_true,N,std,jump,jump_prob,ve,dim
0,4.520530284864189,3.0407999397680863,10,0.01,0.3,0.5,0.0025,3
