,L2,L2_true,N,std,jump,jump_prob,ve,dim
0,0.27586887230077933,0.2754597706765151,1637,0.2,0.3,0.5,0.001,1
