,L2,L2_true,N,std,jump,jump_prob,ve,dim
0,19.014396368583537,18.77515918950869,610,0.01,0.3,0.5,0.001,3
