,L2,L2_true,N,std,jump,jump_prob,ve,dim
0,3.5862147514778933,0.9406140855299436,13,0.01,0.3,0.5,0.01,1
