,L2,L2_true,N,std,jump,jump_prob,ve,dim
0,3.663422790338214,2.5228922710418877,43,0.01,0.3,0.5,0.001,1
