,L2,L2_true,N,std,jump,jump_prob,ve,dim
0,5.289626266851433,3.9596981422663045,37,0.01,0.3,0.5,0.01,3
