,L2,L2_true,N,std,jump,jump_prob,ve,dim
0,23.60328129047807,23.43386894867984,2275,0.01,0.3,0.5,0.001,3
