,L2,L2_true,N,std,jump,jump_prob,ve,dim
0,4.0723460301563525,2.069252385213338,16,0.01,0.3,0.5,0.01,2
