,L2,L2_true,N,std,jump,jump_prob,ve,dim
0,4.4184388171529925,3.1095821510736035,8,0.01,0.3,0.5,0.001,3
