,L2,L2_true,N,std,jump,jump_prob,ve,dim
0,0.6648117571456601,0.6649712491001224,372,0.2,0.3,0.5,0.001,1
