,L2,L2_true,N,std,jump,jump_prob,ve,dim
0,8.286901732992941,7.730718794646453,117,0.01,0.3,0.5,0.001,2
