,L2,L2_true,N,std,jump,jump_prob,ve,dim
0,2.8097307647312366,0.9899370725870265,138,0.01,0.3,0.5,0.001,1
