,L2,L2_true,N,std,jump,jump_prob,ve,dim
0,0.2428211973241298,0.2421121323170217,2275,0.2,0.3,0.5,0.001,1
