,L2,L2_true,N,std,jump,jump_prob,ve,dim
0,4.215832379736882,2.318770417784017,13,0.01,0.3,0.5,0.01,2
