,L2,L2_true,N,std,jump,jump_prob,ve,dim
0,4.188927021730031,2.773287062233251,6,0.01,0.3,0.5,0.001,3
