,L2,L2_true,N,std,jump,jump_prob,ve,dim
0,3.3522932654658253,1.4151386997057724,1930,0.01,0.3,0.5,0.0025,2
