,L2,L2_true,N,std,jump,jump_prob,ve,dim
0,5.359730408341358,4.104153275985903,193,0.01,0.3,0.5,0.01,3
