,L2,L2_true,N,std,jump,jump_prob,ve,dim
0,6.976195534650571,6.123276459957512,51,0.01,0.3,0.5,0.0025,3
