,L2,L2_true,N,std,jump,jump_prob,ve,dim
0,2.321361172771313,2.296058849687064,22,0.05,0.3,0.5,0.001,1
