,L2,L2_true,N,std,jump,jump_prob,ve,dim
0,3.430656102085321,0.3157622353930916,2000,0.01,0.3,0.5,0.01,2
