,L2,L2_true,N,std,jump,jump_prob,ve,dim
0,1.3505230456504698,1.1788583712973806,1,0.05,0.3,0.5,0.001,1
