,L2,L2_true,N,std,jump,jump_prob,ve,dim
0,1.456186006345227,1.3103302913166375,2,0.05,0.3,0.5,0.001,1
