,L2,L2_true,N,std,jump,jump_prob,ve,dim
0,1.6946287250048349,1.5703759333317762,3,0.05,0.3,0.5,0.001,1
