,L2,L2_true,N,std,jump,jump_prob,ve,dim
0,3.6515533124210258,1.854590123621156,2,0.01,0.3,0.5,0.001,1
