,L2,L2_true,N,std,jump,jump_prob,ve,dim
0,3.0349589986192846,0.07936993077412051,2682,0.01,0.3,0.5,0.0025,1
