,L2,L2_true,N,std,jump,jump_prob,ve,dim
0,11.88874821729516,11.485486242019572,163,0.01,0.3,0.5,0.001,3
