,L2,L2_true,N,std,jump,jump_prob,ve,dim
0,8.845644896145215,8.376342497510647,268,0.01,0.3,0.5,0.001,2
