,L2,L2_true,N,std,jump,jump_prob,ve,dim
0,3.176271880944742,1.005312997254055,51,0.01,0.3,0.5,0.0025,1
