,L2,L2_true,N,std,jump,jump_prob,ve,dim
0,3.6488019638098286,1.8541212286591928,2,0.01,0.3,0.5,0.001,1
