,L2,L2_true,N,std,jump,jump_prob,ve,dim
0,5.4728743726017335,4.339321255855362,31,0.01,0.3,0.5,0.0025,2
