,L2,L2_true,N,std,jump,jump_prob,ve,dim
0,22.86609982958955,22.677797371847166,1389,0.01,0.3,0.5,0.001,3
