,L2,L2_true,N,std,jump,jump_prob,ve,dim
0,3.0443196448125116,0.2628595812534877,316,0.01,0.3,0.5,0.0025,1
