,L2,L2_true,N,std,jump,jump_prob,ve,dim
0,4.959632915001812,4.223767267379707,1637,0.01,0.3,0.5,0.001,2
