,L2,L2_true,N,std,jump,jump_prob,ve,dim
0,10.553011603434838,10.020358946498481,193,0.01,0.3,0.5,0.0025,3
