,L2,L2_true,N,std,jump,jump_prob,ve,dim
0,5.1591971912165775,3.833419310736399,227,0.01,0.3,0.5,0.01,3
