,L2,L2_true,N,std,jump,jump_prob,ve,dim
0,3.419630192198614,0.26562538312638867,100,0.01,0.3,0.5,0.01,1
