,L2,L2_true,N,std,jump,jump_prob,ve,dim
0,2.087130056020361,1.9892557234549062,6,0.05,0.3,0.5,0.001,1
