,L2,L2_true,N,std,jump,jump_prob,ve,dim
0,3.421439465223434,0.05965436503827123,2275,0.01,0.3,0.5,0.01,1
