,L2,L2_true,N,std,jump,jump_prob,ve,dim
0,3.4639820538096617,0.5438874305731572,719,0.01,0.3,0.5,0.01,2
