,L2,L2_true,N,std,jump,jump_prob,ve,dim
0,21.696267578685795,21.4960020862173,1000,0.01,0.3,0.5,0.001,3
