,L2,L2_true,N,std,jump,jump_prob,ve,dim
0,3.9152635881346356,1.6973404282955982,5,0.01,0.3,0.5,0.01,2
