,L2,L2_true,N,std,jump,jump_prob,ve,dim
0,4.883757950190171,3.5622284955643475,19,0.01,0.3,0.5,0.0025,2
