,L2,L2_true,N,std,jump,jump_prob,ve,dim
0,0.9093122201750974,0.9089984760196699,193,0.2,0.3,0.5,0.001,1
