,L2,L2_true,N,std,jump,jump_prob,ve,dim
0,3.163838976347925,0.8644377936845594,51,0.01,0.3,0.5,0.0025,1
