,L2,L2_true,N,std,jump,jump_prob,ve,dim
0,3.6307714942687577,1.8064955195825796,1,0.01,0.3,0.5,0.001,2
