,L2,L2_true,N,std,jump,jump_prob,ve,dim
0,0.8379792559506551,0.8395234875685511,2,0.2,0.3,0.5,0.001,1
