,L2,L2_true,N,std,jump,jump_prob,ve,dim
0,3.0328748109684547,0.07844098587944522,2682,0.01,0.3,0.5,0.0025,1
