,L2,L2_true,N,std,jump,jump_prob,ve,dim
0,12.160719063655533,11.761464972904486,1389,0.01,0.3,0.5,0.0025,3
