,L2,L2_true,N,std,jump,jump_prob,ve,dim
0,5.272903033421931,3.9689686912122695,138,0.01,0.3,0.5,0.01,3
