,L2,L2_true,N,std,jump,jump_prob,ve,dim
0,11.443938904069908,10.969293021233339,268,0.01,0.3,0.5,0.0025,3
