,L2,L2_true,N,std,jump,jump_prob,ve,dim
0,1.7968603246789232,1.7958445419970563,6,0.2,0.3,0.5,0.001,1
