,L2,L2_true,N,std,jump,jump_prob,ve,dim
0,3.6431850554776952,1.452974332235988,2,0.01,0.3,0.5,0.0025,1
