,L2,L2_true,N,std,jump,jump_prob,ve,dim
0,0.7121860874168109,0.7123253370959022,316,0.2,0.3,0.5,0.001,1
