,L2,L2_true,N,std,jump,jump_prob,ve,dim
0,5.1833889741628365,4.122774810799597,16,0.01,0.3,0.5,0.001,3
