,L2,L2_true,N,std,jump,jump_prob,ve,dim
0,3.0380625553493394,0.11252150910316,2275,0.01,0.3,0.5,0.0025,1
