,L2,L2_true,N,std,jump,jump_prob,ve,dim
0,3.9607720780760576,2.40340980887427,4,0.01,0.3,0.5,0.001,3
