,L2,L2_true,N,std,jump,jump_prob,ve,dim
0,4.554569585822235,3.05364424219464,10,0.01,0.3,0.5,0.0025,3
