,L2,L2_true,N,std,jump,jump_prob,ve,dim
0,0.3194100655100588,0.23146329720087486,1637,0.05,0.3,0.5,0.001,1
