,L2,L2_true,N,std,jump,jump_prob,ve,dim
0,6.893277134926852,6.359461198368896,719,0.01,0.3,0.5,0.001,2
