,L2,L2_true,N,std,jump,jump_prob,ve,dim
0,3.7031579496357234,1.4144021189289413,2000,0.01,0.3,0.5,0.01,3
