,L2,L2_true,N,std,jump,jump_prob,ve,dim
0,2.311602191219328,2.311381590796291,7,0.2,0.3,0.5,0.001,1
