,L2,L2_true,N,std,jump,jump_prob,ve,dim
0,1.4809417027899479,1.3371532592175146,2,0.05,0.3,0.5,0.001,1
