,L2,L2_true,N,std,jump,jump_prob,ve,dim
0,2.353679246566534,2.353172698635658,10,0.2,0.3,0.5,0.001,1
