,L2,L2_true,N,std,jump,jump_prob,ve,dim
0,1.3488867384478511,1.1776782826437033,1,0.05,0.3,0.5,0.001,1
