,L2,L2_true,N,std,jump,jump_prob,ve,dim
0,3.708485229970678,1.1022453478347398,2,0.01,0.3,0.5,0.01,3
