,L2,L2_true,N,std,jump,jump_prob,ve,dim
0,0.2772861746804584,0.277256383299058,1930,0.2,0.3,0.5,0.001,1
