,L2,L2_true,N,std,jump,jump_prob,ve,dim
0,0.34534911619872616,0.3452642396251587,1178,0.2,0.3,0.5,0.001,1
