,L2,L2_true,N,std,jump,jump_prob,ve,dim
0,3.433242903414558,0.05287621618706818,1637,0.01,0.3,0.5,0.01,1
