,L2,L2_true,N,std,jump,jump_prob,ve,dim
0,4.489689364942306,2.765094721436277,13,0.01,0.3,0.5,0.01,3
