,L2,L2_true,N,std,jump,jump_prob,ve,dim
0,10.530555264332332,10.051458137447625,117,0.01,0.3,0.5,0.001,3
