,L2,L2_true,N,std,jump,jump_prob,ve,dim
0,4.279814626742076,2.9056769564202307,7,0.01,0.3,0.5,0.001,3
