,L2,L2_true,N,std,jump,jump_prob,ve,dim
0,0.8708829668968233,0.8405379071554566,193,0.05,0.3,0.5,0.001,1
