,L2,L2_true,N,std,jump,jump_prob,ve,dim
0,3.0298951222175905,0.09572296083083573,2275,0.01,0.3,0.5,0.0025,1
