,L2,L2_true,N,std,jump,jump_prob,ve,dim
0,7.838628383781705,7.342137986141052,439,0.01,0.3,0.5,0.001,2
