,L2,L2_true,N,std,jump,jump_prob,ve,dim
0,12.855842768282526,12.449537992714577,610,0.01,0.3,0.5,0.0025,3
