,L2,L2_true,N,std,jump,jump_prob,ve,dim
0,2.1881637885776377,2.1875857773386618,7,0.2,0.3,0.5,0.001,1
