,L2,L2_true,N,std,jump,jump_prob,ve,dim
0,5.169876999806186,4.103636928984932,16,0.01,0.3,0.5,0.001,3
