,L2,L2_true,N,std,jump,jump_prob,ve,dim
0,2.4120893560197074,2.412196026947132,26,0.2,0.3,0.5,0.001,1
