,L2,L2_true,N,std,jump,jump_prob,ve,dim
0,5.206516230667996,3.842897570797185,31,0.01,0.3,0.5,0.01,3
