,L2,L2_true,N,std,jump,jump_prob,ve,dim
0,3.4185467743851383,0.09934165216076457,719,0.01,0.3,0.5,0.01,1
