,L2,L2_true,N,std,jump,jump_prob,ve,dim
0,0.34466279611350653,0.34466862086766714,1178,0.2,0.3,0.5,0.001,1
