,L2,L2_true,N,std,jump,jump_prob,ve,dim
0,2.7172792207595626,0.798537047195691,138,0.01,0.3,0.5,0.001,1
