,L2,L2_true,N,std,jump,jump_prob,ve,dim
0,3.5050988092931257,0.7973700468988214,316,0.01,0.3,0.5,0.01,2
