,L2,L2_true,N,std,jump,jump_prob,ve,dim
0,2.3151705161584784,2.2769437943378623,11,0.05,0.3,0.5,0.001,1
