,L2,L2_true,N,std,jump,jump_prob,ve,dim
0,3.6878985496213,1.4071355570630737,2000,0.01,0.3,0.5,0.01,3
