,L2,L2_true,N,std,jump,jump_prob,ve,dim
0,3.657408920732132,1.2803727885725071,138,0.01,0.3,0.5,0.01,2
