,L2,L2_true,N,std,jump,jump_prob,ve,dim
0,1.4128203227761025,1.2507668316324914,2,0.05,0.3,0.5,0.001,1
