,L2,L2_true,N,std,jump,jump_prob,ve,dim
0,0.5517128349138968,0.5525524053182033,439,0.2,0.3,0.5,0.001,1
