,L2,L2_true,N,std,jump,jump_prob,ve,dim
0,4.224875392222298,2.9299795448967374,517,0.01,0.3,0.5,0.0025,2
