,L2,L2_true,N,std,jump,jump_prob,ve,dim
0,3.3678950675207084,1.4431736946996656,1930,0.01,0.3,0.5,0.0025,2
