,L2,L2_true,N,std,jump,jump_prob,ve,dim
0,21.854756409702325,21.650875458547258,1000,0.01,0.3,0.5,0.001,3
