,L2,L2_true,N,std,jump,jump_prob,ve,dim
0,5.8677822611069415,4.803877497184885,26,0.01,0.3,0.5,0.0025,3
