,L2,L2_true,N,std,jump,jump_prob,ve,dim
0,2.1420473714600754,2.1015338940957813,26,0.05,0.3,0.5,0.001,1
