,L2,L2_true,N,std,jump,jump_prob,ve,dim
0,4.646996831981441,3.2206328644711526,11,0.01,0.3,0.5,0.0025,3
