,L2,L2_true,N,std,jump,jump_prob,ve,dim
0,4.615073729752777,3.1548528753280056,13,0.01,0.3,0.5,0.0025,2
