,L2,L2_true,N,std,jump,jump_prob,ve,dim
0,11.612387035868563,11.15030435386277,316,0.01,0.3,0.5,0.0025,3
