,L2,L2_true,N,std,jump,jump_prob,ve,dim
0,1.9238707812768405,1.9222026166565107,5,0.2,0.3,0.5,0.001,1
