,L2,L2_true,N,std,jump,jump_prob,ve,dim
0,3.713135398295392,1.446400734618674,1930,0.01,0.3,0.5,0.01,3
