,L2,L2_true,N,std,jump,jump_prob,ve,dim
0,4.159395790462241,2.371257041840113,719,0.01,0.3,0.5,0.01,3
