,L2,L2_true,N,std,jump,jump_prob,ve,dim
0,5.832732669288186,4.835647652838154,51,0.01,0.3,0.5,0.0025,2
