,L2,L2_true,N,std,jump,jump_prob,ve,dim
0,3.5398391619133958,1.8104036029704758,1178,0.01,0.3,0.5,0.0025,2
