,L2,L2_true,N,std,jump,jump_prob,ve,dim
0,4.8905932025975325,3.4698431353676407,316,0.01,0.3,0.5,0.01,3
