,L2,L2_true,N,std,jump,jump_prob,ve,dim
0,3.5102207469469517,0.7406570100575173,372,0.01,0.3,0.5,0.01,2
