,L2,L2_true,N,std,jump,jump_prob,ve,dim
0,23.848028299389824,23.675469885789433,1637,0.01,0.3,0.5,0.001,3
