,L2,L2_true,N,std,jump,jump_prob,ve,dim
0,3.8913873822061404,1.9841399551978036,5,0.01,0.3,0.5,0.0025,1
