,L2,L2_true,N,std,jump,jump_prob,ve,dim
0,9.107735683876008,8.474315872855897,117,0.01,0.3,0.5,0.0025,3
