,L2,L2_true,N,std,jump,jump_prob,ve,dim
0,2.626297623357899,0.2487379984584643,1178,0.01,0.3,0.5,0.001,1
