,L2,L2_true,N,std,jump,jump_prob,ve,dim
0,0.9150317542681093,0.915035983798903,193,0.2,0.3,0.5,0.001,1
