,L2,L2_true,N,std,jump,jump_prob,ve,dim
0,3.559823493308908,0.9904833795033243,227,0.01,0.3,0.5,0.01,2
