,L2,L2_true,N,std,jump,jump_prob,ve,dim
0,7.555632621093052,6.873072666115759,51,0.01,0.3,0.5,0.001,3
