,L2,L2_true,N,std,jump,jump_prob,ve,dim
0,0.8147097826902636,0.8096909915965845,2,0.2,0.3,0.5,0.001,1
