,L2,L2_true,N,std,jump,jump_prob,ve,dim
0,3.5566271714213737,2.3638671662715702,43,0.01,0.3,0.5,0.001,1
