,L2,L2_true,N,std,jump,jump_prob,ve,dim
0,4.282168843649032,2.9135786239234953,7,0.01,0.3,0.5,0.001,3
