,L2,L2_true,N,std,jump,jump_prob,ve,dim
0,21.247638133529986,21.03836571609296,1000,0.01,0.3,0.5,0.001,3
