,L2,L2_true,N,std,jump,jump_prob,ve,dim
0,3.41273684373129,1.4879567656982258,26,0.01,0.3,0.5,0.0025,1
