,L2,L2_true,N,std,jump,jump_prob,ve,dim
0,4.741396375987643,3.1792362572177497,19,0.01,0.3,0.5,0.01,3
