,L2,L2_true,N,std,jump,jump_prob,ve,dim
0,4.843298647200553,3.3125887635764886,19,0.01,0.3,0.5,0.01,3
