,L2,L2_true,N,std,jump,jump_prob,ve,dim
0,4.688248476937988,3.2734953092217953,11,0.01,0.3,0.5,0.0025,3
