,L2,L2_true,N,std,jump,jump_prob,ve,dim
0,3.028677217967953,0.09044896180520101,2682,0.01,0.3,0.5,0.0025,1
