,L2,L2_true,N,std,jump,jump_prob,ve,dim
0,4.908103555924375,3.776140022476567,13,0.01,0.3,0.5,0.001,3
