,L2,L2_true,N,std,jump,jump_prob,ve,dim
0,2.322756714954649,2.321922589657037,11,0.2,0.3,0.5,0.001,1
