,L2,L2_true,N,std,jump,jump_prob,ve,dim
0,2.2741916446717676,2.2730793477644697,37,0.2,0.3,0.5,0.001,1
