,L2,L2_true,N,std,jump,jump_prob,ve,dim
0,3.1190908481799715,0.708159725274729,71,0.01,0.3,0.5,0.0025,1
