,L2,L2_true,N,std,jump,jump_prob,ve,dim
0,3.035225308495515,0.11427112260169749,1389,0.01,0.3,0.5,0.0025,1
