,L2,L2_true,N,std,jump,jump_prob,ve,dim
0,16.920558034781227,16.639743064332954,439,0.01,0.3,0.5,0.001,3
