,L2,L2_true,N,std,jump,jump_prob,ve,dim
0,4.002613682891251,2.4721953280227638,16,0.01,0.3,0.5,0.0025,1
