,L2,L2_true,N,std,jump,jump_prob,ve,dim
0,3.568052325795809,1.0416445854096952,227,0.01,0.3,0.5,0.01,2
