,L2,L2_true,N,std,jump,jump_prob,ve,dim
0,7.6347567869385085,6.969005420775407,51,0.01,0.3,0.5,0.001,3
