,L2,L2_true,N,std,jump,jump_prob,ve,dim
0,3.5001921046998277,0.7649142099307268,22,0.01,0.3,0.5,0.01,1
