,L2,L2_true,N,std,jump,jump_prob,ve,dim
0,3.615911214911725,1.8029127348011902,1,0.01,0.3,0.5,0.001,1
