,L2,L2_true,N,std,jump,jump_prob,ve,dim
0,6.479113766902614,5.5417511013889085,37,0.01,0.3,0.5,0.0025,3
