,L2,L2_true,N,std,jump,jump_prob,ve,dim
0,4.328151929372698,2.514030896797643,10,0.01,0.3,0.5,0.01,3
