,L2,L2_true,N,std,jump,jump_prob,ve,dim
0,3.6793216615930655,1.4952369972942752,2,0.01,0.3,0.5,0.0025,2
