,L2,L2_true,N,std,jump,jump_prob,ve,dim
0,9.484243153089407,8.885644837910121,117,0.01,0.3,0.5,0.0025,3
