,L2,L2_true,N,std,jump,jump_prob,ve,dim
0,3.4481753258758565,0.4874517681103956,1000,0.01,0.3,0.5,0.01,2
