,L2,L2_true,N,std,jump,jump_prob,ve,dim
0,8.382370781818205,7.6965126060337035,84,0.01,0.3,0.5,0.0025,3
