,L2,L2_true,N,std,jump,jump_prob,ve,dim
0,6.4236726738938135,5.478847564752607,37,0.01,0.3,0.5,0.0025,3
