,L2,L2_true,N,std,jump,jump_prob,ve,dim
0,5.545660262062434,4.575633121061712,22,0.01,0.3,0.5,0.001,2
