,L2,L2_true,N,std,jump,jump_prob,ve,dim
0,3.740113510005031,1.4672144272417094,117,0.01,0.3,0.5,0.01,2
