,L2,L2_true,N,std,jump,jump_prob,ve,dim
0,2.365077803491002,2.3590195477464078,37,0.05,0.3,0.5,0.001,1
