,L2,L2_true,N,std,jump,jump_prob,ve,dim
0,3.5872381249003755,1.075658077520257,193,0.01,0.3,0.5,0.01,2
