,L2,L2_true,N,std,jump,jump_prob,ve,dim
0,3.1728576113921694,1.7459652361891453,51,0.01,0.3,0.5,0.001,1
