,L2,L2_true,N,std,jump,jump_prob,ve,dim
0,4.558069126369187,3.0866096719091085,10,0.01,0.3,0.5,0.0025,2
