,L2,L2_true,N,std,jump,jump_prob,ve,dim
0,3.4997745095698027,0.7703521216483101,372,0.01,0.3,0.5,0.01,2
