,L2,L2_true,N,std,jump,jump_prob,ve,dim
0,5.099269786935745,4.073575584006617,268,0.01,0.3,0.5,0.0025,2
