,L2,L2_true,N,std,jump,jump_prob,ve,dim
0,9.222952383469519,8.607356469487534,117,0.01,0.3,0.5,0.0025,3
