,L2,L2_true,N,std,jump,jump_prob,ve,dim
0,3.595585845650485,1.0526820806440473,193,0.01,0.3,0.5,0.01,2
