,L2,L2_true,N,std,jump,jump_prob,ve,dim
0,3.6992769900033697,1.0968167082825535,2,0.01,0.3,0.5,0.01,3
