,L2,L2_true,N,std,jump,jump_prob,ve,dim
0,3.7006524379781656,2.3142755051129162,16,0.01,0.3,0.5,0.001,1
