,L2,L2_true,N,std,jump,jump_prob,ve,dim
0,2.1388528587413567,2.133085360779875,61,0.05,0.3,0.5,0.001,1
