,L2,L2_true,N,std,jump,jump_prob,ve,dim
0,0.7360615025588011,0.7370498022439915,268,0.2,0.3,0.5,0.001,1
