,L2,L2_true,N,std,jump,jump_prob,ve,dim
0,6.426698618590298,5.478465308278264,37,0.01,0.3,0.5,0.0025,3
