,L2,L2_true,N,std,jump,jump_prob,ve,dim
0,5.211515278323379,4.497960357586528,1389,0.01,0.3,0.5,0.001,2
