,L2,L2_true,N,std,jump,jump_prob,ve,dim
0,0.962211110623192,0.9627376112487488,163,0.2,0.3,0.5,0.001,1
