,L2,L2_true,N,std,jump,jump_prob,ve,dim
0,5.33323920814137,4.161679550866779,26,0.01,0.3,0.5,0.0025,2
