,L2,L2_true,N,std,jump,jump_prob,ve,dim
0,2.2318176729844814,2.232603393512116,13,0.2,0.3,0.5,0.001,1
