,L2,L2_true,N,std,jump,jump_prob,ve,dim
0,3.6348516185034163,1.3762406569944805,2,0.01,0.3,0.5,0.0025,1
