,L2,L2_true,N,std,jump,jump_prob,ve,dim
0,4.960823091828869,3.659729343091845,16,0.01,0.3,0.5,0.0025,2
