,L2,L2_true,N,std,jump,jump_prob,ve,dim
0,3.360158029292013,1.4295534138648092,1930,0.01,0.3,0.5,0.0025,2
