,L2,L2_true,N,std,jump,jump_prob,ve,dim
0,3.623386618808397,0.9658123197623906,2,0.01,0.3,0.5,0.01,1
