,L2,L2_true,N,std,jump,jump_prob,ve,dim
0,3.92295169833221,2.373670660372219,4,0.01,0.3,0.5,0.001,2
