,L2,L2_true,N,std,jump,jump_prob,ve,dim
0,2.1463971110380715,2.0755232125042524,6,0.05,0.3,0.5,0.001,1
