,L2,L2_true,N,std,jump,jump_prob,ve,dim
0,0.334374906199641,0.21358358687438478,2682,0.05,0.3,0.5,0.001,1
