,L2,L2_true,N,std,jump,jump_prob,ve,dim
0,4.554086564062237,3.3693373363735253,372,0.01,0.3,0.5,0.0025,2
