,L2,L2_true,N,std,jump,jump_prob,ve,dim
0,4.000478104095649,2.5522779612429902,13,0.01,0.3,0.5,0.001,1
