,L2,L2_true,N,std,jump,jump_prob,ve,dim
0,16.47995709268011,16.194345949773243,372,0.01,0.3,0.5,0.001,3
