,L2,L2_true,N,std,jump,jump_prob,ve,dim
0,5.265155888956347,4.4519737095800425,37,0.01,0.3,0.5,0.001,1
