,L2,L2_true,N,std,jump,jump_prob,ve,dim
0,9.205369022167913,8.663133752403406,84,0.01,0.3,0.5,0.001,3
