,L2,L2_true,N,std,jump,jump_prob,ve,dim
0,12.878932166147669,12.500678207408228,848,0.01,0.3,0.5,0.0025,3
