,L2,L2_true,N,std,jump,jump_prob,ve,dim
0,4.005924073236197,2.1864694798705946,5,0.01,0.3,0.5,0.0025,2
