,L2,L2_true,N,std,jump,jump_prob,ve,dim
0,2.620344300758782,0.15396171077799284,3162,0.01,0.3,0.5,0.001,1
