,L2,L2_true,N,std,jump,jump_prob,ve,dim
0,8.849651010030378,8.195808385552759,100,0.01,0.3,0.5,0.0025,3
