,L2,L2_true,N,std,jump,jump_prob,ve,dim
0,3.8641005334079517,2.395518962451471,8,0.01,0.3,0.5,0.001,1
