,L2,L2_true,N,std,jump,jump_prob,ve,dim
0,4.059719432575416,2.1648399052767484,61,0.01,0.3,0.5,0.01,2
