,L2,L2_true,N,std,jump,jump_prob,ve,dim
0,4.311700087061948,2.6877426792241463,7,0.01,0.3,0.5,0.0025,3
