,L2,L2_true,N,std,jump,jump_prob,ve,dim
0,3.416311605052605,0.08421753685857629,848,0.01,0.3,0.5,0.01,1
