,L2,L2_true,N,std,jump,jump_prob,ve,dim
0,3.46089862989388,0.5322884085460848,37,0.01,0.3,0.5,0.01,1
