,L2,L2_true,N,std,jump,jump_prob,ve,dim
0,3.0420233970962505,0.23435003966807724,517,0.01,0.3,0.5,0.0025,1
