,L2,L2_true,N,std,jump,jump_prob,ve,dim
0,3.9914393735747513,1.8995232662303831,11,0.01,0.3,0.5,0.01,2
