,L2,L2_true,N,std,jump,jump_prob,ve,dim
0,2.0597445930446914,2.0590376208614973,51,0.2,0.3,0.5,0.001,1
