,L2,L2_true,N,std,jump,jump_prob,ve,dim
0,3.619996200317619,1.330012241654659,1,0.01,0.3,0.5,0.0025,1
