,L2,L2_true,N,std,jump,jump_prob,ve,dim
0,6.235602672429863,5.331060878664655,71,0.01,0.3,0.5,0.0025,2
