,L2,L2_true,N,std,jump,jump_prob,ve,dim
0,2.3984416992231217,2.399404568536892,16,0.2,0.3,0.5,0.001,1
