,L2,L2_true,N,std,jump,jump_prob,ve,dim
0,4.354200183886306,2.7741159947080942,8,0.01,0.3,0.5,0.0025,2
