,L2,L2_true,N,std,jump,jump_prob,ve,dim
0,4.567419015141915,3.0940523705709655,11,0.01,0.3,0.5,0.0025,2
