,L2,L2_true,N,std,jump,jump_prob,ve,dim
0,4.199692206510759,2.39422057489907,31,0.01,0.3,0.5,0.01,2
