,L2,L2_true,N,std,jump,jump_prob,ve,dim
0,3.806141658146637,2.2270651236325767,6,0.01,0.3,0.5,0.001,1
