,L2,L2_true,N,std,jump,jump_prob,ve,dim
0,0.6992956981520392,0.6742973100080837,268,0.05,0.3,0.5,0.001,1
