,L2,L2_true,N,std,jump,jump_prob,ve,dim
0,4.080842215788714,2.1561940888599387,37,0.01,0.3,0.5,0.01,2
