,L2,L2_true,N,std,jump,jump_prob,ve,dim
0,6.190222131112922,5.362068777442651,37,0.01,0.3,0.5,0.001,2
