,L2,L2_true,N,std,jump,jump_prob,ve,dim
0,4.039129293543221,2.108298934134783,61,0.01,0.3,0.5,0.01,2
