,L2,L2_true,N,std,jump,jump_prob,ve,dim
0,5.151560718735702,3.840722548584062,227,0.01,0.3,0.5,0.01,3
