,L2,L2_true,N,std,jump,jump_prob,ve,dim
0,5.381342023702636,4.371318544081939,19,0.01,0.3,0.5,0.001,3
