,L2,L2_true,N,std,jump,jump_prob,ve,dim
0,3.3555553120298844,1.419759194700118,1930,0.01,0.3,0.5,0.0025,2
