,L2,L2_true,N,std,jump,jump_prob,ve,dim
0,3.343782741928186,1.4115406208274341,2000,0.01,0.3,0.5,0.0025,2
