,L2,L2_true,N,std,jump,jump_prob,ve,dim
0,0.4562124541989163,0.36857779039000155,719,0.05,0.3,0.5,0.001,1
