,L2,L2_true,N,std,jump,jump_prob,ve,dim
0,21.77210840156815,21.568324661354865,1000,0.01,0.3,0.5,0.001,3
