,L2,L2_true,N,std,jump,jump_prob,ve,dim
0,3.6373287952675124,1.222361867674389,163,0.01,0.3,0.5,0.01,2
