,L2,L2_true,N,std,jump,jump_prob,ve,dim
0,3.6204541888602666,1.8034711616309607,1,0.01,0.3,0.5,0.001,1
