,L2,L2_true,N,std,jump,jump_prob,ve,dim
0,11.212328670787505,10.723544565244454,227,0.01,0.3,0.5,0.0025,3
