,L2,L2_true,N,std,jump,jump_prob,ve,dim
0,1.9417438159504665,1.9426380541471895,37,0.2,0.3,0.5,0.001,1
