,L2,L2_true,N,std,jump,jump_prob,ve,dim
0,3.695201717018288,1.424969249073885,2000,0.01,0.3,0.5,0.01,3
