,L2,L2_true,N,std,jump,jump_prob,ve,dim
0,24.454802176939836,24.29073840974788,2000,0.01,0.3,0.5,0.001,3
