,L2,L2_true,N,std,jump,jump_prob,ve,dim
0,3.235786314152945,1.9130648136009418,51,0.01,0.3,0.5,0.001,1
