,L2,L2_true,N,std,jump,jump_prob,ve,dim
0,3.562133755325585,0.9176639959331624,22,0.01,0.3,0.5,0.01,1
