,L2,L2_true,N,std,jump,jump_prob,ve,dim
0,3.7181187384441245,1.4435978678039845,1930,0.01,0.3,0.5,0.01,3
