,L2,L2_true,N,std,jump,jump_prob,ve,dim
0,3.9431987984708265,2.0577263081493773,4,0.01,0.3,0.5,0.0025,2
