,L2,L2_true,N,std,jump,jump_prob,ve,dim
0,0.4611515671223192,0.367083586851837,848,0.05,0.3,0.5,0.001,1
