,L2,L2_true,N,std,jump,jump_prob,ve,dim
0,4.850818477269733,3.493695254114028,13,0.01,0.3,0.5,0.0025,3
