,L2,L2_true,N,std,jump,jump_prob,ve,dim
0,3.424142059369641,0.18186420538179307,268,0.01,0.3,0.5,0.01,1
