,L2,L2_true,N,std,jump,jump_prob,ve,dim
0,2.2434307142486407,2.1750878868396444,8,0.05,0.3,0.5,0.001,1
