,L2,L2_true,N,std,jump,jump_prob,ve,dim
0,3.623066580648503,0.8472870026743979,2,0.01,0.3,0.5,0.01,1
