,L2,L2_true,N,std,jump,jump_prob,ve,dim
0,3.682813370579054,1.833448662224557,11,0.01,0.3,0.5,0.0025,1
