,L2,L2_true,N,std,jump,jump_prob,ve,dim
0,11.407173071587982,10.979872547948986,1637,0.01,0.3,0.5,0.0025,3
