,L2,L2_true,N,std,jump,jump_prob,ve,dim
0,3.8856395416801175,2.6458795391863994,26,0.01,0.3,0.5,0.001,1
