,L2,L2_true,N,std,jump,jump_prob,ve,dim
0,4.5728242255119795,3.734308217356759,2000,0.01,0.3,0.5,0.001,2
