,L2,L2_true,N,std,jump,jump_prob,ve,dim
0,5.255515710138744,3.961425605208633,193,0.01,0.3,0.5,0.01,3
