,L2,L2_true,N,std,jump,jump_prob,ve,dim
0,4.2181442520813635,2.3245015513103966,8,0.01,0.3,0.5,0.01,3
