,L2,L2_true,N,std,jump,jump_prob,ve,dim
0,2.358221390092291,2.266819977638356,4,0.05,0.3,0.5,0.001,1
