,L2,L2_true,N,std,jump,jump_prob,ve,dim
0,0.3812661095629677,0.31664414615853204,1000,0.05,0.3,0.5,0.001,1
