,L2,L2_true,N,std,jump,jump_prob,ve,dim
0,3.661548965885815,1.2982795340475912,138,0.01,0.3,0.5,0.01,2
