,L2,L2_true,N,std,jump,jump_prob,ve,dim
0,3.676130517856344,1.1349191132606151,5,0.01,0.3,0.5,0.01,1
