,L2,L2_true,N,std,jump,jump_prob,ve,dim
0,2.2860798874626345,2.2152488166622937,8,0.05,0.3,0.5,0.001,1
