,L2,L2_true,N,std,jump,jump_prob,ve,dim
0,4.790692594380706,3.422045456599827,13,0.01,0.3,0.5,0.0025,3
