,L2,L2_true,N,std,jump,jump_prob,ve,dim
0,5.669759000797302,4.738106050060524,26,0.01,0.3,0.5,0.001,2
