,L2,L2_true,N,std,jump,jump_prob,ve,dim
0,4.452261817704814,3.2227516410337893,439,0.01,0.3,0.5,0.0025,2
