,L2,L2_true,N,std,jump,jump_prob,ve,dim
0,3.617816798390829,1.8034674653306526,1,0.01,0.3,0.5,0.001,1
