,L2,L2_true,N,std,jump,jump_prob,ve,dim
0,2.157142204030341,2.154384365346995,6,0.2,0.3,0.5,0.001,1
