,L2,L2_true,N,std,jump,jump_prob,ve,dim
0,3.6158866109518915,1.8032352702140049,1,0.01,0.3,0.5,0.001,1
