,L2,L2_true,N,std,jump,jump_prob,ve,dim
0,3.641075297871033,1.8513188413672779,2,0.01,0.3,0.5,0.001,1
