,L2,L2_true,N,std,jump,jump_prob,ve,dim
0,3.935181990665837,1.8862058082431166,71,0.01,0.3,0.5,0.01,2
