,L2,L2_true,N,std,jump,jump_prob,ve,dim
0,4.232390968275947,3.2671570890592605,37,0.01,0.3,0.5,0.001,1
