,L2,L2_true,N,std,jump,jump_prob,ve,dim
0,3.8725957481496494,1.7837017798675796,71,0.01,0.3,0.5,0.01,2
