,L2,L2_true,N,std,jump,jump_prob,ve,dim
0,3.6437690940320913,1.2378398411501317,138,0.01,0.3,0.5,0.01,2
