,L2,L2_true,N,std,jump,jump_prob,ve,dim
0,2.057394153234031,2.058400202288742,11,0.2,0.3,0.5,0.001,1
