,L2,L2_true,N,std,jump,jump_prob,ve,dim
0,5.5366769898109185,4.316334016907491,163,0.01,0.3,0.5,0.01,3
