,L2,L2_true,N,std,jump,jump_prob,ve,dim
0,3.617923037437591,1.801927621323904,1,0.01,0.3,0.5,0.001,1
