,L2,L2_true,N,std,jump,jump_prob,ve,dim
0,2.808092602765809,2.766852707596812,22,0.05,0.3,0.5,0.001,1
