,L2,L2_true,N,std,jump,jump_prob,ve,dim
0,6.053191057332605,5.124920797286101,71,0.01,0.3,0.5,0.0025,2
