,L2,L2_true,N,std,jump,jump_prob,ve,dim
0,24.463815990737277,24.28387881239511,2000,0.01,0.3,0.5,0.001,3
