,L2,L2_true,N,std,jump,jump_prob,ve,dim
0,3.094626201026883,1.5631054830354614,51,0.01,0.3,0.5,0.001,1
