,L2,L2_true,N,std,jump,jump_prob,ve,dim
0,10.554241054169994,10.026386282403466,193,0.01,0.3,0.5,0.0025,3
