,L2,L2_true,N,std,jump,jump_prob,ve,dim
0,3.8179679623798237,1.8037824772526556,3,0.01,0.3,0.5,0.0025,2
