,L2,L2_true,N,std,jump,jump_prob,ve,dim
0,3.6174478621466752,0.7448609374583933,1,0.01,0.3,0.5,0.01,1
