,L2,L2_true,N,std,jump,jump_prob,ve,dim
0,2.621493676379864,0.1605978157599703,2682,0.01,0.3,0.5,0.001,1
