,L2,L2_true,N,std,jump,jump_prob,ve,dim
0,3.6288729138761457,1.0183961917172857,11,0.01,0.3,0.5,0.01,1
