,L2,L2_true,N,std,jump,jump_prob,ve,dim
0,4.6618567305062095,3.2264892332195476,11,0.01,0.3,0.5,0.0025,3
