,L2,L2_true,N,std,jump,jump_prob,ve,dim
0,4.981942371582516,3.531086401560949,26,0.01,0.3,0.5,0.01,3
