,L2,L2_true,N,std,jump,jump_prob,ve,dim
0,7.029102197200305,6.31778026848881,51,0.01,0.3,0.5,0.001,2
