,L2,L2_true,N,std,jump,jump_prob,ve,dim
0,1.7945973769260462,1.6856721397210779,4,0.05,0.3,0.5,0.001,1
