,L2,L2_true,N,std,jump,jump_prob,ve,dim
0,4.243227727822189,2.387731316297834,19,0.01,0.3,0.5,0.01,2
