,L2,L2_true,N,std,jump,jump_prob,ve,dim
0,0.8431157795111129,0.8443105843472786,2,0.2,0.3,0.5,0.001,1
