,L2,L2_true,N,std,jump,jump_prob,ve,dim
0,3.6598401122097477,1.3848871411328014,2,0.01,0.3,0.5,0.0025,1
