,L2,L2_true,N,std,jump,jump_prob,ve,dim
0,10.146384660831535,9.59812525952618,163,0.01,0.3,0.5,0.0025,3
