,L2,L2_true,N,std,jump,jump_prob,ve,dim
0,4.3383597802858045,2.533870201940442,11,0.01,0.3,0.5,0.01,3
