,L2,L2_true,N,std,jump,jump_prob,ve,dim
0,3.565348594435507,0.7990990053447031,16,0.01,0.3,0.5,0.01,1
