,L2,L2_true,N,std,jump,jump_prob,ve,dim
0,5.263065330576978,3.930654065175058,43,0.01,0.3,0.5,0.01,3
