,L2,L2_true,N,std,jump,jump_prob,ve,dim
0,3.5047870739358618,0.7762213715309,372,0.01,0.3,0.5,0.01,2
