,L2,L2_true,N,std,jump,jump_prob,ve,dim
0,3.9224869055806275,2.3805044953331453,6,0.01,0.3,0.5,0.001,1
