,L2,L2_true,N,std,jump,jump_prob,ve,dim
0,4.338135152630675,2.6456607692814815,610,0.01,0.3,0.5,0.01,3
