,L2,L2_true,N,std,jump,jump_prob,ve,dim
0,3.0337044660830834,0.11202647477600242,2275,0.01,0.3,0.5,0.0025,1
