,L2,L2_true,N,std,jump,jump_prob,ve,dim
0,3.757083904162851,1.805975521003436,10,0.01,0.3,0.5,0.0025,1
