,L2,L2_true,N,std,jump,jump_prob,ve,dim
0,2.7342471670217665,0.834650136753058,193,0.01,0.3,0.5,0.001,1
