,L2,L2_true,N,std,jump,jump_prob,ve,dim
0,4.496072649031667,3.3094797027054397,439,0.01,0.3,0.5,0.0025,2
