,L2,L2_true,N,std,jump,jump_prob,ve,dim
0,3.4082335772595442,0.2037505786757169,100,0.01,0.3,0.5,0.01,1
