,L2,L2_true,N,std,jump,jump_prob,ve,dim
0,3.1251333095691805,1.5979489255580255,43,0.01,0.3,0.5,0.001,1
