,L2,L2_true,N,std,jump,jump_prob,ve,dim
0,8.133930752082865,7.509764789867633,61,0.01,0.3,0.5,0.001,3
