,L2,L2_true,N,std,jump,jump_prob,ve,dim
0,2.661495917347965,0.5643680433297575,268,0.01,0.3,0.5,0.001,1
