,L2,L2_true,N,std,jump,jump_prob,ve,dim
0,2.6171669083369027,0.18805169251727846,2275,0.01,0.3,0.5,0.001,1
