,L2,L2_true,N,std,jump,jump_prob,ve,dim
0,5.5313174223641015,4.3925945278121805,22,0.01,0.3,0.5,0.0025,3
