,L2,L2_true,N,std,jump,jump_prob,ve,dim
0,1.6490277283195902,1.6516598561744542,6,0.2,0.3,0.5,0.001,1
