,L2,L2_true,N,std,jump,jump_prob,ve,dim
0,5.115067412640312,3.8541266105862366,16,0.01,0.3,0.5,0.0025,3
