,L2,L2_true,N,std,jump,jump_prob,ve,dim
0,6.018040166142502,5.080908829833589,71,0.01,0.3,0.5,0.0025,2
