,L2,L2_true,N,std,jump,jump_prob,ve,dim
0,3.502200305644687,3.4721489087082262,19,0.05,0.3,0.5,0.001,1
