,L2,L2_true,N,std,jump,jump_prob,ve,dim
0,0.584812103590303,0.5213550157053639,439,0.05,0.3,0.5,0.001,1
