,L2,L2_true,N,std,jump,jump_prob,ve,dim
0,3.896760914675018,1.7211918715563026,7,0.01,0.3,0.5,0.01,1
