,L2,L2_true,N,std,jump,jump_prob,ve,dim
0,3.6210966413924734,0.9404463689941296,7,0.01,0.3,0.5,0.01,1
