,L2,L2_true,N,std,jump,jump_prob,ve,dim
0,2.481112316665692,2.4591419782668917,26,0.05,0.3,0.5,0.001,1
