,L2,L2_true,N,std,jump,jump_prob,ve,dim
0,3.483165643939124,1.6943328265085253,1389,0.01,0.3,0.5,0.0025,2
