,L2,L2_true,N,std,jump,jump_prob,ve,dim
0,4.04277856247115,1.9682394267531995,7,0.01,0.3,0.5,0.01,2
