,L2,L2_true,N,std,jump,jump_prob,ve,dim
0,2.576820666532798,2.537029162810563,11,0.05,0.3,0.5,0.001,1
