,L2,L2_true,N,std,jump,jump_prob,ve,dim
0,1.2829291605249489,1.2835129615996277,100,0.2,0.3,0.5,0.001,1
