,L2,L2_true,N,std,jump,jump_prob,ve,dim
0,5.656536788081228,4.7054079999116,163,0.01,0.3,0.5,0.0025,2
