,L2,L2_true,N,std,jump,jump_prob,ve,dim
0,3.7459259516993195,1.5177008128281506,117,0.01,0.3,0.5,0.01,2
