,L2,L2_true,N,std,jump,jump_prob,ve,dim
0,11.087894514126535,10.641304604816193,138,0.01,0.3,0.5,0.001,3
