,L2,L2_true,N,std,jump,jump_prob,ve,dim
0,3.979807613427792,2.0493920007474196,1000,0.01,0.3,0.5,0.01,3
