,L2,L2_true,N,std,jump,jump_prob,ve,dim
0,4.00073861044968,2.708566455145608,16,0.01,0.3,0.5,0.001,1
