,L2,L2_true,N,std,jump,jump_prob,ve,dim
0,3.6390862149281897,0.9057314613538255,2,0.01,0.3,0.5,0.01,1
