,L2,L2_true,N,std,jump,jump_prob,ve,dim
0,3.6388528731513543,0.9792346370501644,2,0.01,0.3,0.5,0.01,1
