,L2,L2_true,N,std,jump,jump_prob,ve,dim
0,5.399000995415123,4.09269393109524,51,0.01,0.3,0.5,0.01,3
