,L2,L2_true,N,std,jump,jump_prob,ve,dim
0,5.648102885600927,4.4616502212296,100,0.01,0.3,0.5,0.01,3
