,L2,L2_true,N,std,jump,jump_prob,ve,dim
0,5.5387705690691975,4.577698665287068,193,0.01,0.3,0.5,0.0025,2
