,L2,L2_true,N,std,jump,jump_prob,ve,dim
0,3.426844329865334,0.16022719524731505,193,0.01,0.3,0.5,0.01,1
