,L2,L2_true,N,std,jump,jump_prob,ve,dim
0,2.8801816765301003,1.2014453261678164,100,0.01,0.3,0.5,0.001,1
