,L2,L2_true,N,std,jump,jump_prob,ve,dim
0,3.4824150220173316,1.6871828202968453,37,0.01,0.3,0.5,0.0025,1
