,L2,L2_true,N,std,jump,jump_prob,ve,dim
0,0.2154646544034842,0.21577111740384777,3162,0.2,0.3,0.5,0.001,1
