,L2,L2_true,N,std,jump,jump_prob,ve,dim
0,5.975886640078022,5.058815798415436,117,0.01,0.3,0.5,0.0025,2
