,L2,L2_true,N,std,jump,jump_prob,ve,dim
0,3.0546511895081045,0.32542383965408306,268,0.01,0.3,0.5,0.0025,1
