,L2,L2_true,N,std,jump,jump_prob,ve,dim
0,2.4822023312872905,2.4450366485105453,26,0.05,0.3,0.5,0.001,1
