,L2,L2_true,N,std,jump,jump_prob,ve,dim
0,4.588885063541211,3.7518615989370385,2000,0.01,0.3,0.5,0.001,2
