,L2,L2_true,N,std,jump,jump_prob,ve,dim
0,5.4120520980404105,4.416691729460072,22,0.01,0.3,0.5,0.001,2
