,L2,L2_true,N,std,jump,jump_prob,ve,dim
0,5.310805810331507,4.110894826856973,19,0.01,0.3,0.5,0.0025,3
