,L2,L2_true,N,std,jump,jump_prob,ve,dim
0,3.7474541656071727,2.0441693587117147,2,0.01,0.3,0.5,0.001,2
