,L2,L2_true,N,std,jump,jump_prob,ve,dim
0,3.767075140778349,1.576726933680019,100,0.01,0.3,0.5,0.01,2
