,L2,L2_true,N,std,jump,jump_prob,ve,dim
0,2.646303490887717,0.5613128047655067,268,0.01,0.3,0.5,0.001,1
