,L2,L2_true,N,std,jump,jump_prob,ve,dim
0,2.157378519967159,2.0606881091203877,5,0.05,0.3,0.5,0.001,1
