,L2,L2_true,N,std,jump,jump_prob,ve,dim
0,1.885834827243262,1.7733306958383728,4,0.05,0.3,0.5,0.001,1
