,L2,L2_true,N,std,jump,jump_prob,ve,dim
0,4.8383246385159575,3.682260231958288,13,0.01,0.3,0.5,0.001,3
