,L2,L2_true,N,std,jump,jump_prob,ve,dim
0,6.01075839953281,5.101068758040001,117,0.01,0.3,0.5,0.0025,2
