,L2,L2_true,N,std,jump,jump_prob,ve,dim
0,2.6435814439964385,2.6448343665870864,13,0.2,0.3,0.5,0.001,1
