,L2,L2_true,N,std,jump,jump_prob,ve,dim
0,3.742298312378636,1.619848385593605,2,0.01,0.3,0.5,0.0025,3
