,L2,L2_true,N,std,jump,jump_prob,ve,dim
0,3.7926754394137716,1.3865616791250706,3,0.01,0.3,0.5,0.01,3
