,L2,L2_true,N,std,jump,jump_prob,ve,dim
0,9.36746527473701,8.760979999296277,117,0.01,0.3,0.5,0.0025,3
