,L2,L2_true,N,std,jump,jump_prob,ve,dim
0,9.907166375146813,9.347633294038106,138,0.01,0.3,0.5,0.0025,3
