,L2,L2_true,N,std,jump,jump_prob,ve,dim
0,3.887737227913875,2.2892400493925273,3,0.01,0.3,0.5,0.001,3
