,L2,L2_true,N,std,jump,jump_prob,ve,dim
0,21.11942585741193,20.914819113057177,1000,0.01,0.3,0.5,0.001,3
