,L2,L2_true,N,std,jump,jump_prob,ve,dim
0,0.4636273343257145,0.46272806906931335,610,0.2,0.3,0.5,0.001,1
