,L2,L2_true,N,std,jump,jump_prob,ve,dim
0,22.62585537921471,22.433016728376543,1178,0.01,0.3,0.5,0.001,3
