,L2,L2_true,N,std,jump,jump_prob,ve,dim
0,3.305335427771689,1.2413687339844528,26,0.01,0.3,0.5,0.0025,1
