,L2,L2_true,N,std,jump,jump_prob,ve,dim
0,24.972332432082588,24.804910150464664,2275,0.01,0.3,0.5,0.001,3
