,L2,L2_true,N,std,jump,jump_prob,ve,dim
0,1.7155851079069295,1.6021133657124067,3,0.05,0.3,0.5,0.001,1
