,L2,L2_true,N,std,jump,jump_prob,ve,dim
0,3.1203438276072517,0.6460359002110512,84,0.01,0.3,0.5,0.0025,1
