,L2,L2_true,N,std,jump,jump_prob,ve,dim
0,1.8821213141557094,1.7851818454225026,4,0.05,0.3,0.5,0.001,1
