,L2,L2_true,N,std,jump,jump_prob,ve,dim
0,5.84169102320296,4.888766417090688,100,0.01,0.3,0.5,0.0025,2
