,L2,L2_true,N,std,jump,jump_prob,ve,dim
0,4.7415523874478955,3.1775658778203755,22,0.01,0.3,0.5,0.01,3
