,L2,L2_true,N,std,jump,jump_prob,ve,dim
0,3.1763798826154424,0.8614849871731995,43,0.01,0.3,0.5,0.0025,1
