,L2,L2_true,N,std,jump,jump_prob,ve,dim
0,12.871913089045275,12.473380514530229,719,0.01,0.3,0.5,0.0025,3
