,L2,L2_true,N,std,jump,jump_prob,ve,dim
0,4.014952219225822,1.931829798738191,6,0.01,0.3,0.5,0.01,3
