,L2,L2_true,N,std,jump,jump_prob,ve,dim
0,3.761208615093944,1.5745182647242428,1637,0.01,0.3,0.5,0.01,3
