,L2,L2_true,N,std,jump,jump_prob,ve,dim
0,4.006068902274633,3.012553004547049,3000,0.01,0.3,0.5,0.001,2
