,L2,L2_true,N,std,jump,jump_prob,ve,dim
0,3.713115759695574,1.9785828571216115,2,0.01,0.3,0.5,0.001,3
