,L2,L2_true,N,std,jump,jump_prob,ve,dim
0,3.265956925057604,3.2065283292035316,11,0.05,0.3,0.5,0.001,1
