,L2,L2_true,N,std,jump,jump_prob,ve,dim
0,0.3299780141081983,0.32970463068466294,1389,0.2,0.3,0.5,0.001,1
