,L2,L2_true,N,std,jump,jump_prob,ve,dim
0,5.169371870518646,4.112242160959594,16,0.01,0.3,0.5,0.001,2
