,L2,L2_true,N,std,jump,jump_prob,ve,dim
0,3.896148469732259,1.6519619041835691,4,0.01,0.3,0.5,0.01,3
