,L2,L2_true,N,std,jump,jump_prob,ve,dim
0,3.5554507767482515,0.8919247135514694,16,0.01,0.3,0.5,0.01,1
