,L2,L2_true,N,std,jump,jump_prob,ve,dim
0,4.083249915860604,2.8874106248559617,31,0.01,0.3,0.5,0.001,1
