,L2,L2_true,N,std,jump,jump_prob,ve,dim
0,3.9568659229397607,2.425374301282605,6,0.01,0.3,0.5,0.001,1
