,L2,L2_true,N,std,jump,jump_prob,ve,dim
0,5.652613854642609,4.709192231940183,22,0.01,0.3,0.5,0.001,2
