,L2,L2_true,N,std,jump,jump_prob,ve,dim
0,3.6896062099178195,1.7865760763237661,10,0.01,0.3,0.5,0.0025,1
