,L2,L2_true,N,std,jump,jump_prob,ve,dim
0,8.245872151245008,7.6736605610652004,117,0.01,0.3,0.5,0.001,2
