,L2,L2_true,N,std,jump,jump_prob,ve,dim
0,3.69556837098478,1.0487439273146957,2,0.01,0.3,0.5,0.01,2
