,L2,L2_true,N,std,jump,jump_prob,ve,dim
0,16.313463907710172,16.032473741623196,372,0.01,0.3,0.5,0.001,3
