,L2,L2_true,N,std,jump,jump_prob,ve,dim
0,4.9156736707930175,3.7739744885461084,13,0.01,0.3,0.5,0.001,2
