,L2,L2_true,N,std,jump,jump_prob,ve,dim
0,3.0380400730720303,0.13651148562417695,1637,0.01,0.3,0.5,0.0025,1
