,L2,L2_true,N,std,jump,jump_prob,ve,dim
0,5.132815089456855,3.891550438551004,19,0.01,0.3,0.5,0.0025,2
