,L2,L2_true,N,std,jump,jump_prob,ve,dim
0,4.057981251842242,2.689629871342072,610,0.01,0.3,0.5,0.0025,2
