,L2,L2_true,N,std,jump,jump_prob,ve,dim
0,4.370821359959842,3.0507593810362406,8,0.01,0.3,0.5,0.001,3
