,L2,L2_true,N,std,jump,jump_prob,ve,dim
0,0.5395688110980923,0.5383510904623731,517,0.2,0.3,0.5,0.001,1
