,L2,L2_true,N,std,jump,jump_prob,ve,dim
0,4.614635158979321,3.7802656852464205,2000,0.01,0.3,0.5,0.001,2
