,L2,L2_true,N,std,jump,jump_prob,ve,dim
0,6.669252093798204,5.878275029215495,37,0.01,0.3,0.5,0.001,3
