,L2,L2_true,N,std,jump,jump_prob,ve,dim
0,12.115149432795343,11.681935772222154,439,0.01,0.3,0.5,0.0025,3
