,L2,L2_true,N,std,jump,jump_prob,ve,dim
0,2.6326627093101638,0.22543070749923297,1930,0.01,0.3,0.5,0.001,1
