,L2,L2_true,N,std,jump,jump_prob,ve,dim
0,3.0609921750602798,0.4653417053280945,84,0.01,0.3,0.5,0.0025,1
