,L2,L2_true,N,std,jump,jump_prob,ve,dim
0,7.350682324233988,6.697281988740063,71,0.01,0.3,0.5,0.001,2
