,L2,L2_true,N,std,jump,jump_prob,ve,dim
0,2.619072362876165,0.16993883532663745,1930,0.01,0.3,0.5,0.001,1
