,L2,L2_true,N,std,jump,jump_prob,ve,dim
0,11.933320506196555,11.528751296493276,1389,0.01,0.3,0.5,0.0025,3
