,L2,L2_true,N,std,jump,jump_prob,ve,dim
0,3.4702034157073816,0.6128727840675198,26,0.01,0.3,0.5,0.01,1
