,L2,L2_true,N,std,jump,jump_prob,ve,dim
0,1.9003150951664554,1.9005248034219975,22,0.2,0.3,0.5,0.001,1
