,L2,L2_true,N,std,jump,jump_prob,ve,dim
0,3.3571436697399686,1.4321973291161727,1930,0.01,0.3,0.5,0.0025,2
