,L2,L2_true,N,std,jump,jump_prob,ve,dim
0,3.9662198086120117,2.9752239056357572,3000,0.01,0.3,0.5,0.001,2
