,L2,L2_true,N,std,jump,jump_prob,ve,dim
0,3.727761681334166,1.4654773741195775,117,0.01,0.3,0.5,0.01,2
