,L2,L2_true,N,std,jump,jump_prob,ve,dim
0,5.42932476591349,4.171921859608151,138,0.01,0.3,0.5,0.01,3
