,L2,L2_true,N,std,jump,jump_prob,ve,dim
0,8.436360239587126,7.924149848728711,193,0.01,0.3,0.5,0.001,2
