,L2,L2_true,N,std,jump,jump_prob,ve,dim
0,3.6778890150894936,1.3205443010373394,138,0.01,0.3,0.5,0.01,2
