,L2,L2_true,N,std,jump,jump_prob,ve,dim
0,6.338200831438845,5.505561839685664,31,0.01,0.3,0.5,0.001,3
