,L2,L2_true,N,std,jump,jump_prob,ve,dim
0,4.118724082035815,2.161166593071422,22,0.01,0.3,0.5,0.01,2
