,L2,L2_true,N,std,jump,jump_prob,ve,dim
0,0.3635339980288118,0.27616427767041085,1389,0.05,0.3,0.5,0.001,1
