,L2,L2_true,N,std,jump,jump_prob,ve,dim
0,7.991644867235725,7.256813452269385,71,0.01,0.3,0.5,0.0025,3
