,L2,L2_true,N,std,jump,jump_prob,ve,dim
0,0.6157348447387874,0.5538868315902962,372,0.05,0.3,0.5,0.001,1
