,L2,L2_true,N,std,jump,jump_prob,ve,dim
0,4.811694023599997,3.6581681513234514,13,0.01,0.3,0.5,0.001,2
