,L2,L2_true,N,std,jump,jump_prob,ve,dim
0,3.341319683850143,1.3929917165046644,2000,0.01,0.3,0.5,0.0025,2
