,L2,L2_true,N,std,jump,jump_prob,ve,dim
0,3.037608761298831,0.10404756674531883,3162,0.01,0.3,0.5,0.0025,1
