,L2,L2_true,N,std,jump,jump_prob,ve,dim
0,4.334276969813121,2.641316668335871,610,0.01,0.3,0.5,0.01,3
