,L2,L2_true,N,std,jump,jump_prob,ve,dim
0,9.5762036184666,8.984737204396717,138,0.01,0.3,0.5,0.0025,3
