,L2,L2_true,N,std,jump,jump_prob,ve,dim
0,3.8193299338378113,1.6986713391449044,1389,0.01,0.3,0.5,0.01,3
