,L2,L2_true,N,std,jump,jump_prob,ve,dim
0,12.161184074535221,11.744294730811145,1389,0.01,0.3,0.5,0.0025,3
