,L2,L2_true,N,std,jump,jump_prob,ve,dim
0,3.5034389223734874,0.7434599302695777,372,0.01,0.3,0.5,0.01,2
