,L2,L2_true,N,std,jump,jump_prob,ve,dim
0,2.5251854010646286,2.488230853742854,13,0.05,0.3,0.5,0.001,1
