,L2,L2_true,N,std,jump,jump_prob,ve,dim
0,2.635725947718408,0.32208822722796554,719,0.01,0.3,0.5,0.001,1
