,L2,L2_true,N,std,jump,jump_prob,ve,dim
0,3.8677626939296506,2.2376922854391053,2,0.01,0.3,0.5,0.001,1
