,L2,L2_true,N,std,jump,jump_prob,ve,dim
0,3.4157571561103275,0.10344553364098265,1000,0.01,0.3,0.5,0.01,1
