,L2,L2_true,N,std,jump,jump_prob,ve,dim
0,4.012461019252221,2.1953847183274076,5,0.01,0.3,0.5,0.0025,2
