,L2,L2_true,N,std,jump,jump_prob,ve,dim
0,8.04249853444474,7.557181979654329,439,0.01,0.3,0.5,0.001,2
