,L2,L2_true,N,std,jump,jump_prob,ve,dim
0,0.37460941969901507,0.31033493789117417,1178,0.05,0.3,0.5,0.001,1
