,L2,L2_true,N,std,jump,jump_prob,ve,dim
0,3.4277755542702013,0.12051755521157946,227,0.01,0.3,0.5,0.01,1
