,L2,L2_true,N,std,jump,jump_prob,ve,dim
0,3.349075056682283,1.3621584953521648,37,0.01,0.3,0.5,0.0025,1
