,L2,L2_true,N,std,jump,jump_prob,ve,dim
0,2.629688316782194,0.2715837711699038,1178,0.01,0.3,0.5,0.001,1
