,L2,L2_true,N,std,jump,jump_prob,ve,dim
0,4.4777254523028915,2.9624399417835874,11,0.01,0.3,0.5,0.0025,2
