,L2,L2_true,N,std,jump,jump_prob,ve,dim
0,2.7003086254189608,0.6696381446602593,227,0.01,0.3,0.5,0.001,1
