,L2,L2_true,N,std,jump,jump_prob,ve,dim
0,3.4612796072766074,0.6009094160121266,517,0.01,0.3,0.5,0.01,2
