,L2,L2_true,N,std,jump,jump_prob,ve,dim
0,2.4175664269029142,2.4179314343051796,16,0.2,0.3,0.5,0.001,1
