,L2,L2_true,N,std,jump,jump_prob,ve,dim
0,3.6691048440956893,1.3272234751679464,163,0.01,0.3,0.5,0.01,2
