,L2,L2_true,N,std,jump,jump_prob,ve,dim
0,3.423062520295966,0.2988287403336281,71,0.01,0.3,0.5,0.01,1
