,L2,L2_true,N,std,jump,jump_prob,ve,dim
0,3.4331892612012935,0.32411211140040835,2000,0.01,0.3,0.5,0.01,2
