,L2,L2_true,N,std,jump,jump_prob,ve,dim
0,4.088010646083425,2.324258506898362,6,0.01,0.3,0.5,0.0025,2
