,L2,L2_true,N,std,jump,jump_prob,ve,dim
0,5.252389515877651,3.950870956668268,193,0.01,0.3,0.5,0.01,3
