,L2,L2_true,N,std,jump,jump_prob,ve,dim
0,11.2703556016632,10.837065763853893,1930,0.01,0.3,0.5,0.0025,3
