,L2,L2_true,N,std,jump,jump_prob,ve,dim
0,5.521292826313384,4.270456639037691,71,0.01,0.3,0.5,0.01,3
