,L2,L2_true,N,std,jump,jump_prob,ve,dim
0,1.563600645104933,1.562688264441287,84,0.2,0.3,0.5,0.001,1
