,L2,L2_true,N,std,jump,jump_prob,ve,dim
0,4.88235471291432,3.380846446962107,22,0.01,0.3,0.5,0.01,3
