,L2,L2_true,N,std,jump,jump_prob,ve,dim
0,4.520306047611945,2.944699998481393,439,0.01,0.3,0.5,0.01,3
