,L2,L2_true,N,std,jump,jump_prob,ve,dim
0,3.3656343390094956,1.3663527068311576,43,0.01,0.3,0.5,0.0025,1
