,L2,L2_true,N,std,jump,jump_prob,ve,dim
0,5.789324932122389,4.709105843338841,26,0.01,0.3,0.5,0.0025,3
