,L2,L2_true,N,std,jump,jump_prob,ve,dim
0,4.593985786053665,3.3461500777737285,10,0.01,0.3,0.5,0.001,3
