,L2,L2_true,N,std,jump,jump_prob,ve,dim
0,3.8854739207220055,2.4229837754401196,10,0.01,0.3,0.5,0.001,1
