,L2,L2_true,N,std,jump,jump_prob,ve,dim
0,0.4222538383261838,0.3388286554046379,1000,0.05,0.3,0.5,0.001,1
