,L2,L2_true,N,std,jump,jump_prob,ve,dim
0,3.284537347470029,1.2956981833457566,2275,0.01,0.3,0.5,0.0025,2
