,L2,L2_true,N,std,jump,jump_prob,ve,dim
0,3.0952392422301154,0.609507734134064,100,0.01,0.3,0.5,0.0025,1
