,L2,L2_true,N,std,jump,jump_prob,ve,dim
0,4.113997701563348,2.1717159296175432,26,0.01,0.3,0.5,0.01,2
