,L2,L2_true,N,std,jump,jump_prob,ve,dim
0,1.0067780543886438,0.9757322201973624,163,0.05,0.3,0.5,0.001,1
