,L2,L2_true,N,std,jump,jump_prob,ve,dim
0,2.2804034970837987,2.2801095382704997,16,0.2,0.3,0.5,0.001,1
