,L2,L2_true,N,std,jump,jump_prob,ve,dim
0,5.216636712129673,4.165049604565548,19,0.01,0.3,0.5,0.001,2
