,L2,L2_true,N,std,jump,jump_prob,ve,dim
0,3.0383389587860674,0.07251258797476677,3162,0.01,0.3,0.5,0.0025,1
