,L2,L2_true,N,std,jump,jump_prob,ve,dim
0,3.0297877011643273,0.09344401206125527,3162,0.01,0.3,0.5,0.0025,1
