,L2,L2_true,N,std,jump,jump_prob,ve,dim
0,3.609060647238838,1.3286646133046152,1,0.01,0.3,0.5,0.0025,3
