,L2,L2_true,N,std,jump,jump_prob,ve,dim
0,0.5264350276277737,0.5262302673053969,439,0.2,0.3,0.5,0.001,1
