,L2,L2_true,N,std,jump,jump_prob,ve,dim
0,3.4811242334625114,1.4870576854980881,19,0.01,0.3,0.5,0.0025,1
