,L2,L2_true,N,std,jump,jump_prob,ve,dim
0,4.532299894649509,3.0357807966429116,10,0.01,0.3,0.5,0.0025,3
