,L2,L2_true,N,std,jump,jump_prob,ve,dim
0,3.4107083661366064,0.1509233699436765,227,0.01,0.3,0.5,0.01,1
