,L2,L2_true,N,std,jump,jump_prob,ve,dim
0,3.9674976474694663,2.007632484835457,1000,0.01,0.3,0.5,0.01,3
