,L2,L2_true,N,std,jump,jump_prob,ve,dim
0,3.8773101858457992,2.2919601504404867,3,0.01,0.3,0.5,0.001,3
