,L2,L2_true,N,std,jump,jump_prob,ve,dim
0,3.6321866406871703,1.1968253173145358,193,0.01,0.3,0.5,0.01,2
