,L2,L2_true,N,std,jump,jump_prob,ve,dim
0,12.567404832432587,12.156417652995538,848,0.01,0.3,0.5,0.0025,3
