,L2,L2_true,N,std,jump,jump_prob,ve,dim
0,2.1876674861070304,2.0987132072824384,5,0.05,0.3,0.5,0.001,1
