,L2,L2_true,N,std,jump,jump_prob,ve,dim
0,2.690153523532158,0.6263818633091545,193,0.01,0.3,0.5,0.001,1
