,L2,L2_true,N,std,jump,jump_prob,ve,dim
0,13.35107299614698,12.998170475165836,227,0.01,0.3,0.5,0.001,3
