,L2,L2_true,N,std,jump,jump_prob,ve,dim
0,4.0106308117089275,2.7447522063839873,19,0.01,0.3,0.5,0.001,1
