,L2,L2_true,N,std,jump,jump_prob,ve,dim
0,4.65462132776405,3.8450063789228643,1930,0.01,0.3,0.5,0.001,2
