,L2,L2_true,N,std,jump,jump_prob,ve,dim
0,4.062036569329763,2.125611679553678,61,0.01,0.3,0.5,0.01,2
