,L2,L2_true,N,std,jump,jump_prob,ve,dim
0,4.028065003805117,1.9681380781191575,8,0.01,0.3,0.5,0.01,2
