,L2,L2_true,N,std,jump,jump_prob,ve,dim
0,3.7014539749028077,1.4152625975364734,2000,0.01,0.3,0.5,0.01,3
