,L2,L2_true,N,std,jump,jump_prob,ve,dim
0,3.621176829362448,0.7452555499960175,1,0.01,0.3,0.5,0.01,2
