,L2,L2_true,N,std,jump,jump_prob,ve,dim
0,7.047938497454947,6.311290503805601,43,0.01,0.3,0.5,0.001,3
