,L2,L2_true,N,std,jump,jump_prob,ve,dim
0,5.967043934586797,4.995014814094977,61,0.01,0.3,0.5,0.0025,2
