,L2,L2_true,N,std,jump,jump_prob,ve,dim
0,3.753684152865445,1.5527382102234144,138,0.01,0.3,0.5,0.01,2
