,L2,L2_true,N,std,jump,jump_prob,ve,dim
0,1.4142442224605305,1.2525888648593564,2,0.05,0.3,0.5,0.001,1
