,L2,L2_true,N,std,jump,jump_prob,ve,dim
0,1.403977092182301,1.4032314807567954,3,0.2,0.3,0.5,0.001,1
