,L2,L2_true,N,std,jump,jump_prob,ve,dim
0,2.1580588832948693,2.06960126063836,5,0.05,0.3,0.5,0.001,1
