,L2,L2_true,N,std,jump,jump_prob,ve,dim
0,3.0357318851233033,0.2187390494916977,610,0.01,0.3,0.5,0.0025,1
