,L2,L2_true,N,std,jump,jump_prob,ve,dim
0,0.28884728725266284,0.18454185438536505,3162,0.05,0.3,0.5,0.001,1
