,L2,L2_true,N,std,jump,jump_prob,ve,dim
0,4.276849123129488,2.551142678130362,610,0.01,0.3,0.5,0.01,3
