,L2,L2_true,N,std,jump,jump_prob,ve,dim
0,4.262543293658243,2.4289013969416677,26,0.01,0.3,0.5,0.01,2
