,L2,L2_true,N,std,jump,jump_prob,ve,dim
0,3.6258797393010127,1.804082264147596,1,0.01,0.3,0.5,0.001,1
