,L2,L2_true,N,std,jump,jump_prob,ve,dim
0,3.972110523115536,2.43346925213344,4,0.01,0.3,0.5,0.001,3
