,L2,L2_true,N,std,jump,jump_prob,ve,dim
0,3.625731742481464,1.8042189862909648,1,0.01,0.3,0.5,0.001,2
