,L2,L2_true,N,std,jump,jump_prob,ve,dim
0,2.0990079848963736,2.0490606348278706,7,0.05,0.3,0.5,0.001,1
