,L2,L2_true,N,std,jump,jump_prob,ve,dim
0,3.4215109956508845,0.03872807477017736,3162,0.01,0.3,0.5,0.01,1
