,L2,L2_true,N,std,jump,jump_prob,ve,dim
0,2.9249438006299573,1.223376048175212,61,0.01,0.3,0.5,0.001,1
