,L2,L2_true,N,std,jump,jump_prob,ve,dim
0,0.23723023333814786,0.23691050137512532,2275,0.2,0.3,0.5,0.001,1
