,L2,L2_true,N,std,jump,jump_prob,ve,dim
0,22.949132781346655,22.768710267250825,1178,0.01,0.3,0.5,0.001,3
