,L2,L2_true,N,std,jump,jump_prob,ve,dim
0,3.4700869227264923,0.6664755197505483,31,0.01,0.3,0.5,0.01,1
