,L2,L2_true,N,std,jump,jump_prob,ve,dim
0,12.683075267634598,12.273937407612449,848,0.01,0.3,0.5,0.0025,3
