,L2,L2_true,N,std,jump,jump_prob,ve,dim
0,3.9559751734629702,1.8019913604263047,6,0.01,0.3,0.5,0.01,2
