,L2,L2_true,N,std,jump,jump_prob,ve,dim
0,3.021532371192472,0.1377791652355114,1178,0.01,0.3,0.5,0.0025,1
