,L2,L2_true,N,std,jump,jump_prob,ve,dim
0,6.947883762737711,6.223628867468722,61,0.01,0.3,0.5,0.001,2
