,L2,L2_true,N,std,jump,jump_prob,ve,dim
0,2.4306709905311443,2.3852171962210313,10,0.05,0.3,0.5,0.001,1
