,L2,L2_true,N,std,jump,jump_prob,ve,dim
0,3.459069828823637,0.532114704349876,31,0.01,0.3,0.5,0.01,1
