,L2,L2_true,N,std,jump,jump_prob,ve,dim
0,24.704723468813977,24.54570528184928,1930,0.01,0.3,0.5,0.001,3
