,L2,L2_true,N,std,jump,jump_prob,ve,dim
0,1.3857692105369777,1.3850588965375348,3,0.2,0.3,0.5,0.001,1
