,L2,L2_true,N,std,jump,jump_prob,ve,dim
0,2.4698280513784505,2.469737634540014,19,0.2,0.3,0.5,0.001,1
