,L2,L2_true,N,std,jump,jump_prob,ve,dim
0,3.1285988894327526,0.7218634223163943,84,0.01,0.3,0.5,0.0025,1
