,L2,L2_true,N,std,jump,jump_prob,ve,dim
0,3.028699329845568,0.14963676622990693,719,0.01,0.3,0.5,0.0025,1
