,L2,L2_true,N,std,jump,jump_prob,ve,dim
0,7.584760995131514,6.808606237452338,61,0.01,0.3,0.5,0.0025,3
