,L2,L2_true,N,std,jump,jump_prob,ve,dim
0,2.0695367616196845,1.9744420140374646,5,0.05,0.3,0.5,0.001,1
