,L2,L2_true,N,std,jump,jump_prob,ve,dim
0,5.140236073638162,3.795708307292139,193,0.01,0.3,0.5,0.01,3
