,L2,L2_true,N,std,jump,jump_prob,ve,dim
0,3.6790708417469182,2.0764015487748892,1000,0.01,0.3,0.5,0.0025,2
