,L2,L2_true,N,std,jump,jump_prob,ve,dim
0,3.038945841125152,0.16830516191656172,1178,0.01,0.3,0.5,0.0025,1
