,L2,L2_true,N,std,jump,jump_prob,ve,dim
0,3.416301167921136,0.058474360791069574,1930,0.01,0.3,0.5,0.01,1
