,L2,L2_true,N,std,jump,jump_prob,ve,dim
0,22.134623489029813,21.938366497055533,1178,0.01,0.3,0.5,0.001,3
