,L2,L2_true,N,std,jump,jump_prob,ve,dim
0,3.6237010515107695,1.3284591046986571,1,0.01,0.3,0.5,0.0025,2
