,L2,L2_true,N,std,jump,jump_prob,ve,dim
0,2.6421780858424264,0.4526721833370826,439,0.01,0.3,0.5,0.001,1
