,L2,L2_true,N,std,jump,jump_prob,ve,dim
0,4.889176490728799,3.7535068875543796,13,0.01,0.3,0.5,0.001,2
