,L2,L2_true,N,std,jump,jump_prob,ve,dim
0,3.8086465886402454,1.6864701474718624,1389,0.01,0.3,0.5,0.01,3
