,L2,L2_true,N,std,jump,jump_prob,ve,dim
0,3.4233045903011265,0.23318136343202234,193,0.01,0.3,0.5,0.01,1
