,L2,L2_true,N,std,jump,jump_prob,ve,dim
0,5.271143988145725,3.9331142565325967,37,0.01,0.3,0.5,0.01,3
