,L2,L2_true,N,std,jump,jump_prob,ve,dim
0,2.6039493023939073,2.60495123060371,10,0.2,0.3,0.5,0.001,1
