,L2,L2_true,N,std,jump,jump_prob,ve,dim
0,3.0393276706642993,0.11910628203388328,1930,0.01,0.3,0.5,0.0025,1
