,L2,L2_true,N,std,jump,jump_prob,ve,dim
0,5.106036590212754,4.066006076029524,268,0.01,0.3,0.5,0.0025,2
