,L2,L2_true,N,std,jump,jump_prob,ve,dim
0,6.32033107777905,5.729645146392685,848,0.01,0.3,0.5,0.001,2
