,L2,L2_true,N,std,jump,jump_prob,ve,dim
0,3.253031412764994,1.2174059483463107,51,0.01,0.3,0.5,0.0025,1
