,L2,L2_true,N,std,jump,jump_prob,ve,dim
0,5.799147628731719,4.782427670446872,37,0.01,0.3,0.5,0.0025,2
