,L2,L2_true,N,std,jump,jump_prob,ve,dim
0,2.6561833031192585,2.5881237056036346,8,0.05,0.3,0.5,0.001,1
