,L2,L2_true,N,std,jump,jump_prob,ve,dim
0,3.4458439426948457,0.44224677957780206,1000,0.01,0.3,0.5,0.01,2
