,L2,L2_true,N,std,jump,jump_prob,ve,dim
0,2.6419283230537074,2.610379649730261,19,0.05,0.3,0.5,0.001,1
