,L2,L2_true,N,std,jump,jump_prob,ve,dim
0,5.211254405144404,3.9157296561862007,163,0.01,0.3,0.5,0.01,3
