,L2,L2_true,N,std,jump,jump_prob,ve,dim
0,17.9143012337753,17.649935227587278,517,0.01,0.3,0.5,0.001,3
