,L2,L2_true,N,std,jump,jump_prob,ve,dim
0,12.367281146724295,11.95111844309438,1000,0.01,0.3,0.5,0.0025,3
