,L2,L2_true,N,std,jump,jump_prob,ve,dim
0,19.003931740307163,18.76500462640332,610,0.01,0.3,0.5,0.001,3
