,L2,L2_true,N,std,jump,jump_prob,ve,dim
0,3.4388890006066584,0.23797067924170684,193,0.01,0.3,0.5,0.01,1
