,L2,L2_true,N,std,jump,jump_prob,ve,dim
0,3.4832878595606966,0.6082681649071288,19,0.01,0.3,0.5,0.01,1
