,L2,L2_true,N,std,jump,jump_prob,ve,dim
0,19.471828273496666,19.23016893919833,610,0.01,0.3,0.5,0.001,3
