,L2,L2_true,N,std,jump,jump_prob,ve,dim
0,7.4857163273136855,6.8225015618265195,61,0.01,0.3,0.5,0.001,2
