,L2,L2_true,N,std,jump,jump_prob,ve,dim
0,5.252912781090539,4.056364633466102,19,0.01,0.3,0.5,0.0025,3
