,L2,L2_true,N,std,jump,jump_prob,ve,dim
0,3.98451484600065,2.5724104440198636,610,0.01,0.3,0.5,0.0025,2
