,L2,L2_true,N,std,jump,jump_prob,ve,dim
0,3.6471814303487844,1.8772242799081356,2,0.01,0.3,0.5,0.001,1
