,L2,L2_true,N,std,jump,jump_prob,ve,dim
0,10.262731885681244,9.723924971221768,163,0.01,0.3,0.5,0.0025,3
