,L2,L2_true,N,std,jump,jump_prob,ve,dim
0,12.420007854133653,12.008436273613997,1000,0.01,0.3,0.5,0.0025,3
