,L2,L2_true,N,std,jump,jump_prob,ve,dim
0,21.612741625586214,21.398227658646437,1000,0.01,0.3,0.5,0.001,3
