,L2,L2_true,N,std,jump,jump_prob,ve,dim
0,1.348849452139962,1.1777042329715721,1,0.05,0.3,0.5,0.001,1
