,L2,L2_true,N,std,jump,jump_prob,ve,dim
0,2.3902336571535376,2.3631468245005194,16,0.05,0.3,0.5,0.001,1
