,L2,L2_true,N,std,jump,jump_prob,ve,dim
0,2.773962643026997,2.774722983146564,19,0.2,0.3,0.5,0.001,1
