,L2,L2_true,N,std,jump,jump_prob,ve,dim
0,5.868694386450238,4.890381129123294,51,0.01,0.3,0.5,0.0025,2
