,L2,L2_true,N,std,jump,jump_prob,ve,dim
0,2.617464765872484,0.1483896826630473,3162,0.01,0.3,0.5,0.001,1
