,L2,L2_true,N,std,jump,jump_prob,ve,dim
0,3.063974589723089,0.41683408942204403,117,0.01,0.3,0.5,0.0025,1
