,L2,L2_true,N,std,jump,jump_prob,ve,dim
0,3.630503280035932,1.328872965373091,1,0.01,0.3,0.5,0.0025,3
