,L2,L2_true,N,std,jump,jump_prob,ve,dim
0,0.3528664316179359,0.35245600945118727,1000,0.2,0.3,0.5,0.001,1
