,L2,L2_true,N,std,jump,jump_prob,ve,dim
0,4.0935223329213,2.0823804871104166,8,0.01,0.3,0.5,0.01,2
