,L2,L2_true,N,std,jump,jump_prob,ve,dim
0,2.630271677683827,0.2843457996674856,1389,0.01,0.3,0.5,0.001,1
