,L2,L2_true,N,std,jump,jump_prob,ve,dim
0,5.336596270810071,4.083740370519178,163,0.01,0.3,0.5,0.01,3
