,L2,L2_true,N,std,jump,jump_prob,ve,dim
0,3.429485968324243,0.31132926109760845,61,0.01,0.3,0.5,0.01,1
