,L2,L2_true,N,std,jump,jump_prob,ve,dim
0,3.4198629857326495,0.04973460179088606,2682,0.01,0.3,0.5,0.01,1
