,L2,L2_true,N,std,jump,jump_prob,ve,dim
0,5.759309012253273,4.678801104801029,26,0.01,0.3,0.5,0.0025,3
