,L2,L2_true,N,std,jump,jump_prob,ve,dim
0,5.906238218259681,5.015942877929767,163,0.01,0.3,0.5,0.0025,2
