,L2,L2_true,N,std,jump,jump_prob,ve,dim
0,6.349801886082826,5.3855943122727306,37,0.01,0.3,0.5,0.0025,3
