,L2,L2_true,N,std,jump,jump_prob,ve,dim
0,5.737464031164887,4.546960697029821,71,0.01,0.3,0.5,0.01,3
