,L2,L2_true,N,std,jump,jump_prob,ve,dim
0,24.068294285193197,23.899846039891244,1930,0.01,0.3,0.5,0.001,3
