,L2,L2_true,N,std,jump,jump_prob,ve,dim
0,3.9616489036546745,2.425779295179928,4,0.01,0.3,0.5,0.001,3
