,L2,L2_true,N,std,jump,jump_prob,ve,dim
0,6.282031059709717,5.44081221459838,31,0.01,0.3,0.5,0.001,3
