,L2,L2_true,N,std,jump,jump_prob,ve,dim
0,3.7178092078509564,1.9957567262953748,2,0.01,0.3,0.5,0.001,2
