,L2,L2_true,N,std,jump,jump_prob,ve,dim
0,5.093106797262195,3.8428901613273045,19,0.01,0.3,0.5,0.0025,2
