,L2,L2_true,N,std,jump,jump_prob,ve,dim
0,5.267009336122115,4.088167692525155,26,0.01,0.3,0.5,0.0025,2
