,L2,L2_true,N,std,jump,jump_prob,ve,dim
0,3.436655395919537,0.35728685792336684,100,0.01,0.3,0.5,0.01,1
