,L2,L2_true,N,std,jump,jump_prob,ve,dim
0,4.5725861902720055,2.913414434801197,13,0.01,0.3,0.5,0.01,3
