,L2,L2_true,N,std,jump,jump_prob,ve,dim
0,3.4214537898846813,0.2428638716043725,3000,0.01,0.3,0.5,0.01,2
