,L2,L2_true,N,std,jump,jump_prob,ve,dim
0,2.3780697911810984,2.3781770660368213,13,0.2,0.3,0.5,0.001,1
