,L2,L2_true,N,std,jump,jump_prob,ve,dim
0,3.626787646511343,1.0961326228933108,10,0.01,0.3,0.5,0.01,1
