,L2,L2_true,N,std,jump,jump_prob,ve,dim
0,2.036810391625464,1.949527806271786,5,0.05,0.3,0.5,0.001,1
