,L2,L2_true,N,std,jump,jump_prob,ve,dim
0,7.8975840178962295,7.294642788441715,100,0.01,0.3,0.5,0.001,2
