,L2,L2_true,N,std,jump,jump_prob,ve,dim
0,2.548958354464416,2.5478161990206143,22,0.05,0.3,0.5,0.001,1
