,L2,L2_true,N,std,jump,jump_prob,ve,dim
0,3.04666928130168,0.2979135329619178,268,0.01,0.3,0.5,0.0025,1
