,L2,L2_true,N,std,jump,jump_prob,ve,dim
0,4.281119053887092,2.504154252899151,37,0.01,0.3,0.5,0.01,2
