,L2,L2_true,N,std,jump,jump_prob,ve,dim
0,4.194082277496501,2.281899471285514,13,0.01,0.3,0.5,0.01,2
