,L2,L2_true,N,std,jump,jump_prob,ve,dim
0,5.5021411421800055,4.277348896513864,117,0.01,0.3,0.5,0.01,3
