,L2,L2_true,N,std,jump,jump_prob,ve,dim
0,3.4232978766985926,0.28534795191526885,51,0.01,0.3,0.5,0.01,1
