,L2,L2_true,N,std,jump,jump_prob,ve,dim
0,3.619399046237659,0.7451497351077516,1,0.01,0.3,0.5,0.01,2
