,L2,L2_true,N,std,jump,jump_prob,ve,dim
0,20.08582479593493,19.861975027798238,719,0.01,0.3,0.5,0.001,3
