,L2,L2_true,N,std,jump,jump_prob,ve,dim
0,3.3368262939473765,1.3850459142164888,2000,0.01,0.3,0.5,0.0025,2
