,L2,L2_true,N,std,jump,jump_prob,ve,dim
0,11.814797181166227,11.399833148920091,1637,0.01,0.3,0.5,0.0025,3
