,L2,L2_true,N,std,jump,jump_prob,ve,dim
0,1.9539348837928496,1.953907691208197,71,0.2,0.3,0.5,0.001,1
