,L2,L2_true,N,std,jump,jump_prob,ve,dim
0,1.083367383120113,1.082778373574145,138,0.2,0.3,0.5,0.001,1
