,L2,L2_true,N,std,jump,jump_prob,ve,dim
0,8.124660307784348,7.551983962070761,117,0.01,0.3,0.5,0.001,2
