,L2,L2_true,N,std,jump,jump_prob,ve,dim
0,3.46249677215724,0.6010277090181625,610,0.01,0.3,0.5,0.01,2
