,L2,L2_true,N,std,jump,jump_prob,ve,dim
0,3.7140060977571023,1.159921526185772,4,0.01,0.3,0.5,0.01,1
