,L2,L2_true,N,std,jump,jump_prob,ve,dim
0,7.761479030240587,7.1525692026999845,84,0.01,0.3,0.5,0.001,2
