,L2,L2_true,N,std,jump,jump_prob,ve,dim
0,2.3433174723428016,2.3158698736731966,26,0.05,0.3,0.5,0.001,1
