,L2,L2_true,N,std,jump,jump_prob,ve,dim
0,2.7219765515180994,2.7226433539366233,19,0.2,0.3,0.5,0.001,1
