,L2,L2_true,N,std,jump,jump_prob,ve,dim
0,3.753053567413008,1.5644057231891226,1637,0.01,0.3,0.5,0.01,3
