,L2,L2_true,N,std,jump,jump_prob,ve,dim
0,3.0864305496620354,0.7117894512548157,117,0.01,0.3,0.5,0.0025,1
