,L2,L2_true,N,std,jump,jump_prob,ve,dim
0,1.607373699278245,1.4708966555142058,3,0.05,0.3,0.5,0.001,1
