,L2,L2_true,N,std,jump,jump_prob,ve,dim
0,5.982406549946976,5.08968973042919,26,0.01,0.3,0.5,0.001,3
