,L2,L2_true,N,std,jump,jump_prob,ve,dim
0,3.811841679957725,1.399325799449958,3,0.01,0.3,0.5,0.01,3
