,L2,L2_true,N,std,jump,jump_prob,ve,dim
0,5.1205107669688354,4.048443669088725,16,0.01,0.3,0.5,0.001,3
