,L2,L2_true,N,std,jump,jump_prob,ve,dim
0,5.418506777756406,4.130066403225234,51,0.01,0.3,0.5,0.01,3
