,L2,L2_true,N,std,jump,jump_prob,ve,dim
0,23.512848319651876,23.33041883883234,1637,0.01,0.3,0.5,0.001,3
