,L2,L2_true,N,std,jump,jump_prob,ve,dim
0,8.663896577715441,7.9884117290643415,100,0.01,0.3,0.5,0.0025,3
