,L2,L2_true,N,std,jump,jump_prob,ve,dim
0,4.492419025675431,2.981736031371882,10,0.01,0.3,0.5,0.0025,2
