,L2,L2_true,N,std,jump,jump_prob,ve,dim
0,2.1900404899702877,2.1908151556263515,26,0.2,0.3,0.5,0.001,1
