,L2,L2_true,N,std,jump,jump_prob,ve,dim
0,5.957563074473232,5.028748261904086,84,0.01,0.3,0.5,0.0025,2
