,L2,L2_true,N,std,jump,jump_prob,ve,dim
0,3.893477166866059,2.0505419191901737,7,0.01,0.3,0.5,0.0025,1
