,L2,L2_true,N,std,jump,jump_prob,ve,dim
0,15.50845231970641,15.20195729997389,316,0.01,0.3,0.5,0.001,3
