,L2,L2_true,N,std,jump,jump_prob,ve,dim
0,3.0571157667584528,3.049615660916536,31,0.05,0.3,0.5,0.001,1
