,L2,L2_true,N,std,jump,jump_prob,ve,dim
0,3.697970977611688,1.6030726341159127,3,0.01,0.3,0.5,0.0025,1
