,L2,L2_true,N,std,jump,jump_prob,ve,dim
0,3.6459000787465374,0.9743566089341545,5,0.01,0.3,0.5,0.01,1
