,L2,L2_true,N,std,jump,jump_prob,ve,dim
0,12.077812887061961,11.670836437783477,1178,0.01,0.3,0.5,0.0025,3
