,L2,L2_true,N,std,jump,jump_prob,ve,dim
0,7.991700960997461,7.276392762356042,71,0.01,0.3,0.5,0.0025,3
