,L2,L2_true,N,std,jump,jump_prob,ve,dim
0,4.066585424832619,2.0982139773156177,43,0.01,0.3,0.5,0.01,2
