,L2,L2_true,N,std,jump,jump_prob,ve,dim
0,3.637607849817007,1.3732260067089803,2,0.01,0.3,0.5,0.0025,1
