,L2,L2_true,N,std,jump,jump_prob,ve,dim
0,2.6485131748102484,0.34441617549025444,719,0.01,0.3,0.5,0.001,1
