,L2,L2_true,N,std,jump,jump_prob,ve,dim
0,0.531863279486534,0.4530593057268351,610,0.05,0.3,0.5,0.001,1
