,L2,L2_true,N,std,jump,jump_prob,ve,dim
0,3.8183065470463027,2.3231319058946043,848,0.01,0.3,0.5,0.0025,2
