,L2,L2_true,N,std,jump,jump_prob,ve,dim
0,10.52823443256618,9.996027002051806,193,0.01,0.3,0.5,0.0025,3
