,L2,L2_true,N,std,jump,jump_prob,ve,dim
0,23.691320794079587,23.50642347306434,1637,0.01,0.3,0.5,0.001,3
