,L2,L2_true,N,std,jump,jump_prob,ve,dim
0,5.023635533028805,3.9190463219764156,16,0.01,0.3,0.5,0.001,2
