,L2,L2_true,N,std,jump,jump_prob,ve,dim
0,3.413636767188403,0.2161529407273545,227,0.01,0.3,0.5,0.01,1
