,L2,L2_true,N,std,jump,jump_prob,ve,dim
0,13.494230467247704,13.13565475949189,227,0.01,0.3,0.5,0.001,3
