,L2,L2_true,N,std,jump,jump_prob,ve,dim
0,3.6030279224030295,1.6740307289166603,11,0.01,0.3,0.5,0.0025,1
