,L2,L2_true,N,std,jump,jump_prob,ve,dim
0,1.1454292690341203,1.1453036649881072,100,0.2,0.3,0.5,0.001,1
