,L2,L2_true,N,std,jump,jump_prob,ve,dim
0,3.0526667758630817,0.2373001625848352,517,0.01,0.3,0.5,0.0025,1
