,L2,L2_true,N,std,jump,jump_prob,ve,dim
0,1.095181730457905,1.091943222272953,2,0.2,0.3,0.5,0.001,1
