,L2,L2_true,N,std,jump,jump_prob,ve,dim
0,18.23910747421082,17.984129330670346,517,0.01,0.3,0.5,0.001,3
