,L2,L2_true,N,std,jump,jump_prob,ve,dim
0,5.5007701731914525,4.26863957421686,117,0.01,0.3,0.5,0.01,3
