,L2,L2_true,N,std,jump,jump_prob,ve,dim
0,3.7134227638967627,1.431390727421935,138,0.01,0.3,0.5,0.01,2
