,L2,L2_true,N,std,jump,jump_prob,ve,dim
0,3.4153978846080477,0.09275834311472178,1637,0.01,0.3,0.5,0.01,1
