,L2,L2_true,N,std,jump,jump_prob,ve,dim
0,0.8053712874985924,0.7734395747758478,227,0.05,0.3,0.5,0.001,1
