,L2,L2_true,N,std,jump,jump_prob,ve,dim
0,2.280225989500286,2.1850873094911414,8,0.05,0.3,0.5,0.001,1
