,L2,L2_true,N,std,jump,jump_prob,ve,dim
0,2.058641118166448,1.9841618549189695,6,0.05,0.3,0.5,0.001,1
