,L2,L2_true,N,std,jump,jump_prob,ve,dim
0,2.199322305039502,2.1993565169686566,26,0.2,0.3,0.5,0.001,1
