,L2,L2_true,N,std,jump,jump_prob,ve,dim
0,3.612211315281177,1.1393670592608618,193,0.01,0.3,0.5,0.01,2
