,L2,L2_true,N,std,jump,jump_prob,ve,dim
0,5.192131076285882,3.892064407746074,193,0.01,0.3,0.5,0.01,3
