,L2,L2_true,N,std,jump,jump_prob,ve,dim
0,1.9152136850911536,1.914171853703124,51,0.2,0.3,0.5,0.001,1
