,L2,L2_true,N,std,jump,jump_prob,ve,dim
0,3.8900368070502633,2.420400754655273,719,0.01,0.3,0.5,0.0025,2
