,L2,L2_true,N,std,jump,jump_prob,ve,dim
0,3.033407205348326,0.09512055861923505,2682,0.01,0.3,0.5,0.0025,1
