,L2,L2_true,N,std,jump,jump_prob,ve,dim
0,2.887575856372665,1.1783671219992142,100,0.01,0.3,0.5,0.001,1
