,L2,L2_true,N,std,jump,jump_prob,ve,dim
0,5.096077056103932,3.6955693027638556,37,0.01,0.3,0.5,0.01,3
