,L2,L2_true,N,std,jump,jump_prob,ve,dim
0,3.6136351742508293,1.3267636594138645,1,0.01,0.3,0.5,0.0025,3
