,L2,L2_true,N,std,jump,jump_prob,ve,dim
0,8.438738717895292,7.9237094381881885,193,0.01,0.3,0.5,0.001,2
