,L2,L2_true,N,std,jump,jump_prob,ve,dim
0,2.1564886924154094,2.1579613142575114,8,0.2,0.3,0.5,0.001,1
