,L2,L2_true,N,std,jump,jump_prob,ve,dim
0,12.61533508159613,12.190410288603202,439,0.01,0.3,0.5,0.0025,3
