,L2,L2_true,N,std,jump,jump_prob,ve,dim
0,3.8933534147409,1.8318499677283602,71,0.01,0.3,0.5,0.01,2
