,L2,L2_true,N,std,jump,jump_prob,ve,dim
0,3.833609838318296,1.823542436170152,3,0.01,0.3,0.5,0.0025,2
