,L2,L2_true,N,std,jump,jump_prob,ve,dim
0,5.172460111750377,4.436946907653455,1389,0.01,0.3,0.5,0.001,2
