,L2,L2_true,N,std,jump,jump_prob,ve,dim
0,3.344425282653753,1.4124242572807475,1930,0.01,0.3,0.5,0.0025,2
