,L2,L2_true,N,std,jump,jump_prob,ve,dim
0,7.342193064193254,6.841851825798764,610,0.01,0.3,0.5,0.001,2
