,L2,L2_true,N,std,jump,jump_prob,ve,dim
0,2.6764774056286855,0.5539262151402963,372,0.01,0.3,0.5,0.001,1
