,L2,L2_true,N,std,jump,jump_prob,ve,dim
0,2.6488952632129577,0.41011282280199346,610,0.01,0.3,0.5,0.001,1
