,L2,L2_true,N,std,jump,jump_prob,ve,dim
0,1.934450731862192,1.9334402890185676,19,0.2,0.3,0.5,0.001,1
