,L2,L2_true,N,std,jump,jump_prob,ve,dim
0,3.9765342623966182,2.472350278590015,4,0.01,0.3,0.5,0.001,3
