,L2,L2_true,N,std,jump,jump_prob,ve,dim
0,3.713950361557573,1.5802377468867403,2,0.01,0.3,0.5,0.0025,2
