,L2,L2_true,N,std,jump,jump_prob,ve,dim
0,5.970907649387845,5.033524888995629,100,0.01,0.3,0.5,0.0025,2
