,L2,L2_true,N,std,jump,jump_prob,ve,dim
0,4.871463750877223,3.51988074144364,13,0.01,0.3,0.5,0.0025,3
