,L2,L2_true,N,std,jump,jump_prob,ve,dim
0,14.346299012044431,14.014378646542802,268,0.01,0.3,0.5,0.001,3
