,L2,L2_true,N,std,jump,jump_prob,ve,dim
0,5.6740895038091805,4.724638445371579,22,0.01,0.3,0.5,0.001,3
