,L2,L2_true,N,std,jump,jump_prob,ve,dim
0,4.205929865280898,2.3365880464767974,19,0.01,0.3,0.5,0.01,2
