,L2,L2_true,N,std,jump,jump_prob,ve,dim
0,3.0742185571683884,0.6375914958370369,71,0.01,0.3,0.5,0.0025,1
