,L2,L2_true,N,std,jump,jump_prob,ve,dim
0,4.56792649586142,3.7339684185755493,1930,0.01,0.3,0.5,0.001,2
