,L2,L2_true,N,std,jump,jump_prob,ve,dim
0,3.657567045133201,1.2849364054679921,163,0.01,0.3,0.5,0.01,2
