,L2,L2_true,N,std,jump,jump_prob,ve,dim
0,0.23792211356490234,0.23823022797346782,2275,0.2,0.3,0.5,0.001,1
