,L2,L2_true,N,std,jump,jump_prob,ve,dim
0,6.341421908171022,5.745005386191707,848,0.01,0.3,0.5,0.001,2
