,L2,L2_true,N,std,jump,jump_prob,ve,dim
0,3.0439781695582453,0.11893476183924334,1930,0.01,0.3,0.5,0.0025,1
