,L2,L2_true,N,std,jump,jump_prob,ve,dim
0,8.885960244789862,8.243192832748091,100,0.01,0.3,0.5,0.0025,3
