,L2,L2_true,N,std,jump,jump_prob,ve,dim
0,12.95847446192004,12.570776749373694,848,0.01,0.3,0.5,0.0025,3
