,L2,L2_true,N,std,jump,jump_prob,ve,dim
0,2.132116651133842,2.1314863000379582,10,0.2,0.3,0.5,0.001,1
