,L2,L2_true,N,std,jump,jump_prob,ve,dim
0,0.32274177873535703,0.20177550951019152,2682,0.05,0.3,0.5,0.001,1
