,L2,L2_true,N,std,jump,jump_prob,ve,dim
0,10.3475000799517,9.811719970040087,193,0.01,0.3,0.5,0.0025,3
