,L2,L2_true,N,std,jump,jump_prob,ve,dim
0,3.6251351135146015,1.3294241626752985,1,0.01,0.3,0.5,0.0025,1
