,L2,L2_true,N,std,jump,jump_prob,ve,dim
0,4.228869569694211,2.566338977568846,8,0.01,0.3,0.5,0.0025,2
