,L2,L2_true,N,std,jump,jump_prob,ve,dim
0,8.590867688626833,8.081936391498138,193,0.01,0.3,0.5,0.001,2
