,L2,L2_true,N,std,jump,jump_prob,ve,dim
0,3.8598384171447067,1.8791350184375746,3,0.01,0.3,0.5,0.0025,2
