,L2,L2_true,N,std,jump,jump_prob,ve,dim
0,3.6322480914971083,0.7450432867504594,1,0.01,0.3,0.5,0.01,1
