,L2,L2_true,N,std,jump,jump_prob,ve,dim
0,7.437056877988557,6.926987205157745,517,0.01,0.3,0.5,0.001,2
