,L2,L2_true,N,std,jump,jump_prob,ve,dim
0,3.4136534487971435,1.5583287244900472,1637,0.01,0.3,0.5,0.0025,2
