,L2,L2_true,N,std,jump,jump_prob,ve,dim
0,2.19629761173506,2.101651047851273,5,0.05,0.3,0.5,0.001,1
