,L2,L2_true,N,std,jump,jump_prob,ve,dim
0,1.5966064381155214,1.5967380878087505,4,0.2,0.3,0.5,0.001,1
