,L2,L2_true,N,std,jump,jump_prob,ve,dim
0,3.1047660493823726,3.1040110339098868,16,0.2,0.3,0.5,0.001,1
