,L2,L2_true,N,std,jump,jump_prob,ve,dim
0,4.36951232042314,2.577537874335019,11,0.01,0.3,0.5,0.01,3
