,L2,L2_true,N,std,jump,jump_prob,ve,dim
0,2.2727835789931197,2.1948829777016305,10,0.05,0.3,0.5,0.001,1
