,L2,L2_true,N,std,jump,jump_prob,ve,dim
0,3.2706006855686183,1.06554708298149,31,0.01,0.3,0.5,0.0025,1
