,L2,L2_true,N,std,jump,jump_prob,ve,dim
0,2.6621859725254753,0.5842205405291797,268,0.01,0.3,0.5,0.001,1
