,L2,L2_true,N,std,jump,jump_prob,ve,dim
0,19.514128934897197,19.284756956495706,610,0.01,0.3,0.5,0.001,3
