,L2,L2_true,N,std,jump,jump_prob,ve,dim
0,2.667905456053607,0.49444632559438223,268,0.01,0.3,0.5,0.001,1
