,L2,L2_true,N,std,jump,jump_prob,ve,dim
0,5.957868478226544,5.058440936312895,26,0.01,0.3,0.5,0.001,3
