,L2,L2_true,N,std,jump,jump_prob,ve,dim
0,3.5020823903778004,0.6851687662350875,439,0.01,0.3,0.5,0.01,2
