,L2,L2_true,N,std,jump,jump_prob,ve,dim
0,0.8742633653075003,0.865098783994696,138,0.05,0.3,0.5,0.001,1
