,L2,L2_true,N,std,jump,jump_prob,ve,dim
0,1.7750010952690323,1.7878213399326253,43,0.05,0.3,0.5,0.001,1
