,L2,L2_true,N,std,jump,jump_prob,ve,dim
0,3.618342290089122,0.8554290742153353,4,0.01,0.3,0.5,0.01,1
