,L2,L2_true,N,std,jump,jump_prob,ve,dim
0,0.37776654716714075,0.3703300327192292,1,0.2,0.3,0.5,0.001,1
