,L2,L2_true,N,std,jump,jump_prob,ve,dim
0,3.751333143198765,1.5319288114415186,117,0.01,0.3,0.5,0.01,2
