,L2,L2_true,N,std,jump,jump_prob,ve,dim
0,0.6645987551404169,0.6652358611368773,316,0.2,0.3,0.5,0.001,1
