,L2,L2_true,N,std,jump,jump_prob,ve,dim
0,1.987584679629035,1.9890866816811175,8,0.2,0.3,0.5,0.001,1
