,L2,L2_true,N,std,jump,jump_prob,ve,dim
0,3.478761584119719,0.6764021085482432,439,0.01,0.3,0.5,0.01,2
