,L2,L2_true,N,std,jump,jump_prob,ve,dim
0,4.220735423234027,2.336153199282538,16,0.01,0.3,0.5,0.01,2
