,L2,L2_true,N,std,jump,jump_prob,ve,dim
0,3.050209758449915,1.589605356112448,71,0.01,0.3,0.5,0.001,1
