,L2,L2_true,N,std,jump,jump_prob,ve,dim
0,4.1400930715825,2.1844980398205176,16,0.01,0.3,0.5,0.01,2
