,L2,L2_true,N,std,jump,jump_prob,ve,dim
0,3.6638194920242726,1.3300686007544158,138,0.01,0.3,0.5,0.01,2
