,L2,L2_true,N,std,jump,jump_prob,ve,dim
0,9.59207220239968,9.083086897603007,3000,0.01,0.3,0.5,0.0025,3
