,L2,L2_true,N,std,jump,jump_prob,ve,dim
0,3.4714870420463133,0.6182255075373992,61,0.01,0.3,0.5,0.01,1
