,L2,L2_true,N,std,jump,jump_prob,ve,dim
0,9.767844305568033,9.184000375366507,138,0.01,0.3,0.5,0.0025,3
