,L2,L2_true,N,std,jump,jump_prob,ve,dim
0,3.6222562288666755,0.9077580676823882,3,0.01,0.3,0.5,0.01,1
