,L2,L2_true,N,std,jump,jump_prob,ve,dim
0,4.954039622487191,3.66845489627529,19,0.01,0.3,0.5,0.0025,2
