,L2,L2_true,N,std,jump,jump_prob,ve,dim
0,7.599072140237826,6.922795111716477,51,0.01,0.3,0.5,0.001,3
