,L2,L2_true,N,std,jump,jump_prob,ve,dim
0,11.312608655120592,10.894449491832038,1637,0.01,0.3,0.5,0.0025,3
