,L2,L2_true,N,std,jump,jump_prob,ve,dim
0,0.2132668777755011,0.21386997611359457,2682,0.2,0.3,0.5,0.001,1
