,L2,L2_true,N,std,jump,jump_prob,ve,dim
0,4.333633193790629,2.5436848807763894,16,0.01,0.3,0.5,0.01,2
