,L2,L2_true,N,std,jump,jump_prob,ve,dim
0,1.9641031798735666,1.88850652329014,7,0.05,0.3,0.5,0.001,1
