,L2,L2_true,N,std,jump,jump_prob,ve,dim
0,3.6075532915914232,1.800619928279444,1,0.01,0.3,0.5,0.001,2
