,L2,L2_true,N,std,jump,jump_prob,ve,dim
0,3.5059067629951586,0.7003913800241679,439,0.01,0.3,0.5,0.01,2
