,L2,L2_true,N,std,jump,jump_prob,ve,dim
0,11.856165470137519,11.445743560204109,1637,0.01,0.3,0.5,0.0025,3
