,L2,L2_true,N,std,jump,jump_prob,ve,dim
0,3.4175648763978006,0.14546260553440468,227,0.01,0.3,0.5,0.01,1
