,L2,L2_true,N,std,jump,jump_prob,ve,dim
0,4.260887107257255,2.9668982173633474,11,0.01,0.3,0.5,0.001,1
