,L2,L2_true,N,std,jump,jump_prob,ve,dim
0,3.3432197308177667,1.2754129407102146,31,0.01,0.3,0.5,0.0025,1
