,L2,L2_true,N,std,jump,jump_prob,ve,dim
0,2.7357936957252678,2.7364203259596396,11,0.2,0.3,0.5,0.001,1
