,L2,L2_true,N,std,jump,jump_prob,ve,dim
0,25.29118186748295,25.133880916193277,3000,0.01,0.3,0.5,0.001,3
