,L2,L2_true,N,std,jump,jump_prob,ve,dim
0,5.510241503688264,4.525851650114606,19,0.01,0.3,0.5,0.001,3
