,L2,L2_true,N,std,jump,jump_prob,ve,dim
0,3.0263122701551946,0.1221428232470613,1389,0.01,0.3,0.5,0.0025,1
