,L2,L2_true,N,std,jump,jump_prob,ve,dim
0,3.8582530886656716,1.5947671214154742,7,0.01,0.3,0.5,0.01,1
