,L2,L2_true,N,std,jump,jump_prob,ve,dim
0,4.107762412845863,2.6495200597061124,5,0.01,0.3,0.5,0.001,2
