,L2,L2_true,N,std,jump,jump_prob,ve,dim
0,12.558514812281505,12.159832177551134,848,0.01,0.3,0.5,0.0025,3
