,L2,L2_true,N,std,jump,jump_prob,ve,dim
0,3.984113381324443,2.1442251465675666,5,0.01,0.3,0.5,0.0025,2
