,L2,L2_true,N,std,jump,jump_prob,ve,dim
0,3.4160339544791576,0.05651600171897412,848,0.01,0.3,0.5,0.01,1
