,L2,L2_true,N,std,jump,jump_prob,ve,dim
0,4.260930453126717,2.452305782550057,22,0.01,0.3,0.5,0.01,2
