,L2,L2_true,N,std,jump,jump_prob,ve,dim
0,8.054074852747247,7.4263771123375815,61,0.01,0.3,0.5,0.001,3
