,L2,L2_true,N,std,jump,jump_prob,ve,dim
0,3.6244814127937035,1.32893284677124,1,0.01,0.3,0.5,0.0025,1
