,L2,L2_true,N,std,jump,jump_prob,ve,dim
0,2.631276679302705,2.6072067080221757,13,0.05,0.3,0.5,0.001,1
