,L2,L2_true,N,std,jump,jump_prob,ve,dim
0,5.340827660172157,4.3493411266412005,193,0.01,0.3,0.5,0.0025,2
