,L2,L2_true,N,std,jump,jump_prob,ve,dim
0,6.153938594130096,5.551149737255552,1000,0.01,0.3,0.5,0.001,2
