,L2,L2_true,N,std,jump,jump_prob,ve,dim
0,2.4751087419702515,2.4755300949250785,31,0.2,0.3,0.5,0.001,1
