,L2,L2_true,N,std,jump,jump_prob,ve,dim
0,1.3487004130573526,1.1775747838781347,1,0.05,0.3,0.5,0.001,1
