,L2,L2_true,N,std,jump,jump_prob,ve,dim
0,3.616528676281715,1.8025735965131702,1,0.01,0.3,0.5,0.001,2
