,L2,L2_true,N,std,jump,jump_prob,ve,dim
0,3.4346729016871795,0.32961891985235403,51,0.01,0.3,0.5,0.01,1
