,L2,L2_true,N,std,jump,jump_prob,ve,dim
0,3.706904245117627,1.4380138453344757,1930,0.01,0.3,0.5,0.01,3
