,L2,L2_true,N,std,jump,jump_prob,ve,dim
0,0.2909700416230639,0.1853245455700084,3162,0.05,0.3,0.5,0.001,1
