,L2,L2_true,N,std,jump,jump_prob,ve,dim
0,3.811338868025473,2.175390616332802,4,0.01,0.3,0.5,0.001,1
