,L2,L2_true,N,std,jump,jump_prob,ve,dim
0,2.0228257821113367,1.9233290238007854,4,0.05,0.3,0.5,0.001,1
