,L2,L2_true,N,std,jump,jump_prob,ve,dim
0,4.69318108083397,3.2870669417839498,13,0.01,0.3,0.5,0.0025,2
