,L2,L2_true,N,std,jump,jump_prob,ve,dim
0,3.781358245837744,2.125598140757146,16,0.01,0.3,0.5,0.0025,1
