,L2,L2_true,N,std,jump,jump_prob,ve,dim
0,2.566027575597909,2.565920793086513,11,0.2,0.3,0.5,0.001,1
