,L2,L2_true,N,std,jump,jump_prob,ve,dim
0,6.861552424515269,6.141444004317542,51,0.01,0.3,0.5,0.001,2
