,L2,L2_true,N,std,jump,jump_prob,ve,dim
0,1.3155012752991582,1.3154358049317847,100,0.2,0.3,0.5,0.001,1
