,L2,L2_true,N,std,jump,jump_prob,ve,dim
0,4.775119085745987,3.5991699560160666,11,0.01,0.3,0.5,0.001,2
