,L2,L2_true,N,std,jump,jump_prob,ve,dim
0,3.417641764032194,0.2524499064241897,163,0.01,0.3,0.5,0.01,1
