,L2,L2_true,N,std,jump,jump_prob,ve,dim
0,11.713614552064797,11.245163981675265,268,0.01,0.3,0.5,0.0025,3
