,L2,L2_true,N,std,jump,jump_prob,ve,dim
0,4.528613537555031,3.6885397074550146,2000,0.01,0.3,0.5,0.001,2
