,L2,L2_true,N,std,jump,jump_prob,ve,dim
0,4.172461048443407,2.4683755494302844,6,0.01,0.3,0.5,0.0025,3
