,L2,L2_true,N,std,jump,jump_prob,ve,dim
0,5.221310195686251,3.875160521236877,37,0.01,0.3,0.5,0.01,3
