,L2,L2_true,N,std,jump,jump_prob,ve,dim
0,2.3123181985354813,2.31045315511667,10,0.2,0.3,0.5,0.001,1
