,L2,L2_true,N,std,jump,jump_prob,ve,dim
0,3.988795579142108,2.9952094459132406,3000,0.01,0.3,0.5,0.001,2
