,L2,L2_true,N,std,jump,jump_prob,ve,dim
0,7.122013657195228,6.277478670160168,51,0.01,0.3,0.5,0.0025,3
