,L2,L2_true,N,std,jump,jump_prob,ve,dim
0,3.994469040704013,1.8748350885584035,8,0.01,0.3,0.5,0.01,2
