,L2,L2_true,N,std,jump,jump_prob,ve,dim
0,13.059738803769264,12.663336382147275,610,0.01,0.3,0.5,0.0025,3
