,L2,L2_true,N,std,jump,jump_prob,ve,dim
0,3.4166236855217136,0.03557105768077362,2275,0.01,0.3,0.5,0.01,1
