,L2,L2_true,N,std,jump,jump_prob,ve,dim
0,1.3501142206122314,1.178529303798686,1,0.05,0.3,0.5,0.001,1
