,L2,L2_true,N,std,jump,jump_prob,ve,dim
0,3.039535849684803,0.24683429541068908,439,0.01,0.3,0.5,0.0025,1
