,L2,L2_true,N,std,jump,jump_prob,ve,dim
0,0.9540527940971135,0.9043837628019966,193,0.05,0.3,0.5,0.001,1
