,L2,L2_true,N,std,jump,jump_prob,ve,dim
0,3.4061524133490746,0.08590808488220378,610,0.01,0.3,0.5,0.01,1
