,L2,L2_true,N,std,jump,jump_prob,ve,dim
0,9.320297597044673,8.714208307940291,117,0.01,0.3,0.5,0.0025,3
