,L2,L2_true,N,std,jump,jump_prob,ve,dim
0,11.919311616191964,11.516623313877881,1637,0.01,0.3,0.5,0.0025,3
