,L2,L2_true,N,std,jump,jump_prob,ve,dim
0,2.75014014507124,2.7507102050203223,37,0.2,0.3,0.5,0.001,1
