,L2,L2_true,N,std,jump,jump_prob,ve,dim
0,6.00246874716609,5.104527121558674,117,0.01,0.3,0.5,0.0025,2
