,L2,L2_true,N,std,jump,jump_prob,ve,dim
0,5.363224644554742,4.348807149162587,19,0.01,0.3,0.5,0.001,3
