,L2,L2_true,N,std,jump,jump_prob,ve,dim
0,4.279173640726416,2.920038403169146,7,0.01,0.3,0.5,0.001,3
