,L2,L2_true,N,std,jump,jump_prob,ve,dim
0,24.317881471417444,24.154903620468854,3000,0.01,0.3,0.5,0.001,3
