,L2,L2_true,N,std,jump,jump_prob,ve,dim
0,0.4861157391678935,0.48607492581210393,610,0.2,0.3,0.5,0.001,1
