,L2,L2_true,N,std,jump,jump_prob,ve,dim
0,5.831401115564166,4.761090736565951,26,0.01,0.3,0.5,0.0025,3
