,L2,L2_true,N,std,jump,jump_prob,ve,dim
0,3.6249631676237013,1.1897782104182775,163,0.01,0.3,0.5,0.01,2
