,L2,L2_true,N,std,jump,jump_prob,ve,dim
0,3.811490455028532,2.159752179031793,3,0.01,0.3,0.5,0.001,3
