,L2,L2_true,N,std,jump,jump_prob,ve,dim
0,3.032209723284038,0.09597276039488044,3162,0.01,0.3,0.5,0.0025,1
