,L2,L2_true,N,std,jump,jump_prob,ve,dim
0,0.3731605020685444,0.2885439136203903,1389,0.05,0.3,0.5,0.001,1
