,L2,L2_true,N,std,jump,jump_prob,ve,dim
0,3.6112304642978335,1.8006906598731978,1,0.01,0.3,0.5,0.001,1
