,L2,L2_true,N,std,jump,jump_prob,ve,dim
0,4.179901644936418,3.2231017772024497,43,0.01,0.3,0.5,0.001,1
