,L2,L2_true,N,std,jump,jump_prob,ve,dim
0,3.926290604717381,2.025431165170655,4,0.01,0.3,0.5,0.0025,3
