,L2,L2_true,N,std,jump,jump_prob,ve,dim
0,2.7241452508148107,2.6732959559906186,16,0.05,0.3,0.5,0.001,1
