,L2,L2_true,N,std,jump,jump_prob,ve,dim
0,2.224313531787887,2.2235626076822483,51,0.2,0.3,0.5,0.001,1
