,L2,L2_true,N,std,jump,jump_prob,ve,dim
0,0.3324815165744762,0.2603789228950391,1637,0.05,0.3,0.5,0.001,1
