,L2,L2_true,N,std,jump,jump_prob,ve,dim
0,4.357015438745367,2.7857577565551894,8,0.01,0.3,0.5,0.0025,2
