,L2,L2_true,N,std,jump,jump_prob,ve,dim
0,3.8883886927116116,2.2892479935628742,3,0.01,0.3,0.5,0.001,3
