,L2,L2_true,N,std,jump,jump_prob,ve,dim
0,3.459842505400844,0.552076682919667,43,0.01,0.3,0.5,0.01,1
