,L2,L2_true,N,std,jump,jump_prob,ve,dim
0,3.6192243514455944,1.8036159833909846,1,0.01,0.3,0.5,0.001,1
