,L2,L2_true,N,std,jump,jump_prob,ve,dim
0,1.1935074428954384,1.1938866602784328,117,0.2,0.3,0.5,0.001,1
