,L2,L2_true,N,std,jump,jump_prob,ve,dim
0,2.987602754288572,1.4519660677380484,51,0.01,0.3,0.5,0.001,1
