,L2,L2_true,N,std,jump,jump_prob,ve,dim
0,2.219785976854863,2.19513843348305,31,0.05,0.3,0.5,0.001,1
