,L2,L2_true,N,std,jump,jump_prob,ve,dim
0,2.5532832540177695,2.551956189247141,11,0.2,0.3,0.5,0.001,1
