,L2,L2_true,N,std,jump,jump_prob,ve,dim
0,8.715635304724124,8.051727129427281,100,0.01,0.3,0.5,0.0025,3
