,L2,L2_true,N,std,jump,jump_prob,ve,dim
0,21.172782481330678,20.968247271595253,1000,0.01,0.3,0.5,0.001,3
