,L2,L2_true,N,std,jump,jump_prob,ve,dim
0,3.62741614334434,1.3287961607751115,1,0.01,0.3,0.5,0.0025,3
