,L2,L2_true,N,std,jump,jump_prob,ve,dim
0,5.161786874970902,3.9291487557606746,16,0.01,0.3,0.5,0.0025,3
