,L2,L2_true,N,std,jump,jump_prob,ve,dim
0,2.412801880037382,2.387818020958284,31,0.05,0.3,0.5,0.001,1
