,L2,L2_true,N,std,jump,jump_prob,ve,dim
0,3.4070434290561686,0.09394157234247968,848,0.01,0.3,0.5,0.01,1
