,L2,L2_true,N,std,jump,jump_prob,ve,dim
0,1.9141314561341431,1.925086285205125,43,0.05,0.3,0.5,0.001,1
