,L2,L2_true,N,std,jump,jump_prob,ve,dim
0,3.22420925642235,1.0744161157702607,51,0.01,0.3,0.5,0.0025,1
