,L2,L2_true,N,std,jump,jump_prob,ve,dim
0,3.580021334100948,0.9206196121844438,13,0.01,0.3,0.5,0.01,1
