,L2,L2_true,N,std,jump,jump_prob,ve,dim
0,2.3812149135038894,2.3803396525714815,22,0.2,0.3,0.5,0.001,1
