,L2,L2_true,N,std,jump,jump_prob,ve,dim
0,8.802621268608988,8.149870172243538,100,0.01,0.3,0.5,0.0025,3
