,L2,L2_true,N,std,jump,jump_prob,ve,dim
0,3.765688181620571,1.5861120380259979,117,0.01,0.3,0.5,0.01,2
