,L2,L2_true,N,std,jump,jump_prob,ve,dim
0,3.675737645647789,1.7391104116413998,11,0.01,0.3,0.5,0.0025,1
