,L2,L2_true,N,std,jump,jump_prob,ve,dim
0,4.102645980751035,2.203379395536331,51,0.01,0.3,0.5,0.01,2
