,L2,L2_true,N,std,jump,jump_prob,ve,dim
0,4.669806669125791,3.0608050340934176,16,0.01,0.3,0.5,0.01,3
