,L2,L2_true,N,std,jump,jump_prob,ve,dim
0,3.644195627714585,1.8660627888486763,2,0.01,0.3,0.5,0.001,1
