,L2,L2_true,N,std,jump,jump_prob,ve,dim
0,4.735494352465492,3.5994760375909154,316,0.01,0.3,0.5,0.0025,2
