,L2,L2_true,N,std,jump,jump_prob,ve,dim
0,2.619424319212769,0.149396091701951,3162,0.01,0.3,0.5,0.001,1
