,L2,L2_true,N,std,jump,jump_prob,ve,dim
0,3.642841949696612,0.9193612993657628,3,0.01,0.3,0.5,0.01,1
