,L2,L2_true,N,std,jump,jump_prob,ve,dim
0,1.348687892065221,1.1774153625113633,1,0.05,0.3,0.5,0.001,1
