,L2,L2_true,N,std,jump,jump_prob,ve,dim
0,3.650396235493099,1.8853446605310098,2,0.01,0.3,0.5,0.001,1
