,L2,L2_true,N,std,jump,jump_prob,ve,dim
0,13.622078802818267,13.263633784479557,227,0.01,0.3,0.5,0.001,3
