,L2,L2_true,N,std,jump,jump_prob,ve,dim
0,3.4182887017855768,0.047613459822162994,1930,0.01,0.3,0.5,0.01,1
