,L2,L2_true,N,std,jump,jump_prob,ve,dim
0,2.1281825247920017,2.126948232703042,8,0.2,0.3,0.5,0.001,1
