,L2,L2_true,N,std,jump,jump_prob,ve,dim
0,3.030715918463261,0.22978865764071607,372,0.01,0.3,0.5,0.0025,1
