,L2,L2_true,N,std,jump,jump_prob,ve,dim
0,3.415814766870072,0.3578536429408608,1637,0.01,0.3,0.5,0.01,2
