,L2,L2_true,N,std,jump,jump_prob,ve,dim
0,5.3966233461797595,4.120855770681218,100,0.01,0.3,0.5,0.01,3
