,L2,L2_true,N,std,jump,jump_prob,ve,dim
0,4.93382387483509,3.4446234843544183,22,0.01,0.3,0.5,0.01,3
