,L2,L2_true,N,std,jump,jump_prob,ve,dim
0,4.898063279436213,3.762236426105697,13,0.01,0.3,0.5,0.001,2
