,L2,L2_true,N,std,jump,jump_prob,ve,dim
0,8.452757561201919,7.90518101143549,117,0.01,0.3,0.5,0.001,2
