,L2,L2_true,N,std,jump,jump_prob,ve,dim
0,7.1034069018143695,6.270180129450324,51,0.01,0.3,0.5,0.0025,3
