,L2,L2_true,N,std,jump,jump_prob,ve,dim
0,3.3627005959697325,1.4272538263106487,1930,0.01,0.3,0.5,0.0025,2
