,L2,L2_true,N,std,jump,jump_prob,ve,dim
0,8.569812717860042,8.071302741177371,227,0.01,0.3,0.5,0.001,2
