,L2,L2_true,N,std,jump,jump_prob,ve,dim
0,2.0467208738002465,2.0464891642430474,26,0.2,0.3,0.5,0.001,1
