,L2,L2_true,N,std,jump,jump_prob,ve,dim
0,1.905655270539259,1.8840887534226696,61,0.05,0.3,0.5,0.001,1
