,L2,L2_true,N,std,jump,jump_prob,ve,dim
0,10.121306456944264,9.574009612768089,163,0.01,0.3,0.5,0.0025,3
