,L2,L2_true,N,std,jump,jump_prob,ve,dim
0,3.0460717855556205,0.2543876287482335,372,0.01,0.3,0.5,0.0025,1
