,L2,L2_true,N,std,jump,jump_prob,ve,dim
0,1.7639493325082003,1.761805076758971,5,0.2,0.3,0.5,0.001,1
