,L2,L2_true,N,std,jump,jump_prob,ve,dim
0,4.166387991676981,2.7448792352469917,6,0.01,0.3,0.5,0.001,3
