,L2,L2_true,N,std,jump,jump_prob,ve,dim
0,2.6187657282550996,0.2481352991220489,1930,0.01,0.3,0.5,0.001,1
