,L2,L2_true,N,std,jump,jump_prob,ve,dim
0,3.4117516228501406,0.08255428251819708,719,0.01,0.3,0.5,0.01,1
