,L2,L2_true,N,std,jump,jump_prob,ve,dim
0,12.182274006440096,11.77550212346733,1389,0.01,0.3,0.5,0.0025,3
