,L2,L2_true,N,std,jump,jump_prob,ve,dim
0,3.0669415652701493,0.5125695646830412,163,0.01,0.3,0.5,0.0025,1
