,L2,L2_true,N,std,jump,jump_prob,ve,dim
0,0.25272863655438654,0.25248831644336384,1930,0.2,0.3,0.5,0.001,1
