,L2,L2_true,N,std,jump,jump_prob,ve,dim
0,1.0945702034589677,1.0944432725994857,138,0.2,0.3,0.5,0.001,1
