,L2,L2_true,N,std,jump,jump_prob,ve,dim
0,14.37197477398792,14.03415282041961,268,0.01,0.3,0.5,0.001,3
