,L2,L2_true,N,std,jump,jump_prob,ve,dim
0,11.193588384338813,10.758550464951297,1930,0.01,0.3,0.5,0.0025,3
