,L2,L2_true,N,std,jump,jump_prob,ve,dim
0,3.4094928981251074,0.08460254313633288,1637,0.01,0.3,0.5,0.01,1
