,L2,L2_true,N,std,jump,jump_prob,ve,dim
0,3.4212480130069896,0.05131900428594002,3162,0.01,0.3,0.5,0.01,1
