,L2,L2_true,N,std,jump,jump_prob,ve,dim
0,5.799837240704774,4.894155343721009,163,0.01,0.3,0.5,0.0025,2
