,L2,L2_true,N,std,jump,jump_prob,ve,dim
0,2.6203707171025568,0.19104636147297363,1930,0.01,0.3,0.5,0.001,1
