,L2,L2_true,N,std,jump,jump_prob,ve,dim
0,3.7344187010946586,2.026811235769265,2,0.01,0.3,0.5,0.001,3
