,L2,L2_true,N,std,jump,jump_prob,ve,dim
0,8.259734752074626,7.560737780438079,84,0.01,0.3,0.5,0.0025,3
