,L2,L2_true,N,std,jump,jump_prob,ve,dim
0,2.0106434263400055,2.0075805403105207,6,0.2,0.3,0.5,0.001,1
