,L2,L2_true,N,std,jump,jump_prob,ve,dim
0,3.6053481103418945,0.7447073934837807,1,0.01,0.3,0.5,0.01,1
