,L2,L2_true,N,std,jump,jump_prob,ve,dim
0,3.5039841600630273,0.7332370221061802,11,0.01,0.3,0.5,0.01,1
