,L2,L2_true,N,std,jump,jump_prob,ve,dim
0,5.714654354787928,4.667200541361457,43,0.01,0.3,0.5,0.0025,2
