,L2,L2_true,N,std,jump,jump_prob,ve,dim
0,1.3167154719272158,1.3000067748415747,71,0.05,0.3,0.5,0.001,1
