,L2,L2_true,N,std,jump,jump_prob,ve,dim
0,0.41311906397141535,0.3456410355178116,1178,0.05,0.3,0.5,0.001,1
