,L2,L2_true,N,std,jump,jump_prob,ve,dim
0,8.93089776616037,8.277402154137121,100,0.01,0.3,0.5,0.0025,3
