,L2,L2_true,N,std,jump,jump_prob,ve,dim
0,8.952902225595311,8.311881381630904,100,0.01,0.3,0.5,0.0025,3
