,L2,L2_true,N,std,jump,jump_prob,ve,dim
0,3.7190900775920603,1.4383034592461865,117,0.01,0.3,0.5,0.01,2
