,L2,L2_true,N,std,jump,jump_prob,ve,dim
0,3.041470374879157,0.23413580174810236,610,0.01,0.3,0.5,0.0025,1
