,L2,L2_true,N,std,jump,jump_prob,ve,dim
0,3.03089327073604,0.12422772631016712,1930,0.01,0.3,0.5,0.0025,1
