,L2,L2_true,N,std,jump,jump_prob,ve,dim
0,14.51471671733217,14.18247347947161,268,0.01,0.3,0.5,0.001,3
