,L2,L2_true,N,std,jump,jump_prob,ve,dim
0,9.49664466991975,8.984673270321133,3000,0.01,0.3,0.5,0.0025,3
