,L2,L2_true,N,std,jump,jump_prob,ve,dim
0,4.398876758705639,2.7717094319340405,517,0.01,0.3,0.5,0.01,3
