,L2,L2_true,N,std,jump,jump_prob,ve,dim
0,4.900097094908499,3.4021436594306813,22,0.01,0.3,0.5,0.01,3
