,L2,L2_true,N,std,jump,jump_prob,ve,dim
0,3.872509826657842,2.2799084889656713,4,0.01,0.3,0.5,0.001,1
