,L2,L2_true,N,std,jump,jump_prob,ve,dim
0,3.6301748442296304,0.851127781070148,2,0.01,0.3,0.5,0.01,2
