,L2,L2_true,N,std,jump,jump_prob,ve,dim
0,3.4785510211172275,0.5691055348571177,31,0.01,0.3,0.5,0.01,1
