,L2,L2_true,N,std,jump,jump_prob,ve,dim
0,7.96400684993141,7.37428568715658,100,0.01,0.3,0.5,0.001,2
