,L2,L2_true,N,std,jump,jump_prob,ve,dim
0,4.085579809462369,2.8998468289018633,19,0.01,0.3,0.5,0.001,1
