,L2,L2_true,N,std,jump,jump_prob,ve,dim
0,5.794602160616268,4.8442484926623335,117,0.01,0.3,0.5,0.0025,2
