,L2,L2_true,N,std,jump,jump_prob,ve,dim
0,4.050108428489205,2.674997155800621,610,0.01,0.3,0.5,0.0025,2
