,L2,L2_true,N,std,jump,jump_prob,ve,dim
0,3.9318542247246775,1.88168282157341,71,0.01,0.3,0.5,0.01,2
