,L2,L2_true,N,std,jump,jump_prob,ve,dim
0,1.3496886632986678,1.1783878671019747,1,0.05,0.3,0.5,0.001,1
