,L2,L2_true,N,std,jump,jump_prob,ve,dim
0,0.558416994280715,0.5575151332882133,439,0.2,0.3,0.5,0.001,1
