,L2,L2_true,N,std,jump,jump_prob,ve,dim
0,4.4958614567158595,2.803656384627434,13,0.01,0.3,0.5,0.01,3
