,L2,L2_true,N,std,jump,jump_prob,ve,dim
0,3.553918814983911,1.8560428273354932,1178,0.01,0.3,0.5,0.0025,2
