,L2,L2_true,N,std,jump,jump_prob,ve,dim
0,1.0549062666757216,1.0523886919475964,2,0.2,0.3,0.5,0.001,1
