,L2,L2_true,N,std,jump,jump_prob,ve,dim
0,4.721503639158213,3.2190458547711316,372,0.01,0.3,0.5,0.01,3
