,L2,L2_true,N,std,jump,jump_prob,ve,dim
0,3.421094778595892,0.18215796730498185,84,0.01,0.3,0.5,0.01,1
