,L2,L2_true,N,std,jump,jump_prob,ve,dim
0,3.584369503952446,1.0682352431688735,193,0.01,0.3,0.5,0.01,2
