,L2,L2_true,N,std,jump,jump_prob,ve,dim
0,3.513430713489369,1.756064820361562,1389,0.01,0.3,0.5,0.0025,2
