,L2,L2_true,N,std,jump,jump_prob,ve,dim
0,2.2664212537020614,2.2668353435549977,22,0.2,0.3,0.5,0.001,1
