,L2,L2_true,N,std,jump,jump_prob,ve,dim
0,2.6255670723914974,0.3121122108076643,1000,0.01,0.3,0.5,0.001,1
