,L2,L2_true,N,std,jump,jump_prob,ve,dim
0,3.418538760018172,0.10295418987559876,517,0.01,0.3,0.5,0.01,1
