,L2,L2_true,N,std,jump,jump_prob,ve,dim
0,12.261899671656039,11.830307836138578,372,0.01,0.3,0.5,0.0025,3
