,L2,L2_true,N,std,jump,jump_prob,ve,dim
0,4.090895823863593,2.079109944007129,8,0.01,0.3,0.5,0.01,2
