,L2,L2_true,N,std,jump,jump_prob,ve,dim
0,3.612026167016718,1.8032059234872329,1,0.01,0.3,0.5,0.001,1
