,L2,L2_true,N,std,jump,jump_prob,ve,dim
0,2.4234474928598475,2.421851786942123,22,0.2,0.3,0.5,0.001,1
