,L2,L2_true,N,std,jump,jump_prob,ve,dim
0,2.0158044951776133,2.0180802589007953,6,0.2,0.3,0.5,0.001,1
