,L2,L2_true,N,std,jump,jump_prob,ve,dim
0,3.4293872854423433,0.16267590116037087,163,0.01,0.3,0.5,0.01,1
