,L2,L2_true,N,std,jump,jump_prob,ve,dim
0,11.538334531811982,11.064434681585766,268,0.01,0.3,0.5,0.0025,3
