,L2,L2_true,N,std,jump,jump_prob,ve,dim
0,3.097236899563796,1.5166683365860958,51,0.01,0.3,0.5,0.001,1
