,L2,L2_true,N,std,jump,jump_prob,ve,dim
0,3.741338310814139,2.369169542207652,22,0.01,0.3,0.5,0.001,1
