,L2,L2_true,N,std,jump,jump_prob,ve,dim
0,4.486581006968755,2.7747479594057047,13,0.01,0.3,0.5,0.01,3
