,L2,L2_true,N,std,jump,jump_prob,ve,dim
0,3.966950919871727,2.978933800372662,3000,0.01,0.3,0.5,0.001,2
