,L2,L2_true,N,std,jump,jump_prob,ve,dim
0,10.544316628222179,10.078249622041637,117,0.01,0.3,0.5,0.001,3
