,L2,L2_true,N,std,jump,jump_prob,ve,dim
0,3.4252745480333866,0.23877751802532188,138,0.01,0.3,0.5,0.01,1
