,L2,L2_true,N,std,jump,jump_prob,ve,dim
0,0.22095417641274756,0.2214820435377658,2682,0.2,0.3,0.5,0.001,1
