,L2,L2_true,N,std,jump,jump_prob,ve,dim
0,19.76557232449266,19.532471094657616,719,0.01,0.3,0.5,0.001,3
