,L2,L2_true,N,std,jump,jump_prob,ve,dim
0,3.9928589966537764,2.496175905437731,5,0.01,0.3,0.5,0.001,1
