,L2,L2_true,N,std,jump,jump_prob,ve,dim
0,5.0313821241939465,4.280324200421305,1637,0.01,0.3,0.5,0.001,2
