,L2,L2_true,N,std,jump,jump_prob,ve,dim
0,3.5638640240154786,0.9778810343249998,227,0.01,0.3,0.5,0.01,2
