,L2,L2_true,N,std,jump,jump_prob,ve,dim
0,5.192379842908804,3.9444734369723253,19,0.01,0.3,0.5,0.0025,3
