,L2,L2_true,N,std,jump,jump_prob,ve,dim
0,3.488785396250527,0.7214271667171647,439,0.01,0.3,0.5,0.01,2
