,L2,L2_true,N,std,jump,jump_prob,ve,dim
0,1.870433951242442,1.8432325354819743,71,0.05,0.3,0.5,0.001,1
