,L2,L2_true,N,std,jump,jump_prob,ve,dim
0,3.619960730889212,1.3337759723889877,2,0.01,0.3,0.5,0.0025,1
