,L2,L2_true,N,std,jump,jump_prob,ve,dim
0,7.451599285806936,6.764835784949292,51,0.01,0.3,0.5,0.001,3
