,L2,L2_true,N,std,jump,jump_prob,ve,dim
0,2.9378354291241067,2.9383179462128344,37,0.2,0.3,0.5,0.001,1
