,L2,L2_true,N,std,jump,jump_prob,ve,dim
0,2.0124399581516794,1.961981963964243,16,0.05,0.3,0.5,0.001,1
