,L2,L2_true,N,std,jump,jump_prob,ve,dim
0,13.026032870642206,12.642831860145426,610,0.01,0.3,0.5,0.0025,3
