,L2,L2_true,N,std,jump,jump_prob,ve,dim
0,3.6259447205367388,1.1877075677268314,193,0.01,0.3,0.5,0.01,2
