,L2,L2_true,N,std,jump,jump_prob,ve,dim
0,2.6858467084081465,0.664259141406274,163,0.01,0.3,0.5,0.001,1
