,L2,L2_true,N,std,jump,jump_prob,ve,dim
0,4.111523235663674,2.1768135461377844,22,0.01,0.3,0.5,0.01,2
