,L2,L2_true,N,std,jump,jump_prob,ve,dim
0,4.606801649363148,3.1544209042320985,16,0.01,0.3,0.5,0.0025,2
