,L2,L2_true,N,std,jump,jump_prob,ve,dim
0,2.0450894454789,2.044185163408509,11,0.2,0.3,0.5,0.001,1
