,L2,L2_true,N,std,jump,jump_prob,ve,dim
0,2.1378870509614925,2.1386900916820557,13,0.2,0.3,0.5,0.001,1
