,L2,L2_true,N,std,jump,jump_prob,ve,dim
0,3.43970923828123,0.413413903990271,1178,0.01,0.3,0.5,0.01,2
