,L2,L2_true,N,std,jump,jump_prob,ve,dim
0,3.629550672047213,1.8033051117433088,1,0.01,0.3,0.5,0.001,2
