,L2,L2_true,N,std,jump,jump_prob,ve,dim
0,3.053202982652733,0.47732604544846613,117,0.01,0.3,0.5,0.0025,1
