,L2,L2_true,N,std,jump,jump_prob,ve,dim
0,2.2774948434329967,2.273806278249033,26,0.05,0.3,0.5,0.001,1
