,L2,L2_true,N,std,jump,jump_prob,ve,dim
0,3.4087418635385833,0.05621398776207302,1178,0.01,0.3,0.5,0.01,1
