,L2,L2_true,N,std,jump,jump_prob,ve,dim
0,0.38408352429451076,0.3092866130933608,1000,0.05,0.3,0.5,0.001,1
