,L2,L2_true,N,std,jump,jump_prob,ve,dim
0,0.22489973950762185,0.2244598553138316,2682,0.2,0.3,0.5,0.001,1
