,L2,L2_true,N,std,jump,jump_prob,ve,dim
0,3.6426941247307525,2.005384077628827,1000,0.01,0.3,0.5,0.0025,2
