,L2,L2_true,N,std,jump,jump_prob,ve,dim
0,3.2652267430128976,1.1689869869475404,43,0.01,0.3,0.5,0.0025,1
