,L2,L2_true,N,std,jump,jump_prob,ve,dim
0,3.846409307740082,2.652137624814281,31,0.01,0.3,0.5,0.001,1
