,L2,L2_true,N,std,jump,jump_prob,ve,dim
0,4.232650096902228,2.5782229053910353,7,0.01,0.3,0.5,0.0025,2
