,L2,L2_true,N,std,jump,jump_prob,ve,dim
0,12.039979267897944,11.636606896416497,1389,0.01,0.3,0.5,0.0025,3
