,L2,L2_true,N,std,jump,jump_prob,ve,dim
0,3.807679918963831,1.6568747649727325,84,0.01,0.3,0.5,0.01,2
