,L2,L2_true,N,std,jump,jump_prob,ve,dim
0,3.976168177105622,2.5011079121058577,7,0.01,0.3,0.5,0.001,1
