,L2,L2_true,N,std,jump,jump_prob,ve,dim
0,3.9794381944921446,1.8810525127035582,16,0.01,0.3,0.5,0.01,2
