,L2,L2_true,N,std,jump,jump_prob,ve,dim
0,4.313372541352807,2.965807701163502,8,0.01,0.3,0.5,0.001,2
