,L2,L2_true,N,std,jump,jump_prob,ve,dim
0,8.312084288511402,7.772123645396364,163,0.01,0.3,0.5,0.001,2
