,L2,L2_true,N,std,jump,jump_prob,ve,dim
0,2.633384606814789,0.3919181986987351,517,0.01,0.3,0.5,0.001,1
