,L2,L2_true,N,std,jump,jump_prob,ve,dim
0,5.375844037381489,4.07103574051037,51,0.01,0.3,0.5,0.01,3
