,L2,L2_true,N,std,jump,jump_prob,ve,dim
0,4.169467795332717,2.472326260561494,6,0.01,0.3,0.5,0.0025,3
