,L2,L2_true,N,std,jump,jump_prob,ve,dim
0,9.829396674521528,9.330467127993046,3000,0.01,0.3,0.5,0.0025,3
