,L2,L2_true,N,std,jump,jump_prob,ve,dim
0,3.471648351804761,0.5729815716586264,37,0.01,0.3,0.5,0.01,1
