,L2,L2_true,N,std,jump,jump_prob,ve,dim
0,3.029298040726431,0.16426154694050718,1000,0.01,0.3,0.5,0.0025,1
