,L2,L2_true,N,std,jump,jump_prob,ve,dim
0,3.613602249589323,0.8018947550977445,2,0.01,0.3,0.5,0.01,1
