,L2,L2_true,N,std,jump,jump_prob,ve,dim
0,12.316402608820022,11.921852187472672,1389,0.01,0.3,0.5,0.0025,3
