,L2,L2_true,N,std,jump,jump_prob,ve,dim
0,11.499913297717296,11.021666174788528,268,0.01,0.3,0.5,0.0025,3
