,L2,L2_true,N,std,jump,jump_prob,ve,dim
0,0.4466635913536352,0.44765685744970807,719,0.2,0.3,0.5,0.001,1
