,L2,L2_true,N,std,jump,jump_prob,ve,dim
0,3.8455811502798505,2.5042515291401632,22,0.01,0.3,0.5,0.001,1
