,L2,L2_true,N,std,jump,jump_prob,ve,dim
0,3.415898936606739,0.07580988420588138,1000,0.01,0.3,0.5,0.01,1
