,L2,L2_true,N,std,jump,jump_prob,ve,dim
0,3.4249252732212554,0.07013888579681013,610,0.01,0.3,0.5,0.01,1
