,L2,L2_true,N,std,jump,jump_prob,ve,dim
0,3.7534932780500885,2.0008329505353752,13,0.01,0.3,0.5,0.0025,1
