,L2,L2_true,N,std,jump,jump_prob,ve,dim
0,3.417191696123113,0.06867816274095863,1389,0.01,0.3,0.5,0.01,1
