,L2,L2_true,N,std,jump,jump_prob,ve,dim
0,0.45504442515037136,0.45541665677108484,610,0.2,0.3,0.5,0.001,1
