,L2,L2_true,N,std,jump,jump_prob,ve,dim
0,5.103590443746407,3.7057742500287514,37,0.01,0.3,0.5,0.01,3
