,L2,L2_true,N,std,jump,jump_prob,ve,dim
0,3.4532778838102685,0.5872092504856602,610,0.01,0.3,0.5,0.01,2
