,L2,L2_true,N,std,jump,jump_prob,ve,dim
0,3.43229093956978,0.2005348087069779,117,0.01,0.3,0.5,0.01,1
