,L2,L2_true,N,std,jump,jump_prob,ve,dim
0,2.6309845814275414,0.3260766722682375,610,0.01,0.3,0.5,0.001,1
