,L2,L2_true,N,std,jump,jump_prob,ve,dim
0,8.598569190921772,8.088845442600414,227,0.01,0.3,0.5,0.001,2
