,L2,L2_true,N,std,jump,jump_prob,ve,dim
0,3.4151788029029975,0.04570368065189033,2275,0.01,0.3,0.5,0.01,1
