,L2,L2_true,N,std,jump,jump_prob,ve,dim
0,12.046976098759117,11.60248497435894,372,0.01,0.3,0.5,0.0025,3
