,L2,L2_true,N,std,jump,jump_prob,ve,dim
0,2.6210051382808293,0.3091307229715429,610,0.01,0.3,0.5,0.001,1
