,L2,L2_true,N,std,jump,jump_prob,ve,dim
0,9.931758334852747,9.423064807989025,100,0.01,0.3,0.5,0.001,3
