,L2,L2_true,N,std,jump,jump_prob,ve,dim
0,7.167610150112597,6.467612663825912,61,0.01,0.3,0.5,0.001,2
