,L2,L2_true,N,std,jump,jump_prob,ve,dim
0,3.4755266342444218,0.6553906641846874,517,0.01,0.3,0.5,0.01,2
