,L2,L2_true,N,std,jump,jump_prob,ve,dim
0,3.0397728100134587,0.18667829704155106,719,0.01,0.3,0.5,0.0025,1
