,L2,L2_true,N,std,jump,jump_prob,ve,dim
0,4.4073144775610995,2.8485380569952827,10,0.01,0.3,0.5,0.0025,2
