,L2,L2_true,N,std,jump,jump_prob,ve,dim
0,3.9859443225918345,2.28655534487329,8,0.01,0.3,0.5,0.0025,1
