,L2,L2_true,N,std,jump,jump_prob,ve,dim
0,5.606797419444461,4.95574225366896,1178,0.01,0.3,0.5,0.001,2
