,L2,L2_true,N,std,jump,jump_prob,ve,dim
0,3.692829374107648,1.4093999408953242,2000,0.01,0.3,0.5,0.01,3
