,L2,L2_true,N,std,jump,jump_prob,ve,dim
0,3.6199506361129394,0.744908370352072,1,0.01,0.3,0.5,0.01,1
