,L2,L2_true,N,std,jump,jump_prob,ve,dim
0,6.228391233591886,5.6034025541961405,848,0.01,0.3,0.5,0.001,2
