,L2,L2_true,N,std,jump,jump_prob,ve,dim
0,4.416071714859237,2.7753202365557064,517,0.01,0.3,0.5,0.01,3
