,L2,L2_true,N,std,jump,jump_prob,ve,dim
0,7.481010939741793,6.841753827944456,71,0.01,0.3,0.5,0.001,2
