,L2,L2_true,N,std,jump,jump_prob,ve,dim
0,0.3319908238457744,0.25374930264230117,2275,0.05,0.3,0.5,0.001,1
