,L2,L2_true,N,std,jump,jump_prob,ve,dim
0,4.053898246791552,2.253487950741025,5,0.01,0.3,0.5,0.0025,3
