,L2,L2_true,N,std,jump,jump_prob,ve,dim
0,3.2043860871272387,1.028154161692849,31,0.01,0.3,0.5,0.0025,1
