,L2,L2_true,N,std,jump,jump_prob,ve,dim
0,10.687573997697122,10.168403914468376,193,0.01,0.3,0.5,0.0025,3
