,L2,L2_true,N,std,jump,jump_prob,ve,dim
0,3.84317200818367,2.216183833936327,2,0.01,0.3,0.5,0.001,1
