,L2,L2_true,N,std,jump,jump_prob,ve,dim
0,2.3937294573102696,2.3331941533815,8,0.05,0.3,0.5,0.001,1
