,L2,L2_true,N,std,jump,jump_prob,ve,dim
0,3.42123260916661,0.09867589903043938,719,0.01,0.3,0.5,0.01,1
