,L2,L2_true,N,std,jump,jump_prob,ve,dim
0,3.672909946702438,2.0489313724955847,1000,0.01,0.3,0.5,0.0025,2
