,L2,L2_true,N,std,jump,jump_prob,ve,dim
0,12.645069246780649,12.233525439235619,517,0.01,0.3,0.5,0.0025,3
