,L2,L2_true,N,std,jump,jump_prob,ve,dim
0,0.3477190385399099,0.3467962724317186,1178,0.2,0.3,0.5,0.001,1
