,L2,L2_true,N,std,jump,jump_prob,ve,dim
0,5.602262734763166,4.942406814747385,1178,0.01,0.3,0.5,0.001,2
