,L2,L2_true,N,std,jump,jump_prob,ve,dim
0,3.473272262746326,0.6291532052965311,517,0.01,0.3,0.5,0.01,2
