,L2,L2_true,N,std,jump,jump_prob,ve,dim
0,5.617011750210141,4.6555629910643415,22,0.01,0.3,0.5,0.001,3
