,L2,L2_true,N,std,jump,jump_prob,ve,dim
0,2.6263609253429756,0.30848357088890865,848,0.01,0.3,0.5,0.001,1
