,L2,L2_true,N,std,jump,jump_prob,ve,dim
0,2.617932704023872,2.6187661623500906,13,0.2,0.3,0.5,0.001,1
