,L2,L2_true,N,std,jump,jump_prob,ve,dim
0,4.241585949020868,2.3632995769720813,16,0.01,0.3,0.5,0.01,2
