,L2,L2_true,N,std,jump,jump_prob,ve,dim
0,4.101895489358106,2.0974573983165095,7,0.01,0.3,0.5,0.01,3
