,L2,L2_true,N,std,jump,jump_prob,ve,dim
0,4.516170392695198,3.6671867309901454,2000,0.01,0.3,0.5,0.001,2
