,L2,L2_true,N,std,jump,jump_prob,ve,dim
0,2.7302456712110956,0.8176100498949007,163,0.01,0.3,0.5,0.001,1
