,L2,L2_true,N,std,jump,jump_prob,ve,dim
0,25.064023681658963,24.896254731127595,2000,0.01,0.3,0.5,0.001,3
