,L2,L2_true,N,std,jump,jump_prob,ve,dim
0,2.8039614356975786,2.8039540036178354,16,0.2,0.3,0.5,0.001,1
