,L2,L2_true,N,std,jump,jump_prob,ve,dim
0,5.494047601667515,4.257652509991048,100,0.01,0.3,0.5,0.01,3
