,L2,L2_true,N,std,jump,jump_prob,ve,dim
0,3.950198267705583,2.506540941609867,719,0.01,0.3,0.5,0.0025,2
