,L2,L2_true,N,std,jump,jump_prob,ve,dim
0,4.507834873086836,3.6696514256391044,2000,0.01,0.3,0.5,0.001,2
