,L2,L2_true,N,std,jump,jump_prob,ve,dim
0,4.564218734985434,3.012982732393898,439,0.01,0.3,0.5,0.01,3
