,L2,L2_true,N,std,jump,jump_prob,ve,dim
0,3.0628824594093857,0.4203324344282083,138,0.01,0.3,0.5,0.0025,1
