,L2,L2_true,N,std,jump,jump_prob,ve,dim
0,3.6648772854669196,2.0506897309198404,1000,0.01,0.3,0.5,0.0025,2
