,L2,L2_true,N,std,jump,jump_prob,ve,dim
0,2.4249984787899006,2.425121037635721,22,0.2,0.3,0.5,0.001,1
