,L2,L2_true,N,std,jump,jump_prob,ve,dim
0,1.0141076692155293,1.0137693415098625,138,0.2,0.3,0.5,0.001,1
