,L2,L2_true,N,std,jump,jump_prob,ve,dim
0,4.4355620503627415,3.1402237222505818,8,0.01,0.3,0.5,0.001,3
