,L2,L2_true,N,std,jump,jump_prob,ve,dim
0,4.7565141389389725,3.6238559866541635,11,0.01,0.3,0.5,0.001,1
