,L2,L2_true,N,std,jump,jump_prob,ve,dim
0,3.899789049117409,1.7331999186504907,7,0.01,0.3,0.5,0.01,1
