,L2,L2_true,N,std,jump,jump_prob,ve,dim
0,5.395570765775457,4.141316717254756,193,0.01,0.3,0.5,0.01,3
