,L2,L2_true,N,std,jump,jump_prob,ve,dim
0,0.5970811150058292,0.5476782761440673,439,0.05,0.3,0.5,0.001,1
