,L2,L2_true,N,std,jump,jump_prob,ve,dim
0,3.6375579704354775,1.8792380519405985,2,0.01,0.3,0.5,0.001,1
