,L2,L2_true,N,std,jump,jump_prob,ve,dim
0,3.619743941762535,0.7444842949924295,1,0.01,0.3,0.5,0.01,1
