,L2,L2_true,N,std,jump,jump_prob,ve,dim
0,8.829714935503107,8.345740116757987,227,0.01,0.3,0.5,0.001,2
