,L2,L2_true,N,std,jump,jump_prob,ve,dim
0,2.211717258913713,2.2106383849128557,26,0.2,0.3,0.5,0.001,1
