,L2,L2_true,N,std,jump,jump_prob,ve,dim
0,3.9416991548142892,2.775354759465666,26,0.01,0.3,0.5,0.001,1
