,L2,L2_true,N,std,jump,jump_prob,ve,dim
0,3.6469121513036704,1.008241926307782,5,0.01,0.3,0.5,0.01,1
