,L2,L2_true,N,std,jump,jump_prob,ve,dim
0,3.4200336393349233,0.2252446461971824,138,0.01,0.3,0.5,0.01,1
