,L2,L2_true,N,std,jump,jump_prob,ve,dim
0,3.0449352564636594,0.2674499756761632,610,0.01,0.3,0.5,0.0025,1
