,L2,L2_true,N,std,jump,jump_prob,ve,dim
0,2.483707871939301,2.4336047347550136,10,0.05,0.3,0.5,0.001,1
