,L2,L2_true,N,std,jump,jump_prob,ve,dim
0,4.341541969780633,2.525788766216679,10,0.01,0.3,0.5,0.01,3
