,L2,L2_true,N,std,jump,jump_prob,ve,dim
0,0.2281769930570028,0.22846740211399727,2682,0.2,0.3,0.5,0.001,1
