,L2,L2_true,N,std,jump,jump_prob,ve,dim
0,3.4190075106246036,0.18670598609761027,71,0.01,0.3,0.5,0.01,1
