,L2,L2_true,N,std,jump,jump_prob,ve,dim
0,3.433259517984271,0.04864811878062491,1000,0.01,0.3,0.5,0.01,1
