,L2,L2_true,N,std,jump,jump_prob,ve,dim
0,3.806886446229693,1.4175606813783501,4,0.01,0.3,0.5,0.01,2
