,L2,L2_true,N,std,jump,jump_prob,ve,dim
0,3.039739465004679,0.24644079002419564,268,0.01,0.3,0.5,0.0025,1
