,L2,L2_true,N,std,jump,jump_prob,ve,dim
0,2.6425158239694237,2.6409190059784717,19,0.2,0.3,0.5,0.001,1
