,L2,L2_true,N,std,jump,jump_prob,ve,dim
0,4.601992090455506,3.1379192392089585,11,0.01,0.3,0.5,0.0025,3
