,L2,L2_true,N,std,jump,jump_prob,ve,dim
0,2.454309946982603,2.4207863544487465,19,0.05,0.3,0.5,0.001,1
