,L2,L2_true,N,std,jump,jump_prob,ve,dim
0,3.9880744135344828,2.207481797790787,7,0.01,0.3,0.5,0.0025,1
