,L2,L2_true,N,std,jump,jump_prob,ve,dim
0,4.092839123943146,2.695878995574292,10,0.01,0.3,0.5,0.001,1
