,L2,L2_true,N,std,jump,jump_prob,ve,dim
0,2.111361102882307,2.0174466813067036,5,0.05,0.3,0.5,0.001,1
