,L2,L2_true,N,std,jump,jump_prob,ve,dim
0,2.617393887953098,2.580186673784371,19,0.05,0.3,0.5,0.001,1
