,L2,L2_true,N,std,jump,jump_prob,ve,dim
0,5.603687880612559,4.646117729693966,193,0.01,0.3,0.5,0.0025,2
