,L2,L2_true,N,std,jump,jump_prob,ve,dim
0,2.446587900084992,2.4034971469392405,11,0.05,0.3,0.5,0.001,1
