,L2,L2_true,N,std,jump,jump_prob,ve,dim
0,13.03617330960787,12.645592159550802,719,0.01,0.3,0.5,0.0025,3
