,L2,L2_true,N,std,jump,jump_prob,ve,dim
0,3.7483886644102635,1.2812893538753285,3,0.01,0.3,0.5,0.01,2
