,L2,L2_true,N,std,jump,jump_prob,ve,dim
0,3.4275791647390395,0.0548802001184975,2682,0.01,0.3,0.5,0.01,1
