,L2,L2_true,N,std,jump,jump_prob,ve,dim
0,4.283900154619921,2.921233376354995,7,0.01,0.3,0.5,0.001,3
