,L2,L2_true,N,std,jump,jump_prob,ve,dim
0,3.68025826871836,1.0348804877838684,2,0.01,0.3,0.5,0.01,3
