,L2,L2_true,N,std,jump,jump_prob,ve,dim
0,3.03750657520491,0.29060425602343876,372,0.01,0.3,0.5,0.0025,1
