,L2,L2_true,N,std,jump,jump_prob,ve,dim
0,11.623040847716526,11.156052729373986,268,0.01,0.3,0.5,0.0025,3
