,L2,L2_true,N,std,jump,jump_prob,ve,dim
0,6.022061681183252,5.032716330787795,37,0.01,0.3,0.5,0.0025,2
