,L2,L2_true,N,std,jump,jump_prob,ve,dim
0,7.698792799926068,7.023025436465659,51,0.01,0.3,0.5,0.001,3
