,L2,L2_true,N,std,jump,jump_prob,ve,dim
0,1.6418762548418953,1.6309935635339188,100,0.05,0.3,0.5,0.001,1
