,L2,L2_true,N,std,jump,jump_prob,ve,dim
0,4.874216505075101,3.7930032759332555,316,0.01,0.3,0.5,0.0025,2
