,L2,L2_true,N,std,jump,jump_prob,ve,dim
0,2.6271933971859767,0.36035187138687974,610,0.01,0.3,0.5,0.001,1
