,L2,L2_true,N,std,jump,jump_prob,ve,dim
0,12.65707579451549,12.274411580947042,193,0.01,0.3,0.5,0.001,3
