,L2,L2_true,N,std,jump,jump_prob,ve,dim
0,1.0793857970266796,1.0818782273791276,117,0.05,0.3,0.5,0.001,1
