,L2,L2_true,N,std,jump,jump_prob,ve,dim
0,3.0521905348768774,0.23271382361970494,719,0.01,0.3,0.5,0.0025,1
