,L2,L2_true,N,std,jump,jump_prob,ve,dim
0,3.8483820425211626,1.9280731364907704,6,0.01,0.3,0.5,0.0025,1
