,L2,L2_true,N,std,jump,jump_prob,ve,dim
0,4.167837101737462,2.36738391113734,719,0.01,0.3,0.5,0.01,3
