,L2,L2_true,N,std,jump,jump_prob,ve,dim
0,1.8584754753228072,1.7423325039750281,4,0.05,0.3,0.5,0.001,1
