,L2,L2_true,N,std,jump,jump_prob,ve,dim
0,2.632051276566007,0.37064643884419435,517,0.01,0.3,0.5,0.001,1
