,L2,L2_true,N,std,jump,jump_prob,ve,dim
0,3.8132614157582365,1.80997329494336,3,0.01,0.3,0.5,0.0025,2
