,L2,L2_true,N,std,jump,jump_prob,ve,dim
0,5.370436237734745,4.07854549632316,100,0.01,0.3,0.5,0.01,3
