,L2,L2_true,N,std,jump,jump_prob,ve,dim
0,4.680771926460997,3.085659824176952,16,0.01,0.3,0.5,0.01,3
