,L2,L2_true,N,std,jump,jump_prob,ve,dim
0,0.3069987723789805,0.1872994495421608,3162,0.05,0.3,0.5,0.001,1
