,L2,L2_true,N,std,jump,jump_prob,ve,dim
0,3.732784009838532,1.6186549309928215,2,0.01,0.3,0.5,0.0025,3
