,L2,L2_true,N,std,jump,jump_prob,ve,dim
0,3.0424293984986166,0.28440492204926865,439,0.01,0.3,0.5,0.0025,1
