,L2,L2_true,N,std,jump,jump_prob,ve,dim
0,3.4304750753640882,0.26414125104069675,3000,0.01,0.3,0.5,0.01,2
