,L2,L2_true,N,std,jump,jump_prob,ve,dim
0,3.8105886164597758,1.3453179870064347,2,0.01,0.3,0.5,0.01,1
