,L2,L2_true,N,std,jump,jump_prob,ve,dim
0,4.077330663699214,2.706079455828614,610,0.01,0.3,0.5,0.0025,2
