,L2,L2_true,N,std,jump,jump_prob,ve,dim
0,3.04416954257698,0.28782973116811467,439,0.01,0.3,0.5,0.0025,1
