,L2,L2_true,N,std,jump,jump_prob,ve,dim
0,3.8499726713634623,2.220808527280571,2,0.01,0.3,0.5,0.001,1
