,L2,L2_true,N,std,jump,jump_prob,ve,dim
0,0.3020277511076166,0.18294153758357304,3162,0.05,0.3,0.5,0.001,1
