,L2,L2_true,N,std,jump,jump_prob,ve,dim
0,1.781649468435063,1.7804895737524553,11,0.2,0.3,0.5,0.001,1
