,L2,L2_true,N,std,jump,jump_prob,ve,dim
0,4.831892393499636,3.490037473180947,16,0.01,0.3,0.5,0.0025,2
