,L2,L2_true,N,std,jump,jump_prob,ve,dim
0,2.6207372811240037,0.3047813256106811,719,0.01,0.3,0.5,0.001,1
