,L2,L2_true,N,std,jump,jump_prob,ve,dim
0,0.42884989830559694,0.36426376153649587,848,0.05,0.3,0.5,0.001,1
