,L2,L2_true,N,std,jump,jump_prob,ve,dim
0,3.4668738619239887,0.5662216504427635,610,0.01,0.3,0.5,0.01,2
