,L2,L2_true,N,std,jump,jump_prob,ve,dim
0,3.0472048017729256,0.2707265406730215,227,0.01,0.3,0.5,0.0025,1
