,L2,L2_true,N,std,jump,jump_prob,ve,dim
0,4.0949083143933835,2.6331524103415314,6,0.01,0.3,0.5,0.001,2
