,L2,L2_true,N,std,jump,jump_prob,ve,dim
0,2.694463409429134,2.694886369893486,19,0.2,0.3,0.5,0.001,1
