,L2,L2_true,N,std,jump,jump_prob,ve,dim
0,3.406996006029739,0.12996166205235654,138,0.01,0.3,0.5,0.01,1
