,L2,L2_true,N,std,jump,jump_prob,ve,dim
0,0.8475547395904679,0.8483081087468505,227,0.2,0.3,0.5,0.001,1
