,L2,L2_true,N,std,jump,jump_prob,ve,dim
0,2.0968907673907187,2.0106617632929664,5,0.05,0.3,0.5,0.001,1
