,L2,L2_true,N,std,jump,jump_prob,ve,dim
0,5.531304100326878,4.56436697168776,163,0.01,0.3,0.5,0.0025,2
