,L2,L2_true,N,std,jump,jump_prob,ve,dim
0,3.620254584060595,0.7882318994232327,2,0.01,0.3,0.5,0.01,1
