,L2,L2_true,N,std,jump,jump_prob,ve,dim
0,3.6503961372083737,1.854495144108589,2,0.01,0.3,0.5,0.001,1
