,L2,L2_true,N,std,jump,jump_prob,ve,dim
0,4.696744516821826,3.482232523868874,11,0.01,0.3,0.5,0.001,3
