,L2,L2_true,N,std,jump,jump_prob,ve,dim
0,3.8248906023710685,1.8267652653051003,3,0.01,0.3,0.5,0.0025,3
