,L2,L2_true,N,std,jump,jump_prob,ve,dim
0,7.898554076461102,7.297117360577703,100,0.01,0.3,0.5,0.001,2
