,L2,L2_true,N,std,jump,jump_prob,ve,dim
0,2.639955972989843,0.3965819847377592,517,0.01,0.3,0.5,0.001,1
