,L2,L2_true,N,std,jump,jump_prob,ve,dim
0,4.063409407907105,2.2032526303413613,848,0.01,0.3,0.5,0.01,3
