,L2,L2_true,N,std,jump,jump_prob,ve,dim
0,1.0061786615345927,0.9607410863513334,138,0.05,0.3,0.5,0.001,1
