,L2,L2_true,N,std,jump,jump_prob,ve,dim
0,10.217189578298337,9.671990252301127,163,0.01,0.3,0.5,0.0025,3
