,L2,L2_true,N,std,jump,jump_prob,ve,dim
0,3.9924363622916426,1.8967725217467106,8,0.01,0.3,0.5,0.01,2
