,L2,L2_true,N,std,jump,jump_prob,ve,dim
0,3.3148470418037896,1.3367273681649243,43,0.01,0.3,0.5,0.0025,1
