,L2,L2_true,N,std,jump,jump_prob,ve,dim
0,2.607156315692308,2.607888748983284,11,0.2,0.3,0.5,0.001,1
