,L2,L2_true,N,std,jump,jump_prob,ve,dim
0,0.3556215014747784,0.28815223430921266,1389,0.05,0.3,0.5,0.001,1
