,L2,L2_true,N,std,jump,jump_prob,ve,dim
0,3.417783606394409,0.29335566715677186,2275,0.01,0.3,0.5,0.01,2
