,L2,L2_true,N,std,jump,jump_prob,ve,dim
0,0.37471118107428314,0.2979732518597325,1389,0.05,0.3,0.5,0.001,1
