,L2,L2_true,N,std,jump,jump_prob,ve,dim
0,3.908033788665505,2.0167540592358764,6,0.01,0.3,0.5,0.0025,1
