,L2,L2_true,N,std,jump,jump_prob,ve,dim
0,3.5266931074863357,2.2373042132300207,37,0.01,0.3,0.5,0.001,1
