,L2,L2_true,N,std,jump,jump_prob,ve,dim
0,23.52359270473191,23.339370121290255,1389,0.01,0.3,0.5,0.001,3
