,L2,L2_true,N,std,jump,jump_prob,ve,dim
0,1.8813780696671094,1.881464176657328,6,0.2,0.3,0.5,0.001,1
