,L2,L2_true,N,std,jump,jump_prob,ve,dim
0,4.127968770981118,2.3843048368776194,6,0.01,0.3,0.5,0.0025,2
