,L2,L2_true,N,std,jump,jump_prob,ve,dim
0,12.174905326319045,11.736815886714183,316,0.01,0.3,0.5,0.0025,3
