,L2,L2_true,N,std,jump,jump_prob,ve,dim
0,1.5786931466681804,1.5793399953177594,4,0.2,0.3,0.5,0.001,1
