,L2,L2_true,N,std,jump,jump_prob,ve,dim
0,5.472495041673222,4.23365997514476,163,0.01,0.3,0.5,0.01,3
