,L2,L2_true,N,std,jump,jump_prob,ve,dim
0,3.9276525857142484,2.379355990628038,6,0.01,0.3,0.5,0.001,1
