,L2,L2_true,N,std,jump,jump_prob,ve,dim
0,5.32662697689202,4.007777502176578,43,0.01,0.3,0.5,0.01,3
