,L2,L2_true,N,std,jump,jump_prob,ve,dim
0,4.067602612628365,2.2885337984024474,5,0.01,0.3,0.5,0.0025,3
