,L2,L2_true,N,std,jump,jump_prob,ve,dim
0,4.146887657769252,2.173057450038156,7,0.01,0.3,0.5,0.01,3
