,L2,L2_true,N,std,jump,jump_prob,ve,dim
0,8.638019649808008,8.124262074578127,193,0.01,0.3,0.5,0.001,2
