,L2,L2_true,N,std,jump,jump_prob,ve,dim
0,3.644346328386549,1.8717929927670394,2,0.01,0.3,0.5,0.001,1
