,L2,L2_true,N,std,jump,jump_prob,ve,dim
0,3.4198401051865672,0.19516434838367552,227,0.01,0.3,0.5,0.01,1
