,L2,L2_true,N,std,jump,jump_prob,ve,dim
0,8.991811648502424,8.437544280617347,84,0.01,0.3,0.5,0.001,3
