,L2,L2_true,N,std,jump,jump_prob,ve,dim
0,12.654427345818611,12.270677469646866,193,0.01,0.3,0.5,0.001,3
