,L2,L2_true,N,std,jump,jump_prob,ve,dim
0,2.5976856827097583,2.5970376746417556,26,0.2,0.3,0.5,0.001,1
