,L2,L2_true,N,std,jump,jump_prob,ve,dim
0,3.00066910937994,2.942526818552926,11,0.05,0.3,0.5,0.001,1
