,L2,L2_true,N,std,jump,jump_prob,ve,dim
0,3.418477014407127,0.0481767663403896,1389,0.01,0.3,0.5,0.01,1
