,L2,L2_true,N,std,jump,jump_prob,ve,dim
0,24.358258084734832,24.179965239865236,1930,0.01,0.3,0.5,0.001,3
