,L2,L2_true,N,std,jump,jump_prob,ve,dim
0,3.429993440655347,0.32473212535550916,1930,0.01,0.3,0.5,0.01,2
