,L2,L2_true,N,std,jump,jump_prob,ve,dim
0,3.6875177970335984,1.1898782423965608,7,0.01,0.3,0.5,0.01,1
