,L2,L2_true,N,std,jump,jump_prob,ve,dim
0,3.6339802714634715,1.3295119350240923,1,0.01,0.3,0.5,0.0025,1
