,L2,L2_true,N,std,jump,jump_prob,ve,dim
0,0.2843940844580147,0.17891584794977294,3162,0.05,0.3,0.5,0.001,1
