,L2,L2_true,N,std,jump,jump_prob,ve,dim
0,5.970652906010468,5.080181336971808,26,0.01,0.3,0.5,0.001,3
