,L2,L2_true,N,std,jump,jump_prob,ve,dim
0,3.838204137936955,1.8560598994689301,3,0.01,0.3,0.5,0.0025,2
