,L2,L2_true,N,std,jump,jump_prob,ve,dim
0,2.810005693408116,2.809862985026913,22,0.2,0.3,0.5,0.001,1
