,L2,L2_true,N,std,jump,jump_prob,ve,dim
0,2.215964609865646,2.2168972405693195,10,0.2,0.3,0.5,0.001,1
