,L2,L2_true,N,std,jump,jump_prob,ve,dim
0,3.8984312122001383,2.0718569681929044,8,0.01,0.3,0.5,0.0025,1
