,L2,L2_true,N,std,jump,jump_prob,ve,dim
0,2.159407836741805,2.074611109254582,10,0.05,0.3,0.5,0.001,1
