,L2,L2_true,N,std,jump,jump_prob,ve,dim
0,3.454188713835261,0.4638397586539941,1000,0.01,0.3,0.5,0.01,2
