,L2,L2_true,N,std,jump,jump_prob,ve,dim
0,4.510007811538397,3.005317797402818,11,0.01,0.3,0.5,0.0025,2
