,L2,L2_true,N,std,jump,jump_prob,ve,dim
0,2.6415423005960523,0.3460554340320911,610,0.01,0.3,0.5,0.001,1
