,L2,L2_true,N,std,jump,jump_prob,ve,dim
0,3.4110066388331415,1.5198895445279053,22,0.01,0.3,0.5,0.0025,1
