,L2,L2_true,N,std,jump,jump_prob,ve,dim
0,5.243461171304144,3.8974453171845846,43,0.01,0.3,0.5,0.01,3
