,L2,L2_true,N,std,jump,jump_prob,ve,dim
0,5.718866048072,4.666517312374142,37,0.01,0.3,0.5,0.0025,2
