,L2,L2_true,N,std,jump,jump_prob,ve,dim
0,4.051365728997205,2.591239578069899,7,0.01,0.3,0.5,0.001,1
