,L2,L2_true,N,std,jump,jump_prob,ve,dim
0,3.4123998684830745,0.0808332456834557,1178,0.01,0.3,0.5,0.01,1
