,L2,L2_true,N,std,jump,jump_prob,ve,dim
0,1.355621869164591,1.3522387948737595,61,0.05,0.3,0.5,0.001,1
