,L2,L2_true,N,std,jump,jump_prob,ve,dim
0,2.5862099506129366,2.5863290165019053,51,0.2,0.3,0.5,0.001,1
