,L2,L2_true,N,std,jump,jump_prob,ve,dim
0,3.595586619015728,1.0935383278050974,193,0.01,0.3,0.5,0.01,2
