,L2,L2_true,N,std,jump,jump_prob,ve,dim
0,5.433029274556543,4.156992209101979,71,0.01,0.3,0.5,0.01,3
