,L2,L2_true,N,std,jump,jump_prob,ve,dim
0,4.004639217672315,2.025433823218521,61,0.01,0.3,0.5,0.01,2
