,L2,L2_true,N,std,jump,jump_prob,ve,dim
0,3.4208040862998823,0.04639026125179252,2682,0.01,0.3,0.5,0.01,1
