,L2,L2_true,N,std,jump,jump_prob,ve,dim
0,2.1921261937662027,2.1743031024409043,61,0.05,0.3,0.5,0.001,1
