,L2,L2_true,N,std,jump,jump_prob,ve,dim
0,3.968656212164545,2.138909015203736,7,0.01,0.3,0.5,0.0025,1
