,L2,L2_true,N,std,jump,jump_prob,ve,dim
0,8.352910708316744,7.859199694484292,268,0.01,0.3,0.5,0.001,2
