,L2,L2_true,N,std,jump,jump_prob,ve,dim
0,1.1621969223184985,1.128983261322341,117,0.05,0.3,0.5,0.001,1
