,L2,L2_true,N,std,jump,jump_prob,ve,dim
0,2.0788236210816606,1.9652100478248864,5,0.05,0.3,0.5,0.001,1
