,L2,L2_true,N,std,jump,jump_prob,ve,dim
0,5.496308687200854,4.248022278314513,84,0.01,0.3,0.5,0.01,3
