,L2,L2_true,N,std,jump,jump_prob,ve,dim
0,19.28538268343639,19.04708635434422,610,0.01,0.3,0.5,0.001,3
