,L2,L2_true,N,std,jump,jump_prob,ve,dim
0,5.006107832486815,3.636497288401225,268,0.01,0.3,0.5,0.01,3
