,L2,L2_true,N,std,jump,jump_prob,ve,dim
0,3.8489583269484595,2.3383436953768855,10,0.01,0.3,0.5,0.001,1
