,L2,L2_true,N,std,jump,jump_prob,ve,dim
0,4.632567290005426,3.194262080131958,11,0.01,0.3,0.5,0.0025,2
