,L2,L2_true,N,std,jump,jump_prob,ve,dim
0,5.470301718072362,4.20606873295418,51,0.01,0.3,0.5,0.01,3
