,L2,L2_true,N,std,jump,jump_prob,ve,dim
0,4.708897181824536,3.5698869664942725,372,0.01,0.3,0.5,0.0025,2
