,L2,L2_true,N,std,jump,jump_prob,ve,dim
0,2.154762589127205,2.086976265564344,7,0.05,0.3,0.5,0.001,1
