,L2,L2_true,N,std,jump,jump_prob,ve,dim
0,2.18916872774378,2.1367129770941187,22,0.05,0.3,0.5,0.001,1
