,L2,L2_true,N,std,jump,jump_prob,ve,dim
0,2.6132591701629857,0.16273401943570093,3162,0.01,0.3,0.5,0.001,1
