,L2,L2_true,N,std,jump,jump_prob,ve,dim
0,1.6877464259608,1.5681687706867047,3,0.05,0.3,0.5,0.001,1
