,L2,L2_true,N,std,jump,jump_prob,ve,dim
0,3.0899352984588053,0.5850344866163274,227,0.01,0.3,0.5,0.0025,1
