,L2,L2_true,N,std,jump,jump_prob,ve,dim
0,0.34363571690918554,0.22311265323170926,2275,0.05,0.3,0.5,0.001,1
