,L2,L2_true,N,std,jump,jump_prob,ve,dim
0,5.111678636176516,3.707412255267915,31,0.01,0.3,0.5,0.01,3
