,L2,L2_true,N,std,jump,jump_prob,ve,dim
0,3.0553253913247183,0.40399194942541444,193,0.01,0.3,0.5,0.0025,1
