,L2,L2_true,N,std,jump,jump_prob,ve,dim
0,0.8597560221572952,0.8609070675158623,2,0.2,0.3,0.5,0.001,1
