,L2,L2_true,N,std,jump,jump_prob,ve,dim
0,3.6190832247992413,1.3280530000879214,1,0.01,0.3,0.5,0.0025,1
