,L2,L2_true,N,std,jump,jump_prob,ve,dim
0,5.620057742191209,4.944896646102286,1178,0.01,0.3,0.5,0.001,2
