,L2,L2_true,N,std,jump,jump_prob,ve,dim
0,3.415273646233049,0.227711164704654,193,0.01,0.3,0.5,0.01,1
