,L2,L2_true,N,std,jump,jump_prob,ve,dim
0,12.462624695093412,12.049581483061907,719,0.01,0.3,0.5,0.0025,3
