,L2,L2_true,N,std,jump,jump_prob,ve,dim
0,2.474019221774996,2.474315167057716,11,0.2,0.3,0.5,0.001,1
