,L2,L2_true,N,std,jump,jump_prob,ve,dim
0,3.7369236040841196,2.0055727993148853,2,0.01,0.3,0.5,0.001,2
