,L2,L2_true,N,std,jump,jump_prob,ve,dim
0,3.8482437873855613,1.9145993465186384,6,0.01,0.3,0.5,0.0025,1
