,L2,L2_true,N,std,jump,jump_prob,ve,dim
0,4.152338322042574,2.7223852730964393,6,0.01,0.3,0.5,0.001,2
