,L2,L2_true,N,std,jump,jump_prob,ve,dim
0,3.7907281621650606,1.8983647229148295,6,0.01,0.3,0.5,0.0025,1
