,L2,L2_true,N,std,jump,jump_prob,ve,dim
0,0.8881104124744896,0.8739287349681445,193,0.05,0.3,0.5,0.001,1
