,L2,L2_true,N,std,jump,jump_prob,ve,dim
0,3.448045100285124,0.4701969569244251,61,0.01,0.3,0.5,0.01,1
