,L2,L2_true,N,std,jump,jump_prob,ve,dim
0,1.98041496687006,1.9805413595469055,43,0.2,0.3,0.5,0.001,1
