,L2,L2_true,N,std,jump,jump_prob,ve,dim
0,0.634811679932461,0.591331426996328,439,0.05,0.3,0.5,0.001,1
