,L2,L2_true,N,std,jump,jump_prob,ve,dim
0,0.24696032885177702,0.24660268630434046,2275,0.2,0.3,0.5,0.001,1
