,L2,L2_true,N,std,jump,jump_prob,ve,dim
0,1.1677418217721265,1.1680878998815096,117,0.2,0.3,0.5,0.001,1
