,L2,L2_true,N,std,jump,jump_prob,ve,dim
0,3.4270903065611353,0.3466370153677104,1637,0.01,0.3,0.5,0.01,2
