,L2,L2_true,N,std,jump,jump_prob,ve,dim
0,12.788404639860072,12.402489139833921,193,0.01,0.3,0.5,0.001,3
