,L2,L2_true,N,std,jump,jump_prob,ve,dim
0,3.876462033172833,1.6036340638075428,4,0.01,0.3,0.5,0.01,2
