,L2,L2_true,N,std,jump,jump_prob,ve,dim
0,0.4504038899310576,0.3529253699749866,719,0.05,0.3,0.5,0.001,1
