,L2,L2_true,N,std,jump,jump_prob,ve,dim
0,3.9418662950143997,1.7594249156297634,5,0.01,0.3,0.5,0.01,3
