,L2,L2_true,N,std,jump,jump_prob,ve,dim
0,6.115017993083613,5.185642948322853,71,0.01,0.3,0.5,0.0025,2
