,L2,L2_true,N,std,jump,jump_prob,ve,dim
0,3.893382893958718,1.8590136221871911,1178,0.01,0.3,0.5,0.01,3
