,L2,L2_true,N,std,jump,jump_prob,ve,dim
0,5.951533973855872,5.055757361305073,163,0.01,0.3,0.5,0.0025,2
