,L2,L2_true,N,std,jump,jump_prob,ve,dim
0,3.422266980104541,1.5713746505993442,37,0.01,0.3,0.5,0.0025,1
