,L2,L2_true,N,std,jump,jump_prob,ve,dim
0,1.4233907207802703,1.2719777977759872,2,0.05,0.3,0.5,0.001,1
