,L2,L2_true,N,std,jump,jump_prob,ve,dim
0,4.538485129194732,2.8466323427274824,13,0.01,0.3,0.5,0.01,3
