,L2,L2_true,N,std,jump,jump_prob,ve,dim
0,3.468920883246676,0.5955894068756605,22,0.01,0.3,0.5,0.01,1
