,L2,L2_true,N,std,jump,jump_prob,ve,dim
0,3.995726233654353,2.576402339048393,610,0.01,0.3,0.5,0.0025,2
