,L2,L2_true,N,std,jump,jump_prob,ve,dim
0,3.8780419773124684,2.3331524201858254,6,0.01,0.3,0.5,0.001,1
