,L2,L2_true,N,std,jump,jump_prob,ve,dim
0,3.4449963614242574,0.4387771260790764,1000,0.01,0.3,0.5,0.01,2
