,L2,L2_true,N,std,jump,jump_prob,ve,dim
0,5.375943620447273,4.098664623278869,117,0.01,0.3,0.5,0.01,3
