,L2,L2_true,N,std,jump,jump_prob,ve,dim
0,6.168396651862431,5.270611557383351,71,0.01,0.3,0.5,0.0025,2
