,L2,L2_true,N,std,jump,jump_prob,ve,dim
0,3.4421229310252475,0.2652279854484789,3000,0.01,0.3,0.5,0.01,2
