,L2,L2_true,N,std,jump,jump_prob,ve,dim
0,2.293755990837697,2.2095236584634534,6,0.05,0.3,0.5,0.001,1
