,L2,L2_true,N,std,jump,jump_prob,ve,dim
0,6.744569638861225,5.838104246696613,43,0.01,0.3,0.5,0.0025,3
