,L2,L2_true,N,std,jump,jump_prob,ve,dim
0,3.2540198681324966,1.1439926684323525,3000,0.01,0.3,0.5,0.0025,2
