,L2,L2_true,N,std,jump,jump_prob,ve,dim
0,4.990116873583249,3.622271734440182,268,0.01,0.3,0.5,0.01,3
