,L2,L2_true,N,std,jump,jump_prob,ve,dim
0,2.0667672814366176,1.955741131461442,5,0.05,0.3,0.5,0.001,1
