,L2,L2_true,N,std,jump,jump_prob,ve,dim
0,3.4125293843215876,0.12686252712878876,517,0.01,0.3,0.5,0.01,1
