,L2,L2_true,N,std,jump,jump_prob,ve,dim
0,12.79440283571353,12.41506923648721,193,0.01,0.3,0.5,0.001,3
