,L2,L2_true,N,std,jump,jump_prob,ve,dim
0,3.7575436754523617,1.5200809987561497,100,0.01,0.3,0.5,0.01,2
