,L2,L2_true,N,std,jump,jump_prob,ve,dim
0,1.0628137092804266,1.0618311169970887,163,0.2,0.3,0.5,0.001,1
