,L2,L2_true,N,std,jump,jump_prob,ve,dim
0,3.827600478211073,1.8330899585063367,3,0.01,0.3,0.5,0.0025,3
