,L2,L2_true,N,std,jump,jump_prob,ve,dim
0,5.172454450424227,4.159156288867561,268,0.01,0.3,0.5,0.0025,2
