,L2,L2_true,N,std,jump,jump_prob,ve,dim
0,4.062156050135444,2.1985812404265204,848,0.01,0.3,0.5,0.01,3
