,L2,L2_true,N,std,jump,jump_prob,ve,dim
0,3.428533132463886,0.19097206521566418,117,0.01,0.3,0.5,0.01,1
