,L2,L2_true,N,std,jump,jump_prob,ve,dim
0,4.82286855623376,3.6606890336869222,13,0.01,0.3,0.5,0.001,3
