,L2,L2_true,N,std,jump,jump_prob,ve,dim
0,3.6211956804308167,1.3297933635995658,1,0.01,0.3,0.5,0.0025,1
