,L2,L2_true,N,std,jump,jump_prob,ve,dim
0,3.440251759912535,0.38776667384579366,1389,0.01,0.3,0.5,0.01,2
