,L2,L2_true,N,std,jump,jump_prob,ve,dim
0,0.9126669155318745,0.9127119489897642,2,0.2,0.3,0.5,0.001,1
