,L2,L2_true,N,std,jump,jump_prob,ve,dim
0,4.29885564723894,2.492444610116382,16,0.01,0.3,0.5,0.01,2
