,L2,L2_true,N,std,jump,jump_prob,ve,dim
0,2.726145956342726,2.725692878438704,16,0.2,0.3,0.5,0.001,1
