,L2,L2_true,N,std,jump,jump_prob,ve,dim
0,6.6880269222110575,5.930653417677701,43,0.01,0.3,0.5,0.001,2
