,L2,L2_true,N,std,jump,jump_prob,ve,dim
0,3.6664942512907115,1.0645884420944363,6,0.01,0.3,0.5,0.01,1
