,L2,L2_true,N,std,jump,jump_prob,ve,dim
0,3.807060753758572,1.9980560546888708,11,0.01,0.3,0.5,0.0025,1
