,L2,L2_true,N,std,jump,jump_prob,ve,dim
0,2.310246133433053,2.3119837292658207,11,0.2,0.3,0.5,0.001,1
