,L2,L2_true,N,std,jump,jump_prob,ve,dim
0,3.558214097028896,1.8466487722069254,1178,0.01,0.3,0.5,0.0025,2
