,L2,L2_true,N,std,jump,jump_prob,ve,dim
0,3.4557146397922986,0.4987356778249926,848,0.01,0.3,0.5,0.01,2
