,L2,L2_true,N,std,jump,jump_prob,ve,dim
0,6.066975013268035,5.115707854183784,51,0.01,0.3,0.5,0.0025,2
