,L2,L2_true,N,std,jump,jump_prob,ve,dim
0,4.1978855059784355,2.3019204445208867,11,0.01,0.3,0.5,0.01,2
