,L2,L2_true,N,std,jump,jump_prob,ve,dim
0,3.755277459127427,1.513538871934471,117,0.01,0.3,0.5,0.01,2
