,L2,L2_true,N,std,jump,jump_prob,ve,dim
0,3.0371334132408254,0.1866340544667257,1178,0.01,0.3,0.5,0.0025,1
