,L2,L2_true,N,std,jump,jump_prob,ve,dim
0,4.986160737307673,3.693329949855074,16,0.01,0.3,0.5,0.0025,2
