,L2,L2_true,N,std,jump,jump_prob,ve,dim
0,11.995990056083217,11.583285853743028,163,0.01,0.3,0.5,0.001,3
