,L2,L2_true,N,std,jump,jump_prob,ve,dim
0,2.4515240435248598,2.4495557897255185,10,0.2,0.3,0.5,0.001,1
