,L2,L2_true,N,std,jump,jump_prob,ve,dim
0,4.268034222986645,2.899218279135953,7,0.01,0.3,0.5,0.001,2
