,L2,L2_true,N,std,jump,jump_prob,ve,dim
0,0.5244923062226796,0.5105025542494125,517,0.05,0.3,0.5,0.001,1
