,L2,L2_true,N,std,jump,jump_prob,ve,dim
0,2.619269561246716,0.184536170697871,2275,0.01,0.3,0.5,0.001,1
