,L2,L2_true,N,std,jump,jump_prob,ve,dim
0,4.105988712586885,2.89189157627131,22,0.01,0.3,0.5,0.001,1
