,L2,L2_true,N,std,jump,jump_prob,ve,dim
0,6.4770801771835,5.886266914321266,848,0.01,0.3,0.5,0.001,2
