,L2,L2_true,N,std,jump,jump_prob,ve,dim
0,9.511908820155284,9.003036596303815,3000,0.01,0.3,0.5,0.0025,3
