,L2,L2_true,N,std,jump,jump_prob,ve,dim
0,10.583641711080865,10.06288649778287,193,0.01,0.3,0.5,0.0025,3
