,L2,L2_true,N,std,jump,jump_prob,ve,dim
0,3.6852595125110468,1.3436732359286045,138,0.01,0.3,0.5,0.01,2
