,L2,L2_true,N,std,jump,jump_prob,ve,dim
0,2.6217332565272247,0.28589038420337737,1000,0.01,0.3,0.5,0.001,1
