,L2,L2_true,N,std,jump,jump_prob,ve,dim
0,3.529139241901669,0.8972530712999169,268,0.01,0.3,0.5,0.01,2
