,L2,L2_true,N,std,jump,jump_prob,ve,dim
0,3.4702262953174414,1.6790596677398693,1389,0.01,0.3,0.5,0.0025,2
