,L2,L2_true,N,std,jump,jump_prob,ve,dim
0,7.907991361827035,7.3934591535658605,372,0.01,0.3,0.5,0.001,2
