,L2,L2_true,N,std,jump,jump_prob,ve,dim
0,3.9664046068508982,1.8322884141718376,5,0.01,0.3,0.5,0.01,3
