,L2,L2_true,N,std,jump,jump_prob,ve,dim
0,6.999027498503786,6.287507851208262,51,0.01,0.3,0.5,0.001,2
