,L2,L2_true,N,std,jump,jump_prob,ve,dim
0,21.3065195818578,21.09623978257583,848,0.01,0.3,0.5,0.001,3
