,L2,L2_true,N,std,jump,jump_prob,ve,dim
0,2.4781080668292637,2.466456889024481,16,0.05,0.3,0.5,0.001,1
