,L2,L2_true,N,std,jump,jump_prob,ve,dim
0,4.272769198265687,2.9040688986433976,7,0.01,0.3,0.5,0.001,2
