,L2,L2_true,N,std,jump,jump_prob,ve,dim
0,8.29993154259306,7.746409416363169,117,0.01,0.3,0.5,0.001,2
