,L2,L2_true,N,std,jump,jump_prob,ve,dim
0,3.4332385946536386,0.07827473016839519,1389,0.01,0.3,0.5,0.01,1
