,L2,L2_true,N,std,jump,jump_prob,ve,dim
0,3.5750239495525022,1.657496180376812,13,0.01,0.3,0.5,0.0025,1
