,L2,L2_true,N,std,jump,jump_prob,ve,dim
0,0.43725250178676567,0.37929799155292626,848,0.05,0.3,0.5,0.001,1
