,L2,L2_true,N,std,jump,jump_prob,ve,dim
0,2.628595135482833,2.5852239573051388,11,0.05,0.3,0.5,0.001,1
