,L2,L2_true,N,std,jump,jump_prob,ve,dim
0,12.8698218277121,12.498691676740686,193,0.01,0.3,0.5,0.001,3
