,L2,L2_true,N,std,jump,jump_prob,ve,dim
0,13.509197170003727,13.147128449509447,227,0.01,0.3,0.5,0.001,3
