,L2,L2_true,N,std,jump,jump_prob,ve,dim
0,3.3674910032376832,2.067389781827331,43,0.01,0.3,0.5,0.001,1
