,L2,L2_true,N,std,jump,jump_prob,ve,dim
0,7.737502555907,6.986716151598547,71,0.01,0.3,0.5,0.0025,3
