,L2,L2_true,N,std,jump,jump_prob,ve,dim
0,11.783554390542493,11.370707009630936,1637,0.01,0.3,0.5,0.0025,3
