,L2,L2_true,N,std,jump,jump_prob,ve,dim
0,5.570504912422986,4.608588078796782,19,0.01,0.3,0.5,0.001,3
