,L2,L2_true,N,std,jump,jump_prob,ve,dim
0,3.693827362529135,1.4185710869214592,2000,0.01,0.3,0.5,0.01,3
