,L2,L2_true,N,std,jump,jump_prob,ve,dim
0,2.260689912927388,2.2216842129840266,16,0.05,0.3,0.5,0.001,1
