,L2,L2_true,N,std,jump,jump_prob,ve,dim
0,2.72628934366523,2.6930837936192336,22,0.05,0.3,0.5,0.001,1
