,L2,L2_true,N,std,jump,jump_prob,ve,dim
0,1.796122478150619,1.6858193248517337,4,0.05,0.3,0.5,0.001,1
