,L2,L2_true,N,std,jump,jump_prob,ve,dim
0,3.98441476706584,1.8596500377602203,5,0.01,0.3,0.5,0.01,3
