,L2,L2_true,N,std,jump,jump_prob,ve,dim
0,2.6024331555684257,2.56950298358751,13,0.05,0.3,0.5,0.001,1
