,L2,L2_true,N,std,jump,jump_prob,ve,dim
0,0.3728130523514463,0.3734485693942156,1000,0.2,0.3,0.5,0.001,1
