,L2,L2_true,N,std,jump,jump_prob,ve,dim
0,3.7419112145013114,2.319024176559496,16,0.01,0.3,0.5,0.001,1
