,L2,L2_true,N,std,jump,jump_prob,ve,dim
0,5.585907134275208,4.488620288354393,31,0.01,0.3,0.5,0.0025,2
