,L2,L2_true,N,std,jump,jump_prob,ve,dim
0,4.068411137336557,2.054655550622974,11,0.01,0.3,0.5,0.01,2
