,L2,L2_true,N,std,jump,jump_prob,ve,dim
0,11.508678280727933,11.027677177621435,268,0.01,0.3,0.5,0.0025,3
