,L2,L2_true,N,std,jump,jump_prob,ve,dim
0,9.79733171979019,9.306575902197366,3000,0.01,0.3,0.5,0.0025,3
