,L2,L2_true,N,std,jump,jump_prob,ve,dim
0,3.616700679709496,0.7444088172598025,1,0.01,0.3,0.5,0.01,1
