,L2,L2_true,N,std,jump,jump_prob,ve,dim
0,3.427559709456601,0.3608519592805887,1637,0.01,0.3,0.5,0.01,2
