,L2,L2_true,N,std,jump,jump_prob,ve,dim
0,11.937945850716735,11.531656218468568,163,0.01,0.3,0.5,0.001,3
