,L2,L2_true,N,std,jump,jump_prob,ve,dim
0,6.333127797255437,5.365659641054972,37,0.01,0.3,0.5,0.0025,3
