,L2,L2_true,N,std,jump,jump_prob,ve,dim
0,1.4635392225411308,1.3177420578825827,2,0.05,0.3,0.5,0.001,1
