,L2,L2_true,N,std,jump,jump_prob,ve,dim
0,3.8121409654905967,1.8349003590287496,5,0.01,0.3,0.5,0.0025,1
