,L2,L2_true,N,std,jump,jump_prob,ve,dim
0,3.8458759269624183,2.677484294336869,26,0.01,0.3,0.5,0.001,1
