,L2,L2_true,N,std,jump,jump_prob,ve,dim
0,3.630196038904977,1.826681946914341,16,0.01,0.3,0.5,0.0025,1
