,L2,L2_true,N,std,jump,jump_prob,ve,dim
0,3.6769159405602374,1.12939960123504,3,0.01,0.3,0.5,0.01,1
