,L2,L2_true,N,std,jump,jump_prob,ve,dim
0,11.83157168239177,11.420290987646894,163,0.01,0.3,0.5,0.001,3
