,L2,L2_true,N,std,jump,jump_prob,ve,dim
0,8.065646656185638,7.484198915147265,100,0.01,0.3,0.5,0.001,2
