,L2,L2_true,N,std,jump,jump_prob,ve,dim
0,6.053719749435884,5.091671189800172,51,0.01,0.3,0.5,0.0025,2
