,L2,L2_true,N,std,jump,jump_prob,ve,dim
0,2.873047747011077,1.1680734022901011,84,0.01,0.3,0.5,0.001,1
