,L2,L2_true,N,std,jump,jump_prob,ve,dim
0,4.400603960775274,2.7487470704580597,517,0.01,0.3,0.5,0.01,3
