,L2,L2_true,N,std,jump,jump_prob,ve,dim
0,4.9201626840654065,3.790899291379237,16,0.01,0.3,0.5,0.001,2
