,L2,L2_true,N,std,jump,jump_prob,ve,dim
0,12.114795472277846,11.713729035758956,1389,0.01,0.3,0.5,0.0025,3
