,L2,L2_true,N,std,jump,jump_prob,ve,dim
0,3.894347537995773,2.3273296352544137,4,0.01,0.3,0.5,0.001,2
