,L2,L2_true,N,std,jump,jump_prob,ve,dim
0,3.7825102834303537,2.147394197412784,3,0.01,0.3,0.5,0.001,1
