,L2,L2_true,N,std,jump,jump_prob,ve,dim
0,0.34669770030695285,0.3470502813655899,1178,0.2,0.3,0.5,0.001,1
