,L2,L2_true,N,std,jump,jump_prob,ve,dim
0,2.943227016093507,2.9425835776001326,26,0.2,0.3,0.5,0.001,1
