,L2,L2_true,N,std,jump,jump_prob,ve,dim
0,3.4061021991371416,0.040732290160115994,1930,0.01,0.3,0.5,0.01,1
