,L2,L2_true,N,std,jump,jump_prob,ve,dim
0,5.292085788571068,4.097440823533102,22,0.01,0.3,0.5,0.0025,2
