,L2,L2_true,N,std,jump,jump_prob,ve,dim
0,3.0403976016618075,0.24138929595699457,610,0.01,0.3,0.5,0.0025,1
