,L2,L2_true,N,std,jump,jump_prob,ve,dim
0,3.991204409452554,2.603106691460023,10,0.01,0.3,0.5,0.001,1
