,L2,L2_true,N,std,jump,jump_prob,ve,dim
0,3.636728051761461,1.807395949888301,1,0.01,0.3,0.5,0.001,1
