,L2,L2_true,N,std,jump,jump_prob,ve,dim
0,12.142434784728978,11.737129465368087,163,0.01,0.3,0.5,0.001,3
