,L2,L2_true,N,std,jump,jump_prob,ve,dim
0,2.632930630211816,2.5936226877313984,22,0.05,0.3,0.5,0.001,1
