,L2,L2_true,N,std,jump,jump_prob,ve,dim
0,4.2822244315959805,2.583310042274923,610,0.01,0.3,0.5,0.01,3
