,L2,L2_true,N,std,jump,jump_prob,ve,dim
0,4.811158364070087,3.448094796751001,13,0.01,0.3,0.5,0.0025,3
