,L2,L2_true,N,std,jump,jump_prob,ve,dim
0,5.38552200514916,4.409348860360602,227,0.01,0.3,0.5,0.0025,2
