,L2,L2_true,N,std,jump,jump_prob,ve,dim
0,3.2440330805479247,3.243374207994964,22,0.2,0.3,0.5,0.001,1
