,L2,L2_true,N,std,jump,jump_prob,ve,dim
0,1.982156736496592,1.8800155333247248,4,0.05,0.3,0.5,0.001,1
