,L2,L2_true,N,std,jump,jump_prob,ve,dim
0,0.2146131570331352,0.21536096088978704,3162,0.2,0.3,0.5,0.001,1
