,L2,L2_true,N,std,jump,jump_prob,ve,dim
0,2.8344596954501116,2.776269541439946,19,0.05,0.3,0.5,0.001,1
