,L2,L2_true,N,std,jump,jump_prob,ve,dim
0,10.926243173576088,10.480258022565538,2000,0.01,0.3,0.5,0.0025,3
