,L2,L2_true,N,std,jump,jump_prob,ve,dim
0,3.650030741266988,1.1127319272891354,8,0.01,0.3,0.5,0.01,1
