,L2,L2_true,N,std,jump,jump_prob,ve,dim
0,3.406954662157445,1.5282252207304357,1637,0.01,0.3,0.5,0.0025,2
