,L2,L2_true,N,std,jump,jump_prob,ve,dim
0,3.3990410244008826,0.03926260510712109,2682,0.01,0.3,0.5,0.01,1
