,L2,L2_true,N,std,jump,jump_prob,ve,dim
0,5.263096205191641,4.071632646177055,26,0.01,0.3,0.5,0.0025,2
