,L2,L2_true,N,std,jump,jump_prob,ve,dim
0,3.953406757154696,2.9501379645233414,3000,0.01,0.3,0.5,0.001,2
