,L2,L2_true,N,std,jump,jump_prob,ve,dim
0,8.505368626048934,7.973416169693652,138,0.01,0.3,0.5,0.001,2
