,L2,L2_true,N,std,jump,jump_prob,ve,dim
0,0.6236367286257017,0.6031105579182607,316,0.05,0.3,0.5,0.001,1
