,L2,L2_true,N,std,jump,jump_prob,ve,dim
0,10.969830679513642,10.46889016733505,227,0.01,0.3,0.5,0.0025,3
