,L2,L2_true,N,std,jump,jump_prob,ve,dim
0,3.336424846553712,1.2823884104108858,31,0.01,0.3,0.5,0.0025,1
