,L2,L2_true,N,std,jump,jump_prob,ve,dim
0,3.64814400357112,2.028777915418717,1000,0.01,0.3,0.5,0.0025,2
