,L2,L2_true,N,std,jump,jump_prob,ve,dim
0,4.518735705075021,2.826860913137528,13,0.01,0.3,0.5,0.01,3
