,L2,L2_true,N,std,jump,jump_prob,ve,dim
0,9.84556241755566,9.349761424388085,100,0.01,0.3,0.5,0.001,3
