,L2,L2_true,N,std,jump,jump_prob,ve,dim
0,3.7132004007212944,1.8214177313638233,8,0.01,0.3,0.5,0.0025,1
