,L2,L2_true,N,std,jump,jump_prob,ve,dim
0,3.671821541702127,1.3284565760184113,138,0.01,0.3,0.5,0.01,2
