,L2,L2_true,N,std,jump,jump_prob,ve,dim
0,5.822361690896038,4.755711936425342,26,0.01,0.3,0.5,0.0025,3
