,L2,L2_true,N,std,jump,jump_prob,ve,dim
0,0.4093580678570958,0.3372760119668359,1000,0.05,0.3,0.5,0.001,1
