,L2,L2_true,N,std,jump,jump_prob,ve,dim
0,6.077675062974172,5.065937039604342,31,0.01,0.3,0.5,0.0025,3
