,L2,L2_true,N,std,jump,jump_prob,ve,dim
0,4.718332499219597,3.5905273244468616,372,0.01,0.3,0.5,0.0025,2
