,L2,L2_true,N,std,jump,jump_prob,ve,dim
0,8.824215853567845,8.333647335177083,227,0.01,0.3,0.5,0.001,2
