,L2,L2_true,N,std,jump,jump_prob,ve,dim
0,3.4747317575589065,0.6049236580770563,610,0.01,0.3,0.5,0.01,2
