,L2,L2_true,N,std,jump,jump_prob,ve,dim
0,3.6958249519479143,1.394874683789028,2000,0.01,0.3,0.5,0.01,3
