,L2,L2_true,N,std,jump,jump_prob,ve,dim
0,2.4839536891678495,2.450557146713321,11,0.05,0.3,0.5,0.001,1
