,L2,L2_true,N,std,jump,jump_prob,ve,dim
0,3.7355012370055665,1.3754578089273541,6,0.01,0.3,0.5,0.01,1
