,L2,L2_true,N,std,jump,jump_prob,ve,dim
0,3.542317221275387,0.8499449131286958,13,0.01,0.3,0.5,0.01,1
