,L2,L2_true,N,std,jump,jump_prob,ve,dim
0,10.280863300977325,9.734616638355318,163,0.01,0.3,0.5,0.0025,3
