,L2,L2_true,N,std,jump,jump_prob,ve,dim
0,20.863150237566618,20.645381134448655,848,0.01,0.3,0.5,0.001,3
