,L2,L2_true,N,std,jump,jump_prob,ve,dim
0,3.0360423986936427,0.20292929738182333,1000,0.01,0.3,0.5,0.0025,1
