,L2,L2_true,N,std,jump,jump_prob,ve,dim
0,0.7217575665140742,0.7010172906442965,268,0.05,0.3,0.5,0.001,1
