,L2,L2_true,N,std,jump,jump_prob,ve,dim
0,2.558691966964092,2.559003165811723,26,0.2,0.3,0.5,0.001,1
