,L2,L2_true,N,std,jump,jump_prob,ve,dim
0,0.5094824726927837,0.4708846160182256,517,0.05,0.3,0.5,0.001,1
