,L2,L2_true,N,std,jump,jump_prob,ve,dim
0,4.218307638303742,2.3333133045479113,19,0.01,0.3,0.5,0.01,2
