,L2,L2_true,N,std,jump,jump_prob,ve,dim
0,4.837409994201806,3.398432515812795,316,0.01,0.3,0.5,0.01,3
