,L2,L2_true,N,std,jump,jump_prob,ve,dim
0,8.793856681963863,8.290181839825193,163,0.01,0.3,0.5,0.001,2
