,L2,L2_true,N,std,jump,jump_prob,ve,dim
0,0.5978451355217739,0.5479561843187652,439,0.05,0.3,0.5,0.001,1
