,L2,L2_true,N,std,jump,jump_prob,ve,dim
0,1.3747303319161461,1.37476641504593,100,0.2,0.3,0.5,0.001,1
