,L2,L2_true,N,std,jump,jump_prob,ve,dim
0,8.217805532826407,7.598701974121756,61,0.01,0.3,0.5,0.001,3
