,L2,L2_true,N,std,jump,jump_prob,ve,dim
0,3.9686706463772716,1.971966746333698,71,0.01,0.3,0.5,0.01,2
