,L2,L2_true,N,std,jump,jump_prob,ve,dim
0,1.1470854508409745,1.1430247401453137,2,0.2,0.3,0.5,0.001,1
