,L2,L2_true,N,std,jump,jump_prob,ve,dim
0,3.414687188434203,0.06141228276326132,1178,0.01,0.3,0.5,0.01,1
