,L2,L2_true,N,std,jump,jump_prob,ve,dim
0,0.37784915579679995,0.3704138494263132,1,0.2,0.3,0.5,0.001,1
