,L2,L2_true,N,std,jump,jump_prob,ve,dim
0,19.167410780485536,18.935117768556225,610,0.01,0.3,0.5,0.001,3
