,L2,L2_true,N,std,jump,jump_prob,ve,dim
0,6.639462388157429,5.876372231873879,43,0.01,0.3,0.5,0.001,2
