,L2,L2_true,N,std,jump,jump_prob,ve,dim
0,6.137815446380317,5.534857516501629,1000,0.01,0.3,0.5,0.001,2
