,L2,L2_true,N,std,jump,jump_prob,ve,dim
0,2.396796890334898,2.3963835412800036,26,0.2,0.3,0.5,0.001,1
