,L2,L2_true,N,std,jump,jump_prob,ve,dim
0,4.071280643391866,2.5377638039562367,13,0.01,0.3,0.5,0.0025,1
