,L2,L2_true,N,std,jump,jump_prob,ve,dim
0,0.3288438257865782,0.24988323457418143,1637,0.05,0.3,0.5,0.001,1
