,L2,L2_true,N,std,jump,jump_prob,ve,dim
0,2.6231018301614633,0.2284282556341924,1000,0.01,0.3,0.5,0.001,1
