,L2,L2_true,N,std,jump,jump_prob,ve,dim
0,3.8394244490372547,1.8339164892289044,4,0.01,0.3,0.5,0.0025,1
