,L2,L2_true,N,std,jump,jump_prob,ve,dim
0,2.9360957520587303,1.343922927708273,117,0.01,0.3,0.5,0.001,1
