,L2,L2_true,N,std,jump,jump_prob,ve,dim
0,3.8692214575809474,2.5283915106164803,19,0.01,0.3,0.5,0.001,1
