,L2,L2_true,N,std,jump,jump_prob,ve,dim
0,3.8363883667792025,2.2692988553171793,6,0.01,0.3,0.5,0.001,1
