,L2,L2_true,N,std,jump,jump_prob,ve,dim
0,3.45667003525537,0.5345038712992377,719,0.01,0.3,0.5,0.01,2
