,L2,L2_true,N,std,jump,jump_prob,ve,dim
0,3.8556665331370144,2.5428401805701055,16,0.01,0.3,0.5,0.001,1
