,L2,L2_true,N,std,jump,jump_prob,ve,dim
0,4.873897816055703,3.3769514152440583,22,0.01,0.3,0.5,0.01,3
