,L2,L2_true,N,std,jump,jump_prob,ve,dim
0,0.3687918966383267,0.3052053395272776,1389,0.05,0.3,0.5,0.001,1
