,L2,L2_true,N,std,jump,jump_prob,ve,dim
0,5.497141561327729,4.242289189600459,51,0.01,0.3,0.5,0.01,3
