,L2,L2_true,N,std,jump,jump_prob,ve,dim
0,4.428135968597368,3.1174609603820147,8,0.01,0.3,0.5,0.001,3
