,L2,L2_true,N,std,jump,jump_prob,ve,dim
0,2.0514806050817986,1.9555279953670035,5,0.05,0.3,0.5,0.001,1
