,L2,L2_true,N,std,jump,jump_prob,ve,dim
0,4.188876828340322,3.0442828559135338,19,0.01,0.3,0.5,0.001,1
