,L2,L2_true,N,std,jump,jump_prob,ve,dim
0,3.6228276694049772,0.744855537238139,1,0.01,0.3,0.5,0.01,1
