,L2,L2_true,N,std,jump,jump_prob,ve,dim
0,2.466659583271998,2.461695560480711,22,0.05,0.3,0.5,0.001,1
