,L2,L2_true,N,std,jump,jump_prob,ve,dim
0,4.221378264443759,2.4681651768251487,719,0.01,0.3,0.5,0.01,3
