,L2,L2_true,N,std,jump,jump_prob,ve,dim
0,1.7171117763492811,1.7168455265165132,4,0.2,0.3,0.5,0.001,1
