,L2,L2_true,N,std,jump,jump_prob,ve,dim
0,24.322233314590708,24.160088074343246,3000,0.01,0.3,0.5,0.001,3
