,L2,L2_true,N,std,jump,jump_prob,ve,dim
0,11.246235305240125,10.807645322467108,138,0.01,0.3,0.5,0.001,3
