,L2,L2_true,N,std,jump,jump_prob,ve,dim
0,4.656275813964505,3.045090837716089,16,0.01,0.3,0.5,0.01,3
