,L2,L2_true,N,std,jump,jump_prob,ve,dim
0,4.221051413214311,2.305161229423626,13,0.01,0.3,0.5,0.01,2
