,L2,L2_true,N,std,jump,jump_prob,ve,dim
0,23.824395197524503,23.647133730825907,2000,0.01,0.3,0.5,0.001,3
