,L2,L2_true,N,std,jump,jump_prob,ve,dim
0,3.8109480195179883,1.6905999326769052,1389,0.01,0.3,0.5,0.01,3
