,L2,L2_true,N,std,jump,jump_prob,ve,dim
0,0.6345694498113716,0.635746675952167,372,0.2,0.3,0.5,0.001,1
