,L2,L2_true,N,std,jump,jump_prob,ve,dim
0,4.709294178977221,3.9195463974233915,2000,0.01,0.3,0.5,0.001,2
