,L2,L2_true,N,std,jump,jump_prob,ve,dim
0,14.922641715775093,14.60120785680575,316,0.01,0.3,0.5,0.001,3
