,L2,L2_true,N,std,jump,jump_prob,ve,dim
0,2.4071224961741784,2.420237605834299,26,0.05,0.3,0.5,0.001,1
