,L2,L2_true,N,std,jump,jump_prob,ve,dim
0,5.266487146598176,4.0688852168600755,19,0.01,0.3,0.5,0.0025,3
