,L2,L2_true,N,std,jump,jump_prob,ve,dim
0,3.589754990580965,1.0841595519314744,193,0.01,0.3,0.5,0.01,2
