,L2,L2_true,N,std,jump,jump_prob,ve,dim
0,3.0447044838285677,0.28908114179553984,268,0.01,0.3,0.5,0.0025,1
