,L2,L2_true,N,std,jump,jump_prob,ve,dim
0,3.6351341217900397,2.3962845813179126,43,0.01,0.3,0.5,0.001,1
