,L2,L2_true,N,std,jump,jump_prob,ve,dim
0,3.4250715987441627,0.25312541003008754,117,0.01,0.3,0.5,0.01,1
