,L2,L2_true,N,std,jump,jump_prob,ve,dim
0,3.758581663602802,2.5508597607326178,22,0.01,0.3,0.5,0.001,1
