,L2,L2_true,N,std,jump,jump_prob,ve,dim
0,1.3702179342824357,1.3696030618964001,4,0.2,0.3,0.5,0.001,1
