,L2,L2_true,N,std,jump,jump_prob,ve,dim
0,2.634883450884587,0.17754657154585307,2275,0.01,0.3,0.5,0.001,1
