,L2,L2_true,N,std,jump,jump_prob,ve,dim
0,4.1676041554321595,2.375103983412406,719,0.01,0.3,0.5,0.01,3
