,L2,L2_true,N,std,jump,jump_prob,ve,dim
0,2.9871700942653128,1.3950324556387024,61,0.01,0.3,0.5,0.001,1
