,L2,L2_true,N,std,jump,jump_prob,ve,dim
0,3.4252498309716035,0.13541172715330863,439,0.01,0.3,0.5,0.01,1
