,L2,L2_true,N,std,jump,jump_prob,ve,dim
0,3.4274475726399594,0.21871837386160814,163,0.01,0.3,0.5,0.01,1
