,L2,L2_true,N,std,jump,jump_prob,ve,dim
0,3.4404804627192784,0.42097133690659777,1178,0.01,0.3,0.5,0.01,2
