,L2,L2_true,N,std,jump,jump_prob,ve,dim
0,4.166615014237471,2.7508399483138986,8,0.01,0.3,0.5,0.001,1
