,L2,L2_true,N,std,jump,jump_prob,ve,dim
0,7.094713049624444,6.366873564564304,43,0.01,0.3,0.5,0.001,3
