,L2,L2_true,N,std,jump,jump_prob,ve,dim
0,4.419592590677791,3.1069098811601035,8,0.01,0.3,0.5,0.001,3
