,L2,L2_true,N,std,jump,jump_prob,ve,dim
0,4.531172881328509,3.0639898955333327,11,0.01,0.3,0.5,0.0025,2
