,L2,L2_true,N,std,jump,jump_prob,ve,dim
0,0.30485568578107153,0.19719769925332226,2682,0.05,0.3,0.5,0.001,1
