,L2,L2_true,N,std,jump,jump_prob,ve,dim
0,3.6061673595604167,0.6560363417773888,2,0.01,0.3,0.5,0.01,1
