,L2,L2_true,N,std,jump,jump_prob,ve,dim
0,3.440509404021378,0.4558423817633924,1000,0.01,0.3,0.5,0.01,2
