,L2,L2_true,N,std,jump,jump_prob,ve,dim
0,1.5867347749135967,1.5823258603294026,61,0.05,0.3,0.5,0.001,1
