,L2,L2_true,N,std,jump,jump_prob,ve,dim
0,4.0557367689896875,2.0039880774165972,7,0.01,0.3,0.5,0.01,2
