,L2,L2_true,N,std,jump,jump_prob,ve,dim
0,3.6144714212824653,1.3294179411856677,1,0.01,0.3,0.5,0.0025,1
