,L2,L2_true,N,std,jump,jump_prob,ve,dim
0,3.833590848066581,1.831361744243269,2,0.01,0.3,0.5,0.0025,1
