,L2,L2_true,N,std,jump,jump_prob,ve,dim
0,5.360591060633609,4.079095531884506,138,0.01,0.3,0.5,0.01,3
