,L2,L2_true,N,std,jump,jump_prob,ve,dim
0,5.222192855089222,4.214775340941846,227,0.01,0.3,0.5,0.0025,2
