,L2,L2_true,N,std,jump,jump_prob,ve,dim
0,4.891080353519028,4.111604182103582,1637,0.01,0.3,0.5,0.001,2
