,L2,L2_true,N,std,jump,jump_prob,ve,dim
0,3.608939928688875,1.3781645875310304,2,0.01,0.3,0.5,0.0025,1
