,L2,L2_true,N,std,jump,jump_prob,ve,dim
0,7.450507152650546,6.755431483447255,51,0.01,0.3,0.5,0.001,3
