,L2,L2_true,N,std,jump,jump_prob,ve,dim
0,2.6221884226300096,0.15967242687052338,2682,0.01,0.3,0.5,0.001,1
