,L2,L2_true,N,std,jump,jump_prob,ve,dim
0,2.061045939312739,2.0699617282739586,43,0.05,0.3,0.5,0.001,1
