,L2,L2_true,N,std,jump,jump_prob,ve,dim
0,1.9796890927820476,1.8928675168414268,5,0.05,0.3,0.5,0.001,1
