,L2,L2_true,N,std,jump,jump_prob,ve,dim
0,3.4075125772065595,0.07005713700740929,1389,0.01,0.3,0.5,0.01,1
