,L2,L2_true,N,std,jump,jump_prob,ve,dim
0,9.748145224444231,9.247857558116811,3000,0.01,0.3,0.5,0.0025,3
