,L2,L2_true,N,std,jump,jump_prob,ve,dim
0,4.334743041605906,2.586770591423803,31,0.01,0.3,0.5,0.01,2
