,L2,L2_true,N,std,jump,jump_prob,ve,dim
0,0.3699676237138865,0.2987544673046924,1178,0.05,0.3,0.5,0.001,1
