,L2,L2_true,N,std,jump,jump_prob,ve,dim
0,1.3496244883354558,1.1781554882102323,1,0.05,0.3,0.5,0.001,1
