,L2,L2_true,N,std,jump,jump_prob,ve,dim
0,0.26548856098824974,0.2652608471047842,1930,0.2,0.3,0.5,0.001,1
