,L2,L2_true,N,std,jump,jump_prob,ve,dim
0,3.6371670291787397,0.7453392459729847,1,0.01,0.3,0.5,0.01,1
