,L2,L2_true,N,std,jump,jump_prob,ve,dim
0,3.0959347542241864,1.7214183133918073,100,0.01,0.3,0.5,0.001,1
