,L2,L2_true,N,std,jump,jump_prob,ve,dim
0,5.796564503118547,5.153791052828292,1178,0.01,0.3,0.5,0.001,2
