,L2,L2_true,N,std,jump,jump_prob,ve,dim
0,3.64699521556047,1.3854786769010925,2,0.01,0.3,0.5,0.0025,1
