,L2,L2_true,N,std,jump,jump_prob,ve,dim
0,5.432537969808457,4.256602413332247,22,0.01,0.3,0.5,0.0025,3
