,L2,L2_true,N,std,jump,jump_prob,ve,dim
0,24.286769574801188,24.112027623699458,2000,0.01,0.3,0.5,0.001,3
