,L2,L2_true,N,std,jump,jump_prob,ve,dim
0,11.123790298042108,10.678633910655334,138,0.01,0.3,0.5,0.001,3
