,L2,L2_true,N,std,jump,jump_prob,ve,dim
0,12.522985543340479,12.12581693188386,1178,0.01,0.3,0.5,0.0025,3
