,L2,L2_true,N,std,jump,jump_prob,ve,dim
0,5.041098045269326,3.5977013051634024,31,0.01,0.3,0.5,0.01,3
