,L2,L2_true,N,std,jump,jump_prob,ve,dim
0,3.0504614258526765,0.3715460719567188,316,0.01,0.3,0.5,0.0025,1
