,L2,L2_true,N,std,jump,jump_prob,ve,dim
0,6.74764415654035,5.9733205953767,37,0.01,0.3,0.5,0.001,3
