,L2,L2_true,N,std,jump,jump_prob,ve,dim
0,3.0339830752674954,0.11281380298967139,1930,0.01,0.3,0.5,0.0025,1
