,L2,L2_true,N,std,jump,jump_prob,ve,dim
0,15.253493656865642,14.944275670580105,316,0.01,0.3,0.5,0.001,3
