,L2,L2_true,N,std,jump,jump_prob,ve,dim
0,5.515144509343188,4.2904693288406,117,0.01,0.3,0.5,0.01,3
