,L2,L2_true,N,std,jump,jump_prob,ve,dim
0,5.3397954412885005,4.177992873289852,26,0.01,0.3,0.5,0.0025,2
