,L2,L2_true,N,std,jump,jump_prob,ve,dim
0,3.493934329645195,0.6644250069689315,517,0.01,0.3,0.5,0.01,2
