,L2,L2_true,N,std,jump,jump_prob,ve,dim
0,2.0914646430386714,2.0071124862531753,7,0.05,0.3,0.5,0.001,1
