,L2,L2_true,N,std,jump,jump_prob,ve,dim
0,5.726935364344479,4.789248974278499,163,0.01,0.3,0.5,0.0025,2
