,L2,L2_true,N,std,jump,jump_prob,ve,dim
0,11.99830065674063,11.553528445597077,372,0.01,0.3,0.5,0.0025,3
