,L2,L2_true,N,std,jump,jump_prob,ve,dim
0,2.7603995795131433,0.9741099949375323,117,0.01,0.3,0.5,0.001,1
