,L2,L2_true,N,std,jump,jump_prob,ve,dim
0,3.808958391514521,1.3925886142514665,3,0.01,0.3,0.5,0.01,3
