,L2,L2_true,N,std,jump,jump_prob,ve,dim
0,3.841298375068616,1.716717460110738,100,0.01,0.3,0.5,0.01,2
