,L2,L2_true,N,std,jump,jump_prob,ve,dim
0,2.625030004236312,0.2092629984688491,1389,0.01,0.3,0.5,0.001,1
