,L2,L2_true,N,std,jump,jump_prob,ve,dim
0,12.517307693989414,12.09331722927409,610,0.01,0.3,0.5,0.0025,3
