,L2,L2_true,N,std,jump,jump_prob,ve,dim
0,3.6181887979544642,1.329960362984771,1,0.01,0.3,0.5,0.0025,1
