,L2,L2_true,N,std,jump,jump_prob,ve,dim
0,7.462469601674981,6.803670764173481,61,0.01,0.3,0.5,0.001,2
