,L2,L2_true,N,std,jump,jump_prob,ve,dim
0,10.286420521459993,9.800900668936217,117,0.01,0.3,0.5,0.001,3
