,L2,L2_true,N,std,jump,jump_prob,ve,dim
0,10.53860061689866,10.068633976143882,117,0.01,0.3,0.5,0.001,3
