,L2,L2_true,N,std,jump,jump_prob,ve,dim
0,3.4197045787946303,0.11934666637755342,372,0.01,0.3,0.5,0.01,1
