,L2,L2_true,N,std,jump,jump_prob,ve,dim
0,4.1183272464931076,2.245776958981014,51,0.01,0.3,0.5,0.01,2
