,L2,L2_true,N,std,jump,jump_prob,ve,dim
0,3.8230949800705303,1.4308885884199005,3,0.01,0.3,0.5,0.01,3
