,L2,L2_true,N,std,jump,jump_prob,ve,dim
0,1.8803018001108844,1.8787931502612851,7,0.2,0.3,0.5,0.001,1
