,L2,L2_true,N,std,jump,jump_prob,ve,dim
0,3.209186343271504,1.0751028270371306,61,0.01,0.3,0.5,0.0025,1
