,L2,L2_true,N,std,jump,jump_prob,ve,dim
0,4.5299481984315,3.1351733723051076,11,0.01,0.3,0.5,0.0025,1
