,L2,L2_true,N,std,jump,jump_prob,ve,dim
0,3.480554515853949,0.6842124054932534,439,0.01,0.3,0.5,0.01,2
