,L2,L2_true,N,std,jump,jump_prob,ve,dim
0,3.538123812127531,0.8959300309400682,268,0.01,0.3,0.5,0.01,2
