,L2,L2_true,N,std,jump,jump_prob,ve,dim
0,4.817981336320774,3.4641663202977857,16,0.01,0.3,0.5,0.0025,2
