,L2,L2_true,N,std,jump,jump_prob,ve,dim
0,3.2851359519686434,3.284490464816793,10,0.2,0.3,0.5,0.001,1
