,L2,L2_true,N,std,jump,jump_prob,ve,dim
0,0.624667725225123,0.6235943216336962,439,0.2,0.3,0.5,0.001,1
