,L2,L2_true,N,std,jump,jump_prob,ve,dim
0,3.8478590731682156,2.3861577118628015,11,0.01,0.3,0.5,0.001,1
