,L2,L2_true,N,std,jump,jump_prob,ve,dim
0,8.190135015425673,7.482483519343333,84,0.01,0.3,0.5,0.0025,3
