,L2,L2_true,N,std,jump,jump_prob,ve,dim
0,3.405756740875331,0.10929362484287215,268,0.01,0.3,0.5,0.01,1
