,L2,L2_true,N,std,jump,jump_prob,ve,dim
0,3.78554256956673,1.7613745134299152,3,0.01,0.3,0.5,0.0025,2
