,L2,L2_true,N,std,jump,jump_prob,ve,dim
0,2.3442885366173254,2.3312845178809236,22,0.05,0.3,0.5,0.001,1
