,L2,L2_true,N,std,jump,jump_prob,ve,dim
0,3.438048198105828,0.31406881574749945,1930,0.01,0.3,0.5,0.01,2
