,L2,L2_true,N,std,jump,jump_prob,ve,dim
0,5.567185908655324,4.441076241586364,22,0.01,0.3,0.5,0.0025,3
