,L2,L2_true,N,std,jump,jump_prob,ve,dim
0,19.884535281235774,19.656453434879545,719,0.01,0.3,0.5,0.001,3
