,L2,L2_true,N,std,jump,jump_prob,ve,dim
0,4.386670229578294,3.046712810972113,8,0.01,0.3,0.5,0.001,2
