,L2,L2_true,N,std,jump,jump_prob,ve,dim
0,1.5652280561672154,1.5432585643132768,61,0.05,0.3,0.5,0.001,1
