,L2,L2_true,N,std,jump,jump_prob,ve,dim
0,11.263940013492446,10.82250043076203,138,0.01,0.3,0.5,0.001,3
