,L2,L2_true,N,std,jump,jump_prob,ve,dim
0,3.422574990013718,0.13635079479234136,268,0.01,0.3,0.5,0.01,1
