,L2,L2_true,N,std,jump,jump_prob,ve,dim
0,1.3478223706007444,1.1770070372347896,1,0.05,0.3,0.5,0.001,1
