,L2,L2_true,N,std,jump,jump_prob,ve,dim
0,3.6016735858113074,1.14249204685669,193,0.01,0.3,0.5,0.01,2
