,L2,L2_true,N,std,jump,jump_prob,ve,dim
0,0.34185831066081757,0.2449533869785938,1637,0.05,0.3,0.5,0.001,1
