,L2,L2_true,N,std,jump,jump_prob,ve,dim
0,3.4158513613484627,0.05213471227427962,2275,0.01,0.3,0.5,0.01,1
