,L2,L2_true,N,std,jump,jump_prob,ve,dim
0,4.382336730749382,3.070094849725793,8,0.01,0.3,0.5,0.001,2
