,L2,L2_true,N,std,jump,jump_prob,ve,dim
0,5.1285762207497285,4.086068728346467,268,0.01,0.3,0.5,0.0025,2
