,L2,L2_true,N,std,jump,jump_prob,ve,dim
0,0.3569885641170364,0.35659796541667527,1000,0.2,0.3,0.5,0.001,1
