,L2,L2_true,N,std,jump,jump_prob,ve,dim
0,4.071053275014509,2.614270861255313,6,0.01,0.3,0.5,0.001,1
