,L2,L2_true,N,std,jump,jump_prob,ve,dim
0,10.717969448848516,10.198720265685393,193,0.01,0.3,0.5,0.0025,3
