,L2,L2_true,N,std,jump,jump_prob,ve,dim
0,0.37169146447645446,0.28149366414083216,1389,0.05,0.3,0.5,0.001,1
