,L2,L2_true,N,std,jump,jump_prob,ve,dim
0,4.714120278666806,3.5266047582176028,13,0.01,0.3,0.5,0.001,2
