,L2,L2_true,N,std,jump,jump_prob,ve,dim
0,7.493146378947472,6.7163072614696535,61,0.01,0.3,0.5,0.0025,3
