,L2,L2_true,N,std,jump,jump_prob,ve,dim
0,6.4355025352302855,5.491548568107818,37,0.01,0.3,0.5,0.0025,3
