,L2,L2_true,N,std,jump,jump_prob,ve,dim
0,3.621400311667648,0.7449211442934057,1,0.01,0.3,0.5,0.01,3
