,L2,L2_true,N,std,jump,jump_prob,ve,dim
0,3.777019371430767,1.7909372494215505,6,0.01,0.3,0.5,0.0025,1
