,L2,L2_true,N,std,jump,jump_prob,ve,dim
0,0.21478149640831057,0.21488284393610785,3162,0.2,0.3,0.5,0.001,1
