,L2,L2_true,N,std,jump,jump_prob,ve,dim
0,3.2116758672199284,1.796333272508063,43,0.01,0.3,0.5,0.001,1
