,L2,L2_true,N,std,jump,jump_prob,ve,dim
0,4.4822659037667085,2.7758296157022584,13,0.01,0.3,0.5,0.01,3
