,L2,L2_true,N,std,jump,jump_prob,ve,dim
0,11.503206986213138,11.041963868563009,268,0.01,0.3,0.5,0.0025,3
