,L2,L2_true,N,std,jump,jump_prob,ve,dim
0,3.0934059782592653,1.6660945813546715,71,0.01,0.3,0.5,0.001,1
