,L2,L2_true,N,std,jump,jump_prob,ve,dim
0,4.000672576191745,2.6014636995580522,719,0.01,0.3,0.5,0.0025,2
