,L2,L2_true,N,std,jump,jump_prob,ve,dim
0,0.5509932339256223,0.5044179892199846,517,0.05,0.3,0.5,0.001,1
