,L2,L2_true,N,std,jump,jump_prob,ve,dim
0,3.0299781012906046,0.18983074455921498,1000,0.01,0.3,0.5,0.0025,1
