,L2,L2_true,N,std,jump,jump_prob,ve,dim
0,4.240468300856652,2.3925326571891112,16,0.01,0.3,0.5,0.01,2
