,L2,L2_true,N,std,jump,jump_prob,ve,dim
0,9.784226266254256,9.20369947390795,138,0.01,0.3,0.5,0.0025,3
