,L2,L2_true,N,std,jump,jump_prob,ve,dim
0,18.887096466485882,18.64169433501649,610,0.01,0.3,0.5,0.001,3
