,L2,L2_true,N,std,jump,jump_prob,ve,dim
0,2.9672775601262438,1.4472550207795911,61,0.01,0.3,0.5,0.001,1
