,L2,L2_true,N,std,jump,jump_prob,ve,dim
0,2.1295522228432824,2.0387470573452102,6,0.05,0.3,0.5,0.001,1
