,L2,L2_true,N,std,jump,jump_prob,ve,dim
0,3.957146576347633,2.1514742586827125,6,0.01,0.3,0.5,0.0025,1
