,L2,L2_true,N,std,jump,jump_prob,ve,dim
0,3.434375050286579,0.29864674823225074,2275,0.01,0.3,0.5,0.01,2
