,L2,L2_true,N,std,jump,jump_prob,ve,dim
0,8.71567834622665,8.223703042131426,227,0.01,0.3,0.5,0.001,2
