,L2,L2_true,N,std,jump,jump_prob,ve,dim
0,25.30088603539577,25.137692532746602,1930,0.01,0.3,0.5,0.001,3
