,L2,L2_true,N,std,jump,jump_prob,ve,dim
0,0.9821861086514397,0.9815562161797748,163,0.2,0.3,0.5,0.001,1
