,L2,L2_true,N,std,jump,jump_prob,ve,dim
0,4.26543607843882,2.6254120796525195,7,0.01,0.3,0.5,0.0025,3
