,L2,L2_true,N,std,jump,jump_prob,ve,dim
0,2.0915790990439724,2.091875375870956,7,0.2,0.3,0.5,0.001,1
