,L2,L2_true,N,std,jump,jump_prob,ve,dim
0,12.347692652021289,11.92121675212099,439,0.01,0.3,0.5,0.0025,3
