,L2,L2_true,N,std,jump,jump_prob,ve,dim
0,3.418114579789458,0.03953710205144391,3162,0.01,0.3,0.5,0.01,1
