,L2,L2_true,N,std,jump,jump_prob,ve,dim
0,5.890087121273054,5.000300449478161,26,0.01,0.3,0.5,0.001,2
