,L2,L2_true,N,std,jump,jump_prob,ve,dim
0,0.352633842823558,0.2582534519578695,1637,0.05,0.3,0.5,0.001,1
