,L2,L2_true,N,std,jump,jump_prob,ve,dim
0,18.238171079058844,17.975567995721896,517,0.01,0.3,0.5,0.001,3
