,L2,L2_true,N,std,jump,jump_prob,ve,dim
0,3.9160440767337787,2.445435516864357,16,0.01,0.3,0.5,0.001,1
