,L2,L2_true,N,std,jump,jump_prob,ve,dim
0,4.028418753932555,2.537608839330087,5,0.01,0.3,0.5,0.001,1
