,L2,L2_true,N,std,jump,jump_prob,ve,dim
0,4.875000623069456,3.7468822827031363,13,0.01,0.3,0.5,0.001,2
