,L2,L2_true,N,std,jump,jump_prob,ve,dim
0,2.0961144863212864,2.0961006124182955,16,0.2,0.3,0.5,0.001,1
