,L2,L2_true,N,std,jump,jump_prob,ve,dim
0,2.629538960071475,0.33374749033138407,610,0.01,0.3,0.5,0.001,1
