,L2,L2_true,N,std,jump,jump_prob,ve,dim
0,5.619766518668869,4.667037966739551,163,0.01,0.3,0.5,0.0025,2
