,L2,L2_true,N,std,jump,jump_prob,ve,dim
0,9.28105323866341,8.661317594679973,117,0.01,0.3,0.5,0.0025,3
