,L2,L2_true,N,std,jump,jump_prob,ve,dim
0,4.267573073041803,2.898449794639543,7,0.01,0.3,0.5,0.001,2
