,L2,L2_true,N,std,jump,jump_prob,ve,dim
0,20.753219226135673,20.53891395973419,848,0.01,0.3,0.5,0.001,3
