,L2,L2_true,N,std,jump,jump_prob,ve,dim
0,6.611626180302622,5.704375327840614,37,0.01,0.3,0.5,0.0025,3
