,L2,L2_true,N,std,jump,jump_prob,ve,dim
0,4.9442280842084845,3.4488406847159303,26,0.01,0.3,0.5,0.01,3
