,L2,L2_true,N,std,jump,jump_prob,ve,dim
0,3.844542768695297,1.7275203158611283,84,0.01,0.3,0.5,0.01,2
