,L2,L2_true,N,std,jump,jump_prob,ve,dim
0,2.6649138368355727,0.5768787880950361,316,0.01,0.3,0.5,0.001,1
