,L2,L2_true,N,std,jump,jump_prob,ve,dim
0,4.691188519678077,3.2036719594073526,372,0.01,0.3,0.5,0.01,3
