,L2,L2_true,N,std,jump,jump_prob,ve,dim
0,1.613198973380756,1.6139130426619215,4,0.2,0.3,0.5,0.001,1
