,L2,L2_true,N,std,jump,jump_prob,ve,dim
0,2.354731997480295,2.355250266826972,10,0.2,0.3,0.5,0.001,1
