,L2,L2_true,N,std,jump,jump_prob,ve,dim
0,4.147190961316602,2.344449652985585,719,0.01,0.3,0.5,0.01,3
