,L2,L2_true,N,std,jump,jump_prob,ve,dim
0,3.6214113525689013,1.329105002088761,1,0.01,0.3,0.5,0.0025,1
