,L2,L2_true,N,std,jump,jump_prob,ve,dim
0,5.038632946950772,3.6698351222462184,227,0.01,0.3,0.5,0.01,3
