,L2,L2_true,N,std,jump,jump_prob,ve,dim
0,4.744271008783962,3.611970081426919,316,0.01,0.3,0.5,0.0025,2
