,L2,L2_true,N,std,jump,jump_prob,ve,dim
0,3.8481482240099556,1.865113135852321,2,0.01,0.3,0.5,0.0025,1
