,L2,L2_true,N,std,jump,jump_prob,ve,dim
0,3.927995318727764,2.396619858299664,7,0.01,0.3,0.5,0.001,1
