,L2,L2_true,N,std,jump,jump_prob,ve,dim
0,4.077059092027848,2.477019438803225,13,0.01,0.3,0.5,0.0025,1
