,L2,L2_true,N,std,jump,jump_prob,ve,dim
0,2.189751869297837,2.110720067720516,11,0.05,0.3,0.5,0.001,1
