,L2,L2_true,N,std,jump,jump_prob,ve,dim
0,5.3955261754282065,4.14055341822846,117,0.01,0.3,0.5,0.01,3
