,L2,L2_true,N,std,jump,jump_prob,ve,dim
0,2.299485174072045,2.219638680444071,8,0.05,0.3,0.5,0.001,1
