,L2,L2_true,N,std,jump,jump_prob,ve,dim
0,3.7065245379645866,1.558061252122245,3,0.01,0.3,0.5,0.0025,1
