,L2,L2_true,N,std,jump,jump_prob,ve,dim
0,6.027514669449602,5.1405000655178625,26,0.01,0.3,0.5,0.001,3
