,L2,L2_true,N,std,jump,jump_prob,ve,dim
0,3.7716675498850933,2.090148592030901,3,0.01,0.3,0.5,0.001,1
