,L2,L2_true,N,std,jump,jump_prob,ve,dim
0,1.2448375725156937,1.2392688876997757,2,0.2,0.3,0.5,0.001,1
