,L2,L2_true,N,std,jump,jump_prob,ve,dim
0,8.789498802072288,8.325888259355287,268,0.01,0.3,0.5,0.001,2
