,L2,L2_true,N,std,jump,jump_prob,ve,dim
0,3.636308938216505,1.3806224112919794,2,0.01,0.3,0.5,0.0025,1
