,L2,L2_true,N,std,jump,jump_prob,ve,dim
0,5.070593069352303,3.7266188803320253,268,0.01,0.3,0.5,0.01,3
