,L2,L2_true,N,std,jump,jump_prob,ve,dim
0,3.4119243907742796,0.07511144360302613,719,0.01,0.3,0.5,0.01,1
