,L2,L2_true,N,std,jump,jump_prob,ve,dim
0,1.7186977912764436,1.7196952908121095,5,0.2,0.3,0.5,0.001,1
