,L2,L2_true,N,std,jump,jump_prob,ve,dim
0,5.658194416595143,4.691390131642659,138,0.01,0.3,0.5,0.0025,2
