,L2,L2_true,N,std,jump,jump_prob,ve,dim
0,3.2371023067142772,1.1181616470685132,3000,0.01,0.3,0.5,0.0025,2
