,L2,L2_true,N,std,jump,jump_prob,ve,dim
0,5.14563416560154,4.0928229025340395,16,0.01,0.3,0.5,0.001,2
