,L2,L2_true,N,std,jump,jump_prob,ve,dim
0,5.421229287238967,4.444785646632721,193,0.01,0.3,0.5,0.0025,2
