,L2,L2_true,N,std,jump,jump_prob,ve,dim
0,2.6295219906461025,0.33321038748798726,848,0.01,0.3,0.5,0.001,1
