,L2,L2_true,N,std,jump,jump_prob,ve,dim
0,5.292663690264034,4.00000040168663,193,0.01,0.3,0.5,0.01,3
