,L2,L2_true,N,std,jump,jump_prob,ve,dim
0,1.4839031766438286,1.4743999863484722,100,0.05,0.3,0.5,0.001,1
