,L2,L2_true,N,std,jump,jump_prob,ve,dim
0,4.671582854218486,3.238228436793491,11,0.01,0.3,0.5,0.0025,3
