,L2,L2_true,N,std,jump,jump_prob,ve,dim
0,4.993833255123652,3.9152126051488785,268,0.01,0.3,0.5,0.0025,2
