,L2,L2_true,N,std,jump,jump_prob,ve,dim
0,4.06110079620085,1.999032520826815,6,0.01,0.3,0.5,0.01,3
