,L2,L2_true,N,std,jump,jump_prob,ve,dim
0,3.617363406919731,1.8010824314860954,1,0.01,0.3,0.5,0.001,1
