,L2,L2_true,N,std,jump,jump_prob,ve,dim
0,11.917853707038379,11.489108144640769,1178,0.01,0.3,0.5,0.0025,3
