,L2,L2_true,N,std,jump,jump_prob,ve,dim
0,10.482305940794411,9.960137898958425,193,0.01,0.3,0.5,0.0025,3
