,L2,L2_true,N,std,jump,jump_prob,ve,dim
0,24.025850108779597,23.846506987940078,2000,0.01,0.3,0.5,0.001,3
