,L2,L2_true,N,std,jump,jump_prob,ve,dim
0,0.6193742503927863,0.554861663746803,372,0.05,0.3,0.5,0.001,1
