,L2,L2_true,N,std,jump,jump_prob,ve,dim
0,4.188083631920902,2.3199438910822368,37,0.01,0.3,0.5,0.01,2
