,L2,L2_true,N,std,jump,jump_prob,ve,dim
0,3.604897246423365,1.754556949442908,16,0.01,0.3,0.5,0.0025,1
