,L2,L2_true,N,std,jump,jump_prob,ve,dim
0,12.747719142194976,12.370644545504778,193,0.01,0.3,0.5,0.001,3
