,L2,L2_true,N,std,jump,jump_prob,ve,dim
0,4.465332763473616,2.7670995493117396,26,0.01,0.3,0.5,0.01,2
