,L2,L2_true,N,std,jump,jump_prob,ve,dim
0,4.620963154508069,3.3835703795270957,11,0.01,0.3,0.5,0.001,2
