,L2,L2_true,N,std,jump,jump_prob,ve,dim
0,8.39760435152496,7.7062493283371944,84,0.01,0.3,0.5,0.0025,3
