,L2,L2_true,N,std,jump,jump_prob,ve,dim
0,5.7405818193559135,4.804185525382057,22,0.01,0.3,0.5,0.001,3
