,L2,L2_true,N,std,jump,jump_prob,ve,dim
0,1.8482157919504363,1.8483247826352756,5,0.2,0.3,0.5,0.001,1
