,L2,L2_true,N,std,jump,jump_prob,ve,dim
0,2.6490127018267646,0.4668894219573091,316,0.01,0.3,0.5,0.001,1
