,L2,L2_true,N,std,jump,jump_prob,ve,dim
0,3.401912972419484,0.041293613084796066,3162,0.01,0.3,0.5,0.01,1
