,L2,L2_true,N,std,jump,jump_prob,ve,dim
0,10.257357406280617,9.70843336803803,163,0.01,0.3,0.5,0.0025,3
