,L2,L2_true,N,std,jump,jump_prob,ve,dim
0,2.853366796176109,1.248317560946298,117,0.01,0.3,0.5,0.001,1
