,L2,L2_true,N,std,jump,jump_prob,ve,dim
0,6.711051444001472,5.9614389330123085,43,0.01,0.3,0.5,0.001,2
