,L2,L2_true,N,std,jump,jump_prob,ve,dim
0,20.40401014058127,20.180451222459464,719,0.01,0.3,0.5,0.001,3
