,L2,L2_true,N,std,jump,jump_prob,ve,dim
0,22.117952378498867,21.911605630606438,1000,0.01,0.3,0.5,0.001,3
