,L2,L2_true,N,std,jump,jump_prob,ve,dim
0,3.836041106942435,2.3916023014293226,16,0.01,0.3,0.5,0.001,1
