,L2,L2_true,N,std,jump,jump_prob,ve,dim
0,14.469646127479542,14.137289243581932,268,0.01,0.3,0.5,0.001,3
