,L2,L2_true,N,std,jump,jump_prob,ve,dim
0,5.489388142578671,4.524812893622308,22,0.01,0.3,0.5,0.001,2
