,L2,L2_true,N,std,jump,jump_prob,ve,dim
0,3.62954061591897,1.3826539676660583,2,0.01,0.3,0.5,0.0025,1
