,L2,L2_true,N,std,jump,jump_prob,ve,dim
0,10.380658933598868,9.846137332484224,163,0.01,0.3,0.5,0.0025,3
