,L2,L2_true,N,std,jump,jump_prob,ve,dim
0,3.6241515038995957,1.8054137867387208,1,0.01,0.3,0.5,0.001,1
