,L2,L2_true,N,std,jump,jump_prob,ve,dim
0,0.42404818373831077,0.3582002617537321,1000,0.05,0.3,0.5,0.001,1
