,L2,L2_true,N,std,jump,jump_prob,ve,dim
0,24.433527820436485,24.274086378020325,3000,0.01,0.3,0.5,0.001,3
