,L2,L2_true,N,std,jump,jump_prob,ve,dim
0,8.548805700409275,8.038231537110482,227,0.01,0.3,0.5,0.001,2
