,L2,L2_true,N,std,jump,jump_prob,ve,dim
0,7.1757604384005385,6.345705070523953,51,0.01,0.3,0.5,0.0025,3
