,L2,L2_true,N,std,jump,jump_prob,ve,dim
0,4.160359752645864,2.2461373749869296,13,0.01,0.3,0.5,0.01,2
