,L2,L2_true,N,std,jump,jump_prob,ve,dim
0,3.6275361012102088,1.1998171927192025,163,0.01,0.3,0.5,0.01,2
