,L2,L2_true,N,std,jump,jump_prob,ve,dim
0,0.3777367459639191,0.37030072547379145,1,0.2,0.3,0.5,0.001,1
