,L2,L2_true,N,std,jump,jump_prob,ve,dim
0,2.6537541234012068,0.46000819796402087,316,0.01,0.3,0.5,0.001,1
