,L2,L2_true,N,std,jump,jump_prob,ve,dim
0,5.936034628015727,5.0074651946658655,117,0.01,0.3,0.5,0.0025,2
