,L2,L2_true,N,std,jump,jump_prob,ve,dim
0,5.749095511997859,4.664683894232069,26,0.01,0.3,0.5,0.0025,3
