,L2,L2_true,N,std,jump,jump_prob,ve,dim
0,3.6905589498834943,1.561477618312806,2,0.01,0.3,0.5,0.0025,2
