,L2,L2_true,N,std,jump,jump_prob,ve,dim
0,2.937529160960617,2.9384625646912834,16,0.2,0.3,0.5,0.001,1
