,L2,L2_true,N,std,jump,jump_prob,ve,dim
0,3.7279465125461315,1.4911809246869694,117,0.01,0.3,0.5,0.01,2
