,L2,L2_true,N,std,jump,jump_prob,ve,dim
0,5.075586465556218,3.9829177186901985,19,0.01,0.3,0.5,0.001,2
