,L2,L2_true,N,std,jump,jump_prob,ve,dim
0,0.626893462072066,0.5534485562550253,372,0.05,0.3,0.5,0.001,1
