,L2,L2_true,N,std,jump,jump_prob,ve,dim
0,2.6709844792133177,0.5100599727870896,316,0.01,0.3,0.5,0.001,1
