,L2,L2_true,N,std,jump,jump_prob,ve,dim
0,3.422967246247332,0.2792558214815627,61,0.01,0.3,0.5,0.01,1
