,L2,L2_true,N,std,jump,jump_prob,ve,dim
0,12.573280573693514,12.180249656629032,1000,0.01,0.3,0.5,0.0025,3
