,L2,L2_true,N,std,jump,jump_prob,ve,dim
0,5.866172547494849,4.872584177868446,43,0.01,0.3,0.5,0.0025,2
