,L2,L2_true,N,std,jump,jump_prob,ve,dim
0,2.3215971368393253,2.3208322822991416,13,0.2,0.3,0.5,0.001,1
