,L2,L2_true,N,std,jump,jump_prob,ve,dim
0,4.461389990566055,2.932703138663907,11,0.01,0.3,0.5,0.0025,2
