,L2,L2_true,N,std,jump,jump_prob,ve,dim
0,3.625610664182502,0.9590898565288142,10,0.01,0.3,0.5,0.01,1
