,L2,L2_true,N,std,jump,jump_prob,ve,dim
0,2.9922979865728236,1.4175839738109455,71,0.01,0.3,0.5,0.001,1
