,L2,L2_true,N,std,jump,jump_prob,ve,dim
0,2.660844064497756,2.6604351233053123,16,0.2,0.3,0.5,0.001,1
