,L2,L2_true,N,std,jump,jump_prob,ve,dim
0,4.630885807878144,3.173458789690928,11,0.01,0.3,0.5,0.0025,3
