,L2,L2_true,N,std,jump,jump_prob,ve,dim
0,3.617193652511205,1.8023553442780926,1,0.01,0.3,0.5,0.001,1
