,L2,L2_true,N,std,jump,jump_prob,ve,dim
0,5.322855443085482,4.324316981441865,227,0.01,0.3,0.5,0.0025,2
