,L2,L2_true,N,std,jump,jump_prob,ve,dim
0,3.372226473821582,1.4539415695053886,37,0.01,0.3,0.5,0.0025,1
