,L2,L2_true,N,std,jump,jump_prob,ve,dim
0,5.671836887499359,4.4855789483536395,117,0.01,0.3,0.5,0.01,3
