,L2,L2_true,N,std,jump,jump_prob,ve,dim
0,3.022584040784378,0.19562229285441693,517,0.01,0.3,0.5,0.0025,1
