,L2,L2_true,N,std,jump,jump_prob,ve,dim
0,9.86202677505587,9.286717288029545,138,0.01,0.3,0.5,0.0025,3
