,L2,L2_true,N,std,jump,jump_prob,ve,dim
0,4.015211317700572,2.2378392287990434,6,0.01,0.3,0.5,0.0025,1
