,L2,L2_true,N,std,jump,jump_prob,ve,dim
0,3.4259270776050355,0.314916967506133,2000,0.01,0.3,0.5,0.01,2
