,L2,L2_true,N,std,jump,jump_prob,ve,dim
0,3.136811941555138,0.7639263315757268,71,0.01,0.3,0.5,0.0025,1
