,L2,L2_true,N,std,jump,jump_prob,ve,dim
0,2.5223663405606027,2.486605860284085,11,0.05,0.3,0.5,0.001,1
