,L2,L2_true,N,std,jump,jump_prob,ve,dim
0,4.82524375818272,3.4686856782299187,16,0.01,0.3,0.5,0.0025,2
