,L2,L2_true,N,std,jump,jump_prob,ve,dim
0,3.514072411741769,1.6218542915511618,22,0.01,0.3,0.5,0.0025,1
