,L2,L2_true,N,std,jump,jump_prob,ve,dim
0,3.7029005896738365,1.180876603380727,10,0.01,0.3,0.5,0.01,1
