,L2,L2_true,N,std,jump,jump_prob,ve,dim
0,4.574069913780652,3.094228563694933,11,0.01,0.3,0.5,0.0025,2
