,L2,L2_true,N,std,jump,jump_prob,ve,dim
0,3.689262896691974,1.0497194749955012,2,0.01,0.3,0.5,0.01,2
