,L2,L2_true,N,std,jump,jump_prob,ve,dim
0,3.034633459947039,0.2339737422725334,719,0.01,0.3,0.5,0.0025,1
