,L2,L2_true,N,std,jump,jump_prob,ve,dim
0,5.4693658582798435,4.198389365644021,51,0.01,0.3,0.5,0.01,3
