,L2,L2_true,N,std,jump,jump_prob,ve,dim
0,8.50683900926719,7.975738285452918,138,0.01,0.3,0.5,0.001,2
