,L2,L2_true,N,std,jump,jump_prob,ve,dim
0,6.712031128920275,5.811258869037315,43,0.01,0.3,0.5,0.0025,3
