,L2,L2_true,N,std,jump,jump_prob,ve,dim
0,2.6245028678546665,0.19296694246530022,1637,0.01,0.3,0.5,0.001,1
