,L2,L2_true,N,std,jump,jump_prob,ve,dim
0,3.8119638337972517,1.3543952829616417,2,0.01,0.3,0.5,0.01,1
