,L2,L2_true,N,std,jump,jump_prob,ve,dim
0,4.346853671649931,2.7614322168423695,8,0.01,0.3,0.5,0.0025,3
