,L2,L2_true,N,std,jump,jump_prob,ve,dim
0,5.433469190024791,4.438706539288827,19,0.01,0.3,0.5,0.001,3
