,L2,L2_true,N,std,jump,jump_prob,ve,dim
0,12.705512165735712,12.325819445290263,193,0.01,0.3,0.5,0.001,3
