,L2,L2_true,N,std,jump,jump_prob,ve,dim
0,5.356018466787215,4.191327071363133,26,0.01,0.3,0.5,0.0025,2
