,L2,L2_true,N,std,jump,jump_prob,ve,dim
0,12.111091059889821,11.66857206235873,372,0.01,0.3,0.5,0.0025,3
