,L2,L2_true,N,std,jump,jump_prob,ve,dim
0,4.665924969215645,3.1604475451820955,372,0.01,0.3,0.5,0.01,3
