,L2,L2_true,N,std,jump,jump_prob,ve,dim
0,3.8088159936945907,1.439719094335878,3,0.01,0.3,0.5,0.01,3
