,L2,L2_true,N,std,jump,jump_prob,ve,dim
0,3.472163475185744,0.5990450785570931,610,0.01,0.3,0.5,0.01,2
