,L2,L2_true,N,std,jump,jump_prob,ve,dim
0,3.630185746581676,1.8044105544849889,1,0.01,0.3,0.5,0.001,1
