,L2,L2_true,N,std,jump,jump_prob,ve,dim
0,2.621105020180214,0.2085066712168782,1930,0.01,0.3,0.5,0.001,1
