,L2,L2_true,N,std,jump,jump_prob,ve,dim
0,2.097028217401253,2.095745372056081,8,0.2,0.3,0.5,0.001,1
