,L2,L2_true,N,std,jump,jump_prob,ve,dim
0,1.9999830360234911,2.0021831204240303,6,0.2,0.3,0.5,0.001,1
