,L2,L2_true,N,std,jump,jump_prob,ve,dim
0,4.3774092022075255,3.136519597578453,439,0.01,0.3,0.5,0.0025,2
