,L2,L2_true,N,std,jump,jump_prob,ve,dim
0,3.6339779369398815,1.807315951928274,1,0.01,0.3,0.5,0.001,1
