,L2,L2_true,N,std,jump,jump_prob,ve,dim
0,0.48443721197841016,0.43029173415515004,610,0.05,0.3,0.5,0.001,1
