,L2,L2_true,N,std,jump,jump_prob,ve,dim
0,12.363383303126431,11.929148838300895,372,0.01,0.3,0.5,0.0025,3
