,L2,L2_true,N,std,jump,jump_prob,ve,dim
0,1.3489198700563239,1.1778559199621175,1,0.05,0.3,0.5,0.001,1
