,L2,L2_true,N,std,jump,jump_prob,ve,dim
0,2.5552721744043154,2.5110961749923137,10,0.05,0.3,0.5,0.001,1
