,L2,L2_true,N,std,jump,jump_prob,ve,dim
0,12.005883745642924,11.596522708823874,1389,0.01,0.3,0.5,0.0025,3
