,L2,L2_true,N,std,jump,jump_prob,ve,dim
0,10.492525582367156,9.971978668889369,193,0.01,0.3,0.5,0.0025,3
