,L2,L2_true,N,std,jump,jump_prob,ve,dim
0,3.8057768836665105,1.4190816298331186,3,0.01,0.3,0.5,0.01,3
