,L2,L2_true,N,std,jump,jump_prob,ve,dim
0,1.3113250087488948,1.3121415913115675,100,0.2,0.3,0.5,0.001,1
