,L2,L2_true,N,std,jump,jump_prob,ve,dim
0,3.066135543272313,0.4033427307268813,372,0.01,0.3,0.5,0.0025,1
