,L2,L2_true,N,std,jump,jump_prob,ve,dim
0,4.610083643225426,3.3840218058761846,10,0.01,0.3,0.5,0.001,3
