,L2,L2_true,N,std,jump,jump_prob,ve,dim
0,2.6236387762180144,0.15341980453848178,2275,0.01,0.3,0.5,0.001,1
