,L2,L2_true,N,std,jump,jump_prob,ve,dim
0,2.6575827416377393,0.39326032273234707,439,0.01,0.3,0.5,0.001,1
