,L2,L2_true,N,std,jump,jump_prob,ve,dim
0,3.0572478026062484,0.47026743852991704,138,0.01,0.3,0.5,0.0025,1
