,L2,L2_true,N,std,jump,jump_prob,ve,dim
0,3.9710153474250625,2.008322650290287,1000,0.01,0.3,0.5,0.01,3
