,L2,L2_true,N,std,jump,jump_prob,ve,dim
0,0.9111365101061486,0.911279609670745,193,0.2,0.3,0.5,0.001,1
