,L2,L2_true,N,std,jump,jump_prob,ve,dim
0,1.1387125831236338,1.1198415336191747,117,0.05,0.3,0.5,0.001,1
