,L2,L2_true,N,std,jump,jump_prob,ve,dim
0,8.285062911608259,7.714798551321123,100,0.01,0.3,0.5,0.001,2
