,L2,L2_true,N,std,jump,jump_prob,ve,dim
0,4.08923818759425,2.6352630859681847,5,0.01,0.3,0.5,0.001,3
