,L2,L2_true,N,std,jump,jump_prob,ve,dim
0,3.5916035212788535,1.1144176636998928,227,0.01,0.3,0.5,0.01,2
