,L2,L2_true,N,std,jump,jump_prob,ve,dim
0,2.588572972651493,2.576169848875837,19,0.05,0.3,0.5,0.001,1
