,L2,L2_true,N,std,jump,jump_prob,ve,dim
0,2.7180519210980125,0.7315218491178902,163,0.01,0.3,0.5,0.001,1
