,L2,L2_true,N,std,jump,jump_prob,ve,dim
0,2.6924723708454383,0.6876504912368904,227,0.01,0.3,0.5,0.001,1
