,L2,L2_true,N,std,jump,jump_prob,ve,dim
0,3.6954473267014536,1.0839919942636442,2,0.01,0.3,0.5,0.01,2
