,L2,L2_true,N,std,jump,jump_prob,ve,dim
0,3.664523394033993,1.0603044619720146,4,0.01,0.3,0.5,0.01,1
