,L2,L2_true,N,std,jump,jump_prob,ve,dim
0,5.308850900033977,4.0942637658130785,19,0.01,0.3,0.5,0.0025,3
