,L2,L2_true,N,std,jump,jump_prob,ve,dim
0,3.6260092402561757,1.3298397253960252,1,0.01,0.3,0.5,0.0025,1
