,L2,L2_true,N,std,jump,jump_prob,ve,dim
0,0.8326504521714942,0.8343540541213971,2,0.2,0.3,0.5,0.001,1
