,L2,L2_true,N,std,jump,jump_prob,ve,dim
0,3.880789675715,1.6104637726684747,4,0.01,0.3,0.5,0.01,3
