,L2,L2_true,N,std,jump,jump_prob,ve,dim
0,2.6666280073977586,0.56759421062607,227,0.01,0.3,0.5,0.001,1
