,L2,L2_true,N,std,jump,jump_prob,ve,dim
0,3.645237014365351,1.386338358391325,2,0.01,0.3,0.5,0.0025,1
