,L2,L2_true,N,std,jump,jump_prob,ve,dim
0,3.150286163703467,0.8866668360326097,61,0.01,0.3,0.5,0.0025,1
