,L2,L2_true,N,std,jump,jump_prob,ve,dim
0,0.3122479768811388,0.22000165501306615,2275,0.05,0.3,0.5,0.001,1
