,L2,L2_true,N,std,jump,jump_prob,ve,dim
0,4.245233597326429,2.377521286360139,11,0.01,0.3,0.5,0.01,2
