,L2,L2_true,N,std,jump,jump_prob,ve,dim
0,4.257369782315775,2.8767865143411124,8,0.01,0.3,0.5,0.001,2
