,L2,L2_true,N,std,jump,jump_prob,ve,dim
0,7.550346873771609,6.768090418435264,61,0.01,0.3,0.5,0.0025,3
