,L2,L2_true,N,std,jump,jump_prob,ve,dim
0,16.421468772678477,16.14367192663242,372,0.01,0.3,0.5,0.001,3
