,L2,L2_true,N,std,jump,jump_prob,ve,dim
0,3.0490876051099325,0.2737038643578669,268,0.01,0.3,0.5,0.0025,1
