,L2,L2_true,N,std,jump,jump_prob,ve,dim
0,4.067653451276609,2.2825540216088216,5,0.01,0.3,0.5,0.0025,3
