,L2,L2_true,N,std,jump,jump_prob,ve,dim
0,5.482000652770435,4.227072870538694,71,0.01,0.3,0.5,0.01,3
