,L2,L2_true,N,std,jump,jump_prob,ve,dim
0,0.8291370442014414,0.8143438166552626,193,0.05,0.3,0.5,0.001,1
