,L2,L2_true,N,std,jump,jump_prob,ve,dim
0,9.829180628230635,9.255481437719217,138,0.01,0.3,0.5,0.0025,3
