,L2,L2_true,N,std,jump,jump_prob,ve,dim
0,5.447133453945926,4.172184023819518,51,0.01,0.3,0.5,0.01,3
