,L2,L2_true,N,std,jump,jump_prob,ve,dim
0,3.948250629411066,1.9118083089328082,61,0.01,0.3,0.5,0.01,2
