,L2,L2_true,N,std,jump,jump_prob,ve,dim
0,3.7706638016418257,1.5531680733335673,100,0.01,0.3,0.5,0.01,2
