,L2,L2_true,N,std,jump,jump_prob,ve,dim
0,3.038678973702731,0.16386769899788806,1178,0.01,0.3,0.5,0.0025,1
