,L2,L2_true,N,std,jump,jump_prob,ve,dim
0,3.674166698955387,1.3183836714331738,138,0.01,0.3,0.5,0.01,2
