,L2,L2_true,N,std,jump,jump_prob,ve,dim
0,8.102525861897844,7.618009937724851,439,0.01,0.3,0.5,0.001,2
