,L2,L2_true,N,std,jump,jump_prob,ve,dim
0,3.0427663567141585,0.13177766113235026,1930,0.01,0.3,0.5,0.0025,1
