,L2,L2_true,N,std,jump,jump_prob,ve,dim
0,5.014876178980954,3.590826682758683,31,0.01,0.3,0.5,0.01,3
