,L2,L2_true,N,std,jump,jump_prob,ve,dim
0,3.707564768009137,1.404431704322181,117,0.01,0.3,0.5,0.01,2
