,L2,L2_true,N,std,jump,jump_prob,ve,dim
0,3.6221528778925447,0.7445926622719186,1,0.01,0.3,0.5,0.01,1
