,L2,L2_true,N,std,jump,jump_prob,ve,dim
0,3.454562721931791,0.4540144300469975,1000,0.01,0.3,0.5,0.01,2
