,L2,L2_true,N,std,jump,jump_prob,ve,dim
0,3.7258342982678023,1.2170161059890365,4,0.01,0.3,0.5,0.01,1
