,L2,L2_true,N,std,jump,jump_prob,ve,dim
0,4.378276046284277,2.599141798370764,11,0.01,0.3,0.5,0.01,3
