,L2,L2_true,N,std,jump,jump_prob,ve,dim
0,12.967228570686181,12.583564462013078,719,0.01,0.3,0.5,0.0025,3
