,L2,L2_true,N,std,jump,jump_prob,ve,dim
0,3.6136718328631208,1.8016316669205525,1,0.01,0.3,0.5,0.001,1
