,L2,L2_true,N,std,jump,jump_prob,ve,dim
0,3.4145438364814127,0.09133852133969263,719,0.01,0.3,0.5,0.01,1
