,L2,L2_true,N,std,jump,jump_prob,ve,dim
0,0.3783566199499567,0.37798690214758196,848,0.2,0.3,0.5,0.001,1
