,L2,L2_true,N,std,jump,jump_prob,ve,dim
0,8.998443155531337,8.532236177223874,227,0.01,0.3,0.5,0.001,2
