,L2,L2_true,N,std,jump,jump_prob,ve,dim
0,6.214999898716919,5.226877229642282,31,0.01,0.3,0.5,0.0025,3
