,L2,L2_true,N,std,jump,jump_prob,ve,dim
0,3.692433350362057,2.2759464706445596,19,0.01,0.3,0.5,0.001,1
