,L2,L2_true,N,std,jump,jump_prob,ve,dim
0,3.9978867657427672,2.742949335911046,22,0.01,0.3,0.5,0.001,1
