,L2,L2_true,N,std,jump,jump_prob,ve,dim
0,4.001343680180592,1.8586455348173447,5,0.01,0.3,0.5,0.01,3
