,L2,L2_true,N,std,jump,jump_prob,ve,dim
0,3.4106647003994968,0.10602258543200165,316,0.01,0.3,0.5,0.01,1
