,L2,L2_true,N,std,jump,jump_prob,ve,dim
0,3.720257746719625,2.2068333949771515,13,0.01,0.3,0.5,0.001,1
