,L2,L2_true,N,std,jump,jump_prob,ve,dim
0,3.88144016026405,2.458071510995028,19,0.01,0.3,0.5,0.001,1
