,L2,L2_true,N,std,jump,jump_prob,ve,dim
0,3.060301385166744,0.33356516147781917,227,0.01,0.3,0.5,0.0025,1
