,L2,L2_true,N,std,jump,jump_prob,ve,dim
0,0.637156775789468,0.6196331935502651,316,0.05,0.3,0.5,0.001,1
