,L2,L2_true,N,std,jump,jump_prob,ve,dim
0,3.3303466236572303,1.3952278312562643,2000,0.01,0.3,0.5,0.0025,2
