,L2,L2_true,N,std,jump,jump_prob,ve,dim
0,5.236406712766019,3.9188129287442393,138,0.01,0.3,0.5,0.01,3
