,L2,L2_true,N,std,jump,jump_prob,ve,dim
0,3.7754809540579264,1.314643804632661,3,0.01,0.3,0.5,0.01,2
