,L2,L2_true,N,std,jump,jump_prob,ve,dim
0,0.24853992971856909,0.24838995138028014,2275,0.2,0.3,0.5,0.001,1
