,L2,L2_true,N,std,jump,jump_prob,ve,dim
0,3.7638339832155143,1.5689123064804205,1637,0.01,0.3,0.5,0.01,3
