,L2,L2_true,N,std,jump,jump_prob,ve,dim
0,3.4471230980164838,1.4373325193857014,22,0.01,0.3,0.5,0.0025,1
