,L2,L2_true,N,std,jump,jump_prob,ve,dim
0,0.6101433760813622,0.5365574867428855,439,0.05,0.3,0.5,0.001,1
