,L2,L2_true,N,std,jump,jump_prob,ve,dim
0,0.38018807058572346,0.30024212381342397,1178,0.05,0.3,0.5,0.001,1
