,L2,L2_true,N,std,jump,jump_prob,ve,dim
0,11.864523151524326,11.45299891169202,163,0.01,0.3,0.5,0.001,3
