,L2,L2_true,N,std,jump,jump_prob,ve,dim
0,3.7250544845800966,2.4173831968979447,26,0.01,0.3,0.5,0.001,1
