,L2,L2_true,N,std,jump,jump_prob,ve,dim
0,4.179934615217411,2.2508901027302546,11,0.01,0.3,0.5,0.01,2
