,L2,L2_true,N,std,jump,jump_prob,ve,dim
0,3.444720763239208,0.35025689965087026,51,0.01,0.3,0.5,0.01,1
