,L2,L2_true,N,std,jump,jump_prob,ve,dim
0,4.513941041872409,2.9269529868343636,439,0.01,0.3,0.5,0.01,3
