,L2,L2_true,N,std,jump,jump_prob,ve,dim
0,3.0244047793323374,0.10106565733937999,3162,0.01,0.3,0.5,0.0025,1
