,L2,L2_true,N,std,jump,jump_prob,ve,dim
0,8.8038545824105,8.155768640178595,100,0.01,0.3,0.5,0.0025,3
