,L2,L2_true,N,std,jump,jump_prob,ve,dim
0,3.4480504686907536,0.44728952250991655,43,0.01,0.3,0.5,0.01,1
