,L2,L2_true,N,std,jump,jump_prob,ve,dim
0,5.539433488471111,4.447478753220497,37,0.01,0.3,0.5,0.0025,2
