,L2,L2_true,N,std,jump,jump_prob,ve,dim
0,24.71735301962565,24.55491434625325,3000,0.01,0.3,0.5,0.001,3
