,L2,L2_true,N,std,jump,jump_prob,ve,dim
0,3.4572080685879927,0.5442695698395772,719,0.01,0.3,0.5,0.01,2
