,L2,L2_true,N,std,jump,jump_prob,ve,dim
0,4.2211950662777475,2.429291597369539,51,0.01,0.3,0.5,0.01,2
