,L2,L2_true,N,std,jump,jump_prob,ve,dim
0,3.043695311335433,0.35631764978618424,316,0.01,0.3,0.5,0.0025,1
