,L2,L2_true,N,std,jump,jump_prob,ve,dim
0,12.460695772651922,12.063885942213739,1000,0.01,0.3,0.5,0.0025,3
