,L2,L2_true,N,std,jump,jump_prob,ve,dim
0,3.9907319118275284,2.312817849952565,10,0.01,0.3,0.5,0.0025,1
