,L2,L2_true,N,std,jump,jump_prob,ve,dim
0,4.875837669827945,3.3616629210584343,22,0.01,0.3,0.5,0.01,3
