,L2,L2_true,N,std,jump,jump_prob,ve,dim
0,3.746706432776859,1.4787097088323653,100,0.01,0.3,0.5,0.01,2
