,L2,L2_true,N,std,jump,jump_prob,ve,dim
0,1.7178964794988254,1.7141465121003272,61,0.05,0.3,0.5,0.001,1
