,L2,L2_true,N,std,jump,jump_prob,ve,dim
0,3.4975480234345175,0.7312100596752221,22,0.01,0.3,0.5,0.01,1
