,L2,L2_true,N,std,jump,jump_prob,ve,dim
0,3.4284020276684934,0.30988952602200426,2000,0.01,0.3,0.5,0.01,2
