,L2,L2_true,N,std,jump,jump_prob,ve,dim
0,4.145923894577755,2.1592451811479223,7,0.01,0.3,0.5,0.01,3
