,L2,L2_true,N,std,jump,jump_prob,ve,dim
0,4.532945216398647,2.9705959510603184,439,0.01,0.3,0.5,0.01,3
