,L2,L2_true,N,std,jump,jump_prob,ve,dim
0,0.5199465342758294,0.4528546497807063,517,0.05,0.3,0.5,0.001,1
