,L2,L2_true,N,std,jump,jump_prob,ve,dim
0,1.9178365322736213,1.9179791897595282,61,0.2,0.3,0.5,0.001,1
