,L2,L2_true,N,std,jump,jump_prob,ve,dim
0,3.2854713287439625,1.9930825028800234,61,0.01,0.3,0.5,0.001,1
