,L2,L2_true,N,std,jump,jump_prob,ve,dim
0,3.70487466154836,1.978408947160463,3,0.01,0.3,0.5,0.001,1
