,L2,L2_true,N,std,jump,jump_prob,ve,dim
0,0.22014833112572174,0.21992862782343883,2682,0.2,0.3,0.5,0.001,1
