,L2,L2_true,N,std,jump,jump_prob,ve,dim
0,3.626759287043349,0.8439525041064685,2,0.01,0.3,0.5,0.01,1
