,L2,L2_true,N,std,jump,jump_prob,ve,dim
0,9.979956893517429,9.5023397344918,3000,0.01,0.3,0.5,0.0025,3
