,L2,L2_true,N,std,jump,jump_prob,ve,dim
0,3.3366074790513776,1.9930214331942684,37,0.01,0.3,0.5,0.001,1
