,L2,L2_true,N,std,jump,jump_prob,ve,dim
0,4.066308471990224,2.0321265149531755,10,0.01,0.3,0.5,0.01,2
