,L2,L2_true,N,std,jump,jump_prob,ve,dim
0,3.7883354697437257,1.9896501953220325,11,0.01,0.3,0.5,0.0025,1
