,L2,L2_true,N,std,jump,jump_prob,ve,dim
0,4.189378812545425,2.264747041991393,19,0.01,0.3,0.5,0.01,2
