,L2,L2_true,N,std,jump,jump_prob,ve,dim
0,5.613415349533606,4.660026881864658,193,0.01,0.3,0.5,0.0025,2
