,L2,L2_true,N,std,jump,jump_prob,ve,dim
0,3.8751906100173055,2.0380739089872297,11,0.01,0.3,0.5,0.0025,1
