,L2,L2_true,N,std,jump,jump_prob,ve,dim
0,3.4144230979554955,0.0527963251191326,1930,0.01,0.3,0.5,0.01,1
