,L2,L2_true,N,std,jump,jump_prob,ve,dim
0,3.451250824143536,0.5100596232476726,719,0.01,0.3,0.5,0.01,2
