,L2,L2_true,N,std,jump,jump_prob,ve,dim
0,5.286307580543644,3.9480127993658707,43,0.01,0.3,0.5,0.01,3
