,L2,L2_true,N,std,jump,jump_prob,ve,dim
0,3.4286716217581272,1.5250206057000362,26,0.01,0.3,0.5,0.0025,1
