,L2,L2_true,N,std,jump,jump_prob,ve,dim
0,3.4426953623138465,0.43087919978565775,1000,0.01,0.3,0.5,0.01,2
