,L2,L2_true,N,std,jump,jump_prob,ve,dim
0,3.6808208161440454,1.5238765077880752,3,0.01,0.3,0.5,0.0025,1
