,L2,L2_true,N,std,jump,jump_prob,ve,dim
0,3.2284798768211527,1.1230120479838759,3000,0.01,0.3,0.5,0.0025,2
