,L2,L2_true,N,std,jump,jump_prob,ve,dim
0,3.406253566386552,0.07377728918195606,2275,0.01,0.3,0.5,0.01,1
