,L2,L2_true,N,std,jump,jump_prob,ve,dim
0,3.029327045124885,0.1486437909303133,1637,0.01,0.3,0.5,0.0025,1
