,L2,L2_true,N,std,jump,jump_prob,ve,dim
0,3.4269094915937837,0.27760242618094927,193,0.01,0.3,0.5,0.01,1
