,L2,L2_true,N,std,jump,jump_prob,ve,dim
0,4.892197127496977,3.7587562202560143,16,0.01,0.3,0.5,0.001,2
