,L2,L2_true,N,std,jump,jump_prob,ve,dim
0,15.958102500742315,15.669133174303022,372,0.01,0.3,0.5,0.001,3
