,L2,L2_true,N,std,jump,jump_prob,ve,dim
0,3.5987748215991453,0.8025079698444056,7,0.01,0.3,0.5,0.01,1
