,L2,L2_true,N,std,jump,jump_prob,ve,dim
0,6.049443336738753,5.090574086908141,51,0.01,0.3,0.5,0.0025,2
