,L2,L2_true,N,std,jump,jump_prob,ve,dim
0,5.970507705552718,5.34192060111579,1000,0.01,0.3,0.5,0.001,2
