,L2,L2_true,N,std,jump,jump_prob,ve,dim
0,3.890524484113415,1.9917508888491668,6,0.01,0.3,0.5,0.0025,1
