,L2,L2_true,N,std,jump,jump_prob,ve,dim
0,4.376207596639203,2.8077534815700838,8,0.01,0.3,0.5,0.0025,3
