,L2,L2_true,N,std,jump,jump_prob,ve,dim
0,10.95017887437182,10.49979427094135,1930,0.01,0.3,0.5,0.0025,3
