,L2,L2_true,N,std,jump,jump_prob,ve,dim
0,3.653201306909488,2.023835951058647,10,0.01,0.3,0.5,0.001,1
