,L2,L2_true,N,std,jump,jump_prob,ve,dim
0,4.004353191711536,1.9064138486394344,10,0.01,0.3,0.5,0.01,2
