,L2,L2_true,N,std,jump,jump_prob,ve,dim
0,4.872368265929158,3.4318065644672613,316,0.01,0.3,0.5,0.01,3
