,L2,L2_true,N,std,jump,jump_prob,ve,dim
0,3.4022575043909047,0.06249591852677008,1930,0.01,0.3,0.5,0.01,1
