,L2,L2_true,N,std,jump,jump_prob,ve,dim
0,3.5548993980626213,1.8576419410725473,1178,0.01,0.3,0.5,0.0025,2
