,L2,L2_true,N,std,jump,jump_prob,ve,dim
0,1.396211160126116,1.3680221636356253,100,0.05,0.3,0.5,0.001,1
