,L2,L2_true,N,std,jump,jump_prob,ve,dim
0,6.75284882438855,5.980059897048583,37,0.01,0.3,0.5,0.001,3
