,L2,L2_true,N,std,jump,jump_prob,ve,dim
0,3.411051890968089,0.13068644535618887,193,0.01,0.3,0.5,0.01,1
