,L2,L2_true,N,std,jump,jump_prob,ve,dim
0,4.0834419398940005,2.6212858316996983,6,0.01,0.3,0.5,0.001,2
