,L2,L2_true,N,std,jump,jump_prob,ve,dim
0,0.31838021208581485,0.18443429394571442,3162,0.05,0.3,0.5,0.001,1
