,L2,L2_true,N,std,jump,jump_prob,ve,dim
0,11.914675154203767,11.45367403738065,316,0.01,0.3,0.5,0.0025,3
