,L2,L2_true,N,std,jump,jump_prob,ve,dim
0,3.616735652189053,1.3283291616231212,1,0.01,0.3,0.5,0.0025,1
