,L2,L2_true,N,std,jump,jump_prob,ve,dim
0,1.798467449981233,1.794071663076957,4,0.2,0.3,0.5,0.001,1
