,L2,L2_true,N,std,jump,jump_prob,ve,dim
0,4.737285723387004,3.5472882476459318,11,0.01,0.3,0.5,0.001,2
