,L2,L2_true,N,std,jump,jump_prob,ve,dim
0,4.252158743151939,2.880454711669681,7,0.01,0.3,0.5,0.001,3
