,L2,L2_true,N,std,jump,jump_prob,ve,dim
0,9.629654547745023,9.042670135702986,138,0.01,0.3,0.5,0.0025,3
