,L2,L2_true,N,std,jump,jump_prob,ve,dim
0,12.151629537483036,11.716583447404467,372,0.01,0.3,0.5,0.0025,3
