,L2,L2_true,N,std,jump,jump_prob,ve,dim
0,3.1437933185013165,0.8499557982587532,71,0.01,0.3,0.5,0.0025,1
