,L2,L2_true,N,std,jump,jump_prob,ve,dim
0,3.9344268479100344,2.4393418461311813,6,0.01,0.3,0.5,0.001,1
