,L2,L2_true,N,std,jump,jump_prob,ve,dim
0,9.690293059098618,9.106794956946757,138,0.01,0.3,0.5,0.0025,3
