,L2,L2_true,N,std,jump,jump_prob,ve,dim
0,3.6062673009043817,0.7175859003269717,2,0.01,0.3,0.5,0.01,1
