,L2,L2_true,N,std,jump,jump_prob,ve,dim
0,3.631926120829431,1.3294680553993996,1,0.01,0.3,0.5,0.0025,3
