,L2,L2_true,N,std,jump,jump_prob,ve,dim
0,3.759999954721174,1.5607527991764818,1637,0.01,0.3,0.5,0.01,3
