,L2,L2_true,N,std,jump,jump_prob,ve,dim
0,10.163536289581414,9.615950377751183,163,0.01,0.3,0.5,0.0025,3
