,L2,L2_true,N,std,jump,jump_prob,ve,dim
0,0.25303375702197534,0.253433607440106,1930,0.2,0.3,0.5,0.001,1
