,L2,L2_true,N,std,jump,jump_prob,ve,dim
0,3.2809518082068356,1.9775605215202952,43,0.01,0.3,0.5,0.001,1
