,L2,L2_true,N,std,jump,jump_prob,ve,dim
0,4.270755401750743,2.991974853928199,11,0.01,0.3,0.5,0.001,1
