,L2,L2_true,N,std,jump,jump_prob,ve,dim
0,12.587034463941793,12.19948389724537,193,0.01,0.3,0.5,0.001,3
