,L2,L2_true,N,std,jump,jump_prob,ve,dim
0,2.71588852032985,2.7164159038373668,16,0.2,0.3,0.5,0.001,1
