,L2,L2_true,N,std,jump,jump_prob,ve,dim
0,3.0447071813909723,0.2752422846262191,227,0.01,0.3,0.5,0.0025,1
