,L2,L2_true,N,std,jump,jump_prob,ve,dim
0,15.963496478502996,15.656617973010233,372,0.01,0.3,0.5,0.001,3
