,L2,L2_true,N,std,jump,jump_prob,ve,dim
0,3.6101481220652607,0.7448011646553665,1,0.01,0.3,0.5,0.01,1
