,L2,L2_true,N,std,jump,jump_prob,ve,dim
0,4.153358192328263,2.72873074022901,6,0.01,0.3,0.5,0.001,2
