,L2,L2_true,N,std,jump,jump_prob,ve,dim
0,1.04260718273017,1.0435483764784548,163,0.2,0.3,0.5,0.001,1
