,L2,L2_true,N,std,jump,jump_prob,ve,dim
0,3.662663950788526,1.3083371144483442,138,0.01,0.3,0.5,0.01,2
