,L2,L2_true,N,std,jump,jump_prob,ve,dim
0,3.3442433803260756,1.4272460527634667,43,0.01,0.3,0.5,0.0025,1
