,L2,L2_true,N,std,jump,jump_prob,ve,dim
0,5.314549797058293,4.298619726894693,193,0.01,0.3,0.5,0.0025,2
