,L2,L2_true,N,std,jump,jump_prob,ve,dim
0,0.6466028378633061,0.6046126222057577,268,0.05,0.3,0.5,0.001,1
