,L2,L2_true,N,std,jump,jump_prob,ve,dim
0,3.449983916607442,0.44611618531566744,1000,0.01,0.3,0.5,0.01,2
