,L2,L2_true,N,std,jump,jump_prob,ve,dim
0,1.977388929893215,1.8735923878183116,5,0.05,0.3,0.5,0.001,1
