,L2,L2_true,N,std,jump,jump_prob,ve,dim
0,1.4150109395533794,1.414072537160842,3,0.2,0.3,0.5,0.001,1
