,L2,L2_true,N,std,jump,jump_prob,ve,dim
0,2.7933336894884877,1.0175807937142358,117,0.01,0.3,0.5,0.001,1
