,L2,L2_true,N,std,jump,jump_prob,ve,dim
0,4.791693135288801,3.412618222524183,13,0.01,0.3,0.5,0.0025,3
