,L2,L2_true,N,std,jump,jump_prob,ve,dim
0,22.66366305997555,22.465493393249314,1178,0.01,0.3,0.5,0.001,3
