,L2,L2_true,N,std,jump,jump_prob,ve,dim
0,7.435325080983223,6.77448260628242,71,0.01,0.3,0.5,0.001,2
