,L2,L2_true,N,std,jump,jump_prob,ve,dim
0,8.098869858174439,7.541241121618156,138,0.01,0.3,0.5,0.001,2
