,L2,L2_true,N,std,jump,jump_prob,ve,dim
0,4.572832130137135,3.0944386977627154,10,0.01,0.3,0.5,0.0025,3
