,L2,L2_true,N,std,jump,jump_prob,ve,dim
0,5.579225175774496,4.911691313701333,1178,0.01,0.3,0.5,0.001,2
