,L2,L2_true,N,std,jump,jump_prob,ve,dim
0,4.992923129388834,3.7029441075237393,16,0.01,0.3,0.5,0.0025,3
