,L2,L2_true,N,std,jump,jump_prob,ve,dim
0,1.2389833849923155,1.2312783779199172,100,0.05,0.3,0.5,0.001,1
