,L2,L2_true,N,std,jump,jump_prob,ve,dim
0,3.481817922746104,1.528632355483512,19,0.01,0.3,0.5,0.0025,1
