,L2,L2_true,N,std,jump,jump_prob,ve,dim
0,5.030562741597098,3.7522242145629203,16,0.01,0.3,0.5,0.0025,3
