,L2,L2_true,N,std,jump,jump_prob,ve,dim
0,1.9955839370613804,1.9961333193930255,37,0.2,0.3,0.5,0.001,1
