,L2,L2_true,N,std,jump,jump_prob,ve,dim
0,2.1673503027053744,2.168143050047889,31,0.2,0.3,0.5,0.001,1
