,L2,L2_true,N,std,jump,jump_prob,ve,dim
0,1.6894671162621004,1.7087515752385898,51,0.05,0.3,0.5,0.001,1
