,L2,L2_true,N,std,jump,jump_prob,ve,dim
0,3.3972253993537986,1.5126036962254223,43,0.01,0.3,0.5,0.0025,1
