,L2,L2_true,N,std,jump,jump_prob,ve,dim
0,10.500033314963128,9.971789597998807,193,0.01,0.3,0.5,0.0025,3
