,L2,L2_true,N,std,jump,jump_prob,ve,dim
0,5.774859613927407,4.824095064886347,117,0.01,0.3,0.5,0.0025,2
