,L2,L2_true,N,std,jump,jump_prob,ve,dim
0,3.8482342443461017,1.4868720154234107,3,0.01,0.3,0.5,0.01,2
