,L2,L2_true,N,std,jump,jump_prob,ve,dim
0,5.384725480024363,4.126606656671736,117,0.01,0.3,0.5,0.01,3
