,L2,L2_true,N,std,jump,jump_prob,ve,dim
0,9.548909276328216,8.952506331859285,138,0.01,0.3,0.5,0.0025,3
