,L2,L2_true,N,std,jump,jump_prob,ve,dim
0,11.909615677602222,11.461107012503547,316,0.01,0.3,0.5,0.0025,3
