,L2,L2_true,N,std,jump,jump_prob,ve,dim
0,8.47318162242316,7.994912622989343,268,0.01,0.3,0.5,0.001,2
