,L2,L2_true,N,std,jump,jump_prob,ve,dim
0,3.62137594575587,0.7451609232724056,1,0.01,0.3,0.5,0.01,2
