,L2,L2_true,N,std,jump,jump_prob,ve,dim
0,14.348671309870573,14.009779361325787,268,0.01,0.3,0.5,0.001,3
