,L2,L2_true,N,std,jump,jump_prob,ve,dim
0,8.61962411562669,8.081753001951183,117,0.01,0.3,0.5,0.001,2
