,L2,L2_true,N,std,jump,jump_prob,ve,dim
0,3.438909985249649,0.3927440069593603,1389,0.01,0.3,0.5,0.01,2
