,L2,L2_true,N,std,jump,jump_prob,ve,dim
0,7.816643763870829,7.203921647199448,84,0.01,0.3,0.5,0.001,2
