,L2,L2_true,N,std,jump,jump_prob,ve,dim
0,3.356637589540919,1.4337060307162188,1930,0.01,0.3,0.5,0.0025,2
