,L2,L2_true,N,std,jump,jump_prob,ve,dim
0,2.4923660874725897,2.4623215104762872,13,0.05,0.3,0.5,0.001,1
