,L2,L2_true,N,std,jump,jump_prob,ve,dim
0,0.47647921364522533,0.47651718064890625,610,0.2,0.3,0.5,0.001,1
