,L2,L2_true,N,std,jump,jump_prob,ve,dim
0,4.038758944830579,2.235220375476242,5,0.01,0.3,0.5,0.0025,2
