,L2,L2_true,N,std,jump,jump_prob,ve,dim
0,3.62891746377013,1.1947766356757858,163,0.01,0.3,0.5,0.01,2
