,L2,L2_true,N,std,jump,jump_prob,ve,dim
0,1.5535811285717487,1.5556957145478831,4,0.2,0.3,0.5,0.001,1
