,L2,L2_true,N,std,jump,jump_prob,ve,dim
0,2.75564706302124,2.7562194911653113,19,0.2,0.3,0.5,0.001,1
