,L2,L2_true,N,std,jump,jump_prob,ve,dim
0,4.820292318240153,3.3137779138331465,22,0.01,0.3,0.5,0.01,3
