,L2,L2_true,N,std,jump,jump_prob,ve,dim
0,4.536185942031233,3.325795436970169,372,0.01,0.3,0.5,0.0025,2
