,L2,L2_true,N,std,jump,jump_prob,ve,dim
0,3.047874876332927,0.3810140950136941,268,0.01,0.3,0.5,0.0025,1
