,L2,L2_true,N,std,jump,jump_prob,ve,dim
0,3.7658302333848965,1.7835812777944966,6,0.01,0.3,0.5,0.0025,1
