,L2,L2_true,N,std,jump,jump_prob,ve,dim
0,3.733654569670102,2.0568183601299626,2,0.01,0.3,0.5,0.001,3
