,L2,L2_true,N,std,jump,jump_prob,ve,dim
0,3.412782779396659,0.25839853134493523,138,0.01,0.3,0.5,0.01,1
