,L2,L2_true,N,std,jump,jump_prob,ve,dim
0,22.20074708080869,21.998718395037642,1178,0.01,0.3,0.5,0.001,3
