,L2,L2_true,N,std,jump,jump_prob,ve,dim
0,1.9188826640171224,1.918171488075971,5,0.2,0.3,0.5,0.001,1
