,L2,L2_true,N,std,jump,jump_prob,ve,dim
0,3.642073243243145,0.9538375148035779,2,0.01,0.3,0.5,0.01,1
