,L2,L2_true,N,std,jump,jump_prob,ve,dim
0,3.3390244912943583,1.399061753824236,2000,0.01,0.3,0.5,0.0025,2
