,L2,L2_true,N,std,jump,jump_prob,ve,dim
0,3.9352926379534114,2.1577047777603897,7,0.01,0.3,0.5,0.0025,1
