,L2,L2_true,N,std,jump,jump_prob,ve,dim
0,0.2270243033671434,0.2264591063510443,2275,0.2,0.3,0.5,0.001,1
