,L2,L2_true,N,std,jump,jump_prob,ve,dim
0,3.622711789626861,0.7449784068486166,1,0.01,0.3,0.5,0.01,1
