,L2,L2_true,N,std,jump,jump_prob,ve,dim
0,2.6255367856490355,0.1749081565047639,2275,0.01,0.3,0.5,0.001,1
