,L2,L2_true,N,std,jump,jump_prob,ve,dim
0,3.0306171114419573,0.21854231992589868,610,0.01,0.3,0.5,0.0025,1
