,L2,L2_true,N,std,jump,jump_prob,ve,dim
0,3.999107644840737,1.8895349790059668,8,0.01,0.3,0.5,0.01,2
