,L2,L2_true,N,std,jump,jump_prob,ve,dim
0,4.878175325453342,3.735082802734175,13,0.01,0.3,0.5,0.001,2
