,L2,L2_true,N,std,jump,jump_prob,ve,dim
0,6.003818077017016,5.121881156874705,26,0.01,0.3,0.5,0.001,3
