,L2,L2_true,N,std,jump,jump_prob,ve,dim
0,3.6233686166572245,1.3304500727263389,1,0.01,0.3,0.5,0.0025,1
