,L2,L2_true,N,std,jump,jump_prob,ve,dim
0,3.0316473970796998,0.12562311737845772,1389,0.01,0.3,0.5,0.0025,1
