,L2,L2_true,N,std,jump,jump_prob,ve,dim
0,3.617001418990889,1.329814437401684,1,0.01,0.3,0.5,0.0025,2
