,L2,L2_true,N,std,jump,jump_prob,ve,dim
0,5.333466803780048,4.327264118447791,227,0.01,0.3,0.5,0.0025,2
