,L2,L2_true,N,std,jump,jump_prob,ve,dim
0,6.445182735773125,5.50743717157318,37,0.01,0.3,0.5,0.0025,3
