,L2,L2_true,N,std,jump,jump_prob,ve,dim
0,0.23546223909826502,0.2353417038868916,2275,0.2,0.3,0.5,0.001,1
