,L2,L2_true,N,std,jump,jump_prob,ve,dim
0,7.784259169200631,7.285906373769569,439,0.01,0.3,0.5,0.001,2
