,L2,L2_true,N,std,jump,jump_prob,ve,dim
0,8.220775146016345,7.734443872547115,372,0.01,0.3,0.5,0.001,2
