,L2,L2_true,N,std,jump,jump_prob,ve,dim
0,0.4722903513859824,0.42147388763068655,610,0.05,0.3,0.5,0.001,1
