,L2,L2_true,N,std,jump,jump_prob,ve,dim
0,4.700564231496109,3.286852728759218,11,0.01,0.3,0.5,0.0025,3
