,L2,L2_true,N,std,jump,jump_prob,ve,dim
0,1.0192790425472853,1.0080409169433677,163,0.05,0.3,0.5,0.001,1
