,L2,L2_true,N,std,jump,jump_prob,ve,dim
0,0.27836589824224606,0.2782795329916272,1637,0.2,0.3,0.5,0.001,1
