,L2,L2_true,N,std,jump,jump_prob,ve,dim
0,3.047337661061078,0.17219212431623887,719,0.01,0.3,0.5,0.0025,1
