,L2,L2_true,N,std,jump,jump_prob,ve,dim
0,3.7496228359924606,1.1895525957020536,2,0.01,0.3,0.5,0.01,3
