,L2,L2_true,N,std,jump,jump_prob,ve,dim
0,3.088194634386744,0.6000439768037531,117,0.01,0.3,0.5,0.0025,1
