,L2,L2_true,N,std,jump,jump_prob,ve,dim
0,5.689830774133141,4.6672448540693425,51,0.01,0.3,0.5,0.0025,2
