,L2,L2_true,N,std,jump,jump_prob,ve,dim
0,22.08778409252082,21.882071106327988,1000,0.01,0.3,0.5,0.001,3
