,L2,L2_true,N,std,jump,jump_prob,ve,dim
0,10.025449832508466,9.466258679979884,163,0.01,0.3,0.5,0.0025,3
