,L2,L2_true,N,std,jump,jump_prob,ve,dim
0,3.6316880872825563,1.8042437818603034,1,0.01,0.3,0.5,0.001,2
