,L2,L2_true,N,std,jump,jump_prob,ve,dim
0,0.5018341608852495,0.46260559350333,517,0.05,0.3,0.5,0.001,1
