,L2,L2_true,N,std,jump,jump_prob,ve,dim
0,3.0354005689480412,0.09588399148498591,2682,0.01,0.3,0.5,0.0025,1
