,L2,L2_true,N,std,jump,jump_prob,ve,dim
0,2.5745161851712317,2.558975911879862,22,0.05,0.3,0.5,0.001,1
