,L2,L2_true,N,std,jump,jump_prob,ve,dim
0,4.014647036855069,2.257257053295802,7,0.01,0.3,0.5,0.0025,1
