,L2,L2_true,N,std,jump,jump_prob,ve,dim
0,3.6370060326161817,1.3295605679055726,1,0.01,0.3,0.5,0.0025,2
