,L2,L2_true,N,std,jump,jump_prob,ve,dim
0,3.41549435273366,0.07021714711704183,610,0.01,0.3,0.5,0.01,1
