,L2,L2_true,N,std,jump,jump_prob,ve,dim
0,5.304702685040979,4.017647143764656,193,0.01,0.3,0.5,0.01,3
