,L2,L2_true,N,std,jump,jump_prob,ve,dim
0,4.1073757470281205,2.50370783537826,10,0.01,0.3,0.5,0.0025,1
