,L2,L2_true,N,std,jump,jump_prob,ve,dim
0,3.967675429926842,1.9952871979830655,1000,0.01,0.3,0.5,0.01,3
