,L2,L2_true,N,std,jump,jump_prob,ve,dim
0,3.428931418286546,0.3492870138707921,117,0.01,0.3,0.5,0.01,1
