,L2,L2_true,N,std,jump,jump_prob,ve,dim
0,0.46328457339776136,0.46331675859683,719,0.2,0.3,0.5,0.001,1
