,L2,L2_true,N,std,jump,jump_prob,ve,dim
0,3.6174712267844606,1.3281096947940354,1,0.01,0.3,0.5,0.0025,1
