,L2,L2_true,N,std,jump,jump_prob,ve,dim
0,3.4374491946673373,0.2048990986524386,193,0.01,0.3,0.5,0.01,1
