,L2,L2_true,N,std,jump,jump_prob,ve,dim
0,22.21382576077426,22.0127618053505,1000,0.01,0.3,0.5,0.001,3
