,L2,L2_true,N,std,jump,jump_prob,ve,dim
0,3.989460056487011,2.134420843926385,4,0.01,0.3,0.5,0.0025,2
