,L2,L2_true,N,std,jump,jump_prob,ve,dim
0,2.373403159574503,2.3048640172220836,8,0.05,0.3,0.5,0.001,1
