,L2,L2_true,N,std,jump,jump_prob,ve,dim
0,3.888892416545121,1.6193175667917177,4,0.01,0.3,0.5,0.01,3
