,L2,L2_true,N,std,jump,jump_prob,ve,dim
0,5.561622368509298,4.6030294392480595,22,0.01,0.3,0.5,0.001,3
