,L2,L2_true,N,std,jump,jump_prob,ve,dim
0,3.6044205914317575,1.1042433277937775,227,0.01,0.3,0.5,0.01,2
