,L2,L2_true,N,std,jump,jump_prob,ve,dim
0,2.510890014329079,2.510090720672095,26,0.2,0.3,0.5,0.001,1
