,L2,L2_true,N,std,jump,jump_prob,ve,dim
0,3.053256125094249,0.35998637336969014,193,0.01,0.3,0.5,0.0025,1
