,L2,L2_true,N,std,jump,jump_prob,ve,dim
0,3.4102406618131997,0.041296022472489397,3162,0.01,0.3,0.5,0.01,1
