,L2,L2_true,N,std,jump,jump_prob,ve,dim
0,1.018318853039713,0.9804744161081074,138,0.05,0.3,0.5,0.001,1
