,L2,L2_true,N,std,jump,jump_prob,ve,dim
0,20.551930273281382,20.32790252189004,719,0.01,0.3,0.5,0.001,3
