,L2,L2_true,N,std,jump,jump_prob,ve,dim
0,3.39409776856968,1.5100987897661582,1637,0.01,0.3,0.5,0.0025,2
