,L2,L2_true,N,std,jump,jump_prob,ve,dim
0,4.907748390478801,3.7745122863375373,13,0.01,0.3,0.5,0.001,3
