,L2,L2_true,N,std,jump,jump_prob,ve,dim
0,6.041941076260524,5.421299124176653,1000,0.01,0.3,0.5,0.001,2
