,L2,L2_true,N,std,jump,jump_prob,ve,dim
0,4.136091772916237,2.2006640919642884,11,0.01,0.3,0.5,0.01,2
