,L2,L2_true,N,std,jump,jump_prob,ve,dim
0,2.518091374292601,2.4322885693907983,8,0.05,0.3,0.5,0.001,1
