,L2,L2_true,N,std,jump,jump_prob,ve,dim
0,3.757600751736338,2.079635496007873,4,0.01,0.3,0.5,0.001,1
