,L2,L2_true,N,std,jump,jump_prob,ve,dim
0,2.329306483087778,2.3392732416589297,26,0.05,0.3,0.5,0.001,1
