,L2,L2_true,N,std,jump,jump_prob,ve,dim
0,3.8440453631781537,1.5195022664976467,4,0.01,0.3,0.5,0.01,1
