,L2,L2_true,N,std,jump,jump_prob,ve,dim
0,2.3793559990587756,2.3790098084599514,43,0.2,0.3,0.5,0.001,1
