,L2,L2_true,N,std,jump,jump_prob,ve,dim
0,4.27522742789958,2.539348590452926,610,0.01,0.3,0.5,0.01,3
