,L2,L2_true,N,std,jump,jump_prob,ve,dim
0,11.708118634439906,11.243368452799926,268,0.01,0.3,0.5,0.0025,3
