,L2,L2_true,N,std,jump,jump_prob,ve,dim
0,2.2173281960092646,2.215609026214566,6,0.2,0.3,0.5,0.001,1
