,L2,L2_true,N,std,jump,jump_prob,ve,dim
0,3.7308770682883954,2.4270686971733513,37,0.01,0.3,0.5,0.001,1
