,L2,L2_true,N,std,jump,jump_prob,ve,dim
0,0.8560580147133116,0.8563119687590782,227,0.2,0.3,0.5,0.001,1
