,L2,L2_true,N,std,jump,jump_prob,ve,dim
0,2.553186539442897,2.5526525216378104,11,0.2,0.3,0.5,0.001,1
