,L2,L2_true,N,std,jump,jump_prob,ve,dim
0,4.215516615269784,2.3466658065310018,22,0.01,0.3,0.5,0.01,2
