,L2,L2_true,N,std,jump,jump_prob,ve,dim
0,5.473323586462448,4.227129535443631,117,0.01,0.3,0.5,0.01,3
