,L2,L2_true,N,std,jump,jump_prob,ve,dim
0,4.875251087355999,3.533291443990148,13,0.01,0.3,0.5,0.0025,3
