,L2,L2_true,N,std,jump,jump_prob,ve,dim
0,3.4255142360685227,0.3969539491290764,37,0.01,0.3,0.5,0.01,1
