,L2,L2_true,N,std,jump,jump_prob,ve,dim
0,4.125750983121937,2.1955016350262384,22,0.01,0.3,0.5,0.01,2
