,L2,L2_true,N,std,jump,jump_prob,ve,dim
0,4.814343534628508,3.4745323082408412,16,0.01,0.3,0.5,0.0025,2
