,L2,L2_true,N,std,jump,jump_prob,ve,dim
0,1.9194795662733575,1.9121811831789286,43,0.05,0.3,0.5,0.001,1
