,L2,L2_true,N,std,jump,jump_prob,ve,dim
0,4.178913876057485,2.2648420652147516,19,0.01,0.3,0.5,0.01,2
