,L2,L2_true,N,std,jump,jump_prob,ve,dim
0,11.299154872484447,10.867682737081827,138,0.01,0.3,0.5,0.001,3
