,L2,L2_true,N,std,jump,jump_prob,ve,dim
0,3.816257547924317,1.702862056593273,1389,0.01,0.3,0.5,0.01,3
