,L2,L2_true,N,std,jump,jump_prob,ve,dim
0,4.3961872352935565,2.75531964977791,517,0.01,0.3,0.5,0.01,3
