,L2,L2_true,N,std,jump,jump_prob,ve,dim
0,3.421238137238359,0.22664989474893305,117,0.01,0.3,0.5,0.01,1
