,L2,L2_true,N,std,jump,jump_prob,ve,dim
0,3.599353590032604,1.1149735612337384,193,0.01,0.3,0.5,0.01,2
