,L2,L2_true,N,std,jump,jump_prob,ve,dim
0,2.0613806039676805,2.0623714053291495,6,0.2,0.3,0.5,0.001,1
