,L2,L2_true,N,std,jump,jump_prob,ve,dim
0,3.6084932498023328,0.7449018683647205,1,0.01,0.3,0.5,0.01,1
