,L2,L2_true,N,std,jump,jump_prob,ve,dim
0,4.145543770420754,2.4205639007815027,7,0.01,0.3,0.5,0.0025,2
