,L2,L2_true,N,std,jump,jump_prob,ve,dim
0,3.6945965689397195,1.1918661426766526,5,0.01,0.3,0.5,0.01,1
