,L2,L2_true,N,std,jump,jump_prob,ve,dim
0,2.698144486800644,2.672166274409869,26,0.05,0.3,0.5,0.001,1
