,L2,L2_true,N,std,jump,jump_prob,ve,dim
0,3.6731171786886785,2.0670334558064707,1000,0.01,0.3,0.5,0.0025,2
