,L2,L2_true,N,std,jump,jump_prob,ve,dim
0,4.864238155354571,3.7236693040886584,13,0.01,0.3,0.5,0.001,3
