,L2,L2_true,N,std,jump,jump_prob,ve,dim
0,2.0042568484706074,2.0043266760964333,5,0.2,0.3,0.5,0.001,1
