,L2,L2_true,N,std,jump,jump_prob,ve,dim
0,3.8754273879801646,2.3386080500801145,10,0.01,0.3,0.5,0.001,1
