,L2,L2_true,N,std,jump,jump_prob,ve,dim
0,3.4473385192389294,0.473675261019845,1000,0.01,0.3,0.5,0.01,2
