,L2,L2_true,N,std,jump,jump_prob,ve,dim
0,3.6562189254919994,1.682578691077665,11,0.01,0.3,0.5,0.0025,1
