,L2,L2_true,N,std,jump,jump_prob,ve,dim
0,5.4731339693987735,4.332009579903895,22,0.01,0.3,0.5,0.0025,3
