,L2,L2_true,N,std,jump,jump_prob,ve,dim
0,7.943989745744188,7.207991285002344,71,0.01,0.3,0.5,0.0025,3
