,L2,L2_true,N,std,jump,jump_prob,ve,dim
0,4.534616824247459,2.9486091110592425,439,0.01,0.3,0.5,0.01,3
