,L2,L2_true,N,std,jump,jump_prob,ve,dim
0,5.60994927277455,4.3938308076436705,71,0.01,0.3,0.5,0.01,3
