,L2,L2_true,N,std,jump,jump_prob,ve,dim
0,3.4519615867885514,0.514734712318205,719,0.01,0.3,0.5,0.01,2
