,L2,L2_true,N,std,jump,jump_prob,ve,dim
0,4.7541236097104305,3.644128061526781,372,0.01,0.3,0.5,0.0025,2
