,L2,L2_true,N,std,jump,jump_prob,ve,dim
0,2.0759686154491463,2.0251026080712715,11,0.05,0.3,0.5,0.001,1
