,L2,L2_true,N,std,jump,jump_prob,ve,dim
0,1.9269641250647247,1.9276255211161952,6,0.2,0.3,0.5,0.001,1
