,L2,L2_true,N,std,jump,jump_prob,ve,dim
0,4.755340711766948,3.183951568048865,16,0.01,0.3,0.5,0.01,3
