,L2,L2_true,N,std,jump,jump_prob,ve,dim
0,4.56869046113163,3.107106214067026,10,0.01,0.3,0.5,0.0025,3
