,L2,L2_true,N,std,jump,jump_prob,ve,dim
0,4.100713375306219,2.6574242725509403,6,0.01,0.3,0.5,0.001,1
