,L2,L2_true,N,std,jump,jump_prob,ve,dim
0,4.715998665955287,3.512213879486098,11,0.01,0.3,0.5,0.001,3
