,L2,L2_true,N,std,jump,jump_prob,ve,dim
0,3.6172075880999297,1.8033773073530464,1,0.01,0.3,0.5,0.001,1
