,L2,L2_true,N,std,jump,jump_prob,ve,dim
0,4.870286158276908,3.450298435391282,316,0.01,0.3,0.5,0.01,3
