,L2,L2_true,N,std,jump,jump_prob,ve,dim
0,11.890373235931191,11.4814509142951,163,0.01,0.3,0.5,0.001,3
