,L2,L2_true,N,std,jump,jump_prob,ve,dim
0,3.674714381189033,1.6809068002943173,8,0.01,0.3,0.5,0.0025,1
