,L2,L2_true,N,std,jump,jump_prob,ve,dim
0,8.171453590201361,7.638676584438697,227,0.01,0.3,0.5,0.001,2
