,L2,L2_true,N,std,jump,jump_prob,ve,dim
0,5.3089612777380495,3.986732475832702,43,0.01,0.3,0.5,0.01,3
