,L2,L2_true,N,std,jump,jump_prob,ve,dim
0,3.448915466595315,0.38814836691914195,31,0.01,0.3,0.5,0.01,1
