,L2,L2_true,N,std,jump,jump_prob,ve,dim
0,4.133333552333397,2.1562085098295567,7,0.01,0.3,0.5,0.01,3
