,L2,L2_true,N,std,jump,jump_prob,ve,dim
0,8.56952053111133,8.0721835620774,268,0.01,0.3,0.5,0.001,2
