,L2,L2_true,N,std,jump,jump_prob,ve,dim
0,8.397976788804579,7.888303274777591,193,0.01,0.3,0.5,0.001,2
