,L2,L2_true,N,std,jump,jump_prob,ve,dim
0,6.408015514168528,5.463791422162327,37,0.01,0.3,0.5,0.0025,3
