,L2,L2_true,N,std,jump,jump_prob,ve,dim
0,8.642798950431034,8.106607991905339,117,0.01,0.3,0.5,0.001,2
