,L2,L2_true,N,std,jump,jump_prob,ve,dim
0,5.421602505873936,4.139901498947537,61,0.01,0.3,0.5,0.01,3
