,L2,L2_true,N,std,jump,jump_prob,ve,dim
0,0.82707690502906,0.7961439998214778,227,0.05,0.3,0.5,0.001,1
