,L2,L2_true,N,std,jump,jump_prob,ve,dim
0,3.410487136350308,0.1060786384442562,848,0.01,0.3,0.5,0.01,1
