,L2,L2_true,N,std,jump,jump_prob,ve,dim
0,3.135429739840148,0.802826028864877,84,0.01,0.3,0.5,0.0025,1
