,L2,L2_true,N,std,jump,jump_prob,ve,dim
0,12.467347005355261,12.074258693959482,1000,0.01,0.3,0.5,0.0025,3
