,L2,L2_true,N,std,jump,jump_prob,ve,dim
0,3.3015970634066405,1.2890083514953021,2275,0.01,0.3,0.5,0.0025,2
