,L2,L2_true,N,std,jump,jump_prob,ve,dim
0,5.356318888959207,4.165045742326961,22,0.01,0.3,0.5,0.0025,3
