,L2,L2_true,N,std,jump,jump_prob,ve,dim
0,3.5112920516135326,1.6892203179577452,22,0.01,0.3,0.5,0.0025,1
