,L2,L2_true,N,std,jump,jump_prob,ve,dim
0,3.0389056208195986,0.2074158943147486,719,0.01,0.3,0.5,0.0025,1
