,L2,L2_true,N,std,jump,jump_prob,ve,dim
0,12.515928671506936,12.088213770273493,517,0.01,0.3,0.5,0.0025,3
