,L2,L2_true,N,std,jump,jump_prob,ve,dim
0,3.7193101632926564,2.624983208697306,51,0.01,0.3,0.5,0.001,1
