,L2,L2_true,N,std,jump,jump_prob,ve,dim
0,2.7466586768508017,2.6911320903825637,11,0.05,0.3,0.5,0.001,1
