,L2,L2_true,N,std,jump,jump_prob,ve,dim
0,12.04886149900421,11.644327728916966,163,0.01,0.3,0.5,0.001,3
