,L2,L2_true,N,std,jump,jump_prob,ve,dim
0,3.474810690991634,0.6029066487490305,22,0.01,0.3,0.5,0.01,1
