,L2,L2_true,N,std,jump,jump_prob,ve,dim
0,3.5722574767673416,1.0492936117391376,193,0.01,0.3,0.5,0.01,2
