,L2,L2_true,N,std,jump,jump_prob,ve,dim
0,3.5585329554629963,0.7199959591958022,8,0.01,0.3,0.5,0.01,1
