,L2,L2_true,N,std,jump,jump_prob,ve,dim
0,3.6158270166560067,1.3297736814058132,1,0.01,0.3,0.5,0.0025,2
