,L2,L2_true,N,std,jump,jump_prob,ve,dim
0,4.23994092557446,2.395980629671616,19,0.01,0.3,0.5,0.01,2
