,L2,L2_true,N,std,jump,jump_prob,ve,dim
0,3.1851468463294497,0.9185426901011247,61,0.01,0.3,0.5,0.0025,1
