,L2,L2_true,N,std,jump,jump_prob,ve,dim
0,2.6146940177124276,0.15898885186369116,2682,0.01,0.3,0.5,0.001,1
