,L2,L2_true,N,std,jump,jump_prob,ve,dim
0,3.719136702303627,1.8799143985462021,16,0.01,0.3,0.5,0.0025,1
