,L2,L2_true,N,std,jump,jump_prob,ve,dim
0,11.620501779013507,11.149094734391468,268,0.01,0.3,0.5,0.0025,3
