,L2,L2_true,N,std,jump,jump_prob,ve,dim
0,5.296321847102598,4.027006978177514,138,0.01,0.3,0.5,0.01,3
