,L2,L2_true,N,std,jump,jump_prob,ve,dim
0,7.843062940721834,7.232738238940905,100,0.01,0.3,0.5,0.001,2
