,L2,L2_true,N,std,jump,jump_prob,ve,dim
0,5.416715310914409,4.41352934991617,22,0.01,0.3,0.5,0.001,2
