,L2,L2_true,N,std,jump,jump_prob,ve,dim
0,3.620197454754229,0.7448040845090483,1,0.01,0.3,0.5,0.01,2
