,L2,L2_true,N,std,jump,jump_prob,ve,dim
0,3.4295473605228466,0.2645240539468093,3000,0.01,0.3,0.5,0.01,2
