,L2,L2_true,N,std,jump,jump_prob,ve,dim
0,5.290343452218218,3.9608762375196087,37,0.01,0.3,0.5,0.01,3
