,L2,L2_true,N,std,jump,jump_prob,ve,dim
0,4.425246647853478,2.6816935104270407,11,0.01,0.3,0.5,0.01,3
