,L2,L2_true,N,std,jump,jump_prob,ve,dim
0,3.5451879807547884,1.610206349695333,13,0.01,0.3,0.5,0.0025,1
