,L2,L2_true,N,std,jump,jump_prob,ve,dim
0,4.096163732859264,2.085896853939607,7,0.01,0.3,0.5,0.01,3
