,L2,L2_true,N,std,jump,jump_prob,ve,dim
0,3.390304720790385,1.4549032955460268,31,0.01,0.3,0.5,0.0025,1
