,L2,L2_true,N,std,jump,jump_prob,ve,dim
0,0.9807486554589309,0.975898262477945,138,0.05,0.3,0.5,0.001,1
