,L2,L2_true,N,std,jump,jump_prob,ve,dim
0,5.093145076465265,4.053655963265002,268,0.01,0.3,0.5,0.0025,2
