,L2,L2_true,N,std,jump,jump_prob,ve,dim
0,3.831883902258726,1.6977028566592078,84,0.01,0.3,0.5,0.01,2
