,L2,L2_true,N,std,jump,jump_prob,ve,dim
0,14.255625348134894,13.924015675435504,268,0.01,0.3,0.5,0.001,3
