,L2,L2_true,N,std,jump,jump_prob,ve,dim
0,4.541100073760167,2.8708794817053302,13,0.01,0.3,0.5,0.01,3
