,L2,L2_true,N,std,jump,jump_prob,ve,dim
0,3.8063905082623064,1.4222469326427898,3,0.01,0.3,0.5,0.01,3
