,L2,L2_true,N,std,jump,jump_prob,ve,dim
0,5.6817725873013964,4.472851463727236,71,0.01,0.3,0.5,0.01,3
