,L2,L2_true,N,std,jump,jump_prob,ve,dim
0,3.4644513487097055,0.5587056778075595,719,0.01,0.3,0.5,0.01,2
