,L2,L2_true,N,std,jump,jump_prob,ve,dim
0,6.109787602894032,5.511362422407781,1000,0.01,0.3,0.5,0.001,2
