,L2,L2_true,N,std,jump,jump_prob,ve,dim
0,1.4882099496938168,1.3445067266366917,2,0.05,0.3,0.5,0.001,1
