,L2,L2_true,N,std,jump,jump_prob,ve,dim
0,0.21359668091852232,0.21348464233276093,3162,0.2,0.3,0.5,0.001,1
