,L2,L2_true,N,std,jump,jump_prob,ve,dim
0,1.8837122743941581,1.8827636487617272,51,0.2,0.3,0.5,0.001,1
