,L2,L2_true,N,std,jump,jump_prob,ve,dim
0,4.88047904769988,3.5519694037802108,16,0.01,0.3,0.5,0.0025,2
