,L2,L2_true,N,std,jump,jump_prob,ve,dim
0,3.559852603650844,1.667218437734617,19,0.01,0.3,0.5,0.0025,1
