,L2,L2_true,N,std,jump,jump_prob,ve,dim
0,5.46408396939782,4.497104302360157,22,0.01,0.3,0.5,0.001,2
