,L2,L2_true,N,std,jump,jump_prob,ve,dim
0,19.01717355331925,18.769827361157862,610,0.01,0.3,0.5,0.001,3
