,L2,L2_true,N,std,jump,jump_prob,ve,dim
0,3.651862344909851,1.4612177875263612,2,0.01,0.3,0.5,0.0025,1
