,L2,L2_true,N,std,jump,jump_prob,ve,dim
0,3.0347418950199403,0.12016292035441481,2275,0.01,0.3,0.5,0.0025,1
