,L2,L2_true,N,std,jump,jump_prob,ve,dim
0,3.9686883731293174,2.4358521449987287,4,0.01,0.3,0.5,0.001,3
