,L2,L2_true,N,std,jump,jump_prob,ve,dim
0,3.637721139395904,1.6650483356479402,16,0.01,0.3,0.5,0.0025,1
