,L2,L2_true,N,std,jump,jump_prob,ve,dim
0,3.460512818051757,0.5102564503279323,37,0.01,0.3,0.5,0.01,1
