,L2,L2_true,N,std,jump,jump_prob,ve,dim
0,4.089911445586485,2.1785435888884157,37,0.01,0.3,0.5,0.01,2
