,L2,L2_true,N,std,jump,jump_prob,ve,dim
0,3.6279717546216688,1.8042126020084726,1,0.01,0.3,0.5,0.001,2
