,L2,L2_true,N,std,jump,jump_prob,ve,dim
0,5.251232584099116,4.538084456129375,1389,0.01,0.3,0.5,0.001,2
