,L2,L2_true,N,std,jump,jump_prob,ve,dim
0,3.4206579096792007,0.03672985154089416,3162,0.01,0.3,0.5,0.01,1
