,L2,L2_true,N,std,jump,jump_prob,ve,dim
0,3.752014172531724,1.4195012722239684,8,0.01,0.3,0.5,0.01,1
