,L2,L2_true,N,std,jump,jump_prob,ve,dim
0,5.402208406509754,4.235239204359542,22,0.01,0.3,0.5,0.0025,3
