,L2,L2_true,N,std,jump,jump_prob,ve,dim
0,3.900188042202884,1.8734505448690406,1178,0.01,0.3,0.5,0.01,3
