,L2,L2_true,N,std,jump,jump_prob,ve,dim
0,6.18373143847283,5.199357496436706,26,0.01,0.3,0.5,0.0025,2
