,L2,L2_true,N,std,jump,jump_prob,ve,dim
0,4.667945389789573,3.5263608064100502,372,0.01,0.3,0.5,0.0025,2
