,L2,L2_true,N,std,jump,jump_prob,ve,dim
0,3.628953429559426,0.7444948955139633,1,0.01,0.3,0.5,0.01,1
