,L2,L2_true,N,std,jump,jump_prob,ve,dim
0,3.8748752400365487,2.6336526859379825,19,0.01,0.3,0.5,0.001,1
