,L2,L2_true,N,std,jump,jump_prob,ve,dim
0,7.859257477434712,7.254112375421561,84,0.01,0.3,0.5,0.001,2
