,L2,L2_true,N,std,jump,jump_prob,ve,dim
0,0.29802096211803547,0.2973354520626085,1389,0.2,0.3,0.5,0.001,1
