,L2,L2_true,N,std,jump,jump_prob,ve,dim
0,3.9030454576152454,1.872268048207496,71,0.01,0.3,0.5,0.01,2
