,L2,L2_true,N,std,jump,jump_prob,ve,dim
0,8.156275018585877,7.531410601529514,61,0.01,0.3,0.5,0.001,3
