,L2,L2_true,N,std,jump,jump_prob,ve,dim
0,2.652963588751405,0.48922711840226324,372,0.01,0.3,0.5,0.001,1
