,L2,L2_true,N,std,jump,jump_prob,ve,dim
0,4.585100403303301,3.7488323556053267,1930,0.01,0.3,0.5,0.001,2
