,L2,L2_true,N,std,jump,jump_prob,ve,dim
0,3.6773866229921857,1.1397334552638818,7,0.01,0.3,0.5,0.01,1
