,L2,L2_true,N,std,jump,jump_prob,ve,dim
0,4.165597301173024,2.2146961331122745,8,0.01,0.3,0.5,0.01,3
