,L2,L2_true,N,std,jump,jump_prob,ve,dim
0,5.9574906461694965,5.052911694451474,117,0.01,0.3,0.5,0.0025,2
