,L2,L2_true,N,std,jump,jump_prob,ve,dim
0,4.3156901994272365,2.971933963150529,7,0.01,0.3,0.5,0.001,3
