,L2,L2_true,N,std,jump,jump_prob,ve,dim
0,5.1511296303956335,4.122772978900721,268,0.01,0.3,0.5,0.0025,2
