,L2,L2_true,N,std,jump,jump_prob,ve,dim
0,3.412740472677571,0.11877899434506131,517,0.01,0.3,0.5,0.01,1
