,L2,L2_true,N,std,jump,jump_prob,ve,dim
0,0.2870036057961958,0.19565054699001352,3162,0.05,0.3,0.5,0.001,1
