,L2,L2_true,N,std,jump,jump_prob,ve,dim
0,1.7957129922729138,1.7959782342971726,61,0.2,0.3,0.5,0.001,1
