,L2,L2_true,N,std,jump,jump_prob,ve,dim
0,3.6219730835037955,0.8142559695217101,2,0.01,0.3,0.5,0.01,2
