,L2,L2_true,N,std,jump,jump_prob,ve,dim
0,5.3695161177850625,4.059175933542964,43,0.01,0.3,0.5,0.01,3
