,L2,L2_true,N,std,jump,jump_prob,ve,dim
0,10.985236092254699,10.489240729979121,227,0.01,0.3,0.5,0.0025,3
