,L2,L2_true,N,std,jump,jump_prob,ve,dim
0,2.1124277854146545,2.031378088626242,7,0.05,0.3,0.5,0.001,1
