,L2,L2_true,N,std,jump,jump_prob,ve,dim
0,2.771748233004586,2.764176391498911,19,0.05,0.3,0.5,0.001,1
