,L2,L2_true,N,std,jump,jump_prob,ve,dim
0,3.706465731480521,1.4228541087172868,2000,0.01,0.3,0.5,0.01,3
