,L2,L2_true,N,std,jump,jump_prob,ve,dim
0,3.8359211838974288,2.183913089817278,3,0.01,0.3,0.5,0.001,2
