,L2,L2_true,N,std,jump,jump_prob,ve,dim
0,5.990300628749822,5.364558615056386,1000,0.01,0.3,0.5,0.001,2
