,L2,L2_true,N,std,jump,jump_prob,ve,dim
0,6.110775110183689,5.499541235111783,1000,0.01,0.3,0.5,0.001,2
