,L2,L2_true,N,std,jump,jump_prob,ve,dim
0,3.621178780059294,1.2075964682447964,193,0.01,0.3,0.5,0.01,2
