,L2,L2_true,N,std,jump,jump_prob,ve,dim
0,0.4176163295950139,0.3262984572392939,1000,0.05,0.3,0.5,0.001,1
