,L2,L2_true,N,std,jump,jump_prob,ve,dim
0,4.240863477475527,2.4241928369989894,26,0.01,0.3,0.5,0.01,2
