,L2,L2_true,N,std,jump,jump_prob,ve,dim
0,0.43298563547776403,0.3829822248373893,848,0.05,0.3,0.5,0.001,1
