,L2,L2_true,N,std,jump,jump_prob,ve,dim
0,1.8864076897084106,1.7706765701487845,4,0.05,0.3,0.5,0.001,1
