,L2,L2_true,N,std,jump,jump_prob,ve,dim
0,8.223195737810517,7.751895997300481,439,0.01,0.3,0.5,0.001,2
