,L2,L2_true,N,std,jump,jump_prob,ve,dim
0,4.280654780627941,2.911960333052264,7,0.01,0.3,0.5,0.001,3
