,L2,L2_true,N,std,jump,jump_prob,ve,dim
0,3.9773861943895654,2.0325457659156574,1000,0.01,0.3,0.5,0.01,3
