,L2,L2_true,N,std,jump,jump_prob,ve,dim
0,4.321652370028702,2.973912484076401,8,0.01,0.3,0.5,0.001,2
