,L2,L2_true,N,std,jump,jump_prob,ve,dim
0,4.6335754098126065,3.414694458189592,11,0.01,0.3,0.5,0.001,2
