,L2,L2_true,N,std,jump,jump_prob,ve,dim
0,5.512858170286727,4.279538639583387,100,0.01,0.3,0.5,0.01,3
