,L2,L2_true,N,std,jump,jump_prob,ve,dim
0,3.5557127801028146,0.9500484749157999,268,0.01,0.3,0.5,0.01,2
