,L2,L2_true,N,std,jump,jump_prob,ve,dim
0,3.7687690349559655,1.5394366508149848,100,0.01,0.3,0.5,0.01,2
