,L2,L2_true,N,std,jump,jump_prob,ve,dim
0,3.5625339198669654,1.0304640107790835,227,0.01,0.3,0.5,0.01,2
