,L2,L2_true,N,std,jump,jump_prob,ve,dim
0,3.6510381365488684,1.8786896789567884,2,0.01,0.3,0.5,0.001,1
