,L2,L2_true,N,std,jump,jump_prob,ve,dim
0,2.0614713545941563,2.045609066577025,13,0.05,0.3,0.5,0.001,1
