,L2,L2_true,N,std,jump,jump_prob,ve,dim
0,0.3561479426019255,0.24920414562809043,1930,0.05,0.3,0.5,0.001,1
