,L2,L2_true,N,std,jump,jump_prob,ve,dim
0,23.898609245817223,23.72371583715701,2000,0.01,0.3,0.5,0.001,3
