,L2,L2_true,N,std,jump,jump_prob,ve,dim
0,4.923022826734769,3.6000705003972917,16,0.01,0.3,0.5,0.0025,2
