,L2,L2_true,N,std,jump,jump_prob,ve,dim
0,16.06719938362627,15.766728542140584,372,0.01,0.3,0.5,0.001,3
