,L2,L2_true,N,std,jump,jump_prob,ve,dim
0,3.4265016977439418,0.2512346750313718,117,0.01,0.3,0.5,0.01,1
