,L2,L2_true,N,std,jump,jump_prob,ve,dim
0,0.3072094447681922,0.2075522125117623,2682,0.05,0.3,0.5,0.001,1
