,L2,L2_true,N,std,jump,jump_prob,ve,dim
0,3.353641226024331,1.4197986112535201,1930,0.01,0.3,0.5,0.0025,2
