,L2,L2_true,N,std,jump,jump_prob,ve,dim
0,15.457677462697129,15.158148897102185,316,0.01,0.3,0.5,0.001,3
