,L2,L2_true,N,std,jump,jump_prob,ve,dim
0,2.73147872729224,2.722241507264663,19,0.05,0.3,0.5,0.001,1
