,L2,L2_true,N,std,jump,jump_prob,ve,dim
0,5.720792616464919,4.62304983571274,26,0.01,0.3,0.5,0.0025,3
