,L2,L2_true,N,std,jump,jump_prob,ve,dim
0,4.063178910302689,2.6784706702584296,610,0.01,0.3,0.5,0.0025,2
