,L2,L2_true,N,std,jump,jump_prob,ve,dim
0,4.816847565916425,3.4686910697577993,16,0.01,0.3,0.5,0.0025,2
