,L2,L2_true,N,std,jump,jump_prob,ve,dim
0,3.6194505869669134,0.7446632502956375,1,0.01,0.3,0.5,0.01,2
