,L2,L2_true,N,std,jump,jump_prob,ve,dim
0,4.551230939615751,3.297593632105109,10,0.01,0.3,0.5,0.001,2
