,L2,L2_true,N,std,jump,jump_prob,ve,dim
0,1.3750999153467136,1.3740924036772078,3,0.2,0.3,0.5,0.001,1
