,L2,L2_true,N,std,jump,jump_prob,ve,dim
0,2.3592948550772785,2.359158053017119,16,0.2,0.3,0.5,0.001,1
