,L2,L2_true,N,std,jump,jump_prob,ve,dim
0,4.060390065454711,2.6855069127502067,610,0.01,0.3,0.5,0.0025,2
