,L2,L2_true,N,std,jump,jump_prob,ve,dim
0,3.671001891190573,1.208783686199182,5,0.01,0.3,0.5,0.01,1
