,L2,L2_true,N,std,jump,jump_prob,ve,dim
0,3.7408166645510157,2.1873534244483466,848,0.01,0.3,0.5,0.0025,2
