,L2,L2_true,N,std,jump,jump_prob,ve,dim
0,0.2526152904080649,0.2514393660038984,2275,0.2,0.3,0.5,0.001,1
