,L2,L2_true,N,std,jump,jump_prob,ve,dim
0,4.530137256259448,2.977914768736701,439,0.01,0.3,0.5,0.01,3
