,L2,L2_true,N,std,jump,jump_prob,ve,dim
0,4.310428906393242,2.961011710809278,8,0.01,0.3,0.5,0.001,2
