,L2,L2_true,N,std,jump,jump_prob,ve,dim
0,2.4164464148437004,2.415410347142811,11,0.2,0.3,0.5,0.001,1
