,L2,L2_true,N,std,jump,jump_prob,ve,dim
0,1.9779692312865231,1.9772924080784013,10,0.2,0.3,0.5,0.001,1
