,L2,L2_true,N,std,jump,jump_prob,ve,dim
0,3.63010223792633,1.3306558980677263,1,0.01,0.3,0.5,0.0025,3
