,L2,L2_true,N,std,jump,jump_prob,ve,dim
0,3.4865896341409535,1.7093897321986125,1389,0.01,0.3,0.5,0.0025,2
