,L2,L2_true,N,std,jump,jump_prob,ve,dim
0,2.4105255693646708,2.3259164181179885,6,0.05,0.3,0.5,0.001,1
