,L2,L2_true,N,std,jump,jump_prob,ve,dim
0,7.010424609714908,6.271362015696069,43,0.01,0.3,0.5,0.001,3
