,L2,L2_true,N,std,jump,jump_prob,ve,dim
0,2.890957732406529,1.3304178381531062,138,0.01,0.3,0.5,0.001,1
