,L2,L2_true,N,std,jump,jump_prob,ve,dim
0,3.6387575120982047,1.8499771273259358,2,0.01,0.3,0.5,0.001,1
