,L2,L2_true,N,std,jump,jump_prob,ve,dim
0,22.987022404320754,22.8029185535174,1389,0.01,0.3,0.5,0.001,3
