,L2,L2_true,N,std,jump,jump_prob,ve,dim
0,4.154035314221797,2.4256870128748202,6,0.01,0.3,0.5,0.0025,2
