,L2,L2_true,N,std,jump,jump_prob,ve,dim
0,3.8200056116912586,2.186424104836558,3,0.01,0.3,0.5,0.001,3
