,L2,L2_true,N,std,jump,jump_prob,ve,dim
0,4.621108158901541,3.3990157668105527,10,0.01,0.3,0.5,0.001,2
