,L2,L2_true,N,std,jump,jump_prob,ve,dim
0,0.35516839592226973,0.2544514064519948,1637,0.05,0.3,0.5,0.001,1
