,L2,L2_true,N,std,jump,jump_prob,ve,dim
0,0.22737183181079818,0.2271496807438965,2682,0.2,0.3,0.5,0.001,1
