,L2,L2_true,N,std,jump,jump_prob,ve,dim
0,5.063926874567228,4.0085086019982334,268,0.01,0.3,0.5,0.0025,2
