,L2,L2_true,N,std,jump,jump_prob,ve,dim
0,12.740895418382811,12.340501223637219,1000,0.01,0.3,0.5,0.0025,3
