,L2,L2_true,N,std,jump,jump_prob,ve,dim
0,5.17843723283339,4.12796395184265,227,0.01,0.3,0.5,0.0025,2
