,L2,L2_true,N,std,jump,jump_prob,ve,dim
0,3.5558232373916567,0.954189391955183,10,0.01,0.3,0.5,0.01,1
