,L2,L2_true,N,std,jump,jump_prob,ve,dim
0,5.069114270833633,3.800814794075971,22,0.01,0.3,0.5,0.0025,2
