,L2,L2_true,N,std,jump,jump_prob,ve,dim
0,0.29103577554872107,0.291528441836446,1389,0.2,0.3,0.5,0.001,1
