,L2,L2_true,N,std,jump,jump_prob,ve,dim
0,3.930847092573954,1.9145826972362305,61,0.01,0.3,0.5,0.01,2
