,L2,L2_true,N,std,jump,jump_prob,ve,dim
0,1.6961020929988773,1.6964402043640665,61,0.2,0.3,0.5,0.001,1
