,L2,L2_true,N,std,jump,jump_prob,ve,dim
0,5.81137983353472,4.790391599720426,43,0.01,0.3,0.5,0.0025,2
