,L2,L2_true,N,std,jump,jump_prob,ve,dim
0,3.013090046049795,1.4124417396647777,43,0.01,0.3,0.5,0.001,1
