,L2,L2_true,N,std,jump,jump_prob,ve,dim
0,3.7113072309126576,1.4440286577928294,1930,0.01,0.3,0.5,0.01,3
