,L2,L2_true,N,std,jump,jump_prob,ve,dim
0,2.08183435055081,1.9888383298196035,5,0.05,0.3,0.5,0.001,1
