,L2,L2_true,N,std,jump,jump_prob,ve,dim
0,4.719493801297665,3.1449054338554054,16,0.01,0.3,0.5,0.01,3
