,L2,L2_true,N,std,jump,jump_prob,ve,dim
0,5.18992316011948,4.160267952296574,227,0.01,0.3,0.5,0.0025,2
