,L2,L2_true,N,std,jump,jump_prob,ve,dim
0,4.730706430222807,3.32688989616866,11,0.01,0.3,0.5,0.0025,3
