,L2,L2_true,N,std,jump,jump_prob,ve,dim
0,3.646641002259507,1.852434117975596,2,0.01,0.3,0.5,0.001,1
