,L2,L2_true,N,std,jump,jump_prob,ve,dim
0,4.996618469562711,3.621406743887816,268,0.01,0.3,0.5,0.01,3
