,L2,L2_true,N,std,jump,jump_prob,ve,dim
0,11.147545480419074,10.705228226217917,138,0.01,0.3,0.5,0.001,3
