,L2,L2_true,N,std,jump,jump_prob,ve,dim
0,3.670615433538398,1.3076586759441757,138,0.01,0.3,0.5,0.01,2
