,L2,L2_true,N,std,jump,jump_prob,ve,dim
0,2.238849246127225,2.2381393876068687,26,0.2,0.3,0.5,0.001,1
