,L2,L2_true,N,std,jump,jump_prob,ve,dim
0,10.244956342496854,9.69653838572576,163,0.01,0.3,0.5,0.0025,3
