,L2,L2_true,N,std,jump,jump_prob,ve,dim
0,2.817514044014318,1.0984396645094059,84,0.01,0.3,0.5,0.001,1
