,L2,L2_true,N,std,jump,jump_prob,ve,dim
0,3.822046137765262,1.6887397070169698,1389,0.01,0.3,0.5,0.01,3
