,L2,L2_true,N,std,jump,jump_prob,ve,dim
0,0.4392042985971758,0.38048131713407196,848,0.05,0.3,0.5,0.001,1
