,L2,L2_true,N,std,jump,jump_prob,ve,dim
0,6.095839945805229,5.171774299769132,71,0.01,0.3,0.5,0.0025,2
