,L2,L2_true,N,std,jump,jump_prob,ve,dim
0,0.8767122490723173,0.8350532424971664,227,0.05,0.3,0.5,0.001,1
