,L2,L2_true,N,std,jump,jump_prob,ve,dim
0,7.6296060066469655,6.9559906449489075,51,0.01,0.3,0.5,0.001,3
