,L2,L2_true,N,std,jump,jump_prob,ve,dim
0,3.9038310261180147,2.365003260891764,6,0.01,0.3,0.5,0.001,1
