,L2,L2_true,N,std,jump,jump_prob,ve,dim
0,3.060128774789893,0.39632500466455595,268,0.01,0.3,0.5,0.0025,1
