,L2,L2_true,N,std,jump,jump_prob,ve,dim
0,3.053352013213024,0.46682812832012144,163,0.01,0.3,0.5,0.0025,1
