,L2,L2_true,N,std,jump,jump_prob,ve,dim
0,7.348556853954176,6.692487905880485,71,0.01,0.3,0.5,0.001,2
