,L2,L2_true,N,std,jump,jump_prob,ve,dim
0,1.3902592723717335,1.367411907290291,84,0.05,0.3,0.5,0.001,1
