,L2,L2_true,N,std,jump,jump_prob,ve,dim
0,0.4749611862367673,0.410403986586744,610,0.05,0.3,0.5,0.001,1
