,L2,L2_true,N,std,jump,jump_prob,ve,dim
0,3.828260331208644,1.8096598545753688,3,0.01,0.3,0.5,0.0025,2
