,L2,L2_true,N,std,jump,jump_prob,ve,dim
0,0.40866978141793503,0.40986439109806444,719,0.2,0.3,0.5,0.001,1
