,L2,L2_true,N,std,jump,jump_prob,ve,dim
0,8.231485297577429,7.755763539894653,372,0.01,0.3,0.5,0.001,2
