,L2,L2_true,N,std,jump,jump_prob,ve,dim
0,4.068143100966115,2.607140254543748,5,0.01,0.3,0.5,0.001,3
