,L2,L2_true,N,std,jump,jump_prob,ve,dim
0,3.9917308050068128,2.1431851778917816,5,0.01,0.3,0.5,0.0025,2
