,L2,L2_true,N,std,jump,jump_prob,ve,dim
0,4.1506378239019845,2.2686451783907833,37,0.01,0.3,0.5,0.01,2
