,L2,L2_true,N,std,jump,jump_prob,ve,dim
0,2.6626310432264586,0.5092940728514062,268,0.01,0.3,0.5,0.001,1
