,L2,L2_true,N,std,jump,jump_prob,ve,dim
0,2.1390286573164423,2.0351423871322547,4,0.05,0.3,0.5,0.001,1
