,L2,L2_true,N,std,jump,jump_prob,ve,dim
0,0.3925285019831922,0.2893823678975087,1178,0.05,0.3,0.5,0.001,1
