,L2,L2_true,N,std,jump,jump_prob,ve,dim
0,1.606939998081415,1.4747962249039073,3,0.05,0.3,0.5,0.001,1
