,L2,L2_true,N,std,jump,jump_prob,ve,dim
0,0.5607038106347941,0.49416104864374893,517,0.05,0.3,0.5,0.001,1
