,L2,L2_true,N,std,jump,jump_prob,ve,dim
0,0.7459045125842775,0.6993600641371596,268,0.05,0.3,0.5,0.001,1
