,L2,L2_true,N,std,jump,jump_prob,ve,dim
0,3.4123047631362384,0.23586189484280837,138,0.01,0.3,0.5,0.01,1
