,L2,L2_true,N,std,jump,jump_prob,ve,dim
0,3.982378194063252,2.203961217368297,10,0.01,0.3,0.5,0.0025,1
