,L2,L2_true,N,std,jump,jump_prob,ve,dim
0,3.7076975085152375,1.4374882171529184,1930,0.01,0.3,0.5,0.01,3
