,L2,L2_true,N,std,jump,jump_prob,ve,dim
0,6.233056315322113,5.363318078725976,100,0.01,0.3,0.5,0.0025,2
