,L2,L2_true,N,std,jump,jump_prob,ve,dim
0,1.6610867537329728,1.6463471278553419,51,0.05,0.3,0.5,0.001,1
