,L2,L2_true,N,std,jump,jump_prob,ve,dim
0,5.217606784696698,4.481478879220827,1389,0.01,0.3,0.5,0.001,2
