,L2,L2_true,N,std,jump,jump_prob,ve,dim
0,2.9612568989999355,2.922605891348446,22,0.05,0.3,0.5,0.001,1
