,L2,L2_true,N,std,jump,jump_prob,ve,dim
0,4.763114428883818,3.607531978918366,11,0.01,0.3,0.5,0.001,2
