,L2,L2_true,N,std,jump,jump_prob,ve,dim
0,3.8226289605697614,2.219986956956254,4,0.01,0.3,0.5,0.001,1
