,L2,L2_true,N,std,jump,jump_prob,ve,dim
0,5.054877295689142,3.954272728613443,16,0.01,0.3,0.5,0.001,2
