,L2,L2_true,N,std,jump,jump_prob,ve,dim
0,1.1958421498914313,1.1977605454932958,3,0.2,0.3,0.5,0.001,1
