,L2,L2_true,N,std,jump,jump_prob,ve,dim
0,1.6128312374610367,1.4786134076215287,3,0.05,0.3,0.5,0.001,1
