,L2,L2_true,N,std,jump,jump_prob,ve,dim
0,2.1220206818311107,2.1228882759921235,11,0.2,0.3,0.5,0.001,1
