,L2,L2_true,N,std,jump,jump_prob,ve,dim
0,3.408850046938409,0.06271448683452789,1930,0.01,0.3,0.5,0.01,1
