,L2,L2_true,N,std,jump,jump_prob,ve,dim
0,3.466541500306121,0.5712633250261421,610,0.01,0.3,0.5,0.01,2
