,L2,L2_true,N,std,jump,jump_prob,ve,dim
0,5.470507230935175,4.230384348250485,138,0.01,0.3,0.5,0.01,3
