,L2,L2_true,N,std,jump,jump_prob,ve,dim
0,8.780445150135131,8.28520752338331,193,0.01,0.3,0.5,0.001,2
