,L2,L2_true,N,std,jump,jump_prob,ve,dim
0,4.81687492907531,3.3718002546746786,316,0.01,0.3,0.5,0.01,3
