,L2,L2_true,N,std,jump,jump_prob,ve,dim
0,5.002419465901511,3.5544946733391307,31,0.01,0.3,0.5,0.01,3
