,L2,L2_true,N,std,jump,jump_prob,ve,dim
0,2.5104446359195456,2.509476331773474,22,0.2,0.3,0.5,0.001,1
