,L2,L2_true,N,std,jump,jump_prob,ve,dim
0,5.099529693412377,3.7586350285695214,227,0.01,0.3,0.5,0.01,3
