,L2,L2_true,N,std,jump,jump_prob,ve,dim
0,21.723351576642226,21.531946240168867,1000,0.01,0.3,0.5,0.001,3
