,L2,L2_true,N,std,jump,jump_prob,ve,dim
0,0.31455605147737714,0.31415495723584913,1389,0.2,0.3,0.5,0.001,1
