,L2,L2_true,N,std,jump,jump_prob,ve,dim
0,4.617920191352175,2.987854778306528,16,0.01,0.3,0.5,0.01,3
