,L2,L2_true,N,std,jump,jump_prob,ve,dim
0,6.719148414612071,5.9483313286657316,37,0.01,0.3,0.5,0.001,3
