,L2,L2_true,N,std,jump,jump_prob,ve,dim
0,4.09843533982242,2.7438058757531922,610,0.01,0.3,0.5,0.0025,2
