,L2,L2_true,N,std,jump,jump_prob,ve,dim
0,7.577748687310065,6.902434535752733,51,0.01,0.3,0.5,0.001,3
