,L2,L2_true,N,std,jump,jump_prob,ve,dim
0,0.5892557986484691,0.5892265865951355,439,0.2,0.3,0.5,0.001,1
