,L2,L2_true,N,std,jump,jump_prob,ve,dim
0,3.7046206016588337,1.0973171619471593,2,0.01,0.3,0.5,0.01,3
