,L2,L2_true,N,std,jump,jump_prob,ve,dim
0,8.460918042850356,7.972455411994382,268,0.01,0.3,0.5,0.001,2
