,L2,L2_true,N,std,jump,jump_prob,ve,dim
0,8.089518838893133,7.5538240597756605,227,0.01,0.3,0.5,0.001,2
