,L2,L2_true,N,std,jump,jump_prob,ve,dim
0,7.055561224617741,6.32468194888659,43,0.01,0.3,0.5,0.001,3
