,L2,L2_true,N,std,jump,jump_prob,ve,dim
0,1.0686382597221933,1.0658746590582484,2,0.2,0.3,0.5,0.001,1
