,L2,L2_true,N,std,jump,jump_prob,ve,dim
0,3.7382522755240224,2.046182565464401,2,0.01,0.3,0.5,0.001,3
