,L2,L2_true,N,std,jump,jump_prob,ve,dim
0,3.56092598314553,0.9954611789399966,19,0.01,0.3,0.5,0.01,1
