,L2,L2_true,N,std,jump,jump_prob,ve,dim
0,0.7022781596762212,0.6786749926132074,268,0.05,0.3,0.5,0.001,1
