,L2,L2_true,N,std,jump,jump_prob,ve,dim
0,3.962652249197438,2.964641447334132,3000,0.01,0.3,0.5,0.001,2
