,L2,L2_true,N,std,jump,jump_prob,ve,dim
0,3.7829717307775117,1.3193225549471317,2,0.01,0.3,0.5,0.01,1
