,L2,L2_true,N,std,jump,jump_prob,ve,dim
0,3.421985093673442,0.07098895253655903,1000,0.01,0.3,0.5,0.01,1
