,L2,L2_true,N,std,jump,jump_prob,ve,dim
0,3.617401417070519,0.7445987408106578,1,0.01,0.3,0.5,0.01,3
