,L2,L2_true,N,std,jump,jump_prob,ve,dim
0,3.3548443448338414,1.4200834249797534,1930,0.01,0.3,0.5,0.0025,2
