,L2,L2_true,N,std,jump,jump_prob,ve,dim
0,3.4214441911137325,0.19207661486292188,100,0.01,0.3,0.5,0.01,1
