,L2,L2_true,N,std,jump,jump_prob,ve,dim
0,3.720664943153025,1.9163028613711457,13,0.01,0.3,0.5,0.0025,1
