,L2,L2_true,N,std,jump,jump_prob,ve,dim
0,10.599960955578247,10.076070320617553,193,0.01,0.3,0.5,0.0025,3
