,L2,L2_true,N,std,jump,jump_prob,ve,dim
0,2.676820933051836,0.5765253612592967,268,0.01,0.3,0.5,0.001,1
