,L2,L2_true,N,std,jump,jump_prob,ve,dim
0,4.194211260771233,2.322403352493117,22,0.01,0.3,0.5,0.01,2
