,L2,L2_true,N,std,jump,jump_prob,ve,dim
0,8.472000144503316,7.882116465812025,71,0.01,0.3,0.5,0.001,3
