,L2,L2_true,N,std,jump,jump_prob,ve,dim
0,3.4107878416705613,0.04405422176461227,3162,0.01,0.3,0.5,0.01,1
