,L2,L2_true,N,std,jump,jump_prob,ve,dim
0,3.4341288052741863,0.29707408146120357,71,0.01,0.3,0.5,0.01,1
