,L2,L2_true,N,std,jump,jump_prob,ve,dim
0,2.6209562797473818,0.16740765769499955,1930,0.01,0.3,0.5,0.001,1
