,L2,L2_true,N,std,jump,jump_prob,ve,dim
0,3.723013400446916,2.012049081203151,2,0.01,0.3,0.5,0.001,2
