,L2,L2_true,N,std,jump,jump_prob,ve,dim
0,0.92677807264172,0.9260863854193833,193,0.2,0.3,0.5,0.001,1
