,L2,L2_true,N,std,jump,jump_prob,ve,dim
0,4.127881401774396,2.073477183077526,7,0.01,0.3,0.5,0.01,3
