,L2,L2_true,N,std,jump,jump_prob,ve,dim
0,5.350904304275333,4.346180965702971,193,0.01,0.3,0.5,0.0025,2
