,L2,L2_true,N,std,jump,jump_prob,ve,dim
0,3.4789265231008177,0.6671691641734341,517,0.01,0.3,0.5,0.01,2
