,L2,L2_true,N,std,jump,jump_prob,ve,dim
0,2.7537672479150355,0.8216778865834853,100,0.01,0.3,0.5,0.001,1
