,L2,L2_true,N,std,jump,jump_prob,ve,dim
0,4.201781187783359,2.3234033612418674,19,0.01,0.3,0.5,0.01,2
