,L2,L2_true,N,std,jump,jump_prob,ve,dim
0,8.283061530785423,7.580054499452025,84,0.01,0.3,0.5,0.0025,3
