,L2,L2_true,N,std,jump,jump_prob,ve,dim
0,3.6474700970665177,1.2520435819058833,163,0.01,0.3,0.5,0.01,2
