,L2,L2_true,N,std,jump,jump_prob,ve,dim
0,6.375074085588664,5.55410679177804,31,0.01,0.3,0.5,0.001,3
