,L2,L2_true,N,std,jump,jump_prob,ve,dim
0,12.648634516441321,12.266706611178954,193,0.01,0.3,0.5,0.001,3
