,L2,L2_true,N,std,jump,jump_prob,ve,dim
0,3.440993476133523,0.44260541249719937,1000,0.01,0.3,0.5,0.01,2
