,L2,L2_true,N,std,jump,jump_prob,ve,dim
0,4.142901163376189,2.705965491447269,6,0.01,0.3,0.5,0.001,2
