,L2,L2_true,N,std,jump,jump_prob,ve,dim
0,3.41928238735902,0.32839041856334106,2275,0.01,0.3,0.5,0.01,2
