,L2,L2_true,N,std,jump,jump_prob,ve,dim
0,3.503110871634087,2.3951586391904,61,0.01,0.3,0.5,0.001,1
