,L2,L2_true,N,std,jump,jump_prob,ve,dim
0,3.712716426583248,2.01797348874614,22,0.01,0.3,0.5,0.0025,1
