,L2,L2_true,N,std,jump,jump_prob,ve,dim
0,0.38564146745496813,0.32230287630833576,1000,0.05,0.3,0.5,0.001,1
