,L2,L2_true,N,std,jump,jump_prob,ve,dim
0,3.030547936842831,0.0752366748333914,3162,0.01,0.3,0.5,0.0025,1
