,L2,L2_true,N,std,jump,jump_prob,ve,dim
0,3.203561323893855,0.9761818390811084,43,0.01,0.3,0.5,0.0025,1
