,L2,L2_true,N,std,jump,jump_prob,ve,dim
0,3.4159450654719454,0.21589410954711477,100,0.01,0.3,0.5,0.01,1
