,L2,L2_true,N,std,jump,jump_prob,ve,dim
0,3.021184214049625,0.11227852538818867,2275,0.01,0.3,0.5,0.0025,1
