,L2,L2_true,N,std,jump,jump_prob,ve,dim
0,0.9762237830818562,0.9738524566112651,138,0.05,0.3,0.5,0.001,1
