,L2,L2_true,N,std,jump,jump_prob,ve,dim
0,2.0977593710117803,2.1274685886872415,37,0.05,0.3,0.5,0.001,1
