,L2,L2_true,N,std,jump,jump_prob,ve,dim
0,3.0509389541173997,0.24228225503454678,719,0.01,0.3,0.5,0.0025,1
