,L2,L2_true,N,std,jump,jump_prob,ve,dim
0,0.3442409984118713,0.22629165763010006,1930,0.05,0.3,0.5,0.001,1
