,L2,L2_true,N,std,jump,jump_prob,ve,dim
0,3.8531022913085122,1.9731384630417486,7,0.01,0.3,0.5,0.0025,1
