,L2,L2_true,N,std,jump,jump_prob,ve,dim
0,2.186279395113581,2.1852829698443847,6,0.2,0.3,0.5,0.001,1
