,L2,L2_true,N,std,jump,jump_prob,ve,dim
0,1.3493909562114517,1.1781018693225065,1,0.05,0.3,0.5,0.001,1
