,L2,L2_true,N,std,jump,jump_prob,ve,dim
0,3.450750850005294,0.40181990356788067,1389,0.01,0.3,0.5,0.01,2
