,L2,L2_true,N,std,jump,jump_prob,ve,dim
0,0.39202253307059376,0.2984900075770133,1178,0.05,0.3,0.5,0.001,1
