,L2,L2_true,N,std,jump,jump_prob,ve,dim
0,2.6171550668991226,2.616245110767503,43,0.2,0.3,0.5,0.001,1
