,L2,L2_true,N,std,jump,jump_prob,ve,dim
0,5.335206206522081,4.049686604174854,163,0.01,0.3,0.5,0.01,3
