,L2,L2_true,N,std,jump,jump_prob,ve,dim
0,4.007208637029782,2.525469903618455,6,0.01,0.3,0.5,0.001,1
