,L2,L2_true,N,std,jump,jump_prob,ve,dim
0,2.3084366646642107,2.3090169715502946,11,0.2,0.3,0.5,0.001,1
