,L2,L2_true,N,std,jump,jump_prob,ve,dim
0,4.258314250633061,2.455903626623137,31,0.01,0.3,0.5,0.01,2
