,L2,L2_true,N,std,jump,jump_prob,ve,dim
0,7.573918100620445,6.89473881422338,51,0.01,0.3,0.5,0.001,3
