,L2,L2_true,N,std,jump,jump_prob,ve,dim
0,3.414183411222185,0.1962558882658168,316,0.01,0.3,0.5,0.01,1
