,L2,L2_true,N,std,jump,jump_prob,ve,dim
0,2.002481013060507,2.0018448046185666,10,0.2,0.3,0.5,0.001,1
