,L2,L2_true,N,std,jump,jump_prob,ve,dim
0,6.860890875732957,6.114444063252062,37,0.01,0.3,0.5,0.001,3
