,L2,L2_true,N,std,jump,jump_prob,ve,dim
0,4.234780248753592,2.5628494497803054,7,0.01,0.3,0.5,0.0025,3
