,L2,L2_true,N,std,jump,jump_prob,ve,dim
0,3.645384789748135,1.4321098749736418,2,0.01,0.3,0.5,0.0025,1
