,L2,L2_true,N,std,jump,jump_prob,ve,dim
0,3.0408370602051,0.3797939013445196,163,0.01,0.3,0.5,0.0025,1
