,L2,L2_true,N,std,jump,jump_prob,ve,dim
0,3.9603157757181977,1.8229341789775544,11,0.01,0.3,0.5,0.01,2
