,L2,L2_true,N,std,jump,jump_prob,ve,dim
0,4.00574500058096,2.598441766453503,719,0.01,0.3,0.5,0.0025,2
