,L2,L2_true,N,std,jump,jump_prob,ve,dim
0,3.428378391014751,0.11688842071260322,719,0.01,0.3,0.5,0.01,1
