,L2,L2_true,N,std,jump,jump_prob,ve,dim
0,2.8094147329263772,1.0134696904371954,117,0.01,0.3,0.5,0.001,1
