,L2,L2_true,N,std,jump,jump_prob,ve,dim
0,3.4128227883898927,0.0680345313997457,1389,0.01,0.3,0.5,0.01,1
