,L2,L2_true,N,std,jump,jump_prob,ve,dim
0,3.922680692191201,2.253284310772093,19,0.01,0.3,0.5,0.0025,1
