,L2,L2_true,N,std,jump,jump_prob,ve,dim
0,2.3557912876774747,2.354855472171982,19,0.2,0.3,0.5,0.001,1
