,L2,L2_true,N,std,jump,jump_prob,ve,dim
0,3.4213792886147183,0.046670528559868675,2682,0.01,0.3,0.5,0.01,1
