,L2,L2_true,N,std,jump,jump_prob,ve,dim
0,3.6390758322250156,1.9960113961230883,1000,0.01,0.3,0.5,0.0025,2
