,L2,L2_true,N,std,jump,jump_prob,ve,dim
0,3.445022135781723,0.48456044335444676,848,0.01,0.3,0.5,0.01,2
