,L2,L2_true,N,std,jump,jump_prob,ve,dim
0,2.079991923603345,2.0802491943160337,6,0.2,0.3,0.5,0.001,1
