,L2,L2_true,N,std,jump,jump_prob,ve,dim
0,3.322488460704616,1.3336834339684618,2275,0.01,0.3,0.5,0.0025,2
