,L2,L2_true,N,std,jump,jump_prob,ve,dim
0,1.2750723522094118,1.2938843659104788,71,0.05,0.3,0.5,0.001,1
