,L2,L2_true,N,std,jump,jump_prob,ve,dim
0,4.876079306950401,3.530554914063547,13,0.01,0.3,0.5,0.0025,3
