,L2,L2_true,N,std,jump,jump_prob,ve,dim
0,4.270093017952405,2.6378958120923945,7,0.01,0.3,0.5,0.0025,2
