,L2,L2_true,N,std,jump,jump_prob,ve,dim
0,2.4423657693577443,2.441853349105143,37,0.2,0.3,0.5,0.001,1
