,L2,L2_true,N,std,jump,jump_prob,ve,dim
0,3.0471083939055577,0.30513318982864784,372,0.01,0.3,0.5,0.0025,1
