,L2,L2_true,N,std,jump,jump_prob,ve,dim
0,3.985834282700284,2.4614569067255627,5,0.01,0.3,0.5,0.001,2
