,L2,L2_true,N,std,jump,jump_prob,ve,dim
0,0.2059309492164671,0.2051809297020738,3162,0.2,0.3,0.5,0.001,1
