,L2,L2_true,N,std,jump,jump_prob,ve,dim
0,8.825008817548953,8.346054301923937,268,0.01,0.3,0.5,0.001,2
