,L2,L2_true,N,std,jump,jump_prob,ve,dim
0,3.6490647073719638,1.0285716947355144,5,0.01,0.3,0.5,0.01,1
