,L2,L2_true,N,std,jump,jump_prob,ve,dim
0,2.253266820827195,2.2057893826173265,16,0.05,0.3,0.5,0.001,1
