,L2,L2_true,N,std,jump,jump_prob,ve,dim
0,8.704983171524061,8.04472431865842,100,0.01,0.3,0.5,0.0025,3
