,L2,L2_true,N,std,jump,jump_prob,ve,dim
0,3.075006389044517,0.5079700528230774,100,0.01,0.3,0.5,0.0025,1
