,L2,L2_true,N,std,jump,jump_prob,ve,dim
0,8.594574554194898,8.001335421579338,71,0.01,0.3,0.5,0.001,3
