,L2,L2_true,N,std,jump,jump_prob,ve,dim
0,2.622287860314229,0.26330188287618567,1000,0.01,0.3,0.5,0.001,1
