,L2,L2_true,N,std,jump,jump_prob,ve,dim
0,3.0361940293058796,0.09388830960584205,1178,0.01,0.3,0.5,0.0025,1
