,L2,L2_true,N,std,jump,jump_prob,ve,dim
0,8.219487711125783,7.601384132752266,61,0.01,0.3,0.5,0.001,3
