,L2,L2_true,N,std,jump,jump_prob,ve,dim
0,2.6542441181975613,0.5226968128083394,372,0.01,0.3,0.5,0.001,1
