,L2,L2_true,N,std,jump,jump_prob,ve,dim
0,4.291618129922752,2.6786725102883837,8,0.01,0.3,0.5,0.0025,2
