,L2,L2_true,N,std,jump,jump_prob,ve,dim
0,4.218522582405346,2.396237875064975,37,0.01,0.3,0.5,0.01,2
