,L2,L2_true,N,std,jump,jump_prob,ve,dim
0,3.611401705021593,1.1206769499917635,13,0.01,0.3,0.5,0.01,1
