,L2,L2_true,N,std,jump,jump_prob,ve,dim
0,3.0396231343550877,0.18907860223567519,1389,0.01,0.3,0.5,0.0025,1
