,L2,L2_true,N,std,jump,jump_prob,ve,dim
0,4.368729444089502,2.7944184901644618,8,0.01,0.3,0.5,0.0025,3
