,L2,L2_true,N,std,jump,jump_prob,ve,dim
0,7.9356409313388,7.337711285678007,100,0.01,0.3,0.5,0.001,2
