,L2,L2_true,N,std,jump,jump_prob,ve,dim
0,5.49766271363247,4.529199524925481,22,0.01,0.3,0.5,0.001,2
