,L2,L2_true,N,std,jump,jump_prob,ve,dim
0,3.7493575428051824,1.5138717057650033,100,0.01,0.3,0.5,0.01,2
