,L2,L2_true,N,std,jump,jump_prob,ve,dim
0,3.7044485041108537,1.4145308171504742,2000,0.01,0.3,0.5,0.01,3
