,L2,L2_true,N,std,jump,jump_prob,ve,dim
0,3.6204913159400824,1.3297581413375013,1,0.01,0.3,0.5,0.0025,1
