,L2,L2_true,N,std,jump,jump_prob,ve,dim
0,3.827705231590947,1.8099147545991552,3,0.01,0.3,0.5,0.0025,3
