,L2,L2_true,N,std,jump,jump_prob,ve,dim
0,4.052657322437713,2.097046086382564,37,0.01,0.3,0.5,0.01,2
