,L2,L2_true,N,std,jump,jump_prob,ve,dim
0,2.636197938067773,0.24598374460993883,1930,0.01,0.3,0.5,0.001,1
