,L2,L2_true,N,std,jump,jump_prob,ve,dim
0,1.41358510649903,1.253133242827054,2,0.05,0.3,0.5,0.001,1
