,L2,L2_true,N,std,jump,jump_prob,ve,dim
0,3.4307588051371707,0.3387326530331475,2000,0.01,0.3,0.5,0.01,2
