,L2,L2_true,N,std,jump,jump_prob,ve,dim
0,5.142550879515965,3.8086309227643342,227,0.01,0.3,0.5,0.01,3
