,L2,L2_true,N,std,jump,jump_prob,ve,dim
0,16.651045850037352,16.363627444400255,372,0.01,0.3,0.5,0.001,3
