,L2,L2_true,N,std,jump,jump_prob,ve,dim
0,4.924514059090361,4.165180810160288,1637,0.01,0.3,0.5,0.001,2
