,L2,L2_true,N,std,jump,jump_prob,ve,dim
0,1.102016179923477,1.0986730850588928,2,0.2,0.3,0.5,0.001,1
