,L2,L2_true,N,std,jump,jump_prob,ve,dim
0,2.8382327419894446,1.0501841045500626,138,0.01,0.3,0.5,0.001,1
