,L2,L2_true,N,std,jump,jump_prob,ve,dim
0,3.7370826514376336,1.5082114033600502,117,0.01,0.3,0.5,0.01,2
