,L2,L2_true,N,std,jump,jump_prob,ve,dim
0,3.8929411653519956,1.8663293079959629,1178,0.01,0.3,0.5,0.01,3
