,L2,L2_true,N,std,jump,jump_prob,ve,dim
0,4.201578863423578,2.3702309722227275,37,0.01,0.3,0.5,0.01,2
