,L2,L2_true,N,std,jump,jump_prob,ve,dim
0,3.2487712876020662,3.2332972966676565,22,0.05,0.3,0.5,0.001,1
