,L2,L2_true,N,std,jump,jump_prob,ve,dim
0,3.6164939587724074,1.3289675651252846,1,0.01,0.3,0.5,0.0025,1
