,L2,L2_true,N,std,jump,jump_prob,ve,dim
0,3.5802038995095713,1.0520142329864655,193,0.01,0.3,0.5,0.01,2
