,L2,L2_true,N,std,jump,jump_prob,ve,dim
0,0.3405832610606125,0.3399146642947303,1178,0.2,0.3,0.5,0.001,1
