,L2,L2_true,N,std,jump,jump_prob,ve,dim
0,3.4148475578056745,0.044065043495330504,3162,0.01,0.3,0.5,0.01,1
