,L2,L2_true,N,std,jump,jump_prob,ve,dim
0,4.583712593583579,3.7484360036771514,1930,0.01,0.3,0.5,0.001,2
