,L2,L2_true,N,std,jump,jump_prob,ve,dim
0,3.0781908249658536,0.5312729691856719,84,0.01,0.3,0.5,0.0025,1
