,L2,L2_true,N,std,jump,jump_prob,ve,dim
0,3.6084141378090053,1.3294060681596183,1,0.01,0.3,0.5,0.0025,1
