,L2,L2_true,N,std,jump,jump_prob,ve,dim
0,3.0619021597473446,3.0447725556320804,26,0.05,0.3,0.5,0.001,1
