,L2,L2_true,N,std,jump,jump_prob,ve,dim
0,7.661690383641665,6.986742263751401,51,0.01,0.3,0.5,0.001,3
