,L2,L2_true,N,std,jump,jump_prob,ve,dim
0,3.4247463420448376,0.2544594113623007,138,0.01,0.3,0.5,0.01,1
