,L2,L2_true,N,std,jump,jump_prob,ve,dim
0,4.279375158558968,2.913738496633196,7,0.01,0.3,0.5,0.001,3
