,L2,L2_true,N,std,jump,jump_prob,ve,dim
0,3.0478483516847197,0.35729932896235,439,0.01,0.3,0.5,0.0025,1
