,L2,L2_true,N,std,jump,jump_prob,ve,dim
0,2.6153135760301396,0.23041582476603717,1637,0.01,0.3,0.5,0.001,1
