,L2,L2_true,N,std,jump,jump_prob,ve,dim
0,2.260117343535055,2.181512046626731,7,0.05,0.3,0.5,0.001,1
