,L2,L2_true,N,std,jump,jump_prob,ve,dim
0,5.458808850066979,4.202238629207293,117,0.01,0.3,0.5,0.01,3
