,L2,L2_true,N,std,jump,jump_prob,ve,dim
0,8.798495220888324,8.150978930585469,100,0.01,0.3,0.5,0.0025,3
