,L2,L2_true,N,std,jump,jump_prob,ve,dim
0,3.804799770874077,1.4721728770004603,5,0.01,0.3,0.5,0.01,1
