,L2,L2_true,N,std,jump,jump_prob,ve,dim
0,3.4341999123167413,0.36210055967037347,61,0.01,0.3,0.5,0.01,1
