,L2,L2_true,N,std,jump,jump_prob,ve,dim
0,3.721414313266285,2.020213792496935,3,0.01,0.3,0.5,0.001,1
