,L2,L2_true,N,std,jump,jump_prob,ve,dim
0,2.6520195031836873,2.652549020692943,13,0.2,0.3,0.5,0.001,1
