,L2,L2_true,N,std,jump,jump_prob,ve,dim
0,4.994667976859768,3.70265317428349,22,0.01,0.3,0.5,0.0025,2
