,L2,L2_true,N,std,jump,jump_prob,ve,dim
0,5.655330493955439,4.469355960448169,117,0.01,0.3,0.5,0.01,3
