,L2,L2_true,N,std,jump,jump_prob,ve,dim
0,3.528210309919647,0.8850194105564463,316,0.01,0.3,0.5,0.01,2
