,L2,L2_true,N,std,jump,jump_prob,ve,dim
0,4.0333526063616585,1.9459701501986026,8,0.01,0.3,0.5,0.01,2
