,L2,L2_true,N,std,jump,jump_prob,ve,dim
0,3.044162828175927,0.23113706432887354,372,0.01,0.3,0.5,0.0025,1
