,L2,L2_true,N,std,jump,jump_prob,ve,dim
0,0.9539457395192601,0.9308719965475024,193,0.05,0.3,0.5,0.001,1
