,L2,L2_true,N,std,jump,jump_prob,ve,dim
0,5.205082617862209,3.8966480446258807,193,0.01,0.3,0.5,0.01,3
