,L2,L2_true,N,std,jump,jump_prob,ve,dim
0,6.368713610096757,5.561722593293067,43,0.01,0.3,0.5,0.001,2
