,L2,L2_true,N,std,jump,jump_prob,ve,dim
0,6.452105796757711,5.657144294048145,37,0.01,0.3,0.5,0.001,2
