,L2,L2_true,N,std,jump,jump_prob,ve,dim
0,2.207350461740625,2.2067534255277117,16,0.2,0.3,0.5,0.001,1
