,L2,L2_true,N,std,jump,jump_prob,ve,dim
0,0.37758857277066993,0.377610505504868,1000,0.2,0.3,0.5,0.001,1
