,L2,L2_true,N,std,jump,jump_prob,ve,dim
0,7.829258503706528,7.211950962082167,84,0.01,0.3,0.5,0.001,2
