,L2,L2_true,N,std,jump,jump_prob,ve,dim
0,4.066377323389913,2.034864483507635,11,0.01,0.3,0.5,0.01,2
