,L2,L2_true,N,std,jump,jump_prob,ve,dim
0,3.5129467097237104,0.7878675530480521,372,0.01,0.3,0.5,0.01,2
