,L2,L2_true,N,std,jump,jump_prob,ve,dim
0,3.1044436872282795,1.6229071350782942,43,0.01,0.3,0.5,0.001,1
