,L2,L2_true,N,std,jump,jump_prob,ve,dim
0,2.9083278214478936,1.3363663478328627,84,0.01,0.3,0.5,0.001,1
