,L2,L2_true,N,std,jump,jump_prob,ve,dim
0,12.194881947830666,11.781814266237706,1000,0.01,0.3,0.5,0.0025,3
