,L2,L2_true,N,std,jump,jump_prob,ve,dim
0,3.9472287453351975,2.4188253130489445,4,0.01,0.3,0.5,0.001,3
