,L2,L2_true,N,std,jump,jump_prob,ve,dim
0,9.08907011420322,8.540279266370378,84,0.01,0.3,0.5,0.001,3
