,L2,L2_true,N,std,jump,jump_prob,ve,dim
0,5.880345196604975,4.98685676931596,31,0.01,0.3,0.5,0.001,2
