,L2,L2_true,N,std,jump,jump_prob,ve,dim
0,0.425037721961722,0.42574259289359445,719,0.2,0.3,0.5,0.001,1
