,L2,L2_true,N,std,jump,jump_prob,ve,dim
0,7.9222327555771255,7.185354884663657,71,0.01,0.3,0.5,0.0025,3
