,L2,L2_true,N,std,jump,jump_prob,ve,dim
0,3.6599849039274566,1.3002972889581597,138,0.01,0.3,0.5,0.01,2
