,L2,L2_true,N,std,jump,jump_prob,ve,dim
0,6.185564664220828,5.354517654009408,37,0.01,0.3,0.5,0.001,2
