,L2,L2_true,N,std,jump,jump_prob,ve,dim
0,2.602668875601598,2.611747343111299,22,0.05,0.3,0.5,0.001,1
