,L2,L2_true,N,std,jump,jump_prob,ve,dim
0,3.910938943332958,2.08835511242475,7,0.01,0.3,0.5,0.0025,1
