,L2,L2_true,N,std,jump,jump_prob,ve,dim
0,0.3059255790779691,0.19215351191807875,2682,0.05,0.3,0.5,0.001,1
