,L2,L2_true,N,std,jump,jump_prob,ve,dim
0,4.123989970929797,2.140724118196253,7,0.01,0.3,0.5,0.01,3
