,L2,L2_true,N,std,jump,jump_prob,ve,dim
0,3.6210671136897528,1.3295027660835559,1,0.01,0.3,0.5,0.0025,2
