,L2,L2_true,N,std,jump,jump_prob,ve,dim
0,3.6990240294474015,1.6102574366010385,3,0.01,0.3,0.5,0.0025,1
