,L2,L2_true,N,std,jump,jump_prob,ve,dim
0,3.934679457045268,1.8945169326239364,61,0.01,0.3,0.5,0.01,2
