,L2,L2_true,N,std,jump,jump_prob,ve,dim
0,5.161728809429649,4.110107882918035,16,0.01,0.3,0.5,0.001,2
