,L2,L2_true,N,std,jump,jump_prob,ve,dim
0,2.0225116714093416,2.029028815412055,51,0.05,0.3,0.5,0.001,1
