,L2,L2_true,N,std,jump,jump_prob,ve,dim
0,5.648018724448093,4.9990048935967435,1178,0.01,0.3,0.5,0.001,2
