,L2,L2_true,N,std,jump,jump_prob,ve,dim
0,0.39200817851849623,0.27543525948106806,1389,0.05,0.3,0.5,0.001,1
