,L2,L2_true,N,std,jump,jump_prob,ve,dim
0,3.878128970768364,1.9201432282452977,3,0.01,0.3,0.5,0.0025,2
