,L2,L2_true,N,std,jump,jump_prob,ve,dim
0,5.847757239134483,4.860079284578142,61,0.01,0.3,0.5,0.0025,2
