,L2,L2_true,N,std,jump,jump_prob,ve,dim
0,6.204331259990779,5.376164867583106,37,0.01,0.3,0.5,0.001,2
