,L2,L2_true,N,std,jump,jump_prob,ve,dim
0,3.56003504007136,1.7046253842956915,16,0.01,0.3,0.5,0.0025,1
