,L2,L2_true,N,std,jump,jump_prob,ve,dim
0,4.6298654782966855,3.194202710205719,11,0.01,0.3,0.5,0.0025,3
