,L2,L2_true,N,std,jump,jump_prob,ve,dim
0,5.558426633145919,4.3238331576007845,100,0.01,0.3,0.5,0.01,3
