,L2,L2_true,N,std,jump,jump_prob,ve,dim
0,9.582658592995035,8.99522598046314,138,0.01,0.3,0.5,0.0025,3
