,L2,L2_true,N,std,jump,jump_prob,ve,dim
0,1.4909841641205301,1.3479536656544695,2,0.05,0.3,0.5,0.001,1
