,L2,L2_true,N,std,jump,jump_prob,ve,dim
0,5.32765529784018,4.032875243935949,117,0.01,0.3,0.5,0.01,3
