,L2,L2_true,N,std,jump,jump_prob,ve,dim
0,3.0720358720103365,0.45702506626435996,138,0.01,0.3,0.5,0.0025,1
