,L2,L2_true,N,std,jump,jump_prob,ve,dim
0,3.7574468085345183,2.068526696264555,3,0.01,0.3,0.5,0.001,1
