,L2,L2_true,N,std,jump,jump_prob,ve,dim
0,3.7181619873192964,1.172228538429063,3,0.01,0.3,0.5,0.01,1
