,L2,L2_true,N,std,jump,jump_prob,ve,dim
0,12.35225633216348,11.943826592223703,1000,0.01,0.3,0.5,0.0025,3
