,L2,L2_true,N,std,jump,jump_prob,ve,dim
0,2.5995755112776453,2.5980241035246867,19,0.2,0.3,0.5,0.001,1
