,L2,L2_true,N,std,jump,jump_prob,ve,dim
0,3.368060477542343,2.0302881496251897,37,0.01,0.3,0.5,0.001,1
