,L2,L2_true,N,std,jump,jump_prob,ve,dim
0,3.530242366175059,1.7490491705053273,22,0.01,0.3,0.5,0.0025,1
