,L2,L2_true,N,std,jump,jump_prob,ve,dim
0,3.5472691985115543,2.2849834959996915,31,0.01,0.3,0.5,0.001,1
