,L2,L2_true,N,std,jump,jump_prob,ve,dim
0,6.42424411991264,5.602652637040632,31,0.01,0.3,0.5,0.001,3
