,L2,L2_true,N,std,jump,jump_prob,ve,dim
0,3.4196749347610775,0.04994847396767769,1637,0.01,0.3,0.5,0.01,1
