,L2,L2_true,N,std,jump,jump_prob,ve,dim
0,0.4631503004666771,0.46336443744897676,610,0.2,0.3,0.5,0.001,1
