,L2,L2_true,N,std,jump,jump_prob,ve,dim
0,3.6452891905856144,1.854967075146059,2,0.01,0.3,0.5,0.001,1
