,L2,L2_true,N,std,jump,jump_prob,ve,dim
0,3.057574961873675,0.4582976315579278,268,0.01,0.3,0.5,0.0025,1
