,L2,L2_true,N,std,jump,jump_prob,ve,dim
0,6.002726117730461,5.396398499502541,1000,0.01,0.3,0.5,0.001,2
