,L2,L2_true,N,std,jump,jump_prob,ve,dim
0,3.9734738302442385,2.0496198559181864,1000,0.01,0.3,0.5,0.01,3
