,L2,L2_true,N,std,jump,jump_prob,ve,dim
0,0.3778282791239922,0.37039231425114,1,0.2,0.3,0.5,0.001,1
