,L2,L2_true,N,std,jump,jump_prob,ve,dim
0,5.916718583327488,4.974254694688743,117,0.01,0.3,0.5,0.0025,2
