,L2,L2_true,N,std,jump,jump_prob,ve,dim
0,3.458606970962546,0.5071892092806958,848,0.01,0.3,0.5,0.01,2
