,L2,L2_true,N,std,jump,jump_prob,ve,dim
0,0.46320120267317993,0.37875835282777787,719,0.05,0.3,0.5,0.001,1
