,L2,L2_true,N,std,jump,jump_prob,ve,dim
0,3.436846461635949,0.4143896243878667,1178,0.01,0.3,0.5,0.01,2
