,L2,L2_true,N,std,jump,jump_prob,ve,dim
0,3.9374411823383215,2.0892559217319495,7,0.01,0.3,0.5,0.0025,1
