,L2,L2_true,N,std,jump,jump_prob,ve,dim
0,3.073923862445235,0.48180759938609874,138,0.01,0.3,0.5,0.0025,1
