,L2,L2_true,N,std,jump,jump_prob,ve,dim
0,4.12114137634974,2.2194659496096762,31,0.01,0.3,0.5,0.01,2
