,L2,L2_true,N,std,jump,jump_prob,ve,dim
0,5.958724460077957,5.04323007952279,117,0.01,0.3,0.5,0.0025,2
