,L2,L2_true,N,std,jump,jump_prob,ve,dim
0,4.856522346348905,3.4961418998134928,16,0.01,0.3,0.5,0.0025,2
