,L2,L2_true,N,std,jump,jump_prob,ve,dim
0,3.730593319107815,1.2280625211784935,7,0.01,0.3,0.5,0.01,1
