,L2,L2_true,N,std,jump,jump_prob,ve,dim
0,0.5155437478915657,0.515260769379851,517,0.2,0.3,0.5,0.001,1
