,L2,L2_true,N,std,jump,jump_prob,ve,dim
0,4.148889338581354,2.2907117964848096,43,0.01,0.3,0.5,0.01,2
