,L2,L2_true,N,std,jump,jump_prob,ve,dim
0,0.6037284901725477,0.5645393570102943,517,0.05,0.3,0.5,0.001,1
