,L2,L2_true,N,std,jump,jump_prob,ve,dim
0,3.4224781686174284,0.29856197845679966,2275,0.01,0.3,0.5,0.01,2
