,L2,L2_true,N,std,jump,jump_prob,ve,dim
0,3.411266607508523,0.05234229451468451,1389,0.01,0.3,0.5,0.01,1
