,L2,L2_true,N,std,jump,jump_prob,ve,dim
0,2.645608347856139,2.5703900480570145,10,0.05,0.3,0.5,0.001,1
