,L2,L2_true,N,std,jump,jump_prob,ve,dim
0,4.268756310929273,2.984413989679307,517,0.01,0.3,0.5,0.0025,2
