,L2,L2_true,N,std,jump,jump_prob,ve,dim
0,3.426239459084933,0.08203624152037198,719,0.01,0.3,0.5,0.01,1
