,L2,L2_true,N,std,jump,jump_prob,ve,dim
0,3.62368225556125,1.1821251945144093,163,0.01,0.3,0.5,0.01,2
