,L2,L2_true,N,std,jump,jump_prob,ve,dim
0,4.090788981049851,2.606159068315094,5,0.01,0.3,0.5,0.001,3
