,L2,L2_true,N,std,jump,jump_prob,ve,dim
0,3.192446059312853,0.8908278347385923,51,0.01,0.3,0.5,0.0025,1
