,L2,L2_true,N,std,jump,jump_prob,ve,dim
0,5.687473478945047,4.583925037415057,26,0.01,0.3,0.5,0.0025,3
