,L2,L2_true,N,std,jump,jump_prob,ve,dim
0,8.462579355290563,7.929128650171399,138,0.01,0.3,0.5,0.001,2
