,L2,L2_true,N,std,jump,jump_prob,ve,dim
0,3.770522506183235,2.2342692069840506,848,0.01,0.3,0.5,0.0025,2
