,L2,L2_true,N,std,jump,jump_prob,ve,dim
0,3.4408452170037047,0.4766918133937413,37,0.01,0.3,0.5,0.01,1
