,L2,L2_true,N,std,jump,jump_prob,ve,dim
0,3.3507571035227013,1.3883525099574219,2000,0.01,0.3,0.5,0.0025,2
