,L2,L2_true,N,std,jump,jump_prob,ve,dim
0,4.6131708192394685,3.382259775101261,10,0.01,0.3,0.5,0.001,3
