,L2,L2_true,N,std,jump,jump_prob,ve,dim
0,24.39611232885939,24.235383420914758,2275,0.01,0.3,0.5,0.001,3
