,L2,L2_true,N,std,jump,jump_prob,ve,dim
0,3.4261777555500816,0.3146641389084565,2275,0.01,0.3,0.5,0.01,2
