,L2,L2_true,N,std,jump,jump_prob,ve,dim
0,3.0196930670966746,0.17440097392200798,1389,0.01,0.3,0.5,0.0025,1
