,L2,L2_true,N,std,jump,jump_prob,ve,dim
0,3.649630016495687,1.3886713688194372,2,0.01,0.3,0.5,0.0025,1
