,L2,L2_true,N,std,jump,jump_prob,ve,dim
0,10.510065898328715,9.974801327992896,193,0.01,0.3,0.5,0.0025,3
