,L2,L2_true,N,std,jump,jump_prob,ve,dim
0,3.664643304577592,1.2938323172672903,163,0.01,0.3,0.5,0.01,2
