,L2,L2_true,N,std,jump,jump_prob,ve,dim
0,3.895692957504645,1.882979886769114,1178,0.01,0.3,0.5,0.01,3
