,L2,L2_true,N,std,jump,jump_prob,ve,dim
0,10.557978656985732,10.028820240682341,193,0.01,0.3,0.5,0.0025,3
