,L2,L2_true,N,std,jump,jump_prob,ve,dim
0,5.055266114066299,3.9850149366195873,227,0.01,0.3,0.5,0.0025,2
