,L2,L2_true,N,std,jump,jump_prob,ve,dim
0,5.3950237554443055,4.120945840045594,138,0.01,0.3,0.5,0.01,3
