,L2,L2_true,N,std,jump,jump_prob,ve,dim
0,3.430336245075472,0.07031714749693627,1000,0.01,0.3,0.5,0.01,1
