,L2,L2_true,N,std,jump,jump_prob,ve,dim
0,8.644961292649418,8.060749245726052,71,0.01,0.3,0.5,0.001,3
