,L2,L2_true,N,std,jump,jump_prob,ve,dim
0,9.505276963297321,8.918960361778025,138,0.01,0.3,0.5,0.0025,3
