,L2,L2_true,N,std,jump,jump_prob,ve,dim
0,2.161895434057323,2.1595842473846307,37,0.05,0.3,0.5,0.001,1
