,L2,L2_true,N,std,jump,jump_prob,ve,dim
0,3.4238508525785267,0.1099519879430042,439,0.01,0.3,0.5,0.01,1
