,L2,L2_true,N,std,jump,jump_prob,ve,dim
0,3.6826813086118038,1.048502743183174,2,0.01,0.3,0.5,0.01,2
