,L2,L2_true,N,std,jump,jump_prob,ve,dim
0,2.3227920781168963,2.2522139179436893,7,0.05,0.3,0.5,0.001,1
