,L2,L2_true,N,std,jump,jump_prob,ve,dim
0,7.078451377951085,6.346134057991079,43,0.01,0.3,0.5,0.001,3
