,L2,L2_true,N,std,jump,jump_prob,ve,dim
0,5.338443485041987,4.631947571987949,1389,0.01,0.3,0.5,0.001,2
