,L2,L2_true,N,std,jump,jump_prob,ve,dim
0,3.6693710194084637,1.3271405708190382,163,0.01,0.3,0.5,0.01,2
