,L2,L2_true,N,std,jump,jump_prob,ve,dim
0,1.3510881186387926,1.1792130827897234,1,0.05,0.3,0.5,0.001,1
