,L2,L2_true,N,std,jump,jump_prob,ve,dim
0,3.034412864446064,0.09176067949477132,3162,0.01,0.3,0.5,0.0025,1
