,L2,L2_true,N,std,jump,jump_prob,ve,dim
0,3.7016458950259823,1.5735245834839287,3,0.01,0.3,0.5,0.0025,1
