,L2,L2_true,N,std,jump,jump_prob,ve,dim
0,12.407095973075743,12.007743865722595,1000,0.01,0.3,0.5,0.0025,3
