,L2,L2_true,N,std,jump,jump_prob,ve,dim
0,1.9874866991993898,1.9794002684024417,22,0.05,0.3,0.5,0.001,1
