,L2,L2_true,N,std,jump,jump_prob,ve,dim
0,1.8963856279831706,1.803920860222421,4,0.05,0.3,0.5,0.001,1
