,L2,L2_true,N,std,jump,jump_prob,ve,dim
0,3.413049294747043,0.1097173188054362,372,0.01,0.3,0.5,0.01,1
