,L2,L2_true,N,std,jump,jump_prob,ve,dim
0,4.382619717415437,2.5966571410459736,11,0.01,0.3,0.5,0.01,3
