,L2,L2_true,N,std,jump,jump_prob,ve,dim
0,3.499263462803962,0.6587484824339142,11,0.01,0.3,0.5,0.01,1
