,L2,L2_true,N,std,jump,jump_prob,ve,dim
0,0.6108080756418112,0.6106935321467812,372,0.2,0.3,0.5,0.001,1
