,L2,L2_true,N,std,jump,jump_prob,ve,dim
0,3.411012952741575,0.11333542351604924,610,0.01,0.3,0.5,0.01,1
