,L2,L2_true,N,std,jump,jump_prob,ve,dim
0,12.06871436094717,11.66006009335055,1389,0.01,0.3,0.5,0.0025,3
