,L2,L2_true,N,std,jump,jump_prob,ve,dim
0,21.412616938026254,21.206740063598204,1000,0.01,0.3,0.5,0.001,3
