,L2,L2_true,N,std,jump,jump_prob,ve,dim
0,3.022133990873889,0.1000392215604035,1930,0.01,0.3,0.5,0.0025,1
