,L2,L2_true,N,std,jump,jump_prob,ve,dim
0,5.047777658117267,3.7769665893510793,19,0.01,0.3,0.5,0.0025,2
