,L2,L2_true,N,std,jump,jump_prob,ve,dim
0,8.859697239425028,8.37799099642528,227,0.01,0.3,0.5,0.001,2
