,L2,L2_true,N,std,jump,jump_prob,ve,dim
0,4.25553151154916,2.871754220245541,7,0.01,0.3,0.5,0.001,2
