,L2,L2_true,N,std,jump,jump_prob,ve,dim
0,2.770122721773448,1.00038266950342,163,0.01,0.3,0.5,0.001,1
