,L2,L2_true,N,std,jump,jump_prob,ve,dim
0,12.534033815404129,12.143413908132208,193,0.01,0.3,0.5,0.001,3
