,L2,L2_true,N,std,jump,jump_prob,ve,dim
0,5.942761316050691,4.979244869789092,61,0.01,0.3,0.5,0.0025,2
