,L2,L2_true,N,std,jump,jump_prob,ve,dim
0,2.5244452425941573,2.5250594764330643,22,0.2,0.3,0.5,0.001,1
