,L2,L2_true,N,std,jump,jump_prob,ve,dim
0,3.0403753072793647,0.13211268470749052,1637,0.01,0.3,0.5,0.0025,1
