,L2,L2_true,N,std,jump,jump_prob,ve,dim
0,3.0356474630675683,3.035797893240613,22,0.2,0.3,0.5,0.001,1
