,L2,L2_true,N,std,jump,jump_prob,ve,dim
0,10.71017766726119,10.193311728700374,193,0.01,0.3,0.5,0.0025,3
