,L2,L2_true,N,std,jump,jump_prob,ve,dim
0,3.984196972714571,2.107563155806123,4,0.01,0.3,0.5,0.0025,3
