,L2,L2_true,N,std,jump,jump_prob,ve,dim
0,3.032068472720042,0.27936386284756237,316,0.01,0.3,0.5,0.0025,1
