,L2,L2_true,N,std,jump,jump_prob,ve,dim
0,10.301716916189342,9.818650893137093,117,0.01,0.3,0.5,0.001,3
