,L2,L2_true,N,std,jump,jump_prob,ve,dim
0,3.801166774217806,1.7924007229308252,5,0.01,0.3,0.5,0.0025,1
