,L2,L2_true,N,std,jump,jump_prob,ve,dim
0,3.424391162628325,0.25434072543521025,100,0.01,0.3,0.5,0.01,1
