,L2,L2_true,N,std,jump,jump_prob,ve,dim
0,23.893018880618126,23.7242894459666,1637,0.01,0.3,0.5,0.001,3
