,L2,L2_true,N,std,jump,jump_prob,ve,dim
0,3.082784706343506,0.5440668916954553,117,0.01,0.3,0.5,0.0025,1
