,L2,L2_true,N,std,jump,jump_prob,ve,dim
0,4.035317043469007,1.9474503263868332,6,0.01,0.3,0.5,0.01,2
