,L2,L2_true,N,std,jump,jump_prob,ve,dim
0,3.604115121146903,1.1434901370668868,163,0.01,0.3,0.5,0.01,2
