,L2,L2_true,N,std,jump,jump_prob,ve,dim
0,5.620325490453592,4.684532607695887,193,0.01,0.3,0.5,0.0025,2
