,L2,L2_true,N,std,jump,jump_prob,ve,dim
0,3.416241140715586,0.07533037309897381,848,0.01,0.3,0.5,0.01,1
