,L2,L2_true,N,std,jump,jump_prob,ve,dim
0,3.7656386111413687,1.318271554360407,3,0.01,0.3,0.5,0.01,2
