,L2,L2_true,N,std,jump,jump_prob,ve,dim
0,0.32764732369662275,0.3274977088728311,1389,0.2,0.3,0.5,0.001,1
