,L2,L2_true,N,std,jump,jump_prob,ve,dim
0,3.5142115418612434,0.8322871615167826,26,0.01,0.3,0.5,0.01,1
