,L2,L2_true,N,std,jump,jump_prob,ve,dim
0,6.5131773939198885,5.732822019458553,43,0.01,0.3,0.5,0.001,2
