,L2,L2_true,N,std,jump,jump_prob,ve,dim
0,3.791243405259173,1.3308155147856768,2,0.01,0.3,0.5,0.01,1
