,L2,L2_true,N,std,jump,jump_prob,ve,dim
0,7.691379981740315,7.030953629833471,51,0.01,0.3,0.5,0.001,3
