,L2,L2_true,N,std,jump,jump_prob,ve,dim
0,3.415211137565477,1.4519769752487033,22,0.01,0.3,0.5,0.0025,1
