,L2,L2_true,N,std,jump,jump_prob,ve,dim
0,3.8635593498173124,1.7684847145229903,71,0.01,0.3,0.5,0.01,2
