,L2,L2_true,N,std,jump,jump_prob,ve,dim
0,5.370712458507649,4.102479013991706,163,0.01,0.3,0.5,0.01,3
