,L2,L2_true,N,std,jump,jump_prob,ve,dim
0,3.5435092389457847,0.942270312725853,268,0.01,0.3,0.5,0.01,2
