,L2,L2_true,N,std,jump,jump_prob,ve,dim
0,3.4374638693349153,1.4363458106884055,19,0.01,0.3,0.5,0.0025,1
