,L2,L2_true,N,std,jump,jump_prob,ve,dim
0,2.6705259238824812,0.548195724960215,268,0.01,0.3,0.5,0.001,1
