,L2,L2_true,N,std,jump,jump_prob,ve,dim
0,4.054070422576752,2.5684518607967877,5,0.01,0.3,0.5,0.001,3
