,L2,L2_true,N,std,jump,jump_prob,ve,dim
0,2.1348141601906097,2.12457753218271,16,0.05,0.3,0.5,0.001,1
