,L2,L2_true,N,std,jump,jump_prob,ve,dim
0,12.66003051457534,12.27124239509709,193,0.01,0.3,0.5,0.001,3
