,L2,L2_true,N,std,jump,jump_prob,ve,dim
0,5.034144810429974,3.672291892882677,268,0.01,0.3,0.5,0.01,3
