,L2,L2_true,N,std,jump,jump_prob,ve,dim
0,3.7276589296998264,2.003796030188406,2,0.01,0.3,0.5,0.001,2
