,L2,L2_true,N,std,jump,jump_prob,ve,dim
0,11.264041909761655,10.829220838648446,138,0.01,0.3,0.5,0.001,3
