,L2,L2_true,N,std,jump,jump_prob,ve,dim
0,1.942813064085588,1.9445496861335745,8,0.2,0.3,0.5,0.001,1
