,L2,L2_true,N,std,jump,jump_prob,ve,dim
0,3.8348506727957594,1.8444742313330857,3,0.01,0.3,0.5,0.0025,3
