,L2,L2_true,N,std,jump,jump_prob,ve,dim
0,12.345855564895189,11.938931327436018,1178,0.01,0.3,0.5,0.0025,3
