,L2,L2_true,N,std,jump,jump_prob,ve,dim
0,3.720797987466031,1.159137091270962,2,0.01,0.3,0.5,0.01,3
