,L2,L2_true,N,std,jump,jump_prob,ve,dim
0,3.8217517607767424,1.6721110898074616,84,0.01,0.3,0.5,0.01,2
