,L2,L2_true,N,std,jump,jump_prob,ve,dim
0,3.0435662891763253,0.11272310054670674,1637,0.01,0.3,0.5,0.0025,1
