,L2,L2_true,N,std,jump,jump_prob,ve,dim
0,3.042879356533271,0.18721546565244435,848,0.01,0.3,0.5,0.0025,1
