,L2,L2_true,N,std,jump,jump_prob,ve,dim
0,4.501437416214445,2.9124083179392817,439,0.01,0.3,0.5,0.01,3
