,L2,L2_true,N,std,jump,jump_prob,ve,dim
0,5.289581148994191,4.5818471936044975,1389,0.01,0.3,0.5,0.001,2
