,L2,L2_true,N,std,jump,jump_prob,ve,dim
0,0.4235001260114121,0.3714702179292758,848,0.05,0.3,0.5,0.001,1
