,L2,L2_true,N,std,jump,jump_prob,ve,dim
0,5.271585133561971,3.9884804966522145,193,0.01,0.3,0.5,0.01,3
