,L2,L2_true,N,std,jump,jump_prob,ve,dim
0,0.8711789905970271,0.8709236634861468,193,0.2,0.3,0.5,0.001,1
