,L2,L2_true,N,std,jump,jump_prob,ve,dim
0,3.6461408645031903,1.2689271878868533,16,0.01,0.3,0.5,0.01,1
