,L2,L2_true,N,std,jump,jump_prob,ve,dim
0,4.108368396858234,2.7524740493094604,610,0.01,0.3,0.5,0.0025,2
