,L2,L2_true,N,std,jump,jump_prob,ve,dim
0,3.714602935187629,1.978323756583289,3,0.01,0.3,0.5,0.001,1
