,L2,L2_true,N,std,jump,jump_prob,ve,dim
0,3.4445357636886316,0.39780169892003575,37,0.01,0.3,0.5,0.01,1
