,L2,L2_true,N,std,jump,jump_prob,ve,dim
0,3.449120130913848,0.47089237735552336,51,0.01,0.3,0.5,0.01,1
