,L2,L2_true,N,std,jump,jump_prob,ve,dim
0,1.7829956218129168,1.769723344294538,51,0.05,0.3,0.5,0.001,1
