,L2,L2_true,N,std,jump,jump_prob,ve,dim
0,4.171213369943312,2.7662449895346577,6,0.01,0.3,0.5,0.001,3
