,L2,L2_true,N,std,jump,jump_prob,ve,dim
0,2.6281267417761613,2.5609772513229205,11,0.05,0.3,0.5,0.001,1
