,L2,L2_true,N,std,jump,jump_prob,ve,dim
0,5.061172574690153,3.7905955855511655,19,0.01,0.3,0.5,0.0025,2
