,L2,L2_true,N,std,jump,jump_prob,ve,dim
0,8.70273919277738,8.248429702041053,316,0.01,0.3,0.5,0.001,2
