,L2,L2_true,N,std,jump,jump_prob,ve,dim
0,3.473163026846643,0.5922622673863903,51,0.01,0.3,0.5,0.01,1
