,L2,L2_true,N,std,jump,jump_prob,ve,dim
0,16.371383452466343,16.08059945895477,372,0.01,0.3,0.5,0.001,3
