,L2,L2_true,N,std,jump,jump_prob,ve,dim
0,0.6346639072785936,0.5893715070568645,372,0.05,0.3,0.5,0.001,1
