,L2,L2_true,N,std,jump,jump_prob,ve,dim
0,1.4869773804431174,1.487098151053905,71,0.2,0.3,0.5,0.001,1
