,L2,L2_true,N,std,jump,jump_prob,ve,dim
0,4.2360130349381935,2.5765611402712927,7,0.01,0.3,0.5,0.0025,3
