,L2,L2_true,N,std,jump,jump_prob,ve,dim
0,4.380803774851191,3.054958812901706,8,0.01,0.3,0.5,0.001,2
