,L2,L2_true,N,std,jump,jump_prob,ve,dim
0,0.7544994026867233,0.755628559350002,316,0.2,0.3,0.5,0.001,1
