,L2,L2_true,N,std,jump,jump_prob,ve,dim
0,1.2575965164265543,1.259088796542309,3,0.2,0.3,0.5,0.001,1
