,L2,L2_true,N,std,jump,jump_prob,ve,dim
0,2.187899302060783,2.1881836370612326,26,0.2,0.3,0.5,0.001,1
