,L2,L2_true,N,std,jump,jump_prob,ve,dim
0,1.3481207363741514,1.1771225080925012,1,0.05,0.3,0.5,0.001,1
