,L2,L2_true,N,std,jump,jump_prob,ve,dim
0,3.7572064473802764,1.540135693538235,100,0.01,0.3,0.5,0.01,2
