,L2,L2_true,N,std,jump,jump_prob,ve,dim
0,3.6323911464456313,1.2224968541907315,163,0.01,0.3,0.5,0.01,2
