,L2,L2_true,N,std,jump,jump_prob,ve,dim
0,0.30981811960431865,0.1932933390128837,2682,0.05,0.3,0.5,0.001,1
