,L2,L2_true,N,std,jump,jump_prob,ve,dim
0,0.6110366985432187,0.565622209706387,316,0.05,0.3,0.5,0.001,1
