,L2,L2_true,N,std,jump,jump_prob,ve,dim
0,5.850332143789367,4.951381627147476,163,0.01,0.3,0.5,0.0025,2
