,L2,L2_true,N,std,jump,jump_prob,ve,dim
0,4.20146819335076,2.370386908657209,26,0.01,0.3,0.5,0.01,2
