,L2,L2_true,N,std,jump,jump_prob,ve,dim
0,2.639928353174223,0.3513040721705454,439,0.01,0.3,0.5,0.001,1
