,L2,L2_true,N,std,jump,jump_prob,ve,dim
0,2.584908250597017,2.583496933377144,22,0.2,0.3,0.5,0.001,1
