,L2,L2_true,N,std,jump,jump_prob,ve,dim
0,3.6192304428240325,0.7445821071029761,1,0.01,0.3,0.5,0.01,3
