,L2,L2_true,N,std,jump,jump_prob,ve,dim
0,3.036469543234889,0.13021421937502028,1637,0.01,0.3,0.5,0.0025,1
