,L2,L2_true,N,std,jump,jump_prob,ve,dim
0,17.57498921713175,17.300145406239313,439,0.01,0.3,0.5,0.001,3
