,L2,L2_true,N,std,jump,jump_prob,ve,dim
0,3.7182481718385554,1.5666313149513202,2,0.01,0.3,0.5,0.0025,2
