,L2,L2_true,N,std,jump,jump_prob,ve,dim
0,8.65756176950264,8.126854219164322,117,0.01,0.3,0.5,0.001,2
