,L2,L2_true,N,std,jump,jump_prob,ve,dim
0,0.978801237659331,0.9775165392453367,2,0.2,0.3,0.5,0.001,1
