,L2,L2_true,N,std,jump,jump_prob,ve,dim
0,1.5079356052918693,1.5048499544039688,3,0.2,0.3,0.5,0.001,1
