,L2,L2_true,N,std,jump,jump_prob,ve,dim
0,3.03326383417883,0.18706055619185002,719,0.01,0.3,0.5,0.0025,1
