,L2,L2_true,N,std,jump,jump_prob,ve,dim
0,3.69654686023883,1.4108283304214262,2000,0.01,0.3,0.5,0.01,3
