,L2,L2_true,N,std,jump,jump_prob,ve,dim
0,17.304736832167496,17.035997813360403,439,0.01,0.3,0.5,0.001,3
