,L2,L2_true,N,std,jump,jump_prob,ve,dim
0,4.010752835821513,1.9020539705652522,7,0.01,0.3,0.5,0.01,2
