,L2,L2_true,N,std,jump,jump_prob,ve,dim
0,9.9078290401157,9.346280753780832,138,0.01,0.3,0.5,0.0025,3
