,L2,L2_true,N,std,jump,jump_prob,ve,dim
0,5.912393447545047,4.984678923510556,117,0.01,0.3,0.5,0.0025,2
