,L2,L2_true,N,std,jump,jump_prob,ve,dim
0,3.8493246925002205,1.8643200802542061,3,0.01,0.3,0.5,0.0025,2
