,L2,L2_true,N,std,jump,jump_prob,ve,dim
0,3.5006613858472337,0.717822642460676,31,0.01,0.3,0.5,0.01,1
