,L2,L2_true,N,std,jump,jump_prob,ve,dim
0,3.0319021927047567,0.10786821404071245,1930,0.01,0.3,0.5,0.0025,1
