,L2,L2_true,N,std,jump,jump_prob,ve,dim
0,4.922026655101487,3.7952323489451603,13,0.01,0.3,0.5,0.001,3
