,L2,L2_true,N,std,jump,jump_prob,ve,dim
0,3.414608628510684,0.21601160916637357,100,0.01,0.3,0.5,0.01,1
