,L2,L2_true,N,std,jump,jump_prob,ve,dim
0,0.9249199775410263,0.90516058095111,138,0.05,0.3,0.5,0.001,1
