,L2,L2_true,N,std,jump,jump_prob,ve,dim
0,3.805458072388805,2.5678483565047316,19,0.01,0.3,0.5,0.001,1
