,L2,L2_true,N,std,jump,jump_prob,ve,dim
0,0.2500179076343418,0.24993389286337092,2275,0.2,0.3,0.5,0.001,1
