,L2,L2_true,N,std,jump,jump_prob,ve,dim
0,3.829298831095355,1.4971802815872217,4,0.01,0.3,0.5,0.01,2
