,L2,L2_true,N,std,jump,jump_prob,ve,dim
0,9.783783115054787,9.262065001898648,100,0.01,0.3,0.5,0.001,3
