,L2,L2_true,N,std,jump,jump_prob,ve,dim
0,4.328538007719488,2.5378227549555006,11,0.01,0.3,0.5,0.01,3
