,L2,L2_true,N,std,jump,jump_prob,ve,dim
0,3.915113275185268,2.543139923744133,13,0.01,0.3,0.5,0.001,1
