,L2,L2_true,N,std,jump,jump_prob,ve,dim
0,3.85347419259246,1.8683756045936584,2,0.01,0.3,0.5,0.0025,1
