,L2,L2_true,N,std,jump,jump_prob,ve,dim
0,0.9430764491341795,0.9435461270350484,193,0.2,0.3,0.5,0.001,1
