,L2,L2_true,N,std,jump,jump_prob,ve,dim
0,0.3046993352505712,0.18807216206529412,2682,0.05,0.3,0.5,0.001,1
