,L2,L2_true,N,std,jump,jump_prob,ve,dim
0,5.976482866783656,5.034154548410049,71,0.01,0.3,0.5,0.0025,2
