,L2,L2_true,N,std,jump,jump_prob,ve,dim
0,5.399246242481182,4.148057340225463,138,0.01,0.3,0.5,0.01,3
