,L2,L2_true,N,std,jump,jump_prob,ve,dim
0,3.6023315784041396,1.3278131883535047,1,0.01,0.3,0.5,0.0025,3
