,L2,L2_true,N,std,jump,jump_prob,ve,dim
0,3.618415794413442,1.8023739983220406,1,0.01,0.3,0.5,0.001,1
