,L2,L2_true,N,std,jump,jump_prob,ve,dim
0,2.489061432021013,2.4902144902590377,13,0.2,0.3,0.5,0.001,1
