,L2,L2_true,N,std,jump,jump_prob,ve,dim
0,3.4063705247386835,0.05695497290321622,2275,0.01,0.3,0.5,0.01,1
