,L2,L2_true,N,std,jump,jump_prob,ve,dim
0,6.033135797935985,5.066514678953183,51,0.01,0.3,0.5,0.0025,2
