,L2,L2_true,N,std,jump,jump_prob,ve,dim
0,5.057935441530268,3.7949950705869218,22,0.01,0.3,0.5,0.0025,2
