,L2,L2_true,N,std,jump,jump_prob,ve,dim
0,4.2433574861954195,2.381519735099349,13,0.01,0.3,0.5,0.01,2
