,L2,L2_true,N,std,jump,jump_prob,ve,dim
0,12.563381695299014,12.166386531867927,1000,0.01,0.3,0.5,0.0025,3
