,L2,L2_true,N,std,jump,jump_prob,ve,dim
0,5.620667855517976,4.533144138701825,37,0.01,0.3,0.5,0.0025,2
