,L2,L2_true,N,std,jump,jump_prob,ve,dim
0,2.669133257086922,0.5348331074507967,268,0.01,0.3,0.5,0.001,1
