,L2,L2_true,N,std,jump,jump_prob,ve,dim
0,3.048929286849686,0.3490747892000611,268,0.01,0.3,0.5,0.0025,1
