,L2,L2_true,N,std,jump,jump_prob,ve,dim
0,4.647816403177765,3.4974796326453235,372,0.01,0.3,0.5,0.0025,2
