,L2,L2_true,N,std,jump,jump_prob,ve,dim
0,8.71032091058598,8.223144960810481,227,0.01,0.3,0.5,0.001,2
