,L2,L2_true,N,std,jump,jump_prob,ve,dim
0,5.5077803407627455,4.3698153791191965,22,0.01,0.3,0.5,0.0025,3
