,L2,L2_true,N,std,jump,jump_prob,ve,dim
0,6.721666661086426,5.945089731294528,37,0.01,0.3,0.5,0.001,3
