,L2,L2_true,N,std,jump,jump_prob,ve,dim
0,3.747071300945234,1.6237190094343668,2,0.01,0.3,0.5,0.0025,3
