,L2,L2_true,N,std,jump,jump_prob,ve,dim
0,9.667812479909495,9.089976094798493,138,0.01,0.3,0.5,0.0025,3
