,L2,L2_true,N,std,jump,jump_prob,ve,dim
0,1.464425581587672,1.4614694863488316,3,0.2,0.3,0.5,0.001,1
