,L2,L2_true,N,std,jump,jump_prob,ve,dim
0,7.15705569593113,6.62486700011844,610,0.01,0.3,0.5,0.001,2
