,L2,L2_true,N,std,jump,jump_prob,ve,dim
0,3.4037353014587777,1.5328688655891765,1637,0.01,0.3,0.5,0.0025,2
