,L2,L2_true,N,std,jump,jump_prob,ve,dim
0,3.621180584851727,1.8027220247929776,1,0.01,0.3,0.5,0.001,2
