,L2,L2_true,N,std,jump,jump_prob,ve,dim
0,2.058000676414413,2.057897465362793,10,0.2,0.3,0.5,0.001,1
