,L2,L2_true,N,std,jump,jump_prob,ve,dim
0,2.561295037595166,2.5619938454433133,37,0.2,0.3,0.5,0.001,1
