,L2,L2_true,N,std,jump,jump_prob,ve,dim
0,5.478596554341923,4.23478464931528,117,0.01,0.3,0.5,0.01,3
