,L2,L2_true,N,std,jump,jump_prob,ve,dim
0,3.646181316538695,0.9351272866010337,2,0.01,0.3,0.5,0.01,2
