,L2,L2_true,N,std,jump,jump_prob,ve,dim
0,3.7548081003959277,1.298926146273777,3,0.01,0.3,0.5,0.01,2
