,L2,L2_true,N,std,jump,jump_prob,ve,dim
0,5.2509561501324,4.215109535886016,19,0.01,0.3,0.5,0.001,2
