,L2,L2_true,N,std,jump,jump_prob,ve,dim
0,0.9009170812046463,0.900480610443239,227,0.2,0.3,0.5,0.001,1
