,L2,L2_true,N,std,jump,jump_prob,ve,dim
0,5.519990559702058,4.260101287240994,71,0.01,0.3,0.5,0.01,3
