,L2,L2_true,N,std,jump,jump_prob,ve,dim
0,8.42057774172397,7.872489197208471,117,0.01,0.3,0.5,0.001,2
