,L2,L2_true,N,std,jump,jump_prob,ve,dim
0,3.417698360053124,0.28072178658219554,100,0.01,0.3,0.5,0.01,1
