,L2,L2_true,N,std,jump,jump_prob,ve,dim
0,3.4708264898706376,0.562780396985105,719,0.01,0.3,0.5,0.01,2
