,L2,L2_true,N,std,jump,jump_prob,ve,dim
0,3.718925456957695,1.4281278531452681,1930,0.01,0.3,0.5,0.01,3
