,L2,L2_true,N,std,jump,jump_prob,ve,dim
0,2.124807647821965,2.1248099847182127,43,0.2,0.3,0.5,0.001,1
