,L2,L2_true,N,std,jump,jump_prob,ve,dim
0,4.29121880619745,2.9442361871462124,7,0.01,0.3,0.5,0.001,3
