,L2,L2_true,N,std,jump,jump_prob,ve,dim
0,0.30002444965985753,0.2998310387305799,1637,0.2,0.3,0.5,0.001,1
