,L2,L2_true,N,std,jump,jump_prob,ve,dim
0,3.7230900438912915,1.1317219700201944,2,0.01,0.3,0.5,0.01,3
