,L2,L2_true,N,std,jump,jump_prob,ve,dim
0,3.6145987570586153,0.744988708353106,1,0.01,0.3,0.5,0.01,3
