,L2,L2_true,N,std,jump,jump_prob,ve,dim
0,9.283579865576495,8.660664733343738,117,0.01,0.3,0.5,0.0025,3
