,L2,L2_true,N,std,jump,jump_prob,ve,dim
0,4.184099591293611,2.4829364776327965,6,0.01,0.3,0.5,0.0025,2
