,L2,L2_true,N,std,jump,jump_prob,ve,dim
0,11.840917244902569,11.421067581674475,163,0.01,0.3,0.5,0.001,3
