,L2,L2_true,N,std,jump,jump_prob,ve,dim
0,4.026634250561533,2.6368639261685654,10,0.01,0.3,0.5,0.001,1
