,L2,L2_true,N,std,jump,jump_prob,ve,dim
0,8.329014530194451,7.789585393902365,138,0.01,0.3,0.5,0.001,2
