,L2,L2_true,N,std,jump,jump_prob,ve,dim
0,4.927680655193652,3.5956911598818415,13,0.01,0.3,0.5,0.0025,3
