,L2,L2_true,N,std,jump,jump_prob,ve,dim
0,5.384072688205576,4.380074528536022,227,0.01,0.3,0.5,0.0025,2
