,L2,L2_true,N,std,jump,jump_prob,ve,dim
0,2.368410332631968,2.368490548406954,10,0.2,0.3,0.5,0.001,1
