,L2,L2_true,N,std,jump,jump_prob,ve,dim
0,1.4120182896785305,1.250071552784487,2,0.05,0.3,0.5,0.001,1
