,L2,L2_true,N,std,jump,jump_prob,ve,dim
0,3.960263524075491,1.999054706833104,1000,0.01,0.3,0.5,0.01,3
