,L2,L2_true,N,std,jump,jump_prob,ve,dim
0,5.523535398936757,4.302740698786195,138,0.01,0.3,0.5,0.01,3
