,L2,L2_true,N,std,jump,jump_prob,ve,dim
0,19.56114057368377,19.331299527519246,610,0.01,0.3,0.5,0.001,3
