,L2,L2_true,N,std,jump,jump_prob,ve,dim
0,7.862925056449714,7.2543132558431545,84,0.01,0.3,0.5,0.001,2
