,L2,L2_true,N,std,jump,jump_prob,ve,dim
0,3.4188962679641652,0.0578986863226663,1637,0.01,0.3,0.5,0.01,1
