,L2,L2_true,N,std,jump,jump_prob,ve,dim
0,4.117584937794502,2.165354983907714,26,0.01,0.3,0.5,0.01,2
