,L2,L2_true,N,std,jump,jump_prob,ve,dim
0,3.621983609144609,0.7836287139988853,2,0.01,0.3,0.5,0.01,1
