,L2,L2_true,N,std,jump,jump_prob,ve,dim
0,3.0271690835735146,0.1411202331806245,719,0.01,0.3,0.5,0.0025,1
