,L2,L2_true,N,std,jump,jump_prob,ve,dim
0,1.6297518627326408,1.62808045007137,5,0.2,0.3,0.5,0.001,1
