,L2,L2_true,N,std,jump,jump_prob,ve,dim
0,3.9291553949672604,2.398427231866548,8,0.01,0.3,0.5,0.001,1
