,L2,L2_true,N,std,jump,jump_prob,ve,dim
0,5.175223354795385,4.11904781908916,16,0.01,0.3,0.5,0.001,3
