,L2,L2_true,N,std,jump,jump_prob,ve,dim
0,3.444339962105843,0.5292321360160157,51,0.01,0.3,0.5,0.01,1
