,L2,L2_true,N,std,jump,jump_prob,ve,dim
0,0.395347659005027,0.276040881350257,1389,0.05,0.3,0.5,0.001,1
