,L2,L2_true,N,std,jump,jump_prob,ve,dim
0,1.3113976520053825,1.2813561779386038,100,0.05,0.3,0.5,0.001,1
