,L2,L2_true,N,std,jump,jump_prob,ve,dim
0,1.2411041781073768,1.2414968265469677,117,0.2,0.3,0.5,0.001,1
