,L2,L2_true,N,std,jump,jump_prob,ve,dim
0,2.7787433740439957,2.7608202390560574,31,0.05,0.3,0.5,0.001,1
