,L2,L2_true,N,std,jump,jump_prob,ve,dim
0,1.889799957573077,1.7699632871821347,2,0.05,0.3,0.5,0.001,1
