,L2,L2_true,N,std,jump,jump_prob,ve,dim
0,2.791062164552641,2.79153267846702,13,0.2,0.3,0.5,0.001,1
