,L2,L2_true,N,std,jump,jump_prob,ve,dim
0,2.2571340598961105,2.191479626412494,7,0.05,0.3,0.5,0.001,1
