,L2,L2_true,N,std,jump,jump_prob,ve,dim
0,4.658364737675263,3.0604747720808994,16,0.01,0.3,0.5,0.01,3
