,L2,L2_true,N,std,jump,jump_prob,ve,dim
0,3.8463264820469654,1.8363423666170637,3,0.01,0.3,0.5,0.0025,3
