,L2,L2_true,N,std,jump,jump_prob,ve,dim
0,3.4141308571291455,0.2937308675313072,61,0.01,0.3,0.5,0.01,1
