,L2,L2_true,N,std,jump,jump_prob,ve,dim
0,24.54122686324877,24.36725904620468,1930,0.01,0.3,0.5,0.001,3
