,L2,L2_true,N,std,jump,jump_prob,ve,dim
0,12.667030260164736,12.261725138898415,1000,0.01,0.3,0.5,0.0025,3
