,L2,L2_true,N,std,jump,jump_prob,ve,dim
0,9.731169997828774,9.147942568706647,138,0.01,0.3,0.5,0.0025,3
