,L2,L2_true,N,std,jump,jump_prob,ve,dim
0,2.6176190800165995,0.1971821363650528,1930,0.01,0.3,0.5,0.001,1
