,L2,L2_true,N,std,jump,jump_prob,ve,dim
0,3.2285323017633507,1.0591551954584602,51,0.01,0.3,0.5,0.0025,1
