,L2,L2_true,N,std,jump,jump_prob,ve,dim
0,0.3951118028249597,0.3136303652505022,1000,0.05,0.3,0.5,0.001,1
