,L2,L2_true,N,std,jump,jump_prob,ve,dim
0,6.355618887755958,5.542672414524156,31,0.01,0.3,0.5,0.001,3
