,L2,L2_true,N,std,jump,jump_prob,ve,dim
0,10.411410284187118,9.93160029602243,117,0.01,0.3,0.5,0.001,3
