,L2,L2_true,N,std,jump,jump_prob,ve,dim
0,1.3503276216384996,1.1786484667866701,1,0.05,0.3,0.5,0.001,1
