,L2,L2_true,N,std,jump,jump_prob,ve,dim
0,1.5871974334545393,1.4515842846835592,3,0.05,0.3,0.5,0.001,1
