,L2,L2_true,N,std,jump,jump_prob,ve,dim
0,3.0461534273329973,0.27116058440371843,372,0.01,0.3,0.5,0.0025,1
