,L2,L2_true,N,std,jump,jump_prob,ve,dim
0,3.4988288617574033,1.7880454690570953,43,0.01,0.3,0.5,0.0025,1
