,L2,L2_true,N,std,jump,jump_prob,ve,dim
0,8.952853451569228,8.310172116869406,100,0.01,0.3,0.5,0.0025,3
