,L2,L2_true,N,std,jump,jump_prob,ve,dim
0,4.280448298533202,2.654181709100263,7,0.01,0.3,0.5,0.0025,3
