,L2,L2_true,N,std,jump,jump_prob,ve,dim
0,10.667869582108235,10.151244016834836,193,0.01,0.3,0.5,0.0025,3
