,L2,L2_true,N,std,jump,jump_prob,ve,dim
0,1.9364530412805327,1.9385876041621932,8,0.2,0.3,0.5,0.001,1
