,L2,L2_true,N,std,jump,jump_prob,ve,dim
0,1.1677452666722858,1.1684085186356528,117,0.2,0.3,0.5,0.001,1
