,L2,L2_true,N,std,jump,jump_prob,ve,dim
0,3.0512929848250105,0.32354605124401276,316,0.01,0.3,0.5,0.0025,1
