,L2,L2_true,N,std,jump,jump_prob,ve,dim
0,3.0139481431357686,2.9927351899344297,16,0.05,0.3,0.5,0.001,1
