,L2,L2_true,N,std,jump,jump_prob,ve,dim
0,12.624035862108865,12.24085570027889,193,0.01,0.3,0.5,0.001,3
