,L2,L2_true,N,std,jump,jump_prob,ve,dim
0,5.847785546517821,4.9491038230608275,193,0.01,0.3,0.5,0.0025,2
