,L2,L2_true,N,std,jump,jump_prob,ve,dim
0,2.6329960852356216,0.28413193754365423,1000,0.01,0.3,0.5,0.001,1
