,L2,L2_true,N,std,jump,jump_prob,ve,dim
0,5.289437832377063,3.9714417842957146,43,0.01,0.3,0.5,0.01,3
