,L2,L2_true,N,std,jump,jump_prob,ve,dim
0,3.0376014356976806,0.13725328103528073,1178,0.01,0.3,0.5,0.0025,1
