,L2,L2_true,N,std,jump,jump_prob,ve,dim
0,2.681678943002202,0.5847772398703253,268,0.01,0.3,0.5,0.001,1
