,L2,L2_true,N,std,jump,jump_prob,ve,dim
0,24.171141947475363,24.010230058127185,3000,0.01,0.3,0.5,0.001,3
