,L2,L2_true,N,std,jump,jump_prob,ve,dim
0,3.6966720301686826,1.3922701317619202,138,0.01,0.3,0.5,0.01,2
