,L2,L2_true,N,std,jump,jump_prob,ve,dim
0,3.069468284867551,0.4429171258821045,193,0.01,0.3,0.5,0.0025,1
