,L2,L2_true,N,std,jump,jump_prob,ve,dim
0,0.4259507034671851,0.3608046649868403,848,0.05,0.3,0.5,0.001,1
