,L2,L2_true,N,std,jump,jump_prob,ve,dim
0,1.3494680012157938,1.1781857878493982,1,0.05,0.3,0.5,0.001,1
