,L2,L2_true,N,std,jump,jump_prob,ve,dim
0,8.348612079034755,7.869818851416896,372,0.01,0.3,0.5,0.001,2
