,L2,L2_true,N,std,jump,jump_prob,ve,dim
0,3.6185936909635816,1.330010361590747,1,0.01,0.3,0.5,0.0025,3
