,L2,L2_true,N,std,jump,jump_prob,ve,dim
0,3.412127539119622,0.17894004498512378,268,0.01,0.3,0.5,0.01,1
