,L2,L2_true,N,std,jump,jump_prob,ve,dim
0,1.4149974175976068,1.253263596856858,2,0.05,0.3,0.5,0.001,1
