,L2,L2_true,N,std,jump,jump_prob,ve,dim
0,2.6188793709601805,0.2072372378535526,1637,0.01,0.3,0.5,0.001,1
