,L2,L2_true,N,std,jump,jump_prob,ve,dim
0,4.017688378066547,2.548169531449364,7,0.01,0.3,0.5,0.001,1
