,L2,L2_true,N,std,jump,jump_prob,ve,dim
0,2.032495497506825,2.032421190662495,37,0.2,0.3,0.5,0.001,1
