,L2,L2_true,N,std,jump,jump_prob,ve,dim
0,3.2907265472239087,1.2862399526722295,2275,0.01,0.3,0.5,0.0025,2
