,L2,L2_true,N,std,jump,jump_prob,ve,dim
0,4.512635739257273,3.0116972155036765,10,0.01,0.3,0.5,0.0025,2
