,L2,L2_true,N,std,jump,jump_prob,ve,dim
0,1.6258975974353123,1.6149346742571409,61,0.05,0.3,0.5,0.001,1
