,L2,L2_true,N,std,jump,jump_prob,ve,dim
0,3.7169485617782603,1.126059974393642,2,0.01,0.3,0.5,0.01,2
