,L2,L2_true,N,std,jump,jump_prob,ve,dim
0,3.944041432973367,1.763483873996196,5,0.01,0.3,0.5,0.01,3
