,L2,L2_true,N,std,jump,jump_prob,ve,dim
0,4.415092735430753,3.104199009155345,8,0.01,0.3,0.5,0.001,2
