,L2,L2_true,N,std,jump,jump_prob,ve,dim
0,4.049668838079713,2.076707344150174,37,0.01,0.3,0.5,0.01,2
