,L2,L2_true,N,std,jump,jump_prob,ve,dim
0,4.663144313996742,3.847875297629863,1930,0.01,0.3,0.5,0.001,2
