,L2,L2_true,N,std,jump,jump_prob,ve,dim
0,12.964815412304263,12.579281614579584,848,0.01,0.3,0.5,0.0025,3
