,L2,L2_true,N,std,jump,jump_prob,ve,dim
0,4.596399780046896,3.3536320470091083,10,0.01,0.3,0.5,0.001,3
