,L2,L2_true,N,std,jump,jump_prob,ve,dim
0,0.516420674925229,0.4711010720657326,439,0.05,0.3,0.5,0.001,1
