,L2,L2_true,N,std,jump,jump_prob,ve,dim
0,4.087115806088703,2.3226843849324528,5,0.01,0.3,0.5,0.0025,2
