,L2,L2_true,N,std,jump,jump_prob,ve,dim
0,2.2348820872978696,2.2339611211853585,7,0.2,0.3,0.5,0.001,1
