,L2,L2_true,N,std,jump,jump_prob,ve,dim
0,3.6787154794400085,1.5158309175890887,2,0.01,0.3,0.5,0.0025,3
