,L2,L2_true,N,std,jump,jump_prob,ve,dim
0,2.270785847709917,2.272130964971164,26,0.2,0.3,0.5,0.001,1
