,L2,L2_true,N,std,jump,jump_prob,ve,dim
0,3.7329306318932023,1.7152385171269424,8,0.01,0.3,0.5,0.0025,1
