,L2,L2_true,N,std,jump,jump_prob,ve,dim
0,5.792375417108168,4.7282916356024085,26,0.01,0.3,0.5,0.0025,3
