,L2,L2_true,N,std,jump,jump_prob,ve,dim
0,10.510125832802819,9.991422084410685,193,0.01,0.3,0.5,0.0025,3
