,L2,L2_true,N,std,jump,jump_prob,ve,dim
0,2.6423837306146436,0.33649456348753237,610,0.01,0.3,0.5,0.001,1
