,L2,L2_true,N,std,jump,jump_prob,ve,dim
0,1.7375027918622388,1.7398426348116838,5,0.2,0.3,0.5,0.001,1
