,L2,L2_true,N,std,jump,jump_prob,ve,dim
0,3.60421896810091,1.1599666241449962,193,0.01,0.3,0.5,0.01,2
