,L2,L2_true,N,std,jump,jump_prob,ve,dim
0,5.828893832492039,4.888309311089824,117,0.01,0.3,0.5,0.0025,2
