,L2,L2_true,N,std,jump,jump_prob,ve,dim
0,2.6931959584236074,0.6142284299168114,193,0.01,0.3,0.5,0.001,1
