,L2,L2_true,N,std,jump,jump_prob,ve,dim
0,4.353633363782875,3.030716915603092,8,0.01,0.3,0.5,0.001,2
