,L2,L2_true,N,std,jump,jump_prob,ve,dim
0,3.7936506667800525,2.1272443771279383,3,0.01,0.3,0.5,0.001,1
