,L2,L2_true,N,std,jump,jump_prob,ve,dim
0,6.347695324326049,5.540056395731781,43,0.01,0.3,0.5,0.001,2
