,L2,L2_true,N,std,jump,jump_prob,ve,dim
0,1.3729067461629292,1.3721260518237597,100,0.2,0.3,0.5,0.001,1
