,L2,L2_true,N,std,jump,jump_prob,ve,dim
0,3.0888935692190884,0.6012699213141199,117,0.01,0.3,0.5,0.0025,1
