,L2,L2_true,N,std,jump,jump_prob,ve,dim
0,3.417705791481403,0.05494886977446226,2275,0.01,0.3,0.5,0.01,1
