,L2,L2_true,N,std,jump,jump_prob,ve,dim
0,3.4333314259566046,0.37022998450677,1389,0.01,0.3,0.5,0.01,2
