,L2,L2_true,N,std,jump,jump_prob,ve,dim
0,3.043063949231166,0.26291409899524437,372,0.01,0.3,0.5,0.0025,1
