,L2,L2_true,N,std,jump,jump_prob,ve,dim
0,24.586732941777967,24.420045471771445,1637,0.01,0.3,0.5,0.001,3
