,L2,L2_true,N,std,jump,jump_prob,ve,dim
0,3.9309369886431718,2.048807216767476,4,0.01,0.3,0.5,0.0025,2
