,L2,L2_true,N,std,jump,jump_prob,ve,dim
0,3.042804957577469,0.321687946166322,316,0.01,0.3,0.5,0.0025,1
