,L2,L2_true,N,std,jump,jump_prob,ve,dim
0,2.1455046657663654,2.057352114053366,5,0.05,0.3,0.5,0.001,1
