,L2,L2_true,N,std,jump,jump_prob,ve,dim
0,3.729218621610751,1.6733887733378117,5,0.01,0.3,0.5,0.0025,1
