,L2,L2_true,N,std,jump,jump_prob,ve,dim
0,3.6747493885730087,1.3214812802768099,117,0.01,0.3,0.5,0.01,2
