,L2,L2_true,N,std,jump,jump_prob,ve,dim
0,7.54289191362309,7.033141408887943,517,0.01,0.3,0.5,0.001,2
