,L2,L2_true,N,std,jump,jump_prob,ve,dim
0,4.64468348426371,3.2097001378177636,13,0.01,0.3,0.5,0.0025,2
