,L2,L2_true,N,std,jump,jump_prob,ve,dim
0,8.783916262031964,8.298306783934626,193,0.01,0.3,0.5,0.001,2
