,L2,L2_true,N,std,jump,jump_prob,ve,dim
0,6.091058545608672,5.131979731738878,51,0.01,0.3,0.5,0.0025,2
