,L2,L2_true,N,std,jump,jump_prob,ve,dim
0,0.7974188252018158,0.7814877868365665,193,0.05,0.3,0.5,0.001,1
