,L2,L2_true,N,std,jump,jump_prob,ve,dim
0,3.8038706287990585,1.7715895483016508,3,0.01,0.3,0.5,0.0025,2
