,L2,L2_true,N,std,jump,jump_prob,ve,dim
0,3.647628925344163,1.4459973656390273,2,0.01,0.3,0.5,0.0025,1
