,L2,L2_true,N,std,jump,jump_prob,ve,dim
0,2.42376501190718,2.424221107774319,11,0.2,0.3,0.5,0.001,1
