,L2,L2_true,N,std,jump,jump_prob,ve,dim
0,3.274513129734732,1.1863754179938277,43,0.01,0.3,0.5,0.0025,1
