,L2,L2_true,N,std,jump,jump_prob,ve,dim
0,3.6256294818683417,0.7446611959434811,1,0.01,0.3,0.5,0.01,1
