,L2,L2_true,N,std,jump,jump_prob,ve,dim
0,3.193627749129138,1.0097228967078886,61,0.01,0.3,0.5,0.0025,1
