,L2,L2_true,N,std,jump,jump_prob,ve,dim
0,2.4285640618203983,2.3905313268830337,13,0.05,0.3,0.5,0.001,1
