,L2,L2_true,N,std,jump,jump_prob,ve,dim
0,4.989876735324051,3.8798643780480835,13,0.01,0.3,0.5,0.001,2
