,L2,L2_true,N,std,jump,jump_prob,ve,dim
0,2.5406494477198596,2.5408458147786623,22,0.2,0.3,0.5,0.001,1
