,L2,L2_true,N,std,jump,jump_prob,ve,dim
0,3.024893864739133,3.024886795917353,43,0.2,0.3,0.5,0.001,1
