,L2,L2_true,N,std,jump,jump_prob,ve,dim
0,12.517026827506863,12.131089838201678,193,0.01,0.3,0.5,0.001,3
