,L2,L2_true,N,std,jump,jump_prob,ve,dim
0,3.4124410150461415,0.06054503815290476,2682,0.01,0.3,0.5,0.01,1
