,L2,L2_true,N,std,jump,jump_prob,ve,dim
0,4.356347673059843,3.466731618026975,2275,0.01,0.3,0.5,0.001,2
