,L2,L2_true,N,std,jump,jump_prob,ve,dim
0,24.563961037553575,24.393173043517915,2275,0.01,0.3,0.5,0.001,3
