,L2,L2_true,N,std,jump,jump_prob,ve,dim
0,4.40223941450354,2.632242360602458,11,0.01,0.3,0.5,0.01,3
