,L2,L2_true,N,std,jump,jump_prob,ve,dim
0,2.6254043802118745,0.19673153157425954,1637,0.01,0.3,0.5,0.001,1
