,L2,L2_true,N,std,jump,jump_prob,ve,dim
0,3.855289677898888,1.8716200125518596,3,0.01,0.3,0.5,0.0025,3
