,L2,L2_true,N,std,jump,jump_prob,ve,dim
0,4.620308102124977,3.7862392462334507,1930,0.01,0.3,0.5,0.001,2
