,L2,L2_true,N,std,jump,jump_prob,ve,dim
0,2.762697579223427,0.9874689987552047,163,0.01,0.3,0.5,0.001,1
