,L2,L2_true,N,std,jump,jump_prob,ve,dim
0,2.7777341701540004,0.892669386103652,117,0.01,0.3,0.5,0.001,1
