,L2,L2_true,N,std,jump,jump_prob,ve,dim
0,5.548088127952897,4.585992293025453,22,0.01,0.3,0.5,0.001,2
