,L2,L2_true,N,std,jump,jump_prob,ve,dim
0,4.985603832592779,3.691849216831739,19,0.01,0.3,0.5,0.0025,2
