,L2,L2_true,N,std,jump,jump_prob,ve,dim
0,15.10175221582074,14.779468072987328,316,0.01,0.3,0.5,0.001,3
