,L2,L2_true,N,std,jump,jump_prob,ve,dim
0,3.225558251747102,1.106528198038606,3000,0.01,0.3,0.5,0.0025,2
