,L2,L2_true,N,std,jump,jump_prob,ve,dim
0,3.49040468469562,1.7123797786973152,1389,0.01,0.3,0.5,0.0025,2
