,L2,L2_true,N,std,jump,jump_prob,ve,dim
0,8.163823878800795,7.689473149107593,372,0.01,0.3,0.5,0.001,2
