,L2,L2_true,N,std,jump,jump_prob,ve,dim
0,0.4645211483474138,0.423787737584853,719,0.05,0.3,0.5,0.001,1
