,L2,L2_true,N,std,jump,jump_prob,ve,dim
0,2.238433062630686,2.1535193359120592,6,0.05,0.3,0.5,0.001,1
