,L2,L2_true,N,std,jump,jump_prob,ve,dim
0,3.8782809863101804,1.6321655059643905,4,0.01,0.3,0.5,0.01,3
