,L2,L2_true,N,std,jump,jump_prob,ve,dim
0,0.7519794046809809,0.7520464358097536,268,0.2,0.3,0.5,0.001,1
