,L2,L2_true,N,std,jump,jump_prob,ve,dim
0,5.511769045163713,4.266287981233643,71,0.01,0.3,0.5,0.01,3
