,L2,L2_true,N,std,jump,jump_prob,ve,dim
0,5.035985716535085,3.5976049132810717,26,0.01,0.3,0.5,0.01,3
