,L2,L2_true,N,std,jump,jump_prob,ve,dim
0,5.75267525025756,4.826116954382388,138,0.01,0.3,0.5,0.0025,2
