,L2,L2_true,N,std,jump,jump_prob,ve,dim
0,5.3949536053792615,4.142778445626393,138,0.01,0.3,0.5,0.01,3
