,L2,L2_true,N,std,jump,jump_prob,ve,dim
0,2.2198361268247337,2.136263735727506,7,0.05,0.3,0.5,0.001,1
