,L2,L2_true,N,std,jump,jump_prob,ve,dim
0,3.343566044422156,1.266164930311283,26,0.01,0.3,0.5,0.0025,1
