,L2,L2_true,N,std,jump,jump_prob,ve,dim
0,1.8069148788571614,1.6834221092605375,4,0.05,0.3,0.5,0.001,1
