,L2,L2_true,N,std,jump,jump_prob,ve,dim
0,3.410696939843395,0.0852914443768782,719,0.01,0.3,0.5,0.01,1
