,L2,L2_true,N,std,jump,jump_prob,ve,dim
0,2.103334287084574,2.0513538091249366,10,0.05,0.3,0.5,0.001,1
