,L2,L2_true,N,std,jump,jump_prob,ve,dim
0,3.415905712953151,0.08081674466736354,610,0.01,0.3,0.5,0.01,1
