,L2,L2_true,N,std,jump,jump_prob,ve,dim
0,3.34024171835994,1.389461247181041,2000,0.01,0.3,0.5,0.0025,2
