,L2,L2_true,N,std,jump,jump_prob,ve,dim
0,5.3121180765598215,3.993017900696337,43,0.01,0.3,0.5,0.01,3
