,L2,L2_true,N,std,jump,jump_prob,ve,dim
0,3.4863356407290005,0.7589803846586285,372,0.01,0.3,0.5,0.01,2
