,L2,L2_true,N,std,jump,jump_prob,ve,dim
0,3.5732786062155815,1.898271384686959,26,0.01,0.3,0.5,0.0025,1
