,L2,L2_true,N,std,jump,jump_prob,ve,dim
0,7.077412097910556,6.222198471643452,51,0.01,0.3,0.5,0.0025,3
