,L2,L2_true,N,std,jump,jump_prob,ve,dim
0,3.9357375258881184,2.552666103903815,10,0.01,0.3,0.5,0.001,1
