,L2,L2_true,N,std,jump,jump_prob,ve,dim
0,3.81817063618364,1.4355621642471137,3,0.01,0.3,0.5,0.01,2
