,L2,L2_true,N,std,jump,jump_prob,ve,dim
0,3.40836561749923,0.15268117834672085,227,0.01,0.3,0.5,0.01,1
