,L2,L2_true,N,std,jump,jump_prob,ve,dim
0,2.6719511521289663,0.6261549700501431,268,0.01,0.3,0.5,0.001,1
