,L2,L2_true,N,std,jump,jump_prob,ve,dim
0,5.659078627890702,4.593161984718948,37,0.01,0.3,0.5,0.0025,2
