,L2,L2_true,N,std,jump,jump_prob,ve,dim
0,12.652263867794424,12.240079560770367,517,0.01,0.3,0.5,0.0025,3
