,L2,L2_true,N,std,jump,jump_prob,ve,dim
0,3.732329215959229,1.7996350495170406,7,0.01,0.3,0.5,0.0025,1
