,L2,L2_true,N,std,jump,jump_prob,ve,dim
0,3.4181694301605825,0.17521066708800775,372,0.01,0.3,0.5,0.01,1
