,L2,L2_true,N,std,jump,jump_prob,ve,dim
0,0.37773707876476087,0.3703021519644674,1,0.2,0.3,0.5,0.001,1
