,L2,L2_true,N,std,jump,jump_prob,ve,dim
0,3.725092569560761,1.1558828776044798,2,0.01,0.3,0.5,0.01,3
