,L2,L2_true,N,std,jump,jump_prob,ve,dim
0,2.6221796305172926,0.18602944787700817,2275,0.01,0.3,0.5,0.001,1
