,L2,L2_true,N,std,jump,jump_prob,ve,dim
0,9.724817535504222,9.21318610278296,100,0.01,0.3,0.5,0.001,3
