,L2,L2_true,N,std,jump,jump_prob,ve,dim
0,0.31876108443180845,0.22451980893949747,2275,0.05,0.3,0.5,0.001,1
