,L2,L2_true,N,std,jump,jump_prob,ve,dim
0,2.1605151665054447,2.0674004313175884,5,0.05,0.3,0.5,0.001,1
