,L2,L2_true,N,std,jump,jump_prob,ve,dim
0,10.450268726928801,9.970422812503491,117,0.01,0.3,0.5,0.001,3
