,L2,L2_true,N,std,jump,jump_prob,ve,dim
0,4.181069060691479,2.5028706730948986,7,0.01,0.3,0.5,0.0025,2
