,L2,L2_true,N,std,jump,jump_prob,ve,dim
0,3.415035665123241,0.07784100611780086,1178,0.01,0.3,0.5,0.01,1
