,L2,L2_true,N,std,jump,jump_prob,ve,dim
0,7.6516942371684245,7.14117762442197,517,0.01,0.3,0.5,0.001,2
