,L2,L2_true,N,std,jump,jump_prob,ve,dim
0,3.8635418838725015,2.3061778670221664,6,0.01,0.3,0.5,0.001,1
