,L2,L2_true,N,std,jump,jump_prob,ve,dim
0,4.2308814190846435,2.371328062012446,19,0.01,0.3,0.5,0.01,2
