,L2,L2_true,N,std,jump,jump_prob,ve,dim
0,3.433659133393646,0.349183116713982,51,0.01,0.3,0.5,0.01,1
