,L2,L2_true,N,std,jump,jump_prob,ve,dim
0,4.716140556748106,3.30778130993114,13,0.01,0.3,0.5,0.0025,2
