,L2,L2_true,N,std,jump,jump_prob,ve,dim
0,3.7644671624068766,1.5611018389779683,16,0.01,0.3,0.5,0.01,1
