,L2,L2_true,N,std,jump,jump_prob,ve,dim
0,3.4511150958447936,0.47785128850615793,1000,0.01,0.3,0.5,0.01,2
