,L2,L2_true,N,std,jump,jump_prob,ve,dim
0,7.445701780638427,6.6520215876736355,61,0.01,0.3,0.5,0.0025,3
