,L2,L2_true,N,std,jump,jump_prob,ve,dim
0,3.7037848360666787,1.984915062002017,3,0.01,0.3,0.5,0.001,1
