,L2,L2_true,N,std,jump,jump_prob,ve,dim
0,3.4391511065813285,0.35507610734836176,1637,0.01,0.3,0.5,0.01,2
