,L2,L2_true,N,std,jump,jump_prob,ve,dim
0,3.6898748985236174,1.9673689375380004,3,0.01,0.3,0.5,0.001,1
