,L2,L2_true,N,std,jump,jump_prob,ve,dim
0,3.413167673814351,0.13895891818352799,316,0.01,0.3,0.5,0.01,1
