,L2,L2_true,N,std,jump,jump_prob,ve,dim
0,8.62472107502813,7.954218063181527,84,0.01,0.3,0.5,0.0025,3
