,L2,L2_true,N,std,jump,jump_prob,ve,dim
0,3.9686230606652693,2.0184028003031944,1000,0.01,0.3,0.5,0.01,3
