,L2,L2_true,N,std,jump,jump_prob,ve,dim
0,3.8444235508900935,1.5346408261669984,4,0.01,0.3,0.5,0.01,2
