,L2,L2_true,N,std,jump,jump_prob,ve,dim
0,4.374539446092299,2.5677311032979704,11,0.01,0.3,0.5,0.01,3
