,L2,L2_true,N,std,jump,jump_prob,ve,dim
0,10.187300019141837,9.644206308328512,163,0.01,0.3,0.5,0.0025,3
