,L2,L2_true,N,std,jump,jump_prob,ve,dim
0,4.24928855971457,2.4033726853494013,26,0.01,0.3,0.5,0.01,2
