,L2,L2_true,N,std,jump,jump_prob,ve,dim
0,3.101231971103955,0.6252239319356782,100,0.01,0.3,0.5,0.0025,1
