,L2,L2_true,N,std,jump,jump_prob,ve,dim
0,15.167434298914559,14.858303082787627,316,0.01,0.3,0.5,0.001,3
