,L2,L2_true,N,std,jump,jump_prob,ve,dim
0,1.0479457965826844,1.041674649325835,138,0.05,0.3,0.5,0.001,1
