,L2,L2_true,N,std,jump,jump_prob,ve,dim
0,3.734810646070529,1.2936788691552503,5,0.01,0.3,0.5,0.01,1
