,L2,L2_true,N,std,jump,jump_prob,ve,dim
0,4.850633756849949,3.437097108338069,316,0.01,0.3,0.5,0.01,3
