,L2,L2_true,N,std,jump,jump_prob,ve,dim
0,2.6100699193014276,2.6102152808616914,16,0.2,0.3,0.5,0.001,1
