,L2,L2_true,N,std,jump,jump_prob,ve,dim
0,11.611632765250953,11.156540016191327,316,0.01,0.3,0.5,0.0025,3
