,L2,L2_true,N,std,jump,jump_prob,ve,dim
0,3.44949422584706,0.4104778165594501,43,0.01,0.3,0.5,0.01,1
