,L2,L2_true,N,std,jump,jump_prob,ve,dim
0,24.205835527884016,24.027350717278086,1930,0.01,0.3,0.5,0.001,3
