,L2,L2_true,N,std,jump,jump_prob,ve,dim
0,4.489603018078524,3.211600308548615,10,0.01,0.3,0.5,0.001,2
