,L2,L2_true,N,std,jump,jump_prob,ve,dim
0,2.6346999464126357,0.40186206582459516,439,0.01,0.3,0.5,0.001,1
