,L2,L2_true,N,std,jump,jump_prob,ve,dim
0,3.4537048272977624,0.45705249432924816,1000,0.01,0.3,0.5,0.01,2
