,L2,L2_true,N,std,jump,jump_prob,ve,dim
0,4.4738535219483815,3.264588754920483,439,0.01,0.3,0.5,0.0025,2
