,L2,L2_true,N,std,jump,jump_prob,ve,dim
0,5.654990284944539,4.708960081353159,163,0.01,0.3,0.5,0.0025,2
