,L2,L2_true,N,std,jump,jump_prob,ve,dim
0,10.922447597656154,10.419176220992696,227,0.01,0.3,0.5,0.0025,3
