,L2,L2_true,N,std,jump,jump_prob,ve,dim
0,3.638032207788545,1.9764302214247955,1000,0.01,0.3,0.5,0.0025,2
