,L2,L2_true,N,std,jump,jump_prob,ve,dim
0,10.847651720852005,10.351717863100435,227,0.01,0.3,0.5,0.0025,3
