,L2,L2_true,N,std,jump,jump_prob,ve,dim
0,6.304405991062454,5.490851006096719,37,0.01,0.3,0.5,0.001,2
