,L2,L2_true,N,std,jump,jump_prob,ve,dim
0,1.9746229606918695,1.9523655065655419,51,0.05,0.3,0.5,0.001,1
