,L2,L2_true,N,std,jump,jump_prob,ve,dim
0,4.056095436203907,2.553171731571166,5,0.01,0.3,0.5,0.001,2
