,L2,L2_true,N,std,jump,jump_prob,ve,dim
0,4.318222489661854,2.521133206749914,11,0.01,0.3,0.5,0.01,2
