,L2,L2_true,N,std,jump,jump_prob,ve,dim
0,3.9950074183062787,2.0486707696475754,1000,0.01,0.3,0.5,0.01,3
