,L2,L2_true,N,std,jump,jump_prob,ve,dim
0,4.572658212582363,3.0164554005799915,439,0.01,0.3,0.5,0.01,3
