,L2,L2_true,N,std,jump,jump_prob,ve,dim
0,2.400341144209729,2.4000385902097245,10,0.2,0.3,0.5,0.001,1
