,L2,L2_true,N,std,jump,jump_prob,ve,dim
0,3.426021639549919,0.17579696088057944,193,0.01,0.3,0.5,0.01,1
