,L2,L2_true,N,std,jump,jump_prob,ve,dim
0,2.5198837531404408,2.4973656005415057,19,0.05,0.3,0.5,0.001,1
