,L2,L2_true,N,std,jump,jump_prob,ve,dim
0,2.5152999015270003,2.5149937525453407,7,0.2,0.3,0.5,0.001,1
