,L2,L2_true,N,std,jump,jump_prob,ve,dim
0,2.0756044778777416,1.9984239920386746,7,0.05,0.3,0.5,0.001,1
