,L2,L2_true,N,std,jump,jump_prob,ve,dim
0,3.424199356322872,0.0371896749278843,1930,0.01,0.3,0.5,0.01,1
