,L2,L2_true,N,std,jump,jump_prob,ve,dim
0,3.864700892761147,1.970276222336389,6,0.01,0.3,0.5,0.0025,1
