,L2,L2_true,N,std,jump,jump_prob,ve,dim
0,8.472759775353632,7.9662714212651755,193,0.01,0.3,0.5,0.001,2
