,L2,L2_true,N,std,jump,jump_prob,ve,dim
0,3.0471472662369723,0.26720142459842977,372,0.01,0.3,0.5,0.0025,1
