,L2,L2_true,N,std,jump,jump_prob,ve,dim
0,4.126747059613494,2.1611564843528215,16,0.01,0.3,0.5,0.01,2
