,L2,L2_true,N,std,jump,jump_prob,ve,dim
0,7.742014371756864,7.124223249743068,84,0.01,0.3,0.5,0.001,2
