,L2,L2_true,N,std,jump,jump_prob,ve,dim
0,3.405522827087229,0.14603592048462294,439,0.01,0.3,0.5,0.01,1
