,L2,L2_true,N,std,jump,jump_prob,ve,dim
0,3.611493354871237,1.1392950565858841,193,0.01,0.3,0.5,0.01,2
