,L2,L2_true,N,std,jump,jump_prob,ve,dim
0,5.90990227454717,4.999670447730435,163,0.01,0.3,0.5,0.0025,2
