,L2,L2_true,N,std,jump,jump_prob,ve,dim
0,3.844450492606012,1.5324262105314828,4,0.01,0.3,0.5,0.01,2
