,L2,L2_true,N,std,jump,jump_prob,ve,dim
0,3.619291889707346,1.3288562907578119,1,0.01,0.3,0.5,0.0025,2
