,L2,L2_true,N,std,jump,jump_prob,ve,dim
0,3.4144874123523117,1.41108263668613,22,0.01,0.3,0.5,0.0025,1
