,L2,L2_true,N,std,jump,jump_prob,ve,dim
0,8.319330047637237,7.77058833813563,138,0.01,0.3,0.5,0.001,2
