,L2,L2_true,N,std,jump,jump_prob,ve,dim
0,3.5400360233917896,0.9005234478331401,316,0.01,0.3,0.5,0.01,2
