,L2,L2_true,N,std,jump,jump_prob,ve,dim
0,4.16269673494828,2.2954653315243343,26,0.01,0.3,0.5,0.01,2
