,L2,L2_true,N,std,jump,jump_prob,ve,dim
0,3.832387596169643,1.520163406783016,4,0.01,0.3,0.5,0.01,2
