,L2,L2_true,N,std,jump,jump_prob,ve,dim
0,4.576845356897777,3.4059275574697963,372,0.01,0.3,0.5,0.0025,2
