,L2,L2_true,N,std,jump,jump_prob,ve,dim
0,5.246211743594062,4.234129615974014,227,0.01,0.3,0.5,0.0025,2
