,L2,L2_true,N,std,jump,jump_prob,ve,dim
0,3.4138391836988804,0.05394529785621962,1637,0.01,0.3,0.5,0.01,1
