,L2,L2_true,N,std,jump,jump_prob,ve,dim
0,3.6196107696773003,0.7449137175779419,1,0.01,0.3,0.5,0.01,3
