,L2,L2_true,N,std,jump,jump_prob,ve,dim
0,8.082345578412992,7.452612984696131,61,0.01,0.3,0.5,0.001,3
