,L2,L2_true,N,std,jump,jump_prob,ve,dim
0,6.042129824846398,5.430795991149598,1000,0.01,0.3,0.5,0.001,2
