,L2,L2_true,N,std,jump,jump_prob,ve,dim
0,2.8275956278719,1.0976041515375046,138,0.01,0.3,0.5,0.001,1
