,L2,L2_true,N,std,jump,jump_prob,ve,dim
0,3.058169678755171,0.4033764018208043,227,0.01,0.3,0.5,0.0025,1
