,L2,L2_true,N,std,jump,jump_prob,ve,dim
0,2.6418255266212243,0.3433260211273455,719,0.01,0.3,0.5,0.001,1
