,L2,L2_true,N,std,jump,jump_prob,ve,dim
0,4.423256578796831,3.124183199979246,8,0.01,0.3,0.5,0.001,3
