,L2,L2_true,N,std,jump,jump_prob,ve,dim
0,3.6271144254499768,0.745292484300052,1,0.01,0.3,0.5,0.01,1
