,L2,L2_true,N,std,jump,jump_prob,ve,dim
0,3.095290873264617,0.6180226304706851,84,0.01,0.3,0.5,0.0025,1
