,L2,L2_true,N,std,jump,jump_prob,ve,dim
0,3.6277004250696634,1.8050681809347322,1,0.01,0.3,0.5,0.001,1
