,L2,L2_true,N,std,jump,jump_prob,ve,dim
0,3.0315485913535105,0.1429746412746998,1178,0.01,0.3,0.5,0.0025,1
