,L2,L2_true,N,std,jump,jump_prob,ve,dim
0,5.39821052023677,4.386820367535594,19,0.01,0.3,0.5,0.001,3
