,L2,L2_true,N,std,jump,jump_prob,ve,dim
0,2.134839378044594,2.1340401570828713,6,0.2,0.3,0.5,0.001,1
