,L2,L2_true,N,std,jump,jump_prob,ve,dim
0,0.3437518139334097,0.27747369275923717,1637,0.05,0.3,0.5,0.001,1
