,L2,L2_true,N,std,jump,jump_prob,ve,dim
0,3.338825205297057,1.376269758869013,2000,0.01,0.3,0.5,0.0025,2
