,L2,L2_true,N,std,jump,jump_prob,ve,dim
0,2.2732749005987003,2.273134868880937,8,0.2,0.3,0.5,0.001,1
