,L2,L2_true,N,std,jump,jump_prob,ve,dim
0,3.612366122275294,1.328585366326474,1,0.01,0.3,0.5,0.0025,3
