,L2,L2_true,N,std,jump,jump_prob,ve,dim
0,4.698696576859889,3.276405377060731,11,0.01,0.3,0.5,0.0025,3
