,L2,L2_true,N,std,jump,jump_prob,ve,dim
0,9.716621131555579,9.141169462865209,138,0.01,0.3,0.5,0.0025,3
