,L2,L2_true,N,std,jump,jump_prob,ve,dim
0,3.432655043949755,0.372345237667703,26,0.01,0.3,0.5,0.01,1
