,L2,L2_true,N,std,jump,jump_prob,ve,dim
0,3.723715174578278,1.28642425457784,5,0.01,0.3,0.5,0.01,1
