,L2,L2_true,N,std,jump,jump_prob,ve,dim
0,3.7079779986745245,1.110032488787657,2,0.01,0.3,0.5,0.01,3
