,L2,L2_true,N,std,jump,jump_prob,ve,dim
0,1.5210898716870906,1.493494504716468,71,0.05,0.3,0.5,0.001,1
