,L2,L2_true,N,std,jump,jump_prob,ve,dim
0,3.8321008239728678,1.7071814182603768,1389,0.01,0.3,0.5,0.01,3
