,L2,L2_true,N,std,jump,jump_prob,ve,dim
0,3.0436865930236756,0.22396980146342046,610,0.01,0.3,0.5,0.0025,1
