,L2,L2_true,N,std,jump,jump_prob,ve,dim
0,0.1955257179338711,0.1944408960311342,3162,0.2,0.3,0.5,0.001,1
