,L2,L2_true,N,std,jump,jump_prob,ve,dim
0,3.4447378445424897,1.4920162307038058,26,0.01,0.3,0.5,0.0025,1
