,L2,L2_true,N,std,jump,jump_prob,ve,dim
0,1.348585493807042,1.1775297066911008,1,0.05,0.3,0.5,0.001,1
