,L2,L2_true,N,std,jump,jump_prob,ve,dim
0,2.6159015705067428,0.16131365469135855,2682,0.01,0.3,0.5,0.001,1
