,L2,L2_true,N,std,jump,jump_prob,ve,dim
0,4.099768313085169,2.2153327589110994,43,0.01,0.3,0.5,0.01,2
