,L2,L2_true,N,std,jump,jump_prob,ve,dim
0,2.7650298392158015,0.9024009623909677,163,0.01,0.3,0.5,0.001,1
