,L2,L2_true,N,std,jump,jump_prob,ve,dim
0,22.716103662201522,22.52502997344436,1178,0.01,0.3,0.5,0.001,3
