,L2,L2_true,N,std,jump,jump_prob,ve,dim
0,0.38611663116850714,0.2969296686211581,1389,0.05,0.3,0.5,0.001,1
