,L2,L2_true,N,std,jump,jump_prob,ve,dim
0,5.069591663396065,3.816875748953231,19,0.01,0.3,0.5,0.0025,2
