,L2,L2_true,N,std,jump,jump_prob,ve,dim
0,3.3109371706344164,2.080443766933258,61,0.01,0.3,0.5,0.001,1
