,L2,L2_true,N,std,jump,jump_prob,ve,dim
0,0.34860143994998233,0.26960085865407557,1389,0.05,0.3,0.5,0.001,1
