,L2,L2_true,N,std,jump,jump_prob,ve,dim
0,2.469952112245344,2.420526565607649,10,0.05,0.3,0.5,0.001,1
