,L2,L2_true,N,std,jump,jump_prob,ve,dim
0,16.162243414505127,15.86382179451963,372,0.01,0.3,0.5,0.001,3
