,L2,L2_true,N,std,jump,jump_prob,ve,dim
0,4.558404465548386,3.1235178702446786,10,0.01,0.3,0.5,0.0025,1
