,L2,L2_true,N,std,jump,jump_prob,ve,dim
0,12.682974604488743,12.292371061679656,848,0.01,0.3,0.5,0.0025,3
