,L2,L2_true,N,std,jump,jump_prob,ve,dim
0,15.289784567828399,14.980813121483418,316,0.01,0.3,0.5,0.001,3
