,L2,L2_true,N,std,jump,jump_prob,ve,dim
0,5.192170214203557,4.145775180133194,19,0.01,0.3,0.5,0.001,2
