,L2,L2_true,N,std,jump,jump_prob,ve,dim
0,0.8553199663929831,0.8261181576796686,163,0.05,0.3,0.5,0.001,1
