,L2,L2_true,N,std,jump,jump_prob,ve,dim
0,3.1381656555888666,0.7643290349605434,71,0.01,0.3,0.5,0.0025,1
