,L2,L2_true,N,std,jump,jump_prob,ve,dim
0,0.4057462367883062,0.33637903066635594,1178,0.05,0.3,0.5,0.001,1
