,L2,L2_true,N,std,jump,jump_prob,ve,dim
0,0.5734152652524904,0.5737142879517483,439,0.2,0.3,0.5,0.001,1
