,L2,L2_true,N,std,jump,jump_prob,ve,dim
0,5.391184417953957,4.386501799328663,22,0.01,0.3,0.5,0.001,2
