,L2,L2_true,N,std,jump,jump_prob,ve,dim
0,6.4981884359862585,5.561285683776676,37,0.01,0.3,0.5,0.0025,3
