,L2,L2_true,N,std,jump,jump_prob,ve,dim
0,3.6191697308677218,1.147009632937299,193,0.01,0.3,0.5,0.01,2
