,L2,L2_true,N,std,jump,jump_prob,ve,dim
0,4.182172157690192,2.7522185998691366,6,0.01,0.3,0.5,0.001,3
