,L2,L2_true,N,std,jump,jump_prob,ve,dim
0,2.107672566444831,2.0200645443908436,6,0.05,0.3,0.5,0.001,1
