,L2,L2_true,N,std,jump,jump_prob,ve,dim
0,4.251113081375314,2.3682656827009745,8,0.01,0.3,0.5,0.01,3
