,L2,L2_true,N,std,jump,jump_prob,ve,dim
0,4.2163300794736465,2.811287727721224,6,0.01,0.3,0.5,0.001,3
