,L2,L2_true,N,std,jump,jump_prob,ve,dim
0,1.2395074862086983,1.2339320000391711,2,0.2,0.3,0.5,0.001,1
