,L2,L2_true,N,std,jump,jump_prob,ve,dim
0,3.585086530697963,0.9535303381726346,13,0.01,0.3,0.5,0.01,1
