,L2,L2_true,N,std,jump,jump_prob,ve,dim
0,6.423241716396746,5.474759479595573,37,0.01,0.3,0.5,0.0025,3
