,L2,L2_true,N,std,jump,jump_prob,ve,dim
0,5.039620294069772,3.617867685677124,31,0.01,0.3,0.5,0.01,3
