,L2,L2_true,N,std,jump,jump_prob,ve,dim
0,3.7553406991228626,1.5291511874105055,100,0.01,0.3,0.5,0.01,2
