,L2,L2_true,N,std,jump,jump_prob,ve,dim
0,11.092944468193503,10.649254943910107,138,0.01,0.3,0.5,0.001,3
