,L2,L2_true,N,std,jump,jump_prob,ve,dim
0,0.6391233813271279,0.5800693935353992,372,0.05,0.3,0.5,0.001,1
