,L2,L2_true,N,std,jump,jump_prob,ve,dim
0,5.179600371068107,4.125125543617254,16,0.01,0.3,0.5,0.001,3
