,L2,L2_true,N,std,jump,jump_prob,ve,dim
0,3.4053339541698984,0.04980842443162938,1637,0.01,0.3,0.5,0.01,1
