,L2,L2_true,N,std,jump,jump_prob,ve,dim
0,4.63173520187372,3.8115103329708115,1930,0.01,0.3,0.5,0.001,2
