,L2,L2_true,N,std,jump,jump_prob,ve,dim
0,4.71243765716478,3.1139078287404316,19,0.01,0.3,0.5,0.01,3
