,L2,L2_true,N,std,jump,jump_prob,ve,dim
0,2.3518627426193475,2.3499538494792254,10,0.2,0.3,0.5,0.001,1
