,L2,L2_true,N,std,jump,jump_prob,ve,dim
0,12.564726828653923,12.149774068037308,719,0.01,0.3,0.5,0.0025,3
