,L2,L2_true,N,std,jump,jump_prob,ve,dim
0,0.916365329710149,0.8692846238757872,163,0.05,0.3,0.5,0.001,1
