,L2,L2_true,N,std,jump,jump_prob,ve,dim
0,4.282949965251787,2.9080217980125647,7,0.01,0.3,0.5,0.001,2
