,L2,L2_true,N,std,jump,jump_prob,ve,dim
0,4.393228744318138,3.0836423842136127,8,0.01,0.3,0.5,0.001,3
