,L2,L2_true,N,std,jump,jump_prob,ve,dim
0,2.618586216170292,0.19803172039061157,1637,0.01,0.3,0.5,0.001,1
