,L2,L2_true,N,std,jump,jump_prob,ve,dim
0,0.9894769876596843,0.9732372982649402,163,0.05,0.3,0.5,0.001,1
