,L2,L2_true,N,std,jump,jump_prob,ve,dim
0,12.410826805980495,11.98134376768002,439,0.01,0.3,0.5,0.0025,3
