,L2,L2_true,N,std,jump,jump_prob,ve,dim
0,3.8641480286586605,2.2631374576437873,4,0.01,0.3,0.5,0.001,1
