,L2,L2_true,N,std,jump,jump_prob,ve,dim
0,4.2786497436021325,2.562611089669482,610,0.01,0.3,0.5,0.01,3
