,L2,L2_true,N,std,jump,jump_prob,ve,dim
0,4.861615838553768,3.756692886445991,316,0.01,0.3,0.5,0.0025,2
