,L2,L2_true,N,std,jump,jump_prob,ve,dim
0,2.6268508083556017,0.19874141407329016,1178,0.01,0.3,0.5,0.001,1
