,L2,L2_true,N,std,jump,jump_prob,ve,dim
0,3.572628316091845,1.8832671517022408,1178,0.01,0.3,0.5,0.0025,2
