,L2,L2_true,N,std,jump,jump_prob,ve,dim
0,4.5508952663237805,3.063907408624149,11,0.01,0.3,0.5,0.0025,2
