,L2,L2_true,N,std,jump,jump_prob,ve,dim
0,3.0589661237564933,0.41128504886511613,193,0.01,0.3,0.5,0.0025,1
