,L2,L2_true,N,std,jump,jump_prob,ve,dim
0,7.692845817566608,7.181864379721486,517,0.01,0.3,0.5,0.001,2
