,L2,L2_true,N,std,jump,jump_prob,ve,dim
0,7.104711437696753,6.408937207956705,61,0.01,0.3,0.5,0.001,2
