,L2,L2_true,N,std,jump,jump_prob,ve,dim
0,3.630612220749424,0.9337015964333708,4,0.01,0.3,0.5,0.01,1
