,L2,L2_true,N,std,jump,jump_prob,ve,dim
0,0.2768723542795641,0.16938239375076183,3162,0.05,0.3,0.5,0.001,1
