,L2,L2_true,N,std,jump,jump_prob,ve,dim
0,3.8091778563061225,1.6466980607730288,84,0.01,0.3,0.5,0.01,2
