,L2,L2_true,N,std,jump,jump_prob,ve,dim
0,3.4228738753488948,0.09866310177585437,610,0.01,0.3,0.5,0.01,1
