,L2,L2_true,N,std,jump,jump_prob,ve,dim
0,4.466360779187426,2.882116138024159,517,0.01,0.3,0.5,0.01,3
