,L2,L2_true,N,std,jump,jump_prob,ve,dim
0,6.116702587994233,5.2459738229368895,26,0.01,0.3,0.5,0.001,3
