,L2,L2_true,N,std,jump,jump_prob,ve,dim
0,8.381488913492404,7.89415469137179,316,0.01,0.3,0.5,0.001,2
