,L2,L2_true,N,std,jump,jump_prob,ve,dim
0,4.34049595548725,3.4618085966721757,2275,0.01,0.3,0.5,0.001,2
