,L2,L2_true,N,std,jump,jump_prob,ve,dim
0,2.1463344377471567,2.1444557379722045,10,0.2,0.3,0.5,0.001,1
