,L2,L2_true,N,std,jump,jump_prob,ve,dim
0,3.722689003309077,1.5807424923691176,2,0.01,0.3,0.5,0.0025,2
