,L2,L2_true,N,std,jump,jump_prob,ve,dim
0,2.686667760542558,2.686051148058371,11,0.2,0.3,0.5,0.001,1
