,L2,L2_true,N,std,jump,jump_prob,ve,dim
0,8.69547426241589,8.111914305495567,71,0.01,0.3,0.5,0.001,3
