,L2,L2_true,N,std,jump,jump_prob,ve,dim
0,5.664472493962881,4.713227910092005,26,0.01,0.3,0.5,0.001,2
