,L2,L2_true,N,std,jump,jump_prob,ve,dim
0,0.5168781093230258,0.516584997693604,517,0.2,0.3,0.5,0.001,1
