,L2,L2_true,N,std,jump,jump_prob,ve,dim
0,2.533222864158079,2.5102958426483464,22,0.05,0.3,0.5,0.001,1
