,L2,L2_true,N,std,jump,jump_prob,ve,dim
0,12.79533292992494,12.380242490530847,517,0.01,0.3,0.5,0.0025,3
