,L2,L2_true,N,std,jump,jump_prob,ve,dim
0,4.831197334525006,3.301804758273984,19,0.01,0.3,0.5,0.01,3
