,L2,L2_true,N,std,jump,jump_prob,ve,dim
0,3.4137172328906757,0.057973801563577586,1637,0.01,0.3,0.5,0.01,1
