,L2,L2_true,N,std,jump,jump_prob,ve,dim
0,3.618837763213998,0.7448399371916956,1,0.01,0.3,0.5,0.01,3
