,L2,L2_true,N,std,jump,jump_prob,ve,dim
0,5.289578503903127,4.26791077320913,19,0.01,0.3,0.5,0.001,2
