,L2,L2_true,N,std,jump,jump_prob,ve,dim
0,5.42297155290124,4.428326107985304,19,0.01,0.3,0.5,0.001,3
