,L2,L2_true,N,std,jump,jump_prob,ve,dim
0,5.561581028225348,4.423616333399349,22,0.01,0.3,0.5,0.0025,3
