,L2,L2_true,N,std,jump,jump_prob,ve,dim
0,0.8982187482604015,0.8851404860140907,193,0.05,0.3,0.5,0.001,1
