,L2,L2_true,N,std,jump,jump_prob,ve,dim
0,3.4393208731772074,0.35113490753489496,117,0.01,0.3,0.5,0.01,1
