,L2,L2_true,N,std,jump,jump_prob,ve,dim
0,5.6591158207605305,5.017006522111509,1178,0.01,0.3,0.5,0.001,2
