,L2,L2_true,N,std,jump,jump_prob,ve,dim
0,1.8757516481467282,1.826958073528072,26,0.05,0.3,0.5,0.001,1
