,L2,L2_true,N,std,jump,jump_prob,ve,dim
0,3.4167654908962732,0.12399019461482777,372,0.01,0.3,0.5,0.01,1
