,L2,L2_true,N,std,jump,jump_prob,ve,dim
0,3.3601195375948896,1.428311082213936,1930,0.01,0.3,0.5,0.0025,2
