,L2,L2_true,N,std,jump,jump_prob,ve,dim
0,3.6410791803677625,0.9353031975801036,2,0.01,0.3,0.5,0.01,1
