,L2,L2_true,N,std,jump,jump_prob,ve,dim
0,3.7306196059989265,2.4505543485521186,22,0.01,0.3,0.5,0.001,1
