,L2,L2_true,N,std,jump,jump_prob,ve,dim
0,2.5771684472770504,2.576466885894503,16,0.2,0.3,0.5,0.001,1
