,L2,L2_true,N,std,jump,jump_prob,ve,dim
0,4.419659639630951,2.875868943635512,10,0.01,0.3,0.5,0.0025,2
