,L2,L2_true,N,std,jump,jump_prob,ve,dim
0,3.0437738531616665,0.17541625324352478,610,0.01,0.3,0.5,0.0025,1
