,L2,L2_true,N,std,jump,jump_prob,ve,dim
0,3.4220924881921038,0.06343845559624921,1000,0.01,0.3,0.5,0.01,1
