,L2,L2_true,N,std,jump,jump_prob,ve,dim
0,4.074436533303534,2.004966510007463,6,0.01,0.3,0.5,0.01,3
