,L2,L2_true,N,std,jump,jump_prob,ve,dim
0,3.0333796602356577,0.22287207616801583,517,0.01,0.3,0.5,0.0025,1
