,L2,L2_true,N,std,jump,jump_prob,ve,dim
0,4.2566871974723215,2.6072359809303958,7,0.01,0.3,0.5,0.0025,3
