,L2,L2_true,N,std,jump,jump_prob,ve,dim
0,2.6343076639401963,0.2376534555245395,1178,0.01,0.3,0.5,0.001,1
