,L2,L2_true,N,std,jump,jump_prob,ve,dim
0,4.084335524735788,2.614558612945198,5,0.01,0.3,0.5,0.001,3
