,L2,L2_true,N,std,jump,jump_prob,ve,dim
0,8.836710094032242,8.184131192548437,100,0.01,0.3,0.5,0.0025,3
