,L2,L2_true,N,std,jump,jump_prob,ve,dim
0,3.921356645404398,2.340952815157836,5,0.01,0.3,0.5,0.001,1
