,L2,L2_true,N,std,jump,jump_prob,ve,dim
0,3.6804668938805953,1.385516540860782,138,0.01,0.3,0.5,0.01,2
