,L2,L2_true,N,std,jump,jump_prob,ve,dim
0,3.4687370472019547,0.5518659656443058,719,0.01,0.3,0.5,0.01,2
