,L2,L2_true,N,std,jump,jump_prob,ve,dim
0,3.8220277616106157,1.824194763448093,3,0.01,0.3,0.5,0.0025,3
