,L2,L2_true,N,std,jump,jump_prob,ve,dim
0,5.414803067976502,4.150993135963385,163,0.01,0.3,0.5,0.01,3
