,L2,L2_true,N,std,jump,jump_prob,ve,dim
0,3.489564364400429,0.6200417441488508,517,0.01,0.3,0.5,0.01,2
