,L2,L2_true,N,std,jump,jump_prob,ve,dim
0,3.417020515923333,0.19553406814817653,268,0.01,0.3,0.5,0.01,1
