,L2,L2_true,N,std,jump,jump_prob,ve,dim
0,3.6162043488257996,1.80191542679396,1,0.01,0.3,0.5,0.001,1
