,L2,L2_true,N,std,jump,jump_prob,ve,dim
0,8.59034521581373,8.077617874138427,163,0.01,0.3,0.5,0.001,2
