,L2,L2_true,N,std,jump,jump_prob,ve,dim
0,11.897449173720924,11.474450063722424,1389,0.01,0.3,0.5,0.0025,3
