,L2,L2_true,N,std,jump,jump_prob,ve,dim
0,2.086297372537903,2.053214591801649,11,0.05,0.3,0.5,0.001,1
