,L2,L2_true,N,std,jump,jump_prob,ve,dim
0,5.370467981666439,4.3892445848848,227,0.01,0.3,0.5,0.0025,2
