,L2,L2_true,N,std,jump,jump_prob,ve,dim
0,3.410344299129149,0.08378248208119848,719,0.01,0.3,0.5,0.01,1
