,L2,L2_true,N,std,jump,jump_prob,ve,dim
0,0.8432089353176196,0.8431545450639718,193,0.2,0.3,0.5,0.001,1
