,L2,L2_true,N,std,jump,jump_prob,ve,dim
0,3.4360303018230356,0.45976803939993927,1000,0.01,0.3,0.5,0.01,2
