,L2,L2_true,N,std,jump,jump_prob,ve,dim
0,5.324593469711414,4.119761689240478,19,0.01,0.3,0.5,0.0025,3
