,L2,L2_true,N,std,jump,jump_prob,ve,dim
0,10.978846970840754,10.531835132241865,1930,0.01,0.3,0.5,0.0025,3
