,L2,L2_true,N,std,jump,jump_prob,ve,dim
0,3.610230767220385,0.7446059525323184,1,0.01,0.3,0.5,0.01,1
