,L2,L2_true,N,std,jump,jump_prob,ve,dim
0,8.217190666249852,7.60018246515163,61,0.01,0.3,0.5,0.001,3
