,L2,L2_true,N,std,jump,jump_prob,ve,dim
0,0.45304023231715485,0.3809810808979293,719,0.05,0.3,0.5,0.001,1
