,L2,L2_true,N,std,jump,jump_prob,ve,dim
0,3.6979110985345174,1.0974406482211887,2,0.01,0.3,0.5,0.01,2
