,L2,L2_true,N,std,jump,jump_prob,ve,dim
0,3.0389978471915104,0.19406395510850147,848,0.01,0.3,0.5,0.0025,1
