,L2,L2_true,N,std,jump,jump_prob,ve,dim
0,4.921331516502516,3.4516376921268983,22,0.01,0.3,0.5,0.01,3
