,L2,L2_true,N,std,jump,jump_prob,ve,dim
0,4.107038675600116,2.3706330582926176,6,0.01,0.3,0.5,0.0025,2
