,L2,L2_true,N,std,jump,jump_prob,ve,dim
0,3.423616144411414,0.18270482920580347,227,0.01,0.3,0.5,0.01,1
