,L2,L2_true,N,std,jump,jump_prob,ve,dim
0,7.800826703027143,7.04347615634237,71,0.01,0.3,0.5,0.0025,3
