,L2,L2_true,N,std,jump,jump_prob,ve,dim
0,3.7148944638575983,1.997398960424978,2,0.01,0.3,0.5,0.001,2
