,L2,L2_true,N,std,jump,jump_prob,ve,dim
0,3.192630468161555,3.192494148904722,22,0.2,0.3,0.5,0.001,1
