,L2,L2_true,N,std,jump,jump_prob,ve,dim
0,3.442025533619113,1.5564096315066371,26,0.01,0.3,0.5,0.0025,1
