,L2,L2_true,N,std,jump,jump_prob,ve,dim
0,7.182444139701382,6.494527857617979,61,0.01,0.3,0.5,0.001,2
