,L2,L2_true,N,std,jump,jump_prob,ve,dim
0,4.375376393106257,3.394194351705315,37,0.01,0.3,0.5,0.001,1
