,L2,L2_true,N,std,jump,jump_prob,ve,dim
0,3.917238195599407,2.4702970890085174,10,0.01,0.3,0.5,0.001,1
