,L2,L2_true,N,std,jump,jump_prob,ve,dim
0,3.9109411064953954,2.4588719523978497,719,0.01,0.3,0.5,0.0025,2
