,L2,L2_true,N,std,jump,jump_prob,ve,dim
0,3.625945979422939,0.9488390399939561,7,0.01,0.3,0.5,0.01,1
