,L2,L2_true,N,std,jump,jump_prob,ve,dim
0,3.0320723267619845,0.156790755650905,848,0.01,0.3,0.5,0.0025,1
