,L2,L2_true,N,std,jump,jump_prob,ve,dim
0,0.19364576929024313,0.19333033529028587,3162,0.2,0.3,0.5,0.001,1
