,L2,L2_true,N,std,jump,jump_prob,ve,dim
0,3.036177367151232,0.12829804332680483,1389,0.01,0.3,0.5,0.0025,1
