,L2,L2_true,N,std,jump,jump_prob,ve,dim
0,5.581398049351745,4.6209143867519975,26,0.01,0.3,0.5,0.001,2
