,L2,L2_true,N,std,jump,jump_prob,ve,dim
0,1.8870791249518,1.776308976504076,4,0.05,0.3,0.5,0.001,1
