,L2,L2_true,N,std,jump,jump_prob,ve,dim
0,3.4549996612413336,0.4422755417769284,1000,0.01,0.3,0.5,0.01,2
