,L2,L2_true,N,std,jump,jump_prob,ve,dim
0,1.505689506227719,1.5036481014273786,4,0.2,0.3,0.5,0.001,1
