,L2,L2_true,N,std,jump,jump_prob,ve,dim
0,10.236992200922458,9.75845134164567,117,0.01,0.3,0.5,0.001,3
