,L2,L2_true,N,std,jump,jump_prob,ve,dim
0,3.712830319949357,1.4149093781413828,117,0.01,0.3,0.5,0.01,2
