,L2,L2_true,N,std,jump,jump_prob,ve,dim
0,2.5285089695176115,2.4585412622615617,10,0.05,0.3,0.5,0.001,1
