,L2,L2_true,N,std,jump,jump_prob,ve,dim
0,3.422315537022603,0.11345141545747117,193,0.01,0.3,0.5,0.01,1
