,L2,L2_true,N,std,jump,jump_prob,ve,dim
0,4.207030210776754,2.326226063866358,10,0.01,0.3,0.5,0.01,2
