,L2,L2_true,N,std,jump,jump_prob,ve,dim
0,8.568325290959706,7.977794402236675,71,0.01,0.3,0.5,0.001,3
