,L2,L2_true,N,std,jump,jump_prob,ve,dim
0,3.849339300670896,1.86094162519948,2,0.01,0.3,0.5,0.0025,1
