,L2,L2_true,N,std,jump,jump_prob,ve,dim
0,4.506678032170125,3.30540836894629,13,0.01,0.3,0.5,0.001,1
