,L2,L2_true,N,std,jump,jump_prob,ve,dim
0,0.3407419349935189,0.3404739103975688,1178,0.2,0.3,0.5,0.001,1
