,L2,L2_true,N,std,jump,jump_prob,ve,dim
0,3.925215994609725,2.0151617175099954,4,0.01,0.3,0.5,0.0025,2
