,L2,L2_true,N,std,jump,jump_prob,ve,dim
0,5.1738515561076,3.951934104887151,22,0.01,0.3,0.5,0.0025,2
