,L2,L2_true,N,std,jump,jump_prob,ve,dim
0,3.6109736934895866,1.3275355342828032,1,0.01,0.3,0.5,0.0025,3
