,L2,L2_true,N,std,jump,jump_prob,ve,dim
0,5.339217877463671,4.051095654079499,138,0.01,0.3,0.5,0.01,3
