,L2,L2_true,N,std,jump,jump_prob,ve,dim
0,7.949439437107139,7.207233076784546,71,0.01,0.3,0.5,0.0025,3
