,L2,L2_true,N,std,jump,jump_prob,ve,dim
0,3.9496432376980315,1.755017065050635,5,0.01,0.3,0.5,0.01,2
