,L2,L2_true,N,std,jump,jump_prob,ve,dim
0,2.7868793650953365,0.9985681896597337,138,0.01,0.3,0.5,0.001,1
