,L2,L2_true,N,std,jump,jump_prob,ve,dim
0,3.9028348969424638,1.6365772333652522,4,0.01,0.3,0.5,0.01,2
