,L2,L2_true,N,std,jump,jump_prob,ve,dim
0,3.7550352674844816,2.0704468369685847,16,0.01,0.3,0.5,0.0025,1
