,L2,L2_true,N,std,jump,jump_prob,ve,dim
0,0.8687347322531364,0.8245890676833941,193,0.05,0.3,0.5,0.001,1
