,L2,L2_true,N,std,jump,jump_prob,ve,dim
0,3.0267796617254863,0.1151047817457749,1389,0.01,0.3,0.5,0.0025,1
