,L2,L2_true,N,std,jump,jump_prob,ve,dim
0,4.2010704114241735,2.5261169654227693,8,0.01,0.3,0.5,0.0025,2
