,L2,L2_true,N,std,jump,jump_prob,ve,dim
0,3.9077357736758898,1.7004067518198673,5,0.01,0.3,0.5,0.01,2
