,L2,L2_true,N,std,jump,jump_prob,ve,dim
0,11.05865310747824,10.61021098850317,138,0.01,0.3,0.5,0.001,3
