,L2,L2_true,N,std,jump,jump_prob,ve,dim
0,1.3494894420697394,1.1780434032817653,1,0.05,0.3,0.5,0.001,1
