,L2,L2_true,N,std,jump,jump_prob,ve,dim
0,3.9631733957643402,1.8225088506724723,6,0.01,0.3,0.5,0.01,2
