,L2,L2_true,N,std,jump,jump_prob,ve,dim
0,1.7992868256374062,1.8007271473488233,43,0.2,0.3,0.5,0.001,1
