,L2,L2_true,N,std,jump,jump_prob,ve,dim
0,4.356235727489714,2.5477225586484717,10,0.01,0.3,0.5,0.01,3
