,L2,L2_true,N,std,jump,jump_prob,ve,dim
0,10.086242952797267,9.530439781441785,163,0.01,0.3,0.5,0.0025,3
