,L2,L2_true,N,std,jump,jump_prob,ve,dim
0,3.45284736927227,0.5692360167175805,37,0.01,0.3,0.5,0.01,1
