,L2,L2_true,N,std,jump,jump_prob,ve,dim
0,3.908679389051993,1.6607170153916677,4,0.01,0.3,0.5,0.01,3
