,L2,L2_true,N,std,jump,jump_prob,ve,dim
0,3.867573697454021,1.588258955963876,4,0.01,0.3,0.5,0.01,3
