,L2,L2_true,N,std,jump,jump_prob,ve,dim
0,4.2929242606840186,3.019863893012248,517,0.01,0.3,0.5,0.0025,2
