,L2,L2_true,N,std,jump,jump_prob,ve,dim
0,2.6449247819346393,0.3179655039412703,719,0.01,0.3,0.5,0.001,1
