,L2,L2_true,N,std,jump,jump_prob,ve,dim
0,12.479199723502354,12.08448378976301,193,0.01,0.3,0.5,0.001,3
