,L2,L2_true,N,std,jump,jump_prob,ve,dim
0,1.7819066168605293,1.6594247559826019,3,0.05,0.3,0.5,0.001,1
