,L2,L2_true,N,std,jump,jump_prob,ve,dim
0,3.6834939676491474,1.0670233506191302,5,0.01,0.3,0.5,0.01,1
