,L2,L2_true,N,std,jump,jump_prob,ve,dim
0,8.661137197333082,8.167803053314133,227,0.01,0.3,0.5,0.001,2
