,L2,L2_true,N,std,jump,jump_prob,ve,dim
0,3.428166567768317,0.3342541029045948,2000,0.01,0.3,0.5,0.01,2
