,L2,L2_true,N,std,jump,jump_prob,ve,dim
0,2.962553528779405,1.3652469001317544,84,0.01,0.3,0.5,0.001,1
