,L2,L2_true,N,std,jump,jump_prob,ve,dim
0,3.562925903731961,0.8187087280306177,7,0.01,0.3,0.5,0.01,1
