,L2,L2_true,N,std,jump,jump_prob,ve,dim
0,3.099680832595355,1.7036101278122842,71,0.01,0.3,0.5,0.001,1
