,L2,L2_true,N,std,jump,jump_prob,ve,dim
0,3.633323499081594,1.2213406079180165,163,0.01,0.3,0.5,0.01,2
