,L2,L2_true,N,std,jump,jump_prob,ve,dim
0,3.6842082755589742,1.1144419297508812,4,0.01,0.3,0.5,0.01,1
