,L2,L2_true,N,std,jump,jump_prob,ve,dim
0,0.36141522512690766,0.36143760318750995,1178,0.2,0.3,0.5,0.001,1
