,L2,L2_true,N,std,jump,jump_prob,ve,dim
0,1.9615566970276161,1.9610766679526666,13,0.2,0.3,0.5,0.001,1
