,L2,L2_true,N,std,jump,jump_prob,ve,dim
0,3.6022838803831942,1.1358597094123732,193,0.01,0.3,0.5,0.01,2
