,L2,L2_true,N,std,jump,jump_prob,ve,dim
0,21.093341862899646,20.885928989195996,848,0.01,0.3,0.5,0.001,3
