,L2,L2_true,N,std,jump,jump_prob,ve,dim
0,3.0415731101513,0.3198745503993751,316,0.01,0.3,0.5,0.0025,1
