,L2,L2_true,N,std,jump,jump_prob,ve,dim
0,3.7350901360818987,2.0242441622506893,2,0.01,0.3,0.5,0.001,3
