,L2,L2_true,N,std,jump,jump_prob,ve,dim
0,2.792181536393216,2.789796419714892,22,0.05,0.3,0.5,0.001,1
