,L2,L2_true,N,std,jump,jump_prob,ve,dim
0,3.4380740487341583,0.4633331822807111,1000,0.01,0.3,0.5,0.01,2
