,L2,L2_true,N,std,jump,jump_prob,ve,dim
0,3.429767019118917,0.06754304570449406,1178,0.01,0.3,0.5,0.01,1
