,L2,L2_true,N,std,jump,jump_prob,ve,dim
0,4.1898218797997755,2.329232477135517,19,0.01,0.3,0.5,0.01,2
