,L2,L2_true,N,std,jump,jump_prob,ve,dim
0,4.03271785374373,2.5986071733048743,8,0.01,0.3,0.5,0.001,1
