,L2,L2_true,N,std,jump,jump_prob,ve,dim
0,3.424287226839408,0.12941824277295774,163,0.01,0.3,0.5,0.01,1
