,L2,L2_true,N,std,jump,jump_prob,ve,dim
0,3.2101881097159732,0.968134979103215,43,0.01,0.3,0.5,0.0025,1
