,L2,L2_true,N,std,jump,jump_prob,ve,dim
0,3.4233079218931795,0.2452669763827468,84,0.01,0.3,0.5,0.01,1
