,L2,L2_true,N,std,jump,jump_prob,ve,dim
0,5.510161545357904,4.405725236892104,37,0.01,0.3,0.5,0.0025,2
