,L2,L2_true,N,std,jump,jump_prob,ve,dim
0,4.5445701814850015,3.04919914295978,11,0.01,0.3,0.5,0.0025,2
