,L2,L2_true,N,std,jump,jump_prob,ve,dim
0,2.369960346381038,2.3080862622925307,16,0.05,0.3,0.5,0.001,1
