,L2,L2_true,N,std,jump,jump_prob,ve,dim
0,1.2833532597564632,1.2761969149273567,138,0.05,0.3,0.5,0.001,1
