,L2,L2_true,N,std,jump,jump_prob,ve,dim
0,6.017322524473406,5.056213691637068,71,0.01,0.3,0.5,0.0025,2
