,L2,L2_true,N,std,jump,jump_prob,ve,dim
0,4.058191218087813,2.1777817542829814,848,0.01,0.3,0.5,0.01,3
