,L2,L2_true,N,std,jump,jump_prob,ve,dim
0,2.7690216566360086,0.9012860594138045,138,0.01,0.3,0.5,0.001,1
