,L2,L2_true,N,std,jump,jump_prob,ve,dim
0,0.34820297229156155,0.24635468137174565,1930,0.05,0.3,0.5,0.001,1
