,L2,L2_true,N,std,jump,jump_prob,ve,dim
0,3.046391346323992,0.2912911524159349,268,0.01,0.3,0.5,0.0025,1
