,L2,L2_true,N,std,jump,jump_prob,ve,dim
0,7.77905959684809,7.174589500768296,84,0.01,0.3,0.5,0.001,2
