,L2,L2_true,N,std,jump,jump_prob,ve,dim
0,0.4394276171061316,0.37040410510516214,848,0.05,0.3,0.5,0.001,1
