,L2,L2_true,N,std,jump,jump_prob,ve,dim
0,3.517356702909501,0.783678489190107,372,0.01,0.3,0.5,0.01,2
