,L2,L2_true,N,std,jump,jump_prob,ve,dim
0,6.782534110753846,5.900452952797905,43,0.01,0.3,0.5,0.0025,3
