,L2,L2_true,N,std,jump,jump_prob,ve,dim
0,6.105207015631374,5.162548840373226,51,0.01,0.3,0.5,0.0025,2
