,L2,L2_true,N,std,jump,jump_prob,ve,dim
0,0.394931649759163,0.3258384699094047,848,0.05,0.3,0.5,0.001,1
