,L2,L2_true,N,std,jump,jump_prob,ve,dim
0,4.0452049333223705,2.7706154205560565,16,0.01,0.3,0.5,0.001,1
