,L2,L2_true,N,std,jump,jump_prob,ve,dim
0,3.032892438649906,0.1348118246015774,517,0.01,0.3,0.5,0.0025,1
