,L2,L2_true,N,std,jump,jump_prob,ve,dim
0,4.650866873762759,3.4303425383373725,11,0.01,0.3,0.5,0.001,2
