,L2,L2_true,N,std,jump,jump_prob,ve,dim
0,0.42821474669965087,0.4283748502920646,719,0.2,0.3,0.5,0.001,1
