,L2,L2_true,N,std,jump,jump_prob,ve,dim
0,2.790735666716501,2.7915592233441577,13,0.2,0.3,0.5,0.001,1
