,L2,L2_true,N,std,jump,jump_prob,ve,dim
0,3.047284938387612,0.3643058134198983,193,0.01,0.3,0.5,0.0025,1
