,L2,L2_true,N,std,jump,jump_prob,ve,dim
0,3.9388553094487846,1.7529203944501954,5,0.01,0.3,0.5,0.01,2
