,L2,L2_true,N,std,jump,jump_prob,ve,dim
0,13.517043298921786,13.159042759001911,227,0.01,0.3,0.5,0.001,3
