,L2,L2_true,N,std,jump,jump_prob,ve,dim
0,3.9222022514948236,2.02915428527308,4,0.01,0.3,0.5,0.0025,3
