,L2,L2_true,N,std,jump,jump_prob,ve,dim
0,1.7703561537252956,1.7709177983420992,61,0.2,0.3,0.5,0.001,1
