,L2,L2_true,N,std,jump,jump_prob,ve,dim
0,3.0285420530194958,0.12673594385394882,1637,0.01,0.3,0.5,0.0025,1
