,L2,L2_true,N,std,jump,jump_prob,ve,dim
0,4.08722698408491,2.7106983114620538,610,0.01,0.3,0.5,0.0025,2
