,L2,L2_true,N,std,jump,jump_prob,ve,dim
0,5.815072418593367,4.893308155394287,22,0.01,0.3,0.5,0.001,3
