,L2,L2_true,N,std,jump,jump_prob,ve,dim
0,2.8885848436215764,1.2267851523639832,117,0.01,0.3,0.5,0.001,1
