,L2,L2_true,N,std,jump,jump_prob,ve,dim
0,10.979970893937416,10.531711974672707,138,0.01,0.3,0.5,0.001,3
