,L2,L2_true,N,std,jump,jump_prob,ve,dim
0,2.0662964022472994,2.0648497326073234,8,0.2,0.3,0.5,0.001,1
