,L2,L2_true,N,std,jump,jump_prob,ve,dim
0,2.8009263664829502,2.8011829795726837,26,0.2,0.3,0.5,0.001,1
