,L2,L2_true,N,std,jump,jump_prob,ve,dim
0,21.433704110244296,21.22926458335893,1000,0.01,0.3,0.5,0.001,3
