,L2,L2_true,N,std,jump,jump_prob,ve,dim
0,0.19114549970495082,0.1911641529744061,3162,0.2,0.3,0.5,0.001,1
