,L2,L2_true,N,std,jump,jump_prob,ve,dim
0,2.5104784101220337,2.509585194981615,37,0.2,0.3,0.5,0.001,1
