,L2,L2_true,N,std,jump,jump_prob,ve,dim
0,5.345830096561328,4.079265985698711,163,0.01,0.3,0.5,0.01,3
