,L2,L2_true,N,std,jump,jump_prob,ve,dim
0,3.420587816340644,0.23675713813509253,117,0.01,0.3,0.5,0.01,1
