,L2,L2_true,N,std,jump,jump_prob,ve,dim
0,3.577957406268858,1.8784737110321914,1178,0.01,0.3,0.5,0.0025,2
