,L2,L2_true,N,std,jump,jump_prob,ve,dim
0,4.3034799313460255,2.536557808579037,26,0.01,0.3,0.5,0.01,2
