,L2,L2_true,N,std,jump,jump_prob,ve,dim
0,11.918990827330553,11.460886298911959,316,0.01,0.3,0.5,0.0025,3
