,L2,L2_true,N,std,jump,jump_prob,ve,dim
0,1.0325572823815214,1.0174062546350728,117,0.05,0.3,0.5,0.001,1
