,L2,L2_true,N,std,jump,jump_prob,ve,dim
0,16.32223282742316,16.0223296860575,372,0.01,0.3,0.5,0.001,3
