,L2,L2_true,N,std,jump,jump_prob,ve,dim
0,2.7268782919227954,0.8169207354382746,163,0.01,0.3,0.5,0.001,1
