,L2,L2_true,N,std,jump,jump_prob,ve,dim
0,6.383214481824941,5.581062271764354,43,0.01,0.3,0.5,0.001,2
