,L2,L2_true,N,std,jump,jump_prob,ve,dim
0,0.6035057743843539,0.6033909937622745,372,0.2,0.3,0.5,0.001,1
