,L2,L2_true,N,std,jump,jump_prob,ve,dim
0,8.832891543321903,8.176322007519135,100,0.01,0.3,0.5,0.0025,3
