,L2,L2_true,N,std,jump,jump_prob,ve,dim
0,5.197922021544808,3.9799662437597534,19,0.01,0.3,0.5,0.0025,3
