,L2,L2_true,N,std,jump,jump_prob,ve,dim
0,3.6096780077740247,0.7448161064957053,1,0.01,0.3,0.5,0.01,1
