,L2,L2_true,N,std,jump,jump_prob,ve,dim
0,3.4606966880748784,0.5735301640460935,31,0.01,0.3,0.5,0.01,1
