,L2,L2_true,N,std,jump,jump_prob,ve,dim
0,3.6029341083159308,0.6767789921759706,2,0.01,0.3,0.5,0.01,1
