,L2,L2_true,N,std,jump,jump_prob,ve,dim
0,3.221078725114815,1.1276974744427117,61,0.01,0.3,0.5,0.0025,1
