,L2,L2_true,N,std,jump,jump_prob,ve,dim
0,2.100917362616883,2.016208357720475,6,0.05,0.3,0.5,0.001,1
