,L2,L2_true,N,std,jump,jump_prob,ve,dim
0,3.445934725174191,0.37779943379647846,43,0.01,0.3,0.5,0.01,1
