,L2,L2_true,N,std,jump,jump_prob,ve,dim
0,5.191137893014034,4.18499074515041,268,0.01,0.3,0.5,0.0025,2
