,L2,L2_true,N,std,jump,jump_prob,ve,dim
0,2.5140007981406214,2.514812637191256,13,0.2,0.3,0.5,0.001,1
