,L2,L2_true,N,std,jump,jump_prob,ve,dim
0,0.23640271375040162,0.23639500543078507,2682,0.2,0.3,0.5,0.001,1
