,L2,L2_true,N,std,jump,jump_prob,ve,dim
0,13.810489813226686,13.45941816709866,227,0.01,0.3,0.5,0.001,3
