,L2,L2_true,N,std,jump,jump_prob,ve,dim
0,3.6220374686986654,0.7450763685508346,1,0.01,0.3,0.5,0.01,1
