,L2,L2_true,N,std,jump,jump_prob,ve,dim
0,3.4227565083790767,0.04584625003960963,2682,0.01,0.3,0.5,0.01,1
