,L2,L2_true,N,std,jump,jump_prob,ve,dim
0,2.2089088236501184,2.209639318395138,37,0.2,0.3,0.5,0.001,1
