,L2,L2_true,N,std,jump,jump_prob,ve,dim
0,13.530275829174363,13.165662027456383,227,0.01,0.3,0.5,0.001,3
