,L2,L2_true,N,std,jump,jump_prob,ve,dim
0,2.6924823761266357,0.553307523197188,227,0.01,0.3,0.5,0.001,1
