,L2,L2_true,N,std,jump,jump_prob,ve,dim
0,15.164609494295073,14.852036688836971,316,0.01,0.3,0.5,0.001,3
