,L2,L2_true,N,std,jump,jump_prob,ve,dim
0,8.916660710348767,8.442612677671173,227,0.01,0.3,0.5,0.001,2
