,L2,L2_true,N,std,jump,jump_prob,ve,dim
0,2.31389286604838,2.313114480187751,26,0.2,0.3,0.5,0.001,1
