,L2,L2_true,N,std,jump,jump_prob,ve,dim
0,3.4931252807731656,0.696750369278591,19,0.01,0.3,0.5,0.01,1
