,L2,L2_true,N,std,jump,jump_prob,ve,dim
0,3.7800198613957554,1.3171424435467864,3,0.01,0.3,0.5,0.01,2
