,L2,L2_true,N,std,jump,jump_prob,ve,dim
0,3.419379945360038,0.09847324621596705,517,0.01,0.3,0.5,0.01,1
