,L2,L2_true,N,std,jump,jump_prob,ve,dim
0,0.32261147007576235,0.32222284871762713,1178,0.2,0.3,0.5,0.001,1
