,L2,L2_true,N,std,jump,jump_prob,ve,dim
0,4.798828785139961,3.4429813509075258,16,0.01,0.3,0.5,0.0025,2
