,L2,L2_true,N,std,jump,jump_prob,ve,dim
0,2.6694322722104986,0.5773760076230595,227,0.01,0.3,0.5,0.001,1
