,L2,L2_true,N,std,jump,jump_prob,ve,dim
0,6.387557318359399,5.563187780142434,31,0.01,0.3,0.5,0.001,3
