,L2,L2_true,N,std,jump,jump_prob,ve,dim
0,3.6131816330596935,1.8025968839090256,1,0.01,0.3,0.5,0.001,1
