,L2,L2_true,N,std,jump,jump_prob,ve,dim
0,0.3165257229989451,0.20413682654576437,2275,0.05,0.3,0.5,0.001,1
