,L2,L2_true,N,std,jump,jump_prob,ve,dim
0,12.674364191904338,12.294665653897336,1178,0.01,0.3,0.5,0.0025,3
