,L2,L2_true,N,std,jump,jump_prob,ve,dim
0,3.643160132074701,1.8515419260035482,2,0.01,0.3,0.5,0.001,1
