,L2,L2_true,N,std,jump,jump_prob,ve,dim
0,2.6628969366549824,2.6631172280421844,11,0.2,0.3,0.5,0.001,1
