,L2,L2_true,N,std,jump,jump_prob,ve,dim
0,3.9782982444783617,1.9731628734949493,61,0.01,0.3,0.5,0.01,2
