,L2,L2_true,N,std,jump,jump_prob,ve,dim
0,3.7192496807274247,1.308156897631645,10,0.01,0.3,0.5,0.01,1
