,L2,L2_true,N,std,jump,jump_prob,ve,dim
0,12.704617274697359,12.318319254352875,193,0.01,0.3,0.5,0.001,3
