,L2,L2_true,N,std,jump,jump_prob,ve,dim
0,3.4116901223548948,0.16019698543111213,193,0.01,0.3,0.5,0.01,1
