,L2,L2_true,N,std,jump,jump_prob,ve,dim
0,11.951151339880955,11.503364552430321,316,0.01,0.3,0.5,0.0025,3
