,L2,L2_true,N,std,jump,jump_prob,ve,dim
0,2.9457799133424687,1.2873012029180948,84,0.01,0.3,0.5,0.001,1
