,L2,L2_true,N,std,jump,jump_prob,ve,dim
0,3.424251858075216,0.3109744223396979,71,0.01,0.3,0.5,0.01,1
