,L2,L2_true,N,std,jump,jump_prob,ve,dim
0,4.546944976660222,3.0676292753002974,10,0.01,0.3,0.5,0.0025,3
