,L2,L2_true,N,std,jump,jump_prob,ve,dim
0,3.311275333778615,1.9185695302542392,51,0.01,0.3,0.5,0.001,1
