,L2,L2_true,N,std,jump,jump_prob,ve,dim
0,8.891401720744339,8.402981229724606,227,0.01,0.3,0.5,0.001,2
