,L2,L2_true,N,std,jump,jump_prob,ve,dim
0,3.708813976776715,1.4027113377597582,2000,0.01,0.3,0.5,0.01,3
