,L2,L2_true,N,std,jump,jump_prob,ve,dim
0,21.96062005776742,21.76529475955275,1000,0.01,0.3,0.5,0.001,3
