,L2,L2_true,N,std,jump,jump_prob,ve,dim
0,3.7101140245674866,1.5598808048543904,2,0.01,0.3,0.5,0.0025,3
