,L2,L2_true,N,std,jump,jump_prob,ve,dim
0,2.183234590791023,2.1506031398498906,11,0.05,0.3,0.5,0.001,1
