,L2,L2_true,N,std,jump,jump_prob,ve,dim
0,1.78499004660068,1.661804020093406,3,0.05,0.3,0.5,0.001,1
