,L2,L2_true,N,std,jump,jump_prob,ve,dim
0,3.9284011559474807,2.8454350325036195,37,0.01,0.3,0.5,0.001,1
