,L2,L2_true,N,std,jump,jump_prob,ve,dim
0,5.875407087701272,4.9723118449805455,163,0.01,0.3,0.5,0.0025,2
