,L2,L2_true,N,std,jump,jump_prob,ve,dim
0,3.627168049446613,0.7449590972321927,1,0.01,0.3,0.5,0.01,3
