,L2,L2_true,N,std,jump,jump_prob,ve,dim
0,7.174128445972521,6.487287721405268,61,0.01,0.3,0.5,0.001,2
