,L2,L2_true,N,std,jump,jump_prob,ve,dim
0,2.197996130772298,2.104617078419615,6,0.05,0.3,0.5,0.001,1
