,L2,L2_true,N,std,jump,jump_prob,ve,dim
0,2.937371202052066,1.3295283789531258,71,0.01,0.3,0.5,0.001,1
