,L2,L2_true,N,std,jump,jump_prob,ve,dim
0,10.482399170986987,10.01279719241277,117,0.01,0.3,0.5,0.001,3
