,L2,L2_true,N,std,jump,jump_prob,ve,dim
0,4.4789971753176,2.747542889548534,13,0.01,0.3,0.5,0.01,3
