,L2,L2_true,N,std,jump,jump_prob,ve,dim
0,4.635440108155144,3.015204392632384,16,0.01,0.3,0.5,0.01,3
