,L2,L2_true,N,std,jump,jump_prob,ve,dim
0,0.4091643553500724,0.3423724101864627,1000,0.05,0.3,0.5,0.001,1
