,L2,L2_true,N,std,jump,jump_prob,ve,dim
0,0.44332620999013744,0.3436868442956969,1000,0.05,0.3,0.5,0.001,1
