,L2,L2_true,N,std,jump,jump_prob,ve,dim
0,2.1741396222238127,2.1745553546159027,31,0.2,0.3,0.5,0.001,1
