,L2,L2_true,N,std,jump,jump_prob,ve,dim
0,2.666118099317634,2.666776282724351,19,0.2,0.3,0.5,0.001,1
