,L2,L2_true,N,std,jump,jump_prob,ve,dim
0,2.130281657108672,2.1300044706454697,13,0.2,0.3,0.5,0.001,1
