,L2,L2_true,N,std,jump,jump_prob,ve,dim
0,4.636429796188394,3.41641233465315,11,0.01,0.3,0.5,0.001,2
