,L2,L2_true,N,std,jump,jump_prob,ve,dim
0,3.098873184566785,0.6958951620654852,84,0.01,0.3,0.5,0.0025,1
