,L2,L2_true,N,std,jump,jump_prob,ve,dim
0,4.217887309646113,2.5442726814475343,7,0.01,0.3,0.5,0.0025,2
