,L2,L2_true,N,std,jump,jump_prob,ve,dim
0,2.656930242816276,0.5553145188916694,372,0.01,0.3,0.5,0.001,1
