,L2,L2_true,N,std,jump,jump_prob,ve,dim
0,4.3660692182113845,2.786514247891805,8,0.01,0.3,0.5,0.0025,3
