,L2,L2_true,N,std,jump,jump_prob,ve,dim
0,3.8544314984085464,1.8684883886524202,2,0.01,0.3,0.5,0.0025,1
