,L2,L2_true,N,std,jump,jump_prob,ve,dim
0,5.629959798468826,4.590176391009396,51,0.01,0.3,0.5,0.0025,2
