,L2,L2_true,N,std,jump,jump_prob,ve,dim
0,2.3983529249989863,2.376254040655884,19,0.05,0.3,0.5,0.001,1
