,L2,L2_true,N,std,jump,jump_prob,ve,dim
0,3.0301781562210524,0.1162663341713732,2275,0.01,0.3,0.5,0.0025,1
