,L2,L2_true,N,std,jump,jump_prob,ve,dim
0,3.0260940079471634,0.0875422921973257,2275,0.01,0.3,0.5,0.0025,1
