,L2,L2_true,N,std,jump,jump_prob,ve,dim
0,4.407993797502534,3.0990947433712956,8,0.01,0.3,0.5,0.001,3
