,L2,L2_true,N,std,jump,jump_prob,ve,dim
0,11.26131303527679,10.844515799419506,1930,0.01,0.3,0.5,0.0025,3
