,L2,L2_true,N,std,jump,jump_prob,ve,dim
0,3.7618395317948607,1.589648412395246,1637,0.01,0.3,0.5,0.01,3
