,L2,L2_true,N,std,jump,jump_prob,ve,dim
0,5.502140327875308,4.258580605278149,117,0.01,0.3,0.5,0.01,3
