,L2,L2_true,N,std,jump,jump_prob,ve,dim
0,2.368236331261444,2.2678424149769074,8,0.05,0.3,0.5,0.001,1
