,L2,L2_true,N,std,jump,jump_prob,ve,dim
0,4.355690350187333,3.0330969815925277,8,0.01,0.3,0.5,0.001,2
