,L2,L2_true,N,std,jump,jump_prob,ve,dim
0,4.576009719056517,3.1111166774153287,10,0.01,0.3,0.5,0.0025,3
