,L2,L2_true,N,std,jump,jump_prob,ve,dim
0,2.6596734776669235,0.579235368065727,227,0.01,0.3,0.5,0.001,1
