,L2,L2_true,N,std,jump,jump_prob,ve,dim
0,25.096597043820072,24.940464404678757,3000,0.01,0.3,0.5,0.001,3
