,L2,L2_true,N,std,jump,jump_prob,ve,dim
0,5.930444828964434,5.004715182954034,100,0.01,0.3,0.5,0.0025,2
