,L2,L2_true,N,std,jump,jump_prob,ve,dim
0,4.6670088470654605,3.2393271603678104,11,0.01,0.3,0.5,0.0025,3
