,L2,L2_true,N,std,jump,jump_prob,ve,dim
0,3.656264036684828,1.2880379581079073,163,0.01,0.3,0.5,0.01,2
