,L2,L2_true,N,std,jump,jump_prob,ve,dim
0,1.2148449991797494,1.2151746409871864,117,0.2,0.3,0.5,0.001,1
