,L2,L2_true,N,std,jump,jump_prob,ve,dim
0,4.834484741033624,4.056412854223168,1637,0.01,0.3,0.5,0.001,2
