,L2,L2_true,N,std,jump,jump_prob,ve,dim
0,3.4377305487992857,0.4338913757245825,43,0.01,0.3,0.5,0.01,1
