,L2,L2_true,N,std,jump,jump_prob,ve,dim
0,4.719362804402856,3.2414257545232803,372,0.01,0.3,0.5,0.01,3
