,L2,L2_true,N,std,jump,jump_prob,ve,dim
0,3.430220966454202,0.04361237422738148,2275,0.01,0.3,0.5,0.01,1
