,L2,L2_true,N,std,jump,jump_prob,ve,dim
0,4.288142549835546,2.9316301508217877,8,0.01,0.3,0.5,0.001,2
