,L2,L2_true,N,std,jump,jump_prob,ve,dim
0,2.0097785664753967,1.9932520919250507,31,0.05,0.3,0.5,0.001,1
