,L2,L2_true,N,std,jump,jump_prob,ve,dim
0,4.0264770090414155,2.0844807976542175,61,0.01,0.3,0.5,0.01,2
