,L2,L2_true,N,std,jump,jump_prob,ve,dim
0,1.5071354769414718,1.3656768780757935,2,0.05,0.3,0.5,0.001,1
