,L2,L2_true,N,std,jump,jump_prob,ve,dim
0,3.042193605062778,0.16150737584025926,719,0.01,0.3,0.5,0.0025,1
