,L2,L2_true,N,std,jump,jump_prob,ve,dim
0,1.8946434870909972,1.7753754982843668,2,0.05,0.3,0.5,0.001,1
