,L2,L2_true,N,std,jump,jump_prob,ve,dim
0,3.0576339157500936,0.4386672485375293,268,0.01,0.3,0.5,0.0025,1
