,L2,L2_true,N,std,jump,jump_prob,ve,dim
0,4.061409820181012,2.004574955503697,8,0.01,0.3,0.5,0.01,2
