,L2,L2_true,N,std,jump,jump_prob,ve,dim
0,3.708308008814881,1.2396947969892933,5,0.01,0.3,0.5,0.01,1
