,L2,L2_true,N,std,jump,jump_prob,ve,dim
0,10.434919563470139,9.893648703744384,163,0.01,0.3,0.5,0.0025,3
