,L2,L2_true,N,std,jump,jump_prob,ve,dim
0,0.304518249826626,0.30392544771684327,1389,0.2,0.3,0.5,0.001,1
