,L2,L2_true,N,std,jump,jump_prob,ve,dim
0,3.812257731833795,2.182106751492593,4,0.01,0.3,0.5,0.001,1
