,L2,L2_true,N,std,jump,jump_prob,ve,dim
0,11.029422615968379,10.57546072262879,138,0.01,0.3,0.5,0.001,3
