,L2,L2_true,N,std,jump,jump_prob,ve,dim
0,4.386949884987534,2.8132508589534733,8,0.01,0.3,0.5,0.0025,3
