,L2,L2_true,N,std,jump,jump_prob,ve,dim
0,2.6197883438135574,0.20838203319112944,1637,0.01,0.3,0.5,0.001,1
