,L2,L2_true,N,std,jump,jump_prob,ve,dim
0,3.4532959769135267,0.4963950483700878,848,0.01,0.3,0.5,0.01,2
