,L2,L2_true,N,std,jump,jump_prob,ve,dim
0,8.63201220830109,8.045596889460416,71,0.01,0.3,0.5,0.001,3
