,L2,L2_true,N,std,jump,jump_prob,ve,dim
0,4.086614287139705,2.302745819679958,5,0.01,0.3,0.5,0.0025,3
