,L2,L2_true,N,std,jump,jump_prob,ve,dim
0,3.600413906185768,0.7493856395831275,2,0.01,0.3,0.5,0.01,1
