,L2,L2_true,N,std,jump,jump_prob,ve,dim
0,2.4096373069486297,2.409908928163752,16,0.2,0.3,0.5,0.001,1
