,L2,L2_true,N,std,jump,jump_prob,ve,dim
0,3.8760633246734897,2.2675848073432965,5,0.01,0.3,0.5,0.001,1
