,L2,L2_true,N,std,jump,jump_prob,ve,dim
0,3.209050938304381,1.8479978428359631,51,0.01,0.3,0.5,0.001,1
