,L2,L2_true,N,std,jump,jump_prob,ve,dim
0,6.204713617489539,5.32372299393059,100,0.01,0.3,0.5,0.0025,2
