,L2,L2_true,N,std,jump,jump_prob,ve,dim
0,3.790454045930987,1.7472370407858735,3,0.01,0.3,0.5,0.0025,2
