,L2,L2_true,N,std,jump,jump_prob,ve,dim
0,0.5548235181753671,0.5557080307421759,439,0.2,0.3,0.5,0.001,1
