,L2,L2_true,N,std,jump,jump_prob,ve,dim
0,1.4401619309079876,1.4416367319513337,4,0.2,0.3,0.5,0.001,1
