,L2,L2_true,N,std,jump,jump_prob,ve,dim
0,3.4769459252107335,0.5857593369633114,610,0.01,0.3,0.5,0.01,2
