,L2,L2_true,N,std,jump,jump_prob,ve,dim
0,3.7592602073459522,1.7180976445471572,4,0.01,0.3,0.5,0.0025,1
