,L2,L2_true,N,std,jump,jump_prob,ve,dim
0,4.851239009180329,3.4767721642911185,13,0.01,0.3,0.5,0.0025,3
