,L2,L2_true,N,std,jump,jump_prob,ve,dim
0,4.663423682108082,3.230559016993244,11,0.01,0.3,0.5,0.0025,3
