,L2,L2_true,N,std,jump,jump_prob,ve,dim
0,2.7471248776393766,2.7129208466038057,19,0.05,0.3,0.5,0.001,1
