,L2,L2_true,N,std,jump,jump_prob,ve,dim
0,3.619225191785282,1.3289397942482937,1,0.01,0.3,0.5,0.0025,1
