,L2,L2_true,N,std,jump,jump_prob,ve,dim
0,3.0504415045498963,0.3252270206195842,372,0.01,0.3,0.5,0.0025,1
