,L2,L2_true,N,std,jump,jump_prob,ve,dim
0,5.4076514603083,4.160197908726904,138,0.01,0.3,0.5,0.01,3
