,L2,L2_true,N,std,jump,jump_prob,ve,dim
0,4.824688138635127,3.3120458334102625,22,0.01,0.3,0.5,0.01,3
