,L2,L2_true,N,std,jump,jump_prob,ve,dim
0,3.872815045011963,1.7776091663049016,71,0.01,0.3,0.5,0.01,2
