,L2,L2_true,N,std,jump,jump_prob,ve,dim
0,2.2860041386069216,2.2857886467604023,11,0.2,0.3,0.5,0.001,1
