,L2,L2_true,N,std,jump,jump_prob,ve,dim
0,3.7136173178858503,1.4471618955864016,1930,0.01,0.3,0.5,0.01,3
