,L2,L2_true,N,std,jump,jump_prob,ve,dim
0,2.6161028349733675,0.2126366227130284,1389,0.01,0.3,0.5,0.001,1
