,L2,L2_true,N,std,jump,jump_prob,ve,dim
0,0.37779616425717366,0.37036062814275467,1,0.2,0.3,0.5,0.001,1
