,L2,L2_true,N,std,jump,jump_prob,ve,dim
0,3.3678994023510773,1.4424883202685006,1930,0.01,0.3,0.5,0.0025,2
