,L2,L2_true,N,std,jump,jump_prob,ve,dim
0,6.753903578855174,6.0114246316758955,51,0.01,0.3,0.5,0.001,2
