,L2,L2_true,N,std,jump,jump_prob,ve,dim
0,2.2021319628657645,2.2020507670334006,43,0.05,0.3,0.5,0.001,1
