,L2,L2_true,N,std,jump,jump_prob,ve,dim
0,2.559984799234081,2.5583274691491087,11,0.2,0.3,0.5,0.001,1
