,L2,L2_true,N,std,jump,jump_prob,ve,dim
0,21.154968102771193,20.93505155469822,1000,0.01,0.3,0.5,0.001,3
