,L2,L2_true,N,std,jump,jump_prob,ve,dim
0,8.402945745318135,7.713418440395426,84,0.01,0.3,0.5,0.0025,3
