,L2,L2_true,N,std,jump,jump_prob,ve,dim
0,4.487967396528395,2.808190224203221,22,0.01,0.3,0.5,0.01,2
