,L2,L2_true,N,std,jump,jump_prob,ve,dim
0,3.4230728906958134,0.15997260542840178,163,0.01,0.3,0.5,0.01,1
