,L2,L2_true,N,std,jump,jump_prob,ve,dim
0,4.078948745716225,2.0725383431337114,11,0.01,0.3,0.5,0.01,2
