,L2,L2_true,N,std,jump,jump_prob,ve,dim
0,3.42156475363982,0.12213662709451967,268,0.01,0.3,0.5,0.01,1
