,L2,L2_true,N,std,jump,jump_prob,ve,dim
0,3.293296292001383,1.3021356482677278,2275,0.01,0.3,0.5,0.0025,2
