,L2,L2_true,N,std,jump,jump_prob,ve,dim
0,3.968978569464331,1.8508901234502937,8,0.01,0.3,0.5,0.01,2
