,L2,L2_true,N,std,jump,jump_prob,ve,dim
0,3.036449843369538,0.12600637166464,1930,0.01,0.3,0.5,0.0025,1
