,L2,L2_true,N,std,jump,jump_prob,ve,dim
0,2.4458128810690876,2.395141231093671,19,0.05,0.3,0.5,0.001,1
