,L2,L2_true,N,std,jump,jump_prob,ve,dim
0,0.7355734923599911,0.6789929803981385,316,0.05,0.3,0.5,0.001,1
