,L2,L2_true,N,std,jump,jump_prob,ve,dim
0,3.5914708964090982,1.0801284814231653,193,0.01,0.3,0.5,0.01,2
