,L2,L2_true,N,std,jump,jump_prob,ve,dim
0,1.3350564358627268,1.3353612753794448,3,0.2,0.3,0.5,0.001,1
