,L2,L2_true,N,std,jump,jump_prob,ve,dim
0,3.742009841170483,2.349214069593077,16,0.01,0.3,0.5,0.001,1
