,L2,L2_true,N,std,jump,jump_prob,ve,dim
0,3.036755718224525,2.9706157647376217,11,0.05,0.3,0.5,0.001,1
