,L2,L2_true,N,std,jump,jump_prob,ve,dim
0,5.28842291938373,3.992144222490144,163,0.01,0.3,0.5,0.01,3
