,L2,L2_true,N,std,jump,jump_prob,ve,dim
0,7.1532839593579105,6.31750983340379,51,0.01,0.3,0.5,0.0025,3
