,L2,L2_true,N,std,jump,jump_prob,ve,dim
0,1.5303541751790215,1.529952282836932,71,0.2,0.3,0.5,0.001,1
