,L2,L2_true,N,std,jump,jump_prob,ve,dim
0,3.424150453154331,0.048381941070206366,3162,0.01,0.3,0.5,0.01,1
