,L2,L2_true,N,std,jump,jump_prob,ve,dim
0,3.99790726748422,2.4785208066514834,5,0.01,0.3,0.5,0.001,2
