,L2,L2_true,N,std,jump,jump_prob,ve,dim
0,4.139038526289819,2.319800540185612,719,0.01,0.3,0.5,0.01,3
