,L2,L2_true,N,std,jump,jump_prob,ve,dim
0,7.043015581207194,6.300836243703177,43,0.01,0.3,0.5,0.001,3
