,L2,L2_true,N,std,jump,jump_prob,ve,dim
0,4.797671352280504,3.260304405069421,19,0.01,0.3,0.5,0.01,3
