,L2,L2_true,N,std,jump,jump_prob,ve,dim
0,0.3444918126413016,0.34475689280468036,1000,0.2,0.3,0.5,0.001,1
