,L2,L2_true,N,std,jump,jump_prob,ve,dim
0,3.186826348653931,1.7529146415610186,43,0.01,0.3,0.5,0.001,1
