,L2,L2_true,N,std,jump,jump_prob,ve,dim
0,2.678369126923946,2.6243432995884013,8,0.05,0.3,0.5,0.001,1
