,L2,L2_true,N,std,jump,jump_prob,ve,dim
0,1.8471488216755645,1.8463658858302856,5,0.2,0.3,0.5,0.001,1
