,L2,L2_true,N,std,jump,jump_prob,ve,dim
0,3.4139915529962757,0.13882953128397846,439,0.01,0.3,0.5,0.01,1
