,L2,L2_true,N,std,jump,jump_prob,ve,dim
0,3.6485749676336505,1.2508382166556213,163,0.01,0.3,0.5,0.01,2
