,L2,L2_true,N,std,jump,jump_prob,ve,dim
0,2.2096683356572346,2.2064673741290894,7,0.2,0.3,0.5,0.001,1
