,L2,L2_true,N,std,jump,jump_prob,ve,dim
0,6.4469227069170785,5.662367748416614,51,0.01,0.3,0.5,0.001,2
