,L2,L2_true,N,std,jump,jump_prob,ve,dim
0,3.738045506988512,2.373409882538537,16,0.01,0.3,0.5,0.001,1
