,L2,L2_true,N,std,jump,jump_prob,ve,dim
0,10.789488081301906,10.277703460284698,193,0.01,0.3,0.5,0.0025,3
