,L2,L2_true,N,std,jump,jump_prob,ve,dim
0,3.035501254837825,0.10422756370666746,2682,0.01,0.3,0.5,0.0025,1
