,L2,L2_true,N,std,jump,jump_prob,ve,dim
0,2.8267492483917915,1.1580437364801162,138,0.01,0.3,0.5,0.001,1
