,L2,L2_true,N,std,jump,jump_prob,ve,dim
0,2.0113389065507836,1.914597760501645,5,0.05,0.3,0.5,0.001,1
