,L2,L2_true,N,std,jump,jump_prob,ve,dim
0,10.249818404940463,9.767174048188323,117,0.01,0.3,0.5,0.001,3
