,L2,L2_true,N,std,jump,jump_prob,ve,dim
0,8.069532769678109,7.482456864165144,100,0.01,0.3,0.5,0.001,2
