,L2,L2_true,N,std,jump,jump_prob,ve,dim
0,3.176159628790792,1.8359978337780563,71,0.01,0.3,0.5,0.001,1
