,L2,L2_true,N,std,jump,jump_prob,ve,dim
0,4.73675503691037,3.1685929084519944,19,0.01,0.3,0.5,0.01,3
