,L2,L2_true,N,std,jump,jump_prob,ve,dim
0,3.9916469236695904,2.0236865333380356,51,0.01,0.3,0.5,0.01,2
