,L2,L2_true,N,std,jump,jump_prob,ve,dim
0,12.667040400653034,12.265493803665695,610,0.01,0.3,0.5,0.0025,3
