,L2,L2_true,N,std,jump,jump_prob,ve,dim
0,8.299151068381326,7.746675173483009,117,0.01,0.3,0.5,0.001,2
