,L2,L2_true,N,std,jump,jump_prob,ve,dim
0,2.6545153431935495,0.5358185014594801,316,0.01,0.3,0.5,0.001,1
