,L2,L2_true,N,std,jump,jump_prob,ve,dim
0,0.8222893024779837,0.7808153463272954,193,0.05,0.3,0.5,0.001,1
