,L2,L2_true,N,std,jump,jump_prob,ve,dim
0,0.7249357506409101,0.7194927887219468,268,0.05,0.3,0.5,0.001,1
