,L2,L2_true,N,std,jump,jump_prob,ve,dim
0,4.8451669816205385,3.341798690786224,22,0.01,0.3,0.5,0.01,3
