,L2,L2_true,N,std,jump,jump_prob,ve,dim
0,5.254946962571914,3.9055462941961827,43,0.01,0.3,0.5,0.01,3
