,L2,L2_true,N,std,jump,jump_prob,ve,dim
0,4.837254701156308,3.4827436269552847,16,0.01,0.3,0.5,0.0025,2
