,L2,L2_true,N,std,jump,jump_prob,ve,dim
0,3.421440627775008,0.06596528991294924,1178,0.01,0.3,0.5,0.01,1
