,L2,L2_true,N,std,jump,jump_prob,ve,dim
0,3.0378584934295607,0.13915403753006395,1930,0.01,0.3,0.5,0.0025,1
