,L2,L2_true,N,std,jump,jump_prob,ve,dim
0,3.8764728212184694,2.309761221619044,6,0.01,0.3,0.5,0.001,1
