,L2,L2_true,N,std,jump,jump_prob,ve,dim
0,5.253165796691992,4.267420526765083,268,0.01,0.3,0.5,0.0025,2
