,L2,L2_true,N,std,jump,jump_prob,ve,dim
0,3.767210811587406,2.0962139852900865,4,0.01,0.3,0.5,0.001,1
