,L2,L2_true,N,std,jump,jump_prob,ve,dim
0,0.4642239364228608,0.3769089420484311,848,0.05,0.3,0.5,0.001,1
