,L2,L2_true,N,std,jump,jump_prob,ve,dim
0,4.2377427634275735,2.504981377158331,610,0.01,0.3,0.5,0.01,3
