,L2,L2_true,N,std,jump,jump_prob,ve,dim
0,3.721993043231735,1.4447955203847067,1930,0.01,0.3,0.5,0.01,3
