,L2,L2_true,N,std,jump,jump_prob,ve,dim
0,3.075651756412954,0.4627947307154786,117,0.01,0.3,0.5,0.0025,1
