,L2,L2_true,N,std,jump,jump_prob,ve,dim
0,1.8835936215645552,1.8528550365378584,26,0.05,0.3,0.5,0.001,1
