,L2,L2_true,N,std,jump,jump_prob,ve,dim
0,5.463070147278528,4.196422304005179,71,0.01,0.3,0.5,0.01,3
