,L2,L2_true,N,std,jump,jump_prob,ve,dim
0,3.87563988470419,1.9004839822303758,3,0.01,0.3,0.5,0.0025,3
