,L2,L2_true,N,std,jump,jump_prob,ve,dim
0,4.510108717319518,2.9319791948039984,439,0.01,0.3,0.5,0.01,3
