,L2,L2_true,N,std,jump,jump_prob,ve,dim
0,6.711839823494863,6.148080399812065,719,0.01,0.3,0.5,0.001,2
