,L2,L2_true,N,std,jump,jump_prob,ve,dim
0,4.7930091149572505,3.414312464915272,13,0.01,0.3,0.5,0.0025,3
