,L2,L2_true,N,std,jump,jump_prob,ve,dim
0,3.484496957857465,0.6518490779297933,439,0.01,0.3,0.5,0.01,2
