,L2,L2_true,N,std,jump,jump_prob,ve,dim
0,3.9627523026740117,2.4917619841988534,8,0.01,0.3,0.5,0.001,1
