,L2,L2_true,N,std,jump,jump_prob,ve,dim
0,3.7035992941754383,1.9794111976568265,3,0.01,0.3,0.5,0.001,1
