,L2,L2_true,N,std,jump,jump_prob,ve,dim
0,5.5667858288581265,4.350838639978469,117,0.01,0.3,0.5,0.01,3
