,L2,L2_true,N,std,jump,jump_prob,ve,dim
0,7.617462929995344,6.840213802386462,61,0.01,0.3,0.5,0.0025,3
