,L2,L2_true,N,std,jump,jump_prob,ve,dim
0,3.431865991382752,0.0678879576498363,1000,0.01,0.3,0.5,0.01,1
