,L2,L2_true,N,std,jump,jump_prob,ve,dim
0,5.679742337777479,4.636362040640868,43,0.01,0.3,0.5,0.0025,2
