,L2,L2_true,N,std,jump,jump_prob,ve,dim
0,0.19951542555806412,0.1997694515058113,3162,0.2,0.3,0.5,0.001,1
