,L2,L2_true,N,std,jump,jump_prob,ve,dim
0,6.947374708457072,6.229321843608492,51,0.01,0.3,0.5,0.001,2
