,L2,L2_true,N,std,jump,jump_prob,ve,dim
0,6.0331011691776455,5.112744628974248,84,0.01,0.3,0.5,0.0025,2
