,L2,L2_true,N,std,jump,jump_prob,ve,dim
0,3.467647414024299,0.6113530836091906,610,0.01,0.3,0.5,0.01,2
