,L2,L2_true,N,std,jump,jump_prob,ve,dim
0,5.981285132471423,5.099090852946977,26,0.01,0.3,0.5,0.001,2
