,L2,L2_true,N,std,jump,jump_prob,ve,dim
0,3.6226340407311075,1.3296065735236224,1,0.01,0.3,0.5,0.0025,1
