,L2,L2_true,N,std,jump,jump_prob,ve,dim
0,5.318543548781139,4.334779834959915,227,0.01,0.3,0.5,0.0025,2
