,L2,L2_true,N,std,jump,jump_prob,ve,dim
0,3.442460240207475,0.4478008059931091,1000,0.01,0.3,0.5,0.01,2
