,L2,L2_true,N,std,jump,jump_prob,ve,dim
0,1.35134005810877,1.1795122501958881,1,0.05,0.3,0.5,0.001,1
