,L2,L2_true,N,std,jump,jump_prob,ve,dim
0,3.411737008916203,0.1352900606616858,439,0.01,0.3,0.5,0.01,1
