,L2,L2_true,N,std,jump,jump_prob,ve,dim
0,2.6329516056741324,0.3563621350843539,719,0.01,0.3,0.5,0.001,1
