,L2,L2_true,N,std,jump,jump_prob,ve,dim
0,0.2182905532480684,0.21864871617176534,2275,0.2,0.3,0.5,0.001,1
