,L2,L2_true,N,std,jump,jump_prob,ve,dim
0,4.325797556200828,2.5070803907175327,10,0.01,0.3,0.5,0.01,3
