,L2,L2_true,N,std,jump,jump_prob,ve,dim
0,11.067229030995628,10.614469692549529,138,0.01,0.3,0.5,0.001,3
