,L2,L2_true,N,std,jump,jump_prob,ve,dim
0,7.755138728998371,6.996292103075587,71,0.01,0.3,0.5,0.0025,3
