,L2,L2_true,N,std,jump,jump_prob,ve,dim
0,11.967623170754754,11.509531948336905,316,0.01,0.3,0.5,0.0025,3
