,L2,L2_true,N,std,jump,jump_prob,ve,dim
0,2.8563591242791775,1.1610936591824468,100,0.01,0.3,0.5,0.001,1
