,L2,L2_true,N,std,jump,jump_prob,ve,dim
0,7.3811351088464345,6.572464311474003,61,0.01,0.3,0.5,0.0025,3
