,L2,L2_true,N,std,jump,jump_prob,ve,dim
0,3.038088671202435,0.12318745478181264,1637,0.01,0.3,0.5,0.0025,1
