,L2,L2_true,N,std,jump,jump_prob,ve,dim
0,4.191415871321513,2.498779393113074,7,0.01,0.3,0.5,0.0025,2
