,L2,L2_true,N,std,jump,jump_prob,ve,dim
0,3.472158901008245,2.1082454906244195,31,0.01,0.3,0.5,0.001,1
