,L2,L2_true,N,std,jump,jump_prob,ve,dim
0,3.8922048282968547,2.7060047361389947,31,0.01,0.3,0.5,0.001,1
