,L2,L2_true,N,std,jump,jump_prob,ve,dim
0,3.472392813286674,0.6305573711556388,610,0.01,0.3,0.5,0.01,2
