,L2,L2_true,N,std,jump,jump_prob,ve,dim
0,4.59919577155412,3.362645514085475,10,0.01,0.3,0.5,0.001,3
