,L2,L2_true,N,std,jump,jump_prob,ve,dim
0,12.821139854711111,12.412372393619505,719,0.01,0.3,0.5,0.0025,3
