,L2,L2_true,N,std,jump,jump_prob,ve,dim
0,3.636766592300819,1.2699026616994211,163,0.01,0.3,0.5,0.01,2
