,L2,L2_true,N,std,jump,jump_prob,ve,dim
0,8.275910826061166,7.7263892691946765,117,0.01,0.3,0.5,0.001,2
