,L2,L2_true,N,std,jump,jump_prob,ve,dim
0,5.255114604447963,3.9615174514561264,163,0.01,0.3,0.5,0.01,3
