,L2,L2_true,N,std,jump,jump_prob,ve,dim
0,2.614776668786659,0.18881009571523247,2275,0.01,0.3,0.5,0.001,1
