,L2,L2_true,N,std,jump,jump_prob,ve,dim
0,4.25027410130181,2.4194982195763197,22,0.01,0.3,0.5,0.01,2
