,L2,L2_true,N,std,jump,jump_prob,ve,dim
0,24.78285597299382,24.618025888097993,2000,0.01,0.3,0.5,0.001,3
