,L2,L2_true,N,std,jump,jump_prob,ve,dim
0,3.9737500366945726,1.8255430730294173,6,0.01,0.3,0.5,0.01,2
