,L2,L2_true,N,std,jump,jump_prob,ve,dim
0,4.5558300718919575,2.9973425921904666,439,0.01,0.3,0.5,0.01,3
