,L2,L2_true,N,std,jump,jump_prob,ve,dim
0,4.13437536438798,2.190190500153562,16,0.01,0.3,0.5,0.01,2
