,L2,L2_true,N,std,jump,jump_prob,ve,dim
0,3.984401263386969,2.5447852416471437,8,0.01,0.3,0.5,0.001,1
