,L2,L2_true,N,std,jump,jump_prob,ve,dim
0,3.349856332536317,1.4253453119726287,1930,0.01,0.3,0.5,0.0025,2
