,L2,L2_true,N,std,jump,jump_prob,ve,dim
0,8.707712092993543,8.187654415549728,138,0.01,0.3,0.5,0.001,2
