,L2,L2_true,N,std,jump,jump_prob,ve,dim
0,3.5072390230540895,0.7834489916145516,372,0.01,0.3,0.5,0.01,2
