,L2,L2_true,N,std,jump,jump_prob,ve,dim
0,3.631237791952091,0.7448576617048162,1,0.01,0.3,0.5,0.01,1
