,L2,L2_true,N,std,jump,jump_prob,ve,dim
0,3.425481451344642,0.05789016088256949,1637,0.01,0.3,0.5,0.01,1
