,L2,L2_true,N,std,jump,jump_prob,ve,dim
0,4.599831544440658,3.348315862331117,10,0.01,0.3,0.5,0.001,3
