,L2,L2_true,N,std,jump,jump_prob,ve,dim
0,3.966112784500407,2.0017230338875294,1000,0.01,0.3,0.5,0.01,3
