,L2,L2_true,N,std,jump,jump_prob,ve,dim
0,3.3369478424621817,1.4035213923994494,2000,0.01,0.3,0.5,0.0025,2
