,L2,L2_true,N,std,jump,jump_prob,ve,dim
0,3.4994069090284916,0.7319239670812587,439,0.01,0.3,0.5,0.01,2
