,L2,L2_true,N,std,jump,jump_prob,ve,dim
0,2.123783312340061,2.062897760365379,11,0.05,0.3,0.5,0.001,1
