,L2,L2_true,N,std,jump,jump_prob,ve,dim
0,5.484589935903526,4.234523399963288,71,0.01,0.3,0.5,0.01,3
