,L2,L2_true,N,std,jump,jump_prob,ve,dim
0,3.4474748096675545,0.4509987441273423,1000,0.01,0.3,0.5,0.01,2
