,L2,L2_true,N,std,jump,jump_prob,ve,dim
0,2.443513313719038,2.4408535953209882,10,0.2,0.3,0.5,0.001,1
