,L2,L2_true,N,std,jump,jump_prob,ve,dim
0,2.5171173350938187,2.5174463883232376,22,0.2,0.3,0.5,0.001,1
