,L2,L2_true,N,std,jump,jump_prob,ve,dim
0,2.221874091592931,2.133321113930221,8,0.05,0.3,0.5,0.001,1
