,L2,L2_true,N,std,jump,jump_prob,ve,dim
0,3.6448775886461466,2.497934710645882,37,0.01,0.3,0.5,0.001,1
