,L2,L2_true,N,std,jump,jump_prob,ve,dim
0,3.6077448721251586,0.7972736558688889,2,0.01,0.3,0.5,0.01,1
