,L2,L2_true,N,std,jump,jump_prob,ve,dim
0,3.443843696569807,0.3268051149580092,1930,0.01,0.3,0.5,0.01,2
