,L2,L2_true,N,std,jump,jump_prob,ve,dim
0,4.395302588266915,2.831858660157801,8,0.01,0.3,0.5,0.0025,2
