,L2,L2_true,N,std,jump,jump_prob,ve,dim
0,3.935233514312437,1.7350248807952897,5,0.01,0.3,0.5,0.01,2
