,L2,L2_true,N,std,jump,jump_prob,ve,dim
0,5.461775685398719,4.186604410889728,51,0.01,0.3,0.5,0.01,3
