,L2,L2_true,N,std,jump,jump_prob,ve,dim
0,3.8015043745846735,1.7836947490218433,3,0.01,0.3,0.5,0.0025,2
