,L2,L2_true,N,std,jump,jump_prob,ve,dim
0,3.4178066363591126,0.22404104060392807,163,0.01,0.3,0.5,0.01,1
