,L2,L2_true,N,std,jump,jump_prob,ve,dim
0,3.0358840207975186,0.1959771733531699,719,0.01,0.3,0.5,0.0025,1
