,L2,L2_true,N,std,jump,jump_prob,ve,dim
0,7.1755885154455905,6.648090936832863,610,0.01,0.3,0.5,0.001,2
