,L2,L2_true,N,std,jump,jump_prob,ve,dim
0,6.663926393304867,5.8820168097649,37,0.01,0.3,0.5,0.001,3
