,L2,L2_true,N,std,jump,jump_prob,ve,dim
0,0.44967931718600845,0.4208159838335065,719,0.05,0.3,0.5,0.001,1
