,L2,L2_true,N,std,jump,jump_prob,ve,dim
0,3.7082668081749692,1.2084594681128051,5,0.01,0.3,0.5,0.01,1
