,L2,L2_true,N,std,jump,jump_prob,ve,dim
0,9.238746480696236,8.621891529983083,117,0.01,0.3,0.5,0.0025,3
