,L2,L2_true,N,std,jump,jump_prob,ve,dim
0,0.904905752591529,0.9052335372587167,163,0.2,0.3,0.5,0.001,1
