,L2,L2_true,N,std,jump,jump_prob,ve,dim
0,4.955050094050393,4.2070982359314115,1637,0.01,0.3,0.5,0.001,2
