,L2,L2_true,N,std,jump,jump_prob,ve,dim
0,4.598180583022923,3.1282150944636014,10,0.01,0.3,0.5,0.0025,3
