,L2,L2_true,N,std,jump,jump_prob,ve,dim
0,4.8640004031071475,3.360202737124493,22,0.01,0.3,0.5,0.01,3
