,L2,L2_true,N,std,jump,jump_prob,ve,dim
0,3.879863495644524,1.8448580848108025,1178,0.01,0.3,0.5,0.01,3
