,L2,L2_true,N,std,jump,jump_prob,ve,dim
0,3.491304617324401,1.639852627973898,22,0.01,0.3,0.5,0.0025,1
