,L2,L2_true,N,std,jump,jump_prob,ve,dim
0,23.59342212185467,23.4195308169582,1930,0.01,0.3,0.5,0.001,3
