,L2,L2_true,N,std,jump,jump_prob,ve,dim
0,3.4147092823867804,0.0628581962763034,1930,0.01,0.3,0.5,0.01,1
