,L2,L2_true,N,std,jump,jump_prob,ve,dim
0,3.6222236897871136,1.3288951208471809,1,0.01,0.3,0.5,0.0025,1
