,L2,L2_true,N,std,jump,jump_prob,ve,dim
0,3.436670401296073,0.4072781265692138,1389,0.01,0.3,0.5,0.01,2
