,L2,L2_true,N,std,jump,jump_prob,ve,dim
0,3.978112009168283,1.9934807023460688,61,0.01,0.3,0.5,0.01,2
