,L2,L2_true,N,std,jump,jump_prob,ve,dim
0,3.7216072153348825,1.9970880222458636,2,0.01,0.3,0.5,0.001,3
