,L2,L2_true,N,std,jump,jump_prob,ve,dim
0,0.7388087036527979,0.7388563702205069,227,0.2,0.3,0.5,0.001,1
