,L2,L2_true,N,std,jump,jump_prob,ve,dim
0,21.87530668634224,21.670702614254953,1000,0.01,0.3,0.5,0.001,3
