,L2,L2_true,N,std,jump,jump_prob,ve,dim
0,3.7140053655625875,1.4249062120826586,2000,0.01,0.3,0.5,0.01,3
