,L2,L2_true,N,std,jump,jump_prob,ve,dim
0,6.335392411400278,5.509651359956098,31,0.01,0.3,0.5,0.001,3
