,L2,L2_true,N,std,jump,jump_prob,ve,dim
0,3.903023930428306,2.377091313044488,7,0.01,0.3,0.5,0.001,1
