,L2,L2_true,N,std,jump,jump_prob,ve,dim
0,4.855713836451242,3.521123723567519,13,0.01,0.3,0.5,0.0025,3
