,L2,L2_true,N,std,jump,jump_prob,ve,dim
0,0.6518557204907759,0.6515004319003765,316,0.2,0.3,0.5,0.001,1
