,L2,L2_true,N,std,jump,jump_prob,ve,dim
0,8.540589524863389,8.0194207917425,163,0.01,0.3,0.5,0.001,2
