,L2,L2_true,N,std,jump,jump_prob,ve,dim
0,3.9239970770987616,2.4140489787655763,26,0.01,0.3,0.5,0.0025,1
