,L2,L2_true,N,std,jump,jump_prob,ve,dim
0,3.8451666120205887,1.8632236907499733,5,0.01,0.3,0.5,0.0025,1
