,L2,L2_true,N,std,jump,jump_prob,ve,dim
0,5.720157497051336,4.802028404773407,31,0.01,0.3,0.5,0.001,2
