,L2,L2_true,N,std,jump,jump_prob,ve,dim
0,8.716921677206157,8.259358430772641,268,0.01,0.3,0.5,0.001,2
