,L2,L2_true,N,std,jump,jump_prob,ve,dim
0,3.423522390287519,0.04406937157039537,3162,0.01,0.3,0.5,0.01,1
