,L2,L2_true,N,std,jump,jump_prob,ve,dim
0,10.919431708190922,10.417847195351383,227,0.01,0.3,0.5,0.0025,3
