,L2,L2_true,N,std,jump,jump_prob,ve,dim
0,9.347910921427555,8.735831398641807,117,0.01,0.3,0.5,0.0025,3
