,L2,L2_true,N,std,jump,jump_prob,ve,dim
0,2.671444223582373,0.5149870401907735,316,0.01,0.3,0.5,0.001,1
