,L2,L2_true,N,std,jump,jump_prob,ve,dim
0,3.429012002709239,0.28624953762775684,100,0.01,0.3,0.5,0.01,1
