,L2,L2_true,N,std,jump,jump_prob,ve,dim
0,2.1613542693676893,2.1610144377139773,6,0.2,0.3,0.5,0.001,1
