,L2,L2_true,N,std,jump,jump_prob,ve,dim
0,3.627149023467336,1.8035476446944807,1,0.01,0.3,0.5,0.001,2
