,L2,L2_true,N,std,jump,jump_prob,ve,dim
0,3.1042923107975158,0.6848600028102693,84,0.01,0.3,0.5,0.0025,1
