,L2,L2_true,N,std,jump,jump_prob,ve,dim
0,3.871619301816003,1.7653527988551305,71,0.01,0.3,0.5,0.01,2
