,L2,L2_true,N,std,jump,jump_prob,ve,dim
0,3.7681499116747483,1.3191121491391535,3,0.01,0.3,0.5,0.01,2
