,L2,L2_true,N,std,jump,jump_prob,ve,dim
0,3.6908882934268505,1.364301328381693,138,0.01,0.3,0.5,0.01,2
