,L2,L2_true,N,std,jump,jump_prob,ve,dim
0,4.404917629632197,2.682237768468529,26,0.01,0.3,0.5,0.01,2
