,L2,L2_true,N,std,jump,jump_prob,ve,dim
0,3.841705945294207,1.573671441415746,10,0.01,0.3,0.5,0.01,1
