,L2,L2_true,N,std,jump,jump_prob,ve,dim
0,3.206420531463183,1.1165492365660663,51,0.01,0.3,0.5,0.0025,1
