,L2,L2_true,N,std,jump,jump_prob,ve,dim
0,3.6050639724082627,1.8023492353219952,1,0.01,0.3,0.5,0.001,1
