,L2,L2_true,N,std,jump,jump_prob,ve,dim
0,3.0436844623203276,0.2884285548179082,517,0.01,0.3,0.5,0.0025,1
