,L2,L2_true,N,std,jump,jump_prob,ve,dim
0,5.490691854818263,4.237267560614498,84,0.01,0.3,0.5,0.01,3
