,L2,L2_true,N,std,jump,jump_prob,ve,dim
0,3.66559879977793,1.0949269654277298,13,0.01,0.3,0.5,0.01,1
