,L2,L2_true,N,std,jump,jump_prob,ve,dim
0,1.5668628118410752,1.4264655220696878,3,0.05,0.3,0.5,0.001,1
