,L2,L2_true,N,std,jump,jump_prob,ve,dim
0,3.1115087974560165,1.6571221199361315,61,0.01,0.3,0.5,0.001,1
