,L2,L2_true,N,std,jump,jump_prob,ve,dim
0,3.414245851751951,0.06066912985571747,1389,0.01,0.3,0.5,0.01,1
