,L2,L2_true,N,std,jump,jump_prob,ve,dim
0,2.339119257521688,2.339876655421074,13,0.2,0.3,0.5,0.001,1
