,L2,L2_true,N,std,jump,jump_prob,ve,dim
0,2.608006622919449,0.17857866356905672,2275,0.01,0.3,0.5,0.001,1
