,L2,L2_true,N,std,jump,jump_prob,ve,dim
0,19.58555099560343,19.34910354982964,719,0.01,0.3,0.5,0.001,3
