,L2,L2_true,N,std,jump,jump_prob,ve,dim
0,3.5489096116707013,0.7437885656922135,16,0.01,0.3,0.5,0.01,1
