,L2,L2_true,N,std,jump,jump_prob,ve,dim
0,3.635372101170679,1.037868307804587,10,0.01,0.3,0.5,0.01,1
