,L2,L2_true,N,std,jump,jump_prob,ve,dim
0,12.553574503473124,12.141739899872164,848,0.01,0.3,0.5,0.0025,3
