,L2,L2_true,N,std,jump,jump_prob,ve,dim
0,3.531166926198267,0.8450149208870694,11,0.01,0.3,0.5,0.01,1
