,L2,L2_true,N,std,jump,jump_prob,ve,dim
0,3.4279423136531766,0.39692578208246876,1389,0.01,0.3,0.5,0.01,2
