,L2,L2_true,N,std,jump,jump_prob,ve,dim
0,3.489533413456722,0.7041815681166803,22,0.01,0.3,0.5,0.01,1
