,L2,L2_true,N,std,jump,jump_prob,ve,dim
0,3.8649527642662953,2.342225289832103,11,0.01,0.3,0.5,0.001,1
