,L2,L2_true,N,std,jump,jump_prob,ve,dim
0,4.240658412236848,2.3804718270943512,11,0.01,0.3,0.5,0.01,2
