,L2,L2_true,N,std,jump,jump_prob,ve,dim
0,8.714489060547255,8.209532243175824,163,0.01,0.3,0.5,0.001,2
