,L2,L2_true,N,std,jump,jump_prob,ve,dim
0,0.6122103708492197,0.6123806820443706,372,0.2,0.3,0.5,0.001,1
