,L2,L2_true,N,std,jump,jump_prob,ve,dim
0,3.8025917094044757,1.3930071554558554,3,0.01,0.3,0.5,0.01,3
