,L2,L2_true,N,std,jump,jump_prob,ve,dim
0,7.119990687134478,6.40171853430146,43,0.01,0.3,0.5,0.001,3
