,L2,L2_true,N,std,jump,jump_prob,ve,dim
0,4.7371429153424,3.342871052870502,13,0.01,0.3,0.5,0.0025,2
