,L2,L2_true,N,std,jump,jump_prob,ve,dim
0,4.793021318243204,3.263392954747886,22,0.01,0.3,0.5,0.01,3
