,L2,L2_true,N,std,jump,jump_prob,ve,dim
0,0.45118791800894575,0.37242841885781763,1000,0.05,0.3,0.5,0.001,1
