,L2,L2_true,N,std,jump,jump_prob,ve,dim
0,3.6670140640995745,2.037739369868013,1000,0.01,0.3,0.5,0.0025,2
