,L2,L2_true,N,std,jump,jump_prob,ve,dim
0,0.7697724798374163,0.7703111908746161,268,0.2,0.3,0.5,0.001,1
