,L2,L2_true,N,std,jump,jump_prob,ve,dim
0,6.050295401069635,5.4271072629003685,1000,0.01,0.3,0.5,0.001,2
