,L2,L2_true,N,std,jump,jump_prob,ve,dim
0,3.747430218681215,1.6737597057266043,4,0.01,0.3,0.5,0.0025,1
