,L2,L2_true,N,std,jump,jump_prob,ve,dim
0,17.130755266983005,16.850137649558704,439,0.01,0.3,0.5,0.001,3
