,L2,L2_true,N,std,jump,jump_prob,ve,dim
0,2.115574361748931,2.0418934980218104,10,0.05,0.3,0.5,0.001,1
