,L2,L2_true,N,std,jump,jump_prob,ve,dim
0,1.9041587648035347,1.7978884321720656,4,0.05,0.3,0.5,0.001,1
