,L2,L2_true,N,std,jump,jump_prob,ve,dim
0,2.6382053770612943,2.5779209228770177,8,0.05,0.3,0.5,0.001,1
