,L2,L2_true,N,std,jump,jump_prob,ve,dim
0,3.4181895177883628,0.17387761952360312,439,0.01,0.3,0.5,0.01,1
