,L2,L2_true,N,std,jump,jump_prob,ve,dim
0,4.62886319242684,3.206366211998492,13,0.01,0.3,0.5,0.0025,2
