,L2,L2_true,N,std,jump,jump_prob,ve,dim
0,2.215642265106137,2.1429049751006803,7,0.05,0.3,0.5,0.001,1
