,L2,L2_true,N,std,jump,jump_prob,ve,dim
0,3.6221280155466404,0.7452023601799049,1,0.01,0.3,0.5,0.01,3
