,L2,L2_true,N,std,jump,jump_prob,ve,dim
0,2.22978339835358,2.152260920001816,8,0.05,0.3,0.5,0.001,1
