,L2,L2_true,N,std,jump,jump_prob,ve,dim
0,3.2610362155336987,1.1325230620482303,37,0.01,0.3,0.5,0.0025,1
