,L2,L2_true,N,std,jump,jump_prob,ve,dim
0,5.026332579187375,3.9271631243255247,13,0.01,0.3,0.5,0.001,3
