,L2,L2_true,N,std,jump,jump_prob,ve,dim
0,4.201945635178776,2.885863803649737,517,0.01,0.3,0.5,0.0025,2
