,L2,L2_true,N,std,jump,jump_prob,ve,dim
0,3.138568061751877,0.857315968770198,71,0.01,0.3,0.5,0.0025,1
