,L2,L2_true,N,std,jump,jump_prob,ve,dim
0,2.662831700946526,0.5390363085149471,372,0.01,0.3,0.5,0.001,1
