,L2,L2_true,N,std,jump,jump_prob,ve,dim
0,3.664705905522685,1.2771673790001208,163,0.01,0.3,0.5,0.01,2
