,L2,L2_true,N,std,jump,jump_prob,ve,dim
0,3.0374370311260406,0.10736091529619544,1930,0.01,0.3,0.5,0.0025,1
