,L2,L2_true,N,std,jump,jump_prob,ve,dim
0,3.5910411219603353,1.06376393779768,13,0.01,0.3,0.5,0.01,1
