,L2,L2_true,N,std,jump,jump_prob,ve,dim
0,4.142725594789378,2.32817141839279,719,0.01,0.3,0.5,0.01,3
