,L2,L2_true,N,std,jump,jump_prob,ve,dim
0,3.5314832618389427,0.8661870723195811,16,0.01,0.3,0.5,0.01,1
