,L2,L2_true,N,std,jump,jump_prob,ve,dim
0,2.745878835539608,2.7288256375589155,22,0.05,0.3,0.5,0.001,1
