,L2,L2_true,N,std,jump,jump_prob,ve,dim
0,8.526887482229226,8.003728339978945,163,0.01,0.3,0.5,0.001,2
