,L2,L2_true,N,std,jump,jump_prob,ve,dim
0,4.827351416601491,3.3941905434815167,316,0.01,0.3,0.5,0.01,3
