,L2,L2_true,N,std,jump,jump_prob,ve,dim
0,1.2009807906480372,1.1957966091156118,2,0.2,0.3,0.5,0.001,1
