,L2,L2_true,N,std,jump,jump_prob,ve,dim
0,3.417837565544749,0.05737973350912811,719,0.01,0.3,0.5,0.01,1
