,L2,L2_true,N,std,jump,jump_prob,ve,dim
0,3.0361544161188734,0.12494679998468108,1637,0.01,0.3,0.5,0.0025,1
