,L2,L2_true,N,std,jump,jump_prob,ve,dim
0,3.7560231641457857,1.649853204432155,2,0.01,0.3,0.5,0.0025,3
