,L2,L2_true,N,std,jump,jump_prob,ve,dim
0,7.984006536411851,7.493245423937962,372,0.01,0.3,0.5,0.001,2
