,L2,L2_true,N,std,jump,jump_prob,ve,dim
0,3.6152376874456373,1.3281673383515213,1,0.01,0.3,0.5,0.0025,1
