,L2,L2_true,N,std,jump,jump_prob,ve,dim
0,1.8920472976761373,1.7730867764253602,2,0.05,0.3,0.5,0.001,1
