,L2,L2_true,N,std,jump,jump_prob,ve,dim
0,0.22200213096307042,0.2217473529455042,2682,0.2,0.3,0.5,0.001,1
