,L2,L2_true,N,std,jump,jump_prob,ve,dim
0,2.43437345573107,2.356103944087374,10,0.05,0.3,0.5,0.001,1
