,L2,L2_true,N,std,jump,jump_prob,ve,dim
0,3.6818106401636497,1.4094657671011814,2000,0.01,0.3,0.5,0.01,3
