,L2,L2_true,N,std,jump,jump_prob,ve,dim
0,3.771925827357509,1.75501298917939,7,0.01,0.3,0.5,0.0025,1
