,L2,L2_true,N,std,jump,jump_prob,ve,dim
0,8.90166946584402,8.260844722197819,117,0.01,0.3,0.5,0.0025,3
