,L2,L2_true,N,std,jump,jump_prob,ve,dim
0,23.297197222648872,23.109654225952365,1930,0.01,0.3,0.5,0.001,3
