,L2,L2_true,N,std,jump,jump_prob,ve,dim
0,15.280949105511555,14.96209862154291,316,0.01,0.3,0.5,0.001,3
