,L2,L2_true,N,std,jump,jump_prob,ve,dim
0,2.730421050073112,2.6768526062655416,10,0.05,0.3,0.5,0.001,1
