,L2,L2_true,N,std,jump,jump_prob,ve,dim
0,2.739291620626981,0.7555486972108894,163,0.01,0.3,0.5,0.001,1
