,L2,L2_true,N,std,jump,jump_prob,ve,dim
0,3.570991882386193,0.8912700536133802,13,0.01,0.3,0.5,0.01,1
