,L2,L2_true,N,std,jump,jump_prob,ve,dim
0,6.414949076062092,5.620528797999022,43,0.01,0.3,0.5,0.001,2
