,L2,L2_true,N,std,jump,jump_prob,ve,dim
0,8.473431739854288,7.953848351779949,227,0.01,0.3,0.5,0.001,2
