,L2,L2_true,N,std,jump,jump_prob,ve,dim
0,0.29812483428033,0.2976688466576473,1389,0.2,0.3,0.5,0.001,1
