,L2,L2_true,N,std,jump,jump_prob,ve,dim
0,1.7007528518708133,1.5764011101737032,3,0.05,0.3,0.5,0.001,1
