,L2,L2_true,N,std,jump,jump_prob,ve,dim
0,8.936907898964419,8.301084379620992,100,0.01,0.3,0.5,0.0025,3
