,L2,L2_true,N,std,jump,jump_prob,ve,dim
0,3.3998943832834163,2.0821151477747524,37,0.01,0.3,0.5,0.001,1
