,L2,L2_true,N,std,jump,jump_prob,ve,dim
0,3.8868674488371657,1.6308860047237648,4,0.01,0.3,0.5,0.01,3
