,L2,L2_true,N,std,jump,jump_prob,ve,dim
0,3.5016374363379357,0.7291593872335859,22,0.01,0.3,0.5,0.01,1
