,L2,L2_true,N,std,jump,jump_prob,ve,dim
0,5.308120418520048,4.037394489182587,193,0.01,0.3,0.5,0.01,3
