,L2,L2_true,N,std,jump,jump_prob,ve,dim
0,4.862375288219411,3.518732042394927,19,0.01,0.3,0.5,0.0025,2
