,L2,L2_true,N,std,jump,jump_prob,ve,dim
0,3.6574317936189344,0.9885042466334709,5,0.01,0.3,0.5,0.01,1
