,L2,L2_true,N,std,jump,jump_prob,ve,dim
0,3.0358390182100674,0.24189906537763617,719,0.01,0.3,0.5,0.0025,1
