,L2,L2_true,N,std,jump,jump_prob,ve,dim
0,17.380070925788882,17.107076034730298,439,0.01,0.3,0.5,0.001,3
