,L2,L2_true,N,std,jump,jump_prob,ve,dim
0,8.675872984029416,8.160277414800603,193,0.01,0.3,0.5,0.001,2
