,L2,L2_true,N,std,jump,jump_prob,ve,dim
0,2.6441647411742646,0.34880289050942975,517,0.01,0.3,0.5,0.001,1
