,L2,L2_true,N,std,jump,jump_prob,ve,dim
0,1.506828488488323,1.5073184769528354,84,0.2,0.3,0.5,0.001,1
