,L2,L2_true,N,std,jump,jump_prob,ve,dim
0,3.805329802657348,1.633566117925163,71,0.01,0.3,0.5,0.01,2
