,L2,L2_true,N,std,jump,jump_prob,ve,dim
0,3.0510663621043865,0.27203143363891635,439,0.01,0.3,0.5,0.0025,1
