,L2,L2_true,N,std,jump,jump_prob,ve,dim
0,5.105982793491455,3.8579207539721945,19,0.01,0.3,0.5,0.0025,2
