,L2,L2_true,N,std,jump,jump_prob,ve,dim
0,5.644036634094359,4.702738916343194,26,0.01,0.3,0.5,0.001,2
