,L2,L2_true,N,std,jump,jump_prob,ve,dim
0,2.0752671924536656,1.988913280013803,7,0.05,0.3,0.5,0.001,1
