,L2,L2_true,N,std,jump,jump_prob,ve,dim
0,3.626762358537808,0.7445620545271137,1,0.01,0.3,0.5,0.01,1
