,L2,L2_true,N,std,jump,jump_prob,ve,dim
0,3.413092289603007,0.2928130763870471,2275,0.01,0.3,0.5,0.01,2
