,L2,L2_true,N,std,jump,jump_prob,ve,dim
0,3.067528808792972,0.5288168718776212,100,0.01,0.3,0.5,0.0025,1
