,L2,L2_true,N,std,jump,jump_prob,ve,dim
0,2.261689557307035,2.2297043232892606,11,0.05,0.3,0.5,0.001,1
