,L2,L2_true,N,std,jump,jump_prob,ve,dim
0,3.793080128860909,1.3642440183869406,3,0.01,0.3,0.5,0.01,2
