,L2,L2_true,N,std,jump,jump_prob,ve,dim
0,3.5594119221451566,1.8558143374075495,1178,0.01,0.3,0.5,0.0025,2
