,L2,L2_true,N,std,jump,jump_prob,ve,dim
0,13.55489785575463,13.204028076299771,227,0.01,0.3,0.5,0.001,3
