,L2,L2_true,N,std,jump,jump_prob,ve,dim
0,11.166694805357956,10.679617916256841,227,0.01,0.3,0.5,0.0025,3
