,L2,L2_true,N,std,jump,jump_prob,ve,dim
0,3.3432062444334387,1.3968091882758014,2000,0.01,0.3,0.5,0.0025,2
