,L2,L2_true,N,std,jump,jump_prob,ve,dim
0,3.625139119614735,1.8120754665427958,2,0.01,0.3,0.5,0.001,1
