,L2,L2_true,N,std,jump,jump_prob,ve,dim
0,4.214548591354869,2.334898080981764,13,0.01,0.3,0.5,0.01,2
