,L2,L2_true,N,std,jump,jump_prob,ve,dim
0,3.2942547997108607,3.268490202643234,16,0.05,0.3,0.5,0.001,1
