,L2,L2_true,N,std,jump,jump_prob,ve,dim
0,4.066160663990778,2.005494578620449,6,0.01,0.3,0.5,0.01,3
