,L2,L2_true,N,std,jump,jump_prob,ve,dim
0,1.9531852160417804,1.8504896160112612,4,0.05,0.3,0.5,0.001,1
