,L2,L2_true,N,std,jump,jump_prob,ve,dim
0,3.898860334652746,1.883743194727249,1178,0.01,0.3,0.5,0.01,3
