,L2,L2_true,N,std,jump,jump_prob,ve,dim
0,3.4955964220291844,0.7789074156401806,372,0.01,0.3,0.5,0.01,2
