,L2,L2_true,N,std,jump,jump_prob,ve,dim
0,3.0499337568312734,0.3089194189212813,268,0.01,0.3,0.5,0.0025,1
