,L2,L2_true,N,std,jump,jump_prob,ve,dim
0,3.4471876707153117,0.39483035130712624,61,0.01,0.3,0.5,0.01,1
