,L2,L2_true,N,std,jump,jump_prob,ve,dim
0,4.831967348290804,3.317887357276183,19,0.01,0.3,0.5,0.01,3
