,L2,L2_true,N,std,jump,jump_prob,ve,dim
0,4.653239964626083,3.213786150665064,11,0.01,0.3,0.5,0.0025,3
