,L2,L2_true,N,std,jump,jump_prob,ve,dim
0,0.8512673944777164,0.8438588789416175,193,0.05,0.3,0.5,0.001,1
