,L2,L2_true,N,std,jump,jump_prob,ve,dim
0,25.337121137862493,25.19083425354466,3000,0.01,0.3,0.5,0.001,3
