,L2,L2_true,N,std,jump,jump_prob,ve,dim
0,8.774129033741673,8.239691522907368,117,0.01,0.3,0.5,0.001,2
