,L2,L2_true,N,std,jump,jump_prob,ve,dim
0,8.648614997080793,8.135214497658364,163,0.01,0.3,0.5,0.001,2
