,L2,L2_true,N,std,jump,jump_prob,ve,dim
0,3.9849321146047374,2.450345139747131,4,0.01,0.3,0.5,0.001,2
