,L2,L2_true,N,std,jump,jump_prob,ve,dim
0,4.567279931204531,2.8948051969012463,13,0.01,0.3,0.5,0.01,3
