,L2,L2_true,N,std,jump,jump_prob,ve,dim
0,1.8709736175106237,1.8694743198210733,43,0.2,0.3,0.5,0.001,1
