,L2,L2_true,N,std,jump,jump_prob,ve,dim
0,3.886042182341911,1.8381941749317825,1178,0.01,0.3,0.5,0.01,3
