,L2,L2_true,N,std,jump,jump_prob,ve,dim
0,3.577537000368271,1.8115818339970022,26,0.01,0.3,0.5,0.0025,1
