,L2,L2_true,N,std,jump,jump_prob,ve,dim
0,3.0875253163036653,0.4938080943410602,100,0.01,0.3,0.5,0.0025,1
