,L2,L2_true,N,std,jump,jump_prob,ve,dim
0,12.664759176189255,12.281284684869574,193,0.01,0.3,0.5,0.001,3
