,L2,L2_true,N,std,jump,jump_prob,ve,dim
0,10.132288897216474,9.577014779059295,163,0.01,0.3,0.5,0.0025,3
