,L2,L2_true,N,std,jump,jump_prob,ve,dim
0,0.45450641459104596,0.3898352554968275,848,0.05,0.3,0.5,0.001,1
