,L2,L2_true,N,std,jump,jump_prob,ve,dim
0,5.430656841108256,4.261624906136985,22,0.01,0.3,0.5,0.0025,3
