,L2,L2_true,N,std,jump,jump_prob,ve,dim
0,2.242410062649567,2.2430335515713566,6,0.2,0.3,0.5,0.001,1
