,L2,L2_true,N,std,jump,jump_prob,ve,dim
0,2.2239182245436893,2.2227912040350453,11,0.2,0.3,0.5,0.001,1
