,L2,L2_true,N,std,jump,jump_prob,ve,dim
0,2.824977367595744,2.8250691861161736,22,0.2,0.3,0.5,0.001,1
