,L2,L2_true,N,std,jump,jump_prob,ve,dim
0,1.2356683843723961,1.235142037997728,117,0.2,0.3,0.5,0.001,1
