,L2,L2_true,N,std,jump,jump_prob,ve,dim
0,3.9056817234937893,2.3537323485182795,5,0.01,0.3,0.5,0.001,1
