,L2,L2_true,N,std,jump,jump_prob,ve,dim
0,3.805214923185191,1.8148210455741116,3,0.01,0.3,0.5,0.0025,2
