,L2,L2_true,N,std,jump,jump_prob,ve,dim
0,10.950775744449835,10.453170648998526,227,0.01,0.3,0.5,0.0025,3
