,L2,L2_true,N,std,jump,jump_prob,ve,dim
0,2.119372945076466,2.0238478378799134,6,0.05,0.3,0.5,0.001,1
