,L2,L2_true,N,std,jump,jump_prob,ve,dim
0,3.748134814697041,2.0425545690802793,2,0.01,0.3,0.5,0.001,3
