,L2,L2_true,N,std,jump,jump_prob,ve,dim
0,3.9060380760622073,1.8672375587032588,1178,0.01,0.3,0.5,0.01,3
