,L2,L2_true,N,std,jump,jump_prob,ve,dim
0,4.151184207222544,2.4411037442384402,6,0.01,0.3,0.5,0.0025,3
