,L2,L2_true,N,std,jump,jump_prob,ve,dim
0,2.362744866203347,2.328750725988816,11,0.05,0.3,0.5,0.001,1
