,L2,L2_true,N,std,jump,jump_prob,ve,dim
0,11.784955752448145,11.36719173048115,163,0.01,0.3,0.5,0.001,3
