,L2,L2_true,N,std,jump,jump_prob,ve,dim
0,3.9324815950706364,1.9084304520219166,84,0.01,0.3,0.5,0.01,2
