,L2,L2_true,N,std,jump,jump_prob,ve,dim
0,3.776560956910703,2.0329012421495265,10,0.01,0.3,0.5,0.0025,1
