,L2,L2_true,N,std,jump,jump_prob,ve,dim
0,4.044324783674407,2.1448623507610414,61,0.01,0.3,0.5,0.01,2
