,L2,L2_true,N,std,jump,jump_prob,ve,dim
0,3.4137226025190306,0.2722091208518165,84,0.01,0.3,0.5,0.01,1
