,L2,L2_true,N,std,jump,jump_prob,ve,dim
0,10.645389463911705,10.123609643697948,193,0.01,0.3,0.5,0.0025,3
