,L2,L2_true,N,std,jump,jump_prob,ve,dim
0,2.7891733461115846,1.0191922714061235,138,0.01,0.3,0.5,0.001,1
