,L2,L2_true,N,std,jump,jump_prob,ve,dim
0,4.454469808755635,3.392657633407112,19,0.01,0.3,0.5,0.001,1
