,L2,L2_true,N,std,jump,jump_prob,ve,dim
0,5.869980284567372,4.880343896213691,51,0.01,0.3,0.5,0.0025,2
