,L2,L2_true,N,std,jump,jump_prob,ve,dim
0,3.418701878471433,0.0580296986747267,2275,0.01,0.3,0.5,0.01,1
