,L2,L2_true,N,std,jump,jump_prob,ve,dim
0,5.392189768893146,4.255306389277178,26,0.01,0.3,0.5,0.0025,2
