,L2,L2_true,N,std,jump,jump_prob,ve,dim
0,4.98203670863741,3.6082222187533226,268,0.01,0.3,0.5,0.01,3
