,L2,L2_true,N,std,jump,jump_prob,ve,dim
0,3.756529142658734,1.2136709783945,2,0.01,0.3,0.5,0.01,3
