,L2,L2_true,N,std,jump,jump_prob,ve,dim
0,7.9890065514847315,7.394479159750945,100,0.01,0.3,0.5,0.001,2
