,L2,L2_true,N,std,jump,jump_prob,ve,dim
0,4.056479517051142,2.181060338298605,848,0.01,0.3,0.5,0.01,3
