,L2,L2_true,N,std,jump,jump_prob,ve,dim
0,8.257928276089224,7.700265011431156,117,0.01,0.3,0.5,0.001,2
