,L2,L2_true,N,std,jump,jump_prob,ve,dim
0,3.4992018461204784,0.6613130154056264,19,0.01,0.3,0.5,0.01,1
