,L2,L2_true,N,std,jump,jump_prob,ve,dim
0,10.434153016887283,9.963763235882267,117,0.01,0.3,0.5,0.001,3
