,L2,L2_true,N,std,jump,jump_prob,ve,dim
0,3.587958908425312,1.0679330636151454,227,0.01,0.3,0.5,0.01,2
