,L2,L2_true,N,std,jump,jump_prob,ve,dim
0,5.287145927373388,4.008048424303587,227,0.01,0.3,0.5,0.01,3
