,L2,L2_true,N,std,jump,jump_prob,ve,dim
0,5.4599696170603025,4.1952018656006675,71,0.01,0.3,0.5,0.01,3
