,L2,L2_true,N,std,jump,jump_prob,ve,dim
0,3.9166575767016054,2.344668084665895,4,0.01,0.3,0.5,0.001,2
