,L2,L2_true,N,std,jump,jump_prob,ve,dim
0,5.586273263645817,4.629843173285793,22,0.01,0.3,0.5,0.001,2
