,L2,L2_true,N,std,jump,jump_prob,ve,dim
0,3.6247176250804825,0.7447799962911635,1,0.01,0.3,0.5,0.01,2
