,L2,L2_true,N,std,jump,jump_prob,ve,dim
0,3.6076365911876147,1.3282004888737824,1,0.01,0.3,0.5,0.0025,2
