,L2,L2_true,N,std,jump,jump_prob,ve,dim
0,12.037817076085236,11.589410882874807,316,0.01,0.3,0.5,0.0025,3
