,L2,L2_true,N,std,jump,jump_prob,ve,dim
0,3.4232957353824918,0.31056844375917864,2275,0.01,0.3,0.5,0.01,2
