,L2,L2_true,N,std,jump,jump_prob,ve,dim
0,8.020651058494833,7.414355737295143,84,0.01,0.3,0.5,0.001,2
