,L2,L2_true,N,std,jump,jump_prob,ve,dim
0,6.053391555980224,5.131550318844093,100,0.01,0.3,0.5,0.0025,2
