,L2,L2_true,N,std,jump,jump_prob,ve,dim
0,3.727449050253366,1.469586343275646,117,0.01,0.3,0.5,0.01,2
