,L2,L2_true,N,std,jump,jump_prob,ve,dim
0,3.619466447834475,1.1953424952999832,163,0.01,0.3,0.5,0.01,2
