,L2,L2_true,N,std,jump,jump_prob,ve,dim
0,4.175089648018792,2.226063135956672,8,0.01,0.3,0.5,0.01,3
