,L2,L2_true,N,std,jump,jump_prob,ve,dim
0,4.974603269342098,3.6942818709479486,19,0.01,0.3,0.5,0.0025,2
