,L2,L2_true,N,std,jump,jump_prob,ve,dim
0,6.7102591793489985,6.1539943095701615,719,0.01,0.3,0.5,0.001,2
