,L2,L2_true,N,std,jump,jump_prob,ve,dim
0,3.813763738835665,1.4221367409132788,3,0.01,0.3,0.5,0.01,3
