,L2,L2_true,N,std,jump,jump_prob,ve,dim
0,12.809977281068337,12.411082337277897,610,0.01,0.3,0.5,0.0025,3
