,L2,L2_true,N,std,jump,jump_prob,ve,dim
0,4.135435035981224,2.1535847038481926,7,0.01,0.3,0.5,0.01,3
