,L2,L2_true,N,std,jump,jump_prob,ve,dim
0,9.890254714585593,9.401566277679608,3000,0.01,0.3,0.5,0.0025,3
