,L2,L2_true,N,std,jump,jump_prob,ve,dim
0,1.9359700685706593,1.830951804397524,4,0.05,0.3,0.5,0.001,1
