,L2,L2_true,N,std,jump,jump_prob,ve,dim
0,2.782422625545508,2.7828369756599054,37,0.2,0.3,0.5,0.001,1
