,L2,L2_true,N,std,jump,jump_prob,ve,dim
0,1.6251616318976636,1.4889223885681888,3,0.05,0.3,0.5,0.001,1
